mol_id,smiles,value,smiles_random,smiles_blind,value_blind
C#CC(=O)N1CCN(Cc2cccc(Cl)c2)[C@H]2CS(=O)(=O)C[C@H]21,C#CC(=O)N1CCN(Cc2cccc(Cl)c2)[C@H]2CS(=O)(=O)C[C@H]21,5.32,S1(=O)(=O)C[C@H]2N(C(=O)C#C)CCN(Cc3cccc(Cl)c3)[C@H]2C1,A^AA{~B}DrAAD{Aasaaaa{Z}as}{A*Q}sAE{~B}{~B}A{A*Q}sr,72.09302325581395
C#CC1(C)CCN(C(=O)Cc2cncc3ccccc23)CC1,C#CC1(C)CCN(C(=O)Cc2cncc3ccccc23)CC1,5.33,C(C1(C)CCN(C(=O)Cc2cncc3ccccc23)CC1)#C,A^AAr{A}AAD{A{~B}Aasadaataaaaast}AAr,71.8816067653277
C#Cc1ccc([C@H]2CCCCN2C(=O)Cc2cncc3ccccc23)cc1,C#Cc1ccc([C@H]2CCCCN2C(=O)Cc2cncc3ccccc23)cc1,4.85,C(C(N1[C@@H](c2ccc(C#C)cc2)CCCC1)=O)c1cncc2ccccc12,A^Aaraaa{{A*Q}sAAAADsA{~B}Aasadaataaaaast}aar,82.02959830866808
C#Cc1ccc2c(c1)[C@@H](C(=O)Nc1cncc3ccccc13)CN(C)C2=O,C#Cc1ccc2c(c1)[C@@H](C(=O)Nc1cncc3ccccc13)CN(C)C2=O,4.66,c1c2c(NC([C@@H]3c4cc(C#C)ccc4C(=O)N(C)C3)=O)cncc2ccc1,A^Aaraaasa{ar}{A**Q}{A{~B}Daradaataaaaart}AD{A}As~B,86.04651162790697
C=C(C(=O)Nc1ccccc1)[C@H]1C[C@]2(CN(CC(=O)NC)C(=O)c3ccc(Cl)cc32)C(=O)N1c1cncc2ccccc12,C=C(C(=O)Nc1ccccc1)[C@H]1C[C@]2(CN(CC(=O)NC)C(=O)c3ccc(Cl)cc32)C(=O)N1c1cncc2ccccc12,5.59,c1c2c(ccc1Cl)C(=O)N(CC(=O)NC)C[C@@]21C(=O)N(c2cncc3ccccc32)[C@@H](C(=C)C(Nc2ccccc2)=O)C1,A~A{A{~B}Daraaaaar}{A*Q}rA{A*}s{AD{AA{~B}DA}A{~B}ataaa{Z}aats}A{~B}Draradaasaaaaars,66.38477801268499
C=C(C(=O)O)[C@H]1C[C@]2(CN(CC(=O)OC(C)(C)C)C(=O)c3ccc(Cl)cc32)C(=O)N1c1cncc2ccccc12,C=C(C(=O)O)[C@H]1C[C@]2(CN(CC(=O)OC(C)(C)C)C(=O)c3ccc(Cl)cc32)C(=O)N1c1cncc2ccccc12,5.53,c1(N2C(=O)[C@@]3(C[C@@H]2C(C(=O)O)=C)c2cc(Cl)ccc2C(=O)N(CC(=O)OC(C)(C)C)C3)c2ccccc2cnc1,A~A{A{~B}B}{A*Q}rA{A*}s{AD{AA{~B}BA{A}{A}A}A{~B}ataaa{Z}aats}A{~B}Draradaasaaaaars,67.65327695560254
C=C(C(=O)OC)[C@H]1C[C@]2(CN(CC(=O)OC(C)(C)C)C(=O)c3ccc(Cl)cc32)C(=O)N1c1cncc2ccccc12,C=C(C(=O)OC)[C@H]1C[C@]2(CN(CC(=O)OC(C)(C)C)C(=O)c3ccc(Cl)cc32)C(=O)N1c1cncc2ccccc12,6.17,c1cc2c(cc1Cl)[C@]1(C(=O)N(c3c4ccccc4cnc3)[C@@H](C(C(=O)OC)=C)C1)CN(CC(OC(C)(C)C)=O)C2=O,A~A{A{~B}BA}{A*Q}rA{A*}s{AD{AA{~B}BA{A}{A}A}A{~B}ataaa{Z}aats}A{~B}Draradaasaaaaars,54.12262156448204
C=C(CN(C(=O)C1CCOc2ccc(Cl)cc21)c1cncc2ccccc12)C(=O)Nc1ccccc1,C=C(CN(C(=O)C1CCOc2ccc(Cl)cc21)c1cncc2ccccc12)C(=O)Nc1ccccc1,6.45,C=C(C(=O)Nc1ccccc1)CN(C(C1CCOc2c1cc(Cl)cc2)=O)c1cncc2ccccc12,A~A{AD{A{~B}ArAABasaaa{Z}aasr}aradaasaaaaars}A{~B}Daraaaaar,48.20295983086681
C=C(CN(C(=O)C1CCOc2ccc(Cl)cc21)c1cncc2ccccc12)C(N)=O,C=C(CN(C(=O)C1CCOc2ccc(Cl)cc21)c1cncc2ccccc12)C(N)=O,5.56,c1c(Cl)ccc2c1C(C(N(c1cncc3ccccc31)CC(C(N)=O)=C)=O)CCO2,A~A{AD{A{~B}ArAABasaaa{Z}aasr}aradaasaaaaars}A{D}~B,67.01902748414376
C=C(CN(C(=O)Nc1cncc2ccccc12)c1cccc(Cl)c1)C(=O)NCC,C=C(CN(C(=O)Nc1cncc2ccccc12)c1cccc(Cl)c1)C(=O)NCC,5.77,c1cccc2c1c(NC(N(CC(C(=O)NCC)=C)c1cc(Cl)ccc1)=O)cnc2,A~A{AD{A{~B}Daradaasaaaaars}araaaa{Z}ar}A{~B}DAA,62.579281183932366
C=C(CN(C(=O)Nc1cncc2ccccc12)c1cccc(Cl)c1)C(=O)O,C=C(CN(C(=O)Nc1cncc2ccccc12)c1cccc(Cl)c1)C(=O)O,5.49,c1(NC(=O)N(c2cccc(Cl)c2)CC(=C)C(=O)O)c2ccccc2cnc1,A~A{AD{A{~B}Daradaasaaaaars}araaaa{Z}ar}A{~B}B,68.49894291754757
C=C(CN(C(=O)Nc1cncc2ccccc12)c1cccc(Cl)c1)C(N)=O,C=C(CN(C(=O)Nc1cncc2ccccc12)c1cccc(Cl)c1)C(N)=O,5.19,C=C(CN(C(=O)Nc1cncc2ccccc21)c1cccc(Cl)c1)C(=O)N,A~A{AD{A{~B}Daradaasaaaaars}araaaa{Z}ar}A{D}~B,74.8414376321353
C=C(CN(C(=O)[C@H]1CCOc2ccc(Cl)cc21)c1cncc2ccccc12)C(=O)N(C)c1ccccc1,C=C(CN(C(=O)[C@H]1CCOc2ccc(Cl)cc21)c1cncc2ccccc12)C(=O)N(C)c1ccccc1,5.55,c1ccccc1N(C(C(CN(C(=O)[C@H]1CCOc2ccc(Cl)cc21)c1c2c(cccc2)cnc1)=C)=O)C,A~A{AD{A{~B}{A*Q}rAABasaaa{Z}aasr}aradaasaaaaars}A{~B}D{A}araaaaar,67.23044397463002
C=C(CN(C(=O)[C@H]1CCOc2ccc(Cl)cc21)c1cncc2ccccc12)C(=O)NCc1ccccc1,C=C(CN(C(=O)[C@H]1CCOc2ccc(Cl)cc21)c1cncc2ccccc12)C(=O)NCc1ccccc1,5.24,C(C(=C)CN(c1cncc2ccccc12)C([C@@H]1c2c(ccc(Cl)c2)OCC1)=O)(NCc1ccccc1)=O,A~A{AD{A{~B}{A*Q}rAABasaaa{Z}aasr}aradaasaaaaars}A{~B}DAaraaaaar,73.78435517970401
C=C(CN(C(=O)[C@H]1CCOc2ccc(Cl)cc21)c1cncc2ccccc12)C(=O)Nc1ccc(Cl)cc1,C=C(CN(C(=O)[C@H]1CCOc2ccc(Cl)cc21)c1cncc2ccccc12)C(=O)Nc1ccc(Cl)cc1,5.18,c1cccc2c(N(CC(C(Nc3ccc(Cl)cc3)=O)=C)C(=O)[C@H]3CCOc4ccc(Cl)cc43)cncc12,A~A{AD{A{~B}{A*Q}rAABasaaa{Z}aasr}aradaasaaaaars}A{~B}Daraaa{Z}aar,75.05285412262157
C=C(CN(C(=O)[C@H]1CN(CC(=O)NC)C(=O)c2ccc(Cl)cc21)c1cncc2ccccc12)C(=O)NCc1ccc(OC)cc1Cl,C=C(CN(C(=O)[C@H]1CN(CC(=O)NC)C(=O)c2ccc(Cl)cc21)c1cncc2ccccc12)C(=O)NCc1ccc(OC)cc1Cl,7.64,[C@@H]1(C(=O)N(c2c3c(cnc2)cccc3)CC(=C)C(=O)NCc2c(Cl)cc(OC)cc2)c2c(ccc(Cl)c2)C(=O)N(CC(=O)NC)C1,A~A{AD{A{~B}{A*Q}rAD{AA{~B}DA}A{~B}asaaa{Z}aasr}aradaasaaaaars}A{~B}DAaraaa{BA}aarZ,23.044397463002127
C=C(CN(C(=O)[C@H]1CN(CC(=O)NC)C(=O)c2ccc(Cl)cc21)c1cncc2ccccc12)C(=O)Nc1ccc(-n2cccn2)cc1,C=C(CN(C(=O)[C@H]1CN(CC(=O)NC)C(=O)c2ccc(Cl)cc21)c1cncc2ccccc12)C(=O)Nc1ccc(-n2cccn2)cc1,5.93,N(C([C@@H]1c2c(ccc(Cl)c2)C(=O)N(CC(=O)NC)C1)=O)(c1c2c(cccc2)cnc1)CC(C(=O)Nc1ccc(-n2nccc2)cc1)=C,A~A{AD{A{~B}{A*Q}rAD{AA{~B}DA}A{~B}asaaa{Z}aasr}aradaasaaaaars}A{~B}Daraaa{_dsaaads}aar,59.19661733615223
C=C(CN(C(=O)[C@H]1CN(CC(=O)NC)C(=O)c2ccc(Cl)cc21)c1cncc2ccccc12)C(=O)O,C=C(CN(C(=O)[C@H]1CN(CC(=O)NC)C(=O)c2ccc(Cl)cc21)c1cncc2ccccc12)C(=O)O,5.46,N(C([C@@H]1c2c(ccc(Cl)c2)C(=O)N(CC(NC)=O)C1)=O)(c1c2ccccc2cnc1)CC(C(=O)O)=C,A~A{AD{A{~B}{A*Q}rAD{AA{~B}DA}A{~B}asaaa{Z}aasr}aradaasaaaaars}A{~B}B,69.13319238900635
C=C(CN(C(=O)[C@H]1CN(CC(=O)NC)Cc2ccc(Cl)cc21)c1cncc2ccccc12)C(=O)N1CCCCC1,C=C(CN(C(=O)[C@H]1CN(CC(=O)NC)Cc2ccc(Cl)cc21)c1cncc2ccccc12)C(=O)N1CCCCC1,4.99,c1(Cl)ccc2c(c1)[C@@H](C(N(CC(C(N1CCCCC1)=O)=C)c1c3c(cnc1)cccc3)=O)CN(CC(NC)=O)C2,A~A{AD{A{~B}{A*Q}rAD{AA{~B}DA}Aasaaa{Z}aasr}aradaasaaaaars}A{~B}DrAAAAAr,79.06976744186046
C=C(CN(C(=O)[C@H]1CN(CC(=O)NC)Cc2ccc(Cl)cc21)c1cncc2ccccc12)C(=O)N1CCOCC1,C=C(CN(C(=O)[C@H]1CN(CC(=O)NC)Cc2ccc(Cl)cc21)c1cncc2ccccc12)C(=O)N1CCOCC1,5.25,N(C(=O)CN1C[C@H](C(=O)N(c2c3ccccc3cnc2)CC(=C)C(=O)N2CCOCC2)c2cc(Cl)ccc2C1)C,A~A{AD{A{~B}{A*Q}rAD{AA{~B}DA}Aasaaa{Z}aasr}aradaasaaaaars}A{~B}DrAABAAr,73.57293868921776
C=C(CN(C(=O)[C@H]1CN(CC(=O)NC)Cc2ccc(Cl)cc21)c1cncc2ccccc12)C(=O)NC,C=C(CN(C(=O)[C@H]1CN(CC(=O)NC)Cc2ccc(Cl)cc21)c1cncc2ccccc12)C(=O)NC,6.72,c1c2c(ccc1Cl)CN(CC(=O)NC)C[C@@H]2C(=O)N(CC(=C)C(NC)=O)c1cncc2ccccc21,A~A{AD{A{~B}{A*Q}rAD{AA{~B}DA}Aasaaa{Z}aasr}aradaasaaaaars}A{~B}DA,42.49471458773785
C=C(CN(C(=O)[C@H]1CN(CC(=O)NC)Cc2ccc(Cl)cc21)c1cncc2ccccc12)C(=O)NCc1ccc(Br)cc1C,C=C(CN(C(=O)[C@H]1CN(CC(=O)NC)Cc2ccc(Cl)cc21)c1cncc2ccccc12)C(=O)NCc1ccc(Br)cc1C,6.84,c1(N(C([C@H]2CN(CC(NC)=O)Cc3ccc(Cl)cc32)=O)CC(C(=O)NCc2ccc(Br)cc2C)=C)c2c(cnc1)cccc2,A~A{AD{A{~B}{A*Q}rAD{AA{~B}DA}Aasaaa{Z}aasr}aradaasaaaaars}A{~B}DAaraaa{Y}aarA,39.957716701902754
C=C(CN(C(=O)[C@H]1CN(CC(=O)NC)Cc2ccc(Cl)cc21)c1cncc2ccccc12)C(=O)NCc1ccc(OC)cc1Cl,C=C(CN(C(=O)[C@H]1CN(CC(=O)NC)Cc2ccc(Cl)cc21)c1cncc2ccccc12)C(=O)NCc1ccc(OC)cc1Cl,7.695,c1cc(OC)cc(Cl)c1CNC(C(CN(C(=O)[C@@H]1c2c(ccc(Cl)c2)CN(CC(=O)NC)C1)c1cncc2ccccc21)=C)=O,A~A{AD{A{~B}{A*Q}rAD{AA{~B}DA}Aasaaa{Z}aasr}aradaasaaaaars}A{~B}DAaraaa{BA}aarZ,21.881606765327696
C=C(CN(C(=O)[C@H]1CN(CC(=O)NC)Cc2ccc(Cl)cc21)c1cncc2ccccc12)C(=O)Nc1ccc(-n2cccn2)cc1,C=C(CN(C(=O)[C@H]1CN(CC(=O)NC)Cc2ccc(Cl)cc21)c1cncc2ccccc12)C(=O)Nc1ccc(-n2cccn2)cc1,5.55,c1cc(NC(C(CN(c2cncc3ccccc23)C([C@H]2CN(CC(NC)=O)Cc3ccc(Cl)cc32)=O)=C)=O)ccc1-n1cccn1,A~A{AD{A{~B}{A*Q}rAD{AA{~B}DA}Aasaaa{Z}aasr}aradaasaaaaars}A{~B}Daraaa{_dsaaads}aar,67.23044397463002
C=C(CN(C(=O)[C@H]1CN(CC(=O)NC)Cc2ccc(Cl)cc21)c1cncc2ccccc12)C(=O)Nc1ccc(C(F)(F)F)cn1,C=C(CN(C(=O)[C@H]1CN(CC(=O)NC)Cc2ccc(Cl)cc21)c1cncc2ccccc12)C(=O)Nc1ccc(C(F)(F)F)cn1,6.53,c1cc2c(N(C([C@@H]3c4cc(Cl)ccc4CN(CC(NC)=O)C3)=O)CC(=C)C(=O)Nc3ncc(C(F)(F)F)cc3)cncc2cc1,A~A{AD{A{~B}{A*Q}rAD{AA{~B}DA}Aasaaa{Z}aasr}aradaasaaaaars}A{~B}Daraaa{A{G}{G}G}adr,46.51162790697675
C=C(CN(C(=O)[C@H]1CN(CC(=O)NC)Cc2ccc(Cl)cc21)c1cncc2ccccc12)C(=O)Nc1ccccc1,C=C(CN(C(=O)[C@H]1CN(CC(=O)NC)Cc2ccc(Cl)cc21)c1cncc2ccccc12)C(=O)Nc1ccccc1,7.1,C(C(=O)NC)N1Cc2c(cc(Cl)cc2)[C@@H](C(=O)N(c2c3ccccc3cnc2)CC(C(Nc2ccccc2)=O)=C)C1,A~A{AD{A{~B}{A*Q}rAD{AA{~B}DA}Aasaaa{Z}aasr}aradaasaaaaars}A{~B}Daraaaaar,34.460887949260055
C=C(CN(C(=O)[C@H]1CN(CC(=O)NC)Cc2ccc(Cl)cc21)c1cncc2ccccc12)C(=O)O,C=C(CN(C(=O)[C@H]1CN(CC(=O)NC)Cc2ccc(Cl)cc21)c1cncc2ccccc12)C(=O)O,4.88,C(C(=C)CN(c1c2c(cnc1)cccc2)C([C@@H]1c2cc(Cl)ccc2CN(CC(NC)=O)C1)=O)(O)=O,A~A{AD{A{~B}{A*Q}rAD{AA{~B}DA}Aasaaa{Z}aasr}aradaasaaaaars}A{~B}B,81.39534883720931
C=C(CN(C)c1cccc(N(Cc2cccc(Cl)c2)C(=O)Cc2cncc3ccccc23)c1)C(=O)Nc1ccccc1,C=C(CN(C)c1cccc(N(Cc2cccc(Cl)c2)C(=O)Cc2cncc3ccccc23)c1)C(=O)Nc1ccccc1,4.46,c1cc(NC(=O)C(CN(c2cccc(N(C(Cc3c4ccccc4cnc3)=O)Cc3cc(Cl)ccc3)c2)C)=C)ccc1,A~A{AD{A}araaaa{D{Aasaaaa{Z}as}A{~B}Aasadaataaaaast}ar}A{~B}Daraaaaar,90.27484143763213
C=C(CN1CCc2ccc(Cl)cc2C1C(=O)Nc1cncc2ccccc12)C(=O)O,C=C(CN1CCc2ccc(Cl)cc2C1C(=O)Nc1cncc2ccccc12)C(=O)O,5.62,c1c2cncc(NC(C3c4c(ccc(Cl)c4)CCN3CC(=C)C(=O)O)=O)c2ccc1,A~A{ADrAAasaaa{Z}aasArA{~B}Daradaasaaaaars}A{~B}B,65.75052854122622
C=C(CN1CCc2ccc(Cl)cc2C1C(=O)Nc1cncc2ccccc12)C(=O)OC,C=C(CN1CCc2ccc(Cl)cc2C1C(=O)Nc1cncc2ccccc12)C(=O)OC,6.11,C(Nc1c2ccccc2cnc1)(C1N(CC(=C)C(OC)=O)CCc2ccc(Cl)cc21)=O,A~A{ADrAAasaaa{Z}aasArA{~B}Daradaasaaaaars}A{~B}BA,55.39112050739957
C=C(CN1CCc2ccc(Cl)cc2C1C(=O)Nc1cncc2ccccc12)C(N)=O,C=C(CN1CCc2ccc(Cl)cc2C1C(=O)Nc1cncc2ccccc12)C(N)=O,5.29,c1(Cl)ccc2c(c1)C(C(=O)Nc1cncc3ccccc31)N(CC(=C)C(N)=O)CC2,A~A{ADrAAasaaa{Z}aasArA{~B}Daradaasaaaaars}A{D}~B,72.72727272727273
C=C(CNc1cccc(N(Cc2cccc(Cl)c2)C(=O)Cc2cncc3ccccc23)c1)C(=O)Nc1ccccc1,C=C(CNc1cccc(N(Cc2cccc(Cl)c2)C(=O)Cc2cncc3ccccc23)c1)C(=O)Nc1ccccc1,4.99,N(C(=O)C(CNc1cccc(N(Cc2cc(Cl)ccc2)C(Cc2cncc3c2cccc3)=O)c1)=C)c1ccccc1,A~A{ADaraaaa{D{Aasaaaa{Z}as}A{~B}Aasadaataaaaast}ar}A{~B}Daraaaaar,79.06976744186046
C=C1CN(c2cncc3ccccc23)C(=O)[C@]12CN(Cc1ccc(OC)cc1OC)C(=O)c1ccc(F)cc12,C=C1CN(c2cncc3ccccc23)C(=O)[C@]12CN(Cc1ccc(OC)cc1OC)C(=O)c1ccc(F)cc12,7.0,c1cc(F)cc2c1C(=O)N(Cc1ccc(OC)cc1OC)C[C@]21C(=O)N(c2c3ccccc3cnc2)CC1=C,A~ArAD{asadaataaaaast}A{~B}{A*}rsAD{Aaraaa{BA}aarBA}A{~B}araaa{G}aars,36.57505285412263
C=CC(=O)N(C)c1cccc(N(Cc2cccc(Cl)c2)C(=O)Cc2cncc3ccccc23)c1,C=CC(=O)N(C)c1cccc(N(Cc2cccc(Cl)c2)C(=O)Cc2cncc3ccccc23)c1,5.76,c1cc(N(Cc2cccc(Cl)c2)C(Cc2cncc3c2cccc3)=O)cc(N(C(=O)C=C)C)c1,A~AA{~B}D{A}araaaa{D{Aasaaaa{Z}as}A{~B}Aasadaataaaaast}ar,62.79069767441861
C=CC(=O)N1CCCCc2ccc(N(Cc3ccc(Cl)cc3)C(=O)Cc3cncc4ccccc34)cc21,C=CC(=O)N1CCCCc2ccc(N(Cc3ccc(Cl)cc3)C(=O)Cc3cncc4ccccc34)cc21,4.56,C1CCCN(C(=O)C=C)c2cc(N(Cc3ccc(Cl)cc3)C(=O)Cc3c4c(cnc3)cccc4)ccc21,A~AA{~B}DrAAAAasaaa{D{Aataaa{Z}aat}A{~B}Aatadaauaaaaatu}aasr,88.16067653276956
C=CC(=O)N1CCCc2c1cccc2N(C(=O)Cc1cncc2ccccc12)C1(c2cccc(Cl)c2)COC1,C=CC(=O)N1CCCc2c1cccc2N(C(=O)Cc1cncc2ccccc12)C1(c2cccc(Cl)c2)COC1,4.99,c1c2c(c(CC(N(c3c4c(ccc3)N(C(=O)C=C)CCC4)C3(c4cccc(Cl)c4)COC3)=O)cn1)cccc2,A~AA{~B}DrAAAasaraaaasD{A{~B}Aaradaasaaaaars}Ar{asaaaa{Z}as}ABAr,79.06976744186046
C=CC(=O)N1CCCc2c1cccc2N(Cc1cccc(-c2ccc[nH]2)c1)C(=O)Cc1cncc2ccccc12,C=CC(=O)N1CCCc2c1cccc2N(Cc1cccc(-c2ccc[nH]2)c1)C(=O)Cc1cncc2ccccc12,4.79,c1c(CN(C(=O)Cc2cncc3c2cccc3)c2c3c(ccc2)N(C(=O)C=C)CCC3)cc(-c2[nH]ccc2)cc1,A~AA{~B}DrAAAasaraaaasD{Aaraaaa{_asaaa{dQ}s}ar}A{~B}Aaradaasaaaaars,83.29809725158563
C=CC(=O)N1CCCc2c1cccc2N(Cc1cccc(C(=O)NC)c1)C(=O)Cc1cncc2ccccc12,C=CC(=O)N1CCCc2c1cccc2N(Cc1cccc(C(=O)NC)c1)C(=O)Cc1cncc2ccccc12,4.2,c12c(N(Cc3cccc(C(NC)=O)c3)C(=O)Cc3c4ccccc4cnc3)cccc1N(C(C=C)=O)CCC2,A~AA{~B}DrAAAasaraaaasD{Aaraaaa{A{~B}DA}ar}A{~B}Aaradaasaaaaars,95.77167019027483
C=CC(=O)N1CCCc2c1cccc2N(Cc1cccc(Cl)c1)C(=O)Cc1cncc2ccccc12,C=CC(=O)N1CCCc2c1cccc2N(Cc1cccc(Cl)c1)C(=O)Cc1cncc2ccccc12,6.32,c12cncc(CC(=O)N(Cc3cc(Cl)ccc3)c3cccc4c3CCCN4C(C=C)=O)c1cccc2,A~AA{~B}DrAAAasaraaaasD{Aaraaaa{Z}ar}A{~B}Aaradaasaaaaars,50.95137420718816
C=CC(=O)N1CCCc2c1cccc2N(Cc1cccc([C@H]2CCCN2)c1)C(=O)Cc1cncc2ccccc12,C=CC(=O)N1CCCc2c1cccc2N(Cc1cccc([C@H]2CCCN2)c1)C(=O)Cc1cncc2ccccc12,4.26,c1cccc2cncc(CC(N(Cc3cccc([C@@H]4NCCC4)c3)c3cccc4c3CCCN4C(=O)C=C)=O)c12,A~AA{~B}DrAAAasaraaaasD{Aaraaaa{{A*Q}sAAADs}ar}A{~B}Aaradaasaaaaars,94.5031712473573
C=CC(=O)N1CCCc2ccc(N(C(=O)Cc3cncc4ccccc34)N(C)c3cccc(Cl)c3)cc21,C=CC(=O)N1CCCc2ccc(N(C(=O)Cc3cncc4ccccc34)N(C)c3cccc(Cl)c3)cc21,8.19,n1cc(CC(=O)N(N(C)c2cccc(Cl)c2)c2ccc3c(c2)N(C(=O)C=C)CCC3)c2ccccc2c1,A~AA{~B}DrAAAasaaa{D{A{~B}Aatadaauaaaaatu}D{A}ataaaa{Z}at}aasr,11.416490486257947
C=CC(=O)N1CCCc2ccc(N(Cc3cccc(-c4ccccc4)c3)C(=O)Cc3cncc4ccccc34)cc21,C=CC(=O)N1CCCc2ccc(N(Cc3cccc(-c4ccccc4)c3)C(=O)Cc3cncc4ccccc34)cc21,5.88,C1N(C(C=C)=O)c2c(ccc(N(Cc3cccc(-c4ccccc4)c3)C(Cc3cncc4ccccc34)=O)c2)CC1,A~AA{~B}DrAAAasaaa{D{Aataaaa{_auaaaaau}at}A{~B}Aatadaauaaaaatu}aasr,60.25369978858352
C=CC(=O)N1CCCc2ccc(N(Cc3cccc(Br)c3)C(=O)Cc3cncc4ccccc34)cc21,C=CC(=O)N1CCCc2ccc(N(Cc3cccc(Br)c3)C(=O)Cc3cncc4ccccc34)cc21,7.62,c1ncc(CC(=O)N(c2ccc3c(c2)N(C(=O)C=C)CCC3)Cc2cc(Br)ccc2)c2ccccc12,A~AA{~B}DrAAAasaaa{D{Aataaaa{Y}at}A{~B}Aatadaauaaaaatu}aasr,23.467230443974636
C=CC(=O)N1CCCc2ccc(N(Cc3cccc(C(F)(F)F)c3)C(=O)Cc3cncc4ccccc34)cc21,C=CC(=O)N1CCCc2ccc(N(Cc3cccc(C(F)(F)F)c3)C(=O)Cc3cncc4ccccc34)cc21,7.4,C(N(C(Cc1cncc2c1cccc2)=O)c1cc2c(cc1)CCCN2C(C=C)=O)c1cc(C(F)(F)F)ccc1,A~AA{~B}DrAAAasaaa{D{Aataaaa{A{G}{G}G}at}A{~B}Aatadaauaaaaatu}aasr,28.1183932346723
C=CC(=O)N1CCCc2ccc(N(Cc3cccc(Cl)c3)C(=O)Cc3cncc4c(F)cccc34)cc21,C=CC(=O)N1CCCc2ccc(N(Cc3cccc(Cl)c3)C(=O)Cc3cncc4c(F)cccc34)cc21,7.41,N(Cc1cccc(Cl)c1)(c1cc2c(cc1)CCCN2C(C=C)=O)C(=O)Cc1c2c(c(F)ccc2)cnc1,A~AA{~B}DrAAAasaaa{D{Aataaaa{Z}at}A{~B}Aatadaaua{G}aaaatu}aasr,27.90697674418605
C=CC(=O)N1CCCc2ccc(N(Cc3cccc(Cl)c3)C(=O)Cc3cncc4ccccc34)cc21,C=CC(=O)N1CCCc2ccc(N(Cc3cccc(Cl)c3)C(=O)Cc3cncc4ccccc34)cc21,7.74,C(N1c2c(ccc(N(Cc3cccc(Cl)c3)C(Cc3c4ccccc4cnc3)=O)c2)CCC1)(C=C)=O,A~AA{~B}DrAAAasaaa{D{Aataaaa{Z}at}A{~B}Aatadaauaaaaatu}aasr,20.93023255813954
C=CC(=O)N1CCc2c1cccc2N(Cc1cccc(Cl)c1)C(=O)Cc1cncc2ccccc12,C=CC(=O)N1CCc2c1cccc2N(Cc1cccc(Cl)c1)C(=O)Cc1cncc2ccccc12,5.08,c1c2c(ccc1)c(CC(N(Cc1cccc(Cl)c1)c1c3c(ccc1)N(C(C=C)=O)CC3)=O)cnc2,A~AA{~B}DrAAasaraaaasD{Aaraaaa{Z}ar}A{~B}Aaradaasaaaaars,77.16701902748414
C=CC(=O)N1CCc2ccc(N(Cc3cccc(Cl)c3)C(=O)Cc3cncc4ccccc34)cc21,C=CC(=O)N1CCc2ccc(N(Cc3cccc(Cl)c3)C(=O)Cc3cncc4ccccc34)cc21,5.75,C(C(=O)N1CCc2ccc(N(Cc3cccc(Cl)c3)C(=O)Cc3c4ccccc4cnc3)cc21)=C,A~AA{~B}DrAAasaaa{D{Aataaaa{Z}at}A{~B}Aatadaauaaaaatu}aasr,63.00211416490487
C=CC(=O)N1C[C@H](C(N)=O)Cc2ccc(N(Cc3cccc(Cl)c3)C(=O)Cc3cncc4ccccc34)cc21,C=CC(=O)N1C[C@H](C(N)=O)Cc2ccc(N(Cc3cccc(Cl)c3)C(=O)Cc3cncc4ccccc34)cc21,6.66,c1ncc2c(c1CC(N(Cc1cc(Cl)ccc1)c1ccc3c(c1)N(C(C=C)=O)C[C@H](C(N)=O)C3)=O)cccc2,A~AA{~B}DrA{A*Q}{A{D}~B}Aasaaa{D{Aataaaa{Z}at}A{~B}Aatadaauaaaaatu}aasr,43.76321353065539
C=CC(=O)NC(C(=O)Nc1cncc2ccccc12)c1ccc(Cl)c(Cl)c1,C=CC(=O)NC(C(=O)Nc1cncc2ccccc12)c1ccc(Cl)c(Cl)c1,5.5,Clc1c(Cl)ccc(C(NC(C=C)=O)C(=O)Nc2cncc3ccccc32)c1,A~AA{~B}DA{A{~B}Daradaasaaaaars}araaa{Z}a{Z}ar,68.28752642706132
C=CC(=O)Nc1ccc(Cl)c(N(Cc2cccc(Cl)c2)C(=O)Cc2cncc3ccccc23)c1,C=CC(=O)Nc1ccc(Cl)c(N(Cc2cccc(Cl)c2)C(=O)Cc2cncc3ccccc23)c1,5.3,c1(NC(=O)C=C)ccc(Cl)c(N(C(Cc2cncc3c2cccc3)=O)Cc2cccc(Cl)c2)c1,A~AA{~B}Daraaa{Z}a{D{Aasaaaa{Z}as}A{~B}Aasadaataaaaast}ar,72.51585623678648
C=CC(=O)Nc1ccc(F)c(N(Cc2cccc(Cl)c2)C(=O)Cc2cncc3ccccc23)c1,C=CC(=O)Nc1ccc(F)c(N(Cc2cccc(Cl)c2)C(=O)Cc2cncc3ccccc23)c1,5.28,Clc1cc(CN(C(=O)Cc2cncc3ccccc32)c2c(F)ccc(NC(C=C)=O)c2)ccc1,A~AA{~B}Daraaa{G}a{D{Aasaaaa{Z}as}A{~B}Aasadaataaaaast}ar,72.93868921775898
C=CC(=O)Nc1cccc(N(Cc2cc(Cl)ccc2Cl)C(=O)Cc2cncc3ccccc23)c1,C=CC(=O)Nc1cccc(N(Cc2cc(Cl)ccc2Cl)C(=O)Cc2cncc3ccccc23)c1,4.79,N(C(=O)C=C)c1cccc(N(C(Cc2c3ccccc3cnc2)=O)Cc2c(Cl)ccc(Cl)c2)c1,A~AA{~B}Daraaaa{D{Aasaa{Z}aaasZ}A{~B}Aasadaataaaaast}ar,83.29809725158563
C=CC(=O)Nc1cccc(N(Cc2ccc(Cl)cc2Cl)C(=O)Cc2cncc3ccccc23)c1,C=CC(=O)Nc1cccc(N(Cc2ccc(Cl)cc2Cl)C(=O)Cc2cncc3ccccc23)c1,4.22,O=C(Nc1cccc(N(C(=O)Cc2c3c(cccc3)cnc2)Cc2ccc(Cl)cc2Cl)c1)C=C,A~AA{~B}Daraaaa{D{Aasaaa{Z}aasZ}A{~B}Aasadaataaaaast}ar,95.34883720930233
C=CC(=O)Nc1cccc(N(Cc2cccc(-c3cc[nH]c3)c2)C(=O)Cc2cncc3ccccc23)c1,C=CC(=O)Nc1cccc(N(Cc2cccc(-c3cc[nH]c3)c2)C(=O)Cc2cncc3ccccc23)c1,4.05,c1ccc(CN(c2cc(NC(C=C)=O)ccc2)C(=O)Cc2c3ccccc3cnc2)cc1-c1cc[nH]c1,A~AA{~B}Daraaaa{D{Aasaaaa{_ataa{dQ}at}as}A{~B}Aasadaataaaaast}ar,98.94291754756871
C=CC(=O)Nc1cccc(N(Cc2cccc(-c3ccoc3)c2)C(=O)Cc2cncc3ccccc23)c1,C=CC(=O)Nc1cccc(N(Cc2cccc(-c3ccoc3)c2)C(=O)Cc2cncc3ccccc23)c1,4.81,C(C(N(Cc1cc(-c2ccoc2)ccc1)c1cc(NC(=O)C=C)ccc1)=O)c1c2c(cnc1)cccc2,A~AA{~B}Daraaaa{D{Aasaaaa{_ataabat}as}A{~B}Aasadaataaaaast}ar,82.87526427061312
C=CC(=O)Nc1cccc(N(Cc2cccc(C(=N)N)c2)C(=O)Cc2cncc3ccccc23)c1,C=CC(=O)Nc1cccc(N(Cc2cccc(C(=N)N)c2)C(=O)Cc2cncc3ccccc23)c1,5.18,C(c1c2ccccc2cnc1)C(N(Cc1cc(C(N)=N)ccc1)c1cccc(NC(=O)C=C)c1)=O,A~AA{~B}Daraaaa{D{Aasaaaa{A{~D}D}as}A{~B}Aasadaataaaaast}ar,75.05285412262157
C=CC(=O)Nc1cccc(N(Cc2cccc(Cl)c2)C(=O)Cc2cncc3ccccc23)c1,C=CC(=O)Nc1cccc(N(Cc2cccc(Cl)c2)C(=O)Cc2cncc3ccccc23)c1,5.57,c1cccc2cncc(CC(N(c3cc(NC(=O)C=C)ccc3)Cc3cc(Cl)ccc3)=O)c12,A~AA{~B}Daraaaa{D{Aasaaaa{Z}as}A{~B}Aasadaataaaaast}ar,66.8076109936575
C=CC(=O)Nc1cccc(N(Cc2cccc3ccoc23)C(=O)Cc2cncc3ccccc23)c1,C=CC(=O)Nc1cccc(N(Cc2cccc3ccoc23)C(=O)Cc2cncc3ccccc23)c1,4.77,C(c1c2ccccc2cnc1)C(=O)N(c1cc(NC(=O)C=C)ccc1)Cc1cccc2c1occ2,A~AA{~B}Daraaaa{D{Aasaaaataabast}A{~B}Aasadaataaaaast}ar,83.72093023255816
C=CC(=O)Nc1cccc(N(Cc2cccc3ccsc23)C(=O)Cc2cncc3ccccc23)c1,C=CC(=O)Nc1cccc(N(Cc2cccc3ccsc23)C(=O)Cc2cncc3ccccc23)c1,4.55,c1c(CN(c2cc(NC(C=C)=O)ccc2)C(Cc2cncc3ccccc23)=O)c2c(ccs2)cc1,A~AA{~B}Daraaaa{D{Aasaaaataaeast}A{~B}Aasadaataaaaast}ar,88.37209302325581
C=CC(=O)Nc1ccccc1N(Cc1cccc(Cl)c1)C(=O)Cc1cncc2ccccc12,C=CC(=O)Nc1ccccc1N(Cc1cccc(Cl)c1)C(=O)Cc1cncc2ccccc12,5.16,c1(Cl)cccc(CN(c2ccccc2NC(=O)C=C)C(Cc2cncc3c2cccc3)=O)c1,A~AA{~B}DaraaaaarD{Aaraaaa{Z}ar}A{~B}Aaradaasaaaaars,75.47568710359407
C=CC[C@H](Nc1cc(Cl)cc(NC(=O)OCc2ccccc2)c1)c1cccc(CN)c1,C=CC[C@H](Nc1cc(Cl)cc(NC(=O)OCc2ccccc2)c1)c1cccc(CN)c1,4.43,c1ccc(CN)cc1[C@H](CC=C)Nc1cc(Cl)cc(NC(OCc2ccccc2)=O)c1,A~AA{A*Q}{Daraa{Z}aa{DA{~B}BAasaaaaas}ar}araaaa{AD}ar,90.9090909090909
C=CC[C@H](Nc1ccc2c(c1)CNC2)c1cc(Cl)cc2[nH]ncc12,C=CC[C@H](Nc1ccc2c(c1)CNC2)c1cc(Cl)cc2[nH]ncc12,4.65,Clc1cc([C@@H](Nc2ccc3c(c2)CNC3)CC=C)c2cn[nH]c2c1,A~AA{A*Q}{Daraaasa{ar}ADAs}araa{Z}aas{dQ}daars,86.25792811839322
C=CC[C@H](Nc1cccc(-c2nn[nH]n2)c1)c1cc(Cl)cc(NC(=O)OCc2ccccc2)c1,C=CC[C@H](Nc1cccc(-c2nn[nH]n2)c1)c1cc(Cl)cc(NC(=O)OCc2ccccc2)c1,4.11,n1c(-c2cccc(N[C@H](c3cc(NC(=O)OCc4ccccc4)cc(Cl)c3)CC=C)c2)n[nH]n1,A~AA{A*Q}{Daraaaa{_asdd{dQ}ds}ar}araa{Z}aa{DA{~B}BAasaaaaas}ar,97.67441860465115
C=CC[C@H](Nc1cccc(C(=O)O)c1)c1cc(Cl)cc2[nH]ncc12,C=CC[C@H](Nc1cccc(C(=O)O)c1)c1cc(Cl)cc2[nH]ncc12,4.42,n1cc2c(cc(Cl)cc2[C@@H](Nc2cc(C(O)=O)ccc2)CC=C)[nH]1,A~AA{A*Q}{Daraaaa{A{~B}B}ar}araa{Z}aas{dQ}daars,91.12050739957716
C=CC[C@H](Nc1cccc(Cl)c1)c1cccc(-c2nn[nH]n2)c1,C=CC[C@H](Nc1cccc(Cl)c1)c1cccc(-c2nn[nH]n2)c1,4.62,c1ccc([C@H](CC=C)Nc2cc(Cl)ccc2)cc1-c1n[nH]nn1,A~AA{A*Q}{Daraaaa{Z}ar}araaaa{_asdd{dQ}ds}ar,86.89217758985201
C=CC[C@H]1CCCN(C(=O)Cc2cncc3ccccc23)C1,C=CC[C@H]1CCCN(C(=O)Cc2cncc3ccccc23)C1,4.984999999999999,C1N(C(=O)Cc2c3c(cccc3)cnc2)CCC[C@@H]1CC=C,A~AA{A*Q}rAAAD{A{~B}Aasadaataaaaast}Ar,79.17547568710361
CC(=O)N1CCN(S(=O)(=O)OCC(=O)N2CCN(Cc3cccc(Cl)c3)[C@H](CC(C)C)C2)CC1,CC(=O)N1CCN(S(=O)(=O)OCC(=O)N2CCN(Cc3cccc(Cl)c3)[C@H](CC(C)C)C2)CC1,7.14,O=C(N1CCN(Cc2cc(Cl)ccc2)[C@H](CC(C)C)C1)COS(=O)(N1CCN(C(C)=O)CC1)=O,AA{~B}DrAAD{E{~B}{~B}BAA{~B}DsAAD{Aataaaa{Z}at}{A*Q}{AA{A}A}As}AAr,33.615221987315024
CC(=O)N1C[C@@]2(CC[C@H]1C)NC(=O)N(c1cncc3ccccc13)C2=O,CC(=O)N1C[C@@]2(CC[C@H]1C)NC(=O)N(c1cncc3ccccc13)C2=O,4.36,n1cc2c(cccc2)c(N2C(=O)[C@]3(CC[C@@H](C)N(C(=O)C)C3)NC2=O)c1,AA{~B}DrA{A**}s{AA{A*Q}rA}DA{~B}D{aradaataaaaart}As~B,92.38900634249471
CC(=O)N1C[C@]2(CC[C@H]1C)NC(=O)N(c1cncc3ccccc13)C2=O,CC(=O)N1C[C@]2(CC[C@H]1C)NC(=O)N(c1cncc3ccccc13)C2=O,4.21,C[C@H]1N(C(C)=O)C[C@@]2(NC(=O)N(c3cncc4c3cccc4)C2=O)CC1,AA{~B}DrA{A*}s{AA{A*Q}rA}DA{~B}D{aradaataaaaart}As~B,95.56025369978859
CC(=O)Nc1ccc(N(C)C(=O)CN2Cc3ccc(Cl)cc3[C@H](C(=O)Nc3cncc4ccccc34)C2)cc1,CC(=O)Nc1ccc(N(C)C(=O)CN2Cc3ccc(Cl)cc3[C@H](C(=O)Nc3cncc4ccccc34)C2)cc1,5.83,C(=O)(Nc1ccc(N(C)C(=O)CN2C[C@@H](C(=O)Nc3cncc4ccccc43)c3cc(Cl)ccc3C2)cc1)C,AA{~B}Daraaa{D{A}A{~B}ADsAataaa{Z}aat{A*Q}{A{~B}Datadaauaaaaatu}As}aar,61.310782241014806
CC(=O)Nc1ccc(NC(=O)CN2Cc3ccc(Cl)cc3[C@H](C(=O)Nc3cncc4ccccc34)C2)cc1,CC(=O)Nc1ccc(NC(=O)CN2Cc3ccc(Cl)cc3[C@H](C(=O)Nc3cncc4ccccc34)C2)cc1,7.47,c12ccc(Cl)cc1[C@H](C(=O)Nc1cncc3c1cccc3)CN(CC(=O)Nc1ccc(NC(=O)C)cc1)C2,AA{~B}Daraaa{DA{~B}ADsAataaa{Z}aat{A*Q}{A{~B}Datadaauaaaaatu}As}aar,26.63847780126851
CC(=O)c1cccc(CN2CCN(C(=O)COS(=O)(=O)N3CCOCC3)C[C@H]2CC(C)C)c1,CC(=O)c1cccc(CN2CCN(C(=O)COS(=O)(=O)N3CCOCC3)C[C@H]2CC(C)C)c1,6.13,c1cc(CN2[C@H](CC(C)C)CN(C(=O)COS(=O)(=O)N3CCOCC3)CC2)cc(C(=O)C)c1,AA{~B}araaaa{ADsAAD{A{~B}ABE{~B}{~B}DtAABAAt}A{A*Q}sAA{A}A}ar,54.96828752642707
CC(C)(C#N)NC(=O)[C@H](Cc1cccc(Cl)c1)c1cncc2ccccc12,CC(C)(C#N)NC(=O)[C@H](Cc1cccc(Cl)c1)c1cncc2ccccc12,4.12,c1cc2c([C@H](C(NC(C)(C)C#N)=O)Cc3cc(Cl)ccc3)cncc2cc1,AA{A}{A^D}DA{~B}{A*Q}{Aaraaaa{Z}ar}aradaasaaaaars,97.46300211416491
CC(C)(C#N)c1ccc(N(Cc2cccc(Cl)c2)C(=O)Cc2cncc3ccccc23)cc1,CC(C)(C#N)c1ccc(N(Cc2cccc(Cl)c2)C(=O)Cc2cncc3ccccc23)cc1,6.2,c1(CN(C(Cc2cncc3c2cccc3)=O)c2ccc(C(C)(C)C#N)cc2)cccc(Cl)c1,AA{A}{A^D}araaa{D{Aasaaaa{Z}as}A{~B}Aasadaataaaaast}aar,53.48837209302326
CC(C)(C)N(Cc1ccccc1)C(=O)CN1Cc2ccc(Cl)cc2[C@H](C(=O)Nc2cncc3ccccc23)C1,CC(C)(C)N(Cc1ccccc1)C(=O)CN1Cc2ccc(Cl)cc2[C@H](C(=O)Nc2cncc3ccccc23)C1,6.0,c1ncc(NC(=O)[C@H]2c3cc(Cl)ccc3CN(CC(=O)N(C(C)(C)C)Cc3ccccc3)C2)c2ccccc12,AA{A}{A}D{Aaraaaaar}A{~B}ADrAasaaa{Z}aas{A*Q}{A{~B}Dasadaataaaaast}Ar,57.71670190274842
CC(C)(C)[C@H](NC(=O)C(F)(F)F)C(=O)N1C[C@H]2[C@@H]([C@H]1C(=O)N[C@H](C#N)C[C@@H]1CCNC1=O)C2(C)C,CC(C)(C)[C@H](NC(=O)C(F)(F)F)C(=O)N1C[C@H]2[C@@H]([C@H]1C(=O)N[C@H](C#N)C[C@@H]1CCNC1=O)C2(C)C,8.68,O=C(N[C@H](C#N)C[C@H]1C(=O)NCC1)[C@@H]1[C@@H]2[C@H](CN1C([C@H](C(C)(C)C)NC(C(F)(F)F)=O)=O)C2(C)C,AA{A}{A}{A*Q}{DA{~B}A{G}{G}G}A{~B}DrA{A*Q}s{A**Q}{{A*Q}rA{~B}D{A*Q}{A^D}A{A**Q}rAADAr~B}As{A}A,1.0570824524313045
CC(C)(F)C1CCN(C(=O)Cc2cncc3ccccc23)CC1,CC(C)(F)C1CCN(C(=O)Cc2cncc3ccccc23)CC1,6.02,O=C(N1CCC(C(C)(C)F)CC1)Cc1cncc2ccccc21,AA{A}{G}ArAAD{A{~B}Aasadaataaaaast}AAr,57.29386892177592
CC(C)(NC(=O)CN1Cc2ccc(Cl)cc2[C@H](C(=O)Nc2cncc3ccccc23)C1)c1ccccc1,CC(C)(NC(=O)CN1Cc2ccc(Cl)cc2[C@H](C(=O)Nc2cncc3ccccc23)C1)c1ccccc1,6.74,c1ccc2c(NC([C@@H]3CN(CC(NC(c4ccccc4)(C)C)=O)Cc4ccc(Cl)cc43)=O)cncc2c1,AA{A}{DA{~B}ADrAasaaa{Z}aas{A*Q}{A{~B}Dasadaataaaaast}Ar}araaaaar,42.07188160676533
CC(C)(NC(=O)c1cncc2ccccc12)c1cccc(C#N)c1,CC(C)(NC(=O)c1cncc2ccccc12)c1cccc(C#N)c1,4.23,c12c(cccc1)cncc2C(=O)NC(c1cc(C#N)ccc1)(C)C,AA{A}{DA{~B}aradaasaaaaars}araaaa{A^D}ar,95.13742071881606
CC(C)(O)[C@H]1CCCN(C(=O)Cc2cncc3ccccc23)C1,CC(C)(O)[C@H]1CCCN(C(=O)Cc2cncc3ccccc23)C1,4.55,C1CN(C(=O)Cc2cncc3ccccc32)C[C@@H](C(C)(O)C)C1,AA{A}{B}{A*Q}rAAAD{A{~B}Aasadaataaaaast}Ar,88.37209302325581
CC(C)C1(C)CCN(C(=O)Cc2cncc3ccccc23)CC1,CC(C)C1(C)CCN(C(=O)Cc2cncc3ccccc23)CC1,6.13,C1CC(C(C)C)(C)CCN1C(=O)Cc1cncc2ccccc12,AA{A}Ar{A}AAD{A{~B}Aasadaataaaaast}AAr,54.96828752642707
CC(C)C1(F)CCN(C(=O)Cc2cncc3ccccc23)CC1,CC(C)C1(F)CCN(C(=O)Cc2cncc3ccccc23)CC1,6.21,N1(C(Cc2cncc3ccccc23)=O)CCC(F)(C(C)C)CC1,AA{A}Ar{G}AAD{A{~B}Aasadaataaaaast}AAr,53.27695560253701
CC(C)C1CCN(C(=O)Cc2cncc3ccccc23)CC1,CC(C)C1CCN(C(=O)Cc2cncc3ccccc23)CC1,6.33,c1c2ccccc2c(CC(=O)N2CCC(C(C)C)CC2)cn1,AA{A}ArAAD{A{~B}Aasadaataaaaast}AAr,50.7399577167019
CC(C)CC1(C(F)(F)F)CCN(C(=O)Cc2cncc3ccccc23)CC1,CC(C)CC1(C(F)(F)F)CCN(C(=O)Cc2cncc3ccccc23)CC1,7.06,c1c(CC(=O)N2CCC(CC(C)C)(C(F)(F)F)CC2)c2c(cn1)cccc2,AA{A}AAr{A{G}{G}G}AAD{A{~B}Aasadaataaaaast}AAr,35.306553911205086
CC(C)CC1(C)CCN(C(=O)Cc2cncc3ccccc23)CC1,CC(C)CC1(C)CCN(C(=O)Cc2cncc3ccccc23)CC1,6.47,c12cncc(CC(N3CCC(CC(C)C)(C)CC3)=O)c1cccc2,AA{A}AAr{A}AAD{A{~B}Aasadaataaaaast}AAr,47.7801268498943
CC(C)CC1CCN(C(=O)Cc2cncc3ccccc23)CC1,CC(C)CC1CCN(C(=O)Cc2cncc3ccccc23)CC1,5.31,C(C)(C)CC1CCN(C(Cc2cncc3c2cccc3)=O)CC1,AA{A}AArAAD{A{~B}Aasadaataaaaast}AAr,72.30443974630022
CC(C)CCN(Cc1ccccc1)C(=O)Cc1cncc2ccccc12,CC(C)CCN(Cc1ccccc1)C(=O)Cc1cncc2ccccc12,5.13,c1ncc2c(c1CC(=O)N(Cc1ccccc1)CCC(C)C)cccc2,AA{A}AAD{Aaraaaaar}A{~B}Aaradaasaaaaars,76.10993657505286
CC(C)CC[C@H]1CCCCN1C(=O)Cc1cncc2ccccc12,CC(C)CC[C@H]1CCCCN1C(=O)Cc1cncc2ccccc12,5.125,c1c(CC(=O)N2[C@@H](CCC(C)C)CCCC2)c2c(cccc2)cn1,AA{A}AA{A*Q}rAAAADrA{~B}Aaradaasaaaaars,76.21564482029599
CC(C)CNS(=O)(=O)OCC(=O)N1CCN(Cc2cccc(Cl)c2)[C@H]2CS(=O)(=O)C[C@@H]21,CC(C)CNS(=O)(=O)OCC(=O)N1CCN(Cc2cccc(Cl)c2)[C@H]2CS(=O)(=O)C[C@@H]21,7.26,C1CN(C(COS(=O)(NCC(C)C)=O)=O)[C@H]2CS(=O)(=O)C[C@@H]2N1Cc1cccc(Cl)c1,AA{A}ADE{~B}{~B}BAA{~B}DrAAD{Aasaaaa{Z}as}{A*Q}sAE{~B}{~B}A{A**Q}sr,31.078224101479925
CC(C)CNS(=O)(=O)OCC(=O)N1CCN(Cc2cccc(Cl)c2)[C@H]2CS(=O)(=O)C[C@H]21,CC(C)CNS(=O)(=O)OCC(=O)N1CCN(Cc2cccc(Cl)c2)[C@H]2CS(=O)(=O)C[C@H]21,5.35,N(S(=O)(OCC(=O)N1CCN(Cc2cc(Cl)ccc2)[C@H]2CS(=O)(=O)C[C@H]21)=O)CC(C)C,AA{A}ADE{~B}{~B}BAA{~B}DrAAD{Aasaaaa{Z}as}{A*Q}sAE{~B}{~B}A{A*Q}sr,71.45877378435519
CC(C)C[C@H](NC(=O)OC1CC2(C1)CN(C(=O)Cc1ccccc1)C2)C(=O)N[C@H](C=O)C[C@@H]1CCNC1=O,CC(C)C[C@H](NC(=O)OC1CC2(C1)CN(C(=O)Cc1ccccc1)C2)C(=O)N[C@H](C=O)C[C@@H]1CCNC1=O,4.2,C([C@@H](NC(OC1CC2(CN(C(=O)Cc3ccccc3)C2)C1)=O)CC(C)C)(N[C@@H](C[C@@H]1CCNC1=O)C=O)=O,AA{A}A{A*Q}{DA{~B}BArAAs{Ar}AD{A{~B}Aaraaaaar}As}A{~B}D{A*Q}{A~B}A{A**Q}rAADAr~B,95.77167019027483
CC(C)C[C@H]1CN(C(=O)COS(=O)(=O)N(C)C)CCN1Cc1cccc(Cl)c1,CC(C)C[C@H]1CN(C(=O)COS(=O)(=O)N(C)C)CCN1Cc1cccc(Cl)c1,5.99,C([C@H]1CN(C(COS(=O)(=O)N(C)C)=O)CCN1Cc1cccc(Cl)c1)C(C)C,AA{A}A{A*Q}rAD{A{~B}ABE{~B}{~B}D{A}A}AADrAaraaaa{Z}ar,57.92811839323467
CC(C)C[C@H]1CN(C(=O)COS(=O)(=O)N2CCCC2)CCN1Cc1cccc(Cl)c1,CC(C)C[C@H]1CN(C(=O)COS(=O)(=O)N2CCCC2)CCN1Cc1cccc(Cl)c1,5.83,c1cc(Cl)cc(CN2[C@@H](CC(C)C)CN(C(COS(=O)(=O)N3CCCC3)=O)CC2)c1,AA{A}A{A*Q}rAD{A{~B}ABE{~B}{~B}DsAAAAs}AADrAaraaaa{Z}ar,61.310782241014806
CC(C)C[C@H]1CN(C(=O)COS(=O)(=O)N2CCCCC2)CCN1Cc1cccc(Cl)c1,CC(C)C[C@H]1CN(C(=O)COS(=O)(=O)N2CCCCC2)CCN1Cc1cccc(Cl)c1,6.41,S(=O)(=O)(N1CCCCC1)OCC(N1CCN(Cc2cccc(Cl)c2)[C@@H](CC(C)C)C1)=O,AA{A}A{A*Q}rAD{A{~B}ABE{~B}{~B}DsAAAAAs}AADrAaraaaa{Z}ar,49.04862579281184
CC(C)C[C@H]1CN(C(=O)COS(=O)(=O)N2CCNCC2)CCN1Cc1cccc(Cl)c1,CC(C)C[C@H]1CN(C(=O)COS(=O)(=O)N2CCNCC2)CCN1Cc1cccc(Cl)c1,6.92,N1(Cc2cc(Cl)ccc2)CCN(C(=O)COS(=O)(N2CCNCC2)=O)C[C@@H]1CC(C)C,AA{A}A{A*Q}rAD{A{~B}ABE{~B}{~B}DsAADAAs}AADrAaraaaa{Z}ar,38.26638477801269
CC(C)C[C@H]1CN(C(=O)COS(=O)(=O)N2CCOCC2)CCN1Cc1cc(Cl)cc2ccccc12,CC(C)C[C@H]1CN(C(=O)COS(=O)(=O)N2CCOCC2)CCN1Cc1cc(Cl)cc2ccccc12,6.79,C(C[C@H]1CN(C(COS(=O)(N2CCOCC2)=O)=O)CCN1Cc1cc(Cl)cc2c1cccc2)(C)C,AA{A}A{A*Q}rAD{A{~B}ABE{~B}{~B}DsAABAAs}AADrAaraa{Z}aasaaaaars,41.01479915433404
CC(C)C[C@H]1CN(C(=O)COS(=O)(=O)N2CCOCC2)CCN1Cc1cccc(Cl)c1,CC(C)C[C@H]1CN(C(=O)COS(=O)(=O)N2CCOCC2)CCN1Cc1cccc(Cl)c1,6.9,C1[C@H](CC(C)C)N(Cc2cccc(Cl)c2)CCN1C(COS(=O)(N1CCOCC1)=O)=O,AA{A}A{A*Q}rAD{A{~B}ABE{~B}{~B}DsAABAAs}AADrAaraaaa{Z}ar,38.689217758985194
CC(C)C[C@H]1CN(C(=O)COS(=O)(=O)N2CCOCC2)CCN1Cc1cccc(F)c1,CC(C)C[C@H]1CN(C(=O)COS(=O)(=O)N2CCOCC2)CCN1Cc1cccc(F)c1,5.95,O=S(=O)(OCC(=O)N1C[C@H](CC(C)C)N(Cc2cccc(F)c2)CC1)N1CCOCC1,AA{A}A{A*Q}rAD{A{~B}ABE{~B}{~B}DsAABAAs}AADrAaraaaa{G}ar,58.7737843551797
CC(C)C[C@H]1CN(C(=O)COS(N)(=O)=O)CCN1Cc1cccc(Cl)c1,CC(C)C[C@H]1CN(C(=O)COS(N)(=O)=O)CCN1Cc1cccc(Cl)c1,5.17,Clc1cccc(CN2[C@@H](CC(C)C)CN(C(=O)COS(=O)(N)=O)CC2)c1,AA{A}A{A*Q}rAD{A{~B}ABE{D}{~B}~B}AADrAaraaaa{Z}ar,75.26427061310783
CC(C)N(Cc1cccc(Cl)c1)C(=O)Cc1cncc2ccccc12,CC(C)N(Cc1cccc(Cl)c1)C(=O)Cc1cncc2ccccc12,5.82,c1(CN(C(Cc2cncc3ccccc23)=O)C(C)C)cccc(Cl)c1,AA{A}D{Aaraaaa{Z}ar}A{~B}Aaradaasaaaaars,61.52219873150105
CC(C)NC(=O)CN1C[C@@]2(C(=O)N(c3cncc4ccccc34)C[C@@H]2C)c2cc(Cl)ccc2C1=O,CC(C)NC(=O)CN1C[C@@]2(C(=O)N(c3cncc4ccccc34)C[C@@H]2C)c2cc(Cl)ccc2C1=O,6.53,N(C(C)C)C(CN1C[C@@]2(c3c(ccc(Cl)c3)C1=O)[C@@H](C)CN(c1c3ccccc3cnc1)C2=O)=O,AA{A}DA{~B}ADrA{A**}s{A{~B}D{atadaauaaaaatu}A{A**Q}sA}asaa{Z}aaasAr~B,46.51162790697675
CC(C)NC(=O)CN1C[C@@]2(C(=O)N(c3cncc4ccccc34)C[C@@H]2C)c2cc(F)ccc2C1=O,CC(C)NC(=O)CN1C[C@@]2(C(=O)N(c3cncc4ccccc34)C[C@@H]2C)c2cc(F)ccc2C1=O,6.65,C1[C@H](C)[C@@]2(c3c(ccc(F)c3)C(=O)N(CC(=O)NC(C)C)C2)C(=O)N1c1cncc2ccccc21,AA{A}DA{~B}ADrA{A**}s{A{~B}D{atadaauaaaaatu}A{A**Q}sA}asaa{G}aaasAr~B,43.97463002114164
CC(C)NS(=O)(=O)OCC(=O)N1CCN(Cc2cccc(Cl)c2)[C@H]2CS(=O)(=O)C[C@H]21,CC(C)NS(=O)(=O)OCC(=O)N1CCN(Cc2cccc(Cl)c2)[C@H]2CS(=O)(=O)C[C@H]21,5.51,[C@H]12CS(=O)(=O)C[C@H]1N(C(COS(NC(C)C)(=O)=O)=O)CCN2Cc1cc(Cl)ccc1,AA{A}DE{~B}{~B}BAA{~B}DrAAD{Aasaaaa{Z}as}{A*Q}sAE{~B}{~B}A{A*Q}sr,68.07610993657507
CC(C)O[C@H]1CCN(C(=O)Cc2cncc3ccccc23)[C@@H](C)C1,CC(C)O[C@H]1CCN(C(=O)Cc2cncc3ccccc23)[C@@H](C)C1,4.39,c12c(cncc1CC(N1[C@@H](C)C[C@@H](OC(C)C)CC1)=O)cccc2,AA{A}B{A*Q}rAAD{A{~B}Aasadaataaaaast}{A**Q}{A}Ar,91.75475687103595
CC(C)[C@H]1CCCN(C(=O)Cc2cncc3ccccc23)C1,CC(C)[C@H]1CCCN(C(=O)Cc2cncc3ccccc23)C1,5.13,c1cccc2c1c(CC(=O)N1CCC[C@H](C(C)C)C1)cnc2,AA{A}{A*Q}rAAAD{A{~B}Aasadaataaaaast}Ar,76.10993657505286
CC(C)[C@H]1c2ccsc2CCN1C(=O)Cc1cncc2ccccc12,CC(C)[C@H]1c2ccsc2CCN1C(=O)Cc1cncc2ccccc12,6.476666666666667,c12c(scc1)CCN(C(Cc1cncc3c1cccc3)=O)[C@H]2C(C)C,AA{A}{A*Q}rasaaeasAADrA{~B}Aaradaasaaaaars,47.639182522903454
CC(C)[C@]1(C#N)CCN(C(=O)Cc2cncc3ccccc23)C1,CC(C)[C@]1(C#N)CCN(C(=O)Cc2cncc3ccccc23)C1,5.743333333333333,C1C[C@](C(C)C)(C#N)CN1C(Cc1cncc2c1cccc2)=O,AA{A}{A*}r{A^D}AAD{A{~B}Aasadaataaaaast}Ar,63.14305849189571
CC(C)[C@]1(O)CCCN(C(=O)Cc2cncc3ccccc23)C1,CC(C)[C@]1(O)CCCN(C(=O)Cc2cncc3ccccc23)C1,4.31,n1cc2ccccc2c(CC(=O)N2CCC[C@@](O)(C(C)C)C2)c1,AA{A}{A*}r{B}AAAD{A{~B}Aasadaataaaaast}Ar,93.44608879492601
CC(C)c1ccc([C@H]2CCCCN2C(=O)Cc2cncc3ccccc23)cc1,CC(C)c1ccc([C@H]2CCCCN2C(=O)Cc2cncc3ccccc23)cc1,4.82,O=C(Cc1cncc2ccccc12)N1CCCC[C@@H]1c1ccc(C(C)C)cc1,AA{A}araaa{{A*Q}sAAAADsA{~B}Aasadaataaaaast}aar,82.66384778012684
CC(C)c1nc([C@H]2CCCN(C(=O)Cc3cncc4ccccc34)C2)no1,CC(C)c1nc([C@H]2CCCN(C(=O)Cc3cncc4ccccc34)C2)no1,4.04,c1c(CC(N2CCC[C@H](c3nc(C(C)C)on3)C2)=O)c2ccccc2cn1,AA{A}arda{{A*Q}sAAAD{A{~B}Aatadaauaaaaatu}As}dbr,99.15433403805497
CC(F)(F)C1CCN(C(=O)Cc2cncc3ccccc23)CC1,CC(F)(F)C1CCN(C(=O)Cc2cncc3ccccc23)CC1,6.23,c1cccc2cncc(CC(=O)N3CCC(C(C)(F)F)CC3)c12,AA{G}{G}ArAAD{A{~B}Aasadaataaaaast}AAr,52.85412262156448
CC(F)(F)[C@H](C(=O)Nc1cncc2ccccc12)c1ccccc1,CC(F)(F)[C@H](C(=O)Nc1cncc2ccccc12)c1ccccc1,4.91,c1cc([C@@H](C(=O)Nc2c3c(cnc2)cccc3)C(F)(F)C)ccc1,AA{G}{G}{A*Q}{A{~B}Daradaasaaaaars}araaaaar,80.76109936575052
CC1(C(F)(F)F)CCN(C(=O)Cc2cncc3ccccc23)CC1,CC1(C(F)(F)F)CCN(C(=O)Cc2cncc3ccccc23)CC1,6.11,c1cccc2c(CC(=O)N3CCC(C)(C(F)(F)F)CC3)cncc12,AAr{A{G}{G}G}AAD{A{~B}Aasadaataaaaast}AAr,55.39112050739957
CC1(C)CCN(C(=O)Cc2cncc3ccccc23)CC1,CC1(C)CCN(C(=O)Cc2cncc3ccccc23)CC1,5.66,c1ccc2c(cncc2CC(=O)N2CCC(C)(C)CC2)c1,AAr{A}AAD{A{~B}Aasadaataaaaast}AAr,64.90486257928117
CC1(C)CCN(S(C)(=O)=O)C[C@]12NC(=O)N(c1cncc3ccccc13)C2=O,CC1(C)CCN(S(C)(=O)=O)C[C@]12NC(=O)N(c1cncc3ccccc13)C2=O,4.47,C1(C)(C)[C@@]2(NC(=O)N(c3cncc4ccccc43)C2=O)CN(S(C)(=O)=O)CC1,AAr{A}AAD{E{A}{~B}~B}A{A*}rsDA{~B}D{aradaataaaaart}As~B,90.06342494714588
CC1(C)CN(C(=O)Cc2cncc3ccccc23)[C@H]1c1cccs1,CC1(C)CN(C(=O)Cc2cncc3ccccc23)[C@H]1c1cccs1,4.86,c12c(cccc1)cncc2CC(N1CC(C)(C)[C@@H]1c1cccs1)=O,AAr{A}AD{A{~B}Aasadaataaaaast}{A*Q}raraaaer,81.81818181818181
CC1(C)CN(C(=O)Cc2cncc3ccccc23)[C@H]2COC[C@H]21,CC1(C)CN(C(=O)Cc2cncc3ccccc23)[C@H]2COC[C@H]21,4.42,C(c1c2c(cnc1)cccc2)C(N1CC(C)(C)[C@H]2[C@@H]1COC2)=O,AAr{A}AD{A{~B}Aasadaataaaaast}{A*Q}sABA{A*Q}sr,91.12050739957716
CC1(C)[C@@H]2CN(C(=O)Cc3cncc4ccccc34)C[C@@H]21,CC1(C)[C@@H]2CN(C(=O)Cc3cncc4ccccc34)C[C@@H]21,5.46,C(Cc1cncc2c1cccc2)(=O)N1C[C@@H]2[C@H](C1)C2(C)C,AAr{A}{A**Q}sAD{A{~B}Aatadaauaaaaatu}A{A**Q}sr,69.13319238900635
CC1(CC(F)(F)F)CCN(C(=O)Cc2cncc3ccccc23)CC1,CC1(CC(F)(F)F)CCN(C(=O)Cc2cncc3ccccc23)CC1,5.81,CC1(CC(F)(F)F)CCN(C(=O)Cc2cncc3c2cccc3)CC1,AAr{AA{G}{G}G}AAD{A{~B}Aasadaataaaaast}AAr,61.73361522198732
CC1(F)CCN(C(=O)Cc2cncc3ccccc23)CC1,CC1(F)CCN(C(=O)Cc2cncc3ccccc23)CC1,5.31,c1c2c(CC(N3CCC(F)(C)CC3)=O)cncc2ccc1,AAr{G}AAD{A{~B}Aasadaataaaaast}AAr,72.30443974630022
CC1(O)CCN(C(=O)Cc2cncc3ccccc23)CC1,CC1(O)CCN(C(=O)Cc2cncc3ccccc23)CC1,4.62,C(c1cncc2ccccc21)C(N1CCC(O)(C)CC1)=O,AAr{B}AAD{A{~B}Aasadaataaaaast}AAr,86.89217758985201
CC1(c2ccccc2)CCN(C(=O)Cc2cncc3ccccc23)CC1,CC1(c2ccccc2)CCN(C(=O)Cc2cncc3ccccc23)CC1,5.16,c1ccccc1C1(C)CCN(C(=O)Cc2cncc3ccccc23)CC1,AAr{asaaaaas}AAD{A{~B}Aasadaataaaaast}AAr,75.47568710359407
CC1CCC2(CC1)CCN(C(=O)Cc1cncc3ccccc13)C2,CC1CCC2(CC1)CCN(C(=O)Cc1cncc3ccccc13)C2,6.16,c1cc2c(cc1)cncc2CC(=O)N1CC2(CC1)CCC(C)CC2,AArAAAs{AAr}AAD{A{~B}Aaradaataaaaart}As,54.33403805496828
CC1CCN(C(=O)Cc2cncc3ccccc23)CC1,CC1CCN(C(=O)Cc2cncc3ccccc23)CC1,5.73,C1CC(C)CCN1C(Cc1cncc2c1cccc2)=O,AArAAD{A{~B}Aasadaataaaaast}AAr,63.424947145877375
CCC(=O)N1CCCc2c1cccc2N(Cc1cccc(Cl)c1)C(=O)Cc1cncc2ccccc12,CCC(=O)N1CCCc2c1cccc2N(Cc1cccc(Cl)c1)C(=O)Cc1cncc2ccccc12,5.89,c1ccc2c(c1)cncc2CC(N(Cc1cccc(Cl)c1)c1c2c(ccc1)N(C(CC)=O)CCC2)=O,AAA{~B}DrAAAasaraaaasD{Aaraaaa{Z}ar}A{~B}Aaradaasaaaaars,60.04228329809726
CCC(=O)Nc1cccc(N(Cc2ccccc2)C(=O)Cc2cncc3ccccc23)c1,CCC(=O)Nc1cccc(N(Cc2ccccc2)C(=O)Cc2cncc3ccccc23)c1,4.55,N(Cc1ccccc1)(C(=O)Cc1cncc2ccccc12)c1cc(NC(=O)CC)ccc1,AAA{~B}Daraaaa{D{Aasaaaaas}A{~B}Aasadaataaaaast}ar,88.37209302325581
CCC(=O)[C@H]1CCCCN1C(=O)Cc1cncc2ccccc12,CCC(=O)[C@H]1CCCCN1C(=O)Cc1cncc2ccccc12,4.34,c1cc2c(cc1)cncc2CC(=O)N1[C@@H](C(CC)=O)CCCC1,AAA{~B}{A*Q}rAAAADrA{~B}Aaradaasaaaaars,92.81183932346724
CCC1(C)CCN(C(=O)Cc2cncc3ccccc23)CC1,CCC1(C)CCN(C(=O)Cc2cncc3ccccc23)CC1,6.13,C(c1cncc2ccccc12)C(N1CCC(CC)(C)CC1)=O,AAAr{A}AAD{A{~B}Aasadaataaaaast}AAr,54.96828752642707
CCC1CCN(C(=O)Cc2cncc3ccccc23)CC1,CCC1CCN(C(=O)Cc2cncc3ccccc23)CC1,6.04,C1CC(CC)CCN1C(=O)Cc1c2ccccc2cnc1,AAArAAD{A{~B}Aasadaataaaaast}AAr,56.87103594080339
CCCCNC(=O)c1cnc([C@H](NC(=O)CCl)c2cccc(Cl)c2)s1,CCCCNC(=O)c1cnc([C@H](NC(=O)CCl)c2cccc(Cl)c2)s1,5.25,C(N[C@@H](c1sc(C(=O)NCCCC)cn1)c1cc(Cl)ccc1)(CCl)=O,AAAADA{~B}arada{{A*Q}{DA{~B}AZ}asaaaa{Z}as}er,73.57293868921776
CCCCNC(=O)c1cnc([C@H](NC(=O)CCl)c2ccccc2)s1,CCCCNC(=O)c1cnc([C@H](NC(=O)CCl)c2ccccc2)s1,4.72,ClCC(=O)N[C@@H](c1ncc(C(NCCCC)=O)s1)c1ccccc1,AAAADA{~B}arada{{A*Q}{DA{~B}AZ}asaaaaas}er,84.77801268498943
CCCN(CCc1cccs1)C(=O)Cc1cncc2ccccc12,CCCN(CCc1cccs1)C(=O)Cc1cncc2ccccc12,4.68,c12c(CC(N(CCc3sccc3)CCC)=O)cncc1cccc2,AAAD{AAaraaaer}A{~B}Aaradaasaaaaars,85.62367864693447
CCC[C@]1(Cc2ccccc2)CCCN1C(=O)Cc1cncc2ccccc12,CCC[C@]1(Cc2ccccc2)CCCN1C(=O)Cc1cncc2ccccc12,5.1,C(C(=O)N1CCC[C@]1(CCC)Cc1ccccc1)c1c2c(cccc2)cnc1,AAA{A*}r{Aasaaaaas}AAADrA{~B}Aaradaasaaaaars,76.74418604651163
CCN1CCN(c2ccc(NC(=O)CN3Cc4ccc(Cl)cc4[C@H](C(=O)Nc4cncc5ccccc45)C3)cc2)CC1,CCN1CCN(c2ccc(NC(=O)CN3Cc4ccc(Cl)cc4[C@H](C(=O)Nc4cncc5ccccc45)C3)cc2)CC1,7.55,c1cc(Cl)cc2c1CN(CC(Nc1ccc(N3CCN(CC)CC3)cc1)=O)C[C@H]2C(=O)Nc1cncc2ccccc12,AADrAAD{asaaa{DA{~B}ADtAauaaa{Z}aau{A*Q}{A{~B}Dauadaavaaaaauv}At}aas}AAr,24.947145877378446
CCN1CCN(c2ccc(NC(=O)CN3Cc4ccc(Cl)cc4[C@H](C(=O)Nc4cncc5ccccc45)C3)cc2F)CC1,CCN1CCN(c2ccc(NC(=O)CN3Cc4ccc(Cl)cc4[C@H](C(=O)Nc4cncc5ccccc45)C3)cc2F)CC1,7.43,N1(c2ccc(NC(CN3C[C@@H](C(=O)Nc4cncc5ccccc54)c4cc(Cl)ccc4C3)=O)cc2F)CCN(CC)CC1,AADrAAD{asaaa{DA{~B}ADtAauaaa{Z}aau{A*Q}{A{~B}Dauadaavaaaaauv}At}aasG}AAr,27.48414376321354
CCNC(=O)CN1C[C@@]2(C(=O)N(c3cncc4ccccc34)C[C@@H]2C)c2cc(Cl)ccc2C1=O,CCNC(=O)CN1C[C@@]2(C(=O)N(c3cncc4ccccc34)C[C@@H]2C)c2cc(Cl)ccc2C1=O,7.73,c12c(cc(Cl)cc1)[C@@]1([C@@H](C)CN(c3c4c(cccc4)cnc3)C1=O)CN(CC(NCC)=O)C2=O,AADA{~B}ADrA{A**}s{A{~B}D{atadaauaaaaatu}A{A**Q}sA}asaa{Z}aaasAr~B,21.14164904862579
CCNC(=O)CN1C[C@@]2(C(=O)N(c3cncc4ccccc34)C[C@@H]2C)c2cc(F)ccc2C1=O,CCNC(=O)CN1C[C@@]2(C(=O)N(c3cncc4ccccc34)C[C@@H]2C)c2cc(F)ccc2C1=O,7.48,O=C(NCC)CN1C(=O)c2ccc(F)cc2[C@@]2([C@@H](C)CN(c3cncc4ccccc34)C2=O)C1,AADA{~B}ADrA{A**}s{A{~B}D{atadaauaaaaatu}A{A**Q}sA}asaa{G}aaasAr~B,26.42706131078224
CCNS(=O)(=O)OCC(=O)N1CCN(Cc2cccc(Cl)c2)[C@H]2CS(=O)(=O)C[C@H]21,CCNS(=O)(=O)OCC(=O)N1CCN(Cc2cccc(Cl)c2)[C@H]2CS(=O)(=O)C[C@H]21,6.67,C1[C@H]2N(C(COS(NCC)(=O)=O)=O)CCN(Cc3cccc(Cl)c3)[C@H]2CS1(=O)=O,AADE{~B}{~B}BAA{~B}DrAAD{Aasaaaa{Z}as}{A*Q}sAE{~B}{~B}A{A*Q}sr,43.55179704016914
CCO[C@@H]1CCCN(C(=O)Cc2cncc3ccccc23)C1,CCO[C@@H]1CCCN(C(=O)Cc2cncc3ccccc23)C1,4.14,c1c2cncc(CC(=O)N3C[C@H](OCC)CCC3)c2ccc1,AAB{A**Q}rAAAD{A{~B}Aasadaataaaaast}Ar,97.04016913319239
CCO[C@@H]1C[C@@H](C)N(C(=O)Cc2cncc3ccccc23)[C@@H](C)C1,CCO[C@@H]1C[C@@H](C)N(C(=O)Cc2cncc3ccccc23)[C@@H](C)C1,4.57,c12c(cncc1CC(N1[C@@H](C)C[C@H](OCC)C[C@H]1C)=O)cccc2,AAB{A**Q}rA{A**Q}{A}D{A{~B}Aasadaataaaaast}{A**Q}{A}Ar,87.94926004228329
CCO[C@H]1CN(c2cncc3ccccc23)C(=O)[C@@]12CN(CC(=O)NC)C(=O)c1ccc(Cl)cc12,CCO[C@H]1CN(c2cncc3ccccc23)C(=O)[C@@]12CN(CC(=O)NC)C(=O)c1ccc(Cl)cc12,7.37,c1c(Cl)cc2c(c1)C(=O)N(CC(=O)NC)C[C@]21[C@@H](OCC)CN(c2cncc3c2cccc3)C1=O,AAB{A*Q}rAD{asadaataaaaast}A{~B}{A**}rsAD{AA{~B}DA}A{~B}araaa{Z}aars,28.75264270613108
CCOc1ccc(CNC(=O)CN2Cc3ccc(Cl)cc3[C@H](C(=O)Nc3cncc4ccccc34)C2)cc1,CCOc1ccc(CNC(=O)CN2Cc3ccc(Cl)cc3[C@H](C(=O)Nc3cncc4ccccc34)C2)cc1,6.9,c12c(cc(Cl)cc1)[C@H](C(=O)Nc1cncc3c1cccc3)CN(CC(=O)NCc1ccc(OCC)cc1)C2,AABaraaa{ADA{~B}ADsAataaa{Z}aat{A*Q}{A{~B}Datadaauaaaaatu}As}aar,38.689217758985194
CCOc1cccc(CNC(=O)CN2Cc3ccc(Cl)cc3[C@H](C(=O)Nc3cncc4ccccc34)C2)c1,CCOc1cccc(CNC(=O)CN2Cc3ccc(Cl)cc3[C@H](C(=O)Nc3cncc4ccccc34)C2)c1,7.05,N(c1c2ccccc2cnc1)C([C@@H]1CN(CC(=O)NCc2cc(OCC)ccc2)Cc2c1cc(Cl)cc2)=O,AABaraaaa{ADA{~B}ADsAataaa{Z}aat{A*Q}{A{~B}Datadaauaaaaatu}As}ar,35.51797040169134
CCOc1ccccc1CNC(=O)CN1Cc2ccc(Cl)cc2[C@H](C(=O)Nc2cncc3ccccc23)C1,CCOc1ccccc1CNC(=O)CN1Cc2ccc(Cl)cc2[C@H](C(=O)Nc2cncc3ccccc23)C1,6.94,O=C(NCc1c(OCC)cccc1)CN1C[C@@H](C(=O)Nc2c3c(cnc2)cccc3)c2cc(Cl)ccc2C1,AABaraaaaarADA{~B}ADrAasaaa{Z}aas{A*Q}{A{~B}Dasadaataaaaast}Ar,37.84355179704016
CCS(=O)(=O)N1CC2(C1)C(=O)N(c1cncc3ccccc13)C(=O)N2C,CCS(=O)(=O)N1CC2(C1)C(=O)N(c1cncc3ccccc13)C(=O)N2C,4.76,c1c(N2C(=O)N(C)C3(CN(S(=O)(=O)CC)C3)C2=O)c2ccccc2cn1,AAE{~B}{~B}DrAAs{Ar}A{~B}D{aradaataaaaart}A{~B}DsA,83.9323467230444
CCS(=O)(=O)N[C@H]1CN(c2cncc3ccccc23)C(=O)[C@@]12CN(CC(=O)NC)C(=O)c1ccc(Cl)cc12,CCS(=O)(=O)N[C@H]1CN(c2cncc3ccccc23)C(=O)[C@@]12CN(CC(=O)NC)C(=O)c1ccc(Cl)cc12,6.87,O=S(CC)(N[C@H]1CN(c2cncc3c2cccc3)C(=O)[C@@]12CN(CC(NC)=O)C(=O)c1ccc(Cl)cc12)=O,AAE{~B}{~B}D{A*Q}rAD{asadaataaaaast}A{~B}{A**}rsAD{AA{~B}DA}A{~B}araaa{Z}aars,39.323467230443974
CC[C@@H]1C[C@H](C)CCN1C(=O)Cc1cncc2ccccc12,CC[C@@H]1C[C@H](C)CCN1C(=O)Cc1cncc2ccccc12,5.64,[C@H]1(C)C[C@@H](CC)N(C(=O)Cc2c3c(cnc2)cccc3)CC1,AA{A**Q}rA{A*Q}{A}AADrA{~B}Aaradaasaaaaars,65.3276955602537
CC[C@H](C(=O)Nc1cncc2ccccc12)c1cc(F)c(F)c(F)c1,CC[C@H](C(=O)Nc1cncc2ccccc12)c1cc(F)c(F)c(F)c1,6.11,c1cccc2cncc(NC([C@H](c3cc(F)c(F)c(F)c3)CC)=O)c12,AA{A*Q}{A{~B}Daradaasaaaaars}araa{G}a{G}a{G}ar,55.39112050739957
CC[C@H](C(=O)Nc1cncc2ccccc12)c1ccccc1,CC[C@H](C(=O)Nc1cncc2ccccc12)c1ccccc1,5.03,c12c(cccc1)cncc2NC(=O)[C@H](c1ccccc1)CC,AA{A*Q}{A{~B}Daradaasaaaaars}araaaaar,78.22410147991543
CC[C@H](C)OC1CCN(C(=O)Cc2cncc3ccccc23)CC1,CC[C@H](C)OC1CCN(C(=O)Cc2cncc3ccccc23)CC1,4.33,C[C@@H](CC)OC1CCN(C(=O)Cc2c3c(cnc2)cccc3)CC1,AA{A*Q}{A}BArAAD{A{~B}Aasadaataaaaast}AAr,93.0232558139535
CC[C@H](c1ccccc1)[C@H]1CCCN1C(=O)Cc1cncc2ccccc12,CC[C@H](c1ccccc1)[C@H]1CCCN1C(=O)Cc1cncc2ccccc12,4.92,c1cccc2c1c(CC(=O)N1CCC[C@@H]1[C@@H](c1ccccc1)CC)cnc2,AA{A*Q}{araaaaar}{A*Q}rAAADrA{~B}Aaradaasaaaaars,80.54968287526428
CC[C@H]1CCCN(C(=O)Cc2cncc3ccccc23)C1,CC[C@H]1CCCN(C(=O)Cc2cncc3ccccc23)C1,4.8100000000000005,c1(CC(=O)N2C[C@@H](CC)CCC2)cncc2ccccc12,AA{A*Q}rAAAD{A{~B}Aasadaataaaaast}Ar,82.8752642706131
CC[C@H]1CN(C(=O)Cc2cncc3ccccc23)C[C@@H]1c1ccc(OC)cc1,CC[C@H]1CN(C(=O)Cc2cncc3ccccc23)C[C@@H]1c1ccc(OC)cc1,4.88,O=C(Cc1c2ccccc2cnc1)N1C[C@H](c2ccc(OC)cc2)[C@@H](CC)C1,AA{A*Q}rAD{A{~B}Aasadaataaaaast}A{A**Q}raraaa{BA}aar,81.39534883720931
CC[C@H]1C[C@@H](C(F)(F)F)CCN1C(=O)Cc1cncc2ccccc12,CC[C@H]1C[C@@H](C(F)(F)F)CCN1C(=O)Cc1cncc2ccccc12,5.98,c1ccc2c(CC(N3CC[C@H](C(F)(F)F)C[C@@H]3CC)=O)cncc2c1,AA{A*Q}rA{A**Q}{A{G}{G}G}AADrA{~B}Aaradaasaaaaars,58.13953488372093
CC[C@H]1c2ccsc2CCN1C(=O)Cc1cncc2ccccc12,CC[C@H]1c2ccsc2CCN1C(=O)Cc1cncc2ccccc12,6.109999999999999,c1(CC(N2CCc3c(ccs3)[C@@H]2CC)=O)c2c(cnc1)cccc2,AA{A*Q}rasaaeasAADrA{~B}Aaradaasaaaaars,55.3911205073996
CCc1cc([C@H]2CCCCN2C(=O)Cc2cncc3ccccc23)on1,CCc1cc([C@H]2CCCCN2C(=O)Cc2cncc3ccccc23)on1,4.54,O=C(Cc1c2ccccc2cnc1)N1CCCC[C@@H]1c1onc(CC)c1,AAaraa{{A*Q}sAAAADsA{~B}Aasadaataaaaast}bdr,88.58350951374207
CCc1cc([C@H]2CCCN2C(=O)Cc2cncc3ccccc23)on1,CCc1cc([C@H]2CCCN2C(=O)Cc2cncc3ccccc23)on1,4.25,c12ccccc1cncc2CC(N1[C@@H](c2onc(CC)c2)CCC1)=O,AAaraa{{A*Q}sAAADsA{~B}Aasadaataaaaast}bdr,94.71458773784356
CCc1ccc(CNC(=O)CN2Cc3ccc(Cl)cc3[C@H](C(=O)Nc3cncc4ccccc34)C2)cc1,CCc1ccc(CNC(=O)CN2Cc3ccc(Cl)cc3[C@H](C(=O)Nc3cncc4ccccc34)C2)cc1,6.99,n1cc(NC(=O)[C@H]2c3c(ccc(Cl)c3)CN(CC(=O)NCc3ccc(CC)cc3)C2)c2c(cccc2)c1,AAaraaa{ADA{~B}ADsAataaa{Z}aat{A*Q}{A{~B}Datadaauaaaaatu}As}aar,36.78646934460888
CCc1ccc([C@H]2C[C@H](C)CCN2C(=O)Cc2cncc3ccccc23)o1,CCc1ccc([C@H]2C[C@H](C)CCN2C(=O)Cc2cncc3ccccc23)o1,6.256666666666667,c1(CC(N2[C@@H](c3oc(CC)cc3)C[C@H](C)CC2)=O)cncc2ccccc12,AAaraaa{{A*Q}sA{A*Q}{A}AADsA{~B}Aasadaataaaaast}br,52.29034531360113
CCc1cccc([C@H]2CCN(C(=O)Cc3cncc4ccccc34)C2)c1,CCc1cccc([C@H]2CCN(C(=O)Cc3cncc4ccccc34)C2)c1,4.55,c1ccc2c(CC(=O)N3C[C@@H](c4cc(CC)ccc4)CC3)cncc2c1,AAaraaaa{{A*Q}sAAD{A{~B}Aatadaauaaaaatu}As}ar,88.37209302325581
CCc1nc([C@H]2CCCN2C(=O)Cc2cncc3ccccc23)no1,CCc1nc([C@H]2CCCN2C(=O)Cc2cncc3ccccc23)no1,4.2,[C@@H]1(c2noc(CC)n2)N(C(=O)Cc2c3c(cccc3)cnc2)CCC1,AAarda{{A*Q}sAAADsA{~B}Aasadaataaaaast}dbr,95.77167019027483
CCn1ccc(CN(C(=O)Cc2cncc3ccccc23)c2ccc(C(C)C)cc2)n1,CCn1ccc(CN(C(=O)Cc2cncc3ccccc23)c2ccc(C(C)C)cc2)n1,5.38,c1cc(N(C(Cc2c3ccccc3cnc2)=O)Cc2nn(CC)cc2)ccc1C(C)C,AAdraaa{AD{A{~B}Aasadaataaaaast}asaaa{A{A}A}aas}dr,70.82452431289641
CCn1ccnc1[C@H]1CCCCN1C(=O)Cc1cncc2ccccc12,CCn1ccnc1[C@H]1CCCCN1C(=O)Cc1cncc2ccccc12,4.14,C1CC[C@H](c2n(CC)ccn2)N(C(=O)Cc2c3c(cccc3)cnc2)C1,AAdraadar{A*Q}rAAAADrA{~B}Aaradaasaaaaars,97.04016913319239
CCn1nccc1CN1C[C@@]2(C(=O)N(c3cncc4ccccc34)C[C@@H]2C)c2cc(F)ccc2C1=O,CCn1nccc1CN1C[C@@]2(C(=O)N(c3cncc4ccccc34)C[C@@H]2C)c2cc(F)ccc2C1=O,7.28,O=C1[C@]2([C@@H](C)CN1c1c3ccccc3cnc1)CN(Cc1n(CC)ncc1)C(=O)c1ccc(F)cc12,AAdrdaaarADrA{A**}s{A{~B}D{atadaauaaaaatu}A{A**Q}sA}asaa{G}aaasAr~B,30.655391120507403
CN(C(=O)Cc1cncc2ccccc12)[C@H](c1ccc(Cl)cc1)C1CC1,CN(C(=O)Cc1cncc2ccccc12)[C@H](c1ccc(Cl)cc1)C1CC1,4.8,Clc1ccc([C@@H](N(C(=O)Cc2c3ccccc3cnc2)C)C2CC2)cc1,AD{A{~B}Aaradaasaaaaars}{A*Q}{araaa{Z}aar}ArAAr,83.08668076109937
CN(C)C(=O)CN(Cc1cccc(Cl)c1)C(=O)Cc1cncc2ccccc12,CN(C)C(=O)CN(Cc1cccc(Cl)c1)C(=O)Cc1cncc2ccccc12,5.21,N(CC(=O)N(C)C)(Cc1cccc(Cl)c1)C(=O)Cc1c2c(cnc1)cccc2,AD{A}A{~B}AD{Aaraaaa{Z}ar}A{~B}Aaradaasaaaaars,74.4186046511628
CN(C)C(=O)CN(Cc1ccccc1)C(=O)Cc1cncc2ccccc12,CN(C)C(=O)CN(Cc1ccccc1)C(=O)Cc1cncc2ccccc12,4.55,O=C(N(Cc1ccccc1)CC(N(C)C)=O)Cc1cncc2ccccc21,AD{A}A{~B}AD{Aaraaaaar}A{~B}Aaradaasaaaaars,88.37209302325581
CN(C)C(=O)[C@H]1CCCN(C(=O)Cc2cncc3ccccc23)C1,CN(C)C(=O)[C@H]1CCCN(C(=O)Cc2cncc3ccccc23)C1,4.55,C1C[C@H](C(=O)N(C)C)CN(C(=O)Cc2cncc3c2cccc3)C1,AD{A}A{~B}{A*Q}rAAAD{A{~B}Aasadaataaaaast}Ar,88.37209302325581
CN(C)CCN(Cc1cccc(Cl)c1)C(=O)Cc1cncc2ccccc12,CN(C)CCN(Cc1cccc(Cl)c1)C(=O)Cc1cncc2ccccc12,4.67,c1ncc(CC(N(Cc2cc(Cl)ccc2)CCN(C)C)=O)c2c1cccc2,AD{A}AAD{Aaraaaa{Z}ar}A{~B}Aaradaasaaaaars,85.83509513742072
CN(C)[C@]1(C)CCN(C(=O)Cc2cncc3ccccc23)C1,CN(C)[C@]1(C)CCN(C(=O)Cc2cncc3ccccc23)C1,4.19,c1cccc2cncc(CC(=O)N3C[C@](C)(N(C)C)CC3)c12,AD{A}{A*}r{A}AAD{A{~B}Aasadaataaaaast}Ar,95.98308668076109
CN(C)c1ccc(N(Cc2cccc(Cl)c2)C(=O)Cc2cncc3ccccc23)nc1,CN(C)c1ccc(N(Cc2cccc(Cl)c2)C(=O)Cc2cncc3ccccc23)nc1,6.5,n1c(N(C(=O)Cc2c3ccccc3cnc2)Cc2cccc(Cl)c2)ccc(N(C)C)c1,AD{A}araaa{D{Aasaaaa{Z}as}A{~B}Aasadaataaaaast}dar,47.14587737843553
CN(C)c1cccc([C@H]2CCCN2C(=O)Cc2cncc3ccccc23)c1,CN(C)c1cccc([C@H]2CCCN2C(=O)Cc2cncc3ccccc23)c1,4.34,c1c2c(CC(=O)N3CCC[C@@H]3c3cccc(N(C)C)c3)cncc2ccc1,AD{A}araaaa{{A*Q}sAAADsA{~B}Aasadaataaaaast}ar,92.81183932346724
CN(CCc1ccccc1)C(=O)CN1Cc2ccc(Cl)cc2[C@H](C(=O)Nc2cncc3ccccc23)C1,CN(CCc1ccccc1)C(=O)CN1Cc2ccc(Cl)cc2[C@H](C(=O)Nc2cncc3ccccc23)C1,6.01,N1(CC(=O)N(CCc2ccccc2)C)C[C@@H](C(Nc2c3ccccc3cnc2)=O)c2c(ccc(Cl)c2)C1,AD{AAaraaaaar}A{~B}ADrAasaaa{Z}aas{A*Q}{A{~B}Dasadaataaaaast}Ar,57.50528541226216
CN(CCc1ccccc1Cl)C(=O)Cc1cncc2ccccc12,CN(CCc1ccccc1Cl)C(=O)Cc1cncc2ccccc12,4.56,C(N(C(=O)Cc1c2c(cnc1)cccc2)C)Cc1ccccc1Cl,AD{AAaraaaaarZ}A{~B}Aaradaasaaaaars,88.16067653276956
CN(C[C@H]1CCCN1C(=O)Cc1cncc2ccccc12)c1ccccc1,CN(C[C@H]1CCCN1C(=O)Cc1cncc2ccccc12)c1ccccc1,4.91,C([C@@H]1N(C(Cc2cncc3ccccc32)=O)CCC1)N(C)c1ccccc1,AD{A{A*Q}rAAADrA{~B}Aaradaasaaaaars}araaaaar,80.76109936575052
CN(Cc1cccc(Cl)c1)C(=O)Cc1cncc2ccccc12,CN(Cc1cccc(Cl)c1)C(=O)Cc1cncc2ccccc12,5.23,c1(CC(N(Cc2cccc(Cl)c2)C)=O)c2ccccc2cnc1,AD{Aaraaaa{Z}ar}A{~B}Aaradaasaaaaars,73.99577167019027
CN(c1ccccc1)[C@H]1CCN(C(=O)Cc2cncc3ccccc23)C1,CN(c1ccccc1)[C@H]1CCN(C(=O)Cc2cncc3ccccc23)C1,4.51,C1N(C(=O)Cc2cncc3ccccc23)CC[C@@H]1N(C)c1ccccc1,AD{araaaaar}{A*Q}rAAD{A{~B}Aasadaataaaaast}Ar,89.21775898520085
CN1C(=O)N(c2cncc3ccccc23)C(=O)C12CN(Cc1ccccc1)C2,CN1C(=O)N(c2cncc3ccccc23)C(=O)C12CN(Cc1ccccc1)C2,5.4,c1c2c(N3C(=O)N(C)C4(CN(Cc5ccccc5)C4)C3=O)cncc2ccc1,ADrA{~B}D{asadaataaaaast}A{~B}ArsAD{Aaraaaaar}As,70.40169133192389
CN1C(=O)N(c2cncc3ccccc23)C(=O)C12CN(S(=O)(=O)C1CC1)C2,CN1C(=O)N(c2cncc3ccccc23)C(=O)C12CN(S(=O)(=O)C1CC1)C2,4.74,c12c(c(N3C(=O)N(C)C4(CN(S(=O)(=O)C5CC5)C4)C3=O)cnc1)cccc2,ADrA{~B}D{asadaataaaaast}A{~B}ArsAD{E{~B}{~B}ArAAr}As,84.3551797040169
CN1C(=O)N(c2cncc3ccccc23)C(=O)C12CN(S(=O)(=O)c1ccccc1)C2,CN1C(=O)N(c2cncc3ccccc23)C(=O)C12CN(S(=O)(=O)c1ccccc1)C2,5.12,c1c2c(cccc2)c(N2C(=O)C3(CN(S(=O)(c4ccccc4)=O)C3)N(C)C2=O)cn1,ADrA{~B}D{asadaataaaaast}A{~B}ArsAD{E{~B}{~B}araaaaar}As,76.32135306553911
CN1C(=O)N(c2cncc3ccccc23)C(=O)[C@@H]1Cc1ccccc1,CN1C(=O)N(c2cncc3ccccc23)C(=O)[C@@H]1Cc1ccccc1,4.06,c1ccccc1C[C@@H]1N(C)C(=O)N(c2c3ccccc3cnc2)C1=O,ADrA{~B}D{asadaataaaaast}A{~B}{A**Q}rAaraaaaar,98.73150105708245
CN1C(=O)N(c2cncc3ccccc23)C(=O)[C@H]1Cc1ccccc1,CN1C(=O)N(c2cncc3ccccc23)C(=O)[C@H]1Cc1ccccc1,4.06,C1(=O)N(c2cncc3ccccc23)C(=O)N(C)[C@@H]1Cc1ccccc1,ADrA{~B}D{asadaataaaaast}A{~B}{A*Q}rAaraaaaar,98.73150105708245
CN1C(=O)[C@]2(CCN(c3cncc4ccccc34)C2=O)c2cc(Cl)ccc21,CN1C(=O)[C@]2(CCN(c3cncc4ccccc34)C2=O)c2cc(Cl)ccc21,5.21,C1(=O)N(c2c3ccccc3cnc2)CC[C@@]12c1cc(Cl)ccc1N(C)C2=O,ADrA{~B}{A*}s{AAD{atadaauaaaaatu}As~B}asaa{Z}aaasr,74.4186046511628
CN1C(=O)c2ccc(Cl)cc2[C@]12CCCN(c1cncc3ccccc13)C2=O,CN1C(=O)c2ccc(Cl)cc2[C@]12CCCN(c1cncc3ccccc13)C2=O,5.57,c1ccc2cncc(N3C(=O)[C@@]4(CCC3)N(C)C(=O)c3ccc(Cl)cc34)c2c1,ADrA{~B}asaaa{Z}aas{A*}rsAAAD{aradaataaaaart}As~B,66.8076109936575
CN1C(=O)c2ccc(Cl)cc2[C@]12CCN(c1cncc3ccccc13)C2=O,CN1C(=O)c2ccc(Cl)cc2[C@]12CCN(c1cncc3ccccc13)C2=O,4.73,Clc1ccc2c(c1)[C@@]1(N(C)C2=O)CCN(c2c3ccccc3cnc2)C1=O,ADrA{~B}asaaa{Z}aas{A*}rsAAD{aradaataaaaart}As~B,84.56659619450316
CN1CC2(CCN(C(=O)Cc3cncc4ccccc34)CC2)c2ccccc21,CN1CC2(CCN(C(=O)Cc3cncc4ccccc34)CC2)c2ccccc21,4.54,N1(C(=O)Cc2cncc3ccccc23)CCC2(CN(C)c3ccccc32)CC1,ADrAAs{AAD{A{~B}Aatadaauaaaaatu}AAs}asaaaaasr,88.58350951374207
CN1CCC[C@H]2CCN(C(=O)Cc3cncc4ccccc34)C[C@H]21,CN1CCC[C@H]2CCN(C(=O)Cc3cncc4ccccc34)C[C@H]21,4.37,N1(C(Cc2cncc3ccccc23)=O)C[C@H]2N(C)CCC[C@H]2CC1,ADrAAA{A*Q}sAAD{A{~B}Aatadaauaaaaatu}A{A*Q}sr,92.17758985200847
CN1CCN(c2ccc(NC(=O)CN3Cc4ccc(Cl)cc4[C@H](C(=O)Nc4cncc5ccccc45)C3)cc2)CC1,CN1CCN(c2ccc(NC(=O)CN3Cc4ccc(Cl)cc4[C@H](C(=O)Nc4cncc5ccccc45)C3)cc2)CC1,6.69,c1c(N2CCN(C)CC2)ccc(NC(=O)CN2C[C@@H](C(=O)Nc3cncc4c3cccc4)c3cc(Cl)ccc3C2)c1,ADrAAD{asaaa{DA{~B}ADtAauaaa{Z}aau{A*Q}{A{~B}Dauadaavaaaaauv}At}aas}AAr,43.12896405919661
CN1CCN(c2ccc(NC(=O)CN3Cc4ccc(Cl)cc4[C@H](C(=O)Nc4cncc5ccccc45)C3)cc2F)CC1,CN1CCN(c2ccc(NC(=O)CN3Cc4ccc(Cl)cc4[C@H](C(=O)Nc4cncc5ccccc45)C3)cc2F)CC1,7.24,C(C(=O)Nc1cc(F)c(N2CCN(C)CC2)cc1)N1C[C@@H](C(=O)Nc2c3c(cccc3)cnc2)c2c(ccc(Cl)c2)C1,ADrAAD{asaaa{DA{~B}ADtAauaaa{Z}aau{A*Q}{A{~B}Dauadaavaaaaauv}At}aasG}AAr,31.501057082452434
CN1CCN(c2ccccc2NC(=O)CN2Cc3ccc(Cl)cc3[C@H](C(=O)Nc3cncc4ccccc34)C2)CC1,CN1CCN(c2ccccc2NC(=O)CN2Cc3ccc(Cl)cc3[C@H](C(=O)Nc3cncc4ccccc34)C2)CC1,5.78,c12ccc(Cl)cc1[C@H](C(Nc1c3c(cnc1)cccc3)=O)CN(CC(=O)Nc1ccccc1N1CCN(C)CC1)C2,ADrAAD{asaaaaasDA{~B}ADsAataaa{Z}aat{A*Q}{A{~B}Datadaauaaaaatu}As}AAr,62.36786469344608
CN1C[C@H](C(=O)Nc2cncc3ccccc23)c2cc(C#N)ccc2C1=O,CN1C[C@H](C(=O)Nc2cncc3ccccc23)c2cc(C#N)ccc2C1=O,5.5,C(Nc1cncc2ccccc21)(=O)[C@H]1CN(C)C(=O)c2ccc(C#N)cc21,ADrA{A*Q}{A{~B}Dasadaataaaaast}asaa{A^D}aaasAr~B,68.28752642706132
CN1C[C@H](C(=O)Nc2cncc3ccccc23)c2cc(C(F)(F)F)ccc2C1=O,CN1C[C@H](C(=O)Nc2cncc3ccccc23)c2cc(C(F)(F)F)ccc2C1=O,5.095000000000001,c1c(NC([C@@H]2c3c(ccc(C(F)(F)F)c3)C(=O)N(C)C2)=O)c2c(cn1)cccc2,ADrA{A*Q}{A{~B}Dasadaataaaaast}asaa{A{G}{G}G}aaasAr~B,76.84989429175475
CN1C[C@H](C(=O)Nc2cncc3ccccc23)c2cc(C3CC3)ccc2C1=O,CN1C[C@H](C(=O)Nc2cncc3ccccc23)c2cc(C3CC3)ccc2C1=O,4.82,c1cc2c(c(NC(=O)[C@H]3CN(C)C(=O)c4c3cc(C3CC3)cc4)cnc2)cc1,ADrA{A*Q}{A{~B}Dasadaataaaaast}asaa{AtAAt}aaasAr~B,82.66384778012684
CN1C[C@H](C(=O)Nc2cncc3ccccc23)c2cc(CC#N)ccc2C1=O,CN1C[C@H](C(=O)Nc2cncc3ccccc23)c2cc(CC#N)ccc2C1=O,4.205,n1cc(NC(=O)[C@@H]2c3c(ccc(CC#N)c3)C(=O)N(C)C2)c2c(cccc2)c1,ADrA{A*Q}{A{~B}Dasadaataaaaast}asaa{AA^D}aaasAr~B,95.66596194503171
CN1C[C@H](C(=O)Nc2cncc3ccccc23)c2cc(CO)ccc2C1=O,CN1C[C@H](C(=O)Nc2cncc3ccccc23)c2cc(CO)ccc2C1=O,4.34,c1c(NC(=O)[C@@H]2c3cc(CO)ccc3C(=O)N(C)C2)c2c(cccc2)cn1,ADrA{A*Q}{A{~B}Dasadaataaaaast}asaa{AB}aaasAr~B,92.81183932346724
CN1C[C@H](C(=O)Nc2cncc3ccccc23)c2cc(Cl)ccc2C1=O,CN1C[C@H](C(=O)Nc2cncc3ccccc23)c2cc(Cl)ccc2C1=O,5.91,c12c(cc(Cl)cc1)[C@@H](C(=O)Nc1c3ccccc3cnc1)CN(C)C2=O,ADrA{A*Q}{A{~B}Dasadaataaaaast}asaa{Z}aaasAr~B,59.61945031712473
CN1C[C@H](C(=O)Nc2cncc3ccccc23)c2cc(F)ccc2C1=O,CN1C[C@H](C(=O)Nc2cncc3ccccc23)c2cc(F)ccc2C1=O,5.68,O=C(Nc1c2ccccc2cnc1)[C@@H]1c2cc(F)ccc2C(=O)N(C)C1,ADrA{A*Q}{A{~B}Dasadaataaaaast}asaa{G}aaasAr~B,64.48202959830867
CN1C[C@H](C(=O)Nc2cncc3ccccc23)c2ccccc2C1=O,CN1C[C@H](C(=O)Nc2cncc3ccccc23)c2ccccc2C1=O,5.22,c1ccc2cncc(NC([C@@H]3c4c(cccc4)C(=O)N(C)C3)=O)c2c1,ADrA{A*Q}{A{~B}Dasadaataaaaast}asaaaaasAr~B,74.20718816067654
CN1C[C@H](Cc2ccccc2)N(C(=O)Cc2cncc3ccccc23)CC1=O,CN1C[C@H](Cc2ccccc2)N(C(=O)Cc2cncc3ccccc23)CC1=O,4.49,C(c1c2ccccc2cnc1)C(=O)N1[C@@H](Cc2ccccc2)CN(C)C(=O)C1,ADrA{A*Q}{Aasaaaaas}D{A{~B}Aasadaataaaaast}AAr~B,89.64059196617335
CN1C[C@H]2[C@H](CCCN2C(=O)Cc2cncc3ccccc23)C1=O,CN1C[C@H]2[C@H](CCCN2C(=O)Cc2cncc3ccccc23)C1=O,4.05,C1N(C)C(=O)[C@@H]2[C@H]1N(C(=O)Cc1cncc3ccccc31)CCC2,ADrA{A*Q}s{A*Q}{AAADsA{~B}Aasadaataaaaast}Ar~B,98.94291754756871
CN1C[C@]2(CCCN(c3cncc4ccccc34)C2=O)c2cc(Cl)ccc2C1=O,CN1C[C@]2(CCCN(c3cncc4ccccc34)C2=O)c2cc(Cl)ccc2C1=O,5.98,O=C1c2ccc(Cl)cc2[C@]2(C(=O)N(c3c4c(cccc4)cnc3)CCC2)CN1C,ADrA{A*}s{AAAD{atadaauaaaaatu}As~B}asaa{Z}aaasAr~B,58.13953488372093
CN1C[C@]2(CCN(c3cncc4ccccc34)C2=O)c2cc(Cl)ccc2C1=O,CN1C[C@]2(CCN(c3cncc4ccccc34)C2=O)c2cc(Cl)ccc2C1=O,6.31,c12c(c(N3CC[C@@]4(c5c(ccc(Cl)c5)C(=O)N(C)C4)C3=O)cnc1)cccc2,ADrA{A*}s{AAD{atadaauaaaaatu}As~B}asaa{Z}aaasAr~B,51.16279069767443
CN1c2ccccc2N(CCNC(=O)c2cncc3ccccc23)S1(=O)=O,CN1c2ccccc2N(CCNC(=O)c2cncc3ccccc23)S1(=O)=O,4.15,N1(CCNC(c2c3ccccc3cnc2)=O)S(=O)(=O)N(C)c2ccccc21,ADrasaaaaasD{AADA{~B}asadaataaaaast}Er{~B}~B,96.82875264270612
CNC(=O)C1(N2C[C@@]3(C(=O)N(c4cncc5ccccc45)C[C@@H]3C)c3cc(Cl)ccc3C2=O)CC1,CNC(=O)C1(N2C[C@@]3(C(=O)N(c4cncc5ccccc45)C[C@@H]3C)c3cc(Cl)ccc3C2=O)CC1,8.04,CNC(C1(N2C(=O)c3ccc(Cl)cc3[C@]3(C2)[C@@H](C)CN(c2cncc4ccccc24)C3=O)CC1)=O,ADA{~B}Ar{DsA{A**}t{A{~B}D{auadaavaaaaauv}A{A**Q}tA}ataa{Z}aaatAs~B}AAr,14.587737843551823
CNC(=O)C1(N2C[C@@]3(C(=O)N(c4cncc5ccccc45)C[C@@H]3C)c3cc(F)ccc3C2=O)CC1,CNC(=O)C1(N2C[C@@]3(C(=O)N(c4cncc5ccccc45)C[C@@H]3C)c3cc(F)ccc3C2=O)CC1,7.57,c1c(N2C(=O)[C@@]3(CN(C4(C(=O)NC)CC4)C(=O)c4ccc(F)cc43)[C@@H](C)C2)c2c(cn1)cccc2,ADA{~B}Ar{DsA{A**}t{A{~B}D{auadaavaaaaauv}A{A**Q}tA}ataa{G}aaatAs~B}AAr,24.52431289640592
CNC(=O)C1(N2C[C@@]3(CCN(c4cncc5ccccc45)C3=O)c3cc(Cl)ccc3C2=O)CC1,CNC(=O)C1(N2C[C@@]3(CCN(c4cncc5ccccc45)C3=O)c3cc(Cl)ccc3C2=O)CC1,4.4,n1cc2ccccc2c(N2C(=O)[C@@]3(CC2)CN(C2(C(NC)=O)CC2)C(=O)c2c3cc(Cl)cc2)c1,ADA{~B}Ar{DsA{A**}t{AAD{auadaavaaaaauv}At~B}ataa{Z}aaatAs~B}AAr,91.54334038054968
CNC(=O)C1(N2C[C@]3(CCN(c4cncc5ccccc45)C3=O)c3cc(Cl)ccc3C2=O)CC1,CNC(=O)C1(N2C[C@]3(CCN(c4cncc5ccccc45)C3=O)c3cc(Cl)ccc3C2=O)CC1,7.54,c12ccccc1cncc2N1C(=O)[C@]2(c3c(ccc(Cl)c3)C(=O)N(C3(C(=O)NC)CC3)C2)CC1,ADA{~B}Ar{DsA{A*}t{AAD{auadaavaaaaauv}At~B}ataa{Z}aaatAs~B}AAr,25.1585623678647
CNC(=O)CN(Cc1cccc(Cl)c1)C(=O)Cc1cncc2ccccc12,CNC(=O)CN(Cc1cccc(Cl)c1)C(=O)Cc1cncc2ccccc12,5.36,c1(CC(=O)N(CC(=O)NC)Cc2cccc(Cl)c2)cncc2ccccc12,ADA{~B}AD{Aaraaaa{Z}ar}A{~B}Aaradaasaaaaars,71.24735729386892
CNC(=O)CN1C[C@@]2(C(=O)N(c3cncc4ccccc34)C[C@@H]2C)c2c(F)cccc2C1=O,CNC(=O)CN1C[C@@]2(C(=O)N(c3cncc4ccccc34)C[C@@H]2C)c2c(F)cccc2C1=O,4.38,n1cc(N2C(=O)[C@@]3(CN(CC(=O)NC)C(=O)c4cccc(F)c43)[C@@H](C)C2)c2ccccc2c1,ADA{~B}ADrA{A**}s{A{~B}D{atadaauaaaaatu}A{A**Q}sA}asa{G}aaaasAr~B,91.96617336152221
CNC(=O)CN1C[C@@]2(C(=O)N(c3cncc4ccccc34)C[C@@H]2C)c2cc(Cl)ccc2C1=O,CNC(=O)CN1C[C@@]2(C(=O)N(c3cncc4ccccc34)C[C@@H]2C)c2cc(Cl)ccc2C1=O,7.87,c1c2c(cc(Cl)c1)[C@@]1([C@@H](C)CN(c3c4c(cnc3)cccc4)C1=O)CN(CC(=O)NC)C2=O,ADA{~B}ADrA{A**}s{A{~B}D{atadaauaaaaatu}A{A**Q}sA}asaa{Z}aaasAr~B,18.181818181818187
CNC(=O)CN1C[C@@]2(C(=O)N(c3cncc4ccccc34)C[C@@H]2C)c2ccc(F)cc2C1=O,CNC(=O)CN1C[C@@]2(C(=O)N(c3cncc4ccccc34)C[C@@H]2C)c2ccc(F)cc2C1=O,6.28,C1N(c2cncc3ccccc32)C(=O)[C@]2(c3ccc(F)cc3C(=O)N(CC(=O)NC)C2)[C@H]1C,ADA{~B}ADrA{A**}s{A{~B}D{atadaauaaaaatu}A{A**Q}sA}asaaa{G}aasAr~B,51.7970401691332
CNC(=O)CN1C[C@@]2(C(=O)N(c3cncc4ccccc34)C[C@@H]2C)c2cccc(F)c2C1=O,CNC(=O)CN1C[C@@]2(C(=O)N(c3cncc4ccccc34)C[C@@H]2C)c2cccc(F)c2C1=O,5.89,N1(CC(NC)=O)C(=O)c2c(F)cccc2[C@]2(C(=O)N(c3cncc4ccccc34)C[C@@H]2C)C1,ADA{~B}ADrA{A**}s{A{~B}D{atadaauaaaaatu}A{A**Q}sA}asaaaa{G}asAr~B,60.04228329809726
CNC(=O)CN1C[C@@]2(C(=O)N(c3cncc4ccccc34)C[C@@H]2C)c2ccccc2C1=O,CNC(=O)CN1C[C@@]2(C(=O)N(c3cncc4ccccc34)C[C@@H]2C)c2ccccc2C1=O,6.48,c1c2cncc(N3C[C@H](C)[C@]4(CN(CC(=O)NC)C(=O)c5ccccc54)C3=O)c2ccc1,ADA{~B}ADrA{A**}s{A{~B}D{atadaauaaaaatu}A{A**Q}sA}asaaaaasAr~B,47.56871035940803
CNC(=O)CN1C[C@@]2(C(=O)N(c3cncc4ccccc34)C[C@@H]2C)c2cnccc2C1=O,CNC(=O)CN1C[C@@]2(C(=O)N(c3cncc4ccccc34)C[C@@H]2C)c2cnccc2C1=O,5.59,C[C@@H]1[C@]2(CN(CC(=O)NC)C(=O)c3c2cncc3)C(=O)N(c2c3ccccc3cnc2)C1,ADA{~B}ADrA{A**}s{A{~B}D{atadaauaaaaatu}A{A**Q}sA}asadaaasAr~B,66.38477801268499
CNC(=O)CN1C[C@@]2(C(=O)N(c3cncc4ccccc34)C[C@@H]2CC#N)c2cc(Cl)ccc2C1=O,CNC(=O)CN1C[C@@]2(C(=O)N(c3cncc4ccccc34)C[C@@H]2CC#N)c2cc(Cl)ccc2C1=O,7.41,c1(Cl)ccc2c(c1)[C@]1(CN(CC(NC)=O)C2=O)[C@@H](CC#N)CN(c2c3c(cccc3)cnc2)C1=O,ADA{~B}ADrA{A**}s{A{~B}D{atadaauaaaaatu}A{A**Q}sAA^D}asaa{Z}aaasAr~B,27.90697674418605
CNC(=O)CN1C[C@@]2(C(=O)N(c3cncc4ccccc34)C[C@@H]2CC#N)c2cc(F)ccc2C1=O,CNC(=O)CN1C[C@@]2(C(=O)N(c3cncc4ccccc34)C[C@@H]2CC#N)c2cc(F)ccc2C1=O,6.77,C(C(NC)=O)N1C[C@@]2(C(=O)N(c3cncc4c3cccc4)C[C@@H]2CC#N)c2cc(F)ccc2C1=O,ADA{~B}ADrA{A**}s{A{~B}D{atadaauaaaaatu}A{A**Q}sAA^D}asaa{G}aaasAr~B,41.437632135306565
CNC(=O)CN1C[C@@]2(C(=O)N(c3cncc4ccccc34)C[C@@H]2CCl)c2cc(Cl)ccc2C1=O,CNC(=O)CN1C[C@@]2(C(=O)N(c3cncc4ccccc34)C[C@@H]2CCl)c2cc(Cl)ccc2C1=O,8.14,C(C(=O)NC)N1C(=O)c2c(cc(Cl)cc2)[C@@]2([C@@H](CCl)CN(c3c4c(cccc4)cnc3)C2=O)C1,ADA{~B}ADrA{A**}s{A{~B}D{atadaauaaaaatu}A{A**Q}sAZ}asaa{Z}aaasAr~B,12.473572938689214
CNC(=O)CN1C[C@@]2(C(=O)N(c3cncc4ccccc34)C[C@@H]2CF)c2cc(Cl)ccc2C1=O,CNC(=O)CN1C[C@@]2(C(=O)N(c3cncc4ccccc34)C[C@@H]2CF)c2cc(Cl)ccc2C1=O,7.51,n1cc2c(c(N3C[C@H](CF)[C@@]4(c5cc(Cl)ccc5C(=O)N(CC(NC)=O)C4)C3=O)c1)cccc2,ADA{~B}ADrA{A**}s{A{~B}D{atadaauaaaaatu}A{A**Q}sAG}asaa{Z}aaasAr~B,25.792811839323477
CNC(=O)CN1C[C@@]2(C(=O)N(c3cncc4ccccc34)C[C@@H]2CNc2ccc(Cl)nn2)c2cc(Cl)ccc2C1=O,CNC(=O)CN1C[C@@]2(C(=O)N(c3cncc4ccccc34)C[C@@H]2CNc2ccc(Cl)nn2)c2cc(Cl)ccc2C1=O,7.45,c1c2c(c(N3C(=O)[C@@]4([C@@H](CNc5nnc(Cl)cc5)C3)c3c(ccc(Cl)c3)C(=O)N(CC(NC)=O)C4)cnc2)ccc1,ADA{~B}ADrA{A**}s{A{~B}D{atadaauaaaaatu}A{A**Q}sADasaaa{Z}dds}asaa{Z}aaasAr~B,27.06131078224102
CNC(=O)CN1C[C@@]2(C(=O)N(c3cncc4ccccc34)C[C@@H]2CNc2ccccc2)c2cc(Cl)ccc2C1=O,CNC(=O)CN1C[C@@]2(C(=O)N(c3cncc4ccccc34)C[C@@H]2CNc2ccccc2)c2cc(Cl)ccc2C1=O,8.46,c1cc2c(c(N3C[C@H](CNc4ccccc4)[C@]4(CN(CC(NC)=O)C(=O)c5c4cc(Cl)cc5)C3=O)cnc2)cc1,ADA{~B}ADrA{A**}s{A{~B}D{atadaauaaaaatu}A{A**Q}sADasaaaaas}asaa{Z}aaasAr~B,5.708245243128954
CNC(=O)CN1C[C@@]2(C(=O)N(c3cncc4ccccc34)C[C@@H]2CNc2ccn[nH]2)c2cc(Cl)ccc2C1=O,CNC(=O)CN1C[C@@]2(C(=O)N(c3cncc4ccccc34)C[C@@H]2CNc2ccn[nH]2)c2cc(Cl)ccc2C1=O,8.1,c1cc2c(N3C(=O)[C@@]4([C@@H](CNc5ccn[nH]5)C3)c3cc(Cl)ccc3C(=O)N(CC(=O)NC)C4)cncc2cc1,ADA{~B}ADrA{A**}s{A{~B}D{atadaauaaaaatu}A{A**Q}sADasaad{dQ}s}asaa{Z}aaasAr~B,13.319238900634264
CNC(=O)CN1C[C@@]2(C(=O)N(c3cncc4ccccc34)C[C@@H]2CNc2ccnc(C)n2)c2cc(Cl)ccc2C1=O,CNC(=O)CN1C[C@@]2(C(=O)N(c3cncc4ccccc34)C[C@@H]2CNc2ccnc(C)n2)c2cc(Cl)ccc2C1=O,7.5,C(=O)(CN1C[C@@]2(c3c(ccc(Cl)c3)C1=O)[C@@H](CNc1ccnc(C)n1)CN(c1cncc3ccccc31)C2=O)NC,ADA{~B}ADrA{A**}s{A{~B}D{atadaauaaaaatu}A{A**Q}sADasaada{A}ds}asaa{Z}aaasAr~B,26.00422832980973
CNC(=O)CN1C[C@@]2(C(=O)N(c3cncc4ccccc34)C[C@@H]2CNc2ccncn2)c2cc(Cl)ccc2C1=O,CNC(=O)CN1C[C@@]2(C(=O)N(c3cncc4ccccc34)C[C@@H]2CNc2ccncn2)c2cc(Cl)ccc2C1=O,7.65,O=C1N(c2cncc3c2cccc3)C[C@H](CNc2ccncn2)[C@]12CN(CC(=O)NC)C(=O)c1ccc(Cl)cc12,ADA{~B}ADrA{A**}s{A{~B}D{atadaauaaaaatu}A{A**Q}sADasaadads}asaa{Z}aaasAr~B,22.832980972515855
CNC(=O)CN1C[C@@]2(C(=O)N(c3cncc4ccccc34)C[C@@H]2CNc2cn[nH]c2)c2cc(Cl)ccc2C1=O,CNC(=O)CN1C[C@@]2(C(=O)N(c3cncc4ccccc34)C[C@@H]2CNc2cn[nH]c2)c2cc(Cl)ccc2C1=O,7.21,Clc1cc2c(cc1)C(=O)N(CC(=O)NC)C[C@@]21C(=O)N(c2c3ccccc3cnc2)C[C@@H]1CNc1cn[nH]c1,ADA{~B}ADrA{A**}s{A{~B}D{atadaauaaaaatu}A{A**Q}sADasad{dQ}as}asaa{Z}aaasAr~B,32.135306553911214
CNC(=O)CN1C[C@@]2(C(=O)N(c3cncc4ccccc34)C[C@@H]2CNc2cnc(C)s2)c2cc(Cl)ccc2C1=O,CNC(=O)CN1C[C@@]2(C(=O)N(c3cncc4ccccc34)C[C@@H]2CNc2cnc(C)s2)c2cc(Cl)ccc2C1=O,8.45,s1c(NC[C@@H]2[C@@]3(c4c(ccc(Cl)c4)C(=O)N(CC(=O)NC)C3)C(=O)N(c3c4ccccc4cnc3)C2)cnc1C,ADA{~B}ADrA{A**}s{A{~B}D{atadaauaaaaatu}A{A**Q}sADasada{A}es}asaa{Z}aaasAr~B,5.9196617336152455
CNC(=O)CN1C[C@@]2(C(=O)N(c3cncc4ccccc34)C[C@@H]2CNc2cnccn2)c2cc(Cl)ccc2C1=O,CNC(=O)CN1C[C@@]2(C(=O)N(c3cncc4ccccc34)C[C@@H]2CNc2cnccn2)c2cc(Cl)ccc2C1=O,7.09,c1c2c(c(N3C(=O)[C@@]4(CN(CC(NC)=O)C(=O)c5ccc(Cl)cc54)[C@@H](CNc4nccnc4)C3)cn1)cccc2,ADA{~B}ADrA{A**}s{A{~B}D{atadaauaaaaatu}A{A**Q}sADasadaads}asaa{Z}aaasAr~B,34.672304439746306
CNC(=O)CN1C[C@@]2(C(=O)N(c3cncc4ccccc34)C[C@@H]2CNc2cncs2)c2cc(Cl)ccc2C1=O,CNC(=O)CN1C[C@@]2(C(=O)N(c3cncc4ccccc34)C[C@@H]2CNc2cncs2)c2cc(Cl)ccc2C1=O,8.73,c1cccc2c1cncc2N1C[C@H](CNc2scnc2)[C@@]2(c3c(ccc(Cl)c3)C(=O)N(CC(=O)NC)C2)C1=O,ADA{~B}ADrA{A**}s{A{~B}D{atadaauaaaaatu}A{A**Q}sADasadaes}asaa{Z}aaasAr~B,0.0
CNC(=O)CN1C[C@@]2(C(=O)N(c3cncc4ccccc34)C[C@@H]2CNc2cnn(C)c2)c2cc(Cl)ccc2C1=O,CNC(=O)CN1C[C@@]2(C(=O)N(c3cncc4ccccc34)C[C@@H]2CNc2cnn(C)c2)c2cc(Cl)ccc2C1=O,8.0,[C@@H]1(CNc2cnn(C)c2)[C@@]2(c3c(ccc(Cl)c3)C(=O)N(CC(=O)NC)C2)C(=O)N(c2c3c(cnc2)cccc3)C1,ADA{~B}ADrA{A**}s{A{~B}D{atadaauaaaaatu}A{A**Q}sADasadd{A}as}asaa{Z}aaasAr~B,15.433403805496836
CNC(=O)CN1C[C@@]2(C(=O)N(c3cncc4ccccc34)C[C@@H]2CNc2ncncn2)c2cc(Cl)ccc2C1=O,CNC(=O)CN1C[C@@]2(C(=O)N(c3cncc4ccccc34)C[C@@H]2CNc2ncncn2)c2cc(Cl)ccc2C1=O,7.96,c12c(c(N3C[C@H](CNc4ncncn4)[C@]4(CN(CC(NC)=O)C(=O)c5ccc(Cl)cc54)C3=O)cnc1)cccc2,ADA{~B}ADrA{A**}s{A{~B}D{atadaauaaaaatu}A{A**Q}sADasdadads}asaa{Z}aaasAr~B,16.279069767441868
CNC(=O)CN1C[C@@]2(C(=O)N(c3cncc4ccccc34)C[C@@H]2CNc2nncs2)c2cc(Cl)ccc2C1=O,CNC(=O)CN1C[C@@]2(C(=O)N(c3cncc4ccccc34)C[C@@H]2CNc2nncs2)c2cc(Cl)ccc2C1=O,8.16,c1cc2c(cc1Cl)[C@@]1([C@@H](CNc3scnn3)CN(c3cncc4ccccc34)C1=O)CN(CC(=O)NC)C2=O,ADA{~B}ADrA{A**}s{A{~B}D{atadaauaaaaatu}A{A**Q}sADasddaes}asaa{Z}aaasAr~B,12.050739957716706
CNC(=O)CN1C[C@@]2(C(=O)N(c3cncc4ccccc34)C[C@@H]2CNc2scnc2C)c2cc(Cl)ccc2C1=O,CNC(=O)CN1C[C@@]2(C(=O)N(c3cncc4ccccc34)C[C@@H]2CNc2scnc2C)c2cc(Cl)ccc2C1=O,8.38,N1(CC(NC)=O)C(=O)c2ccc(Cl)cc2[C@@]2(C1)C(=O)N(c1c3ccccc3cnc1)C[C@@H]2CNc1c(C)ncs1,ADA{~B}ADrA{A**}s{A{~B}D{atadaauaaaaatu}A{A**Q}sADaseadasA}asaa{Z}aaasAr~B,7.399577167019019
CNC(=O)CN1C[C@@]2(C(=O)N(c3cncc4ccccc34)C[C@@H]2COC(C)C)c2cc(Cl)ccc2C1=O,CNC(=O)CN1C[C@@]2(C(=O)N(c3cncc4ccccc34)C[C@@H]2COC(C)C)c2cc(Cl)ccc2C1=O,6.94,c1c2cncc(N3C(=O)[C@@]4(CN(CC(=O)NC)C(=O)c5ccc(Cl)cc54)[C@@H](COC(C)C)C3)c2ccc1,ADA{~B}ADrA{A**}s{A{~B}D{atadaauaaaaatu}A{A**Q}sABA{A}A}asaa{Z}aaasAr~B,37.84355179704016
CNC(=O)CN1C[C@@]2(C(=O)N(c3cncc4ccccc34)C[C@@H]2COC(C)C)c2cc(F)ccc2C1=O,CNC(=O)CN1C[C@@]2(C(=O)N(c3cncc4ccccc34)C[C@@H]2COC(C)C)c2cc(F)ccc2C1=O,6.73,N1(CC(NC)=O)C(=O)c2c(cc(F)cc2)[C@]2(C(=O)N(c3c4c(cccc4)cnc3)C[C@@H]2COC(C)C)C1,ADA{~B}ADrA{A**}s{A{~B}D{atadaauaaaaatu}A{A**Q}sABA{A}A}asaa{G}aaasAr~B,42.28329809725158
CNC(=O)CN1C[C@@]2(C(=O)N(c3cncc4ccccc34)C[C@@H]2COC)c2cc(Cl)ccc2C1=O,CNC(=O)CN1C[C@@]2(C(=O)N(c3cncc4ccccc34)C[C@@H]2COC)c2cc(Cl)ccc2C1=O,7.54,c1ccc2c(cncc2N2C(=O)[C@]3([C@@H](COC)C2)CN(CC(NC)=O)C(=O)c2ccc(Cl)cc23)c1,ADA{~B}ADrA{A**}s{A{~B}D{atadaauaaaaatu}A{A**Q}sABA}asaa{Z}aaasAr~B,25.1585623678647
CNC(=O)CN1C[C@@]2(C(=O)N(c3cncc4ccccc34)C[C@@H]2COC2CCC2)c2cc(Cl)ccc2C1=O,CNC(=O)CN1C[C@@]2(C(=O)N(c3cncc4ccccc34)C[C@@H]2COC2CCC2)c2cc(Cl)ccc2C1=O,8.18,O=C1N(c2c3c(cnc2)cccc3)C[C@H](COC2CCC2)[C@@]12c1cc(Cl)ccc1C(=O)N(CC(NC)=O)C2,ADA{~B}ADrA{A**}s{A{~B}D{atadaauaaaaatu}A{A**Q}sABAsAAAs}asaa{Z}aaasAr~B,11.6279069767442
CNC(=O)CN1C[C@@]2(C(=O)N(c3cncc4ccccc34)C[C@@H]2COCC2CC2)c2cc(Cl)ccc2C1=O,CNC(=O)CN1C[C@@]2(C(=O)N(c3cncc4ccccc34)C[C@@H]2COCC2CC2)c2cc(Cl)ccc2C1=O,7.88,O=C1c2c(cc(Cl)cc2)[C@]2(CN1CC(NC)=O)[C@@H](COCC1CC1)CN(c1c3ccccc3cnc1)C2=O,ADA{~B}ADrA{A**}s{A{~B}D{atadaauaaaaatu}A{A**Q}sABAAsAAs}asaa{Z}aaasAr~B,17.970401691331933
CNC(=O)CN1C[C@@]2(C(=O)N(c3cncc4ccccc34)C[C@@H]2COCCF)c2cc(F)ccc2C1=O,CNC(=O)CN1C[C@@]2(C(=O)N(c3cncc4ccccc34)C[C@@H]2COCCF)c2cc(F)ccc2C1=O,6.96,c12c(cc(F)cc1)[C@@]1([C@@H](COCCF)CN(c3cncc4ccccc34)C1=O)CN(CC(NC)=O)C2=O,ADA{~B}ADrA{A**}s{A{~B}D{atadaauaaaaatu}A{A**Q}sABAAG}asaa{G}aaasAr~B,37.42071881606766
CNC(=O)CN1C[C@@]2(C(=O)N(c3cncc4ccccc34)C[C@@H]2CS(=O)(=O)N(C)C)c2cc(Cl)ccc2C1=O,CNC(=O)CN1C[C@@]2(C(=O)N(c3cncc4ccccc34)C[C@@H]2CS(=O)(=O)N(C)C)c2cc(Cl)ccc2C1=O,7.43,c1(N2C[C@H](CS(=O)(=O)N(C)C)[C@]3(CN(CC(NC)=O)C(=O)c4ccc(Cl)cc43)C2=O)c2ccccc2cnc1,ADA{~B}ADrA{A**}s{A{~B}D{atadaauaaaaatu}A{A**Q}sAE{~B}{~B}D{A}A}asaa{Z}aaasAr~B,27.48414376321354
CNC(=O)CN1C[C@@]2(C(=O)N(c3cncc4ccccc34)C[C@@H]2CS(=O)(=O)N(C)C)c2cc(F)ccc2C1=O,CNC(=O)CN1C[C@@]2(C(=O)N(c3cncc4ccccc34)C[C@@H]2CS(=O)(=O)N(C)C)c2cc(F)ccc2C1=O,6.83,c12cc(F)ccc1C(=O)N(CC(NC)=O)C[C@]21[C@@H](CS(N(C)C)(=O)=O)CN(c2cncc3ccccc32)C1=O,ADA{~B}ADrA{A**}s{A{~B}D{atadaauaaaaatu}A{A**Q}sAE{~B}{~B}D{A}A}asaa{G}aaasAr~B,40.16913319238901
CNC(=O)CN1C[C@@]2(C(=O)N(c3cncc4ccccc34)C[C@@H]2CS(=O)(=O)NC)c2cc(Cl)ccc2C1=O,CNC(=O)CN1C[C@@]2(C(=O)N(c3cncc4ccccc34)C[C@@H]2CS(=O)(=O)NC)c2cc(Cl)ccc2C1=O,6.66,S(C[C@@H]1[C@@]2(c3cc(Cl)ccc3C(=O)N(CC(=O)NC)C2)C(=O)N(c2cncc3ccccc32)C1)(NC)(=O)=O,ADA{~B}ADrA{A**}s{A{~B}D{atadaauaaaaatu}A{A**Q}sAE{~B}{~B}DA}asaa{Z}aaasAr~B,43.76321353065539
CNC(=O)CN1C[C@@]2(C(=O)N(c3cncc4ccccc34)C[C@@H]2CS(=O)(=O)NC)c2cc(F)ccc2C1=O,CNC(=O)CN1C[C@@]2(C(=O)N(c3cncc4ccccc34)C[C@@H]2CS(=O)(=O)NC)c2cc(F)ccc2C1=O,6.6,[C@H]1(CS(=O)(=O)NC)CN(c2cncc3ccccc23)C(=O)[C@]12c1c(ccc(F)c1)C(=O)N(CC(NC)=O)C2,ADA{~B}ADrA{A**}s{A{~B}D{atadaauaaaaatu}A{A**Q}sAE{~B}{~B}DA}asaa{G}aaasAr~B,45.03171247357295
CNC(=O)CN1C[C@@]2(C(=O)N(c3cncc4ccccc34)C[C@@H]2CS(C)(=O)=O)c2cc(F)ccc2C1=O,CNC(=O)CN1C[C@@]2(C(=O)N(c3cncc4ccccc34)C[C@@H]2CS(C)(=O)=O)c2cc(F)ccc2C1=O,5.84,c1(F)cc2c(cc1)C(=O)N(CC(=O)NC)C[C@]21[C@@H](CS(=O)(C)=O)CN(c2c3ccccc3cnc2)C1=O,ADA{~B}ADrA{A**}s{A{~B}D{atadaauaaaaatu}A{A**Q}sAE{A}{~B}~B}asaa{G}aaasAr~B,61.09936575052855
CNC(=O)CN1C[C@@]2(C(=O)N(c3cncc4ccccc34)C[C@@H]2Cc2ccccc2)c2cc(Cl)ccc2C1=O,CNC(=O)CN1C[C@@]2(C(=O)N(c3cncc4ccccc34)C[C@@H]2Cc2ccccc2)c2cc(Cl)ccc2C1=O,7.16,c1(Cl)ccc2c(c1)[C@@]1([C@@H](Cc3ccccc3)CN(c3cncc4c3cccc4)C1=O)CN(CC(=O)NC)C2=O,ADA{~B}ADrA{A**}s{A{~B}D{atadaauaaaaatu}A{A**Q}sAasaaaaas}asaa{Z}aaasAr~B,33.192389006342495
CNC(=O)CN1C[C@@]2(C(=O)N(c3cncc4ccccc34)C[C@@H]2Cc2ccccc2)c2cc(F)ccc2C1=O,CNC(=O)CN1C[C@@]2(C(=O)N(c3cncc4ccccc34)C[C@@H]2Cc2ccccc2)c2cc(F)ccc2C1=O,6.96,[C@@H]1(Cc2ccccc2)[C@@]2(C(=O)N(c3cncc4c3cccc4)C1)CN(CC(=O)NC)C(=O)c1ccc(F)cc12,ADA{~B}ADrA{A**}s{A{~B}D{atadaauaaaaatu}A{A**Q}sAasaaaaas}asaa{G}aaasAr~B,37.42071881606766
CNC(=O)CN1C[C@@]2(C(=O)N(c3cncc4ccccc34)C[C@@H]2Cc2nn[nH]n2)c2cc(Cl)ccc2C1=O,CNC(=O)CN1C[C@@]2(C(=O)N(c3cncc4ccccc34)C[C@@H]2Cc2nn[nH]n2)c2cc(Cl)ccc2C1=O,6.33,c1cc(Cl)cc2c1C(=O)N(CC(NC)=O)C[C@@]21C(=O)N(c2cncc3ccccc32)C[C@@H]1Cc1n[nH]nn1,ADA{~B}ADrA{A**}s{A{~B}D{atadaauaaaaatu}A{A**Q}sAasdd{dQ}ds}asaa{Z}aaasAr~B,50.7399577167019
CNC(=O)CN1C[C@@]2(C(=O)N(c3cncc4ccccc34)C[C@@H]2Cn2cccn2)c2cc(Cl)ccc2C1=O,CNC(=O)CN1C[C@@]2(C(=O)N(c3cncc4ccccc34)C[C@@H]2Cn2cccn2)c2cc(Cl)ccc2C1=O,6.74,c1cccc2c(N3C[C@H](Cn4cccn4)[C@]4(CN(CC(NC)=O)C(=O)c5ccc(Cl)cc54)C3=O)cncc12,ADA{~B}ADrA{A**}s{A{~B}D{atadaauaaaaatu}A{A**Q}sAdsaaads}asaa{Z}aaasAr~B,42.07188160676533
CNC(=O)CN1C[C@@]2(C(=O)N(c3cncc4ccccc34)C[C@@H]2Cn2ccnn2)c2cc(F)ccc2C1=O,CNC(=O)CN1C[C@@]2(C(=O)N(c3cncc4ccccc34)C[C@@H]2Cn2ccnn2)c2cc(F)ccc2C1=O,6.27,C1(=O)c2c(cc(F)cc2)[C@@]2([C@@H](Cn3ccnn3)CN(c3cncc4c3cccc4)C2=O)CN1CC(=O)NC,ADA{~B}ADrA{A**}s{A{~B}D{atadaauaaaaatu}A{A**Q}sAdsaadds}asaa{G}aaasAr~B,52.00845665961946
CNC(=O)CN1C[C@@]2(C(=O)N(c3cncc4ccccc34)C[C@@H]2Cn2ncnn2)c2cc(Cl)ccc2C1=O,CNC(=O)CN1C[C@@]2(C(=O)N(c3cncc4ccccc34)C[C@@H]2Cn2ncnn2)c2cc(Cl)ccc2C1=O,6.03,[C@H]1(Cn2nncn2)CN(c2c3c(cccc3)cnc2)C(=O)[C@@]12CN(CC(NC)=O)C(=O)c1ccc(Cl)cc12,ADA{~B}ADrA{A**}s{A{~B}D{atadaauaaaaatu}A{A**Q}sAdsdadds}asaa{Z}aaasAr~B,57.08245243128964
CNC(=O)CN1C[C@@]2(C(=O)N(c3cncc4ccccc34)C[C@@H]2N)c2cc(Cl)ccc2C1=O,CNC(=O)CN1C[C@@]2(C(=O)N(c3cncc4ccccc34)C[C@@H]2N)c2cc(Cl)ccc2C1=O,7.29,c1cccc2cncc(N3C(=O)[C@]4(c5cc(Cl)ccc5C(=O)N(CC(NC)=O)C4)[C@@H](N)C3)c12,ADA{~B}ADrA{A**}s{A{~B}D{atadaauaaaaatu}A{A**Q}sD}asaa{Z}aaasAr~B,30.443974630021145
CNC(=O)CN1C[C@@]2(C(=O)N(c3cncc4ccccc34)C[C@@H]2NC(C)=O)c2cc(Cl)ccc2C1=O,CNC(=O)CN1C[C@@]2(C(=O)N(c3cncc4ccccc34)C[C@@H]2NC(C)=O)c2cc(Cl)ccc2C1=O,5.88,c12c(cccc1)c(N1C[C@H](NC(C)=O)[C@@]3(C1=O)CN(CC(NC)=O)C(=O)c1ccc(Cl)cc13)cnc2,ADA{~B}ADrA{A**}s{A{~B}D{atadaauaaaaatu}A{A**Q}sDA{A}~B}asaa{Z}aaasAr~B,60.25369978858352
CNC(=O)CN1C[C@@]2(C(=O)N(c3cncc4ccccc34)C[C@@H]2NC(C)C)c2cc(Cl)ccc2C1=O,CNC(=O)CN1C[C@@]2(C(=O)N(c3cncc4ccccc34)C[C@@H]2NC(C)C)c2cc(Cl)ccc2C1=O,6.71,O=C1N(c2cncc3c2cccc3)C[C@H](NC(C)C)[C@]12CN(CC(=O)NC)C(=O)c1ccc(Cl)cc12,ADA{~B}ADrA{A**}s{A{~B}D{atadaauaaaaatu}A{A**Q}sDA{A}A}asaa{Z}aaasAr~B,42.70613107822411
CNC(=O)CN1C[C@@]2(C(=O)N(c3cncc4ccccc34)C[C@@H]2NC)c2cc(Cl)ccc2C1=O,CNC(=O)CN1C[C@@]2(C(=O)N(c3cncc4ccccc34)C[C@@H]2NC)c2cc(Cl)ccc2C1=O,8.07,c1cccc2cncc(N3C(=O)[C@@]4([C@@H](NC)C3)c3c(ccc(Cl)c3)C(=O)N(CC(NC)=O)C4)c12,ADA{~B}ADrA{A**}s{A{~B}D{atadaauaaaaatu}A{A**Q}sDA}asaa{Z}aaasAr~B,13.953488372093025
CNC(=O)CN1C[C@@]2(C(=O)N(c3cncc4ccccc34)C[C@@H]2NCC2CC2)c2cc(Cl)ccc2C1=O,CNC(=O)CN1C[C@@]2(C(=O)N(c3cncc4ccccc34)C[C@@H]2NCC2CC2)c2cc(Cl)ccc2C1=O,8.65,C1C(CN[C@H]2CN(c3c4ccccc4cnc3)C(=O)[C@]23c2c(ccc(Cl)c2)C(=O)N(CC(=O)NC)C3)C1,ADA{~B}ADrA{A**}s{A{~B}D{atadaauaaaaatu}A{A**Q}sDAAsAAs}asaa{Z}aaasAr~B,1.6913319238900648
CNC(=O)CN1C[C@@]2(C(=O)N(c3cncc4ccccc34)C[C@@H]2NS(C)(=O)=O)c2cc(Cl)ccc2C1=O,CNC(=O)CN1C[C@@]2(C(=O)N(c3cncc4ccccc34)C[C@@H]2NS(C)(=O)=O)c2cc(Cl)ccc2C1=O,6.26,n1cc2ccccc2c(N2C[C@H](NS(C)(=O)=O)[C@@]3(c4cc(Cl)ccc4C(=O)N(CC(NC)=O)C3)C2=O)c1,ADA{~B}ADrA{A**}s{A{~B}D{atadaauaaaaatu}A{A**Q}sDE{A}{~B}~B}asaa{Z}aaasAr~B,52.21987315010571
CNC(=O)CN1C[C@@]2(C(=O)N(c3cncc4ccccc34)C[C@H]2C)c2cc(Cl)ccc2C1=O,CNC(=O)CN1C[C@@]2(C(=O)N(c3cncc4ccccc34)C[C@H]2C)c2cc(Cl)ccc2C1=O,5.62,C1N(c2c3c(cccc3)cnc2)C(=O)[C@]2(c3c(ccc(Cl)c3)C(=O)N(CC(=O)NC)C2)[C@@H]1C,ADA{~B}ADrA{A**}s{A{~B}D{atadaauaaaaatu}A{A*Q}sA}asaa{Z}aaasAr~B,65.75052854122622
CNC(=O)CN1C[C@@]2(C(=O)N(c3cncc4ccccc34)C[C@H]2Cc2ccccc2)c2cc(Cl)ccc2C1=O,CNC(=O)CN1C[C@@]2(C(=O)N(c3cncc4ccccc34)C[C@H]2Cc2ccccc2)c2cc(Cl)ccc2C1=O,5.43,c12cncc(N3C(=O)[C@]4([C@H](Cc5ccccc5)C3)CN(CC(=O)NC)C(=O)c3ccc(Cl)cc34)c1cccc2,ADA{~B}ADrA{A**}s{A{~B}D{atadaauaaaaatu}A{A*Q}sAasaaaaas}asaa{Z}aaasAr~B,69.76744186046513
CNC(=O)CN1C[C@@]2(C(=O)N(c3cnccc3C3CC3)C[C@@H]2C)c2cc(Cl)ccc2C1=O,CNC(=O)CN1C[C@@]2(C(=O)N(c3cnccc3C3CC3)C[C@@H]2C)c2cc(Cl)ccc2C1=O,6.33,CNC(=O)CN1C(=O)c2c(cc(Cl)cc2)[C@@]2([C@@H](C)CN(c3c(C4CC4)ccnc3)C2=O)C1,ADA{~B}ADrA{A**}s{A{~B}D{atadaaatAtAAt}A{A**Q}sA}asaa{Z}aaasAr~B,50.7399577167019
CNC(=O)CN1C[C@@]2(C[C@H](CO)N(c3cncc4ccccc34)C2=O)c2cc(Cl)ccc2C1=O,CNC(=O)CN1C[C@@]2(C[C@H](CO)N(c3cncc4ccccc34)C2=O)c2cc(Cl)ccc2C1=O,6.31,N1(c2c3c(cnc2)cccc3)C(=O)[C@]2(C[C@@H]1CO)c1c(ccc(Cl)c1)C(=O)N(CC(NC)=O)C2,ADA{~B}ADrA{A**}s{A{A*Q}{AB}D{atadaauaaaaatu}As~B}asaa{Z}aaasAr~B,51.16279069767443
CNC(=O)CN1C[C@]2(C(=O)N(c3cncc4ccccc34)C/C2=C\F)c2cc(Cl)ccc2C1=O,CNC(=O)CN1C[C@]2(C(=O)N(c3cncc4ccccc34)C/C2=C\F)c2cc(Cl)ccc2C1=O,6.75,c12c(cncc1N1C/C(=C\F)[C@@]3(CN(CC(NC)=O)C(=O)c4c3cc(Cl)cc4)C1=O)cccc2,ADA{~B}ADrA{A*}s{A{~B}D{atadaauaaaaatu}A|As~A!G}asaa{Z}aaasAr~B,41.86046511627908
CNC(=O)CN1C[C@]2(C(=O)N(c3cncc4ccccc34)CC2(C)C)c2cc(Cl)ccc2C1=O,CNC(=O)CN1C[C@]2(C(=O)N(c3cncc4ccccc34)CC2(C)C)c2cc(Cl)ccc2C1=O,5.18,c1cccc2cncc(N3C(=O)[C@]4(C(C)(C)C3)c3c(ccc(Cl)c3)C(=O)N(CC(NC)=O)C4)c12,ADA{~B}ADrA{A*}s{A{~B}D{atadaauaaaaatu}AAs{A}A}asaa{Z}aaasAr~B,75.05285412262157
CNC(=O)CN1C[C@]2(C(=O)N(c3cncc4ccccc34)CC23CC3)c2cc(Cl)ccc2C1=O,CNC(=O)CN1C[C@]2(C(=O)N(c3cncc4ccccc34)CC23CC3)c2cc(Cl)ccc2C1=O,6.1,O=C(CN1C(=O)c2ccc(Cl)cc2[C@]2(C3(CC3)CN(c3cncc4ccccc34)C2=O)C1)NC,ADA{~B}ADrA{A*}s{A{~B}D{atadaauaaaaatu}AAstAAt}asaa{Z}aaasAr~B,55.60253699788584
CNC(=O)CN1C[C@]2(C(=O)N(c3cncc4ccccc34)C[C@@H]2C)c2cc(F)ccc2C1=O,CNC(=O)CN1C[C@]2(C(=O)N(c3cncc4ccccc34)C[C@@H]2C)c2cc(F)ccc2C1=O,5.39,c12c(ccc(F)c1)C(=O)N(CC(=O)NC)C[C@@]21[C@@H](C)CN(c2c3ccccc3cnc2)C1=O,ADA{~B}ADrA{A*}s{A{~B}D{atadaauaaaaatu}A{A**Q}sA}asaa{G}aaasAr~B,70.61310782241016
CNC(=O)CN1C[C@]2(C(=O)N(c3cncc4ccccc34)C[C@@H]2Cc2ccccc2)c2cc(Cl)ccc2C1=O,CNC(=O)CN1C[C@]2(C(=O)N(c3cncc4ccccc34)C[C@@H]2Cc2ccccc2)c2cc(Cl)ccc2C1=O,5.2,C([C@H]1CN(c2cncc3ccccc32)C(=O)[C@@]12c1cc(Cl)ccc1C(=O)N(CC(=O)NC)C2)c1ccccc1,ADA{~B}ADrA{A*}s{A{~B}D{atadaauaaaaatu}A{A**Q}sAasaaaaas}asaa{Z}aaasAr~B,74.63002114164904
CNC(=O)CN1C[C@]2(C(=O)N(c3cncc4ccccc34)C[C@H]2CC2CC2)c2cc(Cl)ccc2C1=O,CNC(=O)CN1C[C@]2(C(=O)N(c3cncc4ccccc34)C[C@H]2CC2CC2)c2cc(Cl)ccc2C1=O,6.435,c1cc2c(N3C[C@@H](CC4CC4)[C@@]4(C3=O)c3c(ccc(Cl)c3)C(=O)N(CC(=O)NC)C4)cncc2cc1,ADA{~B}ADrA{A*}s{A{~B}D{atadaauaaaaatu}A{A*Q}sAAsAAs}asaa{Z}aaasAr~B,48.52008456659621
CNC(=O)CN1C[C@]2(C(=O)N(c3cncc4ccccc34)C[C@H]2CO)c2cc(Cl)ccc2C1=O,CNC(=O)CN1C[C@]2(C(=O)N(c3cncc4ccccc34)C[C@H]2CO)c2cc(Cl)ccc2C1=O,6.425,Clc1cc2c(cc1)C(=O)N(CC(NC)=O)C[C@@]21[C@H](CO)CN(c2c3c(cnc2)cccc3)C1=O,ADA{~B}ADrA{A*}s{A{~B}D{atadaauaaaaatu}A{A*Q}sAB}asaa{Z}aaasAr~B,48.73150105708246
CNC(=O)CN1C[C@]2(C(=O)N(c3cncc4ccccc34)C[C@H]2COC)c2cc(Cl)ccc2C1=O,CNC(=O)CN1C[C@]2(C(=O)N(c3cncc4ccccc34)C[C@H]2COC)c2cc(Cl)ccc2C1=O,5.73,N(C(CN1C[C@@]2([C@H](COC)CN(c3c4ccccc4cnc3)C2=O)c2c(ccc(Cl)c2)C1=O)=O)C,ADA{~B}ADrA{A*}s{A{~B}D{atadaauaaaaatu}A{A*Q}sABA}asaa{Z}aaasAr~B,63.424947145877375
CNC(=O)CN1C[C@]2(C(=O)N(c3cncc4ccccc34)C[C@H]2Cc2ccccc2)c2cc(Cl)ccc2C1=O,CNC(=O)CN1C[C@]2(C(=O)N(c3cncc4ccccc34)C[C@H]2Cc2ccccc2)c2cc(Cl)ccc2C1=O,5.81,c1cc(C[C@H]2[C@@]3(CN(CC(NC)=O)C(=O)c4ccc(Cl)cc43)C(=O)N(c3c4ccccc4cnc3)C2)ccc1,ADA{~B}ADrA{A*}s{A{~B}D{atadaauaaaaatu}A{A*Q}sAasaaaaas}asaa{Z}aaasAr~B,61.73361522198732
CNC(=O)CN1C[C@]2(C(=O)N(c3cncc4ccccc34)C[C@H]2OCC2CC2)c2cc(Cl)ccc2C1=O,CNC(=O)CN1C[C@]2(C(=O)N(c3cncc4ccccc34)C[C@H]2OCC2CC2)c2cc(Cl)ccc2C1=O,8.28,O=C1[C@]2(CN(CC(=O)NC)C(=O)c3c2cc(Cl)cc3)[C@H](OCC2CC2)CN1c1c2c(cccc2)cnc1,ADA{~B}ADrA{A*}s{A{~B}D{atadaauaaaaatu}A{A*Q}sBAAsAAs}asaa{Z}aaasAr~B,9.513742071881628
CNC(=O)CN1C[C@]2(C(=O)N(c3cncc4ccccc34)c3ccccc32)c2cc(F)ccc2C1=O,CNC(=O)CN1C[C@]2(C(=O)N(c3cncc4ccccc34)c3ccccc32)c2cc(F)ccc2C1=O,5.953333333333333,c1cc2c(cc1)[C@@]1(C(=O)N2c2c3c(cccc3)cnc2)c2cc(F)ccc2C(=O)N(CC(NC)=O)C1,ADA{~B}ADrA{A*}s{A{~B}D{atadaauaaaaatu}ataaaaats}asaa{G}aaasAr~B,58.7033121916843
CNC(=O)CN1C[C@]2(CCN(c3cncc4ccc(OC[C@H](O)CN(C)C)cc34)C2=O)c2cc(Cl)ccc2C1=O,CNC(=O)CN1C[C@]2(CCN(c3cncc4ccc(OC[C@H](O)CN(C)C)cc34)C2=O)c2cc(Cl)ccc2C1=O,7.44,c1c(Cl)cc2c(c1)C(=O)N(CC(NC)=O)C[C@]21CCN(c2c3c(cnc2)ccc(OC[C@H](O)CN(C)C)c3)C1=O,ADA{~B}ADrA{A*}s{AAD{atadaauaaa{BA{A*Q}{B}AD{A}A}aatu}As~B}asaa{Z}aaasAr~B,27.27272727272727
CNC(=O)CN1C[C@]2(C[C@H](COC)N(c3cncc4ccccc34)C2=O)c2cc(Cl)ccc2C1=O,CNC(=O)CN1C[C@]2(C[C@H](COC)N(c3cncc4ccccc34)C2=O)c2cc(Cl)ccc2C1=O,4.27,c1c(Cl)cc2c(c1)C(=O)N(CC(=O)NC)C[C@]21C[C@H](COC)N(c2cncc3ccccc32)C1=O,ADA{~B}ADrA{A*}s{A{A*Q}{ABA}D{atadaauaaaaatu}As~B}asaa{Z}aaasAr~B,94.29175475687106
CNC(=O)C[C@@H]1CCCCN1C(=O)Cc1cncc2ccccc12,CNC(=O)C[C@@H]1CCCCN1C(=O)Cc1cncc2ccccc12,4.34,C([C@H]1N(C(Cc2c3c(cnc2)cccc3)=O)CCCC1)C(=O)NC,ADA{~B}A{A**Q}rAAAADrA{~B}Aaradaasaaaaars,92.81183932346724
CNC(=O)[C@@H](C)N1C[C@@]2(C(=O)N(c3cncc4ccccc34)C[C@@H]2C)c2cc(Cl)ccc2C1=O,CNC(=O)[C@@H](C)N1C[C@@]2(C(=O)N(c3cncc4ccccc34)C[C@@H]2C)c2cc(Cl)ccc2C1=O,7.23,[C@]12([C@@H](C)CN(c3c4ccccc4cnc3)C1=O)CN([C@@H](C(NC)=O)C)C(=O)c1c2cc(Cl)cc1,ADA{~B}{A**Q}{A}DrA{A**}s{A{~B}D{atadaauaaaaatu}A{A**Q}sA}asaa{Z}aaasAr~B,31.712473572938688
CNC(=O)[C@@H](C)N1C[C@@]2(C(=O)N(c3cncc4ccccc34)C[C@@H]2C)c2cc(F)ccc2C1=O,CNC(=O)[C@@H](C)N1C[C@@]2(C(=O)N(c3cncc4ccccc34)C[C@@H]2C)c2cc(F)ccc2C1=O,7.62,c1c(N2C[C@H](C)[C@]3(C2=O)c2c(ccc(F)c2)C(=O)N([C@@H](C(=O)NC)C)C3)c2ccccc2cn1,ADA{~B}{A**Q}{A}DrA{A**}s{A{~B}D{atadaauaaaaatu}A{A**Q}sA}asaa{G}aaasAr~B,23.467230443974636
CNC(=O)[C@@H](C)N1C[C@H](C(=O)Nc2cncc3ccccc23)c2cc(Cl)ccc2C1=O,CNC(=O)[C@@H](C)N1C[C@H](C(=O)Nc2cncc3ccccc23)c2cc(Cl)ccc2C1=O,6.705,C[C@H](C(=O)NC)N1C[C@H](C(Nc2c3ccccc3cnc2)=O)c2c(ccc(Cl)c2)C1=O,ADA{~B}{A**Q}{A}DrA{A*Q}{A{~B}Dasadaataaaaast}asaa{Z}aaasAr~B,42.81183932346723
CNC(=O)[C@H](C)N1C[C@H](C(=O)Nc2cncc3ccccc23)c2cc(Cl)ccc2C1=O,CNC(=O)[C@H](C)N1C[C@H](C(=O)Nc2cncc3ccccc23)c2cc(Cl)ccc2C1=O,6.9,C([C@@H](N1C(=O)c2c(cc(Cl)cc2)[C@@H](C(=O)Nc2cncc3ccccc23)C1)C)(NC)=O,ADA{~B}{A*Q}{A}DrA{A*Q}{A{~B}Dasadaataaaaast}asaa{Z}aaasAr~B,38.689217758985194
CNC(=O)c1cc(Br)cc([N+](=O)[O-])c1N[C@@H]1CCCC[C@@H]1NC(=O)c1cncc2ccccc12,CNC(=O)c1cc(Br)cc([N+](=O)[O-])c1N[C@@H]1CCCC[C@@H]1NC(=O)c1cncc2ccccc12,8.22,c1ncc2ccccc2c1C(N[C@@H]1[C@H](Nc2c(C(NC)=O)cc(Br)cc2[N+]([O-])=O)CCCC1)=O,ADA{~B}araa{Y}aa{{D%}{~B}{B_}}arD{A**Q}rAAAA{A**Q}rDA{~B}aradaasaaaaars,10.78224101479915
CNC(=O)c1ccc2c(c1)[C@@H](C(=O)Nc1cncc3ccccc13)CN(C)C2=O,CNC(=O)c1ccc2c(c1)[C@@H](C(=O)Nc1cncc3ccccc13)CN(C)C2=O,4.4,c1c2c(cc(C(=O)NC)c1)[C@@H](C(Nc1cncc3ccccc31)=O)CN(C)C2=O,ADA{~B}araaasa{ar}{A**Q}{A{~B}Daradaataaaaart}AD{A}As~B,91.54334038054968
CNCCN1C[C@@]2(C(=O)N(c3cncc4ccccc34)C[C@@H]2C)c2cc(Cl)ccc2C1=O,CNCCN1C[C@@]2(C(=O)N(c3cncc4ccccc34)C[C@@H]2C)c2cc(Cl)ccc2C1=O,7.43,CNCCN1C[C@@]2(C(=O)N(c3cncc4c3cccc4)C[C@@H]2C)c2cc(Cl)ccc2C1=O,ADAADrA{A**}s{A{~B}D{atadaauaaaaatu}A{A**Q}sA}asaa{Z}aaasAr~B,27.48414376321354
CNCCN1C[C@@]2(C(=O)N(c3cncc4ccccc34)C[C@@H]2C)c2cc(F)ccc2C1=O,CNCCN1C[C@@]2(C(=O)N(c3cncc4ccccc34)C[C@@H]2C)c2cc(F)ccc2C1=O,6.9,C(NC)CN1C[C@@]2(C(=O)N(c3c4c(cccc4)cnc3)C[C@@H]2C)c2c(ccc(F)c2)C1=O,ADAADrA{A**}s{A{~B}D{atadaauaaaaatu}A{A**Q}sA}asaa{G}aaasAr~B,38.689217758985194
CNCCN1C[C@@]2(C(=O)N(c3cncc4ccccc34)C[C@@H]2CNc2ncncn2)c2cc(Cl)ccc2C1=O,CNCCN1C[C@@]2(C(=O)N(c3cncc4ccccc34)C[C@@H]2CNc2ncncn2)c2cc(Cl)ccc2C1=O,7.4,n1cnc(NC[C@H]2CN(c3cncc4ccccc43)C(=O)[C@@]23CN(CCNC)C(=O)c2c3cc(Cl)cc2)nc1,ADAADrA{A**}s{A{~B}D{atadaauaaaaatu}A{A**Q}sADasdadads}asaa{Z}aaasAr~B,28.1183932346723
CNCCN1C[C@@]2(C(=O)N(c3cncc4ccccc34)C[C@@H]2COCC2(F)CC2)c2cc(Cl)ccc2C1=O,CNCCN1C[C@@]2(C(=O)N(c3cncc4ccccc34)C[C@@H]2COCC2(F)CC2)c2cc(Cl)ccc2C1=O,7.7,c12cncc(N3C(=O)[C@@]4(CN(CCNC)C(=O)c5c4cc(Cl)cc5)[C@@H](COCC4(F)CC4)C3)c1cccc2,ADAADrA{A**}s{A{~B}D{atadaauaaaaatu}A{A**Q}sABAAs{G}AAs}asaa{Z}aaasAr~B,21.77589852008457
CNCCN1C[C@@]2(C(=O)N(c3cncc4ccccc34)C[C@@H]2COCC2(F)COC2)c2cc(Cl)ccc2C1=O,CNCCN1C[C@@]2(C(=O)N(c3cncc4ccccc34)C[C@@H]2COCC2(F)COC2)c2cc(Cl)ccc2C1=O,6.89,c1(N2C(=O)[C@]3([C@@H](COCC4(F)COC4)C2)CN(CCNC)C(=O)c2ccc(Cl)cc23)cncc2ccccc12,ADAADrA{A**}s{A{~B}D{atadaauaaaaatu}A{A**Q}sABAAs{G}ABAs}asaa{Z}aaasAr~B,38.90063424947147
CNCCN1C[C@@]2(C(=O)N(c3cncc4ccccc34)C[C@@H]2COCC2CC2)c2cc(Cl)ccc2C1=O,CNCCN1C[C@@]2(C(=O)N(c3cncc4ccccc34)C[C@@H]2COCC2CC2)c2cc(Cl)ccc2C1=O,7.94,C1N(CCNC)C(=O)c2c(cc(Cl)cc2)[C@]12C(=O)N(c1c3ccccc3cnc1)C[C@@H]2COCC1CC1,ADAADrA{A**}s{A{~B}D{atadaauaaaaatu}A{A**Q}sABAAsAAs}asaa{Z}aaasAr~B,16.701902748414376
CNCCN1C[C@@]2(C(=O)N(c3cncc4ccccc34)C[C@@H]2COCC2COC2)c2cc(Cl)ccc2C1=O,CNCCN1C[C@@]2(C(=O)N(c3cncc4ccccc34)C[C@@H]2COCC2COC2)c2cc(Cl)ccc2C1=O,6.92,O(CC1COC1)C[C@@H]1[C@@]2(C(=O)N(c3c4c(cccc4)cnc3)C1)CN(CCNC)C(=O)c1c2cc(Cl)cc1,ADAADrA{A**}s{A{~B}D{atadaauaaaaatu}A{A**Q}sABAAsABAs}asaa{Z}aaasAr~B,38.26638477801269
CNCCN1C[C@@]2(C(=O)N(c3cncc4ccccc34)C[C@@H]2COCC2CS(=O)(=O)C2)c2cc(Cl)ccc2C1=O,CNCCN1C[C@@]2(C(=O)N(c3cncc4ccccc34)C[C@@H]2COCC2CS(=O)(=O)C2)c2cc(Cl)ccc2C1=O,7.26,c1ccc2cncc(N3C(=O)[C@@]4(CN(CCNC)C(=O)c5ccc(Cl)cc54)[C@@H](COCC4CS(=O)(=O)C4)C3)c2c1,ADAADrA{A**}s{A{~B}D{atadaauaaaaatu}A{A**Q}sABAAsAE{~B}{~B}As}asaa{Z}aaasAr~B,31.078224101479925
CNCCN1C[C@@]2(C(=O)N(c3cncc4ccccc34)C[C@@H]2CS(=O)(=O)N(C)C)c2cc(Cl)ccc2C1=O,CNCCN1C[C@@]2(C(=O)N(c3cncc4ccccc34)C[C@@H]2CS(=O)(=O)N(C)C)c2cc(Cl)ccc2C1=O,7.12,N1(c2c3c(cccc3)cnc2)C[C@H](CS(N(C)C)(=O)=O)[C@@]2(C1=O)CN(CCNC)C(=O)c1c2cc(Cl)cc1,ADAADrA{A**}s{A{~B}D{atadaauaaaaatu}A{A**Q}sAE{~B}{~B}D{A}A}asaa{Z}aaasAr~B,34.03805496828753
CNCCN1C[C@H](C(=O)Nc2cncc3ccccc23)c2cc(Cl)ccc2C1=O,CNCCN1C[C@H](C(=O)Nc2cncc3ccccc23)c2cc(Cl)ccc2C1=O,6.96,C1(=O)N(CCNC)C[C@H](C(Nc2cncc3c2cccc3)=O)c2cc(Cl)ccc21,ADAADrA{A*Q}{A{~B}Dasadaataaaaast}asaa{Z}aaasAr~B,37.42071881606766
CNS(=O)(=O)OCC(=O)N1CCN(Cc2cccc(Cl)c2)[C@H](CC(C)C)C1,CNS(=O)(=O)OCC(=O)N1CCN(Cc2cccc(Cl)c2)[C@H](CC(C)C)C1,5.78,C(C(=O)N1CCN(Cc2cc(Cl)ccc2)[C@H](CC(C)C)C1)OS(=O)(=O)NC,ADE{~B}{~B}BAA{~B}DrAAD{Aasaaaa{Z}as}{A*Q}{AA{A}A}Ar,62.36786469344608
CNS(=O)(=O)OCC(=O)N1CCN(Cc2cccc(Cl)c2)[C@H]2CS(=O)(=O)C[C@H]21,CNS(=O)(=O)OCC(=O)N1CCN(Cc2cccc(Cl)c2)[C@H]2CS(=O)(=O)C[C@H]21,6.38,O=S(OCC(N1[C@H]2[C@@H](N(Cc3cc(Cl)ccc3)CC1)CS(=O)(=O)C2)=O)(=O)NC,ADE{~B}{~B}BAA{~B}DrAAD{Aasaaaa{Z}as}{A*Q}sAE{~B}{~B}A{A*Q}sr,49.68287526427062
CNS(=O)(=O)OCC(=O)N1CCN(S(=O)(=O)c2ccsc2)[C@H](C(=O)NCc2ccccn2)C1,CNS(=O)(=O)OCC(=O)N1CCN(S(=O)(=O)c2ccsc2)[C@H](C(=O)NCc2ccccn2)C1,4.79,O=C(N1C[C@@H](C(=O)NCc2ncccc2)N(S(=O)(=O)c2ccsc2)CC1)COS(=O)(NC)=O,ADE{~B}{~B}BAA{~B}DrAAD{E{~B}{~B}asaaeas}{A*Q}{A{~B}DAasaaaads}Ar,83.29809725158563
CNS(=O)(=O)OCC(=O)N[C@H](C)c1cc(Cl)cc(-c2ccc(S(N)(=O)=O)cc2)c1,CNS(=O)(=O)OCC(=O)N[C@H](C)c1cc(Cl)cc(-c2ccc(S(N)(=O)=O)cc2)c1,5.76,O=S(NC)(OCC(=O)N[C@H](C)c1cc(Cl)cc(-c2ccc(S(=O)(N)=O)cc2)c1)=O,ADE{~B}{~B}BAA{~B}D{A*Q}{A}araa{Z}aa{_asaaa{E{D}{~B}~B}aas}ar,62.79069767441861
CNS(=O)(=O)[C@H]1CCCN(C(=O)Cc2cncc3ccccc23)C1,CNS(=O)(=O)[C@H]1CCCN(C(=O)Cc2cncc3ccccc23)C1,4.25,c1(CC(N2C[C@@H](S(NC)(=O)=O)CCC2)=O)c2c(cnc1)cccc2,ADE{~B}{~B}{A*Q}rAAAD{A{~B}Aasadaataaaaast}Ar,94.71458773784356
CN[C@@H](C)CN1C[C@H](C(=O)Nc2cncc3ccccc23)c2cc(Cl)ccc2C1=O,CN[C@@H](C)CN1C[C@H](C(=O)Nc2cncc3ccccc23)c2cc(Cl)ccc2C1=O,6.79,c12cncc(NC(=O)[C@H]3CN(C[C@H](C)NC)C(=O)c4c3cc(Cl)cc4)c1cccc2,AD{A**Q}{A}ADrA{A*Q}{A{~B}Dasadaataaaaast}asaa{Z}aaasAr~B,41.01479915433404
CN[C@H](C)CN1C[C@H](C(=O)Nc2cncc3ccccc23)c2cc(Cl)ccc2C1=O,CN[C@H](C)CN1C[C@H](C(=O)Nc2cncc3ccccc23)c2cc(Cl)ccc2C1=O,6.88,[C@@H](NC)(C)CN1C(=O)c2ccc(Cl)cc2[C@@H](C(=O)Nc2c3c(cnc2)cccc3)C1,AD{A*Q}{A}ADrA{A*Q}{A{~B}Dasadaataaaaast}asaa{Z}aaasAr~B,39.11205073995772
COC(=O)N[C@H](C(=O)N1C[C@H](C(F)(F)F)C[C@H]1C(=O)N[C@H](C#N)C[C@@H]1CCNC1=O)C(C)(C)C,COC(=O)N[C@H](C(=O)N1C[C@H](C(F)(F)F)C[C@H]1C(=O)N[C@H](C#N)C[C@@H]1CCNC1=O)C(C)(C)C,7.223333333333334,FC([C@@H]1C[C@@H](C(=O)N[C@H](C#N)C[C@@H]2CCNC2=O)N(C([C@H](C(C)(C)C)NC(OC)=O)=O)C1)(F)F,ABA{~B}D{A*Q}{A{~B}DrA{A*Q}{A{G}{G}G}A{A*Q}rA{~B}D{A*Q}{A^D}A{A**Q}rAADAr~B}A{A}{A}A,31.85341789992953
COC(=O)[C@H]1CCCN(C(=O)Cc2cncc3ccccc23)C1,COC(=O)[C@H]1CCCN(C(=O)Cc2cncc3ccccc23)C1,4.49,C(OC)([C@@H]1CN(C(Cc2c3ccccc3cnc2)=O)CCC1)=O,ABA{~B}{A*Q}rAAAD{A{~B}Aasadaataaaaast}Ar,89.64059196617335
COC(C)(C)C1CCN(C(=O)Cc2cncc3ccccc23)CC1,COC(C)(C)C1CCN(C(=O)Cc2cncc3ccccc23)CC1,5.08,CC(C1CCN(C(Cc2cncc3ccccc32)=O)CC1)(OC)C,ABA{A}{A}ArAAD{A{~B}Aasadaataaaaast}AAr,77.16701902748414
COC1(C)CCN(C(=O)Cc2cncc3ccccc23)CC1,COC1(C)CCN(C(=O)Cc2cncc3ccccc23)CC1,4.76,N1(C(Cc2cncc3c2cccc3)=O)CCC(OC)(C)CC1,ABAr{A}AAD{A{~B}Aasadaataaaaast}AAr,83.9323467230444
COC1CC2(CCN(C(=O)Cc3cncc4ccccc34)CC2)C1,COC1CC2(CCN(C(=O)Cc3cncc4ccccc34)CC2)C1,5.36,C1CC2(CC(OC)C2)CCN1C(=O)Cc1cncc2c1cccc2,ABArAAs{AAD{A{~B}Aatadaauaaaaatu}AAs}Ar,71.24735729386892
COC1CCN(C(=O)Cc2cncc3ccccc23)CC1,COC1CCN(C(=O)Cc2cncc3ccccc23)CC1,4.59,c1ncc2c(cccc2)c1CC(N1CCC(OC)CC1)=O,ABArAAD{A{~B}Aasadaataaaaast}AAr,87.52642706131078
COCC(=O)[C@H]1CCCCN1C(=O)Cc1cncc2ccccc12,COCC(=O)[C@H]1CCCCN1C(=O)Cc1cncc2ccccc12,4.06,C1C[C@H](C(=O)COC)N(C(=O)Cc2c3c(cnc2)cccc3)CC1,ABAA{~B}{A*Q}rAAAADrA{~B}Aaradaasaaaaars,98.73150105708245
COCC1(C)CCN(C(=O)Cc2cncc3ccccc23)CC1,COCC1(C)CCN(C(=O)Cc2cncc3ccccc23)CC1,4.93,c12cncc(CC(=O)N3CCC(C)(COC)CC3)c1cccc2,ABAAr{A}AAD{A{~B}Aasadaataaaaast}AAr,80.33826638477802
COCC1(CC2CC2)CCN(C(=O)Cc2cncc3ccccc23)CC1,COCC1(CC2CC2)CCN(C(=O)Cc2cncc3ccccc23)CC1,4.92,c1ccc2c(c1)cncc2CC(N1CCC(COC)(CC2CC2)CC1)=O,ABAAr{AAsAAs}AAD{A{~B}Aasadaataaaaast}AAr,80.54968287526428
COCC1(F)CCN(C(=O)Cc2cncc3ccccc23)CC1,COCC1(F)CCN(C(=O)Cc2cncc3ccccc23)CC1,4.63,C(C(=O)N1CCC(F)(COC)CC1)c1cncc2ccccc21,ABAAr{G}AAD{A{~B}Aasadaataaaaast}AAr,86.68076109936575
COCC1CCN(C(=O)Cc2cncc3ccccc23)CC1,COCC1CCN(C(=O)Cc2cncc3ccccc23)CC1,4.89,C1C(COC)CCN(C(Cc2c3c(cnc2)cccc3)=O)C1,ABAArAAD{A{~B}Aasadaataaaaast}AAr,81.18393234672305
COCCC1CCN(C(=O)Cc2cncc3ccccc23)CC1,COCCC1CCN(C(=O)Cc2cncc3ccccc23)CC1,5.0,C(c1cncc2ccccc21)C(N1CCC(CCOC)CC1)=O,ABAAArAAD{A{~B}Aasadaataaaaast}AAr,78.8583509513742
COC[C@@H]1[C@H]2CCN(C(=O)Cc3cncc4ccccc34)C[C@H]21,COC[C@@H]1[C@H]2CCN(C(=O)Cc3cncc4ccccc34)C[C@H]21,4.26,n1cc(CC(N2C[C@@H]3[C@H](CC2)[C@H]3COC)=O)c2c(cccc2)c1,ABA{A**Q}r{A*Q}sAAD{A{~B}Aatadaauaaaaatu}A{A*Q}sr,94.5031712473573
COC[C@H]1CC12CCN(C(=O)Cc1cncc3ccccc13)CC2,COC[C@H]1CC12CCN(C(=O)Cc1cncc3ccccc13)CC2,4.59,C1N(C(=O)Cc2c3ccccc3cnc2)CCC2(C1)C[C@@H]2COC,ABA{A*Q}rAArsAAD{A{~B}Aaradaataaaaart}AAs,87.52642706131078
COC[C@H]1CCCCN1C(=O)Cc1cncc2ccccc12,COC[C@H]1CCCCN1C(=O)Cc1cncc2ccccc12,4.265000000000001,c1c(CC(N2[C@@H](COC)CCCC2)=O)c2ccccc2cn1,ABA{A*Q}rAAAADrA{~B}Aaradaasaaaaars,94.39746300211415
COC[C@H]1CCCN(C(=O)Cc2cncc3ccccc23)C1,COC[C@H]1CCCN(C(=O)Cc2cncc3ccccc23)C1,4.14,c1ccc2cncc(CC(=O)N3C[C@@H](COC)CCC3)c2c1,ABA{A*Q}rAAAD{A{~B}Aasadaataaaaast}Ar,97.04016913319239
COC[C@H]1CC[C@@H](c2ccc(F)cc2)N1C(=O)Cc1cncc2ccccc12,COC[C@H]1CC[C@@H](c2ccc(F)cc2)N1C(=O)Cc1cncc2ccccc12,5.01,c1cc(F)ccc1[C@H]1N(C(=O)Cc2cncc3ccccc32)[C@@H](COC)CC1,ABA{A*Q}rAA{A**Q}{asaaa{G}aas}DrA{~B}Aaradaasaaaaars,78.64693446088795
COC[C@H]1CN(c2cncc3ccccc23)C(=O)[C@@]12CN(C)C(=O)c1ccc(Cl)cc12,COC[C@H]1CN(c2cncc3ccccc23)C(=O)[C@@]12CN(C)C(=O)c1ccc(Cl)cc12,5.48,c12cncc(N3C[C@H](COC)[C@@]4(c5cc(Cl)ccc5C(=O)N(C)C4)C3=O)c1cccc2,ABA{A*Q}rAD{asadaataaaaast}A{~B}{A**}rsAD{A}A{~B}araaa{Z}aars,68.71035940803382
COC[C@H]1CN(c2cncc3ccccc23)C(=O)[C@@]12CN(Cc1c[nH]cn1)C(=O)c1ccc(Cl)cc12,COC[C@H]1CN(c2cncc3ccccc23)C(=O)[C@@]12CN(Cc1c[nH]cn1)C(=O)c1ccc(Cl)cc12,7.17,c1cc(Cl)cc2c1C(=O)N(Cc1c[nH]cn1)C[C@]21[C@@H](COC)CN(c2cncc3ccccc32)C1=O,ABA{A*Q}rAD{asadaataaaaast}A{~B}{A**}rsAD{Aara{dQ}adr}A{~B}araaa{Z}aars,32.980972515856244
COC[C@H]1CN(c2cncc3ccccc23)C(=O)[C@@]12CN(Cc1ccn[nH]1)C(=O)c1ccc(Cl)cc12,COC[C@H]1CN(c2cncc3ccccc23)C(=O)[C@@]12CN(Cc1ccn[nH]1)C(=O)c1ccc(Cl)cc12,7.44,O=C1c2ccc(Cl)cc2[C@]2(C(=O)N(c3c4ccccc4cnc3)C[C@@H]2COC)CN1Cc1[nH]ncc1,ABA{A*Q}rAD{asadaataaaaast}A{~B}{A**}rsAD{Aaraad{dQ}r}A{~B}araaa{Z}aars,27.27272727272727
COC[C@H]1CN(c2cncc3ccccc23)C(=O)[C@@]12CN(Cc1cn[nH]c1)C(=O)c1ccc(Cl)cc12,COC[C@H]1CN(c2cncc3ccccc23)C(=O)[C@@]12CN(Cc1cn[nH]c1)C(=O)c1ccc(Cl)cc12,7.26,c1c2c(ccc1Cl)C(=O)N(Cc1cn[nH]c1)C[C@@]21C(=O)N(c2c3c(cccc3)cnc2)C[C@@H]1COC,ABA{A*Q}rAD{asadaataaaaast}A{~B}{A**}rsAD{Aarad{dQ}ar}A{~B}araaa{Z}aars,31.078224101479925
COC[C@H]1CN(c2cncc3ccccc23)C(=O)[C@@]12CN(Cc1ncc[nH]1)C(=O)c1ccc(Cl)cc12,COC[C@H]1CN(c2cncc3ccccc23)C(=O)[C@@]12CN(Cc1ncc[nH]1)C(=O)c1ccc(Cl)cc12,7.32,c12cc(Cl)ccc1C(=O)N(Cc1[nH]ccn1)C[C@]21[C@@H](COC)CN(c2cncc3ccccc32)C1=O,ABA{A*Q}rAD{asadaataaaaast}A{~B}{A**}rsAD{Aardaa{dQ}r}A{~B}araaa{Z}aars,29.809725158562365
COC[C@H]1c2ccsc2CCN1C(=O)Cc1cncc2ccccc12,COC[C@H]1c2ccsc2CCN1C(=O)Cc1cncc2ccccc12,6.1000000000000005,COC[C@H]1c2c(scc2)CCN1C(Cc1cncc2ccccc12)=O,ABA{A*Q}rasaaeasAADrA{~B}Aaradaasaaaaars,55.60253699788583
COCc1cccc([C@H]2CCCCN2C(=O)Cc2cncc3ccccc23)c1,COCc1cccc([C@H]2CCCCN2C(=O)Cc2cncc3ccccc23)c1,5.06,c1(CC(N2[C@@H](c3cc(COC)ccc3)CCCC2)=O)cncc2c1cccc2,ABAaraaaa{{A*Q}sAAAADsA{~B}Aasadaataaaaast}ar,77.58985200845666
CO[C@@H](C)CN1C[C@@]2(C(=O)N(c3cncc4ccccc34)C[C@@H]2C)c2cc(Cl)ccc2C1=O,CO[C@@H](C)CN1C[C@@]2(C(=O)N(c3cncc4ccccc34)C[C@@H]2C)c2cc(Cl)ccc2C1=O,7.11,C1(=O)[C@@]2(CN(C[C@@H](OC)C)C(=O)c3ccc(Cl)cc32)[C@@H](C)CN1c1c2c(cnc1)cccc2,AB{A**Q}{A}ADrA{A**}s{A{~B}D{atadaauaaaaatu}A{A**Q}sA}asaa{Z}aaasAr~B,34.24947145877378
CO[C@@H](C)CN1C[C@@]2(C(=O)N(c3cncc4ccccc34)C[C@@H]2C)c2cc(F)ccc2C1=O,CO[C@@H](C)CN1C[C@@]2(C(=O)N(c3cncc4ccccc34)C[C@@H]2C)c2cc(F)ccc2C1=O,6.97,c12c(N3C(=O)[C@]4([C@@H](C)C3)CN(C[C@@H](OC)C)C(=O)c3c4cc(F)cc3)cncc1cccc2,AB{A**Q}{A}ADrA{A**}s{A{~B}D{atadaauaaaaatu}A{A**Q}sA}asaa{G}aaasAr~B,37.209302325581405
CO[C@@H](C)CN1C[C@H](C(=O)Nc2cncc3ccccc23)c2cc(Cl)ccc2C1=O,CO[C@@H](C)CN1C[C@H](C(=O)Nc2cncc3ccccc23)c2cc(Cl)ccc2C1=O,5.755,c1ccc2cncc(NC(=O)[C@H]3CN(C[C@H](C)OC)C(=O)c4c3cc(Cl)cc4)c2c1,AB{A**Q}{A}ADrA{A*Q}{A{~B}Dasadaataaaaast}asaa{Z}aaasAr~B,62.89640591966174
CO[C@@H]1CN(C(=O)Cc2cncc3ccccc23)CC[C@H]1C,CO[C@@H]1CN(C(=O)Cc2cncc3ccccc23)CC[C@H]1C,5.07,c12c(CC(=O)N3C[C@@H](OC)[C@H](C)CC3)cncc1cccc2,AB{A**Q}rAD{A{~B}Aasadaataaaaast}AA{A*Q}rA,77.37843551797039
CO[C@@H]1C[C@@H]2C[C@H]1CN2C(=O)Cc1cncc2ccccc12,CO[C@@H]1C[C@@H]2C[C@H]1CN2C(=O)Cc1cncc2ccccc12,4.27,[C@H]12CN(C(Cc3c4ccccc4cnc3)=O)[C@H](C[C@H]1OC)C2,AB{A**Q}rA{A**Q}sA{A*Q}rADsA{~B}Aaradaasaaaaars,94.29175475687106
CO[C@H](C)C1CCN(C(=O)Cc2cncc3ccccc23)CC1,CO[C@H](C)C1CCN(C(=O)Cc2cncc3ccccc23)CC1,5.34,C(N1CCC([C@@H](C)OC)CC1)(Cc1c2c(cccc2)cnc1)=O,AB{A*Q}{A}ArAAD{A{~B}Aasadaataaaaast}AAr,71.67019027484145
CO[C@H](C)CN1C[C@H](C(=O)Nc2cncc3ccccc23)c2cc(Cl)ccc2C1=O,CO[C@H](C)CN1C[C@H](C(=O)Nc2cncc3ccccc23)c2cc(Cl)ccc2C1=O,6.59,O=C1c2ccc(Cl)cc2[C@@H](C(=O)Nc2cncc3c2cccc3)CN1C[C@@H](C)OC,AB{A*Q}{A}ADrA{A*Q}{A{~B}Dasadaataaaaast}asaa{Z}aaasAr~B,45.2431289640592
CO[C@H]1CCN(C(=O)Cc2cncc3ccccc23)C[C@H]1C,CO[C@H]1CCN(C(=O)Cc2cncc3ccccc23)C[C@H]1C,4.45,C(=O)(Cc1cncc2ccccc12)N1C[C@@H](C)[C@@H](OC)CC1,AB{A*Q}rAAD{A{~B}Aasadaataaaaast}A{A*Q}rA,90.48625792811839
CO[C@H]1CCN(C(=O)Cc2cncc3ccccc23)[C@@H](C)C1,CO[C@H]1CCN(C(=O)Cc2cncc3ccccc23)[C@@H](C)C1,4.55,CO[C@H]1CCN(C(Cc2cncc3c2cccc3)=O)[C@@H](C)C1,AB{A*Q}rAAD{A{~B}Aasadaataaaaast}{A**Q}{A}Ar,88.37209302325581
CO[C@H]1CCN2C(=O)N(c3cncc4ccccc34)C(=O)[C@@H]2C1,CO[C@H]1CCN2C(=O)N(c3cncc4ccccc34)C(=O)[C@@H]2C1,4.03,c12ccccc1c(N1C(=O)[C@H]3N(C1=O)CC[C@H](OC)C3)cnc2,AB{A*Q}rAADsA{~B}D{atadaauaaaaatu}A{~B}{A**Q}sAr,99.36575052854121
CO[C@H]1CC[C@@H]2C(=O)N(c3cncc4ccccc34)C(=O)N2C1,CO[C@H]1CC[C@@H]2C(=O)N(c3cncc4ccccc34)C(=O)N2C1,4.324999999999999,N1(c2cncc3ccccc32)C(=O)N2C[C@@H](OC)CC[C@@H]2C1=O,AB{A*Q}rAA{A**Q}sA{~B}D{atadaauaaaaatu}A{~B}DsAr,93.12896405919663
CO[C@H]1[C@H]2C[C@H]3CN(C(=O)Cc4cncc5ccccc45)[C@H]1[C@H]3C2,CO[C@H]1[C@H]2C[C@H]3CN(C(=O)Cc4cncc5ccccc45)[C@H]1[C@H]3C2,4.23,c1ncc(CC(N2C[C@@H]3C[C@@H]4[C@H](OC)[C@@H]2[C@H]3C4)=O)c2ccccc12,AB{A*Q}r{A*Q}sA{A*Q}tAD{A{~B}Aauadaavaaaaauv}{A*Q}r{A*Q}tAs,95.13742071881606
CO[C@]1(C(F)(F)F)CCN(C(=O)Cc2cncc3ccccc23)C1,CO[C@]1(C(F)(F)F)CCN(C(=O)Cc2cncc3ccccc23)C1,5.15,c1cc2c(CC(N3C[C@@](OC)(C(F)(F)F)CC3)=O)cncc2cc1,AB{A*}r{A{G}{G}G}AAD{A{~B}Aasadaataaaaast}Ar,75.68710359408033
COc1cc(CNC(=O)CN2Cc3ccc(Cl)cc3[C@H](C(=O)Nc3cncc4ccccc34)C2)cc(OC)c1,COc1cc(CNC(=O)CN2Cc3ccc(Cl)cc3[C@H](C(=O)Nc3cncc4ccccc34)C2)cc(OC)c1,7.16,c1c2c(cc(Cl)c1)[C@H](C(Nc1cncc3ccccc31)=O)CN(CC(=O)NCc1cc(OC)cc(OC)c1)C2,ABaraa{ADA{~B}ADsAataaa{Z}aat{A*Q}{A{~B}Datadaauaaaaatu}As}aa{BA}ar,33.192389006342495
COc1cc2cncc(CC(=O)N(Cc3cccc(Cl)c3)c3ccc(N(C)C)cn3)c2cc1OC,COc1cc2cncc(CC(=O)N(Cc3cccc(Cl)c3)c3ccc(N(C)C)cn3)c2cc1OC,5.84,c1c(OC)c(OC)cc2c1c(CC(=O)N(Cc1cc(Cl)ccc1)c1ccc(N(C)C)cn1)cnc2,ABaraasadaa{AA{~B}D{Aataaaa{Z}at}ataaa{D{A}A}adt}asaarBA,61.09936575052855
COc1ccc(C(=O)Nc2cccc(/C=C3/C(=O)NC(=O)c4ccccc43)c2)cc1,COc1ccc(C(=O)Nc2cccc(/C=C3/C(=O)NC(=O)c4ccccc43)c2)cc1,5.04,c1cccc2c1/C(=C\c1cccc(NC(c3ccc(OC)cc3)=O)c1)C(=O)NC2=O,ABaraaa{A{~B}Dasaaaa{|A~At|A{~B}DA{~B}auaaaaaut}as}aar,78.01268498942918
COc1ccc(C)cc1CC(=O)Nc1cncc2ccccc12,COc1ccc(C)cc1CC(=O)Nc1cncc2ccccc12,5.25,O(c1c(CC(=O)Nc2cncc3ccccc23)cc(C)cc1)C,ABaraaa{A}aarAA{~B}Daradaasaaaaars,73.57293868921776
COc1ccc(CNC(=O)CN2Cc3ccc(Cl)cc3[C@H](C(=O)Nc3cncc4ccccc34)C2)cc1,COc1ccc(CNC(=O)CN2Cc3ccc(Cl)cc3[C@H](C(=O)Nc3cncc4ccccc34)C2)cc1,7.08,c1cc(CNC(CN2Cc3c(cc(Cl)cc3)[C@H](C(Nc3cncc4c3cccc4)=O)C2)=O)ccc1OC,ABaraaa{ADA{~B}ADsAataaa{Z}aat{A*Q}{A{~B}Datadaauaaaaatu}As}aar,34.88372093023256
COc1ccc(CNC(=O)CN2Cc3ccc(Cl)cc3[C@H](C(=O)Nc3cncc4ccccc34)C2)cc1OC,COc1ccc(CNC(=O)CN2Cc3ccc(Cl)cc3[C@H](C(=O)Nc3cncc4ccccc34)C2)cc1OC,6.94,COc1cc(CNC(CN2C[C@@H](C(Nc3c4c(cnc3)cccc4)=O)c3cc(Cl)ccc3C2)=O)ccc1OC,ABaraaa{ADA{~B}ADsAataaa{Z}aat{A*Q}{A{~B}Datadaauaaaaatu}As}aarBA,37.84355179704016
COc1ccc(CNc2cnc([C@H](NC(=O)CCl)c3ccccc3)s2)c(OC)c1,COc1ccc(CNc2cnc([C@H](NC(=O)CCl)c3ccccc3)s2)c(OC)c1,4.33,ClCC(N[C@@H](c1ncc(NCc2ccc(OC)cc2OC)s1)c1ccccc1)=O,ABaraaa{ADasada{{A*Q}{DA{~B}AZ}ataaaaat}es}a{BA}ar,93.0232558139535
COc1ccc(N(Cc2cccc(Cl)c2)C(=O)Cc2cccnc2)cc1,COc1ccc(N(Cc2cccc(Cl)c2)C(=O)Cc2cccnc2)cc1,4.99,c1cc(OC)ccc1N(C(Cc1cnccc1)=O)Cc1cc(Cl)ccc1,ABaraaa{D{Aasaaaa{Z}as}A{~B}Aasaaadas}aar,79.06976744186046
COc1ccc(N(Cc2cccc(Cl)c2)C(=O)Cc2cncc(C)c2)cc1,COc1ccc(N(Cc2cccc(Cl)c2)C(=O)Cc2cncc(C)c2)cc1,5.78,c1(C)cc(CC(=O)N(Cc2cc(Cl)ccc2)c2ccc(OC)cc2)cnc1,ABaraaa{D{Aasaaaa{Z}as}A{~B}Aasadaa{A}as}aar,62.36786469344608
COc1ccc(N(Cc2cccc(Cl)c2)C(=O)Cc2cncc3ccccc23)cc1,COc1ccc(N(Cc2cccc(Cl)c2)C(=O)Cc2cncc3ccccc23)cc1,5.92,O=C(Cc1c2ccccc2cnc1)N(c1ccc(OC)cc1)Cc1cccc(Cl)c1,ABaraaa{D{Aasaaaa{Z}as}A{~B}Aasadaataaaaast}aar,59.40803382663849
COc1ccc(N(Cc2cccc(Cl)c2)C(=O)Cc2cnccc2C)cc1,COc1ccc(N(Cc2cccc(Cl)c2)C(=O)Cc2cnccc2C)cc1,5.44,Cc1ccncc1CC(N(c1ccc(OC)cc1)Cc1cc(Cl)ccc1)=O,ABaraaa{D{Aasaaaa{Z}as}A{~B}AasadaaasA}aar,69.55602536997885
COc1ccc(N(Cc2ccccc2)C(=O)Cc2cncc3ccccc23)cc1,COc1ccc(N(Cc2ccccc2)C(=O)Cc2cncc3ccccc23)cc1,5.37,c1c(N(Cc2ccccc2)C(=O)Cc2c3ccccc3cnc2)ccc(OC)c1,ABaraaa{D{Aasaaaaas}A{~B}Aasadaataaaaast}aar,71.03594080338267
COc1ccc([C@H]2CCCCN2C(=O)Cc2cncc3ccccc23)cc1F,COc1ccc([C@H]2CCCCN2C(=O)Cc2cncc3ccccc23)cc1F,4.85,c1c2c(CC(N3[C@@H](c4cc(F)c(OC)cc4)CCCC3)=O)cncc2ccc1,ABaraaa{{A*Q}sAAAADsA{~B}Aasadaataaaaast}aarG,82.02959830866808
COc1ccc2[nH]cc(CCNC(=O)c3cncc4ccccc34)c2c1,COc1ccc2[nH]cc(CCNC(=O)c3cncc4ccccc34)c2c1,4.24,[nH]1c2ccc(OC)cc2c(CCNC(=O)c2c3ccccc3cnc2)c1,ABaraaas{dQ}aa{AADA{~B}atadaauaaaaatu}asar,94.9260042283298
COc1ccc2cncc(CC(=O)N(Cc3cccc(Cl)c3)c3ccc(N(C)C)cn3)c2c1,COc1ccc2cncc(CC(=O)N(Cc3cccc(Cl)c3)c3ccc(N(C)C)cn3)c2c1,6.69,Clc1cccc(CN(C(=O)Cc2c3c(ccc(OC)c3)cnc2)c2ncc(N(C)C)cc2)c1,ABaraaasadaa{AA{~B}D{Aataaaa{Z}at}ataaa{D{A}A}adt}asar,43.12896405919661
COc1cccc(CNC(=O)CN2C[C@@]3(C(=O)N(c4cncc5ccccc45)C[C@@H]3C)c3cc(Cl)ccc3C2=O)c1,COc1cccc(CNC(=O)CN2C[C@@]3(C(=O)N(c4cncc5ccccc45)C[C@@H]3C)c3cc(Cl)ccc3C2=O)c1,7.16,COc1cc(CNC(CN2C(=O)c3ccc(Cl)cc3[C@]3(C(=O)N(c4cncc5ccccc45)C[C@@H]3C)C2)=O)ccc1,ABaraaaa{ADA{~B}ADsA{A**}t{A{~B}D{auadaavaaaaauv}A{A**Q}tA}ataa{Z}aaatAs~B}ar,33.192389006342495
COc1cccc(CNC(=O)CN2C[C@@]3(C(=O)N(c4cncc5ccccc45)C[C@@H]3C)c3ccccc3C2=O)c1,COc1cccc(CNC(=O)CN2C[C@@]3(C(=O)N(c4cncc5ccccc45)C[C@@H]3C)c3ccccc3C2=O)c1,6.31,c1cc2c(cc1)C(=O)N(CC(=O)NCc1cccc(OC)c1)C[C@]21[C@@H](C)CN(c2cncc3c2cccc3)C1=O,ABaraaaa{ADA{~B}ADsA{A**}t{A{~B}D{auadaavaaaaauv}A{A**Q}tA}ataaaaatAs~B}ar,51.16279069767443
COc1cccc(CNC(=O)CN2C[C@]3(C(=O)N(c4cncc5ccccc45)C[C@@H]3C)c3ccccc3C2=O)c1,COc1cccc(CNC(=O)CN2C[C@]3(C(=O)N(c4cncc5ccccc45)C[C@@H]3C)c3ccccc3C2=O)c1,4.59,[C@H]1(C)CN(c2c3c(cnc2)cccc3)C(=O)[C@]12CN(CC(NCc1cccc(OC)c1)=O)C(=O)c1ccccc12,ABaraaaa{ADA{~B}ADsA{A*}t{A{~B}D{auadaavaaaaauv}A{A**Q}tA}ataaaaatAs~B}ar,87.52642706131078
COc1cccc(CNC(=O)CN2Cc3ccc(Cl)cc3[C@H](C(=O)Nc3cncc4ccccc34)C2)c1,COc1cccc(CNC(=O)CN2Cc3ccc(Cl)cc3[C@H](C(=O)Nc3cncc4ccccc34)C2)c1,7.08,c1c2cncc(NC([C@H]3c4cc(Cl)ccc4CN(CC(=O)NCc4cccc(OC)c4)C3)=O)c2ccc1,ABaraaaa{ADA{~B}ADsAataaa{Z}aat{A*Q}{A{~B}Datadaauaaaaatu}As}ar,34.88372093023256
COc1cccc(C[C@H]2CCCN2C(=O)Cc2cncc3ccccc23)c1,COc1cccc(C[C@H]2CCCN2C(=O)Cc2cncc3ccccc23)c1,5.29,c1(OC)cccc(C[C@@H]2N(C(Cc3c4c(cccc4)cnc3)=O)CCC2)c1,ABaraaaa{A{A*Q}sAAADsA{~B}Aasadaataaaaast}ar,72.72727272727273
COc1cccc([C@H](C)[C@H]2CCN(C(=O)Cc3cncc4ccccc34)C2)c1,COc1cccc([C@H](C)[C@H]2CCN(C(=O)Cc3cncc4ccccc34)C2)c1,4.79,c12ccccc1c(CC(=O)N1C[C@@H]([C@H](c3cc(OC)ccc3)C)CC1)cnc2,ABaraaaa{{A*Q}{A}{A*Q}sAAD{A{~B}Aatadaauaaaaatu}As}ar,83.29809725158563
COc1cccc([C@H]2CCN(C(=O)Cc3cncc4ccccc34)C2)c1,COc1cccc([C@H]2CCN(C(=O)Cc3cncc4ccccc34)C2)c1,4.43,c1([C@@H]2CN(C(=O)Cc3c4ccccc4cnc3)CC2)cc(OC)ccc1,ABaraaaa{{A*Q}sAAD{A{~B}Aatadaauaaaaatu}As}ar,90.9090909090909
COc1cccc([C@H]2C[C@H](C)CN2C(=O)Cc2cncc3ccccc23)c1,COc1cccc([C@H]2C[C@H](C)CN2C(=O)Cc2cncc3ccccc23)c1,5.02,c1ccc(OC)cc1[C@@H]1N(C(=O)Cc2c3c(cccc3)cnc2)C[C@@H](C)C1,ABaraaaa{{A*Q}sA{A*Q}{A}ADsA{~B}Aasadaataaaaast}ar,78.4355179704017
COc1cccc([C@]2(F)CCN(C(=O)Cc3cncc4ccccc34)C2)c1,COc1cccc([C@]2(F)CCN(C(=O)Cc3cncc4ccccc34)C2)c1,4.87,c1c2c(c(CC(N3CC[C@](c4cc(OC)ccc4)(F)C3)=O)cn1)cccc2,ABaraaaa{{A*}s{G}AAD{A{~B}Aatadaauaaaaatu}As}ar,81.60676532769557
COc1ccccc1CNC(=O)CN1Cc2ccc(Cl)cc2[C@H](C(=O)Nc2cncc3ccccc23)C1,COc1ccccc1CNC(=O)CN1Cc2ccc(Cl)cc2[C@H](C(=O)Nc2cncc3ccccc23)C1,6.96,O(c1ccccc1CNC(CN1C[C@@H](C(Nc2cncc3ccccc32)=O)c2c(ccc(Cl)c2)C1)=O)C,ABaraaaaarADA{~B}ADrAasaaa{Z}aas{A*Q}{A{~B}Dasadaataaaaast}Ar,37.42071881606766
COc1ccccc1C[C@H]1CCCN1C(=O)Cc1cncc2ccccc12,COc1ccccc1C[C@H]1CCCN1C(=O)Cc1cncc2ccccc12,4.41,C([C@@H]1N(C(Cc2cncc3ccccc32)=O)CCC1)c1ccccc1OC,ABaraaaaarA{A*Q}rAAADrA{~B}Aaradaasaaaaars,91.33192389006342
COc1ccccc1C[C@H]1CCN(C(=O)Cc2cncc3ccccc23)C1,COc1ccccc1C[C@H]1CCN(C(=O)Cc2cncc3ccccc23)C1,4.88,c1cc(OC)c(C[C@H]2CCN(C(Cc3cncc4c3cccc4)=O)C2)cc1,ABaraaaaarA{A*Q}rAAD{A{~B}Aasadaataaaaast}Ar,81.39534883720931
COc1ccccc1OC[C@H]1CCCN1C(=O)Cc1cncc2ccccc12,COc1ccccc1OC[C@H]1CCCN1C(=O)Cc1cncc2ccccc12,4.14,c1ccc(OC[C@H]2CCCN2C(Cc2c3ccccc3cnc2)=O)c(OC)c1,ABaraaaaarBA{A*Q}rAAADrA{~B}Aaradaasaaaaars,97.04016913319239
COc1ccccc1[C@@H]1C[C@H](C)CCN1C(=O)Cc1cncc2ccccc12,COc1ccccc1[C@@H]1C[C@H](C)CCN1C(=O)Cc1cncc2ccccc12,6.013333333333333,c1ccc2c(CC(N3[C@H](c4c(OC)cccc4)C[C@H](C)CC3)=O)cncc2c1,ABaraaaaar{A**Q}rA{A*Q}{A}AADrA{~B}Aaradaasaaaaars,57.43481324876675
COc1ccccc1[C@H]1CC(C)(C)CCN1C(=O)Cc1cncc2ccccc12,COc1ccccc1[C@H]1CC(C)(C)CCN1C(=O)Cc1cncc2ccccc12,6.46,c1cc(OC)c([C@@H]2N(C(Cc3cncc4c3cccc4)=O)CCC(C)(C)C2)cc1,ABaraaaaar{A*Q}rAA{A}{A}AADrA{~B}Aaradaasaaaaars,47.99154334038056
COc1ccccc1[C@H]1CCCCN1C(=O)Cc1cncc2ccccc12,COc1ccccc1[C@H]1CCCCN1C(=O)Cc1cncc2ccccc12,4.98,c1cccc2cncc(CC(=O)N3[C@@H](c4ccccc4OC)CCCC3)c12,ABaraaaaar{A*Q}rAAAADrA{~B}Aaradaasaaaaars,79.28118393234672
COc1ccccc1[C@H]1C[C@H](C)CCN1C(=O)Cc1cncc2ccccc12,COc1ccccc1[C@H]1C[C@H](C)CCN1C(=O)Cc1cncc2ccccc12,5.68,c1cccc([C@H]2C[C@H](C)CCN2C(Cc2cncc3ccccc32)=O)c1OC,ABaraaaaar{A*Q}rA{A*Q}{A}AADrA{~B}Aaradaasaaaaars,64.48202959830867
CS(=O)(=O)CC[C@H]1CCCCN1C(=O)Cc1cncc2ccccc12,CS(=O)(=O)CC[C@H]1CCCCN1C(=O)Cc1cncc2ccccc12,4.06,c12ccccc1cncc2CC(N1[C@@H](CCS(C)(=O)=O)CCCC1)=O,AE{~B}{~B}AA{A*Q}rAAAADrA{~B}Aaradaasaaaaars,98.73150105708245
CS(=O)(=O)C[C@@H]1C[C@@H]2CCC[C@@H]2N1C(=O)Cc1cncc2ccccc12,CS(=O)(=O)C[C@@H]1C[C@@H]2CCC[C@@H]2N1C(=O)Cc1cncc2ccccc12,4.22,c1ncc(CC(=O)N2[C@H](CS(=O)(C)=O)C[C@H]3[C@@H]2CCC3)c2ccccc12,AE{~B}{~B}A{A**Q}rA{A**Q}sAAA{A**Q}sDrA{~B}Aaradaasaaaaars,95.34883720930233
C[C@@H](O)C1CCN(C(=O)Cc2cncc3ccccc23)CC1,C[C@@H](O)C1CCN(C(=O)Cc2cncc3ccccc23)CC1,4.32,[C@@H](O)(C)C1CCN(C(Cc2c3c(cccc3)cnc2)=O)CC1,A{A**Q}{B}ArAAD{A{~B}Aasadaataaaaast}AAr,93.23467230443974
C[C@@H](O)CN1C[C@H](C(=O)Nc2cncc3ccccc23)c2cc(Cl)ccc2C1=O,C[C@@H](O)CN1C[C@H](C(=O)Nc2cncc3ccccc23)c2cc(Cl)ccc2C1=O,5.8100000000000005,N1(C[C@H](O)C)C[C@H](C(Nc2cncc3c2cccc3)=O)c2cc(Cl)ccc2C1=O,A{A**Q}{B}ADrA{A*Q}{A{~B}Dasadaataaaaast}asaa{Z}aaasAr~B,61.73361522198731
C[C@@H]1CC(=O)[C@@H](C)CN1C(=O)Cc1cncc2ccccc12,C[C@@H]1CC(=O)[C@@H](C)CN1C(=O)Cc1cncc2ccccc12,4.14,C(C(N1C[C@H](C)C(=O)C[C@H]1C)=O)c1cncc2ccccc12,A{A**Q}rAA{~B}{A**Q}{A}ADrA{~B}Aaradaasaaaaars,97.04016913319239
C[C@@H]1CCN(C(=O)Cc2cncc3ccccc23)[C@H](C)C1,C[C@@H]1CCN(C(=O)Cc2cncc3ccccc23)[C@H](C)C1,5.68,C1[C@H](C)CCN(C(Cc2cncc3ccccc23)=O)[C@@H]1C,A{A**Q}rAAD{A{~B}Aasadaataaaaast}{A*Q}{A}Ar,64.48202959830867
C[C@@H]1CN(C(=O)Cc2cncc3ccccc23)CC[C@@H]1C,C[C@@H]1CN(C(=O)Cc2cncc3ccccc23)CC[C@@H]1C,5.23,N1(C(=O)Cc2c3ccccc3cnc2)C[C@@H](C)[C@@H](C)CC1,A{A**Q}rAD{A{~B}Aasadaataaaaast}AA{A**Q}rA,73.99577167019027
C[C@@H]1CN(CCN2C[C@@]3(C(=O)N(c4cncc5ccccc45)C[C@@H]3C)c3cc(Cl)ccc3C2=O)CCO1,C[C@@H]1CN(CCN2C[C@@]3(C(=O)N(c4cncc5ccccc45)C[C@@H]3C)c3cc(Cl)ccc3C2=O)CCO1,7.64,C1(=O)c2c(cc(Cl)cc2)[C@@]2([C@@H](C)CN(c3c4ccccc4cnc3)C2=O)CN1CCN1C[C@@H](C)OCC1,A{A**Q}rAD{AADsA{A**}t{A{~B}D{auadaavaaaaauv}A{A**Q}tA}ataa{Z}aaatAs~B}AABr,23.044397463002127
C[C@@H]1CN(CCN2C[C@@]3(C(=O)N(c4cncc5ccccc45)C[C@@H]3C)c3cc(Cl)ccc3C2=O)C[C@@H](C)O1,C[C@@H]1CN(CCN2C[C@@]3(C(=O)N(c4cncc5ccccc45)C[C@@H]3C)c3cc(Cl)ccc3C2=O)C[C@@H](C)O1,7.52,C(CN1C[C@@H](C)O[C@H](C)C1)N1C(=O)c2ccc(Cl)cc2[C@]2(C(=O)N(c3c4ccccc4cnc3)C[C@@H]2C)C1,A{A**Q}rAD{AADsA{A**}t{A{~B}D{auadaavaaaaauv}A{A**Q}tA}ataa{Z}aaatAs~B}A{A**Q}{A}Br,25.581395348837226
C[C@@H]1CN(CCN2C[C@@]3(C(=O)N(c4cncc5ccccc45)C[C@@H]3C)c3cc(Cl)ccc3C2=O)C[C@H](C)O1,C[C@@H]1CN(CCN2C[C@@]3(C(=O)N(c4cncc5ccccc45)C[C@@H]3C)c3cc(Cl)ccc3C2=O)C[C@H](C)O1,7.57,C[C@H]1O[C@@H](C)CN(CCN2C[C@@]3(C(=O)N(c4cncc5ccccc54)C[C@@H]3C)c3c(ccc(Cl)c3)C2=O)C1,A{A**Q}rAD{AADsA{A**}t{A{~B}D{auadaavaaaaauv}A{A**Q}tA}ataa{Z}aaatAs~B}A{A*Q}{A}Br,24.52431289640592
C[C@@H]1CN(CCN2C[C@@]3(C(=O)N(c4cncc5ccccc45)C[C@@H]3C)c3cc(Cl)ccc3C2=O)[C@H](C)CO1,C[C@@H]1CN(CCN2C[C@@]3(C(=O)N(c4cncc5ccccc45)C[C@@H]3C)c3cc(Cl)ccc3C2=O)[C@H](C)CO1,7.85,c1ncc(N2C(=O)[C@@]3([C@@H](C)C2)c2cc(Cl)ccc2C(=O)N(CCN2C[C@@H](C)OC[C@H]2C)C3)c2ccccc12,A{A**Q}rAD{AADsA{A**}t{A{~B}D{auadaavaaaaauv}A{A**Q}tA}ataa{Z}aaatAs~B}{A*Q}{A}ABr,18.604651162790713
C[C@@H]1COC[C@@H](C)N1CCN1C[C@@]2(C(=O)N(c3cncc4ccccc34)C[C@@H]2C)c2cc(Cl)ccc2C1=O,C[C@@H]1COC[C@@H](C)N1CCN1C[C@@]2(C(=O)N(c3cncc4ccccc34)C[C@@H]2C)c2cc(Cl)ccc2C1=O,7.85,O1C[C@@H](C)N(CCN2C[C@@]3(c4cc(Cl)ccc4C2=O)[C@@H](C)CN(c2c4c(cccc4)cnc2)C3=O)[C@H](C)C1,A{A**Q}rABA{A**Q}{A}DrAADrA{A**}s{A{~B}D{atadaauaaaaatu}A{A**Q}sA}asaa{Z}aaasAr~B,18.604651162790713
C[C@@H]1COC[C@H](C)N1CCN1C[C@@]2(C(=O)N(c3cncc4ccccc34)C[C@@H]2C)c2cc(Cl)ccc2C1=O,C[C@@H]1COC[C@H](C)N1CCN1C[C@@]2(C(=O)N(c3cncc4ccccc34)C[C@@H]2C)c2cc(Cl)ccc2C1=O,7.28,c1cc2c(cncc2N2C[C@H](C)[C@]3(CN(CCN4[C@H](C)COC[C@@H]4C)C(=O)c4c3cc(Cl)cc4)C2=O)cc1,A{A**Q}rABA{A*Q}{A}DrAADrA{A**}s{A{~B}D{atadaauaaaaatu}A{A**Q}sA}asaa{Z}aaasAr~B,30.655391120507403
C[C@@H]1[C@H]2CN(C(=O)Cc3cncc4ccccc34)CC[C@@H]12,C[C@@H]1[C@H]2CN(C(=O)Cc3cncc4ccccc34)CC[C@@H]12,5.58,c12ccccc1cncc2CC(N1C[C@H]2[C@@H](CC1)[C@@H]2C)=O,A{A**Q}r{A*Q}sAD{A{~B}Aatadaauaaaaatu}AA{A**Q}rs,66.59619450317125
C[C@@H]1[C@H]2CN(C(=O)Cc3cncc4ccccc34)C[C@@H]12,C[C@@H]1[C@H]2CN(C(=O)Cc3cncc4ccccc34)C[C@@H]12,5.0,C1[C@H]2[C@@H](CN1C(Cc1c3c(cnc1)cccc3)=O)[C@@H]2C,A{A**Q}r{A*Q}sAD{A{~B}Aatadaauaaaaatu}A{A**Q}rs,78.8583509513742
C[C@H](C(=O)N1CCc2sccc2C1)c1cncc2ccccc12,C[C@H](C(=O)N1CCc2sccc2C1)c1cncc2ccccc12,4.09,C(=O)(N1CCc2c(ccs2)C1)[C@H](c1c2c(cnc1)cccc2)C,A{A*Q}{A{~B}DrAAaseaaasAr}aradaasaaaaars,98.09725158562368
C[C@H](C(=O)Nc1cncc2ccccc12)c1cccc(Cl)c1,C[C@H](C(=O)Nc1cncc2ccccc12)c1cccc(Cl)c1,5.94,c12c(cccc1)cncc2NC([C@@H](C)c1cccc(Cl)c1)=O,A{A*Q}{A{~B}Daradaasaaaaars}araaaa{Z}ar,58.98520084566596
C[C@H](CO)C[C@H]1CN(C(=O)CCl)CCN1Cc1cccc(Cl)c1,C[C@H](CO)C[C@H]1CN(C(=O)CCl)CCN1Cc1cccc(Cl)c1,6.32,[C@H]1(C[C@@H](CO)C)CN(C(=O)CCl)CCN1Cc1cc(Cl)ccc1,A{A*Q}{AB}A{A*Q}rAD{A{~B}AZ}AADrAaraaaa{Z}ar,50.95137420718816
C[C@H](F)[C@H]1CCCN1C(=O)Cc1cncc2ccccc12,C[C@H](F)[C@H]1CCCN1C(=O)Cc1cncc2ccccc12,4.07,c1cc2cncc(CC(=O)N3[C@@H]([C@@H](F)C)CCC3)c2cc1,A{A*Q}{G}{A*Q}rAAADrA{~B}Aaradaasaaaaars,98.52008456659618
C[C@H](N(Cc1ccccc1)C(=O)Cc1cncc2ccccc12)C(F)(F)F,C[C@H](N(Cc1ccccc1)C(=O)Cc1cncc2ccccc12)C(F)(F)F,4.33,c1c2c(cccc2)c(CC(N(Cc2ccccc2)[C@H](C(F)(F)F)C)=O)cn1,A{A*Q}{D{Aaraaaaar}A{~B}Aaradaasaaaaars}A{G}{G}G,93.0232558139535
C[C@H](NC(=O)COS(N)(=O)=O)c1cc(Cl)cc(-c2ccc(S(N)(=O)=O)cc2)c1,C[C@H](NC(=O)COS(N)(=O)=O)c1cc(Cl)cc(-c2ccc(S(N)(=O)=O)cc2)c1,5.75,c1cc(-c2cc([C@H](C)NC(=O)COS(N)(=O)=O)cc(Cl)c2)ccc1S(N)(=O)=O,A{A*Q}{DA{~B}ABE{D}{~B}~B}araa{Z}aa{_asaaa{E{D}{~B}~B}aas}ar,63.00211416490487
C[C@H](NC(=O)c1cncc2ccccc12)c1nc2ccccc2n1C,C[C@H](NC(=O)c1cncc2ccccc12)c1nc2ccccc2n1C,4.06,O=C(c1cncc2ccccc21)N[C@@H](C)c1n(C)c2ccccc2n1,A{A*Q}{DA{~B}aradaasaaaaars}ardasaaaaasdrA,98.73150105708245
C[C@H](O)CN1C[C@H](C(=O)Nc2cncc3ccccc23)c2cc(Cl)ccc2C1=O,C[C@H](O)CN1C[C@H](C(=O)Nc2cncc3ccccc23)c2cc(Cl)ccc2C1=O,6.085,c1(Cl)cc2c(cc1)C(=O)N(C[C@H](C)O)C[C@@H]2C(=O)Nc1cncc2ccccc21,A{A*Q}{B}ADrA{A*Q}{A{~B}Dasadaataaaaast}asaa{Z}aaasAr~B,55.91966173361523
C[C@H](O)[C@H]1CCCN(C(=O)Cc2cncc3ccccc23)C1,C[C@H](O)[C@H]1CCCN(C(=O)Cc2cncc3ccccc23)C1,4.08,C(c1c2c(cccc2)cnc1)C(=O)N1C[C@@H]([C@H](C)O)CCC1,A{A*Q}{B}{A*Q}rAAAD{A{~B}Aasadaataaaaast}Ar,98.30866807610994
C[C@H](OC(C)(C)C)[C@@H](NC(=O)OCc1cccc(OCCCCCCOc2cccc3c2C(=O)N([C@H]2CCC(=O)NC2=O)C3=O)c1)C(=O)N[C@H](CC1CCCCC1)C(=O)N[C@H](C=O)C[C@@H]1CCNC1=O,C[C@H](OC(C)(C)C)[C@@H](NC(=O)OCc1cccc(OCCCCCCOc2cccc3c2C(=O)N([C@H]2CCC(=O)NC2=O)C3=O)c1)C(=O)N[C@H](CC1CCCCC1)C(=O)N[C@H](C=O)C[C@@H]1CCNC1=O,5.41,C1CCC(C[C@@H](NC(=O)[C@H](NC(=O)OCc2cccc(OCCCCCCOc3c4c(ccc3)C(=O)N([C@@H]3C(=O)NC(=O)CC3)C4=O)c2)[C@@H](OC(C)(C)C)C)C(N[C@@H](C[C@H]2C(=O)NCC2)C=O)=O)CC1,A{A*Q}{BA{A}{A}A}{A**Q}{DA{~B}BAaraaaa{BAAAAAABasaaaatasA{~B}D{{A*Q}sAAA{~B}DAs~B}At~B}ar}A{~B}D{A*Q}{AArAAAAAr}A{~B}D{A*Q}{A~B}A{A**Q}rAADAr~B,70.19027484143763
C[C@H](c1ccccc1)N(C(=O)Cc1cncc2ccccc12)C1CCN(C)CC1,C[C@H](c1ccccc1)N(C(=O)Cc1cncc2ccccc12)C1CCN(C)CC1,4.7,c1ccc2c(c1)c(CC(N([C@H](C)c1ccccc1)C1CCN(C)CC1)=O)cnc2,A{A*Q}{araaaaar}D{A{~B}Aaradaasaaaaars}ArAAD{A}AAr,85.20084566596194
C[C@H](c1ccccc1)N(Cc1ccccc1)C(=O)Cc1cncc2ccccc12,C[C@H](c1ccccc1)N(Cc1ccccc1)C(=O)Cc1cncc2ccccc12,5.15,N(C(=O)Cc1cncc2ccccc21)([C@H](C)c1ccccc1)Cc1ccccc1,A{A*Q}{araaaaar}D{Aaraaaaar}A{~B}Aaradaasaaaaars,75.68710359408033
C[C@H](c1ccccc1)[C@H]1CCCN(C(=O)Cc2cncc3ccccc23)C1,C[C@H](c1ccccc1)[C@H]1CCCN(C(=O)Cc2cncc3ccccc23)C1,4.77,c1c2cncc(CC(N3CCC[C@H]([C@@H](c4ccccc4)C)C3)=O)c2ccc1,A{A*Q}{araaaaar}{A*Q}rAAAD{A{~B}Aasadaataaaaast}Ar,83.72093023255816
C[C@H]1CC(F)(F)CCN1C(=O)Cc1cncc2ccccc12,C[C@H]1CC(F)(F)CCN1C(=O)Cc1cncc2ccccc12,5.366666666666667,c1c2ccccc2c(CC(=O)N2[C@@H](C)CC(F)(F)CC2)cn1,A{A*Q}rAA{G}{G}AADrA{~B}Aaradaasaaaaars,71.10641296687807
C[C@H]1CCCCCN1C(=O)Cc1cncc2ccccc12,C[C@H]1CCCCCN1C(=O)Cc1cncc2ccccc12,4.9,C(=O)(Cc1cncc2ccccc21)N1CCCCC[C@@H]1C,A{A*Q}rAAAAADrA{~B}Aaradaasaaaaars,80.97251585623678
C[C@H]1CCCCN(C(=O)Cc2cncc3ccccc23)C1,C[C@H]1CCCCN(C(=O)Cc2cncc3ccccc23)C1,4.87,n1cc2c(cccc2)c(CC(N2C[C@@H](C)CCCC2)=O)c1,A{A*Q}rAAAAD{A{~B}Aasadaataaaaast}Ar,81.60676532769557
C[C@H]1CCCCN1C(=O)Cc1cncc2ccccc12,C[C@H]1CCCCN1C(=O)Cc1cncc2ccccc12,4.37,C1CC[C@H](C)N(C(Cc2c3c(cnc2)cccc3)=O)C1,A{A*Q}rAAAADrA{~B}Aaradaasaaaaars,92.17758985200847
C[C@H]1CCCN(C(=O)Cc2cncc3ccccc23)C1,C[C@H]1CCCN(C(=O)Cc2cncc3ccccc23)C1,4.63,c1c(CC(=O)N2CCC[C@H](C)C2)c2ccccc2cn1,A{A*Q}rAAAD{A{~B}Aasadaataaaaast}Ar,86.68076109936575
C[C@H]1CCCN(C(=O)Cc2cncc3ccccc23)CC1,C[C@H]1CCCN(C(=O)Cc2cncc3ccccc23)CC1,5.68,[C@H]1(C)CCCN(C(=O)Cc2c3c(cnc2)cccc3)CC1,A{A*Q}rAAAD{A{~B}Aasadaataaaaast}AAr,64.48202959830867
C[C@H]1CCCN(C(=O)Cc2cncc3ccccc23)[C@H]1C,C[C@H]1CCCN(C(=O)Cc2cncc3ccccc23)[C@H]1C,4.609999999999999,c12cncc(CC(N3CCC[C@H](C)[C@@H]3C)=O)c1cccc2,A{A*Q}rAAAD{A{~B}Aasadaataaaaast}{A*Q}rA,87.10359408033828
C[C@H]1CCC[C@@H](CNC(=O)C(F)(F)F)N1C(=O)Cc1cncc2ccccc12,C[C@H]1CCC[C@@H](CNC(=O)C(F)(F)F)N1C(=O)Cc1cncc2ccccc12,4.42,N(C[C@H]1N(C(Cc2cncc3c2cccc3)=O)[C@@H](C)CCC1)C(=O)C(F)(F)F,A{A*Q}rAAA{A**Q}{ADA{~B}A{G}{G}G}DrA{~B}Aaradaasaaaaars,91.12050739957716
C[C@H]1CCC[C@H](CCN(C)C)N1C(=O)Cc1cncc2ccccc12,C[C@H]1CCC[C@H](CCN(C)C)N1C(=O)Cc1cncc2ccccc12,4.24,c1c2cncc(CC(=O)N3[C@@H](C)CCC[C@@H]3CCN(C)C)c2ccc1,A{A*Q}rAAA{A*Q}{AAD{A}A}DrA{~B}Aaradaasaaaaars,94.9260042283298
C[C@H]1CCN(C(=O)Cc2cncc3ccccc23)C1,C[C@H]1CCN(C(=O)Cc2cncc3ccccc23)C1,4.44,C(c1c2c(cccc2)cnc1)C(N1CC[C@H](C)C1)=O,A{A*Q}rAAD{A{~B}Aasadaataaaaast}Ar,90.69767441860465
C[C@H]1CCN(C(=O)Cc2cncc3ccccc23)CC1(F)F,C[C@H]1CCN(C(=O)Cc2cncc3ccccc23)CC1(F)F,5.4,c1c2c(c(CC(=O)N3CC(F)(F)[C@@H](C)CC3)cnc2)ccc1,A{A*Q}rAAD{A{~B}Aasadaataaaaast}AAr{G}G,70.40169133192389
C[C@H]1CCN(C(=O)Cc2cncc3ccccc23)CCO1,C[C@H]1CCN(C(=O)Cc2cncc3ccccc23)CCO1,4.35,C(Cc1cncc2ccccc12)(=O)N1CCO[C@@H](C)CC1,A{A*Q}rAAD{A{~B}Aasadaataaaaast}AABr,92.60042283298098
C[C@H]1CCN(C(=O)Cc2cncc3ccccc23)C[C@@H]1C,C[C@H]1CCN(C(=O)Cc2cncc3ccccc23)C[C@@H]1C,5.57,c1cc2c(CC(=O)N3CC[C@H](C)[C@@H](C)C3)cncc2cc1,A{A*Q}rAAD{A{~B}Aasadaataaaaast}A{A**Q}rA,66.8076109936575
C[C@H]1CCN(C(=O)Cc2cncc3ccccc23)C[C@@H]1O,C[C@H]1CCN(C(=O)Cc2cncc3ccccc23)C[C@@H]1O,4.6,c1c2ccccc2c(CC(N2CC[C@H](C)[C@@H](O)C2)=O)cn1,A{A*Q}rAAD{A{~B}Aasadaataaaaast}A{A**Q}rB,87.31501057082453
C[C@H]1CCN(C(=O)Cc2cncc3ccccc23)C[C@H]1F,C[C@H]1CCN(C(=O)Cc2cncc3ccccc23)C[C@H]1F,5.51,c1c2c(CC(N3C[C@@H](F)[C@@H](C)CC3)=O)cncc2ccc1,A{A*Q}rAAD{A{~B}Aasadaataaaaast}A{A*Q}rG,68.07610993657507
C[C@H]1CCN(C(=O)Cc2cncc3ccccc23)Cc2ccsc21,C[C@H]1CCN(C(=O)Cc2cncc3ccccc23)Cc2ccsc21,5.9,C1c2ccsc2[C@@H](C)CCN1C(Cc1c2c(cnc1)cccc2)=O,A{A*Q}rAAD{A{~B}Aasadaataaaaast}Aasaaeasr,59.83086680761099
C[C@H]1CCN(C(=O)Cc2cncc3ccccc23)[C@@H](C(F)(F)F)C1,C[C@H]1CCN(C(=O)Cc2cncc3ccccc23)[C@@H](C(F)(F)F)C1,5.43,[C@H]1(C)CCN(C(Cc2c3c(cccc3)cnc2)=O)[C@@H](C(F)(F)F)C1,A{A*Q}rAAD{A{~B}Aasadaataaaaast}{A**Q}{A{G}{G}G}Ar,69.76744186046513
C[C@H]1CCN(C(=O)Cc2cncc3ccccc23)[C@@H](C)C1,C[C@H]1CCN(C(=O)Cc2cncc3ccccc23)[C@@H](C)C1,5.49,C[C@@H]1C[C@H](C)N(C(Cc2c3ccccc3cnc2)=O)CC1,A{A*Q}rAAD{A{~B}Aasadaataaaaast}{A**Q}{A}Ar,68.49894291754757
C[C@H]1CCN(C(=O)Cc2cncc3ccccc23)[C@@H](C2CCOCC2)C1,C[C@H]1CCN(C(=O)Cc2cncc3ccccc23)[C@@H](C2CCOCC2)C1,5.206666666666667,C[C@H]1CCN(C(Cc2cncc3ccccc32)=O)[C@@H](C2CCOCC2)C1,A{A*Q}rAAD{A{~B}Aasadaataaaaast}{A**Q}{AsAABAAs}Ar,74.4890768146582
C[C@H]1CCN(C(=O)Cc2cncc3ccccc23)[C@H]2C(=O)NC[C@@H]12,C[C@H]1CCN(C(=O)Cc2cncc3ccccc23)[C@H]2C(=O)NC[C@@H]12,5.35,c1ccc2cncc(CC(=O)N3CC[C@H](C)[C@H]4[C@@H]3C(=O)NC4)c2c1,A{A*Q}rAAD{A{~B}Aasadaataaaaast}{A*Q}sA{~B}DA{A**Q}rs,71.45877378435519
C[C@H]1CCN(C(=O)Cc2cncc3ccccc23)[C@H]2C(=O)NC[C@H]12,C[C@H]1CCN(C(=O)Cc2cncc3ccccc23)[C@H]2C(=O)NC[C@H]12,5.28,c1(CC(=O)N2[C@H]3C(=O)NC[C@@H]3[C@@H](C)CC2)cncc2ccccc12,A{A*Q}rAAD{A{~B}Aasadaataaaaast}{A*Q}sA{~B}DA{A*Q}rs,72.93868921775898
C[C@H]1CCN2C(=O)N(c3cncc4ccccc34)C(=O)[C@@H]2C1,C[C@H]1CCN2C(=O)N(c3cncc4ccccc34)C(=O)[C@@H]2C1,4.109999999999999,c1ncc(N2C(=O)[C@@H]3C[C@@H](C)CCN3C2=O)c2ccccc12,A{A*Q}rAADsA{~B}D{atadaauaaaaatu}A{~B}{A**Q}sAr,97.67441860465118
C[C@H]1CCN2C(=O)N(c3cncc4ccccc34)C(=O)[C@H]2C1,C[C@H]1CCN2C(=O)N(c3cncc4ccccc34)C(=O)[C@H]2C1,4.12,c1c2c(N3C(=O)[C@H]4C[C@@H](C)CCN4C3=O)cncc2ccc1,A{A*Q}rAADsA{~B}D{atadaauaaaaatu}A{~B}{A*Q}sAr,97.46300211416491
C[C@H]1CC[C@@H]2C(=O)N(c3cncc4ccccc34)C(=O)N2C1,C[C@H]1CC[C@@H]2C(=O)N(c3cncc4ccccc34)C(=O)N2C1,4.43,C1C[C@H]2N(C(=O)N(c3cncc4ccccc34)C2=O)C[C@H]1C,A{A*Q}rAA{A**Q}sA{~B}D{atadaauaaaaatu}A{~B}DsAr,90.9090909090909
C[C@H]1CC[C@@]2(CN1S(C)(=O)=O)NC(=O)N(c1cncc3ccccc13)C2=O,C[C@H]1CC[C@@]2(CN1S(C)(=O)=O)NC(=O)N(c1cncc3ccccc13)C2=O,4.12,C[C@H]1CC[C@@]2(C(=O)N(c3cncc4ccccc34)C(=O)N2)CN1S(=O)(=O)C,A{A*Q}rAA{A**}s{ADrE{A}{~B}~B}DA{~B}D{aradaataaaaart}As~B,97.46300211416491
C[C@H]1CC[C@H](c2ccccc2)N(C(=O)Cc2cncc3ccccc23)C1,C[C@H]1CC[C@H](c2ccccc2)N(C(=O)Cc2cncc3ccccc23)C1,5.02,c1ccccc1[C@@H]1N(C(Cc2cncc3ccccc32)=O)C[C@@H](C)CC1,A{A*Q}rAA{A*Q}{asaaaaas}D{A{~B}Aasadaataaaaast}Ar,78.4355179704017
C[C@H]1CC[C@H]2C(=O)N(c3cncc4ccccc34)C(=O)N2C1,C[C@H]1CC[C@H]2C(=O)N(c3cncc4ccccc34)C(=O)N2C1,4.37,C1(=O)N2[C@H](C(=O)N1c1cncc3ccccc13)CC[C@H](C)C2,A{A*Q}rAA{A*Q}sA{~B}D{atadaauaaaaatu}A{~B}DsAr,92.17758985200847
C[C@H]1CC[C@H]2CCCN(C(=O)Cc3cncc4ccccc34)[C@H]2C1,C[C@H]1CC[C@H]2CCCN(C(=O)Cc3cncc4ccccc34)[C@H]2C1,4.92,[C@H]12[C@H](CCCN1C(=O)Cc1cncc3ccccc31)CC[C@H](C)C2,A{A*Q}rAA{A*Q}sAAAD{A{~B}Aatadaauaaaaatu}{A*Q}sAr,80.54968287526428
C[C@H]1CC[C@]2(CN1S(C)(=O)=O)NC(=O)N(c1cncc3ccccc13)C2=O,C[C@H]1CC[C@]2(CN1S(C)(=O)=O)NC(=O)N(c1cncc3ccccc13)C2=O,4.45,C1(=O)N(c2c3ccccc3cnc2)C(=O)[C@]2(CC[C@H](C)N(S(=O)(C)=O)C2)N1,A{A*Q}rAA{A*}s{ADrE{A}{~B}~B}DA{~B}D{aradaataaaaart}As~B,90.48625792811839
C[C@H]1CC[C@]2(CO1)NC(=O)N(c1cncc3ccccc13)C2=O,C[C@H]1CC[C@]2(CO1)NC(=O)N(c1cncc3ccccc13)C2=O,4.19,C[C@@H]1OC[C@]2(NC(=O)N(c3cncc4ccccc34)C2=O)CC1,A{A*Q}rAA{A*}s{ABr}DA{~B}D{aradaataaaaart}As~B,95.98308668076109
C[C@H]1CN(C(=O)Cc2cncc3ccccc23)CCC12COC2,C[C@H]1CN(C(=O)Cc2cncc3ccccc23)CCC12COC2,4.03,c1cc2c(cncc2CC(N2C[C@H](C)C3(CC2)COC3)=O)cc1,A{A*Q}rAD{A{~B}Aasadaataaaaast}AAArsABAs,99.36575052854121
C[C@H]1CN(C(=O)Cc2cncc3ccccc23)CCO1,C[C@H]1CN(C(=O)Cc2cncc3ccccc23)CCO1,4.09,C(C(=O)N1CCO[C@@H](C)C1)c1c2ccccc2cnc1,A{A*Q}rAD{A{~B}Aasadaataaaaast}AABr,98.09725158562368
C[C@H]1CN(C(=O)Cc2cncc3ccccc23)Cc2c[nH]nc21,C[C@H]1CN(C(=O)Cc2cncc3ccccc23)Cc2c[nH]nc21,4.09,C1N(C(Cc2c3ccccc3cnc2)=O)C[C@H](C)c2n[nH]cc21,A{A*Q}rAD{A{~B}Aasadaataaaaast}Aasa{dQ}dasr,98.09725158562368
C[C@H]1CN(C(=O)Cc2cncc3ccccc23)Cc2ccsc21,C[C@H]1CN(C(=O)Cc2cncc3ccccc23)Cc2ccsc21,5.653333333333333,c12ccsc1[C@@H](C)CN(C(Cc1cncc3ccccc13)=O)C2,A{A*Q}rAD{A{~B}Aasadaataaaaast}Aasaaeasr,65.04580690627202
C[C@H]1CN(CCN2C[C@@]3(C(=O)N(c4cncc5ccccc45)C[C@@H]3C)c3cc(Cl)ccc3C2=O)CCO1,C[C@H]1CN(CCN2C[C@@]3(C(=O)N(c4cncc5ccccc45)C[C@@H]3C)c3cc(Cl)ccc3C2=O)CCO1,7.57,c1c(Cl)ccc2c1[C@]1(C(=O)N(c3cncc4c3cccc4)C[C@@H]1C)CN(CCN1C[C@H](C)OCC1)C2=O,A{A*Q}rAD{AADsA{A**}t{A{~B}D{auadaavaaaaauv}A{A**Q}tA}ataa{Z}aaatAs~B}AABr,24.52431289640592
C[C@H]1CN(CCN2C[C@@]3(C(=O)N(c4cncc5ccccc45)C[C@@H]3C)c3cc(Cl)ccc3C2=O)C[C@H](C)O1,C[C@H]1CN(CCN2C[C@@]3(C(=O)N(c4cncc5ccccc45)C[C@@H]3C)c3cc(Cl)ccc3C2=O)C[C@H](C)O1,7.61,C[C@H]1CN(c2cncc3ccccc23)C(=O)[C@]12c1cc(Cl)ccc1C(=O)N(CCN1C[C@H](C)O[C@@H](C)C1)C2,A{A*Q}rAD{AADsA{A**}t{A{~B}D{auadaavaaaaauv}A{A**Q}tA}ataa{Z}aaatAs~B}A{A*Q}{A}Br,23.67864693446089
C[C@H]1CN(CCN2C[C@@]3(C(=O)N(c4cncc5ccccc45)C[C@@H]3C)c3cc(Cl)ccc3C2=O)[C@@H](C)CO1,C[C@H]1CN(CCN2C[C@@]3(C(=O)N(c4cncc5ccccc45)C[C@@H]3C)c3cc(Cl)ccc3C2=O)[C@@H](C)CO1,7.87,N1(CCN2[C@@H](C)CO[C@@H](C)C2)C(=O)c2c(cc(Cl)cc2)[C@@]2([C@@H](C)CN(c3c4c(cccc4)cnc3)C2=O)C1,A{A*Q}rAD{AADsA{A**}t{A{~B}D{auadaavaaaaauv}A{A**Q}tA}ataa{Z}aaatAs~B}{A**Q}{A}ABr,18.181818181818187
C[C@H]1CN(c2cncc3ccccc23)C(=O)[C@@]12CN(C1CCNCC1)C(=O)c1ccc(Cl)cc12,C[C@H]1CN(c2cncc3ccccc23)C(=O)[C@@]12CN(C1CCNCC1)C(=O)c1ccc(Cl)cc12,7.62,[C@@]12(c3cc(Cl)ccc3C(=O)N(C3CCNCC3)C1)[C@@H](C)CN(c1cncc3ccccc31)C2=O,A{A*Q}rAD{asadaataaaaast}A{~B}{A**}rsAD{ArAADAAr}A{~B}araaa{Z}aars,23.467230443974636
C[C@H]1CN(c2cncc3ccccc23)C(=O)[C@@]12CN(C1CNC1)C(=O)c1ccc(Cl)cc12,C[C@H]1CN(c2cncc3ccccc23)C(=O)[C@@]12CN(C1CNC1)C(=O)c1ccc(Cl)cc12,7.27,O=C1[C@@]2([C@@H](C)CN1c1cncc3c1cccc3)c1cc(Cl)ccc1C(=O)N(C1CNC1)C2,A{A*Q}rAD{asadaataaaaast}A{~B}{A**}rsAD{ArADAr}A{~B}araaa{Z}aars,30.86680761099367
C[C@H]1CN(c2cncc3ccccc23)C(=O)[C@@]12CN(CC#N)C(=O)c1ccc(F)cc12,C[C@H]1CN(c2cncc3ccccc23)C(=O)[C@@]12CN(CC#N)C(=O)c1ccc(F)cc12,6.17,C(C#N)N1C[C@@]2(c3c(ccc(F)c3)C1=O)[C@@H](C)CN(c1cncc3ccccc13)C2=O,A{A*Q}rAD{asadaataaaaast}A{~B}{A**}rsAD{AA^D}A{~B}araaa{G}aars,54.12262156448204
C[C@H]1CN(c2cncc3ccccc23)C(=O)[C@@]12CN(CC(=O)NC(C)(C)C)C(=O)c1ccc(Cl)cc12,C[C@H]1CN(c2cncc3ccccc23)C(=O)[C@@]12CN(CC(=O)NC(C)(C)C)C(=O)c1ccc(Cl)cc12,6.19,c1c(Cl)cc2c(c1)C(=O)N(CC(=O)NC(C)(C)C)C[C@@]21C(=O)N(c2cncc3ccccc23)C[C@@H]1C,A{A*Q}rAD{asadaataaaaast}A{~B}{A**}rsAD{AA{~B}DA{A}{A}A}A{~B}araaa{Z}aars,53.69978858350951
C[C@H]1CN(c2cncc3ccccc23)C(=O)[C@@]12CN(CC(=O)NC(C)(C)C)C(=O)c1ccc(F)cc12,C[C@H]1CN(c2cncc3ccccc23)C(=O)[C@@]12CN(CC(=O)NC(C)(C)C)C(=O)c1ccc(F)cc12,6.53,CC(C)(NC(=O)CN1C[C@]2([C@@H](C)CN(c3cncc4ccccc34)C2=O)c2c(ccc(F)c2)C1=O)C,A{A*Q}rAD{asadaataaaaast}A{~B}{A**}rsAD{AA{~B}DA{A}{A}A}A{~B}araaa{G}aars,46.51162790697675
C[C@H]1CN(c2cncc3ccccc23)C(=O)[C@@]12CN(CC(=O)NC1CCC1)C(=O)c1ccc(Cl)cc12,C[C@H]1CN(c2cncc3ccccc23)C(=O)[C@@]12CN(CC(=O)NC1CCC1)C(=O)c1ccc(Cl)cc12,7.09,Clc1cc2c(cc1)C(=O)N(CC(=O)NC1CCC1)C[C@]21[C@@H](C)CN(c2cncc3ccccc23)C1=O,A{A*Q}rAD{asadaataaaaast}A{~B}{A**}rsAD{AA{~B}DArAAAr}A{~B}araaa{Z}aars,34.672304439746306
C[C@H]1CN(c2cncc3ccccc23)C(=O)[C@@]12CN(CC(=O)NC1CCC1)C(=O)c1ccc(F)cc12,C[C@H]1CN(c2cncc3ccccc23)C(=O)[C@@]12CN(CC(=O)NC1CCC1)C(=O)c1ccc(F)cc12,6.76,c1c2c(cc(F)c1)[C@]1(CN(CC(=O)NC3CCC3)C2=O)[C@@H](C)CN(c2c3ccccc3cnc2)C1=O,A{A*Q}rAD{asadaataaaaast}A{~B}{A**}rsAD{AA{~B}DArAAAr}A{~B}araaa{G}aars,41.64904862579282
C[C@H]1CN(c2cncc3ccccc23)C(=O)[C@@]12CN(CC(=O)NC1COC1)C(=O)c1ccc(Cl)cc12,C[C@H]1CN(c2cncc3ccccc23)C(=O)[C@@]12CN(CC(=O)NC1COC1)C(=O)c1ccc(Cl)cc12,6.77,C1(NC(=O)CN2C[C@]3([C@@H](C)CN(c4c5c(cnc4)cccc5)C3=O)c3cc(Cl)ccc3C2=O)COC1,A{A*Q}rAD{asadaataaaaast}A{~B}{A**}rsAD{AA{~B}DArABAr}A{~B}araaa{Z}aars,41.437632135306565
C[C@H]1CN(c2cncc3ccccc23)C(=O)[C@@]12CN(CC(=O)NC1COC1)C(=O)c1ccc(F)cc12,C[C@H]1CN(c2cncc3ccccc23)C(=O)[C@@]12CN(CC(=O)NC1COC1)C(=O)c1ccc(F)cc12,6.44,O=C1c2ccc(F)cc2[C@]2(CN1CC(=O)NC1COC1)[C@@H](C)CN(c1c3ccccc3cnc1)C2=O,A{A*Q}rAD{asadaataaaaast}A{~B}{A**}rsAD{AA{~B}DArABAr}A{~B}araaa{G}aars,48.41437632135306
C[C@H]1CN(c2cncc3ccccc23)C(=O)[C@@]12CN(CC(=O)NCC1(F)CC1)C(=O)c1ccc(Cl)cc12,C[C@H]1CN(c2cncc3ccccc23)C(=O)[C@@]12CN(CC(=O)NCC1(F)CC1)C(=O)c1ccc(Cl)cc12,7.03,N1(CC(=O)NCC2(F)CC2)C(=O)c2ccc(Cl)cc2[C@]2(C(=O)N(c3cncc4ccccc43)C[C@@H]2C)C1,A{A*Q}rAD{asadaataaaaast}A{~B}{A**}rsAD{AA{~B}DAAr{G}AAr}A{~B}araaa{Z}aars,35.94080338266385
C[C@H]1CN(c2cncc3ccccc23)C(=O)[C@@]12CN(CC(=O)NCC1(F)CC1)C(=O)c1ccc(F)cc12,C[C@H]1CN(c2cncc3ccccc23)C(=O)[C@@]12CN(CC(=O)NCC1(F)CC1)C(=O)c1ccc(F)cc12,6.89,C1C(F)(CNC(=O)CN2C(=O)c3ccc(F)cc3[C@]3(C(=O)N(c4cncc5ccccc54)C[C@@H]3C)C2)C1,A{A*Q}rAD{asadaataaaaast}A{~B}{A**}rsAD{AA{~B}DAAr{G}AAr}A{~B}araaa{G}aars,38.90063424947147
C[C@H]1CN(c2cncc3ccccc23)C(=O)[C@@]12CN(CC(=O)NCC1CC1)C(=O)c1ccc(Cl)cc12,C[C@H]1CN(c2cncc3ccccc23)C(=O)[C@@]12CN(CC(=O)NCC1CC1)C(=O)c1ccc(Cl)cc12,7.23,n1cc2ccccc2c(N2C(=O)[C@]3(c4cc(Cl)ccc4C(=O)N(CC(NCC4CC4)=O)C3)[C@@H](C)C2)c1,A{A*Q}rAD{asadaataaaaast}A{~B}{A**}rsAD{AA{~B}DAArAAr}A{~B}araaa{Z}aars,31.712473572938688
C[C@H]1CN(c2cncc3ccccc23)C(=O)[C@@]12CN(CC(=O)NCC1CC1)C(=O)c1ccc(F)cc12,C[C@H]1CN(c2cncc3ccccc23)C(=O)[C@@]12CN(CC(=O)NCC1CC1)C(=O)c1ccc(F)cc12,7.3,C1[C@@]2(C(=O)N(c3c4c(cnc3)cccc4)C[C@@H]2C)c2cc(F)ccc2C(=O)N1CC(NCC1CC1)=O,A{A*Q}rAD{asadaataaaaast}A{~B}{A**}rsAD{AA{~B}DAArAAr}A{~B}araaa{G}aars,30.23255813953489
C[C@H]1CN(c2cncc3ccccc23)C(=O)[C@@]12CN(CC(=O)NCc1ccn(C)n1)C(=O)c1ccc(Cl)cc12,C[C@H]1CN(c2cncc3ccccc23)C(=O)[C@@]12CN(CC(=O)NCc1ccn(C)n1)C(=O)c1ccc(Cl)cc12,6.91,c1c2ccccc2c(N2C(=O)[C@@]3([C@@H](C)C2)c2cc(Cl)ccc2C(=O)N(CC(NCc2ccn(C)n2)=O)C3)cn1,A{A*Q}rAD{asadaataaaaast}A{~B}{A**}rsAD{AA{~B}DAaraad{A}dr}A{~B}araaa{Z}aars,38.47780126849894
C[C@H]1CN(c2cncc3ccccc23)C(=O)[C@@]12CN(CC(=O)NCc1ccn(C)n1)C(=O)c1ccccc12,C[C@H]1CN(c2cncc3ccccc23)C(=O)[C@@]12CN(CC(=O)NCc1ccn(C)n1)C(=O)c1ccccc12,5.59,[C@H]1(C)CN(c2c3ccccc3cnc2)C(=O)[C@@]12CN(CC(=O)NCc1nn(C)cc1)C(=O)c1c2cccc1,A{A*Q}rAD{asadaataaaaast}A{~B}{A**}rsAD{AA{~B}DAaraad{A}dr}A{~B}araaaaars,66.38477801268499
C[C@H]1CN(c2cncc3ccccc23)C(=O)[C@@]12CN(CC(=O)NCc1ccnn1C)C(=O)c1ccc(Cl)cc12,C[C@H]1CN(c2cncc3ccccc23)C(=O)[C@@]12CN(CC(=O)NCc1ccnn1C)C(=O)c1ccc(Cl)cc12,7.42,N1(CC(NCc2n(C)ncc2)=O)C(=O)c2ccc(Cl)cc2[C@]2(C(=O)N(c3c4ccccc4cnc3)C[C@@H]2C)C1,A{A*Q}rAD{asadaataaaaast}A{~B}{A**}rsAD{AA{~B}DAaraaddrA}A{~B}araaa{Z}aars,27.6955602536998
C[C@H]1CN(c2cncc3ccccc23)C(=O)[C@@]12CN(CC(=O)NCc1ccnn1C)C(=O)c1ccccc12,C[C@H]1CN(c2cncc3ccccc23)C(=O)[C@@]12CN(CC(=O)NCc1ccnn1C)C(=O)c1ccccc12,5.82,O=C1N(CC(NCc2n(C)ncc2)=O)C[C@@]2(C(=O)N(c3c4c(cccc4)cnc3)C[C@@H]2C)c2ccccc21,A{A*Q}rAD{asadaataaaaast}A{~B}{A**}rsAD{AA{~B}DAaraaddrA}A{~B}araaaaars,61.52219873150105
C[C@H]1CN(c2cncc3ccccc23)C(=O)[C@@]12CN(CCN(C)C)C(=O)c1ccc(Cl)cc12,C[C@H]1CN(c2cncc3ccccc23)C(=O)[C@@]12CN(CCN(C)C)C(=O)c1ccc(Cl)cc12,7.38,c1(Cl)ccc2c(c1)[C@]1(C(=O)N(c3c4ccccc4cnc3)C[C@@H]1C)CN(CCN(C)C)C2=O,A{A*Q}rAD{asadaataaaaast}A{~B}{A**}rsAD{AAD{A}A}A{~B}araaa{Z}aars,28.54122621564483
C[C@H]1CN(c2cncc3ccccc23)C(=O)[C@@]12CN(CCN1CC(F)(F)C1)C(=O)c1ccc(Cl)cc12,C[C@H]1CN(c2cncc3ccccc23)C(=O)[C@@]12CN(CCN1CC(F)(F)C1)C(=O)c1ccc(Cl)cc12,7.95,c1c2ccccc2c(N2C[C@H](C)[C@@]3(C2=O)CN(CCN2CC(F)(F)C2)C(=O)c2ccc(Cl)cc23)cn1,A{A*Q}rAD{asadaataaaaast}A{~B}{A**}rsAD{AADrAA{G}{G}Ar}A{~B}araaa{Z}aars,16.490486257928122
C[C@H]1CN(c2cncc3ccccc23)C(=O)[C@@]12CN(CCN1CCC1)C(=O)c1ccc(Cl)cc12,C[C@H]1CN(c2cncc3ccccc23)C(=O)[C@@]12CN(CCN1CCC1)C(=O)c1ccc(Cl)cc12,7.4,O=C1N(CCN2CCC2)C[C@@]2(C(=O)N(c3c4ccccc4cnc3)C[C@@H]2C)c2cc(Cl)ccc21,A{A*Q}rAD{asadaataaaaast}A{~B}{A**}rsAD{AADrAAAr}A{~B}araaa{Z}aars,28.1183932346723
C[C@H]1CN(c2cncc3ccccc23)C(=O)[C@@]12CN(CCN1CCC3(COC3)C1)C(=O)c1ccc(Cl)cc12,C[C@H]1CN(c2cncc3ccccc23)C(=O)[C@@]12CN(CCN1CCC3(COC3)C1)C(=O)c1ccc(Cl)cc12,7.57,c1cc2c(cc1Cl)[C@]1(C(=O)N(c3cncc4ccccc34)C[C@@H]1C)CN(CCN1CC3(CC1)COC3)C2=O,A{A*Q}rAD{asadaataaaaast}A{~B}{A**}rsAD{AADrAAAt{ABAt}Ar}A{~B}araaa{Z}aars,24.52431289640592
C[C@H]1CN(c2cncc3ccccc23)C(=O)[C@@]12CN(CCN1CCCC1=O)C(=O)c1ccc(Cl)cc12,C[C@H]1CN(c2cncc3ccccc23)C(=O)[C@@]12CN(CCN1CCCC1=O)C(=O)c1ccc(Cl)cc12,7.01,c1ncc2c(c1N1C[C@H](C)[C@@]3(c4c(ccc(Cl)c4)C(=O)N(CCN4CCCC4=O)C3)C1=O)cccc2,A{A*Q}rAD{asadaataaaaast}A{~B}{A**}rsAD{AADrAAAAr~B}A{~B}araaa{Z}aars,36.363636363636374
C[C@H]1CN(c2cncc3ccccc23)C(=O)[C@@]12CN(CCN1CCN(S(C)(=O)=O)CC1)C(=O)c1ccc(Cl)cc12,C[C@H]1CN(c2cncc3ccccc23)C(=O)[C@@]12CN(CCN1CCN(S(C)(=O)=O)CC1)C(=O)c1ccc(Cl)cc12,7.66,N1(S(=O)(=O)C)CCN(CCN2C[C@]3([C@@H](C)CN(c4c5c(cnc4)cccc5)C3=O)c3cc(Cl)ccc3C2=O)CC1,A{A*Q}rAD{asadaataaaaast}A{~B}{A**}rsAD{AADrAAD{E{A}{~B}~B}AAr}A{~B}araaa{Z}aars,22.6215644820296
C[C@H]1CN(c2cncc3ccccc23)C(=O)[C@@]12CN(CCN1CCOC(C)(C)C1)C(=O)c1ccc(Cl)cc12,C[C@H]1CN(c2cncc3ccccc23)C(=O)[C@@]12CN(CCN1CCOC(C)(C)C1)C(=O)c1ccc(Cl)cc12,7.43,c1ncc(N2C[C@H](C)[C@@]3(c4c(ccc(Cl)c4)C(=O)N(CCN4CCOC(C)(C)C4)C3)C2=O)c2c1cccc2,A{A*Q}rAD{asadaataaaaast}A{~B}{A**}rsAD{AADrAABA{A}{A}Ar}A{~B}araaa{Z}aars,27.48414376321354
C[C@H]1CN(c2cncc3ccccc23)C(=O)[C@@]12CN(CCN1CCOC(F)(F)C1)C(=O)c1ccc(Cl)cc12,C[C@H]1CN(c2cncc3ccccc23)C(=O)[C@@]12CN(CCN1CCOC(F)(F)C1)C(=O)c1ccc(Cl)cc12,7.89,C(N1CC(F)(F)OCC1)CN1C[C@@]2(c3c(ccc(Cl)c3)C1=O)[C@@H](C)CN(c1cncc3ccccc13)C2=O,A{A*Q}rAD{asadaataaaaast}A{~B}{A**}rsAD{AADrAABA{G}{G}Ar}A{~B}araaa{Z}aars,17.75898520084568
C[C@H]1CN(c2cncc3ccccc23)C(=O)[C@@]12CN(CCN1CCOCC1)C(=O)c1ccc(Cl)cc12,C[C@H]1CN(c2cncc3ccccc23)C(=O)[C@@]12CN(CCN1CCOCC1)C(=O)c1ccc(Cl)cc12,7.6,C1[C@H](C)[C@]2(CN(CCN3CCOCC3)C(=O)c3c2cc(Cl)cc3)C(=O)N1c1cncc2c1cccc2,A{A*Q}rAD{asadaataaaaast}A{~B}{A**}rsAD{AADrAABAAr}A{~B}araaa{Z}aars,23.89006342494716
C[C@H]1CN(c2cncc3ccccc23)C(=O)[C@@]12CN(CCN1CCOCC1)C(=O)c1ccc(F)cc12,C[C@H]1CN(c2cncc3ccccc23)C(=O)[C@@]12CN(CCN1CCOCC1)C(=O)c1ccc(F)cc12,7.54,C1COCCN1CCN1C(=O)c2ccc(F)cc2[C@@]2([C@@H](C)CN(c3c4c(cnc3)cccc4)C2=O)C1,A{A*Q}rAD{asadaataaaaast}A{~B}{A**}rsAD{AADrAABAAr}A{~B}araaa{G}aars,25.1585623678647
C[C@H]1CN(c2cncc3ccccc23)C(=O)[C@@]12CN(CCN1CCS(=O)(=O)CC1)C(=O)c1ccc(Cl)cc12,C[C@H]1CN(c2cncc3ccccc23)C(=O)[C@@]12CN(CCN1CCS(=O)(=O)CC1)C(=O)c1ccc(Cl)cc12,7.72,C1S(=O)(=O)CCN(CCN2C(=O)c3c(cc(Cl)cc3)[C@]3(C(=O)N(c4cncc5ccccc45)C[C@@H]3C)C2)C1,A{A*Q}rAD{asadaataaaaast}A{~B}{A**}rsAD{AADrAAE{~B}{~B}AAr}A{~B}araaa{Z}aars,21.353065539112063
C[C@H]1CN(c2cncc3ccccc23)C(=O)[C@@]12CN(CCN1C[C@@H]3C[C@H]1CO3)C(=O)c1ccc(Cl)cc12,C[C@H]1CN(c2cncc3ccccc23)C(=O)[C@@]12CN(CCN1C[C@@H]3C[C@H]1CO3)C(=O)c1ccc(Cl)cc12,8.0,N1(c2cncc3ccccc32)C[C@H](C)[C@]2(C1=O)c1cc(Cl)ccc1C(=O)N(CCN1[C@@H]3CO[C@H](C1)C3)C2,A{A*Q}rAD{asadaataaaaast}A{~B}{A**}rsAD{AADrA{A**Q}tA{A*Q}rABt}A{~B}araaa{Z}aars,15.433403805496836
C[C@H]1CN(c2cncc3ccccc23)C(=O)[C@@]12CN(CCN1C[C@H]3CC[C@H](C1)O3)C(=O)c1ccc(Cl)cc12,C[C@H]1CN(c2cncc3ccccc23)C(=O)[C@@]12CN(CCN1C[C@H]3CC[C@H](C1)O3)C(=O)c1ccc(Cl)cc12,7.66,c12ccccc1cncc2N1C[C@H](C)[C@@]2(c3c(ccc(Cl)c3)C(=O)N(CCN3C[C@H]4CC[C@H](C3)O4)C2)C1=O,A{A*Q}rAD{asadaataaaaast}A{~B}{A**}rsAD{AADrA{A*Q}tAA{A*Q}{Ar}Bt}A{~B}araaa{Z}aars,22.6215644820296
C[C@H]1CN(c2cncc3ccccc23)C(=O)[C@@]12CN(CCN1C[C@H]3COC[C@H]3C1)C(=O)c1ccc(Cl)cc12,C[C@H]1CN(c2cncc3ccccc23)C(=O)[C@@]12CN(CCN1C[C@H]3COC[C@H]3C1)C(=O)c1ccc(Cl)cc12,7.79,C(N1C[C@]2([C@@H](C)CN(c3c4ccccc4cnc3)C2=O)c2cc(Cl)ccc2C1=O)CN1C[C@H]2[C@H](COC2)C1,A{A*Q}rAD{asadaataaaaast}A{~B}{A**}rsAD{AADrA{A*Q}tABA{A*Q}tAr}A{~B}araaa{Z}aars,19.873150105708252
C[C@H]1CN(c2cncc3ccccc23)C(=O)[C@@]12CN(CCN1C[C@H]3C[C@@H]1CO3)C(=O)c1ccc(Cl)cc12,C[C@H]1CN(c2cncc3ccccc23)C(=O)[C@@]12CN(CCN1C[C@H]3C[C@@H]1CO3)C(=O)c1ccc(Cl)cc12,7.89,c1ccc2cncc(N3C(=O)[C@@]4(CN(CCN5C[C@@H]6OC[C@H]5C6)C(=O)c5ccc(Cl)cc54)[C@@H](C)C3)c2c1,A{A*Q}rAD{asadaataaaaast}A{~B}{A**}rsAD{AADrA{A*Q}tA{A**Q}rABt}A{~B}araaa{Z}aars,17.75898520084568
C[C@H]1CN(c2cncc3ccccc23)C(=O)[C@@]12CN(Cc1c[nH]cn1)C(=O)c1ccc(F)cc12,C[C@H]1CN(c2cncc3ccccc23)C(=O)[C@@]12CN(Cc1c[nH]cn1)C(=O)c1ccc(F)cc12,7.57,c1c(F)cc2c(c1)C(=O)N(Cc1c[nH]cn1)C[C@]21[C@@H](C)CN(c2cncc3c2cccc3)C1=O,A{A*Q}rAD{asadaataaaaast}A{~B}{A**}rsAD{Aara{dQ}adr}A{~B}araaa{G}aars,24.52431289640592
C[C@H]1CN(c2cncc3ccccc23)C(=O)[C@@]12CN(Cc1c[nH]nn1)C(=O)c1ccc(F)cc12,C[C@H]1CN(c2cncc3ccccc23)C(=O)[C@@]12CN(Cc1c[nH]nn1)C(=O)c1ccc(F)cc12,7.31,n1cc2c(c(N3C(=O)[C@@]4(CN(Cc5nn[nH]c5)C(=O)c5c4cc(F)cc5)[C@@H](C)C3)c1)cccc2,A{A*Q}rAD{asadaataaaaast}A{~B}{A**}rsAD{Aara{dQ}ddr}A{~B}araaa{G}aars,30.02114164904864
C[C@H]1CN(c2cncc3ccccc23)C(=O)[C@@]12CN(Cc1cc(O)ncn1)C(=O)c1ccc(F)cc12,C[C@H]1CN(c2cncc3ccccc23)C(=O)[C@@]12CN(Cc1cc(O)ncn1)C(=O)c1ccc(F)cc12,6.47,Fc1ccc2c(c1)[C@]1(CN(Cc3cc(O)ncn3)C2=O)[C@@H](C)CN(c2c3ccccc3cnc2)C1=O,A{A*Q}rAD{asadaataaaaast}A{~B}{A**}rsAD{Aaraa{B}dadr}A{~B}araaa{G}aars,47.7801268498943
C[C@H]1CN(c2cncc3ccccc23)C(=O)[C@@]12CN(Cc1ccn(C)n1)C(=O)c1ccc(F)cc12,C[C@H]1CN(c2cncc3ccccc23)C(=O)[C@@]12CN(Cc1ccn(C)n1)C(=O)c1ccc(F)cc12,7.82,c1c(F)cc2c(c1)C(=O)N(Cc1nn(C)cc1)C[C@]21[C@@H](C)CN(c2c3ccccc3cnc2)C1=O,A{A*Q}rAD{asadaataaaaast}A{~B}{A**}rsAD{Aaraad{A}dr}A{~B}araaa{G}aars,19.23890063424947
C[C@H]1CN(c2cncc3ccccc23)C(=O)[C@@]12CN(Cc1ccn[nH]1)C(=O)c1ccc(F)cc12,C[C@H]1CN(c2cncc3ccccc23)C(=O)[C@@]12CN(Cc1ccn[nH]1)C(=O)c1ccc(F)cc12,7.87,C[C@H]1CN(c2cncc3ccccc32)C(=O)[C@@]12CN(Cc1ccn[nH]1)C(=O)c1ccc(F)cc12,A{A*Q}rAD{asadaataaaaast}A{~B}{A**}rsAD{Aaraad{dQ}r}A{~B}araaa{G}aars,18.181818181818187
C[C@H]1CN(c2cncc3ccccc23)C(=O)[C@@]12CN(Cc1ccncn1)C(=O)c1ccc(F)cc12,C[C@H]1CN(c2cncc3ccccc23)C(=O)[C@@]12CN(Cc1ccncn1)C(=O)c1ccc(F)cc12,8.02,c1(F)cc2c(cc1)C(=O)N(Cc1ccncn1)C[C@]21[C@@H](C)CN(c2c3ccccc3cnc2)C1=O,A{A*Q}rAD{asadaataaaaast}A{~B}{A**}rsAD{Aaraadadr}A{~B}araaa{G}aars,15.01057082452433
C[C@H]1CN(c2cncc3ccccc23)C(=O)[C@@]12CN(Cc1ccnn1C)C(=O)c1ccc(F)cc12,C[C@H]1CN(c2cncc3ccccc23)C(=O)[C@@]12CN(Cc1ccnn1C)C(=O)c1ccc(F)cc12,7.08,c12ccc(F)cc1[C@]1(CN(Cc3n(C)ncc3)C2=O)[C@@H](C)CN(c2cncc3ccccc23)C1=O,A{A*Q}rAD{asadaataaaaast}A{~B}{A**}rsAD{AaraaddrA}A{~B}araaa{G}aars,34.88372093023256
C[C@H]1CN(c2cncc3ccccc23)C(=O)[C@@]12CN(Cc1ccnnc1)C(=O)c1ccc(F)cc12,C[C@H]1CN(c2cncc3ccccc23)C(=O)[C@@]12CN(Cc1ccnnc1)C(=O)c1ccc(F)cc12,7.97,Fc1cc2c(cc1)C(=O)N(Cc1ccnnc1)C[C@@]21C(=O)N(c2cncc3c2cccc3)C[C@@H]1C,A{A*Q}rAD{asadaataaaaast}A{~B}{A**}rsAD{Aaraaddar}A{~B}araaa{G}aars,16.067653276955618
C[C@H]1CN(c2cncc3ccccc23)C(=O)[C@@]12CN(Cc1ccon1)C(=O)c1ccc(F)cc12,C[C@H]1CN(c2cncc3ccccc23)C(=O)[C@@]12CN(Cc1ccon1)C(=O)c1ccc(F)cc12,7.86,C1N(c2c3c(cnc2)cccc3)C(=O)[C@@]2(CN(Cc3nocc3)C(=O)c3c2cc(F)cc3)[C@H]1C,A{A*Q}rAD{asadaataaaaast}A{~B}{A**}rsAD{Aaraabdr}A{~B}araaa{G}aars,18.39323467230444
C[C@H]1CN(c2cncc3ccccc23)C(=O)[C@@]12CN(Cc1cn[nH]c1)C(=O)c1ccc(F)cc12,C[C@H]1CN(c2cncc3ccccc23)C(=O)[C@@]12CN(Cc1cn[nH]c1)C(=O)c1ccc(F)cc12,7.29,c12cc(F)ccc1C(=O)N(Cc1cn[nH]c1)C[C@]21[C@@H](C)CN(c2cncc3ccccc23)C1=O,A{A*Q}rAD{asadaataaaaast}A{~B}{A**}rsAD{Aarad{dQ}ar}A{~B}araaa{G}aars,30.443974630021145
C[C@H]1CN(c2cncc3ccccc23)C(=O)[C@@]12CN(Cc1cnn(C)c1)C(=O)c1ccc(F)cc12,C[C@H]1CN(c2cncc3ccccc23)C(=O)[C@@]12CN(Cc1cnn(C)c1)C(=O)c1ccc(F)cc12,8.06,c1(CN2C[C@@]3(c4c(ccc(F)c4)C2=O)[C@@H](C)CN(c2cncc4ccccc42)C3=O)cn(C)nc1,A{A*Q}rAD{asadaataaaaast}A{~B}{A**}rsAD{Aaradd{A}ar}A{~B}araaa{G}aars,14.164904862579279
C[C@H]1CN(c2cncc3ccccc23)C(=O)[C@@]12CN(Cc1cnn(C)n1)C(=O)c1ccc(F)cc12,C[C@H]1CN(c2cncc3ccccc23)C(=O)[C@@]12CN(Cc1cnn(C)n1)C(=O)c1ccc(F)cc12,7.46,O=C1c2ccc(F)cc2[C@]2(C(=O)N(c3cncc4ccccc34)C[C@@H]2C)CN1Cc1cnn(C)n1,A{A*Q}rAD{asadaataaaaast}A{~B}{A**}rsAD{Aaradd{A}dr}A{~B}araaa{G}aars,26.849894291754765
C[C@H]1CN(c2cncc3ccccc23)C(=O)[C@@]12CN(Cc1cocn1)C(=O)c1ccc(F)cc12,C[C@H]1CN(c2cncc3ccccc23)C(=O)[C@@]12CN(Cc1cocn1)C(=O)c1ccc(F)cc12,7.46,c1(N2C(=O)[C@@]3([C@@H](C)C2)c2c(ccc(F)c2)C(=O)N(Cc2ncoc2)C3)cncc2ccccc12,A{A*Q}rAD{asadaataaaaast}A{~B}{A**}rsAD{Aarabadr}A{~B}araaa{G}aars,26.849894291754765
C[C@H]1CN(c2cncc3ccccc23)C(=O)[C@@]12CN(Cc1nc[nH]n1)C(=O)c1ccc(F)cc12,C[C@H]1CN(c2cncc3ccccc23)C(=O)[C@@]12CN(Cc1nc[nH]n1)C(=O)c1ccc(F)cc12,6.68,C[C@H]1CN(c2c3c(cccc3)cnc2)C(=O)[C@]12c1cc(F)ccc1C(=O)N(Cc1nc[nH]n1)C2,A{A*Q}rAD{asadaataaaaast}A{~B}{A**}rsAD{Aarda{dQ}dr}A{~B}araaa{G}aars,43.340380549682884
C[C@H]1CN(c2cncc3ccccc23)C(=O)[C@@]12CN(Cc1ncc[nH]1)C(=O)c1ccc(F)cc12,C[C@H]1CN(c2cncc3ccccc23)C(=O)[C@@]12CN(Cc1ncc[nH]1)C(=O)c1ccc(F)cc12,7.75,C1(=O)N(Cc2ncc[nH]2)C[C@]2([C@@H](C)CN(c3c4ccccc4cnc3)C2=O)c2c1ccc(F)c2,A{A*Q}rAD{asadaataaaaast}A{~B}{A**}rsAD{Aardaa{dQ}r}A{~B}araaa{G}aars,20.718816067653282
C[C@H]1CN(c2cncc3ccccc23)C(=O)[C@@]12CN(Cc1ncccn1)C(=O)c1ccc(F)cc12,C[C@H]1CN(c2cncc3ccccc23)C(=O)[C@@]12CN(Cc1ncccn1)C(=O)c1ccc(F)cc12,6.25,C[C@H]1CN(c2c3ccccc3cnc2)C(=O)[C@]12c1cc(F)ccc1C(=O)N(Cc1ncccn1)C2,A{A*Q}rAD{asadaataaaaast}A{~B}{A**}rsAD{Aardaaadr}A{~B}araaa{G}aars,52.43128964059197
C[C@H]1CN(c2cncc3ccccc23)C(=O)[C@@]12CN(Cc1nccn1C)C(=O)c1ccc(F)cc12,C[C@H]1CN(c2cncc3ccccc23)C(=O)[C@@]12CN(Cc1nccn1C)C(=O)c1ccc(F)cc12,6.44,c1ccc2c(N3C[C@H](C)[C@]4(CN(Cc5nccn5C)C(=O)c5c4cc(F)cc5)C3=O)cncc2c1,A{A*Q}rAD{asadaataaaaast}A{~B}{A**}rsAD{AardaadrA}A{~B}araaa{G}aars,48.41437632135306
C[C@H]1CN(c2cncc3ccccc23)C(=O)[C@@]12CN(Cc1ncco1)C(=O)c1ccc(F)cc12,C[C@H]1CN(c2cncc3ccccc23)C(=O)[C@@]12CN(Cc1ncco1)C(=O)c1ccc(F)cc12,6.92,C1(=O)c2c(cc(F)cc2)[C@@]2(CN1Cc1ncco1)C(=O)N(c1cncc3c1cccc3)C[C@@H]2C,A{A*Q}rAD{asadaataaaaast}A{~B}{A**}rsAD{Aardaabr}A{~B}araaa{G}aars,38.26638477801269
C[C@H]1CN(c2cncc3ccccc23)C(=O)[C@@]12CN(Cc1ncn(C)n1)C(=O)c1ccc(F)cc12,C[C@H]1CN(c2cncc3ccccc23)C(=O)[C@@]12CN(Cc1ncn(C)n1)C(=O)c1ccc(F)cc12,6.32,c12c(cc(F)cc1)[C@]1(C(=O)N(c3c4c(cccc4)cnc3)C[C@@H]1C)CN(Cc1nn(C)cn1)C2=O,A{A*Q}rAD{asadaataaaaast}A{~B}{A**}rsAD{Aardad{A}dr}A{~B}araaa{G}aars,50.95137420718816
C[C@H]1CN(c2cncc3ccccc23)C(=O)[C@@]12CN(Cc1nncn1C)C(=O)c1ccc(F)cc12,C[C@H]1CN(c2cncc3ccccc23)C(=O)[C@@]12CN(Cc1nncn1C)C(=O)c1ccc(F)cc12,6.37,n1cc2ccccc2c(N2C(=O)[C@@]3(CN(Cc4nncn4C)C(=O)c4ccc(F)cc43)[C@@H](C)C2)c1,A{A*Q}rAD{asadaataaaaast}A{~B}{A**}rsAD{AarddadrA}A{~B}araaa{G}aars,49.89429175475687
C[C@H]1CN(c2cncc3ccccc23)C(=O)[C@@]12CN(Cc1nnn(C)n1)C(=O)c1ccc(F)cc12,C[C@H]1CN(c2cncc3ccccc23)C(=O)[C@@]12CN(Cc1nnn(C)n1)C(=O)c1ccc(F)cc12,6.65,c1c2c(N3C(=O)[C@]4(c5cc(F)ccc5C(=O)N(Cc5nnn(C)n5)C4)[C@@H](C)C3)cncc2ccc1,A{A*Q}rAD{asadaataaaaast}A{~B}{A**}rsAD{Aarddd{A}dr}A{~B}araaa{G}aars,43.97463002114164
C[C@H]1CN(c2cncc3ccccc23)C(=O)[C@@]12CN(Cc1nnn[nH]1)C(=O)c1ccc(F)cc12,C[C@H]1CN(c2cncc3ccccc23)C(=O)[C@@]12CN(Cc1nnn[nH]1)C(=O)c1ccc(F)cc12,5.67,c1(F)ccc2c(c1)[C@]1(C(=O)N(c3c4ccccc4cnc3)C[C@@H]1C)CN(Cc1nnn[nH]1)C2=O,A{A*Q}rAD{asadaataaaaast}A{~B}{A**}rsAD{Aarddd{dQ}r}A{~B}araaa{G}aars,64.69344608879493
C[C@H]1CN(c2cncc3ccccc23)C(=O)[C@@]12CN(Cc1nnnn1C)C(=O)c1ccc(F)cc12,C[C@H]1CN(c2cncc3ccccc23)C(=O)[C@@]12CN(Cc1nnnn1C)C(=O)c1ccc(F)cc12,6.41,Fc1cc2c(cc1)C(=O)N(Cc1nnnn1C)C[C@]21[C@@H](C)CN(c2cncc3ccccc32)C1=O,A{A*Q}rAD{asadaataaaaast}A{~B}{A**}rsAD{AarddddrA}A{~B}araaa{G}aars,49.04862579281184
C[C@H]1CN(c2cncc3ccccc23)C(=O)[C@@]12CN1CC(=O)NN=C1c1ccc(Cl)cc12,C[C@H]1CN(c2cncc3ccccc23)C(=O)[C@@]12CN1CC(=O)NN=C1c1ccc(Cl)cc12,6.35,c1ncc2ccccc2c1N1C[C@H](C)[C@]2(CN3CC(=O)NN=C3c3ccc(Cl)cc32)C1=O,A{A*Q}rAD{asadaataaaaast}A{~B}{A**}rsADrAA{~B}DD~Araraaa{Z}aars,50.3171247357294
C[C@H]1CN(c2cncc3ccccc23)C(=O)[C@@]12Cn1nncc1-c1ccc(Cl)cc12,C[C@H]1CN(c2cncc3ccccc23)C(=O)[C@@]12Cn1nncc1-c1ccc(Cl)cc12,6.18,c12cnnn1C[C@@]1(C(=O)N(c3cncc4ccccc43)C[C@@H]1C)c1cc(Cl)ccc1-2,A{A*Q}rAD{asadaataaaaast}A{~B}{A**}rsAdrddaar_araaa{Z}aars,53.91120507399578
C[C@H]1CN(c2cncc3ccccc23)C(=O)[C@]12Cn1nncc1-c1ccc(Cl)cc12,C[C@H]1CN(c2cncc3ccccc23)C(=O)[C@]12Cn1nncc1-c1ccc(Cl)cc12,4.11,c1c(Cl)cc2c(c1)-c1n(nnc1)C[C@@]21[C@@H](C)CN(c2cncc3ccccc23)C1=O,A{A*Q}rAD{asadaataaaaast}A{~B}{A*}rsAdrddaar_araaa{Z}aars,97.67441860465115
C[C@H]1COC[C@@]2(C1)NC(=O)N(c1cncc3ccccc13)C2=O,C[C@H]1COC[C@@]2(C1)NC(=O)N(c1cncc3ccccc13)C2=O,4.24,c1c2c(ccc1)cncc2N1C(=O)N[C@@]2(C[C@@H](C)COC2)C1=O,A{A*Q}rABA{A**}s{Ar}DA{~B}D{aradaataaaaart}As~B,94.9260042283298
C[C@H]1COC[C@H](C)N1CCN1C[C@@]2(C(=O)N(c3cncc4ccccc34)C[C@@H]2C)c2cc(Cl)ccc2C1=O,C[C@H]1COC[C@H](C)N1CCN1C[C@@]2(C(=O)N(c3cncc4ccccc34)C[C@@H]2C)c2cc(Cl)ccc2C1=O,8.02,O=C1c2ccc(Cl)cc2[C@@]2([C@@H](C)CN(c3cncc4ccccc43)C2=O)CN1CCN1[C@@H](C)COC[C@@H]1C,A{A*Q}rABA{A*Q}{A}DrAADrA{A**}s{A{~B}D{atadaauaaaaatu}A{A**Q}sA}asaa{Z}aaasAr~B,15.01057082452433
C[C@H]1COC[C@]2(C1)NC(=O)N(c1cncc3ccccc13)C2=O,C[C@H]1COC[C@]2(C1)NC(=O)N(c1cncc3ccccc13)C2=O,5.21,c1cccc2c(N3C(=O)[C@@]4(C[C@@H](C)COC4)NC3=O)cncc12,A{A*Q}rABA{A*}s{Ar}DA{~B}D{aradaataaaaart}As~B,74.4186046511628
C[C@H]1COc2ccccc2[C@H]1C(=O)Nc1cncc2ccccc12,C[C@H]1COc2ccccc2[C@H]1C(=O)Nc1cncc2ccccc12,4.71,N(c1c2c(cccc2)cnc1)C([C@@H]1c2c(cccc2)OC[C@@H]1C)=O,A{A*Q}rABasaaaaas{A*Q}rA{~B}Daradaasaaaaars,84.98942917547569
C[C@H]1C[C@@H](C(C)(F)F)CCN1C(=O)Cc1cncc2ccccc12,C[C@H]1C[C@@H](C(C)(F)F)CCN1C(=O)Cc1cncc2ccccc12,5.9,C1[C@H](C(F)(F)C)C[C@H](C)N(C(=O)Cc2cncc3ccccc32)C1,A{A*Q}rA{A**Q}{A{A}{G}G}AADrA{~B}Aaradaasaaaaars,59.83086680761099
C[C@H]1C[C@@H](C(F)(F)F)CCN1C(=O)Cc1cncc2ccccc12,C[C@H]1C[C@@H](C(F)(F)F)CCN1C(=O)Cc1cncc2ccccc12,5.93,c1(CC(N2CC[C@H](C(F)(F)F)C[C@@H]2C)=O)c2c(cccc2)cnc1,A{A*Q}rA{A**Q}{A{G}{G}G}AADrA{~B}Aaradaasaaaaars,59.19661733615223
C[C@H]1C[C@@H](C)N(C(=O)Cc2cncc3ccccc23)[C@@H](C)C1,C[C@H]1C[C@@H](C)N(C(=O)Cc2cncc3ccccc23)[C@@H](C)C1,5.87,c1(CC(N2[C@H](C)C[C@H](C)C[C@@H]2C)=O)c2c(cnc1)cccc2,A{A*Q}rA{A**Q}{A}D{A{~B}Aasadaataaaaast}{A**Q}{A}Ar,60.465116279069775
C[C@H]1C[C@H](C(C)(F)F)CCN1C(=O)Cc1cncc2ccccc12,C[C@H]1C[C@H](C(C)(F)F)CCN1C(=O)Cc1cncc2ccccc12,6.2,c1cc2c(CC(N3[C@@H](C)C[C@H](C(C)(F)F)CC3)=O)cncc2cc1,A{A*Q}rA{A*Q}{A{A}{G}G}AADrA{~B}Aaradaasaaaaars,53.48837209302326
C[C@H]1C[C@H](C)CN(C(=O)Cc2cncc3ccccc23)C1,C[C@H]1C[C@H](C)CN(C(=O)Cc2cncc3ccccc23)C1,4.28,c12ccccc1c(CC(=O)N1C[C@@H](C)C[C@H](C)C1)cnc2,A{A*Q}rA{A*Q}{A}AD{A{~B}Aasadaataaaaast}Ar,94.08033826638477
C[C@H]1C[C@H](C)N(C(=O)Cc2cncc3ccccc23)C1,C[C@H]1C[C@H](C)N(C(=O)Cc2cncc3ccccc23)C1,4.38,c1(CC(=O)N2[C@@H](C)C[C@H](C)C2)c2ccccc2cnc1,A{A*Q}rA{A*Q}{A}D{A{~B}Aasadaataaaaast}Ar,91.96617336152221
C[C@H]1C[C@H](C2CCCCC2)CN1C(=O)Cc1cncc2ccccc12,C[C@H]1C[C@H](C2CCCCC2)CN1C(=O)Cc1cncc2ccccc12,5.22,c1cc2cncc(CC(=O)N3C[C@@H](C4CCCCC4)C[C@@H]3C)c2cc1,A{A*Q}rA{A*Q}{AsAAAAAs}ADrA{~B}Aaradaasaaaaars,74.20718816067654
C[C@H]1C[C@H](c2ccccc2)CCN1C(=O)Cc1cncc2ccccc12,C[C@H]1C[C@H](c2ccccc2)CCN1C(=O)Cc1cncc2ccccc12,4.85,[C@H]1(C)C[C@H](c2ccccc2)CCN1C(=O)Cc1cncc2c1cccc2,A{A*Q}rA{A*Q}{asaaaaas}AADrA{~B}Aaradaasaaaaars,82.02959830866808
C[C@H]1C[C@H](c2ccccc2)N(C(=O)Cc2cncc3ccccc23)C1,C[C@H]1C[C@H](c2ccccc2)N(C(=O)Cc2cncc3ccccc23)C1,4.82,c1c2c(cncc2CC(N2[C@@H](c3ccccc3)C[C@H](C)C2)=O)ccc1,A{A*Q}rA{A*Q}{asaaaaas}D{A{~B}Aasadaataaaaast}Ar,82.66384778012684
C[C@H]1C[C@H](c2cccs2)CN1C(=O)Cc1cncc2ccccc12,C[C@H]1C[C@H](c2cccs2)CN1C(=O)Cc1cncc2ccccc12,5.11,c12cncc(CC(N3[C@@H](C)C[C@H](c4cccs4)C3)=O)c1cccc2,A{A*Q}rA{A*Q}{asaaaes}ADrA{~B}Aaradaasaaaaars,76.53276955602536
C[C@H]1C[C@H](c2ccsc2)CN1C(=O)Cc1cncc2ccccc12,C[C@H]1C[C@H](c2ccsc2)CN1C(=O)Cc1cncc2ccccc12,5.05,c12ccccc1c(CC(N1C[C@@H](c3ccsc3)C[C@@H]1C)=O)cnc2,A{A*Q}rA{A*Q}{asaaeas}ADrA{~B}Aaradaasaaaaars,77.80126849894292
C[C@H]1C[C@H]2CC[C@@H](C1)N2C(=O)Cc1cncc2ccccc12,C[C@H]1C[C@H]2CC[C@@H](C1)N2C(=O)Cc1cncc2ccccc12,5.38,c12c(CC(=O)N3[C@H]4CC[C@@H]3C[C@H](C)C4)cncc1cccc2,A{A*Q}rA{A*Q}sAA{A**Q}{Ar}DsA{~B}Aaradaasaaaaars,70.82452431289641
C[C@H]1C[C@H]2C[C@@H]1CN2C(=O)Cc1cncc2ccccc12,C[C@H]1C[C@H]2C[C@@H]1CN2C(=O)Cc1cncc2ccccc12,4.98,c1c2c(ccc1)cncc2CC(=O)N1[C@H]2C[C@H](C)[C@@H](C1)C2,A{A*Q}rA{A*Q}sA{A**Q}rADsA{~B}Aaradaasaaaaars,79.28118393234672
C[C@H]1Cc2sccc2CN1C(=O)Cc1cncc2ccccc12,C[C@H]1Cc2sccc2CN1C(=O)Cc1cncc2ccccc12,6.113333333333333,c1c2c(c(CC(=O)N3[C@@H](C)Cc4sccc4C3)cn1)cccc2,A{A*Q}rAaseaaasADrA{~B}Aaradaasaaaaars,55.32064834390417
C[C@H]1OCCC[C@]12NC(=O)N(c1cncc3ccccc13)C2=O,C[C@H]1OCCC[C@]12NC(=O)N(c1cncc3ccccc13)C2=O,4.02,C1(=O)[C@]2(NC(=O)N1c1c3ccccc3cnc1)CCCO[C@@H]2C,A{A*Q}rBAAA{A*}rsDA{~B}D{aradaataaaaart}As~B,99.5771670190275
C[C@H]1[C@H]2CCCC[C@H]2CN1C(=O)Cc1cncc2ccccc12,C[C@H]1[C@H]2CCCC[C@H]2CN1C(=O)Cc1cncc2ccccc12,5.02,C(=O)(Cc1cncc2c1cccc2)N1[C@@H](C)[C@@H]2[C@@H](CCCC2)C1,A{A*Q}r{A*Q}sAAAA{A*Q}sADrA{~B}Aaradaasaaaaars,78.4355179704017
C[C@H]1c2cccnc2CCN1C(=O)Cc1cncc2ccccc12,C[C@H]1c2cccnc2CCN1C(=O)Cc1cncc2ccccc12,4.3,O=C(Cc1c2c(cccc2)cnc1)N1CCc2ncccc2[C@@H]1C,A{A*Q}rasaaadasAADrA{~B}Aaradaasaaaaars,93.65750528541227
C[C@H]1c2ccsc2CCN1C(=O)Cc1cncc2ccccc12,C[C@H]1c2ccsc2CCN1C(=O)Cc1cncc2ccccc12,5.815,N1(C(=O)Cc2c3ccccc3cnc2)CCc2c(ccs2)[C@@H]1C,A{A*Q}rasaaeasAADrA{~B}Aaradaasaaaaars,61.62790697674418
C[C@]1(c2ccc(F)cc2)CCN(C(=O)Cc2cncc3ccccc23)C1,C[C@]1(c2ccc(F)cc2)CCN(C(=O)Cc2cncc3ccccc23)C1,4.84,c1([C@]2(C)CN(C(Cc3c4c(cnc3)cccc4)=O)CC2)ccc(F)cc1,A{A*}r{asaaa{G}aas}AAD{A{~B}Aasadaataaaaast}Ar,82.24101479915434
C[C@]1(c2ccccc2)CCCN(C(=O)Cc2cncc3ccccc23)C1,C[C@]1(c2ccccc2)CCCN(C(=O)Cc2cncc3ccccc23)C1,4.57,c1([C@@]2(C)CCCN(C(=O)Cc3c4ccccc4cnc3)C2)ccccc1,A{A*}r{asaaaaas}AAAD{A{~B}Aasadaataaaaast}Ar,87.94926004228329
Cc1cc(C)n(C[C@H]2CCCCN2C(=O)Cc2cncc3ccccc23)n1,Cc1cc(C)n(C[C@H]2CCCCN2C(=O)Cc2cncc3ccccc23)n1,4.19,c1(CC(=O)N2[C@@H](Cn3c(C)cc(C)n3)CCCC2)cncc2ccccc12,Aaraa{A}d{A{A*Q}sAAAADsA{~B}Aasadaataaaaast}dr,95.98308668076109
Cc1cc(CN2C[C@@]3(C(=O)N(c4cncc5ccccc45)C[C@@H]3C)c3cc(F)ccc3C2=O)on1,Cc1cc(CN2C[C@@]3(C(=O)N(c4cncc5ccccc45)C[C@@H]3C)c3cc(F)ccc3C2=O)on1,7.91,c1c(N2C[C@H](C)[C@@]3(C2=O)CN(Cc2onc(C)c2)C(=O)c2ccc(F)cc23)c2ccccc2cn1,Aaraa{ADsA{A**}t{A{~B}D{auadaavaaaaauv}A{A**Q}tA}ataa{G}aaatAs~B}bdr,17.336152219873153
Cc1cc(F)cc(CC(=O)Nc2cncc3ccccc23)c1,Cc1cc(F)cc(CC(=O)Nc2cncc3ccccc23)c1,5.79,C(Nc1cncc2ccccc21)(=O)Cc1cc(C)cc(F)c1,Aaraa{G}aa{AA{~B}Dasadaataaaaast}ar,62.15644820295984
Cc1cc(F)ccc1C(F)(F)C(=O)Nc1cncc2ccccc12,Cc1cc(F)ccc1C(F)(F)C(=O)Nc1cncc2ccccc12,4.56,FC(C(=O)Nc1cncc2c1cccc2)(c1ccc(F)cc1C)F,Aaraa{G}aaarA{G}{G}A{~B}Daradaasaaaaars,88.16067653276956
Cc1cc(NC(=O)Nc2cn(CC(C)C)c(=O)c3ccccc23)no1,Cc1cc(NC(=O)Nc2cn(CC(C)C)c(=O)c3ccccc23)no1,5.2,c1c(NC(=O)Nc2noc(C)c2)c2c(c(=O)n1CC(C)C)cccc2,Aaraa{DA{~B}Dasad{AA{A}A}a{~B}ataaaaast}dbr,74.63002114164904
Cc1cc([C@H]2CCCCN2C(=O)Cc2cncc3ccccc23)[nH]n1,Cc1cc([C@H]2CCCCN2C(=O)Cc2cncc3ccccc23)[nH]n1,4.41,c1(C)cc([C@H]2CCCCN2C(=O)Cc2c3c(cnc2)cccc3)[nH]n1,Aaraa{{A*Q}sAAAADsA{~B}Aasadaataaaaast}{dQ}dr,91.33192389006342
Cc1cc([C@H]2CCCCN2C(=O)Cc2cncc3ccccc23)on1,Cc1cc([C@H]2CCCCN2C(=O)Cc2cncc3ccccc23)on1,4.49,c1(CC(N2[C@@H](c3onc(C)c3)CCCC2)=O)cncc2ccccc12,Aaraa{{A*Q}sAAAADsA{~B}Aasadaataaaaast}bdr,89.64059196617335
Cc1cc([C@H]2CCN(C(=O)Cc3cncc4ccccc34)C2)cs1,Cc1cc([C@H]2CCN(C(=O)Cc3cncc4ccccc34)C2)cs1,5.09,s1cc([C@H]2CCN(C(=O)Cc3cncc4ccccc43)C2)cc1C,Aaraa{{A*Q}sAAD{A{~B}Aatadaauaaaaatu}As}aer,76.95560253699789
Cc1cc2c(cc1C)[C@H](C(=O)Nc1cncc3ccccc13)CO2,Cc1cc2c(cc1C)[C@H](C(=O)Nc1cncc3ccccc13)CO2,5.34,c1(C)c(C)cc2c(c1)OC[C@H]2C(Nc1c2c(cnc1)cccc2)=O,Aaraasa{aarA}{A*Q}{A{~B}Daradaataaaaart}ABs,71.67019027484145
Cc1cc2c(s1)CCN(C(=O)Cc1cncc3ccccc13)C2,Cc1cc2c(s1)CCN(C(=O)Cc1cncc3ccccc13)C2,5.38,c1(CC(N2Cc3c(sc(C)c3)CC2)=O)c2ccccc2cnc1,Aaraasa{er}AAD{A{~B}Aaradaataaaaart}As,70.82452431289641
Cc1ccc(CCNC(=O)CN2Cc3ccc(Cl)cc3[C@H](C(=O)Nc3cncc4ccccc34)C2)cc1,Cc1ccc(CCNC(=O)CN2Cc3ccc(Cl)cc3[C@H](C(=O)Nc3cncc4ccccc34)C2)cc1,7.12,c12c(cc(Cl)cc1)[C@H](C(=O)Nc1c3ccccc3cnc1)CN(CC(NCCc1ccc(C)cc1)=O)C2,Aaraaa{AADA{~B}ADsAataaa{Z}aat{A*Q}{A{~B}Datadaauaaaaatu}As}aar,34.03805496828753
Cc1ccc(CNC(=O)CN2Cc3ccc(Cl)cc3[C@H](C(=O)Nc3cncc4ccccc34)C2)cc1,Cc1ccc(CNC(=O)CN2Cc3ccc(Cl)cc3[C@H](C(=O)Nc3cncc4ccccc34)C2)cc1,6.96,c1cc2c(cc1Cl)[C@H](C(Nc1c3c(cnc1)cccc3)=O)CN(CC(NCc1ccc(C)cc1)=O)C2,Aaraaa{ADA{~B}ADsAataaa{Z}aat{A*Q}{A{~B}Datadaauaaaaatu}As}aar,37.42071881606766
Cc1ccc(C[C@H]2CCCN(C(=O)Cc3cncc4ccccc34)C2)cc1,Cc1ccc(C[C@H]2CCCN(C(=O)Cc3cncc4ccccc34)C2)cc1,4.55,c1(CC(=O)N2C[C@@H](Cc3ccc(C)cc3)CCC2)cncc2c1cccc2,Aaraaa{A{A*Q}sAAAD{A{~B}Aatadaauaaaaatu}As}aar,88.37209302325581
Cc1ccc(F)c(CC(=O)Nc2cncc3ccccc23)c1,Cc1ccc(F)c(CC(=O)Nc2cncc3ccccc23)c1,5.29,c1(CC(Nc2c3c(cccc3)cnc2)=O)cc(C)ccc1F,Aaraaa{G}a{AA{~B}Dasadaataaaaast}ar,72.72727272727273
Cc1ccc(F)c(CN(C)C(=O)Cc2cncc3ccccc23)c1F,Cc1ccc(F)c(CN(C)C(=O)Cc2cncc3ccccc23)c1F,4.24,c1c2ccccc2c(CC(=O)N(Cc2c(F)ccc(C)c2F)C)cn1,Aaraaa{G}a{AD{A}A{~B}Aasadaataaaaast}arG,94.9260042283298
Cc1ccc(F)cc1C(F)(F)C(=O)Nc1cncc2ccccc12,Cc1ccc(F)cc1C(F)(F)C(=O)Nc1cncc2ccccc12,5.0,O=C(Nc1c2ccccc2cnc1)C(c1c(C)ccc(F)c1)(F)F,Aaraaa{G}aarA{G}{G}A{~B}Daradaasaaaaars,78.8583509513742
Cc1ccc(F)cc1CC(=O)Nc1cncc2ccccc12,Cc1ccc(F)cc1CC(=O)Nc1cncc2ccccc12,5.73,c12ccccc1c(NC(=O)Cc1cc(F)ccc1C)cnc2,Aaraaa{G}aarAA{~B}Daradaasaaaaars,63.424947145877375
Cc1ccc([C@H](C(=O)Nc2cncc3ccccc23)C2CC2)cc1,Cc1ccc([C@H](C(=O)Nc2cncc3ccccc23)C2CC2)cc1,4.73,c1c2c(ccc1)c(NC([C@H](C1CC1)c1ccc(C)cc1)=O)cnc2,Aaraaa{{A*Q}{A{~B}Dasadaataaaaast}AsAAs}aar,84.56659619450316
Cc1ccc([C@H]2CCCCN2C(=O)Cc2cncc3ccccc23)cc1,Cc1ccc([C@H]2CCCCN2C(=O)Cc2cncc3ccccc23)cc1,4.82,N1(C(Cc2c3c(cnc2)cccc3)=O)[C@@H](c2ccc(C)cc2)CCCC1,Aaraaa{{A*Q}sAAAADsA{~B}Aasadaataaaaast}aar,82.66384778012684
Cc1ccc([C@H]2CCCN2C(=O)Cc2cncc3ccccc23)cc1,Cc1ccc([C@H]2CCCN2C(=O)Cc2cncc3ccccc23)cc1,4.32,c1([C@@H]2N(C(Cc3c4ccccc4cnc3)=O)CCC2)ccc(C)cc1,Aaraaa{{A*Q}sAAADsA{~B}Aasadaataaaaast}aar,93.23467230443974
Cc1ccc2[nH]cc(CCNC(=O)CN3Cc4ccc(Cl)cc4[C@H](C(=O)Nc4cncc5ccccc45)C3)c2c1,Cc1ccc2[nH]cc(CCNC(=O)CN3Cc4ccc(Cl)cc4[C@H](C(=O)Nc4cncc5ccccc45)C3)c2c1,7.12,c12ccc(C)cc1c(CCNC(CN1C[C@@H](C(=O)Nc3c4ccccc4cnc3)c3c(ccc(Cl)c3)C1)=O)c[nH]2,Aaraaas{dQ}aa{AADA{~B}ADtAauaaa{Z}aau{A*Q}{A{~B}Dauadaavaaaaauv}At}asar,34.03805496828753
Cc1ccc2c(n1)CCN(C(=O)Cc1cncc3ccccc13)C2,Cc1ccc2c(n1)CCN(C(=O)Cc1cncc3ccccc13)C2,4.44,c12ccccc1cncc2CC(N1Cc2c(nc(C)cc2)CC1)=O,Aaraaasa{dr}AAD{A{~B}Aaradaataaaaart}As,90.69767441860465
Cc1cccc(CC(=O)Nc2cncc3ccccc23)c1F,Cc1cccc(CC(=O)Nc2cncc3ccccc23)c1F,4.2,N(c1c2ccccc2cnc1)C(=O)Cc1c(F)c(C)ccc1,Aaraaaa{AA{~B}Dasadaataaaaast}arG,95.77167019027483
Cc1cccc(CN(C(=O)Cc2cncc3ccccc23)C2CC2)c1,Cc1cccc(CN(C(=O)Cc2cncc3ccccc23)C2CC2)c1,5.04,c12cncc(CC(N(Cc3cccc(C)c3)C3CC3)=O)c1cccc2,Aaraaaa{AD{A{~B}Aasadaataaaaast}AsAAs}ar,78.01268498942918
Cc1cccc(CN(Cc2ccccn2)C(=O)Cc2cncc3ccccc23)c1,Cc1cccc(CN(Cc2ccccn2)C(=O)Cc2cncc3ccccc23)c1,4.48,c1(C)cccc(CN(Cc2ncccc2)C(Cc2c3c(cnc2)cccc3)=O)c1,Aaraaaa{AD{Aasaaaads}A{~B}Aasadaataaaaast}ar,89.85200845665962
Cc1cccc([C@H]2CCCCN2C(=O)Cc2cncc3ccccc23)c1C,Cc1cccc([C@H]2CCCCN2C(=O)Cc2cncc3ccccc23)c1C,5.36,c1cc2c(cc1)c(CC(N1[C@@H](c3cccc(C)c3C)CCCC1)=O)cnc2,Aaraaaa{{A*Q}sAAAADsA{~B}Aasadaataaaaast}arA,71.24735729386892
Cc1cccc2[nH]c(CNC(=O)c3cncc4ccccc34)cc12,Cc1cccc2[nH]c(CNC(=O)c3cncc4ccccc34)cc12,4.87,[nH]1c(CNC(=O)c2c3ccccc3cnc2)cc2c(C)cccc12,Aaraaaas{dQ}a{ADA{~B}atadaauaaaaatu}aars,81.60676532769557
Cc1ccccc1C[C@H]1CCCN1C(=O)Cc1cncc2ccccc12,Cc1ccccc1C[C@H]1CCCN1C(=O)Cc1cncc2ccccc12,4.43,C(C(N1CCC[C@@H]1Cc1ccccc1C)=O)c1c2c(cnc1)cccc2,AaraaaaarA{A*Q}rAAADrA{~B}Aaradaasaaaaars,90.9090909090909
Cc1ccccc1NC(=O)C[C@H]1SC(=O)N(c2ccccc2)C1=O,Cc1ccccc1NC(=O)C[C@H]1SC(=O)N(c2ccccc2)C1=O,6.23,c1ccc(N2C(=O)[C@@H](CC(Nc3ccccc3C)=O)SC2=O)cc1,AaraaaaarDA{~B}A{A*Q}rEA{~B}D{asaaaaas}Ar~B,52.85412262156448
Cc1ccccc1[C@H]1C[C@H](C)N(C(=O)Cc2cncc3ccccc23)C1,Cc1ccccc1[C@H]1C[C@H](C)N(C(=O)Cc2cncc3ccccc23)C1,4.86,c1([C@@H]2CN(C(Cc3cncc4c3cccc4)=O)[C@@H](C)C2)c(C)cccc1,Aaraaaaar{A*Q}rA{A*Q}{A}D{A{~B}Aasadaataaaaast}Ar,81.81818181818181
Cc1ccnc([C@H]2CCN(C(=O)Cc3cncc4ccccc34)C2)c1,Cc1ccnc([C@H]2CCN(C(=O)Cc3cncc4ccccc34)C2)c1,4.06,c12ccccc1cncc2CC(N1C[C@@H](c2nccc(C)c2)CC1)=O,Aaraada{{A*Q}sAAD{A{~B}Aatadaauaaaaatu}As}ar,98.73150105708245
Cc1cnc(CN2C[C@@]3(C(=O)N(c4cncc5ccccc45)C[C@@H]3C)c3cc(F)ccc3C2=O)cn1,Cc1cnc(CN2C[C@@]3(C(=O)N(c4cncc5ccccc45)C[C@@H]3C)c3cc(F)ccc3C2=O)cn1,7.15,Fc1ccc2c(c1)[C@]1(C(=O)N(c3cncc4c3cccc4)C[C@@H]1C)CN(Cc1ncc(C)nc1)C2=O,Aarada{ADsA{A**}t{A{~B}D{auadaavaaaaauv}A{A**Q}tA}ataa{G}aaatAs~B}adr,33.40380549682875
Cc1cnc2c(c1)CN(C(=O)Cc1cncc3ccccc13)CC2,Cc1cnc2c(c1)CN(C(=O)Cc1cncc3ccccc13)CC2,5.03,c1c2c(c(CC(=O)N3CCc4c(cc(C)cn4)C3)cnc2)ccc1,Aaradasa{ar}AD{A{~B}Aaradaataaaaart}AAs,78.22410147991543
Cc1cncc(CC(=O)N2CCc3sccc3C2)c1,Cc1cncc(CC(=O)N2CCc3sccc3C2)c1,5.3,c12c(ccs1)CN(C(=O)Cc1cc(C)cnc1)CC2,Aaradaa{AA{~B}DsAAateaaatAs}ar,72.51585623678648
Cc1cncc(CC(=O)Nc2cncc3ccccc23)c1,Cc1cncc(CC(=O)Nc2cncc3ccccc23)c1,4.99,c1ncc(C)cc1CC(=O)Nc1c2ccccc2cnc1,Aaradaa{AA{~B}Dasadaataaaaast}ar,79.06976744186046
Cc1csc(C[C@H]2CCCN(C(=O)Cc3cncc4ccccc34)C2)n1,Cc1csc(C[C@H]2CCCN(C(=O)Cc3cncc4ccccc34)C2)n1,4.17,O=C(N1C[C@@H](Cc2scc(C)n2)CCC1)Cc1cncc2ccccc21,Aaraea{A{A*Q}sAAAD{A{~B}Aatadaauaaaaatu}As}dr,96.40591966173362
Cc1csc([C@H]2CCCN(C(=O)Cc3cncc4ccccc34)C2)n1,Cc1csc([C@H]2CCCN(C(=O)Cc3cncc4ccccc34)C2)n1,4.19,c1c(CC(N2CCC[C@H](c3scc(C)n3)C2)=O)c2ccccc2cn1,Aaraea{{A*Q}sAAAD{A{~B}Aatadaauaaaaatu}As}dr,95.98308668076109
Cc1csc([C@H]2CCCN2C(=O)Cc2cncc3ccccc23)n1,Cc1csc([C@H]2CCCN2C(=O)Cc2cncc3ccccc23)n1,4.32,C(Cc1c2ccccc2cnc1)(N1[C@@H](c2scc(C)n2)CCC1)=O,Aaraea{{A*Q}sAAADsA{~B}Aasadaataaaaast}dr,93.23467230443974
Cc1csc2c1CN(C(=O)Cc1cncc3ccccc13)CC2,Cc1csc2c1CN(C(=O)Cc1cncc3ccccc13)CC2,6.48,c1ncc(CC(=O)N2CCc3c(c(C)cs3)C2)c2ccccc12,AaraeasarAD{A{~B}Aaradaataaaaart}AAs,47.56871035940803
Cc1nc(CN2C[C@@]3(C(=O)N(c4cncc5ccccc45)C[C@@H]3C)c3cc(F)ccc3C2=O)c[nH]1,Cc1nc(CN2C[C@@]3(C(=O)N(c4cncc5ccccc45)C[C@@H]3C)c3cc(F)ccc3C2=O)c[nH]1,7.56,c12c(cc(F)cc1)[C@]1(C(=O)N(c3c4ccccc4cnc3)C[C@@H]1C)CN(Cc1c[nH]c(C)n1)C2=O,Aarda{ADsA{A**}t{A{~B}D{auadaavaaaaauv}A{A**Q}tA}ataa{G}aaatAs~B}a{dQ}r,24.735729386892192
Cc1nc(CN2C[C@@]3(C(=O)N(c4cncc5ccccc45)C[C@@H]3C)c3cc(F)ccc3C2=O)co1,Cc1nc(CN2C[C@@]3(C(=O)N(c4cncc5ccccc45)C[C@@H]3C)c3cc(F)ccc3C2=O)co1,8.04,c1cccc2cncc(N3C(=O)[C@@]4(CN(Cc5nc(C)oc5)C(=O)c5c4cc(F)cc5)[C@@H](C)C3)c12,Aarda{ADsA{A**}t{A{~B}D{auadaavaaaaauv}A{A**Q}tA}ataa{G}aaatAs~B}abr,14.587737843551823
Cc1nc(CN2C[C@@]3(C(=O)N(c4cncc5ccccc45)C[C@@H]3C)c3cc(F)ccc3C2=O)no1,Cc1nc(CN2C[C@@]3(C(=O)N(c4cncc5ccccc45)C[C@@H]3C)c3cc(F)ccc3C2=O)no1,6.68,c1ncc2ccccc2c1N1C[C@H](C)[C@]2(C1=O)c1c(ccc(F)c1)C(=O)N(Cc1noc(C)n1)C2,Aarda{ADsA{A**}t{A{~B}D{auadaavaaaaauv}A{A**Q}tA}ataa{G}aaatAs~B}dbr,43.340380549682884
Cc1nc([C@H]2CCCN2C(=O)Cc2cncc3ccccc23)cs1,Cc1nc([C@H]2CCCN2C(=O)Cc2cncc3ccccc23)cs1,4.67,[C@@H]1(c2csc(C)n2)N(C(=O)Cc2c3ccccc3cnc2)CCC1,Aarda{{A*Q}sAAADsA{~B}Aasadaataaaaast}aer,85.83509513742072
Cc1nc2c(n1C)CCN(C(=O)Cc1cncc3ccccc13)C2,Cc1nc2c(n1C)CCN(C(=O)Cc1cncc3ccccc13)C2,4.4,C(c1c2c(cccc2)cnc1)C(N1Cc2c(n(C)c(C)n2)CC1)=O,Aardasa{drA}AAD{A{~B}Aaradaataaaaart}As,91.54334038054968
Cc1nc2ccc(N(Cc3cccc(Cl)c3)C(=O)Cc3cncc4ccccc34)cc2[nH]1,Cc1nc2ccc(N(Cc3cccc(Cl)c3)C(=O)Cc3cncc4ccccc34)cc2[nH]1,6.47,N(C(Cc1c2c(cnc1)cccc2)=O)(Cc1cccc(Cl)c1)c1cc2c(cc1)nc(C)[nH]2,Aardasaaa{D{Aataaaa{Z}at}A{~B}Aatadaauaaaaatu}aas{dQ}r,47.7801268498943
Cc1ncc(-c2cccc(Cl)c2)c(=O)n1-c1cncc2ccccc12,Cc1ncc(-c2cccc(Cl)c2)c(=O)n1-c1cncc2ccccc12,4.8,c1(=O)n(-c2c3c(cccc3)cnc2)c(C)ncc1-c1cccc(Cl)c1,Aardaa{_asaaaa{Z}as}a{~B}dr_aradaasaaaaars,83.08668076109937
Cc1ncc(CN2C[C@@]3(C(=O)N(c4cncc5ccccc45)C[C@@H]3C)c3cc(F)ccc3C2=O)o1,Cc1ncc(CN2C[C@@]3(C(=O)N(c4cncc5ccccc45)C[C@@H]3C)c3cc(F)ccc3C2=O)o1,7.09,n1cc2ccccc2c(N2C[C@H](C)[C@@]3(c4cc(F)ccc4C(=O)N(Cc4oc(C)nc4)C3)C2=O)c1,Aardaa{ADsA{A**}t{A{~B}D{auadaavaaaaauv}A{A**Q}tA}ataa{G}aaatAs~B}br,34.672304439746306
Cc1nccc(CN2C[C@@]3(C(=O)N(c4cncc5ccccc45)C[C@@H]3CNc3nnc(C(F)(F)F)o3)c3cc(Cl)ccc3C2=O)n1,Cc1nccc(CN2C[C@@]3(C(=O)N(c4cncc5ccccc45)C[C@@H]3CNc3nnc(C(F)(F)F)o3)c3cc(Cl)ccc3C2=O)n1,7.89,c1c2c(cc(Cl)c1)[C@@]1([C@@H](CNc3oc(C(F)(F)F)nn3)CN(c3cncc4ccccc34)C1=O)CN(Cc1ccnc(C)n1)C2=O,Aardaaa{ADsA{A**}t{A{~B}D{auadaavaaaaauv}A{A**Q}tADatdda{A{G}{G}G}bt}ataa{Z}aaatAs~B}dr,17.75898520084568
Cc1nccc(CN2C[C@@]3(C(=O)N(c4cncc5ccccc45)C[C@@H]3CNc3nnc(C(F)(F)F)s3)c3cc(Cl)ccc3C2=O)n1,Cc1nccc(CN2C[C@@]3(C(=O)N(c4cncc5ccccc45)C[C@@H]3CNc3nnc(C(F)(F)F)s3)c3cc(Cl)ccc3C2=O)n1,7.36,c1(C(F)(F)F)sc(NC[C@H]2CN(c3c4c(cccc4)cnc3)C(=O)[C@@]23CN(Cc2ccnc(C)n2)C(=O)c2ccc(Cl)cc23)nn1,Aardaaa{ADsA{A**}t{A{~B}D{auadaavaaaaauv}A{A**Q}tADatdda{A{G}{G}G}et}ataa{Z}aaatAs~B}dr,28.964059196617335
Cc1nccc(CN2C[C@@]3(C(=O)N(c4cncc5ccccc45)C[C@@H]3CNc3nnc(C)o3)c3cc(Cl)ccc3C2=O)n1,Cc1nccc(CN2C[C@@]3(C(=O)N(c4cncc5ccccc45)C[C@@H]3CNc3nnc(C)o3)c3cc(Cl)ccc3C2=O)n1,7.75,c1c2cncc(N3C[C@H](CNc4nnc(C)o4)[C@@]4(c5cc(Cl)ccc5C(=O)N(Cc5ccnc(C)n5)C4)C3=O)c2ccc1,Aardaaa{ADsA{A**}t{A{~B}D{auadaavaaaaauv}A{A**Q}tADatdda{A}bt}ataa{Z}aaatAs~B}dr,20.718816067653282
Cc1nccc(CN2C[C@@]3(C(=O)N(c4cncc5ccccc45)C[C@@H]3CNc3nnco3)c3cc(Cl)ccc3C2=O)n1,Cc1nccc(CN2C[C@@]3(C(=O)N(c4cncc5ccccc45)C[C@@H]3CNc3nnco3)c3cc(Cl)ccc3C2=O)n1,8.64,C(Nc1ocnn1)[C@@H]1[C@]2(CN(Cc3nc(C)ncc3)C(=O)c3ccc(Cl)cc32)C(=O)N(c2c3c(cccc3)cnc2)C1,Aardaaa{ADsA{A**}t{A{~B}D{auadaavaaaaauv}A{A**Q}tADatddabt}ataa{Z}aaatAs~B}dr,1.9027484143763183
Cc1nccc(CN2C[C@@]3(C(=O)N(c4cncc5ccccc45)C[C@@H]3CNc3nncs3)c3cc(Cl)ccc3C2=O)n1,Cc1nccc(CN2C[C@@]3(C(=O)N(c4cncc5ccccc45)C[C@@H]3CNc3nncs3)c3cc(Cl)ccc3C2=O)n1,8.6,c1cnc(C)nc1CN1C(=O)c2ccc(Cl)cc2[C@@]2([C@@H](CNc3scnn3)CN(c3cncc4ccccc34)C2=O)C1,Aardaaa{ADsA{A**}t{A{~B}D{auadaavaaaaauv}A{A**Q}tADatddaet}ataa{Z}aaatAs~B}dr,2.7484143763213695
Cc1nnc(CN2C[C@@]3(C(=O)N(c4cncc5ccccc45)C[C@@H]3CNc3ccncn3)c3cc(Cl)ccc3C2=O)o1,Cc1nnc(CN2C[C@@]3(C(=O)N(c4cncc5ccccc45)C[C@@H]3CNc3ccncn3)c3cc(Cl)ccc3C2=O)o1,7.54,C(N1C(=O)c2ccc(Cl)cc2[C@]2(C1)[C@@H](CNc1ccncn1)CN(c1cncc3ccccc31)C2=O)c1nnc(C)o1,Aardda{ADsA{A**}t{A{~B}D{auadaavaaaaauv}A{A**Q}tADataadadt}ataa{Z}aaatAs~B}br,25.1585623678647
Cc1nnc(NC[C@H]2CN(c3cncc4ccccc34)C(=O)[C@@]23CN(Cc2cc[nH]n2)C(=O)c2ccc(Cl)cc23)o1,Cc1nnc(NC[C@H]2CN(c3cncc4ccccc34)C(=O)[C@@]23CN(Cc2cc[nH]n2)C(=O)c2ccc(Cl)cc23)o1,7.68,[nH]1ccc(CN2C[C@]3(c4cc(Cl)ccc4C2=O)C(=O)N(c2c4ccccc4cnc2)C[C@@H]3CNc2nnc(C)o2)n1,Aardda{DA{A*Q}sAD{atadaauaaaaatu}A{~B}{A**}stAD{Aasaa{dQ}ds}A{~B}asaaa{Z}aast}br,22.198731501057097
Cc1nnc(NC[C@H]2CN(c3cncc4ccccc34)C(=O)[C@@]23CN(Cc2cc[nH]n2)C(=O)c2ccc(Cl)cc23)s1,Cc1nnc(NC[C@H]2CN(c3cncc4ccccc34)C(=O)[C@@]23CN(Cc2cc[nH]n2)C(=O)c2ccc(Cl)cc23)s1,7.62,N1(Cc2n[nH]cc2)C[C@@]2(C(=O)N(c3cncc4ccccc34)C[C@@H]2CNc2nnc(C)s2)c2cc(Cl)ccc2C1=O,Aardda{DA{A*Q}sAD{atadaauaaaaatu}A{~B}{A**}stAD{Aasaa{dQ}ds}A{~B}asaaa{Z}aast}er,23.467230443974636
Cc1nnc(Sc2cc(-c3ccccc3)nc3ncnn23)n1C,Cc1nnc(Sc2cc(-c3ccccc3)nc3ncnn23)n1C,5.2,c1nc2n(n1)c(Sc1n(C)c(C)nn1)cc(-c1ccccc1)n2,Aardda{Easaa{_ataaaaat}datdaddst}drA,74.63002114164904
Cc1nnc([C@H]2CCCCN2C(=O)Cc2cncc3ccccc23)o1,Cc1nnc([C@H]2CCCCN2C(=O)Cc2cncc3ccccc23)o1,4.01,Cc1nnc([C@@H]2N(C(Cc3cncc4ccccc34)=O)CCCC2)o1,Aardda{{A*Q}sAAAADsA{~B}Aasadaataaaaast}br,99.78858350951374
Cn1c(CNC(=O)c2cncc3ccccc23)nc2ccccc21,Cn1c(CNC(=O)c2cncc3ccccc23)nc2ccccc21,4.07,c1(C(NCc2n(C)c3c(n2)cccc3)=O)c2c(cnc1)cccc2,Adra{ADA{~B}asadaataaaaast}dasaaaaasr,98.52008456659618
Cn1c(Cc2ccccc2)nn(-c2cncc3ccccc23)c1=O,Cn1c(Cc2ccccc2)nn(-c2cncc3ccccc23)c1=O,5.04,c1ccc2c(-n3c(=O)n(C)c(Cc4ccccc4)n3)cncc2c1,Adra{Aasaaaaas}dd{_asadaataaaaast}ar~B,78.01268498942918
Cn1cc([C@H]2CCCCN2C(=O)Cc2cncc3ccccc23)cn1,Cn1cc([C@H]2CCCCN2C(=O)Cc2cncc3ccccc23)cn1,4.27,Cn1cc([C@H]2CCCCN2C(=O)Cc2c3c(cnc2)cccc3)cn1,Adraa{{A*Q}sAAAADsA{~B}Aasadaataaaaast}adr,94.29175475687106
Cn1cc([C@H]2CCCN2C(=O)Cc2cncc3ccccc23)c(C(F)F)n1,Cn1cc([C@H]2CCCN2C(=O)Cc2cncc3ccccc23)c(C(F)F)n1,4.31,n1cc2ccccc2c(CC(=O)N2CCC[C@@H]2c2cn(C)nc2C(F)F)c1,Adraa{{A*Q}sAAADsA{~B}Aasadaataaaaast}a{A{G}G}dr,93.44608879492601
Cn1cc([C@H]2CCCN2C(=O)Cc2cncc3ccccc23)c2ccccc21,Cn1cc([C@H]2CCCN2C(=O)Cc2cncc3ccccc23)c2ccccc21,4.76,c1ncc2ccccc2c1CC(N1[C@@H](c2cn(C)c3c2cccc3)CCC1)=O,Adraa{{A*Q}sAAADsA{~B}Aasadaataaaaast}asaaaaasr,83.9323467230444
Cn1cc([C@H]2CN(C(=O)Cc3cncc4ccccc34)CC2(C)C)cn1,Cn1cc([C@H]2CN(C(=O)Cc3cncc4ccccc34)CC2(C)C)cn1,4.34,n1cc(CC(N2C[C@H](c3cnn(C)c3)C(C)(C)C2)=O)c2ccccc2c1,Adraa{{A*Q}sAD{A{~B}Aatadaauaaaaatu}AAs{A}A}adr,92.81183932346724
Cn1ccc(CN2C[C@]3(CCN(c4cncc5ccccc45)C3=O)c3cc(Cl)ccc3C2=O)n1,Cn1ccc(CN2C[C@]3(CCN(c4cncc5ccccc45)C3=O)c3cc(Cl)ccc3C2=O)n1,5.865,c1cc2c(cc1Cl)[C@]1(C(=O)N(c3cncc4ccccc34)CC1)CN(Cc1ccn(C)n1)C2=O,Adraaa{ADsA{A*}t{AAD{auadaavaaaaauv}At~B}ataa{Z}aaatAs~B}dr,60.57082452431289
Cn1cccc1[C@H]1CCCCN1C(=O)Cc1cncc2ccccc12,Cn1cccc1[C@H]1CCCCN1C(=O)Cc1cncc2ccccc12,5.1,O=C(Cc1cncc2ccccc12)N1[C@@H](c2cccn2C)CCCC1,Adraaaar{A*Q}rAAAADrA{~B}Aaradaasaaaaars,76.74418604651163
Cn1cnc(CN2C[C@]3(CCN(c4cncc5ccccc45)C3=O)c3cc(Cl)ccc3C2=O)n1,Cn1cnc(CN2C[C@]3(CCN(c4cncc5ccccc45)C3=O)c3cc(Cl)ccc3C2=O)n1,5.25,C1N(c2c3ccccc3cnc2)C(=O)[C@@]2(CN(Cc3nn(C)cn3)C(=O)c3ccc(Cl)cc32)C1,Adrada{ADsA{A*}t{AAD{auadaavaaaaauv}At~B}ataa{Z}aaatAs~B}dr,73.57293868921776
Cn1cnc(Cn2c(=O)[nH]/c(=N\c3cc4cn(C)nc4cc3Cl)n(Cc3cc(F)c(F)cc3F)c2=O)n1,Cn1cnc(Cn2c(=O)[nH]/c(=N\c3cc4cn(C)nc4cc3Cl)n(Cc3cc(F)c(F)cc3F)c2=O)n1,8.43,C(c1nn(C)cn1)n1c(=O)[nH]/c(=N\c2cc3cn(C)nc3cc2Cl)n(Cc2c(F)cc(F)c(F)c2)c1=O,Adrada{Adsa{~B}{dQ}|a{~D!ataauad{A}dauaatZ}d{Aataa{G}a{G}aatG}as~B}dr,6.342494714587752
Cn1cnc2c1CCN(C(=O)Cc1cncc3ccccc13)C2,Cn1cnc2c1CCN(C(=O)Cc1cncc3ccccc13)C2,5.01,n1cn(C)c2c1CN(C(=O)Cc1cncc3c1cccc3)CC2,AdradasarAAD{A{~B}Aaradaataaaaart}As,78.64693446088795
Cn1cncc1[C@H]1CCCCN1C(=O)Cc1cncc2ccccc12,Cn1cncc1[C@H]1CCCCN1C(=O)Cc1cncc2ccccc12,4.11,c12ccccc1c(CC(N1CCCC[C@@H]1c1n(C)cnc1)=O)cnc2,Adradaar{A*Q}rAAAADrA{~B}Aaradaasaaaaars,97.67441860465115
Cn1ncc(C2CCC2)c1CNC(=O)c1cncc2ccccc12,Cn1ncc(C2CCC2)c1CNC(=O)c1cncc2ccccc12,4.25,n1(C)c(CNC(=O)c2c3ccccc3cnc2)c(C2CCC2)cn1,Adrdaa{AsAAAs}arADA{~B}aradaasaaaaars,94.71458773784356
Cn1ncc2cncc(NC(=O)[C@H]3CNS(=O)(=O)c4ccc(Cl)cc43)c21,Cn1ncc2cncc(NC(=O)[C@H]3CNS(=O)(=O)c4ccc(Cl)cc43)c21,5.565,n1n(C)c2c(NC(=O)[C@H]3CNS(=O)(=O)c4ccc(Cl)cc43)cncc2c1,Adrdaasadaa{DA{~B}{A*Q}tADE{~B}{~B}auaaa{Z}aaut}asr,66.91331923890063
Cn1nccc1C[C@H]1CCCN1C(=O)Cc1cncc2ccccc12,Cn1nccc1C[C@H]1CCCN1C(=O)Cc1cncc2ccccc12,4.12,c1nn(C)c(C[C@H]2CCCN2C(=O)Cc2cncc3ccccc23)c1,AdrdaaarA{A*Q}rAAADrA{~B}Aaradaasaaaaars,97.46300211416491
Cn1nccc1[C@H]1CCCCN1C(=O)Cc1cncc2ccccc12,Cn1nccc1[C@H]1CCCCN1C(=O)Cc1cncc2ccccc12,4.42,N1(C(=O)Cc2cncc3ccccc32)[C@@H](c2n(C)ncc2)CCCC1,Adrdaaar{A*Q}rAAAADrA{~B}Aaradaasaaaaars,91.12050739957716
Cn1nccc1[C@H]1CCCN1C(=O)Cc1cncc2ccccc12,Cn1nccc1[C@H]1CCCN1C(=O)Cc1cncc2ccccc12,4.26,c1([C@H]2CCCN2C(=O)Cc2c3ccccc3cnc2)n(C)ncc1,Adrdaaar{A*Q}rAAADrA{~B}Aaradaasaaaaars,94.5031712473573
Cn1nccc1[C@H]1CCN(C(=O)Cc2cncc3ccccc23)C1,Cn1nccc1[C@H]1CCN(C(=O)Cc2cncc3ccccc23)C1,4.26,C1[C@@H](c2ccnn2C)CCN1C(=O)Cc1c2ccccc2cnc1,Adrdaaar{A*Q}rAAD{A{~B}Aasadaataaaaast}Ar,94.5031712473573
Cn1nnc(CN2C[C@]3(CCN(c4cncc5ccccc45)C3=O)c3cc(Cl)ccc3C2=O)n1,Cn1nnc(CN2C[C@]3(CCN(c4cncc5ccccc45)C3=O)c3cc(Cl)ccc3C2=O)n1,5.29,n1(C)nnc(CN2C(=O)c3c(cc(Cl)cc3)[C@@]3(C2)C(=O)N(c2c4ccccc4cnc2)CC3)n1,Adrdda{ADsA{A*}t{AAD{auadaavaaaaauv}At~B}ataa{Z}aaatAs~B}dr,72.72727272727273
Cn1nncc1[C@H]1CCCCN1C(=O)Cc1cncc2ccccc12,Cn1nncc1[C@H]1CCCCN1C(=O)Cc1cncc2ccccc12,4.15,n1ncc([C@H]2CCCCN2C(=O)Cc2c3c(cccc3)cnc2)n1C,Adrddaar{A*Q}rAAAADrA{~B}Aaradaasaaaaars,96.82875264270612
Cn1nnnc1CN1C[C@]2(CCN(c3cncc4ccccc34)C2=O)c2cc(Cl)ccc2C1=O,Cn1nnnc1CN1C[C@]2(CCN(c3cncc4ccccc34)C2=O)c2cc(Cl)ccc2C1=O,5.21,c12c(ccc(Cl)c1)C(=O)N(Cc1n(C)nnn1)C[C@]21CCN(c2c3c(cnc2)cccc3)C1=O,AdrdddarADrA{A*}s{AAD{atadaauaaaaatu}As~B}asaa{Z}aaasAr~B,74.4186046511628
N#CC1(N(C(=O)Cc2cncc3ccccc23)c2ccccc2)CCCCC1,N#CC1(N(C(=O)Cc2cncc3ccccc23)c2ccccc2)CCCCC1,4.85,c12cncc(CC(N(c3ccccc3)C3(C#N)CCCCC3)=O)c1cccc2,D^AAr{D{A{~B}Aasadaataaaaast}asaaaaas}AAAAAr,82.02959830866808
N#CC1(c2ccccc2)CCN(C(=O)Cc2cncc3ccccc23)CC1,N#CC1(c2ccccc2)CCN(C(=O)Cc2cncc3ccccc23)CC1,5.36,c1c2ccccc2c(CC(N2CCC(c3ccccc3)(C#N)CC2)=O)cn1,D^AAr{asaaaaas}AAD{A{~B}Aasadaataaaaast}AAr,71.24735729386892
N#CC1CC2(CCN(C(=O)Cc3cncc4ccccc34)C2)C1,N#CC1CC2(CCN(C(=O)Cc3cncc4ccccc34)C2)C1,4.06,N#CC1CC2(CN(C(Cc3cncc4ccccc34)=O)CC2)C1,D^AArAAs{AAD{A{~B}Aatadaauaaaaatu}As}Ar,98.73150105708245
N#CC1CCN(C(=O)Cc2cncc3ccccc23)CC1,N#CC1CCN(C(=O)Cc2cncc3ccccc23)CC1,4.74,c12c(cncc1CC(=O)N1CCC(C#N)CC1)cccc2,D^AArAAD{A{~B}Aasadaataaaaast}AAr,84.3551797040169
N#CC1[C@H]2CC[C@H]1CN(C(=O)Cc1cncc3ccccc13)C2,N#CC1[C@H]2CC[C@H]1CN(C(=O)Cc1cncc3ccccc13)C2,4.86,c12c(CC(N3C[C@H]4C(C#N)[C@@H](CC4)C3)=O)cncc1cccc2,D^AAr{A*Q}sAA{A*Q}rAD{A{~B}Aaradaataaaaart}As,81.81818181818181
N#CC[C@@H]1CCCN(C(=O)Cc2cncc3ccccc23)C1,N#CC[C@@H]1CCCN(C(=O)Cc2cncc3ccccc23)C1,4.34,O=C(N1C[C@H](CC#N)CCC1)Cc1c2ccccc2cnc1,D^AA{A**Q}rAAAD{A{~B}Aasadaataaaaast}Ar,92.81183932346724
N#CC[C@H]1CCCN(C(=O)Cc2cncc3ccccc23)C1,N#CC[C@H]1CCCN(C(=O)Cc2cncc3ccccc23)C1,4.83,c1cc2c(c(CC(=O)N3CCC[C@H](CC#N)C3)cnc2)cc1,D^AA{A*Q}rAAAD{A{~B}Aasadaataaaaast}Ar,82.4524312896406
N#CCc1ccc(N(Cc2cccc(Cl)c2)C(=O)Cc2cncc3ccccc23)cc1,N#CCc1ccc(N(Cc2cccc(Cl)c2)C(=O)Cc2cncc3ccccc23)cc1,6.03,N(C(=O)Cc1c2c(cccc2)cnc1)(Cc1cc(Cl)ccc1)c1ccc(CC#N)cc1,D^AAaraaa{D{Aasaaaa{Z}as}A{~B}Aasadaataaaaast}aar,57.08245243128964
N#C[C@H](c1ccccc1)[C@H]1CCCN1C(=O)Cc1cncc2ccccc12,N#C[C@H](c1ccccc1)[C@H]1CCCN1C(=O)Cc1cncc2ccccc12,4.46,C1N(C(=O)Cc2c3c(cnc2)cccc3)[C@@H]([C@@H](c2ccccc2)C#N)CC1,D^A{A*Q}{araaaaar}{A*Q}rAAADrA{~B}Aaradaasaaaaars,90.27484143763213
N#Cc1ccc(N(Cc2cccc(Cl)c2)C(=O)Cc2cncc3ccccc23)cc1,N#Cc1ccc(N(Cc2cccc(Cl)c2)C(=O)Cc2cncc3ccccc23)cc1,5.37,c1cc2c(CC(=O)N(c3ccc(C#N)cc3)Cc3cccc(Cl)c3)cncc2cc1,D^Aaraaa{D{Aasaaaa{Z}as}A{~B}Aasadaataaaaast}aar,71.03594080338267
N#Cc1ccc(N(Cc2ccccc2)C(=O)Cc2cncc3ccccc23)cc1,N#Cc1ccc(N(Cc2ccccc2)C(=O)Cc2cncc3ccccc23)cc1,4.89,c1(CN(C(=O)Cc2cncc3c2cccc3)c2ccc(C#N)cc2)ccccc1,D^Aaraaa{D{Aasaaaaas}A{~B}Aasadaataaaaast}aar,81.18393234672305
N#Cc1ccc2c(c1)Oc1c(F)cccc1CN2C(=O)Cc1cncc2ccccc12,N#Cc1ccc2c(c1)Oc1c(F)cccc1CN2C(=O)Cc1cncc2ccccc12,4.81,c1c2c(cncc2CC(=O)N2c3c(cc(C#N)cc3)Oc3c(F)cccc3C2)ccc1,D^Aaraaasa{ar}Bara{G}aaaarADsA{~B}Aaradaasaaaaars,82.87526427061312
N#Cc1cccc(NC(=O)Cc2cncc3ccccc23)c1,N#Cc1cccc(NC(=O)Cc2cncc3ccccc23)c1,4.5,c1(NC(Cc2cncc3ccccc32)=O)cc(C#N)ccc1,D^Aaraaaa{DA{~B}Aasadaataaaaast}ar,89.4291754756871
N=C(N)NCCc1ccc(OC(=O)Nc2ccccc2)cc1,N=C(N)NCCc1ccc(OC(=O)Nc2ccccc2)cc1,4.8,C(N)(=N)NCCc1ccc(OC(Nc2ccccc2)=O)cc1,D~A{D}DAAaraaa{BA{~B}Dasaaaaas}aar,83.08668076109937
N=C(N)NCc1ccc(OC(=O)Nc2ccccc2)cc1,N=C(N)NCc1ccc(OC(=O)Nc2ccccc2)cc1,5.13,c1c(OC(=O)Nc2ccccc2)ccc(CNC(=N)N)c1,D~A{D}DAaraaa{BA{~B}Dasaaaaas}aar,76.10993657505286
N=C(N)Nc1ccc(OC(=O)Nc2ccccc2)cc1,N=C(N)Nc1ccc(OC(=O)Nc2ccccc2)cc1,5.68,c1cc(NC(N)=N)ccc1OC(=O)Nc1ccccc1,D~A{D}Daraaa{BA{~B}Dasaaaaas}aar,64.48202959830867
NC(=O)CN(Cc1cccc(Cl)c1)C(=O)Cc1cncc2ccccc12,NC(=O)CN(Cc1cccc(Cl)c1)C(=O)Cc1cncc2ccccc12,5.48,C(N)(CN(C(=O)Cc1cncc2ccccc21)Cc1cccc(Cl)c1)=O,DA{~B}AD{Aaraaaa{Z}ar}A{~B}Aaradaasaaaaars,68.71035940803382
NC(=O)[C@H]1CCCN(C(=O)Cc2cncc3ccccc23)C1,NC(=O)[C@H]1CCCN(C(=O)Cc2cncc3ccccc23)C1,4.06,[C@H]1(C(N)=O)CCCN(C(=O)Cc2c3ccccc3cnc2)C1,DA{~B}{A*Q}rAAAD{A{~B}Aasadaataaaaast}Ar,98.73150105708245
NC(=O)c1ccc2c(c1)[C@]1(CCO2)NC(=O)N(c2cncc3ccccc23)C1=O,NC(=O)c1ccc2c(c1)[C@]1(CCO2)NC(=O)N(c2cncc3ccccc23)C1=O,4.85,C1C[C@@]2(c3cc(C(=O)N)ccc3O1)NC(=O)N(c1cncc3ccccc13)C2=O,DA{~B}araaasa{ar}{A*}r{AABs}DA{~B}D{asadaataaaaast}Ar~B,82.02959830866808
NS(=O)(=O)OCC(=O)N1CCN(S(=O)(=O)c2ccsc2)[C@H](C(=O)NCc2ccccn2)C1,NS(=O)(=O)OCC(=O)N1CCN(S(=O)(=O)c2ccsc2)[C@H](C(=O)NCc2ccccn2)C1,4.09,S(OCC(N1CCN(S(c2ccsc2)(=O)=O)[C@H](C(NCc2ccccn2)=O)C1)=O)(=O)(=O)N,DE{~B}{~B}BAA{~B}DrAAD{E{~B}{~B}asaaeas}{A*Q}{A{~B}DAasaaaads}Ar,98.09725158562368
NS(=O)(=O)c1ccc2c(c1)[C@]1(CCO2)NC(=O)N(c2cncc3ccccc23)C1=O,NS(=O)(=O)c1ccc2c(c1)[C@]1(CCO2)NC(=O)N(c2cncc3ccccc23)C1=O,4.65,c1c2c(N3C(=O)N[C@@]4(c5cc(S(N)(=O)=O)ccc5OCC4)C3=O)cncc2ccc1,DE{~B}{~B}araaasa{ar}{A*}r{AABs}DA{~B}D{asadaataaaaast}Ar~B,86.25792811839322
O=C(CCl)N1CCN(Cc2cccc(Cl)c2)[C@H]2CS(=O)(=O)C[C@H]21,O=C(CCl)N1CCN(Cc2cccc(Cl)c2)[C@H]2CS(=O)(=O)C[C@H]21,7.26,c1c(Cl)cc(CN2CCN(C(=O)CCl)[C@@H]3CS(=O)(=O)C[C@@H]32)cc1,B~A{AZ}DrAAD{Aasaaaa{Z}as}{A*Q}sAE{~B}{~B}A{A*Q}sr,31.078224101479925
O=C(CN(Cc1cccc(Cl)c1)C(=O)Cc1cncc2ccccc12)N1CCCC1,O=C(CN(Cc1cccc(Cl)c1)C(=O)Cc1cncc2ccccc12)N1CCCC1,5.75,n1cc2ccccc2c(CC(=O)N(CC(N2CCCC2)=O)Cc2cccc(Cl)c2)c1,B~A{AD{Aaraaaa{Z}ar}A{~B}Aaradaasaaaaars}DrAAAAr,63.00211416490487
O=C(CN1Cc2ccc(Cl)cc2[C@H](C(=O)Nc2cncc3ccccc23)C1)NC(c1ccccc1)c1ccccc1,O=C(CN1Cc2ccc(Cl)cc2[C@H](C(=O)Nc2cncc3ccccc23)C1)NC(c1ccccc1)c1ccccc1,7.04,C(c1ccccc1)(c1ccccc1)NC(CN1C[C@@H](C(Nc2c3ccccc3cnc2)=O)c2cc(Cl)ccc2C1)=O,B~A{ADrAasaaa{Z}aas{A*Q}{A{~B}Dasadaataaaaast}Ar}DA{araaaaar}araaaaar,35.729386892177594
O=C(CN1Cc2ccc(Cl)cc2[C@H](C(=O)Nc2cncc3ccccc23)C1)NCCCCCCCOc1cccc2c1C(=O)N([C@H]1CCC(=O)NC1=O)C2=O,O=C(CN1Cc2ccc(Cl)cc2[C@H](C(=O)Nc2cncc3ccccc23)C1)NCCCCCCCOc1cccc2c1C(=O)N([C@H]1CCC(=O)NC1=O)C2=O,6.81,C(CCOc1c2c(ccc1)C(=O)N([C@@H]1C(=O)NC(=O)CC1)C2=O)CCCCNC(CN1Cc2c(cc(Cl)cc2)[C@H](C(Nc2c3c(cccc3)cnc2)=O)C1)=O,B~A{ADrAasaaa{Z}aas{A*Q}{A{~B}Dasadaataaaaast}Ar}DAAAAAAABaraaaasarA{~B}D{{A*Q}rAAA{~B}DAr~B}As~B,40.591966173361534
O=C(CN1Cc2ccc(Cl)cc2[C@H](C(=O)Nc2cncc3ccccc23)C1)NCCCCCOc1cccc2c1C(=O)N([C@H]1CCC(=O)NC1=O)C2=O,O=C(CN1Cc2ccc(Cl)cc2[C@H](C(=O)Nc2cncc3ccccc23)C1)NCCCCCOc1cccc2c1C(=O)N([C@H]1CCC(=O)NC1=O)C2=O,7.23,c1ccc2c(NC([C@@H]3CN(CC(=O)NCCCCCOc4c5c(ccc4)C(=O)N([C@@H]4C(=O)NC(=O)CC4)C5=O)Cc4ccc(Cl)cc43)=O)cncc2c1,B~A{ADrAasaaa{Z}aas{A*Q}{A{~B}Dasadaataaaaast}Ar}DAAAAABaraaaasarA{~B}D{{A*Q}rAAA{~B}DAr~B}As~B,31.712473572938688
O=C(CN1Cc2ccc(Cl)cc2[C@H](C(=O)Nc2cncc3ccccc23)C1)NCCOCCOCCOCCNc1cccc2c1C(=O)N([C@H]1CCC(=O)NC1=O)C2=O,O=C(CN1Cc2ccc(Cl)cc2[C@H](C(=O)Nc2cncc3ccccc23)C1)NCCOCCOCCOCCNc1cccc2c1C(=O)N([C@H]1CCC(=O)NC1=O)C2=O,6.14,c12ccc(Cl)cc1[C@H](C(=O)Nc1cncc3c1cccc3)CN(CC(NCCOCCOCCOCCNc1c3c(ccc1)C(=O)N([C@@H]1C(=O)NC(=O)CC1)C3=O)=O)C2,B~A{ADrAasaaa{Z}aas{A*Q}{A{~B}Dasadaataaaaast}Ar}DAABAABAABAADaraaaasarA{~B}D{{A*Q}rAAA{~B}DAr~B}As~B,54.75687103594081
O=C(CN1Cc2ccc(Cl)cc2[C@H](C(=O)Nc2cncc3ccccc23)C1)NCCOCCOCCOCCOCCOc1cccc2c1C(=O)N([C@H]1CCC(=O)NC1=O)C2=O,O=C(CN1Cc2ccc(Cl)cc2[C@H](C(=O)Nc2cncc3ccccc23)C1)NCCOCCOCCOCCOCCOc1cccc2c1C(=O)N([C@H]1CCC(=O)NC1=O)C2=O,6.35,O(CCOCCNC(=O)CN1Cc2ccc(Cl)cc2[C@H](C(=O)Nc2cncc3c2cccc3)C1)CCOCCOCCOc1c2c(ccc1)C(=O)N([C@@H]1C(=O)NC(=O)CC1)C2=O,B~A{ADrAasaaa{Z}aas{A*Q}{A{~B}Dasadaataaaaast}Ar}DAABAABAABAABAABaraaaasarA{~B}D{{A*Q}rAAA{~B}DAr~B}As~B,50.3171247357294
O=C(CN1Cc2ccc(Cl)cc2[C@H](C(=O)Nc2cncc3ccccc23)C1)NCCOCCOCCOCCOc1cccc2c1C(=O)N([C@H]1CCC(=O)NC1=O)C2=O,O=C(CN1Cc2ccc(Cl)cc2[C@H](C(=O)Nc2cncc3ccccc23)C1)NCCOCCOCCOCCOc1cccc2c1C(=O)N([C@H]1CCC(=O)NC1=O)C2=O,6.47,c1cc2c(c(OCCOCCOCCOCCNC(CN3Cc4c(cc(Cl)cc4)[C@H](C(=O)Nc4c5c(cnc4)cccc5)C3)=O)c1)C(=O)N([C@@H]1C(=O)NC(=O)CC1)C2=O,B~A{ADrAasaaa{Z}aas{A*Q}{A{~B}Dasadaataaaaast}Ar}DAABAABAABAABaraaaasarA{~B}D{{A*Q}rAAA{~B}DAr~B}As~B,47.7801268498943
O=C(CN1Cc2ccc(Cl)cc2[C@H](C(=O)Nc2cncc3ccccc23)C1)NCCOCCOCCOc1cccc2c1C(=O)N([C@H]1CCC(=O)NC1=O)C2=O,O=C(CN1Cc2ccc(Cl)cc2[C@H](C(=O)Nc2cncc3ccccc23)C1)NCCOCCOCCOc1cccc2c1C(=O)N([C@H]1CCC(=O)NC1=O)C2=O,5.9,c1ccc2c(c1OCCOCCOCCNC(CN1C[C@@H](C(Nc3c4ccccc4cnc3)=O)c3c(ccc(Cl)c3)C1)=O)C(=O)N([C@@H]1C(=O)NC(=O)CC1)C2=O,B~A{ADrAasaaa{Z}aas{A*Q}{A{~B}Dasadaataaaaast}Ar}DAABAABAABaraaaasarA{~B}D{{A*Q}rAAA{~B}DAr~B}As~B,59.83086680761099
O=C(CN1Cc2ccc(Cl)cc2[C@H](C(=O)Nc2cncc3ccccc23)C1)NCCc1ccc(C(F)(F)F)cc1,O=C(CN1Cc2ccc(Cl)cc2[C@H](C(=O)Nc2cncc3ccccc23)C1)NCCc1ccc(C(F)(F)F)cc1,7.15,N(CCc1ccc(C(F)(F)F)cc1)C(CN1C[C@@H](C(Nc2c3c(cccc3)cnc2)=O)c2c(ccc(Cl)c2)C1)=O,B~A{ADrAasaaa{Z}aas{A*Q}{A{~B}Dasadaataaaaast}Ar}DAAaraaa{A{G}{G}G}aar,33.40380549682875
O=C(CN1Cc2ccc(Cl)cc2[C@H](C(=O)Nc2cncc3ccccc23)C1)NCCc1ccc(C(F)F)cc1,O=C(CN1Cc2ccc(Cl)cc2[C@H](C(=O)Nc2cncc3ccccc23)C1)NCCc1ccc(C(F)F)cc1,7.3,n1cc(NC([C@H]2c3cc(Cl)ccc3CN(CC(=O)NCCc3ccc(C(F)F)cc3)C2)=O)c2ccccc2c1,B~A{ADrAasaaa{Z}aas{A*Q}{A{~B}Dasadaataaaaast}Ar}DAAaraaa{A{G}G}aar,30.23255813953489
O=C(CN1Cc2ccc(Cl)cc2[C@H](C(=O)Nc2cncc3ccccc23)C1)NCCc1ccc(Cl)c(Cl)c1,O=C(CN1Cc2ccc(Cl)cc2[C@H](C(=O)Nc2cncc3ccccc23)C1)NCCc1ccc(Cl)c(Cl)c1,7.15,c12cncc(NC(=O)[C@H]3c4cc(Cl)ccc4CN(CC(NCCc4ccc(Cl)c(Cl)c4)=O)C3)c1cccc2,B~A{ADrAasaaa{Z}aas{A*Q}{A{~B}Dasadaataaaaast}Ar}DAAaraaa{Z}a{Z}ar,33.40380549682875
O=C(CN1Cc2ccc(Cl)cc2[C@H](C(=O)Nc2cncc3ccccc23)C1)NCCc1ccc(Cl)cc1Cl,O=C(CN1Cc2ccc(Cl)cc2[C@H](C(=O)Nc2cncc3ccccc23)C1)NCCc1ccc(Cl)cc1Cl,6.97,c1(Cl)cc(Cl)ccc1CCNC(=O)CN1C[C@@H](C(=O)Nc2cncc3ccccc23)c2cc(Cl)ccc2C1,B~A{ADrAasaaa{Z}aas{A*Q}{A{~B}Dasadaataaaaast}Ar}DAAaraaa{Z}aarZ,37.209302325581405
O=C(CN1Cc2ccc(Cl)cc2[C@H](C(=O)Nc2cncc3ccccc23)C1)NCCc1cccc(Cl)c1,O=C(CN1Cc2ccc(Cl)cc2[C@H](C(=O)Nc2cncc3ccccc23)C1)NCCc1cccc(Cl)c1,7.21,c1(NC([C@H]2c3c(ccc(Cl)c3)CN(CC(NCCc3cc(Cl)ccc3)=O)C2)=O)cncc2c1cccc2,B~A{ADrAasaaa{Z}aas{A*Q}{A{~B}Dasadaataaaaast}Ar}DAAaraaaa{Z}ar,32.135306553911214
O=C(CN1Cc2ccc(Cl)cc2[C@H](C(=O)Nc2cncc3ccccc23)C1)NCc1c(Cl)cccc1Cl,O=C(CN1Cc2ccc(Cl)cc2[C@H](C(=O)Nc2cncc3ccccc23)C1)NCc1c(Cl)cccc1Cl,6.75,C(NCc1c(Cl)cccc1Cl)(CN1C[C@@H](C(=O)Nc2cncc3ccccc23)c2c(ccc(Cl)c2)C1)=O,B~A{ADrAasaaa{Z}aas{A*Q}{A{~B}Dasadaataaaaast}Ar}DAara{Z}aaaarZ,41.86046511627908
O=C(CN1Cc2ccc(Cl)cc2[C@H](C(=O)Nc2cncc3ccccc23)C1)NCc1cc(Cl)cc(Cl)c1,O=C(CN1Cc2ccc(Cl)cc2[C@H](C(=O)Nc2cncc3ccccc23)C1)NCc1cc(Cl)cc(Cl)c1,7.16,C(N1C[C@@H](C(=O)Nc2cncc3ccccc32)c2cc(Cl)ccc2C1)C(NCc1cc(Cl)cc(Cl)c1)=O,B~A{ADrAasaaa{Z}aas{A*Q}{A{~B}Dasadaataaaaast}Ar}DAaraa{Z}aa{Z}ar,33.192389006342495
O=C(CN1Cc2ccc(Cl)cc2[C@H](C(=O)Nc2cncc3ccccc23)C1)NCc1ccc(Br)cc1,O=C(CN1Cc2ccc(Cl)cc2[C@H](C(=O)Nc2cncc3ccccc23)C1)NCc1ccc(Br)cc1,6.86,c1ccc2c(cncc2NC([C@@H]2CN(CC(=O)NCc3ccc(Br)cc3)Cc3c2cc(Cl)cc3)=O)c1,B~A{ADrAasaaa{Z}aas{A*Q}{A{~B}Dasadaataaaaast}Ar}DAaraaa{Y}aar,39.53488372093023
O=C(CN1Cc2ccc(Cl)cc2[C@H](C(=O)Nc2cncc3ccccc23)C1)NCc1ccc(CCO)cc1,O=C(CN1Cc2ccc(Cl)cc2[C@H](C(=O)Nc2cncc3ccccc23)C1)NCc1ccc(CCO)cc1,7.1,c1c2c(c(NC(=O)[C@H]3c4c(ccc(Cl)c4)CN(CC(=O)NCc4ccc(CCO)cc4)C3)cn1)cccc2,B~A{ADrAasaaa{Z}aas{A*Q}{A{~B}Dasadaataaaaast}Ar}DAaraaa{AAB}aar,34.460887949260055
O=C(CN1Cc2ccc(Cl)cc2[C@H](C(=O)Nc2cncc3ccccc23)C1)NCc1ccc(F)cc1,O=C(CN1Cc2ccc(Cl)cc2[C@H](C(=O)Nc2cncc3ccccc23)C1)NCc1ccc(F)cc1,7.11,c1c2c(cc(Cl)c1)[C@H](C(Nc1cncc3ccccc13)=O)CN(CC(NCc1ccc(F)cc1)=O)C2,B~A{ADrAasaaa{Z}aas{A*Q}{A{~B}Dasadaataaaaast}Ar}DAaraaa{G}aar,34.24947145877378
O=C(CN1Cc2ccc(Cl)cc2[C@H](C(=O)Nc2cncc3ccccc23)C1)NCc1ccc2c(c1)OCO2,O=C(CN1Cc2ccc(Cl)cc2[C@H](C(=O)Nc2cncc3ccccc23)C1)NCc1ccc2c(c1)OCO2,6.95,n1cc2c(c(NC(=O)[C@@H]3CN(CC(NCc4cc5c(cc4)OCO5)=O)Cc4ccc(Cl)cc43)c1)cccc2,B~A{ADrAasaaa{Z}aas{A*Q}{A{~B}Dasadaataaaaast}Ar}DAaraaasa{ar}BABs,37.63213530655391
O=C(CN1Cc2ccc(Cl)cc2[C@H](C(=O)Nc2cncc3ccccc23)C1)NCc1cccc(Br)c1,O=C(CN1Cc2ccc(Cl)cc2[C@H](C(=O)Nc2cncc3ccccc23)C1)NCc1cccc(Br)c1,7.35,C1c2ccc(Cl)cc2[C@H](C(Nc2c3c(cccc3)cnc2)=O)CN1CC(=O)NCc1cc(Br)ccc1,B~A{ADrAasaaa{Z}aas{A*Q}{A{~B}Dasadaataaaaast}Ar}DAaraaaa{Y}ar,29.17547568710361
O=C(CN1Cc2ccc(Cl)cc2[C@H](C(=O)Nc2cncc3ccccc23)C1)NCc1cccc(Cl)c1,O=C(CN1Cc2ccc(Cl)cc2[C@H](C(=O)Nc2cncc3ccccc23)C1)NCc1cccc(Cl)c1,7.02,C(c1cccc(Cl)c1)NC(=O)CN1Cc2c(cc(Cl)cc2)[C@H](C(Nc2cncc3ccccc32)=O)C1,B~A{ADrAasaaa{Z}aas{A*Q}{A{~B}Dasadaataaaaast}Ar}DAaraaaa{Z}ar,36.15221987315012
O=C(CN1Cc2ccc(Cl)cc2[C@H](C(=O)Nc2cncc3ccccc23)C1)NCc1cccc(F)c1,O=C(CN1Cc2ccc(Cl)cc2[C@H](C(=O)Nc2cncc3ccccc23)C1)NCc1cccc(F)c1,7.14,c1c(CNC(=O)CN2Cc3c(cc(Cl)cc3)[C@H](C(=O)Nc3c4c(cnc3)cccc4)C2)cccc1F,B~A{ADrAasaaa{Z}aas{A*Q}{A{~B}Dasadaataaaaast}Ar}DAaraaaa{G}ar,33.615221987315024
O=C(CN1Cc2ccc(Cl)cc2[C@H](C(=O)Nc2cncc3ccccc23)C1)NCc1ccccc1,O=C(CN1Cc2ccc(Cl)cc2[C@H](C(=O)Nc2cncc3ccccc23)C1)NCc1ccccc1,7.22,C1N(CC(=O)NCc2ccccc2)Cc2c(cc(Cl)cc2)[C@@H]1C(=O)Nc1cncc2ccccc21,B~A{ADrAasaaa{Z}aas{A*Q}{A{~B}Dasadaataaaaast}Ar}DAaraaaaar,31.923890063424956
O=C(CN1Cc2ccc(Cl)cc2[C@H](C(=O)Nc2cncc3ccccc23)C1)Nc1ccc(C(F)(F)F)cn1,O=C(CN1Cc2ccc(Cl)cc2[C@H](C(=O)Nc2cncc3ccccc23)C1)Nc1ccc(C(F)(F)F)cn1,6.39,N(C([C@@H]1CN(CC(=O)Nc2ccc(C(F)(F)F)cn2)Cc2ccc(Cl)cc21)=O)c1c2ccccc2cnc1,B~A{ADrAasaaa{Z}aas{A*Q}{A{~B}Dasadaataaaaast}Ar}Daraaa{A{G}{G}G}adr,49.47145877378437
O=C(CN1Cc2ccc(Cl)cc2[C@H](C(=O)Nc2cncc3ccccc23)C1)Nc1ccc(N2CCOCC2=O)cc1,O=C(CN1Cc2ccc(Cl)cc2[C@H](C(=O)Nc2cncc3ccccc23)C1)Nc1ccc(N2CCOCC2=O)cc1,7.17,N(C(CN1C[C@@H](C(Nc2c3c(cnc2)cccc3)=O)c2cc(Cl)ccc2C1)=O)c1ccc(N2C(=O)COCC2)cc1,B~A{ADrAasaaa{Z}aas{A*Q}{A{~B}Dasadaataaaaast}Ar}Daraaa{DsAABAAs~B}aar,32.980972515856244
O=C(CN1Cc2ccc(Cl)cc2[C@H](C(=O)Nc2cncc3ccccc23)C1)Nc1ccc2scnc2c1,O=C(CN1Cc2ccc(Cl)cc2[C@H](C(=O)Nc2cncc3ccccc23)C1)Nc1ccc2scnc2c1,6.93,c1cccc2c1c(NC(=O)[C@H]1c3c(ccc(Cl)c3)CN(CC(=O)Nc3cc4ncsc4cc3)C1)cnc2,B~A{ADrAasaaa{Z}aas{A*Q}{A{~B}Dasadaataaaaast}Ar}Daraaaseadasar,38.054968287526435
O=C(CN1Cc2ccc(Cl)cc2[C@H](C(=O)Nc2cncc3ccccc23)C1)Nc1ccccc1,O=C(CN1Cc2ccc(Cl)cc2[C@H](C(=O)Nc2cncc3ccccc23)C1)Nc1ccccc1,7.01,c1ccc(NC(=O)CN2C[C@@H](C(Nc3cncc4ccccc43)=O)c3cc(Cl)ccc3C2)cc1,B~A{ADrAasaaa{Z}aas{A*Q}{A{~B}Dasadaataaaaast}Ar}Daraaaaar,36.363636363636374
O=C(COS(=O)(=O)N1CCOCC1)N1CCN(Cc2cccc(Cl)c2)[C@H]2CCCC[C@H]21,O=C(COS(=O)(=O)N1CCOCC1)N1CCN(Cc2cccc(Cl)c2)[C@H]2CCCC[C@H]21,5.88,C1C[C@H]2N(C(=O)COS(N3CCOCC3)(=O)=O)CCN(Cc3cccc(Cl)c3)[C@H]2CC1,B~A{ABE{~B}{~B}DrAABAAr}DrAAD{Aasaaaa{Z}as}{A*Q}sAAAA{A*Q}sr,60.25369978858352
O=C(COS(=O)(=O)N1CCOCC1)N1CCN(Cc2cccc(Cl)c2)[C@H]2CS(=O)(=O)C[C@H]21,O=C(COS(=O)(=O)N1CCOCC1)N1CCN(Cc2cccc(Cl)c2)[C@H]2CS(=O)(=O)C[C@H]21,6.62,C1N(C(=O)COS(=O)(=O)N2CCOCC2)[C@H]2[C@@H](N(Cc3cc(Cl)ccc3)C1)CS(=O)(=O)C2,B~A{ABE{~B}{~B}DrAABAAr}DrAAD{Aasaaaa{Z}as}{A*Q}sAE{~B}{~B}A{A*Q}sr,44.60887949260042
O=C(COS(=O)(=O)NCc1ccccc1)N1CCN(Cc2cccc(Cl)c2)[C@H]2CS(=O)(=O)C[C@@H]21,O=C(COS(=O)(=O)NCc1ccccc1)N1CCN(Cc2cccc(Cl)c2)[C@H]2CS(=O)(=O)C[C@@H]21,4.93,c1(Cl)cccc(CN2[C@@H]3[C@@H](N(C(COS(NCc4ccccc4)(=O)=O)=O)CC2)CS(=O)(=O)C3)c1,B~A{ABE{~B}{~B}DAaraaaaar}DrAAD{Aasaaaa{Z}as}{A*Q}sAE{~B}{~B}A{A**Q}sr,80.33826638477802
O=C(COS(=O)(=O)NCc1ccccc1)N1CCN(Cc2cccc(Cl)c2)[C@H]2CS(=O)(=O)C[C@H]21,O=C(COS(=O)(=O)NCc1ccccc1)N1CCN(Cc2cccc(Cl)c2)[C@H]2CS(=O)(=O)C[C@H]21,5.55,C(=O)(N1[C@H]2[C@@H](N(Cc3cccc(Cl)c3)CC1)CS(=O)(=O)C2)COS(=O)(NCc1ccccc1)=O,B~A{ABE{~B}{~B}DAaraaaaar}DrAAD{Aasaaaa{Z}as}{A*Q}sAE{~B}{~B}A{A*Q}sr,67.23044397463002
O=C(C[C@H]1CCCC(F)(F)C1)Nc1cncc2ccccc12,O=C(C[C@H]1CCCC(F)(F)C1)Nc1cncc2ccccc12,5.23,c1c2c(c(NC(C[C@H]3CCCC(F)(F)C3)=O)cnc2)ccc1,B~A{A{A*Q}rAAAA{G}{G}Ar}Daradaasaaaaars,73.99577167019027
O=C(Cc1c(F)ccc(F)c1F)Nc1cncc2ccccc12,O=C(Cc1c(F)ccc(F)c1F)Nc1cncc2ccccc12,4.51,c12c(NC(Cc3c(F)c(F)ccc3F)=O)cncc1cccc2,B~A{Aara{G}aaa{G}arG}Daradaasaaaaars,89.21775898520085
O=C(Cc1cc(Cl)ccc1F)Nc1cncc2ccccc12,O=C(Cc1cc(Cl)ccc1F)Nc1cncc2ccccc12,5.97,n1cc(NC(Cc2c(F)ccc(Cl)c2)=O)c2c(cccc2)c1,B~A{Aaraa{Z}aaarG}Daradaasaaaaars,58.35095137420719
O=C(Cc1cc(F)c(F)c(F)c1)Nc1cncc2ccccc12,O=C(Cc1cc(F)c(F)c(F)c1)Nc1cncc2ccccc12,6.33,c1c2c(NC(Cc3cc(F)c(F)c(F)c3)=O)cncc2ccc1,B~A{Aaraa{G}a{G}a{G}ar}Daradaasaaaaars,50.7399577167019
O=C(Cc1cc(F)c(F)cc1F)Nc1cncc2ccccc12,O=C(Cc1cc(F)c(F)cc1F)Nc1cncc2ccccc12,5.69,c1c(F)c(F)cc(CC(=O)Nc2c3c(cnc2)cccc3)c1F,B~A{Aaraa{G}a{G}aarG}Daradaasaaaaars,64.2706131078224
O=C(Cc1cc(F)cc(F)c1)Nc1cncc2ccccc12,O=C(Cc1cc(F)cc(F)c1)Nc1cncc2ccccc12,6.19,C(Nc1cncc2ccccc12)(Cc1cc(F)cc(F)c1)=O,B~A{Aaraa{G}aa{G}ar}Daradaasaaaaars,53.69978858350951
O=C(Cc1cc(F)cc(F)c1F)Nc1cncc2ccccc12,O=C(Cc1cc(F)cc(F)c1F)Nc1cncc2ccccc12,5.82,Fc1c(CC(Nc2cncc3c2cccc3)=O)cc(F)cc1F,B~A{Aaraa{G}aa{G}arG}Daradaasaaaaars,61.52219873150105
O=C(Cc1cc(F)ccc1Cl)Nc1cncc2ccccc12,O=C(Cc1cc(F)ccc1Cl)Nc1cncc2ccccc12,5.56,c1(Cl)ccc(F)cc1CC(Nc1cncc2ccccc21)=O,B~A{Aaraa{G}aaarZ}Daradaasaaaaars,67.01902748414376
O=C(Cc1cc(F)ccc1F)Nc1cncc2ccccc12,O=C(Cc1cc(F)ccc1F)Nc1cncc2ccccc12,5.69,c1ccc2c(NC(Cc3c(F)ccc(F)c3)=O)cncc2c1,B~A{Aaraa{G}aaarG}Daradaasaaaaars,64.2706131078224
O=C(Cc1ccc(F)c(F)c1F)Nc1cncc2ccccc12,O=C(Cc1ccc(F)c(F)c1F)Nc1cncc2ccccc12,4.8,c1c2c(c(NC(=O)Cc3c(F)c(F)c(F)cc3)cn1)cccc2,B~A{Aaraaa{G}a{G}arG}Daradaasaaaaars,83.08668076109937
O=C(Cc1ccc(F)cc1F)Nc1cncc2ccccc12,O=C(Cc1ccc(F)cc1F)Nc1cncc2ccccc12,4.6,c1c2cncc(NC(Cc3ccc(F)cc3F)=O)c2ccc1,B~A{Aaraaa{G}aarG}Daradaasaaaaars,87.31501057082453
O=C(Cc1cccc(F)c1F)Nc1cncc2ccccc12,O=C(Cc1cccc(F)c1F)Nc1cncc2ccccc12,4.66,c1(F)c(F)c(CC(Nc2c3c(cccc3)cnc2)=O)ccc1,B~A{Aaraaaa{G}arG}Daradaasaaaaars,86.04651162790697
O=C(Cc1ccccc1F)Nc1cncc2ccccc12,O=C(Cc1ccccc1F)Nc1cncc2ccccc12,4.44,N(C(=O)Cc1c(F)cccc1)c1c2ccccc2cnc1,B~A{AaraaaaarG}Daradaasaaaaars,90.69767441860465
O=C(Cc1cccnc1)N1CCc2sccc2C1,O=C(Cc1cccnc1)N1CCc2sccc2C1,4.47,C1CN(C(=O)Cc2cnccc2)Cc2ccsc21,B~A{Aaraaadar}DrAAaseaaasAr,90.06342494714588
O=C(Cc1cncc(F)c1)Nc1cncc2ccccc12,O=C(Cc1cncc(F)c1)Nc1cncc2ccccc12,5.33,c1c(NC(Cc2cc(F)cnc2)=O)c2ccccc2cn1,B~A{Aaradaa{G}ar}Daradaasaaaaars,71.8816067653277
O=C(Cc1cncc2ccccc12)N(CCC(F)(F)F)C1CCCCC1,O=C(Cc1cncc2ccccc12)N(CCC(F)(F)F)C1CCCCC1,4.18,c1c(CC(N(C2CCCCC2)CCC(F)(F)F)=O)c2ccccc2cn1,B~A{Aaradaasaaaaars}D{AAA{G}{G}G}ArAAAAAr,96.19450317124736
O=C(Cc1cncc2ccccc12)N(CCC(F)(F)F)Cc1ccccc1,O=C(Cc1cncc2ccccc12)N(CCC(F)(F)F)Cc1ccccc1,4.78,c12c(CC(N(CCC(F)(F)F)Cc3ccccc3)=O)cncc1cccc2,B~A{Aaradaasaaaaars}D{AAA{G}{G}G}Aaraaaaar,83.50951374207187
O=C(Cc1cncc2ccccc12)N(Cc1cc(F)ccc1F)C1CCCC1,O=C(Cc1cncc2ccccc12)N(Cc1cc(F)ccc1F)C1CCCC1,5.95,N(Cc1c(F)ccc(F)c1)(C1CCCC1)C(Cc1cncc2ccccc21)=O,B~A{Aaradaasaaaaars}D{Aaraa{G}aaarG}ArAAAAr,58.7737843551797
O=C(Cc1cncc2ccccc12)N(Cc1ccc(F)cc1)C1CCCCC1,O=C(Cc1cncc2ccccc12)N(Cc1ccc(F)cc1)C1CCCCC1,5.05,C1CCC(N(C(Cc2c3c(cccc3)cnc2)=O)Cc2ccc(F)cc2)CC1,B~A{Aaradaasaaaaars}D{Aaraaa{G}aar}ArAAAAAr,77.80126849894292
O=C(Cc1cncc2ccccc12)N(Cc1ccc(F)cc1)CC1CC1,O=C(Cc1cncc2ccccc12)N(Cc1ccc(F)cc1)CC1CC1,4.99,c1cc2c(CC(N(Cc3ccc(F)cc3)CC3CC3)=O)cncc2cc1,B~A{Aaradaasaaaaars}D{Aaraaa{G}aar}AArAAr,79.06976744186046
O=C(Cc1cncc2ccccc12)N(Cc1ccc2[nH]ccc2c1)Cc1cccs1,O=C(Cc1cncc2ccccc12)N(Cc1ccc2[nH]ccc2c1)Cc1cccs1,4.97,c1c[nH]c2c1cc(CN(Cc1sccc1)C(Cc1cncc3ccccc13)=O)cc2,B~A{Aaradaasaaaaars}D{Aaraaas{dQ}aaasar}Aaraaaer,79.49260042283298
O=C(Cc1cncc2ccccc12)N(Cc1cccc(Cl)c1)C12CC(C1)N(C1CC1)C2,O=C(Cc1cncc2ccccc12)N(Cc1cccc(Cl)c1)C12CC(C1)N(C1CC1)C2,5.31,c1ccc(CN(C23CC(C2)N(C2CC2)C3)C(Cc2c3ccccc3cnc2)=O)cc1Cl,B~A{Aaradaasaaaaars}D{Aaraaaa{Z}ar}ArsAA{Ar}D{ArAAr}As,72.30443974630022
O=C(Cc1cncc2ccccc12)N(Cc1cccc(Cl)c1)C12CC(C1)N(CC1COC1)C2,O=C(Cc1cncc2ccccc12)N(Cc1cccc(Cl)c1)C12CC(C1)N(CC1COC1)C2,5.4,O1CC(CN2CC3(N(Cc4cc(Cl)ccc4)C(=O)Cc4c5ccccc5cnc4)CC2C3)C1,B~A{Aaradaasaaaaars}D{Aaraaaa{Z}ar}ArsAA{Ar}D{AArABAr}As,70.40169133192389
O=C(Cc1cncc2ccccc12)N(Cc1cccc(Cl)c1)[C@]12CC[C@H](C1)N(CC1COC1)C2,O=C(Cc1cncc2ccccc12)N(Cc1cccc(Cl)c1)[C@]12CC[C@H](C1)N(CC1COC1)C2,4.7,c1cccc2c(CC(=O)N([C@@]34C[C@@H](CC3)N(CC3COC3)C4)Cc3cccc(Cl)c3)cncc12,B~A{Aaradaasaaaaars}D{Aaraaaa{Z}ar}{A*}rsAA{A*Q}{Ar}D{AArABAr}As,85.20084566596194
O=C(Cc1cncc2ccccc12)N(Cc1cccc(Cl)c1)c1ccc2cc[nH]c2c1,O=C(Cc1cncc2ccccc12)N(Cc1cccc(Cl)c1)c1ccc2cc[nH]c2c1,6.23,c1c(CN(C(Cc2c3c(cnc2)cccc3)=O)c2cc3[nH]ccc3cc2)cc(Cl)cc1,B~A{Aaradaasaaaaars}D{Aaraaaa{Z}ar}araaasaa{dQ}asar,52.85412262156448
O=C(Cc1cncc2ccccc12)N(Cc1cccc(Cl)c1)c1ccc2nc[nH]c2c1,O=C(Cc1cncc2ccccc12)N(Cc1cccc(Cl)c1)c1ccc2nc[nH]c2c1,6.21,c1cc(CN(C(=O)Cc2cncc3c2cccc3)c2cc3c(nc[nH]3)cc2)cc(Cl)c1,B~A{Aaradaasaaaaars}D{Aaraaaa{Z}ar}araaasda{dQ}asar,53.27695560253701
O=C(Cc1cncc2ccccc12)N(Cc1cccc(Cl)c1)c1ccccn1,O=C(Cc1cncc2ccccc12)N(Cc1cccc(Cl)c1)c1ccccn1,5.88,c1ncc(CC(N(c2ncccc2)Cc2cccc(Cl)c2)=O)c2ccccc12,B~A{Aaradaasaaaaars}D{Aaraaaa{Z}ar}araaaadr,60.25369978858352
O=C(Cc1cncc2ccccc12)N(Cc1cccc(F)c1)C1CC1,O=C(Cc1cncc2ccccc12)N(Cc1cccc(F)c1)C1CC1,5.52,c12ccccc1cncc2CC(=O)N(C1CC1)Cc1cc(F)ccc1,B~A{Aaradaasaaaaars}D{Aaraaaa{G}ar}ArAAr,67.86469344608881
O=C(Cc1cncc2ccccc12)N(Cc1ccccc1)C1CCC1,O=C(Cc1cncc2ccccc12)N(Cc1ccccc1)C1CCC1,5.13,c1ccc2c(cncc2CC(N(Cc2ccccc2)C2CCC2)=O)c1,B~A{Aaradaasaaaaars}D{Aaraaaaar}ArAAAr,76.10993657505286
O=C(Cc1cncc2ccccc12)N(Cc1ccccc1)Cc1ccc(F)cc1,O=C(Cc1cncc2ccccc12)N(Cc1ccccc1)Cc1ccc(F)cc1,5.0,c1ccc(CN(C(Cc2cncc3c2cccc3)=O)Cc2ccc(F)cc2)cc1,B~A{Aaradaasaaaaars}D{Aaraaaaar}Aaraaa{G}aar,78.8583509513742
O=C(Cc1cncc2ccccc12)N(Cc1ccccc1)[C@H]1CCCC12CCC2,O=C(Cc1cncc2ccccc12)N(Cc1ccccc1)[C@H]1CCCC12CCC2,4.95,c1cc(CN(C(Cc2c3c(cnc2)cccc3)=O)[C@@H]2C3(CCC2)CCC3)ccc1,B~A{Aaradaasaaaaars}D{Aaraaaaar}{A*Q}rAAAArsAAAs,79.9154334038055
O=C(Cc1cncc2ccccc12)N(Cc1ccccc1)c1ccccc1,O=C(Cc1cncc2ccccc12)N(Cc1ccccc1)c1ccccc1,5.11,c1cc(N(C(=O)Cc2cncc3ccccc32)Cc2ccccc2)ccc1,B~A{Aaradaasaaaaars}D{Aaraaaaar}araaaaar,76.53276955602536
O=C(Cc1cncc2ccccc12)N(Cc1ccccc1O)c1ccc(F)cc1,O=C(Cc1cncc2ccccc12)N(Cc1ccccc1O)c1ccc(F)cc1,4.78,c12c(cccc1)cncc2CC(N(Cc1c(O)cccc1)c1ccc(F)cc1)=O,B~A{Aaradaasaaaaars}D{AaraaaaarB}araaa{G}aar,83.50951374207187
O=C(Cc1cncc2ccccc12)N(Cc1cccs1)c1ccccc1,O=C(Cc1cncc2ccccc12)N(Cc1cccs1)c1ccccc1,5.0,c1cc(CN(c2ccccc2)C(=O)Cc2c3c(cnc2)cccc3)sc1,B~A{Aaradaasaaaaars}D{Aaraaaer}araaaaar,78.8583509513742
O=C(Cc1cncc2ccccc12)N1CC(C2CCCCC2)C1,O=C(Cc1cncc2ccccc12)N1CC(C2CCCCC2)C1,4.74,c1cccc2c1c(CC(=O)N1CC(C3CCCCC3)C1)cnc2,B~A{Aaradaasaaaaars}DrAA{AsAAAAAs}Ar,84.3551797040169
O=C(Cc1cncc2ccccc12)N1CC(CC2CCC2)C1,O=C(Cc1cncc2ccccc12)N1CC(CC2CCC2)C1,4.94,c12c(c(CC(=O)N3CC(CC4CCC4)C3)cnc1)cccc2,B~A{Aaradaasaaaaars}DrAA{AAsAAAs}Ar,80.12684989429175
O=C(Cc1cncc2ccccc12)N1CC(CCc2ccccc2)C1,O=C(Cc1cncc2ccccc12)N1CC(CCc2ccccc2)C1,4.54,c1ncc(CC(N2CC(CCc3ccccc3)C2)=O)c2ccccc12,B~A{Aaradaasaaaaars}DrAA{AAasaaaaas}Ar,88.58350951374207
O=C(Cc1cncc2ccccc12)N1CC(Cc2ccsc2)C1,O=C(Cc1cncc2ccccc12)N1CC(Cc2ccsc2)C1,4.65,c1(CC(=O)N2CC(Cc3ccsc3)C2)c2ccccc2cnc1,B~A{Aaradaasaaaaars}DrAA{Aasaaeas}Ar,86.25792811839322
O=C(Cc1cncc2ccccc12)N1CC(F)(F)C(F)(F)C(F)(F)C1,O=C(Cc1cncc2ccccc12)N1CC(F)(F)C(F)(F)C(F)(F)C1,4.25,c1c(CC(N2CC(F)(F)C(F)(F)C(F)(F)C2)=O)c2ccccc2cn1,B~A{Aaradaasaaaaars}DrAA{G}{G}A{G}{G}A{G}{G}Ar,94.71458773784356
O=C(Cc1cncc2ccccc12)N1CC(F)(F)CC2(CCC2)C1,O=C(Cc1cncc2ccccc12)N1CC(F)(F)CC2(CCC2)C1,4.22,c1c(CC(=O)N2CC(F)(F)CC3(CCC3)C2)c2c(cccc2)cn1,B~A{Aaradaasaaaaars}DrAA{G}{G}AAs{AAAs}Ar,95.34883720930233
O=C(Cc1cncc2ccccc12)N1CC(F)(F)C[C@H]1c1ccccc1,O=C(Cc1cncc2ccccc12)N1CC(F)(F)C[C@H]1c1ccccc1,4.55,n1cc2c(c(CC(N3CC(F)(F)C[C@H]3c3ccccc3)=O)c1)cccc2,B~A{Aaradaasaaaaars}DrAA{G}{G}A{A*Q}raraaaaar,88.37209302325581
O=C(Cc1cncc2ccccc12)N1CC(F)(F)C[C@H]2CCCC[C@H]21,O=C(Cc1cncc2ccccc12)N1CC(F)(F)C[C@H]2CCCC[C@H]21,4.03,c1ncc2c(cccc2)c1CC(N1CC(F)(F)C[C@H]2CCCC[C@@H]12)=O,B~A{Aaradaasaaaaars}DrAA{G}{G}A{A*Q}sAAAA{A*Q}sr,99.36575052854121
O=C(Cc1cncc2ccccc12)N1CCC(C(F)(F)F)CC1,O=C(Cc1cncc2ccccc12)N1CCC(C(F)(F)F)CC1,6.55,c12c(CC(N3CCC(C(F)(F)F)CC3)=O)cncc1cccc2,B~A{Aaradaasaaaaars}DrAAA{A{G}{G}G}AAr,46.08879492600423
O=C(Cc1cncc2ccccc12)N1CCC(C(F)F)CC1,O=C(Cc1cncc2ccccc12)N1CCC(C(F)F)CC1,5.92,C1C(C(F)F)CCN(C(Cc2c3c(cnc2)cccc3)=O)C1,B~A{Aaradaasaaaaars}DrAAA{A{G}G}AAr,59.40803382663849
O=C(Cc1cncc2ccccc12)N1CCC(C2CC2)CC1,O=C(Cc1cncc2ccccc12)N1CCC(C2CC2)CC1,5.77,n1cc(CC(N2CCC(C3CC3)CC2)=O)c2c(c1)cccc2,B~A{Aaradaasaaaaars}DrAAA{AsAAs}AAr,62.579281183932366
O=C(Cc1cncc2ccccc12)N1CCC(C2CCC2)CC1,O=C(Cc1cncc2ccccc12)N1CCC(C2CCC2)CC1,5.67,C(Cc1c2ccccc2cnc1)(N1CCC(C2CCC2)CC1)=O,B~A{Aaradaasaaaaars}DrAAA{AsAAAs}AAr,64.69344608879493
O=C(Cc1cncc2ccccc12)N1CCC(C2CCCC2)CC1,O=C(Cc1cncc2ccccc12)N1CCC(C2CCCC2)CC1,5.35,C1C(C2CCN(C(Cc3c4c(cccc4)cnc3)=O)CC2)CCC1,B~A{Aaradaasaaaaars}DrAAA{AsAAAAs}AAr,71.45877378435519
O=C(Cc1cncc2ccccc12)N1CCC(CC(F)(F)F)CC1,O=C(Cc1cncc2ccccc12)N1CCC(CC(F)(F)F)CC1,5.69,C(=O)(Cc1c2ccccc2cnc1)N1CCC(CC(F)(F)F)CC1,B~A{Aaradaasaaaaars}DrAAA{AA{G}{G}G}AAr,64.2706131078224
O=C(Cc1cncc2ccccc12)N1CCC(CC2CC2)CC1,O=C(Cc1cncc2ccccc12)N1CCC(CC2CC2)CC1,5.56,C1N(C(=O)Cc2cncc3c2cccc3)CCC(CC2CC2)C1,B~A{Aaradaasaaaaars}DrAAA{AAsAAs}AAr,67.01902748414376
O=C(Cc1cncc2ccccc12)N1CCC(CC2CCC2)CC1,O=C(Cc1cncc2ccccc12)N1CCC(CC2CCC2)CC1,4.97,C(Cc1cncc2c1cccc2)(=O)N1CCC(CC2CCC2)CC1,B~A{Aaradaasaaaaars}DrAAA{AAsAAAs}AAr,79.49260042283298
O=C(Cc1cncc2ccccc12)N1CCC(CF)CC1,O=C(Cc1cncc2ccccc12)N1CCC(CF)CC1,5.63,C1N(C(=O)Cc2cncc3c2cccc3)CCC(CF)C1,B~A{Aaradaasaaaaars}DrAAA{AG}AAr,65.53911205073996
O=C(Cc1cncc2ccccc12)N1CCC(CN2CCCC2=O)CC1,O=C(Cc1cncc2ccccc12)N1CCC(CN2CCCC2=O)CC1,4.46,C(c1cncc2c1cccc2)C(=O)N1CCC(CN2C(=O)CCC2)CC1,B~A{Aaradaasaaaaars}DrAAA{ADsAAAAs~B}AAr,90.27484143763213
O=C(Cc1cncc2ccccc12)N1CCC(Cc2cc(F)ccc2F)CC1,O=C(Cc1cncc2ccccc12)N1CCC(Cc2cc(F)ccc2F)CC1,4.27,C(N1CCC(Cc2c(F)ccc(F)c2)CC1)(Cc1cncc2c1cccc2)=O,B~A{Aaradaasaaaaars}DrAAA{Aasaa{G}aaasG}AAr,94.29175475687106
O=C(Cc1cncc2ccccc12)N1CCC(F)(F)CC1,O=C(Cc1cncc2ccccc12)N1CCC(F)(F)CC1,5.17,c1c2c(ccc1)c(CC(=O)N1CCC(F)(F)CC1)cnc2,B~A{Aaradaasaaaaars}DrAAA{G}{G}AAr,75.26427061310783
O=C(Cc1cncc2ccccc12)N1CCC(F)(c2ccccc2)CC1,O=C(Cc1cncc2ccccc12)N1CCC(F)(c2ccccc2)CC1,4.63,O=C(N1CCC(c2ccccc2)(F)CC1)Cc1c2ccccc2cnc1,B~A{Aaradaasaaaaars}DrAAA{G}{asaaaaas}AAr,86.68076109936575
O=C(Cc1cncc2ccccc12)N1CCC(Nc2cccc3ncccc23)CC1,O=C(Cc1cncc2ccccc12)N1CCC(Nc2cccc3ncccc23)CC1,4.07,c1c2c(cncc2CC(=O)N2CCC(Nc3cccc4c3cccn4)CC2)ccc1,B~A{Aaradaasaaaaars}DrAAA{Dasaaaatdaaaast}AAr,98.52008456659618
O=C(Cc1cncc2ccccc12)N1CCC(OC2CC2)CC1,O=C(Cc1cncc2ccccc12)N1CCC(OC2CC2)CC1,4.29,C(N1CCC(OC2CC2)CC1)(Cc1c2c(cccc2)cnc1)=O,B~A{Aaradaasaaaaars}DrAAA{BAsAAs}AAr,93.86892177589853
O=C(Cc1cncc2ccccc12)N1CCC(OC2CCC2)CC1,O=C(Cc1cncc2ccccc12)N1CCC(OC2CCC2)CC1,4.3,C1N(C(=O)Cc2c3ccccc3cnc2)CCC(OC2CCC2)C1,B~A{Aaradaasaaaaars}DrAAA{BAsAAAs}AAr,93.65750528541227
O=C(Cc1cncc2ccccc12)N1CCC([C@H](F)c2ccccc2F)CC1,O=C(Cc1cncc2ccccc12)N1CCC([C@H](F)c2ccccc2F)CC1,4.5,C1CN(C(Cc2cncc3c2cccc3)=O)CCC1[C@@H](c1c(F)cccc1)F,B~A{Aaradaasaaaaars}DrAAA{{A*Q}{G}asaaaaasG}AAr,89.4291754756871
O=C(Cc1cncc2ccccc12)N1CCC([C@H]2CCCO2)CC1,O=C(Cc1cncc2ccccc12)N1CCC([C@H]2CCCO2)CC1,4.52,C1([C@H]2CCCO2)CCN(C(=O)Cc2cncc3ccccc23)CC1,B~A{Aaradaasaaaaars}DrAAA{{A*Q}sAAABs}AAr,89.0063424947146
O=C(Cc1cncc2ccccc12)N1CCC([C@H]2CCO2)CC1,O=C(Cc1cncc2ccccc12)N1CCC([C@H]2CCO2)CC1,4.43,C(Cc1c2ccccc2cnc1)(=O)N1CCC([C@@H]2OCC2)CC1,B~A{Aaradaasaaaaars}DrAAA{{A*Q}sAABs}AAr,90.9090909090909
O=C(Cc1cncc2ccccc12)N1CCC([C@H]2CCOC2)CC1,O=C(Cc1cncc2ccccc12)N1CCC([C@H]2CCOC2)CC1,4.625,[C@@H]1(C2CCN(C(Cc3c4ccccc4cnc3)=O)CC2)COCC1,B~A{Aaradaasaaaaars}DrAAA{{A*Q}sAABAs}AAr,86.78646934460889
O=C(Cc1cncc2ccccc12)N1CCC(c2cccc(F)c2)CC1,O=C(Cc1cncc2ccccc12)N1CCC(c2cccc(F)c2)CC1,4.71,O=C(Cc1c2c(cnc1)cccc2)N1CCC(c2cccc(F)c2)CC1,B~A{Aaradaasaaaaars}DrAAA{asaaaa{G}as}AAr,84.98942917547569
O=C(Cc1cncc2ccccc12)N1CCC(c2ccccc2)CC1,O=C(Cc1cncc2ccccc12)N1CCC(c2ccccc2)CC1,4.49,C1N(C(Cc2c3ccccc3cnc2)=O)CCC(c2ccccc2)C1,B~A{Aaradaasaaaaars}DrAAA{asaaaaas}AAr,89.64059196617335
O=C(Cc1cncc2ccccc12)N1CCC(c2cccs2)CC1,O=C(Cc1cncc2ccccc12)N1CCC(c2cccs2)CC1,4.86,C1N(C(Cc2c3c(cnc2)cccc3)=O)CCC(c2sccc2)C1,B~A{Aaradaasaaaaars}DrAAA{asaaaes}AAr,81.81818181818181
O=C(Cc1cncc2ccccc12)N1CCC(c2ccno2)CC1,O=C(Cc1cncc2ccccc12)N1CCC(c2ccno2)CC1,4.87,C(=O)(Cc1c2c(cnc1)cccc2)N1CCC(c2ccno2)CC1,B~A{Aaradaasaaaaars}DrAAA{asaadbs}AAr,81.60676532769557
O=C(Cc1cncc2ccccc12)N1CCC(c2cnco2)CC1,O=C(Cc1cncc2ccccc12)N1CCC(c2cnco2)CC1,4.4,c1c(C2CCN(C(Cc3c4ccccc4cnc3)=O)CC2)ocn1,B~A{Aaradaasaaaaars}DrAAA{asadabs}AAr,91.54334038054968
O=C(Cc1cncc2ccccc12)N1CCC(c2cscn2)CC1,O=C(Cc1cncc2ccccc12)N1CCC(c2cscn2)CC1,4.1,c1ccc2c(c(CC(=O)N3CCC(c4cscn4)CC3)cnc2)c1,B~A{Aaradaasaaaaars}DrAAA{asaeads}AAr,97.88583509513742
O=C(Cc1cncc2ccccc12)N1CCC(c2ncco2)CC1,O=C(Cc1cncc2ccccc12)N1CCC(c2ncco2)CC1,4.11,c1coc(C2CCN(C(=O)Cc3cncc4c3cccc4)CC2)n1,B~A{Aaradaasaaaaars}DrAAA{asdaabs}AAr,97.67441860465115
O=C(Cc1cncc2ccccc12)N1CCC(c2nccs2)CC1,O=C(Cc1cncc2ccccc12)N1CCC(c2nccs2)CC1,4.44,n1cc(CC(=O)N2CCC(c3nccs3)CC2)c2ccccc2c1,B~A{Aaradaasaaaaars}DrAAA{asdaaes}AAr,90.69767441860465
O=C(Cc1cncc2ccccc12)N1CCC2(C=Cc3ccccc3O2)CC1,O=C(Cc1cncc2ccccc12)N1CCC2(C=Cc3ccccc3O2)CC1,5.79,O=C(N1CCC2(Oc3c(cccc3)C=C2)CC1)Cc1c2c(cccc2)cnc1,B~A{Aaradaasaaaaars}DrAAAs{A~AataaaaatBs}AAr,62.15644820295984
O=C(Cc1cncc2ccccc12)N1CCC2(CC1)CC2,O=C(Cc1cncc2ccccc12)N1CCC2(CC1)CC2,5.15,c1ccc2cncc(CC(N3CCC4(CC3)CC4)=O)c2c1,B~A{Aaradaasaaaaars}DrAAAs{AAr}AAs,75.68710359408033
O=C(Cc1cncc2ccccc12)N1CCC2(CC1)CC2(F)F,O=C(Cc1cncc2ccccc12)N1CCC2(CC1)CC2(F)F,5.2,FC1(F)C2(CCN(C(=O)Cc3cncc4ccccc34)CC2)C1,B~A{Aaradaasaaaaars}DrAAAs{AAr}AAs{G}G,74.63002114164904
O=C(Cc1cncc2ccccc12)N1CCC2(CC1)CCC(F)(F)C2,O=C(Cc1cncc2ccccc12)N1CCC2(CC1)CCC(F)(F)C2,5.43,c1c2c(c(CC(=O)N3CCC4(CC(F)(F)CC4)CC3)cn1)cccc2,B~A{Aaradaasaaaaars}DrAAAs{AAr}AAA{G}{G}As,69.76744186046513
O=C(Cc1cncc2ccccc12)N1CCC2(CC1)CCS2(=O)=O,O=C(Cc1cncc2ccccc12)N1CCC2(CC1)CCS2(=O)=O,4.6,C1C2(CCS2(=O)=O)CCN(C(Cc2c3c(cnc2)cccc3)=O)C1,B~A{Aaradaasaaaaars}DrAAAs{AAr}AAEs{~B}~B,87.31501057082453
O=C(Cc1cncc2ccccc12)N1CCC2(CC1)COC2,O=C(Cc1cncc2ccccc12)N1CCC2(CC1)COC2,4.27,c1c2c(cccc2)c(CC(N2CCC3(COC3)CC2)=O)cn1,B~A{Aaradaasaaaaars}DrAAAs{AAr}ABAs,94.29175475687106
O=C(Cc1cncc2ccccc12)N1CCC2(CC1)COCCO2,O=C(Cc1cncc2ccccc12)N1CCC2(CC1)COCCO2,4.88,c1(CC(=O)N2CCC3(COCCO3)CC2)cncc2ccccc12,B~A{Aaradaasaaaaars}DrAAAs{AAr}ABAABs,81.39534883720931
O=C(Cc1cncc2ccccc12)N1CCC2(CC1)CS(=O)(=O)C2,O=C(Cc1cncc2ccccc12)N1CCC2(CC1)CS(=O)(=O)C2,4.32,O=C(Cc1c2c(cnc1)cccc2)N1CCC2(CC1)CS(=O)(=O)C2,B~A{Aaradaasaaaaars}DrAAAs{AAr}AE{~B}{~B}As,93.23467230443974
O=C(Cc1cncc2ccccc12)N1CCC2(CC1)C[C@H]2F,O=C(Cc1cncc2ccccc12)N1CCC2(CC1)C[C@H]2F,5.11,F[C@H]1C2(CCN(C(=O)Cc3c4c(cnc3)cccc4)CC2)C1,B~A{Aaradaasaaaaars}DrAAAs{AAr}A{A*Q}sG,76.53276955602536
O=C(Cc1cncc2ccccc12)N1CCC2(CCC2)CC1,O=C(Cc1cncc2ccccc12)N1CCC2(CCC2)CC1,5.85,c12ccccc1cncc2CC(N1CCC2(CCC2)CC1)=O,B~A{Aaradaasaaaaars}DrAAAs{AAAs}AAr,60.88794926004229
O=C(Cc1cncc2ccccc12)N1CCC2(CCCC2)CC1,O=C(Cc1cncc2ccccc12)N1CCC2(CCCC2)CC1,5.79,C1C2(CCN(C(=O)Cc3c4c(cnc3)cccc4)CC2)CCC1,B~A{Aaradaasaaaaars}DrAAAs{AAAAs}AAr,62.15644820295984
O=C(Cc1cncc2ccccc12)N1CCC2(CCCCC2)CC1,O=C(Cc1cncc2ccccc12)N1CCC2(CCCCC2)CC1,5.99,C1C2(CCCC1)CCN(C(Cc1c3c(cnc1)cccc3)=O)CC2,B~A{Aaradaasaaaaars}DrAAAs{AAAAAs}AAr,57.92811839323467
O=C(Cc1cncc2ccccc12)N1CCC2(CCCCO2)CC1,O=C(Cc1cncc2ccccc12)N1CCC2(CCCCO2)CC1,5.24,c1cc2c(c(CC(N3CCC4(CC3)CCCCO4)=O)cnc2)cc1,B~A{Aaradaasaaaaars}DrAAAs{AAAABs}AAr,73.78435517970401
O=C(Cc1cncc2ccccc12)N1CCC2(CCCO2)CC1,O=C(Cc1cncc2ccccc12)N1CCC2(CCCO2)CC1,4.95,C12(CCN(C(=O)Cc3cncc4ccccc43)CC1)CCCO2,B~A{Aaradaasaaaaars}DrAAAs{AAABs}AAr,79.9154334038055
O=C(Cc1cncc2ccccc12)N1CCC2(CCO2)CC1,O=C(Cc1cncc2ccccc12)N1CCC2(CCO2)CC1,4.57,C1C2(CCN(C(=O)Cc3c4c(cnc3)cccc4)CC2)OC1,B~A{Aaradaasaaaaars}DrAAAs{AABs}AAr,87.94926004228329
O=C(Cc1cncc2ccccc12)N1CCC2(CCOC2)CC1,O=C(Cc1cncc2ccccc12)N1CCC2(CCOC2)CC1,4.97,C1OCC2(CCN(C(Cc3c4c(cnc3)cccc4)=O)CC2)C1,B~A{Aaradaasaaaaars}DrAAAs{AABAs}AAr,79.49260042283298
O=C(Cc1cncc2ccccc12)N1CCC2(CCOCC2)CC1,O=C(Cc1cncc2ccccc12)N1CCC2(CCOCC2)CC1,4.3,c12c(cncc1CC(N1CCC3(CCOCC3)CC1)=O)cccc2,B~A{Aaradaasaaaaars}DrAAAs{AABAAs}AAr,93.65750528541227
O=C(Cc1cncc2ccccc12)N1CCC2(C[C@H]1C(F)(F)F)OCCO2,O=C(Cc1cncc2ccccc12)N1CCC2(C[C@H]1C(F)(F)F)OCCO2,4.78,c1(CC(=O)N2CCC3(OCCO3)C[C@H]2C(F)(F)F)cncc2ccccc12,B~A{Aaradaasaaaaars}DrAAAs{A{A*Q}rA{G}{G}G}BAABs,83.50951374207187
O=C(Cc1cncc2ccccc12)N1CCCC2(CC2)C1,O=C(Cc1cncc2ccccc12)N1CCCC2(CC2)C1,4.41,C(c1c2c(cccc2)cnc1)C(N1CC2(CC2)CCC1)=O,B~A{Aaradaasaaaaars}DrAAAAs{AAs}Ar,91.33192389006342
O=C(Cc1cncc2ccccc12)N1CCCC2(CCC2)C1,O=C(Cc1cncc2ccccc12)N1CCCC2(CCC2)C1,4.56,c1ncc2ccccc2c1CC(=O)N1CCCC2(C1)CCC2,B~A{Aaradaasaaaaars}DrAAAAs{AAAs}Ar,88.16067653276956
O=C(Cc1cncc2ccccc12)N1CCCC2(CCC2)CC1,O=C(Cc1cncc2ccccc12)N1CCCC2(CCC2)CC1,5.79,C1CC2(CCC2)CCN(C(=O)Cc2cncc3c2cccc3)C1,B~A{Aaradaasaaaaars}DrAAAAs{AAAs}AAr,62.15644820295984
O=C(Cc1cncc2ccccc12)N1CCCC2(CCCC2)C1,O=C(Cc1cncc2ccccc12)N1CCCC2(CCCC2)C1,4.98,C1CN(C(=O)Cc2c3c(cccc3)cnc2)CC2(CCCC2)C1,B~A{Aaradaasaaaaars}DrAAAAs{AAAAs}Ar,79.28118393234672
O=C(Cc1cncc2ccccc12)N1CCCCC1,O=C(Cc1cncc2ccccc12)N1CCCCC1,4.22,C1CCCN(C(Cc2c3c(cccc3)cnc2)=O)C1,B~A{Aaradaasaaaaars}DrAAAAAr,95.34883720930233
O=C(Cc1cncc2ccccc12)N1CCCCCC1,O=C(Cc1cncc2ccccc12)N1CCCCCC1,4.74,c1c2c(ccc1)cncc2CC(N1CCCCCC1)=O,B~A{Aaradaasaaaaars}DrAAAAAAr,84.3551797040169
O=C(Cc1cncc2ccccc12)N1CCCCCC[C@H]1c1ccccc1,O=C(Cc1cncc2ccccc12)N1CCCCCC[C@H]1c1ccccc1,5.27,C1C[C@@H](c2ccccc2)N(C(Cc2c3c(cccc3)cnc2)=O)CCCC1,B~A{Aaradaasaaaaars}DrAAAAAA{A*Q}raraaaaar,73.15010570824526
O=C(Cc1cncc2ccccc12)N1CCCCC[C@H]1Cc1cccs1,O=C(Cc1cncc2ccccc12)N1CCCCC[C@H]1Cc1cccs1,4.85,c1ccc(C[C@@H]2CCCCCN2C(Cc2c3c(cnc2)cccc3)=O)s1,B~A{Aaradaasaaaaars}DrAAAAA{A*Q}rAaraaaer,82.02959830866808
O=C(Cc1cncc2ccccc12)N1CCCCCc2ccccc2C1,O=C(Cc1cncc2ccccc12)N1CCCCCc2ccccc2C1,5.79,c1cccc2c1CCCCCN(C(Cc1cncc3ccccc13)=O)C2,B~A{Aaradaasaaaaars}DrAAAAAasaaaaasAr,62.15644820295984
O=C(Cc1cncc2ccccc12)N1CCCC[C@H](c2ccccc2)C1,O=C(Cc1cncc2ccccc12)N1CCCC[C@H](c2ccccc2)C1,4.78,c1ccc([C@H]2CCCCN(C(=O)Cc3c4ccccc4cnc3)C2)cc1,B~A{Aaradaasaaaaars}DrAAAA{A*Q}{asaaaaas}Ar,83.50951374207187
O=C(Cc1cncc2ccccc12)N1CCCC[C@H]1C1CCC1,O=C(Cc1cncc2ccccc12)N1CCCC[C@H]1C1CCC1,4.76,c12c(cncc1CC(N1CCCC[C@H]1C1CCC1)=O)cccc2,B~A{Aaradaasaaaaars}DrAAAA{A*Q}rArAAAr,83.9323467230444
O=C(Cc1cncc2ccccc12)N1CCCC[C@H]1C1CCCC1,O=C(Cc1cncc2ccccc12)N1CCCC[C@H]1C1CCCC1,5.34,c12c(CC(=O)N3[C@H](C4CCCC4)CCCC3)cncc1cccc2,B~A{Aaradaasaaaaars}DrAAAA{A*Q}rArAAAAr,71.67019027484145
O=C(Cc1cncc2ccccc12)N1CCCC[C@H]1CC(F)(F)F,O=C(Cc1cncc2ccccc12)N1CCCC[C@H]1CC(F)(F)F,4.32,C(F)(F)(C[C@H]1N(C(=O)Cc2c3c(cnc2)cccc3)CCCC1)F,B~A{Aaradaasaaaaars}DrAAAA{A*Q}rAA{G}{G}G,93.23467230443974
O=C(Cc1cncc2ccccc12)N1CCCC[C@H]1CCc1ccccc1,O=C(Cc1cncc2ccccc12)N1CCCC[C@H]1CCc1ccccc1,4.67,c1ccc(CC[C@@H]2CCCCN2C(Cc2cncc3ccccc23)=O)cc1,B~A{Aaradaasaaaaars}DrAAAA{A*Q}rAAaraaaaar,85.83509513742072
O=C(Cc1cncc2ccccc12)N1CCCC[C@H]1Cc1ccccc1,O=C(Cc1cncc2ccccc12)N1CCCC[C@H]1Cc1ccccc1,4.51,N1(C(Cc2c3c(cnc2)cccc3)=O)CCCC[C@H]1Cc1ccccc1,B~A{Aaradaasaaaaars}DrAAAA{A*Q}rAaraaaaar,89.21775898520085
O=C(Cc1cncc2ccccc12)N1CCCC[C@H]1[C@H]1CCCO1,O=C(Cc1cncc2ccccc12)N1CCCC[C@H]1[C@H]1CCCO1,4.276666666666666,C1C[C@H]([C@H]2N(C(Cc3cncc4ccccc43)=O)CCCC2)OC1,B~A{Aaradaasaaaaars}DrAAAA{A*Q}r{A*Q}rAAABr,94.15081042988021
O=C(Cc1cncc2ccccc12)N1CCCC[C@H]1c1c(F)cccc1F,O=C(Cc1cncc2ccccc12)N1CCCC[C@H]1c1c(F)cccc1F,6.02,C1[C@@H](c2c(F)cccc2F)N(C(=O)Cc2cncc3ccccc23)CCC1,B~A{Aaradaasaaaaars}DrAAAA{A*Q}rara{G}aaaarG,57.29386892177592
O=C(Cc1cncc2ccccc12)N1CCCC[C@H]1c1cc(Cl)ccc1F,O=C(Cc1cncc2ccccc12)N1CCCC[C@H]1c1cc(Cl)ccc1F,6.3,C1CCN(C(Cc2c3c(cnc2)cccc3)=O)[C@H](c2c(F)ccc(Cl)c2)C1,B~A{Aaradaasaaaaars}DrAAAA{A*Q}raraa{Z}aaarG,51.37420718816068
O=C(Cc1cncc2ccccc12)N1CCCC[C@H]1c1cc[nH]n1,O=C(Cc1cncc2ccccc12)N1CCCC[C@H]1c1cc[nH]n1,4.38,c1[nH]nc([C@@H]2CCCCN2C(=O)Cc2c3ccccc3cnc2)c1,B~A{Aaradaasaaaaars}DrAAAA{A*Q}raraa{dQ}dr,91.96617336152221
O=C(Cc1cncc2ccccc12)N1CCCC[C@H]1c1ccc(Cl)cc1,O=C(Cc1cncc2ccccc12)N1CCCC[C@H]1c1ccc(Cl)cc1,5.19,[C@@H]1(c2ccc(Cl)cc2)CCCCN1C(=O)Cc1c2c(cccc2)cnc1,B~A{Aaradaasaaaaars}DrAAAA{A*Q}raraaa{Z}aar,74.8414376321353
O=C(Cc1cncc2ccccc12)N1CCCC[C@H]1c1ccc(Cl)cc1F,O=C(Cc1cncc2ccccc12)N1CCCC[C@H]1c1ccc(Cl)cc1F,4.96,Clc1ccc([C@H]2N(C(Cc3c4c(cccc4)cnc3)=O)CCCC2)c(F)c1,B~A{Aaradaasaaaaars}DrAAAA{A*Q}raraaa{Z}aarG,79.70401691331925
O=C(Cc1cncc2ccccc12)N1CCCC[C@H]1c1ccc(F)c(Cl)c1,O=C(Cc1cncc2ccccc12)N1CCCC[C@H]1c1ccc(F)c(Cl)c1,5.58,c12cncc(CC(=O)N3[C@H](c4cc(Cl)c(F)cc4)CCCC3)c1cccc2,B~A{Aaradaasaaaaars}DrAAAA{A*Q}raraaa{G}a{Z}ar,66.59619450317125
O=C(Cc1cncc2ccccc12)N1CCCC[C@H]1c1ccc(F)cc1F,O=C(Cc1cncc2ccccc12)N1CCCC[C@H]1c1ccc(F)cc1F,5.26,c1c(F)ccc([C@@H]2CCCCN2C(=O)Cc2c3ccccc3cnc2)c1F,B~A{Aaradaasaaaaars}DrAAAA{A*Q}raraaa{G}aarG,73.3615221987315
O=C(Cc1cncc2ccccc12)N1CCCC[C@H]1c1ccc(F)cn1,O=C(Cc1cncc2ccccc12)N1CCCC[C@H]1c1ccc(F)cn1,5.09,c1ncc2c(cccc2)c1CC(N1CCCC[C@H]1c1ncc(F)cc1)=O,B~A{Aaradaasaaaaars}DrAAAA{A*Q}raraaa{G}adr,76.95560253699789
O=C(Cc1cncc2ccccc12)N1CCCC[C@H]1c1cccc(F)c1,O=C(Cc1cncc2ccccc12)N1CCCC[C@H]1c1cccc(F)c1,5.85,c1ccc([C@@H]2CCCCN2C(Cc2cncc3ccccc32)=O)cc1F,B~A{Aaradaasaaaaars}DrAAAA{A*Q}raraaaa{G}ar,60.88794926004229
O=C(Cc1cncc2ccccc12)N1CCCC[C@H]1c1ccccc1,O=C(Cc1cncc2ccccc12)N1CCCC[C@H]1c1ccccc1,5.11,c12c(cncc1CC(N1CCCC[C@H]1c1ccccc1)=O)cccc2,B~A{Aaradaasaaaaars}DrAAAA{A*Q}raraaaaar,76.53276955602536
O=C(Cc1cncc2ccccc12)N1CCCC[C@H]1c1ccccc1F,O=C(Cc1cncc2ccccc12)N1CCCC[C@H]1c1ccccc1F,5.19,c1cccc([C@@H]2CCCCN2C(=O)Cc2cncc3ccccc23)c1F,B~A{Aaradaasaaaaars}DrAAAA{A*Q}raraaaaarG,74.8414376321353
O=C(Cc1cncc2ccccc12)N1CCCC[C@H]1c1ccncn1,O=C(Cc1cncc2ccccc12)N1CCCC[C@H]1c1ccncn1,5.08,c1cc([C@@H]2CCCCN2C(Cc2c3c(cnc2)cccc3)=O)ncn1,B~A{Aaradaasaaaaars}DrAAAA{A*Q}raraadadr,77.16701902748414
O=C(Cc1cncc2ccccc12)N1CCCC[C@H]1c1ccon1,O=C(Cc1cncc2ccccc12)N1CCCC[C@H]1c1ccon1,4.7,c1ncc2ccccc2c1CC(=O)N1[C@H](c2nocc2)CCCC1,B~A{Aaradaasaaaaars}DrAAAA{A*Q}raraabdr,85.20084566596194
O=C(Cc1cncc2ccccc12)N1CCCC[C@H]1c1cncs1,O=C(Cc1cncc2ccccc12)N1CCCC[C@H]1c1cncs1,4.49,C1[C@@H](c2scnc2)N(C(Cc2cncc3ccccc32)=O)CCC1,B~A{Aaradaasaaaaars}DrAAAA{A*Q}raradaer,89.64059196617335
O=C(Cc1cncc2ccccc12)N1CCCC[C@H]1c1cscn1,O=C(Cc1cncc2ccccc12)N1CCCC[C@H]1c1cscn1,5.11,c12c(CC(N3CCCC[C@H]3c3ncsc3)=O)cncc1cccc2,B~A{Aaradaasaaaaars}DrAAAA{A*Q}raraeadr,76.53276955602536
O=C(Cc1cncc2ccccc12)N1CCCC[C@H]1c1nc2ccccc2o1,O=C(Cc1cncc2ccccc12)N1CCCC[C@H]1c1nc2ccccc2o1,4.58,O=C(N1[C@H](c2oc3ccccc3n2)CCCC1)Cc1c2ccccc2cnc1,B~A{Aaradaasaaaaars}DrAAAA{A*Q}rardasaaaaasbr,87.73784355179704
O=C(Cc1cncc2ccccc12)N1CCCC[C@H]1c1nc2ccccc2s1,O=C(Cc1cncc2ccccc12)N1CCCC[C@H]1c1nc2ccccc2s1,4.45,c1([C@@H]2CCCCN2C(=O)Cc2cncc3ccccc32)nc2c(cccc2)s1,B~A{Aaradaasaaaaars}DrAAAA{A*Q}rardasaaaaaser,90.48625792811839
O=C(Cc1cncc2ccccc12)N1CCCC[C@H]1c1nccs1,O=C(Cc1cncc2ccccc12)N1CCCC[C@H]1c1nccs1,4.55,c1ncc2ccccc2c1CC(=O)N1CCCC[C@H]1c1nccs1,B~A{Aaradaasaaaaars}DrAAAA{A*Q}rardaaer,88.37209302325581
O=C(Cc1cncc2ccccc12)N1CCCC[C@H]1c1ncon1,O=C(Cc1cncc2ccccc12)N1CCCC[C@H]1c1ncon1,4.37,c1ccc2c(cncc2CC(N2CCCC[C@H]2c2nocn2)=O)c1,B~A{Aaradaasaaaaars}DrAAAA{A*Q}rardabdr,92.17758985200847
O=C(Cc1cncc2ccccc12)N1CCCCc2ccccc2C1,O=C(Cc1cncc2ccccc12)N1CCCCc2ccccc2C1,5.24,C1CCN(C(Cc2c3c(cccc3)cnc2)=O)Cc2ccccc2C1,B~A{Aaradaasaaaaars}DrAAAAasaaaaasAr,73.78435517970401
O=C(Cc1cncc2ccccc12)N1CCCN2c3ccccc3C[C@H]2C1,O=C(Cc1cncc2ccccc12)N1CCCN2c3ccccc3C[C@H]2C1,4.84,c1cc2c(CC(=O)N3C[C@@H]4Cc5c(cccc5)N4CCC3)cncc2cc1,B~A{Aaradaasaaaaars}DrAAADsataaaaatA{A*Q}sAr,82.24101479915434
O=C(Cc1cncc2ccccc12)N1CCCSC[C@H]1C(F)(F)F,O=C(Cc1cncc2ccccc12)N1CCCSC[C@H]1C(F)(F)F,4.36,C1SCCCN(C(=O)Cc2c3c(cnc2)cccc3)[C@@H]1C(F)(F)F,B~A{Aaradaasaaaaars}DrAAAEA{A*Q}rA{G}{G}G,92.38900634249471
O=C(Cc1cncc2ccccc12)N1CCCSC[C@H]1C1CC1,O=C(Cc1cncc2ccccc12)N1CCCSC[C@H]1C1CC1,4.22,c1(CC(=O)N2[C@H](C3CC3)CSCCC2)c2ccccc2cnc1,B~A{Aaradaasaaaaars}DrAAAEA{A*Q}rArAAr,95.34883720930233
O=C(Cc1cncc2ccccc12)N1CCC[C@@H](C(F)(F)F)C1,O=C(Cc1cncc2ccccc12)N1CCC[C@@H](C(F)(F)F)C1,4.74,c1ccc2c(CC(N3C[C@H](C(F)(F)F)CCC3)=O)cncc2c1,B~A{Aaradaasaaaaars}DrAAA{A**Q}{A{G}{G}G}Ar,84.3551797040169
O=C(Cc1cncc2ccccc12)N1CCC[C@H](C(F)(F)F)C1,O=C(Cc1cncc2ccccc12)N1CCC[C@H](C(F)(F)F)C1,5.43,c12cncc(CC(N3CCC[C@H](C(F)(F)F)C3)=O)c1cccc2,B~A{Aaradaasaaaaars}DrAAA{A*Q}{A{G}{G}G}Ar,69.76744186046513
O=C(Cc1cncc2ccccc12)N1CCC[C@H](C(F)(F)F)CC1,O=C(Cc1cncc2ccccc12)N1CCC[C@H](C(F)(F)F)CC1,6.33,FC(F)([C@@H]1CCN(C(=O)Cc2c3ccccc3cnc2)CCC1)F,B~A{Aaradaasaaaaars}DrAAA{A*Q}{A{G}{G}G}AAr,50.7399577167019
O=C(Cc1cncc2ccccc12)N1CCC[C@H](C2CCC2)C1,O=C(Cc1cncc2ccccc12)N1CCC[C@H](C2CCC2)C1,5.17,c1ccc2cncc(CC(N3CCC[C@H](C4CCC4)C3)=O)c2c1,B~A{Aaradaasaaaaars}DrAAA{A*Q}{AsAAAs}Ar,75.26427061310783
O=C(Cc1cncc2ccccc12)N1CCC[C@H](C2CCC2)CC1,O=C(Cc1cncc2ccccc12)N1CCC[C@H](C2CCC2)CC1,5.48,C(Cc1c2ccccc2cnc1)(=O)N1CCC[C@H](C2CCC2)CC1,B~A{Aaradaasaaaaars}DrAAA{A*Q}{AsAAAs}AAr,68.71035940803382
O=C(Cc1cncc2ccccc12)N1CCC[C@H](C2CCCC2)C1,O=C(Cc1cncc2ccccc12)N1CCC[C@H](C2CCCC2)C1,5.215,N1(C(Cc2cncc3ccccc23)=O)CCC[C@H](C2CCCC2)C1,B~A{Aaradaasaaaaars}DrAAA{A*Q}{AsAAAAs}Ar,74.31289640591967
O=C(Cc1cncc2ccccc12)N1CCC[C@H](C2CCOCC2)C1,O=C(Cc1cncc2ccccc12)N1CCC[C@H](C2CCOCC2)C1,4.34,C1N(C(=O)Cc2c3c(cnc2)cccc3)C[C@@H](C2CCOCC2)CC1,B~A{Aaradaasaaaaars}DrAAA{A*Q}{AsAABAAs}Ar,92.81183932346724
O=C(Cc1cncc2ccccc12)N1CCC[C@H](CC(F)(F)F)C1,O=C(Cc1cncc2ccccc12)N1CCC[C@H](CC(F)(F)F)C1,4.99,c1cccc2cncc(CC(N3C[C@@H](CC(F)(F)F)CCC3)=O)c12,B~A{Aaradaasaaaaars}DrAAA{A*Q}{AA{G}{G}G}Ar,79.06976744186046
O=C(Cc1cncc2ccccc12)N1CCC[C@H](CC2CC2)C1,O=C(Cc1cncc2ccccc12)N1CCC[C@H](CC2CC2)C1,4.82,C([C@@H]1CN(C(=O)Cc2c3ccccc3cnc2)CCC1)C1CC1,B~A{Aaradaasaaaaars}DrAAA{A*Q}{AAsAAs}Ar,82.66384778012684
O=C(Cc1cncc2ccccc12)N1CCC[C@H](CCC(F)(F)F)C1,O=C(Cc1cncc2ccccc12)N1CCC[C@H](CCC(F)(F)F)C1,4.76,c12ccccc1cncc2CC(N1C[C@@H](CCC(F)(F)F)CCC1)=O,B~A{Aaradaasaaaaars}DrAAA{A*Q}{AAA{G}{G}G}Ar,83.9323467230444
O=C(Cc1cncc2ccccc12)N1CCC[C@H](CCF)C1,O=C(Cc1cncc2ccccc12)N1CCC[C@H](CCF)C1,4.76,O=C(N1CCC[C@H](CCF)C1)Cc1c2ccccc2cnc1,B~A{Aaradaasaaaaars}DrAAA{A*Q}{AAG}Ar,83.9323467230444
O=C(Cc1cncc2ccccc12)N1CCC[C@H](CCO)C1,O=C(Cc1cncc2ccccc12)N1CCC[C@H](CCO)C1,4.1,C(=O)(Cc1cncc2ccccc12)N1CCC[C@H](CCO)C1,B~A{Aaradaasaaaaars}DrAAA{A*Q}{AAB}Ar,97.88583509513742
O=C(Cc1cncc2ccccc12)N1CCC[C@H](CF)C1,O=C(Cc1cncc2ccccc12)N1CCC[C@H](CF)C1,4.53,c1cccc2c(CC(N3CCC[C@H](CF)C3)=O)cncc12,B~A{Aaradaasaaaaars}DrAAA{A*Q}{AG}Ar,88.79492600422832
O=C(Cc1cncc2ccccc12)N1CCC[C@H](C[C@H]2CCOC2)C1,O=C(Cc1cncc2ccccc12)N1CCC[C@H](C[C@H]2CCOC2)C1,4.33,c1cccc2c(CC(=O)N3C[C@@H](C[C@H]4CCOC4)CCC3)cncc12,B~A{Aaradaasaaaaars}DrAAA{A*Q}{A{A*Q}sAABAs}Ar,93.0232558139535
O=C(Cc1cncc2ccccc12)N1CCC[C@H](Oc2ccccc2)C1,O=C(Cc1cncc2ccccc12)N1CCC[C@H](Oc2ccccc2)C1,4.27,C1[C@H](Oc2ccccc2)CN(C(Cc2c3c(cccc3)cnc2)=O)CC1,B~A{Aaradaasaaaaars}DrAAA{A*Q}{Basaaaaas}Ar,94.29175475687106
O=C(Cc1cncc2ccccc12)N1CCC[C@H](c2c[nH]c3ccccc23)C1,O=C(Cc1cncc2ccccc12)N1CCC[C@H](c2c[nH]c3ccccc23)C1,4.57,c1ccc2c(c([C@H]3CCCN(C(=O)Cc4cncc5ccccc45)C3)c[nH]2)c1,B~A{Aaradaasaaaaars}DrAAA{A*Q}{asa{dQ}ataaaaast}Ar,87.94926004228329
O=C(Cc1cncc2ccccc12)N1CCC[C@H](c2cccc(F)c2)C1,O=C(Cc1cncc2ccccc12)N1CCC[C@H](c2cccc(F)c2)C1,5.1,c1([C@@H]2CN(C(Cc3c4ccccc4cnc3)=O)CCC2)cccc(F)c1,B~A{Aaradaasaaaaars}DrAAA{A*Q}{asaaaa{G}as}Ar,76.74418604651163
O=C(Cc1cncc2ccccc12)N1CCC[C@H](c2ccccc2)C1,O=C(Cc1cncc2ccccc12)N1CCC[C@H](c2ccccc2)C1,4.74,c1cccc2cncc(CC(N3C[C@@H](c4ccccc4)CCC3)=O)c12,B~A{Aaradaasaaaaars}DrAAA{A*Q}{asaaaaas}Ar,84.3551797040169
O=C(Cc1cncc2ccccc12)N1CCC[C@H](c2ccon2)C1,O=C(Cc1cncc2ccccc12)N1CCC[C@H](c2ccon2)C1,4.47,N1(C(=O)Cc2cncc3c2cccc3)C[C@@H](c2nocc2)CCC1,B~A{Aaradaasaaaaars}DrAAA{A*Q}{asaabds}Ar,90.06342494714588
O=C(Cc1cncc2ccccc12)N1CCC[C@H](c2cnco2)C1,O=C(Cc1cncc2ccccc12)N1CCC[C@H](c2cnco2)C1,4.06,[C@@H]1(c2ocnc2)CN(C(Cc2c3c(cnc2)cccc3)=O)CCC1,B~A{Aaradaasaaaaars}DrAAA{A*Q}{asadabs}Ar,98.73150105708245
O=C(Cc1cncc2ccccc12)N1CCC[C@H](c2ncco2)C1,O=C(Cc1cncc2ccccc12)N1CCC[C@H](c2ncco2)C1,4.12,[C@@H]1(c2occn2)CN(C(=O)Cc2c3ccccc3cnc2)CCC1,B~A{Aaradaasaaaaars}DrAAA{A*Q}{asdaabs}Ar,97.46300211416491
O=C(Cc1cncc2ccccc12)N1CCC[C@H](c2nccs2)C1,O=C(Cc1cncc2ccccc12)N1CCC[C@H](c2nccs2)C1,4.33,c1([C@H]2CCCN(C(Cc3c4c(cccc4)cnc3)=O)C2)nccs1,B~A{Aaradaasaaaaars}DrAAA{A*Q}{asdaaes}Ar,93.0232558139535
O=C(Cc1cncc2ccccc12)N1CCC[C@H](n2cccn2)C1,O=C(Cc1cncc2ccccc12)N1CCC[C@H](n2cccn2)C1,4.2,c1(CC(N2C[C@@H](n3cccn3)CCC2)=O)cncc2ccccc12,B~A{Aaradaasaaaaars}DrAAA{A*Q}{dsaaads}Ar,95.77167019027483
O=C(Cc1cncc2ccccc12)N1CCC[C@H](n2ccnc2)C1,O=C(Cc1cncc2ccccc12)N1CCC[C@H](n2ccnc2)C1,4.21,c12ccccc1cncc2CC(=O)N1C[C@@H](n2ccnc2)CCC1,B~A{Aaradaasaaaaars}DrAAA{A*Q}{dsaadas}Ar,95.56025369978859
O=C(Cc1cncc2ccccc12)N1CCC[C@H]1C1CCCC1,O=C(Cc1cncc2ccccc12)N1CCC[C@H]1C1CCCC1,5.59,c1(CC(=O)N2[C@H](C3CCCC3)CCC2)cncc2ccccc12,B~A{Aaradaasaaaaars}DrAAA{A*Q}rArAAAAr,66.38477801268499
O=C(Cc1cncc2ccccc12)N1CCC[C@H]1C1CCCCCC1,O=C(Cc1cncc2ccccc12)N1CCC[C@H]1C1CCCCCC1,5.01,c1(CC(N2[C@H](C3CCCCCC3)CCC2)=O)c2c(cccc2)cnc1,B~A{Aaradaasaaaaars}DrAAA{A*Q}rArAAAAAAr,78.64693446088795
O=C(Cc1cncc2ccccc12)N1CCC[C@H]1C=Cc1cccs1,O=C(Cc1cncc2ccccc12)N1CCC[C@H]1C=Cc1cccs1,4.88,c12c(CC(=O)N3CCC[C@H]3C=Cc3sccc3)cncc1cccc2,B~A{Aaradaasaaaaars}DrAAA{A*Q}rA~Aaraaaer,81.39534883720931
O=C(Cc1cncc2ccccc12)N1CCC[C@H]1CC1CC1,O=C(Cc1cncc2ccccc12)N1CCC[C@H]1CC1CC1,4.88,C1C(C[C@H]2N(C(=O)Cc3c4c(cccc4)cnc3)CCC2)C1,B~A{Aaradaasaaaaars}DrAAA{A*Q}rAArAAr,81.39534883720931
O=C(Cc1cncc2ccccc12)N1CCC[C@H]1CC1CCC1,O=C(Cc1cncc2ccccc12)N1CCC[C@H]1CC1CCC1,5.15,c1(CC(N2CCC[C@H]2CC2CCC2)=O)c2ccccc2cnc1,B~A{Aaradaasaaaaars}DrAAA{A*Q}rAArAAAr,75.68710359408033
O=C(Cc1cncc2ccccc12)N1CCC[C@H]1CC1CCCCC1,O=C(Cc1cncc2ccccc12)N1CCC[C@H]1CC1CCCCC1,5.05,c1c2c(cncc2CC(N2CCC[C@H]2CC2CCCCC2)=O)ccc1,B~A{Aaradaasaaaaars}DrAAA{A*Q}rAArAAAAAr,77.80126849894292
O=C(Cc1cncc2ccccc12)N1CCC[C@H]1CCCn1cccn1,O=C(Cc1cncc2ccccc12)N1CCC[C@H]1CCCn1cccn1,4.15,c1n(CCC[C@H]2N(C(=O)Cc3cncc4ccccc34)CCC2)ncc1,B~A{Aaradaasaaaaars}DrAAA{A*Q}rAAAdraaadr,96.82875264270612
O=C(Cc1cncc2ccccc12)N1CCC[C@H]1CCc1ccccc1,O=C(Cc1cncc2ccccc12)N1CCC[C@H]1CCc1ccccc1,4.83,C1CC[C@@H](CCc2ccccc2)N1C(Cc1cncc2ccccc21)=O,B~A{Aaradaasaaaaars}DrAAA{A*Q}rAAaraaaaar,82.4524312896406
O=C(Cc1cncc2ccccc12)N1CCC[C@H]1CN1CCC(F)(F)CC1,O=C(Cc1cncc2ccccc12)N1CCC[C@H]1CN1CCC(F)(F)CC1,4.47,C(=O)(N1[C@H](CN2CCC(F)(F)CC2)CCC1)Cc1cncc2c1cccc2,B~A{Aaradaasaaaaars}DrAAA{A*Q}rADrAAA{G}{G}AAr,90.06342494714588
O=C(Cc1cncc2ccccc12)N1CCC[C@H]1Cc1ccc(F)cc1,O=C(Cc1cncc2ccccc12)N1CCC[C@H]1Cc1ccc(F)cc1,4.65,c1cc(C[C@H]2N(C(Cc3c4ccccc4cnc3)=O)CCC2)ccc1F,B~A{Aaradaasaaaaars}DrAAA{A*Q}rAaraaa{G}aar,86.25792811839322
O=C(Cc1cncc2ccccc12)N1CCC[C@H]1Cc1ccc(F)cc1F,O=C(Cc1cncc2ccccc12)N1CCC[C@H]1Cc1ccc(F)cc1F,4.65,c12c(CC(=O)N3CCC[C@H]3Cc3ccc(F)cc3F)cncc1cccc2,B~A{Aaradaasaaaaars}DrAAA{A*Q}rAaraaa{G}aarG,86.25792811839322
O=C(Cc1cncc2ccccc12)N1CCC[C@H]1Cc1ccccn1,O=C(Cc1cncc2ccccc12)N1CCC[C@H]1Cc1ccccn1,4.11,C1CC[C@@H](Cc2ncccc2)N1C(=O)Cc1cncc2ccccc12,B~A{Aaradaasaaaaars}DrAAA{A*Q}rAaraaaadr,97.67441860465115
O=C(Cc1cncc2ccccc12)N1CCC[C@H]1Cc1cccs1,O=C(Cc1cncc2ccccc12)N1CCC[C@H]1Cc1cccs1,4.86,c1c2c(CC(N3[C@H](Cc4cccs4)CCC3)=O)cncc2ccc1,B~A{Aaradaasaaaaars}DrAAA{A*Q}rAaraaaer,81.81818181818181
O=C(Cc1cncc2ccccc12)N1CCC[C@H]1c1c(Cl)cccc1Cl,O=C(Cc1cncc2ccccc12)N1CCC[C@H]1c1c(Cl)cccc1Cl,4.38,c1(Cl)c([C@@H]2CCCN2C(=O)Cc2c3ccccc3cnc2)c(Cl)ccc1,B~A{Aaradaasaaaaars}DrAAA{A*Q}rara{Z}aaaarZ,91.96617336152221
O=C(Cc1cncc2ccccc12)N1CCC[C@H]1c1c(F)ccc(Cl)c1F,O=C(Cc1cncc2ccccc12)N1CCC[C@H]1c1c(F)ccc(Cl)c1F,5.38,C(c1c2ccccc2cnc1)C(=O)N1[C@H](c2c(F)ccc(Cl)c2F)CCC1,B~A{Aaradaasaaaaars}DrAAA{A*Q}rara{G}aaa{Z}arG,70.82452431289641
O=C(Cc1cncc2ccccc12)N1CCC[C@H]1c1cc(C2CC2)on1,O=C(Cc1cncc2ccccc12)N1CCC[C@H]1c1cc(C2CC2)on1,4.51,C(Cc1cncc2c1cccc2)(=O)N1CCC[C@H]1c1noc(C2CC2)c1,B~A{Aaradaasaaaaars}DrAAA{A*Q}raraa{AsAAs}bdr,89.21775898520085
O=C(Cc1cncc2ccccc12)N1CCC[C@H]1c1cc(F)cc(F)c1,O=C(Cc1cncc2ccccc12)N1CCC[C@H]1c1cc(F)cc(F)c1,5.73,C1CCN(C(Cc2c3c(cccc3)cnc2)=O)[C@@H]1c1cc(F)cc(F)c1,B~A{Aaradaasaaaaars}DrAAA{A*Q}raraa{G}aa{G}ar,63.424947145877375
O=C(Cc1cncc2ccccc12)N1CCC[C@H]1c1cc2ccccc2s1,O=C(Cc1cncc2ccccc12)N1CCC[C@H]1c1cc2ccccc2s1,4.56,C(C(=O)N1CCC[C@H]1c1sc2c(cccc2)c1)c1c2ccccc2cnc1,B~A{Aaradaasaaaaars}DrAAA{A*Q}raraasaaaaaser,88.16067653276956
O=C(Cc1cncc2ccccc12)N1CCC[C@H]1c1ccc(Cl)cc1,O=C(Cc1cncc2ccccc12)N1CCC[C@H]1c1ccc(Cl)cc1,4.68,c1(CC(=O)N2[C@H](c3ccc(Cl)cc3)CCC2)c2ccccc2cnc1,B~A{Aaradaasaaaaars}DrAAA{A*Q}raraaa{Z}aar,85.62367864693447
O=C(Cc1cncc2ccccc12)N1CCC[C@H]1c1cccc(F)c1,O=C(Cc1cncc2ccccc12)N1CCC[C@H]1c1cccc(F)c1,5.77,Fc1cccc([C@H]2N(C(Cc3cncc4ccccc43)=O)CCC2)c1,B~A{Aaradaasaaaaars}DrAAA{A*Q}raraaaa{G}ar,62.579281183932366
O=C(Cc1cncc2ccccc12)N1CCC[C@H]1c1cccc(F)c1F,O=C(Cc1cncc2ccccc12)N1CCC[C@H]1c1cccc(F)c1F,5.046666666666667,c1ccc([C@H]2N(C(=O)Cc3c4ccccc4cnc3)CCC2)c(F)c1F,B~A{Aaradaasaaaaars}DrAAA{A*Q}raraaaa{G}arG,77.87174066243834
O=C(Cc1cncc2ccccc12)N1CCC[C@H]1c1ccccc1,O=C(Cc1cncc2ccccc12)N1CCC[C@H]1c1ccccc1,4.99,O=C(Cc1c2ccccc2cnc1)N1CCC[C@H]1c1ccccc1,B~A{Aaradaasaaaaars}DrAAA{A*Q}raraaaaar,79.06976744186046
O=C(Cc1cncc2ccccc12)N1CCC[C@H]1c1ccccn1,O=C(Cc1cncc2ccccc12)N1CCC[C@H]1c1ccccn1,4.24,n1cc(CC(N2CCC[C@H]2c2ccccn2)=O)c2ccccc2c1,B~A{Aaradaasaaaaars}DrAAA{A*Q}raraaaadr,94.9260042283298
O=C(Cc1cncc2ccccc12)N1CCC[C@H]1c1cnc2ccccc2c1,O=C(Cc1cncc2ccccc12)N1CCC[C@H]1c1cnc2ccccc2c1,4.01,c1cc2c(cc([C@H]3N(C(=O)Cc4c5c(cccc5)cnc4)CCC3)cn2)cc1,B~A{Aaradaasaaaaars}DrAAA{A*Q}raradasaaaaasar,99.78858350951374
O=C(Cc1cncc2ccccc12)N1CCC[C@H]2CCC(F)(F)C[C@H]21,O=C(Cc1cncc2ccccc12)N1CCC[C@H]2CCC(F)(F)C[C@H]21,4.46,C1CC[C@H]2CCC(F)(F)C[C@H]2N1C(Cc1c2ccccc2cnc1)=O,B~A{Aaradaasaaaaars}DrAAA{A*Q}sAAA{G}{G}A{A*Q}sr,90.27484143763213
O=C(Cc1cncc2ccccc12)N1CCC[C@H]2CCCC[C@@H]21,O=C(Cc1cncc2ccccc12)N1CCC[C@H]2CCCC[C@@H]21,5.18,C(Cc1c2c(cccc2)cnc1)(N1CCC[C@H]2CCCC[C@H]12)=O,B~A{Aaradaasaaaaars}DrAAA{A*Q}sAAAA{A**Q}sr,75.05285412262157
O=C(Cc1cncc2ccccc12)N1CCC[C@H]2CCCC[C@H]21,O=C(Cc1cncc2ccccc12)N1CCC[C@H]2CCCC[C@H]21,4.91,C1CC[C@H]2N(C(=O)Cc3c4ccccc4cnc3)CCC[C@H]2C1,B~A{Aaradaasaaaaars}DrAAA{A*Q}sAAAA{A*Q}sr,80.76109936575052
O=C(Cc1cncc2ccccc12)N1CCC[C@](F)(c2ccccc2)C1,O=C(Cc1cncc2ccccc12)N1CCC[C@](F)(c2ccccc2)C1,4.55,C1CN(C(Cc2cncc3ccccc32)=O)C[C@@](F)(c2ccccc2)C1,B~A{Aaradaasaaaaars}DrAAA{A*}{G}{asaaaaas}Ar,88.37209302325581
O=C(Cc1cncc2ccccc12)N1CCC[C@]2(C1)OC[C@H]1C[C@H]12,O=C(Cc1cncc2ccccc12)N1CCC[C@]2(C1)OC[C@H]1C[C@H]12,4.02,C1[C@H]2[C@]3(OC[C@@H]12)CN(C(=O)Cc1cncc2c1cccc2)CCC3,B~A{Aaradaasaaaaars}DrAAA{A*}s{Ar}BA{A*Q}rA{A*Q}rs,99.5771670190275
O=C(Cc1cncc2ccccc12)N1CCC[C@]2(C=Cc3ccccc3O2)C1,O=C(Cc1cncc2ccccc12)N1CCC[C@]2(C=Cc3ccccc3O2)C1,4.17,c12c(cccc1)C=C[C@]1(O2)CN(C(=O)Cc2c3ccccc3cnc2)CCC1,B~A{Aaradaasaaaaars}DrAAA{A*}s{A~AataaaaatBs}Ar,96.40591966173362
O=C(Cc1cncc2ccccc12)N1CCCc2ccccc21,O=C(Cc1cncc2ccccc12)N1CCCc2ccccc21,4.68,C1CCN(C(=O)Cc2c3ccccc3cnc2)c2ccccc21,B~A{Aaradaasaaaaars}DrAAAasaaaaasr,85.62367864693447
O=C(Cc1cncc2ccccc12)N1CCCc2ccccc2CC1,O=C(Cc1cncc2ccccc12)N1CCCc2ccccc2CC1,5.01,c12c(cccc1)c(CC(=O)N1CCCc3c(cccc3)CC1)cnc2,B~A{Aaradaasaaaaars}DrAAAasaaaaasAAr,78.64693446088795
O=C(Cc1cncc2ccccc12)N1CCCc2sccc2C1,O=C(Cc1cncc2ccccc12)N1CCCc2sccc2C1,5.84,N1(C(=O)Cc2c3ccccc3cnc2)Cc2ccsc2CCC1,B~A{Aaradaasaaaaars}DrAAAaseaaasAr,61.09936575052855
O=C(Cc1cncc2ccccc12)N1CCCn2cccc2C1,O=C(Cc1cncc2ccccc12)N1CCCn2cccc2C1,4.51,c1c2c(c(CC(N3CCCn4cccc4C3)=O)cn1)cccc2,B~A{Aaradaasaaaaars}DrAAAdsaaaasAr,89.21775898520085
O=C(Cc1cncc2ccccc12)N1CCCn2nccc2C1,O=C(Cc1cncc2ccccc12)N1CCCn2nccc2C1,4.11,c1cnn2c1CN(C(Cc1cncc3ccccc31)=O)CCC2,B~A{Aaradaasaaaaars}DrAAAdsdaaasAr,97.67441860465115
O=C(Cc1cncc2ccccc12)N1CCN(Cc2ccccc2)C[C@H]1C1CC1,O=C(Cc1cncc2ccccc12)N1CCN(Cc2ccccc2)C[C@H]1C1CC1,4.51,c1c2cncc(CC(N3[C@H](C4CC4)CN(Cc4ccccc4)CC3)=O)c2ccc1,B~A{Aaradaasaaaaars}DrAAD{Aasaaaaas}A{A*Q}rArAAr,89.21775898520085
O=C(Cc1cncc2ccccc12)N1CCN(Cc2ccccc2)C[C@H]1c1ccccc1,O=C(Cc1cncc2ccccc12)N1CCN(Cc2ccccc2)C[C@H]1c1ccccc1,5.15,c1ccc2c(c(CC(=O)N3[C@H](c4ccccc4)CN(Cc4ccccc4)CC3)cnc2)c1,B~A{Aaradaasaaaaars}DrAAD{Aasaaaaas}A{A*Q}raraaaaar,75.68710359408033
O=C(Cc1cncc2ccccc12)N1CCN(c2cccnc2)CC1,O=C(Cc1cncc2ccccc12)N1CCN(c2cccnc2)CC1,4.04,c12ccccc1c(CC(N1CCN(c3cccnc3)CC1)=O)cnc2,B~A{Aaradaasaaaaars}DrAAD{asaaadas}AAr,99.15433403805497
O=C(Cc1cncc2ccccc12)N1CCOC[C@H]1c1cccs1,O=C(Cc1cncc2ccccc12)N1CCOC[C@H]1c1cccs1,4.53,c1([C@@H]2COCCN2C(=O)Cc2cncc3ccccc32)cccs1,B~A{Aaradaasaaaaars}DrAABA{A*Q}raraaaer,88.79492600422832
O=C(Cc1cncc2ccccc12)N1CCOC[C@H]1c1nc2ccccc2s1,O=C(Cc1cncc2ccccc12)N1CCOC[C@H]1c1nc2ccccc2s1,4.01,c1c2c(nc([C@@H]3COCCN3C(Cc3cncc4ccccc34)=O)s2)ccc1,B~A{Aaradaasaaaaars}DrAABA{A*Q}rardasaaaaaser,99.78858350951374
O=C(Cc1cncc2ccccc12)N1CCO[C@H](c2ccsc2)C1,O=C(Cc1cncc2ccccc12)N1CCO[C@H](c2ccsc2)C1,4.56,c1cc2cncc(CC(=O)N3C[C@@H](c4cscc4)OCC3)c2cc1,B~A{Aaradaasaaaaars}DrAAB{A*Q}{asaaeas}Ar,88.16067653276956
O=C(Cc1cncc2ccccc12)N1CCSC[C@H]1C1CCC1,O=C(Cc1cncc2ccccc12)N1CCSC[C@H]1C1CCC1,4.61,S1CCN(C(Cc2c3c(cnc2)cccc3)=O)[C@H](C2CCC2)C1,B~A{Aaradaasaaaaars}DrAAEA{A*Q}rArAAAr,87.10359408033825
O=C(Cc1cncc2ccccc12)N1CCSC[C@H]1c1ccccc1,O=C(Cc1cncc2ccccc12)N1CCSC[C@H]1c1ccccc1,4.94,c1cccc([C@@H]2CSCCN2C(=O)Cc2cncc3ccccc23)c1,B~A{Aaradaasaaaaars}DrAAEA{A*Q}raraaaaar,80.12684989429175
O=C(Cc1cncc2ccccc12)N1CCSC[C@H]1c1cccs1,O=C(Cc1cncc2ccccc12)N1CCSC[C@H]1c1cccs1,5.27,c1([C@H]2N(C(=O)Cc3c4ccccc4cnc3)CCSC2)sccc1,B~A{Aaradaasaaaaars}DrAAEA{A*Q}raraaaer,73.15010570824526
O=C(Cc1cncc2ccccc12)N1CCS[C@H](c2ccccc2)C1,O=C(Cc1cncc2ccccc12)N1CCS[C@H](c2ccccc2)C1,4.81,C1N(C(Cc2c3ccccc3cnc2)=O)CCS[C@@H]1c1ccccc1,B~A{Aaradaasaaaaars}DrAAE{A*Q}{asaaaaas}Ar,82.87526427061312
O=C(Cc1cncc2ccccc12)N1CC[C@@H](Oc2ccc(F)cc2)C1,O=C(Cc1cncc2ccccc12)N1CC[C@@H](Oc2ccc(F)cc2)C1,4.46,c1cc(F)ccc1O[C@H]1CN(C(Cc2cncc3ccccc23)=O)CC1,B~A{Aaradaasaaaaars}DrAA{A**Q}{Basaaa{G}aas}Ar,90.27484143763213
O=C(Cc1cncc2ccccc12)N1CC[C@@H]2CCCC[C@@H]2C1,O=C(Cc1cncc2ccccc12)N1CC[C@@H]2CCCC[C@@H]2C1,5.82,[C@H]12[C@H](CCCC1)CN(C(Cc1cncc3c1cccc3)=O)CC2,B~A{Aaradaasaaaaars}DrAA{A**Q}sAAAA{A**Q}sAr,61.52219873150105
O=C(Cc1cncc2ccccc12)N1CC[C@@H]2CCCC[C@H]2C1,O=C(Cc1cncc2ccccc12)N1CC[C@@H]2CCCC[C@H]2C1,6.09,C1[C@@H]2[C@@H](CCC1)CN(C(=O)Cc1c3ccccc3cnc1)CC2,B~A{Aaradaasaaaaars}DrAA{A**Q}sAAAA{A*Q}sAr,55.8139534883721
O=C(Cc1cncc2ccccc12)N1CC[C@H](C2(c3ccccc3)CC2)C1,O=C(Cc1cncc2ccccc12)N1CC[C@H](C2(c3ccccc3)CC2)C1,4.95,n1cc2ccccc2c(CC(N2C[C@@H](C3(c4ccccc4)CC3)CC2)=O)c1,B~A{Aaradaasaaaaars}DrAA{A*Q}{As{ataaaaat}AAs}Ar,79.9154334038055
O=C(Cc1cncc2ccccc12)N1CC[C@H](C2CCC(F)(F)CC2)C1,O=C(Cc1cncc2ccccc12)N1CC[C@H](C2CCC(F)(F)CC2)C1,4.42,C1N(C(Cc2c3ccccc3cnc2)=O)C[C@@H](C2CCC(F)(F)CC2)C1,B~A{Aaradaasaaaaars}DrAA{A*Q}{AsAAA{G}{G}AAs}Ar,91.12050739957716
O=C(Cc1cncc2ccccc12)N1CC[C@H](C2CCCCC2)C1,O=C(Cc1cncc2ccccc12)N1CC[C@H](C2CCCCC2)C1,5.26,[C@H]1(C2CCCCC2)CCN(C(Cc2c3c(cnc2)cccc3)=O)C1,B~A{Aaradaasaaaaars}DrAA{A*Q}{AsAAAAAs}Ar,73.3615221987315
O=C(Cc1cncc2ccccc12)N1CC[C@H](CC2CCC2)C1,O=C(Cc1cncc2ccccc12)N1CC[C@H](CC2CCC2)C1,5.03,C(C(N1C[C@@H](CC2CCC2)CC1)=O)c1cncc2ccccc21,B~A{Aaradaasaaaaars}DrAA{A*Q}{AAsAAAs}Ar,78.22410147991543
O=C(Cc1cncc2ccccc12)N1CC[C@H](COc2ccccc2)C1,O=C(Cc1cncc2ccccc12)N1CC[C@H](COc2ccccc2)C1,4.1,c1cc(OC[C@H]2CCN(C(Cc3cncc4ccccc43)=O)C2)ccc1,B~A{Aaradaasaaaaars}DrAA{A*Q}{ABasaaaaas}Ar,97.88583509513742
O=C(Cc1cncc2ccccc12)N1CC[C@H](Cc2ccc(C(F)F)cc2)C1,O=C(Cc1cncc2ccccc12)N1CC[C@H](Cc2ccc(C(F)F)cc2)C1,4.18,n1cc2ccccc2c(CC(=O)N2C[C@@H](Cc3ccc(C(F)F)cc3)CC2)c1,B~A{Aaradaasaaaaars}DrAA{A*Q}{Aasaaa{A{G}G}aas}Ar,96.19450317124736
O=C(Cc1cncc2ccccc12)N1CC[C@H](Cc2ccc(F)c(F)c2)C1,O=C(Cc1cncc2ccccc12)N1CC[C@H](Cc2ccc(F)c(F)c2)C1,4.71,Fc1ccc(C[C@H]2CCN(C(Cc3cncc4c3cccc4)=O)C2)cc1F,B~A{Aaradaasaaaaars}DrAA{A*Q}{Aasaaa{G}a{G}as}Ar,84.98942917547569
O=C(Cc1cncc2ccccc12)N1CC[C@H](Cc2ccc(O)cc2)C1,O=C(Cc1cncc2ccccc12)N1CC[C@H](Cc2ccc(O)cc2)C1,4.06,c1cc(C[C@@H]2CN(C(=O)Cc3c4ccccc4cnc3)CC2)ccc1O,B~A{Aaradaasaaaaars}DrAA{A*Q}{Aasaaa{B}aas}Ar,98.73150105708245
O=C(Cc1cncc2ccccc12)N1CC[C@H](Cc2cccc(Cl)c2)C1,O=C(Cc1cncc2ccccc12)N1CC[C@H](Cc2cccc(Cl)c2)C1,4.98,c1cc2cncc(CC(N3CC[C@H](Cc4cc(Cl)ccc4)C3)=O)c2cc1,B~A{Aaradaasaaaaars}DrAA{A*Q}{Aasaaaa{Z}as}Ar,79.28118393234672
O=C(Cc1cncc2ccccc12)N1CC[C@H](Cc2ccccn2)C1,O=C(Cc1cncc2ccccc12)N1CC[C@H](Cc2ccccn2)C1,4.15,c12ccccc1c(CC(N1CC[C@H](Cc3ccccn3)C1)=O)cnc2,B~A{Aaradaasaaaaars}DrAA{A*Q}{Aasaaaads}Ar,96.82875264270612
O=C(Cc1cncc2ccccc12)N1CC[C@H](N2CCCCC2)C1,O=C(Cc1cncc2ccccc12)N1CC[C@H](N2CCCCC2)C1,4.08,C1CCCCN1[C@@H]1CN(C(=O)Cc2cncc3c2cccc3)CC1,B~A{Aaradaasaaaaars}DrAA{A*Q}{DsAAAAAs}Ar,98.30866807610994
O=C(Cc1cncc2ccccc12)N1CC[C@H](OC(F)(F)F)C1,O=C(Cc1cncc2ccccc12)N1CC[C@H](OC(F)(F)F)C1,5.596666666666667,c1cc2cncc(CC(N3CC[C@H](OC(F)(F)F)C3)=O)c2cc1,B~A{Aaradaasaaaaars}DrAA{A*Q}{BA{G}{G}G}Ar,66.24383368569416
O=C(Cc1cncc2ccccc12)N1CC[C@H](Oc2cccc(F)c2)C1,O=C(Cc1cncc2ccccc12)N1CC[C@H](Oc2cccc(F)c2)C1,4.86,[C@H]1(Oc2cccc(F)c2)CCN(C(Cc2cncc3ccccc32)=O)C1,B~A{Aaradaasaaaaars}DrAA{A*Q}{Basaaaa{G}as}Ar,81.81818181818181
O=C(Cc1cncc2ccccc12)N1CC[C@H](Oc2ccccc2)C1,O=C(Cc1cncc2ccccc12)N1CC[C@H](Oc2ccccc2)C1,4.26,[C@@H]1(Oc2ccccc2)CN(C(Cc2cncc3ccccc32)=O)CC1,B~A{Aaradaasaaaaars}DrAA{A*Q}{Basaaaaas}Ar,94.5031712473573
O=C(Cc1cncc2ccccc12)N1CC[C@H](S(=O)(=O)C(F)F)C1,O=C(Cc1cncc2ccccc12)N1CC[C@H](S(=O)(=O)C(F)F)C1,4.63,FC(S([C@@H]1CN(C(Cc2cncc3c2cccc3)=O)CC1)(=O)=O)F,B~A{Aaradaasaaaaars}DrAA{A*Q}{E{~B}{~B}A{G}G}Ar,86.68076109936575
O=C(Cc1cncc2ccccc12)N1CC[C@H](Sc2cccc(Cl)c2)C1,O=C(Cc1cncc2ccccc12)N1CC[C@H](Sc2cccc(Cl)c2)C1,4.53,c1cccc2cncc(CC(=O)N3C[C@@H](Sc4cccc(Cl)c4)CC3)c12,B~A{Aaradaasaaaaars}DrAA{A*Q}{Easaaaa{Z}as}Ar,88.79492600422832
O=C(Cc1cncc2ccccc12)N1CC[C@H](c2ccc(Cl)cc2)C1,O=C(Cc1cncc2ccccc12)N1CC[C@H](c2ccc(Cl)cc2)C1,4.25,[C@@H]1(c2ccc(Cl)cc2)CN(C(Cc2cncc3c2cccc3)=O)CC1,B~A{Aaradaasaaaaars}DrAA{A*Q}{asaaa{Z}aas}Ar,94.71458773784356
O=C(Cc1cncc2ccccc12)N1CC[C@H](c2ccc(O)cc2)C1,O=C(Cc1cncc2ccccc12)N1CC[C@H](c2ccc(O)cc2)C1,4.55,c1ccc2cncc(CC(N3C[C@@H](c4ccc(O)cc4)CC3)=O)c2c1,B~A{Aaradaasaaaaars}DrAA{A*Q}{asaaa{B}aas}Ar,88.37209302325581
O=C(Cc1cncc2ccccc12)N1CC[C@H](c2cccc(Cl)c2)C1,O=C(Cc1cncc2ccccc12)N1CC[C@H](c2cccc(Cl)c2)C1,5.04,C1N(C(=O)Cc2c3c(cccc3)cnc2)C[C@@H](c2cccc(Cl)c2)C1,B~A{Aaradaasaaaaars}DrAA{A*Q}{asaaaa{Z}as}Ar,78.01268498942918
O=C(Cc1cncc2ccccc12)N1CC[C@H](c2cccc(F)c2)C1,O=C(Cc1cncc2ccccc12)N1CC[C@H](c2cccc(F)c2)C1,5.126666666666667,c1([C@@H]2CN(C(Cc3cncc4c3cccc4)=O)CC2)cccc(F)c1,B~A{Aaradaasaaaaars}DrAA{A*Q}{asaaaa{G}as}Ar,76.18040873854828
O=C(Cc1cncc2ccccc12)N1CC[C@H](c2ccccc2)C1,O=C(Cc1cncc2ccccc12)N1CC[C@H](c2ccccc2)C1,4.69,C1CN(C(=O)Cc2cncc3ccccc23)C[C@H]1c1ccccc1,B~A{Aaradaasaaaaars}DrAA{A*Q}{asaaaaas}Ar,85.4122621564482
O=C(Cc1cncc2ccccc12)N1CC[C@H](c2ccccc2F)C1,O=C(Cc1cncc2ccccc12)N1CC[C@H](c2ccccc2F)C1,4.84,c1c([C@@H]2CN(C(=O)Cc3c4c(cccc4)cnc3)CC2)c(F)ccc1,B~A{Aaradaasaaaaars}DrAA{A*Q}{asaaaaasG}Ar,82.24101479915434
O=C(Cc1cncc2ccccc12)N1CC[C@H](c2cccnc2)C1,O=C(Cc1cncc2ccccc12)N1CC[C@H](c2cccnc2)C1,4.1,c1c2c(c(CC(=O)N3C[C@@H](c4cnccc4)CC3)cn1)cccc2,B~A{Aaradaasaaaaars}DrAA{A*Q}{asaaadas}Ar,97.88583509513742
O=C(Cc1cncc2ccccc12)N1CC[C@H](c2cccs2)C1,O=C(Cc1cncc2ccccc12)N1CC[C@H](c2cccs2)C1,5.11,C1[C@@H](c2cccs2)CCN1C(Cc1cncc2ccccc21)=O,B~A{Aaradaasaaaaars}DrAA{A*Q}{asaaaes}Ar,76.53276955602536
O=C(Cc1cncc2ccccc12)N1CC[C@H](c2ncco2)C1,O=C(Cc1cncc2ccccc12)N1CC[C@H](c2ncco2)C1,4.02,C1C[C@H](c2ncco2)CN1C(Cc1c2c(cccc2)cnc1)=O,B~A{Aaradaasaaaaars}DrAA{A*Q}{asdaabs}Ar,99.5771670190275
O=C(Cc1cncc2ccccc12)N1CC[C@H](c2nccs2)C1,O=C(Cc1cncc2ccccc12)N1CC[C@H](c2nccs2)C1,4.29,c1cc2c(CC(=O)N3C[C@@H](c4nccs4)CC3)cncc2cc1,B~A{Aaradaasaaaaars}DrAA{A*Q}{asdaaes}Ar,93.86892177589853
O=C(Cc1cncc2ccccc12)N1CC[C@H]1CC1CCCC1,O=C(Cc1cncc2ccccc12)N1CC[C@H]1CC1CCCC1,4.92,[C@@H]1(CC2CCCC2)CCN1C(=O)Cc1cncc2c1cccc2,B~A{Aaradaasaaaaars}DrAA{A*Q}rAArAAAAr,80.54968287526428
O=C(Cc1cncc2ccccc12)N1CC[C@H]1Cc1ccccc1,O=C(Cc1cncc2ccccc12)N1CC[C@H]1Cc1ccccc1,4.74,c1c(CC(N2CC[C@H]2Cc2ccccc2)=O)c2ccccc2cn1,B~A{Aaradaasaaaaars}DrAA{A*Q}rAaraaaaar,84.3551797040169
O=C(Cc1cncc2ccccc12)N1CC[C@H]2CCC(F)(F)C[C@H]2C1,O=C(Cc1cncc2ccccc12)N1CC[C@H]2CCC(F)(F)C[C@H]2C1,5.886666666666667,c1cccc2c1cncc2CC(=O)N1CC[C@H]2CCC(F)(F)C[C@H]2C1,B~A{Aaradaasaaaaars}DrAA{A*Q}sAAA{G}{G}A{A*Q}sAr,60.11275546159268
O=C(Cc1cncc2ccccc12)N1CC[C@H]2CCCC[C@H]21,O=C(Cc1cncc2ccccc12)N1CC[C@H]2CCCC[C@H]21,4.5,N1(C(=O)Cc2c3ccccc3cnc2)CC[C@@H]2[C@H]1CCCC2,B~A{Aaradaasaaaaars}DrAA{A*Q}sAAAA{A*Q}sr,89.4291754756871
O=C(Cc1cncc2ccccc12)N1CC[C@H]2CCCC[C@H]2CC1,O=C(Cc1cncc2ccccc12)N1CC[C@H]2CCCC[C@H]2CC1,5.88,C(Cc1c2c(cccc2)cnc1)(N1CC[C@@H]2CCCC[C@@H]2CC1)=O,B~A{Aaradaasaaaaars}DrAA{A*Q}sAAAA{A*Q}sAAr,60.25369978858352
O=C(Cc1cncc2ccccc12)N1CC[C@H]2CCC[C@H]1C2,O=C(Cc1cncc2ccccc12)N1CC[C@H]2CCC[C@H]1C2,4.97,c1c(CC(N2[C@@H]3C[C@@H](CC2)CCC3)=O)c2c(cccc2)cn1,B~A{Aaradaasaaaaars}DrAA{A*Q}sAAA{A*Q}rAs,79.49260042283298
O=C(Cc1cncc2ccccc12)N1CC[C@H]2CCC[C@H]21,O=C(Cc1cncc2ccccc12)N1CC[C@H]2CCC[C@H]21,4.21,[C@@H]12CCN(C(Cc3cncc4c3cccc4)=O)[C@@H]1CCC2,B~A{Aaradaasaaaaars}DrAA{A*Q}sAAA{A*Q}sr,95.56025369978859
O=C(Cc1cncc2ccccc12)N1CC[C@H]2CCC[C@H]2C1,O=C(Cc1cncc2ccccc12)N1CC[C@H]2CCC[C@H]2C1,5.67,c1c2c(cccc2)c(CC(=O)N2C[C@H]3[C@@H](CC2)CCC3)cn1,B~A{Aaradaasaaaaars}DrAA{A*Q}sAAA{A*Q}sAr,64.69344608879493
O=C(Cc1cncc2ccccc12)N1CC[C@H]2CCO[C@H]2C1,O=C(Cc1cncc2ccccc12)N1CC[C@H]2CCO[C@H]2C1,4.23,C1CO[C@H]2CN(C(=O)Cc3c4c(cnc3)cccc4)CC[C@@H]12,B~A{Aaradaasaaaaars}DrAA{A*Q}sAAB{A*Q}sAr,95.13742071881606
O=C(Cc1cncc2ccccc12)N1CC[C@H]2CC[C@H]1C2,O=C(Cc1cncc2ccccc12)N1CC[C@H]2CC[C@H]1C2,4.67,[C@@H]12CC[C@H](CCN1C(=O)Cc1cncc3ccccc13)C2,B~A{Aaradaasaaaaars}DrAA{A*Q}sAA{A*Q}rAs,85.83509513742072
O=C(Cc1cncc2ccccc12)N1CC[C@H]2CC[C@H]2C1,O=C(Cc1cncc2ccccc12)N1CC[C@H]2CC[C@H]2C1,4.99,c1cc2c(c(CC(N3CC[C@@H]4[C@H](C3)CC4)=O)cnc2)cc1,B~A{Aaradaasaaaaars}DrAA{A*Q}sAA{A*Q}sAr,79.06976744186046
O=C(Cc1cncc2ccccc12)N1CC[C@H]2COC[C@H]1C2,O=C(Cc1cncc2ccccc12)N1CC[C@H]2COC[C@H]1C2,4.14,c1c(CC(=O)N2[C@H]3COC[C@H](CC2)C3)c2c(cccc2)cn1,B~A{Aaradaasaaaaars}DrAA{A*Q}sABA{A*Q}rAs,97.04016913319239
O=C(Cc1cncc2ccccc12)N1CC[C@H]2COC[C@H]2C1,O=C(Cc1cncc2ccccc12)N1CC[C@H]2COC[C@H]2C1,4.28,c1ccc2cncc(CC(N3CC[C@H]4COC[C@H]4C3)=O)c2c1,B~A{Aaradaasaaaaars}DrAA{A*Q}sABA{A*Q}sAr,94.08033826638477
O=C(Cc1cncc2ccccc12)N1CC[C@H]2C[C@@H]1C2,O=C(Cc1cncc2ccccc12)N1CC[C@H]2C[C@@H]1C2,4.39,c1ncc2ccccc2c1CC(=O)N1[C@H]2C[C@@H](CC1)C2,B~A{Aaradaasaaaaars}DrAA{A*Q}sA{A**Q}rAs,91.75475687103595
O=C(Cc1cncc2ccccc12)N1CC[C@H]2C[C@H](O)C[C@H]2C1,O=C(Cc1cncc2ccccc12)N1CC[C@H]2C[C@H](O)C[C@H]2C1,4.16,C1[C@@H]2C[C@@H](O)C[C@@H]2CCN1C(Cc1c2c(cnc1)cccc2)=O,B~A{Aaradaasaaaaars}DrAA{A*Q}sA{A*Q}{B}A{A*Q}sAr,96.61733615221986
O=C(Cc1cncc2ccccc12)N1CC[C@H]2C[C@H]2C1,O=C(Cc1cncc2ccccc12)N1CC[C@H]2C[C@H]2C1,4.55,c12c(cccc1)c(CC(N1C[C@@H]3C[C@@H]3CC1)=O)cnc2,B~A{Aaradaasaaaaars}DrAA{A*Q}sA{A*Q}sAr,88.37209302325581
O=C(Cc1cncc2ccccc12)N1CC[C@H]2[C@H](F)[C@H]2C1,O=C(Cc1cncc2ccccc12)N1CC[C@H]2[C@H](F)[C@H]2C1,5.2,N1(C(=O)Cc2cncc3ccccc23)CC[C@H]2[C@H](F)[C@H]2C1,B~A{Aaradaasaaaaars}DrAA{A*Q}s{A*Q}{G}{A*Q}sAr,74.63002114164904
O=C(Cc1cncc2ccccc12)N1CC[C@](F)(c2cccc(C(F)(F)F)c2)C1,O=C(Cc1cncc2ccccc12)N1CC[C@](F)(c2cccc(C(F)(F)F)c2)C1,4.38,c1cccc2cncc(CC(N3C[C@@](F)(c4cc(C(F)(F)F)ccc4)CC3)=O)c12,B~A{Aaradaasaaaaars}DrAA{A*}{G}{asaaaa{A{G}{G}G}as}Ar,91.96617336152221
O=C(Cc1cncc2ccccc12)N1CC[C@](F)(c2cccc(Cl)c2)C1,O=C(Cc1cncc2ccccc12)N1CC[C@](F)(c2cccc(Cl)c2)C1,4.78,n1cc2ccccc2c(CC(N2C[C@@](F)(c3cc(Cl)ccc3)CC2)=O)c1,B~A{Aaradaasaaaaars}DrAA{A*}{G}{asaaaa{Z}as}Ar,83.50951374207187
O=C(Cc1cncc2ccccc12)N1CC[C@](F)(c2ccccc2)C1,O=C(Cc1cncc2ccccc12)N1CC[C@](F)(c2ccccc2)C1,4.73,c12c(CC(N3CC[C@](F)(c4ccccc4)C3)=O)cncc1cccc2,B~A{Aaradaasaaaaars}DrAA{A*}{G}{asaaaaas}Ar,84.56659619450316
O=C(Cc1cncc2ccccc12)N1CC[C@](c2ccccc2)(C(F)(F)F)C1,O=C(Cc1cncc2ccccc12)N1CC[C@](c2ccccc2)(C(F)(F)F)C1,4.75,c1c2c(ccc1)cncc2CC(N1C[C@@](c2ccccc2)(C(F)(F)F)CC1)=O,B~A{Aaradaasaaaaars}DrAA{A*}{asaaaaas}{A{G}{G}G}Ar,84.14376321353066
O=C(Cc1cncc2ccccc12)N1CC[C@]2(CC(C(F)F)=NO2)C1,O=C(Cc1cncc2ccccc12)N1CC[C@]2(CC(C(F)F)=NO2)C1,4.62,C1N(C(Cc2c3ccccc3cnc2)=O)C[C@@]2(CC(C(F)F)=NO2)C1,B~A{Aaradaasaaaaars}DrAA{A*}s{AA{A{G}G}~DBs}Ar,86.89217758985201
O=C(Cc1cncc2ccccc12)N1CC[C@]2(CC=CCO2)C1,O=C(Cc1cncc2ccccc12)N1CC[C@]2(CC=CCO2)C1,5.22,c1ncc2ccccc2c1CC(=O)N1CC[C@@]2(OCC=CC2)C1,B~A{Aaradaasaaaaars}DrAA{A*}s{AA~AABs}Ar,74.20718816067654
O=C(Cc1cncc2ccccc12)N1CC[C@]2(CCCc3ccccc32)C1,O=C(Cc1cncc2ccccc12)N1CC[C@]2(CCCc3ccccc32)C1,5.383333333333333,c1c2c(ccc1)CCC[C@@]21CN(C(Cc2cncc3ccccc23)=O)CC1,B~A{Aaradaasaaaaars}DrAA{A*}s{AAAataaaaats}Ar,70.75405214940099
O=C(Cc1cncc2ccccc12)N1CCc2[nH]cnc2C1,O=C(Cc1cncc2ccccc12)N1CCc2[nH]cnc2C1,4.83,C1CN(C(=O)Cc2cncc3c2cccc3)Cc2c1[nH]cn2,B~A{Aaradaasaaaaars}DrAAas{dQ}adasAr,82.4524312896406
O=C(Cc1cncc2ccccc12)N1CCc2c(Cl)cccc2C1,O=C(Cc1cncc2ccccc12)N1CCc2c(Cl)cccc2C1,6.39,c1ccc2c(c(CC(N3CCc4c(Cl)cccc4C3)=O)cnc2)c1,B~A{Aaradaasaaaaars}DrAAasa{Z}aaaasAr,49.47145877378437
O=C(Cc1cncc2ccccc12)N1CCc2ccc(Cl)cc2CC1,O=C(Cc1cncc2ccccc12)N1CCc2ccc(Cl)cc2CC1,5.43,C(Cc1cncc2ccccc21)(=O)N1CCc2c(ccc(Cl)c2)CC1,B~A{Aaradaasaaaaars}DrAAasaaa{Z}aasAAr,69.76744186046513
O=C(Cc1cncc2ccccc12)N1CCc2nc(C(F)(F)F)ccc2C1,O=C(Cc1cncc2ccccc12)N1CCc2nc(C(F)(F)F)ccc2C1,4.13,C(F)(F)(F)c1nc2c(cc1)CN(C(=O)Cc1c3ccccc3cnc1)CC2,B~A{Aaradaasaaaaars}DrAAasda{A{G}{G}G}aaasAr,97.25158562367865
O=C(Cc1cncc2ccccc12)N1CCc2ncc(C(F)(F)F)cc2C1,O=C(Cc1cncc2ccccc12)N1CCc2ncc(C(F)(F)F)cc2C1,4.4,C1c2c(ncc(C(F)(F)F)c2)CCN1C(=O)Cc1c2ccccc2cnc1,B~A{Aaradaasaaaaars}DrAAasdaa{A{G}{G}G}aasAr,91.54334038054968
O=C(Cc1cncc2ccccc12)N1CCc2ncc(Cl)cc2C1,O=C(Cc1cncc2ccccc12)N1CCc2ncc(Cl)cc2C1,4.48,c12c(CC(=O)N3CCc4c(cc(Cl)cn4)C3)cncc1cccc2,B~A{Aaradaasaaaaars}DrAAasdaa{Z}aasAr,89.85200845665962
O=C(Cc1cncc2ccccc12)N1CCc2ncccc2C1,O=C(Cc1cncc2ccccc12)N1CCc2ncccc2C1,4.26,c1cc2c(nc1)CCN(C(=O)Cc1c3ccccc3cnc1)C2,B~A{Aaradaasaaaaars}DrAAasdaaaasAr,94.5031712473573
O=C(Cc1cncc2ccccc12)N1CCc2nocc2C1,O=C(Cc1cncc2ccccc12)N1CCc2nocc2C1,5.49,c12ccccc1cncc2CC(=O)N1CCc2nocc2C1,B~A{Aaradaasaaaaars}DrAAasdbaasAr,68.49894291754757
O=C(Cc1cncc2ccccc12)N1CCc2sccc2C1,O=C(Cc1cncc2ccccc12)N1CCc2sccc2C1,6.27,c1csc2c1CN(C(Cc1cncc3c1cccc3)=O)CC2,B~A{Aaradaasaaaaars}DrAAaseaaasAr,52.00845665961946
O=C(Cc1cncc2ccccc12)N1CCc2sccc2C12CCC2,O=C(Cc1cncc2ccccc12)N1CCc2sccc2C12CCC2,7.14,C1CCC12N(C(Cc1cncc3ccccc31)=O)CCc1sccc12,B~A{Aaradaasaaaaars}DrAAaseaaasArsAAAs,33.615221987315024
O=C(Cc1cncc2ccccc12)N1CCc2sccc2[C@H]1C1CC1,O=C(Cc1cncc2ccccc12)N1CCc2sccc2[C@H]1C1CC1,6.18,c12c(ccs1)[C@@H](C1CC1)N(C(=O)Cc1c3c(cnc1)cccc3)CC2,B~A{Aaradaasaaaaars}DrAAaseaaas{A*Q}rArAAr,53.91120507399578
O=C(Cc1cncc2ccccc12)N1CCc2sccc2[C@H]1c1ccccc1,O=C(Cc1cncc2ccccc12)N1CCc2sccc2[C@H]1c1ccccc1,6.513333333333333,c12ccccc1cncc2CC(=O)N1[C@H](c2ccccc2)c2c(scc2)CC1,B~A{Aaradaasaaaaars}DrAAaseaaas{A*Q}raraaaaar,46.86398872445386
O=C(Cc1cncc2ccccc12)N1CCc2scnc2C1,O=C(Cc1cncc2ccccc12)N1CCc2scnc2C1,5.92,c1cccc2c1c(CC(N1Cc3ncsc3CC1)=O)cnc2,B~A{Aaradaasaaaaars}DrAAaseadasAr,59.40803382663849
O=C(Cc1cncc2ccccc12)N1CCc2scnc2C12CCC2,O=C(Cc1cncc2ccccc12)N1CCc2scnc2C12CCC2,6.75,c1(CC(N2CCc3c(ncs3)C23CCC3)=O)cncc2c1cccc2,B~A{Aaradaasaaaaars}DrAAaseadasArsAAAs,41.86046511627908
O=C(Cc1cncc2ccccc12)N1CCn2nccc2C1,O=C(Cc1cncc2ccccc12)N1CCn2nccc2C1,4.16,n12c(ccn1)CN(C(=O)Cc1cncc3ccccc13)CC2,B~A{Aaradaasaaaaars}DrAAdsdaaasAr,96.61733615221986
O=C(Cc1cncc2ccccc12)N1C[C@@H](c2ccc(F)cc2)O[C@@H](c2ccccc2)C1,O=C(Cc1cncc2ccccc12)N1C[C@@H](c2ccc(F)cc2)O[C@@H](c2ccccc2)C1,4.17,C1[C@@H](c2ccc(F)cc2)O[C@@H](c2ccccc2)CN1C(Cc1cncc2c1cccc2)=O,B~A{Aaradaasaaaaars}DrA{A**Q}{asaaa{G}aas}B{A**Q}{asaaaaas}Ar,96.40591966173362
O=C(Cc1cncc2ccccc12)N1C[C@@H]2CS(=O)(=O)C[C@@H]2C1,O=C(Cc1cncc2ccccc12)N1C[C@@H]2CS(=O)(=O)C[C@@H]2C1,4.63,c1cc2c(cc1)c(CC(=O)N1C[C@@H]3[C@@H](CS(=O)(=O)C3)C1)cnc2,B~A{Aaradaasaaaaars}DrA{A**Q}sAE{~B}{~B}A{A**Q}sAr,86.68076109936575
O=C(Cc1cncc2ccccc12)N1C[C@@H]2C[C@H]1CN2c1ccccc1,O=C(Cc1cncc2ccccc12)N1C[C@@H]2C[C@H]1CN2c1ccccc1,4.14,[C@@H]12C[C@@H](CN1C(Cc1c3c(cnc1)cccc3)=O)N(c1ccccc1)C2,B~A{Aaradaasaaaaars}DrA{A**Q}sA{A*Q}rADsaraaaaar,97.04016913319239
O=C(Cc1cncc2ccccc12)N1C[C@@H]2[C@H](C1)[C@@H]2C(F)(F)F,O=C(Cc1cncc2ccccc12)N1C[C@@H]2[C@H](C1)[C@@H]2C(F)(F)F,4.3,c12cncc(CC(=O)N3C[C@H]4[C@H]([C@H]4C(F)(F)F)C3)c1cccc2,B~A{Aaradaasaaaaars}DrA{A**Q}s{A*Q}{Ar}{A**Q}sA{G}{G}G,93.65750528541227
O=C(Cc1cncc2ccccc12)N1C[C@@H]2[C@H](C1)[C@H]2C(F)(F)F,O=C(Cc1cncc2ccccc12)N1C[C@@H]2[C@H](C1)[C@H]2C(F)(F)F,5.32,c1c(CC(=O)N2C[C@H]3[C@H](C(F)(F)F)[C@H]3C2)c2c(cn1)cccc2,B~A{Aaradaasaaaaars}DrA{A**Q}s{A*Q}{Ar}{A*Q}sA{G}{G}G,72.09302325581395
O=C(Cc1cncc2ccccc12)N1C[C@@H]2[C@H](C1)[C@H]2C(F)F,O=C(Cc1cncc2ccccc12)N1C[C@@H]2[C@H](C1)[C@H]2C(F)F,4.96,n1cc2c(c(CC(=O)N3C[C@H]4[C@@H](C3)[C@@H]4C(F)F)c1)cccc2,B~A{Aaradaasaaaaars}DrA{A**Q}s{A*Q}{Ar}{A*Q}sA{G}G,79.70401691331925
O=C(Cc1cncc2ccccc12)N1C[C@H](CF)C2(CCCC2)C1,O=C(Cc1cncc2ccccc12)N1C[C@H](CF)C2(CCCC2)C1,5.43,FC[C@H]1CN(C(Cc2c3c(cccc3)cnc2)=O)CC12CCCC2,B~A{Aaradaasaaaaars}DrA{A*Q}{AG}As{AAAAs}Ar,69.76744186046513
O=C(Cc1cncc2ccccc12)N1C[C@H](F)C[C@H]1c1cccc(F)c1,O=C(Cc1cncc2ccccc12)N1C[C@H](F)C[C@H]1c1cccc(F)c1,5.58,c1ccc([C@H]2N(C(Cc3c4c(cccc4)cnc3)=O)C[C@H](F)C2)cc1F,B~A{Aaradaasaaaaars}DrA{A*Q}{G}A{A*Q}raraaaa{G}ar,66.59619450317125
O=C(Cc1cncc2ccccc12)N1C[C@H](F)C[C@H]1c1ccccc1,O=C(Cc1cncc2ccccc12)N1C[C@H](F)C[C@H]1c1ccccc1,4.77,c1c([C@@H]2C[C@@H](F)CN2C(Cc2cncc3c2cccc3)=O)cccc1,B~A{Aaradaasaaaaars}DrA{A*Q}{G}A{A*Q}raraaaaar,83.72093023255816
O=C(Cc1cncc2ccccc12)N1C[C@H](F)[C@H](c2ccccc2)C1,O=C(Cc1cncc2ccccc12)N1C[C@H](F)[C@H](c2ccccc2)C1,4.76,c1ccccc1[C@@H]1CN(C(=O)Cc2c3ccccc3cnc2)C[C@@H]1F,B~A{Aaradaasaaaaars}DrA{A*Q}{G}{A*Q}{asaaaaas}Ar,83.9323467230444
O=C(Cc1cncc2ccccc12)N1C[C@H](c2ccccc2)[C@H]2CCC[C@H]21,O=C(Cc1cncc2ccccc12)N1C[C@H](c2ccccc2)[C@H]2CCC[C@H]21,5.2,c1ccc([C@@H]2[C@@H]3[C@H](N(C(Cc4c5c(cnc4)cccc5)=O)C2)CCC3)cc1,B~A{Aaradaasaaaaars}DrA{A*Q}{asaaaaas}{A*Q}sAAA{A*Q}sr,74.63002114164904
O=C(Cc1cncc2ccccc12)N1C[C@H]2C=C[C@H]1CC2,O=C(Cc1cncc2ccccc12)N1C[C@H]2C=C[C@H]1CC2,4.66,C1[C@@H]2CC[C@H](C=C2)N1C(=O)Cc1c2ccccc2cnc1,B~A{Aaradaasaaaaars}DrA{A*Q}sA~A{A*Q}rAAs,86.04651162790697
O=C(Cc1cncc2ccccc12)N1C[C@H]2CCCCCC[C@@H]2C1,O=C(Cc1cncc2ccccc12)N1C[C@H]2CCCCCC[C@@H]2C1,5.895,c12ccccc1c(CC(N1C[C@H]3CCCCCC[C@@H]3C1)=O)cnc2,B~A{Aaradaasaaaaars}DrA{A*Q}sAAAAAA{A**Q}sAr,59.93657505285414
O=C(Cc1cncc2ccccc12)N1C[C@H]2CCCCCC[C@H]2C1,O=C(Cc1cncc2ccccc12)N1C[C@H]2CCCCCC[C@H]2C1,5.87,c1ccc2cncc(CC(=O)N3C[C@H]4[C@H](CCCCCC4)C3)c2c1,B~A{Aaradaasaaaaars}DrA{A*Q}sAAAAAA{A*Q}sAr,60.465116279069775
O=C(Cc1cncc2ccccc12)N1C[C@H]2CCCS(=O)(=O)[C@H]2C1,O=C(Cc1cncc2ccccc12)N1C[C@H]2CCCS(=O)(=O)[C@H]2C1,4.04,O=S1(=O)[C@@H]2[C@@H](CN(C(=O)Cc3cncc4c3cccc4)C2)CCC1,B~A{Aaradaasaaaaars}DrA{A*Q}sAAAE{~B}{~B}{A*Q}sAr,99.15433403805497
O=C(Cc1cncc2ccccc12)N1C[C@H]2CC[C@H]2[C@H]1c1ccccc1,O=C(Cc1cncc2ccccc12)N1C[C@H]2CC[C@H]2[C@H]1c1ccccc1,5.15,C1[C@H]2CC[C@H]2[C@@H](c2ccccc2)N1C(=O)Cc1cncc2c1cccc2,B~A{Aaradaasaaaaars}DrA{A*Q}sAA{A*Q}s{A*Q}raraaaaar,75.68710359408033
O=C(Cc1cncc2ccccc12)N1C[C@H]2COC[C@@]2(c2ccccc2)C1,O=C(Cc1cncc2ccccc12)N1C[C@H]2COC[C@@]2(c2ccccc2)C1,5.17,C1OC[C@@]2(c3ccccc3)CN(C(Cc3cncc4ccccc34)=O)C[C@@H]12,B~A{Aaradaasaaaaars}DrA{A*Q}sABA{A**}s{asaaaaas}Ar,75.26427061310783
O=C(Cc1cncc2ccccc12)N1C[C@H]2C[C@@H]1[C@@H]1C[C@H]21,O=C(Cc1cncc2ccccc12)N1C[C@H]2C[C@@H]1[C@@H]1C[C@H]21,4.44,[C@@H]12CN(C(Cc3c4ccccc4cnc3)=O)[C@@H]([C@H]3[C@@H]1C3)C2,B~A{Aaradaasaaaaars}DrA{A*Q}sA{A**Q}r{A**Q}rA{A*Q}sr,90.69767441860465
O=C(Cc1cncc2ccccc12)N1C[C@H]2C[C@H]2C1,O=C(Cc1cncc2ccccc12)N1C[C@H]2C[C@H]2C1,4.19,c1c(CC(N2C[C@@H]3C[C@@H]3C2)=O)c2c(cn1)cccc2,B~A{Aaradaasaaaaars}DrA{A*Q}sA{A*Q}sAr,95.98308668076109
O=C(Cc1cncc2ccccc12)N1C[C@H]2[C@@](c3ccccc3)(C1)CS2(=O)=O,O=C(Cc1cncc2ccccc12)N1C[C@H]2[C@@](c3ccccc3)(C1)CS2(=O)=O,4.75,c1(CC(N2C[C@H]3[C@](c4ccccc4)(CS3(=O)=O)C2)=O)cncc2ccccc12,B~A{Aaradaasaaaaars}DrA{A*Q}s{A**}{ataaaaat}{Ar}AEs{~B}~B,84.14376321353066
O=C(Cc1cncc2ccccc12)N1Cc2cccc(F)c2Oc2ccccc21,O=C(Cc1cncc2ccccc12)N1Cc2cccc(F)c2Oc2ccccc21,5.26,C(c1cncc2ccccc12)C(=O)N1c2ccccc2Oc2c(cccc2F)C1,B~A{Aaradaasaaaaars}DrAasaaaa{G}asBasaaaaasr,73.3615221987315
O=C(Cc1cncc2ccccc12)N1Cc2ccccc2C[C@H]1c1ccccc1,O=C(Cc1cncc2ccccc12)N1Cc2ccccc2C[C@H]1c1ccccc1,5.49,c1ccccc1[C@H]1N(C(=O)Cc2cncc3ccccc32)Cc2c(cccc2)C1,B~A{Aaradaasaaaaars}DrAasaaaaasA{A*Q}raraaaaar,68.49894291754757
O=C(Cc1cncc2ccccc12)N1Cc2ccccc2OCC12CC2,O=C(Cc1cncc2ccccc12)N1Cc2ccccc2OCC12CC2,4.45,O=C(Cc1cncc2ccccc12)N1Cc2c(cccc2)OCC12CC2,B~A{Aaradaasaaaaars}DrAasaaaaasBAArsAAs,90.48625792811839
O=C(Cc1cncc2ccccc12)N1Cc2ccccc2[C@H](CC2CCCCC2)C1,O=C(Cc1cncc2ccccc12)N1Cc2ccccc2[C@H](CC2CCCCC2)C1,4.77,c1(CC(=O)N2C[C@@H](CC3CCCCC3)c3ccccc3C2)c2c(cnc1)cccc2,B~A{Aaradaasaaaaars}DrAasaaaaas{A*Q}{AAsAAAAAs}Ar,83.72093023255816
O=C(Cc1cncc2ccccc12)N1Cc2ccccc2[C@H](c2ccccc2)C1,O=C(Cc1cncc2ccccc12)N1Cc2ccccc2[C@H](c2ccccc2)C1,4.55,c1cc2c(c(CC(=O)N3Cc4ccccc4[C@H](c4ccccc4)C3)cnc2)cc1,B~A{Aaradaasaaaaars}DrAasaaaaas{A*Q}{asaaaaas}Ar,88.37209302325581
O=C(Cc1cncc2ccccc12)N1Cc2ccccc2[C@H](c2cccs2)C1,O=C(Cc1cncc2ccccc12)N1Cc2ccccc2[C@H](c2cccs2)C1,4.56,O=C(N1Cc2ccccc2[C@H](c2cccs2)C1)Cc1c2ccccc2cnc1,B~A{Aaradaasaaaaars}DrAasaaaaas{A*Q}{asaaaes}Ar,88.16067653276956
O=C(Cc1cncc2ccccc12)N1[C@@H]2CC=C[C@H]1CCC2,O=C(Cc1cncc2ccccc12)N1[C@@H]2CC=C[C@H]1CCC2,5.2,C1C[C@H]2CC=C[C@H](N2C(Cc2c3ccccc3cnc2)=O)C1,B~A{Aaradaasaaaaars}Dr{A**Q}sAA~A{A*Q}rAAAs,74.63002114164904
O=C(Cc1cncc2ccccc12)N1[C@H]2CC=C[C@H]1CCC2,O=C(Cc1cncc2ccccc12)N1[C@H]2CC=C[C@H]1CCC2,5.24,[C@H]12CC=C[C@@H](CCC1)N2C(=O)Cc1c2c(cccc2)cnc1,B~A{Aaradaasaaaaars}Dr{A*Q}sAA~A{A*Q}rAAAs,73.78435517970401
O=C(Cc1cncc2ccccc12)N1[C@H]2CCC[C@H]1c1cn[nH]c1C2,O=C(Cc1cncc2ccccc12)N1[C@H]2CCC[C@H]1c1cn[nH]c1C2,4.82,c1ccc2cncc(CC(N3[C@H]4CCC[C@H]3c3c([nH]nc3)C4)=O)c2c1,B~A{Aaradaasaaaaars}Dr{A*Q}sAAA{A*Q}rarad{dQ}arAs,82.66384778012684
O=C(Cc1cncc2ccccc12)N1[C@H]2CC[C@H]1CS(=O)(=O)C2,O=C(Cc1cncc2ccccc12)N1[C@H]2CC[C@H]1CS(=O)(=O)C2,4.31,C1[C@H]2N(C(Cc3cncc4ccccc34)=O)[C@H](CS1(=O)=O)CC2,B~A{Aaradaasaaaaars}Dr{A*Q}sAA{A*Q}rAE{~B}{~B}As,93.44608879492601
O=C(Cc1cncc2ccccc12)N1[C@H]2CC[C@H]1c1ncccc12,O=C(Cc1cncc2ccccc12)N1[C@H]2CC[C@H]1c1ncccc12,4.65,C1C[C@H]2c3cccnc3[C@H]1N2C(=O)Cc1cncc2ccccc12,B~A{Aaradaasaaaaars}Dr{A*Q}sAA{A*Q}rardaaaars,86.25792811839322
O=C(Cc1cncc2ccccc12)NCc1cccc(Cl)c1,O=C(Cc1cncc2ccccc12)NCc1cccc(Cl)c1,5.25,c1c(CC(=O)NCc2cc(Cl)ccc2)c2ccccc2cn1,B~A{Aaradaasaaaaars}DAaraaaa{Z}ar,73.57293868921776
O=C(Cc1cncc2ccccc12)Nc1ccccc1,O=C(Cc1cncc2ccccc12)Nc1ccccc1,4.0,c1cc(NC(=O)Cc2cncc3ccccc23)ccc1,B~A{Aaradaasaaaaars}Daraaaaar,100.0
O=C(NCCC(=O)N1CCCCC1)c1cncc2ccccc12,O=C(NCCC(=O)N1CCCCC1)c1cncc2ccccc12,4.09,C(=O)(CCNC(=O)c1cncc2ccccc21)N1CCCCC1,B~A{DAAA{~B}DrAAAAAr}aradaasaaaaars,98.09725158562368
O=C(NCCOc1cc(Cl)ccn1)c1cncc2ccccc12,O=C(NCCOc1cc(Cl)ccn1)c1cncc2ccccc12,4.8,c1cc2c(cncc2C(NCCOc2cc(Cl)ccn2)=O)cc1,B~A{DAABaraa{Z}aadr}aradaasaaaaars,83.08668076109937
O=C(NCCc1c[nH]c2ccc(Cl)cc12)c1cncc2ccccc12,O=C(NCCc1c[nH]c2ccc(Cl)cc12)c1cncc2ccccc12,4.91,c1[nH]c2ccc(Cl)cc2c1CCNC(c1c2c(cccc2)cnc1)=O,B~A{DAAara{dQ}asaaa{Z}aars}aradaasaaaaars,80.76109936575052
O=C(NCCc1c[nH]c2ccc(F)cc12)c1cncc2ccccc12,O=C(NCCc1c[nH]c2ccc(F)cc12)c1cncc2ccccc12,4.82,[nH]1c2ccc(F)cc2c(CCNC(c2c3ccccc3cnc2)=O)c1,B~A{DAAara{dQ}asaaa{G}aars}aradaasaaaaars,82.66384778012684
O=C(NCCc1c[nH]c2ncc(Cl)cc12)c1cncc2ccccc12,O=C(NCCc1c[nH]c2ncc(Cl)cc12)c1cncc2ccccc12,4.32,N(CCc1c[nH]c2ncc(Cl)cc12)C(c1c2ccccc2cnc1)=O,B~A{DAAara{dQ}asdaa{Z}aars}aradaasaaaaars,93.23467230443974
O=C(NCCc1c[nH]c2ncc(F)cc12)c1cncc2ccccc12,O=C(NCCc1c[nH]c2ncc(F)cc12)c1cncc2ccccc12,4.42,c1(F)cnc2c(c(CCNC(c3cncc4c3cccc4)=O)c[nH]2)c1,B~A{DAAara{dQ}asdaa{G}aars}aradaasaaaaars,91.12050739957716
O=C(NCc1c[nH]c2ccc(F)cc12)c1cncc2ccccc12,O=C(NCc1c[nH]c2ccc(F)cc12)c1cncc2ccccc12,4.72,C(c1c2c(cnc1)cccc2)(NCc1c[nH]c2ccc(F)cc21)=O,B~A{DAara{dQ}asaaa{G}aars}aradaasaaaaars,84.77801268498943
O=C(NCc1cc2c(nc1O)CCCC2)c1cncc2ccccc12,O=C(NCc1cc2c(nc1O)CCCC2)c1cncc2ccccc12,4.46,C(NCc1cc2c(nc1O)CCCC2)(=O)c1cncc2ccccc21,B~A{DAaraasa{darB}AAAAs}aradaasaaaaars,90.27484143763213
O=C(NCc1ccccn1)[C@H]1CN(C(=O)COS(=O)(=O)Nc2ccccc2)CCN1S(=O)(=O)c1ccsc1,O=C(NCc1ccccn1)[C@H]1CN(C(=O)COS(=O)(=O)Nc2ccccc2)CCN1S(=O)(=O)c1ccsc1,4.75,c1cccnc1CNC([C@@H]1N(S(=O)(=O)c2ccsc2)CCN(C(=O)COS(Nc2ccccc2)(=O)=O)C1)=O,B~A{DAaraaaadr}{A*Q}rAD{A{~B}ABE{~B}{~B}Dasaaaaas}AADrE{~B}{~B}araaear,84.14376321353066
O=C(NCc1cccs1)[C@@H]1CN(C(=O)c2cccnc2)CCN1c1ccc(Cl)c(Cl)c1,O=C(NCc1cccs1)[C@@H]1CN(C(=O)c2cccnc2)CCN1c1ccc(Cl)c(Cl)c1,6.91,c1c(Cl)c(Cl)cc(N2CCN(C(c3cccnc3)=O)C[C@H]2C(=O)NCc2cccs2)c1,B~A{DAaraaaer}{A**Q}rAD{A{~B}asaaadas}AADraraaa{Z}a{Z}ar,38.47780126849894
O=C(NCc1cccs1)[C@@H]1CN(C(=O)c2cncc3ccccc23)CCN1c1ccc(Cl)c(Cl)c1,O=C(NCc1cccs1)[C@@H]1CN(C(=O)c2cncc3ccccc23)CCN1c1ccc(Cl)c(Cl)c1,7.89,c1ncc2ccccc2c1C(N1C[C@@H](C(=O)NCc2sccc2)N(c2cc(Cl)c(Cl)cc2)CC1)=O,B~A{DAaraaaer}{A**Q}rAD{A{~B}asadaataaaaast}AADraraaa{Z}a{Z}ar,17.75898520084568
O=C(NCc1nc2cc(Cl)ccc2s1)c1cncc2ccccc12,O=C(NCc1nc2cc(Cl)ccc2s1)c1cncc2ccccc12,4.04,c1cccc2cncc(C(NCc3sc4c(n3)cc(Cl)cc4)=O)c12,B~A{DAardasaa{Z}aaaser}aradaasaaaaars,99.15433403805497
O=C(NCc1nc2ccccc2[nH]1)c1cncc2ccccc12,O=C(NCc1nc2ccccc2[nH]1)c1cncc2ccccc12,4.23,c1cccc2c(C(=O)NCc3[nH]c4ccccc4n3)cncc12,B~A{DAardasaaaaas{dQ}r}aradaasaaaaars,95.13742071881606
O=C(Nc1cncc2ccccc12)C(F)(F)c1cc(F)cc(F)c1,O=C(Nc1cncc2ccccc12)C(F)(F)c1cc(F)cc(F)c1,5.53,n1cc(NC(=O)C(F)(c2cc(F)cc(F)c2)F)c2c(cccc2)c1,B~A{Daradaasaaaaars}A{G}{G}araa{G}aa{G}ar,67.65327695560254
O=C(Nc1cncc2ccccc12)C(F)(F)c1ccc(F)c(F)c1,O=C(Nc1cncc2ccccc12)C(F)(F)c1ccc(F)c(F)c1,5.16,C(c1ccc(F)c(F)c1)(F)(F)C(Nc1cncc2ccccc12)=O,B~A{Daradaasaaaaars}A{G}{G}araaa{G}a{G}ar,75.47568710359407
O=C(Nc1cncc2ccccc12)[C@H](CC(F)(F)F)c1cccc(F)c1,O=C(Nc1cncc2ccccc12)[C@H](CC(F)(F)F)c1cccc(F)c1,5.2,c1cc([C@H](C(Nc2c3c(cccc3)cnc2)=O)CC(F)(F)F)cc(F)c1,B~A{Daradaasaaaaars}{A*Q}{AA{G}{G}G}araaaa{G}ar,74.63002114164904
O=C(Nc1cncc2ccccc12)[C@H]1COc2ccc(F)cc21,O=C(Nc1cncc2ccccc12)[C@H]1COc2ccc(F)cc21,5.46,c1c2c(ccc1F)OC[C@@H]2C(=O)Nc1c2c(cccc2)cnc1,B~A{Daradaasaaaaars}{A*Q}rABasaaa{G}aasr,69.13319238900635
O=C(O)CN1Cc2ccc(Cl)cc2[C@H](C(=O)Nc2cncc3ccccc23)C1,O=C(O)CN1Cc2ccc(Cl)cc2[C@H](C(=O)Nc2cncc3ccccc23)C1,5.01,N1(CC(=O)O)C[C@@H](C(=O)Nc2c3c(cnc2)cccc3)c2cc(Cl)ccc2C1,B~A{B}ADrAasaaa{Z}aas{A*Q}{A{~B}Dasadaataaaaast}Ar,78.64693446088795
O=C([C@H]1Cc2ccccc2CN1C(=O)Cc1cncc2ccccc12)N1CCCC1,O=C([C@H]1Cc2ccccc2CN1C(=O)Cc1cncc2ccccc12)N1CCCC1,4.61,c1c2c(ccc1)C[C@H](C(=O)N1CCCC1)N(C(=O)Cc1c3c(cnc1)cccc3)C2,B~A{{A*Q}rAasaaaaasADrA{~B}Aaradaasaaaaars}DrAAAAr,87.10359408033825
O=C(c1cccs1)C1CCN(C(=O)Cc2cncc3ccccc23)CC1,O=C(c1cccs1)C1CCN(C(=O)Cc2cncc3ccccc23)CC1,4.78,C(c1c2c(cccc2)cnc1)C(=O)N1CCC(C(c2cccs2)=O)CC1,B~A{araaaer}ArAAD{A{~B}Aasadaataaaaast}AAr,83.50951374207187
O=C(c1cncc2ccccc12)N1CCC(Cc2ccc(F)cc2)CC1,O=C(c1cncc2ccccc12)N1CCC(Cc2ccc(F)cc2)CC1,5.1,c1c2c(C(=O)N3CCC(Cc4ccc(F)cc4)CC3)cncc2ccc1,B~A{aradaasaaaaars}DrAAA{Aasaaa{G}aas}AAr,76.74418604651163
O=C1CC2(CCN(C(=O)Cc3cncc4ccccc34)CC2)CN1,O=C1CC2(CCN(C(=O)Cc3cncc4ccccc34)CC2)CN1,4.16,N1CC2(CC1=O)CCN(C(=O)Cc1c3c(cnc1)cccc3)CC2,B~ArAAs{AAD{A{~B}Aatadaauaaaaatu}AAs}ADr,96.61733615221986
O=C1CC[C@H](N2C(=O)c3ccc(N4CCN(c5ccc(NC(=O)CN6Cc7ccc(Cl)cc7[C@H](C(=O)Nc7cncc8ccccc78)C6)cc5)CC4)cc3C2=O)C(=O)N1,O=C1CC[C@H](N2C(=O)c3ccc(N4CCN(c5ccc(NC(=O)CN6Cc7ccc(Cl)cc7[C@H](C(=O)Nc7cncc8ccccc78)C6)cc5)CC4)cc3C2=O)C(=O)N1,7.09,c12c(ccc(Cl)c1)CN(CC(=O)Nc1ccc(N3CCN(c4ccc5c(c4)C(=O)N([C@H]4CCC(=O)NC4=O)C5=O)CC3)cc1)C[C@H]2C(Nc1cncc2ccccc21)=O,B~ArAA{A*Q}{DsA{~B}ataaa{DuAAD{avaaa{DA{~B}ADwAaxaaa{Z}aax{A*Q}{A{~B}Daxadaayaaaaaxy}Aw}aav}AAu}aatAs~B}A{~B}Dr,34.672304439746306
O=C1C[C@H](C(=O)Nc2cncc3ccccc23)c2ccccc2N1,O=C1C[C@H](C(=O)Nc2cncc3ccccc23)c2ccccc2N1,4.65,O=C1Nc2c(cccc2)[C@@H](C(=O)Nc2c3c(cccc3)cnc2)C1,B~ArA{A*Q}{A{~B}Dasadaataaaaast}asaaaaasDr,86.25792811839322
O=C1C[C@H](Cc2ccccc2)C(=O)N1c1cncc2ccccc12,O=C1C[C@H](Cc2ccccc2)C(=O)N1c1cncc2ccccc12,4.62,c1c2c(N3C(=O)[C@@H](Cc4ccccc4)CC3=O)cncc2ccc1,B~ArA{A*Q}{Aasaaaaas}A{~B}Draradaasaaaaars,86.89217758985201
O=C1C[C@H](Cc2ccccc2)CN1c1cncc2ccccc12,O=C1C[C@H](Cc2ccccc2)CN1c1cncc2ccccc12,4.91,c1cc2c(N3C(=O)C[C@H](Cc4ccccc4)C3)cncc2cc1,B~ArA{A*Q}{Aasaaaaas}ADraradaasaaaaars,80.76109936575052
O=C1C[C@H](Cc2ccccc2)NN1c1cncc2ccccc12,O=C1C[C@H](Cc2ccccc2)NN1c1cncc2ccccc12,5.16,c12ccccc1cncc2N1N[C@@H](Cc2ccccc2)CC1=O,B~ArA{A*Q}{Aasaaaaas}DDraradaasaaaaars,75.47568710359407
O=C1C[C@H](Cc2ccccc2Cl)CN1c1cncc2ccccc12,O=C1C[C@H](Cc2ccccc2Cl)CN1c1cncc2ccccc12,5.14,c1c(N2C(=O)C[C@H](Cc3c(Cl)cccc3)C2)c2c(cn1)cccc2,B~ArA{A*Q}{AasaaaaasZ}ADraradaasaaaaars,75.8985200845666
O=C1C[C@H]2CCN(C(=O)Cc3cncc4ccccc34)C[C@H]2N1,O=C1C[C@H]2CCN(C(=O)Cc3cncc4ccccc34)C[C@H]2N1,4.03,C(Cc1cncc2ccccc12)(N1CC[C@@H]2CC(=O)N[C@@H]2C1)=O,B~ArA{A*Q}sAAD{A{~B}Aatadaauaaaaatu}A{A*Q}sDr,99.36575052854121
O=C1C[C@H]2COC[C@H](C1)N2C(=O)Cc1cncc2ccccc12,O=C1C[C@H]2COC[C@H](C1)N2C(=O)Cc1cncc2ccccc12,4.27,c1c2cncc(CC(=O)N3[C@H]4CC(=O)C[C@H]3COC4)c2ccc1,B~ArA{A*Q}sABA{A*Q}{Ar}DsA{~B}Aaradaasaaaaars,94.29175475687106
O=C1N(c2cncc3ccccc23)CCC[C@]12CCOc1ccc(Cl)cc12,O=C1N(c2cncc3ccccc23)CCC[C@]12CCOc1ccc(Cl)cc12,6.53,c1ccc2cncc(N3C(=O)[C@]4(c5c(ccc(Cl)c5)OCC4)CCC3)c2c1,B~ArD{asadaataaaaast}AAA{A*}rsAABaraaa{Z}aars,46.51162790697675
O=C1NC[C@H]2CN(C(=O)Cc3cncc4ccccc34)CC[C@@H]12,O=C1NC[C@H]2CN(C(=O)Cc3cncc4ccccc34)CC[C@@H]12,4.06,c1ccc2cncc(CC(N3C[C@@H]4CNC(=O)[C@@H]4CC3)=O)c2c1,B~ArDA{A*Q}sAD{A{~B}Aatadaauaaaaatu}AA{A**Q}rs,98.73150105708245
O=C1N[C@@H](Cc2ccccc2)C(=O)N1c1cncc2ccccc12,O=C1N[C@@H](Cc2ccccc2)C(=O)N1c1cncc2ccccc12,4.4,c1(C[C@H]2C(=O)N(c3c4c(cnc3)cccc4)C(=O)N2)ccccc1,B~ArD{A**Q}{Aasaaaaas}A{~B}Draradaasaaaaars,91.54334038054968
O=C1N[C@@]2(CC[C@H](c3ccccc3)OC2)C(=O)N1c1cncc2ccccc12,O=C1N[C@@]2(CC[C@H](c3ccccc3)OC2)C(=O)N1c1cncc2ccccc12,5.2,c1cc2c(cc1)cncc2N1C(=O)[C@@]2(NC1=O)CC[C@H](c1ccccc1)OC2,B~ArD{A**}s{AA{A*Q}{ataaaaat}BAs}A{~B}Draradaasaaaaars,74.63002114164904
O=C1N[C@H](CC2CC2)C(=O)N1c1cncc2ccccc12,O=C1N[C@H](CC2CC2)C(=O)N1c1cncc2ccccc12,4.31,c12ccccc1c(N1C(=O)N[C@H](CC3CC3)C1=O)cnc2,B~ArD{A*Q}{AAsAAs}A{~B}Draradaasaaaaars,93.44608879492601
O=C1N[C@H](Cc2ccccc2)C(=O)N1c1cncc2ccccc12,O=C1N[C@H](Cc2ccccc2)C(=O)N1c1cncc2ccccc12,4.5,c1ccc(C[C@@H]2C(=O)N(c3cncc4ccccc34)C(=O)N2)cc1,B~ArD{A*Q}{Aasaaaaas}A{~B}Draradaasaaaaars,89.4291754756871
O=C1N[C@]2(CCOc3ccc(C(F)F)cc32)C(=O)N1c1cncc2ccccc12,O=C1N[C@]2(CCOc3ccc(C(F)F)cc32)C(=O)N1c1cncc2ccccc12,5.44,c12c(cccc1)c(N1C(=O)N[C@]3(C1=O)c1c(ccc(C(F)F)c1)OCC3)cnc2,B~ArD{A*}s{AABataaa{A{G}G}aats}A{~B}Draradaasaaaaars,69.55602536997885
O=C1N[C@]2(CCOc3ccc(CO)cc32)C(=O)N1c1cncc2ccccc12,O=C1N[C@]2(CCOc3ccc(CO)cc32)C(=O)N1c1cncc2ccccc12,4.87,c1(CO)cc2c(cc1)OCC[C@]21NC(=O)N(c2cncc3c2cccc3)C1=O,B~ArD{A*}s{AABataaa{AB}aats}A{~B}Draradaasaaaaars,81.60676532769557
O=C1N[C@]2(CCOc3ccccc32)C(=O)N1c1cncc2ccccc12,O=C1N[C@]2(CCOc3ccccc32)C(=O)N1c1cncc2ccccc12,4.82,c1ccc2c(N3C(=O)[C@@]4(CCOc5ccccc54)NC3=O)cncc2c1,B~ArD{A*}s{AABataaaaats}A{~B}Draradaasaaaaars,82.66384778012684
O=C1N[C@]2(CCOc3ccncc32)C(=O)N1c1cncc2ccccc12,O=C1N[C@]2(CCOc3ccncc32)C(=O)N1c1cncc2ccccc12,4.27,O=C1N(c2c3ccccc3cnc2)C(=O)N[C@]12CCOc1ccncc12,B~ArD{A*}s{AABataadaats}A{~B}Draradaasaaaaars,94.29175475687106
O=C1N[C@]2(CC[C@H](c3ccccc3)OC2)C(=O)N1c1cncc2ccccc12,O=C1N[C@]2(CC[C@H](c3ccccc3)OC2)C(=O)N1c1cncc2ccccc12,5.69,c1ccccc1[C@H]1CC[C@]2(NC(=O)N(c3cncc4ccccc34)C2=O)CO1,B~ArD{A*}s{AA{A*Q}{ataaaaat}BAs}A{~B}Draradaasaaaaars,64.2706131078224
O=C1N[C@]2(C[C@@H](c3c(F)cccc3F)C2)C(=O)N1c1cncc2ccccc12,O=C1N[C@]2(C[C@@H](c3c(F)cccc3F)C2)C(=O)N1c1cncc2ccccc12,7.06,C1(=O)N(c2cncc3ccccc32)C(=O)[C@]2(C[C@H](c3c(F)cccc3F)C2)N1,B~ArD{A*}s{A{A**Q}{ata{G}aaaatG}As}A{~B}Draradaasaaaaars,35.306553911205086
O=C1N[C@]2(C[C@@H](c3ccc(Cl)cc3)C2)C(=O)N1c1cncc2ccccc12,O=C1N[C@]2(C[C@@H](c3ccc(Cl)cc3)C2)C(=O)N1c1cncc2ccccc12,7.04,N1C(=O)N(c2cncc3ccccc32)C(=O)[C@]12C[C@H](c1ccc(Cl)cc1)C2,B~ArD{A*}s{A{A**Q}{ataaa{Z}aat}As}A{~B}Draradaasaaaaars,35.729386892177594
O=C1N[C@]2(C[C@@H](c3ccccc3)C2)C(=O)N1c1cncc2ccccc12,O=C1N[C@]2(C[C@@H](c3ccccc3)C2)C(=O)N1c1cncc2ccccc12,6.87,c1ccccc1[C@H]1C[C@]2(C(=O)N(c3cncc4ccccc34)C(=O)N2)C1,B~ArD{A*}s{A{A**Q}{ataaaaat}As}A{~B}Draradaasaaaaars,39.323467230443974
O=C1N[C@]2(C[C@@H](c3ccccc3Cl)C2)C(=O)N1c1cncc2ccccc12,O=C1N[C@]2(C[C@@H](c3ccccc3Cl)C2)C(=O)N1c1cncc2ccccc12,7.84,c1c(Cl)c([C@H]2C[C@@]3(NC(=O)N(c4c5ccccc5cnc4)C3=O)C2)ccc1,B~ArD{A*}s{A{A**Q}{ataaaaatZ}As}A{~B}Draradaasaaaaars,18.816067653276967
O=C1N[C@]2(C[C@H](c3ccccc3)C2)C(=O)N1c1cncc2ccccc12,O=C1N[C@]2(C[C@H](c3ccccc3)C2)C(=O)N1c1cncc2ccccc12,6.69,c1cccc([C@H]2C[C@]3(NC(=O)N(c4cncc5ccccc54)C3=O)C2)c1,B~ArD{A*}s{A{A*Q}{ataaaaat}As}A{~B}Draradaasaaaaars,43.12896405919661
O=C1Nc2ccc(Cl)cc2[C@]12CCN(c1cncc3ccccc13)C2=O,O=C1Nc2ccc(Cl)cc2[C@]12CCN(c1cncc3ccccc13)C2=O,5.245,c1c2c(N3CC[C@]4(c5c(ccc(Cl)c5)NC4=O)C3=O)cncc2ccc1,B~ArDasaaa{Z}aas{A*}rsAAD{aradaataaaaart}As~B,73.6786469344609
O=C1[C@@H]2CCCCN2C(=O)N1c1cncc2ccccc12,O=C1[C@@H]2CCCCN2C(=O)N1c1cncc2ccccc12,4.19,c1c(N2C(=O)N3[C@@H](CCCC3)C2=O)c2c(cccc2)cn1,B~Ar{A**Q}sAAAADsA{~B}Draradaasaaaaars,95.98308668076109
O=C1[C@@H]2CN(Cc3ccccc3)CCN2C(=O)N1c1cncc2ccccc12,O=C1[C@@H]2CN(Cc3ccccc3)CCN2C(=O)N1c1cncc2ccccc12,5.54,C1CN2[C@H](C(=O)N(c3cncc4ccccc43)C2=O)CN1Cc1ccccc1,B~Ar{A**Q}sAD{Aataaaaat}AADsA{~B}Draradaasaaaaars,67.44186046511628
O=C1[C@H](c2ccc(Cl)c(Cl)c2)C[C@H](O)CN1c1cncc2ccccc12,O=C1[C@H](c2ccc(Cl)c(Cl)c2)C[C@H](O)CN1c1cncc2ccccc12,5.47,c12c(N3C[C@@H](O)C[C@@H](c4ccc(Cl)c(Cl)c4)C3=O)cncc1cccc2,B~Ar{A*Q}{asaaa{Z}a{Z}as}A{A*Q}{B}ADraradaasaaaaars,68.9217758985201
O=C1c2ccc(Cl)cc2[C@@]2(CN1CC1CNC1)C(=O)N(c1cncc3ccccc13)C[C@@H]2CNc1nccs1,O=C1c2ccc(Cl)cc2[C@@]2(CN1CC1CNC1)C(=O)N(c1cncc3ccccc13)C[C@@H]2CNc1nccs1,8.09,c1(N2C(=O)[C@@]3(CN(CC4CNC4)C(=O)c4ccc(Cl)cc43)[C@@H](CNc3sccn3)C2)cncc2ccccc12,B~Arasaaa{Z}aas{A**}s{ADrAArADAr}A{~B}D{aradaataaaaart}A{A**Q}sADardaaer,13.530655391120519
O=C1c2ccc(Cl)cc2[C@@]2(CN1CC1CNC1)C(=O)N(c1cncc3ccccc13)C[C@@H]2CNc1nncs1,O=C1c2ccc(Cl)cc2[C@@]2(CN1CC1CNC1)C(=O)N(c1cncc3ccccc13)C[C@@H]2CNc1nncs1,7.56,C1NCC1CN1C[C@@]2(C(=O)N(c3c4ccccc4cnc3)C[C@@H]2CNc2nncs2)c2c(ccc(Cl)c2)C1=O,B~Arasaaa{Z}aas{A**}s{ADrAArADAr}A{~B}D{aradaataaaaart}A{A**Q}sADarddaer,24.735729386892192
O=C1c2ccc(Cl)cc2[C@@]2(CN1CC1COC1)C(=O)N(c1cncc3ccccc13)C[C@@H]2CNc1ccncn1,O=C1c2ccc(Cl)cc2[C@@]2(CN1CC1COC1)C(=O)N(c1cncc3ccccc13)C[C@@H]2CNc1ccncn1,7.59,c12c(cncc1N1C(=O)[C@@]3(CN(CC4COC4)C(=O)c4ccc(Cl)cc43)[C@@H](CNc3ccncn3)C1)cccc2,B~Arasaaa{Z}aas{A**}s{ADrAArABAr}A{~B}D{aradaataaaaart}A{A**Q}sADaraadadr,24.101479915433412
O=C1c2ccc(Cl)cc2[C@@]2(CN1CCN1CC3(COC3)C1)C(=O)N(c1cncc3ccccc13)C[C@@H]2CNc1ncccn1,O=C1c2ccc(Cl)cc2[C@@]2(CN1CCN1CC3(COC3)C1)C(=O)N(c1cncc3ccccc13)C[C@@H]2CNc1ncccn1,7.24,N(c1ncccn1)C[C@H]1CN(c2c3c(cccc3)cnc2)C(=O)[C@@]12CN(CCN1CC3(COC3)C1)C(=O)c1ccc(Cl)cc12,B~Arasaaa{Z}aas{A**}s{ADrAADrAAt{ABAt}Ar}A{~B}D{aradaataaaaart}A{A**Q}sADardaaadr,31.501057082452434
O=C1c2ccc(Cl)cc2[C@@]2(CN1CCN1CCOCC1)C(=O)N(c1cncc3ccccc13)C[C@@H]2CNc1ncccn1,O=C1c2ccc(Cl)cc2[C@@]2(CN1CCN1CCOCC1)C(=O)N(c1cncc3ccccc13)C[C@@H]2CNc1ncccn1,7.51,C1(=O)N(CCN2CCOCC2)C[C@@]2(c3cc(Cl)ccc31)[C@@H](CNc1ncccn1)CN(c1c3c(cccc3)cnc1)C2=O,B~Arasaaa{Z}aas{A**}s{ADrAADrAABAAr}A{~B}D{aradaataaaaart}A{A**Q}sADardaaadr,25.792811839323477
O=C1c2ccc(Cl)cc2[C@@]2(CN1CCNCC(F)(F)F)C(=O)N(c1cncc3ccccc13)C[C@@H]2CNc1ncccn1,O=C1c2ccc(Cl)cc2[C@@]2(CN1CCNCC(F)(F)F)C(=O)N(c1cncc3ccccc13)C[C@@H]2CNc1ncccn1,6.91,c1c(N2C[C@H](CNc3ncccn3)[C@@]3(c4c(ccc(Cl)c4)C(=O)N(CCNCC(F)(F)F)C3)C2=O)c2ccccc2cn1,B~Arasaaa{Z}aas{A**}s{ADrAADAA{G}{G}G}A{~B}D{aradaataaaaart}A{A**Q}sADardaaadr,38.47780126849894
O=C1c2ccc(Cl)cc2[C@@]2(CN1Cc1cc[nH]n1)C(=O)N(c1cncc3ccccc13)C[C@@H]2CNc1nnc(C(F)(F)F)o1,O=C1c2ccc(Cl)cc2[C@@]2(CN1Cc1cc[nH]n1)C(=O)N(c1cncc3ccccc13)C[C@@H]2CNc1nnc(C(F)(F)F)o1,7.67,N(c1nnc(C(F)(F)F)o1)C[C@@H]1[C@]2(CN(Cc3cc[nH]n3)C(=O)c3ccc(Cl)cc32)C(=O)N(c2c3ccccc3cnc2)C1,B~Arasaaa{Z}aas{A**}s{ADrAaraa{dQ}dr}A{~B}D{aradaataaaaart}A{A**Q}sADardda{A{G}{G}G}br,22.41014799154335
O=C1c2ccc(Cl)cc2[C@@]2(CN1Cc1cc[nH]n1)C(=O)N(c1cncc3ccccc13)C[C@@H]2CNc1nnc(C(F)(F)F)s1,O=C1c2ccc(Cl)cc2[C@@]2(CN1Cc1cc[nH]n1)C(=O)N(c1cncc3ccccc13)C[C@@H]2CNc1nnc(C(F)(F)F)s1,7.34,[C@@H]1(CNc2sc(C(F)(F)F)nn2)[C@@]2(c3cc(Cl)ccc3C(=O)N(Cc3n[nH]cc3)C2)C(=O)N(c2c3ccccc3cnc2)C1,B~Arasaaa{Z}aas{A**}s{ADrAaraa{dQ}dr}A{~B}D{aradaataaaaart}A{A**Q}sADardda{A{G}{G}G}er,29.38689217758986
O=C1c2ccc(Cl)cc2[C@@]2(CN1Cc1cc[nH]n1)C(=O)N(c1cncc3ccccc13)C[C@@H]2CNc1nnco1,O=C1c2ccc(Cl)cc2[C@@]2(CN1Cc1cc[nH]n1)C(=O)N(c1cncc3ccccc13)C[C@@H]2CNc1nnco1,8.18,c1(N2C(=O)[C@]3([C@@H](CNc4ocnn4)C2)CN(Cc2n[nH]cc2)C(=O)c2ccc(Cl)cc23)cncc2ccccc12,B~Arasaaa{Z}aas{A**}s{ADrAaraa{dQ}dr}A{~B}D{aradaataaaaart}A{A**Q}sADarddabr,11.6279069767442
O=C1c2ccc(Cl)cc2[C@@]2(CN1Cc1cc[nH]n1)C(=O)N(c1cncc3ccccc13)C[C@@H]2CNc1nncs1,O=C1c2ccc(Cl)cc2[C@@]2(CN1Cc1cc[nH]n1)C(=O)N(c1cncc3ccccc13)C[C@@H]2CNc1nncs1,8.24,s1cnnc1NC[C@@H]1[C@@]2(c3cc(Cl)ccc3C(=O)N(Cc3n[nH]cc3)C2)C(=O)N(c2cncc3c2cccc3)C1,B~Arasaaa{Z}aas{A**}s{ADrAaraa{dQ}dr}A{~B}D{aradaataaaaart}A{A**Q}sADarddaer,10.359408033826641
O=C1c2ccc(Cl)cc2[C@@]2(CN1Cc1ccnnc1)C(=O)N(c1cncc3ccccc13)C[C@@H]2CNc1ccncn1,O=C1c2ccc(Cl)cc2[C@@]2(CN1Cc1ccnnc1)C(=O)N(c1cncc3ccccc13)C[C@@H]2CNc1ccncn1,8.02,c1cc2cncc(N3C[C@H](CNc4ncncc4)[C@@]4(c5cc(Cl)ccc5C(=O)N(Cc5ccnnc5)C4)C3=O)c2cc1,B~Arasaaa{Z}aas{A**}s{ADrAaraaddar}A{~B}D{aradaataaaaart}A{A**Q}sADaraadadr,15.01057082452433
O=C1c2ccc(Cl)cc2[C@@]2(CN1Cc1ccnnc1)C(=O)N(c1cncc3ccccc13)C[C@@H]2CNc1nncs1,O=C1c2ccc(Cl)cc2[C@@]2(CN1Cc1ccnnc1)C(=O)N(c1cncc3ccccc13)C[C@@H]2CNc1nncs1,8.62,c1(CN2C[C@@]3(c4cc(Cl)ccc4C2=O)[C@@H](CNc2scnn2)CN(c2cncc4c2cccc4)C3=O)ccnnc1,B~Arasaaa{Z}aas{A**}s{ADrAaraaddar}A{~B}D{aradaataaaaart}A{A**Q}sADarddaer,2.3255813953488627
O=C1c2ccc(Cl)cc2[C@@]2(CN1Cc1nnco1)C(=O)N(c1cncc3ccccc13)C[C@@H]2CNc1ccncn1,O=C1c2ccc(Cl)cc2[C@@]2(CN1Cc1nnco1)C(=O)N(c1cncc3ccccc13)C[C@@H]2CNc1ccncn1,7.13,c12ccc(Cl)cc1[C@@]1([C@@H](CNc3ccncn3)CN(c3c4ccccc4cnc3)C1=O)CN(Cc1ocnn1)C2=O,B~Arasaaa{Z}aas{A**}s{ADrAarddabr}A{~B}D{aradaataaaaart}A{A**Q}sADaraadadr,33.826638477801275
O=C1c2ccc(Cl)cc2[C@@]2(CN1Cc1nnco1)C(=O)N(c1cncc3ccccc13)C[C@@H]2CNc1ncncn1,O=C1c2ccc(Cl)cc2[C@@]2(CN1Cc1nnco1)C(=O)N(c1cncc3ccccc13)C[C@@H]2CNc1ncncn1,7.3,C(Nc1ncncn1)[C@@H]1[C@@]2(C(=O)N(c3cncc4c3cccc4)C1)CN(Cc1nnco1)C(=O)c1c2cc(Cl)cc1,B~Arasaaa{Z}aas{A**}s{ADrAarddabr}A{~B}D{aradaataaaaart}A{A**Q}sADardadadr,30.23255813953489
O=c1c(-c2cccc(Cl)c2)cnc(S)n1-c1cncc2ccccc12,O=c1c(-c2cccc(Cl)c2)cnc(S)n1-c1cncc2ccccc12,6.86,n1cc2ccccc2c(-n2c(=O)c(-c3cccc(Cl)c3)cnc2S)c1,B~ara{_asaaaa{Z}as}ada{E}dr_aradaasaaaaars,39.53488372093023
O=c1c(-c2cccc(Cl)c2)cncn1-c1cncc2ccccc12,O=c1c(-c2cccc(Cl)c2)cncn1-c1cncc2ccccc12,5.78,c1(Cl)cc(-c2cncn(-c3cncc4c3cccc4)c2=O)ccc1,B~ara{_asaaaa{Z}as}adadr_aradaasaaaaars,62.36786469344608
