mol_id,smiles,value,smiles_random,smiles_blind,value_blind
BACE_1,O1CC[C@@H](NC(=O)[C@@H](Cc2cc3cc(ccc3nc2N)-c2ccccc2C)C)CC1(C)C,9.1549015,C1[C@@H](NC(=O)[C@@H](Cc2cc3c(nc2N)ccc(-c2c(C)cccc2)c3)C)CC(C)(C)OC1,BrAA{A**Q}{DA{~B}{A**Q}{Aasaataa{aaatdasD}_asaaaaasA}A}AAr{A}A,17.14615718780048
BACE_2,Fc1cc(cc(F)c1)C[C@H](NC(=O)[C@@H](N1CC[C@](NC(=O)C)(CC(C)C)C1=O)CCc1ccccc1)[C@H](O)[C@@H]1[NH2+]C[C@H](OCCC)C1,8.8538723,C(C)(C[C@@]1(NC(=O)C)CCN([C@@H](CCc2ccccc2)C(=O)N[C@H]([C@H](O)[C@@H]2[NH2+]C[C@H](OCCC)C2)Cc2cc(F)cc(F)c2)C1=O)C,Garaa{aa{G}ar}A{A*Q}{DA{~B}{A**Q}{DrAA{A*}{DA{~B}A}{AA{A}A}Ar~B}AAaraaaaar}{A*Q}{B}{A**Q}r{DQs%}A{A*Q}{BAAA}Ar,20.919241161270655
BACE_3,S1(=O)(=O)N(c2cc(cc3c2n(cc3CC)CC1)C(=O)N[C@H]([C@H](O)C[NH2+]Cc1cc(OC)ccc1)Cc1ccccc1)C,8.6989698,[NH2+](C[C@H]([C@H](Cc1ccccc1)NC(c1cc2c3n(cc2CC)CCS(=O)(=O)N(C)c3c1)=O)O)Cc1cccc(OC)c1,Er{~B}{~B}D{asaa{aatasd{aatAA}AAr}A{~B}D{A*Q}{{A*Q}{B}A{DQs%}Aaraa{BA}aaar}Aaraaaaar}A,22.860780853102774
BACE_4,S1(=O)(=O)C[C@@H](Cc2cc(O[C@H](COCC)C(F)(F)F)c(N)c(F)c2)[C@H](O)[C@@H]([NH2+]Cc2cc(ccc2)C(C)(C)C)C1,8.6989698,c1c(F)c(N)c(O[C@H](COCC)C(F)(F)F)cc1C[C@@H]1CS(=O)(=O)C[C@H]([NH2+]Cc2cc(C(C)(C)C)ccc2)[C@H]1O,Er{~B}{~B}A{A**Q}{Aasaa{B{A*Q}{ABAA}A{G}{G}G}a{D}a{G}as}{A*Q}{B}{A**Q}{{DQs%}Aasaa{aaas}A{A}{A}A}Ar,22.860780853102774
BACE_5,S1(=O)(=O)N(c2cc(cc3c2n(cc3CC)CC1)C(=O)N[C@H]([C@H](O)C[NH2+]Cc1cc(ccc1)C(F)(F)F)Cc1ccccc1)C,8.6989698,c1c(C(F)(F)F)cc(C[NH2+]C[C@@H](O)[C@@H](NC(=O)c2cc3c4n(cc3CC)CCS(=O)(=O)N(C)c4c2)Cc2ccccc2)cc1,Er{~B}{~B}D{asaa{aatasd{aatAA}AAr}A{~B}D{A*Q}{{A*Q}{B}A{DQs%}Aaraa{aaar}A{G}{G}G}Aaraaaaar}A,22.860780853102774
BACE_6,S1(=O)C[C@@H](Cc2cc(OC(C(F)(F)F)C(F)(F)F)c(N)c(F)c2)[C@H](O)[C@@H]([NH2+]Cc2cc(ccc2)C(C)(C)C)C1,8.6989698,c1(C(C)(C)C)cc(C[NH2+][C@H]2CS(=O)C[C@@H](Cc3cc(OC(C(F)(F)F)C(F)(F)F)c(N)c(F)c3)[C@@H]2O)ccc1,Er{~B}A{A**Q}{Aasaa{BA{A{G}{G}G}A{G}{G}G}a{D}a{G}as}{A*Q}{B}{A**Q}{{DQs%}Aasaa{aaas}A{A}{A}A}Ar,22.860780853102774
BACE_7,S(=O)(=O)(CCCCC)C[C@@H](NC(=O)c1cccnc1)C(=O)N[C@H]([C@H](O)C[NH2+]Cc1cc(ccc1)CC)Cc1cc(F)cc(F)c1,8.6989698,c1(CC)cc(C[NH2+]C[C@H]([C@H](Cc2cc(F)cc(F)c2)NC(=O)[C@H](NC(c2cnccc2)=O)CS(=O)(=O)CCCCC)O)ccc1,E{~B}{~B}{AAAAA}A{A**Q}{DA{~B}araaadar}A{~B}D{A*Q}{{A*Q}{B}A{DQs%}Aaraa{aaar}AA}Aaraa{G}aa{G}ar,22.860780853102774
BACE_8,Fc1c2c(ccc1)[C@@]([NH+]=C2N)(C=1C=C(C)C(=O)N(C=1)CC)c1cc(ccc1)-c1cc(cnc1)C#CC,8.6126099,Fc1cccc2c1C(N)=[NH+][C@@]2(c1cc(-c2cc(C#CC)cnc2)ccc1)c1cn(CC)c(=O)c(C)c1,Garasa{aaar}{A**}{{DQ%}~AsD}{A~rA~A{A}A{~B}D{A~r}AA}araa{aaar}_araa{adar}A^AA,23.943211244043216
BACE_9,O1c2c(cc(cc2)CC)[C@@H]([NH2+]C[C@@H](O)[C@H]2NC(=O)C=3C=CC(=O)N(CCCCc4cc(C2)ccc4)C=3)CC12CCC2,8.6020603,O=c1n2cc(cc1)C(=O)N[C@H]([C@H](O)C[NH2+][C@H]1CC3(CCC3)Oc3ccc(CC)cc31)Cc1cc(ccc1)CCCC2,Brasa{aa{aas}AA}{A**Q}{{DQs%}A{A**Q}{B}{A*Q}sDA{~B}A~tA~AA{~B}D{AAAAauaa{As}aaau}A~t}AArsAAAs,24.075439369044126
BACE_10,O=C1N(CCCC1)C(C)(C)[C@@H]1C[C@@H](CCC1)C(=O)N[C@H]([C@H](O)C[NH2+]Cc1cc(ccc1)C(C)C)Cc1ccccc1,8.6020603,c1cccc(C[C@H](NC(=O)[C@@H]2CCC[C@H](C(N3CCCCC3=O)(C)C)C2)[C@@H](C[NH2+]Cc2cc(C(C)C)ccc2)O)c1,B~ArD{AAAAr}A{A}{A}{A**Q}rA{A**Q}{AAAr}A{~B}D{A*Q}{{A*Q}{B}A{DQs%}Aaraa{aaar}A{A}A}Aaraaaaar,24.075439369044126
BACE_11,Fc1cc(cc(F)c1)C[C@H](NC(=O)c1cc(cc(c1)C)C(=O)N(CCC)CCC)[C@H](O)[C@@H]1[NH2+]C[C@H](Oc2ccccc2)C1,8.5228786,O(c1ccccc1)[C@@H]1C[C@H]([C@H]([C@@H](NC(c2cc(C)cc(C(=O)N(CCC)CCC)c2)=O)Cc2cc(F)cc(F)c2)O)[NH2+]C1,Garaa{aa{G}ar}A{A*Q}{DA{~B}araa{aa{ar}A}A{~B}D{AAA}AAA}{A*Q}{B}{A**Q}r{DQs%}A{A*Q}{Basaaaaas}Ar,25.06789858317393
BACE_12,Fc1cc(cc(F)c1)C[C@H](NC(=O)c1cc(cc(c1)C)C(=O)N(CCC)CCC)[C@H](O)[C@@H]1[NH2+]CCN(Cc2ccccc2)C1=O,8.5228786,[C@H]([C@H](Cc1cc(F)cc(F)c1)NC(=O)c1cc(C)cc(C(=O)N(CCC)CCC)c1)([C@@H]1[NH2+]CCN(Cc2ccccc2)C1=O)O,Garaa{aa{G}ar}A{A*Q}{DA{~B}araa{aa{ar}A}A{~B}D{AAA}AAA}{A*Q}{B}{A**Q}r{DQs%}AAD{Aasaaaaas}Ar~B,25.06789858317393
BACE_13,S1(=O)(=O)N(CCCC1)c1cc(cc(NCC)c1)C(=O)N[C@H]([C@H](O)C[NH2+]Cc1cc(ccc1)C(F)(F)F)Cc1ccccc1,8.5228786,N1(c2cc(C(=O)N[C@H]([C@H](O)C[NH2+]Cc3cccc(C(F)(F)F)c3)Cc3ccccc3)cc(NCC)c2)CCCCS1(=O)=O,Er{~B}{~B}D{AAAAr}araa{aa{DAA}ar}A{~B}D{A*Q}{{A*Q}{B}A{DQs%}Aaraa{aaar}A{G}{G}G}Aaraaaaar,25.06789858317393
BACE_14,S(=O)(=O)(N(c1cc(cc(NCC)c1)C(=O)N[C@H]([C@H](O)C[NH2+][C@H](C(=O)NC1CCCCC1)C)Cc1ccccc1)c1ccccc1)C,8.5228786,c1c(N(S(=O)(=O)C)c2cc(NCC)cc(C(=O)N[C@@H](Cc3ccccc3)[C@H](O)C[NH2+][C@H](C(NC3CCCCC3)=O)C)c2)cccc1,E{~B}{~B}{D{araa{aa{DAA}ar}A{~B}D{A*Q}{{A*Q}{B}A{DQs%}{A*Q}{A{~B}DArAAAAAr}A}Aaraaaaar}araaaaar}A,25.06789858317393
BACE_15,S1(=O)C[C@@H](Cc2cc(O[C@H](COC)C(F)(F)F)c(N)c(F)c2)[C@H](O)[C@@H]([NH2+]Cc2cc(ccc2)C(C)(C)C)C1,8.3979397,[C@@H]1(O)[C@@H]([NH2+]Cc2cccc(C(C)(C)C)c2)CS(=O)C[C@H]1Cc1cc(O[C@@H](C(F)(F)F)COC)c(N)c(F)c1,Er{~B}A{A**Q}{Aasaa{B{A*Q}{ABA}A{G}{G}G}a{D}a{G}as}{A*Q}{B}{A**Q}{{DQs%}Aasaa{aaas}A{A}{A}A}Ar,26.63387610712508
BACE_16,Fc1cc(cc(F)c1)C[C@H](NC(=O)c1cc(cc(c1)C)C(=O)N(CCC)CCC)[C@H](O)C[NH2+]Cc1cc(OC)ccc1,8.3979397,O=C(c1cc(C)cc(C(N(CCC)CCC)=O)c1)N[C@@H](Cc1cc(F)cc(F)c1)[C@@H](C[NH2+]Cc1cccc(OC)c1)O,Garaa{aa{G}ar}A{A*Q}{DA{~B}araa{aa{ar}A}A{~B}D{AAA}AAA}{A*Q}{B}A{DQs%}Aaraa{BA}aaar,26.63387610712508
BACE_17,Fc1cc(cc(F)c1)C[C@H](NC(=O)c1cc(cc(c1)C)C(=O)N(CCC)CCC)[C@H](O)[C@@H]1[NH2+]C[C@H](OCc2ccccc2)C1,8.3010302,c1c(C[C@@H]([C@H](O)[C@@H]2[NH2+]C[C@H](OCc3ccccc3)C2)NC(=O)c2cc(C)cc(C(N(CCC)CCC)=O)c2)cc(F)cc1F,Garaa{aa{G}ar}A{A*Q}{DA{~B}araa{aa{ar}A}A{~B}D{AAA}AAA}{A*Q}{B}{A**Q}r{DQs%}A{A*Q}{BAasaaaaas}Ar,27.848534623066435
BACE_18,Ic1cc(ccc1)C[NH2+]C[C@@H](O)[C@@H](NC(=O)c1cc(cc(c1)C)C(=O)N(CCC)CCC)Cc1cc(F)cc(F)c1,8.3010302,C(c1cc(C(N(CCC)CCC)=O)cc(C)c1)(N[C@@H](Cc1cc(F)cc(F)c1)[C@@H](C[NH2+]Cc1cc(I)ccc1)O)=O,Haraa{aaar}A{DQs%}A{A**Q}{B}{A**Q}{DA{~B}araa{aa{ar}A}A{~B}D{AAA}AAA}Aaraa{G}aa{G}ar,27.848534623066435
BACE_19,Fc1cc(cc(F)c1)C[C@H](NC(=O)c1cc(cc(c1)C)C(=O)N(CCC)CCC)[C@H](O)[C@@H]1[NH2+]CN(Cc2ccccc2)C1=O,8.3010302,O=C(N[C@@H](Cc1cc(F)cc(F)c1)[C@H](O)[C@@H]1[NH2+]CN(Cc2ccccc2)C1=O)c1cc(C)cc(C(N(CCC)CCC)=O)c1,Garaa{aa{G}ar}A{A*Q}{DA{~B}araa{aa{ar}A}A{~B}D{AAA}AAA}{A*Q}{B}{A**Q}r{DQs%}AD{Aasaaaaas}Ar~B,27.848534623066435
BACE_20,S(=O)(=O)(N1C[C@@H]([NH2+]CC1)[C@@H](O)[C@@H](NC(=O)c1cc(cc(c1)C)C(=O)N(CCC)CCC)Cc1cc(F)cc(F)c1)c1ccccc1,8.3010302,[NH2+]1[C@@H]([C@@H](O)[C@H](Cc2cc(F)cc(F)c2)NC(=O)c2cc(C(N(CCC)CCC)=O)cc(C)c2)CN(S(c2ccccc2)(=O)=O)CC1,E{~B}{~B}{DrA{A**Q}{{DQs%}AAr}{A**Q}{B}{A**Q}{DA{~B}araa{aa{ar}A}A{~B}D{AAA}AAA}Aaraa{G}aa{G}ar}araaaaar,27.848534623066435
BACE_21,Fc1ccc(cc1)C[C@H](NC(=O)C)[C@H](O)C[NH2+][C@H]1CC2(Oc3ncc(cc13)CC(C)(C)C)CCC2,8.3010302,[NH2+](C[C@@H](O)[C@@H](NC(=O)C)Cc1ccc(F)cc1)[C@@H]1c2cc(CC(C)(C)C)cnc2OC2(CCC2)C1,Garaaa{aar}A{A*Q}{DA{~B}A}{A*Q}{B}A{DQs%}{A*Q}rAAs{Batdaa{aart}AA{A}{A}A}AAAs,27.848534623066435
BACE_22,O(C)c1cc(ccc1)C[NH2+]C[C@@H](O)[C@@H](NC(=O)[C@@H](N1CC[C@](NC(=O)C)([C@H](CC)C)C1=O)CCc1ccccc1)Cc1ccccc1,8.3010302,O=C([C@@H](N1CC[C@@]([C@@H](C)CC)(NC(C)=O)C1=O)CCc1ccccc1)N[C@H]([C@@H](C[NH2+]Cc1cc(OC)ccc1)O)Cc1ccccc1,B{A}araa{aaar}A{DQs%}A{A**Q}{B}{A**Q}{DA{~B}{A**Q}{DrAA{A*}{DA{~B}A}{{A*Q}{AA}A}Ar~B}AAaraaaaar}Aaraaaaar,27.848534623066435
BACE_23,s1ccnc1-c1cc(ccc1)C[C@H](NC(=O)[C@H](OC)C)[C@H](O)C[NH2+][C@H]1CC2(Oc3ncc(cc13)CC(C)(C)C)CCC2,8.2596369,CC(C)(C)Cc1cnc2c(c1)[C@@H]([NH2+]C[C@@H](O)[C@@H](NC(=O)[C@@H](C)OC)Cc1cc(-c3nccs3)ccc1)CC1(CCC1)O2,eraadar_araa{aaar}A{A*Q}{DA{~B}{A*Q}{BA}A}{A*Q}{B}A{DQs%}{A*Q}rAAs{Batdaa{aart}AA{A}{A}A}AAAs,28.367356042513585
BACE_24,S(=O)(=O)(N(C)c1cc(cc(c1)C(=O)N[C@H]([C@@H](O)C[C@H](C(=O)N[C@@H](C(C)C)C(=O)NCc1ccccc1)C)COCc1cc(F)cc(F)c1)C(=O)N[C@H](C)c1ccccc1)C,8.1804562,c1c(F)cc(COC[C@H](NC(=O)c2cc(N(S(=O)(C)=O)C)cc(C(=O)N[C@@H](c3ccccc3)C)c2)[C@@H](O)C[C@@H](C)C(=O)N[C@H](C(=O)NCc2ccccc2)C(C)C)cc1F,E{~B}{~B}{D{A}araa{aa{ar}A{~B}D{A*Q}{{A**Q}{B}A{A*Q}{A{~B}D{A**Q}{A{A}A}A{~B}DAaraaaaar}A}ABAaraa{G}aa{G}ar}A{~B}D{A*Q}{A}araaaaar}A,29.359802722696614
BACE_25,Fc1cc(cc(F)c1)C[C@H](NC(=O)c1cc(cc(c1)C)C(=O)N(CCC)CCC)[C@H](O)[C@@H]1[NH2+]CC[C@H](OCC)C1,8.1549015,c1c(C)cc(C(N[C@H]([C@@H]([C@H]2C[C@@H](OCC)CC[NH2+]2)O)Cc2cc(F)cc(F)c2)=O)cc1C(N(CCC)CCC)=O,Garaa{aa{G}ar}A{A*Q}{DA{~B}araa{aa{ar}A}A{~B}D{AAA}AAA}{A*Q}{B}{A**Q}r{DQs%}AA{A*Q}{BAA}Ar,29.68010397259809
BACE_26,S(=O)(=O)(N(C)c1cc(cc(c1)C(=O)N[C@@H](Cc1ccccc1)C[NH2+][C@H](C(=O)NCC(C)C)C)C(=O)N[C@H](C)c1ccc(F)cc1)C,8.0969095,c1c(C[C@@H](C[NH2+][C@@H](C)C(NCC(C)C)=O)NC(c2cc(N(S(=O)(=O)C)C)cc(C(=O)N[C@H](C)c3ccc(F)cc3)c2)=O)cccc1,E{~B}{~B}{D{A}araa{aa{ar}A{~B}D{A**Q}{Aaraaaaar}A{DQs%}{A*Q}{A{~B}DAA{A}A}A}A{~B}D{A*Q}{A}araaa{G}aar}A,30.406972614542056
BACE_27,Clc1cc2CC([NH+]=C(N[C@@H](C[C@H]3[C@H](SC=C3c3cn[nH]c3)CCC)C(=O)[O-])c2cc1)(C)C,8.0969095,C1=C(c2c[nH]nc2)[C@@H](C[C@@H](C([O-])=O)NC2=[NH+]C(C)(C)Cc3c2ccc(Cl)c3)[C@@H](CCC)S1,ZaraasAA{{DQ%}~A{D{A**Q}{A{A*Q}t{A*Q}{EA~Atatad{dQ}at}AAA}A{~B}{B_}}asaar}{A}A,30.406972614542056
BACE_28,O1C[C@]2(N=C1N)c1cc(ccc1Oc1c2cc(OCC(C)C)cc1)-c1cncnc1,8.0969095,c1(OCC(C)C)ccc2c(c1)[C@@]1(N=C(N)OC1)c1c(ccc(-c3cncnc3)c1)O2,BrA{A*}s{D~ArD}araa{aaarBarasaa{BAA{A}A}aar}_aradadar,30.406972614542056
BACE_29,Fc1cc(cc(F)c1)C[C@H](NC(=O)[C@@H](N1CC[C@](NC(=O)C)(CC(C)C)C1=O)CCc1ccccc1)[C@H](O)[C@@H]1[NH2+]Cc2c(C1)cccc2,8.0969095,c12ccccc1C[C@H]([C@H]([C@@H](NC([C@H](CCc1ccccc1)N1C(=O)[C@](CC(C)C)(NC(C)=O)CC1)=O)Cc1cc(F)cc(F)c1)O)[NH2+]C2,Garaa{aa{G}ar}A{A*Q}{DA{~B}{A**Q}{DrAA{A*}{DA{~B}A}{AA{A}A}Ar~B}AAaraaaaar}{A*Q}{B}{A**Q}r{DQs%}Aasa{Ar}aaaas,30.406972614542056
BACE_30,s1c2OC(C[C@H]([NH2+]C[C@@H](O)[C@@H](NC(=O)C)Cc3ccccc3)c2cc1CC(C)(C)C)(C)C,8.0705814,O=C(C)N[C@H]([C@@H](C[NH2+][C@@H]1c2c(sc(CC(C)(C)C)c2)OC(C)(C)C1)O)Cc1ccccc1,erasBA{A{A*Q}{{DQs%}A{A**Q}{B}{A**Q}{DA{~B}A}Aataaaaat}asaarAA{A}{A}A}{A}A,30.736967618886894
BACE_31,S(CC[C@H](NC(=O)[C@@H](NC(=O)C)CC(C)C)C(=O)N[C@H]([C@@H](O)[C@@H]1CC(=O)C[C@H]1C(=O)N[C@@H](C(C)C)C(=O)[NH2+]CCCC)CC(C)C)C,8.0,C(C)([C@H](NC(=O)[C@H]1[C@H]([C@H](O)[C@H](CC(C)C)NC([C@@H](NC([C@H](CC(C)C)NC(C)=O)=O)CCSC)=O)CC(=O)C1)C(=O)[NH2+]CCCC)C,E{AA{A*Q}{DA{~B}{A**Q}{DA{~B}A}AA{A}A}A{~B}D{A*Q}{{A**Q}{B}{A**Q}rAA{~B}A{A*Q}rA{~B}D{A**Q}{A{A}A}A{~B}{DQs%}AAAA}AA{A}A}A,31.62163113048341
BACE_32,s1cc(cc1)C[C@H](NC(=O)c1cc(nc(NC[C@H]2C[C@@H]2C)c1)N(S(=O)(=O)C)C)[C@@H]([NH3+])CCCC,7.9586072,c1(C[C@@H]([C@@H]([NH3+])CCCC)NC(c2cc(N(S(=O)(=O)C)C)nc(NC[C@H]3C[C@@H]3C)c2)=O)cscc1,eraa{aar}A{A*Q}{DA{~B}araa{da{DA{A*Q}sA{A**Q}sA}ar}D{E{~B}{~B}A}A}{A**Q}{{DQt%}}AAAA,32.14044628295717
BACE_33,Fc1cc(cc(F)c1)C[C@H](NC(=O)c1cc(cc(c1)C(=O)N)C(=O)N(CCC)CCC)[C@H](O)C[NH2+]Cc1cc(OC)ccc1,7.9586072,NC(c1cc(C(=O)N(CCC)CCC)cc(C(N[C@@H](Cc2cc(F)cc(F)c2)[C@@H](C[NH2+]Cc2cc(OC)ccc2)O)=O)c1)=O,Garaa{aa{G}ar}A{A*Q}{DA{~B}araa{aa{ar}A{~B}D}A{~B}D{AAA}AAA}{A*Q}{B}A{DQs%}Aaraa{BA}aaar,32.14044628295717
BACE_34,O=C(NCC1CCCCC1)[C@@H](Cc1cc2cc(ccc2nc1N)-c1ccccc1C)CCC,7.9586072,C1CC(CNC(=O)[C@@H](Cc2c(N)nc3ccc(-c4c(C)cccc4)cc3c2)CCC)CCC1,B~A{DAArAAAAAr}{A**Q}{Aaraasaa{aaasdarD}_araaaaarA}AAA,32.14044628295717
BACE_35,S(=O)(=O)(N(C)c1cc(cc(c1)C(=O)N[C@H](C)c1ccc(F)cc1)-c1oc(nn1)[C@]([NH3+])(Cc1ccccc1)C)C,7.9208188,c1cc([C@H](NC(=O)c2cc(-c3oc([C@]([NH3+])(Cc4ccccc4)C)nn3)cc(N(S(C)(=O)=O)C)c2)C)ccc1F,E{~B}{~B}{D{A}araa{aa{ar}A{~B}D{A*Q}{A}araaa{G}aar}_arba{ddr}{A*}{{DQt%}}{Aaraaaaar}A}A,32.61408407763982
BACE_36,O(C)c1c(cc(cc1C)[C@@]1([NH+]=C(N)C(=N1)C)c1cc(ccc1)-c1cncnc1)C,7.9208188,c1c(-c2cncnc2)cc([C@@]2(c3cc(C)c(OC)c(C)c3)[NH+]=C(N)C(C)=N2)cc1,B{A}ara{aa{aarA}{A**}r{{DQ%}~A{D}A{~Dr}A}araa{aaar}_aradadar}A,32.61408407763982
BACE_37,Fc1cc(cc(F)c1)C[C@H](NC(=O)C)[C@H](O)C[NH2+][C@]1(CCc2n[nH]cc2C1)c1cc(ccc1)C(C)(C)C,7.9208188,c12c(n[nH]c1)CC[C@@]([NH2+]C[C@@H](O)[C@@H](NC(=O)C)Cc1cc(F)cc(F)c1)(c1cc(C(C)(C)C)ccc1)C2,Garaa{aa{G}ar}A{A*Q}{DA{~B}A}{A*Q}{B}A{DQs%}{A*}r{AAasd{dQ}aasAr}araa{aaar}A{A}{A}A,32.61408407763982
BACE_38,Fc1ccc(NC(=O)c2ncc(cc2)C#N)cc1[C@]1(N=C(O[C@@H](C1)C(F)(F)F)N)C,7.9208188,c1(C(=O)Nc2ccc(F)c([C@@]3(C)N=C(N)O[C@H](C(F)(F)F)C3)c2)ncc(C#N)cc1,Garaaa{DA{~B}asdaa{aas}A^D}aar{A*}r{D~A{B{A**Q}{Ar}A{G}{G}G}D}A,32.61408407763982
BACE_39,O=C1N(CCC1)c1cc(cc(NCC)c1)C(=O)N[C@H]([C@H](O)C[NH2+][C@H](C(=O)NC1CCCCC1)C)Cc1ccccc1,7.8860564,C(c1cc(NCC)cc(N2C(=O)CCC2)c1)(N[C@@H](Cc1ccccc1)[C@H](O)C[NH2+][C@H](C(NC1CCCCC1)=O)C)=O,B~ArD{AAAr}araa{aa{DAA}ar}A{~B}D{A*Q}{{A*Q}{B}A{DQs%}{A*Q}{A{~B}DArAAAAAr}A}Aaraaaaar,33.04979414935167
BACE_40,Fc1ccc(NC(=O)c2ncc(cc2)C#N)cc1[C@]1(N=C(O[C@H](C(F)(F)F)[C@@H]1F)N)C,7.8860564,c1([C@@]2(C)N=C(N)O[C@H](C(F)(F)F)[C@@H]2F)c(F)ccc(NC(=O)c2ncc(C#N)cc2)c1,Garaaa{DA{~B}asdaa{aas}A^D}aar{A*}r{D~A{B{A*Q}{A{G}{G}G}{A**Q}rG}D}A,33.04979414935167
BACE_41,Fc1cc(cc(F)c1)C[C@H](NC(=O)c1cc(cc(c1)C)C(=O)N(CCC)CCC)[C@H](O)[C@@H]1[NH2+]CC[C@@H](C1)C\C=C\C=C/C,7.8538718,N([C@H]([C@@H]([C@H]1C[C@@H](C/C=C/C=C\C)CC[NH2+]1)O)Cc1cc(F)cc(F)c1)C(c1cc(C)cc(C(=O)N(CCC)CCC)c1)=O,Garaa{aa{G}ar}A{A*Q}{DA{~B}araa{aa{ar}A}A{~B}D{AAA}AAA}{A*Q}{B}{A**Q}r{DQs%}AA{A**Q}{Ar}A!A~A!A~A|A,33.45319421304166
BACE_42,Fc1ccc(cc1C#CCCCF)[C@]1(N=C(N)N(C)C1=O)c1ccc(OC(F)F)cc1,7.8538718,C(CCCF)#Cc1cc([C@]2(c3ccc(OC(F)F)cc3)C(=O)N(C)C(N)=N2)ccc1F,Garaaa{aarA^AAAAG}{A*}r{D~A{D}D{A}Ar~B}araaa{BA{G}G}aar,33.45319421304166
BACE_43,S(=O)(=O)(N(C)c1cc(cc(c1)C(=O)N[C@H]([C@H](O)C[NH2+]C1CC1)Cc1ccccc1)C(=O)N[C@H](C)c1ccccc1)C,7.8239088,[C@H](NC(c1cc(N(C)S(C)(=O)=O)cc(C(=O)N[C@@H](Cc2ccccc2)[C@H](O)C[NH2+]C2CC2)c1)=O)(c1ccccc1)C,E{~B}{~B}{D{A}araa{aa{ar}A{~B}D{A*Q}{{A*Q}{B}A{DQs%}ArAAr}Aaraaaaar}A{~B}D{A*Q}{A}araaaaar}A,33.82874886055457
BACE_44,S(=O)(=O)(N(c1cc(ccc1)C(=O)N[C@H]([C@H](O)C[NH2+][C@H](C(=O)NC1CCCCC1)C)Cc1ccccc1)c1ccccc1)C,7.8239088,N([C@@H](Cc1ccccc1)[C@@H](C[NH2+][C@H](C(NC1CCCCC1)=O)C)O)C(c1cc(N(c2ccccc2)S(C)(=O)=O)ccc1)=O,E{~B}{~B}{D{araa{aaar}A{~B}D{A*Q}{{A*Q}{B}A{DQs%}{A*Q}{A{~B}DArAAAAAr}A}Aaraaaaar}araaaaar}A,33.82874886055457
BACE_45,O1c2ncc(cc2[C@@H]([NH2+]C[C@@H](O)[C@@H](NC(=O)[C@H](OC)C)Cc2cc3OCOc3cc2)CC12CCC2)CC(C)(C)C,7.7746906,C12(Oc3ncc(CC(C)(C)C)cc3[C@@H]([NH2+]C[C@H]([C@H](Cc3ccc4c(c3)OCO4)NC(=O)[C@H](OC)C)O)C1)CCC2,Brasdaa{aas{A**Q}{{DQs%}A{A**Q}{B}{A**Q}{DA{~B}{A*Q}{BA}A}AasaatBABataas}AArsAAAs}AA{A}{A}A,34.44564716019809
BACE_46,O1CCCCNc2cc(cc(c2)C(=O)N[C@@H](Cc2cc1ccc2)[C@H](O)C[NH2+]C1(CC1)c1cc(ccc1)C(C)C)COC,7.7695513,c1c(C2([NH2+]C[C@H]([C@H]3NC(=O)c4cc(cc(COC)c4)NCCCCOc4cc(ccc4)C3)O)CC2)cccc1C(C)C,BrAAAADasaa{aa{as}A{~B}D{A**Q}{Aasaaraaas}{A*Q}{B}A{DQs%}Ar{AAr}araa{aaar}A{A}A}ABA,34.5100628729092
BACE_47,O1c2c(cc(cc2)CC)[C@@H]([NH2+]C[C@@H](O)[C@H]2NC(=O)CCCCCCc3cc(C2)ccc3)CC12CCC2,7.7695513,C([NH2+][C@@H]1c2c(ccc(CC)c2)OC2(CCC2)C1)[C@@H](O)[C@@H]1Cc2cccc(c2)CCCCCCC(=O)N1,Brasa{aa{aas}AA}{A**Q}{{DQs%}A{A**Q}{B}{A*Q}sDA{~B}AAAAAAataa{As}aaat}AArsAAAs,34.5100628729092
BACE_48,Fc1cc(cc(F)c1)C[C@H](NC(=O)c1c2cc(ccc2n(c1)C(=O)N(CCCC)C)C#N)[C@H](O)C[NH2+]Cc1cc(OC)ccc1,7.7447276,[C@@H](O)(C[NH2+]Cc1cccc(OC)c1)[C@H](Cc1cc(F)cc(F)c1)NC(=O)c1c2cc(C#N)ccc2n(C(N(CCCC)C)=O)c1,Garaa{aa{G}ar}A{A*Q}{DA{~B}arasaa{aaasd{ar}A{~B}D{AAAA}A}A^D}{A*Q}{B}A{DQs%}Aaraa{BA}aaar,34.82120180771098
BACE_49,Fc1ccc(NC(=O)c2ncc(cc2)C#N)cc1[C@]1(N=C(O[C@@H](C1)C(F)(F)F)N)CF,7.7212462,C(Nc1cc([C@]2(CF)C[C@@H](C(F)(F)F)OC(N)=N2)c(F)cc1)(c1ccc(C#N)cn1)=O,Garaaa{DA{~B}asdaa{aas}A^D}aar{A*}r{D~A{B{A**Q}{Ar}A{G}{G}G}D}AG,35.11551642574352
BACE_50,S1(=O)(=O)N(c2c(CCC1)c(NCC)cc(c2)C(=O)N[C@H]([C@H](O)C[NH2+]Cc1cc(OC)ccc1)Cc1ccccc1)C,7.7212462,O(C)c1cc(C[NH2+]C[C@H]([C@H](Cc2ccccc2)NC(=O)c2cc3c(c(NCC)c2)CCCS(=O)(=O)N3C)O)ccc1,Er{~B}{~B}D{asa{AAAr}a{DAA}aa{as}A{~B}D{A*Q}{{A*Q}{B}A{DQs%}Aaraa{BA}aaar}Aaraaaaar}A,35.11551642574352
BACE_51,Fc1ccc(cc1-c1cncnc1)[C@]1(N=C(N)N(C)C1=O)c1ccc(OC(F)(F)F)cc1,7.6989698,c1c(-c2cncnc2)c(F)ccc1[C@@]1(c2ccc(OC(F)(F)F)cc2)N=C(N)N(C)C1=O,Garaaa{aar_aradadar}{A*}r{D~A{D}D{A}Ar~B}araaa{BA{G}{G}G}aar,35.39472763790039
BACE_52,Fc1ccc(F)cc1-c1cc(ccc1)[C@]1(N=C(N)N(C)C1=O)c1ccncc1,7.6989698,NC1=N[C@](c2ccncc2)(c2cccc(-c3c(F)ccc(F)c3)c2)C(=O)N1C,Garaaa{G}aar_araa{aaar}{A*}r{D~A{D}D{A}Ar~B}araadaar,35.39472763790039
BACE_53,O(C)c1cc(ccc1)C[NH2+]C[C@@H](O)[C@@H](NC(=O)c1cc(N2CCCC2=O)c2c(n(cc2)CC)c1)CC=1CCC=CC=1,7.6382723,CCn1c2c(c(N3CCCC3=O)cc(C(=O)N[C@H]([C@H](O)C[NH2+]Cc3cc(OC)ccc3)CC3=CC=CCC3)c2)cc1,B{A}araa{aaar}A{DQs%}A{A**Q}{B}{A**Q}{DA{~B}araa{DsAAAAs~B}asa{d{aas}AA}ar}AA~rAAA~AA~r,36.155506872870646
BACE_54,Fc1ccc(NC(=O)c2ncc(cc2)C#N)cc1[C@]1(N=C(OCC1(F)F)N)C,7.6382723,c1c(NC(=O)c2ncc(C#N)cc2)cc([C@]2(C)C(F)(F)COC(N)=N2)c(F)c1,Garaaa{DA{~B}asdaa{aas}A^D}aar{A*}r{D~A{BAAr{G}G}D}A,36.155506872870646
BACE_55,Clc1cc(ccc1)-c1cc2c(OC(C[C@@]23N=C(N)N(C)C3=O)(C)C)cc1,7.6197886,NC1=N[C@]2(c3c(ccc(-c4cc(Cl)ccc4)c3)OC(C)(C)C2)C(=O)N1C,Zaraa{aaar}_araasa{BA{A{A**}stD~A{D}D{A}At~B}{A}A}aar,36.38718058505681
BACE_56,S1(=O)(=O)N(c2cc(cc3N(CCN(CC1)c23)CC)C(=O)N[C@H]([C@H](O)C[NH2+]Cc1cc(OC)ccc1)Cc1ccccc1)C,7.5850267,c1c(OC)cccc1C[NH2+]C[C@H]([C@@H](NC(=O)c1cc2c3c(c1)N(C)S(=O)(=O)CCN3CCN2CC)Cc1ccccc1)O,Er{~B}{~B}D{asaa{aatD{AAD{AAr}ast}AA}A{~B}D{A*Q}{{A*Q}{B}A{DQs%}Aaraa{BA}aaar}Aaraaaaar}A,36.82288438979526
BACE_57,O=C1N(Cc2ccc(cc2)CN2C[C@@H](NC2=O)CCC)C(N[C@@]1(CC1CCCCC1)CCC1CCCCC1)=N,7.5686364,N1(Cc2ccc(CN3C[C@H](CCC)NC3=O)cc2)C(=N)N[C@](CCC2CCCCC2)(CC2CCCCC2)C1=O,B~ArD{Aasaaa{aas}ADsA{A**Q}{DAs~B}AAA}A{D{A**}r{AArAAAAAr}AAArAAAAAr}~D,37.02831953778213
BACE_58,O1Cc2cc(cc(c2)C(=O)N[C@H](CCc2cc(C[C@]([NH3+])(C)C1=O)ccc2)c1ccccc1)-c1ccccc1C#N,7.5686364,C1c2cccc(c2)C[C@@](C)([NH3+])C(=O)OCc2cc(-c3ccccc3C#N)cc(c2)C(=O)N[C@@H](c2ccccc2)C1,BrAasaa{aa{as}A{~B}D{A*Q}{AAasaa{A{A*}{{DQt%}}{A}Ar~B}aaas}araaaaar}_araaaaarA^D,37.02831953778213
BACE_59,S(=O)(=O)(N(C)c1cc(cc(c1)COC(=O)[C@]([NH3+])(Cc1ccccc1)C)C(=O)N[C@H](C)c1ccc(F)cc1)C,7.5686364,c1cc(C[C@@](C)([NH3+])C(=O)OCc2cc(N(C)S(=O)(C)=O)cc(C(N[C@H](C)c3ccc(F)cc3)=O)c2)ccc1,E{~B}{~B}{D{A}araa{aa{ar}ABA{~B}{A*}{{DQt%}}{Aaraaaaar}A}A{~B}D{A*Q}{A}araaa{G}aar}A,37.02831953778213
BACE_60,O=C1N[C@@H](C[C@@H](CCCCCCCCC(=O)N(C)[C@H]1C)C)[C@H](O)C[NH2+]Cc1cc(ccc1)C(C)C,7.5686364,C1CCCCCCC[C@@H](C)C[C@@H]([C@@H](C[NH2+]Cc2cccc(C(C)C)c2)O)NC(=O)[C@H](C)N(C)C1=O,B~ArD{A**Q}{A{A**Q}{AAAAAAAAA{~B}D{A}{A*Q}rA}A}{A*Q}{B}A{DQs%}Aaraa{aaar}A{A}A,37.02831953778213
BACE_61,Fc1ccc(NC(=O)c2ncc(cc2)C#N)cc1[C@]1(N=C(OC[C@@H]1F)N)C,7.5528421,n1cc(C#N)ccc1C(=O)Nc1ccc(F)c([C@]2(C)[C@@H](F)COC(N)=N2)c1,Garaaa{DA{~B}asdaa{aas}A^D}aar{A*}r{D~A{BA{A**Q}rG}D}A,37.226284453485256
BACE_62,O=C1N(C)C(=N[C@]1(c1cc(nc(c1)CC)CC)c1cc(ccc1)-c1cncnc1)N,7.5228786,c1(-c2cc([C@@]3(c4cc(CC)nc(CC)c4)N=C(N)N(C)C3=O)ccc2)cncnc1,B~ArD{A}A{~D{A*}r{araa{da{ar}AA}AA}araa{aaar}_aradadar}D,37.60184536797154
BACE_63,O=C1N(CCC1)c1cc(cc(NCC)c1)C(=O)N[C@H]([C@H](O)C[NH2+]C(CCCC(C)C)(C)C)Cc1ccccc1,7.4814858,[C@H](O)([C@@H](NC(=O)c1cc(N2C(=O)CCC2)cc(NCC)c1)Cc1ccccc1)C[NH2+]C(C)(C)CCCC(C)C,B~ArD{AAAr}araa{aa{DAA}ar}A{~B}D{A*Q}{{A*Q}{B}A{DQs%}A{AAAA{A}A}{A}A}Aaraaaaar,38.12066052044532
BACE_64,O1c2c(cc(cc2)CC)[C@@H]([NH2+]C[C@@H](O)[C@H]2NC(=O)CCCCCCCc3cc(C2)ccc3)CC12CCC2,7.4436975,CCc1cc2c(cc1)OC1(CCC1)C[C@@H]2[NH2+]C[C@H]([C@@H]1Cc2cccc(c2)CCCCCCCC(=O)N1)O,Brasa{aa{aas}AA}{A**Q}{{DQs%}A{A**Q}{B}{A*Q}sDA{~B}AAAAAAAataa{As}aaat}AArsAAAs,38.59429706173328
BACE_65,S(=O)(=O)(N(C)c1cc(cc(c1)C(=O)N[C@H]([C@@H](O)CC(=O)N[C@@H](C(C)C)C(=O)Nc1cc(cc(c1)C(=O)[O-])C(=O)[O-])COc1cc(F)cc(F)c1)C(=O)N[C@H](C)c1ccccc1)C,7.4317985,c1c(F)cc(F)cc1OC[C@H](NC(=O)c1cc(N(S(=O)(=O)C)C)cc(C(N[C@@H](c2ccccc2)C)=O)c1)[C@@H](O)CC(N[C@@H](C(C)C)C(=O)Nc1cc(C([O-])=O)cc(C(=O)[O-])c1)=O,E{~B}{~B}{D{A}araa{aa{ar}A{~B}D{A*Q}{{A**Q}{B}AA{~B}D{A**Q}{A{A}A}A{~B}Daraa{aa{ar}A{~B}{B_}}A{~B}{B_}}ABaraa{G}aa{G}ar}A{~B}D{A*Q}{A}araaaaar}A,38.743438494525584
BACE_66,O=C(N[C@H](C(=O)[O-])C)[C@@H]1CCC[C@H]1[C@H](O)[C@@H](NC(=O)[C@@H](NC(=O)[C@@H](NC(=O)[C@@H]([NH3+])CCC(=O)[O-])C(C)C)CC(=O)N)CC(C)C,7.4089355,C1C[C@@H](C(N[C@H](C([O-])=O)C)=O)[C@H]([C@@H]([C@H](CC(C)C)NC(=O)[C@H](CC(=O)N)NC([C@H](C(C)C)NC(=O)[C@@H]([NH3+])CCC(=O)[O-])=O)O)C1,B~A{D{A*Q}{A{~B}{B_}}A}{A**Q}rAAA{A*Q}r{A*Q}{B}{A**Q}{DA{~B}{A**Q}{DA{~B}{A**Q}{DA{~B}{A**Q}{{DQt%}}AAA{~B}{B_}}A{A}A}AA{~B}D}AA{A}A,39.03000211986642
BACE_67,FC(F)(F)c1cc(ccc1)C[NH2+]C[C@@H](O)[C@@H](NC(=O)c1cc(N2CCCC2=O)cc(NCC)c1)Cc1ccccc1,7.3979402,FC(c1cc(C[NH2+]C[C@H]([C@@H](NC(=O)c2cc(NCC)cc(N3C(=O)CCC3)c2)Cc2ccccc2)O)ccc1)(F)F,GA{G}{G}araa{aaar}A{DQs%}A{A**Q}{B}{A**Q}{DA{~B}araa{DsAAAAs~B}aa{DAA}ar}Aaraaaaar,39.1678166249493
BACE_68,O(C)c1ccc(cc1C)[C@@]1(N=C(N)N(C)C1=O)c1cc(ccc1)-c1cccnc1,7.3979402,c1([C@]2(c3cccc(-c4cnccc4)c3)N=C(N)N(C)C2=O)cc(C)c(OC)cc1,B{A}araaa{aarA}{A**}r{D~A{D}D{A}Ar~B}araa{aaar}_araaadar,39.1678166249493
BACE_69,Fc1ccc(NC(=O)c2ncc(cc2)C#N)cc1[C@]1(N=C(O[C@@H](C(F)(F)F)[C@@H]1F)N)C,7.3979402,NC1=N[C@](C)(c2c(F)ccc(NC(=O)c3ccc(C#N)cn3)c2)[C@@H](F)[C@H](C(F)(F)F)O1,Garaaa{DA{~B}asdaa{aas}A^D}aar{A*}r{D~A{B{A**Q}{A{G}{G}G}{A**Q}rG}D}A,39.1678166249493
BACE_70,Fc1c(cccc1OC)-c1cc(ccc1)[C@]1([NH+]=C(N2CC(F)(F)CN=C12)N)c1ccncc1,7.3899999,c1c([C@@]2(c3ccncc3)[NH+]=C(N)N3C2=NCC(F)(F)C3)cccc1-c1c(F)c(OC)ccc1,Gara{aaaarBA}_araa{aaar}{A*}r{{DQ%}~A{DsAA{G}{G}AD~Ars}D}araadaar,39.26733992260463
BACE_71,O=C(N[C@H]([C@H](O)C[NH2+][C@H]1CC(Cc2nn(cc12)CC(C)(C)C)(C)C)Cc1ccccc1)C,7.3565474,C(c1ccccc1)[C@H](NC(C)=O)[C@@H](C[NH2+][C@H]1CC(C)(C)Cc2nn(CC(C)(C)C)cc21)O,B~A{D{A*Q}{{A*Q}{B}A{DQs%}{A*Q}rAA{Aasdd{aars}AA{A}{A}A}{A}A}Aaraaaaar}A,39.686631777423074
BACE_72,Clc1cc(cc(Cl)c1NC(=O)C)CNC(NC(=O)Cn1c2cc(ccc2cc1)C#N)=N,7.3565474,O=C(NC(=N)NCc1cc(Cl)c(NC(=O)C)c(Cl)c1)Cn1ccc2ccc(C#N)cc12,Zaraa{aa{Z}arDA{~B}A}ADA{DA{~B}Adrasaa{aaasaar}A^D}~D,39.686631777423074
BACE_73,Fc1cc(cc(F)c1)C[C@H](NC(=O)C)[C@H](O)C[NH2+]C1(CCCCC1)c1cc(ccc1)C(C)(C)C,7.3279023,c1(F)cc(F)cc(C[C@@H]([C@@H](C[NH2+]C2(c3cc(C(C)(C)C)ccc3)CCCCC2)O)NC(=O)C)c1,Garaa{aa{G}ar}A{A*Q}{DA{~B}A}{A*Q}{B}A{DQs%}Ar{AAAAAr}araa{aaar}A{A}{A}A,40.04566793646828
BACE_74,O=C1N(C)C(=N[C@@]12CC(Cc1c2cc(cc1)-c1cncnc1)(C)C)N,7.318759,C1(N)=N[C@]2(c3cc(-c4cncnc4)ccc3CC(C)(C)C2)C(=O)N1C,B~ArD{A}A{~D{A**}rsAA{Aarasaa{aar}_aradadar}{A}A}D,40.16026957210572
BACE_75,O(C(C)(C)C)C(=O)N[C@@H](C(C)C)C(=O)N([C@@H](CCC(=O)N)C(=O)N[C@H]([C@@H](O)CC(=O)N[C@@H](CC(C)C)C(=O)N[C@H](C(=O)N([C@H](Cc1ccccc1)C(=O)N1CCC[C@@H]1C(OC)=O)C)C)Cc1ccccc1)C,7.3115802,c1c(C[C@@H]([C@@H](O)CC(=O)N[C@@H](CC(C)C)C(N[C@@H](C)C(=O)N([C@H](Cc2ccccc2)C(N2[C@@H](C(=O)OC)CCC2)=O)C)=O)NC(=O)[C@H](CCC(N)=O)N(C)C(=O)[C@H](C(C)C)NC(OC(C)(C)C)=O)cccc1,B{A{A}{A}A}A{~B}D{A**Q}{A{A}A}A{~B}D{{A**Q}{AAA{~B}D}A{~B}D{A*Q}{{A**Q}{B}AA{~B}D{A**Q}{AA{A}A}A{~B}D{A*Q}{A{~B}D{{A*Q}{Aaraaaaar}A{~B}DrAAA{A**Q}rA{BA}~B}A}A}Aaraaaaar}A,40.25024826928442
BACE_76,S1(=O)(=O)C[C@@H](Cc2cc(C[C@H](O)C(F)(F)F)c(N)c(F)c2)[C@H](O)[C@@H]([NH2+]Cc2cc(ccc2)C(C)(C)C)C1,7.309804,c1(F)cc(C[C@@H]2CS(=O)(=O)C[C@H]([NH2+]Cc3cccc(C(C)(C)C)c3)[C@H]2O)cc(C[C@H](O)C(F)(F)F)c1N,Er{~B}{~B}A{A**Q}{Aasaa{A{A*Q}{B}A{G}{G}G}a{D}a{G}as}{A*Q}{B}{A**Q}{{DQs%}Aasaa{aaas}A{A}{A}A}Ar,40.272511065563585
BACE_77,Fc1ccc(NC(=O)c2ncc(cc2)C#N)cc1[C@]1(N=C(OCC1(F)F)N)CF,7.309804,N1=C(N)OCC(F)(F)[C@]1(c1cc(NC(c2ccc(C#N)cn2)=O)ccc1F)CF,Garaaa{DA{~B}asdaa{aas}A^D}aar{A*}r{D~A{BAAr{G}G}D}AG,40.272511065563585
BACE_78,Fc1ccc(NC(=O)c2ncc(cc2)C#N)cc1[C@]1(N=C(OCC1)N)C,7.2923999,O=C(Nc1cc([C@]2(C)CCOC(N)=N2)c(F)cc1)c1ncc(C#N)cc1,Garaaa{DA{~B}asdaa{aas}A^D}aar{A*}r{D~A{BAAr}D}A,40.49065312880087
BACE_79,S(CC[C@H](NC(=O)[C@@H](NC(=O)C)CC(C)C)C(=O)N[C@H]([C@@H](O)C[C@H](C(=O)NCCCC)C)CC(C)C)C,7.2757239,N(CCCC)C(=O)[C@H](C)C[C@H](O)[C@H](CC(C)C)NC([C@H](CCSC)NC([C@H](CC(C)C)NC(=O)C)=O)=O,E{AA{A*Q}{DA{~B}{A**Q}{DA{~B}A}AA{A}A}A{~B}D{A*Q}{{A**Q}{B}A{A*Q}{A{~B}DAAAA}A}AA{A}A}A,40.699669225384156
BACE_80,Fc1ccc(NC(=O)c2ncc(cc2)C#N)cc1[C@]1(N=C(OCC1)N)C(F)F,7.2676063,N(c1cc([C@@]2(C(F)F)N=C(N)OCC2)c(F)cc1)C(c1ccc(C#N)cn1)=O,Garaaa{DA{~B}asdaa{aas}A^D}aar{A*}r{D~A{BAAr}D}A{G}G,40.80141479180444
BACE_81,O=C1N(CC[C@]12[N@H+](CCC2)CCC)[C@H](C(=O)N[C@H]([C@H](O)C[NH2+]Cc1cc(ccc1)C(C)C)Cc1ccccc1)C,7.2596374,c1(C[C@H](NC([C@@H](N2CC[C@@]3(C2=O)[N@@H+](CCC)CCC3)C)=O)[C@@H](C[NH2+]Cc2cccc(C(C)C)c2)O)ccccc1,B~ArD{AA{A*}rs{D*Q%}{AAAs}AAA}{A*Q}{A{~B}D{A*Q}{{A*Q}{B}A{DQs%}Aaraa{aaar}A{A}A}Aaraaaaar}A,40.901296560337805
BACE_82,S1(=O)(=O)C[C@@H](Cc2cc3c([nH]cc3CC(F)F)cc2)[C@H](O)[C@@H]([NH2+]Cc2cc(ccc2)C(C)(C)C)C1,7.2596374,c1c(C[NH2+][C@H]2CS(=O)(=O)C[C@@H](Cc3cc4c(cc3)[nH]cc4CC(F)F)[C@@H]2O)cccc1C(C)(C)C,Er{~B}{~B}A{A**Q}{Aasaata{{dQ}aatAA{G}G}aas}{A*Q}{B}{A**Q}{{DQs%}Aasaa{aaas}A{A}{A}A}Ar,40.901296560337805
BACE_83,S(=O)(=O)(N(C)c1cc(cc(c1)C(=O)N[C@H]([C@@H](O)CC(=O)N[C@@H](CC(C)C)C(=O)N[C@H](C(=O)N([C@H](Cc1ccccc1)C(=O)N1CCC[C@H]1C(OC)=O)C)C)Cc1ccccc1)C(=O)N[C@H](C)c1ccccc1)C,7.2426038,O=C([C@H](CC(C)C)NC(=O)C[C@H](O)[C@H](Cc1ccccc1)NC(c1cc(N(C)S(=O)(=O)C)cc(C(=O)N[C@H](C)c2ccccc2)c1)=O)N[C@H](C(=O)N([C@@H](C(=O)N1CCC[C@H]1C(=O)OC)Cc1ccccc1)C)C,E{~B}{~B}{D{A}araa{aa{ar}A{~B}D{A*Q}{{A**Q}{B}AA{~B}D{A**Q}{AA{A}A}A{~B}D{A*Q}{A{~B}D{{A*Q}{Aaraaaaar}A{~B}DrAAA{A*Q}rA{BA}~B}A}A}Aaraaaaar}A{~B}D{A*Q}{A}araaaaar}A,41.114794796291335
BACE_84,Fc1cc(cc(F)c1)C[C@H](NC(=O)C)[C@H](O)C[NH2+]C1(CCCCC1)c1cc(-n2nccc2)ccc1,7.2291479,c1(C2([NH2+]C[C@H]([C@@H](NC(C)=O)Cc3cc(F)cc(F)c3)O)CCCCC2)cc(-n2cccn2)ccc1,Garaa{aa{G}ar}A{A*Q}{DA{~B}A}{A*Q}{B}A{DQs%}Ar{AAAAAr}araa{_dsdaaas}aaar,41.28345033083289
BACE_85,O=C1N(C)C(=N[C@@]1(c1cc(ccc1)-c1cccnc1)c1ccncc1)N,7.221849,c1cc(-c2cccc([C@]3(c4ccncc4)C(=O)N(C)C(N)=N3)c2)cnc1,B~ArD{A}A{~D{A**}r{araa{aaar}_araaadar}araadaar}D,41.37493435502046
BACE_86,s1cc(cc1)[C@@]1(N=C(N)N(C)C1=O)c1cc(ccc1)-c1cccnc1,7.221849,c1c(-c2cnccc2)cc([C@@]2(c3cscc3)N=C(N)N(C)C2=O)cc1,eraa{aar}{A**}r{D~A{D}D{A}Ar~B}araa{aaar}_araaadar,41.37493435502046
BACE_87,S(=O)(=O)(N(C)c1cc(cc(c1)C(=O)N[C@H]([C@H](O)[C@@H]1[NH2+]C(N(C)C1=O)(C)C)Cc1ccccc1)C(=O)N[C@H](C)c1ccc(F)cc1)C,7.1487417,C(c1ccccc1)[C@@H]([C@@H]([C@H]1C(=O)N(C)C(C)(C)[NH2+]1)O)NC(=O)c1cc(N(C)S(=O)(=O)C)cc(C(=O)N[C@@H](c2ccc(F)cc2)C)c1,E{~B}{~B}{D{A}araa{aa{ar}A{~B}D{A*Q}{{A*Q}{B}{A**Q}r{DQs%}A{D{A}Ar~B}{A}A}Aaraaaaar}A{~B}D{A*Q}{A}araaa{G}aar}A,42.291257362800685
BACE_88,O=C(N)CC[C@H](N(C(=O)[C@@H](NC(=O)[C@@H](O)C)C(C)C)C)C(=O)N[C@H]([C@@H](O)CC(=O)N[C@@H](CC(C)C)C(=O)N[C@H](C(=O)N([C@H](CC1CCCCC1)C(=O)[O-])C)C)CC1CCCCC1,7.1366773,N(C([C@H](C)NC([C@@H](NC(=O)C[C@@H]([C@@H](NC([C@@H](N(C)C([C@H](C(C)C)NC([C@@H](O)C)=O)=O)CCC(N)=O)=O)CC1CCCCC1)O)CC(C)C)=O)=O)(C)[C@H](CC1CCCCC1)C(=O)[O-],B~A{D}AA{A*Q}{D{A{~B}{A**Q}{DA{~B}{A**Q}{B}A}A{A}A}A}A{~B}D{A*Q}{{A**Q}{B}AA{~B}D{A**Q}{AA{A}A}A{~B}D{A*Q}{A{~B}D{{A*Q}{AArAAAAAr}A{~B}{B_}}A}A}AArAAAAAr,42.442471910391205
BACE_89,O=C(NC1CCCCC1)CCc1cc2cc(ccc2nc1N)-c1ccccc1C,7.1307683,N(C(CCc1cc2cc(-c3c(C)cccc3)ccc2nc1N)=O)C1CCCCC1,B~A{DArAAAAAr}AAaraasaa{aaasdarD}_araaaaarA,42.51653500194258
BACE_90,FC(F)(F)c1cc(ccc1)C[NH2+]C[C@@H](O)[C@@H](NC(=O)C=1C=C(N2CCCC2=O)C(=O)N(C=1)C1CCCC1)Cc1ccccc1,7.1191864,O=c1n(C2CCCC2)cc(C(=O)N[C@H]([C@H](O)C[NH2+]Cc2cccc(C(F)(F)F)c2)Cc2ccccc2)cc1N1CCCC1=O,GA{G}{G}araa{aaar}A{DQs%}A{A**Q}{B}{A**Q}{DA{~B}A~rA~A{DsAAAAs~B}A{~B}D{A~r}ArAAAAr}Aaraaaaar,42.66170192020942
BACE_91,Fc1ccc(NC(=O)c2ncc(cc2)C#N)cc1[C@]1(N=C(OC[C@@H]1F)N)CF,7.1135092,C(c1cnc(C(Nc2ccc(F)c([C@@]3(CF)N=C(N)OC[C@@H]3F)c2)=O)cc1)#N,Garaaa{DA{~B}asdaa{aas}A^D}aar{A*}r{D~A{BA{A**Q}rG}D}AG,42.73285964289607
BACE_92,FC1(F)CN2C(=NC1)[C@]([NH+]=C2N)(c1cc(ccc1)C#CCOC)c1ccc(OC(F)F)cc1,7.1100001,O(C)CC#Cc1cc([C@]2(c3ccc(OC(F)F)cc3)C3=NCC(F)(F)CN3C(N)=[NH+]2)ccc1,GAr{G}ADsA{~DAr}{A*}{{DQ%}~AsD}{araa{aaar}A^AABA}araaa{BA{G}G}aar,42.776842515558606
BACE_93,O1C[C@H](NC(=O)c2cc(cc(c2)[C@@H](O)[NH2+][C@H](C\C=C\C1)c1ccccc1)C)[C@H](O)C[NH2+]Cc1cc(ccc1)C(C)C,7.1079054,[C@H]1(O)[NH2+][C@@H](c2ccccc2)C/C=C/COC[C@@H]([C@H](O)C[NH2+]Cc2cc(C(C)C)ccc2)NC(=O)c2cc1cc(C)c2,BrA{A*Q}{DA{~B}asaa{aa{as}{A**Q}{B}{DQs%}{A*Q}{A!A~A!Ar}araaaaar}A}{A*Q}{B}A{DQs%}Aaraa{aaar}A{A}A,42.80309737388872
BACE_94,[NH+]=1[C@](N=C(C)C=1N)(C1CC1)c1cc(ccc1)-c1cc(cnc1)C#CC,7.1023731,n1cc(-c2cccc([C@]3(C4CC4)N=C(C)C(N)=[NH+]3)c2)cc(C#CC)c1,{DQ%}~r{A*}{D~A{A}A~rD}{ArAAr}araa{aaar}_araa{adar}A^AA,42.872438927686254
BACE_95,O=C1N(C)C(=N[C@@]1(c1cc(ccc1)-c1cncnc1)c1cn(nc1)CC)N,7.09691,[C@]1(c2cccc(-c3cncnc3)c2)(c2cnn(CC)c2)N=C(N)N(C)C1=O,B~ArD{A}A{~D{A**}r{araa{aaar}_aradadar}arad{dar}AA}D,42.94091313236628
BACE_97,O1c2c(cc(cc2)-c2cc(ccc2)C#N)[C@]2(N=C(N)N(C)C2=O)CC1(C)C,7.0268722,c1c(C#N)cccc1-c1cc2c(cc1)OC(C)(C)C[C@@]21N=C(N)N(C)C1=O,Brasa{aa{aas}_asaa{aaas}A^D}{A*}s{D~A{D}D{A}As~B}AAr{A}A,43.818763190490586
BACE_98,O(C)c1cc(ccc1)C[NH2+]C[C@@H](O)[C@@H](NC(=O)c1c2c(n(c1)C(=O)N(CCCC)CCCC)cccc2)Cc1ccccc1,7.0268722,c1c(OC)cccc1C[NH2+]C[C@@H](O)[C@H](Cc1ccccc1)NC(c1c2c(cccc2)n(C(=O)N(CCCC)CCCC)c1)=O,B{A}araa{aaar}A{DQs%}A{A**Q}{B}{A**Q}{DA{~B}arasa{d{ar}A{~B}D{AAAA}AAAA}aaaas}Aaraaaaar,43.818763190490586
BACE_99,Clc1ccc(nc1)C(=O)Nc1cc([C@]2([NH+]=C(N)[C@@H]3[C@H](C2)C3)C)c(F)cc1,7.0177288,NC1=[NH+][C@](C)(c2c(F)ccc(NC(c3ncc(Cl)cc3)=O)c2)C[C@@H]2C[C@H]12,Zaraaa{dar}A{~B}Daraa{{A*}s{{DQ%}~A{D}{A**Q}t{A*Q}{As}At}A}a{G}aar,43.9333660795227
BACE_100,S(=O)(=O)(N(C)c1cc(cc(c1)C(=O)N[C@H]([C@H](O)C[NH2+]C1CC1)Cc1ccccc1)C(=O)c1ccccc1)C,7.0087738,c1cccc(C(=O)c2cc(N(C)S(=O)(C)=O)cc(C(=O)N[C@@H](Cc3ccccc3)[C@H](O)C[NH2+]C3CC3)c2)c1,E{~B}{~B}{D{A}araa{aa{ar}A{~B}D{A*Q}{{A*Q}{B}A{DQs%}ArAAr}Aaraaaaar}A{~B}araaaaar}A,44.045607572980565
BACE_101,S1(=O)(=O)N([C@]2(C[C@@H]([N@H+](CC2)Cc2cc(OC(C)C)c(O)cc2)C)CN1C)c1cc(F)ccc1,7.0,C1[C@]2(CC[N@H+](Cc3ccc(O)c(OC(C)C)c3)[C@H]1C)CN(C)S(=O)(=O)N2c1cccc(F)c1,Er{~B}{~B}D{{A*}s{A{A**Q}{{D*Q%}{AAs}Aasaa{BA{A}A}a{B}aas}A}ADrA}araa{G}aaar,44.15557791528102
BACE_102,Clc1ccccc1-c1n(Cc2nc(N)ccc2)c(cc1)-c1ccc(Oc2cncnc2)cc1,7.0,c1c(-c2n(Cc3cccc(N)n3)c(-c3ccc(Oc4cncnc4)cc3)cc2)c(Cl)ccc1,Zaraaaaar_ard{Aasda{D}aaas}a{aar}_araaa{Basadadas}aar,44.15557791528102
BACE_103,S(=O)(=O)(C(CCC)CCC)C[C@@H](NC(OCc1ccccc1)=O)C(=O)N[C@H]([C@H](O)C[NH2+]Cc1cc(OC)ccc1)Cc1ccccc1,6.9507818,S(=O)(C[C@H](C(N[C@@H](Cc1ccccc1)[C@H](O)C[NH2+]Cc1cc(OC)ccc1)=O)NC(=O)OCc1ccccc1)(C(CCC)CCC)=O,E{~B}{~B}{A{AAA}AAA}A{A**Q}{DA{BAaraaaaar}~B}A{~B}D{A*Q}{{A*Q}{B}A{DQs%}Aaraa{BA}aaar}Aaraaaaar,44.77247621492455
BACE_104,Fc1cc(cc(F)c1)C[C@H](NC(=O)c1cc(cc(c1)C)C(=O)N(CCC)CCC)[C@H](O)[C@@H]1[NH2+]CC[N@@H+](C1)Cc1ccccc1,6.9208188,Cc1cc(C(N[C@H]([C@H](O)[C@@H]2[NH2+]CC[N@H+](Cc3ccccc3)C2)Cc2cc(F)cc(F)c2)=O)cc(C(N(CCC)CCC)=O)c1,Garaa{aa{G}ar}A{A*Q}{DA{~B}araa{aa{ar}A}A{~B}D{AAA}AAA}{A*Q}{B}{A**Q}r{DQs%}AA{D**Q%}{Ar}Aaraaaaar,45.14803086243744
BACE_105,S(=O)(=O)(N[C@@H]1C[C@H](C[C@@H](C1)C(=O)N[C@H]([C@@H](O)CC(=O)N[C@@H](CC(C)C)C(=O)N[C@H](C(=O)N([C@H](CC1CCCCC1)C(=O)N1CCC[C@H]1C(OC)=O)C)C)CC1CCCCC1)C(=O)N[C@H](C)C1CCCCC1)C,6.8927898,C(C(=O)N[C@@H](CC(C)C)C(=O)N[C@H](C(=O)N([C@H](CC1CCCCC1)C(=O)N1[C@H](C(OC)=O)CCC1)C)C)[C@H](O)[C@H](CC1CCCCC1)NC([C@@H]1C[C@H](NS(C)(=O)=O)C[C@@H](C(N[C@H](C)C2CCCCC2)=O)C1)=O,E{~B}{~B}{D{A**Q}rA{A*Q}{A{A**Q}{Ar}A{~B}D{A*Q}{{A**Q}{B}AA{~B}D{A**Q}{AA{A}A}A{~B}D{A*Q}{A{~B}D{{A*Q}{AArAAAAAr}A{~B}DrAAA{A*Q}rA{BA}~B}A}A}AArAAAAAr}A{~B}D{A*Q}{A}ArAAAAAr}A,45.499344856868525
BACE_106,S1(=O)(=O)C[C@@H](Cc2cc(F)c3NCC4(CCC(F)(F)CC4)c3c2)[C@H](O)[C@@H]([NH2+]Cc2cc(ccc2)C(C)(C)C)C1,6.8538718,C1CC(F)(F)CCC12CNc1c2cc(C[C@@H]2CS(=O)(=O)C[C@H]([NH2+]Cc3cccc(C(C)(C)C)c3)[C@H]2O)cc1F,Er{~B}{~B}A{A**Q}{Aasaa{G}atDAAu{AAA{G}{G}AAu}atas}{A*Q}{B}{A**Q}{{DQs%}Aasaa{aaas}A{A}{A}A}Ar,45.987140997839276
BACE_107,O=C(N1CC[C@H](C[C@H]1c1ccccc1)c1ccccc1)[C@@H]1C[NH2+]C[C@]12CCCc1c2cccc1,6.8239088,c12c(cccc1)[C@]1([C@H](C(=O)N3CC[C@@H](c4ccccc4)C[C@H]3c3ccccc3)C[NH2+]C1)CCC2,B~A{DrAA{A*Q}{A{A*Q}raraaaaar}araaaaar}{A**Q}rA{DQs%}A{A*}rsAAAarasaaaar,46.362695645352176
BACE_108,S1(=O)(=O)C[C@@H](Cc2cc(C[C@@H]3N(CCC)C(OC3)=O)c(O)cc2)[C@H](O)[C@@H]([NH2+]Cc2cc(ccc2)C(C)C)C1,6.8239088,CCCN1C(=O)OC[C@@H]1Cc1c(O)ccc(C[C@@H]2CS(=O)(=O)C[C@H]([NH2+]Cc3cc(C(C)C)ccc3)[C@H]2O)c1,Er{~B}{~B}A{A**Q}{Aasaa{A{A**Q}tD{AAA}A{BAt}~B}a{B}aas}{A*Q}{B}{A**Q}{{DQs%}Aasaa{aaas}A{A}A}Ar,46.362695645352176
BACE_109,S1C[C@H](NC(OC(C)(C)C)=O)C(=O)N[C@@H](C)C(=O)N[C@@H](CSC\C=C\C1)[C@@H](O)C[C@H](C(=O)N[C@@H](C(C)C)C(=O)NCCCC)C,6.8068752,C1(=O)N[C@@H](C)C(=O)N[C@H]([C@@H](O)C[C@@H](C)C(N[C@@H](C(C)C)C(=O)NCCCC)=O)CSC/C=C/CSC[C@@H]1NC(=O)OC(C)(C)C,ErA{A*Q}{DA{BA{A}{A}A}~B}A{~B}D{A**Q}{A}A{~B}D{A**Q}{AEA!A~A!Ar}{A**Q}{B}A{A*Q}{A{~B}D{A**Q}{A{A}A}A{~B}DAAAA}A,46.5761938813057
BACE_110,O(C)c1ccc(cc1C)[C@@]1(N=C(N)N(C)C1=O)C12CC3CC(C1)CC(C2)C3,6.7695513,C1C2([C@@]3(c4ccc(OC)c(C)c4)N=C(N)N(C)C3=O)CC3CC(CC1C3)C2,B{A}araaa{aarA}{A**}r{D~A{D}D{A}Ar~B}ArsAAtAA{Ar}AA{As}At,47.04400965770681
BACE_111,Clc1cc2CC([NH+]=C(N[C@@H](Cc3ccccc3)C=3NC(=O)c4c(N=3)ccnc4)c2cc1)(C)C,6.7695513,C([C@@H](c1nc2ccncc2c(=O)[nH]1)NC1=[NH+]C(C)(C)Cc2c1ccc(Cl)c2)c1ccccc1,ZaraasAA{{DQ%}~A{D{A**Q}{Aataaaaat}A~tDA{~B}aua{D~t}aadau}asaar}{A}A,47.04400965770681
BACE_112,O=C1N(CCC1)c1cc(cc(NCC)c1)C(=O)N[C@H]([C@H](O)C[NH2+]C1CCCCC1)Cc1ccccc1,6.7447276,c1c(C[C@@H]([C@@H](C[NH2+]C2CCCCC2)O)NC(c2cc(NCC)cc(N3C(=O)CCC3)c2)=O)cccc1,B~ArD{AAAr}araa{aa{DAA}ar}A{~B}D{A*Q}{{A*Q}{B}A{DQs%}ArAAAAAr}Aaraaaaar,47.35514859250859
BACE_113,Fc1ccc(NC(=O)c2ncc(OCC)cc2)cc1[C@]1(N=C(OCC1(F)F)N)C,6.7351823,c1nc(C(Nc2cc([C@@]3(C)N=C(N)OCC3(F)F)c(F)cc2)=O)ccc1OCC,Garaaa{DA{~B}asdaa{BAA}aas}aar{A*}r{D~A{BAAr{G}G}D}A,47.474788874753514
BACE_114,O(C(=O)[C@H]1N(CCC1)C(=O)[C@H](N(C(=O)[C@@H](NC(=O)[C@@H](NC(=O)C[C@H](O)[C@@H](NC(=O)[C@@H](N(C(=O)[C@@H](NC(=O)[C@@H](O)C)C(C)C)C)CCC(=O)N)CC1CCCCC1)CC(C)C)C)C)CC1CCCCC1)C,6.7235384,C([C@H](C)O)(N[C@@H](C(C)C)C(N(C)[C@@H](CCC(=O)N)C(=O)N[C@H]([C@@H](O)CC(N[C@H](C(N[C@@H](C)C(N([C@H](CC1CCCCC1)C(=O)N1[C@H](C(=O)OC)CCC1)C)=O)=O)CC(C)C)=O)CC1CCCCC1)=O)=O,B{A{~B}{A*Q}rD{AAAr}A{~B}{A*Q}{D{A{~B}{A**Q}{DA{~B}{A**Q}{DA{~B}A{A*Q}{B}{A**Q}{DA{~B}{A**Q}{D{A{~B}{A**Q}{DA{~B}{A**Q}{B}A}A{A}A}A}AAA{~B}D}AArAAAAAr}AA{A}A}A}A}AArAAAAAr}A,47.62073289772103
BACE_115,S1C[C@H](NC(=O)[C@@H](NC(=O)[C@@H]2[NH2+]CCC[C@@H]2SC\C=C\C1)C)[C@@H](O)C[C@H](C(=O)NCCCC)C,6.7212462,S1C/C=C/CSC[C@@H]([C@H](C[C@@H](C)C(NCCCC)=O)O)NC(=O)[C@H](C)NC(=O)[C@@H]2[NH2+]CCC[C@H]12,ErA{A*Q}{DA{~B}{A**Q}{DA{~B}{A**Q}s{DQs%}AAA{A**Q}sEA!A~A!Ar}A}{A**Q}{B}A{A*Q}{A{~B}DAAAA}A,47.64946321054113
BACE_116,O(C)c1cc(ccc1)C[NH2+]C[C@@H](O)[C@@H](NC(=O)c1cc(ccc1)C(=O)N(CCC)CCC)Cc1ccccc1,6.7212462,c1(C(=O)N[C@@H](Cc2ccccc2)[C@@H](C[NH2+]Cc2cc(OC)ccc2)O)cccc(C(=O)N(CCC)CCC)c1,B{A}araa{aaar}A{DQs%}A{A**Q}{B}{A**Q}{DA{~B}araa{aaar}A{~B}D{AAA}AAA}Aaraaaaar,47.64946321054113
BACE_117,O=C(NC[C@H]([NH3+])C(=O)N[C@@H](C(C)C)C(=O)N[C@@H](CC(C)C)C(=O)NC[C@](O)(CCc1ccccc1)C(=O)Nc1cc(ccc1)C(=O)[O-])c1nnn[n-]1,6.7212462,N([C@@H](C(C)C)C(=O)N[C@@H](CC(C)C)C(=O)NC[C@@](C(Nc1cccc(C([O-])=O)c1)=O)(CCc1ccccc1)O)C([C@@H]([NH3+])CNC(c1[n-]nnn1)=O)=O,B~A{DA{A*Q}{{DQt%}}A{~B}D{A**Q}{A{A}A}A{~B}D{A**Q}{AA{A}A}A{~B}DA{A*}{B}{AAaraaaaar}A{~B}Daraa{aaar}A{~B}{B_}}arddd{d_}r,47.64946321054113
BACE_118,Fc1ccc(cc1-c1cncnc1)[C@]1([NH+]=C(N)c2c1cccc2F)c1cc(ncc1)C(F)(F)F,6.7033348,c1([C@@]2(c3ccnc(C(F)(F)F)c3)[NH+]=C(N)c3c2cccc3F)ccc(F)c(-c2cncnc2)c1,Garaaa{aar_aradadar}{A*}r{{DQ%}~A{D}asaraaaasG}araa{daar}A{G}{G}G,47.873963744982355
BACE_119,O(C)c1cc(ccc1)-c1cc(ccc1)CC[C@]1(N=C(N)N(C)C(=O)C1)C,6.6989698,[C@@]1(C)(CCc2cccc(-c3cc(OC)ccc3)c2)N=C(N)N(C)C(=O)C1,B{A}araa{aaar}_araa{aaar}AA{A*}r{D~A{D}D{A}A{~B}Ar}A,47.928674422697995
BACE_120,S(=O)(=O)(N(C)c1cc(cc(c1)C(OC[C@]([NH3+])(Cc1ccccc1)CO)=O)C(=O)N[C@H](C)c1ccc(F)cc1)C,6.6989698,C(OC(=O)c1cc(C(N[C@@H](c2ccc(F)cc2)C)=O)cc(N(C)S(C)(=O)=O)c1)[C@]([NH3+])(Cc1ccccc1)CO,E{~B}{~B}{D{A}araa{aa{ar}A{BA{A*}{{DQt%}}{Aaraaaaar}AB}~B}A{~B}D{A*Q}{A}araaa{G}aar}A,47.928674422697995
BACE_121,FC(F)(F)c1cc(ccc1)C[NH2+]C[C@@H](O)[C@@H](NC(=O)c1cc(N2CCCC2=O)c2nccc(c2c1)CC)Cc1ccccc1,6.6777806,N1(c2c3nccc(CC)c3cc(C(N[C@H]([C@H](O)C[NH2+]Cc3cc(C(F)(F)F)ccc3)Cc3ccccc3)=O)c2)C(=O)CCC1,GA{G}{G}araa{aaar}A{DQs%}A{A**Q}{B}{A**Q}{DA{~B}araa{DsAAAAs~B}asdaaa{asar}AA}Aaraaaaar,48.19425872791043
BACE_122,Clc1cc(-c2cc3c(Oc4c(cc(OC)cc4)[C@@]34N=C(OC4)N)cc2)c(F)cc1,6.5528421,c1cc(F)c(-c2cc3c(cc2)Oc2c(cc(OC)cc2)[C@]32COC(N)=N2)cc1Cl,Zaraa{_asaata{Baua{aa{BA}aau}{A**}tuD~A{BAu}D}aas}a{G}aar,49.76023123828287
BACE_123,Brc1cscc1C[C@H](NC1=[NH+]C(Cc2c1ccc(Cl)c2)(C)C)C(=O)[O-],6.5086384,Clc1ccc2c(c1)CC(C)(C)[NH+]=C2N[C@H](C([O-])=O)Cc1cscc1Br,YaraeaarA{A*Q}{DAr~{DQ%}A{Aasaraaa{Z}as}{A}A}A{~B}{B_},50.31427806177403
BACE_124,Clc1ccc(nc1)C(=O)Nc1cc(ccc1)[C@]1([NH+]=C(N)CN(C)C1=O)C,6.4894552,C(c1ccc(Cl)cn1)(=O)Nc1cccc([C@@]2(C)[NH+]=C(N)CN(C)C2=O)c1,Zaraaa{dar}A{~B}Daraa{aaar}{A*}r{{DQ%}~A{D}AD{A}Ar~B}A,50.554719269736154
BACE_125,O(C)c1cc(ccc1)-c1cc(ccc1)[C@]1(N=C(N)N(C)C(=O)C1)C,6.4202166,C1(=O)C[C@@](C)(c2cccc(-c3cccc(OC)c3)c2)N=C(N)N1C,B{A}araa{aaar}_araa{aaar}{A*}r{D~A{D}D{A}A{~B}Ar}A,51.42255219759005
BACE_126,S(=O)(=O)(N(C)c1cc2cc(c1)C(=O)N[C@@H](COC\C=C\C[C@H](NC2=O)c1ccccc1)[C@H](O)C[NH2+]Cc1cc(ccc1)C(C)C)C,6.3979402,c1cc(C(C)C)cc(C[NH2+]C[C@H]([C@H]2NC(=O)c3cc(cc(N(C)S(=O)(=O)C)c3)C(=O)N[C@H](c3ccccc3)C/C=C/COC2)O)c1,E{~B}{~B}{D{A}araasaa{ar}A{~B}D{A**Q}{ABA!A~A!A{A*Q}{DAs~B}araaaaar}{A*Q}{B}A{DQs%}Aaraa{aaar}A{A}A}A,51.70176340974692
BACE_127,Clc1ccccc1-c1n(Cc2nc(N)ccc2)c(cc1)-c1ccc(OCCCC#N)cc1,6.3767509,c1cc(-c2ccc(OCCCC#N)cc2)n(Cc2nc(N)ccc2)c1-c1c(Cl)cccc1,Zaraaaaar_ard{Aasda{D}aaas}a{aar}_araaa{BAAAA^D}aar,51.967348968354024
BACE_128,Fc1ccc(NC(=O)c2ncc(cc2)C#N)cc1[C@]1(N=C(OC[C@H]1F)N)C,6.3615108,O1C[C@@H](F)[C@](c2cc(NC(=O)c3ccc(C#N)cn3)ccc2F)(C)N=C1N,Garaaa{DA{~B}asdaa{aas}A^D}aar{A*}r{D~A{BA{A*Q}rG}D}A,52.15836757074902
BACE_129,Clc1cc2CC([NH+]=C(N[C@@H](Cc3cscc3-c3cn[nH]c3)C(=O)[O-])c2cc1)(C)C,6.3467875,c1[nH]ncc1-c1cscc1C[C@@H](C([O-])=O)NC1=[NH+]C(C)(C)Cc2c1ccc(Cl)c2,ZaraasAA{{DQ%}~A{D{A**Q}{Aataeaat_atad{dQ}at}A{~B}{B_}}asaar}{A}A,52.34290862944563
BACE_130,Clc1cc2CC([NH+]=C(N[C@@H](Cc3ccccc3)C=3NC(=O)C(=CN=3)C#N)c2cc1)(C)C,6.3279023,N#Cc1c(=O)[nH]c([C@@H](NC2=[NH+]C(C)(C)Cc3c2ccc(Cl)c3)Cc2ccccc2)nc1,ZaraasAA{{DQ%}~A{D{A**Q}{Aataaaaat}A~tDA{~B}A{~AD~t}A^D}asaar}{A}A,52.57961472126589
BACE_131,s1cc(cc1C1([NH2+]C[C@@H](O)[C@@H](NC(=O)C)Cc2cc(F)cc(F)c2)CC1)CC(C)(C)C,6.3279023,c1(CC(C)(C)C)cc(C2([NH2+]C[C@@H](O)[C@@H](NC(C)=O)Cc3cc(F)cc(F)c3)CC2)sc1,eraa{aarAr{{DQs%}A{A**Q}{B}{A**Q}{DA{~B}A}Aasaa{G}aa{G}as}AAr}AA{A}{A}A,52.57961472126589
BACE_132,S(CC[C@H](NC(=O)CCC(C)C)C(=O)N[C@H]([C@@H](O)C[C@H](C(=O)NCCCC)C)CC(C)C)C,6.2291479,C(CC)CNC(=O)[C@@H](C[C@H](O)[C@H](CC(C)C)NC(=O)[C@H](CCSC)NC(CCC(C)C)=O)C,E{AA{A*Q}{DA{~B}AAA{A}A}A{~B}D{A*Q}{{A**Q}{B}A{A*Q}{A{~B}DAAAA}A}AA{A}A}A,53.817397115630506
BACE_133,Clc1ccccc1-c1scc(-c2ccc(OCCC)cc2)c1CC(=O)NC(=[NH2+])N,6.2291479,c1cc(Cl)c(-c2c(CC(=O)NC(N)=[NH2+])c(-c3ccc(OCCC)cc3)cs2)cc1,Zaraaaaar_areaa{_asaaa{BAAA}aas}arAA{~B}DA{~{DQs%}}D,53.817397115630506
BACE_134,O=C1N[C@@H](C[C@@H](CCCCCCCC(=O)N[C@H]1C)C)[C@@H](O)C[C@H](C(=O)NCCCC)C,6.2291479,C[C@H]1C(=O)N[C@H]([C@@H](O)C[C@H](C(NCCCC)=O)C)C[C@H](C)CCCCCCCC(=O)N1,B~ArD{A**Q}{A{A**Q}{AAAAAAAA{~B}D{A*Q}rA}A}{A**Q}{B}A{A*Q}{A{~B}DAAAA}A,53.817397115630506
BACE_135,Brc1cc(ccc1)C(=O)Nc1ccc(cc1)-c1n(CC(=O)NC(=[NH2+])N)c(cc1)-c1ccccc1,6.221849,N(c1ccc(-c2ccc(-c3ccccc3)n2CC(=O)NC(=[NH2+])N)cc1)C(=O)c1cc(Br)ccc1,Yaraa{aaar}A{~B}Daraaa{aar}_ard{AA{~B}DA{~{DQs%}}D}a{aar}_araaaaar,53.90888113981807
BACE_136,O(CCC)c1cc(cc(N2CCCC2=O)c1)C(=O)N[C@H]([C@H](O)C[NH2+][C@H](C(=O)NC1CCCCC1)C)Cc1ccccc1,6.2182446,O=C(N[C@@H](Cc1ccccc1)[C@H](O)C[NH2+][C@H](C(NC1CCCCC1)=O)C)c1cc(N2CCCC2=O)cc(OCCC)c1,B{AAA}araa{aa{DsAAAAs~B}ar}A{~B}D{A*Q}{{A*Q}{B}A{DQs%}{A*Q}{A{~B}DArAAAAAr}A}Aaraaaaar,53.95405849760919
BACE_137,O=C1N(C)C(N[C@@]1(CC1CCCCC1)CCC1CCCCC1)=N,6.2182446,C1(=N)N[C@@](CC2CCCCC2)(CCC2CCCCC2)C(=O)N1C,B~ArD{A}A{D{A**}r{AArAAAAAr}AAArAAAAAr}~D,53.95405849760919
BACE_138,Clc1cc2CC([NH+]=C(N[C@@H](Cc3cscc3CCC)C(=O)[O-])c2cc1)(C)C,6.2146702,[NH+]1=C(N[C@H](C([O-])=O)Cc2cscc2CCC)c2c(cc(Cl)cc2)CC1(C)C,ZaraasAA{{DQ%}~A{D{A**Q}{AataeaatAAA}A{~B}{B_}}asaar}{A}A,53.99885983699677
BACE_139,s1c2c(nc1C)C(=[NH+][C@@]2(c1cc(ccc1)-c1cncnc1)c1ccc(OC)cc1)N,6.2006593,c1c(OC)ccc([C@@]2(c3cc(-c4cncnc4)ccc3)c3sc(C)nc3C(N)=[NH+]2)c1,erasa{darA}A{~{DQ%}{A**}s{araa{aaar}_aradadar}araaa{BA}aar}D,54.17447171200389
BACE_140,Clc1ccccc1-c1n(CC(=O)NC(=[NH2+])N)c(cc1)-c1ccc(Oc2ccc(cc2)C(=O)C)cc1,6.154902,c1(Oc2ccc(-c3n(CC(=O)NC(N)=[NH2+])c(-c4c(Cl)cccc4)cc3)cc2)ccc(C(=O)C)cc1,Zaraaaaar_ard{AA{~B}DA{~{DQs%}}D}a{aar}_araaa{Basaaa{aas}A{~B}A}aar,54.74799127521991
BACE_141,Clc1cc2CC([NH+]=C(N[C@@H](Cc3ccccc3)C3=NOC(=O)[N-]3)c2cc1)(C)C,6.124939,c1cc(Cl)cc2c1C(N[C@@H](Cc1ccccc1)c1[n-]c(=O)on1)=[NH+]C(C)(C)C2,ZaraasAA{{DQ%}~A{D{A**Q}{Aataaaaat}At~DBA{~B}{D_}t}asaar}{A}A,55.123545922732795
BACE_142,Fc1ccc(NC(=O)c2ncc(cc2)C#N)cc1[C@]1(N=C(O[C@H](C1)C(F)(F)F)N)C,6.1101384,[C@@H]1(C(F)(F)F)OC(N)=N[C@](C)(c2cc(NC(=O)c3ccc(C#N)cn3)ccc2F)C1,Garaaa{DA{~B}asdaa{aas}A^D}aar{A*}r{D~A{B{A*Q}{Ar}A{G}{G}G}D}A,55.30905585551588
BACE_143,Brc1cc(ccc1O)C[C@@H]1CS(=O)(=O)C[C@H]([NH2+]Cc2cc(ccc2)C2CC2)[C@H]1O,6.0222764,c1(O)ccc(C[C@@H]2CS(=O)(=O)C[C@H]([NH2+]Cc3cc(C4CC4)ccc3)[C@H]2O)cc1Br,Yaraa{aaarB}A{A**Q}rAE{~B}{~B}A{A*Q}{{DQs%}Aasaa{aaas}AsAAs}{A*Q}rB,56.41031348792177
BACE_144,Clc1cc(cc(Cl)c1NC(=O)C)C\N=C(\NC(=O)Cn1c2c(cccc2)cc1)/N,5.9956784,c1ccc2c(ccn2CC(=O)N/C(=N/Cc2cc(Cl)c(NC(=O)C)c(Cl)c2)N)c1,Zaraa{aa{Z}arDA{~B}A}A!D~A{!DA{~B}Adrasa{aaaas}aar}|D,56.74369140450381
BACE_145,Fc1cc(cc(F)c1)C[C@H](NC(=O)c1cc(cc(c1)C)C(=O)N(CCC)CCC)[C@H](O)[C@@H]1[NH2+]CCN(C1)C(=O)c1ccccc1,5.939302,C(c1ccccc1)(N1C[C@H]([C@@H](O)[C@@H](NC(=O)c2cc(C)cc(C(=O)N(CCC)CCC)c2)Cc2cc(F)cc(F)c2)[NH2+]CC1)=O,Garaa{aa{G}ar}A{A*Q}{DA{~B}araa{aa{ar}A}A{~B}D{AAA}AAA}{A*Q}{B}{A**Q}r{DQs%}AAD{Ar}A{~B}araaaaar,57.45031020202229
BACE_146,Brc1cc(cc(F)c1N)C[C@@H]1CS(=O)(=O)C[C@H]([NH2+]Cc2cc(ccc2)C(F)(F)C)[C@H]1O,5.8632793,FC(c1cc(C[NH2+][C@@H]2[C@@H](O)[C@H](Cc3cc(F)c(N)c(Br)c3)CS(=O)(=O)C2)ccc1)(F)C,Yaraa{aa{G}arD}A{A**Q}rAE{~B}{~B}A{A*Q}{{DQs%}Aasaa{aaas}A{G}{G}A}{A*Q}rB,58.40317467825891
BACE_147,S(Oc1cc(cc(OCC(=O)NCCCCC[NH3+])c1)C(=O)N[C@H](C)c1ccc(F)cc1)(=O)(=O)Cc1ccccc1,5.8538718,c1ccc(CS(=O)(=O)Oc2cc(C(=O)N[C@H](C)c3ccc(F)cc3)cc(OCC(=O)NCCCCC[NH3+])c2)cc1,E{Baraa{aa{BAA{~B}DAAAAA{DQt%}}ar}A{~B}D{A*Q}{A}araaa{G}aar}{~B}{~B}Aaraaaaar,58.52108778263689
BACE_148,O=C1N(C)C(=N[C@@]1(C12CC3CC(C1)CC(C2)C3)c1ccccc1)N,5.8153086,CN1C(=O)[C@@](c2ccccc2)(C23CC4CC(C2)CC(C4)C3)N=C1N,B~ArD{A}A{~D{A**}r{ArsAAtAA{Ar}AA{As}At}araaaaar}D,59.0044368792884
BACE_149,S(=O)(=O)(N(C)c1nc2CC[C@@H](CCc3cc(C[C@]([NH3+])(C)C(OCc(c1)c2)=O)ccc3)C)C,5.7447276,C1[C@H](C)CCc2cccc(c2)C[C@@](C)([NH3+])C(=O)OCc2cc(N(C)S(C)(=O)=O)nc(c2)C1,E{~B}{~B}{D{A}ardasAA{A**Q}{AAataa{A{A*}{{DQt%}}{A}A{BAa{ar}as}~B}aaat}A}A,59.889095377306205
BACE_150,S(=O)(=O)(CCCCC)c1cc(ccc1)C(=O)N[C@H]([C@H](O)C[NH2+][C@H](C(=O)NC1CCCCC1)C)Cc1ccccc1,5.7447276,c1c(C(N[C@@H](Cc2ccccc2)[C@@H](C[NH2+][C@H](C(NC2CCCCC2)=O)C)O)=O)cccc1S(=O)(=O)CCCCC,E{~B}{~B}{AAAAA}araa{aaar}A{~B}D{A*Q}{{A*Q}{B}A{DQs%}{A*Q}{A{~B}DArAAAAAr}A}Aaraaaaar,59.889095377306205
BACE_151,S1(=O)(=O)N([C@]2(C[C@@H]([N@H+](CC2)Cc2cc(OC(C)C)ccc2)C)CN1C)c1cc(F)ccc1,5.6197886,O(C(C)C)c1cccc(C[N@@H+]2[C@@H](C)C[C@@]3(CN(C)S(=O)(=O)N3c3cc(F)ccc3)CC2)c1,Er{~B}{~B}D{{A*}s{A{A**Q}{{D*Q%}{AAs}Aasaa{BA{A}A}aaas}A}ADrA}araa{G}aaar,61.45507415465203
BACE_152,Fc1cc(N2C3(CC[NH+](CC3)Cc3ccc(NC(=O)C)cc3)C(=NC2=O)NC2CCCCC2)ccc1,5.5528421,c1(F)cccc(N2C3(CC[NH+](Cc4ccc(NC(C)=O)cc4)CC3)C(NC3CCCCC3)=NC2=O)c1,Garaa{DsAt{AA{DQ%}{AAt}Aataaa{DA{~B}A}aat}A{~DAs~B}DAsAAAAAs}aaar,62.294178023080484
BACE_153,Fc1ncccc1-c1cc(ccc1)[C@]1(N=C(OC1)N)c1ccc(OC)cc1,5.545155,c1c(OC)ccc([C@@]2(c3cc(-c4c(F)nccc4)ccc3)COC(N)=N2)c1,Gardaaaar_araa{aaar}{A*}r{D~A{BAr}D}araaa{BA}aar,62.390527725409896
BACE_154,O(C)c1ccc(cc1)[C@@]1([NH+]=C(N)[C@H](OC)C1)c1cc(ccc1)-c1cccnc1,5.4948502,c1cncc(-c2cccc([C@@]3(c4ccc(OC)cc4)[NH+]=C(N)[C@H](OC)C3)c2)c1,B{A}araaa{aar}{A**}r{{DQ%}~A{D}{A*Q}{BA}Ar}araa{aaar}_araaadar,63.021045411629785
BACE_155,Fc1cc(ccc1OC)[C@H](Cc1cc([N+](=O)[O-])ccc1OC)c1nc([nH]c1)N,5.4948502,c1(OC)ccc([C@H](Cc2c(OC)ccc([N+]([O-])=O)c2)c2c[nH]c(N)n2)cc1F,Garaa{aaarBA}{A*Q}{Aaraa{{D%}{~B}{B_}}aaarBA}arda{{dQ}ar}D,63.021045411629785
BACE_156,O=C(N[C@H]([C@@H](O)C[C@H](C(=O)NCCCC)C)Cc1ccccc1)[C@H]1C[C@H](CCC1)C(NC(=O)C)(C)C,5.4317985,O=C([C@@H]1CCC[C@H](C(C)(NC(C)=O)C)C1)N[C@H]([C@@H](O)C[C@H](C(NCCCC)=O)C)Cc1ccccc1,B~A{D{A*Q}{{A**Q}{B}A{A*Q}{A{~B}DAAAA}A}Aaraaaaar}{A*Q}rA{A*Q}{AAAr}A{DA{~B}A}{A}A,63.811332064120805
BACE_157,O=C(NC(=[NH2+])N)Cn1c(ccc1-c1ccccc1)-c1ccccc1,5.4317985,c1cccc(-c2ccc(-c3ccccc3)n2CC(=O)NC(=[NH2+])N)c1,B~A{DA{~{DQs%}}D}Adra{aaar_araaaaar}_araaaaar,63.811332064120805
BACE_158,Brc1cc2c(S(=O)(=O)CC[C@@H]2OC(=O)[C@@H]2[NH2+]C[C@]3(C2)c2c(NC3=O)cccc2)cc1,5.3979402,O=S1(=O)c2ccc(Br)cc2[C@@H](OC(=O)[C@H]2C[C@@]3(C(=O)Nc4ccccc43)C[NH2+]2)CC1,Yaraasa{E{~B}{~B}AA{A**Q}sBA{~B}{A**Q}s{DQs%}A{A*}t{As}asa{DAt~B}aaaas}aar,64.23571019454452
BACE_159,O(Cc1ncccc1)c1ccc(cc1CNc1cccnc1N)-c1cc2[nH]ccc2cc1,5.3767509,C(c1ncccc1)Oc1c(CNc2cccnc2N)cc(-c2ccc3cc[nH]c3c2)cc1,B{Aardaaaar}araaa{aarADaraaadarD}_araas{dQ}aaasaar,64.50129575315164
BACE_160,Fc1cc(cc(F)c1)C[C@H](NC(=O)c1cc(cc(c1)C)C(=O)N(CCC)CCC)[C@@H](O)C[NH2+]Cc1cc(OC)ccc1,5.3665314,c1c(C(=O)N[C@H]([C@H](C[NH2+]Cc2cc(OC)ccc2)O)Cc2cc(F)cc(F)c2)cc(C(=O)N(CCC)CCC)cc1C,Garaa{aa{G}ar}A{A*Q}{DA{~B}araa{aa{ar}A}A{~B}D{AAA}AAA}{A**Q}{B}A{DQs%}Aaraa{BA}aaar,64.62938642231887
BACE_161,O(C)c1cc(ccc1)-c1cc(ccc1)[C@@H]1C[C@@H]1C=1N=C(N)N(C)C(=O)C=1,5.3372421,c1([C@@H]2[C@H](c3cc(-c4cc(OC)ccc4)ccc3)C2)cc(=O)n(C)c(N)n1,B{A}araa{aaar}_araa{aaar}{A**Q}rA{A**Q}rA~rD~A{D}D{A}A{~B}A~r,64.99649694988284
BACE_162,Brc1cc(ccc1C#N)COC(=O)[C@@H]1[NH2+]C[C@]2(C1)c1c(NC2=O)cccc1,5.2034259,C1(=O)[C@]2(C[NH2+][C@@H](C(=O)OCc3ccc(C#N)c(Br)c3)C2)c2ccccc2N1,Yaraa{aaarA^D}ABA{~B}{A**Q}r{DQs%}A{A*}s{Ar}ara{DAs~B}aaaar,66.67374207962668
BACE_163,Clc1cc(ccc1)-c1cc(ccc1)[C@@]1(OCCC(=[NH+]1)N)C,5.2006593,O1CCC(N)=[NH+][C@@]1(c1cc(-c2cccc(Cl)c2)ccc1)C,Zaraa{aaar}_araa{aaar}{A**}r{BAAA{~{DQ%}r}D}A,66.7084184968015
BACE_164,O=C1N(Cc2ccc(cc2)CNC(=O)Nc2ccc(cc2)C#N)C(N[C@@]1(CC(C)C)C)=N,5.154902,C1(=N)N(Cc2ccc(CNC(Nc3ccc(C#N)cc3)=O)cc2)C(=O)[C@](CC(C)C)(C)N1,B~ArD{Aasaaa{aas}ADA{~B}Dasaaa{aas}A^D}A{D{A**}r{AA{A}A}A}~D,67.28193806001752
BACE_165,Clc1cc2nc(n(c2cc1)[C@H](CC(=O)NCC1CCCCC1)CC)N,5.154902,C1CCCCC1CNC(=O)C[C@H](CC)n1c2ccc(Cl)cc2nc1N,Zaraasda{d{asaar}{A*Q}{AA{~B}DAArAAAAAr}AA}D,67.28193806001752
BACE_166,O(C)c1ccc(cc1)[C@@]1([NH+]=C(N)CC1)c1cc(ccc1)-c1cncnc1,5.1023731,c1cc(OC)ccc1[C@]1(c2cccc(-c3cncnc3)c2)[NH+]=C(N)CC1,B{A}araaa{aar}{A**}r{{DQ%}~A{D}AAr}araa{aaar}_aradadar,67.94033249728147
BACE_167,Clc1cc2nc(n(c2cc1)[C@H](CC(=O)NC1C2CC3CC1CC(C2)C3)CC)N,5.0506101,c1(Cl)cc2c(cc1)n([C@@H](CC)CC(NC1C3CC4CC(CC1C4)C3)=O)c(N)n2,Zaraasda{d{asaar}{A*Q}{AA{~B}DArAsAAtAArAA{As}At}AA}D,68.58912718470295
BACE_168,[nH]1c2cc(ccc2cc1)-c1cc(ccc1)CNc1cccnc1N,5.0409584,c12ccc(-c3cccc(CNc4cccnc4N)c3)cc1[nH]cc2,{dQ}rasaa{aaasaar}_araa{aaar}ADaraaadarD,68.71010107888578
BACE_169,Clc1cc(cnc1)-c1cc(ccc1)[C@@]12N=C(O[C@@H]1CCCC2)N,4.9281178,c1ccc([C@]23[C@H](OC(N)=N2)CCCC3)cc1-c1cncc(Cl)c1,Zaraa{adar}_araa{aaar}{A**}rsD~A{B{A**Q}rAAAAs}D,70.12443915445041
BACE_170,O=C1Nc2c(cccc2)[C@]12C[C@@H]([NH2+]C2)C(OCc1ccc(cc1)C#N)=O,4.91364,c1c(C#N)ccc(COC([C@H]2C[C@]3(c4ccccc4NC3=O)C[NH2+]2)=O)c1,B~ArDasa{aaaas}{A*}rsA{A**Q}{{DQs%}As}A{BAaraaa{aar}A^D}~B,70.30590312921137
BACE_171,O=C1N(C)C(=NC(=C1)[C@H]1C[C@H]1c1ccc(cc1)-c1cc(ccc1)C)N,4.767004,C1[C@@H](c2ccc(-c3cc(C)ccc3)cc2)[C@H]1c1nc(N)n(C)c(=O)c1,B~ArD{A}A{~DA{~Ar}{A*Q}rA{A*Q}raraaa{aar}_araa{aaar}A}D,72.14383094994695
BACE_172,O=C1N(C)C(N[C@](C1)(C)[C@@H]1C[C@H]1c1ccccc1)=N,4.7447276,CN1C(=N)N[C@@]([C@H]2[C@H](c3ccccc3)C2)(C)CC1=O,B~ArD{A}A{D{A*}{Ar}{A}{A**Q}rA{A*Q}raraaaaar}~D,72.42304216210381
BACE_173,Brc1cc2c(SCC[C@@H]2OC(=O)[C@@H]2[NH2+]C[C@]3(C2)c2c(NC3=O)cccc2)cc1,4.6458917,c12c(cc(Br)cc1)[C@@H](OC([C@H]1C[C@]3(c4c(cccc4)NC3=O)C[NH2+]1)=O)CCS2,Yaraasa{EAA{A**Q}sBA{~B}{A**Q}s{DQs%}A{A*}t{As}asa{DAt~B}aaaas}aar,73.66184607313139
BACE_174,S(=O)(=O)(Nc1cc(Nc2ncnc(c2)-c2ccccc2)ccc1C)C,4.6197886,c1c(-c2ncnc(Nc3ccc(C)c(NS(=O)(=O)C)c3)c2)cccc1,E{~B}{~B}{Daraa{Dasdada{as}_asaaaaas}aaarA}A,73.98902093944965
BACE_175,O(C)c1cc(ccc1)-c1cc(ccc1)CCc1nc(N)ccc1,4.6020598,n1c(N)cccc1CCc1cc(-c2cc(OC)ccc2)ccc1,B{A}araa{aaar}_araa{aaar}AAarda{D}aaar,74.21123277520796
BACE_176,O(C(=O)[C@@H]1[NH2+]C[C@]2(C1)c1c(NC2=O)cccc1)C1(CCCCC1)C#N,4.5951662,O=C(OC1(C#N)CCCCC1)[C@H]1C[C@@]2(C(=O)Nc3c2cccc3)C[NH2+]1,B{A{~B}{A**Q}r{DQs%}A{A*}s{Ar}ara{DAs~B}aaaar}Ar{AAAAAr}A^D,74.29763679076363
BACE_177,Clc1cc2nc(n(c2cc1)CCCC(=O)N(C)C1CCCCC1)N,4.5850267,c1c2c(ccc1Cl)n(CCCC(N(C)C1CCCCC1)=O)c(N)n2,Zaraasda{d{asaar}AAAA{~B}D{A}ArAAAAAr}D,74.4247247441881
BACE_178,O=C([O-])[C@@H](\[NH+]=C\1/NC(Cc2c/1cccc2)(C)C)Cc1ccccc1,4.5654311,c1ccc2c(c1)CC(C)(C)N/C2=[NH+]\[C@H](C([O-])=O)Cc1ccccc1,B~A{{B_}}{A**Q}{!{DQ%}~A!r|DA{Aasa|raaaas}{A}A}Aaraaaaar,74.67033495180428
BACE_179,Brc1cc2c(OC(C[C@@]23N=C(N)N(C)C3=O)(C)C)cc1,4.4337983,NC1=N[C@@]2(CC(C)(C)Oc3ccc(Br)cc32)C(=O)N1C,Yaraasa{BA{A{A**}stD~A{D}D{A}At~B}{A}A}aar,76.32021346213818
BACE_180,[NH+]=1C(C=2N(CCCN=2)C=1N)(c1ccccc1)c1ccccc1,4.4202166,c1c(C2(c3ccccc3)[NH+]=C(N)N3CCCN=C32)cccc1,{DQ%}~rA{A~sD{AAAD~s}A~rD}{araaaaar}araaaaar,76.49044576718526
BACE_181,O(C)c1cc(cnc1)-c1cc(ccc1)CNc1cccnc1N,4.3979402,c1c(-c2cc(CNc3c(N)nccc3)ccc2)cncc1OC,B{A}araa{adar}_araa{aaar}ADaraaadarD,76.76965697934214
BACE_182,S1CC[C@@](N=C1N)(C)c1ccc(OC)cc1,4.3851027,c1c(OC)ccc([C@]2(C)CCSC(N)=N2)c1,ErAA{A**}{D~ArD}{A}araaa{BA}aar,76.93056152119198
BACE_183,O=C1N(C)C(=N[C@@](C1)(CCc1ccccc1)C)N,4.3829994,C[C@@]1(CCc2ccccc2)CC(=O)N(C)C(N)=N1,B~ArD{A}A{~D{A**}{Ar}{AAaraaaaar}A}D,76.95692417146444
BACE_184,O=C1N(Cc2ccc(cc2)CNC(=O)NCCCC)C(N[C@@]1(CC(C)C)C)=N,4.1079054,c1c(CNC(=O)NCCCC)ccc(CN2C(=N)N[C@](C)(CC(C)C)C2=O)c1,B~ArD{Aasaaa{aas}ADA{~B}DAAAA}A{D{A**}r{AA{A}A}A}~D,80.40493772828155
BACE_185,O=C1Nc2c(cccc2)[C@]12C[C@@H]([NH2+]C2)C(OCc1ccccc1)=O,4.067019,[C@H]1(C(OCc2ccccc2)=O)C[C@@]2(C[NH2+]1)c1c(cccc1)NC2=O,B~ArDasa{aaaas}{A*}rsA{A**Q}{{DQs%}As}A{BAaraaaaar}~B,80.9174056901035
BACE_186,[nH]1c2cc(ccc2cc1)CCc1nc(N)ccc1,4.0268722,n1c(N)cccc1CCc1ccc2c([nH]cc2)c1,{dQ}rasaa{aaasaar}AAarda{D}aaar,81.42060354488342
BACE_187,O1[C@@H]2COCC[C@@]2(N=C1N)c1cc(ccc1)-c1cncnc1,4.0030508,[C@H]12[C@](c3cc(-c4cncnc4)ccc3)(CCOC1)N=C(N)O2,Br{A**Q}sABAA{A**}s{D~ArD}araa{aaar}_aradadar,81.7191797048228
BACE_188,[NH+]=1[C@](N=C(c2ccccc2)C=1N)(C)c1cc(ccc1)-c1cccnc1,4.0,C1(N)=[NH+][C@](C)(c2cccc(-c3cnccc3)c2)N=C1c1ccccc1,{DQ%}~r{A*}{D~A{asaaaaas}A~rD}{A}araa{aaar}_araaadar,81.75741826967385
BACE_189,n1cccc(NCc2cc(ccc2)-c2cccnc2)c1N,4.0,c1ccc(-c2cc(CNc3c(N)nccc3)ccc2)cn1,draaaa{DAasaa{aaas}_asaaadas}arD,81.75741826967385
BACE_190,O1CCC(OC(=O)[C@@H]2[NH2+]C[C@]3(C2)c2c(NC3=O)cccc2)CC1,3.9430952,O(C(=O)[C@H]1C[C@]2(c3c(cccc3)NC2=O)C[NH2+]1)C1CCOCC1,BrAAA{BA{~B}{A**Q}s{DQs%}A{A*}t{As}asa{DAt~B}aaaas}AAr,82.47066000467339
BACE_191,O=C1NC(=NC(=C1)CCc1cc2[nH]ccc2cc1)N,3.8860567,[nH]1c2c(cc1)ccc(CCc1cc(=O)[nH]c(N)n1)c2,B~ArDA{~DA{~Ar}AAaraas{dQ}aaasaar}D,83.18557752835808
BACE_192,Clc1cc(ccc1OCCCC)CSC(=[NH2+])N,3.6777806,NC(SCc1cc(Cl)c(OCCCC)cc1)=[NH2+],Zaraa{aaarBAAAA}AEA{~{DQs%}}D,85.79609908230327
BACE_193,o1cccc1C[N@H+](Cc1cc(ccc1)CCc1cccnc1N)C,3.6020601,c1(C[N@H+](Cc2cc(CCc3c(N)nccc3)ccc2)C)occc1,braaaarA{D*Q%}{Aaraa{aaar}AAaraaadarD}A,86.74517579982154
BACE_194,n1cccc(NCc2ccccc2)c1N,3.5086384,c1ccc(NCc2ccccc2)c(N)n1,draaaa{DAasaaaaas}arD,87.91611841616687
BACE_195,Clc1cc(ccc1)CN1C(=O)[C@](NC1=N)(CC(C)C)C,3.3010299,c1c(CN2C(=N)N[C@](C)(CC(C)C)C2=O)cccc1Cl,Zaraa{aaar}ADrA{~B}{A*}{DAr~D}{AA{A}A}A,90.51827230723852
BACE_196,Fc1ccc(cc1)CC1CC[NH2+]CC1,3.3010299,C1C(Cc2ccc(F)cc2)CC[NH2+]C1,Garaaa{aar}AArAA{DQs%}AAr,90.51827230723852
BACE_197,O=C1N(C)C(=NC(=C1)[C@H]1C[C@H]1c1ccccc1)N,3.2083094,[C@@H]1(c2nc(N)n(C)c(=O)c2)[C@H](c2ccccc2)C1,B~ArD{A}A{~DA{~Ar}{A*Q}rA{A*Q}raraaaaar}D,91.68042612009835
BACE_198,Clc1cc(ccc1)CN1C(=O)C(NC1=N)(C)C,3.154902,c1ccc(Cl)cc1CN1C(=N)NC(C)(C)C1=O,Zaraa{aaar}ADrA{~B}A{DAr~D}{A}A,92.34983162961275
BACE_199,Clc1cc2nc(n(c2cc1)CCCO)N,3.1135092,OCCCn1c(N)nc2cc(Cl)ccc12,Zaraasda{d{asaar}AAAB}D,92.86864678208651
BACE_200,n1c2c(nc(N)c1N1CCCC1)cccc2,3.0604808,c1(N2CCCC2)nc2ccccc2nc1N,drasa{da{D}arDrAAAAr}aaaas,93.53330192576946
BACE_201,Clc1cc(ccc1)CCc1cccnc1N,3.0,c1(CCc2cccc(Cl)c2)c(N)nccc1,Zaraa{aaar}AAaraaadarD,94.29136505447146
BACE_202,n1ccc2c(cccc2)c1N,3.0,c1ccc2c(N)nccc2c1,draaasa{aaaas}arD,94.29136505447146
BACE_203,n1c2c(ccc1N)cccc2,3.0,c1cc2ccc(N)nc2cc1,drasa{aaarD}aaaas,94.29136505447146
BACE_204,O1CC[NH+](CC1)CC(O)COc1cc(ccc1C)C,2.6989701,O(c1cc(C)ccc1C)CC(O)C[NH+]1CCOCC1,BrAA{DQ%}{AAr}AA{B}ABaraa{aaarA}A,98.0644578017044
BACE_205,O=C1NC(=NC(=C1)CCC)N,2.6989701,c1c(=O)[nH]c(N)nc1CCC,B~ArDA{~DA{~Ar}AAA}D,98.0644578017044
BACE_231,OC(C(NC(=O)C(NC(=O)C(NC(=O)C(NC(=O)C(NC(=O)C(NC(=O)C([NH3+])Cc1c2c([nH]c1)cccc2)Cc1c2c([nH]c1)cccc2)CO)CCC(=O)[O-])C(C)C)CC(=O)N)CC(C)C)CC(C(=O)NC(C(=O)NC(CCC(=O)[O-])C(=O)NC(Cc1ccccc1)C(=O)[O-])C)C,10.522879,OC(C(CC(C)C)NC(=O)C(NC(C(NC(C(CCC(=O)[O-])NC(C(NC(C(NC(=O)C(Cc1c2ccccc2[nH]c1)[NH3+])Cc1c[nH]c2c1cccc2)=O)CO)=O)=O)C(C)C)=O)CC(N)=O)CC(C(NC(C(NC(C(=O)NC(C(=O)[O-])Cc1ccccc1)CCC(=O)[O-])=O)C)=O)C,BA{A{DA{~B}A{DA{~B}A{DA{~B}A{DA{~B}A{DA{~B}A{DA{~B}A{{DQt%}}Aarasa{{dQ}ar}aaaas}Aarasa{{dQ}ar}aaaas}AB}AAA{~B}{B_}}A{A}A}AA{~B}D}AA{A}A}AA{A{~B}DA{A{~B}DA{AAA{~B}{B_}}A{~B}DA{Aaraaaaar}A{~B}{B_}}A}A,0.0
BACE_232,S(=O)(=O)(CC(NC(OCn1nc(cc1C)C)=O)C(=O)NC(C(O)CC(C(=O)NC(C(C)C)C(=O)NCC(C)C)C)CC(C)C)C,9.5228786,CS(CC(NC(OCn1c(C)cc(C)n1)=O)C(=O)NC(C(O)CC(C(=O)NC(C(C)C)C(NCC(C)C)=O)C)CC(C)C)(=O)=O,E{~B}{~B}{AA{DA{BAdrda{aarA}A}~B}A{~B}DA{A{B}AA{A{~B}DA{A{A}A}A{~B}DAA{A}A}A}AA{A}A}A,12.533951798376316
BACE_233,OC(C(NC(=O)C(NC(=O)C(NC(=O)C([NH3+])CCC(=O)[O-])CC(C)C)CC(=O)[O-])CC(C)C)CC(C(=O)NC(C(C)C)C(=O)NC(CCC(=O)[O-])C(=O)NC(Cc1ccccc1)C(=O)[O-])C,9.5228786,O=C(C(NC(C(CC(C)C)NC(C([NH3+])CCC(=O)[O-])=O)=O)CC([O-])=O)NC(C(CC(C)C(=O)NC(C(=O)NC(C(NC(C([O-])=O)Cc1ccccc1)=O)CCC(=O)[O-])C(C)C)O)CC(C)C,BA{A{DA{~B}A{DA{~B}A{DA{~B}A{{DQt%}}AAA{~B}{B_}}AA{A}A}AA{~B}{B_}}AA{A}A}AA{A{~B}DA{A{A}A}A{~B}DA{AAA{~B}{B_}}A{~B}DA{Aaraaaaar}A{~B}{B_}}A,12.533951798376316
BACE_234,Fc1cc(cc(F)c1)CC(NC(=O)c1cc(cc(c1)C)C(=O)N1CCCC1COC)C(O)C1[NH2+]CC(Oc2ccccc2)C1,9.1549015,c1(OC2C[NH2+]C(C(O)C(Cc3cc(F)cc(F)c3)NC(=O)c3cc(C)cc(C(=O)N4C(COC)CCC4)c3)C2)ccccc1,Garaa{aa{G}ar}AA{DA{~B}araa{aa{ar}A}A{~B}DrAAAArABA}A{B}Ar{DQs%}AA{Basaaaaas}Ar,17.14615718780048
BACE_235,S(=O)(=O)(N1CC([NH2+]CC1)C(O)C(NC(=O)c1cc(cc(c1)C)C(=O)N1CCCC1COC)Cc1cc(F)cc(F)c1)c1cc(ccc1)C,9.0,N(C(c1cc(C(N2C(COC)CCC2)=O)cc(C)c1)=O)C(Cc1cc(F)cc(F)c1)C(O)C1CN(S(c2cc(C)ccc2)(=O)=O)CC[NH2+]1,E{~B}{~B}{DrAA{{DQs%}AAr}A{B}A{DA{~B}araa{aa{ar}A}A{~B}DrAAAArABA}Aaraa{G}aa{G}ar}araa{aaar}A,19.087684345685798
BACE_236,S(=O)(=O)(N(C)c1cc(cc(c1)C(=O)NC(C(O)CC(OC)C(=O)NC(C(C)C)C(=O)NCc1ccccc1)COc1cc(F)cc(F)c1)C(=O)NC(C)c1ccccc1)C,9.0,C(CC(OC)C(NC(C(C)C)C(NCc1ccccc1)=O)=O)(C(NC(=O)c1cc(C(NC(c2ccccc2)C)=O)cc(N(S(C)(=O)=O)C)c1)COc1cc(F)cc(F)c1)O,E{~B}{~B}{D{A}araa{aa{ar}A{~B}DA{A{B}AA{BA}A{~B}DA{A{A}A}A{~B}DAaraaaaar}ABaraa{G}aa{G}ar}A{~B}DA{A}araaaaar}A,19.087684345685798
BACE_237,OC(C(NC(=O)C(NC(=O)C(NC(=O)C([NH3+])CCC(=O)[O-])C(C)C)CC(=O)N)CC(C)C)CC(C(=O)NC(C(=O)NC(CCC(=O)[O-])C(=O)NC(Cc1ccccc1)C(=O)[O-])C)C,9.0,O=C(NC(CCC(=O)[O-])C(NC(C([O-])=O)Cc1ccccc1)=O)C(NC(=O)C(C)CC(C(CC(C)C)NC(C(NC(C(NC(=O)C([NH3+])CCC([O-])=O)C(C)C)=O)CC(=O)N)=O)O)C,BA{A{DA{~B}A{DA{~B}A{DA{~B}A{{DQt%}}AAA{~B}{B_}}A{A}A}AA{~B}D}AA{A}A}AA{A{~B}DA{A{~B}DA{AAA{~B}{B_}}A{~B}DA{Aaraaaaar}A{~B}{B_}}A}A,19.087684345685798
BACE_238,s1cc(cc1C12N=C(N)N(C)C(=O)C1CN(C2)c1nc(OC)ccc1)-c1cc(ccc1)C#N,9.0,COc1nc(N2CC3(c4cc(-c5cccc(C#N)c5)cs4)C(C2)C(=O)N(C)C(N)=N3)ccc1,eraa{aarArsD~A{D}D{A}A{~B}ArAD{As}arda{BA}aaar}_araa{aaar}A^D,19.087684345685798
BACE_239,S(=O)(=O)(N(C)c1cc(cc(c1)C(=O)NC(C(O)CC(C(=O)NC(C(C)C)C(=O)NC(C)C)C)CC(C)C)C(=O)NC(C)c1ccccc1)C,8.9586077,C(CC(C)C)(C(CC(C)C(NC(C(C)C)C(NC(C)C)=O)=O)O)NC(c1cc(N(C)S(=O)(=O)C)cc(C(NC(c2ccccc2)C)=O)c1)=O,E{~B}{~B}{D{A}araa{aa{ar}A{~B}DA{A{B}AA{A{~B}DA{A{A}A}A{~B}DA{A}A}A}AA{A}A}A{~B}DA{A}araaaaar}A,19.606493231186178
BACE_240,Clc1cc(sc1C1(NC(=[NH2+])N(C)C(=O)C1)C)-c1cc(cnc1)C#CC,8.7695513,c1(C#CC)cncc(-c2cc(Cl)c(C3(C)CC(=O)N(C)C(=[NH2+])N3)s2)c1,Zaraa{earAr{DA{~{DQs%}}D{A}A{~B}Ar}A}_araa{adar}A^AA,21.97611608811159
BACE_241,S(=O)(=O)(N(C)c1cc(cc(c1)C(=O)NC(Cc1ccccc1)C(O)C[NH2+]Cc1cc(OC)ccc1)C(=O)NC(C)c1ccccc1)C,8.7447271,C(=O)(c1cc(N(S(=O)(=O)C)C)cc(C(NC(Cc2ccccc2)C(O)C[NH2+]Cc2cccc(OC)c2)=O)c1)NC(C)c1ccccc1,E{~B}{~B}{D{A}araa{aa{ar}A{~B}DA{Aaraaaaar}A{B}A{DQs%}Aaraa{BA}aaar}A{~B}DA{A}araaaaar}A,22.287261289886754
BACE_242,s1cc(cc1C12N=C(N)N(C)C(=O)C1CN(C2)C(=O)c1ccccc1)-c1cc(ccc1)C#N,8.5228786,c1c(-c2csc(C34CN(C(=O)c5ccccc5)CC3C(=O)N(C)C(N)=N4)c2)cccc1C#N,eraa{aarArsD~A{D}D{A}A{~B}ArAD{As}A{~B}araaaaar}_araa{aaar}A^D,25.06789858317393
BACE_243,s1cc(cc1C12N=C(N)N(C)C(=O)C1CN(C2)c1ncccc1OC)-c1cc(ccc1)C#N,8.5228786,c1(C23N=C(N)N(C)C(=O)C2CN(c2ncccc2OC)C3)cc(-c2cc(C#N)ccc2)cs1,eraa{aarArsD~A{D}D{A}A{~B}ArAD{As}ardaaaarBA}_araa{aaar}A^D,25.06789858317393
BACE_244,S(=O)(=O)(N(C)c1cc(cc(c1)C(=O)NC(C(O)CC(OCCOC)C(=O)NC(C(C)C)C(=O)NCc1ccccc1)COc1cc(F)cc(F)c1)C(=O)NC(C)c1ccccc1)C,8.5086384,C(c1ccccc1)NC(C(NC(=O)C(OCCOC)CC(C(NC(=O)c1cc(N(C)S(C)(=O)=O)cc(C(=O)NC(C)c2ccccc2)c1)COc1cc(F)cc(F)c1)O)C(C)C)=O,E{~B}{~B}{D{A}araa{aa{ar}A{~B}DA{A{B}AA{BAABA}A{~B}DA{A{A}A}A{~B}DAaraaaaar}ABaraa{G}aa{G}ar}A{~B}DA{A}araaaaar}A,25.2463844921788
BACE_245,O=C1N(C)C(=[NH2+])NC1(C1CC1)c1cc(ccc1)-c1cc(cnc1)C#CC,8.2676058,C1(c2cc(-c3cncc(C#CC)c3)ccc2)(C2CC2)C(=O)N(C)C(=[NH2+])N1,B~ArD{A}A{~{DQs%}}DAr{ArAAr}araa{aaar}_araa{adar}A^AA,28.267474273980213
BACE_246,s1cc(cc1C12N=C(N)N(C)C(=O)C1CN(C2)c1ncccc1C#N)-c1cc(ccc1)C#N,8.2218485,C1(N)=NC2(c3scc(-c4cc(C#N)ccc4)c3)CN(c3c(C#N)cccn3)CC2C(=O)N1C,eraa{aarArsD~A{D}D{A}A{~B}ArAD{As}ardaaaarA^D}_araa{aaar}A^D,28.840993837196233
BACE_247,O=C(c1cc2CN(CCC(=O)N(C)C3CCCCC3)C(=[NH+]c2cc1)N)c1ccccc1,7.9586072,C1CC(N(C)C(=O)CCN2Cc3cc(C(c4ccccc4)=O)ccc3[NH+]=C2N)CCC1,B~A{araasAD{AAA{~B}D{A}AtAAAAAt}A{~{DQ%}asaar}D}araaaaar,32.14044628295717
BACE_248,S1(=O)(=O)N(c2cc(cc3n(cc(CC1)c23)CC)C(=O)NC(Cc1ccccc1)C(O)(O)C[NH2+]C1CCOCC1)C,7.8860564,O=C(NC(C(O)(C[NH2+]C1CCOCC1)O)Cc1ccccc1)c1cc2c3c(n(CC)cc3CCS(=O)(=O)N2C)c1,Er{~B}{~B}D{asaa{aatd{aa{AAr}ast}AA}A{~B}DA{Aaraaaaar}A{B}{B}A{DQs%}ArAABAAr}A,33.04979414935167
BACE_249,Clc1cc(cc(C)c1NC(=O)C)CN\C(=N/C(=O)c1c(nsc1C)-c1ccc(OC)cc1)\N,7.6989698,O(c1ccc(-c2nsc(C)c2C(/N=C(/N)NCc2cc(Cl)c(NC(=O)C)c(C)c2)=O)cc1)C,Zaraa{aa{A}arDA{~B}A}AD!A{~D|A{~B}ara{dearA}_araaa{BA}aar}!D,35.39472763790039
BACE_250,S(=O)(=O)(N(C)c1cc(cc(c1)C(=O)NC(Cc1ccccc1)C[NH2+]C(C(O)C)C(=O)NCC(C)C)C(=O)NC(C)c1ccccc1)C,7.6020598,C(c1ccccc1)(C)NC(=O)c1cc(N(C)S(=O)(=O)C)cc(C(=O)NC(Cc2ccccc2)C[NH2+]C(C(C)O)C(NCC(C)C)=O)c1,E{~B}{~B}{D{A}araa{aa{ar}A{~B}DA{Aaraaaaar}A{DQs%}A{A{B}A}A{~B}DAA{A}A}A{~B}DA{A}araaaaar}A,36.60939242081513
BACE_251,O1CCCCCCNC(=O)CC(NC(=O)C(NC1=O)C(C)C)C(=O)NC(C(O)CC(C(=O)NC(C(C)C)C(=O)NCc1ccccc1)C)CC(C)C,7.6003261,C(c1ccccc1)NC(=O)C(C(C)C)NC(C(CC(O)C(CC(C)C)NC(C1CC(=O)NCCCCCCOC(=O)NC(C(C)C)C(=O)N1)=O)C)=O,BrAAAAAADA{~B}AA{DA{~B}A{DAr~B}A{A}A}A{~B}DA{A{B}AA{A{~B}DA{A{A}A}A{~B}DAaraaaaar}A}AA{A}A,36.63112252435593
BACE_252,Fc1ccc(NC(=O)C(CC([NH3+])C(NC(=O)c2cc(ccc2)C(=O)N(CCC)CCC)Cc2ccccc2)C)cc1,7.5850267,CCCN(C(c1cccc(C(NC(Cc2ccccc2)C([NH3+])CC(C(=O)Nc2ccc(F)cc2)C)=O)c1)=O)CCC,Garaaa{DA{~B}A{AA{{DQt%}}A{DA{~B}asaa{aaas}A{~B}D{AAA}AAA}Aasaaaaas}A}aar,36.82288438979526
BACE_253,Fc1c2c(ccc1)C([NH+]=C2N)(c1cc(ccc1)-c1cncnc1)c1cc(ncc1)C(F)F,7.5833597,c1(C2(c3cc(C(F)F)ncc3)[NH+]=C(N)c3c(F)cccc32)cc(-c2cncnc2)ccc1,Garasa{aaar}A{{DQ%}~AsD}{araa{aaar}_aradadar}araa{daar}A{G}G,36.84377847908552
BACE_254,Clc1cc(cc(Cl)c1N)CN\C(=N/C(=O)c1c(nsc1C)-c1ccc(OC)cc1)\N,7.3979402,c1c(OC)ccc(-c2c(C(=O)/N=C(/N)NCc3cc(Cl)c(N)c(Cl)c3)c(C)sn2)c1,Zaraa{aa{Z}arD}AD!A{~D|A{~B}ara{dearA}_araaa{BA}aar}!D,39.1678166249493
BACE_255,s1cc(cc1C1(N=C(N)N(C)C(=O)C1)C)-c1cc(ccc1)C#N,7.251812,c1c(-c2cc(C3(C)N=C(N)N(C)C(=O)C3)sc2)cc(C#N)cc1,eraa{aarAr{D~A{D}D{A}A{~B}Ar}A}_araa{aaar}A^D,40.99937970750756
BACE_256,Clc1cc(cnc1)-c1cc(ccc1)C1(NC(=[NH2+])N(C)C1=O)C1CC1,7.2291479,C1(C2(c3cccc(-c4cc(Cl)cnc4)c3)NC(=[NH2+])N(C)C2=O)CC1,Zaraa{adar}_araa{aaar}Ar{DA{~{DQs%}}D{A}Ar~B}ArAAr,41.28345033083289
BACE_257,s1c(ccc1-c1cc(C#N)c(F)cc1)C12N=C(N)N(C)C(=O)C1CN(C2)c1ccccc1,7.0457573,N#Cc1cc(-c2ccc(C34C(C(=O)N(C)C(N)=N3)CN(c3ccccc3)C4)s2)ccc1F,era{aaar_araa{A^D}a{G}aar}ArsD~A{D}D{A}A{~B}ArAD{As}araaaaar,43.582058352065
BACE_258,O(C)c1cc(ccc1)-c1cc(ccc1)C1(NC(=[NH2+])N(C)C1=O)c1ccccc1,6.7212462,c1(-c2cc(C3(c4ccccc4)C(=O)N(C)C(=[NH2+])N3)ccc2)cccc(OC)c1,B{A}araa{aaar}_araa{aaar}Ar{DA{~{DQs%}}D{A}Ar~B}araaaaar,47.64946321054113
BACE_259,O(C)c1cc(ccc1)-c1cc(ccc1)C1(N=C(N)N(C)C(=O)C1)C,6.5686364,CC1(c2cccc(-c3cc(OC)ccc3)c2)CC(=O)N(C)C(N)=N1,B{A}araa{aaar}_araa{aaar}Ar{D~A{D}D{A}A{~B}Ar}A,49.56226632257974
BACE_260,O(C)c1cc(ccc1)CN1CC(NC1=O)C(=O)NC(Cc1ccccc1)C(O)C[NH2+]Cc1cc(N(C)C)ccc1,6.3477535,c1c(CN2CC(C(=O)NC(C(O)C[NH2+]Cc3cccc(N(C)C)c3)Cc3ccccc3)NC2=O)cc(OC)cc1,B{A}araa{aaar}ADrAA{DAr~B}A{~B}DA{Aaraaaaar}A{B}A{DQs%}Aaraa{D{A}A}aaar,52.33080083685152
BACE_261,O=C1N(C)C(=[NH2+])NC1(c1cc(ccc1)-c1cccnc1)c1ccccc1,6.2757239,c1(C2(c3ccccc3)C(=O)N(C)C(=[NH2+])N2)cccc(-c2cccnc2)c1,B~ArD{A}A{~{DQs%}}DAr{araa{aaar}_araaadar}araaaaar,53.23361601018177
BACE_262,O(c1cc2CN(C(CCC(=O)N(C)C3CCCCC3)C3CCCCC3)C(=[NH+]c2cc1)N)c1ccccc1,6.0457573,C(=O)(N(C)C1CCCCC1)CCC(C1CCCCC1)N1C(N)=[NH+]c2ccc(Oc3ccccc3)cc2C1,B{araasAD{A{AAA{~B}D{A}AtAAAAAt}AtAAAAAt}A{~{DQ%}asaar}D}araaaaar,56.11600513686261
BACE_263,O=C1N(C)C(=[NH2+])NC1(c1ccccc1)c1ccccc1,5.4436975,c1cc(C2(c3ccccc3)C(=O)N(C)C(=[NH2+])N2)ccc1,B~ArD{A}A{~{DQs%}}DAr{araaaaar}araaaaar,63.66219063132851
BACE_264,O=C1NC(CN1Cc1ccccc1)(Cc1ccccc1)C(=O)NC(Cc1ccccc1)C(O)C[NH2+]Cc1cc(N(C)C)ccc1,5.3009434,N1(Cc2ccccc2)C(=O)NC(Cc2ccccc2)(C(NC(Cc2ccccc2)C(C[NH2+]Cc2cccc(N(C)C)c2)O)=O)C1,B~ArDA{ADrAaraaaaar}{Aaraaaaar}A{~B}DA{Aaraaaaar}A{B}A{DQs%}Aaraa{D{A}A}aaar,65.45146292404017
BACE_265,n1c2c(cc(cc2)-c2ccccc2C#CC(C)(C)C)ccc1N,5.2146702,C(C#Cc1ccccc1-c1cc2c(nc(N)cc2)cc1)(C)(C)C,drasa{aa{aas}_asaaaaasA^AA{A}{A}A}aaarD,66.53280662179438
BACE_266,O=C(NCC1CCCCC1)CCc1cc2c(nc1N)cccc2,4.8477116,C1CCCC(CNC(CCc2c(N)nc3c(cccc3)c2)=O)C1,B~A{DAArAAAAAr}AAaraasa{darD}aaaas,71.13224618641821
BACE_267,O=C(N(C)C1CCCCC1)CCc1cc2c(nc1N)cccc2,4.415669,C1CC(N(C)C(CCc2c(N)nc3ccccc3c2)=O)CCC1,B~A{D{A}ArAAAAAr}AAaraasa{darD}aaaas,76.5474451435838
BACE_268,s1cc(cc1)-c1cc2c(nc(N)cc2)cc1,4.4111681,c1c(-c2cc3c(nc(N)cc3)cc2)csc1,eraa{aar}_araasa{da{D}aas}aar,76.60385918466751
BACE_269,Clc1cc(C[NH+]2CCC(NC(=O)COc3ccc(S(=O)(=O)N)cc3C)CC2)c(OC(C)C)c(OC)c1,4.1307683,C(C)(Oc1c(OC)cc(Cl)cc1C[NH+]1CCC(NC(=O)COc2ccc(S(=O)(=O)N)cc2C)CC1)C,Zaraa{A{DQ%}sAAA{DA{~B}ABataaa{E{~B}{~B}D}aatA}AAs}a{BA{A}A}a{BA}ar,80.1183753563354
BACE_270,Clc1cc(C[NH+]2CCC(NC(=O)COc3ccc(S(=O)(=O)N)cc3)CC2)c(OC(C)C)c(OC)c1,3.769551,c1c(C[NH+]2CCC(NC(COc3ccc(S(N)(=O)=O)cc3)=O)CC2)c(OC(C)C)c(OC)cc1Cl,Zaraa{A{DQ%}sAAA{DA{~B}ABataaa{E{~B}{~B}D}aat}AAs}a{BA{A}A}a{BA}ar,84.64585377228369
BACE_271,Oc1ccc(cc1C1CCCCC1)CC[NH3+],3.6575773,c1(O)ccc(CC[NH3+])cc1C1CCCCC1,Baraaa{aarArAAAAAr}AA{DQt%},86.04932616938058
BACE_272,Oc1ccc(cc1CC)CC[NH3+],3.1804562,[NH3+]CCc1cc(CC)c(O)cc1,Baraaa{aarAA}AA{DQt%},92.02953664668466
BACE_273,Oc1ccc(cc1)CC([NH3+])C,3.09691,C(C)(Cc1ccc(O)cc1)[NH3+],Baraaa{aar}AA{{DQt%}}A,93.07670027155673
BACE_274,Oc1ccc(cc1)CC[NH3+],2.6989701,C(C[NH3+])c1ccc(O)cc1,Baraaa{aar}AA{DQt%},98.0644578017044
BACE_276,O=C(NCCC(C)(C)C)C(Cc1cc2cc(ccc2nc1N)-c1ccccc1C)C,9.1870871,c1(N)c(CC(C(=O)NCCC(C)(C)C)C)cc2c(ccc(-c3ccccc3C)c2)n1,B~A{DAAA{A}{A}A}A{Aaraasaa{aaasdarD}_araaaaarA}A,16.742744590163696
BACE_277,Fc1cc(cc(F)c1)CC(NC(=O)C(N1CCC(NC(=O)C)(C(CC)C)C1=O)CCc1ccccc1)C(O)C1[NH2+]CC(O)C1,9.0506096,O=C1N(C(CCc2ccccc2)C(=O)NC(Cc2cc(F)cc(F)c2)C(O)C2CC(O)C[NH2+]2)CCC1(NC(C)=O)C(CC)C,Garaa{aa{G}ar}AA{DA{~B}A{DrAAA{DA{~B}A}{A{AA}A}Ar~B}AAaraaaaar}A{B}Ar{DQs%}AA{B}Ar,18.45334631248591
BACE_278,Fc1cc(ccc1C)CC(NC(=O)C)C(O)C[NH2+]C1CC2(Oc3ncc(cc13)CC(C)(C)C)CCC2,9.004365,OC(C[NH2+]C1CC2(CCC2)Oc2ncc(CC(C)(C)C)cc21)C(NC(C)=O)Cc1cc(F)c(C)cc1,Garaa{aaarA}AA{DA{~B}A}A{B}A{DQs%}ArAAs{Batdaa{aart}AA{A}{A}A}AAAs,19.032973667970154
BACE_279,Fc1cc(ccc1)CC(NC(=O)C)C(O)C[NH2+]C1CC2(Oc3ncc(cc13)CC(C)(C)C)CCC2,9.0,c1c(CC(C)(C)C)cnc2c1C([NH2+]CC(C(NC(=O)C)Cc1cccc(F)c1)O)CC1(O2)CCC1,Garaa{aaar}AA{DA{~B}A}A{B}A{DQs%}ArAAs{Batdaa{aart}AA{A}{A}A}AAAs,19.087684345685798
BACE_280,Fc1cc(cc(F)c1)CC(NC(=O)c1cc(cc(c1)/C(=N\OC)/C)C(=O)N(CCC)CCC)C(O)C[NH2+]Cc1cc(OC)ccc1,9.0,C(C[NH2+]Cc1cc(OC)ccc1)(C(Cc1cc(F)cc(F)c1)NC(c1cc(C(=O)N(CCC)CCC)cc(/C(=N\OC)C)c1)=O)O,Garaa{aa{G}ar}AA{DA{~B}araa{aa{ar}|A{~D!BA}|A}A{~B}D{AAA}AAA}A{B}A{DQs%}Aaraa{BA}aaar,19.087684345685798
BACE_281,S(=O)(=O)(N(C)c1cc2cc(NCCCCOc3cc(CC(NC2=O)C(O)C[NH2+]Cc2cc(ccc2)C(C)C)ccc3)c1)CCC,9.0,c12cc(ccc1)CC(C(C[NH2+]Cc1cccc(C(C)C)c1)O)NC(=O)c1cc(cc(N(C)S(=O)(=O)CCC)c1)NCCCCO2,E{~B}{~B}{D{A}araasaa{DAAAABataa{AA{DAs~B}A{B}A{DQs%}Aasaa{aaas}A{A}A}aaat}ar}AAA,19.087684345685798
BACE_282,O1CCCCOc2cc(CC(NC(=O)c3cc(N4CCCC4=O)cc1c3)C(O)C[NH2+]C1(CC1)c1cc(ccc1)C(C)C)ccc2,9.0,O=C1c2cc(cc(N3CCCC3=O)c2)OCCCCOc2cc(ccc2)CC(C(C[NH2+]C2(c3cc(C(C)C)ccc3)CC2)O)N1,BrAAAABasaa{AA{DA{~B}ataa{DuAAAAu~B}aarat}A{B}A{DQs%}Ar{AAr}araa{aaar}A{A}A}aaas,19.087684345685798
BACE_283,Fc1cc(cc(F)c1)CC(NC(=O)C(N1CCC(NC(=O)C)(C(CC)C)C1=O)CCc1ccccc1)C(O)C1[NH2+]CC(OCc2cccnc2)C1,8.8538723,O(Cc1cnccc1)C1CC(C(O)C(NC(C(CCc2ccccc2)N2CCC(C(CC)C)(NC(C)=O)C2=O)=O)Cc2cc(F)cc(F)c2)[NH2+]C1,Garaa{aa{G}ar}AA{DA{~B}A{DrAAA{DA{~B}A}{A{AA}A}Ar~B}AAaraaaaar}A{B}Ar{DQs%}AA{BAasaaadas}Ar,20.919241161270655
BACE_284,Fc1cc(cc(F)c1)CC(NC(=O)C(N1CCC(NC(=O)C)(C(CC)C)C1=O)CCc1ccccc1)C(O)C1[NH2+]CC(OCc2ncccc2)C1,8.8239088,c1cnc(COC2C[NH2+]C(C(O)C(Cc3cc(F)cc(F)c3)NC(C(CCc3ccccc3)N3C(=O)C(C(C)CC)(NC(C)=O)CC3)=O)C2)cc1,Garaa{aa{G}ar}AA{DA{~B}A{DrAAA{DA{~B}A}{A{AA}A}Ar~B}AAaraaaaar}A{B}Ar{DQs%}AA{BAasdaaaas}Ar,21.29480207575695
BACE_285,s1ccnc1-c1cc(cc(F)c1)CC(NC(=O)COC)C(O)C[NH2+]C1CC2(Oc3ncc(cc13)CC(C)(C)C)CCC2,8.7212467,c1(-c2sccn2)cc(CC(C(O)C[NH2+]C2c3c(ncc(CC(C)(C)C)c3)OC3(CCC3)C2)NC(=O)COC)cc(F)c1,eraadar_araa{aa{G}ar}AA{DA{~B}ABA}A{B}A{DQs%}ArAAs{Batdaa{aart}AA{A}{A}A}AAAs,22.58156337397252
BACE_286,Fc1cc(cc(c1)C#C)CC(NC(=O)COC)C(O)C[NH2+]C1CC2(Oc3ncc(cc13)CC(C)(C)C)CCC2,8.7212467,O1c2ncc(CC(C)(C)C)cc2C([NH2+]CC(C(NC(=O)COC)Cc2cc(C#C)cc(F)c2)O)CC12CCC2,Garaa{aa{ar}A^A}AA{DA{~B}ABA}A{B}A{DQs%}ArAAs{Batdaa{aart}AA{A}{A}A}AAAs,22.58156337397252
BACE_287,Fc1cc(ccc1F)CC(NC(=O)C)C(O)C[NH2+]C1CC2(Oc3ncc(cc13)CC(C)(C)C)CCC2,8.6989698,c12ncc(CC(C)(C)C)cc1C([NH2+]CC(C(NC(=O)C)Cc1cc(F)c(F)cc1)O)CC1(CCC1)O2,Garaa{aaarG}AA{DA{~B}A}A{B}A{DQs%}ArAAs{Batdaa{aart}AA{A}{A}A}AAAs,22.860780853102774
BACE_288,Fc1cc(cc(F)c1)CC(NC(=O)c1cc(cc(c1)C(=O)N(CCC)CCC)C(O)C)C(O)C[NH2+]Cc1cc(OC)ccc1,8.6989698,CCCN(CCC)C(=O)c1cc(C(O)C)cc(C(=O)NC(C(O)C[NH2+]Cc2cccc(OC)c2)Cc2cc(F)cc(F)c2)c1,Garaa{aa{G}ar}AA{DA{~B}araa{aa{ar}A{~B}D{AAA}AAA}A{B}A}A{B}A{DQs%}Aaraa{BA}aaar,22.860780853102774
BACE_289,S(=O)(=O)(N(C)c1cc2cc(NCCCCOc3cc(CC(NC2=O)C(O)C[NH2+]C2(CC2)c2cc(ccc2)C(C)C)ccc3)c1)CCC,8.6989698,OC(C1NC(=O)c2cc(N(C)S(=O)(CCC)=O)cc(c2)NCCCCOc2cc(ccc2)C1)C[NH2+]C1(c2cccc(C(C)C)c2)CC1,E{~B}{~B}{D{A}araasaa{DAAAABataa{AA{DAs~B}A{B}A{DQs%}As{AAs}asaa{aaas}A{A}A}aaat}ar}AAA,22.860780853102774
BACE_290,S1(=O)(=O)CC(Cc2cc(OC(C(F)(F)F)C(F)(F)F)c(N)c(F)c2)C(O)C([NH2+]Cc2cc(ccc2)C(C)(C)C)C1,8.6989698,CC(c1cccc(C[NH2+]C2C(O)C(Cc3cc(F)c(N)c(OC(C(F)(F)F)C(F)(F)F)c3)CS(=O)(=O)C2)c1)(C)C,Er{~B}{~B}AA{Aasaa{BA{A{G}{G}G}A{G}{G}G}a{D}a{G}as}A{B}A{{DQs%}Aasaa{aaas}A{A}{A}A}Ar,22.860780853102774
BACE_291,S1(=O)(=O)CC(Cc2cc(O[C@H](COC)C(F)(F)F)c(N)c(F)c2)C(O)C([NH2+]Cc2cc(ccc2)C(C)(C)C)C1,8.6989698,C1(O)C([NH2+]Cc2cc(C(C)(C)C)ccc2)CS(=O)(=O)CC1Cc1cc(F)c(N)c(O[C@H](COC)C(F)(F)F)c1,Er{~B}{~B}AA{Aasaa{B{A*Q}{ABA}A{G}{G}G}a{D}a{G}as}A{B}A{{DQs%}Aasaa{aaas}A{A}{A}A}Ar,22.860780853102774
BACE_292,S1(=O)(=O)CC(Cc2cc(OC(C(F)(F)F)C(F)(F)F)c(N)c(F)c2)C(O)C([NH2+]Cc2cc(ccc2)C(O)(C)C)C1,8.6989698,FC(F)(F)C(Oc1cc(CC2C(O)C([NH2+]Cc3cccc(C(C)(C)O)c3)CS(=O)(=O)C2)cc(F)c1N)C(F)(F)F,Er{~B}{~B}AA{Aasaa{BA{A{G}{G}G}A{G}{G}G}a{D}a{G}as}A{B}A{{DQs%}Aasaa{aaas}A{B}{A}A}Ar,22.860780853102774
BACE_293,S1(=O)(=O)CC(Cc2cc(OC(C(F)(F)F)C(F)(F)F)c(N)c(F)c2)C(O)C([NH2+]Cc2cc(ccc2)C(CO)(C)C)C1,8.6989698,c1(N)c(F)cc(CC2C(O)C([NH2+]Cc3cccc(C(CO)(C)C)c3)CS(=O)(=O)C2)cc1OC(C(F)(F)F)C(F)(F)F,Er{~B}{~B}AA{Aasaa{BA{A{G}{G}G}A{G}{G}G}a{D}a{G}as}A{B}A{{DQs%}Aasaa{aaas}A{AB}{A}A}Ar,22.860780853102774
BACE_294,Fc1ccc(cc1OC(F)(F)F)CC(NC(=O)C)C(O)C[NH2+]C1CC2(Oc3ncc(cc13)CC(C)(C)C)CCC2,8.6777811,C12(CCC1)Oc1c(cc(CC(C)(C)C)cn1)C([NH2+]CC(C(Cc1ccc(F)c(OC(F)(F)F)c1)NC(=O)C)O)C2,Garaaa{aarBA{G}{G}G}AA{DA{~B}A}A{B}A{DQs%}ArAAs{Batdaa{aart}AA{A}{A}A}AAAs,23.126358891341813
BACE_295,FC(F)(F)c1cc(ccc1)CC(NC(=O)C)C(O)C[NH2+]C1CC2(Oc3ncc(cc13)CC(C)(C)C)CCC2,8.6197891,CC(C)(Cc1cnc2c(c1)C([NH2+]CC(O)C(NC(=O)C)Cc1cccc(C(F)(F)F)c1)CC1(CCC1)O2)C,GA{G}{G}araa{aaar}AA{DA{~B}A}A{B}A{DQs%}ArAAs{Batdaa{aart}AA{A}{A}A}AAAs,23.8532275332858
BACE_296,Fc1ccc(cc1C#N)CC(NC(=O)C)C(O)C[NH2+]C1CC2(Oc3ncc(cc13)CC(C)(C)C)CCC2,8.6197891,C(C(C(C[NH2+]C1CC2(Oc3c1cc(CC(C)(C)C)cn3)CCC2)O)NC(=O)C)c1cc(C#N)c(F)cc1,Garaaa{aarA^D}AA{DA{~B}A}A{B}A{DQs%}ArAAs{Batdaa{aart}AA{A}{A}A}AAAs,23.8532275332858
BACE_297,Fc1c2c(ccc1)C(N=C2N)(C=1C=C(C)C(=O)N(C=1)CC)c1cc(NC(=O)c2ncccc2)ccc1,8.6038008,c1(NC(c2ncccc2)=O)cc(C2(c3cc(C)c(=O)n(CC)c3)N=C(N)c3c(F)cccc32)ccc1,Garasa{aaar}A{D~AsD}{A~rA~A{A}A{~B}D{A~r}AA}araa{DA{~B}asdaaaas}aaar,24.053624034665184
BACE_298,O=C(NCC1CCCCC1)C(Cc1cc2cc(ccc2nc1N)-c1ccccc1C)C,8.6020603,c1(N)c(CC(C(NCC2CCCCC2)=O)C)cc2cc(-c3c(C)cccc3)ccc2n1,B~A{DAArAAAAAr}A{Aaraasaa{aaasdarD}_araaaaarA}A,24.075439369044126
BACE_299,O1c2c(cc(cc2)CC)C([NH2+]CC(O)C2NC(=O)C=3C=C(N4CCCC4)C(=O)N(CCCCc4cc(C2)ccc4)C=3)CC12CCC2,8.6020603,C1CCN(c2cc3cn(c2=O)CCCCc2cc(ccc2)CC(C(O)C[NH2+]C2CC4(CCC4)Oc4ccc(CC)cc42)NC3=O)C1,Brasa{aa{aas}AA}A{{DQs%}AA{B}AsDA{~B}A~tA~A{DuAAAAu}A{~B}D{AAAAauaa{As}aaau}A~t}AArsAAAs,24.075439369044126
BACE_300,Fc1c2c(cc(F)c1)C(N=C2N)(C=1C=C(C)C(=O)N(C=1)CC)c1cc(ccc1)-c1cc(cnc1)C#CC,8.5867004,c1n(CC)c(=O)c(C)cc1C1(c2cc(-c3cncc(C#CC)c3)ccc2)c2cc(F)cc(F)c2C(N)=N1,Garasa{aa{G}ar}A{D~AsD}{A~rA~A{A}A{~B}D{A~r}AA}araa{aaar}_araa{adar}A^AA,24.267959538263938
BACE_301,Fc1cc(cc(F)c1)CC(NC(=O)C(N1CCC(NC(=O)C)(C(CC)C)C1=O)CCc1ccccc1)C(O)C1[NH2+]CC(OCCC)C1,8.5850267,c1(CC(NC(=O)C(N2C(=O)C(C(C)CC)(NC(=O)C)CC2)CCc2ccccc2)C(O)C2[NH2+]CC(OCCC)C2)cc(F)cc(F)c1,Garaa{aa{G}ar}AA{DA{~B}A{DrAAA{DA{~B}A}{A{AA}A}Ar~B}AAaraaaaar}A{B}Ar{DQs%}AA{BAAA}Ar,24.28893760499765
BACE_302,Fc1cc(cc(F)c1)CC(NC(=O)C(N1CCC(NC(=O)C)(C(CC)C)C1=O)CCc1ccccc1)C(O)C1[NH2+]CC(Oc2ccccc2)C1,8.5850267,c1(CCC(N2CCC(C(CC)C)(NC(=O)C)C2=O)C(NC(C(O)C2CC(Oc3ccccc3)C[NH2+]2)Cc2cc(F)cc(F)c2)=O)ccccc1,Garaa{aa{G}ar}AA{DA{~B}A{DrAAA{DA{~B}A}{A{AA}A}Ar~B}AAaraaaaar}A{B}Ar{DQs%}AA{Basaaaaas}Ar,24.28893760499765
BACE_303,Fc1cc(cc(F)c1)CC(NC(=O)C(N1CCC(NC(=O)C)(C(CC)C)C1=O)CCc1ccccc1)C(O)C1[NH2+]CC(Oc2ncccc2)C1,8.5850267,OC(C(Cc1cc(F)cc(F)c1)NC(=O)C(N1C(=O)C(C(CC)C)(NC(C)=O)CC1)CCc1ccccc1)C1[NH2+]CC(Oc2ccccn2)C1,Garaa{aa{G}ar}AA{DA{~B}A{DrAAA{DA{~B}A}{A{AA}A}Ar~B}AAaraaaaar}A{B}Ar{DQs%}AA{Basdaaaas}Ar,24.28893760499765
BACE_304,Fc1cc(cc(F)c1)CC(NC(=O)C(N1CCC(NC(=O)C)(C(CC)C)C1=O)CCc1ccccc1)C(O)C1[NH2+]CC(OCc2cc(ccc2)C(F)(F)F)C1,8.5686359,C(C(NC(=O)C(N1CCC(NC(C)=O)(C(C)CC)C1=O)CCc1ccccc1)C(C1CC(OCc2cc(C(F)(F)F)ccc2)C[NH2+]1)O)c1cc(F)cc(F)c1,Garaa{aa{G}ar}AA{DA{~B}A{DrAAA{DA{~B}A}{A{AA}A}Ar~B}AAaraaaaar}A{B}Ar{DQs%}AA{BAasaa{aaas}A{G}{G}G}Ar,24.494379019957908
BACE_305,O1c2ncc(cc2C([NH2+]CC(O)C2NC(=O)C=3C=CC(=O)N(CCCc4cc(C2)ccc4)C=3)CC12CCC2)CC(C)(C)C,8.5686359,c1c2cc(cc1)CC(C(O)C[NH2+]C1CC3(Oc4ncc(CC(C)(C)C)cc41)CCC3)NC(=O)c1ccc(=O)n(c1)CCC2,Brasdaa{aasA{{DQs%}AA{B}AsDA{~B}A~tA~AA{~B}D{AAAauaa{As}aaau}A~t}AArsAAAs}AA{A}{A}A,24.494379019957908
BACE_306,Fc1ccc(cc1CC(NC(=O)COC)C(O)C[NH2+]C1CC2(Oc3ncc(cc13)CC(C)(C)C)CCC2)C#C,8.5376024,c1cc(C#C)cc(CC(C(C[NH2+]C2CC3(Oc4ncc(CC(C)(C)C)cc42)CCC3)O)NC(COC)=O)c1F,Garaaa{aarAA{DA{~B}ABA}A{B}A{DQs%}ArAAs{Batdaa{aart}AA{A}{A}A}AAAs}A^A,24.883351257503918
BACE_307,Fc1cc(cc(F)c1)CC(NC(=O)c1cc(cc(c1)/C(=N\O)/C)C(=O)N(CCC)CCC)C(O)C[NH2+]Cc1cc(OC)ccc1,8.5228786,c1(F)cc(F)cc(CC(NC(c2cc(/C(=N\O)C)cc(C(N(CCC)CCC)=O)c2)=O)C(C[NH2+]Cc2cccc(OC)c2)O)c1,Garaa{aa{G}ar}AA{DA{~B}araa{aa{ar}|A{~D!B}|A}A{~B}D{AAA}AAA}A{B}A{DQs%}Aaraa{BA}aaar,25.06789858317393
BACE_308,S1(=O)(=O)N(c2cc(cc3n(cc(CC1)c23)CC)C(=O)NC([C@H](O)C[NH2+]CCC(F)(F)F)Cc1ccccc1)C,8.5228786,FC(F)(F)CC[NH2+]C[C@@H](O)C(Cc1ccccc1)NC(c1cc2n(CC)cc3c2c(c1)N(C)S(=O)(=O)CC3)=O,Er{~B}{~B}D{asaa{aatd{aa{AAr}ast}AA}A{~B}DA{{A*Q}{B}A{DQs%}AAA{G}{G}G}Aaraaaaar}A,25.06789858317393
BACE_309,S(=O)(=O)(N(c1cc(cc(OCC)c1)C(=O)NC(Cc1ccccc1)C(O)C[NH2+]Cc1cc(ccc1)C(F)(F)F)c1ccccc1)C,8.5228786,CCOc1cc(N(S(=O)(=O)C)c2ccccc2)cc(C(=O)NC(C(O)C[NH2+]Cc2cc(C(F)(F)F)ccc2)Cc2ccccc2)c1,E{~B}{~B}{D{araa{aa{BAA}ar}A{~B}DA{Aaraaaaar}A{B}A{DQs%}Aaraa{aaar}A{G}{G}G}araaaaar}A,25.06789858317393
BACE_310,Fc1cc(cc(F)c1)CC(NC(=O)C(N1CCC(NC(=O)C)(C(CC)C)C1=O)CCc1ccccc1)C(O)C1[NH2+]CC(OCc2cc(ccc2)C#N)C1,8.5228786,c1c(F)cc(F)cc1CC(C(C1CC(OCc2cccc(C#N)c2)C[NH2+]1)O)NC(=O)C(N1C(=O)C(NC(=O)C)(C(CC)C)CC1)CCc1ccccc1,Garaa{aa{G}ar}AA{DA{~B}A{DrAAA{DA{~B}A}{A{AA}A}Ar~B}AAaraaaaar}A{B}Ar{DQs%}AA{BAasaa{aaas}A^D}Ar,25.06789858317393
BACE_311,S1(=O)(=O)CC(Cc2cc(O[C@@H](C(F)(F)F)C)c(N)c(F)c2)C(O)C([NH2+]Cc2cc(ccc2)C(C)(C)C)C1,8.5228786,c1c(C[NH2+]C2C(O)C(Cc3cc(O[C@@H](C(F)(F)F)C)c(N)c(F)c3)CS(=O)(=O)C2)cc(C(C)(C)C)cc1,Er{~B}{~B}AA{Aasaa{B{A**Q}{A{G}{G}G}A}a{D}a{G}as}A{B}A{{DQs%}Aasaa{aaas}A{A}{A}A}Ar,25.06789858317393
BACE_312,S(=O)(=O)(N(C)c1cc(cc(c1)C(=O)NC(C(O)CC(C(=O)NC(C(C)C)C(=O)NCc1ccccc1)C)COc1cc(F)cc(F)c1)C(=O)NC(C)c1ccccc1)C,8.5086384,Fc1cc(OCC(C(CC(C(=O)NC(C(NCc2ccccc2)=O)C(C)C)C)O)NC(=O)c2cc(C(NC(C)c3ccccc3)=O)cc(N(C)S(C)(=O)=O)c2)cc(F)c1,E{~B}{~B}{D{A}araa{aa{ar}A{~B}DA{A{B}AA{A{~B}DA{A{A}A}A{~B}DAaraaaaar}A}ABaraa{G}aa{G}ar}A{~B}DA{A}araaaaar}A,25.2463844921788
BACE_313,s1ccnc1-c1cc(ccc1)CC(NC(=O)C(O)C)C(O)C[NH2+]C1CC2(Oc3ncc(cc13)CC(C)(C)C)CCC2,8.4948502,C1([NH2+]CC(O)C(Cc2cc(-c3sccn3)ccc2)NC(C(C)O)=O)CC2(CCC2)Oc2ncc(CC(C)(C)C)cc21,eraadar_araa{aaar}AA{DA{~B}A{B}A}A{B}A{DQs%}ArAAs{Batdaa{aart}AA{A}{A}A}AAAs,25.41920505723695
BACE_314,S(=O)(=O)(N(C)c1cc2cc(c1)C(=O)N[C@H](C\C=C\COCC(NC2=O)C(O)C[NH2+]Cc1cc(ccc1)C(C)C)c1ccccc1)C,8.4948502,N1[C@@H](c2ccccc2)C/C=C/COCC(C(O)C[NH2+]Cc2cccc(C(C)C)c2)NC(=O)c2cc(N(C)S(=O)(=O)C)cc(c2)C1=O,E{~B}{~B}{D{A}araasaa{ar}A{~B}D{A*Q}{A!A~A!ABAA{DAs~B}A{B}A{DQs%}Aaraa{aaar}A{A}A}araaaaar}A,25.41920505723695
BACE_315,O1c2ncc(cc2C([NH2+]CC(O)C(NC(=O)COC)Cc2cc(ccc2)C#C)CC12CCC2)CC(C)(C)C,8.4685211,C(C(C(Cc1cccc(C#C)c1)NC(COC)=O)O)[NH2+]C1CC2(CCC2)Oc2c1cc(CC(C)(C)C)cn2,Brasdaa{aasA{{DQs%}AA{B}A{DA{~B}ABA}Aasaa{aaas}A^A}AArsAAAs}AA{A}{A}A,25.749212595528565
BACE_316,Fc1ccccc1CC(NC(=O)C)C(O)C[NH2+]C1CC2(Oc3ncc(cc13)CC(C)(C)C)CCC2,8.4436979,c1cc(F)c(CC(C(C[NH2+]C2c3c(ncc(CC(C)(C)C)c3)OC3(CCC3)C2)O)NC(=O)C)cc1,GaraaaaarAA{DA{~B}A}A{B}A{DQs%}ArAAs{Batdaa{aart}AA{A}{A}A}AAAs,26.060345263356954
BACE_317,Fc1cc(ccc1OC)CC(NC(=O)C)C(O)C[NH2+]C1CC2(Oc3ncc(cc13)CC(C)(C)C)CCC2,8.4436979,COc1c(F)cc(CC(C(O)C[NH2+]C2CC3(Oc4ncc(CC(C)(C)C)cc42)CCC3)NC(=O)C)cc1,Garaa{aaarBA}AA{DA{~B}A}A{B}A{DQs%}ArAAs{Batdaa{aart}AA{A}{A}A}AAAs,26.060345263356954
BACE_318,S(=O)(=O)(N(C)c1cc(cc(c1)C(=O)NC(C(O)CC(C(=O)NC(C(C)C)C(=O)NCc1ccccc1)C)COCc1ccccc1)C(=O)NC(C)c1ccccc1)C,8.4436979,N(C(C)c1ccccc1)C(c1cc(N(S(C)(=O)=O)C)cc(C(NC(C(O)CC(C)C(NC(C(C)C)C(=O)NCc2ccccc2)=O)COCc2ccccc2)=O)c1)=O,E{~B}{~B}{D{A}araa{aa{ar}A{~B}DA{A{B}AA{A{~B}DA{A{A}A}A{~B}DAaraaaaar}A}ABAaraaaaar}A{~B}DA{A}araaaaar}A,26.060345263356954
BACE_319,Fc1ccc(cc1C#C)CC(NC(=O)COC)C(O)C[NH2+]C1CC2(Oc3ncc(cc13)CC(C)(C)C)CCC2,8.431798,C#Cc1c(F)ccc(CC(NC(COC)=O)C(C[NH2+]C2c3c(ncc(CC(C)(C)C)c3)OC3(CCC3)C2)O)c1,Garaaa{aarA^A}AA{DA{~B}ABA}A{B}A{DQs%}ArAAs{Batdaa{aart}AA{A}{A}A}AAAs,26.209497976701364
BACE_320,s1ccnc1-c1cc(ccc1)CC(NC(=O)C)C(O)C[NH2+]C1CC2(Oc3ncc(cc13)CC(C)(C)C)CCC2,8.431798,c1c(CC(C)(C)C)cc2c(n1)OC1(CCC1)CC2[NH2+]CC(O)C(NC(C)=O)Cc1cccc(-c2nccs2)c1,eraadar_araa{aaar}AA{DA{~B}A}A{B}A{DQs%}ArAAs{Batdaa{aart}AA{A}{A}A}AAAs,26.209497976701364
BACE_321,Fc1ccc(cc1C)CC(NC(=O)C)C(O)C[NH2+]C1CC2(Oc3ncc(cc13)CC(C)(C)C)CCC2,8.3979397,C(C(C)(C)C)c1cnc2c(c1)C([NH2+]CC(O)C(NC(C)=O)Cc1cc(C)c(F)cc1)CC1(CCC1)O2,Garaaa{aarA}AA{DA{~B}A}A{B}A{DQs%}ArAAs{Batdaa{aart}AA{A}{A}A}AAAs,26.63387610712508
BACE_322,Fc1cc(cc(F)c1)CC(NC(=O)c1cc(cc(c1)C(=O)N(CCC)CCC)C(=O)C)C(O)C[NH2+]Cc1cc(OC)ccc1,8.3979397,O=C(NC(Cc1cc(F)cc(F)c1)C(C[NH2+]Cc1cccc(OC)c1)O)c1cc(C(=O)C)cc(C(N(CCC)CCC)=O)c1,Garaa{aa{G}ar}AA{DA{~B}araa{aa{ar}A{~B}D{AAA}AAA}A{~B}A}A{B}A{DQs%}Aaraa{BA}aaar,26.63387610712508
BACE_323,S(=O)(=O)(N(c1cc(cc(c1)C(=O)NC(Cc1ccccc1)C(O)C[NH2+]Cc1cc(ccc1)C(F)(F)F)C1CCCC1)c1ccccc1)C,8.3979397,C(O)(C(Cc1ccccc1)NC(c1cc(N(c2ccccc2)S(=O)(=O)C)cc(C2CCCC2)c1)=O)C[NH2+]Cc1cccc(C(F)(F)F)c1,E{~B}{~B}{D{araa{aa{ar}A{~B}DA{Aaraaaaar}A{B}A{DQs%}Aaraa{aaar}A{G}{G}G}ArAAAAr}araaaaar}A,26.63387610712508
BACE_324,S1(=O)(=O)CC(Cc2cc(O[C@H](COCCOC)C(F)(F)F)c(N)c(F)c2)C(O)C([NH2+]Cc2cc(ccc2)C(C)(C)C)C1,8.3979397,COCCOC[C@H](C(F)(F)F)Oc1c(N)c(F)cc(CC2C(O)C([NH2+]Cc3cccc(C(C)(C)C)c3)CS(=O)(=O)C2)c1,Er{~B}{~B}AA{Aasaa{B{A*Q}{ABAABA}A{G}{G}G}a{D}a{G}as}A{B}A{{DQs%}Aasaa{aaas}A{A}{A}A}Ar,26.63387610712508
BACE_325,s1ccnc1-c1cc(ccc1)CC(NC(=O)COC)C(O)C[NH2+]C1CC2(Oc3ncc(cc13)CC(C)(C)C)CCC2,8.3872166,c1csc(-c2cccc(CC(C(O)C[NH2+]C3c4c(ncc(CC(C)(C)C)c4)OC4(CCC4)C3)NC(=O)COC)c2)n1,eraadar_araa{aaar}AA{DA{~B}ABA}A{B}A{DQs%}ArAAs{Batdaa{aart}AA{A}{A}A}AAAs,26.76827887189314
BACE_326,Fc1cc(cc(F)c1)CC(NC(=O)C(N1CCC(NC(=O)C)(C(CC)C)C1=O)CCc1ccccc1)C(O)C1[NH2+]Cc2c(C1)cccc2OC,8.3767509,O(C)c1cccc2c1C[NH2+]C(C(O)C(Cc1cc(F)cc(F)c1)NC(C(CCc1ccccc1)N1CCC(C(CC)C)(NC(=O)C)C1=O)=O)C2,Garaa{aa{G}ar}AA{DA{~B}A{DrAAA{DA{~B}A}{A{AA}A}Ar~B}AAaraaaaar}A{B}Ar{DQs%}Aasa{Ar}aaaasBA,26.89945539875881
BACE_327,Fc1ccc(cc1OC)CC(NC(=O)C)C(O)C[NH2+]C1CC2(Oc3ncc(cc13)CC(C)(C)C)CCC2,8.3467875,CC(C)(Cc1cc2c(nc1)OC1(CC2[NH2+]CC(C(Cc2cc(OC)c(F)cc2)NC(=O)C)O)CCC1)C,Garaaa{aarBA}AA{DA{~B}A}A{B}A{DQs%}ArAAs{Batdaa{aart}AA{A}{A}A}AAAs,27.27501505985041
BACE_328,Fc1cc(cc(F)c1)CC(NC(=O)C(N1CCC(C(O)CCC)C1=O)CCc1ccccc1)C(O)C1[NH2+]CC(OCCC)C1,8.3279018,C(CCc1ccccc1)(C(=O)NC(Cc1cc(F)cc(F)c1)C(O)C1[NH2+]CC(OCCC)C1)N1C(=O)C(C(CCC)O)CC1,Garaa{aa{G}ar}AA{DA{~B}A{DrAAA{A{B}AAA}Ar~B}AAaraaaaar}A{B}Ar{DQs%}AA{BAAA}Ar,27.511727418644064
BACE_329,S1(=O)(=O)N(c2cc(cc3n(cc(CC1)c23)CC)C(=O)NC(Cc1ccccc1)C(O)C[NH2+]C1CCOCC1)C,8.3010302,C1CC([NH2+]CC(C(Cc2ccccc2)NC(=O)c2cc3c4c(c2)n(CC)cc4CCS(=O)(=O)N3C)O)CCO1,Er{~B}{~B}D{asaa{aatd{aa{AAr}ast}AA}A{~B}DA{Aaraaaaar}A{B}A{DQs%}ArAABAAr}A,27.848534623066435
BACE_330,S1(=O)(=O)N(c2cc(cc3n(cc(CC1)c23)CC)C(=O)NC([C@H](O)CNc1ccccc1)Cc1ccccc1)C,8.3010302,O=S1(=O)CCc2cn(CC)c3cc(C(=O)NC(Cc4ccccc4)[C@@H](CNc4ccccc4)O)cc(c32)N1C,Er{~B}{~B}D{asaa{aatd{aa{AAr}ast}AA}A{~B}DA{{A*Q}{B}ADaraaaaar}Aaraaaaar}A,27.848534623066435
BACE_331,S1(=O)(=O)N(c2cc(cc3c2n(cc3CC)CC1)C(=O)NC(Cc1ccccc1)C(O)C[NH2+]C(CCCC(C)C)(C)C)C,8.3010302,c1(C(=O)NC(C(C[NH2+]C(CCCC(C)C)(C)C)O)Cc2ccccc2)cc2c3n(cc2CC)CCS(=O)(=O)N(C)c3c1,Er{~B}{~B}D{asaa{aatasd{aatAA}AAr}A{~B}DA{Aaraaaaar}A{B}A{DQs%}A{AAAA{A}A}{A}A}A,27.848534623066435
BACE_332,S1(=O)(=O)N(c2cc(cc3c2n(cc3CC)CC1)C(=O)N[C@H]([C@H](O)C[NH2+]C1CCOCC1)Cc1ccccc1)CC,8.3010302,C(c1c2cc(C(N[C@@H](Cc3ccccc3)[C@H](O)C[NH2+]C3CCOCC3)=O)cc3c2n(c1)CCS(=O)(=O)N3CC)C,Er{~B}{~B}D{asaa{aatasd{aatAA}AAr}A{~B}D{A*Q}{{A*Q}{B}A{DQs%}ArAABAAr}Aaraaaaar}AA,27.848534623066435
BACE_333,S(=O)(=O)(N(c1cc(cc(c1)C(=O)NC(Cc1ccccc1)C(O)C[NH2+]Cc1cc(ccc1)C(F)(F)F)C(C)C)c1ccccc1)C,8.3010302,O=S(C)(=O)N(c1cc(C(NC(Cc2ccccc2)C(C[NH2+]Cc2cc(C(F)(F)F)ccc2)O)=O)cc(C(C)C)c1)c1ccccc1,E{~B}{~B}{D{araa{aa{ar}A{~B}DA{Aaraaaaar}A{B}A{DQs%}Aaraa{aaar}A{G}{G}G}A{A}A}araaaaar}A,27.848534623066435
BACE_334,O1c2ncc(cc2C([NH2+]CC(O)C(NC(=O)C)Cc2ccccc2)CC12CCC2)CC(C)C,8.3010302,c1cc(CC(NC(=O)C)C(O)C[NH2+]C2CC3(CCC3)Oc3c2cc(CC(C)C)cn3)ccc1,Brasdaa{aasA{{DQs%}AA{B}A{DA{~B}A}Aasaaaaas}AArsAAAs}AA{A}A,27.848534623066435
BACE_335,Fc1cc(cc(F)c1)CC(NC(=O)C(N1CCC(C(O)CCC)C1=O)CCc1ccccc1)C(O)C[NH2+]Cc1cc(OC)ccc1,8.2839966,C(NC(C(C[NH2+]Cc1cccc(OC)c1)O)Cc1cc(F)cc(F)c1)(=O)C(CCc1ccccc1)N1CCC(C(O)CCC)C1=O,Garaa{aa{G}ar}AA{DA{~B}A{DrAAA{A{B}AAA}Ar~B}AAaraaaaar}A{B}A{DQs%}Aaraa{BA}aaar,28.062032859019954
BACE_336,s1cncc1-c1cc(ccc1)CC(NC(=O)COC)C(O)C[NH2+]C1CC2(Oc3ncc(cc13)CC(C)(C)C)CCC2,8.2839966,c12ncc(CC(C)(C)C)cc1C([NH2+]CC(O)C(Cc1cc(-c3scnc3)ccc1)NC(=O)COC)CC1(O2)CCC1,eradaar_araa{aaar}AA{DA{~B}ABA}A{B}A{DQs%}ArAAs{Batdaa{aart}AA{A}{A}A}AAAs,28.062032859019954
BACE_337,O1c2ncc(cc2C([NH2+]CC(O)C(NC(=O)COC)Cc2cc3OCOc3cc2)CC12CCC2)CC(C)(C)C,8.2676058,C1C2(CCC2)Oc2c(cc(CC(C)(C)C)cn2)C1[NH2+]CC(O)C(NC(=O)COC)Cc1ccc2c(c1)OCO2,Brasdaa{aasA{{DQs%}AA{B}A{DA{~B}ABA}AasaatBABataas}AArsAAAs}AA{A}{A}A,28.267474273980213
BACE_338,Fc1cc(cc(F)c1)CC(NC(=O)C(N1CCC(CC(C)C)C1=O)CCc1ccccc1)C(O)C1[NH2+]CC(OCCC)C1,8.2441254,c1c(CC(NC(=O)C(CCc2ccccc2)N2C(=O)C(CC(C)C)CC2)C(O)C2[NH2+]CC(OCCC)C2)cc(F)cc1F,Garaa{aa{G}ar}AA{DA{~B}A{DrAAA{AA{A}A}Ar~B}AAaraaaaar}A{B}Ar{DQs%}AA{BAAA}Ar,28.56177635806598
BACE_339,s1cc(nc1-c1cc(ccc1)CC(NC(=O)COC)C(O)C[NH2+]C1CC2(Oc3ncc(cc13)CC(C)(C)C)CCC2)C,8.2441254,c12c(cc(CC(C)(C)C)cn1)C([NH2+]CC(O)C(NC(COC)=O)Cc1cc(-c3scc(C)n3)ccc1)CC1(CCC1)O2,eraa{dar_araa{aaar}AA{DA{~B}ABA}A{B}A{DQs%}ArAAs{Batdaa{aart}AA{A}{A}A}AAAs}A,28.56177635806598
BACE_340,s1ccnc1-c1cc(ccc1)CC(NC(=O)COCC)C(O)C[NH2+]C1CC2(Oc3ncc(cc13)CC(C)(C)C)CCC2,8.2441254,c1cnc(-c2cc(CC(NC(=O)COCC)C(O)C[NH2+]C3c4cc(CC(C)(C)C)cnc4OC4(CCC4)C3)ccc2)s1,eraadar_araa{aaar}AA{DA{~B}ABAA}A{B}A{DQs%}ArAAs{Batdaa{aart}AA{A}{A}A}AAAs,28.56177635806598
BACE_341,O1c2ncc(cc2C([NH2+]CC(O)C(NC(=O)C)Cc2ccccc2)CC12CCC2)CC(C)(C)C,8.2365723,C(C[NH2+]C1c2c(ncc(CC(C)(C)C)c2)OC2(CCC2)C1)(O)C(NC(=O)C)Cc1ccccc1,Brasdaa{aasA{{DQs%}AA{B}A{DA{~B}A}Aasaaaaas}AArsAAAs}AA{A}{A}A,28.656446511526223
BACE_342,Fc1cc(cc(F)c1)CC(NC(=O)C(N1CCC(NC(=O)C)(C(CC)C)C1=O)CCc1ccccc1)C(O)C1[NH2+]CC(Oc2cccnc2)C1,8.2291479,c1c(F)cc(F)cc1CC(NC(=O)C(CCc1ccccc1)N1C(=O)C(C(CC)C)(NC(C)=O)CC1)C(C1CC(Oc2cccnc2)C[NH2+]1)O,Garaa{aa{G}ar}AA{DA{~B}A{DrAAA{DA{~B}A}{A{AA}A}Ar~B}AAaraaaaar}A{B}Ar{DQs%}AA{Basaaadas}Ar,28.749503546035296
BACE_343,O1c2c(cc(cc2)CC)C([NH2+]CC(O)C2NC(=O)C=3C=C(c4ncccc4)C(=O)N(CCCCc4cc(C2)ccc4)C=3)CC12CCC2,8.2291479,N1C(C(C[NH2+]C2CC3(Oc4ccc(CC)cc42)CCC3)O)Cc2cccc(c2)CCCCn2c(=O)c(-c3ncccc3)cc(c2)C1=O,Brasa{aa{aas}AA}A{{DQs%}AA{B}AsDA{~B}A~tA~A{audaaaau}A{~B}D{AAAAauaa{As}aaau}A~t}AArsAAAs,28.749503546035296
BACE_344,S(=O)(=O)(N(c1cc(cc(c1)/C(=N\OCCC)/C)C(=O)NC([C@@H](O)C[NH2+]Cc1cc(OC)ccc1)Cc1cc(F)cc(F)c1)c1ccccc1)C,8.2218485,N(C(=O)c1cc(N(S(=O)(=O)C)c2ccccc2)cc(/C(C)=N\OCCC)c1)C(Cc1cc(F)cc(F)c1)[C@@H](O)C[NH2+]Cc1cccc(OC)c1,E{~B}{~B}{D{araa{aa{ar}|A{~D!BAAA}|A}A{~B}DA{{A**Q}{B}A{DQs%}Aaraa{BA}aaar}Aaraa{G}aa{G}ar}araaaaar}A,28.840993837196233
BACE_345,S1(=O)(=O)N(CCCC1)c1cc(cc(NCC)c1)C(=O)N[C@H]([C@H](O)C[NH2+]C(C)(C)c1cc(ccc1)C(F)(F)F)Cc1ccccc1,8.2218485,O=C(c1cc(N2S(=O)(=O)CCCC2)cc(NCC)c1)N[C@H]([C@H](O)C[NH2+]C(C)(C)c1cc(C(F)(F)F)ccc1)Cc1ccccc1,Er{~B}{~B}D{AAAAr}araa{aa{DAA}ar}A{~B}D{A*Q}{{A*Q}{B}A{DQs%}A{A}{A}araa{aaar}A{G}{G}G}Aaraaaaar,28.840993837196233
BACE_346,S(=O)(=O)(N(c1cc(cc(N2CCCC2=O)c1)C(=O)NC(Cc1ccccc1)C(O)C[NH2+]Cc1cc(ccc1)C(F)(F)F)c1ccccc1)C,8.2218485,c1cc(N(c2cc(N3CCCC3=O)cc(C(NC(C(O)C[NH2+]Cc3cc(C(F)(F)F)ccc3)Cc3ccccc3)=O)c2)S(=O)(=O)C)ccc1,E{~B}{~B}{D{araa{aa{DsAAAAs~B}ar}A{~B}DA{Aaraaaaar}A{B}A{DQs%}Aaraa{aaar}A{G}{G}G}araaaaar}A,28.840993837196233
BACE_347,S1(=O)(=O)CC(Cc2cc(OCC(F)F)c(N)c(F)c2)C(O)C([NH2+]Cc2cc(ccc2)C(C)(C)C)C1,8.2218485,[NH2+](Cc1cc(C(C)(C)C)ccc1)C1C(O)C(Cc2cc(F)c(N)c(OCC(F)F)c2)CS(=O)(=O)C1,Er{~B}{~B}AA{Aasaa{BAA{G}G}a{D}a{G}as}A{B}A{{DQs%}Aasaa{aaas}A{A}{A}A}Ar,28.840993837196233
BACE_348,S1(=O)(=O)CC(Cc2cc(OCC(F)(F)F)c(N)c(F)c2)C(O)C([NH2+]Cc2cc(ccc2)C(C)(C)C)C1,8.2218485,c1(CC2C(O)C([NH2+]Cc3cccc(C(C)(C)C)c3)CS(=O)(=O)C2)cc(F)c(N)c(OCC(F)(F)F)c1,Er{~B}{~B}AA{Aasaa{BAA{G}{G}G}a{D}a{G}as}A{B}A{{DQs%}Aasaa{aaas}A{A}{A}A}Ar,28.840993837196233
BACE_349,S1(=O)(=O)CC(Cc2cc(OC(C(F)(F)F)C(F)(F)F)c(N)c(F)c2)C(O)C([NH2+]Cc2cc3c(COC3(C)C)cc2)C1,8.2218485,O(C(C(F)(F)F)C(F)(F)F)c1c(N)c(F)cc(CC2CS(=O)(=O)CC([NH2+]Cc3ccc4c(c3)C(C)(C)OC4)C2O)c1,Er{~B}{~B}AA{Aasaa{BA{A{G}{G}G}A{G}{G}G}a{D}a{G}as}A{B}A{{DQs%}Aasaata{ABAt{A}A}aas}Ar,28.840993837196233
BACE_350,FC1(F)COC(=NC1(C)c1cc(NC(=O)c2ncc(OCC#CC)nc2)ccc1F)N,8.2218485,C(#CCOc1ncc(C(=O)Nc2cc(C3(C)N=C(N)OCC3(F)F)c(F)cc2)nc1)C,GAr{G}ABA{~DAr{A}araa{DA{~B}asdaa{BAA^AA}das}aaarG}D,28.840993837196233
BACE_351,Fc1c2c(ccc1)C(N=C2N)(C=1C=C(C)C(=O)N(C=1)C)c1cc(ccc1)C#CC1CC1,8.2160969,C1(C#Cc2cccc(C3(c4cc(C)c(=O)n(C)c4)N=C(N)c4c(F)cccc43)c2)CC1,Garasa{aaar}A{D~AsD}{A~rA~A{A}A{~B}D{A~r}A}araa{aaar}A^AArAAr,28.913084085523675
BACE_352,Fc1cc(cc(F)c1)CC(NC(=O)C(N1CCC(NC(=O)C)(C(CC)C)C1=O)CCc1ccccc1)C(O)C[NH2+]Cc1cc(OC)ccc1,8.2146702,C(CCc1ccccc1)(C(=O)NC(C(C[NH2+]Cc1cccc(OC)c1)O)Cc1cc(F)cc(F)c1)N1C(=O)C(NC(C)=O)(C(C)CC)CC1,Garaa{aa{G}ar}AA{DA{~B}A{DrAAA{DA{~B}A}{A{AA}A}Ar~B}AAaraaaaar}A{B}A{DQs%}Aaraa{BA}aaar,28.930966267401544
BACE_353,s1ccnc1-c1cc(ccc1F)CC(NC(=O)COC)C(O)C[NH2+]C1CC2(Oc3ncc(cc13)CC(C)(C)C)CCC2,8.2146702,N(C(=O)COC)C(C(O)C[NH2+]C1CC2(CCC2)Oc2ncc(CC(C)(C)C)cc21)Cc1cc(-c2sccn2)c(F)cc1,eraadar_araa{aaarG}AA{DA{~B}ABA}A{B}A{DQs%}ArAAs{Batdaa{aart}AA{A}{A}A}AAAs,28.930966267401544
BACE_354,s1ccnc1-c1cc(ccc1)CC(NC(=O)C1OCCC1)C(O)C[NH2+]C1CC2(Oc3ncc(cc13)CC(C)(C)C)CCC2,8.2006598,CC(C)(C)Cc1cc2c(nc1)OC1(CCC1)CC2[NH2+]CC(O)C(NC(=O)C1CCCO1)Cc1cc(-c2sccn2)ccc1,eraadar_araa{aaar}AA{DA{~B}ArBAAAr}A{B}A{DQs%}ArAAs{Batdaa{aart}AA{A}{A}A}AAAs,29.10657187543527
BACE_355,Fc1c2c(ccc1)C(N=C2N)(c1cc(ccc1)-c1cc(cnc1)C#CC)c1cc(ncc1)C(F)F,8.1877556,c1(C2(c3cc(C(F)F)ncc3)N=C(N)c3c(F)cccc32)cccc(-c2cc(C#CC)cnc2)c1,Garasa{aaar}A{D~AsD}{araa{aaar}_araa{adar}A^AA}araa{daar}A{G}G,29.268312431535673
BACE_356,Fc1cc(F)ccc1CC(NC(=O)C)C(O)C[NH2+]C1CC2(Oc3ncc(cc13)CC(C)(C)C)CCC2,8.1870871,C(c1cnc2c(c1)C([NH2+]CC(O)C(NC(=O)C)Cc1c(F)cc(F)cc1)CC1(CCC1)O2)C(C)(C)C,Garaa{G}aaarAA{DA{~B}A}A{B}A{DQs%}ArAAs{Batdaa{aart}AA{A}{A}A}AAAs,29.27669137496131
BACE_358,Fc1cc(cc(F)c1)CC(NC(=O)C)C(O)C[NH2+]C1CC2(Oc3ncc(cc13)CC(C)(C)C)CCC2,8.1611509,C(C(O)C(Cc1cc(F)cc(F)c1)NC(C)=O)[NH2+]C1CC2(Oc3ncc(CC(C)(C)C)cc31)CCC2,Garaa{aa{G}ar}AA{DA{~B}A}A{B}A{DQs%}ArAAs{Batdaa{aart}AA{A}{A}A}AAAs,29.601774325561156
BACE_359,s1cc(nc1)-c1cc(ccc1)CC(NC(=O)COC)C(O)C[NH2+]C1CC2(Oc3ncc(cc13)CC(C)(C)C)CCC2,8.1611509,C(C(NC(C(C[NH2+]C1c2cc(CC(C)(C)C)cnc2OC2(CCC2)C1)O)Cc1cccc(-c2ncsc2)c1)=O)OC,eraa{dar}_araa{aaar}AA{DA{~B}ABA}A{B}A{DQs%}ArAAs{Batdaa{aart}AA{A}{A}A}AAAs,29.601774325561156
BACE_360,S1(=O)(=O)N(c2cc(cc3c2n(cc3CC)CC1)C(=O)NC(Cc1ccccc1)C(O)C[NH2+]CCC(F)(F)F)C,8.1549015,c1n2c3c(cc(C(=O)NC(C(O)C[NH2+]CCC(F)(F)F)Cc4ccccc4)cc3c1CC)N(C)S(=O)(=O)CC2,Er{~B}{~B}D{asaa{aatasd{aatAA}AAr}A{~B}DA{Aaraaaaar}A{B}A{DQs%}AAA{G}{G}G}A,29.68010397259809
BACE_361,S1(=O)(=O)N(c2cc(cc3c2n(cc3CC)CC1)C(=O)NC(Cc1ccccc1)C(O)C[NH2+]C1CCCCC1)CC,8.1549015,c1(C(NC(Cc2ccccc2)C(O)C[NH2+]C2CCCCC2)=O)cc2c3c(c(CC)cn3CCS(=O)(=O)N2CC)c1,Er{~B}{~B}D{asaa{aatasd{aatAA}AAr}A{~B}DA{Aaraaaaar}A{B}A{DQs%}ArAAAAAr}AA,29.68010397259809
BACE_362,S(=O)(=O)(N(C)c1cc(cc(c1)C(=O)NC(C)c1ccc(F)cc1)-c1oc(cn1)C([NH3+])(Cc1ccccc1)C)C,8.1549015,N(C(=O)c1cc(N(S(=O)(C)=O)C)cc(-c2ncc(C([NH3+])(C)Cc3ccccc3)o2)c1)C(c1ccc(F)cc1)C,E{~B}{~B}{D{A}araa{aa{ar}A{~B}DA{A}araaa{G}aar}_arba{adr}A{{DQt%}}{Aaraaaaar}A}A,29.68010397259809
BACE_363,S1(=O)(=O)CC(Cc2cc(OC(C(F)(F)F)C(F)(F)F)c(N)c(F)c2)C(O)C([NH2+]Cc2noc(c2)CC(C)(C)C)C1,8.1549015,FC(C(C(F)(F)F)Oc1cc(CC2C(O)C([NH2+]Cc3cc(CC(C)(C)C)on3)CS(=O)(=O)C2)cc(F)c1N)(F)F,Er{~B}{~B}AA{Aasaa{BA{A{G}{G}G}A{G}{G}G}a{D}a{G}as}A{B}A{{DQs%}Aasdba{as}AA{A}{A}A}Ar,29.68010397259809
BACE_364,S1(=O)CC(Cc2cc(OC(CO)C(F)(F)F)c(N)c(F)c2)C(O)C([NH2+]Cc2cc(ccc2)C(C)(C)C)C1,8.1549015,c1(F)cc(CC2C(O)C([NH2+]Cc3cccc(C(C)(C)C)c3)CS(=O)C2)cc(OC(CO)C(F)(F)F)c1N,Er{~B}AA{Aasaa{BA{AB}A{G}{G}G}a{D}a{G}as}A{B}A{{DQs%}Aasaa{aaas}A{A}{A}A}Ar,29.68010397259809
BACE_365,s1ccnc1-c1cc(ccc1)CC(NC(=O)[C@@H](OC)C)C(O)C[NH2+]C1CC2(Oc3ncc(cc13)CC(C)(C)C)CCC2,8.1426678,c1(CC(NC(=O)[C@@H](OC)C)C(O)C[NH2+]C2c3cc(CC(C)(C)C)cnc3OC3(C2)CCC3)cccc(-c2sccn2)c1,eraadar_araa{aaar}AA{DA{~B}{A**Q}{BA}A}A{B}A{DQs%}ArAAs{Batdaa{aart}AA{A}{A}A}AAAs,29.83344051737926
BACE_366,Fc1cc(cc(F)c1)CC(NC(=O)c1c2c(n(c1)C(=O)N(CCCC)C)cccc2)C(O)C[NH2+]Cc1cc(OC)ccc1,8.1307678,C(C(O)C(NC(=O)c1c2c(cccc2)n(C(=O)N(CCCC)C)c1)Cc1cc(F)cc(F)c1)[NH2+]Cc1cc(OC)ccc1,Garaa{aa{G}ar}AA{DA{~B}arasa{d{ar}A{~B}D{AAAA}A}aaaas}A{B}A{DQs%}Aaraa{BA}aaar,29.982594484118362
BACE_367,S(=O)(=O)(N(C)c1cc2cc(c1)C(=O)NC(COC\C=C/CCN(C)C2=O)C(O)C[NH2+]Cc1cc(ccc1)C(C)C)C,8.124939,O=C1c2cc(cc(N(S(C)(=O)=O)C)c2)C(=O)N(C)CC/C=C\COCC(C(O)C[NH2+]Cc2cccc(C(C)C)c2)N1,E{~B}{~B}{D{A}araasaa{ar}A{~B}DA{ABA!A~A|AAD{A}As~B}A{B}A{DQs%}Aaraa{aaar}A{A}A}A,30.055652353137585
BACE_368,S1(Oc2cc(cc3c2n(cc3CC)CC1)C(=O)NC([C@H](O)C[NH2+]Cc1cc(ccc1)C(F)(F)F)Cc1ccccc1)(=O)=O,8.0969105,c1c(C[NH2+]C[C@H](C(NC(c2cc3c4c(c(CC)cn4CCS(=O)(=O)O3)c2)=O)Cc2ccccc2)O)cc(C(F)(F)F)cc1,Er{Basaa{aatasd{aatAA}AAr}A{~B}DA{{A*Q}{B}A{DQs%}Aaraa{aaar}A{G}{G}G}Aaraaaaar}{~B}~B,30.40696008059528
BACE_369,S1(=O)(=O)N(c2cc(cc3n(cc(CC1)c23)CC)C(=O)N[C@H]([C@H](O)C[NH2+]CCC)Cc1ccccc1)C,8.0969105,c12c3c(n(CC)cc3CCS(=O)(=O)N1C)cc(C(N[C@H]([C@@H](C[NH2+]CCC)O)Cc1ccccc1)=O)c2,Er{~B}{~B}D{asaa{aatd{aa{AAr}ast}AA}A{~B}D{A*Q}{{A*Q}{B}A{DQs%}AAA}Aaraaaaar}A,30.40696008059528
BACE_370,S1(=O)(=O)N(c2cc(cc3c2n(cc3CC)C1)C(=O)NC(Cc1ccccc1)C(O)C[NH2+]Cc1cc(OC)ccc1)C,8.0969105,C(C(NC(=O)c1cc2c3c(c1)N(C)S(=O)(=O)Cn3cc2CC)Cc1ccccc1)(C[NH2+]Cc1cccc(OC)c1)O,Er{~B}{~B}D{asaa{aatasd{aatAA}Ar}A{~B}DA{Aaraaaaar}A{B}A{DQs%}Aaraa{BA}aaar}A,30.40696008059528
BACE_371,S(=O)(=O)(N(c1cc(ccc1)C(=O)NC(Cc1ccccc1)C(O)C[NH2+]C(C(=O)NC1CCCCC1)C)c1cc(ccc1)C#N)C,8.0969105,c1c(C(NC(C(C[NH2+]C(C)C(=O)NC2CCCCC2)O)Cc2ccccc2)=O)cc(N(S(C)(=O)=O)c2cccc(C#N)c2)cc1,E{~B}{~B}{D{araa{aaar}A{~B}DA{Aaraaaaar}A{B}A{DQs%}A{A{~B}DArAAAAAr}A}araa{aaar}A^D}A,30.40696008059528
BACE_372,S1(=O)(=O)CC(Cc2cc(CC)c(NC(=O)C)c(F)c2)C(O)C([NH2+]Cc2cc(ccc2)C(C)(C)C)C1,8.0969105,c1ccc(C[NH2+]C2CS(=O)(=O)CC(Cc3cc(F)c(NC(=O)C)c(CC)c3)C2O)cc1C(C)(C)C,Er{~B}{~B}AA{Aasaa{AA}a{DA{~B}A}a{G}as}A{B}A{{DQs%}Aasaa{aaas}A{A}{A}A}Ar,30.40696008059528
BACE_373,O1c2ncc(cc2C([NH2+]CC(O)C(NC(=O)C)Cc2cc3OCOc3cc2)CC12CCC2)CC(C)(C)C,8.0969105,C(C)(C)(Cc1cc2c(nc1)OC1(CCC1)CC2[NH2+]CC(O)C(Cc1ccc2c(c1)OCO2)NC(=O)C)C,Brasdaa{aasA{{DQs%}AA{B}A{DA{~B}A}AasaatBABataas}AArsAAAs}AA{A}{A}A,30.40696008059528
BACE_374,O=C1N(C)C(=NC1(c1cc(ccc1)-c1cncnc1)c1cn(nc1)CCCC)N,8.0969095,n1cncc(-c2cccc(C3(c4cn(CCCC)nc4)N=C(N)N(C)C3=O)c2)c1,B~ArD{A}A{~DAr{araa{aaar}_aradadar}arad{dar}AAAA}D,30.406972614542056
BACE_375,Clc1cc2CC(N=C(NC(Cc3c(csc3CCC)-c3cn[nH]c3)C(=O)[O-])c2cc1)(C)C,8.0969095,C(Cc1c(-c2c[nH]nc2)csc1CCC)(C(=O)[O-])NC1=NC(C)(C)Cc2cc(Cl)ccc21,ZaraasAA{D~A{DA{Aata{aeatAAA}_atad{dQ}at}A{~B}{B_}}asaar}{A}A,30.406972614542056
BACE_376,S1(=O)CC(Cc2cc(OCC(F)(F)F)c(N)c(F)c2)C(O)C([NH2+]Cc2cc(ccc2)C(C)(C)C)C1,8.0969095,C1S(=O)CC(Cc2cc(F)c(N)c(OCC(F)(F)F)c2)C(O)C1[NH2+]Cc1cccc(C(C)(C)C)c1,Er{~B}AA{Aasaa{BAA{G}{G}G}a{D}a{G}as}A{B}A{{DQs%}Aasaa{aaas}A{A}{A}A}Ar,30.406972614542056
BACE_377,Fc1c2c(ccc1)C(N=C2N)(C=1C=C(C)C(=O)N(C=1)CC)c1cc(ccc1)-c1cc(cnc1)C#N,8.0830202,c1c(C#N)cc(-c2cccc(C3(c4cc(C)c(=O)n(CC)c4)N=C(N)c4c(F)cccc43)c2)cn1,Garasa{aaar}A{D~AsD}{A~rA~A{A}A{~B}D{A~r}AA}araa{aaar}_araa{adar}A^D,30.581060361620153
BACE_378,Clc1ccc(cc1)CC(NC(=O)C)C(O)C[NH2+]C1CC2(Oc3ncc(cc13)CC(C)(C)C)CCC2,8.0809221,c1(Cl)ccc(CC(NC(C)=O)C(O)C[NH2+]C2c3c(ncc(CC(C)(C)C)c3)OC3(CCC3)C2)cc1,Zaraaa{aar}AA{DA{~B}A}A{B}A{DQs%}ArAAs{Batdaa{aart}AA{A}{A}A}AAAs,30.60735783536933
BACE_379,Fc1cc(cc(F)c1)CC(NC(=O)c1c2cccnc2n(c1)C(=O)N(CCCC)C)C(O)C[NH2+]Cc1cc(ccc1)CC,8.0655012,O=C(c1cn(C(N(CCCC)C)=O)c2c1cccn2)NC(C(C[NH2+]Cc1cc(CC)ccc1)O)Cc1cc(F)cc(F)c1,Garaa{aa{G}ar}AA{DA{~B}arasaaadasd{ar}A{~B}D{AAAA}A}A{B}A{DQs%}Aaraa{aaar}AA,30.800642575343026
BACE_380,Fc1cc(cc(F)c1)CC(NC(=O)C)C(O)C[NH2+]C1(CC\C(=N\O)\CC1)c1cc(ccc1)C(C)(C)C,8.0555172,CC(c1cc(C2([NH2+]CC(C(Cc3cc(F)cc(F)c3)NC(=O)C)O)CCC(=NO)CC2)ccc1)(C)C,Garaa{aa{G}ar}AA{DA{~B}A}A{B}A{DQs%}Ar{AA!A{~D!B}!AAr}araa{aaar}A{A}{A}A,30.925781500042437
BACE_381,S(=O)(=O)(N(C)c1cc(cc(c1)/C(=N\OCc1ccccc1)/C)C(=O)N[C@H]([C@@H](O)C[NH2+]Cc1cc(OC)ccc1)Cc1cc(F)cc(F)c1)C,8.0457573,O(/N=C(\c1cc(N(C)S(C)(=O)=O)cc(C(=O)N[C@@H](Cc2cc(F)cc(F)c2)[C@@H](O)C[NH2+]Cc2cccc(OC)c2)c1)C)Cc1ccccc1,E{~B}{~B}{D{A}araa{aa{ar}|A{~D!BAaraaaaar}|A}A{~B}D{A*Q}{{A**Q}{B}A{DQs%}Aaraa{BA}aaar}Aaraa{G}aa{G}ar}A,31.048111567267387
BACE_382,S(=O)(=O)(N(c1cc(cc(c1)/C(=N\O)/C)C(=O)N[C@H]([C@@H](O)C[NH2+]Cc1cc(OC)ccc1)Cc1cc(F)cc(F)c1)c1ccccc1)C,8.0457573,C([NH2+]Cc1cc(OC)ccc1)[C@H](O)[C@H](Cc1cc(F)cc(F)c1)NC(c1cc(/C(=N\O)C)cc(N(S(C)(=O)=O)c2ccccc2)c1)=O,E{~B}{~B}{D{araa{aa{ar}|A{~D!B}|A}A{~B}D{A*Q}{{A**Q}{B}A{DQs%}Aaraa{BA}aaar}Aaraa{G}aa{G}ar}araaaaar}A,31.048111567267387
BACE_383,S1(=O)(=O)N(c2cc(cc3n(cc(CC1)c23)CC)C(=O)NC([C@H](O)C[NH2+]C1CC1)Cc1ccccc1)C,8.0457573,c1c(C(NC(Cc2ccccc2)[C@@H](C[NH2+]C2CC2)O)=O)cc2c3c(cn2CC)CCS(=O)(=O)N(C)c13,Er{~B}{~B}D{asaa{aatd{aa{AAr}ast}AA}A{~B}DA{{A*Q}{B}A{DQs%}ArAAr}Aaraaaaar}A,31.048111567267387
BACE_384,S1(=O)(=O)N(c2cc(cc3c2n(cc3CC)CC1)C(=O)NC(Cc1ccccc1)C(O)C[NH2+]C1CCCCC1)C,8.0457573,c1c(CC)c2cc(C(=O)NC(C(O)C[NH2+]C3CCCCC3)Cc3ccccc3)cc3c2n1CCS(=O)(=O)N3C,Er{~B}{~B}D{asaa{aatasd{aatAA}AAr}A{~B}DA{Aaraaaaar}A{B}A{DQs%}ArAAAAAr}A,31.048111567267387
BACE_385,O1CCCCOc2nc(cc(c2)C(=O)NC(Cc2cc1ccc2)C(O)C[NH2+]C1(CC1)c1cc(ccc1)C(C)C)COC,8.0457573,[NH2+](C1(c2cccc(C(C)C)c2)CC1)CC(O)C1Cc2cccc(c2)OCCCCOc2cc(cc(COC)n2)C(=O)N1,BrAAAABasda{aa{as}A{~B}DA{Aasaaraaas}A{B}A{DQs%}Ar{AAr}araa{aaar}A{A}A}ABA,31.048111567267387
BACE_386,s1ccnc1-c1cc(ccc1)CC(NC(=O)[C@H]1OCCC1)C(O)C[NH2+]C1CC2(Oc3ncc(cc13)CC(C)(C)C)CCC2,8.036212,c1cnc(-c2cccc(CC(NC(=O)[C@@H]3CCCO3)C(O)C[NH2+]C3CC4(CCC4)Oc4ncc(CC(C)(C)C)cc43)c2)s1,eraadar_araa{aaar}AA{DA{~B}{A*Q}rBAAAr}A{B}A{DQs%}ArAAs{Batdaa{aart}AA{A}{A}A}AAAs,31.167751849512307
BACE_387,O1c2ncc(cc2C([NH2+]CC(O)C(NC(=O)COC)Cc2cc(ccc2)-c2ncccc2)CC12CCC2)CC(C)(C)C,8.031517,C1CCC12CC([NH2+]CC(C(NC(COC)=O)Cc1cc(-c3ccccn3)ccc1)O)c1c(ncc(CC(C)(C)C)c1)O2,Brasdaa{aasA{{DQs%}AA{B}A{DA{~B}ABA}Aasaa{aaas}_asdaaaas}AArsAAAs}AA{A}{A}A,31.226598729666954
BACE_388,s1ccnc1-c1cc(CC(NC(=O)COC)C(O)C[NH2+]C2CC3(Oc4ncc(cc24)CC(C)(C)C)CCC3)c(F)cc1,8.0222759,c1cc(-c2nccs2)cc(CC(NC(COC)=O)C(C[NH2+]C2c3cc(CC(C)(C)C)cnc3OC3(C2)CCC3)O)c1F,eraadar_araa{AA{DA{~B}ABA}A{B}A{DQs%}AsAAt{Baudaa{aasu}AA{A}{A}A}AAAt}a{G}aar,31.34242618529993
BACE_389,O1c2ncc(cc2C([NH2+]CC(O)C(NC(=O)COC)Cc2cc(ccc2)-c2occn2)CC12CCC2)CC(C)(C)C,8.0177288,c12c(cc(CC(C)(C)C)cn1)C([NH2+]CC(C(NC(=O)COC)Cc1cccc(-c3ncco3)c1)O)CC1(CCC1)O2,Brasdaa{aasA{{DQs%}AA{B}A{DA{~B}ABA}Aasaa{aaas}_asbaads}AArsAAAs}AA{A}{A}A,31.399419294725085
BACE_390,O1c2ncc(cc2C([NH2+]CC(O)C2NC(=O)C=3C=CC(=O)N(CCCCc4cc(C2)ccc4)C=3)CC12CCC2)CC(C)(C)C,8.0132284,c1cc2cc(c1)CC(C(O)C[NH2+]C1CC3(CCC3)Oc3ncc(CC(C)(C)C)cc31)NC(=O)c1ccc(=O)n(c1)CCCC2,Brasdaa{aasA{{DQs%}AA{B}AsDA{~B}A~tA~AA{~B}D{AAAAauaa{As}aaau}A~t}AArsAAAs}AA{A}{A}A,31.4558270688354
BACE_391,s1ccnc1-c1cc(ccc1)CC(NC(=O)C(OC)OC)C(O)C[NH2+]C1CC2(Oc3ncc(cc13)CC(C)(C)C)CCC2,8.0087738,C(=O)(NC(C(O)C[NH2+]C1CC2(CCC2)Oc2ncc(CC(C)(C)C)cc21)Cc1cccc(-c2sccn2)c1)C(OC)OC,eraadar_araa{aaar}AA{DA{~B}A{BA}BA}A{B}A{DQs%}ArAAs{Batdaa{aart}AA{A}{A}A}AAAs,31.51166078818295
BACE_392,Fc1cc(cc(F)c1)CC(NC(=O)c1cc(cc(c1)/C(=N\OCC=C)/C)C(=O)N(CCC)CCC)C(O)C[NH2+]Cc1cc(OC)ccc1,8.0,C=CCO/N=C(/C)c1cc(C(N(CCC)CCC)=O)cc(C(=O)NC(Cc2cc(F)cc(F)c2)C(O)C[NH2+]Cc2cc(OC)ccc2)c1,Garaa{aa{G}ar}AA{DA{~B}araa{aa{ar}|A{~D!BAA~A}|A}A{~B}D{AAA}AAA}A{B}A{DQs%}Aaraa{BA}aaar,31.62163113048341
BACE_393,Fc1cc(cc(F)c1)CC(NC(=O)c1cc(cc(c1)C(=O)N(CCC)CCC)CCO)C(O)C[NH2+]Cc1cc(OC)ccc1,8.0,C(O)Cc1cc(C(=O)NC(Cc2cc(F)cc(F)c2)C(C[NH2+]Cc2cc(OC)ccc2)O)cc(C(N(CCC)CCC)=O)c1,Garaa{aa{G}ar}AA{DA{~B}araa{aa{ar}A{~B}D{AAA}AAA}AAB}A{B}A{DQs%}Aaraa{BA}aaar,31.62163113048341
BACE_394,S(=O)(=O)(N(c1cc(cc(c1)/C(=N/OC)/C)C(=O)NC([C@@H](O)C[NH2+]Cc1cc(OC)ccc1)Cc1cc(F)cc(F)c1)c1ccccc1)C,8.0,C(NC(=O)c1cc(/C(C)=N/OC)cc(N(c2ccccc2)S(=O)(=O)C)c1)(Cc1cc(F)cc(F)c1)[C@@H](O)C[NH2+]Cc1cc(OC)ccc1,E{~B}{~B}{D{araa{aa{ar}|A{~D|BA}|A}A{~B}DA{{A**Q}{B}A{DQs%}Aaraa{BA}aaar}Aaraa{G}aa{G}ar}araaaaar}A,31.62163113048341
BACE_395,Fc1cc(cc(F)c1)CC(NC(=O)c1cc(cc(Oc2ccccc2)c1)C(=O)N(CCC)CCC)C(O)C[NH2+]Cc1cc(OC)ccc1,8.0,c1cc(Oc2cc(C(=O)N(CCC)CCC)cc(C(=O)NC(C(C[NH2+]Cc3cccc(OC)c3)O)Cc3cc(F)cc(F)c3)c2)ccc1,Garaa{aa{G}ar}AA{DA{~B}araa{aa{Basaaaaas}ar}A{~B}D{AAA}AAA}A{B}A{DQs%}Aaraa{BA}aaar,31.62163113048341
BACE_396,Fc1cc(cc(F)c1)CC(NC(=O)c1cc(cc(Oc2ccc(OC)cc2)c1)C(=O)N(CCC)CCC)C(O)C[NH2+]Cc1cc(OC)ccc1,8.0,c1c(OC)cccc1C[NH2+]CC(C(NC(=O)c1cc(C(=O)N(CCC)CCC)cc(Oc2ccc(OC)cc2)c1)Cc1cc(F)cc(F)c1)O,Garaa{aa{G}ar}AA{DA{~B}araa{aa{Basaaa{BA}aas}ar}A{~B}D{AAA}AAA}A{B}A{DQs%}Aaraa{BA}aaar,31.62163113048341
BACE_397,S1(=O)(=O)N(c2cc(cc3n(cc(CC1)c23)CC)C(=O)N[C@H]([C@H](O)C[NH2+]C(CC)C)Cc1ccccc1)C,8.0,c1(C[C@@H]([C@@H](C[NH2+]C(CC)C)O)NC(=O)c2cc3n(CC)cc4c3c(c2)N(C)S(=O)(=O)CC4)ccccc1,Er{~B}{~B}D{asaa{aatd{aa{AAr}ast}AA}A{~B}D{A*Q}{{A*Q}{B}A{DQs%}A{AA}A}Aaraaaaar}A,31.62163113048341
BACE_398,Fc1ccc(cc1-c1cccnc1F)[C@@]1(N=C(N)N(C)C1=O)c1cc(C)c(OC)cc1,8.0,c1ccc(-c2cc([C@]3(c4cc(C)c(OC)cc4)N=C(N)N(C)C3=O)ccc2F)c(F)n1,Garaaa{aar_araaadarG}{A**}r{D~A{D}D{A}Ar~B}araa{A}a{BA}aar,31.62163113048341
BACE_399,S(=O)(=O)(N(C)c1cc(cc(c1)C(=O)NC(C(O)C[C@@H](C(=O)NC(C(C)C)C(=O)NCc1ccccc1)C)COc1cc(F)cc(F)c1)C(=O)NC(C)c1ccccc1)C,8.0,Fc1cc(F)cc(OCC(NC(c2cc(C(NC(C)c3ccccc3)=O)cc(N(C)S(=O)(=O)C)c2)=O)C(O)C[C@H](C)C(NC(C(=O)NCc2ccccc2)C(C)C)=O)c1,E{~B}{~B}{D{A}araa{aa{ar}A{~B}DA{A{B}A{A**Q}{A{~B}DA{A{A}A}A{~B}DAaraaaaar}A}ABaraa{G}aa{G}ar}A{~B}DA{A}araaaaar}A,31.62163113048341
BACE_400,Fc1ncccc1-c1cc(ccc1)C1(N=C(N)N(C)C1=O)c1cc(nc(c1)CC)CC,8.0,NC1=NC(c2cc(CC)nc(CC)c2)(c2cc(-c3cccnc3F)ccc2)C(=O)N1C,Gardaaaar_araa{aaar}Ar{D~A{D}D{A}Ar~B}araa{da{ar}AA}AA,31.62163113048341
BACE_401,Clc1ccc(N(S(=O)(=O)C)c2cc(ccc2)C(=O)NC(Cc2ccccc2)C(O)C[NH2+]C(C(=O)NC2CCCCC2)C)cc1,8.0,Clc1ccc(N(S(=O)(C)=O)c2cc(C(=O)NC(C(C[NH2+]C(C(NC3CCCCC3)=O)C)O)Cc3ccccc3)ccc2)cc1,Zaraaa{D{E{~B}{~B}A}asaa{aaas}A{~B}DA{Aasaaaaas}A{B}A{DQs%}A{A{~B}DAsAAAAAs}A}aar,31.62163113048341
BACE_402,Fc1ncccc1-c1cc(ccc1)[C@]1(N=C(N)N(C)C1=O)c1ccc(OC(F)F)cc1,8.0,c1([C@]2(c3cc(-c4cccnc4F)ccc3)N=C(N)N(C)C2=O)ccc(OC(F)F)cc1,Gardaaaar_araa{aaar}{A*}r{D~A{D}D{A}Ar~B}araaa{BA{G}G}aar,31.62163113048341
BACE_403,FCC#Cc1cc(ccc1)[C@]1(N=C(N)N(C)C1=O)c1ccc(OC(F)F)cc1,8.0,c1(C#CCF)cccc([C@@]2(c3ccc(OC(F)F)cc3)N=C(N)N(C)C2=O)c1,GAA^Aaraa{aaar}{A*}r{D~A{D}D{A}Ar~B}araaa{BA{G}G}aar,31.62163113048341
BACE_404,FCCC#Cc1cc(ccc1)[C@]1(N=C(N)N(C)C1=O)c1ccc(OC(F)F)cc1,8.0,c1(C#CCCF)cc([C@]2(c3ccc(OC(F)F)cc3)C(=O)N(C)C(N)=N2)ccc1,GAAA^Aaraa{aaar}{A*}r{D~A{D}D{A}Ar~B}araaa{BA{G}G}aar,31.62163113048341
BACE_405,FC(F)Oc1ccc(cc1)[C@@]1(N=C(N)N(C)C1=O)c1cc(ccc1)C#CCCO,8.0,C1(=O)N(C)C(N)=N[C@]1(c1ccc(OC(F)F)cc1)c1cccc(C#CCCO)c1,GA{G}Baraaa{aar}{A**}r{D~A{D}D{A}Ar~B}araa{aaar}A^AAAB,31.62163113048341
BACE_406,FC(F)Oc1ccc(cc1)[C@@]1(N=C(N)N(C)C1=O)c1cc(ccc1)C#CCCCCO,8.0,CN1C(=O)[C@](c2cc(C#CCCCCO)ccc2)(c2ccc(OC(F)F)cc2)N=C1N,GA{G}Baraaa{aar}{A**}r{D~A{D}D{A}Ar~B}araa{aaar}A^AAAAAB,31.62163113048341
BACE_407,Fc1ccc(cc1OCCCF)[C@]1(N=C(N)N(C)C1=O)c1ccc(OC(F)F)cc1,8.0,c1([C@]2(c3ccc(F)c(OCCCF)c3)N=C(N)N(C)C2=O)ccc(OC(F)F)cc1,Garaaa{aarBAAAG}{A*}r{D~A{D}D{A}Ar~B}araaa{BA{G}G}aar,31.62163113048341
BACE_408,FC(F)CCOc1cc(ccc1)[C@]1(N=C(N)N(C)C1=O)c1ccc(OC(F)F)cc1,8.0,c1c(OCCC(F)F)cccc1[C@]1(c2ccc(OC(F)F)cc2)C(=O)N(C)C(N)=N1,GA{G}AABaraa{aaar}{A*}r{D~A{D}D{A}Ar~B}araaa{BA{G}G}aar,31.62163113048341
BACE_409,Fc1cc(cc(F)c1)C[C@H](NC(=O)c1c2cccnc2n(c1)C(=O)N1CCC[C@@H]1COC)[C@H](O)C[NH2+]Cc1cc(OC)ccc1,8.0,C1[C@H](COC)N(C(n2c3ncccc3c(C(=O)N[C@H]([C@H](O)C[NH2+]Cc3cc(OC)ccc3)Cc3cc(F)cc(F)c3)c2)=O)CC1,Garaa{aa{G}ar}A{A*Q}{DA{~B}arasaaadasd{ar}A{~B}DrAAA{A**Q}rABA}{A*Q}{B}A{DQs%}Aaraa{BA}aaar,31.62163113048341
BACE_410,O1CCC(CC1)CNC(=O)C(Cc1cc2cc(ccc2nc1N)-c1ccccc1C)C,8.0,c1(-c2c(C)cccc2)cc2cc(CC(C)C(NCC3CCOCC3)=O)c(N)nc2cc1,BrAAA{AAr}ADA{~B}A{Aaraasaa{aaasdarD}_araaaaarA}A,31.62163113048341
BACE_411,Fc1cc(cc(F)c1)CC(NC(=O)C(N1CCC(NC(=O)C)(C(CC)C)C1=O)CCc1ccccc1)C(O)C1[NH2+]CC(OCc2ccc(F)cc2)C1,8.0,N(C1(C(C)CC)CCN(C(CCc2ccccc2)C(=O)NC(Cc2cc(F)cc(F)c2)C(O)C2CC(OCc3ccc(F)cc3)C[NH2+]2)C1=O)C(=O)C,Garaa{aa{G}ar}AA{DA{~B}A{DrAAA{DA{~B}A}{A{AA}A}Ar~B}AAaraaaaar}A{B}Ar{DQs%}AA{BAasaaa{G}aas}Ar,31.62163113048341
BACE_412,Fc1ncccc1-c1cc(ccc1)C1(N=C(N)N(C)C1=O)c1cn(nc1)CC,8.0,N1(C)C(N)=NC(c2cc(-c3cccnc3F)ccc2)(c2cnn(CC)c2)C1=O,Gardaaaar_araa{aaar}Ar{D~A{D}D{A}Ar~B}arad{dar}AA,31.62163113048341
BACE_413,Fc1ncccc1-c1cc(ccc1)C1(N=C(N)N(C)C1=O)c1cn(nc1)CCCC,8.0,NC1=NC(c2cc(-c3cccnc3F)ccc2)(c2cnn(CCCC)c2)C(=O)N1C,Gardaaaar_araa{aaar}Ar{D~A{D}D{A}Ar~B}arad{dar}AAAA,31.62163113048341
BACE_414,s1cc(cc1C(=O)CC)C1(N=C(N)N(C)C1=O)c1cc(ccc1)-c1cccnc1F,8.0,c1(-c2cccnc2F)cc(C2(c3cc(C(=O)CC)sc3)C(=O)N(C)C(N)=N2)ccc1,eraa{aarA{~B}AA}Ar{D~A{D}D{A}Ar~B}araa{aaar}_araaadarG,31.62163113048341
BACE_415,O1c2c(cc(cc2)-c2cc(cnc2)C#CC)C2(N=C(N)N(C)C2=O)CC1(C)C,8.0,c1ncc(-c2cc3c(cc2)OC(C)(C)CC32C(=O)N(C)C(N)=N2)cc1C#CC,Brasa{aa{aas}_asaa{adas}A^AA}As{D~A{D}D{A}As~B}AAr{A}A,31.62163113048341
BACE_416,S1(=O)CC(Cc2cc(OC(COC)C(F)(F)F)c(N)c(F)c2)C(O)C([NH2+]C(C)c2cc(ccc2)C(C)(C)C)C1,8.0,c1(N)c(F)cc(CC2C(O)C([NH2+]C(C)c3cccc(C(C)(C)C)c3)CS(=O)C2)cc1OC(COC)C(F)(F)F,Er{~B}AA{Aasaa{BA{ABA}A{G}{G}G}a{D}a{G}as}A{B}A{{DQs%}A{A}asaa{aaas}A{A}{A}A}Ar,31.62163113048341
BACE_417,S1(=O)CC(Cc2cc(OC(COC)C(F)(F)F)c(N)c(F)c2)C(O)C([NH2+]Cc2cc(ccc2F)C(C)(C)C)C1,8.0,Fc1c(C[NH2+]C2CS(=O)CC(Cc3cc(OC(C(F)(F)F)COC)c(N)c(F)c3)C2O)cc(C(C)(C)C)cc1,Er{~B}AA{Aasaa{BA{ABA}A{G}{G}G}a{D}a{G}as}A{B}A{{DQs%}Aasaa{aaasG}A{A}{A}A}Ar,31.62163113048341
BACE_418,Fc1ccc(cc1C(F)(F)F)CC(NC(=O)C)C(O)C[NH2+]C1CC2(Oc3ncc(cc13)CC(C)(C)C)CCC2,7.9586072,c1c(CC(C)(C)C)cc2c(n1)OC1(CC2[NH2+]CC(C(Cc2cc(C(F)(F)F)c(F)cc2)NC(C)=O)O)CCC1,Garaaa{aarA{G}{G}G}AA{DA{~B}A}A{B}A{DQs%}ArAAs{Batdaa{aart}AA{A}{A}A}AAAs,32.14044628295717
BACE_419,S(=O)(=O)(N(c1cc(ccc1)C(=O)N[C@H]([C@@H](O)C[NH2+]Cc1cc(OC)ccc1)Cc1cc(F)cc(F)c1)c1ccccc1)C,7.9586072,O=C(c1cc(N(S(=O)(C)=O)c2ccccc2)ccc1)N[C@@H](Cc1cc(F)cc(F)c1)[C@H](C[NH2+]Cc1cc(OC)ccc1)O,E{~B}{~B}{D{araa{aaar}A{~B}D{A*Q}{{A**Q}{B}A{DQs%}Aaraa{BA}aaar}Aaraa{G}aa{G}ar}araaaaar}A,32.14044628295717
BACE_420,S(=O)(=O)(c1cc(cc(c1)C(=O)NC(Cc1cc(F)cc(F)c1)C(O)C[NH2+]Cc1cc(OC)ccc1)C(=O)N(CCC)CCC)c1ccccc1,7.9586072,c1c(S(=O)(=O)c2ccccc2)cc(C(N(CCC)CCC)=O)cc1C(=O)NC(C(O)C[NH2+]Cc1cccc(OC)c1)Cc1cc(F)cc(F)c1,E{~B}{~B}{araa{aa{ar}A{~B}DA{Aaraa{G}aa{G}ar}A{B}A{DQs%}Aaraa{BA}aaar}A{~B}D{AAA}AAA}araaaaar,32.14044628295717
BACE_421,S1(=O)(=O)N(c2cc(cc3n(cc(CC1)c23)CC)C(=O)NC([C@H](O)C[NH2+]CC#C)Cc1ccccc1)C,7.9586072,C(C[NH2+]C[C@H](C(NC(=O)c1cc2c3c(c1)n(CC)cc3CCS(=O)(=O)N2C)Cc1ccccc1)O)#C,Er{~B}{~B}D{asaa{aatd{aa{AAr}ast}AA}A{~B}DA{{A*Q}{B}A{DQs%}AA^A}Aaraaaaar}A,32.14044628295717
BACE_422,S(=O)(=O)(N(c1cc(ccc1)C(=O)NC(Cc1ccccc1)C(O)C[NH2+]C(C(=O)NC1CCCCC1)C)c1ccc(OC)cc1)C,7.9586072,c1cc(N(S(=O)(=O)C)c2cccc(C(=O)NC(Cc3ccccc3)C(C[NH2+]C(C)C(=O)NC3CCCCC3)O)c2)ccc1OC,E{~B}{~B}{D{araa{aaar}A{~B}DA{Aaraaaaar}A{B}A{DQs%}A{A{~B}DArAAAAAr}A}araaa{BA}aar}A,32.14044628295717
BACE_423,Clc1cc(N(S(=O)(=O)C)c2cc(ccc2)C(=O)NC(Cc2ccccc2)C(O)C[NH2+]C(C(=O)NC2CCCCC2)C)cc(Cl)c1,7.9586072,S(=O)(C)(N(c1cccc(C(=O)NC(C(C[NH2+]C(C(=O)NC2CCCCC2)C)O)Cc2ccccc2)c1)c1cc(Cl)cc(Cl)c1)=O,Zaraa{D{E{~B}{~B}A}asaa{aaas}A{~B}DA{Aasaaaaas}A{B}A{DQs%}A{A{~B}DAsAAAAAs}A}aa{Z}ar,32.14044628295717
BACE_424,Clc1cccnc1-c1cc2cc(CC(C(=O)NCCC(C)(C)C)C)c(nc2cc1)N,7.9586072,c12ccc(-c3ncccc3Cl)cc1cc(CC(C(NCCC(C)(C)C)=O)C)c(N)n2,Zaraaadar_araasaa{AA{A{~B}DAAA{A}{A}A}A}a{dasaar}D,32.14044628295717
BACE_425,O(C)c1cc(ccc1)C[NH2+]CC(O)C(NC(=O)C(N1CCC(NC(=O)C)(CC2CC2)C1=O)CCc1ccccc1)Cc1ccccc1,7.9586072,O=C(C)NC1(CC2CC2)CCN(C(CCc2ccccc2)C(NC(Cc2ccccc2)C(O)C[NH2+]Cc2cc(OC)ccc2)=O)C1=O,B{A}araa{aaar}A{DQs%}AA{B}A{DA{~B}A{DrAAA{DA{~B}A}{AAsAAs}Ar~B}AAaraaaaar}Aaraaaaar,32.14044628295717
BACE_426,S1(=O)(=O)CC(Cc2cc(OC3CCC3)c(N)c(F)c2)C(O)C([NH2+]Cc2cc(ccc2)C(C)(C)C)C1,7.9586072,CC(c1cc(C[NH2+]C2CS(=O)(=O)CC(Cc3cc(OC4CCC4)c(N)c(F)c3)C2O)ccc1)(C)C,Er{~B}{~B}AA{Aasaa{BAtAAAt}a{D}a{G}as}A{B}A{{DQs%}Aasaa{aaas}A{A}{A}A}Ar,32.14044628295717
BACE_427,Fc1c(cccc1C#C)CC(NC(=O)COC)C(O)C[NH2+]C1CC2(Oc3ncc(cc13)CC(C)(C)C)CCC2,7.9586072,c12c(cc(CC(C)(C)C)cn1)C([NH2+]CC(O)C(NC(=O)COC)Cc1c(F)c(C#C)ccc1)CC1(O2)CCC1,Gara{aaaarA^A}AA{DA{~B}ABA}A{B}A{DQs%}ArAAs{Batdaa{aart}AA{A}{A}A}AAAs,32.14044628295717
BACE_428,s1ccnc1-c1cc(ccc1)CC(NC(=O)CC)C(O)C[NH2+]C1CC2(Oc3ncc(cc13)CC(C)(C)C)CCC2,7.9586072,c1c(-c2nccs2)cccc1CC(NC(CC)=O)C(C[NH2+]C1c2cc(CC(C)(C)C)cnc2OC2(CCC2)C1)O,eraadar_araa{aaar}AA{DA{~B}AA}A{B}A{DQs%}ArAAs{Batdaa{aart}AA{A}{A}A}AAAs,32.14044628295717
BACE_429,S(=O)(=O)(N(c1cc(cc(c1)/C(=N\OCc1ccccc1)/C)C(=O)N[C@H]([C@@H](O)C[NH2+]Cc1cc(OC)ccc1)Cc1cc(F)cc(F)c1)c1ccccc1)C,7.9208188,S(=O)(C)(N(c1ccccc1)c1cc(/C(=N\OCc2ccccc2)C)cc(C(N[C@@H](Cc2cc(F)cc(F)c2)[C@H](C[NH2+]Cc2cccc(OC)c2)O)=O)c1)=O,E{~B}{~B}{D{araa{aa{ar}|A{~D!BAaraaaaar}|A}A{~B}D{A*Q}{{A**Q}{B}A{DQs%}Aaraa{BA}aaar}Aaraa{G}aa{G}ar}araaaaar}A,32.61408407763982
BACE_430,S(=O)(=O)(c1cc(cc(c1)C(=O)NC(Cc1cc(F)cc(F)c1)C(O)C[NH2+]Cc1cc(OC)ccc1)C(=O)N(CCC)CCC)c1ccc(OC)cc1,7.9208188,O=C(N(CCC)CCC)c1cc(C(=O)NC(C(O)C[NH2+]Cc2cc(OC)ccc2)Cc2cc(F)cc(F)c2)cc(S(c2ccc(OC)cc2)(=O)=O)c1,E{~B}{~B}{araa{aa{ar}A{~B}DA{Aaraa{G}aa{G}ar}A{B}A{DQs%}Aaraa{BA}aaar}A{~B}D{AAA}AAA}araaa{BA}aar,32.61408407763982
BACE_431,Fc1ccc(cc1C#CCOC)[C@]1(N=C(N)N(C)C1=O)c1ccc(OC(F)F)cc1,7.9208188,c1(OC(F)F)ccc([C@]2(c3ccc(F)c(C#CCOC)c3)N=C(N)N(C)C2=O)cc1,Garaaa{aarA^AABA}{A*}r{D~A{D}D{A}Ar~B}araaa{BA{G}G}aar,32.61408407763982
BACE_432,Fc1cc(cc(F)c1)C[C@H](NC(=O)c1c2cccnc2n(c1)C(=O)N1CCC[C@@H]1COCC)[C@H](O)C[NH2+]Cc1cc(OC)ccc1,7.9208188,c1(C(=O)N[C@H]([C@H](O)C[NH2+]Cc2cccc(OC)c2)Cc2cc(F)cc(F)c2)c2c(nccc2)n(C(N2[C@@H](COCC)CCC2)=O)c1,Garaa{aa{G}ar}A{A*Q}{DA{~B}arasaaadasd{ar}A{~B}DrAAA{A**Q}rABAA}{A*Q}{B}A{DQs%}Aaraa{BA}aaar,32.61408407763982
BACE_433,Clc1ccc(nc1)C(=O)Nc1cc(C2(N=C(N)N(CC2)C)C)c(F)cc1,7.9208188,N1=C(N)N(C)CCC1(C)c1cc(NC(=O)c2ncc(Cl)cc2)ccc1F,Zaraaa{dar}A{~B}Daraa{As{D~A{D}D{AAs}A}A}a{G}aar,32.61408407763982
BACE_434,S1(=O)CC(Cc2cc(OC(COC)C(F)(F)F)c(N)c(F)c2)C(O)C([NH2+]Cc2cc(ccc2)C(CO)(C)C)C1,7.9208188,COCC(Oc1c(N)c(F)cc(CC2C(O)C([NH2+]Cc3cccc(C(C)(C)CO)c3)CS(=O)C2)c1)C(F)(F)F,Er{~B}AA{Aasaa{BA{ABA}A{G}{G}G}a{D}a{G}as}A{B}A{{DQs%}Aasaa{aaas}A{AB}{A}A}Ar,32.61408407763982
BACE_435,Fc1c2c(ccc1)C(N=C2N)(C=1C=C(C)C(=O)N(C=1)CC)c1cc(ccc1)-c1cc(F)cnc1,7.8894105,n1cc(-c2cc(C3(c4cc(C)c(=O)n(CC)c4)N=C(N)c4c(F)cccc43)ccc2)cc(F)c1,Garasa{aaar}A{D~AsD}{A~rA~A{A}A{~B}D{A~r}AA}araa{aaar}_araa{G}adar,33.00775403844078
BACE_436,S(c1cc(cc(c1)C(=O)NC(Cc1cc(F)cc(F)c1)C(O)C[NH2+]Cc1cc(OC)ccc1)C(=O)N(CCC)CCC)c1ccccc1,7.8860564,COc1cccc(C[NH2+]CC(O)C(Cc2cc(F)cc(F)c2)NC(=O)c2cc(C(N(CCC)CCC)=O)cc(Sc3ccccc3)c2)c1,E{araa{aa{ar}A{~B}DA{Aaraa{G}aa{G}ar}A{B}A{DQs%}Aaraa{BA}aaar}A{~B}D{AAA}AAA}araaaaar,33.04979414935167
BACE_437,S1(=O)(=O)N(c2cc(cc3n(cc(CC1)c23)CC)C(=O)NC(Cc1ccccc1)C(=O)C[NH2+]C1CCOCC1)C,7.8860564,O=C(c1cc2c3c(cn(CC)c3c1)CCS(=O)(=O)N2C)NC(Cc1ccccc1)C(C[NH2+]C1CCOCC1)=O,Er{~B}{~B}D{asaa{aatd{aa{AAr}ast}AA}A{~B}DA{Aaraaaaar}A{~B}A{DQs%}ArAABAAr}A,33.04979414935167
BACE_438,S(=O)(=O)(N(c1cc(cc(c1)C(=O)NC(Cc1ccccc1)C(O)C[NH2+]Cc1cc(ccc1)C(F)(F)F)-c1ccccc1)c1ccccc1)C,7.8860564,FC(c1cc(C[NH2+]CC(C(NC(c2cc(-c3ccccc3)cc(N(c3ccccc3)S(=O)(C)=O)c2)=O)Cc2ccccc2)O)ccc1)(F)F,E{~B}{~B}{D{araa{aa{ar}A{~B}DA{Aaraaaaar}A{B}A{DQs%}Aaraa{aaar}A{G}{G}G}_araaaaar}araaaaar}A,33.04979414935167
BACE_439,Fc1ccc(cc1C#CCOC)[C@]1(N=C(N)N(C)C1=O)c1cc(C)c(OC(F)F)cc1,7.8860564,NC1=N[C@](c2ccc(OC(F)F)c(C)c2)(c2ccc(F)c(C#CCOC)c2)C(=O)N1C,Garaaa{aarA^AABA}{A*}r{D~A{D}D{A}Ar~B}araa{A}a{BA{G}G}aar,33.04979414935167
BACE_440,Fc1cc(cc(F)c1)CC(NC(=O)c1c2cc(F)ccc2n(c1)C(=O)N(CCCC)C)C(O)C[NH2+]Cc1cc(OC)ccc1,7.8860564,C(C(NC(=O)c1cn(C(N(CCCC)C)=O)c2ccc(F)cc21)Cc1cc(F)cc(F)c1)(O)C[NH2+]Cc1cc(OC)ccc1,Garaa{aa{G}ar}AA{DA{~B}arasaa{G}aaasd{ar}A{~B}D{AAAA}A}A{B}A{DQs%}Aaraa{BA}aaar,33.04979414935167
BACE_441,FC1(F)COC(=NC1(C)c1cc(NC(=O)c2ncc(OCC#C)nc2)ccc1F)N,7.8860564,c1c(OCC#C)ncc(C(Nc2cc(C3(C)N=C(N)OCC3(F)F)c(F)cc2)=O)n1,GAr{G}ABA{~DAr{A}araa{DA{~B}asdaa{BAA^A}das}aaarG}D,33.04979414935167
BACE_442,S1(=O)CC(Cc2cc(OC(COC)C(F)(F)F)c(N)c(F)c2)C(O)C([NH2+]Cc2cc(ccc2)C(O)(C)C)C1,7.8860564,O=S1CC(Cc2cc(OC(C(F)(F)F)COC)c(N)c(F)c2)C(O)C([NH2+]Cc2cc(C(C)(O)C)ccc2)C1,Er{~B}AA{Aasaa{BA{ABA}A{G}{G}G}a{D}a{G}as}A{B}A{{DQs%}Aasaa{aaas}A{B}{A}A}Ar,33.04979414935167
BACE_443,FC1(F)CN2C(=NC1)C(N=C2N)(c1cc(ccc1)-c1cc(OC)cnc1)c1ccc(OC(F)F)cc1,7.8600001,FC1(F)CN=C2C(c3cccc(-c4cncc(OC)c4)c3)(c3ccc(OC(F)F)cc3)N=C(N)N2C1,GAr{G}ADsA{~DAr}A{D~AsD}{araa{aaar}_araa{BA}adar}araaa{BA{G}G}aar,33.3763824269604
BACE_444,FC(F)(F)Oc1ccc(cc1)CC(NC(=O)C)C(O)C[NH2+]C1CC2(Oc3ncc(cc13)CC(C)(C)C)CCC2,7.8538718,C1([NH2+]CC(C(NC(C)=O)Cc2ccc(OC(F)(F)F)cc2)O)CC2(CCC2)Oc2c1cc(CC(C)(C)C)cn2,GA{G}{G}Baraaa{aar}AA{DA{~B}A}A{B}A{DQs%}ArAAs{Batdaa{aart}AA{A}{A}A}AAAs,33.45319421304166
BACE_445,S1(=O)(=O)Nc2cc(cc3c2n(cc3CC)CC1)C(=O)NC([C@H](O)C[NH2+]Cc1cc(OC)ccc1)Cc1ccccc1,7.8538718,c1(OC)cccc(C[NH2+]C[C@H](C(NC(c2cc3c4c(c(CC)cn4CCS(=O)(=O)N3)c2)=O)Cc2ccccc2)O)c1,Er{~B}{~B}Dasaa{aatasd{aatAA}AAr}A{~B}DA{{A*Q}{B}A{DQs%}Aaraa{BA}aaar}Aaraaaaar,33.45319421304166
BACE_446,Fc1cc(cc(F)c1)CC(NC(=O)C)C(O)C[NH2+]C1(CCc2nc(ncc2C1)N)c1cc(ccc1)C(C)(C)C,7.8538718,c1c(F)cc(F)cc1CC(NC(C)=O)C(O)C[NH2+]C1(c2cc(C(C)(C)C)ccc2)CCc2nc(N)ncc2C1,Garaa{aa{G}ar}AA{DA{~B}A}A{B}A{DQs%}Ar{AAasda{daasAr}D}araa{aaar}A{A}{A}A,33.45319421304166
BACE_447,S(=O)(=O)(CC)c1cc(cc(N(S(=O)(=O)C)c2ccccc2)c1)C(=O)NC(Cc1ccccc1)C(O)C[NH2+]Cc1cc(ccc1)C(F)(F)F,7.8538718,c1c(C(NC(C(O)C[NH2+]Cc2cccc(C(F)(F)F)c2)Cc2ccccc2)=O)cc(N(S(C)(=O)=O)c2ccccc2)cc1S(CC)(=O)=O,E{~B}{~B}{AA}araa{aa{D{E{~B}{~B}A}asaaaaas}ar}A{~B}DA{Aaraaaaar}A{B}A{DQs%}Aaraa{aaar}A{G}{G}G,33.45319421304166
BACE_449,S(=O)(=O)(N(C)c1cc2cc(c1)C(=O)NCC\C=C\COCC(NC2=O)C(O)C[NH2+]Cc1cc(ccc1)C(C)C)C,7.8538718,N1C(=O)c2cc(N(C)S(=O)(C)=O)cc(c2)C(=O)NCC/C=C/COCC1C(O)C[NH2+]Cc1cc(C(C)C)ccc1,E{~B}{~B}{D{A}araasaa{ar}A{~B}DAA!A~A!ABAA{DAs~B}A{B}A{DQs%}Aaraa{aaar}A{A}A}A,33.45319421304166
BACE_450,Clc1ccc(nc1)C(=O)Nc1cc(C2(N=C(OCCC2)N)C)c(F)cc1,7.8538718,C(c1ncc(Cl)cc1)(Nc1cc(C2(C)CCCOC(N)=N2)c(F)cc1)=O,Zaraaa{dar}A{~B}Daraa{As{D~A{BAAAs}D}A}a{G}aar,33.45319421304166
BACE_451,S1(=O)(=O)N(c2cc(cc3c2n(cc3CC)CC1)C(=O)NC(Cc1ccccc1)C(O)C[NH2+]C1CCOCC1)C,7.8239088,c1(CC(C(O)C[NH2+]C2CCOCC2)NC(=O)c2cc3c4c(c2)c(CC)cn4CCS(=O)(=O)N3C)ccccc1,Er{~B}{~B}D{asaa{aatasd{aatAA}AAr}A{~B}DA{Aaraaaaar}A{B}A{DQs%}ArAABAAr}A,33.82874886055457
BACE_452,S1(=O)(=O)N(c2cc(cc3c2n(cc3CC)CC1)C(=O)NC(Cc1ccccc1)C(O)C[NH2+]C)C,7.8239088,C1S(=O)(=O)N(C)c2cc(C(=O)NC(Cc3ccccc3)C(O)C[NH2+]C)cc3c(CC)cn(c32)C1,Er{~B}{~B}D{asaa{aatasd{aatAA}AAr}A{~B}DA{Aaraaaaar}A{B}A{DQs%}A}A,33.82874886055457
BACE_453,S(=O)(=O)(N(c1ccccc1)c1nccc(c1)C(=O)NC(Cc1ccccc1)C(O)C[NH2+]Cc1cc(ccc1)C(F)(F)F)C,7.8239088,c1c(C(F)(F)F)cc(C[NH2+]CC(O)C(NC(=O)c2ccnc(N(S(C)(=O)=O)c3ccccc3)c2)Cc2ccccc2)cc1,E{~B}{~B}{D{araaaaar}ardaaa{ar}A{~B}DA{Aaraaaaar}A{B}A{DQs%}Aaraa{aaar}A{G}{G}G}A,33.82874886055457
BACE_454,O=C(C)c1ccccc1-c1cc2cc(CC(C(=O)NCCC(C)(C)C)C)c(nc2cc1)N,7.8239088,C(c1ccccc1-c1cc2cc(CC(C)C(NCCC(C)(C)C)=O)c(N)nc2cc1)(=O)C,B~A{A}araaaaar_araasaa{AA{A{~B}DAAA{A}{A}A}A}a{dasaar}D,33.82874886055457
BACE_455,s1cc(cc1C(=O)CC)C1(N=C(N)N(C)C1=O)c1cc(ccc1)-c1cncnc1,7.8239088,n1cncc(-c2cccc(C3(c4csc(C(=O)CC)c4)C(=O)N(C)C(N)=N3)c2)c1,eraa{aarA{~B}AA}Ar{D~A{D}D{A}Ar~B}araa{aaar}_aradadar,33.82874886055457
BACE_456,O1c2ncc(cc2C([NH2+]CC(O)C(NC(=O)COC)Cc2cc(ccc2)C#CC)CC12CCC2)CC(C)(C)C,7.8239088,c1c(CC(NC(=O)COC)C(C[NH2+]C2CC3(CCC3)Oc3ncc(CC(C)(C)C)cc32)O)cc(C#CC)cc1,Brasdaa{aasA{{DQs%}AA{B}A{DA{~B}ABA}Aasaa{aaas}A^AA}AArsAAAs}AA{A}{A}A,33.82874886055457
BACE_457,S(=O)(=O)(N(C)c1cc2cc(c1)C(=O)NCC\C=C\COCC(NC2=O)C(O)C[NH2+]Cc1cc(ccc1)C(C)(C)C)C,7.8239088,C([NH2+]CC(O)C1NC(=O)c2cc(N(C)S(C)(=O)=O)cc(c2)C(=O)NCC/C=C/COC1)c1cccc(C(C)(C)C)c1,E{~B}{~B}{D{A}araasaa{ar}A{~B}DAA!A~A!ABAA{DAs~B}A{B}A{DQs%}Aaraa{aaar}A{A}{A}A}A,33.82874886055457
BACE_458,Clc1ccc(nc1)C(=O)Nc1cc(ccc1)C1(N=C(N)N(C)C(=O)C1)C,7.8239088,O=C(Nc1cc(C2(C)N=C(N)N(C)C(=O)C2)ccc1)c1ncc(Cl)cc1,Zaraaa{dar}A{~B}Daraa{aaar}Ar{D~A{D}D{A}A{~B}Ar}A,33.82874886055457
BACE_459,Fc1c2c(ccc1)C(N=C2N)(C=1C=C(C)C(=O)N(C=1)CC)c1cc(ccc1)-c1cncnc1,7.8096681,c1c(-c2cc(C3(c4cc(C)c(=O)n(CC)c4)c4c(c(F)ccc4)C(N)=N3)ccc2)cncn1,Garasa{aaar}A{D~AsD}{A~rA~A{A}A{~B}D{A~r}AA}araa{aaar}_aradadar,34.00724103653284
BACE_460,Fc1cc(cc(F)c1)CC(NC(=O)c1cc(cc(c1)C(=O)N(CCC)CCC)CC(O)C)C(O)C[NH2+]Cc1cc(OC)ccc1,7.7958798,C(Cc1cc(F)cc(F)c1)(NC(c1cc(CC(O)C)cc(C(N(CCC)CCC)=O)c1)=O)C(O)C[NH2+]Cc1cccc(OC)c1,Garaa{aa{G}ar}AA{DA{~B}araa{aa{ar}A{~B}D{AAA}AAA}AA{B}A}A{B}A{DQs%}Aaraa{BA}aaar,34.18006285498566
BACE_461,O=C(NCC1CCCCC1)C(Cc1cc2cc(ccc2nc1N)-c1ccccc1C)CC,7.7958798,c1c(-c2ccccc2C)ccc2nc(N)c(CC(CC)C(NCC3CCCCC3)=O)cc12,B~A{DAArAAAAAr}A{Aaraasaa{aaasdarD}_araaaaarA}AA,34.18006285498566
BACE_462,O=C(NCCC(C)(C)C)C(Cc1cc2cc(ccc2nc1N)-c1ncccc1C)C,7.7958798,n1c(N)c(CC(C)C(NCCC(C)(C)C)=O)cc2c1ccc(-c1ncccc1C)c2,B~A{DAAA{A}{A}A}A{Aaraasaa{aaasdarD}_ardaaaarA}A,34.18006285498566
BACE_463,Fc1cc(cc(F)c1)CC(NC(=O)C(N1CCC(C(O)CCC)C1=O)CCc1ccccc1)C(O)C1[NH2+]CC(O)C1,7.7958798,C1N(C(C(NC(C(C2[NH2+]CC(O)C2)O)Cc2cc(F)cc(F)c2)=O)CCc2ccccc2)C(=O)C(C(CCC)O)C1,Garaa{aa{G}ar}AA{DA{~B}A{DrAAA{A{B}AAA}Ar~B}AAaraaaaar}A{B}Ar{DQs%}AA{B}Ar,34.18006285498566
BACE_464,Fc1ncccc1-c1cc(ccc1)C1(N=C(N)N(C)C1=O)c1cn(nc1)CCC(C)C,7.7958798,N1=C(N)N(C)C(=O)C1(c1cccc(-c2cccnc2F)c1)c1cnn(CCC(C)C)c1,Gardaaaar_araa{aaar}Ar{D~A{D}D{A}Ar~B}arad{dar}AAA{A}A,34.18006285498566
BACE_465,s1ccnc1-c1cc(ccc1)CC(NC(=O)C(OCC)C)C(O)C[NH2+]C1CC2(Oc3ncc(cc13)CC(C)(C)C)CCC2,7.7958798,C1C2(CCC2)Oc2ncc(CC(C)(C)C)cc2C1[NH2+]CC(C(Cc1cccc(-c2sccn2)c1)NC(C(C)OCC)=O)O,eraadar_araa{aaar}AA{DA{~B}A{BAA}A}A{B}A{DQs%}ArAAs{Batdaa{aart}AA{A}{A}A}AAAs,34.18006285498566
BACE_466,S(=O)(=O)(N(C)c1cc2cc(c1)C(=O)NCCCCCOCC(NC2=O)C(O)C[NH2+]Cc1cc(ccc1)C(C)C)C,7.7958798,CN(c1cc2cc(c1)C(=O)NC(C(O)C[NH2+]Cc1cccc(C(C)C)c1)COCCCCCNC2=O)S(C)(=O)=O,E{~B}{~B}{D{A}araasaa{ar}A{~B}DAAAAABAA{DAs~B}A{B}A{DQs%}Aaraa{aaar}A{A}A}A,34.18006285498566
BACE_467,O1CC2(N=C1N)c1cc(ccc1Oc1c2cc(cc1)CCC)-c1cncnc1,7.7958798,n1cncc(-c2cc3c(cc2)Oc2c(cc(CCC)cc2)C32COC(N)=N2)c1,BrAAs{D~ArD}araa{aaarBarasaa{aar}AAA}_aradadar,34.18006285498566
BACE_468,S(=O)(=O)(N(c1cc(cc(c1)C(=O)N[C@H]([C@@H](O)C[NH2+]Cc1cc(OC)ccc1)Cc1cc(F)cc(F)c1)C(=O)C)c1ccccc1)C,7.7695513,c1ccc(N(S(=O)(C)=O)c2cc(C(=O)N[C@@H](Cc3cc(F)cc(F)c3)[C@H](C[NH2+]Cc3cccc(OC)c3)O)cc(C(C)=O)c2)cc1,E{~B}{~B}{D{araa{aa{ar}A{~B}D{A*Q}{{A**Q}{B}A{DQs%}Aaraa{BA}aaar}Aaraa{G}aa{G}ar}A{~B}A}araaaaar}A,34.5100628729092
BACE_469,O1CCCCOc2nc(cc(c2)C(=O)NC(Cc2cc1ccc2)C(O)C[NH2+]C1(CC1)c1cc(ccc1)C(C)C)C,7.7695513,c12cc(C)nc(c1)OCCCCOc1cc(ccc1)CC(C(O)C[NH2+]C1(c3cccc(C(C)C)c3)CC1)NC2=O,BrAAAABasda{aa{as}A{~B}DA{Aasaaraaas}A{B}A{DQs%}Ar{AAr}araa{aaar}A{A}A}A,34.5100628729092
BACE_470,Fc1cc(cc(F)c1)CC(NC(=O)C(N1CCC(NC(=O)C)(C(CC)C)C1=O)CCc1ccccc1)C(O)C1[NH2+]Cc2c(C1)cccc2OCCC,7.7695513,C1c2c(OCCC)cccc2CC(C(C(NC(=O)C(CCc2ccccc2)N2C(=O)C(NC(C)=O)(C(C)CC)CC2)Cc2cc(F)cc(F)c2)O)[NH2+]1,Garaa{aa{G}ar}AA{DA{~B}A{DrAAA{DA{~B}A}{A{AA}A}Ar~B}AAaraaaaar}A{B}Ar{DQs%}Aasa{Ar}aaaasBAAA,34.5100628729092
BACE_471,Clc1cc(C)c(nc1)C(=O)Nc1cc(C2(N=C(OCC2(F)F)N)C)c(F)cc1,7.7695513,C1(N)=NC(C)(c2c(F)ccc(NC(c3c(C)cc(Cl)cn3)=O)c2)C(F)(F)CO1,Zaraa{A}a{dar}A{~B}Daraa{As{D~A{BAAs{G}G}D}A}a{G}aar,34.5100628729092
BACE_472,S1(=O)(=O)N(CCCC1)c1cc(cc(NCC)c1OC)C(=O)NC(Cc1ccccc1)C(O)C[NH2+]Cc1cc(ccc1)C(F)(F)F,7.7447276,C(C(C(O)C[NH2+]Cc1cc(C(F)(F)F)ccc1)NC(c1cc(NCC)c(OC)c(N2CCCCS2(=O)=O)c1)=O)c1ccccc1,Er{~B}{~B}D{AAAAr}araa{aa{DAA}arBA}A{~B}DA{Aaraaaaar}A{B}A{DQs%}Aaraa{aaar}A{G}{G}G,34.82120180771098
BACE_473,S1(=O)(=O)N(CCCC1)c1cc(cc(NCC)c1)C(=O)NC(Cc1ccccc1)C(O)C[NH2+]C1CCc2c1cc(OC)cc2,7.7447276,C1S(=O)(=O)N(c2cc(C(NC(C(C[NH2+]C3CCc4c3cc(OC)cc4)O)Cc3ccccc3)=O)cc(NCC)c2)CCC1,Er{~B}{~B}D{AAAAr}araa{aa{DAA}ar}A{~B}DA{Aaraaaaar}A{B}A{DQs%}ArAAasaraa{BA}aas,34.82120180771098
BACE_474,Fc1cc(cc(F)c1)CC(NC(=O)C)C(O)C[NH2+]C1(CC(=O)NCC1)c1cc(ccc1)C(C)(C)C,7.7447276,c1(F)cc(CC(NC(=O)C)C(O)C[NH2+]C2(c3cccc(C(C)(C)C)c3)CCNC(=O)C2)cc(F)c1,Garaa{aa{G}ar}AA{DA{~B}A}A{B}A{DQs%}Ar{AA{~B}DAAr}araa{aaar}A{A}{A}A,34.82120180771098
BACE_475,S(=O)(=O)(N(c1cc(ccc1)C(=O)NC(Cc1ccccc1)C(O)C[NH2+]C(C(=O)NC1CCCCC1)C)c1cc(OC)ccc1)C,7.7447276,C1CCCCC1NC(=O)C([NH2+]CC(C(Cc1ccccc1)NC(c1cccc(N(c2cc(OC)ccc2)S(C)(=O)=O)c1)=O)O)C,E{~B}{~B}{D{araa{aaar}A{~B}DA{Aaraaaaar}A{B}A{DQs%}A{A{~B}DArAAAAAr}A}araa{BA}aaar}A,34.82120180771098
BACE_476,S(=O)(=O)(N(C)c1cc2cc(c1)C(=O)NCCCCCCOCC(NC2=O)C(O)C[NH2+]Cc1cc(ccc1)C(C)C)C,7.7447276,C1C(C(O)C[NH2+]Cc2cccc(C(C)C)c2)NC(=O)c2cc(cc(N(C)S(=O)(C)=O)c2)C(=O)NCCCCCCO1,E{~B}{~B}{D{A}araasaa{ar}A{~B}DAAAAAABAA{DAs~B}A{B}A{DQs%}Aaraa{aaar}A{A}A}A,34.82120180771098
BACE_477,O=C1N(C)C(=NC12CC(Cc1c2cc(cc1)-c1cc(ccc1)C#N)(C)C)N,7.7447276,CN1C(=O)C2(N=C1N)c1cc(-c3cccc(C#N)c3)ccc1CC(C)(C)C2,B~ArD{A}A{~DArsAA{Aarasaa{aar}_araa{aaar}A^D}{A}A}D,34.82120180771098
BACE_478,S1(=O)CC(Cc2cc(OC(COC)C(F)(F)F)c(N)c(F)c2)C(O)C([NH2+]Cc2cc(ccc2)C(C)C)C1,7.7447276,c1(CC2CS(=O)CC([NH2+]Cc3cccc(C(C)C)c3)C2O)cc(OC(COC)C(F)(F)F)c(N)c(F)c1,Er{~B}AA{Aasaa{BA{ABA}A{G}{G}G}a{D}a{G}as}A{B}A{{DQs%}Aasaa{aaas}A{A}A}Ar,34.82120180771098
BACE_479,O1c2ncc(cc2C([NH2+]CC(O)C(NC(=O)C)Cc2cc(OC)c(OC)cc2)CC12CCC2)CC(C)(C)C,7.7399287,COc1c(OC)cc(CC(NC(C)=O)C(C[NH2+]C2CC3(Oc4ncc(CC(C)(C)C)cc42)CCC3)O)cc1,Brasdaa{aasA{{DQs%}AA{B}A{DA{~B}A}Aasaa{BA}a{BA}aas}AArsAAAs}AA{A}{A}A,34.88135096493654
BACE_480,FC(F)(F)c1cc(ccc1)C[NH2+]CC(O)C(NC(=O)c1cc(N2CCCC2=O)c2ncn(c2c1)CC)Cc1ccccc1,7.7212462,C1(=O)N(c2c3ncn(CC)c3cc(C(NC(Cc3ccccc3)C(C[NH2+]Cc3cccc(C(F)(F)F)c3)O)=O)c2)CCC1,GA{G}{G}araa{aaar}A{DQs%}AA{B}A{DA{~B}araa{DsAAAAs~B}asdad{asar}AA}Aaraaaaar,35.11551642574352
BACE_481,S1(=O)(=O)N(c2c(CCC1)c(NCC)cc(c2)C(=O)NC(Cc1ccccc1)C(O)C[NH2+]Cc1cc(ccc1)C(F)(F)F)C,7.7212462,c12c(cc(C(=O)NC(Cc3ccccc3)C(C[NH2+]Cc3cc(C(F)(F)F)ccc3)O)cc1NCC)N(C)S(=O)(=O)CCC2,Er{~B}{~B}D{asa{AAAr}a{DAA}aa{as}A{~B}DA{Aaraaaaar}A{B}A{DQs%}Aaraa{aaar}A{G}{G}G}A,35.11551642574352
BACE_482,Fc1cc(cc(F)c1)CC(NC(=O)C)C(O)C[NH2+]C1(CCC(NO)CC1)c1cc(ccc1)C(C)(C)C,7.7212462,C1CC(NO)CCC1([NH2+]CC(O)C(NC(=O)C)Cc1cc(F)cc(F)c1)c1cc(C(C)(C)C)ccc1,Garaa{aa{G}ar}AA{DA{~B}A}A{B}A{DQs%}Ar{AAA{DB}AAr}araa{aaar}A{A}{A}A,35.11551642574352
BACE_483,O1CCCCNc2cc(N3C=COC3)cc(c2)C(=O)NC(Cc2cc1ccc2)C(O)C[NH2+]Cc1cc(ccc1)C(C)C,7.7212462,C(O)(C1NC(=O)c2cc(cc(N3COC=C3)c2)NCCCCOc2cc(ccc2)C1)C[NH2+]Cc1cccc(C(C)C)c1,BrAAAADasaa{DtA~ABAt}aa{as}A{~B}DA{Aasaaraaas}A{B}A{DQs%}Aaraa{aaar}A{A}A,35.11551642574352
BACE_484,Fc1cc(cc(F)c1)CC(NC(=O)C(N1CCC(CCCC)C1=O)CCc1ccccc1)C(O)C1[NH2+]CC(OCCC)C1,7.7212462,c1cc(CCC(N2C(=O)C(CCCC)CC2)C(=O)NC(C(O)C2CC(OCCC)C[NH2+]2)Cc2cc(F)cc(F)c2)ccc1,Garaa{aa{G}ar}AA{DA{~B}A{DrAAA{AAAA}Ar~B}AAaraaaaar}A{B}Ar{DQs%}AA{BAAA}Ar,35.11551642574352
BACE_485,Clc1cc(cnc1)-c1cc2c(OC(CC23N=C(N)N(C)C3=O)(C)C)cc1,7.7212462,c1c(Cl)cncc1-c1ccc2c(c1)C1(N=C(N)N(C)C1=O)CC(C)(C)O2,Zaraa{adar}_araasa{BA{AAstD~A{D}D{A}At~B}{A}A}aar,35.11551642574352
BACE_486,Clc1cn(nc1C(=O)Nc1cc(C2(N=C(OCC2(F)F)N)C)c(F)cc1)C(F)F,7.7212462,N1=C(N)OCC(F)(F)C1(c1c(F)ccc(NC(=O)c2nn(C(F)F)cc2Cl)c1)C,Zarad{darA{~B}Daraa{As{D~A{BAAs{G}G}D}A}a{G}aar}A{G}G,35.11551642574352
BACE_487,S1(=O)CC(Cc2cc(OC(COC)C(F)(F)F)c(N)c(F)c2)C(O)C([NH2+]Cc2noc(c2)CC(C)(C)C)C1,7.7212462,OC1C([NH2+]Cc2noc(CC(C)(C)C)c2)CS(=O)CC1Cc1cc(OC(C(F)(F)F)COC)c(N)c(F)c1,Er{~B}AA{Aasaa{BA{ABA}A{G}{G}G}a{D}a{G}as}A{B}A{{DQs%}Aasdba{as}AA{A}{A}A}Ar,35.11551642574352
BACE_488,Fc1cc(cc(F)c1)CC(NC(=O)c1cc(cc(c1)C)C(=O)N(CCC)CCC)[C@@H](O)C[NH2+]Cc1cc(OC)ccc1,7.6989698,C(C([C@@H](O)C[NH2+]Cc1cc(OC)ccc1)NC(=O)c1cc(C(N(CCC)CCC)=O)cc(C)c1)c1cc(F)cc(F)c1,Garaa{aa{G}ar}AA{DA{~B}araa{aa{ar}A}A{~B}D{AAA}AAA}{A**Q}{B}A{DQs%}Aaraa{BA}aaar,35.39472763790039
BACE_489,Fc1cc(cc(F)c1)CC(NC(=O)c1cc(cc(c1)C(=O)N(CCC)CCC)C(NC(=O)C)C)C(O)C[NH2+]Cc1cc(OC)ccc1,7.6989698,N(CCC)(C(=O)c1cc(C(C)NC(=O)C)cc(C(=O)NC(C(C[NH2+]Cc2cc(OC)ccc2)O)Cc2cc(F)cc(F)c2)c1)CCC,Garaa{aa{G}ar}AA{DA{~B}araa{aa{ar}A{~B}D{AAA}AAA}A{DA{~B}A}A}A{B}A{DQs%}Aaraa{BA}aaar,35.39472763790039
BACE_490,S1(=O)(=O)N(c2cc(cc3n(cc(CC1)c23)CC)C(=O)NC([C@H](O)C[NH2+]CC(F)F)Cc1ccccc1)C,7.6989698,N(C(c1cc2n(CC)cc3c2c(c1)N(C)S(=O)(=O)CC3)=O)C([C@@H](C[NH2+]CC(F)F)O)Cc1ccccc1,Er{~B}{~B}D{asaa{aatd{aa{AAr}ast}AA}A{~B}DA{{A*Q}{B}A{DQs%}AA{G}G}Aaraaaaar}A,35.39472763790039
BACE_491,S1(=O)(=O)N(c2cc(cc3c2n(cc3CC)CC1)C(=O)NC(Cc1ccccc1)C(O)C[NH2+]C1CC1)C,7.6989698,C(NC(c1cc2c3c(c1)N(C)S(=O)(=O)CCn3cc2CC)=O)(Cc1ccccc1)C(C[NH2+]C1CC1)O,Er{~B}{~B}D{asaa{aatasd{aatAA}AAr}A{~B}DA{Aaraaaaar}A{B}A{DQs%}ArAAr}A,35.39472763790039
BACE_492,S1(=O)(=O)N(c2cc(cc3c2n(cc3CC)CC1)C(=O)NC(Cc1ccccc1)C(O)C[NH2+]C1CC1)CC,7.6989698,N(C(c1cc2c3n(cc(CC)c3c1)CCS(=O)(=O)N2CC)=O)C(Cc1ccccc1)C(O)C[NH2+]C1CC1,Er{~B}{~B}D{asaa{aatasd{aatAA}AAr}A{~B}DA{Aaraaaaar}A{B}A{DQs%}ArAAr}AA,35.39472763790039
BACE_493,Fc1ncccc1-c1cc(ccc1)[C@]1([NH+]=C(N2C1=NCCC2)N)c1ccc(OC(F)(F)F)cc1,7.6989698,c1(-c2cc([C@]3(c4ccc(OC(F)(F)F)cc4)C4=NCCCN4C(N)=[NH+]3)ccc2)cccnc1F,Gardaaaar_araa{aaar}{A*}r{{DQ%}~A{DsAr~DAAAs}D}araaa{BA{G}{G}G}aar,35.39472763790039
BACE_494,Fc1ccc(cc1-c1cncnc1)C1(N=C(N)N(C)C1=O)c1cc(C)c(OC)cc1,7.6989698,c1(F)c(-c2cncnc2)cc(C2(c3cc(C)c(OC)cc3)N=C(N)N(C)C2=O)cc1,Garaaa{aar_aradadar}Ar{D~A{D}D{A}Ar~B}araa{A}a{BA}aar,35.39472763790039
BACE_495,Fc1ncccc1-c1cc(ccc1)C1(N=C(N)N(C)C1=O)c1cc(C)c(OC)cc1,7.6989698,N1(C)C(=O)C(c2cc(C)c(OC)cc2)(c2cc(-c3c(F)nccc3)ccc2)N=C1N,Gardaaaar_araa{aaar}Ar{D~A{D}D{A}Ar~B}araa{A}a{BA}aar,35.39472763790039
BACE_496,S(=O)(=O)(N(C)c1cc(cc(c1)C(=O)NC(C)c1ccc(F)cc1)-c1oc(cc1)C([NH3+])(Cc1ccccc1)C)C,7.6989698,Fc1ccc(C(C)NC(c2cc(-c3oc(C(C)(Cc4ccccc4)[NH3+])cc3)cc(N(S(=O)(C)=O)C)c2)=O)cc1,E{~B}{~B}{D{A}araa{aa{ar}A{~B}DA{A}araaa{G}aar}_arba{aar}A{{DQt%}}{Aaraaaaar}A}A,35.39472763790039
BACE_497,S(=O)(=O)(N(c1cc(ccc1)C(=O)NC(Cc1ccccc1)C(O)C[NH2+]C(C(=O)NC1CCCCC1)C)c1ccc(cc1)C(F)(F)F)C,7.6989698,c1(N(S(=O)(=O)C)c2ccc(C(F)(F)F)cc2)cccc(C(NC(C(C[NH2+]C(C)C(=O)NC2CCCCC2)O)Cc2ccccc2)=O)c1,E{~B}{~B}{D{araa{aaar}A{~B}DA{Aaraaaaar}A{B}A{DQs%}A{A{~B}DArAAAAAr}A}araaa{aar}A{G}{G}G}A,35.39472763790039
BACE_499,FC(F)Oc1ccc(cc1)[C@@]1(N=C(N)N(C)C1=O)c1cc(ccc1)/C(/F)=C\C1CC1,7.6989698,FC(Oc1ccc([C@@]2(c3cc(/C(=C\C4CC4)F)ccc3)C(=O)N(C)C(N)=N2)cc1)F,GA{G}Baraaa{aar}{A**}r{D~A{D}D{A}Ar~B}araa{aaar}|A{|G}~A!ArAAr,35.39472763790039
BACE_500,FC(F)Oc1ccc(cc1)[C@@]1(N=C(N)N(C)C1=O)c1cc(ccc1)\C=C\COC,7.6989698,[C@@]1(c2ccc(OC(F)F)cc2)(c2cc(/C=C/COC)ccc2)N=C(N)N(C)C1=O,GA{G}Baraaa{aar}{A**}r{D~A{D}D{A}Ar~B}araa{aaar}!A~A!ABA,35.39472763790039
BACE_501,FC(F)Oc1ccc(cc1)[C@@]1(N=C(N)N(C)C1=O)c1cc(ccc1)\C=C\CCOC,7.6989698,FC(Oc1ccc([C@]2(c3cc(/C=C/CCOC)ccc3)N=C(N)N(C)C2=O)cc1)F,GA{G}Baraaa{aar}{A**}r{D~A{D}D{A}Ar~B}araa{aaar}!A~A!AABA,35.39472763790039
BACE_502,FC(F)Oc1ccc(cc1)[C@@]1(N=C(N)N(C)C1=O)c1cc(ccc1)C#CC,7.6989698,c1cc(OC(F)F)ccc1[C@@]1(c2cccc(C#CC)c2)C(=O)N(C)C(N)=N1,GA{G}Baraaa{aar}{A**}r{D~A{D}D{A}Ar~B}araa{aaar}A^AA,35.39472763790039
BACE_503,FC(F)Oc1ccc(cc1)[C@@]1(N=C(N)N(C)C1=O)c1cc(ccc1)C#CC(C)C,7.6989698,c1ccc(C#CC(C)C)cc1[C@@]1(c2ccc(OC(F)F)cc2)N=C(N)N(C)C1=O,GA{G}Baraaa{aar}{A**}r{D~A{D}D{A}Ar~B}araa{aaar}A^AA{A}A,35.39472763790039
BACE_504,FC(F)Oc1ccc(cc1)[C@@]1(N=C(N)N(C)C1=O)c1cc(ccc1)C#CC1CC1,7.6989698,c1c(OC(F)F)ccc([C@@]2(c3cc(C#CC4CC4)ccc3)C(=O)N(C)C(N)=N2)c1,GA{G}Baraaa{aar}{A**}r{D~A{D}D{A}Ar~B}araa{aaar}A^AArAAr,35.39472763790039
BACE_505,FC(F)Oc1ccc(cc1)[C@@]1(N=C(N)N(C)C1=O)c1cc(ccc1)C#CCOC,7.6989698,c1cc([C@]2(c3cccc(C#CCOC)c3)N=C(N)N(C)C2=O)ccc1OC(F)F,GA{G}Baraaa{aar}{A**}r{D~A{D}D{A}Ar~B}araa{aaar}A^AABA,35.39472763790039
BACE_506,FC(F)Oc1ccc(cc1)[C@@]1(N=C(N)N(C)C1=O)c1cc(ccc1)C#CCCOC,7.6989698,FC(F)Oc1ccc([C@]2(c3cccc(C#CCCOC)c3)N=C(N)N(C)C2=O)cc1,GA{G}Baraaa{aar}{A**}r{D~A{D}D{A}Ar~B}araa{aaar}A^AAABA,35.39472763790039
BACE_507,FC(F)Oc1ccc(cc1)[C@@]1(N=C(N)N(C)C1=O)c1cc(ccc1)C#C[C@H](O)C,7.6989698,NC1=N[C@](c2ccc(OC(F)F)cc2)(c2cccc(C#C[C@@H](C)O)c2)C(=O)N1C,GA{G}Baraaa{aar}{A**}r{D~A{D}D{A}Ar~B}araa{aaar}A^A{A*Q}{B}A,35.39472763790039
BACE_508,FC(F)Oc1ccc(cc1)[C@@]1(N=C(N)N(C)C1=O)c1cc(OCC2CC2)ccc1,7.6989698,c1c([C@]2(c3cccc(OCC4CC4)c3)N=C(N)N(C)C2=O)ccc(OC(F)F)c1,GA{G}Baraaa{aar}{A**}r{D~A{D}D{A}Ar~B}araa{BAAsAAs}aaar,35.39472763790039
BACE_509,Fc1ccc(cc1C#CC1CC1)[C@]1(N=C(N)N(C)C1=O)c1ccc(OC(F)F)cc1,7.6989698,c1c(C#CC2CC2)c(F)ccc1[C@]1(c2ccc(OC(F)F)cc2)C(=O)N(C)C(N)=N1,Garaaa{aarA^AArAAr}{A*}r{D~A{D}D{A}Ar~B}araaa{BA{G}G}aar,35.39472763790039
BACE_510,Fc1ccc(cc1C#CC1CC1)[C@]1(N=C(N)N(C)C1=O)c1cc(C)c(OC(F)F)cc1,7.6989698,FC(Oc1c(C)cc([C@]2(c3cc(C#CC4CC4)c(F)cc3)N=C(N)N(C)C2=O)cc1)F,Garaaa{aarA^AArAAr}{A*}r{D~A{D}D{A}Ar~B}araa{A}a{BA{G}G}aar,35.39472763790039
BACE_511,Fc1ccc(cc1C#CCF)[C@]1(N=C(N)N(C)C1=O)c1cc(C)c(OC(F)F)cc1,7.6989698,[C@@]1(c2ccc(OC(F)F)c(C)c2)(c2ccc(F)c(C#CCF)c2)N=C(N)N(C)C1=O,Garaaa{aarA^AAG}{A*}r{D~A{D}D{A}Ar~B}araa{A}a{BA{G}G}aar,35.39472763790039
BACE_512,O=C(NCc1ccccc1)C(Cc1cc2cc(ccc2nc1N)-c1ccccc1C)C,7.6989698,c1cccc(CNC(C(C)Cc2cc3c(ccc(-c4c(C)cccc4)c3)nc2N)=O)c1,B~A{DAaraaaaar}A{Aaraasaa{aaasdarD}_araaaaarA}A,35.39472763790039
BACE_513,Fc1cc(cc(F)c1)CC(NC(=O)C(N1CCC(CC(C)C)C1=O)CCc1ccccc1)C(O)C[NH2+]Cc1cc(OC)ccc1,7.6989698,c1c(F)cc(CC(C(O)C[NH2+]Cc2cccc(OC)c2)NC(=O)C(N2C(=O)C(CC(C)C)CC2)CCc2ccccc2)cc1F,Garaa{aa{G}ar}AA{DA{~B}A{DrAAA{AA{A}A}Ar~B}AAaraaaaar}A{B}A{DQs%}Aaraa{BA}aaar,35.39472763790039
BACE_514,O=C1N(C)C(=NC1(c1cc(ccc1)-c1cncnc1)c1cn(nc1)CCC(C)(C)C)N,7.6989698,C(CCn1cc(C2(c3cccc(-c4cncnc4)c3)N=C(N)N(C)C2=O)cn1)(C)(C)C,B~ArD{A}A{~DAr{araa{aaar}_aradadar}arad{dar}AAA{A}{A}A}D,35.39472763790039
BACE_515,O=C1N(C)C(=NC1(c1cc(ccc1)-c1cncnc1)c1cn(nc1)CCC1CCCCC1)N,7.6989698,C1CCCC(CCn2ncc(C3(c4cc(-c5cncnc5)ccc4)N=C(N)N(C)C3=O)c2)C1,B~ArD{A}A{~DAr{araa{aaar}_aradadar}arad{dar}AAArAAAAAr}D,35.39472763790039
BACE_516,Fc1ncccc1-c1cc(ccc1)C1(N=C(N)N(C)C1=O)c1cn(nc1)CC(C)C,7.6989698,c1(-c2cccc(C3(c4cn(CC(C)C)nc4)N=C(N)N(C)C3=O)c2)cccnc1F,Gardaaaar_araa{aaar}Ar{D~A{D}D{A}Ar~B}arad{dar}AA{A}A,35.39472763790039
BACE_517,Fc1ncccc1-c1cc(ccc1)C1(N=C(N)N(C)C1=O)c1cn(nc1)CCC(C)(C)C,7.6989698,N1(C)C(N)=NC(c2cc(-c3cccnc3F)ccc2)(c2cn(CCC(C)(C)C)nc2)C1=O,Gardaaaar_araa{aaar}Ar{D~A{D}D{A}Ar~B}arad{dar}AAA{A}{A}A,35.39472763790039
BACE_518,Fc1ncccc1-c1cc(ccc1)C1(N=C(N)N(C)C1=O)c1cn(nc1)CC(CC)CC,7.6989698,CCC(CC)Cn1ncc(C2(c3cc(-c4c(F)nccc4)ccc3)N=C(N)N(C)C2=O)c1,Gardaaaar_araa{aaar}Ar{D~A{D}D{A}Ar~B}arad{dar}AA{AA}AA,35.39472763790039
BACE_519,Fc1ncccc1-c1cc(ccc1)C1(N=C(N)N(C)C1=O)c1cn(nc1)C1CCCC1,7.6989698,c1nn(C2CCCC2)cc1C1(c2cc(-c3cccnc3F)ccc2)C(=O)N(C)C(N)=N1,Gardaaaar_araa{aaar}Ar{D~A{D}D{A}Ar~B}arad{dar}ArAAAAr,35.39472763790039
BACE_520,O1CCCC1C(=O)NC(Cc1cc2OCOc2cc1)C(O)C[NH2+]C1CC2(Oc3ncc(cc13)CC(C)(C)C)CCC2,7.6903696,c1cc(CC(C(C[NH2+]C2CC3(CCC3)Oc3ncc(CC(C)(C)C)cc32)O)NC(C2CCCO2)=O)cc2c1OCO2,BrAAAArA{~B}DA{AaraasBABasaar}A{B}A{DQs%}ArAAs{Batdaa{aart}AA{A}{A}A}AAAs,35.502522087039
BACE_521,S(=O)(=O)(N(c1ccccc1)c1cc(cnc1)C(=O)NC(Cc1ccccc1)C(O)C[NH2+]Cc1cc(ccc1)C(F)(F)F)C,7.6777806,C(F)(F)(F)c1cccc(C[NH2+]CC(O)C(NC(c2cc(N(S(C)(=O)=O)c3ccccc3)cnc2)=O)Cc2ccccc2)c1,E{~B}{~B}{D{araaaaar}araa{adar}A{~B}DA{Aaraaaaar}A{B}A{DQs%}Aaraa{aaar}A{G}{G}G}A,35.66031194311282
BACE_522,Fc1cc(cc(F)c1)CC(NC(=O)C(N1CCC(C(C)C)C1=O)CCc1ccccc1)C(O)C1[NH2+]CC(OCCC)C1,7.6777806,C(COC1CC(C(C(Cc2cc(F)cc(F)c2)NC(C(CCc2ccccc2)N2CCC(C(C)C)C2=O)=O)O)[NH2+]C1)C,Garaa{aa{G}ar}AA{DA{~B}A{DrAAA{A{A}A}Ar~B}AAaraaaaar}A{B}Ar{DQs%}AA{BAAA}Ar,35.66031194311282
BACE_523,S1(=O)CC(Cc2cc(OC(COC)C(F)(F)F)c(N)c(F)c2)C(O)C([NH2+]Cc2cn(nc2)CC(C)(C)C)C1,7.6777806,c1nn(CC(C)(C)C)cc1C[NH2+]C1C(O)C(Cc2cc(OC(C(F)(F)F)COC)c(N)c(F)c2)CS(=O)C1,Er{~B}AA{Aasaa{BA{ABA}A{G}{G}G}a{D}a{G}as}A{B}A{{DQs%}Aasad{das}AA{A}{A}A}Ar,35.66031194311282
BACE_524,Fc1cc(cc(F)c1)CC(NC(=O)c1cc(cc(Oc2ccc(F)cc2)c1)C(=O)N(CCC)CCC)C(O)C[NH2+]Cc1cc(OC)ccc1,7.6575775,c1(C(NC(C(C[NH2+]Cc2cc(OC)ccc2)O)Cc2cc(F)cc(F)c2)=O)cc(C(N(CCC)CCC)=O)cc(Oc2ccc(F)cc2)c1,Garaa{aa{G}ar}AA{DA{~B}araa{aa{Basaaa{G}aas}ar}A{~B}D{AAA}AAA}A{B}A{DQs%}Aaraa{BA}aaar,35.913536523400765
BACE_525,S1(=O)(=O)N(c2cc(cc3c2n(cc3CC)CC1)C(=O)N[C@H]([C@H](O)C[NH2+]C(CC)C)Cc1ccccc1)C,7.6575775,[C@H](NC(=O)c1cc2c3c(c(CC)cn3CCS(=O)(=O)N2C)c1)(Cc1ccccc1)[C@@H](C[NH2+]C(C)CC)O,Er{~B}{~B}D{asaa{aatasd{aatAA}AAr}A{~B}D{A*Q}{{A*Q}{B}A{DQs%}A{AA}A}Aaraaaaar}A,35.913536523400765
BACE_526,FC(F)Oc1ccc(cc1C)[C@@]1(N=C(N)N(C)C1=O)c1cc(ccc1)C#CC1CC1,7.6575775,[C@@]1(c2cccc(C#CC3CC3)c2)(c2ccc(OC(F)F)c(C)c2)C(=O)N(C)C(N)=N1,GA{G}Baraaa{aarA}{A**}r{D~A{D}D{A}Ar~B}araa{aaar}A^AArAAr,35.913536523400765
BACE_527,Clc1cc(cnc1)-c1cc2c(SC(CC23N=C(N)N(C)C3=O)(C)C)cc1,7.6575775,c1c(-c2cncc(Cl)c2)cc2c(c1)SC(C)(C)CC21N=C(N)N(C)C1=O,Zaraa{adar}_araasa{EA{AAstD~A{D}D{A}At~B}{A}A}aar,35.913536523400765
BACE_528,Clc1cc(cc(Cl)c1)-c1cc(ccc1)C1(N=C(N2C1=NCCC2)N)c1ccc(OC)cc1,7.6500001,c1(OC)ccc(C2(c3cccc(-c4cc(Cl)cc(Cl)c4)c3)N=C(N)N3CCCN=C23)cc1,Zaraa{aa{Z}ar}_araa{aaar}Ar{D~A{DsAr~DAAAs}D}araaa{BA}aar,36.0085112517679
BACE_529,O1c2ncc(cc2C([NH2+]CC(O)C(NC(=O)C)Cc2cc3OCCOc3cc2)CC12CCC2)CC(C)(C)C,7.642065,C1CCC12CC([NH2+]CC(C(NC(=O)C)Cc1cc3c(cc1)OCCO3)O)c1cc(CC(C)(C)C)cnc1O2,Brasdaa{aasA{{DQs%}AA{B}A{DA{~B}A}AasaatBAABataas}AArsAAAs}AA{A}{A}A,36.107969372899944
BACE_530,S1(=O)(=O)N(c2cc(cc3n(cc(CC1)c23)CC)C(=O)N[C@H]([C@H](O)C[NH2+]CC)Cc1ccccc1)C,7.6382723,[NH2+](C[C@H]([C@H](Cc1ccccc1)NC(=O)c1cc2c3c(n(CC)cc3CCS(=O)(=O)N2C)c1)O)CC,Er{~B}{~B}D{asaa{aatd{aa{AAr}ast}AA}A{~B}D{A*Q}{{A*Q}{B}A{DQs%}AA}Aaraaaaar}A,36.155506872870646
BACE_531,S1(=O)(=O)N(CCCC1)c1cc(cc(NCC)c1C)C(=O)NC(Cc1ccccc1)C(O)C[NH2+]Cc1cc(ccc1)C(F)(F)F,7.6382723,c1(NCC)c(C)c(N2CCCCS2(=O)=O)cc(C(NC(Cc2ccccc2)C(C[NH2+]Cc2cc(C(F)(F)F)ccc2)O)=O)c1,Er{~B}{~B}D{AAAAr}araa{aa{DAA}arA}A{~B}DA{Aaraaaaar}A{B}A{DQs%}Aaraa{aaar}A{G}{G}G,36.155506872870646
BACE_532,FC(F)(F)c1cc(ccc1)C[NH2+]CC(O)C(NC(=O)c1cc(N2CCCC2=O)c2c(n(cc2)CC)c1)Cc1ccccc1,7.6382723,c1ccccc1CC(C(O)C[NH2+]Cc1cc(C(F)(F)F)ccc1)NC(=O)c1cc2c(ccn2CC)c(N2CCCC2=O)c1,GA{G}{G}araa{aaar}A{DQs%}AA{B}A{DA{~B}araa{DsAAAAs~B}asa{d{aas}AA}ar}Aaraaaaar,36.155506872870646
BACE_533,S1(=O)(=O)N(c2cc(cc3c2n(cc3CC)C1)C(=O)NC(Cc1ccccc1)C(O)C[NH2+]C(CCCC(C)C)(C)C)C,7.6382723,N(C(c1cc2c3n(cc(CC)c3c1)CS(=O)(=O)N2C)=O)C(C(C[NH2+]C(C)(C)CCCC(C)C)O)Cc1ccccc1,Er{~B}{~B}D{asaa{aatasd{aatAA}Ar}A{~B}DA{Aaraaaaar}A{B}A{DQs%}A{AAAA{A}A}{A}A}A,36.155506872870646
BACE_534,S1(=O)(=O)N(c2cc(cc3c2n(cc3CC)CC1)C(=O)NC(Cc1ccccc1)C(O)C[NH2+]C1CCOCC1)C(C)C,7.6382723,O1CCC([NH2+]CC(O)C(Cc2ccccc2)NC(=O)c2cc3c4c(c2)N(C(C)C)S(=O)(=O)CCn4cc3CC)CC1,Er{~B}{~B}D{asaa{aatasd{aatAA}AAr}A{~B}DA{Aaraaaaar}A{B}A{DQs%}ArAABAAr}A{A}A,36.155506872870646
BACE_535,S(=O)(=O)(N(c1cc(ccc1)C(=O)NC(Cc1ccccc1)C(O)C[NH2+]Cc1cc(ccc1)C(F)(F)F)c1ccccc1)C,7.6382723,FC(c1cc(C[NH2+]CC(C(Cc2ccccc2)NC(=O)c2cc(N(S(=O)(=O)C)c3ccccc3)ccc2)O)ccc1)(F)F,E{~B}{~B}{D{araa{aaar}A{~B}DA{Aaraaaaar}A{B}A{DQs%}Aaraa{aaar}A{G}{G}G}araaaaar}A,36.155506872870646
BACE_536,Brc1cc(ccc1)C[NH2+]CC(O)C(NC(=O)c1c2cccnc2n(c1)C(=O)N(CCCC)C)Cc1ccccc1,7.6382723,C(c1ccccc1)C(C(O)C[NH2+]Cc1cc(Br)ccc1)NC(c1cn(C(N(CCCC)C)=O)c2ncccc12)=O,Yaraa{aaar}A{DQs%}AA{B}A{DA{~B}arasaaadasd{ar}A{~B}D{AAAA}A}Aaraaaaar,36.155506872870646
BACE_537,Fc1cc(cc(F)c1)CC(NC(=O)C(N1CCC(COC)C1=O)CCc1ccccc1)C(O)C1[NH2+]CC(OCCC)C1,7.6382723,C(COC1C[NH2+]C(C(C(NC(C(N2C(=O)C(COC)CC2)CCc2ccccc2)=O)Cc2cc(F)cc(F)c2)O)C1)C,Garaa{aa{G}ar}AA{DA{~B}A{DrAAA{ABA}Ar~B}AAaraaaaar}A{B}Ar{DQs%}AA{BAAA}Ar,36.155506872870646
BACE_538,Clc1cc(cc(F)c1)-c1cc2c(SC(CC23N=C(N)N(C)C3=O)(C)C)cc1,7.6382723,C1(C)(C)CC2(c3c(ccc(-c4cc(F)cc(Cl)c4)c3)S1)C(=O)N(C)C(N)=N2,Zaraa{aa{G}ar}_araasa{EA{AAstD~A{D}D{A}At~B}{A}A}aar,36.155506872870646
BACE_539,Clc1ccc(nc1)C(=O)Nc1cc(C2(N=C(N)COCC2)C)c(F)cc1,7.6382723,c1c(C2(C)N=C(N)COCC2)c(F)ccc1NC(c1ncc(Cl)cc1)=O,Zaraaa{dar}A{~B}Daraa{As{D~A{D}ABAAs}A}a{G}aar,36.155506872870646
BACE_540,FC1(F)CN2C(=NC1)C(N=C2N)(c1cc(ccc1)-c1cncnc1)c1ccc(OC(F)F)cc1,7.6300001,FC1(F)CN=C2C(c3cc(-c4cncnc4)ccc3)(c3ccc(OC(F)F)cc3)N=C(N)N2C1,GAr{G}ADsA{~DAr}A{D~AsD}{araa{aaar}_aradadar}araaa{BA{G}G}aar,36.259190187463844
BACE_541,Fc1cc(cc(F)c1)CC(NC(=O)C)C(O)C[NH2+]C1(CCC(O)CC1)c1cc(ccc1)C(C)(C)C,7.6197886,C(O)(C(NC(=O)C)Cc1cc(F)cc(F)c1)C[NH2+]C1(c2cccc(C(C)(C)C)c2)CCC(O)CC1,Garaa{aa{G}ar}AA{DA{~B}A}A{B}A{DQs%}Ar{AAA{B}AAr}araa{aaar}A{A}{A}A,36.38718058505681
BACE_542,S(C)C1CCC([NH2+]CC(O)C(NC(=O)C)Cc2cc(F)cc(F)c2)(CC1)c1cc(ccc1)C(C)(C)C,7.6197886,c1ccc(C2([NH2+]CC(O)C(Cc3cc(F)cc(F)c3)NC(=O)C)CCC(SC)CC2)cc1C(C)(C)C,E{A}ArAAA{{DQs%}AA{B}A{DA{~B}A}Aasaa{G}aa{G}as}{AAr}araa{aaar}A{A}{A}A,36.38718058505681
BACE_543,Brc1cc2c(cc1)C1(CCC2)C[NH2+]CC1C(=O)N1CCC(CC1C1CCCCC1)c1ccccc1,7.6197886,N1(C(C2C3(CCCc4cc(Br)ccc43)C[NH2+]C2)=O)CCC(c2ccccc2)CC1C1CCCCC1,Yaraasa{aar}Ar{AAAs}A{DQs%}AArA{~B}DrAAA{AArArAAAAAr}araaaaar,36.38718058505681
BACE_544,S1(=O)(=O)CC(Cc2cc(OCC)c(N)c(F)c2)C(O)C([NH2+]Cc2cc(ccc2)C(C)(C)C)C1,7.6197886,c1(N)c(F)cc(CC2CS(=O)(=O)CC([NH2+]Cc3cc(C(C)(C)C)ccc3)C2O)cc1OCC,Er{~B}{~B}AA{Aasaa{BAA}a{D}a{G}as}A{B}A{{DQs%}Aasaa{aaas}A{A}{A}A}Ar,36.38718058505681
BACE_545,Clc1cc(cc(F)c1)-c1cc2c(CC(CC23N=C(N)N(C)C3=O)(C)C)cc1,7.6197886,N1=C(N)N(C)C(=O)C12c1cc(-c3cc(F)cc(Cl)c3)ccc1CC(C)(C)C2,Zaraa{aa{G}ar}_araasa{AA{AAstD~A{D}D{A}At~B}{A}A}aar,36.38718058505681
BACE_546,S1(=O)(=O)N(CCCC1)c1cc(cc(c1)/C(=N\OCCC)/C)C(=O)NC([C@@H](O)C[NH2+]Cc1cc(OC)ccc1)Cc1cc(F)cc(F)c1,7.6020598,C(C(NC(=O)c1cc(N2CCCCS2(=O)=O)cc(/C(=N\OCCC)C)c1)[C@H](C[NH2+]Cc1cc(OC)ccc1)O)c1cc(F)cc(F)c1,Er{~B}{~B}D{AAAAr}araa{aa{ar}|A{~D!BAAA}|A}A{~B}DA{{A**Q}{B}A{DQs%}Aaraa{BA}aaar}Aaraa{G}aa{G}ar,36.60939242081513
BACE_547,O=C1N(CCC1)C(C)(C)C1CC(CCC1)C(=O)NC(Cc1ccccc1)C(O)C[NH2+]Cc1cc(ccc1)C(C)C,7.6020598,c1ccccc1CC(NC(C1CCCC(C(C)(N2CCCC2=O)C)C1)=O)C(C[NH2+]Cc1cc(C(C)C)ccc1)O,B~ArD{AAAr}A{A}{A}ArAA{AAAr}A{~B}DA{Aaraaaaar}A{B}A{DQs%}Aaraa{aaar}A{A}A,36.60939242081513
BACE_548,S(=O)(=O)(N(c1cc(ccc1)C(=O)NC(Cc1ccccc1)C(O)C[NH2+]Cc1cc(ccc1)C(F)(F)F)c1cccnc1)C,7.6020598,c1(C(=O)NC(Cc2ccccc2)C(O)C[NH2+]Cc2cccc(C(F)(F)F)c2)cc(N(c2cccnc2)S(=O)(=O)C)ccc1,E{~B}{~B}{D{araa{aaar}A{~B}DA{Aaraaaaar}A{B}A{DQs%}Aaraa{aaar}A{G}{G}G}araaadar}A,36.60939242081513
BACE_549,Fc1cc(cc(F)c1)CC(NC(=O)C(N1CCC(CCCC)C1=O)CCc1ccccc1)C(O)C1[NH2+]CC(O)C1,7.6020598,c1c(CC(C(O)C2[NH2+]CC(O)C2)NC(C(N2CCC(CCCC)C2=O)CCc2ccccc2)=O)cc(F)cc1F,Garaa{aa{G}ar}AA{DA{~B}A{DrAAA{AAAA}Ar~B}AAaraaaaar}A{B}Ar{DQs%}AA{B}Ar,36.60939242081513
BACE_550,S1(=O)(=O)CC(Cc2cc(OC3COC3)c(N)c(F)c2)C(O)C([NH2+]Cc2cc(ccc2)C(C)(C)C)C1,7.6020598,O=S1(=O)CC([NH2+]Cc2cccc(C(C)(C)C)c2)C(O)C(Cc2cc(F)c(N)c(OC3COC3)c2)C1,Er{~B}{~B}AA{Aasaa{BAtABAt}a{D}a{G}as}A{B}A{{DQs%}Aasaa{aaas}A{A}{A}A}Ar,36.60939242081513
BACE_551,FC1(F)COC(=NC1(C)c1cc(NC(=O)c2ncc(OCC(F)(F)F)nc2)ccc1F)N,7.6020598,Fc1c(C2(C)N=C(N)OCC2(F)F)cc(NC(=O)c2ncc(OCC(F)(F)F)nc2)cc1,GAr{G}ABA{~DAr{A}araa{DA{~B}asdaa{BAA{G}{G}G}das}aaarG}D,36.60939242081513
BACE_552,FC(F)(F)c1cc(ccc1)C[NH2+]CC(O)C(NC(=O)c1cc(N2CCCC2=O)c2[nH]cc(c2c1)CC)Cc1ccccc1,7.5850267,[NH2+](Cc1cccc(C(F)(F)F)c1)CC(C(Cc1ccccc1)NC(c1cc2c(CC)c[nH]c2c(N2CCCC2=O)c1)=O)O,GA{G}{G}araa{aaar}A{DQs%}AA{B}A{DA{~B}araa{DsAAAAs~B}as{dQ}aa{asar}AA}Aaraaaaar,36.82288438979526
BACE_553,S1(=O)(=O)N(C2C=C(C=C3N(CC[NH+](C23)CC1)CC)C(=O)NC(Cc1ccccc1)C(O)C[NH2+]Cc1cc(ccc1)C(F)(F)F)C,7.5850267,OC(C(Cc1ccccc1)NC(=O)C1=CC2C3[NH+](CCS(=O)(=O)N2C)CCN(CC)C3=C1)C[NH2+]Cc1cccc(C(F)(F)F)c1,Er{~B}{~B}D{AsA~A{A~AtD{AA{DQ%}{Ast}AAr}AA}A{~B}DA{Aaraaaaar}A{B}A{DQs%}Aaraa{aaar}A{G}{G}G}A,36.82288438979526
BACE_554,S1(=O)(=O)N(c2c(CCC1)c(NCC)cc(c2)C(=O)NC(Cc1ccccc1)C(O)C[NH2+]CCC(F)(F)F)C,7.5850267,C(C[NH2+]CC(C(NC(=O)c1cc(NCC)c2c(c1)N(C)S(=O)(=O)CCC2)Cc1ccccc1)O)C(F)(F)F,Er{~B}{~B}D{asa{AAAr}a{DAA}aa{as}A{~B}DA{Aaraaaaar}A{B}A{DQs%}AAA{G}{G}G}A,36.82288438979526
BACE_555,S(=O)(=O)(N(c1cccc(C(=O)NC(Cc2ccccc2)C(O)C[NH2+]Cc2cc(ccc2)C(F)(F)F)c1C)c1ccccc1)C,7.5850267,Cc1c(C(NC(Cc2ccccc2)C(O)C[NH2+]Cc2cccc(C(F)(F)F)c2)=O)cccc1N(S(=O)(C)=O)c1ccccc1,E{~B}{~B}{D{araaaa{A{~B}DA{Aasaaaaas}A{B}A{DQs%}Aasaa{aaas}A{G}{G}G}arA}araaaaar}A,36.82288438979526
BACE_556,Fc1cc(cc(F)c1)C[C@H](NC(=O)c1c2cccnc2n(c1)C(=O)N1CCCC[C@@H]1COCC)[C@H](O)C[NH2+]Cc1cc(OC)ccc1,7.5850267,c1c(C(N[C@@H](Cc2cc(F)cc(F)c2)[C@@H](C[NH2+]Cc2cccc(OC)c2)O)=O)c2c(n1C(N1CCCC[C@@H]1COCC)=O)nccc2,Garaa{aa{G}ar}A{A*Q}{DA{~B}arasaaadasd{ar}A{~B}DrAAAA{A**Q}rABAA}{A*Q}{B}A{DQs%}Aaraa{BA}aaar,36.82288438979526
BACE_557,O(C)c1c(cc(cc1C)C1(N=C(C)C(=N1)N)c1cc(ccc1)-c1cc(cnc1)C#CC)C,7.5850267,n1cc(-c2cccc(C3(c4cc(C)c(OC)c(C)c4)N=C(N)C(C)=N3)c2)cc(C#CC)c1,B{A}ara{aa{aarA}Ar{D~A{A}A{~Dr}D}araa{aaar}_araa{adar}A^AA}A,36.82288438979526
BACE_558,Clc1ccc(nc1)C(=O)Nc1cc(C2(N=C(OCC2(F)F)N)C)c(F)cc1,7.5850267,N(C(c1ncc(Cl)cc1)=O)c1ccc(F)c(C2(C)N=C(N)OCC2(F)F)c1,Zaraaa{dar}A{~B}Daraa{As{D~A{BAAs{G}G}D}A}a{G}aar,36.82288438979526
BACE_559,Clc1cc(Cl)cnc1C(=O)Nc1cc(C2(N=C(OCC2(F)F)N)C)c(F)cc1,7.5850267,c1c(Cl)c(C(=O)Nc2ccc(F)c(C3(C)C(F)(F)COC(N)=N3)c2)ncc1Cl,Zaraa{Z}adarA{~B}Daraa{As{D~A{BAAs{G}G}D}A}a{G}aar,36.82288438979526
BACE_560,O1c2ncc(cc2C([NH2+]CC(O)C(NC(=O)c2cccnc2)Cc2cc3OCOc3cc2)CC12CCC2)CC(C)(C)C,7.5833597,O1COc2ccc(CC(C(C[NH2+]C3CC4(Oc5c3cc(CC(C)(C)C)cn5)CCC4)O)NC(c3cccnc3)=O)cc21,Brasdaa{aasA{{DQs%}AA{B}A{DA{~B}asaaadas}AasaatBABataas}AArsAAAs}AA{A}{A}A,36.84377847908552
BACE_561,S(=O)(=O)(N(c1cc(cc(c1)/C(=N\OCC=C)/C)C(=O)N[C@H]([C@@H](O)C[NH2+]Cc1cc(OC)ccc1)Cc1cc(F)cc(F)c1)c1ccccc1)C,7.5686364,CS(=O)(N(c1ccccc1)c1cc(/C(=N\OCC=C)C)cc(C(=O)N[C@@H](Cc2cc(F)cc(F)c2)[C@@H](O)C[NH2+]Cc2cccc(OC)c2)c1)=O,E{~B}{~B}{D{araa{aa{ar}|A{~D!BAA~A}|A}A{~B}D{A*Q}{{A**Q}{B}A{DQs%}Aaraa{BA}aaar}Aaraa{G}aa{G}ar}araaaaar}A,37.02831953778213
BACE_562,S(c1cc(cc(c1)C(=O)NC(Cc1cc(F)cc(F)c1)C(O)C[NH2+]Cc1cc(OC)ccc1)C(=O)N(CCC)CCC)c1ccc(OC)cc1,7.5686364,c1c(C(N(CCC)CCC)=O)cc(Sc2ccc(OC)cc2)cc1C(=O)NC(C(C[NH2+]Cc1cc(OC)ccc1)O)Cc1cc(F)cc(F)c1,E{araa{aa{ar}A{~B}DA{Aaraa{G}aa{G}ar}A{B}A{DQs%}Aaraa{BA}aaar}A{~B}D{AAA}AAA}araaa{BA}aar,37.02831953778213
BACE_563,O1CCCCNc2nc(cc(c2)C(=O)NC(Cc2cc1ccc2)C(O)C[NH2+]Cc1cc(ccc1)C(C)C)C,7.5686364,C1CCCOc2cccc(c2)CC(C(C[NH2+]Cc2cc(C(C)C)ccc2)O)NC(=O)c2cc(C)nc(c2)N1,BrAAAADasda{aa{as}A{~B}DA{Aasaaraaas}A{B}A{DQs%}Aaraa{aaar}A{A}A}A,37.02831953778213
BACE_564,O=C(NCC1CCCCC1)C(Cc1cc2cc(ccc2nc1N)-c1ccccc1C)C(C)C,7.5686364,c1cc(-c2cc3cc(CC(C(C)C)C(NCC4CCCCC4)=O)c(N)nc3cc2)c(C)cc1,B~A{DAArAAAAAr}A{Aaraasaa{aaasdarD}_araaaaarA}A{A}A,37.02831953778213
BACE_565,FC1(F)COC(=NC1(C)c1cc(NC(=O)c2ncc(OC)nc2)ccc1F)N,7.5686364,FC1(F)C(C)(c2c(F)ccc(NC(c3ncc(OC)nc3)=O)c2)N=C(N)OC1,GAr{G}ABA{~DAr{A}araa{DA{~B}asdaa{BA}das}aaarG}D,37.02831953778213
BACE_566,Clc1ccc(nc1)C(=O)Nc1cc(C23N=C(N)COCC2C3)c(F)cc1,7.5686364,O1CC(N)=NC2(c3c(F)ccc(NC(c4ccc(Cl)cn4)=O)c3)CC2C1,Zaraaa{dar}A{~B}Daraa{AstD~A{D}ABAAsAt}a{G}aar,37.02831953778213
BACE_567,FC(F)(F)c1cc(ccc1)C[NH2+]CC(O)C(NC(=O)c1cc(N2CCCC2=O)c2c(n(nc2)CC)c1)Cc1ccccc1,7.5528421,O=C1CCCN1c1cc(C(=O)NC(Cc2ccccc2)C(O)C[NH2+]Cc2cccc(C(F)(F)F)c2)cc2n(CC)ncc12,GA{G}{G}araa{aaar}A{DQs%}AA{B}A{DA{~B}araa{DsAAAAs~B}asa{d{das}AA}ar}Aaraaaaar,37.226284453485256
BACE_568,S1(=O)(=O)Nc2cc(cc3c2n(cc3CC)CCC1)C(=O)NC(Cc1ccccc1)C(O)CNc1ccc(OC)cc1,7.5528421,c1(OC)ccc(NCC(C(Cc2ccccc2)NC(=O)c2cc3c(CC)cn4c3c(c2)NS(=O)(=O)CCC4)O)cc1,Er{~B}{~B}Dasaa{aatasd{aatAA}AAAr}A{~B}DA{Aaraaaaar}A{B}ADaraaa{BA}aar,37.226284453485256
BACE_569,Fc1cc(cc(F)c1)CC(NC(=O)c1c2cccnc2n(c1)C(=O)N(CCC(C)C)C)C(O)C[NH2+]Cc1cc(OC)ccc1,7.5528421,c1c(OC)cc(C[NH2+]CC(C(NC(=O)c2cn(C(N(CCC(C)C)C)=O)c3ncccc23)Cc2cc(F)cc(F)c2)O)cc1,Garaa{aa{G}ar}AA{DA{~B}arasaaadasd{ar}A{~B}D{AAA{A}A}A}A{B}A{DQs%}Aaraa{BA}aaar,37.226284453485256
BACE_570,S1(=O)(=O)CC(Cc2cc(-c3n[nH]cc3)c(N)c(F)c2)C(O)C([NH2+]Cc2cc(ccc2)C(C)(C)C)C1,7.5528421,[NH2+](C1CS(=O)(=O)CC(Cc2cc(F)c(N)c(-c3cc[nH]n3)c2)C1O)Cc1cc(C(C)(C)C)ccc1,Er{~B}{~B}AA{Aasaa{_atd{dQ}aat}a{D}a{G}as}A{B}A{{DQs%}Aasaa{aaas}A{A}{A}A}Ar,37.226284453485256
BACE_571,Clc1cc(cc(Cl)c1)-c1cc2c(OC(CC23N=C(N)N(C)C3=O)(C)C)cc1,7.5528421,O=C1C2(c3c(ccc(-c4cc(Cl)cc(Cl)c4)c3)OC(C)(C)C2)N=C(N)N1C,Zaraa{aa{Z}ar}_araasa{BA{AAstD~A{D}D{A}At~B}{A}A}aar,37.226284453485256
BACE_572,FC(F)Oc1cc(ccc1)-c1cc2c(OC(CC23N=C(N)N(C)C3=O)(C)C)cc1,7.5528421,c1(-c2ccc3c(c2)C2(CC(C)(C)O3)C(=O)N(C)C(N)=N2)cc(OC(F)F)ccc1,GA{G}Baraa{aaar}_araasa{BA{AAstD~A{D}D{A}At~B}{A}A}aar,37.226284453485256
BACE_573,Fc1ccc(OC)cc1-c1cc(ccc1)C1(N=C(N2C1=NCC(F)(F)C2)N)c1ccncc1,7.54,O(c1ccc(F)c(-c2cc(C3(c4ccncc4)N=C(N)N4CC(F)(F)CN=C43)ccc2)c1)C,Garaaa{BA}aar_araa{aaar}Ar{D~A{DsAr~DAA{G}{G}As}D}araadaar,37.38724665149031
BACE_574,FC(C(=O)NC(Cc1cc2OCOc2cc1)C(O)C[NH2+]C1CC2(Oc3ncc(cc13)CC(C)(C)C)CCC2)C,7.5391021,c1c(CC(C(C[NH2+]C2c3cc(CC(C)(C)C)cnc3OC3(C2)CCC3)O)NC(C(F)C)=O)cc2c(c1)OCO2,GA{A{~B}DA{AaraasBABasaar}A{B}A{DQs%}ArAAs{Batdaa{aart}AA{A}{A}A}AAAs}A,37.39850088230838
BACE_575,S1(=O)(=O)N(c2cc(cc3c2n(cc3CC)CC1)C(=O)NC(Cc1ccccc1)C(O)C[NH2+]C1CCOCC1)CC(F)(F)F,7.5376019,N1(CC(F)(F)F)c2c3c(c(CC)cn3CCS1(=O)=O)cc(C(NC(C(O)C[NH2+]C1CCOCC1)Cc1ccccc1)=O)c2,Er{~B}{~B}D{asaa{aatasd{aatAA}AAr}A{~B}DA{Aaraaaaar}A{B}A{DQs%}ArAABAAr}AA{G}{G}G,37.41730430927493
BACE_576,Clc1nc2c(cc1)C1(CCC2)C[NH2+]CC1C(=O)N1CCC(CC1C1CCCCC1)c1ccccc1,7.5376019,C1CCCCC1C1N(C(=O)C2C[NH2+]CC23CCCc2nc(Cl)ccc23)CCC(c2ccccc2)C1,Zardasa{aar}Ar{AAAs}A{DQs%}AArA{~B}DrAAA{AArArAAAAAr}araaaaar,37.41730430927493
BACE_577,s1ccnc1-c1ccc(cc1)CC(NC(=O)COC)C(O)C[NH2+]C1CC2(Oc3ncc(cc13)CC(C)(C)C)CCC2,7.5376019,s1c(-c2ccc(CC(NC(COC)=O)C(C[NH2+]C3CC4(Oc5ncc(CC(C)(C)C)cc53)CCC4)O)cc2)ncc1,eraadar_araaa{aar}AA{DA{~B}ABA}A{B}A{DQs%}ArAAs{Batdaa{aart}AA{A}{A}A}AAAs,37.41730430927493
BACE_578,Fc1ncccc1-c1cc(ccc1)C1(N=C(N2C1=NOCC2)N)c1ccc(OC(F)(F)F)cc1,7.5228786,O1CCN2C(N)=NC(c3ccc(OC(F)(F)F)cc3)(c3cccc(-c4cccnc4F)c3)C2=N1,Gardaaaar_araa{aaar}Ar{D~A{DsAr~DBAAs}D}araaa{BA{G}{G}G}aar,37.60184536797154
BACE_579,O(C)c1ccc(cc1C)C1(N=C(N)N(C)C1=O)c1cc(ccc1)-c1cncnc1,7.5228786,C1(N)=NC(c2cc(C)c(OC)cc2)(c2cccc(-c3cncnc3)c2)C(=O)N1C,B{A}araaa{aarA}Ar{D~A{D}D{A}Ar~B}araa{aaar}_aradadar,37.60184536797154
BACE_580,O=C1N(C)C(=N[C@@]1(c1cc(ccc1)-c1cncnc1)c1cc(ncc1)CC)N,7.5228786,NC1=N[C@@](c2cccc(-c3cncnc3)c2)(c2ccnc(CC)c2)C(=O)N1C,B~ArD{A}A{~D{A**}r{araa{aaar}_aradadar}araa{daar}AA}D,37.60184536797154
BACE_581,O(C)c1cc(ccc1)-c1cc(ccc1)C1(N=C(N)N(C)C1=O)c1ccncc1,7.5228786,C1(=O)N(C)C(N)=NC1(c1cc(-c2cccc(OC)c2)ccc1)c1ccncc1,B{A}araa{aaar}_araa{aaar}Ar{D~A{D}D{A}Ar~B}araadaar,37.60184536797154
BACE_582,Fc1ncccc1-c1cc(ccc1)C1(N=C(N)N(C)C1=O)c1ccncc1,7.5228786,c1(C2(c3ccncc3)N=C(N)N(C)C2=O)cc(-c2cccnc2F)ccc1,Gardaaaar_araa{aaar}Ar{D~A{D}D{A}Ar~B}araadaar,37.60184536797154
BACE_583,Fc1ncccc1-c1cc(ccc1)[C@]1(N=C(N)N(C)C1=O)c1ccc(OC)cc1,7.5228786,C1(=O)[C@](c2cc(-c3c(F)nccc3)ccc2)(c2ccc(OC)cc2)N=C(N)N1C,Gardaaaar_araa{aaar}{A*}r{D~A{D}D{A}Ar~B}araaa{BA}aar,37.60184536797154
BACE_584,Fc1ncccc1-c1cc(ccc1)[C@]1(N=C(N)N(C)C1=O)c1ccc(OCCF)cc1,7.5228786,FCCOc1ccc([C@]2(c3cccc(-c4cccnc4F)c3)N=C(N)N(C)C2=O)cc1,Gardaaaar_araa{aaar}{A*}r{D~A{D}D{A}Ar~B}araaa{BAAG}aar,37.60184536797154
BACE_585,FC(F)Oc1ccc(cc1)[C@@]1(N=C(N)N(C)C1=O)c1cc(ccc1)CCCC,7.5228786,CN1C(N)=N[C@@](c2cc(CCCC)ccc2)(c2ccc(OC(F)F)cc2)C1=O,GA{G}Baraaa{aar}{A**}r{D~A{D}D{A}Ar~B}araa{aaar}AAAA,37.60184536797154
BACE_586,FC(F)C\C=C\c1cc(ccc1)[C@]1(N=C(N)N(C)C1=O)c1ccc(OC(F)F)cc1,7.5228786,FC(Oc1ccc([C@@]2(c3cccc(/C=C/CC(F)F)c3)C(=O)N(C)C(N)=N2)cc1)F,GA{G}A!A~A!araa{aaar}{A*}r{D~A{D}D{A}Ar~B}araaa{BA{G}G}aar,37.60184536797154
BACE_587,FC(F)Oc1ccc(cc1)[C@@]1(N=C(N)N(C)C1=O)c1cc(ccc1)C#CCCC,7.5228786,c1(C#CCCC)cc([C@@]2(c3ccc(OC(F)F)cc3)N=C(N)N(C)C2=O)ccc1,GA{G}Baraaa{aar}{A**}r{D~A{D}D{A}Ar~B}araa{aaar}A^AAAA,37.60184536797154
BACE_588,FC(F)COc1cc(ccc1)[C@]1(N=C(N)N(C)C1=O)c1ccc(OC(F)F)cc1,7.5228786,NC1=N[C@](c2ccc(OC(F)F)cc2)(c2cc(OCC(F)F)ccc2)C(=O)N1C,GA{G}ABaraa{aaar}{A*}r{D~A{D}D{A}Ar~B}araaa{BA{G}G}aar,37.60184536797154
BACE_589,Fc1ccc(cc1OCC\C=C(\F)/F)[C@]1(N=C(N)N(C)C1=O)c1ccc(OC(F)F)cc1,7.5228786,C1(N)=N[C@](c2ccc(OC(F)F)cc2)(c2ccc(F)c(OCCC=C(F)F)c2)C(=O)N1C,Garaaa{aarBAA!A~A{!G}|G}{A*}r{D~A{D}D{A}Ar~B}araaa{BA{G}G}aar,37.60184536797154
BACE_590,FC(F)Oc1ccc(cc1)[C@@]1(N=C(N)N(C)C1=O)c1cc(OCC\C=C(\F)/F)ccc1,7.5228786,C(Oc1ccc([C@]2(c3cc(OCCC=C(F)F)ccc3)N=C(N)N(C)C2=O)cc1)(F)F,GA{G}Baraaa{aar}{A**}r{D~A{D}D{A}Ar~B}araa{BAA!A~A{!G}|G}aaar,37.60184536797154
BACE_591,Fc1ccc(cc1C#CCCC)[C@]1(N=C(N)N(C)C1=O)c1cc(C)c(OC(F)F)cc1,7.5228786,N1(C)C(=O)[C@](c2cc(C#CCCC)c(F)cc2)(c2cc(C)c(OC(F)F)cc2)N=C1N,Garaaa{aarA^AAAA}{A*}r{D~A{D}D{A}Ar~B}araa{A}a{BA{G}G}aar,37.60184536797154
BACE_592,Fc1cc(cc(F)c1)C[C@H](NC(=O)c1c2cccnc2n(c1)C(=O)N1CCCC[C@@H]1COC)[C@H](O)C[NH2+]Cc1cc(OC)ccc1,7.5228786,c1(C[NH2+]C[C@@H](O)[C@H](Cc2cc(F)cc(F)c2)NC(=O)c2cn(C(=O)N3CCCC[C@@H]3COC)c3ncccc32)cc(OC)ccc1,Garaa{aa{G}ar}A{A*Q}{DA{~B}arasaaadasd{ar}A{~B}DrAAAA{A**Q}rABA}{A*Q}{B}A{DQs%}Aaraa{BA}aaar,37.60184536797154
BACE_593,Clc1cc2c(n(cc2C(=O)NC(Cc2cc(F)cc(F)c2)C(O)C[NH2+]Cc2cc(OC)ccc2)C(=O)N(CCCC)C)cc1,7.5228786,O(c1cccc(C[NH2+]CC(O)C(NC(c2cn(C(N(CCCC)C)=O)c3ccc(Cl)cc23)=O)Cc2cc(F)cc(F)c2)c1)C,Zaraasa{d{aasA{~B}DA{Aasaa{G}aa{G}as}A{B}A{DQs%}Aasaa{BA}aaas}A{~B}D{AAAA}A}aar,37.60184536797154
BACE_594,O=C1N(C)C(=NC1(c1cc(ccc1)-c1cncnc1)c1cn(nc1)CC(C)C)N,7.5228786,n1cc(-c2cc(C3(c4cnn(CC(C)C)c4)C(=O)N(C)C(N)=N3)ccc2)cnc1,B~ArD{A}A{~DAr{araa{aaar}_aradadar}arad{dar}AA{A}A}D,37.60184536797154
BACE_595,O=C1N(C)C(=NC1(c1cc(ccc1)-c1cncnc1)c1cn(nc1)CCC(C)C)N,7.5228786,c1c(-c2cc(C3(c4cn(CCC(C)C)nc4)N=C(N)N(C)C3=O)ccc2)cncn1,B~ArD{A}A{~DAr{araa{aaar}_aradadar}arad{dar}AAA{A}A}D,37.60184536797154
BACE_596,Fc1ccc(cc1-c1cccnc1F)C1(N=C(N)N(C)C1=O)c1cn(nc1)CC,7.5228786,C1(c2ccc(F)c(-c3cccnc3F)c2)(c2cnn(CC)c2)N=C(N)N(C)C1=O,Garaaa{aar_araaadarG}Ar{D~A{D}D{A}Ar~B}arad{dar}AA,37.60184536797154
BACE_597,Fc1ncccc1-c1cc(ccc1)C1(N=C(N)N(C)C1=O)c1cn(nc1)CC(F)(F)F,7.5228786,FC(Cn1ncc(C2(c3cccc(-c4cccnc4F)c3)N=C(N)N(C)C2=O)c1)(F)F,Gardaaaar_araa{aaar}Ar{D~A{D}D{A}Ar~B}arad{dar}AA{G}{G}G,37.60184536797154
BACE_598,s1cc(cc1)C1(N=C(N)N(C)C1=O)c1cc(-c2cccnc2F)c(F)cc1,7.5228786,N1=C(N)N(C)C(=O)C1(c1cscc1)c1cc(-c2cccnc2F)c(F)cc1,eraa{aar}Ar{D~A{D}D{A}Ar~B}araa{_asaaadasG}a{G}aar,37.60184536797154
BACE_599,Fc1ncccc1-c1cc2c(CC(CC23N=C(N)N(C)C3=O)(C)C)cc1,7.5228786,Fc1ncccc1-c1cc2c(cc1)CC(C)(C)CC21N=C(N)N(C)C1=O,Gardaaaar_araasa{AA{AAstD~A{D}D{A}At~B}{A}A}aar,37.60184536797154
BACE_600,Clc1cc(cnc1)-c1cc2c(CC(CC23N=C(N)N(C)C3=O)(C)C)cc1,7.5228786,c1(-c2cncc(Cl)c2)ccc2c(c1)C1(N=C(N)N(C)C1=O)CC(C)(C)C2,Zaraa{adar}_araasa{AA{AAstD~A{D}D{A}At~B}{A}A}aar,37.60184536797154
BACE_601,Fc1ncccc1-c1cc(ccc1)C1(N=C(N2C1=NCC(F)(F)C2)N)c1ccc(OC(F)F)cc1,7.52,C1(N)=NC(c2ccc(OC(F)F)cc2)(c2cccc(-c3c(F)nccc3)c2)C2=NCC(F)(F)CN12,Gardaaaar_araa{aaar}Ar{D~A{DsAr~DAA{G}{G}As}D}araaa{BA{G}G}aar,37.637925587186274
BACE_602,Fc1cc(cc(F)c1)CC(NC(=O)c1cc(ccc1)C(=O)N(CCC)CCC)C(O)C[NH2+]Cc1cc(OC)ccc1,7.5086384,C(C)CN(CCC)C(=O)c1cccc(C(=O)NC(C(O)C[NH2+]Cc2cc(OC)ccc2)Cc2cc(F)cc(F)c2)c1,Garaa{aa{G}ar}AA{DA{~B}araa{aaar}A{~B}D{AAA}AAA}A{B}A{DQs%}Aaraa{BA}aaar,37.78033127697642
BACE_603,S1(=O)(=O)N(CCCC1)c1cc(cc(c1)/C(=N\OCc1ccccc1)/C)C(=O)N[C@H]([C@@H](O)C[NH2+]Cc1cc(OC)ccc1)Cc1cc(F)cc(F)c1,7.5086384,c1c(CO/N=C(/C)c2cc(N3CCCCS3(=O)=O)cc(C(N[C@@H](Cc3cc(F)cc(F)c3)[C@@H](O)C[NH2+]Cc3cc(OC)ccc3)=O)c2)cccc1,Er{~B}{~B}D{AAAAr}araa{aa{ar}|A{~D!BAaraaaaar}|A}A{~B}D{A*Q}{{A**Q}{B}A{DQs%}Aaraa{BA}aaar}Aaraa{G}aa{G}ar,37.78033127697642
BACE_604,s1cncc1CNC(=O)C(Cc1cc2cc(ccc2nc1N)-c1ccccc1C)C,7.5086384,c1ccc(-c2ccc3c(c2)cc(CC(C)C(NCc2scnc2)=O)c(N)n3)c(C)c1,eradaarADA{~B}A{Aaraasaa{aaasdarD}_araaaaarA}A,37.78033127697642
BACE_605,Fc1cc(cc(F)c1)CC(NC(=O)C(N1CCC(NC(=O)C)(C(CC)C)C1=O)C)C(O)C1[NH2+]CC(O)C1,7.5086384,c1(F)cc(F)cc(CC(NC(=O)C(C)N2C(=O)C(NC(=O)C)(C(CC)C)CC2)C(C2[NH2+]CC(O)C2)O)c1,Garaa{aa{G}ar}AA{DA{~B}A{DrAAA{DA{~B}A}{A{AA}A}Ar~B}A}A{B}Ar{DQs%}AA{B}Ar,37.78033127697642
BACE_606,Clc1ccc(nc1)C(=O)Nc1cc(C2(N=C(N)COC2)C)c(F)cc1,7.5086384,c1(F)c(C2(C)N=C(N)COC2)cc(NC(c2ncc(Cl)cc2)=O)cc1,Zaraaa{dar}A{~B}Daraa{As{D~A{D}ABAs}A}a{G}aar,37.78033127697642
BACE_607,Clc1ccc(nc1)C(=O)Nc1cc(C2(N=C(N)C3(CC2)CC3)C)c(F)cc1,7.5086384,C1(N)=NC(C)(c2cc(NC(c3ccc(Cl)cn3)=O)ccc2F)CCC12CC2,Zaraaa{dar}A{~B}Daraa{As{D~A{D}At{AAs}AAt}A}a{G}aar,37.78033127697642
BACE_608,S1(=O)(=O)N(c2cc(cc3n(cc(CC1)c23)CC)C(=O)NC([C@H](O)C[NH2+]CC(F)(F)C(F)(F)F)Cc1ccccc1)C,7.4948502,c1cccc(CC([C@@H](C[NH2+]CC(F)(C(F)(F)F)F)O)NC(=O)c2cc3n(CC)cc4c3c(c2)N(C)S(=O)(=O)CC4)c1,Er{~B}{~B}D{asaa{aatd{aa{AAr}ast}AA}A{~B}DA{{A*Q}{B}A{DQs%}AA{G}{G}A{G}{G}G}Aaraaaaar}A,37.953151842034565
BACE_609,S(=O)(=O)(N(c1cc(ccc1)C(=O)NC(Cc1ccccc1)C(O)C[NH2+]C(CCCC(C)C)C)c1ccccc1)C,7.4948502,[NH2+](CC(C(Cc1ccccc1)NC(=O)c1cc(N(c2ccccc2)S(C)(=O)=O)ccc1)O)C(CCCC(C)C)C,E{~B}{~B}{D{araa{aaar}A{~B}DA{Aaraaaaar}A{B}A{DQs%}A{AAAA{A}A}A}araaaaar}A,37.953151842034565
BACE_610,Fc1cc(cc(F)c1)CC(NC(=O)c1c2cccnc2n(c1)C(=O)N(CCCCC)C)C(O)C[NH2+]Cc1cc(OC)ccc1,7.4948502,C(C(NC(c1cn(C(=O)N(CCCCC)C)c2ncccc12)=O)Cc1cc(F)cc(F)c1)(O)C[NH2+]Cc1cccc(OC)c1,Garaa{aa{G}ar}AA{DA{~B}arasaaadasd{ar}A{~B}D{AAAAA}A}A{B}A{DQs%}Aaraa{BA}aaar,37.953151842034565
BACE_611,Fc1cc(cc(F)c1)CC(NC(=O)C(N1CCC(COC)C1=O)CCc1ccccc1)C(O)C[NH2+]Cc1cc(OC)ccc1,7.4948502,C(C[NH2+]Cc1cc(OC)ccc1)(C(NC(=O)C(CCc1ccccc1)N1C(=O)C(COC)CC1)Cc1cc(F)cc(F)c1)O,Garaa{aa{G}ar}AA{DA{~B}A{DrAAA{ABA}Ar~B}AAaraaaaar}A{B}A{DQs%}Aaraa{BA}aaar,37.953151842034565
BACE_612,S1(=O)(=O)CC(Cc2cc(O[C@@H](COCC)C(F)(F)F)c(N)c(F)c2)C(O)C([NH2+]Cc2cc(ccc2)C(C)(C)C)C1,7.4948502,Fc1cc(CC2CS(=O)(=O)CC([NH2+]Cc3cc(C(C)(C)C)ccc3)C2O)cc(O[C@@H](COCC)C(F)(F)F)c1N,Er{~B}{~B}AA{Aasaa{B{A**Q}{ABAA}A{G}{G}G}a{D}a{G}as}A{B}A{{DQs%}Aasaa{aaas}A{A}{A}A}Ar,37.953151842034565
BACE_613,FC1(F)COC(=NC1(C)c1cc(NC(=O)c2ncc(cc2)C#C)ccc1F)N,7.4948502,FC1(F)COC(N)=NC1(c1c(F)ccc(NC(=O)c2ccc(C#C)cn2)c1)C,GAr{G}ABA{~DAr{A}araa{DA{~B}asdaa{aas}A^A}aaarG}D,37.953151842034565
BACE_614,Clc1ccc(nc1)C(=O)Nc1cc(ccc1)C1(N=C(N)C[NH+](C1)C)C,7.4948502,c1cc(Cl)cnc1C(=O)Nc1cccc(C2(C)C[NH+](C)CC(N)=N2)c1,Zaraaa{dar}A{~B}Daraa{aaar}Ar{D~A{D}A{DQ%}{Ar}A}A,37.953151842034565
BACE_615,Fc1cc(cc(F)c1)CC(NC(=O)C)C(O)C[NH2+]C1(CCC(CC1)C(F)(F)F)c1cc(ccc1)C(C)(C)C,7.4814858,C1C([NH2+]CC(O)C(Cc2cc(F)cc(F)c2)NC(C)=O)(c2cccc(C(C)(C)C)c2)CCC(C(F)(F)F)C1,Garaa{aa{G}ar}AA{DA{~B}A}A{B}A{DQs%}Ar{AAA{AAr}A{G}{G}G}araa{aaar}A{A}{A}A,38.12066052044532
BACE_616,Fc1cc(cc(F)c1)CC(NC(=O)c1c2cccnc2n(c1)C(=O)N(CCCC)C)C(O)C[NH2+]Cc1cc(OC)ccc1,7.4814858,c1c(F)cc(F)cc1CC(NC(=O)c1cn(C(N(C)CCCC)=O)c2ncccc21)C(O)C[NH2+]Cc1cc(OC)ccc1,Garaa{aa{G}ar}AA{DA{~B}arasaaadasd{ar}A{~B}D{AAAA}A}A{B}A{DQs%}Aaraa{BA}aaar,38.12066052044532
BACE_617,O1c2ncc(cc2C([NH2+]CC(O)C(NC(=O)COC)Cc2cc(ccc2)-c2ccncc2)CC12CCC2)CC(C)(C)C,7.4814858,N(C(Cc1cccc(-c2ccncc2)c1)C(O)C[NH2+]C1CC2(CCC2)Oc2ncc(CC(C)(C)C)cc21)C(COC)=O,Brasdaa{aasA{{DQs%}AA{B}A{DA{~B}ABA}Aasaa{aaas}_asaadaas}AArsAAAs}AA{A}{A}A,38.12066052044532
BACE_618,S1(=O)CC(Cc2cc(OC)c(N)c(F)c2)C(O)C([NH2+]Cc2cc(ccc2)C(C)(C)C)C1,7.4814858,c1(F)cc(CC2C(O)C([NH2+]Cc3cc(C(C)(C)C)ccc3)CS(=O)C2)cc(OC)c1N,Er{~B}AA{Aasaa{BA}a{D}a{G}as}A{B}A{{DQs%}Aasaa{aaas}A{A}{A}A}Ar,38.12066052044532
BACE_619,Fc1ncccc1C(=O)NC(Cc1cc2OCOc2cc1)C(O)C[NH2+]C1CC2(Oc3ncc(cc13)CC(C)(C)C)CCC2,7.4788618,C12(CC([NH2+]CC(O)C(NC(c3cccnc3F)=O)Cc3cc4c(cc3)OCO4)c3c(ncc(CC(C)(C)C)c3)O1)CCC2,GardaaaarA{~B}DA{AaraasBABasaar}A{B}A{DQs%}ArAAs{Batdaa{aart}AA{A}{A}A}AAAs,38.15354959680863
BACE_620,FC(F)(F)c1cc(ccc1)C[NH2+]CC(O)C(NC(=O)c1cc(N2CCCC2=O)c2nnn(c2c1)CC)Cc1ccccc1,7.4685211,C([NH2+]CC(O)C(NC(=O)c1cc2c(nnn2CC)c(N2C(=O)CCC2)c1)Cc1ccccc1)c1cc(C(F)(F)F)ccc1,GA{G}{G}araa{aaar}A{DQs%}AA{B}A{DA{~B}araa{DsAAAAs~B}asddd{asar}AA}Aaraaaaar,38.283159380326175
BACE_621,FC(F)(F)Oc1ccc(cc1)C1([NH+]=C(N2C1=NCCC2)N)c1cc(ccc1)-c1cncnc1,7.4685211,c1c(-c2cncnc2)cccc1C1(c2ccc(OC(F)(F)F)cc2)C2=NCCCN2C(N)=[NH+]1,GA{G}{G}Baraaa{aar}Ar{{DQ%}~A{DsAr~DAAAs}D}araa{aaar}_aradadar,38.283159380326175
BACE_622,O=C(NCC1CCCCC1)CCc1cc2cc(ccc2nc1N)-c1ccccc1C,7.4685211,c1(-c2c(C)cccc2)cc2c(nc(N)c(CCC(=O)NCC3CCCCC3)c2)cc1,B~A{DAArAAAAAr}AAaraasaa{aaasdarD}_araaaaarA,38.283159380326175
BACE_623,Fc1cc(cc(F)c1)CC(NC(=O)C(N1CCC(NC(=O)C)(C(CC)C)C1=O)CCc1ccccc1)C(O)C1[NH2+]CC([NH3+])C1,7.4685211,Fc1cc(CC(NC(=O)C(N2CCC(C(C)CC)(NC(C)=O)C2=O)CCc2ccccc2)C(C2[NH2+]CC([NH3+])C2)O)cc(F)c1,Garaa{aa{G}ar}AA{DA{~B}A{DrAAA{DA{~B}A}{A{AA}A}Ar~B}AAaraaaaar}A{B}Ar{DQs%}AA{{DQt%}}Ar,38.283159380326175
BACE_624,Fc1cc(cc(F)c1)CC(NC(=O)C(N1CCC(CC(C)C)C1=O)C)C(O)C1[NH2+]CC(OCCC)C1,7.4559321,C1(C(C(NC(C(C)N2CCC(CC(C)C)C2=O)=O)Cc2cc(F)cc(F)c2)O)[NH2+]CC(OCCC)C1,Garaa{aa{G}ar}AA{DA{~B}A{DrAAA{AA{A}A}Ar~B}A}A{B}Ar{DQs%}AA{BAAA}Ar,38.4409492364
BACE_625,Fc1ccc(cc1-c1cncnc1)C1(N=C(N)c2c1cccc2F)c1cc(ncc1)C(F)F,7.4546928,c1c2c(c(F)cc1)C(N)=NC2(c1cc(-c2cncnc2)c(F)cc1)c1ccnc(C(F)F)c1,Garaaa{aar_aradadar}Ar{D~A{D}asaraaaasG}araa{daar}A{G}G,38.45648255665039
BACE_626,FC(F)Oc1cc(ccc1OC(F)F)CC(NC(=O)C)C(O)C[NH2+]C1CC2(Oc3ncc(cc13)CC(C)(C)C)CCC2,7.4534574,C1C2(Oc3ncc(CC(C)(C)C)cc3C1[NH2+]CC(C(NC(C)=O)Cc1ccc(OC(F)F)c(OC(F)F)c1)O)CCC2,GA{G}Baraa{aaarBA{G}G}AA{DA{~B}A}A{B}A{DQs%}ArAAs{Batdaa{aart}AA{A}{A}A}AAAs,38.47196699450834
BACE_627,Clc1cc(ccc1OC)C1(N=C(N)N(C)C1=O)c1cc(ccc1)-c1cccnc1,7.4436975,c1c(OC)c(Cl)cc(C2(c3cc(-c4cccnc4)ccc3)N=C(N)N(C)C2=O)c1,Zaraa{aaarBA}Ar{D~A{D}D{A}Ar~B}araa{aaar}_araaadar,38.59429706173328
BACE_628,O=C(N1CCC(CC1C1CCCCC1)c1ccccc1)C1C[NH2+]CC12CCCc1nc(ccc12)C,7.4436975,c12c(ccc(C)n1)C1(C(C(=O)N3C(C4CCCCC4)CC(c4ccccc4)CC3)C[NH2+]C1)CCC2,B~A{DrAAA{AArArAAAAAr}araaaaar}ArA{DQs%}AArsAAAarda{aaars}A,38.59429706173328
BACE_629,S1(=O)(=O)CC(Cc2cc(OCC(F)(F)F)c(N)cc2)C(O)C([NH2+]Cc2cc(ccc2)C(C)(C)C)C1,7.4436975,C(Oc1c(N)ccc(CC2CS(=O)(=O)CC([NH2+]Cc3cccc(C(C)(C)C)c3)C2O)c1)C(F)(F)F,Er{~B}{~B}AA{Aasaa{BAA{G}{G}G}a{D}aas}A{B}A{{DQs%}Aasaa{aaas}A{A}{A}A}Ar,38.59429706173328
BACE_630,S1(=O)(=O)CC(Cc2cc(OC(C(F)(F)F)C(F)(F)F)c(N)c(F)c2)C(O)C([NH2+]Cc2cn(nc2)CC(C)(C)C)C1,7.4436975,FC(F)(C(C(F)(F)F)Oc1cc(CC2CS(=O)(=O)CC([NH2+]Cc3cnn(CC(C)(C)C)c3)C2O)cc(F)c1N)F,Er{~B}{~B}AA{Aasaa{BA{A{G}{G}G}A{G}{G}G}a{D}a{G}as}A{B}A{{DQs%}Aasad{das}AA{A}{A}A}Ar,38.59429706173328
BACE_631,Clc1cc(-c2cc3c(OC(CC34N=C(N)N(C)C4=O)(C)C)cc2)c(F)cc1,7.4436975,C12(N=C(N)N(C)C1=O)c1c(ccc(-c3c(F)ccc(Cl)c3)c1)OC(C)(C)C2,Zaraa{_asaata{BA{AAtuD~A{D}D{A}Au~B}{A}A}aas}a{G}aar,38.59429706173328
BACE_632,FC1(F)COC(=NC1(C)c1cc(NC(=O)c2nn(cc2)C(F)F)ccc1F)N,7.4436975,FC(F)n1ccc(C(=O)Nc2cc(C3(C)N=C(N)OCC3(F)F)c(F)cc2)n1,GAr{G}ABA{~DAr{A}araa{DA{~B}asdd{aas}A{G}G}aaarG}D,38.59429706173328
BACE_633,Fc1ccc(cc1-c1cncnc1)C1(N=C(N)c2c1cc(F)cc2F)c1cc(ncc1)C(F)F,7.4412913,c1c(C2(c3cc(-c4cncnc4)c(F)cc3)N=C(N)c3c(F)cc(F)cc32)cc(C(F)F)nc1,Garaaa{aar_aradadar}Ar{D~A{D}asaraa{G}aasG}araa{daar}A{G}G,38.624456244486865
BACE_634,Fc1ccc(cc1-c1cccnc1)C1(N=C(N2C1=NCC(F)(F)C2)N)c1cc(C)c(OC)cc1,7.4299998,Cc1cc(C2(c3ccc(F)c(-c4cccnc4)c3)N=C(N)N3C2=NCC(F)(F)C3)ccc1OC,Garaaa{aar_araaadar}Ar{D~A{DsAr~DAA{G}{G}As}D}araa{A}a{BA}aar,38.76598330460741
BACE_635,S1(=O)(=O)N(CCCC1)c1cc(cc(c1)/C(=N\O)/C)C(=O)N[C@H]([C@@H](O)C[NH2+]Cc1cc(OC)ccc1)Cc1cc(F)cc(F)c1,7.4202166,c1(N2CCCCS2(=O)=O)cc(C(=O)N[C@H]([C@@H](O)C[NH2+]Cc2cccc(OC)c2)Cc2cc(F)cc(F)c2)cc(/C(C)=N\O)c1,Er{~B}{~B}D{AAAAr}araa{aa{ar}|A{~D!B}|A}A{~B}D{A*Q}{{A**Q}{B}A{DQs%}Aaraa{BA}aaar}Aaraa{G}aa{G}ar,38.88860541279244
BACE_636,Fc1cc(cc(F)c1)CC(NC(=O)C)C(O)C[NH2+]C1(CCC(CC1)CO)c1cc(ccc1)C(C)(C)C,7.4202166,c1ccc(C2([NH2+]CC(C(NC(=O)C)Cc3cc(F)cc(F)c3)O)CCC(CO)CC2)cc1C(C)(C)C,Garaa{aa{G}ar}AA{DA{~B}A}A{B}A{DQs%}Ar{AAA{AAr}AB}araa{aaar}A{A}{A}A,38.88860541279244
BACE_637,Fc1cc(cc(F)c1)CC(NC(=O)C(N1CCC(CCCC)C1=O)CCc1ccccc1)C(O)C[NH2+]Cc1cc(OC)ccc1,7.4202166,c1(OC)cc(C[NH2+]CC(C(Cc2cc(F)cc(F)c2)NC(C(N2C(=O)C(CCCC)CC2)CCc2ccccc2)=O)O)ccc1,Garaa{aa{G}ar}AA{DA{~B}A{DrAAA{AAAA}Ar~B}AAaraaaaar}A{B}A{DQs%}Aaraa{BA}aaar,38.88860541279244
BACE_638,Clc1cc(cc(F)c1)-c1cc2c(OC(CC23N=C(N)N(C)C3=O)(C)C)cc1,7.4089355,N1(C)C(N)=NC2(C1=O)c1cc(-c3cc(F)cc(Cl)c3)ccc1OC(C)(C)C2,Zaraa{aa{G}ar}_araasa{BA{AAstD~A{D}D{A}At~B}{A}A}aar,39.03000211986642
BACE_639,Clc1cc(Cl)cnc1C(=O)Nc1cc(C2(N=C(OCC2)N)C)c(F)cc1,7.4089355,c1(NC(c2ncc(Cl)cc2Cl)=O)ccc(F)c(C2(C)CCOC(N)=N2)c1,Zaraa{Z}adarA{~B}Daraa{As{D~A{BAAs}D}A}a{G}aar,39.03000211986642
BACE_640,S1(=O)(=O)N(c2cc(cc3n(cc(CC1)c23)CC)C(=O)NC([C@H](O)C[NH2+]CCF)Cc1ccccc1)C,7.3979402,c1(CC(NC(c2cc3c4c(cn(CC)c4c2)CCS(=O)(=O)N3C)=O)[C@H](O)C[NH2+]CCF)ccccc1,Er{~B}{~B}D{asaa{aatd{aa{AAr}ast}AA}A{~B}DA{{A*Q}{B}A{DQs%}AAG}Aaraaaaar}A,39.1678166249493
BACE_641,FC(F)(F)c1cc(ccc1)C[NH2+]CC(O)C(NC(=O)c1cc(N2CCCC2=O)c2n(cc(c2c1)CC)C)Cc1ccccc1,7.3979402,c1n(C)c2c(N3CCCC3=O)cc(C(=O)NC(C(C[NH2+]Cc3cc(C(F)(F)F)ccc3)O)Cc3ccccc3)cc2c1CC,GA{G}{G}araa{aaar}A{DQs%}AA{B}A{DA{~B}araa{DsAAAAs~B}asd{aa{asar}AA}A}Aaraaaaar,39.1678166249493
BACE_642,S1(=O)(=O)N(CCCC1)c1cc(cc(NCC)c1)C(=O)NC(Cc1ccccc1)C(O)C[NH2+]Cc1cc(cnc1)C#N,7.3979402,S1(=O)(=O)CCCCN1c1cc(C(NC(C(O)C[NH2+]Cc2cc(C#N)cnc2)Cc2ccccc2)=O)cc(NCC)c1,Er{~B}{~B}D{AAAAr}araa{aa{DAA}ar}A{~B}DA{Aaraaaaar}A{B}A{DQs%}Aaraa{adar}A^D,39.1678166249493
BACE_643,o1ccc(C)c1C(=O)Nc1cc(ccc1)C1(N=C(N)N(C)C1=O)C1CCCCC1,7.3979402,c1ccc(C2(C3CCCCC3)C(=O)N(C)C(N)=N2)cc1NC(c1c(C)cco1)=O,braaa{A}arA{~B}Daraa{aaar}Ar{D~A{D}D{A}Ar~B}ArAAAAAr,39.1678166249493
BACE_644,FC(F)(F)c1cc(ccc1OC)C1(N=C(N)N(C)C1=O)c1cc(ccc1)-c1cccnc1,7.3979402,C1(=O)C(c2cc(C(F)(F)F)c(OC)cc2)(c2cc(-c3cnccc3)ccc2)N=C(N)N1C,GA{G}{G}araa{aaarBA}Ar{D~A{D}D{A}Ar~B}araa{aaar}_araaadar,39.1678166249493
BACE_645,O=C1N(C)C(=NC1(c1cc(ccc1)-c1cc(ccc1)C#N)c1ccncc1)N,7.3979402,c1cc(C2(c3ccncc3)N=C(N)N(C)C2=O)cc(-c2cc(C#N)ccc2)c1,B~ArD{A}A{~DAr{araa{aaar}_araa{aaar}A^D}araadaar}D,39.1678166249493
BACE_646,Fc1c(cccc1F)-c1cc(ccc1)C1(N=C(N)N(C)C1=O)c1ccncc1,7.3979402,C1(N)=NC(c2ccncc2)(c2cccc(-c3cccc(F)c3F)c2)C(=O)N1C,Gara{aaaarG}_araa{aaar}Ar{D~A{D}D{A}Ar~B}araadaar,39.1678166249493
BACE_647,Clc1ccccc1-c1n(Cc2nc(N)c(OCCO)cc2)c(cc1)-c1ccc(Oc2cncnc2)cc1,7.3979402,Clc1ccccc1-c1ccc(-c2ccc(Oc3cncnc3)cc2)n1Cc1ccc(OCCO)c(N)n1,Zaraaaaar_ard{Aasda{D}a{BAAB}aas}a{aar}_araaa{Basadadas}aar,39.1678166249493
BACE_648,FCC\C=C\c1cc(ccc1)[C@]1(N=C(N)N(C)C1=O)c1ccc(OC(F)F)cc1,7.3979402,c1(/C=C/CCF)cc([C@]2(c3ccc(OC(F)F)cc3)C(=O)N(C)C(N)=N2)ccc1,GAA!A~A!araa{aaar}{A*}r{D~A{D}D{A}Ar~B}araaa{BA{G}G}aar,39.1678166249493
BACE_649,FC(F)Oc1ccc(cc1)[C@@]1(N=C(N)N(C)C1=O)c1cc(ccc1)\C=C\CCCO,7.3979402,C(CO)C/C=C/c1cc([C@@]2(c3ccc(OC(F)F)cc3)N=C(N)N(C)C2=O)ccc1,GA{G}Baraaa{aar}{A**}r{D~A{D}D{A}Ar~B}araa{aaar}!A~A!AAAB,39.1678166249493
BACE_650,FC(F)Oc1ccc(cc1)[C@@]1(N=C(N)N(C)C1=O)c1cc(ccc1)C#CCC,7.3979402,C(C#Cc1cccc([C@]2(c3ccc(OC(F)F)cc3)C(=O)N(C)C(N)=N2)c1)C,GA{G}Baraaa{aar}{A**}r{D~A{D}D{A}Ar~B}araa{aaar}A^AAA,39.1678166249493
BACE_651,FCCCCC#Cc1cc(ccc1)[C@]1(N=C(N)N(C)C1=O)c1ccc(OC(F)F)cc1,7.3979402,O(c1ccc([C@@]2(c3cc(C#CCCCCF)ccc3)C(=O)N(C)C(N)=N2)cc1)C(F)F,GAAAAA^Aaraa{aaar}{A*}r{D~A{D}D{A}Ar~B}araaa{BA{G}G}aar,39.1678166249493
BACE_652,Fc1cc(cc(F)c1)CC(NC(=O)C(N1CCC(C(O)CCC)C1=O)C)C(O)C1[NH2+]CC(O)C1,7.3979402,c1(CC(NC(=O)C(N2C(=O)C(C(CCC)O)CC2)C)C(O)C2CC(O)C[NH2+]2)cc(F)cc(F)c1,Garaa{aa{G}ar}AA{DA{~B}A{DrAAA{A{B}AAA}Ar~B}A}A{B}Ar{DQs%}AA{B}Ar,39.1678166249493
BACE_653,Fc1ccc(cc1-c1cncnc1)C1(N=C(N)N(C)C1=O)c1cn(nc1)CC,7.3979402,c1cc(F)c(-c2cncnc2)cc1C1(c2cn(CC)nc2)N=C(N)N(C)C1=O,Garaaa{aar_aradadar}Ar{D~A{D}D{A}Ar~B}arad{dar}AA,39.1678166249493
BACE_654,Fc1ccc(cc1-c1cccnc1F)C1(N=C(N)N(C)C1=O)c1cn(nc1)C(C)C,7.3979402,Fc1ccc(C2(c3cn(C(C)C)nc3)N=C(N)N(C)C2=O)cc1-c1cccnc1F,Garaaa{aar_araaadarG}Ar{D~A{D}D{A}Ar~B}arad{dar}A{A}A,39.1678166249493
BACE_655,s1cc(cc1)C1(N=C(N)N(C)C1=O)c1cc(ccc1)-c1cccnc1F,7.3979402,C1(N)=NC(c2cc(-c3cccnc3F)ccc2)(c2cscc2)C(=O)N1C,eraa{aar}Ar{D~A{D}D{A}Ar~B}araa{aaar}_araaadarG,39.1678166249493
BACE_656,s1cc(cc1)C1(N=C(N)N(C)C1=O)c1cc(ccc1)-c1cc(OC)cnc1,7.3979402,NC1=NC(c2cscc2)(c2cc(-c3cc(OC)cnc3)ccc2)C(=O)N1C,eraa{aar}Ar{D~A{D}D{A}Ar~B}araa{aaar}_araa{BA}adar,39.1678166249493
BACE_657,Clc1ccc(nc1)C(=O)Nc1cc(C2(N=C(N)C(=O)N(C2)C)C)c(F)cc1,7.3979402,c1c(F)c(C2(C)N=C(N)C(=O)N(C)C2)cc(NC(c2ccc(Cl)cn2)=O)c1,Zaraaa{dar}A{~B}Daraa{As{D~A{D}A{~B}D{As}A}A}a{G}aar,39.1678166249493
BACE_658,Fc1ccc(cc1C#CC)[C@]1(N=C(N)N(C)C1=O)c1ccc(OC(F)F)cc1,7.3872161,Fc1ccc([C@@]2(c3ccc(OC(F)F)cc3)N=C(N)N(C)C2=O)cc1C#CC,Garaaa{aarA^AA}{A*}r{D~A{D}D{A}Ar~B}araaa{BA{G}G}aar,39.30223192366415
BACE_659,Fc1c2c(ccc1)C(N=C2N)(c1cc(C#N)c(OC)c(c1)C)c1cc(ccc1)-c1cncnc1,7.3798637,c1(OC)c(C#N)cc(C2(c3cc(-c4cncnc4)ccc3)N=C(N)c3c(F)cccc32)cc1C,Garasa{aaar}A{D~AsD}{araa{A^D}a{BA}a{ar}A}araa{aaar}_aradadar,39.3943865140047
BACE_660,O1CCCCOc2nc(cc(c2)C(=O)NC(Cc2cc1ccc2)C(O)C[NH2+]Cc1cc(ccc1)C(C)C)C,7.3767509,c12cc(cc(C)n1)C(=O)NC(C(O)C[NH2+]Cc1cc(C(C)C)ccc1)Cc1cc(ccc1)OCCCCO2,BrAAAABasda{aa{as}A{~B}DA{Aasaaraaas}A{B}A{DQs%}Aaraa{aaar}A{A}A}A,39.43340218355641
BACE_661,FC1(F)COC(=NC1(C)c1cc(NC(=O)c2ncc(OC(F)(F)C(F)F)cc2)ccc1F)N,7.3767509,NC1=NC(c2cc(NC(=O)c3ncc(OC(F)(F)C(F)F)cc3)ccc2F)(C)C(F)(F)CO1,GAr{G}ABA{~DAr{A}araa{DA{~B}asdaa{BA{G}{G}A{G}G}aas}aaarG}D,39.43340218355641
BACE_662,S1(=O)(=O)N(CCCC1)c1cc(cc(c1)C(=O)N[C@H]([C@@H](O)C[NH2+]Cc1cc(OC)ccc1)Cc1cc(F)cc(F)c1)C(O)C,7.3665314,c1c(OC)cc(C[NH2+]C[C@@H]([C@@H](NC(c2cc(N3CCCCS3(=O)=O)cc(C(C)O)c2)=O)Cc2cc(F)cc(F)c2)O)cc1,Er{~B}{~B}D{AAAAr}araa{aa{ar}A{~B}D{A*Q}{{A**Q}{B}A{DQs%}Aaraa{BA}aaar}Aaraa{G}aa{G}ar}A{B}A,39.561492852723646
BACE_663,S(=O)(=O)(N(C)c1cc(cc(c1)C(=O)N[C@H]([C@@H](O)C[NH2+]Cc1cc(OC)ccc1)Cc1cc(F)cc(F)c1)C(O)C)C,7.3665314,c1c(C(C)O)cc(N(S(C)(=O)=O)C)cc1C(N[C@H]([C@@H](O)C[NH2+]Cc1cc(OC)ccc1)Cc1cc(F)cc(F)c1)=O,E{~B}{~B}{D{A}araa{aa{ar}A{~B}D{A*Q}{{A**Q}{B}A{DQs%}Aaraa{BA}aaar}Aaraa{G}aa{G}ar}A{B}A}A,39.561492852723646
BACE_664,S1(=O)(=O)CC(Cc2cc(OCCF)c(N)c(F)c2)C(O)C([NH2+]Cc2cc(ccc2)C(C)(C)C)C1,7.3665314,C1C([NH2+]Cc2cccc(C(C)(C)C)c2)C(O)C(Cc2cc(OCCF)c(N)c(F)c2)CS1(=O)=O,Er{~B}{~B}AA{Aasaa{BAAG}a{D}a{G}as}A{B}A{{DQs%}Aasaa{aaas}A{A}{A}A}Ar,39.561492852723646
BACE_665,S1(=O)(=O)CC(Cc2cc(OC(C)C)c(N)c(F)c2)C(O)C([NH2+]Cc2cc(ccc2)C(C)(C)C)C1,7.3665314,c1c(C(C)(C)C)cc(C[NH2+]C2C(O)C(Cc3cc(F)c(N)c(OC(C)C)c3)CS(=O)(=O)C2)cc1,Er{~B}{~B}AA{Aasaa{BA{A}A}a{D}a{G}as}A{B}A{{DQs%}Aasaa{aaas}A{A}{A}A}Ar,39.561492852723646
BACE_666,Fc1cc(ccc1C(F)(F)F)CC(NC(=O)C)C(O)C[NH2+]C1CC2(Oc3ncc(cc13)CC(C)(C)C)CCC2,7.3565474,O=C(NC(C(C[NH2+]C1c2c(ncc(CC(C)(C)C)c2)OC2(CCC2)C1)O)Cc1cc(F)c(C(F)(F)F)cc1)C,Garaa{aaarA{G}{G}G}AA{DA{~B}A}A{B}A{DQs%}ArAAs{Batdaa{aart}AA{A}{A}A}AAAs,39.686631777423074
BACE_667,s1cc(cc1)-c1cc(ccc1)C1([NH2+]CC(O)C(NC(=O)C)Cc2cc(F)cc(F)c2)CCCCC1,7.3565474,CC(NC(C(O)C[NH2+]C1(c2cccc(-c3cscc3)c2)CCCCC1)Cc1cc(F)cc(F)c1)=O,eraa{aar}_araa{aaar}Ar{{DQs%}AA{B}A{DA{~B}A}Aasaa{G}aa{G}as}AAAAAr,39.686631777423074
BACE_668,S1(=O)(=O)CC(Cc2cc(OC(C(F)(F)F)C(F)(F)F)c(N)c(F)c2)C(O)C([NH2+]Cc2cc(OC(F)(F)F)ccc2)C1,7.3565474,c1(OC(C(F)(F)F)C(F)(F)F)c(N)c(F)cc(CC2C(O)C([NH2+]Cc3cc(OC(F)(F)F)ccc3)CS(=O)(=O)C2)c1,Er{~B}{~B}AA{Aasaa{BA{A{G}{G}G}A{G}{G}G}a{D}a{G}as}A{B}A{{DQs%}Aasaa{BA{G}{G}G}aaas}Ar,39.686631777423074
BACE_669,Clc1cc(cc(Cl)c1NC(=O)C)CNC(=[NH2+])NC(=O)Cn1c2cc(ccc2cc1)C#N,7.3565474,c1(CNC(=[NH2+])NC(=O)Cn2c3c(cc2)ccc(C#N)c3)cc(Cl)c(NC(C)=O)c(Cl)c1,Zaraa{aa{Z}arDA{~B}A}ADA{~{DQs%}}DA{~B}Adrasaa{aaasaar}A^D,39.686631777423074
BACE_670,Fc1cc(cc(F)c1)CC(NC(=O)c1c2c(n(c1)C(=O)N(CCCC)CCCC)cccc2)C(O)C[NH2+]Cc1cc(OC)ccc1,7.3467875,CCCCN(C(=O)n1c2ccccc2c(C(NC(C(C[NH2+]Cc2cc(OC)ccc2)O)Cc2cc(F)cc(F)c2)=O)c1)CCCC,Garaa{aa{G}ar}AA{DA{~B}arasa{d{ar}A{~B}D{AAAA}AAAA}aaaas}A{B}A{DQs%}Aaraa{BA}aaar,39.808961844648024
BACE_671,S1(=O)(=O)CC(Cc2cc(OCCC)c(N)cc2)C(O)C([NH2+]Cc2cc(ccc2)C(C)(C)C)C1,7.3467875,c1(CC2CS(=O)(=O)CC([NH2+]Cc3cc(C(C)(C)C)ccc3)C2O)ccc(N)c(OCCC)c1,Er{~B}{~B}AA{Aasaa{BAAA}a{D}aas}A{B}A{{DQs%}Aasaa{aaas}A{A}{A}A}Ar,39.808961844648024
BACE_672,Clc1cc(Cl)cnc1C(=O)Nc1cc(C2(N=C(N)COC2)C)c(F)cc1,7.3467875,c1c(C2(C)COCC(N)=N2)c(F)ccc1NC(c1c(Cl)cc(Cl)cn1)=O,Zaraa{Z}adarA{~B}Daraa{As{D~A{D}ABAs}A}a{G}aar,39.808961844648024
BACE_673,Fc1cc(cc(c1)C(C)(C)C)C1([NH2+]CC(O)C(NC(=O)C)Cc2cc(F)cc(F)c2)CCCCC1,7.3372421,c1c(CC(NC(=O)C)C(O)C[NH2+]C2(c3cc(F)cc(C(C)(C)C)c3)CCCCC2)cc(F)cc1F,Garaa{aa{ar}A{A}{A}A}Ar{{DQs%}AA{B}A{DA{~B}A}Aasaa{G}aa{G}as}AAAAAr,39.928603380287626
BACE_674,Fc1cc(cc(F)c1)CC(NC(=O)C(N1CCC(NC(=O)C)(CC2CC2)C1=O)C)C(O)C[NH2+]Cc1cc(OC)ccc1,7.3372421,CC(N1CCC(CC2CC2)(NC(C)=O)C1=O)C(=O)NC(Cc1cc(F)cc(F)c1)C(C[NH2+]Cc1cccc(OC)c1)O,Garaa{aa{G}ar}AA{DA{~B}A{DrAAA{DA{~B}A}{AAsAAs}Ar~B}A}A{B}A{DQs%}Aaraa{BA}aaar,39.928603380287626
BACE_675,Clc1ccc(nc1)C(=O)Nc1cc(C2(N=C(N)CCOC2)C)c(F)cc1,7.3372421,CC1(c2cc(NC(c3ccc(Cl)cn3)=O)ccc2F)N=C(N)CCOC1,Zaraaa{dar}A{~B}Daraa{As{D~A{D}AABAs}A}a{G}aar,39.928603380287626
BACE_676,Fc1cc(cc(F)c1)CC(NC(=O)C)C(O)C[NH2+]C1(CCC(=O)NC1)c1cc(ccc1)C(C)(C)C,7.3279023,OC(C[NH2+]C1(c2cccc(C(C)(C)C)c2)CNC(=O)CC1)C(Cc1cc(F)cc(F)c1)NC(=O)C,Garaa{aa{G}ar}AA{DA{~B}A}A{B}A{DQs%}Ar{AAA{~B}DAr}araa{aaar}A{A}{A}A,40.04566793646828
BACE_677,Fc1cc(cc(F)c1)CC(NC(=O)C)C(O)C[NH2+]C1(CCCCC1)c1cc(ccc1)C(C)C,7.3279023,C(C[NH2+]C1(c2cc(C(C)C)ccc2)CCCCC1)(O)C(NC(=O)C)Cc1cc(F)cc(F)c1,Garaa{aa{G}ar}AA{DA{~B}A}A{B}A{DQs%}Ar{AAAAAr}araa{aaar}A{A}A,40.04566793646828
BACE_678,O1c2ncc(cc2C([NH2+]CC(O)C(NC(=O)COC)Cc2ccc(cc2)C#C)CC12CCC2)CC(C)(C)C,7.3279023,c1c(CC(C)(C)C)cc2c(n1)OC1(CCC1)CC2[NH2+]CC(O)C(Cc1ccc(C#C)cc1)NC(=O)COC,Brasdaa{aasA{{DQs%}AA{B}A{DA{~B}ABA}Aasaaa{aas}A^A}AArsAAAs}AA{A}{A}A,40.04566793646828
BACE_679,S1c2c(cc(cc2)-c2cc(ccc2)C#N)C2(N=C(N)N(C)C2=O)CC1(C)C,7.3279023,C(c1cccc(-c2ccc3c(c2)C2(N=C(N)N(C)C2=O)CC(C)(C)S3)c1)#N,Erasa{aa{aas}_asaa{aaas}A^D}As{D~A{D}D{A}As~B}AAr{A}A,40.04566793646828
BACE_680,S1(=O)(=O)N(c2cc(cc3c2n(cc3CC)CC1)C(=O)NC(Cc1ccccc1)C(O)C[NH2+]CC)C,7.318759,c1c2c3c(cc1C(NC(C(C[NH2+]CC)O)Cc1ccccc1)=O)N(C)S(=O)(=O)CCn3cc2CC,Er{~B}{~B}D{asaa{aatasd{aatAA}AAr}A{~B}DA{Aaraaaaar}A{B}A{DQs%}AA}A,40.16026957210572
BACE_681,Fc1cc(cc(F)c1)CC(NC(=O)C)C(O)C[NH2+]C1(CCC(CC1)=C)c1cc(ccc1)C(C)(C)C,7.318759,C1C([NH2+]CC(C(Cc2cc(F)cc(F)c2)NC(=O)C)O)(c2cc(C(C)(C)C)ccc2)CCC(=C)C1,Garaa{aa{G}ar}AA{DA{~B}A}A{B}A{DQs%}Ar{AAA{AAr}~A}araa{aaar}A{A}{A}A,40.16026957210572
BACE_682,S1c2c(cc(cc2)-c2cncnc2)C2(N=C(N)N(C)C2=O)CC1(C)C,7.318759,C1C(C)(C)Sc2c(cc(-c3cncnc3)cc2)C12N=C(N)N(C)C2=O,Erasa{aa{aas}_asadadas}As{D~A{D}D{A}As~B}AAr{A}A,40.16026957210572
BACE_683,Fc1ncc(cc1)C(=O)NC(Cc1cc2OCOc2cc1)C(O)C[NH2+]C1CC2(Oc3ncc(cc13)CC(C)(C)C)CCC2,7.3151546,C1Oc2ccc(CC(C(O)C[NH2+]C3CC4(CCC4)Oc4ncc(CC(C)(C)C)cc43)NC(=O)c3ccc(F)nc3)cc2O1,Gardaa{aar}A{~B}DA{AaraasBABasaar}A{B}A{DQs%}ArAAs{Batdaa{aart}AA{A}{A}A}AAAs,40.20544692989685
BACE_684,Fc1cc(cc(F)c1)CC(NC(=O)C)C(O)C[NH2+]C1(CCC(CC1)C)c1cc(ccc1)C(C)(C)C,7.309804,C1CC(C)CCC1([NH2+]CC(O)C(Cc1cc(F)cc(F)c1)NC(C)=O)c1cc(C(C)(C)C)ccc1,Garaa{aa{G}ar}AA{DA{~B}A}A{B}A{DQs%}Ar{AAA{AAr}A}araa{aaar}A{A}{A}A,40.272511065563585
BACE_685,S1(=O)(=O)N(c2cc(cc3c2n(cc3CC)CC1)C(=O)NC([C@H](O)C[NH2+]CCF)Cc1ccccc1)C,7.3010302,CN1c2c3n(cc(CC)c3cc(C(NC(Cc3ccccc3)[C@H](O)C[NH2+]CCF)=O)c2)CCS1(=O)=O,Er{~B}{~B}D{asaa{aatasd{aatAA}AAr}A{~B}DA{{A*Q}{B}A{DQs%}AAG}Aaraaaaar}A,40.38248140786404
BACE_686,O1CCCCNc2cc(cc(c2)C(=O)NC(Cc2cc1ccc2)C(O)C[NH2+]C(C)(C)c1cc(ccc1)C(C)C)COC,7.3010302,c1c(C(C)C)cccc1C(C)(C)[NH2+]CC(O)C1Cc2cccc(c2)OCCCCNc2cc(cc(COC)c2)C(=O)N1,BrAAAADasaa{aa{as}A{~B}DA{Aasaaraaas}A{B}A{DQs%}A{A}{A}araa{aaar}A{A}A}ABA,40.38248140786404
BACE_687,O1CCCCNc2cc(cc(c2)C(=O)NC(Cc2cc1ccc2)C(O)C[NH2+]C1(CCCC1)c1cc(ccc1)C(C)(C)C)COC,7.3010302,c1(COC)cc2cc(c1)NCCCCOc1cc(ccc1)CC(C(O)C[NH2+]C1(c3cccc(C(C)(C)C)c3)CCCC1)NC2=O,BrAAAADasaa{aa{as}A{~B}DA{Aasaaraaas}A{B}A{DQs%}Ar{AAAAr}araa{aaar}A{A}{A}A}ABA,40.38248140786404
BACE_688,O(CC)c1cc(ccc1OC)C1(N=C(N)N(C)C1=O)c1cc(ccc1)-c1cccnc1,7.3010302,n1cccc(-c2cccc(C3(c4cc(OCC)c(OC)cc4)N=C(N)N(C)C3=O)c2)c1,B{AA}araa{aaarBA}Ar{D~A{D}D{A}Ar~B}araa{aaar}_araaadar,40.38248140786404
BACE_689,O(CCC)c1cc(ccc1OC)C1(N=C(N)N(C)C1=O)c1cc(ccc1)-c1cccnc1,7.3010302,c1(OCCC)c(OC)ccc(C2(c3cc(-c4cccnc4)ccc3)C(=O)N(C)C(N)=N2)c1,B{AAA}araa{aaarBA}Ar{D~A{D}D{A}Ar~B}araa{aaar}_araaadar,40.38248140786404
BACE_690,O(CCCC)c1cc(ccc1OC)C1(N=C(N)N(C)C1=O)c1cc(ccc1)-c1cccnc1,7.3010302,C1(c2cc(OCCCC)c(OC)cc2)(c2cccc(-c3cnccc3)c2)C(=O)N(C)C(N)=N1,B{AAAA}araa{aaarBA}Ar{D~A{D}D{A}Ar~B}araa{aaar}_araaadar,40.38248140786404
BACE_691,Fc1cc(ccc1OC)C1(N=C(N)N(C)C1=O)c1cc(ccc1)-c1cccnc1,7.3010302,N1(C)C(=O)C(c2cccc(-c3cccnc3)c2)(c2cc(F)c(OC)cc2)N=C1N,Garaa{aaarBA}Ar{D~A{D}D{A}Ar~B}araa{aaar}_araaadar,40.38248140786404
BACE_692,Fc1cc(ccc1)-c1cc(ccc1)C1(N=C(N)N(C)C1=O)c1ccncc1,7.3010302,C1(N)=NC(c2cc(-c3cc(F)ccc3)ccc2)(c2ccncc2)C(=O)N1C,Garaa{aaar}_araa{aaar}Ar{D~A{D}D{A}Ar~B}araadaar,40.38248140786404
BACE_693,FC(F)Oc1ccc(cc1)[C@@]1(N=C(N)N(C)C1=O)c1cc(ccc1)CCCC#N,7.3010302,N1=C(N)N(C)C(=O)[C@]1(c1cc(CCCC#N)ccc1)c1ccc(OC(F)F)cc1,GA{G}Baraaa{aar}{A**}r{D~A{D}D{A}Ar~B}araa{aaar}AAAA^D,40.38248140786404
BACE_694,FC(F)Oc1ccc(cc1)[C@@]1(N=C(N)N(C)C1=O)c1cc(ccc1)\C=C\CCCOC,7.3010302,c1(OC(F)F)ccc([C@]2(c3cccc(/C=C/CCCOC)c3)N=C(N)N(C)C2=O)cc1,GA{G}Baraaa{aar}{A**}r{D~A{D}D{A}Ar~B}araa{aaar}!A~A!AAABA,40.38248140786404
BACE_695,FC(F)Oc1ccc(cc1)[C@@]1(N=C(N)N(C)C1=O)c1cc(ccc1)\C=C\CCO,7.3010302,c1([C@]2(c3ccc(OC(F)F)cc3)C(=O)N(C)C(N)=N2)cc(/C=C/CCO)ccc1,GA{G}Baraaa{aar}{A**}r{D~A{D}D{A}Ar~B}araa{aaar}!A~A!AAB,40.38248140786404
BACE_696,S(C(C)C)C(NC(=O)C(C(C)C)CC(O)C1NC(=O)c2cc(N(S(=O)(=O)C)C)cc(c2)C(=O)NC(c2cc(COC1)ccc2)C)C(=O)NCc1ccccc1,7.3010302,O=S(N(c1cc2cc(c1)C(=O)NC(C(CC(C(C)C)C(=O)NC(SC(C)C)C(NCc1ccccc1)=O)O)COCc1cccc(c1)C(C)NC2=O)C)(C)=O,E{A{A}A}A{DA{~B}A{A{A}A}AA{B}ArDA{~B}asaa{D{E{~B}{~B}A}A}aa{as}A{~B}DA{asaa{ABAr}aaas}A}A{~B}DAaraaaaar,40.38248140786404
BACE_697,O=C(NCc1nccnc1)C(Cc1cc2cc(ccc2nc1N)-c1ccccc1C)C,7.3010302,c1(-c2ccc3nc(N)c(CC(C)C(NCc4nccnc4)=O)cc3c2)ccccc1C,B~A{DAardaadar}A{Aaraasaa{aaasdarD}_araaaaarA}A,40.38248140786404
BACE_699,Fc1ncccc1-c1cc(ccc1)C1(N=C(N)N(C)C1=O)c1cn(nc1)CCF,7.3010302,C(n1ncc(C2(c3cccc(-c4c(F)nccc4)c3)N=C(N)N(C)C2=O)c1)CF,Gardaaaar_araa{aaar}Ar{D~A{D}D{A}Ar~B}arad{dar}AAG,40.38248140786404
BACE_700,FC1(F)COC(=NC1(C)c1cc(NC(=O)c2ncc(OC)cc2)ccc1F)N,7.2924299,c1cc(OC)cnc1C(=O)Nc1cc(C2(C)N=C(N)OCC2(F)F)c(F)cc1,GAr{G}ABA{~DAr{A}araa{DA{~B}asdaa{BA}aas}aaarG}D,40.49027711039733
BACE_701,S1(=O)(=O)N(CCCC1)c1cc(cc(c1)/C(=N\OC)/C)C(=O)NC([C@@H](O)C[NH2+]Cc1cc(OC)ccc1)Cc1cc(F)cc(F)c1,7.2839966,C(Cc1cc(F)cc(F)c1)(NC(=O)c1cc(N2CCCCS2(=O)=O)cc(/C(C)=N\OC)c1)[C@H](C[NH2+]Cc1cc(OC)ccc1)O,Er{~B}{~B}D{AAAAr}araa{aa{ar}|A{~D!BA}|A}A{~B}DA{{A**Q}{B}A{DQs%}Aaraa{BA}aaar}Aaraa{G}aa{G}ar,40.595979643817564
BACE_702,S1(=O)(=O)CC(Cc2cc(CC)c(NC(=O)C[NH+](C)C)c(F)c2)C(O)C([NH2+]Cc2cc(ccc2)C(C)(C)C)C1,7.2839966,C(Nc1c(CC)cc(CC2CS(=O)(=O)CC([NH2+]Cc3cccc(C(C)(C)C)c3)C2O)cc1F)(C[NH+](C)C)=O,Er{~B}{~B}AA{Aasaa{AA}a{DA{~B}A{DQ%}{A}A}a{G}as}A{B}A{{DQs%}Aasaa{aaas}A{A}{A}A}Ar,40.595979643817564
BACE_703,Fc1cc(cc(F)c1)CC(NC(=O)c1cc(cc(Oc2ccccc2OC)c1)C(=O)N(CCC)CCC)C(O)C[NH2+]Cc1cc(OC)ccc1,7.2676063,c1(C(=O)N(CCC)CCC)cc(C(NC(Cc2cc(F)cc(F)c2)C(C[NH2+]Cc2cccc(OC)c2)O)=O)cc(Oc2ccccc2OC)c1,Garaa{aa{G}ar}AA{DA{~B}araa{aa{BasaaaaasBA}ar}A{~B}D{AAA}AAA}A{B}A{DQs%}Aaraa{BA}aaar,40.80141479180444
BACE_704,Fc1cc(cc(F)c1)CC(NC(=O)C(N1CCC(NC(=O)C)(C(CC)C)C1=O)CCc1ccccc1)C(O)C1[NH2+]Cc2c(C1)cccc2,7.2676063,c1(CC(C(O)C2Cc3ccccc3C[NH2+]2)NC(C(N2CCC(C(C)CC)(NC(C)=O)C2=O)CCc2ccccc2)=O)cc(F)cc(F)c1,Garaa{aa{G}ar}AA{DA{~B}A{DrAAA{DA{~B}A}{A{AA}A}Ar~B}AAaraaaaar}A{B}Ar{DQs%}Aasa{Ar}aaaas,40.80141479180444
BACE_705,Fc1cc(cc(F)c1)CC(NC(=O)c1cc(cc(c1)/C(=N\OCC(C)C)/C)C(=O)N(CCC)CCC)C(O)C[NH2+]Cc1cc(OC)ccc1,7.2596374,OC(C[NH2+]Cc1cc(OC)ccc1)C(Cc1cc(F)cc(F)c1)NC(c1cc(C(=O)N(CCC)CCC)cc(/C(=N\OCC(C)C)C)c1)=O,Garaa{aa{G}ar}AA{DA{~B}araa{aa{ar}|A{~D!BAA{A}A}|A}A{~B}D{AAA}AAA}A{B}A{DQs%}Aaraa{BA}aaar,40.901296560337805
BACE_706,Brc1cc(ccc1O)CC1CS(=O)(=O)CC([NH2+]Cc2cc(ccc2)C(C)(C)C)C1O,7.2596374,c1c(C(C)(C)C)cc(C[NH2+]C2CS(=O)(=O)CC(Cc3ccc(O)c(Br)c3)C2O)cc1,Yaraa{aaarB}AArAE{~B}{~B}AA{{DQs%}Aasaa{aaas}A{A}{A}A}ArB,40.901296560337805
BACE_707,Brc1cc(cc(F)c1N)CC1CS(=O)(=O)CC([NH2+]Cc2cc(ccc2)C(C)(C)C)C1O,7.2596374,C1([NH2+]Cc2cc(C(C)(C)C)ccc2)CS(=O)(=O)CC(Cc2cc(Br)c(N)c(F)c2)C1O,Yaraa{aa{G}arD}AArAE{~B}{~B}AA{{DQs%}Aasaa{aaas}A{A}{A}A}ArB,40.901296560337805
BACE_708,S1(=O)(=O)CC(Cc2cc(OCCC)c(N)c(F)c2)C(O)C([NH2+]Cc2cc(ccc2)C(C)(C)C)C1,7.251812,C1([NH2+]Cc2cccc(C(C)(C)C)c2)CS(=O)(=O)CC(Cc2cc(OCCC)c(N)c(F)c2)C1O,Er{~B}{~B}AA{Aasaa{BAAA}a{D}a{G}as}A{B}A{{DQs%}Aasaa{aaas}A{A}{A}A}Ar,40.99937970750756
BACE_709,FC1(F)CN2C(=NC1)C(N=C2N)(c1cc(ccc1)C#CCCOC)c1ccc(OC(F)F)cc1,7.25,c1cc(OC(F)F)ccc1C1(c2cccc(C#CCCOC)c2)N=C(N)N2C1=NCC(F)(F)C2,GAr{G}ADsA{~DAr}A{D~AsD}{araa{aaar}A^AAABA}araaa{BA{G}G}aar,41.02209121908162
BACE_710,FC1(F)COC(=NC1(C)c1cc(NC(=O)c2ncc(OC(F)(F)F)cc2)ccc1F)N,7.2441254,C1(C)(c2c(F)ccc(NC(=O)c3ccc(OC(F)(F)F)cn3)c2)C(F)(F)COC(N)=N1,GAr{G}ABA{~DAr{A}araa{DA{~B}asdaa{BA{G}{G}G}aas}aaarG}D,41.09572314286359
BACE_711,Clc1cc(cc(Cl)c1NC(=O)C)CNC(=[NH2+])NC(=O)Cn1c2c(cc(cc2)C#N)cc1,7.2441254,C(n1ccc2cc(C#N)ccc12)C(NC(NCc1cc(Cl)c(NC(=O)C)c(Cl)c1)=[NH2+])=O,Zaraa{aa{Z}arDA{~B}A}ADA{~{DQs%}}DA{~B}Adrasa{aa{aas}A^D}aar,41.09572314286359
BACE_712,FC1(F)CN2C(=NC1)C(N=C2N)(c1cc(ccc1)C#COCCCF)c1ccc(OC(F)F)cc1,7.23,c1(C2(c3ccc(OC(F)F)cc3)N=C(N)N3CC(F)(F)CN=C32)cc(C#COCCCF)ccc1,GAr{G}ADsA{~DAr}A{D~AsD}{araa{aaar}A^ABAAAG}araaa{BA{G}G}aar,41.27277015477756
BACE_713,S(=O)(=O)(N(C)c1cc(cc(c1)/C(=N\OCCC)/C)C(=O)NC([C@@H](O)C[NH2+]Cc1cc(OC)ccc1)Cc1cc(F)cc(F)c1)C,7.2291479,N(=C(\c1cc(N(S(=O)(C)=O)C)cc(C(=O)NC(Cc2cc(F)cc(F)c2)[C@H](C[NH2+]Cc2cc(OC)ccc2)O)c1)C)\OCCC,E{~B}{~B}{D{A}araa{aa{ar}|A{~D!BAAA}|A}A{~B}DA{{A**Q}{B}A{DQs%}Aaraa{BA}aaar}Aaraa{G}aa{G}ar}A,41.28345033083289
BACE_714,S(=O)(=O)(N(C)c1cc(cc(c1)/C(=N/OC)/C)C(=O)NC([C@@H](O)C[NH2+]Cc1cc(OC)ccc1)Cc1cc(F)cc(F)c1)C,7.221849,N(\OC)=C(/c1cc(N(S(=O)(=O)C)C)cc(C(=O)NC([C@@H](O)C[NH2+]Cc2cc(OC)ccc2)Cc2cc(F)cc(F)c2)c1)C,E{~B}{~B}{D{A}araa{aa{ar}|A{~D|BA}|A}A{~B}DA{{A**Q}{B}A{DQs%}Aaraa{BA}aaar}Aaraa{G}aa{G}ar}A,41.37493435502046
BACE_715,S1(=O)(=O)N(c2cc(cc3c2n(cc3CC)C1)C(=O)NC(Cc1ccccc1)C(O)C[NH2+]C1CCCCC1)C,7.221849,C(C)c1c2c3n(c1)CS(=O)(=O)N(C)c3cc(C(=O)NC(C(C[NH2+]C1CCCCC1)O)Cc1ccccc1)c2,Er{~B}{~B}D{asaa{aatasd{aatAA}Ar}A{~B}DA{Aaraaaaar}A{B}A{DQs%}ArAAAAAr}A,41.37493435502046
BACE_716,Fc1ncccc1-c1cc(ccc1)C1([NH+]=C(N2C1=NCCC2)N)c1ccc(OC(F)(F)F)cc1,7.221849,C12=NCCCN1C(N)=[NH+]C2(c1ccc(OC(F)(F)F)cc1)c1cccc(-c2cccnc2F)c1,Gardaaaar_araa{aaar}Ar{{DQ%}~A{DsAr~DAAAs}D}araaa{BA{G}{G}G}aar,41.37493435502046
BACE_717,O1CCCCNc2cc(cc(c2)C(=O)NC(Cc2cc1ccc2)C(O)C[NH2+]Cc1cc(ccc1)C(C)C)COC,7.221849,c1c2cc(cc1COC)C(=O)NC(C(O)C[NH2+]Cc1cc(C(C)C)ccc1)Cc1cc(ccc1)OCCCCN2,BrAAAADasaa{aa{as}A{~B}DA{Aasaaraaas}A{B}A{DQs%}Aaraa{aaar}A{A}A}ABA,41.37493435502046
BACE_718,O(C(C)C)c1cc(ccc1OC)C1(N=C(N)N(C)C1=O)c1cc(ccc1)-c1cccnc1,7.221849,c1cc(C2(c3ccc(OC)c(OC(C)C)c3)N=C(N)N(C)C2=O)cc(-c2cccnc2)c1,B{A{A}A}araa{aaarBA}Ar{D~A{D}D{A}Ar~B}araa{aaar}_araaadar,41.37493435502046
BACE_719,Fc1ncccc1-c1cc(ccc1)C1(N=C(N)N(C)C1=O)c1ccc(OC(F)(F)F)cc1,7.221849,c1ccnc(F)c1-c1cc(C2(c3ccc(OC(F)(F)F)cc3)C(=O)N(C)C(N)=N2)ccc1,Gardaaaar_araa{aaar}Ar{D~A{D}D{A}Ar~B}araaa{BA{G}{G}G}aar,41.37493435502046
BACE_720,Fc1cc(cc(F)c1)-c1cc(ccc1)C1(N=C(N)N(C)C1=O)c1ccncc1,7.221849,C1(N)=NC(c2cccc(-c3cc(F)cc(F)c3)c2)(c2ccncc2)C(=O)N1C,Garaa{aa{G}ar}_araa{aaar}Ar{D~A{D}D{A}Ar~B}araadaar,41.37493435502046
BACE_721,Fc1ncccc1-c1cc(ccc1)[C@]1(N=C(N)N(C)C1=O)c1ccc(OC(F)(F)F)cc1,7.221849,c1(OC(F)(F)F)ccc([C@]2(c3cc(-c4c(F)nccc4)ccc3)N=C(N)N(C)C2=O)cc1,Gardaaaar_araa{aaar}{A*}r{D~A{D}D{A}Ar~B}araaa{BA{G}{G}G}aar,41.37493435502046
BACE_722,FC(F)(F)CCCc1cc(ccc1)[C@]1(N=C(N)N(C)C1=O)c1ccc(OC(F)F)cc1,7.221849,[C@@]1(c2ccc(OC(F)F)cc2)(c2cc(CCCC(F)(F)F)ccc2)N=C(N)N(C)C1=O,GA{G}{G}AAAaraa{aaar}{A*}r{D~A{D}D{A}Ar~B}araaa{BA{G}G}aar,41.37493435502046
BACE_723,Brc1cc(ccc1OC(=O)NC)CC1CS(=O)(=O)CC([NH2+]Cc2cc(ccc2)C(C)C)C1O,7.221849,O(c1ccc(CC2CS(=O)(=O)CC([NH2+]Cc3cc(C(C)C)ccc3)C2O)cc1Br)C(=O)NC,Yaraa{aaarBA{~B}DA}AArAE{~B}{~B}AA{{DQs%}Aasaa{aaas}A{A}A}ArB,41.37493435502046
BACE_724,Fc1cc(cc(F)c1)CC(NC(=O)C(N1CCC(CCCC)C1=O)C)C(O)C[NH2+]Cc1cc(OC)ccc1,7.221849,CC(N1C(=O)C(CCCC)CC1)C(NC(C(O)C[NH2+]Cc1cc(OC)ccc1)Cc1cc(F)cc(F)c1)=O,Garaa{aa{G}ar}AA{DA{~B}A{DrAAA{AAAA}Ar~B}A}A{B}A{DQs%}Aaraa{BA}aaar,41.37493435502046
BACE_725,Fc1ccc(OC)cc1-c1cc2c(OC(CC23N=C(N)N(C)C3=O)(C)C)cc1,7.221849,C12(C(=O)N(C)C(N)=N1)c1c(ccc(-c3c(F)ccc(OC)c3)c1)OC(C)(C)C2,Garaaa{BA}aar_araasa{BA{AAstD~A{D}D{A}At~B}{A}A}aar,41.37493435502046
BACE_726,Fc1c2c(ccc1)C(N=C2N)(C=1C=C(C)C(=O)N(C=1)C)c1cc(ccc1)-c1cncnc1,7.2160964,c1c(-c2cncnc2)cc(C2(c3cc(C)c(=O)n(C)c3)c3c(c(F)ccc3)C(N)=N2)cc1,Garasa{aaar}A{D~AsD}{A~rA~A{A}A{~B}D{A~r}A}araa{aaar}_aradadar,41.447037137294686
BACE_727,Fc1cc(cc(F)c1)CC(NC(=O)C)C(O)C[NH2+]C1(CCOCC1)c1cc(ccc1)C(C)(C)C,7.2146702,c1ccc(C(C)(C)C)cc1C1([NH2+]CC(C(NC(=O)C)Cc2cc(F)cc(F)c2)O)CCOCC1,Garaa{aa{G}ar}AA{DA{~B}A}A{B}A{DQs%}Ar{AABAAr}araa{aaar}A{A}{A}A,41.464913052199165
BACE_728,S1(=O)(=O)CC(Cc2cc(F)c(NC(=O)C[NH+](C)C)cc2)C(O)C([NH2+]Cc2cc(ccc2)C(C)(C)C)C1,7.2146702,O=C(C[NH+](C)C)Nc1c(F)cc(CC2C(O)C([NH2+]Cc3cc(C(C)(C)C)ccc3)CS(=O)(=O)C2)cc1,Er{~B}{~B}AA{Aasaa{G}a{DA{~B}A{DQ%}{A}A}aas}A{B}A{{DQs%}Aasaa{aaas}A{A}{A}A}Ar,41.464913052199165
BACE_729,Oc1ccc(cc1-c1cc(cnc1)C#CC)C1(N=C(C)C(=N1)N)C1CC1,7.2146702,Oc1ccc(C2(C3CC3)N=C(N)C(C)=N2)cc1-c1cc(C#CC)cnc1,Baraaa{aar_araa{adar}A^AA}Ar{D~A{A}A{~Dr}D}ArAAr,41.464913052199165
BACE_730,Fc1cc(cc(OC)c1)-c1cc2c(OC(CC23N=C(N)N(C)C3=O)(C)C)cc1,7.2146702,c1cc2c(cc1-c1cc(F)cc(OC)c1)C1(N=C(N)N(C)C1=O)CC(C)(C)O2,Garaa{aa{BA}ar}_araasa{BA{AAstD~A{D}D{A}At~B}{A}A}aar,41.464913052199165
BACE_731,Clc1ccc(nc1)C(=O)Nc1cc(C2(N=C(N)c3c(C2)cccc3)C)c(F)cc1,7.2146702,O=C(c1ncc(Cl)cc1)Nc1ccc(F)c(C2(C)Cc3ccccc3C(N)=N2)c1,Zaraaa{dar}A{~B}Daraa{As{D~A{D}ata{As}aaaat}A}a{G}aar,41.464913052199165
BACE_732,FC(F)(F)c1cc(ccc1)C[NH2+]CC(O)C(NC(=O)c1cc(N2CCCC2=O)c(C)c(NCC)c1)Cc1ccccc1,7.2006593,c1(C[NH2+]CC(C(Cc2ccccc2)NC(=O)c2cc(NCC)c(C)c(N3C(=O)CCC3)c2)O)cccc(C(F)(F)F)c1,GA{G}{G}araa{aaar}A{DQs%}AA{B}A{DA{~B}araa{DsAAAAs~B}a{A}a{DAA}ar}Aaraaaaar,41.640524927206286
BACE_733,FC(F)(F)c1cc(cnc1)-c1cc2c(OC(CC23N=C(N)N(C)C3=O)(C)C)cc1,7.2006593,C1C(C)(C)Oc2c(cc(-c3cc(C(F)(F)F)cnc3)cc2)C12N=C(N)N(C)C2=O,GA{G}{G}araa{adar}_araasa{BA{AAstD~A{D}D{A}At~B}{A}A}aar,41.640524927206286
BACE_734,O1c2ncc(cc2C([NH2+]CC(O)C(NC(=O)COC)Cc2cc(ccc2)-c2nccn2C)CC12CCC2)CC(C)(C)C,7.19382,c1(CC(C(O)C[NH2+]C2CC3(Oc4c2cc(CC(C)(C)C)cn4)CCC3)NC(=O)COC)cccc(-c2n(C)ccn2)c1,Brasdaa{aasA{{DQs%}AA{B}A{DA{~B}ABA}Aasaa{aaas}_asdaadsA}AArsAAAs}AA{A}{A}A,41.726248349451545
BACE_735,Fc1cc(cc(F)c1)CC(NC(=O)c1c2c(n(c1)C(=O)N(CCCC)C)cc(F)cc2)C(O)C[NH2+]Cc1cc(OC)ccc1,7.1804562,COc1cc(C[NH2+]CC(C(Cc2cc(F)cc(F)c2)NC(=O)c2cn(C(N(CCCC)C)=O)c3cc(F)ccc32)O)ccc1,Garaa{aa{G}ar}AA{DA{~B}arasa{d{ar}A{~B}D{AAAA}A}aa{G}aas}A{B}A{DQs%}Aaraa{BA}aaar,41.89374950749422
BACE_736,FC1(F)COC(=NC1(C)c1cc(NC(=O)c2ncc(F)cc2)ccc1F)N,7.1804562,c1(NC(=O)c2ncc(F)cc2)ccc(F)c(C2(C)C(F)(F)COC(N)=N2)c1,GAr{G}ABA{~DAr{A}araa{DA{~B}asdaa{G}aas}aaarG}D,41.89374950749422
BACE_737,Fc1cc(cc(F)c1)CC(NC(=O)c1cc(cc(c1)/C(=N\OCc1ccccc1)/C)C(=O)N(CCC)CCC)C(O)C[NH2+]Cc1cc(OC)ccc1,7.1739254,c1c(/C(C)=N\OCc2ccccc2)cc(C(N(CCC)CCC)=O)cc1C(NC(C(O)C[NH2+]Cc1cc(OC)ccc1)Cc1cc(F)cc(F)c1)=O,Garaa{aa{G}ar}AA{DA{~B}araa{aa{ar}|A{~D!BAaraaaaar}|A}A{~B}D{AAA}AAA}A{B}A{DQs%}Aaraa{BA}aaar,41.97560620715638
BACE_738,O1CCCCNc2cc(cc(c2)C(=O)NC(Cc2cc1ccc2)C(O)C[NH2+]C1(CCC1)c1cc(ccc1)C(C)(C)C)COC,7.1739254,O=C1NC(C(C[NH2+]C2(c3cc(C(C)(C)C)ccc3)CCC2)O)Cc2cc(ccc2)OCCCCNc2cc1cc(COC)c2,BrAAAADasaa{aa{as}A{~B}DA{Aasaaraaas}A{B}A{DQs%}Ar{AAAr}araa{aaar}A{A}{A}A}ABA,41.97560620715638
BACE_739,Clc1cnc(nc1)C(=O)Nc1cc(C2(N=C(OCC2(F)F)N)C)c(F)cc1,7.1739254,c1c(F)c(C2(C)N=C(N)OCC2(F)F)cc(NC(=O)c2ncc(Cl)cn2)c1,Zarada{dar}A{~B}Daraa{As{D~A{BAAs{G}G}D}A}a{G}aar,41.97560620715638
BACE_740,Fc1cc(cc(F)c1)CC(NC(=O)C(N1CCC(C(O)CCC)C1=O)C)C(O)C[NH2+]Cc1cc(OC)ccc1,7.167491,c1cc(OC)cc(C[NH2+]CC(O)C(NC(=O)C(N2CCC(C(CCC)O)C2=O)C)Cc2cc(F)cc(F)c2)c1,Garaa{aa{G}ar}AA{DA{~B}A{DrAAA{A{B}AAA}Ar~B}A}A{B}A{DQs%}Aaraa{BA}aaar,42.056254634348484
BACE_741,S1(=O)(=O)CC(Cc2cc(OC(C(F)(F)F)C(F)(F)F)c(N)c(F)c2)C(O)C([NH2+]Cc2nccc(c2)C(C)(C)C)C1,7.167491,[NH2+](Cc1cc(C(C)(C)C)ccn1)C1CS(=O)(=O)CC(Cc2cc(OC(C(F)(F)F)C(F)(F)F)c(N)c(F)c2)C1O,Er{~B}{~B}AA{Aasaa{BA{A{G}{G}G}A{G}{G}G}a{D}a{G}as}A{B}A{{DQs%}Aasdaaa{as}A{A}{A}A}Ar,42.056254634348484
BACE_742,O1c2c(cc(cc2)-c2cc(OC)ccc2)C2(N=C(N)N(C)C2=O)CC1(C)C,7.167491,c1c(-c2cccc(OC)c2)cc2c(c1)OC(C)(C)CC21C(=O)N(C)C(N)=N1,Brasa{aa{aas}_asaa{BA}aaas}As{D~A{D}D{A}As~B}AAr{A}A,42.056254634348484
BACE_743,Fc1ncccc1-c1cc(ccc1)C1([NH+]=C(N2C1=NCCC2)N)c1ccc(OC)cc1,7.154902,c1cc(OC)ccc1C1(c2cccc(-c3c(F)nccc3)c2)[NH+]=C(N)N2C1=NCCC2,Gardaaaar_araa{aaar}Ar{{DQ%}~A{DsAr~DAAAs}D}araaa{BA}aar,42.2140444904223
BACE_744,O(C)c1ccc(cc1)C1(N=C(N)N(C)C1=O)C12CC3CC(C1)CC(C2)C3,7.154902,c1(C2(C34CC5CC(C3)CC(C5)C4)N=C(N)N(C)C2=O)ccc(OC)cc1,B{A}araaa{aar}Ar{D~A{D}D{A}Ar~B}ArsAAtAA{Ar}AA{As}At,42.2140444904223
BACE_745,O(c1cc(ccc1OC)C1(N=C(N)N(C)C1=O)c1cc(ccc1)-c1cccnc1)C1CCCC1,7.154902,C1CCC(Oc2c(OC)ccc(C3(c4cccc(-c5cnccc5)c4)N=C(N)N(C)C3=O)c2)C1,B{araa{aaarBA}Ar{D~A{D}D{A}Ar~B}araa{aaar}_araaadar}ArAAAAr,42.2140444904223
BACE_746,O=C1N(C)C(=NC1(c1cc(ccc1)-c1cncnc1)c1cc(ncc1)C(C)C)N,7.154902,c1(C(C)C)nccc(C2(c3cc(-c4cncnc4)ccc3)N=C(N)N(C)C2=O)c1,B~ArD{A}A{~DAr{araa{aaar}_aradadar}araa{daar}A{A}A}D,42.2140444904223
BACE_747,O=C1N(C)C(=NC1(c1cc(ccc1)-c1nccnc1)c1ccncc1)N,7.154902,c1cc(C2(c3cc(-c4nccnc4)ccc3)C(=O)N(C)C(N)=N2)ccn1,B~ArD{A}A{~DAr{araa{aaar}_ardaadar}araadaar}D,42.2140444904223
BACE_748,Clc1ccccc1-c1n(Cc2nc(N)c(NCCO)cc2)c(cc1)-c1ccc(Oc2cncnc2)cc1,7.154902,c1(NCCO)ccc(Cn2c(-c3ccc(Oc4cncnc4)cc3)ccc2-c2ccccc2Cl)nc1N,Zaraaaaar_ard{Aasda{D}a{DAAB}aas}a{aar}_araaa{Basadadas}aar,42.2140444904223
BACE_749,Fc1ccc(cc1OCC(F)F)[C@]1(N=C(N)N(C)C1=O)c1ccc(OC(F)F)cc1,7.154902,C(Oc1ccc([C@@]2(c3cc(OCC(F)F)c(F)cc3)C(=O)N(C)C(N)=N2)cc1)(F)F,Garaaa{aarBAA{G}G}{A*}r{D~A{D}D{A}Ar~B}araaa{BA{G}G}aar,42.2140444904223
BACE_750,Fc1ccc(cc1OCC(F)F)[C@]1(N=C(N)N(C)C1=O)c1cc(C)c(OC(F)F)cc1,7.154902,C(F)(F)Oc1ccc([C@@]2(c3cc(OCC(F)F)c(F)cc3)C(=O)N(C)C(N)=N2)cc1C,Garaaa{aarBAA{G}G}{A*}r{D~A{D}D{A}Ar~B}araa{A}a{BA{G}G}aar,42.2140444904223
BACE_751,Fc1cc(cc(F)c1)CC(NC(=O)c1c2cc(ccc2n(c1)C(=O)N(CCCC)C)C(=O)[O-])C(O)C[NH2+]Cc1cc(OC)ccc1,7.154902,C(c1cc(OC)ccc1)[NH2+]CC(O)C(NC(c1c2c(ccc(C([O-])=O)c2)n(C(N(C)CCCC)=O)c1)=O)Cc1cc(F)cc(F)c1,Garaa{aa{G}ar}AA{DA{~B}arasaa{aaasd{ar}A{~B}D{AAAA}A}A{~B}{B_}}A{B}A{DQs%}Aaraa{BA}aaar,42.2140444904223
BACE_752,Fc1cc(cc(F)c1)CC(NC(=O)C(N1CCC(C(O)CCC)C1=O)C)C(O)C1[NH2+]CC(OCCC)C1,7.154902,CCCC(O)C1C(=O)N(C(C)C(NC(C(C2CC(OCCC)C[NH2+]2)O)Cc2cc(F)cc(F)c2)=O)CC1,Garaa{aa{G}ar}AA{DA{~B}A{DrAAA{A{B}AAA}Ar~B}A}A{B}Ar{DQs%}AA{BAAA}Ar,42.2140444904223
BACE_753,O=C1N(C)C(=NC1(c1cc(ccc1)-c1cncnc1)c1cn(nc1)C1CCCC1)N,7.154902,c1c(-c2cncnc2)cc(C2(c3cnn(C4CCCC4)c3)N=C(N)N(C)C2=O)cc1,B~ArD{A}A{~DAr{araa{aaar}_aradadar}arad{dar}ArAAAAr}D,42.2140444904223
BACE_754,s1cc(cc1)C1(N=C(N)N(C)C1=O)c1cc(ccc1)-c1cncnc1,7.154902,C1(c2ccsc2)(c2cccc(-c3cncnc3)c2)N=C(N)N(C)C1=O,eraa{aar}Ar{D~A{D}D{A}Ar~B}araa{aaar}_aradadar,42.2140444904223
BACE_755,Brc1cc2c(cc1)C1(CCC2)C[NH2+]CC1C(=O)N1CCC(CC1c1ccccc1)c1ccccc1,7.154902,c1ccc(C2CCN(C(=O)C3C[NH2+]CC34c3c(cc(Br)cc3)CCC4)C(c3ccccc3)C2)cc1,Yaraasa{aar}Ar{AAAs}A{DQs%}AArA{~B}DrAAA{AAraraaaaar}araaaaar,42.2140444904223
BACE_756,O1c2c(cc(cc2)-c2cc(OCC)ccc2)C2(N=C(N)N(C)C2=O)CC1(C)C,7.154902,c1ccc(-c2cc3c(cc2)OC(C)(C)CC32N=C(N)N(C)C2=O)cc1OCC,Brasa{aa{aas}_asaa{BAA}aaas}As{D~A{D}D{A}As~B}AAr{A}A,42.2140444904223
BACE_757,s1ccnc1-c1cccc(CC(NC(=O)COC)C(O)C[NH2+]C2CC3(Oc4ncc(cc24)CC(C)(C)C)CCC3)c1F,7.1487417,C1C2(CC([NH2+]CC(C(NC(COC)=O)Cc3cccc(-c4nccs4)c3F)O)c3cc(CC(C)(C)C)cnc3O2)CC1,eraadar_araaaa{AA{DA{~B}ABA}A{B}A{DQs%}AsAAt{Baudaa{aasu}AA{A}{A}A}AAAt}arG,42.291257362800685
BACE_758,S1(=O)(=O)N(c2cc(cc3c2n(cc3CC)CC1)C(=O)NC([C@H](O)C[NH2+]CC#C)Cc1ccccc1)C,7.1366773,c1cccc(CC([C@H](O)C[NH2+]CC#C)NC(=O)c2cc3c4c(c2)N(C)S(=O)(=O)CCn4cc3CC)c1,Er{~B}{~B}D{asaa{aatasd{aatAA}AAr}A{~B}DA{{A*Q}{B}A{DQs%}AA^A}Aaraaaaar}A,42.442471910391205
BACE_759,Fc1cc(cc(F)c1)CC(NC(=O)C)C(O)C[NH2+]C1(CCC(Nc2ncccc2)CC1)c1cc(ccc1)C(C)(C)C,7.1366773,N(C1CCC([NH2+]CC(O)C(NC(C)=O)Cc2cc(F)cc(F)c2)(c2cc(C(C)(C)C)ccc2)CC1)c1ccccn1,Garaa{aa{G}ar}AA{DA{~B}A}A{B}A{DQs%}Ar{AAA{Dasdaaaas}AAr}araa{aaar}A{A}{A}A,42.442471910391205
BACE_760,Fc1cc(cc(F)c1)CC(NC(=O)c1c2cccnc2n(c1)C(=O)N(CCOC)C)C(O)C[NH2+]Cc1cc(OC)ccc1,7.1366773,N(C(=O)c1cn(C(N(C)CCOC)=O)c2c1cccn2)C(Cc1cc(F)cc(F)c1)C(C[NH2+]Cc1cccc(OC)c1)O,Garaa{aa{G}ar}AA{DA{~B}arasaaadasd{ar}A{~B}D{AABA}A}A{B}A{DQs%}Aaraa{BA}aaar,42.442471910391205
BACE_761,S1(=O)(=O)N(CCCC1)c1cc(ccc1)C(=O)NC(Cc1cc(F)cc(F)c1)C(O)C[NH2+]Cc1cc(OC)ccc1,7.1307683,C(O)(C(Cc1cc(F)cc(F)c1)NC(c1cccc(N2CCCCS2(=O)=O)c1)=O)C[NH2+]Cc1cc(OC)ccc1,Er{~B}{~B}D{AAAAr}araa{aaar}A{~B}DA{Aaraa{G}aa{G}ar}A{B}A{DQs%}Aaraa{BA}aaar,42.51653500194258
BACE_762,FC(F)(F)c1cc(ccc1)-c1cc2c(OC(CC23N=C(N)N(C)C3=O)(C)C)cc1,7.1307683,C1(=O)N(C)C(N)=NC12CC(C)(C)Oc1ccc(-c3cc(C(F)(F)F)ccc3)cc12,GA{G}{G}araa{aaar}_araasa{BA{AAstD~A{D}D{A}At~B}{A}A}aar,42.51653500194258
BACE_763,S(=O)(=O)(N(C)c1cc(ccc1)C(=O)N[C@H]([C@@H](O)C[NH2+]Cc1cc(OC)ccc1)Cc1cc(F)cc(F)c1)C,7.124939,C([NH2+]Cc1cc(OC)ccc1)[C@H](O)[C@@H](NC(c1cc(N(S(=O)(=O)C)C)ccc1)=O)Cc1cc(F)cc(F)c1,E{~B}{~B}{D{A}araa{aaar}A{~B}D{A*Q}{{A**Q}{B}A{DQs%}Aaraa{BA}aaar}Aaraa{G}aa{G}ar}A,42.58959913793519
BACE_764,S1(=O)(=O)CC(Cc2cc(OCCC(F)(F)F)c(N)c(F)c2)C(O)C([NH2+]Cc2cc(ccc2)C(C)(C)C)C1,7.124939,C(C)(c1cccc(C[NH2+]C2CS(=O)(=O)CC(Cc3cc(OCCC(F)(F)F)c(N)c(F)c3)C2O)c1)(C)C,Er{~B}{~B}AA{Aasaa{BAAA{G}{G}G}a{D}a{G}as}A{B}A{{DQs%}Aasaa{aaas}A{A}{A}A}Ar,42.58959913793519
BACE_765,Fc1cc(cc(F)c1)CC(NC(=O)C(N1CCC(C(C)C)C1=O)CCc1ccccc1)C(O)C[NH2+]Cc1cc(OC)ccc1,7.1249385,c1c(CCC(C(NC(C(O)C[NH2+]Cc2cc(OC)ccc2)Cc2cc(F)cc(F)c2)=O)N2CCC(C(C)C)C2=O)cccc1,Garaa{aa{G}ar}AA{DA{~B}A{DrAAA{A{A}A}Ar~B}AAaraaaaar}A{B}A{DQs%}Aaraa{BA}aaar,42.58960540490858
BACE_766,S(=O)(=O)(N(C)c1cc(cc(c1)/C(=N\O)/C)C(=O)N[C@H]([C@@H](O)C[NH2+]Cc1cc(OC)ccc1)Cc1cc(F)cc(F)c1)C,7.1191864,O=S(=O)(C)N(C)c1cc(/C(C)=N\O)cc(C(=O)N[C@@H](Cc2cc(F)cc(F)c2)[C@H](C[NH2+]Cc2cccc(OC)c2)O)c1,E{~B}{~B}{D{A}araa{aa{ar}|A{~D!B}|A}A{~B}D{A*Q}{{A**Q}{B}A{DQs%}Aaraa{BA}aaar}Aaraa{G}aa{G}ar}A,42.66170192020942
BACE_767,Fc1ccccc1C(=O)NC(Cc1cc2OCOc2cc1)C(O)C[NH2+]C1CC2(Oc3ncc(cc13)CC(C)(C)C)CCC2,7.1157713,C1C([NH2+]CC(C(NC(=O)c2ccccc2F)Cc2cc3c(cc2)OCO3)O)c2c(ncc(CC(C)(C)C)c2)OC12CCC2,GaraaaaarA{~B}DA{AaraasBABasaar}A{B}A{DQs%}ArAAs{Batdaa{aart}AA{A}{A}A}AAAs,42.704506601874186
BACE_768,Fc1cc(cc(F)c1)CC(NC(=O)C)C(O)C[NH2+]C1(CCCCC1)c1cc(cc(OC)c1)C(C)(C)C,7.1135092,c1(OC)cc(C2([NH2+]CC(C(Cc3cc(F)cc(F)c3)NC(=O)C)O)CCCCC2)cc(C(C)(C)C)c1,Garaa{aa{G}ar}AA{DA{~B}A}A{B}A{DQs%}Ar{AAAAAr}araa{aa{BA}ar}A{A}{A}A,42.73285964289607
BACE_769,S1(=O)(=O)CC(Cc2cc(CC(OC)C(F)(F)F)c(N)c(F)c2)C(O)C([NH2+]Cc2cc(ccc2)C(C)(C)C)C1,7.1079054,CC(c1cc(C[NH2+]C2CS(=O)(=O)CC(Cc3cc(CC(OC)C(F)(F)F)c(N)c(F)c3)C2O)ccc1)(C)C,Er{~B}{~B}AA{Aasaa{AA{BA}A{G}{G}G}a{D}a{G}as}A{B}A{{DQs%}Aasaa{aaas}A{A}{A}A}Ar,42.80309737388872
BACE_770,Fc1c2c(ccc1)C(N=C2N)(c1cc(ccc1)-c1cncnc1)c1nc(C)c(OC)c(c1)C,7.1051302,c1(C)cc(C2(c3cc(-c4cncnc4)ccc3)N=C(N)c3c(F)cccc32)nc(C)c1OC,Garasa{aaar}A{D~AsD}{araa{aaar}_aradadar}arda{A}a{BA}a{ar}A,42.837881583005895
BACE_771,S1(=O)(=O)N(c2cc(cc3n(cc(CC1)c23)CC)C(=O)NC([C@H](O)C[NH2+]CC(F)(F)F)Cc1ccccc1)C,7.1023731,C(n1cc2c3c(cc(C(=O)NC(Cc4ccccc4)[C@@H](C[NH2+]CC(F)(F)F)O)cc31)N(C)S(=O)(=O)CC2)C,Er{~B}{~B}D{asaa{aatd{aa{AAr}ast}AA}A{~B}DA{{A*Q}{B}A{DQs%}AA{G}{G}G}Aaraaaaar}A,42.872438927686254
BACE_772,S1(=O)(=O)CC(Cc2cc(-c3occc3)c(N)c(F)c2)C(O)C([NH2+]Cc2cc(ccc2)C(C)(C)C)C1,7.1023731,c1c(CC2C(O)C([NH2+]Cc3cccc(C(C)(C)C)c3)CS(=O)(=O)C2)cc(F)c(N)c1-c1occc1,Er{~B}{~B}AA{Aasaa{_atbaaat}a{D}a{G}as}A{B}A{{DQs%}Aasaa{aaas}A{A}{A}A}Ar,42.872438927686254
BACE_773,Brc1cc2n(ccc2cc1)CC(=O)NC(=[NH2+])NCc1cc(Cl)c(NC(=O)C)c(Cl)c1,7.1023731,Clc1cc(CNC(NC(=O)Cn2ccc3ccc(Br)cc32)=[NH2+])cc(Cl)c1NC(C)=O,Yaraasd{aaasaar}AA{~B}DA{~{DQs%}}DAaraa{Z}a{DA{~B}A}a{Z}ar,42.872438927686254
BACE_774,Fc1ncccc1-c1cc(ccc1)C1([NH+]=C(N2C1=NCCC2)N)c1cc(OCC)c(OCC)cc1,7.09691,c1(C2(c3cccc(-c4c(F)nccc4)c3)C3=NCCCN3C(N)=[NH+]2)ccc(OCC)c(OCC)c1,Gardaaaar_araa{aaar}Ar{{DQ%}~A{DsAr~DAAAs}D}araa{BAA}a{BAA}aar,42.94091313236628
BACE_775,Fc1ncccc1-c1cc(ccc1)C1([NH+]=C(N2C1=NCC2)N)c1ccc(OC(F)(F)F)cc1,7.09691,c1cc(C2(c3cccc(-c4cccnc4F)c3)[NH+]=C(N)N3C2=NCC3)ccc1OC(F)(F)F,Gardaaaar_araa{aaar}Ar{{DQ%}~A{DsAr~DAAs}D}araaa{BA{G}{G}G}aar,42.94091313236628
BACE_776,Fc1ncccc1-c1cc(ccc1)C1([NH+]=C(N2C1=NCCCC2)N)c1ccc(OC(F)(F)F)cc1,7.09691,c1(C2(c3ccc(OC(F)(F)F)cc3)[NH+]=C(N)N3CCCCN=C23)cc(-c2c(F)nccc2)ccc1,Gardaaaar_araa{aaar}Ar{{DQ%}~A{DsAr~DAAAAs}D}araaa{BA{G}{G}G}aar,42.94091313236628
BACE_777,O=C1N(C)C(=N[C@@]1(c1cc(ccc1)-c1cncnc1)c1cc(ncc1)C)N,7.09691,c1c([C@]2(c3ccnc(C)c3)C(=O)N(C)C(N)=N2)cc(-c2cncnc2)cc1,B~ArD{A}A{~D{A**}r{araa{aaar}_aradadar}araa{daar}A}D,42.94091313236628
BACE_778,FCCCC(=O)c1cc(ccc1)[C@]1(N=C(N)N(C)C1=O)c1ccc(OC(F)F)cc1,7.09691,C(=O)(c1cccc([C@]2(c3ccc(OC(F)F)cc3)C(=O)N(C)C(N)=N2)c1)CCCF,GAAAA{~B}araa{aaar}{A*}r{D~A{D}D{A}Ar~B}araaa{BA{G}G}aar,42.94091313236628
BACE_779,FCCC[C@@H](F)c1cc(ccc1)[C@]1(N=C(N)N(C)C1=O)c1ccc(OC(F)F)cc1,7.09691,CN1C(=O)[C@@](c2ccc(OC(F)F)cc2)(c2cc([C@@H](CCCF)F)ccc2)N=C1N,GAAA{A**Q}{G}araa{aaar}{A*}r{D~A{D}D{A}Ar~B}araaa{BA{G}G}aar,42.94091313236628
BACE_780,FC(F)Oc1ccc(cc1C)[C@@]1(N=C(N)N(C)C1=O)c1ccccc1,7.09691,C(Oc1c(C)cc([C@]2(c3ccccc3)N=C(N)N(C)C2=O)cc1)(F)F,GA{G}Baraaa{aarA}{A**}r{D~A{D}D{A}Ar~B}araaaaar,42.94091313236628
BACE_781,Fc1ccc(cc1-c1cncnc1)C1(N=C(N)N(C)C1=O)c1cn(nc1)C(C)C,7.09691,Fc1c(-c2cncnc2)cc(C2(c3cn(C(C)C)nc3)N=C(N)N(C)C2=O)cc1,Garaaa{aar_aradadar}Ar{D~A{D}D{A}Ar~B}arad{dar}A{A}A,42.94091313236628
BACE_782,s1cc(cc1CC)C1(N=C(N)N(C)C1=O)c1cc(ccc1)-c1cncnc1,7.09691,C1(c2cccc(-c3cncnc3)c2)(c2cc(CC)sc2)N=C(N)N(C)C1=O,eraa{aarAA}Ar{D~A{D}D{A}Ar~B}araa{aaar}_aradadar,42.94091313236628
BACE_783,Clc1scc(c1)C1(N=C(N)N(C)C1=O)c1cc(ccc1)-c1cncnc1,7.09691,c1ncc(-c2cccc(C3(c4cc(Cl)sc4)N=C(N)N(C)C3=O)c2)cn1,Zareaa{ar}Ar{D~A{D}D{A}Ar~B}araa{aaar}_aradadar,42.94091313236628
BACE_784,S1(=O)CC(Cc2cc(OC(COC)C(F)(F)F)c(N)c(F)c2)C(O)C([NH2+]Cc2cc(OC(C)C)ccc2)C1,7.09691,c1(N)c(OC(COC)C(F)(F)F)cc(CC2C(O)C([NH2+]Cc3cccc(OC(C)C)c3)CS(=O)C2)cc1F,Er{~B}AA{Aasaa{BA{ABA}A{G}{G}G}a{D}a{G}as}A{B}A{{DQs%}Aasaa{BA{A}A}aaas}Ar,42.94091313236628
BACE_785,Fc1cc(cc(F)c1)CC(NC(=O)c1c2cccnc2n(c1)C(=O)N(CCCC)C)C(O)C[NH2+]C1(CC1)c1cc(ccc1)CC,7.0915151,C(C(C(Cc1cc(F)cc(F)c1)NC(=O)c1c2cccnc2n(C(=O)N(CCCC)C)c1)O)[NH2+]C1(c2cccc(CC)c2)CC1,Garaa{aa{G}ar}AA{DA{~B}arasaaadasd{ar}A{~B}D{AAAA}A}A{B}A{DQs%}Ar{AAr}araa{aaar}AA,43.008532521875594
BACE_786,O1CCCCOc2nc(cc(c2)C(=O)NC(Cc2cc1ccc2)C(O)C[NH2+]C(C)c1cc(ccc1)C(C)C)C,7.0809221,c1c(C(C)C)cc(C([NH2+]CC(C2NC(=O)c3cc(nc(C)c3)OCCCCOc3cccc(c3)C2)O)C)cc1,BrAAAABasda{aa{as}A{~B}DA{Aasaaraaas}A{B}A{DQs%}A{A}araa{aaar}A{A}A}A,43.14130462016694
BACE_787,s1ccnc1NC1CCC([NH2+]CC(O)C(NC(=O)C)Cc2cc(F)cc(F)c2)(CC1)c1cc(ccc1)C(C)(C)C,7.070581,c1(C2([NH2+]CC(C(Cc3cc(F)cc(F)c3)NC(=O)C)O)CCC(Nc3nccs3)CC2)cc(C(C)(C)C)ccc1,eraadarDArAAA{{DQs%}AA{B}A{DA{~B}A}Aasaa{G}aa{G}as}{AAr}araa{aaar}A{A}{A}A,43.27091941726322
BACE_788,S1(Oc2cc(cc3c2n(cc3CC)CC1)C(=O)NC([C@H](O)C[NH2+]CC1CCOCC1)Cc1ccccc1)(=O)=O,7.0655017,C1(C[NH2+]C[C@@H](O)C(NC(c2cc3c4c(c(CC)cn4CCS(=O)(=O)O3)c2)=O)Cc2ccccc2)CCOCC1,Er{Basaa{aatasd{aatAA}AAr}A{~B}DA{{A*Q}{B}A{DQs%}AArAABAAr}Aaraaaaar}{~B}~B,43.33458309316724
BACE_789,Fc1c2c(ccc1)C(N=C2N)(c1cc(ccc1)-c1cncnc1)c1cc(ncc1)C1CC1,7.0634861,c1ncc(-c2cccc(C3(c4cc(C5CC5)ncc4)N=C(N)c4c(F)cccc43)c2)cn1,Garasa{aaar}A{D~AsD}{araa{aaar}_aradadar}araa{daar}ArAAr,43.359846516306675
BACE_790,FC(F)(F)c1cc(ccc1)C[NH2+]CC(O)C(NC(=O)c1cc(N2CCCC2=O)c2occ(c2c1)CC)Cc1ccccc1,7.0604806,CCc1c2cc(C(=O)NC(C(O)C[NH2+]Cc3cc(C(F)(F)F)ccc3)Cc3ccccc3)cc(N3C(=O)CCC3)c2oc1,GA{G}{G}araa{aaar}A{DQs%}AA{B}A{DA{~B}araa{DsAAAAs~B}asbaa{asar}AA}Aaraaaaar,43.39751729336839
BACE_791,Fc1cc(cc(F)c1)CC(NC(=O)C(N1CCC(CCCC)C1=O)C)C(O)C1[NH2+]CC(OCCC)C1,7.0604806,C(C(Cc1cc(F)cc(F)c1)NC(C(C)N1C(=O)C(CCCC)CC1)=O)(C1CC(OCCC)C[NH2+]1)O,Garaa{aa{G}ar}AA{DA{~B}A{DrAAA{AAAA}Ar~B}A}A{B}Ar{DQs%}AA{BAAA}Ar,43.39751729336839
BACE_792,FC1(F)COC(=NC1(C)c1cc(NC(=O)c2ncc(cc2)C)ccc1F)N,7.0604806,c1c(C)ccc(C(=O)Nc2cc(C3(C)C(F)(F)COC(N)=N3)c(F)cc2)n1,GAr{G}ABA{~DAr{A}araa{DA{~B}asdaa{aas}A}aaarG}D,43.39751729336839
BACE_793,Fc1cc(cc(F)c1)CC(NC(=O)C)C(O)C[NH2+]C1(CCCCC1)c1cc(ccc1)C1CCOC1,7.0555172,C1C(c2cc(C3COCC3)ccc2)([NH2+]CC(C(Cc2cc(F)cc(F)c2)NC(=O)C)O)CCCC1,Garaa{aa{G}ar}AA{DA{~B}A}A{B}A{DQs%}Ar{AAAAAr}araa{aaar}ArAABAr,43.459728284840054
BACE_794,O=C(NCc1cccnc1)C(Cc1cc2cc(ccc2nc1N)-c1ccccc1C)C,7.0555172,O=C(C(C)Cc1c(N)nc2ccc(-c3c(C)cccc3)cc2c1)NCc1cnccc1,B~A{DAaraaadar}A{Aaraasaa{aaasdarD}_araaaaarA}A,43.459728284840054
BACE_795,Fc1cc(cc(F)c1)CC(NC(=O)C(N1CCC(CC(C)C)C1=O)C)C(O)C[NH2+]Cc1cc(OC)ccc1,7.0506101,c1(F)cc(CC(C(C[NH2+]Cc2cc(OC)ccc2)O)NC(=O)C(N2CCC(CC(C)C)C2=O)C)cc(F)c1,Garaa{aa{G}ar}AA{DA{~B}A{DrAAA{AA{A}A}Ar~B}A}A{B}A{DQs%}Aaraa{BA}aaar,43.52123361510773
BACE_796,Fc1c(cccc1OC)-c1cc(ccc1)C1(N=C(N2C1=NCCC2)N)c1ccncc1,7.0500002,NC1=NC(c2cc(-c3c(F)c(OC)ccc3)ccc2)(c2ccncc2)C2=NCCCN21,Gara{aaaarBA}_araa{aaar}Ar{D~A{DsAr~DAAAs}D}araadaar,43.528878069251775
BACE_797,S1(=O)(=O)N(CCCC1)c1cc(cc(c1)C(=O)N[C@H]([C@@H](O)C[NH2+]Cc1cc(OC)ccc1)Cc1cc(F)cc(F)c1)C(=O)C,7.0457573,[NH2+](Cc1cccc(OC)c1)C[C@@H]([C@H](Cc1cc(F)cc(F)c1)NC(c1cc(C(=O)C)cc(N2S(=O)(=O)CCCC2)c1)=O)O,Er{~B}{~B}D{AAAAr}araa{aa{ar}A{~B}D{A*Q}{{A**Q}{B}A{DQs%}Aaraa{BA}aaar}Aaraa{G}aa{G}ar}A{~B}A,43.582058352065
BACE_798,O(C)c1cc(ccc1OC)C1(N=C(N)N(C)C1=O)c1cc(ccc1)-c1cccnc1,7.0457573,c1(-c2cnccc2)cc(C2(c3ccc(OC)c(OC)c3)C(=O)N(C)C(N)=N2)ccc1,B{A}araa{aaarBA}Ar{D~A{D}D{A}Ar~B}araa{aaar}_araaadar,43.582058352065
BACE_799,O1CCOc2c1cc(cc2)C1(N=C(N)N(C)C1=O)c1cc(ccc1)-c1cccnc1,7.0457573,c1(C2(c3ccc4c(c3)OCCO4)N=C(N)N(C)C2=O)cc(-c2cnccc2)ccc1,BrAABasaraa{aas}Ar{D~A{D}D{A}Ar~B}araa{aaar}_araaadar,43.582058352065
BACE_800,FC(F)Oc1ccc(cc1)[C@@]1(N=C(N)N(C)C1=O)c1cc(ccc1)CCC,7.0457573,CCCc1cc([C@]2(c3ccc(OC(F)F)cc3)C(=O)N(C)C(N)=N2)ccc1,GA{G}Baraaa{aar}{A**}r{D~A{D}D{A}Ar~B}araa{aaar}AAA,43.582058352065
BACE_801,FC(F)Oc1ccc(cc1)[C@@]1(N=C(N)N(C)C1=O)c1cc(ccc1)CCCCC,7.0457573,C(CCCc1cccc([C@]2(c3ccc(OC(F)F)cc3)C(=O)N(C)C(N)=N2)c1)C,GA{G}Baraaa{aar}{A**}r{D~A{D}D{A}Ar~B}araa{aaar}AAAAA,43.582058352065
BACE_802,FC(F)Oc1ccc(cc1)[C@@]1(N=C(N)N(C)C1=O)c1cc(ccc1)\C=C\C1CC1,7.0457573,C1(N)=N[C@@](c2cc(/C=C/C3CC3)ccc2)(c2ccc(OC(F)F)cc2)C(=O)N1C,GA{G}Baraaa{aar}{A**}r{D~A{D}D{A}Ar~B}araa{aaar}!A~A!ArAAr,43.582058352065
BACE_803,s1cc(cc1)C1(N=C(N)N(C)C1=O)c1cc(-c2cccnc2)c(F)cc1,7.0457573,CN1C(N)=NC(c2cc(-c3cnccc3)c(F)cc2)(c2cscc2)C1=O,eraa{aar}Ar{D~A{D}D{A}Ar~B}araa{_asaaadas}a{G}aar,43.582058352065
BACE_804,s1cc(cc1)C1(N=C(N)N(C)C1=O)c1cc(ccc1)-c1nccnc1,7.0457573,s1cc(C2(c3cc(-c4nccnc4)ccc3)C(=O)N(C)C(N)=N2)cc1,eraa{aar}Ar{D~A{D}D{A}Ar~B}araa{aaar}_ardaadar,43.582058352065
BACE_805,S1(=O)(=O)N(CCCC1)c1cc(cc(NCC)c1)C(=O)NC(Cc1ccccc1)C(O)C[NH2+]C1CCOCC1,7.0409584,C(C(C[NH2+]C1CCOCC1)O)(Cc1ccccc1)NC(=O)c1cc(NCC)cc(N2CCCCS2(=O)=O)c1,Er{~B}{~B}D{AAAAr}araa{aa{DAA}ar}A{~B}DA{Aaraaaaar}A{B}A{DQs%}ArAABAAr,43.642207509290564
BACE_806,S1(=O)(=O)N(c2cc(cc3c2n(cc3CC)C1)C(=O)NC(Cc1ccccc1)C(O)C[NH2+]C)C,7.0409584,C1S(=O)(=O)N(C)c2c3c(c(CC)cn31)cc(C(NC(Cc1ccccc1)C(O)C[NH2+]C)=O)c2,Er{~B}{~B}D{asaa{aatasd{aatAA}Ar}A{~B}DA{Aaraaaaar}A{B}A{DQs%}A}A,43.642207509290564
BACE_807,O1c2ncc(cc2C([NH2+]CC(O)C(NC(=O)C)Cc2ccccc2)CC12CCC2)CC,7.0409584,CC(NC(C(C[NH2+]C1CC2(CCC2)Oc2ncc(CC)cc21)O)Cc1ccccc1)=O,Brasdaa{aasA{{DQs%}AA{B}A{DA{~B}A}Aasaaaaas}AArsAAAs}AA,43.642207509290564
BACE_808,O(C)c1ccc(cc1)C1(N=C(N2C1=NCCC2)N)c1cc(ccc1)-c1cccnc1,7.04,c1ccc(C2(c3ccc(OC)cc3)C3=NCCCN3C(N)=N2)cc1-c1cnccc1,B{A}araaa{aar}Ar{D~A{DsAr~DAAAs}D}araa{aaar}_araaadar,43.65422004388912
BACE_809,Fc1cc(cc(F)c1)CC(NC(=O)C)C(O)C[NH2+]C1(CCc2nc(ncc2C1)C)c1cc(ccc1)C(C)(C)C,7.031517,n1c(C)ncc2c1CCC([NH2+]CC(O)C(Cc1cc(F)cc(F)c1)NC(C)=O)(c1cc(C(C)(C)C)ccc1)C2,Garaa{aa{G}ar}AA{DA{~B}A}A{B}A{DQs%}Ar{AAasda{daasAr}A}araa{aaar}A{A}{A}A,43.76054551446455
BACE_810,S(=O)(=O)(Nc1cc(cc(c1)C(C)(C)C)C1([NH2+]CC(O)C(NC(=O)C)Cc2cc(F)cc(F)c2)CCCCC1)C,7.031517,C(C)(=O)NC(C(C[NH2+]C1(c2cc(NS(=O)(C)=O)cc(C(C)(C)C)c2)CCCCC1)O)Cc1cc(F)cc(F)c1,E{~B}{~B}{Daraa{aa{ar}A{A}{A}A}Ar{{DQs%}AA{B}A{DA{~B}A}Aasaa{G}aa{G}as}AAAAAr}A,43.76054551446455
BACE_811,S1(=O)(=O)CC(Cc2cc(C3CC3)c(N)c(F)c2)C(O)C([NH2+]Cc2cc(ccc2)C(C)(C)C)C1,7.0268722,C1(Cc2cc(C3CC3)c(N)c(F)c2)C(O)C([NH2+]Cc2cc(C(C)(C)C)ccc2)CS(=O)(=O)C1,Er{~B}{~B}AA{Aasaa{AtAAt}a{D}a{G}as}A{B}A{{DQs%}Aasaa{aaas}A{A}{A}A}Ar,43.818763190490586
BACE_812,Fc1cc(cc(F)c1)CC(NC(=O)C(N1CCC(CCCC)C1=O)C)C(O)C1[NH2+]CC(O)C1,7.0177288,C(C)CCC1CCN(C(C(=O)NC(C(O)C2[NH2+]CC(O)C2)Cc2cc(F)cc(F)c2)C)C1=O,Garaa{aa{G}ar}AA{DA{~B}A{DrAAA{AAAA}Ar~B}A}A{B}Ar{DQs%}AA{B}Ar,43.9333660795227
BACE_813,Clc1ccc(nc1)C(=O)Nc1cc(C2(N=C(N)C3C(C2)C3)C)c(F)cc1,7.0177288,O=C(c1ccc(Cl)cn1)Nc1cc(C2(C)N=C(N)C3C(C2)C3)c(F)cc1,Zaraaa{dar}A{~B}Daraa{As{D~A{D}AtA{As}At}A}a{G}aar,43.9333660795227
BACE_814,O(C)c1cccnc1-c1cc2cc(CC(C(=O)NCCC(C)(C)C)C)c(nc2cc1)N,7.0132284,CC(CCNC(=O)C(Cc1cc2cc(-c3ncccc3OC)ccc2nc1N)C)(C)C,B{A}araaadar_araasaa{AA{A{~B}DAAA{A}{A}A}A}a{dasaar}D,43.989773853633
BACE_815,O(C)c1ccc(cc1C)C1(N=C(C)C(=N1)N)c1cc(ccc1)-c1cncnc1,7.0132284,c1c(C)c(OC)ccc1C1(c2cc(-c3cncnc3)ccc2)N=C(C)C(N)=N1,B{A}araaa{aarA}Ar{D~A{A}A{~Dr}D}araa{aaar}_aradadar,43.989773853633
BACE_816,Fc1cc(ccc1)-c1cc2c(OC(CC23N=C(N)N(C)C3=O)(C)C)cc1,7.004365,C1(N)=NC2(CC(C)(C)Oc3ccc(-c4cc(F)ccc4)cc32)C(=O)N1C,Garaa{aaar}_araasa{BA{AAstD~A{D}D{A}At~B}{A}A}aar,44.100867237565375
BACE_817,O(C)c1ccc(cc1)[C@@]1([NH+]=C(N2C1=NCCC2)N)c1cc(ccc1)-c1cncnc1,7.0,N12CCCN=C1[C@](c1cccc(-c3cncnc3)c1)(c1ccc(OC)cc1)[NH+]=C2N,B{A}araaa{aar}{A**}r{{DQ%}~A{DsAr~DAAAs}D}araa{aaar}_aradadar,44.15557791528102
BACE_818,Fc1cc(cc(F)c1)CC(NC(=O)C)C(O)C[NH2+]C1(CCC(NOC)CC1)c1cc(ccc1)C(C)(C)C,7.0,[NH2+](C1(c2cc(C(C)(C)C)ccc2)CCC(NOC)CC1)CC(C(NC(C)=O)Cc1cc(F)cc(F)c1)O,Garaa{aa{G}ar}AA{DA{~B}A}A{B}A{DQs%}Ar{AAA{DBA}AAr}araa{aaar}A{A}{A}A,44.15557791528102
BACE_819,o1cccc1C(=O)Nc1cc(ccc1)C1(N=C(N)N(C)C1=O)C1CCCCC1,7.0,O=C(Nc1cccc(C2(C3CCCCC3)C(=O)N(C)C(N)=N2)c1)c1ccco1,braaaarA{~B}Daraa{aaar}Ar{D~A{D}D{A}Ar~B}ArAAAAAr,44.15557791528102
BACE_820,O=C1N(C)C(=N[C@@]1(c1cc(ccc1)-c1cccnc1)c1cc(ncc1)C)N,7.0,n1c(C)cc([C@]2(c3cccc(-c4cnccc4)c3)N=C(N)N(C)C2=O)cc1,B~ArD{A}A{~D{A**}r{araa{aaar}_araaadar}araa{daar}A}D,44.15557791528102
BACE_821,Fc1cc(cc(F)c1)CC(NC(=O)C)C(O)C[NH2+]C1(CCCCC1)c1cc(ccc1)C(C)=C,7.0,c1ccc(C2([NH2+]CC(O)C(NC(=O)C)Cc3cc(F)cc(F)c3)CCCCC2)cc1C(=C)C,Garaa{aa{G}ar}AA{DA{~B}A}A{B}A{DQs%}Ar{AAAAAr}araa{aaar}A{A}~A,44.15557791528102
BACE_822,Fc1ccc(cc1OCCCCF)[C@]1(N=C(N)N(C)C1=O)c1ccc(OC(F)F)cc1,7.0,c1c(OC(F)F)ccc([C@@]2(c3cc(OCCCCF)c(F)cc3)C(=O)N(C)C(N)=N2)c1,Garaaa{aarBAAAAG}{A*}r{D~A{D}D{A}Ar~B}araaa{BA{G}G}aar,44.15557791528102
BACE_823,O=C1N(C)C(=NC1(c1cc(ccc1)-c1cncnc1)c1cn(nc1)C)N,7.0,c1ncc(-c2cc(C3(c4cnn(C)c4)N=C(N)N(C)C3=O)ccc2)cn1,B~ArD{A}A{~DAr{araa{aaar}_aradadar}arad{dar}A}D,44.15557791528102
BACE_824,FC1(F)CN2C(=NC1)C(N=C2N)(c1cc(ccc1)-c1cncnc1)c1ccc(OC)cc1,7.0,c1c(OC)ccc(C2(c3cccc(-c4cncnc4)c3)C3=NCC(F)(F)CN3C(N)=N2)c1,GAr{G}ADsA{~DAr}A{D~AsD}{araa{aaar}_aradadar}araaa{BA}aar,44.15557791528102
BACE_825,S1(=O)(=O)CC(Cc2cc(OCCOC)c(N)c(F)c2)C(O)C([NH2+]Cc2cc(ccc2)C(C)(C)C)C1,7.0,C1C([NH2+]Cc2cccc(C(C)(C)C)c2)C(O)C(Cc2cc(OCCOC)c(N)c(F)c2)CS1(=O)=O,Er{~B}{~B}AA{Aasaa{BAABA}a{D}a{G}as}A{B}A{{DQs%}Aasaa{aaas}A{A}{A}A}Ar,44.15557791528102
BACE_826,s1cc(cc1C1([NH2+]CC(O)C(NC(=O)C)Cc2cc(F)cc(F)c2)CCCCC1)C(C)(C)C,6.9829664,CC(c1cc(C2([NH2+]CC(C(NC(=O)C)Cc3cc(F)cc(F)c3)O)CCCCC2)sc1)(C)C,eraa{aarAr{{DQs%}AA{B}A{DA{~B}A}Aasaa{G}aa{G}as}AAAAAr}A{A}{A}A,44.36907615123455
BACE_827,Brc1cc2c(n(cc2)CC(=O)NC(=[NH2+])NCc2cc(Cl)c(NC(=O)C)c(Cl)c2)cc1,6.9746943,Clc1cc(CNC(NC(=O)Cn2c3c(cc2)cc(Br)cc3)=[NH2+])cc(Cl)c1NC(C)=O,Yaraasa{d{aas}AA{~B}DA{~{DQs%}}DAasaa{Z}a{DA{~B}A}a{Z}as}aar,44.47275821243307
BACE_828,O1CC2(N=C1N)c1cc(ccc1Oc1c2cc(OC)cc1)-c1cncnc1,6.9706163,c1c2c(ccc1OC)Oc1c(cc(-c3cncnc3)cc1)C21N=C(N)OC1,BrAAs{D~ArD}araa{aaarBarasaa{BA}aar}_aradadar,44.52387164742148
BACE_829,FC1(F)CN2C(=NC1)C(N=C2N)(c1cc(ccc1)-c1cncnc1)c1ccncc1,6.9699998,c1(-c2cncnc2)cc(C2(c3ccncc3)N=C(N)N3CC(F)(F)CN=C23)ccc1,GAr{G}ADsA{~DAr}A{D~AsD}{araa{aaar}_aradadar}araadaar,44.53159882561431
BACE_830,FC1(F)COC(=NC1(C)c1cc(NC(=O)c2ncc(OCC(F)(F)F)cc2)ccc1F)N,6.9665761,c1(C(Nc2ccc(F)c(C3(C)N=C(N)OCC3(F)F)c2)=O)ccc(OCC(F)(F)F)cn1,GAr{G}ABA{~DAr{A}araa{DA{~B}asdaa{BAA{G}{G}G}aas}aaarG}D,44.57451129922141
BACE_831,FC(F)(F)c1cc(ccc1)C[NH2+]CC(O)C(NC(=O)c1cc(N2CCCC2=O)c(OC)c(NCC)c1)Cc1ccccc1,6.9586072,c1c(C(=O)NC(C(C[NH2+]Cc2cccc(C(F)(F)F)c2)O)Cc2ccccc2)cc(NCC)c(OC)c1N1CCCC1=O,GA{G}{G}araa{aaar}A{DQs%}AA{B}A{DA{~B}araa{DsAAAAs~B}a{BA}a{DAA}ar}Aaraaaaar,44.674393067754785
BACE_832,Clc1ccccc1-c1n(Cc2nc(N)c(OCCO)cc2)c(cc1)-c1ccc(OCCCCC)cc1,6.9586072,C(COc1ccc(-c2n(Cc3ccc(OCCO)c(N)n3)c(-c3c(Cl)cccc3)cc2)cc1)CCC,Zaraaaaar_ard{Aasda{D}a{BAAB}aas}a{aar}_araaa{BAAAAA}aar,44.674393067754785
BACE_833,s1cc(nc1)-c1cc(ccc1)C1([NH2+]CC(O)C(NC(=O)C)Cc2cc(F)cc(F)c2)CCCCC1,6.9586072,Fc1cc(F)cc(CC(C(O)C[NH2+]C2(c3cc(-c4cscn4)ccc3)CCCCC2)NC(=O)C)c1,eraa{dar}_araa{aaar}Ar{{DQs%}AA{B}A{DA{~B}A}Aasaa{G}aa{G}as}AAAAAr,44.674393067754785
BACE_834,Fc1cc(cc(F)c1)C[C@H](NC(=O)C)[C@H](O)C[NH2+]C1(CCOCC1)c1cc(-n2nccc2)ccc1,6.9586072,Fc1cc(F)cc(C[C@H](NC(C)=O)[C@H](O)C[NH2+]C2(c3cc(-n4cccn4)ccc3)CCOCC2)c1,Garaa{aa{G}ar}A{A*Q}{DA{~B}A}{A*Q}{B}A{DQs%}Ar{AABAAr}araa{_dsdaaas}aaar,44.674393067754785
BACE_835,FC(F)Oc1ccc(cc1)[C@@]1(N=C(N)N(C)C1=O)c1cc(ccc1)C[C@@H](CC)C,6.9586072,C(C)[C@@H](C)Cc1cccc([C@@]2(c3ccc(OC(F)F)cc3)N=C(N)N(C)C2=O)c1,GA{G}Baraaa{aar}{A**}r{D~A{D}D{A}Ar~B}araa{aaar}A{A**Q}{AA}A,44.674393067754785
BACE_837,S1(=O)(=O)N(CCCC1)c1cc(cc(c1)/C(=N\OCC=C)/C)C(=O)N[C@H]([C@@H](O)C[NH2+]Cc1cc(OC)ccc1)Cc1cc(F)cc(F)c1,6.9546771,Fc1cc(F)cc(C[C@@H]([C@@H](O)C[NH2+]Cc2cccc(OC)c2)NC(c2cc(N3CCCCS3(=O)=O)cc(/C(=N\OCC=C)C)c2)=O)c1,Er{~B}{~B}D{AAAAr}araa{aa{ar}|A{~D!BAA~A}|A}A{~B}D{A*Q}{{A**Q}{B}A{DQs%}Aaraa{BA}aaar}Aaraa{G}aa{G}ar,44.72365273201373
BACE_838,O1c2c(cc(cc2)-c2cccnc2)C2(N=C(N)N(C)C2=O)CC1(C)C,6.9469213,N1=C(N)N(C)C(=O)C12CC(C)(C)Oc1ccc(-c3cccnc3)cc12,Brasa{aa{aas}_asaaadas}As{D~A{D}D{A}As~B}AAr{A}A,44.820863516487265
BACE_839,S1(=O)(=O)N(CCCC1)c1cc(cc(NCC)c1)C(=O)NC(Cc1ccccc1)C(O)C[NH2+]C1CC1,6.9208188,C(NC(=O)c1cc(N2CCCCS2(=O)=O)cc(NCC)c1)(C(O)C[NH2+]C1CC1)Cc1ccccc1,Er{~B}{~B}D{AAAAr}araa{aa{DAA}ar}A{~B}DA{Aaraaaaar}A{B}A{DQs%}ArAAr,45.14803086243744
BACE_840,Fc1cc(cc(F)c1)CC(NC(=O)C)C(O)C[NH2+]C1(CCC(=O)CC1)c1cc(ccc1)C(C)(C)C,6.9208188,C1(c2cc(C(C)(C)C)ccc2)([NH2+]CC(O)C(NC(=O)C)Cc2cc(F)cc(F)c2)CCC(=O)CC1,Garaa{aa{G}ar}AA{DA{~B}A}A{B}A{DQs%}Ar{AAA{~B}AAr}araa{aaar}A{A}{A}A,45.14803086243744
BACE_841,O(C)c1ccc(cc1C1CCCC1)C1(N=C(N)N(C)C1=O)c1cc(ccc1)-c1cccnc1,6.9208188,c1ccc(-c2cc(C3(c4ccc(OC)c(C5CCCC5)c4)C(=O)N(C)C(N)=N3)ccc2)cn1,B{A}araaa{aarArAAAAr}Ar{D~A{D}D{A}Ar~B}araa{aaar}_araaadar,45.14803086243744
BACE_842,O1CCc2cc(ccc12)C1(N=C(N)N(C)C1=O)c1cc(ccc1)-c1cccnc1,6.9208188,C1Cc2cc(C3(c4cc(-c5cnccc5)ccc4)C(=O)N(C)C(N)=N3)ccc2O1,BrAAasaa{aaars}Ar{D~A{D}D{A}Ar~B}araa{aaar}_araaadar,45.14803086243744
BACE_843,OC(C(NC(=O)C(NC(=O)C(NC(=O)C)CC(C)C)C)CC(C)C)CC(C(=O)NCCCC)C,6.9208188,N(C(CC(C)C)C(O)CC(C(=O)NCCCC)C)C(=O)C(NC(C(CC(C)C)NC(C)=O)=O)C,BA{A{DA{~B}A{DA{~B}A{DA{~B}A}AA{A}A}A}AA{A}A}AA{A{~B}DAAAA}A,45.14803086243744
BACE_844,Fc1cc(cc(F)c1)CC(NC(=O)C)C(O)C[NH2+]C1(CCCCC1)c1cc(ccc1)-c1ccoc1,6.9208188,Fc1cc(CC(NC(=O)C)C(O)C[NH2+]C2(c3cc(-c4ccoc4)ccc3)CCCCC2)cc(F)c1,Garaa{aa{G}ar}AA{DA{~B}A}A{B}A{DQs%}Ar{AAAAAr}araa{aaar}_araabar,45.14803086243744
BACE_845,Fc1ccc(cc1OCCF)[C@]1(N=C(N)N(C)C1=O)c1ccc(OC(F)F)cc1,6.9208188,c1c([C@@]2(c3ccc(OC(F)F)cc3)N=C(N)N(C)C2=O)cc(OCCF)c(F)c1,Garaaa{aarBAAG}{A*}r{D~A{D}D{A}Ar~B}araaa{BA{G}G}aar,45.14803086243744
BACE_846,Fc1cc(cc(F)c1)CC(NC(=O)c1c2c(n(c1)C(=O)N(CCCC)C)cc(cc2)C#N)C(O)C[NH2+]Cc1cc(OC)ccc1,6.9208188,c1cc(C#N)cc2n(C(N(C)CCCC)=O)cc(C(=O)NC(C(C[NH2+]Cc3cc(OC)ccc3)O)Cc3cc(F)cc(F)c3)c12,Garaa{aa{G}ar}AA{DA{~B}arasa{d{ar}A{~B}D{AAAA}A}aa{aas}A^D}A{B}A{DQs%}Aaraa{BA}aaar,45.14803086243744
BACE_847,Fc1ccc(cc1-c1cncnc1)C1(N=C(N)N(C)C1=O)c1cn(nc1)CC(F)(F)F,6.9208188,n1cc(-c2c(F)ccc(C3(c4cnn(CC(F)(F)F)c4)N=C(N)N(C)C3=O)c2)cnc1,Garaaa{aar_aradadar}Ar{D~A{D}D{A}Ar~B}arad{dar}AA{G}{G}G,45.14803086243744
BACE_848,S1(=O)(=O)CC(Cc2cc3c([nH]cc3CC(F)(F)F)cc2)C(O)C([NH2+]Cc2cc(ccc2)C(C)(C)C)C1,6.9208188,O=S1(=O)CC([NH2+]Cc2cccc(C(C)(C)C)c2)C(O)C(Cc2cc3c(CC(F)(F)F)c[nH]c3cc2)C1,Er{~B}{~B}AA{Aasaata{{dQ}aatAA{G}{G}G}aas}A{B}A{{DQs%}Aasaa{aaas}A{A}{A}A}Ar,45.14803086243744
BACE_849,S1(=O)(=O)CC(Cc2cc(O)c(N)c(F)c2)C(O)C([NH2+]Cc2cc(ccc2)C(C)(C)C)C1,6.9208188,c1c(C(C)(C)C)cccc1C[NH2+]C1CS(=O)(=O)CC(Cc2cc(F)c(N)c(O)c2)C1O,Er{~B}{~B}AA{Aasaa{B}a{D}a{G}as}A{B}A{{DQs%}Aasaa{aaas}A{A}{A}A}Ar,45.14803086243744
BACE_850,Clc1ccc(nc1)C(=O)Nc1cc(C2(Oc3c(cccc3)C(=N2)N)C)c(F)cc1,6.9208188,c1(C2(C)N=C(N)c3c(cccc3)O2)cc(NC(=O)c2ncc(Cl)cc2)ccc1F,Zaraaa{dar}A{~B}Daraa{As{Bata{aaaat}A{~Ds}D}A}a{G}aar,45.14803086243744
BACE_851,Fc1cc(cc(F)c1)CC(NC(=O)c1cc(cc(c1)C(=O)N(CCC)CCC)C([NH3+])C)C(O)C[NH2+]Cc1cc(OC)ccc1,6.9100947,C(C(Cc1cc(F)cc(F)c1)NC(c1cc(C(C)[NH3+])cc(C(N(CCC)CCC)=O)c1)=O)(O)C[NH2+]Cc1cccc(OC)c1,Garaa{aa{G}ar}AA{DA{~B}araa{aa{ar}A{~B}D{AAA}AAA}A{{DQt%}}A}A{B}A{DQs%}Aaraa{BA}aaar,45.282446161152286
BACE_852,S(=O)(=O)(N(C)c1cc(cc(c1)C(=O)N[C@H]([C@@H](O)C[NH2+]Cc1cc(OC)ccc1)Cc1cc(F)cc(F)c1)C(=O)C)C,6.9065785,c1c(N(S(=O)(=O)C)C)cc(C(=O)C)cc1C(=O)N[C@@H](Cc1cc(F)cc(F)c1)[C@H](C[NH2+]Cc1cccc(OC)c1)O,E{~B}{~B}{D{A}araa{aa{ar}A{~B}D{A*Q}{{A**Q}{B}A{DQs%}Aaraa{BA}aaar}Aaraa{G}aa{G}ar}A{~B}A}A,45.326518024836986
BACE_853,Fc1c2c(ccc1)C(N=C2N)(c1cc(ccc1)-c1cncnc1)c1ccncc1,6.9065785,c1(-c2cncnc2)cc(C2(c3ccncc3)N=C(N)c3c(F)cccc32)ccc1,Garasa{aaar}A{D~AsD}{araa{aaar}_aradadar}araadaar,45.326518024836986
BACE_854,S(=O)(=O)(N(c1ccccc1OC)c1cc(ccc1)C(=O)NC(Cc1ccccc1)C(O)C[NH2+]C(C(=O)NC1CCCCC1)C)C,6.8996296,O=S(C)(=O)N(c1ccccc1OC)c1cccc(C(NC(C(O)C[NH2+]C(C(=O)NC2CCCCC2)C)Cc2ccccc2)=O)c1,E{~B}{~B}{D{araaaaarBA}araa{aaar}A{~B}DA{Aaraaaaar}A{B}A{DQs%}A{A{~B}DArAAAAAr}A}A,45.41361516764987
BACE_855,Oc1ccc(cc1-c1nccc(c1)C#CC)C1(N=C(C)C(=N1)N)C1CC1,6.8860569,c1cc(C#CC)cc(-c2cc(C3(C4CC4)N=C(C)C(N)=N3)ccc2O)n1,Baraaa{aar_ardaaa{ar}A^AA}Ar{D~A{A}A{~Dr}D}ArAAr,45.5837346671759
BACE_856,Fc1ncccc1-c1cc2c(OC(CC23N=C(N)N(C)C3=O)(C)C)cc1,6.8860569,CC1(C)Oc2ccc(-c3c(F)nccc3)cc2C2(C(=O)N(C)C(N)=N2)C1,Gardaaaar_araasa{BA{AAstD~A{D}D{A}At~B}{A}A}aar,45.5837346671759
BACE_857,Fc1ncccc1-c1cc(ccc1)[C@]1([NH+]=C(N2C1=NCCCCC2)N)c1ccc(OC(F)(F)F)cc1,6.8860564,C1N2C(N)=[NH+][C@](c3ccc(OC(F)(F)F)cc3)(c3cccc(-c4c(F)nccc4)c3)C2=NCCCC1,Gardaaaar_araa{aaar}{A*}r{{DQ%}~A{DsAr~DAAAAAs}D}araaa{BA{G}{G}G}aar,45.58374093414928
BACE_858,O(C)c1ccc(cc1C)C1(N=C(N)N(C)C1=O)c1cc(-c2cccnc2)c(cc1)C,6.8860564,c1c(C2(c3cc(-c4cccnc4)c(C)cc3)N=C(N)N(C)C2=O)cc(C)c(OC)c1,B{A}araaa{aarA}Ar{D~A{D}D{A}Ar~B}araa{_asaaadas}a{aar}A,45.58374093414928
BACE_859,O=C1N(C)C(=NC1(c1cc(ccc1)-c1ccccc1)c1ccncc1)N,6.8860564,c1ccccc1-c1cccc(C2(c3ccncc3)N=C(N)N(C)C2=O)c1,B~ArD{A}A{~DAr{araa{aaar}_araaaaar}araadaar}D,45.58374093414928
BACE_860,Fc1cc(cc(F)c1)CC(NC(=O)C)C(O)C[NH2+]C1(CCCCC1)c1cc(ccc1)C(CC)(C)C,6.8860564,C(C[NH2+]C1(c2cccc(C(C)(C)CC)c2)CCCCC1)(C(NC(=O)C)Cc1cc(F)cc(F)c1)O,Garaa{aa{G}ar}AA{DA{~B}A}A{B}A{DQs%}Ar{AAAAAr}araa{aaar}A{AA}{A}A,45.58374093414928
BACE_861,S1(=O)(=O)CC(Cc2cc(OC(F)(F)F)c(N)cc2)C(O)C([NH2+]Cc2cc(ccc2)C(C)(C)C)C1,6.8860564,C1(O)C(Cc2cc(OC(F)(F)F)c(N)cc2)CS(=O)(=O)CC1[NH2+]Cc1cccc(C(C)(C)C)c1,Er{~B}{~B}AA{Aasaa{BA{G}{G}G}a{D}aas}A{B}A{{DQs%}Aasaa{aaas}A{A}{A}A}Ar,45.58374093414928
BACE_862,S1(=O)(=O)CC(Cc2cc(CCC)c(N)c(F)c2)C(O)C([NH2+]Cc2cc(ccc2)C(C)(C)C)C1,6.8860564,c1(CCC)cc(CC2C(O)C([NH2+]Cc3cccc(C(C)(C)C)c3)CS(=O)(=O)C2)cc(F)c1N,Er{~B}{~B}AA{Aasaa{AAA}a{D}a{G}as}A{B}A{{DQs%}Aasaa{aaas}A{A}{A}A}Ar,45.58374093414928
BACE_863,S1(=O)(=O)CC(Cc2cc(CCC(F)(F)F)c(N)c(F)c2)C(O)C([NH2+]Cc2cc(ccc2)C(C)(C)C)C1,6.8860564,C1(Cc2cc(CCC(F)(F)F)c(N)c(F)c2)C(O)C([NH2+]Cc2cc(C(C)(C)C)ccc2)CS(=O)(=O)C1,Er{~B}{~B}AA{Aasaa{AAA{G}{G}G}a{D}a{G}as}A{B}A{{DQs%}Aasaa{aaas}A{A}{A}A}Ar,45.58374093414928
BACE_864,Clc1cc(ccc1)-c1cc2c(Oc3c(cc(OC)cc3)C23N=C(OC3)N)cc1,6.8860564,C1(N)=NC2(CO1)c1cc(-c3cccc(Cl)c3)ccc1Oc1ccc(OC)cc12,Zaraa{aaar}_araasa{Bata{aa{BA}aat}AstD~A{BAt}D}aar,45.58374093414928
BACE_865,s1cc(cc1C1([NH2+]CC(O)C(NC(=O)C)Cc2cc(F)cc(F)c2)CCCCC1)CC(C)(C)C,6.8827286,c1c(F)cc(CC(C(O)C[NH2+]C2(c3scc(CC(C)(C)C)c3)CCCCC2)NC(=O)C)cc1F,eraa{aarAr{{DQs%}AA{B}A{DA{~B}A}Aasaa{G}aa{G}as}AAAAAr}AA{A}{A}A,45.625451402259735
BACE_866,FC(F)(F)c1nccc(c1)C1(N=C(N)c2c1cccc2)c1cc(ccc1)-c1cncnc1,6.8728952,FC(F)(F)c1cc(C2(c3cccc(-c4cncnc4)c3)N=C(N)c3c2cccc3)ccn1,GA{G}{G}ardaaa{ar}Ar{D~A{D}asaraaaas}araa{aaar}_aradadar,45.74870271457336
BACE_867,Fc1c2c(ccc1)C(N=C2N)(c1cc(ccc1)-c1cncnc1)c1ccc(OC)cc1,6.8696661,c1(OC)ccc(C2(c3cc(-c4cncnc4)ccc3)N=C(N)c3c2cccc3F)cc1,Garasa{aaar}A{D~AsD}{araa{aaar}_aradadar}araaa{BA}aar,45.78917608213615
BACE_868,Fc1c2c(ccc1)C(N=C2N)(c1cc(ccc1)-c1cc(F)cnc1)c1ccncc1,6.8632793,c12cccc(F)c1C(N)=NC2(c1ccncc1)c1cccc(-c2cc(F)cnc2)c1,Garasa{aaar}A{D~AsD}{araa{aaar}_araa{G}adar}araadaar,45.86922789346129
BACE_869,Clc1ccc(nc1)C(=O)Nc1cc(C2(N=C(OCC2)N)C)c(F)cc1,6.8632793,c1c(F)c(C2(C)N=C(N)OCC2)cc(NC(c2ccc(Cl)cn2)=O)c1,Zaraaa{dar}A{~B}Daraa{As{D~A{BAAs}D}A}a{G}aar,45.86922789346129
BACE_870,Fc1cc(cc(F)c1)CC(NC(=O)C)C(O)C[NH2+]C1(CCCCC1)c1onc(c1)CC(C)(C)C,6.8569851,c1c(CC(NC(C)=O)C(O)C[NH2+]C2(c3cc(CC(C)(C)C)no3)CCCCC2)cc(F)cc1F,Garaa{aa{G}ar}AA{DA{~B}A}A{B}A{DQs%}Ar{AAAAAr}arbda{ar}AA{A}{A}A,45.948119061314166
BACE_871,Fc1cc(cc(F)c1)CC(NC(=O)C)C(O)C[NH2+]C1(CCC(OC)CC1)c1cc(ccc1)C(C)(C)C,6.8538718,CC(=O)NC(Cc1cc(F)cc(F)c1)C(O)C[NH2+]C1(c2cc(C(C)(C)C)ccc2)CCC(OC)CC1,Garaa{aa{G}ar}AA{DA{~B}A}A{B}A{DQs%}Ar{AAA{BA}AAr}araa{aaar}A{A}{A}A,45.987140997839276
BACE_872,S(=O)(=O)(N(C)c1cc(cc(c1)C(=O)NC(C(O)CC(OC)COCc1ccc(OC)cc1)COc1cc(F)cc(F)c1)C(=O)NC(C)c1ccccc1)C,6.8538718,c1(F)cc(OCC(NC(=O)c2cc(N(C)S(=O)(C)=O)cc(C(=O)NC(c3ccccc3)C)c2)C(CC(COCc2ccc(OC)cc2)OC)O)cc(F)c1,E{~B}{~B}{D{A}araa{aa{ar}A{~B}DA{A{B}AA{BA}ABAaraaa{BA}aar}ABaraa{G}aa{G}ar}A{~B}DA{A}araaaaar}A,45.987140997839276
BACE_873,O=C1N(C)C(=N[C@]1(c1cc(nc(c1)C)C)c1cc(ccc1)-c1cncnc1)N,6.8538718,c1(-c2cccc([C@]3(c4cc(C)nc(C)c4)C(=O)N(C)C(N)=N3)c2)cncnc1,B~ArD{A}A{~D{A*}r{araa{da{ar}A}A}araa{aaar}_aradadar}D,45.987140997839276
BACE_874,Fc1cc(cc(F)c1)CC(NC(=O)C)C(O)C[NH2+]C1(CC1)c1cc(ccc1)C(C)(C)C,6.8538718,CC(C)(C)c1cc(C2([NH2+]CC(O)C(Cc3cc(F)cc(F)c3)NC(=O)C)CC2)ccc1,Garaa{aa{G}ar}AA{DA{~B}A}A{B}A{DQs%}Ar{AAr}araa{aaar}A{A}{A}A,45.987140997839276
BACE_875,s1cc(cc1C)C1(N=C(N)N(C)C1=O)c1cc(ccc1)-c1cncnc1,6.8538718,Cc1cc(C2(c3cc(-c4cncnc4)ccc3)C(=O)N(C)C(N)=N2)cs1,eraa{aarA}Ar{D~A{D}D{A}Ar~B}araa{aaar}_aradadar,45.987140997839276
BACE_876,Fc1cc(cc(F)c1)CC(NC(=O)C(N1CCC(NC(=O)C)(C(CC)C)C1=O)CCc1ccccc1)[C@H](O)[C@H]1[NH2+]Cc2c(C1)cccc2OC,6.8538718,C1CC(C(C)CC)(NC(=O)C)C(=O)N1C(CCc1ccccc1)C(NC(Cc1cc(F)cc(F)c1)[C@H](O)[C@H]1[NH2+]Cc2c(cccc2OC)C1)=O,Garaa{aa{G}ar}AA{DA{~B}A{DrAAA{DA{~B}A}{A{AA}A}Ar~B}AAaraaaaar}{A*Q}{B}{A*Q}r{DQs%}Aasa{Ar}aaaasBA,45.987140997839276
BACE_877,Brc1cc(ccc1N)CC1CS(=O)(=O)CC([NH2+]Cc2cc(ccc2)C(C)(C)C)C1O,6.8538718,c1(N)c(Br)cc(CC2CS(=O)(=O)CC([NH2+]Cc3cc(C(C)(C)C)ccc3)C2O)cc1,Yaraa{aaarD}AArAE{~B}{~B}AA{{DQs%}Aasaa{aaas}A{A}{A}A}ArB,45.987140997839276
BACE_878,O1c2ncc(cc2C([NH2+]CC(O)C(NC(=O)C(C)C)Cc2cc3OCOc3cc2)CC12CCC2)CC(C)(C)C,6.8416376,C12(Oc3ncc(CC(C)(C)C)cc3C([NH2+]CC(O)C(Cc3cc4c(cc3)OCO4)NC(C(C)C)=O)C1)CCC2,Brasdaa{aasA{{DQs%}AA{B}A{DA{~B}A{A}A}AasaatBABataas}AArsAAAs}AA{A}{A}A,46.14048380959385
BACE_879,Fc1cc(cnc1)-c1cc2c(OC(CC23N=C(N)N(C)C3=O)(C)C)cc1,6.8386321,CC1(C)Oc2ccc(-c3cncc(F)c3)cc2C2(N=C(N)N(C)C2=O)C1,Garaa{adar}_araasa{BA{AAstD~A{D}D{A}At~B}{A}A}aar,46.178154586655566
BACE_880,S1(=O)(=O)N(c2c(CCC1)c(NCC)cc(c2)C(=O)NC(Cc1ccccc1)C(O)C[NH2+]C1CC1)C,6.8239088,C1([NH2+]CC(C(NC(=O)c2cc3c(c(NCC)c2)CCCS(=O)(=O)N3C)Cc2ccccc2)O)CC1,Er{~B}{~B}D{asa{AAAr}a{DAA}aa{as}A{~B}DA{Aaraaaaar}A{B}A{DQs%}ArAAr}A,46.362695645352176
BACE_881,O(C)c1ccc(cc1C#N)C1(N=C(N)N(C)C1=O)c1cc(ccc1)-c1cccnc1,6.8239088,N#Cc1cc(C2(c3cccc(-c4cccnc4)c3)C(=O)N(C)C(N)=N2)ccc1OC,B{A}araaa{aarA^D}Ar{D~A{D}D{A}Ar~B}araa{aaar}_araaadar,46.362695645352176
BACE_882,O=C1N(C)C(=N[C@]1(c1cc(nc(c1)C)CC)c1cc(ccc1)-c1cncnc1)N,6.8239088,[C@]1(c2cc(-c3cncnc3)ccc2)(c2cc(C)nc(CC)c2)N=C(N)N(C)C1=O,B~ArD{A}A{~D{A*}r{araa{da{ar}A}AA}araa{aaar}_aradadar}D,46.362695645352176
BACE_883,OC(C(NC(=O)C1CC(CCC1)C(N(C(=O)CC)C)(C)C)Cc1ccccc1)C[NH2+]Cc1cc(ccc1)C(C)C,6.8239088,CC(N(C)C(=O)CC)(C1CCCC(C(NC(C(O)C[NH2+]Cc2cc(C(C)C)ccc2)Cc2ccccc2)=O)C1)C,BA{A{DA{~B}ArAA{AAAr}A{D{A{~B}AA}A}{A}A}Aaraaaaar}A{DQs%}Aaraa{aaar}A{A}A,46.362695645352176
BACE_884,S1(=O)(=O)CC(Cc2cc(CCCC)c(O)cc2)C(O)C([NH2+]Cc2cc(ccc2)C(C)C)C1,6.8239088,Oc1ccc(CC2CS(=O)(=O)CC([NH2+]Cc3cccc(C(C)C)c3)C2O)cc1CCCC,Er{~B}{~B}AA{Aasaa{AAAA}a{B}aas}A{B}A{{DQs%}Aasaa{aaas}A{A}A}Ar,46.362695645352176
BACE_885,S1(=O)(=O)CC(Cc2cc(-c3ccoc3)c(N)c(F)c2)C(O)C([NH2+]Cc2cc(ccc2)C(C)(C)C)C1,6.8239088,c1(C(C)(C)C)cccc(C[NH2+]C2C(O)C(Cc3cc(-c4cocc4)c(N)c(F)c3)CS(=O)(=O)C2)c1,Er{~B}{~B}AA{Aasaa{_ataabat}a{D}a{G}as}A{B}A{{DQs%}Aasaa{aaas}A{A}{A}A}Ar,46.362695645352176
BACE_886,S(=O)(=O)(N(C)c1cc(cc(c1)/C(=N\OCC=C)/C)C(=O)N[C@H]([C@@H](O)C[NH2+]Cc1cc(OC)ccc1)Cc1cc(F)cc(F)c1)C,6.821023,CN(c1cc(/C(C)=N\OCC=C)cc(C(N[C@@H](Cc2cc(F)cc(F)c2)[C@H](C[NH2+]Cc2cccc(OC)c2)O)=O)c1)S(=O)(C)=O,E{~B}{~B}{D{A}araa{aa{ar}|A{~D!BAA~A}|A}A{~B}D{A*Q}{{A**Q}{B}A{DQs%}Aaraa{BA}aaar}Aaraa{G}aa{G}ar}A,46.39886610898373
BACE_887,O1c2c(cc(cc2)-c2cncnc2)C2(N=C(N)N(C)C2=O)CC1(C)C,6.821023,NC1=NC2(C(=O)N1C)CC(C)(C)Oc1ccc(-c3cncnc3)cc12,Brasa{aa{aas}_asadadas}As{D~A{D}D{A}As~B}AAr{A}A,46.39886610898373
BACE_888,Clc1cn(nc1C(=O)Nc1cc(C2(N=C(OCC2(F)F)N)C)c(F)cc1)C,6.821023,NC1=NC(C)(c2cc(NC(c3nn(C)cc3Cl)=O)ccc2F)C(F)(F)CO1,Zarad{darA{~B}Daraa{As{D~A{BAAs{G}G}D}A}a{G}aar}A,46.39886610898373
BACE_889,Fc1ncccc1-c1cc(ccc1)C1([NH+]=C(N2C1=NCCC2)N)c1cc2OCOc2cc1,6.7958798,c1c(C2(c3cc(-c4c(F)nccc4)ccc3)[NH+]=C(N)N3C2=NCCC3)cc2c(c1)OCO2,Gardaaaar_araa{aaar}Ar{{DQ%}~A{DsAr~DAAAs}D}araasBABasaar,46.714009639783264
BACE_890,Fc1cc(cc(F)c1)CC(NC(=O)C)C(O)C[NH2+]C1(CCCCC1)c1cc(cc(c1)C(=O)C)C(C)(C)C,6.7958798,c1c(C(C)(C)C)cc(C(C)=O)cc1C1([NH2+]CC(C(Cc2cc(F)cc(F)c2)NC(=O)C)O)CCCCC1,Garaa{aa{G}ar}AA{DA{~B}A}A{B}A{DQs%}Ar{AAAAAr}araa{aa{ar}A{~B}A}A{A}{A}A,46.714009639783264
BACE_891,Fc1cc(cc(F)c1)CC(NC(=O)c1c2cc(ccc2n(c1)C(=O)N(CCCC)C)C(F)(F)F)C(O)C[NH2+]Cc1cc(OC)ccc1,6.7958798,C(n1c2ccc(C(F)(F)F)cc2c(C(=O)NC(C(O)C[NH2+]Cc2cc(OC)ccc2)Cc2cc(F)cc(F)c2)c1)(=O)N(CCCC)C,Garaa{aa{G}ar}AA{DA{~B}arasaa{aaasd{ar}A{~B}D{AAAA}A}A{G}{G}G}A{B}A{DQs%}Aaraa{BA}aaar,46.714009639783264
BACE_892,Fc1cc(cc(F)c1)CC(NC(=O)C(N1CCC(C(C)C)C1=O)C)C(O)C1[NH2+]CC(OCCC)C1,6.7958798,c1c(F)cc(F)cc1CC(NC(C(C)N1CCC(C(C)C)C1=O)=O)C(C1[NH2+]CC(OCCC)C1)O,Garaa{aa{G}ar}AA{DA{~B}A{DrAAA{A{A}A}Ar~B}A}A{B}Ar{DQs%}AA{BAAA}Ar,46.714009639783264
BACE_893,Fc1cc(cc(F)c1)CC(NC(=O)C)C(O)C[NH2+]C1(CCCCC1)c1cc(ccc1)C(C#N)(C)C,6.779892,c1c(F)cc(F)cc1CC(C(O)C[NH2+]C1(c2cc(C(C)(C#N)C)ccc2)CCCCC1)NC(C)=O,Garaa{aa{G}ar}AA{DA{~B}A}A{B}A{DQs%}Ar{AAAAAr}araa{aaar}A{A^D}{A}A,46.91439987418925
BACE_894,Clc1ccccc1-c1n(Cc2nc(N)c(NCCO)cc2)c(cc1)-c1ccc(OCCCCC)cc1,6.7695513,c1cc(-c2ccccc2Cl)n(Cc2nc(N)c(NCCO)cc2)c1-c1ccc(OCCCCC)cc1,Zaraaaaar_ard{Aasda{D}a{DAAB}aas}a{aar}_araaa{BAAAAA}aar,47.04400965770681
BACE_895,Fc1cc(cc(F)c1)CC(NC(=O)C)C(O)C[NH2+]C1(CCCCC1)c1cc(cc(O)c1)C(C)(C)C,6.7695513,C(O)(C(NC(=O)C)Cc1cc(F)cc(F)c1)C[NH2+]C1(c2cc(C(C)(C)C)cc(O)c2)CCCCC1,Garaa{aa{G}ar}AA{DA{~B}A}A{B}A{DQs%}Ar{AAAAAr}araa{aa{B}ar}A{A}{A}A,47.04400965770681
BACE_896,FC(F)Oc1ccc(cc1)[C@@]1(N=C(N)N(C)C1=O)c1ccccc1,6.7695513,N1=C(N)N(C)C(=O)[C@@]1(c1ccc(OC(F)F)cc1)c1ccccc1,GA{G}Baraaa{aar}{A**}r{D~A{D}D{A}Ar~B}araaaaar,47.04400965770681
BACE_897,Fc1cc(cc(F)c1)CC(NC(=O)C(N1CCC(C(C)C)C1=O)C)C(O)C[NH2+]Cc1cc(OC)ccc1,6.7695513,C(c1cccc(OC)c1)[NH2+]CC(C(Cc1cc(F)cc(F)c1)NC(C(C)N1CCC(C(C)C)C1=O)=O)O,Garaa{aa{G}ar}AA{DA{~B}A{DrAAA{A{A}A}Ar~B}A}A{B}A{DQs%}Aaraa{BA}aaar,47.04400965770681
BACE_898,O(C)c1cc(ccc1)-c1cc(ccc1)C1(N=C(C)C(=N1)N)c1ccncc1,6.7695513,N1=C(N)C(C)=NC1(c1cc(-c2cccc(OC)c2)ccc1)c1ccncc1,B{A}araa{aaar}_araa{aaar}Ar{D~A{A}A{~Dr}D}araadaar,47.04400965770681
BACE_899,Clc1cc2CC(N=C(NC(Cc3ccccc3)C=3NC(=O)c4c(N=3)ccnc4)c2cc1)(C)C,6.7695513,c1ncc2c(c1)nc(C(NC1=NC(C)(C)Cc3c1ccc(Cl)c3)Cc1ccccc1)[nH]c2=O,ZaraasAA{D~A{DA{Aataaaaat}A~tDA{~B}aua{D~t}aadau}asaar}{A}A,47.04400965770681
BACE_900,S(=O)(=O)(N(C)c1cc(cc(c1)/C(=N\OCC(C)C)/C)C(=O)N[C@H]([C@@H](O)C[NH2+]Cc1cc(OC)ccc1)Cc1cc(F)cc(F)c1)C,6.7619538,C(O/N=C(/C)c1cc(N(S(=O)(=O)C)C)cc(C(=O)N[C@H]([C@@H](O)C[NH2+]Cc2cccc(OC)c2)Cc2cc(F)cc(F)c2)c1)C(C)C,E{~B}{~B}{D{A}araa{aa{ar}|A{~D!BAA{A}A}|A}A{~B}D{A*Q}{{A**Q}{B}A{DQs%}Aaraa{BA}aaar}Aaraa{G}aa{G}ar}A,47.13923631840431
BACE_901,Brc1cc(cc(c1)C(C)(C)C)C1([NH2+]CC(O)C(NC(=O)C)Cc2cc(F)cc(F)c2)CCCCC1,6.7594509,c1(Br)cc(C2([NH2+]CC(O)C(NC(=O)C)Cc3cc(F)cc(F)c3)CCCCC2)cc(C(C)(C)C)c1,Yaraa{aa{ar}A{A}{A}A}Ar{{DQs%}AA{B}A{DA{~B}A}Aasaa{G}aa{G}as}AAAAAr,47.17060753381198
BACE_902,FCC([NH2+]CC(O)C1NC(=O)c2cc(cc(NCCCCOc3cc(C1)ccc3)c2)COC)c1cc(ccc1)C(C)(C)C,6.7520266,C(C(c1cccc(C(C)(C)C)c1)[NH2+]CC(O)C1NC(=O)c2cc(cc(COC)c2)NCCCCOc2cc(ccc2)C1)F,GAA{{DQs%}AA{B}ArDA{~B}asaa{aa{DAAAABataa{Ar}aaat}as}ABA}araa{aaar}A{A}{A}A,47.263663314926355
BACE_903,S(=O)(=O)(N(Cc1ccccc1)c1cc(ccc1)C(=O)NC(Cc1ccccc1)C(O)C[NH2+]C(C(=O)NC1CCCCC1)C)C,6.7447276,C(C([NH2+]CC(O)C(NC(=O)c1cccc(N(S(=O)(C)=O)Cc2ccccc2)c1)Cc1ccccc1)C)(NC1CCCCC1)=O,E{~B}{~B}{D{Aaraaaaar}araa{aaar}A{~B}DA{Aaraaaaar}A{B}A{DQs%}A{A{~B}DArAAAAAr}A}A,47.35514859250859
BACE_904,Fc1cc(cc(F)c1)CC(NC(=O)C)C(O)C[NH2+]C1(CCCCC1)c1cc(ccc1)C1OCCC1,6.7447276,c1(C2([NH2+]CC(C(NC(=O)C)Cc3cc(F)cc(F)c3)O)CCCCC2)cc(C2CCCO2)ccc1,Garaa{aa{G}ar}AA{DA{~B}A}A{B}A{DQs%}Ar{AAAAAr}araa{aaar}ArBAAAr,47.35514859250859
BACE_905,Fc1cc(cc(F)c1)CC(NC(=O)C)C(O)C[NH2+]C1(CCCCC1)c1cc(cc(c1)C)C(C)(C)C,6.7447276,c1(C(C)(C)C)cc(C)cc(C2([NH2+]CC(C(NC(C)=O)Cc3cc(F)cc(F)c3)O)CCCCC2)c1,Garaa{aa{G}ar}AA{DA{~B}A}A{B}A{DQs%}Ar{AAAAAr}araa{aa{ar}A}A{A}{A}A,47.35514859250859
BACE_906,s1c(C)c(cc1CC)C1(N=C(N)N(C)C1=O)c1cc(ccc1)-c1cncnc1,6.7447276,c1c(-c2cc(C3(c4cc(CC)sc4C)C(=O)N(C)C(N)=N3)ccc2)cncn1,era{A}a{aarAA}Ar{D~A{D}D{A}Ar~B}araa{aaar}_aradadar,47.35514859250859
BACE_907,S(=O)(=O)(N(C)c1cc2cc(c1)C(=O)NCCC\C=C\COCC(NC2=O)C(O)C[NH2+]Cc1cc(ccc1)C(C)C)C,6.7447276,CS(N(C)c1cc2cc(c1)C(=O)NCCC/C=C/COCC(C(C[NH2+]Cc1cc(C(C)C)ccc1)O)NC2=O)(=O)=O,E{~B}{~B}{D{A}araasaa{ar}A{~B}DAAA!A~A!ABAA{DAs~B}A{B}A{DQs%}Aaraa{aaar}A{A}A}A,47.35514859250859
BACE_908,S1(=O)(=O)N(c2c(CCC1)c(NCC)cc(c2)C(=O)NC(Cc1ccccc1)C(O)C[NH2+]C1CCOCC1)C,6.7212462,C(C(O)C(Cc1ccccc1)NC(=O)c1cc2c(c(NCC)c1)CCCS(=O)(=O)N2C)[NH2+]C1CCOCC1,Er{~B}{~B}D{asa{AAAr}a{DAA}aa{as}A{~B}DA{Aaraaaaar}A{B}A{DQs%}ArAABAAr}A,47.64946321054113
BACE_909,Fc1ncccc1-c1cc(ccc1)[C@]1([NH+]=C(N2C1=NCCC2)N)c1cc2OCCOc2cc1,6.7212462,c1ccc(-c2cccc([C@]3(c4ccc5c(c4)OCCO5)C4=NCCCN4C(N)=[NH+]3)c2)c(F)n1,Gardaaaar_araa{aaar}{A*}r{{DQ%}~A{DsAr~DAAAs}D}araasBAABasaar,47.64946321054113
BACE_910,Fc1ncccc1-c1cc(ccc1)[C@]1([NH+]=C(N2CC(N=C12)(C)C)N)c1ccc(OC(F)(F)F)cc1,6.7212462,FC(F)(F)Oc1ccc([C@@]2(c3cccc(-c4c(F)nccc4)c3)C3=NC(C)(C)CN3C(N)=[NH+]2)cc1,Gardaaaar_araa{aaar}{A*}r{{DQ%}~A{DsAA{D~Ars}{A}A}D}araaa{BA{G}{G}G}aar,47.64946321054113
BACE_911,S(=O)(=O)(N(c1cc(ccc1)C(=O)NC(Cc1ccccc1)C(O)C[NH2+]C(C(=O)NC1CCCCC1)C)c1ccc(cc1)C#N)C,6.7212462,c1cc(CC(C(C[NH2+]C(C)C(=O)NC2CCCCC2)O)NC(c2cccc(N(S(=O)(C)=O)c3ccc(C#N)cc3)c2)=O)ccc1,E{~B}{~B}{D{araa{aaar}A{~B}DA{Aaraaaaar}A{B}A{DQs%}A{A{~B}DArAAAAAr}A}araaa{aar}A^D}A,47.64946321054113
BACE_912,Fc1cc(cc(F)c1)CC(NC(=O)c1c2c(n(c1)C(=O)NCCCC)cccc2)C(O)C[NH2+]Cc1cc(OC)ccc1,6.7212462,Fc1cc(F)cc(CC(C(C[NH2+]Cc2cc(OC)ccc2)O)NC(=O)c2cn(C(NCCCC)=O)c3ccccc32)c1,Garaa{aa{G}ar}AA{DA{~B}arasa{d{ar}A{~B}DAAAA}aaaas}A{B}A{DQs%}Aaraa{BA}aaar,47.64946321054113
BACE_913,S1(=O)(=O)CC(Cc2cc(CCC)c(O)cc2)C(O)C([NH2+]Cc2cc(ccc2)C(C)C)C1,6.7212462,c1c(C(C)C)cc(C[NH2+]C2CS(=O)(=O)CC(Cc3cc(CCC)c(O)cc3)C2O)cc1,Er{~B}{~B}AA{Aasaa{AAA}a{B}aas}A{B}A{{DQs%}Aasaa{aaas}A{A}A}Ar,47.64946321054113
BACE_914,Fc1cc(cc(F)c1)C[C@H](NC(=O)C)[C@H](O)C[NH2+]C(C)(C)c1cc(ccc1)C(C)(C)C,6.6989698,c1(F)cc(C[C@H](NC(=O)C)[C@@H](C[NH2+]C(C)(C)c2cccc(C(C)(C)C)c2)O)cc(F)c1,Garaa{aa{G}ar}A{A*Q}{DA{~B}A}{A*Q}{B}A{DQs%}A{A}{A}araa{aaar}A{A}{A}A,47.928674422697995
BACE_915,FC(F)(F)CCOc1cc(ccc1)[C@]1(N=C(N)N(C)C1=O)c1ccc(OC(F)F)cc1,6.6989698,FC(F)Oc1ccc([C@@]2(c3cccc(OCCC(F)(F)F)c3)C(=O)N(C)C(N)=N2)cc1,GA{G}{G}AABaraa{aaar}{A*}r{D~A{D}D{A}Ar~B}araaa{BA{G}G}aar,47.928674422697995
BACE_916,FC(F)Oc1cc(ccc1)[C@]1(N=C(N)N(C)C1=O)c1ccc(OC(F)F)cc1,6.6989698,O=C1N(C)C(N)=N[C@@]1(c1cccc(OC(F)F)c1)c1ccc(OC(F)F)cc1,GA{G}Baraa{aaar}{A*}r{D~A{D}D{A}Ar~B}araaa{BA{G}G}aar,47.928674422697995
BACE_917,S1(=O)(=O)CC(Cc2cc3c([nH]cc3CC)cc2)C(O)C([NH2+]Cc2cc(ccc2)C(C)(C)C)C1,6.6989698,c1cc(C(C)(C)C)cc(C[NH2+]C2C(O)C(Cc3ccc4[nH]cc(CC)c4c3)CS(=O)(=O)C2)c1,Er{~B}{~B}AA{Aasaata{{dQ}aatAA}aas}A{B}A{{DQs%}Aasaa{aaas}A{A}{A}A}Ar,47.928674422697995
BACE_918,FC(F)(F)Oc1ccc(cc1)[C@@]1([NH+]=C(N2C1=NCCC2)N)c1cc(ccc1)CCC1CC1,6.6777806,[C@]1(c2ccc(OC(F)(F)F)cc2)(c2cc(CCC3CC3)ccc2)C2=NCCCN2C(N)=[NH+]1,GA{G}{G}Baraaa{aar}{A**}r{{DQ%}~A{DsAr~DAAAs}D}araa{aaar}AAArAAr,48.19425872791043
BACE_919,S(=O)(=O)(C)C1CCC([NH2+]CC(O)C(NC(=O)C)Cc2cc(F)cc(F)c2)(CC1)c1cc(ccc1)C(C)(C)C,6.6777806,C(c1cc(F)cc(F)c1)C(NC(=O)C)C(O)C[NH2+]C1(c2cc(C(C)(C)C)ccc2)CCC(S(=O)(=O)C)CC1,E{~B}{~B}{A}ArAAA{{DQs%}AA{B}A{DA{~B}A}Aasaa{G}aa{G}as}{AAr}araa{aaar}A{A}{A}A,48.19425872791043
BACE_920,Fc1cc(cc(F)c1)CC(NC(=O)C)C(O)C[NH2+]C1(CCC(NC=O)CC1)c1cc(ccc1)C(C)(C)C,6.6777806,C(Cc1cc(F)cc(F)c1)(C(O)C[NH2+]C1(c2cccc(C(C)(C)C)c2)CCC(NC=O)CC1)NC(=O)C,Garaa{aa{G}ar}AA{DA{~B}A}A{B}A{DQs%}Ar{AAA{DA~B}AAr}araa{aaar}A{A}{A}A,48.19425872791043
BACE_921,O=C1N(C)C(=N[C@]1(C1CCCCC1)c1cc(NC(=O)COC)ccc1)N,6.6777806,C1CC([C@@]2(c3cc(NC(=O)COC)ccc3)C(=O)N(C)C(N)=N2)CCC1,B~ArD{A}A{~D{A*}r{ArAAAAAr}araa{DA{~B}ABA}aaar}D,48.19425872791043
BACE_922,S(=O)(=O)(N(c1cc(ccc1)C(=O)NC(Cc1ccccc1)C(O)C[NH2+]Cc1cc(ccc1)C(F)(F)F)c1ccncc1)C,6.6777806,N(C(=O)c1cc(N(S(=O)(C)=O)c2ccncc2)ccc1)C(Cc1ccccc1)C(O)C[NH2+]Cc1cc(C(F)(F)F)ccc1,E{~B}{~B}{D{araa{aaar}A{~B}DA{Aaraaaaar}A{B}A{DQs%}Aaraa{aaar}A{G}{G}G}araadaar}A,48.19425872791043
BACE_923,Fc1cc(cc(F)c1)CC(NC(=O)C)C(O)C[NH2+]C1(CCCCC1)c1nn(cc1)CC(C)(C)C,6.6777806,C1CCCC([NH2+]CC(O)C(Cc2cc(F)cc(F)c2)NC(=O)C)(c2ccn(CC(C)(C)C)n2)C1,Garaa{aa{G}ar}AA{DA{~B}A}A{B}A{DQs%}Ar{AAAAAr}ardd{aar}AA{A}{A}A,48.19425872791043
BACE_924,Fc1cc(cc(F)c1)CC(NC(=O)c1c2cccnc2n(c1)C(=O)N(CC1CC1)CCC)C(O)C[NH2+]Cc1cc(OC)ccc1,6.6777806,c12n(C(=O)N(CC3CC3)CCC)cc(C(=O)NC(Cc3cc(F)cc(F)c3)C(C[NH2+]Cc3cc(OC)ccc3)O)c1cccn2,Garaa{aa{G}ar}AA{DA{~B}arasaaadasd{ar}A{~B}D{AArAAr}AAA}A{B}A{DQs%}Aaraa{BA}aaar,48.19425872791043
BACE_925,S1(=O)CC(Cc2cc(OC(COC)C(F)(F)F)c(N)c(F)c2)C(O)C([NH2+]Cc2cc(OC(F)(F)F)ccc2)C1,6.6736641,c1cc(OC(F)(F)F)cc(C[NH2+]C2C(O)C(Cc3cc(F)c(N)c(OC(C(F)(F)F)COC)c3)CS(=O)C2)c1,Er{~B}AA{Aasaa{BA{ABA}A{G}{G}G}a{D}a{G}as}A{B}A{{DQs%}Aasaa{BA{G}{G}G}aaas}Ar,48.24585471985005
BACE_926,Fc1cc(cc(F)c1)CC(NC(=O)C)C(O)C[NH2+]C1(CCCC1)c1cc(ccc1)C(C)(C)C,6.6575775,C1CC(c2cccc(C(C)(C)C)c2)([NH2+]CC(C(Cc2cc(F)cc(F)c2)NC(C)=O)O)CC1,Garaa{aa{G}ar}AA{DA{~B}A}A{B}A{DQs%}Ar{AAAAr}araa{aaar}A{A}{A}A,48.44748330819838
BACE_927,Clc1ccccc1-c1n(Cc2nc(N)c(NCCCO)cc2)c(cc1)-c1ccc(OCCCCC)cc1,6.6575775,c1(OCCCCC)ccc(-c2ccc(-c3c(Cl)cccc3)n2Cc2nc(N)c(NCCCO)cc2)cc1,Zaraaaaar_ard{Aasda{D}a{DAAAB}aas}a{aar}_araaa{BAAAAA}aar,48.44748330819838
BACE_928,S1(=O)(=O)CC(Cc2cc3c([nH]nc3CCC)cc2)C(O)C([NH2+]Cc2cc(ccc2)C(C)(C)C)C1,6.6575775,CC(c1cc(C[NH2+]C2C(O)C(Cc3ccc4c(c(CCC)n[nH]4)c3)CS(=O)(=O)C2)ccc1)(C)C,Er{~B}{~B}AA{Aasaata{{dQ}datAAA}aas}A{B}A{{DQs%}Aasaa{aaas}A{A}{A}A}Ar,48.44748330819838
BACE_929,Ic1cc(cc(c1)C(C)(C)C)C1([NH2+]CC(O)C(NC(=O)C)Cc2cc(F)cc(F)c2)CCCCC1,6.6516953,Fc1cc(F)cc(CC(C(O)C[NH2+]C2(c3cc(C(C)(C)C)cc(I)c3)CCCCC2)NC(=O)C)c1,Haraa{aa{ar}A{A}{A}A}Ar{{DQs%}AA{B}A{DA{~B}A}Aasaa{G}aa{G}as}AAAAAr,48.521210489975914
BACE_930,Clc1cc(cc(Cl)c1NC(=O)C)CNC(=[NH2+])NC(=O)Cn1c2cc(OC)ccc2cc1,6.6497521,N(C(NCc1cc(Cl)c(NC(C)=O)c(Cl)c1)=[NH2+])C(Cn1c2cc(OC)ccc2cc1)=O,Zaraa{aa{Z}arDA{~B}A}ADA{~{DQs%}}DA{~B}Adrasaa{BA}aaasaar,48.54556645536814
BACE_931,S1(=O)CC(Cc2cc(OC(COC)C(F)(F)F)c(N)c(F)c2)C(O)C([NH2+]Cc2nccc(c2)C(C)(C)C)C1,6.6458917,c1(N)c(F)cc(CC2C(O)C([NH2+]Cc3cc(C(C)(C)C)ccn3)CS(=O)C2)cc1OC(COC)C(F)(F)F,Er{~B}AA{Aasaa{BA{ABA}A{G}{G}G}a{D}a{G}as}A{B}A{{DQs%}Aasdaaa{as}A{A}{A}A}Ar,48.593952503536165
BACE_932,Fc1cc(cc(F)c1)C[C@H](NC(=O)C)[C@H](O)C[NH2+]C1(CC1)c1cc(ccc1)C(C(F)F)(C)C,6.6382723,CC(c1cc(C2([NH2+]C[C@@H](O)[C@@H](NC(=O)C)Cc3cc(F)cc(F)c3)CC2)ccc1)(C(F)F)C,Garaa{aa{G}ar}A{A*Q}{DA{~B}A}{A*Q}{B}A{DQs%}Ar{AAr}araa{aaar}A{A{G}G}{A}A,48.68945365766826
BACE_933,O1c2c(cc(NC(=O)c3oc(cc3)C)cc2)C2(N=C(N)N(C)C2=O)CC1(C)C,6.6382723,o1c(C)ccc1C(=O)Nc1cc2c(cc1)OC(C)(C)CC21C(=O)N(C)C(N)=N1,Brasa{aa{DA{~B}atba{aat}A}aas}As{D~A{D}D{A}As~B}AAr{A}A,48.68945365766826
BACE_934,Fc1cc(cc(F)c1)CC(NC(=O)C)C(O)C[NH2+]C1(CCC(NC(OC)=O)CC1)c1cc(ccc1)C(C)(C)C,6.6197886,CC(c1cccc(C2([NH2+]CC(O)C(Cc3cc(F)cc(F)c3)NC(C)=O)CCC(NC(=O)OC)CC2)c1)(C)C,Garaa{aa{G}ar}AA{DA{~B}A}A{B}A{DQs%}Ar{AAA{DA{BA}~B}AAr}araa{aaar}A{A}{A}A,48.92112736985442
BACE_935,Fc1cc(cc(F)c1)CC(NC(=O)C)C(O)C[NH2+]C1(CCC(N(O)C(=O)C)CC1)c1cc(ccc1)C(C)(C)C,6.6197886,c1cc(C(C)(C)C)cc(C2([NH2+]CC(C(NC(C)=O)Cc3cc(F)cc(F)c3)O)CCC(N(C(=O)C)O)CC2)c1,Garaa{aa{G}ar}AA{DA{~B}A}A{B}A{DQs%}Ar{AAA{D{B}A{~B}A}AAr}araa{aaar}A{A}{A}A,48.92112736985442
BACE_936,S(=O)(=O)(N(C)c1cc(cc(c1)C(=O)NC(C(O)CC(OC)COCc1ccccc1)COc1cc(F)cc(F)c1)C(=O)NC(C)c1ccccc1)C,6.6197886,Fc1cc(F)cc(OCC(C(O)CC(COCc2ccccc2)OC)NC(c2cc(N(S(=O)(=O)C)C)cc(C(NC(C)c3ccccc3)=O)c2)=O)c1,E{~B}{~B}{D{A}araa{aa{ar}A{~B}DA{A{B}AA{BA}ABAaraaaaar}ABaraa{G}aa{G}ar}A{~B}DA{A}araaaaar}A,48.92112736985442
BACE_937,s1cc(cc1)-c1cc(ccc1)C1(N=C(N)N(C)C1=O)c1ccncc1,6.6197886,C1(N)=NC(c2ccncc2)(c2cccc(-c3ccsc3)c2)C(=O)N1C,eraa{aar}_araa{aaar}Ar{D~A{D}D{A}Ar~B}araadaar,48.92112736985442
BACE_938,O(C)c1cc(ccc1)C[NH2+]CC(O)C(NC(=O)c1c2c(n(c1)C(=O)N(CCC)CCC)cccc2)Cc1ccccc1,6.6197886,C(N(CCC)C(=O)n1c2c(cccc2)c(C(NC(Cc2ccccc2)C(C[NH2+]Cc2cccc(OC)c2)O)=O)c1)CC,B{A}araa{aaar}A{DQs%}AA{B}A{DA{~B}arasa{d{ar}A{~B}D{AAA}AAA}aaaas}Aaraaaaar,48.92112736985442
BACE_939,S(C(C)C)C(NC(=O)C(C(C)C)CC(O)C1NC(=O)c2cc(N(S(=O)(=O)C)C)cc(c2)C(=O)NC(c2cc(COC1)ccc2)c1ccccc1)C(=O)NCc1ccccc1,6.6197886,C1(c2ccccc2)c2cc(ccc2)COCC(C(O)CC(C(C)C)C(=O)NC(SC(C)C)C(=O)NCc2ccccc2)NC(=O)c2cc(N(S(=O)(C)=O)C)cc(c2)C(=O)N1,E{A{A}A}A{DA{~B}A{A{A}A}AA{B}ArDA{~B}asaa{D{E{~B}{~B}A}A}aa{as}A{~B}DA{asaa{ABAr}aaas}araaaaar}A{~B}DAaraaaaar,48.92112736985442
BACE_940,Fc1c2c(ccc1)C(N=C2N)(c1cc(ccc1)-c1cncnc1)c1cc(ncc1)C(F)(F)F,6.6179829,c1ccc(C2(c3cc(C(F)(F)F)ncc3)c3c(c(F)ccc3)C(N)=N2)cc1-c1cncnc1,Garasa{aaar}A{D~AsD}{araa{aaar}_aradadar}araa{daar}A{G}{G}G,48.94375991756372
BACE_941,S(=O)(=O)(N(c1cc(cc(c1)/C(=N/OCC(C)C)/C)C(=O)N[C@H]([C@@H](O)C[NH2+]Cc1cc(OC)ccc1)Cc1cc(F)cc(F)c1)c1ccccc1)C,6.6161847,c1c(F)cc(F)cc1C[C@@H]([C@@H](O)C[NH2+]Cc1cccc(OC)c1)NC(=O)c1cc(/C(=N/OCC(C)C)C)cc(N(S(=O)(=O)C)c2ccccc2)c1,E{~B}{~B}{D{araa{aa{ar}|A{~D|BAA{A}A}|A}A{~B}D{A*Q}{{A**Q}{B}A{DQs%}Aaraa{BA}aaar}Aaraa{G}aa{G}ar}araaaaar}A,48.96629846067215
BACE_942,S(=O)(=O)(N(c1cc(ccc1)C(=O)NC(Cc1ccccc1)C(O)C[NH2+]C1CCCCC1)c1ccccc1)C,6.6143937,S(=O)(N(c1cc(C(NC(Cc2ccccc2)C(O)C[NH2+]C2CCCCC2)=O)ccc1)c1ccccc1)(=O)C,E{~B}{~B}{D{araa{aaar}A{~B}DA{Aaraaaaar}A{B}A{DQs%}ArAAAAAr}araaaaar}A,48.98874675936373
BACE_943,S1(Oc2cc(cc3c2n(cc3CC)CC1)C(=O)NC([C@H](O)C[NH2+]C1CC1)Cc1ccccc1)(=O)=O,6.6020598,c12c3c(CC)cn1CCS(=O)(=O)Oc2cc(C(=O)NC([C@H](O)C[NH2+]C1CC1)Cc1ccccc1)c3,Er{Basaa{aatasd{aatAA}AAr}A{~B}DA{{A*Q}{B}A{DQs%}ArAAr}Aaraaaaar}{~B}~B,49.14333920561274
BACE_944,O1c2cc(ccc2OC1)C1(N=C(N)N(C)C1=O)c1cc(ccc1)-c1cccnc1,6.6020598,O1c2c(cc(C3(c4cccc(-c5cnccc5)c4)C(=O)N(C)C(N)=N3)cc2)OC1,Brasaa{aaasBAr}Ar{D~A{D}D{A}Ar~B}araa{aaar}_araaadar,49.14333920561274
BACE_945,FC(F)(F)c1cc(ccc1)-c1cc(ccc1)C1(N=C(N)N(C)C1=O)c1ccncc1,6.6020598,c1c(C2(c3cccc(-c4cc(C(F)(F)F)ccc4)c3)N=C(N)N(C)C2=O)ccnc1,GA{G}{G}araa{aaar}_araa{aaar}Ar{D~A{D}D{A}Ar~B}araadaar,49.14333920561274
BACE_946,Fc1cc(cc(F)c1)CC(NC(=O)C)C(O)C[NH2+]C1(CCCCC1)c1cc(N2CCCCC2=O)ccc1,6.6020598,c1c(CC(C(C[NH2+]C2(c3cccc(N4C(=O)CCCC4)c3)CCCCC2)O)NC(C)=O)cc(F)cc1F,Garaa{aa{G}ar}AA{DA{~B}A}A{B}A{DQs%}Ar{AAAAAr}araa{DsAAAAAs~B}aaar,49.14333920561274
BACE_947,Fc1c2c(ccc1)C(N=C2N)(c1cc(ccc1)-c1cc(cnc1)C#N)c1cc(ncc1)C(F)(F)F,6.5968795,C(#N)c1cc(-c2cccc(C3(c4cc(C(F)(F)F)ncc4)c4c(c(F)ccc4)C(N)=N3)c2)cnc1,Garasa{aaar}A{D~AsD}{araa{aaar}_araa{adar}A^D}araa{daar}A{G}{G}G,49.20826881014203
BACE_948,Fc1cc(cc(F)c1)CC(NC(=O)C)C(O)C[NH2+]C1(CCCCC1)c1cc(ccc1)C(CO)(C)C,6.5850267,c1(C2([NH2+]CC(C(NC(=O)C)Cc3cc(F)cc(F)c3)O)CCCCC2)cc(C(CO)(C)C)ccc1,Garaa{aa{G}ar}AA{DA{~B}A}A{B}A{DQs%}Ar{AAAAAr}araa{aaar}A{AB}{A}A,49.35683117459287
BACE_949,FC(F)Oc1ccc(cc1)[C@@]1(N=C(N)N(C)C1=O)c1cc(ccc1)C#C,6.5850267,c1ccc(C#C)cc1[C@@]1(c2ccc(OC(F)F)cc2)N=C(N)N(C)C1=O,GA{G}Baraaa{aar}{A**}r{D~A{D}D{A}Ar~B}araa{aaar}A^A,49.35683117459287
BACE_950,Clc1cc(ccc1)-c1cc2c(OC(CC23N=C(N)N(CC)C3=O)(C)C)cc1,6.5850267,C(N1C(N)=NC2(CC(C)(C)Oc3c2cc(-c2cc(Cl)ccc2)cc3)C1=O)C,Zaraa{aaar}_araasa{BA{AAstD~A{D}D{AA}At~B}{A}A}aar,49.35683117459287
BACE_951,n1cc(ccc1)-c1cc(ccc1)C1(N=C(N2C1=NCCC2)N)c1ccncc1,6.5799999,c1cnccc1C1(c2cc(-c3cccnc3)ccc2)C2=NCCCN2C(N)=N1,draa{aaar}_araa{aaar}Ar{D~A{DsAr~DAAAs}D}araadaar,49.4198368182907
BACE_952,Fc1cc(cc(F)c1)CC(NC(=O)C)C(O)C[NH2+]C1(CCCOC1)c1cc(-n2nccc2)ccc1,6.5686364,n1n(-c2cccc(C3([NH2+]CC(O)C(NC(C)=O)Cc4cc(F)cc(F)c4)COCCC3)c2)ccc1,Garaa{aa{G}ar}AA{DA{~B}A}A{B}A{DQs%}Ar{AAABAr}araa{_dsdaaas}aaar,49.56226632257974
BACE_953,O(C)c1cc(ccc1OC)C1(N=C(N)N(C)C1=O)C12CC3CC(C1)CC(C2)C3,6.5686364,C1C2CC3CC(CC1(C1(c4cc(OC)c(OC)cc4)N=C(N)N(C)C1=O)C3)C2,B{A}araa{aaarBA}Ar{D~A{D}D{A}Ar~B}ArsAAtAA{Ar}AA{As}At,49.56226632257974
BACE_954,S(=O)(=O)(N(C)c1cc2cc(c1)C(=O)NCC\C=C\COCC(NC2=O)C(O)C[NH2+]Cc1ccccc1)C,6.5686364,c1cc(C[NH2+]CC(C2NC(=O)c3cc(cc(N(C)S(=O)(=O)C)c3)C(=O)NCC/C=C/COC2)O)ccc1,E{~B}{~B}{D{A}araasaa{ar}A{~B}DAA!A~A!ABAA{DAs~B}A{B}A{DQs%}Aaraaaaar}A,49.56226632257974
BACE_955,S1(=O)(=O)N(C2(CC([NH+](CC2)Cc2ccc(O)cc2)C)CN1C)c1cc(F)ccc1,6.5686364,C([NH+]1C(C)CC2(N(c3cccc(F)c3)S(=O)(=O)N(C)C2)CC1)c1ccc(O)cc1,Er{~B}{~B}D{As{AA{{DQ%}{AAs}Aasaaa{B}aas}A}ADrA}araa{G}aaar,49.56226632257974
BACE_956,O(C)c1ccc(cc1)C1(N=C(C)C(=N1)N)c1cc(ccc1)-c1cncnc1,6.5686364,c1c(-c2cncnc2)cccc1C1(c2ccc(OC)cc2)N=C(N)C(C)=N1,B{A}araaa{aar}Ar{D~A{A}A{~Dr}D}araa{aaar}_aradadar,49.56226632257974
BACE_957,O1c2c(cc(cc2)C2CCCCC2)C2(N=C(N)N(C)C2=O)CC1(C)C,6.5559554,CC1(C)Oc2c(cc(C3CCCCC3)cc2)C2(N=C(N)N(C)C2=O)C1,Brasa{aa{aas}AsAAAAAs}As{D~A{D}D{A}As~B}AAr{A}A,49.72120930175776
BACE_958,O(C)c1ccc(cc1CC)C1(N=C(N)N(C)C1=O)C12CC3CC(C1)CC(C2)C3,6.5528421,c1(CC)c(OC)ccc(C2(C34CC5CC(C3)CC(C5)C4)C(=O)N(C)C(N)=N2)c1,B{A}araaa{aarAA}Ar{D~A{D}D{A}Ar~B}ArsAAtAA{Ar}AA{As}At,49.76023123828287
BACE_959,Clc1ccccc1-c1n(Cc2nc(N)ccc2)c(cc1)-c1ccc(Oc2sccn2)cc1,6.5376019,s1ccnc1Oc1ccc(-c2n(Cc3cccc(N)n3)c(-c3c(Cl)cccc3)cc2)cc1,Zaraaaaar_ard{Aasda{D}aaas}a{aar}_araaa{Baseaads}aar,49.951251094072546
BACE_960,S(=O)(=O)(N(c1cc(ccc1)C(=O)NC(Cc1ccccc1)C(O)C[NH2+]Cc1cc(ccc1)C(F)(F)F)c1ncccc1)C,6.5376019,c1(C(NC(C(O)C[NH2+]Cc2cccc(C(F)(F)F)c2)Cc2ccccc2)=O)cc(N(c2ccccn2)S(=O)(C)=O)ccc1,E{~B}{~B}{D{araa{aaar}A{~B}DA{Aaraaaaar}A{B}A{DQs%}Aaraa{aaar}A{G}{G}G}ardaaaar}A,49.951251094072546
BACE_961,Fc1cc(cc(F)c1)C[C@H](NC(=O)C)[C@H](O)C[NH2+]C1(CCOCC1)c1cc(ccc1)[C@H]1CCOC1,6.5376019,Fc1cc(F)cc(C[C@H](NC(C)=O)[C@H](O)C[NH2+]C2(c3cccc([C@@H]4COCC4)c3)CCOCC2)c1,Garaa{aa{G}ar}A{A*Q}{DA{~B}A}{A*Q}{B}A{DQs%}Ar{AABAAr}araa{aaar}{A*Q}rAABAr,49.951251094072546
BACE_962,Fc1cc(cc(F)c1)C[C@H](NC(=O)C)[C@H](O)C[NH2+]C1(CC1)c1cc(ccc1)C(CF)(C)C,6.5376019,c1c(F)cc(C[C@@H]([C@H](O)C[NH2+]C2(c3cc(C(CF)(C)C)ccc3)CC2)NC(C)=O)cc1F,Garaa{aa{G}ar}A{A*Q}{DA{~B}A}{A*Q}{B}A{DQs%}Ar{AAr}araa{aaar}A{AG}{A}A,49.951251094072546
BACE_963,O1CCCCNc2cc(ccc2)C(=O)NC(Cc2cc1ccc2)C(O)C[NH2+]Cc1cc(ccc1)C(C)C,6.5346169,C1CCOc2cc(ccc2)CC(C(C[NH2+]Cc2cccc(C(C)C)c2)O)NC(=O)c2cc(ccc2)NC1,BrAAAADasaa{aaas}A{~B}DA{Aasaaraaas}A{B}A{DQs%}Aaraa{aaar}A{A}A,49.98866492522517
BACE_964,FC1(F)COC(=NC1(C)c1cc(NC(=O)c2ncccc2)ccc1F)N,6.5316525,CC1(c2c(F)ccc(NC(=O)c3ncccc3)c2)C(F)(F)COC(N)=N1,GAr{G}ABA{~DAr{A}araa{DA{~B}asdaaaas}aaarG}D,50.02582055707402
BACE_965,Clc1ccc(nc1)C(=O)Nc1cc(ccc1)C1(N=C(N)C(=O)N(C1)C)C,6.5301781,C(c1ncc(Cl)cc1)(=O)Nc1cc(C2(C)N=C(N)C(=O)N(C)C2)ccc1,Zaraaa{dar}A{~B}Daraa{aaar}Ar{D~A{D}A{~B}D{Ar}A}A,50.044300608213526
BACE_966,O=C1N(C)C(=NC1(c1cc(nc(c1)C)C(C)C)c1cc(ccc1)-c1cncnc1)N,6.5228786,c1c(-c2cccc(C3(c4cc(C(C)C)nc(C)c4)N=C(N)N(C)C3=O)c2)cncn1,B~ArD{A}A{~DAr{araa{da{ar}A}A{A}A}araa{aaar}_aradadar}D,50.135792152769156
BACE_967,S(=O)(=O)(N(C1CCCCC1)c1cc(ccc1)C(=O)NC(Cc1ccccc1)C(O)C[NH2+]C(C(=O)NC1CCCCC1)C)C,6.5228786,c1(C(NC(Cc2ccccc2)C(O)C[NH2+]C(C)C(NC2CCCCC2)=O)=O)cccc(N(C2CCCCC2)S(C)(=O)=O)c1,E{~B}{~B}{D{ArAAAAAr}araa{aaar}A{~B}DA{Aaraaaaar}A{B}A{DQs%}A{A{~B}DArAAAAAr}A}A,50.135792152769156
BACE_968,Brc1cc(ccc1O)CC1CS(=O)(=O)CC([NH2+]Cc2cc(ccc2)C(C)C)C1O,6.5228786,C1C(Cc2cc(Br)c(O)cc2)C(O)C([NH2+]Cc2cccc(C(C)C)c2)CS1(=O)=O,Yaraa{aaarB}AArAE{~B}{~B}AA{{DQs%}Aasaa{aaas}A{A}A}ArB,50.135792152769156
BACE_969,S(=O)(=O)(N(C)c1cc(cc(c1)COC(=O)C([NH3+])(Cc1ccccc1)CO)C(=O)NC(C)c1ccc(F)cc1)C,6.5086384,c1(COC(C(CO)([NH3+])Cc2ccccc2)=O)cc(C(=O)NC(C)c2ccc(F)cc2)cc(N(C)S(C)(=O)=O)c1,E{~B}{~B}{D{A}araa{aa{ar}ABA{~B}A{{DQt%}}{Aaraaaaar}AB}A{~B}DA{A}araaa{G}aar}A,50.31427806177403
BACE_970,S(=O)(=O)(N(c1ccccc1C#N)c1cc(ccc1)C(=O)NC(Cc1ccccc1)C(O)C[NH2+]C(C(=O)NC1CCCCC1)C)C,6.5086384,c1c(C#N)c(N(c2cccc(C(=O)NC(Cc3ccccc3)C(O)C[NH2+]C(C(NC3CCCCC3)=O)C)c2)S(=O)(=O)C)ccc1,E{~B}{~B}{D{araaaaarA^D}araa{aaar}A{~B}DA{Aaraaaaar}A{B}A{DQs%}A{A{~B}DArAAAAAr}A}A,50.31427806177403
BACE_971,Clc1cc(cnc1)-c1cc(ccc1)C1(N=C(C)C(=N1)N)C1CC1,6.5086384,c1c(-c2cccc(C3(C4CC4)N=C(C)C(N)=N3)c2)cc(Cl)cn1,Zaraa{adar}_araa{aaar}Ar{D~A{A}A{~Dr}D}ArAAr,50.31427806177403
BACE_972,Brc1cscc1CC(NC1=NC(Cc2c1ccc(Cl)c2)(C)C)C(=O)[O-],6.5086384,C(c1c(Br)csc1)C(NC1=NC(C)(C)Cc2c1ccc(Cl)c2)C([O-])=O,YaraeaarAA{DAr~DA{Aasaraaa{Z}as}{A}A}A{~B}{B_},50.31427806177403
BACE_973,Fc1cc(cc(F)c1)CC(NC(=O)C)C(O)C[NH2+]C1(CCCCC1)c1cc(cc(N)c1)C(C)(C)C,6.4975729,OC(C(Cc1cc(F)cc(F)c1)NC(=O)C)C[NH2+]C1(c2cc(C(C)(C)C)cc(N)c2)CCCCC1,Garaa{aa{G}ar}AA{DA{~B}A}A{B}A{DQs%}Ar{AAAAAr}araa{aa{D}ar}A{A}{A}A,50.452972449921205
BACE_974,Fc1cc(cc(c1)-c1cncnc1)C1(N=C(N)N(C)C1=O)c1ccc(OC(F)(F)F)cc1,6.4948502,c1(C2(c3cc(F)cc(-c4cncnc4)c3)N=C(N)N(C)C2=O)ccc(OC(F)(F)F)cc1,Garaa{aa{ar}_aradadar}Ar{D~A{D}D{A}Ar~B}araaa{BA{G}{G}G}aar,50.48709862683218
BACE_975,s1cc(cc1C(C)C)C1([NH2+]CC(O)C(NC(=O)C)Cc2cc(F)cc(F)c2)CCCCC1,6.4948502,C(c1cc(F)cc(F)c1)C(C(O)C[NH2+]C1(c2csc(C(C)C)c2)CCCCC1)NC(C)=O,eraa{aarA{A}A}Ar{{DQs%}AA{B}A{DA{~B}A}Aasaa{G}aa{G}as}AAAAAr,50.48709862683218
BACE_976,O(C)c1ccc(cc1)C1(N=C(n2nc(cc12)C)N)c1cc(ccc1)-c1cncnc1,6.4948502,c1c(OC)ccc(C2(c3cccc(-c4cncnc4)c3)N=C(N)n3nc(C)cc32)c1,B{A}araaa{aar}Ar{D~A{dsda{aars}A}D}araa{aaar}_aradadar,50.48709862683218
BACE_977,Fc1cc(cc(F)c1)CC(NC(=O)C)C(O)C[NH2+]C1(CCCN(C1)C(=O)N)c1cc(ccc1)C(C)(C)C,6.4814858,O=C(N1CCCC([NH2+]CC(C(NC(C)=O)Cc2cc(F)cc(F)c2)O)(c2cc(C(C)(C)C)ccc2)C1)N,Garaa{aa{G}ar}AA{DA{~B}A}A{B}A{DQs%}Ar{AAAD{Ar}A{~B}D}araa{aaar}A{A}{A}A,50.654607305242926
BACE_978,O(CC)c1ccc(cc1)C1(N=C(N)N(C)C1=O)C12CC3CC(C1)CC(C2)C3,6.4814858,C1C2(C3(c4ccc(OCC)cc4)N=C(N)N(C)C3=O)CC3CC1CC(C3)C2,B{AA}araaa{aar}Ar{D~A{D}D{A}Ar~B}ArsAAtAA{Ar}AA{As}At,50.654607305242926
BACE_979,FC(F)Oc1ccc(cc1)[C@@]1(N=C(N)N(C)C1=O)c1cc(ccc1)C#CC1CCCCC1,6.4814858,C(Oc1ccc([C@@]2(c3cccc(C#CC4CCCCC4)c3)C(=O)N(C)C(N)=N2)cc1)(F)F,GA{G}Baraaa{aar}{A**}r{D~A{D}D{A}Ar~B}araa{aaar}A^AArAAAAAr,50.654607305242926
BACE_980,O(C)c1ccc(cc1)C1(N=C(C)C(=N1)N)c1cc(ccc1)-c1cccnc1,6.4814858,c1(C2(c3cc(-c4cccnc4)ccc3)N=C(N)C(C)=N2)ccc(OC)cc1,B{A}araaa{aar}Ar{D~A{A}A{~Dr}D}araa{aaar}_araaadar,50.654607305242926
BACE_981,Fc1cc(cc(F)c1)CC(NC(=O)C)C(O)C[NH2+]C1(CCCCC1)c1cc(N2C3CC(CC3)C2=O)ccc1,6.4685211,c1(F)cc(F)cc(CC(C(C[NH2+]C2(c3cccc(N4C5CCC(C5)C4=O)c3)CCCCC2)O)NC(C)=O)c1,Garaa{aa{G}ar}AA{DA{~B}A}A{B}A{DQs%}Ar{AAAAAr}araa{DsAtAA{AAt}As~B}aaar,50.81710616512379
BACE_982,Fc1cc(cc(F)c1)CC(NC(=O)C)C(O)C[NH2+]C1(CC1)c1cc(ccc1)CC(C)(C)C,6.4672456,c1c(C2([NH2+]CC(O)C(NC(C)=O)Cc3cc(F)cc(F)c3)CC2)cc(CC(C)(C)C)cc1,Garaa{aa{G}ar}AA{DA{~B}A}A{B}A{DQs%}Ar{AAr}araa{aaar}AA{A}{A}A,50.8330932142478
BACE_983,S(=O)(=O)(N(C)c1cc(cc(c1)COCC([NH3+])(Cc1ccccc1)C)C(=O)NC(C)c1ccc(F)cc1)C,6.4634414,[NH3+]C(Cc1ccccc1)(C)COCc1cc(C(NC(C)c2ccc(F)cc2)=O)cc(N(S(=O)(=O)C)C)c1,E{~B}{~B}{D{A}araa{aa{ar}ABAA{{DQt%}}{Aaraaaaar}A}A{~B}DA{A}araaa{G}aar}A,50.88077485460653
BACE_984,S(C)c1cc(ccc1)-c1cc2c(OC(CC23N=C(N)N(C)C3=O)(C)C)cc1,6.4634414,c1(-c2cc3c(cc2)OC(C)(C)CC32C(=O)N(C)C(N)=N2)cc(SC)ccc1,E{A}araa{aaar}_araasa{BA{AAstD~A{D}D{A}At~B}{A}A}aar,50.88077485460653
BACE_985,Fc1cc(cc(F)c1)CC(NC(=O)C)C(O)C[NH2+]C1(CC1)c1cn(nc1)CC(C)(C)C,6.4609237,n1(CC(C)(C)C)ncc(C2([NH2+]CC(C(NC(=O)C)Cc3cc(F)cc(F)c3)O)CC2)c1,Garaa{aa{G}ar}AA{DA{~B}A}A{B}A{DQs%}Ar{AAr}arad{dar}AA{A}{A}A,50.9123315724266
BACE_986,Clc1ccc(nc1)C(=O)Nc1cc(ccc1)C1(N=C(N)CNC1=O)C,6.4584208,n1c(C(=O)Nc2cccc(C3(C)N=C(N)CNC3=O)c2)ccc(Cl)c1,Zaraaa{dar}A{~B}Daraa{aaar}Ar{D~A{D}ADAr~B}A,50.94370278783428
BACE_987,Fc1cc(cc(F)c1)CC(NC(=O)C)C(O)C[NH2+]C1(CCC(NC(=O)C)CC1)c1cc(ccc1)C(C)(C)C,6.4559321,c1ccc(C2([NH2+]CC(C(Cc3cc(F)cc(F)c3)NC(C)=O)O)CCC(NC(C)=O)CC2)cc1C(C)(C)C,Garaa{aa{G}ar}AA{DA{~B}A}A{B}A{DQs%}Ar{AAA{DA{~B}A}AAr}araa{aaar}A{A}{A}A,50.97489602119761
BACE_988,O=C1N(Cc2ccc(cc2)CNC(=O)NCCCC)C(NC1(CC1CCCCC1)CCC1CCCCC1)=N,6.4559321,c1c(CNC(=O)NCCCC)ccc(CN2C(=O)C(CC3CCCCC3)(CCC3CCCCC3)NC2=N)c1,B~ArD{Aasaaa{aas}ADA{~B}DAAAA}A{DAr{AArAAAAAr}AAArAAAAAr}~D,50.97489602119761
BACE_989,S1(=O)(=O)CC(Cc2cc(F)c(N)cc2)C(O)C([NH2+]Cc2cc(ccc2)C(C)(C)C)C1,6.4559321,c1c(F)c(N)ccc1CC1CS(=O)(=O)CC([NH2+]Cc2cccc(C(C)(C)C)c2)C1O,Er{~B}{~B}AA{Aasaa{G}a{D}aas}A{B}A{{DQs%}Aasaa{aaas}A{A}{A}A}Ar,50.97489602119761
BACE_990,s1cc(cc1C1([NH2+]CC(O)C(NC(=O)C)Cc2cc(F)cc(F)c2)CCCCC1)C(C)C,6.4534574,Fc1cc(CC(NC(=O)C)C(C[NH2+]C2(c3cc(C(C)C)cs3)CCCCC2)O)cc(F)c1,eraa{aarAr{{DQs%}AA{B}A{DA{~B}A}Aasaa{G}aa{G}as}AAAAAr}A{A}A,51.00591377930595
BACE_991,S1(Oc2cc(cc3c2n(cc3CC)CC1)C(=O)NC([C@H](O)C[NH2+]CC#C)Cc1ccccc1)(=O)=O,6.4436975,n12cc(CC)c3cc(C(NC(Cc4ccccc4)[C@@H](C[NH2+]CC#C)O)=O)cc(c13)OS(=O)(=O)CC2,Er{Basaa{aatasd{aatAA}AAr}A{~B}DA{{A*Q}{B}A{DQs%}AA^A}Aaraaaaar}{~B}~B,51.12824384653089
BACE_992,Fc1ncccc1-c1cc(ccc1)[C@@]1([NH+]=C(N2C1=NCCC2)N)c1ccc(OC(F)(F)F)cc1,6.4317985,FC(Oc1ccc([C@@]2(c3cccc(-c4c(F)nccc4)c3)[NH+]=C(N)N3CCCN=C32)cc1)(F)F,Gardaaaar_araa{aaar}{A**}r{{DQ%}~A{DsAr~DAAAs}D}araaa{BA{G}{G}G}aar,51.2773852793232
BACE_993,S(CCC(NC(=O)C(NC(=O)C)C(C)C)C(=O)NC(C(O)CC(C(=O)NCCCC)C)CC(C)C)C,6.4317985,N(C(CC(C)C)C(O)CC(C)C(=O)NCCCC)C(C(NC(C(C(C)C)NC(C)=O)=O)CCSC)=O,E{AAA{DA{~B}A{DA{~B}A}A{A}A}A{~B}DA{A{B}AA{A{~B}DAAAA}A}AA{A}A}A,51.2773852793232
BACE_994,s1cccc1-c1cc(ccc1)C1([NH2+]CC(O)C(NC(=O)C)Cc2cc(F)cc(F)c2)CCCCC1,6.4317985,C(C)(=O)NC(Cc1cc(F)cc(F)c1)C(O)C[NH2+]C1(c2cccc(-c3sccc3)c2)CCCCC1,eraaaar_araa{aaar}Ar{{DQs%}AA{B}A{DA{~B}A}Aasaa{G}aa{G}as}AAAAAr,51.2773852793232
BACE_995,S1(=O)(=O)CC(Cc2cc(CC)c(O)cc2)C(O)C([NH2+]Cc2cc(ccc2)C(C)C)C1,6.4317985,c1c(CC)c(O)ccc1CC1CS(=O)(=O)CC([NH2+]Cc2cc(C(C)C)ccc2)C1O,Er{~B}{~B}AA{Aasaa{AA}a{B}aas}A{B}A{{DQs%}Aasaa{aaas}A{A}A}Ar,51.2773852793232
BACE_996,s1ccc(C2(N=C(N)N(C)C2=O)c2cc(ccc2)-c2cncnc2)c1C,6.4317985,s1ccc(C2(c3cc(-c4cncnc4)ccc3)N=C(N)N(C)C2=O)c1C,eraaa{As{D~A{D}D{A}As~B}asaa{aaas}_asadadas}arA,51.2773852793232
BACE_997,Fc1cc(cc(F)c1)CC(NC(=O)C)C(O)C[NH2+]C1(CCN(CC1)C(=O)N)c1cc(ccc1)C(C)(C)C,6.4202166,[NH2+](C1(c2cc(C(C)(C)C)ccc2)CCN(C(=O)N)CC1)CC(O)C(NC(=O)C)Cc1cc(F)cc(F)c1,Garaa{aa{G}ar}AA{DA{~B}A}A{B}A{DQs%}Ar{AAD{AAr}A{~B}D}araa{aaar}A{A}{A}A,51.42255219759005
BACE_998,Fc1cc(cc(F)c1)CC(NC(=O)C)C(O)C[NH2+]C1(CCC(CC1)C#N)c1cc(ccc1)C(C)(C)C,6.4202166,C([NH2+]C1(c2cccc(C(C)(C)C)c2)CCC(C#N)CC1)C(O)C(Cc1cc(F)cc(F)c1)NC(C)=O,Garaa{aa{G}ar}AA{DA{~B}A}A{B}A{DQs%}Ar{AAA{AAr}A^D}araa{aaar}A{A}{A}A,51.42255219759005
BACE_999,O1c2cc(ccc2OC1)C(=O)Nc1cc(ccc1)C1(N=C(N)N(C)C1=O)C1CCCCC1,6.4202166,c1c(C(Nc2cc(C3(C4CCCCC4)N=C(N)N(C)C3=O)ccc2)=O)ccc2c1OCO2,Brasaa{aaasBAr}A{~B}Daraa{aaar}Ar{D~A{D}D{A}Ar~B}ArAAAAAr,51.42255219759005
BACE_1000,Fc1cc(cc(F)c1)CC(NC(=O)C)C(O)C[NH2+]C1(CCCCC1)c1cc(ccc1)/C(=C/C)/C,6.4202166,c1c(CC(NC(C)=O)C(C[NH2+]C2(c3cccc(/C(=C/C)C)c3)CCCCC2)O)cc(F)cc1F,Garaa{aa{G}ar}AA{DA{~B}A}A{B}A{DQs%}Ar{AAAAAr}araa{aaar}|A{~A|A}|A,51.42255219759005
BACE_1001,O=C1N(CC2CCC(CC2)C(=O)[O-])C(=NC1(C1CCCCC1)c1ccccc1)N,6.4089355,C1(C(=O)[O-])CCC(CN2C(=O)C(c3ccccc3)(C3CCCCC3)N=C2N)CC1,B~ArD{AAsAAA{AAs}A{~B}{B_}}A{~DAr{ArAAAAAr}araaaaar}D,51.56394890466403
BACE_1002,Fc1cc(cc(F)c1)C[C@H](NC(=O)C)[C@H](O)C[NH2+]C1(CC1)c1cc(ccc1)C(CF)(CF)C,6.4089355,[C@H](C[NH2+]C1(c2cccc(C(CF)(C)CF)c2)CC1)(O)[C@@H](NC(=O)C)Cc1cc(F)cc(F)c1,Garaa{aa{G}ar}A{A*Q}{DA{~B}A}{A*Q}{B}A{DQs%}Ar{AAr}araa{aaar}A{AG}{AG}A,51.56394890466403
BACE_1003,O=C(NCCC(C)(C)C)C(Cc1cc2cc(ccc2nc1N)-c1ncccc1C#N)C,6.4089355,CC(Cc1c(N)nc2c(c1)cc(-c1c(C#N)cccn1)cc2)C(=O)NCCC(C)(C)C,B~A{DAAA{A}{A}A}A{Aaraasaa{aaasdarD}_ardaaaarA^D}A,51.56394890466403
BACE_1004,Fc1cc(cc(F)c1)CC(NC(=O)C)C(O)C[NH2+]C1(CCCCC1)c1nnn(c1)C12CC3CC(C1)CC(C2)C3,6.406714,C12(n3nnc(C4([NH2+]CC(C(NC(=O)C)Cc5cc(F)cc(F)c5)O)CCCCC4)c3)CC3CC(C1)CC(C2)C3,Garaa{aa{G}ar}AA{DA{~B}A}A{B}A{DQs%}Ar{AAAAAr}arddd{ar}ArsAAtAA{Ar}AA{As}At,51.59179306744645
BACE_1005,Fc1cc(cc(F)c1)CC(NC(=O)C)C(O)C[NH2+]C1(CCCN(O)C1)c1cc(ccc1)C(C)(C)C,6.3979402,CC(NC(C(C[NH2+]C1(c2cc(C(C)(C)C)ccc2)CCCN(O)C1)O)Cc1cc(F)cc(F)c1)=O,Garaa{aa{G}ar}AA{DA{~B}A}A{B}A{DQs%}Ar{AAAD{B}Ar}araa{aaar}A{A}{A}A,51.70176340974692
BACE_1006,S(=O)(=O)(NC1CCC([NH2+]CC(O)C(NC(=O)C)Cc2cc(F)cc(F)c2)(CC1)c1cc(ccc1)C(C)(C)C)C,6.3979402,O=C(NC(C(O)C[NH2+]C1(c2cccc(C(C)(C)C)c2)CCC(NS(C)(=O)=O)CC1)Cc1cc(F)cc(F)c1)C,E{~B}{~B}{DArAAA{{DQs%}AA{B}A{DA{~B}A}Aasaa{G}aa{G}as}{AAr}araa{aaar}A{A}{A}A}A,51.70176340974692
BACE_1007,Fc1c2c(ccc1)C(N=C2N)(c1cc(ccc1)-c1cncnc1)c1cc(OC)ncc1,6.3968558,c1cc2c(c(F)c1)C(N)=NC2(c1cc(OC)ncc1)c1cccc(-c2cncnc2)c1,Garasa{aaar}A{D~AsD}{araa{aaar}_aradadar}araa{BA}daar,51.715355221640344
BACE_1008,Clc1ccccc1-c1n(Cc2nc(N)ccc2)c(cc1)-c1ccc(Oc2cccnc2)cc1,6.3872161,c1cc(N)nc(Cn2c(-c3ccc(Oc4cccnc4)cc3)ccc2-c2c(Cl)cccc2)c1,Zaraaaaar_ard{Aasda{D}aaas}a{aar}_araaa{Basaaadas}aar,51.836178708461766
BACE_1009,Clc1ccccc1-c1n(Cc2nc(N)ccc2)c(cc1)-c1ccc(Oc2nnccc2)cc1,6.3872161,c1cc(-c2n(Cc3cccc(N)n3)c(-c3c(Cl)cccc3)cc2)ccc1Oc1cccnn1,Zaraaaaar_ard{Aasda{D}aaas}a{aar}_araaa{Basddaaas}aar,51.836178708461766
BACE_1010,Fc1cc(cc(F)c1)CC(NC(=O)C)C(O)C[NH2+]C1(CCCCC1)c1cc(N(C)C)ccc1,6.3872161,c1(F)cc(F)cc(CC(NC(C)=O)C(O)C[NH2+]C2(c3cc(N(C)C)ccc3)CCCCC2)c1,Garaa{aa{G}ar}AA{DA{~B}A}A{B}A{DQs%}Ar{AAAAAr}araa{D{A}A}aaar,51.836178708461766
BACE_1011,O(C)c1cc(ccc1)C[NH2+]CC(O)C(NC(=O)c1cc(N2CCCC2=O)c2NC(=O)N(c2c1)CC)Cc1ccccc1,6.3767509,N1(c2c3[nH]c(=O)n(CC)c3cc(C(=O)NC(Cc3ccccc3)C(C[NH2+]Cc3cc(OC)ccc3)O)c2)CCCC1=O,B{A}araa{aaar}A{DQs%}AA{B}A{DA{~B}araa{DsAAAAs~B}asDA{~B}D{asar}AA}Aaraaaaar,51.967348968354024
BACE_1012,S1(=O)(=O)N(CCCC1)c1cc(cc(c1)/C(=N\OCC(C)C)/C)C(=O)N[C@H]([C@@H](O)C[NH2+]Cc1cc(OC)ccc1)Cc1cc(F)cc(F)c1,6.368556,O=C(N[C@@H](Cc1cc(F)cc(F)c1)[C@@H](O)C[NH2+]Cc1cccc(OC)c1)c1cc(N2S(=O)(=O)CCCC2)cc(/C(=N\OCC(C)C)C)c1,Er{~B}{~B}D{AAAAr}araa{aa{ar}|A{~D!BAA{A}A}|A}A{~B}D{A*Q}{{A**Q}{B}A{DQs%}Aaraa{BA}aaar}Aaraa{G}aa{G}ar,52.07006340886077
BACE_1013,O1c2c(cc(OCC(C)C)cc2)C2(N=C(N)N(C)C2=O)CC1(C)C,6.3655229,CC(C)COc1ccc2c(c1)C1(C(=O)N(C)C(N)=N1)CC(C)(C)O2,Brasa{aa{BAA{A}A}aas}As{D~A{D}D{A}As~B}AAr{A}A,52.10808012285373
BACE_1014,S(=O)(=O)(N(c1cc(ccc1)C(=O)NC(Cc1ccccc1)C(O)C[NH2+]C1CC1)c1ccccc1)C,6.3565474,N(c1cc(C(=O)NC(Cc2ccccc2)C(C[NH2+]C2CC2)O)ccc1)(c1ccccc1)S(=O)(=O)C,E{~B}{~B}{D{araa{aaar}A{~B}DA{Aaraaaaar}A{B}A{DQs%}ArAAr}araaaaar}A,52.22057856222069
BACE_1015,FC1(F)COC(=NC1(C)c1cc(NC(=O)c2nn(cc2)C)ccc1F)N,6.3506651,FC1(F)COC(N)=NC1(c1cc(NC(=O)c2nn(C)cc2)ccc1F)C,GAr{G}ABA{~DAr{A}araa{DA{~B}asdd{aas}A}aaarG}D,52.2943069973929
BACE_1016,Fc1cc(cc(F)c1)CC(NC(=O)C)C(O)C[NH2+]C1(CC1)c1nnn(c1)CC(C)(C)C,6.3467875,C(=O)(C)NC(Cc1cc(F)cc(F)c1)C(O)C[NH2+]C1(c2cn(CC(C)(C)C)nn2)CC1,Garaa{aa{G}ar}AA{DA{~B}A}A{B}A{DQs%}Ar{AAr}arddd{ar}AA{A}{A}A,52.34290862944563
BACE_1017,Clc1cc2CC(N=C(NC(Cc3cscc3-c3cn[nH]c3)C(=O)[O-])c2cc1)(C)C,6.3467875,c12cc(Cl)ccc1C(NC(Cc1c(-c3c[nH]nc3)csc1)C([O-])=O)=NC(C)(C)C2,ZaraasAA{D~A{DA{Aataeaat_atad{dQ}at}A{~B}{B_}}asaar}{A}A,52.34290862944563
BACE_1018,Clc1cc(cc(Cl)c1NC(=O)C)CNC(=[NH2+])NC(=O)Cn1c2c(cc(OC)cc2)cc1,6.3467875,c1c(CNC(=[NH2+])NC(Cn2c3c(cc2)cc(OC)cc3)=O)cc(Cl)c(NC(=O)C)c1Cl,Zaraa{aa{Z}arDA{~B}A}ADA{~{DQs%}}DA{~B}Adrasa{aa{BA}aas}aar,52.34290862944563
BACE_1019,O1c2c(cc(cc2)-c2ccccc2)C2(N=C(N)N(C)C2=O)CC1(C)C,6.3419886,O=C1C2(N=C(N)N1C)c1cc(-c3ccccc3)ccc1OC(C)(C)C2,Brasa{aa{aas}_asaaaaas}As{D~A{D}D{A}As~B}AAr{A}A,52.4030577866712
BACE_1020,Clc1ccccc1-c1n(Cc2nc(N)ccc2)c(cc1)-c1ccc(Oc2nccnc2)cc1,6.3372421,c1ncc(Oc2ccc(-c3n(Cc4cccc(N)n4)c(-c4ccccc4Cl)cc3)cc2)nc1,Zaraaaaar_ard{Aasda{D}aaas}a{aar}_araaa{Basdaadas}aar,52.46255016508523
BACE_1021,Ic1cc(ccc1)C1([NH2+]CC(O)C(NC(=O)C)Cc2cc(F)cc(F)c2)CCCCC1,6.3372421,c1cc(I)cc(C2([NH2+]CC(C(NC(=O)C)Cc3cc(F)cc(F)c3)O)CCCCC2)c1,Haraa{aaar}Ar{{DQs%}AA{B}A{DA{~B}A}Aasaa{G}aa{G}as}AAAAAr,52.46255016508523
BACE_1022,FC(F)(F)Oc1ccc(cc1)C1(N=C(N)N(C)C1=O)C12CC3CC(C1)CC(C2)C3,6.3279023,C1C2CC3CC1CC(C1(c4ccc(OC(F)(F)F)cc4)C(=O)N(C)C(N)=N1)(C3)C2,GA{G}{G}Baraaa{aar}Ar{D~A{D}D{A}Ar~B}ArsAAtAA{Ar}AA{As}At,52.57961472126589
BACE_1023,Clc1sc(cc1C1(N=C(N)N(C)C1=O)c1cc(ccc1)-c1cncnc1)C,6.3279023,c1(C)sc(Cl)c(C2(c3cccc(-c4cncnc4)c3)N=C(N)N(C)C2=O)c1,Zarea{aarAr{D~A{D}D{A}Ar~B}araa{aaar}_aradadar}A,52.57961472126589
BACE_1024,Clc1cc2CC(N=C(NC(Cc3ccccc3)C=3NC(=O)C(=CN=3)C#N)c2cc1)(C)C,6.3279023,c1ccccc1CC(c1[nH]c(=O)c(C#N)cn1)NC1=NC(C)(C)Cc2c1ccc(Cl)c2,ZaraasAA{D~A{DA{Aataaaaat}A~tDA{~B}A{~AD~t}A^D}asaar}{A}A,52.57961472126589
BACE_1025,S(=O)(=O)(N(C)c1cc(cc(c1)C(=O)NC(C(O)CC(OC)COC(C)C)COc1cc(F)cc(F)c1)C(=O)NC(C)c1ccccc1)C,6.318759,c1(C(NC(=O)c2cc(N(C)S(=O)(=O)C)cc(C(=O)NC(COc3cc(F)cc(F)c3)C(CC(OC)COC(C)C)O)c2)C)ccccc1,E{~B}{~B}{D{A}araa{aa{ar}A{~B}DA{A{B}AA{BA}ABA{A}A}ABaraa{G}aa{G}ar}A{~B}DA{A}araaaaar}A,52.69421635690333
BACE_1026,Fc1cc(cc(F)c1)CC(NC(=O)C(N1CCC(COC)C1=O)C)C(O)C[NH2+]Cc1cc(OC)ccc1,6.318759,C1(COC)CCN(C(C)C(NC(Cc2cc(F)cc(F)c2)C(O)C[NH2+]Cc2cc(OC)ccc2)=O)C1=O,Garaa{aa{G}ar}AA{DA{~B}A{DrAAA{ABA}Ar~B}A}A{B}A{DQs%}Aaraa{BA}aaar,52.69421635690333
BACE_1027,S1(=O)(=O)Nc2cc(cc3c2n(cc3CC)CCC1)C(=O)NC(Cc1ccccc1)C(O)C[NH2+]C1CC1,6.309804,N1c2cc(C(=O)NC(C(C[NH2+]C3CC3)O)Cc3ccccc3)cc3c(CC)cn(c23)CCCS1(=O)=O,Er{~B}{~B}Dasaa{aatasd{aatAA}AAAr}A{~B}DA{Aaraaaaar}A{B}A{DQs%}ArAAr,52.8064578503612
BACE_1028,Fc1cc(cc(F)c1)CC(NC(=O)c1cc(cc(c1)C)C(=O)N(CCC)CCC)C(O)C1[NH2+]CC[NH2+]C1,6.309804,c1(F)cc(F)cc(CC(NC(c2cc(C(N(CCC)CCC)=O)cc(C)c2)=O)C(O)C2[NH2+]CC[NH2+]C2)c1,Garaa{aa{G}ar}AA{DA{~B}araa{aa{ar}A}A{~B}D{AAA}AAA}A{B}Ar{DQs%}AA{DQs%}Ar,52.8064578503612
BACE_1029,Fc1ccc(cc1)C1(N=C(C)C(=N1)N)c1cc(ccc1)-c1cccnc1,6.309804,C1(C)=NC(c2ccc(F)cc2)(c2cc(-c3cnccc3)ccc2)N=C1N,Garaaa{aar}Ar{D~A{A}A{~Dr}D}araa{aaar}_araaadar,52.8064578503612
BACE_1030,Fc1cc(cc(F)c1)CC(NC(=O)C)C(O)C[NH2+]C1(CCC(Nc2cccnc2)CC1)c1cc(ccc1)C(C)(C)C,6.3010302,c1c(C(C)(C)C)cccc1C1([NH2+]CC(C(Cc2cc(F)cc(F)c2)NC(=O)C)O)CCC(Nc2cnccc2)CC1,Garaa{aa{G}ar}AA{DA{~B}A}A{B}A{DQs%}Ar{AAA{Dasaaadas}AAr}araa{aaar}A{A}{A}A,52.916428192661655
BACE_1031,O1CC(NC(=O)c2cc(cc(c2)C(=O)NCC\C=C\C1)C)C(O)C[NH2+]Cc1cc(ccc1)C(C)C,6.3010302,C(C(O)C1COC/C=C/CCNC(=O)c2cc(C)cc(c2)C(=O)N1)[NH2+]Cc1cc(C(C)C)ccc1,BrAA{DA{~B}asaa{aa{as}A{~B}DAA!A~A!Ar}A}A{B}A{DQs%}Aaraa{aaar}A{A}A,52.916428192661655
BACE_1032,n1ccc(cc1)C1(N=C(N)c2c1cccc2)c1cc(ccc1)-c1cncnc1,6.3010302,N1=C(N)c2ccccc2C1(c1cccc(-c2cncnc2)c1)c1ccncc1,draaa{aar}Ar{D~A{D}asaraaaas}araa{aaar}_aradadar,52.916428192661655
BACE_1033,S1CC(=NC1(c1cc(ccc1)-c1cc(OC)ccc1)c1ccncc1)N,6.3010302,c1cc(-c2cccc(C3(c4ccncc4)N=C(N)CS3)c2)cc(OC)c1,ErAA{~DAr{araa{aaar}_araa{BA}aaar}araadaar}D,52.916428192661655
BACE_1034,s1nc(cc1)-c1cc2c(OC(CC23N=C(N)N(C)C3=O)(C)C)cc1,6.3001623,c1(-c2nscc2)ccc2c(c1)C1(CC(C)(C)O2)N=C(N)N(C)C1=O,erda{aar}_araasa{BA{AAstD~A{D}D{A}At~B}{A}A}aar,52.92730640507617
BACE_1035,Clc1cc2CC(N=C(NC(Cc3cscc3C#CC)C(=O)[O-])c2cc1)(C)C,6.2924299,N1=C(NC(Cc2c(C#CC)csc2)C([O-])=O)c2ccc(Cl)cc2CC1(C)C,ZaraasAA{D~A{DA{AataeaatA^AA}A{~B}{B_}}asaar}{A}A,53.02422389519494
BACE_1036,FC(F)(F)Oc1ccc(cc1)C1(N=C(N)N(C)C1=O)c1cc(ccc1)-c1cccnc1OC,6.2839966,n1c(OC)c(-c2cc(C3(c4ccc(OC(F)(F)F)cc4)C(=O)N(C)C(N)=N3)ccc2)ccc1,GA{G}{G}Baraaa{aar}Ar{D~A{D}D{A}Ar~B}araa{aaar}_araaadarBA,53.12992642861517
BACE_1037,S1(=O)CC(Cc2cc(O)c(N)c(F)c2)C(O)C([NH2+]Cc2cc(ccc2)C(C)(C)C)C1,6.2757239,Nc1c(O)cc(CC2C(O)C([NH2+]Cc3cc(C(C)(C)C)ccc3)CS(=O)C2)cc1F,Er{~B}AA{Aasaa{B}a{D}a{G}as}A{B}A{{DQs%}Aasaa{aaas}A{A}{A}A}Ar,53.23361601018177
BACE_1038,FC(F)Oc1ccc(cc1)[C@@]1(N=C(N)N(C)C1=O)c1cc(ccc1)/C(/F)=C/C1CC1,6.2676063,N1=C(N)N(C)C(=O)[C@@]1(c1ccc(OC(F)F)cc1)c1cccc(/C(F)=C/C2CC2)c1,GA{G}Baraaa{aar}{A**}r{D~A{D}D{A}Ar~B}araa{aaar}|A{|G}~A|ArAAr,53.33536157660205
BACE_1039,S1(=O)(=O)N(C2C=C(C=C3N(CC[NH+](C23)CC1)CC)C(=O)NC(Cc1ccccc1)C(O)C[NH2+]C1CC1)C,6.2596374,S1(=O)(=O)N(C)C2C3C(=CC(C(=O)NC(C(O)C[NH2+]C4CC4)Cc4ccccc4)=C2)N(CC)CC[NH+]3CC1,Er{~B}{~B}D{AsA~A{A~AtD{AA{DQ%}{Ast}AAr}AA}A{~B}DA{Aaraaaaar}A{B}A{DQs%}ArAAr}A,53.43524334513542
BACE_1040,Clc1ccccc1-c1n(Cc2nc(N)ccc2)c(cc1)-c1ccc(OCCCCC)cc1,6.2596374,c1(N)nc(Cn2c(-c3ccc(OCCCCC)cc3)ccc2-c2ccccc2Cl)ccc1,Zaraaaaar_ard{Aasda{D}aaas}a{aar}_araaa{BAAAAA}aar,53.43524334513542
BACE_1041,Clc1ccc(nc1)C(=O)Nc1cc(ccc1)C1(N=C(N)c2c1cccc2)C,6.2596374,C1(N)=NC(C)(c2cccc(NC(=O)c3ncc(Cl)cc3)c2)c2ccccc21,Zaraaa{dar}A{~B}Daraa{aaar}Ar{D~A{D}asaraaaas}A,53.43524334513542
BACE_1042,Fc1ccc(cc1-c1cccnc1F)C1(N=C(N)N(C)C1=O)c1cc(C)c(OC)cc1,6.251812,Cc1c(OC)ccc(C2(c3ccc(F)c(-c4c(F)nccc4)c3)N=C(N)N(C)C2=O)c1,Garaaa{aar_araaadarG}Ar{D~A{D}D{A}Ar~B}araa{A}a{BA}aar,53.53332649230517
BACE_1043,Fc1cc(cc(F)c1)CC(NC(=O)C)C(O)C[NH2+]C1(CCCCC1)c1cc(ccc1)C1CCOCOC1,6.251812,c1(CC(C(C[NH2+]C2(c3cccc(C4COCOCC4)c3)CCCCC2)O)NC(C)=O)cc(F)cc(F)c1,Garaa{aa{G}ar}AA{DA{~B}A}A{B}A{DQs%}Ar{AAAAAr}araa{aaar}ArAABABAr,53.53332649230517
BACE_1044,S1(=O)(=O)CC(Cc2cc(F)c3NCC4(CCC4)c3c2)C(O)C([NH2+]Cc2cc(ccc2)C(C)(C)C)C1,6.251812,c1(CC2CS(=O)(=O)CC([NH2+]Cc3cc(C(C)(C)C)ccc3)C2O)cc2c(c(F)c1)NCC21CCC1,Er{~B}{~B}AA{Aasaa{G}atDAAu{AAAu}atas}A{B}A{{DQs%}Aasaa{aaas}A{A}{A}A}Ar,53.53332649230517
BACE_1045,ClC1=CN=C(NC1=O)C(NC1=NC(Cc2c1ccc(Cl)c2)(C)C)Cc1ccccc1,6.251812,c1(=O)c(Cl)cnc(C(Cc2ccccc2)NC2=NC(C)(C)Cc3cc(Cl)ccc32)[nH]1,ZAr~AD~A{DAr~B}A{DAr~DA{Aasaraaa{Z}as}{A}A}Aaraaaaar,53.53332649230517
BACE_1046,Clc1cc2CC(N=C(NC(Cc3cscc3CCC3CC3)C(=O)[O-])c2cc1)(C)C,6.2441254,c1(CC(NC2=NC(C)(C)Cc3cc(Cl)ccc32)C(=O)[O-])cscc1CCC1CC1,ZaraasAA{D~A{DA{AataeaatAAAtAAt}A{~B}{B_}}asaar}{A}A,53.629669927661205
BACE_1047,OC(C(NC(=O)C1CC(CCC1)C(NC(=O)CC)(C)C)Cc1ccccc1)C[NH2+]Cc1cc(ccc1)C(C)C,6.2365718,C1CC(C(C)(NC(CC)=O)C)CC(C(NC(C(C[NH2+]Cc2cccc(C(C)C)c2)O)Cc2ccccc2)=O)C1,BA{A{DA{~B}ArAA{AAAr}A{DA{~B}AA}{A}A}Aaraaaaar}A{DQs%}Aaraa{aaar}A{A}A,53.72434634809485
BACE_1048,Fc1cc(cc(F)c1)CC(NC(=O)C)C(O)C[NH2+]C1(CC1)c1cc(ccc1)C1OCCC1,6.2365718,c1(C2([NH2+]CC(C(NC(=O)C)Cc3cc(F)cc(F)c3)O)CC2)cccc(C2OCCC2)c1,Garaa{aa{G}ar}AA{DA{~B}A}A{B}A{DQs%}Ar{AAr}araa{aaar}ArBAAAr,53.72434634809485
BACE_1049,Fc1cc(cc(F)c1)CC(NC(=O)C)C(O)C[NH2+]C1(CC1)c1cc(ccc1)C1(OCCC1)C,6.2365718,C1CC1([NH2+]CC(O)C(Cc1cc(F)cc(F)c1)NC(=O)C)c1cc(C2(C)CCCO2)ccc1,Garaa{aa{G}ar}AA{DA{~B}A}A{B}A{DQs%}Ar{AAr}araa{aaar}Ar{BAAAr}A,53.72434634809485
BACE_1050,O=C(NCC=C)c1ccc(cc1)-c1n(Cc2nc(N)ccc2)c(cc1)-c1ccccc1,6.2291479,c1(-c2ccc(C(NCC=C)=O)cc2)ccc(-c2ccccc2)n1Cc1nc(N)ccc1,B~A{DAA~A}araaa{aar}_ard{Aasda{D}aaas}a{aar}_araaaaar,53.817397115630506
BACE_1051,Clc1ccccc1-c1n(Cc2nc(N)ccc2)c(cc1)-c1ccc(Oc2ccncc2)cc1,6.2291479,c1cc(Oc2ccc(-c3ccc(-c4c(Cl)cccc4)n3Cc3nc(N)ccc3)cc2)ccn1,Zaraaaaar_ard{Aasda{D}aaas}a{aar}_araaa{Basaadaas}aar,53.817397115630506
BACE_1052,IC1=CN=C(NC1=O)C(NC1=NC(Cc2c1ccc(Cl)c2)(C)C)Cc1ccccc1,6.2291479,c1ccccc1CC(c1[nH]c(=O)c(I)cn1)NC1=NC(C)(C)Cc2c1ccc(Cl)c2,HAr~AD~A{DAr~B}A{DAr~DA{Aasaraaa{Z}as}{A}A}Aaraaaaar,53.817397115630506
BACE_1053,Fc1cc(cc(F)c1)CC(NC(=O)C(N1CCC(NC(=O)C)(C(CC)C)C1=O)CCc1ccccc1)[C@H](O)[C@H]1[NH2+]Cc2c(C1)cccc2,6.221849,c1ccccc1CCC(C(=O)NC([C@H](O)[C@H]1[NH2+]Cc2ccccc2C1)Cc1cc(F)cc(F)c1)N1C(=O)C(NC(C)=O)(C(C)CC)CC1,Garaa{aa{G}ar}AA{DA{~B}A{DrAAA{DA{~B}A}{A{AA}A}Ar~B}AAaraaaaar}{A*Q}{B}{A*Q}r{DQs%}Aasa{Ar}aaaas,53.90888113981807
BACE_1054,Brc1ccccc1C1C[NH2+]CC1C(=O)N1CCC(CC1c1ccccc1)c1ccccc1,6.221849,C1(c2ccccc2)N(C(C2C[NH2+]CC2c2ccccc2Br)=O)CCC(c2ccccc2)C1,YaraaaaarArA{DQs%}AArA{~B}DrAAA{AAraraaaaar}araaaaar,53.90888113981807
BACE_1055,Clc1cc(ccc1)-c1cc2c(OC(CC23N=C(N)N(CC(F)(F)F)C3=O)(C)C)cc1,6.2189631,c1c2c(ccc1-c1cc(Cl)ccc1)OC(C)(C)CC21N=C(N)N(CC(F)(F)F)C1=O,Zaraa{aaar}_araasa{BA{AAstD~A{D}D{AA{G}{G}G}At~B}{A}A}aar,53.94505285684431
BACE_1056,Fc1cc(cc(F)c1)C[C@H](NC(=O)C)[C@H](O)C[NH2+]C1(CCC1)c1cc(ccc1)C(C)(C)C,6.2146702,[C@H]([C@@H](NC(C)=O)Cc1cc(F)cc(F)c1)(C[NH2+]C1(c2cccc(C(C)(C)C)c2)CCC1)O,Garaa{aa{G}ar}A{A*Q}{DA{~B}A}{A*Q}{B}A{DQs%}Ar{AAAr}araa{aaar}A{A}{A}A,53.99885983699677
BACE_1057,Brc1cc(ccc1)CC1CS(=O)(=O)CC([NH2+]Cc2cc(ccc2)C(C)(C)C)C1O,6.2146702,[NH2+](C1CS(=O)(=O)CC(Cc2cccc(Br)c2)C1O)Cc1cc(C(C)(C)C)ccc1,Yaraa{aaar}AArAE{~B}{~B}AA{{DQs%}Aasaa{aaas}A{A}{A}A}ArB,53.99885983699677
BACE_1058,Clc1cc2CC(N=C(NC(Cc3cscc3CCC)C(=O)[O-])c2cc1)(C)C,6.2146702,N(C1=NC(C)(C)Cc2c1ccc(Cl)c2)C(Cc1cscc1CCC)C(=O)[O-],ZaraasAA{D~A{DA{AataeaatAAA}A{~B}{B_}}asaar}{A}A,53.99885983699677
BACE_1059,O(C)c1ccc(cc1C)C1(N=C(N)N(C)C1=O)c1cc(-c2cccnc2)c(cc1)C#N,6.2006593,C(c1ccc(C2(c3cc(C)c(OC)cc3)C(=O)N(C)C(N)=N2)cc1-c1cccnc1)#N,B{A}araaa{aarA}Ar{D~A{D}D{A}Ar~B}araa{_asaaadas}a{aar}A^D,54.17447171200389
BACE_1060,o1cc(cc1)-c1cc(ccc1)C1(N=C(N)N(C)C1=O)c1ccncc1,6.2006593,c1(-c2cocc2)cc(C2(c3ccncc3)N=C(N)N(C)C2=O)ccc1,braa{aar}_araa{aaar}Ar{D~A{D}D{A}Ar~B}araadaar,54.17447171200389
BACE_1061,Clc1cc2CC(N=C(NC(Cc3cscc3CC)C(=O)[O-])c2cc1)(C)C,6.2006593,c1(CC(C([O-])=O)NC2=NC(C)(C)Cc3cc(Cl)ccc32)cscc1CC,ZaraasAA{D~A{DA{AataeaatAA}A{~B}{B_}}asaar}{A}A,54.17447171200389
BACE_1062,S1CCC(=NC1(C)c1cc(ccc1)-c1cc(OC)ccc1)N,6.2006593,N1=C(N)CCSC1(C)c1cccc(-c2cc(OC)ccc2)c1,ErAAA{~DAr{A}araa{aaar}_araa{BA}aaar}D,54.17447171200389
BACE_1063,s1c2c(nc1C)C(=NC2(c1cc(ccc1)-c1cncnc1)c1ccc(OC)cc1)N,6.2006593,c1(-c2cncnc2)cccc(C2(c3ccc(OC)cc3)N=C(N)c3nc(C)sc32)c1,erasa{darA}A{~DAs{araa{aaar}_aradadar}araaa{BA}aar}D,54.17447171200389
BACE_1064,Fc1cc(cc(F)c1)CC(NC(=O)C)C(O)C[NH2+]C1(CC1)c1nccc(c1)C(C)(C)C,6.19382,c1(C(C)(C)C)cc(C2([NH2+]CC(O)C(Cc3cc(F)cc(F)c3)NC(C)=O)CC2)ncc1,Garaa{aa{G}ar}AA{DA{~B}A}A{B}A{DQs%}Ar{AAr}ardaaa{ar}A{A}{A}A,54.26019513424916
BACE_1065,O1CCCCNc2cc(cc(c2)C(=O)NC(Cc2cc1ccc2)C(O)C[NH2+]C(COC)c1cc(ccc1)C(C)(C)C)COC,6.1752234,c1(C(C)(C)C)cc(C([NH2+]CC(C2Cc3cccc(c3)OCCCCNc3cc(cc(COC)c3)C(=O)N2)O)COC)ccc1,BrAAAADasaa{aa{as}A{~B}DA{Aasaaraaas}A{B}A{DQs%}A{ABA}araa{aaar}A{A}{A}A}ABA,54.49328392902732
BACE_1066,S1(=O)(=O)CC(Cc2cc(OCCC)ccc2)C(O)C([NH2+]Cc2cc(ccc2)C(C)(C)C)C1,6.1739254,S1(=O)(=O)CC([NH2+]Cc2cc(C(C)(C)C)ccc2)C(O)C(Cc2cccc(OCCC)c2)C1,Er{~B}{~B}AA{Aasaa{BAAA}aaas}A{B}A{{DQs%}Aasaa{aaas}A{A}{A}A}Ar,54.509552991953996
BACE_1067,Fc1cc(cc(F)c1)CC(NC(=O)C)C(O)C[NH2+]C1(CCCCC1)c1cc(ccc1)CC,6.1611509,C1CCC([NH2+]CC(C(Cc2cc(F)cc(F)c2)NC(C)=O)O)(c2cc(CC)ccc2)CC1,Garaa{aa{G}ar}AA{DA{~B}A}A{B}A{DQs%}Ar{AAAAAr}araa{aaar}AA,54.66966789515639
BACE_1068,Fc1cc(cc(F)c1)CC(NC(=O)C)C(O)C[NH2+]C1(CCCCC1)c1cc(N2CCCOCC2)ccc1,6.154902,[NH2+](C1(c2cccc(N3CCOCCC3)c2)CCCCC1)CC(O)C(NC(=O)C)Cc1cc(F)cc(F)c1,Garaa{aa{G}ar}AA{DA{~B}A}A{B}A{DQs%}Ar{AAAAAr}araa{DsAAABAAs}aaar,54.74799127521991
BACE_1069,O=C1c2c(cc(cc2)-c2cncnc2)C2(N=C(N)N(C)C2=O)CC1(C)C,6.1530447,c1ncc(-c2cc3c(cc2)C(=O)C(C)(C)CC32N=C(N)N(C)C2=O)cn1,B~Arasa{aa{aas}_asadadas}As{D~A{D}D{A}As~B}AAr{A}A,54.77127057458332
BACE_1070,Brc1ccsc1CC(NC1=NC(Cc2c1ccc(Cl)c2)(C)C)C(=O)[O-],6.1487417,c1csc(CC(NC2=NC(C)(C)Cc3cc(Cl)ccc32)C(=O)[O-])c1Br,YaraaearAA{DAr~DA{Aasaraaa{Z}as}{A}A}A{~B}{B_},54.8252041475983
BACE_1071,S(=O)(=O)(C)c1cc(ccc1)C1([NH2+]CC(O)C(NC(=O)C)Cc2cc(F)cc(F)c2)CCCCC1,6.1426673,c1c(S(C)(=O)=O)cccc1C1([NH2+]CC(C(Cc2cc(F)cc(F)c2)NC(C)=O)O)CCCCC1,E{~B}{~B}{A}araa{aaar}Ar{{DQs%}AA{B}A{DA{~B}A}Aasaa{G}aa{G}as}AAAAAr,54.90134035394787
BACE_1072,Fc1cc(cc(F)c1)CC(NC(=O)C)C(O)C[NH2+]C1(CC1)c1cc(c[n+]([O-])c1)CC(C)(C)C,6.1426673,c1(F)cc(F)cc(CC(C(C[NH2+]C2(c3c[n+]([O-])cc(CC(C)(C)C)c3)CC2)O)NC(=O)C)c1,Garaa{aa{G}ar}AA{DA{~B}A}A{B}A{DQs%}Ar{AAr}araa{a{d%}{{B_}}ar}AA{A}{A}A,54.90134035394787
BACE_1073,Fc1ncccc1-c1cc(ccc1)[C@]1([NH+]=C(N2C1=NCCC2)N)c1cc2OC(F)(F)Oc2cc1,6.1307683,O1c2c(ccc([C@@]3(c4cccc(-c5cccnc5F)c4)C4=NCCCN4C(N)=[NH+]3)c2)OC1(F)F,Gardaaaar_araa{aaar}{A*}r{{DQ%}~A{DsAr~DAAAs}D}araasBA{G}{G}Basaar,55.050481786740185
BACE_1074,Fc1ccc(OC)cc1-c1cc2c(Oc3c(cc(OC)cc3)C23N=C(OC3)N)cc1,6.1307683,c12ccc(-c3cc(OC)ccc3F)cc1C1(COC(N)=N1)c1cc(OC)ccc1O2,Garaaa{BA}aar_araasa{Bata{aa{BA}aat}AstD~A{BAt}D}aar,55.050481786740185
BACE_1075,Fc1cc(cc(F)c1)CC(NC(=O)C)C(O)C[NH2+]C1(CCCCC1)c1cc(N2CCCOCC2=O)ccc1,6.124939,c1c(F)cc(F)cc1CC(NC(C)=O)C(C[NH2+]C1(c2cc(N3C(=O)COCCC3)ccc2)CCCCC1)O,Garaa{aa{G}ar}AA{DA{~B}A}A{B}A{DQs%}Ar{AAAAAr}araa{DsAAABAAs~B}aaar,55.123545922732795
BACE_1076,Clc1cc2CC(N=C(NC(Cc3ccccc3)C=3NC(ON=3)=O)c2cc1)(C)C,6.124939,N1=C(NC(c2noc(=O)[nH]2)Cc2ccccc2)c2c(cc(Cl)cc2)CC1(C)C,ZaraasAA{D~A{DA{Aataaaaat}A~tDA{BD~t}~B}asaar}{A}A,55.123545922732795
BACE_1077,Fc1cc(cc(F)c1)C[C@H](NC(=O)C)[C@H](O)C[NH2+]C1(CC1)c1cc(ccc1)[C@H]1CCOC1,6.1191864,[C@@H]([C@H](Cc1cc(F)cc(F)c1)NC(C)=O)(O)C[NH2+]C1(c2cccc([C@H]3CCOC3)c2)CC1,Garaa{aa{G}ar}A{A*Q}{DA{~B}A}{A*Q}{B}A{DQs%}Ar{AAr}araa{aaar}{A*Q}rAABAr,55.195648705007024
BACE_1078,Brc1cc(ccc1)CC1CS(=O)(=O)CC([NH2+]Cc2cc(ccc2)C(C)C)C1O,6.1191864,c1c(CC2C(O)C([NH2+]Cc3cccc(C(C)C)c3)CS(=O)(=O)C2)cccc1Br,Yaraa{aaar}AArAE{~B}{~B}AA{{DQs%}Aasaa{aaas}A{A}A}ArB,55.195648705007024
BACE_1079,Clc1cc2CC(N=C(NC(Cc3cscc3C#C)C(=O)[O-])c2cc1)(C)C,6.1191864,C(c1cscc1CC(C([O-])=O)NC1=NC(C)(C)Cc2cc(Cl)ccc21)#C,ZaraasAA{D~A{DA{AataeaatA^A}A{~B}{B_}}asaar}{A}A,55.195648705007024
BACE_1080,Clc1ccc(nc1)C(=O)Nc1cc(ccc1)C12N=C(SCC1C2)N,6.1191864,C12(c3cccc(NC(=O)c4ncc(Cl)cc4)c3)CC1CSC(N)=N2,Zaraaa{dar}A{~B}Daraa{aaar}ArsD~A{EAArAs}D,55.195648705007024
BACE_1081,Fc1cc(cc(F)c1)CC(NC(=O)C)C(O)C[NH2+]C1(CC1)c1cc(cnc1)CC(C)(C)C,6.1079054,CC(NC(Cc1cc(F)cc(F)c1)C(O)C[NH2+]C1(c2cc(CC(C)(C)C)cnc2)CC1)=O,Garaa{aa{G}ar}AA{DA{~B}A}A{B}A{DQs%}Ar{AAr}araa{adar}AA{A}{A}A,55.33704415868633
BACE_1082,Clc1cc(cnc1)-c1cc2c(CC(CC23N=C(OC3)N)(C)C)cc1,6.1029229,CC1(C)CC2(N=C(N)OC2)c2c(ccc(-c3cc(Cl)cnc3)c2)C1,Zaraa{adar}_araasa{AA{AAstD~A{BAt}D}{A}A}aar,55.39949454854158
BACE_1083,FC(F)(F)Oc1ccc(cc1)[C@]1([NH+]=C(N2C1=NCCC2)N)c1cc(ccc1)-c1cncnc1,6.1023731,C12=NCCCN1C(N)=[NH+][C@@]2(c1ccc(OC(F)(F)F)cc1)c1cccc(-c2cncnc2)c1,GA{G}{G}Baraaa{aar}{A*}r{{DQ%}~A{DsAr~DAAAs}D}araa{aaar}_aradadar,55.40638571248386
BACE_1084,S1CC(=NC1(c1cc(ccc1)-c1cccnc1)c1ccc(OC)cc1)N,6.1023731,c1cc(C2(c3cc(-c4cnccc4)ccc3)SCC(N)=N2)ccc1OC,ErAA{~DAr{araa{aaar}_araaadar}araaa{BA}aar}D,55.40638571248386
BACE_1085,OC(C(NC(=O)C1CC(CCC1)C(NC(=O)C)C(C)C)Cc1ccccc1)CC(C(=O)NCCCC)C,6.09691,C1(C(NC(Cc2ccccc2)C(O)CC(C)C(NCCCC)=O)=O)CC(C(C(C)C)NC(C)=O)CCC1,BA{A{DA{~B}ArAA{AAAr}A{DA{~B}A}A{A}A}Aaraaaaar}AA{A{~B}DAAAA}A,55.47485991716389
BACE_1086,Fc1cc(cc(F)c1)CC(NC(=O)C)C(O)C[NH2+]C1(CCCCC1)c1cc(ccc1)C1CCCC1=O,6.09691,CC(NC(Cc1cc(F)cc(F)c1)C(C[NH2+]C1(c2cccc(C3C(=O)CCC3)c2)CCCCC1)O)=O,Garaa{aa{G}ar}AA{DA{~B}A}A{B}A{DQs%}Ar{AAAAAr}araa{aaar}ArAAAAr~B,55.47485991716389
BACE_1087,Fc1ncccc1-c1cc2c(Oc3c(cc(OC)cc3)C23N=C(OC3)N)cc1,6.09691,c1ccnc(F)c1-c1ccc2c(c1)C1(N=C(N)OC1)c1cc(OC)ccc1O2,Gardaaaar_araasa{Bata{aa{BA}aat}AstD~A{BAt}D}aar,55.47485991716389
BACE_1088,O(C)c1cc(ccc1)-c1cc(ccc1)C1(N=C(C)C(=N1)N)C1CCN(CC1)C(=O)C,6.09691,C1N(C(=O)C)CCC(C2(c3cc(-c4cccc(OC)c4)ccc3)N=C(N)C(C)=N2)C1,B{A}araa{aaar}_araa{aaar}Ar{D~A{A}A{~Dr}D}ArAAD{AAr}A{~B}A,55.47485991716389
BACE_1089,Clc1ccccc1-c1n(Cc2nc(N)ccc2)c(cc1)-c1ccc(Oc2ncccc2)cc1,6.0915151,n1ccccc1Oc1ccc(-c2n(Cc3nc(N)ccc3)c(-c3c(Cl)cccc3)cc2)cc1,Zaraaaaar_ard{Aasda{D}aaas}a{aar}_araaa{Basdaaaas}aar,55.5424793066732
BACE_1090,Fc1cc(cc(F)c1)CC(NC(=O)C)C(O)C[NH2+]C1(CCCCC1)c1cc(ccc1)CC(C)C,6.0915151,c1cc(C2([NH2+]CC(C(Cc3cc(F)cc(F)c3)NC(=O)C)O)CCCCC2)cc(CC(C)C)c1,Garaa{aa{G}ar}AA{DA{~B}A}A{B}A{DQs%}Ar{AAAAAr}araa{aaar}AA{A}A,55.5424793066732
BACE_1091,O=C1N(CC(=NC1(C)c1cc(NC(=O)c2ncc(cc2)C#N)ccc1)N)C,6.0899096,c1(C(=O)Nc2cccc(C3(C)N=C(N)CN(C)C3=O)c2)ncc(C#N)cc1,B~ArD{AA{~DAr{A}araa{DA{~B}asdaa{aas}A^D}aaar}D}A,55.562602558236186
BACE_1092,Fc1cc(cc(F)c1)CC(NC(=O)C)C(O)C[NH2+]C1(CCCCC1)c1cc(N2CCCC2=O)ccc1,6.0861859,c1c(N2C(=O)CCC2)cccc1C1([NH2+]CC(O)C(NC(C)=O)Cc2cc(F)cc(F)c2)CCCCC1,Garaa{aa{G}ar}AA{DA{~B}A}A{B}A{DQs%}Ar{AAAAAr}araa{DsAAAAs~B}aaar,55.60927521587874
BACE_1093,Clc1cc2CC(N=C(NC(Cc3cscc3-c3occn3)C(=O)[O-])c2cc1)(C)C,6.0861859,Clc1cc2c(cc1)C(NC(C([O-])=O)Cc1cscc1-c1occn1)=NC(C)(C)C2,ZaraasAA{D~A{DA{Aataeaat_atbaadt}A{~B}{B_}}asaar}{A}A,55.60927521587874
BACE_1094,S(=O)(=O)(N(C)c1cc(cc(c1)C(=O)NC(C)c1ccc(F)cc1)-c1nc([nH]n1)C([NH3+])(Cc1ccccc1)C)C,6.0851283,[nH]1c(C([NH3+])(C)Cc2ccccc2)nc(-c2cc(N(S(=O)(=O)C)C)cc(C(NC(c3ccc(F)cc3)C)=O)c2)n1,E{~B}{~B}{D{A}araa{aa{ar}A{~B}DA{A}araaa{G}aar}_arda{{dQ}dr}A{{DQt%}}{Aaraaaaar}A}A,55.62253111799834
BACE_1095,Clc1cc(cc(Cl)c1NC(=O)C)CNC(=[NH2+])NC(=O)Cn1c2cc(ccc2cc1)CN(S(=O)(=O)C)C,6.0757208,c1n(CC(=O)NC(=[NH2+])NCc2cc(Cl)c(NC(=O)C)c(Cl)c2)c2cc(CN(S(=O)(C)=O)C)ccc2c1,Zaraa{aa{Z}arDA{~B}A}ADA{~{DQs%}}DA{~B}Adrasaa{aaasaar}AD{E{~B}{~B}A}A,55.740444222376325
BACE_1096,Clc1ccccc1-c1n(Cc2nc(N)ccc2)c(cc1)-c1ccc(Oc2ccccc2)cc1,6.070581,c1cccc(Cl)c1-c1n(Cc2cccc(N)n2)c(-c2ccc(Oc3ccccc3)cc2)cc1,Zaraaaaar_ard{Aasda{D}aaas}a{aar}_araaa{Basaaaaas}aar,55.804866202060836
BACE_1097,Fc1cc(cc(F)c1)CC(NC(=O)C)C(O)C[NH2+]C1(CCCN(C1)C(OCc1ccccc1)=O)c1cc(ccc1)C(C)(C)C,6.0655017,c1c(F)cc(CC(C(O)C[NH2+]C2(c3cc(C(C)(C)C)ccc3)CN(C(=O)OCc3ccccc3)CCC2)NC(=O)C)cc1F,Garaa{aa{G}ar}AA{DA{~B}A}A{B}A{DQs%}Ar{AAAD{Ar}A{BAaraaaaar}~B}araa{aaar}A{A}{A}A,55.86852987796485
BACE_1098,O=C1N(C)C(=NC1(C1CCCCC1)c1cc(NC(=O)c2n(ccc2)C)ccc1)N,6.0655017,n1(C)c(C(=O)Nc2cc(C3(C4CCCCC4)N=C(N)N(C)C3=O)ccc2)ccc1,B~ArD{A}A{~DAr{ArAAAAAr}araa{DA{~B}asd{aaas}A}aaar}D,55.86852987796485
BACE_1099,Fc1cc(cc(F)c1)CC(NC(=O)c1c2cc(ccc2n(c1)C(=O)N(CCCC)C)C(OCc1ccccc1)=O)C(O)C[NH2+]Cc1cc(OC)ccc1,6.0655017,c12c(ccc(C(=O)OCc3ccccc3)c1)n(C(N(C)CCCC)=O)cc2C(=O)NC(C(C[NH2+]Cc1cccc(OC)c1)O)Cc1cc(F)cc(F)c1,Garaa{aa{G}ar}AA{DA{~B}arasaa{aaasd{ar}A{~B}D{AAAA}A}A{BAaraaaaar}~B}A{B}A{DQs%}Aaraa{BA}aaar,55.86852987796485
BACE_1100,O(CCCC)c1ccc(cc1)C1(N=C(N)N(C)C1=O)C12CC3CC(C1)CC(C2)C3,6.0604806,C(CC)COc1ccc(C2(C34CC5CC(CC(C5)C3)C4)C(=O)N(C)C(N)=N2)cc1,B{AAAA}araaa{aar}Ar{D~A{D}D{A}Ar~B}ArsAAtAA{Ar}AA{As}At,55.931464078166
BACE_1101,Fc1cc(cc(F)c1)CC(NC(=O)C)C(O)C[NH2+]C1(CC1)c1nn(cc1)CC(C)(C)C,6.0604806,C(C(O)C(Cc1cc(F)cc(F)c1)NC(=O)C)[NH2+]C1(c2nn(CC(C)(C)C)cc2)CC1,Garaa{aa{G}ar}AA{DA{~B}A}A{B}A{DQs%}Ar{AAr}ardd{aar}AA{A}{A}A,55.931464078166
BACE_1102,Fc1cc(cc(F)c1)CC(NC(=O)C(N1CCC(NC(=O)C)(C(CC)C)C1=O)CCc1ccccc1)C(O)C1[NH2+]Cc2c(C1)cccc2O,6.0604806,c1c(F)cc(CC(C(O)C2Cc3cccc(O)c3C[NH2+]2)NC(C(CCc2ccccc2)N2C(=O)C(C(C)CC)(NC(C)=O)CC2)=O)cc1F,Garaa{aa{G}ar}AA{DA{~B}A{DrAAA{DA{~B}A}{A{AA}A}Ar~B}AAaraaaaar}A{B}Ar{DQs%}Aasa{Ar}aaaasB,55.931464078166
BACE_1103,S1(=O)(=O)CC(Cc2cc(CC)c(N)c(F)c2)C(O)C([NH2+]Cc2cc(ccc2)C(C)(C)C)C1,6.0604806,O=S1(=O)CC(Cc2cc(F)c(N)c(CC)c2)C(O)C([NH2+]Cc2cc(C(C)(C)C)ccc2)C1,Er{~B}{~B}AA{Aasaa{AA}a{D}a{G}as}A{B}A{{DQs%}Aasaa{aaas}A{A}{A}A}Ar,55.931464078166
BACE_1104,FC(F)(F)Oc1ccc(cc1)C1(N=C(N)N(C)C1=O)c1cc(ccc1)-c1ccc(OC)nc1,6.0457573,CN1C(=O)C(c2cccc(-c3cnc(OC)cc3)c2)(c2ccc(OC(F)(F)F)cc2)N=C1N,GA{G}{G}Baraaa{aar}Ar{D~A{D}D{A}Ar~B}araa{aaar}_araaa{BA}dar,56.11600513686261
BACE_1105,FC(F)Oc1ccc(cc1)[C@@]1(N=C(N)N(C)C1=O)c1cc(ccc1)CC,6.0457573,FC(F)Oc1ccc([C@]2(c3cccc(CC)c3)N=C(N)N(C)C2=O)cc1,GA{G}Baraaa{aar}{A**}r{D~A{D}D{A}Ar~B}araa{aaar}AA,56.11600513686261
BACE_1106,Fc1c(cccc1OC)-c1cc2c(Oc3c(cc(OC)cc3)C23N=C(OC3)N)cc1,6.0457573,c1(OC)cc2c(cc1)Oc1c(cc(-c3c(F)c(OC)ccc3)cc1)C21COC(N)=N1,Gara{aaaarBA}_araasa{Bata{aa{BA}aat}AstD~A{BAt}D}aar,56.11600513686261
BACE_1107,Fc1ncc(cc1)-c1cc2c(Oc3c(cc(OC)cc3)C23N=C(OC3)N)cc1,6.0457573,O(c1ccc2c(c1)C1(N=C(N)OC1)c1cc(-c3cnc(F)cc3)ccc1O2)C,Gardaa{aar}_araasa{Bata{aa{BA}aat}AstD~A{BAt}D}aar,56.11600513686261
BACE_1108,S1(Oc2c(N1c1cc(ccc1)C(=O)NC(Cc1ccccc1)C(O)C[NH2+]Cc1cc(ccc1)C(F)(F)F)cccc2)(=O)=O,6.0409584,O=S1(=O)Oc2c(cccc2)N1c1cc(C(NC(C(O)C[NH2+]Cc2cccc(C(F)(F)F)c2)Cc2ccccc2)=O)ccc1,Er{Basa{Draraa{aaar}A{~B}DA{Aaraaaaar}A{B}A{DQs%}Aaraa{aaar}A{G}{G}G}aaaas}{~B}~B,56.17615429408818
BACE_1109,S(=O)(=O)(N(C)c1cc(cc(c1)COCC([NH3+])(Cc1ccccc1)C(F)F)C(=O)NC(C)c1ccc(F)cc1)C,6.0338583,c1c(CC(C(F)F)([NH3+])COCc2cc(C(NC(C)c3ccc(F)cc3)=O)cc(N(C)S(C)(=O)=O)c2)cccc1,E{~B}{~B}{D{A}araa{aa{ar}ABAA{{DQt%}}{Aaraaaaar}A{G}G}A{~B}DA{A}araaa{G}aar}A,56.26514656965491
BACE_1110,S(=O)(=O)(N(c1cc(ccc1C)C(=O)NC(Cc1ccccc1)C(O)C[NH2+]Cc1cc(ccc1)C(F)(F)F)c1ccccc1)C,6.031517,FC(c1cc(C[NH2+]CC(C(NC(c2ccc(C)c(N(S(=O)(=O)C)c3ccccc3)c2)=O)Cc2ccccc2)O)ccc1)(F)F,E{~B}{~B}{D{araa{aaarA}A{~B}DA{Aaraaaaar}A{B}A{DQs%}Aaraa{aaar}A{G}{G}G}araaaaar}A,56.29449229926217
BACE_1111,Fc1cc(cc(F)c1)CC(NC(=O)C)C(O)C[NH2+]C1(CCCCC1)c1cc(ccc1)C1CCCC1,6.0268722,C1CCCC1c1cc(C2([NH2+]CC(C(Cc3cc(F)cc(F)c3)NC(C)=O)O)CCCCC2)ccc1,Garaa{aa{G}ar}AA{DA{~B}A}A{B}A{DQs%}Ar{AAAAAr}araa{aaar}ArAAAAr,56.3527099752882
BACE_1112,O=C1N(CCCCCC(=O)[O-])C(=NC1(C1CCCCC1)c1ccccc1)N,6.0222764,O=C([O-])CCCCCN1C(=O)C(c2ccccc2)(C2CCCCC2)N=C1N,B~ArD{AAAAAA{~B}{B_}}A{~DAr{ArAAAAAr}araaaaar}D,56.41031348792177
BACE_1113,Clc1cc2c(OC3(CC2[NH2+]CC(O)C(NC(=O)C)Cc2ccccc2)CCC3)nc1,6.0190883,C(Cc1ccccc1)(NC(=O)C)C(C[NH2+]C1CC2(CCC2)Oc2c1cc(Cl)cn2)O,Zaraasa{BAt{AAs{DQs%}AA{B}A{DA{~B}A}Aasaaaaas}AAAt}dar,56.45027296366638
BACE_1114,Clc1ccccc1-c1n(Cc2nc(N)ccc2)c(cc1)-c1ccc(Nc2cncnc2)cc1,6.0087738,n1cc(Nc2ccc(-c3ccc(-c4c(Cl)cccc4)n3Cc3nc(N)ccc3)cc2)cnc1,Zaraaaaar_ard{Aasda{D}aaas}a{aar}_araaa{Dasadadas}aar,56.57955435777817
BACE_1115,Fc1cc(cc(F)c1)C[C@H](NC(=O)C)[C@H](O)C[NH2+]C1(CC1)c1cc(-n2nccc2)ccc1,6.0087738,n1(-c2cccc(C3([NH2+]C[C@H]([C@H](Cc4cc(F)cc(F)c4)NC(C)=O)O)CC3)c2)nccc1,Garaa{aa{G}ar}A{A*Q}{DA{~B}A}{A*Q}{B}A{DQs%}Ar{AAr}araa{_dsdaaas}aaar,56.57955435777817
BACE_1116,O=C1N(C)C(=NC1(C1CCCCC1)c1ccccc1)N,6.004365,C1(N)=NC(C2CCCCC2)(c2ccccc2)C(=O)N1C,B~ArD{A}A{~DAr{ArAAAAAr}araaaaar}D,56.63481402236299
BACE_1117,S1(=O)(=O)CC(Cc2cc(CCO)c(O)cc2)C(O)C([NH2+]Cc2cc(ccc2)C(C)C)C1,6.004365,c1c(CC2C(O)C([NH2+]Cc3cc(C(C)C)ccc3)CS(=O)(=O)C2)cc(CCO)c(O)c1,Er{~B}{~B}AA{Aasaa{AAB}a{B}aas}A{B}A{{DQs%}Aasaa{aaas}A{A}A}Ar,56.63481402236299
BACE_1118,S(=O)(=O)(N(C)c1cc(cc(c1)COCC([NH3+])(Cc1ccccc1)CF)C(=O)NC(C)c1ccc(F)cc1)C,6.0013046,O=S(N(c1cc(C(NC(C)c2ccc(F)cc2)=O)cc(COCC(CF)([NH3+])Cc2ccccc2)c1)C)(C)=O,E{~B}{~B}{D{A}araa{aa{ar}ABAA{{DQt%}}{Aaraaaaar}AG}A{~B}DA{A}araaa{G}aar}A,56.67317291310318
BACE_1119,Fc1cc(cc(F)c1)CC(NC(=O)C)C(O)C[NH2+]C1(CCCCC1)c1cc(N2CCCNC2=O)ccc1,6.0,C1CCCC(c2cc(N3CCCNC3=O)ccc2)([NH2+]CC(O)C(Cc2cc(F)cc(F)c2)NC(=O)C)C1,Garaa{aa{G}ar}AA{DA{~B}A}A{B}A{DQs%}Ar{AAAAAr}araa{DsAAADAs~B}aaar,56.689524700078636
BACE_1120,Fc1cc(cc(F)c1)CC(NC(=O)C(N1CCC(CCCC)C1=O)CCc1ccccc1)C(O)C1[NH2+]Cc2c(C1)cccc2,6.0,c1ccc(CCC(N2C(=O)C(CCCC)CC2)C(=O)NC(Cc2cc(F)cc(F)c2)C(O)C2[NH2+]Cc3c(cccc3)C2)cc1,Garaa{aa{G}ar}AA{DA{~B}A{DrAAA{AAAA}Ar~B}AAaraaaaar}A{B}Ar{DQs%}Aasa{Ar}aaaas,56.689524700078636
BACE_1121,S1CCC(=NC1(C)c1cc(ccc1)-c1cncnc1)N,6.0,c1(-c2cncnc2)cc(C2(C)SCCC(N)=N2)ccc1,ErAAA{~DAr{A}araa{aaar}_aradadar}D,56.689524700078636
BACE_1122,Clc1cc(cc(Cl)c1NC(=O)C)CNC(=[NH2+])NC(=O)Cn1c2c(cccc2)cc1,5.9956784,C(=[NH2+])(NCc1cc(Cl)c(NC(C)=O)c(Cl)c1)NC(=O)Cn1ccc2ccccc12,Zaraa{aa{Z}arDA{~B}A}ADA{~{DQs%}}DA{~B}Adrasa{aaaas}aar,56.74369140450381
BACE_1123,Clc1ccc(nc1)C(=O)Nc1cc(ccc1)C1(N=C(N)N(C)C1=O)C,5.9913998,O=C1C(C)(c2cc(NC(c3ncc(Cl)cc3)=O)ccc2)N=C(N)N1C,Zaraaa{dar}A{~B}Daraa{aaar}Ar{D~A{D}D{A}Ar~B}A,56.79731914921725
BACE_1124,O1CCCC1CN1C(=O)C(N=C1N)(C1CCCCC1)c1ccccc1,5.9829664,c1c(C2(C3CCCCC3)N=C(N)N(CC3CCCO3)C2=O)cccc1,BrAAAArADrA{~B}A{D~ArD}{ArAAAAAr}araaaaar,56.903022936032166
BACE_1125,O=C1N(C)C(=NC1(C1CCCCC1)C1CCCCC1)N,5.9665761,C1CC(C2(C3CCCCC3)C(=O)N(C)C(N)=N2)CCC1,B~ArD{A}A{~DAr{ArAAAAAr}ArAAAAAr}D,57.10845808401903
BACE_1126,Fc1cc(cc(F)c1)CN1C(=O)C(N=C1N)(C1CCCCC1)c1ccccc1,5.9665761,NC1=NC(C2CCCCC2)(c2ccccc2)C(=O)N1Cc1cc(F)cc(F)c1,Garaa{aa{G}ar}ADrA{~B}A{D~ArD}{ArAAAAAr}araaaaar,57.10845808401903
BACE_1127,Clc1cc2CC(N=C(NC(Cc3cscc3-c3cn(nc3)C)C(=O)[O-])c2cc1)(C)C,5.9625735,c1scc(CC(C(=O)[O-])NC2=NC(C)(C)Cc3cc(Cl)ccc32)c1-c1cnn(C)c1,ZaraasAA{D~A{DA{Aataeaat_atad{dat}A}A{~B}{B_}}asaar}{A}A,57.15862645941986
BACE_1128,s1cc(nc1N)C(Cc1cc([N+](=O)[O-])ccc1OC)c1ccc(OC)cc1,5.9586072,n1c(N)scc1C(Cc1c(OC)ccc([N+]([O-])=O)c1)c1ccc(OC)cc1,eraa{darD}A{Aaraa{{D%}{~B}{B_}}aaarBA}araaa{BA}aar,57.20833985255239
BACE_1129,Fc1cc(cc(F)c1)CC(NC(=O)C)C(O)C[NH2+]C1(CCCCC1)c1cc(ccc1)-c1occc1,5.9586072,C(C[NH2+]C1(c2cccc(-c3ccco3)c2)CCCCC1)(O)C(Cc1cc(F)cc(F)c1)NC(C)=O,Garaa{aa{G}ar}AA{DA{~B}A}A{B}A{DQs%}Ar{AAAAAr}araa{aaar}_arbaaar,57.20833985255239
BACE_1130,Fc1cc(cc(F)c1)CC(NC(=O)c1c2c(n(c1)C(OCCCC)=O)cccc2)C(O)C[NH2+]Cc1cc(OC)ccc1,5.9586072,c1(F)cc(CC(C(O)C[NH2+]Cc2cccc(OC)c2)NC(=O)c2cn(C(OCCCC)=O)c3ccccc32)cc(F)c1,Garaa{aa{G}ar}AA{DA{~B}arasa{d{ar}A{BAAAA}~B}aaaas}A{B}A{DQs%}Aaraa{BA}aaar,57.20833985255239
BACE_1131,S1(=O)(=O)CC(Cc2ccccc2)C(O)C([NH2+]Cc2cc(ccc2)C(C)C)C1,5.9586072,c1(C(C)C)cc(C[NH2+]C2CS(=O)(=O)CC(Cc3ccccc3)C2O)ccc1,Er{~B}{~B}AA{Aasaaaaas}A{B}A{{DQs%}Aasaa{aaas}A{A}A}Ar,57.20833985255239
BACE_1132,S1(=O)(=O)CC(Cc2cc(ccc2)COCCC)C(O)C([NH2+]Cc2cc(ccc2)C(C)C)C1,5.9586072,c1(CC2C(O)C([NH2+]Cc3cccc(C(C)C)c3)CS(=O)(=O)C2)cccc(COCCC)c1,Er{~B}{~B}AA{Aasaa{aaas}ABAAA}A{B}A{{DQs%}Aasaa{aaas}A{A}A}Ar,57.20833985255239
BACE_1133,Fc1cc(cc(F)c1)CC(NC(=O)c1cc(ccc1)C(=O)N(CCC)CCC)C(O)C1[NH2+]Cc2c(C1)cccc2,5.9586072,N(CCC)(CCC)C(c1cc(C(=O)NC(Cc2cc(F)cc(F)c2)C(C2[NH2+]Cc3c(cccc3)C2)O)ccc1)=O,Garaa{aa{G}ar}AA{DA{~B}araa{aaar}A{~B}D{AAA}AAA}A{B}Ar{DQs%}Aasa{Ar}aaaas,57.20833985255239
BACE_1134,S1(=O)(=O)N(C2(CC([NH+](CC2)Cc2cc3c([nH]nc3CC)cc2)C)CN1C)c1cc(F)ccc1,5.9586072,O=S1(=O)N(c2cc(F)ccc2)C2(CC(C)[NH+](Cc3cc4c(CC)n[nH]c4cc3)CC2)CN1C,Er{~B}{~B}D{As{AA{{DQ%}{AAs}Aasaata{{dQ}datAA}aas}A}ADrA}araa{G}aaar,57.20833985255239
BACE_1135,Clc1ccccc1-c1n(Cc2nc(N)ccc2)c(cc1)-c1ccc(OCCC)cc1,5.939302,c1cccc(Cl)c1-c1n(Cc2nc(N)ccc2)c(-c2ccc(OCCC)cc2)cc1,Zaraaaaar_ard{Aasda{D}aaas}a{aar}_araaa{BAAA}aar,57.45031020202229
BACE_1136,Clc1cccc(-c2cc3c(Oc4c(cc(OC)cc4)C34N=C(OC4)N)cc2)c1F,5.9318142,c1(F)c(-c2ccc3c(c2)C2(N=C(N)OC2)c2c(ccc(OC)c2)O3)cccc1Cl,Zaraaaa{_asaata{Baua{aa{BA}aau}AtuD~A{BAu}D}aas}arG,57.544161888757486
BACE_1137,O1CC2(N=C1N)c1cc(ccc1Oc1c2cc(OC)cc1)-c1ccccc1,5.9281182,C1C2(c3cc(OC)ccc3Oc3c2cc(-c2ccccc2)cc3)N=C(N)O1,BrAAs{D~ArD}araa{aaarBarasaa{BA}aar}_araaaaar,57.5904873560741
BACE_1138,O=C(NC1CC1)c1ccc(cc1)-c1n(Cc2nc(N)ccc2)c(cc1)-c1ccccc1,5.9208188,c1cc(-c2ccc(-c3ccc(C(=O)NC4CC4)cc3)n2Cc2nc(N)ccc2)ccc1,B~A{DArAAr}araaa{aar}_ard{Aasda{D}aaas}a{aar}_araaaaar,57.68197764723505
BACE_1139,S1(=O)(=O)CC(Cc2cc(CO)c(O)cc2)C(O)C([NH2+]Cc2cc(ccc2)C(C)C)C1,5.9208188,OC1C([NH2+]Cc2cc(C(C)C)ccc2)CS(=O)(=O)CC1Cc1cc(CO)c(O)cc1,Er{~B}{~B}AA{Aasaa{AB}a{B}aas}A{B}A{{DQs%}Aasaa{aaas}A{A}A}Ar,57.68197764723505
BACE_1140,Fc1cc(cc(F)c1)CC(NC(=O)c1c2cccnc2n(c1)C(=O)N(CCCC)C)C(O)C1[NH2+]Cc2c(C1)cccc2,5.9208188,c1cc2c(nc1)n(C(=O)N(C)CCCC)cc2C(=O)NC(C(C1Cc2ccccc2C[NH2+]1)O)Cc1cc(F)cc(F)c1,Garaa{aa{G}ar}AA{DA{~B}arasaaadasd{ar}A{~B}D{AAAA}A}A{B}Ar{DQs%}Aasa{Ar}aaaas,57.68197764723505
BACE_1141,S1(=O)(=O)N(C2(CC([NH+](CC2)Cc2cc(OCC)c(O)cc2)C)CN1C)c1cc(F)ccc1,5.9208188,c1cc(N2C3(CC[NH+](Cc4ccc(O)c(OCC)c4)C(C)C3)CN(C)S2(=O)=O)cc(F)c1,Er{~B}{~B}D{As{AA{{DQ%}{AAs}Aasaa{BAA}a{B}aas}A}ADrA}araa{G}aaar,57.68197764723505
BACE_1142,Fc1ncccc1-c1cc(ccc1)C1(N=C(OC1)N)c1ccc(OC(F)F)cc1,5.9172144,c1cc(C2(c3cccc(-c4c(F)nccc4)c3)N=C(N)OC2)ccc1OC(F)F,Gardaaaar_araa{aaar}Ar{D~A{BAr}D}araaa{BA{G}G}aar,57.72715500502618
BACE_1143,O=C1N(Cc2ccccc2)C(=NC1(C1CCCCC1)c1ccccc1)N,5.9065785,c1ccc(C2(C3CCCCC3)C(=O)N(Cc3ccccc3)C(N)=N2)cc1,B~ArD{Aasaaaaas}A{~DAr{ArAAAAAr}araaaaar}D,57.86046480963459
BACE_1144,FCCOc1ccc(cc1)[C@@]1(N=C(N)N(C)C1=O)c1ccccc1,5.9065785,C1(N)=N[C@](c2ccc(OCCF)cc2)(c2ccccc2)C(=O)N1C,GAABaraaa{aar}{A**}r{D~A{D}D{A}Ar~B}araaaaar,57.86046480963459
BACE_1145,S(=O)(=O)(N(C)c1cc(cc(c1)C(=O)NC)C(=O)NC(C(O)CC(C(=O)NC(C(C)C)C(=O)NCc1ccccc1)C)COCc1cc(F)cc(F)c1)C,5.8996296,C(=O)(NC(C(NCc1ccccc1)=O)C(C)C)C(C)CC(O)C(COCc1cc(F)cc(F)c1)NC(c1cc(N(C)S(=O)(=O)C)cc(C(NC)=O)c1)=O,E{~B}{~B}{D{A}araa{aa{ar}A{~B}DA}A{~B}DA{A{B}AA{A{~B}DA{A{A}A}A{~B}DAaraaaaar}A}ABAaraa{G}aa{G}ar}A,57.94756195244748
BACE_1146,Clc1cc2CC(N=C(NC(Cc3cscc3-c3n[nH]cc3)C(=O)[O-])c2cc1)(C)C,5.8996296,C(C(NC1=NC(C)(C)Cc2c1ccc(Cl)c2)C(=O)[O-])c1c(-c2n[nH]cc2)csc1,ZaraasAA{D~A{DA{Aataeaat_atd{dQ}aat}A{~B}{B_}}asaar}{A}A,57.94756195244748
BACE_1147,n1cc(ccc1)-c1cc(ccc1)C1(N=C(C)C(=N1)N)c1ccccc1,5.8860569,C1(C)=NC(c2ccccc2)(c2cc(-c3cccnc3)ccc2)N=C1N,draa{aaar}_araa{aaar}Ar{D~A{A}A{~Dr}D}araaaaar,58.11768145197351
BACE_1148,O=C1N(C)C(=NC(C1)(CCc1cc(ccc1)-c1ccccc1)C)N,5.8860569,NC1=NC(CCc2cc(-c3ccccc3)ccc2)(C)CC(=O)N1C,B~ArD{A}A{~DA{Ar}{AAaraa{aaar}_araaaaar}A}D,58.11768145197351
BACE_1149,Fc1cc(cc(F)c1)CC(NC(=O)C)C(O)C[NH2+]C1(CCCN(C1)C(=O)C)c1cc(ccc1)C(C)(C)C,5.8860564,C1CCN(C(=O)C)CC1(c1cccc(C(C)(C)C)c1)[NH2+]CC(C(NC(C)=O)Cc1cc(F)cc(F)c1)O,Garaa{aa{G}ar}AA{DA{~B}A}A{B}A{DQs%}Ar{AAAD{Ar}A{~B}A}araa{aaar}A{A}{A}A,58.11768771894689
BACE_1150,OC(C(NC(=O)c1cc(N(C(=O)C)c2ccccc2)ccc1)Cc1ccccc1)C[NH2+]C(C(=O)NC1CCCCC1)C,5.8860564,C(N(c1cc(C(NC(C(O)C[NH2+]C(C)C(=O)NC2CCCCC2)Cc2ccccc2)=O)ccc1)c1ccccc1)(C)=O,BA{A{DA{~B}araa{D{A{~B}A}asaaaaas}aaar}Aaraaaaar}A{DQs%}A{A{~B}DArAAAAAr}A,58.11768771894689
BACE_1151,Fc1cc(cc(F)c1)CC(NC(=O)C)C(O)C[NH2+]C1(CCCCC1)c1cc(N2CCOCC2=O)ccc1,5.8860564,C(O)(C[NH2+]C1(c2cccc(N3CCOCC3=O)c2)CCCCC1)C(Cc1cc(F)cc(F)c1)NC(=O)C,Garaa{aa{G}ar}AA{DA{~B}A}A{B}A{DQs%}Ar{AAAAAr}araa{DsAABAAs~B}aaar,58.11768771894689
BACE_1152,Fc1cc(cc(F)c1)CC(NC(=O)C)C(O)C[NH2+]C1(CCCCC1)c1cc(N2CCOC2=O)ccc1,5.8860564,C1COC(=O)N1c1cc(C2([NH2+]CC(C(Cc3cc(F)cc(F)c3)NC(=O)C)O)CCCCC2)ccc1,Garaa{aa{G}ar}AA{DA{~B}A}A{B}A{DQs%}Ar{AAAAAr}araa{DsAABAs~B}aaar,58.11768771894689
BACE_1153,Fc1cc(cc(F)c1)C[C@H](NC(=O)C)[C@H](O)C[NH2+]Cc1cc(ccc1)C(C)(C)C,5.8860564,C(=O)(N[C@@H](Cc1cc(F)cc(F)c1)[C@@H](C[NH2+]Cc1cc(C(C)(C)C)ccc1)O)C,Garaa{aa{G}ar}A{A*Q}{DA{~B}A}{A*Q}{B}A{DQs%}Aaraa{aaar}A{A}{A}A,58.11768771894689
BACE_1154,Fc1cc(cc(F)c1)C[C@H](NC(=O)C)[C@H](O)C[NH2+]C1(CC1)c1cc(ccc1)C(C(F)(F)F)=C,5.8860564,C(c1cc(C2([NH2+]C[C@H]([C@H](Cc3cc(F)cc(F)c3)NC(=O)C)O)CC2)ccc1)(=C)C(F)(F)F,Garaa{aa{G}ar}A{A*Q}{DA{~B}A}{A*Q}{B}A{DQs%}Ar{AAr}araa{aaar}A{A{G}{G}G}~A,58.11768771894689
BACE_1155,S1(=O)(=O)NCC2(N1c1cc(F)ccc1)CC([NH+](CC2)Cc1cc(OC(C)C)ccc1)C,5.8860564,S1(=O)(=O)NCC2(N1c1cc(F)ccc1)CC[NH+](Cc1cc(OC(C)C)ccc1)C(C)C2,Er{~B}{~B}DAAs{Draraa{G}aaar}AA{{DQ%}{AAs}Aaraa{BA{A}A}aaar}A,58.11768771894689
BACE_1156,O1CC2(N=C1N)CC(Cc1c2cc(cc1)-c1cncnc1)(C)C,5.8703103,c12ccc(-c3cncnc3)cc1C1(N=C(N)OC1)CC(C)(C)C2,BrAAs{D~ArD}AA{Aarasaa{aar}_aradadar}{A}A,58.315048498415
BACE_1157,O(C)c1cc(ccc1)C(=O)Nc1cc(ccc1)C1(N=C(N)N(C)C1=O)C1CCCCC1,5.8664613,c1(NC(=O)c2cccc(OC)c2)cc(C2(C3CCCCC3)C(=O)N(C)C(N)=N2)ccc1,B{A}araa{aaar}A{~B}Daraa{aaar}Ar{D~A{D}D{A}Ar~B}ArAAAAAr,58.363291659589684
BACE_1158,Fc1c(cccc1-c1cncnc1)C1(N=C(N)N(C)C1=O)c1ccc(OC(F)(F)F)cc1,5.8664613,c1ccc(C2(c3ccc(OC(F)(F)F)cc3)N=C(N)N(C)C2=O)c(F)c1-c1cncnc1,Gara{aaaar_aradadar}Ar{D~A{D}D{A}Ar~B}araaa{BA{G}{G}G}aar,58.363291659589684
BACE_1159,S(=O)(=O)(N(C)c1cc(cc(c1)COCC([NH3+])(Cc1ccccc1)CO)C(=O)NC(C)c1ccc(F)cc1)C,5.8632793,c1cccc(CC(COCc2cc(C(=O)NC(c3ccc(F)cc3)C)cc(N(C)S(=O)(=O)C)c2)(CO)[NH3+])c1,E{~B}{~B}{D{A}araa{aa{ar}ABAA{{DQt%}}{Aaraaaaar}AB}A{~B}DA{A}araaa{G}aar}A,58.40317467825891
BACE_1160,FC(F)(F)c1ccc(nc1)C(=O)Nc1cc(ccc1)C1(N=C(N)CN(C)C1=O)C,5.8601208,FC(F)(F)c1ccc(C(=O)Nc2cc(C3(C)N=C(N)CN(C)C3=O)ccc2)nc1,GA{G}{G}araaa{dar}A{~B}Daraa{aaar}Ar{D~A{D}AD{A}Ar~B}A,58.442763149178695
BACE_1161,Fc1c2c(ccc1)C(N=C2N)(c1cc(nc(c1)C)C)c1cc(ccc1)-c1cncnc1,5.8601208,c1c(-c2cncnc2)cc(C2(c3cc(C)nc(C)c3)c3c(c(F)ccc3)C(N)=N2)cc1,Garasa{aaar}A{D~AsD}{araa{da{ar}A}A}araa{aaar}_aradadar,58.442763149178695
BACE_1162,O=C1N(CCCCCC)C(=NC1(C1CCCCC1)c1ccccc1)N,5.8569851,C1CCCC(C2(c3ccccc3)C(=O)N(CCCCCC)C(N)=N2)C1,B~ArD{AAAAAA}A{~DAr{ArAAAAAr}araaaaar}D,58.48206584611178
BACE_1163,Fc1ccc(cc1-c1cncnc1)[C@@]1(N=C(N)N(C)C1=O)c1ccc(OC(F)(F)F)cc1,5.8569851,CN1C(N)=N[C@@](c2ccc(OC(F)(F)F)cc2)(c2cc(-c3cncnc3)c(F)cc2)C1=O,Garaaa{aar_aradadar}{A**}r{D~A{D}D{A}Ar~B}araaa{BA{G}{G}G}aar,58.48206584611178
BACE_1164,Fc1cc(cc(F)c1)CC(NC(=O)C)C(O)C[NH2+]C1(CCCCC1)c1cc(N2CCNC2=O)ccc1,5.8538718,C1CCCCC1(c1cccc(N2CCNC2=O)c1)[NH2+]CC(C(NC(C)=O)Cc1cc(F)cc(F)c1)O,Garaa{aa{G}ar}AA{DA{~B}A}A{B}A{DQs%}Ar{AAAAAr}araa{DsAADAs~B}aaar,58.52108778263689
BACE_1165,Brc1cc(ccc1O)CC1CS(=O)(=O)CC([NH2+]Cc2cc(OC(C)C)ccc2)C1O,5.8538718,c1(O)c(Br)cc(CC2CS(=O)(=O)CC([NH2+]Cc3cccc(OC(C)C)c3)C2O)cc1,Yaraa{aaarB}AArAE{~B}{~B}AA{{DQs%}Aasaa{BA{A}A}aaas}ArB,58.52108778263689
BACE_1166,n1cc(ccc1)-c1cc(ccc1)C1(N=C(C)C(=N1)N)C1CCCCC1,5.8538718,c1c(C2(C3CCCCC3)N=C(N)C(C)=N2)cc(-c2cccnc2)cc1,draa{aaar}_araa{aaar}Ar{D~A{A}A{~Dr}D}ArAAAAAr,58.52108778263689
BACE_1167,FC(F)(F)Oc1ccc(cc1)[C@@]1(N=C(N)N(C)C1=O)c1ccccc1,5.8477116,FC(Oc1ccc([C@]2(c3ccccc3)N=C(N)N(C)C2=O)cc1)(F)F,GA{G}{G}Baraaa{aar}{A**}r{D~A{D}D{A}Ar~B}araaaaar,58.598299401620594
BACE_1168,FC(F)(F)Oc1ccc(cc1)C1([NH+]=C(N2C1=NCCC2)N)c1cc(ccc1)CCC,5.8446641,C12=NCCCN1C(N)=[NH+]C2(c1ccc(OC(F)(F)F)cc1)c1cccc(CCC)c1,GA{G}{G}Baraaa{aar}Ar{{DQ%}~A{DsAr~DAAAs}D}araa{aaar}AAA,58.63649660444727
BACE_1169,S1(=O)(=O)CC(Cc2cc3c([nH]nc3)cc2)C(O)C([NH2+]Cc2cc(ccc2)C(C)(C)C)C1,5.8386321,c1cc(CC2CS(=O)(=O)CC([NH2+]Cc3cc(C(C)(C)C)ccc3)C2O)cc2cn[nH]c12,Er{~B}{~B}AA{Aasaata{{dQ}dat}aas}A{B}A{{DQs%}Aasaa{aaas}A{A}{A}A}Ar,58.71210137145318
BACE_1170,FC1(F)c2c(cc(cc2)-c2cncnc2)C2(N=C(N)N(C)C2=O)CC1(C)C,5.8259401,c1ncncc1-c1cc2c(cc1)C(F)(F)C(C)(C)CC21N=C(N)N(C)C1=O,GAr{G}asa{aa{aas}_asadadas}As{D~A{D}D{A}As~B}AAr{A}A,58.87118222404582
BACE_1171,S(=O)(=O)(N(C)c1cc(cc(c1)C(=O)NC(C(O)CC(OC)CNc1ccccc1)COc1cc(F)cc(F)c1)C(=O)NC(C)c1ccccc1)C,5.8239088,c1c(C(NC(c2cc(N(S(=O)(=O)C)C)cc(C(NC(C(CC(CNc3ccccc3)OC)O)COc3cc(F)cc(F)c3)=O)c2)=O)C)cccc1,E{~B}{~B}{D{A}araa{aa{ar}A{~B}DA{A{B}AA{BA}ADaraaaaar}ABaraa{G}aa{G}ar}A{~B}DA{A}araaaaar}A,58.89664243014979
BACE_1172,S(=O)(=O)(N(C)c1cc(cc(c1)C(=O)NC(C(O)CC(OC)CNc1ccc(F)cc1)COc1cc(F)cc(F)c1)C(=O)NC(C)c1ccccc1)C,5.8239088,c1(F)cc(OCC(NC(c2cc(N(C)S(C)(=O)=O)cc(C(=O)NC(C)c3ccccc3)c2)=O)C(CC(OC)CNc2ccc(F)cc2)O)cc(F)c1,E{~B}{~B}{D{A}araa{aa{ar}A{~B}DA{A{B}AA{BA}ADaraaa{G}aar}ABaraa{G}aa{G}ar}A{~B}DA{A}araaaaar}A,58.89664243014979
BACE_1173,S1(=O)(=O)N(c2c3n(cc(c3c(cc2)C(=O)NC(C(O)CC(OC)COCc2ccc(OC)cc2)COc2cc(F)cc(F)c2)CC)CC1)C,5.8239088,C(COc1cc(F)cc(F)c1)(C(O)CC(COCc1ccc(OC)cc1)OC)NC(=O)c1c2c(CC)cn3c2c(cc1)N(C)S(=O)(=O)CC3,Er{~B}{~B}D{asatd{aa{ata{aas}A{~B}DA{A{B}AA{BA}ABAasaaa{BA}aas}ABasaa{G}aa{G}as}AA}AAr}A,58.89664243014979
BACE_1174,O(C)c1cc(ccc1)C[NH2+]CC(O)C(NC(=O)c1c2c(n(c1)C(=O)N(CC)CC)cccc2)Cc1ccccc1,5.8239088,c1c(C[NH2+]CC(C(NC(c2c3c(cccc3)n(C(N(CC)CC)=O)c2)=O)Cc2ccccc2)O)cccc1OC,B{A}araa{aaar}A{DQs%}AA{B}A{DA{~B}arasa{d{ar}A{~B}D{AA}AA}aaaas}Aaraaaaar,58.89664243014979
BACE_1175,S1(=O)(=O)N(C2(CC([NH+](CC2)Cc2cc(OC(C)C)ccc2)C)CN1c1ncccn1)c1cc(F)ccc1,5.8239088,C1C[NH+](Cc2cccc(OC(C)C)c2)C(C)CC12N(c1cc(F)ccc1)S(=O)(=O)N(c1ncccn1)C2,Er{~B}{~B}D{As{AA{{DQ%}{AAs}Aasaa{BA{A}A}aaas}A}ADrardaaadr}araa{G}aaar,58.89664243014979
BACE_1176,O(C)c1c(cc(cc1C)[C@@]1(N=C(C)C(=N1)N)c1cc(ccc1)-c1cncnc1)C,5.8239088,C1(C)=N[C@](c2cc(C)c(OC)c(C)c2)(c2cccc(-c3cncnc3)c2)N=C1N,B{A}ara{aa{aarA}{A**}r{D~A{A}A{~Dr}D}araa{aaar}_aradadar}A,58.89664243014979
BACE_1177,Clc1cc(F)c(cc1)-c1cc2c(Oc3c(cc(OC)cc3)C23N=C(OC3)N)cc1,5.8068752,c1c(Cl)ccc(-c2ccc3c(c2)C2(COC(N)=N2)c2c(ccc(OC)c2)O3)c1F,Zaraa{G}a{aar}_araasa{Bata{aa{BA}aat}AstD~A{BAt}D}aar,59.110140666103305
BACE_1178,Fc1cc(cc(F)c1)CC(NC(=O)C)C(O)C[NH2+]C1(CCCCC1)c1oc(cn1)C(C)(C)C,5.801343,CC(C)(C)c1oc(C2([NH2+]CC(O)C(Cc3cc(F)cc(F)c3)NC(=O)C)CCCCC2)nc1,Garaa{aa{G}ar}AA{DA{~B}A}A{B}A{DQs%}Ar{AAAAAr}arba{adr}A{A}{A}A,59.17948096650616
BACE_1179,Fc1cc(cc(F)c1)CC(NC(=O)C)C(O)C[NH2+]C1(CCCCC1)c1cc(-n2ccnc2)ccc1,5.7958798,Fc1cc(F)cc(CC(C(C[NH2+]C2(c3cccc(-n4cncc4)c3)CCCCC2)O)NC(C)=O)c1,Garaa{aa{G}ar}AA{DA{~B}A}A{B}A{DQs%}Ar{AAAAAr}araa{_dsaadas}aaar,59.24795642458088
BACE_1180,Fc1cc(cc(F)c1)CC(NC(=O)C(N1CCC(CCCC)C1=O)C)C(O)C1[NH2+]Cc2c(C1)cccc2,5.7958798,c12c(cccc1)C[NH2+]C(C(C(NC(C(C)N1C(=O)C(CCCC)CC1)=O)Cc1cc(F)cc(F)c1)O)C2,Garaa{aa{G}ar}AA{DA{~B}A{DrAAA{AAAA}Ar~B}A}A{B}Ar{DQs%}Aasa{Ar}aaaas,59.24795642458088
BACE_1181,Clc1cc(ccc1O)C[NH+]1CCC2(N(S(=O)(=O)N(C2)C)c2cc(F)ccc2)CC1C,5.7958798,c1c(F)cc(N2C3(CC(C)[NH+](Cc4cc(Cl)c(O)cc4)CC3)CN(C)S2(=O)=O)cc1,Zaraa{aaarB}A{DQ%}rAAAs{D{E{~B}{~B}D{As}A}asaa{G}aaas}AArA,59.24795642458088
BACE_1182,s1c(ccc1CC(C)(C)C)C1([NH2+]CC(O)C(NC(=O)C)Cc2cc(F)cc(F)c2)CC1,5.7904849,OC(C[NH2+]C1(c2sc(CC(C)(C)C)cc2)CC1)C(NC(=O)C)Cc1cc(F)cc(F)c1,era{aaarAA{A}{A}A}Ar{{DQs%}AA{B}A{DA{~B}A}Aasaa{G}aa{G}as}AAr,59.31557581409018
BACE_1183,S1(=O)(=O)CC(Cc2ccccc2)C(O)C([NH2+]Cc2cc(ccc2)C(C)(C)C)C1,5.7904849,c1c(C(C)(C)C)cc(C[NH2+]C2CS(=O)(=O)CC(Cc3ccccc3)C2O)cc1,Er{~B}{~B}AA{Aasaaaaas}A{B}A{{DQs%}Aasaa{aaas}A{A}{A}A}Ar,59.31557581409018
BACE_1184,Clc1ccccc1-c1n(Cc2nc(N)ccc2)c(cc1)-c1ccc(OCCCC)cc1,5.782516,c1(Cl)ccccc1-c1n(Cc2nc(N)ccc2)c(-c2ccc(OCCCC)cc2)cc1,Zaraaaaar_ard{Aasda{D}aaas}a{aar}_araaa{BAAAA}aar,59.41545758262355
BACE_1185,O1CC2(N=C1N)c1cc(ccc1Oc1c2cc(OC)cc1)-c1cc(ccc1)C,5.7772837,c1c(-c2cc(C)ccc2)cc2c(c1)Oc1c(cc(OC)cc1)C21N=C(N)OC1,BrAAs{D~ArD}araa{aaarBarasaa{BA}aar}_araa{aaar}A,59.48103895238565
BACE_1186,Fc1cc(cc(F)c1)CC(NC(=O)C)C(O)C[NH2+]C1(CC1)c1cc(ccc1)C1OCCCC1,5.7695513,c1c(C2CCCCO2)cccc1C1([NH2+]CC(C(Cc2cc(F)cc(F)c2)NC(=O)C)O)CC1,Garaa{aa{G}ar}AA{DA{~B}A}A{B}A{DQs%}Ar{AAr}araa{aaar}ArBAAAAr,59.57795644250442
BACE_1187,Fc1cc(cc(F)c1)C[C@H](NC(=O)C)[C@H](O)C[NH2+][C@@]1(C[C@H]1C)c1cc(ccc1)C(C(F)F)(C)C,5.7695513,[C@H]([C@@H](NC(=O)C)Cc1cc(F)cc(F)c1)(C[NH2+][C@]1(c2cc(C(C)(C(F)F)C)ccc2)C[C@H]1C)O,Garaa{aa{G}ar}A{A*Q}{DA{~B}A}{A*Q}{B}A{DQs%}{A**}r{A{A*Q}rA}araa{aaar}A{A{G}G}{A}A,59.57795644250442
BACE_1188,Clc1ccccc1-c1cc(ccc1)C[NH+]1CCC2(N(S(=O)(=O)NC2)c2cc(F)ccc2)CC1C,5.7695513,N1CC2(N(c3cccc(F)c3)S1(=O)=O)CC(C)[NH+](Cc1cc(-c3c(Cl)cccc3)ccc1)CC2,Zaraaaaar_araa{aaar}A{DQ%}rAAAs{D{E{~B}{~B}DAs}asaa{G}aaas}AArA,59.57795644250442
BACE_1189,S1(=O)(=O)N(C2(CC([NH+](CC2)Cc2cc(OC(C)C)ccc2)C)CN1CC)c1cc(F)ccc1,5.7695513,c1c(F)cccc1N1C2(CC[NH+](Cc3cc(OC(C)C)ccc3)C(C)C2)CN(CC)S1(=O)=O,Er{~B}{~B}D{As{AA{{DQ%}{AAs}Aasaa{BA{A}A}aaas}A}ADrAA}araa{G}aaar,59.57795644250442
BACE_1190,S1(=O)(=O)N(C2(CC([NH+](CC2)Cc2cc(OC(C)C)ccc2)C)CN1c1occn1)c1cc(F)ccc1,5.7695513,c1c(N2S(=O)(=O)N(c3ncco3)CC23CC(C)[NH+](Cc2cc(OC(C)C)ccc2)CC3)cc(F)cc1,Er{~B}{~B}D{As{AA{{DQ%}{AAs}Aasaa{BA{A}A}aaas}A}ADrarbaadr}araa{G}aaar,59.57795644250442
BACE_1191,O1c2c(cc(cc2)-c2ccccc2OC)C2(N=C(N)N(C)C2=O)CC1(C)C,5.7695513,C1(C)(C)Oc2ccc(-c3c(OC)cccc3)cc2C2(C(=O)N(C)C(N)=N2)C1,Brasa{aa{aas}_asaaaaasBA}As{D~A{D}D{A}As~B}AAr{A}A,59.57795644250442
BACE_1192,Clc1cc(cc(Cl)c1NC(=O)C(C)C)CNC(=[NH2+])NC(=O)Cn1c2c(cccc2)cc1,5.7644715,c1c2ccccc2n(CC(NC(NCc2cc(Cl)c(NC(=O)C(C)C)c(Cl)c2)=[NH2+])=O)c1,Zaraa{aa{Z}arDA{~B}A{A}A}ADA{~{DQs%}}DA{~B}Adrasa{aaaas}aar,59.641626385381834
BACE_1193,s1cc(cc1C1([NH2+]CC(O)C(NC(=O)C)Cc2cc(F)cc(F)c2)CCCCC1)CC,5.7594509,OC(C[NH2+]C1(c2scc(CC)c2)CCCCC1)C(Cc1cc(F)cc(F)c1)NC(C)=O,eraa{aarAr{{DQs%}AA{B}A{DA{~B}A}Aasaa{G}aa{G}as}AAAAAr}AA,59.704554318609595
BACE_1194,O=C(NC(C)C)c1ccc(cc1)-c1n(Cc2nc(N)ccc2)c(cc1)-c1ccccc1,5.7495799,c1cc(N)nc(Cn2c(-c3ccccc3)ccc2-c2ccc(C(=O)NC(C)C)cc2)c1,B~A{DA{A}A}araaa{aar}_ard{Aasda{D}aaas}a{aar}_araaaaar,59.828276907322326
BACE_1195,O1CC2(N=C1N)c1cc(ccc1Oc1c2cc(OC)cc1)-c1ccc(cc1)C,5.7495799,COc1ccc2c(c1)C1(c3cc(-c4ccc(C)cc4)ccc3O2)COC(N)=N1,BrAAs{D~ArD}araa{aaarBarasaa{BA}aar}_araaa{aar}A,59.828276907322326
BACE_1196,S(=O)(=O)(N(C)c1nc(N(CC2CC2C)C)cc(c1)C(=O)NC(C(O)CC(OC)COCc1ccc(OC)cc1)COc1cc(F)cc(F)c1)C,5.7447276,C(Oc1cc(F)cc(F)c1)C(C(O)CC(COCc1ccc(OC)cc1)OC)NC(=O)c1cc(N(CC2CC2C)C)nc(N(C)S(=O)(=O)C)c1,E{~B}{~B}{D{A}arda{D{AAsAAsA}A}aa{ar}A{~B}DA{A{B}AA{BA}ABAaraaa{BA}aar}ABaraa{G}aa{G}ar}A,59.889095377306205
BACE_1197,S1(=O)(=O)CC(Cc2ccc(O)cc2)C(O)C([NH2+]Cc2cc(ccc2)C(C)C)C1,5.7447276,[NH2+](C1C(O)C(Cc2ccc(O)cc2)CS(=O)(=O)C1)Cc1cccc(C(C)C)c1,Er{~B}{~B}AA{Aasaaa{B}aas}A{B}A{{DQs%}Aasaa{aaas}A{A}A}Ar,59.889095377306205
BACE_1198,S(=O)(=O)(N(C)c1cc(cc(c1)C(=O)NC(C)c1ccc(F)cc1)-c1onc(n1)C([NH3+])(Cc1ccccc1)C)C,5.7375488,n1c(C(C)([NH3+])Cc2ccccc2)nc(-c2cc(C(NC(C)c3ccc(F)cc3)=O)cc(N(S(=O)(=O)C)C)c2)o1,E{~B}{~B}{D{A}araa{aa{ar}A{~B}DA{A}araaa{G}aar}_arbda{dr}A{{DQt%}}{Aaraaaaar}A}A,59.979074074484906
BACE_1199,Fc1cc(cc(F)c1)CC(NC(=O)C)C(O)C[NH2+]C1(CCCCC1)c1nn(cc1)C(C)(C)C,5.7351823,c1(F)cc(CC(C(O)C[NH2+]C2(c3nn(C(C)(C)C)cc3)CCCCC2)NC(C)=O)cc(F)c1,Garaa{aa{G}ar}AA{DA{~B}A}A{B}A{DQs%}Ar{AAAAAr}ardd{aar}A{A}{A}A,60.00873565955113
BACE_1200,Clc1cc2CC(N=C(NC(Cc3cscc3-c3ccncc3)C(=O)[O-])c2cc1)(C)C,5.7328281,C1(NC(Cc2cscc2-c2ccncc2)C([O-])=O)=NC(C)(C)Cc2cc(Cl)ccc21,ZaraasAA{D~A{DA{Aataeaat_ataadaat}A{~B}{B_}}asaar}{A}A,60.038243077071904
BACE_1201,S(=O)(=O)(N(C)c1cc(cc(c1)C(=O)NC(C(O)CC(OC)COCC1CC1)COc1cc(F)cc(F)c1)C(=O)NC(C)c1ccccc1)C,5.7304869,C1(COCC(CC(C(NC(c2cc(C(=O)NC(c3ccccc3)C)cc(N(C)S(=O)(C)=O)c2)=O)COc2cc(F)cc(F)c2)O)OC)CC1,E{~B}{~B}{D{A}araa{aa{ar}A{~B}DA{A{B}AA{BA}ABAArAAr}ABaraa{G}aa{G}ar}A{~B}DA{A}araaaaar}A,60.06758755328447
BACE_1202,Fc1cc(cc(F)c1)CC(NC(=O)C)C(O)C[NH2+]C1(CC1)c1cc(N2C3CC(CC3)C2)ccc1,5.7212462,c1(CC(NC(=O)C)C(O)C[NH2+]C2(c3cccc(N4CC5CCC4C5)c3)CC2)cc(F)cc(F)c1,Garaa{aa{G}ar}AA{DA{~B}A}A{B}A{DQs%}Ar{AAr}araa{DsAtAA{AAt}As}aaar,60.18340999533874
BACE_1203,S(=O)(=O)(N(C)c1cc2cc(c1)C(=O)NC(c1cc(COCC(NC2=O)C(O)CC(C(C)C)C(=O)NCC(C)C)ccc1)CCCOC)C,5.7212462,c1c2cc(N(C)S(=O)(=O)C)cc1C(=O)NC(C(O)CC(C(C)C)C(=O)NCC(C)C)COCc1cccc(c1)C(CCCOC)NC2=O,E{~B}{~B}{D{A}araasaa{ar}A{~B}DA{araa{ABAA{DAs~B}A{B}AA{A{A}A}A{~B}DAA{A}A}aaar}AAABA}A,60.18340999533874
BACE_1204,Fc1ncccc1-c1cc2c(CC(CC23N=C(OC3)N)(C)C)cc1,5.7194219,C1(N)=NC2(CO1)c1cc(-c3c(F)nccc3)ccc1CC(C)(C)C2,Gardaaaar_araasa{AA{AAstD~A{BAt}D}{A}A}aar,60.20627567445825
BACE_1205,Clc1cc(-c2cc(ccc2)C2(N=C(OC2)N)c2ccc(OC)cc2)c(F)cc1,5.7099652,c1(OC)ccc(C2(c3cccc(-c4c(F)ccc(Cl)c4)c3)N=C(N)OC2)cc1,Zaraa{_asaa{aaas}As{D~A{BAs}D}asaaa{BA}aas}a{G}aar,60.324805449018044
BACE_1206,Fc1ncccc1-c1cc(ccc1)[C@@]1(N=C(N)N(C)C1=O)c1cn(nc1)CC,5.7077441,c1([C@]2(c3cnn(CC)c3)N=C(N)N(C)C2=O)cc(-c2c(F)nccc2)ccc1,Gardaaaar_araa{aaar}{A**}r{D~A{D}D{A}Ar~B}arad{dar}AA,60.35264459822176
BACE_1207,Clc1cc(cnc1)-c1cc2c(CC(CC23N=C(SC3)N)(C)C)cc1,5.7002749,c1c2c(cc(-c3cc(Cl)cnc3)c1)C1(N=C(N)SC1)CC(C)(C)C2,Zaraa{adar}_araasa{AA{AAstD~A{EAt}D}{A}A}aar,60.446263153546774
BACE_1208,Fc1cc(cc(F)c1)CC(NC(=O)c1cc(cc(c1)C(=O)N(CCC)CCC)CC(OC)COC)C(O)C[NH2+]Cc1cc(OC)ccc1,5.6989698,C(C(Cc1cc(F)cc(F)c1)NC(=O)c1cc(CC(OC)COC)cc(C(=O)N(CCC)CCC)c1)(C[NH2+]Cc1cccc(OC)c1)O,Garaa{aa{G}ar}AA{DA{~B}araa{aa{ar}A{~B}D{AAA}AAA}AA{BA}ABA}A{B}A{DQs%}Aaraa{BA}aaar,60.46262120749561
BACE_1209,S1CC(N=C(N)C1)(C)c1cc(ccc1)-c1cc(OC)ccc1,5.6989698,C1C(N)=NC(C)(c2cc(-c3cccc(OC)c3)ccc2)CS1,ErAA{D~A{D}Ar}{A}araa{aaar}_araa{BA}aaar,60.46262120749561
BACE_1210,S1CCC(N=C1N)(C)c1cc(ccc1)-c1cc(OC)ccc1,5.6989698,c1c(C2(C)CCSC(N)=N2)cc(-c2cccc(OC)c2)cc1,ErAAA{D~ArD}{A}araa{aaar}_araa{BA}aaar,60.46262120749561
BACE_1211,Clc1ccc(cc1)-c1cc2c(Oc3c(cc(OC)cc3)C23N=C(OC3)N)cc1,5.6946487,c1c(-c2cc3c(cc2)Oc2ccc(OC)cc2C32COC(N)=N2)ccc(Cl)c1,Zaraaa{aar}_araasa{Bata{aa{BA}aat}AstD~A{BAt}D}aar,60.5167816449474
BACE_1212,Clc1ccc(nc1)C(=O)Nc1cc(ccc1)C1(N=C(OC1)N)C,5.6946487,C1(N)=NC(C)(c2cc(NC(=O)c3ncc(Cl)cc3)ccc2)CO1,Zaraaa{dar}A{~B}Daraa{aaar}Ar{D~A{BAr}D}A,60.5167816449474
BACE_1213,S(=O)(=O)(N(C)c1cc(cc(c1)C(=O)NC(C(O)CC(OC)COCC=C)COc1cc(F)cc(F)c1)C(=O)NC(C)c1ccccc1)C,5.6925039,c1c(F)cc(OCC(NC(=O)c2cc(N(C)S(=O)(C)=O)cc(C(=O)NC(C)c3ccccc3)c2)C(O)CC(OC)COCC=C)cc1F,E{~B}{~B}{D{A}araa{aa{ar}A{~B}DA{A{B}AA{BA}ABAA~A}ABaraa{G}aa{G}ar}A{~B}DA{A}araaaaar}A,60.543664454011434
BACE_1214,S(=O)(=O)(N(C)c1cc(cc(c1)C(=O)NC(C)c1ccc(F)cc1)-c1nc(on1)C([NH3+])(Cc1ccccc1)C)C,5.6861329,n1c(C(C)([NH3+])Cc2ccccc2)onc1-c1cc(N(C)S(=O)(=O)C)cc(C(NC(c2ccc(F)cc2)C)=O)c1,E{~B}{~B}{D{A}araa{aa{ar}A{~B}DA{A}araaa{G}aar}_arda{bdr}A{{DQt%}}{Aaraaaaar}A}A,60.62351822897739
BACE_1215,Clc1cc(ccc1)-c1cc(ccc1)C1(N=C(OC1)N)c1ccc(OC)cc1,5.6861329,c1(-c2cccc(C3(c4ccc(OC)cc4)N=C(N)OC3)c2)cc(Cl)ccc1,Zaraa{aaar}_araa{aaar}Ar{D~A{BAr}D}araaa{BA}aar,60.62351822897739
BACE_1216,O=C1N(Cc2ccc(cc2)CNC(=O)NCCCC)C(NC1(CC1CCCCC1)CC1CCCCC1)=N,5.6777806,C(NC(=O)NCc1ccc(CN2C(=N)NC(CC3CCCCC3)(CC3CCCCC3)C2=O)cc1)CCC,B~ArD{Aasaaa{aas}ADA{~B}DAAAA}A{DAr{AArAAAAAr}AArAAAAAr}~D,60.728205512708044
BACE_1217,Fc1cc(cc(F)c1)CC(NC(=O)C)C(O)C[NH2+]C1(CCCCC1)c1cc(ccc1)CC(C)(C)C,5.6777806,C1C([NH2+]CC(O)C(Cc2cc(F)cc(F)c2)NC(=O)C)(c2cccc(CC(C)(C)C)c2)CCCC1,Garaa{aa{G}ar}AA{DA{~B}A}A{B}A{DQs%}Ar{AAAAAr}araa{aaar}AA{A}{A}A,60.728205512708044
BACE_1218,O(C)c1ccc(cc1)C1(N=C(C(C)C)C(=N1)N)c1cc(ccc1)-c1cncnc1,5.6777806,NC1=NC(c2ccc(OC)cc2)(c2cc(-c3cncnc3)ccc2)N=C1C(C)C,B{A}araaa{aar}Ar{D~A{A{A}A}A{~Dr}D}araa{aaar}_aradadar,60.728205512708044
BACE_1219,Clc1cnccc1-c1cc2c(Oc3c(cc(OC)cc3)C23N=C(OC3)N)cc1,5.6757174,O1C(N)=NC2(C1)c1cc(OC)ccc1Oc1ccc(-c3ccncc3Cl)cc12,Zaradaaar_araasa{Bata{aa{BA}aat}AstD~A{BAt}D}aar,60.75406555171444
BACE_1220,s1ccnc1N1S(=O)(=O)N(C2(CC([NH+](CC2)Cc2cc(OC(C)C)ccc2)C)C1)c1cc(F)ccc1,5.6575775,O(c1cccc(C[NH+]2CCC3(N(c4cccc(F)c4)S(=O)(=O)N(c4nccs4)C3)CC2C)c1)C(C)C,eraadarDrE{~B}{~B}D{As{AA{{DQ%}{AAs}Aasaa{BA{A}A}aaas}A}Ar}araa{G}aaar,60.981430092995986
BACE_1221,Clc1ccc(cc1)C1(N=C(N)N(C)C1=O)c1ccccc1,5.6478176,NC1=NC(c2ccccc2)(c2ccc(Cl)cc2)C(=O)N1C,Zaraaa{aar}Ar{D~A{D}D{A}Ar~B}araaaaar,61.103760160220936
BACE_1222,O=C(NCC)c1ccc(cc1)-c1n(Cc2nc(N)ccc2)c(cc1)-c1ccccc1,5.6478176,c1ccc(N)nc1Cn1c(-c2ccc(C(=O)NCC)cc2)ccc1-c1ccccc1,B~A{DAA}araaa{aar}_ard{Aasda{D}aaas}a{aar}_araaaaar,61.103760160220936
BACE_1223,S1(=O)(=O)CC(Cc2cc(OCCC)ccc2)C(O)C([NH2+]Cc2cc(ccc2)C(C)C)C1,5.6382723,C(C1CS(=O)(=O)CC([NH2+]Cc2cc(C(C)C)ccc2)C1O)c1cccc(OCCC)c1,Er{~B}{~B}AA{Aasaa{BAAA}aaas}A{B}A{{DQs%}Aasaa{aaas}A{A}A}Ar,61.223400442465866
BACE_1224,S1(=O)(=O)N(C2(CC([NH+](CC2)Cc2cc(OC(C)C)ccc2)C)CN1C(C)C)c1cc(F)ccc1,5.6382723,CC(C)N1S(=O)(=O)N(c2cc(F)ccc2)C2(CC(C)[NH+](Cc3cccc(OC(C)C)c3)CC2)C1,Er{~B}{~B}D{As{AA{{DQ%}{AAs}Aasaa{BA{A}A}aaas}A}ADrA{A}A}araa{G}aaar,61.223400442465866
BACE_1225,O(C(C)(C)C)C(=O)N[C@@H](CC(C)C)C(=O)N[C@@H](Cc1ccccc1)C(=O)N[C@H]([C@@H](O)C[C@H](C(=O)NCC(C)C)C)CC(C)C,5.6363878,C[C@@H](C(NCC(C)C)=O)C[C@@H]([C@H](CC(C)C)NC([C@@H](NC(=O)[C@@H](NC(OC(C)(C)C)=O)CC(C)C)Cc1ccccc1)=O)O,B{A{A}{A}A}A{~B}D{A**Q}{AA{A}A}A{~B}D{A**Q}{Aaraaaaar}A{~B}D{A*Q}{{A**Q}{B}A{A*Q}{A{~B}DAA{A}A}A}AA{A}A,61.24702066518182
BACE_1226,O1c2c(cc(cc2)-c2ncccc2)C2(N=C(N)N(C)C2=O)CC1(C)C,5.6265364,O=C1C2(c3c(ccc(-c4ncccc4)c3)OC(C)(C)C2)N=C(N)N1C,Brasa{aa{aas}_asdaaaas}As{D~A{D}D{A}As~B}AAr{A}A,61.370497588537575
BACE_1227,Fc1cc(cc(F)c1)CC(NC(=O)C)C(O)C[NH2+]C1(CCOC1)c1cc(-n2nccc2)ccc1,5.6197886,OC(C[NH2+]C1(c2cccc(-n3nccc3)c2)COCC1)C(Cc1cc(F)cc(F)c1)NC(=O)C,Garaa{aa{G}ar}AA{DA{~B}A}A{B}A{DQs%}Ar{AABAr}araa{_dsdaaas}aaar,61.45507415465203
BACE_1228,Fc1cc(cc(F)c1)CC(NC(=O)C)C(O)C[NH2+]C1(CC1)c1cc(N2C3CC(OC3)C2)ccc1,5.6197886,C1C2N(c3cc(C4([NH2+]CC(O)C(NC(=O)C)Cc5cc(F)cc(F)c5)CC4)ccc3)CC(C2)O1,Garaa{aa{G}ar}AA{DA{~B}A}A{B}A{DQs%}Ar{AAr}araa{DsAtAA{BAt}As}aaar,61.45507415465203
BACE_1229,Fc1cc(cc(F)c1)CC(NC(=O)C)C(O)C[NH2+]C1(CCCCC1)c1ncnc(c1)C(C)(C)C,5.6143937,C1CCCC(c2ncnc(C(C)(C)C)c2)([NH2+]CC(O)C(Cc2cc(F)cc(F)c2)NC(=O)C)C1,Garaa{aa{G}ar}AA{DA{~B}A}A{B}A{DQs%}Ar{AAAAAr}ardada{ar}A{A}{A}A,61.522693544161335
BACE_1230,Clc1cc2CC(N=C(NC(Cc3cscc3C3CC3)C(=O)[O-])c2cc1)(C)C,5.6143937,CC1(C)Cc2c(ccc(Cl)c2)C(NC(C(=O)[O-])Cc2c(C3CC3)csc2)=N1,ZaraasAA{D~A{DA{AataeaatAtAAt}A{~B}{B_}}asaar}{A}A,61.522693544161335
BACE_1231,Clc1ccccc1-c1n(Cc2nc(N)ccc2)c(cc1)-c1ccc(OC)cc1,5.6108341,c1cc(-c2n(Cc3cccc(N)n3)c(-c3ccc(OC)cc3)cc2)c(Cl)cc1,Zaraaaaar_ard{Aasda{D}aaas}a{aar}_araaa{BA}aar,61.567309381136496
BACE_1232,Clc1cc(ccc1)C1(N=C(N)N(C)C1=O)c1ccccc1,5.6020598,c1cccc(C2(c3cccc(Cl)c3)C(=O)N(C)C(N)=N2)c1,Zaraa{aaar}Ar{D~A{D}D{A}Ar~B}araaaaar,61.67728599041035
BACE_1233,Brc1cc(ccc1)[C@]1([NH+]=C(N2C1=NCCC2)N)c1ccc(OC(F)(F)F)cc1,5.5850267,FC(F)(Oc1ccc([C@@]2(c3cc(Br)ccc3)C3=NCCCN3C(N)=[NH+]2)cc1)F,Yaraa{aaar}{A*}r{{DQ%}~A{DsAr~DAAAs}D}araaa{BA{G}{G}G}aar,61.89077795939048
BACE_1234,n1cc(cnc1)-c1cc(ccc1)C1(N=C(C)C(=N1)N)Cc1ccccc1,5.5850267,N1=C(C)C(N)=NC1(c1cccc(-c2cncnc2)c1)Cc1ccccc1,draa{adar}_araa{aaar}Ar{D~A{A}A{~Dr}D}Aaraaaaar,61.89077795939048
BACE_1235,O=C(N[C@@H](Cc1ccc([N+](=O)[O-])cc1)C(=O)N[C@H]([C@@H](O)C[C@H](C(=O)NCC(C)C)C)CC(C)C)c1ccc([N+](=O)[O-])cc1,5.5783958,N(C([C@@H](NC(=O)c1ccc([N+](=O)[O-])cc1)Cc1ccc([N+](=O)[O-])cc1)=O)[C@@H](CC(C)C)[C@H](C[C@H](C(=O)NCC(C)C)C)O,B~A{D{A**Q}{Aaraaa{{D%}{~B}{B_}}aar}A{~B}D{A*Q}{{A**Q}{B}A{A*Q}{A{~B}DAA{A}A}A}AA{A}A}araaa{{D%}{~B}{B_}}aar,61.9738893071258
BACE_1236,O=C1N(C)C(=NC1(c1ccccc1)c1ccncc1)N,5.5718651,N1=C(N)N(C)C(=O)C1(c1ccncc1)c1ccccc1,B~ArD{A}A{~DAr{araaaaar}araadaar}D,62.05574475339327
BACE_1237,OC(C(NC(=O)C1CC(CCC1)C1(NC(=O)C)CCCC1)Cc1ccccc1)CC(C(=O)NCCCC)C,5.5686364,C1CC(C2CCCC(C(=O)NC(Cc3ccccc3)C(O)CC(C(NCCCC)=O)C)C2)(NC(C)=O)CC1,BA{A{DA{~B}ArAA{AAAr}Ar{DA{~B}A}AAAAr}Aaraaaaar}AA{A{~B}DAAAA}A,62.09621310737735
BACE_1238,Clc1cc2CC(N=C(NC(Cc3ccccc3)C=3NC(=O)C=CN=3)c2cc1)(C)C,5.5670309,c1c2c(cc(Cl)c1)CC(C)(C)N=C2NC(Cc1ccccc1)c1[nH]c(=O)ccn1,ZaraasAA{D~A{DA{Aataaaaat}A~tDA{~B}A~AD~t}asaar}{A}A,62.11633635894035
BACE_1239,S1(=O)(=O)CC(Cc2cc3c([nH]cc3)cc2)C(O)C([NH2+]Cc2cc(ccc2)C(C)(C)C)C1,5.5606675,c12cc[nH]c1ccc(CC1C(O)C([NH2+]Cc3cccc(C(C)(C)C)c3)CS(=O)(=O)C1)c2,Er{~B}{~B}AA{Aasaata{{dQ}aat}aas}A{B}A{{DQs%}Aasaa{aaas}A{A}{A}A}Ar,62.19609487591073
BACE_1240,FC(F)(F)Oc1cc(ccc1)-c1cc2c(Oc3c(cc(OC)cc3)C23N=C(OC3)N)cc1,5.5590911,c1cc(OC(F)(F)F)cc(-c2ccc3c(c2)C2(N=C(N)OC2)c2c(ccc(OC)c2)O3)c1,GA{G}{G}Baraa{aaar}_araasa{Bata{aa{BA}aat}AstD~A{BAt}D}aar,62.21585338962228
BACE_1241,Brc1cc(ccc1OC)CC1CS(=O)(=O)CC([NH2+]Cc2cc(ccc2)C(C)C)C1O,5.5528421,C1([NH2+]Cc2cccc(C(C)C)c2)CS(=O)(=O)CC(Cc2ccc(OC)c(Br)c2)C1O,Yaraa{aaarBA}AArAE{~B}{~B}AA{{DQs%}Aasaa{aaas}A{A}A}ArB,62.294178023080484
BACE_1242,Clc1cc2CC(N=C(NC(Cc3ccccc3)C(=O)[O-])c2cc1)(C)C,5.5466819,O=C([O-])C(Cc1ccccc1)NC1=NC(C)(C)Cc2c1ccc(Cl)c2,ZaraasAA{D~A{DA{Aataaaaat}A{~B}{B_}}asaar}{A}A,62.37138964206419
BACE_1243,O=C1N(C)C(=N[C@]1(C1CCCCC1)c1cc(NC(=O)CCC)ccc1)N,5.545155,C1CCCC([C@@]2(c3cccc(NC(CCC)=O)c3)C(=O)N(C)C(N)=N2)C1,B~ArD{A}A{~D{A*}r{ArAAAAAr}araa{DA{~B}AAA}aaar}D,62.390527725409896
BACE_1244,O1c2c(cc(cc2)-c2cc(OC(C)C)ccc2)C2(N=C(N)N(C)C2=O)CC1(C)C,5.5430269,O(C(C)C)c1cc(-c2cc3c(cc2)OC(C)(C)CC32N=C(N)N(C)C2=O)ccc1,Brasa{aa{aas}_asaa{BA{A}A}aaas}As{D~A{D}D{A}As~B}AAr{A}A,62.41720121756263
BACE_1245,Clc1cc2CC(N=C(NC(Cc3ccsc3)C(=O)[O-])c2cc1)(C)C,5.5376019,c1c(CC(NC2=NC(C)(C)Cc3c2ccc(Cl)c3)C(=O)[O-])csc1,ZaraasAA{D~A{DA{Aataaeat}A{~B}{B_}}asaar}{A}A,62.48519787887015
BACE_1246,O=C1N(C)C(=NC(C1)(C)C1CC1c1cc(ccc1)\C=C\c1ccccc1)N,5.5376019,c1(/C=C/c2cc(C3C(C4(C)N=C(N)N(C)C(=O)C4)C3)ccc2)ccccc1,B~ArD{A}A{~DA{Ar}{A}ArAAraraa{aaar}!A~A!araaaaar}D,62.48519787887015
BACE_1247,O=C1N(Cc2ccc(cc2)CNC(=O)NCCCC)C(NC1(CCC1CCCCC1)CC(C)C)=N,5.5228786,N1C(=N)N(Cc2ccc(CNC(NCCCC)=O)cc2)C(=O)C1(CCC1CCCCC1)CC(C)C,B~ArD{Aasaaa{aas}ADA{~B}DAAAA}A{DAr{AAArAAAAAr}AA{A}A}~D,62.66973893756676
BACE_1248,O=C(NCCC)c1ccc(cc1)-c1n(Cc2nc(N)ccc2)c(cc1)-c1ccccc1,5.5228786,C(n1c(-c2ccc(C(NCCC)=O)cc2)ccc1-c1ccccc1)c1cccc(N)n1,B~A{DAAA}araaa{aar}_ard{Aasda{D}aaas}a{aar}_araaaaar,62.66973893756676
BACE_1249,O=C(NCCCC)c1ccc(cc1)-c1n(Cc2nc(N)ccc2)c(cc1)-c1ccccc1,5.5228786,c1c(C(=O)NCCCC)ccc(-c2n(Cc3nc(N)ccc3)c(-c3ccccc3)cc2)c1,B~A{DAAAA}araaa{aar}_ard{Aasda{D}aaas}a{aar}_araaaaar,62.66973893756676
BACE_1250,s1cc(cc1C(=O)CC)[C@]1(N=C(N)N(C)C1=O)c1cc(ccc1)-c1cccnc1F,5.5228786,C(C)C(c1cc([C@@]2(c3cccc(-c4cccnc4F)c3)N=C(N)N(C)C2=O)cs1)=O,eraa{aarA{~B}AA}{A*}r{D~A{D}D{A}Ar~B}araa{aaar}_araaadarG,62.66973893756676
BACE_1251,O1CCC(CC1)C1(N=C(C)C(=N1)N)c1cc(ccc1)-c1cc(OC)ccc1,5.5228786,c1c(OC)cc(-c2cccc(C3(C4CCOCC4)N=C(N)C(C)=N3)c2)cc1,BrAAA{AAr}Ar{D~A{A}A{~Dr}D}araa{aaar}_araa{BA}aaar,62.66973893756676
BACE_1252,s1cc(nc1CC(C)(C)C)C1([NH2+]CC(O)C(NC(=O)C)Cc2cc(F)cc(F)c2)CC1,5.5157003,C(C)(C)(C)Cc1scc(C2([NH2+]CC(O)C(NC(C)=O)Cc3cc(F)cc(F)c3)CC2)n1,eraa{darAA{A}{A}A}Ar{{DQs%}AA{B}A{DA{~B}A}Aasaa{G}aa{G}as}AAr,62.759711367772084
BACE_1253,O(C)c1ccc(cc1)C1(N=C(N)N(C)C1=O)c1ccccc1,5.5086384,c1(OC)ccc(C2(c3ccccc3)N=C(N)N(C)C2=O)cc1,B{A}araaa{aar}Ar{D~A{D}D{A}Ar~B}araaaaar,62.84822484657165
BACE_1254,S(=O)(=O)(n1cc(c2c1cccc2)C(=O)NC(Cc1ccccc1)C(O)C[NH2+]Cc1cc(OC)ccc1)CCCC,5.5086384,CCCCS(n1cc(C(=O)NC(C(O)C[NH2+]Cc2cccc(OC)c2)Cc2ccccc2)c2ccccc12)(=O)=O,E{~B}{~B}{draa{asaraaaas}A{~B}DA{Aaraaaaar}A{B}A{DQs%}Aaraa{BA}aaar}AAAA,62.84822484657165
BACE_1255,S(=O)(=O)(N(C)c1cc2cc(c1)C(=O)NC(COCc1cc(ccc1)C(NC2=O)c1ccc(OC)cc1)C(O)CC(C(C)C)C(=O)NCC(C)C)C,5.5086384,c1cc(C2NC(=O)c3cc(N(C)S(=O)(C)=O)cc(c3)C(=O)NC(C(CC(C(C)C)C(NCC(C)C)=O)O)COCc3cc2ccc3)ccc1OC,E{~B}{~B}{D{A}araasaa{ar}A{~B}DA{ABAaraa{aaar}A{DAs~B}araaa{BA}aar}A{B}AA{A{A}A}A{~B}DAA{A}A}A,62.84822484657165
BACE_1256,S1(=O)(=O)N(C2(CC([NH+](CC2)Cc2cc(OC(C)C)ccc2)C)CN1c1cccnc1)c1cc(F)ccc1,5.5086384,c1cc(N2S(=O)(=O)N(c3cccc(F)c3)C3(CC[NH+](Cc4cc(OC(C)C)ccc4)C(C)C3)C2)cnc1,Er{~B}{~B}D{As{AA{{DQ%}{AAs}Aasaa{BA{A}A}aaas}A}ADraraaadar}araa{G}aaar,62.84822484657165
BACE_1257,O1CC(N=C(N)C1)(C)c1cc(ccc1)-c1cc(OC)ccc1,5.4948502,c1(OC)cc(-c2cccc(C3(C)N=C(N)COC3)c2)ccc1,BrAA{D~A{D}Ar}{A}araa{aaar}_araa{BA}aaar,63.021045411629785
BACE_1258,O(C)C1CC(N=C1N)(c1cc(ccc1)-c1cccnc1)c1ccc(OC)cc1,5.4948502,c1cc(-c2cnccc2)cc(C2(c3ccc(OC)cc3)CC(OC)C(N)=N2)c1,B{A}ArAA{D~ArD}{araa{aaar}_araaadar}araaa{BA}aar,63.021045411629785
BACE_1259,Clc1cc(-c2cc3c(Oc4c(cc(OC)cc4)C34N=C(OC4)N)cc2)c(F)cc1C,5.493495,N1=C(N)OCC12c1c(ccc(OC)c1)Oc1ccc(-c3cc(Cl)c(C)cc3F)cc12,Zaraa{_asaata{Baua{aa{BA}aau}AtuD~A{BAu}D}aas}a{G}aarA,63.03803141631254
BACE_1260,Clc1ccc(nc1)C(=O)Nc1cc(ccc1)C12N=C(OC1COCC2)N,5.4814858,c1(Cl)ccc(C(=O)Nc2cccc(C34C(OC(N)=N3)COCC4)c2)nc1,Zaraaa{dar}A{~B}Daraa{aaar}ArsD~A{BArABAAs}D,63.18855409004054
BACE_1261,O(C)c1cc(ccc1)-c1cc(ccc1)C1CC1C1(N=C(N)N(C)C(=O)C1)C,5.4814858,COc1cccc(-c2cccc(C3C(C4(C)N=C(N)N(C)C(=O)C4)C3)c2)c1,B{A}araa{aaar}_araa{aaar}ArAArAr{D~A{D}D{A}A{~B}Ar}A,63.18855409004054
BACE_1262,Clc1cc2CC(N=C(NC(Cc3ccccc3)C=3NC(=O)NN=3)c2cc1)(C)C,5.4723701,c1c(CC(NC2=NC(C)(C)Cc3c2ccc(Cl)c3)c2n[nH]c(=O)[nH]2)cccc1,ZaraasAA{D~A{DA{Aataaaaat}A~tDA{~B}DD~t}asaar}{A}A,63.30280978874672
BACE_1263,Brc1cc(ccc1)C1(N=C(N2C1=NCC(F)(F)C2)N)c1ccc(OC)cc1,5.4699998,c1c(C2(c3ccc(OC)cc3)C3=NCC(F)(F)CN3C(N)=N2)cc(Br)cc1,Yaraa{aaar}Ar{D~A{DsAr~DAA{G}{G}As}D}araaa{BA}aar,63.33251900281073
BACE_1264,O=C1N(C)C(=NC1(c1ccccc1)c1ccccc1)N,5.4685211,c1(C2(c3ccccc3)C(=O)N(C)C(N)=N2)ccccc1,B~ArD{A}A{~DAr{araaaaar}araaaaar}D,63.351052949921396
BACE_1265,O=C(NC1CCC1)c1ccc(cc1)-c1n(Cc2nc(N)ccc2)c(cc1)-c1ccccc1,5.4685211,c1cc(-c2n(Cc3nc(N)ccc3)c(-c3ccccc3)cc2)ccc1C(=O)NC1CCC1,B~A{DArAAAr}araaa{aar}_ard{Aasda{D}aaas}a{aar}_araaaaar,63.351052949921396
BACE_1266,O(C)c1cc(ccc1)C1(N=C(N)N(C)C1=O)c1ccccc1,5.4596705,C1(c2cc(OC)ccc2)(c2ccccc2)C(=O)N(C)C(N)=N1,B{A}araa{aaar}Ar{D~A{D}D{A}Ar~B}araaaaar,63.461985899334934
BACE_1267,S(=O)(=O)(N(c1cc(C(=O)NC(Cc2ccccc2)C(O)C[NH2+]Cc2cc(ccc2)C(F)(F)F)c(cc1)C)c1ccccc1)C,5.4596705,C(NC(=O)c1cc(N(c2ccccc2)S(C)(=O)=O)ccc1C)(Cc1ccccc1)C(O)C[NH2+]Cc1cc(C(F)(F)F)ccc1,E{~B}{~B}{D{araa{A{~B}DA{Aasaaaaas}A{B}A{DQs%}Aasaa{aaas}A{G}{G}G}a{aar}A}araaaaar}A,63.461985899334934
BACE_1268,O(C)c1cc(ccc1)-c1cc(ccc1)C1(N=C(C)C(=N1)N)C,5.4559321,c1c(-c2cccc(OC)c2)cc(C2(C)N=C(N)C(C)=N2)cc1,B{A}araa{aaar}_araa{aaar}Ar{D~A{A}A{~Dr}D}A,63.50884280599522
BACE_1269,S(=O)(=O)(N(C)c1cc(cc(c1)C(=O)NC(C(O)CC(C(=O)NC(C(C)C)C(=O)NCc1ccc(F)cc1)C)COCc1cc(F)cc(F)c1)C(=O)NC(C)c1ccccc1)C,5.4436975,c1cc(F)ccc1CNC(=O)C(C(C)C)NC(C(CC(C(COCc1cc(F)cc(F)c1)NC(=O)c1cc(C(NC(C)c2ccccc2)=O)cc(N(C)S(C)(=O)=O)c1)O)C)=O,E{~B}{~B}{D{A}araa{aa{ar}A{~B}DA{A{B}AA{A{~B}DA{A{A}A}A{~B}DAaraaa{G}aar}A}ABAaraa{G}aa{G}ar}A{~B}DA{A}araaaaar}A,63.66219063132851
BACE_1270,S(=O)(=O)(N(c1ccccc1)c1nc(ccc1)C(=O)NC(Cc1ccccc1)C(O)C[NH2+]Cc1cc(ccc1)C(F)(F)F)C,5.4400935,O=C(NC(C(O)C[NH2+]Cc1cccc(C(F)(F)F)c1)Cc1ccccc1)c1cccc(N(c2ccccc2)S(C)(=O)=O)n1,E{~B}{~B}{D{araaaaar}arda{aaar}A{~B}DA{Aaraaaaar}A{B}A{DQs%}Aaraa{aaar}A{G}{G}G}A,63.70736297554092
BACE_1271,S(=O)(=O)(N(C)c1cc2cc(c1)C(=O)NC(COCc1cc(ccc1)C(NC2=O)c1ccccc1)C(O)CC(C(C)C)C(=O)NCC(C)C)C,5.4317985,c1c2cccc1COCC(C(O)CC(C(C)C)C(NCC(C)C)=O)NC(=O)c1cc(cc(N(C)S(=O)(C)=O)c1)C(=O)NC2c1ccccc1,E{~B}{~B}{D{A}araasaa{ar}A{~B}DA{ABAaraa{aaar}A{DAs~B}araaaaar}A{B}AA{A{A}A}A{~B}DAA{A}A}A,63.811332064120805
BACE_1272,FC(F)(F)c1ccc(cc1)\C=C\C(=O)N[C@@H](Cc1ccc([N+](=O)[O-])cc1)C(=O)N[C@H]([C@@H](O)C[C@H](C(=O)NCC(C)C)C)CC(C)C,5.421361,c1(/C=C/C(N[C@@H](Cc2ccc([N+]([O-])=O)cc2)C(=O)N[C@@H](CC(C)C)[C@@H](O)C[C@H](C(NCC(C)C)=O)C)=O)ccc(C(F)(F)F)cc1,GA{G}{G}araaa{aar}!A~A!A{~B}D{A**Q}{Aaraaa{{D%}{~B}{B_}}aar}A{~B}D{A*Q}{{A**Q}{B}A{A*Q}{A{~B}DAA{A}A}A}AA{A}A,63.94215513368714
BACE_1273,O(C)c1cc(ccc1OC)C(=O)N[C@@H](Cc1ccc([N+](=O)[O-])cc1)C(=O)N[C@H]([C@@H](O)C[C@H](C(=O)NCC(C)C)C)CC(C)C,5.419075,C([C@@H](C[C@@H]([C@@H](NC([C@@H](NC(=O)c1ccc(OC)c(OC)c1)Cc1ccc([N+](=O)[O-])cc1)=O)CC(C)C)O)C)(NCC(C)C)=O,B{A}araa{aaarBA}A{~B}D{A**Q}{Aaraaa{{D%}{~B}{B_}}aar}A{~B}D{A*Q}{{A**Q}{B}A{A*Q}{A{~B}DAA{A}A}A}AA{A}A,63.97080773603718
BACE_1274,Fc1ccc(F)cc1-c1cc(ccc1)[C@@]1(N=C(N)N(C)C1=O)c1ccncc1,5.419075,NC1=N[C@](c2cc(-c3cc(F)ccc3F)ccc2)(c2ccncc2)C(=O)N1C,Garaaa{G}aar_araa{aaar}{A**}r{D~A{D}D{A}Ar~B}araadaar,63.97080773603718
BACE_1275,O1CC2(N=C1N)c1cc(ccc1Oc1c2cc(OC)cc1)-c1ccncc1,5.4089355,c1cc2c(cc1OC)C1(c3cc(-c4ccncc4)ccc3O2)COC(N)=N1,BrAAs{D~ArD}araa{aaarBarasaa{BA}aar}_araadaar,64.09789568946164
BACE_1276,S(CCC(NC(=O)C(NC(=O)C)C)C(=O)NC(C(O)CC(C(=O)NCCCC)C)CC(C)C)C,5.3979402,CC(=O)NC(C(=O)NC(CCSC)C(NC(C(CC(C(NCCCC)=O)C)O)CC(C)C)=O)C,E{AAA{DA{~B}A{DA{~B}A}A}A{~B}DA{A{B}AA{A{~B}DAAAA}A}AA{A}A}A,64.23571019454452
BACE_1277,Fc1cc(cc(F)c1)CC(NC(=O)C)C(O)C[NH2+]C1(CC1)c1cc(ccc1)C1OCCOC1,5.3979402,OC(C(Cc1cc(F)cc(F)c1)NC(=O)C)C[NH2+]C1(c2cc(C3OCCOC3)ccc2)CC1,Garaa{aa{G}ar}AA{DA{~B}A}A{B}A{DQs%}Ar{AAr}araa{aaar}ArBAABAr,64.23571019454452
BACE_1278,S(=O)(=O)(C)c1ccc(cc1)-c1ccccc1C1C[NH2+]CC1C(=O)N1CCOCC1c1ccccc1,5.3979402,S(=O)(C)(=O)c1ccc(-c2c(C3C[NH2+]CC3C(=O)N3C(c4ccccc4)COCC3)cccc2)cc1,E{~B}{~B}{A}araaa{aar}_araaaaarArA{DQs%}AArA{~B}DrAABAAraraaaaar,64.23571019454452
BACE_1279,O=C(N1CCC(CC1)c1ccccc1)C1C[NH2+]CC12CCCc1c2cccc1,5.3979402,C1C2(c3ccccc3CC1)C(C(N1CCC(c3ccccc3)CC1)=O)C[NH2+]C2,B~A{DrAAA{AAr}araaaaar}ArA{DQs%}AArsAAAarasaaaar,64.23571019454452
BACE_1280,S1(=O)(=O)N(C2(CC([NH+](CC2)Cc2cc(OC(C)C)ccc2)C)CN1c1ccncc1)c1cc(F)ccc1,5.3979402,c1c(F)cc(N2S(=O)(=O)N(c3ccncc3)CC23CC(C)[NH+](Cc2cccc(OC(C)C)c2)CC3)cc1,Er{~B}{~B}D{As{AA{{DQ%}{AAs}Aasaa{BA{A}A}aaas}A}ADraraadaar}araa{G}aaar,64.23571019454452
BACE_1281,Fc1cc(cnc1)-c1cc(ccc1)C1(N=C(N)C2N1CCCC2)C,5.3979402,c1c(C2(C)N3CCCCC3C(N)=N2)cc(-c2cncc(F)c2)cc1,Garaa{adar}_araa{aaar}Ar{D~A{D}AsDrAAAAs}A,64.23571019454452
BACE_1282,Clc1ccc(nc1)C(=O)Nc1cc2c(CCC23N=C(SC3)N)cc1,5.3979402,S1CC2(N=C1N)c1cc(NC(c3ccc(Cl)cn3)=O)ccc1CC2,Zaraaa{dar}A{~B}Daraasa{AAAstD~A{EAt}D}aar,64.23571019454452
BACE_1283,O=C1N(C)C(=NC(C1)(C)C1CC1c1cc(ccc1)CCc1ccccc1)N,5.3979402,c1c(C2C(C3(C)N=C(N)N(C)C(=O)C3)C2)cccc1CCc1ccccc1,B~ArD{A}A{~DA{Ar}{A}ArAAraraa{aaar}AAaraaaaar}D,64.23571019454452
BACE_1284,s1c(ccc1C(C)C)C1([NH2+]CC(O)C(NC(=O)C)Cc2cc(F)cc(F)c2)CCCCC1,5.3968558,C(C)(c1ccc(C2([NH2+]CC(O)C(Cc3cc(F)cc(F)c3)NC(C)=O)CCCCC2)s1)C,era{aaarA{A}A}Ar{{DQs%}AA{B}A{DA{~B}A}Aasaa{G}aa{G}as}AAAAAr,64.24930200643796
BACE_1285,OC(C(NC(=O)C1CC(CCC1)C(NC(=O)C)(C)C)Cc1ccccc1)C[NH2+]Cc1cc(ccc1)C(C)C,5.3767509,C1(C(C)(NC(=O)C)C)CC(C(NC(C(C[NH2+]Cc2cccc(C(C)C)c2)O)Cc2ccccc2)=O)CCC1,BA{A{DA{~B}ArAA{AAAr}A{DA{~B}A}{A}A}Aaraaaaar}A{DQs%}Aaraa{aaar}A{A}A,64.50129575315164
BACE_1286,Brc1cc(ccc1O)CC1CS(=O)(=O)CC([NH2+]Cc2cc(Cl)cc(Cl)c2)C1O,5.3767509,Brc1c(O)ccc(CC2C(O)C([NH2+]Cc3cc(Cl)cc(Cl)c3)CS(=O)(=O)C2)c1,Yaraa{aaarB}AArAE{~B}{~B}AA{{DQs%}Aasaa{Z}aa{Z}as}ArB,64.50129575315164
BACE_1287,O(C)c1cc(ccc1)-c1cc(ccc1)CCC=1N=C(N)N(C)C(=O)C=1,5.3767509,O=c1cc(CCc2cc(-c3cc(OC)ccc3)ccc2)nc(N)n1C,B{A}araa{aaar}_araa{aaar}AAA~rD~A{D}D{A}A{~B}A~r,64.50129575315164
BACE_1288,Clc1cc(Cl)ccc1C(=O)N[C@@H](Cc1ccc([N+](=O)[O-])cc1)C(=O)N[C@H]([C@@H](O)C[C@H](C(=O)NCC(C)C)C)CC(C)C,5.3726339,Clc1c(C(N[C@@H](Cc2ccc([N+]([O-])=O)cc2)C(=O)N[C@@H](CC(C)C)[C@H](C[C@@H](C)C(NCC(C)C)=O)O)=O)ccc(Cl)c1,Zaraa{Z}aaarA{~B}D{A**Q}{Aaraaa{{D%}{~B}{B_}}aar}A{~B}D{A*Q}{{A**Q}{B}A{A*Q}{A{~B}DAA{A}A}A}AA{A}A,64.55289801206465
BACE_1289,Brc1cc(ccc1O)CC1CS(=O)(=O)CC([NH2+]Cc2nccc(c2)C(C)C)C1O,5.3665314,C1(Cc2cc(Br)c(O)cc2)CS(=O)(=O)CC([NH2+]Cc2nccc(C(C)C)c2)C1O,Yaraa{aaarB}AArAE{~B}{~B}AA{{DQs%}Aasdaaa{as}A{A}A}ArB,64.62938642231887
BACE_1290,s1cc(cc1C1([NH2+]CC(O)C(NC(=O)C)Cc2cc(F)cc(F)c2)CCCCC1)C#C,5.3649187,C1C([NH2+]CC(O)C(Cc2cc(F)cc(F)c2)NC(=O)C)(c2cc(C#C)cs2)CCCC1,eraa{aarAr{{DQs%}AA{B}A{DA{~B}A}Aasaa{G}aa{G}as}AAAAAr}A^A,64.64959991829872
BACE_1291,Fc1cc(cc(F)c1)CC(NC(=O)C)C(O)C[NH2+]C1(CCCCC1)c1onc(c1)C(C)(C)C,5.3509574,C1([NH2+]CC(C(Cc2cc(F)cc(F)c2)NC(=O)C)O)(c2onc(C(C)(C)C)c2)CCCCC1,Garaa{aa{G}ar}AA{DA{~B}A}A{B}A{DQs%}Ar{AAAAAr}arbda{ar}A{A}{A}A,64.82459010954531
BACE_1292,S(=O)(=O)(N(c1cc(ncc1)C(=O)NC(Cc1ccccc1)C(O)C[NH2+]Cc1cc(ccc1)C(F)(F)F)c1ccccc1)C,5.3400836,c1(C(NC(Cc2ccccc2)C(C[NH2+]Cc2cccc(C(F)(F)F)c2)O)=O)cc(N(c2ccccc2)S(C)(=O)=O)ccn1,E{~B}{~B}{D{araa{daar}A{~B}DA{Aaraaaaar}A{B}A{DQs%}Aaraa{aaar}A{G}{G}G}araaaaar}A,64.96088174009385
BACE_1293,O=C(N[C@@H](Cc1ccccc1)C(=O)N[C@H]([C@@H](O)C[C@H](C(=O)NCC(C)C)C)CC(C)C)c1c2c(ccc1)cccc2,5.3306832,N(C(=O)[C@H](Cc1ccccc1)NC(c1cccc2ccccc12)=O)[C@@H](CC(C)C)[C@H](C[C@H](C(NCC(C)C)=O)C)O,B~A{D{A**Q}{Aaraaaaar}A{~B}D{A*Q}{{A**Q}{B}A{A*Q}{A{~B}DAA{A}A}A}AA{A}A}arasa{aaar}aaaas,65.07870585344965
BACE_1294,Fc1cc(cc(F)c1)CC(NC(=O)C)C(O)C[NH2+]C1(CC[NH2+]CC1)c1cc(ccc1)C(C)(C)C,5.3279023,c1(C2([NH2+]CC(C(Cc3cc(F)cc(F)c3)NC(=O)C)O)CC[NH2+]CC2)cc(C(C)(C)C)ccc1,Garaa{aa{G}ar}AA{DA{~B}A}A{B}A{DQs%}Ar{AA{DQs%}AAr}araa{aaar}A{A}{A}A,65.1135615060635
BACE_1295,Clc1ccccc1-c1cc2c(Oc3c(cc(OC)cc3)C23N=C(OC3)N)cc1,5.3115802,c12c(cc(-c3ccccc3Cl)cc1)C1(c3cc(OC)ccc3O2)COC(N)=N1,Zaraaaaar_araasa{Bata{aa{BA}aat}AstD~A{BAt}D}aar,65.31814183887964
BACE_1296,Fc1cc(cc(F)c1)CC(NC(=O)C)C(O)C[NH2+]C1(CC1)c1oc(cn1)C(C)(C)C,5.309804,c1(F)cc(CC(C(O)C[NH2+]C2(c3oc(C(C)(C)C)cn3)CC2)NC(C)=O)cc(F)c1,Garaa{aa{G}ar}AA{DA{~B}A}A{B}A{DQs%}Ar{AAr}arba{adr}A{A}{A}A,65.3404046351588
BACE_1297,O1CC(NC(=O)c2cc(cc(c2)C(=O)N[C@@H](C\C=C\C1)c1ccccc1)C)C(O)C[NH2+]Cc1cc(ccc1)C(C)C,5.309804,c1c(C[NH2+]CC(C2NC(=O)c3cc(C)cc(c3)C(=O)N[C@H](c3ccccc3)C/C=C/COC2)O)cc(C(C)C)cc1,BrAA{DA{~B}asaa{aa{as}A{~B}D{A**Q}{A!A~A!Ar}araaaaar}A}A{B}A{DQs%}Aaraa{aaar}A{A}A,65.3404046351588
BACE_1298,O=C1N(Cc2ccc(cc2)CNC(=O)NCCCC)C(NC1(CC1CCCCC1)C)=N,5.3010302,N1(Cc2ccc(CNC(NCCCC)=O)cc2)C(=N)NC(CC2CCCCC2)(C)C1=O,B~ArD{Aasaaa{aas}ADA{~B}DAAAA}A{DAr{AArAAAAAr}A}~D,65.45037497745926
BACE_1299,FC(F)(F)Oc1ccc(cc1)-c1cc2c(Oc3c(cc(OC)cc3)C23N=C(OC3)N)cc1,5.2958493,c1cc(-c2ccc3c(c2)C2(COC(N)=N2)c2cc(OC)ccc2O3)ccc1OC(F)(F)F,GA{G}{G}Baraaa{aar}_araasa{Bata{aa{BA}aat}AstD~A{BAt}D}aar,65.51531210235662
BACE_1300,n1c(cccc1N)Cn1c(ccc1-c1ccccc1)-c1ccccc1,5.2839966,c1cc(-c2ccc(-c3ccccc3)n2Cc2cccc(N)n2)ccc1,dra{aaaarD}Adra{aaar_araaaaar}_araaaaar,65.6638732134128
BACE_1301,O=C(N(C)C1CCCCC1)CCc1cc2cc(ccc2nc1N)-c1ccccc1C,5.2839966,c12c(cc(CCC(=O)N(C)C3CCCCC3)c(N)n1)cc(-c1ccccc1C)cc2,B~A{D{A}ArAAAAAr}AAaraasaa{aaasdarD}_araaaaarA,65.6638732134128
BACE_1302,O1c2ncccc2C([NH2+]CC(O)C(NC(=O)C)Cc2ccccc2)CC12CCC2,5.2773662,c1cc(CC(NC(=O)C)C(C[NH2+]C2CC3(Oc4c2cccn4)CCC3)O)ccc1,BrasdaaaasA{{DQs%}AA{B}A{DA{~B}A}Aasaaaaas}AArsAAAs,65.74697829417471
BACE_1303,[NH+]=1[C@@](C=2N(CCCN=2)C=1N)(c1cc(ccc1)Cc1ccccc1)c1ccccc1,5.2757239,NC1=[NH+][C@](c2ccccc2)(c2cc(Cc3ccccc3)ccc2)C2=NCCCN21,{DQ%}~r{A**}{A~sD{AAAD~s}A~rD}{araa{aaar}Aaraaaaar}araaaaar,65.76756279497938
BACE_1304,O=C1N(CCC1)c1cc(ccc1)C(=O)NC(Cc1ccccc1)C(O)C[NH2+]C(C(=O)NC1CCCCC1)C,5.2757239,C([NH2+]C(C(=O)NC1CCCCC1)C)C(O)C(Cc1ccccc1)NC(c1cc(N2C(=O)CCC2)ccc1)=O,B~ArD{AAAr}araa{aaar}A{~B}DA{Aaraaaaar}A{B}A{DQs%}A{A{~B}DArAAAAAr}A,65.76756279497938
BACE_1305,S(=O)(=O)(N(C)c1cc2cc(c1)C(=O)NCCCCCOCC(NC2=O)C(O)C[NH2+]Cc1ccccc1)C,5.2757239,N1C(=O)c2cc(cc(N(C)S(=O)(=O)C)c2)C(=O)NC(C(O)C[NH2+]Cc2ccccc2)COCCCCC1,E{~B}{~B}{D{A}araasaa{ar}A{~B}DAAAAABAA{DAs~B}A{B}A{DQs%}Aaraaaaar}A,65.76756279497938
BACE_1306,O=C([O-])C(NC1=NC(Cc2c1ccc(c2)C)(C)C)Cc1ccccc1,5.2668028,N1=C(NC(C([O-])=O)Cc2ccccc2)c2c(cc(C)cc2)CC1(C)C,B~A{{B_}}A{DAr~DA{Aasaraaa{as}A}{A}A}Aaraaaaar,65.87937938764125
BACE_1307,S(=O)(=O)(Nc1cc(ccc1)C(=O)NC(Cc1ccccc1)C(O)C[NH2+]C(C(=O)NC1CCCCC1)C)Cc1ccccc1,5.2596374,[NH2+](CC(O)C(NC(c1cccc(NS(Cc2ccccc2)(=O)=O)c1)=O)Cc1ccccc1)C(C(=O)NC1CCCCC1)C,E{~B}{~B}{Daraa{aaar}A{~B}DA{Aaraaaaar}A{B}A{DQs%}A{A{~B}DArAAAAAr}A}Aaraaaaar,65.96919012993304
BACE_1308,O(C)c1ccc([N+](=O)[O-])cc1CC(c1ccc(OC)cc1)c1nc([nH]c1)N,5.2441254,c1c(C(Cc2c(OC)ccc([N+]([O-])=O)c2)c2ccc(OC)cc2)nc(N)[nH]1,B{A}araaa{{D%}{~B}{B_}}aarAA{araaa{BA}aar}arda{{dQ}ar}D,66.16361671245882
BACE_1309,S(=O)(=O)(N(C)c1cc(cc(c1)CNC(=O)C([NH3+])(Cc1ccccc1)C)C(=O)NC(C)c1ccc(F)cc1)C,5.2426038,N(c1cc(CNC(C(C)(Cc2ccccc2)[NH3+])=O)cc(C(NC(C)c2ccc(F)cc2)=O)c1)(S(C)(=O)=O)C,E{~B}{~B}{D{A}araa{aa{ar}ADA{~B}A{{DQt%}}{Aaraaaaar}A}A{~B}DA{A}araaa{G}aar}A,66.18268836588656
BACE_1310,Fc1cc(cnc1)-c1cc2c(CC(CC23N=C(OC3)N)(C)C)cc1,5.2335873,c1c(-c2ccc3c(c2)C2(N=C(N)OC2)CC(C)(C)C3)cncc1F,Garaa{adar}_araasa{AA{AAstD~A{BAt}D}{A}A}aar,66.2957006970717
BACE_1311,S1(=O)(=O)N(C2(CC([NH+](CC2)Cc2cc3c([nH]cc3)cc2)C)CN1C)c1cc(F)ccc1,5.2146702,C12(CC[NH+](Cc3ccc4c(c3)cc[nH]4)C(C)C1)N(c1cc(F)ccc1)S(=O)(=O)N(C)C2,Er{~B}{~B}D{As{AA{{DQ%}{AAs}Aasaata{{dQ}aat}aas}A}ADrA}araa{G}aaar,66.53280662179438
BACE_1312,s1cccc1-c1cc(ccc1)C1CC1C1(N=C(N)N(C)C(=O)C1)C,5.2146702,C1C(=O)N(C)C(N)=NC1(C)C1C(c2cc(-c3cccs3)ccc2)C1,eraaaar_araa{aaar}ArAArAr{D~A{D}D{A}A{~B}Ar}A,66.53280662179438
BACE_1313,Fc1cc(cc(F)c1)CC(NC(=O)C)C(O)C[NH2+]C1(CCCCC1)c1cc(ccc1)C#N,5.2076082,C1C(c2cc(C#N)ccc2)([NH2+]CC(O)C(Cc2cc(F)cc(F)c2)NC(C)=O)CCCC1,Garaa{aa{G}ar}AA{DA{~B}A}A{B}A{DQs%}Ar{AAAAAr}araa{aaar}A^D,66.62132135398862
BACE_1314,S1(=O)(=O)CC(Cc2cc(Cc3cc(ccc3)C)c(O)cc2)C(O)C([NH2+]Cc2cc(ccc2)C(C)C)C1,5.2076082,C1S(=O)(=O)CC(Cc2cc(Cc3cc(C)ccc3)c(O)cc2)C(O)C1[NH2+]Cc1cc(C(C)C)ccc1,Er{~B}{~B}AA{Aasaa{Aataa{aaat}A}a{B}aas}A{B}A{{DQs%}Aasaa{aaas}A{A}A}Ar,66.62132135398862
BACE_1315,O1c2c(cc(cc2)-c2ccncc2)C2(N=C(N)N(C)C2=O)CC1(C)C,5.2027326,O=C1N(C)C(N)=NC12c1cc(-c3ccncc3)ccc1OC(C)(C)C2,Brasa{aa{aas}_asaadaas}As{D~A{D}D{A}As~B}AAr{A}A,66.68243186493258
BACE_1316,OC(C(NC(=O)c1cc(Nc2ccccc2)ccc1)Cc1ccccc1)C[NH2+]C(C(=O)NC1CCCCC1)C,5.2006593,O=C(C(C)[NH2+]CC(C(NC(=O)c1cc(Nc2ccccc2)ccc1)Cc1ccccc1)O)NC1CCCCC1,BA{A{DA{~B}araa{Dasaaaaas}aaar}Aaraaaaar}A{DQs%}A{A{~B}DArAAAAAr}A,66.7084184968015
BACE_1317,Clc1cc(ccc1)-c1cc(ccc1)C1(OCCC(=N1)N)C,5.2006593,C1C(N)=NC(C)(c2cc(-c3cccc(Cl)c3)ccc2)OC1,Zaraa{aaar}_araa{aaar}Ar{BAAA{~Dr}D}A,66.7084184968015
BACE_1318,S1(=O)(=O)N(C2(CC([NH+](CC2)Cc2ccc(NC(=O)C)cc2)C)CN1C)c1cc(F)ccc1,5.19382,O=S1(=O)N(C)CC2(CC(C)[NH+](Cc3ccc(NC(=O)C)cc3)CC2)N1c1cc(F)ccc1,Er{~B}{~B}D{As{AA{{DQ%}{AAs}Aasaaa{DA{~B}A}aas}A}ADrA}araa{G}aaar,66.79414191904677
BACE_1319,S(=O)(=O)(N(C)c1cc(cc(c1)C(=O)NC(C(O)CC(OC)COc1ccccc1)COc1cc(F)cc(F)c1)C(=O)NC(C)c1ccccc1)C,5.1870866,c1(OCC(OC)CC(C(COc2cc(F)cc(F)c2)NC(c2cc(C(NC(C)c3ccccc3)=O)cc(N(S(=O)(=O)C)C)c2)=O)O)ccccc1,E{~B}{~B}{D{A}araa{aa{ar}A{~B}DA{A{B}AA{BA}ABaraaaaar}ABaraa{G}aa{G}ar}A{~B}DA{A}araaaaar}A,66.87853799632754
BACE_1320,O(C)c1ccccc1C[NH2+]CC(O)C(NC(=O)c1c2cccnc2n(c1)C(=O)N(CCCC)C)Cc1ccccc1,5.1870866,C([NH2+]Cc1c(OC)cccc1)C(O)C(Cc1ccccc1)NC(c1cn(C(=O)N(C)CCCC)c2ncccc12)=O,B{A}araaaaarA{DQs%}AA{B}A{DA{~B}arasaaadasd{ar}A{~B}D{AAAA}A}Aaraaaaar,66.87853799632754
BACE_1321,O=C1N(C)C(=NC(=C1)CCc1cc(ccc1)-c1ccccc1)N,5.1870866,c1ccc(-c2ccccc2)cc1CCc1cc(=O)n(C)c(N)n1,B~ArD{A}A{~DA{~Ar}AAaraa{aaar}_araaaaar}D,66.87853799632754
BACE_1322,Brc1ccc(cc1C(C)(C)C)C1([NH2+]CC(O)C(NC(=O)C)Cc2cc(F)cc(F)c2)CCCCC1,5.1611509,CC(C)(c1c(Br)ccc(C2([NH2+]CC(O)C(NC(C)=O)Cc3cc(F)cc(F)c3)CCCCC2)c1)C,Yaraaa{aarA{A}{A}A}Ar{{DQs%}AA{B}A{DA{~B}A}Aasaa{G}aa{G}as}AAAAAr,67.203614679954
BACE_1323,O=C(N[C@@H](Cc1ccccc1)C(=O)N[C@H]([C@@H](O)C[C@H](C(=O)NCC(C)C)C)CC(C)C)c1ccccc1,5.1592669,C[C@H](C[C@H](O)[C@@H](NC([C@H](Cc1ccccc1)NC(c1ccccc1)=O)=O)CC(C)C)C(=O)NCC(C)C,B~A{D{A**Q}{Aaraaaaar}A{~B}D{A*Q}{{A**Q}{B}A{A*Q}{A{~B}DAA{A}A}A}AA{A}A}araaaaar,67.22722863569655
BACE_1324,O1CC2(N=C1N)c1cc(ccc1Oc1c2cc(OC)cc1)-c1ccccc1C,5.1536627,c1cccc(C)c1-c1ccc2c(c1)C1(COC(N)=N1)c1c(ccc(OC)c1)O2,BrAAs{D~ArD}araa{aaarBarasaa{BA}aar}_araaaaarA,67.29747138026792
BACE_1325,O=C1N(CC(=NC1(C)c1cc(NC(=O)c2ncc(nc2)C)ccc1)N)C,5.1500282,c1c(C)ncc(C(Nc2cccc(C3(C)N=C(N)CN(C)C3=O)c2)=O)n1,B~ArD{AA{~DAr{A}araa{DA{~B}asdaa{das}A}aaar}D}A,67.34302600985725
BACE_1326,O(C)c1ccc(cc1)Cc1cc(ccc1)[C@]1([NH+]=C(N2C1=NCCC2)N)c1ccccc1,5.1487417,C(c1ccc(OC)cc1)c1cccc([C@]2(c3ccccc3)C3=NCCCN3C(N)=[NH+]2)c1,B{A}araaa{aar}Aaraa{aaar}{A*}r{{DQ%}~A{DsAr~DAAAs}D}araaaaar,67.3591509323959
BACE_1327,O1c2c(cc(cc2)-c2ccc(OC)cc2)C2(N=C(N)N(C)C2=O)CC1(C)C,5.1428485,c1c(-c2ccc(OC)cc2)ccc2c1C1(N=C(N)N(C)C1=O)CC(C)(C)O2,Brasa{aa{aas}_asaaa{BA}aas}As{D~A{D}D{A}As~B}AAr{A}A,67.43301598758808
BACE_1328,Clc1cc2CC(N=C(NC(Cc3ccccc3)C=3NC(=O)c4c(N=3)cccc4)c2cc1)(C)C,5.1408615,c12ccc(Cl)cc1CC(C)(C)N=C2NC(c1[nH]c(=O)c2ccccc2n1)Cc1ccccc1,ZaraasAA{D~A{DA{Aataaaaat}A~tDA{~B}aua{D~t}aaaau}asaar}{A}A,67.45792093984947
BACE_1329,O1CC(N=C1N)(c1cc(ccc1)-c1cccnc1)c1ccc(OC)cc1,5.1272612,c1cc(C2(c3cc(-c4cnccc4)ccc3)N=C(N)OC2)ccc1OC,BrAA{D~ArD}{araa{aaar}_araaadar}araaa{BA}aar,67.62838637630675
BACE_1330,O(C)c1ccccc1-c1cc(ccc1)C1CC1C1(N=C(N)N(C)C(=O)C1)C,5.124939,CN1C(=O)CC(C)(C2C(c3cccc(-c4c(OC)cccc4)c3)C2)N=C1N,B{A}araaaaar_araa{aaar}ArAArAr{D~A{D}D{A}A{~B}Ar}A,67.65749270753041
BACE_1331,s1cc(cc1)-c1cc(ccc1)C1CC1C1(N=C(N)N(C)C(=O)C1)C,5.124939,s1cc(-c2cc(C3C(C4(C)CC(=O)N(C)C(N)=N4)C3)ccc2)cc1,eraa{aar}_araa{aaar}ArAArAr{D~A{D}D{A}A{~B}Ar}A,67.65749270753041
BACE_1332,Fc1cc(cc(F)c1)CC(NC(=O)C)C(O)C[NH2+]C1(CCCCC1)c1cc(-n2nccn2)ccc1,5.1135092,C1C(c2cc(-n3nccn3)ccc2)([NH2+]CC(O)C(Cc2cc(F)cc(F)c2)NC(C)=O)CCCC1,Garaa{aa{G}ar}AA{DA{~B}A}A{B}A{DQs%}Ar{AAAAAr}araa{_dsdaads}aaar,67.80075321249129
BACE_1333,O=C1N(C)C(=NC1(C1CCCCC1)c1cc(NC(=O)CCOC)ccc1)N,5.1045775,NC1=NC(c2cc(NC(CCOC)=O)ccc2)(C2CCCCC2)C(=O)N1C,B~ArD{A}A{~DAr{ArAAAAAr}araa{DA{~B}AABA}aaar}D,67.91270266498906
BACE_1334,S(=O)(=O)(Nc1cc(ccc1)C(=O)NC(Cc1ccccc1)C(O)C[NH2+]C(C(=O)NC1CCCCC1)C)c1ccccc1,5.1023731,N(C(C([NH2+]CC(O)C(Cc1ccccc1)NC(=O)c1cc(NS(=O)(=O)c2ccccc2)ccc1)C)=O)C1CCCCC1,E{~B}{~B}{Daraa{aaar}A{~B}DA{Aaraaaaar}A{B}A{DQs%}A{A{~B}DArAAAAAr}A}araaaaar,67.94033249728147
BACE_1335,S1CC(=NC1(C)c1cc(ccc1)-c1cc(OC)ccc1)N,5.1023731,c1c(OC)cccc1-c1cc(C2(C)SCC(N)=N2)ccc1,ErAA{~DAr{A}araa{aaar}_araa{BA}aaar}D,67.94033249728147
BACE_1336,O(C)c1ccc(cc1)C1(N=C(N)CC1)c1cc(ccc1)-c1cncnc1,5.1023731,c1(OC)ccc(C2(c3cccc(-c4cncnc4)c3)CCC(N)=N2)cc1,B{A}araaa{aar}Ar{D~A{D}AAr}araa{aaar}_aradadar,67.94033249728147
BACE_1337,O1c2cc(ccc2OC1)C(=O)N[C@@H](Cc1ccccc1)C(=O)N[C@H]([C@@H](O)C[C@H](C(=O)NCC(C)C)C)CC(C)C,5.0931263,O=C(N[C@@H](Cc1ccccc1)C(N[C@H]([C@H](C[C@H](C(NCC(C)C)=O)C)O)CC(C)C)=O)c1ccc2c(c1)OCO2,Brasaa{aaasBAr}A{~B}D{A**Q}{Aaraaaaar}A{~B}D{A*Q}{{A**Q}{B}A{A*Q}{A{~B}DAA{A}A}A}AA{A}A,68.05623139641115
BACE_1338,S(=O)(=O)(N1C(C)=C(C(=O)N[C@H]([C@H](O)C[NH2+]C2CC2)Cc2ccccc2)[C@H](CCC)C(C(=O)NOCc2ccccc2)=C1C)C,5.0915151,CC1=C(C(NOCc2ccccc2)=O)[C@@H](CCC)C(C(N[C@@H](Cc2ccccc2)[C@H](O)C[NH2+]C2CC2)=O)=C(C)N1S(=O)(=O)C,E{~B}{~B}{DrA{A}~A{A{~B}D{A*Q}{{A*Q}{B}A{DQs%}AsAAs}Aasaaaaas}{A*Q}{AAA}A{A{~B}DBAasaaaaas}~ArA}A,68.07642609147082
BACE_1339,Fc1ccc(cc1)Cc1cc(ccc1)C1([NH+]=C(N2C1=NCCC2)N)c1ccccc1,5.0861859,c1c(C2(c3cc(Cc4ccc(F)cc4)ccc3)C3=NCCCN3C(N)=[NH+]2)cccc1,Garaaa{aar}Aaraa{aaar}Ar{{DQ%}~A{DsAr~DAAAs}D}araaaaar,68.14322200067636
BACE_1340,Fc1ccncc1-c1cc(ccc1)C1(N=C(OC1)N)c1ccc(OC)cc1,5.0861859,c1c(-c2cnccc2F)cccc1C1(c2ccc(OC)cc2)COC(N)=N1,Garaadaar_araa{aaar}Ar{D~A{BAr}D}araaa{BA}aar,68.14322200067636
BACE_1341,O(CCC)c1cc(ccc1)-c1cc(ccc1)C1CC1C1(N=C(N)N(C)C(=O)C1)C,5.0757208,c1c(-c2cccc(OCCC)c2)cc(C2CC2C2(C)N=C(N)N(C)C(=O)C2)cc1,B{AAA}araa{aaar}_araa{aaar}ArAArAr{D~A{D}D{A}A{~B}Ar}A,68.27439100717395
BACE_1342,O1c2c(cc(N3CCCCC3)cc2)C2(N=C(N)N(C)C2=O)CC1(C)C,5.0624318,c1c2c(cc(N3CCCCC3)c1)C1(N=C(N)N(C)C1=O)CC(C)(C)O2,Brasa{aa{DtAAAAAt}aas}As{D~A{D}D{A}As~B}AAr{A}A,68.44095462599712
BACE_1343,Clc1cc(cc(Cl)c1)CNC(=[NH2+])NC(=O)Cn1c2c(cccc2)cc1,5.057992,Clc1cc(Cl)cc(CNC(=[NH2+])NC(Cn2c3ccccc3cc2)=O)c1,Zaraa{aa{Z}ar}ADA{~{DQs%}}DA{~B}Adrasa{aaaas}aar,68.49660284293226
BACE_1344,S1CC(N=C1N)(C)c1cc(NC(=O)c2ncccc2)ccc1,5.0467238,O=C(Nc1cc(C2(C)CSC(N)=N2)ccc1)c1ncccc1,ErAA{D~ArD}{A}araa{DA{~B}asdaaaas}aaar,68.63783786209271
BACE_1345,O(C(C)C)C(=O)CN1C(C)=C(C(=O)N[C@H]([C@H](O)C[NH2+]C2CC2)Cc2ccccc2)[C@@H](C)C(C(=O)NOCc2ccccc2)=C1C,5.0457573,c1ccc(CONC(=O)C2=C(C)N(CC(=O)OC(C)C)C(C)=C(C(=O)N[C@@H](Cc3ccccc3)[C@H](O)C[NH2+]C3CC3)[C@H]2C)cc1,B{A{A}A}A{~B}ADrA{A}~A{A{~B}D{A*Q}{{A*Q}{B}A{DQs%}AsAAs}Aasaaaaas}{A**Q}{A}A{A{~B}DBAasaaaaas}~ArA,68.64995192166023
BACE_1346,S(CC)c1cc(ccc1)-c1ccc(cc1)C1CC1C=1N=C(N)N(C)C(=O)C=1,5.0409584,c1(C2C(c3cc(=O)n(C)c(N)n3)C2)ccc(-c2cc(SCC)ccc2)cc1,E{AA}araa{aaar}_araaa{aar}ArAArA~rD~A{D}D{A}A{~B}A~r,68.71010107888578
BACE_1348,O=C1N(C)C(=NC(C1)(C)C1CC1c1cc(ccc1)-c1ccccc1)N,5.031517,O=C1N(C)C(N)=NC(C2C(c3cccc(-c4ccccc4)c3)C2)(C)C1,B~ArD{A}A{~DA{Ar}{A}ArAAraraa{aaar}_araaaaar}D,68.82843908405977
BACE_1349,s1cc(nc1C1([NH2+]CC(O)C(NC(=O)C)Cc2cc(F)cc(F)c2)CC1)CC(C)(C)C,5.0287242,CC(NC(C(C[NH2+]C1(c2nc(CC(C)(C)C)cs2)CC1)O)Cc1cc(F)cc(F)c1)=O,eraa{darAr{{DQs%}AA{B}A{DA{~B}A}Aasaa{G}aa{G}as}AAr}AA{A}{A}A,68.86344389064037
BACE_1350,S(=O)(=O)(N1C(C)=C(C(=O)N[C@H]([C@H](O)C[NH2+]C2CC2)Cc2ccccc2)[C@@H](CC)C(C(=O)NOCc2ccccc2)=C1C)C,5.0222764,O=C(C1=C(C)N(S(C)(=O)=O)C(C)=C(C(NOCc2ccccc2)=O)[C@@H]1CC)N[C@H]([C@H](O)C[NH2+]C1CC1)Cc1ccccc1,E{~B}{~B}{DrA{A}~A{A{~B}D{A*Q}{{A*Q}{B}A{DQs%}AsAAs}Aasaaaaas}{A**Q}{AA}A{A{~B}DBAasaaaaas}~ArA}A,68.94426027271938
BACE_1351,S1(=O)(=O)NCC2(N1c1cc(F)ccc1)CC([NH+](CC2)Cc1cc(OCC)ccc1)C,5.0222764,c1cc(N2C3(CC(C)[NH+](Cc4cc(OCC)ccc4)CC3)CNS2(=O)=O)cc(F)c1,Er{~B}{~B}DAAs{Draraa{G}aaar}AA{{DQ%}{AAs}Aaraa{BAA}aaar}A,68.94426027271938
BACE_1352,Brc1sccc1CC(NC1=NC(Cc2c1ccc(Cl)c2)(C)C)C(=O)[O-],5.0222764,C(Cc1c(Br)scc1)(NC1=NC(C)(C)Cc2c1ccc(Cl)c2)C(=O)[O-],YareaaarAA{DAr~DA{Aasaraaa{Z}as}{A}A}A{~B}{B_},68.94426027271938
BACE_1353,Fc1cc(cc(F)c1)CC(NC(=O)C)C(O)C[NH2+]C1(CCC[NH2+]C1)c1cc(ccc1)C(C)(C)C,5.0,c1cc(C(C)(C)C)cc(C2([NH2+]CC(C(NC(C)=O)Cc3cc(F)cc(F)c3)O)C[NH2+]CCC2)c1,Garaa{aa{G}ar}AA{DA{~B}A}A{B}A{DQs%}Ar{AAA{DQs%}Ar}araa{aaar}A{A}{A}A,69.22347148487624
BACE_1354,Fc1cc(cc(F)c1)CC(NC(=O)C)C(O)C[NH2+]C1(CCC(CC1)CCO)c1cc(ccc1)C(C)(C)C,5.0,C(CO)C1CCC([NH2+]CC(O)C(Cc2cc(F)cc(F)c2)NC(C)=O)(c2cc(C(C)(C)C)ccc2)CC1,Garaa{aa{G}ar}AA{DA{~B}A}A{B}A{DQs%}Ar{AAA{AAr}AAB}araa{aaar}A{A}{A}A,69.22347148487624
BACE_1355,FC(F)(F)C([NH2+]CC(O)C1NC(=O)c2cc(cc(NCCCCOc3cc(C1)ccc3)c2)COC)c1cc(ccc1)C(C)(C)C,5.0,FC(F)(F)C([NH2+]CC(C1Cc2cccc(c2)OCCCCNc2cc(COC)cc(c2)C(=O)N1)O)c1cc(C(C)(C)C)ccc1,GA{G}{G}A{{DQs%}AA{B}ArDA{~B}asaa{aa{DAAAABataa{Ar}aaat}as}ABA}araa{aaar}A{A}{A}A,69.22347148487624
BACE_1356,S(=O)(=O)(N(C)c1cc(cc(c1)C(=O)NC(C(O)CC(OC)CO)COc1cc(F)cc(F)c1)C(=O)NC(C)c1ccccc1)C,5.0,C(c1ccccc1)(C)NC(=O)c1cc(N(S(C)(=O)=O)C)cc(C(NC(COc2cc(F)cc(F)c2)C(CC(OC)CO)O)=O)c1,E{~B}{~B}{D{A}araa{aa{ar}A{~B}DA{A{B}AA{BA}AB}ABaraa{G}aa{G}ar}A{~B}DA{A}araaaaar}A,69.22347148487624
BACE_1357,S(=O)(=O)(N(C)c1cc(cc(c1)C(=O)NC(C(O)CC(OC)COC)COc1cc(F)cc(F)c1)C(=O)NC(C)c1ccccc1)C,5.0,c1ccc(C(NC(c2cc(C(=O)NC(C(CC(OC)COC)O)COc3cc(F)cc(F)c3)cc(N(C)S(=O)(=O)C)c2)=O)C)cc1,E{~B}{~B}{D{A}araa{aa{ar}A{~B}DA{A{B}AA{BA}ABA}ABaraa{G}aa{G}ar}A{~B}DA{A}araaaaar}A,69.22347148487624
BACE_1358,S(=O)(=O)(N(C)c1cc(cc(c1)C(=O)NC(C(O)CC(OC)COCc1ccc(F)cc1)COc1cc(F)cc(F)c1)C(=O)NC(C)c1ccccc1)C,5.0,Fc1cc(OCC(C(CC(COCc2ccc(F)cc2)OC)O)NC(c2cc(C(=O)NC(C)c3ccccc3)cc(N(C)S(=O)(=O)C)c2)=O)cc(F)c1,E{~B}{~B}{D{A}araa{aa{ar}A{~B}DA{A{B}AA{BA}ABAaraaa{G}aar}ABaraa{G}aa{G}ar}A{~B}DA{A}araaaaar}A,69.22347148487624
BACE_1359,S(=O)(=O)(N(C)c1cc(cc(c1)C(=O)NC(C(O)CC(OC)COCc1cc(OC)ccc1)COc1cc(F)cc(F)c1)C(=O)NC(C)c1ccccc1)C,5.0,OC(CC(OC)COCc1cccc(OC)c1)C(NC(c1cc(N(C)S(=O)(C)=O)cc(C(=O)NC(C)c2ccccc2)c1)=O)COc1cc(F)cc(F)c1,E{~B}{~B}{D{A}araa{aa{ar}A{~B}DA{A{B}AA{BA}ABAaraa{BA}aaar}ABaraa{G}aa{G}ar}A{~B}DA{A}araaaaar}A,69.22347148487624
BACE_1360,S(=O)(=O)(N(C)c1cc(cc(c1)C(=O)NC(C(O)CC(OC)C[NH2+]Cc1ccccc1)COc1cc(F)cc(F)c1)C(=O)NC(C)c1ccccc1)C,5.0,C([NH2+]CC(CC(C(NC(=O)c1cc(N(C)S(C)(=O)=O)cc(C(NC(C)c2ccccc2)=O)c1)COc1cc(F)cc(F)c1)O)OC)c1ccccc1,E{~B}{~B}{D{A}araa{aa{ar}A{~B}DA{A{B}AA{BA}A{DQs%}Aaraaaaar}ABaraa{G}aa{G}ar}A{~B}DA{A}araaaaar}A,69.22347148487624
BACE_1361,S(=O)(=O)(N(C)c1cc(cc(c1)C(=O)NC(C(O)CC(C(=O)NC1CC1)C)COCc1cc(F)cc(F)c1)C(=O)NC(C)c1ccccc1)C,5.0,c1cccc(C(NC(=O)c2cc(N(S(C)(=O)=O)C)cc(C(NC(COCc3cc(F)cc(F)c3)C(O)CC(C(NC3CC3)=O)C)=O)c2)C)c1,E{~B}{~B}{D{A}araa{aa{ar}A{~B}DA{A{B}AA{A{~B}DArAAr}A}ABAaraa{G}aa{G}ar}A{~B}DA{A}araaaaar}A,69.22347148487624
BACE_1362,Fc1cc(cc(F)c1)CC(NC(=O)C)C(O)C[NH2+]C1(CCCCC1)c1cc(ccc1)C1CCCCC1,5.0,OC(C(NC(C)=O)Cc1cc(F)cc(F)c1)C[NH2+]C1(c2cc(C3CCCCC3)ccc2)CCCCC1,Garaa{aa{G}ar}AA{DA{~B}A}A{B}A{DQs%}Ar{AAAAAr}araa{aaar}ArAAAAAr,69.22347148487624
BACE_1363,Fc1cc(cc(F)c1)CC(NC(=O)C)C(O)C[NH2+]C1(CCCCC1)c1ccccc1,5.0,C(c1cc(F)cc(F)c1)C(C(O)C[NH2+]C1(c2ccccc2)CCCCC1)NC(=O)C,Garaa{aa{G}ar}AA{DA{~B}A}A{B}A{DQs%}Ar{AAAAAr}araaaaar,69.22347148487624
BACE_1364,S(=O)(=O)(N(C)c1cc2cc(c1)C(=O)NC(COCc1cc(ccc1)C(NC2=O)c1ccccc1)C(O)CC(C(C)C)C(=O)NC)C,5.0,c1ccc(C2NC(=O)c3cc(N(C)S(=O)(C)=O)cc(c3)C(=O)NC(C(O)CC(C(NC)=O)C(C)C)COCc3cccc2c3)cc1,E{~B}{~B}{D{A}araasaa{ar}A{~B}DA{ABAaraa{aaar}A{DAs~B}araaaaar}A{B}AA{A{A}A}A{~B}DA}A,69.22347148487624
BACE_1365,S(=O)(=O)(N(C)c1cc2cc(c1)C(=O)NC(OCCOC)c1cc(COCC(NC2=O)C(O)CC(C(C)C)C(=O)NCC(C)C)ccc1)C,5.0,C(C(C(=O)NCC(C)C)C(C)C)C(O)C1COCc2cccc(c2)C(OCCOC)NC(=O)c2cc(cc(N(C)S(=O)(C)=O)c2)C(=O)N1,E{~B}{~B}{D{A}araasaa{ar}A{~B}DA{BAABA}araa{ABAA{DAs~B}A{B}AA{A{A}A}A{~B}DAA{A}A}aaar}A,69.22347148487624
BACE_1366,S(=O)(=O)(N(C)c1cc2cc(c1)CCCC(OCCOC)c1cc(COCC(NC2=O)C(O)CC(C(C)C)C(=O)NCC(C)C)ccc1)C,5.0,c1c2cc(cc1N(S(=O)(C)=O)C)C(=O)NC(C(O)CC(C(NCC(C)C)=O)C(C)C)COCc1cccc(c1)C(OCCOC)CCC2,E{~B}{~B}{D{A}araasaa{ar}AAAA{BAABA}araa{ABAA{DAs~B}A{B}AA{A{A}A}A{~B}DAA{A}A}aaar}A,69.22347148487624
BACE_1367,S1(=O)(=O)CC(Cc2cc(OC(C(F)(F)F)C(F)(F)F)c(N)c(F)c2)C(O)C([NH3+])C1,5.0,c1(OC(C(F)(F)F)C(F)(F)F)cc(CC2C(O)C([NH3+])CS(=O)(=O)C2)cc(F)c1N,Er{~B}{~B}AA{Aasaa{BA{A{G}{G}G}A{G}{G}G}a{D}a{G}as}A{B}A{{DQt%}}Ar,69.22347148487624
BACE_1368,S1(=O)(=O)CC(Cc2cc(OC(C(F)(F)F)C(F)(F)F)c(N)c(F)c2)C(O)C([NH2+]CC2CC2OC(C)(C)C)C1,5.0,FC(F)(F)C(C(F)(F)F)Oc1cc(CC2C(O)C([NH2+]CC3C(OC(C)(C)C)C3)CS(=O)(=O)C2)cc(F)c1N,Er{~B}{~B}AA{Aasaa{BA{A{G}{G}G}A{G}{G}G}a{D}a{G}as}A{B}A{{DQs%}AAsAAsBA{A}{A}A}Ar,69.22347148487624
BACE_1369,O1CC(NC(=O)c2cc(cc(c2)C(=O)NCC\C=C\C1)C)C(O)C[NH2+]Cc1ccccc1,5.0,C([NH2+]CC(O)C1COC/C=C/CCNC(=O)c2cc(cc(C)c2)C(=O)N1)c1ccccc1,BrAA{DA{~B}asaa{aa{as}A{~B}DAA!A~A!Ar}A}A{B}A{DQs%}Aaraaaaar,69.22347148487624
BACE_1370,O1CCC(=NC1(C)c1cc(ccc1)-c1cc(OC)ccc1)N,5.0,O(C)c1cc(-c2cc(C3(C)N=C(N)CCO3)ccc2)ccc1,BrAAA{~DAr{A}araa{aaar}_araa{BA}aaar}D,69.22347148487624
BACE_1371,S1(=O)CC(Cc2cc(OC(COC)C(F)(F)F)c(N)c(F)c2)C(O)C([NH2+]CCCOC(C)(C)C)C1,5.0,C1(Cc2cc(OC(COC)C(F)(F)F)c(N)c(F)c2)C(O)C([NH2+]CCCOC(C)(C)C)CS(=O)C1,Er{~B}AA{Aasaa{BA{ABA}A{G}{G}G}a{D}a{G}as}A{B}A{{DQs%}AAABA{A}{A}A}Ar,69.22347148487624
BACE_1372,S(=O)(=O)(N(C)c1cc(cc(c1)C[NH2+]CC([NH3+])(Cc1ccccc1)CO)C(=O)NC(C)c1ccc(F)cc1)C,4.9956784,N(C(=O)c1cc(C[NH2+]CC(Cc2ccccc2)([NH3+])CO)cc(N(S(=O)(C)=O)C)c1)C(c1ccc(F)cc1)C,E{~B}{~B}{D{A}araa{aa{ar}A{DQs%}AA{{DQt%}}{Aaraaaaar}AB}A{~B}DA{A}araaa{G}aar}A,69.27763818930143
BACE_1373,S(=O)(=O)(N(C)c1cc(cc(c1)COCC([NH3+])Cc1ccccc1)C(=O)NC(C)c1ccc(F)cc1)C,4.9956784,O(Cc1cc(N(S(C)(=O)=O)C)cc(C(=O)NC(C)c2ccc(F)cc2)c1)CC([NH3+])Cc1ccccc1,E{~B}{~B}{D{A}araa{aa{ar}ABAA{{DQt%}}Aaraaaaar}A{~B}DA{A}araaa{G}aar}A,69.27763818930143
BACE_1374,O(CC)c1cc(ccc1)-c1ccc(cc1)C1CC1C=1N=C(N)N(C)C(=O)C=1,4.9913998,C(Oc1cccc(-c2ccc(C3CC3c3nc(N)n(C)c(=O)c3)cc2)c1)C,B{AA}araa{aaar}_araaa{aar}ArAArA~rD~A{D}D{A}A{~B}A~r,69.33126593401487
BACE_1375,O1C[C@@]2(N=C1N)c1cc(ccc1Oc1c2cc(OC)cc1)-c1cncnc1,4.9829664,C1[C@@]2(c3cc(OC)ccc3Oc3ccc(-c4cncnc4)cc32)N=C(N)O1,BrA{A**}s{D~ArD}araa{aaarBarasaa{BA}aar}_aradadar,69.43696972082978
BACE_1376,Clc1ccc(nc1)C(=O)Nc1cc2c(CCC23N=C(OC3)N)cc1,4.9673815,C12(N=C(N)OC1)CCc1ccc(NC(c3ncc(Cl)cc3)=O)cc12,Zaraaa{dar}A{~B}Daraasa{AAAstD~A{BAt}D}aar,69.63231002807616
BACE_1377,S(=O)(=O)(N(C)c1cc(cc(c1)C(=O)NCC([NH3+])(Cc1ccccc1)CO)C(=O)NC(C)c1ccc(F)cc1)C,4.9665761,c1cccc(CC([NH3+])(CO)CNC(=O)c2cc(N(C)S(C)(=O)=O)cc(C(NC(c3ccc(F)cc3)C)=O)c2)c1,E{~B}{~B}{D{A}araa{aa{ar}A{~B}DAA{{DQt%}}{Aaraaaaar}AB}A{~B}DA{A}araaa{G}aar}A,69.64240486881664
BACE_1378,S(=O)(=O)(N1C(C)=C(C(=O)N[C@H]([C@H](O)C[NH2+]C2CC2)Cc2ccccc2)[C@@H](C(C)C)C(C(=O)NOCc2ccccc2)=C1C)C,4.9586072,CC1=C(C(=O)NOCc2ccccc2)[C@H](C(C)C)C(C(N[C@@H](Cc2ccccc2)[C@@H](C[NH2+]C2CC2)O)=O)=C(C)N1S(C)(=O)=O,E{~B}{~B}{DrA{A}~A{A{~B}D{A*Q}{{A*Q}{B}A{DQs%}AsAAs}Aasaaaaas}{A**Q}{A{A}A}A{A{~B}DBAasaaaaas}~ArA}A,69.74228663735
BACE_1379,S1(=O)(=O)NCC2(N1c1cc(F)ccc1)CC([NH+](CC2)Cc1cc(OC2CCCC2)ccc1)C,4.9586072,c1cc(C[NH+]2CCC3(CNS(=O)(=O)N3c3cccc(F)c3)CC2C)cc(OC2CCCC2)c1,Er{~B}{~B}DAAs{Draraa{G}aaar}AA{{DQ%}{AAs}Aaraa{BAsAAAAs}aaar}A,69.74228663735
BACE_1380,O=C1N(C)C(=NC(=C1)C1CC1c1ccc(cc1)-c1cc(ccc1)CCC)N,4.9586072,c1ccc(CCC)cc1-c1ccc(C2C(c3cc(=O)n(C)c(N)n3)C2)cc1,B~ArD{A}A{~DA{~Ar}ArAAraraaa{aar}_araa{aaar}AAA}D,69.74228663735
BACE_1381,S1(=O)(=O)NCC2(N1c1cc(F)ccc1)CC([NH+](CC2)Cc1cc(OCC(C)C)ccc1)C,4.9507818,c1c(C[NH+]2CCC3(CNS(=O)(=O)N3c3cccc(F)c3)CC2C)cccc1OCC(C)C,Er{~B}{~B}DAAs{Draraa{G}aaar}AA{{DQ%}{AAs}Aaraa{BAA{A}A}aaar}A,69.84036978451977
BACE_1382,O1CC(N=C1N)(c1cc(ccc1)-c1cncnc1)c1ccc(OC)cc1,4.9430952,O1CC(c2ccc(OC)cc2)(c2cc(-c3cncnc3)ccc2)N=C1N,BrAA{D~ArD}{araa{aaar}_aradadar}araaa{BA}aar,69.93671321987578
BACE_1383,O=C1N(C)C(=NC(C1)(C)C1CC1c1cc(ccc1)-c1cccnc1)N,4.9281178,C1(N)=NC(C)(C2C(c3cccc(-c4cccnc4)c3)C2)CC(=O)N1C,B~ArD{A}A{~DA{Ar}{A}ArAAraraa{aaar}_araaadar}D,70.12443915445041
BACE_1384,O(C)c1nc(cnc1)-c1ccc(cc1)C1CC1C=1N=C(N)N(C)C(=O)C=1,4.8996296,c1(=O)cc(C2CC2c2ccc(-c3cncc(OC)n3)cc2)nc(N)n1C,B{A}arda{adar}_araaa{aar}ArAArA~rD~A{D}D{A}A{~B}A~r,70.4815087372451
BACE_1385,S(Oc1cc(ccc1)C(=O)NC(Cc1ccccc1)C(O)C[NH2+]C(C(=O)NC1CCCCC1)C)(=O)(=O)Cc1ccccc1,4.8860564,CC([NH2+]CC(C(NC(c1cc(OS(=O)(=O)Cc2ccccc2)ccc1)=O)Cc1ccccc1)O)C(=O)NC1CCCCC1,E{Baraa{aaar}A{~B}DA{Aaraaaaar}A{B}A{DQs%}A{A{~B}DArAAAAAr}A}{~B}{~B}Aaraaaaar,70.6516345037445
BACE_1386,n1cc(ccc1)-c1cc(ccc1)C1(N=C(C)C(=N1)N)C,4.8860564,N1=C(C)C(N)=NC1(C)c1cccc(-c2cccnc2)c1,draa{aaar}_araa{aaar}Ar{D~A{A}A{~Dr}D}A,70.6516345037445
BACE_1387,Clc1cc(cc(F)c1)-c1cc(ccc1)C12N=C(OC1COCC2)N,4.8827286,C12COCCC1(c1cccc(-c3cc(F)cc(Cl)c3)c1)N=C(N)O2,Zaraa{aa{G}ar}_araa{aaar}ArsD~A{BArABAAs}D,70.69334497185496
BACE_1388,O(CCC)c1cc(ccc1)-c1ccc(cc1)C1CC1C=1N=C(N)N(C)C(=O)C=1,4.8538718,C(CC)Oc1cccc(-c2ccc(C3C(c4cc(=O)n(C)c(N)n4)C3)cc2)c1,B{AAA}araa{aaar}_araaa{aar}ArAArA~rD~A{D}D{A}A{~B}A~r,71.0550345674345
BACE_1389,s1cccc1-c1ccc(cc1)C1CC1C=1N=C(N)N(C)C(=O)C=1,4.850781,c1c(-c2cccs2)ccc(C2CC2c2cc(=O)n(C)c(N)n2)c1,eraaaar_araaa{aar}ArAArA~rD~A{D}D{A}A{~B}A~r,71.09377449015696
BACE_1390,O(C)c1cc(ccc1)-c1ccc(cc1)C1CC1C=1N=C(N)N(C)C(=O)C=1,4.8446641,c1(-c2ccc(C3CC3c3cc(=O)n(C)c(N)n3)cc2)cc(OC)ccc1,B{A}araa{aaar}_araaa{aar}ArAArA~rD~A{D}D{A}A{~B}A~r,71.17044338924488
BACE_1391,S(=O)(=O)(N1C(C)=C(C(=O)N[C@H]([C@H](O)C[NH2+]C2CC2)Cc2ccccc2)[C@@H](C)C(C(=O)NOCc2ccccc2)=C1C)C,4.8268137,C1([NH2+]C[C@H]([C@@H](NC(=O)C2=C(C)N(S(=O)(=O)C)C(C)=C(C(=O)NOCc3ccccc3)[C@@H]2C)Cc2ccccc2)O)CC1,E{~B}{~B}{DrA{A}~A{A{~B}D{A*Q}{{A*Q}{B}A{DQs%}AsAAs}Aasaaaaas}{A**Q}{A}A{A{~B}DBAasaaaaas}~ArA}A,71.39417935293224
BACE_1392,S(C)c1cc(ccc1)-c1ccc(cc1)C1CC1C=1N=C(N)N(C)C(=O)C=1,4.8268137,c1cc(-c2ccc(C3CC3c3nc(N)n(C)c(=O)c3)cc2)cc(SC)c1,E{A}araa{aaar}_araaa{aar}ArAArA~rD~A{D}D{A}A{~B}A~r,71.39417935293224
BACE_1393,O(C(=O)CN1C(C)=C(C(=O)N[C@H]([C@H](O)C[NH2+]C2CC2)Cc2ccccc2)[C@H](C)C(C(=O)NOCc2ccccc2)=C1C)C,4.8181562,c1cc(C[C@@H]([C@@H](C[NH2+]C2CC2)O)NC(C2=C(C)N(CC(OC)=O)C(C)=C(C(=O)NOCc3ccccc3)[C@H]2C)=O)ccc1,B{A{~B}ADrA{A}~A{A{~B}D{A*Q}{{A*Q}{B}A{DQs%}AsAAs}Aasaaaaas}{A*Q}{A}A{A{~B}DBAasaaaaas}~ArA}A,71.50269199722162
BACE_1394,O(C(=O)CN1C(C)=C(C(=O)N[C@H]([C@H](O)C[NH2+]C2CC2)Cc2ccccc2)[C@@H](C)C(C(=O)NOCc2ccccc2)=C1C)CC,4.8096681,C1(C(=O)NOCc2ccccc2)=C(C)N(CC(=O)OCC)C(C)=C(C(N[C@H]([C@H](O)C[NH2+]C2CC2)Cc2ccccc2)=O)[C@H]1C,B{A{~B}ADrA{A}~A{A{~B}D{A*Q}{{A*Q}{B}A{DQs%}AsAAs}Aasaaaaas}{A**Q}{A}A{A{~B}DBAasaaaaas}~ArA}AA,71.60908139092567
BACE_1395,O=C(N[C@@H](Cc1ccccc1)C(=O)N[C@H]([C@@H](O)C[C@H](C(=O)NCC(C)C)C)CC(C)C)c1ccc([N+](=O)[O-])cc1,4.8032713,CC(CNC(=O)[C@H](C)C[C@H](O)[C@@H](NC(=O)[C@@H](NC(=O)c1ccc([N+]([O-])=O)cc1)Cc1ccccc1)CC(C)C)C,B~A{D{A**Q}{Aaraaaaar}A{~B}D{A*Q}{{A**Q}{B}A{A*Q}{A{~B}DAA{A}A}A}AA{A}A}araaa{{D%}{~B}{B_}}aar,71.68925854171866
BACE_1396,Fc1cc(cnc1)-c1cc(ccc1)C1(N=C(N)[C@@H]2N1CCCC2)C,4.7958798,Fc1cncc(-c2cccc(C3(C)N=C(N)[C@@H]4N3CCCC4)c2)c1,Garaa{adar}_araa{aaar}Ar{D~A{D}{A**Q}sDrAAAAs}A,71.7819032093785
BACE_1397,S(=O)(=O)(N1C(C)=C(C(=O)N[C@H](C)c2ccccc2)[C@@H](C)C(C(=O)N[C@H]([C@H](O)C[NH2+]C2CC2)Cc2ccccc2)=C1C)C,4.7931743,N([C@H](C)c1ccccc1)C(C1=C(C)N(S(=O)(=O)C)C(C)=C(C(N[C@H]([C@@H](C[NH2+]C2CC2)O)Cc2ccccc2)=O)[C@@H]1C)=O,E{~B}{~B}{DrA{A}~A{A{~B}D{A*Q}{A}asaaaaas}{A**Q}{A}A{A{~B}D{A*Q}{{A*Q}{B}A{DQs%}AsAAs}Aasaaaaas}~ArA}A,71.81581380240476
BACE_1398,O(C(=O)C=1[C@@H](C)C(=CN(CC(OC(C)C)=O)C=1C)C(=O)N[C@H]([C@H](O)C[NH2+]C1CC1)Cc1ccccc1)Cc1ccccc1,4.7931743,C1(C(OCc2ccccc2)=O)=C(C)N(CC(OC(C)C)=O)C=C(C(=O)N[C@@H](Cc2ccccc2)[C@@H](C[NH2+]C2CC2)O)[C@@H]1C,B{A{~B}A~r{A**Q}{A}A{~AD{AA{BA{A}A}~B}A~rA}A{~B}D{A*Q}{{A*Q}{B}A{DQs%}ArAAr}Aaraaaaar}Aaraaaaar,71.81581380240476
BACE_1399,S(=O)(=O)(N1C(C)=C(C(=O)N[C@H](C)c2ccccc2)[C@@H](CC)C(C(=O)N[C@H]([C@H](O)C[NH2+]C2CC2)Cc2ccccc2)=C1C)C,4.7904849,C1(C(N[C@@H](c2ccccc2)C)=O)=C(C)N(S(C)(=O)=O)C(C)=C(C(=O)N[C@H]([C@H](O)C[NH2+]C2CC2)Cc2ccccc2)[C@@H]1CC,E{~B}{~B}{DrA{A}~A{A{~B}D{A*Q}{A}asaaaaas}{A**Q}{AA}A{A{~B}D{A*Q}{{A*Q}{B}A{DQs%}AsAAs}Aasaaaaas}~ArA}A,71.84952259888779
BACE_1400,S(=O)(=O)(N(C)c1cc(cc(-n2nnc(c2)C([NH3+])(Cc2ccccc2)C)c1)C(=O)NC(C)c1ccc(F)cc1)C,4.7878122,O=C(c1cc(-n2cc(C(C)([NH3+])Cc3ccccc3)nn2)cc(N(S(=O)(C)=O)C)c1)NC(C)c1ccc(F)cc1,E{~B}{~B}{D{A}araa{aa{_dsdda{as}A{{DQt%}}{Aasaaaaas}A}ar}A{~B}DA{A}araaa{G}aar}A,71.88302207845952
BACE_1401,O=C1N(C)C(=NC(C1)(C)C1CC1c1cc(ccc1)-c1cc(NC(=O)C)ccc1)N,4.779892,c1ccc(NC(=O)C)cc1-c1cccc(C2CC2C2(C)N=C(N)N(C)C(=O)C2)c1,B~ArD{A}A{~DA{Ar}{A}ArAAraraa{aaar}_araa{DA{~B}A}aaar}D,71.98229344378447
BACE_1402,n1cc(cnc1)-c1cc(ccc1)C1(N=C(C(C)C)C(=N1)N)c1ccccc1,4.7447276,c1cccc(C2(c3cc(-c4cncnc4)ccc3)N=C(N)C(C(C)C)=N2)c1,draa{adar}_araa{aaar}Ar{D~A{A{A}A}A{~Dr}D}araaaaar,72.42304216210381
BACE_1403,O=C1N(C)C(=NC(C1)(C)C1CC1c1ccccc1)N,4.7447276,CN1C(N)=NC(C2CC2c2ccccc2)(C)CC1=O,B~ArD{A}A{~DA{Ar}{A}ArAAraraaaaar}D,72.42304216210381
BACE_1404,S(=O)(=O)(N(C)c1cc(cc(c1)CNC(=O)C([NH3+])(Cc1ccccc1)CO)C(=O)NC(C)c1ccc(F)cc1)C,4.7423215,c1c(CNC(=O)C(CO)(Cc2ccccc2)[NH3+])cc(N(S(=O)(=O)C)C)cc1C(NC(C)c1ccc(F)cc1)=O,E{~B}{~B}{D{A}araa{aa{ar}ADA{~B}A{{DQt%}}{Aaraaaaar}AB}A{~B}DA{A}araaa{G}aar}A,72.45320009146272
BACE_1405,Brc1ccccc1C1C[NH2+]CC1C(=O)N1CCC(CC1)c1ccccc1,4.7212462,c1ccc(C2CCN(C(C3C(c4ccccc4Br)C[NH2+]C3)=O)CC2)cc1,YaraaaaarArA{DQs%}AArA{~B}DrAAA{AAr}araaaaar,72.71735678013634
BACE_1406,O=C(N1CCC(CC1)c1ccccc1)C1C[NH2+]CC1c1ccccc1,4.7212462,C(C1C(c2ccccc2)C[NH2+]C1)(=O)N1CCC(c2ccccc2)CC1,B~A{DrAAA{AAr}araaaaar}ArA{DQs%}AAraraaaaar,72.71735678013634
BACE_1407,FC(F)(F)c1ccc(cc1)\C=C\C(=O)N[C@@H](Cc1ccccc1)C(=O)N[C@H]([C@@H](O)C[C@H](C(=O)NCC(C)C)C)CC(C)C,4.7090755,CC(C)C[C@@H]([C@H](C[C@H](C(NCC(C)C)=O)C)O)NC(=O)[C@@H](NC(=O)/C=C/c1ccc(C(F)(F)F)cc1)Cc1ccccc1,GA{G}{G}araaa{aar}!A~A!A{~B}D{A**Q}{Aaraaaaar}A{~B}D{A*Q}{{A**Q}{B}A{A*Q}{A{~B}DAA{A}A}A}AA{A}A,72.8699036862701
BACE_1408,Brc1cc(ccc1)CCC=1N=C(N)N(C)C(=O)C=1,4.7033348,n1(C)c(=O)cc(CCc2cc(Br)ccc2)nc1N,Yaraa{aaar}AAA~rD~A{D}D{A}A{~B}A~r,72.94185731457758
BACE_1409,O(C)c1cc(ccc1)-c1cc(ccc1)C1(N=C(N)CN1C(=O)C)C,4.6989698,C1N(C(=O)C)C(C)(c2cc(-c3cc(OC)ccc3)ccc2)N=C1N,B{A}araa{aaar}_araa{aaar}Ar{D~A{D}ADrA{~B}A}A,72.99656799229322
BACE_1410,O(C)c1cc(ccc1)[C@]1([NH+]=C(N2C1=NCCC2)N)c1ccccc1,4.6925039,c1(OC)cccc([C@]2(c3ccccc3)C3=NCCCN3C(N)=[NH+]2)c1,B{A}araa{aaar}{A*}r{{DQ%}~A{DsAr~DAAAs}D}araaaaar,73.07761123880906
BACE_1411,O=C1N(C)C(=NC(=C1)C1CC1c1ccc(cc1)-c1cc(ccc1)CC#N)N,4.6861329,C1(c2ccc(-c3cc(CC#N)ccc3)cc2)C(c2cc(=O)n(C)c(N)n2)C1,B~ArD{A}A{~DA{~Ar}ArAAraraaa{aar}_araa{aaar}AA^D}D,73.157465013775
BACE_1412,O=C1N(C)C(=NC(C1)(C)C1CC1c1cc(ccc1)-c1cc(ccc1)CO)N,4.6819367,C1C(c2cccc(-c3cc(CO)ccc3)c2)C1C1(C)N=C(N)N(C)C(=O)C1,B~ArD{A}A{~DA{Ar}{A}ArAAraraa{aaar}_araa{aaar}AB}D,73.21005996127337
BACE_1413,S1(=O)(=O)NCC2(N1c1cc(F)ccc1)CC([NH+](CC2)Cc1ccccc1)C,4.6798539,c1cccc(C[NH+]2CCC3(CC2C)CNS(=O)(=O)N3c2cccc(F)c2)c1,Er{~B}{~B}DAAs{Draraa{G}aaar}AA{{DQ%}{AAs}Aaraaaaar}A,73.23616566563673
BACE_1414,S(=O)(=O)(N1C(C)=C(C(=O)N[C@H]([C@H](O)C[NH2+]C2CC2)Cc2ccccc2)[C@@H](C(C(=O)NOCc2ccccc2)=C1C)c1ccccc1)C,4.6695862,[C@H]([C@H](Cc1ccccc1)NC(C1=C(C)N(S(=O)(C)=O)C(C)=C(C(=O)NOCc2ccccc2)[C@H]1c1ccccc1)=O)(C[NH2+]C1CC1)O,E{~B}{~B}{DrA{A}~A{A{~B}D{A*Q}{{A*Q}{B}A{DQs%}AsAAs}Aasaaaaas}{A**Q}{A{A{~B}DBAasaaaaas}~ArA}araaaaar}A,73.364860471039
BACE_1415,FC(F)(F)c1cc(ccc1)C1([NH+]=C(N2C1=NCCC2)N)c1ccccc1,4.6595559,c1(C2(c3cccc(C(F)(F)F)c3)C3=NCCCN3C(N)=[NH+]2)ccccc1,GA{G}{G}araa{aaar}Ar{{DQ%}~A{DsAr~DAAAs}D}araaaaar,73.49057971747456
BACE_1416,S(=O)(=O)(N(C)c1cc(cc(c1)COCC([NH3+])(Cc1ccccc1)CC)C(=O)NC(C)c1ccc(F)cc1)C,4.6575775,Fc1ccc(C(NC(=O)c2cc(N(S(C)(=O)=O)C)cc(COCC(Cc3ccccc3)([NH3+])CC)c2)C)cc1,E{~B}{~B}{D{A}araa{aa{ar}ABAA{{DQt%}}{Aaraaaaar}AA}A{~B}DA{A}araaa{G}aar}A,73.5153768777936
BACE_1417,S(=O)(=O)(N(C)c1cc(cc(c1)C(OCC(O)(Cc1ccccc1)C[NH3+])=O)C(=O)NC(C)c1ccc(F)cc1)C,4.6536469,c1cc(C(C)NC(c2cc(N(C)S(=O)(C)=O)cc(C(OCC(C[NH3+])(Cc3ccccc3)O)=O)c2)=O)ccc1F,E{~B}{~B}{D{A}araa{aa{ar}A{BAA{B}{Aaraaaaar}A{DQt%}}~B}A{~B}DA{A}araaa{G}aar}A,73.56464280902593
BACE_1418,S(=O)(=O)(N(C)c1cc(cc(c1)C(=O)NC(C)c1ccc(F)cc1)CCCC([NH3+])(Cc1ccccc1)CO)C,4.6497521,N(c1cc(CCCC([NH3+])(CO)Cc2ccccc2)cc(C(NC(C)c2ccc(F)cc2)=O)c1)(C)S(=O)(C)=O,E{~B}{~B}{D{A}araa{aa{ar}A{~B}DA{A}araaa{G}aar}AAAA{{DQt%}}{Aaraaaaar}AB}A,73.61346002496336
BACE_1419,S1(=O)(=O)NCC2(N1c1cc(F)ccc1)CC([NH+](CC2)Cc1cc(OCCC)ccc1)C,4.6363878,C1(C)[NH+](Cc2cc(OCCC)ccc2)CCC2(C1)N(c1cc(F)ccc1)S(=O)(=O)NC2,Er{~B}{~B}DAAs{Draraa{G}aaar}AA{{DQ%}{AAs}Aaraa{BAAA}aaar}A,73.78096744997944
BACE_1420,O(C)c1cc(ccc1)C[NH2+]C[C@@H](O)[C@@H](NC(=O)C=1[C@H](CCC)C(C(=O)C)=C(N(CC(OC(C)C)=O)C=1C)C)Cc1ccccc1,4.6345119,C([NH2+]C[C@H]([C@H](Cc1ccccc1)NC(C1=C(C)N(CC(OC(C)C)=O)C(C)=C(C(=O)C)[C@H]1CCC)=O)O)c1cc(OC)ccc1,B{A}araa{aaar}A{DQs%}A{A**Q}{B}{A**Q}{DA{~B}A~r{A*Q}{AAA}A{A{~B}A}~A{D{AA{BA{A}A}~B}A~rA}A}Aaraaaaar,73.80447988075304
BACE_1421,O=C1N(C)C(=NC(=C1)C1CC1c1ccc(cc1)-c1cc(ccc1)CC)N,4.6345119,C1C(c2ccc(-c3cc(CC)ccc3)cc2)C1c1nc(N)n(C)c(=O)c1,B~ArD{A}A{~DA{~Ar}ArAAraraaa{aar}_araa{aaar}AA}D,73.80447988075304
BACE_1422,O(C)c1ccc(cc1)-c1cc(ccc1)C1CC1C1(N=C(N)N(C)C(=O)C1)C,4.6326442,O(C)c1ccc(-c2cccc(C3C(C4(C)N=C(N)N(C)C(=O)C4)C3)c2)cc1,B{A}araaa{aar}_araa{aaar}ArAArAr{D~A{D}D{A}A{~B}Ar}A,73.82788953316299
BACE_1423,O=C1N(C)C(=NC(=C1)C1CC1c1ccc(cc1)-c1cc(ccc1)COC)N,4.6143937,C1C(c2cc(=O)n(C)c(N)n2)C1c1ccc(-c2cccc(COC)c2)cc1,B~ArD{A}A{~DA{~Ar}ArAAraraaa{aar}_araa{aaar}ABA}D,74.05664032895895
BACE_1424,O=C1N(C)C(=NC(=C1)C1CC1c1ccc(cc1)-c1cc(ccc1)CCO)N,4.6108341,c1c(-c2cccc(CCO)c2)ccc(C2CC2c2nc(N)n(C)c(=O)c2)c1,B~ArD{A}A{~DA{~Ar}ArAAraraaa{aar}_araa{aaar}AAB}D,74.10125616593412
BACE_1425,O(C(=O)C1=CN(C=C(C(=O)N[C@H]([C@H](O)C[NH2+]C2CC2)Cc2ccccc2)[C@@H]1CCC)CC(OC(C)C)=O)C(C)(C)C,4.6090651,c1cccc(C[C@@H]([C@H](O)C[NH2+]C2CC2)NC(=O)C2=CN(CC(OC(C)C)=O)C=C(C(OC(C)(C)C)=O)[C@H]2CCC)c1,B{A{~B}Ar~AD{A~A{A{~B}D{A*Q}{{A*Q}{B}A{DQs%}AsAAs}Aasaaaaas}{A**Q}rAAA}AA{BA{A}A}~B}A{A}{A}A,74.12342871779643
BACE_1426,S(=O)(=O)(N(C)c1cc(cc(c1)C(=O)NCC(O)(Cc1ccccc1)CO)C(=O)NC(C)c1ccc(F)cc1)C,4.6038008,c1c(C(NCC(CO)(O)Cc2ccccc2)=O)cc(C(=O)NC(c2ccc(F)cc2)C)cc1N(C)S(=O)(C)=O,E{~B}{~B}{D{A}araa{aa{ar}A{~B}DAA{B}{Aaraaaaar}AB}A{~B}DA{A}araaa{G}aar}A,74.18941117385562
BACE_1427,s1cc(nc1N)C1(CCCC1)c1ccc(OC)cc1,4.6020598,O(c1ccc(C2(c3nc(N)sc3)CCCC2)cc1)C,eraa{darD}Ar{AAAAr}araaa{BA}aar,74.21123277520796
BACE_1428,O=C1N(C)C(=NC(=C1)C1CC1c1ccc(cc1)-c1ccccc1)N,4.5917602,c1(-c2ccccc2)ccc(C2C(c3nc(N)n(C)c(=O)c3)C2)cc1,B~ArD{A}A{~DA{~Ar}ArAAraraaa{aar}_araaaaar}D,74.34032741351265
BACE_1429,O(C)c1cc(ccc1)C[NH2+]C[C@@H](O)[C@@H](NC(=O)C1=CN(CC(OC(C)C)=O)C(C)=C(C(=O)C)[C@H]1C)Cc1ccccc1,4.5833597,[NH2+](C[C@H]([C@H](Cc1ccccc1)NC(=O)C1=CN(CC(=O)OC(C)C)C(C)=C(C(=O)C)[C@H]1C)O)Cc1cc(OC)ccc1,B{A}araa{aaar}A{DQs%}A{A**Q}{B}{A**Q}{DA{~B}Ar~AD{AA{BA{A}A}~B}A{A}~A{A{~B}A}{A*Q}rA}Aaraaaaar,74.44561883347835
BACE_1430,Fc1cc(NC[C@@H](O)[C@@H](NC(=O)C=2[C@H](C)C(C(=O)C)=C(N(CC(OC(C)C)=O)C=2C)C)Cc2ccccc2)ccc1,4.5783958,C1(C)=C(C(=O)N[C@@H](Cc2ccccc2)[C@H](O)CNc2cc(F)ccc2)[C@H](C)C(C(=O)C)=C(C)N1CC(OC(C)C)=O,Garaa{DA{A**Q}{B}{A**Q}{DA{~B}A~s{A*Q}{A}A{A{~B}A}~A{D{AA{BA{A}A}~B}A~sA}A}Aasaaaaas}aaar,74.50783609192341
BACE_1431,O(C)c1cc(NC[C@@H](O)[C@@H](NC(=O)C=2[C@H](CCC)C(C(=O)C)=C(N(CC(OC(C)C)=O)C=2C)C)Cc2ccccc2)ccc1,4.5751185,O=C(C1=C(C)N(CC(=O)OC(C)C)C(C)=C(C(N[C@@H](Cc2ccccc2)[C@H](O)CNc2cc(OC)ccc2)=O)[C@@H]1CCC)C,B{A}araa{DA{A**Q}{B}{A**Q}{DA{~B}A~s{A*Q}{AAA}A{A{~B}A}~A{D{AA{BA{A}A}~B}A~sA}A}Aasaaaaas}aaar,74.54891359572123
BACE_1432,Clc1cc(cc(F)c1)-c1cc(ccc1)C12N=C(OC1CCCC2)N,4.5751185,c1(Cl)cc(-c2cc(C34N=C(N)OC3CCCC4)ccc2)cc(F)c1,Zaraa{aa{G}ar}_araa{aaar}ArsD~A{BArAAAAs}D,74.54891359572123
BACE_1433,O(C(=O)C=1[C@@H](C)C(C(=O)N[C@H]([C@H](O)C[NH2+]C2CC2)Cc2ccccc2)=C(N(CCCOC(=O)C)C=1C)C)Cc1ccccc1,4.5702477,[NH2+](C[C@@H](O)[C@H](Cc1ccccc1)NC(=O)C1=C(C)N(CCCOC(=O)C)C(C)=C(C(=O)OCc2ccccc2)[C@H]1C)C1CC1,B{A{~B}A~r{A**Q}{A}A{A{~B}D{A*Q}{{A*Q}{B}A{DQs%}AsAAs}Aasaaaaas}~A{D{AAABA{~B}A}A~rA}A}Aaraaaaar,74.60996394372062
BACE_1434,Fc1cc(NC[C@@H](O)[C@@H](NC(=O)C=2[C@H](CCC)C(C(=O)C)=C(N(CC(OC(C)C)=O)C=2C)C)Cc2ccccc2)ccc1,4.5670309,c1cccc(C[C@@H]([C@H](O)CNc2cccc(F)c2)NC(C2=C(C)N(CC(=O)OC(C)C)C(C)=C(C(=O)C)[C@H]2CCC)=O)c1,Garaa{DA{A**Q}{B}{A**Q}{DA{~B}A~s{A*Q}{AAA}A{A{~B}A}~A{D{AA{BA{A}A}~B}A~sA}A}Aasaaaaas}aaar,74.65028314373795
BACE_1435,O=C([O-])C(NC1=NC(Cc2c1cccc2)(C)C)Cc1ccccc1,4.5654311,c1cc(CC(NC2=NC(C)(C)Cc3c2cccc3)C([O-])=O)ccc1,B~A{{B_}}A{DAr~DA{Aasaraaaas}{A}A}Aaraaaaar,74.67033495180428
BACE_1436,Fc1ccc(nc1)C(=O)Nc1cc(ccc1)C12N=C(OC1COCC2)N,4.5638375,C12(c3cc(NC(c4ccc(F)cn4)=O)ccc3)C(OC(N)=N1)COCC2,Garaaa{dar}A{~B}Daraa{aaar}ArsD~A{BArABAAs}D,74.69030904940053
BACE_1437,O(C(=O)C=1[C@@H](C)C(C(=O)N[C@H]([C@H](O)C[NH2+]C2CC2)Cc2ccccc2)=C(N(CC(=O)N(C(C)C)C)C=1C)C)Cc1ccccc1,4.5497508,[C@@H]([C@H](O)C[NH2+]C1CC1)(Cc1ccccc1)NC(C1=C(C)N(CC(=O)N(C(C)C)C)C(C)=C(C(=O)OCc2ccccc2)[C@H]1C)=O,B{A{~B}A~r{A**Q}{A}A{A{~B}D{A*Q}{{A*Q}{B}A{DQs%}AsAAs}Aasaaaaas}~A{D{AA{~B}D{A{A}A}A}A~rA}A}Aaraaaaar,74.86687099757394
BACE_1438,O1CCN(CC1)C(=O)CN1C(C)=C(C(=O)N[C@H]([C@H](O)C[NH2+]C2CC2)Cc2ccccc2)[C@H](C)C(C(OCc2ccccc2)=O)=C1C,4.5466819,c1c(COC(C2=C(C)N(CC(=O)N3CCOCC3)C(C)=C(C(N[C@@H](Cc3ccccc3)[C@@H](C[NH2+]C3CC3)O)=O)[C@@H]2C)=O)cccc1,BrAAD{AAr}A{~B}ADrA{A}~A{A{~B}D{A*Q}{{A*Q}{B}A{DQs%}AsAAs}Aasaaaaas}{A*Q}{A}A{A{BAasaaaaas}~B}~ArA,74.90533642686181
BACE_1439,O(C(C)C)C(=O)CN1C(C)=C(C(=O)C)[C@@H](C)C(C(=O)N[C@H]([C@H](O)C[NH2+]C2CC2)Cc2ccccc2)=C1C,4.5331326,C1(C)=C(C(N[C@@H](Cc2ccccc2)[C@@H](C[NH2+]C2CC2)O)=O)[C@H](C)C(C(=O)C)=C(C)N1CC(=O)OC(C)C,B{A{A}A}A{~B}ADrA{A}~A{A{~B}A}{A**Q}{A}A{A{~B}D{A*Q}{{A*Q}{B}A{DQs%}AsAAs}Aasaaaaas}~ArA,75.07516263203306
BACE_1440,Fc1cc(NC[C@@H](O)[C@@H](NC(=O)C2=CN(CC(OC(C)C)=O)C(C)=C(C(=O)C)[C@H]2C)Cc2ccccc2)ccc1,4.5331326,C(OC(C)C)(=O)CN1C=C(C(=O)N[C@H]([C@H](O)CNc2cc(F)ccc2)Cc2ccccc2)[C@H](C)C(C(C)=O)=C1C,Garaa{DA{A**Q}{B}{A**Q}{DA{~B}As~AD{AA{BA{A}A}~B}A{A}~A{A{~B}A}{A*Q}sA}Aasaaaaas}aaar,75.07516263203306
BACE_1441,Brc1ccc(cc1)COC(=O)C1[NH2+]CC2(C1)c1c(NC2=O)cccc1,4.5301781,c1cc2c(cc1)C1(CC(C(OCc3ccc(Br)cc3)=O)[NH2+]C1)C(=O)N2,Yaraaa{aar}ABA{~B}Ar{DQs%}AAs{Ar}ara{DAs~B}aaaar,75.11219417780875
BACE_1442,O(C(C)C)C(=O)CN1C=C(C(=O)N[C@H](C)c2ccccc2)[C@@H](CCC)C(=C1)C(=O)N[C@H]([C@H](O)C[NH2+]C1CC1)Cc1ccccc1,4.5287085,c1c(C[C@H](NC(C2=CN(CC(=O)OC(C)C)C=C(C(=O)N[C@H](C)c3ccccc3)[C@H]2CCC)=O)[C@@H](C[NH2+]C2CC2)O)cccc1,B{A{A}A}A{~B}ADrA~A{A{~B}D{A*Q}{A}asaaaaas}{A**Q}{AAA}A{~Ar}A{~B}D{A*Q}{{A*Q}{B}A{DQs%}ArAAr}Aaraaaaar,75.13061406600369
BACE_1443,s1c(nnc1C([NH3+])(Cc1ccccc1)C)-c1cc(cc(N(S(=O)(=O)C)C)c1)C(=O)NC(C)c1ccc(F)cc1,4.5243287,c1c(C(=O)NC(C)c2ccc(F)cc2)cc(N(C)S(=O)(=O)C)cc1-c1sc(C([NH3+])(C)Cc2ccccc2)nn1,era{ddarA{{DQt%}}{Aaraaaaar}A}_araa{aa{D{E{~B}{~B}A}A}ar}A{~B}DA{A}araaa{G}aar,75.18551024613174
BACE_1444,s1cccc1C1([NH2+]CC(O)C(NC(=O)C)Cc2cc(F)cc(F)c2)CCCCC1,4.5228786,c1c(CC(NC(C)=O)C(O)C[NH2+]C2(c3sccc3)CCCCC2)cc(F)cc1F,eraaaarAr{{DQs%}AA{B}A{DA{~B}A}Aasaa{G}aa{G}as}AAAAAr,75.20368572236437
BACE_1445,Clc1ccc(nc1)C(=O)Nc1cc(ccc1)[C@@]1(N=C(N)CN(C)C1=O)C,4.5228786,c1c([C@@]2(C)C(=O)N(C)CC(N)=N2)cccc1NC(=O)c1ccc(Cl)cn1,Zaraaa{dar}A{~B}Daraa{aaar}{A**}r{D~A{D}AD{A}Ar~B}A,75.20368572236437
BACE_1446,Clc1ccc(nc1)C(=O)Nc1cc(ccc1)[C@@]1(N=C(N)C(=O)N(C1)C)C,4.5228786,c1([C@]2(C)N=C(N)C(=O)N(C)C2)cccc(NC(c2ccc(Cl)cn2)=O)c1,Zaraaa{dar}A{~B}Daraa{aaar}{A**}r{D~A{D}A{~B}D{Ar}A}A,75.20368572236437
BACE_1447,Clc1ccc(nc1)C(=O)Nc1cc([C@@]2(N=C(N)C(=O)N(C2)C)C)c(F)cc1,4.5228786,c1(NC(=O)c2ccc(Cl)cn2)cc([C@]2(C)N=C(N)C(=O)N(C)C2)c(F)cc1,Zaraaa{dar}A{~B}Daraa{{A**}s{D~A{D}A{~B}D{As}A}A}a{G}aar,75.20368572236437
BACE_1448,[NH+]=1[C@@](C=2N(CCCN=2)C=1N)(c1cc(ccc1)C(C)(C)C)c1ccccc1,4.5199928,c1([C@]2(c3cccc(C(C)(C)C)c3)[NH+]=C(N)N3CCCN=C23)ccccc1,{DQ%}~r{A**}{A~sD{AAAD~s}A~rD}{araa{aaar}A{A}{A}A}araaaaar,75.23985618599596
BACE_1449,O(C)c1cc(NC[C@@H](O)[C@@H](NC(=O)C2=CN(C=C(C(OC(C)(C)C)=O)[C@H]2CCC)CC(OC(C)C)=O)Cc2ccccc2)ccc1,4.5171266,CC(C)OC(CN1C=C(C(=O)OC(C)(C)C)[C@@H](CCC)C(C(=O)N[C@@H](Cc2ccccc2)[C@@H](CNc2cccc(OC)c2)O)=C1)=O,B{A}araa{DA{A**Q}{B}{A**Q}{DA{~B}As~AD{A~A{A{BA{A}{A}A}~B}{A*Q}sAAA}AA{BA{A}A}~B}Aasaaaaas}aaar,75.27578098427054
BACE_1450,O(C)c1cc(NC[C@@H](O)[C@@H](NC(=O)C2=CN(C=C(C(=O)N[C@H](C)c3ccccc3)[C@H]2CCC)CC(OC(C)C)=O)Cc2ccccc2)ccc1,4.5058455,c1(OC)cccc(NC[C@@H](O)[C@H](Cc2ccccc2)NC(=O)C2=CN(CC(OC(C)C)=O)C=C(C(=O)N[C@@H](c3ccccc3)C)[C@H]2CCC)c1,B{A}araa{DA{A**Q}{B}{A**Q}{DA{~B}As~AD{A~A{A{~B}D{A*Q}{A}ataaaaat}{A*Q}sAAA}AA{BA{A}A}~B}Aasaaaaas}aaar,75.4171776913445
BACE_1451,O(C(=O)C1=CN(C=C(C(=O)N[C@H]([C@H](O)C[NH2+]C2CC2)Cc2ccccc2)[C@@H]1C)CC(OC(C)C)=O)C(C)(C)C,4.4962091,C(C(OC(C)C)=O)N1C=C(C(=O)OC(C)(C)C)[C@@H](C)C(C(N[C@@H](Cc2ccccc2)[C@@H](C[NH2+]C2CC2)O)=O)=C1,B{A{~B}Ar~AD{A~A{A{~B}D{A*Q}{{A*Q}{B}A{DQs%}AsAAs}Aasaaaaas}{A**Q}rA}AA{BA{A}A}~B}A{A}{A}A,75.53795981614154
BACE_1452,s1cc(nc1N)C(Cc1ccccc1)c1ccc(OC)cc1,4.4948502,c1cc(OC)ccc1C(c1csc(N)n1)Cc1ccccc1,eraa{darD}A{Aaraaaaar}araaa{BA}aar,75.55499219642739
BACE_1453,O(C(C)C)C(=O)CN1C=C(C(=O)N[C@H](C)c2ccccc2)[C@@H](C)C(=C1)C(=O)N[C@H]([C@H](O)C[NH2+]C1CC1)Cc1ccccc1,4.4841261,N1(CC(=O)OC(C)C)C=C(C(=O)N[C@H]([C@@H](C[NH2+]C2CC2)O)Cc2ccccc2)[C@H](C)C(C(=O)N[C@@H](c2ccccc2)C)=C1,B{A{A}A}A{~B}ADrA~A{A{~B}D{A*Q}{A}asaaaaas}{A**Q}{A}A{~Ar}A{~B}D{A*Q}{{A*Q}{B}A{DQs%}ArAAr}Aaraaaaar,75.68940749514225
BACE_1454,O(C(C)C)C(=O)CN1C(C)=C(C(=O)C)[C@@H](CCC)C(C(=O)N[C@H]([C@H](O)C[NH2+]C2CC2)Cc2ccccc2)=C1C,4.4801722,CC(=O)C1=C(C)N(CC(=O)OC(C)C)C(C)=C(C(=O)N[C@H]([C@H](O)C[NH2+]C2CC2)Cc2ccccc2)[C@@H]1CCC,B{A{A}A}A{~B}ADrA{A}~A{A{~B}A}{A**Q}{AAA}A{A{~B}D{A*Q}{{A*Q}{B}A{DQs%}AsAAs}Aasaaaaas}~ArA,75.73896546733467
BACE_1455,O1C2CCCCC2(N=C1N)c1cc(ccc1)-c1cc(ccc1)C#N,4.4685211,c1cc(C23N=C(N)OC2CCCC3)cc(-c2cccc(C#N)c2)c1,BrAsAAAAAs{D~ArD}araa{aaar}_araa{aaar}A^D,75.88499973471902
BACE_1456,O(CC1CC1)c1cc(ccc1)-c1ccc(cc1)C1CC1C=1N=C(N)N(C)C(=O)C=1,4.4672456,O(CC1CC1)c1cc(-c2ccc(C3CC3c3cc(=O)n(C)c(N)n3)cc2)ccc1,B{AArAAr}araa{aaar}_araaa{aar}ArAArA~rD~A{D}D{A}A{~B}A~r,75.90098678384302
BACE_1457,O(C)c1cc(ccc1)C([NH2+]CC(O)C(NC(=O)c1cc(N2CCCC2=O)c2c(n(cc2)CC)c1)Cc1ccccc1)(C)C,4.4559321,c1ccccc1CC(C(C[NH2+]C(c1cc(OC)ccc1)(C)C)O)NC(=O)c1cc(N2CCCC2=O)c2c(n(CC)cc2)c1,B{A}araa{aaar}A{{DQs%}AA{B}A{DA{~B}araa{DsAAAAs~B}asa{d{aas}AA}ar}Aaraaaaar}{A}A,76.04278959079282
BACE_1458,O1C2CCCCC2(N=C1N)c1cc(ccc1)-c1cncnc1,4.4522252,c1c(C23C(CCCC2)OC(N)=N3)cccc1-c1cncnc1,BrAsAAAAAs{D~ArD}araa{aaar}_aradadar,76.0892516781294
BACE_1459,O1C2COCCC2(N=C1N)c1cc(ccc1)-c1cc(OC)ccc1,4.4306259,C12C(c3cccc(-c4cccc(OC)c4)c3)(CCOC1)N=C(N)O2,BrAsABAAAs{D~ArD}araa{aaar}_araa{BA}aaar,76.35997615491827
BACE_1460,Clc1ccc(cc1)C1(CCCC1)c1nc(sc1)N,4.4202166,Nc1scc(C2(c3ccc(Cl)cc3)CCCC2)n1,Zaraaa{aar}Ar{AAAAr}arda{ear}D,76.49044576718526
BACE_1461,O(C)c1cc(ccc1)C[NH2+]CC(O)C(NC(=O)c1c2c(n(c1)CCCC)cccc2)Cc1ccccc1,4.4202166,c1c(OC)cc(C[NH2+]CC(O)C(Cc2ccccc2)NC(c2c3c(cccc3)n(CCCC)c2)=O)cc1,B{A}araa{aaar}A{DQs%}AA{B}A{DA{~B}arasa{d{ar}AAAA}aaaas}Aaraaaaar,76.49044576718526
BACE_1462,O1C2CCCCC2(N=C1N)c1cc(ccc1)-c1cc(OC)ccc1,4.4202166,C1C2OC(N)=NC2(c2cc(-c3cccc(OC)c3)ccc2)CCC1,BrAsAAAAAs{D~ArD}araa{aaar}_araa{BA}aaar,76.49044576718526
BACE_1463,O1C2COCCC2(N=C1N)c1cc(NC(=O)c2nc(oc2)C)ccc1,4.4179368,O1C(N)=NC2(c3cccc(NC(c4coc(C)n4)=O)c3)C1COCC2,BrAsABAAAs{D~ArD}araa{DA{~B}asda{bas}A}aaar,76.51902065906526
BACE_1464,O(C(=O)C=1[C@H](C)C(C(=O)N[C@H]([C@H](O)C[NH2+]C2CC2)Cc2ccccc2)=C(N(CC(=O)N(C)C)C=1C)C)Cc1ccccc1,4.4078231,CN(C)C(CN1C(C)=C(C(N[C@@H](Cc2ccccc2)[C@@H](C[NH2+]C2CC2)O)=O)[C@@H](C)C(C(OCc2ccccc2)=O)=C1C)=O,B{A{~B}A~r{A*Q}{A}A{A{~B}D{A*Q}{{A*Q}{B}A{DQs%}AsAAs}Aasaaaaas}~A{D{AA{~B}D{A}A}A~rA}A}Aaraaaaar,76.64578523666266
BACE_1465,O=C1N(C)C(=NC(=C1)C1CC1c1ccc(cc1)-c1ccccc1C)N,4.4045038,c1(C2CC2c2ccc(-c3c(C)cccc3)cc2)cc(=O)n(C)c(N)n1,B~ArD{A}A{~DA{~Ar}ArAAraraaa{aar}_araaaaarA}D,76.68738916622544
BACE_1466,S(=O)(=O)(N(Cc1ccccc1)C)c1cc(ccc1)C(=O)NC(Cc1ccccc1)C(O)C[NH2+]C(C(=O)NC1CCCCC1)C,4.3872161,[NH2+](C(C)C(=O)NC1CCCCC1)CC(C(Cc1ccccc1)NC(c1cc(S(=O)(=O)N(Cc2ccccc2)C)ccc1)=O)O,E{~B}{~B}{D{Aaraaaaar}A}araa{aaar}A{~B}DA{Aaraaaaar}A{B}A{DQs%}A{A{~B}DArAAAAAr}A,76.90407227805699
BACE_1467,Clc1ccc(nc1)C(=O)Nc1cc(ccc1)C12N=C(SCCC1C2)N,4.3851027,NC1=NC2(c3cc(NC(=O)c4ncc(Cl)cc4)ccc3)C(C2)CCS1,Zaraaa{dar}A{~B}Daraa{aaar}ArsD~A{EAAArAs}D,76.93056152119198
BACE_1468,Fc1cc(cc(F)c1)CC(NC(=O)C)C(O)C[NH2+]C1(CC1)c1occ(n1)C(C)(C)C,4.3677454,C(c1cc(F)cc(F)c1)C(NC(C)=O)C(O)C[NH2+]C1(c2nc(C(C)(C)C)co2)CC1,Garaa{aa{G}ar}AA{DA{~B}A}A{B}A{DQs%}Ar{AAr}arbaa{dr}A{A}{A}A,77.14811699571975
BACE_1469,S(=O)(=O)(Cc1cc(ccc1)C(=O)NC(Cc1ccccc1)C(O)C[NH2+]C(C(=O)NC1CCCCC1)C)c1ccccc1,4.3565474,N(C(C(C[NH2+]C(C(NC1CCCCC1)=O)C)O)Cc1ccccc1)C(=O)c1cccc(CS(=O)(=O)c2ccccc2)c1,E{~B}{~B}{Aaraa{aaar}A{~B}DA{Aaraaaaar}A{B}A{DQs%}A{A{~B}DArAAAAAr}A}araaaaar,77.28847213181591
BACE_1470,O(C)c1ccc(cc1C)[C@]1(N=C(N)N(C)C1=O)C12CC3CC(C1)CC(C2)C3,4.3467875,NC1=N[C@](C23CC4CC(C2)CC(C3)C4)(c2ccc(OC)c(C)c2)C(=O)N1C,B{A}araaa{aarA}{A*}r{D~A{D}D{A}Ar~B}ArsAAtAA{Ar}AA{As}At,77.41080219904086
BACE_1471,Clc1cc(cnc1)-c1cc(ccc1)C12N=C(OC1COCC2)N,4.3391347,c1ccc(-c2cc(Cl)cnc2)cc1C12N=C(N)OC1COCC2,Zaraa{adar}_araa{aaar}ArsD~A{BArABAAs}D,77.50672198699554
BACE_1472,O1C2COCCC2(N=C1N)c1cc(ccc1)-c1cc(ccc1)C#N,4.3334818,C1OCC2C(c3cccc(-c4cccc(C#N)c4)c3)(N=C(N)O2)C1,BrAsABAAAs{D~ArD}araa{aaar}_araa{aaar}A^D,77.57757513477533
BACE_1473,s1cc(cc1)-c1ccc(cc1)C1CC1C=1N=C(N)N(C)C(=O)C=1,4.3325472,c1(-c2ccc(C3CC3c3nc(N)n(C)c(=O)c3)cc2)cscc1,eraa{aar}_araaa{aar}ArAArA~rD~A{D}D{A}A{~B}A~r,77.58928936144041
BACE_1474,Fc1ncccc1-c1cc(ccc1)C12N=C(OC1CCCC2)N,4.3306832,c1cc(-c2c(F)nccc2)cc(C23C(OC(N)=N2)CCCC3)c1,Gardaaaar_araa{aaar}ArsD~A{BArAAAAs}D,77.61265263824727
BACE_1475,Brc1ccccc1C1C[NH2+]CC1C(=O)N1CCOCC1c1ccccc1,4.3279023,C1COCC(c2ccccc2)N1C(=O)C1C[NH2+]CC1c1c(Br)cccc1,YaraaaaarArA{DQs%}AArA{~B}DrAABAAraraaaaar,77.64750829086111
BACE_1476,O=C1N(Cc2ccc(cc2)CNC(=O)NCCCC)C(NC1(CCc1ccccc1)CC(C)C)=N,4.3010302,CC(CC1(CCc2ccccc2)NC(=N)N(Cc2ccc(CNC(=O)NCCCC)cc2)C1=O)C,B~ArD{Aasaaa{aas}ADA{~B}DAAAA}A{DAr{AAaraaaaar}AA{A}A}~D,77.98432176225688
BACE_1477,S(=O)(=O)(Cc1ccccc1)c1cc(ccc1)C(=O)NC(Cc1ccccc1)C(O)C[NH2+]C(C(=O)NC1CCCCC1)C,4.3010302,C1(NC(=O)C(C)[NH2+]CC(O)C(NC(c2cccc(S(=O)(Cc3ccccc3)=O)c2)=O)Cc2ccccc2)CCCCC1,E{~B}{~B}{Aaraaaaar}araa{aaar}A{~B}DA{Aaraaaaar}A{B}A{DQs%}A{A{~B}DArAAAAAr}A,77.98432176225688
BACE_1478,s1cc(cc1-c1ccc(cc1)C1CC1C=1N=C(N)N(C)C(=O)C=1)C,4.294992,C1C(c2cc(=O)n(C)c(N)n2)C1c1ccc(-c2cc(C)cs2)cc1,eraa{aar_araaa{aar}ArAArA~rD~A{D}D{A}A{~B}A~r}A,78.06000423973283
BACE_1479,O(C)c1nc(ccc1)-c1ccc(cc1)C1CC1C=1N=C(N)N(C)C(=O)C=1,4.273273,COc1cccc(-c2ccc(C3CC3c3cc(=O)n(C)c(N)n3)cc2)n1,B{A}arda{aaar}_araaa{aar}ArAArA~rD~A{D}D{A}A{~B}A~r,78.33222902995186
BACE_1480,Clc1cc2nc(n(c2cc1)C(CC(C)C)CC(=O)NCc1cc(F)ccc1)N,4.2676063,c1c(F)cccc1CNC(CC(n1c2c(cc(Cl)cc2)nc1N)CC(C)C)=O,Zaraasda{d{asaar}A{AA{A}A}AA{~B}DAaraa{G}aaar}D,78.40325514619728
BACE_1481,O(C(C)C)c1cc(ccc1)-c1ccc(cc1)C1CC1C=1N=C(N)N(C)C(=O)C=1,4.2676063,c1cc(-c2ccc(C3CC3c3nc(N)n(C)c(=O)c3)cc2)cc(OC(C)C)c1,B{A{A}A}araa{aaar}_araaa{aar}ArAArA~rD~A{D}D{A}A{~B}A~r,78.40325514619728
BACE_1482,Brc1ccccc1C1C[NH2+]CC1C(=O)N1CCCCC1c1ccccc1,4.2441254,c1cccc(C2N(C(=O)C3C(c4ccccc4Br)C[NH2+]C3)CCCC2)c1,YaraaaaarArA{DQs%}AArA{~B}DrAAAAAraraaaaar,78.69756349725643
BACE_1483,Clc1cc2nc(n(c2cc1)CCCC(=O)N(CC1CCCCC1)C)N,4.2291479,c1(Cl)ccc2n(CCCC(=O)N(C)CC3CCCCC3)c(N)nc2c1,Zaraasda{d{asaar}AAAA{~B}D{AArAAAAAr}A}D,78.88529068522573
BACE_1484,o1cccc1-c1ccc(cc1)C1CC1C=1N=C(N)N(C)C(=O)C=1,4.2291479,o1c(-c2ccc(C3CC3c3cc(=O)n(C)c(N)n3)cc2)ccc1,braaaar_araaa{aar}ArAArA~rD~A{D}D{A}A{~B}A~r,78.88529068522573
BACE_1485,O=C1N(C)C(=NC(=C1)C1CC1c1ccc(cc1)-c1cc(ccc1)C(=O)N)N,4.2225733,Cn1c(N)nc(C2C(c3ccc(-c4cccc(C(=O)N)c4)cc3)C2)cc1=O,B~ArD{A}A{~DA{~Ar}ArAAraraaa{aar}_araa{aaar}A{~B}D}D,78.96769637175707
BACE_1486,Brc1cc(ccc1O)CC1CS(=O)(=O)CC([NH2+]Cc2ccccc2)C1O,4.1804562,C1(O)C(Cc2ccc(O)c(Br)c2)CS(=O)(=O)CC1[NH2+]Cc1ccccc1,Yaraa{aaarB}AArAE{~B}{~B}AA{{DQs%}Aasaaaaas}ArB,79.49558986188705
BACE_1487,O=C1N(C)C(=NC(=C1)C1CC1c1ccc(cc1)-c1cc(NC(=O)C)ccc1)N,4.154902,c1c(-c2ccc(C3C(c4nc(N)n(C)c(=O)c4)C3)cc2)cccc1NC(=O)C,B~ArD{A}A{~DA{~Ar}ArAAraraaa{aar}_araa{DA{~B}A}aaar}D,79.81588484481513
BACE_1488,S(=O)(=O)(N(C)c1cc(cc(OCCC([NH3+])(Cc2ccccc2)CO)c1)C(=O)NC(C)c1ccc(F)cc1)C,4.1518106,O=C(NC(C)c1ccc(F)cc1)c1cc(OCCC([NH3+])(Cc2ccccc2)CO)cc(N(S(=O)(=O)C)C)c1,E{~B}{~B}{D{A}araa{aa{BAAA{{DQt%}}{Aasaaaaas}AB}ar}A{~B}DA{A}araaa{G}aar}A,79.85463228790564
BACE_1489,Clc1cc2nc(n(c2cc1)C(CC(=O)NCc1ccccc1)CC)N,4.1426673,C(C(CC(=O)NCc1ccccc1)n1c2ccc(Cl)cc2nc1N)C,Zaraasda{d{asaar}A{AA{~B}DAaraaaaar}AA}D,79.9692339235431
BACE_1490,Clc1cc2CC(N=C(NC(Cc3ccccc3)c3nc4occc4cn3)c2cc1)(C)C,4.1325326,c1cccc(CC(NC2=NC(C)(C)Cc3c2ccc(Cl)c3)c2nc3occc3cn2)c1,ZaraasAA{D~A{DA{Aataaaaat}atdaubaaauadt}asaar}{A}A,80.09626171402299
BACE_1491,Clc1cc2nc(n(c2cc1)C(CC(=O)NC(C(OC)=O)COC(C)(C)C)CC)N,4.124939,c1cc2n(C(CC)CC(=O)NC(C(=O)OC)COC(C)(C)C)c(N)nc2cc1Cl,Zaraasda{d{asaar}A{AA{~B}DA{A{BA}~B}ABA{A}{A}A}AA}D,80.19143949232803
BACE_1492,Clc1cc2nc(n(c2cc1)CCCC(=O)NCC1CCCCC1)N,4.0809221,N(C(=O)CCCn1c(N)nc2cc(Cl)ccc21)CC1CCCCC1,Zaraasda{d{asaar}AAAA{~B}DAArAAAAAr}D,80.74314497455977
BACE_1493,O(C(=O)C1[NH2+]CC2(C1)c1c(NC2=O)cccc1)C1CCN(CC1)C(=O)C,4.0772743,C1N(C(C)=O)CCC(OC(=O)C2CC3(c4c(cccc4)NC3=O)C[NH2+]2)C1,B{A{~B}Ar{DQs%}AAs{Ar}ara{DAs~B}aaaar}ArAAD{AAr}A{~B}A,80.78886630564138
BACE_1494,Clc1cc2nc(n(c2cc1)C(CC(=O)NC(C(=O)[O-])COC(C)(C)C)CC)N,4.0604806,C(C(C([O-])=O)NC(CC(n1c(N)nc2cc(Cl)ccc21)CC)=O)OC(C)(C)C,Zaraasda{d{asaar}A{AA{~B}DA{A{~B}{B_}}ABA{A}{A}A}AA}D,80.99935764776123
BACE_1495,Clc1cc2nc(n(c2cc1)C(CC(=O)NCCC(C)(C)C)CC)N,4.0222764,O=C(CC(n1c(N)nc2cc(Cl)ccc21)CC)NCCC(C)(C)C,Zaraasda{d{asaar}A{AA{~B}DAAA{A}{A}A}AA}D,81.47820705751698
BACE_1496,S1(=O)(=O)NCC2(N1c1cc(F)ccc1)CC([NH+](CC2)Cc1cc(OC)ccc1)C,4.0030508,O=S1(=O)NCC2(CC(C)[NH+](Cc3cccc(OC)c3)CC2)N1c1cc(F)ccc1,Er{~B}{~B}DAAs{Draraa{G}aaar}AA{{DQ%}{AAs}Aaraa{BA}aaar}A,81.7191797048228
BACE_1497,S(=O)(=O)(N(C)c1cc(cc(c1)C(OCC([NH2+]C)(Cc1ccccc1)CO)=O)C(=O)NC(C)c1ccc(F)cc1)C,4.0,c1c(F)ccc(C(C)NC(c2cc(N(C)S(C)(=O)=O)cc(C(=O)OCC(Cc3ccccc3)(CO)[NH2+]C)c2)=O)c1,E{~B}{~B}{D{A}araa{aa{ar}A{BAA{{DQs%}A}{Aaraaaaar}AB}~B}A{~B}DA{A}araaa{G}aar}A,81.75741826967385
BACE_1498,S(=O)(=O)(N(C)c1cc(cc(NCCC([NH3+])(Cc2ccccc2)CO)c1)C(=O)NC(C)c1ccc(F)cc1)C,4.0,O=S(C)(=O)N(c1cc(NCCC([NH3+])(Cc2ccccc2)CO)cc(C(=O)NC(C)c2ccc(F)cc2)c1)C,E{~B}{~B}{D{A}araa{aa{DAAA{{DQt%}}{Aasaaaaas}AB}ar}A{~B}DA{A}araaa{G}aar}A,81.75741826967385
BACE_1499,S(CCC([NH3+])(Cc1ccccc1)CO)c1cc(cc(N(S(=O)(=O)C)C)c1)C(=O)NC(C)c1ccc(F)cc1,4.0,CS(=O)(=O)N(c1cc(SCCC(CO)(Cc2ccccc2)[NH3+])cc(C(=O)NC(C)c2ccc(F)cc2)c1)C,E{AAA{{DQt%}}{Aaraaaaar}AB}araa{aa{D{E{~B}{~B}A}A}ar}A{~B}DA{A}araaa{G}aar,81.75741826967385
BACE_1500,S(=O)(=O)(CCC([NH3+])(Cc1ccccc1)CO)c1cc(cc(N(S(=O)(=O)C)C)c1)C(=O)NC(C)c1ccc(F)cc1,4.0,c1cc(CC([NH3+])(CO)CCS(c2cc(C(=O)NC(c3ccc(F)cc3)C)cc(N(S(C)(=O)=O)C)c2)(=O)=O)ccc1,E{~B}{~B}{AAA{{DQt%}}{Aaraaaaar}AB}araa{aa{D{E{~B}{~B}A}A}ar}A{~B}DA{A}araaa{G}aar,81.75741826967385
BACE_1501,S(=O)(=O)(N(C)c1cc(cc(c1)COCC([NH3+])(Cc1ccccc1)COC)C(=O)NC(C)c1ccc(F)cc1)C,4.0,c1(C(=O)NC(C)c2ccc(F)cc2)cc(N(S(=O)(C)=O)C)cc(COCC(Cc2ccccc2)([NH3+])COC)c1,E{~B}{~B}{D{A}araa{aa{ar}ABAA{{DQt%}}{Aaraaaaar}ABA}A{~B}DA{A}araaa{G}aar}A,81.75741826967385
BACE_1502,O(C)c1cc(ccc1)C(=O)NCC(O)C(NC(=O)c1c2cccnc2n(c1)C(=O)N(CCCC)C)Cc1ccccc1,4.0,C(CCC)N(C)C(n1c2ncccc2c(C(NC(C(CNC(=O)c2cccc(OC)c2)O)Cc2ccccc2)=O)c1)=O,B{A}araa{aaar}A{~B}DAA{B}A{DA{~B}arasaaadasd{ar}A{~B}D{AAAA}A}Aaraaaaar,81.75741826967385
BACE_1503,S(=O)(=O)(NCC(O)C(NC(=O)c1c2cccnc2n(c1)C(=O)N(CCCC)C)Cc1ccccc1)c1cc(OC)ccc1,4.0,C(NS(=O)(=O)c1cccc(OC)c1)C(C(Cc1ccccc1)NC(c1cn(C(=O)N(CCCC)C)c2ncccc12)=O)O,E{~B}{~B}{DAA{B}A{DA{~B}arasaaadasd{ar}A{~B}D{AAAA}A}Aaraaaaar}araa{BA}aaar,81.75741826967385
BACE_1504,OC(C(NC(=O)c1c2cccnc2n(c1)C(=O)N(CCCC)C)Cc1ccccc1)C[NH2+]C1CC1,4.0,CCCCN(C)C(n1cc(C(NC(C(O)C[NH2+]C2CC2)Cc2ccccc2)=O)c2cccnc12)=O,BA{A{DA{~B}arasaaadasd{ar}A{~B}D{AAAA}A}Aaraaaaar}A{DQs%}ArAAr,81.75741826967385
BACE_1505,Brc1cc(ccc1O)CC1CS(=O)(=O)CC([NH3+])C1O,4.0,Brc1c(O)ccc(CC2C(O)C([NH3+])CS(=O)(=O)C2)c1,Yaraa{aaarB}AArAE{~B}{~B}AA{{DQt%}}ArB,81.75741826967385
BACE_1506,n1cc(ccc1)-c1cc(ccc1)C1(N=C(C(C)C)C(=N1)N)C,4.0,N1=C(N)C(C(C)C)=NC1(c1cc(-c2cccnc2)ccc1)C,draa{aaar}_araa{aaar}Ar{D~A{A{A}A}A{~Dr}D}A,81.75741826967385
BACE_1507,O(C)c1nccc(c1)-c1ccc(cc1)C1CC1C=1N=C(N)N(C)C(=O)C=1,3.9355421,c1(C2CC2c2ccc(-c3cc(OC)ncc3)cc2)cc(=O)n(C)c(N)n1,B{A}ardaaa{ar}_araaa{aar}ArAArA~rD~A{D}D{A}A{~B}A~r,82.56533015813365
BACE_1508,O=C1N(C)C(=NC(=C1)C1CC1c1ccc(cc1)-c1ccc(cc1)C)N,3.924453,c1(N)n(C)c(=O)cc(C2CC2c2ccc(-c3ccc(C)cc3)cc2)n1,B~ArD{A}A{~DA{~Ar}ArAAraraaa{aar}_araaa{aar}A}D,82.70432034742495
BACE_1509,O=C1N(C)C(=NC(C1)(C)[C@H]1C[C@@H]1c1ccccc1)N,3.879426,c1c([C@H]2C[C@@H]2C2(C)N=C(N)N(C)C(=O)C2)cccc1,B~ArD{A}A{~DA{Ar}{A}{A*Q}rA{A**Q}raraaaaar}D,83.26868636930404
BACE_1510,Clc1cc2CC(N=C(NC(Cc3ccccc3)c3ncccn3)c2cc1)(C)C,3.8629625,c1(CC(NC2=NC(C)(C)Cc3cc(Cl)ccc32)c2ncccn2)ccccc1,ZaraasAA{D~A{DA{Aataaaaat}atdaaadt}asaar}{A}A,83.47503900219556
BACE_1511,Fc1cc(cc(F)c1)CC(NC(=O)C)C(O)C[NH2+]C1(CCCCC1)c1occ(n1)C(C)(C)C,3.8607507,C1C(c2occ(C(C)(C)C)n2)([NH2+]CC(O)C(NC(=O)C)Cc2cc(F)cc(F)c2)CCCC1,Garaa{aa{G}ar}AA{DA{~B}A}A{B}A{DQs%}Ar{AAAAAr}arbaa{dr}A{A}{A}A,83.50276158569417
BACE_1512,S1(=O)CC(Cc2cc(OC(COC)C(F)(F)F)c(N)c(F)c2)C(O)C([NH3+])C1,3.8239088,c1c(OC(COC)C(F)(F)F)c(N)c(F)cc1CC1CS(=O)CC([NH3+])C1O,Er{~B}AA{Aasaa{BA{ABA}A{G}{G}G}a{D}a{G}as}A{B}A{{DQt%}}Ar,83.96453599974501
BACE_1513,s1c(ccc1C)-c1ccc(cc1)C1CC1C=1N=C(N)N(C)C(=O)C=1,3.782516,C1C(c2ccc(-c3ccc(C)s3)cc2)C1c1nc(N)n(C)c(=O)c1,era{aaarA}_araaa{aar}ArAArA~rD~A{D}D{A}A{~B}A~r,84.48335115221877
BACE_1515,O=C1N(C)C(=NC(=C1)CCc1ccccc1)N,3.7670038,c1(=O)cc(CCc2ccccc2)nc(N)n1C,B~ArD{A}A{~DA{~Ar}AAaraaaaar}D,84.67778024153392
BACE_1516,Clc1cc2CC(N=C(NC(Cc3ccccc3)c3ocnn3)c2cc1)(C)C,3.7330632,c1nnc(C(Cc2ccccc2)NC2=NC(C)(C)Cc3c2ccc(Cl)c3)o1,ZaraasAA{D~A{DA{Aataaaaat}atbaddt}asaar}{A}A,85.103189915778
BACE_1517,Clc1cc2nc(n(c2cc1)CCCC(=O)NC(C)C)N,3.7144427,C(Cn1c(N)nc2cc(Cl)ccc21)CC(=O)NC(C)C,Zaraasda{d{asaar}AAAA{~B}DA{A}A}D,85.33657827188433
BACE_1518,Clc1cc2nc(n(c2cc1)CCCC(=O)N(Cc1cc(F)ccc1)C)N,3.7121983,C(n1c(N)nc2c1ccc(Cl)c2)CCC(=O)N(Cc1cccc(F)c1)C,Zaraasda{d{asaar}AAAA{~B}D{Aaraa{G}aaar}A}D,85.36470946204815
BACE_1519,O=C1N(C)C(=NC(=C1)CCc1ccc(cc1)-c1ccccc1)N,3.6989701,c1(-c2ccccc2)ccc(CCc2cc(=O)n(C)c(N)n2)cc1,B~ArD{A}A{~DA{~Ar}AAaraaa{aar}_araaaaar}D,85.53051101690679
BACE_1520,O1C2COCCC2(N=C1N)c1cc(NC(=O)c2ncccc2)ccc1,3.6989701,NC1=NC2(c3cccc(NC(=O)c4ncccc4)c3)C(COCC2)O1,BrAsABAAAs{D~ArD}araa{DA{~B}asdaaaas}aaar,85.53051101690679
BACE_1521,Brc1cc(ccc1)C12N=C(OC1CCCC2)N,3.6989701,c1(Br)cc(C23C(OC(N)=N2)CCCC3)ccc1,Yaraa{aaar}ArsD~A{BArAAAAs}D,85.53051101690679
BACE_1522,O1C2CCCCC2(N=C1N)c1cc(NC(=O)c2ncccc2)ccc1,3.6989701,C1C2OC(N)=NC2(c2cccc(NC(c3ccccn3)=O)c2)CCC1,BrAsAAAAAs{D~ArD}araa{DA{~B}asdaaaas}aaar,85.53051101690679
BACE_1523,O=C1N(C)C(=N[C@](C1)(CCc1ccccc1)C)N,3.6989701,C1[C@](C)(CCc2ccccc2)N=C(N)N(C)C1=O,B~ArD{A}A{~D{A*}{Ar}{AAaraaaaar}A}D,85.53051101690679
BACE_1524,s1cc(nc1N)C1(CCCC1)c1ccccc1,3.6635404,c1ccccc1C1(c2csc(N)n2)CCCC1,eraa{darD}Ar{AAAAr}araaaaar,85.97458499130813
BACE_1525,Clc1cc2nc(n(c2cc1)C(CC(C)C)CC(=O)NCc1ncccc1)N,3.6289322,c1cc(Cl)cc2nc(N)n(C(CC(NCc3ccccn3)=O)CC(C)C)c12,Zaraasda{d{asaar}A{AA{A}A}AA{~B}DAardaaaar}D,86.40836232842578
BACE_1526,Clc1cc2nc(n(c2cc1)C(CC(=O)NCC1CC1)CC)N,3.6143937,C(NCC1CC1)(CC(n1c(N)nc2cc(Cl)ccc12)CC)=O,Zaraasda{d{asaar}A{AA{~B}DAArAAr}AA}D,86.59058711375656
BACE_1527,Clc1cc2nc(n(c2cc1)C(CC(C)C)CC(=O)NC(C)C)N,3.6090648,C(CC(CC(C)C)n1c2c(nc1N)cc(Cl)cc2)(=O)NC(C)C,Zaraasda{d{asaar}A{AA{A}A}AA{~B}DA{A}A}D,86.65737926277806
BACE_1528,Clc1cc2nc(n(c2cc1)CCCC(=O)NCc1cc(F)ccc1)N,3.6038005,C(CCCn1c2ccc(Cl)cc2nc1N)(NCc1cccc(F)c1)=O,Zaraasda{d{asaar}AAAA{~B}DAaraa{G}aaar}D,86.72336171883727
BACE_1529,Clc1cc2CC(N=C(NC(Cc3ccccc3)c3nc(ccn3)C)c2cc1)(C)C,3.6020601,c1cccc(CC(NC2=NC(C)(C)Cc3c2ccc(Cl)c3)c2nccc(C)n2)c1,ZaraasAA{D~A{DA{Aataaaaat}atda{aadt}A}asaar}{A}A,86.74517579982154
BACE_1530,Clc1cc2nc(n(c2cc1)C(CC(=O)NCc1ccc(F)cc1)CC)N,3.5783961,n1(C(CC)CC(=O)NCc2ccc(F)cc2)c(N)nc2cc(Cl)ccc12,Zaraasda{d{asaar}A{AA{~B}DAaraaa{G}aar}AA}D,87.04177911653699
BACE_1531,Clc1cc2nc(n(c2cc1)C(CC(=O)NCCC1CC[NH2+]C1)CC)N,3.5686362,Clc1ccc2c(nc(N)n2C(CC(=O)NCCC2CC[NH2+]C2)CC)c1,Zaraasda{d{asaar}A{AA{~B}DAAArAA{DQs%}Ar}AA}D,87.16410918376194
BACE_1532,Clc1cc2nc(n(c2cc1)CCCC(=O)NC1CC[NH+](CC1)C)N,3.4881167,c1(Cl)ccc2n(CCCC(NC3CC[NH+](C)CC3)=O)c(N)nc2c1,Zaraasda{d{asaar}AAAA{~B}DArAA{DQ%}{AAr}A}D,88.17333631190044
BACE_1533,Clc1cc2CC(N=C(NC(Cc3ccccc3)c3oc(nn3)C)c2cc1)(C)C,3.4689045,CC1(C)N=C(NC(Cc2ccccc2)c2nnc(C)o2)c2c(cc(Cl)cc2)C1,ZaraasAA{D~A{DA{Aataaaaat}atba{ddt}A}asaar}{A}A,88.41414100431933
BACE_1534,Clc1cc2nc(n(c2cc1)C(CC(=O)NCc1cc(F)ccc1)CC)N,3.4685211,N(C(=O)CC(n1c2ccc(Cl)cc2nc1N)CC)Cc1cccc(F)c1,Zaraasda{d{asaar}A{AA{~B}DAaraa{G}aaar}AA}D,88.41894651951662
BACE_1535,Clc1cc2nc(n(c2cc1)C(CC(=O)N(CC1CCCCC1)C)CC)N,3.4259686,C(CC(=O)N(CC1CCCCC1)C)(n1c2c(nc1N)cc(Cl)cc2)CC,Zaraasda{d{asaar}A{AA{~B}D{AArAAAAAr}A}AA}D,88.95229729007671
BACE_1536,Clc1cc2nc(n(c2cc1)CCCC(=O)NCc1ncccc1)N,3.3705904,c12cc(Cl)ccc1n(CCCC(NCc1ccccn1)=O)c(N)n2,Zaraasda{d{asaar}AAAA{~B}DAardaaaar}D,89.6464047019146
BACE_1537,Clc1cc2nc(n(c2cc1)C(CC(=O)NCC[NH+]1CCOCC1)CC)N,3.3565474,[NH+]1(CCNC(CC(CC)n2c(N)nc3cc(Cl)ccc23)=O)CCOCC1,Zaraasda{d{asaar}A{AA{~B}DAA{DQ%}rAABAAr}AA}D,89.82241891661351
BACE_1538,Clc1cc2nc(n(c2cc1)CCCC(=O)NCCC1CC[NH2+]C1)N,3.352617,c12c(cc(Cl)cc1)nc(N)n2CCCC(=O)NCCC1CC[NH2+]C1,Zaraasda{d{asaar}AAAA{~B}DAAArAA{DQs%}Ar}D,89.87168234105648
BACE_1539,[nH]1nnnc1C(NC1=NC(Cc2c1cccc2)(C)C)Cc1ccccc1,3.1947711,C(c1[nH]nnn1)(NC1=NC(C)(C)Cc2c1cccc2)Cc1ccccc1,{dQ}rdddarA{DAr~DA{Aasaraaaas}{A}A}Aaraaaaar,91.85011445185496
BACE_1540,Clc1cc2nc(n(c2cc1)C(CC(=O)NC(C)C)CC)N,3.1580153,C(NC(=O)CC(CC)n1c2c(nc1N)cc(Cl)cc2)(C)C,Zaraasda{d{asaar}A{AA{~B}DA{A}A}AA}D,92.31080969308762
BACE_1541,Clc1cc2nc([nH]c2cc1)N,3.1360826,c1c(Cl)cc2nc(N)[nH]c2c1,Zaraasda{{dQ}asaar}D,92.58571298773457
BACE_1542,Clc1cc2nc(n(c2cc1)CCCC(=O)NCC[NH+]1CCOCC1)N,3.0824945,C(C[NH+]1CCOCC1)NC(CCCn1c(N)nc2c1ccc(Cl)c2)=O,Zaraasda{d{asaar}AAAA{~B}DAA{DQ%}rAABAAr}D,93.25738338143297
BACE_1543,Clc1cc2nc(n(c2cc1)C(CC(=O)NCC1CCOCC1)CC)N,3.0,c1c(Cl)ccc2c1nc(N)n2C(CC)CC(NCC1CCOCC1)=O,Zaraasda{d{asaar}A{AA{~B}DAArAABAAr}AA}D,94.29136505447146
BACE_1544,Clc1cc2nc(n(c2cc1)C(CC(=O)NCc1ncccc1)CC)N,3.0,c1c(Cl)cc2c(n(C(CC)CC(NCc3ncccc3)=O)c(N)n2)c1,Zaraasda{d{asaar}A{AA{~B}DAardaaaar}AA}D,94.29136505447146
BACE_1545,Brc1cc(ccc1)C1CC1C=1N=C(N)N(C)C(=O)C=1,2.9531147,C1(c2nc(N)n(C)c(=O)c2)C(c2cccc(Br)c2)C1,Yaraa{aaar}ArAArA~rD~A{D}D{A}A{~B}A~r,94.87902290966073
BACE_1546,O=C1N(C)C(=NC(=C1)C1CC1c1cc(ccc1)-c1ccccc1)N,2.7332981,n1(C)c(=O)cc(C2CC2c2cccc(-c3ccccc3)c2)nc1N,B~ArD{A}A{~DA{~Ar}ArAAraraa{aaar}_araaaaar}D,97.63419247647587
BACE_1547,Clc1cc2nc(n(c2cc1)CCCC(=O)NCC1CC1)N,2.5445461,c1(N)nc2cc(Cl)ccc2n1CCCC(NCC1CC1)=O,Zaraasda{d{asaar}AAAA{~B}DAArAAr}D,100.0
