mol_id,smiles,value,smiles_random,smiles_blind,value_blind
(-)-epicatechin,Oc1cc(O)c2c(c1)OC(c1ccc(O)c(O)c1)C(O)C2,-6.2199998,c1(C2C(O)Cc3c(cc(O)cc3O)O2)ccc(O)c(O)c1,Baraa{B}asa{ar}BA{araaa{B}a{B}ar}A{B}As,63.76469817577891
"(2E,4Z,8Z)-N-isobutyldodeca-2,4,10-triene-8 -ynamide",C/C=C\C#CCC/C=C\C=C\C(=O)NCC(C)C,-3.8599999,O=C(/C=C/C=C\CCC#C/C=C\C)NCC(C)C,A|A~A!A^AAA|A~A!A~A!A{~B}DAA{A}A,8.235291377162763
codeine,COc1ccc2c3c1O[C@H]1[C@@H](O)C=C[C@H]4[C@@H](C2)N(C)CC[C@]314,-4.0900002,C1CN(C)[C@H]2[C@@H]3C=C[C@H](O)[C@H]4[C@@]13c1c(c(OC)ccc1C2)O4,ABaraaasatarB{A*Q}r{A**Q}{B}A~A{A*Q}u{A**Q}{As}D{A}AA{A*}tru,13.647062887197054
creatinine,CN1CC(=O)NC1=N,-5.935409099999998,C1(=N)N(C)CC(=O)N1,ADrAA{~B}DAr~D,57.0684467261907
danazol,C#C[C@]1(O)CC[C@H]2[C@@H]3CCC4=Cc5oncc5C[C@]4(C)[C@H]3CC[C@@]21C,-4.8400002,C1C[C@@H]2[C@@H]([C@@]3(C)Cc4cnoc4C=C13)CC[C@]1(C)[C@@](C#C)(O)CC[C@@H]21,A^A{A*}r{B}AA{A*Q}s{A**Q}tAAAu~AavbdaavA{A*}u{A}{A*Q}tAA{A**}srA,31.294120880276676
dexamethasone b D glucoside,C[C@@H]1C[C@H]2[C@@H]3CCC4=CC(=O)C=C[C@]4(C)[C@@]3(F)[C@@H](O)C[C@]2(C)[C@@]1(O)C(=O)CO[C@H]1O[C@@H](CO)[C@H](O)[C@@H](O)[C@@H]1O,-6.54,[C@@H]1(CO)O[C@H](OCC(=O)[C@@]2(O)[C@H](C)C[C@@H]3[C@]2(C)C[C@H](O)[C@]2(F)[C@]4(C)C(=CC(=O)C=C4)CC[C@@H]32)[C@@H](O)[C@H](O)[C@H]1O,A{A**Q}rA{A*Q}s{A**Q}tAAAu~AA{~B}A~A{A*}u{A}{A**}t{G}{A**Q}{B}A{A*}s{A}{A**}r{B}A{~B}AB{A*Q}rB{A**Q}{AB}{A*Q}{B}{A**Q}{B}{A**Q}rB,71.29411429204167
dexamethasone b D glucuronide,C[C@@H]1C[C@H]2[C@@H]3CCC4=CC(=O)C=C[C@]4(C)[C@@]3(F)[C@@H](O)C[C@]2(C)[C@@]1(O)C(=O)CO[C@H]1O[C@@H](C(=O)O)[C@H](O)[C@@H](O)[C@@H]1O,-6.119999900000002,O[C@]1(C(CO[C@@H]2[C@@H](O)[C@H](O)[C@@H](O)[C@H](C(O)=O)O2)=O)[C@H](C)C[C@H]2[C@H]3[C@@](F)([C@@]4(C)C=CC(=O)C=C4CC3)[C@@H](O)C[C@@]21C,A{A**Q}rA{A*Q}s{A**Q}tAAAu~AA{~B}A~A{A*}u{A}{A**}t{G}{A**Q}{B}A{A*}s{A}{A**}r{B}A{~B}AB{A*Q}rB{A**Q}{A{~B}B}{A*Q}{B}{A**Q}{B}{A**Q}rB,61.411759462976065
DMXAA-G,Cc1ccc2c(=O)c3cccc(CC(=O)OC4OC(C(=O)O)[C@@H](O)[C@@H](O)[C@@H]4O)c3oc2c1C,-6.52,O=C(Cc1cccc2c(=O)c3c(c(C)c(C)cc3)oc21)OC1[C@@H](O)[C@H](O)[C@H](O)C(C(=O)O)O1,Aaraaasa{~B}ataaaa{AA{~B}BAuBA{A{~B}B}{A**Q}{B}{A**Q}{B}{A**Q}uB}atbasarA,70.82352607889288
d-praeruptorin,C/C=C(\C)C(=O)O[C@H]1[C@@H](OC(C)=O)c2c(ccc3ccc(=O)oc23)OC1(C)C,-4.579999900000002,c1cc2c(c3c1OC(C)(C)[C@@H](OC(=O)/C(C)=C/C)[C@H]3OC(C)=O)oc(=O)cc2,A|A~A{!A}A{~B}B{A*Q}r{A**Q}{BA{A}~B}asa{aaataaa{~B}bast}BAr{A}A,25.176467050519236
echinacoside,C[C@@H]1O[C@@H](O[C@@H]2[C@@H](O)[C@H](OCCc3ccc(O)c(O)c3)O[C@H](CO[C@@H]3O[C@H](CO)[C@@H](O)[C@H](O)[C@H]3O)[C@H]2OC(=O)/C=C/c2ccc(O)c(O)c2)[C@H](O)[C@H](O)[C@H]1O,-6.650000099999999,O[C@@H]1[C@@H](O)[C@@H](O)[C@H](O[C@@H]2[C@@H](O)[C@H](OCCc3ccc(O)c(O)c3)O[C@H](CO[C@@H]3O[C@H](CO)[C@@H](O)[C@H](O)[C@H]3O)[C@H]2OC(=O)/C=C/c2cc(O)c(O)cc2)O[C@H]1C,A{A**Q}rB{A**Q}{B{A**Q}s{A**Q}{B}{A*Q}{BAAataaa{B}a{B}at}B{A*Q}{AB{A**Q}tB{A*Q}{AB}{A**Q}{B}{A*Q}{B}{A*Q}tB}{A*Q}sBA{~B}|A~A|asaaa{B}a{B}as}{A*Q}{B}{A*Q}{B}{A*Q}rB,73.88235181730106
EF5154,O=C(O)COc1ccc(C(=O)CN2CCN(C3CCNCC3)CC2=O)cc1,-6.119999900000002,c1cc(OCC(O)=O)ccc1C(CN1C(=O)CN(C2CCNCC2)CC1)=O,B~A{B}ABaraaa{A{~B}ADsAAD{AtAADAAt}AAs~B}aar,61.411759462976065
EF5170,CCCCOC(=O)COc1ccc(C(=O)CN2CCN(C3CCNCC3)CC2=O)cc1,-5.79,O(C(=O)COc1ccc(C(CN2C(=O)CN(C3CCNCC3)CC2)=O)cc1)CCCC,AAAABA{~B}ABaraaa{A{~B}ADsAAD{AtAADAAt}AAs~B}aar,53.647056298962056
EF5232,CCCCC(C)OC(=O)COc1ccc(C(=O)CN2CCN(C3CCNCC3)CC2=O)cc1,-5.29,c1c(C(CN2C(=O)CN(C3CCNCC3)CC2)=O)ccc(OCC(OC(CCCC)C)=O)c1,AAAAA{A}BA{~B}ABaraaa{A{~B}ADsAAD{AtAADAAt}AAs~B}aar,41.88235097024231
EF5242,CCCCCCC(C)OC(=O)COc1ccc(C(=O)CN2CCN(C3CCNCC3)CC2=O)cc1,-4.7399998,C(CCC)CCC(OC(=O)COc1ccc(C(=O)CN2C(=O)CN(C3CCNCC3)CC2)cc1)C,AAAAAAA{A}BA{~B}ABaraaa{A{~B}ADsAAD{AtAADAAt}AAs~B}aar,28.941170402768446
EF5248,CCCCOC(=O)COc1ccc(C(=O)CN2CCN(C3CCN(C(=O)OCc4oc(=O)oc4C)CC3)CC2=O)cc1,-4.3499999,O(C(=O)N1CCC(N2CCN(CC(=O)c3ccc(OCC(OCCCC)=O)cc3)C(=O)C2)CC1)Cc1c(C)oc(=O)o1,AAAABA{~B}ABaraaa{A{~B}ADsAAD{AtAAD{A{~B}BAauba{~B}bauA}AAt}AAs~B}aar,19.764702599308123
EF5249,Cc1oc(=O)oc1COC(=O)N1CCC(N2CCN(CC(=O)c3ccc(OCC(=O)OC4CCCCC4)cc3)C(=O)C2)CC1,-4.3099999,C1N(C(OCc2oc(=O)oc2C)=O)CCC(N2CCN(CC(c3ccc(OCC(OC4CCCCC4)=O)cc3)=O)C(=O)C2)C1,Aarba{~B}barABA{~B}DrAAA{DsAAD{AA{~B}ataaa{BAA{~B}BAuAAAAAu}aat}A{~B}As}AAr,18.82352617301054
EF5251,CCOC(=O)COc1ccc(C(=O)CN2CCN(C3CCN(C(=O)OC(C)OC(C)=O)CC3)CC2=O)cc1,-4.2800002,C(=O)(COc1ccc(C(=O)CN2CCN(C3CCN(C(OC(C)OC(C)=O)=O)CC3)CC2=O)cc1)OCC,AABA{~B}ABaraaa{A{~B}ADsAAD{AtAAD{A{~B}BA{A}BA{A}~B}AAt}AAs~B}aar,18.117650912110545
EF5261,O=C(COc1ccc(C(=O)CN2CCN(C3CCN(C(=O)OC/C=C4/OC(=O)c5ccccc54)CC3)CC2=O)cc1)OC1CCCCC1,-4.4000001,c1cc2c(cc1)/C(=C\COC(=O)N1CCC(N3CC(=O)N(CC(c4ccc(OCC(OC5CCCCC5)=O)cc4)=O)CC3)CC1)OC2=O,B~A{ABaraaa{A{~B}ADsAAD{AtAAD{A{~B}BA|A~Au|BA{~B}avaaaaavu}AAt}AAs~B}aar}BArAAAAAr,20.941177838062217
EF5264,CC(=O)OC(C)OC(=O)N1CCC(N2CCN(CC(=O)c3ccc(OCC(=O)OC4CCOCC4)cc3)C(=O)C2)CC1,-4.5100002,C1(N2CC(=O)N(CC(c3ccc(OCC(OC4CCOCC4)=O)cc3)=O)CC2)CCN(C(=O)OC(OC(C)=O)C)CC1,AA{~B}BA{A}BA{~B}DrAAA{DsAAD{AA{~B}ataaa{BAA{~B}BAuAABAAu}aat}A{~B}As}AAr,23.529415363321643
EF5265,CCOCC(COCC)OC(=O)COc1ccc(C(=O)CN2CCN(C3CCN(C(=O)OC(C)OC(C)=O)CC3)CC2=O)cc1,-4.1500001000000015,O=C(N1CCC(N2CC(=O)N(CC(c3ccc(OCC(=O)OC(COCC)COCC)cc3)=O)CC2)CC1)OC(OC(=O)C)C,AABAA{ABAA}BA{~B}ABaraaa{A{~B}ADsAAD{AtAAD{A{~B}BA{A}BA{A}~B}AAt}AAs~B}aar,15.058825173702383
EF5270,CCOC(=O)COc1ccc(C(=O)CN2CCN(C3CCN(C(=O)OC(OC(C)=O)C(C)(C)C)CC3)CC2=O)cc1,-4.02,O(C(OC(=O)N1CCC(N2CC(=O)N(CC(c3ccc(OCC(OCC)=O)cc3)=O)CC2)CC1)C(C)(C)C)C(=O)C,AABA{~B}ABaraaa{A{~B}ADsAAD{AtAAD{A{~B}BA{BA{A}~B}A{A}{A}A}AAt}AAs~B}aar,11.999999435294137
EF5278,CCOC(=O)COc1ccc(C(=O)CN2CCN(C3CCN(C(=O)OC(OC(=O)C(C)(C)C)C(C)(C)C)CC3)CC2=O)cc1,-4.0,C(OC(OC(C(C)(C)C)=O)C(C)(C)C)(=O)N1CCC(N2CCN(CC(c3ccc(OCC(=O)OCC)cc3)=O)C(=O)C2)CC1,AABA{~B}ABaraaa{A{~B}ADsAAD{AtAAD{A{~B}BA{BA{~B}A{A}{A}A}A{A}{A}A}AAt}AAs~B}aar,11.529411222145358
EF5283,CCOC(=O)COc1ccc(C(=O)CN2CCN(C3CCN(C(=O)OC(C)OC(=O)C(C)(C)C)CC3)CC2=O)cc1,-4.139999899999999,C1(=O)N(CC(c2ccc(OCC(=O)OCC)cc2)=O)CCN(C2CCN(C(OC(OC(C(C)(C)C)=O)C)=O)CC2)C1,AABA{~B}ABaraaa{A{~B}ADsAAD{AtAAD{A{~B}BA{A}BA{~B}A{A}{A}A}AAt}AAs~B}aar,14.823526361245808
EF5292,CC(C)(C)C(=O)OCOC(=O)N1CCC(N2CCN(CC(=O)c3ccc(OCC(=O)OC4CCCCC4)cc3)C(=O)C2)CC1,-4.4400001,C1CN(C(=O)OCOC(C(C)(C)C)=O)CCC1N1CCN(CC(c2ccc(OCC(=O)OC3CCCCC3)cc2)=O)C(=O)C1,AA{A}{A}A{~B}BABA{~B}DrAAA{DsAAD{AA{~B}ataaa{BAA{~B}BAuAAAAAu}aat}A{~B}As}AAr,21.882354264359797
elarofiban,O=C(O)C[C@H](NC(=O)[C@@H]1CCCN(C(=O)CCC2CCNCC2)C1)c1cccnc1,-6.21,C1NCCC(CCC(N2CCC[C@@H](C(N[C@H](c3cnccc3)CC(=O)O)=O)C2)=O)C1,B~A{B}A{A*Q}{DA{~B}{A**Q}rAAAD{A{~B}AAAsAADAAs}Ar}araaadar,63.52940877508664
5-chlorosalicylic acid,O=C(O)c1cc(Cl)ccc1O,-4.98,c1(O)c(C(=O)O)cc(Cl)cc1,B~A{B}araa{Z}aaarB,34.588233666436075
epinephrine,CNC[C@H](O)c1ccc(O)c(O)c1,-6.125,c1c(O)c(O)cc([C@H](CNC)O)c1,ADA{A*Q}{B}araaa{B}a{B}ar,61.52940886920428
eriodictyol,O=C1C[C@@H](c2ccc(O)c(O)c2)Oc2cc(O)cc(O)c21,-5.2800002,c1(O)cc2c(c(O)c1)C(=O)C[C@@H](c1cc(O)c(O)cc1)O2,B~ArA{A**Q}{asaaa{B}a{B}as}Basaa{B}aa{B}asr,41.64706156955004
erythromycin,CC[C@@H]1OC(=O)[C@@H](C)[C@H](O[C@H]2C[C@](C)(OC)[C@@H](O)[C@H](C)O2)[C@@H](C)[C@@H](O[C@H]2O[C@H](C)C[C@@H](N(C)C)[C@H]2O)[C@@](C)(O)C[C@@H](C)C(=O)[C@H](C)[C@@H](O)[C@@]1(C)O,-5.7800002,[C@@H]1(O)[C@@H](C)C(=O)[C@H](C)C[C@](C)(O)[C@H](O[C@H]2O[C@H](C)C[C@@H](N(C)C)[C@H]2O)[C@H](C)[C@@H](O[C@H]2C[C@](C)(OC)[C@@H](O)[C@H](C)O2)[C@H](C)C(=O)O[C@@H](CC)[C@]1(C)O,AA{A**Q}rBA{~B}{A**Q}{A}{A*Q}{B{A*Q}sA{A*}{A}{BA}{A**Q}{B}{A*Q}{A}Bs}{A**Q}{A}{A**Q}{B{A*Q}sB{A*Q}{A}A{A**Q}{D{A}A}{A*Q}sB}{A**}{A}{B}A{A**Q}{A}A{~B}{A*Q}{A}{A**Q}{B}{A**}r{A}B,53.41176689826979
famotidine,NC(N)=Nc1nc(CSCCC(N)=NS(N)(=O)=O)cs1,-6.0700002,NC(=Nc1nc(CSCCC(=NS(=O)(N)=O)N)cs1)N,DA{D}~Darda{AEAAA{D}~DE{D}{~B}~B}aer,60.23529598892724
fexofenadine,CC(C)(C(=O)O)c1ccc(C(O)CCCN2CCC(C(O)(c3ccccc3)c3ccccc3)CC2)cc1,-6.5100002,c1(C(CCCN2CCC(C(c3ccccc3)(c3ccccc3)O)CC2)O)ccc(C(C(=O)O)(C)C)cc1,AA{A}{A{~B}B}araaa{A{B}AAADsAAA{A{B}{ataaaaat}ataaaaat}AAs}aar,70.58823667820063
fexofenadine hydrochloride,CC(C)(C(=O)O)c1ccc(C(O)CCCN2CCC(C(O)(c3ccccc3)c3ccccc3)CC2)cc1.Cl,-5.6999998,c1c(C(C)(C)C(O)=O)ccc(C(O)CCCN2CCC(C(O)(c3ccccc3)c3ccccc3)CC2)c1.Cl,"AA{A}{A{~B}B}araaa{A{B}AAADsAAA{A{B}{ataaaaat}ataaaaat}AAs}aar,Z",51.52940463391036
fluparoxan,Fc1cccc2c1O[C@H]1CNC[C@@H]1O2,-4.099999899999999,c12cccc(F)c1O[C@H]1CNC[C@@H]1O2,GaraaaasarB{A*Q}rADA{A**Q}rBs,13.882349934948225
AACV,C=C1NC(N)=Nc2c1ncn2COCCOC(=O)[C@@H](C)N,-5.6900001,C=C1c2c(n(COCCOC([C@H](N)C)=O)cn2)N=C(N)N1,A~ArDA{D}~DasardadsABAABA{~B}{A**Q}{A}D,51.29411758615917
glycerol,OCC(O)CO,-4.829999900000002,C(CO)(O)CO,BAA{B}AB,31.058819714879107
glycine-valine acyclovir,CC(=O)C(NC(=O)CN)c1ccc(O)cc1,-5.2800002,O=C(C(c1ccc(O)cc1)NC(CN)=O)C,AA{~B}A{DA{~B}AD}araaa{B}aar,41.64706156955004
guanabenz,NC(N)=N/N=C/c1c(Cl)cccc1Cl,-4.6799998,Clc1cccc(Cl)c1/C=N/N=C(N)N,DA{D}~D|D~A|ara{Z}aaaarZ,27.52940576332208
hesperetin,COc1ccc([C@@H]2CC(=O)c3c(O)cc(O)cc3O2)cc1O,-4.7399998,C1C(=O)c2c(O)cc(O)cc2O[C@@H]1c1cc(O)c(OC)cc1,ABaraaa{{A**Q}sAA{~B}ata{B}aa{B}aatBs}aarB,28.941170402768446
hexapeptide 01,C[C@@H]1NC(=O)[C@H](C)NC(=O)[C@@H](C)NC(=O)[C@H](C)NC(=O)[C@@H](C)N(C)C(=O)[C@@H](C)NC1=O,-5.8200002,C[C@H]1C(=O)N[C@H](C)C(=O)N(C)[C@H](C)C(=O)N[C@@H](C)C(=O)N[C@H](C)C(=O)N[C@@H](C)C(=O)N1,A{A**Q}rDA{~B}{A*Q}{A}DA{~B}{A**Q}{A}DA{~B}{A*Q}{A}DA{~B}{A**Q}{A}D{A}A{~B}{A**Q}{A}DAr~B,54.35294332456737
hexapeptide 03,C[C@@H]1NC(=O)[C@H](C)NC(=O)[C@@H](C)N(C)C(=O)[C@H](C)NC(=O)[C@@H](C)NC(=O)[C@@H](C)NC1=O,-5.8200002,C[C@H]1C(=O)N(C)[C@H](C)C(=O)N[C@@H](C)C(=O)N[C@@H](C)C(=O)N[C@H](C)C(=O)N[C@H](C)C(=O)N1,A{A**Q}rDA{~B}{A*Q}{A}DA{~B}{A**Q}{A}D{A}A{~B}{A*Q}{A}DA{~B}{A**Q}{A}DA{~B}{A**Q}{A}DAr~B,54.35294332456737
hexapeptide 05,C[C@@H]1NC(=O)[C@@H](C)NC(=O)[C@@H](C)NC(=O)[C@H](C)N(C)C(=O)[C@H](C)NC(=O)[C@@H](C)NC1=O,-5.8200002,CN1C(=O)[C@H](C)NC(=O)[C@@H](C)NC(=O)[C@H](C)NC(=O)[C@@H](C)NC(=O)[C@@H](C)NC(=O)[C@@H]1C,A{A**Q}rDA{~B}{A**Q}{A}DA{~B}{A**Q}{A}DA{~B}{A*Q}{A}D{A}A{~B}{A*Q}{A}DA{~B}{A**Q}{A}DAr~B,54.35294332456737
hexapeptide 06,C[C@@H]1NC(=O)[C@@H](C)NC(=O)[C@H](C)NC(=O)[C@@H](C)NC(=O)[C@@H](C)N(C)C(=O)[C@H](C)NC1=O,-5.8200002,C1(=O)[C@H](C)NC(=O)[C@@H](C)NC(=O)[C@@H](C)N(C)C(=O)[C@H](C)NC(=O)[C@H](C)NC(=O)[C@@H](C)N1,A{A**Q}rDA{~B}{A**Q}{A}DA{~B}{A*Q}{A}DA{~B}{A**Q}{A}DA{~B}{A**Q}{A}D{A}A{~B}{A*Q}{A}DAr~B,54.35294332456737
hexapeptide 07,C[C@@H]1NC(=O)[C@H](C)NC(=O)[C@@H](C)NC(=O)[C@H](C)N(C)C(=O)[C@@H](C)N(C)C(=O)[C@@H](C)NC1=O,-5.8200002,O=C1N[C@H](C)C(=O)N(C)[C@H](C)C(=O)N(C)[C@@H](C)C(=O)N[C@H](C)C(=O)N[C@@H](C)C(=O)N[C@H]1C,A{A**Q}rDA{~B}{A*Q}{A}DA{~B}{A**Q}{A}DA{~B}{A*Q}{A}D{A}A{~B}{A**Q}{A}D{A}A{~B}{A**Q}{A}DAr~B,54.35294332456737
hexapeptide 08,C[C@@H]1NC(=O)[C@H](C)NC(=O)[C@@H](C)N(C)C(=O)[C@H](C)NC(=O)[C@@H](C)N(C)C(=O)[C@@H](C)NC1=O,-5.8200002,CN1[C@H](C)C(=O)N[C@@H](C)C(=O)N[C@@H](C)C(=O)N[C@H](C)C(=O)N(C)[C@H](C)C(=O)N[C@@H](C)C1=O,A{A**Q}rDA{~B}{A*Q}{A}DA{~B}{A**Q}{A}D{A}A{~B}{A*Q}{A}DA{~B}{A**Q}{A}D{A}A{~B}{A**Q}{A}DAr~B,54.35294332456737
hexapeptide 09,C[C@@H]1NC(=O)[C@H](C)N(C)C(=O)[C@@H](C)NC(=O)[C@H](C)NC(=O)[C@@H](C)N(C)C(=O)[C@@H](C)NC1=O,-5.3000002,CN1C(=O)[C@@H](C)NC(=O)[C@H](C)NC(=O)[C@@H](C)N(C)C(=O)[C@@H](C)NC(=O)[C@H](C)NC(=O)[C@@H]1C,A{A**Q}rDA{~B}{A*Q}{A}D{A}A{~B}{A**Q}{A}DA{~B}{A*Q}{A}DA{~B}{A**Q}{A}D{A}A{~B}{A**Q}{A}DAr~B,42.11764978269884
aceclofenac,O=C(O)COC(=O)Cc1ccccc1Nc1c(Cl)cccc1Cl,-4.4099998,O(CC(O)=O)C(=O)Cc1c(Nc2c(Cl)cccc2Cl)cccc1,B~A{B}ABA{~B}AaraaaaarDara{Z}aaaarZ,21.17646488581341
hexapeptide 12,C[C@@H]1NC(=O)[C@H](C)NC(=O)[C@@H](C)N(C)C(=O)[C@H](C)N(C)C(=O)[C@@H](C)NC(=O)[C@@H](C)NC1=O,-5.8200002,CN1[C@H](C)C(=O)N[C@@H](C)C(=O)N[C@@H](C)C(=O)N[C@H](C)C(=O)N[C@H](C)C(=O)N(C)[C@@H](C)C1=O,A{A**Q}rDA{~B}{A*Q}{A}DA{~B}{A**Q}{A}D{A}A{~B}{A*Q}{A}D{A}A{~B}{A**Q}{A}DA{~B}{A**Q}{A}DAr~B,54.35294332456737
hexapeptide 13,C[C@@H]1NC(=O)[C@H](C)N(C)C(=O)[C@@H](C)NC(=O)[C@H](C)N(C)C(=O)[C@@H](C)NC(=O)[C@@H](C)NC1=O,-5.8200002,C[C@H]1C(=O)N[C@@H](C)C(=O)N[C@H](C)C(=O)N[C@H](C)C(=O)N(C)[C@@H](C)C(=O)N[C@H](C)C(=O)N1C,A{A**Q}rDA{~B}{A*Q}{A}D{A}A{~B}{A**Q}{A}DA{~B}{A*Q}{A}D{A}A{~B}{A**Q}{A}DA{~B}{A**Q}{A}DAr~B,54.35294332456737
hexapeptide 14,C[C@@H]1NC(=O)[C@@H](C)NC(=O)[C@H](C)N(C)C(=O)[C@@H](C)NC(=O)[C@@H](C)NC(=O)[C@H](C)N(C)C1=O,-5.8200002,C[C@@H]1C(=O)N[C@@H](C)C(=O)N(C)[C@@H](C)C(=O)N[C@H](C)C(=O)N[C@H](C)C(=O)N(C)[C@@H](C)C(=O)N1,A{A**Q}rDA{~B}{A**Q}{A}DA{~B}{A*Q}{A}D{A}A{~B}{A**Q}{A}DA{~B}{A**Q}{A}DA{~B}{A*Q}{A}D{A}Ar~B,54.35294332456737
hexapeptide 18,C[C@@H]1NC(=O)[C@@H](C)N(C)C(=O)[C@H](C)NC(=O)[C@@H](C)NC(=O)[C@@H](C)N(C)C(=O)[C@H](C)NC1=O,-5.3000002,N1(C)[C@H](C)C(=O)N[C@@H](C)C(=O)N[C@@H](C)C(=O)N(C)[C@H](C)C(=O)N[C@H](C)C(=O)N[C@@H](C)C1=O,A{A**Q}rDA{~B}{A**Q}{A}D{A}A{~B}{A*Q}{A}DA{~B}{A**Q}{A}DA{~B}{A**Q}{A}D{A}A{~B}{A*Q}{A}DAr~B,42.11764978269884
hexapeptide 20,C[C@@H]1NC(=O)[C@@H](C)NC(=O)[C@@H](C)N(C)C(=O)[C@H](C)NC(=O)[C@H](C)N(C)C(=O)[C@@H](C)NC1=O,-5.8200002,[C@H]1(C)NC(=O)[C@@H](C)N(C)C(=O)[C@H](C)NC(=O)[C@H](C)N(C)C(=O)[C@@H](C)NC(=O)[C@H](C)NC1=O,A{A**Q}rDA{~B}{A**Q}{A}DA{~B}{A**Q}{A}D{A}A{~B}{A*Q}{A}DA{~B}{A*Q}{A}D{A}A{~B}{A**Q}{A}DAr~B,54.35294332456737
acetaminophen,CC(=O)Nc1ccc(O)cc1,-4.4400001,C(C)(Nc1ccc(O)cc1)=O,AA{~B}Daraaa{B}aar,21.882354264359797
hexapeptide 22,C[C@@H]1NC(=O)[C@H](C)NC(=O)[C@@H](C)N(C)C(=O)[C@H](C)N(C)C(=O)[C@@H](C)N(C)C(=O)[C@@H](C)NC1=O,-5.8200002,O=C1N[C@@H](C)C(=O)N[C@H](C)C(=O)N(C)[C@H](C)C(=O)N(C)[C@@H](C)C(=O)N(C)[C@H](C)C(=O)N[C@H]1C,A{A**Q}rDA{~B}{A*Q}{A}DA{~B}{A**Q}{A}D{A}A{~B}{A*Q}{A}D{A}A{~B}{A**Q}{A}D{A}A{~B}{A**Q}{A}DAr~B,54.35294332456737
hexapeptide 23,C[C@@H]1NC(=O)[C@H](C)N(C)C(=O)[C@@H](C)NC(=O)[C@H](C)N(C)C(=O)[C@@H](C)N(C)C(=O)[C@@H](C)NC1=O,-5.8200002,C1(=O)N[C@@H](C)C(=O)N[C@H](C)C(=O)N(C)[C@H](C)C(=O)N(C)[C@@H](C)C(=O)N[C@H](C)C(=O)N(C)[C@H]1C,A{A**Q}rDA{~B}{A*Q}{A}D{A}A{~B}{A**Q}{A}DA{~B}{A*Q}{A}D{A}A{~B}{A**Q}{A}D{A}A{~B}{A**Q}{A}DAr~B,54.35294332456737
hexapeptide 24,C[C@@H]1NC(=O)[C@@H](C)NC(=O)[C@H](C)N(C)C(=O)[C@@H](C)N(C)C(=O)[C@@H](C)NC(=O)[C@H](C)N(C)C1=O,-5.8200002,O=C1[C@H](C)NC(=O)[C@@H](C)NC(=O)[C@H](C)N(C)C(=O)[C@@H](C)N(C)C(=O)[C@@H](C)NC(=O)[C@H](C)N1C,A{A**Q}rDA{~B}{A**Q}{A}DA{~B}{A*Q}{A}D{A}A{~B}{A**Q}{A}D{A}A{~B}{A**Q}{A}DA{~B}{A*Q}{A}D{A}Ar~B,54.35294332456737
hexapeptide 25,C[C@@H]1NC(=O)[C@@H](C)NC(=O)[C@H](C)N(C)C(=O)[C@@H](C)N(C)C(=O)[C@@H](C)N(C)C(=O)[C@H](C)NC1=O,-5.8200002,N1C(=O)[C@H](C)NC(=O)[C@@H](C)NC(=O)[C@H](C)N(C)C(=O)[C@@H](C)N(C)C(=O)[C@@H](C)N(C)C(=O)[C@@H]1C,A{A**Q}rDA{~B}{A**Q}{A}DA{~B}{A*Q}{A}D{A}A{~B}{A**Q}{A}D{A}A{~B}{A**Q}{A}D{A}A{~B}{A*Q}{A}DAr~B,54.35294332456737
hexapeptide 26,C[C@@H]1NC(=O)[C@H](C)N(C)C(=O)[C@@H](C)N(C)C(=O)[C@H](C)NC(=O)[C@@H](C)N(C)C(=O)[C@@H](C)NC1=O,-5.3000002,N1(C)[C@H](C)C(=O)N[C@@H](C)C(=O)N(C)[C@H](C)C(=O)N(C)[C@@H](C)C(=O)N[C@@H](C)C(=O)N[C@H](C)C1=O,A{A**Q}rDA{~B}{A*Q}{A}D{A}A{~B}{A**Q}{A}D{A}A{~B}{A*Q}{A}DA{~B}{A**Q}{A}D{A}A{~B}{A**Q}{A}DAr~B,42.11764978269884
hexapeptide 27,C[C@@H]1NC(=O)[C@@H](C)N(C)C(=O)[C@H](C)NC(=O)[C@@H](C)N(C)C(=O)[C@@H](C)N(C)C(=O)[C@H](C)NC1=O,-5.3000002,N1[C@@H](C)C(=O)N(C)[C@H](C)C(=O)N(C)[C@H](C)C(=O)N[C@@H](C)C(=O)N(C)[C@H](C)C(=O)N[C@@H](C)C1=O,A{A**Q}rDA{~B}{A**Q}{A}D{A}A{~B}{A*Q}{A}DA{~B}{A**Q}{A}D{A}A{~B}{A**Q}{A}D{A}A{~B}{A*Q}{A}DAr~B,42.11764978269884
hexapeptide 28,C[C@@H]1NC(=O)[C@@H](C)N(C)C(=O)[C@@H](C)NC(=O)[C@H](C)N(C)C(=O)[C@H](C)N(C)C(=O)[C@@H](C)NC1=O,-5.0,C[C@H]1NC(=O)[C@H](C)NC(=O)[C@@H](C)N(C)C(=O)[C@@H](C)NC(=O)[C@H](C)N(C)C(=O)[C@H](C)N(C)C1=O,A{A**Q}rDA{~B}{A**Q}{A}D{A}A{~B}{A**Q}{A}DA{~B}{A*Q}{A}D{A}A{~B}{A*Q}{A}D{A}A{~B}{A**Q}{A}DAr~B,35.058821879584855
hexapeptide 29,C[C@@H]1NC(=O)[C@@H](C)N(C)C(=O)[C@@H](C)N(C)C(=O)[C@H](C)NC(=O)[C@H](C)N(C)C(=O)[C@@H](C)NC1=O,-5.8200002,C[C@H]1C(=O)N[C@H](C)C(=O)N(C)[C@@H](C)C(=O)N[C@@H](C)C(=O)N(C)[C@H](C)C(=O)N(C)[C@H](C)C(=O)N1,A{A**Q}rDA{~B}{A**Q}{A}D{A}A{~B}{A**Q}{A}D{A}A{~B}{A*Q}{A}DA{~B}{A*Q}{A}D{A}A{~B}{A**Q}{A}DAr~B,54.35294332456737
hexapeptide 32,C[C@@H]1NC(=O)[C@@H](C)N(C)C(=O)[C@H](C)N(C)C(=O)[C@@H](C)NC(=O)[C@@H](C)NC(=O)[C@H](C)N(C)C1=O,-5.8200002,[C@@H]1(C)C(=O)N(C)[C@@H](C)C(=O)N(C)[C@H](C)C(=O)N[C@@H](C)C(=O)N(C)[C@@H](C)C(=O)N[C@H](C)C(=O)N1,A{A**Q}rDA{~B}{A**Q}{A}D{A}A{~B}{A*Q}{A}D{A}A{~B}{A**Q}{A}DA{~B}{A**Q}{A}DA{~B}{A*Q}{A}D{A}Ar~B,54.35294332456737
hexapeptide 33,C[C@@H]1NC(=O)[C@@H](C)N(C)C(=O)[C@H](C)N(C)C(=O)[C@@H](C)NC(=O)[C@@H](C)N(C)C(=O)[C@H](C)NC1=O,-5.8200002,O=C1N[C@@H](C)C(=O)N(C)[C@H](C)C(=O)N[C@H](C)C(=O)N(C)[C@@H](C)C(=O)N(C)[C@H](C)C(=O)N[C@H]1C,A{A**Q}rDA{~B}{A**Q}{A}D{A}A{~B}{A*Q}{A}D{A}A{~B}{A**Q}{A}DA{~B}{A**Q}{A}D{A}A{~B}{A*Q}{A}DAr~B,54.35294332456737
hexapeptide 34,C[C@H]1C(=O)N[C@H](C)C(=O)N[C@H](C)C(=O)N(C)[C@@H](C)C(=O)N[C@H](C)C(=O)N(C)[C@@H](C)C(=O)N1C,-5.8200002,O=C1N(C)[C@@H](C)C(=O)N(C)[C@@H](C)C(=O)N[C@H](C)C(=O)N[C@H](C)C(=O)N(C)[C@@H](C)C(=O)N[C@@H]1C,A{A*Q}rA{~B}D{A*Q}{A}A{~B}D{A*Q}{A}A{~B}D{A}{A**Q}{A}A{~B}D{A*Q}{A}A{~B}D{A}{A**Q}{A}A{~B}DrA,54.35294332456737
hexapeptide 37,C[C@@H]1NC(=O)[C@@H](C)NC(=O)[C@@H](C)NC(=O)[C@H](C)N(C)C(=O)[C@H](C)N(C)C(=O)[C@@H](C)N(C)C1=O,-5.8200002,[C@H]1(C)NC(=O)[C@H](C)N(C)C(=O)[C@H](C)N(C)C(=O)[C@@H](C)N(C)C(=O)[C@H](C)NC(=O)[C@@H](C)NC1=O,A{A**Q}rDA{~B}{A**Q}{A}DA{~B}{A**Q}{A}DA{~B}{A*Q}{A}D{A}A{~B}{A*Q}{A}D{A}A{~B}{A**Q}{A}D{A}Ar~B,54.35294332456737
hexapeptide 38,C[C@@H]1NC(=O)[C@H](C)N(C)C(=O)[C@@H](C)N(C)C(=O)[C@H](C)NC(=O)[C@@H](C)NC(=O)[C@@H](C)N(C)C1=O,-5.8200002,O=C1N[C@@H](C)C(=O)N(C)[C@H](C)C(=O)N[C@H](C)C(=O)N[C@@H](C)C(=O)N(C)[C@H](C)C(=O)N(C)[C@H]1C,A{A**Q}rDA{~B}{A*Q}{A}D{A}A{~B}{A**Q}{A}D{A}A{~B}{A*Q}{A}DA{~B}{A**Q}{A}DA{~B}{A**Q}{A}D{A}Ar~B,54.35294332456737
hexapeptide 41,C[C@@H]1NC(=O)[C@H](C)N(C)C(=O)[C@@H](C)N(C)C(=O)[C@H](C)N(C)C(=O)[C@@H](C)N(C)C(=O)[C@@H](C)NC1=O,-5.2600002,C[C@@H]1N(C)C(=O)[C@@H](C)N(C)C(=O)[C@H](C)N(C)C(=O)[C@@H](C)N(C)C(=O)[C@@H](C)NC(=O)[C@H](C)NC1=O,A{A**Q}rDA{~B}{A*Q}{A}D{A}A{~B}{A**Q}{A}D{A}A{~B}{A*Q}{A}D{A}A{~B}{A**Q}{A}D{A}A{~B}{A**Q}{A}DAr~B,41.17647335640126
hexapeptide 42,C[C@@H]1NC(=O)[C@@H](C)N(C)C(=O)[C@H](C)N(C)C(=O)[C@@H](C)N(C)C(=O)[C@@H](C)NC(=O)[C@H](C)N(C)C1=O,-5.8200002,[C@@H]1(C)C(=O)N[C@@H](C)C(=O)N(C)[C@@H](C)C(=O)N[C@H](C)C(=O)N(C)[C@H](C)C(=O)N(C)[C@@H](C)C(=O)N1C,A{A**Q}rDA{~B}{A**Q}{A}D{A}A{~B}{A*Q}{A}D{A}A{~B}{A**Q}{A}D{A}A{~B}{A**Q}{A}DA{~B}{A*Q}{A}D{A}Ar~B,54.35294332456737
hexapeptide 47,C[C@@H]1NC(=O)[C@@H](C)N(C)C(=O)[C@@H](C)NC(=O)[C@H](C)N(C)C(=O)[C@H](C)N(C)C(=O)[C@@H](C)N(C)C1=O,-5.3000002,N1C(=O)[C@H](C)N(C)C(=O)[C@H](C)N(C)C(=O)[C@@H](C)N(C)C(=O)[C@H](C)NC(=O)[C@@H](C)N(C)C(=O)[C@H]1C,A{A**Q}rDA{~B}{A**Q}{A}D{A}A{~B}{A**Q}{A}DA{~B}{A*Q}{A}D{A}A{~B}{A*Q}{A}D{A}A{~B}{A**Q}{A}D{A}Ar~B,42.11764978269884
hexapeptide 48,C[C@@H]1NC(=O)[C@@H](C)N(C)C(=O)[C@@H](C)N(C)C(=O)[C@H](C)NC(=O)[C@H](C)N(C)C(=O)[C@@H](C)N(C)C1=O,-5.3000002,N1(C)C(=O)[C@@H](C)N(C)C(=O)[C@H](C)NC(=O)[C@H](C)N(C)C(=O)[C@@H](C)N(C)C(=O)[C@H](C)NC(=O)[C@H]1C,A{A**Q}rDA{~B}{A**Q}{A}D{A}A{~B}{A**Q}{A}D{A}A{~B}{A*Q}{A}DA{~B}{A*Q}{A}D{A}A{~B}{A**Q}{A}D{A}Ar~B,42.11764978269884
hexapeptide 52,C[C@H]1C(=O)N(C)[C@H](C)C(=O)N[C@H](C)C(=O)N(C)[C@@H](C)C(=O)N[C@H](C)C(=O)N(C)[C@@H](C)C(=O)N1C,-4.6999998,N1[C@H](C)C(=O)N(C)[C@@H](C)C(=O)N[C@H](C)C(=O)N(C)[C@@H](C)C(=O)N(C)[C@@H](C)C(=O)N(C)[C@H](C)C1=O,A{A*Q}rA{~B}D{A}{A*Q}{A}A{~B}D{A*Q}{A}A{~B}D{A}{A**Q}{A}A{~B}D{A*Q}{A}A{~B}D{A}{A**Q}{A}A{~B}DrA,27.99999397647086
hexapeptide 53,C[C@@H]1NC(=O)[C@@H](C)NC(=O)[C@@H](C)N(C)C(=O)[C@H](C)N(C)C(=O)[C@H](C)N(C)C(=O)[C@@H](C)N(C)C1=O,-5.3000002,N1[C@@H](C)C(=O)N(C)[C@H](C)C(=O)N(C)[C@@H](C)C(=O)N(C)[C@@H](C)C(=O)N(C)[C@H](C)C(=O)N[C@H](C)C1=O,A{A**Q}rDA{~B}{A**Q}{A}DA{~B}{A**Q}{A}D{A}A{~B}{A*Q}{A}D{A}A{~B}{A*Q}{A}D{A}A{~B}{A**Q}{A}D{A}Ar~B,42.11764978269884
hexapeptide 54,C[C@@H]1NC(=O)[C@@H](C)N(C)C(=O)[C@H](C)N(C)C(=O)[C@@H](C)NC(=O)[C@@H](C)N(C)C(=O)[C@H](C)N(C)C1=O,-5.0,N1(C)C(=O)[C@H](C)N(C)C(=O)[C@H](C)NC(=O)[C@@H](C)N(C)C(=O)[C@H](C)N(C)C(=O)[C@@H](C)NC(=O)[C@H]1C,A{A**Q}rDA{~B}{A**Q}{A}D{A}A{~B}{A*Q}{A}D{A}A{~B}{A**Q}{A}DA{~B}{A**Q}{A}D{A}A{~B}{A*Q}{A}D{A}Ar~B,35.058821879584855
hexapeptide 55,C[C@@H]1NC(=O)[C@@H](C)N(C)C(=O)[C@H](C)NC(=O)[C@@H](C)N(C)C(=O)[C@@H](C)N(C)C(=O)[C@H](C)N(C)C1=O,-5.3000002,[C@H]1(C)N(C)C(=O)[C@H](C)NC(=O)[C@@H](C)N(C)C(=O)[C@@H](C)N(C)C(=O)[C@H](C)N(C)C(=O)[C@H](C)NC1=O,A{A**Q}rDA{~B}{A**Q}{A}D{A}A{~B}{A*Q}{A}DA{~B}{A**Q}{A}D{A}A{~B}{A**Q}{A}D{A}A{~B}{A*Q}{A}D{A}Ar~B,42.11764978269884
hexapeptide 56,C[C@H]1C(=O)N(C)[C@H](C)C(=O)N[C@H](C)C(=O)N(C)[C@@H](C)C(=O)N(C)[C@H](C)C(=O)N(C)[C@@H](C)C(=O)N1C,-5.0999999,N1(C)C(=O)[C@H](C)N(C)C(=O)[C@@H](C)N(C)C(=O)[C@H](C)N(C)C(=O)[C@@H](C)NC(=O)[C@@H](C)N(C)C(=O)[C@@H]1C,A{A*Q}rA{~B}D{A}{A*Q}{A}A{~B}D{A*Q}{A}A{~B}D{A}{A**Q}{A}A{~B}D{A}{A*Q}{A}A{~B}D{A}{A**Q}{A}A{~B}DrA,37.41176059238774
hexapeptide 57,C[C@@H]1NC(=O)[C@@H](C)N(C)C(=O)[C@@H](C)N(C)C(=O)[C@H](C)N(C)C(=O)[C@H](C)N(C)C(=O)[C@@H](C)N(C)C1=O,-5.1500001,[C@H]1(C)N(C)C(=O)[C@H](C)NC(=O)[C@@H](C)N(C)C(=O)[C@@H](C)N(C)C(=O)[C@H](C)N(C)C(=O)[C@H](C)N(C)C1=O,A{A**Q}rDA{~B}{A**Q}{A}D{A}A{~B}{A**Q}{A}D{A}A{~B}{A*Q}{A}D{A}A{~B}{A*Q}{A}D{A}A{~B}{A**Q}{A}D{A}Ar~B,38.58823583114184
hexapeptide 58,C[C@H]1C(=O)N(C)[C@H](C)C(=O)N(C)[C@H](C)C(=O)N(C)[C@@H](C)C(=O)N[C@H](C)C(=O)N(C)[C@@H](C)C(=O)N1C,-5.3000002,C1(=O)[C@H](C)N(C)C(=O)[C@@H](C)NC(=O)[C@H](C)N(C)C(=O)[C@@H](C)N(C)C(=O)[C@@H](C)N(C)C(=O)[C@H](C)N1C,A{A*Q}rA{~B}D{A}{A*Q}{A}A{~B}D{A}{A*Q}{A}A{~B}D{A}{A**Q}{A}A{~B}D{A*Q}{A}A{~B}D{A}{A**Q}{A}A{~B}DrA,42.11764978269884
hexapeptide 59,C[C@@H]1NC(=O)[C@@H](C)N(C)C(=O)[C@H](C)N(C)C(=O)[C@@H](C)N(C)C(=O)[C@@H](C)N(C)C(=O)[C@H](C)N(C)C1=O,-5.3000002,CN1[C@H](C)C(=O)N(C)[C@@H](C)C(=O)N(C)[C@H](C)C(=O)N[C@@H](C)C(=O)N(C)[C@@H](C)C(=O)N(C)[C@H](C)C1=O,A{A**Q}rDA{~B}{A**Q}{A}D{A}A{~B}{A*Q}{A}D{A}A{~B}{A**Q}{A}D{A}A{~B}{A**Q}{A}D{A}A{~B}{A*Q}{A}D{A}Ar~B,42.11764978269884
hexapeptide 60,C[C@H]1C(=O)N[C@H](C)C(=O)N(C)[C@H](C)C(=O)N(C)[C@@H](C)C(=O)N(C)[C@H](C)C(=O)N(C)[C@@H](C)C(=O)N1C,-5.3000002,C[C@@H]1N(C)C(=O)[C@@H](C)N(C)C(=O)[C@H](C)N(C)C(=O)[C@@H](C)N(C)C(=O)[C@@H](C)NC(=O)[C@H](C)N(C)C1=O,A{A*Q}rA{~B}D{A*Q}{A}A{~B}D{A}{A*Q}{A}A{~B}D{A}{A**Q}{A}A{~B}D{A}{A*Q}{A}A{~B}D{A}{A**Q}{A}A{~B}DrA,42.11764978269884
hydralazine,NNc1nncc2ccccc12,-5.170000099999998,c1c2c(NN)nncc2ccc1,DDarddaasaaaaars,39.058824044290596
hydrocortisone,C[C@]12C[C@@H](O)[C@@H]3[C@@H](CCC4=CC(=O)CC[C@@]43C)[C@H]1CC[C@@]2(O)C(=O)CO,-4.6599998,[C@@]12(C)[C@H]3[C@@H](CCC1=CC(=O)CC2)[C@@H]1[C@@](C)([C@](O)(C(=O)CO)CC1)C[C@H]3O,A{A*}rsA{A**Q}{B}{A**Q}t{A**Q}{AAAu~AA{~B}AA{A**}utA}{A*Q}rAA{A**}s{B}A{~B}AB,27.058817550173284
IACV,C=C1NC(N)=Nc2c1ncn2COCCOC(=O)[C@H](N)[C@H](C)CC,-5.6799998,O(CCOC(=O)[C@@H]([C@H](C)CC)N)Cn1c2c(nc1)C(=C)NC(N)=N2,A~ArDA{D}~DasardadsABAABA{~B}{A*Q}{D}{A*Q}{A}AA,51.05881642076158
alminoprofen,C=C(C)CNc1ccc(C(C)C(=O)O)cc1,-4.3400002,C(=C)(C)CNc1ccc(C(C(O)=O)C)cc1,A~A{A}ADaraaa{A{A}A{~B}B}aar,19.529415551556927
imipramine,CN(C)CCCN1c2ccccc2CCc2ccccc21,-4.8509998,N1(CCCN(C)C)c2c(cccc2)CCc2ccccc21,AD{A}AAADrasaaaaasAAasaaaaasr,31.552934985744244
indomethacin,COc1ccc2c(c1)c(CC(=O)O)c(C)n2C(=O)c1ccc(Cl)cc1,-4.6900001,O(c1cc2c(CC(O)=O)c(C)n(C(=O)c3ccc(Cl)cc3)c2cc1)C,ABaraaasa{ar}a{AA{~B}B}a{A}dsA{~B}araaa{Z}aar,27.764706928719672
isoquercitrin,O=c1c(OC2C(O)OC(CO)C(O)C2O)c(-c2ccc(O)c(O)c2)oc2cc(O)cc(O)c12,-6.170000099999998,Oc1ccc(-c2oc3cc(O)cc(O)c3c(=O)c2OC2C(O)C(O)C(CO)OC2O)cc1O,B~ara{BAsA{B}BA{AB}A{B}AsB}a{_asaaa{B}a{B}as}basaa{B}aa{B}ars,62.58823470173009
ketoconazole,CC(=O)N1CCN(c2ccc(OC[C@H]3CO[C@](Cn4ccnc4)(c4ccc(Cl)cc4Cl)O3)cc2)CC1,-4.9299998,C1CN(c2ccc(OC[C@H]3CO[C@](Cn4ccnc4)(c4ccc(Cl)cc4Cl)O3)cc2)CCN1C(C)=O,AA{~B}DrAAD{asaaa{BA{A*Q}tAB{A*}{Aduaadau}{auaaa{Z}aauZ}Bt}aas}AAr,33.41175842768196
lamotrigine,Nc1nnc(-c2cccc(Cl)c2Cl)c(N)n1,-4.3899999,Clc1cccc(-c2c(N)nc(N)nn2)c1Cl,Dardda{_asaaaa{Z}asZ}a{D}dr,20.705879025605704
lansoprazole,Cc1c(OCC(F)(F)F)ccnc1CS(=O)c1nc2ccccc2[nH]1,-4.1100001000000015,c1c2nc(S(=O)Cc3c(C)c(OCC(F)(F)F)ccn3)[nH]c2ccc1,Aara{BAA{G}{G}G}aadarAE{~B}ardasaaaaas{dQ}r,14.117648747404804
Liquiritin apioside,O=c1cc(-c2ccc(O)cc2)oc2cc(O[C@@H]3O[C@H](CO)[C@@H](O)[C@H](O)[C@H]3O[C@@H]3OC[C@](O)(CO)[C@H]3O)cc(O)c12,-7.119999900000002,c1(O)ccc(-c2cc(=O)c3c(cc(O[C@H]4[C@H](O[C@H]5[C@H](O)[C@@](O)(CO)CO5)[C@@H](O)[C@H](O)[C@@H](CO)O4)cc3O)o2)cc1,B~araa{_asaaa{B}aas}basaa{B{A**Q}tB{A*Q}{AB}{A**Q}{B}{A*Q}{B}{A*Q}tB{A**Q}tBA{A*}{B}{AB}{A*Q}tB}aa{B}ars,84.94117012041556
lisinopril,NCCCC[C@H](N[C@@H](CCc1ccccc1)C(=O)O)C(=O)N1CCC[C@H]1C(=O)O,-7.389999900000001,C(C[C@H](N[C@@H](CCCCN)C(=O)N1CCC[C@H]1C(O)=O)C(O)=O)c1ccccc1,DAAAA{A*Q}{D{A**Q}{AAaraaaaar}A{~B}B}A{~B}DrAAA{A*Q}rA{~B}B,91.29411099792421
loracarbef,N[C@@H](C(=O)N[C@@H]1C(=O)N2C(C(=O)O)=C(Cl)CC[C@H]12)c1ccccc1.O,-7.3400002,N12C(=O)[C@@H](NC(=O)[C@@H](c3ccccc3)N)[C@H]1CCC(Cl)=C2C(=O)O.O,"D{A**Q}{A{~B}D{A**Q}rA{~B}DsA{A{~B}B}~A{Z}AA{A*Q}rs}araaaaar,B",90.11764752387542
amfenac sodium,Nc1c(CC(=O)[O-])cccc1C(=O)c1ccccc1.O.[Na+],-4.52,c1cccc(C(=O)c2c(N)c(CC(=O)[O-])ccc2)c1.[Na+].O,"Dara{AA{~B}{B_}}aaaarA{~B}araaaaar,B,{V%}",23.764704764013885
LY366659,CC(C)S(=O)(=O)n1c(N)nc2ccc(/C(=C/C(N)=O)c3c(F)c(F)cc(F)c3F)cc21,-4.1999998,Fc1cc(F)c(F)c(/C(c2ccc3c(n(S(C(C)C)(=O)=O)c(N)n3)c2)=C\C(=O)N)c1F,AA{A}E{~B}{~B}dra{D}dasaaa{|A{~A|A{D}~B}ata{G}a{G}aa{G}atG}aasr,16.235288647751116
LY366799,CC(C)S(=O)(=O)n1c(N)nc2ccc(/C(=C/C(N)=O)c3ccccc3F)cc21,-4.54,c1c(F)c(/C(c2ccc3nc(N)n(S(=O)(C(C)C)=O)c3c2)=C\C(=O)N)ccc1,AA{A}E{~B}{~B}dra{D}dasaaa{|A{~A|A{D}~B}ataaaaatG}aasr,24.235292977162686
LY366853,C.CC(C)n1c(N)nc2ccc(/C(=C/C(N)=O)c3cccc(F)c3F)cc21,-5.3000002,Nc1nc2ccc(/C(=C/C(=O)N)c3c(F)c(F)ccc3)cc2n1C(C)C.C,"A,AA{A}dra{D}dasaaa{|A{~A|A{D}~B}ataaaa{G}atG}aasr",42.11764978269884
LY366856,CC(C)S(=O)(=O)n1c(N)nc2ccc(/C(=C/C(N)=O)c3ccc(F)c(F)c3F)cc21,-4.329999900000002,Nc1n(S(=O)(C(C)C)=O)c2cc(/C(c3ccc(F)c(F)c3F)=C/C(N)=O)ccc2n1,AA{A}E{~B}{~B}dra{D}dasaaa{|A{~A|A{D}~B}ataaa{G}a{G}atG}aasr,19.294114386159364
meloxicam,Cc1cnc(NC(=O)C2=C(O)c3ccccc3S(=O)(=O)N2C)s1,-4.71,O=C(C1=C(O)c2ccccc2S(=O)(=O)N1C)Nc1ncc(C)s1,Aarada{DA{~B}As~A{B}ataaaaatE{~B}{~B}DsA}er,28.2352927889274
methylscopolamine,C[N+]1(C)[C@H]2CC(OC(=O)[C@H](CO)c3ccccc3)C[C@H]1C1OC12.[Br-],-6.1599998,[N+]1(C)(C)[C@@H]2C3C(O3)[C@@H]1CC(OC([C@H](CO)c1ccccc1)=O)C2.[Br-],"A{D%}r{A}{A*Q}sAA{BA{~B}{A*Q}{AB}ataaaaat}A{A*Q}rArBArs,{Y_}",62.35293353633253
metolazone,Cc1ccccc1N1C(=O)c2cc(S(N)(=O)=O)c(Cl)cc2NC1C,-5.21,c1ccc(C)c(N2C(C)Nc3cc(Cl)c(S(N)(=O)=O)cc3C2=O)c1,AaraaaaarDrA{~B}asaa{E{D}{~B}~B}a{Z}aasDArA,39.99999811764715
amoxicillin,CC1(C)S[C@@H]2[C@H](NC(=O)[C@H](N)c3ccc(O)cc3)C(=O)N2[C@H]1C(=O)O,-6.1524997,OC(=O)[C@@H]1N2[C@@H]([C@H](NC(=O)[C@@H](c3ccc(O)cc3)N)C2=O)SC1(C)C,AAr{A}E{A**Q}s{A*Q}{DA{~B}{A*Q}{D}ataaa{B}aat}A{~B}Ds{A*Q}rA{~B}B,62.176460603460676
nadalol,CC(C)(C)NCC(O)COc1cccc2c1CC(O)C(O)C2,-5.4109998,C1C(O)C(O)Cc2c1cccc2OCC(CNC(C)(C)C)O,AA{A}{A}DAA{B}ABaraaaasarAA{B}A{B}As,44.729404953910354
naproxen,COc1ccc2cc([C@H](C)C(=O)O)ccc2c1,-4.6599998,c1c([C@H](C)C(O)=O)cc2c(cc(OC)cc2)c1,ABaraaasaa{{A*Q}{A}A{~B}B}aaasar,27.058817550173284
naproxen sodium,COc1ccc2cc(C(C)C(=O)[O-])ccc2c1.[Na+],-4.329999900000002,C(=O)(C(c1ccc2cc(OC)ccc2c1)C)[O-].[Na+],"ABaraaasaa{A{A}A{~B}{B_}}aaasar,{V%}",19.294114386159364
naringenin,O=C1C[C@@H](c2ccc(O)cc2)Oc2cc(O)cc(O)c21,-4.6550002,[C@H]1(c2ccc(O)cc2)Oc2c(c(O)cc(O)c2)C(=O)C1,B~ArA{A**Q}{asaaa{B}aas}Basaa{B}aa{B}asr,26.941179908650355
N-carbobenzoxy-tryptophan,O=C(NC(Cc1c[nH]c2ccccc12)C(=O)O)OCc1ccccc1,-5.8000002,c12c([nH]cc1CC(C(=O)O)NC(OCc1ccccc1)=O)cccc2,B~A{DA{Aara{dQ}asaaaaars}A{~B}B}BAaraaaaar,53.88235511141859
N-desmethylclozapine,Clc1ccc2c(c1)N=C(N1CCNCC1)c1ccccc1N2,-4.6799998,c1cccc2c1Nc1c(cc(Cl)cc1)N=C2N1CCNCC1,Zaraaasa{ar}D~A{DrAADAAr}araaaaarDs,27.52940576332208
neolignan smi02,C/C=C/c1cc(OC)c2c(c1)C(C)C(c1cc(OC)c(O)c(OC)c1)O2,-5.3400002,CC1c2c(c(OC)cc(/C=C/C)c2)OC1c1cc(OC)c(O)c(OC)c1,A|A~A|araa{BA}asa{ar}A{A}A{araa{BA}a{B}a{BA}ar}Bs,43.05882620899642
neolignan smi05,C=CCc1cc(OC)c(OC(C)Cc2cc(OC)c(OC)c(OC)c2)c(OC)c1,-4.73,COc1cc(CC=C)cc(OC)c1OC(C)Cc1cc(OC)c(OC)c(OC)c1,A~AAaraa{BA}a{BA{A}Aasaa{BA}a{BA}a{BA}as}a{BA}ar,28.705881002076197
ampicillin,CC1(C)S[C@@H]2[C@H](NC(=O)[C@H](N)c3ccccc3)C(=O)N2[C@H]1C(=O)O,-5.6999998,c1cccc([C@H](C(=O)N[C@H]2[C@H]3SC(C)(C)[C@H](C(=O)O)N3C2=O)N)c1,AAr{A}E{A**Q}s{A*Q}{DA{~B}{A*Q}{D}ataaaaat}A{~B}Ds{A*Q}rA{~B}B,51.52940463391036
neolignan smi08,C=CCc1cc(OC)c(OC(C)C(O)c2cc(OC)c(OC)c(OC)c2)c(OC)c1,-4.5500002,c1(C(C(Oc2c(OC)cc(CC=C)cc2OC)C)O)cc(OC)c(OC)c(OC)c1,A~AAaraa{BA}a{BA{A}A{B}asaa{BA}a{BA}a{BA}as}a{BA}ar,24.47059178961922
neolignan smi09,C=CCc1cc(OC)c(OC(C)C(O)c2ccc(O)c(OC)c2)c(OC)c1,-4.5100002,c1c(C(C(Oc2c(OC)cc(CC=C)cc2OC)C)O)cc(OC)c(O)c1,A~AAaraa{BA}a{BA{A}A{B}asaaa{B}a{BA}as}a{BA}ar,23.529415363321643
oxacillin,Cc1onc(-c2ccccc2Cl)c1C(=O)N[C@@H]1C(=O)N2[C@@H](C(=O)O)C(C)(C)S[C@H]12,-5.579999900000002,c1(Cl)ccccc1-c1c(C(N[C@@H]2C(=O)N3[C@@H](C(=O)O)C(C)(C)S[C@H]23)=O)c(C)on1,Aarbda{_asaaaaasZ}arA{~B}D{A**Q}rA{~B}Ds{A**Q}{A{~B}B}A{A}{A}E{A*Q}rs,48.70587770795873
oxprenolol ester,C=CCOc1ccccc1OC[C@@H](CNC(C)C)OC(=O)C1CC1,-4.545000099999998,C1CC1C(O[C@@H](COc1ccccc1OCC=C)CNC(C)C)=O,A~AABaraaaaarBA{A**Q}{ADA{A}A}BA{~B}ArAAr,24.35294238339091
PNU200001,N=C(N)c1ccc2[nH]c(Cc3nc4ccccc4[nH]3)nc2c1,-6.6999998,c1c(C(=N)N)ccc2[nH]c(Cc3[nH]c4c(cccc4)n3)nc12,D~A{D}araaas{dQ}a{Aatdauaaaaau{dQ}t}dasar,75.05881529134986
PNU200647,N/C(=N/O)c1ccc2[nH]c(-c3ccccn3)nc2c1,-4.6500001,c1ccnc(-c2nc3c(ccc(/C(N)=N\O)c3)[nH]2)c1,D|A{~D|B}araaas{dQ}a{_ataaaadt}dasar,26.82353050242209
PNU200648,Cc1ccnc2nc(Cc3nc4cc(C(=N)N)ccc4[nH]3)[nH]c12,-7.0500002,c1c(C)c2c(nc(Cc3nc4c([nH]3)ccc(C(=N)N)c4)[nH]2)nc1,Aaraadasda{Aatdauaa{A{~D}D}aaau{dQ}t}{dQ}ars,83.29411843321796
PNU200969,CCOC(=O)NC(=N)c1ccc2[nH]c(Cc3nc4ccccc4[nH]3)nc2c1,-6.1500001,O=C(OCC)NC(=N)c1ccc2[nH]c(Cc3[nH]c4ccccc4n3)nc2c1,AABA{~B}DA{~D}araaas{dQ}a{Aatdauaaaaau{dQ}t}dasar,62.11764648858133
pravastatin,CC[C@H](C)C(=O)O[C@H]1C[C@H](O)C=C2C=C[C@H](C)[C@H](CC[C@@H](O)C[C@@H](O)CC(=O)O)[C@H]21,-5.8400002,C(=O)(C[C@H](O)C[C@H](O)CC[C@@H]1[C@@H]2C(=C[C@@H](O)C[C@@H]2OC([C@H](CC)C)=O)C=C[C@@H]1C)O,AA{A*Q}{A}A{~B}B{A*Q}rA{A*Q}{B}A~AsA~A{A*Q}{A}{A*Q}{AA{A**Q}{B}A{A**Q}{B}AA{~B}B}{A*Q}sr,54.82353153771617
prazosin,COc1cc2nc(N3CCN(C(=O)c4ccco4)CC3)nc(N)c2cc1OC,-4.987,O=C(c1occc1)N1CCN(c2nc(N)c3c(cc(OC)c(OC)c3)n2)CC1,ABaraasda{DtAAD{A{~B}auaaabu}AAt}da{D}asaarBA,34.752939541038145
prednisolone,C[C@]12C[C@H](O)[C@H]3[C@@H](CCC4=CC(=O)C=C[C@@]43C)[C@@H]1CC[C@]2(O)C(=O)CO,-4.7199998,C[C@@]12[C@H]([C@H]3[C@H]([C@@H](O)C1)[C@]1(C)C(=CC(=O)C=C1)CC3)CC[C@]2(O)C(=O)CO,A{A*}rsA{A*Q}{B}{A*Q}t{A**Q}{AAAu~AA{~B}A~A{A**}utA}{A**Q}rAA{A*}s{B}A{~B}AB,28.470582189619662
preladenant,COCCOc1ccc(N2CCN(CCn3ncc4c3nc(N)n3nc(-c5ccco5)nc43)CC2)cc1,-5.3499999,c1(OCCOC)ccc(N2CCN(CCn3c4c(c5n(nc(-c6ccco6)n5)c(N)n4)cn3)CC2)cc1,ABAABaraaa{DsAAD{AAdtdaauatda{D}dtda{_avaaabv}daut}AAs}aar,43.29411325674762
propranolol ester,CC(C)NC[C@H](COc1cccc2ccccc12)OC(=O)C1CC1,-4.5100002,O([C@H](CNC(C)C)COc1cccc2ccccc12)C(=O)C1CC1,AA{A}DA{A*Q}{ABaraaaasaaaaars}BA{~B}ArAAr,23.529415363321643
puerarin,O=c1c(-c2ccc(O)cc2)coc2c([C@@H]3O[C@H](CO)[C@@H](O)[C@H](O)[C@H]3O)c(O)ccc12,-6.4000001,c1c(-c2coc3c(ccc(O)c3[C@H]3[C@H](O)[C@@H](O)[C@H](O)[C@@H](CO)O3)c2=O)ccc(O)c1,B~ara{_asaaa{B}aas}abasa{{A**Q}tB{A*Q}{AB}{A**Q}{B}{A*Q}{B}{A*Q}tB}a{B}aaars,67.9999991529412
quinidine,C=C[C@H]1CN2CC[C@H]1C[C@@H]2[C@@H](O)c1ccnc2ccc(OC)cc12,-4.6900001,O(C)c1cc2c(nccc2[C@H](O)[C@@H]2N3CC[C@H]([C@@H](C=C)C3)C2)cc1,A~A{A*Q}rADsAA{A*Q}rA{A**Q}s{A**Q}{B}araadasaaa{BA}aars,27.764706928719672
raffinose,OC[C@H]1O[C@@](CO)(O[C@H]2O[C@H](CO[C@H]3O[C@H](CO)[C@H](O)[C@H](O)[C@H]3O)[C@@H](O)[C@H](O)[C@H]2O)[C@@H](O)[C@@H]1O,-7.619999900000002,[C@H]1(O)[C@H](O)[C@@](O[C@@H]2[C@H](O)[C@@H](O)[C@H](O)[C@@H](CO[C@@H]3[C@H](O)[C@@H](O)[C@@H](O)[C@@H](CO)O3)O2)(CO)O[C@@H]1CO,BA{A*Q}rB{A**}{AB}{B{A*Q}sB{A*Q}{AB{A*Q}tB{A*Q}{AB}{A*Q}{B}{A*Q}{B}{A*Q}tB}{A**Q}{B}{A*Q}{B}{A*Q}sB}{A**Q}{B}{A**Q}rB,96.7058754491353
artesunate,C[C@@H]1CC[C@H]2[C@@H](C)[C@H](OC(=O)CCC(=O)O)O[C@@H]3O[C@@]4(C)CC[C@@H]1[C@@]23OO4,-5.4000001,O([C@H]1[C@H](C)[C@@H]2CC[C@@H](C)[C@@H]3CC[C@]4(C)O[C@H]([C@@]32OO4)O1)C(=O)CCC(O)=O,A{A**Q}rAA{A*Q}s{A**Q}{A}{A*Q}{BA{~B}AAA{~B}B}B{A**Q}tB{A**}u{A}AA{A**Q}r{A**}stBBu,44.470588495501715
rapamycin,CO[C@H]1C[C@@H]2CC[C@@H](C)[C@@](O)(O2)C(=O)C(=O)N2CCCC[C@H]2C(=O)O[C@H]([C@H](C)C[C@@H]2CC[C@@H](O)[C@H](OC)C2)CC(=O)[C@H](C)/C=C(\C)[C@@H](O)[C@@H](OC)C(=O)[C@H](C)C[C@H](C)/C=C/C=C/C=C/1C,-4.96,[C@@H]1(O)/C(C)=C/[C@@H](C)C(=O)C[C@@H]([C@H](C)C[C@H]2C[C@@H](OC)[C@H](O)CC2)OC(=O)[C@H]2N(CCCC2)C(=O)C(=O)[C@]2(O)O[C@H](C[C@H](OC)/C(C)=C/C=C/C=C/[C@@H](C)C[C@@H](C)C(=O)[C@@H]1OC)CC[C@H]2C,AB{A*Q}rA{A**Q}sAA{A**Q}{A}{A**}{B}{Bs}A{~B}A{~B}DsAAAA{A*Q}sA{~B}B{A*Q}{{A*Q}{A}A{A**Q}sAA{A**Q}{B}{A*Q}{BA}As}AA{~B}{A*Q}{A}|A~A{!A}{A**Q}{B}{A**Q}{BA}A{~B}{A*Q}{A}A{A*Q}{A}|A~A|A~A|A~A|rA,34.117645453287274
SACV,C=C1NC(N)=Nc2c1ncn2COCCOC(=O)[C@H](N)CO,-5.329999900000002,N[C@H](CO)C(OCCOCn1c2c(nc1)C(=C)NC(N)=N2)=O,A~ArDA{D}~DasardadsABAABA{~B}{A*Q}{D}AB,42.823525043598856
scopolamine,CN1[C@H]2CC(OC(=O)[C@H](CO)c3ccccc3)C[C@@H]1[C@H]1O[C@@H]21,-4.928,C(O)[C@@H](C(=O)OC1C[C@H]2N(C)[C@H]([C@@H]3O[C@@H]32)C1)c1ccccc1,ADr{A*Q}sAA{BA{~B}{A*Q}{AB}ataaaaat}A{A**Q}r{A*Q}rB{A**Q}sr,33.36470431224921
serotonin,NCCc1c[nH]c2ccc(O)cc12,-4.8600001,c1(CCN)c[nH]c2ccc(O)cc12,DAAara{dQ}asaaa{B}aars,31.764706740484385
sildenafil,CCCc1nn(C)c2c(=O)nc(-c3cc(S(=O)(=O)N4CCN(C)CC4)ccc3OCC)[nH]c12,-4.5100002,C1N(S(=O)(=O)c2ccc(OCC)c(-c3nc(=O)c4n(C)nc(CCC)c4[nH]3)c2)CCN(C)C1,AAAardd{A}asa{~B}da{_ataa{E{~B}{~B}DuAAD{A}AAu}aaatBAA}{dQ}ars,23.529415363321643
atropine,CN1[C@H]2CC[C@@H]1CC(OC(=O)C(CO)c1ccccc1)C2,-4.6999998,C1[C@H]2CC(OC(C(c3ccccc3)CO)=O)C[C@@H](C1)N2C,ADr{A*Q}sAA{A**Q}rAA{BA{~B}A{AB}araaaaar}As,27.99999397647086
sulfadiazine,Nc1ccc(S(=O)(=O)Nc2ncccn2)cc1,-4.75,O=S(c1ccc(N)cc1)(=O)Nc1ncccn1,Daraaa{E{~B}{~B}Dasdaaads}aar,29.17646921522498
sulfasalazine,O=C(O)c1cc(/N=N/c2ccc(S(=O)(=O)Nc3ccccn3)cc2)ccc1O,-5.378171,c1c(NS(=O)(=O)c2ccc(/N=N/c3cc(C(O)=O)c(O)cc3)cc2)nccc1,B~A{B}araa{|D~D|asaaa{E{~B}{~B}Dataaaadt}aas}aaarB,43.95696263731941
tenidap,NC(=O)N1C(=O)C(C(=O)c2cccs2)c2cc(Cl)ccc21,-4.5700002,c1c(Cl)cc2c(c1)N(C(=O)N)C(=O)C2C(c1cccs1)=O,DA{~B}DrA{~B}A{A{~B}asaaaes}asaa{Z}aaasr,24.941180002768
tenoxicam,COc1cc2nc(N3CCN(C(=O)C4CCCO4)CC3)nc(N)c2cc1OC,-4.6100001,c12nc(N3CCN(C(=O)C4CCCO4)CC3)nc(N)c1cc(OC)c(OC)c2,ABaraasda{DtAAD{A{~B}AuAAABu}AAt}da{D}asaarBA,25.882354076124507
theophylline,Cn1c(=O)c2[nH]cnc2n(C)c1=O,-4.3499999,c1(=O)n(C)c(=O)c2c(nc[nH]2)n1C,Adra{~B}as{dQ}adasd{A}ar~B,19.764702599308123
tiotidine,C/N=C(\NC#N)NCCSCc1csc(N=C(N)N)n1,-5.880000099999998,N(C#N)/C(=N\C)NCCSCc1nc(N=C(N)N)sc1,A|D~A{!DA^D}DAAEAaraea{D~A{D}D}dr,55.764705611072635
tryptophan,NC(Cc1c[nH]c2ccccc12)C(=O)O,-5.3899999,c1cccc2c1c(CC(C(=O)O)N)c[nH]2,DA{Aara{dQ}asaaaaars}A{~B}B,44.235289683045195
tryptophanamide,NC(=O)C(N)Cc1c[nH]c2ccccc12,-4.920000099999998,c1cc2[nH]cc(CC(C(N)=O)N)c2cc1,DA{~B}A{D}Aara{dQ}asaaaaars,33.176471379930724
ursolic acid,C[C@@H]1[C@H]2C3=CC[C@@H]4[C@@]5(C)CC[C@H](O)C(C)(C)[C@@H]5CC[C@@]4(C)[C@]3(C)CC[C@@]2(C(=O)O)CC[C@H]1C,-5.5500002,[C@@H]12CC[C@@]3(C)[C@]4(C)CC[C@@]5(C(O)=O)CC[C@@H](C)[C@H](C)[C@H]5C4=CC[C@@H]3[C@@]1(C)CC[C@H](O)C2(C)C,A{A**Q}r{A*Q}sAt~AA{A**Q}u{A**}v{A}AA{A*Q}{B}A{A}{A}{A**Q}vAA{A**}u{A}{A*}t{A}AA{A**}s{A{~B}B}AA{A*Q}rA,48.00000244705872
VACV,C=C1NC(N)=Nc2c1ncn2COCCOC(=O)[C@H](N)C(C)C,-5.3499999,C(C)(C)[C@H](C(=O)OCCOCn1c2c(nc1)C(=C)NC(N)=N2)N,A~ArDA{D}~DasardadsABAABA{~B}{A*Q}{D}A{A}A,43.29411325674762
verapamil,COc1ccc(CCN(C)CCCC(C#N)(c2ccc(OC)c(OC)c2)C(C)C)cc1OC,-4.579999900000002,O(c1c(OC)ccc(C(C#N)(C(C)C)CCCN(C)CCc2ccc(OC)c(OC)c2)c1)C,ABaraaa{AAD{A}AAAA{A^D}{asaaa{BA}a{BA}as}A{A}A}aarBA,25.176467050519236
benzoic acid,O=C(O)c1ccccc1,-4.0050001,c1cc(C(=O)O)ccc1,B~A{B}araaaaar,11.647060628373625
vinblastine,CC[C@]1(O)C[C@@H]2CN(CCc3c([nH]c4ccccc34)[C@@](C(=O)OC)(c3cc4c(cc3OC)N(C)[C@H]3[C@@](O)(C(=O)OC)[C@H](OC(C)=O)[C@]5(CC)C=CCN6CC[C@]43[C@@H]65)C2)C1,-5.48,C([C@@]1(O)[C@H](OC(=O)C)[C@]2(CC)C=CCN3[C@@H]2[C@]2(c4cc([C@@]5(C(=O)OC)C[C@@H]6C[C@@](O)(CC)CN(C6)CCc6c7c(cccc7)[nH]c65)c(OC)cc4N(C)[C@@H]12)CC3)(=O)OC,AA{A*}r{B}A{A**Q}sAD{AAata{{dQ}auaaaaatu}{A**}{A{~B}BA}{ataaua{aatBA}D{A}{A*Q}t{A**}{B}{A{~B}BA}{A*Q}{BA{A}~B}{A*}v{AA}A~AADwAA{A*}ut{A**Q}wv}As}Ar,46.35293899515582
VLA-4 antagonist 2,CCOC(=O)[C@H](Cc1ccc(OC(=O)N(C)C)cc1)NC(=O)[C@H]1N(S(=O)(=O)c2cnn(C)c2)CSC1(C)C,-5.369999900000002,c1cc(OC(=O)N(C)C)ccc1C[C@@H](C(OCC)=O)NC([C@@H]1C(C)(C)SCN1S(=O)(=O)c1cnn(C)c1)=O,AABA{~B}{A*Q}{Aaraaa{BA{~B}D{A}A}aar}DA{~B}{A*Q}rD{E{~B}{~B}asadd{A}as}AEAr{A}A,43.764701469896444
VLA-4 antagonist 3,CC(C)OC(=O)[C@H](Cc1ccc(OC(=O)N(C)C)cc1)NC(=O)[C@H]1N(S(=O)(=O)c2cnn(C)c2)CSC1(C)C,-5.170000099999998,O(C(C)C)C(=O)[C@H](Cc1ccc(OC(N(C)C)=O)cc1)NC(=O)[C@@H]1C(C)(C)SCN1S(c1cnn(C)c1)(=O)=O,AA{A}BA{~B}{A*Q}{Aaraaa{BA{~B}D{A}A}aar}DA{~B}{A*Q}rD{E{~B}{~B}asadd{A}as}AEAr{A}A,39.058824044290596
VLA-4 antagonist 4,CN(C)C(=O)Oc1ccc(C[C@H](NC(=O)[C@H]2N(S(=O)(=O)c3cnn(C)c3)CSC2(C)C)C(=O)OCC(C)(C)C)cc1,-5.3400002,C1(C)(C)[C@@H](C(N[C@H](C(OCC(C)(C)C)=O)Cc2ccc(OC(=O)N(C)C)cc2)=O)N(S(c2cnn(C)c2)(=O)=O)CS1,AD{A}A{~B}Baraaa{A{A*Q}{DA{~B}{A*Q}sD{E{~B}{~B}atadd{A}at}AEAs{A}A}A{~B}BAA{A}{A}A}aar,43.05882620899642
VLA-4 antagonist 5,CN(C)C(=O)Oc1ccc(C[C@H](NC(=O)[C@H]2N(S(=O)(=O)c3cnn(C)c3)CSC2(C)C)C(=O)OCOC(=O)C(C)(C)C)cc1,-5.5999999,O=C(N[C@H](C(=O)OCOC(=O)C(C)(C)C)Cc1ccc(OC(N(C)C)=O)cc1)[C@@H]1C(C)(C)SCN1S(c1cnn(C)c1)(=O)=O,AD{A}A{~B}Baraaa{A{A*Q}{DA{~B}{A*Q}sD{E{~B}{~B}atadd{A}at}AEAs{A}A}A{~B}BABA{~B}A{A}{A}A}aar,49.17646592110749
VLA-4 antagonist 6,COCCOCCOC(=O)[C@H](Cc1ccc(OC(=O)N(C)C)cc1)NC(=O)[C@H]1N(S(=O)(=O)c2cnn(C)c2)CSC1(C)C,-5.6900001,c1c(OC(=O)N(C)C)ccc(C[C@@H](C(OCCOCCOC)=O)NC(=O)[C@H]2N(S(c3cn(C)nc3)(=O)=O)CSC2(C)C)c1,ABAABAABA{~B}{A*Q}{Aaraaa{BA{~B}D{A}A}aar}DA{~B}{A*Q}rD{E{~B}{~B}asadd{A}as}AEAr{A}A,51.29411758615917
benzylpenicillin,CC1(C)S[C@@H]2[C@H](NC(=O)Cc3ccccc3)C(=O)N2[C@H]1C(=O)O,-6.0250001,S1C(C)(C)[C@H](C(=O)O)N2C(=O)[C@@H](NC(=O)Cc3ccccc3)[C@@H]12,AAr{A}E{A**Q}s{A*Q}{DA{~B}Aataaaaat}A{~B}Ds{A*Q}rA{~B}B,59.1764701564014
zidovudine,Cc1cn([C@H]2C[C@H](N=[N+]=[N-])[C@@H](CO)O2)c(=O)[nH]c1=O,-5.0599999,[N+](=N[C@H]1C[C@H](n2cc(C)c(=O)[nH]c2=O)O[C@@H]1CO)=[N-],Aarad{{A*Q}sA{A*Q}{D~{D%}~{D_}}{A**Q}{AB}Bs}a{~B}{dQ}ar~B,36.47058416609016
CA-DADLE,CC(C)C[C@H]1NC(=O)[C@@H](Cc2ccccc2)NC(=O)CNC(=O)[C@@H](C)NC(=O)[C@H](Cc2ccc(O)cc2)NC(=O)/C=C\c2ccccc2OC1=O,-5.880000099999998,c12c(cccc1)/C=C\C(=O)N[C@@H](Cc1ccc(O)cc1)C(=O)N[C@H](C)C(=O)NCC(=O)N[C@H](Cc1ccccc1)C(=O)N[C@H](CC(C)C)C(=O)O2,AA{A}A{A*Q}rDA{~B}{A**Q}{Aasaaaaas}DA{~B}ADA{~B}{A**Q}{A}DA{~B}{A*Q}{Aasaaa{B}aas}DA{~B}|A~A!asaaaaasBAr~B,55.764705611072635
CA-Leu-Enk,CC(C)C[C@H]1NC(=O)[C@@H](CC2CCCCC2)NC(=O)CNC(=O)[C@@H](C)NC(=O)[C@H](Cc2ccc(O)cc2)NC(=O)/C=C\c2ccccc2OC1=O,-6.4699998,c12c(cccc1)OC(=O)[C@@H](CC(C)C)NC(=O)[C@@H](CC1CCCCC1)NC(=O)CNC(=O)[C@@H](C)NC(=O)[C@H](Cc1ccc(O)cc1)NC(=O)/C=C\2,AA{A}A{A*Q}rDA{~B}{A**Q}{AAsAAAAAs}DA{~B}ADA{~B}{A**Q}{A}DA{~B}{A*Q}{Aasaaa{B}aas}DA{~B}|A~A!asaaaaasBAr~B,69.64705084013879
camptothecin,CC[C@@]1(O)C(=O)OCc2c1cc1n(c2=O)Cc2cc3ccccc3nc2-1,-4.1100001000000015,c1cccc2cc3c(nc12)-c1n(c(=O)c2c(c1)[C@](CC)(O)C(=O)OC2)C3,AA{A**}r{B}A{~B}BAasaraard{as~B}Aasaataaaaatdas_r,14.117648747404804
carboxamido 28,CC(C)(C)CC(=O)Nc1c(F)cc(C(=O)Nc2nccs2)cc1F,-4.059999899999998,O=C(Nc1sccn1)c1cc(F)c(NC(CC(C)(C)C)=O)c(F)c1,AA{A}{A}AA{~B}Dara{G}aa{A{~B}Dasdaaes}aarG,12.941173508650627
cefazolin,Cc1nnc(SCC2=C(C(=O)O)N3C(=O)[C@@H](NC(=O)Cn4cnnn4)[C@H]3SC2)s1,-6.23,C1(CSc2nnc(C)s2)=C(C(O)=O)N2[C@H](SC1)[C@H](NC(Cn1cnnn1)=O)C2=O,Aardda{EAAs~A{A{~B}B}DtA{~B}{A**Q}{DA{~B}Aduadddu}{A*Q}tEAs}er,63.99999698823544
ceftriaxone,CO/N=C(\C(=O)N[C@@H]1C(=O)N2C(C(=O)O)=C(CSc3nc(=O)c(=O)[nH]n3C)CS[C@H]12)c1csc(N)n1,-6.764999900000001,O=c1nc(SCC2=C(C(=O)O)N3C(=O)[C@@H](NC(/C(c4nc(N)sc4)=N\OC)=O)[C@H]3SC2)n(C)[nH]c1=O,AB|D~A{!A{~B}D{A**Q}rA{~B}DsA{A{~B}B}~A{AEatda{~B}a{~B}{dQ}dtA}AE{A*Q}rs}araea{D}dr,76.58822933702453
cephalexin,CC1=C(C(=O)O)N2C(=O)C(NC(=O)C(N)c3ccccc3)C2SC1,-6.3600001,C1(C)=C(C(O)=O)N2C(C(NC(=O)C(N)c3ccccc3)C2=O)SC1,AAr~A{A{~B}B}DsA{~B}A{DA{~B}A{D}ataaaaat}AsEAr,67.05882272664363
cephalexin acetylated,CC(=O)NC(C(=O)NC1C(=O)N2C(C(=O)O)=C(C)CSC12)c1ccccc1,-6.630000099999998,C1(C)=C(C(=O)O)N2C(C(NC(=O)C(NC(C)=O)c3ccccc3)C2=O)SC1,AA{~B}DA{A{~B}DArA{~B}DsA{A{~B}B}~A{A}AEArs}araaaaar,73.41176360415226
CFPN-PI,CC/C=C(\C(=O)N[C@@H]1C(=O)N2C(C(=O)OCOC(=O)C(C)(C)C)=C(COC(N)=O)CS[C@H]12)c1csc(N)n1.Cl.O,-5.1100001,S1CC(COC(N)=O)=C(C(OCOC(=O)C(C)(C)C)=O)N2[C@H]1[C@H](NC(=O)/C(c1csc(N)n1)=C\CC)C2=O.Cl.O,"AA|A~A{!A{~B}D{A**Q}rA{~B}DsA{A{~B}BABA{~B}A{A}{A}A}~A{ABA{D}~B}AE{A*Q}rs}araea{D}dr,Z,B",37.647059404844256
cimetidine,C/N=C(\NC#N)NCCSCc1[nH]cnc1C,-5.9000001,N(\C)=C(\NC#N)NCCSCc1[nH]cnc1C,A|D~A{!DA^D}DAAEAar{dQ}adarA,56.23529382422146
clozapine,CN1CCN(C2=Nc3cc(Cl)ccc3Nc3ccccc32)CC1,-4.5100002,c12ccc(Cl)cc1N=C(N1CCN(C)CC1)c1c(cccc1)N2,ADrAAD{As~Dataa{Z}aaatDataaaaats}AAr,23.529415363321643
2,CN(C(=O)[C@H](Cc1ccc(C(=N)N)cc1)NS(=O)(=O)c1ccc2ccccc2c1)C1CCCC1,-6.6989698,C(N)(c1ccc(C[C@H](NS(=O)(c2cc3c(cccc3)cc2)=O)C(=O)N(C)C2CCCC2)cc1)=N,AD{A{~B}{A*Q}{Aaraaa{A{~D}D}aar}DE{~B}{~B}araaasaaaaasar}ArAAAAr,75.0345799983727
34,NCc1cccc(Cc2ncccn2)c1,-4.5968795,c1(Cc2cccc(CN)c2)ncccn1,DAaraaaa{Aasdaaads}ar,25.57363409065252
31,NC(=O)c1cccc(Cc2ncccn2)c1,-4.4609237,c1c(C(=O)N)cccc1Cc1ncccn1,DA{~B}araaaa{Aasdaaads}ar,22.374674241191812
20,N#Cc1cccc(Cc2ncccn2)c1,-4.1758742,c1ccc(C#N)cc1Cc1ncccn1,D^Aaraaaa{Aasdaaads}ar,15.667627497994003
7,CNS(=O)(=O)c1ccc(Cl)cc1,-4.186419,N(S(c1ccc(Cl)cc1)(=O)=O)C,ADE{~B}{~B}araaa{Z}aar,15.915740427494567
6,NS(=O)(=O)c1ccc(Cl)cc1,-4.2620125,c1cc(Cl)ccc1S(=O)(=O)N,DE{~B}{~B}araaa{Z}aar,17.694410932027722
Amiloride,N=C(N)NC(=O)c1nc(Cl)c(N)nc1N,-6.251812,C(N)(=N)NC(=O)c1nc(Cl)c(N)nc1N,D~A{D}DA{~B}arda{Z}a{D}darD,64.51322049349551
Cimetidine,CN/C(=N\CCSCc1nc[nH]c1C)NC#N,-6.0420098,N(=C(/NC#N)NC)\CCSCc1c(C)[nH]cn1,AD|A{~D!AAEAarda{dQ}arA}DA^D,59.576698372861244
Lef53,NC(=O)[C@H](Cc1ccccc1)NC(=O)[C@H](Cc1ccccc1)NC(=O)[C@H](CCCN=C(N)N)NC(=O)[C@@H](N)Cc1ccc(O)cc1,-7.4317985,Oc1ccc(C[C@H](N)C(=O)N[C@H](C(N[C@H](C(N[C@H](C(N)=O)Cc2ccccc2)=O)Cc2ccccc2)=O)CCCN=C(N)N)cc1,DA{~B}{A*Q}{Aaraaaaar}DA{~B}{A*Q}{Aaraaaaar}DA{~B}{A*Q}{AAAD~A{D}D}DA{~B}{A**Q}{D}Aaraaa{B}aar,92.27760742223023
15j,COc1cccc(-n2c(=O)n(Cc3c(F)cccc3Br)c(=O)n(C[C@H](N)c3ccccc3)c2=O)c1F,-4.856985099999998,Fc1c(Cn2c(=O)n(C[C@@H](c3ccccc3)N)c(=O)n(-c3c(F)c(OC)ccc3)c2=O)c(Br)ccc1,ABaraaaa{_dsa{~B}d{Aata{G}aaaatY}a{~B}d{A{A*Q}{D}ataaaaat}as~B}arG,31.69376556735217
15f,COc1cccc(-n2c(=O)n(Cc3ccccc3C#N)c(=O)n(C[C@H](N)c3ccccc3)c2=O)c1F,-4.5917602,c1c(Cn2c(=O)n(-c3c(F)c(OC)ccc3)c(=O)n(C[C@@H](c3ccccc3)N)c2=O)c(C#N)ccc1,ABaraaaa{_dsa{~B}d{AataaaaatA^D}a{~B}d{A{A*Q}{D}ataaaaat}as~B}arG,25.453179978673894
65,CC(=O)c1sc(NC(=O)N[C@@H]2CCCC[C@H]2CN2CCC[C@@H](Cc3ccc(F)cc3)C2)nc1C,-5.221849,C1N(C[C@H]2[C@H](NC(Nc3nc(C)c(C(=O)C)s3)=O)CCCC2)C[C@H](Cc2ccc(F)cc2)CC1,AA{~B}area{DA{~B}D{A**Q}sAAAA{A*Q}sADsAAA{A**Q}{Aataaa{G}aat}As}darA,40.27879810452714
32,CC(=O)c1cccc(NC(=O)N[C@@H]2CCCC[C@H]2CN2CCC[C@@H](Cc3ccc(F)cc3)C2)c1,-4.9586072,[C@@H]1(CN2C[C@H](Cc3ccc(F)cc3)CCC2)CCCC[C@H]1NC(Nc1cc(C(=O)C)ccc1)=O,AA{~B}araaaa{DA{~B}D{A**Q}sAAAA{A*Q}sADsAAA{A**Q}{Aataaa{G}aat}As}ar,34.084873690123594
Lobucavir,Nc1nc(O)c2ncn([C@@H]3C[C@H](CO)[C@H]3CO)c2n1,-6.0555172,n1([C@@H]2C[C@H](CO)[C@H]2CO)c2nc(N)nc(O)c2nc1,Darda{B}asdad{{A**Q}tA{A*Q}{AB}{A*Q}tAB}asdr,59.89451953437554
Metoprolol,COCCc1ccc(OCC(O)CNC(C)C)cc1,-4.3493013,OC(COc1ccc(CCOC)cc1)CNC(C)C,ABAAaraaa{BAA{B}ADA{A}A}aar,19.74826495302282
9,CC(C)CNC(=O)[C@H](C)NC[C@H](Cc1ccccc1)NC(=O)c1cc(CCC2C[C@@H]2C)cc(N(C)S(C)(=O)=O)c1,-4.6197886,N(C([C@@H](NC[C@H](Cc1ccccc1)NC(=O)c1cc(N(C)S(C)(=O)=O)cc(CCC2C[C@@H]2C)c1)C)=O)CC(C)C,AA{A}ADA{~B}{A*Q}{A}DA{A*Q}{Aaraaaaar}DA{~B}araa{AAAsA{A**Q}sA}aa{D{A}E{A}{~B}~B}ar,26.112671712344856
4b,CC(C)CNC(=O)[C@H](C)NC[C@H](Cc1ccccc1)NC(=O)c1cc(C(=O)N[C@H](C)c2ccc(F)cc2)cc(N(C)S(C)(=O)=O)c1,-5.0,CC(C)CNC([C@@H](NC[C@H](Cc1ccccc1)NC(c1cc(C(=O)N[C@H](C)c2ccc(F)cc2)cc(N(S(=O)(=O)C)C)c1)=O)C)=O,AA{A}ADA{~B}{A*Q}{A}DA{A*Q}{Aaraaaaar}DA{~B}araa{A{~B}D{A*Q}{A}asaaa{G}aas}aa{D{A}E{A}{~B}~B}ar,35.058821879584855
2n,CCOC(=O)c1c(Cl)cccc1-c1cnc([C@@H](C)NC(=O)C2(NC(=O)C(F)(F)F)CC2)c(F)c1,-4.5528421,c1(-c2cnc([C@H](NC(=O)C3(NC(=O)C(F)(F)F)CC3)C)c(F)c2)c(C(OCC)=O)c(Cl)ccc1,AABA{~B}ara{Z}aaaar_arada{{A**Q}{A}DA{~B}As{DA{~B}A{G}{G}G}AAs}a{G}ar,24.5374600217666
2k,C[C@@H](NC(=O)C1(NC(=O)C(F)(F)F)CC1)c1ccc(-c2cc(Cl)cc(F)c2-c2nnn(C)n2)cc1F,-4.6382723,Fc1cc(-c2cc(Cl)cc(F)c2-c2nn(C)nn2)ccc1[C@@H](C)NC(C1(NC(C(F)(F)F)=O)CC1)=O,A{A**Q}{DA{~B}Ar{DA{~B}A{G}{G}G}AAr}araaa{_asaa{Z}aa{G}as_asddd{A}ds}aarG,26.54758228011377
2i,Cc1nc(-c2c(Cl)cc(Cl)cc2-c2ccc([C@@H](C)NC(=O)C3(NC(=O)C(F)(F)F)CC3)c(F)c2)no1,-4.6382723,c1(-c2noc(C)n2)c(Cl)cc(Cl)cc1-c1ccc([C@@H](C)NC(=O)C2(NC(=O)C(F)(F)F)CC2)c(F)c1,Aarda{_asa{Z}aa{Z}aas_asaaa{{A**Q}{A}DA{~B}At{DA{~B}A{G}{G}G}AAt}a{G}as}dbr,26.54758228011377
2m,COC(=O)c1c(Cl)cc(Cl)cc1-c1cnc([C@@H](C)NC(=O)C2(NC(=O)C(F)(F)F)CC2)c(F)c1,-4.5376019,C1(C(N[C@@H](c2ncc(-c3c(C(=O)OC)c(Cl)cc(Cl)c3)cc2F)C)=O)(NC(=O)C(F)(F)F)CC1,ABA{~B}ara{Z}aa{Z}aar_arada{{A**Q}{A}DA{~B}As{DA{~B}A{G}{G}G}AAs}a{G}ar,24.178867097465087
2e,C[C@@H](NC(=O)C1(NC(=O)C(F)(F)F)CC1)c1ccc(-c2cc(Cl)ccc2-c2nnn(C)n2)cc1F,-4.5528421,c1(-c2ccc([C@@H](C)NC(=O)C3(NC(=O)C(F)(F)F)CC3)c(F)c2)cc(Cl)ccc1-c1nn(C)nn1,A{A**Q}{DA{~B}Ar{DA{~B}A{G}{G}G}AAr}araaa{_asaa{Z}aaas_asddd{A}ds}aarG,24.5374600217666
2h,CCOC(=O)c1c(Cl)cc(Cl)cc1-c1ccc([C@@H](C)NC(=O)C2(NC(=O)C(F)(F)F)CC2)c(F)c1,-4.6020598,C(c1c(Cl)cc(Cl)cc1-c1cc(F)c([C@H](NC(=O)C2(NC(C(F)(F)F)=O)CC2)C)cc1)(=O)OCC,AABA{~B}ara{Z}aa{Z}aar_araaa{{A**Q}{A}DA{~B}As{DA{~B}A{G}{G}G}AAs}a{G}ar,25.695523496681254
2o,CCOC(=O)c1c(Cl)cc(Cl)cc1-c1cnc([C@@H](C)NC(=O)C2(NC(=O)C(F)(F)F)CC2)c(F)c1,-4.6020598,n1c([C@@H](C)NC(C2(NC(=O)C(F)(F)F)CC2)=O)c(F)cc(-c2cc(Cl)cc(Cl)c2C(=O)OCC)c1,AABA{~B}ara{Z}aa{Z}aar_arada{{A**Q}{A}DA{~B}As{DA{~B}A{G}{G}G}AAs}a{G}ar,25.695523496681254
2l,COC(=O)c1c(Cl)cccc1-c1cnc([C@@H](C)NC(=O)C2(NC(=O)C(F)(F)F)CC2)c(F)c1,-4.6020598,C[C@@H](NC(=O)C1(NC(C(F)(F)F)=O)CC1)c1ncc(-c2cccc(Cl)c2C(OC)=O)cc1F,ABA{~B}ara{Z}aaaar_arada{{A**Q}{A}DA{~B}As{DA{~B}A{G}{G}G}AAs}a{G}ar,25.695523496681254
2d,Cc1nc(-c2ccc(Cl)cc2-c2ccc([C@@H](C)NC(=O)C3(NC(=O)C(F)(F)F)CC3)c(F)c2)no1,-4.5086384000000015,N(C1(C(N[C@H](C)c2ccc(-c3c(-c4nc(C)on4)ccc(Cl)c3)cc2F)=O)CC1)C(C(F)(F)F)=O,Aarda{_asaaa{Z}aas_asaaa{{A**Q}{A}DA{~B}At{DA{~B}A{G}{G}G}AAt}a{G}as}dbr,23.497373011888364
1,COC(=O)c1c(Cl)cccc1-c1ccc([C@@H](C)NC(=O)C2(NC(=O)C(F)(F)F)CC2)c(F)c1,-4.468521099999999,O=C(C1(NC(C(F)(F)F)=O)CC1)N[C@@H](c1c(F)cc(-c2cccc(Cl)c2C(=O)OC)cc1)C,ABA{~B}ara{Z}aaaar_araaa{{A**Q}{A}DA{~B}As{DA{~B}A{G}{G}G}AAs}a{G}ar,22.55343658572062
49,O=C(N[C@@H]1CCOC[C@@H]1C(=O)NO)c1ccc(Cc2c(C(F)(F)F)nn3ccccc23)cc1,-5.7447276,[C@H]1(C(=O)NO)COCC[C@H]1NC(c1ccc(Cc2c(C(F)(F)F)nn3c2cccc3)cc1)=O,B~A{D{A**Q}rAABA{A**Q}rA{~B}DB}araaa{Aasa{A{G}{G}G}ddtaaaaast}aar,52.58182340791419
48,CC(C)(C)c1nn2ccccc2c1Cc1ccc(C(=O)N[C@@H]2CCOC[C@@H]2C(=O)NO)cc1,-5.3665314,n12nc(C(C)(C)C)c(Cc3ccc(C(N[C@H]4[C@@H](C(NO)=O)COCC4)=O)cc3)c1cccc2,AA{A}{A}arddsaaaaasarAaraaa{A{~B}D{A**Q}sAABA{A**Q}sA{~B}DB}aar,43.68308970903108
1__0,CCCN(Cc1ccoc1)C(=O)c1cc(C)cc(OCC2(CON=C(N)N)CC2)c1,-5.387216099999999,c1(C)cc(C(N(CCC)Cc2ccoc2)=O)cc(OCC2(CON=C(N)N)CC2)c1,AAAD{Aaraabar}A{~B}araa{A}aa{BAAs{ABD~A{D}D}AAs}ar,44.16978850965698
17,Cc1ccc(C(F)(F)CNc2ccc(C#N)c(CC(=O)NCCONC(=N)N)c2F)nc1,-6.188375,N#Cc1c(CC(NCCONC(=N)N)=O)c(F)c(NCC(F)(c2ccc(C)cn2)F)cc1,Aaraaa{A{G}{G}ADasaaa{A^D}a{AA{~B}DAABDA{~D}D}asG}dar,63.0205852696195
5,N#Cc1ccc(NCC(F)(F)c2ccccc2)c(F)c1CC(=O)NCCONC(=N)N,-5.647924400000001,C(N)(=N)NOCCNC(=O)Cc1c(F)c(NCC(F)(c2ccccc2)F)ccc1C#N,D^Aaraaa{DAA{G}{G}asaaaaas}a{G}arAA{~B}DAABDA{~D}D,50.30410116215997
22,N#Cc1ccc(NCC(F)(F)c2cccc(F)c2)c(F)c1CC(=O)NCCONC(=N)N,-5.741402099999998,C(CNc1c(F)c(CC(NCCONC(=N)N)=O)c(C#N)cc1)(c1cccc(F)c1)(F)F,D^Aaraaa{DAA{G}{G}asaaaa{G}as}a{G}arAA{~B}DAABDA{~D}D,52.50357635277284
36,Cc1nc(N)ccc1CNC(=O)Cc1c(C#N)ccc(NCC(F)(F)c2ccccn2)c1F,-5.1474957,N#Cc1ccc(NCC(F)(F)c2ncccc2)c(F)c1CC(NCc1c(C)nc(N)cc1)=O,Aarda{D}aaarADA{~B}Aara{A^D}aaa{DAA{G}{G}asaaaads}arG,38.52930877509136
34__1,CN(OCCNC(=O)Cc1c(C#N)ccc(NCC(F)(F)c2ccccn2)c1F)C(=N)N,-6.3723636,c1(F)c(NCC(c2ccccn2)(F)F)ccc(C#N)c1CC(NCCON(C)C(N)=N)=O,AD{BAADA{~B}Aara{A^D}aaa{DAA{G}{G}asaaaads}arG}A{~D}D,67.34972859530689
23,N#Cc1ccc(NCC(F)(F)c2ccc(F)c(F)c2)c(F)c1CC(=O)NCCONC(=N)N,-5.9430285000000005,O=C(Cc1c(F)c(NCC(c2ccc(F)c(F)c2)(F)F)ccc1C#N)NCCONC(N)=N,D^Aaraaa{DAA{G}{G}asaaa{G}a{G}as}a{G}arAA{~B}DAABDA{~D}D,57.24772671775404
S-6j,c1csc([C@]23CNC[C@H]2C3)c1,-4.7544875,c1([C@@]23C[C@@H]2CNC3)cccs1,araea{{A*}stADA{A*Q}sAt}ar,29.282057445550233
659-Harmane,Cc1nccc2c1[nH]c1ccccc12,-5.223299,c1(C)c2[nH]c3ccccc3c2ccn1,Aardaaasar{dQ}araaaaars,40.312915749980434
795-Coptisine chloride (COP),[Cl-].c1c2c(cc3c1OCO3)-c1cc3ccc4c(c3c[n+]1CC2)OCO4,-4.9574246,c12c(c3c(cc1)cc1[n+](c3)CCc3c-1cc1c(c3)OCO1)OCO2.[Cl-],"{Z_},arasa{aatarBABt}_araataaaua{ata{d%}rAAs}BABu",34.05704780908011
"877-(2S,4S,5R)-2-[(4'-Chlorophenyl)-4-methyl-1,3-dioxan-5-yl]amine (5h)",C[C@@H]1O[C@@H](c2ccc(Cl)cc2)OC[C@H]1N,-4.9279342,[C@@H]1(c2ccc(Cl)cc2)O[C@@H](C)[C@H](N)CO1,A{A**Q}rB{A**Q}{asaaa{Z}aas}BA{A*Q}rD,33.36315607702795
"878-(2S,4S,5R)-2-[(4'-Nitrophenyl)-4-methyl-1,3-dioxan-5-yl]amine (5i)",C[C@@H]1O[C@@H](c2ccc(N(O)O)cc2)OC[C@H]1N,-4.8885694000000015,O1[C@H](c2ccc(N(O)O)cc2)O[C@@H](C)[C@H](N)C1,A{A**Q}rB{A**Q}{asaaa{D{B}B}aas}BA{A*Q}rD,32.436925532380016
"879-(cis)-[2-(E-Phenylvinyl)-1,3-dioxan-5-yl]amine (6a)",C=C(c1ccccc1)C1OCC(N)CO1,-4.9913998,O1CC(N)COC1C(=C)c1ccccc1,A~A{araaaaar}ArBAA{D}ABr,34.85646424204874
"880-(2S,4S,5R)-[2-(E-Phenylvinyl)-4-methyl-1,3-dioxan-5-yl]amine (6b)",C=C(c1ccccc1)[C@H]1OC[C@@H](N)[C@H](C)O1,-4.9880071,[C@H]1(C(c2ccccc2)=C)OC[C@@H](N)[C@H](C)O1,A~A{araaaaar}{A*Q}rBA{A**Q}{D}{A*Q}{A}Br,34.77663601051125
881-13h,C[C@@H]1O[C@@H](c2ccc(Cl)cc2)OC[C@H]1NC(=O)Cc1ccccc1,-4.9920392,c1c([C@H]2OC[C@@H](NC(=O)Cc3ccccc3)[C@H](C)O2)ccc(Cl)c1,A{A**Q}rB{A**Q}{asaaa{Z}aas}BA{A*Q}rDA{~B}Aaraaaaar,34.871508947223106
"883-(cis)-[2-(E-Phenylvinyl)-1,3-dioxan-5-yl]phenylacetamide (14a)",C=C(c1ccccc1)C1OCC(NC(=O)Cc2ccccc2)CO1,-5.0498786,c1c(CC(NC2COC(C(c3ccccc3)=C)OC2)=O)cccc1,A~A{araaaaar}ArBAA{DA{~B}Aasaaaaas}ABr,36.23243594200303
884-14b,C=C(c1ccccc1)[C@H]1OC[C@@H](NC(=O)Cc2ccccc2)[C@H](C)O1,-5.050365900000001,c1c(CC(=O)N[C@@H]2CO[C@H](C(=C)c3ccccc3)O[C@H]2C)cccc1,A~A{araaaaar}{A*Q}rBA{A**Q}{DA{~B}Aasaaaaas}{A*Q}{A}Br,36.2439018238164
1029-Dihydrotetrabenazine isomer,COc1cc2c(cc1OC)C1CC(O)C(CC(C)C)CN1CC2,-4.598685700000001,C1(O)CC2c3cc(OC)c(OC)cc3CCN2CC1CC(C)C,ABaraasa{aarBA}ArAA{B}A{AA{A}A}ADrAAs,25.616132912182
228-Raffinose,OC[C@H]1O[C@@](CO)(OC2O[C@H](COC3O[C@H](CO)[C@H](O)[C@H](O)[C@H]3O)[C@@H](O)[C@H](O)[C@H]2O)[C@@H](O)[C@@H]1O,-7.309804,O[C@@H]1[C@@H](COC2[C@H](O)[C@@H](O)[C@@H](O)[C@@H](CO)O2)OC(O[C@]2(CO)O[C@H](CO)[C@@H](O)[C@@H]2O)[C@H](O)[C@H]1O,BA{A*Q}rB{A**}{AB}{BAsB{A*Q}{ABAtB{A*Q}{AB}{A*Q}{B}{A*Q}{B}{A*Q}tB}{A**Q}{B}{A*Q}{B}{A*Q}sB}{A**Q}{B}{A**Q}rB,89.40714873378121
234-Cortisone,C[C@@]12CCC(=O)C=C1CC[C@H]1[C@@H]3CC[C@](O)(C(=O)CO)[C@@]3(C)CC(=O)[C@H]12,-4.5086384000000015,O[C@]1(C(=O)CO)CC[C@H]2[C@@H]3CCC4=CC(=O)CC[C@@]4(C)[C@@H]3C(=O)C[C@]12C,A{A**}rsAAA{~B}A~ArAA{A*Q}r{A**Q}tAA{A*}{B}{A{~B}AB}{A**}t{A}AA{~B}{A*Q}rs,23.497373011888364
677-Prednisolone,C[C@@]12C=CC(=O)C=C1CC[C@@H]1[C@@H]2[C@@H](O)C[C@@]2(C)[C@H]1CC[C@]2(O)C(=O)CO,-5.4436975,O[C@@]1(C(=O)CO)[C@]2(C)[C@H]([C@@H]3CCC4=CC(=O)C=C[C@@]4(C)[C@H]3[C@@H](O)C2)CC1,A{A**}rsA~AA{~B}A~ArAA{A**Q}r{A**Q}s{A**Q}{B}A{A**}s{A}{A*Q}rAA{A*}s{B}A{~B}AB,45.498762564764114
679-Captopril (Cap),C[C@H](CS)C(=O)N1CCC[C@@H]1C(=O)O,-4.8153086,C[C@H](CS)C(N1CCC[C@@H]1C(O)=O)=O,A{A*Q}{AE}A{~B}DrAAA{A**Q}rA{~B}B,30.71314208408743
732-Amitriptyline,CN(C)CCC=C1c2ccccc2CCc2ccccc21,-3.9006648,c12c(cccc1)C(=CCCN(C)C)c1c(cccc1)CC2,AD{A}AAA~ArasaaaaasAAasaaaaasr,9.192112508606472
801-Yohimbine (YOH),COC(=O)[C@@H]1[C@H](O)CC[C@@H]2CN3CCc4c([nH]c5ccccc45)[C@H]3C[C@H]21,-4.8124795,c1cccc2c1c1c([nH]2)[C@@H]2N(CC1)C[C@@H]1[C@@H](C2)[C@H](C(OC)=O)[C@H](O)CC1,ABA{~B}{A**Q}r{A*Q}{B}AA{A**Q}sADtAAaua{{dQ}avaaaaauv}{A*Q}tA{A*Q}sr,30.64657502839648
808-Asn-Ala-NH2,CC(NC(=O)C(N)CC(N)=O)C(N)=O,-6.5885487000000005,C(=O)(CC(C(=O)NC(C(N)=O)C)N)N,AA{DA{~B}A{D}AA{D}~B}A{D}~B,72.43643659122652
1033-Dextromethorphan (DEM),COc1ccc2c(c1)[C@@]13CCCC[C@@H]1[C@@H](C2)N(C)CC3,-4.628932,C1CC[C@@H]2[C@@H]3N(C)CC[C@]2(c2c(ccc(OC)c2)C3)C1,ABaraaasa{ar}{A**}rtAAAA{A**Q}r{A**Q}{As}D{A}AAt,26.327810525750092
014-Ampicillin,CC1(C)S[C@]2(C)[C@H](NC(=O)[C@H](N)c3ccccc3)C(=O)N2[C@H]1C(=O)O,-6.1023731,C1(C)(C)[C@H](C(=O)O)N2[C@](C)(S1)[C@H](NC(=O)[C@H](N)c1ccccc1)C2=O,AAr{A}E{A*}s{A}{A*Q}{DA{~B}{A*Q}{D}ataaaaat}A{~B}Ds{A*Q}rA{~B}B,60.997011247199474
016-Ceftibuten,Nc1nc(/C(=C\CC(=O)O)C(=O)NC2C(=O)N3C(C(=O)O)=CCSC23)cs1,-6.0604806,n1c(N)scc1/C(C(NC1C2SCC=C(C(O)=O)N2C1=O)=O)=C\CC(=O)O,Darda{|A{~A!AA{~B}B}A{~B}DAsA{~B}DtA{A{~B}B}~AAEAst}aer,60.011305411232684
107-zidovudine,Cc1cn([C@H]2C[C@H]([N-][NH+]=N)[C@@H](CO)O2)c(=O)[nH]c1=O,-5.1850867,c1(C)c(=O)[nH]c(=O)n([C@@H]2O[C@H](CO)[C@@H]([N-][NH+]=N)C2)c1,Aarad{{A*Q}sA{A*Q}{{D_}{DQ%}~D}{A**Q}{AB}Bs}a{~B}{dQ}ar~B,39.413802851115165
150-Artesunate,C[C@@H]1CC[C@H]2[C@@H](C)[C@@H](OC(=O)CCC(=O)O)O[C@@H]3OC4(C)CC[C@@H]1[C@@]23OO4,-5.4001169,[C@@H]12[C@]34[C@H](O[C@H](OC(=O)CCC(=O)O)[C@H](C)[C@@H]3CC[C@H]1C)OC(C)(OO4)CC2,A{A**Q}rAA{A*Q}s{A**Q}{A}{A**Q}{BA{~B}AAA{~B}B}B{A**Q}tBAu{A}AA{A**Q}r{A**}stBBu,44.47333673066652
167-cephradine,CC1=C(C(=O)O)N2C(=O)[C@@H](NC(=O)[C@@H](N)C3=CCC=CC3)[C@H]2SC1,-5.6925039,C1C([C@H](N)C(=O)N[C@@H]2C(=O)N3C(C(O)=O)=C(C)CS[C@@H]32)=CCC=C1,AAr~A{A{~B}B}DsA{~B}{A**Q}{DA{~B}{A**Q}{D}At~AAA~AAt}{A*Q}sEAr,51.35303052456327
170-Grepafloxacin hydrochloride (GRX),Cc1c(F)c(N2CCNC(C)C2)cc2c1C(=O)C(C(=O)O)CN2C1CC1,-4.9825492,C1C(C)NCCN1c1c(F)c(C)c2c(c1)N(C1CC1)CC(C(=O)O)C2=O,Aara{G}a{DsAADA{A}As}aasarA{~B}A{A{~B}B}ADsArAAr,34.648214840084016
174-Guanabenz,NC(N)=N/N=C/c1c(Cl)cccc1Cl,-4.363411900000001,c1(Cl)c(/C=N/N=C(N)N)c(Cl)ccc1,DA{D}~D|D~A|ara{Z}aaaarZ,20.080279055045715
205-Fluoxetine,CNCCC(Oc1ccc(C(F)(F)F)cc1)c1ccccc1,-4.9299622,FC(c1ccc(OC(CCNC)c2ccccc2)cc1)(F)F,ADAAA{Baraaa{A{G}{G}G}aar}araaaaar,33.41087372184124
243-Famotidine,NC(N)=Nc1nc(CSCC/C(N)=N\S(N)(=O)=O)cs1,-5.9488473,c1c(CSCC/C(=N\S(N)(=O)=O)N)nc(N=C(N)N)s1,DA{D}~Darda{AEAA|A{D}~D!E{D}{~B}~B}aer,57.384639652487536
247-Lobucavir,Nc1nc(=O)c2ncn([C@@H]3C[C@H](CO)[C@H]3CO)c2[nH]1,-6.0555172,n1([C@H]2[C@H](CO)[C@@H](CO)C2)cnc2c(=O)nc(N)[nH]c12,Darda{~B}asdad{{A**Q}tA{A*Q}{AB}{A*Q}tAB}as{dQ}r,59.89451953437554
263-Amrinone,Nc1cc(-c2ccncc2)c[nH]c1=O,-4.7544875,c1cnccc1-c1cc(N)c(=O)[nH]c1,Daraa{_asaadaas}a{dQ}ar~B,29.282057445550233
285-Ephedrine,CN[C@@H](C)[C@@H](O)c1ccccc1,-4.9913998,N([C@H]([C@@H](O)c1ccccc1)C)C,AD{A**Q}{A}{A**Q}{B}araaaaar,34.85646424204874
403-Atorvastatin,CC(C)c1c(C(=O)Nc2ccccc2)c(-c2ccccc2)c(-c2ccc(F)cc2)n1CC[C@H](O)C[C@H](O)CC(=O)O,-5.309804,c1c(NC(=O)c2c(C(C)C)n(CC[C@@H](C[C@H](O)CC(=O)O)O)c(-c3ccc(F)cc3)c2-c2ccccc2)cccc1,AA{A}ara{A{~B}Dasaaaaas}a{_asaaaaas}a{_asaaa{G}aas}drAA{A*Q}{B}A{A*Q}{B}AA{~B}B,42.34832741890224
"453-(2E,4E,8Z,10Z)-N-Isobutyldodeca-2,4,8,10-tetraenamide (5) mw=247",C/C=C\C=C/CC/C=C/C=C/C(=O)NCC(C)C,-4.2441254,C(/C=C\C=C/C)C/C=C/C=C/C(=O)NCC(C)C,A|A~A!A~A|AA|A~A|A~A|A{~B}DAA{A}A,17.27353801065703
"643-(2E,4E,8Z)-N-isobutyldodeca-2,4,8-trienamide (6) mw = 249",CCC/C=C\CC/C=C/C=C/C(=O)NCC(C)C,-4.6989698,C(=C/CC/C=C\CCC)\C=C\C(NCC(C)C)=O,AAA|A~A!AA|A~A|A~A|A{~B}DAA{A}A,27.975758683493723
Acrivastine,Cc1ccc(/C(=C/CN2CCCC2)c2cccc(/C=C/C(=O)O)n2)cc1,-5.720623000000002,c1c(C)ccc(/C(=C/CN2CCCC2)c2nc(/C=C/C(=O)O)ccc2)c1,Aaraaa{|A{~A|ADsAAAAs}asaaaa{|A~A|A{~B}B}ds}aar,52.01465637578091
Aminopyrine,Cc1c(N(C)C)c(=O)n(-c2ccccc2)n1C,-4.389419599999999,n1(C)c(C)c(N(C)C)c(=O)n1-c1ccccc1,Aara{D{A}A}a{~B}d{_asaaaaas}drA,20.692224908601162
Amitriptyline,CN(C)CCC=C1c2ccccc2CCc2ccccc21,-4.2600002,N(CCC=C1c2ccccc2CCc2ccccc21)(C)C,AD{A}AAA~ArasaaaaasAAasaaaaasr,17.64706269896177
Amphetamine sulfate,C[C@H](N)Cc1ccccc1,-4.3899999,c1cccc(C[C@H](C)N)c1,A{A*Q}{D}Aaraaaaar,20.705879025605704
Ampicillin,CC1(C)SC2C(NC(=O)C(N)c3ccccc3)C(=O)N2C1C(=O)O,-6.0700002,c1(C(N)C(NC2C(=O)N3C(C(=O)O)C(C)(C)SC23)=O)ccccc1,AAr{A}EAsA{DA{~B}A{D}ataaaaat}A{~B}DsArA{~B}B,60.23529598892724
Artesunate,CC1CCC2C(C)C(OC(=O)CCC(=O)O)OC3OC4(C)CCC1C32OO4,-5.4000001,C1C2C(C)CCC3C(C)C(OC(=O)CCC(=O)O)OC4C32OOC(C)(O4)C1,AArAAAsA{A}A{BA{~B}AAA{~B}B}BAtBAu{A}AAArAtsBBu,44.470588495501715
Astemizole,COc1ccc(CCN2CCC(Nc3nc4ccccc4n3Cc3ccc(F)cc3)CC2)cc1,-5.1500001,c1cccc2n(Cc3ccc(F)cc3)c(NC3CCN(CCc4ccc(OC)cc4)CC3)nc12,ABaraaa{AADsAAA{DatdauaaaaaudtAataaa{G}aat}AAs}aar,38.58823583114184
Atorvastatin,CC(C)c1c(C(=O)Nc2ccccc2)c(-c2ccccc2)c(-c2ccc(F)cc2)n1CC[C@@H](O)C[C@@H](O)CC(=O)O,-5.3099999,c1(NC(=O)c2c(-c3ccccc3)c(-c3ccc(F)cc3)n(CC[C@H](C[C@@H](O)CC(O)=O)O)c2C(C)C)ccccc1,AA{A}ara{A{~B}Dasaaaaas}a{_asaaaaas}a{_asaaa{G}aas}drAA{A**Q}{B}A{A**Q}{B}AA{~B}B,42.35293683045004
Betaxolol,CC(C)NCC(O)COc1ccc(CCOCC2CC2)cc1,-4.3156309,c1(OCC(O)CNC(C)C)ccc(CCOCC2CC2)cc1,AA{A}DAA{B}ABaraaa{AABAAsAAs}aar,18.956020284422586
Bicalutamide,CC(O)(CS(=O)(=O)c1ccc(F)cc1)C(=O)Nc1ccc(C#N)c(C(F)(F)F)c1,-4.6599998,c1cc(C#N)c(C(F)(F)F)cc1NC(=O)C(C)(O)CS(=O)(c1ccc(F)cc1)=O,AA{B}{AE{~B}{~B}araaa{G}aar}A{~B}Daraaa{A^D}a{A{G}{G}G}ar,27.058817550173284
Bisoprolol,CC(C)NCC(O)COc1ccc(COCCOC(C)C)cc1,-4.7600002,C(COCc1ccc(OCC(O)CNC(C)C)cc1)OC(C)C,AA{A}DAA{B}ABaraaa{ABAABA{A}A}aar,29.411768027681514
Bromazepam,O=C1CN=C(c2ccccn2)c2cc(Br)ccc2N1,-4.4000001,c1cc(C2=NCC(=O)Nc3c2cc(Br)cc3)ncc1,B~ArAD~A{asaaaads}asaa{Y}aaasDr,20.941177838062217
Bupropion,CC(NC(C)(C)C)C(=O)c1cccc(Cl)c1,-3.9519544,C(NC(C)(C)C)(C)C(=O)c1cc(Cl)ccc1,AA{DA{A}{A}A}A{~B}araaaa{Z}ar,10.398926569462283
Camazepam,CN(C)C(=O)OC1N=C(c2ccccc2)c2cc(Cl)ccc2N(C)C1=O,-4.46,c12c(ccc(Cl)c1)N(C)C(=O)C(OC(=O)N(C)C)N=C2c1ccccc1,AD{A}A{~B}BArD~A{asaaaaas}asaa{Z}aaasD{A}Ar~B,22.352940124567525
Captopril (Cap),C[C@H](CS)C(=O)N1CCC[C@H]1C(=O)O,-4.8200002,C([C@H](C)CS)(N1[C@H](C(O)=O)CCC1)=O,A{A*Q}{AE}A{~B}DrAAA{A*Q}rA{~B}B,30.82353266712787
Cefuroxime,CON=C(C(=O)NC1C(=O)N2C(C(=O)O)=C(COC(N)=O)CSC12)c1ccco1,-6.29,O=C(OCC1=C(C(O)=O)N2C(C(NC(=O)C(=NOC)c3occc3)C2=O)SC1)N,ABD~A{A{~B}DArA{~B}DsA{A{~B}B}~A{ABA{D}~B}AEArs}araaabr,65.4117616276818
Celecoxib,Cc1ccc(-c2cc(C(F)(F)F)nn2-c2ccc(S(N)(=O)=O)cc2)cc1,-4.8050604,FC(F)(F)c1nn(-c2ccc(S(N)(=O)=O)cc2)c(-c2ccc(C)cc2)c1,Aaraaa{_asaa{A{G}{G}G}dds_asaaa{E{D}{~B}~B}aas}aar,30.472007977787865
Cetirizine,O=C(O)COCCN1CCN(C(c2ccccc2)c2ccc(Cl)cc2)CC1,-5.5,OC(=O)COCCN1CCN(C(c2ccccc2)c2ccc(Cl)cc2)CC1,B~A{B}ABAADrAAD{A{asaaaaas}asaaa{Z}aas}AAr,46.823527208304604
Chloroquine,CCN(CC)CCCC(C)Nc1ccnc2cc(Cl)ccc12,-4.5500002,C(CC(C)Nc1c2c(cc(Cl)cc2)ncc1)CN(CC)CC,AAD{AA}AAAA{A}Daraadasaa{Z}aaars,24.47059178961922
Chlorpheniramine,CN(C)CCC(c1ccc(Cl)cc1)c1ccccn1,-4.2800002,c1c(C(CCN(C)C)c2ccc(Cl)cc2)nccc1,AD{A}AAA{araaa{Z}aar}araaaadr,18.117650912110545
Chlorprothixene,CN(C)CC/C=C1/c2ccccc2Sc2ccc(Cl)cc21,-4.7399998,C(C/C=C1\c2cc(Cl)ccc2Sc2ccccc21)N(C)C,AD{A}AA|A~Ar|asaaaaasEasaaa{Z}aasr,28.941170402768446
Chlortetracycline,CN(C)[C@@H]1C(=O)C(C(N)=O)=C(O)[C@@]2(O)C(=O)C3=C(O)c4c(O)ccc(Cl)c4[C@@](C)(O)[C@H]3C[C@@H]12,-6.3200002,O=C1C(C(=O)N)=C(O)[C@@]2(O)C(=O)C3=C(O)c4c(O)ccc(Cl)c4[C@](O)(C)[C@H]3C[C@H]2[C@@H]1N(C)C,AD{A}{A**Q}rA{~B}A{A{D}~B}~A{B}{A**}s{B}A{~B}At~A{B}aua{B}aaa{Z}au{A**}{A}{B}{A*Q}tA{A**Q}rs,66.11764865328712
Chlorzoxazone,O=c1[nH]c2cc(Cl)ccc2o1,-4.190000100000002,c1cc2oc(=O)[nH]c2cc1Cl,B~ar{dQ}asaa{Z}aaasbr,16.000001599999962
Clarithromycin,CC[C@H]1OC(=O)[C@H](C)[C@@H](O[C@H]2C[C@@](C)(OC)[C@@H](O)[C@H](C)O2)[C@H](C)[C@@H](O[C@@H]2O[C@H](C)C[C@H](N(C)C)[C@H]2O)[C@](C)(OC)C[C@@H](C)C(=O)[C@H](C)[C@@H](O)[C@]1(C)O,-5.4699998,[C@@H]1(O)[C@@H](C)C(=O)[C@H](C)C[C@](OC)(C)[C@H](O[C@H]2[C@H](O)[C@@H](N(C)C)C[C@@H](C)O2)[C@@H](C)[C@H](O[C@H]2C[C@@](C)(OC)[C@@H](O)[C@H](C)O2)[C@@H](C)C(=O)O[C@H](CC)[C@@]1(C)O,AA{A*Q}rBA{~B}{A*Q}{A}{A**Q}{B{A*Q}sA{A**}{A}{BA}{A**Q}{B}{A*Q}{A}Bs}{A*Q}{A}{A**Q}{B{A**Q}sB{A*Q}{A}A{A*Q}{D{A}A}{A*Q}sB}{A*}{A}{BA}A{A**Q}{A}A{~B}{A*Q}{A}{A**Q}{B}{A*}r{A}B,46.11764018269928
Clozapine,CN1CCN(C2=c3ccccc3=Nc3ccc(Cl)cc3N2)CC1,-4.5100002,N1(C)CCN(C2=c3ccccc3=Nc3c(cc(Cl)cc3)N2)CC1,ADrAAD{As~ataaaaat~Dataaa{Z}aatDs}AAr,23.529415363321643
Codeine,COc1ccc2c3c1OC1C(O)C=CC4C(C2)N(C)CCC341,-4.2800002,O1C2C34C(C(Cc5ccc(OC)c1c53)N(C)CC4)C=CC2O,ABaraaasatarBArA{B}A~AAuA{As}D{A}AAAtur,18.117650912110545
Cycloserine,NC1CONC1=O,-5.4400001,O1NC(=O)C(N)C1,DArABDAr~B,45.41176492179929
Danazol,C#C[C@@]1(O)CC[C@@H]2[C@H]3CCC4=Cc5oncc5C[C@@]4(C)[C@@H]3CC[C@]21C,-4.561461,[C@@H]12[C@H](CCC3=Cc4c(cno4)C[C@@]13C)[C@@H]1[C@@](C)(CC2)[C@](C#C)(O)CC1,A^A{A**}r{B}AA{A**Q}s{A*Q}tAAAu~AavbdaavA{A**}u{A}{A**Q}tAA{A*}srA,24.740257659282005
Dextromethorphan,COc1ccc2c(c1)C13CCCCC1C(C2)N(C)CC3,-4.7399998,c12cc(OC)ccc1CC1C3CCCCC23CCN1C,ABaraaasa{ar}ArtAAAAArA{As}D{A}AAt,28.941170402768446
Diclofenac,O=C(O)Cc1ccccc1Nc1c(Cl)cccc1Cl,-4.460681,C(c1c(Nc2c(Cl)cccc2Cl)cccc1)C(O)=O,B~A{B}AaraaaaarDara{Z}aaaarZ,22.368963653225244
Digoxin,C[C@H]1O[C@@H](O[C@H]2[C@@H](O)C[C@H](O[C@H]3[C@@H](O)C[C@H](O[C@H]4CC[C@@]5(C)[C@H]6C[C@@H](O)[C@]7(C)C(C8=CC(=O)OC8)CC[C@]7(O)[C@@H]6CC[C@@H]5C4)O[C@@H]3C)O[C@@H]2C)C[C@H](O)[C@@H]1O,-5.6316042,C[C@@H]1[C@@H](O[C@@H]2O[C@H](C)[C@@H](O)[C@@H](O)C2)[C@@H](O)C[C@H](O[C@H]2[C@@H](O)C[C@H](O[C@@H]3C[C@H]4CC[C@@H]5[C@H](C[C@@H](O)[C@@]6(C)[C@]5(O)CCC6C5=CC(=O)OC5)[C@]4(C)CC3)O[C@@H]2C)O1,A{A*Q}rB{A**Q}{B{A*Q}s{A**Q}{B}A{A*Q}{B{A*Q}t{A**Q}{B}A{A*Q}{B{A*Q}uAA{A**}v{A}{A*Q}wA{A**Q}{B}{A*}x{A}A{Ay~AA{~B}BAy}AA{A*}x{B}{A**Q}wAA{A**Q}vAu}B{A**Q}tA}B{A**Q}sA}A{A*Q}{B}{A**Q}rB,49.9200964743484
Diltiazem,COc1ccc([C@@H]2Sc3ccccc3N(CCN(C)C)C(=O)[C@@H]2OC(C)=O)cc1,-4.4043612,C(O[C@H]1C(=O)N(CCN(C)C)c2ccccc2S[C@H]1c1ccc(OC)cc1)(C)=O,ABaraaa{{A**Q}sEataaaaatD{AAD{A}A}A{~B}{A**Q}sBA{A}~B}aar,21.043791950880387
Efavirenz,O=C1Nc2ccc(Cl)cc2[C@@](C#CC2CC2)(C(F)(F)F)O1,-4.0500002,C1(C#C[C@]2(C(F)(F)F)OC(=O)Nc3c2cc(Cl)cc3)CC1,B~ArDasaaa{Z}aas{A**}{A^AAsAAs}{A{G}{G}G}Br,12.705886460899475
Emetine,CC[C@H]1CN2CCc3cc(OC)c(OC)cc3[C@@H]2C[C@@H]1C[C@H]1NCCc2cc(OC)c(OC)cc21,-5.6900001,C([C@@H]1[C@@H](C[C@H]2NCCc3c2cc(OC)c(OC)c3)C[C@@H]2N(CCc3cc(OC)c(OC)cc32)C1)C,AA{A*Q}rADsAAataa{BA}a{BA}aat{A**Q}sA{A**Q}rA{A*Q}rDAAasaa{BA}a{BA}aasr,51.29411758615917
Enalaprilat,C[C@H](N[C@H](CCc1ccccc1)C(=O)O)C(=O)N1CCC[C@@H]1C(=O)O,-5.880000099999998,C(c1ccccc1)C[C@H](C(O)=O)N[C@H](C(=O)N1CCC[C@@H]1C(O)=O)C,A{A*Q}{D{A*Q}{AAaraaaaar}A{~B}B}A{~B}DrAAA{A**Q}rA{~B}B,55.764705611072635
Exemestane,C=C1C[C@@H]2[C@H](CC[C@]3(C)C(=O)CC[C@@H]23)[C@@]2(C)C=CC(=O)C=C12,-4.329999900000002,O=C1[C@@]2(C)CC[C@H]3[C@@H](CC(=C)C4=CC(=O)C=C[C@@]43C)[C@@H]2CC1,A~ArA{A**Q}s{A*Q}{AA{A*}t{A}A{~B}AA{A**Q}st}{A**}s{A}A~AA{~B}A~Ars,19.294114386159364
Ethionamide,CCc1cc(C(N)=S)ccn1,-4.4000001,c1(C(=S)N)ccnc(CC)c1,AAaraa{A{D}~E}aadr,20.941177838062217
Fluoxetine,CNCCC(Oc1ccc(C)cc1)c1ccccc1,-4.5500002,c1(C(Oc2ccc(C)cc2)CCNC)ccccc1,ADAAA{Baraaa{A}aar}araaaaar,24.47059178961922
Fluparoxan (GR50360A),Fc1cccc2c1O[C@H]1CNC[C@H]1O2,-3.729485,[C@@H]12CNC[C@@H]1Oc1c(cccc1F)O2,GaraaaasarB{A*Q}rADA{A*Q}rBs,5.164352698148112
Flupenthixol,OCCN1CCN(CC/C=C2/c3ccccc3Sc3ccc(C(F)(F)F)cc32)CC1,-4.8899999,C(F)(F)(F)c1cc2c(cc1)Sc1c(cccc1)/C2=C/CCN1CCN(CCO)CC1,BAADrAAD{AA|A~As|ataaaaatEataaa{A{G}{G}G}aats}AAr,32.47058435432545
Fluvastatin,CC(C)n1c(/C=C/[C@H](O)C[C@H](O)CC(=O)O)c(-c2ccc(F)cc2)c2ccccc21,-5.6999998,c1cc(F)ccc1-c1c(/C=C/[C@@H](C[C@@H](CC(O)=O)O)O)n(C(C)C)c2c1cccc2,AA{A}dra{|A~A|{A*Q}{B}A{A*Q}{B}AA{~B}B}a{_asaaa{G}aas}asaaaaasr,51.52940463391036
Gancyclovir,Nc1nc2c(ncn2COC(CO)CO)c(=O)[nH]1,-6.1012278,n1(COC(CO)CO)cnc2c1nc(N)[nH]c2=O,Dardasa{dadsABA{AB}AB}a{~B}{dQ}r,60.97006301317351
Glipizide,Cc1cnc(C(=O)NCCc2ccc(S(=O)(=O)NC(=O)NC3CCCCC3)cc2)cn1,-4.7199998,C(NCCc1ccc(S(NC(NC2CCCCC2)=O)(=O)=O)cc1)(c1cnc(C)cn1)=O,Aarada{A{~B}DAAasaaa{E{~B}{~B}DA{~B}DAtAAAAAt}aas}adr,28.470582189619662
Glutaminic Acid,NC(CCC(=O)O)C(=O)O,-6.0700002,C(C(N)C(O)=O)CC(O)=O,DA{AAA{~B}B}A{~B}B,60.23529598892724
Grepafloxacin HCl,Cc1c(F)c(N2CCNC(C)C2)cc2c1c(=O)c(C(=O)O)cn2C1CC1,-4.8899999,c12cc(N3CC(C)NCC3)c(F)c(C)c1c(=O)c(C(O)=O)cn2C1CC1,Aara{G}a{DsAADA{A}As}aasara{~B}a{A{~B}B}adsArAAr,32.47058435432545
Guanabenz,NC(N)=NN=Cc1c(Cl)cccc1Cl,-4.329999900000002,Clc1c(C=NN=C(N)N)c(Cl)ccc1,DA{D}~DD~Aara{Z}aaaarZ,19.294114386159364
Haloperidol,O=C(CCCN1CCC(O)(c2ccc(Cl)cc2)CC1)c1ccc(F)cc1,-4.71,c1c(C(=O)CCCN2CCC(O)(c3ccc(Cl)cc3)CC2)ccc(F)c1,B~A{AAADrAAA{B}{asaaa{Z}aas}AAr}araaa{G}aar,28.2352927889274
Imatinib,Cc1ccc(NC(=O)c2ccc(CN3CCN(C)CC3)cc2)cc1Nc1nccc(-c2cccnc2)n1,-5.3899999,c1(Nc2c(C)ccc(NC(c3ccc(CN4CCN(C)CC4)cc3)=O)c2)nc(-c2cccnc2)ccn1,Aaraaa{DA{~B}asaaa{ADtAAD{A}AAt}aas}aarDardaaa{_asaaadas}dr,44.235289683045195
Indinavir,CC(C)(C)NC(=O)[C@@H]1CN(Cc2cccnc2)CCN1C[C@@H](O)C[C@@H](Cc1ccccc1)C(=O)N[C@H]1c2ccccc2C[C@H]1O,-5.6900001,c1(CN2CCN(C[C@H](C[C@@H](Cc3ccccc3)C(N[C@H]3c4ccccc4C[C@H]3O)=O)O)[C@H](C(=O)NC(C)(C)C)C2)cccnc1,AA{A}{A}DA{~B}{A**Q}rAD{Aasaaadas}AADrA{A**Q}{B}A{A**Q}{Aaraaaaar}A{~B}D{A*Q}rasaaaaasA{A*Q}rB,51.29411758615917
Isoxicam,Cc1cc(NC(O)=C2C(=O)c3ccccc3S(=O)(=O)N2C)no1,-4.6100001,c1(NC(=C2N(C)S(=O)(=O)c3ccccc3C2=O)O)noc(C)c1,Aaraa{DA{B}~AsA{~B}ataaaaatE{~B}{~B}DsA}dbr,25.882354076124507
Ketanserin,O=C(c1ccc(F)cc1)C1CCN(CCn2c(=O)[nH]c3ccccc3c2=O)CC1,-4.4400001,C1N(CCn2c(=O)c3ccccc3[nH]c2=O)CCC(C(c2ccc(F)cc2)=O)C1,B~A{araaa{G}aar}ArAAD{AAdsa{~B}{dQ}ataaaaatas~B}AAr,21.882354264359797
Labetalol,CC(CCc1ccccc1)NCC(O)c1ccc(O)c(C(N)=O)c1,-4.895062,c1c(C(=O)N)c(O)ccc1C(O)CNC(C)CCc1ccccc1,AA{AAaraaaaar}DAA{B}araaa{B}a{A{D}~B}ar,32.58969258401447
Lamivudine,Nc1ccn([C@@H]2CS[C@H](CO)O2)c(=O)n1,-5.420000099999998,[C@@H]1(n2ccc(N)nc2=O)CS[C@H](CO)O1,Daraad{{A**Q}sAE{A*Q}{AB}Bs}a{~B}dr,44.94117670865047
Lisinopril,NCCCC[C@H](N[C@@H](CCc1ccccc1)C(=O)O)C(=O)N1CCC[C@@H]1C(=O)O,-6.6599998,[C@H]1(C(=O)O)CCCN1C([C@@H](N[C@@H](CCc1ccccc1)C(O)=O)CCCCN)=O,DAAAA{A*Q}{D{A**Q}{AAaraaaaar}A{~B}B}A{~B}DrAAA{A**Q}rA{~B}B,74.11763886505227
Lomefloxacin,CCn1cc(C(=O)O)c(=O)c2cc(F)c(N3CCNC(C)C3)c(F)c21,-4.8000002,c1(F)c2c(cc(F)c1N1CCNC(C)C1)c(=O)c(C(O)=O)cn2CC,AAdraa{A{~B}B}a{~B}asaa{G}a{DtAADA{A}At}a{G}asr,30.352944453979095
Loperamide HCl,CN(C)C(=O)C(CCN1CCC(O)(c2ccc(Cl)cc2)CC1)(c1ccccc1)c1ccccc1,-4.9699998,C(N(C)C)(C(CCN1CCC(c2ccc(Cl)cc2)(O)CC1)(c1ccccc1)c1ccccc1)=O,AD{A}A{~B}A{AADrAAA{B}{asaaa{Z}aas}AAr}{araaaaar}araaaaar,34.352934853979534
Lobucavir__2,Nc1nc2c(ncn2C2[C@@H](CO)C[C@@H]2CO)c(=O)[nH]1,-6.0599999,C1(n2cnc3c(=O)[nH]c(N)nc32)[C@@H](CO)C[C@@H]1CO,Dardasa{dadsAs{A**Q}{AB}A{A**Q}sAB}a{~B}{dQ}r,59.99999482352966
Losartan,CCCCc1nc(Cl)c(CO)n1Cc1ccc(-c2ccccc2-c2nnn[nH]2)cc1,-6.0727587,c1(CCCC)nc(Cl)c(CO)n1Cc1ccc(-c2ccccc2-c2[nH]nnn2)cc1,AAAAarda{Z}a{AB}drAaraaa{_asaaaaas_asddd{dQ}s}aar,60.300201868225784
Lovastatin,CCC(C)C(=O)OC1CC(C)C=C2C=CC(C)C(CCC3CC(O)CC(=O)O3)C21,-4.8400002,C(CC1C(C)C=CC2=CC(C)CC(OC(C(CC)C)=O)C21)C1OC(=O)CC(O)C1,AAA{A}A{~B}BArAA{A}A~AsA~AA{A}A{AAAtAA{B}AA{~B}Bt}Asr,31.294120880276676
Loxoprofen,CC(C(=O)O)c1ccc(CC2CCCC2=O)cc1,-4.3499999,C1(Cc2ccc(C(C)C(=O)O)cc2)CCCC1=O,AA{A{~B}B}araaa{AAsAAAAs~B}aar,19.764702599308123
Mebendazole,COC(=O)Nc1nc2ccc(C(=O)c3ccccc3)cc2[nH]1,-4.5100002,c1cccc(C(=O)c2cc3[nH]c(NC(OC)=O)nc3cc2)c1,ABA{~B}Dardasaaa{A{~B}ataaaaat}aas{dQ}r,23.529415363321643
Meloxicam,Cc1cnc(N/C(O)=C2/C(=O)c3ccccc3S(=O)(=O)N2C)s1,-4.7058601,c1c(C)sc(N/C(O)=C2/C(=O)c3ccccc3S(=O)(=O)N2C)n1,Aarada{D|A{B}~As|A{~B}ataaaaatE{~B}{~B}DsA}er,28.13788338174666
Methylprednisolone,C[C@H]1C[C@H]2[C@@H]3CC[C@](O)(C(=O)CO)[C@@]3(C)C[C@H](O)[C@@H]2[C@@]2(C)C=CC(=O)C=C12,-5.1161518,C[C@]12C[C@H](O)[C@@H]3[C@]4(C)C(=CC(=O)C=C4)[C@@H](C)C[C@H]3[C@@H]1CC[C@@]2(C(=O)CO)O,A{A*Q}rA{A*Q}s{A**Q}tAA{A*}{B}{A{~B}AB}{A**}t{A}A{A*Q}{B}{A**Q}s{A**}s{A}A~AA{~B}A~Ars,37.79180528038563
Metolazone,Cc1ccccc1N1C(=O)c2cc(S(N)(=O)=O)c(Cl)cc2N[C@H]1C,-5.3049202000000015,c12c(cc(S(=O)(N)=O)c(Cl)c1)C(=O)N(c1ccccc1C)[C@H](C)N2,AaraaaaarDrA{~B}asaa{E{D}{~B}~B}a{Z}aasD{A*Q}rA,42.23341448313347
Nelfinavir,Cc1c(O)cccc1C(=O)N[C@@H](CSc1ccccc1)[C@H](O)CN1C[C@H]2CCCC[C@H]2C[C@H]1C(=O)NC(C)(C)C,-6.1500001,Cc1c(O)cccc1C(N[C@H]([C@@H](CN1[C@H](C(=O)NC(C)(C)C)C[C@H]2[C@H](CCCC2)C1)O)CSc1ccccc1)=O,Aara{B}aaaarA{~B}D{A**Q}{AEaraaaaar}{A*Q}{B}ADrA{A*Q}sAAAA{A*Q}sA{A*Q}rA{~B}DA{A}{A}A,62.11764648858133
Netivudine (882C87),CC#Cc1cn([C@@H]2O[C@H](CO)[C@@H](O)[C@@H]2O)c(=O)[nH]c1=O,-5.1687455,CC#Cc1c(=O)[nH]c(=O)n([C@H]2[C@@H](O)[C@H](O)[C@@H](CO)O2)c1,AA^Aarad{{A**Q}sB{A*Q}{AB}{A**Q}{B}{A**Q}sB}a{~B}{dQ}ar~B,39.02930404567981
Nicardipine,COC(=O)C1=C(C)NC(C)=C(C(=O)OCCN(C)Cc2ccccc2)C1c1cccc(N(O)O)c1,-4.9305754,c1ccc(CN(C)CCOC(C2=C(C)NC(C)=C(C(=O)OC)C2c2cccc(N(O)O)c2)=O)cc1,ABA{~B}Ar~A{A}DA{A}~A{A{~B}BAAD{A}Aasaaaaas}Araraaaa{D{B}B}ar,33.425301956456394
Nifedipine,COC(=O)C1=C(C)NC(C)=C(C(=O)OC)C1c1ccccc1N(O)O,-4.3319983,c1(N(O)O)ccccc1C1C(C(=O)OC)=C(C)NC(C)=C1C(OC)=O,ABA{~B}Ar~A{A}DA{A}~A{A{~B}BA}AraraaaaarD{B}B,19.34113556041716
Nisoldipine,COC(=O)C1=C(C)NC(C)=C(C(=O)OCC(C)C)C1c1ccccc1N(O)O,-4.6999998,ON(O)c1c(C2C(C(OCC(C)C)=O)=C(C)NC(C)=C2C(OC)=O)cccc1,ABA{~B}Ar~A{A}DA{A}~A{A{~B}BAA{A}A}AraraaaaarD{B}B,27.99999397647086
Nitrendipine,CCOC(=O)C1=C(C)NC(C)=C(C(=O)OC)C1c1cccc(N(O)O)c1,-4.6200309,N(O)(O)c1cc(C2C(C(=O)OCC)=C(C)NC(C)=C2C(OC)=O)ccc1,AABA{~B}Ar~A{A}DA{A}~A{A{~B}BA}Araraaaa{D{B}B}ar,26.118372888547153
Olopatadine,CN(C)CC/C=C1/c2ccccc2COc2ccc(CC(=O)O)cc21,-5.0100002,c1c(CC(=O)O)ccc2c1/C(=C\CCN(C)C)c1c(cccc1)CO2,AD{A}AA|A~Ar|asaaaaasABasaaa{AA{~B}B}aasr,35.29412069204139
Ouabain,C[C@@H]1O[C@@H](O[C@H]2C[C@@H](O)[C@@]3(CO)[C@H]4[C@H](O)C[C@]5(C)[C@@H](C6=CC(=O)OC6)CC[C@]5(O)[C@@H]4CC[C@]3(O)C2)[C@H](O)[C@H](O)[C@H]1O,-6.9593034,[C@@H]1(O)C[C@@]2(C)[C@](O)(CC[C@@H]2C2=CC(=O)OC2)[C@@H]2CC[C@]3(O)C[C@@H](O[C@H]4[C@H](O)[C@H](O)[C@@H](O)[C@H](C)O4)C[C@@H](O)[C@@]3(CO)[C@@H]12,A{A**Q}rB{A**Q}{B{A*Q}sA{A**Q}{B}{A**}t{AB}{A*Q}u{A*Q}{B}A{A*}v{A}{A**Q}{Aw~AA{~B}BAw}AA{A*}v{B}{A**Q}uAA{A*}t{B}As}{A*Q}{B}{A*Q}{B}{A*Q}rB,81.16007618070229
Oxaprozin,O=C(O)CCc1nc(-c2ccccc2)c(-c2ccccc2)o1,-4.48,c1(CCC(=O)O)nc(-c2ccccc2)c(-c2ccccc2)o1,B~A{B}AAarda{_asaaaaas}a{_asaaaaas}br,22.823528337716326
Pentoxifylline,CC(=O)CCCCn1c(=O)c2c(ncn2C)n(C)c1=O,-4.1799998,O=c1n(CCCCC(C)=O)c(=O)c2c(n1C)ncn2C,AA{~B}AAAAdra{~B}asa{dadsA}d{A}ar~B,15.764700434602336
Phenobarbital,CCC1(c2ccccc2)C(=O)NC(=O)NC1=O,-4.630000099999998,O=C1C(c2ccccc2)(CC)C(=O)NC(=O)N1,AAAr{asaaaaas}A{~B}DA{~B}DAr~B,26.35294228927327
Piroxicam,CN1C(C(=O)Nc2ccccn2)=C(O)c2ccccc2S1(=O)=O,-4.4490995,OC1=C(C(Nc2ccccn2)=O)N(C)S(=O)(=O)c2ccccc21,ADrA{A{~B}Dasaaaads}~A{B}asaaaaasEr{~B}~B,22.096457783696106
Pravastatin,CCC(C)C(=O)O[C@@H]1C[C@@H](O)C=C2C=C[C@@H](C)[C@@H](CC[C@@H](O)C[C@@H](O)CC(=O)O)[C@@H]21,-5.869999900000002,OC(=O)C[C@H](O)C[C@H](O)CC[C@H]1[C@H]2C(=C[C@H](O)C[C@H]2OC(C(C)CC)=O)C=C[C@H]1C,AAA{A}A{~B}B{A**Q}rA{A**Q}{B}A~AsA~A{A**Q}{A}{A**Q}{AA{A**Q}{B}A{A**Q}{B}AA{~B}B}{A**Q}sr,55.529406798616186
Prazocin,COc1cc2nc(N3CCN(C(=O)c4occc4Cl)CC3)nc(N)c2cc1OC,-4.8899999,c1(N)nc(N2CCN(C(=O)c3c(Cl)cco3)CC2)nc2cc(OC)c(OC)cc12,ABaraasda{DtAAD{A{~B}aubaaauZ}AAt}da{D}asaarBA,32.47058435432545
Pranoprofen; pyranoprofen,CC(C(=O)O)c1ccc2c(c1)Cc1cccnc1O2,-4.3899999,O=C(C(C)c1ccc2c(c1)Cc1c(nccc1)O2)O,AA{A{~B}B}araaasa{ar}AaraaadarBs,20.705879025605704
Prednisolone,C[C@]12CC(O)[C@H]3[C@@H](CCC4=CC(=O)C=C[C@@]43C)[C@@H]1CC[C@]2(O)C(=O)CO,-5.369999900000002,OC1[C@@H]2[C@]3(C)C(=CC(=O)C=C3)CC[C@H]2[C@H]2[C@](C)(C1)[C@](C(=O)CO)(O)CC2,A{A*}rsAA{B}{A*Q}t{A**Q}{AAAu~AA{~B}A~A{A**}utA}{A**Q}rAA{A*}s{B}A{~B}AB,43.764701469896444
Promazine,CN(C)CCCN1c2ccccc2Sc2ccccc21,-4.380000099999998,c1cccc2c1N(CCCN(C)C)c1c(cccc1)S2,AD{A}AAADrasaaaaasEasaaaaasr,20.470589624913394
Promethazine,CC(CN1c2ccccc2Sc2ccccc21)N(C)C,-3.7777722,c1ccc2c(c1)Sc1ccccc1N2CC(N(C)C)C,AA{ADrasaaaaasEasaaaaasr}D{A}A,6.30052205644602
Pyrimethamine,CCc1nc(N)nc(N)c1-c1ccc(Cl)cc1,-4.23,n1c(N)nc(N)c(-c2ccc(Cl)cc2)c1CC,AAarda{D}da{D}ar_araaa{Z}aar,16.94117567335645
Quinidine,C=C[C@H]1CN2CC[C@H]1C[C@@H]2C(O)c1ccnc2ccc(OC)cc12,-4.6799998,N12CC[C@H]([C@@H](C=C)C1)C[C@@H]2C(O)c1c2c(ccc(OC)c2)ncc1,A~A{A*Q}rADsAA{A*Q}rA{A**Q}sA{B}araadasaaa{BA}aars,27.52940576332208
Raloxifene HCl,O=C(c1ccc(OCCN2CCCCC2)cc1)c1c(-c2ccc(O)cc2)sc2cc(O)ccc12,-5.7227535000000005,c1cc(O)cc2c1c(C(=O)c1ccc(OCCN3CCCCC3)cc1)c(-c1ccc(O)cc1)s2,B~A{araaa{BAADsAAAAAs}aar}ara{_asaaa{B}aas}easaa{B}aaars,52.06478578518656
Remikiren (Ro 42-5892),CC(C)(C)S(=O)(=O)C[C@H](Cc1ccccc1)C(=O)N[C@@H](Cc1cnc[nH]1)C(=O)N[C@H](CC1CCCCC1)[C@@H](O)[C@H](O)C1CC1,-6.1300907,C1C(C[C@@H](NC(=O)[C@@H](NC([C@H](CS(C(C)(C)C)(=O)=O)Cc2ccccc2)=O)Cc2cnc[nH]2)[C@@H](O)[C@@H](C2CC2)O)CCCC1,AA{A}{A}E{~B}{~B}A{A*Q}{Aaraaaaar}A{~B}D{A**Q}{Aarada{dQ}r}A{~B}D{A*Q}{AArAAAAAr}{A**Q}{B}{A*Q}{B}ArAAr,61.64919004003812
Reserpine,COC(=O)[C@H]1[C@H]2C[C@@H]3c4[nH]c5cc(OC)ccc5c4CCN3C[C@H]2C[C@@H](OC(=O)c2cc(OC)c(OC)c(OC)c2)[C@@H]1OC,-5.369999900000002,c12c(c3ccc(OC)cc3[nH]1)CCN1[C@@H]2C[C@H]2[C@H](C[C@@H](OC(=O)c3cc(OC)c(OC)c(OC)c3)[C@H](OC)[C@H]2C(=O)OC)C1,ABA{~B}{A*Q}r{A*Q}sA{A**Q}tau{dQ}avaa{BA}aaavauAADtA{A*Q}sA{A**Q}{BA{~B}asaa{BA}a{BA}a{BA}as}{A**Q}rBA,43.764701469896444
Rifampicin,CO[C@@H]1C=CO[C@@]2(C)Oc3c(C)c(O)c4c(c3C2=O)C(=O)/C(=C\NN2CCN(C)CC2)C(=C4O)NC(=O)C(C)=CC=C[C@@H](C)[C@H](O)[C@H](C)[C@H](O)[C@@H](C)[C@@H](OC(C)=O)[C@@H]1C,-5.399786,[C@]12(C)Oc3c(C)c(O)c4c(c3C1=O)C(=O)/C(=C\NN1CCN(C)CC1)C(=C4O)NC(=O)C(C)=CC=C[C@@H](C)[C@H](O)[C@H](C)[C@H](O)[C@@H](C)[C@@H](OC(C)=O)[C@H](C)[C@H](OC)C=CO2,AB{A**Q}rA~AB{A**}s{A}Bata{A}a{B}aua{atAs~B}A{~B}|A{~A!DDsAAD{A}AAs}A{~AuB}DA{~B}A{A}~AA~A{A**Q}{A}{A*Q}{B}{A*Q}{A}{A*Q}{B}{A**Q}{A}{A**Q}{BA{A}~B}{A**Q}rA,44.46555084867995
Rofecoxib,NS(=O)(=O)c1ccc(C2=C(c3ccccc3)C(=O)OC2)cc1,-4.619999900000002,O1CC(c2ccc(S(=O)(N)=O)cc2)=C(c2ccccc2)C1=O,DE{~B}{~B}araaa{As~A{ataaaaat}A{~B}BAs}aar,26.117643476816816
Saquinavir,CC(C)(C)NC(=O)C1CC2CCCCC2CN1CC(O)C(Cc1ccccc1)NC(=O)C(CC(N)=O)NC(=O)c1ccc2ccccc2n1,-6.2800002,CC(NC(C1CC2C(CN1CC(C(Cc1ccccc1)NC(C(CC(=O)N)NC(c1ccc3c(cccc3)n1)=O)=O)O)CCCC2)=O)(C)C,AA{A}{A}DA{~B}ArAAsAAAAAsADrAA{B}A{Aaraaaaar}DA{~B}A{AA{D}~B}DA{~B}araaasaaaaasdr,65.17647222698953
Simvastatin,CCC(C)(C)C(=O)O[C@@H]1C[C@H](C)C=C2C=C[C@@H](C)[C@@H](CC[C@@H]3C[C@H](O)CC(=O)O3)[C@@H]21,-5.170000099999998,C1=C2[C@@H]([C@H](OC(C(CC)(C)C)=O)C[C@@H]1C)[C@H](CC[C@H]1OC(=O)C[C@@H](O)C1)[C@H](C)C=C2,AAA{A}{A}A{~B}B{A**Q}rA{A*Q}{A}A~AsA~A{A**Q}{A}{A**Q}{AA{A**Q}tA{A*Q}{B}AA{~B}Bt}{A**Q}sr,39.058824044290596
Sorivudine (BVaraU),O=c1[nH]c(=O)n([C@@H]2O[C@H](CO)[C@@H](O)[C@@H]2O)cc1/C=C/Br,-5.3899999,[C@@H]1(n2cc(/C=C/Br)c(=O)[nH]c2=O)O[C@H](CO)[C@@H](O)[C@@H]1O,B~ar{dQ}a{~B}d{{A**Q}sB{A*Q}{AB}{A**Q}{B}{A**Q}sB}aar|A~A|Y,44.235289683045195
Sparfloxacin (SPX),C[C@H]1CN(c2c(F)c(N)c3c(=O)c(C(=O)O)cn(C4CC4)c3c2F)C[C@@H](C)N1,-4.7784066,c1n(C2CC2)c2c(F)c(N3C[C@H](C)N[C@H](C)C3)c(F)c(N)c2c(=O)c1C(O)=O,A{A*Q}rAD{asa{G}a{D}ata{~B}a{A{~B}B}ad{AuAAu}atasG}A{A**Q}{A}Dr,29.844859772006604
Spironolactone,C=C[C@@H]1CN2CC[C@@H]1C[C@H]2[C@H](O)c1ccnc2ccc(OC)cc12,-4.5008955,c1c2c([C@@H](O)[C@H]3N4C[C@@H](C=C)[C@H](CC4)C3)ccnc2ccc1OC,A~A{A**Q}rADsAA{A**Q}rA{A*Q}s{A*Q}{B}araadasaaa{BA}aars,23.31518713810885
Stavudine (d4T),Cc1cn([C@H]2C=C[C@@H](CO)O2)c(=O)[nH]c1=O,-5.3483939000000005,O=c1c(C)cn([C@H]2C=C[C@@H](CO)O2)c(=O)[nH]1,Aarad{{A*Q}sA~A{A**Q}{AB}Bs}a{~B}{dQ}ar~B,43.256325023231774
Sulfamethizole,Cc1nnc(NS(=O)(=O)c2ccc(N)cc2)s1,-5.8393164,Cc1nnc(NS(c2ccc(N)cc2)(=O)=O)s1,Aardda{DE{~B}{~B}asaaa{D}aas}er,54.807442126708615
Sumatriptan,CNS(=O)(=O)Cc1ccc2[nH]cc(CCN(C)C)c2c1,-5.6828976,CN(CCc1c[nH]c2ccc(CS(=O)(=O)NC)cc21)C,ADE{~B}{~B}Aaraaas{dQ}aa{AAD{A}A}asar,51.126999946964716
Tacrolimus,C=CC[C@@H]1/C=C(\C)C[C@H](C)C[C@H](OC)[C@H]2O[C@@](O)(C(=O)C(=O)N3CCCC[C@H]3C(=O)O[C@H](/C(C)=C/[C@@H]3CC[C@@H](O)[C@H](OC)C3)[C@H](C)[C@@H](O)CC1=O)[C@H](C)C[C@@H]2OC,-5.1500001,[C@@]12(O)[C@H](C)C[C@H](OC)[C@@H]([C@@H](OC)C[C@@H](C)C/C(C)=C/[C@@H](CC=C)C(=O)C[C@H](O)[C@@H](C)[C@@H](/C(C)=C/[C@@H]3CC[C@@H](O)[C@H](OC)C3)OC(=O)[C@H]3N(CCCC3)C(=O)C1=O)O2,A~AA{A**Q}r|A~A{!A}A{A*Q}{A}A{A*Q}{BA}{A*Q}sB{A**}{B}{A{~B}A{~B}DtAAAA{A*Q}tA{~B}B{A*Q}{|A{A}~A|{A**Q}tAA{A**Q}{B}{A*Q}{BA}At}{A*Q}{A}{A**Q}{B}AAr~B}{A*Q}{A}A{A**Q}sBA,38.58823583114184
Tamoxifen,CC/C(=C(/c1ccccc1)c1ccc(OCCN(C)C)cc1)c1ccccc1,-4.3221111,c1c(/C(c2ccccc2)=C(\CC)c2ccccc2)ccc(OCCN(C)C)c1,AA|A{~A{|araaaaar}araaa{BAAD{A}A}aar}araaaaar,19.108495571364912
Tenidap,NC(=O)n1c(O)c(C(=O)c2cccs2)c2cc(Cl)ccc21,-4.3103647,c1(O)n(C(N)=O)c2ccc(Cl)cc2c1C(c1sccc1)=O,DA{~B}dra{B}a{A{~B}asaaaes}asaa{Z}aaasr,18.83210970201837
Thalidomide,O=C1CCC(N2C(=O)c3ccccc3C2=O)C(=O)N1,-4.6999998,c1ccc2c(c1)C(=O)N(C1CCC(=O)NC1=O)C2=O,B~ArAAA{DsA{~B}ataaaaatAs~B}A{~B}Dr,27.99999397647086
Tinidazole,CCS(=O)(=O)CCn1c(N(O)O)cnc1C,-4.52,ON(O)c1cnc(C)n1CCS(CC)(=O)=O,AAE{~B}{~B}AAdra{D{B}B}adarA,23.764704764013885
Trazodone,O=c1n(CCCN2CCN(c3cccc(Cl)c3)CC2)nc2ccccn12,-4.619999900000002,c1c2n(ccc1)c(=O)n(CCCN1CCN(c3cccc(Cl)c3)CC1)n2,B~ard{AAADsAAD{ataaaa{Z}at}AAs}dasaaaadrs,26.117643476816816
Triazolam,Cc1nnc2n1-c1ccc(Cl)cc1C(c1ccccc1Cl)=NC2,-4.5500002,c1(C)n2c(nn1)CN=C(c1ccccc1Cl)c1c-2ccc(Cl)c1,Aarddasdr_araaa{Z}aarA{araaaaarZ}~DAs,24.47059178961922
Valproic acid,CCCC(CCC)C(=O)O,-4.3200002,O=C(C(CCC)CCC)O,AAAA{AAA}A{~B}B,19.05882733840813
Valsartan,CCCCC(=O)N(Cc1ccc(-c2ccccc2-c2nnn[nH]2)cc1)[C@H](C(=O)O)C(C)C,-6.2600002,c1ccc(-c2nnn[nH]2)c(-c2ccc(CN([C@H](C(O)=O)C(C)C)C(CCCC)=O)cc2)c1,AAAAA{~B}D{Aaraaa{_asaaaaas_asddd{dQ}s}aar}{A*Q}{A{~B}B}A{A}A,64.70588401384076
Yohimbine (YOH),COC(=O)C1C(O)CCC2CN3CCc4c([nH]c5ccccc45)C3CC21,-4.8099999,c1c2c(ccc1)[nH]c1c2CCN2CC3C(C(C(=O)OC)C(O)CC3)CC12,ABA{~B}ArA{B}AAAsADtAAaua{{dQ}avaaaaauv}AtAAsr,30.58823150173029
Zolpidem,Cc1ccc(-c2nc3ccc(C)cn3c2CC(=O)N(C)C)cc1,-4.5,N(C)(C)C(Cc1c(-c2ccc(C)cc2)nc2ccc(C)cn12)=O,Aaraaa{_asdataaa{A}adtasAA{~B}D{A}A}aar,23.294116550865105
Zomepirac,Cc1cc(CC(=O)O)n(C)c1C(=O)c1ccc(Cl)cc1,-4.6100001,Cn1c(CC(O)=O)cc(C)c1C(c1ccc(Cl)cc1)=O,Aaraa{AA{~B}B}d{A}arA{~B}araaa{Z}aar,25.882354076124507
Flavone,O=c1cc(-c2ccccc2)oc2ccccc12,-3.9201083,O=c1c2ccccc2oc(-c2ccccc2)c1,B~araa{_asaaaaas}basaaaaars,9.649606604724397
Gly-Pro (glycylproline),NCC(=O)N1CCC[C@H]1C(=O)O,-5.2123351,C1CCN(C(CN)=O)[C@@H]1C(O)=O,DAA{~B}DrAAA{A*Q}rA{~B}B,40.05494164447333
Phencyclidine (PCP),c1ccc(C2(N3CCCCC3)CCCCC2)cc1,-4.48,c1cc(C2(N3CCCCC3)CCCCC2)ccc1,araaa{As{DtAAAAAt}AAAAAs}aar,22.823528337716326
DMP 851,CCCCN1C(=O)N(Cc2ccc3[nH]nc(N)c3c2)[C@H](Cc2ccccc2)[C@H](O)[C@@H](O)[C@H]1Cc1ccccc1,-5.6788902000000006,Nc1c2cc(CN3C(=O)N(CCCC)[C@H](Cc4ccccc4)[C@H](O)[C@@H](O)[C@H]3Cc3ccccc3)ccc2[nH]n1,AAAADrA{~B}D{Aasaaat{dQ}da{D}atas}{A*Q}{Aasaaaaas}{A*Q}{B}{A**Q}{B}{A*Q}rAaraaaaar,51.0327081866961
N-Acetyl-D-alanyl-D-phenylalanine N-Methylamide (2),CNC(=O)[C@@H](Cc1ccccc1)NC(=O)[C@@H](C)NC(C)=O,-5.7484403,C(=O)(N[C@H](Cc1ccccc1)C(NC)=O)[C@H](NC(=O)C)C,ADA{~B}{A**Q}{Aaraaaaar}DA{~B}{A**Q}{A}DA{A}~B,52.66918105086208
N-Acetyl-D-valyl-D-phenylalanine N-Methylamide (3a),CNC(=O)[C@@H](Cc1ccccc1)NC(=O)[C@H](NC(C)=O)C(C)C,-5.3900242,CNC([C@@H](Cc1ccccc1)NC(=O)[C@H](NC(C)=O)C(C)C)=O,ADA{~B}{A**Q}{Aaraaaaar}DA{~B}{A*Q}{DA{A}~B}A{A}A,44.23586144772417
N-Acetyl-D-phenylalanyl-D-phenylalanine N-Methylamide (5a),CNC(=O)[C@@H](Cc1ccccc1)NC(=O)[C@@H](Cc1ccccc1)NC(C)=O,-5.0499268,c1c(C[C@@H](NC(=O)C)C(=O)N[C@H](Cc2ccccc2)C(NC)=O)cccc1,ADA{~B}{A**Q}{Aaraaaaar}DA{~B}{A**Q}{Aaraaaaar}DA{A}~B,36.2335700595967
N-Acetyl-D-cyclohexylalanyl-D-phenylalanine N-Methylamide (6),CNC(=O)[C@@H](Cc1ccccc1)NC(=O)[C@@H](CC1CCCCC1)NC(C)=O,-5.141333599999999,N(C([C@H](NC(=O)[C@@H](CC1CCCCC1)NC(=O)C)Cc1ccccc1)=O)C,ADA{~B}{A**Q}{Aaraaaaar}DA{~B}{A**Q}{AArAAAAAr}DA{A}~B,38.38431819367913
N-Acetyl-D-alanine Phenethylamide (8),CC(=O)N[C@H](C)C(=O)NCCc1ccccc1,-4.6095328,c1cc(CCNC([C@@H](C)NC(=O)C)=O)ccc1,AA{~B}D{A*Q}{A}A{~B}DAAaraaaaar,25.871358782524297
N-Acetyl-D-leucine Phenethylamide (10),CC(=O)N[C@H](CC(C)C)C(=O)NCCc1ccccc1,-4.513246499999998,C([C@H](C(NCCc1ccccc1)=O)NC(C)=O)C(C)C,AA{~B}D{A*Q}{AA{A}A}A{~B}DAAaraaaaar,23.60579888913884
N-Acetyl-D-phenylalanine Phenethylamide (11a),CC(=O)N[C@H](Cc1ccccc1)C(=O)NCCc1ccccc1,-4.4210458,c1cccc(CCNC([C@H](NC(=O)C)Cc2ccccc2)=O)c1,AA{~B}D{A*Q}{Aaraaaaar}A{~B}DAAaraaaaar,21.436370755935496
N-Acetyl-D-cyclohexylalanine Phenethylamide (12),CC(=O)N[C@H](CC1CCCCC1)C(=O)NCCc1ccccc1,-4.351765599999999,C1CCCCC1C[C@@H](NC(C)=O)C(=O)NCCc1ccccc1,AA{~B}D{A*Q}{AArAAAAAr}A{~B}DAAaraaaaar,19.80624847970594
1__3,CC1CCN(C(=O)CC(Cc2cccc(C(=N)N)c2)NS(=O)(=O)c2ccc3ccccc3c2)CC1,-6.8762317,C(=O)(N1CCC(C)CC1)CC(NS(c1cc2ccccc2cc1)(=O)=O)Cc1cccc(C(N)=N)c1,AArAAD{A{~B}AA{Aasaaaa{A{~D}D}as}DE{~B}{~B}asaaataaaaatas}AAr,79.20544803739067
2__4,N=C(N)c1cccc(CC(CC(=O)N2CCCCC2C(=O)O)NS(=O)(=O)c2ccc3ccccc3c2)c1,-7.3814997999999985,OC(C1N(C(CC(Cc2cccc(C(=N)N)c2)NS(=O)(=O)c2ccc3c(c2)cccc3)=O)CCCC1)=O,D~A{D}araaaa{AA{AA{~B}DsAAAAAsA{~B}B}DE{~B}{~B}asaaataaaaatas}ar,91.09410865439484
3,COC(=O)C1CCCCN1C(=O)CC(Cc1cccc(C(=N)N)c1)NS(=O)(=O)c1ccc2ccccc2c1,-7.1178856,N(S(=O)(=O)c1cc2c(cccc2)cc1)C(CC(N1C(C(=O)OC)CCCC1)=O)Cc1cc(C(N)=N)ccc1,ABA{~B}ArAAAADrA{~B}AA{Aaraaaa{A{~D}D}ar}DE{~B}{~B}araaasaaaaasar,84.8914218874625
4,N=C(N)c1cccc(CC(CC(=O)N2CCCC(C(=O)O)C2)NS(=O)(=O)c2ccc3ccccc3c2)c1,-7.382024799999999,C(c1cc(CC(NS(c2ccc3ccccc3c2)(=O)=O)CC(=O)N2CC(C(O)=O)CCC2)ccc1)(N)=N,D~A{D}araaaa{AA{AA{~B}DsAAAA{A{~B}B}As}DE{~B}{~B}asaaataaaaatas}ar,91.10646159499001
6__5,N=C(N)c1cccc(CC(CC(=O)N2CCC(C(=O)O)CC2)NS(=O)(=O)c2ccc3ccccc3c2)c1,-7.3390937,O=C(O)C1CCN(C(=O)CC(Cc2cccc(C(N)=N)c2)NS(c2cc3c(cccc3)cc2)(=O)=O)CC1,D~A{D}araaaa{AA{AA{~B}DsAAA{A{~B}B}AAs}DE{~B}{~B}asaaataaaaatas}ar,90.09631811311444
7__6,COC(=O)C1CCN(C(=O)CC(Cc2cccc(C(=N)N)c2)NS(=O)(=O)c2ccc3ccccc3c2)CC1,-7.0912943,C(CC(=O)N1CCC(C(=O)OC)CC1)(Cc1cc(C(N)=N)ccc1)NS(=O)(c1cc2c(cc1)cccc2)=O,ABA{~B}ArAAD{A{~B}AA{Aasaaaa{A{~D}D}as}DE{~B}{~B}asaaataaaaatas}AAr,84.26574426984733
8,N=C(NO)c1cccc(CC(CC(=O)N2CCC(C(=O)O)CC2)NS(=O)(=O)c2ccc3ccccc3c2)c1,-7.3677616,O=C(N1CCC(C(O)=O)CC1)CC(Cc1cc(C(NO)=N)ccc1)NS(c1ccc2c(c1)cccc2)(=O)=O,D~A{DB}araaaa{AA{AA{~B}DsAAA{A{~B}B}AAs}DE{~B}{~B}asaaataaaaatas}ar,90.77085690490084
9__7,CNC(=N)c1cccc(CC(CC(=O)N2CCC(C(=O)O)CC2)NS(=O)(=O)c2ccc3ccccc3c2)c1,-7.1487603,C(C(NS(=O)(c1ccc2c(c1)cccc2)=O)Cc1cc(C(=N)NC)ccc1)C(N1CCC(C(O)=O)CC1)=O,ADA{~D}araaaa{AA{AA{~B}DsAAA{A{~B}B}AAs}DE{~B}{~B}asaaataaaaatas}ar,85.61788538268775
13,CC1CCN(C(=O)CC(Cc2cccc(N)c2)NS(=O)(=O)c2ccc3ccccc3c2)CC1,-4.997839,c1ccc2c(c1)cc(S(=O)(NC(CC(N1CCC(C)CC1)=O)Cc1cc(N)ccc1)=O)cc2,AArAAD{A{~B}AA{Aasaaaa{D}as}DE{~B}{~B}asaaataaaaatas}AAr,35.00797482315413
16,CNC(=N)c1cccc(CC(CC(=O)N2CCC(C)CC2)NS(=O)(=O)c2ccc3ccccc3c2)c1,-6.850390400000001,c1ccc(C(NC)=N)cc1CC(CC(N1CCC(C)CC1)=O)NS(=O)(c1cc2c(cc1)cccc2)=O,ADA{~D}araaaa{AA{AA{~B}DsAAA{A}AAs}DE{~B}{~B}asaaataaaaatas}ar,78.5974174777686
Alprenolol ester,C=CCc1ccccc1OCC(CNC(C)C)OC(=O)C1CC1,-4.1507826,c1(CC=C)ccccc1OCC(CNC(C)C)OC(=O)C1CC1,A~AAaraaaaarBAA{ADA{A}A}BA{~B}ArAAr,15.077236937541803
Betaxolol ester,CC(C)NCC(COc1ccc(CCOCC2CC2)cc1)OC(=O)C1CC1,-4.1300812,C1CC1C(OC(CNC(C)C)COc1ccc(CCOCC2CC2)cc1)=O,AA{A}DAA{ABaraaa{AABAAsAAs}aar}BA{~B}ArAAr,14.590145195757882
Oxprenolol ester,C=CCOc1ccccc1OCC(CNC(C)C)OC(=O)C1CC1,-4.1920457,C(C(COc1c(OCC=C)cccc1)OC(C1CC1)=O)NC(C)C,A~AABaraaaaarBAA{ADA{A}A}BA{~B}ArAAr,16.048133362440794
Sulfasalazine,O=C(O)C1=C/C(=N\Nc2ccc(S(=O)(=O)Nc3ccccn3)cc2)C=CC1=O,-6.5171175,C1(=N/Nc2ccc(S(=O)(=O)Nc3ccccn3)cc2)\C=CC(=O)C(C(=O)O)=C1,B~A{B}Ar~A|A{~D!Dasaaa{E{~B}{~B}Dataaaadt}aas}A~AAr~B,70.75570255267283
V,CCOc1cccc(NC(=O)OCCN2CCCC2)c1,-4.5500002,C1N(CCOC(=O)Nc2cc(OCC)ccc2)CCC1,AABaraaaa{DA{~B}BAADsAAAAs}ar,24.47059178961922
VIII,CCCOc1cccc(NC(=O)OCCN2CCCC2)c1,-4.5700002,O=C(Nc1cccc(OCCC)c1)OCCN1CCCC1,AAABaraaaa{DA{~B}BAADsAAAAs}ar,24.941180002768
XI,CCCCOc1cccc(NC(=O)OCCN2CCCC2)c1,-4.5900002,O(CCN1CCCC1)C(Nc1cccc(OCCCC)c1)=O,AAAABaraaaa{DA{~B}BAADsAAAAs}ar,25.4117682159168
XIV,CCCCCOc1cccc(NC(=O)OCCN2CCCC2)c1,-4.77,C(COc1cc(NC(OCCN2CCCC2)=O)ccc1)CCC,AAAAABaraaaa{DA{~B}BAADsAAAAs}ar,29.647057428373756
"DB75 [2,5-bis(4-amidinophenyl)furan]",N=C(N)c1ccc(-c2ccc(-c3ccc(C(=N)N)cc3)o2)cc1,-6.4201083,c1c(-c2oc(-c3ccc(C(=N)N)cc3)cc2)ccc(C(N)=N)c1,D~A{D}araaa{_asaaa{_ataaa{A{~D}D}aat}bs}aar,68.47313324832314
Gomisin A,COc1cc2c(c(OC)c1OC)-c1c(cc3c(c1OC)OCO3)C[C@H](C)[C@@](C)(O)C2,-4.5693183,C1c2c(c(OC)c(OC)c(OC)c2)-c2c(OC)c3c(cc2C[C@H](C)[C@]1(O)C)OCO3,ABaraasa{a{BA}arBA}_ara{aata{arBA}BABt}A{A*Q}{A}{A**}{A}{B}As,24.925135297640693
Epinephrine,CNCC(O)c1ccc(O)c(O)c1,-6.0188646,OC(CNC)c1ccc(O)c(O)c1,ADAA{B}araaa{B}a{B}ar,59.032105457312674
Fleroxacin,CN1CCN(c2c(F)cc3c(=O)c(C(=O)O)cn(CCF)c3c2F)CC1,-4.8099742,c1(N2CCN(C)CC2)c(F)c2n(CCF)cc(C(=O)O)c(=O)c2cc1F,ADrAAD{asa{G}aata{~B}a{A{~B}B}ad{AAG}atasG}AAr,30.58762679587639
Ceftriaxone,CO/N=C(/C(=O)N[C@@H]1C(=O)N2C(C(=O)O)=C(CSc3nc(=O)c(=O)[nH]n3C)CS[C@H]12)c1csc(N)n1,-6.604713,n1(C)c(SCC2=C(C(O)=O)N3C(=O)[C@@H](NC(=O)/C(=N/OC)c4csc(N)n4)[C@H]3SC2)nc(=O)c(=O)[nH]1,AB|D~A{|A{~B}D{A**Q}rA{~B}DsA{A{~B}B}~A{AEatda{~B}a{~B}{dQ}dtA}AE{A*Q}rs}araea{D}dr,72.81677304391657
Penicillin G,CC1(C)S[C@H]2[C@@H](NC(=O)Cc3ccccc3)C(=O)N2[C@@H]1C(=O)O,-5.8697934,O=C(O)[C@@H]1C(C)(C)S[C@@H]2N1C(=O)[C@@H]2NC(Cc1ccccc1)=O,AAr{A}E{A*Q}s{A**Q}{DA{~B}Aataaaaat}A{~B}Ds{A**Q}rA{~B}B,55.524547975315386
BVaraU,O=c1[nH]c(=O)n([C@H]2O[C@@H](CO)[C@H](O)[C@H]2O)cc1/C=C/Br,-5.3989701,C([C@@H]1O[C@H](n2cc(/C=C/Br)c(=O)[nH]c2=O)[C@H](O)[C@H]1O)O,B~ar{dQ}a{~B}d{{A*Q}sB{A**Q}{AB}{A*Q}{B}{A*Q}sB}aar|A~A|Y,44.44635320252455
Glutamine,NC(=O)CC[C@H](N)C(=O)O,-6.0702906,N[C@@H](CCC(=O)N)C(O)=O,DA{~B}AA{A*Q}{D}A{~B}B,60.24212892978216
LY334370,CN1CCC(c2c[nH]c3ccc(NC(=O)c4ccc(F)cc4)cc23)CC1,-5.3211966,Fc1ccc(C(=O)Nc2cc3c(C4CCN(C)CC4)c[nH]c3cc2)cc1,ADrAAA{asa{dQ}ataaa{DA{~B}auaaa{G}aau}aast}AAr,42.6163885827582
Dexamethasone-?-D-glucoside,C[C@@H]1C[C@H]2[C@@H]3CCC4=CC(=O)C=C[C@]4(C)[C@@]3(F)[C@@H](O)C[C@]2(C)[C@@]1(O)C(=O)COC1O[C@@H](CO)[C@H](O)[C@@H](O)[C@@H]1O,-6.3982739,[C@@H]12CCC3=CC(=O)C=C[C@]3(C)[C@@]1(F)[C@@H](O)C[C@@]1(C)[C@H]2C[C@@H](C)[C@@]1(C(COC1[C@@H](O)[C@H](O)[C@@H](O)[C@H](CO)O1)=O)O,A{A**Q}rA{A*Q}s{A**Q}tAAAu~AA{~B}A~A{A*}u{A}{A**}t{G}{A**Q}{B}A{A*}s{A}{A**}r{B}A{~B}ABArB{A**Q}{AB}{A*Q}{B}{A**Q}{B}{A**Q}rB,67.95938268426434
Lactulose,OC[C@@H]1O[C@@](O)(CO)[C@H](O)[C@H]1O[C@@H]1O[C@H](CO)[C@H](O)[C@H](O)[C@H]1O,-6.5364394,O[C@@]1(CO)O[C@@H](CO)[C@H](O[C@@H]2O[C@H](CO)[C@H](O)[C@H](O)[C@H]2O)[C@H]1O,BA{A**Q}rB{A**}{B}{AB}{A*Q}{B}{A*Q}rB{A**Q}rB{A*Q}{AB}{A*Q}{B}{A*Q}{B}{A*Q}rB,71.21033547245479
PNU 200603,N=C(N)c1ccc2nc(-c3ccccn3)[nH]c2c1,-6.4579659000000005,c12cc(C(N)=N)ccc1nc(-c1ccccn1)[nH]2,D~A{D}araaasda{_ataaaadt}{dQ}asar,69.36390026522824
L-alanine,C[C@H](N)C(=O)O,-5.4201083,C([C@@H](N)C)(=O)O,A{A*Q}{D}A{~B}B,44.94372259088364
Tiotidine,C/N=C(\NC#N)NCCSCc1csc(N=C(N)N)n1,-5.6587887000000014,c1(N=C(N)N)scc(CSCCN/C(NC#N)=N/C)n1,A|D~A{!DA^D}DAAEAaraea{D~A{D}D}dr,50.5597317383656
Glycylsarcosine,CN(CC(=O)O)C(=O)CN,-4.9000001,C(CN)(=O)N(C)CC(O)=O,AD{AA{~B}B}A{~B}AD,32.705883166781966
MEN15596,Cc1ccc2cc(C(=O)NC3(C(=O)N[C@H](Cc4ccccc4)C(=O)NCC4CCN(CC5CCOCC5)CC4)CCCC3)sc2c1,-5.291214900000001,c1c(C[C@H](C(NCC2CCN(CC3CCOCC3)CC2)=O)NC(=O)C2(NC(c3sc4c(c3)ccc(C)c4)=O)CCCC2)cccc1,Aaraaasaa{A{~B}DAt{A{~B}D{A*Q}{Aauaaaaau}A{~B}DAAuAAD{AAvAABAAv}AAu}AAAAt}easar,41.91093685125005
9-Nitrocamptothecin (9-NC),CC[C@@]1(O)C(=O)OCc2c1cc1n(c2=O)Cc2cc3c(N(O)O)cccc3nc2-1,-5.198543099999998,c1cc2nc3c(cc2c(N(O)O)c1)Cn1c(=O)c2c(cc1-3)[C@@](O)(CC)C(=O)OC2,AA{A**}r{B}A{~B}BAasaraard{as~B}Aasaata{D{B}B}aaaatdas_r,39.73042401268589
H 95/71,CC(C)NCC(O)COc1ccc(NC=O)cc1,-5.4279842,N(c1ccc(OCC(CNC(C)C)O)cc1)C=O,AA{A}DAA{B}ABaraaa{DA~B}aar,45.12903787628057
H 244/45,CCC(=O)Nc1ccc(OCC(O)CNC(C)C)cc1,-5.2198415,c1(OCC(CNC(C)C)O)ccc(NC(=O)CC)cc1,AAA{~B}Daraaa{BAA{B}ADA{A}A}aar,40.23156281263235
Oxacillin,Cc1onc(-c2ccccc2)c1C(=O)N[C@@H]1C(=O)N2[C@@H](C(=O)O)C(C)(C)S[C@H]12,-4.879711599999999,c1ccc(-c2noc(C)c2C(N[C@@H]2C(=O)N3[C@@H]2SC(C)(C)[C@@H]3C(O)=O)=O)cc1,Aarbda{_asaaaaas}arA{~B}D{A**Q}rA{~B}Ds{A**Q}{A{~B}B}A{A}{A}E{A*Q}rs,32.228506718658494
Cyclo(-PFwKTF-) (1),C[C@@H](O)[C@@H]1NC(=O)[C@H](CCCCN)NC(=O)[C@@H](Cc2c[nH]c3ccccc23)NC(=O)[C@H](Cc2ccccc2)NC(=O)[C@@H]2CCCN2C(=O)[C@H](Cc2ccccc2)NC1=O,-6.2209244,c1c(C[C@@H]2C(=O)N[C@@H](CCCCN)C(=O)N[C@@H]([C@H](O)C)C(=O)N[C@@H](Cc3ccccc3)C(=O)N3[C@H](C(=O)N[C@@H](Cc4ccccc4)C(=O)N2)CCC3)c2c([nH]1)cccc2,A{A**Q}{B}{A**Q}rDA{~B}{A*Q}{AAAAD}DA{~B}{A**Q}{Aasa{dQ}ataaaaast}DA{~B}{A*Q}{Aasaaaaas}DA{~B}{A**Q}sAAADsA{~B}{A*Q}{Aasaaaaas}DAr~B,63.786453468872786
Cyclo(-PFwKTMeF-) (3),C[C@@H](O)[C@@H]1NC(=O)[C@H](CCCCN)NC(=O)[C@@H](Cc2c[nH]c3ccccc23)NC(=O)[C@H](Cc2ccccc2)NC(=O)[C@@H]2CCCN2C(=O)[C@H](Cc2ccccc2)N(C)C1=O,-6.3005152,N1[C@@H](Cc2ccccc2)C(=O)N[C@H](Cc2c[nH]c3ccccc23)C(=O)N[C@@H](CCCCN)C(=O)N[C@@H]([C@@H](C)O)C(=O)N(C)[C@@H](Cc2ccccc2)C(=O)N2CCC[C@H]2C1=O,A{A**Q}{B}{A**Q}rDA{~B}{A*Q}{AAAAD}DA{~B}{A**Q}{Aasa{dQ}ataaaaast}DA{~B}{A*Q}{Aasaaaaas}DA{~B}{A**Q}sAAADsA{~B}{A*Q}{Aasaaaaas}D{A}Ar~B,65.65917808662691
Cyclo(-PFMewKTF-) (4),C[C@@H](O)[C@@H]1NC(=O)[C@H](CCCCN)NC(=O)[C@@H](Cc2c[nH]c3ccccc23)N(C)C(=O)[C@H](Cc2ccccc2)NC(=O)[C@@H]2CCCN2C(=O)[C@H](Cc2ccccc2)NC1=O,-6.3989701,C1(=O)N[C@@H](Cc2ccccc2)C(=O)N2[C@H](C(=O)N[C@@H](Cc3ccccc3)C(=O)N(C)[C@H](Cc3c4ccccc4[nH]c3)C(=O)N[C@@H](CCCCN)C(=O)N[C@H]1[C@@H](C)O)CCC2,A{A**Q}{B}{A**Q}rDA{~B}{A*Q}{AAAAD}DA{~B}{A**Q}{Aasa{dQ}ataaaaast}D{A}A{~B}{A*Q}{Aasaaaaas}DA{~B}{A**Q}sAAADsA{~B}{A*Q}{Aasaaaaas}DAr~B,67.97576385996403
Cyclo(-PFMewMeKTF-) (6),C[C@@H](O)[C@@H]1NC(=O)[C@H](CCCCN)N(C)C(=O)[C@@H](Cc2c[nH]c3ccccc23)N(C)C(=O)[C@H](Cc2ccccc2)NC(=O)[C@@H]2CCCN2C(=O)[C@H](Cc2ccccc2)NC1=O,-6.742363900000001,CN1[C@@H](CCCCN)C(=O)N[C@@H]([C@H](O)C)C(=O)N[C@@H](Cc2ccccc2)C(=O)N2[C@@H](CCC2)C(=O)N[C@@H](Cc2ccccc2)C(=O)N(C)[C@H](Cc2c3ccccc3[nH]c2)C1=O,A{A**Q}{B}{A**Q}rDA{~B}{A*Q}{AAAAD}D{A}A{~B}{A**Q}{Aasa{dQ}ataaaaast}D{A}A{~B}{A*Q}{Aasaaaaas}DA{~B}{A**Q}sAAADsA{~B}{A*Q}{Aasaaaaas}DAr~B,76.0556175973827
Ac-D-phe-NH2,CC(=O)N[C@@H](Cc1ccccc1)C(N)=O,-5.10009,[C@H](NC(C)=O)(Cc1ccccc1)C(=O)N,AA{~B}D{A**Q}{Aaraaaaar}A{D}~B,37.413880592287974
Ac-D-phe2-NH2,CC(=O)N[C@@H](Cc1ccccc1)C(=O)N[C@H](Cc1ccccc1)C(N)=O,-5.6994848,c1ccccc1C[C@H](NC(C)=O)C(N[C@H](Cc1ccccc1)C(N)=O)=O,AA{~B}D{A**Q}{Aaraaaaar}A{~B}D{A*Q}{Aaraaaaar}A{D}~B,51.51728698742178
Ac-D-phe2-(NMe-D-phe)-NH2,CC(=O)N[C@@H](Cc1ccccc1)C(=O)N[C@H](Cc1ccccc1)C(=O)N(C)[C@@H](Cc1ccccc1)C(N)=O,-5.3484769,O=C(N([C@@H](Cc1ccccc1)C(N)=O)C)[C@@H](Cc1ccccc1)NC([C@H](Cc1ccccc1)NC(=O)C)=O,AA{~B}D{A**Q}{Aaraaaaar}A{~B}D{A*Q}{Aaraaaaar}A{~B}D{A}{A**Q}{Aaraaaaar}A{D}~B,43.25827796431633
Ac-D-phe-(NMe-D-phe)2-NH2 {[14C]-Acf(N-Mef)2NH2 },CC(=O)N[C@@H](Cc1ccccc1)C(=O)N(C)[C@H](Cc1ccccc1)C(=O)N(C)[C@@H](Cc1ccccc1)C(N)=O,-4.922927400000002,c1(C[C@H](NC(=O)C)C(=O)N([C@@H](C(=O)N(C)[C@H](C(=O)N)Cc2ccccc2)Cc2ccccc2)C)ccccc1,AA{~B}D{A**Q}{Aaraaaaar}A{~B}D{A}{A*Q}{Aaraaaaar}A{~B}D{A}{A**Q}{Aaraaaaar}A{D}~B,33.24534902374832
Ac-(NMe-D-phe)3-NH2,CC(=O)N(C)[C@@H](Cc1ccccc1)C(=O)N(C)[C@H](Cc1ccccc1)C(=O)N(C)[C@@H](Cc1ccccc1)C(N)=O,-4.6937804000000005,[C@H](N(C(=O)[C@H](Cc1ccccc1)N(C)C(=O)C)C)(C(N([C@@H](Cc1ccccc1)C(=O)N)C)=O)Cc1ccccc1,AA{~B}D{A}{A**Q}{Aaraaaaar}A{~B}D{A}{A*Q}{Aaraaaaar}A{~B}D{A}{A**Q}{Aaraaaaar}A{D}~B,27.853655159828005
Ac-(NMe-D-phe)3-NHMe,CNC(=O)[C@H](Cc1ccccc1)N(C)C(=O)[C@@H](Cc1ccccc1)N(C)C(=O)[C@H](Cc1ccccc1)N(C)C(C)=O,-4.494889700000001,c1cccc(C[C@H](N(C([C@H](N(C([C@H](Cc2ccccc2)N(C(C)=O)C)=O)C)Cc2ccccc2)=O)C)C(=O)NC)c1,ADA{~B}{A*Q}{Aaraaaaar}D{A}A{~B}{A**Q}{Aaraaaaar}D{A}A{~B}{A*Q}{Aaraaaaar}D{A}A{A}~B,23.17387420358241
BMS 189664,CS(=O)(=O)N[C@H](Cc1ccccc1)C(=O)N1CCC[C@H]1C(=O)NCC1CCN(C(=N)N)CC1,-6.561124799999999,O=S(=O)(N[C@H](Cc1ccccc1)C(=O)N1[C@H](C(=O)NCC2CCN(C(N)=N)CC2)CCC1)C,AE{~B}{~B}D{A*Q}{Aaraaaaar}A{~B}DrAAA{A*Q}rA{~B}DAArAAD{A{~D}D}AAr,71.79116838629794
PNU200969__8,CCOC(=O)NC(=N)c1ccc2nc(Cc3nc4ccccc4[nH]3)[nH]c2c1,-6.152451,c1(C(=N)NC(OCC)=O)cc2c(nc(Cc3nc4c(cccc4)[nH]3)[nH]2)cc1,AABA{~B}DA{~D}araaasda{Aatdauaaaaau{dQ}t}{dQ}asar,62.17531472116166
PNU-93936A,CC(=O)NCC1CN(c2cc(F)c(-c3ccncc3)c(F)c2)C(=O)O1,-4.29,c1c(-c2c(F)cc(N3C(=O)OC(CNC(C)=O)C3)cc2F)ccnc1,AA{~B}DAArAD{asaa{G}a{_ataadaat}a{G}as}A{~B}Br,18.35294031280281
PNU-100766,CC(=O)NC[C@H]1CN(c2ccc(N3CCOCC3)c(F)c2)C(=O)O1,-4.6788902000000006,N(C(C)=O)C[C@H]1CN(c2cc(F)c(N3CCOCC3)cc2)C(=O)O1,AA{~B}DA{A*Q}rAD{asaaa{DtAABAAt}a{G}as}A{~B}Br,27.5032975292566
PNU-184435,CC(=S)NC[C@H]1CN(c2ccc(N3CCCS(=O)CC3)c(F)c2)C(=O)O1,-5.338621099999999,C1S(=O)CCN(c2c(F)cc(N3C[C@H](CNC(=S)C)OC3=O)cc2)CC1,AA{~E}DA{A*Q}rAD{asaaa{DtAAAE{~B}AAt}a{G}as}A{~B}Br,43.02637679875872
PNU-184249,CCC(=S)NC[C@H]1CN(c2ccc(N3CCN(C=O)CC3)c(F)c2)C(=O)O1,-4.4579659000000005,N1(c2ccc(N3C(=O)O[C@@H](CNC(CC)=S)C3)cc2F)CCN(C=O)CC1,AAA{~E}DA{A*Q}rAD{asaaa{DtAAD{A~B}AAt}a{G}as}A{~B}Br,22.305078950349237
PNU-184148,O=C(CO)N1CCN(c2ccc(N3C[C@H](CNC(=S)C4CC4)OC3=O)cc2F)CC1,-4.4308991,O=C1N(c2ccc(N3CCN(C(=O)CO)CC3)c(F)c2)C[C@H](CNC(=S)C2CC2)O1,B~A{AB}DrAAD{asaaa{DtA{A*Q}{ADA{~E}AuAAu}BAt~B}aasG}AAr,21.668213097966454
PNU-184147,CCC(=S)NC[C@H]1CN(c2ccc(N3CCN(C(=O)CO)CC3)c(F)c2)C(=O)O1,-4.7423639,C(O)C(N1CCN(c2c(F)cc(N3C(=O)O[C@@H](CNC(CC)=S)C3)cc2)CC1)=O,AAA{~E}DA{A*Q}rAD{asaaa{DtAAD{A{~B}AB}AAt}a{G}as}A{~B}Br,28.996796282503706
PNU-184421,CC(=O)NC[C@H]1CN(c2ccc(-c3ccc(C#N)nc3)c(F)c2)C(=O)O1,-4.3783755,c1(-c2ccc(N3C(=O)O[C@@H](CNC(C)=O)C3)cc2F)cnc(C#N)cc1,AA{~B}DA{A*Q}rAD{asaaa{_ataaa{A^D}dat}a{G}as}A{~B}Br,20.43236374435935
PNU-184470,CC(=S)NC[C@H]1CN(c2ccc(N3CCCS(=O)(=O)CC3)c(F)c2)C(=O)O1,-4.6391363,CC(NC[C@H]1CN(c2cc(F)c(N3CCCS(=O)(=O)CC3)cc2)C(=O)O1)=S,AA{~E}DA{A*Q}rAD{asaaa{DtAAAE{~B}{~B}AAt}a{G}as}A{~B}Br,26.567911690921797
PNU-179962,CC(=O)NC[C@H]1CN(c2ccc(-c3nnc(CC/C(C)=N\O)s3)c(F)c2)C(=O)O1,-5.250906,C(/C(C)=N\O)Cc1sc(-c2ccc(N3C[C@H](CNC(=O)C)OC3=O)cc2F)nn1,AA{~B}DA{A*Q}rAD{asaaa{_atdda{AA|A{A}~D!B}et}a{G}as}A{~B}Br,40.96249219000036
PNU-179399,NC(=S)NC[C@H]1CN(c2ccc(C3CCS(=O)(=O)CC3)c(F)c2)C(=O)O1,-5.8880281,S=C(NC[C@@H]1OC(=O)N(c2ccc(C3CCS(=O)(=O)CC3)c(F)c2)C1)N,DA{~E}DA{A*Q}rAD{asaaa{AtAAE{~B}{~B}AAt}a{G}as}A{~B}Br,55.95359971983059
"NK1NK2 analogue 105 (MDL 105,212)",COc1cc(C(=O)N2CC[C@](CCN3CCC(C(N)=O)(c4ccccc4)CC3)(c3ccc(Cl)c(Cl)c3)C2)cc(OC)c1OC,-5.4105153,c1c(C2(C(N)=O)CCN(CC[C@@]3(c4cc(Cl)c(Cl)cc4)CN(C(=O)c4cc(OC)c(OC)c(OC)c4)CC3)CC2)cccc1,ABaraa{A{~B}DsAA{A*}{AADtAAA{A{D}~B}{auaaaaau}AAt}{ataaa{Z}a{Z}at}As}aa{BA}arBA,44.71800495444683
NK1NK2 analogue 212 (15d),COc1cc(C(=O)N2CC[C@](CCN3CCC(C(=O)N4CCOCC4)(c4ccccc4)CC3)(c3ccc(Cl)c(Cl)c3)C2)cc(OC)c1OC,-5.0814137000000015,C1(C(=O)N2CCOCC2)(c2ccccc2)CCN(CC[C@@]2(c3ccc(Cl)c(Cl)c3)CN(C(=O)c3cc(OC)c(OC)c(OC)c3)CC2)CC1,ABaraa{A{~B}DsAA{A*}{AADtAAA{A{~B}DuAABAAu}{auaaaaau}AAt}{ataaa{Z}a{Z}at}As}aa{BA}arBA,36.97443826002647
366094,CNC(=O)C(c1ccc2nc(N)n(C(C)C)c2c1)c1cccc(F)c1F,-5.0,Nc1nc2ccc(C(C(=O)NC)c3c(F)c(F)ccc3)cc2n1C(C)C,ADA{~B}A{araaasda{D}d{A{A}A}asar}araaaa{G}arG,35.058821879584855
"EI analogue 101 (MDL 101,146)",CC(C)C(NC(=O)[C@@H]1CCCN1C(=O)[C@@H](NC(=O)c1ccc(C(=O)N2CCOCC2)cc1)C(C)C)C(=O)C(F)(F)C(F)(F)F,-5.098455,CC(C(C(=O)C(F)(F)C(F)(F)F)NC([C@@H]1CCCN1C(=O)[C@H](C(C)C)NC(c1ccc(C(=O)N2CCOCC2)cc1)=O)=O)C,AA{A}A{DA{~B}{A**Q}rAAADrA{~B}{A**Q}{DA{~B}araaa{A{~B}DsAABAAs}aar}A{A}A}A{~B}A{G}{G}A{G}{G}G,37.375410005863074
354400,CC(C)NS(=O)(=O)n1c(N)nc2ccc(C(C(N)=O)c3cc(F)ccc3F)cc21,-4.5388007,O=S(n1c2cc(C(C(N)=O)c3cc(F)ccc3F)ccc2nc1N)(NC(C)C)=O,AA{A}DE{~B}{~B}dra{D}dasaaa{A{A{D}~B}ataa{G}aaatG}aasr,24.207074154961226
"EI analogue 102 (MDL 102,111)",CC(C)C(NC(=O)[C@@H]1CCCN1C(=O)[C@@H](NC(=O)N1CCOCC1)C(C)C)C(=O)C(F)(F)C(F)(F)F,-4.517849900000001,C1COCCN1C(N[C@H](C(=O)N1CCC[C@H]1C(NC(C(C(C(F)(F)F)(F)F)=O)C(C)C)=O)C(C)C)=O,AA{A}A{DA{~B}{A**Q}rAAADrA{~B}{A**Q}{DA{~B}DrAABAAr}A{A}A}A{~B}A{G}{G}A{G}{G}G,23.714114178159353
368177,CNC(=O)C(c1ccc2nc(N)n(C3CCCC3)c2c1)c1ccccc1F,-4.907450700000001,c1c2c(n(C3CCCC3)c(N)n2)cc(C(C(=O)NC)c2c(F)cccc2)c1,ADA{~B}A{araaasda{D}d{AtAAAAt}asar}araaaaarG,32.881191393826306
Thiamin (Vitamin B1),Cc1ncc(C[n+]2csc(CCO)c2C)c(N)n1,-5.2685814,Cc1c(CCO)sc[n+]1Cc1c(N)nc(C)nc1,Aardaa{A{d%}saea{AAB}asA}a{D}dr,41.37838393513488
6MAQH (W2),O=C(CS)NCCCCCC(=O)Nc1cccc2cccnc12,-4.8496218,O=C(NCCCCCC(Nc1cccc2cccnc12)=O)CS,B~A{AE}DAAAAAA{~B}Daraaaasaaadars,31.520511457858298
Bicyclol,COC(=O)c1cc(OC)c2c(c1-c1c(CO)cc(OC)c3c1OCO3)OCO2,-4.7979398,O1COc2c1c(-c1c3c(c(OC)cc1C(=O)OC)OCO3)c(CO)cc2OC,ABA{~B}araa{BA}asa{ar_ara{AB}aa{BA}atarBABt}BABs,30.3044644562605
5'-L-phenylalanyl-floxuridine,NC(Cc1ccccc1)C(=O)OC[C@@H]1O[C@H](n2cc(F)c(=O)[nH]c2=O)C[C@H]1O,-5.3891382000000005,C(N)(C(=O)OC[C@H]1[C@H](O)C[C@@H](n2c(=O)[nH]c(=O)c(F)c2)O1)Cc1ccccc1,DA{Aaraaaaar}A{~B}BA{A**Q}rB{A*Q}{dsaa{G}a{~B}{dQ}as~B}A{A*Q}rB,44.21501438988169
5'-L-isoleucyl-floxuridine,CCC(C)C(N)C(=O)OC[C@@H]1O[C@H](n2cc(F)c(=O)[nH]c2=O)C[C@H]1O,-5.5908804000000005,Fc1c(=O)[nH]c(=O)n([C@H]2O[C@@H](COC(=O)C(C(CC)C)N)[C@H](O)C2)c1,AAA{A}A{D}A{~B}BA{A**Q}rB{A*Q}{dsaa{G}a{~B}{dQ}as~B}A{A*Q}rB,48.96188946061697
5'-L-valyl-L-phenylalanyl-floxuridine,CC(C)C(N)C(=O)NC(Cc1ccccc1)C(=O)OC[C@@H]1O[C@H](n2cc(F)c(=O)[nH]c2=O)C[C@H]1O,-6.080461,C1[C@@H](n2cc(F)c(=O)[nH]c2=O)O[C@@H](COC(C(Cc2ccccc2)NC(C(N)C(C)C)=O)=O)[C@@H]1O,AA{A}A{D}A{~B}DA{Aaraaaaar}A{~B}BA{A**Q}rB{A*Q}{dsaa{G}a{~B}{dQ}as~B}A{A*Q}rB,60.481432447932576
5'-L-leucyl-L-glycyl-floxuridine,CC(C)CC(N)C(=O)NCC(=O)OC[C@@H]1O[C@H](n2cc(F)c(=O)[nH]c2=O)C[C@H]1O,-5.4206805000000005,C(C)(C)CC(C(NCC(OC[C@@H]1O[C@H](n2c(=O)[nH]c(=O)c(F)c2)C[C@H]1O)=O)=O)N,AA{A}AA{D}A{~B}DAA{~B}BA{A**Q}rB{A*Q}{dsaa{G}a{~B}{dQ}as~B}A{A*Q}rB,44.957186119661834
Tanshinol (TSL),O=C(O)C(O)Cc1ccc(O)c(O)c1,-5.9118199,C(c1cc(O)c(O)cc1)C(C(=O)O)O,B~A{B}A{B}Aaraaa{B}a{B}ar,56.513406752310274
Salvianolic acid A (SAA),O=C(/C=C/c1ccc(O)c(O)c1/C=C/c1ccc(O)c(O)c1)OC(Cc1ccc(O)c(O)c1)C(=O)O,-7.2277412,c1c(O)c(O)cc(/C=C/c2c(O)c(O)ccc2/C=C/C(OC(Cc2cc(O)c(O)cc2)C(O)=O)=O)c1,B~A{|A~A|araaa{B}a{B}ar|A~A|araaa{B}a{B}ar}BA{Aaraaa{B}a{B}ar}A{~B}B,87.47625941288189
Salvianolic acid D (SAD),O=C(O)Cc1c(/C=C/C(=O)OC(Cc2ccc(O)c(O)c2)C(=O)O)ccc(O)c1O,-7.179570699999998,c1(O)ccc(/C=C/C(=O)OC(C(=O)O)Cc2ccc(O)c(O)c2)c(CC(=O)O)c1O,B~A{B}Aara{|A~A|A{~B}BA{Aasaaa{B}a{B}as}A{~B}B}aaa{B}arB,86.34283593680767
Lithospermic acid (LSA),O=C(/C=C/c1ccc(O)c2c1C(C(=O)O)C(c1ccc(O)c(O)c1)O2)OC(Cc1ccc(O)c(O)c1)C(=O)O,-7.0891552,c1(O)c(O)cc(C2C(C(O)=O)c3c(/C=C/C(OC(C(=O)O)Cc4ccc(O)c(O)c4)=O)ccc(O)c3O2)cc1,B~A{|A~A|araaa{B}asarA{A{~B}B}A{araaa{B}a{B}ar}Bs}BA{Aaraaa{B}a{B}ar}A{~B}B,84.21541250751001
14,CCCCCCC(N)C(=O)N[C@@H](Cc1c(C)cc(O)cc1C)C(=O)N1CCC[C@@H]1C(=O)N[C@@H](Cc1c[nH]c2ccccc12)C(=O)N[C@@H](Cc1ccccc1)C(N)=O,-6.222376799999998,c1cc2c([nH]cc2C[C@H](NC([C@H]2CCCN2C([C@@H](NC(=O)C(N)CCCCCC)Cc2c(C)cc(O)cc2C)=O)=O)C(N[C@@H](Cc2ccccc2)C(=O)N)=O)cc1,AAAAAAA{D}A{~B}D{A**Q}{Aara{A}aa{B}aarA}A{~B}DrAAA{A**Q}rA{~B}D{A**Q}{Aara{dQ}asaaaaars}A{~B}D{A**Q}{Aaraaaaar}A{D}~B,63.8206275849116
Epimedin A,COc1ccc(-c2oc3c(CC=C(C)C)c(O[C@@H]4O[C@H](CO)[C@@H](O)[C@H](O)[C@H]4O)ccc3c(=O)c2O[C@@H]2O[C@H](CO)[C@@H](O)[C@H](O)[C@H]2O[C@@H]2O[C@@H](C)[C@H](O)[C@@H](O)[C@H]2O)cc1,-6.4910722000000005,c1(CC=C(C)C)c(O[C@H]2[C@H](O)[C@@H](O)[C@H](O)[C@@H](CO)O2)ccc2c(=O)c(O[C@@H]3O[C@H](CO)[C@@H](O)[C@H](O)[C@H]3O[C@@H]3O[C@@H](C)[C@H](O)[C@@H](O)[C@H]3O)c(-c3ccc(OC)cc3)oc12,ABaraaa{_asbata{AA~A{A}A}a{B{A**Q}uB{A*Q}{AB}{A**Q}{B}{A*Q}{B}{A*Q}uB}aaata{~B}asB{A**Q}sB{A*Q}{AB}{A**Q}{B}{A*Q}{B}{A*Q}sB{A**Q}sB{A**Q}{A}{A*Q}{B}{A**Q}{B}{A*Q}sB}aar,70.14287199327663
Epimedin B,COc1ccc(-c2oc3c(CC=C(C)C)c(O[C@@H]4O[C@H](CO)[C@@H](O)[C@H](O)[C@H]4O)cc(O)c3c(=O)c2O[C@H]2O[C@H](C)[C@@H](O)[C@H](O)[C@@H]2O[C@H]2OC[C@H](O)[C@@H](O)[C@@H]2O)cc1,-6.5595455000000005,CC(C)=CCc1c(O[C@@H]2O[C@H](CO)[C@@H](O)[C@H](O)[C@H]2O)cc(O)c2c1oc(-c1ccc(OC)cc1)c(O[C@H]1O[C@H](C)[C@@H](O)[C@H](O)[C@@H]1O[C@@H]1[C@@H](O)[C@H](O)[C@@H](O)CO1)c2=O,ABaraaa{_asbata{AA~A{A}A}a{B{A**Q}uB{A*Q}{AB}{A**Q}{B}{A*Q}{B}{A*Q}uB}aa{B}ata{~B}asB{A*Q}sB{A*Q}{A}{A**Q}{B}{A*Q}{B}{A**Q}sB{A*Q}sBA{A*Q}{B}{A**Q}{B}{A**Q}sB}aar,71.75400838804667
Icariin,COc1ccc(-c2oc3c(CC=C(C)C)c(O[C@@H]4O[C@H](CO)[C@@H](O)[C@H](O)[C@H]4O)cc(O)c3c(=O)c2O[C@H]2O[C@H](C)[C@@H](O)[C@H](O)[C@@H]2O)cc1,-6.2292061,O([C@@H]1[C@@H](O)[C@@H](O)[C@H](O)[C@@H](C)O1)c1c(=O)c2c(oc1-c1ccc(OC)cc1)c(CC=C(C)C)c(O[C@@H]1O[C@H](CO)[C@@H](O)[C@H](O)[C@H]1O)cc2O,ABaraaa{_asbata{AA~A{A}A}a{B{A**Q}uB{A*Q}{AB}{A**Q}{B}{A*Q}{B}{A*Q}uB}aa{B}ata{~B}asB{A*Q}sB{A*Q}{A}{A**Q}{B}{A*Q}{B}{A**Q}sB}aar,63.98131698911449
Baohuoside I,COc1ccc(-c2oc3c(CC=C(C)C)c(O)cc(O)c3c(=O)c2O[C@H]2O[C@H](C)[C@@H](O)[C@H](O)[C@@H]2O)cc1,-5.8378239,c1(=O)c(O[C@@H]2[C@@H](O)[C@@H](O)[C@H](O)[C@@H](C)O2)c(-c2ccc(OC)cc2)oc2c(CC=C(C)C)c(O)cc(O)c12,ABaraaa{_asbata{AA~A{A}A}a{B}aa{B}ata{~B}asB{A*Q}sB{A*Q}{A}{A**Q}{B}{A*Q}{B}{A**Q}sB}aar,54.77232448130238
Umbelliferone,O=c1ccc2ccc(O)cc2o1,-4.5710139000000005,c1c(O)ccc2ccc(=O)oc12,B~araaasaaa{B}aasbr,24.96503176635146
Angelol-A,C/C=C(/C)C(=O)O[C@H](c1cc2ccc(=O)oc2cc1OC)[C@H](O)C(C)(C)O,-4.8123703,o1c2cc(OC)c([C@H]([C@@H](C(O)(C)C)O)OC(/C(C)=C\C)=O)cc2ccc1=O,A|A~A{|A}A{~B}B{A*Q}{araasaaa{~B}basaarBA}{A*Q}{B}A{A}{A}B,30.644005616752686
Angelol-B,C/C=C(/C)C(=O)O[C@@H]([C@@H](O)c1cc2ccc(=O)oc2cc1OC)C(C)(C)O,-4.8499289,O=c1ccc2c(cc(OC)c([C@@H]([C@H](OC(/C(=C\C)C)=O)C(O)(C)C)O)c2)o1,A|A~A{|A}A{~B}B{A**Q}{{A**Q}{B}araasaaa{~B}basaarBA}A{A}{A}B,31.52773733987119
"8-Hydroxy-pentadeca-(9E,13Z)-dien-11-yn-2-one (2)",C/C=C\C#C/C=C/C(O)CCCCCC(C)=O,-4.3099017,C(CC(O)/C=C/C#C/C=C\C)CCCC(=O)C,A|A~A!A^A|A~A|A{B}AAAAAA{A}~B,18.821215584883976
"Pentadeca-(8Z,13Z)dien-11-yn-2-one (5)",C/C=C\C#CC/C=C\CCCCCC(C)=O,-5.0,C(#CC/C=C\CCCCCC(=O)C)/C=C\C,A|A~A!A^AA|A~A!AAAAAA{A}~B,35.058821879584855
"Tetradec-(8Z)-ene-11,13-diyn-2-one (6)",C#CC#CC/C=C\CCCCCC(C)=O,-4.492425,C(/C=C\CC#CC#C)CCCCC(C)=O,A^AA^AA|A~A!AAAAAA{A}~B,23.115881265135
SB639,O=C(/C=C/c1ccc2c(c1)nc(CCc1ccccc1)n2CCN1CCCC1)NO,-5.5207167,c12n(CCN3CCCC3)c(CCc3ccccc3)nc1cc(/C=C/C(NO)=O)cc2,B~A{|A~A|araaasa{ar}da{AAaraaaaar}dsAADrAAAAr}DB,47.310978950071586
PB-26,Cn1cncc1CN1CC(N(Cc2cccc(-n3cccc3)c2)S(=O)(=O)c2ccccn2)Cc2cc(C#N)ccc21,-5.6391363,n1(C)cncc1CN1c2c(cc(C#N)cc2)CC(N(S(=O)(=O)c2ncccc2)Cc2cccc(-n3cccc3)c2)C1,AdradaarADrAA{D{Aasaaaa{_dtaaaat}as}E{~B}{~B}asaaaads}Aasaa{A^D}aaasr,50.09732234836129
PB-27,Cn1cncc1CN1CC(N(Cc2ccccn2)S(=O)(=O)c2ccccn2)Cc2cc(C#N)ccc21,-5.7979398,c1ccc(S(N(C2Cc3c(ccc(C#N)c3)N(Cc3n(C)cnc3)C2)Cc2ncccc2)(=O)=O)nc1,AdradaarADrAA{D{Aasaaaads}E{~B}{~B}asaaaads}Aasaa{A^D}aaasr,53.833875113699996
PB-104,CCOC(=O)N1CCC(CN(C2Cc3cc(C#N)ccc3N(Cc3cncn3C)C2)S(=O)(=O)c2ccccn2)CC1,-5.5875134000000015,N1(Cc2n(C)cnc2)CC(N(CC2CCN(C(=O)OCC)CC2)S(c2ccccn2)(=O)=O)Cc2cc(C#N)ccc21,AABA{~B}DrAAA{AD{AsAataa{A^D}aaatD{AatadadtA}As}E{~B}{~B}asaaaads}AAr,48.8826659349334
MEN14268,O=C(NC1(C(=O)N[C@@H](Cc2ccccc2)C(=O)NCCCN2CCOCC2)CCCC1)c1cc2ccccc2s1,-5.0478787,c1cc(C[C@H](NC(C2(NC(c3cc4ccccc4s3)=O)CCCC2)=O)C(=O)NCCCN2CCOCC2)ccc1,B~A{DAr{A{~B}D{A**Q}{Aasaaaaas}A{~B}DAAADsAABAAs}AAAAr}araasaaaaaser,36.185379473629204
MEN14732,O=C(NC1(C(=O)N[C@H](Cc2ccccc2)C(=O)NCCCN2CCOCC2)CCCC1)c1ccc(-c2ccccc2)cc1,-4.7399998,c1ccc(-c2ccc(C(NC3(C(=O)N[C@H](Cc4ccccc4)C(=O)NCCCN4CCOCC4)CCCC3)=O)cc2)cc1,B~A{DAr{A{~B}D{A*Q}{Aasaaaaas}A{~B}DAAADsAABAAs}AAAAr}araaa{_asaaaaas}aar,28.941170402768446
MEN14745,O=C(NC1(C(=O)N[C@H](Cc2ccccc2)C(=O)NCCCN2CCOCC2)CCCC1)c1cc2ccccc2o1,-5.2209244,C1C(NC(c2cc3c(cccc3)o2)=O)(C(=O)N[C@H](Cc2ccccc2)C(=O)NCCCN2CCOCC2)CCC1,B~A{DAr{A{~B}D{A*Q}{Aasaaaaas}A{~B}DAAADsAABAAs}AAAAr}araasaaaaasbr,40.25704281143329
MEN15353,O=C(NC1(C(=O)N[C@H](Cc2ccccc2)C(=O)NC2CCN(CC3CCOCC3)CC2)CCCC1)c1cc2ccccc2s1,-5.0700002,C1C(CN2CCC(NC([C@H](NC(=O)C3(NC(=O)c4cc5c(cccc5)s4)CCCC3)Cc3ccccc3)=O)CC2)CCOC1,B~A{DAr{A{~B}D{A*Q}{Aasaaaaas}A{~B}DAsAAD{AAtAABAAt}AAs}AAAAr}araasaaaaaser,36.70588533148774
MEN15366,O=C(NC1(C(=O)N[C@H](Cc2ccccc2)C(=O)NCCC2CCN(CC3CCOCC3)CC2)CCCC1)c1cc2ccccc2s1,-5.4094677,O=C(N[C@@H](C(=O)NCCC1CCN(CC2CCOCC2)CC1)Cc1ccccc1)C1(NC(c2cc3ccccc3s2)=O)CCCC1,B~A{DAr{A{~B}D{A*Q}{Aasaaaaas}A{~B}DAAAsAAD{AAtAABAAt}AAs}AAAAr}araasaaaaaser,44.6933555438421
MEN15716,CCN(CC)c1ccc2cc(C(=O)NC3(C(=O)N[C@H](Cc4ccccc4)C(=O)NCC4CCN(CC5CCOCC5)CC4)CCCC3)sc2c1,-4.997839,c1c2cc(C(=O)NC3(C(N[C@@H](C(=O)NCC4CCN(CC5CCOCC5)CC4)Cc4ccccc4)=O)CCCC3)sc2cc(N(CC)CC)c1,AAD{AA}araaasaa{A{~B}DAt{A{~B}D{A*Q}{Aauaaaaau}A{~B}DAAuAAD{AAvAABAAv}AAu}AAAAt}easar,35.00797482315413
-,O=C(O)c1ccncc1,-5.1900001,c1nccc(C(O)=O)c1,B~A{B}araadaar,39.52941225743942
-__9,Nc1cccnc1,-4.5380535,c1c(N)cccn1,Daraaadar,24.189492979317983
-__10,NC(=O)c1ccncc1,-4.2782722,n1ccc(C(N)=O)cc1,DA{~B}araadaar,18.07699209049449
-__11,Clc1ccncc1,-4.220202,c1cc(Cl)ccn1,Zaraadaar,16.710634507734838
-__12,OCc1ccncc1,-4.0902224,C(O)c1ccncc1,BAaraadaar,13.652291122245128
-__13,c1ccc(-c2ccncc2)cc1,-4.0680037,c1(-c2ccccc2)ccncc1,araaa{_asaadaas}aar,13.12949820567068
-__14,Nc1ccncc1,-4.0202255,c1cc(N)ccn1,Daraadaar,12.00530531739739
-__15,CCc1ccncc1,-3.9723473,n1ccc(CC)cc1,AAaraadaar,10.878759488058382
-__16,c1ccncc1,-3.9703081,c1ccccn1,araadaar,10.83077831384573
-__17,Cc1ccncc1,-3.9612868,c1cnccc1C,Aaraadaar,10.618512441481768
-__18,c1ccc(-c2cccnc2)cc1,-3.8880284,c1ccc(-c2ccccc2)cn1,araaa{_asaaadas}aar,8.894785463774806
4'-Cl BZT,CN1C2CC[C@@H]1CC(OC(c1ccccc1)c1ccc(Cl)cc1)C2,-4.9114642,c1cc(Cl)ccc1C(c1ccccc1)OC1C[C@H]2CCC(N2C)C1,ADrAsAA{A**Q}rAA{BA{araaaaar}araaa{Z}aar}As,32.975626683499925
"3',4''-diCl BZT",CN1C2CC[C@@H]1CC(OC(c1ccc(Cl)cc1)c1cccc(Cl)c1)C2,-5.5975828000000005,c1(C(c2ccc(Cl)cc2)OC2CC3N(C)[C@@H](C2)CC3)cccc(Cl)c1,ADrAsAA{A**Q}rAA{BA{araaa{Z}aar}araaaa{Z}ar}As,49.1195929826074
7-MF,COc1ccc2c(=O)cc(-c3ccccc3)oc2c1,-4.6479459,COc1cc2c(cc1)c(=O)cc(-c1ccccc1)o2,ABaraaasa{~B}aa{_ataaaaat}basar,26.77519638704958
"5,7-DMF",COc1cc(OC)c2c(=O)cc(-c3ccccc3)oc2c1,-4.6313224,c12c(OC)cc(OC)cc1oc(-c1ccccc1)cc2=O,ABaraa{BA}asa{~B}aa{_ataaaaat}basar,26.38405522898564
"5,7,4'-TMF",COc1ccc(-c2cc(=O)c3c(OC)cc(OC)cc3o2)cc1,-4.5595455000000005,O(c1cc2c(c(OC)c1)c(=O)cc(-c1ccc(OC)cc1)o2)C,ABaraaa{_asaa{~B}ata{BA}aa{BA}aatbs}aar,24.69518707316768
"7,4'-DHF",O=c1cc(-c2ccc(O)cc2)oc2cc(O)ccc12,-5.2123351,c1c(-c2oc3c(c(=O)c2)ccc(O)c3)ccc(O)c1,B~araa{_asaaa{B}aas}basaa{B}aaars,40.05494164447333
"Chrysin (5,7-DHF)",O=c1cc(-c2ccccc2)oc2cc(O)cc(O)c12,-5.0105972,c1ccccc1-c1oc2c(c(=O)c1)c(O)cc(O)c2,B~araa{_asaaaaas}basaa{B}aa{B}ars,35.30816775020388
"Apigenin (5,7,4'-THF)",O=c1cc(-c2ccc(O)cc2)oc2cc(O)cc(O)c12,-4.9821801,c1c2c(c(=O)cc(-c3ccc(O)cc3)o2)c(O)cc1O,B~araa{_asaaa{B}aas}basaa{B}aa{B}ars,34.63953013461035
12d,Cn1cnc(S(=O)(=O)N(CCN(Cc2cncn2C)c2ccc(C#N)cc2)Cc2ccccc2)c1,-5.9593034000000005,c1cc(C#N)ccc1N(Cc1n(C)cnc1)CCN(Cc1ccccc1)S(=O)(c1cn(C)cn1)=O,Adrada{E{~B}{~B}D{AAD{AasadadsA}asaaa{A^D}aas}Aasaaaaas}ar,57.630665523262806
12q,Cn1cnc(S(=O)(=O)N(CCN(Cc2cncn2C)c2ccc(C#N)cc2)CC2CCCCC2)c1,-5.8219547,C(C1CCCCC1)N(CCN(Cc1cncn1C)c1ccc(C#N)cc1)S(=O)(c1ncn(C)c1)=O,Adrada{E{~B}{~B}D{AAD{AasadadsA}asaaa{A^D}aas}AAsAAAAAs}ar,54.39893155769734
Biotin-Saquinavir,CC(C)(C)NC(=O)[C@@H]1CC2CCCCC2CN1CC(OC(=O)CCCCC1SCC2NC(=O)NC21)[C@H](Cc1ccccc1)NC(=O)[C@H](CC(N)=O)NC(=O)c1ccc2ccccc2n1,-6.4094677,C1(CCCCC(=O)OC([C@@H](NC([C@H](CC(=O)N)NC(c2ccc3c(cccc3)n2)=O)=O)Cc2ccccc2)CN2[C@H](C(NC(C)(C)C)=O)CC3C(C2)CCCC3)SCC2NC(=O)NC12,AA{A}{A}DA{~B}{A**Q}rAAsAAAAAsADrAA{BA{~B}AAAAArEAAsDA{~B}DAsr}{A*Q}{Aaraaaaar}DA{~B}{A*Q}{AA{D}~B}DA{~B}araaasaaaaasdr,68.2227662012816
G6191,CN1C(=O)CN(CCC(=O)O)C(=O)c2cc(NCc3ccc(C(=N)N)cc3)ccc21,-6.4579659000000005,CN1C(=O)CN(CCC(O)=O)C(=O)c2c1ccc(NCc1ccc(C(=N)N)cc1)c2,ADrA{~B}AD{AAA{~B}B}A{~B}asaa{DAataaa{A{~D}D}aat}aaasr,69.36390026522824
G6262,CCOC(=O)CCN1CC(=O)N(C)c2ccc(OCc3ccc(C(=N)N)cc3)cc2C1=O,-6.3682656,C1(=O)N(C)c2c(cc(OCc3ccc(C(N)=N)cc3)cc2)C(=O)N(CCC(=O)OCC)C1,AABA{~B}AADrAA{~B}D{A}asaaa{BAataaa{A{~D}D}aat}aasAr~B,67.2533050704327
G6264,CCOC(=O)CCN1CC(=O)N(C)c2ccc(NCc3ccc(C(=N)N)cc3)cc2C1=O,-6.8519359,CCOC(=O)CCN1CC(=O)N(C)c2ccc(NCc3ccc(C(N)=N)cc3)cc2C1=O,AABA{~B}AADrAA{~B}D{A}asaaa{DAataaa{A{~D}D}aat}aasAr~B,78.63378218193967
XP13512,CC(OC(=O)NCC1(CC(=O)O)CCCCC1)OC(=O)C(C)C,-4.5093193,O=C(OC(OC(NCC1(CC(=O)O)CCCCC1)=O)C)C(C)C,AA{BA{~B}DAAr{AA{~B}B}AAAAAr}BA{~B}A{A}A,23.513394187604973
20(S)-camptothecin (CPT),CC[C@]1(O)C(=O)OCc2c1cc1n(c2=O)-c2cc3ccccc3nc2C1,-4.3318486,c12nc3c(cccc3)cc1-n1c(cc3c(c1=O)COC(=O)[C@]3(CC)O)C2,AA{A*}r{B}A{~B}BAasaraard{as~B}_asaataaaaatdasAr,19.33761320764173
353462,CN(C)C(=O)NS(=O)(=O)n1c(N)nc2ccc(C(C(N)=O)c3cccc(F)c3)cc21,-4.1700001,Nc1nc2ccc(C(C(N)=O)c3cc(F)ccc3)cc2n1S(=O)(NC(=O)N(C)C)=O,AD{A}A{~B}DE{~B}{~B}dra{D}dasaaa{A{A{D}~B}ataaaa{G}at}aasr,15.529413386851143
366853,CC(C)n1c(N)nc2ccc(C(C(N)=O)c3cccc(F)c3F)cc21,-5.187450900000001,c12nc(N)n(C(C)C)c1cc(C(C(=O)N)c1cccc(F)c1F)cc2,AA{A}dra{D}dasaaa{A{A{D}~B}ataaaa{G}atG}aasr,39.4694310837915
CPU-86017,COc1ccc2c(c1OC)C[N+]1(Cc3ccc(Cl)cc3)CCc3cc4c(cc3C1C2)OCO4.[Cl-],-6.2314224000000005,[Cl-].O1COc2c1cc1c(c2)C2Cc3ccc(OC)c(OC)c3C[N+]2(Cc2ccc(Cl)cc2)CC1,"ABaraaasa{arBA}A{D%}r{Aataaa{Z}aat}AAataaua{aatArAs}BABu,{Z_}",64.03346522195459
Harmol,Cc1nccc2c1[nH]c1cc(O)ccc12,-5.302258999999999,c12ccnc(C)c1[nH]c1cc(O)ccc21,Aardaaasar{dQ}araa{B}aaars,42.17079801549185
CF 1525 (p-Me),COC(=O)C(C)NP(=O)(OC[C@@H]1C=C[C@H](n2cc(C)c(=O)[nH]c2=O)O1)Oc1ccc(C)cc1,-5.8474512,c1c(C)ccc(OP(NC(C)C(OC)=O)(=O)OC[C@H]2O[C@@H](n3c(=O)[nH]c(=O)c(C)c3)C=C2)c1,ABA{~B}A{A}DF{~B}{BA{A**Q}rA~A{A*Q}{dsaa{A}a{~B}{dQ}as~B}Br}Baraaa{A}aar,54.99884917652475
CF 1523 (p-Cl),COC(=O)C(C)NP(=O)(OC[C@@H]1C=C[C@H](n2cc(C)c(=O)[nH]c2=O)O1)Oc1ccc(Cl)cc1,-5.7328787000000005,CC(NP(OC[C@@H]1C=C[C@H](n2c(=O)[nH]c(=O)c(C)c2)O1)(=O)Oc1ccc(Cl)cc1)C(OC)=O,ABA{~B}A{A}DF{~B}{BA{A**Q}rA~A{A*Q}{dsaa{A}a{~B}{dQ}as~B}Br}Baraaa{Z}aar,52.30302577397527
CF 1517 (p-Br),COC(=O)C(C)NP(=O)(OC[C@@H]1C=C[C@H](n2cc(C)c(=O)[nH]c2=O)O1)Oc1ccc(Br)cc1,-5.6954093,C1=C[C@H](n2c(=O)[nH]c(=O)c(C)c2)O[C@@H]1COP(NC(C(OC)=O)C)(Oc1ccc(Br)cc1)=O,ABA{~B}A{A}DF{~B}{BA{A**Q}rA~A{A*Q}{dsaa{A}a{~B}{dQ}as~B}Br}Baraaa{Y}aar,51.421392874287385
CF 1572 (p-I),COC(=O)C(C)NP(=O)(OC[C@@H]1C=C[C@H](n2cc(C)c(=O)[nH]c2=O)O1)Oc1ccc(I)cc1,-5.130000099999998,c1c(OP(NC(C(OC)=O)C)(=O)OC[C@H]2O[C@@H](n3cc(C)c(=O)[nH]c3=O)C=C2)ccc(I)c1,ABA{~B}A{A}DF{~B}{BA{A**Q}rA~A{A*Q}{dsaa{A}a{~B}{dQ}as~B}Br}Baraaa{H}aar,38.117647617993015
Roxithromycin,CC[C@@H]1OC(=O)[C@@H](C)[C@H](O[C@@H]2C[C@](C)(OC)[C@H](O)[C@@H](C)O2)[C@H](C)[C@H](O[C@@H]2O[C@H](C)C[C@H](N(C)C)[C@H]2O)[C@@](C)(O)C[C@@H](C)/C(=N\OCOCCOC)[C@H](C)[C@@H](O)[C@@]1(C)O,-5.7397189000000015,C(COC)OCO/N=C1/[C@H](C)[C@@H](O)[C@](O)(C)[C@H](CC)OC(=O)[C@@H](C)[C@H](O[C@H]2O[C@H](C)[C@@H](O)[C@](OC)(C)C2)[C@H](C)[C@H](O[C@@H]2O[C@H](C)C[C@H](N(C)C)[C@H]2O)[C@@](C)(O)C[C@H]1C,AA{A**Q}rBA{~B}{A**Q}{A}{A*Q}{B{A**Q}sA{A*}{A}{BA}{A*Q}{B}{A**Q}{A}Bs}{A*Q}{A}{A*Q}{B{A**Q}sB{A*Q}{A}A{A*Q}{D{A}A}{A*Q}sB}{A**}{A}{B}A{A**Q}{A}|A{~D!BABAABA}{A*Q}{A}{A**Q}{B}{A**}r{A}B,52.46397164875431
"2-Amino-1-methyl-6-phenylimidazo-[4,5-b]pyridine (PhIP)",Cn1c(N)nc2ncc(-c3ccccc3)cc21,-4.820511799999999,c12nc(N)n(C)c1cc(-c1ccccc1)cn2,Adra{D}dasdaa{_ataaaaat}aasr,30.835570313620206
8__19,COc1cc(C)ccc1S(=O)(=O)NC(=O)C(c1ccc2c(c1)OCO2)c1cn(C)c2cc(C#N)ccc12,-5.1011863,Cn1c2cc(C#N)ccc2c(C(C(NS(c2c(OC)cc(C)cc2)(=O)=O)=O)c2cc3c(cc2)OCO3)c1,ABaraa{A}aaarE{~B}{~B}DA{~B}A{araaasa{ar}BABs}arad{A}asaa{A^D}aaars,37.43967588519173
10,COc1cc(C)ccc1S(=O)(=O)NC(=O)C(c1ccc2c(c1)OCO2)c1cn(C)c2cc(F)ccc12,-4.6994848,O1COc2cc(C(C(=O)NS(=O)(c3c(OC)cc(C)cc3)=O)c3c4c(cc(F)cc4)n(C)c3)ccc21,ABaraa{A}aaarE{~B}{~B}DA{~B}A{araaasa{ar}BABs}arad{A}asaa{G}aaars,27.98787632998228
11,COc1cc(C)ccc1S(=O)(=O)NC(=O)C(c1ccc2c(c1)OCO2)c1cn(C)c2cc(C(C)=O)ccc12,-5.8519359,c1(C(C)=O)cc2n(C)cc(C(C(NS(c3ccc(C)cc3OC)(=O)=O)=O)c3ccc4c(c3)OCO4)c2cc1,ABaraa{A}aaarE{~B}{~B}DA{~B}A{araaasa{ar}BABs}arad{A}asaa{A{A}~B}aaars,55.104371524500166
12,COCc1ccc2c(C(C(=O)NS(=O)(=O)c3ccc(C)cc3OC)c3ccc4c(c3)OCO4)cn(C)c2c1,-5.3005152,c1c(S(=O)(NC(=O)C(c2cc3c(cc2)OCO3)c2c3ccc(COC)cc3n(C)c2)=O)c(OC)cc(C)c1,ABAaraaasa{A{A{~B}DE{~B}{~B}ataaa{A}aatBA}ataaaua{at}BABu}ad{A}asar,42.129767429187424
14__20,Cc1ccc(S(=O)(=O)NC(=O)C(c2ccc3c(c2)OCO3)c2cn(C)c3cc(CO)ccc23)cc1,-5.769775900000001,OCc1ccc2c(n(C)cc2C(C(NS(c2ccc(C)cc2)(=O)=O)=O)c2ccc3c(c2)OCO3)c1,Aaraaa{E{~B}{~B}DA{~B}A{asaaata{as}BABt}asad{A}ataa{AB}aaast}aar,53.171195144884955
15,COCCn1cc(C(C(=O)NS(=O)(=O)c2ccc(C)cc2OC)c2ccc3c(c2)OCO3)c2ccc(COC)cc21,-5.7979398,c1(S(NC(C(c2ccc3c(c2)OCO3)c2cn(CCOC)c3c2ccc(COC)c3)=O)(=O)=O)ccc(C)cc1OC,ABAAdraa{A{A{~B}DE{~B}{~B}asaaa{A}aasBA}asaaata{as}BABt}asaaa{ABA}aasr,53.833875113699996
16__21,COCCn1cc(C(C(=O)NS(=O)(=O)c2ccc(C)cc2OC)c2ccc3c(c2)OCO3)c2ccc(F)cc21,-5.720623000000002,c1cc(F)cc2c1c(C(c1cc3c(cc1)OCO3)C(NS(=O)(=O)c1ccc(C)cc1OC)=O)cn2CCOC,ABAAdraa{A{A{~B}DE{~B}{~B}asaaa{A}aasBA}asaaata{as}BABt}asaaa{G}aasr,52.01465637578091
14c,Cn1c(C(=O)NC2(C(=O)N[C@H](Cc3ccccc3)C(=O)NCCCN3CCOCC3)CCCC2)cc2ccccc21,-4.9723473,C1CCCC1(C(N[C@H](Cc1ccccc1)C(NCCCN1CCOCC1)=O)=O)NC(c1cc2c(cccc2)n1C)=O,Adra{A{~B}DAs{A{~B}D{A*Q}{Aataaaaat}A{~B}DAAADtAABAAt}AAAAs}aasaaaaasr,34.40817014549788
21c,O=C(NC1(C(=O)N[C@H](Cc2ccccc2)C(=O)NCCCN2CCC(O)CC2)CCCC1)c1cc2ccccc2s1,-5.8519359,C1(O)CCN(CCCNC([C@@H](Cc2ccccc2)NC(C2(NC(=O)c3cc4ccccc4s3)CCCC2)=O)=O)CC1,B~A{DAr{A{~B}D{A*Q}{Aasaaaaas}A{~B}DAAADsAAA{B}AAs}AAAAr}araasaaaaaser,55.104371524500166
25a,O=C(NC1(C(=O)N[C@H](Cc2ccccc2)C(=O)NCCCC(=O)N2CCC(N3CCOCC3)CC2)CCCC1)c1cc2ccccc2s1,-5.769775900000001,O=C(NCCCC(N1CCC(N2CCOCC2)CC1)=O)[C@@H](Cc1ccccc1)NC(C1(NC(c2cc3c(cccc3)s2)=O)CCCC1)=O,B~A{DAr{A{~B}D{A*Q}{Aasaaaaas}A{~B}DAAAA{~B}DsAAA{DtAABAAt}AAs}AAAAr}araasaaaaaser,53.171195144884955
25f,O=C(NC1(C(=O)N[C@H](Cc2ccccc2)C(=O)NCCC(=O)N2CCN(C3CCOCC3)CC2)CCCC1)c1cc2ccccc2s1,-5.8880281,O=C([C@@H](Cc1ccccc1)NC(C1(NC(c2cc3ccccc3s2)=O)CCCC1)=O)NCCC(N1CCN(C2CCOCC2)CC1)=O,B~A{DAr{A{~B}D{A*Q}{Aasaaaaas}A{~B}DAAA{~B}DsAAD{AtAABAAt}AAs}AAAAr}araasaaaaaser,55.95359971983059
48d,O=C(NC1(C(=O)N[C@H](Cc2ccccc2)C(=O)NCC2CCN(CC3CCOCC3)CC2)CCCC1)c1cc2ccc(C(F)(F)F)cc2s1,-5.1919103,c1cc(C[C@@H](NC(C2(NC(c3sc4cc(C(F)(F)F)ccc4c3)=O)CCCC2)=O)C(NCC2CCN(CC3CCOCC3)CC2)=O)ccc1,B~A{DAr{A{~B}D{A*Q}{Aasaaaaas}A{~B}DAAsAAD{AAtAABAAt}AAs}AAAAr}araasaaa{A{G}{G}G}aaser,39.57435813767726
48e,COc1ccc2cc(C(=O)NC3(C(=O)N[C@H](Cc4ccccc4)C(=O)NCC4CCN(CC5CCOCC5)CC4)CCCC3)sc2c1,-5.9593034000000005,c1(OC)cc2c(cc1)cc(C(=O)NC1(C(N[C@H](Cc3ccccc3)C(=O)NCC3CCN(CC4CCOCC4)CC3)=O)CCCC1)s2,ABaraaasaa{A{~B}DAt{A{~B}D{A*Q}{Aauaaaaau}A{~B}DAAuAAD{AAvAABAAv}AAu}AAAAt}easar,57.630665523262806
20E 22-ethyl ether (5),CCO[C@H](CCC(C)(C)O)[C@](C)(O)[C@H]1CC[C@@]2(O)C3=CC(=O)[C@@H]4C[C@@H](O)[C@@H](O)C[C@@]4(C)C3CC[C@]12C,-4.8600001,OC(C)(C)CC[C@@H](OCC)[C@@](C)([C@@H]1[C@]2(C)[C@](O)(C3=CC(=O)[C@H]4[C@](C)(C3CC2)C[C@H](O)[C@H](O)C4)CC1)O,AAB{A*Q}{AAA{A}{A}B}{A*}{A}{B}{A*Q}rAA{A**}s{B}At~AA{~B}{A**Q}uA{A**Q}{B}{A**Q}{B}A{A**}u{A}AtAA{A*}rsA,31.764706740484385
20E 22-allyl ether (7),C=CCO[C@H](CCC(C)(C)O)[C@](C)(O)[C@H]1CC[C@@]2(O)C3=CC(=O)[C@@H]4C[C@@H](O)[C@@H](O)C[C@@]4(C)C3CC[C@]12C,-4.6900001,C=CCO[C@@H]([C@]([C@@H]1[C@]2(C)[C@@](O)(CC1)C1=CC(=O)[C@@H]3C[C@@H](O)[C@@H](O)C[C@@]3(C)C1CC2)(C)O)CCC(C)(O)C,A~AAB{A*Q}{AAA{A}{A}B}{A*}{A}{B}{A*Q}rAA{A**}s{B}At~AA{~B}{A**Q}uA{A**Q}{B}{A**Q}{B}A{A**}u{A}AtAA{A*}rsA,27.764706928719672
20E 25-methyl ether (10),COC(C)(C)CC[C@@H](O)[C@](C)(O)[C@H]1CC[C@@]2(O)C3=CC(=O)[C@@H]4C[C@@H](O)[C@@H](O)C[C@@]4(C)C3CC[C@]12C,-4.7600002,C[C@]([C@H]1CC[C@@]2(O)C3=CC(=O)[C@H]4[C@@](C)(C[C@H](O)[C@H](O)C4)C3CC[C@]12C)(O)[C@H](O)CCC(OC)(C)C,ABA{A}{A}AA{A**Q}{B}{A*}{A}{B}{A*Q}rAA{A**}s{B}At~AA{~B}{A**Q}uA{A**Q}{B}{A**Q}{B}A{A**}u{A}AtAA{A*}rsA,29.411768027681514
PoA 22-methyl ether (18),CO[C@H](CCC(C)C)[C@](C)(O)[C@H]1CC[C@@]2(O)C3=CC(=O)[C@@H]4C[C@@H](O)[C@@H](O)C[C@@]4(C)C3CC[C@]12C,-4.579999900000002,C12[C@@]3(C)[C@H](C(=O)C=C1[C@@]1(O)[C@@](C)([C@@H]([C@](C)([C@@H](CCC(C)C)OC)O)CC1)CC2)C[C@@H](O)[C@@H](O)C3,AB{A*Q}{AAA{A}A}{A*}{A}{B}{A*Q}rAA{A**}s{B}At~AA{~B}{A**Q}uA{A**Q}{B}{A**Q}{B}A{A**}u{A}AtAA{A*}rsA,25.176467050519236
20-Hydroxyecdysone (25),CC(C)(O)CC[C@@H](O)[C@](C)(O)[C@H]1CC[C@@]2(O)C3=CC(=O)[C@@H]4C[C@@H](O)[C@@H](O)C[C@@]4(C)C3CC[C@]12C,-4.79,C[C@]12[C@@](O)(CC[C@@H]1[C@@](O)([C@@H](CCC(C)(C)O)O)C)C1=CC(=O)[C@@H]3C[C@@H](O)[C@@H](O)C[C@@]3(C)C1CC2,AA{A}{B}AA{A**Q}{B}{A*}{A}{B}{A*Q}rAA{A**}s{B}At~AA{~B}{A**Q}uA{A**Q}{B}{A**Q}{B}A{A**}u{A}AtAA{A*}rsA,30.11764564152256
Muristerone A (28),CC(C)CC[C@@H](O)[C@](C)(O)[C@H]1CC[C@@]2(O)C3=CC(=O)[C@]4(O)C[C@@H](O)[C@@H](O)C[C@@]4(C)C3[C@@H](O)C[C@]12C,-4.9000001,[C@]12(O)C(=O)C=C3[C@]4(O)CC[C@H]([C@]([C@@H](CCC(C)C)O)(O)C)[C@@]4(C)C[C@H](O)C3[C@]1(C)C[C@H](O)[C@H](O)C2,AA{A}AA{A**Q}{B}{A*}{A}{B}{A*Q}rAA{A**}s{B}At~AA{~B}{A*}u{B}A{A**Q}{B}{A**Q}{B}A{A**}u{A}At{A**Q}{B}A{A*}rsA,32.705883166781966
"(E)-4-(3,4-dimethoxyphenyl)but-3-en-1-yl linoleate (1)",CCCCC/C=C\C/C=C\CCCCCCCC(=O)OCC/C=C/c1ccc(OC)c(OC)c1,-4.8498521,C(CC/C=C\C/C=C\CCCCCCCC(OCC/C=C/c1ccc(OC)c(OC)c1)=O)CC,AAAAA|A~A!A|A~A!AAAAAAAA{~B}BAA|A~A|araaa{BA}a{BA}ar,31.525930281132688
"(E)-4-(3,4-dimethoxyphenyl)but-3-en-1-yl oleate (2)",CCCCCCCC/C=C\CCCCCCCC(=O)OCC/C=C/c1ccc(OC)c(OC)c1,-5.0101638,O=C(OCC/C=C/c1cc(OC)c(OC)cc1)CCCCCCC/C=C\CCCCCCCC,AAAAAAAA|A~A!AAAAAAAA{~B}BAA|A~A|araaa{BA}a{BA}ar,35.29797010362494
Compound D,COc1ccc(/C=C/CCO)cc1OC,-4.8428431,c1(OC)cc(/C=C/CCO)ccc1OC,ABaraaa{|A~A|AAB}aarBA,31.36101264183469
Rutaecarpine (RCP),O=c1c2ccccc2nc2n1CCc1c-2[nH]c2ccccc12,-5.0582528,c1c2c(=O)n3c(nc2ccc1)-c1[nH]c2c(cccc2)c1CC3,B~arasaaaaasdasdrAAara_s{dQ}asaaaaars,36.42947593273055
Evodiamine (EDM),CN1c2ccccc2C(=O)N2CCc3c([nH]c4ccccc34)C21,-4.632256,[nH]1c2c(c3ccccc13)CCN1C2N(C)c2ccccc2C1=O,ADrasaaaaasA{~B}DsAAata{{dQ}auaaaaatu}Asr,26.40602228677542
YH439,Cc1csc(NC(=O)C(C(=O)OC(C)C)=C2SCS2)n1,-4.5100002,C(C)(C)OC(=O)C(=C1SCS1)C(=O)Nc1nc(C)cs1,Aaraea{DA{~B}A{A{~B}BA{A}A}~AsEAEs}dr,23.529415363321643
Choline,C[N+](C)(C)CCO,-4.9521427000000005,C(O)C[N+](C)(C)C,A{D%}{A}{A}AAB,33.93276781492858
Cerulenin,C/C=C/C/C=C/CCC(=O)[C@@H]1O[C@@H]1C(N)=O,-5.4224062,O=C(N)[C@@H]1[C@H](C(=O)CC/C=C/C/C=C/C)O1,A|A~A|A|A~A|AAA{~B}{A**Q}rB{A**Q}rA{D}~B,44.99779082363337
Rebaudioside A,C=C1C[C@]23CC[C@H]4[C@@](C)(CCC[C@@]4(C)C(=O)OC4O[C@@H](CO)[C@H](O)[C@@H](O)[C@@H]4O)C2CC(O[C@H]2O[C@@H](CO)[C@H](O)C(O[C@H]4O[C@@H](CO)[C@H](O)[C@@H](O)[C@@H]4O)[C@@H]2O[C@H]2O[C@@H](CO)[C@H](O)[C@@H](O)[C@@H]2O)[C@H]1C3,-6.9593034,O1[C@@H](CO)[C@H](O)[C@@H](O)[C@H](O)C1OC(=O)[C@]1(C)CCC[C@@]2(C)C3CC(O[C@H]4O[C@@H](CO)[C@H](O)C(O[C@H]5O[C@@H](CO)[C@H](O)[C@@H](O)[C@@H]5O)[C@@H]4O[C@H]4O[C@@H](CO)[C@H](O)[C@@H](O)[C@@H]4O)[C@@H]4C(=C)C[C@@]3(CC[C@@H]21)C4,A~ArA{A*}stAA{A*Q}u{A**}{A}{AAA{A**}u{A}A{~B}BAuB{A**Q}{AB}{A*Q}{B}{A**Q}{B}{A**Q}uB}AsAA{B{A*Q}sB{A**Q}{AB}{A*Q}{B}A{B{A*Q}uB{A**Q}{AB}{A*Q}{B}{A**Q}{B}{A**Q}uB}{A**Q}sB{A*Q}sB{A**Q}{AB}{A*Q}{B}{A**Q}{B}{A**Q}sB}{A*Q}rAt,81.16007618070229
D-Phe-D-Ala-D-Ser-OH,C[C@H](NC(=O)[C@H](N)Cc1ccccc1)C(=O)N[C@H](CO)C(=O)O,-6.2819986,O=C(O)[C@@H](CO)NC(=O)[C@H](C)NC(=O)[C@@H](Cc1ccccc1)N,A{A*Q}{DA{~B}{A*Q}{D}Aaraaaaar}A{~B}D{A*Q}{AB}A{~B}B,65.22349340124737
"Dimethyl-4',4'-dimethoxy-5,6,5',6'-dimethylene dioxybiphenyl-2,2'-dicarboxylate (DDB)",COC(=O)c1cc(OC)c2c(c1-c1c(C(=O)OC)cc(OC)c3c1OCO3)OCO2,-4.1687455,C(c1cc(OC)c2c(c1-c1c3c(c(OC)cc1C(=O)OC)OCO3)OCO2)(OC)=O,ABA{~B}araa{BA}asa{ar_ara{A{~B}BA}aa{BA}atarBABt}BABs,15.499893388240316
Carbendazim,COC(=O)Nc1nc2ccccc2[nH]1,-4.1011863,C(=O)(Nc1nc2ccccc2[nH]1)OC,ABA{~B}Dardasaaaaas{dQ}r,13.910265227752232
Dexloxiglumide,CCCCCN(CCCOC)C(=O)[C@@H](CCC(=O)O)NC(=O)c1ccc(Cl)c(Cl)c1,-5.140130999999999,C(OC)CCN(CCCCC)C(=O)[C@@H](CCC(O)=O)NC(c1ccc(Cl)c(Cl)c1)=O,AAAAAD{AAABA}A{~B}{A**Q}{AAA{~B}B}DA{~B}araaa{Z}a{Z}ar,38.35602172442249
Lys-FITC-OCH3,COC(=O)[C@H](N)CCCCNC(=S)Nc1ccc2c(c1)C(=O)OC21c2ccc(O)cc2Oc2cc(O)ccc21,-5.8313413,O1C2(c3c(cc(O)cc3)Oc3c2ccc(O)c3)c2ccc(NC(=S)NCCCC[C@H](C(OC)=O)N)cc2C1=O,ABA{~B}{A*Q}{D}AAAADA{~E}Daraaasa{ar}A{~B}BAsrasaaa{B}aasBasaa{B}aaasr,54.61979272377446
Neostenine,CC[C@@H]1C2CCCCN3CCC(C23)[C@@H]2[C@H](C)C(=O)O[C@H]12,-4.9198675000000005,[C@H]12[C@H](C3C4C([C@H]1CC)CCCCN4CC3)[C@H](C)C(=O)O2,AA{A**Q}rAsAAAADtAAA{Ast}{A**Q}s{A*Q}{A}A{~B}B{A*Q}rs,33.1733513800776
Decursinol angelate (DA),CC(C)=CC(=O)O[C@@H]1Cc2cc3ccc(=O)oc3cc2OC1(C)C,-4.9204097,C(C(=O)O[C@@H]1Cc2cc3ccc(=O)oc3cc2OC1(C)C)=C(C)C,AA{A}~AA{~B}B{A**Q}rAasaataaa{~B}bataasBAr{A}A,33.18610902653606
Imidacloprid (IMI),ON(O)NC1=NCCN1Cc1ccc(Cl)nc1,-4.6677732,C(c1cnc(Cl)cc1)N1C(NN(O)O)=NCC1,BD{B}DAr~DAADrAaraaa{Z}dar,27.241721070977835
Laudanosine (LAU),COc1ccc(CC2c3cc(OC)c(OC)cc3CCN2C)cc1OC,-4.5497985,COc1c(OC)cc2c(c1)C(Cc1ccc(OC)c(OC)c1)N(C)CC2,ABaraaa{AAsataa{BA}a{BA}aatAADsA}aarBA,24.465845907489598
Cepharanthine (CEP),COc1ccc2cc1Oc1ccc(cc1)CC1c3c(cc4c(c3Oc3cc5c(cc3OC)CCN(C)C5C2)OCO4)CCN1C,-4.1877432,c1cc2ccc1CC1N(C)CCc3cc4c(c(c31)Oc1cc3c(cc1OC)CCN(C)C3Cc1ccc(OC)c(c1)O2)OCO4,ABaraaasaarBaraaa{aar}AArata{aaua{atBataava{aatBA}AAD{A}AvAs}BABu}AADrA,15.946898073087151
Corynanthine (COR),COC(=O)[C@H]1[C@H](O)CC[C@@H]2CN3CCc4c([nH]c5ccccc45)[C@H]3C[C@H]21,-4.729893700000001,c12[nH]c3c(c1cccc2)CCN1[C@@H]3C[C@H]2[C@@H](C(OC)=O)[C@H](O)CC[C@@H]2C1,ABA{~B}{A*Q}r{A*Q}{B}AA{A**Q}sADtAAaua{{dQ}avaaaaauv}{A*Q}tA{A*Q}sr,28.70337982572332
Ac-Trp-Ala-Gly-Gly-Asp-Ala-NH2,CC(=O)NC(Cc1c[nH]c2ccccc12)C(=O)NC(C)C(=O)NCC(=O)NCC(=O)NC(CC(=O)O)C(=O)NC(C)C(N)=O,-7.4981046,NC(C(NC(C(NC(=O)CNC(CNC(C(C)NC(=O)C(Cc1c2c([nH]c1)cccc2)NC(C)=O)=O)=O)CC(=O)O)=O)C)=O,AA{~B}DA{Aara{dQ}asaaaaars}A{~B}DA{A}A{~B}DAA{~B}DAA{~B}DA{AA{~B}B}A{~B}DA{A}A{D}~B,93.83775087822347
Ac-Gly-Asn-Ala-NH2,CC(=O)NCC(=O)N[C@@H](CC(N)=O)C(=O)N[C@@H](C)C(N)=O,-6.5900002,NC(=O)[C@H](C)NC(=O)[C@@H](NC(CNC(=O)C)=O)CC(=O)N,AA{~B}DAA{~B}D{A**Q}{AA{D}~B}A{~B}D{A**Q}{A}A{D}~B,72.47058953079579
Ac-Gly-Lys-Ala-NH2,CC(=O)NCC(=O)N[C@@H](CCCCN)C(=O)N[C@@H](C)C(N)=O,-7.0100002,C(C(N[C@@H](CCCCN)C(N[C@@H](C)C(=O)N)=O)=O)NC(C)=O,AA{~B}DAA{~B}D{A**Q}{AAAAD}A{~B}D{A**Q}{A}A{D}~B,82.35294200692039
cyclo[Trp-Ala-Gly-Gly-Asp-Ala],CC1NC(=O)C(CC(=O)O)NC(=O)CNC(=O)CNC(=O)C(C)NC(=O)C(Cc2c[nH]c3ccccc23)NC1=O,-7.0307584,O=C1NC(C)C(=O)NC(Cc2c3ccccc3[nH]c2)C(=O)NC(C)C(=O)NCC(=O)NCC(=O)NC1CC(=O)O,AArDA{~B}A{AA{~B}B}DA{~B}ADA{~B}ADA{~B}A{A}DA{~B}A{Aasa{dQ}ataaaaast}DAr~B,82.84137021922963
Strychnine (Str),O=C1C[C@@H]2OCC=C3CN4CC[C@]56c7ccccc7N1[C@H]5[C@H]2[C@H]3C[C@H]46,-4.5086198,C1[C@@H]2N3CC[C@]24[C@@H]2[C@@H]5[C@H](CC(=O)N2c2c4cccc2)OCC=C([C@H]15)C3,B~ArA{A**Q}sBAA~AtADuAA{A*}vwaxaaaaaxDr{A*Q}v{A*Q}s{A*Q}tA{A*Q}uw,23.496935364850103
Brucine (Bru),COc1cc2c(cc1OC)[C@]13CCN4CC5=CCO[C@@H]6CC(=O)N2[C@@H]1[C@@H]6[C@@H]5C[C@@H]43,-4.7786422,c1(OC)c(OC)cc2c(c1)N1[C@@H]3[C@@H]4[C@H]5C(=CCO[C@@H]4CC1=O)CN1CC[C@@]23[C@H]1C5,ABaraasa{aarBA}{A*}rtAADuAAv~AAB{A**Q}wAA{~B}Ds{A**Q}r{A**Q}w{A**Q}vA{A**Q}ut,29.8504033011575
Brucine N-oxide (B-N),COc1cc2c(cc1OC)[C@]13CC[N+]4([O-])CC5=CCO[C@@H]6CC(=O)N2[C@@H]1[C@@H]6[C@@H]5C[C@H]34,-5.46,C1C[C@]23[C@H]4[C@H]5[C@@H](CC(=O)N4c4cc(OC)c(OC)cc42)OCC=C2C[N+]1([O-])[C@@H]3C[C@@H]52,ABaraasa{aarBA}{A*}rtAA{D%}u{{B_}}AAv~AAB{A**Q}wAA{~B}Ds{A**Q}r{A**Q}w{A**Q}vA{A*Q}tu,45.88235078200702
Pseudostrychnine (Psd),O=C1C[C@H]2OCC=C3CN4C[C@H](O)C56c7ccccc7N1[C@@H]5[C@H]2[C@H]3CC46,-4.6001629999999984,C1(=O)C[C@H]2OCC=C3CN4C[C@H](O)C56c7ccccc7N1[C@@H]5[C@H]2[C@H]3CC64,B~ArA{A*Q}sBAA~AtADuA{A*Q}{B}AvwaxaaaaaxDr{A**Q}v{A*Q}s{A*Q}tAAuw,25.65089291054618
Bilirubin,C=CC1=C(C)/C(=C\c2[nH]c(Cc3[nH]c(/C=C4/NC(=O)C(C)=C4C=C)c(C)c3CCC(=O)O)c(CCC(=O)O)c2C)NC1=O,-6.1314831,C(=O)(O)CCc1c(C)c(/C=C2\C(C)=C(C=C)C(=O)N2)[nH]c1Cc1c(CCC(O)=O)c(C)c(/C=C2\C(C=C)=C(C)C(=O)N2)[nH]1,A~AAr~A{A}|A{~A!as{dQ}a{Aat{dQ}a{|A~Au|DA{~B}A{A}~AuA~A}a{A}atAAA{~B}B}a{AAA{~B}B}asA}DAr~B,61.68195239143752
Bilirubin ditaurate,C=CC1=C(C)/C(=C\c2[nH]c(Cc3[nH]c(/C=C4/NC(=O)C(C)=C4C=C)c(C)c3CCC(=O)NCCS(=O)(=O)O)c(CCC(=O)NCCS(=O)(=O)O)c2C)NC1=O,-6.0594678,O=C1N/C(=C/c2[nH]c(Cc3c(CCC(=O)NCCS(=O)(=O)O)c(C)c(/C=C4/NC(=O)C(C=C)=C4C)[nH]3)c(CCC(NCCS(=O)(O)=O)=O)c2C)C(C=C)=C1C,A~AAr~A{A}|A{~A!as{dQ}a{Aat{dQ}a{|A~Au|DA{~B}A{A}~AuA~A}a{A}atAAA{~B}DAAE{~B}{~B}B}a{AAA{~B}DAAE{~B}{~B}B}asA}DAr~B,59.987474824118834
Biliverdin,C=CC1=C(C)/C(=C\C2=N/C(=C\c3[nH]c(/C=C4/NC(=O)C(C)=C4C=C)c(C)c3CCC(=O)O)C(CCC(=O)O)=C2C)NC1=O,-5.6290045,C1(CCC(O)=O)=C(C)C(/C=C2\C(C)=C(C=C)C(=O)N2)=N/C1=C\c1[nH]c(/C=C2\C(C=C)=C(C)C(=O)N2)c(C)c1CCC(O)=O,A~AAr~A{A}|A{~A!As~D|A{~A!at{dQ}a{|A~Au|DA{~B}A{A}~AuA~A}a{A}atAAA{~B}B}A{AAA{~B}B}~AsA}DAr~B,49.858927065462254
16__22,COc1cnn(C)c(=O)c1-c1ccc(C[C@@H](CO)NC(=O)c2c(Cl)cccc2Cl)cc1,-5.6010299,Clc1c(C(N[C@@H](Cc2ccc(-c3c(=O)n(C)ncc3OC)cc2)CO)=O)c(Cl)ccc1,ABaradd{A}a{~B}ar_araaa{A{A**Q}{AB}DA{~B}asa{Z}aaaasZ}aar,49.20070121408466
32b,COc1ccc2c(O[C@@H]3C[C@H]4C(=O)N[C@]5(C(=O)NS(=O)(=O)C6CC6)C[C@H]5/C=C\CCCCN(C)C(=O)[C@@H]4C3)cc(-c3nc(C(C)C)cs3)nc2c1,-4.8880281,N(C([C@]12NC(=O)[C@H]3[C@H](C(=O)N(C)CCCC/C=C\[C@@H]1C2)C[C@H](Oc1cc(-c2scc(C(C)C)n2)nc2cc(OC)ccc12)C3)=O)S(C1CC1)(=O)=O,ABaraaasa{B{A**Q}tA{A*Q}uA{~B}D{A*}v{A{~B}DE{~B}{~B}AwAAw}A{A*Q}v|A~A!AAAAD{A}A{~B}{A**Q}uAt}aa{_atda{A{A}A}aet}dasar,32.4241890623911
TMC435350 (32c),COc1ccc2c(O[C@@H]3C[C@H]4C(=O)N[C@]5(C(=O)NS(=O)(=O)C6CC6)C[C@H]5/C=C\CCCCN(C)C(=O)[C@@H]4C3)cc(-c3nc(C(C)C)cs3)nc2c1C,-5.0778604000000005,C(=O)([C@]12NC(=O)[C@H]3[C@@H](C[C@H](Oc4c5ccc(OC)c(C)c5nc(-c5nc(C(C)C)cs5)c4)C3)C(=O)N(C)CCCC/C=C\[C@@H]1C2)NS(=O)(C1CC1)=O,ABaraaasa{B{A**Q}tA{A*Q}uA{~B}D{A*}v{A{~B}DE{~B}{~B}AwAAw}A{A*Q}v|A~A!AAAAD{A}A{~B}{A**Q}uAt}aa{_atda{A{A}A}aet}dasarA,36.89083120513737
32f,COc1ccc2c(O[C@@H]3C[C@H]4C(=O)N[C@]5(C(=O)NS(=O)(=O)C6CC6)C[C@H]5/C=C\CCCCN(C)C(=O)[C@@H]4C3)cc(-c3nc(C(C)C)cs3)nc2c1Cl,-5.238286,C1(S(NC(=O)[C@]23NC(=O)[C@@H]4C[C@@H](Oc5cc(-c6nc(C(C)C)cs6)nc6c5ccc(OC)c6Cl)C[C@H]4C(=O)N(C)CCCC/C=C\[C@@H]2C3)(=O)=O)CC1,ABaraaasa{B{A**Q}tA{A*Q}uA{~B}D{A*}v{A{~B}DE{~B}{~B}AwAAw}A{A*Q}v|A~A!AAAAD{A}A{~B}{A**Q}uAt}aa{_atda{A{A}A}aet}dasarZ,40.66555102750349
32g,COc1ccc2c(O[C@@H]3C[C@H]4C(=O)N[C@]5(C(=O)NS(=O)(=O)C6CC6)C[C@H]5/C=C\CCCCN(C)C(=O)[C@@H]4C3)cc(-n3ccc(C(C)C)n3)nc2c1C,-4.8219547,c1c(-n2ccc(C(C)C)n2)nc2c(ccc(OC)c2C)c1O[C@@H]1C[C@H]2C(=O)N[C@]3(C(=O)NS(C4CC4)(=O)=O)C[C@H]3/C=C\CCCCN(C)C(=O)[C@@H]2C1,ABaraaasa{B{A**Q}tA{A*Q}uA{~B}D{A*}v{A{~B}DE{~B}{~B}AwAAw}A{A*Q}v|A~A!AAAAD{A}A{~B}{A**Q}uAt}aa{_dtaaa{A{A}A}dt}dasarA,30.869520900257843
32h,COc1ccc2c(O[C@@H]3C[C@H]4C(=O)N[C@]5(C(=O)NS(=O)(=O)C6CC6)C[C@H]5/C=C\CCCCN(C)C(=O)[C@@H]4C3)cc(-c3cccc(C(C)C)n3)nc2c1C,-4.9204097,[C@@]12(C(=O)NS(=O)(C3CC3)=O)C[C@H]1/C=C\CCCCN(C)C(=O)[C@@H]1C[C@H](Oc3c4ccc(OC)c(C)c4nc(-c4nc(C(C)C)ccc4)c3)C[C@H]1C(=O)N2,ABaraaasa{B{A**Q}tA{A*Q}uA{~B}D{A*}v{A{~B}DE{~B}{~B}AwAAw}A{A*Q}v|A~A!AAAAD{A}A{~B}{A**Q}uAt}aa{_ataaaa{A{A}A}dt}dasarA,33.18610902653606
DXG (9),COc1ccc(-c2cc(=O)c3c(O)cc(OC4O[C@H](CO[C@@H]5OC[C@@H](O)[C@H](O)[C@H]5O)[C@@H](O)[C@H](O)[C@H]4O)cc3o2)cc1O,-6.1599998,c1c(O)c(OC)ccc1-c1oc2cc(OC3[C@H](O)[C@@H](O)[C@H](O)[C@@H](CO[C@H]4[C@H](O)[C@@H](O)[C@H](O)CO4)O3)cc(O)c2c(=O)c1,ABaraaa{_asaa{~B}ata{B}aa{BAuB{A*Q}{AB{A**Q}vBA{A**Q}{B}{A*Q}{B}{A*Q}vB}{A**Q}{B}{A*Q}{B}{A*Q}uB}aatbs}aarB,62.35293353633253
Isovitexin (10),O=c1cc(-c2ccc(O)cc2)oc2cc(O)c([C@@H]3O[C@H](CO)[C@@H](O)[C@H](O)[C@H]3O)c(O)c12,-6.2003298,Oc1c([C@@H]2O[C@H](CO)[C@@H](O)[C@H](O)[C@H]2O)c(O)cc2c1c(=O)cc(-c1ccc(O)cc1)o2,B~araa{_asaaa{B}aas}basaa{B}a{{A**Q}tB{A*Q}{AB}{A**Q}{B}{A*Q}{B}{A*Q}tB}a{B}ars,63.30187466814706
DG (13),COc1ccc(-c2cc(=O)c3c(O)cc(O[C@@H]4O[C@H](CO)[C@@H](O)[C@H](O)[C@H]4O)cc3o2)cc1O,-6.9204097,c12c(O)cc(O[C@H]3[C@H](O)[C@@H](O)[C@H](O)[C@@H](CO)O3)cc1oc(-c1cc(O)c(OC)cc1)cc2=O,ABaraaa{_asaa{~B}ata{B}aa{B{A**Q}uB{A*Q}{AB}{A**Q}{B}{A*Q}{B}{A*Q}uB}aatbs}aarB,80.24493034141506
Kaempferol (16),O=c1c(O)c(-c2ccc(O)cc2)oc2cc(O)cc(O)c12,-4.9899998,Oc1ccc(-c2oc3cc(O)cc(O)c3c(=O)c2O)cc1,B~ara{B}a{_asaaa{B}aas}basaa{B}aa{B}ars,34.82352306712832
Tamarixetin (17),COc1ccc(-c2oc3cc(O)cc(O)c3c(=O)c2O)cc1O,-5.0013065,Oc1cc(O)cc2c1c(=O)c(O)c(-c1ccc(OC)c(O)c1)o2,ABaraaa{_asbataa{B}aa{B}ata{~B}asB}aarB,35.0895630546088
Quercitrin (21),C[C@@H]1O[C@@H](Oc2c(-c3ccc(O)c(O)c3)oc3cc(O)cc(O)c3c2=O)[C@@H](O)[C@H](O)[C@@H]1O,-6.0999999,c12c(c(=O)c(O[C@H]3[C@@H](O)[C@H](O)[C@H](O)[C@H](C)O3)c(-c3ccc(O)c(O)c3)o1)c(O)cc(O)c2,A{A**Q}rB{A**Q}{Basa{_ataaa{B}a{B}at}bataa{B}aa{B}atas~B}{A**Q}{B}{A*Q}{B}{A**Q}rB,60.941171249827235
Isoquercitrin (22),O=c1c(O[C@@H]2O[C@H](CO)[C@@H](O)[C@H](O)[C@H]2O)c(-c2ccc(O)c(O)c2)oc2cc(O)cc(O)c12,-6.27,c1c(O)c(O)ccc1-c1oc2cc(O)cc(O)c2c(=O)c1O[C@@H]1O[C@H](CO)[C@@H](O)[C@H](O)[C@H]1O,B~ara{B{A**Q}sB{A*Q}{AB}{A**Q}{B}{A*Q}{B}{A*Q}sB}a{_asaaa{B}a{B}as}basaa{B}aa{B}ars,64.94117341453301
IRR (23),COc1cc(-c2oc3cc(O)cc(O)c3c(=O)c2OC2O[C@H](CO[C@H]3O[C@H](C)[C@@H](O)[C@H](O)[C@@H]3O)[C@@H](O)[C@H](O)[C@H]2O)ccc1O,-6.5388007,[C@H]1(OC[C@H]2OC(Oc3c(=O)c4c(O)cc(O)cc4oc3-c3ccc(O)c(OC)c3)[C@H](O)[C@@H](O)[C@@H]2O)O[C@H](C)[C@@H](O)[C@H](O)[C@@H]1O,ABaraa{_asbataa{B}aa{B}ata{~B}asBAsB{A*Q}{AB{A*Q}tB{A*Q}{A}{A**Q}{B}{A*Q}{B}{A**Q}tB}{A**Q}{B}{A*Q}{B}{A*Q}sB}aaarB,71.26589546984022
Eriodictyol (28),O=C1CC(c2ccc(O)c(O)c2)Oc2cc(O)cc(O)c21,-5.2800002,c1c(O)c(O)ccc1C1Oc2cc(O)cc(O)c2C(=O)C1,B~ArAA{asaaa{B}a{B}as}Basaa{B}aa{B}asr,41.64706156955004
Puerarin (34),O=c1c(-c2ccc(O)cc2)coc2c(C3O[C@H](CO)[C@@H](O)[C@H](O)[C@H]3O)c(O)ccc12,-6.3989701,c1cc2c(occ(-c3ccc(O)cc3)c2=O)c(C2O[C@H](CO)[C@@H](O)[C@H](O)[C@H]2O)c1O,B~ara{_asaaa{B}aas}abasa{AtB{A*Q}{AB}{A**Q}{B}{A*Q}{B}{A*Q}tB}a{B}aaars,67.97576385996403
Isoliquiritigenin (35),O=C(/C=C/c1ccc(O)cc1)c1ccc(O)cc1O,-4.8378239,c1c(/C=C/C(c2ccc(O)cc2O)=O)ccc(O)c1,B~A{|A~A|araaa{B}aar}araaa{B}aarB,31.242913823862878
(-)-Epicatechin (36),Oc1cc(O)c2c(c1)O[C@H](c1ccc(O)c(O)c1)[C@H](O)C2,-6.4311924000000005,Oc1ccc([C@@H]2[C@H](O)Cc3c(cc(O)cc3O)O2)cc1O,Baraa{B}asa{ar}B{A*Q}{araaa{B}a{B}ar}{A*Q}{B}As,68.73393558899127
7d,Cc1ccc(N2CCN(C(=O)[C@H](C)Cc3ccc(Cl)cc3)CC2)c([C@@H](N)C(C)C)c1,-5.3000002,c1cc(Cl)ccc1C[C@H](C(N1CCN(c2c([C@@H](N)C(C)C)cc(C)cc2)CC1)=O)C,Aaraaa{DsAAD{A{~B}{A*Q}{A}Aataaa{Z}aat}AAs}a{{A**Q}{D}A{A}A}ar,42.11764978269884
9__23,CNCCN[C@H](c1cc(C)ccc1N1CCN(C(=O)[C@H](C)Cc2ccc(Cl)cc2F)CC1)C(C)C,-5.52,N(CCN[C@H](c1cc(C)ccc1N1CCN(C(=O)[C@@H](Cc2ccc(Cl)cc2F)C)CC1)C(C)C)C,ADAAD{A*Q}{araa{A}aaarDrAAD{A{~B}{A*Q}{A}Aasaaa{Z}aasG}AAr}A{A}A,47.29411542145338
10c,CNCC(=O)N[C@H](c1cccc(F)c1N1CCN(C(=O)[C@H](C)Cc2ccc(Cl)cc2Cl)CC1)C(C)C,-5.6999998,[C@H](C(=O)N1CCN(c2c(F)cccc2[C@H](C(C)C)NC(CNC)=O)CC1)(Cc1ccc(Cl)cc1Cl)C,ADAA{~B}D{A*Q}{araaaa{G}arDrAAD{A{~B}{A*Q}{A}Aasaaa{Z}aasZ}AAr}A{A}A,51.52940463391036
10d,CC(C)[C@H](NC(=O)CCN(C)C)c1cccc(F)c1N1CCN(C(=O)[C@H](C)Cc2ccc(Cl)cc2)CC1,-5.0,c1([C@@H](NC(=O)CCN(C)C)C(C)C)c(N2CCN(C([C@@H](Cc3ccc(Cl)cc3)C)=O)CC2)c(F)ccc1,AA{A}{A*Q}{DA{~B}AAD{A}A}araaaa{G}arDrAAD{A{~B}{A*Q}{A}Aasaaa{Z}aas}AAr,35.058821879584855
11b,Cc1ccc(N2CCN(C(=O)[C@H](C)Cc3ccc(Cl)cc3)CC2)c([C@@H](NC(=O)CCN)C(C)C)c1,-5.521439099999999,Cc1ccc(N2CCN(C(=O)[C@@H](Cc3ccc(Cl)cc3)C)CC2)c([C@@H](NC(=O)CCN)C(C)C)c1,Aaraaa{DsAAD{A{~B}{A*Q}{A}Aataaa{Z}aat}AAs}a{{A**Q}{DA{~B}AAD}A{A}A}ar,47.327976596330494
11c,CNCCC(=O)N[C@H](c1cc(C)ccc1N1CCN(C(=O)[C@H](C)Cc2ccc(Cl)cc2)CC1)C(C)C,-4.9204097,Clc1ccc(C[C@H](C(N2CCN(c3ccc(C)cc3[C@H](C(C)C)NC(CCNC)=O)CC2)=O)C)cc1,ADAAA{~B}D{A*Q}{araa{A}aaarDrAAD{A{~B}{A*Q}{A}Aasaaa{Z}aas}AAr}A{A}A,33.18610902653606
11e,Cc1ccc(N2CCN(C(=O)[C@H](C)Cc3ccc(Cl)cc3F)CC2)c([C@@H](NC(=O)CCN(C)C)C(C)C)c1,-4.4308991,Clc1ccc(C[C@@H](C)C(N2CCN(c3ccc(C)cc3[C@H](C(C)C)NC(CCN(C)C)=O)CC2)=O)c(F)c1,Aaraaa{DsAAD{A{~B}{A*Q}{A}Aataaa{Z}aatG}AAs}a{{A**Q}{DA{~B}AAD{A}A}A{A}A}ar,21.668213097966454
12c,COc1cc(Cl)ccc1C[C@@H](C)C(=O)N1CCN(c2ccc(Cl)cc2[C@@H](NC(=O)C(C)N)C(C)C)CC1,-5.521439099999999,N([C@@H](C(C)C)c1cc(Cl)ccc1N1CCN(C(=O)[C@H](C)Cc2c(OC)cc(Cl)cc2)CC1)C(=O)C(C)N,ABaraa{Z}aaarA{A**Q}{A}A{~B}DrAAD{asaaa{Z}aas{A**Q}{DA{~B}A{A}D}A{A}A}AAr,47.327976596330494
12d__24,CC(C)[C@H](NC(=O)CCN(C)C)c1cc(Cl)ccc1N1CCN(C(=O)[C@H](C)Cc2ccc(Cl)cc2)CC1,-5.0478787,c1(C[C@@H](C)C(N2CCN(c3c([C@@H](NC(CCN(C)C)=O)C(C)C)cc(Cl)cc3)CC2)=O)ccc(Cl)cc1,AA{A}{A*Q}{DA{~B}AAD{A}A}araa{Z}aaarDrAAD{A{~B}{A*Q}{A}Aasaaa{Z}aas}AAr,36.185379473629204
"3-[5-(4-hydroxyphenyl)-1,3-oxazol-2-yl]phenol (18)",Oc1ccc(-c2cnc(-c3cccc(O)c3)o2)cc1,-5.1011863,o1c(-c2ccc(O)cc2)cnc1-c1cccc(O)c1,Baraaa{_asada{_ataaaa{B}at}bs}aar,37.43967588519173
N-(4-Chlorophenyl)-1-(2-(pyridin-4-yl)ethyl)-1H-pyrazole-5-carboxamide (11),O=C(Nc1ccc(Cl)cc1)c1ccnn1CCc1ccncc1,-5.1590075,O=C(c1ccnn1CCc1ccncc1)Nc1ccc(Cl)cc1,B~A{Daraaa{Z}aar}araaddrAAaraadaar,38.80017464469768
19,CCc1ccc(NC(=O)c2ccnn2CCc2ccncc2)cc1,-5.0116143,C(c1ccnn1CCc1ccncc1)(Nc1ccc(CC)cc1)=O,AAaraaa{DA{~B}asaaddsAAasaadaas}aar,35.33209951378355
20__25,O=C(Nc1ccc(OC(F)(F)F)cc1)c1ccnn1CCc1ccncc1,-5.1515226,n1(CCc2ccncc2)nccc1C(Nc1ccc(OC(F)(F)F)cc1)=O,B~A{Daraaa{BA{G}{G}G}aar}araaddrAAaraadaar,38.62405935886779
N-(4-(Chlorodifluoromethoxy)phenyl)-1-(2-(pyridin-4-yl)ethyl)-1H-pyrazole-5-carboxamide (22),O=C(Nc1ccc(OC(F)(F)Cl)cc1)c1ccnn1CCc1ccncc1,-5.3275695,c1c(OC(Cl)(F)F)ccc(NC(=O)c2ccnn2CCc2ccncc2)c1,B~A{Daraaa{BA{G}{G}Z}aar}araaddrAAaraadaar,42.766339163936976
N-(4-tert-Butylphenyl)-1-(2-(pyridin-4-yl)ethyl)-1H-pyrazole-5-carboxamide (23),CC(C)(C)c1ccc(NC(=O)c2ccnn2CCc2ccncc2)cc1,-5.1295056,c1nn(CCc2ccncc2)c(C(=O)Nc2ccc(C(C)(C)C)cc2)c1,AA{A}{A}araaa{DA{~B}asaaddsAAasaadaas}aar,38.10601232442294
24,CC(C)c1ccc(NC(=O)c2ccnn2CCc2ccncc2)cc1,-5.0886235,C(C)(c1ccc(NC(c2ccnn2CCc2ccncc2)=O)cc1)C,AA{A}araaa{DA{~B}asaaddsAAasaadaas}aar,37.14408060498444
1__26,Cc1cc(COc2ccc(C(=O)N[C@@H]3CC4(C[C@@H]3C(=O)NO)OCCO4)cc2)c2ccccc2n1,-5.7423639,c1(OCc2c3c(cccc3)nc(C)c2)ccc(C(N[C@@H]2CC3(OCCO3)C[C@@H]2C(=O)NO)=O)cc1,Aaraa{ABasaaa{A{~B}D{A**Q}tAAu{A{A**Q}tA{~B}DB}BAABu}aas}asaaaaasdr,52.5262069399432
"18 (5R,S)",Cc1cc(COc2ccc(C(=O)N[C@@H]3C[C@@]4(CCCO4)C[C@@H]3C(=O)NO)cc2)c2ccccc2n1,-5.6319547,c12c(COc3ccc(C(N[C@@H]4C[C@]5(OCCC5)C[C@@H]4C(=O)NO)=O)cc3)cc(C)nc1cccc2,Aaraa{ABasaaa{A{~B}D{A**Q}tA{A**}u{AAABu}A{A**Q}tA{~B}DB}aas}asaaaaasdr,49.92834353278383
4-(Pyridin-4-ylmethylamino)-N-(3-(trifluoromethyl)phenyl)isothiazole-3-carboxamide (3),O=C(Nc1cccc(C(F)(F)F)c1)c1nscc1NCc1ccncc1,-5.158072,c1(C(=O)Nc2cccc(C(F)(F)F)c2)nscc1NCc1ccncc1,B~A{Daraaaa{A{G}{G}G}ar}ardeaarDAaraadaar,38.778162881027626
9__27,O=C(Nc1cccc(OC(F)(F)F)c1)c1nscc1NCc1ccncc1,-5.1003633000000015,C(F)(F)(Oc1cc(NC(c2nscc2NCc2ccncc2)=O)ccc1)F,B~A{Daraaaa{BA{G}{G}G}ar}ardeaarDAaraadaar,37.420311180220686
N-(3-tertbutylphenyl)-4-(pyridin-4-ylmethylamino)isothiazole-3-carboxamide (11),CC(C)(C)c1cccc(NC(=O)c2nscc2NCc2ccncc2)c1,-5.2516832,c1c(CNc2csnc2C(=O)Nc2cc(C(C)(C)C)ccc2)ccnc1,AA{A}{A}araaaa{DA{~B}asdeaasDAasaadaas}ar,40.98077924796333
14__28,O=C(Nc1cccc(Br)c1)c1nscc1NCc1ccncc1,-5.2606096,c1(NC(c2nscc2NCc2ccncc2)=O)cccc(Br)c1,B~A{Daraaaa{Y}ar}ardeaarDAaraadaar,41.19081217925591
22__29,Cc1ccc(NC(=O)c2nscc2NCc2ccncc2)cc1C(F)(F)F,-5.2295737,FC(c1cc(NC(=O)c2c(NCc3ccncc3)csn2)ccc1C)(F)F,Aaraaa{DA{~B}asdeaasDAasaadaas}aarA{G}{G}G,40.46055574303268
4-(quinolin-4-ylmethylamino)-N-(3-(trifluoromethyl)phenyl)isothiazole-3-carboxamide (30),O=C(Nc1cccc(C(F)(F)F)c1)c1nscc1NCc1ccnc2ccccc12,-5.5700002,c1ccc2c(CNc3c(C(=O)Nc4cc(C(F)(F)F)ccc4)nsc3)ccnc2c1,B~A{Daraaaa{A{G}{G}G}ar}ardeaarDAaraadasaaaaars,48.47059066020749
6__30,Cn1c(NCCCN2CCC(CN3c4ccccc4Sc4ccc(C(=O)O)cc43)CC2)cc(=O)n(C)c1=O,-5.8989701,c12c(ccc(C(=O)O)c1)Sc1ccccc1N2CC1CCN(CCCNc2n(C)c(=O)n(C)c(=O)c2)CC1,Adra{DAAADsAAA{ADtauaaaaauEauaaa{A{~B}B}aaut}AAs}aa{~B}d{A}ar~B,56.2110585312443
6b,CN(CCCN1CCC(CN2c3ccccc3Sc3ccc(C(=O)O)cc32)CC1)c1cc(=O)n(C)c(=O)n1C,-5.7209244,C1(CN2c3c(cccc3)Sc3ccc(C(=O)O)cc32)CCN(CCCN(C)c2cc(=O)n(C)c(=O)n2C)CC1,AD{AAADrAAA{ADsataaaaatEataaa{A{~B}B}aats}AAr}araa{~B}d{A}a{~B}drA,52.021748140153036
22__31,Cn1c(N2CCCN(CCCN3c4ccccc4Sc4ccc(C(=O)O)cc43)CC2)cc(=O)n(C)c1=O,-4.8289509000000015,c12c(cc(C(=O)O)cc1)N(CCCN1CCCN(c3n(C)c(=O)n(C)c(=O)c3)CC1)c1c(cccc1)S2,Adra{DsAAAD{AAADtauaaaaauEauaaa{A{~B}B}aaut}AAs}aa{~B}d{A}ar~B,31.034137363099457
24__32,Cn1c(N2CCCN(CCCN3c4ccccc4Sc4c(C(=O)O)cccc43)CC2)cc(=O)n(C)c1=O,-5.8005152,C1N(CCCN2c3c(c(C(O)=O)ccc3)Sc3ccccc32)CCN(c2n(C)c(=O)n(C)c(=O)c2)CC1,Adra{DsAAAD{AAADtauaaaaauEaua{A{~B}B}aaaaut}AAs}aa{~B}d{A}ar~B,53.894472757907174
25,Cn1c(N2CCN(CCN3c4ccccc4Sc4ccc(C(=O)O)cc43)CC2)cc(=O)n(C)c1=O,-5.3099999,S1c2c(cc(C(=O)O)cc2)N(CCN2CCN(c3cc(=O)n(C)c(=O)n3C)CC2)c2c1cccc2,Adra{DsAAD{AADtauaaaaauEauaaa{A{~B}B}aaut}AAs}aa{~B}d{A}ar~B,42.35293683045004
26,Cn1c(N2CCN(CCCCN3c4ccccc4Sc4ccc(C(=O)O)cc43)CC2)cc(=O)n(C)c1=O,-4.6900001,c1c(N2CCN(CCCCN3c4ccccc4Sc4ccc(C(=O)O)cc43)CC2)n(C)c(=O)n(C)c1=O,Adra{DsAAD{AAAADtauaaaaauEauaaa{A{~B}B}aaut}AAs}aa{~B}d{A}ar~B,27.764706928719672
28,Cn1c(N2CCCN(CCCN3c4ccccc4Sc4ccc(CC(=O)O)cc43)CC2)cc(=O)n(C)c1=O,-5.2600002,c1(=O)cc(N2CCN(CCCN3c4ccccc4Sc4c3cc(CC(O)=O)cc4)CCC2)n(C)c(=O)n1C,Adra{DsAAAD{AAADtauaaaaauEauaaa{AA{~B}B}aaut}AAs}aa{~B}d{A}ar~B,41.17647335640126
30,Cn1c(N2CCCN(CCCN3c4ccccc4Sc4ccc(CCC(=O)O)cc43)CC2)cc(=O)n(C)c1=O,-5.1100001,C(CCN1c2cc(CCC(O)=O)ccc2Sc2ccccc21)N1CCN(c2n(C)c(=O)n(C)c(=O)c2)CCC1,Adra{DsAAAD{AAADtauaaaaauEauaaa{AAA{~B}B}aaut}AAs}aa{~B}d{A}ar~B,37.647059404844256
32__33,Cn1c(N2CCCN(CCCN3c4ccccc4Sc4ccc(C(C)(C)C(=O)O)cc43)CC2)cc(=O)n(C)c1=O,-5.0,Cn1c(=O)n(C)c(N2CCCN(CCCN3c4cc(C(C(=O)O)(C)C)ccc4Sc4c3cccc4)CC2)cc1=O,Adra{DsAAAD{AAADtauaaaaauEauaaa{A{A}{A}A{~B}B}aaut}AAs}aa{~B}d{A}ar~B,35.058821879584855
34__34,Cn1c(N2CCCN(CCCN3c4ccccc4Sc4ccc(OCC(=O)O)cc43)CC2)cc(=O)n(C)c1=O,-5.8005152,O=c1n(C)c(N2CCCN(CCCN3c4c(ccc(OCC(=O)O)c4)Sc4c3cccc4)CC2)cc(=O)n1C,Adra{DsAAAD{AAADtauaaaaauEauaaa{BAA{~B}B}aaut}AAs}aa{~B}d{A}ar~B,53.894472757907174
35,Cn1c(N2CCCN(CCCN3c4ccccc4Sc4ccc(/C=C/C(=O)O)cc43)CC2)cc(=O)n(C)c1=O,-4.6493707,c1cccc2c1Sc1c(cc(/C=C/C(=O)O)cc1)N2CCCN1CCCN(c2cc(=O)n(C)c(=O)n2C)CC1,Adra{DsAAAD{AAADtauaaaaauEauaaa{|A~A|A{~B}B}aaut}AAs}aa{~B}d{A}ar~B,26.80872109135431
36__35,Cn1c(C2=CCN(CCCN3c4ccccc4Sc4ccc(CC(=O)O)cc43)CC2)cc(=O)n(C)c1=O,-4.8289509000000015,c1(=O)cc(C2=CCN(CCCN3c4cc(CC(O)=O)ccc4Sc4ccccc43)CC2)n(C)c(=O)n1C,Adra{As~AAD{AAADtauaaaaauEauaaa{AA{~B}B}aaut}AAs}aa{~B}d{A}ar~B,31.034137363099457
17d,CC(C)[C@@H](C(=O)N[C@H](C)Cc1ccc(O)c(C(C)(C)C)c1)N(C)C(=O)[C@@H](N)Cc1ccccc1,-4.9186072,c1c(C[C@H](N)C(N(C)[C@H](C(N[C@@H](Cc2ccc(O)c(C(C)(C)C)c2)C)=O)C(C)C)=O)cccc1,AA{A}{A**Q}{A{~B}D{A*Q}{A}Aaraaa{B}a{A{A}{A}A}ar}D{A}A{~B}{A**Q}{D}Aaraaaaar,33.14369726382602
KAR-2,CC[C@]1(O)C[C@H]2CN(CCc3c([nH]c4ccccc34)[C@@](C(=O)OC)(c3cc4c(cc3OC)N(C)[C@H]3[C@@]5(C[C@]6(CC)C=CCN7CC[C@]43[C@@H]76)OC(=O)N(CCCl)C5=O)C2)C1,-4.8616409,O(C([C@@]1(c2c(OC)cc3c(c2)[C@@]24CCN5CC=C[C@@](CC)(C[C@]6(C(=O)N(CCCl)C(=O)O6)[C@@H]2N3C)[C@H]54)c2c(c3ccccc3[nH]2)CCN2C[C@@](CC)(O)C[C@H](C1)C2)=O)C,AA{A*}r{B}A{A*Q}sAD{AAata{{dQ}auaaaaatu}{A**}{A{~B}BA}{ataaua{aatBA}D{A}{A*Q}t{A**}v{A{A*}w{AA}A~AADxAA{A*}ut{A**Q}xw}BA{~B}D{AAZ}Av~B}As}Ar,31.80331379749112
11-keto-beta-boswellic acid (KBA),C[C@H]1C[C@@]2(C)C(=CC(=O)[C@@H]3[C@]4(C)CC[C@@H](O)[C@@](C)(C(=O)O)[C@H]4CC[C@]32C)[C@@H]2[C@@H](C)[C@H](C)CC[C@H]12,-5.8000002,[C@@H]1(C)[C@@H]2[C@H](CC[C@H]1C)[C@@H](C)C[C@]1(C)[C@]3(C)CC[C@H]4[C@](C)([C@H]3C(=O)C=C21)CC[C@@H](O)[C@]4(C(=O)O)C,A{A*Q}rA{A**}s{A}A{~AA{~B}{A**Q}t{A*}u{A}AA{A**Q}{B}{A**}{A}{A{~B}B}{A*Q}uAA{A*}tsA}{A**Q}s{A**Q}{A}{A*Q}{A}AA{A*Q}rs,53.88235511141859
Bis(7)-tacrine (B7T),c1ccc2c(NCCCCCCCNc3c4c(nc5ccccc35)CCCC4)c3c(nc2c1)CCCC3,-5.441246499999999,n1c2c(c(NCCCCCCCNc3c4c(nc5ccccc53)CCCC4)c3c1cccc3)CCCC2,araaasa{DAAAAAAADataua{davaaaaatv}AAAAu}ata{dasar}AAAAt,45.441091979242714
1__36,Cc1c(O)c2c(c(C)c1CCO)C(=O)C(C)(C)C2,-4.7597256,Oc1c2c(c(C)c(CCO)c1C)C(=O)C(C)(C)C2,Aara{B}asa{a{A}arAAB}A{~B}A{A}{A}As,29.405306851514982
3__37,Cc1c(O)c2c(c(C)c1CCO[C@@H]1O[C@H](CO)[C@@H](O)[C@H](O)[C@H]1O)C(=O)C(C)(C)C2,-6.0107207,C1(C)(C)Cc2c(O)c(C)c(CCO[C@@H]3O[C@H](CO)[C@@H](O)[C@H](O)[C@H]3O)c(C)c2C1=O,Aara{B}asa{a{A}arAAB{A**Q}rB{A*Q}{AB}{A**Q}{B}{A*Q}{B}{A*Q}rB}A{~B}A{A}{A}As,58.84048428985957
"Quercetin 3,4'-diglucoside",O=c1c(OC2O[C@H](CO)[C@@H](O)[C@H](O)[C@H]2O)c(-c2ccc(OC3O[C@H](CO)[C@@H](O)[C@H](O)[C@H]3O)c(O)c2)oc2cc(O)cc(O)c12,-7.0478787,O[C@H]1C(Oc2ccc(-c3c(OC4O[C@H](CO)[C@@H](O)[C@H](O)[C@H]4O)c(=O)c4c(cc(O)cc4O)o3)cc2O)O[C@H](CO)[C@@H](O)[C@@H]1O,B~ara{BAsB{A*Q}{AB}{A**Q}{B}{A*Q}{B}{A*Q}sB}a{_asaaa{BAtB{A*Q}{AB}{A**Q}{B}{A*Q}{B}{A*Q}tB}a{B}as}basaa{B}aa{B}ars,83.24420078850818
D-Glu(OBzl)-Ala,CC(NC(=O)[C@@H](N)CCC(=O)OCc1ccccc1)C(=O)O,-5.6912522,c1(COC(=O)CC[C@@H](C(NC(C(=O)O)C)=O)N)ccccc1,AA{DA{~B}{A**Q}{D}AAA{~B}BAaraaaaar}A{~B}B,51.323578761243354
D-Ser(Bzl)-Ala,CC(NC(=O)[C@@H](N)COCc1ccccc1)C(=O)O,-5.9906998,C(c1ccccc1)OC[C@H](N)C(=O)NC(C(O)=O)C,AA{DA{~B}{A**Q}{D}ABAaraaaaar}A{~B}B,58.369404312028024
Glycocholate,C[C@H](CCC(=O)NCC(=O)[O-])[C@H]1CC[C@H]2[C@H]3[C@H](C[C@H](O)[C@@]21C)[C@@]1(C)CC[C@@H](O)C[C@H]1C[C@H]3O,-5.7141905,[C@H]1(O)C[C@H]2[C@H]([C@@H]3CC[C@H]([C@@H](CCC(NCC(=O)[O-])=O)C)[C@@]13C)[C@H](O)C[C@@H]1C[C@H](O)CC[C@]21C,A{A*Q}{AAA{~B}DAA{~B}{B_}}{A*Q}rAA{A*Q}s{A*Q}t{A*Q}{A{A*Q}{B}{A**}srA}{A**}r{A}AA{A**Q}{B}A{A*Q}rA{A*Q}tB,51.8633034417269
F-(S)-IZD,O=C1C[C@@H](c2ccc(C[C@H](NS(=O)(=O)c3ccccc3)c3nc4ccccc4[nH]3)cc2F)S(=O)([O-])=N1,-6.521439099999999,c1(C[C@H](NS(=O)(=O)c2ccccc2)c2[nH]c3ccccc3n2)cc(F)c([C@@H]2CC(=O)N=S2([O-])=O)cc1,B~ArA{A**Q}{asaaa{A{A*Q}{DE{~B}{~B}ataaaaat}atdauaaaaau{dQ}t}aasG}E{~B}{{B_}}~Dr,70.85738725376999
Cyclo(-PFMewKTMeF-) (7),C[C@@H](O)[C@@H]1NC(=O)[C@H](CCCCN)N(C)C(=O)[C@@H](Cc2c[nH]c3ccccc23)NC(=O)[C@H](Cc2ccccc2)NC(=O)[C@@H]2CCCN2C(=O)[C@H](Cc2ccccc2)N(C)C1=O,-6.570000200000001,c1cc(C[C@H]2C(=O)N3[C@H](C(=O)N[C@@H](Cc4ccccc4)C(=O)N[C@H](Cc4c5ccccc5[nH]c4)C(=O)N(C)[C@@H](CCCCN)C(=O)N[C@@H]([C@H](O)C)C(=O)N2C)CCC3)ccc1,A{A**Q}{B}{A**Q}rDA{~B}{A*Q}{AAAAD}D{A}A{~B}{A**Q}{Aasa{dQ}ataaaaast}DA{~B}{A*Q}{Aasaaaaas}DA{~B}{A**Q}sAAADsA{~B}{A*Q}{Aasaaaaas}D{A}Ar~B,72.00000131764702
M1,CN(C)CC1CCCCC1(O)c1cccc(O)c1,-4.7799463,c1c(O)cc(C2(O)CCCCC2CN(C)C)cc1,AD{A}AArAAAAAr{B}araaaa{B}ar,29.881088005595856
Epigallocatechin (EGC),Oc1cc(O)c2c(c1)O[C@H](c1cc(O)c(O)c(O)c1)[C@H](O)C2,-6.8284068,c1(O)cc(O)cc2c1C[C@@H](O)[C@@H](c1cc(O)c(O)c(O)c1)O2,Baraa{B}asa{ar}B{A*Q}{araa{B}a{B}a{B}ar}{A*Q}{B}As,78.08015632563969
Fluorescein,O=C(O)c1ccccc1-c1c2ccc(=O)cc-2oc2cc(O)ccc12,-4.77,c1c2c(-c3ccccc3C(O)=O)c3c(cc(O)cc3)oc-2cc(=O)c1,B~A{B}araaaaar_arasaaa{~B}aa_sbasaa{B}aaars,29.647057428373756
DB377 (4),CCO/N=C(\N)c1ccc(-c2ccc(-c3ccc(/C(N)=N/OCC)cc3)o2)cc1,-5.2295737,C(O/N=C(/c1ccc(-c2ccc(-c3ccc(/C(=N/OCC)N)cc3)o2)cc1)N)C,AAB|D~A{!D}araaa{_asaaa{_ataaa{|A{D}~D|BAA}aat}bs}aar,40.46055574303268
NS5B inhibitor 2,CC(C)CCn1c(=O)c(C2=NS(=O)(=O)c3ccccc3N2)c(O)c2cccn21,-4.9593034000000005,Oc1c(C2=NS(=O)(=O)c3ccccc3N2)c(=O)n(CCC(C)C)n2c1ccc2,AA{A}AAdra{~B}a{As~DE{~B}{~B}ataaaaatDs}a{B}asaaadsr,34.10125486582331
Deoxynivalenol (DON),CC1=C[C@@H]2O[C@@H]3[C@@H](O)C[C@](C)([C@]34CO4)[C@]2(CO)[C@@H](O)C1=O,-5.3005152,O=C1C(C)=C[C@@H]2O[C@@H]3[C@@H](O)C[C@@](C)([C@]2(CO)[C@H]1O)[C@]31CO1,AAr~A{A**Q}sB{A**Q}t{A**Q}{B}A{A*}{A}{{A*}tuABu}{A*}s{AB}{A**Q}{B}Ar~B,42.129767429187424
Putrescine,NCCCCN,-4.5179658,C(CCN)CN,DAAAAD,23.716841236854528
Met-enkephalin,CSCC[C@H](NC(=O)[C@H](Cc1ccccc1)NC(=O)CNC(=O)CNC(=O)[C@@H](N)Cc1ccc(O)cc1)C(=O)O,-7.380000099999998,N(C(=O)[C@@H](N)Cc1ccc(O)cc1)CC(NCC(=O)N[C@@H](Cc1ccccc1)C(N[C@H](C(=O)O)CCSC)=O)=O,AEAA{A*Q}{DA{~B}{A*Q}{Aaraaaaar}DA{~B}ADA{~B}ADA{~B}{A**Q}{D}Aaraaa{B}aar}A{~B}B,91.05882159723188
[D-Ala2]Met-enkephalin,CSCC[C@H](NC(=O)[C@H](Cc1ccccc1)NC(=O)CNC(=O)[C@@H](C)NC(=O)[C@@H](N)Cc1ccc(O)cc1)C(=O)O,-7.02,c1(C[C@H](NC(=O)CNC(=O)[C@H](NC([C@@H](N)Cc2ccc(O)cc2)=O)C)C(N[C@@H](CCSC)C(O)=O)=O)ccccc1,AEAA{A*Q}{DA{~B}{A*Q}{Aaraaaaar}DA{~B}ADA{~B}{A**Q}{A}DA{~B}{A**Q}{D}Aaraaa{B}aar}A{~B}B,82.58823140761262
Metkephamid,CN[C@@H](CCSC)C(=O)NC(=O)[C@H](Cc1ccccc1)NC(=O)CNC(=O)[C@@H](C)NC(=O)[C@@H](N)Cc1ccc(O)cc1,-7.309999900000001,C([C@@H](NC(=O)CNC(=O)[C@H](NC(=O)[C@H](Cc1ccc(O)cc1)N)C)Cc1ccccc1)(NC([C@H](CCSC)NC)=O)=O,AD{A**Q}{AAEA}A{~B}DA{~B}{A*Q}{Aaraaaaar}DA{~B}ADA{~B}{A**Q}{A}DA{~B}{A**Q}{D}Aaraaa{B}aar,89.41175814532905
Oxazolidin-2-one (OXa),CC(=O)NCC1CN(c2ccc(C(C)=O)cc2)C(=O)O1,-4.5900002,c1c(N2CC(CNC(=O)C)OC2=O)ccc(C(C)=O)c1,AA{~B}DAArAD{asaaa{A{A}~B}aas}A{~B}Br,25.4117682159168
OXb,CC(=O)c1ccc(N2CC(CO)OC2=O)cc1,-4.1799998,C1C(CO)OC(=O)N1c1ccc(C(C)=O)cc1,AA{~B}araaa{DsAA{AB}BAs~B}aar,15.764700434602336
OXc,CC(=O)c1ccc(N2CC(CN)OC2=O)cc1,-4.8499999,N1(c2ccc(C(=O)C)cc2)C(=O)OC(CN)C1,AA{~B}araaa{DsAA{AD}BAs~B}aar,31.529407928027872
OXd,CCCOCOCC1CN(c2ccc(C(C)=O)cc2)C(=O)O1,-3.95,O=C1OC(COCOCCC)CN1c1ccc(C(=O)C)cc1,AAABABAArAD{asaaa{A{A}~B}aas}A{~B}Br,10.352940689273389
OXe,CC(=O)NC(O)CNc1ccc(C(C)=O)cc1,-5.2199998,OC(NC(=O)C)CNc1ccc(C(C)=O)cc1,AA{~B}DA{B}ADaraaa{A{A}~B}aar,40.23528751833941
OXf,CC(=O)NCC1CN(c2ccc(C(C)=O)cc2)S(=O)N1C,-5.119999900000002,C(C)(=O)NCC1CN(c2ccc(C(=O)C)cc2)S(=O)N1C,AA{~B}DAArAD{asaaa{A{A}~B}aas}E{~B}DrA,37.882348805536566
OXh,CC(=O)NCC1CN(c2ccc(C(C)O)cc2)C(=O)N1,-5.6999998,CC(NCC1NC(=O)N(c2ccc(C(O)C)cc2)C1)=O,AA{~B}DAArAD{asaaa{A{A}B}aas}A{~B}Dr,51.52940463391036
OXo,CC(=O)NCC1CN(S(=O)(=O)c2ccc(C)cc2)C(=O)O1,-4.7199998,Cc1ccc(S(=O)(=O)N2CC(CNC(=O)C)OC2=O)cc1,AA{~B}DAArAD{E{~B}{~B}asaaa{A}aas}A{~B}Br,28.470582189619662
OXn,CC(=O)c1ccc2c(c1)N1C(=O)OCC1CC2,-4.0100002,C(c1cc2c(cc1)CCC1COC(=O)N21)(C)=O,AA{~B}araaasa{ar}DrA{~B}BAArAAs,11.764710034601892
Ac-Trp-Ala-Gly-Gly-Lys-Ala-NH2,CC(=O)N[C@@H](Cc1c[nH]c2ccccc12)C(=O)N[C@@H](C)C(=O)NCC(=O)NCC(=O)N[C@@H](CCCCN)C(=O)N[C@@H](C)C(N)=O,-7.309999900000001,NC(=O)[C@@H](NC([C@@H](NC(=O)CNC(CNC(=O)[C@@H](NC(=O)[C@H](Cc1c[nH]c2c1cccc2)NC(C)=O)C)=O)CCCCN)=O)C,AA{~B}D{A**Q}{Aara{dQ}asaaaaars}A{~B}D{A**Q}{A}A{~B}DAA{~B}DAA{~B}D{A**Q}{AAAAD}A{~B}D{A**Q}{A}A{D}~B,89.41175814532905
Cytarabine (1),O=c1nc(O)ccn1[C@@H]1O[C@H](CO)[C@@H](O)[C@@H]1O,-6.0999999,c1(=O)nc(O)ccn1[C@H]1[C@@H](O)[C@H](O)[C@@H](CO)O1,B~arda{B}aadr{A**Q}rB{A*Q}{AB}{A**Q}{B}{A**Q}rB,60.941171249827235
5'-L-valyl-cytarabine (2),CC(C)[C@H](N)C(=O)OC[C@H]1O[C@@H](n2ccc(O)nc2=O)[C@@H](O)[C@@H]1O,-5.23,CC([C@@H](C(OC[C@H]1O[C@@H](n2ccc(O)nc2=O)[C@@H](O)[C@@H]1O)=O)N)C,AA{A}{A*Q}{D}A{~B}BA{A*Q}rB{A**Q}{dsaaa{B}das~B}{A**Q}{B}{A**Q}rB,40.470586330795946
XM970,CCCCC(=O)NS(=O)(=O)c1ccccc1-c1ccc(Cn2c(CCC)nc(CC)c2C(=O)O)c(F)c1,-5.1999998,n1(Cc2c(F)cc(-c3ccccc3S(=O)(NC(=O)CCCC)=O)cc2)c(CCC)nc(CC)c1C(=O)O,AAAAA{~B}DE{~B}{~B}araaaaar_araaa{Adsa{AAA}da{AA}asA{~B}B}a{G}ar,39.76469930519061
E15,CC(C)S(=O)(=O)n1c(N)nc2ccc(/C(=C/C(N)=O)c3c(F)c(F)c(F)c(F)c3F)cc21,-4.1999998,c1(F)c(F)c(F)c(/C(=C\C(N)=O)c2ccc3nc(N)n(S(=O)(=O)C(C)C)c3c2)c(F)c1F,AA{A}E{~B}{~B}dra{D}dasaaa{|A{~A|A{D}~B}ata{G}a{G}a{G}a{G}atG}aasr,16.235288647751116
E17,CC(C)S(=O)(=O)n1c(N)nc2ccc(/C(=C/C(N)=O)c3cc(F)c(F)c(F)c3)cc21,-4.329999900000002,c1c(F)c(F)c(F)cc1/C(=C\C(N)=O)c1ccc2c(n(S(=O)(C(C)C)=O)c(N)n2)c1,AA{A}E{~B}{~B}dra{D}dasaaa{|A{~A|A{D}~B}ataa{G}a{G}a{G}at}aasr,19.294114386159364
E23,CNC(=O)/C=C(\c1cccc(F)c1)c1ccc2nc(N)n(S(=O)(=O)NC(=O)N3CCOCC3)c2c1,-4.3899999,C(\C(NC)=O)=C(\c1cc(F)ccc1)c1cc2n(S(=O)(NC(=O)N3CCOCC3)=O)c(N)nc2cc1,ADA{~B}|A~A{!araaaa{G}ar}araaasda{D}d{E{~B}{~B}DA{~B}DtAABAAt}asar,20.705879025605704
E24,CNC(=O)/C=C(\c1cccc(F)c1)c1ccc2nc(N)n(S(=O)(=O)NC(=O)N3CCCC3)c2c1,-4.099999899999999,N(S(=O)(n1c(N)nc2ccc(/C(c3cc(F)ccc3)=C/C(NC)=O)cc12)=O)C(N1CCCC1)=O,ADA{~B}|A~A{!araaaa{G}ar}araaasda{D}d{E{~B}{~B}DA{~B}DtAAAAt}asar,13.882349934948225
E25,NC(=O)/C=C(\c1cccc(F)c1)c1ccc2nc(N)n(S(=O)(=O)NC(=O)N3CCOCC3)c2c1,-4.7399998,c1c(/C(=C/C(N)=O)c2cc(F)ccc2)ccc2nc(N)n(S(NC(=O)N3CCOCC3)(=O)=O)c12,DA{~B}|A~A{!araaaa{G}ar}araaasda{D}d{E{~B}{~B}DA{~B}DtAABAAt}asar,28.941170402768446
E28,CNC(=O)/C=C(/c1ccc2nc(N)n(C3CCCC3)c2c1)c1ccccc1F,-5.1500001,c12c(n(C3CCCC3)c(N)n1)cc(/C(=C/C(NC)=O)c1c(F)cccc1)cc2,ADA{~B}|A~A{|araaasda{D}d{AtAAAAt}asar}araaaaarG,38.58823583114184
Naringin,C[C@@H]1O[C@@H](O[C@H]2[C@H](Oc3cc(O)c4c(c3)O[C@H](c3ccc(O)cc3)CC4=O)O[C@H](CO)[C@@H](O)[C@@H]2O)[C@H](O)[C@H](O)[C@H]1O,-6.820000200000001,c1c(O[C@H]2[C@H](O[C@@H]3O[C@@H](C)[C@H](O)[C@@H](O)[C@H]3O)[C@@H](O)[C@H](O)[C@@H](CO)O2)cc2c(c1O)C(=O)C[C@@H](c1ccc(O)cc1)O2,A{A**Q}rB{A**Q}{B{A*Q}s{A*Q}{Bataa{B}aua{at}B{A*Q}{ataaa{B}aat}AAu~B}B{A*Q}{AB}{A**Q}{B}{A**Q}sB}{A*Q}{B}{A*Q}{B}{A*Q}rB,77.88235398200689
N-desmethylclozapine__38,Clc1ccc2c(c1)NC(N1CCNCC1)=c1ccccc1=N2,-4.6799998,c1cccc2c1=C(N1CCNCC1)Nc1c(ccc(Cl)c1)N=2,Zaraaasa{ar}DA{DrAADAAr}~araaaaar~Ds,27.52940576332208
13__39,CCCCCCCCCC(=O)Nc1ccc(S(=O)(=O)Nc2nncs2)cc1,-5.46,c1cc(S(Nc2nncs2)(=O)=O)ccc1NC(CCCCCCCCC)=O,AAAAAAAAAA{~B}Daraaa{E{~B}{~B}Dasddaes}aar,45.88235078200702
14__40,CCCCCCCCCCCCc1ccc(S(=O)(=O)Nc2nncs2)cc1,-5.3200002,N(c1scnn1)S(=O)(c1ccc(CCCCCCCCCCCC)cc1)=O,AAAAAAAAAAAAaraaa{E{~B}{~B}Dasddaes}aar,42.58823799584762
VX-950,CCC[C@H](NC(=O)C1[C@H]2CCC[C@H]2CN1C(=O)[C@@H](NC(=O)[C@@H](NC(=O)c1cnccn1)C1CCCCC1)C(C)(C)C)C(=O)C(=O)NC1CC1,-5.3200002,C1[C@H]2[C@H](CCC2)C(C(=O)N[C@@H](CCC)C(=O)C(=O)NC2CC2)N1C(=O)[C@@H](NC([C@@H](NC(=O)c1cnccn1)C1CCCCC1)=O)C(C)(C)C,AAA{A*Q}{DA{~B}Ar{A*Q}sAAA{A*Q}sADrA{~B}{A**Q}{DA{~B}{A**Q}{DA{~B}aradaadr}ArAAAAAr}A{A}{A}A}A{~B}A{~B}DArAAr,42.58823799584762
BILN-2061,COc1ccc2c(O[C@@H]3CC4C(=O)N[C@]5(C(=O)O)C[C@@H]5/C=C\CCCCC[C@H](NC(=O)OC5CCCC5)C(=O)N4C3)cc(-c3csc(NC(C)C)n3)nc2c1,-5.6599998,c1(NC(C)C)nc(-c2cc(O[C@H]3CN4C(=O)[C@@H](NC(=O)OC5CCCC5)CCCCC/C=C\[C@H]5C[C@@]5(C(=O)O)NC(=O)C4C3)c3ccc(OC)cc3n2)cs1,ABaraaasa{B{A**Q}tAAuA{~B}D{A*}v{A{~B}B}A{A**Q}v|A~A!AAAAA{A*Q}{DA{~B}BAvAAAAv}A{~B}DuAt}aa{_ataea{DA{A}A}dt}dasar,50.58822820761278
2c,N=C(N)c1cccc(-n2nc(C(F)(F)F)cc2C(=O)Nc2ncc(-c3ccccc3S(N)(=O)=O)cn2)c1,-7.0,NS(c1c(-c2cnc(NC(=O)c3n(-c4cc(C(N)=N)ccc4)nc(C(F)(F)F)c3)nc2)cccc1)(=O)=O,D~A{D}araaaa{_dsda{A{G}{G}G}aasA{~B}Dasdaa{_ataaaaatE{D}{~B}~B}ads}ar,82.11764319446384
4b__41,Cc1cc(C(=O)Nc2ccc(-c3ccccc3S(N)(=O)=O)cc2F)n(-c2cccc(CN)c2)n1,-6.0,c1(C)cc(C(=O)Nc2c(F)cc(-c3ccccc3S(N)(=O)=O)cc2)n(-c2cccc(CN)c2)n1,Aaraa{A{~B}Dasaaa{_ataaaaatE{D}{~B}~B}aasG}d{_asaaaa{AD}as}dr,58.58823253702435
4c,Cc1cc(C(=O)Nc2ccc(-c3ccccc3S(C)(=O)=O)cc2)n(-c2cccc(CN)c2)n1,-5.9000001,c1(NC(=O)c2n(-c3cc(CN)ccc3)nc(C)c2)ccc(-c2ccccc2S(=O)(=O)C)cc1,Aaraa{A{~B}Dasaaa{_ataaaaatE{A}{~B}~B}aas}d{_asaaaa{AD}as}dr,56.23529382422146
4f,NCc1cccc(-n2nc(C(F)(F)F)cc2C(=O)Nc2ccc(-c3ccccc3S(N)(=O)=O)cc2F)c1,-6.0,NCc1cccc(-n2c(C(=O)Nc3ccc(-c4c(S(N)(=O)=O)cccc4)cc3F)cc(C(F)(F)F)n2)c1,DAaraaaa{_dsda{A{G}{G}G}aasA{~B}Dasaaa{_ataaaaatE{D}{~B}~B}aasG}ar,58.58823253702435
4g,CS(=O)(=O)c1ccccc1-c1ccc(NC(=O)c2cc(C(F)(F)F)nn2-c2cccc(CN)c2)cc1,-5.5,C(=O)(Nc1ccc(-c2ccccc2S(=O)(=O)C)cc1)c1cc(C(F)(F)F)nn1-c1cccc(CN)c1,AE{~B}{~B}araaaaar_araaa{DA{~B}asaa{A{G}{G}G}dds_asaaaa{AD}as}aar,46.823527208304604
4h,CS(=O)(=O)c1ccccc1-c1ccc(NC(=O)c2cc(C(F)(F)F)nn2-c2cccc(CN)c2)c(F)c1,-5.3000002,N(C(=O)c1n(-c2cc(CN)ccc2)nc(C(F)(F)F)c1)c1c(F)cc(-c2c(S(=O)(=O)C)cccc2)cc1,AE{~B}{~B}araaaaar_araaa{DA{~B}asaa{A{G}{G}G}dds_asaaaa{AD}as}a{G}ar,42.11764978269884
4c__42,COC(=O)/C=C/CNC(=O)CN1C(=O)[C@@H](COC(=O)Nc2ccc(Cl)cc2C(F)(F)F)N=C(c2ccccc2)c2ccccc21,-5.420000099999998,c1c(Cl)ccc(NC(OC[C@H]2N=C(c3ccccc3)c3ccccc3N(CC(=O)NC/C=C/C(OC)=O)C2=O)=O)c1C(F)(F)F,ABA{~B}|A~A|ADA{~B}ADrA{~B}{A**Q}{ABA{~B}Dasaaa{Z}aasA{G}{G}G}D~A{asaaaaas}asaaaaasr,44.94117670865047
1-naphthol,Oc1cccc2ccccc12,-4.4899998,c1(O)c2c(cccc2)ccc1,Baraaaasaaaaars,23.05881773840857
V__43,CC(C)C[C@H](O)[C@H](O)[C@H](CC1CCCCC1)NC(=O)CCCCCc1ccccc1,-5.1500001,c1c(CCCCCC(=O)N[C@@H](CC2CCCCC2)[C@@H](O)[C@@H](O)CC(C)C)cccc1,AA{A}A{A*Q}{B}{A*Q}{B}{A*Q}{AArAAAAAr}DA{~B}AAAAAaraaaaar,38.58823583114184
a,O=C(O)CC(CC1CCN(C(=O)CCc2ccc3c(n2)NCCC3)CC1)c1cnc2ccccc2c1,-5.8899999,C1c2ccc(CCC(=O)N3CCC(CC(c4cnc5ccccc5c4)CC(O)=O)CC3)nc2NCC1,B~A{B}AA{AArAAD{A{~B}AAasaaata{ds}DAAAt}AAr}aradasaaaaasar,55.999995011764945
b,O=C(O)CC(CC1CCN(C(=O)CCc2ccc3c(n2)NCCC3)CC1)C1CNc2ccccc2C1,-5.5999999,c1(CCC(N2CCC(CC(CC(O)=O)C3Cc4ccccc4NC3)CC2)=O)ccc2c(n1)NCCC2,B~A{B}AA{AArAAD{A{~B}AAasaaata{ds}DAAAt}AAr}ArADasaaaaasAr,49.17646592110749
C,O=C(O)CC(C1CCN(C(=O)CCCc2ccc3c(n2)NCCC3)CC1)C1CNc2ccccc2C1,-5.2199998,C1CN(C(=O)CCCc2nc3c(cc2)CCCN3)CCC1C(C1CNc2ccccc2C1)CC(O)=O,B~A{B}AA{ArAAD{A{~B}AAAasaaata{ds}DAAAt}AAr}ArADasaaaaasAr,40.23528751833941
I-II,O=C(O)C[C@@H](c1cnc2ccccc2c1)N1CC[C@@H](CCCc2ccc3c(n2)NCCC3)C1=O,-5.6900001,C(C[C@H]1C(=O)N([C@@H](CC(=O)O)c2cc3c(nc2)cccc3)CC1)Cc1ccc2c(n1)NCCC2,B~A{B}A{A**Q}{aradasaaaaasar}DrAA{A**Q}{AAAasaaata{ds}DAAAt}Ar~B,51.29411758615917
5'-L-Val-FUdR,CC(C)C(N)C(=O)OC[C@@H]1O[C@H](n2cc(F)c(=O)[nH]c2=O)C[C@H]1O,-5.29,[C@H]1(O)[C@H](COC(C(N)C(C)C)=O)O[C@H](n2c(=O)[nH]c(=O)c(F)c2)C1,AA{A}A{D}A{~B}BA{A**Q}rB{A*Q}{dsaa{G}a{~B}{dQ}as~B}A{A*Q}rB,41.88235097024231
5'-L-Leu-FUdR,CC(C)[C@H](N)C(=O)OC[C@@H]1O[C@H](n2cc(F)c(=O)[nH]c2=O)C[C@H]1O,-6.0100002,[nH]1c(=O)n([C@@H]2C[C@@H](O)[C@H](COC([C@@H](N)C(C)C)=O)O2)cc(F)c1=O,AA{A}{A*Q}{D}A{~B}BA{A**Q}rB{A*Q}{dsaa{G}a{~B}{dQ}as~B}A{A*Q}rB,58.82353134948089
Methylparaben,COC(=O)c1ccc(O)cc1,-4.46,Oc1ccc(C(=O)OC)cc1,ABA{~B}araaa{B}aar,22.352940124567525
Propylparaben,CCCOC(=O)c1ccc(O)cc1,-4.3899999,c1cc(O)ccc1C(=O)OCCC,AAABA{~B}araaa{B}aar,20.705879025605704
Butylparaben,CCCCOC(=O)c1ccc(O)cc1,-4.4899998,O(C(=O)c1ccc(O)cc1)CCCC,AAAABA{~B}araaa{B}aar,23.05881773840857
Octylparaben,CCCCCCCCOC(=O)c1ccc(O)cc1,-4.880000099999998,Oc1ccc(C(=O)OCCCCCCCC)cc1,AAAAAAAABA{~B}araaa{B}aar,32.235294953633144
Arzanol,CCc1oc(O)c(Cc2c(O)c(CC=C(C)C)c(O)c(C(C)=O)c2O)c(=O)c1C,-4.71,C(=C(C)C)Cc1c(O)c(Cc2c(O)oc(CC)c(C)c2=O)c(O)c(C(C)=O)c1O,AAarba{B}a{Aasa{B}a{AA~A{A}A}a{B}a{A{A}~B}asB}a{~B}arA,28.2352927889274
2__44,NC(=O)c1c(F)ccc(OCc2nc3cc(Cl)cnc3s2)c1F,-4.3099999,n1c2cc(Cl)cnc2sc1COc1ccc(F)c(C(=O)N)c1F,DA{~B}ara{G}aaa{BAasdataa{Z}adates}arG,18.82352617301054
4__45,CC(=O)N[C@H](Cc1ccccc1)C(=O)N(C)[C@H](Cc1ccccc1)C(=O)N[C@H](Cc1ccccc1)C(N)=O,-5.0900002,c1cccc(C[C@@H](N(C(=O)[C@@H](Cc2ccccc2)NC(=O)C)C)C(N[C@@H](C(N)=O)Cc2ccccc2)=O)c1,AA{~B}D{A*Q}{Aaraaaaar}A{~B}D{A}{A*Q}{Aaraaaaar}A{~B}D{A*Q}{Aaraaaaar}A{D}~B,37.17647354463655
6__46,CNC(=O)[C@@H](Cc1ccccc1)NC(=O)[C@@H](Cc1ccccc1)NC(=O)[C@@H](Cc1ccccc1)NC(C)=O,-5.380000099999998,c1ccccc1C[C@H](C(=O)NC)NC([C@H](NC([C@H](NC(C)=O)Cc1ccccc1)=O)Cc1ccccc1)=O,ADA{~B}{A**Q}{Aaraaaaar}DA{~B}{A**Q}{Aaraaaaar}DA{~B}{A**Q}{Aaraaaaar}DA{A}~B,44.000000282352886
Pyrilamine Maleate,COc1ccc(CN(CCN(C)C)c2ccccn2)cc1,-4.6599998,C(c1ccc(OC)cc1)N(c1ncccc1)CCN(C)C,ABaraaa{AD{AAD{A}A}asaaaads}aar,27.058817550173284
Org 12962,FC(F)(F)c1ccc(N2CCNCC2)nc1Cl,-4.5999999,FC(F)(c1ccc(N2CCNCC2)nc1Cl)F,GA{G}{G}araaa{DsAADAAs}darZ,25.647055263667998
Org 5222,CN1C[C@@H]2c3ccccc3Oc3ccc(Cl)cc3[C@H]2C1,-4.73,c1c2c(ccc1)[C@@H]1[C@H](CN(C)C1)c1c(ccc(Cl)c1)O2,ADrA{A**Q}sataaaaatBataaa{Z}aat{A*Q}sAr,28.705881002076197
Org 33062,CC1(C)CC(=O)N(CCCCN2CCN(c3ncccn3)CC2)C(=O)C1,-4.6999998,C(N1C(=O)CC(C)(C)CC1=O)CCCN1CCN(c2ncccn2)CC1,AAr{A}AA{~B}D{AAAADsAAD{atdaaadt}AAs}A{~B}Ar,27.99999397647086
Org 25907,CC1(C)CC(=O)N(CCCCN2CCN(c3ncccn3)CC2)C(=O)C1O,-4.8899999,C1CN(c2ncccn2)CCN1CCCCN1C(=O)CC(C)(C)C(O)C1=O,AAr{A}AA{~B}D{AAAADsAAD{atdaaadt}AAs}A{~B}ArB,32.47058435432545
Org 13011,O=C1CCCN1CCCCN1CCN(c2cc(C(F)(F)F)ccn2)CC1,-4.7399998,C(N1CCCC1=O)CCCN1CCN(c2nccc(C(F)(F)F)c2)CC1,B~ArAAADrAAAADrAAD{asaa{A{G}{G}G}aads}AAr,28.941170402768446
Org 34037,Clc1ccc(C2CN3CCN=C3c3ccccc32)cc1,-4.7199998,c12c(cccc1)C(c1ccc(Cl)cc1)CN1C2=NCC1,Zaraaa{AsADtAAD~Atataaaaats}aar,28.470582189619662
Org 23366,O=C(CCCN1CCC(=C(c2ccc(F)cc2)c2ccc(F)cc2)CC1)N1CCCC1,-5.0599999,c1c(F)ccc(C(c2ccc(F)cc2)=C2CCN(CCCC(N3CCCC3)=O)CC2)c1,B~A{AAADrAAA{~A{asaaa{G}aas}asaaa{G}aas}AAr}DrAAAAr,36.47058416609016
Org 34167,C=CCC(N)c1ccccc1-c1noc2ccccc12,-4.869999900000002,c1c2onc(-c3c(C(N)CC=C)cccc3)c2ccc1,A~AAA{D}araaaaar_ardbasaaaaars,31.999996141176695
21d,CC(C)[C@H](NC(=O)[C@H](OCc1ccccc1)[C@H](O)[C@@H](O)[C@@H](OCc1ccccc1)C(=O)N[C@H]1c2ccccc2C[C@H]1O)C(=O)NCCF,-5.8000002,N(C([C@H](C(C)C)NC([C@H](OCc1ccccc1)[C@H](O)[C@@H](O)[C@H](C(=O)N[C@H]1c2ccccc2C[C@H]1O)OCc1ccccc1)=O)=O)CCF,AA{A}{A*Q}{DA{~B}{A*Q}{BAaraaaaar}{A*Q}{B}{A**Q}{B}{A**Q}{BAaraaaaar}A{~B}D{A*Q}rasaaaaasA{A*Q}rB}A{~B}DAAG,53.88235511141859
2__47,CNC(=O)[C@@H](NC(=O)[C@H](OCc1ccccc1)[C@H](O)[C@@H](O)[C@@H](OCc1ccccc1)C(=O)N[C@H]1c2ccccc2C[C@H]1O)C(C)C,-5.8499999,c1cccc(CO[C@H]([C@@H]([C@H]([C@H](C(=O)N[C@@H]2[C@H](O)Cc3ccccc32)OCc2ccccc2)O)O)C(N[C@@H](C(C)C)C(NC)=O)=O)c1,ADA{~B}{A**Q}{DA{~B}{A*Q}{BAaraaaaar}{A*Q}{B}{A**Q}{B}{A**Q}{BAaraaaaar}A{~B}D{A*Q}rasaaaaasA{A*Q}rB}A{A}A,55.058818585467364
21e,CC(C)[C@H](NC(=O)[C@H](OCc1ccccc1)[C@H](O)[C@@H](O)[C@@H](OCc1ccccc1)C(=O)N[C@H]1c2ccccc2C[C@H]1O)C(=O)NCC(F)(F)F,-5.54,c1cccc(CO[C@H]([C@@H]([C@@H](O)[C@@H](OCc2ccccc2)C(=O)N[C@@H]2[C@H](O)Cc3ccccc32)O)C(N[C@@H](C(C)C)C(NCC(F)(F)F)=O)=O)c1,AA{A}{A*Q}{DA{~B}{A*Q}{BAaraaaaar}{A*Q}{B}{A**Q}{B}{A**Q}{BAaraaaaar}A{~B}D{A*Q}rasaaaaasA{A*Q}rB}A{~B}DAA{G}{G}G,47.764703634602185
Teniposide,COc1cc([C@@H]2c3cc4c(cc3[C@@H](OC3OC5COC(c6cccs6)OC5C(O)C3O)[C@H]3COC(=O)[C@H]23)OCO4)cc(OC)c1O,-6.0500002,O1C(c2sccc2)OC2C(OC(O[C@@H]3c4c(cc5c(c4)OCO5)[C@@H](c4cc(OC)c(O)c(OC)c4)[C@@H]4[C@@H]3COC4=O)C(O)C2O)C1,ABaraa{{A**Q}sataaua{aat{A**Q}{BAtBAvABA{awaaaew}BAvA{B}AtB}{A*Q}tABA{~B}{A*Q}st}BABu}aa{BA}arB,59.76470777577846
22__48,O=C1NCC2(CCCNC2)c2[nH]c(-c3ccnc(-c4cc5ccccc5o4)n3)cc21,-5.8200002,c1cc2cc(-c3nccc(-c4[nH]c5c(c4)C(=O)NCC54CNCCC4)n3)oc2cc1,B~ArDAAs{AAADAs}as{dQ}a{_ataada{_auaavaaaaavbu}dt}aasr,54.35294332456737
25__49,COCCCOc1ccc(-c2nccc(-c3cc4c([nH]3)C3(CCCNC3)CNC4=O)n2)cn1,-5.380000099999998,C1(=O)NCC2(c3[nH]c(-c4nc(-c5ccc(OCCCOC)nc5)ncc4)cc31)CNCCC2,ABAAABaraaa{_asdaaa{_ataaua{{dQ}t}At{AAADAt}ADAu~B}ds}adr,44.000000282352886
5m,c1ccc(Cn2nnnc2C(c2ccc(Cn3cncn3)cc2)N2CCCN(C3CCC3)CC2)cc1,-6.3000002,c1(Cn2nnnc2C(N2CCN(C3CCC3)CCC2)c2ccc(Cn3cncn3)cc2)ccccc1,araaa{AdsdddasA{asaaa{Adtadadt}aas}DsAAAD{AtAAAt}AAs}aar,65.64706044013833
1__50,CN1C(=O)CC(N2CCN(CCCN3c4ccccc4Sc4ccc(CC(=O)O)cc43)CC2)N(C)C1=O,-4.9099998,c12ccccc1Sc1ccc(CC(=O)O)cc1N2CCCN1CCN(C2N(C)C(=O)N(C)C(=O)C2)CC1,ADrA{~B}AA{DsAAD{AAADtauaaaaauEauaaa{AA{~B}B}aaut}AAs}D{A}Ar~B,32.94117021453316
13__51,CN1C(=O)CC(N2CCN(CCCN3c4ccccc4COc4ccc(C(=O)O)cc43)CC2)N(C)C1=O,-5.119999900000002,N1(CCCN2CCN(C3CC(=O)N(C)C(=O)N3C)CC2)c2cc(C(O)=O)ccc2OCc2c1cccc2,ADrA{~B}AA{DsAAD{AAADtauaaaaauABauaaa{A{~B}B}aaut}AAs}D{A}Ar~B,37.882348805536566
13d,CN1C(=O)CC(N2CCCN(CCCN3c4ccccc4COc4ccc(CC(=O)O)cc43)CC2)N(C)C1=O,-5.8000002,c1c2c(ccc1)N(CCCN1CCCN(C3CC(=O)N(C)C(=O)N3C)CC1)c1cc(CC(O)=O)ccc1OC2,ADrA{~B}AA{DsAAAD{AAADtauaaaaauABauaaa{AA{~B}B}aaut}AAs}D{A}Ar~B,53.88235511141859
13e,CC(C(=O)O)c1ccc2c(c1)N(CCCN1CCCN(C3CC(=O)N(C)C(=O)N3C)CC1)c1ccccc1CO2,-5.7199998,C(CN1CCCN(C2CC(=O)N(C)C(=O)N2C)CC1)CN1c2c(ccc(C(C)C(=O)O)c2)OCc2c1cccc2,AA{A{~B}B}araaasa{ar}D{AAADrAAAD{AtAA{~B}D{A}A{~B}DtA}AAr}araaaaarABs,51.99999284705916
13g,CN1C(=O)CC(N2CCCN(CCCN3c4ccccc4COc4ccc(C(=O)O)cc43)CC2)N(C)C1=O,-5.5,C(CN1CCN(C2N(C)C(=O)N(C)C(=O)C2)CCC1)CN1c2c(cccc2)COc2ccc(C(=O)O)cc21,ADrA{~B}AA{DsAAAD{AAADtauaaaaauABauaaa{A{~B}B}aaut}AAs}D{A}Ar~B,46.823527208304604
13i,CN1C(=O)CC(N2CCCN(CCCN3c4ccccc4CCc4ccc(CC(=O)O)cc43)CC2)N(C)C1=O,-5.5900002,C1(=O)N(C)C(=O)CC(N2CCCN(CCCN3c4cc(CC(=O)O)ccc4CCc4c3cccc4)CC2)N1C,ADrA{~B}AA{DsAAAD{AAADtauaaaaauAAauaaa{AA{~B}B}aaut}AAs}D{A}Ar~B,48.9411788733563
13j,CN1C(=O)CC(N2CCCN(CCCN3c4ccccc4CCc4ccc(C(C)(C)C(=O)O)cc43)CC2)N(C)C1=O,-5.2450004,N1(C)C(=O)N(C)C(N2CCN(CCCN3c4c(ccc(C(C)(C(O)=O)C)c4)CCc4c3cccc4)CCC2)CC1=O,ADrA{~B}AA{DsAAAD{AAADtauaaaaauAAauaaa{A{A}{A}A{~B}B}aaut}AAs}D{A}Ar~B,40.82353690242181
(E-Z)-19a,CN1C(=O)CC(N2CCN(CC/C=C3/c4ccccc4COc4ccc(CC(=O)O)cc43)CC2)N(C)C1=O,-5.1399999,C1(=O)N(C)C(=O)CC(N2CCN(CC/C=C3\c4cc(CC(=O)O)ccc4OCc4c3cccc4)CC2)N1C,ADrA{~B}AA{DsAAD{AA|A~At|auaaaaauABauaaa{AA{~B}B}aaut}AAs}D{A}Ar~B,38.352937018685324
(Z)-19b,CN1C(=O)CC(N2CCCN(CC/C=C3/c4ccccc4COc4ccc(CC(=O)O)cc43)CC2)N(C)C1=O,-5.4000001,c1cccc2c1/C(=C/CCN1CCN(C3N(C)C(=O)N(C)C(=O)C3)CCC1)c1cc(CC(O)=O)ccc1OC2,ADrA{~B}AA{DsAAAD{AA|A~At|auaaaaauABauaaa{AA{~B}B}aaut}AAs}D{A}Ar~B,44.470588495501715
(Z)-19c,CN1C(=O)CC(N2CCN(CC/C=C3/c4ccccc4COc4ccc(C(=O)O)cc43)CC2)N(C)C1=O,-5.0700002,C(=C1/c2c(cccc2)COc2c1cc(C(=O)O)cc2)\CCN1CCN(C2N(C)C(=O)N(C)C(=O)C2)CC1,ADrA{~B}AA{DsAAD{AA|A~At|auaaaaauABauaaa{A{~B}B}aaut}AAs}D{A}Ar~B,36.70588533148774
(Z)-19d,CN1C(=O)CC(N2CCCN(CC/C=C3/c4ccccc4COc4ccc(C(=O)O)cc43)CC2)N(C)C1=O,-5.420000099999998,OC(c1cc2c(cc1)OCc1ccccc1/C2=C/CCN1CCCN(C2N(C)C(=O)N(C)C(=O)C2)CC1)=O,ADrA{~B}AA{DsAAAD{AA|A~At|auaaaaauABauaaa{A{~B}B}aaut}AAs}D{A}Ar~B,44.94117670865047
(Z)-19e,CN1C(=O)CC(N2CCN(CC/C=C3/c4ccccc4CCc4ccc(CC(=O)O)cc43)CC2)N(C)C1=O,-4.829999900000002,C(c1cc2c(cc1)CCc1c(cccc1)/C2=C/CCN1CCN(C2CC(=O)N(C)C(=O)N2C)CC1)C(O)=O,ADrA{~B}AA{DsAAD{AA|A~At|auaaaaauAAauaaa{AA{~B}B}aaut}AAs}D{A}Ar~B,31.058819714879107
(Z)-19g,CN1C(=O)CC(N2CCCN(CC/C=C3/c4ccccc4CCc4ccc(C(=O)O)cc43)CC2)N(C)C1=O,-5.1599998,c1cc(C(O)=O)cc2c1CCc1ccccc1/C2=C/CCN1CCCN(C2CC(=O)N(C)C(=O)N2C)CC1,ADrA{~B}AA{DsAAAD{AA|A~At|auaaaaauAAauaaa{A{~B}B}aaut}AAs}D{A}Ar~B,38.82352287889304
T2000,COCN1C(=O)N(COC)C(=O)C(c2ccccc2)(c2ccccc2)C1=O,-4.4499998,O=C1N(COC)C(=O)C(c2ccccc2)(c2ccccc2)C(=O)N1COC,ABADrA{~B}D{ABA}A{~B}A{asaaaaas}{asaaaaas}Ar~B,22.11764131211099
T2007,O=C1NC(=O)C(c2ccccc2)(c2ccccc2)C(=O)N1,-4.46,N1C(=O)C(c2ccccc2)(c2ccccc2)C(=O)NC1=O,B~ArDA{~B}A{asaaaaas}{asaaaaas}A{~B}Dr,22.352940124567525
Cycloastragenol,CC1(C)C2[C@@H](O)C[C@@H]3C4(CC[C@]5(C)[C@@H]([C@]6(C)CC[C@H](C(C)(C)O)O6)[C@@H](O)C[C@@]35C)CC24CC[C@@H]1O,-4.5,[C@H]1(O)C[C@H]2[C@@]3(C)[C@](C)(CCC24CC42C1C(C)(C)[C@@H](O)CC2)[C@@H]([C@]1(C)CC[C@H](C(O)(C)C)O1)[C@@H](O)C3,AAr{A}As{A**Q}{B}A{A**Q}tAu{AA{A*}v{A}{A**Q}{{A*}w{A}AA{A*Q}{A{A}{A}B}Bw}{A**Q}{B}A{A**}tvA}AAsuAA{A**Q}rB,23.294116550865105
Byankangelicol,COc1c2ccoc2c(OCC2OC2(C)C)c2oc(=O)ccc12,-4.3000002,CC1(C)C(COc2c3occc3c(OC)c3c2oc(=O)cc3)O1,ABarasaabasa{BAAsBAs{A}A}asba{~B}aaars,18.58823912525935
CD1,CCCCCCCCCC(=O)OC,-3.51,O=C(OC)CCCCCCCCC,AAAAAAAAAA{~B}BA,0.0
CD21,CCCCCCCCCC(=O)NN,-4.1199999,C(CCCCCCC(NN)=O)CC,AAAAAAAAAA{~B}DD,14.352938148097028
CD27,CCCCCCCCCC(=O)N1CCNCC1,-3.8199999,C1CN(C(CCCCCCCCC)=O)CCN1,AAAAAAAAAA{~B}DrAADAAr,7.294114950865183
Zearalenone (ZEN),CC1CCC(=O)CCC/C=C/c2cc(O)cc(O)c2C(=O)OC1,-4.98,c1c(O)cc2c(c1O)C(=O)OCC(C)CCC(=O)CCC/C=C/2,AArAAA{~B}AAA|A~A|asaa{B}aa{B}asA{~B}BAr,34.588233666436075
a-Zearalenol (a-ZEL),CC1CCC(O)CCC/C=C/c2cc(O)cc(O)c2C(=O)OC1,-5.27,Oc1c2c(cc(O)c1)/C=C/CCCC(O)CCC(C)COC2=O,AArAAA{B}AAA|A~A|asaa{B}aa{B}asA{~B}BAr,41.411762757093506
a-Zearalanol (a-ZAL),CC1CCC(O)CCCCCc2cc(O)cc(O)c2C(=O)OC1,-4.8200002,C1(C)COC(=O)c2c(O)cc(O)cc2CCCCCC(O)CC1,AArAAA{B}AAAAAasaa{B}aa{B}asA{~B}BAr,30.82353266712787
Telaprevir,CCC[C@H](NC(=O)[C@@H]1[C@H]2CCC[C@H]2CN1C(=O)[C@@H](NC(=O)[C@@H](NC(=O)c1cnccn1)C1CCCCC1)C(C)(C)C)C(=O)C(=O)NC1CC1,-5.3899999,c1(C(N[C@@H](C2CCCCC2)C(N[C@@H](C(C)(C)C)C(N2C[C@@H]3CCC[C@@H]3[C@H]2C(=O)N[C@@H](CCC)C(=O)C(NC2CC2)=O)=O)=O)=O)nccnc1,AAA{A*Q}{DA{~B}{A**Q}r{A*Q}sAAA{A*Q}sADrA{~B}{A**Q}{DA{~B}{A**Q}{DA{~B}aradaadr}ArAAAAAr}A{A}{A}A}A{~B}A{~B}DArAAr,44.235289683045195
Tryptanthrin,O=C1c2ccccc2-n2c1nc1ccccc1c2=O,-4.1999998,c1ccc2c(c(=O)n3c(n2)C(=O)c2ccccc2-3)c1,B~Arasaaaaas_dsardaraaaaaras~B,16.235288647751116
6__52,COC(=O)C[C@@H](C(=O)NN(Cc1ccc(Br)cc1)C[C@@](O)(Cc1ccccc1)C(=O)NC1CCOC1)C(C)(C)C,-4.9699998,C([C@](C(=O)NC1CCOC1)(Cc1ccccc1)O)N(Cc1ccc(Br)cc1)NC(=O)[C@@H](C(C)(C)C)CC(=O)OC,ABA{~B}A{A**Q}{A{~B}DD{Aaraaa{Y}aar}A{A**}{B}{Aaraaaaar}A{~B}DArAABAr}A{A}{A}A,34.352934853979534
8__53,COCCNC(=O)[C@H](NC(=O)[C@](O)(Cc1ccccc1)CN(Cc1ccc(Br)cc1)NC(=O)[C@H](CC(=O)OC)C(C)(C)C)C(C)C,-5.3200002,O[C@@](Cc1ccccc1)(CN(NC([C@H](CC(OC)=O)C(C)(C)C)=O)Cc1ccc(Br)cc1)C(=O)N[C@@H](C(NCCOC)=O)C(C)C,ABAADA{~B}{A*Q}{DA{~B}{A*}{B}{Aaraaaaar}AD{Aaraaa{Y}aar}DA{~B}{A*Q}{AA{~B}BA}A{A}{A}A}A{A}A,42.58823799584762
10__54,CNC(=O)[C@H](NC(=O)[C@](O)(Cc1ccccc1)CN(Cc1ccc(Br)cc1)NC(=O)[C@H](CC(=O)OC)C(C)(C)C)C(C)(C)C,-5.5999999,C([C@](O)(Cc1ccccc1)CN(NC(=O)[C@@H](C(C)(C)C)CC(OC)=O)Cc1ccc(Br)cc1)(=O)N[C@H](C(C)(C)C)C(NC)=O,ADA{~B}{A*Q}{DA{~B}{A*}{B}{Aaraaaaar}AD{Aaraaa{Y}aar}DA{~B}{A*Q}{AA{~B}BA}A{A}{A}A}A{A}{A}A,49.17646592110749
11__55,CNC(=O)[C@H](NC(=O)[C@](O)(Cc1ccccc1)CN(Cc1ccc(-c2ccccn2)cc1)NC(=O)[C@H](CC(=O)OC)C(C)(C)C)C(C)(C)C,-5.4699998,c1(C[C@](CN(NC(=O)[C@H](CC(=O)OC)C(C)(C)C)Cc2ccc(-c3ncccc3)cc2)(C(=O)N[C@H](C(C)(C)C)C(NC)=O)O)ccccc1,ADA{~B}{A*Q}{DA{~B}{A*}{B}{Aaraaaaar}AD{Aaraaa{_asaaaads}aar}DA{~B}{A*Q}{AA{~B}BA}A{A}{A}A}A{A}{A}A,46.11764018269928
25__56,CN1CCCC/C=C\[C@@H]2C[C@@]2(C(=O)NS(=O)(=O)C2CC2)NC(=O)[C@@H]2C[C@@H](Oc3nc(-c4ccccc4)nc4ccccc34)C[C@H]2C1=O,-4.6799998,C1/C=C\[C@@H]2C[C@@]2(C(NS(=O)(C2CC2)=O)=O)NC(=O)[C@H]2[C@H](C(=O)N(C)CCC1)C[C@H](Oc1nc(-c3ccccc3)nc3c1cccc3)C2,ADrAAAA|A~A!{A**Q}sA{A**}s{A{~B}DE{~B}{~B}AsAAs}DA{~B}{A**Q}sA{A**Q}{Batda{_auaaaaau}dauaaaaatu}A{A*Q}sAr~B,27.52940576332208
45a,COc1ccc2c(O[C@@H]3C[C@H]4C(=O)N[C@]5(C(=O)NS(=O)(=O)C6CC6)C[C@H]5/C=C\CCCCN(C)C(=O)[C@@H]4C3)nc(-c3ccccc3)nc2c1,-4.8899999,C1=C\CCCCN(C)C(=O)[C@@H]2C[C@H](Oc3c4ccc(OC)cc4nc(-c4ccccc4)n3)C[C@H]2C(=O)N[C@@]2(C(NS(=O)(C3CC3)=O)=O)[C@H]/1C2,ABaraaasa{B{A**Q}tA{A*Q}uA{~B}D{A*}v{A{~B}DE{~B}{~B}AwAAw}A{A*Q}v|A~A!AAAAD{A}A{~B}{A**Q}uAt}da{_ataaaaat}dasar,32.47058435432545
45b,COc1ccc2c(O[C@@H]3C[C@H]4C(=O)N[C@]5(C(=O)NS(=O)(=O)C6CC6)C[C@H]5/C=C\CCCCN(C)C(=O)[C@@H]4C3)nc(-c3nc(C(C)C)cs3)nc2c1,-5.2199998,C1C/C=C\[C@H]2[C@](C(=O)NS(=O)(=O)C3CC3)(NC(=O)[C@H]3[C@@H](C[C@H](Oc4c5c(cc(OC)cc5)nc(-c5nc(C(C)C)cs5)n4)C3)C(=O)N(C)CC1)C2,ABaraaasa{B{A**Q}tA{A*Q}uA{~B}D{A*}v{A{~B}DE{~B}{~B}AwAAw}A{A*Q}v|A~A!AAAAD{A}A{~B}{A**Q}uAt}da{_atda{A{A}A}aet}dasar,40.23528751833941
45c,COc1ccc2c(O[C@@H]3C[C@H]4C(=O)N[C@]5(C(=O)NS(=O)(=O)C6CC6)C[C@H]5/C=C\CCCCN(C)C(=O)[C@@H]4C3)nc(-c3ccc(F)cc3)nc2c1,-4.6999998,C1[C@H]2C(=O)N(C)CCCC/C=C\[C@@H]3C[C@@]3(C(NS(C3CC3)(=O)=O)=O)NC(=O)[C@@H]2C[C@H]1Oc1c2c(cc(OC)cc2)nc(-c2ccc(F)cc2)n1,ABaraaasa{B{A**Q}tA{A*Q}uA{~B}D{A*}v{A{~B}DE{~B}{~B}AwAAw}A{A*Q}v|A~A!AAAAD{A}A{~B}{A**Q}uAt}da{_ataaa{G}aat}dasar,27.99999397647086
51a,COc1ccc2c(O[C@@H]3C[C@H]4C(=O)N[C@]5(C(=O)NS(=O)(=O)C6CC6)C[C@H]5/C=C\CCCCN(C)C(=O)[C@@H]4C3)nc(-c3ccccc3)nc2c1C,-4.8899999,[C@H]12C(=O)N[C@@]3(C(NS(=O)(C4CC4)=O)=O)[C@H](/C=C\CCCCN(C)C(=O)[C@@H]1C[C@H](Oc1nc(-c4ccccc4)nc4c(C)c(OC)ccc41)C2)C3,ABaraaasa{B{A**Q}tA{A*Q}uA{~B}D{A*}v{A{~B}DE{~B}{~B}AwAAw}A{A*Q}v|A~A!AAAAD{A}A{~B}{A**Q}uAt}da{_ataaaaat}dasarA,32.47058435432545
51e,COc1ccc(-c2nc(O[C@@H]3C[C@H]4C(=O)N[C@]5(C(=O)NS(=O)(=O)C6CC6)C[C@H]5/C=C\CCCCN(C)C(=O)[C@@H]4C3)c3ccc(OC)c(C)c3n2)cc1,-5.0500002,c1(-c2ccc(OC)cc2)nc2c(C)c(OC)ccc2c(O[C@H]2C[C@H]3C(=O)N(C)CCCC/C=C\[C@H]4[C@](C(=O)NS(=O)(=O)C5CC5)(NC(=O)[C@@H]3C2)C4)n1,ABaraaa{_asda{B{A**Q}tA{A*Q}uA{~B}D{A*}v{A{~B}DE{~B}{~B}AwAAw}A{A*Q}v|A~A!AAAAD{A}A{~B}{A**Q}uAt}ataaa{BA}a{A}atds}aar,36.23529711833897
60a,COc1ccc2c(O[C@@H]3C[C@H]4C(=O)N[C@]5(C(=O)NS(=O)(=O)C6CC6)C[C@H]5/C=C\CCCCCN(C)C(=O)[C@@H]4C3)nc(-c3ccccc3)nc2c1C,-4.5900002,C1[C@H]2/C=C\CCCCCN(C)C(=O)[C@@H]3C[C@H](Oc4nc(-c5ccccc5)nc5c(C)c(OC)ccc45)C[C@H]3C(=O)N[C@]12C(=O)NS(=O)(C1CC1)=O,ABaraaasa{B{A**Q}tA{A*Q}uA{~B}D{A*}v{A{~B}DE{~B}{~B}AwAAw}A{A*Q}v|A~A!AAAAAD{A}A{~B}{A**Q}uAt}da{_ataaaaat}dasarA,25.4117682159168
60c,COc1ccc2c(O[C@@H]3C[C@H]4C(=O)N[C@]5(C(=O)NS(=O)(=O)C6CC6)C[C@H]5/C=C\CCCCN(C)C(=O)[C@@H]4C3)nc(-c3ccc(F)cc3)nc2c1C,-4.4899998,C1C(S(NC([C@@]23C[C@H]2/C=C\CCCCN(C)C(=O)[C@@H]2C[C@H](Oc4nc(-c5ccc(F)cc5)nc5c4ccc(OC)c5C)C[C@H]2C(=O)N3)=O)(=O)=O)C1,ABaraaasa{B{A**Q}tA{A*Q}uA{~B}D{A*}v{A{~B}DE{~B}{~B}AwAAw}A{A*Q}v|A~A!AAAAD{A}A{~B}{A**Q}uAt}da{_ataaa{G}aat}dasarA,23.05881773840857
67c,COc1ccc2c(O[C@H]3C[C@H]4C(=O)NCCCCC/C=C\[C@@H]5C[C@@]5(C(=O)NS(=O)(=O)C5CC5)NC(=O)[C@@H]4C3)nc(-c3ccc(F)cc3)nc2c1C,-4.4899998,C1[C@@]2(C(=O)NS(=O)(=O)C3CC3)NC(=O)[C@H]3[C@H](C(=O)NCCCCC/C=C\[C@H]12)C[C@H](Oc1c2ccc(OC)c(C)c2nc(-c2ccc(F)cc2)n1)C3,ABaraaasa{B{A*Q}tA{A*Q}uA{~B}DAAAAA|A~A!{A**Q}vA{A**}v{A{~B}DE{~B}{~B}AvAAv}DA{~B}{A**Q}uAt}da{_ataaa{G}aat}dasarA,23.05881773840857
Amfenac,Nc1c(CC(=O)O)cccc1C(=O)c1ccccc1,-4.52,OC(=O)Cc1cccc(C(c2ccccc2)=O)c1N,Dara{AA{~B}B}aaaarA{~B}araaaaar,23.764704764013885
Levofloxacin,C[C@H]1COc2c(N3CCN(C)CC3)c(F)cc3c(=O)c(C(=O)O)cn1c23,-4.5500002,O1C[C@H](C)n2cc(C(O)=O)c(=O)c3cc(F)c(N4CCN(C)CC4)c1c23,A{A*Q}rABasa{DtAAD{A}AAt}a{G}aata{~B}a{A{~B}B}adrast,24.47059178961922
Paraoxon,CCOP(=O)(OCC)Oc1ccc(N(O)O)cc1,-4.6900001,c1cc(N(O)O)ccc1OP(OCC)(OCC)=O,AABF{~B}{BAA}Baraaa{D{B}B}aar,27.764706928719672
Sulfasalamide,NC(=O)Cc1cc(/N=N/c2ccc(S(=O)(=O)Nc3ccccn3)cc2)ccc1O,-5.7088718,c1c(/N=N/c2cc(CC(N)=O)c(O)cc2)ccc(S(=O)(Nc2ncccc2)=O)c1,DA{~B}Aaraa{|D~D|asaaa{E{~B}{~B}Dataaaadt}aas}aaarB,51.738157565263165
Amlodipine,CCOC(=O)C1=C(COCCN)NC(C)=C(C(=O)OC)C1c1ccccc1Cl,-4.670000099999998,C1(C(OCC)=O)=C(COCCN)NC(C)=C(C(=O)OC)C1c1c(Cl)cccc1,AABA{~B}Ar~A{ABAAD}DA{A}~A{A{~B}BA}AraraaaaarZ,27.294118715570846
Alfuzosin,COc1cc2nc(N(C)CCCNC(=O)C3CCCO3)nc(N)c2cc1OC,-5.6399999,N(CCCN(c1nc(N)c2cc(OC)c(OC)cc2n1)C)C(C1OCCC1)=O,ABaraasda{D{A}AAADA{~B}AtAAABt}da{D}asaarBA,50.117642347405074
Dronedarone,CCCCc1oc2ccc(NS(C)(=O)=O)cc2c1C(=O)c1ccc(OCCCN(CCCC)CCCC)cc1,-4.52,C(=O)(c1ccc(OCCCN(CCCC)CCCC)cc1)c1c2cc(NS(=O)(=O)C)ccc2oc1CCCC,AAAAarbasaaa{DE{A}{~B}~B}aasarA{~B}araaa{BAAAD{AAAA}AAAA}aar,23.764704764013885
Trimethobenzamide,COc1cc(C(=O)NCc2ccc(OCCN(C)C)cc2)cc(OC)c1OC,-4.96,c1c(OCCN(C)C)ccc(CNC(=O)c2cc(OC)c(OC)c(OC)c2)c1,ABaraa{A{~B}DAasaaa{BAAD{A}A}aas}aa{BA}arBA,34.117645453287274
Desloratadine,Clc1ccc2c(c1)CCc1cccnc1C2=C1CCNCC1,-4.059999899999998,C1(=C2c3ncccc3CCc3c2ccc(Cl)c3)CCNCC1,Zaraaasa{ar}AAaraaadarAs~ArAADAAr,12.941173508650627
Xaliproden (SR57746),FC(F)(F)c1cccc(C2=CCN(CCc3ccc4ccccc4c3)CC2)c1,-4.73,C1CC(c2cccc(C(F)(F)F)c2)=CCN1CCc1ccc2c(cccc2)c1,GA{G}{G}araaaa{As~AAD{AAataaauaaaaauat}AAs}ar,28.705881002076197
Setrobuvir (ANA598),CS(=O)(=O)Nc1ccc2c(c1)S(=O)(=O)N/C(=C1\C(=O)[C@@H]3[C@H]4CC[C@H](C4)[C@@H]3N(Cc3ccc(F)cc3)C1=O)N2,-5.8899999,C1(=O)N(Cc2ccc(F)cc2)[C@@H]2[C@H](C(=O)/C1=C1/Nc3ccc(NS(C)(=O)=O)cc3S(=O)(=O)N1)[C@H]1CC[C@@H]2C1,AE{~B}{~B}Daraaasa{ar}E{~B}{~B}D|A{~Ar!A{~B}{A**Q}t{A*Q}uAA{A*Q}{Au}{A**Q}tD{Aataaa{G}aat}Ar~B}Ds,55.999995011764945
corticosterone,C[C@]12C[C@@H](O)[C@@H]3[C@@H](CCC4=CC(=O)CC[C@@]43C)[C@H]1CC[C@H]2C(=O)CO,-4.4850001,O=C1C=C2[C@](C)(CC1)[C@H]1[C@@H](CC2)[C@@H]2[C@](C)(C[C@H]1O)[C@H](C(CO)=O)CC2,A{A*}rsA{A**Q}{B}{A**Q}t{A**Q}{AAAu~AA{~B}AA{A**}utA}{A*Q}rAA{A*Q}sA{~B}AB,22.94117774394457
cymarin,CO[C@H]1C[C@H](O[C@H]2CC[C@]3(C=O)[C@H]4CC[C@]5(C)[C@@H](C6=CC(=O)OC6)CC[C@]5(O)[C@@H]4CC[C@]3(O)C2)O[C@H](C)[C@H]1O,-5.6999998,C1[C@]2(O)[C@@H]3CC[C@@]4(O)[C@](C=O)(CC[C@H](O[C@@H]5O[C@H](C)[C@@H](O)[C@@H](OC)C5)C4)[C@H]3CC[C@]2(C)[C@@H](C2=CC(=O)OC2)C1,AB{A*Q}rA{A*Q}{B{A*Q}sAA{A*}t{A~B}{A*Q}uAA{A*}v{A}{A**Q}{Aw~AA{~B}BAw}AA{A*}v{B}{A**Q}uAA{A*}t{B}As}B{A*Q}{A}{A*Q}rB,51.52940463391036
daidzin,O=c1c(-c2ccc(O)cc2)coc2cc(OC3OC(CO)C(O)C(O)C3O)ccc12,-6.3600001,c1(-c2ccc(O)cc2)c(=O)c2c(cc(OC3OC(CO)C(O)C(O)C3O)cc2)oc1,B~ara{_asaaa{B}aas}abasaa{BAtBA{AB}A{B}A{B}AtB}aaars,67.05882272664363
desoxycarticosterone,C[C@]12CC[C@H]3[C@@H](CCC4=CC(=O)CC[C@@]43C)[C@@H]1CC[C@@H]2C(=O)CO,-4.670000099999998,[C@@H]12[C@]3(C)C(=CC(=O)CC3)CC[C@H]1[C@@H]1CC[C@H](C(=O)CO)[C@@]1(C)CC2,A{A*}rsAA{A*Q}t{A**Q}{AAAu~AA{~B}AA{A**}utA}{A**Q}rAA{A**Q}sA{~B}AB,27.294118715570846
"(2E,9Z)-N-(2-methylbutyl)pentadeca-2,9-diene-12,14-diynamide",C#CC#CC/C=C\CCCCC/C=C/C(=O)NCC(C)CC,-4.4299998,C(C(CC)C)NC(/C=C/CCCCC/C=C\CC#CC#C)=O,A^AA^AA|A~A!AAAAA|A~A|A{~B}DAA{A}AA,21.64705309896221
EACV,C=C1NC(N)=Nc2c1ncn2COCCOC(=O)CC[C@@H](N)C(=O)O,-5.8099999,N1C(=C)c2ncn(COCCOC(CC[C@H](C(O)=O)N)=O)c2N=C1N,A~ArDA{D}~DasardadsABAABA{~B}AA{A**Q}{D}A{~B}B,54.11764215916978
5-aminolevulinic acid,NCC(=O)CCC(=O)O,-5.3400002,O=C(CCC(CN)=O)O,DAA{~B}AAA{~B}B,43.05882620899642
EF5289,CCOC(=O)COc1ccc(C(=O)CN2CCN(C3CCN(C(=O)OCOC(=O)C(C)(C)C)CC3)CC2=O)cc1,-4.2600002,C1N(C(OCOC(C(C)(C)C)=O)=O)CCC(N2CC(=O)N(CC(=O)c3ccc(OCC(OCC)=O)cc3)CC2)C1,AABA{~B}ABaraaa{A{~B}ADsAAD{AtAAD{A{~B}BABA{~B}A{A}{A}A}AAt}AAs~B}aar,17.64706269896177
enalapril,CCOC(=O)[C@H](CCc1ccccc1)N[C@@H](C)C(=O)N1CCC[C@H]1C(=O)O,-5.6719999,O=C(N1CCC[C@H]1C(=O)O)[C@H](C)N[C@H](C(OCC)=O)CCc1ccccc1,AABA{~B}{A*Q}{AAaraaaaar}D{A**Q}{A}A{~B}DrAAA{A*Q}rA{~B}B,50.87058348844313
ganciclovir,Nc1nc(=O)c2ncn(COC(CO)CO)c2[nH]1,-6.369999900000002,Nc1[nH]c2n(COC(CO)CO)cnc2c(=O)n1,Darda{~B}asdad{ABA{AB}AB}as{dQ}r,67.29411212733594
hexapeptide 04,C[C@@H]1NC(=O)[C@H](C)N(C)C(=O)[C@@H](C)NC(=O)[C@H](C)NC(=O)[C@@H](C)NC(=O)[C@@H](C)NC1=O,-5.8200002,C1(=O)N[C@@H](C)C(=O)N[C@H](C)C(=O)N[C@H](C)C(=O)N[C@@H](C)C(=O)N[C@H](C)C(=O)N(C)[C@H]1C,A{A**Q}rDA{~B}{A*Q}{A}D{A}A{~B}{A**Q}{A}DA{~B}{A*Q}{A}DA{~B}{A**Q}{A}DA{~B}{A**Q}{A}DAr~B,54.35294332456737
hexapeptide 15,C[C@@H]1NC(=O)[C@@H](C)NC(=O)[C@H](C)N(C)C(=O)[C@@H](C)NC(=O)[C@@H](C)N(C)C(=O)[C@H](C)NC1=O,-5.8200002,N1[C@H](C)C(=O)N[C@@H](C)C(=O)N[C@@H](C)C(=O)N(C)[C@H](C)C(=O)N[C@H](C)C(=O)N(C)[C@@H](C)C1=O,A{A**Q}rDA{~B}{A**Q}{A}DA{~B}{A*Q}{A}D{A}A{~B}{A**Q}{A}DA{~B}{A**Q}{A}D{A}A{~B}{A*Q}{A}DAr~B,54.35294332456737
hexapeptide 16,C[C@@H]1NC(=O)[C@H](C)N(C)C(=O)[C@@H](C)N(C)C(=O)[C@H](C)NC(=O)[C@@H](C)NC(=O)[C@@H](C)NC1=O,-5.3000002,O=C1[C@H](C)NC(=O)[C@H](C)N(C)C(=O)[C@@H](C)N(C)C(=O)[C@H](C)NC(=O)[C@@H](C)NC(=O)[C@@H](C)N1,A{A**Q}rDA{~B}{A*Q}{A}D{A}A{~B}{A**Q}{A}D{A}A{~B}{A*Q}{A}DA{~B}{A**Q}{A}DA{~B}{A**Q}{A}DAr~B,42.11764978269884
hexapeptide 19,C[C@@H]1NC(=O)[C@@H](C)NC(=O)[C@@H](C)NC(=O)[C@H](C)N(C)C(=O)[C@H](C)N(C)C(=O)[C@@H](C)NC1=O,-5.8200002,CN1C(=O)[C@H](C)N(C)C(=O)[C@@H](C)NC(=O)[C@H](C)NC(=O)[C@@H](C)NC(=O)[C@@H](C)NC(=O)[C@@H]1C,A{A**Q}rDA{~B}{A**Q}{A}DA{~B}{A**Q}{A}DA{~B}{A*Q}{A}D{A}A{~B}{A*Q}{A}D{A}A{~B}{A**Q}{A}DAr~B,54.35294332456737
hexapeptide 43,C[C@@H]1NC(=O)[C@@H](C)N(C)C(=O)[C@H](C)N(C)C(=O)[C@@H](C)N(C)C(=O)[C@@H](C)N(C)C(=O)[C@H](C)NC1=O,-5.8200002,C1(=O)N[C@@H](C)C(=O)N(C)[C@H](C)C(=O)N(C)[C@H](C)C(=O)N(C)[C@@H](C)C(=O)N(C)[C@H](C)C(=O)N[C@H]1C,A{A**Q}rDA{~B}{A**Q}{A}D{A}A{~B}{A*Q}{A}D{A}A{~B}{A**Q}{A}D{A}A{~B}{A**Q}{A}D{A}A{~B}{A*Q}{A}DAr~B,54.35294332456737
hexapeptide 51,C[C@@H]1NC(=O)[C@H](C)N(C)C(=O)[C@@H](C)N(C)C(=O)[C@H](C)N(C)C(=O)[C@@H](C)NC(=O)[C@@H](C)N(C)C1=O,-5.3000002,C1(=O)N(C)[C@@H](C)C(=O)N[C@@H](C)C(=O)N(C)[C@H](C)C(=O)N[C@H](C)C(=O)N(C)[C@@H](C)C(=O)N(C)[C@@H]1C,A{A**Q}rDA{~B}{A*Q}{A}D{A}A{~B}{A**Q}{A}D{A}A{~B}{A*Q}{A}D{A}A{~B}{A**Q}{A}DA{~B}{A**Q}{A}D{A}Ar~B,42.11764978269884
indobufen,CCC(C(=O)O)c1ccc(N2Cc3ccccc3C2=O)cc1,-4.3899999,c1c(C(CC)C(=O)O)ccc(N2Cc3ccccc3C2=O)c1,AAA{A{~B}B}araaa{DsAataaaaatAs~B}aar,20.705879025605704
IRR,COc1cc(-c2oc3cc(O)cc(O)c3c(=O)c2O[C@@H]2O[C@H](CO[C@@H]3O[C@@H](C)[C@H](O)[C@@H](O)[C@H]3O)[C@@H](O)[C@H](O)[C@H]2O)ccc1O,-6.54,[C@@H]1(Oc2c(=O)c3c(O)cc(O)cc3oc2-c2cc(OC)c(O)cc2)O[C@H](CO[C@@H]2O[C@@H](C)[C@H](O)[C@@H](O)[C@H]2O)[C@@H](O)[C@H](O)[C@H]1O,ABaraa{_asbataa{B}aa{B}ata{~B}asB{A**Q}sB{A*Q}{AB{A**Q}tB{A**Q}{A}{A*Q}{B}{A**Q}{B}{A*Q}tB}{A**Q}{B}{A*Q}{B}{A*Q}sB}aaarB,71.29411429204167
isovitexin,O=c1cc(-c2ccc(O)cc2)oc2cc([O-])c(C3OC(CO)C(O)C(O)C3O)c(O)c12,-6.1999998,c1(-c2ccc(O)cc2)oc2c(c(=O)c1)c(O)c(C1OC(CO)C(O)C(O)C1O)c([O-])c2,B~araa{_asaaa{B}aas}basaa{{B_}}a{AtBA{AB}A{B}A{B}AtB}a{B}ars,63.29410996263011
kaempferide,COc1ccc(-c2oc3cc(O)cc(O)c3c(=O)c2O)cc1,-5.1900001,c12cc(O)cc(O)c1c(=O)c(O)c(-c1ccc(OC)cc1)o2,ABaraaa{_asbataa{B}aa{B}ata{~B}asB}aar,39.52941225743942
LEF553,N=C(N)NCCC[C@@H](NC(=O)[C@@H](N)Cc1ccc(O)cc1)C(=O)N[C@@H](Cc1ccccc1)C(=O)N[C@@H](Cc1ccccc1)C(N)=O,-7.7600002,c1ccccc1C[C@@H](C(=O)N[C@@H](Cc1ccccc1)C(N)=O)NC(=O)[C@@H](CCCNC(=N)N)NC([C@H](Cc1ccc(O)cc1)N)=O,D~A{D}DAAA{A**Q}{DA{~B}{A**Q}{D}Aaraaa{B}aar}A{~B}D{A**Q}{Aaraaaaar}A{~B}D{A**Q}{Aaraaaaar}A{D}~B,100.0
LY366092,CNC(=O)/C=C(/c1ccc2nc(N)n(S(=O)(=O)C(C)C)c2c1)c1ccccc1-c1cccc2ccccc12,-4.0300002,c1cc(/C(c2c(-c3cccc4c3cccc4)cccc2)=C/C(=O)NC)cc2c1nc(N)n2S(=O)(=O)C(C)C,ADA{~B}|A~A{|araaasda{D}d{E{~B}{~B}A{A}A}asar}araaaaar_araaaasaaaaars,12.235298247750672
methanol,CO,-4.4899998,OC,AB,23.05881773840857
N-acetyl-tryptophanamide,CC(=O)NC(=O)[C@@H](N)Cc1c[nH]c2ccccc12,-5.619999900000002,C([C@H](N)C(NC(C)=O)=O)c1c2ccccc2[nH]c1,AA{~B}DA{~B}{A**Q}{D}Aara{dQ}asaaaaars,49.647054134256315
neolignan smi06,C=CCc1cc(OC)c(OC(C)C(OC(C)=O)c2ccc(OC)c(OC)c2)c(OC)c1,-4.5900002,O(c1cc(CC=C)cc(OC)c1OC(C)C(c1cc(OC)c(OC)cc1)OC(=O)C)C,A~AAaraa{BA}a{BA{A}A{BA{A}~B}asaaa{BA}a{BA}as}a{BA}ar,25.4117682159168
neolignan smi07,C=CCc1cc(OC)c(OC(C)C(O)c2ccc(OC)c(OC)c2)c(OC)c1,-4.619999900000002,c1c(OC)c(OC(C)C(c2ccc(OC)c(OC)c2)O)c(OC)cc1CC=C,A~AAaraa{BA}a{BA{A}A{B}asaaa{BA}a{BA}as}a{BA}ar,26.117643476816816
neolignan smi10,C=CCc1cc(OC)c(OC(C)C(O)c2cc(O)cc(OC)c2)c(OC)c1,-4.6500001,c1(OC)c(OC(C)C(c2cc(O)cc(OC)c2)O)c(OC)cc(CC=C)c1,A~AAaraa{BA}a{BA{A}A{B}asaa{B}aa{BA}as}a{BA}ar,26.82353050242209
nitrendipine,CCOC(=O)C1=C(C)NC(C)=C(C(=O)OC)C1c1cccc([N+](=O)[O-])c1,-4.8499999,CC1=C(C(=O)OCC)C(c2cc([N+](=O)[O-])ccc2)C(C(=O)OC)=C(C)N1,AABA{~B}Ar~A{A}DA{A}~A{A{~B}BA}Araraaaa{{D%}{~B}{B_}}ar,31.529407928027872
omeprazole,COc1ccc2[nH]c(S(=O)Cc3ncc(C)c(OC)c3C)nc2c1,-4.1700001,c12ccc(OC)cc1nc(S(Cc1c(C)c(OC)c(C)cn1)=O)[nH]2,ABaraaas{dQ}a{E{~B}Aatdaa{A}a{BA}atA}dasar,15.529413386851143
ouabain,C[C@@H]1O[C@@H](O[C@H]2C[C@@H](O)[C@]3(CO)[C@H]4[C@H](O)C[C@]5(C)[C@@H](C6=CC(=O)OC6)CC[C@]5(O)[C@@H]4CC[C@]3(O)C2)[C@H](O)[C@H](O)[C@H]1O,-7.23,[C@@H]1(O)C[C@]2(C)[C@@H](C3=CC(=O)OC3)CC[C@]2(O)[C@H]2[C@H]1[C@]1(CO)[C@@](O)(C[C@@H](O[C@H]3[C@H](O)[C@H](O)[C@@H](O)[C@H](C)O3)C[C@H]1O)CC2,A{A**Q}rB{A**Q}{B{A*Q}sA{A**Q}{B}{A*}t{AB}{A*Q}u{A*Q}{B}A{A*}v{A}{A**Q}{Aw~AA{~B}BAw}AA{A*}v{B}{A**Q}uAA{A*}t{B}As}{A*Q}{B}{A*Q}{B}{A*Q}rB,87.52940764567494
PNU200603,N=C(N)c1ccc2[nH]c(-c3ccccn3)nc2c1,-6.4699998,c12c(ccc(C(=N)N)c1)[nH]c(-c1ccccn1)n2,D~A{D}araaas{dQ}a{_ataaaadt}dasar,69.64705084013879
quercitrin,C[C@@H]1O[C@@H](Oc2c(-c3ccc(O)c(O)c3)oc3cc(O)cc(O)c3c2=O)[C@H](O)[C@H](O)[C@H]1O,-6.0999999,c1c(O)c2c(=O)c(O[C@H]3[C@H](O)[C@H](O)[C@@H](O)[C@H](C)O3)c(-c3ccc(O)c(O)c3)oc2cc1O,A{A**Q}rB{A**Q}{Basa{_ataaa{B}a{B}at}bataa{B}aa{B}atas~B}{A*Q}{B}{A*Q}{B}{A*Q}rB,60.941171249827235
saquinavir,CC(C)(C)NC(=O)[C@@H]1C[C@@H]2CCCC[C@@H]2CN1C[C@@H](O)[C@H](Cc1ccccc1)NC(=O)[C@H](CC(N)=O)NC(=O)c1ccc2ccccc2n1,-6.2600002,c1cccc(C[C@H](NC(=O)[C@@H](NC(=O)c2ccc3c(cccc3)n2)CC(N)=O)[C@H](O)CN2[C@H](C(=O)NC(C)(C)C)C[C@H]3[C@H](CCCC3)C2)c1,AA{A}{A}DA{~B}{A**Q}rA{A**Q}sAAAA{A**Q}sADrA{A**Q}{B}{A*Q}{Aaraaaaar}DA{~B}{A*Q}{AA{D}~B}DA{~B}araaasaaaaasdr,64.70588401384076
SB209670,CCCOc1ccc2c(c1)[C@@H](c1ccc(OC)cc1OCC(=O)O)[C@H](C(=O)O)C2,-5.23,CCCOc1cc2c(cc1)C[C@@H](C(=O)O)[C@@H]2c1ccc(OC)cc1OCC(=O)O,AAABaraaasa{ar}{A**Q}{araaa{BA}aarBAA{~B}B}{A*Q}{A{~B}B}As,40.470586330795946
SDZ-RAD,CO[C@H]1C[C@@H]2CC[C@@H](C)[C@@](O)(O2)C(=O)C(=O)N2CCCC3[C@H](C[C@@H]4CC[C@@H](OCCO)[C@H](OC)C4)[C@H](CC(=O)[C@H](C)/C=C(\C)[C@@H](O)[C@@H](OC)C(=O)[C@H](C)CC[C@H](C)/C=C/C=C/C=C/1C)OC(=O)[C@H]32,-4.630000099999998,[C@@H]1(C[C@@H]2CC[C@@H](OCCO)[C@H](OC)C2)[C@@H]2CC(=O)[C@H](C)/C=C(\C)[C@@H](O)[C@@H](OC)C(=O)[C@H](C)CC[C@H](C)/C=C/C=C/C=C(\C)[C@@H](OC)C[C@@H]3CC[C@@H](C)[C@](O)(C(=O)C(=O)N4CCCC1[C@H]4C(=O)O2)O3,AB{A*Q}rA{A**Q}sAA{A**Q}{A}{A**}{B}{Bs}A{~B}A{~B}DsAAAAt{A*Q}{A{A**Q}uAA{A**Q}{BAAB}{A*Q}{BA}Au}{A*Q}{AA{~B}{A*Q}{A}|A~A{!A}{A**Q}{B}{A**Q}{BA}A{~B}{A*Q}{A}AA{A*Q}{A}|A~A|A~A|A~A|rA}BA{~B}{A*Q}ts,26.35294228927327
sulfamethoxazole,Cc1cc(NS(=O)(=O)c2ccc(N)cc2)no1,-4.880000099999998,S(=O)(c1ccc(N)cc1)(Nc1noc(C)c1)=O,Aaraa{DE{~B}{~B}asaaa{D}aas}dbr,32.235294953633144
betazolol,CC(C)NC[C@@H](O)COc1ccc(CCOCC2CC2)cc1,-4.8099999,c1(OC[C@H](O)CNC(C)C)ccc(CCOCC2CC2)cc1,AA{A}DA{A**Q}{B}ABaraaa{AABAAsAAs}aar,30.58823150173029
betazolol ester,CC(C)NC[C@H](COc1ccc(CCOCC2CC2)cc1)OC(=O)C1CC1,-4.52,C1CC1C(O[C@@H](COc1ccc(CCOCC2CC2)cc1)CNC(C)C)=O,AA{A}DA{A*Q}{ABaraaa{AABAAsAAs}aar}BA{~B}ArAAr,23.764704764013885
caffeine,Cn1c(=O)c2c(ncn2C)n(C)c1=O,-4.3400002,Cn1c2c(=O)n(C)c(=O)n(C)c2nc1,Adra{~B}asa{dadsA}d{A}ar~B,19.529415551556927
4__57,CN(C(=O)[C@H](Cc1ccc(CN)cc1)NS(=O)(=O)c1ccc2ccccc2c1)C1CCCC1,-4.9586072,c1c2c(cc(S(=O)(N[C@@H](Cc3ccc(CN)cc3)C(=O)N(C3CCCC3)C)=O)cc2)ccc1,AD{A{~B}{A*Q}{Aaraaa{AD}aar}DE{~B}{~B}araaasaaaaasar}ArAAAAr,34.084873690123594
74,Cn1nnnc1-c1cccc(NC(=O)N[C@@H]2CCCC[C@H]2CN2CCC[C@@H](Cc3ccc(F)cc3)C2)c1,-5.6989698,[C@@H]1(NC(=O)Nc2cccc(-c3n(C)nnn3)c2)CCCC[C@H]1CN1C[C@H](Cc2ccc(F)cc2)CCC1,Adrdddar_araaaa{DA{~B}D{A**Q}sAAAA{A*Q}sADsAAA{A**Q}{Aataaa{G}aat}As}ar,51.505169340933215
Verapamil,COc1ccc(CCN(C)CCC[C@](C#N)(c2ccc(OC)c(OC)c2)C(C)C)cc1OC,-4.961279900000001,c1c(OC)c(OC)cc([C@@](CCCN(C)CCc2ccc(OC)c(OC)c2)(C(C)C)C#N)c1,ABaraaa{AAD{A}AAA{A*}{A^D}{asaaa{BA}a{BA}as}A{A}A}aarBA,34.14776074598775
2j,C[C@@H](NC(=O)C1(NC(=O)C(F)(F)F)CC1)c1ccc(-c2cc(Cl)cc(Cl)c2-c2nnn(C)n2)cc1F,-4.5528421,N(C(C(F)(F)F)=O)C1(C(=O)N[C@H](C)c2ccc(-c3cc(Cl)cc(Cl)c3-c3nnn(C)n3)cc2F)CC1,A{A**Q}{DA{~B}Ar{DA{~B}A{G}{G}G}AAr}araaa{_asaa{Z}aa{Z}as_asddd{A}ds}aarG,24.5374600217666
2f,COC(=O)c1c(Cl)cc(Cl)cc1-c1ccc([C@@H](C)NC(=O)C2(NC(=O)C(F)(F)F)CC2)c(F)c1,-4.7447276,c1(F)cc(-c2cc(Cl)cc(Cl)c2C(=O)OC)ccc1[C@@H](C)NC(C1(NC(C(F)(F)F)=O)CC1)=O,ABA{~B}ara{Z}aa{Z}aar_araaa{{A**Q}{A}DA{~B}As{DA{~B}A{G}{G}G}AAs}a{G}ar,29.052412750474694
2g,COC(=O)c1c(F)cc(Cl)cc1-c1ccc([C@@H](C)NC(=O)C2(NC(=O)C(F)(F)F)CC2)c(F)c1,-4.5686364,c1(C(OC)=O)c(F)cc(Cl)cc1-c1cc(F)c([C@H](NC(=O)C2(NC(=O)C(F)(F)F)CC2)C)cc1,ABA{~B}ara{G}aa{Z}aar_araaa{{A**Q}{A}DA{~B}As{DA{~B}A{G}{G}G}AAs}a{G}ar,24.909090592513383
31__58,CNCc1cnc(C)cc1Oc1ccccc1Oc1ccccc1,-4.8399267,N(Cc1c(Oc2ccccc2Oc2ccccc2)cc(C)nc1)C,ADAarada{A}aarBaraaaaarBaraaaaar,31.29239146859335
943-Ketotifen fumarate (38),CN1CCC(=C2c3ccccc3CC(=O)c3sccc32)CC1,-3.9546771,O=C1c2sccc2C(=C2CCN(C)CC2)c2ccccc2C1,ADrAAA{~AsataaaaatAA{~B}ateaaats}AAr,10.462990095859293
882-13i,C[C@@H]1O[C@@H](c2ccc(N(O)O)cc2)OC[C@H]1NC(=O)Cc1ccccc1,-4.9846401,N(C(Cc1ccccc1)=O)[C@@H]1CO[C@H](c2ccc(N(O)O)cc2)O[C@H]1C,A{A**Q}rB{A**Q}{asaaa{D{B}B}aas}BA{A*Q}rDA{~B}Aaraaaaar,34.69741248482765
061-Amiloride,NC(N)=NC(=O)c1nc(Cl)c(N)nc1N,-5.5642352,C(=NC(=O)c1nc(Cl)c(N)nc1N)(N)N,DA{D}~DA{~B}arda{Z}a{D}darD,48.33494360776735
187-Saquinavir,CC(C)(C)NC(=O)[C@H]1C[C@H]2CCCC[C@H]2CN1C[C@@H](O)[C@H](Cc1ccccc1)NC(=O)[C@@H](CC(N)=O)NC(=O)c1ccc2ccccc2n1,-5.8616972,c1c2ccccc2nc(C(=O)N[C@H](CC(N)=O)C(=O)N[C@@H](Cc2ccccc2)[C@@H](CN2[C@@H](C(NC(C)(C)C)=O)C[C@H]3CCCC[C@H]3C2)O)c1,AA{A}{A}DA{~B}{A*Q}rA{A*Q}sAAAA{A*Q}sADrA{A**Q}{B}{A*Q}{Aaraaaaar}DA{~B}{A**Q}{AA{D}~B}DA{~B}araaasaaaaasdr,55.33404916075063
Acyclovir,Nc1nc(=O)c2ncn(COCCO)c2[nH]1,-5.9899998,c12n(COCCO)cnc1c(=O)nc(N)[nH]2,Darda{~B}asdad{ABAAB}as{dQ}r,58.35293372456781
Atropine,CN1[C@@H]2CC[C@@H]1CC(OC(=O)C(CO)c1ccccc1)C2,-4.7016673,CN1[C@H]2CC(OC(C(CO)c3ccccc3)=O)C[C@H]1CC2,ADr{A**Q}sAA{A**Q}rAA{BA{~B}A{AB}araaaaar}As,28.03922926874216
Bendroflumethiazide,NS(=O)(=O)c1cc2c(cc1C(F)(F)F)NC(Cc1ccccc1)NS2(=O)=O,-5.8899999,c1cc(CC2Nc3cc(C(F)(F)F)c(S(=O)(N)=O)cc3S(=O)(=O)N2)ccc1,DE{~B}{~B}araasa{aarA{G}{G}G}DA{Aaraaaaar}DEs{~B}~B,55.999995011764945
Cisapride,COc1cc(N)c(Cl)cc1C(=O)NC1CCN(CCCOc2ccc(F)cc2)CC1OC,-4.52,C1(NC(c2cc(Cl)c(N)cc2OC)=O)CCN(CCCOc2ccc(F)cc2)CC1OC,ABaraa{D}a{Z}aarA{~B}DArAAD{AAABasaaa{G}aas}AArBA,23.764704764013885
Cymarin,COC1CC(OC2CCC3(C=O)C4CCC5(C)C(C6=CC(=O)OC6)CCC5(O)C4CCC3(O)C2)OC(C)C1O,-5.579999900000002,C1CC(C2=CC(=O)OC2)C2(C)C1(O)C1C(CC2)C2(C=O)CCC(OC3CC(OC)C(O)C(C)O3)CC2(O)CC1,ABArAA{BAsAAAt{A~B}AuAAAv{A}A{Aw~AA{~B}BAw}AAAv{B}AuAAAt{B}As}BA{A}ArB,48.70587770795873
Diphenhydramine,CN(C)CCOC(c1ccccc1)c1ccccc1,-4.27,c1(C(c2ccccc2)OCCN(C)C)ccccc1,AD{A}AABA{araaaaar}araaaaar,17.88235209965401
Erlotinib,C#Cc1cccc(Nc2ncnc3cc(OCCOC)c(OCCOC)cc23)c1,-4.4699998,COCCOc1c(OCCOC)cc2c(Nc3cccc(C#C)c3)ncnc2c1,A^Aaraaaa{Dasdadataa{BAABA}a{BAABA}aast}ar,22.588229525259788
Furazolidone,O=C1OCCN1/N=C/c1ccc(N(O)O)o1,-4.9899998,C1OC(=O)N(/N=C/c2ccc(N(O)O)o2)C1,B~ArBAADr|D~A|araaa{D{B}B}br,34.82352306712832
Gefitinib,COc1cc2ncnc(Nc3ccc(F)c(Cl)c3)c2cc1OCCCN1CCOCC1,-4.48,c12cc(OCCCN3CCOCC3)c(OC)cc1ncnc2Nc1ccc(F)c(Cl)c1,ABaraasdada{Dataaa{G}a{Z}at}asaarBAAADrAABAAr,22.823528337716326
Ketoconazole,CC(=O)N1CCN(c2ccc(OC[C@@H]3CO[C@@](Cn4ccnc4)(c4ccc(Cl)cc4Cl)O3)cc2)CC1,-4.7538648,CC(N1CCN(c2ccc(OC[C@@H]3CO[C@](c4c(Cl)cc(Cl)cc4)(Cn4ccnc4)O3)cc2)CC1)=O,AA{~B}DrAAD{asaaa{BA{A**Q}tAB{A**}{Aduaadau}{auaaa{Z}aauZ}Bt}aas}AAr,29.267405681533845
Ketotifen,CN1CCC(=C2c3ccccc3CC(=O)c3sccc32)CC1,-4.9499998,c1c2c(sc1)C(=O)Cc1c(cccc1)C2=C1CCN(C)CC1,ADrAAA{~AsataaaaatAA{~B}ateaaats}AAr,33.88234664083074
Methadone,CCC(=O)C(CC(C)N(C)C)(c1ccccc1)c1ccccc1,-4.6599998,N(C(CC(c1ccccc1)(c1ccccc1)C(CC)=O)C)(C)C,AAA{~B}A{AA{A}D{A}A}{araaaaar}araaaaar,27.058817550173284
Methyldopa,C[C@@](N)(Cc1ccc(O)c(O)c1)C(=O)O,-6.619894,c1(C[C@](N)(C)C(=O)O)ccc(O)c(O)c1,A{A**}{D}{Aaraaa{B}a{B}ar}A{~B}B,73.17397302710715
Scopolamine,CN1C2CC(OC(=O)C(CO)c3ccccc3)CC1C1OC12,-4.724059099999999,C1(OC(C(c2ccccc2)CO)=O)CC2C3OC3C(C1)N2C,ADrAsAA{BA{~B}A{AB}ataaaaat}AArArBArs,28.566095126301384
Talinolol,CC(C)(C)NCC(O)COc1ccc(NC(=O)NC2CCCCC2)cc1,-4.9684534000000005,c1cc(OCC(O)CNC(C)(C)C)ccc1NC(NC1CCCCC1)=O,AA{A}{A}DAA{B}ABaraaa{DA{~B}DAsAAAAAs}aar,34.31654897333888
Terfenadine,CC(C)(C)c1ccc(C(O)CCCN2CCC(C(O)(c3ccccc3)c3ccccc3)CC2)cc1,-5.2600002,c1(C(O)(C2CCN(CCCC(O)c3ccc(C(C)(C)C)cc3)CC2)c2ccccc2)ccccc1,AA{A}{A}araaa{A{B}AAADsAAA{A{B}{ataaaaat}ataaaaat}AAs}aar,41.17647335640126
Viloxazine,CCOc1ccccc1OCC1CNCCO1,-4.3899999,C1CNCC(COc2ccccc2OCC)O1,AABaraaaaarBAArADAABr,20.705879025605704
"Maraviroc (UK-427,857)",Cc1nnc(C(C)C)n1C1CC2CCC(C1)N2CC[C@H](NC(=O)C1CCC(F)(F)CC1)c1ccccc1,-6.0,C1C2CC(n3c(C)nnc3C(C)C)CC(C1)N2CC[C@H](NC(=O)C1CCC(F)(F)CC1)c1ccccc1,Aardda{A{A}A}drArAAsAAA{Ar}DsAA{A*Q}{DA{~B}ArAAA{G}{G}AAr}araaaaar,58.58823253702435
Rhodamine 123 (Rho 123),COC(=O)c1ccccc1-c1c2ccc(=N)cc-2oc2cc(N)ccc12,-5.9411516,c12c(oc3cc(=N)ccc-3c1-c1ccccc1C(OC)=O)cc(N)cc2,ABA{~B}araaaaar_arasaaa{~D}aa_sbasaa{D}aaars,57.203564366891094
N-Acetyl-D-leucyl-D-phenylalanine N-Methylamide (4),CNC(=O)[C@@H](Cc1ccccc1)NC(=O)[C@@H](CC(C)C)NC(C)=O,-5.2142239,O=C([C@H](NC([C@H](NC(=O)C)CC(C)C)=O)Cc1ccccc1)NC,ADA{~B}{A**Q}{Aaraaaaar}DA{~B}{A**Q}{AA{A}A}DA{A}~B,40.099383995323116
N-Acetylglycine Phenethylamide (7),CC(=O)NCC(=O)NCCc1ccccc1,-4.6597776,C(NC(C)=O)C(=O)NCCc1ccccc1,AA{~B}DAA{~B}DAAaraaaaar,27.05358931512521
N-Acetyl-D-valine Phenethylamide (9a),CC(=O)N[C@@H](C(=O)NCCc1ccccc1)C(C)C,-4.4610906,CC(C)[C@H](C(=O)NCCc1ccccc1)NC(C)=O,AA{~B}D{A**Q}{A{~B}DAAaraaaaar}A{A}A,22.37860129983054
10__59,N=C(N)c1cccc(CC(CC(=O)N2CCNCC2)NS(=O)(=O)c2ccc3ccccc3c2)c1,-7.0312262,c1c2c(cccc2)cc(S(=O)(=O)NC(Cc2cccc(C(N)=N)c2)CC(=O)N2CCNCC2)c1,D~A{D}araaaa{AA{AA{~B}DsAADAAs}DE{~B}{~B}asaaataaaaatas}ar,82.85237727753517
Corticosterone,C[C@]12C[C@H](O)[C@H]3[C@@H](CCC4=CC(=O)CC[C@@]43C)[C@@H]1CC[C@@H]2C(=O)CO,-4.3887606,[C@]12(C)[C@@H](CC[C@@H]1C(CO)=O)[C@@H]1CCC3=CC(=O)CC[C@]3(C)[C@H]1[C@@H](O)C2,A{A*}rsA{A*Q}{B}{A*Q}t{A**Q}{AAAu~AA{~B}AA{A**}utA}{A**Q}rAA{A**Q}sA{~B}AB,20.67671902697794
Sucrose,OC[C@H]1O[C@H](O[C@]2(CO)O[C@H](CO)[C@@H](O)[C@@H]2O)[C@H](O)[C@@H](O)[C@@H]1O,-5.9186072,C(O)[C@@H]1[C@@H](O)[C@H](O)[C@](CO)(O[C@H]2O[C@H](CO)[C@@H](O)[C@H](O)[C@H]2O)O1,BA{A*Q}rB{A*Q}{B{A*}s{AB}B{A*Q}{AB}{A**Q}{B}{A**Q}sB}{A*Q}{B}{A**Q}{B}{A**Q}rB,56.67310792126551
Doxorubicin,COc1cccc2c1C(=O)c1c(O)c3c(c(O)c1C2=O)C[C@](O)(C(=O)CO)C[C@H]3O[C@@H]1C[C@@H](N)[C@@H](O)[C@@H](C)O1,-6.5900002,[C@H]1(N)[C@@H](O)[C@@H](C)O[C@H](O[C@@H]2C[C@@](O)(C(=O)CO)Cc3c(O)c4c(c(O)c32)C(=O)c2c(cccc2OC)C4=O)C1,ABaraaaasarA{~B}ara{B}ata{a{B}arAs~B}A{A*}{B}{A{~B}AB}A{A*Q}tB{A**Q}rA{A**Q}{D}{A**Q}{B}{A**Q}{A}Br,72.47058953079579
Propranolol ester,CC(C)NCC(COc1cccc2ccccc12)OC(=O)C1CC1,-4.1608586,C1(C(=O)OC(COc2c3ccccc3ccc2)CNC(C)C)CC1,AA{A}DAA{ABaraaaasaaaaars}BA{~B}ArAAr,15.314319279326156
Proscillaridin,CC1OC(O[C@@H]2C=C3CC[C@@H]4[C@H](CC[C@]5(C)[C@@H](c6ccc(=O)oc6)CC[C@]45O)[C@@]3(C)CC2)C(O)C(O)C1O,-6.2299852,c1(=O)occ([C@H]2CC[C@@]3(O)[C@]2(C)CC[C@@H]2[C@@]4(C)CC[C@H](OC5OC(C)C(O)C(O)C5O)C=C4CC[C@H]23)cc1,AArBA{B{A**Q}sA~AtAA{A**Q}u{A*Q}{AA{A*}v{A}{A**Q}{awaaa{~B}baw}AA{A*}uvB}{A**}t{A}AAs}A{B}A{B}ArB,63.9996487529577
Dexamethasone-?-D-glucuronide,C[C@@H]1C[C@H]2[C@@H]3CCC4=CC(=O)C=C[C@]4(C)[C@@]3(F)[C@@H](O)C[C@]2(C)[C@@]1(O)C(=O)COC1O[C@@H](CC(=O)O)[C@H](O)[C@@H](O)[C@@H]1O,-5.9796510000000005,C(C[C@H]1[C@H](O)[C@@H](O)[C@H](O)C(OCC([C@]2(O)[C@@]3(C)C[C@H](O)[C@]4(F)[C@@]5(C)C=CC(=O)C=C5CC[C@H]4[C@@H]3C[C@H]2C)=O)O1)(=O)O,A{A**Q}rA{A*Q}s{A**Q}tAAAu~AA{~B}A~A{A*}u{A}{A**}t{G}{A**Q}{B}A{A*}s{A}{A**}r{B}A{~B}ABArB{A**Q}{AA{~B}B}{A*Q}{B}{A**Q}{B}{A**Q}rB,58.10943255955612
U-84656 (IV),CNC(=O)[C@@H]1Cc2cn(cn2)CC(=O)N2CCC[C@H]2C(=O)N[C@@H](C)C(=O)N1C,-5.8998151,C(=O)(NC)[C@H]1N(C)C(=O)[C@H](C)NC(=O)[C@@H]2CCCN2C(=O)Cn2cc(nc2)C1,ADA{~B}{A**Q}rAasad{ads}AA{~B}DsAAA{A*Q}sA{~B}D{A**Q}{A}A{~B}DrA,56.23094088324983
Ac-D-phe3-NH2,CC(=O)N[C@@H](Cc1ccccc1)C(=O)N[C@H](Cc1ccccc1)C(=O)N[C@@H](Cc1ccccc1)C(N)=O,-5.764868700000001,c1cccc(C[C@@H](NC([C@H](Cc2ccccc2)NC(=O)C)=O)C(=O)N[C@H](C(=O)N)Cc2ccccc2)c1,AA{~B}D{A**Q}{Aaraaaaar}A{~B}D{A*Q}{Aaraaaaar}A{~B}D{A**Q}{Aaraaaaar}A{D}~B,53.05573162090677
PNU200648__60,Cc1ccnc2nc(Cc3nc4ccc(C(=N)N)cc4[nH]3)[nH]c12,-7.0478787,c1cnc2c(c1C)[nH]c(Cc1nc3ccc(C(=N)N)cc3[nH]1)n2,Aaraadasda{Aatdauaaa{A{~D}D}aau{dQ}t}{dQ}ars,83.24420078850818
PNU200681,Cc1ccnc2[nH]c(Cc3nc4ccc(/C(N)=N\O)cc4[nH]3)nc12,-6.6994848,c1(C)ccnc2c1nc(Cc1[nH]c3c(ccc(/C(N)=N\O)c3)n1)[nH]2,Aaraadas{dQ}a{Aatdauaaa{|A{D}~D!B}aau{dQ}t}dars,75.04669764486127
PNU-179450,CCC(=O)NC[C@H]1CN(c2ccc(-c3nncs3)c(F)c2)C(=O)O1,-4.4308991,O=C(NC[C@H]1CN(c2ccc(-c3scnn3)c(F)c2)C(=O)O1)CC,AAA{~B}DA{A*Q}rAD{asaaa{_atddaet}a{G}as}A{~B}Br,21.668213097966454
PNU-182347,CC(=S)NC[C@H]1CN(c2ccc(-c3nnc(CN)s3)c(F)c2)C(=O)O1,-4.8219547,O=C1O[C@@H](CNC(=S)C)CN1c1cc(F)c(-c2nnc(CN)s2)cc1,AA{~E}DA{A*Q}rAD{asaaa{_atdda{AD}et}a{G}as}A{~B}Br,30.869520900257843
PNU-179397,CCC(=O)NC[C@H]1CN(c2ccc(-n3cc(C#N)cn3)c(F)c2)C(=O)O1,-4.3099999,Fc1c(-n2ncc(C#N)c2)ccc(N2C[C@H](CNC(=O)CC)OC2=O)c1,AAA{~B}DA{A*Q}rAD{asaaa{_dtaa{A^D}adt}a{G}as}A{~B}Br,18.82352617301054
PNU-182945,CNCc1nnc(-c2ccc(N3C[C@H](CNC(C)=S)OC3=O)cc2F)s1,-4.769775900000001,CNCc1sc(-c2c(F)cc(N3C[C@H](CNC(=S)C)OC3=O)cc2)nn1,ADAardda{_asaaa{DtA{A*Q}{ADA{A}~E}BAt~B}aasG}er,29.641784487445456
PNU-241028,CC(=S)NC[C@H]1CN(c2ccc(-c3nnc(CNS(C)(=O)=O)s3)c(F)c2)C(=O)O1,-5.619894,s1c(CNS(=O)(C)=O)nnc1-c1c(F)cc(N2C[C@H](CNC(C)=S)OC2=O)cc1,AA{~E}DA{A*Q}rAD{asaaa{_atdda{ADE{A}{~B}~B}et}a{G}as}A{~B}Br,49.64456236966766
NK1NK2 analogue 104 (15f),COc1cc(C(=O)N2CC[C@](CCN3CCC(C(=O)N4CCN(C)CC4)(c4cccnc4)CC3)(c3ccc(Cl)c(Cl)c3)C2)cc(OC)c1OC,-5.1382737,O(C)c1c(OC)c(OC)cc(C(=O)N2C[C@](c3ccc(Cl)c(Cl)c3)(CCN3CCC(c4cccnc4)(C(=O)N4CCN(C)CC4)CC3)CC2)c1,ABaraa{A{~B}DsAA{A*}{AADtAAA{A{~B}DuAAD{A}AAu}{auaaadau}AAt}{ataaa{Z}a{Z}at}As}aa{BA}arBA,38.312320550008444
341908,CC(C)NS(=O)(=O)n1c(N)nc2ccc(C(C(N)=O)c3cccc(F)c3)cc21,-4.331273599999999,Nc1n(S(NC(C)C)(=O)=O)c2cc(C(C(N)=O)c3cccc(F)c3)ccc2n1,AA{A}DE{~B}{~B}dra{D}dasaaa{A{A{D}~B}ataaaa{G}at}aasr,19.32408379651369
"UK 224,671",NS(=O)(=O)N1CCN(C2CN(CC[C@]3(c4ccc(Cl)c(Cl)c4)CCC(=O)N(CC4CC4)C3)C2)CC1,-5.8969545,C(CN1CC(N2CCN(S(=O)(N)=O)CC2)C1)[C@]1(c2ccc(Cl)c(Cl)c2)CCC(=O)N(CC2CC2)C1,DE{~B}{~B}DrAAD{AsAD{AA{A*}t{auaaa{Z}a{Z}au}AAA{~B}D{AAuAAu}At}As}AAr,56.16363265112316
5'-L-glycyl-L-leucyl-floxuridine,CC(C)CC(NC(=O)CN)C(=O)OC[C@@H]1O[C@H](n2cc(F)c(=O)[nH]c2=O)C[C@H]1O,-5.2006745,C(OC(C(NC(CN)=O)CC(C)C)=O)[C@@H]1O[C@H](n2c(=O)[nH]c(=O)c(F)c2)C[C@H]1O,AA{A}AA{DA{~B}AD}A{~B}BA{A**Q}rB{A*Q}{dsaa{G}a{~B}{dQ}as~B}A{A*Q}rB,39.780574598561195
N-[5-[(4-Dimethylaminobenzoyl)amino]pentyl]-2-mercaptoacetamide (S2),CN(C)c1ccc(C(=O)NCCCCCNC(=O)CS)cc1,-5.1324477,N(C)(C)c1ccc(C(=O)NCCCCCNC(CS)=O)cc1,AD{A}araaa{A{~B}DAAAAADA{~B}AE}aar,38.175238203518205
Vorinostat (SAHA-suberoylanilide hydroxamic acid),O=C(CCCCCCC(=O)Nc1ccccc1)NO,-5.629466099999999,c1c(NC(CCCCCCC(NO)=O)=O)cccc1,B~A{AAAAAAA{~B}Daraaaaar}DB,49.86978824142171
2__61,CCCCCCC(N)C(=O)N[C@@H](Cc1ccc(O)cc1)C(=O)N1CCC[C@@H]1C(=O)N[C@@H](Cc1c[nH]c2ccccc12)C(=O)N[C@@H](Cc1ccccc1)C(N)=O,-5.4504986,O=C(N[C@H](C(N[C@H](C(N)=O)Cc1ccccc1)=O)Cc1c[nH]c2ccccc12)[C@H]1CCCN1C([C@H](Cc1ccc(O)cc1)NC(=O)C(CCCCCC)N)=O,AAAAAAA{D}A{~B}D{A**Q}{Aaraaa{B}aar}A{~B}DrAAA{A**Q}rA{~B}D{A**Q}{Aara{dQ}asaaaaars}A{~B}D{A**Q}{Aaraaaaar}A{D}~B,45.65878843958643
11__62,CCCCCCC(N)C(=O)N[C@@H](Cc1ccc(O)cc1)C(=O)N1CCC[C@@H]1C(=O)N[C@@H](Cc1c[nH]c2ccccc12)C(=O)N[C@@H](Cc1ccccc1)C(=O)N[C@@H]1O[C@H](C(N)=O)[C@@H](O)C(O)C1O,-5.79,c1(C[C@H](NC(=O)C(CCCCCC)N)C(=O)N2CCC[C@@H]2C(=O)N[C@@H](Cc2c[nH]c3c2cccc3)C(N[C@@H](Cc2ccccc2)C(=O)N[C@@H]2O[C@H](C(=O)N)[C@@H](O)C(O)C2O)=O)ccc(O)cc1,AAAAAAA{D}A{~B}D{A**Q}{Aaraaa{B}aar}A{~B}DrAAA{A**Q}rA{~B}D{A**Q}{Aara{dQ}asaaaaars}A{~B}D{A**Q}{Aaraaaaar}A{~B}D{A**Q}rB{A*Q}{A{D}~B}{A**Q}{B}A{B}ArB,53.647056298962056
13__63,Cc1cc(O)cc(C)c1C[C@H](N)C(=O)N1CCC[C@@H]1C(=O)N[C@@H](Cc1c[nH]c2ccccc12)C(=O)N[C@@H](Cc1ccccc1)C(N)=O,-6.2987847000000015,[nH]1c2ccccc2c(C[C@H](NC(=O)[C@@H]2N(C([C@H](Cc3c(C)cc(O)cc3C)N)=O)CCC2)C(=O)N[C@H](C(N)=O)Cc2ccccc2)c1,Aaraa{B}aa{A}arA{A*Q}{D}A{~B}DrAAA{A**Q}rA{~B}D{A**Q}{Aara{dQ}asaaaaars}A{~B}D{A**Q}{Aaraaaaar}A{D}~B,65.61846044148425
Sulfanilic acid,Nc1ccc(S(=O)(=O)O)cc1,-5.4299998,c1cc(S(O)(=O)=O)ccc1N,Daraaa{E{~B}{~B}B}aar,45.1764637564017
PB-43,Cn1cncc1CN1CC(N(CCn2cccc2)S(=O)(=O)c2ccccn2)Cc2cc(C#N)ccc21,-4.9099998,c1c2c(cc(C#N)c1)CC(N(S(=O)(c1ncccc1)=O)CCn1cccc1)CN2Cc1n(C)cnc1,AdradaarADrAA{D{AAdsaaaas}E{~B}{~B}asaaaads}Aasaa{A^D}aaasr,32.94117021453316
PB-102,CC(C)COC(=O)N1CCC(CN(C2Cc3cc(C#N)ccc3N(Cc3cncn3C)C2)S(=O)(=O)c2ccccn2)CC1,-5.1224694,c1c(C#N)cc2c(c1)N(Cc1n(C)cnc1)CC(N(S(=O)(=O)c1ccccn1)CC1CCN(C(OCC(C)C)=O)CC1)C2,AA{A}ABA{~B}DrAAA{AD{AsAataa{A^D}aaatD{AatadadtA}As}E{~B}{~B}asaaaads}AAr,37.940454685155075
MEN14970,O=C(NC1(C(=O)N[C@H](Cc2ccccc2)C(=O)NCCCN2CCOCC2)CCCC1)c1ccc(-c2ccccc2)s1,-4.9309068,c1ccc(C[C@H](C(=O)NCCCN2CCOCC2)NC(=O)C2(NC(c3ccc(-c4ccccc4)s3)=O)CCCC2)cc1,B~A{DAr{A{~B}D{A*Q}{Aasaaaaas}A{~B}DAAADsAABAAs}AAAAr}araaa{_asaaaaas}er,33.43309960314825
-__64,O=Cc1ccncc1,-4.180557299999999,c1(C=O)ccncc1,B~Aaraadaar,15.777818081043842
-__65,Oc1ccncc1,-4.1089525,c1nccc(O)c1,Baraadaar,14.092999336800034
-__66,c1ccc(Cc2ccncc2)cc1,-3.9978395,c1c(Cc2ccccc2)ccnc1,araaa{Aasaadaas}aar,11.478575930419959
-__67,Fc1ccncc1,-3.8897052,c1(F)ccncc1,Garaadaar,8.934239579565197
3'-Cl BZT,CN1C2CC[C@@H]1CC(OC(c1ccccc1)c1cccc(Cl)c1)C2,-4.662271,C(OC1C[C@H]2CCC(C1)N2C)(c1cc(Cl)ccc1)c1ccccc1,ADrAsAA{A**Q}rAA{BA{araaaaar}araaaa{Z}ar}As,27.11225754765846
"7,4'-DMF",COc1ccc(-c2cc(=O)c3ccc(OC)cc3o2)cc1,-4.6010299,c1(-c2cc(=O)c3c(cc(OC)cc3)o2)ccc(OC)cc1,ABaraaa{_asaa{~B}ataaa{BA}aatbs}aar,25.67129055664516
12g,Cn1cncc1CN(CCN(Cc1ccccc1)S(=O)(=O)c1ccccn1)c1ccc(C#N)cc1,-5.5514212,n1cc(CN(CCN(Cc2ccccc2)S(=O)(c2ncccc2)=O)c2ccc(C#N)cc2)n(C)c1,AdradaarAD{AAD{Aaraaaaar}E{~B}{~B}araaaadr}araaa{A^D}aar,48.03343773960293
"(2E,4Z,8Z)-N-isobutyldodeca-2,4,10-triene-8 -ynamide (4) mw = 245",C/C=C/C#CCC/C=C\C=C\C(=O)NCC(C)C,-4.0,C(\C#CCC/C=C\C=C\C(=O)NCC(C)C)=C/C,A|A~A|A^AAA|A~A!A~A!A{~B}DAA{A}A,11.529411222145358
"2',3'-dideoxyinosine (ddI)",OC[C@@H]1CC[C@H](n2cnc3c(O)ncnc32)O1,-5.6708102,[C@H]1(CO)O[C@@H](n2c3ncnc(O)c3nc2)CC1,BA{A**Q}rAA{A*Q}{dsadata{B}dadats}Br,50.84259054858397
Val-ACV,CC(C)C(N)C(=O)OCCOCn1cnc2c(=O)[nH]c(N)nc21,-5.6697760000000015,c12c(c(=O)[nH]c(N)n1)ncn2COCCOC(C(C(C)C)N)=O,AA{A}A{D}A{~B}BAABAdradasa{~B}{dQ}a{D}dasr,50.81825643208208
CF 1526 (p-OMe),COC(=O)C(C)NP(=O)(OC[C@@H]1C=C[C@H](n2cc(C)c(=O)[nH]c2=O)O1)Oc1ccc(OC)cc1,-5.9819288,O(P(=O)(OC[C@@H]1C=C[C@H](n2c(=O)[nH]c(=O)c(C)c2)O1)NC(C(OC)=O)C)c1ccc(OC)cc1,ABA{~B}A{A}DF{~B}{BA{A**Q}rA~A{A*Q}{dsaa{A}a{~B}{dQ}as~B}Br}Baraaa{BA}aar,58.16302785115164
S-nitrosylated captopril (CapNO),C[C@H](CSN=O)C(=O)N1CCC[C@@H]1C(=O)O,-4.5,C1CC[C@H](C(O)=O)N1C([C@H](C)CSN=O)=O,A{A*Q}{AED~B}A{~B}DrAAA{A**Q}rA{~B}B,23.294116550865105
13__68,CCOC(=O)c1ccc2c(C(C(=O)NS(=O)(=O)c3ccc(C)cc3OC)c3ccc4c(c3)OCO4)cn(C)c2c1,-4.6994848,c1cc2c(C(C(=O)NS(=O)(=O)c3c(OC)cc(C)cc3)c3ccc4c(c3)OCO4)cn(C)c2cc1C(=O)OCC,AABA{~B}araaasa{A{A{~B}DE{~B}{~B}ataaa{A}aatBA}ataaaua{at}BABu}ad{A}asar,27.98787632998228
ME3229,CCCCOC(=O)COc1ccc(C(=O)CNC(=O)c2cc3c(s2)CCNC3)cc1OCC(=O)OCCCC,-5.1011863,c1c(C(NCC(=O)c2cc(OCC(OCCCC)=O)c(OCC(OCCCC)=O)cc2)=O)sc2c1CNCC2,AAAABA{~B}ABaraaa{A{~B}ADA{~B}asaata{es}AADAt}aarBAA{~B}BAAAA,37.43967588519173
10b,CC(C)(NC(=O)c1cc2ccccc2s1)C(=O)N[C@H](Cc1ccccc1)C(=O)NCCCN1CCOCC1,-5.3289509000000015,O=C([C@H](NC(=O)C(NC(c1cc2c(s1)cccc2)=O)(C)C)Cc1ccccc1)NCCCN1CCOCC1,AA{A}{DA{~B}araasaaaaaser}A{~B}D{A*Q}{Aaraaaaar}A{~B}DAAADrAABAAr,42.7988426918192
25c,CN1CCN(C(=O)CCNC(=O)[C@@H](Cc2ccccc2)NC(=O)C2(NC(=O)c3cc4ccccc4s3)CCCC2)CC1,-5.6994848,C1CC(NC(c2sc3ccccc3c2)=O)(C(N[C@@H](C(=O)NCCC(N2CCN(C)CC2)=O)Cc2ccccc2)=O)CC1,ADrAAD{A{~B}AADA{~B}{A**Q}{Aasaaaaas}DA{~B}As{DA{~B}ataauaaaaauet}AAAAs}AAr,51.51728698742178
25e,O=C(NC1(C(=O)N[C@H](Cc2ccccc2)C(=O)NCCC(=O)N2CCN(CC3CCOCC3)CC2)CCCC1)c1cc2ccccc2s1,-5.5693183,c1c(C(NC2(C(=O)N[C@H](Cc3ccccc3)C(=O)NCCC(=O)N3CCN(CC4CCOCC4)CC3)CCCC2)=O)sc2ccccc12,B~A{DAr{A{~B}D{A*Q}{Aasaaaaas}A{~B}DAAA{~B}DsAAD{AAtAABAAt}AAs}AAAAr}araasaaaaaser,48.454545955080185
30d,O=C(NC1(C(=O)N[C@H](Cc2ccccc2)C(=O)NCC2CCN(C3CCOCC3)CC2)CCCC1)c1cc2ccccc2s1,-5.7979398,C(NCC1CCN(C2CCOCC2)CC1)(=O)[C@H](NC(=O)C1(NC(c2cc3c(s2)cccc3)=O)CCCC1)Cc1ccccc1,B~A{DAr{A{~B}D{A*Q}{Aasaaaaas}A{~B}DAAsAAD{AtAABAAt}AAs}AAAAr}araasaaaaaser,53.833875113699996
21b,CC1CN(CCCNC(=O)[C@@H](Cc2ccccc2)NC(=O)C2(NC(=O)c3cc4ccccc4s3)CCCC2)CC(C)N1,-5.9593034000000005,CC1NC(C)CN(CCCNC(=O)[C@H](NC(=O)C2(NC(=O)c3cc4ccccc4s3)CCCC2)Cc2ccccc2)C1,AArAD{AAADA{~B}{A**Q}{Aasaaaaas}DA{~B}As{DA{~B}ataauaaaaauet}AAAAs}AA{A}Dr,57.630665523262806
20E 22-methyl ether (4),CO[C@H](CCC(C)(C)O)[C@](C)(O)[C@H]1CC[C@@]2(O)C3=CC(=O)[C@@H]4C[C@@H](O)[C@@H](O)C[C@@]4(C)C3CC[C@]12C,-4.79,C[C@]12C3CC[C@@]4(C)[C@](O)(C3=CC(=O)[C@@H]1C[C@@H](O)[C@@H](O)C2)CC[C@@H]4[C@@](C)(O)[C@H](OC)CCC(C)(O)C,AB{A*Q}{AAA{A}{A}B}{A*}{A}{B}{A*Q}rAA{A**}s{B}At~AA{~B}{A**Q}uA{A**Q}{B}{A**Q}{B}A{A**}u{A}AtAA{A*}rsA,30.11764564152256
PoA 2-methyl ether (16),CO[C@H]1C[C@]2(C)C3CC[C@]4(C)[C@@H]([C@@](C)(O)[C@H](O)CCC(C)C)CC[C@@]4(O)C3=CC(=O)[C@@H]2C[C@H]1O,-4.6999998,C[C@@]([C@H](O)CCC(C)C)(O)[C@@H]1[C@@]2(C)CCC3C(=CC(=O)[C@@H]4C[C@@H](O)[C@@H](OC)C[C@@]43C)[C@]2(O)CC1,AB{A*Q}rA{A*}s{A}AtAA{A*}u{A}{A**Q}{{A**}{A}{B}{A*Q}{B}AAA{A}A}AA{A**}u{B}At~AA{~B}{A**Q}sA{A*Q}rB,27.99999397647086
PoA 3.22-dimethyl ether (20),CO[C@@H]1C[C@H]2C(=O)C=C3C(CC[C@]4(C)[C@@H]([C@@](C)(O)[C@@H](CCC(C)C)OC)CC[C@@]34O)[C@]2(C)C[C@@H]1O,-4.5380535,[C@H]12C(=O)C=C3[C@]4(O)CC[C@H]([C@@](C)(O)[C@@H](CCC(C)C)OC)[C@@]4(C)CCC3[C@]1(C)C[C@H](O)[C@H](OC)C2,AB{A**Q}rA{A*Q}sA{~B}A~AtA{AA{A*}u{A}{A**Q}{{A**}{A}{B}{A**Q}{AAA{A}A}BA}AA{A**}tuB}{A*}s{A}A{A**Q}rB,24.189492979317983
Ponasterone A (26),CC(C)CC[C@@H](O)[C@](C)(O)[C@H]1CC[C@@]2(O)C3=CC(=O)[C@@H]4C[C@@H](O)[C@@H](O)C[C@@]4(C)C3CC[C@]12C,-4.7199998,C12CC[C@]3(C)[C@@H]([C@@]([C@@H](CCC(C)C)O)(C)O)CC[C@@]3(O)C1=CC(=O)[C@@H]1C[C@@H](O)[C@@H](O)C[C@@]21C,AA{A}AA{A**Q}{B}{A*}{A}{B}{A*Q}rAA{A**}s{B}At~AA{~B}{A**Q}uA{A**Q}{B}{A**Q}{B}A{A**}u{A}AtAA{A*}rsA,28.470582189619662
Ergonovine,CC(CO)NC(=O)C1C=C2c3cccc4[nH]cc(c34)CC2N(C)C1,-5.1684265,C12=CC(C(=O)NC(C)CO)CN(C)C1Cc1c[nH]c3cccc2c13,AA{AB}DA{~B}ArA~Asataaaau{dQ}aa{atu}AAsD{A}Ar,39.02179816368008
Folinic acid,Nc1nc(=O)c2c([nH]1)NCC(CNc1ccc(C(=O)NC(CCC(=O)O)C(=O)O)cc1)N2C=O,-7.5214391,c1(C(=O)NC(CCC(O)=O)C(=O)O)ccc(NCC2CNc3c(c(=O)nc(N)[nH]3)N2C=O)cc1,Darda{~B}asa{{dQ}r}DAA{ADaraaa{A{~B}DA{AAA{~B}B}A{~B}B}aar}DsA~B,94.38679791120951
Liquiritigenin (LG),O=C1CC(c2ccc(O)cc2)Oc2cc(O)ccc21,-4.8000002,c1(O)cc2c(cc1)C(=O)CC(c1ccc(O)cc1)O2,B~ArAA{asaaa{B}aas}Basaa{B}aaasr,30.352944453979095
Ginsenoside Rg1 (Rg1),CC(C)=CCC[C@](C)(O[C@@H]1O[C@@H](CO)[C@@H](O)[C@H](O)[C@H]1O)[C@H]1CC[C@]2(C)[C@@H]1[C@H](O)C[C@@H]1[C@@]3(C)CC[C@H](O)C(C)(C)[C@@H]3C(O[C@@H]3O[C@H](CO)[C@@H](O)[C@H](O)[C@H]3O)C[C@]12C,-6.5883503,CC(C)=CCC[C@@]([C@H]1CC[C@]2(C)[C@@H]1[C@H](O)C[C@@H]1[C@]3(C)[C@H](C(C)(C)[C@@H](O)CC3)C(O[C@H]3[C@H](O)[C@@H](O)[C@H](O)[C@@H](CO)O3)C[C@]12C)(O[C@@H]1O[C@@H](CO)[C@@H](O)[C@H](O)[C@H]1O)C,AA{A}~AAA{A*}{A}{B{A**Q}rB{A**Q}{AB}{A**Q}{B}{A*Q}{B}{A*Q}rB}{A*Q}rAA{A*}s{A}{A**Q}r{A*Q}{B}A{A**Q}r{A**}t{A}AA{A*Q}{B}A{A}{A}{A**Q}tA{B{A**Q}tB{A*Q}{AB}{A**Q}{B}{A*Q}{B}{A*Q}tB}A{A*}rsA,72.43176835615208
Berberrubine (BRB),COc1ccc2cc3[n+](cc2c1O)CCc1cc2c(cc1-3)OCO2,-4.8815303,c1c2c(cc3c1CC[n+]1c-3cc3ccc(OC)c(O)c3c1)OCO2,ABaraaasaat{d%}{aasarB}AAaraasa{aar_t}BABs,32.27129965782119
Ajmalicine (AMC),COC(=O)C1=CO[C@@H](C)[C@H]2CN3CCc4c([nH]c5ccccc45)[C@@H]3C[C@@H]12,-4.8187928,[nH]1c2c(cccc2)c2c1[C@@H]1C[C@@H]3[C@@H]([C@H](C)OC=C3C(=O)OC)CN1CC2,ABA{~B}Ar~AB{A**Q}{A}{A*Q}sADtAAaua{{dQ}avaaaaauv}{A**Q}tA{A**Q}rs,30.795123256700077
Ajmaline (AML),CC[C@H]1[C@@H]2C[C@@H]3[C@@H]4N(C)c5ccccc5[C@]45C[C@@H](C2[C@@H]5O)N3[C@@H]1O,-4.9387093,c12ccccc1[C@@]13[C@@H](N2C)[C@@H]2N4[C@H](O)[C@@H](CC)[C@@H](C([C@@H]4C1)[C@@H]3O)C2,AA{A*Q}r{A**Q}sA{A**Q}t{A**Q}uD{A}avaaaaav{A*}uvA{A**Q}{As{A**Q}vB}Dt{A**Q}rB,33.616687829802935
Beta-colubrine (Col),COc1ccc2c(c1)[C@]13CCN4CC5=CCO[C@@H]6CC(=O)N2[C@@H]1[C@@H]6[C@@H]5C[C@@H]43,-4.5717444,C1=C2CN3[C@H]4[C@@]5(c6c(ccc(OC)c6)N6C(=O)C[C@H]([C@@H]([C@@H]2C4)[C@H]56)OC1)CC3,ABaraaasa{ar}{A*}rtAADuAAv~AAB{A**Q}wAA{~B}Ds{A**Q}r{A**Q}w{A**Q}vA{A**Q}ut,24.982220000836712
Icajine (Ica),CN1CC[C@]23C(=O)C[C@@H]4C(=CCO[C@H]5CC(=O)N(c6ccccc62)[C@@H]3[C@@H]54)C1,-4.5816798,N12C(=O)C[C@@H]3OCC=C4CN(C)CC[C@]5(C(=O)C[C@H]4[C@H]3[C@@H]15)c1c2cccc1,ADrAA{A*}stA{~B}A{A**Q}uA{~AAB{A*Q}vAA{~B}D{awaaaaaws}{A**Q}t{A**Q}vu}Ar,25.215994107482626
Pyr-His-Pro-NH2 (TRH),NC(=O)[C@H]1CCCN1C(=O)[C@@H](Cc1c[nH]cn1)NC(=O)[C@H]1CCC(=O)N1,-6.8313413,[nH]1cnc(C[C@H](C(=O)N2[C@@H](C(N)=O)CCC2)NC([C@@H]2NC(=O)CC2)=O)c1,DA{~B}{A*Q}rAAADrA{~B}{A**Q}{Aara{dQ}adr}DA{~B}{A*Q}rAAA{~B}Dr,78.14920338121395
Taxifolin (29),O=C1c2c(O)cc(O)cc2OC(c2ccc(O)c(O)c2)C1O,-6.5093193,C1(c2cc(O)c(O)cc2)Oc2cc(O)cc(O)c2C(=O)C1O,B~Arasa{B}aa{B}aasBA{asaaa{B}a{B}as}ArB,70.57221550248396
11d,Cc1ccc(N2CCN(C(=O)[C@H](C)Cc3ccc(Cl)cc3)CC2)c([C@@H](NC(=O)CCN(C)C)C(C)C)c1,-4.3886080000000005,C(CN(C)C)C(=O)N[C@@H](C(C)C)c1c(N2CCN(C([C@@H](Cc3ccc(Cl)cc3)C)=O)CC2)ccc(C)c1,Aaraaa{DsAAD{A{~B}{A*Q}{A}Aataaa{Z}aat}AAs}a{{A**Q}{DA{~B}AAD{A}A}A{A}A}ar,20.673128438911615
11f,Cc1ccc(N2CCN(C(=O)[C@H](C)Cc3ccc(Cl)cc3C)CC2)c([C@@H](NC(=O)CCN(C)C)C(C)C)c1,-4.7979398,C(=O)([C@@H](Cc1ccc(Cl)cc1C)C)N1CCN(c2c([C@@H](NC(CCN(C)C)=O)C(C)C)cc(C)cc2)CC1,Aaraaa{DsAAD{A{~B}{A*Q}{A}Aataaa{Z}aatA}AAs}a{{A**Q}{DA{~B}AAD{A}A}A{A}A}ar,30.3044644562605
C__69,O=C(Nc1cccc(C(F)(F)F)c1)c1ccccc1NCc1ccncc1,-5.158072,c1(C(F)(F)F)cc(NC(c2c(NCc3ccncc3)cccc2)=O)ccc1,B~A{Daraaaa{A{G}{G}G}ar}araaaaarDAaraadaar,38.778162881027626
D,CC1(C)CNc2cc(NC(=O)c3cccnc3NCc3ccncc3)ccc21,-5.489058,c1(NCc2ccncc2)c(C(=O)Nc2cc3c(cc2)C(C)(C)CN3)cccn1,AAr{A}ADasaa{DA{~B}ataaadatDAataadaat}aaasr,46.5660683968909
32__70,O=C(Nc1ccc(C(F)(F)F)c(Cl)c1)c1ccnn1CCc1ccncc1,-5.3400002,C(c1ccnn1CCc1ccncc1)(=O)Nc1cc(Cl)c(C(F)(F)F)cc1,B~A{Daraaa{A{G}{G}G}a{Z}ar}araaddrAAaraadaar,43.05882620899642
3__71,Cn1c(NCCCN2CCC(Oc3ccc(Cl)c(Cl)c3)CC2)cc(=O)n(C)c1=O,-4.8783755,C(CCNc1n(C)c(=O)n(C)c(=O)c1)N1CCC(Oc2cc(Cl)c(Cl)cc2)CC1,Adra{DAAADsAAA{Bataaa{Z}a{Z}at}AAs}aa{~B}d{A}ar~B,32.1970690730791
21,Cn1c(N2CCN(CCCN3c4ccccc4Sc4ccc(C(=O)O)cc43)CC2)cc(=O)n(C)c1=O,-5.0,c12c(ccc(C(=O)O)c1)Sc1c(cccc1)N2CCCN1CCN(c2cc(=O)n(C)c(=O)n2C)CC1,Adra{DsAAD{AAADtauaaaaauEauaaa{A{~B}B}aaut}AAs}aa{~B}d{A}ar~B,35.058821879584855
23__72,Cn1c(N2CCCN(CCCN3c4ccccc4Sc4cccc(C(=O)O)c43)CC2)cc(=O)n(C)c1=O,-5.8005152,O=C(O)c1c2c(ccc1)Sc1c(cccc1)N2CCCN1CCN(c2cc(=O)n(C)c(=O)n2C)CCC1,Adra{DsAAAD{AAADtauaaaaauEauaaaa{A{~B}B}aut}AAs}aa{~B}d{A}ar~B,53.894472757907174
27,Cn1c(N2CCN(CCCN3c4ccccc4Sc4ccc(CC(=O)O)cc43)CC2)cc(=O)n(C)c1=O,-4.9099998,C1CN(c2n(C)c(=O)n(C)c(=O)c2)CCN1CCCN1c2cc(CC(=O)O)ccc2Sc2ccccc21,Adra{DsAAD{AAADtauaaaaauEauaaa{AA{~B}B}aaut}AAs}aa{~B}d{A}ar~B,32.94117021453316
29,Cn1c(N2CCN(CCCN3c4ccccc4Sc4ccc(CCC(=O)O)cc43)CC2)cc(=O)n(C)c1=O,-5.29,C1N(c2cc(=O)n(C)c(=O)n2C)CCN(CCCN2c3cc(CCC(O)=O)ccc3Sc3ccccc32)C1,Adra{DsAAD{AAADtauaaaaauEauaaa{AAA{~B}B}aaut}AAs}aa{~B}d{A}ar~B,41.88235097024231
31__73,CC(C(=O)O)c1ccc2c(c1)N(CCCN1CCCN(c3cc(=O)n(C)c(=O)n3C)CC1)c1ccccc1S2,-5.1599998,c1(N2CCN(CCCN3c4c(cccc4)Sc4ccc(C(C(O)=O)C)cc43)CCC2)n(C)c(=O)n(C)c(=O)c1,AA{A{~B}B}araaasa{ar}D{AAADrAAAD{ataa{~B}d{A}a{~B}dtA}AAr}araaaaarEs,38.82352287889304
3__74,CSc1nc2cc(C(=O)N3CCC(C)CC3)ccc2[nH]1,-4.5418172,C1(C)CCN(C(c2cc3c([nH]c(SC)n3)cc2)=O)CC1,AEardasaa{A{~B}DtAAA{A}AAt}aaas{dQ}r,24.278050622209374
"L1 (1,2-dimethyl-3 hydroxypyridin-4-one)",Cc1c(O)c(=O)ccn1C,-4.8885303,c1cn(C)c(C)c(O)c1=O,Aara{B}a{~B}aadrA,32.43600553242327
Me-(S)-IZD,Cc1cc(C[C@H](NS(=O)(=O)c2ccccc2)c2nc3ccccc3[nH]2)ccc1[C@@H]1CC(=O)N=S1(=O)[O-],-6.3989701,N1=S(=O)([O-])[C@H](c2ccc(C[C@H](NS(c3ccccc3)(=O)=O)c3nc4c([nH]3)cccc4)cc2C)CC1=O,Aaraa{A{A*Q}{DE{~B}{~B}asaaaaas}asdataaaaat{dQ}s}aaar{A**Q}rAA{~B}D~Er{~B}{B_},67.97576385996403
Acrylamide,C=CC(N)=O,-4.5693183,O=C(C=C)N,A~AA{D}~B,24.925135297640693
Dihydrotetrabenazine isomer A,COc1cc2c(cc1OC)[C@H]1C[C@H](O)[C@@H](CC(C)C)CN1CC2,-4.6799998,c12cc(OC)c(OC)cc1[C@@H]1N(C[C@H](CC(C)C)[C@@H](O)C1)CC2,ABaraasa{aarBA}{A*Q}rA{A*Q}{B}{A**Q}{AA{A}A}ADrAAs,27.52940576332208
Ethylparaben,CCOC(=O)c1ccc(O)cc1,-4.8102908,c1c(C(OCC)=O)ccc(O)c1,AABA{~B}araaa{B}aar,30.595076207290525
5'-L-phenylalanyl-cytarabine (5),N[C@@H](Cc1ccccc1)C(=O)OC[C@H]1O[C@@H](n2ccc(O)nc2=O)[C@@H](O)[C@@H]1O,-5.6999998,c1cc(C[C@H](N)C(OC[C@@H]2[C@@H](O)[C@H](O)[C@H](n3c(=O)nc(O)cc3)O2)=O)ccc1,D{A**Q}{Aaraaaaar}A{~B}BA{A*Q}rB{A**Q}{dsaaa{B}das~B}{A**Q}{B}{A**Q}rB,51.52940463391036
Astilbin,C[C@@H]1O[C@@H](O[C@@H]2C(=O)c3c(O)cc(O)cc3O[C@H]2c2ccc(O)c(O)c2)[C@H](O)[C@H](O)[C@H]1O,-6.820000200000001,Oc1cc([C@H]2[C@H](O[C@@H]3O[C@@H](C)[C@H](O)[C@@H](O)[C@H]3O)C(=O)c3c(O)cc(O)cc3O2)ccc1O,A{A**Q}rB{A**Q}{B{A**Q}sA{~B}ata{B}aa{B}aatB{A*Q}sasaaa{B}a{B}as}{A*Q}{B}{A*Q}{B}{A*Q}rB,77.88235398200689
Methyl gallate,COC(=O)c1cc(O)c(O)c(O)c1,-5.3899999,c1(C(OC)=O)cc(O)c(O)c(O)c1,ABA{~B}araa{B}a{B}a{B}ar,44.235289683045195
Ketamine,CNC1(c2ccccc2Cl)CCCCC1=O,-4.2600002,c1c(C2(NC)CCCCC2=O)c(Cl)ccc1,ADAr{asaaaaasZ}AAAAAr~B,17.64706269896177
12__75,COCCOCCOCC(=O)Nc1ccc(S(=O)(=O)Nc2nncs2)cc1,-6.2399998,C(C(=O)Nc1ccc(S(=O)(=O)Nc2nncs2)cc1)OCCOCCOC,ABAABAABAA{~B}Daraaa{E{~B}{~B}Dasddaes}aar,64.23528638892769
S1,C=CCNC(=O)C(=O)C(CCC)NC(=O)C1CC2CN1C(=O)C(C1CCCCC1)NC(=O)Cc1cccc(c1)OCCC(C)(C)O2,-5.0300002,c1ccc2cc1CC(=O)NC(C1CCCCC1)C(=O)N1C(C(NC(C(C(=O)NCC=C)=O)CCC)=O)CC(C1)OC(C)(C)CCO2,A~AADA{~B}A{~B}A{AAA}DA{~B}ArAAsADrA{~B}A{ArAAAAAr}DA{~B}Aaraaaa{ar}BAAA{A}{A}Bs,35.76470890519017
S2,C=CCNC(=O)C(=O)C(CCC)NC(=O)C1C2C(CN1C(=O)C(NC(=O)NC(C(=O)C(C)C)C(C)C)C(C)(C)C)C2(C)C,-5.29,C(NC(C1N(C(C(C(C)(C)C)NC(NC(C(=O)C(C)C)C(C)C)=O)=O)CC2C(C)(C)C12)=O)(CCC)C(C(=O)NCC=C)=O,A~AADA{~B}A{~B}A{AAA}DA{~B}ArAsA{ADrA{~B}A{DA{~B}DA{A{~B}A{A}A}A{A}A}A{A}{A}A}As{A}A,41.88235097024231
4d,Cc1cc(C(=O)Nc2ccc(-c3ccccc3S(C)(=O)=O)cc2F)n(-c2cccc(CN)c2)n1,-5.5,c1ccc(S(C)(=O)=O)c(-c2ccc(NC(c3cc(C)nn3-c3cccc(CN)c3)=O)c(F)c2)c1,Aaraa{A{~B}Dasaaa{_ataaaaatE{A}{~B}~B}aasG}d{_asaaaa{AD}as}dr,46.823527208304604
II,CC(C)C[C@H](O)[C@H](O)[C@H](CC1CCCCC1)NC(=O)OC(C)(C)C,-4.1799998,C1CCCC(C[C@@H]([C@@H](O)[C@@H](O)CC(C)C)NC(=O)OC(C)(C)C)C1,AA{A}A{A*Q}{B}{A*Q}{B}{A*Q}{AArAAAAAr}DA{~B}BA{A}{A}A,15.764700434602336
3'-L-Ile-FUdR,CC[C@H](C)[C@H](N)C(=O)O[C@@H]1C[C@@H](n2cc(F)c(=O)[nH]c2=O)O[C@H]1CO,-5.5599999,O=c1[nH]c(=O)n([C@H]2O[C@@H](CO)[C@H](OC([C@H]([C@@H](C)CC)N)=O)C2)cc1F,AA{A*Q}{A}{A*Q}{D}A{~B}B{A**Q}rA{A**Q}{dsaa{G}a{~B}{dQ}as~B}B{A*Q}rAB,48.23528949480991
5'-L-Asp-FUdR,NC(CC(=O)O)C(=O)OC[C@@H]1O[C@H](n2cc(F)c(=O)[nH]c2=O)C[C@H]1O,-6.4899998,[C@H]1(O)[C@H](COC(=O)C(CC(=O)O)N)O[C@H](n2c(=O)[nH]c(=O)c(F)c2)C1,DA{AA{~B}B}A{~B}BA{A**Q}rB{A*Q}{dsaa{G}a{~B}{dQ}as~B}A{A*Q}rB,70.11763905328756
Acetyl-Trp-Ala-Gly-Gly-Asn-Ala-Amide,CC(=O)N[C@@H](Cc1c[nH]c2ccccc12)C(=O)N[C@@H](C)C(=O)NCC(=O)NCC(=O)N[C@@H](CC(N)=O)C(=O)N[C@@H](C)C(N)=O,-7.29,c1ccc2[nH]cc(C[C@H](NC(=O)C)C(=O)N[C@@H](C)C(NCC(NCC(N[C@@H](CC(N)=O)C(=O)N[C@H](C(=O)N)C)=O)=O)=O)c2c1,AA{~B}D{A**Q}{Aara{dQ}asaaaaars}A{~B}D{A**Q}{A}A{~B}DAA{~B}DAA{~B}D{A**Q}{AA{D}~B}A{~B}D{A**Q}{A}A{D}~B,88.9411722851213
Daunorubicin,COc1cccc2c1C(=O)c1c(O)c3c(c(O)c1C2=O)C[C@@](O)(C(C)=O)C[C@@H]3O[C@H]1C[C@H](N)[C@H](O)[C@H](C)O1,-6.0999999,c12c(O)c3c(c(O)c1C(=O)c1cccc(OC)c1C2=O)C[C@](C(=O)C)(O)C[C@@H]3O[C@@H]1O[C@@H](C)[C@@H](O)[C@@H](N)C1,ABaraaaasarA{~B}ara{B}ata{a{B}arAs~B}A{A**}{B}{A{A}~B}A{A**Q}tB{A*Q}rA{A*Q}{D}{A*Q}{B}{A*Q}{A}Br,60.941171249827235
PDE-310,ON1C=CC=C(c2cc3nccc(-c4ccc(OC(F)F)c(OCC5CC5)c4)n3n2)C1,-4.71,c1cnc2cc(C3=CC=CN(O)C3)nn2c1-c1cc(OCC2CC2)c(OC(F)F)cc1,BDrA~AA~A{asaatdaaa{_auaaa{BA{G}G}a{BAAvAAv}au}dtds}Ar,28.2352927889274
Cerivastatin,COCc1c(C(C)C)nc(C(C)C)c(/C=C/[C@@H](O)C[C@@H](O)CC(=O)O)c1-c1ccc(F)cc1,-5.27,OC(=O)C[C@H](O)C[C@H](O)/C=C/c1c(-c2ccc(F)cc2)c(COC)c(C(C)C)nc1C(C)C,ABAara{A{A}A}da{A{A}A}a{|A~A|{A**Q}{B}A{A**Q}{B}AA{~B}B}ar_araaa{G}aar,41.411762757093506
23__76,O=C1NCC2(CCCNC2)c2[nH]c(-c3ccnc(-c4ccc5c(c4)OCO5)n3)cc21,-5.4699998,[nH]1c(-c2nc(-c3cc4c(cc3)OCO4)ncc2)cc2c1C1(CCCNC1)CNC2=O,B~ArDAAs{AAADAs}as{dQ}a{_ataada{_auaaava{au}BABv}dt}aasr,46.11764018269928
24__77,COc1cncc(-c2nccc(-c3cc4c([nH]3)C3(CCCNC3)CNC4=O)n2)c1,-5.6999998,C1NC(=O)c2cc(-c3nc(-c4cc(OC)cnc4)ncc3)[nH]c2C12CNCCC2,ABaradaa{_asdaaa{_ataaua{{dQ}t}At{AAADAt}ADAu~B}ds}ar,51.52940463391036
5d,CN1CCN(Cc2ccc(C(c3nnnn3Cc3ccccc3)N3CCCN(C4CCC4)CC3)cc2)CC1,-6.0999999,c1(Cn2c(C(N3CCCN(C4CCC4)CC3)c3ccc(CN4CCN(C)CC4)cc3)nnn2)ccccc1,ADrAAD{Aasaaa{A{atddddtAataaaaat}DtAAAD{AuAAAu}AAt}aas}AAr,60.941171249827235
13c,CN1C(=O)CC(N2CCN(CCCN3c4ccccc4COc4ccc(CC(=O)O)cc43)CC2)N(C)C1=O,-5.52,c1ccc2c(c1)COc1c(cc(CC(=O)O)cc1)N2CCCN1CCN(C2N(C)C(=O)N(C)C(=O)C2)CC1,ADrA{~B}AA{DsAAD{AAADtauaaaaauABauaaa{AA{~B}B}aaut}AAs}D{A}Ar~B,47.29411542145338
13h,CN1C(=O)CC(N2CCCN(CCCN3c4ccccc4CCc4ccc(C(=O)O)cc43)CC2)N(C)C1=O,-5.3600001,C1N(CCCN2c3c(cccc3)CCc3ccc(C(O)=O)cc32)CCN(C2CC(=O)N(C)C(=O)N2C)CC1,ADrA{~B}AA{DsAAAD{AAADtauaaaaauAAauaaa{A{~B}B}aaut}AAs}D{A}Ar~B,43.529412069204135
(Z)-19f,CN1C(=O)CC(N2CCCN(CC/C=C3/c4ccccc4CCc4ccc(CC(=O)O)cc43)CC2)N(C)C1=O,-5.3200002,O=C1N(C)C(=O)CC(N2CCCN(CC/C=C3\c4c(ccc(CC(=O)O)c4)CCc4ccccc43)CC2)N1C,ADrA{~B}AA{DsAAAD{AA|A~At|auaaaaauAAauaaa{AA{~B}B}aaut}AAs}D{A}Ar~B,42.58823799584762
MMMDPB,COCN1C(=O)NC(=O)C(c2ccccc2)(c2ccccc2)C1=O,-4.5,c1cccc(C2(c3ccccc3)C(=O)NC(=O)N(COC)C2=O)c1,ABADrA{~B}DA{~B}A{asaaaaas}{asaaaaas}Ar~B,23.294116550865105
Ac-C8-Enk-NH (3),CCCCCC[C@H](NC(C)=O)C(=O)N[C@@H](Cc1ccc(O)cc1)C(=O)NCC(=O)NCC(=O)N[C@@H](Cc1ccccc1)C(=O)N[C@@H](CC(C)C)C(N)=O,-5.9699998,c1(C[C@@H](C(=O)N[C@H](C(=O)N)CC(C)C)NC(CNC(CNC([C@H](Cc2ccc(O)cc2)NC(=O)[C@H](CCCCCC)NC(C)=O)=O)=O)=O)ccccc1,AAAAAA{A*Q}{DA{A}~B}A{~B}D{A**Q}{Aaraaa{B}aar}A{~B}DAA{~B}DAA{~B}D{A**Q}{Aaraaaaar}A{~B}D{A**Q}{AA{A}A}A{D}~B,57.88234551141903
Rivulobirin A,C=C(C)C(COc1c2occc2cc2ccc(=O)oc12)OC(C)(C)C(O)COc1c2occc2cc2ccc(=O)oc12,-4.48,c1c2cc3ccc(=O)oc3c(OCC(C(=C)C)OC(C)(C)C(COc3c4occc4cc4c3oc(=O)cc4)O)c2oc1,A~A{A}A{ABarasbaaasaasaaa{~B}bars}BA{A}{A}A{B}ABarasbaaasaasaaa{~B}bars,22.823528337716326
Capric acid (decanoic acid),CCCCCCCCCC(=O)O,-4.6799998,C(=O)(O)CCCCCCCCC,AAAAAAAAAA{~B}B,27.52940576332208
Apometzgerin (2),COc1cc(-c2cc(=O)c3c(O)cc(O)cc3o2)cc(O)c1OC,-4.9499998,c1(OC)cc(-c2oc3c(c(O)cc(O)c3)c(=O)c2)cc(O)c1OC,ABaraa{_asaa{~B}ata{B}aa{B}aatbs}aa{B}arBA,33.88234664083074
3__78,COC(=O)C[C@@H](C(=O)NN(Cc1ccc(/C=C\c2ccccc2)cc1)C[C@@](O)(Cc1ccccc1)C(=O)NC1c2ccccc2C[C@H]1O)C(C)(C)C,-5.079999900000002,c1cc(C[C@@](O)(C(=O)NC2[C@H](O)Cc3ccccc32)CN(Cc2ccc(/C=C\c3ccccc3)cc2)NC([C@H](CC(=O)OC)C(C)(C)C)=O)ccc1,ABA{~B}A{A**Q}{A{~B}DD{Aaraaa{|A~A!asaaaaas}aar}A{A**}{B}{Aaraaaaar}A{~B}DArasaaaaasA{A*Q}rB}A{A}{A}A,36.94117237923898
51d,COc1ccc2c(O[C@@H]3C[C@H]4C(=O)N[C@]5(C(=O)NS(=O)(=O)C6CC6)C[C@H]5/C=C\CCCCN(C)C(=O)[C@@H]4C3)nc(-c3cccc(F)c3)nc2c1C,-5.3000002,c1c(F)cc(-c2nc(O[C@@H]3C[C@H]4C(=O)N[C@@]5(C(NS(=O)(=O)C6CC6)=O)[C@@H](C5)/C=C\CCCCN(C)C(=O)[C@@H]4C3)c3ccc(OC)c(C)c3n2)cc1,ABaraaasa{B{A**Q}tA{A*Q}uA{~B}D{A*}v{A{~B}DE{~B}{~B}AwAAw}A{A*Q}v|A~A!AAAAD{A}A{~B}{A**Q}uAt}da{_ataaaa{G}at}dasarA,42.11764978269884
Cycloheximide,C[C@H]1C[C@H](C)C(=O)[C@H]([C@H](O)CC2CC(=O)NC(=O)C2)C1,-4.8400002,N1C(=O)CC(C[C@H]([C@H]2C(=O)[C@@H](C)C[C@H](C)C2)O)CC1=O,A{A*Q}rA{A*Q}{A}A{~B}{A*Q}{{A*Q}{B}AAsAA{~B}DA{~B}As}Ar,31.294120880276676
