mol_id,smiles,value,smiles_random,smiles_blind,value_affine,value_nonmono,value_sine,value_blind
Amigdalin,OCC3OC(OCC2OC(OC(C#N)c1ccccc1)C(O)C(O)C2O)C(O)C(O)C3O,-0.77,C1(O)C(C(COC2C(O)C(C(O)C(O2)CO)O)OC(C1O)OC(c1ccccc1)C#N)O,BAAtBA{BAAsBA{BA{A^D}araaaaar}A{B}A{B}AsB}A{B}A{B}AtB,17.83,63.45,10.8,17.83
Fenfuram,Cc1occc1C(=O)Nc2ccccc2,-3.3,c1(ccoc1C)C(=O)Nc1ccccc1,AarbaaarA{~B}Dasaaaaas,37.03,21.75,99.91,37.03
citral,CC(C)=CCCC(C)=CC(=O),-2.06,CC(=CCCC(=CC=O)C)C,AA{A}~AAAA{A}~AA{~B},27.62,5.502,66.15,27.62
Picene,c1ccc2c(c1)ccc3c2ccc4c5ccccc5ccc43,-7.87,c1cc2c3ccccc3ccc2c2ccc3c(c12)cccc3,araaasa{ar}aaatasaaauavaaaaavaaaut,71.7,50.73,29.85,71.7
Thiophene,c1ccsc1,-1.33,c1cccs1,araaear,22.08,19.07,32.06,22.08
benzothiazole,c2ccc1scnc1c2,-1.5,s1cnc2c1cccc2,asaaareadaras,23.37,15.91,39.82,23.37
"2,2,4,6,6'-PCB",Clc1cc(Cl)c(c(Cl)c1)c2c(Cl)cccc2Cl,-7.32,Clc1c(c(ccc1)Cl)-c1c(cc(Cl)cc1Cl)Cl,Zaraa{Z}a{a{Z}ar}asa{Z}aaaasZ,67.53,52.32,9.647,67.53
Estradiol,CC12CCC3C(CCc4cc(O)ccc34)C2CCC1O,-5.03,C1CC2(C)C(CCC2O)C2CCc3c(ccc(O)c3)C12,AArsAAAtA{AAauaa{B}aaatu}AsAAArB,50.15,58.91,49.05,50.15
Dieldrin,ClC4=C(Cl)C5(Cl)C3C1CC(C2OC12)C3C4(Cl)C5(Cl)Cl,-6.29,ClC12C(=C(C(C3C4C5OC5C(C31)C4)(Cl)C2(Cl)Cl)Cl)Cl,ZAu~A{Z}Av{Z}AtArAA{AsBArs}AtAu{Z}Av{Z}Z,59.71,55.28,3.038,59.71
Rotenone,COc5cc4OCC3Oc2c1CC(Oc1ccc2C(=O)C3c4cc5OC)C(C)=C,-4.42,COc1cc2OCC3C(C(c4ccc5c(CC(C(=C)C)O5)c4O3)=O)c2cc1OC,ABavaauBAAtBasarAA{BaraaasA{~B}AtauaavBA}A{A}~A,45.52,83.55,76.67,45.52
2-pyrrolidone,O=C1CCCN1,1.07,C1CCNC1=O,B~ArAAADr,3.869,76.41,26.63,3.869
2-Chloronapthalene,Clc1ccc2ccccc2c1,-4.14,c1c2c(ccc1)cc(cc2)Cl,Zaraaasaaaaasar,43.4,88.06,86.88,43.4
1-Pentene,CCCC=C,-2.68,C(CCC)=C,AAAA~A,32.32,33.79,89.78,32.32
Primidone,CCC1(C(=O)NCNC1=O)c2ccccc2,-2.64,c1cc(C2(CC)C(=O)NCNC2=O)ccc1,AAAr{A{~B}DADAr~B}asaaaaas,32.02,34.56,88.6,32.02
Tetradecane,CCCCCCCCCCCCCC,-7.96,C(CCCCCCCCCCC)CC,AAAAAAAAAAAAAA,72.38,50.47,33.85,72.38
2-Chloropropane,CC(C)Cl,-1.41,C(C)(Cl)C,AA{A}Z,22.69,17.58,35.66,22.69
2-Methylbutanol,CCC(C)CO,-0.47,C(C)(CC)CO,AAA{A}AB,15.55,65.56,3.637,15.55
Benzonitrile,N#Cc1ccccc1,-1.0,c1ccccc1C#N,D^Aaraaaaar,19.58,61.83,18.49,19.58
Diazinon,CCOP(=S)(OCC)Oc1cc(C)nc(n1)C(C)C,-3.64,O(CC)P(Oc1cc(nc(C(C)C)n1)C)(=S)OCC,AABF{~E}{BAA}Baraa{A}da{dr}A{A}A,39.61,96.13,98.26,39.61
2-Undecanol,CCCCCCCCCC(C)O,-2.94,C(CCCCCCCC)C(O)C,AAAAAAAAAA{A}B,34.29,28.74,96.0,34.29
"2,2',3,4,6-PCB",Clc1ccc(c(Cl)c1)c2c(Cl)ccc(Cl)c2Cl,-7.43,c1(-c2ccc(Cl)cc2Cl)c(Cl)c(ccc1Cl)Cl,Zaraaa{a{Z}ar}asa{Z}aaa{Z}asZ,68.36,52.0,12.96,68.36
Lenacil,O=c2[nH]c1CCCc1c(=O)n2C3CCCCC3,-4.593999999999999,C1CCC(n2c(=O)c3CCCc3[nH]c2=O)CC1,B~as{dQ}arAAAara{~B}dsAtAAAAAt,46.84,80.74,69.32,46.84
Phorate,CCOP(=S)(OCC)SCSCC,-4.11,CCOP(OCC)(=S)SCSCC,AABF{~E}{BAA}EAEAA,43.17,88.55,87.83,43.17
Phenacetin,CCOc1ccc(NC(=O)C)cc1,-2.35,O(CC)c1ccc(NC(=O)C)cc1,AABaraaa{DA{~B}A}aar,29.82,0.1115,78.46,29.82
Dinitramine,CCN(CC)c1c(cc(c(N)c1N(=O)=O)C(F)(F)F)N(=O)=O,-5.47,FC(c1cc(c(N(CC)CC)c([N+](=O)[O-])c1N)[N+]([O-])=O)(F)F,AAD{AA}ara{aa{a{D}arD{~B}~B}A{G}{G}G}D{~B}~B,53.49,57.64,28.77,53.49
1-Heptanol,CCCCCCCO,-1.81,C(CCCCC)CO,AAAAAAAB,25.72,10.15,54.52,25.72
Theophylline,Cn1c(=O)n(C)c2nc[nH]c2c1=O,-1.39,c1[nH]c2c(n1)n(c(n(c2=O)C)=O)C,Adra{~B}d{A}asda{dQ}asar~B,22.53,17.96,34.75,22.53
Butethal,CCCCC1(CC)C(=O)NC(=O)NC1=O,-1.661,C1(NC(=O)C(CCCC)(CC)C(N1)=O)=O,AAAAAr{AA}A{~B}DA{~B}DAr~B,24.59,12.92,47.43,24.59
"P,P'-DDE",ClC(Cl)=C(c1ccc(Cl)cc1)c2ccc(Cl)cc2,-6.9,C(Cl)(Cl)=C(c1ccc(cc1)Cl)c1ccc(Cl)cc1,ZA{Z}~A{araaa{Z}aar}asaaa{Z}aas,64.34,53.53,1.331,64.34
Methyl octanoate,CCCCCCCC(=O)OC,-3.17,CCCCCCCC(OC)=O,AAAAAAAA{~B}BA,36.04,24.27,99.16,36.04
"1,4-Diethylbenzene",CCc1ccc(CC)cc1,-3.75,C(C)c1ccc(CC)cc1,AAaraaa{AA}aar,40.44,94.35,96.63,40.44
Terbufos,CCOP(=S)(OCC)SCSC(C)(C)C,-4.755,S(CSP(=S)(OCC)OCC)C(C)(C)C,AABF{~E}{BAA}EAEA{A}{A}A,48.07,59.7,62.04,48.07
Phenmedipham,COC(=O)Nc1cccc(OC(=O)Nc2cccc(C)c2)c1,-4.805,c1(cc(NC(=O)Oc2cccc(NC(=O)OC)c2)ccc1)C,ABA{~B}Daraaaa{BA{~B}Dasaaaa{A}as}ar,48.44,59.55,59.71,48.44
"1,1-Dichloroethylene",ClC(=C)Cl,-1.64,C(=C)(Cl)Cl,ZA{~A}Z,24.43,13.31,46.43,24.43
1-Methylfluorene,Cc1cccc2c1Cc3ccccc32,-5.22,c12c(-c3c(C1)c(ccc3)C)cccc2,AaraaaasarAataaaaats,51.59,58.36,40.06,51.59
Valeraldehyde,CCCCC=O,-0.85,C(=O)CCCC,AAAAA~B,18.44,62.89,13.28,18.44
Diphenylamine,N(c1ccccc1)c2ccccc2,-3.504,c1c(Nc2ccccc2)cccc1,D{araaaaar}asaaaaas,38.57,98.32,99.55,38.57
Fenothiocarb,CN(C)C(=O)SCCCCOc1ccccc1,-3.927,C(SC(=O)N(C)C)CCCOc1ccccc1,AD{A}A{~B}EAAAABaraaaaar,41.78,91.5,92.93,41.78
Piperophos,CCCOP(=S)(OCCC)SCC(=O)N1CCCCC1C,-4.15,CCCOP(OCCC)(SCC(=O)N1C(C)CCCC1)=S,AAABF{~E}{BAAA}EAA{~B}DrAAAAArA,43.47,87.9,86.56,43.47
1-Iodoheptane,CCCCCCCI,-4.81,ICCCCCCC,AAAAAAAH,48.48,59.54,59.48,48.48
3-Chlorobiphenyl,c1c(Cl)cccc1c2ccccc2,-4.88,c1cc(ccc1)-c1cccc(c1)Cl,ara{Z}aaaarasaaaaas,49.01,59.34,56.18,49.01
4-Pentene-1-ol,OCCCC=C,-0.15,C(CC=C)CO,BAAAA~A,13.13,67.82,0.1546,13.13
Cyclobutyl-5-spirobarbituric acid,O=C2NC(=O)C1(CCC1)C(=O)N2,-1.655,C12(CCC2)C(NC(NC1=O)=O)=O,B~AsDA{~B}Ar{AAAr}A{~B}Ds,24.54,13.03,47.14,24.54
menthol,CC(C)C1CCC(C)CC1O,-2.53,C1C(CCC(C1O)C(C)C)C,AA{A}ArAAA{A}AArB,31.18,36.7,85.06,31.18
Isopropyl formate,CC(C)OC=O,-0.63,C(C)(C)OC=O,AA{A}BA~B,16.77,64.44,7.02,16.77
2-Heptanol,CCCCCC(C)O,-1.55,C(CCCC(C)O)C,AAAAAA{A}B,23.75,14.98,42.17,23.75
p-Bromoacetanilide,CC(=O)Nc1ccc(Br)cc1,-3.083,C(Nc1ccc(Br)cc1)(=O)C,AA{~B}Daraaa{Y}aar,35.38,25.96,98.24,35.38
brompyrazone,c1ccccc1n2ncc(N)c(Br)c2(=O),-3.127,c1(cnn(c(c1Br)=O)-c1ccccc1)N,araaaaardsdaa{D}a{Y}as{~B},35.71,25.11,98.74,35.71
nifedipine,COC(=O)C1=C(C)NC(=C(C1c2ccccc2N(=O)=O)C(=O)OC)C,-4.76,C1(C(OC)=O)=C(C)NC(=C(C1c1c(cccc1)[N+](=O)[O-])C(=O)OC)C,ABA{~B}Ar~A{A}DA{~A{ArasaaaaasD{~B}~B}A{~B}BA}A,48.1,59.68,61.81,48.1
"2,7-dimethylquinoline",c2c(C)cc1nc(C)ccc1c2,-1.94,c1c(nc2cc(C)ccc2c1)C,asa{A}aarda{A}aaaras,26.71,7.732,60.64,26.71
1-Octyne,CCCCCCC#C,-3.66,C(CCC)CCC#C,AAAAAAA^A,39.76,95.81,98.0,39.76
cyclobarbital,CCC1(C(=O)NC(=O)NC1=O)C2=CCCCC2,-2.17,O=C1NC(NC(C1(C1CCCCC=1)CC)=O)=O,AAAr{A{~B}DA{~B}DAr~B}As~AAAAAs,28.45,3.457,71.02,28.45
Chrysene,c1ccc2c(c1)ccc3c4ccccc4ccc23,-8.057,c1c2c3ccccc3ccc2c2ccccc2c1,araaasa{ar}aaatauaaaaauaaast,73.12,50.2,38.29,73.12
Bromacil,CCC(C)n1c(=O)[nH]c(C)c(Br)c1=O,-2.523,c1(=O)[nH]c(c(Br)c(n1C(C)CC)=O)C,AAA{A}dra{~B}{dQ}a{A}a{Y}ar~B,31.13,36.83,84.82,31.13
"2,2',3,3',5,6-PCB",Clc1cccc(c1Cl)c2c(Cl)c(Cl)cc(Cl)c2Cl,-8.6,c1(Cl)c(Cl)cccc1-c1c(c(Cl)cc(Cl)c1Cl)Cl,Zaraaaa{arZ}asa{Z}a{Z}aa{Z}asZ,77.24,48.63,63.88,77.24
2-Methylphenol,Cc1ccccc1O,-0.62,c1(c(cccc1)C)O,AaraaaaarB,16.69,64.51,6.778,16.69
"2,2,5-Trimethylhexane",CC(C)CCC(C)(C)C,-5.05,C(C(C)C)CC(C)(C)C,AA{A}AAA{A}{A}A,50.3,58.85,48.09,50.3
"1,4-Dimethylnaphthalene",Cc1ccc(C)c2ccccc12,-4.14,Cc1ccc(C)c2ccccc21,Aaraaa{A}asaaaaars,43.4,88.06,86.88,43.4
6-Methylchrysene,Cc1cc2c3ccccc3ccc2c4ccccc14,-6.57,c1ccc2c(c3cc(C)c4c(c3cc2)cccc4)c1,Aaraasataaaaataaasauaaaaaru,61.84,54.47,0.1739,61.84
2-Pentanone,CCCC(=O)C,-0.19,C(C)(CCC)=O,AAAA{~B}A,13.43,67.54,0.3406,13.43
"2,2',3,3',5,5',6,6'-PCB",Clc1cc(Cl)c(Cl)c(c1Cl)c2c(Cl)c(Cl)cc(Cl)c2Cl,-9.15,Clc1cc(Cl)c(Cl)c(-c2c(c(cc(c2Cl)Cl)Cl)Cl)c1Cl,Zaraa{Z}a{Z}a{arZ}asa{Z}a{Z}aa{Z}asZ,81.41,47.05,86.06,81.41
Methyl butyrate,CCCOC(=O)CC,-0.82,O=C(OCCC)CC,AAABA{~B}AA,18.21,63.1,12.33,18.21
Triamcinolone,CC34CC(O)C1(F)C(CCC2=CC(=O)C=CC12C)C3CC(O)C4(O)C(=O)CO,-3.68,C12(F)C3(C)C(CCC1C1CC(C(C1(CC2O)C)(O)C(=O)CO)O)=CC(C=C3)=O,AAtuAA{B}Ar{G}A{AAAs~AA{~B}A~AArsA}AtAA{B}Au{B}A{~B}AB,39.91,95.48,97.73,39.91
p-Aminophenol,Nc1ccc(O)cc1,-0.8,Oc1ccc(N)cc1,Daraaa{B}aar,18.06,63.24,11.71,18.06
Benznidazole,O=C(Cn1ccnc1N(=O)=O)NCc2ccccc2,-2.81,n1ccn(c1[N+]([O-])=O)CC(NCc1ccccc1)=O,B~A{AdraadarD{~B}~B}DAasaaaaas,33.31,31.26,93.22,33.31
"Atovaquone(0,430mg/ml) - neutral",OC4=C(C1CCC(CC1)c2ccc(Cl)cc2)C(=O)c3ccccc3C4=O,-5.931,c1cccc2C(=O)C(=C(C(c21)=O)C1CCC(CC1)c1ccc(Cl)cc1)O,BAu~A{ArAAA{AAr}asaaa{Z}aas}A{~B}ataaaaatAu~B,56.99,56.31,11.52,56.99
Trietazine,CCNc1nc(Cl)nc(n1)N(CC)CC,-4.06,c1(Cl)nc(NCC)nc(N(CC)CC)n1,AADarda{Z}da{dr}D{AA}AA,42.79,89.35,89.35,42.79
Pyrazinamide,NC(=O)c1cnccn1,-0.667,C(c1nccnc1)(=O)N,DA{~B}aradaadr,17.05,64.18,7.948,17.05
Carbromal,CCC(Br)(CC)C(=O)NC(N)=O,-2.68,O=C(NC(=O)C(CC)(CC)Br)N,AAA{Y}{AA}A{~B}DA{D}~B,32.32,33.79,89.78,32.32
"2,2'-PCB",Clc1ccccc1c2ccccc2Cl,-5.27,c1cc(c(cc1)-c1c(cccc1)Cl)Cl,ZaraaaaarasaaaaasZ,51.97,58.22,37.73,51.97
nitrofurantoin,O=C2CN(N=Cc1ccc(o1)N(=O)=O)C(=O)N2,-3.38,N1C(=O)N(N=Cc2ccc([N+]([O-])=O)o2)CC1=O,B~AsAD{D~Aaraaa{br}D{~B}~B}A{~B}Ds,37.63,20.19,99.99,37.63
Nitrofen,Clc2ccc(Oc1ccc(cc1)N(=O)=O)c(Cl)c2,-5.46,c1c(c(cc(c1)Cl)Cl)Oc1ccc(cc1)[N+]([O-])=O,Zasaaa{Baraaa{aar}D{~B}~B}a{Z}as,53.41,57.67,29.2,53.41
Camphor,CC1(C)C2CCC1(C)C(=O)C2,-1.96,C1C2(C(C(CC2=O)C1)(C)C)C,AAr{A}AsAAAr{A}A{~B}As,26.86,7.361,61.57,26.86
5-Allyl-5-phenylbarbital,O=C1NC(=O)NC(=O)C1(CC=C)c1ccccc1,-2.369,C=CCC1(C(NC(NC1=O)=O)=O)c1ccccc1,B~ArDA{~B}DA{~B}Ar{AA~A}araaaaar,29.96,39.83,79.2,29.96
Pentyl propanoate,CCCCC(=O)OCC,-2.25,CCOC(=O)CCCC,AAAAA{~B}BAA,29.06,1.97,74.41,29.06
Isopentyl acetate,CC(C)CCOC(=O)C,-1.92,C(OCCC(C)C)(C)=O,AA{A}AABA{~B}A,26.56,8.104,59.71,26.56
3-Hexanoyloxymethylphenyltoin,O=C1N(COC(=O)CCCCC)C(=O)C(N1)(c2ccccc2)c3ccccc3,-5.886,C(CCC)CC(=O)OCN1C(=O)NC(c2ccccc2)(C1=O)c1ccccc1,B~ArD{ABA{~B}AAAAA}A{~B}A{Dr}{asaaaaas}ataaaaat,56.65,56.44,12.93,56.65
"2,3',5-PCB",Clc1cccc(c1)c2cc(Cl)ccc2Cl,-6.01,c1cc(cc(Cl)c1)-c1c(ccc(Cl)c1)Cl,Zaraaaa{ar}asaa{Z}aaasZ,57.59,56.09,9.229,57.59
1-Bromopropane,CCCBr,-1.73,BrCCC,AAAY,25.11,11.64,50.72,25.11
Propiconazole,CCCC1COC(Cn2cncn2)(O1)c3ccc(Cl)cc3Cl,-3.4930000000000003,c1cc(Cl)cc(Cl)c1C1(Cn2cncn2)OCC(CCC)O1,AAAArABA{Adsadads}{Br}ataaa{Z}aatZ,38.49,98.5,99.61,38.49
Formothion,COP(=S)(OC)SCC(=O)N(C)C=O,-1.995,C(CSP(=S)(OC)OC)(N(C=O)C)=O,ABF{~E}{BA}EAA{~B}D{A}A~B,27.12,6.71,63.19,27.12
4-methylpteridine,Cc1ncnc2nccnc12,-0.466,c1nc2c(c(C)n1)nccn2,Aardadasdaadars,15.52,65.59,3.566,15.52
Thiourea,NC(=S)N,0.32,C(=S)(N)N,DA{~E}D,9.56,71.13,3.374,9.56
p-Xylene,Cc1ccc(C)cc1,-2.77,c1c(ccc(C)c1)C,Aaraaa{A}aar,33.0,32.04,92.23,33.0
"1,2-Diethylbenzene",CCc1ccccc1CC,-3.28,C(c1c(cccc1)CC)C,AAaraaaaarAA,36.87,22.14,99.85,36.87
Hexachloroethane,ClC(Cl)(Cl)C(Cl)(Cl)Cl,-3.67,ClC(Cl)(C(Cl)(Cl)Cl)Cl,ZA{Z}{Z}A{Z}{Z}Z,39.83,95.65,97.87,39.83
Flucythrinate,CC(C)C(C(=O)OC(C#N)c1cccc(Oc2ccccc2)c1)c3ccc(OC(F)F)cc3,-6.876,c1c(Oc2cc(ccc2)C(OC(=O)C(C(C)C)c2ccc(cc2)OC(F)F)C#N)cccc1,AA{A}A{A{~B}BA{A^D}araaaa{Basaaaaas}ar}ataaa{BA{G}G}aat,64.16,53.59,1.081,64.16
1-Nitropropane,CCCN(=O)=O,-0.8,CCC[N+]([O-])=O,AAAD{~B}~B,18.06,63.24,11.71,18.06
Menthone,CC(C)C1CCC(C)CC1=O,-2.35,C1C(C(CC(C1)C)=O)C(C)C,AA{A}ArAAA{A}AAr~B,29.82,0.1115,78.46,29.82
RTI 24,CCN2c1cc(Cl)ccc1NC(=O)c3cccnc23,-5.36,c1cc2C(Nc3ccc(cc3N(c2nc1)CC)Cl)=O,AADsaraa{Z}aaarDA{~B}ataaadast,52.66,57.96,33.62,52.66
"2,3-Dichloronitrobenzene",O=N(=O)c1c(Cl)c(Cl)ccc1,-3.48,c1cc(Cl)c(Cl)c([N+](=O)[O-])c1,B~D{~B}ara{Z}a{Z}aaar,38.39,98.71,99.69,38.39
thiamylal,CCCC(C)C1(CC=C)C(=O)NC(=S)NC1=O,-3.46,CCCC(C)C1(CC=C)C(NC(=S)NC1=O)=O,AAAA{A}Ar{AA~A}A{~B}DA{~E}DAr~B,38.24,99.03,99.78,38.24
Fluoranthene,c1ccc2c(c1)c3cccc4cccc2c34,-6.0,c1cc2cccc3-c4ccccc4-c(c1)c32,araaasa{ar}ataaaauaaaasatu,57.51,56.12,9.507,57.51
Propylisopropylether,CCCOC(C)C,-1.34,O(CCC)C(C)C,AAABA{A}A,22.15,18.88,32.5,22.15
"1,3-Dimethylnaphthalene",Cc1cc(C)c2ccccc2c1,-4.29,c1cc2c(cc1)cc(C)cc2C,Aaraa{A}asaaaaasar,44.54,85.65,81.69,44.54
diethylstilbestrol,CCC(=C(CC)c1ccc(O)cc1)c2ccc(O)cc2,-4.07,c1(C(CC)=C(c2ccc(O)cc2)CC)ccc(O)cc1,AAA{~A{AA}araaa{B}aar}asaaa{B}aas,42.87,89.19,89.05,42.87
Chlorothalonil,c1(C#N)c(Cl)c(C#N)c(Cl)c(Cl)c(Cl)1,-5.64,c1(Cl)c(C#N)c(c(Cl)c(Cl)c1C#N)Cl,ar{A^D}a{Z}a{A^D}a{Z}a{Z}a{Z}r,54.78,57.15,21.74,54.78
"2,3',4',5-PCB",Clc1ccc(Cl)c(c1)c2ccc(Cl)c(Cl)c2,-7.25,Clc1c(cc(-c2cc(Cl)ccc2Cl)cc1)Cl,Zaraaa{Z}a{ar}asaaa{Z}a{Z}as,67.0,52.52,7.768,67.0
styrene oxide,C1OC1c2ccccc2,-1.6,c1cccc(C2CO2)c1,ArBArasaaaaas,24.13,14.05,44.53,24.13
Isopropylbenzene,CC(C)c1ccccc1,-3.27,CC(c1ccccc1)C,AA{A}araaaaar,36.8,22.33,99.81,36.8
Deoxycorticosterone,CC12CCC3C(CCC4=CC(=O)CCC34C)C2CCC1C(=O)CO,-3.45,O=C1CCC2(C)C3C(CCC2=C1)C1C(C)(C(C(=O)CO)CC1)CC3,AArsAAAtA{AAAu~AA{~B}AAAtuA}AsAAArA{~B}AB,38.16,99.19,99.83,38.16
chlorquinox,c2(Cl)c(Cl)c(Cl)c1nccnc1c2(Cl),-5.43,c1(Cl)c(c(c2nccnc2c1Cl)Cl)Cl,as{Z}a{Z}a{Z}ardaadaras{Z},53.19,57.76,30.51,53.19
L-arabinose,C1OC(O)C(O)C(O)C1O,0.39,OC1C(C(C(O)CO1)O)O,ArBA{B}A{B}A{B}ArB,9.029,71.62,4.682,9.029
Dichloromethane,ClCCl,-0.63,C(Cl)Cl,ZAZ,16.77,64.44,7.02,16.77
1-Ethylnaphthalene,CCc1cccc2ccccc12,-4.17,c1ccc(CC)c2c1cccc2,AAaraaaasaaaaars,43.63,87.58,85.9,43.63
Methyl formate,COC=O,0.58,C(=O)OC,ABA~B,7.587,72.96,9.229,7.587
o-Nitrophenol,Oc1ccccc1N(=O)=O,-1.74,[O-][N+](c1c(O)cccc1)=O,BaraaaaarD{~B}~B,25.19,11.45,51.19,25.19
thymine,Cc1c[nH]c(=O)[nH]c1=O,-1.506,O=c1c(C)c[nH]c([nH]1)=O,Aara{dQ}a{~B}{dQ}ar~B,23.41,15.8,40.1,23.41
2-Methylpropane,CC(C)C,-2.55,C(C)(C)C,AA{A}A,31.34,36.31,85.73,31.34
Inosine,OCC1OC(C(O)C1O)n2cnc3c(O)ncnc23,-1.23,c12c(ncnc1n(C1OC(C(O)C1O)CO)cn2)O,BAArBA{A{B}ArB}dsadata{B}dadast,21.32,60.21,27.69,21.32
Ioxynil,Oc1c(I)cc(C#N)cc1I,-3.61,c1(I)c(O)c(cc(c1)C#N)I,Bara{H}aa{A^D}aarH,39.38,96.61,98.61,39.38
Niclosamide,Oc1ccc(Cl)cc1C(=O)Nc2ccc(cc2Cl)N(=O)=O,-4.7,c1cc(c(C(Nc2ccc([N+](=O)[O-])cc2Cl)=O)cc1Cl)O,Baraaa{Z}aarA{~B}Dasaaa{aasZ}D{~B}~B,47.65,59.86,64.56,47.65
Pentane,CCCCC,-3.18,C(C)CCC,AAAAA,36.12,24.08,99.24,36.12
Phenol,c1ccccc1O,0.0,c1(O)ccccc1,araaaaarB,11.99,68.87,0.1035,11.99
2-aminoanthracene,Nc3ccc2cc1ccccc1cc2c3,-5.17,c12ccc(cc2cc2c(c1)cccc2)N,Dataaasaaraaaaaraasat,51.21,58.5,42.4,51.21
theobromine,Cn1cnc2n(C)c(=O)[nH]c(=O)c12,-2.523,n1(C)c2c([nH]c(n(c2nc1)C)=O)=O,Adradasd{A}a{~B}{dQ}a{~B}ars,31.13,36.83,84.82,31.13
Isoquinoline,c1ccc2cnccc2c1,-1.45,c12ccncc1cccc2,araaasadaaasar,22.99,16.84,37.5,22.99
Anilofos,COP(=S)(OC)SCC(=O)N(C(C)C)c1ccc(Cl)cc1,-4.432,O(C)P(=S)(SCC(=O)N(c1ccc(Cl)cc1)C(C)C)OC,ABF{~E}{BA}EAA{~B}D{A{A}A}araaa{Z}aar,45.61,83.35,76.18,45.61
Hexylbenzene,CCCCCCc1ccccc1,-5.21,c1ccc(CCCCCC)cc1,AAAAAAaraaaaar,51.52,58.39,40.52,51.52
2-Chlorobiphenyl,Clc1ccccc1c2ccccc2,-4.54,c1cc(-c2c(cccc2)Cl)ccc1,Zaraaaaarasaaaaas,46.43,81.61,71.66,46.43
2-Methyl-1-Pentene,CCCC(=C)C,-3.03,C(C(=C)C)CC,AAAA{~A}A,34.98,26.99,97.51,34.98
"2,3,4-Trimethylpentane",CC(C)C(C)C(C)C,-4.8,CC(C)C(C(C)C)C,AA{A}A{A}A{A}A,48.41,59.57,59.94,48.41
Pentachlorobenzene,Clc1cc(Cl)c(Cl)c(Cl)c1Cl,-5.65,Clc1cc(c(c(Cl)c1Cl)Cl)Cl,Zaraa{Z}a{Z}a{Z}arZ,54.86,57.12,21.35,54.86
m-Nitrophenol,Oc1cccc(c1)N(=O)=O,-1.01,[N+]([O-])(=O)c1cc(O)ccc1,Baraaaa{ar}D{~B}~B,19.65,61.76,18.87,19.65
1-Decene,CCCCCCCCC=C,-5.51,C(C=C)CCCCCCC,AAAAAAAAA~A,53.79,57.53,27.06,53.79
Glyceryl triacetate,CC(=O)OCC(COC(=O)C)OC(=O)C,-0.6,C(COC(=O)C)(OC(=O)C)COC(C)=O,AA{~B}BAA{ABA{~B}A}BA{~B}A,16.54,64.65,6.307,16.54
dimethirimol,CCCCc1c(C)nc(nc1O)N(C)C,-2.24,c1(nc(N(C)C)nc(C)c1CCCC)O,AAAAara{A}da{darB}D{A}A,28.98,2.156,74.0,28.98
Cyfluthrin,CC1(C)C(C=C(Cl)Cl)C1C(=O)OC(C#N)c2ccc(F)c(Oc3ccccc3)c2,-7.337000000000001,O(C(c1ccc(F)c(Oc2ccccc2)c1)C#N)C(=O)C1C(C1(C)C)C=C(Cl)Cl,AAr{A}A{A~A{Z}Z}ArA{~B}BA{A^D}asaaa{G}a{Bataaaaat}as,67.66,52.27,10.13,67.66
Pyridine,c1ccncc1,0.76,c1cccnc1,araadaar,6.222,74.23,14.77,6.222
1-Bromoheptane,CCCCCCCBr,-4.43,BrCCCCCCC,AAAAAAAY,45.6,83.39,76.26,45.6
"3,4-Dimethylpyridine",Cc1ccncc1C,0.36,n1cc(C)c(cc1)C,AaraadaarA,9.256,71.41,4.096,9.256
Fludrocortisone,CC34CC(O)C1(F)C(CCC2=CC(=O)CCC12C)C3CCC4(O)C(=O)CO,-3.43,C12(C(CCC2(O)C(CO)=O)C2C(C3(C(=CC(CC3)=O)CC2)C)(F)C(O)C1)C,AAtuAA{B}Ar{G}A{AAAs~AA{~B}AAArsA}AtAAAu{B}A{~B}AB,38.01,99.52,99.9,38.01
ethiofencarb,CCSCc1ccccc1OC(=O)NC,-2.09,C(Oc1ccccc1CSCC)(NC)=O,AAEAaraaaaarBA{~B}DA,27.85,4.944,67.5,27.85
Malonic acid diethylester,CCOC(=O)CC(=O)OCC,-0.82,C(CC(=O)OCC)(=O)OCC,AABA{~B}AA{~B}BAA,18.21,63.1,12.33,18.21
d-Limonene,CC1=CCC(CC1)C(C)=C,-4.26,C(C)(C1CC=C(CC1)C)=C,AAr~AAA{AAr}A{A}~A,44.31,86.13,82.78,44.31
Indan,C1Cc2ccccc2C1,-3.04,C1Cc2c(cccc2)C1,ArAasaaaaasAr,35.05,26.8,97.65,35.05
p-t-Butylphenol,CC(C)(C)c1ccc(O)cc1,-2.41,Oc1ccc(cc1)C(C)(C)C,AA{A}{A}araaa{B}aar,30.27,39.03,80.76,30.27
Cyclopropyl-5-spirobarbituric acid,O=C2NC(=O)C1(CC1)C(=O)N2,-1.886,C1CC21C(NC(=O)NC2=O)=O,B~AsDA{~B}Ar{AAr}A{~B}Ds,26.3,8.736,58.12,26.3
m-Chloroiodobenzene,Clc1cccc(I)c1,-3.55,c1(Cl)cc(I)ccc1,Zaraaaa{H}ar,38.92,97.58,99.2,38.92
1-Bromonapthalene,Brc1cccc2ccccc12,-4.35,c1(c2c(ccc1)cccc2)Br,Yaraaaasaaaaars,44.99,84.68,79.43,44.99
trans-2-Pentene,CC/C=C/C,-2.54,C(\CC)=C/C,AA|A~A|A,31.26,36.5,85.4,31.26
"2,6-Dimethylpyridine",Cc1cccc(C)n1,0.45,Cc1nc(ccc1)C,Aaraaaa{A}dr,8.574,72.04,5.964,8.574
Trichloroethylene,ClC=C(Cl)Cl,-1.96,ClC(=CCl)Cl,ZA~A{Z}Z,26.86,7.361,61.57,26.86
1-Napthylamine,Nc1cccc2ccccc12,-1.92,c1cc2ccccc2c(N)c1,Daraaaasaaaaars,26.56,8.104,59.71,26.56
m-Xylene,Cc1cccc(C)c1,-2.82,Cc1cccc(c1)C,Aaraaaa{A}ar,33.38,31.07,93.46,33.38
2-hydroxypteridine,Oc2ncc1nccnc1n2,-1.947,c1(O)ncc2nccnc2n1,Basdaardaadards,26.76,7.602,60.97,26.76
Methanol,CO,1.57,OC,AB,0.07587,79.93,49.52,0.07587
Amobarbital,CCC1(CCC(C)C)C(=O)NC(=O)NC1=O,-2.468,C1(CCC(C)C)(CC)C(NC(NC1=O)=O)=O,AAAr{AAA{A}A}A{~B}DA{~B}DAr~B,30.71,37.9,82.89,30.71
2-Butanone,CCC(=O)C,0.52,O=C(C)CC,AAA{~B}A,8.042,72.54,7.641,8.042
5-fluorouracil,Fc1c[nH]c(=O)[nH]c1=O,-1.077,[nH]1cc(c(=O)[nH]c1=O)F,Gara{dQ}a{~B}{dQ}ar~B,20.16,61.29,21.43,20.16
tubercidin,Nc1ncnc2n(ccc12)C3OC(CO)C(O)C3O,-1.95,c1nc(c2ccn(C3C(O)C(C(CO)O3)O)c2n1)N,Dardadasd{aaars}AtBA{AB}A{B}AtB,26.78,7.546,61.11,26.78
"1,3-Benzenediol",Oc1cccc(O)c1,0.81,Oc1cc(ccc1)O,Baraaaa{B}ar,5.842,74.58,16.5,5.842
1-Hexanol,CCCCCCO,-1.24,C(CCO)CCC,AAAAAAB,21.4,60.14,28.12,21.4
1-Chloropentane,CCCCCCl,-2.73,ClCCCCC,AAAAAZ,32.7,32.82,91.18,32.7
"1,3-Butadiene",C=CC=C,-1.87,C(C=C)=C,A~AA~A,26.18,9.033,57.36,26.18
Propyl acetate,CCCOC(=O)C,-0.72,C(COC(C)=O)C,AAABA{~B}A,17.45,63.8,9.368,17.45
"5,6,7,8-tetrahydro-2-naphthol",Oc2ccc1CCCCc1c2,-1.99,Oc1ccc2c(CCCC2)c1,BasaaarAAAAaras,27.09,6.803,62.96,27.09
chloroacetamide,NC(=O)CCl,-0.02,O=C(CCl)N,DA{~B}AZ,12.14,68.73,0.05127,12.14
Iodofenphos,COP(=S)(OC)Oc1cc(Cl)c(I)cc1Cl,-6.62,c1(cc(c(cc1I)Cl)OP(OC)(=S)OC)Cl,ABF{~E}{BA}Baraa{Z}a{H}aarZ,62.22,54.33,0.03196,62.22
4-Chlorotoluene,Cc1ccc(Cl)cc1,-3.08,c1cc(ccc1C)Cl,Aaraaa{Z}aar,35.36,26.02,98.2,35.36
Metribuzin,CSc1nnc(c(=O)n1N)C(C)(C)C,-2.253,CC(C)(c1c(n(N)c(nn1)SC)=O)C,AEardda{a{~B}drD}A{A}{A}A,29.08,1.914,74.54,29.08
Tricresyl phosphate,Cc1ccc(OP(=O)(Oc2cccc(C)c2)Oc3ccccc3C)cc1,-6.01,c1(C)ccc(cc1)OP(Oc1cccc(C)c1)(Oc1ccccc1C)=O,Aaraaa{BF{~B}{Basaaaa{A}as}BataaaaatA}aar,57.59,56.09,9.229,57.59
Caproaldehyde,CCCCCC=O,-1.3,O=CCCCCC,AAAAAA~B,21.85,19.63,30.73,21.85
Butamben,CCCCOC(=O)c1ccc(N)cc1,-3.082,Nc1ccc(C(=O)OCCCC)cc1,AAAABA{~B}araaa{D}aar,35.37,25.98,98.22,35.37
RTI 3,O2c1cc(C)ccc1N(C)C(=O)c3cc(N)cnc23,-3.043,c12c(C(=O)N(c3ccc(cc3O2)C)C)cc(N)cn1,Bsaraa{A}aaarD{A}A{~B}ataa{D}adast,35.08,26.74,97.7,35.08
Nerol,CC(C)=CCC/C(C)=C\CO,-2.46,OC/C=C(\CCC=C(C)C)C,AA{A}~AAA|A{A}~A!AB,30.65,38.06,82.6,30.65
"2,4'-PCB",Clc1ccc(cc1)c2ccccc2Cl,-5.28,Clc1ccccc1-c1ccc(Cl)cc1,Zaraaa{aar}asaaaaasZ,52.05,58.19,37.27,52.05
3-Octanoyloxymethylphenytoin,O=C1N(COC(=O)CCCCCCC)C(=O)C(N1)(c2ccccc2)c3ccccc3,-6.523,O=C1NC(C(N1COC(=O)CCCCCCC)=O)(c1ccccc1)c1ccccc1,B~ArD{ABA{~B}AAAAAAA}A{~B}A{Dr}{asaaaaas}ataaaaat,61.48,54.61,0.4106,61.48
Nitroethane,CCN(=O)=O,-0.22,O=[N+]([O-])CC,AAD{~B}~B,13.66,67.32,0.5276,13.66
Ethalfluralin,CCN(CC(C)=C)c1c(cc(cc1N(=O)=O)C(F)(F)F)N(=O)=O,-6.124,C(C)(CN(CC)c1c([N+]([O-])=O)cc(cc1[N+](=O)[O-])C(F)(F)F)=C,AAD{AA{A}~A}ara{aa{aarD{~B}~B}A{G}{G}G}D{~B}~B,58.45,55.76,6.33,58.45
"1,2,3,4-Tetrachlorobenzene",Clc1ccc(Cl)c(Cl)c1Cl,-4.57,c1(Cl)c(c(c(Cl)cc1)Cl)Cl,Zaraaa{Z}a{Z}arZ,46.66,81.13,70.37,46.66
Meprobamate,CCCC(C)(COC(N)=O)COC(N)=O,-1.807,O(CC(COC(=O)N)(C)CCC)C(=O)N,AAAA{A}{ABA{D}~B}ABA{D}~B,25.7,10.2,54.38,25.7
pregnenolone,CC(=O)C3CCC4C2CC=C1CC(O)CCC1(C)C2CCC34C,-4.65,C1CC2C(CC=C3CC(O)CCC32C)C2C1(C(CC2)C(C)=O)C,AA{~B}AtAAAuAsAA~ArAA{B}AAAr{A}AsAAAtuA,47.27,60.0,66.83,47.27
Iodomethane,CI,-1.0,IC,AH,19.58,61.83,18.49,19.58
cycloheximide,CC1CC(C)C(=O)C(C1)C(O)CC2CC(=O)NC(=O)C2,-1.13,C1C(C)CC(C(O)CC2CC(NC(=O)C2)=O)C(=O)C1C,AArAA{A}A{~B}A{Ar}A{B}AAsAA{~B}DA{~B}As,20.56,60.92,23.54,20.56
3-Heptanoyloxymethylphenytoin,O=C1N(COC(=O)CCCCCC)C(=O)C(N1)(c2ccccc2)c3ccccc3,-6.301,C(CCCC(OCN1C(=O)C(c2ccccc2)(c2ccccc2)NC1=O)=O)CC,B~ArD{ABA{~B}AAAAAA}A{~B}A{Dr}{asaaaaas}ataaaaat,59.8,55.25,2.861,59.8
isophorone,CC1=CC(=O)CC(C)(C)C1,-1.06,CC1CC(C)(C)CC(=O)C=1,AAr~AA{~B}AA{A}{A}Ar,20.03,61.41,20.77,20.03
Butabarbital,O=C1NC(=O)NC(=O)C1(CC)C(C)CC,-2.39,C(C)C1(C(CC)C)C(=O)NC(NC1=O)=O,B~ArDA{~B}DA{~B}Ar{AA}A{A}AA,30.12,39.42,80.0,30.12
5-Nonanone,CCCCC(=O)CCCC,-2.58,C(C(=O)CCCC)CCC,AAAAA{~B}AAAA,31.56,35.73,86.72,31.56
Glutethimide,CCC1(CCC(=O)NC1=O)c2ccccc2,-2.337,c1cc(C2(CC)C(=O)NC(=O)CC2)ccc1,AAAr{AAA{~B}DAr~B}asaaaaas,29.72,0.3532,77.94,29.72
3-Methylpentane,CCC(C)CC,-3.68,C(CC)(C)CC,AAA{A}AA,39.91,95.48,97.73,39.91
Etofenprox,CCOc1ccc(cc1)C(C)(C)COCc3cccc(Oc2ccccc2)c3,-8.6,c1ccc(cc1COCC(c1ccc(OCC)cc1)(C)C)Oc1ccccc1,AABaraaa{aar}A{A}{A}ABAataaaa{Basaaaaas}at,77.24,48.63,63.88,77.24
Methaqualone,Cc1ccccc1n3c(C)nc2ccccc2c3=O,-2.925,c1c(c(-n2c(=O)c3ccccc3nc2C)ccc1)C,Aaraaaaardta{A}dasaaaaasat~B,34.18,29.03,95.71,34.18
Chloroacetonitrile,ClCC#N,-0.092,C(CCl)#N,ZAA^D,12.69,68.23,0.01364,12.69
Trichloronate,CCOP(=S)(CC)Oc1cc(Cl)c(Cl)cc1Cl,-5.752000000000001,c1c(c(cc(c1OP(=S)(OCC)CC)Cl)Cl)Cl,AABF{~E}{AA}Baraa{Z}a{Z}aarZ,55.63,56.83,17.5,55.63
Ethisterone,CC12CCC(=O)C=C1CCC3C2CCC4(C)C3CCC4(O)C#C,-5.66,C12(CCC(=O)C=C1CCC1C2CCC2(C)C1CCC2(C#C)O)C,AArsAAA{~B}A~ArAAAtAsAAAu{A}AtAAAu{B}A^A,54.93,57.09,20.96,54.93
Pyridazine,c1ccnnc1,1.1,n1ncccc1,araaddar,3.642,76.62,27.91,3.642
"1,2,3,5-Tetrachlorobenzene",Clc1cc(Cl)c(Cl)c(Cl)c1,-4.63,Clc1c(Cl)cc(Cl)cc1Cl,Zaraa{Z}a{Z}a{Z}ar,47.12,80.16,67.72,47.12
Diosgenin,C1C(O)CCC2(C)CC3CCC4(C)C5(C)CC6OCC(C)CC6OC5CC4C3C=C21,-7.32,C1C2C(CCC1O)(CC1CCC3(C4(C)C(CC3C1C=2)OC1CC(C)COC1C4)C)C,ArA{B}AAAs{A}AAtAAAu{A}Av{A}AAwBAA{A}AAwBAvAAuAtA~Asr,67.53,52.32,9.647,67.53
o-Aminophenol,Nc1ccccc1O,-0.72,c1ccc(c(c1)N)O,DaraaaaarB,17.45,63.8,9.368,17.45
Ethyl nonanoate,CCCCCCCCC(=O)OCC,-3.8,CCCCCCCCC(OCC)=O,AAAAAAAAA{~B}BAA,40.82,93.55,95.71,40.82
metalaxyl,COCC(=O)N(C(C)C(=O)OC)c1c(C)cccc1C,-1.601,O=C(COC)N(C(C)C(OC)=O)c1c(cccc1C)C,ABAA{~B}D{A{A}A{~B}BA}ara{A}aaaarA,24.14,14.03,44.58,24.14
Propoxur,CNC(=O)Oc1ccccc1OC(C)C,-2.05,c1c(c(OC(NC)=O)ccc1)OC(C)C,ADA{~B}BaraaaaarBA{A}A,27.54,5.688,65.7,27.54
2-Chlorobutane,CCC(C)Cl,-1.96,ClC(C)CC,AAA{A}Z,26.86,7.361,61.57,26.86
2-Napthol,Oc1ccc2ccccc2c1,-2.28,Oc1cc2ccccc2cc1,Baraaasaaaaasar,29.29,1.413,75.65,29.29
Oxadiazon,CC(C)Oc1cc(c(Cl)cc1Cl)n2nc(oc2=O)C(C)(C)C,-5.696000000000001,c1(n(-c2cc(c(cc2Cl)Cl)OC(C)C)nc(o1)C(C)(C)C)=O,AA{A}Baraa{a{Z}aarZ}dsda{bas~B}A{A}{A}A,55.2,56.99,19.58,55.2
1-Hexyne,CCCCC#C,-2.36,C(CCCC)#C,AAAAA^A,29.89,40.0,78.85,29.89
1-Nonyne,CCCCCCCC#C,-4.24,C(CCC)CCCC#C,AAAAAAAA^A,44.16,86.45,83.5,44.16
2-Chlorotoluene,Cc1ccccc1Cl,-3.52,c1(ccccc1Cl)C,AaraaaaarZ,38.69,98.06,99.44,38.69
Diisopropyl ether,CC(C)OC(C)C,-1.1,O(C(C)C)C(C)C,AA{A}BA{A}A,20.33,61.13,22.33,20.33
Dapsone,Nc1ccc(cc1)S(=O)(=O)c2ccc(N)cc2,-3.094,c1cc(ccc1N)S(=O)(c1ccc(N)cc1)=O,Daraaa{aar}E{~B}{~B}asaaa{D}aas,35.46,25.75,98.37,35.46
Methyl hydrazine,CNN,1.34,NNC,ADD,1.821,78.31,38.66,1.821
Propyne,CC#C,-0.41,C(C)#C,AA^A,15.1,65.99,2.642,15.1
Phoxim,CCOP(=S)(OCC)ON=C(C#N)c1ccccc1,-4.862,C(#N)C(c1ccccc1)=NOP(OCC)(=S)OCC,AABF{~E}{BAA}BD~A{A^D}araaaaar,48.88,59.39,57.03,48.88
Propetamphos,CCNP(=S)(OC)OC(=CC(=O)OC(C)C)C,-3.408,C(=C(OP(OC)(NCC)=S)C)C(OC(C)C)=O,AADF{~E}{BA}BA{~AA{~B}BA{A}A}A,37.85,99.87,99.95,37.85
Acrolein,C=CC=O,0.57,C(=C)C=O,A~AA~B,7.663,72.89,8.955,7.663
Hypoxanthine,O=c1[nH]cnc2nc[nH]c12,-2.296,c1[nH]c(=O)c2c(n1)nc[nH]2,B~ar{dQ}adasda{dQ}ars,29.41,1.115,76.3,29.41
6-hydroxyquinoline,Oc2ccc1ncccc1c2,-2.16,n1cccc2cc(O)ccc21,Basaaardaaaaras,28.38,3.643,70.58,28.38
Fluorobenzene,Fc1ccccc1,-1.8,c1ccccc1F,Garaaaaar,25.64,10.33,54.05,25.64
1-Chloropropane,CCCCl,-1.47,C(C)CCl,AAAZ,23.14,16.47,38.43,23.14
Ethyl acetate,CCOC(=O)C,-0.04,C(OCC)(C)=O,AABA{~B}A,12.29,68.59,0.01719,12.29
"2,2-Dimethylpentane",CCCC(C)(C)C,-4.36,C(C(C)(C)C)CC,AAAA{A}{A}A,45.07,84.52,79.04,45.07
Pentamethylbenzene,Cc1cc(C)c(C)c(C)c1C,-4.0,Cc1c(C)c(c(C)cc1C)C,Aaraa{A}a{A}a{A}arA,42.34,90.32,91.04,42.34
eucalyptol,CC12CCC(CC1)C(C)(C)O2,-1.64,C1C2(C)CCC(C1)C(C)(O2)C,AArsAAA{AAr}A{A}{A}Bs,24.43,13.31,46.43,24.43
dibutyl sebacate,CCCCOC(=O)CCCCCCCCC(=O)OCCCC,-3.896,C(COC(CCCCCCCCC(OCCCC)=O)=O)CC,AAAABA{~B}AAAAAAAAA{~B}BAAAA,41.55,92.0,93.67,41.55
"4,4'-PCB",Clc1ccc(cc1)c2ccc(Cl)cc2,-6.56,c1c(ccc(c1)Cl)-c1ccc(cc1)Cl,Zaraaa{aar}asaaa{Z}aas,61.76,54.5,0.2159,61.76
"2,3-Dimethylpyridine",Cc1cccnc1C,0.38,c1cc(C)c(nc1)C,AaraaadarA,9.105,71.55,4.482,9.105
Carvone,CC(=C)C1CC=C(C)C(=O)C1,-2.06,O=C1C(=CCC(C(=C)C)C1)C,AA{~A}ArAA~A{A}A{~B}Ar,27.62,5.502,66.15,27.62
Carbophenthion,CCOP(=S)(OCC)SCSc1ccc(Cl)cc1,-5.736000000000001,C(OP(SCSc1ccc(cc1)Cl)(OCC)=S)C,AABF{~E}{BAA}EAEaraaa{Z}aar,55.51,56.87,18.09,55.51
"Etoposide (148-167,25mg/ml)",COc1cc(cc(OC)c1O)C6C2C(COC2=O)C(OC4OC3COC(C)OC3C(O)C4O)c7cc5OCOc5cc67,-3.571,C1(OC2C3C(C(OC3)=O)C(c3cc(OC)c(c(c3)OC)O)c3cc4c(OCO4)cc32)OC2C(OC(OC2)C)C(O)C1O,ABaraa{aa{BA}arB}AwAsA{ABAs~B}A{BAuBAtABA{A}BAtA{B}AuB}axaavBABavaawx,39.08,97.24,99.02,39.08
Perylene,c1cc2cccc3c4cccc5cccc(c(c1)c23)c54,-8.804,c1cc2c3c(cccc3c1)c1cccc3c1c2ccc3,araasaaaatauaaaavaaaa{a{ar}ast}avu,78.79,48.05,72.9,78.79
"2,4-Dinitrotoluene",Cc1ccc(cc1N(=O)=O)N(=O)=O,-2.82,[N+](=O)(c1c(C)ccc([N+](=O)[O-])c1)[O-],Aaraaa{aarD{~B}~B}D{~B}~B,33.38,31.07,93.46,33.38
2-bromonaphthalene,c1c(Br)ccc2ccccc12,-4.4,c1cc2c(cc(Br)cc2)cc1,ara{Y}aaasaaaaars,45.37,83.87,77.47,45.37
Formetanate,CNC(=O)Oc1cccc(N=CN(C)C)c1,-2.34,CN(C=Nc1cc(ccc1)OC(NC)=O)C,ADA{~B}Baraaaa{D~AD{A}A}ar,29.74,0.2974,78.06,29.74
6-methoxypteridine,COc2cnc1ncncc1n2,-1.139,c1(nc2c(nc1)ncnc2)OC,ABasadardadaards,20.63,60.85,23.9,20.63
nevirapine,Cc3ccnc4N(C1CC1)c2ncccc2C(=O)Nc34,-3.19,c12N(c3c(c(C)ccn3)NC(=O)c1cccn2)C1CC1,AataadauD{ArAAr}asdaaaasA{~B}Datu,36.19,23.88,99.33,36.19
Isazofos,CCOP(=S)(OCC)Oc1nc(Cl)n(n1)C(C)C,-3.658,C(C)OP(=S)(OCC)Oc1nc(n(n1)C(C)C)Cl,AABF{~E}{BAA}Barda{Z}d{dr}A{A}A,39.74,95.84,98.03,39.74
"2-Methyl-1,3-Butadiene",CC(=C)C=C,-2.03,C(=C)(C)C=C,AA{~A}A~A,27.39,6.059,64.79,27.39
linalool,CC(C)=CCCC(O)(C)C=C,-1.99,C(C=C(C)C)CC(C)(C=C)O,AA{A}~AAAA{B}{A}A~A,27.09,6.803,62.96,27.09
Fenthion,COP(=S)(OC)Oc1ccc(SC)c(C)c1,-4.57,c1cc(cc(c1SC)C)OP(OC)(=S)OC,ABF{~E}{BA}Baraaa{EA}a{A}ar,46.66,81.13,70.37,46.66
Cyclohexanol,OC1CCCCC1,-0.44,C1CCCCC1O,BArAAAAAr,15.33,65.77,3.12,15.33
5-Allyl-5-methylbarbital,O=C1NC(=O)NC(=O)C1(C)CC=C,-1.16,C(CC1(C(NC(NC1=O)=O)=O)C)=C,B~ArDA{~B}DA{~B}Ar{A}AA~A,20.79,60.7,24.76,20.79
Epiandrosterone,CC34CCC1C(CCC2CC(O)CCC12C)C3CCC4=O,-4.16,O=C1C2(CCC3C4(C)CCC(O)CC4CCC3C2CC1)C,AAtuAAArA{AAAsAA{B}AAArsA}AtAAAu~B,43.55,87.74,86.23,43.55
mannitol,OCC(O)C(O)C(O)C(O)CO,0.06,C(C(O)C(O)C(C(O)CO)O)O,BAA{B}A{B}A{B}A{B}AB,11.53,69.3,0.369,11.53
4-Methylbiphenyl,Cc1ccc(cc1)c2ccccc2,-4.62,c1(ccccc1)-c1ccc(C)cc1,Aaraaa{aar}asaaaaas,47.04,80.32,68.17,47.04
Atrazine,CCNc1nc(Cl)nc(NC(C)C)n1,-3.85,Clc1nc(NCC)nc(NC(C)C)n1,AADarda{Z}da{DA{A}A}dr,41.2,92.74,94.7,41.2
Phenylthiourea,NC(=S)Nc1ccccc1,-1.77,c1cc(NC(N)=S)ccc1,DA{~E}Daraaaaar,25.42,10.89,52.62,25.42
4-Heptanone,CCCC(=O)CCC,-1.3,C(CC)C(CCC)=O,AAAA{~B}AAA,21.85,19.63,30.73,21.85
"3,3-Dimethyl-2-butanone",CC(=O)C(C)(C)C,-0.72,CC(C)(C(C)=O)C,AA{~B}A{A}{A}A,17.45,63.8,9.368,17.45
4-Chlorophenol,Oc1ccc(Cl)cc1,-0.7,c1c(O)ccc(Cl)c1,Baraaa{Z}aar,17.3,63.94,8.82,17.3
Cyclohexanone,O=C1CCCCC1,-0.6,C1C(=O)CCCC1,B~ArAAAAAr,16.54,64.65,6.307,16.54
m-Methylaniline,Cc1cccc(N)c1,-0.85,c1ccc(cc1N)C,Aaraaaa{D}ar,18.44,62.89,13.28,18.44
Trichloroacetonitrile,ClC(Cl)(Cl)C#N,-2.168,C(Cl)(Cl)(Cl)C#N,ZA{Z}{Z}A^D,28.44,3.494,70.93,28.44
norflurazon,CNc2cnn(c1cccc(c1)C(F)(F)F)c(=O)c2Cl,-4.046,FC(F)(c1cccc(-n2c(c(Cl)c(cn2)NC)=O)c1)F,ADasadd{araaaa{ar}A{G}{G}G}a{~B}asZ,42.69,89.58,89.75,42.69
2-Decanone,CCCCCCCCC(=O)C,-3.3,C(CCCCC)CCC(C)=O,AAAAAAAAA{~B}A,37.03,21.75,99.91,37.03
Ipazine,CCN(CC)c1nc(Cl)nc(NC(C)C)n1,-3.785,c1(N(CC)CC)nc(nc(Cl)n1)NC(C)C,AAD{AA}arda{Z}da{DA{A}A}dr,40.71,93.79,96.0,40.71
Benzocaine,CCOC(=O)c1ccc(N)cc1,-2.616,c1(C(OCC)=O)ccc(cc1)N,AABA{~B}araaa{D}aar,31.84,35.03,87.86,31.84
"1,2,4-Trichlorobenzene",Clc1ccc(Cl)c(Cl)c1,-3.59,Clc1cc(c(cc1)Cl)Cl,Zaraaa{Z}a{Z}ar,39.23,96.94,98.83,39.23
Triazolam,Cc3nnc4CN=C(c1ccccc1Cl)c2cc(Cl)ccc2n34,-4.09,c1cc(c(C2c3cc(ccc3-n3c(nnc3CN=2)C)Cl)cc1)Cl,AatddauAD~A{araaaaarZ}asaa{Z}aaasdtu,43.02,88.87,88.45,43.02
"1,2-Benzenediol",Oc1ccccc1O,0.62,c1(c(O)cccc1)O,BaraaaaarB,7.284,73.24,10.36,7.284
Reverse Transcriptase inhibitor 1,CCN2c1ncccc1N(C)C(=O)c3cccnc23,-2.62,c12cccnc1N(CC)c1ncccc1C(=O)N2C,AADsardaaaarD{A}A{~B}ataaadast,31.87,34.95,87.99,31.87
Dimethyl sulfide,CSC,-0.45,S(C)C,AEA,15.4,65.7,3.288,15.4
2-Bromotoluene,Cc1ccccc1Br,-2.23,c1(c(cccc1)C)Br,AaraaaaarY,28.91,2.342,73.58,28.91
O-Ethyl carbamate,CCOC(=O)N,0.85,NC(=O)OCC,AABA{~B}D,5.539,74.86,17.94,5.539
megestrol acetate,CC(=O)OC3(CCC4C2C=C(C)C1=CC(=O)CCC1(C)C2CCC34C)C(C)=O,-5.35,CC1=CC2C(C3(C1=CC(=O)CC3)C)CCC1(C)C(CCC21)(OC(C)=O)C(=O)C,AA{~B}BAt{AAAuAsA~A{A}Ar~AA{~B}AAAr{A}AsAAAtuA}A{A}~B,52.58,57.99,34.07,52.58
"2,4-Dimethyl-3-pentanol",CC(C)C(O)C(C)C,-1.22,CC(C)C(C(C)C)O,AA{A}A{B}A{A}A,21.24,60.28,27.27,21.24
Napthalene,c1ccc2ccccc2c1,-3.6,c12c(cccc1)cccc2,araaasaaaaasar,39.3,96.77,98.72,39.3
N-Ethylaniline,CCNc1ccccc1,-1.7,c1cc(ccc1)NCC,AADaraaaaar,24.89,12.19,49.28,24.89
Phenytoin,O=C1NC(=O)C(N1)(c2ccccc2)c3ccccc3,-4.097,c1cccc(C2(NC(NC2=O)=O)c2ccccc2)c1,B~ArDA{~B}A{Dr}{asaaaaas}ataaaaat,43.07,88.76,88.23,43.07
"7,12-Dimethylbenz(a)anthracene",Cc1c2ccccc2c(C)c3ccc4ccccc4c13,-7.02,Cc1c2c(cccc2)c(c2c3ccccc3ccc12)C,Aarasaaaaasa{A}ataaauaaaaauart,65.25,53.18,2.957,65.25
Dialifor,CCOP(=S)(OCC)SC(CCl)N1C(=O)c2ccccc2C1=O,-6.34,c12ccccc2C(=O)N(C(CCl)SP(=S)(OCC)OCC)C1=O,AABF{~E}{BAA}EA{AZ}DrA{~B}asaaaaasAr~B,60.09,55.14,2.274,60.09
Methoxychlor,COc1ccc(cc1)C(c2ccc(OC)cc2)C(Cl)(Cl)Cl,-6.89,c1cc(ccc1OC)C(c1ccc(OC)cc1)C(Cl)(Cl)Cl,ABaraaa{aar}A{asaaa{BA}aas}A{Z}{Z}Z,64.26,53.55,1.223,64.26
TEFLUBENZURON,Fc1cccc(F)c1C(=O)NC(=O)Nc2cc(Cl)c(F)c(Cl)c2F,-7.28,Fc1c(Cl)c(c(cc1Cl)NC(=O)NC(=O)c1c(F)cccc1F)F,Garaaaa{G}arA{~B}DA{~B}Dasaa{Z}a{G}a{Z}asG,67.22,52.43,8.551,67.22
3-Pentanoyloxymethylphenytoin,O=C1N(COC(=O)CCCC)C(=O)C(N1)(c2ccccc2)c3ccccc3,-4.678,c1cc(ccc1)C1(C(N(COC(=O)CCCC)C(=O)N1)=O)c1ccccc1,B~ArD{ABA{~B}AAAA}A{~B}A{Dr}{asaaaaas}ataaaaat,47.48,59.92,65.56,47.48
Monuron,CN(C)C(=O)Nc1ccc(Cl)cc1,-2.89,c1(Cl)ccc(NC(=O)N(C)C)cc1,AD{A}A{~B}Daraaa{Z}aar,33.92,29.71,95.01,33.92
Flutriafol,OC(Cn1cncn1)(c2ccc(F)cc2)c3ccccc3F,-3.37,n1(CC(c2ccc(cc2)F)(O)c2c(cccc2)F)ncnc1,BA{Adradadr}{asaaa{G}aas}ataaaaatG,37.56,20.39,100.0,37.56
triamcinolone diacetate,CC(=O)OCC(=O)C3(O)C(CC4C2CCC1=CC(=O)C=CC1(C)C2(F)C(O)CC34C)OC(C)=O,-4.13,C1(OC(=O)C)C(C2(C)C(C3CCC4=CC(=O)C=CC4(C)C3(C(C2)O)F)C1)(O)C(COC(C)=O)=O,AA{~B}BAA{~B}At{B}A{AAuAsAAAr~AA{~B}A~AAr{A}As{G}A{B}AAtuA}BA{A}~B,43.32,88.23,87.2,43.32
1-Bromobutane,CCCCBr,-2.37,BrCCCC,AAAAY,29.97,39.81,79.23,29.97
"1,2,4,5-Tetrabromobenzene",Brc1cc(Br)c(Br)cc1Br,-6.98,Brc1c(cc(Br)c(Br)c1)Br,Yaraa{Y}a{Y}aarY,64.95,53.29,2.345,64.95
4-Methyl-2-pentanone,CC(C)CC(=O)C,-0.74,C(CC(C)C)(=O)C,AA{A}AA{~B}A,17.6,63.66,9.931,17.6
cycloate,CCSC(=O)N(CC)C1CCCCC1,-3.4,O=C(N(CC)C1CCCCC1)SCC,AAEA{~B}D{AA}ArAAAAAr,37.78,100.0,99.97,37.78
4-Chloroanisole,COc1ccc(Cl)cc1,-2.78,c1(ccc(cc1)Cl)OC,ABaraaa{Z}aar,33.08,31.84,92.49,33.08
Deltamethrin,CC1(C)C(C=C(Br)Br)C1C(=O)OC(C#N)c2cccc(Oc3ccccc3)c2,-8.402000000000001,c1cc(C(OC(=O)C2C(C)(C2C=C(Br)Br)C)C#N)cc(Oc2ccccc2)c1,AAr{A}A{A~A{Y}Y}ArA{~B}BA{A^D}asaaaa{Bataaaaat}as,75.74,49.2,54.62,75.74
Talbutal,CCC(C)C1(CC=C)C(=O)NC(=O)NC1=O,-2.016,C(CC1(C(C)CC)C(=O)NC(NC1=O)=O)=C,AAA{A}Ar{AA~A}A{~B}DA{~B}DAr~B,27.28,6.32,64.15,27.28
Fenitrothion,COP(=S)(OC)Oc1ccc(N(=O)=O)c(C)c1,-4.04,O=[N+](c1ccc(OP(=S)(OC)OC)cc1C)[O-],ABF{~E}{BA}Baraaa{D{~B}~B}a{A}ar,42.64,89.68,89.93,42.64
1-Iodonapthalene,Ic1cccc2ccccc12,-4.55,c12ccccc1cccc2I,Haraaaasaaaaars,46.51,81.45,71.23,46.51
Sorbitol,OCC(O)C(O)C(O)C(O)CO,1.09,OC(C(C(CO)O)O)C(O)CO,BAA{B}A{B}A{B}A{B}AB,3.718,76.55,27.48,3.718
Ethanethiol,CCS,-0.6,SCC,AAE,16.54,64.65,6.307,16.54
"1,1,2-Trichloroethane",ClCC(Cl)Cl,-1.48,ClC(Cl)CCl,ZAA{Z}Z,23.22,16.28,38.89,23.22
Pyrolan,CN(C)C(=O)Oc1cc(C)nn1c2ccccc2,-2.09,C(=O)(Oc1n(-c2ccccc2)nc(C)c1)N(C)C,AD{A}A{~B}Baraa{A}ddrasaaaaas,27.85,4.944,67.5,27.85
o-Hydroxybenzamide,NC(=O)c1ccccc1O,-1.82,NC(c1ccccc1O)=O,DA{~B}araaaaarB,25.8,9.963,55.0,25.8
o-Nitrotoluene,Cc1ccccc1N(=O)=O,-2.33,c1(C)ccccc1[N+](=O)[O-],AaraaaaarD{~B}~B,29.67,0.4833,77.67,29.67
"5,5-Diisopropylbarbital",O=C1NC(=O)NC(=O)C1(C(C)C)C(C)C,-2.766,C1(NC(=O)NC(=O)C1(C(C)C)C(C)C)=O,B~ArDA{~B}DA{~B}Ar{A{A}A}A{A}A,32.97,32.12,92.13,32.97
2-Ethyltoluene,CCc1ccccc1C,-3.21,Cc1ccccc1CC,AAaraaaaarA,36.34,23.5,99.47,36.34
1-Chloroheptane,CCCCCCCCl,-4.0,C(CCCCCCl)C,AAAAAAAZ,42.34,90.32,91.04,42.34
Barbital,O=C1NC(=O)NC(=O)C1(CC)CC,-2.4,C(C)C1(C(=O)NC(NC1=O)=O)CC,B~ArDA{~B}DA{~B}Ar{AA}AA,30.2,39.22,80.38,30.2
Bibenzyl,C(Cc1ccccc1)c2ccccc2,-4.62,c1(CCc2ccccc2)ccccc1,A{Aaraaaaar}asaaaaas,47.04,80.32,68.17,47.04
"1,1,2,2-Tetrachloroethane",ClC(Cl)C(Cl)Cl,-1.74,C(Cl)(C(Cl)Cl)Cl,ZA{Z}A{Z}Z,25.19,11.45,51.19,25.19
RTI 23,CCN2c1cc(OC)cc(C)c1NC(=O)c3cccnc23,-5.153,c1(C)c2NC(=O)c3cccnc3N(CC)c2cc(OC)c1,AADsaraa{BA}aa{A}arDA{~B}ataaadast,51.08,58.55,43.2,51.08
2-Methylphenanthrene,Cc1ccc2c(ccc3ccccc32)c1,-5.84,c1cc2c3c(ccc2cc1C)cccc3,Aaraaasa{aaataaaaats}ar,56.3,56.58,14.43,56.3
dibutylphthalate,CCCCOC(=O)c1ccccc1C(=O)OCCCC,-4.4,c1(C(=O)OCCCC)ccccc1C(OCCCC)=O,AAAABA{~B}araaaaarA{~B}BAAAA,45.37,83.87,77.47,45.37
tetrachloroguaiacol,COc1c(O)c(Cl)c(Cl)c(Cl)c1Cl,-4.02,Clc1c(c(Cl)c(O)c(c1Cl)OC)Cl,ABara{B}a{Z}a{Z}a{Z}arZ,42.49,90.0,90.49,42.49
Dimecron,CCN(CC)C(=O)C(=CCOP(=O)(OC)OC)Cl,0.523,COP(=O)(OC)OCC=C(Cl)C(N(CC)CC)=O,AAD{AA}A{~B}A{~AABF{~B}{BA}BA}Z,8.02,72.56,7.717,8.02
Equilin,CC34CCC1C(=CCc2cc(O)ccc12)C3CCC4=O,-5.282,C1(C2(CCC3C(=CCc4c3ccc(c4)O)C2CC1)C)=O,AAtuAAArA{~AAasaa{B}aaars}AtAAAu~B,52.06,58.18,37.18,52.06
Chlorimuron-ethyl (ph 7),CCOC(=O)c1ccccc1S(=O)(=O)NN(C=O)c2nc(Cl)cc(OC)n2,-4.5760000000000005,c1cc(c(cc1)C(=O)OCC)S(NN(C=O)c1nc(Cl)cc(OC)n1)(=O)=O,AABA{~B}araaaaarE{~B}{~B}DD{A~B}asda{Z}aa{BA}ds,46.71,81.03,70.1,46.71
p-Nitroanisole,COc1ccc(cc1)N(=O)=O,-2.41,O(c1ccc(cc1)[N+](=O)[O-])C,ABaraaa{aar}D{~B}~B,30.27,39.03,80.76,30.27
1-Chlorohexane,CCCCCCCl,-3.12,C(CCl)CCCC,AAAAAAZ,35.66,25.24,98.67,35.66
"2,2',3,3',4,4',5,5'-PCB",Clc1cc(c(Cl)c(Cl)c1Cl)c2cc(Cl)c(Cl)c(Cl)c2Cl,-9.16,Clc1c(c(Cl)cc(c1Cl)-c1c(c(c(Cl)c(Cl)c1)Cl)Cl)Cl,Zaraa{a{Z}a{Z}arZ}asaa{Z}a{Z}a{Z}asZ,81.49,47.02,86.39,81.49
Raffinose,OCC1OC(CO)(OC2OC(COC3OC(CO)C(O)C(O)C3O)C(O)C(O)C2O)C(O)C1O,-0.41,C(OC1C(O)C(C(O)C(O1)CO)O)C1C(O)C(C(C(OC2(CO)C(O)C(C(O2)CO)O)O1)O)O,BAArBA{AB}{BAsBA{ABAtBA{AB}A{B}A{B}AtB}A{B}A{B}AsB}A{B}ArB,15.1,65.99,2.642,15.1
hexacosane,CCCCCCCCCCCCCCCCCCCCCCCCCC,-8.334,C(CCCCCCCCCCCCCCCCCCCCCCC)CC,AAAAAAAAAAAAAAAAAAAAAAAAAA,75.22,49.4,51.38,75.22
RTI 5,CCN2c1ccccc1N(C)C(=O)c3cccnc23,-3.324,c12C(N(c3ccccc3N(CC)c2nccc1)C)=O,AADsaraaaaarD{A}A{~B}ataaadast,37.21,21.28,99.97,37.21
"1,1-Dichloroethane",CC(Cl)Cl,-1.29,C(Cl)(Cl)C,AA{Z}Z,21.78,19.81,30.29,21.78
Sulfanilamide,Nc1ccc(cc1)S(N)(=O)=O,-1.34,O=S(N)(c1ccc(cc1)N)=O,Daraaa{aar}E{D}{~B}~B,22.15,18.88,32.5,22.15
Isopropalin,CCCN(CCC)c1c(cc(cc1N(=O)=O)C(C)C)N(=O)=O,-6.49,c1c([N+]([O-])=O)c(c(cc1C(C)C)[N+]([O-])=O)N(CCC)CCC,AAAD{AAA}ara{aa{aarD{~B}~B}A{A}A}D{~B}~B,61.23,54.71,0.6363,61.23
Lindane,ClC1C(Cl)C(Cl)C(Cl)C(Cl)C1Cl,-4.64,ClC1C(Cl)C(C(C(C1Cl)Cl)Cl)Cl,ZArA{Z}A{Z}A{Z}A{Z}ArZ,47.19,80.0,67.28,47.19
Isofenphos,CCOP(=S)(NC(C)C)Oc1ccccc1C(=O)OC(C)C,-4.194,P(NC(C)C)(=S)(Oc1c(C(OC(C)C)=O)cccc1)OCC,AABF{~E}{DA{A}A}BaraaaaarA{~B}BA{A}A,43.81,87.19,85.09,43.81
"1,2,3-Trichlorobenzene",Clc1cccc(Cl)c1Cl,-4.0,c1(Cl)c(Cl)c(Cl)ccc1,Zaraaaa{Z}arZ,42.34,90.32,91.04,42.34
Tetrachloromethane,ClC(Cl)(Cl)Cl,-2.31,C(Cl)(Cl)(Cl)Cl,ZA{Z}{Z}Z,29.51,0.855,76.87,29.51
"3,4-Dichloronitrobenzene",O=N(=O)c1cc(Cl)c(Cl)cc1,-3.2,c1c(Cl)c(ccc1[N+]([O-])=O)Cl,B~D{~B}araa{Z}a{Z}aar,36.27,23.69,99.4,36.27
Cyclooctanol,OC1CCCCCCC1,-1.29,C1CCCCCCC1O,BArAAAAAAAr,21.78,19.81,30.29,21.78
17a-Methyltestosterone,CC1(O)CCC2C3CCC4=CC(=O)CCC4(C)C3CCC21C,-3.999,C1(O)(C2(C)CCC3C4(C(CCC3C2CC1)=CC(CC4)=O)C)C,AAr{B}AAAsAtAAAu~AA{~B}AAAu{A}AtAAAsrA,42.33,90.34,91.07,42.33
Dulcin,CCOc1ccc(NC(N)=O)cc1,-2.17,CCOc1ccc(cc1)NC(=O)N,AABaraaa{DA{D}~B}aar,28.45,3.457,71.02,28.45
"trans-1,4-Dimethylcyclohexane",C/C1CCC(\C)CC1,-4.47,C1CC(CCC1C)C,A|ArAAA{!A}AAr,45.9,82.74,74.62,45.9
"1,7-phenantroline",c1cnc2c(c1)ccc3ncccc23,-2.68,c1c2c(ncc1)c1c(nccc1)cc2,aradasa{ar}aaatdaaaast,32.32,33.79,89.78,32.32
Methyl t-butyl ether,COC(C)(C)C,-0.24,CC(C)(OC)C,ABA{A}{A}A,13.81,67.18,0.6747,13.81
Anethole,COc1ccc(C=CC)cc1,-3.13,O(C)c1ccc(C=CC)cc1,ABaraaa{A~AA}aar,35.74,25.05,98.78,35.74
1-Hexadecanol,CCCCCCCCCCCCCCCCO,-7.0,C(CCCCCCCCCC)CCCCCO,AAAAAAAAAAAAAAAAB,65.1,53.24,2.642,65.1
uracil,O=c1cc[nH]c(=O)[nH]1,-1.4880000000000002,c1cc([nH]c([nH]1)=O)=O,B~araa{dQ}a{~B}{dQ}r,23.28,16.13,39.26,23.28
adenine,Nc1ncnc2nc[nH]c12,-2.12,c1nc2c([nH]1)c(N)ncn2,Dardadasda{dQ}ars,28.07,4.387,68.83,28.07
"2,2',3,4,5-PCB",Clc1cc(Cl)c(cc1Cl)c2cccc(Cl)c2Cl,-7.21,c1ccc(c(c1-c1c(Cl)cc(Cl)c(Cl)c1)Cl)Cl,Zaraa{Z}a{aarZ}asaaaa{Z}asZ,66.69,52.63,6.778,66.69
Ancymidol,COc1ccc(cc1)C(O)(C2CC2)c3cncnc3,-2.596,n1cc(C(O)(c2ccc(OC)cc2)C2CC2)cnc1,ABaraaa{aar}A{B}{AsAAs}atadadat,31.68,35.42,87.23,31.68
Benzo(b)fluoranthene,c1ccc2c(c1)c3cccc4c3c2cc5ccccc54,-8.23,c1cccc2-c3cc4ccccc4c4cccc(-c12)c43,araaasa{ar}ataaaauatasaavaaaaavu,74.43,49.7,46.43,74.43
Carbanilide,O=C(Nc1ccccc1)Nc2ccccc2,-3.15,C(=O)(Nc1ccccc1)Nc1ccccc1,B~A{Daraaaaar}Dasaaaaas,35.89,24.66,98.98,35.89
phenobarbital,CCC1(C(=O)NC(=O)NC1=O)c2ccccc2,-2.322,c1(ccccc1)C1(C(NC(=O)NC1=O)=O)CC,AAAr{A{~B}DA{~B}DAr~B}asaaaaas,29.61,0.632,77.35,29.61
"2',3,4-PCB",Clc1ccc(cc1)c2cccc(Cl)c2Cl,-6.29,Clc1c(Cl)c(-c2ccc(cc2)Cl)ccc1,Zaraaa{aar}asaaaa{Z}asZ,59.71,55.28,3.038,59.71
Isoproturon,CC(C)c1ccc(NC(=O)N(C)C)cc1,-3.536,c1c(NC(N(C)C)=O)ccc(C(C)C)c1,AA{A}araaa{DA{~B}D{A}A}aar,38.82,97.81,99.32,38.82
Azintamide,CCN(CC)C(=O)CSc1ccc(Cl)nn1,-1.716,n1c(ccc(SCC(=O)N(CC)CC)n1)Cl,AAD{AA}A{~B}AEaraaa{Z}ddr,25.01,11.9,50.05,25.01
"2,2-Dimethyl-1-butanol",CCC(C)(C)CO,-1.04,C(C(C)(CO)C)C,AAA{A}{A}AB,19.88,61.55,20.0,19.88
Ethyl pentanoate,CCCOC(=O)CCC,-1.75,C(C)COC(CCC)=O,AAABA{~B}AAA,25.27,11.26,51.67,25.27
"2,4,6-Trinitrotoluene",Cc1c(cc(cc1N(=O)=O)N(=O)=O)N(=O)=O,-3.22,c1(c(C)c(cc(c1)[N+](=O)[O-])[N+]([O-])=O)[N+](=O)[O-],Aara{aa{aarD{~B}~B}D{~B}~B}D{~B}~B,36.42,23.3,99.54,36.42
Bensulide,CC(C)OP(=S)(OC(C)C)SCCNS(=O)(=O)c1ccccc1,-4.2,c1c(cccc1)S(=O)(=O)NCCSP(=S)(OC(C)C)OC(C)C,AA{A}BF{~E}{BA{A}A}EAADE{~B}{~B}araaaaar,43.85,87.1,84.89,43.85
Cycloheptane,C1CCCCCC1,-3.51,C1CCCCCC1,ArAAAAAAr,38.62,98.23,99.51,38.62
Propyl formate,CCCOC=O,-0.49,C(C)COC=O,AAABA~B,15.71,65.42,4.002,15.71
2-Isopropyltoluene,CC(C)c1ccccc1C,-3.76,c1cccc(C)c1C(C)C,AA{A}araaaaarA,40.52,94.19,96.45,40.52
m-Chloroaniline,Nc1cccc(Cl)c1,-1.37,c1ccc(N)cc1Cl,Daraaaa{Z}ar,22.38,18.33,33.85,22.38
"2,4-Dimethylpentane",CC(C)CC(C)C,-4.26,C(C)(C)CC(C)C,AA{A}AA{A}A,44.31,86.13,82.78,44.31
Dibenzofurane,o1c2ccccc2c3ccccc13,-4.6,c1cc2c(oc3c2cccc3)cc1,brasaaaaasataaaaart,46.89,80.65,69.05,46.89
ethofumesate,CCOC2Oc1ccc(OS(C)(=O)=O)cc1C2(C)C,-3.42,CS(=O)(Oc1ccc2OC(OCC)C(c2c1)(C)C)=O,AABAsBaraaa{BE{A}{~B}~B}aarAs{A}A,37.94,99.68,99.92,37.94
Fluometuron,CN(C)C(=O)Nc1cccc(c1)C(F)(F)F,-3.43,c1(C(F)(F)F)cccc(c1)NC(N(C)C)=O,AD{A}A{~B}Daraaaa{ar}A{G}{G}G,38.01,99.52,99.9,38.01
Acridine,c3ccc2nc1ccccc1cc2c3,-3.67,c1cc2c(cc3c(n2)cccc3)cc1,ataaasdaraaaaaraasat,39.83,95.65,97.87,39.83
Cortisone,CC12CC(=O)C3C(CCC4=CC(=O)CCC34C)C2CCC1(O)C(=O)CO,-3.11,C(C1(CCC2C3CCC4=CC(=O)CCC4(C)C3C(CC12C)=O)O)(=O)CO,AArsAA{~B}AtA{AAAu~AA{~B}AAAtuA}AsAAAr{B}A{~B}AB,35.58,25.44,98.56,35.58
glucose,OCC1OC(O)C(O)C(O)C1O,0.74,C1(OC(O)C(O)C(O)C1O)CO,BAArBA{B}A{B}A{B}ArB,6.373,74.08,14.1,6.373
3-Methylphenol,Cc1cccc(O)c1,-0.68,c1(cccc(c1)C)O,Aaraaaa{B}ar,17.15,64.08,8.286,17.15
Indapamide,CC2Cc1ccccc1N2NC(=O)c3ccc(Cl)c(c3)S(N)(=O)=O,-3.5860000000000003,Clc1c(cc(cc1)C(=O)NN1c2ccccc2CC1C)S(=O)(N)=O,AAsAaraaaaarDsDA{~B}ataaa{Z}a{at}E{D}{~B}~B,39.2,97.0,98.87,39.2
Lovastatin,CCC(C)C(=O)OC2CC(C)C=C3C=CC(C)C(CCC1CC(O)CC(=O)O1)C23,-6.005,C(C1OC(=O)CC(O)C1)CC1C(C=CC2=CC(CC(OC(=O)C(CC)C)C21)C)C,AAA{A}A{~B}BAsAA{A}A~AtA~AA{A}A{AAArAA{B}AA{~B}Br}Ast,57.55,56.1,9.368,57.55
"1,4-Dinitrobenzene",O=N(=O)c1ccc(cc1)N(=O)=O,-3.39,[O-][N+](=O)c1ccc(cc1)[N+]([O-])=O,B~D{~B}araaa{aar}D{~B}~B,37.71,20.0,99.98,37.71
Reposal,CCC1(C(=O)NC(=O)NC1=O)C2=CCC3CCC2C3,-2.696,C1C2CC(C1)C(=CC2)C1(CC)C(NC(=O)NC1=O)=O,AAAr{A{~B}DA{~B}DAr~B}As~AAAtAAAsAt,32.44,33.48,90.24,32.44
Ethyl decanoate,CCCCCCCCCC(=O)OCC,-4.1,C(CCCCCC(OCC)=O)CCC,AAAAAAAAAA{~B}BAA,43.1,88.71,88.14,43.1
Fenuron,CN(C)C(=O)Nc1ccccc1,-1.6,c1cccc(NC(N(C)C)=O)c1,AD{A}A{~B}Daraaaaar,24.13,14.05,44.53,24.13
Ethyl propyl ether,CCCOCC,-0.66,C(C)COCC,AAABAA,17.0,64.23,7.768,17.0
2-Propanol,CC(C)O,0.43,C(C)(O)C,AA{A}B,8.725,71.9,5.52,8.725
2-Methylnapthalene,Cc1ccc2ccccc2c1,-3.77,c1cc(C)cc2ccccc12,Aaraaasaaaaasar,40.59,94.03,96.27,40.59
Chlorodibromethane,ClC(Br)Br,-1.9,BrC(Br)Cl,ZA{Y}Y,26.4,8.476,58.77,26.4
Hexestrol,CCC(C(CC)c1ccc(O)cc1)c2ccc(O)cc2,-4.43,c1(O)ccc(C(C(c2ccc(O)cc2)CC)CC)cc1,AAA{A{AA}araaa{B}aar}asaaa{B}aas,45.6,83.39,76.26,45.6
Malathion,CCOC(=O)CC(SP(=S)(OC)OC)C(=O)OCC,-3.37,COP(SC(C(OCC)=O)CC(OCC)=O)(=S)OC,AABA{~B}AA{EF{~E}{BA}BA}A{~B}BAA,37.56,20.39,100.0,37.56
Benzylchloride,ClCc1ccccc1,-2.39,c1ccc(CCl)cc1,ZAaraaaaar,30.12,39.42,80.0,30.12
t-Crotonaldehyde,C/C=C/C=O,0.32,C(\C=O)=C/C,A|A~A|A~B,9.56,71.13,3.374,9.56
Chlorbromuron,CON(C)C(=O)Nc1ccc(Br)c(Cl)c1,-3.924,c1(c(cc(cc1)NC(N(C)OC)=O)Cl)Br,ABD{A}A{~B}Daraaa{Y}a{Z}ar,41.76,91.55,93.0,41.76
"9,10-Dimethylanthracene",Cc1c2ccccc2c(C)c3ccccc13,-6.57,c12c(cccc2)c(c2ccccc2c1C)C,Aarasaaaaasa{A}ataaaaart,61.84,54.47,0.1739,61.84
Methyl hexanoate,CCCCCC(=O)OC,-1.87,C(=O)(CCCCC)OC,AAAAAA{~B}BA,26.18,9.033,57.36,26.18
Dimefuron,CN(C)C(=O)Nc1ccc(c(Cl)c1)n2nc(oc2=O)C(C)(C)C,-4.328,CC(C)(C)c1nn(-c2c(cc(NC(=O)N(C)C)cc2)Cl)c(o1)=O,AD{A}A{~B}Daraaa{a{Z}ar}dsda{bas~B}A{A}{A}A,44.83,85.03,80.27,44.83
p-Fluoroacetanilide,CC(=O)Nc1ccc(F)cc1,-1.78,c1(ccc(NC(C)=O)cc1)F,AA{~B}Daraaa{G}aar,25.49,10.71,53.1,25.49
alachlor,CCc1cccc(CC)c1N(COC)C(=O)CCl,-3.26,O=C(CCl)N(COC)c1c(CC)cccc1CC,AAaraaaa{AA}arD{ABA}A{~B}AZ,36.72,22.52,99.76,36.72
Cyclohexene,C1CCC=CC1,-2.59,C1CCCCC=1,ArAAA~AAr,31.64,35.53,87.04,31.64
Hydrocortisone,CC12CC(O)C3C(CCC4=CC(=O)CCC34C)C2CCC1(O)C(=O)CO,-3.09,C1CC(O)(C(=O)CO)C2(C1C1C(C(C2)O)C2(C)C(=CC(CC2)=O)CC1)C,AArsAA{B}AtA{AAAu~AA{~B}AAAtuA}AsAAAr{B}A{~B}AB,35.43,25.83,98.32,35.43
Pyrimidine,c1cncnc1,1.1,c1ncncc1,aradadar,3.642,76.62,27.91,3.642
p-Chloronitrobenzene,Clc1ccc(cc1)N(=O)=O,-2.92,c1cc([N+](=O)[O-])ccc1Cl,Zaraaa{aar}D{~B}~B,34.14,29.13,95.62,34.14
Methyl propionate,CCC(=O)OC,-0.14,C(=O)(OC)CC,AAA{~B}BA,13.05,67.89,0.1194,13.05
o-Chloronitrobenzene,Clc1ccccc1N(=O)=O,-2.55,c1cccc(c1[N+]([O-])=O)Cl,ZaraaaaarD{~B}~B,31.34,36.31,85.73,31.34
Neburon,CCCCN(C)C(=O)Nc1ccc(Cl)c(Cl)c1,-4.77,Clc1c(ccc(NC(N(C)CCCC)=O)c1)Cl,AAAAD{A}A{~B}Daraaa{Z}a{Z}ar,48.18,59.65,61.34,48.18
Buthidazole,CN1CC(O)N(C1=O)c2nnc(s2)C(C)(C)C,-1.877,OC1CN(C)C(N1c1nnc(C(C)(C)C)s1)=O,ADrAA{B}D{Ar~B}asdda{es}A{A}{A}A,26.23,8.903,57.69,26.23
Nitrobenzene,O=N(=O)c1ccccc1,-1.8,c1([N+]([O-])=O)ccccc1,B~D{~B}araaaaar,25.64,10.33,54.05,25.64
Iodobenzene,Ic1ccccc1,-3.01,c1ccc(cc1)I,Haraaaaar,34.83,27.38,97.2,34.83
Metolazone,CC2Nc1cc(Cl)c(cc1C(=O)N2c3ccccc3C)S(N)(=O)=O,-3.78,c1(N2C(Nc3cc(Cl)c(cc3C2=O)S(=O)(N)=O)C)c(cccc1)C,AAsDaraa{Z}a{aarA{~B}DsataaaaatA}E{D}{~B}~B,40.67,93.87,96.09,40.67
Methocarbamol,COc1ccccc1OCC(O)COC(N)=O,-0.985,c1cc(OC)c(OCC(COC(N)=O)O)cc1,ABaraaaaarBAA{B}ABA{D}~B,19.46,61.94,17.94,19.46
butachlor,CCCCOCN(C(=O)CCl)c1c(CC)cccc1CC,-4.19,c1(cccc(CC)c1N(C(CCl)=O)COCCCC)CC,AAAABAD{A{~B}AZ}ara{AA}aaaarAA,43.78,87.26,85.23,43.78
"2,3-Dichlorophenol",Oc1cccc(Cl)c1Cl,-1.3,c1c(c(Cl)c(cc1)Cl)O,Baraaaa{Z}arZ,21.85,19.63,30.73,21.85
Propyl butyrate,CCCC(=O)OC,-1.92,O(C)C(=O)CCC,AAAA{~B}BA,26.56,8.104,59.71,26.56
Propanil,CCC(=O)Nc1ccc(Cl)c(Cl)c1,-3.0,CCC(=O)Nc1cc(Cl)c(cc1)Cl,AAA{~B}Daraaa{Z}a{Z}ar,34.75,27.57,97.04,34.75
Triamterene,Nc3nc(N)c2nc(c1ccccc1)c(N)nc2n3,-2.404,Nc1nc2nc(nc(N)c2nc1-c1ccccc1)N,Datda{D}asda{araaaaar}a{D}dasdt,30.23,39.15,80.53,30.23
Ethyl hexanoate,CCCCCC(=O)OCC,-2.35,O=C(OCC)CCCCC,AAAAAA{~B}BAA,29.82,0.1115,78.46,29.82
chloralose,OCC(O)C2OC1OC(OC1C2O)C(Cl)(Cl)Cl,-1.84,ClC(C1OC2C(O)C(OC2O1)C(O)CO)(Cl)Cl,BAA{B}AsBArBA{BArAsB}A{Z}{Z}Z,25.95,9.591,55.94,25.95
Amitraz,CN(C=Nc1ccc(C)cc1C)C=Nc2ccc(C)cc2C,-5.47,C(N(C=Nc1ccc(cc1C)C)C)=Nc1ccc(cc1C)C,AD{A~Daraaa{A}aarA}A~Dasaaa{A}aasA,53.49,57.64,28.77,53.49
Prometon,COc1nc(NC(C)C)nc(NC(C)C)n1,-2.478,CC(Nc1nc(nc(NC(C)C)n1)OC)C,ABarda{DA{A}A}da{DA{A}A}dr,30.79,37.71,83.25,30.79
1-Octene,CCCCCCC=C,-4.44,C(CCC=C)CCC,AAAAAAA~A,45.68,83.23,75.86,45.68
p-Methylaniline,Cc1ccc(N)cc1,-1.21,c1c(C)ccc(c1)N,Aaraaa{D}aar,21.17,60.35,26.85,21.17
aminothiazole,Nc1nccs1,-0.36,c1(N)nccs1,Dardaaer,14.72,66.34,1.932,14.72
Metolcarb,c1ccccc1(OC(=O)NC),-1.803,c1(OC(NC)=O)ccccc1,araaaaar{BA{~B}DA},25.67,10.28,54.19,25.67
3-Hexanol,CCCC(O)CC,-0.8,CCC(CCC)O,AAAA{B}AA,18.06,63.24,11.71,18.06
9-anthrol,c3ccc2c(O)c1ccccc1cc2c3,-4.73,c1c2c(ccc1)c(c1ccccc1c2)O,ataaasa{B}araaaaaraasat,47.88,59.77,63.19,47.88
2-Methylanthracene,Cc1ccc2cc3ccccc3cc2c1,-6.96,Cc1ccc2cc3c(cccc3)cc2c1,Aaraaasaataaaaataasar,64.8,53.35,2.065,64.8
"1,2,3-Trimethylbenzene",Cc1cccc(C)c1C,-3.2,Cc1c(C)c(ccc1)C,Aaraaaa{A}arA,36.27,23.69,99.4,36.27
Aminocarb,CNC(=O)Oc1ccc(N(C)C)c(C)c1,-2.36,Cc1cc(OC(=O)NC)ccc1N(C)C,ADA{~B}Baraaa{D{A}A}a{A}ar,29.89,40.0,78.85,29.89
2-Nonanol,CCCCCCCC(C)O,-2.74,C(CC)CCCCC(C)O,AAAAAAAA{A}B,32.78,32.62,91.45,32.78
Methyldymron,CN(C(=O)NC(C)(C)c1ccccc1)c2ccccc2,-3.35,c1cc(C(C)(NC(N(c2ccccc2)C)=O)C)ccc1,AD{A{~B}DA{A}{A}araaaaar}asaaaaas,37.41,20.78,100.0,37.41
3-Hexanone,CCCC(=O)CC,-0.83,CCC(=O)CCC,AAAA{~B}AA,18.29,63.03,12.64,18.29
bromoxynil,Oc1c(Br)cc(C#N)cc1Br,-3.33,c1(c(Br)cc(cc1Br)C#N)O,Bara{Y}aa{A^D}aarY,37.25,21.17,99.98,37.25
"3,4-PCB",Clc1ccc(cc1Cl)c2ccccc2,-6.39,c1cc(ccc1)-c1ccc(Cl)c(c1)Cl,Zaraaa{aarZ}asaaaaas,60.47,54.99,1.617,60.47
Mefenacet,CN(C(=O)COc1nc2ccccc2s1)c3ccccc3,-4.873,c1ccc2sc(OCC(N(c3ccccc3)C)=O)nc2c1,AD{A{~B}ABardasaaaaaser}ataaaaat,48.96,59.36,56.51,48.96
5-hydroxyquinoline,Oc1cccc2ncccc12,-2.54,c1ccc(O)c2c1nccc2,Baraaaasdaaaars,31.26,36.5,85.4,31.26
Carboxin,CC1=C(SCCO1)C(=O)Nc2ccccc2,-3.14,C1OC(=C(C(Nc2ccccc2)=O)SC1)C,AAr~A{EAABr}A{~B}Dasaaaaas,35.81,24.85,98.88,35.81
Ethoxyzolamide,CCOc2ccc1nc(sc1c2)S(N)(=O)=O,-3.81,S(c1sc2cc(ccc2n1)OCC)(N)(=O)=O,AABasaaarda{earas}E{D}{~B}~B,40.9,93.39,95.52,40.9
Pentachlorophenol,Oc1c(Cl)c(Cl)c(Cl)c(Cl)c1Cl,-4.28,c1(Cl)c(c(O)c(c(Cl)c1Cl)Cl)Cl,Bara{Z}a{Z}a{Z}a{Z}arZ,44.46,85.81,82.06,44.46
Bromochloromethane,ClCBr,-0.89,C(Br)Cl,ZAY,18.74,62.61,14.6,18.74
metharbital,CCC1(CC)C(=O)NC(=O)N(C)C1=O,-2.23,CCC1(C(=O)NC(N(C)C1=O)=O)CC,AAAr{AA}A{~B}DA{~B}D{A}Ar~B,28.91,2.342,73.58,28.91
deoxycorticosterone acetate,CC(=O)OCC(=O)C3CCC4C2CCC1=CC(=O)CCC1(C)C2CCC34C,-4.63,C12C(CCC3C1CCC1C3(C)CCC(C=1)=O)(C)C(C(COC(=O)C)=O)CC2,AA{~B}BAA{~B}AtAAAuAsAAAr~AA{~B}AAAr{A}AsAAAtuA,47.12,80.16,67.72,47.12
benzylurea,NC(=O)NCc1ccccc1,-0.95,c1ccc(cc1)CNC(=O)N,DA{~B}DAaraaaaar,19.2,62.18,16.68,19.2
Chlortoluron,CN(C)C(=O)Nc1ccc(C)c(Cl)c1,-3.483,CN(C(Nc1cc(Cl)c(C)cc1)=O)C,AD{A}A{~B}Daraaa{A}a{Z}ar,38.41,98.66,99.67,38.41
Linuron,CON(C)C(=O)Nc1ccc(Cl)c(Cl)c1,-3.592,c1(NC(N(OC)C)=O)cc(c(cc1)Cl)Cl,ABD{A}A{~B}Daraaa{Z}a{Z}ar,39.24,96.9,98.81,39.24
Cycloheptanol,OC1CCCCCC1,-0.88,C1CCCCC(O)C1,BArAAAAAAr,18.66,62.68,14.27,18.66
Thiamphenicol,CS(=O)(=O)c1ccc(cc1)C(O)C(CO)NC(=O)C(Cl)Cl,-2.154,O=C(C(Cl)Cl)NC(C(c1ccc(cc1)S(C)(=O)=O)O)CO,AE{~B}{~B}araaa{aar}A{B}A{AB}DA{~B}A{Z}Z,28.33,3.755,70.32,28.33
thiopental,CCCC(C)C1(CC)C(=O)NC(=S)NC1=O,-3.36,C(C)CC(C1(C(=O)NC(NC1=O)=S)CC)C,AAAA{A}Ar{AA}A{~B}DA{~E}DAr~B,37.48,20.58,100.0,37.48
acetazolamide,CC(=O)Nc1nnc(s1)S(N)(=O)=O,-2.36,C(=O)(C)Nc1nnc(s1)S(=O)(=O)N,AA{~B}Dardda{er}E{D}{~B}~B,29.89,40.0,78.85,29.89
p-Nitrophenol,Oc1ccc(cc1)N(=O)=O,-0.74,Oc1ccc([N+]([O-])=O)cc1,Baraaa{aar}D{~B}~B,17.6,63.66,9.931,17.6
Aldrin,ClC1=C(Cl)C2(Cl)C3C4CC(C=C4)C3C1(Cl)C2(Cl)Cl,-6.307,C12C(C3(C(Cl)(C1(Cl)C(Cl)=C3Cl)Cl)Cl)C1CC2C=C1,ZAr~A{Z}As{Z}AtAuAA{A~Au}AtAr{Z}As{Z}Z,59.84,55.23,2.766,59.84
Tetrahydrofurane,C1CCOC1,0.49,O1CCCC1,ArAABAr,8.27,72.32,6.899,8.27
o-Nitroaniline,Nc1ccccc1N(=O)=O,-1.96,[N+](=O)([O-])c1ccccc1N,DaraaaaarD{~B}~B,26.86,7.361,61.57,26.86
"2,2',3,3'-PCB",Clc1cccc(c1Cl)c2cccc(Cl)c2Cl,-7.28,c1(cccc(-c2cccc(c2Cl)Cl)c1Cl)Cl,Zaraaaa{arZ}asaaaa{Z}asZ,67.22,52.43,8.551,67.22
phenylbutazone,CCCCC1C(=O)N(N(C1=O)c2ccccc2)c3ccccc3,-3.81,O=C1C(CCCC)C(=O)N(c2ccccc2)N1c1ccccc1,AAAAArA{~B}D{D{Ar~B}asaaaaas}ataaaaat,40.9,93.39,95.52,40.9
"2,6-Dinitrotoluene",Cc1c(cccc1N(=O)=O)N(=O)=O,-3.0,O=[N+]([O-])c1c(c(ccc1)[N+](=O)[O-])C,Aara{aaaarD{~B}~B}D{~B}~B,34.75,27.57,97.04,34.75
Progesterone,CC(=O)C1CCC2C3CCC4=CC(=O)CCC4(C)C3CCC12C,-4.42,C12C(C3CCC(C3(CC1)C)C(=O)C)CCC1C2(C)CCC(C=1)=O,AA{~B}ArAAAsAtAAAu~AA{~B}AAAu{A}AtAAArsA,45.52,83.55,76.67,45.52
Chlorazine,CCN(CC)c1nc(Cl)nc(n1)N(CC)CC,-4.4110000000000005,CCN(CC)c1nc(nc(N(CC)CC)n1)Cl,AAD{AA}arda{Z}da{dr}D{AA}AA,45.46,83.69,77.03,45.46
captafol,ClC(Cl)C(Cl)(Cl)SN2C(=O)C1CC=CCC1C2=O,-5.4,C(SN1C(C2CC=CCC2C1=O)=O)(Cl)(Cl)C(Cl)Cl,ZA{Z}A{Z}{Z}EDsA{~B}ArAA~AAArAs~B,52.96,57.84,31.83,52.96
"1,2,4-tribromobenzene",c1(Br)c(Br)cc(Br)cc1,-4.5,c1(Br)cc(c(Br)cc1)Br,ar{Y}a{Y}aa{Y}aar,46.13,82.26,73.37,46.13
Oxazepam,OC3N=C(c1ccccc1)c2cc(Cl)ccc2NC3=O,-3.952,c1(C2=NC(O)C(Nc3c2cc(cc3)Cl)=O)ccccc1,BAtD~A{araaaaar}asaa{Z}aaasDAt~B,41.97,91.1,92.31,41.97
Secobarbital,O=C1NC(=O)NC(=O)C1(C(C)CCC)CC=C,-2.356,C(C)(C1(C(NC(NC1=O)=O)=O)CC=C)CCC,B~ArDA{~B}DA{~B}Ar{A{A}AAA}AA~A,29.86,0.0,78.69,29.86
Carvacrol,c1(O)c(C)ccc(C(C)C)c1,-2.08,c1(O)c(C)ccc(c1)C(C)C,ar{B}a{A}aaa{A{A}A}ar,27.77,5.13,67.05,27.77
rhodanine,C1SC(=S)NC1(=O),-1.77,C1(=S)SCC(=O)N1,ArEA{~E}DAr{~B},25.42,10.89,52.62,25.42
Morin,Oc1ccc(c(O)c1)c3oc2cc(O)cc(O)c2c(=O)c3O,-3.083,c1(c2c(cc(cc2O)O)oc(c1O)-c1ccc(O)cc1O)=O,Baraaa{a{B}ar}atbasaa{B}aa{B}asa{~B}atB,35.38,25.96,98.24,35.38
Kepone,ClC1(C(=O)C2(Cl)C3(Cl)C14Cl)C5(Cl)C2(Cl)C3(Cl)C(Cl)(Cl)C45Cl,-5.259,C12(C3(C4(Cl)C(C1(Cl)Cl)(C1(Cl)C4(C(C3(Cl)C12Cl)=O)Cl)Cl)Cl)Cl,ZAr{A{~B}As{Z}At{Z}AruZ}Av{Z}As{Z}At{Z}A{Z}{Z}AuvZ,51.89,58.25,38.24,51.89
Disulfiram,CCN(CC)C(=S)SSC(=S)N(CC)CC,-4.86,CCN(C(SSC(=S)N(CC)CC)=S)CC,AAD{AA}A{~E}EEA{~E}D{AA}AA,48.86,59.4,57.13,48.86
Cyclohexane,C1CCCCC1,-3.1,C1CCCCC1,ArAAAAAr,35.51,25.63,98.44,35.51
Dienochlor,ClC1=C(Cl)C(Cl)(C(=C1Cl)Cl)C2(Cl)C(=C(Cl)C(=C2Cl)Cl)Cl,-7.278,ClC1C(=C(Cl)C(C=1Cl)(Cl)C1(Cl)C(Cl)=C(Cl)C(=C1Cl)Cl)Cl,ZAr~A{Z}A{Z}{A{~ArZ}Z}As{Z}A{~A{Z}A{~AsZ}Z}Z,67.21,52.44,8.498,67.21
chlordimeform,CN(C)C=Nc1ccc(Cl)cc1C,-2.86,N(C)(C=Nc1ccc(Cl)cc1C)C,AD{A}A~Daraaa{Z}aarA,33.69,30.29,94.37,33.69
Equilenin,CC34CCc1c(ccc2cc(O)ccc12)C3CCC4=O,-5.24,C12(C)C(CCC2c2ccc3c(ccc(c3)O)c2CC1)=O,AAtuAAara{aaasaa{B}aaars}AtAAAu~B,51.75,58.3,39.12,51.75
1-Octanol,CCCCCCCCO,-2.39,C(CCCCO)CCC,AAAAAAAAB,30.12,39.42,80.0,30.12
Diethyl sulfide,CCSCC,-1.34,C(C)SCC,AAEAA,22.15,18.88,32.5,22.15
"1,2-Dichloroethane",ClCCCl,-1.06,C(Cl)CCl,ZAAZ,20.03,61.41,20.77,20.03
2-Chloro-2-methylbutane,CCC(C)(C)Cl,-2.51,ClC(C)(CC)C,AAA{A}{A}Z,31.03,37.09,84.37,31.03
1-Chloro-2-bromoethane,ClCCBr,-1.32,C(Cl)CBr,ZAAY,22.0,19.26,31.61,22.0
p-Nitroaniline,Nc1ccc(cc1)N(=O)=O,-2.37,c1cc(N)ccc1[N+]([O-])=O,Daraaa{aar}D{~B}~B,29.97,39.81,79.23,29.97
Lactose,OCC1OC(OC2C(O)C(O)C(O)OC2CO)C(O)C(O)C1O,-0.244,O1C(C(C(C(C1CO)OC1OC(C(O)C(C1O)O)CO)O)O)O,BAArBA{BAsA{B}A{B}A{B}BAsAB}A{B}A{B}ArB,13.84,67.15,0.7063,13.84
RTI 2,CCN2c1ncccc1N(CC)C(=O)c3cccnc23,-2.86,O=C1N(c2c(nccc2)N(c2c1cccn2)CC)CC,AADsardaaaarD{AA}A{~B}ataaadast,33.69,30.29,94.37,33.69
Chlorobenzene,Clc1ccccc1,-2.38,c1ccccc1Cl,Zaraaaaar,30.05,39.61,79.62,30.05
1-Nonene,CCCCCCCC=C,-5.05,C(CCCCC)CC=C,AAAAAAAA~A,50.3,58.85,48.09,50.3
p-Bromoiodobenzene,Brc1ccc(I)cc1,-4.56,c1cc(Br)ccc1I,Yaraaa{H}aar,46.59,81.29,70.8,46.59
3-Methyl-3-pentanol,CCC(C)(O)CC,-0.36,CCC(O)(CC)C,AAA{A}{B}AA,14.72,66.34,1.932,14.72
Pentylbenzene,CCCCCc1ccccc1,-4.64,c1ccc(cc1)CCCCC,AAAAAaraaaaar,47.19,80.0,67.28,47.19
allantoin,NC(=O)NC1NC(=O)NC1=O,-1.6,O=C1NC(NC(=O)N)C(N1)=O,DA{~B}DArDA{~B}DAr~B,24.13,14.05,44.53,24.13
Glafenine,OCC(O)COC(=O)c1ccccc1Nc2ccnc3cc(Cl)ccc23,-4.571000000000001,O(C(=O)c1c(cccc1)Nc1ccnc2c1ccc(c2)Cl)CC(O)CO,BAA{B}ABA{~B}araaaaarDasaadataa{Z}aaast,46.67,81.11,70.32,46.67
DDD,ClC(Cl)C(c1ccc(Cl)cc1)c2ccc(Cl)cc2,-7.2,c1cc(ccc1C(C(Cl)Cl)c1ccc(cc1)Cl)Cl,ZA{Z}A{araaa{Z}aar}asaaa{Z}aas,66.62,52.66,6.541,66.62
testosterone acetate,CC(=O)OC3CCC4C2CCC1=CC(=O)CCC1(C)C2CCC34C,-5.184,C1(OC(=O)C)C2(C(C3CCC4C(C3CC2)(C)CCC(C=4)=O)CC1)C,AA{~B}BAtAAAuAsAAAr~AA{~B}AAAr{A}AsAAAtuA,51.32,58.46,41.74,51.32
1-Chloronapthalene,Clc1cccc2ccccc12,-3.93,c1cc2c(c(c1)Cl)cccc2,Zaraaaasaaaaars,41.81,91.45,92.86,41.81
RTI 19,CCN2c1ccccc1N(C)C(=O)c3ccccc23,-4.749,c12ccccc1N(c1ccccc1N(C2=O)C)CC,AADsaraaaaarD{A}A{~B}ataaaaast,48.02,59.72,62.31,48.02
2-Hexanol,CCCCC(C)O,-0.89,CC(CCCC)O,AAAAA{A}B,18.74,62.61,14.6,18.74
Propylcyclopentane,CCCC1CCCC1,-4.74,C1(CCC)CCCC1,AAAArAAAAr,47.95,59.74,62.73,47.95
Etomidate,CCOC(=O)c1cncn1C(C)c2ccccc2,-4.735,c1(C(C)n2cncc2C(=O)OCC)ccccc1,AABA{~B}aradadrA{A}asaaaaas,47.91,59.76,62.96,47.91
"3,4-Dichlorophenol",Oc1ccc(Cl)c(Cl)c1,-1.25,c1cc(cc(c1Cl)Cl)O,Baraaa{Z}a{Z}ar,21.47,60.07,28.55,21.47
Cypermethrin,CC1(C)C(C=C(Cl)Cl)C1C(=O)OC(C#N)c2cccc(Oc3ccccc3)c2,-8.017000000000001,C(C#N)(OC(C1C(C=C(Cl)Cl)C1(C)C)=O)c1cc(ccc1)Oc1ccccc1,AAr{A}A{A~A{Z}Z}ArA{~B}BA{A^D}asaaaa{Bataaaaat}as,72.81,50.31,36.44,72.81
Benzoxazole,c2ccc1ocnc1c2,-1.16,o1c2ccccc2nc1,asaaarbadaras,20.79,60.7,24.76,20.79
1-Pentanol,CCCCCO,-0.6,C(CCCC)O,AAAAAB,16.54,64.65,6.307,16.54
"N,N-Diethylaniline",CCN(CC)c1ccccc1,-3.03,C(C)N(c1ccccc1)CC,AAD{AA}araaaaar,34.98,26.99,97.51,34.98
"1,3-Difluorobenzene",Fc1cccc(F)c1,-2.0,c1c(cc(cc1)F)F,Garaaaa{G}ar,27.16,6.617,63.42,27.16
3-chloropropionitrile,ClCCC#N,-0.29,C(CCl)C#N,ZAAA^D,14.19,66.83,1.121,14.19
t-Pentylbenzene,CC(C)(C)Cc1ccccc1,-4.15,c1(ccccc1)CC(C)(C)C,AA{A}{A}Aaraaaaar,43.47,87.9,86.56,43.47
5-Ethyl-5-phenylbarbital,O=C1NC(=O)NC(=O)C1(CC)c1ccccc1,-2.322,O=C1C(C(=O)NC(=O)N1)(c1ccccc1)CC,B~ArDA{~B}DA{~B}Ar{AA}araaaaar,29.61,0.632,77.35,29.61
o-Chloroiodobenzene,Clc1ccccc1I,-3.54,c1ccc(I)c(Cl)c1,ZaraaaaarH,38.85,97.74,99.29,38.85
Benzotriazole,c2ccc1[nH]nnc1c2,-0.78,c1c2c(ccc1)[nH]nn2,asaaar{dQ}ddaras,17.91,63.38,11.1,17.91
Carbofuran,CNC(=O)Oc1cccc2CC(C)(C)Oc12,-2.8,c1ccc2CC(C)(C)Oc2c1OC(NC)=O,ADA{~B}BaraaaasAA{A}{A}Bars,33.23,31.46,92.98,33.23
"2,6-Dimethylphenol",Cc1cccc(C)c1O,-1.29,c1(cccc(c1O)C)C,Aaraaaa{A}arB,21.78,19.81,30.29,21.78
3-Methyl-2-butanol,CC(C)C(C)O,-0.18,C(C)(C(C)O)C,AA{A}A{A}B,13.35,67.61,0.2874,13.35
benzhydrol,c1ccccc1C(O)c2ccccc2,-2.55,c1cccc(C(c2ccccc2)O)c1,araaaaarA{B}asaaaaas,31.34,36.31,85.73,31.34
Methyl decanoate,CCCCCCCCCC(=O)OC,-4.69,CCCCCCCCCC(OC)=O,AAAAAAAAAA{~B}BA,47.57,59.88,65.02,47.57
Dicapthon,COP(=S)(OC)Oc1ccc(cc1Cl)N(=O)=O,-4.31,c1cc([N+](=O)[O-])cc(c1OP(OC)(=S)OC)Cl,ABF{~E}{BA}Baraaa{aarZ}D{~B}~B,44.69,85.32,80.95,44.69
1-Bromo-2-methylpropane,CC(C)CBr,-2.43,C(C(C)C)Br,AA{A}AY,30.42,38.64,81.51,30.42
Iodoethane,CCI,-1.6,C(I)C,AAH,24.13,14.05,44.53,24.13
Pirimicarb,CN(C)C(=O)Oc1nc(nc(C)c1C)N(C)C,-1.95,c1(nc(C)c(C)c(OC(N(C)C)=O)n1)N(C)C,AD{A}A{~B}Barda{da{A}arA}D{A}A,26.78,7.546,61.11,26.78
1-Bromohexane,CCCCCCBr,-3.81,C(Br)CCCCC,AAAAAAY,40.9,93.39,95.52,40.9
2-Methylpentane,CCCC(C)C,-3.74,C(C)(C)CCC,AAAA{A}A,40.36,94.52,96.8,40.36
Tetrafluthrin,Cc1c(F)c(F)c(COC(=O)C2C(C=C(Cl)C(F)(F)F)C2(C)C)c(F)c1F,-7.321000000000001,FC(C(Cl)=CC1C(C)(C)C1C(OCc1c(F)c(F)c(c(F)c1F)C)=O)(F)F,Aara{G}a{G}a{ABA{~B}AsA{A~A{Z}A{G}{G}G}As{A}A}a{G}arG,67.53,52.31,9.676,67.53
Metolachlor,CCc1cccc(C)c1N(C(C)COC)C(=O)CCl,-2.73,O(C)CC(C)N(C(CCl)=O)c1c(C)cccc1CC,AAaraaaa{A}arD{A{A}ABA}A{~B}AZ,32.7,32.82,91.18,32.7
nifuroxime,ON=Cc1ccc(o1)N(=O)=O,-2.19,c1c(C=NO)oc(c1)[N+](=O)[O-],BD~Aaraaa{br}D{~B}~B,28.6,3.086,71.88,28.6
Fluvalinate,CC(C)C(Nc1ccc(cc1Cl)C(F)(F)F)C(=O)OC(C#N)c2cccc(Oc3ccccc3)c2,-8.003,c1cc(NC(C(C)C)C(OC(C#N)c2cccc(Oc3ccccc3)c2)=O)c(cc1C(F)(F)F)Cl,AA{A}A{Daraaa{aarZ}A{G}{G}G}A{~B}BA{A^D}asaaaa{Bataaaaat}as,72.71,50.35,35.8,72.71
Amitrole,Nc1nc[nH]n1,0.522,n1c(nc[nH]1)N,Darda{dQ}dr,8.027,72.55,7.692,8.027
Tribromomethane,BrC(Br)Br,-1.91,C(Br)(Br)Br,YA{Y}Y,26.48,8.29,59.24,26.48
Trichlorfon,COP(=O)(OC)C(O)C(Cl)(Cl)Cl,-0.22,O(C)P(=O)(OC)C(C(Cl)(Cl)Cl)O,ABF{~B}{BA}A{B}A{Z}{Z}Z,13.66,67.32,0.5276,13.66
Phosalone,CCOP(=S)(OCC)SCn1c(=O)oc2cc(Cl)ccc12,-5.233,C(C)OP(=S)(OCC)SCn1c2ccc(Cl)cc2oc1=O,AABF{~E}{BAA}EAdra{~B}basaa{Z}aaars,51.69,58.32,39.45,51.69
Phenylmethanol,OCc1ccccc1,-0.4,c1c(cccc1)CO,BAaraaaaar,15.02,66.06,2.492,15.02
Coumatetralyl,O=c2c(C3CCCc4ccccc43)c(O)c1ccccc1o2,-2.84,c1(=O)oc2ccccc2c(O)c1C1c2ccccc2CCC1,B~asa{AtAAAauaaaaaut}a{B}araaaaarbs,33.54,30.68,93.92,33.54
4-Bromophenol,Oc1ccc(Br)cc1,-1.09,c1cc(O)ccc1Br,Baraaa{Y}aar,20.26,61.2,21.94,20.26
2-Bromopropane,CC(C)Br,-1.59,BrC(C)C,AA{A}Y,24.05,14.24,44.06,24.05
"2,2,4-Trimethylpentane",CC(C)CC(C)(C)C,-4.74,CC(C)(C)CC(C)C,AA{A}AA{A}{A}A,47.95,59.74,62.73,47.95
"1,3,5-Trinitrobenzene",O=N(=O)c1cc(cc(c1)N(=O)=O)N(=O)=O,-2.89,c1c([N+](=O)[O-])cc(cc1[N+](=O)[O-])[N+](=O)[O-],B~D{~B}araa{aa{ar}D{~B}~B}D{~B}~B,33.92,29.71,95.01,33.92
Nimetazepam,CN2C(=O)CN=C(c1ccccc1)c3cc(ccc23)N(=O)=O,-3.796,CN1c2c(cc([N+]([O-])=O)cc2)C(c2ccccc2)=NCC1=O,ADsA{~B}AD~A{araaaaar}ataa{aaast}D{~B}~B,40.79,93.61,95.79,40.79
Propane,CCC,-1.94,C(C)C,AAA,26.71,7.732,60.64,26.71
Minoxidil,Nc1cc(nc(N)n1=O)N2CCCCC2,-1.989,c1c([n+]([O-])c(nc1N1CCCCC1)N)N,Daraa{da{D}dr~B}DsAAAAAs,27.08,6.822,62.91,27.08
1-aminoacridine,Nc2cccc3nc1ccccc1cc23,-4.22,n1c2ccccc2cc2c1cccc2N,Dasaaaatdaraaaaaraast,44.01,86.77,84.2,44.01
Benzo(k)fluoranthene,c1ccc2cc3c4cccc5cccc(c3cc2c1)c45,-8.49,c1c2c3c(ccc2)-c2cc4c(cccc4)cc2-c3cc1,araaasaatauaaaavaaaa{ataasar}auv,76.4,48.95,58.77,76.4
Dicofol,OC(c1ccc(Cl)cc1)(c2ccc(Cl)cc2)C(Cl)(Cl)Cl,-5.666,c1(ccc(C(c2ccc(Cl)cc2)(O)C(Cl)(Cl)Cl)cc1)Cl,BA{araaa{Z}aar}{asaaa{Z}aas}A{Z}{Z}Z,54.98,57.08,20.73,54.98
Acenapthene,C1Cc2cccc3cccc1c23,-4.63,c1ccc2CCc3cccc1c23,ArAasaaaataaaarast,47.12,80.16,67.72,47.12
Dialifos,CCOP(=S)(OCC)SC(CCl)N2C(=O)c1ccccc1C2=O,-6.34,C(N1C(c2c(cccc2)C1=O)=O)(SP(OCC)(=S)OCC)CCl,AABF{~E}{BAA}EA{AZ}DsA{~B}araaaaarAs~B,60.09,55.14,2.274,60.09
"1,4-Dibromobenzene",Brc1ccc(Br)cc1,-4.07,c1(ccc(Br)cc1)Br,Yaraaa{Y}aar,42.87,89.19,89.05,42.87
Methazole,Cn2c(=O)on(c1ccc(Cl)c(Cl)c1)c2=O,-2.82,c1cc(c(cc1-n1c(n(c(o1)=O)C)=O)Cl)Cl,Adsa{~B}bd{araaa{Z}a{Z}ar}as~B,33.38,31.07,93.46,33.38
p-Phenylphenol,Oc1ccc(cc1)c2ccccc2,-3.48,c1cc(-c2ccccc2)ccc1O,Baraaa{aar}asaaaaas,38.39,98.71,99.69,38.39
pyracarbolid,CC1=C(CCCO1)C(=O)Nc2ccccc2,-2.56,c1ccc(NC(=O)C2CCCOC=2C)cc1,AAr~A{AAABr}A{~B}Dasaaaaas,31.41,36.12,86.06,31.41
Ethyl vinyl ether,CCOC=C,-0.85,C(C)OC=C,AABA~A,18.44,62.89,13.28,18.44
1-Butyne,CCC#C,-1.24,C(C#C)C,AAA^A,21.4,60.14,28.12,21.4
4-methoxypteridine,COc1ncnc2nccnc12,-1.11,c1(c2c(nccn2)ncn1)OC,ABardadasdaadars,20.41,61.06,22.73,20.41
3-Methyl-3-heptanol,CCCCC(C)(O)CC,-1.6,C(CCC(CC)(O)C)C,AAAAA{A}{B}AA,24.13,14.05,44.53,24.13
"1,4-Dichlorobenzene",Clc1ccc(Cl)cc1,-3.27,c1cc(Cl)ccc1Cl,Zaraaa{Z}aar,36.8,22.33,99.81,36.8
3-Ethanoyloxymethylphenytoin,O=C1N(COC(=O)C)C(=O)C(N1)(c2ccccc2)c3ccccc3,-4.47,C(OC(=O)C)N1C(=O)NC(C1=O)(c1ccccc1)c1ccccc1,B~ArD{ABA{~B}A}A{~B}A{Dr}{asaaaaas}ataaaaat,45.9,82.74,74.62,45.9
"Sparsomycin (3,8mg/ml)",CSCS(=O)CC(CO)NC(=O)C=Cc1c(C)[nH]c(=O)[nH]c1=O,-1.981,C(=O)(NC(CO)CS(CSC)=O)C=Cc1c([nH]c(=O)[nH]c1=O)C,AEAE{~B}AA{AB}DA{~B}A~Aara{A}{dQ}a{~B}{dQ}ar~B,27.02,6.97,62.55,27.02
3-methylindole,Cc1c[nH]c2ccccc12,-2.42,c1c2c(c[nH]c2ccc1)C,Aara{dQ}asaaaaars,30.35,38.83,81.13,30.35
2-methoxypteridine,COc2ncc1nccnc1n2,-1.11,c12c(nccn2)nc(OC)nc1,ABasdaardaadards,20.41,61.06,22.73,20.41
Dioxacarb,CNC(=O)Oc1ccccc1C2OCCO2,-1.57,C1OC(c2ccccc2OC(=O)NC)OC1,ADA{~B}BaraaaaarAsBAABs,23.9,14.61,43.11,23.9
isocarbamid,C1N(C(=O)NCC(C)C)C(=O)NC1,-2.15,N1C(N(CC1)C(=O)NCC(C)C)=O,ArD{A{~B}DAA{A}A}A{~B}DAr,28.3,3.829,70.15,28.3
Acetonitrile,CC#N,0.26,C(C)#N,AA^D,10.02,70.7,2.418,10.02
Fenoxycarb,CCOC(=O)NCCOc2ccc(Oc1ccccc1)cc2,-4.7,CCOC(=O)NCCOc1ccc(cc1)Oc1ccccc1,AABA{~B}DAABasaaa{Baraaaaar}aas,47.65,59.86,64.56,47.65
acetyl sulfisoxazole,CC(=O)N(S(=O)c1ccc(N)cc1)c2onc(C)c2C,-3.59,c1(C)c(c(on1)N(S(c1ccc(cc1)N)=O)C(C)=O)C,AA{~B}D{E{~B}araaa{D}aar}asbda{A}asA,39.23,96.94,98.83,39.23
"1,1,1,2-Tetrachloroethane",ClCC(Cl)(Cl)Cl,-2.18,C(Cl)(Cl)(Cl)CCl,ZAA{Z}{Z}Z,28.53,3.271,71.45,28.53
1-Butanol,CCCCO,0.0,C(CO)CC,AAAAB,11.99,68.87,0.1035,11.99
Siduron,CC1CCCCC1NC(=O)Nc2ccccc2,-4.11,C(=O)(Nc1ccccc1)NC1CCCCC1C,AArAAAAArDA{~B}Dasaaaaas,43.17,88.55,87.83,43.17
"1,3,5-Trichlorobenzene",Clc1cc(Cl)cc(Cl)c1,-4.48,Clc1cc(Cl)cc(c1)Cl,Zaraa{Z}aa{Z}ar,45.98,82.58,74.2,45.98
Furfural,O=Cc1ccco1,-0.1,c1ccoc1C=O,B~Aaraaabr,12.75,68.17,0.024,12.75
3-Methylbutan-1-ol,CC(C)CCO,-0.51,C(O)CC(C)C,AA{A}AAB,15.86,65.28,4.384,15.86
piperonal,O=Cc2ccc1OCOc1c2,-1.63,c1c2c(OCO2)cc(C=O)c1,B~AasaaarBABaras,24.36,13.49,45.95,24.36
2-Methylpropene,CC(=C)C,-2.33,C(C)(C)=C,AA{~A}A,29.67,0.4833,77.67,29.67
Benzaldehyde,O=Cc1ccccc1,-1.19,c1c(C=O)cccc1,B~Aaraaaaar,21.02,60.49,26.0,21.02
"2,3-Dimethyl-1,3-Butadiene",CC(=C)C(=C)C,-2.4,C(C)(=C)C(C)=C,AA{~A}A{~A}A,30.2,39.22,80.38,30.2
Benfuracarb,CCOC(=O)CCN(SN(C)C(=O)Oc1cccc2CC(C)(C)Oc21)C(C)C,-4.71,O=C(N(SN(CCC(=O)OCC)C(C)C)C)Oc1c2c(CC(C)(O2)C)ccc1,AABA{~B}AAD{ED{A}A{~B}BaraaaasAA{A}{A}Basr}A{A}A,47.72,59.83,64.11,47.72
RTI 10,O2c1ccccc1N(C)C(=O)c3cccnc23,-3.672,c12c(nccc2)Oc2ccccc2N(C1=O)C,BsaraaaaarD{A}A{~B}ataaadast,39.85,95.61,97.84,39.85
Fluorene,C1c2ccccc2c3ccccc13,-5.0,c12-c3ccccc3Cc2cccc1,Arasaaaaasataaaaart,49.92,58.99,50.48,49.92
Methylcyclohexane,CC1CCCCC1,-3.85,C1CC(C)CCC1,AArAAAAAr,41.2,92.74,94.7,41.2
sulfaguanidine,NC(=N)NS(=O)(=O)c1ccc(N)cc1,-1.99,c1cc(N)ccc1S(NC(=N)N)(=O)=O,DA{~D}DE{~B}{~B}araaa{D}aar,27.09,6.803,62.96,27.09
Methylparaben,COC(=O)c1ccc(O)cc1,-1.827,Oc1ccc(cc1)C(OC)=O,ABA{~B}araaa{B}aar,25.85,9.833,55.33,25.85
2-Methyltetrahydrofurane,CC1CCCO1,0.11,O1C(C)CCC1,AArAAABr,11.15,69.65,0.7143,11.15
Santonin,CC3C2CCC1(C)C=CC(=O)C(=C1C2OC3=O)C,-3.09,C1(=O)C(C)=C2C3C(CCC2(C)C=C1)C(C(=O)O3)C,AAtAsAAAr{A}A~AA{~B}A{~ArAsBAt~B}A,35.43,25.83,98.32,35.43
Salicin,OCC2OC(Oc1ccccc1CO)C(O)C(O)C2O,-0.85,OC1C(C(O)C(Oc2ccccc2CO)OC1CO)O,BAAsBA{BaraaaaarAB}A{B}A{B}AsB,18.44,62.89,13.28,18.44
1-Iodopropane,CCCI,-2.29,C(CC)I,AAAH,29.36,1.227,76.06,29.36
Ametryn,CCNc1nc(NC(C)C)nc(SC)n1,-3.04,n1c(NCC)nc(SC)nc1NC(C)C,AADarda{DA{A}A}da{EA}dr,35.05,26.8,97.65,35.05
1-Propanol,CCCO,0.62,C(C)CO,AAAB,7.284,73.24,10.36,7.284
Hydroxyprogesterone-17a,CC(=O)C1(O)CCC2C3CCC4=CC(=O)CCC4(C)C3CCC21C,-3.817,C1CC(C(C)=O)(O)C2(C1C1CCC3C(C1CC2)(CCC(C=3)=O)C)C,AA{~B}Ar{B}AAAsAtAAAu~AA{~B}AAAu{A}AtAAAsrA,40.95,93.27,95.38,40.95
2-Pentanol,CCCC(C)O,-0.29,CC(CCC)O,AAAA{A}B,14.19,66.83,1.121,14.19
benzoin,OC(C(=O)c1ccccc1)c2ccccc2,-2.85,c1cccc(C(C(c2ccccc2)=O)O)c1,BA{A{~B}araaaaar}asaaaaas,33.61,30.49,94.15,33.61
"2,4-Dimethylphenol",Cc1ccc(O)c(C)c1,-1.19,c1c(cc(C)c(O)c1)C,Aaraaa{B}a{A}ar,21.02,60.49,26.0,21.02
m-Chloronitrobenzene,Clc1cccc(c1)N(=O)=O,-2.77,c1cc(Cl)cc([N+](=O)[O-])c1,Zaraaaa{ar}D{~B}~B,33.0,32.04,92.23,33.0
ampyrone,Cc2c(N)c(=O)n(c1ccccc1)n2C,-0.624,n1(c(c(c(n1C)C)N)=O)-c1ccccc1,Aasa{D}a{~B}d{araaaaar}dsA,16.72,64.48,6.875,16.72
"2,2',4,5'-PCB",Clc1ccc(c(Cl)c1)c2cc(Cl)ccc2Cl,-6.57,c1(-c2ccc(Cl)cc2Cl)cc(Cl)ccc1Cl,Zaraaa{a{Z}ar}asaa{Z}aaasZ,61.84,54.47,0.1739,61.84
"Hexachloro-1,3-butadiene",ClC(=C(Cl)C(=C(Cl)Cl)Cl)Cl,-4.92,C(Cl)(Cl)=C(C(=C(Cl)Cl)Cl)Cl,ZA{~A{Z}A{~A{Z}Z}Z}Z,49.32,59.22,54.29,49.32
Terbutryn,CCNc1nc(NC(C)(C)C)nc(SC)n1,-4.0,n1c(SC)nc(nc1NCC)NC(C)(C)C,AADarda{DA{A}{A}A}da{EA}dr,42.34,90.32,91.04,42.34
3-Methyl-2-pentanol,CCC(C)CCO,-0.71,C(C(CC)C)CO,AAA{A}AAB,17.37,63.87,9.092,17.37
2-methylpteridine,Cc2ncc1nccnc1n2,-0.12,c12c(cnc(C)n1)nccn2,Aasdaardaadards,12.9,68.03,0.06263,12.9
Danazol,CC23Cc1cnoc1C=C2CCC4C3CCC5(C)C4CCC5(O)C#C,-5.507000000000001,C1C2C(Cc3c(onc3)C=2)(C2CCC3(C(CCC3C2C1)(C#C)O)C)C,AAstAaradbarA~AsAAAuAtAAAv{A}AuAAAv{B}A^A,53.77,57.53,27.18,53.77
1-Iodobutane,CCCCI,-2.96,C(CI)CC,AAAAH,34.45,28.35,96.36,34.45
2-Bromonapthalene,Brc1ccc2ccccc2c1,-4.4,c1cc(Br)cc2c1cccc2,Yaraaasaaaaasar,45.37,83.87,77.47,45.37
"Digoxin (L1=41,8mg/mL, L2=68,2mg/mL, Z=40,1mg/mL)",CC1OC(CC(O)C1O)OC2C(O)CC(OC2C)OC8C(O)CC(OC7CCC3(C)C(CCC4C3CC(O)C5(C)C(CCC45O)C6=CC(=O)OC6)C7)OC8C,-4.081,OC1C(O)C(OC(OC2C(CC(OC2C)OC2C(CC(OC2C)OC2CCC3(C)C(C2)CCC2C3CC(O)C3(C)C2(CCC3C2=CC(=O)OC2)O)O)O)C1)C,AArBA{AA{B}ArB}BAsA{B}AA{BAsA}BAyA{B}AA{BAxAAAt{A}A{AAAuAtAA{B}Av{A}A{AAAuvB}Aw~AA{~B}BAw}Ax}BAyA,42.95,89.02,88.72,42.95
Benzyltrifluoride,FC(F)(F)c1ccccc1,-2.51,FC(c1ccccc1)(F)F,GA{G}{G}araaaaar,31.03,37.09,84.37,31.03
Dihexyl phthalate,CCCCCCOC(=O)c1ccccc1C(=O)OCCCCCC,-6.144,C(CCCOC(=O)c1c(C(=O)OCCCCCC)cccc1)CC,AAAAAABA{~B}araaaaarA{~B}BAAAAAA,58.6,55.7,5.874,58.6
Dibenzothiophene,c1ccc2c(c1)sc3ccccc23,-4.38,c1cc2c3ccccc3sc2cc1,araaasa{ar}eataaaaast,45.22,84.19,78.26,45.22
"2,3',4,4'-PCB",Clc1ccc(c(Cl)c1)c2ccc(Cl)c(Cl)c2Cl,-7.8,Clc1ccc(c(c1Cl)Cl)-c1c(Cl)cc(Cl)cc1,Zaraaa{a{Z}ar}asaaa{Z}a{Z}asZ,71.17,50.94,26.85,71.17
"2,2',3,3',4,4'-PCB",Clc1ccc(c(Cl)c1Cl)c2ccc(Cl)c(Cl)c2Cl,-8.01,c1(Cl)ccc(-c2ccc(Cl)c(c2Cl)Cl)c(Cl)c1Cl,Zaraaa{a{Z}arZ}asaaa{Z}a{Z}asZ,72.76,50.33,36.12,72.76
Warfarin,CC(=O)CC(c1ccccc1)c3c(O)c2ccccc2oc3=O,-3.893,c1(C(c2c(oc3c(c2O)cccc3)=O)CC(=O)C)ccccc1,AA{~B}AA{araaaaar}ata{B}asaaaaasbat~B,41.53,92.05,93.74,41.53
hydrobenzoin,c1ccccc1C(O)C(O)c2ccccc2,-1.93,c1(ccccc1)C(C(O)c1ccccc1)O,araaaaarA{B}A{B}asaaaaas,26.63,7.918,60.18,26.63
Dimethyl phthalate,COC(=O)c1ccccc1C(=O)OC,-1.66,c1(c(C(=O)OC)cccc1)C(=O)OC,ABA{~B}araaaaarA{~B}BA,24.58,12.94,47.38,24.58
Ethyl octanoate,CCCCCCCC(=O)OCC,-3.39,C(CCCCC)CC(OCC)=O,AAAAAAAA{~B}BAA,37.71,20.0,99.98,37.71
Diethyldisulfide,CCSSCC,-2.42,C(C)SSCC,AAEEAA,30.35,38.83,81.13,30.35
"1,2-Diethoxyethane",CCOCCOCC,-0.77,O(CCOCC)CC,AABAABAA,17.83,63.45,10.8,17.83
"1,2,4,5-Tetrachlorobenzene",Clc1cc(Cl)c(Cl)cc1Cl,-5.56,c1c(c(cc(c1Cl)Cl)Cl)Cl,Zaraa{Z}a{Z}aarZ,54.17,57.38,24.97,54.17
p-benzidine,Nc1ccc(cc1)c2ccc(N)cc2,-2.7,c1(ccc(cc1)-c1ccc(N)cc1)N,Daraaa{aar}asaaa{D}aas,32.47,33.4,90.35,32.47
1-Heptene,CCCCCC=C,-3.73,C(CC)CCC=C,AAAAAA~A,40.29,94.68,96.96,40.29
Ethirimol,CCCCc1c(C)nc(NCC)[nH]c1=O,-3.028,C(c1c(C)nc(NCC)[nH]c1=O)CCC,AAAAara{A}da{DAA}{dQ}ar~B,34.96,27.03,97.48,34.96
Pentobarbital,O=C1NC(=O)NC(=O)C1(CC)C(C)CCC,-2.39,N1C(=O)C(CC)(C(C)CCC)C(NC1=O)=O,B~ArDA{~B}DA{~B}Ar{AA}A{A}AAA,30.12,39.42,80.0,30.12
o-Chloroaniline,Nc1ccccc1Cl,-1.52,c1(c(Cl)cccc1)N,DaraaaaarZ,23.52,15.54,40.76,23.52
3-Chloroanisole,COc1cccc(Cl)c1,-2.78,O(C)c1cccc(c1)Cl,ABaraaaa{Z}ar,33.08,31.84,92.49,33.08
Pebulate,CCCCN(CC)C(=O)SCCC,-3.53,C(CC)SC(N(CCCC)CC)=O,AAAAD{AA}A{~B}EAAA,38.77,97.9,99.36,38.77
Butyl acetate,CCCCOC=O,-1.37,C(OCCCC)=O,AAAABA~B,22.38,18.33,33.85,22.38
Prednisolone,CC12CC(O)C3C(CCC4=CC(=O)C=CC34C)C2CCC1(O)C(=O)CO,-3.18,C1CC(C(CO)=O)(C2(C)CC(C3C(CCC4C3(C=CC(C=4)=O)C)C21)O)O,AArsAA{B}AtA{AAAu~AA{~B}A~AAtuA}AsAAAr{B}A{~B}AB,36.12,24.08,99.24,36.12
Bromodichloromethane,BrC(Cl)Cl,-1.54,C(Cl)(Cl)Br,YA{Z}Z,23.67,15.17,41.7,23.67
adrenosterone,CC34CC(=O)C1C(CCC2=CC(=O)CCC12C)C3CCC4(=O),-3.48,C1=C2CCC3C(C(CC4(C)C3CCC4=O)=O)C2(CCC1=O)C,AAtuAA{~B}ArA{AAAs~AA{~B}AAArsA}AtAAAu{~B},38.39,98.71,99.69,38.39
p-terphenyl,c1ccc(cc1)c2ccc(cc2)c3ccccc3,-7.11,c1(ccc(cc1)-c1ccccc1)-c1ccccc1,araaa{aar}asaaa{aas}ataaaaat,65.93,52.92,4.582,65.93
p-Hydroxybenzaldehyde,Oc1ccc(C=O)cc1,-0.96,c1cc(C=O)ccc1O,Baraaa{A~B}aar,19.27,62.11,17.04,19.27
Bromomethane,CBr,-0.79,BrC,AY,17.98,63.31,11.4,17.98
Perfluidone,Cc1cc(ccc1NS(=O)(=O)C(F)(F)F)S(=O)(=O)c2ccccc2,-3.8,c1ccccc1S(c1ccc(NS(=O)(C(F)(F)F)=O)c(c1)C)(=O)=O,Aaraa{aaarDE{~B}{~B}A{G}{G}G}E{~B}{~B}asaaaaas,40.82,93.55,95.71,40.82
Coumachlor,CC(=O)CC(c1ccc(Cl)cc1)c2c(O)c3ccccc3oc2=O,-5.839,Oc1c(c(=O)oc2c1cccc2)C(c1ccc(Cl)cc1)CC(=O)C,AA{~B}AA{araaa{Z}aar}asa{B}ataaaaatbas~B,56.29,56.58,14.47,56.29
2-Ethylnaphthalene,CCc1ccc2ccccc2c1,-4.29,CCc1ccc2c(cccc2)c1,AAaraaasaaaaasar,44.54,85.65,81.69,44.54
5-methylcytosine,Nc1c(C)c[nH]c(=O)n1,-1.4580000000000002,[nH]1c(nc(N)c(C)c1)=O,Dara{A}a{dQ}a{~B}dr,23.05,16.69,37.87,23.05
"2,3,4,5,6-PCB",Clc2c(Cl)c(Cl)c(c1ccccc1)c(Cl)c2Cl,-7.92,c1cccc(c1)-c1c(Cl)c(Cl)c(Cl)c(Cl)c1Cl,Zasa{Z}a{Z}a{araaaaar}a{Z}asZ,72.08,50.59,32.06,72.08
benodanil,c1c(NC(=O)c2ccccc2(I))cccc1,-4.21,c1(I)c(C(=O)Nc2ccccc2)cccc1,ara{DA{~B}asaaaaas{H}}aaaar,43.93,86.94,84.55,43.93
Riboflavin,Cc3cc2nc1c(=O)[nH]c(=O)nc1n(CC(O)C(O)C(O)CO)c2cc3C,-3.685,n1c2-c(nc3c(cc(C)c(c3)C)n2CC(O)C(C(O)CO)O)c([nH]c1=O)=O,Aataasdara{~B}{dQ}a{~B}dard{AA{B}A{B}A{B}AB}asaatA,39.95,95.4,97.65,39.95
o-Fluorobromobenzene,Fc1ccccc1Br,-2.7,c1cccc(Br)c1F,GaraaaaarY,32.47,33.4,90.35,32.47
"2,4-Dichlorophenol",Oc1ccc(Cl)cc1Cl,-1.55,c1(Cl)c(O)ccc(c1)Cl,Baraaa{Z}aarZ,23.75,14.98,42.17,23.75
Permethrin,CC1(C)C(C=C(Cl)Cl)C1C(=O)OCc2cccc(Oc3ccccc3)c2,-6.291,C(C1C(C=C(Cl)Cl)C1(C)C)(=O)OCc1cc(ccc1)Oc1ccccc1,AAr{A}A{A~A{Z}Z}ArA{~B}BAasaaaa{Bataaaaat}as,59.72,55.28,3.022,59.72
piroxicam,CN2C(=C(O)c1ccccc1S2(=O)=O)C(=O)Nc3ccccn3,-4.16,C1(N(C)S(c2ccccc2C=1O)(=O)=O)C(Nc1ncccc1)=O,ADsA{~A{B}araaaaarEs{~B}~B}A{~B}Dataaaadt,43.55,87.74,86.23,43.55
3-Propanoyloxymethylphenytoin,O=C1N(COC(=O)CC)C(=O)C(N1)(c2ccccc2)c3ccccc3,-4.907,O=C1N(COC(=O)CC)C(NC1(c1ccccc1)c1ccccc1)=O,B~ArD{ABA{~B}AA}A{~B}A{Dr}{asaaaaas}ataaaaat,49.22,59.26,54.9,49.22
Cyclopentane,C1CCCC1,-2.64,C1CCCC1,ArAAAAr,32.02,34.56,88.6,32.02
o-Toluidine,Cc1ccccc1N,-2.21,c1cc(C)c(cc1)N,AaraaaaarD,28.76,2.714,72.73,28.76
Estragole,c1(OC)ccc(CC=C)cc1,-2.92,c1c(CC=C)ccc(c1)OC,ar{BA}aaa{AA~A}aar,34.14,29.13,95.62,34.14
karbutilate,CN(C)C(=O)Nc1cccc(OC(=O)NC(C)(C)C)c1,-2.93,c1(OC(NC(C)(C)C)=O)cccc(NC(N(C)C)=O)c1,AD{A}A{~B}Daraaaa{BA{~B}DA{A}{A}A}ar,34.22,28.93,95.81,34.22
3-Methyl-1-Butene,CC(C)C=C,-2.73,C(=C)C(C)C,AA{A}A~A,32.7,32.82,91.18,32.7
2-Hydroxypyridine,Oc1ccccn1,1.02,c1cc(ncc1)O,Baraaaadr,4.249,76.06,24.55,4.249
Ethane,CC,-1.36,CC,AA,22.31,18.51,33.4,22.31
"1,2-Dichlorobenzene",Clc1ccccc1Cl,-3.05,c1(Cl)c(Cl)cccc1,ZaraaaaarZ,35.13,26.6,97.8,35.13
mercaptobenzothiazole,Sc2nc1ccccc1s2,-3.18,c1cccc2c1nc(s2)S,Easdaraaaaares,36.12,24.08,99.24,36.12
"2,2',3,3',4,4',5,5',6,6'-PCB",Clc1c(Cl)c(Cl)c(c(Cl)c1Cl)c2c(Cl)c(Cl)c(Cl)c(Cl)c2Cl,-11.6,c1(-c2c(Cl)c(Cl)c(c(c2Cl)Cl)Cl)c(c(Cl)c(Cl)c(c1Cl)Cl)Cl,Zara{Z}a{Z}a{a{Z}arZ}asa{Z}a{Z}a{Z}a{Z}asZ,100.0,40.0,50.0,100.0
Methoxsalen,COc2c1occc1cc3ccc(=O)oc23,-3.664,o1c(=O)ccc2c1c(OC)c1c(cco1)c2,ABasarbaaaraataaa{~B}bast,39.79,95.74,97.95,39.79
Acetamide,CC(=O)N,1.58,O=C(C)N,AA{~B}D,0.0,80.0,50.0,0.0
1-Methylnaphthalene,Cc1cccc2ccccc12,-3.7,c12c(cccc2)c(ccc1)C,Aaraaaasaaaaars,40.06,95.16,97.43,40.06
Napropamide,CCN(CC)C(=O)C(C)Oc1cccc2ccccc12,-3.57,c12c(cccc1cccc2)OC(C(=O)N(CC)CC)C,AAD{AA}A{~B}A{A}Baraaaasaaaaars,39.07,97.26,99.02,39.07
"3,3-Dimethyl-2-butanol",CC(O)C(C)(C)C,-0.62,OC(C(C)(C)C)C,AA{B}A{A}{A}A,16.69,64.51,6.778,16.69
Methyl pentanoate,CCCC(=O)OCC,-1.36,C(=O)(CCC)OCC,AAAA{~B}BAA,22.31,18.51,33.4,22.31
Menadione,CC2=CC(=O)c1ccccc1C2=O,-3.03,c12C(=O)C(C)=CC(c2cccc1)=O,AAs~AA{~B}araaaaarAs~B,34.98,26.99,97.51,34.98
Phenanthrene,c1ccc2c(c1)ccc3ccccc32,-5.26,c1cccc2ccc3c(c12)cccc3,araaasa{ar}aaataaaaats,51.9,58.24,38.19,51.9
"2,4-Dimethylpyridine",Cc1ccnc(C)c1,0.38,c1cnc(cc1C)C,Aaraada{A}ar,9.105,71.55,4.482,9.105
1-Nonanol,CCCCCCCCCO,-3.01,C(CCCCO)CCCC,AAAAAAAAAB,34.83,27.38,97.2,34.83
Dibromomethane,BrCBr,-1.17,C(Br)Br,YAY,20.86,60.63,25.17,20.86
Dexamethasone,CC1CC2C3CCC4=CC(=O)C=CC4(C)C3(F)C(O)CC2(C)C1(O)C(=O)CO,-3.59,C(CO)(=O)C1(O)C(CC2C1(C)CC(O)C1(F)C3(C=CC(C=C3CCC12)=O)C)C,AArAAsAtAAAu~AA{~B}A~AAu{A}At{G}A{B}AAs{A}Ar{B}A{~B}AB,39.23,96.94,98.83,39.23
"2,6-Dimethylnaphthalene",Cc1ccc2cc(C)ccc2c1,-4.89,c1(ccc2cc(C)ccc2c1)C,Aaraaasaa{A}aaasar,49.09,59.31,55.71,49.09
Butylate,CCSC(=O)N(CC(C)C)CC(C)C,-3.68,C(N(C(=O)SCC)CC(C)C)C(C)C,AAEA{~B}D{AA{A}A}AA{A}A,39.91,95.48,97.73,39.91
nitroglycerin,O=N(=O)OCC(CON(=O)=O)ON(=O)=O,-2.22,[N+](=O)([O-])OCC(O[N+](=O)[O-])CO[N+]([O-])=O,B~D{~B}BAA{ABD{~B}~B}BD{~B}~B,28.83,2.528,73.15,28.83
m-Nitroaniline,Nc1cccc(c1)N(=O)=O,-2.19,[O-][N+](c1cccc(N)c1)=O,Daraaaa{ar}D{~B}~B,28.6,3.086,71.88,28.6
1-Chlorobutane,CCCCCl,-2.03,C(Cl)CCC,AAAAZ,27.39,6.059,64.79,27.39
triforine,ClC(Cl)(Cl)C(NC=O)N1C=CN(C=C1)C(NC=O)C(Cl)(Cl)Cl,-4.19,C1N(C=CN(C=1)C(NC=O)C(Cl)(Cl)Cl)C(C(Cl)(Cl)Cl)NC=O,ZA{Z}{Z}A{DA~B}DrA~AD{A~Ar}A{DA~B}A{Z}{Z}Z,43.78,87.26,85.23,43.78
Fluridone,Cn2cc(c1ccccc1)c(=O)c(c2)c3cccc(c3)C(F)(F)F,-4.445,c1cc(cc(-c2cn(cc(-c3ccccc3)c2=O)C)c1)C(F)(F)F,Adsaa{araaaaar}a{~B}a{as}ataaaa{at}A{G}{G}G,45.71,83.15,75.65,45.71
6-aminochrysene,Nc3cc2c1ccccc1ccc2c4ccccc34,-6.2,c1c2c3ccccc3c(N)cc2c2c(c1)cccc2,Dataasaraaaaaraaasauaaaaatu,59.03,55.54,4.682,59.03
Estrone,CC12CCC3C(CCc4cc(O)ccc34)C2CCC1=O,-3.955,O=C1C2(C)CCC3C(C2CC1)CCc1c3ccc(c1)O,AArsAAAtA{AAauaa{B}aaatu}AsAAAr~B,42.0,91.05,92.23,42.0
RTI 17,CCN2c1ccccc1N(C)C(=S)c3cccnc23,-4.706,c1c2c(ccc1)N(CC)c1c(cccn1)C(N2C)=S,AADsaraaaaarD{A}A{~E}ataaadast,47.69,59.84,64.29,47.69
"1,2-Propylene oxide",CC1CO1,-0.59,CC1OC1,AArABr,16.46,64.72,6.077,16.46
Nitrazepam,O=C3CN=C(c1ccccc1)c2cc(ccc2N3)N(=O)=O,-3.796,C1(c2ccccc2)c2c(ccc([N+](=O)[O-])c2)NC(CN=1)=O,B~AtAD~A{araaaaar}asaa{aaasDt}D{~B}~B,40.79,93.61,95.79,40.79
"1,3-diethylthiourea",CCNC(=S)NCC,-1.46,N(C(NCC)=S)CC,AADA{~E}DAA,23.07,16.65,37.96,23.07
"2,3,5-Trichlorophenol",Oc1cc(Cl)cc(Cl)c1Cl,-2.67,c1(Cl)c(cc(cc1O)Cl)Cl,Baraa{Z}aa{Z}arZ,32.25,33.98,89.49,32.25
Propyl propanoate,CCCCC(=O)OC,-1.34,O=C(OC)CCCC,AAAAA{~B}BA,22.15,18.88,32.5,22.15
Aniline,Nc1ccccc1,-0.41,c1(ccccc1)N,Daraaaaar,15.1,65.99,2.642,15.1
"1,5-Dimethlnapthalene",Cc1cccc2c(C)cccc12,-4.678999999999999,c1c(C)c2cccc(C)c2cc1,Aaraaaasa{A}aaaars,47.49,59.92,65.52,47.49
hydrochlorothiazide,NS(=O)(=O)c2cc1c(NCNS1(=O)=O)cc2Cl,-2.63,NS(c1cc2c(cc1Cl)NCNS2(=O)=O)(=O)=O,DE{~B}{~B}asaara{DADEr{~B}~B}aasZ,31.94,34.76,88.29,31.94
Acenapthylene,C1=Cc2cccc3cccc1c23,-3.96,c1cc2cccc3c2c(C=C3)c1,Ar~Aasaaaataaaarast,42.03,90.97,92.1,42.03
Ethyl butyrate,CCCCCOC(=O)CC,-1.28,O=C(CC)OCCCCC,AAAAABA{~B}AA,21.7,20.0,29.85,21.7
Atratone,CCNc1nc(NC(C)C)nc(OC)n1,-2.084,C(C)Nc1nc(nc(n1)NC(C)C)OC,AADarda{DA{A}A}da{BA}dr,27.8,5.056,67.23,27.8
Benzo(a)pyrene,c1ccc2c(c1)cc3ccc4cccc5ccc2c3c45,-8.699,c12c3c(ccc1)ccc1c3c(cc2)c2ccccc2c1,araaasa{ar}aataaauaaaavaaasatauv,77.99,48.35,68.34,77.99
Bromoethane,CCBr,-1.09,C(C)Br,AAY,20.26,61.2,21.94,20.26
3-Hexyne,CCC#CCC,-1.99,C(#CCC)CC,AAA^AAA,27.09,6.803,62.96,27.09
Digitoxin,CC1OC(CC(O)C1O)OC2C(O)CC(OC2C)OC8C(O)CC(OC7CCC3(C)C(CCC4C3CCC5(C)C(CCC45O)C6=CC(=O)OC6)C7)OC8C,-5.292999999999999,C1(C)OC(CC(O)C1O)OC1C(CC(OC1C)OC1C(CC(OC1C)OC1CCC2(C)C3C(CCC2C1)C1(CCC(C2COC(=O)C=2)C1(CC3)C)O)O)O,AArBA{AA{B}ArB}BAsA{B}AA{BAsA}BAyA{B}AA{BAxAAAt{A}A{AAAuAtAAAv{A}A{AAAuvB}Aw~AA{~B}BAw}Ax}BAyA,52.15,58.15,36.67,52.15
2-Methyl-1-Butene,CCC(=C)C,-2.73,CC(CC)=C,AAA{~A}A,32.7,32.82,91.18,32.7
8-quinolinol,Oc1cccc2cccnc12,-2.42,c1ccc2c(nccc2)c1O,Baraaaasaaadars,30.35,38.83,81.13,30.35
"1,2,3,4-Tetrahydronapthalene",C1CCc2ccccc2C1,-4.37,c1cccc2CCCCc21,ArAAasaaaaasAr,45.14,84.35,78.65,45.14
phenolphthalein,Oc1ccc(cc1)C2(OC(=O)c3ccccc23)c4ccc(O)cc4,-2.9,c12C(OC(c3ccc(O)cc3)(c3ccc(O)cc3)c2cccc1)=O,Baraaa{aar}As{BA{~B}ataaaaast}auaaa{B}aau,33.99,29.51,95.22,33.99
"1,3,5-Tribromobenzene",Brc1cc(Br)cc(Br)c1,-5.6,c1(Br)cc(cc(c1)Br)Br,Yaraa{Y}aa{Y}ar,54.48,57.27,23.33,54.48
Ronnel,COP(=S)(OC)Oc1cc(Cl)c(Cl)cc1Cl,-5.72,Clc1cc(c(cc1OP(OC)(=S)OC)Cl)Cl,ABF{~E}{BA}Baraa{Z}a{Z}aarZ,55.39,56.92,18.68,55.39
methylthiouracil,Cc1cc(=O)[nH]c(=S)[nH]1,-2.436,c1([nH]c([nH]c(c1)C)=S)=O,Aaraa{~B}{dQ}a{~E}{dQ}r,30.47,38.52,81.73,30.47
Eugenol,COc1cc(CC=C)ccc1O,-1.56,c1cc(cc(c1O)OC)CC=C,ABaraa{AA~A}aaarB,23.82,14.8,42.64,23.82
5-Allyl-5-isopropylbarbital,O=C1NC(=O)NC(=O)C1(C(C)C)CC=C,-1.7080000000000002,CC(C)C1(CC=C)C(=O)NC(NC1=O)=O,B~ArDA{~B}DA{~B}Ar{A{A}A}AA~A,24.95,12.04,49.67,24.95
Pyrene,c1cc2ccc3cccc4ccc(c1)c2c34,-6.176,c1c2c3c4c(ccc3ccc2)cccc4c1,araasaaataaaauaaa{ar}asatu,58.85,55.61,5.177,58.85
"1,1-Diethoxyethane",CCOC(C)OCC,-0.43,C(C)(OCC)OCC,AABA{A}BAA,15.25,65.85,2.957,15.25
Clomazone,CC1(C)CON(Cc2ccccc2Cl)C1=O,-2.338,Clc1ccccc1CN1OCC(C)(C)C1=O,AAr{A}ABD{AasaaaaasZ}Ar~B,29.73,0.3346,77.98,29.73
2-Butoxyethanol,CCCCOCCO,-0.42,C(CCOCCO)C,AAAABAAB,15.17,65.92,2.797,15.17
Quintozene,Clc1c(Cl)c(Cl)c(N(=O)=O)c(Cl)c1Cl,-5.82,c1(c(c(Cl)c(Cl)c(Cl)c1Cl)[N+]([O-])=O)Cl,Zara{Z}a{Z}a{D{~B}~B}a{Z}arZ,56.15,56.63,15.11,56.15
Androsterone,CC12CCC(O)CC1CCC3C2CCC4(C)C3CCC4=O,-4.402,C1C2(C3C(CCC2CC(C1)O)C1C(C(=O)CC1)(C)CC3)C,AArsAAA{B}AArAAAtAsAAAu{A}AtAAAu~B,45.39,83.84,77.39,45.39
Flurochloridone,FC(F)(F)c1cccc(c1)N2CC(CCl)C(Cl)C2=O,-4.047,c1ccc(C(F)(F)F)cc1N1CC(C(Cl)C1=O)CCl,GA{G}{G}araaaa{ar}DsAA{AZ}A{Z}As~B,42.69,89.56,89.72,42.69
Quinoline,c1ccc2ncccc2c1,-1.3,c1c2c(ncc1)cccc2,araaasdaaaasar,21.85,19.63,30.73,21.85
methyl gallate,COC(=O)c1cc(O)c(O)c(O)c1,-1.24,Oc1c(O)c(O)cc(c1)C(OC)=O,ABA{~B}araa{B}a{B}a{B}ar,21.4,60.14,28.12,21.4
fluconazole,OC(Cn1cncn1)(Cn2cncn2)c3ccc(F)cc3F,-1.8,C(n1cncn1)C(c1ccc(cc1F)F)(Cn1cncn1)O,BA{Adradadr}{Adsadads}ataaa{G}aatG,25.64,10.33,54.05,25.64
Chlorzoxazone,Clc2ccc1oc(=O)[nH]c1c2,-2.8310000000000004,c1cc2oc([nH]c2cc1Cl)=O,Zasaaarba{~B}{dQ}aras,33.47,30.85,93.72,33.47
"2,2',3,4,4',5',6-PCB",Clc1ccc(c(Cl)c1)c2c(Cl)c(Cl)c(Cl)c(Cl)c2Cl,-7.92,c1(Cl)c(Cl)c(c(Cl)c(Cl)c1-c1ccc(Cl)cc1Cl)Cl,Zaraaa{a{Z}ar}asa{Z}a{Z}a{Z}a{Z}asZ,72.08,50.59,32.06,72.08
alloxan,O=C1NC(=O)C(=O)C(=O)N1,-1.25,O=C1NC(=O)NC(=O)C1=O,B~ArDA{~B}A{~B}A{~B}Dr,21.47,60.07,28.55,21.47
"1,3-Dichloropropane",ClCCCCl,-1.62,C(Cl)CCCl,ZAAAZ,24.28,13.68,45.48,24.28
m-Fluorobromobenzene,Fc1cccc(Br)c1,-2.67,Brc1cc(F)ccc1,Garaaaa{Y}ar,32.25,33.98,89.49,32.25
p-Chlorobromobenzene,Clc1ccc(Br)cc1,-3.63,Clc1ccc(cc1)Br,Zaraaa{Y}aar,39.53,96.29,98.38,39.53
"2,3-Dimethylbutane",CC(C)C(C)C,-3.65,C(C)(C(C)C)C,AA{A}A{A}A,39.68,95.97,98.13,39.68
1-Butene,CCC=C,-1.94,C(CC)=C,AAA~A,26.71,7.732,60.64,26.71
"2,2',3,4,5,5'-PCB",Clc1ccc(Cl)c(c1)c2cc(Cl)c(Cl)c(Cl)c2Cl,-7.68,c1c(Cl)c(Cl)c(c(c1-c1c(ccc(c1)Cl)Cl)Cl)Cl,Zaraaa{Z}a{ar}asaa{Z}a{Z}a{Z}asZ,70.26,51.28,21.94,70.26
cytosine,Nc1cc[nH]c(=O)n1,-1.155,n1c(cc[nH]c1=O)N,Daraa{dQ}a{~B}dr,20.75,60.74,24.55,20.75
"1,1,2-Trichlorotrifluoroethane",FC(F)(Cl)C(F)(Cl)Cl,-3.04,ClC(C(Cl)(F)F)(F)Cl,GA{G}{Z}A{G}{Z}Z,35.05,26.8,97.65,35.05
Propionitrile,CCC#N,0.28,C(C)C#N,AAA^D,9.863,70.85,2.719,9.863
"O,P'-DDD",ClC(Cl)C(c1ccc(Cl)cc1)c2ccccc2Cl,-6.51,c1ccc(c(C(C(Cl)Cl)c2ccc(Cl)cc2)c1)Cl,ZA{Z}A{araaa{Z}aar}asaaaaasZ,61.38,54.65,0.4936,61.38
o-Nitroanisole,COc1ccccc1N(=O)=O,-1.96,c1ccc([N+]([O-])=O)c(c1)OC,ABaraaaaarD{~B}~B,26.86,7.361,61.57,26.86
Prasterone,CC34CCC1C(CC=C2CC(O)CCC12C)C3CCC4=O,-4.12,CC12CCC3C4(CCC(CC4=CCC3C2CCC1=O)O)C,AAtuAAArA{AA~AsAA{B}AAArsA}AtAAAu~B,43.25,88.39,87.52,43.25
Procymidone,CC12CC2(C)C(=O)N(C1=O)c3cc(Cl)cc(Cl)c3,-4.8,c1(N2C(=O)C3(C)CC3(C)C2=O)cc(Cl)cc(Cl)c1,AArsAAs{A}A{~B}D{Ar~B}ataa{Z}aa{Z}at,48.41,59.57,59.94,48.41
Benzo[ghi]perylene,c1cc2ccc3ccc4ccc5cccc6c(c1)c2c3c4c56,-9.018,c12c3c4cccc5c4c4c2c(ccc4cc5)ccc1ccc3,araasaaataaauaaavaaaawa{ar}asatauavw,80.41,47.43,81.43,80.41
Dinoseb,CCC(C)c1cc(cc(N(=O)=O)c1O)N(=O)=O,-3.38,c1(cc(cc(c1O)C(CC)C)[N+]([O-])=O)[N+](=O)[O-],AAA{A}araa{aa{D{~B}~B}arB}D{~B}~B,37.63,20.19,99.99,37.63
meconin,c1c(OC)c(OC)C2C(=O)OCC2c1,-1.899,C1C2C=CC(=C(C2C(=O)O1)OC)OC,ara{BA}a{BA}AsA{~B}BAAsar,26.4,8.494,58.73,26.4
Glycerol,OCC(O)CO,1.12,OC(CO)CO,BAA{B}AB,3.49,76.76,28.77,3.49
Guaiacol,COc1ccccc1O,-1.96,Oc1c(OC)cccc1,ABaraaaaarB,26.86,7.361,61.57,26.86
chlorpyrifos,CCOP(=S)(OCC)Oc1nc(Cl)c(Cl)cc1Cl,-5.67,C(OP(=S)(OCC)Oc1nc(c(Cl)cc1Cl)Cl)C,AABF{~E}{BAA}Barda{Z}a{Z}aarZ,55.01,57.06,20.57,55.01
9-Methylanthracene,Cc1c2ccccc2cc3ccccc13,-5.89,c1c2cc3c(c(c2ccc1)C)cccc3,Aarasaaaaasaataaaaart,56.68,56.43,12.8,56.68
Antipyrene,Cc1cc(=O)n(c2ccccc2)n1C,0.715,c1(n(C)n(-c2ccccc2)c(c1)=O)C,Aaraa{~B}d{asaaaaas}drA,6.563,73.91,13.28,6.563
Methyl butyl ether,CCCCOC,-0.99,O(C)CCCC,AAAABA,19.5,61.9,18.13,19.5
7-methylpteridine,Cc2cnc1cncnc1n2,-0.8540000000000001,c12nc(C)cnc2cncn1,Aasadaradadards,18.47,62.86,13.41,18.47
simazine,CCNc1nc(Cl)nc(NCC)n1,-4.55,Clc1nc(NCC)nc(n1)NCC,AADarda{Z}da{DAA}dr,46.51,81.45,71.23,46.51
"N,N-Dimethylacetamide",CN(C)C(=O)C,1.11,N(C(=O)C)(C)C,AD{A}A{~B}A,3.566,76.69,28.34,3.566
Simetryn,CSc1nc(nc(n1)N(C)C)N(C)C,-2.676,c1(N(C)C)nc(nc(n1)N(C)C)SC,AEarda{da{dr}D{A}A}D{A}A,32.29,33.86,89.67,32.29
Ethylene,C=C,-0.4,C=C,A~A,15.02,66.06,2.492,15.02
"3,3-Dimethyl-1-butanol",CC(C)(C)CCO,-0.5,CC(CCO)(C)C,AA{A}{A}AAB,15.78,65.35,4.191,15.78
5-Allyl-5-ethylbarbital,O=C1NC(=O)NC(=O)C1(CC)CC=C,-1.614,C(C1(C(NC(NC1=O)=O)=O)CC=C)C,B~ArDA{~B}DA{~B}Ar{AA}AA~A,24.23,13.79,45.19,24.23
"2,3,4-Trichlorophenol",Oc1ccc(Cl)c(Cl)c1Cl,-2.67,Oc1c(Cl)c(Cl)c(cc1)Cl,Baraaa{Z}a{Z}arZ,32.25,33.98,89.49,32.25
Anisole,COc1ccccc1,-1.85,c1cccc(OC)c1,ABaraaaaar,26.02,9.405,56.42,26.02
chloropropylate,c1ccc(Cl)cc1C(c2ccc(Cl)cc2)(O)C(=O)OC(C)C,-4.53,Clc1ccc(C(c2cc(ccc2)Cl)(O)C(OC(C)C)=O)cc1,araaa{Z}aarA{asaaa{Z}aas}{B}A{~B}BA{A}A,46.36,81.77,72.09,46.36
aldosterone,CC13CCC(=O)C=C1CCC4C2CCC(C(=O)CO)C2(CC(O)C34)C=O,-3.85,C(C(=O)C1CCC2C3CCC4=CC(=O)CCC4(C)C3C(O)CC12C=O)O,AArtAAA{~B}A~ArAAAuAsAAA{A{~B}AB}As{AA{B}Atu}A~B,41.2,92.74,94.7,41.2
Difenoxuron,COc2ccc(Oc1ccc(NC(=O)N(C)C)cc1)cc2,-4.16,O(c1ccc(NC(N(C)C)=O)cc1)c1ccc(cc1)OC,ABasaaa{Baraaa{DA{~B}D{A}A}aar}aas,43.55,87.74,86.23,43.55
4-Ethyltoluene,CCc1ccc(C)cc1,-3.11,Cc1ccc(cc1)CC,AAaraaa{A}aar,35.58,25.44,98.56,35.58
Diisopropylsulfide,CC(C)SC(C)C,-2.24,C(C)(C)SC(C)C,AA{A}EA{A}A,28.98,2.156,74.0,28.98
"1,3-Dinitrobenzene",O=N(=O)c1cccc(c1)N(=O)=O,-2.29,[O-][N+](=O)c1cccc([N+]([O-])=O)c1,B~D{~B}araaaa{ar}D{~B}~B,29.36,1.227,76.06,29.36
Ethion,CCOP(=S)(OCC)SCSP(=S)(OCC)OCC,-5.54,S(P(=S)(OCC)OCC)CSP(OCC)(=S)OCC,AABF{~E}{BAA}EAEF{~E}{BAA}BAA,54.02,57.44,25.8,54.02
probarbital,CCC1(C(C)C)C(=O)NC(=O)NC1=O,-2.21,O=C1C(C(=O)NC(=O)N1)(CC)C(C)C,AAAr{A{A}A}A{~B}DA{~B}DAr~B,28.76,2.714,72.73,28.76
cortisone acetate,CC(=O)OCC(=O)C3(O)CCC4C2CCC1=CC(=O)CCC1(C)C2C(=O)CC34C,-4.21,C12(C3C(CCC2=CC(CC1)=O)C1C(C)(CC3=O)C(C(=O)COC(=O)C)(O)CC1)C,AA{~B}BAA{~B}At{B}AAAuAsAAAr~AA{~B}AAAr{A}AsA{~B}AAtuA,43.93,86.94,84.55,43.93
Metronidazole,Cc1ncc(N(=O)=O)n1CCO,-1.22,c1(cnc(n1CCO)C)[N+](=O)[O-],Aardaa{D{~B}~B}drAAB,21.24,60.28,27.27,21.24
p-Chloroaniline,Nc1ccc(Cl)cc1,-1.66,c1c(ccc(c1)N)Cl,Daraaa{Z}aar,24.58,12.94,47.38,24.58
"2,2-Dimethylpentanol",CCCC(C)(C)CO,-1.52,CCCC(CO)(C)C,AAAA{A}{A}AB,23.52,15.54,40.76,23.52
Furane,c1ccoc1,-0.82,c1cocc1,araabar,18.21,63.1,12.33,18.21
Methoproptryne,COCCCNc1nc(NC(C)C)nc(SC)n1,-2.928,O(C)CCCNc1nc(nc(n1)NC(C)C)SC,ABAAADarda{DA{A}A}da{EA}dr,34.2,28.97,95.77,34.2
Norea,CN(C)C(=O)NC1CC2CC1C3CCCC23,-3.1710000000000003,C1C2CC(C3CCCC23)C1NC(=O)N(C)C,AD{A}A{~B}DArAAsAArAtAAAAst,36.05,24.25,99.17,36.05
t-Butylbenzene,CC(C)(C)c1ccccc1,-3.66,c1(ccccc1)C(C)(C)C,AA{A}{A}araaaaar,39.76,95.81,98.0,39.76
kebuzone,CC(=O)CCC1C(=O)N(N(C1=O)c2ccccc2)c3ccccc3,-3.27,c1ccc(cc1)N1C(C(C(=O)N1c1ccccc1)CCC(C)=O)=O,AA{~B}AAArA{~B}D{D{Ar~B}asaaaaas}ataaaaat,36.8,22.33,99.81,36.8
prednisolone acetate,CC(=O)OCC(=O)C3(O)CCC4C2CCC1=CC(=O)C=CC1(C)C2C(O)CC34C,-4.37,O=C(C1(C2(C)CC(C3C(CCC4=CC(=O)C=CC43C)C2CC1)O)O)COC(C)=O,AA{~B}BAA{~B}At{B}AAAuAsAAAr~AA{~B}A~AAr{A}AsA{B}AAtuA,45.14,84.35,78.65,45.14
Methyl propyl ether,CCCOC,-0.39,C(COC)C,AAABA,14.95,66.13,2.345,14.95
Isopropyl acetate,CC(C)OC(=O)C,-0.55,C(C)(C)OC(C)=O,AA{A}BA{~B}A,16.16,65.0,5.198,16.16
Bromobenzene,Brc1ccccc1,-2.55,c1ccc(Br)cc1,Yaraaaaar,31.34,36.31,85.73,31.34
Ethyl-p-hydroxybenzoate,CCOC(=O)c1ccc(O)cc1,-2.35,C(=O)(OCC)c1ccc(cc1)O,AABA{~B}araaa{B}aar,29.82,0.1115,78.46,29.82
3-Butanoyloxymethylphenytoin,O=C1N(COC(=O)CCC)C(=O)C(N1)(c2ccccc2)c3ccccc3,-5.071000000000001,O=C1N(COC(=O)CCC)C(=O)C(c2ccccc2)(c2ccccc2)N1,B~ArD{ABA{~B}AAA}A{~B}A{Dr}{asaaaaas}ataaaaat,50.46,58.79,47.09,50.46
testosterone propionate,CCC(=O)OC3CCC4C2CCC1=CC(=O)CCC1(C)C2CCC34C,-5.37,C1C2(C(OC(CC)=O)CCC2C2CCC3=CC(=O)CCC3(C)C2C1)C,AAA{~B}BAtAAAuAsAAAr~AA{~B}AAAr{A}AsAAAtuA,52.73,57.93,33.17,52.73
Coronene,c1cc2ccc3ccc4ccc5ccc6ccc1c7c2c3c4c5c67,-9.332,c1c2ccc3ccc4c5c6c(cc4)ccc4c6c(c(cc4)c1)c2c53,araasaaataaauaaavaaawaaaraxasatauavawx,82.79,46.53,91.5,82.79
allopurinol,O=c1[nH]cnc2[nH]ncc12,-2.266,n1[nH]c2c(c([nH]cn2)=O)c1,B~ar{dQ}adas{dQ}daars,29.18,1.673,75.08,29.18
Chloroethylene,ClC=C,-1.75,C(=C)Cl,ZA~A,25.27,11.26,51.67,25.27
diphenamid,CN(C)C(=O)C(c1ccccc1)c2ccccc2,-2.98,c1(C(c2ccccc2)C(N(C)C)=O)ccccc1,AD{A}A{~B}A{araaaaar}asaaaaas,34.6,27.96,96.71,34.6
Tetrabromomethane,BrC(Br)(Br)Br,-3.14,C(Br)(Br)(Br)Br,YA{Y}{Y}Y,35.81,24.85,98.88,35.81
RTI 22,CCN2c1cc(N(C)C)cc(C)c1NC(=O)c3cccnc23,-4.871,c1(c2NC(c3c(N(c2cc(c1)N(C)C)CC)nccc3)=O)C,AADsaraa{D{A}A}aa{A}arDA{~B}ataaadast,48.95,59.36,56.61,48.95
phthalimide,O=C1NC(=O)c2ccccc12,-2.61,c1ccc2C(NC(=O)c2c1)=O,B~ArDA{~B}asaaaaars,31.79,35.15,87.67,31.79
Fenarimol,OC(c1ccc(Cl)cc1)(c2cncnc2)c3ccccc3Cl,-4.38,n1cc(cnc1)C(c1ccc(Cl)cc1)(c1ccccc1Cl)O,BA{araaa{Z}aar}{asadadas}ataaaaatZ,45.22,84.19,78.26,45.22
Methyl benzoate,COC(=O)c1ccccc1,-1.85,c1ccc(cc1)C(=O)OC,ABA{~B}araaaaar,26.02,9.405,56.42,26.02
1-methyluracil,Cn1ccc(=O)[nH]c1=O,-0.807,c1(=O)[nH]c(ccn1C)=O,Adraaa{~B}{dQ}ar~B,18.11,63.19,11.92,18.11
oxyphenbutazone,CCCCC1C(=O)N(N(C1=O)c2ccc(O)cc2)c3ccccc3,-3.73,O=C1C(C(N(N1c1ccccc1)c1ccc(O)cc1)=O)CCCC,AAAAArA{~B}D{D{Ar~B}asaaa{B}aas}ataaaaat,40.29,94.68,96.96,40.29
"2,2',3,5'-PCB",Clc1ccc(Cl)c(c1)c2cccc(Cl)c2Cl,-6.47,Clc1cc(c(cc1)Cl)-c1c(c(ccc1)Cl)Cl,Zaraaa{Z}a{ar}asaaaa{Z}asZ,61.08,54.76,0.7968,61.08
Quinethazone,CCC2NC(=O)c1cc(c(Cl)cc1N2)S(N)(=O)=O,-3.29,O=S(=O)(N)c1c(cc2c(C(NC(N2)CC)=O)c1)Cl,AAAsDA{~B}araa{a{Z}aarDs}E{D}{~B}~B,36.95,21.94,99.88,36.95
Diuron,CN(C)C(=O)Nc1ccc(Cl)c(Cl)c1,-3.8,c1cc(c(cc1NC(=O)N(C)C)Cl)Cl,AD{A}A{~B}Daraaa{Z}a{Z}ar,40.82,93.55,95.71,40.82
Cyclopentene,C1CC=CC1,-2.1,C1CCCC=1,ArAA~AAr,27.92,4.758,67.94,27.92
alloxantin,C1(=O)NC(=O)NC(=O)C1(O)C2(O)C(=O)NC(=O)NC2(=O),-1.99,C1(=O)NC(NC(C1(C1(O)C(=O)NC(NC1=O)=O)O)=O)=O,Ar{~B}DA{~B}DA{~B}Ar{B}As{B}A{~B}DA{~B}DAs{~B},27.09,6.803,62.96,27.09
Nonane,CCCCCCCCC,-5.88,C(CCC)CCCCC,AAAAAAAAA,56.6,56.46,13.12,56.6
2-Chlorophenol,Oc1ccccc1Cl,-1.06,c1cc(Cl)c(O)cc1,BaraaaaarZ,20.03,61.41,20.77,20.03
5-Methylchrysene,c1cccc2c3c(C)cc4ccccc4c3ccc12,-6.59,c1(c2c3c(ccc2c2ccccc2c1)cccc3)C,araaaasata{A}aauaaaaauataaars,61.99,54.42,0.1035,61.99
Phenetole,CCOc1ccccc1,-2.33,c1ccc(OCC)cc1,AABaraaaaar,29.67,0.4833,77.67,29.67
ethyl cinnamate,CCOC(=O)C=Cc1ccccc1,-3.0,O(CC)C(C=Cc1ccccc1)=O,AABA{~B}A~Aaraaaaar,34.75,27.57,97.04,34.75
Terbacil,Cc1[nH]c(=O)n(c(=O)c1Cl)C(C)(C)C,-2.484,Cc1c(c(n(c([nH]1)=O)C(C)(C)C)=O)Cl,Aar{dQ}a{~B}d{a{~B}arZ}A{A}{A}A,30.83,37.59,83.46,30.83
Clonazepam,Clc1ccccc1C2=NCC(=O)Nc3ccc(cc23)N(=O)=O,-3.499,c1(ccc2NC(CN=C(c3ccccc3Cl)c2c1)=O)[N+](=O)[O-],ZaraaaaarAs~DAA{~B}Dataaa{aast}D{~B}~B,38.54,98.4,99.58,38.54
p-Toluenesulfonamide,Cc1ccc(cc1)S(=O)(=O)N,-1.74,c1c(C)ccc(S(=O)(=O)N)c1,Aaraaa{aar}E{~B}{~B}D,25.19,11.45,51.19,25.19
Chlorbufam,CC(OC(=O)Nc1cccc(Cl)c1)C#C,-2.617,CC(C#C)OC(=O)Nc1cc(Cl)ccc1,AA{BA{~B}Daraaaa{Z}ar}A^A,31.84,35.01,87.89,31.84
2-Methylheptane,CCCCCC(C)C,-5.08,C(C)CCCC(C)C,AAAAAA{A}A,50.53,58.76,46.67,50.53
Cyhalothrin,CC1(C)C(C=C(Cl)C(F)(F)F)C1C(=O)OC(C#N)c2cccc(Oc3ccccc3)c2,-8.176,c1ccc(cc1)Oc1cc(ccc1)C(C#N)OC(C1C(C)(C1C=C(Cl)C(F)(F)F)C)=O,AAr{A}A{A~A{Z}A{G}{G}G}ArA{~B}BA{A^D}asaaaa{Bataaaaat}as,74.02,49.85,43.87,74.02
Apazone,CCCC1C(=O)N3N(C1=O)c2cc(C)ccc2N=C3N(C)C,-3.5380000000000003,c1cc(C)cc2c1N=C(N(C)C)N1C(=O)C(C(=O)N21)CCC,AAAArA{~B}DtD{Ar~B}asaa{A}aaasD~AtD{A}A,38.83,97.77,99.3,38.83
Diazepam,CN2C(=O)CN=C(c1ccccc1)c3cc(Cl)ccc23,-3.754,N1(C(=O)CN=C(c2c1ccc(Cl)c2)c1ccccc1)C,ADsA{~B}AD~A{araaaaar}ataa{Z}aaast,40.47,94.29,96.56,40.47
2-Methyl-3-pentanol,CCC(O)C(C)C,-0.7,CC(C(CC)O)C,AAA{B}A{A}A,17.3,63.94,8.82,17.3
fensulfothion,CCOP(=S)(OCC)Oc1ccc(cc1)S(C)=O,-2.3,CCOP(Oc1ccc(S(C)=O)cc1)(OCC)=S,AABF{~E}{BAA}Baraaa{aar}E{A}~B,29.44,1.041,76.46,29.44
borneol,CC1(C)C2CCC1(C)C(O)C2,-2.32,C12CC(O)C(CC1)(C2(C)C)C,AAr{A}AsAAAr{A}A{B}As,29.59,0.6691,77.27,29.59
Testosterone,CC12CCC3C(CCC4=CC(=O)CCC34C)C2CCC1O,-4.02,OC1CCC2C1(C)CCC1C3(C)C(=CC(=O)CC3)CCC21,AArsAAAtA{AAAu~AA{~B}AAAtuA}AsAAArB,42.49,90.0,90.49,42.49
Heptane,CCCCCCC,-4.53,C(CC)CCCC,AAAAAAA,46.36,81.77,72.09,46.36
1-Napthol,Oc1cccc2ccccc12,-2.22,c1c(c2ccccc2cc1)O,Baraaaasaaaaars,28.83,2.528,73.15,28.83
"cis-1,2-Dimethylcyclohexane",C/C1CCCCC1\C,-4.3,C1CCC(C)C(C1)C,A|ArAAAAAr!A,44.61,85.48,81.32,44.61
Trimazosin,COc2cc1c(N)nc(nc1c(OC)c2OC)N3CCN(CC3)C(=O)OCC(C)(C)O,-3.638,N1(CCN(C(=O)OCC(C)(O)C)CC1)c1nc2c(OC)c(OC)c(cc2c(n1)N)OC,ABasaara{D}da{dara{BA}asBA}DtAAD{AAt}A{~B}BAA{A}{A}B,39.59,96.16,98.28,39.59
Cholanthrene,C1Cc2c3c1cccc3cc4c2ccc5ccccc54,-7.85,C1Cc2c3c(ccc2)cc2c(c31)ccc1c2cccc1,ArAasataraaaataauasaaavaaaaavu,71.55,50.79,28.98,71.55
Medrogestone,CC(=O)C3(C)CCC4C2C=C(C)C1=CC(=O)CCC1(C)C2CCC34C,-5.27,C12C(C3C(C)(C(CC3)(C)C(C)=O)CC2)C=C(C2C1(C)CCC(C=2)=O)C,AA{~B}At{A}AAAuAsA~A{A}Ar~AA{~B}AAAr{A}AsAAAtuA,51.97,58.22,37.73,51.97
2-Heptanone,CCCCCC(=O)C,-1.45,C(C(=O)C)CCCC,AAAAAA{~B}A,22.99,16.84,37.5,22.99
Acephate,COP(=O)(NC(C)=O)SC,0.54,S(C)P(=O)(OC)NC(C)=O,ABF{~B}{DA{A}~B}EA,7.891,72.68,8.155,7.891
DEF,CCCCSP(=O)(SCCCC)SCCCC,-5.14,S(P(SCCCC)(SCCCC)=O)CCCC,AAAAEF{~B}{EAAAA}EAAAA,50.99,58.59,43.82,50.99
phthalamide,c1cC2C(=O)NC(=O)C2cc1,-2.932,O=C1NC(=O)C2C=CC=CC21,araAsA{~B}DA{~B}Asaar,34.23,28.89,95.85,34.23
Trichlomethiazide,NS(=O)(=O)c2cc1c(NC(NS1(=O)=O)C(Cl)Cl)cc2Cl,-2.68,N1c2c(S(NC1C(Cl)Cl)(=O)=O)cc(S(=O)(N)=O)c(Cl)c2,DE{~B}{~B}asaara{DA{DEr{~B}~B}A{Z}Z}aasZ,32.32,33.79,89.78,32.32
2-Methy-2-Butene,CC=C(C)C,-2.56,C(C)=C(C)C,AA~A{A}A,31.41,36.12,86.06,31.41
"1,2,4-Trimethylbenzene",Cc1ccc(C)c(C)c1,-3.31,c1(ccc(cc1C)C)C,Aaraaa{A}a{A}ar,37.1,21.55,99.94,37.1
"2,4,5-Trichlorophenol",Oc1cc(Cl)c(Cl)cc1Cl,-2.21,Clc1cc(c(cc1O)Cl)Cl,Baraa{Z}a{Z}aarZ,28.76,2.714,72.73,28.76
phenanthridine,c1ccc2c(c1)cnc3ccccc23,-2.78,c1ccc2c(c1)c1ccccc1nc2,araaasa{ar}adataaaaast,33.08,31.84,92.49,33.08
3-Methyl-3-hexanol,CCCC(C)(O)CC,-0.98,CCCC(C)(CC)O,AAAA{A}{B}AA,19.42,61.97,17.76,19.42
Octane,CCCCCCCC,-5.24,C(CCCC)CCC,AAAAAAAA,51.75,58.3,39.12,51.75
Anthracene,c1ccc2cc3ccccc3cc2c1,-6.35,c1ccc2c(cc3ccccc3c2)c1,araaasaataaaaataasar,60.17,55.11,2.134,60.17
Phenylhydrazine,NNc1ccccc1,0.07,c1cc(NN)ccc1,DDaraaaaar,11.46,69.37,0.4291,11.46
Propionaldehyde,CCC=O,0.58,C(C=O)C,AAA~B,7.587,72.96,9.229,7.587
Cyclooctane,C1CCCCCCC1,-4.15,C1CCCCCCC1,ArAAAAAAAr,43.47,87.9,86.56,43.47
"5,5-Diallylbarbital",O=C1NC(=O)NC(=O)C1(CC=C)CC=C,-2.077,C(CC1(CC=C)C(=O)NC(NC1=O)=O)=C,B~ArDA{~B}DA{~B}Ar{AA~A}AA~A,27.75,5.186,66.92,27.75
Trichloromethane,ClC(Cl)Cl,-1.17,C(Cl)(Cl)Cl,ZA{Z}Z,20.86,60.63,25.17,20.86
thiouracil,Sc1nccc(=O)[nH]1,-2.273,Sc1[nH]c(=O)ccn1,Eardaaa{~B}{dQ}r,29.23,1.543,75.36,29.23
Pencycuron,Clc1ccc(CN(C2CCCC2)C(=O)Nc3ccccc3)cc1,-5.915,C1CC(N(Cc2ccc(cc2)Cl)C(Nc2ccccc2)=O)CC1,Zaraaa{AD{AsAAAAs}A{~B}Dataaaaat}aar,56.87,56.36,12.01,56.87
1-Methylcyclohexene,CC1=CCCCC1,-3.27,C1CCC=C(C)C1,AAr~AAAAAr,36.8,22.33,99.81,36.8
2-Ethylhexanal,CCCCC(CC)C=O,-2.13,CCC(C=O)CCCC,AAAAA{AA}A~B,28.15,4.201,69.27,28.15
Khellin,COc2c1occc1c(OC)c3c(=O)cc(C)oc23,-3.0210000000000004,O(C)c1c2c(=O)cc(oc2c(c2occc21)OC)C,ABasarbaaara{BA}ata{~B}aa{A}bast,34.91,27.17,97.37,34.91
5-Ethyl-5-(3-methylbutyl)barbital,O=C1NC(=O)NC(=O)C1(CC)CCC(C)C,-2.658,C(C)(C)CCC1(C(=O)NC(=O)NC1=O)CC,B~ArDA{~B}DA{~B}Ar{AA}AAA{A}A,32.15,34.21,89.14,32.15
Benzo(j)fluoranthene,c1ccc2c3c(ccc2c1)c4cccc5cccc3c45,-8.0,c1c2c3-c4cccc5c4c(-c3ccc2ccc1)ccc5,araaasata{aaasar}auaaaavaaaatauv,72.69,50.36,35.66,72.69
2-Ethylbutanal,CCC(CC)C=O,-1.52,C(C)C(C=O)CC,AAA{AA}A~B,23.52,15.54,40.76,23.52
Dipropyl ether,CCCOCCC,-1.62,C(CC)OCCC,AAABAAA,24.28,13.68,45.48,24.28
1-Tetradecanol,CCCCCCCCCCCCCCO,-5.84,C(CCCCCCCCCCCC)CO,AAAAAAAAAAAAAAB,56.3,56.58,14.43,56.3
"2,3,6-Trichlorophenol",Oc1c(Cl)ccc(Cl)c1Cl,-2.64,c1(Cl)c(Cl)c(O)c(Cl)cc1,Bara{Z}aaa{Z}arZ,32.02,34.56,88.6,32.02
Urea,NC(=O)N,0.96,C(N)(N)=O,DA{~B}D,4.704,75.63,22.13,4.704
1-Pentyne,CCCC#C,-1.64,C(CC#C)C,AAAA^A,24.43,13.31,46.43,24.43
"1,3-Dibromobenzene",Brc1cccc(Br)c1,-3.54,c1ccc(cc1Br)Br,Yaraaaa{Y}ar,38.85,97.74,99.29,38.85
1-Octadecanol,CCCCCCCCCCCCCCCCCCO,-8.4,C(CCCCCCCC)CCCCCCCCCO,AAAAAAAAAAAAAAAAAAB,75.72,49.21,54.52,75.72
Acetanilide,CC(=O)Nc1ccccc1,-1.33,c1ccccc1NC(C)=O,AA{~B}Daraaaaar,22.08,19.07,32.06,22.08
hematein,c1cc(O)c(O)c2OCC3(O)CC4=CC(=O)C(O)=CC4=C3c21,-2.7,Oc1c(O)c2OCC3(O)C(=C4C=C(C(=O)C=C4C3)O)c2cc1,araa{B}a{B}asBAAt{B}AAu~AA{~B}A{B}~AAu~Atasr,32.47,33.4,90.35,32.47
Isonazid,c1nccc(C(=O)NN)c1,0.009,O=C(NN)c1ccncc1,ardaaa{A{~B}DD}ar,11.92,68.94,0.1329,11.92
hydroxychlordene,OC1C=CC2C1C3(Cl)C(=C(Cl)C2(Cl)C3(Cl)Cl)Cl,-5.46,OC1C=CC2C1C1(Cl)C(Cl)(C2(Cl)C(=C1Cl)Cl)Cl,BArA~AAsArAt{Z}A{~A{Z}As{Z}At{Z}Z}Z,53.41,57.67,29.2,53.41
Isopentyl formate,CC(C)CCOC=O,-1.52,CC(CCOC=O)C,AA{A}AABA~B,23.52,15.54,40.76,23.52
Acetophenone,CC(=O)c1ccccc1,-1.28,O=C(c1ccccc1)C,AA{~B}araaaaar,21.7,20.0,29.85,21.7
biquinoline,c2ccc1nc(ccc1c2)c4ccc3ccccc3n4,-5.4,c1cc2ccccc2nc1-c1nc2c(cc1)cccc2,asaaarda{aaaras}auaaataaaaatdu,52.96,57.84,31.83,52.96
Triethyl phosphate,CCOP(=O)(OCC)OCC,0.43,O(P(=O)(OCC)OCC)CC,AABF{~B}{BAA}BAA,8.725,71.9,5.52,8.725
D-fenchone,CC2(C)C1CCC(C)(C1)C2=O,-1.85,C1C2CC(C)(C1)C(C2(C)C)=O,AAs{A}ArAAA{A}{Ar}As~B,26.02,9.405,56.42,26.02
7-methoxypteridine,COc2cnc1cncnc1n2,-0.91,n1cncc2ncc(nc21)OC,ABasadaradadards,18.89,62.46,15.28,18.89
Chlordene,ClC2=C(Cl)C3(Cl)C1C=CCC1C2(Cl)C3(Cl)Cl,-5.64,ClC1(Cl)C2(Cl)C(=C(C1(Cl)C1C2CC=C1)Cl)Cl,ZAs~A{Z}At{Z}ArA~AAArAs{Z}At{Z}Z,54.78,57.15,21.74,54.78
2-Nitropropane,CC(C)N(=O)=O,-0.62,CC(C)[N+]([O-])=O,AA{A}D{~B}~B,16.69,64.51,6.778,16.69
Carbazole,c1ccc2c(c1)[nH]c3ccccc32,-5.27,c1cc2c3ccccc3[nH]c2cc1,araaasa{ar}{dQ}ataaaaats,51.97,58.22,37.73,51.97
Erythritol,OCC(O)C(O)CO,0.7,OC(CO)C(O)CO,BAA{B}A{B}AB,6.677,73.8,12.8,6.677
Risocaine,CCCOC(=O)c1ccc(N)cc1,-2.452,O(C(c1ccc(N)cc1)=O)CCC,AAABA{~B}araaa{D}aar,30.59,38.21,82.31,30.59
Azodrin,CNC(=O)C=C(C)OP(=O)(OC)OC,0.6509999999999999,C(=O)(C=C(OP(OC)(OC)=O)C)NC,ADA{~B}A~A{A}BF{~B}{BA}BA,7.049,73.46,11.28,7.049
Succinimide,O=C1CCC(=O)N1,0.3,N1C(=O)CCC1=O,B~ArAAA{~B}Dr,9.712,70.99,3.038,9.712
"2,3-Dimethylpentane",CCC(C)C(C)C,-4.28,C(C(C)C(C)C)C,AAA{A}A{A}A,44.46,85.81,82.06,44.46
bupirimate,CCCCc1c(C)nc(NCC)nc1OS(=O)(=O)N(C)C,-4.16,S(Oc1c(c(nc(NCC)n1)C)CCCC)(=O)(N(C)C)=O,AAAAara{A}da{DAA}darBE{~B}{~B}D{A}A,43.55,87.74,86.23,43.55
RTI 16,CCN2c1ncccc1N(C)C(=S)c3cccnc23,-4.634,c1ccnc2N(CC)c3ncccc3C(N(C)c12)=S,AADsardaaaarD{A}A{~E}ataaadast,47.15,80.1,67.54,47.15
RTI 9,O2c1ccccc1N(CC)C(=O)c3ccccc23,-3.68,c1ccc2C(N(CC)c3c(Oc2c1)cccc3)=O,BsaraaaaarD{AA}A{~B}ataaaaast,39.91,95.48,97.73,39.91
Tetrahydropyran,C1CCOCC1,-0.03,C1COCCC1,ArAABAAr,12.22,68.66,0.03196,12.22
1-Heptyne,CCCCCC#C,-3.01,C(C#C)CCCC,AAAAAA^A,34.83,27.38,97.2,34.83
osthole,c1cc2ccc(OC)c(CC=C(C)(C))c2oc1=O,-4.314,COc1ccc2c(c1CC=C(C)C)oc(cc2)=O,araasaaa{BA}a{AA~A{A}{A}}asbar~B,44.72,85.26,80.8,44.72
3-Methylcholanthrene,c1cc(C)cc2c1c3cc4cccc5CCc(c45)c3cc2,-7.92,c12cc(ccc1c1c(cc2)c2CCc3c2c(ccc3)c1)C,araa{A}aasarataauaaaavAAa{auv}ataas,72.08,50.59,32.06,72.08
Ethyl benzoate,CCOC(=O)c1ccccc1,-2.32,C(C)OC(c1ccccc1)=O,AABA{~B}araaaaar,29.59,0.6691,77.27,29.59
1-Chloro-2-methylpropane,ClCC(C)C,-2.0,C(CCl)(C)C,ZAA{A}A,27.16,6.617,63.42,27.16
Ethinyl estradiol,CC34CCC1C(CCc2cc(O)ccc12)C3CCC4(O)C#C,-4.3,C1(CCC2C3CCc4c(C3CCC12C)ccc(O)c4)(O)C#C,AAtuAAArA{AAasaa{B}aaars}AtAAAu{B}A^A,44.61,85.48,81.32,44.61
methyl laurate,CCCCCCCCCCCC(=O)OC,-4.69,O(C(CCCCCCCCCCC)=O)C,AAAAAAAAAAAA{~B}BA,47.57,59.88,65.02,47.57
Di-n-propylsulfide,CCCSCCC,-2.58,C(C)CSCCC,AAAEAAA,31.56,35.73,86.72,31.56
Napthacene,c1ccc2cc3cc4ccccc4cc3cc2c1,-8.6,c1ccc2cc3c(cc4ccccc4c3)cc2c1,araaasaataauaaaaauaataasar,77.24,48.63,63.88,77.24
1-Bromopentane,CCCCCBr,-3.08,C(C)CCCBr,AAAAAY,35.36,26.02,98.2,35.36
trans-2-Heptene,CCCC/C=C/C,-3.82,C(CC/C=C/C)C,AAAA|A~A|A,40.97,93.23,95.32,40.97
Metranidazole,Cc1ncc(N(=O)=O)n1CCO,-1.26,[O-][N+](=O)c1n(CCO)c(C)nc1,Aardaa{D{~B}~B}drAAB,21.55,60.0,28.98,21.55
Pentylcyclopentane,CCCCCC1CCCC1,-6.08,C1(CCCCC)CCCC1,AAAAAArAAAAr,58.12,55.88,7.39,58.12
"2,2',3,5,5',6-PCB",Clc1ccc(Cl)c(c1)c2c(Cl)c(Cl)cc(Cl)c2Cl,-7.42,c1(Cl)c(cc(cc1)Cl)-c1c(c(Cl)cc(c1Cl)Cl)Cl,Zaraaa{Z}a{ar}asa{Z}a{Z}aa{Z}asZ,68.29,52.03,12.64,68.29
5-Ethyl-5-isopropylbarbituric acid,O=C1NC(=O)NC(=O)C1(CC)C(C)C,-2.148,C1(=O)C(C(NC(N1)=O)=O)(CC)C(C)C,B~ArDA{~B}DA{~B}Ar{AA}A{A}A,28.29,3.866,70.06,28.29
"1,1,1-Trichloroethane",CC(Cl)(Cl)Cl,-2.0,ClC(Cl)(Cl)C,AA{Z}{Z}Z,27.16,6.617,63.42,27.16
Monolinuron,CON(C)C(=O)Nc1ccc(Cl)cc1,-2.57,c1cc(NC(N(C)OC)=O)ccc1Cl,ABD{A}A{~B}Daraaa{Z}aar,31.49,35.92,86.39,31.49
Cyclohexyl-5-spirobarbituric acid,O=C2NC(=O)C1(CCCCC1)C(=O)N2,-3.06,C1CCCC2(C(=O)NC(=O)NC2=O)C1,B~AsDA{~B}Ar{AAAAAr}A{~B}Ds,35.2,26.41,97.93,35.2
dimetan,CN(C)C(=O)OC1=CC(=O)CC(C)(C)C1,-0.85,C1C(C)(C)CC(OC(=O)N(C)C)=CC1=O,AD{A}A{~B}BAr~AA{~B}AA{A}{A}Ar,18.44,62.89,13.28,18.44
4-Bromotoluene,Cc1ccc(Br)cc1,-3.19,c1cc(ccc1Br)C,Aaraaa{Y}aar,36.19,23.88,99.33,36.19
Diethyl ether,CCOCC,-0.09,O(CC)CC,AABAA,12.67,68.24,0.0115,12.67
Rovral,CC(C)NC(=O)N1CC(=O)N(C1=O)c2cc(Cl)cc(Cl)c2,-4.376,c1c(cc(N2C(CN(C2=O)C(NC(C)C)=O)=O)cc1Cl)Cl,AA{A}DA{~B}DrAA{~B}D{Ar~B}asaa{Z}aa{Z}as,45.19,84.26,78.42,45.19
Benfluralin,CCCCN(CC)c1c(cc(cc1N(=O)=O)C(F)(F)F)N(=O)=O,-5.53,FC(F)(F)c1cc([N+]([O-])=O)c(c([N+](=O)[O-])c1)N(CCCC)CC,AAAAD{AA}ara{aa{aarD{~B}~B}A{G}{G}G}D{~B}~B,53.95,57.47,26.21,53.95
"2,4,6-Trimethylphenol",Cc1cc(C)c(O)c(C)c1,-2.05,Cc1cc(C)cc(C)c1O,Aaraa{A}a{B}a{A}ar,27.54,5.688,65.7,27.54
Benzene,c1ccccc1,-1.64,c1ccccc1,araaaaar,24.43,13.31,46.43,24.43
p-Chloroiodobenzene,Clc1ccc(I)cc1,-4.03,c1cc(ccc1Cl)I,Zaraaa{H}aar,42.56,89.84,90.21,42.56
Metoxuron,COc1ccc(NC(=O)N(C)C)cc1Cl,-2.564,Clc1cc(NC(=O)N(C)C)ccc1OC,ABaraaa{DA{~B}D{A}A}aarZ,31.44,36.04,86.2,31.44
propachlor,CC(C)N(C(=O)CCl)c1ccccc1,-2.48,c1c(N(C(=O)CCl)C(C)C)cccc1,AA{A}D{A{~B}AZ}araaaaar,30.8,37.67,83.32,30.8
Styrene,C=Cc1ccccc1,-2.82,c1cc(C=C)ccc1,A~Aaraaaaar,33.38,31.07,93.46,33.38
Dimethoxymethane,COCOC,0.48,O(COC)C,ABABA,8.346,72.25,6.659,8.346
o-Xylene,Cc1ccccc1C,-2.8,Cc1c(C)cccc1,AaraaaaarA,33.23,31.46,92.98,33.23
Butan-2-ol,CCC(C)O,0.47,C(C)(O)CC,AAA{A}B,8.422,72.18,6.423,8.422
"1,4-Benzenediol",Oc1ccc(O)cc1,-0.17,c1cc(O)ccc1O,Baraaa{B}aar,13.28,67.68,0.2386,13.28
estriol,CC34CCC1C(CCc2cc(O)ccc12)C3CC(O)C4O,-4.955,OC1C(O)CC2C1(CCC1c3ccc(O)cc3CCC12)C,AAtuAAArA{AAasaa{B}aaars}AtAA{B}AuB,49.58,59.12,52.62,49.58
Benzo(b)fluorene,C1c2ccccc2c3cc4ccccc4cc13,-8.04,c12c(cccc1)Cc1c-2cc2c(cccc2)c1,Arasaaaaasataauaaaaauaart,72.99,50.24,37.5,72.99
hydantoin,O=C1CNC(=O)N1,-0.4,N1C(NC(C1)=O)=O,B~ArADA{~B}Dr,15.02,66.06,2.492,15.02
4-hexylresorcinol,c1(O)cc(O)ccc1CCCCCC,-2.59,C(Cc1c(O)cc(cc1)O)CCCC,ar{B}aa{B}aaarAAAAAA,31.64,35.53,87.04,31.64
allicin,C=CCS(=O)SCC=C,-0.83,C(CS(=O)SCC=C)=C,A~AAE{~B}EAA~A,18.29,63.03,12.64,18.29
Coumaphos,CCOP(=S)(OCC)Oc2ccc1oc(=O)c(Cl)c(C)c1c2,-5.382000000000001,c1(c(oc2ccc(OP(OCC)(=S)OCC)cc2c1C)=O)Cl,AABF{~E}{BAA}Basaaarba{~B}a{Z}a{A}aras,52.82,57.89,32.64,52.82
"5,6-Dimethylchrysene",Cc1c(C)c2c3ccccc3ccc2c4ccccc14,-7.01,c12c(ccc3c2c(c(C)c2ccccc32)C)cccc1,Aara{A}asataaaaataaasauaaaaaru,65.17,53.21,2.797,65.17
Betamethasone-17-valerate,CCCCC(=O)OC3(C(C)CC4C2CCC1=CC(=O)C=CC1(C)C2(F)C(O)CC34C)C(=O)CO,-4.71,C12(C=CC(C=C2CCC2C1(C(O)CC1(C(C(C)CC12)(OC(CCCC)=O)C(CO)=O)C)F)=O)C,AAAAA{~B}BAt{A{A}AAuAsAAAr~AA{~B}A~AAr{A}As{G}A{B}AAtuA}A{~B}AB,47.72,59.83,64.11,47.72
uric acid,O=c2[nH]c(=O)c1[nH]c(=O)[nH]c1[nH]2,-3.93,c12[nH]c(=O)[nH]c(c1[nH]c([nH]2)=O)=O,B~as{dQ}a{~B}ar{dQ}a{~B}{dQ}ar{dQ}s,41.81,91.45,92.86,41.81
"2,3,4,6-Tetrachlorophenol",Oc1c(Cl)cc(Cl)c(Cl)c1Cl,-3.1,c1(Cl)c(cc(c(O)c1Cl)Cl)Cl,Bara{Z}aa{Z}a{Z}arZ,35.51,25.63,98.44,35.51
"1,3-Dichlorobenzene",Clc1cccc(Cl)c1,-3.04,Clc1cc(ccc1)Cl,Zaraaaa{Z}ar,35.05,26.8,97.65,35.05
DDT,Clc1ccc(cc1)C(c2ccc(Cl)cc2)C(Cl)(Cl)Cl,-7.15,c1c(ccc(C(C(Cl)(Cl)Cl)c2ccc(cc2)Cl)c1)Cl,Zaraaa{aar}A{asaaa{Z}aas}A{Z}{Z}Z,66.24,52.81,5.412,66.24
Isobutyl formate,CC(C)COC=O,-1.01,C(C(C)C)OC=O,AA{A}ABA~B,19.65,61.76,18.87,19.65
thioanisole,c1ccccc1SC,-2.39,c1ccc(SC)cc1,araaaaarEA,30.12,39.42,80.0,30.12
RTI 13,CCN2c1nc(C)cc(C(F)(F)F)c1NC(=O)c3cccnc23,-4.207,FC(F)(c1cc(C)nc2N(c3ncccc3C(=O)Nc12)CC)F,AADsarda{A}aa{A{G}{G}G}arDA{~B}ataaadast,43.91,86.98,84.65,43.91
Hexane,CCCCCC,-3.84,C(CCCC)C,AAAAAA,41.12,92.9,94.91,41.12
methyl nicotinate,COC(=O)c1cccnc1,-0.46,C(c1cnccc1)(OC)=O,ABA{~B}araaadar,15.48,65.63,3.46,15.48
Bendroflumethiazide,NS(=O)(=O)c3cc2c(NC(Cc1ccccc1)NS2(=O)=O)cc3C(F)(F)F,-3.59,N1c2c(cc(c(c2)C(F)(F)F)S(=O)(N)=O)S(=O)(NC1Cc1ccccc1)=O,DE{~B}{~B}ataasa{DA{Aaraaaaar}DEs{~B}~B}aatA{G}{G}G,39.23,96.94,98.83,39.23
"2,3,3',4,4',5-PCB",Clc1ccc(cc1Cl)c2cc(Cl)c(Cl)c(Cl)c2Cl,-7.82,Clc1cc(ccc1Cl)-c1c(Cl)c(c(c(c1)Cl)Cl)Cl,Zaraaa{aarZ}asaa{Z}a{Z}a{Z}asZ,71.32,50.88,27.69,71.32
Vinclozolin,CC1(OC(=O)N(C1=O)c2cc(Cl)cc(Cl)c2)C=C,-4.925,c1(N2C(=O)OC(C=C)(C2=O)C)cc(Cl)cc(Cl)c1,AAr{BA{~B}D{Ar~B}asaa{Z}aa{Z}as}A~A,49.36,59.21,54.05,49.36
Cyanazine,CCNc1nc(Cl)nc(NC(C)(C)C#N)n1,-3.15,N(c1nc(nc(Cl)n1)NC(C#N)(C)C)CC,AADarda{Z}da{DA{A}{A}A^D}dr,35.89,24.66,98.98,35.89
Triphenylene,c1ccc2c(c1)c3ccccc3c4ccccc24,-6.726,c1cc2c3c(c4ccccc4c2cc1)cccc3,araaasa{ar}ataaaaatauaaaaasu,63.02,54.03,0.1066,63.02
Dienestrol,CC=C(C(=CC)c1ccc(O)cc1)c2ccc(O)cc2,-4.95,c1c(O)ccc(c1)C(C(c1ccc(cc1)O)=CC)=CC,AA~A{A{~AA}araaa{B}aar}asaaa{B}aas,49.54,59.14,52.86,49.54
Di(2-ethylhexyl)-phthalate,CCCCC(CC)COC(=O)c1ccccc1C(=O)OCC(CC)CCCC,-6.96,CCC(CCCC)COC(c1ccccc1C(OCC(CC)CCCC)=O)=O,AAAAA{AA}ABA{~B}araaaaarA{~B}BAA{AA}AAAA,64.8,53.35,2.065,64.8
2-Ethyl pyridine,CCc1ccccn1,0.51,c1cnc(CC)cc1,AAaraaaadr,8.118,72.46,7.39,8.118
Naled,COP(=O)(OC)OC(Br)C(Cl)(Cl)Br,-2.28,O=P(OC(Br)C(Br)(Cl)Cl)(OC)OC,ABF{~B}{BA}BA{Y}A{Z}{Z}Y,29.29,1.413,75.65,29.29
Biphenyl,c1ccc(cc1)c2ccccc2,-4.345,c1ccc(cc1)-c1ccccc1,araaa{aar}asaaaaas,44.95,84.76,79.62,44.95
"2,2',4,4',6,6'-PCB",Clc1cc(Cl)c(c(Cl)c1)c2c(Cl)cc(Cl)cc2Cl,-8.71,c1(c(cc(Cl)cc1Cl)Cl)-c1c(Cl)cc(Cl)cc1Cl,Zaraa{Z}a{a{Z}ar}asa{Z}aa{Z}aasZ,78.07,48.32,68.83,78.07
Altretamine,CN(C)c1nc(nc(n1)N(C)C)N(C)C,-3.364,CN(c1nc(N(C)C)nc(n1)N(C)C)C,AD{A}arda{da{dr}D{A}A}D{A}A,37.51,20.5,100.0,37.51
"2,4-Dimethyl-2-pentanol",CC(C)CC(C)(C)O,-0.92,CC(O)(C)CC(C)C,AA{A}AA{A}{A}B,18.97,62.39,15.63,18.97
Cycloheptyl-5-spirobarbituric acid,O=C2NC(=O)C1(CCCCCC1)C(=O)N2,-3.168,O=C1NC(C2(CCCCCC2)C(N1)=O)=O,B~AsDA{~B}Ar{AAAAAAr}A{~B}Ds,36.02,24.31,99.14,36.02
Fructose,OCC1OC(O)(CO)C(O)C1O,0.64,OC1C(O)C(OC1(O)CO)CO,BAArBA{B}{AB}A{B}ArB,7.132,73.38,10.95,7.132
"3,5-Dimethylphenol",Cc1cc(C)cc(O)c1,-1.4,c1c(cc(cc1C)O)C,Aaraa{A}aa{B}ar,22.61,17.77,35.21,22.61
Barban,ClCC#CCOC(=O)Nc1cccc(Cl)c1,-4.37,C(C#CCOC(=O)Nc1cccc(Cl)c1)Cl,ZAA^AABA{~B}Daraaaa{Z}ar,45.14,84.35,78.65,45.14
p-Chloroacetanilide,CC(=O)Nc1ccc(Cl)cc1,-2.843,c1(ccc(Cl)cc1)NC(C)=O,AA{~B}Daraaa{Z}aar,33.56,30.62,93.99,33.56
"2,2',3,4,5,5',6-PCB",Clc1ccc(Cl)c(c1)c2c(Cl)c(Cl)c(Cl)c(Cl)c2Cl,-8.94,Clc1c(Cl)c(Cl)c(Cl)c(Cl)c1-c1cc(ccc1Cl)Cl,Zaraaa{Z}a{ar}asa{Z}a{Z}a{Z}a{Z}asZ,79.82,47.65,78.46,79.82
"2,2-Dimethylbutane",CCC(C)(C)C,-3.55,C(CC)(C)(C)C,AAA{A}{A}A,38.92,97.58,99.2,38.92
N-Methylaniline,CNc1ccccc1,-1.28,c1c(cccc1)NC,ADaraaaaar,21.7,20.0,29.85,21.7
"1,4-Pentadiene",C=CCC=C,-2.09,C(C=C)C=C,A~AAA~A,27.85,4.944,67.5,27.85
Hydrocortisone 21-acetate,CC(=O)OCC(=O)C1(O)CCC2C3CCC4=CC(=O)CCC4(C)C3C(O)CC21C,-4.88,C1=C2CCC3C4CCC(C4(C)CC(C3C2(C)CCC1=O)O)(O)C(=O)COC(=O)C,AA{~B}BAA{~B}Ar{B}AAAsAtAAAu~AA{~B}AAAu{A}AtA{B}AAsrA,49.01,59.34,56.18,49.01
DNOC,Cc1cc(cc(N(=O)=O)c1O)N(=O)=O,-1.456,Cc1c(c(cc([N+](=O)[O-])c1)[N+](=O)[O-])O,Aaraa{aa{D{~B}~B}arB}D{~B}~B,23.03,16.73,37.78,23.03
Lorazepam,OC3N=C(c1ccccc1Cl)c2cc(Cl)ccc2NC3=O,-3.604,c1ccc(c(c1)Cl)C1c2cc(Cl)ccc2NC(=O)C(O)N=1,BAtD~A{araaaaarZ}asaa{Z}aaasDAt~B,39.33,96.71,98.68,39.33
3-Chlorophenol,Oc1cccc(Cl)c1,-0.7,c1c(Cl)cccc1O,Baraaaa{Z}ar,17.3,63.94,8.82,17.3
m-Chlorobromobenzene,Clc1cccc(Br)c1,-3.21,c1cc(cc(c1)Br)Cl,Zaraaaa{Y}ar,36.34,23.5,99.47,36.34
chlorothiazide,NS(=O)(=O)c2cc1c(N=CNS1(=O)=O)cc2Cl,-3.05,Clc1c(S(N)(=O)=O)cc2S(=O)(=O)NC=Nc2c1,DE{~B}{~B}asaara{D~ADEr{~B}~B}aasZ,35.13,26.6,97.8,35.13
5-Methyl-5-ethylbarbituric acid,O=C1NC(=O)NC(=O)C1(C)CC,-1.228,O=C1NC(C(C)(CC)C(=O)N1)=O,B~ArDA{~B}DA{~B}Ar{A}AA,21.31,60.23,27.61,21.31
2-Phenoxyethanol,OCCOc1ccccc1,-0.7,O(CCO)c1ccccc1,BAABaraaaaar,17.3,63.94,8.82,17.3
Diphenylmethane,C(c1ccccc1)c2ccccc2,-4.08,C(c1ccccc1)c1ccccc1,A{araaaaar}asaaaaas,42.94,89.03,88.75,42.94
3-Octanol,CCCCCC(O)CC,-1.98,C(CCCC)C(CC)O,AAAAAA{B}AA,27.01,6.989,62.5,27.01
Flumetralin,CCN(Cc1c(F)cccc1Cl)c2c(cc(cc2N(=O)=O)C(F)(F)F)N(=O)=O,-6.78,c1(cc(C(F)(F)F)cc(c1N(Cc1c(cccc1Cl)F)CC)[N+]([O-])=O)[N+](=O)[O-],AAD{Aara{G}aaaarZ}asa{aa{aasD{~B}~B}A{G}{G}G}D{~B}~B,63.43,53.87,0.3406,63.43
Propazine,CC(C)Nc1nc(Cl)nc(NC(C)C)n1,-4.43,CC(C)Nc1nc(nc(NC(C)C)n1)Cl,AA{A}Darda{Z}da{DA{A}A}dr,45.6,83.39,76.26,45.6
2-Methylpentanol,CCCC(C)CO,-1.11,C(CC(CO)C)C,AAAA{A}AB,20.41,61.06,22.73,20.41
2-Methyl-2-hexanol,CCCCC(C)(C)O,-1.08,CC(C)(O)CCCC,AAAAA{A}{A}B,20.18,61.27,21.54,20.18
Ethylbenzene,CCc1ccccc1,-2.77,c1cc(ccc1)CC,AAaraaaaar,33.0,32.04,92.23,33.0
5-(3-Methyl-2-butenyl)-5-ethylbarbital,O=C1NC(=O)NC(=O)C1(CC)CC=C(C)C,-2.253,O=C1NC(C(CC=C(C)C)(CC)C(N1)=O)=O,B~ArDA{~B}DA{~B}Ar{AA}AA~A{A}A,29.08,1.914,74.54,29.08
Heptachlor,ClC1C=CC2C1C3(Cl)C(=C(Cl)C2(Cl)C3(Cl)Cl)Cl,-6.317,C1=CC2C3(Cl)C(Cl)=C(Cl)C(C2C1Cl)(Cl)C3(Cl)Cl,ZArA~AAsArAt{Z}A{~A{Z}As{Z}At{Z}Z}Z,59.92,55.2,2.612,59.92
butallylonal,CCC(C)C1(CC(Br)=C)C(=O)NC(=O)NC1=O,-2.647,O=C1NC(=O)NC(C1(CC(Br)=C)C(CC)C)=O,AAA{A}Ar{AA{Y}~A}A{~B}DA{~B}DAr~B,32.07,34.43,88.81,32.07
Fenpropathrin,CC1(C)C(C(=O)OC(C#N)c2cccc(Oc3ccccc3)c2)C1(C)C,-6.025,c1cccc(c1)Oc1cccc(c1)C(OC(=O)C1C(C)(C1(C)C)C)C#N,AAr{A}A{A{~B}BA{A^D}asaaaa{Bataaaaat}as}Ar{A}A,57.7,56.04,8.82,57.7
Methoprene,COC(C)(C)CCCC(C)CC=CC(C)=CC(=O)OC(C)C,-5.19,C(OC(C)C)(C=C(C=CCC(C)CCCC(C)(OC)C)C)=O,ABA{A}{A}AAAA{A}AA~AA{A}~AA{~B}BA{A}A,51.37,58.45,41.46,51.37
Ethyl propionate,CCOC(=O)CC,-0.66,C(CC)(OCC)=O,AABA{~B}AA,17.0,64.23,7.768,17.0
Prometryn,CSc1nc(NC(C)C)nc(NC(C)C)n1,-4.1,c1(nc(SC)nc(n1)NC(C)C)NC(C)C,AEarda{DA{A}A}da{DA{A}A}dr,43.1,88.71,88.14,43.1
Buturon,CC(C#C)N(C)C(=O)Nc1ccc(Cl)cc1,-3.9,c1c(ccc(c1)Cl)NC(N(C)C(C)C#C)=O,AA{A^A}D{A}A{~B}Daraaa{Z}aar,41.58,91.94,93.58,41.58
"2,3-Dimethylnaphthalene",Cc1cc2ccccc2cc1C,-4.72,c1c2c(cccc2)cc(c1C)C,AaraasaaaaasaarA,47.8,59.8,63.65,47.8
"2,4',5-PCB",Clc1ccc(cc1)c2cc(Cl)ccc2Cl,-6.25,c1c(Cl)cc(-c2ccc(Cl)cc2)c(Cl)c1,Zaraaa{aar}asaa{Z}aaasZ,59.41,55.4,3.727,59.41
"2,3',4,4',5-PCB",Clc1ccc(c(Cl)c1)c2cc(Cl)c(Cl)c(Cl)c2Cl,-7.39,c1(ccc(Cl)cc1Cl)-c1c(Cl)c(c(c(c1)Cl)Cl)Cl,Zaraaa{a{Z}ar}asaa{Z}a{Z}a{Z}asZ,68.06,52.12,11.71,68.06
2-cyanoguanidine,NC(N)=NC#N,-0.31,C(=NC#N)(N)N,DA{D}~DA^D,14.34,66.69,1.331,14.34
Chloropicrin,ClC(Cl)(Cl)N(=O)=O,-2.0,C(Cl)(Cl)(Cl)[N+](=O)[O-],ZA{Z}{Z}D{~B}~B,27.16,6.617,63.42,27.16
"2,6-PCB",Clc1cccc(Cl)c1c2ccccc2,-5.21,c1cc(c(c(c1)Cl)-c1ccccc1)Cl,Zaraaaa{Z}arasaaaaas,51.52,58.39,40.52,51.52
p-Methoxybenzaldehyde,COc1ccc(C=O)cc1,-1.49,O(C)c1ccc(cc1)C=O,ABaraaa{A~B}aar,23.29,16.1,39.36,23.29
4-Nitroacetanilide,CC(=O)Nc1ccc(cc1)N(=O)=O,-2.692,c1cc(ccc1NC(C)=O)[N+]([O-])=O,AA{~B}Daraaa{aar}D{~B}~B,32.41,33.55,90.13,32.41
Ethyl heptanoate,CCCCCCC(=O)OCC,-2.74,O(CC)C(=O)CCCCCC,AAAAAAA{~B}BAA,32.78,32.62,91.45,32.78
p-Hydroxyacetanilide,CC(=O)Nc1ccc(O)cc1,-1.03,CC(Nc1ccc(O)cc1)=O,AA{~B}Daraaa{B}aar,19.8,61.62,19.62,19.8
indazole,c2ccc1[nH]ncc1c2,-2.16,c1cccc2[nH]ncc12,asaaar{dQ}daaras,28.38,3.643,70.58,28.38
triamcinolone acetonide,CC5(C)OC4CC3C2CCC1=CC(=O)C=CC1(C)C2(F)C(O)CC3(C)C4(O5)C(=O)CO,-4.31,C12(CC(C3(F)C(C1CC1OC(OC12C(CO)=O)(C)C)CCC1=CC(=O)C=CC13C)O)C,AAv{A}BAuAAtAsAAAr~AA{~B}A~AAr{A}As{G}A{B}AAt{A}Au{Bv}A{~B}AB,44.69,85.32,80.95,44.69
guanine,Nc2nc1[nH]cnc1c(=O)[nH]2,-3.583,n1c2c(c([nH]c1N)=O)nc[nH]2,Dasdar{dQ}adara{~B}{dQ}s,39.17,97.05,98.9,39.17
Methyl acetate,COC(=O)C,0.46,O(C)C(=O)C,ABA{~B}A,8.498,72.11,6.192,8.498
Stanolone,CC34CCC1C(CCC2CC(=O)CCC12C)C3CCC4O,-4.743,CC12C(C3CCC4CC(CCC4(C3CC2)C)=O)CCC1O,AAtuAAArA{AAAsAA{~B}AAArsA}AtAAAuB,47.97,59.73,62.59,47.97
1-Hexene-3-ol,CCCC(O)C=C,-0.59,OC(CCC)C=C,AAAA{B}A~A,16.46,64.72,6.077,16.46
norbormide,OC(C1=CC2C5C(C1C2=C(c3ccccc3)c4ccccn4)C(=O)NC5=O)(c6ccccc6)c7ccccn7,-3.931,c1cccc(n1)C(=C1C2C(C(c3ccccc3)(O)c3ccccn3)=CC1C1C(=O)NC(=O)C12)c1ccccc1,BA{Ar~AAsAvA{ArAs~A{ataaaaat}auaaaadu}A{~B}DAv~B}{awaaaaaw}axaaaadx,41.81,91.44,92.83,41.81
Dibutyl ether,CCCCOCCCC,-1.85,C(OCCCC)CCC,AAAABAAAA,26.02,9.405,56.42,26.02
1-Dodecanol,CCCCCCCCCCCCO,-4.8,OCCCCCCCCCCCC,AAAAAAAAAAAAB,48.41,59.57,59.94,48.41
RTI 6,CCN2c1nc(N(C)(CCO))ccc1NC(=O)c3cccnc23,-3.36,c1cc2c(nc1)N(c1c(NC2=O)ccc(N(CCO)C)n1)CC,AADsarda{D{A}{AAB}}aaarDA{~B}ataaadast,37.48,20.58,100.0,37.48
2-Methyl-2-pentanol,CCCC(C)(C)O,-0.49,CC(CCC)(C)O,AAAA{A}{A}B,15.71,65.42,4.002,15.71
Flucytosine,Nc1nc(=O)[nH]cc1F,-0.972,O=c1nc(c(c[nH]1)F)N,Darda{~B}{dQ}aarG,19.36,62.03,17.47,19.36
stadacaine,CCCCOc1ccc(C(=O)OCC)c(c1)N(CC)CC,-3.84,N(CC)(c1cc(OCCCC)ccc1C(OCC)=O)CC,AAAABaraaa{A{~B}BAA}a{ar}D{AA}AA,41.12,92.9,94.91,41.12
2-Methyl-2-heptanol,CCCCCC(C)(C)O,-1.72,OC(C)(C)CCCCC,AAAAAA{A}{A}B,25.04,11.82,50.24,25.04
Hexamethylbenzene,Cc1c(C)c(C)c(C)c(C)c1C,-5.23,c1(C)c(C)c(C)c(c(C)c1C)C,Aara{A}a{A}a{A}a{A}arA,51.67,58.33,39.59,51.67
Thymol,CC(C)c1ccc(C)cc1O,-2.22,CC(c1c(O)cc(C)cc1)C,AA{A}araaa{A}aarB,28.83,2.528,73.15,28.83
Pteridine,c2cnc1ncncc1n2,0.02,n1c2nccnc2cnc1,asadardadaards,11.84,69.01,0.1739,11.84
Parathion,CCOP(=S)(OCC)Oc1ccc(cc1)N(=O)=O,-4.66,c1cc(OP(OCC)(OCC)=S)ccc1[N+](=O)[O-],AABF{~E}{BAA}Baraaa{aar}D{~B}~B,47.34,59.97,66.38,47.34
Methane,C,-0.9,C,A,18.82,62.54,14.94,18.82
indoline,c2ccc1NCCc1c2,-1.04,C1c2c(cccc2)NC1,asaaarDAAaras,19.88,61.55,20.0,19.88
1-Nitronapthalene,O=N(=O)c1cccc2ccccc12,-3.54,c1c2ccccc2c(cc1)[N+](=O)[O-],B~D{~B}araaaasaaaaars,38.85,97.74,99.29,38.85
3-Methyl-2-pentanone,CCC(C)C(=O)C,-0.67,O=C(C)C(CC)C,AAA{A}A{~B}A,17.07,64.15,8.025,17.07
isoguanine,Nc1nc(O)nc2nc[nH]c12,-3.401,[nH]1cnc2c1c(N)nc(O)n2,Darda{B}dasda{dQ}ars,37.79,99.98,99.97,37.79
bromadiolone,OC(CC(c1ccccc1)c3c(O)c2ccccc2oc3=O)c4ccc(cc4)c5ccc(Br)cc5,-4.445,c1(ccc(cc1)-c1ccc(cc1)Br)C(CC(c1ccccc1)c1c(O)c2ccccc2oc1=O)O,BA{AA{araaaaar}ata{B}asaaaaasbat~B}auaaa{aau}avaaa{Y}aav,45.71,83.15,75.65,45.71
Nitromethane,CN(=O)=O,0.26,O=[N+](C)[O-],AD{~B}~B,10.02,70.7,2.418,10.02
Triallate,CC(C)N(C(C)C)C(=O)SCC(Cl)=C(Cl)Cl,-4.88,N(C(SCC(Cl)=C(Cl)Cl)=O)(C(C)C)C(C)C,AA{A}D{A{A}A}A{~B}EAA{Z}~A{Z}Z,49.01,59.34,56.18,49.01
"1,5-Hexadiene",C=CCCC=C,-2.68,C(CCC=C)=C,A~AAAA~A,32.32,33.79,89.78,32.32
Indole,c2ccc1[nH]ccc1c2,-1.52,c12ccccc1[nH]cc2,asaaar{dQ}aaaras,23.52,15.54,40.76,23.52
Androstenedione,CC34CCC1C(CCC2=CC(=O)CCC12C)C3CCC4=O,-3.69,C12C(C3C(CC1)(C)C(=O)CC3)CCC1C2(C)CCC(=O)C=1,AAtuAAArA{AAAs~AA{~B}AAArsA}AtAAAu~B,39.98,95.32,97.58,39.98
1-Hexene,CCCCC=C,-3.23,C(C)CCC=C,AAAAA~A,36.49,23.11,99.6,36.49
Xipamide,Cc1cccc(C)c1NC(=O)c2cc(c(Cl)cc2O)S(N)(=O)=O,-3.79,c1(NC(c2c(cc(Cl)c(c2)S(=O)(=O)N)O)=O)c(C)cccc1C,Aaraaaa{A}arDA{~B}asaa{a{Z}aasB}E{D}{~B}~B,40.74,93.71,95.9,40.74
Ethylcyclohexane,CCC1CCCCC1,-4.25,C1CCC(CC1)CC,AAArAAAAAr,44.23,86.29,83.14,44.23
2-Nonanone,CCCCCCCC(=O)C,-2.58,C(CC)CCCCC(=O)C,AAAAAAAA{~B}A,31.56,35.73,86.72,31.56
Mebendazole,COC(=O)Nc2nc1ccc(cc1[nH]2)C(=O)c3ccccc3,-3.88,c1cc2c([nH]c(NC(=O)OC)n2)cc1C(=O)c1ccccc1,ABA{~B}Dasdaraaa{aar{dQ}s}A{~B}ataaaaat,41.43,92.26,94.04,41.43
Chloropham,CC(C)OC(=O)Nc1cccc(Cl)c1,-3.38,C(OC(C)C)(=O)Nc1cccc(Cl)c1,AA{A}BA{~B}Daraaaa{Z}ar,37.63,20.19,99.99,37.63
RTI 12,CCN2c1nc(Cl)ccc1N(C)C(=O)c3cccnc23,-4.114,c12c(N(c3c(cccn3)C(N1C)=O)CC)nc(cc2)Cl,AADsarda{Z}aaarD{A}A{~B}ataaadast,43.2,88.48,87.71,43.2
Carbaryl,CNC(=O)Oc1cccc2ccccc12,-3.224,O=C(NC)Oc1cccc2ccccc21,ADA{~B}Baraaaasaaaaars,36.45,23.22,99.56,36.45
Ethyne,C#C,0.29,C#C,A^A,9.788,70.92,2.877,9.788
"3,5-Dimethylpyridine",Cc1cncc(C)c1,0.38,c1ncc(C)cc1C,Aaradaa{A}ar,9.105,71.55,4.482,9.105
"1,4-Cyclohexadiene",C1C=CCC=C1,-2.06,C1CC=CCC=1,ArA~AAA~Ar,27.62,5.502,66.15,27.62
Mecarbam,CCOC(=O)N(C)C(=O)CSP(=S)(OCC)OCC,-2.518,S(CC(=O)N(C)C(OCC)=O)P(OCC)(OCC)=S,AABA{~B}D{A}A{~B}AEF{~E}{BAA}BAA,31.09,36.93,84.65,31.09
1-Phenylethanol,CC(O)c1ccccc1,-0.92,c1ccccc1C(C)O,AA{B}araaaaar,18.97,62.39,15.63,18.97
"1,2-Dichloropropane",CC(Cl)CCl,-1.6,CC(CCl)Cl,AA{Z}AZ,24.13,14.05,44.53,24.13
2-Ethyl-2-hexanal,CCCC=C(CC)C=O,-2.46,O=CC(CC)=CCCC,AAAA~A{AA}A~B,30.65,38.06,82.6,30.65
Disulfoton,CCOP(=S)(OCC)SCCSCC,-4.23,O(CC)P(=S)(OCC)SCCSCC,AABF{~E}{BAA}EAAEAA,44.08,86.61,83.85,44.08
methyltestosterone acetate,CC(=O)OC3(C)CCC4C2CCC1=CC(=O)CCC1(C)C2CCC34C,-5.284,C12C3CCC(C)(OC(C)=O)C3(CCC2C2(C)C(CC1)=CC(=O)CC2)C,AA{~B}BAt{A}AAAuAsAAAr~AA{~B}AAAr{A}AsAAAtuA,52.08,58.18,37.09,52.08
"2,4,6-PCB",Clc1ccc(cc1)c2c(Cl)cccc2Cl,-6.14,Clc1ccc(cc1)-c1c(cccc1Cl)Cl,Zaraaa{aar}asa{Z}aaaasZ,58.57,55.71,5.964,58.57
difluron,Fc1cccc(F)c1C(=O)NC(=O)Nc2ccc(Cl)cc2,-6.02,c1(c(c(F)ccc1)C(=O)NC(=O)Nc1ccc(cc1)Cl)F,Garaaaa{G}arA{~B}DA{~B}Dasaaa{Z}aas,57.66,56.06,8.955,57.66
Triclosan,Oc1cc(Cl)ccc1Oc2ccc(Cl)cc2Cl,-4.46,c1(Cl)cc(Cl)c(cc1)Oc1ccc(Cl)cc1O,Baraa{Z}aaarBasaaa{Z}aasZ,45.83,82.9,75.03,45.83
diisooctyl phthalate,c1(C(=O)OCCCCCC(C)(C))c(C(=O)OCCCCCC(C)(C))cccc1,-6.6370000000000005,C(CCCOC(=O)c1c(cccc1)C(OCCCCCC(C)C)=O)CC(C)C,ar{A{~B}BAAAAAA{A}{A}}a{A{~B}BAAAAAA{A}{A}}aaaar,62.34,54.28,0.00955,62.34
Corticosterone,CC12CC(O)C3C(CCC4=CC(=O)CCC34C)C2CCC1C(=O)CO,-3.24,C12CCC3C(C1(C)CCC(C=2)=O)C(O)CC1(C)C3CCC1C(=O)CO,AArsAA{B}AtA{AAAu~AA{~B}AAAtuA}AsAAArA{~B}AB,36.57,22.91,99.66,36.57
"1,3,5-Trimethylbenzene",Cc1cc(C)cc(C)c1,-3.4,Cc1cc(C)cc(c1)C,Aaraa{A}aa{A}ar,37.78,100.0,99.97,37.78
dioctyl phthalate,CCCCCCCCOC(=O)c1ccccc1C(=O)OCCCCCCCC,-5.115,c1(C(OCCCCCCCC)=O)ccccc1C(OCCCCCCCC)=O,AAAAAAAABA{~B}araaaaarA{~B}BAAAAAAAA,50.8,58.66,45.0,50.8
1-Pentadecanol,CCCCCCCCCCCCCCCO,-6.35,C(CCCCCCCO)CCCCCCC,AAAAAAAAAAAAAAAB,60.17,55.11,2.134,60.17
"2,2',6,6'-PCB",Clc1cccc(Cl)c1c2c(Cl)cccc2Cl,-7.39,c1c(Cl)c(-c2c(Cl)cccc2Cl)c(cc1)Cl,Zaraaaa{Z}arasa{Z}aaaasZ,68.06,52.12,11.71,68.06
"5,5-Dimethylbarbituric acid",O=C1NC(=O)NC(=O)C1(C)C,-1.742,C1(NC(=O)NC(=O)C1(C)C)=O,B~ArDA{~B}DA{~B}Ar{A}A,25.2,11.41,51.29,25.2
2-Iodopropane,CC(C)I,-2.09,IC(C)C,AA{A}H,27.85,4.944,67.5,27.85
"1,2-Dinitrobenzene",O=N(=O)c1ccccc1N(=O)=O,-3.1,c1(ccccc1[N+](=O)[O-])[N+]([O-])=O,B~D{~B}araaaaarD{~B}~B,35.51,25.63,98.44,35.51
3-Methyl-2-butanone,CC(C)C(=O)C,-0.12,CC(C(C)=O)C,AA{A}A{~B}A,12.9,68.03,0.06263,12.9
Hexadecane,CCCCCCCCCCCCCCCC,-8.4,C(CCCCCCCCCCC)CCCC,AAAAAAAAAAAAAAAA,75.72,49.21,54.52,75.72
"1,8-Cineole",CC12CCC(CC1)C(C)(C)O2,-1.74,C12CCC(CC1)(OC2(C)C)C,AArsAAA{AAr}A{A}{A}Bs,25.19,11.45,51.19,25.19
Tricyclazole,Cc2cccc3sc1nncn1c23,-2.07,c1cc2c(c(c1)C)n1cnnc1s2,Aasaaaatearddadrast,27.69,5.316,66.6,27.69
2-Octanone,CCCCCCC(=O)C,-2.05,CC(=O)CCCCCC,AAAAAAA{~B}A,27.54,5.688,65.7,27.54
Methyl nonanoate,CCCCCCCCC(=O)OC,-3.38,C(CCCC)CCCC(OC)=O,AAAAAAAAA{~B}BA,37.63,20.19,99.99,37.63
"1,4-Difluorobenzene",Fc1ccc(F)cc1,-1.97,c1(ccc(cc1)F)F,Garaaa{G}aar,26.93,7.175,62.04,26.93
Thalidomide,O=C1N(C2CCC(=O)NC2=O)C(=O)c3ccccc13,-2.676,C1(=O)N(C(=O)c2c1cccc2)C1CCC(=O)NC1=O,B~ArD{AsAAA{~B}DAs~B}A{~B}ataaaaart,32.29,33.86,89.67,32.29
Trifluralin,CCCN(CCC)c1c(cc(cc1N(=O)=O)C(F)(F)F)N(=O)=O,-5.68,[N+](c1cc(C(F)(F)F)cc(c1N(CCC)CCC)[N+]([O-])=O)([O-])=O,AAAD{AAA}ara{aa{aarD{~B}~B}A{G}{G}G}D{~B}~B,55.08,57.04,20.19,55.08
Ethanol,CCO,1.1,C(O)C,AAB,3.642,76.62,27.91,3.642
Cyclopentyl-5-spirobarbituric acid,O=C2NC(=O)C1(CCCC1)C(=O)N2,-2.349,C1CCC2(C1)C(NC(NC2=O)=O)=O,B~AsDA{~B}Ar{AAAAr}A{~B}Ds,29.81,0.1301,78.42,29.81
Carbetamide,c1c(NC(=O)OC(C)C(=O)NCC)cccc1,-1.83,c1cc(ccc1)NC(=O)OC(C(=O)NCC)C,ara{DA{~B}BA{A}A{~B}DAA}aaaar,25.87,9.777,55.47,25.87
phenothrin,CC(C)=CC3C(C(=O)OCc2cccc(Oc1ccccc1)c2)C3(C)C,-5.24,C(OCc1cccc(Oc2ccccc2)c1)(=O)C1C(C)(C)C1C=C(C)C,AA{A}~AAtA{A{~B}BAasaaaa{Baraaaaar}as}At{A}A,51.75,58.3,39.12,51.75
Cycluron,CN(C)C(=O)NC1CCCCCCC1,-2.218,C(NC1CCCCCCC1)(=O)N(C)C,AD{A}A{~B}DArAAAAAAAr,28.82,2.565,73.07,28.82
Mirex,ClC1(C2(Cl)C3(Cl)C4(Cl)C5(Cl)C1(Cl)C3(Cl)Cl)C5(Cl)C(Cl)(Cl)C24Cl,-6.8,C12(Cl)C(Cl)(Cl)C3(C4(C5(Cl)C(C(C24Cl)(Cl)C1(Cl)C35Cl)(Cl)Cl)Cl)Cl,ZAr{As{Z}At{Z}Au{Z}Av{Z}Ar{Z}At{Z}Z}Av{Z}A{Z}{Z}AsuZ,63.58,53.81,0.4608,63.58
1-Bromooctane,CCCCCCCCBr,-5.06,C(CCCCBr)CCC,AAAAAAAAY,50.38,58.82,47.62,50.38
Benomyl,CCCCNC(=O)n1c(NC(=O)OC)nc2ccccc12,-4.883,O(C)C(Nc1nc2c(cccc2)n1C(=O)NCCCC)=O,AAAADA{~B}dra{DA{~B}BA}dasaaaaars,49.04,59.33,56.04,49.04
aminopyrine,CN(C)c2c(C)n(C)n(c1ccccc1)c2=O,-0.364,c1ccc(cc1)-n1c(c(c(n1C)C)N(C)C)=O,AD{A}asa{A}d{A}d{araaaaar}as~B,14.75,66.31,1.985,14.75
3-Pentanol,CCC(O)CC,-0.24,C(CC)(CC)O,AAA{B}AA,13.81,67.18,0.6747,13.81
p-Nitrotoluene,Cc1ccc(cc1)N(=O)=O,-2.49,[O-][N+](=O)c1ccc(cc1)C,Aaraaa{aar}D{~B}~B,30.88,37.48,83.67,30.88
4-Methylpentanol,CC(C)CCCO,-1.14,C(C)(CCCO)C,AA{A}AAAB,20.64,60.85,23.94,20.64
Norethisterone,CC34CCC1C(CCC2=CC(=O)CCC12O)C3CCC4(O)C#C,-4.57,C12(C(CCC2C2CCC3=CC(=O)CCC3(C2CC1)O)(O)C#C)C,AAtuAAArA{AAAs~AA{~B}AAArsB}AtAAAu{B}A^A,46.66,81.13,70.37,46.66
bromopropylate,CC(C)OC(=O)C(O)(c1ccc(Br)cc1)c2ccc(Br)cc2,-4.93,C(C)(C)OC(C(O)(c1ccc(cc1)Br)c1ccc(cc1)Br)=O,AA{A}BA{~B}A{B}{araaa{Y}aar}asaaa{Y}aas,49.39,59.19,53.81,49.39
Pyrazon,Nc2cnn(c1ccccc1)c(=O)c2Cl,-2.878,c1ccc(cc1)-n1c(c(c(N)cn1)Cl)=O,Dasadd{araaaaar}a{~B}asZ,33.82,29.94,94.76,33.82
2-Methylbutan-2-ol,CCC(C)(C)O,0.15,C(C)(C)(O)CC,AAA{A}{A}B,10.85,69.93,1.071,10.85
p-Cresol,Cc1ccc(O)cc1,-0.73,Oc1ccc(C)cc1,Aaraaa{B}aar,17.53,63.73,9.647,17.53
Ethyl formate,CCOC=O,0.15,C(OC=O)C,AABA~B,10.85,69.93,1.071,10.85
"N,N-Dimethylaniline",CN(C)c1ccccc1,-1.92,c1cc(ccc1)N(C)C,AD{A}araaaaar,26.56,8.104,59.71,26.56
Decalin,C1CCC2CCCCC2C1,-5.19,C1CC2CCCCC2CC1,ArAAAsAAAAAsAr,51.37,58.45,41.46,51.37
Butanethiol,CCCCS,-2.18,C(C)CCS,AAAAE,28.53,3.271,71.45,28.53
Benzo(e)pyrene,c1ccc2c(c1)c3cccc4ccc5cccc2c5c43,-7.8,c12c3c4c(cccc4ccc3ccc1)c1ccccc12,araaasa{ar}ataaaauaaavaaaasavaut,71.17,50.94,26.85,71.17
Tetrachloroethylene,ClC(=C(Cl)Cl)Cl,-2.54,C(Cl)(Cl)=C(Cl)Cl,ZA{~A{Z}Z}Z,31.26,36.5,85.4,31.26
3-Pentanone,CCC(=O)CC,-0.28,C(C(CC)=O)C,AAA{~B}AA,14.11,66.9,1.023,14.11
Acrylonitrile,C=CC#N,0.15,C(C=C)#N,A~AA^D,10.85,69.93,1.071,10.85
Flumethasone,CC1CC2C3CC(F)C4=CC(=O)C=CC4(C)C3(F)C(O)CC2(C)C1(O)C(=O)CO,-5.613,C12CC(C3=CC(C=CC3(C1(C(CC1(C(O)(C(C)CC21)C(CO)=O)C)O)F)C)=O)F,AArAAsAtAA{G}Au~AA{~B}A~AAu{A}At{G}A{B}AAs{A}Ar{B}A{~B}AB,54.58,57.23,22.81,54.58
2-Hexanone,CCCCC(=O)C,-0.8,C(CCC)C(C)=O,AAAAA{~B}A,18.06,63.24,11.71,18.06
Terbumeton,CCNc1nc(NC(C)(C)C)nc(OC)n1,-3.239,n1c(nc(nc1NC(C)(C)C)OC)NCC,AADarda{DA{A}{A}A}da{BA}dr,36.56,22.93,99.65,36.56
3-Methylheptane,CCCCC(C)CC,-5.16,C(CC)(C)CCCC,AAAAA{A}AA,51.14,58.53,42.87,51.14
"1,2-Dibromoethane",BrCCBr,-1.68,C(CBr)Br,YAAY,24.73,12.57,48.33,24.73
Isoprocarb,CNC(=O)Oc1ccccc1C(C)C,-2.863,c1cccc(OC(NC)=O)c1C(C)C,ADA{~B}BaraaaaarA{A}A,33.71,30.23,94.44,33.71
Niridazole,O=C1NCCN1c2ncc(s2)N(=O)=O,-3.22,C1(NCCN1c1ncc(s1)[N+](=O)[O-])=O,B~ArDAADrasdaa{es}D{~B}~B,36.42,23.3,99.54,36.42
Benzo(a)fluorene,C1c2ccccc2c3ccc4ccccc4c13,-6.68,c1cc2ccc3c(c2cc1)Cc1ccccc-31,Arasaaaaasataaauaaaaauart,62.67,54.16,0.0115,62.67
2-Chloroanisole,COc1ccccc1Cl,-2.46,c1(c(cccc1)Cl)OC,ABaraaaaarZ,30.65,38.06,82.6,30.65
Bromophos,COP(=S)(OC)Oc1cc(Cl)c(Br)cc1Cl,-6.09,Brc1cc(Cl)c(OP(=S)(OC)OC)cc1Cl,ABF{~E}{BA}Baraa{Z}a{Y}aarZ,58.19,55.86,7.142,58.19
Quinonamid,ClC(Cl)CC(=O)NC2=C(Cl)C(=O)c1ccccc1C2=O,-5.03,C1(Cl)C(c2c(cccc2)C(C=1NC(=O)CC(Cl)Cl)=O)=O,ZA{Z}AA{~B}DAs~A{Z}A{~B}araaaaarAs~B,50.15,58.91,49.05,50.15
"P,P'-DDD",ClC(Cl)C(c1ccc(Cl)cc1)c2ccc(Cl)cc2,-7.2,c1c(ccc(c1)C(c1ccc(Cl)cc1)C(Cl)Cl)Cl,ZA{Z}A{araaa{Z}aar}asaaa{Z}aas,66.62,52.66,6.541,66.62
Methyl acrylate,COC(=O)C=C,-0.22,O=C(C=C)OC,ABA{~B}A~A,13.66,67.32,0.5276,13.66
Chloroxuron,CN(C)C(=O)Nc2ccc(Oc1ccc(Cl)cc1)cc2,-4.89,N(C)(C(=O)Nc1ccc(Oc2ccc(Cl)cc2)cc1)C,AD{A}A{~B}Dasaaa{Baraaa{Z}aar}aas,49.09,59.31,55.71,49.09
Azobenzene,N(=Nc1ccccc1)c2ccccc2,-4.45,c1cc(ccc1)N=Nc1ccccc1,D{~Daraaaaar}asaaaaas,45.75,83.06,75.45,45.75
4-Isopropyltoluene,CC(C)c1ccc(C)cc1,-3.77,c1cc(C(C)C)ccc1C,AA{A}araaa{A}aar,40.59,94.03,96.27,40.59
"2,6-Dichlorophenol",Oc1c(Cl)cccc1Cl,-1.79,Clc1c(c(Cl)ccc1)O,Bara{Z}aaaarZ,25.57,10.52,53.57,25.57
Sucrose,OCC2OC(OC1(CO)OC(CO)C(O)C1O)C(O)C(O)C2O,0.79,OCC1C(C(O)C(CO)(O1)OC1C(C(O)C(C(O1)CO)O)O)O,BAAsBA{BAr{AB}BA{AB}A{B}ArB}A{B}A{B}AsB,5.994,74.44,15.8,5.994
d-inositol,OC1C(O)C(O)C(O)C(O)C1O,0.35,OC1C(C(O)C(C(C1O)O)O)O,BArA{B}A{B}A{B}A{B}ArB,9.332,71.34,3.909,9.332
Dyphylline,Cn2c(=O)n(C)c1ncn(CC(O)CO)c1c2=O,-0.17,n1(c(=O)n(c(=O)c2c1ncn2CC(O)CO)C)C,Adsa{~B}d{A}ardad{AA{B}AB}aras~B,13.28,67.68,0.2386,13.28
Chloramphenicol,OCC(NC(=O)C(Cl)Cl)C(O)c1ccc(cc1)N(=O)=O,-2.111,C(NC(C(Cl)Cl)=O)(CO)C(c1ccc([N+]([O-])=O)cc1)O,BAA{DA{~B}A{Z}Z}A{B}araaa{aar}D{~B}~B,28.0,4.554,68.43,28.0
3-Ethyl-3-pentanol,CCC(O)(CC)CC,-0.85,C(CC)(CC)(O)CC,AAA{B}{AA}AA,18.44,62.89,13.28,18.44
Epitostanol,CC45CCC2C(CCC3CC1SC1CC23C)C4CCC5O,-5.41,C1C2C3(CC4C(S4)CC3CCC2C2CCC(O)C2(C)C1)C,AAuvAAAsA{AAAtAArEArAAstA}AuAAAvB,53.03,57.81,31.39,53.03
"1,2-Dibromobenzene",Brc1ccccc1Br,-3.5,Brc1c(cccc1)Br,YaraaaaarY,38.54,98.39,99.57,38.54
"2,4,6-Trichlorophenol",Oc1c(Cl)cc(Cl)cc1Cl,-2.34,c1(Cl)c(c(cc(c1)Cl)Cl)O,Bara{Z}aa{Z}aarZ,29.74,0.2974,78.06,29.74
oryzalin,CCCN(CCC)c1c(cc(cc1N(=O)=O)S(N)(=O)=O)N(=O)=O,-5.16,O=[N+]([O-])c1cc(cc([N+]([O-])=O)c1N(CCC)CCC)S(=O)(N)=O,AAAD{AAA}ara{aa{aarD{~B}~B}E{D}{~B}~B}D{~B}~B,51.14,58.53,42.87,51.14
RTI 20,C2c1ccccc1N(CCF)C(=O)c3ccccc23,-4.799,c1ccc2N(CCF)C(=O)c3c(cccc3)Cc2c1,AsaraaaaarD{AAG}A{~B}ataaaaast,48.4,59.57,59.99,48.4
"2,4-Dimethyl-3-pentanone",CC(C)C(=O)C(C)C,-1.3,C(C)(C(C(C)C)=O)C,AA{A}A{~B}A{A}A,21.85,19.63,30.73,21.85
5-(3-Methyl-2-butenyl)-5-isoPrbarbital,O=C1NC(=O)NC(=O)C1(C(C)C)CC=C(C)C,-2.593,O=C1NC(C(C(N1)=O)(CC=C(C)C)C(C)C)=O,B~ArDA{~B}DA{~B}Ar{A{A}A}AA~A{A}A,31.66,35.48,87.14,31.66
gentisin,c1c(O)C2C(=O)C3cc(O)ccC3OC2cc1(OC),-2.943,OC1C=CC2C(C(=O)C3C(O2)C=C(OC)C=C3O)C=1,ara{B}AsA{~B}Ataa{B}aaAtBAsaar{BA},34.32,28.68,96.05,34.32
Caffeine,Cn1cnc2n(C)c(=O)n(C)c(=O)c12,-0.8759999999999999,c1nc2c(n1C)c(=O)n(C)c(n2C)=O,Adradasd{A}a{~B}d{A}a{~B}ars,18.63,62.7,14.13,18.63
Spironolactone,CC(=O)SC4CC1=CC(=O)CCC1(C)C5CCC2(C)C(CCC23CCC(=O)O3)C45,-4.173,C1C2=CC(CCC2(C)C2CCC3(C)C4(CCC3C2C1SC(=O)C)CCC(=O)O4)=O,AA{~B}EAuAAr~AA{~B}AAAr{A}AvAAAs{A}A{AAAstAAA{~B}Bt}Auv,43.65,87.53,85.8,43.65
"3,4-Dimethylphenol",Cc1ccc(O)cc1C,-1.38,Cc1cc(O)ccc1C,Aaraaa{B}aarA,22.46,18.14,34.3,22.46
Diphenyl ether,O(c1ccccc1)c2ccccc2,-3.96,c1c(cccc1)Oc1ccccc1,B{araaaaar}asaaaaas,42.03,90.97,92.1,42.03
"2,2',4,4',5,5'-PCB",Clc1cc(Cl)c(cc1Cl)c2cc(Cl)c(Cl)cc2Cl,-8.56,c1(Cl)cc(Cl)c(cc1Cl)-c1cc(c(cc1Cl)Cl)Cl,Zaraa{Z}a{aarZ}asaa{Z}a{Z}aasZ,76.93,48.75,62.04,76.93
nicotinamide,NC(=O)c1cccnc1,0.61,n1cc(ccc1)C(N)=O,DA{~B}araaadar,7.36,73.17,10.07,7.36
Thiophenol,Sc1ccccc1,-2.12,c1ccccc1S,Earaaaaar,28.07,4.387,68.83,28.07
XMC,CNC(=O)Oc1cc(C)cc(C)c1,-2.5810000000000004,c1(cc(cc(C)c1)OC(NC)=O)C,ADA{~B}Baraa{A}aa{A}ar,31.57,35.71,86.75,31.57
Chlordane,ClC1CC2C(C1Cl)C3(Cl)C(=C(Cl)C2(Cl)C3(Cl)Cl)Cl,-6.86,C1(=C(Cl)C2(Cl)C(C1(Cl)C1C2C(C(Cl)C1)Cl)(Cl)Cl)Cl,ZArAAsA{ArZ}At{Z}A{~A{Z}As{Z}At{Z}Z}Z,64.04,53.64,0.929,64.04
Dimethyldisulfide,CSSC,-1.44,S(SC)C,AEEA,22.91,17.03,37.04,22.91
Benzamide,NC(=O)c1ccccc1,-0.96,O=C(N)c1ccccc1,DA{~B}araaaaar,19.27,62.11,17.04,19.27
o-Chlorobromobenzene,Clc1ccccc1Br,-3.19,c1(Br)ccccc1Cl,ZaraaaaarY,36.19,23.88,99.33,36.19
Monotropitoside,COC(=O)c1ccccc1OC2OC(COC3OCC(O)C(O)C3O)C(O)C(O)C2O,-0.742,c1(OC2OC(C(O)C(C2O)O)COC2C(C(O)C(CO2)O)O)c(C(=O)OC)cccc1,ABA{~B}araaaaarBAsBA{ABAtBAA{B}A{B}AtB}A{B}A{B}AsB,17.62,63.65,9.988,17.62
3-Heptanol,CCCCC(O)CC,-1.47,CCC(CCCC)O,AAAAA{B}AA,23.14,16.47,38.43,23.14
RTI 15,CCN2c1nc(C)cc(C)c1NC(=O)c3cccnc23,-4.553999999999999,N1C(=O)c2c(nccc2)N(c2c1c(cc(C)n2)C)CC,AADsarda{A}aa{A}arDA{~B}ataaadast,46.54,81.39,71.06,46.54
"3,5-Dichlorophenol",Oc1cc(Cl)cc(Cl)c1,-1.34,c1(Cl)cc(cc(O)c1)Cl,Baraa{Z}aa{Z}ar,22.15,18.88,32.5,22.15
1-Methylphenanthrene,Cc1cccc2c1ccc3ccccc32,-5.85,c1cc(c2ccc3ccccc3c2c1)C,Aaraaaasaraaataaaaats,56.37,56.55,14.1,56.37
2-Ethyl-1-hexanol,CCCCC(CC)CO,-2.11,C(C(CO)CC)CCC,AAAAA{AA}AB,28.0,4.572,68.39,28.0
Diallate,CC(C)N(C(C)C)C(=O)SCC(=CCl)Cl,-4.2860000000000005,CC(C)N(C(SCC(=CCl)Cl)=O)C(C)C,AA{A}D{A{A}A}A{~B}EAA{~AZ}Z,44.51,85.71,81.84,44.51
Toluene,Cc1ccccc1,-2.21,c1cc(C)ccc1,Aaraaaaar,28.76,2.714,72.73,28.76
Nitrapyrin,Clc1cccc(n1)C(Cl)(Cl)Cl,-3.76,c1cc(C(Cl)(Cl)Cl)nc(Cl)c1,Zaraaaa{dr}A{Z}{Z}Z,40.52,94.19,96.45,40.52
Cycloheptene,C1CCC=CCC1,-3.18,C1CCCCC=C1,ArAAA~AAAr,36.12,24.08,99.24,36.12
Thiram,CN(C)C(=S)SSC(=S)N(C)C,-3.9,S(C(N(C)C)=S)SC(N(C)C)=S,AD{A}A{~E}EEA{~E}D{A}A,41.58,91.94,93.58,41.58
Griseofulvin,COC1=CC(=O)CC(C)C13Oc2c(Cl)c(OC)cc(OC)c2C3=O,-3.2460000000000004,C1(CC(C=C(C12C(c1c(c(c(OC)cc1OC)Cl)O2)=O)OC)=O)C,ABAr~AA{~B}AA{A}ArtBasa{Z}a{BA}aa{BA}asAt~B,36.62,22.8,99.69,36.62
1-Decanol,CCCCCCCCCCO,-3.63,OCCCCCCCCCC,AAAAAAAAAAB,39.53,96.29,98.38,39.53
"3,3-Dimethylpentane",CCC(C)(C)CC,-4.23,C(C(C)(CC)C)C,AAA{A}{A}AA,44.08,86.61,83.85,44.08
vamidothion,CNC(=O)C(C)SCCSP(=O)(OC)(OC),1.144,P(=O)(SCCSC(C)C(=O)NC)(OC)OC,ADA{~B}A{A}EAAEF{~B}{BA}{BA},3.308,76.93,29.81,3.308
"2,3,4,5-Tetrachlorophenol",Oc1cc(Cl)c(Cl)c(Cl)c1Cl,-3.15,Clc1c(Cl)c(cc(O)c1Cl)Cl,Baraa{Z}a{Z}a{Z}arZ,35.89,24.66,98.98,35.89
Butyraldehyde,CCCC=O,-0.01,C(C=O)CC,AAAA~B,12.06,68.8,0.07512,12.06
dexamethasone acetate,CC4CC3C2CCC1=CC(=O)C=CC1(C)C2(F)C(O)CC3(C)C4(O)C(=O)COC(C)=O,-4.9,FC12C3(C)C=CC(C=C3CCC1C1CC(C(C1(C)CC2O)(C(=O)COC(=O)C)O)C)=O,AAuAAtAsAAAr~AA{~B}A~AAr{A}As{G}A{B}AAt{A}Au{B}A{~B}ABA{A}~B,49.17,59.28,55.23,49.17
Butane,CCCC,-2.57,C(C)CC,AAAA,31.49,35.92,86.39,31.49
o-Methoxyphenol,COc1ccccc1O,-1.96,c1(O)ccccc1OC,ABaraaaaarB,26.86,7.361,61.57,26.86
Fluoromethalone,CC1CC2C3CCC(O)(C(=O)C)C3(C)CC(O)C2(F)C4(C)C=CC(=O)C=C14,-4.099,O=C1C=CC2(C)C3(C(CC(C)C2=C1)C1C(C)(CC3O)C(O)(CC1)C(C)=O)F,AArAAsAtAAA{B}{A{~B}A}At{A}AA{B}As{G}Au{A}A~AA{~B}A~Aru,43.09,88.73,88.17,43.09
Pentachloroethane,ClC(Cl)C(Cl)(Cl)Cl,-2.6,C(Cl)(C(Cl)(Cl)Cl)Cl,ZA{Z}A{Z}{Z}Z,31.71,35.34,87.36,31.71
Diethyl phthalate,CCOC(=O)c1ccccc1C(=O)OCC,-2.35,CCOC(=O)c1c(C(OCC)=O)cccc1,AABA{~B}araaaaarA{~B}BAA,29.82,0.1115,78.46,29.82
2-Methylpropan-1-ol,CC(C)CO,0.1,C(C)(CO)C,AA{A}AB,11.23,69.58,0.6363,11.23
Isobutylbenzene,CC(C)Cc1ccccc1,-4.12,c1cccc(CC(C)C)c1,AA{A}Aaraaaaar,43.25,88.39,87.52,43.25
Diiodomethane,ICI,-2.34,C(I)I,HAH,29.74,0.2974,78.06,29.74
4-Heptanol,CCCC(O)CCC,-1.4,CCCC(CCC)O,AAAA{B}AAA,22.61,17.77,35.21,22.61
Pentyl acetate,CCCCCOC(=O)C,-1.89,O(CCCCC)C(C)=O,AAAAABA{~B}A,26.33,8.662,58.3,26.33
"2,3,5,6-Tetrachlorophenol",Oc1c(Cl)c(Cl)cc(Cl)c1Cl,-3.37,Clc1c(Cl)c(O)c(Cl)c(Cl)c1,Bara{Z}a{Z}aa{Z}arZ,37.56,20.39,100.0,37.56
Propylbenzene,CCCc1ccccc1,-3.37,c1cc(ccc1)CCC,AAAaraaaaar,37.56,20.39,100.0,37.56
"1,2-Dichlorotetrafluoroethane",FC(F)(Cl)C(F)(F)Cl,-2.74,FC(F)(Cl)C(Cl)(F)F,GA{G}{Z}A{G}{G}Z,32.78,32.62,91.45,32.78
2-butenal,CC=CC=O,0.32,C(C)=CC=O,AA~AA~B,9.56,71.13,3.374,9.56
tetramethylurea,CN(C)C(=O)N(C)C,0.94,CN(C(N(C)C)=O)C,AD{A}A{~B}D{A}A,4.856,75.49,21.35,4.856
"1,2,4,5-Tetramethylbenzene",Cc1cc(C)c(C)cc1C,-4.59,Cc1c(C)cc(C)c(c1)C,Aaraa{A}a{A}aarA,46.81,80.81,69.49,46.81
norethindrone acetate,CC(=O)OC3(CCC4C2CCC1=CC(=O)CCC1C2CCC34C)C#C,-4.8,C12=CC(=O)CCC2C2C(C3CCC(OC(C)=O)(C#C)C3(C)CC2)CC1,AA{~B}BAt{AAAuAsAAAr~AA{~B}AAArAsAAAtuA}A^A,48.41,59.57,59.94,48.41
Ditalimfos,CCOP(=S)(OCC)N2C(=O)c1ccccc1C2=O,-3.35,c1cccc2C(N(C(c12)=O)P(OCC)(OCC)=S)=O,AABF{~E}{BAA}DsA{~B}araaaaarAs~B,37.41,20.78,100.0,37.41
salicylanilide,c1ccccc1NC(=O)c2c(O)cccc2,-3.59,c1cc(ccc1)NC(c1ccccc1O)=O,araaaaarDA{~B}asa{B}aaaas,39.23,96.94,98.83,39.23
Sulfallate,CCN(CC)C(=S)SCC(Cl)=C,-3.39,S=C(SCC(Cl)=C)N(CC)CC,AAD{AA}A{~E}EAA{Z}~A,37.71,20.0,99.98,37.71
Chloroethane,ClCC,-1.06,C(C)Cl,ZAA,20.03,61.41,20.77,20.03
Mefluidide,CC(=O)Nc1cc(NS(=O)(=O)C(F)(F)F)c(C)cc1C,-3.24,c1(NS(=O)(=O)C(F)(F)F)cc(NC(C)=O)c(C)cc1C,AA{~B}Daraa{DE{~B}{~B}A{G}{G}G}a{A}aarA,36.57,22.91,99.66,36.57
Piperine,O=C(C=CC=Cc2ccc1OCOc1c2)N3CCCCC3,-3.46,c1c2c(ccc1C=CC=CC(N1CCCCC1)=O)OCO2,B~A{A~AA~AasaaarBABaras}DtAAAAAt,38.24,99.03,99.78,38.24
cis-2-Pentene,CC/C=C\C,-2.54,C(\C)=C\CC,AA|A~A!A,31.26,36.5,85.4,31.26
thiofanox,CNC(=O)ON=C(CSC)C(C)(C)C,-1.62,N(OC(NC)=O)=C(C(C)(C)C)CSC,ADA{~B}BD~A{AEA}A{A}{A}A,24.28,13.68,45.48,24.28
Cyclooctyl-5-spirobarbituric acid,O=C2NC(=O)C1(CCCCCCC1)C(=O)N2,-2.982,O=C1NC(NC(=O)C21CCCCCCC2)=O,B~AsDA{~B}Ar{AAAAAAAr}A{~B}Ds,34.61,27.92,96.75,34.61
butacarb,c1(C(C)(C)C)cc(C(C)(C)C)cc(OC(=O)NC)c1,-4.24,c1c(OC(NC)=O)cc(cc1C(C)(C)C)C(C)(C)C,ar{A{A}{A}A}aa{A{A}{A}A}aa{BA{~B}DA}ar,44.16,86.45,83.5,44.16
Eriodictyol,Oc2cc(O)c1C(=O)CC(Oc1c2)c3ccc(O)c(O)c3,-3.62,Oc1c2c(cc(c1)O)OC(c1cc(c(cc1)O)O)CC2=O,Basaa{B}arA{~B}AA{Baras}ataaa{B}a{B}at,39.45,96.45,98.5,39.45
Benzophenone,O=C(c1ccccc1)c2ccccc2,-3.12,c1ccc(C(c2ccccc2)=O)cc1,B~A{araaaaar}asaaaaas,35.66,25.24,98.67,35.66
Eicosane,CCCCCCCCCCCCCCCCCCCC,-8.172,C(CCCCCCCCCCCCC)CCCCCC,AAAAAAAAAAAAAAAAAAAA,73.99,49.86,43.68,73.99
hydrazobenzene,N(Nc1ccccc1)c2ccccc2,-2.92,c1cccc(c1)NNc1ccccc1,D{Daraaaaar}asaaaaas,34.14,29.13,95.62,34.14
2-Ethyl-1-butanol,CCC(CC)CO,-1.17,C(O)C(CC)CC,AAA{AA}AB,20.86,60.63,25.17,20.86
4-hydroxypyridine,Oc1ccncc1,1.02,n1ccc(O)cc1,Baraadaar,4.249,76.06,24.55,4.249
"cis 1,2-Dichloroethylene",Cl\C=C/Cl,-1.3,C(\Cl)=C\Cl,Z!A~A|Z,21.85,19.63,30.73,21.85
Methylcyclopentane,CC1CCCC1,-3.3,C1CCC(C1)C,AArAAAAr,37.03,21.75,99.91,37.03
4-Methyl-2-pentanol,CC(C)CC(C)O,-0.8,CC(O)CC(C)C,AA{A}AA{A}B,18.06,63.24,11.71,18.06
RTI 11,O2c1ccc(N)cc1N(C)C(=O)c3cc(C)ccc23,-3.928,c1cc(cc2c1Oc1ccc(C)cc1C(=O)N2C)N,Bsaraaa{D}aarD{A}A{~B}ataa{A}aaast,41.79,91.48,92.91,41.79
"2,2-Dimethylpropanol",CC(C)(C)CO,-0.4,C(C(C)(C)C)O,AA{A}{A}AB,15.02,66.06,2.492,15.02
Triadimefon,CC(C)(C)C(=O)C(Oc1ccc(Cl)cc1)n2cncn2,-3.61,c1c(ccc(c1)OC(C(=O)C(C)(C)C)n1cncn1)Cl,AA{A}{A}A{~B}A{Baraaa{Z}aar}dsadads,39.38,96.61,98.61,39.38
Isocarboxazid,Cc1cc(no1)C(=O)NNCc2ccccc2,-2.461,N(Cc1ccccc1)NC(=O)c1cc(on1)C,Aaraa{dbr}A{~B}DDAasaaaaas,30.66,38.04,82.64,30.66
Propylene,CC=C,-1.08,C(=C)C,AA~A,20.18,61.27,21.54,20.18
Dichlorophen,Oc1ccc(Cl)cc1Cc2cc(Cl)ccc2O,-3.953,c1c(c(Cc2c(ccc(Cl)c2)O)cc(Cl)c1)O,Baraaa{Z}aarAasaa{Z}aaasB,41.98,91.08,92.28,41.98
Desmedipham,CCOC(=O)Nc2cccc(OC(=O)Nc1ccccc1)c2,-4.632,c1c(NC(=O)OCC)cccc1OC(=O)Nc1ccccc1,AABA{~B}Dasaaaa{BA{~B}Daraaaaar}as,47.13,80.13,67.63,47.13
Anthraquinone,O=C1c2ccccc2C(=O)c3ccccc13,-5.19,c1cccc2C(=O)c3ccccc3C(=O)c12,B~ArasaaaaasA{~B}ataaaaart,51.37,58.45,41.46,51.37
2-Octanol,CCCCCCC(C)O,-2.09,C(CCCCC)C(C)O,AAAAAAA{A}B,27.85,4.944,67.5,27.85
Oxycarboxin,CC1=C(C(=O)Nc2ccccc2)S(=O)(=O)CCO1,-2.281,c1(ccccc1)NC(C1S(CCOC=1C)(=O)=O)=O,AAr~A{A{~B}Dasaaaaas}E{~B}{~B}AABr,29.29,1.394,75.69,29.29
Butylbenzene,CCCCc1ccccc1,-4.06,c1(ccccc1)CCCC,AAAAaraaaaar,42.79,89.35,89.35,42.79
parabanic acid,O=C1NC(=O)C(=O)N1,-0.4,O=C1C(NC(N1)=O)=O,B~ArDA{~B}A{~B}Dr,15.02,66.06,2.492,15.02
Abate,COP(=S)(OC)Oc1ccc(Sc2ccc(OP(=S)(OC)OC)cc2)cc1,-6.237,c1c(ccc(c1)OP(=S)(OC)OC)Sc1ccc(OP(OC)(OC)=S)cc1,ABF{~E}{BA}Baraaa{Easaaa{BF{~E}{BA}BA}aas}aar,59.31,55.43,3.965,59.31
Chlorthalidone,NS(=O)(=O)c1cc(ccc1Cl)C2(O)NC(=O)c3ccccc23,-3.451,OC1(c2cc(S(N)(=O)=O)c(Cl)cc2)c2ccccc2C(=O)N1,DE{~B}{~B}araa{aaarZ}As{B}DA{~B}ataaaaast,38.17,99.18,99.82,38.17
Isobutyl acetate,CC(C)COC(=O)C,-1.21,C(OC(C)=O)C(C)C,AA{A}ABA{~B}A,21.17,60.35,26.85,21.17
"2,2,3-Trimethylbutane",CC(C)C(C)(C)C,-4.36,C(C)(C)(C(C)C)C,AA{A}A{A}{A}A,45.07,84.52,79.04,45.07
"2,3,3',4,4'6-PCB",Clc1ccc(c(Cl)c1Cl)c2c(Cl)cc(Cl)c(Cl)c2Cl,-7.66,Clc1c(-c2ccc(Cl)c(c2Cl)Cl)c(c(c(c1)Cl)Cl)Cl,Zaraaa{a{Z}arZ}asa{Z}aa{Z}a{Z}asZ,70.11,51.34,21.15,70.11
Phthalonitrile,N#Cc1ccccc1C#N,-2.38,N#Cc1c(cccc1)C#N,D^AaraaaaarA^D,30.05,39.61,79.62,30.05
m-Nitrotoluene,Cc1cccc(c1)N(=O)=O,-2.44,c1cc(cc(C)c1)[N+](=O)[O-],Aaraaaa{ar}D{~B}~B,30.5,38.45,81.87,30.5
halothane,FC(F)(F)C(Cl)Br,-1.71,C(F)(F)(F)C(Br)Cl,GA{G}{G}A{Z}Y,24.96,12.01,49.76,24.96
Oxamyl,CNC(=O)ON=C(SC)C(=O)N(C)C,0.106,S(C)C(C(=O)N(C)C)=NOC(NC)=O,ADA{~B}BD~A{EA}A{~B}D{A}A,11.18,69.62,0.6826,11.18
Thiometon,CCSCCSP(=S)(OC)OC,-3.091,O(C)P(OC)(SCCSCC)=S,AAEAAEF{~E}{BA}BA,35.44,25.81,98.33,35.44
2-Methylbutane,CCC(C)C,-3.18,C(C)(CC)C,AAA{A}A,36.12,24.08,99.24,36.12
Stirofos,COP(=O)(OC)OC(=CCl)c1cc(Cl)c(Cl)cc1Cl,-4.522,c1(Cl)cc(Cl)c(Cl)cc1C(OP(OC)(=O)OC)=CCl,ABF{~B}{BA}BA{~AZ}araa{Z}a{Z}aarZ,46.3,81.9,72.43,46.3
