mol_id,smiles,value,smiles_random,smiles_blind,value_blind
CHEMBL596271,Cn1c(CN2CCN(CC2)c3ccc(Cl)cc3)nc4ccccc14,3.54,c12c(cccc1)n(C)c(CN1CCN(c3ccc(Cl)cc3)CC1)n2,Adra{ADsAAD{AAs}ataaa{Z}aat}dauaaaaaru,16.0
CHEMBL1951080,COc1cc(OC)c(cc1NC(=O)CSCC(=O)O)S(=O)(=O)N2C(C)CCc3ccccc23,-1.18,c1c(OC)c(NC(=O)CSCC(=O)O)cc(S(=O)(=O)N2c3c(cccc3)CCC2C)c1OC,ABaraa{BA}a{aarDA{~B}AEAA{~B}B}E{~B}{~B}DsA{A}AAataaaaast,94.66666666666667
CHEMBL1771,COC(=O)[C@@H](N1CCc2sccc2C1)c3ccccc3Cl,3.69,c1(Cl)c([C@@H](C(=O)OC)N2CCc3c(ccs3)C2)cccc1,ABA{~B}{A**Q}{DrAAaseaaasAr}ataaaaatZ,13.5
CHEMBL234951,OC[C@H](O)CN1C(=O)C(Cc2ccccc12)NC(=O)c3cc4cc(Cl)sc4[nH]3,3.37,s1c2[nH]c(C(=O)NC3Cc4c(cccc4)N(C[C@@H](O)CO)C3=O)cc2cc1Cl,BA{A*Q}{B}ADrA{~B}A{Aasaaaaars}DA{~B}ataauaa{Z}eau{dQ}t,18.833333333333332
CHEMBL565079,Cc1cccc(C[C@H](NC(=O)c2cc(nn2C)C(C)(C)C)C(=O)NCC#N)c1,3.1,c1(C(N[C@@H](Cc2cc(C)ccc2)C(NCC#N)=O)=O)n(C)nc(C(C)(C)C)c1,Aaraaaa{A{A*Q}{DA{~B}asaa{ddsA}A{A}{A}A}A{~B}DAA^D}ar,23.333333333333332
CHEMBL317462,OC1(CN2CCC1CC2)C#Cc3ccc(cc3)c4ccccc4,3.14,c1c(-c2ccc(C#CC3(O)C4CCN(C3)CC4)cc2)cccc1,BAr{ADsAAArAAs}A^Aataaa{aat}auaaaaau,22.666666666666668
CHEMBL1951182,COc1cc(OC)c(cc1NC(=O)CCC(=O)O)S(=O)(=O)NCc2ccccc2N3CCCCC3,-0.72,COc1cc(OC)c(NC(CCC(=O)O)=O)cc1S(NCc1c(N2CCCCC2)cccc1)(=O)=O,ABaraa{BA}a{aarDA{~B}AAA{~B}B}E{~B}{~B}DAasaaaaasDtAAAAAt,87.0
CHEMBL2030960,CNc1cccc(CCOc2ccc(C[C@H](NC(=O)c3c(Cl)cccc3Cl)C(=O)O)cc2C)n1,0.34,Cc1c(OCCc2cccc(NC)n2)ccc(C[C@@H](C(O)=O)NC(c2c(Cl)cccc2Cl)=O)c1,ADaraaaa{AABasaaa{A{A*Q}{DA{~B}ata{Z}aaaatZ}A{~B}B}aasA}dr,69.33333333333333
CHEMBL13097,COc1ccc(cc1)C2=COc3cc(OC)cc(OC)c3C2=O,3.05,c1(-c2ccc(OC)cc2)coc2cc(OC)cc(OC)c2c1=O,ABaraaa{aar}As~ABataa{BA}aa{BA}atAs~B,24.16666666666667
CHEMBL1527751,Oc1ncnc2scc(c3ccsc3)c12,2.25,c1(-c2csc3c2c(O)ncn3)ccsc1,Bardadaseaa{ataaeat}ars,37.5
CHEMBL1940306,CS(=O)(=O)c1ccc(Oc2ccc(cc2)C#C[C@]3(O)CN4CCC3CC4)cc1,1.51,C12[C@](O)(C#Cc3ccc(Oc4ccc(S(=O)(=O)C)cc4)cc3)CN(CC1)CC2,AE{~B}{~B}araaa{Basaaa{aas}A^A{A*}t{B}ADuAAAtAAu}aar,49.833333333333336
CHEMBL578201,C[C@H](Nc1nc(Nc2cc(C)[nH]n2)c(C)nc1C#N)c3ccc(F)cn3,2.61,C[C@H](Nc1nc(Nc2cc(C)[nH]n2)c(C)nc1C#N)c1ncc(F)cc1,A{A*Q}{Darda{Dasaa{A}{dQ}ds}a{A}darA^D}ataaa{G}adt,31.5
CHEMBL276218,O=C1CCCCCN1,-0.08,C1(=O)CCCCCN1,B~ArAAAAADr,76.33333333333333
CHEMBL2153181,CCCSc1ncccc1C(=O)N2CCCC2c3ccncc3,1.95,C(C)CSc1ncccc1C(N1C(c2ccncc2)CCC1)=O,AAAEardaaaarA{~B}DsAAAAsataadaat,42.49999999999999
CHEMBL1916276,CC1CCCCC1NC(=O)c2cnn(c2NS(=O)(=O)c3ccc(C)cc3)c4ccccc4,1.34,O=C(NC1CCCCC1C)c1c(NS(=O)(c2ccc(C)cc2)=O)n(-c2ccccc2)nc1,AArAAAAArDA{~B}asadd{asDE{~B}{~B}ataaa{A}aat}auaaaaau,52.666666666666664
CHEMBL93884,Nc1ccc(cc1)c2nc3ccc(O)cc3s2,3.2,Nc1ccc(-c2nc3ccc(O)cc3s2)cc1,Daraaa{aar}asdataaa{B}aates,21.66666666666666
CHEMBL2171986,COc1ccc(cc1)N2CCN(CC2)C(=O)[C@@H]3CCCC[C@H]3C(=O)NCC#N,1.6,C1CCC[C@@H](C(N2CCN(c3ccc(OC)cc3)CC2)=O)[C@@H]1C(NCC#N)=O,ABaraaa{aar}DsAAD{AAs}A{~B}{A**Q}tAAAA{A*Q}tA{~B}DAA^D,48.333333333333336
CHEMBL190044,CCC(COC(=O)c1cc(OC)c(OC)c(OC)c1)(N(C)C)c2ccccc2,3.77,c1cc(C(COC(=O)c2cc(OC)c(OC)c(OC)c2)(CC)N(C)C)ccc1,AAA{ABA{~B}araa{BA}a{BA}a{BA}ar}{D{A}A}asaaaaas,12.166666666666666
CHEMBL469790,COc1cc(ccc1N2CC[C@@H](O)C2)N3N=Nc4cc(sc4C3=O)c5ccc(Cl)cc5,3.15,N1(c2c(OC)cc(-n3c(=O)c4sc(-c5ccc(Cl)cc5)cc4nn3)cc2)C[C@H](O)CC1,ABaraa{aaarDsAA{A**Q}{B}As}DtD~Dauaa{eauAt~B}avaaa{Z}aav,22.5
CHEMBL2165055,CO[C@H]1CN(CCN2C(=O)C=Cc3ccc(cc23)C#N)CC[C@H]1NCc4ccc5OCC(=O)Nc5n4,0.32,c12c(ccc(C#N)c1)ccc(=O)n2CCN1CC[C@@H](NCc2ccc3c(n2)NC(=O)CO3)[C@@H](OC)C1,AB{A*Q}rAD{AADsA{~B}A~Aataaa{aast}A^D}AA{A*Q}rDAauaaavBAA{~B}Davdu,69.66666666666667
CHEMBL322479,CC(C)(CCCCCOCCc1ccccc1)NCCc2ccc(O)c3nc(O)sc23,2.92,c1cccc(CCOCCCCCC(C)(C)NCCc2c3c(c(O)cc2)nc(O)s3)c1,AA{A}{AAAAABAAaraaaaar}DAAasaaa{B}atda{B}east,26.333333333333332
CHEMBL2036736,Clc1ccc(cc1)C(=O)Nc2oc(nn2)C(=O)Nc3ccc(cc3)N4CCOCC4,1.92,c1cc(C(Nc2oc(C(Nc3ccc(N4CCOCC4)cc3)=O)nn2)=O)ccc1Cl,Zaraaa{aar}A{~B}Dasba{dds}A{~B}Dataaa{aat}DuAABAAu,43.0
CHEMBL2179291,COc1ccc(Oc2cccc(CN3CCCC(C3)N4C=C(C)C(=O)NC4=O)c2)cc1,3.17,Cc1c(=O)[nH]c(=O)n(C2CCCN(Cc3cccc(Oc4ccc(OC)cc4)c3)C2)c1,ABaraaa{Basaaaa{ADtAAAA{At}DuA~A{A}A{~B}DAu~B}as}aar,22.166666666666668
CHEMBL2158823,OC(=O)c1cccc(c1)N2CCC(CN3CCC(CC3)Oc4ccc(Cl)c(Cl)c4)CC2,2.17,c1c(OC2CCN(CC3CCN(c4cccc(C(=O)O)c4)CC3)CC2)ccc(Cl)c1Cl,BA{~B}araaaa{ar}DsAAA{ADtAAA{AAt}Bauaaa{Z}a{Z}au}AAs,38.833333333333336
CHEMBL641,CNCC[C@@H](Oc1ccccc1C)c2ccccc2,1.2,N(C)CC[C@H](c1ccccc1)Oc1c(C)cccc1,ADAA{A**Q}{BaraaaaarA}asaaaaas,55.0
CHEMBL1289785,Clc1ccc(N2CCN(CC2)C(=O)CCCc3ccncc3)c(Cl)c1,3.93,N1(c2ccc(Cl)cc2Cl)CCN(C(=O)CCCc2ccncc2)CC1,Zaraaa{DsAAD{AAs}A{~B}AAAataadaat}a{Z}ar,9.499999999999998
CHEMBL1381135,COc1cnc(nc1N(C)C)c2ccccn2,1.9,c1(-c2ncccc2)nc(N(C)C)c(OC)cn1,ABarada{darD{A}A}asaaaads,43.333333333333336
CHEMBL528217,C(CCCCNc1cc(nc2ccccc12)c3ccccc3)CCCNc4cc(nc5ccccc45)c6ccccc6,2.27,c1cc(-c2nc3ccccc3c(NCCCCCCCCNc3cc(-c4ccccc4)nc4c3cccc4)c2)ccc1,A{AAAADaraa{dasaaaaars}ataaaaat}AAADauaa{davaaaaauv}awaaaaaw,37.166666666666664
CHEMBL2177621,CSc1c(cnn1c2ccc(cc2)C(=O)O)C(=O)NC3C4CC5CC(CC3C5)C4,1.2,C12CC3CC(CC(C3NC(=O)c3cnn(-c4ccc(C(=O)O)cc4)c3SC)C1)C2,AEara{addrasaaa{aas}A{~B}B}A{~B}DAtAuAAvAA{AAtAv}Au,55.0
CHEMBL475386,CNC1=Nc2ncccc2C(=NC1c3cccs3)c4occn4,1.14,CNC1=Nc2ncccc2C(c2occn2)=NC1c1cccs1,ADAr~DasdaaaasA{~DArataaaet}aubaadu,56.00000000000001
CHEMBL2325699,CS(=O)(=O)C1(CC1)c2cc(nc(n2)c3cccc4[nH]ccc34)N5CC6CCC(C5)O6,2.6,c1(N2CC3OC(C2)CC3)cc(C2(S(=O)(C)=O)CC2)nc(-c2cccc3c2cc[nH]3)n1,AE{~B}{~B}Ar{AAr}asaa{da{ds}ataaaau{dQ}aaatu}DvAAwAAA{Av}Bw,31.666666666666668
CHEMBL2010845,CN([C@@H]1CCN(Cc2ccc(cc2)C(F)(F)F)C[C@@H]1F)C(=O)Cc3ccc(cc3)n4cnnn4,3.3,[C@H]1(N(C(Cc2ccc(-n3cnnn3)cc2)=O)C)[C@@H](F)CN(Cc2ccc(C(F)(F)F)cc2)CC1,AD{{A**Q}rAAD{Aasaaa{aas}A{G}{G}G}A{A**Q}rG}A{~B}Aataaa{aat}duadddu,20.000000000000004
CHEMBL103,CC(=O)[C@H]1CC[C@H]2[C@@H]3CCC4=CC(=O)CC[C@]4(C)[C@H]3CC[C@]12C,3.94,C1[C@]2(C)[C@@H](C(=O)C)CC[C@H]2[C@H]2[C@@H]([C@]3(C)C(=CC(=O)CC3)CC2)C1,AA{~B}{A*Q}rAA{A*Q}s{A**Q}tAAAu~AA{~B}AA{A*}u{A}{A*Q}tAA{A*}rsA,9.333333333333334
CHEMBL2208428,CS(=O)(=O)c1ccccc1C(=O)NC[C@@H](O)CN2CCC(CC2)Oc3ccc(Cl)c(Cl)c3,2.34,c1c(C(=O)NC[C@H](CN2CCC(Oc3ccc(Cl)c(Cl)c3)CC2)O)c(S(=O)(C)=O)ccc1,AE{~B}{~B}araaaaarA{~B}DA{A**Q}{B}ADsAAA{AAs}Bataaa{Z}a{Z}at,36.0
CHEMBL1796293,O=C(NCc1ccncc1)c2ccc(Oc3ccccc3C#N)cc2,2.57,c1c(C(NCc2ccncc2)=O)ccc(Oc2ccccc2C#N)c1,B~A{DAaraadaar}asaaa{BataaaaatA^D}aas,32.16666666666667
CHEMBL1557436,CN(C)c1ccnc2sc(C(=O)NCc3ccccc3)c(N)c12,3.62,c1ccccc1CNC(c1c(N)c2c(N(C)C)ccnc2s1)=O,AD{A}araadasea{A{~B}DAataaaaat}a{D}ars,14.666666666666664
CHEMBL2031236,CN1CCN(CC1)c2ccc3N=CN(C(=O)c3c2)c4cc(NC(=O)c5cscn5)ccc4C,2.06,O=c1c2cc(N3CCN(C)CC3)ccc2ncn1-c1c(C)ccc(NC(=O)c2ncsc2)c1,ADrAAD{AAr}asaaatD~AD{A{~B}atas}auaa{DA{~B}avaeadv}aaauA,40.666666666666664
CHEMBL2087849,Cn1cncc1c2c3C(=O)N(CC4CC4)C(=O)N(CC5CC5)c3nn2Cc6ccnc7ccc(Cl)cc67,4.33,c1(=O)c2c(-c3n(C)cnc3)n(Cc3c4cc(Cl)ccc4ncc3)nc2n(CC2CC2)c(=O)n1CC1CC1,AdradaarasatA{~B}D{AAuAAu}A{~B}D{AAvAAv}atddsAawaadaxaaa{Z}aawx,2.833333333333332
CHEMBL1235773,COc1ccc2ncc(C#N)c(CCN3CCC(CC3)NCc4cc5SCOc5cn4)c2c1,2.55,c1(C#N)cnc2c(c1CCN1CCC(NCc3cc4c(cn3)OCS4)CC1)cc(OC)cc2,ABaraaasdaa{A^D}a{AADtAAA{AAt}DAauaavEABavadu}asar,32.50000000000001
CHEMBL339051,CNC(=O)C1(CCN(CC[C@H](CN(C)C(=O)c2c(OC)c(cc3ccccc23)C#N)c4ccc(Cl)c(Cl)c4)CC1)N5CCCCC5=O,2.78,C(c1c(OC)c(C(=O)N(C[C@@H](CCN2CCC(N3CCCCC3=O)(C(=O)NC)CC2)c2cc(Cl)c(Cl)cc2)C)c2ccccc2c1)#N,ADA{~B}Ar{AAD{AA{A*Q}{AD{A}A{~B}asa{BA}a{aataaaaast}A^D}auaaa{Z}a{Z}au}AAr}DvAAAAAv~B,28.66666666666667
CHEMBL168899,OB1N(C(=O)Nc2ccccc12)c3ccccc3,1.4,c1cc(N2C(=O)Nc3ccccc3B2O)ccc1,BJrD{A{~B}Dasaaaaars}ataaaaat,51.666666666666664
CHEMBL517,CC(C)N(CCC(C(=O)N)(c1ccccc1)c2ccccn2)C(C)C,-0.54,O=C(N)C(CCN(C(C)C)C(C)C)(c1ncccc1)c1ccccc1,AA{A}D{AAA{A{~B}D}{araaaaar}asaaaads}A{A}A,84.0
CHEMBL578288,NC(=NC#N)c1sc(Nc2ccccc2)nc1N,2.91,c1(N)c(C(N)=NC#N)sc(Nc2ccccc2)n1,DA{~DA^D}area{Dasaaaaas}darD,26.5
CHEMBL1778648,CCS(=O)(=O)c1ccc(c(C)c1)c2cc(ccc2O[C@H](C)C(=O)O)C(F)(F)F,-0.4,[C@H](Oc1c(-c2ccc(S(CC)(=O)=O)cc2C)cc(C(F)(F)F)cc1)(C(O)=O)C,AAE{~B}{~B}araaa{a{A}ar}asaa{aaasB{A*Q}{A}A{~B}B}A{G}{G}G,81.66666666666667
CHEMBL1778635,OC(=O)COc1ccc(cc1c2cc(ccc2F)C#N)C(F)(F)F,-0.16,OC(COc1c(-c2c(F)ccc(C#N)c2)cc(C(F)(F)F)cc1)=O,BA{~B}ABaraaa{aarasaa{aaasG}A^D}A{G}{G}G,77.66666666666667
CHEMBL1234354,COc1ccc(cn1)C2=Cc3c(C)nc(N)nc3N([C@@H]4CC[C@H](CC4)OCCO)C2=O,2.2,O=c1c(-c2cnc(OC)cc2)cc2c(C)nc(N)nc2n1[C@H]1CC[C@H](OCCO)CC1,ABaraaa{adr}As~Aata{A}da{D}datD{{A**Q}uAA{A*Q}{AAu}BAAB}As~B,38.33333333333333
CHEMBL1550278,CC(Nc1ncnc2ccccc12)c3ccccc3,3.4,c1ccccc1C(Nc1ncnc2ccccc21)C,AA{Dardadasaaaaars}ataaaaat,18.333333333333336
CHEMBL1096,CC(C)c1ccc2Oc3nc(N)c(cc3C(=O)c2c1)C(=O)O,1.1,c1c2oc3c(c(=O)c2cc(C(C)C)c1)cc(C(=O)O)c(N)n3,AA{A}araaasBatda{D}a{aatA{~B}asar}A{~B}B,56.666666666666664
CHEMBL1807822,O[C@@H](CNCCCOCCOCCc1cccc2ccccc12)c3ccc(O)c4NC(=O)Sc34,2.28,C(CCNC[C@@H](c1c2c([nH]c(=O)s2)c(O)cc1)O)OCCOCCc1c2c(ccc1)cccc2,B{A**Q}{ADAAABAABAAaraaaasaaaaars}ataaa{B}auDA{~B}Eatu,37.00000000000001
CHEMBL1310086,COc1ccccc1Cn2c(C)nc3ccccc23,3.47,c12c(cccc1)nc(C)n2Cc1ccccc1OC,ABaraaaaarAdsa{A}dataaaaast,17.166666666666664
CHEMBL373364,OC(=O)c1ccc(NC(=O)c2cc(OCc3ccccc3F)cc(OCc4ccccc4F)c2)nc1,3.0,O(c1cc(C(=O)Nc2ccc(C(=O)O)cn2)cc(OCc2c(F)cccc2)c1)Cc1c(F)cccc1,BA{~B}araaa{DA{~B}asaa{BAataaaaatG}aa{BAauaaaaauG}as}dar,25.0
CHEMBL484901,NC(Cc1c[nH]c2ccccc12)C(=O)O,-1.17,C(N)(Cc1c2ccccc2[nH]c1)C(O)=O,DA{Aara{dQ}asaaaaars}A{~B}B,94.5
CHEMBL1233652,OC(=O)CCC[C@H]1[C@@H](Cc2ccccc12)NC(=O)c3cc4cc(F)ccc4[nH]3,1.95,c1c2cc(F)ccc2[nH]c1C(N[C@@H]1Cc2c(cccc2)[C@H]1CCCC(=O)O)=O,BA{~B}AAA{A*Q}r{A**Q}{Aasaaaaars}DA{~B}ataauaa{G}aaau{dQ}t,42.49999999999999
CHEMBL2059196,CCNC(=O)c1cc2c(c(cnc2[nH]1)c3cncc(c3)C(=O)O)n4ccc(n4)C(F)(F)F,-0.99,C(=O)(NCC)c1cc2c([nH]1)ncc(-c1cncc(C(=O)O)c1)c2-n1ccc(C(F)(F)F)n1,AADA{~B}araasa{a{adas{dQ}r}atadaa{at}A{~B}B}duaaa{du}A{G}{G}G,91.5
CHEMBL1934414,C[C@H](NC(=O)c1c(C)nn(C2CCCC2)c1NS(=O)(=O)c3ccc(C)cc3)C(C)(C)C,2.0,C1(n2nc(C)c(C(N[C@H](C(C)(C)C)C)=O)c2NS(=O)(=O)c2ccc(C)cc2)CCCC1,A{A*Q}{DA{~B}ara{A}dd{AsAAAAs}arDE{~B}{~B}ataaa{A}aat}A{A}{A}A,41.666666666666664
CHEMBL1415894,N(c1ccccc1)c2cc(Nc3ccccc3)[nH]n2,3.8,N(c1[nH]nc(Nc2ccccc2)c1)c1ccccc1,D{araaaaar}asaa{Dataaaaat}{dQ}ds,11.66666666666667
CHEMBL2335875,COCCNC(=O)c1cccc(Nc2ncc3cc(ccc3n2)c4ccncc4)c1,3.21,c1ccc(C(NCCOC)=O)cc1Nc1nc2c(cn1)cc(-c1ccncc1)cc2,ABAADA{~B}araaaa{Dasdaataa{aaatds}auaadaau}ar,21.5
CHEMBL1916269,CCC(CC)NC(=O)c1cnn(C)c1NS(=O)(=O)c2ccc(C)cc2,0.36,c1c(S(Nc2c(C(NC(CC)CC)=O)cnn2C)(=O)=O)ccc(C)c1,AAA{AA}DA{~B}aradd{A}arDE{~B}{~B}asaaa{A}aas,68.99999999999999
CHEMBL1224139,NC(=O)c1cc(F)cc(O[C@H]2C[C@H]3CC[C@@H](C2)N3Cc4ccccc4)c1,2.14,[C@@H]12C[C@@H](Oc3cc(C(N)=O)cc(F)c3)C[C@@H](CC1)N2Cc1ccccc1,DA{~B}araa{G}aa{B{A*Q}sA{A*Q}tAA{A**Q}{As}DtAauaaaaau}ar,39.333333333333336
CHEMBL1082812,O=C1NC(=NC(=C1C#N)c2ccccc2)SCCc3ccccc3,1.71,c1ccc(CCSc2nc(-c3ccccc3)c(C#N)c(=O)[nH]2)cc1,B~ArDA{~DA{~ArA^D}asaaaaas}EAAataaaaat,46.5
CHEMBL12980,OC(C(=O)OC1CN2CCC1CC2)(c3ccccc3)c4ccccc4,1.19,C12CCN(CC1OC(=O)C(O)(c1ccccc1)c1ccccc1)CC2,BA{A{~B}BArADsAAArAAs}{ataaaaat}auaaaaau,55.166666666666664
CHEMBL1412343,Cc1ccccc1NC(=O)CCS(=O)(=O)c2ccc(Br)s2,2.7,c1cc(C)c(NC(=O)CCS(=O)(=O)c2sc(Br)cc2)cc1,AaraaaaarDA{~B}AAE{~B}{~B}asaaa{Y}es,29.999999999999996
CHEMBL453862,CC(C)n1c(C)ncc1c2nc(Nc3ccc(cc3)C(=O)N(C)C)ncc2F,2.77,c1nc(Nc2ccc(C(=O)N(C)C)cc2)nc(-c2n(C(C)C)c(C)nc2)c1F,AA{A}dra{A}daarasda{Dataaa{aat}A{~B}D{A}A}daasG,28.833333333333332
CHEMBL296572,COc1cccc(c1)c2c[nH]c(n2)c3ccccc3,3.8,c1ccc(-c2nc(-c3cc(OC)ccc3)c[nH]2)cc1,ABaraaaa{ar}asa{dQ}a{ds}ataaaaat,11.66666666666667
CHEMBL239513,O=C(COc1ccccc1)c2ccccc2,2.87,c1cc(OCC(=O)c2ccccc2)ccc1,B~A{ABaraaaaar}asaaaaas,27.166666666666668
CHEMBL479445,COc1cc2ncc(C(=O)N)c(Nc3ccc(F)cc3F)c2cc1NCCN(C)C,1.91,c1(C(=O)N)c(Nc2ccc(F)cc2F)c2c(nc1)cc(OC)c(NCCN(C)C)c2,ABaraasdaa{A{~B}D}a{Dataaa{G}aatG}asaarDAAD{A}A,43.166666666666664
CHEMBL2152917,CO[C@@H]1CC[C@@]2(CC1)Cc3ccc(OCC(C)C)cc3C24N=C(C)C(=N4)N,3.4,C1(C)=NC2([C@]3(Cc4c2cc(OCC(C)C)cc4)CC[C@@H](OC)CC3)N=C1N,AB{A**Q}rAA{A**}s{AAr}Aataaa{BAA{A}A}aatAsuD~A{A}A{~Du}D,18.333333333333336
CHEMBL299672,COc1cc2ncnc(Nc3ccc(F)c(Cl)c3)c2cc1OCCCN4CCCC4,3.13,c1(F)ccc(Nc2c3c(ncn2)cc(OC)c(OCCCN2CCCC2)c3)cc1Cl,ABaraasdada{Dataaa{G}a{Z}at}asaarBAAADuAAAAu,22.833333333333332
CHEMBL1682820,O=C1CCOc2cc(COc3ccccc3)ccc12,3.0,c1cc(COc2ccccc2)cc2c1C(=O)CCO2,B~ArAABasaa{ABataaaaat}aaars,25.0
CHEMBL247367,Clc1cccc2cn[nH]c12,2.33,[nH]1c2c(cccc2Cl)cn1,Zaraaaasad{dQ}ars,36.166666666666664
CHEMBL2010834,CNC(=O)c1ccc(CC(=O)N(C)C2CCN(Cc3ccc(cc3)C(F)(F)F)CC2)cc1,2.8,C(F)(c1ccc(CN2CCC(N(C(Cc3ccc(C(NC)=O)cc3)=O)C)CC2)cc1)(F)F,ADA{~B}araaa{AA{~B}D{A}AsAAD{Aataaa{aat}A{G}{G}G}AAs}aar,28.33333333333334
CHEMBL1945293,COCCNCc1ccc(CCNC[C@H](O)c2ccc(O)c3NC(=O)Sc23)cc1,-0.54,N(C[C@@H](c1c2c(c(O)cc1)[nH]c(=O)s2)O)CCc1ccc(CNCCOC)cc1,ABAADAaraaa{AADA{A*Q}{B}asaaa{B}atDA{~B}East}aar,84.0
CHEMBL1652588,Cn1cncc1c2c3C(=O)N(CC#C)C(=O)N(CC4CC4)c3nn2Cc5ccnc6ccc(Cl)cc56,3.16,c1(=O)n(CC2CC2)c2c(c(-c3n(C)cnc3)n(Cc3ccnc4c3cc(Cl)cc4)n2)c(=O)n1CC#C,AdradaarasatA{~B}D{AA^A}A{~B}D{AAuAAu}atddsAavaadawaaa{Z}aavw,22.333333333333332
CHEMBL190812,C[C@H](NC(=O)c1cccnc1Oc2ccccc2)c3ccccc3,2.91,O=C(c1cccnc1Oc1ccccc1)N[C@H](c1ccccc1)C,A{A*Q}{DA{~B}araaadarBasaaaaas}ataaaaat,26.5
CHEMBL235392,Clc1ccc(CN2CC3CNCC(C2)O3)cc1C(=O)NCC45CC6CC(CC(C6)C4)C5,1.55,C1C2CC3CC1(CNC(=O)c1cc(CN4CC5CNCC(C4)O5)ccc1Cl)CC(C3)C2,Zaraaa{ADsAAtADAA{As}Bt}aarA{~B}DAAuvAAwAA{AA{Aw}Au}Av,49.166666666666664
CHEMBL62193,COc1cc(NS(=O)(=O)c2ccc(N)cc2)nc(OC)n1,0.2,c1cc(S(=O)(=O)Nc2cc(OC)nc(OC)n2)ccc1N,ABaraa{DE{~B}{~B}asaaa{D}aas}da{BA}dr,71.66666666666667
CHEMBL1784338,Cc1cc(CCC2CCN(CC2)S(=O)(=O)CC3(CCOCC3)N(O)C=O)c(C)cn1,1.43,O1CCC(CS(=O)(=O)N2CCC(CCc3cc(C)ncc3C)CC2)(N(O)C=O)CC1,Aaraa{AAAsAAD{AAs}E{~B}{~B}AAt{AABAAt}D{B}A~B}a{A}adr,51.166666666666664
CHEMBL1650698,C[C@H](Nc1ncc(F)c(Nc2cc([nH]n2)C3CC3)n1)c4ncc(F)cn4,2.47,Fc1cnc(N[C@@H](C)c2ncc(F)cn2)nc1Nc1n[nH]c(C2CC2)c1,A{A*Q}{Dardaa{G}a{Dasaa{{dQ}ds}AtAAt}dr}audaa{G}adu,33.83333333333333
CHEMBL2062583,CC(=O)Nc1ccc2c(c1)c(cn2CCCO)c3cc(NC4CC4)n5ncc(C#N)c5n3,2.48,n1(CCCO)cc(-c2nc3c(C#N)cnn3c(NC3CC3)c2)c2c1ccc(NC(=O)C)c2,AA{~B}Daraaasa{ar}a{adsAAAB}ataa{DAuAAu}dvdaa{A^D}avdt,33.666666666666664
CHEMBL4,CC1COc2c(N3CCN(C)CC3)c(F)cc4C(=O)C(=CN1c24)C(=O)O,-0.45,c1c2c3n(cc(C(=O)O)c2=O)C(C)COc3c(N2CCN(C)CC2)c1F,AArABasa{DtAAD{A}AAt}a{G}aauA{~B}A{~ADrasu}A{~B}B,82.5
CHEMBL2158534,CC1(CC1)c2nc(ncc2C(=O)N[C@@H]3C4CC5CC3C[C@@](O)(C5)C4)N6CCOCC6,2.0,C(N[C@H]1C2CC3C[C@@](O)(CC1C3)C2)(=O)c1cnc(N2CCOCC2)nc1C1(C)CC1,AAr{AAr}asda{daasA{~B}D{A**Q}tAuAAvAAtA{A**}{B}{Av}Au}DwAABAAw,41.666666666666664
CHEMBL492234,COC(=O)c1ccc(C)c(NS(=O)(=O)c2ccc3N(C)SC(=O)c3c2)c1,2.6,c12c(=O)sn(C)c1ccc(S(=O)(Nc1cc(C(OC)=O)ccc1C)=O)c2,ABA{~B}araaa{A}a{DE{~B}{~B}asaaatD{A}EA{~B}atas}ar,31.666666666666668
CHEMBL131921,COc1ccc(cc1)C2=COc3cc(O)cc(O)c3C2=O,3.5,c1cc(OC)ccc1-c1coc2cc(O)cc(O)c2c1=O,ABaraaa{aar}As~ABataa{B}aa{B}atAs~B,16.666666666666668
CHEMBL21731,CNCCCC12CCC(c3ccccc13)c4ccccc24,0.89,c1c2c(ccc1)C1(CCCNC)CCC2c2ccccc21,ADAAAArsAAA{ataaaaart}auaaaaasu,60.166666666666664
CHEMBL346528,Oc1cc(nc2ccnn12)c3ccccc3,1.3,Oc1cc(-c2ccccc2)nc2n1ncc2,Baraa{dasaaddrs}ataaaaat,53.333333333333336
CHEMBL133501,Fc1cc(cc(F)c1C2=CCN(CC2)C=O)N3C[C@H](COc4ccon4)OC3=O,2.01,O(C[C@@H]1OC(=O)N(c2cc(F)c(C3=CCN(C=O)CC3)c(F)c2)C1)c1nocc1,Garaa{aa{G}arAs~AAD{AAs}A~B}DtA{A*Q}{ABauaabdu}BAt~B,41.50000000000001
CHEMBL2087854,CC(C#C)N1C(=O)N(CC2CC2)c3nn(Cc4ccnc5ccc(Cl)cc45)c(c3C1=O)c6cncn6C,3.59,n1(C(C#C)C)c(=O)c2c(nn(Cc3c4cc(Cl)ccc4ncc3)c2-c2cncn2C)n(CC2CC2)c1=O,AA{A^A}DrA{~B}D{AAsAAs}atdd{Aauaadavaaa{Z}aauv}a{atAr~B}awadadwA,15.16666666666667
CHEMBL1689126,C[C@H]1CN(Cc2cc(Cl)ccc2OCC(=O)O)CCN1C(=O)Cc3ccccc3,0.18,C1N(C(Cc2ccccc2)=O)[C@@H](C)CN(Cc2cc(Cl)ccc2OCC(O)=O)C1,A{A*Q}rAD{Aasaa{Z}aaasBAA{~B}B}AADrA{~B}Aataaaaat,72.0
CHEMBL1650728,COc1cc(Nc2nc(N[C@@H](C)c3ncc(F)cn3)ncc2Br)n[nH]1,2.6,n1c(N[C@H](c2ncc(F)cn2)C)ncc(Br)c1Nc1cc(OC)[nH]n1,ABaraa{Dasda{D{A**Q}{A}atdaa{G}adt}daasY}d{dQ}r,31.666666666666668
CHEMBL2178942,Cc1nc(C)c(nc1C(=O)N)c2ccc([C@@H]3CC[C@@H](CC(=O)O)CC3)c(F)c2,1.3,O=C(c1nc(-c2cc(F)c([C@H]3CC[C@H](CC(O)=O)CC3)cc2)c(C)nc1C)N,Aarda{A}a{darA{~B}D}asaaa{{A**Q}tAA{A**Q}{AA{~B}B}AAt}a{G}as,53.333333333333336
CHEMBL1800528,COc1ccnc(CCc2nc3c(C)ccnc3[nH]2)c1,2.1,c1c(OC)cc(CCc2[nH]c3c(n2)c(C)ccn3)nc1,ABaraada{AAasdata{A}aadat{dQ}s}ar,40.0
CHEMBL143305,Cc1cc(CCCOc2c(Cl)cc(cc2Cl)C3=NCCO3)on1,3.72,Cc1noc(CCCOc2c(Cl)cc(C3=NCCO3)cc2Cl)c1,Aaraa{AAABasa{Z}aa{aasZ}At~DAABt}bdr,12.999999999999998
CHEMBL2326481,CN(C)C(=O)c1ccc(CN2CCc3cc4nc(N)sc4cc3CC2)cc1,1.72,C(=O)(c1ccc(CN2CCc3c(cc4nc(N)sc4c3)CC2)cc1)N(C)C,AD{A}A{~B}araaa{ADsAAataauda{D}eauaatAAs}aar,46.333333333333336
CHEMBL15245,COC(=O)[C@H]1[C@@H](O)CC[C@H]2CN3CCc4c([nH]c5ccccc45)[C@@H]3C[C@H]12,1.65,[nH]1c2c(c3ccccc13)CCN1[C@H]2C[C@@H]2[C@@H](C(OC)=O)[C@@H](O)CC[C@H]2C1,ABA{~B}{A*Q}r{A**Q}{B}AA{A*Q}sADtAAaua{{dQ}avaaaaauv}{A**Q}tA{A*Q}rs,47.5
CHEMBL1852688,CCN1CCN(CC1)c2ccc(Nc3cc(ncn3)N(C)C(=O)Nc4c(Cl)c(OC)cc(OC)c4Cl)cc2,3.7,c1c(OC)c(Cl)c(NC(=O)N(C)c2ncnc(Nc3ccc(N4CCN(CC)CC4)cc3)c2)c(Cl)c1OC,AADrAAD{AAr}asaaa{Dataa{dadt}D{A}A{~B}Daua{Z}a{BA}aa{BA}auZ}aas,13.33333333333333
CHEMBL2171169,CC(C)N(CCCNC(=O)Nc1ccc(cc1)C(C)(C)C)C[C@H]2O[C@H]([C@H](O)[C@@H]2O)n3cnc4c(N)ncnc34,2.2,O=C(Nc1ccc(C(C)(C)C)cc1)NCCCN(C(C)C)C[C@H]1O[C@@H](n2c3c(c(N)ncn3)nc2)[C@H](O)[C@@H]1O,AA{A}D{AAADA{~B}Daraaa{aar}A{A}{A}A}A{A*Q}sB{A*Q}{{A*Q}{B}{A**Q}sB}dtadaua{D}dadatu,38.33333333333333
CHEMBL2216830,CCN(CC)CCCCNc1ncc2CN(C(=O)N(Cc3cccc(NC(=O)C=C)c3)c2n1)c4c(Cl)c(OC)cc(OC)c4Cl,2.04,Clc1c(N2Cc3cnc(NCCCCN(CC)CC)nc3N(Cc3cc(NC(C=C)=O)ccc3)C2=O)c(Cl)c(OC)cc1OC,AAD{AA}AAAADardaasAD{A{~B}D{Aataaaa{DA{~B}A~A}at}asdr}aua{Z}a{BA}aa{BA}auZ,41.0
CHEMBL381098,CCSc1c(Cc2ccccc2C(F)(F)F)sc3N(CC(C)C)C(=O)N(C)C(=O)c13,4.49,C(c1sc2c(c1SCC)c(=O)n(C)c(=O)n2CC(C)C)c1ccccc1C(F)(F)F,AAEara{AasaaaaasA{G}{G}G}eatD{AA{A}A}A{~B}D{A}A{~B}art,0.1666666666666631
CHEMBL284275,COc1ccc(Cc2c(N)n[nH]c2N)cc1,0.2,c1c(OC)ccc(Cc2c(N)[nH]nc2N)c1,ABaraaa{Aasa{D}d{dQ}asD}aar,71.66666666666667
CHEMBL2177167,CCN(CCN(C)C)S(=O)(=O)c1ccc(cc1)c2cnc(N)c(n2)C(=O)Nc3cccnc3,2.0,N(CCN(S(=O)(c1ccc(-c2cnc(N)c(C(Nc3cccnc3)=O)n2)cc1)=O)CC)(C)C,AAD{AAD{A}A}E{~B}{~B}araaa{aar}asada{D}a{ds}A{~B}Dataaadat,41.666666666666664
CHEMBL2331746,CC1=CN([C@H]2CCCN(C2)S(=O)(=O)c3ccc(O)c(Oc4ccccc4)c3)C(=O)NC1=O,1.49,C1CCN(S(c2cc(Oc3ccccc3)c(O)cc2)(=O)=O)C[C@H]1n1cc(C)c(=O)[nH]c1=O,AAr~AD{{A*Q}sAAAD{As}E{~B}{~B}ataaa{B}a{Bauaaaaau}at}A{~B}DAr~B,50.166666666666664
CHEMBL1712280,C1Oc2ccccc2C3=NN(CC13)c4ccccc4,4.28,c12ccccc1C1=NN(c3ccccc3)CC1CO2,ArBasaaaaasAt~DD{AArt}auaaaaau,3.6666666666666625
CHEMBL1790041,CNC(=C[N+](=O)[O-])NCCSCc1oc(CN(C)C)cc1,-0.95,[N+]([O-])(=O)C=C(NCCSCc1oc(CN(C)C)cc1)NC,ADA{~A{D%}{~B}{B_}}DAAEAarba{AD{A}A}aar,90.83333333333333
CHEMBL1184060,CC(C)CC(N1NC(=O)c2nc3cc(Cl)ccc3c(O)c2C1=O)c4ccncc4,1.64,O=c1c2c(nc3cc(Cl)ccc3c2O)c(=O)[nH]n1C(CC(C)C)c1ccncc1,AA{A}AA{DrDA{~B}asdataa{Z}aaata{B}asAr~B}auaadaau,47.66666666666668
CHEMBL1502799,FC(F)c1nc2ccccc2[nH]1,2.02,c1c2nc(C(F)F)[nH]c2ccc1,GA{G}ardasaaaaas{dQ}r,41.333333333333336
CHEMBL2208436,O[C@@H](CNC1CCN(Cc2ccc(Cl)c(Cl)c2)CC1)COc3cccc(c3)C#N,3.09,C1CC(NC[C@H](O)COc2cc(C#N)ccc2)CCN1Cc1cc(Cl)c(Cl)cc1,B{A**Q}{ADArAAD{Aasaaa{Z}a{Z}as}AAr}ABataaaa{at}A^D,23.5
CHEMBL480445,COc1cc2ncc(C(=O)N)c(Nc3ccc(F)cc3F)c2cc1N4CCN(C)CC4,2.18,c1c2c(c(Nc3c(F)cc(F)cc3)c(C(=O)N)cn2)cc(N2CCN(C)CC2)c1OC,ABaraasdaa{A{~B}D}a{Dataaa{G}aatG}asaarDuAAD{A}AAu,38.666666666666664
CHEMBL1392670,Oc1ccccc1OC(=O)c2cccc3ccccc23,4.4,O=C(Oc1c(O)cccc1)c1cccc2ccccc12,BaraaaaarBA{~B}asaaaataaaaast,1.6666666666666607
CHEMBL1455477,COc1ccccc1CNc2cc(C)ccn2,3.28,c1(OC)ccccc1CNc1nccc(C)c1,ABaraaaaarADasaa{A}aads,20.333333333333336
CHEMBL1939414,Nc1nc(Nc2cccc(Br)c2)c3nc[nH]c3n1,3.04,c1(Br)cc(Nc2c3c(nc(N)n2)[nH]cn3)ccc1,Darda{Dasaaaa{Y}as}atda{dQ}atdr,24.333333333333332
CHEMBL1617016,Nc1c2CCN(c3ccccc3)c2nc4ccc(Br)cc14,3.12,c1c(N2CCc3c(N)c4cc(Br)ccc4nc32)cccc1,DarasAAD{ataaaaat}asdauaaa{Y}aaru,23.0
CHEMBL2207600,COc1cc(OC)c(cc1NC(=O)CCC(=O)O)S(=O)(=O)N(c2ccc(C)cc2)c3ccc(C)cc3,0.06,C(=O)(CCC(Nc1cc(S(N(c2ccc(C)cc2)c2ccc(C)cc2)(=O)=O)c(OC)cc1OC)=O)O,ABaraa{BA}a{aarDA{~B}AAA{~B}B}E{~B}{~B}D{asaaa{A}aas}ataaa{A}aat,74.00000000000001
CHEMBL244213,OC(C(=O)c1ccc(F)cc1)c2ccc(F)cc2,2.49,c1cc(F)ccc1C(=O)C(c1ccc(F)cc1)O,BA{A{~B}araaa{G}aar}asaaa{G}aas,33.49999999999999
CHEMBL404957,CC(C)C[C@H](N)c1oc(nn1)S(=O)(=O)Cc2ccc(F)cc2,1.11,c1c(CS(=O)(=O)c2oc([C@H](CC(C)C)N)nn2)ccc(F)c1,AA{A}A{A*Q}{D}arba{ddr}E{~B}{~B}Aasaaa{G}aas,56.49999999999999
CHEMBL520252,CC(C)COc1cccc(c1)C(=O)Nc2ccc(C)c(c2)C(=O)Nc3cccnc3,2.81,N(C(=O)c1cc(OCC(C)C)ccc1)c1cc(C(Nc2cnccc2)=O)c(C)cc1,AA{A}ABaraaaa{ar}A{~B}Dasaaa{A}a{as}A{~B}Dataaadat,28.166666666666668
CHEMBL190747,COc1ccc(OC)c(CNC(=O)c2cccnc2Oc3ccccc3)c1,3.52,c1(OC)cc(CNC(=O)c2cccnc2Oc2ccccc2)c(OC)cc1,ABaraaa{BA}a{ADA{~B}asaaadasBataaaaat}ar,16.333333333333332
CHEMBL1079175,NC1(CCC1)c2ccc(cc2)c3nc4C=CN5C(=O)NN=C5c4cc3c6ccccc6,2.5,C1CCC1(N)c1ccc(-c2c(-c3ccccc3)cc3c(ccn4c(=O)[nH]nc43)n2)cc1,DAr{AAAr}asaaa{aas}atdauA~ADvA{~B}DD~Avauaatawaaaaaw,33.333333333333336
CHEMBL1499868,CC(C(Cc1nc2ccccc2[nH]1)c3nc4ccccc4[nH]3)c5ccccc5,4.48,c1cccc2[nH]c(CC(C(C)c3ccccc3)c3nc4ccccc4[nH]3)nc12,AA{A{Aardasaaaaas{dQ}r}atdauaaaaau{dQ}t}avaaaaav,0.3333333333333262
CHEMBL1824042,Clc1ccc2OCC(=O)N(CCN3CCC(CC3)NCc4ccc5OCC(=O)Nc5n4)c2c1,1.33,C1CC(NCc2nc3c(cc2)OCC(=O)N3)CCN1CCN1C(=O)COc2ccc(Cl)cc21,ZaraaasBAA{~B}D{AADtAAA{AAt}DAauaaavBAA{~B}Davdu}asar,52.833333333333336
CHEMBL2158827,OC(=O)Cc1ccc(cc1)N2CCC(CN3CCC(CC3)Oc4ccc(Cl)c(Cl)c4)CC2,1.83,OC(=O)Cc1ccc(N2CCC(CN3CCC(Oc4cc(Cl)c(Cl)cc4)CC3)CC2)cc1,BA{~B}Aaraaa{aar}DsAAA{ADtAAA{AAt}Bauaaa{Z}a{Z}au}AAs,44.5
CHEMBL520925,COc1cc2ncc(C(=O)N)c(Nc3cccc(Cl)c3F)c2cc1OC,3.6,O(C)c1c(OC)cc2ncc(C(=O)N)c(Nc3cccc(Cl)c3F)c2c1,ABaraasdaa{A{~B}D}a{Dataaaa{Z}atG}asaarBA,14.999999999999998
CHEMBL181502,CN(C1CCN(CCC(c2ccccc2)c3ccccc3)CC1)C(=O)C4CCC4,3.2,N1(CCC(c2ccccc2)c2ccccc2)CCC(N(C(C2CCC2)=O)C)CC1,AD{ArAAD{AAA{asaaaaas}ataaaaat}AAr}A{~B}AuAAAu,21.66666666666666
CHEMBL1962631,NC(=N)NC(=O)c1nc(Cl)c(NCc2ccccn2)nc1N,-0.56,NC(NC(c1nc(Cl)c(NCc2ncccc2)nc1N)=O)=N,DA{~D}DA{~B}arda{Z}a{DAasaaaads}darD,84.33333333333334
CHEMBL470915,Nc1c(NC2CC3CCC2C3)nc(nc1N4CCOCC4)C#N,3.53,C1CN(c2c(N)c(NC3C4CC(CC4)C3)nc(C#N)n2)CCO1,Dara{DAsAAtAAAsAt}da{darDuAABAAu}A^D,16.166666666666668
CHEMBL1163803,CCN(C1CCN(CCC(c2ccccc2)c3ccccc3)CC1)C(=O)NCc4c(F)cccc4F,4.3,C1C(N(CC)C(=O)NCc2c(F)cccc2F)CCN(CCC(c2ccccc2)c2ccccc2)C1,AAD{ArAAD{AAA{asaaaaas}ataaaaat}AAr}A{~B}DAaua{G}aaaauG,3.333333333333336
CHEMBL598194,NC1(CCN(CC1)c2ncnc3[nH]ccc23)C(=O)NCc4ccc(Cl)cc4,2.88,n1c(N2CCC(N)(C(=O)NCc3ccc(Cl)cc3)CC2)c2c(nc1)[nH]cc2,DAr{AAD{AAr}asdadat{dQ}aaast}A{~B}DAauaaa{Z}aau,27.0
CHEMBL42,CN1CCN(CC1)C2=Nc3cc(Cl)ccc3Nc4ccccc24,3.08,c12c(cccc1)Nc1c(cc(Cl)cc1)N=C2N1CCN(C)CC1,ADrAAD{AAr}As~Dataa{Z}aaatDauaaaaasu,23.666666666666668
CHEMBL2178954,Cc1ncc(nc1C(=O)N)c2ccc(cc2)[C@@H]3CC[C@@H](CC(=O)O)CC3,1.0,c1cc([C@H]2CC[C@H](CC(O)=O)CC2)ccc1-c1cnc(C)c(C(=O)N)n1,Aardaa{darA{~B}D}asaaa{aas}{A**Q}tAA{A**Q}{AA{~B}B}AAt,58.333333333333336
CHEMBL373250,Cn1ncnc1COc2nn3c(nnc3cc2C(C)(C)C)c4cc(F)ccc4F,2.4,c12n(nc(OCc3n(C)ncn3)c(C(C)(C)C)c1)c(-c1c(F)ccc(F)c1)nn2,AdrdadarABasddta{ddataasA{A}{A}A}auaa{G}aaauG,35.0
CHEMBL1169388,CNCC[C@H](Oc1ccc(cc1)C(F)(F)F)c2ccccc2,1.89,c1(C(F)(F)F)ccc(O[C@H](c2ccccc2)CCNC)cc1,ADAA{A*Q}{Baraaa{aar}A{G}{G}G}asaaaaas,43.50000000000001
CHEMBL2171046,Cc1ccc(cc1)S(=O)(=O)NC(=O)N2CCC(CC2)N3CCC(CC3)Oc4ccc(Cl)cc4Cl,1.52,c1(OC2CCN(C3CCN(C(=O)NS(=O)(=O)c4ccc(C)cc4)CC3)CC2)ccc(Cl)cc1Cl,Aaraaa{aar}E{~B}{~B}DA{~B}DsAAA{AAs}DtAAA{AAt}Bauaaa{Z}aauZ,49.666666666666664
CHEMBL144960,O=C1C=COc2cc(OCc3ccccc3)ccc12,3.33,c1ccccc1COc1ccc2c(=O)ccoc2c1,B~ArA~ABasaa{BAataaaaat}aaars,19.5
CHEMBL271023,[O-][S+](c1ccccc1)c2ccc3nnnn3n2,0.79,c1c([S+]([O-])c2nn3c(cc2)nnn3)cccc1,{B_}{E%}{araaaaar}asaaatddddtds,61.833333333333336
CHEMBL90531,[O-][N+](=O)c1ccc2OC(CN(c2c1)c3cccc[n+]3[O-])(C(F)F)C(F)F,3.2,c1cccc(N2CC(C(F)F)(C(F)F)Oc3c2cc([N+](=O)[O-])cc3)[n+]1[O-],{B_}{D%}{~B}araaasBA{AD{asar}ataaaa{d%}t{B_}}{A{G}G}A{G}G,21.66666666666666
CHEMBL645,CC(C)NCC(O)COc1ccc(COCCOC(C)C)cc1,0.1,c1(COCCOC(C)C)ccc(OCC(CNC(C)C)O)cc1,AA{A}DAA{B}ABaraaa{ABAABA{A}A}aar,73.33333333333334
CHEMBL2178950,Cc1ncc(nc1c2ccc(cc2)[C@@H]3CC[C@H](CC3)C(=O)O)C(=O)N,0.22,[C@H]1(C(=O)O)CC[C@H](c2ccc(-c3c(C)ncc(C(=O)N)n3)cc2)CC1,Aardaa{darasaaa{aas}{A**Q}tAA{A*Q}{AAt}A{~B}B}A{~B}D,71.33333333333333
CHEMBL2178393,Nc1nnc(CCSCCc2nnc(NC(=O)Cc3ccccc3)s2)s1,2.0,C(SCCc1nnc(NC(Cc2ccccc2)=O)s1)Cc1nnc(N)s1,Dardda{AAEAAasdda{DA{~B}Aataaaaat}es}er,41.666666666666664
CHEMBL1809049,COc1cc(OC2CCN(CC2)C(=O)C)ccc1Nc3ncc(Cl)c(n3)c4cnc5ccccn45,4.0,c1(OC2CCN(C(C)=O)CC2)cc(OC)c(Nc2ncc(Cl)c(-c3n4ccccc4nc3)n2)cc1,ABaraa{BAsAAD{AAs}A{~B}A}aaarDatdaa{Z}a{dt}auadavaaaaduv,8.333333333333334
CHEMBL1373079,COc1ccc(cc1)C2=CC(=O)c3ccccc3N2,2.71,c1ccc2[nH]c(-c3ccc(OC)cc3)cc(=O)c2c1,ABaraaa{aar}As~AA{~B}ataaaaatDs,29.833333333333332
CHEMBL74380,COC1\C=C\OC2(C)Oc3c(C)c(O)c4C(=O)C(=CC(=O)c4c3C2=O)NC(=O)\C(=C/C=C/C(C)C(O)C(C)C(O)C(C)C(OC(=O)C)C1C)\C,0.7,C1=C2C(=O)c3c(O)c(C)c4c(c3C1=O)C(=O)C(C)(O/C=C/C(OC)C(C)C(OC(=O)C)C(C)C(O)C(C)C(O)C(C)/C=C/C=C(/C)C(=O)N2)O4,ABAr!A~A!BAs{A}Bata{A}a{B}auA{~B}A{~AA{~B}auatAs~B}DA{~B}!A{~A|A~A|A{A}A{B}A{A}A{B}A{A}A{BA{~B}A}ArA}!A,63.333333333333336
CHEMBL257600,CN1C(=O)N(CC2CC2)c3nn(Cc4ccnc5ccc(Cl)cc45)c(c6cc(cn6C)C#N)c3C1=O,3.67,Clc1ccc2nccc(Cn3nc4c(c(=O)n(C)c(=O)n4CC4CC4)c3-c3cc(C#N)cn3C)c2c1,ADrA{~B}D{AAsAAs}atdd{Aauaadavaaa{Z}aauv}a{awaa{adwA}A^D}atAr~B,13.833333333333334
CHEMBL1362558,CN1SC(=NC1=O)NC(=O)c2cccc(Cl)c2,0.87,Cn1c(=O)nc(NC(=O)c2cc(Cl)ccc2)s1,ADrEA{~DAr~B}DA{~B}asaaaa{Z}as,60.5
CHEMBL2059861,Cc1ccc(cc1NC(=O)c2ccc(OCc3ccccn3)cc2)c4nccn4C,2.83,c1c(C(=O)Nc2cc(-c3nccn3C)ccc2C)ccc(OCc2ncccc2)c1,Aaraaa{aarDA{~B}asaaa{BAataaaadt}aas}audaaduA,27.833333333333332
CHEMBL235191,CC(=O)Nc1ccc(cc1)C(=O)Nc2ccccc2N,0.82,Nc1ccccc1NC(=O)c1ccc(NC(C)=O)cc1,AA{~B}Daraaa{aar}A{~B}DasaaaaasD,61.333333333333336
CHEMBL197536,Oc1ccc2C(=O)C=C(Oc2c1)N3CCOCC3,1.0,c12c(=O)cc(N3CCOCC3)oc1cc(O)cc2,BaraaasA{~B}A~A{Basar}DtAABAAt,58.333333333333336
CHEMBL1086580,Oc1nc(nc2CCSCc12)c3ccc(cc3)C(F)(F)F,3.07,C1c2c(nc(-c3ccc(C(F)(F)F)cc3)nc2O)CCS1,Barda{dasAAEAars}ataaa{aat}A{G}{G}G,23.83333333333334
CHEMBL1290331,Clc1ccc(N2CCN(CC2)C(=O)COCc3cscn3)c(Cl)c1,3.07,c1c(N2CCN(C(COCc3ncsc3)=O)CC2)c(Cl)cc(Cl)c1,Zaraaa{DsAAD{AAs}A{~B}ABAataeadt}a{Z}ar,23.83333333333334
CHEMBL203370,Oc1ccc(cc1)N2C=Nc3cc(O)ccc3C2=O,1.6,c12cc(O)ccc1c(=O)n(-c1ccc(O)cc1)cn2,Baraaa{aar}DsA~Dataa{B}aaatAs~B,48.333333333333336
CHEMBL1945035,O[C@@H](CNCCc1ccccc1CNCCc2ccccc2F)c3ccc(O)c4NC(=O)Sc34,1.58,c1(O)c2[nH]c(=O)sc2c([C@H](CNCCc2c(CNCCc3ccccc3F)cccc2)O)cc1,B{A**Q}{ADAAaraaaaarADAAasaaaaasG}ataaa{B}auDA{~B}Eatu,48.666666666666664
CHEMBL551360,OCC(CO)N1C=Cc2c(NC(=O)CC34CC5CC(CC(C5)C3)C4)cccc2C1=O,2.62,C12CC3CC(C1)CC(CC(Nc1cccc4c(=O)n(C(CO)CO)ccc41)=O)(C2)C3,BAA{AB}DrA~Aasa{DA{~B}AAtuAAvAA{AA{Av}At}Au}aaaasAr~B,31.333333333333332
CHEMBL1783284,COc1ccc(c(OC)n1)c2c(F)ccc3c(N)c(nnc23)C(=O)NC4CC4,3.37,c1(-c2c(F)ccc3c(N)c(C(=O)NC4CC4)nnc32)c(OC)nc(OC)cc1,ABaraaa{a{BA}dr}asa{G}aaata{D}a{ddast}A{~B}DAuAAu,18.833333333333332
CHEMBL1909734,Clc1ccccc1c2cnn[nH]2,2.68,c1(-c2c(Cl)cccc2)[nH]nnc1,Zaraaaaarasadd{dQ}s,30.33333333333333
CHEMBL1481866,NC(=O)c1ccc(Oc2cccc3cccnc23)c(c1)[N+](=O)[O-],1.7,c1ccc2c(nccc2)c1Oc1ccc(C(N)=O)cc1[N+](=O)[O-],DA{~B}araaa{Basaaaataaadast}a{ar}{D%}{~B}{B_},46.666666666666664
CHEMBL1831079,NC(=O)Nc1cc(sc1C(=O)N)c2cccc(O)c2,2.21,c1c(-c2cc(O)ccc2)sc(C(=O)N)c1NC(=O)N,DA{~B}Daraa{earA{~B}D}asaaaa{B}as,38.166666666666664
CHEMBL437,Nc1ccc(cc1)S(=O)(=O)Nc2nccs2,-0.37,n1ccsc1NS(=O)(=O)c1ccc(N)cc1,Daraaa{aar}E{~B}{~B}Dasdaaes,81.16666666666667
CHEMBL272105,COC(=O)C1=Nc2c(N[C@H](C)CO)nc(SCc3cccc(F)c3F)nc2NC1=O,2.49,c1(SCc2cccc(F)c2F)nc2c(nc(C(=O)OC)c(=O)[nH]2)c(N[C@H](C)CO)n1,ABA{~B}Ar~Dasa{D{A*Q}{A}AB}da{EAataaaa{G}atG}dasDAr~B,33.49999999999999
CHEMBL1940108,COc1cccc(NC(=O)Cn2cc(Oc3ncnc4cc(OC)c(OC)cc34)cn2)c1,3.11,COc1cc2c(cc1OC)c(Oc1cnn(CC(Nc3cccc(OC)c3)=O)c1)ncn2,ABaraaaa{DA{~B}Adsaa{Batdadauaa{BA}a{BA}aatu}ads}ar,23.166666666666668
CHEMBL370252,CC1CCc2cc(F)cc3C(=O)C(=CN1c23)C(=O)O,0.74,c1c2c3c(c(=O)c(C(O)=O)cn3C(C)CC2)cc1F,AArAAasaa{G}aatA{~B}A{~ADrast}A{~B}B,62.666666666666664
CHEMBL205245,CC(C)CN1C(=O)N(C)C(=O)c2c1sc(Cn3c(C)nc(Cl)c3Cl)c2C(=O)N4CC[C@@H](O)C4,1.61,c1(=O)n(CC(C)C)c2c(c(=O)n1C)c(C(=O)N1CC[C@@H](O)C1)c(Cn1c(Cl)c(Cl)nc1C)s2,AA{A}ADrA{~B}D{A}A{~B}asarea{Adta{A}da{Z}atZ}asA{~B}DuAA{A**Q}{B}Au,48.16666666666666
CHEMBL2070946,O=C(NC1(CC1)C#N)[C@@H]2CCCC[C@H]2C(=O)N3CCN(CC3)c4ncc(C#N)s4,1.2,C1N(C([C@H]2[C@H](C(NC3(C#N)CC3)=O)CCCC2)=O)CCN(c2sc(C#N)cn2)C1,B~A{DAr{AAr}A^D}{A**Q}sAAAA{A*Q}sA{~B}DtAAD{AAt}audaa{A^D}eu,55.0
CHEMBL443320,Cc1ccc(NC(=N)N)cc1C,-1.34,N=C(N)Nc1cc(C)c(C)cc1,Aaraaa{DA{~D}D}aarA,97.33333333333333
CHEMBL1779497,Clc1ccc(cc1C(=O)NCC2CCCCC2)N3N=CC(=O)NC3=O,1.26,c1c(-n2ncc(=O)[nH]c2=O)ccc(Cl)c1C(NCC1CCCCC1)=O,Zaraaa{aarA{~B}DAAsAAAAAs}DtD~AA{~B}DAt~B,54.0
CHEMBL1332736,O=C(Oc1ccccc1)N2CCOCC2,1.3,c1cc(OC(=O)N2CCOCC2)ccc1,B~A{Baraaaaar}DsAABAAs,53.333333333333336
CHEMBL2070948,CC(C)(C#N)c1cnc(s1)N2CCN(CC2)C(=O)[C@@H]3CCCC[C@H]3C(=O)NC4(CC4)C#N,1.9,N(C1(C#N)CC1)C([C@H]1[C@H](C(N2CCN(c3ncc(C(C)(C)C#N)s3)CC2)=O)CCCC1)=O,AA{A}{A^D}arada{er}DsAAD{AAs}A{~B}{A**Q}tAAAA{A*Q}tA{~B}DAu{AAu}A^D,43.333333333333336
CHEMBL1732699,FC(F)(F)c1nnc2ccc(nn12)N3CCCCC3,3.0,c1(C(F)(F)F)n2c(ccc(N3CCCCC3)n2)nn1,GA{G}{G}arddasaaa{ddrs}DtAAAAAt,25.0
CHEMBL1917433,Cc1c(Sc2ccc(Cl)cc2)c3c(NS(=O)(=O)C)cccc3n1CC(=O)O,0.21,n1(CC(O)=O)c(C)c(Sc2ccc(Cl)cc2)c2c1cccc2NS(=O)(=O)C,Aara{Easaaa{Z}aas}ata{DE{~B}{~B}A}aaaatdrAA{~B}B,71.5
CHEMBL2141746,CCCNC(=O)CSc1ccc(cn1)S(=O)(=O)N2CCCC2,1.55,C(C(=O)NCCC)Sc1ncc(S(N2CCCC2)(=O)=O)cc1,AAADA{~B}AEaraaa{adr}E{~B}{~B}DsAAAAs,49.166666666666664
CHEMBL256576,C[C@@H](Oc1cccc2ncnc(Nc3ccc4c(cnn4Cc5ccccn5)c3)c12)C(=O)N6CCOCC6,2.82,C([C@@H](C)Oc1cccc2c1c(Nc1ccc3c(cnn3Cc3ncccc3)c1)ncn2)(N1CCOCC1)=O,A{A**Q}{Baraaaasdada{Dataaaua{adduAavaaaadv}at}ars}A{~B}DwAABAAw,28.000000000000004
CHEMBL87388,COc1ccc(Cn2cc3N(CC(C)C)C(=O)N(C)C(=O)c3c2)cc1,3.52,n1(Cc2ccc(OC)cc2)cc2n(CC(C)C)c(=O)n(C)c(=O)c2c1,ABaraaa{AdsaatD{AA{A}A}A{~B}D{A}A{~B}atas}aar,16.333333333333332
CHEMBL150606,COc1cc2c(Nc3ccc(Cl)cc3F)ncnc2cc1OCCn4cncn4,3.2,O(c1cc2ncnc(Nc3c(F)cc(Cl)cc3)c2cc1OC)CCn1ncnc1,ABaraasa{Dataaa{Z}aatG}dadasaarBAAduadadu,21.66666666666666
CHEMBL8809,CCN1CCC[C@H]1CNC(=O)c2c(O)c(Cl)cc(Cl)c2OC,1.09,c1(OC)c(C(NC[C@H]2N(CC)CCC2)=O)c(O)c(Cl)cc1Cl,AADrAAA{A*Q}rADA{~B}asa{B}a{Z}aa{Z}asBA,56.833333333333336
CHEMBL1233655,CC(=O)Nc1nc(C)c(s1)c2cnc(F)c(NS(=O)(=O)c3sc(C)nc3C)c2,0.55,c1(NC(C)=O)sc(-c2cnc(F)c(NS(=O)(c3c(C)nc(C)s3)=O)c2)c(C)n1,AA{~B}Darda{A}a{er}asada{G}a{DE{~B}{~B}atea{A}datA}as,65.83333333333333
CHEMBL384962,Cc1ccc2c(c1)c(c(C)n2CC(=O)O)c3ccnc4ccc(cc34)C(F)(F)F,1.78,c1c2c(cc(C(F)(F)F)c1)c(-c1c3cc(C)ccc3n(CC(O)=O)c1C)ccn2,Aaraaasa{ar}a{a{A}dsAA{~B}B}ataadauaaa{aatu}A{G}{G}G,45.333333333333336
CHEMBL1542764,CSc1ncccc1C(=O)Nc2nccs2,1.43,c1(C(Nc2nccs2)=O)c(SC)nccc1,AEardaaaarA{~B}Dasdaaes,51.166666666666664
CHEMBL2181927,CCOc1ncc(C)c2NC(=C([C@@H](c3ccc(cc3OC)C#N)c12)C(=O)N)C,2.51,O(CC)c1c2c(c(C)cn1)NC(C)=C(C(N)=O)[C@H]2c1c(OC)cc(C#N)cc1,AABardaa{A}asDA{~A{{A**Q}{ataaa{aatBA}A^D}ars}A{~B}D}A,33.16666666666667
CHEMBL2334590,Cc1nc2ccc(Cl)cn2c1c3ccnc(N)n3,2.49,Clc1ccc2nc(C)c(-c3ccnc(N)n3)n2c1,Aardasaaa{Z}adsarataada{D}dt,33.49999999999999
CHEMBL1480987,CC1CC(CC(C)(C)C1)OC(=O)C(O)c2ccccc2,2.31,C1C(C)CC(OC(C(O)c2ccccc2)=O)CC1(C)C,AArAA{AA{A}{A}Ar}BA{~B}A{B}asaaaaas,36.5
CHEMBL2335898,C[C@@H](NC(=O)C1CCCCN1C)c2ccc(Nc3ncc4cc(ccc4n3)c5ccncc5)cc2,3.34,c1c(-c2ccc3nc(Nc4ccc([C@@H](C)NC(C5CCCCN5C)=O)cc4)ncc3c2)ccnc1,A{A**Q}{DA{~B}ArAAAADrA}asaaa{Datdaauaa{aaaudt}avaadaav}aas,19.333333333333336
CHEMBL401193,CN(C)C(=O)CN1CCN(CCc2c([nH]c3sc(cc23)C(C)(C)C(=O)N4C5CCC4CC5)c6cc(C)cc(C)c6)CC1,4.13,O=C(N(C)C)CN1CCN(CCc2c(-c3cc(C)cc(C)c3)[nH]c3sc(C(C)(C(=O)N4C5CCC4CC5)C)cc23)CC1,AD{A}A{~B}ADrAAD{AAasa{{dQ}atea{aast}A{A}{A}A{~B}DuAvAAAuAAv}awaa{A}aa{A}aw}AAr,6.166666666666669
CHEMBL1950851,CN[C@@H](C)C(=O)N[C@H](C(=O)N[C@H]1CCCN(CCc2ccc(F)cc2)C1)C(C)(C)C,3.12,O=C([C@H](C(C)(C)C)NC(=O)[C@H](C)NC)N[C@H]1CCCN(CCc2ccc(F)cc2)C1,AD{A**Q}{A}A{~B}D{A*Q}{A{~B}D{A*Q}rAAAD{AAasaaa{G}aas}Ar}A{A}{A}A,23.0
CHEMBL2035030,NC1(CCC1)c2ccc(cc2)c3ncc4ccncc4c3c5ccccc5,2.2,c1(-c2ccc(C3(N)CCC3)cc2)c(-c2ccccc2)c2c(ccnc2)cn1,DAr{AAAr}asaaa{aas}atdaauaadaauatavaaaaav,38.33333333333333
CHEMBL111955,CC(C)C(NC(=O)CN1C(=O)C(=CC=C1c2ccccc2)NS(=O)(=O)C)C(=O)C(F)(F)F,1.77,c1(NS(=O)(C)=O)ccc(-c2ccccc2)n(CC(=O)NC(C(=O)C(F)(F)F)C(C)C)c1=O,AA{A}A{DA{~B}ADrA{~B}A{~AA~Arasaaaaas}DE{~B}{~B}A}A{~B}A{G}{G}G,45.5
CHEMBL316388,C[C@@H]1CN([C@@H](C)CN1C(=O)c2ccc(cc2)C#N)C(=O)[C@@](C)(O)C(F)(F)F,1.5,c1c(C(N2C[C@H](C)N(C([C@@](O)(C(F)(F)F)C)=O)C[C@H]2C)=O)ccc(C#N)c1,A{A**Q}rAD{{A**Q}{A}ADrA{~B}asaaa{aas}A^D}A{~B}{A**}{A}{B}A{G}{G}G,50.0
CHEMBL248380,CCOc1ccccc1c2ccc(cc2)c3nc4ccc(F)cc4c(N[C@H](C)C(=O)O)c3C#N,2.5,Fc1ccc2c(c(N[C@H](C)C(=O)O)c(C#N)c(-c3ccc(-c4ccccc4OCC)cc3)n2)c1,AABaraaaaarasaaa{aas}atdauaaa{G}aaua{D{A*Q}{A}A{~B}B}atA^D,33.333333333333336
CHEMBL235581,Clc1ccc(CC2CCNCC2)cc1C(=O)NCC34CC5CC(CC(C5)C3)C4,1.49,C1C2CC3(CNC(c4cc(CC5CCNCC5)ccc4Cl)=O)CC(CC1C3)C2,Zaraaa{AAsAADAAs}aarA{~B}DAAtuAAvAA{AA{Av}At}Au,50.166666666666664
CHEMBL1682940,CC[C@H](NC(=O)c1c(c(nc2ccccc12)c3ccccc3)S(=O)(=O)C)c4ccccc4,3.17,c1cc([C@@H](NC(=O)c2c(S(=O)(=O)C)c(-c3ccccc3)nc3ccccc32)CC)ccc1,AA{A*Q}{DA{~B}ara{a{dasaaaaars}ataaaaat}E{~B}{~B}A}auaaaaau,22.166666666666668
CHEMBL1471868,Fc1ccc(NC(=O)c2cccnc2Oc3ccccc3)cc1,3.19,c1cccc(Oc2ncccc2C(=O)Nc2ccc(F)cc2)c1,Garaaa{DA{~B}asaaadasBataaaaat}aar,21.833333333333332
CHEMBL1076211,CC(CN1CCCCC1)C(=O)c2ccc(C)cc2,1.65,C1CCN(CC(C(c2ccc(C)cc2)=O)C)CC1,AA{ADrAAAAAr}A{~B}asaaa{A}aas,47.5
CHEMBL1951022,CC(C)OC(=O)N1CCC(CC1)Oc2ncnc(Nc3ccc(nc3C)S(=O)(=O)C)c2C,2.8,O=S(=O)(c1ccc(Nc2ncnc(OC3CCN(C(=O)OC(C)C)CC3)c2C)c(C)n1)C,AA{A}BA{~B}DrAAA{AAr}Basdada{Dataaa{datA}E{~B}{~B}A}asA,28.33333333333334
CHEMBL1987793,Cc1ccccc1c2c(C(=O)O)n(CCCOc3cccc4ccccc34)c5ccccc25,3.89,c1cc2ccccc2c(OCCCn2c3ccccc3c(-c3ccccc3C)c2C(=O)O)c1,Aaraaaaarasa{A{~B}B}d{AAABataaaauaaaaatu}avaaaaasv,10.166666666666664
CHEMBL1947155,C[C@@H](NCc1ccccc1c2ccc(CCNC[C@H](O)c3ccc(O)c4NC(=O)Sc34)cc2)c5ccccc5,2.28,c1cc(CCNC[C@@H](c2c3sc(=O)[nH]c3c(O)cc2)O)ccc1-c1ccccc1CN[C@H](C)c1ccccc1,A{A**Q}{DAaraaaaarasaaa{AADA{A*Q}{B}ataaa{B}auDA{~B}Eatu}aas}avaaaaav,37.00000000000001
CHEMBL1939418,Nc1nc(Nc2ccc(F)c(Cl)c2)c3nc[nH]c3n1,2.75,c1(Cl)c(F)ccc(Nc2c3nc[nH]c3nc(N)n2)c1,Darda{Dasaaa{G}a{Z}as}atda{dQ}atdr,29.166666666666668
CHEMBL398295,CCCSc1nc(N[C@@H]2C[C@H]2c3ccccc3)c4nnn([C@@H]5C[C@H](O)[C@@H](O)[C@H]5O)c4n1,3.97,c1ccc([C@H]2[C@H](Nc3c4c(n([C@@H]5C[C@H](O)[C@@H](O)[C@H]5O)nn4)nc(SCCC)n3)C2)cc1,AAAEarda{D{A**Q}sA{A*Q}sataaaaat}auddd{{A**Q}vA{A*Q}{B}{A**Q}{B}{A*Q}vB}audr,8.83333333333333
CHEMBL174107,CSc1ccc(cc1)N2C(=NC(=NC2(C)C)N)N,-0.84,c1cc(SC)ccc1N1C(C)(C)N=C(N)N=C1N,AEaraaa{aar}DsA{~DA{~DAs{A}A}D}D,89.0
CHEMBL2089280,C[C@@H]1N[S@@](=O)(=NC1=O)c2cccc(c2)c3ccc(C)cc3,1.6,N1=[S@](c2cc(-c3ccc(C)cc3)ccc2)(=O)N[C@@H](C)C1=O,A{A**Q}rD{E**}{~B}{~DAr~B}asaaaa{as}ataaa{A}aat,48.333333333333336
CHEMBL139347,Nc1nc(N)nc(n1)c2cccc(c2)C(F)(F)F,2.4,c1(-c2nc(N)nc(N)n2)cccc(C(F)(F)F)c1,Darda{D}da{dr}asaaaa{as}A{G}{G}G,35.0
CHEMBL1623,Cc1cccc(CN2CCN(CC2)C(c3ccccc3)c4ccc(Cl)cc4)c1,3.39,c1(C)cccc(CN2CCN(C(c3ccccc3)c3ccc(Cl)cc3)CC2)c1,Aaraaaa{ADsAAD{AAs}A{ataaaaat}auaaa{Z}aau}ar,18.499999999999996
CHEMBL2171034,Fc1ccc(cc1)S(=O)(=O)NC(=O)N2CCC(CC2)N3CCC(CC3)Oc4ccc(Cl)c(Cl)c4,1.79,c1c(OC2CCN(C3CCN(C(NS(c4ccc(F)cc4)(=O)=O)=O)CC3)CC2)cc(Cl)c(Cl)c1,Garaaa{aar}E{~B}{~B}DA{~B}DsAAA{AAs}DtAAA{AAt}Bauaaa{Z}a{Z}au,45.166666666666664
CHEMBL1689115,OC(=O)COc1ccc(Cl)cc1CN2CCCN(CC2)S(=O)(=O)Cc3ccccc3,1.01,C1CN(Cc2cc(Cl)ccc2OCC(O)=O)CCN(S(Cc2ccccc2)(=O)=O)C1,BA{~B}ABaraaa{Z}aarADsAAAD{AAs}E{~B}{~B}Aataaaaat,58.166666666666664
CHEMBL1628691,Clc1cccc(c1Cl)n2nnnc2NCc3ccccc3Oc4ccccn4,3.62,C(Nc1n(-c2c(Cl)c(Cl)ccc2)nnn1)c1c(Oc2ncccc2)cccc1,Zaraaaa{arZ}dsdddasDAataaaaatBauaaaadu,14.666666666666664
CHEMBL1515447,CN1CCCN(CC1)C(c2ccccc2)c3ccc(Cl)cc3,2.36,c1(C(c2ccccc2)N2CCN(C)CCC2)ccc(Cl)cc1,ADrAAAD{AAr}A{asaaaaas}ataaa{Z}aat,35.666666666666664
CHEMBL559968,Clc1ccccc1CCNC(=O)c2cc(ccc2Cl)N3N=CC(=O)NC3=O,1.29,O=c1[nH]c(=O)cnn1-c1ccc(Cl)c(C(=O)NCCc2c(Cl)cccc2)c1,ZaraaaaarAADA{~B}asaa{aaasZ}DtD~AA{~B}DAt~B,53.5
CHEMBL1180299,Clc1ccc2C(=O)C3=C(Nc2c1)C(=O)NN(Cc4ccccn4)C3=O,1.1,c1cccnc1Cn1[nH]c(=O)c2[nH]c3cc(Cl)ccc3c(=O)c2c1=O,ZaraaasA{~B}At~A{Dasar}A{~B}DD{Aauaaaadu}At~B,56.666666666666664
CHEMBL2335897,C[C@@H](NC(=O)[C@H]1CCCCN1)c2ccc(Nc3ncc4cc(ccc4n3)c5ccncc5)cc2,2.15,c1c(-c2cc3c(nc(Nc4ccc([C@@H](C)NC([C@H]5CCCCN5)=O)cc4)nc3)cc2)ccnc1,A{A**Q}{DA{~B}{A*Q}rAAAADr}asaaa{Datdaauaa{aaaudt}avaadaav}aas,39.166666666666664
CHEMBL204476,CC(C)CN1C(=O)N(C)C(=O)c2c1sc(Cc3cccc4ncccc34)c2C(=O)N5CC[C@@H](O)C5,1.98,CC(C)Cn1c2c(c(=O)n(C)c1=O)c(C(N1C[C@H](O)CC1)=O)c(Cc1cccc3ncccc13)s2,AA{A}ADrA{~B}D{A}A{~B}asarea{Aataaaaudaaaatu}asA{~B}DvAA{A**Q}{B}Av,42.0
CHEMBL2164680,C[C@H](NC(=O)[C@@H]1CCCC[C@H]1C(=O)N2CCc3[nH]c4ccc(F)cc4c3C2)C#N,3.5,[C@@H]1(C(=O)N[C@@H](C)C#N)CCCC[C@H]1C(=O)N1Cc2c3c([nH]c2CC1)ccc(F)c3,A{A*Q}{DA{~B}{A**Q}rAAAA{A*Q}rA{~B}DsAAat{dQ}auaaa{G}aauatAs}A^D,16.666666666666668
CHEMBL109396,CC(C)C(NC(=O)CN1C(=O)C(=CC=C1c2ccccc2)NS(=O)(=O)N)C(=O)C(F)(F)F,1.17,C(=O)(NC(C(C)C)C(C(F)(F)F)=O)Cn1c(=O)c(NS(N)(=O)=O)ccc1-c1ccccc1,AA{A}A{DA{~B}ADrA{~B}A{~AA~Arasaaaaas}DE{~B}{~B}D}A{~B}A{G}{G}G,55.5
CHEMBL551765,OC(=O)C1CCN(CC1)c2ncccc2c3ccc(Cl)c(c3)C(=O)NCC4CCCCCC4,2.53,c1cc(-c2c(N3CCC(C(=O)O)CC3)nccc2)cc(C(=O)NCC2CCCCCC2)c1Cl,BA{~B}ArAAD{AAr}asdaaaasataaa{Z}a{at}A{~B}DAAuAAAAAAu,32.833333333333336
CHEMBL14690,Clc1ccc(CNC(=N)SCCCc2c[nH]cn2)cc1,1.13,c1(Cl)ccc(CNC(=N)SCCCc2c[nH]cn2)cc1,Zaraaa{ADA{~D}EAAAasa{dQ}ads}aar,56.166666666666664
CHEMBL2089276,Cc1ccc(cc1)c2cccc(c2)c3nn[nH]n3,1.3,[nH]1nc(-c2cc(-c3ccc(C)cc3)ccc2)nn1,Aaraaa{aar}asaaaa{as}atdd{dQ}dt,53.333333333333336
CHEMBL1917461,Cc1ccc2c(n1)c(Sc3ccc(Cl)cc3)c(C)n2CC(=O)O,0.35,c1cc(C)nc2c(Sc3ccc(Cl)cc3)c(C)n(CC(O)=O)c12,Aaraaasa{dr}a{Eataaa{Z}aat}a{A}dsAA{~B}B,69.16666666666667
CHEMBL366080,CN(C1CCN(C)CC1)c2nccc(Nc3cc(NC(=O)c4ccnc(c4)N5CCOCC5)ccc3C)n2,1.8,c1(Nc2cc(NC(c3ccnc(N4CCOCC4)c3)=O)ccc2C)ccnc(N(C2CCN(C)CC2)C)n1,AD{ArAAD{A}AAr}asdaaa{Dataa{DA{~B}auaada{au}DvAABAAv}aaatA}ds,45.0
CHEMBL306262,CCCCCC[C@H]1OC(=O)CNC(=O)[C@H](NC(=O)[C@H](CO)NC(=O)[C@@H](NC(=O)[C@H](CC(C)C)N(C)C(=O)[C@@H]1C)[C@H](C)CC)[C@H](C)O,3.2,[C@H]1([C@@H](O)C)NC(=O)[C@H](CO)NC(=O)[C@H]([C@H](C)CC)NC(=O)[C@H](CC(C)C)N(C)C(=O)[C@H](C)[C@@H](CCCCCC)OC(=O)CNC1=O,AAAAAA{A*Q}rBA{~B}ADA{~B}{A*Q}{DA{~B}{A*Q}{AB}DA{~B}{A**Q}{DA{~B}{A*Q}{AA{A}A}D{A}A{~B}{A**Q}rA}{A*Q}{A}AA}{A*Q}{A}B,21.66666666666666
CHEMBL1950724,CN[C@@H](C)C(=O)N[C@@H](C1CCCCC1)C(=O)N[C@H]2CCN(C2)C(=O)c3ccccc3,0.82,c1ccccc1C(=O)N1CC[C@H](NC(=O)[C@@H](NC([C@H](C)NC)=O)C2CCCCC2)C1,AD{A**Q}{A}A{~B}D{A**Q}{ArAAAAAr}A{~B}D{A*Q}sAAD{As}A{~B}ataaaaat,61.333333333333336
CHEMBL2059864,Cc1cnc([nH]1)c2ccc(C)c(NC(=O)c3ccc(OCc4ccccn4)cc3)c2,3.19,n1ccccc1COc1ccc(C(Nc2cc(-c3ncc(C)[nH]3)ccc2C)=O)cc1,Aarada{{dQ}r}asaaa{A}a{DA{~B}ataaa{BAauaaaadu}aat}as,21.833333333333332
CHEMBL1165028,O=C(NCCSCc1ccccc1)c2ccccc2,3.3,c1ccc(C(=O)NCCSCc2ccccc2)cc1,B~A{DAAEAaraaaaar}asaaaaas,20.000000000000004
CHEMBL2158836,OC(=O)[C@@H](Cc1ccccc1)N2CCC(CN3CCC(CC3)Oc4ccc(Cl)c(Cl)c4)CC2,2.5,C([C@H](C(O)=O)N1CCC(CN2CCC(Oc3cc(Cl)c(Cl)cc3)CC2)CC1)c1ccccc1,BA{~B}{A**Q}{Aaraaaaar}DsAAA{ADtAAA{AAt}Bauaaa{Z}a{Z}au}AAs,33.333333333333336
CHEMBL205807,CC(C)CN1C(=O)N(C)C(=O)c2c1sc(Cc3c[nH]c4ccccc34)c2C(=O)N5CC[C@@H](O)C5,2.35,n1(CC(C)C)c(=O)n(C)c(=O)c2c(C(N3CC[C@@H](O)C3)=O)c(Cc3c4c([nH]c3)cccc4)sc12,AA{A}ADrA{~B}D{A}A{~B}asarea{Aata{dQ}auaaaaatu}asA{~B}DvAA{A**Q}{B}Av,35.833333333333336
CHEMBL576068,C[C@H](Nc1cnc(C)c(Nc2cc(C)[nH]n2)n1)c3ccc(F)cn3,1.73,[C@@H](c1ncc(F)cc1)(C)Nc1cnc(C)c(Nc2n[nH]c(C)c2)n1,A{A*Q}{Darada{A}a{Dasaa{A}{dQ}ds}dr}ataaa{G}adt,46.166666666666664
CHEMBL142715,C(CN1CCCCC1)C2CCc3cc(OCc4ccc(cc4)c5ccccc5)ccc3C2,3.3,C1N(CCC2Cc3ccc(OCc4ccc(-c5ccccc5)cc4)cc3CC2)CCCC1,A{ADrAAAAAr}AsAAataa{BAauaaa{aau}avaaaaav}aaatAs,20.000000000000004
CHEMBL409493,Nc1ccccc1NC(=O)c2ccc(cc2)C3CCN(Cc4ccc(cc4)C(=O)NC5CC5)CC3,2.31,c1c(N)c(NC(c2ccc(C3CCN(Cc4ccc(C(=O)NC5CC5)cc4)CC3)cc2)=O)ccc1,DaraaaaarDA{~B}asaaa{aas}AtAAD{Aauaaa{aau}A{~B}DAvAAv}AAt,36.5
CHEMBL1945297,CC(Cc1cccc(CNCCc2c(Cl)cccc2Cl)c1)NC[C@H](O)c3ccc(O)c4NC(=O)Sc34,2.41,O[C@@H](CNC(C)Cc1cc(CNCCc2c(Cl)cccc2Cl)ccc1)c1ccc(O)c2c1sc(=O)[nH]2,AA{Aaraaaa{ADAAasa{Z}aaaasZ}ar}DA{A*Q}{B}ataaa{B}auDA{~B}Eatu,34.833333333333336
CHEMBL2321991,OCC[C@@]1(CCCNC1)c2ccc(Cl)c(Cl)c2,0.61,[C@]1(CCO)(c2ccc(Cl)c(Cl)c2)CNCCC1,BAA{A**}r{AAADAr}asaaa{Z}a{Z}as,64.83333333333333
CHEMBL2164670,COc1ccccc1C(NC(=O)[C@@H]2CCCC[C@H]2C(=O)N3CCN(Cc4ccc(F)cc4)CC3)C#N,3.57,N(C([C@@H]1CCCC[C@H]1C(N1CCN(Cc2ccc(F)cc2)CC1)=O)=O)C(C#N)c1ccccc1OC,ABaraaaaarA{DA{~B}{A**Q}sAAAA{A*Q}sA{~B}DtAAD{Aauaaa{G}aau}AAt}A^D,15.500000000000002
CHEMBL182150,CN(C)c1nc(N[C@@H]2CC[C@@H](CC2)NC(=O)c3ccc(F)c(F)c3)nc4ccccc14,3.13,c1ccc2c(N(C)C)nc(N[C@H]3CC[C@@H](NC(c4ccc(F)c(F)c4)=O)CC3)nc2c1,AD{A}arda{D{A**Q}sAA{A**Q}{AAs}DA{~B}ataaa{G}a{G}at}dauaaaaaru,22.833333333333332
CHEMBL1788268,CCCNC[C@@H](O)COc1ccccc1C(=O)CCc2ccccc2,1.56,c1c(OC[C@@H](CNCCC)O)c(C(CCc2ccccc2)=O)ccc1,AAADA{A**Q}{B}ABaraaaaarA{~B}AAasaaaaas,49.0
CHEMBL1180288,Oc1c2C(=O)N(NC(=O)c2nc3cc(Cl)ccc13)C(C4CC4)c5ccncc5,0.7,c12c(=O)[nH]n(C(c3ccncc3)C3CC3)c(=O)c1c(O)c1c(n2)cc(Cl)cc1,BarasA{~B}D{DA{~B}asdataa{Z}aaart}A{AuAAu}avaadaav,63.333333333333336
CHEMBL2158792,Cc1cc(OC2CCN(CC3CCN(CC3)[C@@](C)(Cc4ccc(F)cc4)C(=O)O)CC2)ccc1Cl,2.08,c1cc(OC2CCN(CC3CCN([C@@](C(O)=O)(C)Cc4ccc(F)cc4)CC3)CC2)cc(C)c1Cl,Aaraa{BAsAAD{AAtAAD{AAt}{A**}{A}{Aauaaa{G}aau}A{~B}B}AAs}aaarZ,40.333333333333336
CHEMBL490512,O=C(CCc1ccccc1)c2ccccc2,3.77,O=C(CCc1ccccc1)c1ccccc1,B~A{AAaraaaaar}asaaaaas,12.166666666666666
CHEMBL813,CCCCc1ncc(\C=C(/Cc2cccs2)\C(=O)O)n1Cc3ccc(cc3)C(=O)O,-0.9,c1c(Cn2c(/C=C(\Cc3sccc3)C(=O)O)cnc2CCCC)ccc(C(O)=O)c1,AAAAardaa{!A~A{|Aasaaaes}!A{~B}B}drAataaa{aat}A{~B}B,90.0
CHEMBL2158835,OC(=O)[C@H](Cc1ccccc1)N2CCC(CN3CCC(CC3)Oc4ccc(Cl)c(Cl)c4)CC2,2.5,[C@H](N1CCC(CN2CCC(Oc3cc(Cl)c(Cl)cc3)CC2)CC1)(Cc1ccccc1)C(=O)O,BA{~B}{A*Q}{Aaraaaaar}DsAAA{ADtAAA{AAt}Bauaaa{Z}a{Z}au}AAs,33.333333333333336
CHEMBL75880,C(C(C1CCCCC1)C2CCCCC2)C3CCCCN3,3.02,C1CCC(C(C2CCCCC2)CC2NCCCC2)CC1,A{A{ArAAAAAr}AsAAAAAs}AtAAAADt,24.666666666666668
CHEMBL1762545,COc1cc(Nc2nccc(n2)N(C)c3cc(CO)ccc3C)cc(c1)N4CCOCC4,3.9,c1(C)c(N(c2nc(Nc3cc(OC)cc(N4CCOCC4)c3)ncc2)C)cc(CO)cc1,ABaraa{Dasdaaa{ds}D{A}ataa{AB}aaatA}aa{ar}DuAABAAu,10.000000000000002
CHEMBL1975242,O=C(Nc1nc2C(=O)NC=Nc2s1)c3ccccc3,1.94,N(C(=O)c1ccccc1)c1nc2c(=O)[nH]cnc2s1,B~A{DardasA{~B}DA~Daser}ataaaaat,42.666666666666664
CHEMBL1682948,CC[C@H](NC(=O)c1c([S+](C)[O-])c(nc2ccccc12)c3ccc(F)cc3)c4ccccc4,3.72,c1c2c(nc(-c3ccc(F)cc3)c([S+](C)[O-])c2C(N[C@H](c2ccccc2)CC)=O)ccc1,AA{A*Q}{DA{~B}ara{{E%}{A}{B_}}a{dasaaaaars}ataaa{G}aat}auaaaaau,12.999999999999998
CHEMBL2331753,CC1=CN([C@H]2CCCN(C2)S(=O)(=O)c3ccc(O)c(Oc4cccc(c4)C(F)(F)F)c3)C(=O)NC1=O,2.27,C1[C@@H](n2c(=O)[nH]c(=O)c(C)c2)CCCN1S(=O)(=O)c1ccc(O)c(Oc2cccc(C(F)(F)F)c2)c1,AAr~AD{{A*Q}sAAAD{As}E{~B}{~B}ataaa{B}a{Bauaaaa{au}A{G}{G}G}at}A{~B}DAr~B,37.166666666666664
CHEMBL74355,COc1cccc([C@H](O)C2CCN(CCc3ccc(F)cc3)CC2)c1OC,1.7,C1C([C@@H](O)c2c(OC)c(OC)ccc2)CCN(CCc2ccc(F)cc2)C1,ABaraaaa{{A*Q}{B}AsAAD{AAataaa{G}aat}AAs}arBA,46.666666666666664
CHEMBL250540,COc1ccc2nc(N[C@H]3CCC[C@@H](C3)NCc4ccsc4)ccc2c1,2.43,C1C[C@H](NCc2ccsc2)C[C@@H](Nc2ccc3c(n2)ccc(OC)c3)C1,ABaraaasda{D{A*Q}tAAA{A**Q}{At}DAauaaeau}aaasar,34.49999999999999
CHEMBL1559730,CN1CCN(CC1)c2ncnc3c2sc4nc(C)cc(C)c34,3.2,c12sc3c(ncnc3N3CCN(C)CC3)c1c(C)cc(C)n2,ADrAAD{AAr}asdadataseauda{A}aa{A}atu,21.66666666666666
CHEMBL2086650,CC(C)(C)OC(=O)N1CCN(CC1)c2ncc(OCc3ccc(cc3)S(=O)(=O)C)cn2,3.27,c1c(COc2cnc(N3CCN(C(OC(C)(C)C)=O)CC3)nc2)ccc(S(=O)(C)=O)c1,AA{A}{A}BA{~B}DrAAD{AAr}asdaa{BAataaa{aat}E{~B}{~B}A}ads,20.5
CHEMBL237616,O=C(COc1ccccc1)N2CCOCC2,0.75,c1cc(OCC(=O)N2CCOCC2)ccc1,B~A{ABaraaaaar}DsAABAAs,62.5
CHEMBL1607641,Cc1nnsc1C(=O)Nc2ccccc2,0.97,n1nc(C)c(C(Nc2ccccc2)=O)s1,AarddearA{~B}Dasaaaaas,58.833333333333336
CHEMBL1201373,CC[C@H](C)C(=O)O[C@H]1C[C@@H](C)C=C2C=C[C@H](C)[C@H](CC[C@@H](O)C[C@@H](O)CC(=O)O)[C@@H]12,1.07,C([C@@H](O)C[C@@H](O)CC(O)=O)C[C@H]1[C@@H](C)C=CC2=C[C@H](C)C[C@H](OC([C@@H](C)CC)=O)[C@@H]21,AA{A*Q}{A}A{~B}B{A*Q}rA{A**Q}{A}A~AsA~A{A*Q}{A}{A*Q}{AA{A**Q}{B}A{A**Q}{B}AA{~B}B}{A**Q}rs,57.166666666666664
CHEMBL2179669,CC1=CN([C@H]2CCCN(Cc3ccc(C(=O)O)c(Oc4cccc(c4)C(F)(F)F)c3)C2)C(=O)NC1=O,-0.38,O(c1cc(CN2CCC[C@H](n3cc(C)c(=O)[nH]c3=O)C2)ccc1C(=O)O)c1cccc(C(F)(F)F)c1,AAr~AD{{A*Q}sAAAD{Aataaa{A{~B}B}a{Bauaaaa{au}A{G}{G}G}at}As}A{~B}DAr~B,81.33333333333333
CHEMBL1479463,COc1cc(O)cc2OC=C(C(=O)c12)c3ccc(O)cc3,2.0,o1c2c(c(OC)cc(O)c2)c(=O)c(-c2ccc(O)cc2)c1,ABaraa{B}aasBA~A{A{~B}ars}ataaa{B}aat,41.666666666666664
CHEMBL976,O=C(C1CCCCC1)N2CC3N(CCc4ccccc34)C(=O)C2,2.43,c1cc2c(cc1)CCN1C(=O)CN(C(C3CCCCC3)=O)CC21,B~A{ArAAAAAr}DsAAtD{AAauaaaaatu}A{~B}As,34.49999999999999
CHEMBL1213085,Cc1ccccc1N2C(=Nc3cccc(C)c3C2=O)Cn4nc(c5ccc(O)c(F)c5)c6c(N)ncnc46,3.55,c12c(=O)n(-c3c(C)cccc3)c(Cn3nc(-c4ccc(O)c(F)c4)c4c(N)ncnc34)nc1cccc2C,AaraaaaarDsA{~Dataaaa{A}atAs~B}Aduda{avaaa{B}a{G}av}awa{D}dadauw,15.833333333333336
CHEMBL2152076,Nc1cc(nc2ccc(Nc3cc(nc(N)n3)c4cccc(Cl)c4)cc12)c5ccc(F)cc5,2.5,c1(-c2nc3c(c(N)c2)cc(Nc2cc(-c4cc(Cl)ccc4)nc(N)n2)cc3)ccc(F)cc1,Daraa{dasaaa{Dataa{da{D}dt}auaaaa{Z}au}aars}avaaa{G}aav,33.333333333333336
CHEMBL1467,O=C1NC=Nc2[nH]ncc12,-0.42,n1c2[nH]ncc2c(=O)[nH]c1,B~ArDA~Das{dQ}daars,82.0
CHEMBL1934423,C[C@H](NC(=O)c1c(C)nn(C2CCOC2)c1NS(=O)(=O)c3ccc(C)cc3)C(C)(C)C,0.78,n1(C2CCOC2)c(NS(=O)(=O)c2ccc(C)cc2)c(C(=O)N[C@@H](C)C(C)(C)C)c(C)n1,A{A*Q}{DA{~B}ara{A}dd{AsAABAs}arDE{~B}{~B}ataaa{A}aat}A{A}{A}A,62.0
CHEMBL119385,Fc1ccc(SC2=NN3C=NC(=O)C(=C3C=C2)c4c(Cl)cccc4Cl)c(F)c1,2.74,S(c1ccc2n(cnc(=O)c2-c2c(Cl)cccc2Cl)n1)c1c(F)cc(F)cc1,Garaaa{EAs~DDtA~DA{~B}A{~AtA~As}aua{Z}aaaauZ}a{G}ar,29.33333333333333
CHEMBL1917421,CC(C(=O)O)n1c(C)c(Sc2ccc(Cl)cc2)c3cc(Cl)ccc13,3.56,c12c(ccc(Cl)c1)n(C(C)C(O)=O)c(C)c2Sc1ccc(Cl)cc1,AA{A{~B}B}dra{A}a{Easaaa{Z}aas}ataa{Z}aaart,15.666666666666666
CHEMBL207028,NC(=O)c1sc(cc1N)c2ccccc2,2.33,c1(N)c(C(N)=O)sc(-c2ccccc2)c1,DA{~B}area{aarD}asaaaaas,36.166666666666664
CHEMBL212777,Cc1ccc2c(c1)c(c(C)n2CC(=O)O)c3ccnc4cc(Cl)ccc34,1.59,c1cc(C)cc2c1n(CC(O)=O)c(C)c2-c1c2ccc(Cl)cc2ncc1,Aaraaasa{ar}a{a{A}dsAA{~B}B}ataadauaa{Z}aaatu,48.5
CHEMBL1916532,COc1ccc2ncc(F)c(CCN3CCC(CC3)NCc4cc5OCCOc5cn4)c2n1,1.46,c12ncc(F)c(CCN3CCC(NCc4cc5c(cn4)OCCO5)CC3)c1nc(OC)cc2,ABaraaasdaa{G}a{AADtAAA{AAt}DAauaavBAABavadu}asdr,50.666666666666664
CHEMBL2041980,CS(=O)(=O)c1ccc(cc1)c2cnc(N)c(c2)c3ccc(nc3)C(F)(F)F,2.4,c1cc(C(F)(F)F)ncc1-c1cc(-c2ccc(S(=O)(C)=O)cc2)cnc1N,AE{~B}{~B}araaa{aar}asada{D}a{as}ataaa{dat}A{G}{G}G,35.0
CHEMBL1682825,O=C1CCOc2nc(CCc3ccccc3)ccc12,2.5,O=C1CCOc2nc(CCc3ccccc3)ccc21,B~ArAABasda{AAataaaaat}aaars,33.333333333333336
CHEMBL1371,Clc1ccc2OC(=O)Nc2c1,2.16,Clc1cc2[nH]c(=O)oc2cc1,ZaraaasBA{~B}Dasar,39.0
CHEMBL322122,CC(C)C(=O)NCCNCC(O)COc1ccc(O)cc1,-0.15,N(CC(O)COc1ccc(O)cc1)CCNC(=O)C(C)C,AA{A}A{~B}DAADAA{B}ABaraaa{B}aar,77.50000000000001
CHEMBL2035018,NC1(CCC1)c2ccc(cc2)c3nn4cccc4cc3c5ccccc5,3.3,c1ccccc1-c1c(-c2ccc(C3(N)CCC3)cc2)nn2c(c1)ccc2,DAr{AAAr}asaaa{aas}atdduaaaauaatavaaaaav,20.000000000000004
CHEMBL1689110,OC(=O)COc1ccc(cc1CN2CCN(CC2)S(=O)(=O)c3ccccc3)C(F)(F)F,0.4,c1(CN2CCN(S(=O)(=O)c3ccccc3)CC2)c(OCC(=O)O)ccc(C(F)(F)F)c1,BA{~B}ABaraaa{aarADsAAD{AAs}E{~B}{~B}ataaaaat}A{G}{G}G,68.33333333333333
CHEMBL1770471,CSCCC(NC(=O)c1sccc1Cl)c2nc3ccccc3[nH]2,3.69,c1c(Cl)c(C(=O)NC(CCSC)c2[nH]c3c(cccc3)n2)sc1,AEAAA{DA{~B}areaaarZ}asdataaaaat{dQ}s,13.5
CHEMBL1738840,COc1ccnc(CCc2nc3cccnc3[nH]2)c1,1.69,c1cnc(CCc2[nH]c3c(cccn3)n2)cc1OC,ABaraada{AAasdataaadat{dQ}s}ar,46.833333333333336
CHEMBL379787,[O-][N+](=O)c1cccc(c1)C(=O)Nc2nc3ccccc3n2CCN4CCOCC4,3.3,c1(NC(c2cccc([N+]([O-])=O)c2)=O)n(CCN2CCOCC2)c2ccccc2n1,{B_}{D%}{~B}araaaa{ar}A{~B}DasdataaaaatdsAADuAABAAu,20.000000000000004
CHEMBL447426,CC(C)[C@@H](CO)NS(=O)(=O)c1ccc(Cl)s1,2.3,c1cc(Cl)sc1S(=O)(=O)N[C@@H](C(C)C)CO,AA{A}{A**Q}{AB}DE{~B}{~B}araaa{Z}er,36.66666666666667
CHEMBL418822,CC(C)C(NC(=O)CN1C(=O)C(=CC=C1c2cccnc2)NC(=O)OCc3ccccc3)C(=O)C(F)(F)F,3.05,c1ncccc1-c1ccc(NC(OCc2ccccc2)=O)c(=O)n1CC(=O)NC(C(C)C)C(=O)C(F)(F)F,AA{A}A{DA{~B}ADrA{~B}A{~AA~Arasaaadas}DA{~B}BAataaaaat}A{~B}A{G}{G}G,24.16666666666667
CHEMBL97,COc1ccc2nccc([C@H](O)C3CC4CCN3CC4C=C)c2c1,2.16,O(c1cc2c(cc1)nccc2[C@@H](C1CC2C(C=C)CN1CC2)O)C,ABaraaasdaaa{{A*Q}{B}AtAAuAADtAAuA~A}asar,39.0
CHEMBL1789941,N#CC[C@H](C1CCCC1)n2cc(cn2)c3ncnc4[nH]ccc34,2.55,c1[nH]c2c(c(-c3cn([C@@H](C4CCCC4)CC#N)nc3)ncn2)c1,D^AA{A*Q}{ArAAAAr}dsaa{ads}atdadau{dQ}aaatu,32.50000000000001
CHEMBL294209,Clc1ccc(Cl)c(c1)S(=O)(=O)Nc2nccs2,1.14,c1cnc(NS(=O)(=O)c2cc(Cl)ccc2Cl)s1,Zaraaa{Z}a{ar}E{~B}{~B}Dasdaaes,56.00000000000001
CHEMBL2147033,O=C1COC2(CCN(CC2)S(=O)(=O)c3ccc(cc3)c4ccc5cnccc5c4)CN1C6CC6,3.32,N1(S(c2ccc(-c3ccc4cnccc4c3)cc2)(=O)=O)CCC2(CN(C3CC3)C(=O)CO2)CC1,B~ArABAs{AAD{AAs}E{~B}{~B}ataaa{aat}auaaavadaaavau}ADrAwAAw,19.666666666666668
CHEMBL2062561,COc1ccc(cc1)c2cc(Nc3ccn(C)n3)n4ncc(C#N)c4n2,2.97,n1c(-c2ccc(OC)cc2)cc(Nc2nn(C)cc2)n2c1c(C#N)cn2,ABaraaa{aar}asaa{Dataad{A}dt}dudaa{A^D}auds,25.499999999999996
CHEMBL1359777,Cc1cc(C(=O)CN2C=C(C=CC2=O)C(F)(F)F)c(C)n1Cc3ccccc3,3.46,C(n1cc(C(F)(F)F)ccc1=O)C(=O)c1c(C)n(Cc2ccccc2)c(C)c1,Aaraa{A{~B}ADsA~A{A~AAs~B}A{G}{G}G}a{A}drAataaaaat,17.333333333333332
CHEMBL47361,Oc1ccc2nc(sc2c1)c3ccccc3,3.99,c1cc(-c2sc3cc(O)ccc3n2)ccc1,Baraaasda{easar}ataaaaat,8.499999999999996
CHEMBL168552,NS(=O)(=O)c1nc2ccccc2s1,1.35,O=S(c1sc2c(cccc2)n1)(=O)N,DE{~B}{~B}ardasaaaaaser,52.5
CHEMBL1778642,CS(=O)(=O)c1ccc(c(Cl)c1)c2cc(Cl)ccc2OCC(=O)O,-0.75,c1(Cl)cc(-c2c(Cl)cc(S(=O)(C)=O)cc2)c(OCC(=O)O)cc1,AE{~B}{~B}araaa{a{Z}ar}asaa{Z}aaasBAA{~B}B,87.5
CHEMBL249789,OC[C@H]1C[C@H]([C@H](O)[C@@H]1O)n2nnc3c(N[C@@H]4C[C@H]4c5ccc(F)c(F)c5)nc(SCCC(F)(F)F)nc23,3.99,S(c1nc2c(nnn2[C@@H]2C[C@H](CO)[C@@H](O)[C@H]2O)c(N[C@H]2[C@H](c3cc(F)c(F)cc3)C2)n1)CCC(F)(F)F,BA{A*Q}rA{A*Q}{{A*Q}{B}{A**Q}rB}dsddata{D{A**Q}uA{A*Q}uavaaa{G}a{G}av}da{EAAA{G}{G}G}dast,8.499999999999996
CHEMBL59956,NC(=O)c1ccccc1OCc2ccccc2,2.5,O=C(N)c1ccccc1OCc1ccccc1,DA{~B}araaaaarBAasaaaaas,33.333333333333336
CHEMBL2142704,CC1CC(=O)Nc2ccccc2N1,0.56,C1(C)Nc2ccccc2NC(=O)C1,AArAA{~B}DasaaaaasDr,65.66666666666667
CHEMBL1068,NC(=O)N1c2ccccc2CC(=O)c3ccccc13,1.28,c1c2c(ccc1)N(C(=O)N)c1c(cccc1)C(=O)C2,DA{~B}DrasaaaaasAA{~B}ataaaaart,53.666666666666664
CHEMBL250961,Cc1ccc(F)cc1S(=O)(=O)N[C@@H]2CCN(Cc3ccc(cc3)c4ccccc4)C2,4.0,Cc1c(S(N[C@H]2CN(Cc3ccc(-c4ccccc4)cc3)CC2)(=O)=O)cc(F)cc1,Aaraaa{G}aarE{~B}{~B}D{A**Q}sAAD{Aataaa{aat}auaaaaau}As,8.333333333333334
CHEMBL1300982,COc1ccc(cc1OC)C2=COc3cc(O)cc(O)c3C2=O,2.8,c1(OC)c(OC)ccc(-c2c(=O)c3c(oc2)cc(O)cc3O)c1,ABaraaa{aarBA}As~ABataa{B}aa{B}atAs~B,28.33333333333334
CHEMBL1917436,CC(=O)Nc1ccc2c(c1)c(Sc3ccc(Cl)cc3)c(C)n2CC(=O)O,0.2,c1(Sc2c(C)n(CC(=O)O)c3ccc(NC(=O)C)cc23)ccc(Cl)cc1,AA{~B}Daraaasa{ar}a{Eataaa{Z}aat}a{A}dsAA{~B}B,71.66666666666667
CHEMBL1682822,O=C1CCOc2nc(ccc12)C#CC3CCCC3,3.0,O1CCC(=O)c2c1nc(C#CC1CCCC1)cc2,B~ArAABasda{aaars}A^AAtAAAAt,25.0
CHEMBL654,CN1CCN2C(C1)c3ccccc3Cc4cccnc24,2.82,C1CN2c3ncccc3Cc3c(cccc3)C2CN1C,ADrAADsA{Ar}ataaaaatAauaaadasu,28.000000000000004
CHEMBL499028,COc1ccccc1c2nnc(N)[nH]2,0.91,COc1ccccc1-c1nnc(N)[nH]1,ABaraaaaarasdda{D}{dQ}s,59.833333333333336
CHEMBL2171993,COc1ccc(cc1OC)N2CCN(CC2)C(=O)[C@@H]3CCCC[C@H]3C(=O)NC4(CC4)C#N,1.4,N#CC1(NC([C@H]2[C@H](C(N3CCN(c4cc(OC)c(OC)cc4)CC3)=O)CCCC2)=O)CC1,ABaraaa{aarBA}DsAAD{AAs}A{~B}{A**Q}tAAAA{A*Q}tA{~B}DAu{AAu}A^D,51.666666666666664
CHEMBL198114,CCN(C1CCN(CCC(c2ccccc2)c3ccc(NS(=O)(=O)C)cc3)CC1)C(=O)Cc4ccc(cc4)S(=O)(=O)C,1.84,c1(NS(C)(=O)=O)ccc(C(CCN2CCC(N(C(=O)Cc3ccc(S(=O)(=O)C)cc3)CC)CC2)c2ccccc2)cc1,AAD{ArAAD{AAA{asaaaaas}ataaa{DE{~B}{~B}A}aat}AAr}A{~B}Aauaaa{aau}E{~B}{~B}A,44.333333333333336
CHEMBL1807823,O[C@@H](CNCCSCCCNCCc1ccccc1)c2ccc(O)c3NC(=O)Sc23,0.12,c1c(CCNCCCSCCNC[C@@H](c2c3sc(=O)[nH]c3c(O)cc2)O)cccc1,B{A**Q}{ADAAEAAADAAaraaaaar}asaaa{B}atDA{~B}East,73.0
CHEMBL2057372,CC(C)(C)NS(=O)(=O)c1cncc(c1)c2ccc3nc(NC(=O)NCC(=O)N4CCOCC4)nn3c2,0.96,CC(C)(C)NS(=O)(=O)c1cc(-c2cn3c(nc(NC(NCC(=O)N4CCOCC4)=O)n3)cc2)cnc1,AA{A}{A}DE{~B}{~B}aradaa{ar}asaaatda{DA{~B}DAA{~B}DuAABAAu}ddtas,59.0
CHEMBL1682957,CC[C@H](NC(=O)c1c([S+]([O-])C(C)C)c(nc2ccccc12)c3ccccc3)c4ccccc4,3.81,c1(C(N[C@@H](CC)c2ccccc2)=O)c([S+](C(C)C)[O-])c(-c2ccccc2)nc2c1cccc2,AA{A*Q}{DA{~B}ara{{E%}{{B_}}A{A}A}a{dasaaaaars}ataaaaat}auaaaaau,11.5
CHEMBL1951076,COc1cc(OC)c(cc1NC(=O)COC(=O)C)S(=O)(=O)N2C(C)CCc3ccccc23,2.07,c12c(cccc1)N(S(=O)(=O)c1c(OC)cc(OC)c(NC(=O)COC(C)=O)c1)C(C)CC2,ABaraa{BA}a{aarDA{~B}ABA{~B}A}E{~B}{~B}DsA{A}AAataaaaast,40.50000000000001
CHEMBL575448,C[C@]1(CCCN1c2nc(Nc3cc([nH]n3)C4CC4)c5cccn5n2)C(=O)Nc6ccc(F)nc6,3.16,c1(Nc2n[nH]c(C3CC3)c2)nc(N2CCC[C@@]2(C)C(Nc2cnc(F)cc2)=O)nn2c1ccc2,A{A*}r{AAADrasda{Dataa{{dQ}dt}AuAAu}avaaadvds}A{~B}Dawaaa{G}daw,22.333333333333332
CHEMBL1886726,CC1CN(C(=O)c2ccccc2)c3ccccc3NC1=O,1.73,O=C1Nc2ccccc2N(C(=O)c2ccccc2)CC1C,AArAD{A{~B}asaaaaas}ataaaaatDAr~B,46.166666666666664
CHEMBL474432,COc1cc2ncn(c3cc(OCc4ccccc4C(F)(F)F)c(s3)C(=O)O)c2cc1OC,0.84,C(F)(F)(F)c1c(COc2cc(-n3c4cc(OC)c(OC)cc4nc3)sc2C(O)=O)cccc1,ABaraasdad{ataa{BAauaaaaauA{G}{G}G}a{et}A{~B}B}asaarBA,61.0
CHEMBL1807871,O[C@@H](CNCCCSCCNCCc1cccc(Cl)c1Cl)c2ccc(O)c3NC(=O)Sc23,1.74,S(CCNCCc1cccc(Cl)c1Cl)CCCNC[C@@H](c1ccc(O)c2[nH]c(=O)sc21)O,B{A**Q}{ADAAAEAADAAaraaaa{Z}arZ}asaaa{B}atDA{~B}East,46.0
CHEMBL2078873,NC(=O)Nc1cc(sc1C(=O)N[C@H]2CCCNC2)c3cccc(F)c3F,1.32,C1CCNC[C@H]1NC(c1sc(-c2c(F)c(F)ccc2)cc1NC(=O)N)=O,DA{~B}Daraa{earA{~B}D{A*Q}sAAADAs}ataaaa{G}atG,53.0
CHEMBL335744,CC(C)C(=O)Nc1nc(cc2ccccc12)c3ccccn3,2.7,c1ccc(-c2cc3ccccc3c(NC(=O)C(C)C)n2)nc1,AA{A}A{~B}Darda{aasaaaaars}ataaaadt,29.999999999999996
CHEMBL585,Nc1nc(N)c2nc(c(N)nc2n1)c3ccccc3,1.16,c1(N)nc(N)c2c(n1)nc(N)c(-c1ccccc1)n2,Darda{D}asda{a{D}dasdr}ataaaaat,55.666666666666664
CHEMBL74582,C[C@@](O)(C(=O)Nc1ccc(cc1Cl)S(=O)(=O)NCC=C)C(F)(F)F,3.07,C(Nc1c(Cl)cc(S(NCC=C)(=O)=O)cc1)([C@](C)(C(F)(F)F)O)=O,A{A**}{B}{A{~B}Daraaa{aarZ}E{~B}{~B}DAA~A}A{G}{G}G,23.83333333333334
CHEMBL1783119,COc1ccc(cc1)C(=O)NCc2cn(nn2)c3cc(C)nc4ccc(OC)cc34,3.5,c1c(C(=O)NCc2nnn(-c3cc(C)nc4ccc(OC)cc34)c2)ccc(OC)c1,ABaraaa{aar}A{~B}DAasad{dds}ataa{A}dauaaa{BA}aatu,16.666666666666668
CHEMBL322271,Oc1ccc(CCNCCCS(=O)(=O)NCCOCCc2cccc(Cl)c2)c3sc(O)nc13,1.92,c1c(Cl)cc(CCOCCNS(=O)(=O)CCCNCCc2ccc(O)c3c2sc(O)n3)cc1,Baraaa{AADAAAE{~B}{~B}DAABAAasaaaa{Z}as}atea{B}dart,43.0
CHEMBL660,NC12CC3CC(CC(C3)C1)C2,-0.98,C1C2CC3CC1CC(N)(C3)C2,DArsAAtAA{AA{At}Ar}As,91.33333333333333
CHEMBL2325726,CNC(=O)c1cc(c2nc(cc(n2)C3(CC3)S(=O)(=O)C)N4CCOCC4)c5cc[nH]c5c1,1.7,C1N(c2cc(C3(S(=O)(C)=O)CC3)nc(-c3cc(C(NC)=O)cc4[nH]ccc34)n2)CCOC1,ADA{~B}araa{asda{aa{ds}At{AAt}E{~B}{~B}A}DuAABAAu}avaa{dQ}avar,46.666666666666664
CHEMBL358816,O=C1Nc2ccccc2C(=O)C=C1,1.02,c1cc2c(c(=O)ccc(=O)[nH]2)cc1,B~ArDasaaaaasA{~B}A~Ar,58.0
CHEMBL216981,CC[C@@H](NC1=C(Nc2cccc(C(=O)N(C)C)c2O)C(=O)C1=O)c3oc(C)cc3,2.32,O=c1c(=O)c(N[C@H](CC)c2ccc(C)o2)c1Nc1c(O)c(C(=O)N(C)C)ccc1,AA{A**Q}{DAr~A{Dasaaaa{A{~B}D{A}A}asB}A{~B}Ar~B}atba{A}aat,36.333333333333336
CHEMBL2346972,Fc1ccc(CN2CCN(CC2)C3=Nn4c(CC3)nnc4C(F)(F)F)cc1,2.8,n1nc2n(c1C(F)(F)F)N=C(N1CCN(Cc3ccc(F)cc3)CC1)CC2,Garaaa{ADsAAD{AAs}At~Ddua{AAt}ddauA{G}{G}G}aar,28.33333333333334
CHEMBL2036739,Clc1ccc(cc1)C2(CCCC2)C(=O)Nc3oc(nn3)C(=O)Nc4ccc(cc4)N5CCOCC5,3.72,c1cc(N2CCOCC2)ccc1NC(c1nnc(NC(C2(c3ccc(Cl)cc3)CCCC2)=O)o1)=O,Zaraaa{aar}As{AAAAs}A{~B}Datba{ddt}A{~B}Dauaaa{aau}DvAABAAv,12.999999999999998
CHEMBL44722,CC[C@H](NC(=O)c1c(CN(C)C)c(nc2ccccc12)c3ccccc3)c4ccccc4,4.18,N(C(c1c(CN(C)C)c(-c2ccccc2)nc2ccccc12)=O)[C@H](c1ccccc1)CC,AA{A*Q}{DA{~B}ara{AD{A}A}a{dasaaaaars}ataaaaat}auaaaaau,5.333333333333338
CHEMBL1939749,CCOC(=O)Nc1cccc(c1)[C@H](N2CCN(Cc3nc[nH]c3C)CC2)c4ccc(cc4)C(=O)N(C)CC,2.32,N(C(OCC)=O)c1cccc([C@@H](c2ccc(C(N(CC)C)=O)cc2)N2CCN(Cc3c(C)[nH]cn3)CC2)c1,AABA{~B}Daraaaa{ar}{A*Q}{DsAAD{Aatda{dQ}atA}AAs}auaaa{aau}A{~B}D{A}AA,36.333333333333336
CHEMBL175296,Nc1nc(cs1)c2ccccc2,2.43,c1(-c2csc(N)n2)ccccc1,Darda{aer}asaaaaas,34.49999999999999
CHEMBL1800526,COc1ccnc(CCc2nc3cc(Br)cnc3[nH]2)c1,2.92,C(c1[nH]c2ncc(Br)cc2n1)Cc1cc(OC)ccn1,ABaraada{AAasdataa{Y}adat{dQ}s}ar,26.333333333333332
CHEMBL741,Nc1nnc(c(N)n1)c2cccc(Cl)c2Cl,1.38,n1nc(N)nc(N)c1-c1c(Cl)c(Cl)ccc1,Dardda{a{D}dr}asaaaa{Z}asZ,52.0
CHEMBL1770477,CCOc1ccc2oc(C(=O)NC(CCSC)c3nc4ncccc4[nH]3)c(C)c2c1,4.23,S(CCC(NC(=O)c1oc2ccc(OCC)cc2c1C)c1[nH]c2cccnc2n1)C,AABaraaasba{A{~B}DA{AAEA}atdaudaaaau{dQ}t}a{A}asar,4.499999999999993
CHEMBL1604571,CCOC(=O)C(CCc1ccccc1)NC2CCc3ccccc3N(CC(=O)O)C2=O,-0.2,c1cc(CCC(NC2C(=O)N(CC(O)=O)c3ccccc3CC2)C(=O)OCC)ccc1,AABA{~B}A{AAaraaaaar}DAsAAataaaaatD{AA{~B}B}As~B,78.33333333333333
CHEMBL426161,COc1ccc(Cl)c(Nc2ncnc3cc(OCC4CCN(C)CC4)c(OC)cc23)c1,2.0,c1(Nc2ncnc3c2cc(OC)c(OCC2CCN(C)CC2)c3)c(Cl)ccc(OC)c1,ABaraaa{Z}a{Dasdadataa{BAAuAAD{A}AAu}a{BA}aast}ar,41.666666666666664
CHEMBL2325714,CS(=O)(=O)C1(CC1)c2cc(nc(n2)c3cccc(N)c3)N4CCOCC4,1.35,c1(-c2nc(C3(S(=O)(C)=O)CC3)cc(N3CCOCC3)n2)cccc(N)c1,AE{~B}{~B}Ar{AAr}asaa{da{ds}ataaaa{D}at}DuAABAAu,52.5
CHEMBL2177165,Nc1ncc(nc1C(=O)Nc2cccnc2)c3ccc(cc3)S(=O)(=O)N4CCOCC4,2.83,n1c(-c2ccc(S(N3CCOCC3)(=O)=O)cc2)cnc(N)c1C(Nc1cccnc1)=O,Dardaa{darA{~B}Dasaaadas}ataaa{aat}E{~B}{~B}DuAABAAu,27.833333333333332
CHEMBL2325735,CS(=O)(=O)NCC(NC(=O)C1(N)CCN(CC1)c2ncnc3[nH]ccc23)c4ccc(Cl)cc4,2.1,N1(c2c3cc[nH]c3ncn2)CCC(C(NC(c2ccc(Cl)cc2)CNS(=O)(C)=O)=O)(N)CC1,AE{~B}{~B}DAA{DA{~B}Ar{D}AAD{AAr}asdadat{dQ}aaast}auaaa{Z}aau,40.0
CHEMBL2036576,CN1CCN(CC1)c2ccc(NC(=O)c3oc(Nc4ccccc4F)nn3)cn2,2.36,c1c(N2CCN(C)CC2)ncc(NC(c2oc(Nc3c(F)cccc3)nn2)=O)c1,ADrAAD{AAr}asaaa{DA{~B}atba{DauaaaaauG}ddt}ads,35.666666666666664
CHEMBL1682965,CC[C@H](NC(=O)c1c([S+](C)[O-])c(nc2cc(Br)ccc12)c3ccccc3)c4ccccc4,3.18,N(C(c1c2ccc(Br)cc2nc(-c2ccccc2)c1[S+]([O-])C)=O)[C@@H](CC)c1ccccc1,AA{A*Q}{DA{~B}ara{{E%}{A}{B_}}a{dasaa{Y}aaars}ataaaaat}auaaaaau,21.999999999999996
CHEMBL1809229,COc1cc(ccc1Nc2ncc(Cl)c(n2)c3cnc4c(F)cc(F)cn34)N5CCN(CC5)C(=O)C,3.2,c1cc(N2CCN(C(=O)C)CC2)cc(OC)c1Nc1nc(-c2cnc3c(F)cc(F)cn32)c(Cl)cn1,ABaraa{aaarDasdaa{Z}a{ds}atadaua{G}aa{G}adtu}DvAAD{AAv}A{~B}A,21.66666666666666
CHEMBL387125,CON(C)C(=O)c1c(Cn2c(C)nc(Cl)c2Cl)sc3N(CC(C)C)C(=O)N(C)C(=O)c13,2.23,Cn1c(=O)c2c(n(CC(C)C)c1=O)sc(Cn1c(C)nc(Cl)c1Cl)c2C(N(OC)C)=O,ABD{A}A{~B}ara{Adsa{A}da{Z}asZ}eatD{AA{A}A}A{~B}D{A}A{~B}art,37.833333333333336
CHEMBL2325983,NC1(CCN(CC1)c2ncnc3[nH]ccc23)C(=O)NC(C4CC4)c5ccc(Cl)cc5,3.4,N(C(=O)C1(N)CCN(c2ncnc3c2cc[nH]3)CC1)C(c1ccc(Cl)cc1)C1CC1,DAr{AAD{AAr}asdadat{dQ}aaast}A{~B}DA{AuAAu}avaaa{Z}aav,18.333333333333336
CHEMBL2208429,O[C@H](CNC(=O)c1n[nH]c2ccccc12)CN3CCC(CC3)Oc4ccc(Cl)c(Cl)c4,2.95,c1(Cl)c(Cl)ccc(OC2CCN(C[C@@H](CNC(c3c4c([nH]n3)cccc4)=O)O)CC2)c1,B{A*Q}{ADA{~B}ard{dQ}asaaaaars}ADtAAA{AAt}Bauaaa{Z}a{Z}au,25.83333333333333
CHEMBL387545,COc1cc(N2CCN(C)CC2)c3nc(cc(N(C)C)c3c1)C(=O)Nc4ccc(cc4)N5CCOCC5,3.3,c1c(N(C)C)c2cc(OC)cc(N3CCN(C)CC3)c2nc1C(Nc1ccc(N2CCOCC2)cc1)=O,ABaraa{DsAAD{A}AAs}atda{aa{D{A}A}atar}A{~B}Dauaaa{aau}DvAABAAv,20.000000000000004
CHEMBL2023350,CN1CCC(CC1)n2cc(c(C)n2)c3cnc(N)c(c3)c4oc5ccccc5n4,3.4,C1CC(n2cc(-c3cnc(N)c(-c4nc5c(cccc5)o4)c3)c(C)n2)CCN1C,ADrAAA{AAr}dsaa{a{A}ds}atada{D}a{at}aubavaaaaavdu,18.333333333333336
CHEMBL1889452,CC1N(C(=O)c2ccccc2)c3ccccc3NC1=O,2.11,O=C(c1ccccc1)N1C(C)C(=O)Nc2c1cccc2,AArD{A{~B}asaaaaas}ataaaaatDAr~B,39.833333333333336
CHEMBL2216859,CC(C)N1CCN(Cc2oc(nc2)c3cc(cc4[nH]ncc34)c5cccc6[nH]ccc56)CC1,3.49,n1c(-c2cc(-c3cccc4[nH]ccc34)cc3[nH]ncc23)oc(CN2CCN(C(C)C)CC2)c1,AA{A}DrAAD{Aasba{das}ataa{aau{dQ}daatu}avaaaaw{dQ}aaavw}AAr,16.83333333333333
CHEMBL273449,CC(C)C(NC(=O)CN1C(=O)C(=CN=C1c2ccccc2)NC(=O)OCC(F)(F)F)C(=O)C(F)(F)F,2.37,FC(COC(Nc1cnc(-c2ccccc2)n(CC(NC(C(C)C)C(=O)C(F)(F)F)=O)c1=O)=O)(F)F,AA{A}A{DA{~B}ADrA{~B}A{~AD~Arasaaaaas}DA{~B}BAA{G}{G}G}A{~B}A{G}{G}G,35.5
CHEMBL509,Cc1ccc(Cl)c(Nc2ccccc2C(=O)O)c1Cl,2.33,Clc1ccc(C)c(Cl)c1Nc1c(C(O)=O)cccc1,Aaraaa{Z}a{DasaaaaasA{~B}B}arZ,36.166666666666664
CHEMBL2164745,COc1ccc2N=CC(=O)N(CCN3CC[C@@H](NCc4cc5OCCOc5cn4)[C@@H](O)C3)c2c1,0.78,C1N(CCn2c(=O)cnc3c2cc(OC)cc3)CC[C@@H](NCc2ncc3c(c2)OCCO3)[C@H]1O,ABaraaasD~AA{~B}D{AADtAA{A**Q}{DAauaavBAABavadu}{A**Q}{B}At}asar,62.0
CHEMBL2023802,CCOc1cc2nccc(Oc3cnc(CC(=O)Nc4n[nH]c(CC)c4C)c(OC)c3)c2cc1OC,3.29,O(c1cc2c(cc1OCC)nccc2Oc1cnc(CC(Nc2n[nH]c(CC)c2C)=O)c(OC)c1)C,AABaraasdaaa{Batada{AA{~B}Daud{dQ}a{AA}auA}a{BA}at}asaarBA,20.166666666666668
CHEMBL567161,CCNc1nc(Nc2ccccc2)nc(n1)C#N,3.11,n1c(NCC)nc(C#N)nc1Nc1ccccc1,AADarda{Dasaaaaas}da{dr}A^D,23.166666666666668
CHEMBL1682824,O=C1CCOc2nc(\C=C\c3ccccc3)ccc12,3.2,c1(/C=C/c2nc3c(cc2)C(=O)CCO3)ccccc1,B~ArAABasda{!A~A!ataaaaat}aaars,21.66666666666666
CHEMBL184659,COc1cc2ncnc(Nc3cc(NC(=O)c4ccnc(c4)N5CCOCC5)ccc3C)c2cc1OCCN6CCCC6,2.7,C1CN(c2nccc(C(Nc3ccc(C)c(Nc4ncnc5cc(OC)c(OCCN6CCCC6)cc45)c3)=O)c2)CCO1,ABaraasdada{Dataa{DA{~B}auaada{au}DvAABAAv}aaatA}asaarBAADwAAAAw,29.999999999999996
CHEMBL1684,NS(=O)(=O)c1cc2c(NC(Cc3ccccc3)NS2(=O)=O)cc1C(F)(F)F,1.78,c1(C(F)(F)F)cc2c(cc1S(N)(=O)=O)S(=O)(=O)NC(Cc1ccccc1)N2,DE{~B}{~B}araasa{DA{Aataaaaat}DEs{~B}~B}aarA{G}{G}G,45.333333333333336
CHEMBL193646,C(CNCc1ccccc1)NCc2ccccc2,0.73,C(NCc1ccccc1)CNCc1ccccc1,A{ADAaraaaaar}DAasaaaaas,62.833333333333336
CHEMBL153036,CNCC[C@@H](Oc1ccc(cc1)C(F)(F)F)c2ccccc2,1.96,C([C@H](c1ccccc1)Oc1ccc(C(F)(F)F)cc1)CNC,ADAA{A**Q}{Baraaa{aar}A{G}{G}G}asaaaaas,42.333333333333336
CHEMBL390674,Cc1cc(Oc2ccc3OCOc3c2)nc(Oc4ccc(cc4)n5ccnc5)n1,3.47,n1cn(-c2ccc(Oc3nc(C)cc(Oc4ccc5c(c4)OCO5)n3)cc2)cc1,Aaraa{BasaaatBABatas}da{Bauaaa{aau}dvaadav}dr,17.166666666666664
CHEMBL2029359,CS(=O)(=O)Cc1cc(nc(n1)c2cnc3[nH]ccc3c2)N4CCOCC4,1.92,C1COCCN1c1cc(CS(=O)(=O)C)nc(-c2cnc3c(c2)cc[nH]3)n1,AE{~B}{~B}Aaraa{da{dr}asadat{dQ}aaatas}DuAABAAu,43.0
CHEMBL50161,COC(=O)CCCC(=O)Nc1ccc2C(=O)C(=O)c3ccccc3c2c1,2.96,C(C(=O)OC)CCC(Nc1cc2c(cc1)C(=O)C(=O)c1c-2cccc1)=O,ABA{~B}AAAA{~B}DaraaasA{~B}A{~B}ataaaaatasar,25.666666666666668
CHEMBL2086691,C[C@@H]1CN(CCN1c2ncc(OCc3ccncc3C#N)cn2)c4noc(n4)C5CC5,3.1,n1c(N2CCN(c3nc(C4CC4)on3)C[C@H]2C)ncc(OCc2ccncc2C#N)c1,A{A**Q}rAD{AADrasdaa{BAataadaatA^D}ads}audba{du}AvAAv,23.333333333333332
CHEMBL1703518,CCN(CC)S(=O)(=O)c1ccc(cc1)c2oc(SCC(=O)N3CCc4ccccc34)nn2,3.9,c1(-c2nnc(SCC(=O)N3c4ccccc4CC3)o2)ccc(S(N(CC)CC)(=O)=O)cc1,AAD{AA}E{~B}{~B}araaa{aar}asba{EAA{~B}DtAAauaaaaatu}dds,10.000000000000002
CHEMBL1084762,OC(=O)C[C@H]1[C@@H](Cc2ccccc12)NC(=O)c3cc4sc(Cl)c(Cl)c4[nH]3,2.53,c12c([nH]c(C(N[C@@H]3Cc4ccccc4[C@H]3CC(=O)O)=O)c1)c(Cl)c(Cl)s2,BA{~B}A{A*Q}r{A**Q}{Aasaaaaars}DA{~B}ataauea{Z}a{Z}au{dQ}t,32.833333333333336
CHEMBL1290746,Cc1ccc(cc1NC(=O)c2cnn(c2N)c3ccccc3F)C(=O)Nc4ccon4,2.6,C(c1cnn(-c2ccccc2F)c1N)(=O)Nc1c(C)ccc(C(Nc2ccon2)=O)c1,Aaraaa{aarDA{~B}asadd{asD}ataaaaatG}A{~B}Dauaabdu,31.666666666666668
CHEMBL225363,CN1CCN(CC1)c2cc(F)cc3C(=O)C=C(Nc23)C(=O)Nc4ccc(cc4)N5CCOCC5,2.7,c1cc(N2CCOCC2)ccc1NC(c1cc(=O)c2cc(F)cc(N3CCN(C)CC3)c2[nH]1)=O,ADrAAD{AAr}asaa{G}aatA{~B}A~A{Dast}A{~B}Dauaaa{aau}DvAABAAv,29.999999999999996
CHEMBL193757,CC(C)Oc1cc(OCCc2cccnc2)cc(c1)C(=O)Nc3ccc(cn3)C(=O)O,0.81,c1(CCOc2cc(OC(C)C)cc(C(Nc3ncc(C(O)=O)cc3)=O)c2)cccnc1,AA{A}Baraa{BAAasaaadas}aa{ar}A{~B}Dataaa{adt}A{~B}B,61.5
CHEMBL1382733,Cn1c(nc2ccccc12)c3ccc(O)nc3,1.2,c1(O)ccc(-c2nc3ccccc3n2C)cn1,Adra{dasaaaaars}ataaa{B}dat,55.0
CHEMBL1190521,CCOC(=O)C1(CCCN(CC2CC2)C1)c3cccc(O)c3,1.89,c1cc(O)cc(C2(C(=O)OCC)CN(CC3CC3)CCC2)c1,AABA{~B}Ar{AAAD{AAsAAs}Ar}ataaaa{B}at,43.50000000000001
CHEMBL210887,OCCCn1c(NC(=O)c2cccc(c2)[N+](=O)[O-])nc3ccccc13,3.0,C(CCn1c2c(cccc2)nc1NC(c1cc([N+]([O-])=O)ccc1)=O)O,BAAAdra{DA{~B}asaaaa{as}{D%}{~B}{B_}}dataaaaart,25.0
CHEMBL1916264,CCC(CC)NC(=O)c1cnn(c1NS(=O)(=O)c2ccc(C)cc2)c3ccccc3Cl,0.65,n1(-c2ccccc2Cl)c(NS(=O)(=O)c2ccc(C)cc2)c(C(NC(CC)CC)=O)cn1,AAA{AA}DA{~B}aradd{arDE{~B}{~B}asaaa{A}aas}ataaaaatZ,64.16666666666667
CHEMBL226856,Clc1ccc2C(=O)C3=C(Nc2c1)C(=O)NN(Cc4ccsc4)C3=O,1.11,[nH]1c2c(c(=O)c3ccc(Cl)cc13)c(=O)n(Cc1cscc1)[nH]c2=O,ZaraaasA{~B}At~A{Dasar}A{~B}DD{Aauaaeau}At~B,56.49999999999999
CHEMBL2361579,Cc1cc2cc(C)c3nnc(SCC(=O)N4CCN(CC4)C(=O)c5occc5)n3c2cc1C,2.8,C1CN(C(c2occc2)=O)CCN1C(CSc1nnc2c(C)cc3cc(C)c(C)cc3n21)=O,Aaraasaa{A}atdda{EAA{~B}DuAAD{AAu}A{~B}avbaaav}dtasaarA,28.33333333333334
CHEMBL1308863,Cc1cc(NC(=O)Nc2ccc(Cl)cc2)n(C)n1,2.96,N(c1ccc(Cl)cc1)C(=O)Nc1n(C)nc(C)c1,Aaraa{DA{~B}Dasaaa{Z}aas}d{A}dr,25.666666666666668
CHEMBL1762157,CC1(C)N(Cc2ccnc(c2)N3CCOCC3)C(=O)N(C1=O)c4ccc(SC(F)(F)F)cc4,3.73,c1(CN2C(C)(C)C(=O)N(c3ccc(SC(F)(F)F)cc3)C2=O)ccnc(N2CCOCC2)c1,AAr{A}D{Aasaada{as}DtAABAAt}A{~B}D{Ar~B}auaaa{EA{G}{G}G}aau,12.833333333333334
CHEMBL100675,CN(C)CC(O)COc1ccc(Nc2cc(Nc3cc(C)ccc3Cl)ncn2)cc1,2.16,C(O)(COc1ccc(Nc2cc(Nc3cc(C)ccc3Cl)ncn2)cc1)CN(C)C,AD{A}AA{B}ABaraaa{Dasaa{Dataa{A}aaatZ}dads}aar,39.0
CHEMBL2207286,CN(C)S(=O)(=O)c1ccc2C(=CNC(=O)c2c1)C(=O)NC[C@@H](O)CN3CCC(CC3)Oc4ccc(Cl)c(Cl)c4,3.13,c12c(C(=O)NC[C@@H](O)CN3CCC(Oc4cc(Cl)c(Cl)cc4)CC3)c[nH]c(=O)c1cc(S(=O)(=O)N(C)C)cc2,AD{A}E{~B}{~B}araaasA{~ADA{~B}asar}A{~B}DA{A**Q}{B}ADtAAA{AAt}Bauaaa{Z}a{Z}au,22.833333333333332
CHEMBL428777,C[C@@H](Oc1cccc2ncnc(Nc3ccc(OCc4ccccn4)c(Cl)c3)c12)C(=O)N(C)C,3.67,c12ncnc(Nc3cc(Cl)c(OCc4ccccn4)cc3)c1c(O[C@H](C)C(N(C)C)=O)ccc2,A{A**Q}{Baraaaasdada{Dataaa{BAauaaaadu}a{Z}at}ars}A{~B}D{A}A,13.833333333333334
CHEMBL644,CC(CN(C)C)CN1c2ccccc2CCc3ccccc13,2.95,c1cc2c(cc1)CCc1ccccc1N2CC(CN(C)C)C,AA{AD{A}A}ADrasaaaaasAAataaaaart,25.83333333333333
CHEMBL1608462,CC(C)n1ncc2c(cc(nc12)C3CC3)C(=O)NCc4c(C)cc(C)nc4O,3.8,n1n(C(C)C)c2nc(C3CC3)cc(C(NCc3c(C)cc(C)nc3O)=O)c2c1,AA{A}drdaasa{aa{dars}AtAAt}A{~B}DAaua{A}aa{A}dauB,11.66666666666667
CHEMBL2207659,Cc1cc(Cl)ccc1OC2CCN(C[C@H](O)CNC(=O)c3c[nH]nc3C(F)(F)F)CC2,3.02,[C@@H](CN1CCC(Oc2c(C)cc(Cl)cc2)CC1)(O)CNC(c1c(C(F)(F)F)n[nH]c1)=O,Aaraa{Z}aaarBAsAAD{A{A*Q}{B}ADA{~B}ata{dQ}datA{G}{G}G}AAs,24.666666666666668
CHEMBL2107729,Clc1ccc(NS(=O)(=O)c2ccc(Cl)s2)c(c1)C(=O)Nc3ccc(cc3)S(=O)(=O)N4CCOCC4,3.02,C(c1cc(Cl)ccc1NS(c1ccc(Cl)s1)(=O)=O)(=O)Nc1ccc(S(=O)(N2CCOCC2)=O)cc1,Zaraaa{DE{~B}{~B}asaaa{Z}es}a{ar}A{~B}Dataaa{aat}E{~B}{~B}DuAABAAu,24.666666666666668
CHEMBL101119,CN(C)CC(O)COc1ccc(Nc2cc(ncn2)N(CC#N)c3cc(Cl)ccc3Cl)cc1,2.1,c1cc(Cl)c(N(CC#N)c2cc(Nc3ccc(OCC(CN(C)C)O)cc3)ncn2)cc1Cl,AD{A}AA{B}ABaraaa{Dasaa{dads}D{AA^D}ataa{Z}aaatZ}aar,40.0
CHEMBL22242,CCN1CCC[C@H]1CNC(=O)c2c(OC)ccc(Br)c2OC,0.05,c1(OC)c(C(=O)NC[C@H]2N(CC)CCC2)c(OC)c(Br)cc1,AADrAAA{A*Q}rADA{~B}asa{BA}aaa{Y}asBA,74.16666666666667
CHEMBL1094250,C[C@@H](CNC(=O)c1c(O)c(O)cc2c(O)c(c(C)cc12)c3c(C)cc4c(C(=O)NC[C@H](C)c5ccccc5)c(O)c(O)cc4c3O)c6ccccc6,3.48,c1ccccc1[C@H](CNC(=O)c1c2cc(C)c(-c3c(C)cc4c(cc(O)c(O)c4C(NC[C@@H](c4ccccc4)C)=O)c3O)c(O)c2cc(O)c1O)C,A{A**Q}{ADA{~B}ara{B}a{B}aasa{B}a{a{A}aars}ata{A}aaua{A{~B}DA{A*Q}{A}avaaaaav}a{B}a{B}aauatB}awaaaaaw,17.0
CHEMBL2336320,COc1ccc(cc1C(=O)N)c2ccc3c(nc(nc3n2)N4CCOC[C@@H]4C)N5CCOC[C@@H]5C,2.82,n1c(N2CCOC[C@@H]2C)nc(N2CCOC[C@@H]2C)c2ccc(-c3cc(C(=O)N)c(OC)cc3)nc12,ABaraaa{aarA{~B}D}asaaata{da{datds}DuAABA{A**Q}uA}DvAABA{A**Q}vA,28.000000000000004
CHEMBL239767,Oc1cc(ccc1NC(=O)Nc2ccccc2Br)[N+](=O)[O-],3.9,c1cccc(Br)c1NC(=O)Nc1c(O)cc([N+]([O-])=O)cc1,Baraa{aaarDA{~B}DasaaaaasY}{D%}{~B}{B_},10.000000000000002
CHEMBL2171036,COc1ccc(cc1)S(=O)(=O)NC(=O)N2CCC(CC2)N3CCC(CC3)Oc4ccc(Cl)c(Cl)c4,1.39,N1(C(=O)NS(c2ccc(OC)cc2)(=O)=O)CCC(N2CCC(Oc3ccc(Cl)c(Cl)c3)CC2)CC1,ABaraaa{aar}E{~B}{~B}DA{~B}DsAAA{AAs}DtAAA{AAt}Bauaaa{Z}a{Z}au,51.83333333333334
CHEMBL250132,C[C@H](CN(C)C(=O)CO)Oc1cccc2ncnc(Nc3ccc(OCc4ccccn4)c(Cl)c3)c12,3.22,c1nc(Nc2cc(Cl)c(OCc3ncccc3)cc2)c2c(O[C@@H](CN(C)C(CO)=O)C)cccc2n1,A{A*Q}{AD{A}A{~B}AB}Baraaaasdada{Dataaa{BAauaaaadu}a{Z}at}ars,21.333333333333332
CHEMBL235579,Clc1ccc(O[C@H]2CCCNC2)cc1C(=O)NCC34CC5CC(CC(C5)C3)C4,2.18,C12CC3CC(CNC(c4cc(O[C@@H]5CNCCC5)ccc4Cl)=O)(C1)CC(C2)C3,Zaraaa{B{A*Q}sAAADAs}aarA{~B}DAAtuAAvAA{AA{Av}At}Au,38.666666666666664
CHEMBL514384,COCCS(=O)(=O)N1CCN(CC1)c2ccc(Nc3nccc(n3)c4cnc(C)n4C(C)C)cc2,2.75,O=S(N1CCN(c2ccc(Nc3nc(-c4n(C(C)C)c(C)nc4)ccn3)cc2)CC1)(=O)CCOC,ABAAE{~B}{~B}DrAAD{AAr}asaaa{Datdaaa{dt}auada{A}duA{A}A}aas,29.166666666666668
CHEMBL294878,Oc1ccc(cc1)C2=CC(=O)c3ccc(O)cc3O2,3.2,c1cc(O)ccc1-c1oc2cc(O)ccc2c(=O)c1,Baraaa{aar}As~AA{~B}ataaa{B}aatBs,21.66666666666666
CHEMBL686,Cc1cccc(Nc2ccccc2C(=O)O)c1C,1.89,OC(=O)c1c(Nc2c(C)c(C)ccc2)cccc1,Aaraaaa{DasaaaaasA{~B}B}arA,43.50000000000001
CHEMBL167226,CCCc1c(O)c(ccc1OCc2ccc(C(=O)O)c(Br)c2)C(=O)C,2.3,Oc1c(C(C)=O)ccc(OCc2cc(Br)c(C(=O)O)cc2)c1CCC,AAAara{B}a{aaarBAasaaa{A{~B}B}a{Y}as}A{~B}A,36.66666666666667
CHEMBL550438,CC1CCC(CC(=O)Nc2cccc3ncccc23)CC1,3.56,c1c2c(ncc1)cccc2NC(=O)CC1CCC(C)CC1,AArAAA{AA{~B}Dasaaaatdaaaast}AAr,15.666666666666666
CHEMBL301265,CCCN[C@H]1CCc2nc(N)sc2C1,3.15,c12nc(N)sc1C[C@@H](NCCC)CC2,AAAD{A*Q}rAAasda{D}easAr,22.5
CHEMBL1807855,Nc1nc(OCc2nccs2)nc3c1ncn3[C@@H]4O[C@H](CF)[C@@H](O)[C@H]4O,0.47,n1cn([C@@H]2O[C@H](CF)[C@@H](O)[C@H]2O)c2nc(OCc3sccn3)nc(N)c12,Darda{BAasdaaes}datardadt{A**Q}uB{A*Q}{AG}{A**Q}{B}{A*Q}uB,67.16666666666667
CHEMBL1232461,CCNC(=O)C[C@@H]1N=C(c2ccc(Cl)cc2)c3cc(OC)ccc3n4c(C)nnc14,2.46,c1(OC)ccc2c(c1)C(c1ccc(Cl)cc1)=N[C@@H](CC(NCC)=O)c1nnc(C)n1-2,AADA{~B}A{A**Q}rD~A{asaaa{Z}aas}ataa{BA}aaatdua{A}ddaru,34.0
CHEMBL403812,Nc1ccccc1NC(=O)c2ccc(cc2)c3ncc(CN4CCC4)cc3F,1.69,C1CN(Cc2cc(F)c(-c3ccc(C(Nc4c(N)cccc4)=O)cc3)nc2)C1,DaraaaaarDA{~B}asaaa{aas}atdaa{ADuAAAu}aatG,46.833333333333336
CHEMBL521809,O=C(N1CCN(CC1)c2ncccn2)c3cccc(CC4=NNC(=O)c5ccccc45)c3,2.13,C1CN(c2ncccn2)CCN1C(=O)c1cc(Cc2c3ccccc3c(=O)[nH]n2)ccc1,B~A{DrAAD{AAr}asdaaads}ataaaa{AAu~DDA{~B}avaaaaauv}at,39.5
CHEMBL1807870,O[C@@H](CNCCCSCCNCCc1ccccc1Cl)c2ccc(O)c3NC(=O)Sc23,0.99,C(NCCSCCCNC[C@@H](c1ccc(O)c2c1sc(=O)[nH]2)O)Cc1ccccc1Cl,B{A**Q}{ADAAAEAADAAaraaaaarZ}asaaa{B}atDA{~B}East,58.5
CHEMBL481563,Cc1ccc(NC(=O)c2cccc(c2)C(F)(F)F)cc1NC(=O)c3ccc4ncccc4c3,3.87,c1cc2c(cc1C(Nc1c(C)ccc(NC(=O)c3cc(C(F)(F)F)ccc3)c1)=O)cccn2,Aaraaa{DA{~B}asaaaa{as}A{G}{G}G}aarDA{~B}ataaaudaaaauat,10.499999999999998
CHEMBL1592130,c1ccc(cc1)c2nnc(s2)c3ccccc3,4.2,c1cc(-c2nnc(-c3ccccc3)s2)ccc1,araaa{aar}asdda{es}ataaaaat,4.999999999999997
CHEMBL173706,CC(C)(C)NCC(O)COc1nsnc1N2CCOCC2,-0.35,C1CN(c2c(OCC(CNC(C)(C)C)O)nsn2)CCO1,AA{A}{A}DAA{B}ABardedarDsAABAAs,80.83333333333333
CHEMBL1916086,Cc1ccc(cc1)S(=O)(=O)Nc2c(cnn2c3ccccc3)C(=O)NCc4ccccc4,1.9,O=S(=O)(c1ccc(C)cc1)Nc1c(C(=O)NCc2ccccc2)cnn1-c1ccccc1,Aaraaa{aar}E{~B}{~B}Dasa{addsataaaaat}A{~B}DAauaaaaau,43.333333333333336
CHEMBL2036748,CN1CCCC(CN2CCN(CC2)C(=O)Nc3ccc(Cl)c(Cl)c3)C1,1.98,CN1CC(CN2CCN(C(=O)Nc3ccc(Cl)c(Cl)c3)CC2)CCC1,ADrAAAA{ADsAAD{AAs}A{~B}Dataaa{Z}a{Z}at}Ar,42.0
CHEMBL1800660,CCCCN(CCNC[C@H](O)c1ccc(O)c2NC(=O)Sc12)C(=O)CCOCCc3ccccc3,2.51,O=c1sc2c([C@@H](O)CNCCN(CCCC)C(=O)CCOCCc3ccccc3)ccc(O)c2[nH]1,AAAAD{AADA{A*Q}{B}araaa{B}asDA{~B}Ears}A{~B}AABAAataaaaat,33.16666666666667
CHEMBL2171049,Cc1ccc(cc1)S(=O)(=O)NC(=O)N2CCC(CC2)N3CCC(CC3)Oc4ccc(Cl)cc4,1.6,c1(S(=O)(NC(=O)N2CCC(N3CCC(Oc4ccc(Cl)cc4)CC3)CC2)=O)ccc(C)cc1,Aaraaa{aar}E{~B}{~B}DA{~B}DsAAA{AAs}DtAAA{AAt}Bauaaa{Z}aau,48.333333333333336
CHEMBL2333941,C[C@]1(CCSC(=N1)N)c2cc(c(F)cc2F)c3cncnc3,0.8,c1(-c2cncnc2)c(F)cc(F)c([C@]2(C)CCSC(N)=N2)c1,A{A*}r{AAEA{~Dr}D}asaa{a{G}aasG}atadadat,61.666666666666664
CHEMBL2151323,CC(C)Oc1cc(n[nH]1)n2cnc3cnc(N[C@@H](C)c4ncc(F)cn4)nc23,2.41,n1c([C@@H](Nc2nc3c(ncn3-c3cc(OC(C)C)[nH]n3)cn2)C)ncc(F)c1,AA{A}Baraa{d{dQ}r}dsadatada{D{A**Q}{A}audaa{G}adu}dast,34.833333333333336
CHEMBL2325014,Nc1[nH]ncc1c2cc(Cl)ccc2Oc3cc(F)c(cc3Cl)S(=O)(=O)Nc4cscn4,2.3,n1cc(-c2cc(Cl)ccc2Oc2c(Cl)cc(S(=O)(=O)Nc3cscn3)c(F)c2)c(N)[nH]1,Dar{dQ}daarasaa{Z}aaasBataa{G}a{aatZ}E{~B}{~B}Dauaeadu,36.66666666666667
CHEMBL1073,Cc1cnc(cn1)C(=O)NCCc2ccc(cc2)S(=O)(=O)NC(=O)NC3CCCCC3,0.31,C(NC1CCCCC1)(=O)NS(c1ccc(CCNC(=O)c2cnc(C)cn2)cc1)(=O)=O,Aarada{adr}A{~B}DAAasaaa{aas}E{~B}{~B}DA{~B}DAtAAAAAt,69.83333333333334
CHEMBL280713,OC(=O)c1ccccc1Cn2nnc(n2)c3cccc(OCc4ccc5ccccc5n4)c3,2.1,c1c(OCc2nc3c(cccc3)cc2)cc(-c2nn(Cc3c(C(=O)O)cccc3)nn2)cc1,BA{~B}araaaaarAdsdda{ds}ataaaa{BAauaaavaaaaavdu}at,40.0
CHEMBL1721498,Clc1ccc(cc1)C(=O)C2CCN(CC2)C(=O)C3CC3,2.72,C1CN(C(=O)C2CC2)CCC1C(c1ccc(Cl)cc1)=O,Zaraaa{aar}A{~B}AsAAD{AAs}A{~B}AtAAt,29.66666666666666
CHEMBL1945292,COCCNCc1cccc(CCNC[C@H](O)c2ccc(O)c3NC(=O)Sc23)c1,0.01,C(c1cccc(CCNC[C@H](O)c2c3sc(=O)[nH]c3c(O)cc2)c1)NCCOC,ABAADAaraaaa{AADA{A*Q}{B}asaaa{B}atDA{~B}East}ar,74.83333333333333
CHEMBL520742,COc1cc2ncc(C(=O)N)c(Nc3ccc(F)cc3)c2cc1OC,2.82,c1(C(N)=O)cnc2cc(OC)c(OC)cc2c1Nc1ccc(F)cc1,ABaraasdaa{A{~B}D}a{Dataaa{G}aat}asaarBA,28.000000000000004
CHEMBL1430654,O=C(Nc1cccc(NC(=O)c2ccccc2)n1)c3ccccc3,4.02,c1(C(=O)Nc2cccc(NC(=O)c3ccccc3)n2)ccccc1,B~A{Daraaaa{DA{~B}asaaaaas}dr}ataaaaat,8.000000000000007
CHEMBL1738761,NCC[C@@H](Oc1cc(Cl)ccc1C#N)c2ccccc2,0.76,c1cc(Cl)cc(O[C@@H](c2ccccc2)CCN)c1C#N,DAA{A**Q}{Baraa{Z}aaarA^D}asaaaaas,62.333333333333336
CHEMBL2023801,CCc1[nH]nc(NC(=O)Cc2ncc(Oc3ccnc4cc(OC)c(OC)cc34)cc2OC)c1C,2.79,n1c(NC(Cc2ncc(Oc3ccnc4c3cc(OC)c(OC)c4)cc2OC)=O)c(C)c(CC)[nH]1,AAar{dQ}da{DA{~B}Aasdaa{Bataadauaa{BA}a{BA}aatu}aasBA}arA,28.5
CHEMBL100945,CN(C)CC(O)COc1ccc(Nc2cc(ncn2)N(CC#C)c3cc(Cl)ccc3Cl)cc1,2.8,CN(CC(COc1ccc(Nc2ncnc(N(CC#C)c3c(Cl)ccc(Cl)c3)c2)cc1)O)C,AD{A}AA{B}ABaraaa{Dasaa{dads}D{AA^A}ataa{Z}aaatZ}aar,28.33333333333334
CHEMBL99408,Nc1ccc2ncccc2c1,1.33,c1c2c(ccc1N)nccc2,Daraaasdaaaasar,52.833333333333336
CHEMBL1950722,CN[C@@H](C)C(=O)N[C@@H](C1CCCCC1)C(=O)N[C@H]2CCN(CCc3ccccc3)C2,1.65,N(C(=O)[C@H](C1CCCCC1)NC(=O)[C@H](C)NC)[C@H]1CCN(CCc2ccccc2)C1,AD{A**Q}{A}A{~B}D{A**Q}{ArAAAAAr}A{~B}D{A*Q}sAAD{AAataaaaat}As,47.5
CHEMBL1917462,Cc1c(Sc2ccc(Cl)cc2)c3c(Cl)nccc3n1CC(=O)O,0.92,S(c1c(C)n(CC(=O)O)c2ccnc(Cl)c21)c1ccc(Cl)cc1,Aara{Easaaa{Z}aas}ata{Z}daaatdrAA{~B}B,59.666666666666664
CHEMBL1824031,Brc1ccc2OCC(=O)N(CCN3CCC(CC3)NCc4ccc5OCC(=O)Nc5n4)c2c1,1.42,c1cc(CNC2CCN(CCN3c4cc(Br)ccc4OCC3=O)CC2)nc2c1OCC(=O)N2,YaraaasBAA{~B}D{AADtAAA{AAt}DAauaaavBAA{~B}Davdu}asar,51.333333333333336
CHEMBL258175,CC(C)N1CCN(Cc2cnc(c(Cl)c2)c3ccc(cc3)C(=O)Nc4ccccc4N)CC1,1.68,c1(CN2CCN(C(C)C)CC2)cnc(-c2ccc(C(Nc3c(N)cccc3)=O)cc2)c(Cl)c1,AA{A}DrAAD{Aasada{a{Z}as}ataaa{aat}A{~B}DauaaaaauD}AAr,47.0
CHEMBL474484,CC(C)CNc1nc(nc(N2CCNCC2)c1N)C#N,0.7,C1N(c2nc(C#N)nc(NCC(C)C)c2N)CCNC1,AA{A}ADarda{da{DsAADAAs}arD}A^D,63.333333333333336
CHEMBL260091,C[C@@H](O)[C@H](NC(=O)c1ccc(cc1)C#Cc2ccc(CN3CCOCC3)cc2)C(=O)NO,2.03,C1N(Cc2ccc(C#Cc3ccc(C(N[C@@H]([C@H](O)C)C(=O)NO)=O)cc3)cc2)CCOC1,A{A**Q}{B}{A*Q}{DA{~B}araaa{aar}A^Aasaaa{ADtAABAAt}aas}A{~B}DB,41.16666666666667
CHEMBL2208432,O[C@H](CNC(=O)N1C(=O)Nc2ccccc12)CN3CCC(CC3)Oc4ccc(Cl)c(Cl)c4,4.46,[C@H](CN1CCC(Oc2cc(Cl)c(Cl)cc2)CC1)(CNC(=O)n1c2ccccc2[nH]c1=O)O,B{A*Q}{ADA{~B}DrA{~B}Dasaaaaars}ADtAAA{AAt}Bauaaa{Z}a{Z}au,0.6666666666666673
CHEMBL1917455,Cc1c(Oc2ccc(Cl)cc2)c3cc(ccc3n1CC(=O)O)C(F)(F)F,2.28,OC(=O)Cn1c2ccc(C(F)(F)F)cc2c(Oc2ccc(Cl)cc2)c1C,Aara{Basaaa{Z}aas}ataa{aaatdrAA{~B}B}A{G}{G}G,37.00000000000001
CHEMBL481611,CC(C)(F)C[C@H](N[C@@H](c1ccc(cc1)c2ccc(cc2)S(=O)(=O)C)C(F)(F)F)C(=O)NC3(CC3)C#N,2.9,C(C)(C)(C[C@H](N[C@@H](c1ccc(-c2ccc(S(=O)(C)=O)cc2)cc1)C(F)(F)F)C(=O)NC1(C#N)CC1)F,AA{A}{G}A{A*Q}{D{A**Q}{araaa{aar}asaaa{aas}E{~B}{~B}A}A{G}{G}G}A{~B}DAt{AAt}A^D,26.666666666666668
CHEMBL11,CN(C)CCCN1c2ccccc2CCc3ccccc13,2.49,CN(C)CCCN1c2c(cccc2)CCc2ccccc21,AD{A}AAADrasaaaaasAAataaaaart,33.49999999999999
CHEMBL1682836,CN1CCOc2cc(COC3CCCCC3)cnc12,3.1,c1(COC2CCCCC2)cnc2c(c1)OCCN2C,ADrAABasaa{ABAtAAAAAt}adars,23.333333333333332
CHEMBL14516,CC(C)C(NC(=O)CN1C(=O)C(=CC=C1c2ccccc2)NC(=O)CN3CCOCC3)C(=O)C(F)(F)F,2.0,C(F)(C(C(NC(=O)Cn1c(=O)c(NC(CN2CCOCC2)=O)ccc1-c1ccccc1)C(C)C)=O)(F)F,AA{A}A{DA{~B}ADrA{~B}A{~AA~Arasaaaaas}DA{~B}ADtAABAAt}A{~B}A{G}{G}G,41.666666666666664
CHEMBL6966,COc1ccc(CCN(C)CCCC(C#N)(C(C)C)c2ccc(OC)c(OC)c2)cc1OC,2.61,O(c1ccc(CCN(C)CCCC(c2ccc(OC)c(OC)c2)(C#N)C(C)C)cc1OC)C,ABaraaa{AAD{A}AAAA{A^D}{A{A}A}asaaa{BA}a{BA}as}aarBA,31.5
CHEMBL575492,COc1ccccc1Nc2cc(Oc3cc(C)c(C)nc3c4ccccn4)ccn2,3.37,n1ccc(Oc2cc(C)c(C)nc2-c2ccccn2)cc1Nc1c(OC)cccc1,ABaraaaaarDasaa{Bataa{A}a{A}datauaaaadu}aads,18.833333333333332
CHEMBL2031563,Fc1cc(C(=O)Nc2cccc(c2)c3nnn[nH]3)c4nc[nH]c4c1,0.29,[nH]1c(-c2cccc(NC(c3c4c(cc(F)c3)[nH]cn4)=O)c2)nnn1,Garaa{A{~B}Dasaaaa{as}atddd{dQ}t}auda{dQ}auar,70.16666666666667
CHEMBL621,Clc1cccc(c1)N2CCN(CCCN3N=C4C=CC=CN4C3=O)CC2,2.67,C(CCn1nc2n(cccc2)c1=O)N1CCN(c2cc(Cl)ccc2)CC1,Zaraaaa{ar}DsAAD{AAADtD~AuA~AA~ADuAt~B}AAs,30.5
CHEMBL208487,CC(C)CN1C(=O)N(C)C(=O)c2c1sc(Cc3ccccc3C(F)(F)F)c2C(=O)N4CC[C@@H](O)C4,2.74,C(Cn1c2sc(Cc3ccccc3C(F)(F)F)c(C(N3CC[C@@H](O)C3)=O)c2c(=O)n(C)c1=O)(C)C,AA{A}ADrA{~B}D{A}A{~B}asarea{AataaaaatA{G}{G}G}asA{~B}DuAA{A**Q}{B}Au,29.33333333333333
CHEMBL1956334,CC(=O)c1ncccc1NC(=O)[C@@H]2CC[C@H](CC2)N3C(=O)[C@@H]4[C@@H]5CC[C@@H](C5)[C@@H]4C3=O,3.01,c1cc(NC(=O)[C@H]2CC[C@H](N3C(=O)[C@@H]4[C@@H]5CC[C@H]([C@@H]4C3=O)C5)CC2)c(C(C)=O)nc1,AA{~B}ardaaaarDA{~B}{A**Q}sAA{A*Q}{AAs}DtA{~B}{A**Q}u{A**Q}vAA{A**Q}{Av}{A**Q}uAt~B,24.83333333333334
CHEMBL115022,CC(=O)Nc1ccc2nc(cc(O)c2c1)c3cccc(F)c3,2.41,c1ccc(-c2nc3c(cc(NC(=O)C)cc3)c(O)c2)cc1F,AA{~B}Daraaasda{aa{B}asar}ataaaa{G}at,34.833333333333336
CHEMBL400883,COc1ccc2nc(N[C@H]3CCC[C@@H](C3)NCc4ccsc4)cc(C)c2c1,2.41,c1(N[C@H]2CCC[C@H](NCc3ccsc3)C2)cc(C)c2c(ccc(OC)c2)n1,ABaraaasda{D{A*Q}tAAA{A**Q}{At}DAauaaeau}aa{A}asar,34.833333333333336
CHEMBL1809198,COc1cc(ccc1Nc2ncc(Cl)c(n2)c3cnc4c(F)cccn34)N5CCN(CC5)C(=O)C,3.5,O(c1cc(N2CCN(C(=O)C)CC2)ccc1Nc1nc(-c2cnc3n2cccc3F)c(Cl)cn1)C,ABaraa{aaarDasdaa{Z}a{ds}atadaua{G}aaadtu}DvAAD{AAv}A{~B}A,16.666666666666668
CHEMBL546,CC(C)NCC(O)COc1ccccc1OCC=C,0.2,C(Oc1ccccc1OCC=C)C(O)CNC(C)C,AA{A}DAA{B}ABaraaaaarBAA~A,71.66666666666667
CHEMBL1914480,COc1ccc2N=CC(=O)N(CCN3CCC(CC3)NCc4cc5OCCOc5cn4)c2n1,0.83,c1c(CNC2CCN(CCn3c(=O)cnc4c3nc(OC)cc4)CC2)ncc2c1OCCO2,ABaraaasD~AA{~B}D{AADtAAA{AAt}DAauaavBAABavadu}asdr,61.166666666666664
CHEMBL1346348,O=C(N1CCCCC1)c2scc3CCCCc23,3.16,c12c(C(=O)N3CCCCC3)scc1CCCC2,B~A{DrAAAAAr}aseaatAAAAast,22.333333333333332
CHEMBL452530,NC(=O)Nc1sc(cc1C(=O)N)c2ccc(OCCN3CCCCC3)cc2,1.2,NC(=O)c1cc(-c2ccc(OCCN3CCCCC3)cc2)sc1NC(N)=O,DA{~B}Darea{aarA{~B}D}asaaa{BAADtAAAAAt}aas,55.0
CHEMBL10975,CC(C)C(NC(=O)CN1C(=O)C(=CN=C1c2cccs2)NC(=O)OCc3ccccc3)C(=O)C(F)(F)F,2.02,O(C(Nc1c(=O)n(CC(NC(C(C(F)(F)F)=O)C(C)C)=O)c(-c2sccc2)nc1)=O)Cc1ccccc1,AA{A}A{DA{~B}ADrA{~B}A{~AD~Arasaaaes}DA{~B}BAataaaaat}A{~B}A{G}{G}G,41.333333333333336
CHEMBL2070947,CS(=O)(=O)c1ccc2nc(sc2c1)N3CCN(CC3)C(=O)[C@@H]4CCCC[C@H]4C(=O)NC5(CC5)C#N,1.49,O=C([C@H]1[C@H](C(N2CCN(c3sc4cc(S(=O)(C)=O)ccc4n3)CC2)=O)CCCC1)NC1(C#N)CC1,AE{~B}{~B}araaasda{easar}DtAAD{AAt}A{~B}{A**Q}uAAAA{A*Q}uA{~B}DAv{AAv}A^D,50.166666666666664
CHEMBL588,Oc1ccc(cc1)C2CNCCc3c(Cl)c(O)c(O)cc23,0.87,c1(Cl)c2c(cc(O)c1O)C(c1ccc(O)cc1)CNCC2,Baraaa{aar}AsADAAata{Z}a{B}a{B}aast,60.5
CHEMBL445162,CS(=O)(=O)c1cccc(Nc2nccc(Nc3c(Cl)ccc4OCOc34)n2)c1,3.13,c1ccc(Nc2nc(Nc3c(Cl)ccc4c3OCO4)ccn2)cc1S(=O)(=O)C,AE{~B}{~B}araaaa{Dasdaaa{Data{Z}aaauBABatu}ds}ar,22.833333333333332
CHEMBL1824038,CCS(=O)(=O)c1ccc2OCC(=O)N(CCN3CCC(CC3)NCc4ccc5OCC(=O)Nc5n4)c2c1,-0.11,N1(CCN2C(=O)COc3ccc(S(=O)(CC)=O)cc32)CCC(NCc2ccc3c(n2)NC(=O)CO3)CC1,AAE{~B}{~B}araaasBAA{~B}D{AADtAAA{AAt}DAauaaavBAA{~B}Davdu}asar,76.83333333333334
CHEMBL1783259,COc1ccc(OC)c(c1)c2cccc3c(N)c(nnc23)C(=O)NC(C)C,3.65,n1nc2c(-c3c(OC)ccc(OC)c3)cccc2c(N)c1C(NC(C)C)=O,ABaraaa{BA}a{ar}asaaaata{D}a{ddast}A{~B}DA{A}A,14.16666666666667
CHEMBL488881,O=C1C=C(Oc2c1cccc2c3cccc(c3)c4ccsc4)N5CCOCC5,4.2,c1(N2CCOCC2)cc(=O)c2c(o1)c(-c1cccc(-c3cscc3)c1)ccc2,B~ArA~A{Basaraaaasataaaa{at}auaaeau}DvAABAAv,4.999999999999997
CHEMBL1491421,CC(C)(C)c1cc2nc3C(=O)N(Cc4ccccc4)Cc3c(O)n2n1,1.9,N1(Cc2ccccc2)C(=O)c2c(c(O)n3c(cc(C(C)(C)C)n3)n2)C1,AA{A}{A}araasdatA{~B}D{Aauaaaaau}Aata{B}dsdr,43.333333333333336
CHEMBL1164652,CC(C)n1c(C)ncc1c2ccnc(Nc3ccccc3)n2,3.58,C(C)(n1c(-c2ccnc(Nc3ccccc3)n2)cnc1C)C,AA{A}dra{A}daarasaada{Dataaaaat}ds,15.333333333333334
CHEMBL440335,[O-]c1c2c(nn1c3ccc(Cl)cc3)c4ccccc4c[n+]2Cc5ccccc5,4.5,c1ccc(C[n+]2cc3ccccc3c3nn(-c4ccc(Cl)cc4)c([O-])c32)cc1,{B_}arasa{ddrataaa{Z}aat}auaaaaaua{d%}sAavaaaaav,0.0
CHEMBL2164668,O=C(NC1(CC1)C#N)[C@@H]2CCCC[C@H]2C(=O)N3CCc4oc5ccccc5c4C3,3.01,N#CC1(NC([C@@H]2CCCC[C@H]2C(=O)N2CCc3oc4ccccc4c3C2)=O)CC1,B~A{DAr{AAr}A^D}{A**Q}sAAAA{A*Q}sA{~B}DtAAaubavaaaaavauAt,24.83333333333334
CHEMBL259850,COc1ccc(CNC(=O)Nc2ncc(s2)[N+](=O)[O-])cc1,2.9,C(NC(Nc1sc([N+]([O-])=O)cn1)=O)c1ccc(OC)cc1,ABaraaa{ADA{~B}Dasdaa{es}{D%}{~B}{B_}}aar,26.666666666666668
CHEMBL241609,Oc1cc(O)c2C(=O)C(=COc2c1)c3ccc(O)c(O)c3,2.45,c1(-c2cc(O)c(O)cc2)c(=O)c2c(O)cc(O)cc2oc1,Baraa{B}asA{~B}A{~ABasar}ataaa{B}a{B}at,34.166666666666664
CHEMBL2152918,CO[C@@H]1CC[C@@]2(CC1)Cc3ccc(cc3C24N=C(C)C(=N4)N)c5cncc(Br)c5,3.4,CC1=NC2([C@]3(Cc4c2cc(-c2cc(Br)cnc2)cc4)CC[C@@H](OC)CC3)N=C1N,AB{A**Q}rAA{A**}s{AAr}Aataaa{aatAsuD~A{A}A{~Du}D}avadaa{Y}av,18.333333333333336
CHEMBL1945294,O[C@@H](CNCCc1cccc(CN2CCCC2)c1)c3ccc(O)c4NC(=O)Sc34,-0.28,N(CCc1cccc(CN2CCCC2)c1)C[C@@H](c1ccc(O)c2[nH]c(=O)sc21)O,B{A**Q}{ADAAaraaaa{ADsAAAAs}ar}ataaa{B}auDA{~B}Eatu,79.66666666666667
CHEMBL1258188,COc1ccc(cc1)C2=C(C)c3ccc(OC)cc3OC2=O,3.31,COc1ccc(-c2c(C)c3ccc(OC)cc3oc2=O)cc1,ABaraaa{aar}As~A{A}ataaa{BA}aatBAs~B,19.833333333333332
CHEMBL1214185,CC[C@H]1OC(=O)[C@H](C)[C@@H](O[C@H]2C[C@@](C)(OC)[C@@H](O)[C@H](C)O2)[C@H](C)[C@@H](O[C@@H]3O[C@H](C)C[C@@H]([C@H]3O)N(C)C)[C@](C)(O)C[C@@H](C)\C(=N/OCOCCOC)\[C@H](C)[C@@H](O)[C@]1(C)O,1.8,C(COCO/N=C1/[C@H](C)[C@@H](O)[C@](C)(O)[C@@H](CC)OC(=O)[C@H](C)[C@@H](O[C@H]2C[C@](OC)(C)[C@@H](O)[C@H](C)O2)[C@H](C)[C@@H](O[C@H]2[C@H](O)[C@@H](N(C)C)C[C@@H](C)O2)[C@@](O)(C)C[C@H]1C)OC,AA{A*Q}rBA{~B}{A*Q}{A}{A**Q}{B{A*Q}sA{A**}{A}{BA}{A**Q}{B}{A*Q}{A}Bs}{A*Q}{A}{A**Q}{B{A**Q}tB{A*Q}{A}A{A**Q}{{A*Q}tB}D{A}A}{A*}{A}{B}A{A**Q}{A}!A{~D|BABAABA}!{A*Q}{A}{A**Q}{B}{A*}r{A}B,45.0
CHEMBL479847,COc1cc2ncc(C(=O)N)c(Nc3ccc(F)cc3F)c2cc1OC,2.95,N(c1c(F)cc(F)cc1)c1c(C(=O)N)cnc2cc(OC)c(OC)cc21,ABaraasdaa{A{~B}D}a{Dataaa{G}aatG}asaarBA,25.83333333333333
CHEMBL2086675,CC(C)(C)OC(=O)N1CCN(CC1)c2ncc(OCc3ccncc3)cn2,3.4,C(OC(N1CCN(c2ncc(OCc3ccncc3)cn2)CC1)=O)(C)(C)C,AA{A}{A}BA{~B}DrAAD{AAr}asdaa{BAataadaat}ads,18.333333333333336
CHEMBL2349324,CC(C)C[C@H](CO)Nc1nc(SCc2ccccc2F)nc3nc(N)sc13,4.5,c1c(CSc2nc(N[C@@H](CO)CC(C)C)c3sc(N)nc3n2)c(F)ccc1,AA{A}A{A*Q}{AB}Darda{EAasaaaaasG}datda{D}eart,0.0
CHEMBL383760,CNC(=O)[C@H]1CCCN1Cc2cc3c(Nc4cccc(Cl)c4F)ncnc3cc2OC,3.65,O=C(NC)[C@@H]1N(Cc2cc3c(Nc4cccc(Cl)c4F)ncnc3cc2OC)CCC1,ADA{~B}{A*Q}rAAADrAasaata{Dauaaaa{Z}auG}dadataasBA,14.16666666666667
CHEMBL1934268,CCn1nc(C)c(C(=O)N[C@@H](C)C(C)(C)C)c1NS(=O)(=O)c2ccc(C)cc2,0.95,Cc1ccc(S(=O)(=O)Nc2c(C(N[C@@H](C)C(C)(C)C)=O)c(C)nn2CC)cc1,AAdrda{A}a{A{~B}D{A**Q}{A}A{A}{A}A}arDE{~B}{~B}asaaa{A}aas,59.166666666666664
CHEMBL158766,Cc1ccc(O)c(O)c1,1.37,c1(O)c(O)ccc(C)c1,Aaraaa{B}a{B}ar,52.166666666666664
CHEMBL837,CCc1c2CN3C(=O)C4=C(C=C3c2nc5ccc(O)cc15)[C@@](O)(CC)C(=O)OC4,1.6,C(c1c2c(nc3c1Cn1c(=O)c4c(cc1-3)[C@@](O)(CC)C(=O)OC4)ccc(O)c2)C,AAarasADtA{~B}Au~A{A~Atasdavaaa{B}aarv}{A**}{B}{AA}A{~B}BAu,48.333333333333336
CHEMBL2110732,COc1cc2ncnc(Nc3ccc(F)c(Cl)c3)c2cc1NC(=O)\C=C\CN4CCCCC4,4.1,N(C(/C=C/CN1CCCCC1)=O)c1c(OC)cc2c(c(Nc3ccc(F)c(Cl)c3)ncn2)c1,ABaraasdada{Dataaa{G}a{Z}at}asaarDA{~B}!A~A!ADuAAAAAu,6.666666666666672
CHEMBL2325601,Nc1n[nH]cc1c2cc(ccc2Oc3cc(F)c(cc3Cl)S(=O)(=O)Nc4cscn4)C(F)(F)F,2.65,c1(-c2cc(C(F)(F)F)ccc2Oc2c(Cl)cc(S(=O)(=O)Nc3ncsc3)c(F)c2)c(N)n[nH]c1,Dard{dQ}aarasaa{aaasBataa{G}a{aatZ}E{~B}{~B}Dauaeadu}A{G}{G}G,30.833333333333332
CHEMBL1209658,Fc1ccc(cc1C#N)S(=O)(=O)NCC(N2CCCCCC2)c3ccccc3,2.71,S(=O)(NCC(N1CCCCCC1)c1ccccc1)(c1cc(C#N)c(F)cc1)=O,Garaaa{aarA^D}E{~B}{~B}DAA{DsAAAAAAs}ataaaaat,29.833333333333332
CHEMBL2062571,CC(=O)Nc1ccc2ccn(c3cc(NC4COC4)n5ncc(C#N)c5n3)c2c1,2.24,c12c(ccn1-c1nc3c(C#N)cnn3c(NC3COC3)c1)ccc(NC(C)=O)c2,AA{~B}Daraaasaad{ataa{DAuABAu}dvdaa{A^D}avdt}asar,37.666666666666664
CHEMBL2153435,CCNC(=O)C[C@H]1N=C(c2ccc(Cl)cc2)c3cc(OC)ccc3n4c(C)nnc14,2.42,c1cc2c(cc1OC)C(c1ccc(Cl)cc1)=N[C@H](CC(=O)NCC)c1n-2c(C)nn1,AADA{~B}A{A*Q}rD~A{asaaa{Z}aas}ataa{BA}aaatdua{A}ddaru,34.666666666666664
CHEMBL1209739,COc1ccc(cc1)S(=O)(=O)NCC(N2CCCCCC2)c3ccccc3,3.13,c1(OC)ccc(S(=O)(NCC(N2CCCCCC2)c2ccccc2)=O)cc1,ABaraaa{aar}E{~B}{~B}DAA{DsAAAAAAs}ataaaaat,22.833333333333332
CHEMBL1364,Cc1ncc(CO)c(CO)c1O,-0.58,c1c(CO)c(CO)c(O)c(C)n1,Aardaa{AB}a{AB}arB,84.66666666666667
CHEMBL453053,NC(=O)Nc1sc(cc1C(=O)N)c2ccc(CNC3CCCC3)cc2,1.22,NC(Nc1sc(-c2ccc(CNC3CCCC3)cc2)cc1C(=O)N)=O,DA{~B}Darea{aarA{~B}D}asaaa{ADAtAAAAt}aas,54.666666666666664
CHEMBL2059000,CCCSc1nc2ccc(NC(=O)CCC(=O)O)cc2s1,0.5,C(CSc1nc2ccc(NC(CCC(=O)O)=O)cc2s1)C,AAAEardasaaa{DA{~B}AAA{~B}B}aaser,66.66666666666667
CHEMBL421604,CS(=O)(=O)Nc1ccc(CCOCCCS(=O)(=O)CCNCCc2ccc(O)c3nc(O)sc23)cc1,1.34,S(=O)(CCCOCCc1ccc(NS(=O)(C)=O)cc1)(=O)CCNCCc1ccc(O)c2nc(O)sc21,AE{~B}{~B}Daraaa{AABAAAE{~B}{~B}AADAAasaaa{B}atda{B}east}aar,52.666666666666664
CHEMBL2171042,Cc1cccc(c1)S(=O)(=O)NC(=O)N2CCC(CC2)N3CCC(CC3)Oc4ccc(Cl)c(Cl)c4,1.84,C1C(Oc2cc(Cl)c(Cl)cc2)CCN(C2CCN(C(=O)NS(=O)(=O)c3cc(C)ccc3)CC2)C1,Aaraaaa{ar}E{~B}{~B}DA{~B}DsAAA{AAs}DtAAA{AAt}Bauaaa{Z}a{Z}au,44.333333333333336
CHEMBL2172001,C[C@@H]1CN(CCN1C(=O)[C@@H]2CCCC[C@H]2C(=O)NC3(CC3)C#N)c4ccc5c(C)nnc(C)c5c4,1.93,C1CC1(NC([C@H]1[C@H](C(N2[C@H](C)CN(c3ccc4c(C)nnc(C)c4c3)CC2)=O)CCCC1)=O)C#N,A{A**Q}rAD{AADrA{~B}{A**Q}sAAAA{A*Q}sA{~B}DAt{AAt}A^D}auaaava{A}dda{A}avau,42.833333333333336
CHEMBL2062566,CC(=O)Nc1ccc2CCN(c3cc(NC4CC4)n5ncc(C#N)c5n3)c2c1,3.3,c1c(N2c3c(ccc(NC(=O)C)c3)CC2)nc2c(C#N)cnn2c1NC1CC1,AA{~B}DaraaasAAD{ataa{DAuAAu}dvdaa{A^D}avdt}asar,20.000000000000004
CHEMBL107920,Fc1cc(F)cc(c1)c2cc(on2)N(CCCN3CCCCCC3)Cc4ccc5OCOc5c4,3.84,c1(-c2cc(N(Cc3ccc4c(c3)OCO4)CCCN3CCCCCC3)on2)cc(F)cc(F)c1,Garaa{G}aa{ar}asaa{bds}D{AAADtAAAAAAt}AauaaavBABavau,11.000000000000002
CHEMBL1831130,COc1ccc2nc(C)cc(N3CC(CNC(=O)C4CC4)OC3=O)c2c1,1.55,C1(CNC(C2CC2)=O)OC(=O)N(c2cc(C)nc3ccc(OC)cc23)C1,ABaraaasda{A}aa{DtAA{ADA{~B}AuAAu}BAt~B}asar,49.166666666666664
CHEMBL230641,CC(C)c1ccccc1Nc2nc(SCc3cccs3)n[nH]2,4.21,c1sc(CSc2nc(Nc3ccccc3C(C)C)[nH]n2)cc1,AA{A}araaaaarDasda{EAataaaet}d{dQ}s,4.833333333333334
CHEMBL98406,Nc1nc2ccc(F)cc2s1,2.2,c12c(sc(N)n1)cc(F)cc2,Dardasaaa{G}aaser,38.33333333333333
CHEMBL376813,COc1cc(N2CC[C@H](C2)N(C)C)c3NC(=CC(=O)c3c1)C(=O)Nc4ccc(cc4)N5CCOCC5,2.7,c1(=O)cc(C(Nc2ccc(N3CCOCC3)cc2)=O)[nH]c2c(N3CC[C@@H](N(C)C)C3)cc(OC)cc12,ABaraa{DsAA{A*Q}{As}D{A}A}atDA{~AA{~B}atar}A{~B}Dauaaa{aau}DvAABAAv,29.999999999999996
CHEMBL26894,Oc1ccc(cc1)S(=O)(=O)Nc2nccs2,0.36,O=S(c1ccc(O)cc1)(Nc1nccs1)=O,Baraaa{aar}E{~B}{~B}Dasdaaes,68.99999999999999
CHEMBL329672,Clc1cccc(Nc2ncnc3ccccc23)c1,3.9,n1c2c(cccc2)c(Nc2cc(Cl)ccc2)nc1,Zaraaaa{Dasdadataaaaast}ar,10.000000000000002
CHEMBL1946026,O=C(N1CCCC1)c2ccc(cc2)C(=C3CCN(Cc4cscn4)CC3)c5cccc6cccnc56,2.75,c1ccc(C(c2ccc(C(N3CCCC3)=O)cc2)=C2CCN(Cc3ncsc3)CC2)c2ncccc12,B~A{DrAAAAr}asaaa{aas}A{~AtAAD{Aauaeadu}AAt}avaaaawaaadavw,29.166666666666668
CHEMBL1288221,NC(=O)c1cnc(N[C@H]2CCCNC2)c3cc(sc13)c4ccc(F)c(Cl)c4,2.94,c1(N[C@H]2CCCNC2)ncc(C(N)=O)c2sc(-c3cc(Cl)c(F)cc3)cc12,DA{~B}arada{D{A*Q}sAAADAs}ataa{eart}auaaa{G}a{Z}au,26.0
CHEMBL1574150,O=C(NC1CCCC1)C(N(Cc2occc2)C(=O)c3ccc([nH]3)c4ccccc4)c5ccncc5,4.36,c1c(-c2ccccc2)[nH]c(C(=O)N(C(c2ccncc2)C(=O)NC2CCCC2)Cc2occc2)c1,B~A{DArAAAAr}A{D{Aasbaaas}A{~B}ataaa{{dQ}t}auaaaaau}avaadaav,2.333333333333328
CHEMBL272282,CN1C(=N)N(CC(=O)c2ccc(Cl)cc2)c3ccccc13,1.63,Clc1ccc(C(Cn2c3c(n(C)c2=N)cccc3)=O)cc1,ADrA{~D}D{AA{~B}asaaa{Z}aas}ataaaaart,47.833333333333336
CHEMBL128613,CN1CCN(CC1)C(=O)c2cc3cc(Br)ccc3[nH]2,2.79,c1c2c([nH]c(C(N3CCN(C)CC3)=O)c2)ccc1Br,ADrAAD{AAr}A{~B}asaataa{Y}aaat{dQ}s,28.5
CHEMBL251202,COc1cccc(c1)C(=O)N2CCC(CC2)N3C(=O)Nc4ccccc34,2.65,C1C(n2c3c(cccc3)[nH]c2=O)CCN(C(c2cccc(OC)c2)=O)C1,ABaraaaa{ar}A{~B}DsAAA{AAs}DtA{~B}Dauaaaaatu,30.833333333333332
CHEMBL1430943,CCCS(=O)(=O)N1CCCC(C1)C(=O)N2CCC(Cc3ccccc3)CC2,3.44,O=C(C1CCCN(S(=O)(=O)CCC)C1)N1CCC(Cc2ccccc2)CC1,AAAE{~B}{~B}DrAAAA{Ar}A{~B}DsAAA{Aataaaaat}AAs,17.666666666666668
CHEMBL605785,COC1(CCOCC1)c2ccc(NC(=O)C3=CC(=O)c4cc(F)cc(c4O3)c5c(C)nn(C)c5C)cn2,2.98,COC1(c2ncc(NC(c3oc4c(cc(F)cc4-c4c(C)n(C)nc4C)c(=O)c3)=O)cc2)CCOCC1,ABAr{AABAAr}asaaa{DA{~B}At~AA{~B}auaa{G}aa{auBt}ava{A}dd{A}avA}ads,25.333333333333332
CHEMBL128514,CNC(=O)c1ccc(CCC(COc2ccc(cc2)c3cccc(c3)[N+](=O)[O-])N4C(=O)CSC4=O)cc1,3.5,c1c(C(=O)NC)ccc(CCC(COc2ccc(-c3cccc([N+](=O)[O-])c3)cc2)N2C(=O)SCC2=O)c1,ADA{~B}araaa{AAA{ABasaaa{aas}ataaaa{at}{D%}{~B}{B_}}DuA{~B}AEAu~B}aar,16.666666666666668
CHEMBL440464,CN1CCCC1c2cccnc2,0.5,N1(C)C(c2cnccc2)CCC1,ADrAAAArasaaadas,66.66666666666667
CHEMBL104298,Oc1nc2cc(Cl)cc(Cl)c2c(O)c1c3ccccc3,1.6,Oc1c(-c2ccccc2)c(O)c2c(Cl)cc(Cl)cc2n1,Bardasaa{Z}aa{Z}asa{B}arataaaaat,48.333333333333336
CHEMBL6399,CN(C)c1cccc2c(cccc12)S(=O)(=O)Nc3cnccn3,0.9,c1(NS(=O)(c2cccc3c2cccc3N(C)C)=O)cnccn1,AD{A}araaaasa{aaaars}E{~B}{~B}Datadaadt,60.0
CHEMBL271939,Oc1ccc(cc1)C2CC(=O)c3ccc(O)cc3O2,2.4,c1(C2Oc3cc(O)ccc3C(=O)C2)ccc(O)cc1,Baraaa{aar}AsAA{~B}ataaa{B}aatBs,35.0
CHEMBL303714,NCc1nc2ccccc2[nH]1,0.4,c12ccccc1[nH]c(CN)n2,DAardasaaaaas{dQ}r,68.33333333333333
CHEMBL1559397,OC(=O)c1cc(nc2ccc(F)cc12)c3ccncc3,-0.8,c1(F)ccc2nc(-c3ccncc3)cc(C(=O)O)c2c1,BA{~B}araa{dasaaa{G}aars}ataadaat,88.33333333333333
CHEMBL1834385,Nc1nccc(n1)c2ccccc2,2.0,n1c(N)nc(-c2ccccc2)cc1,Dardaaa{dr}asaaaaas,41.666666666666664
CHEMBL2326693,OCCN1CC=CC[C@@H](C1)c2ccc(Cl)c(Cl)c2,2.37,c1cc(Cl)c(Cl)cc1[C@@H]1CN(CCO)CC=CC1,BAADrAA~AA{A**Q}{Ar}asaaa{Z}a{Z}as,35.5
CHEMBL1762537,CN(c1ccnc(Nc2cc(cc(c2)N3CCOCC3)N4CCCCC4)n1)c5cc(CO)ccc5C,4.2,n1c(Nc2cc(N3CCCCC3)cc(N3CCOCC3)c2)nc(N(c2cc(CO)ccc2C)C)cc1,AD{araada{Dasaa{aa{as}DtAABAAt}DuAAAAAu}dr}avaa{AB}aaavA,4.999999999999997
CHEMBL1730860,Oc1ccc(cc1)c2cnc3ccccc3n2,3.3,c1cc(-c2cnc3c(n2)cccc3)ccc1O,Baraaa{aar}asadataaaaatds,20.000000000000004
CHEMBL2164688,COc1ccc2[nH]c3CCN(Cc3c2c1)C(=O)[C@@H]4CCCC[C@H]4C(=O)NC5(CC5)C#N,2.4,C1(C#N)(NC(=O)[C@@H]2CCCC[C@H]2C(N2Cc3c4c(ccc(OC)c4)[nH]c3CC2)=O)CC1,ABaraaas{dQ}atAAD{Aatasar}A{~B}{A**Q}uAAAA{A*Q}uA{~B}DAv{AAv}A^D,35.0
CHEMBL318021,CC(CCc1cccc(OCc2ccc3ccccc3n2)c1)CC(=O)O,2.4,c1c2nc(COc3cc(CCC(C)CC(=O)O)ccc3)ccc2ccc1,AA{AAaraaaa{BAasaaataaaaatds}ar}AA{~B}B,35.0
CHEMBL2164377,FC(F)(F)Oc1ccc(CNC(=O)C2N(CC3CC(F)(F)C3)C(=O)c4ccccc24)cc1,3.9,N(Cc1ccc(OC(F)(F)F)cc1)C(C1c2ccccc2C(=O)N1CC1CC(F)(F)C1)=O,GA{G}{G}Baraaa{ADA{~B}AsD{AAtAA{G}{G}At}A{~B}auaaaaasu}aar,10.000000000000002
CHEMBL208330,CC(C)CN1C(=O)N(C)C(=O)c2c1sc(Cc3ccccc3C(F)(F)F)c2C(=O)N(C)C,2.9,C(n1c2sc(Cc3c(C(F)(F)F)cccc3)c(C(N(C)C)=O)c2c(=O)n(C)c1=O)C(C)C,AA{A}ADrA{~B}D{A}A{~B}asarea{AataaaaatA{G}{G}G}asA{~B}D{A}A,26.666666666666668
CHEMBL1950864,CN[C@@H](C)C(=O)N[C@@H](C1CCCCC1)C(=O)N[C@H]2C[C@@H]3CC[C@H]2N(CCc4ccccc4)C3,1.64,C1C[C@H]2N(CCc3ccccc3)C[C@@H]1C[C@@H]2NC(=O)[C@H](C1CCCCC1)NC(=O)[C@H](C)NC,AD{A**Q}{A}A{~B}D{A**Q}{ArAAAAAr}A{~B}D{A*Q}sA{A**Q}tAA{A*Q}sD{AAauaaaaau}At,47.66666666666668
CHEMBL2164689,FC(F)(F)c1ccc2[nH]c3CCN(Cc3c2c1)C(=O)[C@@H]4CCCC[C@H]4C(=O)NC5(CC5)C#N,4.2,N(C1(C#N)CC1)C([C@H]1[C@H](C(N2CCc3c(c4cc(C(F)(F)F)ccc4[nH]3)C2)=O)CCCC1)=O,GA{G}{G}araaas{dQ}atAAD{Aatasar}A{~B}{A**Q}uAAAA{A*Q}uA{~B}DAv{AAv}A^D,4.999999999999997
CHEMBL279053,CCCc1c(OCCCSc2ccc(CC(=O)O)cc2Cl)ccc3c(CC)noc13,3.92,c1c(SCCCOc2c(CCC)c3c(c(CC)no3)cc2)c(Cl)cc(CC(O)=O)c1,AAAara{BAAAEasaaa{AA{~B}B}aasZ}aaata{AA}dbart,9.666666666666668
CHEMBL898,OC(=O)c1cc(ccc1O)c2ccc(F)cc2F,0.59,c1(C(O)=O)c(O)ccc(-c2c(F)cc(F)cc2)c1,BA{~B}araa{aaarB}asaaa{G}aasG,65.16666666666667
CHEMBL1824832,CCOc1ccc(Oc2ccc(cc2)S(=O)(=O)NC(=O)c3cccc(c3)c4ccc(Cl)c(Cl)c4)cc1,2.94,c1c(Cl)c(Cl)cc(-c2cc(C(=O)NS(c3ccc(Oc4ccc(OCC)cc4)cc3)(=O)=O)ccc2)c1,AABaraaa{Basaaa{aas}E{~B}{~B}DA{~B}ataaaa{at}auaaa{Z}a{Z}au}aar,26.0
CHEMBL66953,OC1=CC=Cc2cc(O)c(O)c(O)c2C1=O,2.03,c1ccc2c(c(=O)c1O)c(O)c(O)c(O)c2,BAr~AA~Aasaa{B}a{B}a{B}asAr~B,41.16666666666667
CHEMBL2331752,CC1=CN([C@H]2CCCN(C2)S(=O)(=O)c3ccc(O)c(Oc4cc(F)cc(Cl)c4)c3)C(=O)NC1=O,2.35,c1c(Cl)cc(Oc2cc(S(N3C[C@@H](n4cc(C)c(=O)[nH]c4=O)CCC3)(=O)=O)ccc2O)cc1F,AAr~AD{{A*Q}sAAAD{As}E{~B}{~B}ataaa{B}a{Bauaa{G}aa{Z}au}at}A{~B}DAr~B,35.833333333333336
CHEMBL1807826,O[C@@H](CNCCSCCCNCCc1cccc(c1)C(F)(F)F)c2ccc(O)c3NC(=O)Sc23,1.21,[nH]1c2c(c([C@H](CNCCSCCCNCCc3cc(C(F)(F)F)ccc3)O)ccc2O)sc1=O,B{A**Q}{ADAAEAAADAAaraaaa{ar}A{G}{G}G}asaaa{B}atDA{~B}East,54.833333333333336
CHEMBL1917419,Cc1c(Sc2ccc(Cl)cc2)c3cc(Cl)ccc3n1CC(=O)O,2.87,c12ccc(Cl)cc1c(Sc1ccc(Cl)cc1)c(C)n2CC(O)=O,Aara{Easaaa{Z}aas}ataa{Z}aaatdrAA{~B}B,27.166666666666668
CHEMBL2059869,Cc1ccc(cc1NC(=O)c2ccc(OCc3ccccn3)cc2)c4cn(C)c(C)n4,2.71,c1ccnc(COc2ccc(C(=O)Nc3cc(-c4cn(C)c(C)n4)ccc3C)cc2)c1,Aaraaa{aarDA{~B}asaaa{BAataaaadt}aas}auad{A}a{A}du,29.833333333333332
CHEMBL180184,CCN(C1CCN(CCC(c2ccccc2)c3ccccc3)CC1)C(=O)NCc4ccccc4,4.0,c1(CNC(N(C2CCN(CCC(c3ccccc3)c3ccccc3)CC2)CC)=O)ccccc1,AAD{ArAAD{AAA{asaaaaas}ataaaaat}AAr}A{~B}DAauaaaaau,8.333333333333334
CHEMBL1201203,CN1[C@@H]2CC[C@H]1C[C@H](C2)OC(c3ccccc3)c4ccccc4,1.49,[C@H]12N(C)[C@H](C[C@@H](OC(c3ccccc3)c3ccccc3)C1)CC2,ADr{A**Q}sAA{A*Q}rA{A*Q}{As}BA{ataaaaat}auaaaaau,50.166666666666664
CHEMBL1947153,O[C@@H](CNCCc1cccc(CN2CCC(CC2)c3ccccc3)c1)c4ccc(O)c5NC(=O)Sc45,1.99,c1(CN2CCC(c3ccccc3)CC2)cc(CCNC[C@@H](c2c3c(c(O)cc2)[nH]c(=O)s3)O)ccc1,B{A**Q}{ADAAaraaaa{ADsAAA{AAs}ataaaaat}ar}auaaa{B}avDA{~B}Eauv,41.83333333333333
CHEMBL388473,Oc1cccc(c1)N2C(=O)c3ccc(O)cc3C2=O,2.0,c1cc(O)cc(N2C(=O)c3c(ccc(O)c3)C2=O)c1,Baraaaa{ar}DsA{~B}ataaa{B}aatAs~B,41.666666666666664
CHEMBL2104196,NS(=O)(=O)c1ccc(NCc2ccccc2)cc1,1.7,c1cc(S(N)(=O)=O)ccc1NCc1ccccc1,DE{~B}{~B}araaa{DAasaaaaas}aar,46.666666666666664
CHEMBL2312933,CCCN(c1cccnc1)P(=O)(c2ccccc2)c3ccccc3,2.6,c1(P(=O)(c2ccccc2)N(c2cccnc2)CCC)ccccc1,AAAD{araaadar}F{~B}{asaaaaas}ataaaaat,31.666666666666668
CHEMBL480601,CC1(C)[C@@H]2CC[C@@]1(CS(=O)(=O)NC3CCN(CC3)c4ccc(cn4)C(F)(F)F)C(=O)C2,3.84,S(C[C@@]12C(=O)C[C@@H](CC1)C2(C)C)(NC1CCN(c2ccc(C(F)(F)F)cn2)CC1)(=O)=O,AAr{A}{A**Q}sAA{A**}r{AE{~B}{~B}DAtAAD{AAt}auaaa{adu}A{G}{G}G}A{~B}As,11.000000000000002
CHEMBL652,FC(F)(F)COc1ccc(OCC(F)(F)F)c(c1)C(=O)NCC2CCCCN2,1.13,N1C(CNC(=O)c2cc(OCC(F)(F)F)ccc2OCC(F)(F)F)CCCC1,GA{G}{G}ABaraaa{BAA{G}{G}G}a{ar}A{~B}DAAsAAAADs,56.166666666666664
CHEMBL2326689,CN1CC=CCC(C1)c2oc3ccccc3c2,2.47,c1cccc2oc(C3CN(C)CC=CC3)cc12,ADrAA~AAA{Ar}asbataaaaatas,33.83333333333333
CHEMBL370826,CCN(C1CCN(CCC(c2ccc(NC(=O)C)cc2)c3cccc(F)c3)CC1)C(=O)Cc4ccc(cc4)S(=O)(=O)C,2.41,C(N1CCC(N(CC)C(=O)Cc2ccc(S(=O)(C)=O)cc2)CC1)CC(c1cccc(F)c1)c1ccc(NC(=O)C)cc1,AAD{ArAAD{AAA{asaaa{DA{~B}A}aas}ataaaa{G}at}AAr}A{~B}Aauaaa{aau}E{~B}{~B}A,34.833333333333336
CHEMBL2062570,CC(=O)Nc1ccc2ccn(c3cc(Nc4ccn(C)n4)n5ncc(C#N)c5n3)c2c1,3.57,c1cc(Nc2cc(-n3ccc4c3cc(NC(C)=O)cc4)nc3c(C#N)cnn23)nn1C,AA{~B}Daraaasaad{ataa{Dauaad{A}du}dvdaa{A^D}avdt}asar,15.500000000000002
CHEMBL28636,COc1ccc(cc1F)c2cc(nn2c3ccc(cc3)S(=O)(=O)N)C(F)F,2.8,c1cc(-n2nc(C(F)F)cc2-c2ccc(OC)c(F)c2)ccc1S(=O)(=O)N,ABaraaa{aarG}asaa{ddsataaa{aat}E{~B}{~B}D}A{G}G,28.33333333333334
CHEMBL2104625,O=C(Nc1nnn[nH]1)C2=CC(=C3C=CC=CN3C2=O)Oc4ccccc4,0.67,c1(Oc2ccccc2)c2ccccn2c(=O)c(C(Nc2nnn[nH]2)=O)c1,B~A{Darddd{dQ}r}As~AA{~AtA~AA~ADtAs~B}Bauaaaaau,63.833333333333336
CHEMBL15706,COc1cccc2c(O)cc(nc12)c3ccccc3,2.3,c1ccccc1-c1nc2c(OC)cccc2c(O)c1,ABaraaaasa{B}aa{dars}ataaaaat,36.66666666666667
CHEMBL1835918,Cc1onc(n1)c2ccc(OCC3CN(C3)c4ccc(C)nn4)cc2,2.62,c1(C)onc(-c2ccc(OCC3CN(c4nnc(C)cc4)C3)cc2)n1,Aarbda{dr}asaaa{BAAtAD{At}auaaa{A}ddu}aas,31.333333333333332
CHEMBL1456596,C(N(Cc1ccccc1)c2nn[nH]n2)c3ccccc3,1.37,c1(N(Cc2ccccc2)Cc2ccccc2)n[nH]nn1,A{D{Aaraaaaar}asdd{dQ}ds}ataaaaat,52.166666666666664
CHEMBL358325,CN1CCN(CC1)c2nc(CCOc3ccc(C[C@H](Nc4ccccc4C(=O)c5ccccc5)C(=O)O)cc3)c(C)s2,2.58,c1c(C[C@H](Nc2ccccc2C(c2ccccc2)=O)C(=O)O)ccc(OCCc2c(C)sc(N3CCN(C)CC3)n2)c1,ADrAAD{AAr}asda{AABataaa{A{A*Q}{DauaaaaauA{~B}avaaaaav}A{~B}B}aat}a{A}es,32.0
CHEMBL465305,CC(=O)c1ccc(nc1)N2CCN(CC2)S(=O)(=O)C[C@]34CC[C@H](CC3=O)C4(C)C,2.21,O=C1C[C@H]2CC[C@]1(CS(=O)(N1CCN(c3ccc(C(=O)C)cn3)CC1)=O)C2(C)C,AA{~B}araaa{dar}DsAAD{AAs}E{~B}{~B}A{A*}tuAA{A*Q}{AAt~B}Au{A}A,38.166666666666664
CHEMBL1957840,Clc1cccc(CN2C=CN3C(=O)C=C(N=C23)N4CCOCC4)c1Cl,3.3,O1CCN(c2nc3n(c(=O)c2)ccn3Cc2c(Cl)c(Cl)ccc2)CC1,Zaraaaa{ADsA~ADtA{~B}A~A{D~Ast}DuAABAAu}arZ,20.000000000000004
CHEMBL2335905,C[C@@H](NC1=CC(=O)NCC1)c2ccc(Nc3ncc4cc(ccc4n3)c5ccncc5)cc2,3.02,N1CCC(N[C@@H](c2ccc(Nc3ncc4c(ccc(-c5ccncc5)c4)n3)cc2)C)=CC1=O,A{A**Q}{DAr~AA{~B}DAAr}asaaa{Datdaauaa{aaaudt}avaadaav}aas,24.666666666666668
CHEMBL1689136,C[C@H]1CN(Cc2cc(Cl)ccc2CCC(=O)O)CCN1C(=O)Cc3ccccc3,1.52,c1ccccc1CC(N1CCN(Cc2c(CCC(O)=O)ccc(Cl)c2)C[C@@H]1C)=O,A{A*Q}rAD{Aasaa{Z}aaasAAA{~B}B}AADrA{~B}Aataaaaat,49.666666666666664
CHEMBL2048864,Clc1cccc(\C=C\2/SC(=O)NC2=O)c1N3CCNCC3,0.68,C1(=O)NC(=O)S/C1=C\c1c(N2CCNCC2)c(Cl)ccc1,Zaraaaa{!A~A!s|EA{~B}DAs~B}arDtAADAAt,63.666666666666664
CHEMBL314034,CSc1nc(nn1Cc2ccccc2)c3ccccc3,3.83,n1(Cc2ccccc2)nc(-c2ccccc2)nc1SC,AEarda{ddrAasaaaaas}ataaaaat,11.166666666666666
CHEMBL417727,Nc1ccc2c3ccccc3C(=O)C(=O)c2c1,2.23,C1(=O)C(=O)c2c(ccc(N)c2)-c2c1cccc2,DaraaasataaaaatA{~B}A{~B}asar,37.833333333333336
CHEMBL409494,Nc1ccccc1NC(=O)c2ccc(cc2)C3CCN(CCC(=O)Nc4ccccc4F)CC3,2.76,c1(C2CCN(CCC(=O)Nc3c(F)cccc3)CC2)ccc(C(Nc2ccccc2N)=O)cc1,DaraaaaarDA{~B}asaaa{aas}AtAAD{AAA{~B}DauaaaaauG}AAt,29.000000000000004
CHEMBL514690,CC(C)n1c(C)ncc1c2ccnc(Nc3ccc(cc3)N4CCOCC4)n2,2.88,CC(C)n1c(C)ncc1-c1nc(Nc2ccc(N3CCOCC3)cc2)ncc1,AA{A}dra{A}daarasaada{Dataaa{aat}DuAABAAu}ds,27.0
CHEMBL1762541,CN(c1ccnc(Nc2cc(CN3CCOCC3)cc(c2)N4CCOCC4)n1)c5cc(CO)ccc5C,3.0,Cc1ccc(CO)cc1N(C)c1ccnc(Nc2cc(N3CCOCC3)cc(CN3CCOCC3)c2)n1,AD{araada{Dasaa{ADtAABAAt}aa{as}DuAABAAu}dr}avaa{AB}aaavA,25.0
CHEMBL365903,NC(=O)c1cc(O)cc2nc(oc12)c3ccc(O)cc3,2.3,c1(C(=O)N)c2oc(-c3ccc(O)cc3)nc2cc(O)c1,DA{~B}araa{B}aasda{bars}ataaa{B}aat,36.66666666666667
CHEMBL472455,COc1ccc(N(C(C(=O)NC2CCCC2)c3ccccc3F)C(=O)c4occc4)c(OC)c1,3.09,C(=O)(c1ccco1)N(C(C(NC1CCCC1)=O)c1ccccc1F)c1ccc(OC)cc1OC,ABaraaa{D{A{A{~B}DAsAAAAs}ataaaaatG}A{~B}aubaaau}a{BA}ar,23.5
CHEMBL2107366,C[C@H](C1=CNC(=S)N1)c2cccc(C)c2C,2.9,c1([C@H](c2c(C)c(C)ccc2)C)c[nH]c(=S)[nH]1,A{A*Q}{Ar~ADA{~E}Dr}asaaaa{A}asA,26.666666666666668
CHEMBL1682961,CC[C@H](NC(=O)c1c([S+](C)[O-])c(nc2cc(F)ccc12)c3ccccc3)c4ccccc4,3.62,c1c(-c2c([S+]([O-])C)c(C(=O)N[C@H](c3ccccc3)CC)c3c(cc(F)cc3)n2)cccc1,AA{A*Q}{DA{~B}ara{{E%}{A}{B_}}a{dasaa{G}aaars}ataaaaat}auaaaaau,14.666666666666664
CHEMBL1957374,CCc1ccccc1c2ccc(cc2)c3nc4ccncc4c(O)c3C#N,3.5,c1(C#N)c(O)c2c(nc1-c1ccc(-c3c(CC)cccc3)cc1)ccnc2,AAaraaaaarasaaa{aas}atdauaadaaua{B}atA^D,16.666666666666668
CHEMBL1164033,CN(C)CCOc1cc(NS(=O)(=O)c2c(Cl)cc(cc2Cl)C(F)(F)F)ccc1Cl,2.99,O=S(=O)(Nc1cc(OCCN(C)C)c(Cl)cc1)c1c(Cl)cc(C(F)(F)F)cc1Cl,AD{A}AABaraa{DE{~B}{~B}asa{Z}aa{aasZ}A{G}{G}G}aaarZ,25.16666666666666
CHEMBL1915315,Oc1ccc(cc1)C2=Cc3ccc(O)cc3OC2=O,2.9,O=c1c(-c2ccc(O)cc2)cc2ccc(O)cc2o1,Baraaa{aar}As~Aataaa{B}aatBAs~B,26.666666666666668
CHEMBL2087421,COc1cc(C)c(c(C)c1)S(=O)(=O)N(C)CCOCC(=O)N2CCN(CC2)C3CCN(C)CC3,-0.4,N1(C(=O)COCCN(C)S(=O)(=O)c2c(C)cc(OC)cc2C)CCN(C2CCN(C)CC2)CC1,ABaraa{A}a{a{A}ar}E{~B}{~B}D{A}AABAA{~B}DsAAD{AAs}AtAAD{A}AAt,81.66666666666667
CHEMBL1508448,CC(C)(C)c1cc(O)n2nc(N)nc2n1,-0.2,n12c(O)cc(C(C)(C)C)nc1nc(N)n2,AA{A}{A}araa{B}dsda{D}dasdr,78.33333333333333
CHEMBL14323,COc1ccc(cc1)c2cc(O)c3cc(Cl)ccc3n2,2.7,c1c(Cl)cc2c(nc(-c3ccc(OC)cc3)cc2O)c1,ABaraaa{aar}asaa{B}ataa{Z}aaatds,29.999999999999996
CHEMBL456381,Oc1ccc(cc1)c2csc(n2)c3ccc(O)cc3,3.7,c1(O)ccc(-c2nc(-c3ccc(O)cc3)cs2)cc1,Baraaa{aar}asaea{ds}ataaa{B}aat,13.33333333333333
CHEMBL2147569,C[C@]12Cc3cnn(c3C=C1CC[C@@]2(O)CCc4ccc(F)cc4C(=O)N)c5ccc(F)cc5,3.8,n1(-c2ccc(F)cc2)c2c(cn1)C[C@@]1(C)C(=C2)CC[C@]1(CCc1ccc(F)cc1C(=O)N)O,A{A*}rsAatadd{atA~ArAA{A**}s{B}AAauaaa{G}aauA{~B}D}avaaa{G}aav,11.66666666666667
CHEMBL1809223,COc1cc(ccc1Nc2ncc(Cl)c(n2)c3cnc4cc(ccn34)N5CCCC5)N6CCN(CC6)C(=O)C,3.5,c1c(N2CCN(C(=O)C)CC2)cc(OC)c(Nc2ncc(Cl)c(-c3n4ccc(N5CCCC5)cc4nc3)n2)c1,ABaraa{aaarDasdaa{Z}a{ds}atadauaa{aadtu}DvAAAAv}DwAAD{AAw}A{~B}A,16.666666666666668
CHEMBL2325719,Cc1ccc2[nH]ccc2c1c3nc(cc(n3)C4(CC4)S(=O)(=O)C)N5CCOCC5,1.7,O=S(C)(C1(c2nc(-c3c4c([nH]cc4)ccc3C)nc(N3CCOCC3)c2)CC1)=O,Aaraaas{dQ}aaasaratda{aa{dt}Au{AAu}E{~B}{~B}A}DvAABAAv,46.666666666666664
CHEMBL129982,Nc1ccc(Cl)c(c1)C(=O)NCC23CC4CC(CC(C4)C2)C3,3.45,C1C2CC3(CNC(=O)c4cc(N)ccc4Cl)CC(CC1C3)C2,Daraaa{Z}a{ar}A{~B}DAAstAAuAA{AA{Au}As}At,17.499999999999996
CHEMBL562310,O=C(Nc1cccc2cccnc12)c3ccc(cc3)N4C(=O)[C@@H]5[C@H]6C[C@H](C=C6)[C@@H]5C4=O,3.28,n1c2c(ccc1)cccc2NC(c1ccc(N2C(=O)[C@H]3[C@@H]4C[C@@H](C=C4)[C@H]3C2=O)cc1)=O,B~A{Daraaaasaaadars}ataaa{aat}DuA{~B}{A**Q}v{A*Q}wA{A*Q}{A~Aw}{A**Q}vAu~B,20.333333333333336
CHEMBL1233689,CCCCSc1nc(N)c2ncn([C@@H]3O[C@H](CO)[C@@H](O)[C@H]3O)c2n1,1.51,O[C@@H]1[C@H](O)[C@@H](CO)O[C@H]1n1cnc2c(N)nc(SCCCC)nc12,AAAAEarda{D}asdad{{A**Q}tB{A*Q}{AB}{A**Q}{B}{A*Q}tB}asdr,49.833333333333336
CHEMBL191974,Oc1ccc(cc1)c2ccc3cc(O)ccc3c2,4.0,c1(-c2cc3c(cc2)cc(O)cc3)ccc(O)cc1,Baraaa{aar}asaaataa{B}aaatas,8.333333333333334
CHEMBL2062555,Nc1cc(nc2c(cnn12)C#N)c3cccs3,2.3,c1c(-c2sccc2)nc2c(C#N)cnn2c1N,Daraa{dasa{addrs}A^D}ataaaet,36.66666666666667
CHEMBL1829409,CCC(N(CCCN)C(=O)c1ccc(OC)cc1)C2=Nc3ccsc3C(=O)N2Cc4ccccc4,1.39,O=C(N(CCCN)C(CC)c1nc2ccsc2c(=O)n1Cc1ccccc1)c1ccc(OC)cc1,AAA{D{AAAD}A{~B}araaa{BA}aar}As~DataaeatA{~B}DsAauaaaaau,51.83333333333334
CHEMBL313206,Cc1cc(N)c2cc(NC(=O)CCCCC(=O)Nc3ccc4nc(C)cc(N)c4c3)ccc2n1,0.53,c1(NC(CCCCC(=O)Nc2ccc3c(c2)c(N)cc(C)n3)=O)cc2c(nc(C)cc2N)cc1,Aaraa{D}asaa{DA{~B}AAAAA{~B}Dataaauda{A}aa{D}auat}aaasdr,66.16666666666667
CHEMBL421583,CN(C)CC(O)COc1ccc(Nc2cc(ncn2)N(CC#N)c3ccc(C)cc3Br)cc1,2.24,n1c(N(c2ccc(C)cc2Br)CC#N)cc(Nc2ccc(OCC(O)CN(C)C)cc2)nc1,AD{A}AA{B}ABaraaa{Dasaa{dads}D{AA^D}ataaa{A}aatY}aar,37.666666666666664
CHEMBL1903477,NC(=O)C1=CN(Cc2ccc(F)c(F)c2)C(=O)C=C1,1.37,c1(C(=O)N)ccc(=O)n(Cc2ccc(F)c(F)c2)c1,DA{~B}Ar~AD{Aasaaa{G}a{G}as}A{~B}A~Ar,52.166666666666664
CHEMBL2068881,COc1ccc(c(C)n1)c2cccc3c(N)c4C(=O)N(Cc4nc23)C5CCC5,3.92,Cc1c(-c2cccc3c(N)c4c(nc32)CN(C2CCC2)C4=O)ccc(OC)n1,ABaraaa{a{A}dr}asaaaata{D}auA{~B}D{Aaudast}AvAAAv,9.666666666666668
CHEMBL564607,OC(=O)c1ccc(cc1)c2ccc(Cl)c(c2)C(=O)NCC34CC5CC(CC(C5)C3)C4,2.48,C12CC3(CNC(c4cc(-c5ccc(C(O)=O)cc5)ccc4Cl)=O)CC(CC(C3)C1)C2,BA{~B}araaa{aar}asaaa{Z}a{as}A{~B}DAAtuAAvAA{AA{Av}At}Au,33.666666666666664
CHEMBL201307,COc1cc2c(Nc3ncc(CC(=O)Nc4cccc(F)c4)s3)ncnc2cc1OCCCN5CCC(CO)CC5,2.89,COc1c(OCCCN2CCC(CO)CC2)cc2ncnc(Nc3ncc(CC(=O)Nc4cc(F)ccc4)s3)c2c1,ABaraasa{Datdaa{AA{~B}Dauaaaa{G}au}et}dadasaarBAAADvAAA{AB}AAv,26.833333333333332
CHEMBL1689134,C[C@H]1CN(Cc2cc(Cl)ccc2OC(C)(C)C(=O)O)CCN1S(=O)(=O)c3ccccc3,0.54,S(=O)(=O)(c1ccccc1)N1CCN(Cc2c(OC(C(O)=O)(C)C)ccc(Cl)c2)C[C@@H]1C,A{A*Q}rAD{Aasaa{Z}aaasBA{A}{A}A{~B}B}AADrE{~B}{~B}ataaaaat,66.0
CHEMBL2153184,CCCSc1nc(NC[C@@H]2CC[C@H](CC2)C(=O)O)ccc1C(=O)NC3CCCCC3,2.61,C1CC(NC(c2ccc(NC[C@H]3CC[C@H](C(O)=O)CC3)nc2SCCC)=O)CCC1,AAAEarda{DA{A**Q}sAA{A*Q}{AAs}A{~B}B}aaarA{~B}DAtAAAAAt,31.5
CHEMBL1957850,Cc1ccccc1CN2C=CN3C(=O)C=C(N=C23)N4CCOCC4,2.3,n1(Cc2c(C)cccc2)ccn2c(=O)cc(N3CCOCC3)nc12,AaraaaaarADsA~ADtA{~B}A~A{D~Ast}DuAABAAu,36.66666666666667
CHEMBL464552,CNC(=O)c1c(F)cccc1Nc2nc(Nc3cc4N(CCc4cc3OC)C(=O)CN(C)C)nc5[nH]ccc25,2.61,O(c1cc2c(cc1Nc1nc3[nH]ccc3c(Nc3cccc(F)c3C(NC)=O)n1)N(C(=O)CN(C)C)CC2)C,ADA{~B}ara{G}aaaarDasda{DataauD{AAauaatBA}A{~B}AD{A}A}dav{dQ}aaasv,31.5
CHEMBL1940315,O[C@]1(CN2CCC1CC2)C#Cc3ccc(Oc4ccc(cc4)C(=O)NC5CCCS(=O)(=O)C5)cc3,1.4,C1(NC(c2ccc(Oc3ccc(C#C[C@]4(O)CN5CCC4CC5)cc3)cc2)=O)CS(=O)(=O)CCC1,B{A*}r{ADsAAArAAs}A^Aataaa{Bauaaa{aau}A{~B}DAvAAAE{~B}{~B}Av}aat,51.666666666666664
CHEMBL129529,CCCCN(CCCC)CCCOC(=O)c1ccc(N)cc1,1.93,c1(N)ccc(C(OCCCN(CCCC)CCCC)=O)cc1,AAAAD{AAAA}AAABA{~B}araaa{D}aar,42.833333333333336
CHEMBL2158819,OC(=O)C(N1CCC(CN2CCC(CC2)Oc3ccc(Cl)c(Cl)c3)CC1)c4ccccc4,2.17,C1CC(Oc2cc(Cl)c(Cl)cc2)CCN1CC1CCN(C(c2ccccc2)C(O)=O)CC1,BA{~B}A{DrAAA{ADsAAA{AAs}Bataaa{Z}a{Z}at}AAr}auaaaaau,38.833333333333336
CHEMBL2321994,OCC[C@]1(CCCNC1)c2oc3ccccc3c2,0.06,C(O)C[C@]1(c2cc3ccccc3o2)CNCCC1,BAA{A*}r{AAADAr}asbataaaaatas,74.00000000000001
CHEMBL439871,CC(C)CN1C(=O)N(C)C(=O)c2c1sc(Cc3ccccc3C(F)(F)F)c2C(=O)N4CC(C)(O)C4,3.18,c1(Cc2sc3c(c2C(N2CC(O)(C)C2)=O)c(=O)n(C)c(=O)n3CC(C)C)ccccc1C(F)(F)F,AA{A}ADrA{~B}D{A}A{~B}asarea{AataaaaatA{G}{G}G}asA{~B}DuAA{A}{B}Au,21.999999999999996
CHEMBL467028,Oc1ccc2OC(=O)C(=Cc2c1)c3ccccc3,3.12,c1c(-c2ccccc2)c(=O)oc2ccc(O)cc12,BaraaasBA{~B}A{~Aasar}ataaaaat,23.0
CHEMBL2010838,CN(C1CCN(Cc2ccc(cn2)C(F)(F)F)CC1)C(=O)Cc3ccc(cc3)n4cnnn4,1.9,n1nncn1-c1ccc(CC(N(C)C2CCN(Cc3ncc(C(F)(F)F)cc3)CC2)=O)cc1,AD{ArAAD{Aasaaa{ads}A{G}{G}G}AAr}A{~B}Aataaa{aat}duadddu,43.333333333333336
CHEMBL1449167,Nc1n[nH]c(Nc2ccccc2)n1,1.06,c1(Nc2nc(N)n[nH]2)ccccc1,Dard{dQ}a{Dasaaaaas}dr,57.333333333333336
CHEMBL1201,CN(C)S(=O)(=O)c1ccc2Sc3ccccc3\C(=C\CCN4CCN(C)CC4)\c2c1,3.16,CN(S(=O)(c1cc2c(cc1)Sc1ccccc1/C2=C/CCN1CCN(C)CC1)=O)C,AD{A}E{~B}{~B}araaasEataaaaat!A{~A!AADuAAD{A}AAu}!asar,22.333333333333332
CHEMBL1762539,CN(c1ccnc(Nc2cc(cc(c2)N3CCN(C)CC3)N4CCOCC4)n1)c5cc(CO)ccc5C,2.61,n1c(N(c2cc(CO)ccc2C)C)ccnc1Nc1cc(N2CCOCC2)cc(N2CCN(C)CC2)c1,AD{araada{Dasaa{aa{as}DtAAD{A}AAt}DuAABAAu}dr}avaa{AB}aaavA,31.5
CHEMBL99689,CN(C)CC(O)COc1ccc(Nc2nccc(Nc3ccccc3C#N)n2)cc1,1.2,N(c1ccnc(Nc2ccc(OCC(CN(C)C)O)cc2)n1)c1c(C#N)cccc1,AD{A}AA{B}ABaraaa{Dasdaaa{DataaaaatA^D}ds}aar,55.0
CHEMBL86754,Oc1c(I)cc(I)c2cccnc12,2.19,Ic1cc(I)c(O)c2ncccc21,Bara{H}aa{H}asaaadars,38.5
CHEMBL226781,Clc1ccc2C(=O)C3=C(Nc2c1)C(=O)NN(CC#Cc4ccccc4)C3=O,1.78,[nH]1n(CC#Cc2ccccc2)c(=O)c2c(=O)c3ccc(Cl)cc3[nH]c2c1=O,ZaraaasA{~B}At~A{Dasar}A{~B}DD{AA^Aauaaaaau}At~B,45.333333333333336
CHEMBL1944692,O[C@@H](CNCCc1ccc(CNCCc2ccccc2F)cc1)c3ccc(O)c4NC(=O)Sc34,1.3,c1([C@H](CNCCc2ccc(CNCCc3ccccc3F)cc2)O)ccc(O)c2[nH]c(=O)sc12,B{A**Q}{ADAAaraaa{ADAAasaaaaasG}aar}ataaa{B}auDA{~B}Eatu,53.333333333333336
CHEMBL809,CN[C@H]1CC[C@@H](c2ccc(Cl)c(Cl)c2)c3ccccc13,3.15,c1ccc2c(c1)[C@H](c1ccc(Cl)c(Cl)c1)CC[C@@H]2NC,AD{A*Q}rAA{A**Q}{asaaa{Z}a{Z}as}ataaaaart,22.5
CHEMBL2086676,Cc1cc(COc2cnc(nc2)N3CCN(CC3)C(=O)OC(C)(C)C)ccn1,3.7,n1ccc(COc2cnc(N3CCN(C(=O)OC(C)(C)C)CC3)nc2)cc1C,Aaraa{ABasada{das}DtAAD{AAt}A{~B}BA{A}{A}A}aadr,13.33333333333333
CHEMBL2153304,CCCN(C)c1nc(ccc1C(=O)NC2CCCCC2)N3CCC[C@@H](CC(=O)O)C3,2.28,C([C@H]1CN(c2ccc(C(NC3CCCCC3)=O)c(N(CCC)C)n2)CCC1)C(O)=O,AAAD{A}arda{aaarA{~B}DAsAAAAAs}DtAAA{A**Q}{AA{~B}B}At,37.00000000000001
CHEMBL288524,NC12CCC(CC1)(CC2)c3ccccc3,0.29,c1(C23CCC(N)(CC2)CC3)ccccc1,DArsAAA{AAr}{AAs}ataaaaat,70.16666666666667
CHEMBL311862,COc1cc(ccc1Cn2ccc3ccc(NC(=O)OC4CCCC4)cc23)c5nn[nH]n5,2.7,O=C(OC1CCCC1)Nc1cc2c(ccn2Cc2ccc(-c3n[nH]nn3)cc2OC)cc1,ABaraa{aaarAdsaaataaa{DA{~B}BAuAAAAu}aast}avdd{dQ}dv,29.999999999999996
CHEMBL549344,CCc1nc2c(N)nc3ccccc3c2n1CCCCNS(=O)(=O)C,1.24,c12ccccc1nc(N)c1nc(CC)n(CCCCNS(=O)(C)=O)c21,AAardasa{D}dataaaaatasdrAAAADE{~B}{~B}A,54.333333333333336
CHEMBL426851,CNc1nc2ccccc2n1Cc3sc4N(CC(C)C)C(=O)N(C)C(=O)c4c3C(=O)N5CC[C@@H](O)C5,1.61,N(c1n(Cc2sc3c(c(=O)n(C)c(=O)n3CC(C)C)c2C(=O)N2C[C@H](O)CC2)c2c(cccc2)n1)C,ADardasaaaaasdrAateauD{AA{A}A}A{~B}D{A}A{~B}auatA{~B}DvAA{A**Q}{B}Av,48.16666666666666
CHEMBL365472,CC(C)Oc1ccc(cc1)C(=O)Nc2cc(NC(=O)c3cccc(c3)N(C)C)ccc2C,3.1,c1ccc(N(C)C)cc1C(=O)Nc1cc(NC(c2ccc(OC(C)C)cc2)=O)c(C)cc1,AA{A}Baraaa{aar}A{~B}Dasaa{DA{~B}ataaaa{at}D{A}A}aaasA,23.333333333333332
CHEMBL20,CC(=O)Nc1nnc(s1)S(=O)(=O)N,-0.78,n1nc(NC(=O)C)sc1S(=O)(N)=O,AA{~B}Dardda{er}E{~B}{~B}D,88.0
CHEMBL1689124,CCC[C@H]1CN(Cc2cc(Cl)ccc2OCC(=O)O)CCN1S(=O)(=O)c3ccccc3,1.02,c1c(Cl)cc(CN2C[C@H](CCC)N(S(c3ccccc3)(=O)=O)CC2)c(OCC(=O)O)c1,AAA{A*Q}rAD{Aasaa{Z}aaasBAA{~B}B}AADrE{~B}{~B}ataaaaat,58.0
CHEMBL182878,CN(C1CCN(CCC(c2ccccc2)c3ccccc3)CC1)C(=O)Cc4ccc(NC(=O)C)cc4,2.9,N(c1ccc(CC(N(C)C2CCN(CCC(c3ccccc3)c3ccccc3)CC2)=O)cc1)C(=O)C,AD{ArAAD{AAA{asaaaaas}ataaaaat}AAr}A{~B}Aauaaa{DA{~B}A}aau,26.666666666666668
CHEMBL1079772,Nc1ncnc2sc(nc12)c3c(ncn3C[C@H]4CCCO4)c5ccccc5,2.65,n1cnc2c(c1N)nc(-c1c(-c3ccccc3)ncn1C[C@H]1CCCO1)s2,Dardadasea{dars}ata{dadtA{A*Q}uAAABu}avaaaaav,30.833333333333332
CHEMBL11428,CC(C)C(NC(=O)CN1C(=O)C(=CN=C1C2CCCCC2)NC(=O)OCc3ccccc3)C(=O)C(F)(F)F,2.87,C1CCCCC1c1ncc(NC(OCc2ccccc2)=O)c(=O)n1CC(NC(C(=O)C(F)(F)F)C(C)C)=O,AA{A}A{DA{~B}ADrA{~B}A{~AD~ArAsAAAAAs}DA{~B}BAataaaaat}A{~B}A{G}{G}G,27.166666666666668
CHEMBL2035028,NC1(CCC1)c2ccc(cc2)c3ncc4ncccc4c3c5ccccc5,2.0,n1cccc2c(-c3ccccc3)c(-c3ccc(C4(N)CCC4)cc3)ncc12,DAr{AAAr}asaaa{aas}atdaaudaaaauatavaaaaav,41.666666666666664
CHEMBL2062572,CC(=O)Nc1ccc2ccn(c3cc(NCCCCO)n4ncc(C#N)c4n3)c2c1,2.58,c1(C#N)cnn2c(NCCCCO)cc(-n3ccc4ccc(NC(=O)C)cc43)nc12,AA{~B}Daraaasaad{ataa{DAAAAB}dudaa{A^D}audt}asar,32.0
CHEMBL408194,COC1=CC(=N/C/1=C\c2[nH]c(C)cc2C)c3cc4ccccc4[nH]3,2.55,[nH]1c(C2=N/C(=C\c3c(C)cc(C)[nH]3)C(OC)=C2)cc2c1cccc2,ABAr~AA{~D|A|r~A!as{dQ}a{A}aasA}ataauaaaaau{dQ}t,32.50000000000001
CHEMBL254359,Nc1ccccc1NC(=O)c2ccc(cc2)N3CCOCC3,1.2,c1(N2CCOCC2)ccc(C(Nc2ccccc2N)=O)cc1,DaraaaaarDA{~B}asaaa{aas}DtAABAAt,55.0
CHEMBL1789148,CCC(CCNC)Oc1cc(Cl)ccc1C#N,0.38,C(C)C(Oc1c(C#N)ccc(Cl)c1)CCNC,AAA{AADA}Baraa{Z}aaarA^D,68.66666666666667
CHEMBL1477550,O=C(Nc1ccccc1)c2oc3ccccc3c2,3.44,c1cccc(NC(=O)c2oc3c(cccc3)c2)c1,B~A{Daraaaaar}asbataaaaatas,17.666666666666668
CHEMBL371888,COc1cc2ncnc(Nc3ccc(OCc4ccccn4)c(C)c3)c2cc1OC,3.6,n1cnc2c(cc(OC)c(OC)c2)c1Nc1cc(C)c(OCc2ccccn2)cc1,ABaraasdada{Dataaa{BAauaaaadu}a{A}at}asaarBA,14.999999999999998
CHEMBL2335893,COCCC(=O)N[C@H](C)c1ccc(Nc2ncc3cc(ccc3n2)c4ccncc4)cc1,3.08,c1(-c2ccncc2)cc2c(cc1)nc(Nc1ccc([C@H](NC(=O)CCOC)C)cc1)nc2,ABAAA{~B}D{A*Q}{A}araaa{Dasdaataa{aaatds}auaadaau}aar,23.666666666666668
CHEMBL11144,CC(C)C(NC(=O)CN1C(=O)C(=CN=C1c2ccc(F)cc2)NC(=O)OCc3ccncc3)C(=O)C(F)(F)F,2.22,c1c(COC(Nc2cnc(-c3ccc(F)cc3)n(CC(NC(C(C(F)(F)F)=O)C(C)C)=O)c2=O)=O)ccnc1,AA{A}A{DA{~B}ADrA{~B}A{~AD~Arasaaa{G}aas}DA{~B}BAataadaat}A{~B}A{G}{G}G,37.99999999999999
CHEMBL216769,COc1cc2c(Nc3cc(CC(=O)Nc4cccc(F)c4)[nH]n3)ncnc2cc1OCCCN5CCC(CO)CC5,2.11,c12cc(OCCCN3CCC(CO)CC3)c(OC)cc1c(Nc1n[nH]c(CC(Nc3cccc(F)c3)=O)c1)ncn2,ABaraasa{Dataa{AA{~B}Dauaaaa{G}au}{dQ}dt}dadasaarBAAADvAAA{AB}AAv,39.833333333333336
CHEMBL213854,Cc1ccc2c(c1)c(c(C)n2CC(=O)O)c3ccnc4c(F)cccc34,0.53,c12cccc(F)c1nccc2-c1c(C)n(CC(O)=O)c2c1cc(C)cc2,Aaraaasa{ar}a{a{A}dsAA{~B}B}ataadaua{G}aaaatu,66.16666666666667
CHEMBL1950725,CN[C@@H](C)C(=O)N[C@@H](C1CCCCC1)C(=O)N[C@H]2CCN(C2)C(=O)Cc3ccccc3,0.81,C1CCCCC1[C@H](NC(=O)[C@H](C)NC)C(=O)N[C@@H]1CN(C(Cc2ccccc2)=O)CC1,AD{A**Q}{A}A{~B}D{A**Q}{ArAAAAAr}A{~B}D{A*Q}sAAD{As}A{~B}Aataaaaat,61.5
CHEMBL1916280,CCC(C)NC(=O)c1c(C)nn(c1NS(=O)(=O)c2ccc(C)cc2)c3ccccc3,0.66,c1ccccc1-n1nc(C)c(C(NC(CC)C)=O)c1NS(=O)(=O)c1ccc(C)cc1,AAA{A}DA{~B}ara{A}dd{arDE{~B}{~B}asaaa{A}aas}ataaaaat,64.0
CHEMBL2171014,CN(C)c1ccc(cc1)S(=O)(=O)NC(=O)N2CCC(CC2)N3CCC(CC3)Oc4ccc(Cl)c(C)c4Cl,2.0,C1(N2CCC(Oc3ccc(Cl)c(C)c3Cl)CC2)CCN(C(=O)NS(=O)(=O)c2ccc(N(C)C)cc2)CC1,AD{A}araaa{aar}E{~B}{~B}DA{~B}DsAAA{AAs}DtAAA{AAt}Bauaaa{Z}a{A}auZ,41.666666666666664
CHEMBL213029,COc1ccc2c(c1)c(CC(=O)O)c(C)n2c3ccnc4cc(Cl)ccc34,1.68,Cc1n(-c2c3c(ncc2)cc(Cl)cc3)c2c(cc(OC)cc2)c1CC(=O)O,ABaraaasa{ar}a{AA{~B}B}a{A}dsataadauaa{Z}aaatu,47.0
CHEMBL422329,NC(=N)Nc1cc(Cl)nc(n1)c2ccccc2,2.16,Clc1cc(NC(=N)N)nc(-c2ccccc2)n1,DA{~D}Daraa{Z}da{dr}asaaaaas,39.0
CHEMBL2036594,COc1cccc(Nc2oc(nn2)C(=O)Nc3ccc(nc3)N4CCOCC4)c1,2.8,C1CN(c2ccc(NC(=O)c3oc(Nc4cc(OC)ccc4)nn3)cn2)CCO1,ABaraaaa{Dasba{dds}A{~B}Dataaa{dat}DuAABAAu}ar,28.33333333333334
CHEMBL214376,CC(C)Oc1cc(OCCCN2CCCC2)cc3ncnc(Nc4c(Cl)ccc5OCOc45)c13,3.1,C1Oc2c(c(Nc3ncnc4cc(OCCCN5CCCC5)cc(OC(C)C)c43)c(Cl)cc2)O1,AA{A}Baraa{BAAADsAAAAs}aatdada{Daua{Z}aaavBABauv}art,23.333333333333332
CHEMBL2110360,CCN(CC)CCOc1ccc(cc1OC)N(C)C(=O)c2ccc(cc2)c3ccc(cc3)C(F)(F)F,3.13,c1(C(F)(F)F)ccc(-c2ccc(C(N(C)c3ccc(OCCN(CC)CC)c(OC)c3)=O)cc2)cc1,AAD{AA}AABaraaa{aarBA}D{A}A{~B}asaaa{aas}ataaa{aat}A{G}{G}G,22.833333333333332
CHEMBL1934270,C[C@H](NC(=O)c1c(C)nn(c1NS(=O)(=O)c2ccc(C)cc2)C(C)(C)C)C(C)(C)C,1.84,CC(C)(n1nc(C)c(C(=O)N[C@@H](C)C(C)(C)C)c1NS(=O)(=O)c1ccc(C)cc1)C,A{A*Q}{DA{~B}ara{A}dd{arDE{~B}{~B}asaaa{A}aas}A{A}{A}A}A{A}{A}A,44.333333333333336
CHEMBL378730,Cc1ccc2c(c1)c(c(C)n2CC(=O)O)c3ccnc4c(Cl)cccc34,1.27,n1ccc(-c2c(C)n(CC(=O)O)c3ccc(C)cc32)c2c1c(Cl)ccc2,Aaraaasa{ar}a{a{A}dsAA{~B}B}ataadaua{Z}aaaatu,53.833333333333336
CHEMBL1545465,COc1ccc(cc1)C(=O)C2CCN(CC2)C(=O)c3occc3,2.42,C1(C(=O)c2ccc(OC)cc2)CCN(C(=O)c2occc2)CC1,ABaraaa{aar}A{~B}AsAAD{AAs}A{~B}atbaaat,34.666666666666664
CHEMBL411799,COc1cc(Nc2ncnc3cccc(O[C@H](C)C(=O)N4CCOCC4)c23)ccc1Oc5ccc(C)nc5,3.6,N1(C(=O)[C@H](Oc2c3c(ncnc3Nc3cc(OC)c(Oc4cnc(C)cc4)cc3)ccc2)C)CCOCC1,ABaraa{Dasdadataaaa{B{A*Q}{A}A{~B}DuAABAAu}ast}aaarBavaaa{A}dav,14.999999999999998
CHEMBL1870384,COc1ccc(C=NN=Cc2ccc(OC)c(OC)c2)cc1OC,3.38,c1(OC)ccc(C=NN=Cc2cc(OC)c(OC)cc2)cc1OC,ABaraaa{A~DD~Aasaaa{BA}a{BA}as}aarBA,18.666666666666668
CHEMBL2208437,CS(=O)(=O)c1ccccc1C(=O)NCC(O)CNC2CCN(Cc3ccc(Cl)c(Cl)c3)CC2,1.21,N(CC(O)CNC1CCN(Cc2ccc(Cl)c(Cl)c2)CC1)C(c1c(S(C)(=O)=O)cccc1)=O,AE{~B}{~B}araaaaarA{~B}DAA{B}ADAsAAD{Aataaa{Z}a{Z}at}AAs,54.833333333333336
CHEMBL2010843,CN(C1CCN(Cc2nc3CCCCc3s2)CC1)C(=O)Cc4ccc(cc4)n5cnnn5,2.5,C1C(N(C(=O)Cc2ccc(-n3cnnn3)cc2)C)CCN(Cc2nc3c(s2)CCCC3)C1,AD{ArAAD{AasdatAAAAates}AAr}A{~B}Aauaaa{aau}dvadddv,33.333333333333336
CHEMBL1689133,C[C@H](Oc1ccc(Cl)cc1CN2CCN([C@@H](C)C2)C(=O)Cc3ccc(Cl)cc3)C(=O)O,1.66,C1N(Cc2cc(Cl)ccc2O[C@@H](C)C(=O)O)CCN(C(=O)Cc2ccc(Cl)cc2)[C@H]1C,A{A*Q}{Baraaa{Z}aarADsAAD{{A**Q}{A}As}A{~B}Aataaa{Z}aat}A{~B}B,47.333333333333336
CHEMBL263655,CN1SC(=NC1=O)NCc2ccccc2,1.2,c1cc(CNc2sn(C)c(=O)n2)ccc1,ADrEA{~DAr~B}DAasaaaaas,55.0
CHEMBL244936,CC(C)N1CCC[C@H](CN2C(=Nc3ccc(cc3C2=O)c4ccc(Cl)cc4)C)C1,3.3,c1c(-c2ccc(Cl)cc2)ccc2c1c(=O)n(C[C@H]1CCCN(C(C)C)C1)c(C)n2,AA{A}DrAAA{A*Q}{ADsA{~Dataaa{aatAs~B}auaaa{Z}aau}A}Ar,20.000000000000004
CHEMBL2164687,Clc1ccc2[nH]c3CCN(Cc3c2c1)C(=O)[C@@H]4CCCC[C@H]4C(=O)NC5(CC5)C#N,3.65,Clc1ccc2[nH]c3c(c2c1)CN(C([C@H]1[C@H](C(=O)NC2(C#N)CC2)CCCC1)=O)CC3,Zaraaas{dQ}atAAD{Aatasar}A{~B}{A**Q}uAAAA{A*Q}uA{~B}DAv{AAv}A^D,14.16666666666667
CHEMBL1945044,COc1cccc(CNCc2cccc(CCNC[C@H](O)c3ccc(O)c4NC(=O)Sc34)c2)c1,0.91,c12[nH]c(=O)sc1c([C@H](CNCCc1cccc(CNCc3cccc(OC)c3)c1)O)ccc2O,ABaraaaa{ADAasaaaa{AADA{A*Q}{B}ataaa{B}auDA{~B}Eatu}as}ar,59.833333333333336
CHEMBL57531,Nc1ncc2cc(c(N)nc2n1)c3c(Br)cccc3Br,2.06,c12nc(N)c(-c3c(Br)cccc3Br)cc1cnc(N)n2,Dardaasaa{a{D}dasdr}ata{Y}aaaatY,40.666666666666664
CHEMBL2158832,OC(=O)c1cccc(CN2CCC(CN3CCC(CC3)Oc4ccc(Cl)c(Cl)c4)CC2)c1,1.26,c1c(OC2CCN(CC3CCN(Cc4cc(C(=O)O)ccc4)CC3)CC2)ccc(Cl)c1Cl,BA{~B}araaaa{ADsAAA{ADtAAA{AAt}Bauaaa{Z}a{Z}au}AAs}ar,54.0
CHEMBL1212983,Cc1cc(C)c2c(N)c(sc2n1)C(=O)NCc3ccccc3,3.41,c1cc(CNC(c2c(N)c3c(C)cc(C)nc3s2)=O)ccc1,Aaraa{A}asa{D}a{easdr}A{~B}DAataaaaat,18.166666666666664
CHEMBL2086659,C[C@H]1CN(CCN1c2ncc(OCc3ccc(cc3)S(=O)(=O)C)cn2)C(=O)OC(C)(C)C,3.5,N1(C(=O)OC(C)(C)C)C[C@H](C)N(c2ncc(OCc3ccc(S(C)(=O)=O)cc3)cn2)CC1,A{A*Q}rAD{AADrasdaa{BAataaa{aat}E{~B}{~B}A}ads}A{~B}BA{A}{A}A,16.666666666666668
CHEMBL2087844,CN1C(=O)N(CC2CC2)c3nn(Cc4ccnc5ccc(Cl)cc45)c(c3C1=O)c6ncnn6C,3.8,c1c(Cn2nc3c(c(=O)n(C)c(=O)n3CC3CC3)c2-c2ncnn2C)c2c(nc1)ccc(Cl)c2,ADrA{~B}D{AAsAAs}atdd{Aauaadavaaa{Z}aauv}a{atAr~B}awdaddwA,11.66666666666667
CHEMBL1329237,CCN(CC)c1ccc(cc1)c2nn3c(nnc3s2)c4[nH]nc5CCCc45,3.37,c1(N(CC)CC)ccc(-c2nn3c(-c4[nH]nc5c4CCC5)nnc3s2)cc1,AAD{AA}araaa{aar}asddta{ddates}au{dQ}davAAAauv,18.833333333333332
CHEMBL1972934,Nc1ncnc2sccc12,1.19,c1(N)c2c(ncn1)scc2,Dardadaseaaars,55.166666666666664
CHEMBL140642,CC(O)(C(=O)Nc1ccc2c(c1)c3ccccc3S2(=O)=O)C(F)(F)F,3.0,c1cc(NC(C(C(F)(F)F)(O)C)=O)cc2c1S(=O)(=O)c1ccccc1-2,AA{B}{A{~B}Daraaasa{ar}ataaaaatEs{~B}~B}A{G}{G}G,25.0
CHEMBL914,CC(C)(C(=O)O)c1ccc(cc1)C(O)CCCN2CCC(CC2)C(O)(c3ccccc3)c4ccccc4,0.42,CC(c1ccc(C(O)CCCN2CCC(C(O)(c3ccccc3)c3ccccc3)CC2)cc1)(C(=O)O)C,AA{A}{A{~B}B}araaa{aar}A{B}AAADsAAA{AAs}A{B}{ataaaaat}auaaaaau,68.0
CHEMBL1631472,Nc1c(nnc2c(c(F)ccc12)c3ncccn3)C(=O)NC4CC4,1.59,Nc1c(C(=O)NC2CC2)nnc2c1ccc(F)c2-c1ncccn1,Dara{ddasa{a{G}aaars}atdaaadt}A{~B}DAuAAu,48.5
CHEMBL389348,NC(=N)NCCC[C@H](NC(=O)COCC(c1ccccc1)c2ccccc2)C(=O)O,0.18,c1c(C(c2ccccc2)COCC(N[C@@H](CCCNC(N)=N)C(=O)O)=O)cccc1,DA{~D}DAAA{A*Q}{DA{~B}ABAA{araaaaar}asaaaaas}A{~B}B,72.0
CHEMBL132293,OC[C@H](O)C(=O)N1CCC(=CC1)c2ccc(cc2F)N3C[C@H](COc4ccon4)OC3=O,1.09,c1(OC[C@@H]2OC(=O)N(c3cc(F)c(C4=CCN(C(=O)[C@H](CO)O)CC4)cc3)C2)ccon1,BA{A*Q}{B}A{~B}DrAAA{~AAr}asaaa{aasG}DtA{A*Q}{ABauaabdu}BAt~B,56.833333333333336
CHEMBL2178949,Cc1nc(C)c(nc1C(=O)N)c2ccc3c(CC[C@@]34CC[C@@H](CC4)C(=O)O)c2,1.2,O=C([C@H]1CC[C@]2(c3c(cc(-c4nc(C(N)=O)c(C)nc4C)cc3)CC2)CC1)O,Aarda{A}a{darA{~B}D}asaaata{AA{A**}tuAA{A**Q}{AAu}A{~B}B}as,55.0
CHEMBL416,COc1c2OC(=O)C=Cc2cc3ccoc13,1.97,c12cc3c(c(OC)c1oc(=O)cc2)occ3,ABarasBA{~B}A~Aasaataabart,42.16666666666667
CHEMBL1818341,CC(C)CNCc1ccc(cc1)c2ccccc2S(=O)(=O)N3CCCC3,1.9,C1CN(S(=O)(=O)c2ccccc2-c2ccc(CNCC(C)C)cc2)CC1,AA{A}ADAaraaa{aar}asaaaaasE{~B}{~B}DtAAAAt,43.333333333333336
CHEMBL1289114,Fc1cc(Cl)ccc1N2CCN(CC2)C(=O)COCc3ccncc3,2.55,C1CN(c2c(F)cc(Cl)cc2)CCN1C(COCc1ccncc1)=O,Garaa{Z}aaarDsAAD{AAs}A{~B}ABAataadaat,32.50000000000001
CHEMBL1626156,OCCNCc1cc(Br)ccc1OCc2ccc(Cl)cc2,2.98,C(c1c(OCc2ccc(Cl)cc2)ccc(Br)c1)NCCO,BAADAaraa{Y}aaarBAasaaa{Z}aas,25.333333333333332
CHEMBL193240,FC(F)Oc1ccc(cc1OCC2CC2)C(=O)Nc3c(Cl)cncc3Cl,3.95,N(c1c(Cl)cncc1Cl)C(=O)c1cc(OCC2CC2)c(OC(F)F)cc1,GA{G}Baraaa{aarBAAsAAs}A{~B}Data{Z}adaatZ,9.166666666666664
CHEMBL151592,Cc1cccc(C(=O)N)c1NC(=O)c2ccccc2,1.09,c1ccc(C(Nc2c(C(N)=O)cccc2C)=O)cc1,Aaraaaa{A{~B}D}arDA{~B}asaaaaas,56.833333333333336
CHEMBL1288960,Cc1nnc(N)s1,-0.4,s1c(C)nnc1N,Aardda{D}er,81.66666666666667
CHEMBL2207657,Cc1cc(Cl)ccc1OC2CCN(C[C@H](O)CNC(=O)C3=CNC(=O)c4c(F)cccc34)CC2,3.0,c12c(C(=O)NC[C@@H](O)CN3CCC(Oc4ccc(Cl)cc4C)CC3)c[nH]c(=O)c1c(F)ccc2,Aaraa{Z}aaarBAsAAD{A{A*Q}{B}ADA{~B}At~ADA{~B}aua{G}aaaatu}AAs,25.0
CHEMBL62746,NC(=N)c1ccc(cc1)C(=O)N2CCN(CC2)S(=O)(=O)c3ccc4cc(Br)ccc4c3,0.36,c1c2cc(S(=O)(=O)N3CCN(C(c4ccc(C(N)=N)cc4)=O)CC3)ccc2cc(Br)c1,DA{~D}araaa{aar}A{~B}DsAAD{AAs}E{~B}{~B}ataaauaa{Y}aaauat,68.99999999999999
CHEMBL1180267,CC(N1NC(=O)c2nc3cc(Cl)ccc3c(O)c2C1=O)c4ccccn4,0.51,c1(=O)c2c(c(=O)[nH]n1C(c1ncccc1)C)nc1c(ccc(Cl)c1)c2O,AA{DrDA{~B}asdataa{Z}aaata{B}asAr~B}auaaaadu,66.5
CHEMBL243978,C1Oc2ccc(Oc3ccnc(Oc4ccc(cc4)n5ccnc5)n3)cc2O1,3.27,c12c(cc(Oc3ccnc(Oc4ccc(-n5ccnc5)cc4)n3)cc1)OCO2,ArBasaaa{Bataada{Bauaaa{aau}dvaadav}dt}aasBr,20.5
CHEMBL550904,CC(C)Oc1cc(Oc2ccc(cc2)S(=O)(=O)C)cc(c1)C(=O)Nc3nccs3,3.61,O=C(Nc1nccs1)c1cc(Oc2ccc(S(=O)(=O)C)cc2)cc(OC(C)C)c1,AA{A}Baraa{Basaaa{aas}E{~B}{~B}A}aa{ar}A{~B}Datdaaet,14.833333333333336
CHEMBL1952147,NS(=O)(=O)c1ccc(CCNc2ccc3nnc(c4ccccc4)n3n2)cc1,2.19,c1(CCNc2ccc3n(c(-c4ccccc4)nn3)n2)ccc(S(=O)(=O)N)cc1,DE{~B}{~B}araaa{AADasaaatdda{auaaaaau}dtds}aar,38.5
CHEMBL33,C[C@H]1COc2c(N3CCN(C)CC3)c(F)cc4C(=O)C(=CN1c24)C(=O)O,-0.35,n12c3c(cc(F)c(N4CCN(C)CC4)c3OC[C@@H]1C)c(=O)c(C(O)=O)c2,A{A*Q}rABasa{DtAAD{A}AAt}a{G}aauA{~B}A{~ADrasu}A{~B}B,80.83333333333333
CHEMBL595,CCc1ccc(CCOc2ccc(CC3SC(=O)NC3=O)cc2)nc1,2.8,C1(Cc2ccc(OCCc3ncc(CC)cc3)cc2)C(=O)NC(=O)S1,AAaraaa{AABasaaa{AAtEA{~B}DAt~B}aas}dar,28.33333333333334
CHEMBL516441,CC[C@H](NC(=O)c1c(N)c(nc2ccccc12)c3cccc(F)c3)c4ccccc4,4.05,c1cc2c(C(=O)N[C@H](c3ccccc3)CC)c(N)c(-c3cccc(F)c3)nc2cc1,AA{A*Q}{DA{~B}ara{D}a{dasaaaaars}ataaaa{G}at}auaaaaau,7.500000000000003
CHEMBL480618,COc1cc2c(Nc3ccc(F)cc3F)c(cnc2cc1N4CCN(C)CC4)C(=O)N,1.75,C1CN(c2c(OC)cc3c(ncc(C(N)=O)c3Nc3ccc(F)cc3F)c2)CCN1C,ABaraasa{Dataaa{G}aatG}a{adasaarDuAAD{A}AAu}A{~B}D,45.833333333333336
CHEMBL1940296,CNC(=O)c1ccc(Oc2ccc(cc2)C#C[C@]3(O)CN4CCC3CC4)cc1,1.99,N12CCC([C@](O)(C#Cc3ccc(Oc4ccc(C(NC)=O)cc4)cc3)C1)CC2,ADA{~B}araaa{Basaaa{aas}A^A{A*}t{B}ADuAAAtAAu}aar,41.83333333333333
CHEMBL446519,Nc1c(NC2CCOC2)nc(nc1N3CCOCC3)C#N,1.6,n1c(N2CCOCC2)c(N)c(NC2CCOC2)nc1C#N,Dara{DAsAABAs}da{darDtAABAAt}A^D,48.333333333333336
CHEMBL237888,CN1C(=O)C=C(CCc2ccccc2)N=C1N,2.0,c1cccc(CCc2nc(N)n(C)c(=O)c2)c1,ADrA{~B}A~A{AAasaaaaas}D~ArD,41.666666666666664
CHEMBL521851,CS(=O)(=O)N1CCN(Cc2cc3nc(nc(N4CCOCC4)c3s2)c5cccc6[nH]ncc56)CC1,3.3,N1(c2nc(-c3cccc4c3cn[nH]4)nc3c2sc(CN2CCN(S(=O)(=O)C)CC2)c3)CCOCC1,AE{~B}{~B}DrAAD{Aasaatda{da{DuAABAAu}ates}avaaaaw{dQ}daavw}AAr,20.000000000000004
CHEMBL473967,CC1(C)Oc2ncnc(N)c2N=C1c3ccc(cc3)[C@@H]4CC[C@@H](CC(=O)O)CC4,1.32,C1[C@H](CC(=O)O)CC[C@@H](c2ccc(C3=Nc4c(N)ncnc4OC3(C)C)cc2)C1,AAr{A}Basdada{D}asD~Arataaa{aat}{A**Q}uAA{A**Q}{AA{~B}B}AAu,53.0
CHEMBL2171037,CN(C)c1ccc(cc1)S(=O)(=O)NC(=O)N2CCC(CC2)N3CCC(CC3)Oc4ccc(Cl)c(Cl)c4,1.7,c1cc(N(C)C)ccc1S(NC(N1CCC(N2CCC(Oc3ccc(Cl)c(Cl)c3)CC2)CC1)=O)(=O)=O,AD{A}araaa{aar}E{~B}{~B}DA{~B}DsAAA{AAs}DtAAA{AAt}Bauaaa{Z}a{Z}au,46.666666666666664
CHEMBL2335887,COCCC(=O)Nc1ccc(Nc2ncc3cc(ccc3n2)c4ccncc4)cc1,2.78,n1ccc(-c2cc3cnc(Nc4ccc(NC(CCOC)=O)cc4)nc3cc2)cc1,ABAAA{~B}Daraaa{Dasdaataa{aaatds}auaadaau}aar,28.66666666666667
CHEMBL2158782,Cc1cc(OC2CCN(CC3CCN(CC3)[C@@H](Cc4ccc(F)cc4)C(=O)O)CC2)ccc1Cl,2.54,c1c(Cl)c(C)cc(OC2CCN(CC3CCN([C@H](C(=O)O)Cc4ccc(F)cc4)CC3)CC2)c1,Aaraa{BAsAAD{AAtAAD{AAt}{A**Q}{Aauaaa{G}aau}A{~B}B}AAs}aaarZ,32.666666666666664
CHEMBL235851,COc1cc2ncnc(Nc3ccc(Cl)c(O)c3)c2cc1OC,3.3,N(c1ccc(Cl)c(O)c1)c1c2cc(OC)c(OC)cc2ncn1,ABaraasdada{Dataaa{Z}a{B}at}asaarBA,20.000000000000004
CHEMBL2325736,CS(=O)(=O)NCCC(NC(=O)C1(N)CCN(CC1)c2ncnc3[nH]ccc23)c4ccc(Cl)cc4,2.2,C(NC(=O)C1(N)CCN(c2ncnc3[nH]ccc23)CC1)(c1ccc(Cl)cc1)CCNS(=O)(C)=O,AE{~B}{~B}DAAA{DA{~B}Ar{D}AAD{AAr}asdadat{dQ}aaast}auaaa{Z}aau,38.33333333333333
CHEMBL1684984,CS(=O)(=O)N1CCc2c1nc(nc2c3cnc(N)nc3)N4CCOCC4,1.2,N1(S(=O)(C)=O)c2nc(N3CCOCC3)nc(-c3cnc(N)nc3)c2CC1,AE{~B}{~B}DrAAasarda{dasatada{D}dat}DuAABAAu,55.0
CHEMBL414017,Nc1nc(N)c2cc(NCc3ccc(Cl)c(Cl)c3)ccc2n1,2.22,c1(CNc2cc3c(N)nc(N)nc3cc2)cc(Cl)c(Cl)cc1,Darda{D}asaa{DAataaa{Z}a{Z}at}aaasdr,37.99999999999999
CHEMBL1917430,Cc1c(Sc2ccc(Cl)cc2)c3ccc(cc3n1CC(=O)O)S(=O)(=O)C,0.79,c1(Sc2c(C)n(CC(=O)O)c3cc(S(=O)(C)=O)ccc32)ccc(Cl)cc1,Aara{Easaaa{Z}aas}ataaa{aatdrAA{~B}B}E{~B}{~B}A,61.833333333333336
CHEMBL1783285,COc1cc(c(OC)nn1)c2c(F)ccc3c(N)c(nnc23)C(=O)NC4CC4,2.75,C1(NC(=O)c2c(N)c3ccc(F)c(-c4c(OC)nnc(OC)c4)c3nn2)CC1,ABaraa{a{BA}ddr}asa{G}aaata{D}a{ddast}A{~B}DAuAAu,29.166666666666668
CHEMBL481400,CN1CCN(CC1)c2ccc3ncc(C(=O)N)c(Nc4ccc(F)cc4F)c3c2,2.3,n1c2ccc(N3CCN(C)CC3)cc2c(Nc2c(F)cc(F)cc2)c(C(=O)N)c1,ADrAAD{AAr}asaaatdaa{A{~B}D}a{Dauaaa{G}aauG}atas,36.66666666666667
CHEMBL519422,CCn1c(C)ncc1c2ccnc(Nc3ccc(cc3)C(=O)NC)n2,2.53,c1c(C(=O)NC)ccc(Nc2nccc(-c3n(CC)c(C)nc3)n2)c1,AAdra{A}daarasaada{Dataaa{aat}A{~B}DA}ds,32.833333333333336
CHEMBL445102,OC1(CCN(Cc2c[nH]c3ccccc23)CC1)c4ccc(Cl)cc4,2.25,c1cc2c(CN3CCC(c4ccc(Cl)cc4)(O)CC3)c[nH]c2cc1,BAr{AAD{Aasa{dQ}ataaaaast}AAr}auaaa{Z}aau,37.5
CHEMBL2088094,CCCc1cc(Nc2nc(NCc3onc(C)c3)ncc2Br)n[nH]1,3.63,c1(CNc2ncc(Br)c(Nc3n[nH]c(CCC)c3)n2)cc(C)no1,AAAaraa{Dasda{DAatbda{A}at}daasY}d{dQ}r,14.500000000000002
CHEMBL256322,CCNCc1cnc(s1)c2ccc(cc2)C(=O)Nc3ccccc3N,0.95,c1c(CNCC)sc(-c2ccc(C(=O)Nc3ccccc3N)cc2)n1,AADAarada{er}asaaa{aas}A{~B}DataaaaatD,59.166666666666664
CHEMBL2164677,Fc1ccc2[nH]c3CCN(Cc3c2c1)C(=O)[C@@H]4CCCC[C@H]4C(=O)NCC#N,2.77,[C@H]1(C(N2Cc3c([nH]c4ccc(F)cc43)CC2)=O)[C@H](C(=O)NCC#N)CCCC1,Garaaas{dQ}atAAD{Aatasar}A{~B}{A**Q}uAAAA{A*Q}uA{~B}DAA^D,28.833333333333332
CHEMBL1209430,Clc1cc(Cl)cc(CS(=O)(=O)NCC(N2CCCCCC2)c3ccccc3)c1,3.23,c1c(C(N2CCCCCC2)CNS(=O)(Cc2cc(Cl)cc(Cl)c2)=O)cccc1,Zaraa{Z}aa{AE{~B}{~B}DAA{DsAAAAAAs}ataaaaat}ar,21.166666666666668
CHEMBL2171990,CS(=O)(=O)c1ccc(cc1)N2CCN(CC2)C(=O)[C@@H]3CCCC[C@H]3C(=O)NCC#N,0.67,C1CC[C@@H](C(=O)NCC#N)[C@H](C(=O)N2CCN(c3ccc(S(=O)(=O)C)cc3)CC2)C1,AE{~B}{~B}araaa{aar}DsAAD{AAs}A{~B}{A**Q}tAAAA{A*Q}tA{~B}DAA^D,63.833333333333336
CHEMBL2346967,FC(F)(F)c1nnc2ccc(nn12)N3CCN(Cc4ccc(cc4)C#N)CC3,2.9,N1(c2ccc3n(n2)c(C(F)(F)F)nn3)CCN(Cc2ccc(C#N)cc2)CC1,GA{G}{G}arddasaaa{ddrs}DtAAD{Aauaaa{aau}A^D}AAt,26.666666666666668
CHEMBL1502,COc1ccnc(C[S+]([O-])c2nc3cc(OC(F)F)ccc3[nH]2)c1OC,2.0,[O-][S+](Cc1c(OC)c(OC)ccn1)c1nc2cc(OC(F)F)ccc2[nH]1,ABaraada{A{E%}{{B_}}asdataa{BA{G}G}aaat{dQ}s}arBA,41.666666666666664
CHEMBL586702,FC(F)c1nc2ccccc2n1c3nc(nc(n3)N4CCOCC4)N5CCOCC5,3.04,C1OCCN(c2nc(N3CCOCC3)nc(-n3c(C(F)F)nc4c3cccc4)n2)C1,GA{G}ardasaaaaasdratda{da{dt}DuAABAAu}DvAABAAv,24.333333333333332
CHEMBL1950842,CN[C@@H](C)C(=O)N[C@H](C(=O)N[C@H]1CCCN(CCc2ccccc2)C1)C(C)(C)C,1.46,C(CN1C[C@@H](NC([C@@H](NC(=O)[C@@H](NC)C)C(C)(C)C)=O)CCC1)c1ccccc1,AD{A**Q}{A}A{~B}D{A*Q}{A{~B}D{A*Q}rAAAD{AAasaaaaas}Ar}A{A}{A}A,50.666666666666664
CHEMBL1345229,CC1CCN(CC1)C(=O)c2scc3OCCOc23,2.26,C1CN(C(c2c3c(cs2)OCCO3)=O)CCC1C,AArAAD{AAr}A{~B}aseaatBAABast,37.333333333333336
CHEMBL448483,C[C@H](NC1=NC(=O)C(C)(S1)C(F)(F)F)c2ccccc2F,3.1,S1C(C)(C(F)(F)F)C(=O)N=C1N[C@H](c1ccccc1F)C,A{A*Q}{DAr~DA{~B}A{A}{Er}A{G}{G}G}asaaaaasG,23.333333333333332
CHEMBL1538897,COc1ccc(Cl)cc1NC(=O)CCS(=O)(=O)c2ccc(Br)cc2,3.4,N(C(=O)CCS(=O)(=O)c1ccc(Br)cc1)c1cc(Cl)ccc1OC,ABaraaa{Z}aarDA{~B}AAE{~B}{~B}asaaa{Y}aas,18.333333333333336
CHEMBL2335881,COCCNCc1ccc(Nc2ncc3cc(ccc3n2)c4ccncc4)cc1,1.86,c1(-c2ccc3nc(Nc4ccc(CNCCOC)cc4)ncc3c2)ccncc1,ABAADAaraaa{Dasdaataa{aaatds}auaadaau}aar,43.99999999999999
CHEMBL1302214,Nc1ccc(cc1)S(=O)(=O)N2CCCC2,0.98,c1cc(S(=O)(=O)N2CCCC2)ccc1N,Daraaa{aar}E{~B}{~B}DsAAAAs,58.666666666666664
CHEMBL480818,CC[C@H](NC(=O)c1c(N)c(nc2ccccc12)c3ccccc3)c4ccccc4,3.89,c1cc([C@@H](NC(c2c3c(cccc3)nc(-c3ccccc3)c2N)=O)CC)ccc1,AA{A*Q}{DA{~B}ara{D}a{dasaaaaars}ataaaaat}auaaaaau,10.166666666666664
CHEMBL2171991,O=C(NC1(CC1)C#N)[C@@H]2CCCC[C@H]2C(=O)N3CCN(CC3)c4ccccc4,1.99,C1CC[C@@H](C(=O)N2CCN(c3ccccc3)CC2)[C@H](C(NC2(C#N)CC2)=O)C1,B~A{DAr{AAr}A^D}{A**Q}sAAAA{A*Q}sA{~B}DtAAD{AAt}auaaaaau,41.83333333333333
CHEMBL219445,COc1cc2ncnc(N3CC[C@H](C3)Oc4cnc5ccccc5n4)c2cc1OC,4.04,c12c(cc(OC)c(OC)c1)c(N1C[C@H](Oc3cnc4ccccc4n3)CC1)ncn2,ABaraasdada{DtAA{A*Q}{At}Bauadavaaaaavdu}asaarBA,7.666666666666667
CHEMBL2070940,CCc1csc(n1)N2CCN(CC2)C(=O)[C@@H]3CCCC[C@H]3C(=O)NC4(CC4)C#N,2.1,C1CN(C([C@H]2[C@H](C(NC3(C#N)CC3)=O)CCCC2)=O)CCN1c1scc(CC)n1,AAaraea{dr}DsAAD{AAs}A{~B}{A**Q}tAAAA{A*Q}tA{~B}DAu{AAu}A^D,40.0
CHEMBL1562923,Cc1ccc(cc1)n2c(C)cc(C(=O)NS(=O)(=O)c3ccc(C)cc3)c2C,2.5,c1cc(C)ccc1-n1c(C)c(C(NS(c2ccc(C)cc2)(=O)=O)=O)cc1C,Aaraaa{aar}dsa{A}aa{A{~B}DE{~B}{~B}ataaa{A}aat}asA,33.333333333333336
CHEMBL1683934,O[C@@H](CNCCCCCCCCCN1CCC(CC1)OC(=O)Nc2ccccc2c3ccccc3)c4ccc(O)c5NC(=O)C=Cc45,2.16,c1(NC(OC2CCN(CCCCCCCCCNC[C@@H](c3ccc(O)c4c3ccc(=O)[nH]4)O)CC2)=O)ccccc1-c1ccccc1,B{A**Q}{ADAAAAAAAAADrAAA{AAr}BA{~B}Dasaaaaasataaaaat}auaaa{B}avDA{~B}A~Aauv,39.0
CHEMBL2011924,CNc1c(Cl)cnc2[nH]c(nc12)c3ccc(OCCN4CCOCC4)cc3,2.63,C1CN(CCOc2ccc(-c3[nH]c4ncc(Cl)c(NC)c4n3)cc2)CCO1,ADara{Z}adas{dQ}a{dars}ataaa{BAADuAABAAu}aat,31.166666666666668
CHEMBL2088121,COc1c(N2CCO[C@@H](CN(C)C)C2)c(F)cc3C(=O)C(=CN(C4CC4)c13)C(=O)O,-0.62,C1(n2cc(C(=O)O)c(=O)c3cc(F)c(N4C[C@H](CN(C)C)OCC4)c(OC)c23)CC1,ABara{DsAAB{A**Q}{AD{A}A}As}a{G}aatA{~B}A{~AD{AuAAu}art}A{~B}B,85.33333333333333
CHEMBL1870155,O=C(NC1CCCCC1)c2cccnc2Sc3ccccc3,3.01,C1CC(NC(=O)c2cccnc2Sc2ccccc2)CCC1,B~A{DArAAAAAr}asaaadasEataaaaat,24.83333333333334
CHEMBL135,C[C@]12CC[C@H]3[C@@H](CCc4cc(O)ccc34)[C@@H]1CC[C@@H]2O,3.72,[C@]12(C)CC[C@H]3[C@@H](CCc4c3ccc(O)c4)[C@@H]1CC[C@@H]2O,A{A*}rsAA{A*Q}t{A**Q}{AAauaa{B}aaatu}{A**Q}rAA{A**Q}sB,12.999999999999998
CHEMBL1405,C[C@]12CC[C@H]3[C@@H](CCc4cc(O)ccc34)[C@@H]1CCC2=O,3.4,Oc1ccc2c(c1)CC[C@H]1[C@H]3[C@@](C)(C(=O)CC3)CC[C@H]21,A{A*}rsAA{A*Q}t{A**Q}{AAauaa{B}aaatu}{A**Q}rAAAs~B,18.333333333333336
CHEMBL1778653,CCS(=O)(=O)c1ccc(c(C)c1)c2cc(ccc2OCC(=O)N)C(F)(F)F,2.77,C(C)S(=O)(=O)c1cc(C)c(-c2cc(C(F)(F)F)ccc2OCC(=O)N)cc1,AAE{~B}{~B}araaa{a{A}ar}asaa{aaasBAA{~B}D}A{G}{G}G,28.833333333333332
CHEMBL396043,C[C@H](CO)Nc1nc(SCc2cccc(F)c2F)nc3nc(NC4CC4)sc13,4.37,c1(F)c(F)cccc1CSc1nc(N[C@H](C)CO)c2c(nc(NC3CC3)s2)n1,A{A*Q}{AB}Darda{EAasaaaa{G}asG}datda{DAuAAu}eart,2.1666666666666647
CHEMBL331019,O=C(CSc1ccncc1)Nc2ccc(cc2)C(=O)c3ccccc3,3.6,C(CSc1ccncc1)(Nc1ccc(C(c2ccccc2)=O)cc1)=O,B~A{AEaraadaar}Dasaaa{aas}A{~B}ataaaaat,14.999999999999998
CHEMBL203854,Oc1cc(O)c2C(=O)C(=COc2c1)c3ccc(cc3)[N+](=O)[O-],3.24,c1c(-c2coc3c(c(O)cc(O)c3)c2=O)ccc([N+](=O)[O-])c1,Baraa{B}asA{~B}A{~ABasar}ataaa{aat}{D%}{~B}{B_},20.999999999999996
CHEMBL380673,CC(C)CN1C(=O)N(C)C(=O)c2c1sc(Cc3ccccc3C(F)(F)F)c2C(=O)N4CCC4,3.46,n1(C)c(=O)c2c(C(N3CCC3)=O)c(Cc3ccccc3C(F)(F)F)sc2n(CC(C)C)c1=O,AA{A}ADrA{~B}D{A}A{~B}asarea{AataaaaatA{G}{G}G}asA{~B}DuAAAu,17.333333333333332
CHEMBL2107486,C[C@@H](O)[C@@H]1[C@H]2[C@@H](C)C(=C(N2C1=O)C(=O)OCOC(=O)C(C)(C)C)SC3CN(C3)C4=NCCS4,2.1,N1(C2=NCCS2)CC(SC2=C(C(=O)OCOC(=O)C(C)(C)C)N3[C@@H]([C@@H]([C@H](O)C)C3=O)[C@H]2C)C1,A{A**Q}{B}{A**Q}r{A*Q}s{A**Q}{A}A{~A{DsAr~B}A{~B}BABA{~B}A{A}{A}A}EAtAD{At}Au~DAAEu,40.0
CHEMBL2087625,CN1C(=O)N(CC2CC2)c3nn(Cc4ccnc5ccc(Cl)cc45)c(c6cc(oc6C)C#N)c3C1=O,4.26,c1(Cn2c(-c3cc(C#N)oc3C)c3c(n2)n(CC2CC2)c(=O)n(C)c3=O)ccnc2c1cc(Cl)cc2,ADrA{~B}D{AAsAAs}atdd{Aauaadavaaa{Z}aauv}a{awaa{bawA}A^D}atAr~B,4.0000000000000036
CHEMBL216749,COc1cc2c(NC(=O)Nc3c(Cl)cccc3Cl)ncnc2cc1OCC4CCN(C)CC4,2.7,COc1cc2c(NC(=O)Nc3c(Cl)cccc3Cl)ncnc2cc1OCC1CCN(C)CC1,ABaraasa{DA{~B}Data{Z}aaaatZ}dadasaarBAAuAAD{A}AAu,29.999999999999996
CHEMBL1917450,Cc1c(c2c(NS(=O)(=O)C)cccc2n1CC(=O)O)S(=O)(=O)c3ccc(Cl)cc3,-0.83,c1(Cl)ccc(S(=O)(=O)c2c3c(n(CC(O)=O)c2C)cccc3NS(=O)(=O)C)cc1,Aara{asa{DE{~B}{~B}A}aaaasdrAA{~B}B}E{~B}{~B}ataaa{Z}aat,88.83333333333333
CHEMBL2151319,C[C@H](Nc1ccc2ncn(c3cc([nH]n3)C4CC4)c2n1)c5ncc(F)cn5,2.74,n1c([C@@H](Nc2ccc3c(n(-c4n[nH]c(C5CC5)c4)cn3)n2)C)ncc(F)c1,A{A*Q}{Daraaasdad{ataa{{dQ}dt}AuAAu}asdr}avdaa{G}adv,29.33333333333333
CHEMBL1778633,CN(c1ccc(c(C)c1)c2cc(ccc2OCC(=O)O)C(F)(F)F)S(=O)(=O)C,-0.59,C(COc1c(-c2c(C)cc(N(C)S(C)(=O)=O)cc2)cc(C(F)(F)F)cc1)(=O)O,AD{araaa{a{A}ar}asaa{aaasBAA{~B}B}A{G}{G}G}E{~B}{~B}A,84.83333333333333
CHEMBL33899,CC\C(=C(/c1ccccc1)\c2ccc(\C=C\C(=O)O)cc2)\c3ccccc3,3.89,C(=C/c1ccc(/C(=C(\c2ccccc2)CC)c2ccccc2)cc1)\C(=O)O,AA!A{~A{|araaaaar}!asaaa{!A~A!A{~B}B}aas}!ataaaaat,10.166666666666664
CHEMBL1950860,CN[C@@H](C)C(=O)N[C@H](C(=O)N[C@H]1CCCN(CCc2ccc(cc2)C(F)(F)F)C1)C(C)(C)C,2.85,CN[C@@H](C)C(=O)N[C@H](C(=O)N[C@H]1CCCN(CCc2ccc(C(F)(F)F)cc2)C1)C(C)(C)C,AD{A**Q}{A}A{~B}D{A*Q}{A{~B}D{A*Q}rAAAD{AAasaaa{aas}A{G}{G}G}Ar}A{A}{A}A,27.5
CHEMBL101,CCCCC1C(=O)N(N(C1=O)c2ccccc2)c3ccccc3,0.45,C(CCC1C(=O)N(c2ccccc2)N(c2ccccc2)C1=O)C,AAAAArA{~B}D{D{Ar~B}asaaaaas}ataaaaat,67.5
CHEMBL1312533,CC(=O)NC1CC2CCCC(C1)N2C(=O)Nc3ccc(Cl)c(c3)C(F)(F)F,2.79,C1C2CCCC(N2C(=O)Nc2cc(C(F)(F)F)c(Cl)cc2)CC1NC(=O)C,AA{~B}DArAAsAAAA{Ar}DsA{~B}Dataaa{Z}a{at}A{G}{G}G,28.5
CHEMBL1951032,COc1c(Nc2ccc(nc2C)S(=O)(=O)C)ncnc1OC3CCN(CC3)C(=O)OC(C)C,2.4,c1nc(OC2CCN(C(OC(C)C)=O)CC2)c(OC)c(Nc2c(C)nc(S(=O)(C)=O)cc2)n1,ABara{Dasaaa{dasA}E{~B}{~B}A}dadarBAtAAD{AAt}A{~B}BA{A}A,35.0
CHEMBL1077458,CC(=O)Nc1ccc(cc1)c2ccnc(Nc3ccc(cc3)N4CCOCC4)n2,2.91,C1COCCN1c1ccc(Nc2nccc(-c3ccc(NC(=O)C)cc3)n2)cc1,AA{~B}Daraaa{aar}asaada{Dataaa{aat}DuAABAAu}ds,26.5
CHEMBL2314198,OC(=O)c1[nH]c2ccccc2c1CCCOc3cccc4ccccc34,2.75,c1cc2c(cccc2OCCCc2c(C(=O)O)[nH]c3ccccc32)cc1,BA{~B}ar{dQ}asaaaaasarAAABataaaauaaaaatu,29.166666666666668
CHEMBL1689128,C[C@H]1CN(Cc2cc(Cl)ccc2OCC(=O)O)CCN1C(=O)Cc3ccc(Cl)cc3,1.21,[C@H]1(C)CN(Cc2c(OCC(=O)O)ccc(Cl)c2)CCN1C(Cc1ccc(Cl)cc1)=O,A{A*Q}rAD{Aasaa{Z}aaasBAA{~B}B}AADrA{~B}Aataaa{Z}aat,54.833333333333336
CHEMBL1720347,Cc1nc2nc(nn2c(O)c1Cc3ccccc3)c4cccnc4,1.52,c1(-c2nn3c(O)c(Cc4ccccc4)c(C)nc3n2)cnccc1,Aardasda{ddsa{B}arAataaaaat}auaaadau,49.666666666666664
CHEMBL1650732,C[C@H](Nc1nc(Nc2cc(C)[nH]n2)cc(n1)N3CCOCC3)c4ncc(F)cn4,1.91,c1(Nc2n[nH]c(C)c2)cc(N2CCOCC2)nc(N[C@@H](C)c2ncc(F)cn2)n1,A{A*Q}{Darda{Dasaa{A}{dQ}ds}aa{dr}DtAABAAt}audaa{G}adu,43.166666666666664
CHEMBL213294,COc1ccc(NC(=O)CSc2nnc(C)n2c3ccc(C)cc3)cc1,2.94,c1(C)ccc(-n2c(SCC(Nc3ccc(OC)cc3)=O)nnc2C)cc1,ABaraaa{DA{~B}AEasdda{A}dsataaa{A}aat}aar,26.0
CHEMBL1715893,CC1CC(CN)CC(CO)C1,-1.4,C(O)C1CC(CN)CC(C)C1,AArAA{AD}AA{AB}Ar,98.33333333333333
CHEMBL1486187,FC(F)(F)c1nnc2ccc(NCc3cccnc3)nn12,2.06,C(c1cnccc1)Nc1nn2c(C(F)(F)F)nnc2cc1,GA{G}{G}arddasaaa{DAataaadat}ddrs,40.666666666666664
CHEMBL1683036,COc1cc2nnc(C(=O)N)c(Nc3ccc(C)cc3F)c2cc1N4CCN(C)CC4,2.36,c1c2c(nnc(C(=O)N)c2Nc2c(F)cc(C)cc2)cc(OC)c1N1CCN(C)CC1,ABaraasdda{A{~B}D}a{Dataaa{A}aatG}asaarDuAAD{A}AAu,35.666666666666664
CHEMBL2216902,CC(C)c1nc2ccccc2n1c3nc(N4CCOCC4)c5nc(OC6CN(C6)C7CCS(=O)(=O)CC7)n(C)c5n3,2.9,c12nc(OC3CN(C4CCS(=O)(=O)CC4)C3)n(C)c1nc(-n1c(C(C)C)nc3ccccc13)nc2N1CCOCC1,AA{A}ardasaaaaasdratda{DuAABAAu}avda{BAwAD{Aw}AxAAE{~B}{~B}AAx}d{A}avdt,26.666666666666668
CHEMBL61946,CCN(CC)CCOC(=O)C1(CCCC1)c2ccccc2,2.3,C1CCCC1(c1ccccc1)C(=O)OCCN(CC)CC,AAD{AA}AABA{~B}Ar{AAAAr}asaaaaas,36.66666666666667
CHEMBL1907194,OC1(CNCCc2ccccc12)c3ccccc3,1.38,c1ccc(C2(O)c3c(cccc3)CCNC2)cc1,BAr{ADAAasaaaaars}ataaaaat,52.0
CHEMBL126,CC(=O)NC[C@H]1CN(C(=O)O1)c2ccc(N3CCOCC3)c(F)c2,0.67,c1c(N2C[C@H](CNC(C)=O)OC2=O)cc(F)c(N2CCOCC2)c1,AA{~B}DA{A*Q}rAD{A{~B}Br}asaaa{DtAABAAt}a{G}as,63.833333333333336
CHEMBL2086689,C[C@@H]1CN(CCN1c2ncc(OCc3ccncc3C#N)cn2)c4ncc(F)cn4,3.4,N1(c2ncc(F)cn2)C[C@@H](C)N(c2ncc(OCc3c(C#N)cncc3)cn2)CC1,A{A**Q}rAD{AADrasdaa{BAataadaatA^D}ads}audaa{G}adu,18.333333333333336
CHEMBL425300,Cc1cnc(NC(=O)Cc2ccccc2)s1,2.9,c1nc(NC(=O)Cc2ccccc2)sc1C,Aarada{DA{~B}Aasaaaaas}er,26.666666666666668
CHEMBL301359,c1ccc2ncncc2c1,1.0,c1ncnc2c1cccc2,araaasdadaasar,58.333333333333336
CHEMBL2325701,CS(=O)(=O)Cc1cc(nc(n1)c2cccc3cc[nH]c23)N4CCOCC4,2.8,c1(CS(=O)(=O)C)nc(-c2cccc3cc[nH]c32)nc(N2CCOCC2)c1,AE{~B}{~B}Aaraa{da{dr}asaaaataa{dQ}ast}DuAABAAu,28.33333333333334
CHEMBL2059909,CC(C)(C)NS(=O)(=O)c1cncc(c1)c2ccc3nc(N)nn3c2,1.41,c1c(S(=O)(=O)NC(C)(C)C)cc(-c2ccc3nc(N)nn3c2)cn1,AA{A}{A}DE{~B}{~B}aradaa{ar}asaaatda{D}ddtas,51.5
CHEMBL1807817,O[C@@H](CNCCSCCCOCCc1ccccc1)c2ccc(O)c3NC(=O)Sc23,2.54,c1c(CCOCCCSCCNC[C@@H](c2c3c([nH]c(=O)s3)c(O)cc2)O)cccc1,B{A**Q}{ADAAEAAABAAaraaaaar}asaaa{B}atDA{~B}East,32.666666666666664
CHEMBL1064,CCC(C)(C)C(=O)O[C@H]1C[C@@H](C)C=C2C=C[C@H](C)[C@H](CC[C@@H]3C[C@@H](O)CC(=O)O3)[C@@H]12,3.7,C[C@@H]1C[C@H](OC(C(C)(CC)C)=O)[C@@H]2[C@@H](CC[C@@H]3C[C@@H](O)CC(=O)O3)[C@@H](C)C=CC2=C1,AAA{A}{A}A{~B}B{A*Q}rA{A**Q}{A}A~AsA~A{A*Q}{A}{A*Q}{AA{A**Q}tA{A**Q}{B}AA{~B}Bt}{A**Q}rs,13.33333333333333
CHEMBL1689129,C[C@H]1CN(Cc2cc(Cl)ccc2OCC(=O)O)CCN1C(=O)Cc3ccccc3Cl,1.1,C[C@H]1CN(Cc2c(OCC(=O)O)ccc(Cl)c2)CCN1C(Cc1c(Cl)cccc1)=O,A{A*Q}rAD{Aasaa{Z}aaasBAA{~B}B}AADrA{~B}AataaaaatZ,56.666666666666664
CHEMBL254370,CC[C@@H](NC1=C(Nc2cccc(C(=O)N(C)C)c2O)C(=O)C1=O)c3ccccc3,2.14,CN(C(=O)c1c(O)c(Nc2c(=O)c(=O)c2N[C@H](CC)c2ccccc2)ccc1)C,AA{A**Q}{DAr~A{Dasaaaa{A{~B}D{A}A}asB}A{~B}Ar~B}ataaaaat,39.333333333333336
CHEMBL1223457,CC1=CC2=NNC(=O)N2c3cc(ccc13)c4ccccc4CO,3.18,c1cc(CO)c(-c2ccc3c(n4c(cc3C)n[nH]c4=O)c2)cc1,AAr~AAs~DDA{~B}Dsataa{aaart}auaaaaauAB,21.999999999999996
CHEMBL184721,Cc1ccc(NC(=O)c2cccc(c2)N3CCOCC3)cc1NC(=O)c4ccc(OCc5ccccn5)cc4,3.2,c1cc(N2CCOCC2)cc(C(=O)Nc2ccc(C)c(NC(=O)c3ccc(OCc4ncccc4)cc3)c2)c1,Aaraaa{DA{~B}asaaaa{as}DtAABAAt}aarDA{~B}auaaa{BAavaaaadv}aau,21.66666666666666
CHEMBL354788,NC1=NC(Nc2c(F)ccc(F)c12)c3occc3,1.2,c1cc(C2Nc3c(F)ccc(F)c3C(N)=N2)oc1,DAr~DA{Dasa{G}aaa{G}ars}atbaaat,55.0
CHEMBL561368,CC(C)NC(=O)c1cnc(N2CCC(CC2)N3C(=O)OCc4ccccc34)c(Cl)c1,3.57,CC(NC(c1cnc(N2CCC(N3C(=O)OCc4ccccc43)CC2)c(Cl)c1)=O)C,AA{A}DA{~B}arada{DsAAA{AAs}DtA{~B}BAauaaaaatu}a{Z}ar,15.500000000000002
CHEMBL1464,CC(=O)CC(C1=C(O)c2ccccc2OC1=O)c3ccccc3,0.86,C(c1ccccc1)(c1c(=O)oc2c(c1O)cccc2)CC(C)=O,AA{~B}AA{Ar~A{B}asaaaaasBAr~B}ataaaaat,60.666666666666664
CHEMBL173809,CC(C)C(CCCN(C)CCc1ccccc1)(C#N)c2ccccc2,3.6,c1ccccc1CCN(CCCC(C#N)(C(C)C)c1ccccc1)C,AA{A}A{AAAD{A}AAaraaaaar}{A^D}asaaaaas,14.999999999999998
CHEMBL326642,Oc1ccc(CCNCCS(=O)(=O)CCCOCCSc2ccccc2)c3sc(O)nc13,2.68,O=S(CCCOCCSc1ccccc1)(CCNCCc1c2c(c(O)cc1)nc(O)s2)=O,Baraaa{AADAAE{~B}{~B}AAABAAEasaaaaas}atea{B}dart,30.33333333333333
CHEMBL389791,C[C@@H](O)[C@@H](CO)Nc1nc(SCc2cccc(F)c2F)nc3nc(N)sc13,2.83,c1(SCc2cccc(F)c2F)nc(N[C@@H]([C@H](O)C)CO)c2sc(N)nc2n1,A{A**Q}{B}{A**Q}{AB}Darda{EAasaaaa{G}asG}datda{D}eart,27.833333333333332
CHEMBL51,Fc1ccc(cc1)C(=O)C2CCN(CCN3C(=O)Nc4ccccc4C3=O)CC2,2.9,c1(=O)c2c([nH]c(=O)n1CCN1CCC(C(=O)c3ccc(F)cc3)CC1)cccc2,Garaaa{aar}A{~B}AsAAD{AADtA{~B}DauaaaaauAt~B}AAs,26.666666666666668
CHEMBL1796296,OC1(CN2CCC1CC2)C#Cc3ccc(Oc4ccc(cc4)C(=O)NCc5ccncc5)cc3,2.48,n1ccc(CNC(c2ccc(Oc3ccc(C#CC4(O)CN5CCC4CC5)cc3)cc2)=O)cc1,BAr{ADsAAArAAs}A^Aataaa{Bauaaa{aau}A{~B}DAavaadaav}aat,33.666666666666664
CHEMBL2163349,CS(=O)(=O)c1ccc2c3CN(CCc3[nH]c2c1)C(=O)[C@@H]4CCCC[C@H]4C(=O)NC5(CC5)C#N,1.5,C1C(C#N)(NC(=O)[C@H]2[C@H](C(N3Cc4c5ccc(S(=O)(C)=O)cc5[nH]c4CC3)=O)CCCC2)C1,AE{~B}{~B}araaasatAD{AAat{dQ}asar}A{~B}{A**Q}uAAAA{A*Q}uA{~B}DAv{AAv}A^D,50.0
CHEMBL2335911,C[C@@H](NC(=O)C)c1ccc(Nc2ncc3cc(c(C)cc3n2)c4ccncc4)cc1,3.45,C(N[C@H](C)c1ccc(Nc2nc3c(cc(-c4ccncc4)c(C)c3)cn2)cc1)(=O)C,A{A**Q}{DA{~B}A}araaa{Dasdaataa{a{A}aatds}auaadaau}aar,17.499999999999996
CHEMBL2179272,CC[C@H](N1CCC[C@@H](C1)N2C=C(C)C(=O)NC2=O)c3ccc(C(=O)O)c(Oc4cccc(Cl)c4)c3,0.22,[C@H]1(n2cc(C)c(=O)[nH]c2=O)CCCN([C@H](c2ccc(C(O)=O)c(Oc3cccc(Cl)c3)c2)CC)C1,AA{A*Q}{DrAAA{A**Q}{Ar}DsA~A{A}A{~B}DAs~B}ataaa{A{~B}B}a{Bauaaaa{Z}au}at,71.33333333333333
CHEMBL186422,O=C1Nc2ccccc2C=C1,1.32,c1c2ccc(=O)[nH]c2ccc1,B~ArDasaaaaasA~Ar,53.0
CHEMBL452274,CN(CCO)Cc1ccc(cc1)c2cc(C(=O)N)c(NC(=O)N)s2,0.97,c1(-c2ccc(CN(C)CCO)cc2)sc(NC(N)=O)c(C(=O)N)c1,AD{AAB}Aaraaa{aar}asaa{A{~B}D}a{DA{~B}D}es,58.833333333333336
CHEMBL1700458,COc1ccc(C=C2SC(=O)NC2=O)cc1OC,1.17,C1(=O)SC(=Cc2cc(OC)c(OC)cc2)C(=O)N1,ABaraaa{A~AsEA{~B}DAs~B}aarBA,55.5
CHEMBL2158828,OC(=O)COc1ccccc1N2CCC(CN3CCC(CC3)Oc4ccc(Cl)c(Cl)c4)CC2,2.0,c1cccc(OCC(=O)O)c1N1CCC(CN2CCC(Oc3cc(Cl)c(Cl)cc3)CC2)CC1,BA{~B}ABaraaaaarDsAAA{ADtAAA{AAt}Bauaaa{Z}a{Z}au}AAs,41.666666666666664
CHEMBL1978713,COc1ccc(CNC(=O)c2sc3nc(C)cc(C)c3c2N)cc1,3.85,n1c(C)cc(C)c2c1sc(C(NCc1ccc(OC)cc1)=O)c2N,ABaraaa{ADA{~B}aseatda{A}aa{A}atasD}aar,10.83333333333333
CHEMBL424378,CCCc1c(O)c(ccc1OCc2cccc(NC(=O)c3ccccc3C(=O)O)c2)C(=O)C,1.9,C(c1cccc(NC(=O)c2c(C(=O)O)cccc2)c1)Oc1c(CCC)c(O)c(C(C)=O)cc1,AAAara{B}a{aaarBAasaaaa{DA{~B}ataaaaatA{~B}B}as}A{~B}A,43.333333333333336
CHEMBL2207672,Cc1c(Cl)ccc(OC2CCN(C[C@H](O)CNC(=O)C3=CNC(=O)c4cc(ccc34)S(=O)(=O)C)CC2)c1Cl,2.83,c1c2c(cc(S(C)(=O)=O)c1)c(=O)[nH]cc2C(=O)NC[C@H](CN1CCC(Oc2c(Cl)c(C)c(Cl)cc2)CC1)O,Aara{Z}aaa{BAsAAD{A{A*Q}{B}ADA{~B}At~ADA{~B}auaa{aaatu}E{~B}{~B}A}AAs}arZ,27.833333333333332
CHEMBL1576727,COc1ccc(cc1)C(=O)C2CCN(CC2)C(=O)c3ccc(F)cc3,2.92,O(c1ccc(C(=O)C2CCN(C(c3ccc(F)cc3)=O)CC2)cc1)C,ABaraaa{aar}A{~B}AsAAD{AAs}A{~B}ataaa{G}aat,26.333333333333332
CHEMBL2177390,CC(C)NC[C@@H](C(=O)N1CCN(CC1)c2ncnc3[C@H](O)C[C@@H](C)c23)c4ccc(Cl)cc4,1.3,c12c(N3CCN(C(=O)[C@H](CNC(C)C)c4ccc(Cl)cc4)CC3)ncnc1[C@H](O)C[C@H]2C,AA{A}DA{A**Q}{A{~B}DrAAD{AAr}asdadat{A*Q}{B}A{A**Q}{A}ast}auaaa{Z}aau,53.333333333333336
CHEMBL2179666,CC1=CN([C@H]2CCCN(Cc3ccc(C(=O)O)c(Oc4cccc(Br)c4)c3)C2)C(=O)NC1=O,-0.51,n1([C@H]2CCCN(Cc3ccc(C(=O)O)c(Oc4cccc(Br)c4)c3)C2)c(=O)[nH]c(=O)c(C)c1,AAr~AD{{A*Q}sAAAD{Aataaa{A{~B}B}a{Bauaaaa{Y}au}at}As}A{~B}DAr~B,83.5
CHEMBL22033,COc1cc(ccc1Cn2ncc3ccc(NC(=O)OC4CCCC4)cc23)C(=O)NS(=O)(=O)c5ccccc5,1.8,c1c(S(=O)(=O)NC(=O)c2ccc(Cn3ncc4ccc(NC(OC5CCCC5)=O)cc43)c(OC)c2)cccc1,ABaraa{aaarAdsdaataaa{DA{~B}BAuAAAAu}aast}A{~B}DE{~B}{~B}avaaaaav,45.0
CHEMBL2207285,O[C@H](CNC(=O)C1=CNC(=O)c2cc(ccc12)S(=O)(=O)NC3CC3)CN4CCC(CC4)Oc5ccc(Cl)c(Cl)c5,3.67,O=S(=O)(c1cc2c(c(C(NC[C@@H](O)CN3CCC(Oc4ccc(Cl)c(Cl)c4)CC3)=O)c[nH]c2=O)cc1)NC1CC1,B{A*Q}{ADA{~B}Ar~ADA{~B}asaa{aaars}E{~B}{~B}DAtAAt}ADuAAA{AAu}Bavaaa{Z}a{Z}av,13.833333333333334
CHEMBL2031227,CN1CCN(CC1)c2ccc3N=CN(C(=O)c3c2)c4cc(NC(=O)c5ccc(cc5)C#N)ccc4C,2.73,C(=O)(Nc1ccc(C)c(-n2c(=O)c3cc(N4CCN(C)CC4)ccc3nc2)c1)c1ccc(C#N)cc1,ADrAAD{AAr}asaaatD~AD{A{~B}atas}auaa{DA{~B}avaaa{aav}A^D}aaauA,29.5
CHEMBL2164685,Fc1cccc2[nH]c3CCN(Cc3c12)C(=O)[C@@H]4CCCC[C@H]4C(=O)NC5(CC5)C#N,3.2,N#CC1(NC(=O)[C@@H]2CCCC[C@H]2C(N2Cc3c4c(cccc4F)[nH]c3CC2)=O)CC1,Garaaaas{dQ}atAAD{Aatars}A{~B}{A**Q}uAAAA{A*Q}uA{~B}DAv{AAv}A^D,21.66666666666666
CHEMBL1624529,NC1C2CN(CC12)c3nc4N(C=C(C(=O)O)C(=O)c4cc3F)c5ccc(F)cc5F,0.3,C1C2C(C2N)CN1c1nc2c(cc1F)c(=O)c(C(=O)O)cn2-c1ccc(F)cc1F,DArAsAD{AArs}atdauD{A~A{A{~B}B}A{~B}auaatG}avaaa{G}aavG,70.0
CHEMBL1399152,[O-][N+](=O)c1ccc2c(c1)nc3CCCCCn23,2.58,c1c2c(cc([N+]([O-])=O)c1)nc1n2CCCCC1,{B_}{D%}{~B}araaasa{ar}datAAAAAdst,32.0
CHEMBL1824030,Oc1ccc2OCC(=O)N(CCN3CCC(CC3)NCc4ccc5OCC(=O)Nc5n4)c2c1,0.52,c1c(O)ccc2c1N(CCN1CCC(NCc3nc4c(cc3)OCC(=O)N4)CC1)C(=O)CO2,BaraaasBAA{~B}D{AADtAAA{AAt}DAauaaavBAA{~B}Davdu}asar,66.33333333333333
CHEMBL2177608,CC1(CC1)c2c(cnn2c3ccc(cc3)C(=O)O)C(=O)NC4C5CC6CC(CC4C6)C5,1.11,C1C2CC3C(NC(c4cnn(-c5ccc(C(O)=O)cc5)c4C4(C)CC4)=O)C1CC(C3)C2,AAr{AAr}asa{addsataaa{aat}A{~B}B}A{~B}DAuAvAAwAA{AAuAw}Av,56.49999999999999
CHEMBL250516,COc1ccc2c(C)cc(N[C@H]3CCC[C@@H](C3)NCc4ccsc4)nc2c1,2.46,c12ccc(OC)cc1nc(N[C@@H]1C[C@@H](NCc3ccsc3)CCC1)cc2C,ABaraaasa{A}aa{D{A*Q}tAAA{A**Q}{At}DAauaaeau}dasar,34.0
CHEMBL2321993,OCC[C@@]1(CCCNC1)c2oc3ccccc3c2,0.12,OCC[C@@]1(c2oc3c(cccc3)c2)CNCCC1,BAA{A**}r{AAADAr}asbataaaaatas,73.0
CHEMBL44227,Oc1ccc(cc1)c2nc3ccc(O)cc3s2,3.65,c12sc(-c3ccc(O)cc3)nc1ccc(O)c2,Baraaa{aar}asdataaa{B}aates,14.16666666666667
CHEMBL1682967,CC[C@H](NC(=O)c1c([S+](C)[O-])c(nc2cc(CN(C)C)ccc12)c3ccccc3)c4ccccc4,2.75,CC[C@@H](c1ccccc1)NC(c1c2c(nc(-c3ccccc3)c1[S+]([O-])C)cc(CN(C)C)cc2)=O,AA{A*Q}{DA{~B}ara{{E%}{A}{B_}}a{dasaa{AD{A}A}aaars}ataaaaat}auaaaaau,29.166666666666668
CHEMBL1645501,CC(=O)c1ccc2NC(=CC(=O)c2c1)c3cccnc3,1.41,c1c2c(=O)cc(-c3cnccc3)[nH]c2ccc1C(C)=O,AA{~B}araaasDA{~AA{~B}asar}ataaadat,51.5
CHEMBL2171024,OC(=O)c1cccc(c1)C(=O)N2CCC(CC2)N3CCC(CC3)Oc4ccc(Cl)c(Cl)c4,1.23,c1(OC2CCN(C3CCN(C(c4cc(C(O)=O)ccc4)=O)CC3)CC2)cc(Cl)c(Cl)cc1,BA{~B}araaaa{ar}A{~B}DsAAA{AAs}DtAAA{AAt}Bauaaa{Z}a{Z}au,54.5
CHEMBL1917426,Cc1c(Sc2ccc(Cl)cc2)c3cc(F)ccc3n1CC(=O)O,1.84,c1c(Cl)ccc(Sc2c3c(n(CC(=O)O)c2C)ccc(F)c3)c1,Aara{Easaaa{Z}aas}ataa{G}aaatdrAA{~B}B,44.333333333333336
CHEMBL250124,COc1ccc2c(C)cc(N[C@H]3CCC[C@@H](C3)NCc4cccc(OC(F)(F)F)c4)nc2c1,3.61,c1cc(CN[C@@H]2C[C@@H](Nc3cc(C)c4c(cc(OC)cc4)n3)CCC2)cc(OC(F)(F)F)c1,ABaraaasa{A}aa{D{A*Q}tAAA{A**Q}{At}DAauaaaa{BA{G}{G}G}au}dasar,14.833333333333336
CHEMBL1198335,COc1cccc(Nc2nc(NCC3CCCO3)c4ccccc4n2)c1,3.9,c1(NCC2OCCC2)c2ccccc2nc(Nc2cccc(OC)c2)n1,ABaraaaa{Dasda{DAAtAAABt}auaaaaauds}ar,10.000000000000002
CHEMBL1683033,CCOc1cc2nnc(C(=O)N)c(Nc3cccc(Cl)c3F)c2cc1N4CCN(C)CC4,1.99,c1(Cl)cccc(Nc2c(C(=O)N)nnc3cc(OCC)c(N4CCN(C)CC4)cc32)c1F,AABaraasdda{A{~B}D}a{Dataaaa{Z}atG}asaarDuAAD{A}AAu,41.83333333333333
CHEMBL2325991,COc1ccc(cc1OC)C(C)NC(=O)C2(N)CCN(CC2)c3ncnc4[nH]ccc34,1.8,c1c[nH]c2c1c(N1CCC(N)(C(=O)NC(c3ccc(OC)c(OC)c3)C)CC1)ncn2,ABaraaa{aarBA}A{A}DA{~B}As{D}AAD{AAs}atdadau{dQ}aaatu,45.0
CHEMBL454616,CN(c1cccc(c1)C(=O)Nc2ccc(C)c(NC(=O)c3ccc4ncccc4c3)c2)S(=O)(=O)C,2.8,c1(C(=O)Nc2c(C)ccc(NC(=O)c3cc(N(C)S(=O)(C)=O)ccc3)c2)cc2c(cc1)nccc2,AD{araaaa{ar}A{~B}Dasaaa{A}a{DA{~B}ataaaudaaaauat}as}E{~B}{~B}A,28.33333333333334
CHEMBL2326523,CC(C)[C@H](N(CCCN)C(=O)c1ccc(C)cc1)C2=Nc3cc(Cl)ccc3C(=O)N2Cc4ccccc4,2.88,c1(C(N(CCCN)[C@H](c2nc3cc(Cl)ccc3c(=O)n2Cc2ccccc2)C(C)C)=O)ccc(C)cc1,AA{A}{A*Q}{D{AAAD}A{~B}araaa{A}aar}As~Dataa{Z}aaatA{~B}DsAauaaaaau,27.0
CHEMBL226906,Cc1ccsc1CN2NC(=O)C3=C(C2=O)C(=O)c4ccc(Cl)cc4N3,1.15,Cc1c(Cn2c(=O)c3c(c(=O)[nH]2)[nH]c2cc(Cl)ccc2c3=O)scc1,AaraaearADsDA{~B}At~A{As~B}A{~B}auaaa{Z}aauDt,55.833333333333336
CHEMBL2346974,CC(=O)N1CCN(CCOc2ccc(cc2)C3CCN(CC3)c4ccc5nnc(n5n4)C(F)(F)F)CC1,3.2,FC(F)(c1n2nc(N3CCC(c4ccc(OCCN5CCN(C(C)=O)CC5)cc4)CC3)ccc2nn1)F,AA{~B}DrAAD{AABasaaa{aas}AtAAD{AAt}auaaavdda{dvdu}A{G}{G}G}AAr,21.66666666666666
CHEMBL1212988,Cc1cc(C)c2c(N)c(sc2n1)C(=O)NC3CC3,2.53,C(c1c(N)c2c(C)cc(C)nc2s1)(=O)NC1CC1,Aaraa{A}asa{D}a{easdr}A{~B}DAtAAt,32.833333333333336
CHEMBL393714,CN1C(=O)c2c(onc2c3ccccc3)C=C1c4ccncc4,2.61,c1cc(-c2c3c(cc(-c4ccncc4)n(C)c3=O)on2)ccc1,ADrA{~B}asa{bdasataaaaat}A~Arauaadaau,31.5
CHEMBL404108,Cc1ccc(Nc2c(F)cccc2Cl)c(CC(=O)O)c1,1.02,c1(Cl)c(Nc2c(CC(O)=O)cc(C)cc2)c(F)ccc1,Aaraaa{Dasa{G}aaaasZ}a{AA{~B}B}ar,58.0
CHEMBL51781,COC(=O)CCC(=O)Nc1ccc2C(=O)C(=O)c3ccccc3c2c1,2.72,c1(NC(=O)CCC(=O)OC)ccc2c(c1)-c1ccccc1C(=O)C2=O,ABA{~B}AAA{~B}DaraaasA{~B}A{~B}ataaaaatasar,29.66666666666666
CHEMBL1287891,NC(=O)c1cnc(N[C@H]2CCCNC2)c3cc(sc13)c4ccncc4,0.77,c1c(-c2sc3c(c(N[C@@H]4CNCCC4)ncc3C(N)=O)c2)ccnc1,DA{~B}arada{D{A*Q}sAAADAs}ataa{eart}auaadaau,62.166666666666664
CHEMBL1779045,Cc1cccc(c1)N(Cc2cc(F)c(F)cc2F)C(=O)O[C@H]3CN4CCC3CC4,2.24,N(c1cccc(C)c1)(Cc1cc(F)c(F)cc1F)C(O[C@H]1CN2CCC1CC2)=O,Aaraaaa{ar}D{Aasaa{G}a{G}aasG}A{~B}B{A*Q}tADuAAAtAAu,37.666666666666664
CHEMBL1887445,CCCC(=O)N1CCN(CC1)c2nnc(c3ccccc3)c4ccccc24,3.2,c12c(cccc1)c(N1CCN(C(CCC)=O)CC1)nnc2-c1ccccc1,AAAA{~B}DrAAD{AAr}asdda{ataaaaat}auaaaaasu,21.66666666666666
CHEMBL514201,C[C@@H]1CN(Cc2ccc(F)cc2)[C@@H](C)CN1C(=O)c3cc4c(cn(C)c4cc3Cl)C(=O)C(=O)N(C)C,3.6,O=C(C(=O)N(C)C)c1cn(C)c2c1cc(C(N1[C@H](C)CN(Cc3ccc(F)cc3)[C@@H](C)C1)=O)c(Cl)c2,A{A**Q}rAD{Aasaaa{G}aas}{A**Q}{A}ADrA{~B}ataaua{ad{A}auaatZ}A{~B}A{~B}D{A}A,14.999999999999998
CHEMBL1824041,O=C1COc2ccc(CNC3CCN(CCN4C(=O)COc5ccc(cc45)C#N)CC3)nc2N1,0.23,N1(CCN2CCC(NCc3ccc4c(n3)NC(=O)CO4)CC2)C(=O)COc2ccc(C#N)cc21,B~ArABasaaa{ADAtAAD{AADuA{~B}ABavaaa{aauv}A^D}AAt}dasDr,71.16666666666666
CHEMBL259515,CN1SC(=NC1=O)NC(=O)c2ccccc2,1.13,s1n(C)c(=O)nc1NC(c1ccccc1)=O,ADrEA{~DAr~B}DA{~B}asaaaaas,56.166666666666664
CHEMBL1922267,C[C@H]1[C@@H]2CN(CCN3CCOCC3)CC[C@H]2Cc4[nH]c5ccc(cc5c14)C(F)(F)F,2.87,C1c2c(c3cc(C(F)(F)F)ccc3[nH]2)[C@@H](C)[C@H]2[C@H]1CCN(CCN1CCOCC1)C2,A{A*Q}r{A**Q}sAD{AADtAABAAt}AA{A*Q}sAau{dQ}avaaa{aavaru}A{G}{G}G,27.166666666666668
CHEMBL500,CC(C)NCC(O)COc1cccc2[nH]ccc12,-0.12,N(CC(O)COc1c2c([nH]cc2)ccc1)C(C)C,AA{A}DAA{B}ABaraaaas{dQ}aaars,77.0
CHEMBL1650725,C[C@H](Nc1ncc(C)c(Nc2cc(C)[nH]n2)n1)c3ncc(F)cn3,1.75,[C@H](c1ncc(F)cn1)(Nc1nc(Nc2cc(C)[nH]n2)c(C)cn1)C,A{A*Q}{Dardaa{A}a{Dasaa{A}{dQ}ds}dr}atdaa{G}adt,45.833333333333336
CHEMBL2335883,CN(C)CCNCc1ccc(Nc2ncc3cc(ccc3n2)c4ccncc4)cc1,1.4,C(c1ccc(Nc2ncc3cc(-c4ccncc4)ccc3n2)cc1)NCCN(C)C,AD{A}AADAaraaa{Dasdaataa{aaatds}auaadaau}aar,51.666666666666664
CHEMBL91863,Cc1ccccc1Nc2ncnc3ccccc23,2.85,c1cc(Nc2c3c(ncn2)cccc3)c(C)cc1,AaraaaaarDasdadataaaaast,27.5
CHEMBL593300,Cn1c(CN2CCN(CC2)c3ccccc3)nc4ccccc14,3.11,c1ccc2c(c1)nc(CN1CCN(c3ccccc3)CC1)n2C,Adra{ADsAAD{AAs}ataaaaat}dauaaaaaru,23.166666666666668
CHEMBL205465,CC(C)CN1C(=O)N(C)C(=O)c2c1sc(Cc3ccccc3C(F)(F)F)c2C(=O)N4CCCCC4,4.07,Cn1c(=O)c2c(n(CC(C)C)c1=O)sc(Cc1c(C(F)(F)F)cccc1)c2C(N1CCCCC1)=O,AA{A}ADrA{~B}D{A}A{~B}asarea{AataaaaatA{G}{G}G}asA{~B}DuAAAAAu,7.166666666666662
CHEMBL472618,Nc1c(NC2CCCC2)nc(nc1N3CCOCC3)C#N,2.59,C1N(c2nc(C#N)nc(NC3CCCC3)c2N)CCOC1,Dara{DAsAAAAs}da{darDtAABAAt}A^D,31.833333333333332
CHEMBL1454,C1CN2C[C@@H](N=C2S1)c3ccccc3,0.81,[C@H]1(c2ccccc2)CN2C(=N1)SCC2,ArADsA{A**Q}{D~AsEr}ataaaaat,61.5
CHEMBL1089224,CCCCOc1nc(N)c2NC(=O)N(Cc3cccc(CC(=O)OC)c3)c2n1,3.76,c1(Cn2c(=O)[nH]c3c(N)nc(OCCCC)nc32)cccc(CC(OC)=O)c1,AAAABarda{D}asDA{~B}D{Aataaaa{AA{~B}BA}at}asdr,12.333333333333337
CHEMBL2086656,CC(C)(C)OC(=O)N1CCN(CC1)c2ccc(OCc3ccc(cc3)S(=O)(=O)C)cc2,3.9,O(C(C)(C)C)C(=O)N1CCN(c2ccc(OCc3ccc(S(=O)(C)=O)cc3)cc2)CC1,AA{A}{A}BA{~B}DrAAD{AAr}asaaa{BAataaa{aat}E{~B}{~B}A}aas,10.000000000000002
CHEMBL1809228,COc1cc(ccc1Nc2ncc(Cl)c(n2)c3cnc4ccc(cn34)N(C)C)N5CCN(CC5)C(=O)C,4.1,CN(C)c1cn2c(cc1)ncc2-c1c(Cl)cnc(Nc2ccc(N3CCN(C(=O)C)CC3)cc2OC)n1,ABaraa{aaarDasdaa{Z}a{ds}atadauaaa{adtu}D{A}A}DvAAD{AAv}A{~B}A,6.666666666666672
CHEMBL2164678,Fc1ccc2[nH]c3CCN(Cc3c2c1)C(=O)[C@@H]4CCCC[C@H]4C(=O)NC5(CC5)C#N,3.0,C1CCC[C@@H](C(=O)N2CCc3[nH]c4ccc(F)cc4c3C2)[C@@H]1C(NC1(C#N)CC1)=O,Garaaas{dQ}atAAD{Aatasar}A{~B}{A**Q}uAAAA{A*Q}uA{~B}DAv{AAv}A^D,25.0
CHEMBL391565,COc1ccc(NC(=O)c2ccnc(N)n2)cc1,1.72,O=C(c1nc(N)ncc1)Nc1ccc(OC)cc1,ABaraaa{DA{~B}asaada{D}ds}aar,46.333333333333336
CHEMBL2207654,O[C@H](CNC(=O)C1=CNC(=O)c2cc(ccc12)S(=O)(=O)N3CCC3)CN4CCC(CC4)Oc5ccc(Cl)c(Cl)c5,3.02,O[C@@H](CN1CCC(Oc2cc(Cl)c(Cl)cc2)CC1)CNC(=O)c1c[nH]c(=O)c2cc(S(=O)(N3CCC3)=O)ccc21,B{A*Q}{ADA{~B}Ar~ADA{~B}asaa{aaars}E{~B}{~B}DtAAAt}ADuAAA{AAu}Bavaaa{Z}a{Z}av,24.666666666666668
CHEMBL217354,CC(C)c1ccccc1Cc2cc(C(=O)Nc3ccc(cc3)S(=O)(=O)c4ccccc4C(C)(C)C)c(O)c(O)c2O,3.44,c1(S(=O)(c2c(C(C)(C)C)cccc2)=O)ccc(NC(c2c(O)c(O)c(O)c(Cc3ccccc3C(C)C)c2)=O)cc1,AA{A}araaaaarAasaa{A{~B}Dataaa{aat}E{~B}{~B}auaaaaauA{A}{A}A}a{B}a{B}asB,17.666666666666668
CHEMBL325681,COc1cccc(c1)c2cc(O)c3cc(NC(=O)C)ccc3n2,2.41,COc1cccc(-c2cc(O)c3cc(NC(C)=O)ccc3n2)c1,ABaraaaa{ar}asaa{B}ataa{DA{~B}A}aaatds,34.833333333333336
CHEMBL2179280,CCC(CC)C[C@@H](N1CCC[C@@H](C1)N2C=C(C)C(=O)NC2=O)c3ccc(C(=O)O)c(Oc4cccc(Cl)c4)c3,1.68,c1(Oc2cccc(Cl)c2)c(C(=O)O)ccc([C@H](N2CCC[C@H](n3cc(C)c(=O)[nH]c3=O)C2)CC(CC)CC)c1,AAA{AA}A{A**Q}{DrAAA{A**Q}{Ar}DsA~A{A}A{~B}DAs~B}ataaa{A{~B}B}a{Bauaaaa{Z}au}at,47.0
CHEMBL1271394,CN(c1ccnc(Nc2cccc(c2)S(=O)(=O)C)n1)c3cccc4[nH]ncc34,3.21,N(C)(c1cccc2c1cn[nH]2)c1nc(Nc2cc(S(C)(=O)=O)ccc2)ncc1,AD{araada{Dasaaaa{as}E{~B}{~B}A}dr}ataaaau{dQ}daatu,21.5
CHEMBL364069,O=C(N[C@H]1CN2CCC1CC2)c3ccc(s3)c4ccccn4,0.7,c1cccc(-c2ccc(C(N[C@@H]3C4CCN(C3)CC4)=O)s2)n1,B~A{D{A*Q}rADsAAArAAs}ataaa{et}auaaaadu,63.333333333333336
CHEMBL569720,C[C@H](Nc1nc(Nc2cc(C)[nH]n2)c(C)nc1C#N)c3ncc(F)cn3,1.92,n1[nH]c(C)cc1Nc1c(C)nc(C#N)c(N[C@@H](C)c2ncc(F)cn2)n1,A{A*Q}{Darda{Dasaa{A}{dQ}ds}a{A}darA^D}atdaa{G}adt,43.0
CHEMBL495383,OCCc1cccc(NC(=O)c2cc3cc(Cl)ccc3[nH]2)c1,3.83,c1ccc(NC(=O)c2[nH]c3ccc(Cl)cc3c2)cc1CCO,BAAaraaaa{DA{~B}asaataa{Z}aaat{dQ}s}ar,11.166666666666666
CHEMBL1779014,COc1cc(F)ccc1c2cncc(CNC(=O)c3ccccc3)c2,3.76,n1cc(CNC(c2ccccc2)=O)cc(-c2c(OC)cc(F)cc2)c1,ABaraa{G}aaarasadaa{ADA{~B}ataaaaat}as,12.333333333333337
CHEMBL1951081,COc1cc(OC)c(cc1NC(=O)CSc2ccncc2)S(=O)(=O)N3C(C)CCc4ccccc34,2.82,n1ccc(SCC(Nc2cc(S(=O)(N3C(C)CCc4c3cccc4)=O)c(OC)cc2OC)=O)cc1,ABaraa{BA}a{aarDA{~B}AEasaadaas}E{~B}{~B}DtA{A}AAauaaaaatu,28.000000000000004
CHEMBL1538857,Cc1cc(Nc2ccccc2)n(CCC#N)n1,2.3,c1c(Nc2ccccc2)n(CCC#N)nc1C,Aaraa{Dasaaaaas}d{AAA^D}dr,36.66666666666667
CHEMBL1289926,CNC(=O)c1ccccc1Sc2ccc3c(\C=C\c4ccccn4)n[nH]c3c2,3.8,N(C(c1c(Sc2cc3c(c(/C=C/c4ccccn4)n[nH]3)cc2)cccc1)=O)C,ADA{~B}araaaaarEasaaata{!A~A!auaaaadu}d{dQ}atas,11.66666666666667
CHEMBL2094541,COc1cc(OC)nc(n1)N2N=CC(=C(Cl)C2=O)Cl,1.4,c1(OC)cc(OC)nc(-n2c(=O)c(Cl)c(Cl)cn2)n1,ABaraa{BA}da{dr}DsD~AA{~A{Z}As~B}Z,51.666666666666664
CHEMBL420857,Oc1ccc(CCNCCS(=O)(=O)CCCOCCc2oc3ccccc3c2)c4sc(O)nc14,2.86,c12oc(CCOCCCS(CCNCCc3c4sc(O)nc4c(O)cc3)(=O)=O)cc1cccc2,Baraaa{AADAAE{~B}{~B}AAABAAasbataaaaatas}auea{B}daru,27.333333333333332
CHEMBL1934420,C[C@H](NC(=O)c1c(C)nn(C2CCN(C)CC2)c1NS(=O)(=O)c3ccc(C)cc3)C(C)(C)C,0.8,O=C(N[C@@H](C)C(C)(C)C)c1c(NS(=O)(c2ccc(C)cc2)=O)n(C2CCN(C)CC2)nc1C,A{A*Q}{DA{~B}ara{A}dd{AsAAD{A}AAs}arDE{~B}{~B}ataaa{A}aat}A{A}{A}A,61.666666666666664
CHEMBL2035035,NC1(CCC1)c2ccc(cc2)c3c(ccn4ncnc34)c5ccccc5,1.7,c1cccc(-c2ccn3ncnc3c2-c2ccc(C3(N)CCC3)cc2)c1,DAr{AAAr}asaaa{aas}ata{aadudadatu}avaaaaav,46.666666666666664
CHEMBL128506,CN1CCN(CC1)C(=O)c2cc3ccccc3n2C,1.71,c1cccc2c1n(C)c(C(=O)N1CCN(C)CC1)c2,ADrAAD{AAr}A{~B}asaataaaaatdsA,46.5
CHEMBL430854,CN(C)CC(O)COc1ccc(Nc2nccc(Nc3ccc(Cl)cc3)n2)cc1,2.6,c1cnc(Nc2ccc(OCC(O)CN(C)C)cc2)nc1Nc1ccc(Cl)cc1,AD{A}AA{B}ABaraaa{Dasdaaa{Dataaa{Z}aat}ds}aar,31.666666666666668
CHEMBL219861,CC(C)CN1C(=O)N(C)C(=O)c2c1sc(Cc3ccnc4ccccc34)c2C(=O)N5C[C@H](O)CO5,2.14,C(N1OC[C@@H](O)C1)(c1c(Cc2c3ccccc3ncc2)sc2c1c(=O)n(C)c(=O)n2CC(C)C)=O,AA{A}ADrA{~B}D{A}A{~B}asarea{Aataadauaaaaatu}asA{~B}DvA{A*Q}{B}ABv,39.333333333333336
CHEMBL1809200,COc1cc(ccc1Nc2ncc(Cl)c(n2)c3cnc4c(OC)cccn34)N5CCN(CC5)C(=O)C,3.5,c1(Cl)c(-c2n3cccc(OC)c3nc2)nc(Nc2c(OC)cc(N3CCN(C(C)=O)CC3)cc2)nc1,ABaraa{aaarDasdaa{Z}a{ds}atadaua{BA}aaadtu}DvAAD{AAv}A{~B}A,16.666666666666668
CHEMBL2177614,CCCSc1c(cnn1c2ccc(cc2)C(=O)O)C(=O)N(C)C3CCCCC3,0.59,c1(-n2ncc(C(N(C)C3CCCCC3)=O)c2SCCC)ccc(C(=O)O)cc1,AAAEara{addrasaaa{aas}A{~B}B}A{~B}D{A}AtAAAAAt,65.16666666666667
CHEMBL1312643,O=S(=O)(Cc1cc(nc(n1)c2ccccn2)N3CCOCC3)c4ccccc4,1.34,O1CCN(c2cc(CS(=O)(c3ccccc3)=O)nc(-c3ccccn3)n2)CC1,B~E{~B}{Aaraa{da{dr}asaaaads}DtAABAAt}auaaaaau,52.666666666666664
CHEMBL73151,CCN(CC)C(=O)N[C@H]1C[C@H]2[C@@H](Cc3c[nH]c4cccc2c34)N(C)C1,2.73,c12c3cccc1[C@H]1C[C@H](NC(=O)N(CC)CC)CN(C)[C@@H]1Cc2c[nH]3,AAD{AA}A{~B}D{A*Q}rA{A*Q}s{A**Q}{Aata{dQ}auaaaasatu}D{A}Ar,29.5
CHEMBL607,CCOC(=O)C1(CCN(C)CC1)c2ccccc2,1.4,c1ccc(C2(C(OCC)=O)CCN(C)CC2)cc1,AABA{~B}Ar{AAD{A}AAr}asaaaaas,51.666666666666664
CHEMBL2164850,O=C(NC1=CC(=CNC1=O)c2ccncc2)[C@H](Cc3ccccc3)NC4(CC4)c5ccccn5,3.44,c1ccc(C2(N[C@@H](Cc3ccccc3)C(=O)Nc3cc(-c4ccncc4)c[nH]c3=O)CC2)nc1,B~A{DAr~AA{~ADAr~B}asaadaas}{A*Q}{Aataaaaat}DAu{AAu}avaaaadv,17.666666666666668
CHEMBL456985,CNC(=O)C[C@H](Nc1ncc(Cl)c(Nc2cc([nH]n2)C3CC3)n1)c4ccc(F)cc4,2.23,c1cc([C@@H](Nc2nc(Nc3n[nH]c(C4CC4)c3)c(Cl)cn2)CC(NC)=O)ccc1F,ADA{~B}A{A*Q}{Dardaa{Z}a{Dasaa{{dQ}ds}AtAAt}dr}auaaa{G}aau,37.833333333333336
CHEMBL1224140,Cc1cc(O[C@H]2C[C@H]3CC[C@@H](C2)N3Cc4ccccc4)cc(c1)C(=O)N,2.08,c1c(C(=O)N)cc(C)cc1O[C@@H]1C[C@@H]2CC[C@H](C1)N2Cc1ccccc1,Aaraa{B{A*Q}sA{A*Q}tAA{A**Q}{As}DtAauaaaaau}aa{ar}A{~B}D,40.333333333333336
CHEMBL69863,Oc1cc(O)cc(\C=C\c2ccc(O)c(O)c2)c1,2.11,c1c(O)c(O)cc(/C=C/c2cc(O)cc(O)c2)c1,Baraa{B}aa{!A~A!asaaa{B}a{B}as}ar,39.833333333333336
CHEMBL2153179,CCCSc1ncccc1C(=O)N(C)[C@@H]2[C@@H]3CC4C[C@H]2C[C@@](O)(C4)C3,2.49,C12C[C@@]3(O)C[C@H]([C@@H](N(C(=O)c4cccnc4SCCC)C)[C@@H](C1)C3)C2,AAAEardaaaarA{~B}D{A}{A**Q}s{A**Q}tAAuA{A*Q}sA{A**}{B}{Au}At,33.49999999999999
CHEMBL1241590,CS(=O)(=O)c1ccc(cc1)[C@@H](O)[C@@H](CF)NC(=O)C(Cl)Cl,0.44,c1c([C@@H](O)[C@@H](CF)NC(C(Cl)Cl)=O)ccc(S(=O)(C)=O)c1,AE{~B}{~B}araaa{aar}{A**Q}{B}{A**Q}{AG}DA{~B}A{Z}Z,67.66666666666666
CHEMBL2335876,COCCNC(=O)c1ccc(Nc2ncc3cc(ccc3n2)c4ccncc4)cc1C,2.78,c1cc(-c2ccncc2)cc2c1nc(Nc1cc(C)c(C(NCCOC)=O)cc1)nc2,ABAADA{~B}araaa{Dasdaataa{aaatds}auaadaau}aarA,28.66666666666667
CHEMBL2163583,Cc1cccc2c3CN(CCc3[nH]c12)C(=O)[C@@H]4CCCC[C@H]4C(=O)NC5(CC5)C#N,2.99,N1(C([C@@H]2CCCC[C@H]2C(=O)NC2(C#N)CC2)=O)Cc2c3cccc(C)c3[nH]c2CC1,AaraaaasatAD{AAat{dQ}ars}A{~B}{A**Q}uAAAA{A*Q}uA{~B}DAv{AAv}A^D,25.16666666666666
CHEMBL533154,Cc1cc(N)c2cc(NC(=O)CCC(=O)Nc3ccc4nc(C)cc(N)c4c3)ccc2n1,1.39,O=C(CCC(=O)Nc1cc2c(N)cc(C)nc2cc1)Nc1ccc2c(c(N)cc(C)n2)c1,Aaraa{D}asaa{DA{~B}AAA{~B}Dataaauda{A}aa{D}auat}aaasdr,51.83333333333334
CHEMBL211631,COc1cccc2c(ccnc12)c3c(C)n(CC(=O)O)c4ccc(C)cc34,0.49,c1(C)ccc2n(CC(O)=O)c(C)c(-c3ccnc4c3cccc4OC)c2c1,ABaraaaasa{aadars}ata{A}d{AA{~B}B}auaaa{A}aatu,66.83333333333333
CHEMBL1535,CCN(CCO)CCCC(C)Nc1ccnc2cc(Cl)ccc12,0.77,Clc1cc2c(cc1)c(NC(CCCN(CC)CCO)C)ccn2,AAD{AAB}AAAA{A}Daraadasaa{Z}aaars,62.166666666666664
CHEMBL468297,C1CC1Nc2ccc3nnc(c4ccccc4)n3n2,3.15,n1nc2n(c1-c1ccccc1)nc(NC1CC1)cc2,ArAArDasaaatdda{auaaaaau}dtds,22.5
CHEMBL2325732,CC(=O)NCC(NC(=O)C1(N)CCN(CC1)c2ncnc3[nH]ccc23)c4ccc(Cl)cc4,2.4,N(C(C1(N)CCN(c2c3c([nH]cc3)ncn2)CC1)=O)C(c1ccc(Cl)cc1)CNC(C)=O,AA{~B}DAA{DA{~B}Ar{D}AAD{AAr}asdadat{dQ}aaast}auaaa{Z}aau,35.0
CHEMBL1809191,CC(=O)N1CCN(CC1)c2ccc(Nc3nccc(n3)c4cnc5ccccn45)cc2,2.82,N1(C(=O)C)CCN(c2ccc(Nc3nccc(-c4cnc5ccccn45)n3)cc2)CC1,AA{~B}DrAAD{AAr}asaaa{Datdaaa{dt}auadavaaaaduv}aas,28.000000000000004
CHEMBL2207660,Cc1c(Cl)ccc(OC2CCN(C[C@H](O)CNC(=O)c3c[nH]nc3C(F)(F)F)CC2)c1Cl,3.66,c1[nH]nc(C(F)(F)F)c1C(NC[C@@H](O)CN1CCC(Oc2c(Cl)c(C)c(Cl)cc2)CC1)=O,Aara{Z}aaa{BAsAAD{A{A*Q}{B}ADA{~B}ata{dQ}datA{G}{G}G}AAs}arZ,13.999999999999998
CHEMBL2035034,NC1(CCC1)c2ccc(cc2)c3c(ncc4nccn34)c5ccccc5,1.7,c1c(-c2ncc3nccn3c2-c2ccc(C3(N)CCC3)cc2)cccc1,DAr{AAAr}asaaa{aas}ata{daaudaadtu}avaaaaav,46.666666666666664
CHEMBL460,CCc1c(C)[nH]c2CCC(CN3CCOCC3)C(=O)c12,1.54,C(C1CCc2c(c(CC)c(C)[nH]2)C1=O)N1CCOCC1,AAara{A}{dQ}asAAA{ADtAABAAt}A{~B}ars,49.333333333333336
CHEMBL2035031,NC1(CCC1)c2ccc(cc2)c3ncc4cccnc4c3c5ccccc5,1.7,c1cc(-c2c3c(cccn3)cnc2-c2ccc(C3(N)CCC3)cc2)ccc1,DAr{AAAr}asaaa{aas}atdaauaaadauatavaaaaav,46.666666666666664
CHEMBL2362258,ON=Cc1oc(cc1)[N+](=O)[O-],1.31,o1c([N+](=O)[O-])ccc1C=NO,BD~Aarba{aar}{D%}{~B}{B_},53.166666666666664
CHEMBL71917,CC(C)OC(=O)C1=CN(Cc2c(F)cccc2F)c3sc(c(CN(C)Cc4ccccc4)c3C1=O)c5ccc(NC(=O)C(C)C)cc5,3.5,c12sc(-c3ccc(NC(=O)C(C)C)cc3)c(CN(Cc3ccccc3)C)c1c(=O)c(C(OC(C)C)=O)cn2Cc1c(F)cccc1F,AA{A}BA{~B}Ar~AD{Aasa{G}aaaasG}atea{a{AD{A}Aauaaaaau}atAr~B}avaaa{DA{~B}A{A}A}aav,16.666666666666668
CHEMBL1458496,Clc1cccc(C(=O)N2CCN(CC2)c3ccccn3)c1Cl,2.98,C1N(c2ccccn2)CCN(C(=O)c2cccc(Cl)c2Cl)C1,Zaraaaa{A{~B}DsAAD{AAs}ataaaadt}arZ,25.333333333333332
CHEMBL2062581,CC(=O)Nc1ccc2[nH]cc(c3cc(NC4CC4)n5ncc(C#N)c5n3)c2c1,2.65,c1(NC2CC2)cc(-c2c3c([nH]c2)ccc(NC(=O)C)c3)nc2c(C#N)cnn12,AA{~B}Daraaas{dQ}aa{ataa{DAuAAu}dvdaa{A^D}avdt}asar,30.833333333333332
CHEMBL1541257,C1Cc2ncc(c3ccc4OCCOc4c3)n2C1,2.33,C1n2c(-c3ccc4c(c3)OCCO4)cnc2CC1,ArAasdaa{ataaauBAABauat}dsAr,36.166666666666664
CHEMBL505521,CNC1=Nc2ncccc2C(=NC1c3cccs3)c4occc4,1.85,C1(NC)=Nc2ncccc2C(c2ccco2)=NC1c1sccc1,ADAr~DasdaaaasA{~DArataaaet}aubaaau,44.166666666666664
CHEMBL1955881,Oc1c(C#N)c(nc2ccncc12)c3ccc(cc3)c4ccccc4C(F)(F)F,3.3,C(F)(c1ccccc1-c1ccc(-c2nc3ccncc3c(O)c2C#N)cc1)(F)F,Bara{A^D}a{dasaadaars}ataaa{aat}auaaaaauA{G}{G}G,20.000000000000004
CHEMBL369684,C[Si](C)(C)C#Cc1cn(C[C@H]2CN(C(=O)O2)c3ccc(C4=CCS(=O)(=O)CC4)c(F)c3)nn1,1.26,Fc1c(C2=CCS(=O)(=O)CC2)ccc(N2C[C@H](Cn3nnc(C#C[Si](C)(C)C)c3)OC2=O)c1,A{X}{A}{A}A^Aarad{A{A*Q}sAD{A{~B}Bs}ataaa{Au~AAE{~B}{~B}AAu}a{G}at}ddr,54.0
CHEMBL2335912,C[C@@H](NC(=O)C)c1ccc(Nc2ncc3cc(cc(C)c3n2)c4ccncc4)cc1,3.46,c1(Nc2nc3c(C)cc(-c4ccncc4)cc3cn2)ccc([C@H](NC(=O)C)C)cc1,A{A**Q}{DA{~B}A}araaa{Dasdaataa{aa{A}atds}auaadaau}aar,17.333333333333332
CHEMBL2177155,CN1CCN(CC1)S(=O)(=O)c2ccc(c3cnc(N)c(n3)C(=O)Nc4cccnc4)c(c2)C(F)(F)F,3.25,c1c(NC(c2c(N)ncc(-c3ccc(S(=O)(N4CCN(C)CC4)=O)cc3C(F)(F)F)n2)=O)cccn1,ADrAAD{AAr}E{~B}{~B}asaaa{atada{D}a{dt}A{~B}Dauaaadau}a{as}A{G}{G}G,20.833333333333332
CHEMBL1916082,CCC(CC)NC(=O)c1cnn(c1NS(=O)(=O)c2ccc(C)cc2)c3ccccc3,0.79,c1(-n2c(NS(=O)(=O)c3ccc(C)cc3)c(C(NC(CC)CC)=O)cn2)ccccc1,AAA{AA}DA{~B}aradd{arDE{~B}{~B}asaaa{A}aas}ataaaaat,61.833333333333336
CHEMBL1605684,CC(=O)C1=CN(Cc2ccccc2)C(=O)N(Cc3ccc(F)cc3)C1=O,3.2,c1(Cn2cc(C(C)=O)c(=O)n(Cc3ccc(F)cc3)c2=O)ccccc1,AA{~B}Ar~AD{Aasaaaaas}A{~B}D{Aataaa{G}aat}Ar~B,21.66666666666666
CHEMBL2178371,Cc1nc(C)c(nc1C(=O)N)c2ccc(cc2)C34CCC(CC3)(CC4)C(=O)O,1.3,c1(C(N)=O)nc(-c2ccc(C34CCC(C(=O)O)(CC3)CC4)cc2)c(C)nc1C,Aarda{A}a{darA{~B}D}asaaa{aas}AtuAAA{AAt}{AAu}A{~B}B,53.333333333333336
CHEMBL1458025,Cc1sc2ncnc(SCC(=O)N3CCN(CC3)C(=O)c4occc4)c2c1C,2.7,C(C(=O)N1CCN(C(c2ccco2)=O)CC1)Sc1ncnc2sc(C)c(C)c21,Aareasdada{EAA{~B}DtAAD{AAt}A{~B}aubaaau}asarA,29.999999999999996
CHEMBL2171027,OC(=O)CCCS(=O)(=O)c1cccc(c1)C(=O)N2CCC(CC2)N3CCC(CC3)Oc4ccc(Cl)c(Cl)c4,0.66,C1CC(N2CCC(Oc3cc(Cl)c(Cl)cc3)CC2)CCN1C(=O)c1cc(S(CCCC(=O)O)(=O)=O)ccc1,BA{~B}AAAE{~B}{~B}araaaa{ar}A{~B}DsAAA{AAs}DtAAA{AAt}Bauaaa{Z}a{Z}au,64.0
CHEMBL100391,CN(C)CC(O)COc1ccc(Nc2ncc(Cl)c(Nc3ccccc3)n2)cc1,2.25,c1(Nc2c(Cl)cnc(Nc3ccc(OCC(O)CN(C)C)cc3)n2)ccccc1,AD{A}AA{B}ABaraaa{Dasdaa{Z}a{Dataaaaat}ds}aar,37.5
CHEMBL284954,CCOC(=O)[C@H](Cc1ccc(cc1)[N+](=O)[O-])NC(=O)c2ccccc2,2.79,C(c1ccccc1)(N[C@@H](Cc1ccc([N+](=O)[O-])cc1)C(=O)OCC)=O,AABA{~B}{A*Q}{Aaraaa{aar}{D%}{~B}{B_}}DA{~B}asaaaaas,28.5
CHEMBL92484,CCc1cccc(c1)N(C)C(=N)Nc2cccc3ccccc23,1.57,c1c(N(C)C(=N)Nc2c3c(cccc3)ccc2)cccc1CC,AAaraaaa{ar}D{A}A{~D}Dasaaaataaaaast,48.833333333333336
CHEMBL264026,CC[S+]([O-])c1ncccc1C2(O)CCN(CC34CC(c5ccccc35)c6ccccc46)CC2,2.0,[O-][S+](c1c(C2(O)CCN(CC34c5ccccc5C(c5ccccc53)C4)CC2)cccn1)CC,AA{E%}{{B_}}ardaaaarAs{B}AAD{AAtuAA{avaaaaatv}awaaaaauw}AAs,41.666666666666664
CHEMBL1499,C[C@]12CCC(=O)C=C1CC[C@H]3[C@@H]4CC[C@](O)(C(=O)CO)[C@@]4(C)CC(=O)[C@H]23,1.4,[C@@]1(O)(C(=O)CO)CC[C@H]2[C@@H]3CCC4=CC(=O)CC[C@]4(C)[C@H]3C(=O)C[C@]12C,A{A*}rsAAA{~B}A~ArAA{A*Q}t{A**Q}uAA{A*}{B}{A{~B}AB}{A**}u{A}AA{~B}{A*Q}st,51.666666666666664
CHEMBL393501,CN1C(=O)C=C(CCc2cccc(c2)c3ccccc3)N=C1N,3.8,c1(CCc2nc(N)n(C)c(=O)c2)cc(-c2ccccc2)ccc1,ADrA{~B}A~A{AAasaaaa{as}ataaaaat}D~ArD,11.66666666666667
CHEMBL1222443,CC1=CC2=NNC(=O)N2c3cc(ccc13)c4occc4,2.07,c1ccc(-c2ccc3c(C)cc4n[nH]c(=O)n4c3c2)o1,AAr~AAs~DDA{~B}Dsataa{aaart}aubaaau,40.50000000000001
CHEMBL2335904,C[C@@H](NC1=CC(=O)CC1)c2ccc(Nc3ncc4cc(ccc4n3)c5ccncc5)cc2,3.2,c1(Nc2ncc3cc(-c4ccncc4)ccc3n2)ccc([C@@H](C)NC2=CC(=O)CC2)cc1,A{A**Q}{DAr~AA{~B}AAr}asaaa{Datdaauaa{aaaudt}avaadaav}aas,21.66666666666666
CHEMBL2153173,CCCSc1ncccc1C(=O)NC2CCCCC2,3.24,C1CCC(NC(c2c(SCCC)nccc2)=O)CC1,AAAEardaaaarA{~B}DAsAAAAAs,20.999999999999996
CHEMBL1916283,C[C@@H](NC(=O)c1c(C)nn(c1NS(=O)(=O)c2ccc(C)cc2)c3ccccc3)C(C)(C)C,1.2,c1(S(Nc2n(-c3ccccc3)nc(C)c2C(=O)N[C@@H](C(C)(C)C)C)(=O)=O)ccc(C)cc1,A{A**Q}{DA{~B}ara{A}dd{arDE{~B}{~B}asaaa{A}aas}ataaaaat}A{A}{A}A,55.0
CHEMBL184271,COc1cc2ncnc(Nc3cc(NC(=O)c4ccnc(c4)N5CCOCC5)ccc3C)c2cc1OCCN6CCOCC6,3.19,O=C(c1ccnc(N2CCOCC2)c1)Nc1cc(Nc2ncnc3c2cc(OCCN2CCOCC2)c(OC)c3)c(C)cc1,ABaraasdada{Dataa{DA{~B}auaada{au}DvAABAAv}aaatA}asaarBAADwAABAAw,21.833333333333332
CHEMBL2164744,COc1ccc2N=CC(=O)N(CCN3CC[C@H](NCc4cc5OCCOc5cn4)[C@H](O)C3)c2c1,0.77,N(Cc1cc2c(cn1)OCCO2)[C@@H]1[C@H](O)CN(CCn2c(=O)cnc3c2cc(OC)cc3)CC1,ABaraaasD~AA{~B}D{AADtAA{A*Q}{DAauaavBAABavadu}{A*Q}{B}At}asar,62.166666666666664
CHEMBL1940279,O[C@]1(CN2CCC1CC2)C#Cc3ccc(Oc4ccc(cc4)C(=O)NCc5ccnc6ccccc56)cc3,3.88,c1c(CNC(c2ccc(Oc3ccc(C#C[C@@]4(O)C5CCN(CC5)C4)cc3)cc2)=O)c2c(nc1)cccc2,B{A*}r{ADsAAArAAs}A^Aataaa{Bauaaa{aau}A{~B}DAavaadawaaaaavw}aat,10.333333333333336
CHEMBL631,CCCNCC(O)COc1ccccc1C(=O)CCc2ccccc2,1.72,C(C)CNCC(O)COc1c(C(CCc2ccccc2)=O)cccc1,AAADAA{B}ABaraaaaarA{~B}AAasaaaaas,46.333333333333336
CHEMBL1303766,CCN(CC)c1ccc2C=C(C(=O)O)C(=O)Oc2c1,-0.2,C(O)(=O)c1c(=O)oc2c(c1)ccc(N(CC)CC)c2,AAD{AA}araaasA~A{A{~B}B}A{~B}Basar,78.33333333333333
CHEMBL2036782,CC(C)N1CCN[C@H](C1)C(=O)N2CCN(CC2)C(=O)Nc3ccc(Cl)c(Cl)c3,2.21,C1N(C(Nc2ccc(Cl)c(Cl)c2)=O)CCN(C(=O)[C@H]2CN(C(C)C)CCN2)C1,AA{A}DrAAD{A*Q}{Ar}A{~B}DsAAD{AAs}A{~B}Dataaa{Z}a{Z}at,38.166666666666664
CHEMBL20210,CCOC(=O)\C=C\[C@H](C[C@@H]1CCNC1=O)NC(=O)[C@@H](CC(=O)[C@@H](NC(=O)c2cc(C)on2)C(C)C)Cc3ccc(F)cc3,2.8,C1(=O)NCC[C@H]1C[C@H](NC(=O)[C@@H](CC(=O)[C@H](C(C)C)NC(=O)c1noc(C)c1)Cc1ccc(F)cc1)/C=C/C(OCC)=O,AABA{~B}!A~A!{A*Q}{A{A**Q}rAADAr~B}DA{~B}{A**Q}{AA{~B}{A**Q}{DA{~B}asaa{A}bds}A{A}A}Aataaa{G}aat,28.33333333333334
CHEMBL2336331,C[C@@H]1CN(C[C@H](C)O1)c2nc(N3CCOC[C@@H]3C)c4ccc(nc4n2)c5ccccc5,3.75,n1c(N2CCOC[C@@H]2C)c2ccc(-c3ccccc3)nc2nc1N1C[C@@H](C)O[C@@H](C)C1,A{A**Q}rAD{A{A*Q}{A}Br}asda{DtAABA{A**Q}tA}auaaa{dauds}avaaaaav,12.5
CHEMBL277474,CN1N(C(=O)C=C1C)c2ccccc2,0.11,c1cccc(-n2c(=O)cc(C)n2C)c1,ADrD{A{~B}A~ArA}asaaaaas,73.16666666666666
CHEMBL2179668,CC1=CN([C@H]2CCCN(Cc3ccc(C(=O)O)c(Oc4cccc(F)c4)c3)C2)C(=O)NC1=O,-1.03,C1CC[C@H](n2c(=O)[nH]c(=O)c(C)c2)CN1Cc1ccc(C(O)=O)c(Oc2cc(F)ccc2)c1,AAr~AD{{A*Q}sAAAD{Aataaa{A{~B}B}a{Bauaaaa{G}au}at}As}A{~B}DAr~B,92.16666666666667
CHEMBL1349,CC(C)[C@H](N)C(=O)OCCOCn1cnc2C(=O)N=C(N)Nc12,-1.3,O=C(OCCOCn1c2[nH]c(N)nc(=O)c2nc1)[C@@H](N)C(C)C,AA{A}{A*Q}{D}A{~B}BAABAdradasA{~B}D~A{D}Dars,96.66666666666667
CHEMBL1949685,CN[C@@H](C)C(=O)N[C@@H](C1CCCCC1)C(=O)N[C@H]2CCCN(CCc3ccccc3)C2,1.65,c1ccc(CCN2C[C@@H](NC([C@@H](NC(=O)[C@H](C)NC)C3CCCCC3)=O)CCC2)cc1,AD{A**Q}{A}A{~B}D{A**Q}{ArAAAAAr}A{~B}D{A*Q}sAAAD{AAataaaaat}As,47.5
CHEMBL2011908,CNc1c(Br)cnc2[nH]c(nc12)c3ccc(cc3)S(=O)(=O)C,2.88,c1(S(=O)(C)=O)ccc(-c2nc3c([nH]2)ncc(Br)c3NC)cc1,ADara{Y}adas{dQ}a{dars}ataaa{aat}E{~B}{~B}A,27.0
CHEMBL392559,Clc1ccc(CN2C[C@@H]3C[C@H]2CN3)cc1C(=O)NCC45CC6CC(CC(C6)C4)C5,1.45,c1c(C(NCC23CC4CC(CC(C4)C2)C3)=O)c(Cl)ccc1CN1C[C@@H]2C[C@H]1CN2,Zaraaa{ADsA{A**Q}tA{A*Q}sADt}aarA{~B}DAAuvAAwAA{AA{Aw}Au}Av,50.833333333333336
CHEMBL760,Clc1ccc2N=C3NC(=O)CN3Cc2c1Cl,1.86,Clc1ccc2c(c1Cl)CN1CC(=O)NC1=N2,ZaraaasD~AtDA{~B}ADtAasarZ,43.99999999999999
CHEMBL2158834,OC(=O)c1cccnc1N2CCC(CN3CCC(CC3)Oc4ccc(Cl)c(Cl)c4)CC2,1.71,c1(Cl)c(Cl)cc(OC2CCN(CC3CCN(c4ncccc4C(=O)O)CC3)CC2)cc1,BA{~B}araaadarDsAAA{ADtAAA{AAt}Bauaaa{Z}a{Z}au}AAs,46.5
CHEMBL1385161,CC(=O)Nc1nc(N)n(n1)c2ccccc2,-0.2,CC(Nc1nc(N)n(-c2ccccc2)n1)=O,AA{~B}Darda{D}d{dr}asaaaaas,78.33333333333333
CHEMBL452861,CC(C)NC[C@H](O)COc1cccc2ccccc12,0.99,C([C@@H](O)CNC(C)C)Oc1cccc2ccccc12,AA{A}DA{A*Q}{B}ABaraaaasaaaaars,58.5
CHEMBL324343,CC(C)C(NC(=O)CN1C(=O)C(=CC=C1c2ccccc2)NC(=O)Cc3ccccc3C(=O)O)C(=O)C(F)(F)F,1.14,C(=O)(O)c1c(CC(Nc2c(=O)n(CC(NC(C(C)C)C(=O)C(F)(F)F)=O)c(-c3ccccc3)cc2)=O)cccc1,AA{A}A{DA{~B}ADrA{~B}A{~AA~Arasaaaaas}DA{~B}AataaaaatA{~B}B}A{~B}A{G}{G}G,56.00000000000001
CHEMBL379350,CCN(CC)c1ccc2C=C(C(=O)C)C(=O)Oc2c1,2.0,O=C(c1c(=O)oc2c(c1)ccc(N(CC)CC)c2)C,AAD{AA}araaasA~A{A{~B}A}A{~B}Basar,41.666666666666664
CHEMBL1468936,CCOC(=O)c1c(nc2cc(C)ccn12)c3ccccc3,3.8,c1cc(-c2c(C(OCC)=O)n3ccc(C)cc3n2)ccc1,AABA{~B}ara{dasaa{A}aadrs}ataaaaat,11.66666666666667
CHEMBL1778627,CN(c1ccc(cc1)c2cc(ccc2OCC(=O)O)C(F)(F)F)S(=O)(=O)C,-0.81,c1(-c2c(OCC(O)=O)ccc(C(F)(F)F)c2)ccc(N(S(=O)(C)=O)C)cc1,AD{araaa{aar}asaa{aaasBAA{~B}B}A{G}{G}G}E{~B}{~B}A,88.5
CHEMBL1762521,CN(c1ccccc1)c2ccnc(Nc3cc(cc(c3)N4CCOCC4)N5CCOCC5)n2,3.47,n1c(N(C)c2ccccc2)ccnc1Nc1cc(N2CCOCC2)cc(N2CCOCC2)c1,AD{araaaaar}asaada{Dataa{aa{at}DuAABAAu}DvAABAAv}ds,17.166666666666664
CHEMBL2170985,Nc1ncnc2c1ncn2[C@@H]3O[C@H](CSCCCNC(=O)NCc4ccccc4)[C@@H](O)[C@H]3O,0.9,n1c(N)c2ncn([C@@H]3O[C@H](CSCCCNC(=O)NCc4ccccc4)[C@@H](O)[C@H]3O)c2nc1,Dardadasardads{A**Q}tB{A*Q}{AEAAADA{~B}DAauaaaaau}{A**Q}{B}{A*Q}tB,60.0
CHEMBL91428,COc1cc2ncnc(Nc3cc4ccccc4cn3)c2cc1OC,3.9,c1cc2cc(Nc3ncnc4cc(OC)c(OC)cc34)ncc2cc1,ABaraasdada{Dataauaaaaauadt}asaarBA,10.000000000000002
CHEMBL567175,Oc1ccc2C[C@H]3N(CC4CC4)CC[C@@]56[C@@H](Oc1c25)c7[nH]c8ccccc8c7C[C@@]36O,2.7,c12c3c(cccc3)[nH]c1[C@H]1[C@]34c5c(ccc(O)c5O1)C[C@H]([C@]3(O)C2)N(CC1CC1)CC4,BaraaasA{A*Q}tD{AAuAAu}AA{A**}vw{A**Q}{Barasv}ax{dQ}ayaaaaayaxA{A**}twB,29.999999999999996
CHEMBL1916083,CNC(=O)c1cnn(c1NS(=O)(=O)c2ccc(C)cc2)c3ccccc3,-0.54,c1ccc(-n2ncc(C(=O)NC)c2NS(c2ccc(C)cc2)(=O)=O)cc1,ADA{~B}aradd{arDE{~B}{~B}asaaa{A}aas}ataaaaat,84.0
CHEMBL2335865,COCCNC(=O)c1ccc(Nc2ncc3cc(ccc3n2)c4ccnc(C)c4)cc1,3.56,c1cc(-c2cc3c(nc(Nc4ccc(C(NCCOC)=O)cc4)nc3)cc2)cc(C)n1,ABAADA{~B}araaa{Dasdaataa{aaatds}auaada{A}au}aar,15.666666666666666
CHEMBL384536,CC(C)CN1C(=O)N(C)C(=O)c2c1sc(Cc3c[nH]c4ncccc34)c2C(=O)N5C[C@H](O)CO5,2.04,c1ccc2c([nH]cc2Cc2sc3c(c2C(=O)N2OC[C@@H](O)C2)c(=O)n(C)c(=O)n3CC(C)C)n1,AA{A}ADrA{~B}D{A}A{~B}asarea{Aata{dQ}audaaaatu}asA{~B}DvA{A*Q}{B}ABv,41.0
CHEMBL313907,O=S(=O)(Nc1nc(nn1Cc2ccccc2)c3ccccc3)c4ccccc4,1.25,n1c(-c2ccccc2)nc(NS(=O)(c2ccccc2)=O)n1Cc1ccccc1,B~E{~B}{Darda{ddrAasaaaaas}ataaaaat}auaaaaau,54.166666666666664
CHEMBL2059910,CNC(=O)Nc1nc2ccc(cn2n1)c3cncc(c3)S(=O)(=O)NC(C)(C)C,1.58,C(C)(NS(=O)(=O)c1cncc(-c2cn3nc(NC(=O)NC)nc3cc2)c1)(C)C,ADA{~B}Dardasaaa{adsdr}atadaa{at}E{~B}{~B}DA{A}{A}A,48.666666666666664
CHEMBL1809062,COc1cc(ccc1Nc2ncc(Cl)c(n2)c3cnc4ccccn34)N5CCN(CCO)CC5,3.2,N1(c2ccc(Nc3ncc(Cl)c(-c4n5ccccc5nc4)n3)c(OC)c2)CCN(CCO)CC1,ABaraa{aaarDasdaa{Z}a{ds}atadauaaaadtu}DvAAD{AAB}AAv,21.66666666666666
CHEMBL2035039,NC1(CCC1)c2ccc(cc2)N3C(=O)c4ccccc4N=C3c5ccccc5,1.6,c1(-c2n(-c3ccc(C4(N)CCC4)cc3)c(=O)c3c(cccc3)n2)ccccc1,DAr{AAAr}asaaa{aas}DtA{~B}auaaaaauD~Atavaaaaav,48.333333333333336
CHEMBL1824040,CC(=O)c1ccc2OCC(=O)N(CCN3CCC(CC3)NCc4ccc5OCC(=O)Nc5n4)c2c1,0.37,N1(CCN2C(=O)COc3c2cc(C(C)=O)cc3)CCC(NCc2ccc3c(n2)NC(=O)CO3)CC1,AA{~B}araaasBAA{~B}D{AADtAAA{AAt}DAauaaavBAA{~B}Davdu}asar,68.83333333333333
CHEMBL569,CCN(CC)CCOC(=O)c1ccc(N)cc1,0.0,c1(C(OCCN(CC)CC)=O)ccc(N)cc1,AAD{AA}AABA{~B}araaa{D}aar,75.0
CHEMBL515839,CC(C)n1c(C)ncc1c2ccnc(Nc3ccc(cc3)S(=O)(=O)CC4CCCO4)n2,2.82,c1(-c2cnc(C)n2C(C)C)ccnc(Nc2ccc(S(=O)(=O)CC3CCCO3)cc2)n1,AA{A}dra{A}daarasaada{Dataaa{aat}E{~B}{~B}AAuAAABu}ds,28.000000000000004
CHEMBL2207655,CC1(O)CN(C1)S(=O)(=O)c2ccc3C(=CNC(=O)c3c2)C(=O)NC[C@@H](O)CN4CCC(CC4)Oc5ccc(Cl)c(Cl)c5,2.54,c1c(OC2CCN(C[C@@H](CNC(c3c[nH]c(=O)c4cc(S(=O)(=O)N5CC(C)(O)C5)ccc43)=O)O)CC2)ccc(Cl)c1Cl,AAr{B}AD{Ar}E{~B}{~B}asaaatA{~ADA{~B}atas}A{~B}DA{A**Q}{B}ADuAAA{AAu}Bavaaa{Z}a{Z}av,32.666666666666664
CHEMBL789,NC(Cc1cc(I)c(Oc2ccc(O)c(I)c2)c(I)c1)C(=O)O,0.97,c1c(I)c(O)ccc1Oc1c(I)cc(CC(C(O)=O)N)cc1I,DA{Aaraa{H}a{Basaaa{B}a{H}as}a{H}ar}A{~B}B,58.833333333333336
CHEMBL51931,O=C1C(=O)c2ccccc2c3ccccc13,2.6,c1cccc2c1C(=O)C(=O)c1ccccc1-2,B~ArA{~B}asaaaaasataaaaart,31.666666666666668
CHEMBL235789,Clc1ccc(CN2CCNCC2)cc1C(=O)NCC34CC5CC(CC(C5)C3)C4,1.84,c1(C(=O)NCC23CC4CC(C2)CC(C4)C3)cc(CN2CCNCC2)ccc1Cl,Zaraaa{ADsAADAAs}aarA{~B}DAAtuAAvAA{AA{Av}At}Au,44.333333333333336
CHEMBL443684,CC1(C)CCC(=C(CN2CCN(CC2)c3ccc(cc3)C(=O)NS(=O)(=O)c4ccc(N[C@H](CCN5CCOCC5)CSc6ccccc6)c(c4)S(=O)(=O)C(F)(F)F)C1)c7ccc(Cl)cc7,0.64,CC1(C)CCC(c2ccc(Cl)cc2)=C(CN2CCN(c3ccc(C(NS(=O)(=O)c4ccc(N[C@@H](CSc5ccccc5)CCN5CCOCC5)c(S(C(F)(F)F)(=O)=O)c4)=O)cc3)CC2)C1,AAr{A}AAA{~A{ADsAAD{AAs}ataaa{aat}A{~B}DE{~B}{~B}auaaa{D{A*Q}{AADvAABAAv}AEawaaaaaw}a{au}E{~B}{~B}A{G}{G}G}Ar}axaaa{Z}aax,64.33333333333333
CHEMBL273235,Fc1ccc(cc1)n2cc(C3CCNCC3)c4cc(Cl)ccc24,2.4,c1cc(-n2cc(C3CCNCC3)c3cc(Cl)ccc32)ccc1F,Garaaa{aar}dsaa{AtAADAAt}auaa{Z}aaasu,35.0
CHEMBL1270671,CS(=O)(=O)c1cccc(Nc2nccc(Nc3cccc4ccoc34)n2)c1,3.52,c1coc2c(Nc3nc(Nc4cc(S(=O)(=O)C)ccc4)ncc3)cccc12,AE{~B}{~B}araaaa{Dasdaaa{Dataaaauaabatu}ds}ar,16.333333333333332
CHEMBL2152906,CCN1C=C(C=C(C)C1=O)[C@@]2(N=C(N)c3c(F)cccc23)c4cccc(c4)c5cc(ccn5)C#CC,4.4,Fc1c2c(ccc1)[C@](c1cccc(-c3nccc(C#CC)c3)c1)(c1cc(C)c(=O)n(CC)c1)N=C2N,AADrA~A{A~A{A}Ar~B}{A**}s{D~A{D}ata{G}aaaast}auaaaa{au}avaa{aadv}A^AA,1.6666666666666607
CHEMBL11336,COC(=O)NC1=CN=C(N(CC(=O)NC(C(C)C)C(=O)C(F)(F)F)C1=O)c2ccc(F)cc2,1.82,c1(-c2ccc(F)cc2)ncc(NC(=O)OC)c(=O)n1CC(=O)NC(C(C(F)(F)F)=O)C(C)C,ABA{~B}DAr~AD~A{D{AA{~B}DA{A{A}A}A{~B}A{G}{G}G}Ar~B}asaaa{G}aas,44.666666666666664
CHEMBL2315158,CCCCNc1nc(N)c2NC(=O)N(Cc3ccc(OCCN(C)C)nc3)c2n1,1.9,c12[nH]c(=O)n(Cc3ccc(OCCN(C)C)nc3)c1nc(NCCCC)nc2N,AAAADarda{D}asDA{~B}D{Aataaa{BAAD{A}A}dat}asdr,43.333333333333336
CHEMBL1762,CC(N)C(=O)Nc1c(C)cccc1C,-0.15,c1(C)c(NC(C(N)C)=O)c(C)ccc1,AA{D}A{~B}Dara{A}aaaarA,77.50000000000001
CHEMBL550777,NC1CCN(CC1)c2nccc(C(=O)NCC34CC5CC(CC(C5)C3)C4)c2Cl,1.19,C1C2(CNC(=O)c3c(Cl)c(N4CCC(N)CC4)ncc3)CC3CC(CC1C3)C2,DArAAD{AAr}asdaaa{A{~B}DAAtuAAvAA{AA{Av}At}Au}asZ,55.166666666666664
CHEMBL1163879,COc1ccc(cc1)C(=O)N2CCC(CC2)C(=O)c3ccc(F)cc3,2.92,O=C(C1CCN(C(c2ccc(OC)cc2)=O)CC1)c1ccc(F)cc1,ABaraaa{aar}A{~B}DsAAA{AAs}A{~B}ataaa{G}aat,26.333333333333332
CHEMBL554169,Cc1ccc(OC(=O)N2CCN3CCC2CC3)cc1,1.02,C1CN2CCC1N(C(=O)Oc1ccc(C)cc1)CC2,Aaraaa{BA{~B}DsAADtAAAsAAt}aar,58.0
CHEMBL2062564,CC(=O)Nc1ccc2cnn(c3cc(NC4CC4)n5ncc(C#N)c5n3)c2c1,3.44,c1(-n2c3c(ccc(NC(=O)C)c3)cn2)nc2n(ncc2C#N)c(NC2CC2)c1,AA{~B}Daraaasadd{ataa{DAuAAu}dvdaa{A^D}avdt}asar,17.666666666666668
CHEMBL561339,CCN(CC)C(=O)c1ccc(C2=CC3(CCNCC3)Oc4ccccc24)c(O)c1,0.77,c1c(C(=O)N(CC)CC)ccc(C2=CC3(CCNCC3)Oc3ccccc32)c1O,AAD{AA}A{~B}araaa{As~AAt{AADAAt}Bauaaaaasu}a{B}ar,62.166666666666664
CHEMBL1682810,CN1CCOc2nc(ccc12)C#Cc3ccccc3,3.8,c1cccc(C#Cc2nc3c(cc2)N(C)CCO3)c1,ADrAABasda{aaars}A^Aataaaaat,11.66666666666667
CHEMBL1536083,CCOC(=O)CN(c1ccccc1C)S(=O)(=O)c2ccc(Cl)cc2,4.03,c1cc(S(=O)(N(c2c(C)cccc2)CC(=O)OCC)=O)ccc1Cl,AABA{~B}AD{araaaaarA}E{~B}{~B}asaaa{Z}aas,7.833333333333329
CHEMBL1950730,CN[C@@H](C)C(=O)N[C@@H](C1CCCCC1)C(=O)N[C@H]2CCCN(C2)C(=O)Cc3ccccc3,1.32,C1[C@@H](NC([C@H](C2CCCCC2)NC([C@@H](NC)C)=O)=O)CCCN1C(Cc1ccccc1)=O,AD{A**Q}{A}A{~B}D{A**Q}{ArAAAAAr}A{~B}D{A*Q}sAAAD{As}A{~B}Aataaaaat,53.0
CHEMBL60066,[O-][n+]1cc(ccc1Cl)C(=O)Nc2ccc(F)cc2,1.38,O=C(Nc1ccc(F)cc1)c1ccc(Cl)[n+]([O-])c1,{B_}{d%}raa{aaarZ}A{~B}Dasaaa{G}aas,52.0
CHEMBL1927039,N#Cc1ccc(Nc2nccc(NC3CC3)n2)cc1,3.01,c1(Nc2nc(NC3CC3)ccn2)ccc(C#N)cc1,D^Aaraaa{Dasdaaa{DAtAAt}ds}aar,24.83333333333334
CHEMBL403813,Nc1ccccc1NC(=O)c2ccc(cc2)c3ncc(CN4CCC4)cc3C#N,1.22,c1(C(Nc2ccccc2N)=O)ccc(-c2ncc(CN3CCC3)cc2C#N)cc1,DaraaaaarDA{~B}asaaa{aas}atdaa{ADuAAAu}aatA^D,54.666666666666664
CHEMBL2086688,C[C@@H]1CN(CCN1c2ncc(OCc3ccncc3C#N)cn2)C(=O)OCC(F)F,2.3,c1(C#N)cnccc1COc1cnc(N2[C@H](C)CN(C(OCC(F)F)=O)CC2)nc1,A{A**Q}rAD{AADrasdaa{BAataadaatA^D}ads}A{~B}BAA{G}G,36.66666666666667
CHEMBL430507,CN(C)CC(O)COc1ccc(Nc2nccc(n2)N(CC#N)c3cc(Cl)ccc3Cl)cc1,2.4,N(CC#N)(c1cc(Cl)ccc1Cl)c1nc(Nc2ccc(OCC(CN(C)C)O)cc2)ncc1,AD{A}AA{B}ABaraaa{Dasdaaa{ds}D{AA^D}ataa{Z}aaatZ}aar,35.0
CHEMBL1762536,CN(c1ccnc(Nc2cc(cc(c2)N3CCOCC3)N4CCCC4)n1)c5cc(CO)ccc5C,3.8,N(c1nc(N(c2c(C)ccc(CO)c2)C)ccn1)c1cc(N2CCOCC2)cc(N2CCCC2)c1,AD{araada{Dasaa{aa{as}DtAABAAt}DuAAAAu}dr}avaa{AB}aaavA,11.66666666666667
CHEMBL87277,Cn1nc(cc1NC(=O)Nc2ccc(Cl)cc2)C(C)(C)C,3.97,c1(C(C)(C)C)nn(C)c(NC(Nc2ccc(Cl)cc2)=O)c1,Adrda{aarDA{~B}Dasaaa{Z}aas}A{A}{A}A,8.83333333333333
CHEMBL878,CC1Nc2cc(Cl)c(cc2C(=O)N1c3ccccc3C)S(=O)(=O)N,1.64,N1c2cc(Cl)c(S(=O)(N)=O)cc2C(=O)N(c2ccccc2C)C1C,AArDasaa{Z}a{aasA{~B}DrataaaaatA}E{~B}{~B}D,47.66666666666668
CHEMBL499864,Cn1cnc(c2ccccc2)c1C#Cc3ccnc(N)n3,2.94,c1(-c2ncn(C)c2C#Cc2ccnc(N)n2)ccccc1,Adrada{asaaaaas}arA^Aataada{D}dt,26.0
CHEMBL1610495,CNC(=O)c1cc(C(=O)c2ccc(Cl)cc2)c(Br)[nH]1,3.1,c1(C(c2c(Br)[nH]c(C(=O)NC)c2)=O)ccc(Cl)cc1,ADA{~B}araa{A{~B}asaaa{Z}aas}a{Y}{dQ}r,23.333333333333332
CHEMBL2325622,CN1CC(C1)n2nccc2c3cc(Cl)ccc3Oc4cc(F)c(cc4F)S(=O)(=O)Nc5ncns5,1.0,C1(n2nccc2-c2c(Oc3c(F)cc(S(=O)(Nc4ncns4)=O)c(F)c3)ccc(Cl)c2)CN(C)C1,ADrAA{Ar}dsdaaasataa{Z}aaatBauaa{G}a{aauG}E{~B}{~B}Davdadev,58.333333333333336
CHEMBL1081627,Oc1ccc(Nc2nc(cs2)c3ccc(cc3)C#N)cc1,4.1,c1c(-c2csc(Nc3ccc(O)cc3)n2)ccc(C#N)c1,Baraaa{Dasda{aes}ataaa{aat}A^D}aar,6.666666666666672
CHEMBL198497,CCN(C1CCN(CCC(c2ccccc2)c3ccc(NC(=O)C)cc3)CC1)C(=O)Cc4ccc(cc4)S(=O)(=O)C,2.09,c1(CC(N(C2CCN(CCC(c3ccc(NC(C)=O)cc3)c3ccccc3)CC2)CC)=O)ccc(S(=O)(C)=O)cc1,AAD{ArAAD{AAA{asaaaaas}ataaa{DA{~B}A}aat}AAr}A{~B}Aauaaa{aau}E{~B}{~B}A,40.166666666666664
CHEMBL453261,Cc1ccc(cc1)S(=O)(=O)c2ccccc2,2.74,c1(S(=O)(c2ccc(C)cc2)=O)ccccc1,Aaraaa{aar}E{~B}{~B}asaaaaas,29.33333333333333
CHEMBL2325987,CC(NC(=O)C1(N)CCN(CC1)c2ncnc3[nH]ccc23)c4ccc(F)cc4,2.4,c1(C(C)NC(C2(N)CCN(c3ncnc4[nH]ccc43)CC2)=O)ccc(F)cc1,AA{DA{~B}Ar{D}AAD{AAr}asdadat{dQ}aaast}auaaa{G}aau,35.0
CHEMBL518760,COc1cc2ncc(C(=O)N)c(Nc3ccc(F)cc3F)c2cc1NCCN4CCCCC4,2.52,c1c(C(N)=O)c(Nc2ccc(F)cc2F)c2cc(NCCN3CCCCC3)c(OC)cc2n1,ABaraasdaa{A{~B}D}a{Dataaa{G}aatG}asaarDAADuAAAAAu,33.0
CHEMBL1917444,COc1ccc(Sc2c(C)n(CC(=O)O)c3ccc(C)cc23)cc1,1.01,O=C(O)Cn1c(C)c(Sc2ccc(OC)cc2)c2cc(C)ccc12,ABaraaa{Easa{A}d{AA{~B}B}ataaa{A}aast}aar,58.166666666666664
CHEMBL1916281,CC(NC(=O)c1c(C)nn(c1NS(=O)(=O)c2ccc(C)cc2)c3ccccc3)C(C)(C)C,1.21,c1(S(Nc2n(-c3ccccc3)nc(C)c2C(NC(C)C(C)(C)C)=O)(=O)=O)ccc(C)cc1,AA{DA{~B}ara{A}dd{arDE{~B}{~B}asaaa{A}aas}ataaaaat}A{A}{A}A,54.833333333333336
CHEMBL1917418,Cc1ccc2c(c1)c(Sc3ccc(Cl)cc3)c(C)n2CC(=O)O,2.18,c12ccc(C)cc1c(Sc1ccc(Cl)cc1)c(C)n2CC(=O)O,Aaraaasa{ar}a{Eataaa{Z}aat}a{A}dsAA{~B}B,38.666666666666664
CHEMBL556667,Clc1cccc(NC(=O)c2ccccn2)c1,3.4,n1ccccc1C(Nc1cc(Cl)ccc1)=O,Zaraaaa{DA{~B}asaaaads}ar,18.333333333333336
CHEMBL1481,CCC1=C(C)CN(C(=O)NCCc2ccc(cc2)S(=O)(=O)NC(=O)N[C@@H]3CC[C@@H](C)CC3)C1=O,1.73,c1(S(NC(=O)N[C@H]2CC[C@H](C)CC2)(=O)=O)ccc(CCNC(=O)N2CC(C)=C(CC)C2=O)cc1,AAAr~A{A}AD{A{~B}DAAasaaa{aas}E{~B}{~B}DA{~B}D{A**Q}tAA{A**Q}{A}AAt}Ar~B,46.166666666666664
CHEMBL1938681,Clc1ccc(cc1)c2oc(cc2)C(=O)N(Cc3ccccn3)c4ccc(cc4)N5CCNCC5,3.0,c1(Cl)ccc(-c2ccc(C(N(Cc3ncccc3)c3ccc(N4CCNCC4)cc3)=O)o2)cc1,Zaraaa{aar}asba{aas}A{~B}D{Aataaaadt}auaaa{aau}DvAADAAv,25.0
CHEMBL559696,O=C1NC=Nc2scc(c3cccs3)c12,2.18,s1cccc1-c1csc2nc[nH]c(=O)c21,B~ArDA~Daseaa{ataaaet}ars,38.666666666666664
CHEMBL2087853,CC(C)N1C(=O)N(CC2CC2)c3nn(Cc4ccnc5ccc(Cl)cc45)c(c6cncn6C)c3C1=O,4.02,c1(=O)c2c(-c3cncn3C)n(Cc3c4cc(Cl)ccc4ncc3)nc2n(CC2CC2)c(=O)n1C(C)C,AA{A}DrA{~B}D{AAsAAs}atdd{Aauaadavaaa{Z}aauv}a{awadadwA}atAr~B,8.000000000000007
CHEMBL567,OCCN1CCN(CCCN2c3ccccc3Sc4ccc(Cl)cc24)CC1,3.6,C1CN(CCO)CCN1CCCN1c2c(cccc2)Sc2c1cc(Cl)cc2,BAADrAAD{AAADsataaaaatEauaaa{Z}aasu}AAr,14.999999999999998
CHEMBL2071095,O=C(NC1(CC1)C#N)[C@@H]2CCCC[C@H]2C(=O)N3CCN(CC3)c4nc5ncccc5s4,1.4,C1CCC[C@@H](C(NC2(C#N)CC2)=O)[C@@H]1C(N1CCN(c2nc3c(cccn3)s2)CC1)=O,B~A{DAr{AAr}A^D}{A**Q}sAAAA{A*Q}sA{~B}DtAAD{AAt}audavdaaaaveu,51.666666666666664
CHEMBL256711,Nc1ccccc1NC(=O)c2ccc(cc2)c3nccs3,2.3,c1cc(N)c(NC(c2ccc(-c3nccs3)cc2)=O)cc1,DaraaaaarDA{~B}asaaa{aas}atdaaet,36.66666666666667
CHEMBL1682830,CCN1CCOc2cc(COc3ccccc3)cnc12,3.7,C(N1CCOc2cc(COc3ccccc3)cnc21)C,AADrAABasaa{ABataaaaat}adars,13.33333333333333
CHEMBL1649771,Nc1ncc([nH]1)c2ccc(F)cc2,1.39,Fc1ccc(-c2cnc(N)[nH]2)cc1,Dardaa{{dQ}r}asaaa{G}aas,51.83333333333334
CHEMBL402553,Clc1cc(Nc2ncnc3[nH]nc(OCCN4CCCC4)c23)ccc1OCc5ccccn5,2.87,c1(COc2ccc(Nc3c4c([nH]nc4OCCN4CCCC4)ncn3)cc2Cl)ccccn1,Zaraa{Dasdadat{dQ}da{BAADuAAAAu}ast}aaarBAavaaaadv,27.166666666666668
CHEMBL1645105,COc1ccc(cn1)c2ccc3nc(N)sc3c2,3.2,c12sc(N)nc1ccc(-c1cnc(OC)cc1)c2,ABaraaa{adr}asaaatda{D}eatas,21.66666666666666
CHEMBL2023704,COc1ccc(cc1)c2ccnc(N)n2,2.08,O(c1ccc(-c2nc(N)ncc2)cc1)C,ABaraaa{aar}asaada{D}ds,40.333333333333336
CHEMBL2164682,O=C(NC1(CC1)C#N)[C@@H]2CCCC[C@H]2C(=O)N3CCc4[nH]c5ccccc5c4C3,2.66,c12ccccc1c1c([nH]2)CCN(C(=O)[C@@H]2CCCC[C@H]2C(=O)NC2(C#N)CC2)C1,B~A{DAr{AAr}A^D}{A**Q}sAAAA{A*Q}sA{~B}DtAAau{dQ}avaaaaavauAt,30.666666666666668
CHEMBL1734492,NC(=O)NC(=O)C(Nc1ccc2CCCc2c1)c3ccccc3,3.3,O=C(NC(N)=O)C(c1ccccc1)Nc1cc2c(cc1)CCC2,DA{~B}DA{~B}A{DaraaasAAAasar}ataaaaat,20.000000000000004
CHEMBL1683038,COc1cc2nnc(C(=O)N)c(Nc3cccc(Cl)c3F)c2cc1N4CCN(C)CC4,2.35,O=C(N)c1nnc2cc(OC)c(N3CCN(C)CC3)cc2c1Nc1c(F)c(Cl)ccc1,ABaraasdda{A{~B}D}a{Dataaaa{Z}atG}asaarDuAAD{A}AAu,35.833333333333336
CHEMBL2030443,CS(=O)(=O)Cc1cc(nc(n1)c2cccc(CO)c2)N3CCOCC3,1.0,N1(c2nc(-c3cc(CO)ccc3)nc(CS(=O)(=O)C)c2)CCOCC1,AE{~B}{~B}Aaraa{da{dr}asaaaa{AB}as}DtAABAAt,58.333333333333336
CHEMBL213495,Cc1ccc2c(c1)c(c(C)n2CC(=O)O)c3ccnc4c(cccc34)C#N,0.52,c1(-c2c3cccc(C#N)c3ncc2)c2cc(C)ccc2n(CC(=O)O)c1C,Aaraaasa{ar}a{a{A}dsAA{~B}B}ataadaua{aaaatu}A^D,66.33333333333333
CHEMBL1483,CCCSc1ccc2nc(NC(=O)OC)[nH]c2c1,3.24,n1c(NC(=O)OC)[nH]c2cc(SCCC)ccc12,AAAEaraaasda{DA{~B}BA}{dQ}asar,20.999999999999996
CHEMBL565755,CCOc1ccc2nc(N)sc2c1,2.4,Nc1nc2c(cc(OCC)cc2)s1,AABaraaasda{D}easar,35.0
CHEMBL1644358,N(c1ccccc1)c2ccnc3ccccc23,2.78,c1cccc2c1c(Nc1ccccc1)ccn2,D{araaaaar}asaadataaaaast,28.66666666666667
CHEMBL284237,C[C@]12N[C@H](Cc3ccccc13)c4ccccc24,1.6,c12ccccc1C[C@@H]1c3c(cccc3)[C@@]2(C)N1,A{A*}rsD{A*Q}{Aataaaaart}auaaaaasu,48.333333333333336
CHEMBL79537,COc1cc(ccc1Cn2ccc3ccc(cc23)C(=O)NCC4CCCC4)C(=O)NS(=O)(=O)c5ccccc5,1.93,c1(S(NC(c2ccc(Cn3ccc4ccc(C(=O)NCC5CCCC5)cc43)c(OC)c2)=O)(=O)=O)ccccc1,ABaraa{aaarAdsaaataaa{aast}A{~B}DAAuAAAAu}A{~B}DE{~B}{~B}avaaaaav,42.833333333333336
CHEMBL274642,NC1=NN(CC1)c2cccc(c2)C(F)(F)F,2.55,c1c(N2N=C(N)CC2)cccc1C(F)(F)F,DAr~DD{AAr}asaaaa{as}A{G}{G}G,32.50000000000001
CHEMBL1807872,O[C@@H](CNCCCOCCNCCc1cccc(Cl)c1)c2ccc(O)c3NC(=O)Sc23,-0.03,c1(Cl)cc(CCNCCOCCCNC[C@H](O)c2ccc(O)c3[nH]c(=O)sc32)ccc1,B{A**Q}{ADAAABAADAAaraaaa{Z}ar}asaaa{B}atDA{~B}East,75.5
CHEMBL2036737,CC(C)(C(=O)Nc1oc(nn1)C(=O)Nc2ccc(cc2)N3CCOCC3)c4ccc(Cl)cc4,2.96,C(=O)(c1nnc(NC(C(c2ccc(Cl)cc2)(C)C)=O)o1)Nc1ccc(N2CCOCC2)cc1,AA{A}{A{~B}Darba{ddr}A{~B}Dasaaa{aas}DtAABAAt}auaaa{Z}aau,25.666666666666668
CHEMBL1347379,Cc1ccc(cc1)C(=O)N2CCC(CC2)C(=O)c3ccc(Cl)cc3,3.79,c1c(Cl)ccc(C(=O)C2CCN(C(=O)c3ccc(C)cc3)CC2)c1,Aaraaa{aar}A{~B}DsAAA{AAs}A{~B}ataaa{Z}aat,11.833333333333334
CHEMBL72683,c1ccc(nc1)c2nc3ccccc3[nH]2,2.5,c12c(cccc1)nc(-c1ncccc1)[nH]2,araaa{dar}asdataaaaat{dQ}s,33.333333333333336
CHEMBL1946017,CCN(CC)C(=O)c1ccc(cc1)C(=C2CCN(Cc3ccc(F)cc3)CC2)c4cccnc4,3.65,N(CC)(CC)C(=O)c1ccc(C(c2cccnc2)=C2CCN(Cc3ccc(F)cc3)CC2)cc1,AAD{AA}A{~B}araaa{aar}A{~AsAAD{Aataaa{G}aat}AAs}auaaadau,14.16666666666667
CHEMBL1083642,OC(=O)CO[C@H]1[C@@H](Cc2ccccc12)NC(=O)c3cc4sc(Cl)c(Cl)c4[nH]3,1.38,Clc1c(Cl)sc2cc(C(=O)N[C@@H]3Cc4ccccc4[C@H]3OCC(O)=O)[nH]c21,BA{~B}AB{A*Q}r{A**Q}{Aasaaaaars}DA{~B}ataauea{Z}a{Z}au{dQ}t,52.0
CHEMBL2088259,COc1cc(CCc2cc(Nc3ccnc(NCc4ccccn4)n3)n[nH]2)cc(OC)c1,3.5,COc1cc(OC)cc(CCc2[nH]nc(Nc3ccnc(NCc4ccccn4)n3)c2)c1,ABaraa{AAasaa{Dataada{DAauaaaadu}dt}d{dQ}s}aa{BA}ar,16.666666666666668
CHEMBL202314,[O-][N+](=O)c1cc(ccc1NCCSc2ccccc2)S(=O)(=O)NC(=O)c3ccc(cc3)N4CCNCC4,-0.04,N1CCN(c2ccc(C(NS(=O)(=O)c3cc([N+](=O)[O-])c(NCCSc4ccccc4)cc3)=O)cc2)CC1,{B_}{D%}{~B}araa{aaarDAAEasaaaaas}E{~B}{~B}DA{~B}ataaa{aat}DuAADAAu,75.66666666666667
CHEMBL2152074,Nc1cc(nc2ccc(Nc3cc(nc(N)n3)c4ccc(cc4)C(F)(F)F)cc12)c5ccc(F)cc5,1.54,FC(F)(F)c1ccc(-c2nc(N)nc(Nc3ccc4c(c3)c(N)cc(-c3ccc(F)cc3)n4)c2)cc1,Daraa{dasaaa{Dataa{da{D}dt}auaaa{aau}A{G}{G}G}aars}avaaa{G}aav,49.333333333333336
CHEMBL499520,Fc1cnc(NC(=O)[C@H](CC2CCOCC2)c3ccc(cc3)S(=O)(=O)C4CC4)s1,3.19,c1(F)sc(NC(=O)[C@@H](c2ccc(S(=O)(=O)C3CC3)cc2)CC2CCOCC2)nc1,Garada{DA{~B}{A*Q}{AAsAABAAs}ataaa{aat}E{~B}{~B}AuAAu}er,21.833333333333332
CHEMBL1229059,NC(=N)SCc1ccc(Cl)c(Cl)c1,1.28,c1c(CSC(N)=N)ccc(Cl)c1Cl,DA{~D}EAaraaa{Z}a{Z}ar,53.666666666666664
CHEMBL1444,N#Cc1ccc(cc1)C(c2ccc(cc2)C#N)n3cncn3,1.7,C(#N)c1ccc(C(c2ccc(C#N)cc2)n2cncn2)cc1,D^Aaraaa{aar}A{asaaa{aas}A^D}dtadadt,46.666666666666664
CHEMBL218713,Cc1ccc(COC(=O)N2CCC(CNc3ncccn3)CC2)cc1,3.6,O=C(N1CCC(CNc2ncccn2)CC1)OCc1ccc(C)cc1,Aaraaa{ABA{~B}DsAAA{ADatdaaadt}AAs}aar,14.999999999999998
CHEMBL205627,COC[C@H](C)Oc1cc(O[C@@H](C)Cc2ccccc2)cc(c1)C(=O)Nc3ccc(cn3)C(=O)O,1.5,c1cccc(C[C@H](C)Oc2cc(O[C@H](COC)C)cc(C(=O)Nc3ccc(C(=O)O)cn3)c2)c1,ABA{A*Q}{A}Baraa{B{A**Q}{A}Aasaaaaas}aa{ar}A{~B}Dataaa{adt}A{~B}B,50.0
CHEMBL1871428,Oc1ncc(NCc2ccccc2)c(O)n1,0.82,C(c1ccccc1)Nc1cnc(O)nc1O,Bardaa{DAasaaaaas}a{B}dr,61.333333333333336
CHEMBL1340633,COc1cc(ccc1Nc2ccccc2C(=O)O)c3ccc(Nc4ccccc4C(=O)O)c(OC)c3,1.8,c1c(C(=O)O)c(Nc2ccc(-c3ccc(Nc4ccccc4C(=O)O)c(OC)c3)cc2OC)ccc1,ABaraa{aaarDasaaaaasA{~B}B}ataaa{DauaaaaauA{~B}B}a{BA}at,45.0
CHEMBL8953,COc1cc(cc(OC)c1OC)C(=O)c2cc(Cl)ccc2N,3.38,COc1cc(C(c2cc(Cl)ccc2N)=O)cc(OC)c1OC,ABaraa{aa{BA}arBA}A{~B}asaa{Z}aaasD,18.666666666666668
CHEMBL257176,Nc1ccccc1NC(=O)c2ccc(cc2)c3ncccc3C#N,1.58,C(=O)(Nc1ccccc1N)c1ccc(-c2c(C#N)cccn2)cc1,DaraaaaarDA{~B}asaaa{aas}atdaaaatA^D,48.666666666666664
CHEMBL95925,CN(C)CC1CCn2c(C1)c(C3=C(C(=O)NC3=O)c4cn(C)c5ccccc45)c6ccccc26,2.88,c1ccc2n3c(c(C4=C(c5c6c(n(C)c5)cccc6)C(=O)NC4=O)c2c1)CC(CN(C)C)CC3,AD{A}AArAAdsa{Ar}a{At~A{A{~B}DAt~B}auad{A}avaaaaauv}awaaaaasw,27.0
CHEMBL1070,COc1ccc2cc(CCC(=O)C)ccc2c1,3.06,C(C(C)=O)Cc1cc2ccc(OC)cc2cc1,ABaraaasaa{AAA{~B}A}aaasar,24.0
CHEMBL2169908,C[C@@H]1CN(CCN1C(=O)[C@@H]2CCCC[C@H]2C(=O)NC3(CC3)C#N)c4ccc5c(C)noc5c4,2.67,C1CC[C@@H](C(=O)NC2(C#N)CC2)[C@H](C(=O)N2[C@H](C)CN(c3ccc4c(C)noc4c3)CC2)C1,A{A**Q}rAD{AADrA{~B}{A**Q}sAAAA{A*Q}sA{~B}DAt{AAt}A^D}auaaava{A}dbavau,30.5
CHEMBL1950721,CN[C@@H](C)C(=O)N[C@@H](C1CCCCC1)C(=O)N[C@H]2CCN(Cc3ccccc3)C2,1.49,C[C@H](NC)C(N[C@H](C(=O)N[C@H]1CCN(Cc2ccccc2)C1)C1CCCCC1)=O,AD{A**Q}{A}A{~B}D{A**Q}{ArAAAAAr}A{~B}D{A*Q}sAAD{Aataaaaat}As,50.166666666666664
CHEMBL333685,Oc1ccc(NC(=O)c2ccc(O)cc2)cc1,1.5,Oc1ccc(C(Nc2ccc(O)cc2)=O)cc1,Baraaa{DA{~B}asaaa{B}aas}aar,50.0
CHEMBL33227,COC(=O)[C@H](Cc1ccc(cc1)[N+](=O)[O-])NC(=O)c2cccc3ccccc23,3.58,O=C([C@H](Cc1ccc([N+]([O-])=O)cc1)NC(=O)c1c2c(ccc1)cccc2)OC,ABA{~B}{A*Q}{Aaraaa{aar}{D%}{~B}{B_}}DA{~B}asaaaataaaaast,15.333333333333334
CHEMBL1706173,COc1cc(ccc1Nc2ncc3N(C)C(=O)CCN(C4CCCCC4)c3n2)C(=O)NC5CCN(C)CC5,2.87,C1(=O)CCN(C2CCCCC2)c2nc(Nc3c(OC)cc(C(=O)NC4CCN(C)CC4)cc3)ncc2N1C,ABaraa{aaarDasdaatD{A}A{~B}AAD{AuAAAAAu}atds}A{~B}DAvAAD{A}AAv,27.166666666666668
CHEMBL488084,CC(C)n1c(C)ncc1c2ccnc(Nc3ccc(cc3)C(=O)N)n2,2.39,c1cnc(Nc2ccc(C(N)=O)cc2)nc1-c1n(C(C)C)c(C)nc1,AA{A}dra{A}daarasaada{Dataaa{aat}A{~B}D}ds,35.166666666666664
CHEMBL1535688,Cc1ccc(OCC(=O)O)c(c1)n2nc3ccccc3n2,-0.84,C(COc1ccc(C)cc1-n1nc2c(cccc2)n1)(=O)O,Aaraaa{BAA{~B}B}a{ar}dsdataaaaatds,89.0
CHEMBL1231206,C[C@@H]1CNc2c(sc3ccc4nc(ccc4c23)c5ccc(C)nc5)C(=O)N1,3.6,N1C[C@@H](C)NC(=O)c2sc3c(c4c(nc(-c5ccc(C)nc5)cc4)cc3)c21,A{A**Q}rADasa{eataaauda{aaauast}avaaa{A}dav}A{~B}Dr,14.999999999999998
CHEMBL1718949,CC1=C(Cc2ccccc2)C(=O)n3nc(NCc4ccc(Cl)cc4)nc3N1,3.7,c1c(CNc2nc3n(c(=O)c(Cc4ccccc4)c(C)[nH]3)n2)ccc(Cl)c1,AAr~A{Aasaaaaas}A{~B}dtda{DAauaaa{Z}aau}datDr,13.33333333333333
CHEMBL1824043,Fc1ccc2OCC(=O)N(CCN3CCC(CC3)NCc4ccc5OCC(=O)Nc5n4)c2c1,0.9,O=C1Nc2c(ccc(CNC3CCN(CCN4c5cc(F)ccc5OCC4=O)CC3)n2)OC1,GaraaasBAA{~B}D{AADtAAA{AAt}DAauaaavBAA{~B}Davdu}asar,60.0
CHEMBL38688,N(c1ccccc1)c2ccccc2,3.2,c1ccc(Nc2ccccc2)cc1,D{araaaaar}asaaaaas,21.66666666666666
CHEMBL1770475,CSCCC(NC(=O)c1ccccc1)c2nc3ccccc3n2Cc4ccc(cc4)C#N,4.24,c1cc(C#N)ccc1Cn1c(C(NC(=O)c2ccccc2)CCSC)nc2ccccc21,AEAAA{DA{~B}araaaaar}asdataaaaatdsAauaaa{aau}A^D,4.3333333333333295
CHEMBL2086684,C[C@@H]1CN(CCN1c2ncc(OCc3ccncc3C#N)cn2)C(=O)OC(C)(C)C,3.33,c1(OCc2ccncc2C#N)cnc(N2[C@H](C)CN(C(=O)OC(C)(C)C)CC2)nc1,A{A**Q}rAD{AADrasdaa{BAataadaatA^D}ads}A{~B}BA{A}{A}A,19.5
CHEMBL122617,Oc1cccc2ccccc12,2.5,c1c2c(O)cccc2ccc1,Baraaaasaaaaars,33.333333333333336
CHEMBL1513816,CCN1CCN(CC1)C(=O)c2cc3cc(Cl)ccc3[nH]2,3.14,c12cc(Cl)ccc1[nH]c(C(=O)N1CCN(CC)CC1)c2,AADrAAD{AAr}A{~B}asaataa{Z}aaat{dQ}s,22.666666666666668
CHEMBL2326624,COc1cccc2c1c(NS(=O)(=O)c3ccc(Cl)s3)nn2Cc4cccc(CNC(=O)[C@@H]5COCCN5)c4,1.61,c1c(CNC([C@H]2NCCOC2)=O)cccc1Cn1c2c(c(NS(=O)(c3sc(Cl)cc3)=O)n1)c(OC)ccc2,ABaraaaasara{DE{~B}{~B}ataaa{Z}et}ddsAauaaaa{ADA{~B}{A**Q}vABAADv}au,48.16666666666666
CHEMBL340450,COc1ccc2c(c1)cc(C(=O)O)n2Cc3ccc(Cl)c(Cl)c3,1.66,c1c(OC)ccc2c1cc(C(O)=O)n2Cc1cc(Cl)c(Cl)cc1,ABaraaasa{ar}aa{A{~B}B}dsAataaa{Z}a{Z}at,47.333333333333336
CHEMBL1223873,NC(=O)c1cccc(O[C@H]2C[C@H]3CC[C@@H](C2)N3Cc4ccccc4)c1,1.61,C(c1ccccc1)N1[C@H]2CC[C@@H]1C[C@H](Oc1cccc(C(N)=O)c1)C2,DA{~B}araaaa{B{A*Q}sA{A*Q}tAA{A**Q}{As}DtAauaaaaau}ar,48.16666666666666
CHEMBL1242565,C[C@H](N)C(=O)N[C@@H](CCc1ccccc1)\C=C\S(=O)(=O)c2ccccc2,1.66,c1ccccc1S(=O)(=O)/C=C/[C@@H](NC(=O)[C@H](C)N)CCc1ccccc1,A{A*Q}{D}A{~B}D{A**Q}{AAaraaaaar}!A~A!E{~B}{~B}asaaaaas,47.333333333333336
CHEMBL2031168,CN1CCNc2nc(CCOc3ccc(C[C@H](NC(=O)c4c(Cl)cccc4Cl)C(=O)O)cc3)ccc12,0.07,c1(C(N[C@H](C(O)=O)Cc2ccc(OCCc3nc4c(cc3)N(C)CCN4)cc2)=O)c(Cl)cccc1Cl,ADrAADasda{AABataaa{A{A*Q}{DA{~B}aua{Z}aaaauZ}A{~B}B}aat}aaars,73.83333333333333
CHEMBL1405928,C(Sc1nc2cccnc2[nH]1)c3ccccc3,3.22,c1(SCc2ccccc2)[nH]c2ncccc2n1,A{Eardasaaadas{dQ}r}ataaaaat,21.333333333333332
CHEMBL62136,OC(c1ccc(cc1)N(CC(F)(F)F)S(=O)(=O)c2ccccc2)(C(F)(F)F)C(F)(F)F,4.5,c1cccc(S(N(CC(F)(F)F)c2ccc(C(C(F)(F)F)(C(F)(F)F)O)cc2)(=O)=O)c1,BA{araaa{aar}D{AA{G}{G}G}E{~B}{~B}asaaaaas}{A{G}{G}G}A{G}{G}G,0.0
CHEMBL1087399,C[C@H](Nc1nc(Nc2ncc(C#N)s2)cc(n1)N3CCOCC3)c4ncc(F)cn4,2.26,C(c1cnc(Nc2nc(N[C@H](c3ncc(F)cn3)C)nc(N3CCOCC3)c2)s1)#N,A{A*Q}{Darda{Dasdaa{A^D}es}aa{dr}DtAABAAt}audaa{G}adu,37.333333333333336
CHEMBL640,CCN(CC)CCNC(=O)c1ccc(N)cc1,-0.92,C(N(CC)CCNC(=O)c1ccc(N)cc1)C,AAD{AA}AADA{~B}araaa{D}aar,90.33333333333333
CHEMBL373339,CC(C)Oc1cc(OCCc2ccsc2)cc(c1)C(=O)Nc3ccc(cn3)C(=O)O,1.74,C(=O)(Nc1ncc(C(O)=O)cc1)c1cc(OC(C)C)cc(OCCc2ccsc2)c1,AA{A}Baraa{BAAasaaeas}aa{ar}A{~B}Dataaa{adt}A{~B}B,46.0
CHEMBL1995326,O=C(Nc1ccc(Nc2ccc(NC(=O)c3ccccc3)c4C(=O)c5ccccc5C(=O)c24)c6C(=O)c7ccccc7C(=O)c16)c8ccccc8,2.63,c12ccccc1C(=O)c1c(c(Nc3ccc(NC(=O)c4ccccc4)c4c3C(=O)c3ccccc3C4=O)ccc1NC(=O)c1ccccc1)C2=O,B~A{Daraaa{Dasaaa{DA{~B}ataaaaat}auA{~B}avaaaaavA{~B}asu}awA{~B}axaaaaaxA{~B}arw}ayaaaaay,31.166666666666668
CHEMBL184347,COc1ccc(cc1OC)C(=O)Nc2cc(NC(=O)c3cccc(c3)N(C)C)ccc2Br,3.49,CN(C)c1cc(C(=O)Nc2cc(NC(c3cc(OC)c(OC)cc3)=O)c(Br)cc2)ccc1,ABaraaa{aarBA}A{~B}Dasaa{DA{~B}ataaaa{at}D{A}A}aaasY,16.83333333333333
CHEMBL441225,COc1ccccc1CN[C@H]2CCCN[C@H]2c3ccccc3,1.5,C1N[C@@H](c2ccccc2)[C@@H](NCc2ccccc2OC)CC1,ABaraaaaarAD{A*Q}sAAAD{A*Q}sataaaaat,50.0
CHEMBL1258166,NC(=O)c1cccc(O[C@@H]2C[C@H]3CC[C@@H](C2)N3CC4CC4)c1,0.07,C1(CN2[C@H]3C[C@@H](Oc4cccc(C(N)=O)c4)C[C@@H]2CC3)CC1,DA{~B}araaaa{B{A**Q}sA{A*Q}tAA{A**Q}{As}DtAAuAAu}ar,73.83333333333333
CHEMBL113187,CC(C)C(NC(=O)CN1C(=O)C(=CC=C1c2ccccc2)NC(=O)OCc3cc(C)nc(C)c3)C(=O)C(F)(F)F,2.38,c1c(-c2ccccc2)n(CC(=O)NC(C(=O)C(F)(F)F)C(C)C)c(=O)c(NC(OCc2cc(C)nc(C)c2)=O)c1,AA{A}A{DA{~B}ADrA{~B}A{~AA~Arasaaaaas}DA{~B}BAataa{A}da{A}at}A{~B}A{G}{G}G,35.333333333333336
CHEMBL73243,COCCCNS(=O)(=O)c1ccc(Nc2nccc(n2)c3cnc4ccccn34)cc1,3.41,n1c(Nc2ccc(S(=O)(=O)NCCCOC)cc2)nc(-c2cnc3ccccn23)cc1,ABAAADE{~B}{~B}araaa{Dasdaaa{ds}atadauaaaadtu}aar,18.166666666666664
CHEMBL211456,CN[C@@H](C)[C@H](O)c1ccccc1,-1.15,[C@@H](O)(c1ccccc1)[C@@H](NC)C,AD{A**Q}{A}{A*Q}{B}araaaaar,94.16666666666667
CHEMBL2163586,FC(F)(F)c1cccc2c3CN(CCc3[nH]c12)C(=O)[C@@H]4CCCC[C@H]4C(=O)NC5(CC5)C#N,3.75,C1C[C@@H](C(=O)N2Cc3c([nH]c4c(C(F)(F)F)cccc34)CC2)[C@H](C(NC2(C#N)CC2)=O)CC1,GA{G}{G}araaaasatAD{AAat{dQ}ars}A{~B}{A**Q}uAAAA{A*Q}uA{~B}DAv{AAv}A^D,12.5
CHEMBL2031164,OC(=O)[C@H](Cc1ccc(OCCNc2nc3ccccc3[nH]2)cc1)NC(=O)c4c(Cl)cccc4Cl,0.6,c1cc(C[C@@H](C(=O)O)NC(=O)c2c(Cl)cccc2Cl)ccc1OCCNc1nc2c(cccc2)[nH]1,BA{~B}{A*Q}{Aaraaa{BAADasdataaaaat{dQ}s}aar}DA{~B}aua{Z}aaaauZ,65.0
CHEMBL406852,COc1nc(N)nc2c1ncn2[C@@H]3O[C@H](CO)[C@@H](O)[C@H]3O,-0.58,[C@H]1(CO)O[C@@H](n2c3nc(N)nc(OC)c3nc2)[C@H](O)[C@@H]1O,ABarda{D}dasardads{A**Q}tB{A*Q}{AB}{A**Q}{B}{A*Q}tB,84.66666666666667
CHEMBL1172928,C[C@@H]1NC(C)(C)CO[C@@]1(O)c2cccc(Cl)c2,1.69,C1(C)(C)CO[C@](c2cccc(Cl)c2)(O)[C@H](C)N1,A{A**Q}rDA{A}{A}AB{A**}r{B}asaaaa{Z}as,46.833333333333336
CHEMBL1951893,CCN(C1CCN(CCC(N2CCN(CC2)c3ccccc3)c4ccccc4)CC1)C(=O)Cc5ccc(cc5)S(=O)(=O)C,2.67,C1CC(N(CC)C(Cc2ccc(S(C)(=O)=O)cc2)=O)CCN1CCC(N1CCN(c2ccccc2)CC1)c1ccccc1,AAD{ArAAD{AAA{DsAAD{AAs}ataaaaat}auaaaaau}AAr}A{~B}Aavaaa{aav}E{~B}{~B}A,30.5
CHEMBL2164675,CN1CCN(CC1)C(=O)[C@@H]2CCCC[C@H]2C(=O)NCC#N,-0.1,C1CN(C)CCN1C(=O)[C@H]1[C@H](C(=O)NCC#N)CCCC1,ADrAAD{AAr}A{~B}{A**Q}sAAAA{A*Q}sA{~B}DAA^D,76.66666666666666
CHEMBL2326686,Fc1ccc(cc1Cl)C2CNCC=CC2,1.33,Clc1c(F)ccc(C2CNCC=CC2)c1,Garaaa{aarZ}AsADAA~AAs,52.833333333333336
CHEMBL1209655,Clc1cc(Cl)cc(c1)S(=O)(=O)NCC(N2CCCCCC2)c3ccccc3,3.36,S(=O)(=O)(c1cc(Cl)cc(Cl)c1)NCC(c1ccccc1)N1CCCCCC1,Zaraa{Z}aa{ar}E{~B}{~B}DAA{DsAAAAAAs}ataaaaat,19.000000000000004
CHEMBL2325707,CN1CCC(CC1)(c2cc(nc(n2)c3cccc4[nH]ccc34)N5CCOCC5)S(=O)(=O)C,1.9,c1c(-c2nc(N3CCOCC3)cc(C3(S(=O)(C)=O)CCN(C)CC3)n2)c2cc[nH]c2cc1,ADrAAA{AAr}{asaa{da{ds}ataaaau{dQ}aaatu}DvAABAAv}E{~B}{~B}A,43.333333333333336
CHEMBL188369,C[C@@H](NC(=O)c1cccnc1Oc2ccccc2)c3ccccc3,3.14,c1ccccc1Oc1ncccc1C(=O)N[C@H](C)c1ccccc1,A{A**Q}{DA{~B}araaadarBasaaaaas}ataaaaat,22.666666666666668
CHEMBL2331749,CC1=CN([C@H]2CCCN(C2)S(=O)(=O)c3ccc(O)c(Oc4ccc(Cl)cc4)c3)C(=O)NC1=O,2.12,Oc1c(Oc2ccc(Cl)cc2)cc(S(N2CCC[C@H](n3cc(C)c(=O)[nH]c3=O)C2)(=O)=O)cc1,AAr~AD{{A*Q}sAAAD{As}E{~B}{~B}ataaa{B}a{Bauaaa{Z}aau}at}A{~B}DAr~B,39.666666666666664
CHEMBL1951916,CCN(C1CCN(CC[C@H](C2CCN(CC2)S(=O)(=O)C)c3cc(C)cc(C)c3)CC1)C(=O)Cc4ccc(cc4)S(=O)(=O)C,1.93,c1(CC(=O)N(CC)C2CCN(CC[C@H](C3CCN(S(C)(=O)=O)CC3)c3cc(C)cc(C)c3)CC2)ccc(S(C)(=O)=O)cc1,AAD{ArAAD{AA{A*Q}{AsAAD{AAs}E{~B}{~B}A}ataa{A}aa{A}at}AAr}A{~B}Aauaaa{aau}E{~B}{~B}A,42.833333333333336
CHEMBL1950854,CN[C@@H](C)C(=O)N[C@H](C(=O)N[C@H]1CCCN(CCc2ccc(OC)cc2)C1)C(C)(C)C,1.45,C1N(CCc2ccc(OC)cc2)CCC[C@@H]1NC([C@@H](NC(=O)[C@@H](NC)C)C(C)(C)C)=O,AD{A**Q}{A}A{~B}D{A*Q}{A{~B}D{A*Q}rAAAD{AAasaaa{BA}aas}Ar}A{A}{A}A,50.833333333333336
CHEMBL47406,COC(=O)COc1ccc(O)cc1,0.92,O(C(COc1ccc(O)cc1)=O)C,ABA{~B}ABaraaa{B}aar,59.666666666666664
CHEMBL403963,C(=C\c1nn[nH]n1)/c2ccccc2,-0.4,n1c(/C=C/c2ccccc2)nn[nH]1,A{~A!ardd{dQ}dr}|asaaaaas,81.66666666666667
CHEMBL669,CN(C)CCC=C1c2ccccc2C=Cc3ccccc13,2.83,c1c2c(ccc1)C(=CCCN(C)C)c1ccccc1C=C2,AD{A}AAA~ArasaaaaasA~Aataaaaart,27.833333333333332
CHEMBL109244,Oc1ccc(CCNCCCCCCNC(=O)Nc2ccccc2)c3sc(O)nc13,1.26,N(C(Nc1ccccc1)=O)CCCCCCNCCc1ccc(O)c2nc(O)sc21,Baraaa{AADAAAAAADA{~B}Dasaaaaas}atea{B}dart,54.0
CHEMBL345937,CC1SC2=C(C(=O)O)C(=O)c3cc(F)c(cc3N12)N4CCNCC4,-1.1,C(=O)(c1c2n(c3cc(N4CCNCC4)c(F)cc3c1=O)C(C)S2)O,AArEAs~A{A{~B}B}A{~B}ataa{G}a{aatDrs}DuAADAAu,93.33333333333333
CHEMBL2171040,COc1ccccc1S(=O)(=O)NC(=O)N2CCC(CC2)N3CCC(CC3)Oc4ccc(Cl)c(Cl)c4,0.89,O=C(N1CCC(N2CCC(Oc3ccc(Cl)c(Cl)c3)CC2)CC1)NS(=O)(=O)c1c(OC)cccc1,ABaraaaaarE{~B}{~B}DA{~B}DsAAA{AAs}DtAAA{AAt}Bauaaa{Z}a{Z}au,60.166666666666664
CHEMBL2104888,O[C@H]([C@H](Cc1ccccc1)NC(=O)c2cc3cc(Cl)ccc3[nH]2)C(=O)N4C[C@@H](O)[C@@H](O)C4,2.8,c12c(cc(C(N[C@@H](Cc3ccccc3)[C@H](C(=O)N3C[C@@H](O)[C@@H](O)C3)O)=O)[nH]1)cc(Cl)cc2,B{A*Q}{{A*Q}{Aaraaaaar}DA{~B}asaataa{Z}aaat{dQ}s}A{~B}DuA{A**Q}{B}{A**Q}{B}Au,28.33333333333334
CHEMBL1077827,CCOc1ccc(cc1)N2C(=O)c3cccnc3N=C2[C@@H](C)N(CC4CCN(C)CC4)C(=O)Cc5ccc(F)c(c5)C(F)(F)F,1.4,n1c([C@H](N(CC2CCN(C)CC2)C(Cc2ccc(F)c(C(F)(F)F)c2)=O)C)n(-c2ccc(OCC)cc2)c(=O)c2c1nccc2,AABaraaa{aar}DsA{~B}ataaadatD~As{A**Q}{A}D{AAuAAD{A}AAu}A{~B}Aavaaa{G}a{av}A{G}{G}G,51.666666666666664
CHEMBL300982,CC1(C)Cc2c(c3ccccc3)c(c(CC(=O)O)n2C1)c4ccc(Cl)cc4,3.07,c1c(-c2c3n(c(CC(=O)O)c2-c2ccc(Cl)cc2)CC(C)(C)C3)cccc1,AAr{A}Aasa{ataaaaat}a{a{AA{~B}B}dsAr}auaaa{Z}aau,23.83333333333334
CHEMBL219098,CC(C)CN1C(=O)N(C)C(=O)c2c1sc(Oc3cccc4ccccc34)c2C(=O)N5CC[C@@H](O)C5,2.87,c1cccc2c(Oc3c(C(=O)N4CC[C@@H](O)C4)c4c(n(CC(C)C)c(=O)n(C)c4=O)s3)cccc12,AA{A}ADrA{~B}D{A}A{~B}asarea{Bataaaauaaaaatu}asA{~B}DvAA{A**Q}{B}Av,27.166666666666668
CHEMBL1824606,Fc1ccccc1COc2cc(OCCCN3CCCC3)ccc2C(=O)Nc4ccccc4,3.85,c1cccc(F)c1COc1cc(OCCCN2CCCC2)ccc1C(=O)Nc1ccccc1,GaraaaaarABasaa{BAAADtAAAAt}aaasA{~B}Dauaaaaau,10.83333333333333
CHEMBL1218,CCC(=O)NCC[C@@H]1CCc2ccc3OCCc3c12,2.57,O=C(CC)NCC[C@H]1c2c3c(ccc2CC1)OCC3,AAA{~B}DAA{A**Q}rAAasaaatBAAatars,32.16666666666667
CHEMBL121,CN(CCOc1ccc(CC2SC(=O)NC2=O)cc1)c3ccccn3,2.5,c1(OCCN(c2ncccc2)C)ccc(CC2C(=O)NC(=O)S2)cc1,AD{AABaraaa{AAsEA{~B}DAs~B}aar}ataaaadt,33.333333333333336
CHEMBL193200,Oc1ccc(CC(=O)c2ccc(O)cc2O)cc1,2.54,Oc1ccc(CC(=O)c2c(O)cc(O)cc2)cc1,Baraaa{AA{~B}asaaa{B}aasB}aar,32.666666666666664
CHEMBL1433131,Clc1cccc(Cl)c1c2nnc3cccc(Cl)n23,2.66,n1c2n(c(Cl)ccc2)c(-c2c(Cl)cccc2Cl)n1,Zaraaaa{Z}arasddataaaa{Z}dst,30.666666666666668
CHEMBL72,CNCCCN1c2ccccc2CCc3ccccc13,1.24,c12ccccc1N(CCCNC)c1c(cccc1)CC2,ADAAADrasaaaaasAAataaaaart,54.333333333333336
CHEMBL2179269,C[C@@H](N1CCC[C@@H](C1)N2C=C(C)C(=O)NC2=O)c3ccc(C(=O)O)c(Oc4cccc(Cl)c4)c3,-0.3,[nH]1c(=O)n([C@@H]2CN([C@@H](c3cc(Oc4cccc(Cl)c4)c(C(=O)O)cc3)C)CCC2)cc(C)c1=O,A{A**Q}{DrAAA{A**Q}{Ar}DsA~A{A}A{~B}DAs~B}ataaa{A{~B}B}a{Bauaaaa{Z}au}at,80.0
CHEMBL1945033,O[C@@H](CNCCc1cccc(CNCCc2ccccn2)c1)c3ccc(O)c4NC(=O)Sc34,-0.07,c1cccc(CCNCc2cccc(CCNC[C@@H](c3ccc(O)c4[nH]c(=O)sc34)O)c2)n1,B{A**Q}{ADAAaraaaa{ADAAasaaaads}ar}ataaa{B}auDA{~B}Eatu,76.16666666666667
CHEMBL147405,CC(=O)NC[C@H]1CN(C(=O)O1)c2ccc(c(F)c2)n3ccc(c3)C#N,1.6,c1(-n2cc(C#N)cc2)c(F)cc(N2C[C@H](CNC(=O)C)OC2=O)cc1,AA{~B}DA{A*Q}rAD{A{~B}Br}asaaa{a{G}as}dtaaa{at}A^D,48.333333333333336
CHEMBL2325713,CS(=O)(=O)C1(CC1)c2cc(nc(n2)c3ccccc3)N4CCOCC4,2.6,c1(C2(S(=O)(=O)C)CC2)cc(N2CCOCC2)nc(-c2ccccc2)n1,AE{~B}{~B}Ar{AAr}asaa{da{ds}ataaaaat}DuAABAAu,31.666666666666668
CHEMBL2164746,COc1ccc2N=CC(=O)N(CCN3CC[C@H](NCc4ccc5OCC(=O)Nc5n4)[C@H](O)C3)c2c1,0.39,O(C)c1cc2n(CCN3C[C@@H](O)[C@@H](NCc4nc5c(cc4)OCC(=O)N5)CC3)c(=O)cnc2cc1,ABaraaasD~AA{~B}D{AADtAA{A*Q}{DAauaaavBAA{~B}Davdu}{A*Q}{B}At}asar,68.50000000000001
CHEMBL1523918,Clc1ccc(cc1)S(=O)(=O)Nc2nnc(s2)c3ccccc3,1.14,c1(-c2ccccc2)nnc(NS(c2ccc(Cl)cc2)(=O)=O)s1,Zaraaa{aar}E{~B}{~B}Dasdda{es}ataaaaat,56.00000000000001
CHEMBL1529080,CN1SC(=O)c2cc(ccc12)S(=O)(=O)NC3CC3,1.3,Cn1c2ccc(S(NC3CC3)(=O)=O)cc2c(=O)s1,ADrEA{~B}asaa{aaars}E{~B}{~B}DAtAAt,53.333333333333336
CHEMBL291666,COc1ccc(cc1OC)c2cc(NC(=O)Cc3ccc4ccccc4c3)[nH]n2,3.1,c1cc(CC(=O)Nc2cc(-c3ccc(OC)c(OC)c3)n[nH]2)cc2ccccc12,ABaraaa{aarBA}asaa{DA{~B}Aataaauaaaaauat}{dQ}ds,23.333333333333332
CHEMBL2010849,CN([C@@H]1CCN(Cc2ccc(nc2)C(F)(F)F)C[C@@H]1F)C(=O)Cc3ccc(cc3)n4cnnn4,1.8,n1cn(-c2ccc(CC(N([C@@H]3CCN(Cc4ccc(C(F)(F)F)nc4)C[C@@H]3F)C)=O)cc2)nn1,AD{{A**Q}rAAD{Aasaaa{das}A{G}{G}G}A{A**Q}rG}A{~B}Aataaa{aat}duadddu,45.0
CHEMBL611,COc1cc2nc(nc(N)c2cc1OC)N3CCN(CC3)C(=O)C4CCCO4,0.9,c1(N)nc(N2CCN(C(=O)C3CCCO3)CC2)nc2c1cc(OC)c(OC)c2,ABaraasda{da{D}asaarBA}DtAAD{AAt}A{~B}AuAAABu,60.0
CHEMBL2086692,C[C@@H]1CN(CCN1c2ncc(OCc3ccncc3C#N)cn2)c4noc(C)n4,2.6,c1c(OCc2ccncc2C#N)cnc(N2CCN(c3nc(C)on3)C[C@H]2C)n1,A{A**Q}rAD{AADrasdaa{BAataadaatA^D}ads}audba{A}du,31.666666666666668
CHEMBL81642,COc1cc(ccc1Cn2ccc3ccc(NC(=O)OC4CCCC4)cc23)C(=O)NS(=O)(=O)c5ccccc5,2.2,O(c1c(Cn2ccc3ccc(NC(=O)OC4CCCC4)cc32)ccc(C(NS(=O)(c2ccccc2)=O)=O)c1)C,ABaraa{aaarAdsaaataaa{DA{~B}BAuAAAAu}aast}A{~B}DE{~B}{~B}avaaaaav,38.33333333333333
CHEMBL167059,CCCc1c(O)c(ccc1OCc2ccc(cc2)C(=O)O)C(=O)C,2.1,C(Cc1c(O)c(C(=O)C)ccc1OCc1ccc(C(O)=O)cc1)C,AAAara{B}a{aaarBAasaaa{aas}A{~B}B}A{~B}A,40.0
CHEMBL1329874,Clc1ccc(c(Cl)c1)c2nnc3cccc(Cl)n23,2.88,c12nnc(-c3c(Cl)cc(Cl)cc3)n1c(Cl)ccc2,Zaraaa{a{Z}ar}asddataaaa{Z}dst,27.0
CHEMBL485618,CCn1c(C)ncc1c2ccnc(Nc3ccc(cc3)S(=O)(=O)NCCOC)n2,2.44,c1c(Nc2nccc(-c3cnc(C)n3CC)n2)ccc(S(NCCOC)(=O)=O)c1,AAdra{A}daarasaada{Dataaa{aat}E{~B}{~B}DAABA}ds,34.333333333333336
CHEMBL98345,ONC(=O)c1ccc(NS(=O)(=O)c2ccccc2)cc1,0.75,c1ccc(S(=O)(=O)Nc2ccc(C(=O)NO)cc2)cc1,BDA{~B}araaa{DE{~B}{~B}asaaaaas}aar,62.5
CHEMBL1088,CN1CCCCC1CCN2c3ccccc3Sc4ccc(cc24)[S+](C)[O-],1.6,c12ccccc1N(CCC1N(C)CCCC1)c1cc([S+]([O-])C)ccc1S2,ADrAAAAArAADsataaaaatEauaaa{aasu}{E%}{A}{B_},48.333333333333336
CHEMBL168484,Nc1ccnc(n1)c2cccnc2,0.44,c1(N)ccnc(-c2cccnc2)n1,Daraada{dr}asaaadas,67.66666666666666
CHEMBL2178935,Cc1nc(C)c(nc1C(=O)N)c2ccc(cc2)[C@@H]3CC[C@@H](CC(=O)N)CC3,2.7,C1[C@H](c2ccc(-c3c(C)nc(C)c(C(=O)N)n3)cc2)CC[C@@H](CC(N)=O)C1,Aarda{A}a{darA{~B}D}asaaa{aas}{A**Q}tAA{A**Q}{AA{~B}D}AAt,29.999999999999996
CHEMBL1184126,Oc1c2C(=O)N(NC(=O)c2nc3cc(Cl)ccc13)C(C4CCCC4)c5ccccn5,1.9,C1CCC(C(n2c(=O)c3c(c(=O)[nH]2)nc2c(ccc(Cl)c2)c3O)c2ccccn2)C1,BarasA{~B}D{DA{~B}asdataa{Z}aaart}A{AuAAAAu}avaaaadv,43.333333333333336
CHEMBL526098,Cc1cccc(NS(=O)(=O)c2ccc(cc2)c3ccc(cc3)C#N)n1,2.42,c1cc(C)nc(NS(=O)(c2ccc(-c3ccc(C#N)cc3)cc2)=O)c1,Aaraaaa{DE{~B}{~B}asaaa{aas}ataaa{aat}A^D}dr,34.666666666666664
CHEMBL601719,C[C@@H](Oc1cc(cnc1N)c2cnn(c2)C3CCNCC3)c4c(Cl)ccc(F)c4Cl,2.33,C1CNCCC1n1cc(-c2cc(O[C@H](C)c3c(Cl)c(F)ccc3Cl)c(N)nc2)cn1,A{A**Q}{Baraa{adarD}asadd{as}AtAADAAt}aua{Z}aaa{G}auZ,36.166666666666664
CHEMBL1784340,Cc1onc(C)c1CCC2CCN(CC2)S(=O)(=O)CC3(CCOCC3)N(O)C=O,0.9,C1C(N(O)C=O)(CS(=O)(=O)N2CCC(CCc3c(C)noc3C)CC2)CCOC1,Aarbda{A}arAAAsAAD{AAs}E{~B}{~B}AAt{AABAAt}D{B}A~B,60.0
CHEMBL130590,Cc1ccccc1C(=O)NCC23CC4CC(CC(C4)C2)C3,4.28,C1C2CC3CC(CNC(=O)c4ccccc4C)(CC1C3)C2,AaraaaaarA{~B}DAAstAAuAA{AA{Au}As}At,3.6666666666666625
CHEMBL1946616,CN1CCN(CC1)C(=O)c2ccc(cc2)C(=C3CCN(Cc4cscn4)CC3)c5cccc6cccnc56,1.98,C(c1ccc(C(=O)N2CCN(C)CC2)cc1)(=C1CCN(Cc2cscn2)CC1)c1cccc2cccnc21,ADrAAD{AAr}A{~B}asaaa{aas}A{~AtAAD{Aauaeadu}AAt}avaaaawaaadavw,42.0
CHEMBL588001,CC1(C)N=C(N)N=C(N)N1c2ccc(Oc3ccc(Cl)cc3)c(Cl)c2,0.79,c1c(Cl)ccc(Oc2ccc(N3C(C)(C)N=C(N)N=C3N)cc2Cl)c1,AAr{A}D~A{D}D~A{D}Drasaaa{Bataaa{Z}aat}a{Z}as,61.833333333333336
CHEMBL1459983,COc1ccc(cc1)n2cnc3cc(NS(=O)(=O)c4ccccc4)ccc23,3.7,c1(OC)ccc(-n2cnc3cc(NS(=O)(=O)c4ccccc4)ccc32)cc1,ABaraaa{aar}dsadataa{DE{~B}{~B}auaaaaau}aaast,13.33333333333333
CHEMBL2158831,OC(=O)c1ccccc1CN2CCC(CN3CCC(CC3)Oc4ccc(Cl)c(Cl)c4)CC2,2.48,C1CN(Cc2ccccc2C(O)=O)CCC1CN1CCC(Oc2cc(Cl)c(Cl)cc2)CC1,BA{~B}araaaaarADsAAA{ADtAAA{AAt}Bauaaa{Z}a{Z}au}AAs,33.666666666666664
CHEMBL2348651,CNc1nc(C)c(s1)c2nc(Nc3cccc(c3)N4CCCN(CC4)C(=O)C)ncc2C#N,3.2,n1c(Nc2cccc(N3CCCN(C(C)=O)CC3)c2)ncc(C#N)c1-c1sc(NC)nc1C,ADarda{A}a{er}asda{Dataaaa{at}DuAAAD{AAu}A{~B}A}daasA^D,21.66666666666666
CHEMBL1092926,Fc1cc(cc(F)c1CN2CCOCC2)c3cccc4ncc(nc34)c5cnn(c5)C6CCNCC6,1.86,C1OCCN(Cc2c(F)cc(-c3cccc4ncc(-c5cnn(C6CCNCC6)c5)nc43)cc2F)C1,Garaa{aa{G}arADsAABAAs}ataaaaudaa{datu}avadd{av}AwAADAAw,43.99999999999999
CHEMBL1829254,CCC(N(CCCN)C(=O)c1ccc(C)cc1)C2=Nc3ccsc3C(=O)N2Cc4cccnc4,0.01,Cc1ccc(C(N(C(CC)c2nc3c(scc3)c(=O)n2Cc2cnccc2)CCCN)=O)cc1,AAA{D{AAAD}A{~B}araaa{A}aar}As~DataaeatA{~B}DsAauaaadau,74.83333333333333
CHEMBL24850,OC(=O)c1cc2cc(OCc3ccccc3)ccc2[nH]1,0.4,c1ccc(COc2ccc3c(cc(C(O)=O)[nH]3)c2)cc1,BA{~B}araasaa{BAataaaaat}aaas{dQ}r,68.33333333333333
CHEMBL2171023,OC(=O)c1ccccc1C(=O)N2CCC(CC2)N3CCC(CC3)Oc4ccc(Cl)c(Cl)c4,1.73,c1(Cl)ccc(OC2CCN(C3CCN(C(c4c(C(=O)O)cccc4)=O)CC3)CC2)cc1Cl,BA{~B}araaaaarA{~B}DsAAA{AAs}DtAAA{AAt}Bauaaa{Z}a{Z}au,46.166666666666664
CHEMBL2059867,Cc1ccc(cc1NC(=O)c2ccc(OCc3ccccn3)cc2)c4c[nH]c(C)n4,2.97,c1c(C(Nc2cc(-c3c[nH]c(C)n3)ccc2C)=O)ccc(OCc2ccccn2)c1,Aaraaa{aarDA{~B}asaaa{BAataaaadt}aas}aua{dQ}a{A}du,25.499999999999996
CHEMBL1299863,CCc1c(C)nc(SCC(=O)Nc2nc(cs2)c3ccc(OC)cc3)nc1O,3.78,c1c(-c2nc(NC(CSc3nc(O)c(CC)c(C)n3)=O)sc2)ccc(OC)c1,AAara{A}da{EAA{~B}Dasda{aes}ataaa{BA}aat}darB,12.000000000000002
CHEMBL2165054,CO[C@H]1CN(CCN2C(=O)C=Cc3ccc(cc23)C#N)CC[C@H]1NCc4cc5OCCOc5cn4,0.63,[C@@H]1(OC)[C@H](NCc2ncc3c(c2)OCCO3)CCN(CCn2c3c(ccc(C#N)c3)ccc2=O)C1,AB{A*Q}rAD{AADsA{~B}A~Aataaa{aast}A^D}AA{A*Q}rDAauaavBAABavadu,64.5
CHEMBL2017974,Nc1cc(c(cn1)c2cc(nc(n2)N3CCOCC3)N4CCOCC4)C(F)(F)F,2.7,N1(c2nc(N3CCOCC3)cc(-c3cnc(N)cc3C(F)(F)F)n2)CCOCC1,Daraa{a{adr}asaa{da{ds}DtAABAAt}DuAABAAu}A{G}{G}G,29.999999999999996
CHEMBL2058529,OC(=O)CCc1ccc(OCc2cc(Cl)ccc2c3ccccc3)cc1,3.22,c1cccc(-c2c(COc3ccc(CCC(=O)O)cc3)cc(Cl)cc2)c1,BA{~B}AAaraaa{BAasaa{Z}aaasataaaaat}aar,21.333333333333332
CHEMBL612012,COc1ccc2CC3C4C=CC(O)C5Oc1c2C45CCN3C,0.8,C1C23C4C(O)C=CC2C(N(C)C1)Cc1c3c(c(OC)cc1)O4,ABaraaasAAtAuA~AA{B}AvBarasAuvAADtA,61.666666666666664
CHEMBL488238,CNC(=O)c1cc(sc1NC(=O)N)c2ccccc2,3.19,c1(C(NC)=O)c(NC(N)=O)sc(-c2ccccc2)c1,ADA{~B}araa{earDA{~B}D}asaaaaas,21.833333333333332
CHEMBL421236,C[C@H](NC(=O)Cc1cc(F)cc(F)c1)C(=O)NC2C(=O)N(C)c3ccccc3c4ccccc24,3.6,N(C1c2c(cccc2)-c2c(cccc2)N(C)C1=O)C([C@H](C)NC(Cc1cc(F)cc(F)c1)=O)=O,A{A*Q}{DA{~B}Aaraa{G}aa{G}ar}A{~B}DAsA{~B}D{A}ataaaaatauaaaaasu,14.999999999999998
CHEMBL1645135,C[C@H](NC(=O)c1cccc2CCN(Cc3ccc(Cl)cc3)c12)c4ccc(cc4)C(=O)O,1.47,c1(CN2CCc3cccc(C(=O)N[C@@H](C)c4ccc(C(O)=O)cc4)c32)ccc(Cl)cc1,A{A*Q}{DA{~B}araaaasAAD{Aataaa{Z}aat}ars}auaaa{aau}A{~B}B,50.5
CHEMBL1813048,CC(=O)Nc1cccc(Nc2ncnc(n2)N3CCC(CC3)OCc4ccc(OC(F)(F)F)cc4)c1C,4.4,O(C1CCN(c2nc(Nc3cccc(NC(=O)C)c3C)ncn2)CC1)Cc1ccc(OC(F)(F)F)cc1,AA{~B}Daraaaa{Dasdada{ds}DtAAA{AAt}BAauaaa{BA{G}{G}G}aau}arA,1.6666666666666607
CHEMBL336923,CC(O)(C(=O)Nc1ccc(cc1)S(=O)(=O)c2ccc(F)cc2)C(F)(F)F,3.12,C(O)(C(Nc1ccc(S(=O)(=O)c2ccc(F)cc2)cc1)=O)(C)C(F)(F)F,AA{B}{A{~B}Daraaa{aar}E{~B}{~B}asaaa{G}aas}A{G}{G}G,23.0
CHEMBL850,C[C@@H]1CN(C[C@H](C)N1)c2c(F)c(N)c3C(=O)C(=CN(C4CC4)c3c2F)C(=O)O,-0.15,Nc1c2c(=O)c(C(=O)O)cn(C3CC3)c2c(F)c(N2C[C@H](C)N[C@H](C)C2)c1F,A{A**Q}rAD{A{A*Q}{A}Dr}asa{G}a{D}atA{~B}A{~AD{AuAAu}atasG}A{~B}B,77.50000000000001
CHEMBL1957266,Cc1sc2c(C(=N[C@@H](CC(=O)OC(C)(C)C)c3nnc(C)n23)c4ccc(Cl)cc4)c1C,3.82,N1=C(c2ccc(Cl)cc2)c2c(sc(C)c2C)-n2c(C)nnc2[C@@H]1CC(OC(C)(C)C)=O,Aareasa{A{~D{A**Q}{AA{~B}BA{A}{A}A}atdda{A}dst}auaaa{Z}aau}arA,11.333333333333336
CHEMBL372361,CSc1ccc(OCc2ccccc2)c(c1)C(=O)Nc3ccc(cn3)C(=O)O,1.6,C(=O)(O)c1ccc(NC(=O)c2c(OCc3ccccc3)ccc(SC)c2)nc1,AEaraaa{BAasaaaaas}a{ar}A{~B}Dataaa{adt}A{~B}B,48.333333333333336
CHEMBL47875,Oc1ccc(cc1)c2nc3ccccc3s2,4.1,c1cccc2sc(-c3ccc(O)cc3)nc12,Baraaa{aar}asdataaaaates,6.666666666666672
CHEMBL1650737,COc1cc(Nc2nc(N[C@@H](C)c3ncc(F)cn3)nc(N4CCOCC4)c2Cl)n[nH]1,2.85,c1(F)cnc([C@@H](Nc2nc(N3CCOCC3)c(Cl)c(Nc3n[nH]c(OC)c3)n2)C)nc1,ABaraa{Dasda{D{A**Q}{A}atdaa{G}adt}da{DuAABAAu}asZ}d{dQ}r,27.5
CHEMBL1462105,Clc1cccc(NNC(=O)c2cccnc2Cl)c1,1.87,c1nc(Cl)c(C(=O)NNc2cc(Cl)ccc2)cc1,Zaraaaa{DDA{~B}asaaadasZ}ar,43.833333333333336
CHEMBL419763,Cc1ccc(NC(=O)CCC2CCCCC2)cc1NC(=O)c3ccc(O)cc3,4.13,C1CCCC(CCC(Nc2cc(NC(=O)c3ccc(O)cc3)c(C)cc2)=O)C1,Aaraaa{DA{~B}AAAsAAAAAs}aarDA{~B}ataaa{B}aat,6.166666666666669
CHEMBL149434,CCc1c(C(=O)C(=O)N)c2c(OCC(=O)N)cccc2n1Cc3ccccc3,2.1,c1cccc(Cn2c(CC)c(C(=O)C(N)=O)c3c2cccc3OCC(N)=O)c1,AAara{A{~B}A{~B}D}asa{BAA{~B}D}aaaasdrAataaaaat,40.0
CHEMBL49236,Nc1cccc2C(=O)C(=O)c3ccccc3c12,2.31,Nc1cccc2c1-c1ccccc1C(=O)C2=O,DaraaaasA{~B}A{~B}ataaaaatars,36.5
CHEMBL12952,COc1ccc2cc(ccc2c1)C(C)C(=O)O,0.23,COc1ccc2cc(C(C)C(=O)O)ccc2c1,ABaraaasaa{aaasar}A{A}A{~B}B,71.16666666666666
CHEMBL1939752,CCOC(=O)Nc1cccc(c1)[C@H](N2CCN(Cc3cccnc3)CC2)c4ccc(cc4)C(=O)N5CCC5,3.02,c1([C@@H](c2ccc(C(N3CCC3)=O)cc2)N2CCN(Cc3cccnc3)CC2)cccc(NC(=O)OCC)c1,AABA{~B}Daraaaa{ar}{A*Q}{DsAAD{Aataaadat}AAs}auaaa{aau}A{~B}DvAAAv,24.666666666666668
CHEMBL21342,C1NC(Cc2ccccc12)c3ccccc3,1.9,c1c(C2NCc3c(cccc3)C2)cccc1,ArDA{Aasaaaaars}ataaaaat,43.333333333333336
CHEMBL1778623,CCN(CC)S(=O)(=O)c1ccc(cc1)c2cc(ccc2OCC(=O)O)C(F)(F)F,0.67,C(C)N(CC)S(=O)(=O)c1ccc(-c2cc(C(F)(F)F)ccc2OCC(=O)O)cc1,AAD{AA}E{~B}{~B}araaa{aar}asaa{aaasBAA{~B}B}A{G}{G}G,63.833333333333336
CHEMBL1004,CN(C)CCOC(C)(c1ccccc1)c2ccccn2,-0.2,c1(C(C)(OCCN(C)C)c2ccccc2)ccccn1,AD{A}AABA{A}{araaaaar}asaaaads,78.33333333333333
CHEMBL17357,NCCc1ccc(O)c2nc(O)sc12,0.33,c1cc(O)c2nc(O)sc2c1CCN,DAAaraaa{B}asda{B}ears,69.5
CHEMBL39058,COc1ccc(C(=O)Nc2c(Cl)cncc2Cl)c3cccnc13,2.09,N(C(c1ccc(OC)c2ncccc21)=O)c1c(Cl)cncc1Cl,ABaraaa{A{~B}Dasa{Z}adaasZ}ataaadart,40.166666666666664
CHEMBL322019,CN(C)CC(O)COc1ccc(Nc2nccc(n2)N(CC#C)c3cc(Cl)ccc3Cl)cc1,3.2,c1c(Nc2nc(N(CC#C)c3c(Cl)ccc(Cl)c3)ccn2)ccc(OCC(CN(C)C)O)c1,AD{A}AA{B}ABaraaa{Dasdaaa{ds}D{AA^A}ataa{Z}aaatZ}aar,21.66666666666666
CHEMBL472,COc1ccc(Cl)cc1C(=O)NCCc2ccc(cc2)S(=O)(=O)NC(=O)NC3CCCCC3,2.23,C(NC(=O)c1c(OC)ccc(Cl)c1)Cc1ccc(S(=O)(NC(=O)NC2CCCCC2)=O)cc1,ABaraaa{Z}aarA{~B}DAAasaaa{aas}E{~B}{~B}DA{~B}DAtAAAAAt,37.833333333333336
CHEMBL249927,OCC(=O)N1CCC[C@@H]1COc2cccc3ncnc(Nc4ccc(OCc5ccccn5)c(Cl)c4)c23,3.71,OCC(=O)N1CCC[C@@H]1COc1cccc2ncnc(Nc3cc(Cl)c(OCc4ccccn4)cc3)c12,BAA{~B}DrAAA{A**Q}rABasaaaatdada{Dauaaa{BAavaaaadv}a{Z}au}ast,13.166666666666666
CHEMBL1194666,CCN(CC)C(C)C(=O)c1ccccc1,1.18,C(C(C)N(CC)CC)(=O)c1ccccc1,AAD{AA}A{A}A{~B}araaaaar,55.333333333333336
CHEMBL443239,CCCN(CCC)C(=O)c1cccc(c1)C(=O)N[C@@H](Cc2ccccc2)[C@H](O)CNCc3cccc(OC)c3,2.7,C(=O)(N[C@@H](Cc1ccccc1)[C@@H](CNCc1cc(OC)ccc1)O)c1cc(C(N(CCC)CCC)=O)ccc1,AAAD{AAA}A{~B}araaaa{ar}A{~B}D{A**Q}{Aasaaaaas}{A*Q}{B}ADAataaaa{BA}at,29.999999999999996
CHEMBL277148,Oc1cc(nc2ccccc12)c3ccccc3,2.54,c1c(-c2cc(O)c3ccccc3n2)cccc1,Baraa{dasaaaaars}ataaaaat,32.666666666666664
CHEMBL242818,Cc1cc(O)ccc1N2C(=O)c3ccc(O)cc3C2=O,2.0,N1(c2ccc(O)cc2C)C(=O)c2c(ccc(O)c2)C1=O,Aaraa{B}aaarDsA{~B}ataaa{B}aatAs~B,41.666666666666664
CHEMBL419742,FC(F)(F)c1cc(COCC(N2CCNCC2)c3cccc(Cl)c3)cc(c1)C(F)(F)F,4.2,c1ccc(C(COCc2cc(C(F)(F)F)cc(C(F)(F)F)c2)N2CCNCC2)cc1Cl,GA{G}{G}araa{ABAA{DsAADAAs}ataaaa{Z}at}aa{ar}A{G}{G}G,4.999999999999997
CHEMBL187007,COc1cc2ncnc(Nc3cc(NC(=O)c4cccc(c4)N(C)C)ccc3Cl)c2cc1OC,4.26,c1(N(C)C)cc(C(Nc2cc(Nc3ncnc4cc(OC)c(OC)cc43)c(Cl)cc2)=O)ccc1,ABaraasdada{Dataa{DA{~B}auaaaa{au}D{A}A}aaatZ}asaarBA,4.0000000000000036
CHEMBL2147150,C[C@H]1O[C@H]([C@H](O)[C@@H]1O)n2cnc3c(N)nc(OCC45CC6CC(CC(C6)C4)C5)nc23,3.58,n1cn([C@H]2[C@H](O)[C@H](O)[C@@H](C)O2)c2c1c(N)nc(OCC13CC4CC(CC(C4)C1)C3)n2,A{A*Q}rB{A*Q}{{A*Q}{B}{A**Q}rB}dsadata{D}da{BAAuvAAwAA{AA{Aw}Au}Av}dast,15.333333333333334
CHEMBL2031466,CC(C)NC(=O)c1ccc(C)c(c1)N2C=Nc3ccc(cc3C2=O)N4CCN(C)CC4,1.56,c1c2c(c(=O)n(-c3c(C)ccc(C(=O)NC(C)C)c3)cn2)cc(N2CCN(C)CC2)c1,AA{A}DA{~B}araaa{A}a{ar}DsA~Dataaa{aatAs~B}DuAAD{A}AAu,49.0
CHEMBL1080151,C[C@H](Nc1nc(Nc2ncc(C)s2)c(F)c(n1)N3CCOCC3)c4ncc(F)cn4,3.27,n1cc(C)sc1Nc1c(F)c(N2CCOCC2)nc(N[C@@H](C)c2ncc(F)cn2)n1,A{A*Q}{Darda{Dasdaa{A}es}a{G}a{dr}DtAABAAt}audaa{G}adu,20.5
CHEMBL1567984,OC(=O)c1ccc(cc1)c2nnn(Cc3ccccc3F)n2,0.3,OC(=O)c1ccc(-c2nn(Cc3ccccc3F)nn2)cc1,BA{~B}araaa{aar}asddd{AataaaaatG}ds,70.0
CHEMBL2111158,CC(C)NCC(O)COc1nccs1,-0.97,C(C)(C)NCC(COc1sccn1)O,AA{A}DAA{B}ABardaaer,91.16666666666667
CHEMBL1224286,CNC(=O)c1cccc(O[C@H]2C[C@H]3CC[C@@H](C2)N3Cc4ccccc4)c1,1.93,C(N1[C@H]2CC[C@@H]1C[C@H](Oc1cccc(C(=O)NC)c1)C2)c1ccccc1,ADA{~B}araaaa{B{A*Q}sA{A*Q}tAA{A**Q}{As}DtAauaaaaau}ar,42.833333333333336
CHEMBL266195,CC(C)NCC(O)COc1ccccc1CC=C,0.99,C(NCC(COc1ccccc1CC=C)O)(C)C,AA{A}DAA{B}ABaraaaaarAA~A,58.5
CHEMBL2062582,CC(=O)Nc1ccc2c(c1)c(cn2CCO)c3cc(NC4CC4)n5ncc(C#N)c5n3,2.71,n12c(c(C#N)cn1)nc(-c1c3c(n(CCO)c1)ccc(NC(C)=O)c3)cc2NC1CC1,AA{~B}Daraaasa{ar}a{adsAAB}ataa{DAuAAu}dvdaa{A^D}avdt,29.833333333333332
CHEMBL424,OC(=O)c1ccccc1O,-1.36,c1(C(=O)O)ccccc1O,BA{~B}araaaaarB,97.66666666666667
CHEMBL1079428,Cn1cnc(c2ccccc2)c1c3cc4c(N)ncnc4s3,2.94,c1c(-c2ncn(C)c2-c2sc3c(c(N)ncn3)c2)cccc1,Adrada{asaaaaas}arataaua{D}dadauet,26.0
CHEMBL782,CCCCNC(=O)NS(=O)(=O)c1ccc(C)cc1,0.44,C(CCC)NC(=O)NS(=O)(c1ccc(C)cc1)=O,AAAADA{~B}DE{~B}{~B}araaa{A}aar,67.66666666666666
CHEMBL2179275,CC(C)C[C@@H](N1CCC[C@@H](C1)N2C=C(C)C(=O)NC2=O)c3ccc(C(=O)O)c(Oc4cccc(Cl)c4)c3,0.91,[nH]1c(=O)n([C@H]2CCCN([C@@H](c3cc(Oc4cccc(Cl)c4)c(C(=O)O)cc3)CC(C)C)C2)cc(C)c1=O,AA{A}A{A**Q}{DrAAA{A**Q}{Ar}DsA~A{A}A{~B}DAs~B}ataaa{A{~B}B}a{Bauaaaa{Z}au}at,59.833333333333336
CHEMBL385240,COc1ccc(Cl)c(Nc2ncnc3cc(OC)cc(OC4CCN(C)CC4)c23)c1,3.6,O(C)c1cc2ncnc(Nc3c(Cl)ccc(OC)c3)c2c(OC2CCN(C)CC2)c1,ABaraaa{Z}a{Dasdadataa{BA}aa{BAuAAD{A}AAu}ast}ar,14.999999999999998
CHEMBL1835912,CCOC(=O)c1ccc(OCCC2CCN(CC2)c3ccc(C)nn3)nc1,3.76,c1(N2CCC(CCOc3ncc(C(=O)OCC)cc3)CC2)ccc(C)nn1,AABA{~B}araaa{BAAAsAAD{AAs}ataaa{A}ddt}dar,12.333333333333337
CHEMBL564366,Cc1ccc2nc(CCNCCCO)ccc2c1NC(=O)CC34CC5CC(CC(C5)C3)C4,1.18,c1(C)c(NC(=O)CC23CC4CC(CC(C4)C2)C3)c2ccc(CCNCCCO)nc2cc1,Aaraaasda{AADAAAB}aaasarDA{~B}AAtuAAvAA{AA{Av}At}Au,55.333333333333336
CHEMBL430381,OCC(CO)Nc1nc(SCc2cccc(F)c2F)nc3nc(NC4CC4)sc13,3.11,c1(NC(CO)CO)c2c(nc(NC3CC3)s2)nc(SCc2c(F)c(F)ccc2)n1,BAA{AB}Darda{EAasaaaa{G}asG}datda{DAuAAu}eart,23.166666666666668
CHEMBL198758,CCN(C1CCN(CCC(c2ccccc2)c3ccc(cc3)C#N)CC1)C(=O)Cc4ccc(cc4)S(=O)(=O)C,2.76,C(CN1CCC(N(C(=O)Cc2ccc(S(C)(=O)=O)cc2)CC)CC1)C(c1ccc(C#N)cc1)c1ccccc1,AAD{ArAAD{AAA{asaaaaas}ataaa{aat}A^D}AAr}A{~B}Aauaaa{aau}E{~B}{~B}A,29.000000000000004
CHEMBL109614,C[C@@H](COCCCS(=O)(=O)CCNCCc1ccc(O)c2nc(O)sc12)c3ccccc3,2.32,c1(O)ccc(CCNCCS(CCCOC[C@@H](c2ccccc2)C)(=O)=O)c2c1nc(O)s2,A{A**Q}{ABAAAE{~B}{~B}AADAAaraaa{B}asda{B}ears}ataaaaat,36.333333333333336
CHEMBL101473,CN(C)CC(O)COc1ccc(Nc2ncc(C)c(Nc3ccccc3)n2)cc1,2.0,c1cc(OCC(CN(C)C)O)ccc1Nc1ncc(C)c(Nc2ccccc2)n1,AD{A}AA{B}ABaraaa{Dasdaa{A}a{Dataaaaat}ds}aar,41.666666666666664
CHEMBL2153188,CCCSc1nc(ccc1C(=O)NC2CCCCC2)N3CCCC(C3)C(=O)O,1.72,C1CCC(NC(c2ccc(N3CC(C(O)=O)CCC3)nc2SCCC)=O)CC1,AAAEarda{aaarA{~B}DAsAAAAAs}DtAAAA{At}A{~B}B,46.333333333333336
CHEMBL351231,C[C@@H]1CCCN1CCc2oc3ccc(cc3c2)c4ccc(cc4)C#N,3.51,o1c(CCN2[C@H](C)CCC2)cc2cc(-c3ccc(C#N)cc3)ccc12,A{A**Q}rAAADrAAasbataaa{aatas}auaaa{aau}A^D,16.500000000000004
CHEMBL517544,COc1cc2ncc(C(=O)N)c(Nc3cccc(Cl)c3)c2cc1OC,3.5,COc1c(OC)cc2c(ncc(C(=O)N)c2Nc2cc(Cl)ccc2)c1,ABaraasdaa{A{~B}D}a{Dataaaa{Z}at}asaarBA,16.666666666666668
CHEMBL1209736,Brc1ccc(cc1)S(=O)(=O)NCC(N2CCCCCC2)c3ccccc3,3.21,C(NS(=O)(c1ccc(Br)cc1)=O)C(c1ccccc1)N1CCCCCC1,Yaraaa{aar}E{~B}{~B}DAA{DsAAAAAAs}ataaaaat,21.5
CHEMBL1927707,Oc1ccccc1CCC(=O)Nc2ccccc2,2.71,c1ccc(NC(=O)CCc2ccccc2O)cc1,BaraaaaarAAA{~B}Dasaaaaas,29.833333333333332
CHEMBL254129,C[C@@H]1CN[C@@H]2[C@@H](C1)O[C@]3(CC[C@H]4[C@@H]5CC=C6C[C@@H](O)CC[C@]6(C)[C@H]5CC4=C3C)[C@@H]2C,2.63,C1[C@H](O)CC2=CC[C@@H]3[C@H](CC4=C(C)[C@]5(CC[C@@H]34)O[C@@H]3C[C@H](C)CN[C@H]3[C@H]5C)[C@@]2(C)C1,A{A**Q}rAD{A**Q}s{A**Q}{Ar}B{A*}t{AA{A*Q}u{A**Q}vAA~AwA{A**Q}{B}AA{A*}w{A}{A*Q}vAAu~AtA}{A**Q}sA,31.166666666666668
CHEMBL315985,NC(=O)N1c2ccccc2C[C@H](O)c3ccccc13,0.79,c1ccc2c(c1)C[C@H](O)c1c(cccc1)N2C(N)=O,DA{~B}DrasaaaaasA{A*Q}{B}ataaaaart,61.833333333333336
CHEMBL1529362,Nc1nnc(s1)c2ccccc2,1.8,c1(N)sc(-c2ccccc2)nn1,Dardda{er}asaaaaas,45.0
CHEMBL1289682,Fc1ccc(C2CCN(CC2)C(=S)COCc3ccncc3)c(Cl)c1,4.23,c1cnccc1COCC(N1CCC(c2c(Cl)cc(F)cc2)CC1)=S,Garaaa{AsAAD{AAs}A{~E}ABAataadaat}a{Z}ar,4.499999999999993
CHEMBL1539,COc1ncnc(NS(=O)(=O)c2ccc(N)cc2)c1OC,-0.73,O=S(=O)(Nc1c(OC)c(OC)ncn1)c1ccc(N)cc1,ABardada{DE{~B}{~B}asaaa{D}aas}arBA,87.16666666666667
CHEMBL180368,C[C@H]1CCCN1CCc2oc3ccc(cc3c2)c4ccc(cc4)C#N,3.25,c1cc(-c2ccc(C#N)cc2)cc2c1oc(CCN1[C@@H](C)CCC1)c2,A{A*Q}rAAADrAAasbataaa{aatas}auaaa{aau}A^D,20.833333333333332
CHEMBL1650723,COc1cc(Nc2nc(N[C@@H](C)c3ncc(F)cn3)ncc2Cl)n[nH]1,2.53,c1(Cl)cnc(N[C@@H](C)c2ncc(F)cn2)nc1Nc1n[nH]c(OC)c1,ABaraa{Dasda{D{A**Q}{A}atdaa{G}adt}daasZ}d{dQ}r,32.833333333333336
CHEMBL226905,CC(N1NC(=O)C2=C(C1=O)C(=O)c3ccc(Cl)cc3N2)c4ccsc4,0.9,n1(C(C)c2ccsc2)[nH]c(=O)c2c(c(=O)c3c([nH]2)cc(Cl)cc3)c1=O,AA{DrDA{~B}As~A{Ar~B}A{~B}ataaa{Z}aatDs}auaaeau,60.0
CHEMBL1323247,CCN1CCN(CC1)C(=O)c2cc3cc(F)ccc3[nH]2,2.28,C1N(C(=O)c2[nH]c3c(cc(F)cc3)c2)CCN(CC)C1,AADrAAD{AAr}A{~B}asaataa{G}aaat{dQ}s,37.00000000000001
CHEMBL2349335,CC(C)C[C@H](CO)Nc1nc(SCc2ccccc2)nc3nc(N)sc13,4.2,CC(C)C[C@@H](Nc1c2sc(N)nc2nc(SCc2ccccc2)n1)CO,AA{A}A{A*Q}{AB}Darda{EAasaaaaas}datda{D}eart,4.999999999999997
CHEMBL1626,CN1CCC[C@@H]1CCO[C@](C)(c2ccccc2)c3ccc(Cl)cc3,3.48,c1c(Cl)ccc([C@@](OCC[C@H]2CCCN2C)(C)c2ccccc2)c1,ADrAAA{A**Q}rAAB{A*}{A}{asaaaaas}ataaa{Z}aat,17.0
CHEMBL195329,O=C(N[C@H]1CN2CCC1CC2)c3ccc(s3)c4ccccc4,1.9,C1CC2[C@@H](NC(=O)c3ccc(-c4ccccc4)s3)CN1CC2,B~A{D{A*Q}rADsAAArAAs}ataaa{et}auaaaaau,43.333333333333336
CHEMBL1384203,CC(NCC(O)c1ccc(cc1)[N+](=O)[O-])C23CC4CC(CC(C4)C2)C3,3.53,C1C2CC3CC(C(C)NCC(O)c4ccc([N+](=O)[O-])cc4)(C2)CC1C3,AA{DAA{B}araaa{aar}{D%}{~B}{B_}}AstAAuAA{AA{Au}As}At,16.166666666666668
CHEMBL2179289,CC1=CN(C2CCCN(Cc3cccc(Oc4ccc(C)cc4)c3)C2)C(=O)NC1=O,3.38,O=c1[nH]c(=O)c(C)cn1C1CN(Cc2cccc(Oc3ccc(C)cc3)c2)CCC1,AAr~AD{AsAAAD{Aataaaa{Bauaaa{A}aau}at}As}A{~B}DAr~B,18.666666666666668
CHEMBL1800657,CCCN(CCNCCc1ccc(O)c2NC(=O)Sc12)C(=O)CCOCCc3ccccc3,2.23,C(CN(C(CCOCCc1ccccc1)=O)CCNCCc1ccc(O)c2[nH]c(=O)sc12)C,AAAD{AADAAaraaa{B}asDA{~B}Ears}A{~B}AABAAataaaaat,37.833333333333336
CHEMBL259081,O=C1N=C(NCc2ccccc2)SN1Cc3ccccc3,3.01,c1ccc(CNc2sn(Cc3ccccc3)c(=O)n2)cc1,B~ArD~A{DAasaaaaas}EDrAataaaaat,24.83333333333334
CHEMBL2207226,COc1cc(OC)c(cc1NC(=O)Cc2ccnc(F)c2)S(=O)(=O)N3c4ccccc4Oc5ccccc35,3.37,c1(S(N2c3c(cccc3)Oc3ccccc32)(=O)=O)cc(NC(=O)Cc2ccnc(F)c2)c(OC)cc1OC,ABaraa{BA}a{aarDA{~B}Aasaada{G}as}E{~B}{~B}DtauaaaaauBavaaaaatv,18.833333333333332
CHEMBL1230165,OC(=O)c1ccc2c(c1)nc(Nc3cccc(Cl)c3)c4ccncc24,1.29,c12c3c(c(Nc4cc(Cl)ccc4)nc1cc(C(=O)O)cc2)ccnc3,BA{~B}araaasa{ar}da{Dataaaa{Z}at}auaadaasu,53.5
CHEMBL902,NC(=N)Nc1nc(CSCCC(=N)NS(=O)(=O)N)cs1,-0.6,N=C(NS(=O)(N)=O)CCSCc1csc(NC(=N)N)n1,DA{~D}Darda{AEAAA{~D}DE{~B}{~B}D}aer,84.99999999999999
CHEMBL1939738,CN(CCO)C(=O)c1ccc(cc1)[C@@H](N2CCN(Cc3ccc(F)cc3)CC2)c4cccc(NC(=O)C5CC5)c4,3.38,C(C1CC1)(Nc1cc([C@@H](c2ccc(C(=O)N(CCO)C)cc2)N2CCN(Cc3ccc(F)cc3)CC2)ccc1)=O,AD{AAB}A{~B}araaa{aar}{A**Q}{DsAAD{Aataaa{G}aat}AAs}auaaaa{DA{~B}AvAAv}au,18.666666666666668
CHEMBL1951918,CCN(C1CCN(CC[C@H](C2CCN(CC2)S(=O)(=O)C)c3cccc(c3)C(F)(F)F)CC1)C(=O)Cc4ccc(cc4)S(=O)(=O)C,1.9,O=C(Cc1ccc(S(C)(=O)=O)cc1)N(C1CCN(CC[C@H](C2CCN(S(=O)(C)=O)CC2)c2cc(C(F)(F)F)ccc2)CC1)CC,AAD{ArAAD{AA{A*Q}{AsAAD{AAs}E{~B}{~B}A}ataaaa{at}A{G}{G}G}AAr}A{~B}Aauaaa{aau}E{~B}{~B}A,43.333333333333336
CHEMBL365614,CN1CCCC(COc2nccc(Nc3cc(NC(=O)c4ccnc(c4)N5CCOCC5)ccc3C)n2)C1,1.9,C1CN(c2cc(C(=O)Nc3cc(Nc4nc(OCC5CN(C)CCC5)ncc4)c(C)cc3)ccn2)CCO1,ADrAAAA{ABasdaaa{Dataa{DA{~B}auaada{au}DvAABAAv}aaatA}ds}Ar,43.333333333333336
CHEMBL2207656,O[C@H](CNC(=O)C1=CNC(=O)c2c(F)cccc12)CN3CCC(CC3)Oc4ccc(Cl)c(Cl)c4,3.15,c1(Cl)c(Cl)cc(OC2CCN(C[C@@H](CNC(=O)c3c4c(c(F)ccc4)c(=O)[nH]c3)O)CC2)cc1,B{A*Q}{ADA{~B}Ar~ADA{~B}asa{G}aaaars}ADtAAA{AAt}Bauaaa{Z}a{Z}au,22.5
CHEMBL70824,CN(C)CCCN(C)S(=O)(=O)c1ccc(Nc2nccc(n2)c3cnc4ccccn34)cc1,2.16,CN(CCCN(C)S(=O)(=O)c1ccc(Nc2nccc(-c3cnc4n3cccc4)n2)cc1)C,AD{A}AAAD{A}E{~B}{~B}araaa{Dasdaaa{ds}atadauaaaadtu}aar,39.0
CHEMBL1457701,OC1=CC(=O)C2=C(O1)c3ccccc3N(Cc4ccccc4)C2=O,1.97,c1(=O)c2c(=O)n(Cc3ccccc3)c3c(cccc3)c2oc(O)c1,BAr~AA{~B}As~A{Br}ataaaaatD{Aauaaaaau}As~B,42.16666666666667
CHEMBL140453,CC(O)(C(=O)Nc1ccc(cc1)S(=O)(=O)c2ccc(O)cc2)C(F)(F)F,2.78,c1c(O)ccc(S(c2ccc(NC(C(C(F)(F)F)(C)O)=O)cc2)(=O)=O)c1,AA{B}{A{~B}Daraaa{aar}E{~B}{~B}asaaa{B}aas}A{G}{G}G,28.66666666666667
CHEMBL2153180,CCCSc1ncccc1C(=O)N(C)[C@H]2[C@@H]3CC4C[C@H]2C[C@@](O)(C4)C3,2.48,[C@@H]12[C@@H](N(C(=O)c3c(SCCC)nccc3)C)[C@@H]3CC(C[C@](O)(C1)C3)C2,AAAEardaaaarA{~B}D{A}{A*Q}s{A**Q}tAAuA{A*Q}sA{A**}{B}{Au}At,33.666666666666664
CHEMBL2087846,Cn1cncc1c2c3C(=O)N(CC#CCO)C(=O)N(CC4CC4)c3nn2Cc5ccnc6ccc(Cl)cc56,2.55,n1c2ccc(Cl)cc2c(Cn2nc3c(c(=O)n(CC#CCO)c(=O)n3CC3CC3)c2-c2cncn2C)cc1,AdradaarasatA{~B}D{AA^AAB}A{~B}D{AAuAAu}atddsAavaadawaaa{Z}aavw,32.50000000000001
CHEMBL2153174,Fc1cccc(F)c1CS(=O)(=O)N2CCN(CC2)c3ncccc3C(F)(F)F,3.9,C1CN(c2ncccc2C(F)(F)F)CCN1S(Cc1c(F)cccc1F)(=O)=O,Garaaaa{G}arAE{~B}{~B}DsAAD{AAs}atdaaaatA{G}{G}G,10.000000000000002
CHEMBL520902,CS(=O)(=O)c1ccc(cc1)c2cc(C(=O)N[C@H]3CCCNC3)c(NC(=O)N)s2,0.68,c1cc(S(=O)(=O)C)ccc1-c1sc(NC(N)=O)c(C(N[C@H]2CCCNC2)=O)c1,AE{~B}{~B}araaa{aar}asaa{A{~B}D{A*Q}tAAADAt}a{DA{~B}D}es,63.666666666666664
CHEMBL1213071,Cc1onc(C(=O)N)c1C(=O)Nc2nccs2,1.63,c1nc(NC(=O)c2c(C(N)=O)noc2C)sc1,Aarbda{A{~B}D}arA{~B}Dasdaaes,47.833333333333336
CHEMBL41,CNCCC(Oc1ccc(cc1)C(F)(F)F)c2ccccc2,1.92,c1(OC(CCNC)c2ccccc2)ccc(C(F)(F)F)cc1,ADAAA{Baraaa{aar}A{G}{G}G}asaaaaas,43.0
CHEMBL1079588,CCn1cnc(c2ccccc2)c1c3nc4c(N)ncnc4s3,2.97,c1cccc(-c2c(-c3sc4ncnc(N)c4n3)n(CC)cn2)c1,AAdrada{asaaaaas}aratdaua{D}dadauet,25.499999999999996
CHEMBL167151,CCCc1c(O)c(ccc1OCCCCSCC(=O)O)C(=O)C,1.3,C(SCC(O)=O)CCCOc1ccc(C(=O)C)c(O)c1CCC,AAAara{B}a{aaarBAAAAEAA{~B}B}A{~B}A,53.333333333333336
CHEMBL1084546,CN(c1ncccc1CNc2nc(Nc3ccc4NC(=O)Cc4c3)ncc2C(F)(F)F)S(=O)(=O)C,2.63,c1nc(N(S(=O)(=O)C)C)c(CNc2nc(Nc3cc4c(cc3)NC(=O)C4)ncc2C(F)(F)F)cc1,AD{ardaaaarADasda{DataaauDA{~B}Aauat}daasA{G}{G}G}E{~B}{~B}A,31.166666666666668
CHEMBL370492,CCc1nc2cc(O)ccc2c(Oc3ccc(\C=C\C(=O)O)cc3)c1c4ccccc4,3.0,c1cc(-c2c(Oc3ccc(/C=C/C(O)=O)cc3)c3c(nc2CC)cc(O)cc3)ccc1,AAardasaa{B}aaasa{Bataaa{!A~A!A{~B}B}aat}arauaaaaau,25.0
CHEMBL1770298,Cc1ccc(s1)C(NC(=O)c2ccccc2O)C(=O)Nc3c(C)cccc3C,4.05,O=C(NC(C(=O)Nc1c(C)cccc1C)c1ccc(C)s1)c1c(O)cccc1,Aaraaa{er}A{DA{~B}asaaaaasB}A{~B}Data{A}aaaatA,7.500000000000003
CHEMBL1089517,COCCOc1nc(N)c2NC(=O)N(Cc3cccc(CC(=O)OC)c3)c2n1,1.86,n1(Cc2cccc(CC(=O)OC)c2)c2nc(OCCOC)nc(N)c2[nH]c1=O,ABAABarda{D}asDA{~B}D{Aataaaa{AA{~B}BA}at}asdr,43.99999999999999
CHEMBL10,C[S+]([O-])c1ccc(cc1)c2nc(c3ccc(F)cc3)c([nH]2)c4ccncc4,3.34,c1c(-c2[nH]c(-c3ccc([S+](C)[O-])cc3)nc2-c2ccc(F)cc2)ccnc1,A{E%}{{B_}}araaa{aar}asda{ataaa{G}aat}a{{dQ}s}auaadaau,19.333333333333336
CHEMBL1934271,CCC(CC)n1nc(C)c(C(=O)N[C@@H](C)C(C)(C)C)c1NS(=O)(=O)c2ccc(C)cc2,1.88,O=S(Nc1c(C(N[C@@H](C)C(C)(C)C)=O)c(C)nn1C(CC)CC)(=O)c1ccc(C)cc1,AAA{AA}drda{A}a{A{~B}D{A**Q}{A}A{A}{A}A}arDE{~B}{~B}asaaa{A}aas,43.666666666666664
CHEMBL1630123,CN1CCN(CC(=O)Nc2ccc(C3=CC=CN4C(=O)C=C(N=C34)N5CCOCC5)c6sc7ccccc7c26)CC1,2.6,C1COCCN1c1cc(=O)n2c(c(-c3c4c(c(NC(=O)CN5CCN(C)CC5)cc3)c3c(s4)cccc3)ccc2)n1,ADrAAD{AA{~B}Dasaaa{At~AA~ADuA{~B}A~A{D~Atu}DvAABAAv}aweaxaaaaaxasw}AAr,31.666666666666668
CHEMBL447183,NC1=NC2(CCN(CC2)C(=O)c3ccc(nc3)C#N)Nc4c(F)ccc(F)c14,0.79,C12(Nc3c(F)ccc(F)c3C(N)=N1)CCN(C(=O)c1cnc(C#N)cc1)CC2,DAr~DAs{AAD{AAs}A{~B}ataaa{dat}A^D}Daua{G}aaa{G}aru,61.833333333333336
CHEMBL441093,CC(=O)NC[C@H]1CN(C(=O)O1)c2ccc(N3Cc4cccnc4C3)c(F)c2,2.88,O1C(=O)N(c2ccc(N3Cc4c(nccc4)C3)c(F)c2)C[C@@H]1CNC(=O)C,AA{~B}DA{A*Q}rAD{A{~B}Br}asaaa{DtAauaaadauAt}a{G}as,27.0
CHEMBL1682972,CC[C@H](NC(=O)c1c([S+](C)[O-])c(nc2ccccc12)c3ccccc3)c4cccnc4,2.2,[C@H](c1cnccc1)(NC(=O)c1c2ccccc2nc(-c2ccccc2)c1[S+](C)[O-])CC,AA{A*Q}{DA{~B}ara{{E%}{A}{B_}}a{dasaaaaars}ataaaaat}auaaadau,38.33333333333333
CHEMBL1614705,OCC(=O)N1CCC(CC1)c2[nH]nc(c3ccc(Cl)cc3F)c2c4ccncn4,1.79,C(CO)(N1CCC(c2[nH]nc(-c3c(F)cc(Cl)cc3)c2-c2ccncn2)CC1)=O,BAA{~B}DrAAA{AAr}as{dQ}da{ataaa{Z}aatG}asauaadadu,45.166666666666664
CHEMBL2151322,CC(C)Oc1cc(n[nH]1)n2cnc3ccc(N[C@@H](CO)c4ccc(F)cn4)nc23,2.79,n1c2c(ccc1N[C@H](c1ncc(F)cc1)CO)ncn2-c1cc(OC(C)C)[nH]n1,AA{A}Baraa{d{dQ}r}dsadataaa{D{A**Q}{AB}auaaa{G}adu}dast,28.5
CHEMBL2011942,NC(=O)c1cnc2[nH]c(nc2c1NCCCNC(=O)C3CCC3)c4ccc(OCCN5CCCCC5)cc4,2.48,C1CC(C(=O)NCCCNc2c3c([nH]c(-c4ccc(OCCN5CCCCC5)cc4)n3)ncc2C(=O)N)C1,DA{~B}aradas{dQ}a{dasarDAAADA{~B}AtAAAt}auaaa{BAADvAAAAAv}aau,33.666666666666664
CHEMBL252083,CNC(=O)OC[C@@H](C)N(c1cc(Cl)ccc1CO)S(=O)(=O)c2ccc(Cl)cc2,3.0,c1(Cl)cc(N(S(=O)(c2ccc(Cl)cc2)=O)[C@@H](COC(=O)NC)C)c(CO)cc1,ADA{~B}BA{A**Q}{A}D{araa{Z}aaarAB}E{~B}{~B}asaaa{Z}aas,25.0
CHEMBL453629,CC(C)n1c(C)ncc1c2ccnc(Nc3ccc(C(=O)NCCN(C)C)c(F)c3)n2,1.96,n1c(C)n(C(C)C)c(-c2nc(Nc3ccc(C(NCCN(C)C)=O)c(F)c3)ncc2)c1,AA{A}dra{A}daarasaada{Dataaa{A{~B}DAAD{A}A}a{G}at}ds,42.333333333333336
CHEMBL1575541,CC1(CCC(=O)N1Cc2cccs2)C(=O)NC3CCCCC3,2.15,O=C(C1(C)N(Cc2sccc2)C(=O)CC1)NC1CCCCC1,AAr{AAA{~B}DrAasaaaes}A{~B}DAtAAAAAt,39.166666666666664
CHEMBL1809067,COc1cc(ccc1Nc2ncc(Cl)c(n2)c3cnc4ccccn34)N5CCN(CC5)C(=O)N,3.3,C1CN(c2ccc(Nc3nc(-c4n5c(cccc5)nc4)c(Cl)cn3)c(OC)c2)CCN1C(=O)N,ABaraa{aaarDasdaa{Z}a{ds}atadauaaaadtu}DvAAD{AAv}A{~B}D,20.000000000000004
CHEMBL1223955,NC(=O)c1cccc(c1)[S+]([O-])[C@H]2C[C@H]3CC[C@@H](C2)N3Cc4ccccc4,1.1,c1c(C(=O)N)cc([S+]([O-])[C@@H]2C[C@@H]3CC[C@H](C2)N3Cc2ccccc2)cc1,DA{~B}araaaa{ar}{E%}{{B_}}{A*Q}sA{A*Q}tAA{A**Q}{As}DtAauaaaaau,56.666666666666664
CHEMBL551813,CN(C)c1nc(Cc2ccc(NC(=O)c3ccc(cc3)C(F)(F)F)cc2)nc(N(C)C)c1CC(=O)O,1.46,CN(C)c1nc(Cc2ccc(NC(=O)c3ccc(C(F)(F)F)cc3)cc2)nc(N(C)C)c1CC(O)=O,AD{A}arda{Aasaaa{DA{~B}ataaa{aat}A{G}{G}G}aas}da{D{A}A}arAA{~B}B,50.666666666666664
CHEMBL1916261,CCC(CC)NC(=O)c1nnn(c1NS(=O)(=O)c2ccc(C)cc2)c3ccccc3,0.46,N(C(CC)CC)C(=O)c1c(NS(=O)(=O)c2ccc(C)cc2)n(-c2ccccc2)nn1,AAA{AA}DA{~B}arddd{arDE{~B}{~B}asaaa{A}aas}ataaaaat,67.33333333333333
CHEMBL577458,Nc1nc(SCc2ccccc2)nc3c1ncn3[C@@H]4O[C@H](CO)[C@@H](O)[C@H]4O,1.24,S(Cc1ccccc1)c1nc2c(ncn2[C@@H]2O[C@H](CO)[C@@H](O)[C@H]2O)c(N)n1,Darda{EAasaaaaas}datardadt{A**Q}uB{A*Q}{AB}{A**Q}{B}{A*Q}uB,54.333333333333336
CHEMBL368473,CN1C(=O)N(C)c2[nH]c(nc2C1=O)c3cccnc3,0.7,c12c(c(=O)n(C)c(=O)n1C)nc(-c1cnccc1)[nH]2,ADrA{~B}D{A}as{dQ}a{dasAr~B}ataaadat,63.333333333333336
CHEMBL2010846,CO[C@@H]1CN(Cc2ccc(cc2)C(F)(F)F)CC[C@@H]1N(C)C(=O)Cc3ccc(cc3)n4cnnn4,3.1,C(c1ccc(C(F)(F)F)cc1)N1CC[C@H](N(C)C(=O)Cc2ccc(-n3nnnc3)cc2)[C@H](OC)C1,AB{A**Q}rAD{Aasaaa{aas}A{G}{G}G}AA{A**Q}rD{A}A{~B}Aataaa{aat}duadddu,23.333333333333332
CHEMBL154,COc1ccc2cc(ccc2c1)[C@H](C)C(=O)O,0.13,c1(OC)cc2c(cc([C@@H](C(O)=O)C)cc2)cc1,ABaraaasaa{aaasar}{A*Q}{A}A{~B}B,72.83333333333333
CHEMBL288470,CN(C)C1=C(C)N(C)N(C1=O)c2ccccc2,0.78,Cn1c(C)c(N(C)C)c(=O)n1-c1ccccc1,AD{A}Ar~A{A}D{A}D{Ar~B}asaaaaas,62.0
CHEMBL281066,CCC(CC)CNC(=O)c1ccc2c(c1)c(Cc3ccc(cc3OC)C(=O)NS(=O)(=O)c4ccccc4C)cn2C,2.7,C(C)C(CNC(=O)c1ccc2n(C)cc(Cc3c(OC)cc(C(=O)NS(c4c(C)cccc4)(=O)=O)cc3)c2c1)CC,AAA{AA}ADA{~B}araaasa{ar}a{Aataaa{aatBA}A{~B}DE{~B}{~B}auaaaaauA}adsA,29.999999999999996
CHEMBL2178385,NC(=O)c1cncc(c1)c2ccc(cc2)[C@@H]3CC[C@@H](CC(=O)O)CC3,0.22,OC(C[C@H]1CC[C@H](c2ccc(-c3cc(C(N)=O)cnc3)cc2)CC1)=O,DA{~B}aradaa{ar}asaaa{aas}{A**Q}tAA{A**Q}{AA{~B}B}AAt,71.33333333333333
CHEMBL563,CC(C(=O)O)c1ccc(c(F)c1)c2ccccc2,0.85,C(O)(=O)C(C)c1ccc(-c2ccccc2)c(F)c1,AA{A{~B}B}araaa{a{G}ar}asaaaaas,60.833333333333336
CHEMBL1809196,COc1cc(ccc1Nc2ncc(c(n2)c3cnc4ccccn34)C(F)(F)F)N5CCN(CC5)C(=O)C,3.7,c1(-c2cnc3ccccn23)nc(Nc2ccc(N3CCN(C(C)=O)CC3)cc2OC)ncc1C(F)(F)F,ABaraa{aaarDasdaa{a{ds}atadauaaaadtu}A{G}{G}G}DvAAD{AAv}A{~B}A,13.33333333333333
CHEMBL2035025,NC1(CCC1)c2ccc(cc2)c3ncc4nccn4c3c5ccccc5,1.3,c1cc(-c2c(-c3ccc(C4(N)CCC4)cc3)ncc3nccn23)ccc1,DAr{AAAr}asaaa{aas}atdaaudaaduatavaaaaav,53.333333333333336
CHEMBL1778373,COC[C@H](C)Oc1cc(Oc2cc(F)cc(F)c2)cc(c1)C(=O)Nc3ccc(cn3)C(=O)O,1.36,Fc1cc(F)cc(Oc2cc(C(=O)Nc3ncc(C(O)=O)cc3)cc(O[C@@H](C)COC)c2)c1,ABA{A*Q}{A}Baraa{Basaa{G}aa{G}as}aa{ar}A{~B}Dataaa{adt}A{~B}B,52.33333333333332
CHEMBL2179279,CCC(C)(C)C[C@@H](N1CCC[C@@H](C1)N2C=C(C)C(=O)NC2=O)c3ccc(C(=O)O)c(Oc4cccc(Cl)c4)c3,1.37,c1c(Cl)cc(Oc2c(C(O)=O)ccc([C@H](N3CCC[C@H](n4c(=O)[nH]c(=O)c(C)c4)C3)CC(C)(C)CC)c2)cc1,AAA{A}{A}A{A**Q}{DrAAA{A**Q}{Ar}DsA~A{A}A{~B}DAs~B}ataaa{A{~B}B}a{Bauaaaa{Z}au}at,52.166666666666664
CHEMBL139088,Fc1cccc(c1)C(COCc2cc(cc(c2)C(F)(F)F)C(F)(F)F)N3CCNCC3,3.2,FC(c1cc(C(F)(F)F)cc(COCC(c2cccc(F)c2)N2CCNCC2)c1)(F)F,Garaaaa{ar}A{ABAasaa{aa{as}A{G}{G}G}A{G}{G}G}DtAADAAt,21.66666666666666
CHEMBL1779013,COc1cc(F)ccc1c2cncc(CNC(=O)c3ccccn3)c2,3.2,C(NCc1cncc(-c2ccc(F)cc2OC)c1)(=O)c1ccccn1,ABaraa{G}aaarasadaa{ADA{~B}ataaaadt}as,21.66666666666666
CHEMBL1299619,CSCc1cc(nc(n1)c2ccccc2)N3CCOCC3,3.26,c1(-c2ccccc2)nc(N2CCOCC2)cc(CSC)n1,AEAaraa{da{dr}asaaaaas}DtAABAAt,20.66666666666667
CHEMBL2062575,CN(C)CCCNc1cc(nc2c(cnn12)C#N)n3ccc4ccc(NC(=O)C)cc34,1.62,c1c(-n2ccc3ccc(NC(C)=O)cc23)nc2n(c1NCCCN(C)C)ncc2C#N,AD{A}AAADaraa{dasa{addrs}A^D}dtaaauaaa{DA{~B}A}aatu,48.0
CHEMBL2062574,CC(=O)Nc1ccc2ccn(c3cc(NCCN4CCCC4)n5ncc(C#N)c5n3)c2c1,2.24,c1n(-c2nc3n(ncc3C#N)c(NCCN3CCCC3)c2)c2c(c1)ccc(NC(C)=O)c2,AA{~B}Daraaasaad{ataa{DAADuAAAAu}dvdaa{A^D}avdt}asar,37.666666666666664
CHEMBL2163582,Clc1cccc2c3CN(CCc3[nH]c12)C(=O)[C@@H]4CCCC[C@H]4C(=O)NC5(CC5)C#N,3.59,[C@H]1(C(N2Cc3c4cccc(Cl)c4[nH]c3CC2)=O)[C@H](C(NC2(C#N)CC2)=O)CCCC1,ZaraaaasatAD{AAat{dQ}ars}A{~B}{A**Q}uAAAA{A*Q}uA{~B}DAv{AAv}A^D,15.16666666666667
CHEMBL8145,Oc1ccc(cc1)C2=COc3cc(O)ccc3C2=O,2.46,o1c2cc(O)ccc2c(=O)c(-c2ccc(O)cc2)c1,Baraaa{aar}As~ABataa{B}aaatAs~B,34.0
CHEMBL65119,Nc1ccc2[nH]c(Cc3ccc(Oc4ccccc4)cc3)nc2c1,3.8,c1ccc(Oc2ccc(Cc3nc4c(ccc(N)c4)[nH]3)cc2)cc1,Daraaas{dQ}a{Aataaa{Bauaaaaau}aat}dasar,11.66666666666667
CHEMBL1090089,CN1C(=O)C(=Cc2cnc(NC(CCO)CCO)nc12)Oc3ccc(F)cc3F,1.5,N(C(CCO)CCO)c1nc2c(cn1)cc(Oc1c(F)cc(F)cc1)c(=O)n2C,ADrA{~B}A{~Aasada{DA{AAB}AAB}dars}Bataaa{G}aatG,50.0
CHEMBL111660,CCc1ccc(NC(=O)c2ccc3cc(ccc3c2)C(=N)N)cc1,1.1,c12ccc(C(Nc3ccc(CC)cc3)=O)cc1ccc(C(N)=N)c2,AAaraaa{DA{~B}asaaataa{aaatas}A{~D}D}aar,56.666666666666664
CHEMBL2180015,CC#Cc1ccnc(c1)c2cc(ccc2O)C3(N=C(C)C(=N3)N)C4CC4,3.6,N1=C(N)C(C)=NC1(C1CC1)c1ccc(O)c(-c2nccc(C#CC)c2)c1,AA^Aaraada{ar}asaa{aaasB}At{D~A{A}A{~Dt}D}AuAAu,14.999999999999998
CHEMBL540930,Fc1ccc(cc1)C(NC(=O)CC2CCN(Cc3ccn(c3)c4ccc(cc4)C(F)(F)F)CC2)C5=CNC(=O)C(=C5)Cl,3.12,C1CN(Cc2ccn(-c3ccc(C(F)(F)F)cc3)c2)CCC1CC(NC(c1c[nH]c(=O)c(Cl)c1)c1ccc(F)cc1)=O,Garaaa{aar}A{DA{~B}AAsAAD{Aataad{at}auaaa{aau}A{G}{G}G}AAs}Av~ADA{~B}A{~Av}Z,23.0
CHEMBL66520,CC(C)C(NC(=O)CN1C(=O)C(=CC=C1c2ccccc2)NC=O)C(=O)C(F)(F)F,1.84,O=C(C(C(C)C)NC(Cn1c(-c2ccccc2)ccc(NC=O)c1=O)=O)C(F)(F)F,AA{A}A{DA{~B}ADrA{~B}A{~AA~Arasaaaaas}DA~B}A{~B}A{G}{G}G,44.333333333333336
CHEMBL1809195,COc1cc(ccc1Nc2ncc(C)c(n2)c3cnc4ccccn34)N5CCN(CC5)C(=O)C,2.9,n1c(-c2cnc3ccccn23)c(C)cnc1Nc1ccc(N2CCN(C(=O)C)CC2)cc1OC,ABaraa{aaarDasdaa{A}a{ds}atadauaaaadtu}DvAAD{AAv}A{~B}A,26.666666666666668
CHEMBL1574146,Nc1cccc2C(=O)N(Cc3cccc(Cl)c3)C(=O)c12,3.18,c12cccc(N)c1C(=O)N(Cc1cc(Cl)ccc1)C2=O,DaraaaasA{~B}D{Aataaaa{Z}at}A{~B}ars,21.999999999999996
CHEMBL2079220,NC(=O)Nc1cc(sc1C(=O)N[C@H]2CCCNC2)c3ccccc3,1.04,c1cccc(-c2sc(C(N[C@@H]3CNCCC3)=O)c(NC(N)=O)c2)c1,DA{~B}Daraa{earA{~B}D{A*Q}sAAADAs}ataaaaat,57.666666666666664
CHEMBL1964629,Nc1nc(Cl)nc(NCc2ccccc2)n1,2.26,c1ccccc1CNc1nc(N)nc(Cl)n1,Darda{Z}da{DAasaaaaas}dr,37.333333333333336
CHEMBL1374798,COc1cccc(COCC(O)CN2CCC(CC2)C(=O)N)c1,-0.5,C(=O)(C1CCN(CC(COCc2cccc(OC)c2)O)CC1)N,ABaraaaa{ABAA{B}ADsAAA{AAs}A{~B}D}ar,83.33333333333333
CHEMBL320714,Oc1ccc(CCNCCCCCCOCCc2ccccc2)c3sc(O)nc13,2.21,c12c(sc(O)n1)c(CCNCCCCCCOCCc1ccccc1)ccc2O,Baraaa{AADAAAAAABAAasaaaaas}atea{B}dart,38.166666666666664
CHEMBL1778365,COC[C@H](C)Oc1cc(Oc2ccccc2)cc(c1)C(=O)Nc3ccc(cn3)C(=O)O,0.95,C(O)(=O)c1ccc(NC(c2cc(Oc3ccccc3)cc(O[C@@H](C)COC)c2)=O)nc1,ABA{A*Q}{A}Baraa{Basaaaaas}aa{ar}A{~B}Dataaa{adt}A{~B}B,59.166666666666664
CHEMBL256963,Clc1ccc2ncc(c3cccc(NC4CNC4)n3)n2c1,1.19,c1cc(NC2CNC2)nc(-c2n3cc(Cl)ccc3nc2)c1,Zaraaasdaa{ataaaa{DAuADAu}dt}dsar,55.166666666666664
CHEMBL149324,NC(=N)Nc1ccc(cc1)C(=O)Oc2ccccc2,-0.21,C(=O)(Oc1ccccc1)c1ccc(NC(=N)N)cc1,DA{~D}Daraaa{aar}A{~B}Basaaaaas,78.5
CHEMBL2035023,NC1(CCC1)c2ccc(cc2)C3=NN4C=CC(=O)N=C4C=C3c5ccccc5,0.2,n1c(-c2ccc(C3(N)CCC3)cc2)c(-c2ccccc2)cc2nc(=O)ccn12,DAr{AAAr}asaaa{aas}At~DDuA~AA{~B}D~AuA~Atavaaaaav,71.66666666666667
CHEMBL16073,CCOc1ccc(NC(=O)C)cc1,1.5,O(CC)c1ccc(NC(=O)C)cc1,AABaraaa{DA{~B}A}aar,50.0
CHEMBL492112,O=C(CC12CC3CC(CC(C3)C1)C2)Nc4ccc5[nH]ncc5c4,4.03,C(CC12CC3CC(CC(C3)C1)C2)(Nc1cc2c(cc1)[nH]nc2)=O,B~A{AArsAAtAA{AA{At}Ar}As}Dauaaav{dQ}daavau,7.833333333333329
CHEMBL1909282,OC(=O)Cc1csc(n1)c2ccc(Cl)cc2,-0.22,c1(CC(O)=O)csc(-c2ccc(Cl)cc2)n1,BA{~B}Aaraea{dr}asaaa{Z}aas,78.66666666666667
CHEMBL519301,Cc1oc(cc1)c2ccc(cc2F)S(=O)(=O)N3CCC[C@H]3C(=O)N4CC[C@@H](N)C4,1.2,N1(S(c2cc(F)c(-c3ccc(C)o3)cc2)(=O)=O)[C@H](C(=O)N2CC[C@@H](N)C2)CCC1,Aarba{aar}asaaa{aasG}E{~B}{~B}DtAAA{A*Q}tA{~B}DuAA{A**Q}{D}Au,55.0
CHEMBL2012204,Cc1onc(c1)[C@H](O)[C@](C)(OCc2ccc(cc2)c3ccccc3)C(=O)NO,2.88,c1([C@H](O)[C@@](C(NO)=O)(OCc2ccc(-c3ccccc3)cc2)C)noc(C)c1,Aarbda{ar}{A*Q}{B}{A*}{A}{BAasaaa{aas}ataaaaat}A{~B}DB,27.0
CHEMBL8232,COc1cccc(Oc2cncnc2O)c1,0.59,c1ncc(Oc2cccc(OC)c2)c(O)n1,ABaraaaa{BasadadasB}ar,65.16666666666667
CHEMBL2151324,CC(C)Oc1cc(Nc2nc3c(cc2F)ncn3[C@@H](CO)c4ccc(F)cn4)n[nH]1,2.97,c1(Nc2cc(OC(C)C)[nH]n2)nc2n([C@H](c3ncc(F)cc3)CO)cnc2cc1F,AA{A}Baraa{Dasdata{aasG}dadt{A**Q}{AB}auaaa{G}adu}d{dQ}r,25.499999999999996
CHEMBL557697,OC(=O)c1cccc(c1)c2ccc3c(C(=O)NCC45CC6CC(CC(C6)C4)C5)c(Cl)ccc3n2,2.84,N(C(=O)c1c(Cl)ccc2nc(-c3cc(C(O)=O)ccc3)ccc21)CC12CC3CC(CC(C3)C1)C2,BA{~B}araaaa{ar}asaaata{A{~B}DAAuvAAwAA{AA{Aw}Au}Av}a{Z}aaatds,27.666666666666668
CHEMBL181610,Nc1nc(N)c(nc1Cl)C(=O)Nc2ccccn2,2.67,c1(N)c(C(Nc2ncccc2)=O)nc(Cl)c(N)n1,Darda{D}a{darZ}A{~B}Dasaaaads,30.5
CHEMBL129198,CN1CCN(CC1)C(=O)c2cc3cc(Cl)ccc3[nH]2,2.4,c12c(cc(C(=O)N3CCN(C)CC3)[nH]1)cc(Cl)cc2,ADrAAD{AAr}A{~B}asaataa{Z}aaat{dQ}s,35.0
CHEMBL2170837,CCn1c(C)c(C(=O)O)c(c2cccc(c2)N3CCN(CC3)c4ccc(NS(=O)(=O)c5ccc(N[C@H](CCN6CCC(O)CC6)CSc7ccccc7)c(c5)S(=O)(=O)C(F)(F)F)cc4)c1c8ccc(Cl)cc8,4.2,c1c(NS(=O)(c2ccc(N[C@H](CCN3CCC(O)CC3)CSc3ccccc3)c(S(=O)(=O)C(F)(F)F)c2)=O)ccc(N2CCN(c3cc(-c4c(-c5ccc(Cl)cc5)n(CC)c(C)c4C(O)=O)ccc3)CC2)c1,AAdra{A}a{A{~B}B}a{asaaaa{as}DtAAD{AAt}auaaa{DE{~B}{~B}avaaa{D{A*Q}{AADwAAA{B}AAw}AEaxaaaaax}a{av}E{~B}{~B}A{G}{G}G}aau}arayaaa{Z}aay,4.999999999999997
CHEMBL1631473,CC1CN(C1)C(=O)c2nnc3c(cccc3c2N)c4ncccn4,1.21,n1nc2c(c(N)c1C(=O)N1CC(C)C1)cccc2-c1ncccn1,AArAD{Ar}A{~B}asddata{aaaatasD}audaaadu,54.833333333333336
CHEMBL514257,OC[C@H](Nc1ncc(Cl)c(Nc2cc([nH]n2)C3CC3)n1)c4ccc(F)cc4,3.75,N([C@H](c1ccc(F)cc1)CO)c1nc(Nc2cc(C3CC3)[nH]n2)c(Cl)cn1,BA{A*Q}{Dardaa{Z}a{Dasaa{{dQ}ds}AtAAt}dr}auaaa{G}aau,12.5
CHEMBL2030446,C[C@H]1COCCN1c2cc(CS(=O)(=O)C)nc(n2)c3ccc4[nH]ccc4c3,2.38,S(C)(Cc1cc(N2CCOC[C@@H]2C)nc(-c2ccc3c(cc[nH]3)c2)n1)(=O)=O,A{A*Q}rABAADrasaa{AE{~B}{~B}A}da{ds}ataaau{dQ}aaauat,35.333333333333336
CHEMBL2088093,COCCCc1cc(Nc2nc(NCc3onc(C)c3)ncc2Br)n[nH]1,3.07,O(CCCc1cc(Nc2nc(NCc3cc(C)no3)ncc2Br)n[nH]1)C,ABAAAaraa{Dasda{DAatbda{A}at}daasY}d{dQ}r,23.83333333333334
CHEMBL272842,OCc1ccc(OC2CCN(CC3CCN(CC3)[C@@H](Cc4ccccc4)C(=O)O)CC2)cc1Cl,0.8,c1c(OC2CCN(CC3CCN([C@H](C(=O)O)Cc4ccccc4)CC3)CC2)ccc(CO)c1Cl,BAaraaa{BAsAAD{AAtAAD{AAt}{A**Q}{Aauaaaaau}A{~B}B}AAs}aarZ,61.666666666666664
CHEMBL550496,OC(=O)CNCCNc1ccc(Cl)c(c1)C(=O)NCC23CC4CC(CC(C4)C2)C3,1.94,C(CNCC(O)=O)Nc1cc(C(=O)NCC23CC4CC(CC(C2)C4)C3)c(Cl)cc1,BA{~B}ADAADaraaa{Z}a{ar}A{~B}DAAstAAuAA{AA{Au}As}At,42.666666666666664
CHEMBL2172003,COc1cc(ccc1C2CC2)N3CCN([C@H](C)C3)C(=O)[C@@H]4CCCC[C@H]4C(=O)NC5(CC5)C#N,3.49,N1(c2cc(OC)c(C3CC3)cc2)C[C@@H](C)N(C([C@H]2[C@H](C(=O)NC3(C#N)CC3)CCCC2)=O)CC1,ABaraa{aaarAsAAs}DtAAD{{A*Q}{A}At}A{~B}{A**Q}uAAAA{A*Q}uA{~B}DAv{AAv}A^D,16.83333333333333
CHEMBL2031467,CCNC(=O)c1ccc(C)c(c1)N2C=Nc3ccc(cc3C2=O)N4CCN(C)CC4,1.47,Cc1ccc(C(NCC)=O)cc1-n1c(=O)c2c(nc1)ccc(N1CCN(C)CC1)c2,AADA{~B}araaa{A}a{ar}DsA~Dataaa{aatAs~B}DuAAD{A}AAu,50.5
CHEMBL1489473,O=C(Nc1nc(cs1)c2ccccc2)c3cccnc3,3.62,c1(C(=O)Nc2scc(-c3ccccc3)n2)cccnc1,B~A{Darda{aer}asaaaaas}ataaadat,14.666666666666664
CHEMBL325486,CS(=O)(=O)n1c2ccccc2c3cc(NC(=O)CCc4ccncc4)ccc13,3.4,c1(CCC(Nc2ccc3n(S(=O)(=O)C)c4c(cccc4)c3c2)=O)ccncc1,AE{~B}{~B}drasaaaaasataa{DA{~B}AAauaadaau}aaart,18.333333333333336
CHEMBL2086687,C[C@@H]1CN(CCN1c2ncc(OCc3ccncc3C#N)cn2)C(=O)OCC(F)(F)F,3.0,c1(N2CCN(C(OCC(F)(F)F)=O)C[C@H]2C)ncc(OCc2c(C#N)cncc2)cn1,A{A**Q}rAD{AADrasdaa{BAataadaatA^D}ads}A{~B}BAA{G}{G}G,25.0
CHEMBL1566172,Nc1nnc(Cc2ccc(Cl)cc2)s1,2.34,c1cc(Cl)ccc1Cc1sc(N)nn1,Dardda{Aasaaa{Z}aas}er,36.0
CHEMBL339670,OC(=O)c1c(C#N)c2ccccc2n1Cc3ccc(Cl)c(Cl)c3,1.26,c1(Cl)c(Cl)cc(Cn2c3c(c(C#N)c2C(=O)O)cccc3)cc1,BA{~B}ara{A^D}asaaaaasdrAataaa{Z}a{Z}at,54.0
CHEMBL1947156,O[C@@H](CNCCc1cccc(c1)c2cccc(CNCc3ccccc3)c2)c4ccc(O)c5NC(=O)Sc45,2.32,c1(-c2cccc(CCNC[C@H](O)c3ccc(O)c4c3sc(=O)[nH]4)c2)cccc(CNCc2ccccc2)c1,B{A**Q}{ADAAaraaaa{ar}asaaaa{ADAataaaaat}as}auaaa{B}avDA{~B}Eauv,36.333333333333336
CHEMBL457888,CC(C)n1c(C)ncc1c2ccnc(Nc3ccc(cc3)S(=O)(=O)CCCN4CCOCC4)n2,2.43,C1N(CCCS(=O)(c2ccc(Nc3nc(-c4cnc(C)n4C(C)C)ccn3)cc2)=O)CCOC1,AA{A}dra{A}daarasaada{Dataaa{aat}E{~B}{~B}AAADuAABAAu}ds,34.49999999999999
CHEMBL232846,C[C@H](CO)Nc1nc(SCc2ccccc2F)nc3nc(N)sc13,3.12,c12c(sc(N)n1)c(N[C@H](C)CO)nc(SCc1c(F)cccc1)n2,A{A*Q}{AB}Darda{EAasaaaaasG}datda{D}eart,23.0
CHEMBL2321992,OCC[C@]1(CCCNC1)c2ccc(Cl)c(Cl)c2,0.62,c1(Cl)c(Cl)ccc([C@@]2(CCO)CNCCC2)c1,BAA{A*}r{AAADAr}asaaa{Z}a{Z}as,64.66666666666667
CHEMBL183492,C=CCN(C1CCN(CCC(c2ccccc2)c3ccccc3)CC1)C(=O)Nc4ccccc4,3.6,c1ccc(C(CCN2CCC(N(C(=O)Nc3ccccc3)CC=C)CC2)c2ccccc2)cc1,A~AAD{ArAAD{AAA{asaaaaas}ataaaaat}AAr}A{~B}Dauaaaaau,14.999999999999998
CHEMBL1916288,C[C@H](NC(=O)c1c(C)nn(c1NS(=O)(=O)c2ccc(cc2)C#N)c3ccc(F)cc3)C(C)(C)C,0.45,C[C@@H](C(C)(C)C)NC(=O)c1c(C)nn(-c2ccc(F)cc2)c1NS(c1ccc(C#N)cc1)(=O)=O,A{A*Q}{DA{~B}ara{A}dd{arDE{~B}{~B}asaaa{aas}A^D}ataaa{G}aat}A{A}{A}A,67.5
CHEMBL2158841,OC(=O)[C@H](Cc1ccc(F)cc1)N2CCC(CN3CCC(CC3)Oc4ccc(Cl)c(Cl)c4)CC2,2.98,Fc1ccc(C[C@H](N2CCC(CN3CCC(Oc4cc(Cl)c(Cl)cc4)CC3)CC2)C(=O)O)cc1,BA{~B}{A*Q}{Aaraaa{G}aar}DsAAA{ADtAAA{AAt}Bauaaa{Z}a{Z}au}AAs,25.333333333333332
CHEMBL1270773,CS(=O)(=O)c1cccc(Nc2nccc(Nc3cccc4ncoc34)n2)c1,2.5,c1ccc(S(=O)(=O)C)cc1Nc1nc(Nc2c3ocnc3ccc2)ccn1,AE{~B}{~B}araaaa{Dasdaaa{Dataaaaudabatu}ds}ar,33.333333333333336
CHEMBL2335885,COCCC(=O)N(C)c1ccc(Nc2ncc3cc(ccc3n2)c4ccncc4)cc1,3.23,c1c(-c2ccncc2)ccc2nc(Nc3ccc(N(C(CCOC)=O)C)cc3)ncc12,ABAAA{~B}D{A}araaa{Dasdaataa{aaatds}auaadaau}aar,21.166666666666668
CHEMBL2086670,C[C@@H]1CN(CCN1c2ncc(OCc3ccc(cc3)C#N)cn2)C(=O)OC(C)(C)C,2.89,O=C(OC(C)(C)C)N1C[C@@H](C)N(c2ncc(OCc3ccc(C#N)cc3)cn2)CC1,A{A**Q}rAD{AADrasdaa{BAataaa{aat}A^D}ads}A{~B}BA{A}{A}A,26.833333333333332
CHEMBL477785,CC(C)n1c(C)ncc1c2ccnc(Nc3ccc(cc3)N4CCN(CC4)S(=O)(=O)CCN(C)C)n2,2.52,c1(Nc2ccc(N3CCN(S(=O)(=O)CCN(C)C)CC3)cc2)nc(-c2cnc(C)n2C(C)C)ccn1,AA{A}dra{A}daarasaada{Dataaa{aat}DuAAD{AAu}E{~B}{~B}AAD{A}A}ds,33.0
CHEMBL61236,Nc1ccc2ccccc2n1,1.7,c1cccc2c1nc(N)cc2,Daraaasaaaaasdr,46.666666666666664
CHEMBL1455292,CCCCN1Cc2c(O)n3nc(cc3nc2C1=O)c4occc4,0.8,c1(-c2ccco2)nn2c(nc3c(c2O)CN(CCCC)C3=O)c1,AAAADrAasa{B}dtda{aatdasAr~B}aubaaau,61.666666666666664
CHEMBL2207665,CN1C=C(C(=O)NC[C@@H](O)CN2CCC(CC2)Oc3ccc(Cl)c(Cl)c3)C(=CC1=O)C(F)(F)F,2.76,c1(Cl)c(Cl)ccc(OC2CCN(C[C@@H](CNC(c3c(C(F)(F)F)cc(=O)n(C)c3)=O)O)CC2)c1,ADrA~A{A{~B}DA{A**Q}{B}ADsAAA{AAs}Bataaa{Z}a{Z}at}A{~AAr~B}A{G}{G}G,29.000000000000004
CHEMBL1645108,Nc1nc2ccc(cc2s1)c3cccc(O)c3,3.1,c1cc(-c2cc3sc(N)nc3cc2)cc(O)c1,Dardasaaa{aaser}ataaaa{B}at,23.333333333333332
CHEMBL2087848,CC#CCN1C(=O)N(CC2CC2)c3nn(Cc4ccnc5ccc(Cl)cc45)c(c3C1=O)c6cncn6C,3.61,n1(CC2CC2)c2c(c(-c3n(C)cnc3)n(Cc3ccnc4ccc(Cl)cc34)n2)c(=O)n(CC#CC)c1=O,AA^AADrA{~B}D{AAsAAs}atdd{Aauaadavaaa{Z}aauv}a{atAr~B}awadadwA,14.833333333333336
CHEMBL2172000,C[C@@H]1CN(CCN1C(=O)[C@@H]2CCCC[C@H]2C(=O)NC3(CC3)C#N)c4ccc5c(C)nn(C)c5c4,2.7,C(=O)([C@H]1[C@H](C(=O)N2[C@H](C)CN(c3ccc4c(n(C)nc4C)c3)CC2)CCCC1)NC1(C#N)CC1,A{A**Q}rAD{AADrA{~B}{A**Q}sAAAA{A*Q}sA{~B}DAt{AAt}A^D}auaaava{A}dd{A}avau,29.999999999999996
CHEMBL1957460,Cc1nccc(c1Cl)c2ccc(cc2)c3nc4ccncc4c(O)c3C#N,2.0,c1(C)c(Cl)c(-c2ccc(-c3c(C#N)c(O)c4cnccc4n3)cc2)ccn1,Aardaaa{arZ}asaaa{aas}atdauaadaaua{B}atA^D,41.666666666666664
CHEMBL98350,O=C1C=C(Oc2c1cccc2c3ccccc3)N4CCOCC4,2.9,c1ccccc1-c1cccc2c(=O)cc(N3CCOCC3)oc21,B~ArA~A{Basaraaaasataaaaat}DuAABAAu,26.666666666666668
CHEMBL1916543,COc1ncc2C=CC(=O)N(CCN3CCC(CC3)NCc4cc5OCCOc5cn4)c2n1,0.2,c12c(cnc(OC)n1)ccc(=O)n2CCN1CCC(NCc2cc3c(cn2)OCCO3)CC1,ABardaasA~AA{~B}D{AADtAAA{AAt}DAauaavBAABavadu}asdr,71.66666666666667
CHEMBL301928,COc1cc(ccc1Cc2cn(C)c3ccc(NC(=O)CC4CCCC4)cc23)C(=O)O,2.0,c1(Cc2c(OC)cc(C(O)=O)cc2)c2c(n(C)c1)ccc(NC(=O)CC1CCCC1)c2,ABaraa{aaarAasad{A}ataaa{DA{~B}AAuAAAAu}aast}A{~B}B,41.666666666666664
CHEMBL1917447,Cc1c(c2cc(F)ccc2n1CC(=O)O)S(=O)(=O)c3ccc(Cl)cc3,-0.16,Cc1n(CC(O)=O)c2ccc(F)cc2c1S(=O)(c1ccc(Cl)cc1)=O,Aara{asaa{G}aaasdrAA{~B}B}E{~B}{~B}ataaa{Z}aat,77.66666666666667
CHEMBL256348,NS(=O)(=O)c1ccc(Nc2nccc(Nc3c(Cl)ccc4OCOc34)n2)cc1,2.7,O1COc2ccc(Cl)c(Nc3nc(Nc4ccc(S(=O)(=O)N)cc4)ncc3)c21,DE{~B}{~B}araaa{Dasdaaa{Data{Z}aaauBABatu}ds}aar,29.999999999999996
CHEMBL2179282,CCC(C)(CC)C[C@@H](N1CCC[C@@H](C1)N2C=C(C)C(=O)NC2=O)c3ccc(C(=O)O)c(Oc4cccc(Br)c4)c3,1.97,c1cc([C@H](N2CCC[C@H](n3cc(C)c(=O)[nH]c3=O)C2)CC(CC)(CC)C)cc(Oc2cc(Br)ccc2)c1C(O)=O,AAA{A}{AA}A{A**Q}{DrAAA{A**Q}{Ar}DsA~A{A}A{~B}DAs~B}ataaa{A{~B}B}a{Bauaaaa{Y}au}at,42.16666666666667
CHEMBL480208,CC1(C)[C@@H]2CC[C@@]1(CS(=O)(=O)N3CCN(CC3)c4ccc(cn4)C#N)C(=O)C2,2.46,C1C(=O)[C@]2(CS(=O)(=O)N3CCN(c4ncc(C#N)cc4)CC3)CC[C@H]1C2(C)C,AAr{A}{A**Q}sAA{A**}r{AE{~B}{~B}DtAAD{AAt}auaaa{adu}A^D}A{~B}As,34.0
CHEMBL1054,NS(=O)(=O)c1cc2c(NC(NS2(=O)=O)C(Cl)Cl)cc1Cl,0.37,c1c2c(cc(S(=O)(N)=O)c1Cl)S(=O)(=O)NC(C(Cl)Cl)N2,DE{~B}{~B}araasa{DA{DEs{~B}~B}A{Z}Z}aarZ,68.83333333333333
CHEMBL1904754,Cc1nc2ncnn2c(O)c1CCOC(=O)c3ccccc3F,0.99,c1nc2n(c(O)c(CCOC(=O)c3c(F)cccc3)c(C)n2)n1,Aardasdaddsa{B}arAABA{~B}ataaaaatG,58.5
CHEMBL2208422,O[C@H](CNS(=O)(=O)c1cccc(c1)C#N)CN2CCC(CC2)Oc3ccc(Cl)c(Cl)c3,3.42,C([C@@H](CNS(=O)(c1cccc(C#N)c1)=O)O)N1CCC(Oc2ccc(Cl)c(Cl)c2)CC1,B{A*Q}{ADE{~B}{~B}araaaa{ar}A^D}ADsAAA{AAs}Bataaa{Z}a{Z}at,18.0
CHEMBL1727809,O=C(NCCCCc1ccccc1)c2ccccc2,3.8,N(CCCCc1ccccc1)C(c1ccccc1)=O,B~A{DAAAAaraaaaar}asaaaaas,11.66666666666667
CHEMBL153370,CC(C)C[C@H](NC(=O)N1CCOCC1)C(=O)NCC#N,0.08,O=C(NCC#N)[C@@H](NC(=O)N1CCOCC1)CC(C)C,AA{A}A{A*Q}{DA{~B}DrAABAAr}A{~B}DAA^D,73.66666666666667
CHEMBL366975,NC(=O)C1CCCCC1,0.9,C1CCCCC1C(=O)N,DA{~B}ArAAAAAr,60.0
CHEMBL407391,CN(C)c1ncnc2nc[nH]c12,0.95,c1(N(C)C)c2c(ncn1)nc[nH]2,AD{A}ardadasda{dQ}ars,59.166666666666664
CHEMBL584991,Nc1nonc1\C(=N\O)\Nc2ccc(F)c(Cl)c2,2.7,c1(N)nonc1/C(=N/O)Nc1cc(Cl)c(F)cc1,Dardbdar!A{~D!B}!Dasaaa{G}a{Z}as,29.999999999999996
CHEMBL1422545,COc1ccc(cc1)S(=O)(=O)Nc2ccccn2,0.87,c1c(OC)ccc(S(=O)(Nc2ccccn2)=O)c1,ABaraaa{aar}E{~B}{~B}Dasaaaads,60.5
CHEMBL1427554,Cc1ccc(cc1)c2csc3ncnc(O)c23,2.59,c1sc2c(c(O)ncn2)c1-c1ccc(C)cc1,Aaraaa{aar}asaeatdada{B}ast,31.833333333333332
CHEMBL1957361,CCOc1ccccc1c2ccc(cc2)c3nc4ccncc4c(O)c3C#N,3.0,C(Oc1ccccc1-c1ccc(-c2c(C#N)c(O)c3c(ccnc3)n2)cc1)C,AABaraaaaarasaaa{aas}atdauaadaaua{B}atA^D,25.0
CHEMBL2089383,COc1ccc(NC(=O)C=C)cc1,1.68,O=C(C=C)Nc1ccc(OC)cc1,ABaraaa{DA{~B}A~A}aar,47.0
CHEMBL2331751,CC1=CN([C@H]2CCCN(C2)S(=O)(=O)c3ccc(O)c(Oc4cccc(Br)c4)c3)C(=O)NC1=O,2.3,c1cc(S(N2CCC[C@H](n3cc(C)c(=O)[nH]c3=O)C2)(=O)=O)cc(Oc2cc(Br)ccc2)c1O,AAr~AD{{A*Q}sAAAD{As}E{~B}{~B}ataaa{B}a{Bauaaaa{Y}au}at}A{~B}DAr~B,36.66666666666667
CHEMBL2207671,CS(=O)(=O)c1ccc2C(=CNC(=O)c2c1)C(=O)NC[C@@H](O)CN3CCC(CC3)Oc4ccc(Cl)c(Cl)c4,2.63,c1cc(OC2CCN(C[C@H](O)CNC(=O)c3c4c(cc(S(=O)(=O)C)cc4)c(=O)[nH]c3)CC2)cc(Cl)c1Cl,AE{~B}{~B}araaasA{~ADA{~B}asar}A{~B}DA{A**Q}{B}ADtAAA{AAt}Bauaaa{Z}a{Z}au,31.166666666666668
CHEMBL2068760,CN1CCC[C@H]1c2ccccn2,0.44,[C@H]1(c2ccccn2)N(C)CCC1,ADrAAA{A*Q}rasaaaads,67.66666666666666
CHEMBL187392,Oc1ccc(cc1)c2oc3ccc(O)cc3n2,3.4,n1c2cc(O)ccc2oc1-c1ccc(O)cc1,Baraaa{aar}asbataaa{B}aatds,18.333333333333336
CHEMBL2216870,CC[C@H](Nc1ncnc2[nH]cnc12)C3=Nc4cccc(F)c4C(=O)N3c5ccccc5,2.72,c1nc(N[C@@H](CC)c2n(-c3ccccc3)c(=O)c3c(cccc3F)n2)c2c([nH]cn2)n1,AA{A*Q}{Dardadas{dQ}adars}At~Dauaaaa{G}auA{~B}Dtavaaaaav,29.66666666666666
CHEMBL558752,Cn1c(Nc2ccc(cc2)C(F)(F)F)nc3cc(Oc4ccnc(c4)c5ncc([nH]5)C(F)(F)F)ccc13,3.45,c1c(-c2[nH]c(C(F)(F)F)cn2)nccc1Oc1ccc2n(C)c(Nc3ccc(C(F)(F)F)cc3)nc2c1,Adra{Dasaaa{aas}A{G}{G}G}dataa{Bauaada{au}avdaa{{dQ}v}A{G}{G}G}aaart,17.499999999999996
CHEMBL47633,Nc1nc(ns1)c2ccccc2,2.2,c1ccc(-c2nsc(N)n2)cc1,Darda{der}asaaaaas,38.33333333333333
CHEMBL2218940,N\C(=C(/C#N)\c1ccccc1C(F)(F)F)\Sc2ccc(N)cc2,3.4,Nc1ccc(S/C(N)=C(/C#N)c2ccccc2C(F)(F)F)cc1,D!A{~A{|A^D}!araaaaarA{G}{G}G}!Easaaa{D}aas,18.333333333333336
CHEMBL93,CC(N(O)C(=O)N)c1cc2ccccc2s1,2.05,CC(N(C(=O)N)O)c1sc2ccccc2c1,AA{D{B}A{~B}D}araasaaaaaser,40.833333333333336
CHEMBL1490317,Cc1onc(NC(=O)CSc2nc(C)cc(C)n2)c1,1.52,c1(NC(CSc2nc(C)cc(C)n2)=O)noc(C)c1,Aarbda{DA{~B}AEasda{A}aa{A}ds}ar,49.666666666666664
CHEMBL128782,COc1c(cc2ccccc2c1C(=O)N(C)C[C@@H](CCN3CCC(CC3)N4CCCNC4=O)c5ccc(Cl)c(Cl)c5)C#N,3.0,C1NC(=O)N(C2CCN(CC[C@@H](c3cc(Cl)c(Cl)cc3)CN(C(c3c(OC)c(C#N)cc4c3cccc4)=O)C)CC2)CC1,ABara{aasaaaaasarA{~B}D{A}A{A**Q}{AADtAAA{AAt}DuAAADAu~B}avaaa{Z}a{Z}av}A^D,25.0
CHEMBL515605,CNC1=Nc2ncccc2C(=NC1c3ccns3)c4occc4,1.44,CNC1=Nc2ncccc2C(c2occc2)=NC1c1sncc1,ADAr~DasdaaaasA{~DArataadet}aubaaau,51.0
CHEMBL1752,CN1C(=O)N(C)c2ncn(CC(O)CO)c2C1=O,-1.25,C(C(Cn1cnc2n(C)c(=O)n(C)c(=O)c21)O)O,ADrA{~B}D{A}asdad{AA{B}AB}asAr~B,95.83333333333333
CHEMBL239640,CN1C(=O)CC(C)(CCc2cccc(c2)c3ccccc3)N=C1N,2.03,c1cc(-c2cccc(CCC3(C)CC(=O)N(C)C(N)=N3)c2)ccc1,ADrA{~B}AA{A}{AAasaaaa{as}ataaaaat}D~ArD,41.16666666666667
CHEMBL130873,COc1cc(ccc1Cc2cn(C)c3ccc(cc23)C(=O)NCCc4ccccc4)C(=O)NS(=O)(=O)c5ccccc5C,2.51,c1cc(CCNC(=O)c2ccc3n(C)cc(Cc4ccc(C(=O)NS(=O)(c5ccccc5C)=O)cc4OC)c3c2)ccc1,ABaraa{aaarAasad{A}ataaa{aast}A{~B}DAAauaaaaau}A{~B}DE{~B}{~B}avaaaaavA,33.16666666666667
CHEMBL306380,Cc1ccc(cc1)c2nn(c3ncnc(N)c23)C(C)(C)C,4.1,n1c(N)c2c(-c3ccc(C)cc3)nn(C(C)(C)C)c2nc1,Aaraaa{aar}asdd{atdada{D}ast}A{A}{A}A,6.666666666666672
CHEMBL218677,COc1cc2ncnc(Nc3cccc(Cl)c3F)c2cc1OC4CCN(CC(=O)N)CC4,3.1,C1CC(Oc2cc3c(Nc4cccc(Cl)c4F)ncnc3cc2OC)CCN1CC(N)=O,ABaraasdada{Dataaaa{Z}atG}asaarBAuAAD{AA{~B}D}AAu,23.333333333333332
CHEMBL339059,NC(=O)c1ccc(Br)cc1,1.75,c1c(Br)ccc(C(N)=O)c1,DA{~B}araaa{Y}aar,45.833333333333336
CHEMBL264666,C1CCN(CC1)c2ncnc3[nH]cnc23,1.84,C1CCN(c2ncnc3[nH]cnc32)CC1,ArAAD{AAr}asdadat{dQ}adast,44.333333333333336
CHEMBL2036595,CCOc1cccc(Nc2oc(nn2)C(=O)Nc3ccc(nc3)N4CCOCC4)c1,3.6,C1CN(c2ccc(NC(=O)c3oc(Nc4cccc(OCC)c4)nn3)cn2)CCO1,AABaraaaa{Dasba{dds}A{~B}Dataaa{dat}DuAABAAu}ar,14.999999999999998
CHEMBL1770464,C[C@H](Oc1ccc(SCCCCCc2ccccc2)cc1)C(=O)c3nc(C)c(CCCC(=O)O)s3,2.03,C(c1nc(C)c(CCCC(=O)O)s1)([C@H](C)Oc1ccc(SCCCCCc2ccccc2)cc1)=O,A{A*Q}{Baraaa{EAAAAAasaaaaas}aar}A{~B}atda{A}a{AAAA{~B}B}et,41.16666666666667
CHEMBL1939739,Fc1ccc(CN2CCN(CC2)[C@H](c3ccc(cc3)C(=O)N4CCC4)c5cccc(NC(=O)C6CC6)c5)cc1,3.58,C1C(C(=O)Nc2cccc([C@@H](c3ccc(C(N4CCC4)=O)cc3)N3CCN(Cc4ccc(F)cc4)CC3)c2)C1,Garaaa{ADsAAD{AAs}{A*Q}{ataaa{aat}A{~B}DuAAAu}avaaaa{DA{~B}AwAAw}av}aar,15.333333333333334
CHEMBL292303,N[C@H](Cc1c[nH]c2ccccc12)C(=O)O,-0.92,OC(=O)[C@H](N)Cc1c2c([nH]c1)cccc2,D{A*Q}{Aara{dQ}asaaaaars}A{~B}B,90.33333333333333
CHEMBL204887,CC(C)CN1C(=O)N(C)C(=O)c2c(SCCCO)c(Cc3ccccc3C(F)(F)F)sc12,4.05,CC(Cn1c(=O)n(C)c(=O)c2c(SCCCO)c(Cc3c(C(F)(F)F)cccc3)sc12)C,AA{A}ADrA{~B}D{A}A{~B}asa{EAAAB}a{AataaaaatA{G}{G}G}ears,7.500000000000003
CHEMBL469007,CN1C(=O)N(CC2CC2)c3nn(Cc4ccnc5ccc(Cl)cc45)c(c6oc(cc6Cl)S(=O)(=O)C)c3C1=O,3.97,O=S(=O)(c1cc(Cl)c(-c2c3c(=O)n(C)c(=O)n(CC4CC4)c3nn2Cc2ccnc3c2cc(Cl)cc3)o1)C,ADrA{~B}D{AAsAAs}atdd{Aauaadavaaa{Z}aauv}a{awba{aawZ}E{~B}{~B}A}atAr~B,8.83333333333333
CHEMBL1934413,C[C@H](NC(=O)c1c(C)nn(C2CCC2)c1NS(=O)(=O)c3ccc(C)cc3)C(C)(C)C,1.57,C1(n2nc(C)c(C(=O)N[C@H](C(C)(C)C)C)c2NS(=O)(=O)c2ccc(C)cc2)CCC1,A{A*Q}{DA{~B}ara{A}dd{AsAAAs}arDE{~B}{~B}ataaa{A}aat}A{A}{A}A,48.833333333333336
CHEMBL226855,Clc1ccc2C(=O)C3=C(Nc2c1)C(=O)NN(Cc4cccs4)C3=O,1.52,c1(=O)[nH]n(Cc2sccc2)c(=O)c2c(=O)c3ccc(Cl)cc3[nH]c12,ZaraaasA{~B}At~A{Dasar}A{~B}DD{Aauaaaeu}At~B,49.666666666666664
CHEMBL2165067,COc1ccc2N=CC(=O)N(CCN3CC[C@@H](NCc4ccc5OCC(=O)Nc5n4)[C@@H](F)C3)c2c1,0.83,O=C1Nc2nc(CN[C@@H]3CCN(CCn4c5c(ccc(OC)c5)ncc4=O)C[C@@H]3F)ccc2OC1,ABaraaasD~AA{~B}D{AADtAA{A**Q}{DAauaaavBAA{~B}Davdu}{A**Q}{G}At}asar,61.166666666666664
CHEMBL2017259,O=C(Nc1ccc(nc1)n2ccnc2)c3ccc(cc3)C#N,2.2,c1c(-n2ccnc2)ncc(NC(c2ccc(C#N)cc2)=O)c1,B~A{Daraaa{dar}dsaadas}ataaa{aat}A^D,38.33333333333333
CHEMBL1571558,Nc1[nH]ncc1S(=O)(=O)c2ccccc2,1.1,c1ccc(S(=O)(c2c(N)[nH]nc2)=O)cc1,Dar{dQ}daarE{~B}{~B}asaaaaas,56.666666666666664
CHEMBL1916279,Cc1ccc(cc1)S(=O)(=O)Nc2c(C(=O)NCC(C)(C)C)c(C)nn2c3ccccc3,1.46,O=C(c1c(C)nn(-c2ccccc2)c1NS(=O)(c1ccc(C)cc1)=O)NCC(C)(C)C,Aaraaa{aar}E{~B}{~B}Dasa{A{~B}DAA{A}{A}A}a{A}ddsataaaaat,50.666666666666664
CHEMBL2030442,CS(=O)(=O)Cc1cc(nc(n1)c2cccc3[nH]ccc23)N4CCOCC4,1.7,c1(N2CCOCC2)cc(CS(C)(=O)=O)nc(-c2c3cc[nH]c3ccc2)n1,AE{~B}{~B}Aaraa{da{dr}asaaaat{dQ}aaast}DuAABAAu,46.666666666666664
CHEMBL1933596,C[C@H]1O[C@H]([C@H](O)[C@@H]1O)n2cnc3c(N)nc(OCC4CCC(F)(F)CC4)nc23,1.72,C(C1CCC(F)(F)CC1)Oc1nc2c(ncn2[C@@H]2O[C@H](C)[C@@H](O)[C@H]2O)c(N)n1,A{A*Q}rB{A*Q}{{A*Q}{B}{A**Q}rB}dsadata{D}da{BAAuAAA{G}{G}AAu}dast,46.333333333333336
CHEMBL325475,CCn1c2ccccc2c3cc(NC(=O)CCc4ccncc4)ccc13,3.75,CCn1c2c(c3ccccc31)cc(NC(=O)CCc1ccncc1)cc2,AAdrasaaaaasataa{DA{~B}AAauaadaau}aaart,12.5
CHEMBL1778647,CCS(=O)(=O)c1ccc(c2cc(Cl)ccc2OCC(=O)O)c(c1)C(F)(F)F,0.62,S(c1ccc(-c2c(OCC(=O)O)ccc(Cl)c2)c(C(F)(F)F)c1)(=O)(CC)=O,AAE{~B}{~B}araaa{asaa{Z}aaasBAA{~B}B}a{ar}A{G}{G}G,64.66666666666667
CHEMBL2158775,COc1ccccc1C[C@H](N2CCC(CN3CCC(CC3)Oc4ccc(Cl)c(Cl)c4)CC2)C(=O)O,2.77,COc1c(C[C@H](N2CCC(CN3CCC(Oc4ccc(Cl)c(Cl)c4)CC3)CC2)C(O)=O)cccc1,ABaraaaaarA{A*Q}{DsAAA{ADtAAA{AAt}Bauaaa{Z}a{Z}au}AAs}A{~B}B,28.833333333333332
CHEMBL1683035,COc1cc2nnc(C(=O)N)c(Nc3ccc(F)cc3F)c2cc1N4CCN(C)CC4,2.36,c1c2c(nnc(C(N)=O)c2Nc2ccc(F)cc2F)cc(OC)c1N1CCN(C)CC1,ABaraasdda{A{~B}D}a{Dataaa{G}aatG}asaarDuAAD{A}AAu,35.666666666666664
CHEMBL247366,Fc1ccc2cn[nH]c2c1,2.3,n1cc2c(cc(F)cc2)[nH]1,Garaaasad{dQ}asar,36.66666666666667
CHEMBL2169919,CC(C)N(CCCNC(=O)Nc1ccc(cc1)C(C)(C)C)C[C@H]2O[C@H]([C@H](O)[C@@H]2O)n3ccc4c(N)ncnc34,2.4,n1([C@@H]2O[C@H](CN(CCCNC(=O)Nc3ccc(C(C)(C)C)cc3)C(C)C)[C@@H](O)[C@H]2O)ccc2c(N)ncnc12,AA{A}D{AAADA{~B}Daraaa{aar}A{A}{A}A}A{A*Q}sB{A*Q}{{A*Q}{B}{A**Q}sB}dtaaaua{D}dadatu,35.0
CHEMBL488,CCC1(CCC(=O)NC1=O)c2ccc(N)cc2,0.6,C1(=O)NC(=O)CCC1(CC)c1ccc(N)cc1,AAAr{AAA{~B}DAr~B}asaaa{D}aas,65.0
CHEMBL515,OC(=O)CCCc1ccc(cc1)N(CCCl)CCCl,1.47,c1c(CCCC(O)=O)ccc(N(CCCl)CCCl)c1,BA{~B}AAAaraaa{aar}D{AAZ}AAZ,50.5
CHEMBL367556,NC1=NC2(CCN(CC2)C(=O)c3ccc(cc3)C#N)Nc4cccc(F)c14,0.66,N1c2cccc(F)c2C(N)=NC12CCN(C(=O)c1ccc(C#N)cc1)CC2,DAr~DAs{AAD{AAs}A{~B}ataaa{aat}A^D}Dauaaaa{G}aru,64.0
CHEMBL1782167,Cc1ccc(cc1c2ccc(nc2)C(=O)NCC3CC3)C(=O)NC4CC4,3.36,c1cc(C(=O)NC2CC2)cc(-c2ccc(C(=O)NCC3CC3)nc2)c1C,Aaraaa{aarasaaa{das}A{~B}DAAtAAt}A{~B}DAuAAu,19.000000000000004
CHEMBL1369407,CC(C)N=C1C=C2N(c3ccc(Cl)cc3)c4ccccc4N=C2C=C1Nc5ccc(Cl)cc5,3.17,N(C(C)C)=c1cc2n(-c3ccc(Cl)cc3)c3ccccc3nc-2cc1Nc1ccc(Cl)cc1,AA{A}D~ArA~AsD{ataaa{Z}aat}auaaaaauD~AsA~ArDavaaa{Z}aav,22.166666666666668
CHEMBL2165061,CO[C@@H]1CN(CCN2C(=O)C=Nc3ccc(OC)cc23)CC[C@H]1NCc4ccc5OCC(=O)Nc5n4,0.97,C1[C@@H](OC)[C@H](NCc2ccc3c(n2)NC(=O)CO3)CCN1CCn1c(=O)cnc2ccc(OC)cc12,AB{A**Q}rAD{AADsA{~B}A~Dataaa{BA}aast}AA{A*Q}rDAauaaavBAA{~B}Davdu,58.833333333333336
CHEMBL1475400,Oc1cc(OCc2ccccc2)ccn1,1.69,c1cnc(O)cc1OCc1ccccc1,Baraa{BAasaaaaas}aadr,46.833333333333336
CHEMBL322640,CN(C)CC(O)COc1ccc(Nc2cc(Nc3cc(Cl)ccc3Cl)ncn2)cc1,2.6,c1(OCC(CN(C)C)O)ccc(Nc2ncnc(Nc3cc(Cl)ccc3Cl)c2)cc1,AD{A}AA{B}ABaraaa{Dasaa{Dataa{Z}aaatZ}dads}aar,31.666666666666668
CHEMBL218573,CC(C)CN1C(=O)N(C)C(=O)c2c1sc(Cc3ccccc3C(F)(F)F)c2C(=O)N4C[C@H](O)CO4,3.15,O=C(N1OC[C@@H](O)C1)c1c2c(=O)n(C)c(=O)n(CC(C)C)c2sc1Cc1ccccc1C(F)(F)F,AA{A}ADrA{~B}D{A}A{~B}asarea{AataaaaatA{G}{G}G}asA{~B}DuA{A*Q}{B}ABu,22.5
CHEMBL1995703,CN1CCN(CC1)c2ccc(Nc3ncc(C)c(Nc4cccc(c4)S(=O)(=O)NC(C)(C)C)n3)cc2,2.84,O=S(NC(C)(C)C)(c1cc(Nc2c(C)cnc(Nc3ccc(N4CCN(C)CC4)cc3)n2)ccc1)=O,ADrAAD{AAr}asaaa{Datdaa{A}a{Dauaaaa{au}E{~B}{~B}DA{A}{A}A}dt}aas,27.666666666666668
CHEMBL2333993,COc1cc2ncnc(Nc3ccncc3)c2cc1OC,2.22,n1c(Nc2ccncc2)c2c(cc(OC)c(OC)c2)nc1,ABaraasdada{Dataadaat}asaarBA,37.99999999999999
CHEMBL1345333,N(c1ccccc1)c2[nH]nnc2c3ccccc3,3.37,c1(-c2ccccc2)nn[nH]c1Nc1ccccc1,D{araaaaar}as{dQ}ddasataaaaat,18.833333333333332
CHEMBL2070951,O=C(NC1(CC1)C#N)[C@@H]2CCCC[C@H]2C(=O)N3CCN(CC3)c4nc5cnccc5s4,1.66,c12sc(N3CCN(C(=O)[C@H]4[C@H](C(NC5(C#N)CC5)=O)CCCC4)CC3)nc1cncc2,B~A{DAr{AAr}A^D}{A**Q}sAAAA{A*Q}sA{~B}DtAAD{AAt}audavadaaaveu,47.333333333333336
CHEMBL1944695,O[C@@H](CNCCc1ccc(CNCCc2ccccc2)cc1)c3ccc(O)c4NC(=O)Sc34,1.11,C(NCCc1ccccc1)c1ccc(CCNC[C@@H](c2c3sc(=O)[nH]c3c(O)cc2)O)cc1,B{A**Q}{ADAAaraaa{ADAAasaaaaas}aar}ataaa{B}auDA{~B}Eatu,56.49999999999999
CHEMBL17,NS(=O)(=O)c1cc(Cl)c(Cl)c(c1)S(=O)(=O)N,0.92,S(N)(=O)(=O)c1cc(S(=O)(N)=O)c(Cl)c(Cl)c1,DE{~B}{~B}araa{Z}a{Z}a{ar}E{~B}{~B}D,59.666666666666664
CHEMBL1524763,Fc1ccc(cc1)c2cn3ccccc3n2,3.1,c1(F)ccc(-c2nc3n(cccc3)c2)cc1,Garaaa{aar}asadtaaaaatds,23.333333333333332
CHEMBL196444,Fc1ccc(CC2=NNC(=O)c3ccccc23)cc1N4C(=O)CCC4=O,1.0,c1c2c(c(=O)[nH]nc2Cc2cc(N3C(=O)CCC3=O)c(F)cc2)ccc1,Garaaa{AAs~DDA{~B}ataaaaast}aarDuA{~B}AAAu~B,58.333333333333336
CHEMBL190270,O=C(Nc1cc(nn1c2ccccc2)c3ccccc3)c4cccc(c4)C#N,3.82,n1n(-c2ccccc2)c(NC(=O)c2cc(C#N)ccc2)cc1-c1ccccc1,B~A{Daraa{ddrasaaaaas}ataaaaat}auaaaa{au}A^D,11.333333333333336
CHEMBL1230668,CN(C)c1cccc2c(cccc12)S(=O)(=O)N(C)CC(=O)O,-1.45,S(=O)(c1c2cccc(N(C)C)c2ccc1)(=O)N(C)CC(=O)O,AD{A}araaaasa{aaaars}E{~B}{~B}D{A}AA{~B}B,99.16666666666667
CHEMBL233227,Cc1cc(on1)c2ccc(cc2F)N3C[C@H](Cn4ccnn4)OC3=O,1.99,n1oc(-c2ccc(N3C(=O)O[C@@H](Cn4nncc4)C3)cc2F)cc1C,Aaraa{bdr}asaaa{aasG}DtA{A*Q}{Aduaaddu}BAt~B,41.83333333333333
CHEMBL112747,COc1ccnc(NC2CCN(CC2)C(=O)c3ccccc3)c1,2.06,c1ccccc1C(N1CCC(Nc2cc(OC)ccn2)CC1)=O,ABaraada{DAsAAD{AAs}A{~B}ataaaaat}ar,40.666666666666664
CHEMBL1834184,CCC(=O)N[C@H]1CC[C@H](C1)C(=O)N(C)c2ccc(cc2)c3oc4ccccc4n3,3.4,C(N[C@@H]1C[C@H](C(N(C)c2ccc(-c3nc4ccccc4o3)cc2)=O)CC1)(CC)=O,AAA{~B}D{A*Q}rAA{A*Q}{Ar}A{~B}D{A}asaaa{aas}atbauaaaaaudt,18.333333333333336
CHEMBL205133,Nc1c(cnn1c2ccc(F)cc2)C(=O)c3cccc(OC[C@H](O)CO)c3,1.94,Nc1n(-c2ccc(F)cc2)ncc1C(c1cc(OC[C@@H](CO)O)ccc1)=O,Dara{addrasaaa{G}aas}A{~B}ataaaa{BA{A*Q}{B}AB}at,42.666666666666664
CHEMBL1957841,O=C1C=C(N=C2N(Cc3cccc4ccccc34)C=CN12)N5CCOCC5,3.3,n1c(N2CCOCC2)cc(=O)n2ccn(Cc3c4c(ccc3)cccc4)c12,B~ArA~A{D~AsD{Aataaaauaaaaatu}A~ADrs}DvAABAAv,20.000000000000004
CHEMBL300791,COc1cc2ncnc(Nc3ccc(F)c(Cl)c3)c2cc1OCCN4CCN(C)CC4,3.3,C(CN1CCN(C)CC1)Oc1c(OC)cc2ncnc(Nc3cc(Cl)c(F)cc3)c2c1,ABaraasdada{Dataaa{G}a{Z}at}asaarBAADuAAD{A}AAu,20.000000000000004
CHEMBL225519,O=C1NCCc2[nH]c(cc12)c3ccncc3,1.49,c12[nH]c(-c3ccncc3)cc1C(=O)NCC2,B~ArDAAas{dQ}a{aars}ataadaat,50.166666666666664
CHEMBL369311,CCN(C1CCN(CCC(c2ccccc2)c3ccccc3)CC1)C(=O)Cc4ccc(cc4)S(=O)(=O)C,3.0,c1cc(S(=O)(C)=O)ccc1CC(=O)N(CC)C1CCN(CCC(c2ccccc2)c2ccccc2)CC1,AAD{ArAAD{AAA{asaaaaas}ataaaaat}AAr}A{~B}Aauaaa{aau}E{~B}{~B}A,25.0
CHEMBL214957,COc1cc(ccc1OCCN2CCCC2)N3C=Nc4cc(sc4C3=O)c5ccc(Cl)cc5,2.74,C(N1CCCC1)COc1ccc(-n2c(=O)c3c(nc2)cc(-c2ccc(Cl)cc2)s3)cc1OC,ABaraa{aaarBAADsAAAAs}DtA~Dauaa{eauAt~B}avaaa{Z}aav,29.33333333333333
CHEMBL224615,CN(C)c1ccnc2sc3C(=O)N(C=Nc3c12)c4ccccc4,2.34,O=c1n(-c2ccccc2)cnc2c1sc1nccc(N(C)C)c12,AD{A}araadaseatA{~B}D{A~Datars}auaaaaau,36.0
CHEMBL287200,CN1CCc2c(NC(=O)Cc3ccccc3)c4ccccc4nc12,2.8,c1(CC(Nc2c3c(nc4ccccc24)N(C)CC3)=O)ccccc1,ADrAAasa{DA{~B}Aataaaaat}auaaaaaudars,28.33333333333334
CHEMBL1933593,C[C@H]1O[C@H]([C@H](O)[C@@H]1O)n2cnc3c(N)nc(OC(C4CC4)C(F)(F)F)nc23,1.83,[C@@H]1(O)[C@H](O)[C@@H](C)O[C@H]1n1c2c(nc1)c(N)nc(OC(C(F)(F)F)C1CC1)n2,A{A*Q}rB{A*Q}{{A*Q}{B}{A**Q}rB}dsadata{D}da{BA{AuAAu}A{G}{G}G}dast,44.5
CHEMBL89363,Cc1c[nH]c(\C=C\2/C(=O)Nc3ccccc23)c1CCC(=O)O,1.2,c1(C)c(CCC(O)=O)c(/C=C2/c3ccccc3NC2=O)[nH]c1,Aara{dQ}a{!A~A!s|A{~B}Dataaaaast}arAAA{~B}B,55.0
CHEMBL478828,COc1ccc(Nc2nccc(n2)c3cnc(C)n3C(C)C)cc1,3.43,c1(C)ncc(-c2nc(Nc3ccc(OC)cc3)ncc2)n1C(C)C,ABaraaa{Dasdaaa{ds}atada{A}dtA{A}A}aar,17.833333333333332
CHEMBL1650726,C[C@H](Oc1ncc(Cl)c(Nc2cc(C)[nH]n2)n1)c3ncc(F)cn3,1.82,N(c1cc(C)[nH]n1)c1nc(O[C@@H](C)c2ncc(F)cn2)ncc1Cl,A{A*Q}{Bardaa{Z}a{Dasaa{A}{dQ}ds}dr}atdaa{G}adt,44.666666666666664
CHEMBL563784,Clc1cnc(cc1C(=O)NCC23CC4CC(CC(C4)C2)C3)N5CCNCC5,2.09,C12CC3(CNC(c4c(Cl)cnc(N5CCNCC5)c4)=O)CC(CC(C3)C1)C2,Zarada{aarA{~B}DAAstAAuAA{AA{Au}As}At}DvAADAAv,40.166666666666664
CHEMBL1917422,Cc1c(Sc2ccc(Cl)cc2)c3cc(Cl)ccc3n1Cc4nnn[nH]4,3.25,Cc1c(Sc2ccc(Cl)cc2)c2cc(Cl)ccc2n1Cc1[nH]nnn1,Aara{Easaaa{Z}aas}ataa{Z}aaatdrAauddd{dQ}u,20.833333333333332
CHEMBL1644,CC1=C(N2[C@H](SC1)[C@H](NC(=O)[C@H](N)c3ccc(O)cc3)C2=O)C(=O)O,-0.86,CC1=C(C(=O)O)N2C(=O)[C@@H](NC([C@H](N)c3ccc(O)cc3)=O)[C@H]2SC1,AAr~A{Ds{A*Q}{EAr}{A*Q}{DA{~B}{A*Q}{D}ataaa{B}aat}As~B}A{~B}B,89.33333333333333
CHEMBL900,CN(C)CCOC(c1ccccc1)c2ccccc2C,1.47,c1cccc(C(c2ccccc2C)OCCN(C)C)c1,AD{A}AABA{araaaaar}asaaaaasA,50.5
CHEMBL2087084,CC(C)c1noc(n1)N2CCN([C@H](C)C2)c3ncc(OCc4ccncc4C#N)cn3,3.1,C(C)(C)c1noc(N2C[C@@H](C)N(c3ncc(OCc4c(C#N)cncc4)cn3)CC2)n1,AA{A}ardba{dr}DsAAD{{A*Q}{A}As}atdaa{BAauaadaauA^D}adt,23.333333333333332
CHEMBL1939560,C[C@@H](N(CC1CCS(=O)(=O)CC1)C(=O)Cc2ccc(c(F)c2)C(F)(F)F)C3=Nc4ncccc4C(=O)N3c5ccc(Cl)cc5,2.9,C1CC(CN(C(Cc2cc(F)c(C(F)(F)F)cc2)=O)[C@H](C)c2n(-c3ccc(Cl)cc3)c(=O)c3c(n2)nccc3)CCS1(=O)=O,A{A**Q}{D{AArAAE{~B}{~B}AAr}A{~B}Aasaaa{a{G}as}A{G}{G}G}At~DaudaaaauA{~B}Dtavaaa{Z}aav,26.666666666666668
CHEMBL583390,CCOc1ccc2nc(NC(=O)CC)sc2c1,3.4,c1(NC(CC)=O)sc2cc(OCC)ccc2n1,AABaraaasda{DA{~B}AA}easar,18.333333333333336
CHEMBL2331742,CC1=CN([C@H]2CCCN(C2)S(=O)(=O)c3ccc(C(=O)O)c(Oc4cccc(Cl)c4)c3)C(=O)NC1=O,-1.28,[nH]1c(=O)c(C)cn([C@H]2CCCN(S(=O)(=O)c3ccc(C(=O)O)c(Oc4cccc(Cl)c4)c3)C2)c1=O,AAr~AD{{A*Q}sAAAD{As}E{~B}{~B}ataaa{A{~B}B}a{Bauaaaa{Z}au}at}A{~B}DAr~B,96.33333333333333
CHEMBL1164165,[O-][N+](=O)c1ccc(cc1)C2=Nc3ccccc3C(=O)N2,2.5,n1c2ccccc2c(=O)[nH]c1-c1ccc([N+](=O)[O-])cc1,{B_}{D%}{~B}araaa{aar}As~DataaaaatA{~B}Ds,33.333333333333336
CHEMBL199237,O=C(NCc1ccccn1)c2ccc(Oc3ccccc3)cc2,2.7,O(c1ccccc1)c1ccc(C(=O)NCc2ncccc2)cc1,B~A{DAaraaaadr}asaaa{Bataaaaat}aas,29.999999999999996
CHEMBL2177157,CN1CCN(CC1)S(=O)(=O)c2ccc(cc2F)c3cnc(N)c(n3)C(=O)Nc4cccnc4,2.66,c1(S(=O)(=O)N2CCN(C)CC2)c(F)cc(-c2cnc(N)c(C(=O)Nc3cccnc3)n2)cc1,ADrAAD{AAr}E{~B}{~B}asaaa{aasG}atada{D}a{dt}A{~B}Dauaaadau,30.666666666666668
CHEMBL575073,COc1ccccc1C2=COc3cc(O)ccc3C2=O,2.55,c1c(OC)c(-c2c(=O)c3ccc(O)cc3oc2)ccc1,ABaraaaaarAs~ABataa{B}aaatAs~B,32.50000000000001
CHEMBL2326472,Cn1cc(CN2CCc3cc4nc(N)sc4cc3CC2)cn1,1.06,n1(C)ncc(CN2CCc3cc4nc(N)sc4cc3CC2)c1,Adraa{ADsAAataauda{D}eauaatAAs}adr,57.333333333333336
CHEMBL1402150,Fc1ccc(cc1F)N2C=CN=C(SCC(=O)NC3CCCC3)C2=O,2.0,C1CC(NC(CSc2nccn(-c3ccc(F)c(F)c3)c2=O)=O)CC1,Garaaa{aarG}DsA~AD~A{EAA{~B}DAtAAAAt}As~B,41.666666666666664
CHEMBL113905,CC(C)C(NC(=O)CN1C(=O)C(=CC=C1c2ccccc2)NC(=O)OCc3ccccn3)C(=O)C(F)(F)F,1.91,c1c(COC(=O)Nc2c(=O)n(CC(=O)NC(C(C(F)(F)F)=O)C(C)C)c(-c3ccccc3)cc2)nccc1,AA{A}A{DA{~B}ADrA{~B}A{~AA~Arasaaaaas}DA{~B}BAataaaadt}A{~B}A{G}{G}G,43.166666666666664
CHEMBL1606366,Cn1c(SCc2c(Cl)cccc2Cl)nnc1c3ccc4nonc4c3,3.35,C(Sc1nnc(-c2cc3nonc3cc2)n1C)c1c(Cl)cccc1Cl,Adra{EAasa{Z}aaaasZ}ddarataaaudbdauat,19.166666666666664
CHEMBL238620,COc1ccc(cc1)C(=O)CS(=O)(=O)c2ccccc2,1.96,c1cc(OC)ccc1C(CS(c1ccccc1)(=O)=O)=O,ABaraaa{aar}A{~B}AE{~B}{~B}asaaaaas,42.333333333333336
CHEMBL90125,CN(C)CC\C=C\1/c2ccccc2Sc3ccc(Cl)cc13,3.42,CN(C)CC/C=C1/c2cc(Cl)ccc2Sc2ccccc21,AD{A}AA!A~A!r|asaaaaasEataaa{Z}aart,18.0
CHEMBL2036738,Clc1ccc(cc1)C2(CCC2)C(=O)Nc3oc(nn3)C(=O)Nc4ccc(cc4)N5CCOCC5,3.2,C1N(c2ccc(NC(=O)c3nnc(NC(=O)C4(c5ccc(Cl)cc5)CCC4)o3)cc2)CCOC1,Zaraaa{aar}As{AAAs}A{~B}Datba{ddt}A{~B}Dauaaa{aau}DvAABAAv,21.66666666666666
CHEMBL257027,C[C@H](CO)Nc1nc(SCc2ccccc2)nc3NC(=O)Nc13,2.75,n1c2[nH]c(=O)[nH]c2c(N[C@@H](CO)C)nc1SCc1ccccc1,A{A*Q}{AB}Darda{EAasaaaaas}datDA{~B}Dart,29.166666666666668
CHEMBL2335882,COCCN(C)Cc1ccc(Nc2ncc3cc(ccc3n2)c4ccncc4)cc1,2.65,C(CN(Cc1ccc(Nc2nc3c(cn2)cc(-c2ccncc2)cc3)cc1)C)OC,ABAAD{A}Aaraaa{Dasdaataa{aaatds}auaadaau}aar,30.833333333333332
CHEMBL1197051,CC(COc1ccccc1)NC(C)C(O)c2ccc(O)cc2,0.56,Oc1ccc(C(O)C(C)NC(C)COc2ccccc2)cc1,AA{ABaraaaaar}DA{A}A{B}asaaa{B}aas,65.66666666666667
CHEMBL2010835,CN(C1CCN(Cc2ccc(cc2)C(F)(F)F)CC1)C(=O)Cc3ccc(NC(=O)C)cc3,2.9,FC(F)(c1ccc(CN2CCC(N(C(Cc3ccc(NC(=O)C)cc3)=O)C)CC2)cc1)F,AD{ArAAD{Aasaaa{aas}A{G}{G}G}AAr}A{~B}Aataaa{DA{~B}A}aat,26.666666666666668
CHEMBL1683446,C[C@@H](C[C@@](C)(CS(=O)(=O)N1CCN(CCc2ccc(Cl)cc2Cl)CC1)N(O)C=O)c3ncc(F)cn3,3.27,[C@@H](c1ncc(F)cn1)(C[C@](C)(N(O)C=O)CS(=O)(=O)N1CCN(CCc2ccc(Cl)cc2Cl)CC1)C,A{A**Q}{A{A**}{A}{AE{~B}{~B}DrAAD{AAasaaa{Z}aasZ}AAr}D{B}A~B}atdaa{G}adt,20.5
CHEMBL1614709,CN1CCN(CC1)c2ccc(Nc3ncc(F)c(N[C@@H]4[C@@H]5C[C@@H](C=C5)[C@@H]4C(=O)N)n3)cc2C,2.9,C1=C[C@H]2[C@H](C(=O)N)[C@H](Nc3c(F)cnc(Nc4ccc(N5CCN(C)CC5)c(C)c4)n3)[C@@H]1C2,ADrAAD{AAr}asaaa{Datdaa{G}a{D{A**Q}u{A**Q}vA{A**Q}{A~Av}{A**Q}uA{~B}D}dt}aasA,26.666666666666668
CHEMBL1420171,Cc1ccc2c(c1)c(Sc3ccccc3)c(CC(=O)O)n2C,1.74,c1ccc(Sc2c3cc(C)ccc3n(C)c2CC(O)=O)cc1,Aaraaasa{ar}a{Eataaaaat}a{AA{~B}B}dsA,46.0
CHEMBL476577,CC(C)n1c(C)ncc1c2nc(Nc3ccc(cc3)N4CC(C4)NC(=O)C)ncc2F,2.76,c1(-c2n(C(C)C)c(C)nc2)c(F)cnc(Nc2ccc(N3CC(NC(C)=O)C3)cc2)n1,AA{A}dra{A}daarasda{Dataaa{aat}DuAA{Au}DA{~B}A}daasG,29.000000000000004
CHEMBL206956,NC(=O)c1cc2ccccc2nc1N,1.07,c1cccc2nc(N)c(C(N)=O)cc12,DA{~B}araasaaaaasdarD,57.166666666666664
CHEMBL129660,O=C(N1CCNCC1)c2cc3ccccc3[nH]2,0.6,[nH]1c(C(=O)N2CCNCC2)cc2c1cccc2,B~A{DrAADAAr}asaataaaaat{dQ}s,65.0
CHEMBL1288718,N#CCc1c[nH]c2ccc(OCc3ccccc3)cc12,3.71,N#CCc1c[nH]c2ccc(OCc3ccccc3)cc21,D^AAara{dQ}asaaa{BAataaaaat}aars,13.166666666666666
CHEMBL2010852,CN([C@@H]1CCN(Cc2nc3ccccc3s2)C[C@@H]1F)C(=O)Cc4ccc(cc4)S(=O)(=O)C,2.1,c1c2c(sc(CN3C[C@H](F)[C@H](N(C)C(Cc4ccc(S(C)(=O)=O)cc4)=O)CC3)n2)ccc1,AD{{A**Q}rAAD{Aasdataaaaates}A{A**Q}rG}A{~B}Aauaaa{aau}E{~B}{~B}A,40.0
CHEMBL1950720,CN[C@@H](C)C(=O)N[C@@H](C1CCCCC1)C(=O)N2CC[C@H]3CCN(CCc4ccccc4)C[C@@H]23,2.47,CN[C@H](C(N[C@@H](C1CCCCC1)C(N1[C@H]2[C@H](CCN(CCc3ccccc3)C2)CC1)=O)=O)C,AD{A**Q}{A}A{~B}D{A**Q}{ArAAAAAr}A{~B}DsAA{A*Q}tAAD{AAauaaaaau}A{A**Q}st,33.83333333333333
CHEMBL428848,CC(C)C(NC(=O)CN1C(=O)C(=CN=C1c2ccc(F)cc2)N)C(=O)C(F)(F)F,1.05,c1cc(-c2ncc(N)c(=O)n2CC(=O)NC(C(C)C)C(C(F)(F)F)=O)ccc1F,AA{A}A{DA{~B}ADrA{~B}A{~AD~Arasaaa{G}aas}D}A{~B}A{G}{G}G,57.5
CHEMBL2088108,Cc1cc(Nc2ccnc(NCc3onc(c3)C4CC4)n2)n[nH]1,2.5,c1c(Nc2ccnc(NCc3onc(C4CC4)c3)n2)n[nH]c1C,Aaraa{Dasaada{DAatbda{at}AuAAu}ds}d{dQ}r,33.333333333333336
CHEMBL1916537,COc1ccc2CCC(=O)N(CCN3CCC(CC3)NCc4ccc5OCC(=O)Nc5n4)c2c1,0.66,C1CN(CCN2C(=O)CCc3ccc(OC)cc32)CCC1NCc1ccc2c(n1)NC(=O)CO2,ABaraaasAAA{~B}D{AADtAAA{AAt}DAauaaavBAA{~B}Davdu}asar,64.0
CHEMBL184243,COc1cccc(c1)C(=O)NCCCOc2cccc3ccc(N)nc23,2.46,c1c(OC)cc(C(NCCCOc2c3nc(N)ccc3ccc2)=O)cc1,ABaraaaa{ar}A{~B}DAAABasaaaataaa{D}dast,34.0
CHEMBL2058533,Cc1ccc(cc1)c2ccc(F)cc2COc3ccc(CCC(=O)O)cc3,3.24,Cc1ccc(-c2c(COc3ccc(CCC(=O)O)cc3)cc(F)cc2)cc1,Aaraaa{aar}asaaa{G}aasABataaa{AAA{~B}B}aat,20.999999999999996
CHEMBL1200558,CC[C@H](C)[C@H](N)C1=N[C@@H](CS1)C(=O)N[C@@H](CC(C)C)C(=O)N[C@H](CCC(=O)O)C(=O)N[C@@H]([C@@H](C)CC)C(=O)N[C@H]2CCCCNC(=O)[C@H](CC(=O)N)NC(=O)[C@@H](CC(=O)O)NC(=O)[C@H](Cc3cnc[nH]3)NC(=O)[C@@H](Cc4ccccc4)NC(=O)[C@@H](NC(=O)[C@@H](CCCN)NC2=O)[C@@H](C)CC,-0.46,N(C(=O)[C@@H](NC(=O)[C@@H](CCC(O)=O)NC(=O)[C@H](CC(C)C)NC([C@H]1N=C([C@H]([C@H](CC)C)N)SC1)=O)[C@H](CC)C)[C@H]1CCCCNC(=O)[C@H](CC(=O)N)NC(=O)[C@@H](CC(O)=O)NC(=O)[C@H](Cc2[nH]cnc2)NC(=O)[C@@H](Cc2ccccc2)NC(=O)[C@H]([C@@H](C)CC)NC(=O)[C@@H](CCCN)NC1=O,AA{A*Q}{A}{A*Q}{D}Ar~D{A**Q}{AEr}A{~B}D{A**Q}{AA{A}A}A{~B}D{A*Q}{AAA{~B}B}A{~B}D{A**Q}{{A**Q}{A}AA}A{~B}D{A*Q}sAAAADA{~B}{A*Q}{AA{~B}D}DA{~B}{A**Q}{AA{~B}B}DA{~B}{A*Q}{Aatada{dQ}t}DA{~B}{A**Q}{Aauaaaaau}DA{~B}{A**Q}{DA{~B}{A**Q}{AAAD}DAs~B}{A**Q}{A}AA,82.66666666666667
CHEMBL207687,COc1cc2ncnc(Nc3cccc(Cl)c3F)c2cc1CN(C)[C@@H](C)C(=O)N,3.42,c1c2c(cc(CN([C@@H](C)C(=O)N)C)c1OC)c(Nc1cccc(Cl)c1F)ncn2,ABaraasdada{Dataaaa{Z}atG}asaarAD{A}{A**Q}{A}A{~B}D,18.0
CHEMBL44793,OC(=O)c1[nH]c2cc(Cl)cc(Cl)c2c1\C=C\C(=O)Nc3ccccc3,1.52,[nH]1c(C(=O)O)c(/C=C/C(Nc2ccccc2)=O)c2c(Cl)cc(Cl)cc12,BA{~B}ar{dQ}asaa{Z}aa{Z}asar!A~A!A{~B}Dataaaaat,49.666666666666664
CHEMBL324983,CC(C)C(NC(=O)CN1C(=O)C(=CC=C1c2ccccc2)NC(=O)NCc3cccnc3)C(=O)C(F)(F)F,2.84,c1cc(NC(NCc2cccnc2)=O)c(=O)n(CC(=O)NC(C(C(F)(F)F)=O)C(C)C)c1-c1ccccc1,AA{A}A{DA{~B}ADrA{~B}A{~AA~Arasaaaaas}DA{~B}DAataaadat}A{~B}A{G}{G}G,27.666666666666668
CHEMBL1682956,CC[C@H](NC(=O)c1c([S+]([O-])CC)c(nc2ccccc12)c3ccccc3)c4ccccc4,3.45,c1ccc([C@@H](NC(c2c3c(nc(-c4ccccc4)c2[S+](CC)[O-])cccc3)=O)CC)cc1,AA{A*Q}{DA{~B}ara{{E%}{{B_}}AA}a{dasaaaaars}ataaaaat}auaaaaau,17.499999999999996
CHEMBL1980161,Nc1n[nH]c2c(Cl)cccc12,1.7,c12[nH]nc(N)c1cccc2Cl,Dard{dQ}asa{Z}aaaars,46.666666666666664
CHEMBL1256487,NC(=O)c1cccc(OC2CCN(CC3CC3)CC2)c1,0.49,c1c(OC2CCN(CC3CC3)CC2)cc(C(N)=O)cc1,DA{~B}araaaa{BAsAAD{AAtAAt}AAs}ar,66.83333333333333
CHEMBL1643196,Cc1cc(CN2Cc3ccccc3C2C(=O)Nc4ccc(Cl)cc4)ccc1OCC(=O)O,1.38,C1(C(=O)Nc2ccc(Cl)cc2)c2c(cccc2)CN1Cc1cc(C)c(OCC(O)=O)cc1,Aaraa{ADsAataaaaatAsA{~B}Dauaaa{Z}aau}aaarBAA{~B}B,52.0
CHEMBL383696,CC(C)CN1C(=O)N(C)C(=O)c2c(SC3CCCC3)c(Cc4ccccc4C(F)(F)F)sc12,4.21,C(C)(C)Cn1c(=O)n(C)c(=O)c2c(SC3CCCC3)c(Cc3ccccc3C(F)(F)F)sc12,AA{A}ADrA{~B}D{A}A{~B}asa{EAtAAAAt}a{AauaaaaauA{G}{G}G}ears,4.833333333333334
CHEMBL2158840,OC(=O)[C@H](Cc1cccc(F)c1)N2CCC(CN3CCC(CC3)Oc4ccc(Cl)c(Cl)c4)CC2,2.68,C1CN([C@H](C(=O)O)Cc2cccc(F)c2)CCC1CN1CCC(Oc2ccc(Cl)c(Cl)c2)CC1,BA{~B}{A*Q}{Aaraaaa{G}ar}DsAAA{ADtAAA{AAt}Bauaaa{Z}a{Z}au}AAs,30.33333333333333
CHEMBL422648,CC1SC2=C(C(=O)O)C(=O)c3cc(F)c(cc3N12)N4CCN(CC5=C(C)OC(=O)O5)CC4,0.47,C1N(c2cc3n4c(c(C(O)=O)c(=O)c3cc2F)SC4C)CCN(Cc2oc(=O)oc2C)C1,AArEAs~A{A{~B}B}A{~B}ataa{G}a{aatDrs}DuAAD{AAv~A{A}BA{~B}Bv}AAu,67.16666666666667
CHEMBL2010844,CN([C@H]1CCN(Cc2ccc(cc2)C(F)(F)F)C[C@H]1F)C(=O)Cc3ccc(cc3)n4cnnn4,3.3,c1(C(F)(F)F)ccc(CN2CC[C@H](N(C(=O)Cc3ccc(-n4cnnn4)cc3)C)[C@H](F)C2)cc1,AD{{A*Q}rAAD{Aasaaa{aas}A{G}{G}G}A{A*Q}rG}A{~B}Aataaa{aat}duadddu,20.000000000000004
CHEMBL175627,CC(=O)NC[C@H]1CN(C(=O)O1)c2ccc(c(F)c2)n3cc(nn3)C#N,0.8,C1(=O)N(c2cc(F)c(-n3nnc(C#N)c3)cc2)C[C@H](CNC(=O)C)O1,AA{~B}DA{A*Q}rAD{A{~B}Br}asaaa{a{G}as}dtaa{ddt}A^D,61.666666666666664
CHEMBL1824034,COC(=O)c1ccc2OCC(=O)N(CCN3CCC(CC3)NCc4ccc5OCC(=O)Nc5n4)c2c1,0.83,N(C1CCN(CCN2c3cc(C(OC)=O)ccc3OCC2=O)CC1)Cc1nc2c(cc1)OCC(=O)N2,ABA{~B}araaasBAA{~B}D{AADtAAA{AAt}DAauaaavBAA{~B}Davdu}asar,61.166666666666664
CHEMBL402934,Clc1ccc2OCOc2c1Nc3ccnc(Nc4ccccc4)n3,3.9,O1c2c(Nc3ccnc(Nc4ccccc4)n3)c(Cl)ccc2OC1,ZaraaasBABasarDataada{Dauaaaaau}dt,10.000000000000002
CHEMBL214665,COc1cc(OC2CCN(C)CC2)c3c(Nc4c(Cl)ccc5OCOc45)ncnc3c1,2.98,N1(C)CCC(Oc2cc(OC)cc3ncnc(Nc4c5c(ccc4Cl)OCO5)c23)CC1,ABaraa{BAsAAD{A}AAs}ata{Daua{Z}aaavBABauv}dadatar,25.333333333333332
CHEMBL1643200,Cc1cc(CN2Cc3ccccc3C[C@H]2C(=O)Nc4ccc(Cl)cc4Cl)ccc1OCC(=O)O,2.41,[C@H]1(C(=O)Nc2c(Cl)cc(Cl)cc2)N(Cc2ccc(OCC(O)=O)c(C)c2)Cc2ccccc2C1,Aaraa{ADsAataaaaatA{A*Q}sA{~B}Dauaaa{Z}aauZ}aaarBAA{~B}B,34.833333333333336
CHEMBL1957038,Oc1ccc(cc1)C2=Cc3ccc(O)cc3OC2,3.8,c1cc(C2=Cc3c(cc(O)cc3)OC2)ccc1O,Baraaa{aar}As~Aataaa{B}aatBAs,11.66666666666667
CHEMBL139725,OB(O)c1ccccc1C=O,0.83,C(c1c(B(O)O)cccc1)=O,BJ{B}araaaaarA~B,61.166666666666664
CHEMBL1566034,O=C(N1CC(=O)Nc2ccccc12)c3occc3,1.21,c1cccc2c1NC(=O)CN2C(c1occc1)=O,B~A{DrAA{~B}Dasaaaaars}atbaaat,54.833333333333336
CHEMBL108249,Oc1ccc(CCNCCCS(=O)(=O)NCCOCCc2ccc(F)cc2)c3sc(O)nc13,1.57,c1cc(F)ccc1CCOCCNS(=O)(CCCNCCc1ccc(O)c2nc(O)sc21)=O,Baraaa{AADAAAE{~B}{~B}DAABAAasaaa{G}aas}atea{B}dart,48.833333333333336
CHEMBL211175,CCN(C1CCN(CC[C@H](c2ccc(cc2)S(=O)(=O)C)c3cc(F)c(F)c(F)c3)CC1)C(=O)Cc4ccc(cc4)S(=O)(=O)C,2.55,C1(N(C(Cc2ccc(S(=O)(C)=O)cc2)=O)CC)CCN(CC[C@H](c2ccc(S(C)(=O)=O)cc2)c2cc(F)c(F)c(F)c2)CC1,AAD{ArAAD{AA{A*Q}{asaaa{aas}E{~B}{~B}A}ataa{G}a{G}a{G}at}AAr}A{~B}Aauaaa{aau}E{~B}{~B}A,32.50000000000001
CHEMBL2086668,C[C@@H]1CN(CCN1c2ncc(OCC3CCN(CC3)S(=O)(=O)C)cn2)C(=O)OC(C)(C)C,3.5,c1(N2CCN(C(OC(C)(C)C)=O)C[C@H]2C)ncc(OCC2CCN(S(=O)(=O)C)CC2)cn1,A{A**Q}rAD{AADrasdaa{BAAtAAD{AAt}E{~B}{~B}A}ads}A{~B}BA{A}{A}A,16.666666666666668
CHEMBL75200,O=C1C=CN=C2C=CC=CN12,0.2,c1(=O)ccnc2n1cccc2,B~ArA~AD~AsA~AA~ADrs,71.66666666666667
CHEMBL2164742,O[C@@H]1CN(CCN2C(=O)C=Cc3ccc(cc23)C#N)CC[C@@H]1NCc4ccc5OCC(=O)Nc5n4,0.11,[C@@H]1(O)CN(CCn2c(=O)ccc3ccc(C#N)cc32)CC[C@@H]1NCc1nc2c(cc1)OCC(=O)N2,B{A**Q}rAD{AADsA{~B}A~Aataaa{aast}A^D}AA{A**Q}rDAauaaavBAA{~B}Davdu,73.16666666666666
CHEMBL1645493,CNC(=O)c1ccc2C(=O)C=C(Nc2c1)c3cccnc3,1.01,CNC(=O)c1cc2c(cc1)c(=O)cc(-c1cccnc1)[nH]2,ADA{~B}araaasA{~B}A~A{Dasar}ataaadat,58.166666666666664
CHEMBL1270279,Clc1n[nH]c2cccc(Nc3ccnc(Nc4cc(cc(c4)N5CCOCC5)N6CCOCC6)n3)c12,2.78,C1OCCN(c2cc(N3CCOCC3)cc(Nc3nccc(Nc4c5c([nH]nc5Cl)ccc4)n3)c2)C1,Zard{dQ}asaaaa{Dataada{Dauaa{aa{au}DvAABAAv}DwAABAAw}dt}ars,28.66666666666667
CHEMBL256117,Nc1ccccc1NC(=O)c2ccc(cc2)c3ncc(CN4CCCCC4)s3,2.82,c1c(C(Nc2c(N)cccc2)=O)ccc(-c2sc(CN3CCCCC3)cn2)c1,DaraaaaarDA{~B}asaaa{aas}atdaa{ADuAAAAAu}et,28.000000000000004
CHEMBL2147475,COc1cc(ccc1OC[C@H](OP(=O)(O)O)C2CC2)N3C=Nc4cc(sc4C3=O)c5ccc(Cl)cc5,-0.04,C1CC1[C@@H](OP(O)(O)=O)COc1ccc(-n2cnc3cc(-c4ccc(Cl)cc4)sc3c2=O)cc1OC,ABaraa{aaarBA{A*Q}{BF{~B}{B}B}AsAAs}DtA~Dauaa{eauAt~B}avaaa{Z}aav,75.66666666666667
CHEMBL1609158,CCCC(=O)Nc1ccc(Cl)c(c1)c2oc3cccnc3n2,3.37,n1c(-c2c(Cl)ccc(NC(=O)CCC)c2)oc2cccnc12,AAAA{~B}Daraaa{Z}a{ar}asbataaadatds,18.833333333333332
CHEMBL2031556,O=C(Nc1cccc(c1)c2nnn[nH]2)c3cccc4[nH]cnc34,-0.05,c12c(nc[nH]1)c(C(Nc1cccc(-c3[nH]nnn3)c1)=O)ccc2,B~A{Daraaaa{ar}asddd{dQ}s}ataaaau{dQ}adatu,75.83333333333333
CHEMBL1917431,Cc1c(Sc2ccc(Cl)cc2)c3cc(ccc3n1CC(=O)O)S(=O)(=O)C,0.54,Cc1c(Sc2ccc(Cl)cc2)c2cc(S(=O)(=O)C)ccc2n1CC(=O)O,Aara{Easaaa{Z}aas}ataa{aaatdrAA{~B}B}E{~B}{~B}A,66.0
CHEMBL1917446,Cc1ccc2c(c1)c(c(C)n2CC(=O)O)S(=O)(=O)c3ccc(Cl)cc3,0.06,Cc1ccc2c(c1)c(S(=O)(=O)c1ccc(Cl)cc1)c(C)n2CC(=O)O,Aaraaasa{ar}a{a{A}dsAA{~B}B}E{~B}{~B}ataaa{Z}aat,74.00000000000001
CHEMBL314437,CCC1(CCCCN(C)C1)c2cccc(O)c2,0.8,c1c(C2(CC)CCCCN(C)C2)cc(O)cc1,AAAr{AAAAD{A}Ar}asaaaa{B}as,61.666666666666664
CHEMBL303165,COc1ccc(cc1)S(=O)(=O)NC2=CC=C(N(CC(=O)NC(C(C)C)C(=O)C(F)(F)F)C2=O)c3ccccc3,2.5,c1(-c2n(CC(=O)NC(C(C(F)(F)F)=O)C(C)C)c(=O)c(NS(=O)(=O)c3ccc(OC)cc3)cc2)ccccc1,ABaraaa{aar}E{~B}{~B}DAs~AA~A{D{AA{~B}DA{A{A}A}A{~B}A{G}{G}G}As~B}ataaaaat,33.333333333333336
CHEMBL2207603,COc1cc(OC)c(cc1NC(=O)CCC(=O)O)S(=O)(=O)N2c3ccccc3Oc4ccccc24,-0.53,c1cccc2c1N(S(c1c(OC)cc(OC)c(NC(CCC(O)=O)=O)c1)(=O)=O)c1c(cccc1)O2,ABaraa{BA}a{aarDA{~B}AAA{~B}B}E{~B}{~B}DsataaaaatBauaaaaasu,83.83333333333333
CHEMBL321467,Oc1ccc(CCNCCCS(=O)(=O)NCCOCCc2cccc(c2)C(F)(F)F)c3sc(O)nc13,2.62,s1c2c(c(O)ccc2CCNCCCS(=O)(=O)NCCOCCc2cccc(C(F)(F)F)c2)nc1O,Baraaa{AADAAAE{~B}{~B}DAABAAasaaaa{as}A{G}{G}G}atea{B}dart,31.333333333333332
CHEMBL2059005,CCCSc1nc2ccc(NC(=O)CCNC(=O)N)cc2s1,2.9,c1(SCCC)sc2cc(NC(CCNC(N)=O)=O)ccc2n1,AAAEardasaaa{DA{~B}AADA{~B}D}aaser,26.666666666666668
CHEMBL2349312,CC(C)C[C@H](CO)Nc1nc(S[C@@H](C)c2ccccc2)nc3NC(=O)Sc13,4.3,n1c(N[C@@H](CO)CC(C)C)c2sc(=O)[nH]c2nc1S[C@@H](C)c1ccccc1,AA{A}A{A*Q}{AB}Darda{E{A**Q}{A}asaaaaas}datDA{~B}Eart,3.333333333333336
CHEMBL1180237,CCC(N1NC(=O)c2nc3cc(Cl)ccc3c(O)c2C1=O)c4cccnc4,0.7,Clc1cc2nc3c(c(O)c2cc1)c(=O)n(C(c1cccnc1)CC)[nH]c3=O,AAA{DrDA{~B}asdataa{Z}aaata{B}asAr~B}auaaadau,63.333333333333336
CHEMBL1650735,COc1cc(Nc2cc(nc(N[C@@H](C)c3ncc(F)cn3)n2)N4CCOCC4)n[nH]1,2.18,N(c1nc(N2CCOCC2)cc(Nc2n[nH]c(OC)c2)n1)[C@@H](C)c1ncc(F)cn1,ABaraa{Dasaa{da{D{A**Q}{A}atdaa{G}adt}ds}DuAABAAu}d{dQ}r,38.666666666666664
CHEMBL1224216,NC(=O)c1ccc(O[C@H]2C[C@H]3CC[C@@H](C2)N3Cc4ccccc4)c(F)c1,2.1,c1c(C(N)=O)cc(F)c(O[C@@H]2C[C@H]3N(Cc4ccccc4)[C@@H](C2)CC3)c1,DA{~B}araaa{B{A*Q}sA{A*Q}tAA{A**Q}{As}DtAauaaaaau}a{G}ar,40.0
CHEMBL183293,CN(C1CCN(CCC(c2ccccc2)c3ccccc3)CC1)C(=O)Cc4ccc(Cl)cc4,3.5,N(C1CCN(CCC(c2ccccc2)c2ccccc2)CC1)(C)C(Cc1ccc(Cl)cc1)=O,AD{ArAAD{AAA{asaaaaas}ataaaaat}AAr}A{~B}Aauaaa{Z}aau,16.666666666666668
CHEMBL220346,Nc1ncccc1NCc2cccc(c2)c3cccnc3,3.0,c1cc(-c2cnccc2)cc(CNc2c(N)nccc2)c1,DardaaaarDAasaaaa{as}ataaadat,25.0
CHEMBL2036757,Clc1ccc(NC(=O)N2CCN(C[C@@H]3CCCN(C3)C4CC4)CC2)cc1Cl,3.57,C1CN(C2CC2)C[C@H](CN2CCN(C(=O)Nc3ccc(Cl)c(Cl)c3)CC2)C1,Zaraaa{DA{~B}DsAAD{A{A**Q}tAAAD{At}AuAAu}AAs}aarZ,15.500000000000002
CHEMBL2177758,Nc1nnc(CCSCCc2nnc(N)s2)s1,-0.1,S(CCc1nnc(N)s1)CCc1sc(N)nn1,Dardda{AAEAAasdda{D}es}er,76.66666666666666
CHEMBL2030961,CNc1cccc(CCOc2ccc(C[C@H](NC(=O)c3c(Cl)cccc3Cl)C(=O)O)cc2F)n1,-0.05,C(Cc1cccc(NC)n1)Oc1c(F)cc(C[C@@H](C(=O)O)NC(=O)c2c(Cl)cccc2Cl)cc1,ADaraaaa{AABasaaa{A{A*Q}{DA{~B}ata{Z}aaaatZ}A{~B}B}aasG}dr,75.83333333333333
CHEMBL477568,CC(C)n1c(C)ncc1c2ccnc(Nc3ccc(cc3)N4CCN(CC4)C(=O)C)n2,2.39,n1cc(-c2ccnc(Nc3ccc(N4CCN(C(=O)C)CC4)cc3)n2)n(C(C)C)c1C,AA{A}dra{A}daarasaada{Dataaa{aat}DuAAD{AAu}A{~B}A}ds,35.166666666666664
CHEMBL513533,CN1C(=O)N(CC2CC2)c3nn(Cc4ccnc5ccc(Cl)cc45)c(c6oc(cc6)S(=O)(=O)C)c3C1=O,2.71,n1(C)c(=O)c2c(n(CC3CC3)c1=O)nn(Cc1ccnc3ccc(Cl)cc13)c2-c1ccc(S(C)(=O)=O)o1,ADrA{~B}D{AAsAAs}atdd{Aauaadavaaa{Z}aauv}a{awba{aaw}E{~B}{~B}A}atAr~B,29.833333333333332
CHEMBL2335892,COCCC(=O)NC(C)c1ccc(Nc2ncc3cc(ccc3n2)c4ccncc4)cc1,2.98,c1(-c2ccncc2)cc2c(cc1)nc(Nc1ccc(C(NC(=O)CCOC)C)cc1)nc2,ABAAA{~B}DA{A}araaa{Dasdaataa{aaatds}auaadaau}aar,25.333333333333332
CHEMBL191413,CC(C)Cc1ccc(cc1)[C@@H](C)C(=O)NS(=O)(=O)C,0.51,C(C)(Cc1ccc([C@@H](C)C(NS(=O)(C)=O)=O)cc1)C,AA{A}Aaraaa{aar}{A**Q}{A}A{~B}DE{~B}{~B}A,66.5
CHEMBL298384,COC(=O)CCCCCCC(=O)Nc1ccc2C(=O)C(=O)c3ccccc3c2c1,2.6,c1c2c(ccc1)C(=O)C(=O)c1c-2cc(NC(CCCCCCC(OC)=O)=O)cc1,ABA{~B}AAAAAAA{~B}DaraaasA{~B}A{~B}ataaaaatasar,31.666666666666668
CHEMBL283334,Oc1cc(O)c2C(=O)C(=COc2c1)c3ccc(F)cc3,3.6,Oc1c2c(=O)c(-c3ccc(F)cc3)coc2cc(O)c1,Baraa{B}asA{~B}A{~ABasar}ataaa{G}aat,14.999999999999998
CHEMBL2062565,CC(=O)Nc1cnc2ccn(c3cc(NC4CC4)n5ncc(C#N)c5n3)c2c1,2.69,CC(=O)Nc1cc2c(nc1)ccn2-c1nc2c(C#N)cnn2c(NC2CC2)c1,AA{~B}Daradasaad{ataa{DAuAAu}dvdaa{A^D}avdt}asar,30.166666666666668
CHEMBL1689123,CC[C@H]1CN(Cc2cc(Cl)ccc2OCC(=O)O)CCN1S(=O)(=O)c3ccccc3,0.44,C1N(Cc2c(OCC(O)=O)ccc(Cl)c2)CCN(S(c2ccccc2)(=O)=O)[C@H]1CC,AA{A*Q}rAD{Aasaa{Z}aaasBAA{~B}B}AADrE{~B}{~B}ataaaaat,67.66666666666666
CHEMBL48966,C(Cc1nc2ccccc2[nH]1)c3nc4ccccc4[nH]3,3.3,n1c2c([nH]c1CCc1[nH]c3ccccc3n1)cccc2,A{Aardasaaaaas{dQ}r}atdauaaaaau{dQ}t,20.000000000000004
CHEMBL2349334,CC[C@H](CO)Nc1nc(SCc2ccccc2)nc3NC(=O)Sc13,3.22,c1(N[C@@H](CO)CC)c2c(nc(SCc3ccccc3)n1)[nH]c(=O)s2,AA{A*Q}{AB}Darda{EAasaaaaas}datDA{~B}Eart,21.333333333333332
CHEMBL1940316,O[C@]1(CN2CCC1CC2)C#Cc3ccc(Oc4ccc(cc4)C(=O)NC5CCS(=O)(=O)C5)cc3,1.64,c1(C#C[C@]2(O)CN3CCC2CC3)ccc(Oc2ccc(C(=O)NC3CCS(=O)(=O)C3)cc2)cc1,B{A*}r{ADsAAArAAs}A^Aataaa{Bauaaa{aau}A{~B}DAvAAE{~B}{~B}Av}aat,47.66666666666668
CHEMBL186542,COc1cc(cc(OC)c1OC)C(=O)Nc2cc(NC(=O)c3cccc(c3)N(C)C)ccc2C,2.54,c1(OC)c(OC)c(OC)cc(C(Nc2c(C)ccc(NC(c3cc(N(C)C)ccc3)=O)c2)=O)c1,ABaraa{aa{BA}arBA}A{~B}Dasaa{DA{~B}ataaaa{at}D{A}A}aaasA,32.666666666666664
CHEMBL1824608,Fc1cccc(COc2cc(OCCCN3CCCC3)ccc2C(=O)Nc4ccccc4)c1,3.67,C(CCOc1cc(OCc2cc(F)ccc2)c(C(=O)Nc2ccccc2)cc1)N1CCCC1,Garaaaa{ABasaa{BAAADtAAAAt}aaasA{~B}Dauaaaaau}ar,13.833333333333334
CHEMBL1916284,C[C@H](NC(=O)c1c(NS(=O)(=O)c2ccc(C)cc2)n(nc1C(F)(F)F)c3ccccc3)C(C)(C)C,2.35,FC(F)(F)c1nn(-c2ccccc2)c(NS(=O)(c2ccc(C)cc2)=O)c1C(N[C@H](C(C)(C)C)C)=O,A{A*Q}{DA{~B}ara{DE{~B}{~B}asaaa{A}aas}d{darA{G}{G}G}ataaaaat}A{A}{A}A,35.833333333333336
CHEMBL101892,NC(=O)c1cn([C@@H]2O[C@H](CO)[C@@H](O)[C@H]2O)c3ncnc(N)c13,-0.87,c1nc(N)c2c(C(N)=O)cn([C@H]3[C@H](O)[C@H](O)[C@@H](CO)O3)c2n1,DA{~B}arad{{A**Q}sB{A*Q}{AB}{A**Q}{B}{A*Q}sB}atdada{D}art,89.5
CHEMBL188504,COc1ccc(Oc2ncccc2C(=O)NCc3ccccc3Cl)cc1,3.59,c1ccc(Cl)c(CNC(c2c(Oc3ccc(OC)cc3)nccc2)=O)c1,ABaraaa{BasdaaaasA{~B}DAataaaaatZ}aar,15.16666666666667
CHEMBL442591,COc1cc2ncc(C(=O)N)c(Nc3ccccc3F)c2cc1OC,2.81,c1(Nc2c(F)cccc2)c2c(cc(OC)c(OC)c2)ncc1C(N)=O,ABaraasdaa{A{~B}D}a{DataaaaatG}asaarBA,28.166666666666668
CHEMBL133996,CC(C)NCCCOc1ccc(NC(=O)C)cc1CC=C,-0.01,C(Nc1cc(CC=C)c(OCCCNC(C)C)cc1)(=O)C,AA{A}DAAABaraaa{DA{~B}A}aarAA~A,75.16666666666667
CHEMBL515001,CC(C)n1c(C)ncc1c2nc(Nc3ccc(cc3)N4CCOCC4)ncc2F,3.01,C(C)(n1c(-c2c(F)cnc(Nc3ccc(N4CCOCC4)cc3)n2)cnc1C)C,AA{A}dra{A}daarasda{Dataaa{aat}DuAABAAu}daasG,24.83333333333334
CHEMBL2165615,CN(C)C(=O)c1ncc(Oc2cc(cc3oc(C)cc23)C(=O)Nc4cnc(C)cn4)cn1,2.1,c12c(Oc3cnc(C(N(C)C)=O)nc3)cc(C(=O)Nc3cnc(C)cn3)cc1oc(C)c2,AD{A}A{~B}ardaa{Basaa{aatba{A}aast}A{~B}Dauada{A}adu}adr,40.0
CHEMBL505610,C(=C\c1c(nc2sccn12)c3ccccc3)/c4ccncn4,3.4,n1ccc(/C=C/c2c(-c3ccccc3)nc3sccn32)nc1,A{~A!ara{daseaadrs}ataaaaat}|auaadadu,18.333333333333336
CHEMBL2360367,CCOc1ccc(cc1)N2C(=Nc3ccccc3C2=O)CC,3.27,c12ccccc1nc(CC)n(-c1ccc(OCC)cc1)c2=O,AABaraaa{aar}DsA{~DataaaaatAs~B}AA,20.5
CHEMBL25710,CCCc1c(O)c(ccc1OCCCSc2ccc(CC(=O)O)cc2Cl)C(=O)CC,3.57,c1c(OCCCSc2ccc(CC(O)=O)cc2Cl)c(CCC)c(O)c(C(CC)=O)c1,AAAara{B}a{aaarBAAAEasaaa{AA{~B}B}aasZ}A{~B}AA,15.500000000000002
CHEMBL572629,CC1=NC(=C(NC1=O)c2ccc(CN3CCC(CC3)N4C(=O)Nc5ccccc45)cc2)c6ccccc6,3.9,c1ccc(-c2nc(C)c(=O)[nH]c2-c2ccc(CN3CCC(n4c(=O)[nH]c5ccccc45)CC3)cc2)cc1,AAr~DA{~A{DAr~B}asaaa{ADtAAA{AAt}DuA{~B}Davaaaaauv}aas}awaaaaaw,10.000000000000002
CHEMBL1784355,ON(C=O)C1(CS(=O)(=O)N2CCN(CC2)c3ccc(F)cc3)CCC1,1.34,O=CN(C1(CS(N2CCN(c3ccc(F)cc3)CC2)(=O)=O)CCC1)O,BD{A~B}Ar{AE{~B}{~B}DsAAD{AAs}ataaa{G}aat}AAAr,52.666666666666664
CHEMBL222659,O=C(Nc1ccccn1)c2ccc3[nH]c(nc3c2)c4ccc(NC(=O)C56CC7CC(CC(C7)C5)C6)cc4,4.24,c1c(NC(=O)c2ccc3[nH]c(-c4ccc(NC(=O)C56CC7CC(CC(C5)C7)C6)cc4)nc3c2)nccc1,B~A{Daraaaadr}asaaat{dQ}a{datas}auaaa{DA{~B}AvwAAxAA{AA{Ax}Av}Aw}aau,4.3333333333333295
CHEMBL272980,Nc1ccccc1NC(=O)c2ccc(CNc3nccc(n3)c4cccnc4)cc2,2.28,c1cnc(NCc2ccc(C(=O)Nc3ccccc3N)cc2)nc1-c1cccnc1,DaraaaaarDA{~B}asaaa{ADatdaaa{dt}auaaadau}aas,37.00000000000001
CHEMBL266922,CCCSc1nc(N[C@@H]2C[C@H]2c3ccccc3)c4nnn([C@@H]5C[C@@H]([C@@H](O)[C@H]5O)C(=O)N)c4n1,2.05,[C@@H]1(O)[C@H](O)[C@@H](C(=O)N)C[C@H]1n1c2nc(SCCC)nc(N[C@H]3[C@H](c4ccccc4)C3)c2nn1,AAAEarda{D{A**Q}sA{A*Q}sataaaaat}auddd{{A**Q}vA{A**Q}{{A**Q}{B}{A*Q}vB}A{~B}D}audr,40.833333333333336
CHEMBL1241982,COc1ccc2nc(C)cc(c2c1)n3cc(CN4CCN(CC4)C(=O)C)nn3,1.3,C1N(C(=O)C)CCN(Cc2nnn(-c3cc(C)nc4ccc(OC)cc34)c2)C1,ABaraaasda{A}aa{asar}dtaa{ADuAAD{AAu}A{~B}A}ddt,53.333333333333336
CHEMBL2322001,C1NCC(CC=C1)c2ccc3ccccc3c2,1.64,c1(C2CC=CCNC2)ccc2c(cccc2)c1,ArDAA{AA~Ar}asaaataaaaatas,47.66666666666668
CHEMBL1618762,C(Cc1ccccc1)NCc2ccccc2,1.65,C(c1ccccc1)CNCc1ccccc1,A{Aaraaaaar}DAasaaaaas,47.5
CHEMBL40,CCC1(C(=O)NC(=O)NC1=O)c2ccccc2,0.05,C1(=O)NC(=O)C(CC)(c2ccccc2)C(=O)N1,AAAr{A{~B}DA{~B}DAr~B}asaaaaas,74.16666666666667
CHEMBL1796299,O[C@@]1(CN2CCC1CC2)C#Cc3ccc(Oc4ccc(cc4)C(=O)NCc5ccncn5)cc3,1.77,c1cc(C#C[C@@]2(O)CN3CCC2CC3)ccc1Oc1ccc(C(NCc2ncncc2)=O)cc1,B{A**}r{ADsAAArAAs}A^Aataaa{Bauaaa{aau}A{~B}DAavaadadv}aat,45.5
CHEMBL2031229,CN1CCN(CC1)c2ccc3N=CN(C(=O)c3c2)c4cc(NC(=O)c5ccccc5F)ccc4C,2.75,C(=O)(Nc1ccc(C)c(-n2c(=O)c3c(ccc(N4CCN(C)CC4)c3)nc2)c1)c1c(F)cccc1,ADrAAD{AAr}asaaatD~AD{A{~B}atas}auaa{DA{~B}avaaaaavG}aaauA,29.166666666666668
CHEMBL44,Oc1ccc(cc1)C2=COc3cc(O)cc(O)c3C2=O,3.06,c1(-c2coc3cc(O)cc(O)c3c2=O)ccc(O)cc1,Baraaa{aar}As~ABataa{B}aa{B}atAs~B,24.0
CHEMBL2023117,CCn1cc(NC(=O)Cc2ccc(Oc3ccnc4cc(OC)c(OC)cc34)cc2OC)cn1,3.42,c1c2nccc(Oc3ccc(CC(=O)Nc4cnn(CC)c4)c(OC)c3)c2cc(OC)c1OC,AAdraa{DA{~B}Aasaaa{Bataadauaa{BA}a{BA}aatu}aasBA}adr,18.0
CHEMBL457016,COCCNS(=O)(=O)c1ccc(Nc2nccc(n2)c3cnc4cccnn34)cc1,2.8,c1(-c2nc(Nc3ccc(S(NCCOC)(=O)=O)cc3)ncc2)n2ncccc2nc1,ABAADE{~B}{~B}araaa{Dasdaaa{ds}atadauaaaddtu}aar,28.33333333333334
CHEMBL1917438,Cc1c(Sc2ccc(Cl)cc2)c3c(cccc3n1CC(=O)O)c4ccccc4,2.61,O=C(Cn1c2c(c(-c3ccccc3)ccc2)c(Sc2ccc(Cl)cc2)c1C)O,Aara{Easaaa{Z}aas}ata{aaaatdrAA{~B}B}auaaaaau,31.5
CHEMBL1762546,CN(c1ccnc(Nc2cc(cc(c2)S(=O)(=O)C)N3CCOCC3)n1)c4cc(CO)ccc4C,2.9,C1COCCN1c1cc(S(=O)(C)=O)cc(Nc2nccc(N(c3c(C)ccc(CO)c3)C)n2)c1,AD{araada{Dasaa{aa{as}E{~B}{~B}A}DtAABAAt}dr}auaa{AB}aaauA,26.666666666666668
CHEMBL11098,CC(C)C(NC(=O)CN1C(=O)C(=CN=C1c2ccc(F)cc2)NC(=O)OCc3ccccc3)C(=O)C(F)(F)F,2.47,C(=O)(Cn1c(=O)c(NC(OCc2ccccc2)=O)cnc1-c1ccc(F)cc1)NC(C(=O)C(F)(F)F)C(C)C,AA{A}A{DA{~B}ADrA{~B}A{~AD~Arasaaa{G}aas}DA{~B}BAataaaaat}A{~B}A{G}{G}G,33.83333333333333
CHEMBL2324355,Cc1nocc1C(=O)Nc2ccc(c(N)n2)c3ccccc3OC(F)(F)F,3.7,c1(C)nocc1C(Nc1nc(N)c(-c2c(OC(F)(F)F)cccc2)cc1)=O,AardbaarA{~B}Dasaaa{a{D}ds}ataaaaatBA{G}{G}G,13.33333333333333
CHEMBL1669155,CC1(COc2cc(ccc2NC(=O)CN3CCOCC3)c4cccc5C(=O)C=C(Oc45)N6CCOCC6)COC1,2.2,c1(=O)cc(N2CCOCC2)oc2c1cccc2-c1ccc(NC(CN2CCOCC2)=O)c(OCC2(C)COC2)c1,AAr{ABasaa{aaasDA{~B}ADtAABAAt}auaaaavA{~B}A~A{Bauv}DwAABAAw}ABAr,38.33333333333333
CHEMBL1782927,Oc1ccc(cc1)c2nc3ccccc3nc2c4ccc(O)cc4,2.7,c1(O)ccc(-c2nc3c(cccc3)nc2-c2ccc(O)cc2)cc1,Baraaa{aar}asdataaaaatdasauaaa{B}aau,29.999999999999996
CHEMBL562690,Clc1cnc(OC2CCNCC2)cc1C(=O)NCC34CC5CC(CC(C5)C3)C4,1.56,C12CC3CC(CNC(=O)c4c(Cl)cnc(OC5CCNCC5)c4)(CC(C3)C1)C2,Zarada{BAsAADAAs}aarA{~B}DAAtuAAvAA{AA{Av}At}Au,49.0
CHEMBL2178372,Cc1nc(C)c(nc1C(=O)N)c2ccc(cc2)C34CCC(CC(=O)O)(CC3)CC4,1.6,c1(C)c(C(=O)N)nc(-c2ccc(C34CCC(CC(=O)O)(CC3)CC4)cc2)c(C)n1,Aarda{A}a{darA{~B}D}asaaa{aas}AtuAAA{AA{~B}B}{AAt}AAu,48.333333333333336
CHEMBL1900501,Oc1ccc(C(=O)Cc2ccccc2)c(O)c1,3.09,c1cc(CC(=O)c2c(O)cc(O)cc2)ccc1,Baraaa{A{~B}Aasaaaaas}a{B}ar,23.5
CHEMBL1425658,C(N1CCN(CC1)c2nc3ccccc3s2)c4nnnn4Cc5cccs5,3.65,n1c2ccccc2sc1N1CCN(Cc2n(Cc3cccs3)nnn2)CC1,A{DrAAD{AAr}asdataaaaates}audddduAavaaaev,14.16666666666667
CHEMBL2048873,N[C@@H]1CCCN(C1)c2c(\C=C\3/SC(=O)NC3=O)cccc2c4ccncc4,1.56,c1c(-c2c(N3CCC[C@@H](N)C3)c(/C=C3/C(=O)NC(=O)S3)ccc2)ccnc1,D{A**Q}rAAAD{Ar}asa{!A~A!t|EA{~B}DAt~B}aaaasauaadaau,49.0
CHEMBL507803,Cc1ccc(NC(=O)c2cccc(c2)C(F)(F)F)cc1NC(=O)c3cccnc3,3.11,Cc1c(NC(=O)c2cccnc2)cc(NC(=O)c2cc(C(F)(F)F)ccc2)cc1,Aaraaa{DA{~B}asaaaa{as}A{G}{G}G}aarDA{~B}ataaadat,23.166666666666668
CHEMBL2334381,CCCN(CCC)C(=O)c1cccc(c1)C(=O)N[C@@H](Cc2ccccc2)[C@H](O)CNC3Cc4ccccc4C3,3.3,c1(C(=O)N[C@H]([C@@H](CNC2Cc3c(cccc3)C2)O)Cc2ccccc2)cccc(C(N(CCC)CCC)=O)c1,AAAD{AAA}A{~B}araaaa{ar}A{~B}D{A**Q}{Aasaaaaas}{A*Q}{B}ADAtAauaaaaauAt,20.000000000000004
CHEMBL1368601,OC(=O)c1ccc2cccc(O)c2n1,3.3,c1cc2c(c(O)c1)nc(C(O)=O)cc2,BA{~B}araaasaaaa{B}asdr,20.000000000000004
CHEMBL1223246,CC1=CC2=NNC(=O)N2c3cc(ccc13)c4ccc(cc4)C(=O)N5CCOCC5,2.77,c12cc(C)c3ccc(-c4ccc(C(N5CCOCC5)=O)cc4)cc3n1c(=O)[nH]n2,AAr~AAs~DDA{~B}Dsataa{aaart}auaaa{aau}A{~B}DvAABAAv,28.833333333333332
CHEMBL1331627,Nc1[nH]nc2ccccc12,1.0,[nH]1nc2c(c1N)cccc2,Dar{dQ}dasaaaaars,58.333333333333336
CHEMBL440405,CS(=O)(=O)NC(=O)CCCc1c([nH]c2ccc(cc12)C#N)c3ccc(F)cc3,1.5,c1cc(F)ccc1-c1[nH]c2ccc(C#N)cc2c1CCCC(=O)NS(C)(=O)=O,AE{~B}{~B}DA{~B}AAAara{{dQ}asaaa{aars}A^D}ataaa{G}aat,50.0
CHEMBL201799,CCCCCSc1nc(O)c2sc(N)nc2n1,2.86,n1c(N)sc2c(O)nc(SCCCCC)nc12,AAAAAEarda{B}asea{D}dasdr,27.333333333333332
CHEMBL426576,CC(=O)NC[C@H]1CN(C(=O)O1)c2ccc(c(F)c2)n3cnc(c3)C#N,1.51,c1(-n2cc(C#N)nc2)ccc(N2C[C@H](CNC(=O)C)OC2=O)cc1F,AA{~B}DA{A*Q}rAD{A{~B}Br}asaaa{a{G}as}dtada{at}A^D,49.833333333333336
CHEMBL1783287,COc1ncccc1c2cccc3c(N)c4C(=O)N(Cc4nc23)C5CCC5,3.26,c1cc(-c2cccnc2OC)c2c(c1)c(N)c1c(n2)CN(C2CCC2)C1=O,ABardaaaarasaaaata{D}auA{~B}D{Aaudast}AvAAAv,20.66666666666667
CHEMBL1934417,COCCC(C)n1nc(C)c(C(=O)N[C@@H](C)C(C)(C)C)c1NS(=O)(=O)c2ccc(C)cc2,0.78,c1cc(S(=O)(Nc2n(C(CCOC)C)nc(C)c2C(N[C@@H](C)C(C)(C)C)=O)=O)ccc1C,ABAAA{A}drda{A}a{A{~B}D{A**Q}{A}A{A}{A}A}arDE{~B}{~B}asaaa{A}aas,62.0
CHEMBL254165,Nc1ccccc1NC(=O)c2ccc(cc2)C3CCN(Cc4ccccc4)CC3,2.51,N1(Cc2ccccc2)CCC(c2ccc(C(Nc3c(N)cccc3)=O)cc2)CC1,DaraaaaarDA{~B}asaaa{aas}AtAAD{Aauaaaaau}AAt,33.16666666666667
CHEMBL2349309,CC(C)C[C@H](CO)Nc1nc(SCc2ccncc2)nc3nc(N)sc13,2.9,c1nccc(CSc2nc3nc(N)sc3c(N[C@H](CC(C)C)CO)n2)c1,AA{A}A{A*Q}{AB}Darda{EAasaadaas}datda{D}eart,26.666666666666668
CHEMBL1518,CCCC1=CC(=O)NC(=S)N1,0.7,CCCc1[nH]c(=S)[nH]c(=O)c1,AAAAr~AA{~B}DA{~E}Dr,63.333333333333336
CHEMBL1417095,O=C1N2CCOC2=Nc3ccccc13,0.6,n12c(nc3ccccc3c1=O)OCC2,B~ArDsAABAs~Dataaaaart,65.0
CHEMBL1437065,NC(=O)c1cc(cc(c1)[N+](=O)[O-])[N+](=O)[O-],0.81,O=[N+]([O-])c1cc([N+](=O)[O-])cc(C(N)=O)c1,DA{~B}araa{aa{ar}{D%}{~B}{B_}}{D%}{~B}{B_},61.5
CHEMBL49739,NC(=O)COc1ccc(OCCNCC(O)COc2ccccc2)cc1,0.63,C(Oc1ccccc1)C(CNCCOc1ccc(OCC(N)=O)cc1)O,DA{~B}ABaraaa{BAADAA{B}ABasaaaaas}aar,64.5
CHEMBL1783264,COc1ccc(OC)c(c1)c2cccc3c(N)c(nnc23)C(=O)NC4(C)CCC4,4.48,n1nc2c(-c3cc(OC)ccc3OC)cccc2c(N)c1C(NC1(C)CCC1)=O,ABaraaa{BA}a{ar}asaaaata{D}a{ddast}A{~B}DAu{A}AAAu,0.3333333333333262
CHEMBL696,CCC1(C)CC(=O)NC1=O,0.23,O=C1NC(=O)CC1(C)CC,AAAr{A}AA{~B}DAr~B,71.16666666666666
CHEMBL2035022,NC(=O)c1ccn2c(c3ccccc3)c(nc2c1)c4ccc(cc4)C5(N)CCC5,2.0,c1cc(C2(N)CCC2)ccc1-c1nc2n(ccc(C(=O)N)c2)c1-c1ccccc1,DA{~B}araadsa{ataaaaat}a{dasar}auaaa{aau}Av{D}AAAv,41.666666666666664
CHEMBL1223526,CC1=CC2=NNC(=O)N2c3cc(ccc13)c4ccc[nH]4,3.29,c1c(C)c2ccc(-c3[nH]ccc3)cc2n2c1n[nH]c2=O,AAr~AAs~DDA{~B}Dsataa{aaart}auaaa{dQ}u,20.166666666666668
CHEMBL256998,CC(C)N1CCN(Cc2cnc(c(F)c2)c3ccc(cc3)C(=O)Nc4ccccc4N)CC1,1.6,c1c(F)c(-c2ccc(C(Nc3ccccc3N)=O)cc2)ncc1CN1CCN(C(C)C)CC1,AA{A}DrAAD{Aasada{a{G}as}ataaa{aat}A{~B}DauaaaaauD}AAr,48.333333333333336
CHEMBL2010848,CN([C@@H]1CCN(Cc2ccc(cn2)C(F)(F)F)C[C@@H]1F)C(=O)Cc3ccc(cc3)n4cnnn4,2.1,c1(-n2nnnc2)ccc(CC(=O)N([C@@H]2CCN(Cc3ccc(C(F)(F)F)cn3)C[C@@H]2F)C)cc1,AD{{A**Q}rAAD{Aasaaa{ads}A{G}{G}G}A{A**Q}rG}A{~B}Aataaa{aat}duadddu,40.0
CHEMBL53841,CCCCCC\N=C\1/C=CN(Cc2ccccc2)c3cc(Cl)ccc13,0.98,c1(Cn2c3cc(Cl)ccc3/c(=N/CCCCCC)cc2)ccccc1,AAAAAA!D~A!r|A~AD{Aasaaaaas}ataa{Z}aaart,58.666666666666664
CHEMBL1222330,CC(C)(C)OC(=O)N[C@@H](Cc1ccccc1)C(=O)O,-1.1,C(c1ccccc1)[C@@H](C(=O)O)NC(OC(C)(C)C)=O,AA{A}{A}BA{~B}D{A**Q}{Aaraaaaar}A{~B}B,93.33333333333333
CHEMBL1084327,OC(=O)CC(=O)N[C@H]1[C@@H](Cc2ccccc12)NC(=O)c3cc4sc(Cl)c(Cl)c4[nH]3,1.18,c12cc(C(N[C@@H]3Cc4c(cccc4)[C@H]3NC(CC(O)=O)=O)=O)[nH]c1c(Cl)c(Cl)s2,BA{~B}AA{~B}D{A*Q}r{A**Q}{Aasaaaaars}DA{~B}ataauea{Z}a{Z}au{dQ}t,55.333333333333336
CHEMBL329785,Nc1nc2ccccc2s1,2.0,c1(N)sc2c(cccc2)n1,Dardasaaaaaser,41.666666666666664
CHEMBL487067,CC(C)n1c(C)ncc1c2ccnc(Nc3ccc(cc3)C(=O)NCCO)n2,2.09,N(C(=O)c1ccc(Nc2nc(-c3cnc(C)n3C(C)C)ccn2)cc1)CCO,AA{A}dra{A}daarasaada{Dataaa{aat}A{~B}DAAB}ds,40.166666666666664
CHEMBL103355,Cc1ccc(F)c(Nc2ccnc(Nc3ccc(cc3)S(=O)(=O)N)n2)c1,3.1,O=S(c1ccc(Nc2nc(Nc3c(F)ccc(C)c3)ccn2)cc1)(N)=O,Aaraaa{G}a{Dasaada{Dataaa{aat}E{~B}{~B}D}ds}ar,23.333333333333332
CHEMBL383322,CCOCc1nc2c(N)nc3ccccc3c2n1CC(C)(C)O,1.69,c12c3c(nc(N)c1nc(COCC)n2CC(O)(C)C)cccc3,AABAardasa{D}dataaaaatasdrAA{A}{A}B,46.833333333333336
CHEMBL1480954,FC(F)(F)c1nnc2ccc(nn12)n3ccnc3,0.91,n1cn(-c2ccc3n(n2)c(C(F)(F)F)nn3)cc1,GA{G}{G}arddasaaa{ddrs}dtaadat,59.833333333333336
CHEMBL1835908,CCOC(=O)c1ccc(CCN2CCN(CC2)c3ccc(C)nn3)cc1,2.58,c1c(CCN2CCN(c3ccc(C)nn3)CC2)ccc(C(=O)OCC)c1,AABA{~B}araaa{AADsAAD{AAs}ataaa{A}ddt}aar,32.0
CHEMBL1957381,Cc1cc(ccn1)c2ccc(cc2)c3nc4ccncc4c(O)c3C#N,1.6,n1c(-c2ccc(-c3cc(C)ncc3)cc2)c(C#N)c(O)c2cnccc12,Aaraa{aadr}asaaa{aas}atdauaadaaua{B}atA^D,48.333333333333336
CHEMBL526925,Cn1cnc(c2ccccc2)c1\C=C\c3ccnc(N)n3,2.61,c1(-c2ccccc2)ncn(C)c1/C=C/c1nc(N)ncc1,Adrada{asaaaaas}ar!A~A!ataada{D}dt,31.5
CHEMBL606371,Cc1cc(C)c(C(=O)N[C@@H](Cc2ccc(OCCCNc3ccccn3)cc2)C(=O)O)c(C)c1,0.49,C(c1ccc(OCCCNc2ncccc2)cc1)[C@H](NC(c1c(C)cc(C)cc1C)=O)C(=O)O,Aaraa{A}a{A{~B}D{A**Q}{Aasaaa{BAAADataaaadt}aas}A{~B}B}a{A}ar,66.83333333333333
CHEMBL482000,COc1cc2ncc(C(=O)N)c(Nc3ccc(F)c(Cl)c3)c2cc1OC,3.22,c1c2c(ncc(C(=O)N)c2Nc2ccc(F)c(Cl)c2)cc(OC)c1OC,ABaraasdaa{A{~B}D}a{Dataaa{G}a{Z}at}asaarBA,21.333333333333332
CHEMBL348000,OC(=O)c1cc(nc2ccccc12)c3ccccc3,-0.7,c1cccc2nc(-c3ccccc3)cc(C(=O)O)c12,BA{~B}araa{dasaaaaars}ataaaaat,86.66666666666667
CHEMBL2048863,N[C@H]1CCN(C1)c2c(Cl)cccc2\C=C\3/SC(=O)NC3=O,1.89,c1(/C=C2\SC(=O)NC2=O)c(N2CC[C@H](N)C2)c(Cl)ccc1,D{A*Q}rAAD{Ar}asa{Z}aaaas!A~A!t|EA{~B}DAt~B,43.50000000000001
CHEMBL564737,OC(=O)c1ccccc1c2ccc(Cl)c(c2)C(=O)NCC3(O)CCCCCC3,-0.34,C1CC(O)(CNC(c2c(Cl)ccc(-c3c(C(O)=O)cccc3)c2)=O)CCCC1,BA{~B}araaaaarasaaa{Z}a{as}A{~B}DAAt{B}AAAAAAt,80.66666666666667
CHEMBL374023,CC(C)N1CCN(CC1)C(=O)NCc2ccc(Cl)c(Cl)c2,2.75,N1(C(NCc2ccc(Cl)c(Cl)c2)=O)CCN(C(C)C)CC1,AA{A}DrAAD{AAr}A{~B}DAasaaa{Z}a{Z}as,29.166666666666668
CHEMBL2179270,C[C@H](N1CCC[C@@H](C1)N2C=C(C)C(=O)NC2=O)c3ccc(C(=O)O)c(Oc4cccc(Cl)c4)c3,-0.26,Cc1cn([C@@H]2CN([C@@H](C)c3ccc(C(O)=O)c(Oc4cccc(Cl)c4)c3)CCC2)c(=O)[nH]c1=O,A{A*Q}{DrAAA{A**Q}{Ar}DsA~A{A}A{~B}DAs~B}ataaa{A{~B}B}a{Bauaaaa{Z}au}at,79.33333333333333
CHEMBL459353,COc1ccc(N(C(C(=O)NC[C@@H](C)O)c2ccccc2F)C(=O)c3occc3CO)c(OC)c1,1.37,c1cc(C(N(C(c2c(CO)cco2)=O)c2c(OC)cc(OC)cc2)C(NC[C@@H](C)O)=O)c(F)cc1,ABaraaa{D{A{A{~B}DA{A**Q}{A}B}asaaaaasG}A{~B}atbaaatAB}a{BA}ar,52.166666666666664
CHEMBL2035024,NC1(CCC1)c2ccc(cc2)c3ncc4cccn4c3c5ccccc5,2.5,c1ccc2cnc(-c3ccc(C4(N)CCC4)cc3)c(-c3ccccc3)n12,DAr{AAAr}asaaa{aas}atdaauaaaduatavaaaaav,33.333333333333336
CHEMBL429405,NC(Cc1ccc(cc1)N(CCCl)CCCl)C(=O)O,0.39,c1c(N(CCCl)CCCl)ccc(CC(C(O)=O)N)c1,DA{Aaraaa{aar}D{AAZ}AAZ}A{~B}B,68.50000000000001
CHEMBL1890087,CC(C)Nc1nc(NCc2ccccc2)c3sccc3n1,3.9,c1ccc(CNc2nc(NC(C)C)nc3ccsc23)cc1,AA{A}Darda{DAasaaaaas}ateaaatdr,10.000000000000002
CHEMBL1940307,CNS(=O)(=O)c1ccc(Oc2ccc(cc2)C#C[C@]3(O)CN4CCC3CC4)cc1,2.03,c1(S(NC)(=O)=O)ccc(Oc2ccc(C#C[C@@]3(O)C4CCN(CC4)C3)cc2)cc1,ADE{~B}{~B}araaa{Basaaa{aas}A^A{A*}t{B}ADuAAAtAAu}aar,41.16666666666667
CHEMBL585367,Cc1ccc(Oc2ccnc(Nc3ccc(cc3)S(=O)(=O)N)c2)c(C)n1,2.47,n1c(Nc2ccc(S(N)(=O)=O)cc2)cc(Oc2c(C)nc(C)cc2)cc1,Aaraaa{Basaada{Dataaa{aat}E{~B}{~B}D}as}a{A}dr,33.83333333333333
CHEMBL1835904,CCOC(=O)c1ccc(COCC2CCN(CC2)c3ccc(C)nn3)cc1,2.68,c1cc(C(OCC)=O)ccc1COCC1CCN(c2nnc(C)cc2)CC1,AABA{~B}araaa{ABAAsAAD{AAs}ataaa{A}ddt}aar,30.33333333333333
CHEMBL808,Clc1ccc(COC(Cn2ccnc2)c3ccc(Cl)cc3Cl)cc1,2.54,c1(COC(c2ccc(Cl)cc2Cl)Cn2cncc2)ccc(Cl)cc1,Zaraaa{ABA{Adsaadas}ataaa{Z}aatZ}aar,32.666666666666664
CHEMBL575311,Cc1cc(Oc2ccnc(Nc3ccc(cc3)N4CCOCC4)c2)c(nc1C)c5ccccn5,2.59,c1(C)c(C)cc(Oc2ccnc(Nc3ccc(N4CCOCC4)cc3)c2)c(-c2ccccn2)n1,Aaraa{Basaada{Dataaa{aat}DuAABAAu}as}a{darA}avaaaadv,31.833333333333332
CHEMBL2207670,CS(=O)(=O)c1ccc2C(=CNC(=O)c2c1)C(=O)NC[C@@H](O)CN3CCC(CC3)Oc4ccc(C#N)c(Cl)c4,1.41,c1c(S(=O)(C)=O)ccc2c1c(=O)[nH]cc2C(NC[C@H](CN1CCC(Oc2ccc(C#N)c(Cl)c2)CC1)O)=O,AE{~B}{~B}araaasA{~ADA{~B}asar}A{~B}DA{A**Q}{B}ADtAAA{AAt}Bauaaa{A^D}a{Z}au,51.5
CHEMBL1807856,C[C@H]1O[C@H]([C@H](O)[C@H]1Cl)n2cnc3c(N)nc(OC4CCCC4)nc23,3.18,O[C@@H]1[C@@H](Cl)[C@@H](C)O[C@H]1n1cnc2c(N)nc(OC3CCCC3)nc12,A{A*Q}rB{A*Q}{{A*Q}{B}{A*Q}rZ}dsadata{D}da{BAuAAAAu}dast,21.999999999999996
CHEMBL356894,Nc1ncnc2[nH]ccc12,1.78,c1nc(N)c2cc[nH]c2n1,Dardadas{dQ}aaars,45.333333333333336
CHEMBL2324776,Fc1cc(Oc2ccc(cc2c3ccnnc3)C(F)(F)F)c(Cl)cc1S(=O)(=O)Nc4nncs4,1.15,c1c(Oc2cc(F)c(S(=O)(=O)Nc3scnn3)cc2Cl)c(-c2cnncc2)cc(C(F)(F)F)c1,Garaa{Basaaa{aasataaddat}A{G}{G}G}a{Z}aarE{~B}{~B}Dauddaeu,55.833333333333336
CHEMBL1257698,NC(=O)c1cccc(O[C@@H]2C[C@H]3CC[C@@H](C2)N3CCc4ccccc4)c1,2.0,c1cccc(CCN2[C@@H]3C[C@H](Oc4cccc(C(=O)N)c4)C[C@H]2CC3)c1,DA{~B}araaaa{B{A**Q}sA{A*Q}tAA{A**Q}{As}DtAAauaaaaau}ar,41.666666666666664
CHEMBL509881,CC(C)n1c(C)ncc1c2nc(Nc3ccc(cc3)C(=O)N)ncc2F,2.7,c1cc(C(N)=O)ccc1Nc1ncc(F)c(-c2cnc(C)n2C(C)C)n1,AA{A}dra{A}daarasda{Dataaa{aat}A{~B}D}daasG,29.999999999999996
CHEMBL246746,Clc1ccc2[nH]ncc2c1,2.44,c1(Cl)cc2cn[nH]c2cc1,Zaraaas{dQ}daasar,34.333333333333336
CHEMBL129199,CN1CCN(CC1)C(=O)c2cc3ccccc3[nH]2,1.7,C(N1CCN(C)CC1)(=O)c1cc2ccccc2[nH]1,ADrAAD{AAr}A{~B}asaataaaaat{dQ}s,46.666666666666664
CHEMBL1223954,NC(=O)c1cccc(S[C@H]2C[C@H]3CC[C@@H](C2)N3Cc4ccccc4)c1,2.22,[C@@H]12CC[C@@H](C[C@@H](Sc3cccc(C(=O)N)c3)C1)N2Cc1ccccc1,DA{~B}araaaa{E{A*Q}sA{A*Q}tAA{A**Q}{As}DtAauaaaaau}ar,37.99999999999999
CHEMBL1373,NC(=O)C[S+]([O-])C(c1ccccc1)c2ccccc2,1.12,C(c1ccccc1)(c1ccccc1)[S+](CC(N)=O)[O-],DA{~B}A{E%}{{B_}}A{araaaaar}asaaaaas,56.333333333333336
CHEMBL191553,CC(=O)Nc1ccc(CNc2[nH]nc3ccnc(Oc4ccccc4)c23)cc1,3.03,N(C(=O)C)c1ccc(CNc2c3c(Oc4ccccc4)nccc3n[nH]2)cc1,AA{~B}Daraaa{ADas{dQ}dataada{Bauaaaaau}ast}aar,24.500000000000004
CHEMBL169901,NC(=N)N1CCc2ccccc2C1,-1.01,N=C(N1CCc2ccccc2C1)N,DA{~D}DrAAasaaaaasAr,91.83333333333333
CHEMBL253969,NC(=O)c1c(NC(=O)NCCCCN2CCCC2)snc1OCc3c(F)cc(Br)cc3F,2.5,C(N1CCCC1)CCCNC(=O)Nc1snc(OCc2c(F)cc(Br)cc2F)c1C(=O)N,DA{~B}ara{DA{~B}DAAAADsAAAAs}edarBAata{G}aa{Y}aatG,33.333333333333336
CHEMBL2325710,O=S(=O)(C1CCNCC1)C2(CC2)c3cc(nc(n3)c4cccc5[nH]ccc45)N6CCOCC6,1.1,c1c(-c2nc(N3CCOCC3)cc(C3(S(=O)(C4CCNCC4)=O)CC3)n2)c2c([nH]cc2)cc1,B~E{~B}{ArAADAAr}As{AAs}ataa{da{dt}auaaaav{dQ}aaauv}DwAABAAw,56.666666666666664
CHEMBL378094,Cc1ccc2c(c(C)n(CC(=O)O)c2c1)c3ccnc4cc(Cl)ccc34,2.41,Cc1ccc2c(n(CC(=O)O)c(C)c2-c2c3ccc(Cl)cc3ncc2)c1,Aaraaasa{a{A}d{AA{~B}B}asar}ataadauaa{Z}aaatu,34.833333333333336
CHEMBL477772,CN(c1ccc2c(C)n(C)nc2c1)c3ccnc(Nc4ccc(C)c(c4)S(=O)(=O)N)n3,3.3,Cn1c(C)c2ccc(N(C)c3ccnc(Nc4cc(S(=O)(N)=O)c(C)cc4)n3)cc2n1,AD{araaasa{A}d{A}dasar}ataada{Dauaaa{A}a{au}E{~B}{~B}D}dt,20.000000000000004
CHEMBL249697,Cc1ccc2nc(NCCN)c3ncc(C)n3c2c1,0.88,NCCNc1c2ncc(C)n2c2cc(C)ccc2n1,Aaraaasda{DAAD}atdaa{A}dtasar,60.333333333333336
CHEMBL1088751,CNC(=O)c1ccc(C)c(c1)N2C(=CC(=C(Br)C2=O)OCc3ccc(F)cc3F)C,2.8,C(c1c(F)cc(F)cc1)Oc1c(Br)c(=O)n(-c2cc(C(=O)NC)ccc2C)c(C)c1,ADA{~B}araaa{A}a{ar}DsA{~AA{~A{Y}As~B}BAataaa{G}aatG}A,28.33333333333334
CHEMBL1892375,Oc1ccc(Cl)cc1C(=O)Nc2ccccc2,2.9,c1(C(Nc2ccccc2)=O)cc(Cl)ccc1O,Baraaa{Z}aarA{~B}Dasaaaaas,26.666666666666668
CHEMBL373974,CC(C)CN1C(=O)N(C)C(=O)c2c1sc(Cc3ccnc4ccccc34)c2C(=O)N5C[C@@H](O)[C@@H](O)C5,1.18,c12c(nccc1Cc1c(C(N3C[C@@H](O)[C@@H](O)C3)=O)c3c(s1)n(CC(C)C)c(=O)n(C)c3=O)cccc2,AA{A}ADrA{~B}D{A}A{~B}asarea{Aataadauaaaaatu}asA{~B}DvA{A**Q}{B}{A**Q}{B}Av,55.333333333333336
CHEMBL51085,O=C1N([Se]c2ccccc12)c3ccccc3,3.31,c1c(-n2c(=O)c3c(cccc3)[se]2)cccc1,B~ArD{{W}asaaaaars}ataaaaat,19.833333333333332
CHEMBL1916539,COc1ccc2C=CC(=O)N(CCN3CCC(CC3)NCc4cc5OCCOc5cn4)c2c1,1.31,C1(NCc2cc3c(cn2)OCCO3)CCN(CCn2c(=O)ccc3ccc(OC)cc23)CC1,ABaraaasA~AA{~B}D{AADtAAA{AAt}DAauaavBAABavadu}asar,53.166666666666664
CHEMBL381434,CC(C)COc1cc(OC(C)C)cc(c1)C(=O)Nc2ccc(cn2)C(=O)O,1.6,c1(OC(C)C)cc(C(Nc2ncc(C(=O)O)cc2)=O)cc(OCC(C)C)c1,AA{A}ABaraa{BA{A}A}aa{ar}A{~B}Dasaaa{ads}A{~B}B,48.333333333333336
CHEMBL1600099,Clc1ccc2NC(=O)CN(C(c3ccccc3)c2c1)C(=O)c4ccccc4,3.31,N1C(=O)CN(C(c2ccccc2)=O)C(c2ccccc2)c2cc(Cl)ccc21,ZaraaasDA{~B}AD{A{ataaaaat}asar}A{~B}auaaaaau,19.833333333333332
CHEMBL507142,CNC(=O)c1ccc(Nc2nccc(n2)c3cnc(C4CC4)n3C(C)C)cc1,2.77,C1CC1c1ncc(-c2ccnc(Nc3ccc(C(=O)NC)cc3)n2)n1C(C)C,ADA{~B}araaa{Dasdaaa{ds}atada{AuAAu}dtA{A}A}aar,28.833333333333332
CHEMBL1184124,CC(C)CC(N1NC(=O)c2nc3cc(Cl)ccc3c(O)c2C1=O)c4ccccn4,1.83,c1(C(n2c(=O)c3c(c(=O)[nH]2)nc2c(ccc(Cl)c2)c3O)CC(C)C)ccccn1,AA{A}AA{DrDA{~B}asdataa{Z}aaata{B}asAr~B}auaaaadu,44.5
CHEMBL486232,CC(C)C[C@H](NC(=O)N1CCOCC1)C(=O)N[C@@H](CCc2ccccc2)\C=C\S(=O)(=O)c3ccccc3,3.4,C(N[C@@H](CC(C)C)C(N[C@@H](CCc1ccccc1)/C=C/S(=O)(=O)c1ccccc1)=O)(=O)N1CCOCC1,AA{A}A{A*Q}{DA{~B}DrAABAAr}A{~B}D{A**Q}{AAasaaaaas}!A~A!E{~B}{~B}ataaaaat,18.333333333333336
CHEMBL1736763,O=C(CN1CCOCC1)Nc2c(cnn2c3ccccc3)C#N,0.5,c1ccc(-n2ncc(C#N)c2NC(=O)CN2CCOCC2)cc1,B~A{ADrAABAAr}Dasa{addsataaaaat}A^D,66.66666666666667
CHEMBL1269076,CC1=C(C(=O)c2cc(O)c(O)c(CCc3ccc(C)cc3)c2C1=O)C4=C(C)C(=O)c5c(CCc6ccc(C)cc6)c(O)c(O)cc5C4=O,3.36,c1(C)ccc(CCc2c3c(cc(O)c2O)C(=O)C(C2=C(C)C(=O)c4c(CCc5ccc(C)cc5)c(O)c(O)cc4C2=O)=C(C)C3=O)cc1,AAr~A{A{~B}asaa{B}a{B}a{AAataaa{A}aat}asAr~B}Au~A{A}A{~B}ava{AAawaaa{A}aaw}a{B}a{B}aavAu~B,19.000000000000004
CHEMBL1543041,CCN(CC)CC(=O)Nc1c(cnn1c2ccccc2)C#N,0.4,c1ccccc1-n1ncc(C#N)c1NC(=O)CN(CC)CC,AAD{AA}AA{~B}Dara{addrasaaaaas}A^D,68.33333333333333
CHEMBL1630140,CCN1CCN(CC(=O)Nc2ccc(c3cccc4C(=O)C=C(Nc34)N5CCOCC5)c6sc7ccccc7c26)CC1,2.6,C1OCCN(c2cc(=O)c3cccc(-c4c5sc6ccccc6c5c(NC(=O)CN5CCN(CC)CC5)cc4)c3[nH]2)C1,AADrAAD{AA{~B}Dasaaa{ataaaauA{~B}A~A{Datu}DvAABAAv}aweaxaaaaaxasw}AAr,31.666666666666668
CHEMBL1170,CCC(=O)O[C@H]1CC[C@H]2[C@@H]3CCC4=CC(=O)CC[C@]4(C)[C@H]3CC[C@]12C,3.3,C(CC)(=O)O[C@H]1CC[C@H]2[C@@H]3CCC4=CC(=O)CC[C@]4(C)[C@H]3CC[C@@]21C,AAA{~B}B{A*Q}rAA{A*Q}s{A**Q}tAAAu~AA{~B}AA{A*}u{A}{A*Q}tAA{A*}rsA,20.000000000000004
CHEMBL1233,CCCC(C)(COC(=O)N)COC(=O)NC(C)C,2.01,CC(NC(=O)OCC(C)(COC(=O)N)CCC)C,AAAA{A}{ABA{~B}D}ABA{~B}DA{A}A,41.50000000000001
CHEMBL2332935,CC(=O)Nc1ccc(O)cc1OC[C@@H](O)CN2CCC3(CC2)Cc4cc(Cl)ccc4O3,2.76,CC(Nc1ccc(O)cc1OC[C@H](CN1CCC2(CC1)Oc1ccc(Cl)cc1C2)O)=O,AA{~B}Daraaa{B}aarBA{A**Q}{B}ADsAAAt{AAs}Aauaa{Z}aaauBt,29.000000000000004
CHEMBL165372,[O-][N+](=O)c1ccc2[nH]ncc2c1,2.2,[O-][N+](=O)c1cc2cn[nH]c2cc1,{B_}{D%}{~B}araaas{dQ}daasar,38.33333333333333
CHEMBL11009,Cc1cc(C)cc(c1)c2[nH]c3ccccc3c2CCNCCCCc4ccncc4,3.3,c1c(C)cc(C)cc1-c1[nH]c2c(cccc2)c1CCNCCCCc1ccncc1,Aaraa{A}aa{ar}as{dQ}ataaaaatasAADAAAAauaadaau,20.000000000000004
CHEMBL13902,COC(CN1C(=O)NC2=C(C=C(N(CC(=O)NC(C(C)C)C(=O)C(F)(F)F)C2=O)c3ccccc3)C1=O)OC,1.56,c1cccc(-c2cc3c(c(=O)n2CC(=O)NC(C(C)C)C(=O)C(F)(F)F)[nH]c(=O)n(CC(OC)OC)c3=O)c1,ABA{ADrA{~B}DAs~A{A~A{D{AA{~B}DA{A{A}A}A{~B}A{G}{G}G}As~B}ataaaaat}Ar~B}BA,49.0
CHEMBL1209429,O=S(=O)(Cc1ccccc1)NCC(N2CCCCCC2)c3ccccc3,2.83,c1ccc(CS(NCC(c2ccccc2)N2CCCCCC2)(=O)=O)cc1,B~E{~B}{Aaraaaaar}DAA{DsAAAAAAs}ataaaaat,27.833333333333332
CHEMBL1075,CCOC(=O)Nc1ccc2Sc3ccccc3N(C(=O)CCN4CCOCC4)c2c1,3.1,N(C(OCC)=O)c1cc2c(cc1)Sc1c(cccc1)N2C(CCN1CCOCC1)=O,AABA{~B}DaraaasEataaaaatD{A{~B}AADuAABAAu}asar,23.333333333333332
CHEMBL2158769,OC(=O)[C@H](Cc1ccccc1C#N)N2CCC(CN3CCC(CC3)Oc4ccc(Cl)c(Cl)c4)CC2,2.12,Clc1ccc(OC2CCN(CC3CCN([C@H](C(O)=O)Cc4c(C#N)cccc4)CC3)CC2)cc1Cl,BA{~B}{A*Q}{AaraaaaarA^D}DsAAA{ADtAAA{AAt}Bauaaa{Z}a{Z}au}AAs,39.666666666666664
CHEMBL457,Cc1ccc(C)c(OCCCC(C)(C)C(=O)O)c1,0.72,C(CCC(C)(C)C(O)=O)Oc1cc(C)ccc1C,Aaraaa{A}a{BAAAA{A}{A}A{~B}B}ar,63.0
CHEMBL1209509,O=S(=O)(NCC(N1CCCCCC1)c2ccccc2)c3cccnc3,2.1,O=S(NCC(N1CCCCCC1)c1ccccc1)(c1cnccc1)=O,B~E{~B}{DAA{DrAAAAAAr}asaaaaas}ataaadat,40.0
CHEMBL179877,CCN(C1CCN(CCC(c2ccccc2)c3ccccc3)CC1)C(=O)Cc4ccc(cc4)S(=O)(=O)N,2.4,S(c1ccc(CC(=O)N(CC)C2CCN(CCC(c3ccccc3)c3ccccc3)CC2)cc1)(=O)(=O)N,AAD{ArAAD{AAA{asaaaaas}ataaaaat}AAr}A{~B}Aauaaa{aau}E{~B}{~B}D,35.0
CHEMBL1438072,O=S(=O)(Nc1cccnc1)c2ccccc2,0.84,c1cccc(S(=O)(Nc2cccnc2)=O)c1,B~E{~B}{Daraaadar}asaaaaas,61.0
CHEMBL2110569,COC(=O)[C@@H]1C2CCC(C[C@@H]1c3ccc(I)cc3)N2CCCF,2.3,C12C[C@H](c3ccc(I)cc3)[C@H](C(OC)=O)C(CC1)N2CCCF,ABA{~B}{A**Q}rAsAAA{A{A**Q}rataaa{H}aat}DsAAAG,36.66666666666667
CHEMBL433936,COCCOc1cc2nccc(Nc3cc(O)c(Cl)cc3F)c2cc1OC,2.64,c1(F)cc(Cl)c(O)cc1Nc1ccnc2cc(OCCOC)c(OC)cc21,ABAABaraasdaaa{Dataa{B}a{Z}aatG}asaarBA,31.0
CHEMBL258177,CC(C)N1CCN(Cc2cnc(c3ccc(cc3)C(=O)Nc4ccccc4N)c(c2)C#N)CC1,1.28,C(c1cc(C#N)c(-c2ccc(C(Nc3ccccc3N)=O)cc2)nc1)N1CCN(C(C)C)CC1,AA{A}DrAAD{Aasada{ataaa{aat}A{~B}DauaaaaauD}a{as}A^D}AAr,53.666666666666664
CHEMBL2036747,O=C(Nc1oc(nn1)C(=O)Nc2ccc(cc2)N3CCOCC3)c4ccccc4,1.02,c1ccc(C(=O)Nc2nnc(C(Nc3ccc(N4CCOCC4)cc3)=O)o2)cc1,B~A{Darba{ddr}A{~B}Dasaaa{aas}DtAABAAt}auaaaaau,58.0
CHEMBL103667,Cc1ccc(cc1)n2nc(cc2NC(=O)Nc3ccc(OCCN4CCOCC4)c5ccccc35)C(C)(C)C,4.49,CC(c1cc(NC(Nc2ccc(OCCN3CCOCC3)c3ccccc32)=O)n(-c2ccc(C)cc2)n1)(C)C,Aaraaa{aar}dsda{aasDA{~B}Dataaa{BAADuAABAAu}avaaaaatv}A{A}{A}A,0.1666666666666631
CHEMBL481231,COc1cc2c(Nc3ccc(F)c(Cl)c3)c(cnc2cc1OCCCN4CCN(C)CC4)C(=O)N,1.2,C1N(C)CCN(CCCOc2cc3c(c(Nc4cc(Cl)c(F)cc4)c(C(N)=O)cn3)cc2OC)C1,ABaraasa{Dataaa{G}a{Z}at}a{adasaarBAAADuAAD{A}AAu}A{~B}D,55.0
CHEMBL1682807,Cn1cnc2cc(cnc12)C#Cc3ccccc3,3.5,n1(C)cnc2cc(C#Cc3ccccc3)cnc12,Adradasaa{adars}A^Aataaaaat,16.666666666666668
CHEMBL1650731,C[C@H](Nc1ncc(F)c(Nc2cc([nH]n2)N(C)C)n1)c3ncc(F)cn3,1.98,c1(Nc2cc(N(C)C)[nH]n2)c(F)cnc(N[C@H](c2ncc(F)cn2)C)n1,A{A*Q}{Dardaa{G}a{Dasaa{{dQ}ds}D{A}A}dr}atdaa{G}adt,42.0
CHEMBL2347762,O=C1C2=Nc3ccccc3CN2c4ccccc14,2.71,c12ccccc1C(=O)C1=Nc3c(cccc3)CN21,B~ArAs~DataaaaatADsauaaaaaru,29.833333333333332
CHEMBL325870,CCNC1=CC=C(N(CC(=O)NC(C(C)C)C(=O)C(F)(F)F)C1=O)c2ccccc2,2.37,c1(NCC)ccc(-c2ccccc2)n(CC(NC(C(C)C)C(C(F)(F)F)=O)=O)c1=O,AADAr~AA~A{D{AA{~B}DA{A{A}A}A{~B}A{G}{G}G}Ar~B}asaaaaas,35.5
CHEMBL2171050,Cc1ccc(cc1)S(=O)(=O)NC(=O)N2CCC(CC2)N3CCC(CC3)Oc4ccc(F)c(F)c4,0.75,C1CN(C(=O)NS(=O)(c2ccc(C)cc2)=O)CCC1N1CCC(Oc2cc(F)c(F)cc2)CC1,Aaraaa{aar}E{~B}{~B}DA{~B}DsAAA{AAs}DtAAA{AAt}Bauaaa{G}a{G}au,62.5
CHEMBL403877,C[C@H](CO)Nc1nc(SCc2cccc(F)c2F)nc3NC(=O)C(=O)Nc13,2.48,c1c(CSc2nc(N[C@@H](CO)C)c3[nH]c(=O)c(=O)[nH]c3n2)c(F)c(F)cc1,A{A*Q}{AB}Darda{EAasaaaa{G}asG}datDA{~B}A{~B}Dart,33.666666666666664
CHEMBL1306071,COc1ccc(Cl)cc1NC(=O)Nc2cnccn2,3.63,n1ccnc(NC(=O)Nc2cc(Cl)ccc2OC)c1,ABaraaa{Z}aarDA{~B}Dasadaads,14.500000000000002
CHEMBL1939750,CCOC(=O)Nc1cccc(c1)[C@H](N2CCN(Cc3c[nH]c(C)n3)CC2)c4ccc(cc4)C(=O)N(C)CC,2.11,c1([C@@H](N2CCN(Cc3c[nH]c(C)n3)CC2)c2cccc(NC(OCC)=O)c2)ccc(C(N(CC)C)=O)cc1,AABA{~B}Daraaaa{ar}{A*Q}{DsAAD{Aata{dQ}a{A}dt}AAs}auaaa{aau}A{~B}D{A}AA,39.833333333333336
CHEMBL475865,Cc1ccc(NC(=O)c2ccc(Cl)c(c2)C(F)(F)F)cc1C(=O)Nc3cccnc3,2.83,c1c(Cl)c(C(F)(F)F)cc(C(Nc2cc(C(=O)Nc3cccnc3)c(C)cc2)=O)c1,Aaraaa{DA{~B}asaaa{Z}a{as}A{G}{G}G}aarA{~B}Dataaadat,27.833333333333332
CHEMBL2030800,CNc1cccc(CCOc2ccc(C[C@H](NC(=O)c3c(F)cccc3Cl)C(=O)O)cc2)n1,-0.42,c1ccc(CCOc2ccc(C[C@@H](C(O)=O)NC(c3c(Cl)cccc3F)=O)cc2)nc1NC,ADaraaaa{AABasaaa{A{A*Q}{DA{~B}ata{G}aaaatZ}A{~B}B}aas}dr,82.0
CHEMBL560493,NCc1ccc(NC(=O)c2cc(Nc3ncccn3)c4cc(ccc4c2)\C(=N\O)\N)cc1,-0.85,N(c1ncccn1)c1c2c(ccc(/C(N)=N/O)c2)cc(C(Nc2ccc(CN)cc2)=O)c1,DAaraaa{DA{~B}asaa{Datdaaadt}auaa{aaauas}!A{~D!B}!D}aar,89.16666666666667
CHEMBL1778629,CCS(=O)(=O)c1cccc(c1)c2cc(ccc2OCC(=O)O)C(F)(F)F,-0.66,FC(F)(F)c1ccc(OCC(O)=O)c(-c2cc(S(=O)(CC)=O)ccc2)c1,AAE{~B}{~B}araaaa{ar}asaa{aaasBAA{~B}B}A{G}{G}G,86.0
CHEMBL481717,CCOc1cc2ncc(C(=O)N)c(Nc3ccc(F)cc3F)c2cc1N4CCC(O)CC4,2.74,c12cc(N3CCC(O)CC3)c(OCC)cc1ncc(C(N)=O)c2Nc1c(F)cc(F)cc1,AABaraasdaa{A{~B}D}a{Dataaa{G}aatG}asaarDuAAA{B}AAu,29.33333333333333
CHEMBL481596,CN1CCN(CC1)c2cc3c(Nc4ccc(F)cc4F)c(cnc3cc2F)C(=O)N,2.63,c1(Nc2c3c(cc(F)c(N4CCN(C)CC4)c3)ncc2C(=O)N)c(F)cc(F)cc1,ADrAAD{AAr}asaata{Dauaaa{G}aauG}a{adataasG}A{~B}D,31.166666666666668
CHEMBL1809059,COc1cc(ccc1Nc2ncc(Cl)c(n2)c3cnc4ccccn34)N5CC6CN(CCO)CC(C5)O6,2.5,c1cc2n(c(-c3c(Cl)cnc(Nc4c(OC)cc(N5CC6CN(CCO)CC(C5)O6)cc4)n3)cn2)cc1,ABaraa{aaarDasdaa{Z}a{ds}atadauaaaadtu}DvAAwAD{AAB}AA{Av}Bw,33.333333333333336
CHEMBL2035020,NC1(CCC1)c2ccc(cc2)c3nn4ccccc4c3c5ccccc5,3.2,c1(-c2ccc(C3(N)CCC3)cc2)nn2ccccc2c1-c1ccccc1,DAr{AAAr}asaaa{aas}atdduaaaaauatavaaaaav,21.66666666666666
CHEMBL1223872,CN(C)C(=O)N[C@@H]1CC[C@H](CCN2[C@@H]3CC[C@H]2C[C@H](C3)Oc4cccc(c4)C(=O)N)CC1,0.22,C(CN1[C@@H]2CC[C@H]1C[C@@H](Oc1cccc(C(=O)N)c1)C2)[C@H]1CC[C@@H](NC(=O)N(C)C)CC1,AD{A}A{~B}D{A**Q}rAA{A*Q}{AADs{A**Q}tAA{A*Q}sA{A*Q}{At}Bauaaaa{au}A{~B}D}AAr,71.33333333333333
CHEMBL2335870,COCCNC(=O)c1ccc(Nc2ncc3cc(ccc3n2)c4cccnc4)cc1,3.11,C(NC(=O)c1ccc(Nc2nc3ccc(-c4cccnc4)cc3cn2)cc1)COC,ABAADA{~B}araaa{Dasdaataa{aaatds}auaaadau}aar,23.166666666666668
CHEMBL1835903,CCOC(=O)c1ccc(OCCC2CN(C2)c3ccc(C)nn3)cc1,3.22,O(c1ccc(C(=O)OCC)cc1)CCC1CN(c2ccc(C)nn2)C1,AABA{~B}araaa{BAAAsAD{As}ataaa{A}ddt}aar,21.333333333333332
CHEMBL317410,OC1CCN(CC1)C(=O)[C@H](Cc2ccccc2)NC(=O)c3cc4cc(Cl)ccc4[nH]3,3.6,c1cc(C[C@H](NC(=O)c2[nH]c3c(cc(Cl)cc3)c2)C(=O)N2CCC(O)CC2)ccc1,BArAAD{AAr}A{~B}{A*Q}{Aasaaaaas}DA{~B}ataauaa{Z}aaau{dQ}t,14.999999999999998
CHEMBL1669161,C=CCOc1cc(ccc1NC(=O)CN2CCOCC2)c3cccc4C(=O)C=C(Oc34)N5CCOCC5,3.0,C(Oc1cc(-c2c3c(c(=O)cc(N4CCOCC4)o3)ccc2)ccc1NC(=O)CN1CCOCC1)C=C,A~AABaraa{aaarDA{~B}ADsAABAAs}ataaaauA{~B}A~A{Batu}DvAABAAv,25.0
CHEMBL66654,Cc1cccc(n1)C#Cc2ccccc2,3.6,c1c(C)nc(C#Cc2ccccc2)cc1,Aaraaaa{dr}A^Aasaaaaas,14.999999999999998
CHEMBL1951907,CCN(C1CCN(CCC(C2CCN(CC2)S(=O)(=O)CC)c3ccccc3)CC1)C(=O)Cc4ccc(cc4)S(=O)(=O)C,1.63,O=S(=O)(c1ccc(CC(N(C2CCN(CCC(C3CCN(S(=O)(CC)=O)CC3)c3ccccc3)CC2)CC)=O)cc1)C,AAD{ArAAD{AAA{AsAAD{AAs}E{~B}{~B}AA}ataaaaat}AAr}A{~B}Aauaaa{aau}E{~B}{~B}A,47.833333333333336
CHEMBL1560828,CCc1cccc2c(cn(CC(=O)NCCOC)c12)C#N,1.95,c12n(CC(=O)NCCOC)cc(C#N)c1cccc2CC,AAaraaaasa{ad{AA{~B}DAABA}ars}A^D,42.49999999999999
CHEMBL1868126,COc1cccc2sc(NC(=O)c3ccccc3)nc12,3.96,c1cccc(C(=O)Nc2sc3cccc(OC)c3n2)c1,ABaraaaasea{DA{~B}ataaaaat}dars,9.0
CHEMBL86276,Nc1nc(nn1Cc2ccccc2)c3ccccc3,1.91,c1(-c2nn(Cc3ccccc3)c(N)n2)ccccc1,Darda{ddrAasaaaaas}ataaaaat,43.166666666666664
CHEMBL1916534,COc1ccc2OCC(=O)N(CCN3CCC(CC3)NCc4cc5OCCOc5cn4)c2c1,1.24,c1c2c(ccc1OC)OCC(=O)N2CCN1CCC(NCc2ncc3c(c2)OCCO3)CC1,ABaraaasBAA{~B}D{AADtAAA{AAt}DAauaavBAABavadu}asar,54.333333333333336
CHEMBL1431736,CC(NC(=O)c1cc(O)nc2ccccc12)c3ccccc3,2.2,Oc1nc2c(c(C(NC(c3ccccc3)C)=O)c1)cccc2,AA{DA{~B}araa{B}dasaaaaars}ataaaaat,38.33333333333333
CHEMBL1762533,COc1ccnc(c1)N(C)c2ccnc(Nc3cc(cc(c3)N4CCOCC4)N5CCOCC5)n2,2.23,C1COCCN1c1cc(N2CCOCC2)cc(Nc2nc(N(c3nccc(OC)c3)C)ccn2)c1,ABaraada{ar}D{A}asaada{Dataa{aa{at}DuAABAAu}DvAABAAv}ds,37.833333333333336
CHEMBL1807816,Nc1nc(OC2CCCC2)nc3c1ncn3[C@@H]4O[C@H](CF)[C@@H](O)[C@H]4O,1.5,C1CCC(Oc2nc(N)c3c(n([C@H]4[C@H](O)[C@H](O)[C@@H](CF)O4)cn3)n2)C1,Darda{BAsAAAAs}datardadt{A**Q}uB{A*Q}{AG}{A**Q}{B}{A*Q}uB,50.0
CHEMBL1485846,Oc1oc(c2ccccc2)c(n1)c3ccccc3,3.42,c1(-c2c(-c3ccccc3)nc(O)o2)ccccc1,Barba{asaaaaas}a{dr}ataaaaat,18.0
CHEMBL1557849,COc1ccc(\C=C/2\CCc3ccccc3C2=O)cc1CN4CCOCC4,3.8,C(\c1cc(CN2CCOCC2)c(OC)cc1)=C1\C(=O)c2c(cccc2)CC1,ABaraaa{!A~A|s!AAataaaaatAs~B}aarADuAABAAu,11.66666666666667
CHEMBL17157,CC(C)(C)c1ccc(cc1)C(O)CCCN2CCC(CC2)C(O)(c3ccccc3)c4ccccc4,3.99,N1(CCCC(c2ccc(C(C)(C)C)cc2)O)CCC(C(O)(c2ccccc2)c2ccccc2)CC1,AA{A}{A}araaa{aar}A{B}AAADsAAA{AAs}A{B}{ataaaaat}auaaaaau,8.499999999999996
CHEMBL1287892,NC(=O)c1cnc(N[C@H]2CCCNC2)c3cc(sc13)c4ccc(F)c(F)c4,2.17,NC(c1cnc(N[C@H]2CCCNC2)c2c1sc(-c1ccc(F)c(F)c1)c2)=O,DA{~B}arada{D{A*Q}sAAADAs}ataa{eart}auaaa{G}a{G}au,38.833333333333336
CHEMBL1807821,O[C@@H](CNCCCOCCOCCc1ccccc1)c2ccc(O)c3NC(=O)Sc23,1.09,c1c(CCOCCOCCCNC[C@@H](c2c3sc(=O)[nH]c3c(O)cc2)O)cccc1,B{A**Q}{ADAAABAABAAaraaaaar}asaaa{B}atDA{~B}East,56.833333333333336
CHEMBL1739063,FC(F)(F)c1cccc(C(=O)N[C@H]([C@@H]2CCCCN2)c3ccccc3)c1Cl,2.61,C(N[C@H]([C@H]1NCCCC1)c1ccccc1)(=O)c1cccc(C(F)(F)F)c1Cl,GA{G}{G}araaaa{A{~B}D{A*Q}{{A**Q}sAAAADs}ataaaaat}arZ,31.5
CHEMBL568011,COc1cc(cc(OC)c1OC)C(=O)Nc2ccc(Cl)c(c2)c3nc4ccccc4[nH]3,3.83,c1cc2c(cc1)nc(-c1c(Cl)ccc(NC(c3cc(OC)c(OC)c(OC)c3)=O)c1)[nH]2,ABaraa{aa{BA}arBA}A{~B}Dasaaa{Z}a{as}atdauaaaaau{dQ}t,11.166666666666666
CHEMBL2070943,FC(F)(F)c1csc(n1)N2CCN(CC2)C(=O)[C@@H]3CCCC[C@H]3C(=O)NC4(CC4)C#N,2.4,N(C1(C#N)CC1)C(=O)[C@H]1[C@H](C(=O)N2CCN(c3scc(C(F)(F)F)n3)CC2)CCCC1,GA{G}{G}araea{dr}DsAAD{AAs}A{~B}{A**Q}tAAAA{A*Q}tA{~B}DAu{AAu}A^D,35.0
CHEMBL471579,CC(C)Nc1nc(nc(N2CCOCC2)c1N)C#N,2.04,C1N(c2nc(C#N)nc(NC(C)C)c2N)CCOC1,AA{A}Darda{da{DsAABAAs}arD}A^D,41.0
CHEMBL507130,O=C1NC=Cc2nc(c3ccc(CN4CCC(CC4)c5n[nH]c(n5)c6ccccn6)cc3)c(cc12)c7ccccc7,3.9,c1cccc(-c2c(-c3ccc(CN4CCC(c5nc(-c6ncccc6)[nH]n5)CC4)cc3)nc3cc[nH]c(=O)c3c2)c1,B~ArDA~Aasda{ataaa{ADuAAA{AAu}avd{dQ}a{dv}awaaaadw}aat}a{aars}axaaaaax,10.000000000000002
CHEMBL1221659,Cc1cc(N)nc(CCNC(=O)c2ccc(cc2)C#N)c1,1.62,c1c(C)cc(N)nc1CCNC(=O)c1ccc(C#N)cc1,Aaraa{D}da{AADA{~B}asaaa{aas}A^D}ar,48.0
CHEMBL480370,CCNC1=Nc2ccccc2C(=NC1c3cccs3)c4ccccc4,3.98,C1(c2ccccc2)=NC(c2sccc2)C(NCC)=Nc2ccccc21,AADAr~DasaaaaasA{~DArataaaet}auaaaaau,8.666666666666666
CHEMBL1702519,Cc1ccc(c(C)c1)c2nnc(O)c3ccccc23,3.41,c1c2c(c(-c3ccc(C)cc3C)nnc2O)ccc1,Aaraaa{a{A}ar}asdda{B}ataaaaast,18.166666666666664
CHEMBL2070936,Fc1ccc(cc1)N2CCN(CC2)C(=O)[C@@H]3CCCC[C@H]3C(=O)NC4(CC4)C#N,2.12,c1(N2CCN(C(=O)[C@@H]3CCCC[C@H]3C(NC3(C#N)CC3)=O)CC2)ccc(F)cc1,Garaaa{aar}DsAAD{AAs}A{~B}{A**Q}tAAAA{A*Q}tA{~B}DAu{AAu}A^D,39.666666666666664
CHEMBL474102,Cc1nc(nc(N2CCCC2)c1Cl)c3ccccn3,3.2,c1cc(-c2nc(N3CCCC3)c(Cl)c(C)n2)ncc1,Aarda{da{DsAAAAs}arZ}ataaaadt,21.66666666666666
CHEMBL2325742,C[C@@H](NC(=O)C1(N)CCN(CC1)c2ncnc3[nH]ccc23)c4ccc(Cl)cc4,3.3,C1CC(N)(C(N[C@@H](c2ccc(Cl)cc2)C)=O)CCN1c1c2cc[nH]c2ncn1,A{A**Q}{DA{~B}Ar{D}AAD{AAr}asdadat{dQ}aaast}auaaa{Z}aau,20.000000000000004
CHEMBL340983,COc1ccc(Cl)c(c1)C(=O)NCC23CC4CC(CC(C4)C2)C3,4.39,C(NC(c1c(Cl)ccc(OC)c1)=O)C12CC3CC(CC(C1)C3)C2,ABaraaa{Z}a{ar}A{~B}DAAstAAuAA{AA{Au}As}At,1.8333333333333386
CHEMBL1689125,C[C@@H]1CN(Cc2cc(Cl)ccc2OCC(=O)O)C[C@H](C)N1C(=O)Cc3ccccc3,0.7,OC(COc1ccc(Cl)cc1CN1C[C@@H](C)N(C(Cc2ccccc2)=O)[C@@H](C)C1)=O,A{A**Q}rAD{Aasaa{Z}aaasBAA{~B}B}A{A*Q}{A}DrA{~B}Aataaaaat,63.333333333333336
CHEMBL254192,Cc1ccc(cc1)C(=O)N(CCCN)CC2=Nc3cc(Cl)ccc3C(=O)N2Cc4ccccc4,1.47,c1(C)ccc(C(N(Cc2n(Cc3ccccc3)c(=O)c3ccc(Cl)cc3n2)CCCN)=O)cc1,Aaraaa{aar}A{~B}D{AAAD}AAs~Dataa{Z}aaatA{~B}DsAauaaaaau,50.5
CHEMBL2164674,O=C(NCC#N)[C@@H]1CCCC[C@H]1C(=O)N2CCc3ccccc3C2,1.91,c1cc2c(cc1)CN(C([C@H]1[C@H](C(NCC#N)=O)CCCC1)=O)CC2,B~A{DAA^D}{A**Q}rAAAA{A*Q}rA{~B}DsAAataaaaatAs,43.166666666666664
CHEMBL553,COCCOc1cc2ncnc(Nc3cccc(c3)C#C)c2cc1OCCOC,3.35,c1c(Nc2c3cc(OCCOC)c(OCCOC)cc3ncn2)cc(C#C)cc1,ABAABaraasdada{Dataaaa{at}A^A}asaarBAABA,19.166666666666664
CHEMBL1173655,CN(C)C\C=C\C(=O)Nc1cc2c(Nc3ccc(F)c(Cl)c3)ncnc2cc1O[C@H]4CCOC4,3.7,Clc1cc(Nc2ncnc3cc(O[C@@H]4COCC4)c(NC(=O)/C=C/CN(C)C)cc23)ccc1F,AD{A}A!A~A!A{~B}Daraasa{Dataaa{G}a{Z}at}dadasaarB{A*Q}uAABAu,13.33333333333333
CHEMBL1950858,CN[C@@H](C)C(=O)N[C@H](C(=O)N[C@H]1CCCN(CCc2ccc(O)cc2)C1)C(C)(C)C,0.77,c1cc(CCN2C[C@@H](NC([C@@H](NC(=O)[C@@H](NC)C)C(C)(C)C)=O)CCC2)ccc1O,AD{A**Q}{A}A{~B}D{A*Q}{A{~B}D{A*Q}rAAAD{AAasaaa{B}aas}Ar}A{A}{A}A,62.166666666666664
CHEMBL1835909,CCOC(=O)c1ccc(OCC2CCN(C2)c3ccc(C)nn3)cc1,3.44,C1N(c2ccc(C)nn2)CC(COc2ccc(C(=O)OCC)cc2)C1,AABA{~B}araaa{BAAsAAD{As}ataaa{A}ddt}aar,17.666666666666668
CHEMBL2031169,OC(=O)[C@H](Cc1ccc(OCCc2ccc3OCCNc3n2)cc1)NC(=O)c4c(Cl)cccc4Cl,-0.18,n1c(CCOc2ccc(C[C@@H](C(O)=O)NC(c3c(Cl)cccc3Cl)=O)cc2)ccc2c1NCCO2,BA{~B}{A*Q}{Aaraaa{BAAasaaatBAADatds}aar}DA{~B}aua{Z}aaaauZ,78.0
CHEMBL3545252,O.O.O.CC(=O)O[C@@]12CO[C@@H]1C[C@H](O)[C@]3(C)[C@@H]2[C@H](OC(=O)c4ccccc4)[C@]5(O)C[C@H](OC(=O)[C@H](O)[C@@H](NC(=O)OC(C)(C)C)c6ccccc6)C(=C([C@@H](O)C3=O)C5(C)C)C,3.4,CC(C)(OC(=O)N[C@@H](c1ccccc1)[C@H](C(O[C@H]1C[C@@]2(O)[C@@H](OC(c3ccccc3)=O)[C@H]3[C@@](C)([C@@H](O)C[C@@H]4[C@@]3(OC(=O)C)CO4)C(=O)[C@H](O)C(=C1C)C2(C)C)=O)O)C.O.O.O,"B,B,B,AA{~B}B{A**}rsAB{A**Q}rA{A*Q}{B}{A*}t{A}{A**Q}s{A*Q}{BA{~B}auaaaaau}{A*}v{B}A{A*Q}{BA{~B}{A*Q}{B}{A**Q}{DA{~B}BA{A}{A}A}awaaaaaw}A{~A{{A**Q}{B}At~B}Av{A}A}A",18.333333333333336
CHEMBL832,[O-][S+](CCC1C(=O)N(N(C1=O)c2ccccc2)c3ccccc3)c4ccccc4,-0.51,c1ccc(N2C(=O)C(CC[S+]([O-])c3ccccc3)C(=O)N2c2ccccc2)cc1,{B_}{E%}{AAArA{~B}D{D{Ar~B}asaaaaas}ataaaaat}auaaaaau,83.5
CHEMBL19224,COc1ccc(Cc2nccc3cc(OC)c(OC)cc23)cc1OC,2.81,c1cc(OC)c(OC)cc1Cc1c2c(cc(OC)c(OC)c2)ccn1,ABaraaa{Aasdaaataa{BA}a{BA}aast}aarBA,28.166666666666668
CHEMBL1762527,COc1ccc(C)c(c1)N(C)c2ccnc(Nc3cc(cc(c3)N4CCOCC4)N5CCOCC5)n2,3.18,C1N(c2cc(Nc3nc(N(C)c4c(C)ccc(OC)c4)ccn3)cc(N3CCOCC3)c2)CCOC1,ABaraaa{A}a{ar}D{A}asaada{Dataa{aa{at}DuAABAAu}DvAABAAv}ds,21.999999999999996
CHEMBL186174,Clc1ccc(CN(Cc2ccc(Cl)cc2)c3nn[nH]n3)cc1,2.74,c1(CN(c2n[nH]nn2)Cc2ccc(Cl)cc2)ccc(Cl)cc1,Zaraaa{AD{Aasaaa{Z}aas}atdd{dQ}dt}aar,29.33333333333333
CHEMBL1917427,Cc1c(F)ccc2c1c(Sc3ccc(Cl)cc3)c(C)n2CC(=O)O,2.23,c1c(Sc2c(C)n(CC(=O)O)c3c2c(C)c(F)cc3)ccc(Cl)c1,Aara{G}aaasara{Eataaa{Z}aat}a{A}dsAA{~B}B,37.833333333333336
CHEMBL1762530,CN(c1ccnc(Nc2cc(cc(c2)N3CCOCC3)N4CCOCC4)n1)c5cc(CO)ccc5C,2.94,c1c(Nc2nc(N(C)c3c(C)ccc(CO)c3)ccn2)cc(N2CCOCC2)cc1N1CCOCC1,AD{araada{Dasaa{aa{as}DtAABAAt}DuAABAAu}dr}avaa{AB}aaavA,26.0
CHEMBL287961,Nc1n[nH]c(N)c1Cc2ccc3OCOc3c2,0.47,c12c(ccc(Cc3c(N)[nH]nc3N)c1)OCO2,Dard{dQ}a{D}arAasaaatBABatas,67.16666666666667
CHEMBL478240,CCCCSc1nc(N)c2ncn(Cc3c(F)ccc(C)c3F)c2n1,3.0,C(c1c(F)ccc(C)c1F)n1cnc2c(N)nc(SCCCC)nc12,AAAAEarda{D}asdad{Aata{G}aaa{A}atG}asdr,25.0
CHEMBL2336327,COc1ccc(cc1CNCCO)c2ccc3c(nc(nc3n2)N4C[C@@H](C)O[C@@H](C)C4)N5CCOCC5,1.31,C[C@@H]1CN(c2nc(N3CCOCC3)c3ccc(-c4ccc(OC)c(CNCCO)c4)nc3n2)C[C@H](C)O1,ABaraaa{aarADAAB}asaaata{da{datds}DuA{A**Q}{A}B{A**Q}{A}Au}DvAABAAv,53.166666666666664
CHEMBL336399,OC(=O)c1cc2ccccc2n1Cc3ccccc3,0.78,c1cc2c(cc(C(O)=O)n2Cc2ccccc2)cc1,BA{~B}araasaaaaasdrAataaaaat,62.0
CHEMBL108200,COc1cccc(c1)C(COCc2cc(cc(c2)C(F)(F)F)C(F)(F)F)N3CCNCC3,3.1,c1(C(N2CCNCC2)COCc2cc(C(F)(F)F)cc(C(F)(F)F)c2)cc(OC)ccc1,ABaraaaa{ar}A{ABAasaa{aa{as}A{G}{G}G}A{G}{G}G}DtAADAAt,23.333333333333332
CHEMBL51880,Nc1ccc2C(=O)C(=O)c3ccccc3c2c1,2.39,c1c2c(ccc1)C(=O)C(=O)c1ccc(N)cc1-2,DaraaasA{~B}A{~B}ataaaaatasar,35.166666666666664
CHEMBL2088091,Cc1cc(CNc2ncc(Br)c(Nc3cc(C)[nH]n3)n2)on1,2.92,c1(C)[nH]nc(Nc2c(Br)cnc(NCc3cc(C)no3)n2)c1,Aaraa{ADasdaa{Y}a{Dataa{A}{dQ}dt}ds}bdr,26.333333333333332
CHEMBL1213376,COc1ccc(CCN2CNC(=NC2)SCc3ccc(Cl)cc3)cc1OC,2.41,N1C(SCc2ccc(Cl)cc2)=NCN(CCc2ccc(OC)c(OC)c2)C1,ABaraaa{AADsADA{~DAs}EAataaa{Z}aat}aarBA,34.833333333333336
CHEMBL2036753,Clc1ccc(NC(=O)N2CCN(C[C@@H]3CCCN(Cc4ccccc4)C3)CC2)cc1Cl,4.26,C1N(C(Nc2cc(Cl)c(Cl)cc2)=O)CCN(C[C@H]2CN(Cc3ccccc3)CCC2)C1,Zaraaa{DA{~B}DsAAD{A{A**Q}tAAAD{Aauaaaaau}At}AAs}aarZ,4.0000000000000036
CHEMBL1362574,CC(=O)Nc1nc(ns1)c2ccccc2,2.8,s1nc(-c2ccccc2)nc1NC(C)=O,AA{~B}Darda{der}asaaaaas,28.33333333333334
CHEMBL130,OC[C@@H](NC(=O)C(Cl)Cl)[C@H](O)c1ccc(cc1)[N+](=O)[O-],1.15,c1cc([N+](=O)[O-])ccc1[C@@H](O)[C@@H](CO)NC(C(Cl)Cl)=O,BA{A**Q}{DA{~B}A{Z}Z}{A*Q}{B}araaa{aar}{D%}{~B}{B_},55.833333333333336
CHEMBL257830,NS(=O)(=O)NC(=O)CCCc1c([nH]c2ccc(cc12)C#N)c3ccc(F)cc3,1.95,c1cc(F)ccc1-c1c(CCCC(=O)NS(=O)(N)=O)c2c(ccc(C#N)c2)[nH]1,DE{~B}{~B}DA{~B}AAAara{{dQ}asaaa{aars}A^D}ataaa{G}aat,42.49999999999999
CHEMBL1807829,O[C@@H](CNCCSCCCNCCc1cccc(Cl)c1Cl)c2ccc(O)c3NC(=O)Sc23,2.2,C(CCSCCNC[C@@H](c1c2sc(=O)[nH]c2c(O)cc1)O)NCCc1cccc(Cl)c1Cl,B{A**Q}{ADAAEAAADAAaraaaa{Z}arZ}asaaa{B}atDA{~B}East,38.33333333333333
CHEMBL1201236,C[C@@](Cc1ccc(O)c(O)c1)(NN)C(=O)O,-0.7,NN[C@](Cc1cc(O)c(O)cc1)(C)C(=O)O,A{A**}{Aaraaa{B}a{B}ar}{DD}A{~B}B,86.66666666666667
CHEMBL1917457,CC(=O)Nc1cccc2c1c(Oc3ccc(Cl)cc3)c(C)n2CC(=O)O,-1.41,O=C(C)Nc1c2c(n(CC(O)=O)c(C)c2Oc2ccc(Cl)cc2)ccc1,AA{~B}Daraaaasara{Bataaa{Z}aat}a{A}dsAA{~B}B,98.5
CHEMBL1778372,COC[C@H](C)Oc1cc(Oc2ccc(cc2)S(=O)(=O)C)cc(c1)C(=O)Nc3ccc(cn3)C(=O)O,-0.41,c1(O[C@@H](C)COC)cc(C(Nc2ncc(C(O)=O)cc2)=O)cc(Oc2ccc(S(C)(=O)=O)cc2)c1,ABA{A*Q}{A}Baraa{Basaaa{aas}E{~B}{~B}A}aa{ar}A{~B}Dataaa{adt}A{~B}B,81.83333333333333
CHEMBL85,CC1=C(CCN2CCC(CC2)c3noc4cc(F)ccc34)C(=O)N5CCCCC5=N1,2.05,c1(CCN2CCC(c3noc4cc(F)ccc34)CC2)c(C)nc2n(c1=O)CCCC2,AAr~A{AADsAAA{AAs}atdbauaa{G}aaatu}A{~B}DvAAAAAv~Dr,40.833333333333336
CHEMBL1343931,Cc1nc(CS(=O)(=O)c2ccc(Cl)cc2)cc(n1)N3CCOCC3,1.8,c1(S(Cc2cc(N3CCOCC3)nc(C)n2)(=O)=O)ccc(Cl)cc1,Aarda{AE{~B}{~B}asaaa{Z}aas}aa{dr}DtAABAAt,45.0
CHEMBL31,COc1c(N2CCNC(C)C2)c(F)cc3C(=O)C(=CN(C4CC4)c13)C(=O)O,-0.82,c1(N2CC(C)NCC2)c(F)cc2c(c1OC)n(C1CC1)cc(C(=O)O)c2=O,ABara{DsAADA{A}As}a{G}aatA{~B}A{~AD{AuAAu}art}A{~B}B,88.66666666666667
CHEMBL2158778,OC(=O)[C@H](Cc1ccc(F)cc1)N2CCC(CN3CCC(CC3)Oc4ccc(Cl)cc4)CC2,1.9,c1c(C[C@H](N2CCC(CN3CCC(Oc4ccc(Cl)cc4)CC3)CC2)C(=O)O)ccc(F)c1,BA{~B}{A*Q}{Aaraaa{G}aar}DsAAA{ADtAAA{AAt}Bauaaa{Z}aau}AAs,43.333333333333336
CHEMBL2097971,COc1ccc2nc(C)cc(OCC(=O)Nc3ccccc3OC)c2c1,3.9,COc1ccc2c(c(OCC(=O)Nc3ccccc3OC)cc(C)n2)c1,ABaraaasda{A}aa{BAA{~B}DataaaaatBA}asar,10.000000000000002
CHEMBL1946016,CCN(CC)C(=O)c1ccc(cc1)C(=C2CCN(Cc3ccc(F)cc3)CC2)c4ccccn4,3.28,Fc1ccc(CN2CCC(=C(c3ncccc3)c3ccc(C(=O)N(CC)CC)cc3)CC2)cc1,AAD{AA}A{~B}araaa{aar}A{~AsAAD{Aataaa{G}aat}AAs}auaaaadu,20.333333333333336
CHEMBL533,CCCCCCCN(CC)CCCC(O)c1ccc(NS(=O)(=O)C)cc1,1.2,CS(Nc1ccc(C(O)CCCN(CCCCCCC)CC)cc1)(=O)=O,AAAAAAAD{AA}AAAA{B}araaa{DE{~B}{~B}A}aar,55.0
CHEMBL2325997,CC(NC(=O)C1(N)CCN(CC1)c2ncnc3[nH]ccc23)c4ccc(Cl)cc4,2.7,C1C(N)(C(=O)NC(c2ccc(Cl)cc2)C)CCN(c2c3c(ncn2)[nH]cc3)C1,AA{DA{~B}Ar{D}AAD{AAr}asdadat{dQ}aaast}auaaa{Z}aau,29.999999999999996
CHEMBL1463345,C[C@]12CCC(=O)C=C1C=C[C@@H]3[C@@H]2CC[C@@]4(C)[C@H]3CC[C@@]45CCC(=O)O5,3.2,O1C(=O)CC[C@@]12CC[C@@H]1[C@]2(C)CC[C@@H]2[C@]3(C)C(=CC(=O)CC3)C=C[C@H]21,A{A*}rsAAA{~B}A~ArA~A{A**Q}t{A**Q}sAA{A**}u{A}{A*Q}tAA{A**}uvAAA{~B}Bv,21.66666666666666
CHEMBL1917441,Cc1ccc2c(c1)c(Sc3cccc(Cl)c3)c(C)n2CC(=O)O,1.85,S(c1c(C)n(CC(=O)O)c2ccc(C)cc12)c1cccc(Cl)c1,Aaraaasa{ar}a{Eataaaa{Z}at}a{A}dsAA{~B}B,44.166666666666664
CHEMBL581893,COc1ccc2c(C)nc(NC(=N)N)nc2c1,-0.51,c1(OC)cc2c(c(C)nc(NC(=N)N)n2)cc1,ABaraaasa{A}da{DA{~D}D}dasar,83.5
CHEMBL10188,CC[C@H](NC(=O)c1c(O)c(nc2ccccc12)c3ccccc3)c4ccccc4,3.91,C(c1c2ccccc2nc(-c2ccccc2)c1O)(N[C@H](c1ccccc1)CC)=O,AA{A*Q}{DA{~B}ara{B}a{dasaaaaars}ataaaaat}auaaaaau,9.83333333333333
CHEMBL517943,Fc1ccc(CNc2ncc(Br)c(Nc3cc([nH]n3)C4CC4)n2)cc1,4.28,c1c(Nc2c(Br)cnc(NCc3ccc(F)cc3)n2)n[nH]c1C1CC1,Garaaa{ADasdaa{Y}a{Dataa{{dQ}dt}AuAAu}ds}aar,3.6666666666666625
CHEMBL1778624,OC(=O)COc1ccc(cc1c2ccc(Cl)cc2)C(F)(F)F,0.9,c1(C(F)(F)F)cc(-c2ccc(Cl)cc2)c(OCC(=O)O)cc1,BA{~B}ABaraaa{aarasaaa{Z}aas}A{G}{G}G,60.0
CHEMBL2088099,COCCCc1cc(Nc2ccnc(NCc3onc(C)c3)n2)n[nH]1,2.04,C(c1cc(Nc2nc(NCc3cc(C)no3)ncc2)n[nH]1)CCOC,ABAAAaraa{Dasaada{DAatbda{A}at}ds}d{dQ}r,41.0
CHEMBL2137932,CC(O)(C(=O)c1ccccc1)c2ccccc2,2.92,c1c(C(C)(C(c2ccccc2)=O)O)cccc1,AA{B}{A{~B}araaaaar}asaaaaas,26.333333333333332
CHEMBL638,C[C@@H](c1ncncc1F)[C@](O)(Cn2cncn2)c3ccc(F)cc3F,1.7,c1(F)c([C@H](C)[C@](Cn2ncnc2)(c2c(F)cc(F)cc2)O)ncnc1,A{A**Q}{ardadaarG}{A*}{B}{Adsadads}ataaa{G}aatG,46.666666666666664
CHEMBL2171025,Clc1ccc(OC2CCN(CC2)C3CCN(CC3)C(=O)c4ccc(cc4)C5=NOC(=O)N5)cc1Cl,2.24,c1(C(N2CCC(N3CCC(Oc4cc(Cl)c(Cl)cc4)CC3)CC2)=O)ccc(-c2[nH]c(=O)on2)cc1,Zaraaa{BAsAAD{AAs}AtAAD{AAt}A{~B}auaaa{aau}Av~DBA{~B}Dv}aarZ,37.666666666666664
CHEMBL1762529,COc1cc(CO)cc(c1)N(C)c2ccnc(Nc3cc(cc(c3)N4CCOCC4)N5CCOCC5)n2,3.0,C1CN(c2cc(N3CCOCC3)cc(Nc3nccc(N(C)c4cc(OC)cc(CO)c4)n3)c2)CCO1,ABaraa{AB}aa{ar}D{A}asaada{Dataa{aa{at}DuAABAAu}DvAABAAv}ds,25.0
CHEMBL1916273,CC(C)NC(=O)c1c(C)nn(c1NS(=O)(=O)c2ccc(C)cc2)c3ccccc3,0.46,N(S(=O)(=O)c1ccc(C)cc1)c1n(-c2ccccc2)nc(C)c1C(=O)NC(C)C,AA{A}DA{~B}ara{A}dd{arDE{~B}{~B}asaaa{A}aas}ataaaaat,67.33333333333333
CHEMBL1956112,CN1CCC[C@H]1CCN2CCCc3cc(NC(=N)c4cccs4)ccc23,0.37,c1c(NC(=N)c2cccs2)ccc2c1CCCN2CC[C@@H]1CCCN1C,ADrAAA{A*Q}rAADsAAAataa{DA{~D}auaaaeu}aaast,68.83333333333333
CHEMBL87,COC1=CC=C2C(=CC1=O)C(CCc3cc(OC)c(OC)c(OC)c23)NC(=O)C,1.12,COc1ccc2c(cc1=O)C(NC(C)=O)CCc1cc(OC)c(OC)c(OC)c1-2,ABAr~AA~AsA{~AAr~B}A{AAataa{BA}a{BA}a{BA}ast}DA{~B}A,56.333333333333336
CHEMBL1223815,Cc1ccc(CN2[C@@H]3CC[C@H]2C[C@H](C3)Oc4cccc(c4)C(=O)N)s1,2.39,s1c(CN2[C@@H]3C[C@@H](Oc4cccc(C(=O)N)c4)C[C@H]2CC3)ccc1C,Aaraaa{ADs{A**Q}tAA{A*Q}sA{A*Q}{At}Bauaaaa{au}A{~B}D}er,35.166666666666664
CHEMBL435859,OB1N(C(=Nc2ccccc12)S)c3cccnc3,-0.62,c1(N2C(S)=Nc3ccccc3B2O)cccnc1,BJrD{A{~Dasaaaaars}E}ataaadat,85.33333333333333
CHEMBL1944693,COc1ccccc1CCNCc2cccc(CCNC[C@H](O)c3ccc(O)c4NC(=O)Sc34)c2,0.82,c1c(OC)c(CCNCc2cccc(CCNC[C@@H](c3ccc(O)c4c3sc(=O)[nH]4)O)c2)ccc1,ABaraaaaarAADAasaaaa{AADA{A*Q}{B}ataaa{B}auDA{~B}Eatu}as,61.333333333333336
CHEMBL2314504,Cn1c(C(=O)O)c(CCCOc2cccc3ccccc23)c4ccccc14,2.99,c1(CCCOc2cccc3ccccc23)c2c(cccc2)n(C)c1C(=O)O,Adra{A{~B}B}a{AAABasaaaataaaaast}auaaaaaru,25.16666666666666
CHEMBL2325711,O=S(=O)(c1ccccc1)C2(CC2)c3cc(nc(n3)c4cccc5[nH]ccc45)N6CCOCC6,3.4,c1c(C2(S(=O)(=O)c3ccccc3)CC2)nc(-c2cccc3c2cc[nH]3)nc1N1CCOCC1,B~E{~B}{araaaaar}As{AAs}ataa{da{dt}auaaaav{dQ}aaauv}DwAABAAw,18.333333333333336
CHEMBL1209737,FC(F)(F)c1ccc(cc1)S(=O)(=O)NCC(N2CCCCCC2)c3ccccc3,4.29,c1cccc(C(CNS(=O)(=O)c2ccc(C(F)(F)F)cc2)N2CCCCCC2)c1,GA{G}{G}araaa{aar}E{~B}{~B}DAA{DsAAAAAAs}ataaaaat,3.4999999999999996
CHEMBL473417,CS(=O)(=O)c1ccc(C(=O)Nc2ccc(Cl)c(c2)c3ccccn3)c(Cl)c1,2.84,CS(c1cc(Cl)c(C(=O)Nc2ccc(Cl)c(-c3ncccc3)c2)cc1)(=O)=O,AE{~B}{~B}araaa{A{~B}Dasaaa{Z}a{as}ataaaadt}a{Z}ar,27.666666666666668
CHEMBL150245,Cc1nc(N)c2nc(O)n(Cc3ccccc3)c2n1,2.04,c1(C)nc2n(Cc3ccccc3)c(O)nc2c(N)n1,Aarda{D}asda{B}d{Aataaaaat}asdr,41.0
CHEMBL182279,CCN(C1CCN(CCC(c2ccccc2)c3ccccc3)CC1)C(=O)Cc4ccc(cc4)C#N,3.9,c1ccc(C(c2ccccc2)CCN2CCC(N(C(=O)Cc3ccc(C#N)cc3)CC)CC2)cc1,AAD{ArAAD{AAA{asaaaaas}ataaaaat}AAr}A{~B}Aauaaa{aau}A^D,10.000000000000002
CHEMBL115523,O=C(Nc1ccccc1)c2ccccc2,2.8,c1ccc(NC(=O)c2ccccc2)cc1,B~A{Daraaaaar}asaaaaas,28.33333333333334
CHEMBL25539,CCC(CO)NCCNC(CC)CO,-1.42,N(CCNC(CO)CC)C(CO)CC,AAA{AB}DAADA{AA}AB,98.66666666666667
CHEMBL498,CCCNC(=O)NS(=O)(=O)c1ccc(Cl)cc1,-0.33,C(CC)NC(NS(c1ccc(Cl)cc1)(=O)=O)=O,AAADA{~B}DE{~B}{~B}araaa{Z}aar,80.5
CHEMBL2036773,CCN1CCO[C@@H](CN2CCN(CC2)C(=O)Nc3ccc(Cl)c(Cl)c3)C1,2.68,O=C(Nc1cc(Cl)c(Cl)cc1)N1CCN(C[C@H]2CN(CC)CCO2)CC1,AADrAAB{A**Q}{ADsAAD{AAs}A{~B}Dataaa{Z}a{Z}at}Ar,30.33333333333333
CHEMBL82301,COC[C@H](N1CCN(C[C@@H]1C)C2(C)CCN(CC2)C(=O)c3c(C)ncnc3C)c4ccc(cc4)C(F)(F)F,2.7,[C@@H](N1CCN(C2(C)CCN(C(=O)c3c(C)ncnc3C)CC2)C[C@@H]1C)(c1ccc(C(F)(F)F)cc1)COC,ABA{A*Q}{DrAAD{A{A**Q}rA}As{A}AAD{AAs}A{~B}ata{A}dadatA}auaaa{aau}A{G}{G}G,29.999999999999996
CHEMBL149444,COc1ccc(cc1OC)S(=O)(=O)Nc2ccc(\C=C\C(=O)Nc3ccccc3N)cc2,2.56,c1(N)c(NC(=O)/C=C/c2ccc(NS(=O)(c3cc(OC)c(OC)cc3)=O)cc2)cccc1,ABaraaa{aarBA}E{~B}{~B}Dasaaa{!A~A!A{~B}DataaaaatD}aas,32.333333333333336
CHEMBL2158815,OC(=O)C(N1CCC(CC1)N2CCC(CC2)Oc3ccc(Cl)c(Cl)c3)c4ccccc4,2.23,Clc1c(Cl)ccc(OC2CCN(C3CCN(C(c4ccccc4)C(O)=O)CC3)CC2)c1,BA{~B}A{DrAAA{AAr}DsAAA{AAs}Bataaa{Z}a{Z}at}auaaaaau,37.833333333333336
CHEMBL1200600,C[C@H]1C[C@H]2[C@@H]3CC[C@](O)(C(=O)C)[C@@]3(C)C[C@H](O)[C@]2(F)[C@@]4(C)C=CC(=O)C=C14,2.65,C1[C@@]2(C)[C@H]([C@H]3[C@@](F)([C@]4(C)C(=CC(=O)C=C4)[C@@H](C)C3)[C@H]1O)CC[C@]2(O)C(=O)C,A{A*Q}rA{A*Q}s{A**Q}tAA{A*}{B}{A{~B}A}{A**}t{A}A{A*Q}{B}{A*}s{G}{A**}u{A}A~AA{~B}A~Aru,30.833333333333332
CHEMBL187845,Clc1ccccc1CNC(=O)c2ccccc2Oc3ccccc3,3.58,c1cccc(Oc2c(C(NCc3ccccc3Cl)=O)cccc2)c1,ZaraaaaarADA{~B}asaaaaasBataaaaat,15.333333333333334
CHEMBL2105728,CC1(COc2ccc3c(c2)ncn3c4ccc5cccc(N6CCC(N)CC6)c5n4)COC1,1.99,c1(-n2cnc3cc(OCC4(C)COC4)ccc23)ccc2cccc(N3CCC(N)CC3)c2n1,AAr{ABasaaata{as}dadtauaaavaaaa{DwAAA{D}AAw}avdu}ABAr,41.83333333333333
CHEMBL54,OC1(CCN(CCCC(=O)c2ccc(F)cc2)CC1)c3ccc(Cl)cc3,2.67,c1c(Cl)ccc(C2(O)CCN(CCCC(c3ccc(F)cc3)=O)CC2)c1,BAr{AAD{AAAA{~B}asaaa{G}aas}AAr}ataaa{Z}aat,30.5
CHEMBL1916282,C[C@H](NC(=O)c1c(C)nn(c1NS(=O)(=O)c2ccc(C)cc2)c3ccccc3)C(C)(C)C,1.44,c1c(-n2nc(C)c(C(=O)N[C@H](C(C)(C)C)C)c2NS(c2ccc(C)cc2)(=O)=O)cccc1,A{A*Q}{DA{~B}ara{A}dd{arDE{~B}{~B}asaaa{A}aas}ataaaaat}A{A}{A}A,51.0
CHEMBL424620,CC(C)C(NC(=O)CN1C(=O)C(=CC=C1c2ccccc2)NC(=O)Cc3cccc(c3)C(=O)O)C(=O)C(F)(F)F,0.68,c1c(-c2ccccc2)n(CC(=O)NC(C(=O)C(F)(F)F)C(C)C)c(=O)c(NC(Cc2cc(C(O)=O)ccc2)=O)c1,AA{A}A{DA{~B}ADrA{~B}A{~AA~Arasaaaaas}DA{~B}Aataaaa{at}A{~B}B}A{~B}A{G}{G}G,63.666666666666664
CHEMBL277522,OC(=O)CCC(=O)c1ccc(cc1)c2ccccc2,0.58,c1(C(CCC(O)=O)=O)ccc(-c2ccccc2)cc1,BA{~B}AAA{~B}araaa{aar}asaaaaas,65.33333333333333
CHEMBL2177611,CCCSc1c(cnn1[C@@H]2CC[C@@H](CC2)C(=O)O)C(=O)NC3CCCCC3,1.39,C1[C@H](n2c(SCCC)c(C(NC3CCCCC3)=O)cn2)CC[C@H](C(O)=O)C1,AAAEara{addr{A**Q}sAA{A**Q}{AAs}A{~B}B}A{~B}DAtAAAAAt,51.83333333333334
CHEMBL288441,COc1cc(Nc2c(cnc3cc(OCCCN4CCN(C)CC4)c(OC)cc23)C#N)c(Cl)cc1Cl,3.5,n1cc(C#N)c(Nc2c(Cl)cc(Cl)c(OC)c2)c2c1cc(OCCCN1CCN(C)CC1)c(OC)c2,ABaraa{Dasa{adataa{BAAADuAAD{A}AAu}a{BA}aast}A^D}a{Z}aarZ,16.666666666666668
CHEMBL1631471,Nc1c(nnc2c(cccc12)c3ncccn3)C(=O)NC4CC4,1.5,C(=O)(NC1CC1)c1nnc2c(-c3ncccn3)cccc2c1N,Dara{ddasa{aaaars}atdaaadt}A{~B}DAuAAu,50.0
CHEMBL1934269,C[C@H](NC(=O)c1c(C)nn(CC(F)(F)F)c1NS(=O)(=O)c2ccc(C)cc2)C(C)(C)C,0.93,FC(Cn1nc(C)c(C(=O)N[C@H](C(C)(C)C)C)c1NS(=O)(c1ccc(C)cc1)=O)(F)F,A{A*Q}{DA{~B}ara{A}dd{AA{G}{G}G}arDE{~B}{~B}asaaa{A}aas}A{A}{A}A,59.5
CHEMBL2086667,CC(C)(C)OC(=O)N1C[C@@H]2CC[C@H]1CN2c3ncc(OCc4ccc(cc4)S(=O)(=O)C)cn3,3.4,CS(=O)(=O)c1ccc(COc2cnc(N3[C@@H]4CN(C(OC(C)(C)C)=O)[C@@H](CC4)C3)nc2)cc1,AA{A}{A}BA{~B}DrA{A**Q}sAA{A*Q}rADsatdaa{BAauaaa{aau}E{~B}{~B}A}adt,18.333333333333336
CHEMBL84,CC[C@@]1(O)C(=O)OCC2=C1C=C3N(Cc4cc5c(CN(C)C)c(O)ccc5nc34)C2=O,0.31,CC[C@@]1(O)C(=O)OCc2c(=O)n3c(cc21)-c1nc2ccc(O)c(CN(C)C)c2cc1C3,AA{A**}r{B}A{~B}BAAs~ArA~AtD{Aauaava{AD{A}A}a{B}aaavdatu}As~B,69.83333333333334
CHEMBL1950728,CN[C@@H](C)C(=O)N[C@@H](C1CCCCC1)C(=O)N[C@H]2CCCN(CCCc3ccccc3)C2,2.6,c1c(CCCN2C[C@@H](NC(=O)[C@H](C3CCCCC3)NC([C@H](C)NC)=O)CCC2)cccc1,AD{A**Q}{A}A{~B}D{A**Q}{ArAAAAAr}A{~B}D{A*Q}sAAAD{AAAataaaaat}As,31.666666666666668
CHEMBL170984,COc1cc2c(Nc3c(Cl)ccc4OCOc34)ncnc2cc1OCC5CCN(C)CC5,1.83,N(c1ncnc2cc(OCC3CCN(C)CC3)c(OC)cc12)c1c(Cl)ccc2c1OCO2,ABaraasa{Data{Z}aaauBABatu}dadasaarBAAvAAD{A}AAv,44.5
CHEMBL186995,Clc1ccccc1CNC(=O)c2cccnc2Oc3ccccc3,3.68,c1(Oc2ccccc2)c(C(NCc2ccccc2Cl)=O)cccn1,ZaraaaaarADA{~B}asaaadasBataaaaat,13.666666666666664
CHEMBL1055,NS(=O)(=O)c1cc(ccc1Cl)C2(O)NC(=O)c3ccccc23,0.97,c1c(C2(O)c3ccccc3C(=O)N2)cc(S(=O)(N)=O)c(Cl)c1,DE{~B}{~B}araa{aaarZ}As{B}DA{~B}ataaaaast,58.833333333333336
CHEMBL1829174,Cc1cc(OCCCS(=O)(=O)C)cc(C)c1c2cccc(COc3ccc4[C@H](CC(=O)O)COc4c3)c2,2.3,CS(=O)(=O)CCCOc1cc(C)c(-c2cc(COc3ccc4c(c3)OC[C@H]4CC(O)=O)ccc2)c(C)c1,Aaraa{BAAAE{~B}{~B}A}aa{A}arasaaaa{ABataaau{A*Q}{AA{~B}B}ABauat}as,36.66666666666667
CHEMBL1322390,COc1ccc2nc(NC(=O)CCc3ccc(OC)c(OC)c3)sc2c1,3.57,C(Nc1nc2c(cc(OC)cc2)s1)(CCc1ccc(OC)c(OC)c1)=O,ABaraaasda{DA{~B}AAataaa{BA}a{BA}at}easar,15.500000000000002
CHEMBL462385,CC(C)n1c(C)ncc1c2nc(Nc3ccc(C(=O)NCCN(C)C)c(F)c3)ncc2F,2.26,N(CCNC(=O)c1c(F)cc(Nc2nc(-c3cnc(C)n3C(C)C)c(F)cn2)cc1)(C)C,AA{A}dra{A}daarasda{Dataaa{A{~B}DAAD{A}A}a{G}at}daasG,37.333333333333336
CHEMBL128088,CN1CCN(CC1)C(=O)c2cc3cc(C)ccc3[nH]2,2.22,c12ccc(C)cc1cc(C(N1CCN(C)CC1)=O)[nH]2,ADrAAD{AAr}A{~B}asaataa{A}aaat{dQ}s,37.99999999999999
CHEMBL2030964,CNc1cccc(CCCc2ccc(C[C@H](NC(=O)c3c(Cl)cccc3Cl)C(=O)O)s2)n1,0.78,c1(Cl)c(C(=O)N[C@@H](Cc2sc(CCCc3nc(NC)ccc3)cc2)C(=O)O)c(Cl)ccc1,ADaraaaa{AAAasaaa{A{A*Q}{DA{~B}ata{Z}aaaatZ}A{~B}B}es}dr,62.0
CHEMBL2207607,COc1cc(OC)c(cc1NC(=O)CCc2nn[nH]n2)S(=O)(=O)N3C(C)CCc4ccccc34,-0.34,O(c1c(NC(CCc2nn[nH]n2)=O)cc(S(N2c3ccccc3CCC2C)(=O)=O)c(OC)c1)C,ABaraa{BA}a{aarDA{~B}AAasdd{dQ}ds}E{~B}{~B}DtA{A}AAauaaaaatu,80.66666666666667
CHEMBL1835913,CCOC(=O)c1ccc(OCCC2CCN(CC2)c3ccc(C)nn3)cn1,2.63,C1CC(CCOc2ccc(C(OCC)=O)nc2)CCN1c1ccc(C)nn1,AABA{~B}araaa{BAAAsAAD{AAs}ataaa{A}ddt}adr,31.166666666666668
CHEMBL934,CC(C)(C(=O)c1cccnc1)c2cccnc2,1.45,n1cc(C(C(c2cnccc2)(C)C)=O)ccc1,AA{A}{A{~B}araaadar}asaaadas,50.833333333333336
CHEMBL517140,CNC(=O)c1ccc(Oc2ccc3CCN(CCc3c2)C4CCC4)nc1,1.45,CNC(=O)c1ccc(Oc2cc3c(cc2)CCN(C2CCC2)CC3)nc1,ADA{~B}araaa{BasaaatAAD{AAatas}AuAAAu}dar,50.833333333333336
CHEMBL2086654,CC(C)(C)OC(=O)N1CCN(CC1)c2ccc(OCc3ccc(cc3)S(=O)(=O)C)cn2,3.2,N1(c2ncc(OCc3ccc(S(=O)(C)=O)cc3)cc2)CCN(C(OC(C)(C)C)=O)CC1,AA{A}{A}BA{~B}DrAAD{AAr}asaaa{BAataaa{aat}E{~B}{~B}A}ads,21.66666666666666
CHEMBL1778995,Fc1cccc(c1F)c2cncc(CNCC3CC3)n2,1.82,C1(CNCc2nc(-c3cccc(F)c3F)cnc2)CC1,Garaaaa{arG}asadaa{ADAAtAAt}ds,44.666666666666664
CHEMBL580,OC1N=C(c2ccccc2Cl)c3cc(Cl)ccc3NC1=O,2.38,O=C1Nc2c(cc(Cl)cc2)C(c2c(Cl)cccc2)=NC1O,BArD~A{asaaaaasZ}ataa{Z}aaatDAr~B,35.333333333333336
CHEMBL1631467,CCCNC(=O)c1nnc2c(cccc2c1N)c3cncc(c3)C(=O)N4CCC4,2.79,C(CC)NC(c1c(N)c2c(nn1)c(-c1cncc(C(=O)N3CCC3)c1)ccc2)=O,AAADA{~B}arddasa{aaaasarD}atadaa{at}A{~B}DuAAAu,28.5
CHEMBL2163591,CS(=O)(=O)c1cccc2c3CN(CCc3[nH]c12)C(=O)[C@@H]4CCCC[C@H]4C(=O)NC5(CC5)C#N,1.7,c12c(cccc1S(=O)(=O)C)c1c([nH]2)CCN(C([C@H]2[C@H](C(NC3(C#N)CC3)=O)CCCC2)=O)C1,AE{~B}{~B}araaaasatAD{AAat{dQ}ars}A{~B}{A**Q}uAAAA{A*Q}uA{~B}DAv{AAv}A^D,46.666666666666664
CHEMBL515515,CN(C)CCCNS(=O)(=O)c1ccc(Nc2nccc(n2)c3cnc4cccnn34)cc1,1.4,c1c(-c2nc(Nc3ccc(S(=O)(=O)NCCCN(C)C)cc3)ncc2)n2c(cccn2)n1,AD{A}AAADE{~B}{~B}araaa{Dasdaaa{ds}atadauaaaddtu}aar,51.666666666666664
CHEMBL95,Nc1c2CCCCc2nc3ccccc13,0.38,c1cccc2nc3c(c(N)c12)CCCC3,DarasAAAAasdataaaaart,68.66666666666667
CHEMBL1465276,O=C(C1CCN(CC1)c2nnc(s2)n3cccc3)N4CCc5ccccc5C4,3.7,c12ccccc1CCN(C(=O)C1CCN(c3sc(-n4cccc4)nn3)CC1)C2,B~A{ArAAD{AAr}asdda{es}dtaaaat}DuAAavaaaaavAu,13.33333333333333
CHEMBL96076,COc1ccc(CN2CCc3c(C2)[nH]c4ccccc34)cc1OC,3.1,c12[nH]c3ccccc3c1CCN(Cc1cc(OC)c(OC)cc1)C2,ABaraaa{ADsAAata{As}{dQ}auaaaaatu}aarBA,23.333333333333332
CHEMBL503732,CNC1=Nc2ncccc2C(=NC1c3cccs3)c4cccs4,2.63,c1cnc2c(c1)C(c1sccc1)=NC(c1cccs1)C(NC)=N2,ADAr~DasdaaaasA{~DArataaaet}auaaaeu,31.166666666666668
CHEMBL1431112,Clc1ccc2NC(=O)CN(C(c3ccccc3)c2c1)C(=O)c4occc4,3.0,o1c(C(N2CC(=O)Nc3ccc(Cl)cc3C2c2ccccc2)=O)ccc1,ZaraaasDA{~B}AD{A{ataaaaat}asar}A{~B}aubaaau,25.0
CHEMBL474829,CC(C)CNc1nc(nc(NC2CCS(=O)(=O)C2)c1N)C#N,2.3,C1S(=O)(=O)CC(Nc2nc(C#N)nc(NCC(C)C)c2N)C1,AA{A}ADarda{da{DAsAAE{~B}{~B}As}arD}A^D,36.66666666666667
CHEMBL2088115,Cn1cc(nc1c2c3C(=O)N(CC#C)C(=O)N(CC4CC4)c3nn2Cc5ccnc6ccc(Cl)cc56)C#N,3.4,c1(Cl)cc2c(Cn3c(-c4nc(C#N)cn4C)c4c(=O)n(CC#C)c(=O)n(CC5CC5)c4n3)ccnc2cc1,Adraa{darasatA{~B}D{AA^A}A{~B}D{AAuAAu}atddsAavaadawaaa{Z}aavw}A^D,18.333333333333336
CHEMBL1809204,COc1cc(ccc1Nc2ncc(Cl)c(n2)c3cnc4cc(F)ccn34)N5CCN(CC5)C(=O)C,3.7,n1c(-c2n3c(nc2)cc(F)cc3)c(Cl)cnc1Nc1c(OC)cc(N2CCN(C(=O)C)CC2)cc1,ABaraa{aaarDasdaa{Z}a{ds}atadauaa{G}aadtu}DvAAD{AAv}A{~B}A,13.33333333333333
CHEMBL1796298,O[C@]1(CN2CCC1CC2)C#Cc3ccc(Oc4ccc(cc4)C(=O)NCc5ccncn5)cc3,1.78,C1[C@@](O)(C#Cc2ccc(Oc3ccc(C(=O)NCc4ccncn4)cc3)cc2)C2CCN1CC2,B{A*}r{ADsAAArAAs}A^Aataaa{Bauaaa{aau}A{~B}DAavaadadv}aat,45.333333333333336
CHEMBL2335878,CN(C)CCNC(=O)c1ccc(Nc2ncc3cc(ccc3n2)c4ccncc4)cc1,2.29,n1c(Nc2ccc(C(=O)NCCN(C)C)cc2)nc2c(c1)cc(-c1ccncc1)cc2,AD{A}AADA{~B}araaa{Dasdaataa{aaatds}auaadaau}aar,36.833333333333336
CHEMBL487274,CC1=CC2=NNC(=O)N2c3ccccc13,2.35,c12c(C)cc3n(c(=O)[nH]n3)c1cccc2,AAr~AAs~DDA{~B}Dsataaaaart,35.833333333333336
CHEMBL1977402,Cc1cc(c(S)cc1Cl)S(=O)(=O)Nc2nc(Nc3ccc(Cl)cc3)n[nH]2,2.09,N(S(=O)(c1c(S)cc(Cl)c(C)c1)=O)c1nc(Nc2ccc(Cl)cc2)n[nH]1,Aaraa{a{E}aarZ}E{~B}{~B}Dasda{Dataaa{Z}aat}d{dQ}s,40.166666666666664
CHEMBL2179281,CCCCC[C@@H](N1CCC[C@@H](C1)N2C=C(C)C(=O)NC2=O)c3ccc(C(=O)O)c(Oc4cccc(Br)c4)c3,1.69,c1([C@@H](CCCCC)N2C[C@@H](n3c(=O)[nH]c(=O)c(C)c3)CCC2)cc(Oc2cccc(Br)c2)c(C(=O)O)cc1,AAAAA{A**Q}{DrAAA{A**Q}{Ar}DsA~A{A}A{~B}DAs~B}ataaa{A{~B}B}a{Bauaaaa{Y}au}at,46.833333333333336
CHEMBL1829249,CCC(N(CCCN)C(=O)c1ccc(C)cc1)C2=Nc3ccsc3C(=O)N2Cc4ccc(Cl)cc4,2.32,c1(C(N(C(=O)c2ccc(C)cc2)CCCN)CC)nc2ccsc2c(=O)n1Cc1ccc(Cl)cc1,AAA{D{AAAD}A{~B}araaa{A}aar}As~DataaeatA{~B}DsAauaaa{Z}aau,36.333333333333336
CHEMBL779,CN1CC(=O)N2[C@H](Cc3c([nH]c4ccccc34)[C@H]2c5ccc6OCOc6c5)C1=O,2.6,c1ccc2c3c([nH]c2c1)[C@@H](c1cc2c(cc1)OCO2)N1C(=O)CN(C)C(=O)[C@H]1C3,ADrAA{~B}Ds{A*Q}{Aata{{dQ}auaaaaatu}{A*Q}savaaawBABawav}Ar~B,31.666666666666668
CHEMBL1916266,CCC(CC)NC(=O)c1cnn(c1NS(=O)(=O)c2ccc(C)cc2)c3ccccn3,0.27,c1(S(Nc2c(C(NC(CC)CC)=O)cnn2-c2ccccn2)(=O)=O)ccc(C)cc1,AAA{AA}DA{~B}aradd{arDE{~B}{~B}asaaa{A}aas}ataaaadt,70.50000000000001
CHEMBL1330968,CC1=C(OCc2ccccc2)C(=O)C=CO1,1.87,c1(=O)ccoc(C)c1OCc1ccccc1,AAr~A{BAasaaaaas}A{~B}A~ABr,43.833333333333336
CHEMBL1372682,O=C(CC12CC3CC(CC(C3)C1)C2)Nc4cccc5ncccc45,3.83,C12CC3CC(CC(=O)Nc4c5c(nccc5)ccc4)(C1)CC(C2)C3,B~A{AArsAAtAA{AA{At}Ar}As}Dauaaaavdaaaauv,11.166666666666666
CHEMBL50627,O=C1C(=O)c2cccnc2c3ccccc13,1.88,c12c(cccc1)-c1c(cccn1)C(=O)C2=O,B~ArA{~B}asaaadasataaaaart,43.666666666666664
CHEMBL980,COc1ccccc1OCC(O)CO,0.24,c1c(OC)c(OCC(CO)O)ccc1,ABaraaaaarBAA{B}AB,71.0
CHEMBL2011920,CNc1c(Br)cnc2[nH]c(nc12)c3cnn(c3)C4CCN(C)CC4,2.5,C1(n2ncc(-c3nc4c(NC)c(Br)cnc4[nH]3)c2)CCN(C)CC1,ADara{Y}adas{dQ}a{dars}atadd{at}AuAAD{A}AAu,33.333333333333336
CHEMBL180966,CN(CC[C@@H](Oc1ccc(cc1)c2ccccc2)c3ccc(F)cc3)CC(=O)O,2.86,c1c(O[C@H](CCN(C)CC(=O)O)c2ccc(F)cc2)ccc(-c2ccccc2)c1,AD{AA{A**Q}{Baraaa{aar}asaaaaas}ataaa{G}aat}AA{~B}B,27.333333333333332
CHEMBL622,CCc1cccc2c3CCOC(CC)(CC(=O)O)c3[nH]c12,0.49,c1ccc2c([nH]c3c2CCOC3(CC(O)=O)CC)c1CC,AAaraaaasatAABA{AA}{AA{~B}B}at{dQ}ars,66.83333333333333
CHEMBL1094168,CS(=O)(=O)c1ccc(cc1)[C@H](CC2CCCC2)C(=O)Nc3nccs3,3.88,[C@@H](CC1CCCC1)(C(Nc1sccn1)=O)c1ccc(S(=O)(=O)C)cc1,AE{~B}{~B}araaa{aar}{A*Q}{AAsAAAAs}A{~B}Datdaaet,10.333333333333336
CHEMBL273575,CN1CC(c2ccccc2)c3cccc(N)c3C1,2.08,c1ccc(N)c2c1C(c1ccccc1)CN(C)C2,ADrAA{asaaaaas}ataaaa{D}atAr,40.333333333333336
CHEMBL99737,Nc1cccc(NC(=O)c2ccc(CNC(=O)OCc3cccnc3)cc2)c1,1.6,O=C(c1ccc(CNC(OCc2cnccc2)=O)cc1)Nc1cccc(N)c1,Daraaaa{DA{~B}asaaa{ADA{~B}BAataaadat}aas}ar,48.333333333333336
CHEMBL2177602,CCc1c(cnn1c2ccc(cc2)C(=O)O)C(=O)NC3C4CC5CC(CC3C5)C4,0.9,C1C2CC3CC(C2)CC1C3NC(=O)c1cnn(-c2ccc(C(O)=O)cc2)c1CC,AAara{addrasaaa{aas}A{~B}B}A{~B}DAtAuAAvAA{AAtAv}Au,60.0
CHEMBL894,CC(NC(C)(C)C)C(=O)c1cccc(Cl)c1,2.12,C(C)(C)(NC(C(c1cccc(Cl)c1)=O)C)C,AA{DA{A}{A}A}A{~B}araaaa{Z}ar,39.666666666666664
CHEMBL2153183,CCCSc1nc(N[C@@H]2CC[C@H](CC2)C(=O)O)ccc1C(=O)NC3CCCCC3,2.02,C(C)CSc1c(C(NC2CCCCC2)=O)ccc(N[C@H]2CC[C@H](C(=O)O)CC2)n1,AAAEarda{D{A**Q}sAA{A*Q}{AAs}A{~B}B}aaarA{~B}DAtAAAAAt,41.333333333333336
CHEMBL263664,NC1(Cc2ccc(Cl)cc2)CCN(CC1)c3ncnc4[nH]ccc34,2.72,c12c(ncnc1N1CCC(Cc3ccc(Cl)cc3)(N)CC1)[nH]cc2,DAr{Aasaaa{Z}aas}AAD{AAr}atdadau{dQ}aaatu,29.66666666666666
CHEMBL56261,CC(C)CCCC(C)\N=C\1/C=CN(Cc2ccccc2)c3cc(Cl)ccc13,1.58,c1cc(Cn2c3c(ccc(Cl)c3)/c(=N/C(C)CCCC(C)C)cc2)ccc1,AA{A}AAAA{A}!D~A!r|A~AD{Aasaaaaas}ataa{Z}aaart,48.666666666666664
CHEMBL1442864,CC1=CC(=O)Oc2c3CCCNc3c(C)cc12,2.9,C1CCc2c(c(C)cc3c2oc(=O)cc3C)N1,AAr~AA{~B}BasatAAAData{A}aars,26.666666666666668
CHEMBL2180037,CC#Cc1cncc(c1)c2cccc(c2)C3(N=C(C)C(=N3)N)C4CC4,3.3,C(C)#Cc1cncc(-c2cc(C3(C4CC4)N=C(N)C(C)=N3)ccc2)c1,AA^Aaradaa{ar}asaaaa{as}At{D~A{A}A{~Dt}D}AuAAu,20.000000000000004
CHEMBL2087620,CN1C(=O)N(CC2CC2)c3nn(Cc4ccnc5ccc(Cl)cc45)c(c6cncn6C)c3C1=O,2.69,c1(-c2cncn2C)c2c(=O)n(C)c(=O)n(CC3CC3)c2nn1Cc1c2c(ncc1)ccc(Cl)c2,ADrA{~B}D{AAsAAs}atdd{Aauaadavaaa{Z}aauv}a{awadadwA}atAr~B,30.166666666666668
CHEMBL1288164,NC(=O)c1cnc(N[C@H]2CCCNC2)c3cc(sc13)c4ccc(F)cc4,2.01,C1NCCC[C@@H]1Nc1c2c(c(C(N)=O)cn1)sc(-c1ccc(F)cc1)c2,DA{~B}arada{D{A*Q}sAAADAs}ataa{eart}auaaa{G}aau,41.50000000000001
CHEMBL1917423,Cc1c(Sc2ccc(Cl)cc2)c3cccc(Cl)c3n1CC(=O)O,2.0,c1cc2c(Sc3ccc(Cl)cc3)c(C)n(CC(O)=O)c2c(Cl)c1,Aara{Easaaa{Z}aas}ataaaa{Z}atdrAA{~B}B,41.666666666666664
CHEMBL1490,OC(CCN1CCCCC1)(C2CCCCC2)c3ccccc3,2.68,N1(CCC(c2ccccc2)(C2CCCCC2)O)CCCCC1,BA{AADrAAAAAr}{AsAAAAAs}ataaaaat,30.33333333333333
CHEMBL1289113,Fc1ccc(N2CCN(CC2)C(=O)COCc3ccncc3)c(Cl)c1,2.63,c1(F)ccc(N2CCN(C(=O)COCc3ccncc3)CC2)c(Cl)c1,Garaaa{DsAAD{AAs}A{~B}ABAataadaat}a{Z}ar,31.166666666666668
CHEMBL1778992,COc1cc(F)ccc1c2cncc(CNC[C@@H]3CCCO3)n2,2.0,c1c(CNC[C@H]2OCCC2)nc(-c2ccc(F)cc2OC)cn1,ABaraa{G}aaarasadaa{ADA{A**Q}tAAABt}ds,41.666666666666664
CHEMBL66089,Nc1ncnc2nc(cc(c3cccc(Br)c3)c12)c4ccc(nc4)N5CCOCC5,3.2,c1(-c2cc(-c3ccc(N4CCOCC4)nc3)nc3c2c(N)ncn3)cccc(Br)c1,Dardadasda{aa{ataaaa{Y}at}ars}auaaa{dau}DvAABAAv,21.66666666666666
CHEMBL365123,CC1=CN(Cc2ccccc2)C(=O)NC1=O,1.19,[nH]1c(=O)n(Cc2ccccc2)cc(C)c1=O,AAr~AD{Aasaaaaas}A{~B}DAr~B,55.166666666666664
CHEMBL235619,CCCCCC1=CC(=O)NC(=N1)N,1.62,c1(N)[nH]c(=O)cc(CCCCC)n1,AAAAAAr~AA{~B}DA{~Dr}D,48.0
CHEMBL1916285,C[C@H](NC(=O)c1c(C)nn(c1NS(=O)(=O)c2cccc(CN3CCOCC3)c2)c4ccccc4)C(C)(C)C,0.29,O=S(Nc1n(-c2ccccc2)nc(C)c1C(N[C@@H](C)C(C)(C)C)=O)(c1cccc(CN2CCOCC2)c1)=O,A{A*Q}{DA{~B}ara{A}dd{arDE{~B}{~B}asaaaa{ADtAABAAt}as}auaaaaau}A{A}{A}A,70.16666666666667
CHEMBL388335,Clc1ccc2C(=O)C3=C(Nc2c1)C(=O)NN(Cc4cocc4)C3=O,0.6,c1c(Cl)ccc2c1[nH]c1c(=O)[nH]n(Cc3cocc3)c(=O)c1c2=O,ZaraaasA{~B}At~A{Dasar}A{~B}DD{Aauabaau}At~B,65.0
CHEMBL1682827,O=C1CCOc2nc(COc3ccccc3)ccc12,2.3,c1c(COc2ccccc2)nc2c(c1)C(=O)CCO2,B~ArAABasda{ABataaaaat}aaars,36.66666666666667
CHEMBL1599290,Nc1nc2ccccc2n1C(=O)c3ccccc3,1.56,c1c(C(n2c(N)nc3ccccc23)=O)cccc1,DardasaaaaasdrA{~B}ataaaaat,49.0
CHEMBL379866,CC(C)c1nnc2ccc(cn12)c3ocnc3c4cc(F)ccc4F,2.44,CC(C)c1nnc2ccc(-c3ocnc3-c3cc(F)ccc3F)cn21,AA{A}arddasaaa{adrs}atbadatauaa{G}aaauG,34.333333333333336
CHEMBL157101,CC(=O)N1CCN(CC1)c2ccc(OCC3COC(Cn4ccnc4)(O3)c5ccc(Cl)cc5Cl)cc2,3.7,O(CC1OC(c2ccc(Cl)cc2Cl)(Cn2ccnc2)OC1)c1ccc(N2CCN(C(=O)C)CC2)cc1,AA{~B}DrAAD{AAr}asaaa{BAAtABA{Aduaadau}{Bt}avaaa{Z}aavZ}aas,13.33333333333333
CHEMBL2179296,CC1=CN([C@H]2CCCN(Cc3cccc(Oc4cccc(Br)c4)c3)C2)C(=O)NC1=O,3.68,Brc1cc(Oc2cc(CN3C[C@@H](n4cc(C)c(=O)[nH]c4=O)CCC3)ccc2)ccc1,AAr~AD{{A*Q}sAAAD{Aataaaa{Bauaaaa{Y}au}at}As}A{~B}DAr~B,13.666666666666664
CHEMBL1229592,COc1cc(ccc1Nc2ncc(Cl)c(Oc3cccc(NC(=O)C=C)c3)n2)N4CCN(C)CC4,3.9,c1ccc(NC(=O)C=C)cc1Oc1c(Cl)cnc(Nc2c(OC)cc(N3CCN(C)CC3)cc2)n1,ABaraa{aaarDasdaa{Z}a{Bataaaa{DA{~B}A~A}at}ds}DuAAD{A}AAu,10.000000000000002
CHEMBL379082,CCN(C1CCN(CC[C@H](c2ccc(cc2)S(=O)(=O)C)c3cccc(Cl)c3)CC1)C(=O)Cc4ccc(cc4)S(=O)(=O)C,2.37,c1(S(C)(=O)=O)ccc([C@H](c2cc(Cl)ccc2)CCN2CCC(N(CC)C(Cc3ccc(S(=O)(C)=O)cc3)=O)CC2)cc1,AAD{ArAAD{AA{A*Q}{asaaa{aas}E{~B}{~B}A}ataaaa{Z}at}AAr}A{~B}Aauaaa{aau}E{~B}{~B}A,35.5
CHEMBL2023474,CCn1cc(NC(=O)Cc2ccc(Oc3ccnc4cc(F)ccc34)cc2OC)cn1,3.93,c1nn(CC)cc1NC(Cc1c(OC)cc(Oc2ccnc3cc(F)ccc32)cc1)=O,AAdraa{DA{~B}Aasaaa{Bataadauaa{G}aaatu}aasBA}adr,9.499999999999998
CHEMBL1779019,COc1cc(F)ccc1c2cncc(CNC(=O)C3CC3)c2,2.9,c1(OC)c(-c2cncc(CNC(=O)C3CC3)c2)ccc(F)c1,ABaraa{G}aaarasadaa{ADA{~B}AtAAt}as,26.666666666666668
CHEMBL2087862,Cn1cc(cc1c2c3C(=O)N(CC=C)C(=O)N(CC4CC4)c3nn2Cc5ccnc6ccc(Cl)cc56)C#N,4.27,c1c(C#N)cn(C)c1-c1n(Cc2c3cc(Cl)ccc3ncc2)nc2c1c(=O)n(CC=C)c(=O)n2CC1CC1,Adraa{aarasatA{~B}D{AA~A}A{~B}D{AAuAAu}atddsAavaadawaaa{Z}aavw}A^D,3.8333333333333406
CHEMBL1078178,O=C(NCC#N)c1ccc(cc1)c2ccnc(Nc3ccc(cc3)N4CCOCC4)n2,2.37,N#CCNC(c1ccc(-c2ccnc(Nc3ccc(N4CCOCC4)cc3)n2)cc1)=O,B~A{DAA^D}araaa{aar}asaada{Dataaa{aat}DuAABAAu}ds,35.5
CHEMBL339212,CNC(=O)C1(CCN(CC[C@H](CN(C)C(=O)c2cc(cc3ccccc23)C#N)c4ccc(Cl)c(Cl)c4)CC1)N5CCCCC5=O,2.5,C1(=O)N(C2(C(=O)NC)CCN(CC[C@H](CN(C)C(=O)c3c4c(cc(C#N)c3)cccc4)c3cc(Cl)c(Cl)cc3)CC2)CCCC1,ADA{~B}Ar{AAD{AA{A*Q}{AD{A}A{~B}asaa{aataaaaast}A^D}auaaa{Z}a{Z}au}AAr}DvAAAAAv~B,33.333333333333336
CHEMBL552513,O[C@@H]1CNC[C@H]1N2C=Cc3c(NC(=O)Cc4ccc(F)c(c4)C(F)(F)F)cccc3C2=O,1.33,c1cc2c(NC(=O)Cc3cc(C(F)(F)F)c(F)cc3)cccc2c(=O)n1[C@H]1[C@H](O)CNC1,B{A**Q}rADA{A*Q}rDsA~Aata{DA{~B}Aauaaa{G}a{au}A{G}{G}G}aaaatAs~B,52.833333333333336
CHEMBL1766081,CC(C)OC(=O)N1CCC(CC1)Oc2ncnc(Oc3cccnc3C)c2C,3.8,c1(C)c(OC2CCN(C(=O)OC(C)C)CC2)ncnc1Oc1cccnc1C,AA{A}BA{~B}DrAAA{AAr}Basdada{BataaadatA}asA,11.66666666666667
CHEMBL655,Cc1ncc2CN=C(c3ccccc3F)c4cc(Cl)ccc4n12,3.4,c1(C2=NCc3n(c(C)nc3)-c3ccc(Cl)cc32)ccccc1F,AardaasAD~A{ataaaaatG}auaa{Z}aaaudrs,18.333333333333336
CHEMBL1951908,CCN(C1CCN(CC[C@H](C2CCN(CC2)S(=O)(=O)C(F)(F)F)c3ccccc3)CC1)C(=O)Cc4ccc(cc4)S(=O)(=O)C,3.39,C(N(C1CCN(CC[C@@H](c2ccccc2)C2CCN(S(C(F)(F)F)(=O)=O)CC2)CC1)C(Cc1ccc(S(=O)(=O)C)cc1)=O)C,AAD{ArAAD{AA{A*Q}{AsAAD{AAs}E{~B}{~B}A{G}{G}G}ataaaaat}AAr}A{~B}Aauaaa{aau}E{~B}{~B}A,18.499999999999996
CHEMBL592956,CN1C(=O)c2c(onc2c3ccncc3)C=C1c4ccccc4,3.17,c12onc(-c3ccncc3)c1c(=O)n(C)c(-c1ccccc1)c2,ADrA{~B}asa{bdasataadaat}A~Arauaaaaau,22.166666666666668
CHEMBL1604278,Cc1cc(N)n(n1)c2ccccc2,1.25,c1ccc(-n2c(N)cc(C)n2)cc1,Aaraa{D}d{dr}asaaaaas,54.166666666666664
CHEMBL2088118,Cn1cc(nc1c2c3C(=O)N(CC=C)C(=O)N(CC4CC4)c3nn2Cc5ccnc6ccc(Cl)cc56)C#N,3.92,n1(C)c(-c2c3c(n(CC4CC4)c(=O)n(CC=C)c3=O)nn2Cc2c3c(ncc2)ccc(Cl)c3)nc(C#N)c1,Adraa{darasatA{~B}D{AA~A}A{~B}D{AAuAAu}atddsAavaadawaaa{Z}aavw}A^D,9.666666666666668
CHEMBL1083943,OC(=O)C[C@H]1[C@@H](Cc2ccccc12)NC(=O)c3cc4cc(F)ccc4[nH]3,1.26,c12c(cccc1)C[C@@H](NC(=O)c1cc3c([nH]1)ccc(F)c3)[C@@H]2CC(=O)O,BA{~B}A{A*Q}r{A**Q}{Aasaaaaars}DA{~B}ataauaa{G}aaau{dQ}t,54.0
CHEMBL435,NS(=O)(=O)c1cc2c(NCNS2(=O)=O)cc1Cl,-0.09,C1NS(=O)(=O)c2c(cc(Cl)c(S(=O)(=O)N)c2)N1,DE{~B}{~B}araasa{DADEs{~B}~B}aarZ,76.5
CHEMBL1623850,CC(=O)N1CCN(CC(O)COc2ccc(Br)cc2)CC1,1.6,c1cc(Br)ccc1OCC(O)CN1CCN(C(C)=O)CC1,AA{~B}DrAAD{AA{B}ABasaaa{Y}aas}AAr,48.333333333333336
CHEMBL1625198,Clc1ccc(cc1Cl)C2=CSC3=NCCN23,1.54,C1=C(c2cc(Cl)c(Cl)cc2)N2C(=NCC2)S1,Zaraaa{aarZ}As~AEAt~DAADst,49.333333333333336
CHEMBL1209738,O=S(=O)(NCC(N1CCCCCC1)c2ccccc2)c3ccc(cc3)C#N,2.86,C1CCN(C(CNS(c2ccc(C#N)cc2)(=O)=O)c2ccccc2)CCC1,B~E{~B}{DAA{DrAAAAAAr}asaaaaas}ataaa{aat}A^D,27.333333333333332
CHEMBL1682793,O=C1C=CN=C2C=C(C=CN12)C#Cc3ccccc3,2.9,c1(C#Cc2cc3nccc(=O)n3cc2)ccccc1,B~ArA~AD~AsA~A{A~ADrs}A^Aataaaaat,26.666666666666668
CHEMBL1916544,COc1ncc2N=CC(=O)N(CCN3CCC(CC3)NCc4cc5OCCOc5cn4)c2n1,-0.14,c12c(cc(CNC3CCN(CCn4c(=O)cnc5cnc(OC)nc45)CC3)nc1)OCCO2,ABardaasD~AA{~B}D{AADtAAA{AAt}DAauaavBAABavadu}asdr,77.33333333333333
CHEMBL217620,CC(C)N(C(C)C)C(=O)C(C(CNC(=O)NCc1ccccc1F)c2ccccc2)c3cccnc3,4.2,N(C(C)C)(C(C)C)C(=O)C(c1cnccc1)C(CNC(=O)NCc1ccccc1F)c1ccccc1,AA{A}D{A{A}A}A{~B}A{A{ADA{~B}DAaraaaaarG}asaaaaas}ataaadat,4.999999999999997
CHEMBL236859,Cc1sc(CN2CCNCC2)cc1C(=O)NCC34CC5CC(CC(C5)C3)C4,2.55,O=C(NCC12CC3CC(C1)CC(C3)C2)c1c(C)sc(CN2CCNCC2)c1,Aarea{ADsAADAAs}aarA{~B}DAAtuAAvAA{AA{Av}At}Au,32.50000000000001
CHEMBL29609,Cc1cc(CCCOc2c(C)cc(cc2C)c3noc(n3)C(F)(F)F)on1,3.63,o1nc(-c2cc(C)c(OCCCc3onc(C)c3)c(C)c2)nc1C(F)(F)F,Aaraa{AAABasa{A}aa{aasA}atdba{dt}A{G}{G}G}bdr,14.500000000000002
CHEMBL11403,CC(C)C(NC(=O)CN1C(=O)C(=CN=C1c2ccccc2)NC(=O)OCc3ccccc3)C(=O)C(F)(F)F,2.12,c1cc(COC(=O)Nc2cnc(-c3ccccc3)n(CC(=O)NC(C(=O)C(F)(F)F)C(C)C)c2=O)ccc1,AA{A}A{DA{~B}ADrA{~B}A{~AD~Arasaaaaas}DA{~B}BAataaaaat}A{~B}A{G}{G}G,39.666666666666664
CHEMBL188167,COc1cc2ncnc(Nc3cc(NC(=O)c4ccnc(c4)N5CCOCC5)ccc3C)c2cc1OCCN6CCCCC6,3.35,C(Nc1cc(Nc2c3cc(OCCN4CCCCC4)c(OC)cc3ncn2)c(C)cc1)(c1cc(N2CCOCC2)ncc1)=O,ABaraasdada{Dataa{DA{~B}auaada{au}DvAABAAv}aaatA}asaarBAADwAAAAAw,19.166666666666664
CHEMBL1224138,NC(=O)c1cncc(O[C@H]2C[C@H]3CC[C@@H](C2)N3Cc4ccccc4)n1,1.1,O([C@H]1C[C@H]2CC[C@@H](C1)N2Cc1ccccc1)c1nc(C(=O)N)cnc1,DA{~B}aradaa{B{A*Q}sA{A*Q}tAA{A**Q}{As}DtAauaaaaau}dr,56.666666666666664
CHEMBL521262,COc1cc2c(Nc3cccc(Cl)c3Cl)c(cnc2cc1NCCN(C)C)C(=O)N,3.41,c1ccc(Cl)c(Cl)c1Nc1c2cc(OC)c(NCCN(C)C)cc2ncc1C(=O)N,ABaraasa{Dataaaa{Z}atZ}a{adasaarDAAD{A}A}A{~B}D,18.166666666666664
CHEMBL1698351,CN1C(C(=O)Nc2ncc(C)s2)C(=O)c3ccccc3S1(=O)=O,0.3,CN1C(C(=O)Nc2ncc(C)s2)C(=O)c2c(cccc2)S1(=O)=O,ADrA{A{~B}Dasdaa{A}es}A{~B}ataaaaatEr{~B}~B,70.0
CHEMBL2179665,CC1=CN([C@H]2CCCN(Cc3ccc(C(=O)O)c(Oc4cccc(Cl)c4)c3)C2)C(=O)NC1=O,-0.55,C1N(Cc2cc(Oc3cc(Cl)ccc3)c(C(=O)O)cc2)C[C@@H](n2c(=O)[nH]c(=O)c(C)c2)CC1,AAr~AD{{A*Q}sAAAD{Aataaa{A{~B}B}a{Bauaaaa{Z}au}at}As}A{~B}DAr~B,84.16666666666667
CHEMBL437765,CO[C@H]1\C=C\O[C@@]2(C)Oc3c(C)c(O)c4c(O)c(NC(=O)\C(=C/C=C/[C@H](C)[C@H](O)[C@@H](C)[C@@H](O)[C@@H](C)[C@H](OC(=O)C)[C@@H]1C)\C)cc(O)c4c3C2=O,1.19,Oc1cc2c(O)c3c(O)c(C)c4c(c31)C(=O)[C@@](C)(O/C=C/[C@H](OC)[C@@H](C)[C@@H](OC(C)=O)[C@H](C)[C@H](O)[C@H](C)[C@@H](O)[C@@H](C)/C=C/C=C(/C)C(=O)N2)O4,AB{A*Q}r!A~A!B{A**}s{A}Bata{A}a{B}aua{B}a{DA{~B}!A{~A|A~A|{A*Q}{A}{A*Q}{B}{A**Q}{A}{A**Q}{B}{A**Q}{A}{A*Q}{BA{~B}A}{A**Q}rA}!A}aa{B}auatAs~B,55.166666666666664
CHEMBL826,CCN1C=C(C(=O)O)C(=O)c2cc(F)c(nc12)N3CCNCC3,-0.83,c1(C(=O)O)cn(CC)c2nc(N3CCNCC3)c(F)cc2c1=O,AADrA~A{A{~B}B}A{~B}asaa{G}a{dars}DtAADAAt,88.83333333333333
CHEMBL251290,COc1ccc2c(C)cc(N[C@H]3CC[C@@H](C3)NCc4cn(C)c5ccccc45)nc2c1,2.53,c12c(cccc1)c(CN[C@H]1CC[C@H](Nc3nc4c(ccc(OC)c4)c(C)c3)C1)cn2C,ABaraaasa{A}aa{D{A*Q}tAA{A**Q}{At}DAauad{A}avaaaaauv}dasar,32.833333333333336
CHEMBL2334575,Cc1ccn2c(c(C)nc2c1)c3ccnc(N)n3,2.39,n1c(N)nccc1-c1n2ccc(C)cc2nc1C,Aaraadsa{a{A}dasar}ataada{D}dt,35.166666666666664
CHEMBL142653,Cc1cc2NC(=O)C(=CC(=O)c2cc1C)O,1.99,O=c1c2cc(C)c(C)cc2[nH]c(=O)c(O)c1,AaraasDA{~B}A{~AA{~B}asaarA}B,41.83333333333333
CHEMBL224195,COc1cc(N2CCCN(C)CC2)c3NC(=CC(=O)c3c1)C(=O)Nc4ccc(cc4)N5CCOCC5,2.1,c1c(C(Nc2ccc(N3CCOCC3)cc2)=O)[nH]c2c(N3CCCN(C)CC3)cc(OC)cc2c1=O,ABaraa{DsAAAD{A}AAs}atDA{~AA{~B}atar}A{~B}Dauaaa{aau}DvAABAAv,40.0
CHEMBL2325703,CC(C)(c1cc(nc(n1)c2cccc3[nH]ccc23)N4CCOCC4)S(=O)(=O)C,2.65,C1N(c2cc(C(C)(C)S(=O)(C)=O)nc(-c3cccc4[nH]ccc43)n2)CCOC1,AA{A}{araa{da{dr}asaaaat{dQ}aaast}DuAABAAu}E{~B}{~B}A,30.833333333333332
CHEMBL366947,CC(C)(C)OC(=O)c1ncn2c1[C@@H]3CCCN3C(=O)c4c(Br)cccc24,2.48,CC(OC(=O)c1ncn2c1[C@H]1N(CCC1)C(=O)c1c-2cccc1Br)(C)C,AA{A}{A}BA{~B}ardadsar{A**Q}tAAADtA{~B}aua{Y}aaaasu,33.666666666666664
CHEMBL127907,COc1cc2ncnc(Nc3cccc(O)c3)c2cc1OC,2.6,c1c(OC)c(OC)cc2ncnc(Nc3cccc(O)c3)c12,ABaraasdada{Dataaaa{B}at}asaarBA,31.666666666666668
CHEMBL1682945,CC[C@H](NC(=O)c1c(CC[S+](C)[O-])c(nc2ccccc12)c3ccccc3)c4ccccc4,3.15,c1cccc(-c2c(CC[S+]([O-])C)c(C(N[C@H](c3ccccc3)CC)=O)c3ccccc3n2)c1,AA{A*Q}{DA{~B}ara{AA{E%}{A}{B_}}a{dasaaaaars}ataaaaat}auaaaaau,22.5
CHEMBL1778645,CCS(=O)(=O)c1ccc(c(C)c1)c2cc(Cl)ccc2OCC(=O)O,-0.65,Cc1c(-c2cc(Cl)ccc2OCC(=O)O)ccc(S(=O)(CC)=O)c1,AAE{~B}{~B}araaa{a{A}ar}asaa{Z}aaasBAA{~B}B,85.83333333333333
CHEMBL2036567,Fc1ccccc1Nc2oc(nn2)C(=O)Nc3ccc(cc3)N4CCOCC4,3.05,N1(c2ccc(NC(=O)c3nnc(Nc4ccccc4F)o3)cc2)CCOCC1,GaraaaaarDasba{dds}A{~B}Dataaa{aat}DuAABAAu,24.16666666666667
CHEMBL2094354,Nc1ccc2c(c1)C(=O)C(=O)c3cc(N)ccc23,1.72,c1(N)cc2c(cc1)-c1c(cc(N)cc1)C(=O)C2=O,Daraaasa{ar}A{~B}A{~B}ataa{D}aaast,46.333333333333336
CHEMBL1682832,COC(=O)N1CCOc2cc(COc3ccccc3)cnc12,2.5,c1ccc(OCc2cc3c(nc2)N(C(=O)OC)CCO3)cc1,ABA{~B}DrAABasaa{ABataaaaat}adars,33.333333333333336
CHEMBL304354,CC(C)C(NC(=O)CN1C(=O)C(=CC=C1c2ccccc2)NS(=O)(=O)c3ccccc3)C(=O)C(F)(F)F,2.26,O=C(C(NC(Cn1c(=O)c(NS(c2ccccc2)(=O)=O)ccc1-c1ccccc1)=O)C(C)C)C(F)(F)F,AA{A}A{DA{~B}ADrA{~B}A{~AA~Arasaaaaas}DE{~B}{~B}ataaaaat}A{~B}A{G}{G}G,37.333333333333336
CHEMBL2048866,N[C@@H]1CCCN(C1)c2c(Cl)cccc2\C=C\3/SC(=O)NC3=O,1.97,C(\c1c(N2C[C@H](N)CCC2)c(Cl)ccc1)=C1\SC(=O)NC1=O,D{A**Q}rAAAD{Ar}asa{Z}aaaas!A~A!t|EA{~B}DAt~B,42.16666666666667
CHEMBL1682949,CC[C@H](NC(=O)c1c([S+](C)[O-])c(nc2ccccc12)c3cccs3)c4ccccc4,3.56,c12c(cccc1)nc(-c1sccc1)c([S+](C)[O-])c2C(N[C@H](c1ccccc1)CC)=O,AA{A*Q}{DA{~B}ara{{E%}{A}{B_}}a{dasaaaaars}ataaaet}auaaaaau,15.666666666666666
CHEMBL1946019,CCN(C)C(=O)c1ccc(cc1)C(=C2CCN(Cc3ccc(F)cc3)CC2)c4ccccc4NC(=O)C,2.79,c1c(CN2CCC(=C(c3ccc(C(=O)N(C)CC)cc3)c3c(NC(=O)C)cccc3)CC2)ccc(F)c1,AAD{A}A{~B}araaa{aar}A{~AsAAD{Aataaa{G}aat}AAs}auaaaaauDA{~B}A,28.5
CHEMBL451570,Nc1nccc(n1)c2cc3C(=O)NC[C@@H](CCF)c3[nH]2,0.51,c1c(-c2nc(N)ncc2)[nH]c2c1C(=O)NC[C@H]2CCF,Dardaaa{dr}asaatA{~B}DA{A**Q}{AAG}at{dQ}s,66.5
CHEMBL1017,CCCc1nc2c(C)cc(cc2n1Cc3ccc(cc3)c4ccccc4C(=O)O)c5nc6ccccc6n5C,2.21,c1cc(-c2ccc(Cn3c(CCC)nc4c(C)cc(-c5nc6c(cccc6)n5C)cc43)cc2)c(C(=O)O)cc1,AAAardasa{A}aa{aasdrAataaa{aat}auaaaaauA{~B}B}avdawaaaaawdvA,38.166666666666664
CHEMBL522505,COc1ccc2nccc([C@@H](O)[C@@H]3C[C@H]4CCN3C[C@@H]4C=C)c2c1,2.26,N12CC[C@@H]([C@@H](C=C)C1)C[C@H]2[C@@H](c1ccnc2ccc(OC)cc12)O,ABaraaasdaaa{{A**Q}{B}{A**Q}tA{A*Q}uAADtA{A**Q}uA~A}asar,37.333333333333336
CHEMBL69023,FC(F)(F)c1ccc(cc1)S(=O)(=O)N2CCN(CC2)C(=O)N3CCN(CC3)c4ccncc4Cl,3.54,O=S(c1ccc(C(F)(F)F)cc1)(=O)N1CCN(C(=O)N2CCN(c3c(Cl)cncc3)CC2)CC1,GA{G}{G}araaa{aar}E{~B}{~B}DsAAD{AAs}A{~B}DtAAD{AAt}auaadaauZ,16.0
CHEMBL397688,OCC(CO)CN1C(=O)C(Cc2ccccc12)NC(=O)c3cc4cc(Cl)sc4[nH]3,3.56,O=C(c1[nH]c2c(cc(Cl)s2)c1)NC1Cc2ccccc2N(CC(CO)CO)C1=O,BAA{AB}ADrA{~B}A{Aasaaaaars}DA{~B}ataauaa{Z}eau{dQ}t,15.666666666666666
CHEMBL539163,Cn1c(ccc1c2ccc3NC(=S)OC(C)(C)c3c2)C#N,3.4,c1cc(C#N)n(C)c1-c1ccc2c(c1)C(C)(C)OC(=S)N2,Adra{aaarasaaatDA{~E}BA{A}{A}atas}A^D,18.333333333333336
CHEMBL61835,CS(=O)(=O)c1ccc(c[n+]1[O-])C(=O)Nc2ccc(F)cc2,0.84,c1c(F)ccc(NC(c2c[n+]([O-])c(S(=O)(C)=O)cc2)=O)c1,AE{~B}{~B}araaa{a{d%}r{B_}}A{~B}Dasaaa{G}aas,61.0
CHEMBL2348176,Nc1nccc(n1)n2ccc3ccccc23,2.71,Nc1nc(-n2ccc3ccccc32)ccn1,Dardaaa{dr}dsaaataaaaast,29.833333333333332
CHEMBL1951902,CCN(C1CCN(CCC(N2CCC(CC2)C(=O)C)c3ccccc3)CC1)C(=O)Cc4ccc(cc4)S(=O)(=O)C,0.9,C(N1CCC(C(C)=O)CC1)(CCN1CCC(N(CC)C(Cc2ccc(S(=O)(=O)C)cc2)=O)CC1)c1ccccc1,AAD{ArAAD{AAA{DsAAA{AAs}A{~B}A}ataaaaat}AAr}A{~B}Aauaaa{aau}E{~B}{~B}A,60.0
CHEMBL1939737,CCN(CC)C(=O)c1ccc(cc1)[C@@H](N2CCN(Cc3ccc(F)cc3)CC2)c4cccc(NC(=O)C5CC5)c4,3.99,[C@@H](c1cc(NC(=O)C2CC2)ccc1)(N1CCN(Cc2ccc(F)cc2)CC1)c1ccc(C(N(CC)CC)=O)cc1,AAD{AA}A{~B}araaa{aar}{A**Q}{DsAAD{Aataaa{G}aat}AAs}auaaaa{DA{~B}AvAAv}au,8.499999999999996
CHEMBL2172782,CC(C)Cc1ccc(cc1)C(C)C(=O)NS(=O)(=O)C,0.78,C(Cc1ccc(C(C(=O)NS(=O)(C)=O)C)cc1)(C)C,AA{A}Aaraaa{aar}A{A}A{~B}DE{~B}{~B}A,62.0
CHEMBL115125,Cc1cc(NC(=O)c2ccccc2)n[nH]1,1.75,c1ccc(C(Nc2cc(C)[nH]n2)=O)cc1,Aaraa{DA{~B}asaaaaas}d{dQ}r,45.833333333333336
CHEMBL256668,C[C@H](CO)Nc1nc(SCc2cccc(F)c2F)nc3NC(=O)C=Nc13,3.1,c1(F)c(F)cccc1CSc1nc2[nH]c(=O)cnc2c(N[C@H](C)CO)n1,A{A*Q}{AB}Darda{EAasaaaa{G}asG}datDA{~B}A~Dart,23.333333333333332
CHEMBL2179278,CC1=CN([C@H]2CCCN(C2)[C@@H](CC(C)(C)C)c3ccc(C(=O)O)c(Oc4cccc(Br)c4)c3)C(=O)NC1=O,1.12,c1(Oc2cc(Br)ccc2)cc([C@H](CC(C)(C)C)N2CCC[C@H](n3c(=O)[nH]c(=O)c(C)c3)C2)ccc1C(=O)O,AAr~AD{{A*Q}sAAAD{As}{A**Q}{AA{A}{A}A}ataaa{A{~B}B}a{Bauaaaa{Y}au}at}A{~B}DAr~B,56.333333333333336
CHEMBL1730736,CC(C)(NC(=O)c1sccc1Oc2ccc(F)cc2[N+](=O)[O-])C#C,3.0,c1c(Oc2c([N+](=O)[O-])cc(F)cc2)c(C(NC(C#C)(C)C)=O)sc1,AA{A}{DA{~B}areaaarBasaaa{G}aas{D%}{~B}{B_}}A^A,25.0
CHEMBL1327979,Nc1nc2nc(cc(n2n1)C(F)(F)F)c3cccs3,2.01,c1csc(-c2cc(C(F)(F)F)n3nc(N)nc3n2)c1,Dardasda{aa{dsdr}A{G}{G}G}ataaaet,41.50000000000001
CHEMBL480,Cc1c(OCC(F)(F)F)ccnc1C[S+]([O-])c2nc3ccccc3[nH]2,2.7,C([S+]([O-])c1[nH]c2ccccc2n1)c1nccc(OCC(F)(F)F)c1C,Aara{BAA{G}{G}G}aadarA{E%}{{B_}}asdataaaaat{dQ}s,29.999999999999996
CHEMBL2012856,NC1=CC2=NNC(=O)N2c3cc(ccc13)c4cccs4,3.26,c1c(-c2sccc2)ccc2c(N)cc3n(c(=O)[nH]n3)c12,DAr~AAs~DDA{~B}Dsataa{aaart}auaaaeu,20.66666666666667
CHEMBL2030560,Nc1nc2ccc(cc2[nH]1)C(=O)c3ccccc3,2.29,Nc1nc2c([nH]1)cc(C(=O)c1ccccc1)cc2,Dardasaaa{aas{dQ}r}A{~B}ataaaaat,36.833333333333336
CHEMBL888,NC1=NC(=O)N(C=C1)[C@@H]2O[C@H](CO)[C@@H](O)C2(F)F,-1.5,O1[C@H](CO)[C@@H](O)C(F)(F)[C@@H]1n1c(=O)nc(N)cc1,DAr~DA{~B}D{A~Ar}{A**Q}sB{A*Q}{AB}{A**Q}{B}As{G}G,100.0
CHEMBL513192,CN1C=C(C(=O)c2c(O)cc(O)cc12)c3ccc(O)cc3,2.2,Oc1cc(O)c2c(=O)c(-c3ccc(O)cc3)cn(C)c2c1,ADrA~A{A{~B}asa{B}aa{B}aars}ataaa{B}aat,38.33333333333333
CHEMBL165790,CC(C)Oc1ccc2C(=O)C(=COc2c1)c3ccccc3,4.07,c1ccc(-c2c(=O)c3ccc(OC(C)C)cc3oc2)cc1,AA{A}BaraaasA{~B}A{~ABasar}ataaaaat,7.166666666666662
CHEMBL1090090,NC(=O)N(c1ccc(C(=O)N)c(n1)c2ccc(F)cc2F)c3c(F)cccc3F,1.6,c1cc(N(c2c(F)cccc2F)C(N)=O)nc(-c2c(F)cc(F)cc2)c1C(N)=O,DA{~B}D{araaa{A{~B}D}a{dr}asaaa{G}aasG}ata{G}aaaatG,48.333333333333336
CHEMBL1783281,CCCNC(=O)c1nnc2c(cccc2c1N)c3cc(C)ccc3OC,3.99,c12cccc(-c3cc(C)ccc3OC)c1nnc(C(=O)NCCC)c2N,AAADA{~B}arddasa{aaaasarD}ataa{A}aaatBA,8.499999999999996
CHEMBL264961,CNC(=O)c1ccc(CN2CCC(CC2)c3ccc(cc3)C(=O)Nc4ccccc4N)cc1,1.99,C1(c2ccc(C(Nc3c(N)cccc3)=O)cc2)CCN(Cc2ccc(C(=O)NC)cc2)CC1,ADA{~B}araaa{ADsAAA{AAs}ataaa{aat}A{~B}DauaaaaauD}aar,41.83333333333333
CHEMBL1934418,C[C@H](NC(=O)c1c(C)nn(C2CCSCC2)c1NS(=O)(=O)c3ccc(C)cc3)C(C)(C)C,1.29,C1CSCCC1n1c(NS(c2ccc(C)cc2)(=O)=O)c(C(=O)N[C@@H](C)C(C)(C)C)c(C)n1,A{A*Q}{DA{~B}ara{A}dd{AsAAEAAs}arDE{~B}{~B}ataaa{A}aat}A{A}{A}A,53.5
CHEMBL550,CC[C@H]1[C@@H](Cc2cncn2C)COC1=O,-0.37,[C@@H]1(CC)C(=O)OC[C@@H]1Cc1n(C)cnc1,AA{A*Q}r{A**Q}{AasadadsA}ABAr~B,81.16666666666667
CHEMBL2012861,NC1=CC2=NNC(=O)N2c3cc(ccc13)c4ccc[nH]4,2.3,c12ccc(-c3[nH]ccc3)cc1n1c(=O)[nH]nc1cc2N,DAr~AAs~DDA{~B}Dsataa{aaart}auaaa{dQ}u,36.66666666666667
CHEMBL205092,CC(C)CN1C(=O)N(C)C(=O)c2c1sc(Cc3c[nH]c4ncccc34)c2C(=O)N5CC[C@@H](O)C5,1.71,c12ncccc1c(Cc1sc3c(c(=O)n(C)c(=O)n3CC(C)C)c1C(=O)N1C[C@H](O)CC1)c[nH]2,AA{A}ADrA{~B}D{A}A{~B}asarea{Aata{dQ}audaaaatu}asA{~B}DvAA{A**Q}{B}Av,46.5
CHEMBL2048869,CCOc1cccc(\C=C\2/SC(=O)NC2=O)c1N3CCC[C@@H](N)C3,1.86,O(CC)c1cccc(/C=C2\SC(=O)NC2=O)c1N1C[C@H](N)CCC1,AABaraaaa{!A~A!s|EA{~B}DAs~B}arDtAAA{A**Q}{D}At,43.99999999999999
CHEMBL2325705,CS(=O)(=O)C1(CCOCC1)c2cc(nc(n2)c3cccc4[nH]ccc34)N5CCOCC5,2.4,N1(c2nc(-c3cccc4[nH]ccc34)nc(C3(S(=O)(C)=O)CCOCC3)c2)CCOCC1,AE{~B}{~B}Ar{AABAAr}asaa{da{ds}ataaaau{dQ}aaatu}DvAABAAv,35.0
CHEMBL275043,CC(C)C(NC(=O)CN1C(=O)C(=CC=C1c2ccccc2)NC(=O)OCc3ccncc3)C(=O)C(F)(F)F,2.41,C(c1ccncc1)OC(=O)Nc1c(=O)n(CC(=O)NC(C(C(F)(F)F)=O)C(C)C)c(-c2ccccc2)cc1,AA{A}A{DA{~B}ADrA{~B}A{~AA~Arasaaaaas}DA{~B}BAataadaat}A{~B}A{G}{G}G,34.833333333333336
CHEMBL1916274,Cc1ccc(cc1)S(=O)(=O)Nc2c(C(=O)NC3CCCCC3)c(C)nn2c4ccccc4,1.68,c1(C)c(C(NC2CCCCC2)=O)c(NS(=O)(=O)c2ccc(C)cc2)n(-c2ccccc2)n1,Aaraaa{aar}E{~B}{~B}Dasa{A{~B}DAtAAAAAt}a{A}ddsauaaaaau,47.0
CHEMBL1230122,CN1C(=O)C(=Cc2cnc(NC3CCOCC3)nc12)Oc4ccc(F)cc4F,2.76,N(c1nc2n(C)c(=O)c(Oc3c(F)cc(F)cc3)cc2cn1)C1CCOCC1,ADrA{~B}A{~Aasada{DAtAABAAt}dars}Bauaaa{G}aauG,29.000000000000004
CHEMBL510349,O=C1Oc2ccccc2C=C1c3ccccc3,3.22,c1(=O)oc2ccccc2cc1-c1ccccc1,B~ArBasaaaaasA~Arataaaaat,21.333333333333332
CHEMBL338579,COc1ccccc1C(=O)NCC23CC4CC(CC(C4)C2)C3,4.43,COc1c(C(=O)NCC23CC4CC(CC(C4)C2)C3)cccc1,ABaraaaaarA{~B}DAAstAAuAA{AA{Au}As}At,1.1666666666666714
CHEMBL1290185,Cc1nc(cs1)C(=O)N2CCCC3(CCN(Cc4ccccc4)CC3)C2,0.24,Cc1scc(C(N2CCCC3(CCN(Cc4ccccc4)CC3)C2)=O)n1,Aarda{aer}A{~B}DsAAAAt{AAD{Aauaaaaau}AAt}As,71.0
CHEMBL443809,CS(=O)(=O)n1c2ccccc2c3cc(NC(=O)N4CCOCC4)ccc13,2.7,O=C(Nc1cc2c(n(S(C)(=O)=O)c3ccccc32)cc1)N1CCOCC1,AE{~B}{~B}drasaaaaasataa{DA{~B}DuAABAAu}aaart,29.999999999999996
CHEMBL2335121,CCOc1ccccc1c2ccc(cc2)c3nc4ccc(F)cc4c(C(=O)O)c3C,1.18,n1c2ccc(F)cc2c(C(=O)O)c(C)c1-c1ccc(-c2c(OCC)cccc2)cc1,AABaraaaaarasaaa{aas}atdauaaa{G}aaua{A{~B}B}atA,55.333333333333336
CHEMBL51314,CC(C)(C)C(=O)Nc1ccc2c(c1)C(=O)C(=O)c3ccccc23,2.83,c1c2c(cc(NC(C(C)(C)C)=O)c1)C(=O)C(=O)c1c-2cccc1,AA{A}{A}A{~B}Daraaasa{ar}A{~B}A{~B}ataaaaast,27.833333333333332
CHEMBL135400,CN1CCN(CC1)C(=O)OC2N(C(=O)c3nccnc23)c4ccc(Cl)cn4,1.1,C1CN(C)CCN1C(=O)OC1c2nccnc2C(=O)N1c1ncc(Cl)cc1,ADrAAD{AAr}A{~B}BAsD{A{~B}atdaadast}auaaa{Z}adu,56.666666666666664
CHEMBL1511829,Nc1ncnc2oc(c3cocc3)c(c4occc4)c12,3.1,o1ccc(-c2oc3ncnc(N)c3c2-c2ccco2)c1,Dardadasba{atabaat}a{aubaaau}ars,23.333333333333332
CHEMBL404687,OC(=O)c1ccc(Nc2ncc(Br)c(Nc3ccccc3)n2)cc1,1.65,c1cccc(Nc2c(Br)cnc(Nc3ccc(C(O)=O)cc3)n2)c1,BA{~B}araaa{Dasdaa{Y}a{Dataaaaat}ds}aar,47.5
CHEMBL274056,Oc1ccc(O)c2C(=O)C=CC(=O)c12,1.91,c12c(O)ccc(O)c1C(=O)C=CC2=O,Baraaa{B}asA{~B}A~AA{~B}ars,43.166666666666664
CHEMBL1507581,CC(=O)Nc1ccc(cc1)S(=O)(=O)Nc2ccccn2,0.24,N(C(C)=O)c1ccc(S(=O)(=O)Nc2ccccn2)cc1,AA{~B}Daraaa{aar}E{~B}{~B}Dasaaaads,71.0
CHEMBL258313,C[C@@H](Oc1cccc2ncnc(Nc3ccc(OCc4ccccn4)c(Cl)c3)c12)C(=O)N(C)CCO,3.56,c1(COc2ccc(Nc3c4c(cccc4O[C@H](C)C(N(CCO)C)=O)ncn3)cc2Cl)ccccn1,A{A**Q}{Baraaaasdada{Dataaa{BAauaaaadu}a{Z}at}ars}A{~B}D{A}AAB,15.666666666666666
CHEMBL13486,Oc1ccc2C(=O)C(=COc2c1)c3ccc(O)c(O)c3,1.88,o1cc(-c2ccc(O)c(O)c2)c(=O)c2c1cc(O)cc2,BaraaasA{~B}A{~ABasar}ataaa{B}a{B}at,43.666666666666664
CHEMBL2030393,Brc1ccc2oc3C(=O)NC(=Nc3c2c1)[C@@H]4CCCN4,2.19,C1C[C@@H](c2nc3c4c(ccc(Br)c4)oc3c(=O)[nH]2)NC1,YaraaasbatA{~B}DA{~Datasar}{A**Q}uAAADu,38.5
CHEMBL2086673,C[C@@H]1CN(CCN1c2ncc(OCc3ccc(cc3C#N)S(=O)(=O)C)cn2)C(=O)OC(C)(C)C,3.3,N1(C(OC(C)(C)C)=O)CCN(c2ncc(OCc3c(C#N)cc(S(=O)(=O)C)cc3)cn2)[C@H](C)C1,A{A**Q}rAD{AADrasdaa{BAataaa{aatA^D}E{~B}{~B}A}ads}A{~B}BA{A}{A}A,20.000000000000004
CHEMBL572878,CN1CCN(CC1)c2cc(Nc3cc(C)[nH]n3)nc(Sc4ccc(NC(=O)C5CC5)cc4)n2,3.47,c1c(Sc2nc(N3CCN(C)CC3)cc(Nc3n[nH]c(C)c3)n2)ccc(NC(C2CC2)=O)c1,ADrAAD{AAr}asaa{Dataa{A}{dQ}dt}da{Eauaaa{DA{~B}AvAAv}aau}ds,17.166666666666664
CHEMBL1895117,Cc1cnc(NS(=O)(=O)c2ccccc2)c(C)n1,-0.03,O=S(c1ccccc1)(Nc1ncc(C)nc1C)=O,Aarada{DE{~B}{~B}asaaaaas}a{A}dr,75.5
CHEMBL1779018,CCCC(=O)NCc1cncc(c1)c2ccc(F)cc2OC,2.9,c1c(F)cc(OC)c(-c2cncc(CNC(=O)CCC)c2)c1,AAAA{~B}DAaradaa{ar}asaaa{G}aasBA,26.666666666666668
CHEMBL113725,CC(C)C(NC(=O)CN1C(=O)C(=CC=C1c2ccccc2)NC(=O)Cc3ccc(cc3)C(=O)O)C(=O)C(F)(F)F,0.35,c1ccc(-c2n(CC(NC(C(C)C)C(=O)C(F)(F)F)=O)c(=O)c(NC(Cc3ccc(C(O)=O)cc3)=O)cc2)cc1,AA{A}A{DA{~B}ADrA{~B}A{~AA~Arasaaaaas}DA{~B}Aataaa{aat}A{~B}B}A{~B}A{G}{G}G,69.16666666666667
CHEMBL646,Cc1nnc2CN=C(c3ccccc3Cl)c4cc(Cl)ccc4n12,2.34,n12c(nnc1C)CN=C(c1ccccc1Cl)c1cc(Cl)ccc1-2,AarddasAD~A{ataaaaatZ}auaa{Z}aaaudrs,36.0
CHEMBL2171999,C[C@@H]1CN(CCN1C(=O)[C@@H]2CCCC[C@H]2C(=O)NC3(CC3)C#N)c4ccc5c(c4)c(C)nn5C,2.8,[C@@H]1(C(N2CCN(c3cc4c(C)nn(C)c4cc3)C[C@H]2C)=O)CCCC[C@H]1C(=O)NC1(C#N)CC1,A{A**Q}rAD{AADrA{~B}{A**Q}sAAAA{A*Q}sA{~B}DAt{AAt}A^D}auaaava{au}a{A}ddvA,28.33333333333334
CHEMBL2087865,Cn1cc(cc1c2c3C(=O)N(CCO)C(=O)N(CC4CC4)c3nn2Cc5ccnc6ccc(Cl)cc56)C#N,3.0,n1(C)cc(C#N)cc1-c1n(Cc2c3c(ccc(Cl)c3)ncc2)nc2n(CC3CC3)c(=O)n(CCO)c(=O)c12,Adraa{aarasatA{~B}D{AAB}A{~B}D{AAuAAu}atddsAavaadawaaa{Z}aavw}A^D,25.0
CHEMBL162203,Cc1cccc(n1)c2nc3cc(Cl)ccc3[nH]2,4.1,c1cc(C)nc(-c2[nH]c3ccc(Cl)cc3n2)c1,Aaraaaa{dr}asdataa{Z}aaat{dQ}s,6.666666666666672
CHEMBL182731,COC(=O)c1ccc(CC(=O)N(C)C2CCN(CCC(c3ccccc3)c4ccccc4)CC2)cc1,4.0,c1cc(C(c2ccccc2)CCN2CCC(N(C(=O)Cc3ccc(C(OC)=O)cc3)C)CC2)ccc1,ABA{~B}araaa{AA{~B}D{A}AsAAD{AAA{ataaaaat}auaaaaau}AAs}aar,8.333333333333334
CHEMBL2165066,F[C@H]1CN(CCN2C(=O)C=Cc3ccc(cc23)C#N)CC[C@H]1NCc4ccc5OCC(=O)Nc5n4,0.66,c1(C#N)cc2n(CCN3C[C@H](F)[C@H](NCc4nc5c(cc4)OCC(=O)N5)CC3)c(=O)ccc2cc1,G{A*Q}rAD{AADsA{~B}A~Aataaa{aast}A^D}AA{A*Q}rDAauaaavBAA{~B}Davdu,64.0
CHEMBL1934421,C[C@H](NC(=O)c1c(C)nn(C2CCN(CC(F)(F)F)CC2)c1NS(=O)(=O)c3ccc(C)cc3)C(C)(C)C,1.08,c1(S(=O)(=O)Nc2c(C(N[C@H](C(C)(C)C)C)=O)c(C)nn2C2CCN(CC(F)(F)F)CC2)ccc(C)cc1,A{A*Q}{DA{~B}ara{A}dd{AsAAD{AA{G}{G}G}AAs}arDE{~B}{~B}ataaa{A}aat}A{A}{A}A,57.0
CHEMBL465955,C[C@@H]1CN(CC2(CC2)C(=O)N)CCN1S(=O)(=O)c3ccc(cc3)C(C)(O)C(F)(F)F,1.03,c1cc(S(=O)(N2CCN(CC3(C(=O)N)CC3)C[C@H]2C)=O)ccc1C(O)(C(F)(F)F)C,A{A**Q}rAD{AAs{AAs}A{~B}D}AADrE{~B}{~B}ataaa{aat}A{A}{B}A{G}{G}G,57.833333333333336
CHEMBL86795,c1ccc2[nH]ncc2c1,1.9,[nH]1ncc2ccccc12,araaas{dQ}daasar,43.333333333333336
CHEMBL515854,COCCS(=O)(=O)c1ccc(Nc2nccc(n2)c3cnc(C)n3C(C)C)cc1,2.56,C(CS(=O)(c1ccc(Nc2nc(-c3cnc(C)n3C(C)C)ccn2)cc1)=O)OC,ABAAE{~B}{~B}araaa{Dasdaaa{ds}atada{A}dtA{A}A}aar,32.333333333333336
CHEMBL82663,Oc1ccc(CCNCCS(=O)(=O)CCCOCCc2ccccc2)c3sc(O)nc13,2.61,C(c1ccccc1)COCCCS(CCNCCc1c2sc(O)nc2c(O)cc1)(=O)=O,Baraaa{AADAAE{~B}{~B}AAABAAasaaaaas}atea{B}dart,31.5
CHEMBL319118,COc1ccc(OC(F)(F)F)cc1CN[C@H]2CCCN[C@H]2c3ccccc3,2.9,C(c1cc(OC(F)(F)F)ccc1OC)N[C@@H]1[C@H](c2ccccc2)NCCC1,ABaraaa{BA{G}{G}G}aarAD{A*Q}sAAAD{A*Q}sataaaaat,26.666666666666668
CHEMBL1650273,Nc1nc(cs1)c2ccc(Cl)cc2,3.31,Nc1nc(-c2ccc(Cl)cc2)cs1,Darda{aer}asaaa{Z}aas,19.833333333333332
CHEMBL35,NS(=O)(=O)c1cc(C(=O)O)c(NCc2occc2)cc1Cl,-0.9,c1cc(CNc2cc(Cl)c(S(N)(=O)=O)cc2C(O)=O)oc1,DE{~B}{~B}araa{A{~B}B}a{DAasbaaas}aarZ,90.0
CHEMBL278172,CCOC(=O)c1ccc(N)cc1,1.83,O=C(c1ccc(N)cc1)OCC,AABA{~B}araaa{D}aar,44.5
CHEMBL1916271,CCN(C1CCCCC1)C(=O)c2cnn(c2NS(=O)(=O)c3ccc(cc3)c4ocnc4)c5ccccc5,1.46,c1(S(=O)(Nc2n(-c3ccccc3)ncc2C(=O)N(C2CCCCC2)CC)=O)ccc(-c2cnco2)cc1,AAD{ArAAAAAr}A{~B}asadd{asDE{~B}{~B}ataaa{aat}aubadau}avaaaaav,50.666666666666664
CHEMBL289832,Oc1nc2cc(Cl)c(Cl)c(c2nc1O)[N+](=O)[O-],0.21,c1(O)c(O)nc2c(cc(Cl)c(Cl)c2[N+]([O-])=O)n1,Bardasaa{Z}a{Z}a{asdarB}{D%}{~B}{B_},71.5
CHEMBL1789274,CNCC[C@@H](Oc1cc(OC)ccc1C#N)c2ccccc2,0.87,CNCC[C@H](c1ccccc1)Oc1c(C#N)ccc(OC)c1,ADAA{A**Q}{Baraa{BA}aaarA^D}asaaaaas,60.5
CHEMBL1688537,CCc1c(C)nc2sc(C(=O)N)c(N)c2c1C,2.62,Nc1c2c(nc(C)c(CC)c2C)sc1C(N)=O,AAara{A}dasea{A{~B}D}a{D}asarA,31.333333333333332
CHEMBL29838,OC(=O)c1ccc(OCC(=O)COc2ccc(SCCCCCc3ccccc3)cc2)cc1,3.63,C(Oc1ccc(C(=O)O)cc1)C(=O)COc1ccc(SCCCCCc2ccccc2)cc1,BA{~B}araaa{BAA{~B}ABasaaa{EAAAAAataaaaat}aas}aar,14.500000000000002
CHEMBL479446,COc1cc2ncc(C(=O)N)c(Nc3ccc(F)cc3F)c2cc1NCCN4CCOCC4,2.68,c1(F)cc(F)ccc1Nc1c(C(=O)N)cnc2c1cc(NCCN1CCOCC1)c(OC)c2,ABaraasdaa{A{~B}D}a{Dataaa{G}aatG}asaarDAADuAABAAu,30.33333333333333
CHEMBL234950,OCCCN1C(=O)C(Cc2ccccc12)NC(=O)c3cc4cc(Cl)sc4[nH]3,3.49,OCCCN1c2ccccc2CC(NC(=O)c2[nH]c3c(cc(Cl)s3)c2)C1=O,BAAADrA{~B}A{Aasaaaaars}DA{~B}ataauaa{Z}eau{dQ}t,16.83333333333333
CHEMBL1082704,OC(=O)CC[C@H]1[C@@H](Cc2ccccc12)NC(=O)c3cc4sc(Cl)c(Cl)c4[nH]3,2.84,C(=O)(O)CC[C@@H]1c2c(cccc2)C[C@H]1NC(=O)c1cc2sc(Cl)c(Cl)c2[nH]1,BA{~B}AA{A*Q}r{A**Q}{Aasaaaaars}DA{~B}ataauea{Z}a{Z}au{dQ}t,27.666666666666668
CHEMBL249790,OCCO[C@H]1C[C@H]([C@H](O)[C@@H]1O)n2nnc3c(N[C@@H]4C[C@H]4c5ccc(F)c(F)c5)nc(SCCC(F)(F)F)nc23,4.17,C(Sc1nc(N[C@@H]2C[C@H]2c2ccc(F)c(F)c2)c2c(n([C@@H]3C[C@H](OCCO)[C@@H](O)[C@H]3O)nn2)n1)CC(F)(F)F,BAAB{A*Q}rA{A*Q}{{A*Q}{B}{A**Q}rB}dsddata{D{A**Q}uA{A*Q}uavaaa{G}a{G}av}da{EAAA{G}{G}G}dast,5.500000000000001
CHEMBL2088097,Cc1cc(CNc2ncc(Cl)c(Nc3cc(C)[nH]n3)n2)on1,2.68,c1(Cl)cnc(NCc2cc(C)no2)nc1Nc1cc(C)[nH]n1,Aaraa{ADasdaa{Z}a{Dataa{A}{dQ}dt}ds}bdr,30.33333333333333
CHEMBL107313,CCCc1cc(cc(OC)c1OC)C2=N[C@H](CO2)C(=O)NO,1.69,N(O)C(=O)[C@H]1COC(c2cc(OC)c(OC)c(CCC)c2)=N1,AAAaraa{aa{BA}arBA}As~D{A*Q}{ABs}A{~B}DB,46.833333333333336
CHEMBL1784357,ON(C=O)C1(CS(=O)(=O)N2CCN(CC2)c3ccc(F)cc3)CCOCC1,0.85,C1N(c2ccc(F)cc2)CCN(S(CC2(N(C=O)O)CCOCC2)(=O)=O)C1,BD{A~B}Ar{AE{~B}{~B}DsAAD{AAs}ataaa{G}aat}AABAAr,60.833333333333336
CHEMBL415247,CC(C)[C@@H](CN1CC[C@](C)([C@@H](C)C1)c2cccc(O)c2)NC(=O)[C@H]3Cc4ccc(O)cc4CN3,2.39,C[C@]1(c2cc(O)ccc2)[C@@H](C)CN(C[C@H](C(C)C)NC(=O)[C@@H]2NCc3c(ccc(O)c3)C2)CC1,AA{A}{A**Q}{ADrAA{A*}{A}{{A**Q}{A}Ar}asaaaa{B}as}DA{~B}{A*Q}tAauaaa{B}aauADt,35.166666666666664
CHEMBL2089277,OC(=O)c1cccc(c1)c2cccc(c2)C#N,0.3,c1(C(=O)O)cccc(-c2cc(C#N)ccc2)c1,BA{~B}araaaa{ar}asaaaa{as}A^D,70.0
CHEMBL464081,CC1(C)[C@@H]2CC[C@@]1(CS(=O)(=O)N3CCN(CC3)c4ccc(cn4)C(F)(F)F)C(=O)C2,3.8,O=S(N1CCN(c2ccc(C(F)(F)F)cn2)CC1)(C[C@@]12C(=O)C[C@@H](CC1)C2(C)C)=O,AAr{A}{A**Q}sAA{A**}r{AE{~B}{~B}DtAAD{AAt}auaaa{adu}A{G}{G}G}A{~B}As,11.66666666666667
CHEMBL2179277,CC1=CN([C@H]2CCCN(C2)[C@H](CC(C)(C)C)c3ccc(C(=O)O)c(Oc4cccc(Br)c4)c3)C(=O)NC1=O,1.09,O=C(O)c1c(Oc2cccc(Br)c2)cc([C@H](N2C[C@@H](n3cc(C)c(=O)[nH]c3=O)CCC2)CC(C)(C)C)cc1,AAr~AD{{A*Q}sAAAD{As}{A*Q}{AA{A}{A}A}ataaa{A{~B}B}a{Bauaaaa{Y}au}at}A{~B}DAr~B,56.833333333333336
CHEMBL521248,COc1cc2ncc(C(=O)N)c(Nc3cc(C)ccc3F)c2cc1OC,3.16,c1c2c(Nc3c(F)ccc(C)c3)c(C(=O)N)cnc2cc(OC)c1OC,ABaraasdaa{A{~B}D}a{Dataa{A}aaatG}asaarBA,22.333333333333332
CHEMBL2023481,COc1cc(Oc2ccnc3ccc(F)cc23)ccc1CC(=O)Nc4noc(C)c4C,4.06,o1nc(NC(Cc2ccc(Oc3c4c(ccc(F)c4)ncc3)cc2OC)=O)c(C)c1C,ABaraa{Basaadataaa{G}aast}aaarAA{~B}Daudba{A}auA,7.33333333333334
CHEMBL1612749,Cc1cc(NC(=O)c2ccc(Cl)cc2)n(n1)c3ccccc3,3.25,c1cc(Cl)ccc1C(Nc1n(-c2ccccc2)nc(C)c1)=O,Aaraa{DA{~B}asaaa{Z}aas}d{dr}ataaaaat,20.833333333333332
CHEMBL2177606,OC(=O)c1ccc(cc1)n2ncc(C(=O)NC3C4CC5CC(CC3C5)C4)c2C6CCCC6,1.72,n1(-c2ccc(C(O)=O)cc2)ncc(C(NC2C3CC4CC(C3)CC2C4)=O)c1C1CCCC1,BA{~B}araaa{aar}dsdaa{A{~B}DAtAuAAvAA{AAtAv}Au}asAwAAAAw,46.333333333333336
CHEMBL1350196,CC1=C(CCC(=O)O)C(=O)Oc2cc(O)ccc12,-0.7,c1cc(O)cc2oc(=O)c(CCC(O)=O)c(C)c12,AAr~A{AAA{~B}B}A{~B}Basaa{B}aaars,86.66666666666667
CHEMBL2071614,CC(C)(O)c1ccc(Nc2nc3ccc(cc3[nH]2)C#N)cc1,2.73,c1c2[nH]c(Nc3ccc(C(C)(C)O)cc3)nc2ccc1C#N,AA{A}{B}araaa{Dasdataaa{aat{dQ}s}A^D}aar,29.5
CHEMBL317281,CN(C)CC(O)COc1ccc(Nc2cc(Nc3ccc(F)cc3F)ncn2)cc1,1.48,c1(OCC(O)CN(C)C)ccc(Nc2cc(Nc3c(F)cc(F)cc3)ncn2)cc1,AD{A}AA{B}ABaraaa{Dasaa{Dataaa{G}aatG}dads}aar,50.333333333333336
CHEMBL450208,COc1cc2ncc(C(=O)N)c(Nc3ccccc3Cl)c2cc1OC,2.89,c1(Nc2ccccc2Cl)c2c(cc(OC)c(OC)c2)ncc1C(N)=O,ABaraasdaa{A{~B}D}a{DataaaaatZ}asaarBA,26.833333333333332
CHEMBL1454839,C1CNCC(C1)c2nc3ccccc3s2,1.0,c1ccc2c(nc(C3CCCNC3)s2)c1,ArADAA{Ar}asdataaaaates,58.333333333333336
CHEMBL2042558,[O-][N+](=O)c1cccc2ccc(nc12)C(Cl)(Cl)Cl,3.7,c1c2c(c([N+](=O)[O-])ccc2)nc(C(Cl)(Cl)Cl)c1,{B_}{D%}{~B}araaaasaaa{dars}A{Z}{Z}Z,13.33333333333333
CHEMBL1650730,C[C@H](Nc1ncc(Cl)c(Nc2cc([nH]n2)N(C)C)n1)c3ncc(F)cn3,2.33,Fc1cnc([C@H](C)Nc2ncc(Cl)c(Nc3cc(N(C)C)[nH]n3)n2)nc1,A{A*Q}{Dardaa{Z}a{Dasaa{{dQ}ds}D{A}A}dr}atdaa{G}adt,36.166666666666664
CHEMBL232830,CN(C)C(=O)CN1C(=O)C(Cc2ccccc12)NC(=O)c3cc4cc(Cl)sc4[nH]3,3.07,C1(=O)C(NC(=O)c2cc3cc(Cl)sc3[nH]2)Cc2ccccc2N1CC(=O)N(C)C,AD{A}A{~B}ADrA{~B}A{Aasaaaaars}DA{~B}ataauaa{Z}eau{dQ}t,23.83333333333334
CHEMBL2171041,CN(C)c1ccccc1S(=O)(=O)NC(=O)N2CCC(CC2)N3CCC(CC3)Oc4ccc(Cl)c(Cl)c4,1.74,C1CN(C(NS(=O)(c2c(N(C)C)cccc2)=O)=O)CCC1N1CCC(Oc2ccc(Cl)c(Cl)c2)CC1,AD{A}araaaaarE{~B}{~B}DA{~B}DsAAA{AAs}DtAAA{AAt}Bauaaa{Z}a{Z}au,46.0
CHEMBL1082811,O=C1NC(=NC(=C1C#N)c2ccccc2)SCc3ccccc3,1.56,c1ccc(-c2c(C#N)c(=O)[nH]c(SCc3ccccc3)n2)cc1,B~ArDA{~DA{~ArA^D}asaaaaas}EAataaaaat,49.0
CHEMBL278222,CC(C)C(NC(=O)CN1C(=O)C(=CC=C1c2ccccc2)NC(=O)NCc3ccncc3)C(=O)C(F)(F)F,2.16,N(C(Cn1c(=O)c(NC(NCc2ccncc2)=O)ccc1-c1ccccc1)=O)C(C(C)C)C(C(F)(F)F)=O,AA{A}A{DA{~B}ADrA{~B}A{~AA~Arasaaaaas}DA{~B}DAataadaat}A{~B}A{G}{G}G,39.0
CHEMBL394799,C[C@H](CO)Nc1nc(SCc2cccc(Cl)c2)nc3nc(N)sc13,3.31,Nc1nc2nc(SCc3cc(Cl)ccc3)nc(N[C@@H](CO)C)c2s1,A{A*Q}{AB}Darda{EAasaaaa{Z}as}datda{D}eart,19.833333333333332
CHEMBL587723,CCN1CCN(Cc2ccc(cc2)c3cc4c(N[C@H](C)c5ccccc5)ncnc4[nH]3)CC1,3.97,C[C@H](c1ccccc1)Nc1c2cc(-c3ccc(CN4CCN(CC)CC4)cc3)[nH]c2ncn1,AADrAAD{Aasaaa{aas}ataaua{D{A*Q}{A}avaaaaav}dadau{dQ}t}AAr,8.83333333333333
CHEMBL1897032,OC(CN1CCOCC1)c2ccccc2,1.0,c1ccccc1C(CN1CCOCC1)O,BA{ADrAABAAr}asaaaaas,58.333333333333336
CHEMBL726,OCCN1CCN(CCCN2c3ccccc3Sc4ccc(cc24)C(F)(F)F)CC1,3.8,C(N1CCN(CCCN2c3c(ccc(C(F)(F)F)c3)Sc3c2cccc3)CC1)CO,BAADrAAD{AAADsataaaaatEauaaa{aasu}A{G}{G}G}AAr,11.66666666666667
CHEMBL2062576,CC(=O)Nc1ccc2ccn(c3cc(NCCCN4CCCC4)n5ncc(C#N)c5n3)c2c1,1.87,c12n(ncc1C#N)c(NCCCN1CCCC1)cc(-n1c3cc(NC(C)=O)ccc3cc1)n2,AA{~B}Daraaasaad{ataa{DAAADuAAAAu}dvdaa{A^D}avdt}asar,43.833333333333336
CHEMBL119489,CN(C)c1cccc2c(cccc12)S(=O)(=O)N,1.95,c1ccc2c(c1N(C)C)cccc2S(=O)(N)=O,AD{A}araaaasa{aaaars}E{~B}{~B}D,42.49999999999999
CHEMBL1923434,Cc1[nH]c(C(=O)NC2CCN(CC2)c3nc(cs3)C(=O)O)c(Cl)c1Cl,0.14,C1CN(c2nc(C(=O)O)cs2)CCC1NC(=O)c1[nH]c(C)c(Cl)c1Cl,Aar{dQ}a{A{~B}DAsAAD{AAs}atda{aet}A{~B}B}a{Z}arZ,72.66666666666667
CHEMBL2349318,CCC[C@H](CO)Nc1nc(S[C@@H](C)c2cccc(c2)C#N)nc3NC(=O)Sc13,3.7,c1cc(C#N)cc([C@H](C)Sc2nc(N[C@H](CCC)CO)c3c([nH]c(=O)s3)n2)c1,AAA{A*Q}{AB}Darda{E{A**Q}{A}asaaaa{as}A^D}datDA{~B}Eart,13.33333333333333
CHEMBL2207662,O[C@H](CNC(=O)C1=CNC(=O)C=C1C(F)(F)F)CN2CCC(CC2)Oc3ccc(Cl)c(Cl)c3,2.71,[C@H](CNC(=O)c1c(C(F)(F)F)cc(=O)[nH]c1)(O)CN1CCC(Oc2cc(Cl)c(Cl)cc2)CC1,B{A*Q}{ADA{~B}Ar~ADA{~B}A~ArA{G}{G}G}ADsAAA{AAs}Bataaa{Z}a{Z}at,29.833333333333332
CHEMBL323443,CC(C)C(NC(=O)CN1C(=O)C(=CC=C1c2ccccc2)NS(=O)(=O)C(F)(F)F)C(=O)C(F)(F)F,1.01,c1c(-c2ccc(NS(=O)(=O)C(F)(F)F)c(=O)n2CC(=O)NC(C(C(F)(F)F)=O)C(C)C)cccc1,AA{A}A{DA{~B}ADrA{~B}A{~AA~Arasaaaaas}DE{~B}{~B}A{G}{G}G}A{~B}A{G}{G}G,58.166666666666664
CHEMBL1164374,Fc1ccc(cc1)C(=O)C2CCN(CC2)C(=O)c3ccc(F)cc3,2.9,c1(C(=O)N2CCC(C(c3ccc(F)cc3)=O)CC2)ccc(F)cc1,Garaaa{aar}A{~B}AsAAD{AAs}A{~B}ataaa{G}aat,26.666666666666668
CHEMBL571,CC(C(=O)O)c1cccc(c1)C(=O)c2ccccc2,-0.12,c1cc(C(c2cccc(C(C(=O)O)C)c2)=O)ccc1,AA{A{~B}B}araaaa{ar}A{~B}asaaaaas,77.0
CHEMBL1373037,Nc1nccc(\C=C\c2ccc(Cl)cc2)n1,3.5,c1cc(/C=C/c2ccc(Cl)cc2)nc(N)n1,Dardaaa{!A~A!asaaa{Z}aas}dr,16.666666666666668
CHEMBL304784,CCCC[C@H](NC(=O)[C@H](CC(C)C)NC(=O)[C@H](CC(C)C)NC(=O)C)C=O,2.6,O=C(N[C@H](C(=O)N[C@@H](CC(C)C)C(=O)N[C@@H](CCCC)C=O)CC(C)C)C,AAAA{A*Q}{DA{~B}{A*Q}{AA{A}A}DA{~B}{A*Q}{AA{A}A}DA{~B}A}A~B,31.666666666666668
CHEMBL63323,OC(=O)c1cccnc1Nc2cccc(c2)C(F)(F)F,1.0,C(F)(F)(F)c1cccc(Nc2ncccc2C(=O)O)c1,BA{~B}araaadarDasaaaa{as}A{G}{G}G,58.333333333333336
CHEMBL2071098,CC1(C)COCc2sc(nc12)N3CCN(CC3)C(=O)[C@@H]4CCCC[C@H]4C(=O)NC5(CC5)C#N,2.4,C1(C#N)(NC(=O)[C@H]2[C@H](C(=O)N3CCN(c4sc5c(n4)C(C)(C)COC5)CC3)CCCC2)CC1,AAr{A}ABAasea{dars}DtAAD{AAt}A{~B}{A**Q}uAAAA{A*Q}uA{~B}DAv{AAv}A^D,35.0
CHEMBL482192,COc1cc2ncc(C(=O)N)c(Nc3cccc(F)c3F)c2cc1OC,2.82,c1(Nc2c(C(N)=O)cnc3cc(OC)c(OC)cc32)c(F)c(F)ccc1,ABaraasdaa{A{~B}D}a{Dataaaa{G}atG}asaarBA,28.000000000000004
CHEMBL549620,OCCN1CCN(Cc2ccc3c(NC(=O)CC45CC6CC(CC(C6)C4)C5)c(Cl)ccc3n2)CC1,2.93,C1C2CC3(CC(Nc4c(Cl)ccc5nc(CN6CCN(CCO)CC6)ccc45)=O)CC(C2)CC1C3,BAADrAAD{Aasaaata{DA{~B}AAuvAAwAA{AA{Aw}Au}Av}a{Z}aaatds}AAr,26.16666666666666
CHEMBL1682817,O=C1CCOc2cc(OCc3cccc(c3)C#N)ccc12,2.8,c1(COc2ccc3c(c2)OCCC3=O)cc(C#N)ccc1,B~ArAABasaa{BAataaaa{at}A^D}aaars,28.33333333333334
CHEMBL2178945,Cc1nc(C)c(nc1C(=O)N)c2ccc([C@@H]3CC[C@H](CC(=O)O)CC3)c(F)c2,1.2,C1C[C@H](c2ccc(-c3nc(C(N)=O)c(C)nc3C)cc2F)CC[C@@H]1CC(O)=O,Aarda{A}a{darA{~B}D}asaaa{{A**Q}tAA{A*Q}{AA{~B}B}AAt}a{G}as,55.0
CHEMBL1542,Cn1cnc(c1Sc2ncnc3nc[nH]c23)[N+](=O)[O-],0.19,n1c[nH]c2c(Sc3c([N+]([O-])=O)ncn3C)ncnc12,Adrada{arEasdadatda{dQ}ast}{D%}{~B}{B_},71.83333333333333
CHEMBL2170975,CC(C)(C)OC(=O)NCCCSC[C@H]1O[C@H]([C@H](O)[C@@H]1O)n2cnc3c(N)ncnc23,1.2,n1cnc2n([C@@H]3O[C@H](CSCCCNC(=O)OC(C)(C)C)[C@@H](O)[C@H]3O)cnc2c1N,AA{A}{A}BA{~B}DAAAEA{A*Q}rB{A*Q}{{A*Q}{B}{A**Q}rB}dsadata{D}dadast,55.0
CHEMBL2163360,O=C(NC1(CC1)C#N)[C@@H]2CCCC[C@H]2C(=O)N3CCc4[nH]c5ncccc5c4C3,2.13,N1(C(=O)[C@@H]2CCCC[C@H]2C(=O)NC2(C#N)CC2)Cc2c([nH]c3ncccc23)CC1,B~A{DAr{AAr}A^D}{A**Q}sAAAA{A*Q}sA{~B}DtAAau{dQ}avdaaaavauAt,39.5
CHEMBL2058280,Nc1scc2C(=NN(C(=O)c12)c3ccc(F)cc3)C(=O)NC4CC4,2.8,s1cc2c(c(=O)n(-c3ccc(F)cc3)nc2C(NC2CC2)=O)c1N,DareaasA{~DD{A{~B}ars}ataaa{G}aat}A{~B}DAuAAu,28.33333333333334
CHEMBL1940832,O[C@@H](CNCCc1ccc(NC[C@H](O)c2ccccc2)cc1)c3ccc(O)c(NC=O)c3,0.02,C(Nc1cc([C@@H](O)CNCCc2ccc(NC[C@H](O)c3ccccc3)cc2)ccc1O)=O,B{A**Q}{ADAAaraaa{DA{A*Q}{B}asaaaaas}aar}ataaa{B}a{DA~B}at,74.66666666666667
CHEMBL1194759,CCCC1CCCCC(=N1)N,1.1,C1CC(CCC)N=C(N)CC1,AAAArAAAAA{~Dr}D,56.666666666666664
CHEMBL600780,NNC1=Nc2ccccc2NC1=O,0.44,c1(NN)nc2c([nH]c1=O)cccc2,DDAr~DasaaaaasDAr~B,67.66666666666666
CHEMBL564885,Clc1c(NCC2CCNCC2)nccc1C(=O)NCC34CC5CC(CC(C5)C3)C4,0.6,c1cnc(NCC2CCNCC2)c(Cl)c1C(=O)NCC12CC3CC(CC(C1)C3)C2,Zara{DAAsAADAAs}daaarA{~B}DAAtuAAvAA{AA{Av}At}Au,65.0
CHEMBL1428,COCCOC(=O)C1=C(C)NC(=C(C1c2cccc(c2)[N+](=O)[O-])C(=O)OC(C)C)C,3.8,C(OC)COC(C1=C(C)NC(C)=C(C(OC(C)C)=O)C1c1cccc([N+]([O-])=O)c1)=O,ABAABA{~B}Ar~A{A}DA{~A{Arasaaaa{as}{D%}{~B}{B_}}A{~B}BA{A}A}A,11.66666666666667
CHEMBL478241,CC(C)n1c(C)ncc1c2ccnc(Nc3ccc(cc3)N4CCN(CC4)C(=O)CN(C)C)n2,3.31,N(c1nc(-c2n(C(C)C)c(C)nc2)ccn1)c1ccc(N2CCN(C(=O)CN(C)C)CC2)cc1,AA{A}dra{A}daarasaada{Dataaa{aat}DuAAD{AAu}A{~B}AD{A}A}ds,19.833333333333332
CHEMBL2206790,COCC[C@H](Oc1ncnc2c1cnn2c3ccccc3Cl)C(=O)Nc4ccc(C)cn4,3.6,n1(-c2c(Cl)cccc2)c2ncnc(O[C@H](C(Nc3ccc(C)cn3)=O)CCOC)c2cn1,ABAA{A*Q}{BardadasaraddsataaaaatZ}A{~B}Dauaaa{A}adu,14.999999999999998
CHEMBL2158821,OC(=O)[C@H](N1CCC(CN2CCC(CC2)Oc3ccc(Cl)c(Cl)c3)CC1)c4ccccc4,2.14,C1(CN2CCC(Oc3ccc(Cl)c(Cl)c3)CC2)CCN([C@@H](C(O)=O)c2ccccc2)CC1,BA{~B}{A*Q}{DrAAA{ADsAAA{AAs}Bataaa{Z}a{Z}at}AAr}auaaaaau,39.333333333333336
CHEMBL1440652,Cn1c(CN2CCN(CC2)c3cccc(Cl)c3)nc4ccccc14,3.75,C(c1n(C)c2c(n1)cccc2)N1CCN(c2cc(Cl)ccc2)CC1,Adra{ADsAAD{AAs}ataaaa{Z}at}dauaaaaaru,12.5
CHEMBL1387125,CCN1C(=O)C2=C(OC(=CC2=O)O)c3ccccc13,1.13,CCn1c(=O)c2c(=O)cc(O)oc2c2ccccc12,AADrA{~B}As~A{BA{~AAs~B}B}ataaaaart,56.166666666666664
CHEMBL2010851,CN([C@@H]1CCN(Cc2ccc(cc2)C(F)(F)F)C[C@@H]1F)C(=O)Cc3ccc(cc3)S(=O)(=O)C,2.7,N(C(=O)Cc1ccc(S(=O)(C)=O)cc1)([C@H]1[C@@H](F)CN(Cc2ccc(C(F)(F)F)cc2)CC1)C,AD{{A**Q}rAAD{Aasaaa{aas}A{G}{G}G}A{A**Q}rG}A{~B}Aataaa{aat}E{~B}{~B}A,29.999999999999996
CHEMBL1427458,Cc1ccc(Oc2ccc(cc2)C(=O)NCc3ccncc3)cc1,3.65,c1(CNC(=O)c2ccc(Oc3ccc(C)cc3)cc2)ccncc1,Aaraaa{Basaaa{aas}A{~B}DAataadaat}aar,14.16666666666667
CHEMBL2207669,O[C@H](CNC(=O)C1=CNC(=O)c2ccccc12)CN3CCC(CC3)Oc4ccc(C#N)c(Cl)c4,2.56,c1cc2c(cc1)c(C(NC[C@H](CN1CCC(Oc3cc(Cl)c(C#N)cc3)CC1)O)=O)c[nH]c2=O,B{A*Q}{ADA{~B}Ar~ADA{~B}asaaaaars}ADtAAA{AAt}Bauaaa{A^D}a{Z}au,32.333333333333336
CHEMBL40999,NC(=N)Nc1ccc(Cl)c(Cl)c1,-0.31,c1(NC(=N)N)cc(Cl)c(Cl)cc1,DA{~D}Daraaa{Z}a{Z}ar,80.16666666666666
CHEMBL213494,Cc1ccc2c(c1)c(c(C)n2CC(=O)O)c3ccnc4c(cccc34)S(=O)(=O)C,-0.34,Cc1ccc2c(c1)c(-c1ccnc3c(S(=O)(=O)C)cccc31)c(C)n2CC(=O)O,Aaraaasa{ar}a{a{A}dsAA{~B}B}ataadaua{aaaatu}E{~B}{~B}A,80.66666666666667
CHEMBL290119,CCOC(=O)[C@H](Cc1ccc(O)cc1)NC(=O)c2cccc3ccccc23,3.12,c1(C[C@@H](C(=O)OCC)NC(c2cccc3c2cccc3)=O)ccc(O)cc1,AABA{~B}{A*Q}{Aaraaa{B}aar}DA{~B}asaaaataaaaast,23.0
CHEMBL1209586,FC(F)(F)c1cccc(c1)S(=O)(=O)NCC(N2CCCCCC2)c3ccccc3,3.12,c1c(S(=O)(=O)NCC(N2CCCCCC2)c2ccccc2)cccc1C(F)(F)F,GA{G}{G}araaaa{ar}E{~B}{~B}DAA{DsAAAAAAs}ataaaaat,23.0
CHEMBL1824371,Oc1cccc(NC(=O)c2ccc(OCCCN3CCCC3)cc2OCc4cccc(F)c4)c1,3.15,C(COc1cc(OCc2cccc(F)c2)c(C(Nc2cc(O)ccc2)=O)cc1)CN1CCCC1,Baraaaa{DA{~B}asaaa{BAAADtAAAAt}aasBAauaaaa{G}au}ar,22.5
CHEMBL1088913,NCCCCN(Cc1nc2ccccc2[nH]1)C3CCCc4cccnc34,0.83,C1CC(N(Cc2nc3c(cccc3)[nH]2)CCCCN)c2ncccc2C1,DAAAAD{Aardasaaaaas{dQ}r}AtAAAauaaadatu,61.166666666666664
CHEMBL122695,CC(=O)NC[C@H]1CN(C(=O)O1)c2ccc(N3CCN(CC3)c4cnccn4)c(F)c2,1.49,C1N(c2cnccn2)CCN(c2ccc(N3C(=O)O[C@@H](CNC(=O)C)C3)cc2F)C1,AA{~B}DA{A*Q}rAD{A{~B}Br}asaaa{DtAAD{AAt}auadaadu}a{G}as,50.166666666666664
CHEMBL1824373,Oc1cccc(NC(=O)c2ccc(OCCCN3CCCC3)cc2OCc4cccc(c4)C#N)c1,2.41,c1(OCCCN2CCCC2)cc(OCc2cccc(C#N)c2)c(C(Nc2cc(O)ccc2)=O)cc1,Baraaaa{DA{~B}asaaa{BAAADtAAAAt}aasBAauaaaa{au}A^D}ar,34.833333333333336
CHEMBL73234,CCN(CC)CCOCCOC(=O)C1(CCCC1)c2ccccc2,1.33,c1ccccc1C1(C(OCCOCCN(CC)CC)=O)CCCC1,AAD{AA}AABAABA{~B}Ar{AAAAr}asaaaaas,52.833333333333336
CHEMBL1682816,Fc1cccc(COc2ccc3C(=O)CCOc3c2)c1,3.4,C1COc2cc(OCc3cccc(F)c3)ccc2C1=O,Garaaaa{ABasaaatA{~B}AABatas}ar,18.333333333333336
CHEMBL2171984,Fc1ccc(cc1)N2CCN(CC2)C(=O)[C@@H]3CCCC[C@H]3C(=O)NCC#N,1.92,[C@H]1(C(NCC#N)=O)[C@H](C(=O)N2CCN(c3ccc(F)cc3)CC2)CCCC1,Garaaa{aar}DsAAD{AAs}A{~B}{A**Q}tAAAA{A*Q}tA{~B}DAA^D,43.0
CHEMBL2036590,Fc1ccc(Nc2oc(nn2)C(=O)Nc3ccc(nc3)N4CCOCC4)cc1F,2.9,c1cc(NC(c2oc(Nc3cc(F)c(F)cc3)nn2)=O)cnc1N1CCOCC1,Garaaa{Dasba{dds}A{~B}Dataaa{dat}DuAABAAu}aarG,26.666666666666668
CHEMBL1917439,Cc1c(Sc2ccc(Cl)cc2)c3cc(ccc3n1CC(=O)O)c4ccccc4,3.7,C(C(O)=O)n1c(C)c(Sc2ccc(Cl)cc2)c2cc(-c3ccccc3)ccc21,Aara{Easaaa{Z}aas}ataa{aaatdrAA{~B}B}auaaaaau,13.33333333333333
CHEMBL109937,FC(F)(F)c1cc(COCC(N2CCNCC2)c3ccccc3)cc(c1)C(F)(F)F,2.9,c1c(C(N2CCNCC2)COCc2cc(C(F)(F)F)cc(C(F)(F)F)c2)cccc1,GA{G}{G}araa{ABAA{DsAADAAs}ataaaaat}aa{ar}A{G}{G}G,26.666666666666668
CHEMBL56802,COc1cc2ncnc(Nc3cccc(C)c3)c2cc1OC,3.5,Cc1cc(Nc2c3c(cc(OC)c(OC)c3)ncn2)ccc1,ABaraasdada{Dataaaa{A}at}asaarBA,16.666666666666668
CHEMBL2325743,C[C@H](NC(=O)C1(N)CCN(CC1)c2ncnc3[nH]ccc23)c4ccc(Cl)cc4,2.67,c1cc(Cl)ccc1[C@H](C)NC(C1(N)CCN(c2c3c([nH]cc3)ncn2)CC1)=O,A{A*Q}{DA{~B}Ar{D}AAD{AAr}asdadat{dQ}aaast}auaaa{Z}aau,30.5
CHEMBL628,CN1C(=O)N(CCCCC(=O)C)C(=O)c2c1ncn2C,0.22,c12ncn(C)c1c(=O)n(CCCCC(C)=O)c(=O)n2C,ADrA{~B}D{AAAAA{~B}A}A{~B}asardadsA,71.33333333333333
CHEMBL1689137,C[C@H]1CN(Cc2cc(Cl)ccc2CC(=O)O)CCN1S(=O)(=O)Cc3ccccc3,1.12,OC(=O)Cc1c(CN2CCN(S(=O)(=O)Cc3ccccc3)[C@@H](C)C2)cc(Cl)cc1,A{A*Q}rAD{Aasaa{Z}aaasAA{~B}B}AADrE{~B}{~B}Aataaaaat,56.333333333333336
CHEMBL456446,C(Nc1nc2ccccc2[nH]1)c3ccccc3,2.76,c1cc(CNc2[nH]c3c(cccc3)n2)ccc1,A{Dardasaaaaas{dQ}r}ataaaaat,29.000000000000004
CHEMBL1682833,CS(=O)(=O)N1CCOc2cc(COc3ccccc3)cnc12,2.4,c1c(OCc2cnc3c(c2)OCCN3S(C)(=O)=O)cccc1,AE{~B}{~B}DrAABasaa{ABataaaaat}adars,35.0
CHEMBL896,OCCOCCN1CCN(CC1)C(c2ccccc2)c3ccc(Cl)cc3,3.08,C(N1CCN(C(c2ccc(Cl)cc2)c2ccccc2)CC1)COCCO,BAABAADrAAD{AAr}A{asaaaaas}ataaa{Z}aat,23.666666666666668
CHEMBL511,COc1ccc(CN(CCN(C)C)c2ccccn2)cc1,1.39,C(N(Cc1ccc(OC)cc1)c1ccccn1)CN(C)C,ABaraaa{AD{AAD{A}A}asaaaads}aar,51.83333333333334
CHEMBL2158833,OC(=O)c1ccc(CN2CCC(CN3CCC(CC3)Oc4ccc(Cl)c(Cl)c4)CC2)cc1,1.1,O(C1CCN(CC2CCN(Cc3ccc(C(O)=O)cc3)CC2)CC1)c1cc(Cl)c(Cl)cc1,BA{~B}araaa{ADsAAA{ADtAAA{AAt}Bauaaa{Z}a{Z}au}AAs}aar,56.666666666666664
CHEMBL215022,OC[C@H]1CCCN1CCCOc2ccc3c(Nc4cc(CC(=O)Nc5cccc(F)c5F)[nH]n4)ncnc3c2,2.06,c1(F)c(F)c(NC(=O)Cc2[nH]nc(Nc3c4ccc(OCCCN5CCC[C@@H]5CO)cc4ncn3)c2)ccc1,BA{A*Q}rAAADrAAABasaaata{Dauaa{AA{~B}Davaaaa{G}avG}{dQ}du}dadatas,40.666666666666664
CHEMBL1289574,FC1(CCN(CC1)C(=O)COCc2ccncc2)c3ccc(Cl)cc3,3.03,n1ccc(COCC(=O)N2CCC(c3ccc(Cl)cc3)(F)CC2)cc1,GAr{AAD{AAr}A{~B}ABAasaadaas}ataaa{Z}aat,24.500000000000004
CHEMBL2086678,COc1cnccc1COc2cnc(nc2)N3CCN(CC3)C(=O)OC(C)(C)C,3.8,n1c(N2CCN(C(OC(C)(C)C)=O)CC2)ncc(OCc2ccncc2OC)c1,ABaradaaarABasada{das}DtAAD{AAt}A{~B}BA{A}{A}A,11.66666666666667
CHEMBL395955,NC(=O)CN1C(=O)C(Cc2ccccc12)NC(=O)c3cc4cc(Cl)sc4[nH]3,3.22,C(=O)(c1cc2cc(Cl)sc2[nH]1)NC1Cc2ccccc2N(CC(N)=O)C1=O,DA{~B}ADrA{~B}A{Aasaaaaars}DA{~B}ataauaa{Z}eau{dQ}t,21.333333333333332
CHEMBL13976,CN(C)CCNC(=O)c1c(C)[nH]c(\C=C\2/C(=O)Nc3ccc(F)cc23)c1C,1.75,N(C(=O)c1c(C)[nH]c(/C=C2/c3cc(F)ccc3NC2=O)c1C)CCN(C)C,AD{A}AADA{~B}ara{A}{dQ}a{!A~A!s|A{~B}Dataaa{G}aast}arA,45.833333333333336
CHEMBL2036589,Fc1ccc(Nc2oc(nn2)C(=O)Nc3ccc(nc3)N4CCOCC4)cc1,3.0,c1nc(N2CCOCC2)ccc1NC(c1oc(Nc2ccc(F)cc2)nn1)=O,Garaaa{Dasba{dds}A{~B}Dataaa{dat}DuAABAAu}aar,25.0
CHEMBL440765,CN([C@H]1CC[C@@]2(CCCO2)C[C@@H]1N3CCCC3)C(=O)Cc4ccccc4,0.99,c1cc(CC(=O)N([C@@H]2[C@@H](N3CCCC3)C[C@]3(CCCO3)CC2)C)ccc1,AD{{A*Q}rAA{A**}s{AAABs}A{A**Q}rDtAAAAt}A{~B}Aauaaaaau,58.5
CHEMBL1923432,Cc1[nH]c(C(=O)NC2CCN(CC2)c3cc(cc(Cl)n3)C(=O)O)c(Cl)c1Cl,1.74,C(O)(c1cc(Cl)nc(N2CCC(NC(=O)c3[nH]c(C)c(Cl)c3Cl)CC2)c1)=O,Aar{dQ}a{A{~B}DAsAAD{AAs}ataa{aa{Z}dt}A{~B}B}a{Z}arZ,46.0
CHEMBL184011,COc1ccc(cc1)C(=O)Nc2cc(NC(=O)c3cccc(c3)N(C)C)ccc2C,3.17,c1c(NC(c2cc(N(C)C)ccc2)=O)ccc(C)c1NC(=O)c1ccc(OC)cc1,ABaraaa{aar}A{~B}Dasaa{DA{~B}ataaaa{at}D{A}A}aaasA,22.166666666666668
CHEMBL48616,Cc1cc(C)cc(c1)c2[nH]c3ccc(cc3c2CCNCCCCc4ccncc4)C(C)(C)C(=O)N5C6CCC5CC6,4.3,c1c(C(C(=O)N2C3CCC2CC3)(C)C)ccc2c1c(CCNCCCCc1ccncc1)c(-c1cc(C)cc(C)c1)[nH]2,Aaraa{A}aa{ar}as{dQ}ataaa{aatasAADAAAAauaadaau}A{A}{A}A{~B}DvAwAAAvAAw,3.333333333333336
CHEMBL321758,C[C@H]([C@H](O)c1ccc(O)cc1)N2CCC(O)(CC2)c3ccccc3,0.91,C1CN([C@H](C)[C@@H](c2ccc(O)cc2)O)CCC1(O)c1ccccc1,A{A*Q}{{A*Q}{B}araaa{B}aar}DsAAA{B}{AAs}ataaaaat,59.833333333333336
CHEMBL2153190,CCCSc1nc(ccc1C(=O)NC2CCCCC2)N3CCC[C@H](CC(=O)O)C3,2.18,C(CSc1c(C(=O)NC2CCCCC2)ccc(N2CCC[C@H](CC(O)=O)C2)n1)C,AAAEarda{aaarA{~B}DAsAAAAAs}DtAAA{A*Q}{AA{~B}B}At,38.666666666666664
CHEMBL516784,NC(=O)Nc1sc(cc1C(=O)N[C@H]2CCCNC2)c3ccc(F)cc3,1.76,c1c(-c2cc(C(=O)N[C@H]3CCCNC3)c(NC(N)=O)s2)ccc(F)c1,DA{~B}Darea{aarA{~B}D{A*Q}sAAADAs}ataaa{G}aat,45.666666666666664
CHEMBL2153187,CCCSc1nc(ccc1C(=O)NC2CCCCC2)N3CCCCC3C(=O)O,1.36,c1(C(=O)NC2CCCCC2)ccc(N2CCCCC2C(=O)O)nc1SCCC,AAAEarda{aaarA{~B}DAsAAAAAs}DtAAAAAtA{~B}B,52.33333333333332
CHEMBL196585,Oc1ccc(cc1)C(c2ccc(O)cc2)C(Cl)(Cl)Cl,3.86,c1cc(O)ccc1C(C(Cl)(Cl)Cl)c1ccc(O)cc1,Baraaa{aar}A{asaaa{B}aas}A{Z}{Z}Z,10.66666666666667
CHEMBL2011916,CNc1c(Br)cnc2[nH]c(nc12)c3ccc(OCCCN4CCOCC4)cc3,2.96,C(COc1ccc(-c2nc3c(NC)c(Br)cnc3[nH]2)cc1)CN1CCOCC1,ADara{Y}adas{dQ}a{dars}ataaa{BAAADuAABAAu}aat,25.666666666666668
CHEMBL191802,CSc1ccc(OCc2ccccc2)c(\C=C\c3ccc(cn3)C(=O)O)c1,2.45,c1c(COc2c(/C=C/c3ccc(C(=O)O)cn3)cc(SC)cc2)cccc1,AEaraaa{BAasaaaaas}a{!A~A!ataaa{adt}A{~B}B}ar,34.166666666666664
CHEMBL2030806,CNc1cccc(CCOc2ccc(C[C@H](NC(=O)c3c(C)cc(C)cc3C)C(=O)O)cc2)n1,0.52,c1(CCOc2ccc(C[C@@H](C(=O)O)NC(=O)c3c(C)cc(C)cc3C)cc2)nc(NC)ccc1,ADaraaaa{AABasaaa{A{A*Q}{DA{~B}ata{A}aa{A}aatA}A{~B}B}aas}dr,66.33333333333333
CHEMBL469230,CN1C(=O)N(CC2CC2)c3nn(Cc4ccnc5ccc(Cl)cc45)c(c6cc(cn6C)S(=O)(=O)C)c3C1=O,3.18,c12cc(Cl)ccc1nccc2Cn1c(-c2cc(S(=O)(C)=O)cn2C)c2c(=O)n(C)c(=O)n(CC3CC3)c2n1,ADrA{~B}D{AAsAAs}atdd{Aauaadavaaa{Z}aauv}a{awaa{adwA}E{~B}{~B}A}atAr~B,21.999999999999996
CHEMBL167176,CCCc1c(O)c(ccc1OCc2ccc(\C=C\c3nn[nH]n3)cc2)C(=O)C,3.3,n1nc(/C=C/c2ccc(COc3ccc(C(C)=O)c(O)c3CCC)cc2)n[nH]1,AAAara{B}a{aaarBAasaaa{!A~A!atdd{dQ}dt}aas}A{~B}A,20.000000000000004
CHEMBL13698,C1CN=C(N1)c2ccc3ccccc3n2,0.6,c1ccc2c(c1)ccc(C1=NCCN1)n2,ArAD~A{Dr}asaaataaaaatds,65.0
CHEMBL256115,CCCNCc1cnc(s1)c2ccc(cc2)C(=O)Nc3ccccc3N,1.75,C(Nc1ccccc1N)(=O)c1ccc(-c2ncc(CNCCC)s2)cc1,AAADAarada{er}asaaa{aas}A{~B}DataaaaatD,45.833333333333336
CHEMBL2062584,COC(=O)CCn1cc(c2cc(NC3CC3)n4ncc(C#N)c4n2)c5cc(NC(=O)C)ccc15,2.72,C(OC)(=O)CCn1cc(-c2nc3n(c(NC4CC4)c2)ncc3C#N)c2cc(NC(C)=O)ccc21,ABA{~B}AAdraa{asaa{DAtAAt}dudaa{A^D}auds}avaa{DA{~B}A}aaarv,29.66666666666666
CHEMBL387658,CC(C#Cc1ccccc1)N2NC(=O)C3=C(C2=O)C(=O)c4ccc(Cl)cc4N3,1.4,c1(Cl)cc2[nH]c3c(=O)[nH]n(C(C#Cc4ccccc4)C)c(=O)c3c(=O)c2cc1,AA{A^Aaraaaaar}DsDA{~B}At~A{As~B}A{~B}auaaa{Z}aauDt,51.666666666666664
CHEMBL1451129,CC1=CC(=O)Oc2cc3NCCCc3cc12,2.7,C1CNc2cc3c(cc2C1)c(C)cc(=O)o3,AAr~AA{~B}BasaatDAAAataars,29.999999999999996
CHEMBL1778628,OC(=O)COc1ccc(cc1c2cccc(c2)C#N)C(F)(F)F,0.05,OC(=O)COc1c(-c2cccc(C#N)c2)cc(C(F)(F)F)cc1,BA{~B}ABaraaa{aarasaaaa{as}A^D}A{G}{G}G,74.16666666666667
CHEMBL2312185,CNc1nc(C)c(s1)c2nc(Nc3cccc(c3)N4CCCNCC4)ncc2C#N,1.64,c1(-c2c(C#N)cnc(Nc3cc(N4CCCNCC4)ccc3)n2)c(C)nc(NC)s1,ADarda{A}a{er}asda{Dataaaa{at}DuAAADAAu}daasA^D,47.66666666666668
CHEMBL1807818,O[C@@H](CNCCCSCCOCCc1ccccc1)c2ccc(O)c3NC(=O)Sc23,2.3,c12sc(=O)[nH]c1c(O)ccc2[C@@H](O)CNCCCSCCOCCc1ccccc1,B{A**Q}{ADAAAEAABAAaraaaaar}asaaa{B}atDA{~B}East,36.66666666666667
CHEMBL2059375,CCNC(=O)c1cc2c(c(cnc2[nH]1)c3cncc(c3)C(=O)N)n4ccc(n4)C(F)(F)F,1.81,c1(-n2ccc(C(F)(F)F)n2)c(-c2cncc(C(N)=O)c2)cnc2[nH]c(C(NCC)=O)cc12,AADA{~B}araasa{a{adas{dQ}r}atadaa{at}A{~B}D}duaaa{du}A{G}{G}G,44.833333333333336
CHEMBL103771,C\N=C(/S)\n1nc(nc1N)c2ccc(Cl)cc2,4.12,c1cc(-c2nn(/C(S)=N/C)c(N)n2)ccc1Cl,A!D~A{|E}!drda{darD}asaaa{Z}aas,6.333333333333331
CHEMBL190458,CC1=C(CCC(=O)O)C(=O)Oc2c(C)c(O)ccc12,-0.3,c1cc2c(oc(=O)c(CCC(O)=O)c2C)c(C)c1O,AAr~A{AAA{~B}B}A{~B}Basa{A}a{B}aaars,80.0
CHEMBL8663,CC(Cc1ccccc1)N(C)CC#C,2.16,c1ccc(CC(N(CC#C)C)C)cc1,AA{Aaraaaaar}D{A}AA^A,39.0
CHEMBL1934422,C[C@H](NC(=O)c1c(C)nn(C2CCOCC2)c1NS(=O)(=O)c3ccc(C)cc3)C(C)(C)C,0.5,N([C@@H](C)C(C)(C)C)C(=O)c1c(C)nn(C2CCOCC2)c1NS(c1ccc(C)cc1)(=O)=O,A{A*Q}{DA{~B}ara{A}dd{AsAABAAs}arDE{~B}{~B}ataaa{A}aat}A{A}{A}A,66.66666666666667
CHEMBL282694,CC(C)C(NC(=O)CN1C(=O)C(=CC=C1c2ccccc2)NS(=O)(=O)NCc3ccccc3)C(=O)C(F)(F)F,2.57,O=S(=O)(NCc1ccccc1)Nc1ccc(-c2ccccc2)n(CC(=O)NC(C(C)C)C(=O)C(F)(F)F)c1=O,AA{A}A{DA{~B}ADrA{~B}A{~AA~Arasaaaaas}DE{~B}{~B}DAataaaaat}A{~B}A{G}{G}G,32.16666666666667
CHEMBL196707,Cc1c(CC(=O)O)c2cc(F)ccc2n1S(=O)(=O)c3ccc(cc3)S(=O)(=O)C,-0.44,c1c2c(c(CC(O)=O)c(C)n2S(=O)(c2ccc(S(=O)(C)=O)cc2)=O)cc(F)c1,Aara{AA{~B}B}asaa{G}aaasdrE{~B}{~B}ataaa{aat}E{~B}{~B}A,82.33333333333334
CHEMBL1950846,CN[C@@H](C)C(=O)N[C@H](C(=O)N[C@H]1CCCN(C1)S(=O)(=O)c2ccccc2)C(C)(C)C,0.9,N([C@H](C(=O)N[C@@H](C(C)(C)C)C(=O)N[C@H]1CCCN(S(=O)(=O)c2ccccc2)C1)C)C,AD{A**Q}{A}A{~B}D{A*Q}{A{~B}D{A*Q}rAAAD{Ar}E{~B}{~B}asaaaaas}A{A}{A}A,60.0
CHEMBL589,CCCN(CCC)CCc1cccc2NC(=O)Cc12,0.76,C(CN(CCC)CCc1cccc2c1CC(=O)N2)C,AAAD{AAA}AAaraaaasDA{~B}Aars,62.333333333333336
CHEMBL2325988,CC(NC(=O)C1(N)CCN(CC1)c2ncnc3[nH]ccc23)c4cccnc4,1.2,N(C(C)c1cnccc1)C(=O)C1(N)CCN(c2ncnc3[nH]ccc32)CC1,AA{DA{~B}Ar{D}AAD{AAr}asdadat{dQ}aaast}auaaadau,55.0
CHEMBL1779503,Clc1ccc(cc1C(=O)NCCc2ccccc2)N3N=CC(=O)NC3=O,0.74,c1ccc(CCNC(=O)c2cc(-n3c(=O)[nH]c(=O)cn3)ccc2Cl)cc1,Zaraaa{aarA{~B}DAAasaaaaas}DtD~AA{~B}DAt~B,62.666666666666664
CHEMBL1917445,Cc1ccc2c(c1)c([S+]([O-])c3ccc(Cl)cc3)c(C)n2CC(=O)O,0.05,c1c([S+](c2c(C)n(CC(=O)O)c3ccc(C)cc23)[O-])ccc(Cl)c1,Aaraaasa{ar}a{{E%}{{B_}}ataaa{Z}aat}a{A}dsAA{~B}B,74.16666666666667
CHEMBL126857,CCN(CC)C(=O)c1ccc(cc1)C(=C2CCNCC2)c3ccc(Cl)c(Cl)c3,2.4,C1C(=C(c2cc(Cl)c(Cl)cc2)c2ccc(C(=O)N(CC)CC)cc2)CCNC1,AAD{AA}A{~B}araaa{aar}A{~AsAADAAs}ataaa{Z}a{Z}at,35.0
CHEMBL2158770,OC(=O)[C@H](Cc1cccc(c1)C#N)N2CCC(CN3CCC(CC3)Oc4ccc(Cl)c(Cl)c4)CC2,2.26,C1N(CC2CCN([C@@H](Cc3cccc(C#N)c3)C(=O)O)CC2)CCC(Oc2ccc(Cl)c(Cl)c2)C1,BA{~B}{A*Q}{Aaraaaa{ar}A^D}DsAAA{ADtAAA{AAt}Bauaaa{Z}a{Z}au}AAs,37.333333333333336
CHEMBL1459468,COc1ccccc1C(=O)Nc2nc3ccccc3[nH]2,2.9,O=C(c1ccccc1OC)Nc1nc2ccccc2[nH]1,ABaraaaaarA{~B}Dasdataaaaat{dQ}s,26.666666666666668
CHEMBL1498995,CNc1ncc(s1)C(=O)c2ccccc2,2.36,c1(C(=O)c2cnc(NC)s2)ccccc1,ADardaa{er}A{~B}asaaaaas,35.666666666666664
CHEMBL94191,COc1cc2ncnc(Nc3ccccc3)c2cc1OC,3.04,n1c(Nc2ccccc2)c2c(cc(OC)c(OC)c2)nc1,ABaraasdada{Dataaaaat}asaarBA,24.333333333333332
CHEMBL217665,CN1CCN(CC1)c2ccc(Nc3ccnc4ccccc34)cc2,1.3,c1c(Nc2ccnc3ccccc23)ccc(N2CCN(C)CC2)c1,ADrAAD{AAr}asaaa{Dataadauaaaaatu}aas,53.333333333333336
CHEMBL563379,CNC[C@H](O)c1ccc(Cl)c(c1)C(=O)NCC23CC4CC(CC(C4)C2)C3,1.41,O=C(c1c(Cl)ccc([C@@H](O)CNC)c1)NCC12CC3CC(CC(C3)C1)C2,ADA{A*Q}{B}araaa{Z}a{ar}A{~B}DAAstAAuAA{AA{Au}As}At,51.5
CHEMBL1101,OC(CCN1CCCCC1)(C2CC3CC2C=C3)c4ccccc4,2.49,C1=CC2C(C(O)(c3ccccc3)CCN3CCCCC3)CC1C2,BA{AADrAAAAAr}{AsAAtAAsA~At}auaaaaau,33.49999999999999
CHEMBL1575409,COc1ccc(CNC(=O)CSc2nc3cccnc3s2)cc1,2.5,C(CSc1nc2c(s1)nccc2)(=O)NCc1ccc(OC)cc1,ABaraaa{ADA{~B}AEasdataaadates}aar,33.333333333333336
CHEMBL2335896,C[C@@H](NC(=O)C)c1ccc(Nc2ncc3cc(ccc3n2)c4ccncc4)cc1,3.18,c1([C@@H](C)NC(C)=O)ccc(Nc2ncc3c(ccc(-c4ccncc4)c3)n2)cc1,A{A**Q}{DA{~B}A}araaa{Dasdaataa{aaatds}auaadaau}aar,21.999999999999996
CHEMBL2179667,CC1=CN([C@H]2CCCN(Cc3ccc(C(=O)O)c(Oc4cccc(C)c4)c3)C2)C(=O)NC1=O,-0.82,c1(CN2CCC[C@H](n3cc(C)c(=O)[nH]c3=O)C2)ccc(C(O)=O)c(Oc2cccc(C)c2)c1,AAr~AD{{A*Q}sAAAD{Aataaa{A{~B}B}a{Bauaaaa{A}au}at}As}A{~B}DAr~B,88.66666666666667
CHEMBL126519,CCCc1c(O)c(O)c(C(=O)O)c2cc(Cc3ccccc3)c(C)cc12,2.6,C(O)(c1c2c(c(CCC)c(O)c1O)cc(C)c(Cc1ccccc1)c2)=O,AAAara{B}a{B}a{A{~B}B}asaa{Aataaaaat}a{A}aars,31.666666666666668
CHEMBL360425,CS(=O)(=O)Nc1cccc(NC(=O)CN2CCN([C@H](Cc3ccccc3)C2)C(=O)C[C@H](N)Cc4ccc(F)c(F)c4)c1,2.06,C1N(C(=O)C[C@@H](Cc2cc(F)c(F)cc2)N)[C@H](Cc2ccccc2)CN(CC(=O)Nc2cc(NS(C)(=O)=O)ccc2)C1,AE{~B}{~B}Daraaaa{DA{~B}ADsAAD{{A*Q}{Aataaaaat}As}A{~B}A{A*Q}{D}Aauaaa{G}a{G}au}ar,40.666666666666664
CHEMBL17771,O=S1NC(=NO1)Cc2ccc3ccccc3c2,1.85,c12ccccc1ccc(CC1=NOS(=O)N1)c2,B~ErDA{~DBr}Aasaaataaaaatas,44.166666666666664
CHEMBL495497,O=C(N1CCN(CC1)c2ccccn2)c3cccc(CC4=NNC(=O)c5ccccc45)c3,2.36,C(c1cccc(C(=O)N2CCN(c3ncccc3)CC2)c1)c1n[nH]c(=O)c2c1cccc2,B~A{DrAAD{AAr}asaaaads}ataaaa{AAu~DDA{~B}avaaaaauv}at,35.666666666666664
CHEMBL1534781,COc1cnc(nc1N(C)c2ccccc2)c3ccccn3,2.79,c1cccc(N(C)c2c(OC)cnc(-c3ccccn3)n2)c1,ABarada{darD{A}asaaaaas}ataaaadt,28.5
CHEMBL1783734,CS(=O)(=O)c1ccc(cc1Cl)[C@@H](C[C@H]2CCC(=O)C2)C(=O)Nc3cnccn3,1.39,[C@H]1(C[C@@H](C(=O)Nc2nccnc2)c2ccc(S(=O)(=O)C)c(Cl)c2)CCC(=O)C1,AE{~B}{~B}araaa{aarZ}{A**Q}{A{A*Q}sAAA{~B}As}A{~B}Datadaadt,51.83333333333334
CHEMBL1289545,Cc1nc(cs1)C(=O)N2CCOC3(CCN(Cc4ccc(Cl)cc4)CC3)C2,2.17,C(=O)(c1csc(C)n1)N1CCOC2(CCN(Cc3ccc(Cl)cc3)CC2)C1,Aarda{aer}A{~B}DsAABAt{AAD{Aauaaa{Z}aau}AAt}As,38.833333333333336
CHEMBL2171013,CN(C(=O)N1CCC(CC1)N2CCC(CC2)Oc3ccc(Cl)c(Cl)c3)S(=O)(=O)c4ccc(C)cc4,4.49,C1(N2CCC(Oc3ccc(Cl)c(Cl)c3)CC2)CCN(C(=O)N(S(=O)(c2ccc(C)cc2)=O)C)CC1,AD{A{~B}DrAAA{AAr}DsAAA{AAs}Bataaa{Z}a{Z}at}E{~B}{~B}auaaa{A}aau,0.1666666666666631
CHEMBL1762482,Cc1ccnc(NCc2ccccc2)c1,3.08,c1nc(NCc2ccccc2)cc(C)c1,Aaraada{DAasaaaaas}ar,23.666666666666668
CHEMBL1515,CN1C=CNC1=S,-0.42,c1cn(C)c(=S)[nH]1,ADrA~ADAr~E,82.0
CHEMBL208292,COc1cc2ncnc(Nc3cccc(Cl)c3F)c2cc1CN4CCC[C@@H]4C(=O)N,3.58,O(C)c1cc2c(cc1CN1CCC[C@@H]1C(=O)N)c(Nc1cccc(Cl)c1F)ncn2,ABaraasdada{Dataaaa{Z}atG}asaarADuAAA{A**Q}uA{~B}D,15.333333333333334
CHEMBL1270670,CS(=O)(=O)c1cccc(Nc2nccc(Nc3c(Cl)ccc4ccoc34)n2)c1,3.7,o1ccc2ccc(Cl)c(Nc3ccnc(Nc4cc(S(=O)(C)=O)ccc4)n3)c12,AE{~B}{~B}araaaa{Dasdaaa{Data{Z}aaauaabatu}ds}ar,13.33333333333333
CHEMBL550687,NC(=N)Nc1ccc(cc1)C(=O)Oc2ccc(cc2)[N+](=O)[O-],0.5,N=C(Nc1ccc(C(Oc2ccc([N+]([O-])=O)cc2)=O)cc1)N,DA{~D}Daraaa{aar}A{~B}Basaaa{aas}{D%}{~B}{B_},66.66666666666667
CHEMBL1951904,CCN(C1CCN(CCC(C2CCN(Cc3ccccc3)CC2)c4ccccc4)CC1)C(=O)Cc5ccc(cc5)S(=O)(=O)C,2.41,c1cccc(CN2CCC(C(CCN3CCC(N(CC)C(Cc4ccc(S(=O)(C)=O)cc4)=O)CC3)c3ccccc3)CC2)c1,AAD{ArAAD{AAA{AsAAD{Aataaaaat}AAs}auaaaaau}AAr}A{~B}Aavaaa{aav}E{~B}{~B}A,34.833333333333336
CHEMBL2325731,CN(C)C(=O)CC(NC(=O)C1(N)CCN(CC1)c2ncnc3[nH]ccc23)c4ccc(Cl)cc4,2.4,CN(C(CC(c1ccc(Cl)cc1)NC(C1(N)CCN(c2ncnc3[nH]ccc32)CC1)=O)=O)C,AD{A}A{~B}AA{DA{~B}Ar{D}AAD{AAr}asdadat{dQ}aaast}auaaa{Z}aau,35.0
CHEMBL2171043,Clc1cccc(c1)S(=O)(=O)NC(=O)N2CCC(CC2)N3CCC(CC3)Oc4ccc(Cl)c(Cl)c4,2.62,c1(Cl)ccc(OC2CCN(C3CCN(C(=O)NS(=O)(=O)c4cccc(Cl)c4)CC3)CC2)cc1Cl,Zaraaaa{ar}E{~B}{~B}DA{~B}DsAAA{AAs}DtAAA{AAt}Bauaaa{Z}a{Z}au,31.333333333333332
CHEMBL1809199,COc1cc(ccc1Nc2ncc(Cl)c(n2)c3cnc4c(C)cccn34)N5CCN(CC5)C(=O)C,3.2,N(c1ncc(Cl)c(-c2n3cccc(C)c3nc2)n1)c1c(OC)cc(N2CCN(C(=O)C)CC2)cc1,ABaraa{aaarDasdaa{Z}a{ds}atadaua{A}aaadtu}DvAAD{AAv}A{~B}A,21.66666666666666
CHEMBL2325503,CS(=O)(=O)c1ccc(nc1)c2nnc(\C=C\c3oc(nn3)c4ccc(cc4)C#N)n2c5ccccc5Cl,2.66,n1(-c2ccccc2Cl)c(/C=C/c2oc(-c3ccc(C#N)cc3)nn2)nnc1-c1ccc(S(=O)(C)=O)cn1,AE{~B}{~B}araaa{dar}asdda{!A~A!atba{ddt}auaaa{aau}A^D}dsavaaaaavZ,30.666666666666668
CHEMBL486894,Oc1ccc(cc1)C2=Cc3cc(O)ccc3OC2=O,2.9,O=c1c(-c2ccc(O)cc2)cc2cc(O)ccc2o1,Baraaa{aar}As~Aataa{B}aaatBAs~B,26.666666666666668
CHEMBL13280,CN1C(=O)CN=C(c2ccccc2F)c3cc(ccc13)[N+](=O)[O-],2.1,N1(C)C(=O)CN=C(c2c(F)cccc2)c2c1ccc([N+]([O-])=O)c2,ADrA{~B}AD~A{asaaaaasG}ataa{aaart}{D%}{~B}{B_},40.0
CHEMBL1086377,CCN1CCN(CC(=O)Nc2ccc(c3cccc4C(=O)C=C(Oc34)N5CCOCC5)c6sc7ccccc7c26)CC1,3.05,O=c1c2cccc(-c3c4c(c5c(s4)cccc5)c(NC(=O)CN4CCN(CC)CC4)cc3)c2oc(N2CCOCC2)c1,AADrAAD{AA{~B}Dasaaa{ataaaauA{~B}A~A{Batu}DvAABAAv}aweaxaaaaaxasw}AAr,24.16666666666667
CHEMBL510101,COc1ccc(CNCc2ccc(cc2)c3cc(C(=O)N)c(NC(=O)N)s3)cc1,2.55,s1c(-c2ccc(CNCc3ccc(OC)cc3)cc2)cc(C(N)=O)c1NC(N)=O,ABaraaa{ADAasaaa{aas}ataa{A{~B}D}a{DA{~B}D}et}aar,32.50000000000001
CHEMBL478407,CC(C)n1c(C)ncc1c2ccnc(Nc3ccc(F)cc3)n2,3.62,c1(-c2nc(Nc3ccc(F)cc3)ncc2)n(C(C)C)c(C)nc1,AA{A}dra{A}daarasaada{Dataaa{G}aat}ds,14.666666666666664
CHEMBL1916541,COc1ccc2C(=NC(=O)N(CCN3CCC(CC3)NCc4cc5OCCOc5cn4)c2c1)C,0.29,N(Cc1ncc2c(c1)OCCO2)C1CCN(CCn2c(=O)nc(C)c3c2cc(OC)cc3)CC1,ABaraaasA{~DA{~B}D{AADtAAA{AAt}DAauaavBAABavadu}asar}A,70.16666666666667
CHEMBL32363,COC(=O)C1C(CC2CCC1N2C)OC(=O)c3ccccc3,1.06,O=C(OC1CC2N(C)C(C1C(OC)=O)CC2)c1ccccc1,ABA{~B}ArA{AAsAAArDsA}BA{~B}ataaaaat,57.333333333333336
CHEMBL2059004,Cc1nc2ccc(NC(=O)CCNC(=O)N)cc2s1,0.9,N(C(=O)CCNC(=O)N)c1ccc2nc(C)sc2c1,Aardasaaa{DA{~B}AADA{~B}D}aaser,60.0
CHEMBL2208430,O[C@H](CNC(=O)c1c[nH]c2ccccc12)CN3CCC(CC3)Oc4ccc(Cl)c(Cl)c4,3.91,N1(C[C@H](O)CNC(=O)c2c[nH]c3c2cccc3)CCC(Oc2ccc(Cl)c(Cl)c2)CC1,B{A*Q}{ADA{~B}ara{dQ}asaaaaars}ADtAAA{AAt}Bauaaa{Z}a{Z}au,9.83333333333333
CHEMBL272705,C[C@H](CO)Nc1nc(SCc2occc2)nc3NC(=O)Sc13,2.21,c1c(CSc2nc3c(sc(=O)[nH]3)c(N[C@H](C)CO)n2)occ1,A{A*Q}{AB}Darda{EAasbaaas}datDA{~B}Eart,38.166666666666664
CHEMBL394859,Clc1ccc(CNc2nc(nc3ncccc23)N4CCN(CC4)C(=O)[C@@H]5CCCN5)c(Cl)c1,2.41,C1CN(C([C@@H]2CCCN2)=O)CCN1c1nc2c(c(NCc3c(Cl)cc(Cl)cc3)n1)cccn2,Zaraaa{ADasda{datdaaaast}DuAAD{AAu}A{~B}{A**Q}vAAADv}a{Z}ar,34.833333333333336
CHEMBL1311211,O=C(CN1CCN(CC1)c2ccccc2)Nc3c(cnn3c4ccccc4)C#N,2.3,c1cccc(-n2c(NC(CN3CCN(c4ccccc4)CC3)=O)c(C#N)cn2)c1,B~A{ADrAAD{AAr}asaaaaas}Data{addtauaaaaau}A^D,36.66666666666667
CHEMBL137,Cc1ncc([N+](=O)[O-])n1CCO,-0.11,c1nc(C)n(CCO)c1[N+]([O-])=O,Aardaa{{D%}{~B}{B_}}drAAB,76.83333333333334
CHEMBL1630120,COCCN1CCN(CC(=O)Nc2ccc(C3=CC=CN4C(=O)C=C(N=C34)N5CCOCC5)c6sc7ccccc7c26)CC1,3.2,c1(-c2ccc(NC(=O)CN3CCN(CCOC)CC3)c3c2sc2ccccc32)cccn2c(=O)cc(N3CCOCC3)nc12,ABAADrAAD{AA{~B}Dasaaa{At~AA~ADuA{~B}A~A{D~Atu}DvAABAAv}aweaxaaaaaxasw}AAr,21.66666666666666
CHEMBL2207284,CNS(=O)(=O)c1ccc2C(=CNC(=O)c2c1)C(=O)NC[C@@H](O)CN3CCC(CC3)Oc4ccc(Cl)c(Cl)c4,2.77,C(N1CCC(Oc2cc(Cl)c(Cl)cc2)CC1)[C@H](O)CNC(c1c[nH]c(=O)c2cc(S(NC)(=O)=O)ccc12)=O,ADE{~B}{~B}araaasA{~ADA{~B}asar}A{~B}DA{A**Q}{B}ADtAAA{AAt}Bauaaa{Z}a{Z}au,28.833333333333332
CHEMBL279261,OC1(CN2CCC1CC2)c3ccc(cc3)c4ccccc4,1.5,c1c(C2(O)CN3CCC2CC3)ccc(-c2ccccc2)c1,BAr{ADsAAArAAs}ataaa{aat}auaaaaau,50.0
CHEMBL204825,Oc1nnc(Cc2cccc(c2)C(=O)N3CCOCC3)c4ccccc14,1.0,c1(Cc2c3ccccc3c(O)nn2)cc(C(=O)N2CCOCC2)ccc1,Bardda{Aasaaaa{as}A{~B}DtAABAAt}auaaaaaru,58.333333333333336
CHEMBL1650729,C[C@H](Nc1ncc(Br)c(Nc2cc(C)[nH]n2)n1)c3ncc(F)cn3,2.39,c1c(F)cnc([C@H](C)Nc2ncc(Br)c(Nc3cc(C)[nH]n3)n2)n1,A{A*Q}{Dardaa{Y}a{Dasaa{A}{dQ}ds}dr}atdaa{G}adt,35.166666666666664
CHEMBL1916085,CN(C1CCCCC1)C(=O)c2cnn(c2NS(=O)(=O)c3ccc(C)cc3)c4ccccc4,2.01,O=S(c1ccc(C)cc1)(Nc1n(-c2ccccc2)ncc1C(N(C1CCCCC1)C)=O)=O,AD{ArAAAAAr}A{~B}asadd{asDE{~B}{~B}ataaa{A}aat}auaaaaau,41.50000000000001
CHEMBL1556667,CSc1ncccc1C(=O)NCc2ccc(C)cc2,2.71,c1cc(CNC(c2c(SC)nccc2)=O)ccc1C,AEardaaaarA{~B}DAasaaa{A}aas,29.833333333333332
CHEMBL1789224,CNCC[C@@H](Oc1cc(ccc1C#N)C(F)(F)F)c2ccccc2,1.3,c1cc([C@H](Oc2c(C#N)ccc(C(F)(F)F)c2)CCNC)ccc1,ADAA{A**Q}{Baraa{aaarA^D}A{G}{G}G}asaaaaas,53.333333333333336
CHEMBL470897,CCC(C)Nc1nc(nc(N2CCOCC2)c1N)C#N,2.8,C(C)C(C)Nc1nc(C#N)nc(N2CCOCC2)c1N,AAA{A}Darda{da{DsAABAAs}arD}A^D,28.33333333333334
CHEMBL51594,C1Cc2ccccc2CN1c3ccncc3,1.4,c1c(N2Cc3ccccc3CC2)ccnc1,ArAasaaaaasADrataadaat,51.666666666666664
CHEMBL1437137,CC(N)(COP(=O)(O)O)C(=O)O,2.5,C(COP(=O)(O)O)(N)(C(O)=O)C,AA{D}{ABF{~B}{B}B}A{~B}B,33.333333333333336
CHEMBL2313078,Oc1ccc(Cl)cc1C(=O)Nc2ccc(F)cc2F,3.6,c1(F)c(NC(c2cc(Cl)ccc2O)=O)ccc(F)c1,Baraaa{Z}aarA{~B}Dasaaa{G}aasG,14.999999999999998
CHEMBL1223870,CN(C)C(=O)N[C@@H]1CC[C@@H](CCN2[C@@H]3CC[C@H]2C[C@H](C3)Oc4cccc(c4)C(=O)N)CC1,0.12,c1cc(C(N)=O)cc(O[C@@H]2C[C@@H]3CC[C@@H](N3CC[C@H]3CC[C@H](NC(=O)N(C)C)CC3)C2)c1,AD{A}A{~B}D{A**Q}rAA{A**Q}{AADs{A**Q}tAA{A*Q}sA{A*Q}{At}Bauaaaa{au}A{~B}D}AAr,73.0
CHEMBL1916286,C[C@H](NC(=O)c1c(C)nn(c1NS(=O)(=O)C2CCCCC2)c3ccccc3)C(C)(C)C,1.75,CC(C)(C)[C@@H](NC(c1c(NS(=O)(C2CCCCC2)=O)n(-c2ccccc2)nc1C)=O)C,A{A*Q}{DA{~B}ara{A}dd{arDE{~B}{~B}AsAAAAAs}ataaaaat}A{A}{A}A,45.833333333333336
CHEMBL1231626,NC(=O)c1cnc(N[C@H]2CCCNC2)c3cc(sc13)c4ccc(Cl)cc4,2.78,N(c1c2c(sc(-c3ccc(Cl)cc3)c2)c(C(N)=O)cn1)[C@@H]1CNCCC1,DA{~B}arada{D{A*Q}sAAADAs}ataa{eart}auaaa{Z}aau,28.66666666666667
CHEMBL1946024,CCN(CC)C(=O)c1ccc(cc1)C(=C2CCN(Cc3ccc(F)cc3)CC2)c4ccc(NC(=O)OC)cc4,4.01,C(C)N(C(c1ccc(C(c2ccc(NC(OC)=O)cc2)=C2CCN(Cc3ccc(F)cc3)CC2)cc1)=O)CC,AAD{AA}A{~B}araaa{aar}A{~AsAAD{Aataaa{G}aat}AAs}auaaa{DA{~B}BA}aau,8.16666666666667
CHEMBL108246,Cc1ccccc1CCOCCCS(=O)(=O)CCNCCc2ccc(O)c3nc(O)sc23,2.84,c1(C)ccccc1CCOCCCS(=O)(=O)CCNCCc1c2sc(O)nc2c(O)cc1,AaraaaaarAABAAAE{~B}{~B}AADAAasaaa{B}atda{B}east,27.666666666666668
CHEMBL1939741,CCN(C)C(=O)c1ccc(cc1)[C@@H](N2CCN(Cc3cccnc3)CC2)c4cccc(NC(=O)C5CCC5)c4,3.27,C1CN(Cc2cccnc2)CCN1[C@@H](c1cccc(NC(C2CCC2)=O)c1)c1ccc(C(N(C)CC)=O)cc1,AAD{A}A{~B}araaa{aar}{A**Q}{DsAAD{Aataaadat}AAs}auaaaa{DA{~B}AvAAAv}au,20.5
CHEMBL315970,CC(C)CN1C(=O)N(C)C(=O)c2cn(Cc3cccc4ccccc34)cc12,4.41,C(C)(C)Cn1c2cn(Cc3cccc4ccccc43)cc2c(=O)n(C)c1=O,AA{A}ADrA{~B}D{A}A{~B}asad{Aataaaauaaaaatu}aars,1.4999999999999976
CHEMBL2087086,C[C@@H]1CN(CCN1c2ncc(OCc3ccncc3C#N)cn2)c4onc(n4)C(F)(F)F,3.1,n1c(N2CCN(c3nc(C(F)(F)F)no3)C[C@H]2C)ncc(OCc2ccncc2C#N)c1,A{A**Q}rAD{AADrasdaa{BAataadaatA^D}ads}aubda{du}A{G}{G}G,23.333333333333332
CHEMBL1922094,C[C@H](O)C(=O)N1CCN(Cc2sc3c(nc(nc3c2C)c4cnc(N)nc4)N5CCOCC5)CC1,1.9,n1cc(-c2nc3c(C)c(CN4CCN(C(=O)[C@H](C)O)CC4)sc3c(N3CCOCC3)n2)cnc1N,A{A*Q}{B}A{~B}DrAAD{Aaseata{da{datasA}auada{D}dau}DvAABAAv}AAr,43.333333333333336
CHEMBL71271,Oc1ccc(cc1)C2=Cc3ccccc3OC2=O,3.0,c1(-c2ccc(O)cc2)cc2ccccc2oc1=O,Baraaa{aar}As~AataaaaatBAs~B,25.0
CHEMBL1468264,COc1cc(OC)c2nc(C)c3CCN(c4ccc(O)cc4)c3c2c1,1.5,COc1cc(OC)cc2c3c(c(C)nc21)CCN3c1ccc(O)cc1,ABaraa{BA}asda{A}atAAD{auaaa{B}aau}atasar,50.0
CHEMBL1774099,COc1ccccc1N2CCN(CC3=C(Br)C(=O)N(N3C)c4ccccc4)CC2,2.5,COc1ccccc1N1CCN(Cc2c(Br)c(=O)n(-c3ccccc3)n2C)CC1,ABaraaaaarDsAAD{AAt~A{Y}A{~B}D{DtA}auaaaaau}AAs,33.333333333333336
CHEMBL2031461,CN1CCN(CC1)c2ccc3N=CN(C(=O)c3c2)c4cc(ccc4C)C(=O)Nc5ccon5,1.87,c1c(NC(c2ccc(C)c(-n3cnc4ccc(N5CCN(C)CC5)cc4c3=O)c2)=O)noc1,ADrAAD{AAr}asaaatD~AD{A{~B}atas}auaa{aaauA}A{~B}Davaabdv,43.833333333333336
CHEMBL1807827,O[C@@H](CNCCSCCCNCCc1cccc(Cl)c1)c2ccc(O)c3NC(=O)Sc23,0.98,O[C@@H](CNCCSCCCNCCc1cccc(Cl)c1)c1c2sc(=O)[nH]c2c(O)cc1,B{A**Q}{ADAAEAAADAAaraaaa{Z}ar}asaaa{B}atDA{~B}East,58.666666666666664
CHEMBL2331843,CCc1[nH]c2nc(Sc3cnc4ccc[n+]([O-])c4c3)nc(N5CC[C@@H](N)C5)c2c1Cl,2.0,C(C)c1c(Cl)c2c(N3CC[C@@H](N)C3)nc(Sc3cc4[n+]([O-])cccc4nc3)nc2[nH]1,AAar{dQ}asda{Eatadauaaa{d%}{{B_}}auat}da{DvAA{A**Q}{D}Av}asarZ,41.666666666666664
CHEMBL1350030,OC1(C(=O)Nc2ccccc12)c3ccccc3,1.71,c1ccccc1C1(O)C(=O)Nc2ccccc21,BAr{A{~B}Dasaaaaars}ataaaaat,46.5
CHEMBL27577,NC(=O)c1ccccc1O,1.09,Oc1c(C(=O)N)cccc1,DA{~B}araaaaarB,56.833333333333336
CHEMBL233238,OCC(CO)NC(=O)CN1C(=O)C(Cc2ccccc12)NC(=O)c3cc4cc(Cl)sc4[nH]3,2.61,N1(CC(NC(CO)CO)=O)c2c(cccc2)CC(NC(c2cc3c(sc(Cl)c3)[nH]2)=O)C1=O,BAA{AB}DA{~B}ADrA{~B}A{Aasaaaaars}DA{~B}ataauaa{Z}eau{dQ}t,31.5
CHEMBL436968,CC(C)Oc1cc(OCCN2CCOCC2)cc3ncnc(Nc4c(Cl)ccc5OCOc45)c13,3.68,CC(C)Oc1cc(OCCN2CCOCC2)cc2ncnc(Nc3c4c(ccc3Cl)OCO4)c12,AA{A}Baraa{BAADsAABAAs}aatdada{Daua{Z}aaavBABauv}art,13.666666666666664
CHEMBL2163584,Brc1cccc2c3CN(CCc3[nH]c12)C(=O)[C@@H]4CCCC[C@H]4C(=O)NC5(CC5)C#N,3.12,c12c(c3c(c(Br)ccc3)[nH]1)CN(C([C@H]1[C@H](C(=O)NC3(C#N)CC3)CCCC1)=O)CC2,YaraaaasatAD{AAat{dQ}ars}A{~B}{A**Q}uAAAA{A*Q}uA{~B}DAv{AAv}A^D,23.0
CHEMBL351811,NC(Cc1ccccc1)c2ccccc2,1.32,c1c(CC(c2ccccc2)N)cccc1,DA{Aaraaaaar}asaaaaas,53.0
CHEMBL87563,CCOC(=O)c1ccc(OC(=O)CCCCCN=C(N)N)cc1,2.41,C(C(=O)Oc1ccc(C(=O)OCC)cc1)CCCCN=C(N)N,AABA{~B}araaa{BA{~B}AAAAAD~A{D}D}aar,34.833333333333336
CHEMBL269538,COc1ccc2c(c1)[nH]c3c(C)nccc23,2.9,[nH]1c2c(ccnc2C)c2c1cc(OC)cc2,ABaraaasa{ar}{dQ}ata{A}daaast,26.666666666666668
CHEMBL1224215,Cc1cc(ccc1O[C@H]2C[C@H]3CC[C@@H](C2)N3Cc4ccccc4)C(=O)N,2.23,C1[C@@H]2CC[C@H](C[C@@H]1Oc1ccc(C(=O)N)cc1C)N2Cc1ccccc1,Aaraa{aaarB{A*Q}sA{A*Q}tAA{A**Q}{As}DtAauaaaaau}A{~B}D,37.833333333333336
CHEMBL562308,OCCNCCNc1ccc2c(NC(=O)CC34CC5CC(CC(C5)C3)C4)cccc2n1,1.79,C(CC12CC3CC(CC(C1)C3)C2)(Nc1c2c(ccc1)nc(NCCNCCO)cc2)=O,BAADAADaraaasa{DA{~B}AAtuAAvAA{AA{Av}At}Au}aaaasdr,45.166666666666664
CHEMBL2036763,Clc1cccc(NC(=O)N2CCN(C[C@@H]3CCCN(C3)C4CC4)CC2)c1,2.74,C1N(C(Nc2cccc(Cl)c2)=O)CCN(C[C@H]2CN(C3CC3)CCC2)C1,Zaraaaa{DA{~B}DsAAD{A{A**Q}tAAAD{At}AuAAu}AAs}ar,29.33333333333333
CHEMBL1945299,COc1ccccc1CNCCc2cccc(CCNC[C@H](O)c3ccc(O)c4NC(=O)Sc34)c2,0.91,C(Cc1cccc(CCNC[C@@H](c2c3sc(=O)[nH]c3c(O)cc2)O)c1)NCc1ccccc1OC,ABaraaaaarADAAasaaaa{AADA{A*Q}{B}ataaa{B}auDA{~B}Eatu}as,59.833333333333336
CHEMBL2219422,Cn1ncc(Cl)c1c2cc(sc2Cl)C(=O)N[C@H](CN)Cc3cccc(F)c3,2.99,s1c(C(N[C@H](CN)Cc2cc(F)ccc2)=O)cc(-c2n(C)ncc2Cl)c1Cl,Adrdaa{Z}arasaa{easZ}A{~B}D{A*Q}{AD}Aataaaa{G}at,25.16666666666666
CHEMBL184,Nc1nc(O)c2ncn(COCCO)c2n1,-1.42,c12nc(N)nc(O)c1ncn2COCCO,Darda{B}asdad{ABAAB}asdr,98.66666666666667
CHEMBL2028019,CN(C)C(=O)N[C@@H]1CC[C@@H](CCN2CCN(CC2)c3cccc(Cl)c3Cl)CC1,3.6,C(N1CCN(c2cccc(Cl)c2Cl)CC1)C[C@H]1CC[C@H](NC(N(C)C)=O)CC1,AD{A}A{~B}D{A**Q}rAA{A**Q}{AADsAAD{AAs}ataaaa{Z}atZ}AAr,14.999999999999998
CHEMBL2207658,O[C@H](CNC(=O)c1c[nH]nc1C(F)(F)F)CN2CCC(CC2)Oc3ccc(Cl)c(Cl)c3,3.34,O=C(NC[C@H](CN1CCC(Oc2cc(Cl)c(Cl)cc2)CC1)O)c1c(C(F)(F)F)n[nH]c1,B{A*Q}{ADA{~B}ara{dQ}darA{G}{G}G}ADsAAA{AAs}Bataaa{Z}a{Z}at,19.333333333333336
CHEMBL2068839,Cc1ccc(COC(=O)N2CC[C@H](CNc3ncccn3)[C@H](F)C2)cc1,3.21,N(c1ncccn1)C[C@@H]1[C@H](F)CN(C(OCc2ccc(C)cc2)=O)CC1,Aaraaa{ABA{~B}DsAA{A*Q}{ADatdaaadt}{A*Q}{G}As}aar,21.5
CHEMBL118755,Clc1ccc2C(=O)C3=C(Nc2c1)C(=O)NN(Cc4ccncc4)C3=O,-0.16,c1nccc(Cn2[nH]c(=O)c3[nH]c4cc(Cl)ccc4c(=O)c3c2=O)c1,ZaraaasA{~B}At~A{Dasar}A{~B}DD{Aauaadaau}At~B,77.66666666666667
CHEMBL384467,C[C@@H]1C[C@H]2[C@@H]3CCC4=CC(=O)C=C[C@]4(C)[C@@]3(F)[C@@H](O)C[C@]2(C)[C@@]1(O)C(=O)CO,1.87,F[C@@]12[C@@]3(C)C=CC(=O)C=C3CC[C@H]1[C@@H]1C[C@@H](C)[C@@](C(=O)CO)(O)[C@@]1(C)C[C@@H]2O,A{A**Q}rA{A*Q}s{A**Q}tAAAu~AA{~B}A~A{A*}u{A}{A**}t{G}{A**Q}{B}A{A*}s{A}{A**}r{B}A{~B}AB,43.833333333333336
CHEMBL1270772,CS(=O)(=O)c1cccc(Nc2nccc(Nc3cccc4CCOc34)n2)c1,3.0,O=S(C)(=O)c1cc(Nc2nccc(Nc3c4c(ccc3)CCO4)n2)ccc1,AE{~B}{~B}araaaa{Dasdaaa{DataaaauAABatu}ds}ar,25.0
CHEMBL2208426,CS(=O)(=O)c1ccc(s1)C(=O)NC[C@@H](O)CN2CCC(CC2)Oc3ccc(Cl)c(Cl)c3,2.86,Clc1c(Cl)cc(OC2CCN(C[C@@H](CNC(=O)c3ccc(S(=O)(C)=O)s3)O)CC2)cc1,AE{~B}{~B}araaa{er}A{~B}DA{A**Q}{B}ADsAAA{AAs}Bataaa{Z}a{Z}at,27.333333333333332
CHEMBL1917448,COc1cccc(c1)S(=O)(=O)c2c(C)n(CC(=O)O)c3ccc(C)cc23,-0.42,c12ccc(C)cc1c(S(=O)(=O)c1cc(OC)ccc1)c(C)n2CC(O)=O,ABaraaaa{ar}E{~B}{~B}asa{A}d{AA{~B}B}ataaa{A}aast,82.0
CHEMBL1172,Clc1ccc2C(=C3CCNCC3)c4ncccc4CCc2c1,1.48,C1CNCCC1=C1c2c(cccn2)CCc2c1ccc(Cl)c2,ZaraaasA{~AtAADAAt}audaaaauAAasar,50.333333333333336
CHEMBL2171029,OC(=O)CCCCn1nnc(n1)c2ccc(cc2)C(=O)N3CCC(CC3)N4CCC(CC4)Oc5ccc(Cl)c(Cl)c5,1.6,C(CCCn1nc(-c2ccc(C(N3CCC(N4CCC(Oc5ccc(Cl)c(Cl)c5)CC4)CC3)=O)cc2)nn1)C(O)=O,BA{~B}AAAAdrdda{dr}asaaa{aas}A{~B}DtAAA{AAt}DuAAA{AAu}Bavaaa{Z}a{Z}av,48.333333333333336
CHEMBL2070950,O=C(NC1(CC1)C#N)[C@@H]2CCCC[C@H]2C(=O)N3CCN(CC3)c4nc5ccncc5s4,1.6,c1cncc2c1nc(N1CCN(C(=O)[C@H]3[C@H](C(=O)NC4(C#N)CC4)CCCC3)CC1)s2,B~A{DAr{AAr}A^D}{A**Q}sAAAA{A*Q}sA{~B}DtAAD{AAt}audavaadaaveu,48.333333333333336
CHEMBL1486517,O=C(C1CCN(CC1)c2nnc(s2)n3cccc3)N4CCN(Cc5ccc6OCOc6c5)CC4,2.5,s1c(-n2cccc2)nnc1N1CCC(C(=O)N2CCN(Cc3ccc4c(c3)OCO4)CC2)CC1,B~A{ArAAD{AAr}asdda{es}dtaaaat}DuAAD{AavaaawBABawav}AAu,33.333333333333336
CHEMBL2036779,CCN1CCOC(C1)C(=O)N2CCN(CC2)C(=O)Nc3ccc(Cl)c(Cl)c3,2.1,c1cc(NC(N2CCN(C(=O)C3CN(CC)CCO3)CC2)=O)cc(Cl)c1Cl,AADrAABA{Ar}A{~B}DsAAD{AAs}A{~B}Dataaa{Z}a{Z}at,40.0
CHEMBL2147032,O=C1COC2(CCN(CC2)S(=O)(=O)c3ccc(cc3)c4ccc5cccnc5c4)CN1C6CC6,3.24,C1N(S(c2ccc(-c3ccc4c(c3)nccc4)cc2)(=O)=O)CCC2(CN(C3CC3)C(=O)CO2)C1,B~ArABAs{AAD{AAs}E{~B}{~B}ataaa{aat}auaaavaaadavau}ADrAwAAw,20.999999999999996
CHEMBL1907764,COc1cc2c(Nc3ccc(Br)cc3F)ncnc2cc1OC[C@@H]4CCCN(C)C4,3.05,C1CN(C)C[C@H](COc2cc3ncnc(Nc4ccc(Br)cc4F)c3cc2OC)C1,ABaraasa{Dataaa{Y}aatG}dadasaarBA{A**Q}uAAAD{A}Au,24.16666666666667
CHEMBL1962616,NC(=N)NC(=O)c1nc(Cl)c(NCc2ccncc2)nc1N,-0.51,c1(C(=O)NC(N)=N)nc(Cl)c(NCc2ccncc2)nc1N,DA{~D}DA{~B}arda{Z}a{DAasaadaas}darD,83.5
CHEMBL1366397,Oc1ccccc1OCC(=O)NC2CCCC2,2.31,N(C1CCCC1)C(COc1ccccc1O)=O,BaraaaaarBAA{~B}DAsAAAAs,36.5
CHEMBL393348,Clc1ccc(cc1C(=O)NCC23CC4CC(CC(C4)C2)C3)C5CCNCC5,1.58,C1C2(CNC(c3cc(C4CCNCC4)ccc3Cl)=O)CC3CC(CC1C3)C2,Zaraaa{aarA{~B}DAAstAAuAA{AA{Au}As}At}AvAADAAv,48.666666666666664
CHEMBL2021706,CCC[C@@H](CNC(=O)c1nc(Cl)c(N)nc1N)[N+](C)(C)CCCc2ccc(OC)cc2,0.4,COc1ccc(CCC[N+]([C@H](CNC(=O)c2c(N)nc(N)c(Cl)n2)CCC)(C)C)cc1,AAA{A**Q}{ADA{~B}arda{Z}a{D}darD}{D%}{A}{A}AAAasaaa{BA}aas,68.33333333333333
CHEMBL187673,Oc1ccc(cc1)c2oc3cc(O)ccc3n2,3.3,c1cc2nc(-c3ccc(O)cc3)oc2cc1O,Baraaa{aar}asbataa{B}aaatds,20.000000000000004
CHEMBL1555870,NC(=O)c1sc(cc1NS(=O)(=O)c2ccc(cc2)C(F)(F)F)c3ccsc3,2.39,C(F)(F)(c1ccc(S(=O)(Nc2c(C(N)=O)sc(-c3ccsc3)c2)=O)cc1)F,DA{~B}area{aarDE{~B}{~B}asaaa{aas}A{G}{G}G}ataaeat,35.166666666666664
CHEMBL1289233,Clc1ccc(N2CCN(CC2)C(=O)COCc3ccncc3)c(Cl)c1,3.38,c1nccc(COCC(N2CCN(c3c(Cl)cc(Cl)cc3)CC2)=O)c1,Zaraaa{DsAAD{AAs}A{~B}ABAataadaat}a{Z}ar,18.666666666666668
CHEMBL2031235,CN1CCN(CC1)c2ccc3N=CN(C(=O)c3c2)c4cc(NC(=O)c5oncc5)ccc4C,1.75,C1N(C)CCN(c2ccc3c(c(=O)n(-c4cc(NC(c5oncc5)=O)ccc4C)cn3)c2)C1,ADrAAD{AAr}asaaatD~AD{A{~B}atas}auaa{DA{~B}avbdaav}aaauA,45.833333333333336
CHEMBL1824036,CS(=O)(=O)c1ccc2OCC(=O)N(CCN3CCC(CC3)NCc4ccc5OCC(=O)Nc5n4)c2c1,-0.51,C(CN1c2c(ccc(S(=O)(C)=O)c2)OCC1=O)N1CCC(NCc2ccc3c(n2)NC(=O)CO3)CC1,AE{~B}{~B}araaasBAA{~B}D{AADtAAA{AAt}DAauaaavBAA{~B}Davdu}asar,83.5
CHEMBL107955,CCOC(=O)N1CCN(CC1)C(=O)[C@H](Cc2cccc(c2)C(=N)N)NS(=O)(=O)c3c(cc(cc3C(C)C)C(C)C)C(C)C,1.67,CC(c1cc(C(C)C)cc(C(C)C)c1S(=O)(=O)N[C@@H](Cc1cccc(C(N)=N)c1)C(N1CCN(C(=O)OCC)CC1)=O)C,AABA{~B}DrAAD{AAr}A{~B}{A*Q}{Aasaaaa{as}A{~D}D}DE{~B}{~B}ata{aa{aatA{A}A}A{A}A}A{A}A,47.166666666666664
CHEMBL445496,CNC1=Nc2ncccc2C(=NC1c3cccs3)c4cc[nH]c4,1.73,c1cc2c(nc1)N=C(NC)C(c1sccc1)N=C2c1cc[nH]c1,ADAr~DasdaaaasA{~DArataaaet}auaa{dQ}au,46.166666666666664
CHEMBL1478435,CC1(C)CC(=O)c2c(N)c3ccccc3nc2C1,3.0,Nc1c2c(nc3ccccc31)CC(C)(C)CC2=O,AAr{A}AA{~B}asa{D}ataaaaatdasAr,25.0
CHEMBL1807860,C[C@H]1O[C@H]([C@H](O)[C@H]1Cl)n2cnc3c(N)nc(OCC4CC45CC5)nc23,3.68,C1(COc2nc(N)c3c(n([C@H]4[C@H](O)[C@@H](Cl)[C@@H](C)O4)cn3)n2)C2(C1)CC2,A{A*Q}rB{A*Q}{{A*Q}{B}{A*Q}rZ}dsadata{D}da{BAAuAAuvAAv}dast,13.666666666666664
CHEMBL515062,CC(C)Oc1cc(Nc2nc(N[C@@H](C)c3ccc(F)cn3)nc(OC(CO)CO)c2Cl)n[nH]1,2.77,C[C@H](Nc1nc(OC(CO)CO)c(Cl)c(Nc2cc(OC(C)C)[nH]n2)n1)c1ccc(F)cn1,AA{A}Baraa{Dasda{D{A**Q}{A}ataaa{G}adt}da{BA{AB}AB}asZ}d{dQ}r,28.833333333333332
CHEMBL1778644,CCS(=O)(=O)c1ccc(c(F)c1)c2cc(Cl)ccc2OCC(=O)O,-0.92,c1(Cl)cc(-c2ccc(S(CC)(=O)=O)cc2F)c(OCC(=O)O)cc1,AAE{~B}{~B}araaa{a{G}ar}asaa{Z}aaasBAA{~B}B,90.33333333333333
CHEMBL232433,C[S+]([O-])CCN1C(=O)C(Cc2ccccc12)NC(=O)c3cc4cc(Cl)sc4[nH]3,3.17,c12c(cccc1)N(CC[S+](C)[O-])C(=O)C(NC(=O)c1cc3cc(Cl)sc3[nH]1)C2,A{E%}{{B_}}AADrA{~B}A{Aasaaaaars}DA{~B}ataauaa{Z}eau{dQ}t,22.166666666666668
CHEMBL562698,Clc1c(ccnc1N2CCNCC2)C(=O)NCC34CC5CC(CC(C5)C3)C4,1.77,c1c(C(NCC23CC4CC(CC(C2)C4)C3)=O)c(Cl)c(N2CCNCC2)nc1,Zara{aadarDsAADAAs}A{~B}DAAtuAAvAA{AA{Av}At}Au,45.5
CHEMBL2172005,COc1ccc(cc1OC)N2CCN([C@H](C)C2)C(=O)[C@@H]3CCCC[C@H]3C(=O)NC4(CC4)C#N,1.85,C1[C@@H](C(=O)NC2(C#N)CC2)[C@H](C(N2[C@H](C)CN(c3ccc(OC)c(OC)c3)CC2)=O)CCC1,ABaraaa{aarBA}DsAAD{{A*Q}{A}As}A{~B}{A**Q}tAAAA{A*Q}tA{~B}DAu{AAu}A^D,44.166666666666664
CHEMBL2207666,O[C@H](CNC(=O)C1=CNC(=O)c2ccccc12)CN3CCC(CC3)Oc4ccc(Cl)c(Cl)c4,3.42,c1(OC2CCN(C[C@H](O)CNC(c3c[nH]c(=O)c4c3cccc4)=O)CC2)ccc(Cl)c(Cl)c1,B{A*Q}{ADA{~B}Ar~ADA{~B}asaaaaars}ADtAAA{AAt}Bauaaa{Z}a{Z}au,18.0
CHEMBL2031562,Nc1cc(cc(c1)C(F)(F)F)C(=O)Nc2cccc(c2)c3nnn[nH]3,0.2,[nH]1c(-c2cccc(NC(c3cc(N)cc(C(F)(F)F)c3)=O)c2)nnn1,Daraa{aa{ar}A{G}{G}G}A{~B}Dasaaaa{as}atddd{dQ}t,71.66666666666667
CHEMBL415521,CCN(CC)C(=O)c1ccc(cc1)C(=C2CCNCC2)c3ccccc3,1.2,c1c(C(c2ccc(C(N(CC)CC)=O)cc2)=C2CCNCC2)cccc1,AAD{AA}A{~B}araaa{aar}A{~AsAADAAs}ataaaaat,55.0
CHEMBL476518,CC(C)n1c(C)ncc1c2ccnc(Nc3ccc(cc3)N(C)C)n2,3.51,C(C)(C)n1c(C)ncc1-c1nc(Nc2ccc(N(C)C)cc2)ncc1,AA{A}dra{A}daarasaada{Dataaa{aat}D{A}A}ds,16.500000000000004
CHEMBL381055,Fc1ccc(cc1)C(=O)N2CCC[C@@H](C2)c3onc(n3)c4ccc(F)cc4,3.73,[C@@H]1(c2nc(-c3ccc(F)cc3)no2)CN(C(c2ccc(F)cc2)=O)CCC1,Garaaa{aar}A{~B}DsAAA{A**Q}{As}atbda{dt}auaaa{G}aau,12.833333333333334
CHEMBL51483,CC(C)c1c(O)c(O)c(C=O)c2c(O)c(c(C)cc12)c3c(C)cc4c(C(C)C)c(O)c(O)c(C=O)c4c3O,2.75,c1(-c2c(O)c3c(C=O)c(O)c(O)c(C(C)C)c3cc2C)c(O)c2c(c(C(C)C)c(O)c(O)c2C=O)cc1C,AA{A}ara{B}a{B}a{A~B}asa{B}a{a{A}aars}ata{A}aaua{A{A}A}a{B}a{B}a{A~B}auatB,29.166666666666668
CHEMBL110999,CN(CCCOCCOCCc1ccccc1)CCc2ccc(O)c3nc(O)sc23,2.44,O(CCc1ccccc1)CCOCCCN(CCc1ccc(O)c2nc(O)sc21)C,AD{AAABAABAAaraaaaar}AAasaaa{B}atda{B}east,34.333333333333336
CHEMBL2023475,CCn1cc(NC(=O)Cc2ccc(Oc3ccnc4ccc(F)cc34)cc2OC)cn1,3.88,c1c(F)cc2c(Oc3ccc(CC(=O)Nc4cn(CC)nc4)c(OC)c3)ccnc2c1,AAdraa{DA{~B}Aasaaa{Bataadauaaa{G}aatu}aasBA}adr,10.333333333333336
CHEMBL325503,CC(C)C(NC(=O)CN1C(=O)C(=CC=C1c2ccccc2)NC(=O)NCc3ccc[n+]([O-])c3)C(=O)C(F)(F)F,1.48,O=C(C(F)(F)F)C(NC(=O)Cn1c(=O)c(NC(NCc2c[n+]([O-])ccc2)=O)ccc1-c1ccccc1)C(C)C,AA{A}A{DA{~B}ADrA{~B}A{~AA~Arasaaaaas}DA{~B}DAataaa{d%}{{B_}}at}A{~B}A{G}{G}G,50.333333333333336
CHEMBL1682283,OC(=O)c1ccc2c(c1)nc(Nc3cccc(c3)C#C)c4ncncc24,0.92,c1cc(C(O)=O)cc2c1c1c(c(Nc3cccc(C#C)c3)n2)ncnc1,BA{~B}araaasa{ar}da{Dataaaa{at}A^A}audadaasu,59.666666666666664
CHEMBL595122,CCS(=O)(=O)c1ccc(Oc2cc3nc([nH]c3cc2CN4C(=O)CCC4=O)c5ccccn5)cc1,2.0,C1(=O)N(Cc2cc3[nH]c(-c4ccccn4)nc3cc2Oc2ccc(S(=O)(CC)=O)cc2)C(=O)CC1,AAE{~B}{~B}araaa{Basaatda{{dQ}ataasADuA{~B}AAAu~B}avaaaadv}aar,41.666666666666664
CHEMBL111350,Oc1ccc(CCNCCCS(=O)(=O)NCCSCCc2ccccc2)c3sc(O)nc13,1.77,C(CCS(=O)(=O)NCCSCCc1ccccc1)NCCc1ccc(O)c2c1sc(O)n2,Baraaa{AADAAAE{~B}{~B}DAAEAAasaaaaas}atea{B}dart,45.5
CHEMBL551170,Clc1ccc(cc1C(=O)NCC23CC4CC(CC(C4)C2)C3)N5N=CC(=O)NC5=O,2.1,C12CC3CC(CC(CNC(c4cc(-n5ncc(=O)[nH]c5=O)ccc4Cl)=O)(C3)C1)C2,Zaraaa{aarA{~B}DAAstAAuAA{AA{Au}As}At}DvD~AA{~B}DAv~B,40.0
CHEMBL373351,CCc1nc2c(N)nc3ccccc3c2n1CC(C)(C)O,1.38,OC(C)(C)Cn1c(CC)nc2c(N)nc3ccccc3c12,AAardasa{D}dataaaaatasdrAA{A}{A}B,52.0
CHEMBL2158772,Cc1ccccc1C[C@H](N2CCC(CN3CCC(CC3)Oc4ccc(Cl)c(Cl)c4)CC2)C(=O)O,2.54,C1C(Oc2ccc(Cl)c(Cl)c2)CCN(CC2CCN([C@@H](Cc3c(C)cccc3)C(O)=O)CC2)C1,AaraaaaarA{A*Q}{DsAAA{ADtAAA{AAt}Bauaaa{Z}a{Z}au}AAs}A{~B}B,32.666666666666664
CHEMBL2152252,CNC(=O)c1nc(cnc1N)c2ccc(Cl)c(c2)S(=O)(=O)Nc3cccc(F)c3F,2.8,Fc1c(F)c(NS(c2c(Cl)ccc(-c3nc(C(NC)=O)c(N)nc3)c2)(=O)=O)ccc1,ADA{~B}arda{adarD}asaaa{Z}a{as}E{~B}{~B}Dataaaa{G}atG,28.33333333333334
CHEMBL90846,O=C(Nc1nccs1)c2ccccc2,2.43,c1csc(NC(=O)c2ccccc2)n1,B~A{Dardaaer}asaaaaas,34.49999999999999
CHEMBL2046684,Fc1ccc(cc1Cl)C(=O)Nc2ccc(Cl)nc2,3.64,c1c(NC(=O)c2ccc(F)c(Cl)c2)ccc(Cl)n1,Garaaa{aarZ}A{~B}Dasaaa{Z}das,14.33333333333333
CHEMBL377309,CC(C)CN1C(=O)N(C)C(=O)c2c(SC3CCCCC3)c(Cc4ccccc4C(F)(F)F)sc12,4.14,CC(Cn1c2c(c(=O)n(C)c1=O)c(SC1CCCCC1)c(Cc1c(C(F)(F)F)cccc1)s2)C,AA{A}ADrA{~B}D{A}A{~B}asa{EAtAAAAAt}a{AauaaaaauA{G}{G}G}ears,6.000000000000004
CHEMBL1809061,COc1cc(ccc1Nc2ncc(Cl)c(n2)c3cnc4ccccn34)N5CCNCC5,2.4,C1CN(c2cc(OC)c(Nc3ncc(Cl)c(-c4cnc5n4cccc5)n3)cc2)CCN1,ABaraa{aaarDasdaa{Z}a{ds}atadauaaaadtu}DvAADAAv,35.0
CHEMBL1148,CC(C)NC(=O)NS(=O)(=O)c1cnccc1Nc2cccc(C)c2,0.3,N(S(c1c(Nc2cc(C)ccc2)ccnc1)(=O)=O)C(NC(C)C)=O,AA{A}DA{~B}DE{~B}{~B}aradaaarDasaaaa{A}as,70.0
CHEMBL2059373,OC(=O)c1cncc(c1)c2cnc3[nH]c(cc3c2n4ccc(n4)C(F)(F)F)C(=O)NC5CC5,-0.98,O=C(NC1CC1)c1[nH]c2ncc(-c3cc(C(O)=O)cnc3)c(-n3ccc(C(F)(F)F)n3)c2c1,BA{~B}aradaa{ar}asadat{dQ}a{aatasduaaa{du}A{G}{G}G}A{~B}DAvAAv,91.33333333333333
CHEMBL444884,NC(=O)c1sc(cc1N)c2ccc(Cl)cc2,3.3,c1(N)cc(-c2ccc(Cl)cc2)sc1C(N)=O,DA{~B}area{aarD}asaaa{Z}aas,20.000000000000004
CHEMBL1701081,CN1C(=O)N(Cc2ccc(Br)cc2)c3ccccc13,2.81,O=c1n(C)c2c(cccc2)n1Cc1ccc(Br)cc1,ADrA{~B}D{Aasaaa{Y}aas}ataaaaart,28.166666666666668
CHEMBL2326478,Nc1nc2cc3CCN(Cc4cccc(F)c4)CCc3cc2s1,3.3,c12c(sc(N)n1)cc1c(c2)CCN(Cc2cc(F)ccc2)CC1,DardasaatAAD{Aauaaaa{G}au}AAataaser,20.000000000000004
CHEMBL1595582,COc1ccc(Cl)cc1C(=O)Nc2nc3ccccc3[nH]2,4.05,c1(OC)c(C(=O)Nc2[nH]c3ccccc3n2)cc(Cl)cc1,ABaraaa{Z}aarA{~B}Dasdataaaaat{dQ}s,7.500000000000003
CHEMBL467148,CN1C(=O)N(CC2CC2)c3nn(Cc4ccnc5ccc(Cl)cc45)c(c3C1=O)c6nc(cn6C)S(=O)(=O)C,2.64,n1(Cc2c3cc(Cl)ccc3ncc2)nc2n(CC3CC3)c(=O)n(C)c(=O)c2c1-c1nc(S(=O)(=O)C)cn1C,ADrA{~B}D{AAsAAs}atdd{Aauaadavaaa{Z}aauv}a{atAr~B}awda{adwA}E{~B}{~B}A,31.0
CHEMBL111732,CN(CCN(C)C(=O)CCOCCc1ccccc1)CCc2ccc(O)c3nc(O)sc23,2.59,C(N(CCN(C)C(CCOCCc1ccccc1)=O)C)Cc1ccc(O)c2c1sc(O)n2,AD{AAD{A}A{~B}AABAAaraaaaar}AAasaaa{B}atda{B}east,31.833333333333332
CHEMBL387265,COc1cc2ncnc(Nc3cccc(Cl)c3F)c2cc1OC4CCN(CC4)S(=O)(=O)C,2.82,C1(Oc2c(OC)cc3ncnc(Nc4c(F)c(Cl)ccc4)c3c2)CCN(S(C)(=O)=O)CC1,ABaraasdada{Dataaaa{Z}atG}asaarBAuAAD{AAu}E{~B}{~B}A,28.000000000000004
CHEMBL1643349,CC1(C)C(=O)Nc2ccccc12,2.3,C1(=O)C(C)(C)c2c(cccc2)N1,AAr{A}A{~B}Dasaaaaars,36.66666666666667
CHEMBL1278,CNS(=O)(=O)CCc1ccc2[nH]cc(C3CCN(C)CC3)c2c1,0.48,C1(c2c3cc(CCS(=O)(NC)=O)ccc3[nH]c2)CCN(C)CC1,ADE{~B}{~B}AAaraaas{dQ}aa{AtAAD{A}AAt}asar,66.99999999999999
CHEMBL211677,Cc1ccc2c(c1)c(c(C)n2CC(=O)O)c3cc(C)nc4ccccc34,2.88,c1cccc2c(-c3c4cc(C)ccc4n(CC(O)=O)c3C)cc(C)nc12,Aaraaasa{ar}a{a{A}dsAA{~B}B}ataa{A}dauaaaaatu,27.0
CHEMBL1271187,C1CN(CCO1)c2cc(Nc3nccc(Nc4cccc5[nH]ncc45)n3)cc(c2)N6CCOCC6,3.05,c1c(N2CCOCC2)cc(N2CCOCC2)cc1Nc1nc(Nc2cccc3[nH]ncc32)ccn1,ArAD{AABr}asaa{Datdaaa{Dauaaaav{dQ}daauv}dt}aa{as}DwAABAAw,24.16666666666667
CHEMBL471757,CC(C)(C)CNc1nc(nc(N2CCOCC2)c1N)C#N,3.08,c1(N)c(NCC(C)(C)C)nc(C#N)nc1N1CCOCC1,AA{A}{A}ADarda{da{DsAABAAs}arD}A^D,23.666666666666668
CHEMBL1907830,O=C1Nc2ccc(cc2C1=O)S(=O)(=O)N3CCC[C@H]3CNc4ccccc4,2.4,O=C1C(=O)c2c(ccc(S(N3CCC[C@H]3CNc3ccccc3)(=O)=O)c2)N1,B~ArDasaaa{aasAr~B}E{~B}{~B}DtAAA{A*Q}tADauaaaaau,35.0
CHEMBL1545637,Fc1ccc(cc1)C(=O)N2CCC(CC2)C(=O)c3ccc(Cl)cc3,3.49,C(c1ccc(F)cc1)(=O)N1CCC(C(c2ccc(Cl)cc2)=O)CC1,Garaaa{aar}A{~B}DsAAA{AAs}A{~B}ataaa{Z}aat,16.83333333333333
CHEMBL1689109,OC(=O)COc1ccc(Cl)cc1CN2CCN(CC2)S(=O)(=O)c3ccccc3,0.49,C1N(Cc2c(OCC(O)=O)ccc(Cl)c2)CCN(S(=O)(c2ccccc2)=O)C1,BA{~B}ABaraaa{Z}aarADsAAD{AAs}E{~B}{~B}ataaaaat,66.83333333333333
CHEMBL1333961,Nc1[nH]nc2cccc(Cl)c12,1.92,Nc1c2c(cccc2Cl)n[nH]1,Dar{dQ}dasaaaa{Z}ars,43.0
CHEMBL13817,CC(C)(N)C(=O)N[C@H](COCc1ccccc1)C(=O)N2CCC3(CC2)CN(c4ccccc34)S(=O)(=O)C,1.4,O=S(C)(=O)N1c2c(cccc2)C2(CCN(C([C@@H](COCc3ccccc3)NC(C(C)(N)C)=O)=O)CC2)C1,AA{A}{D}A{~B}D{A*Q}{ABAaraaaaar}A{~B}DsAAAt{AAs}AD{auaaaaatu}E{~B}{~B}A,51.666666666666664
CHEMBL1672434,C[C@H]1C[C@H](CN1C#N)NS(=O)(=O)c2cc(Br)ccc2Br,2.13,N#CN1[C@@H](C)C[C@@H](NS(=O)(=O)c2cc(Br)ccc2Br)C1,A{A*Q}rA{A*Q}{ADrA^D}DE{~B}{~B}asaa{Y}aaasY,39.5
CHEMBL212761,CC(C)(C)NC(=O)Nc1ccc(cc1)c2c(N)nc(N)nc2COCc3ccccc3,3.09,O=C(NC(C)(C)C)Nc1ccc(-c2c(COCc3ccccc3)nc(N)nc2N)cc1,AA{A}{A}DA{~B}Daraaa{aar}asa{D}da{D}dasABAataaaaat,23.5
CHEMBL513370,COc1ccc(N(C(C(=O)NC[C@@H](C)O)c2ccccc2F)C(=O)c3ccoc3Cl)c(OC)c1,2.36,c1c(OC)ccc(N(C(=O)c2c(Cl)occ2)C(C(=O)NC[C@@H](C)O)c2ccccc2F)c1OC,ABaraaa{D{A{A{~B}DA{A**Q}{A}B}asaaaaasG}A{~B}ataabatZ}a{BA}ar,35.666666666666664
CHEMBL576257,C[C@H](Nc1nc(Nc2cc(C)[nH]n2)cnc1C#N)c3ccc(F)cn3,2.51,N(c1n[nH]c(C)c1)c1nc(N[C@H](c2ccc(F)cn2)C)c(C#N)nc1,A{A*Q}{Darda{Dasaa{A}{dQ}ds}adarA^D}ataaa{G}adt,33.16666666666667
CHEMBL2062563,CC(=O)Nc1ccc2ccn(c3cc(NC4CC4)n5ncc(C#N)c5n3)c2c1,3.29,c1(C#N)cnn2c1nc(-n1ccc3ccc(NC(=O)C)cc31)cc2NC1CC1,AA{~B}Daraaasaad{ataa{DAuAAu}dvdaa{A^D}avdt}asar,20.166666666666668
CHEMBL2087850,CCN1C(=O)N(CC2CC2)c3nn(Cc4ccnc5ccc(Cl)cc45)c(c6cncn6C)c3C1=O,2.87,c12cc(Cl)ccc1nccc2Cn1c(-c2n(C)cnc2)c2c(=O)n(CC)c(=O)n(CC3CC3)c2n1,AADrA{~B}D{AAsAAs}atdd{Aauaadavaaa{Z}aauv}a{awadadwA}atAr~B,27.166666666666668
CHEMBL1322675,CCCNC[C@H](O)COc1ccccc1C(=O)CCc2ccccc2,1.69,c1(C(CCc2ccccc2)=O)ccccc1OC[C@@H](O)CNCCC,AAADA{A*Q}{B}ABaraaaaarA{~B}AAasaaaaas,46.833333333333336
CHEMBL2323303,Fc1ccc(Oc2cc(F)c(cc2F)S(=O)(=O)Nc3ncc(Cl)s3)c(c1)c4cn[nH]c4,2.7,s1c(NS(=O)(c2c(F)cc(Oc3c(-c4cn[nH]c4)cc(F)cc3)c(F)c2)=O)ncc1Cl,Garaaa{Basaa{G}a{aasG}E{~B}{~B}Datdaa{Z}et}a{ar}auad{dQ}au,29.999999999999996
CHEMBL2179285,CC1=CN([C@H]2CCCN(C2)[C@H](CC3CCOCC3)c4ccc(C(=O)O)c(Oc5cccc(Cl)c5)c4)C(=O)NC1=O,-0.25,c1c(Oc2cc([C@H](N3CCC[C@H](n4c(=O)[nH]c(=O)c(C)c4)C3)CC3CCOCC3)ccc2C(O)=O)cccc1Cl,AAr~AD{{A*Q}sAAAD{As}{A*Q}{AAtAABAAt}auaaa{A{~B}B}a{Bavaaaa{Z}av}au}A{~B}DAr~B,79.16666666666667
CHEMBL1333251,CC(=O)Nc1nc(cs1)c2cccs2,2.77,s1c(-c2csc(NC(=O)C)n2)ccc1,AA{~B}Darda{aer}asaaaes,28.833333333333332
CHEMBL27364,O=C1N(Cc2ccccc12)C3CCN(CCC(c4ccccc4)c5ccccc5)CC3,4.1,c1(C(CCN2CCC(N3Cc4ccccc4C3=O)CC2)c2ccccc2)ccccc1,B~ArD{Aasaaaaars}AtAAD{AAA{auaaaaau}avaaaaav}AAt,6.666666666666672
CHEMBL2059374,CCNC(=O)c1cc2c(c(cnc2[nH]1)c3cncc(c3)C(=O)O)n4nc(cc4C)C(F)(F)F,-0.88,FC(F)(F)c1nn(-c2c(-c3cc(C(O)=O)cnc3)cnc3[nH]c(C(=O)NCC)cc23)c(C)c1,AADA{~B}araasa{a{adas{dQ}r}atadaa{at}A{~B}B}duda{aauA}A{G}{G}G,89.66666666666667
CHEMBL2158839,OC(=O)[C@H](Cc1ccccc1F)N2CCC(CN3CCC(CC3)Oc4ccc(Cl)c(Cl)c4)CC2,2.58,c1ccc(C[C@H](N2CCC(CN3CCC(Oc4ccc(Cl)c(Cl)c4)CC3)CC2)C(=O)O)c(F)c1,BA{~B}{A*Q}{AaraaaaarG}DsAAA{ADtAAA{AAt}Bauaaa{Z}a{Z}au}AAs,32.0
CHEMBL1549615,COc1cc2cc(nc(C)c2cc1OC)c3ccc(O)cc3O,3.9,O(c1c(OC)cc2cc(-c3ccc(O)cc3O)nc(C)c2c1)C,ABaraasaa{da{A}asaarBA}ataaa{B}aatB,10.000000000000002
CHEMBL1716201,Cc1cc(NC(=O)Nc2ccc(Cl)cc2)n(n1)c3ccccc3,4.15,c1(NC(=O)Nc2n(-c3ccccc3)nc(C)c2)ccc(Cl)cc1,Aaraa{DA{~B}Dasaaa{Z}aas}d{dr}ataaaaat,5.833333333333328
CHEMBL335707,[O-][N+](=O)c1cccc(c1)c2ccc(OCC(CCc3ccc(cc3)C(=O)N4CCCC4)N5C(=O)CCCC5=O)cc2,2.31,c1ccc([N+]([O-])=O)cc1-c1ccc(OCC(N2C(=O)CCCC2=O)CCc2ccc(C(=O)N3CCCC3)cc2)cc1,{B_}{D%}{~B}araaaa{ar}asaaa{BAA{AAataaa{aat}A{~B}DuAAAAu}DvA{~B}AAAAv~B}aas,36.5
CHEMBL1777848,Oc1ccc(cc1)C2=Cc3cccc(O)c3OC2=O,2.8,c1(O)c2oc(=O)c(-c3ccc(O)cc3)cc2ccc1,Baraaa{aar}As~Aataaaa{B}atBAs~B,28.33333333333334
CHEMBL2158826,OC(=O)Cc1cccc(c1)N2CCC(CN3CCC(CC3)Oc4ccc(Cl)c(Cl)c4)CC2,1.58,C1C(CN2CCC(Oc3cc(Cl)c(Cl)cc3)CC2)CCN(c2cccc(CC(=O)O)c2)C1,BA{~B}Aaraaaa{ar}DsAAA{ADtAAA{AAt}Bauaaa{Z}a{Z}au}AAs,48.666666666666664
CHEMBL476993,CC(C)n1c(C)ncc1c2nc(Nc3ccc(cc3)N4CCN(CC4)C(=O)CO)ncc2F,2.19,c1(-c2nc(Nc3ccc(N4CCN(C(CO)=O)CC4)cc3)ncc2F)cnc(C)n1C(C)C,AA{A}dra{A}daarasda{Dataaa{aat}DuAAD{AAu}A{~B}AB}daasG,38.5
CHEMBL1916084,Cc1ccc(cc1)S(=O)(=O)Nc2c(cnn2c3ccccc3)C(=O)NC4CCCCC4,0.8,c1cccc(-n2c(NS(c3ccc(C)cc3)(=O)=O)c(C(=O)NC3CCCCC3)cn2)c1,Aaraaa{aar}E{~B}{~B}Dasa{addsataaaaat}A{~B}DAuAAAAAu,61.666666666666664
CHEMBL2087851,Cn1cncc1c2c3C(=O)N(C4CC4)C(=O)N(CC5CC5)c3nn2Cc6ccnc7ccc(Cl)cc67,3.53,n1(C)cncc1-c1c2c(nn1Cc1ccnc3ccc(Cl)cc13)n(CC1CC1)c(=O)n(C1CC1)c2=O,AdradaarasatA{~B}D{AuAAu}A{~B}D{AAvAAv}atddsAawaadaxaaa{Z}aawx,16.166666666666668
CHEMBL2331748,CC1=CN([C@H]2CCCN(C2)S(=O)(=O)c3ccc(O)c(Oc4cccc(F)c4)c3)C(=O)NC1=O,1.6,O=c1c(C)cn([C@@H]2CN(S(c3ccc(O)c(Oc4cc(F)ccc4)c3)(=O)=O)CCC2)c(=O)[nH]1,AAr~AD{{A*Q}sAAAD{As}E{~B}{~B}ataaa{B}a{Bauaaaa{G}au}at}A{~B}DAr~B,48.333333333333336
CHEMBL429330,CC(C)[C@H](NC(=O)CCc1ccccc1)C(=O)N2CCCC2,2.49,c1ccc(CCC(N[C@H](C(N2CCCC2)=O)C(C)C)=O)cc1,AA{A}{A*Q}{DA{~B}AAaraaaaar}A{~B}DsAAAAs,33.49999999999999
CHEMBL1524929,COc1ccccc1C(=O)Nc2nc3ccccc3s2,3.61,c1cccc(C(Nc2sc3c(cccc3)n2)=O)c1OC,ABaraaaaarA{~B}Dasdataaaaates,14.833333333333336
CHEMBL1624252,COc1ccc(cc1)c2csc(n2)N(CCCN3CCOCC3)C(=O)c4occc4,3.34,c1(C(N(c2scc(-c3ccc(OC)cc3)n2)CCCN2CCOCC2)=O)occc1,ABaraaa{aar}asaea{ds}D{AAADtAABAAt}A{~B}aubaaau,19.333333333333336
CHEMBL252956,O=C1CCCc2nc(ccc12)C#Cc3ccccc3,3.53,c1cc(C#Cc2ccccc2)nc2c1C(=O)CCC2,B~ArAAAasda{aaars}A^Aataaaaat,16.166666666666668
CHEMBL530184,C(CCNc1cc(nc2ccccc12)c3ccccc3)CNc4cc(nc5ccccc45)c6ccccc6,3.65,c1c(-c2cc(NCCCCNc3c4ccccc4nc(-c4ccccc4)c3)c3ccccc3n2)cccc1,A{AADaraa{dasaaaaars}ataaaaat}ADauaa{davaaaaauv}awaaaaaw,14.16666666666667
CHEMBL250687,CCCSc1nc(N[C@@H]2C[C@H]2c3ccccc3)c4nnn([C@@H]5C[C@H](CO)[C@@H](O)[C@H]5O)c4n1,3.99,O[C@H]1[C@@H](O)[C@H](n2c3nc(SCCC)nc(N[C@@H]4C[C@H]4c4ccccc4)c3nn2)C[C@@H]1CO,AAAEarda{D{A**Q}sA{A*Q}sataaaaat}auddd{{A**Q}vA{A*Q}{AB}{A**Q}{B}{A*Q}vB}audr,8.499999999999996
CHEMBL1223952,NC(=O)c1cccc(C[C@H]2C[C@H]3CC[C@@H](C2)N3Cc4ccccc4)c1,1.19,c1(C(=O)N)cccc(C[C@@H]2C[C@@H]3CC[C@H](C2)N3Cc2ccccc2)c1,DA{~B}araaaa{A{A*Q}sA{A*Q}tAA{A**Q}{As}DtAauaaaaau}ar,55.166666666666664
CHEMBL1896037,OC(CN1CCCCC1)(C(=O)c2ccccc2)c3ccccc3,3.41,C(C(C(=O)c1ccccc1)(c1ccccc1)O)N1CCCCC1,BA{ADrAAAAAr}{A{~B}asaaaaas}ataaaaat,18.166666666666664
CHEMBL1807824,CCc1ccc(CCNCCCSCCNC[C@H](O)c2ccc(O)c3NC(=O)Sc23)cc1,0.86,C(NC[C@@H](c1ccc(O)c2c1sc(=O)[nH]2)O)CSCCCNCCc1ccc(CC)cc1,AAaraaa{AADAAAEAADA{A*Q}{B}asaaa{B}atDA{~B}East}aar,60.666666666666664
CHEMBL2182002,CN1CCN(CC1)S(=O)(=O)c2ccc(c(C)c2)c3cnc(N)c(n3)C(=O)Nc4cccnc4,2.6,C1CN(C)CCN1S(=O)(=O)c1ccc(-c2cnc(N)c(C(Nc3cnccc3)=O)n2)c(C)c1,ADrAAD{AAr}E{~B}{~B}asaaa{a{A}as}atada{D}a{dt}A{~B}Dauaaadau,31.666666666666668
CHEMBL515311,C[C@H](O)C(=O)N1CCN(CC1)c2ccc(Nc3nccc(n3)c4cnc(C)n4C(C)C)cc2,2.15,c1(Nc2ccc(N3CCN(C(=O)[C@@H](O)C)CC3)cc2)nc(-c2n(C(C)C)c(C)nc2)ccn1,A{A*Q}{B}A{~B}DrAAD{AAr}asaaa{Datdaaa{dt}auada{A}duA{A}A}aas,39.166666666666664
CHEMBL1455,CN(C)c1nc(nc(n1)N(C)C)N(C)C,2.44,N(C)(C)c1nc(N(C)C)nc(N(C)C)n1,AD{A}arda{da{dr}D{A}A}D{A}A,34.333333333333336
CHEMBL2005730,COC(=O)c1ccc(NC(=O)c2cc(OC)c(OC)c(OC)c2)cc1,3.2,O=C(c1cc(OC)c(OC)c(OC)c1)Nc1ccc(C(=O)OC)cc1,ABA{~B}araaa{DA{~B}asaa{BA}a{BA}a{BA}as}aar,21.66666666666666
CHEMBL1741132,OC1=NC(=O)CN1N=Cc2oc(cc2)c3ccc(cc3)[N+](=O)[O-],1.35,N1(N=Cc2ccc(-c3ccc([N+](=O)[O-])cc3)o2)CC(=O)N=C1O,BAr~DA{~B}ADrD~Aasba{aas}ataaa{aat}{D%}{~B}{B_},52.5
CHEMBL2325994,NC1(CCN(CC1)c2ncnc3[nH]ccc23)C(=O)NC(CCCN4CCCC4)c5ccc(Cl)cc5,1.3,C1N(CCCC(c2ccc(Cl)cc2)NC(C2(N)CCN(c3c4cc[nH]c4ncn3)CC2)=O)CCC1,DAr{AAD{AAr}asdadat{dQ}aaast}A{~B}DA{AAADuAAAAu}avaaa{Z}aav,53.333333333333336
CHEMBL379738,O=C(CS(=O)(=O)c1ccccc1)c2ccccc2,1.86,O=S(CC(=O)c1ccccc1)(=O)c1ccccc1,B~A{AE{~B}{~B}araaaaar}asaaaaas,43.99999999999999
CHEMBL2171048,Cc1ccc(cc1)S(=O)(=O)NC(=O)N2CCC(CC2)N3CCC(CC3)Oc4ccc(Cl)cc4C,1.79,C1CC(Oc2c(C)cc(Cl)cc2)CCN1C1CCN(C(=O)NS(c2ccc(C)cc2)(=O)=O)CC1,Aaraaa{aar}E{~B}{~B}DA{~B}DsAAA{AAs}DtAAA{AAt}Bauaaa{Z}aauA,45.166666666666664
CHEMBL341226,COc1cccc(NC(=O)CC23CC4CC(CC(C4)C2)C3)c1C,4.21,C1C2CC3CC1(CC(=O)Nc1c(C)c(OC)ccc1)CC(C3)C2,ABaraaaa{DA{~B}AAstAAuAA{AA{Au}As}At}arA,4.833333333333334
CHEMBL227897,O=C(Cc1ccccc1)Nc2nccs2,2.5,c1cnc(NC(Cc2ccccc2)=O)s1,B~A{Aaraaaaar}Dasdaaes,33.333333333333336
CHEMBL1956163,O=C(Nc1cccc2cccnc12)[C@@H]3CC[C@H](CC3)N4C(=O)[C@@H]5[C@@H]6CC[C@@H](C6)[C@@H]5C4=O,3.94,[C@H]1(N2C(=O)[C@H]3[C@@H]4C[C@@H](CC4)[C@H]3C2=O)CC[C@H](C(=O)Nc2cccc3cccnc23)CC1,B~A{Daraaaasaaadars}{A**Q}tAA{A*Q}{AAt}DuA{~B}{A**Q}v{A**Q}wAA{A**Q}{Aw}{A**Q}vAu~B,9.333333333333334
CHEMBL1875368,O=C(Cc1cccc2ccccc12)Nc3ccccc3,3.9,C(Nc1ccccc1)(Cc1cccc2c1cccc2)=O,B~A{Aaraaaasaaaaars}Dataaaaat,10.000000000000002
CHEMBL267936,CNC1(C)C2CCC(C2)C1(C)C,-0.84,C1(C)(NC)C(C)(C)C2CC1CC2,ADAr{A}AsAAA{As}Ar{A}A,89.0
CHEMBL1422,N[C@@H](CC(=O)N1CCn2c(C1)nnc2C(F)(F)F)Cc3cc(F)c(F)cc3F,0.31,C([C@H](CC(=O)N1Cc2nnc(C(F)(F)F)n2CC1)N)c1c(F)cc(F)c(F)c1,D{A**Q}{AA{~B}DrAAdsa{Ar}ddasA{G}{G}G}Aataa{G}a{G}aatG,69.83333333333334
CHEMBL806,CC(C)C(=O)Nc1ccc(c(c1)C(F)(F)F)[N+](=O)[O-],3.46,CC(C(Nc1ccc([N+](=O)[O-])c(C(F)(F)F)c1)=O)C,AA{A}A{~B}Daraaa{a{ar}A{G}{G}G}{D%}{~B}{B_},17.333333333333332
CHEMBL390191,C[C@H](CO)Nc1nc(SCc2csc(C)n2)nc3nc(N)sc13,1.73,S(c1nc(N[C@@H](CO)C)c2c(n1)nc(N)s2)Cc1csc(C)n1,A{A*Q}{AB}Darda{EAasaea{A}ds}datda{D}eart,46.166666666666664
CHEMBL330366,COc1cc(cc(OC)c1OC)C(=O)N2CC[C@@](CCN3CCC(CC3)(C(=O)N)c4ccccc4)(C2)c5ccc(Cl)c(Cl)c5,3.23,c1ccccc1C1(C(N)=O)CCN(CC[C@@]2(c3cc(Cl)c(Cl)cc3)CN(C(=O)c3cc(OC)c(OC)c(OC)c3)CC2)CC1,ABaraa{aa{BA}arBA}A{~B}DsAA{A**}{AADtAAA{AAt}{A{~B}D}auaaaaau}{As}avaaa{Z}a{Z}av,21.166666666666668
CHEMBL404327,C[C@@H](Oc1cccc2ncnc(Nc3ccc4c(cnn4Cc5cscn5)c3)c12)C(=O)N6CCOCC6,2.81,c1cc2ncnc(Nc3ccc4c(cnn4Cc4cscn4)c3)c2c(O[C@H](C)C(=O)N2CCOCC2)c1,A{A**Q}{Baraaaasdada{Dataaaua{adduAavaeadv}at}ars}A{~B}DwAABAAw,28.166666666666668
CHEMBL225510,O=S(=O)(Nc1cccnc1)c2cccs2,0.54,n1cc(NS(=O)(c2cccs2)=O)ccc1,B~E{~B}{Daraaadar}asaaaes,66.0
CHEMBL1707308,Brc1ccc(cc1)C(=O)Cn2cnc3ccccc23,3.22,c12c(ncn1CC(c1ccc(Br)cc1)=O)cccc2,Yaraaa{aar}A{~B}Adsadataaaaast,21.333333333333332
CHEMBL512901,CCCc1nc2c(N)nc3ccccc3c2s1,4.09,n1c(CCC)sc2c1c(N)nc1ccccc12,AAAardasa{D}dataaaaataser,6.833333333333336
CHEMBL442956,OC(=O)C1Cc2c([nH]c3ccccc23)C(N1)c4ccccc4,0.78,c12[nH]c3c(c1cccc2)CC(C(O)=O)NC3c1ccccc1,BA{~B}ArAasa{{dQ}ataaaaast}A{Dr}auaaaaau,62.0
CHEMBL1624560,COc1cc(CNc2nc3ccccc3[nH]2)cc(OC)c1OC,2.36,c1(OC)c(OC)cc(CNc2nc3c(cccc3)[nH]2)cc1OC,ABaraa{ADasdataaaaat{dQ}s}aa{BA}arBA,35.666666666666664
CHEMBL31741,OC1=C(C(=O)Nc2cc(Cl)ccc12)c3cccc(Oc4ccccc4)c3,2.96,c1(O)c2ccc(Cl)cc2[nH]c(=O)c1-c1cc(Oc2ccccc2)ccc1,BAr~A{A{~B}Dasaa{Z}aaars}ataaaa{Bauaaaaau}at,25.666666666666668
CHEMBL1547746,CCn1c2ccccc2c3cc(NC(=O)C(C)C)ccc13,4.2,c12cc(NC(=O)C(C)C)ccc1n(CC)c1c2cccc1,AAdrasaaaaasataa{DA{~B}A{A}A}aaart,4.999999999999997
CHEMBL181858,COc1ccc(CNC(=O)N(CC=C)C2CCN(CCC(c3ccccc3)c4ccccc4)CC2)cc1,3.6,C(C=C)N(C1CCN(CCC(c2ccccc2)c2ccccc2)CC1)C(=O)NCc1ccc(OC)cc1,ABaraaa{ADA{~B}D{AA~A}AsAAD{AAA{ataaaaat}auaaaaau}AAs}aar,14.999999999999998
CHEMBL1907763,COc1cc2c(Nc3ccc(Cl)cc3F)ncnc2cc1OC[C@@H]4CCCN(C)C4,2.9,n1c(Nc2c(F)cc(Cl)cc2)c2c(cc(OC[C@@H]3CCCN(C)C3)c(OC)c2)nc1,ABaraasa{Dataaa{Z}aatG}dadasaarBA{A**Q}uAAAD{A}Au,26.666666666666668
CHEMBL1762528,CN(c1cccc(CO)c1)c2ccnc(Nc3cc(cc(c3)N4CCOCC4)N5CCOCC5)n2,2.6,N1(c2cc(N3CCOCC3)cc(Nc3nccc(N(C)c4cccc(CO)c4)n3)c2)CCOCC1,AD{araaaa{AB}ar}asaada{Dataa{aa{at}DuAABAAu}DvAABAAv}ds,31.666666666666668
CHEMBL402728,C[C@H](CO)Nc1nc(SCc2csc(C)n2)nc3NC(=O)Sc13,1.73,[C@@H](CO)(Nc1c2sc(=O)[nH]c2nc(SCc2csc(C)n2)n1)C,A{A*Q}{AB}Darda{EAasaea{A}ds}datDA{~B}Eart,46.166666666666664
CHEMBL1760962,Cn1nnc(n1)c2ccc(cn2)c3ccc(cc3F)N4C[C@H](COc5ccon5)OC4=O,1.24,n1occc1OC[C@H]1CN(c2ccc(-c3cnc(-c4nnn(C)n4)cc3)c(F)c2)C(=O)O1,Adrdda{dr}asaaa{ads}ataaa{aatG}DuA{A*Q}{ABavaabdv}BAu~B,54.333333333333336
CHEMBL1270569,CS(=O)(=O)c1cccc(Nc2nccc(Nc3cccc4OCOc34)n2)c1,2.83,c1cnc(Nc2cccc(S(=O)(C)=O)c2)nc1Nc1cccc2c1OCO2,AE{~B}{~B}araaaa{Dasdaaa{DataaaauBABatu}ds}ar,27.833333333333332
CHEMBL1288102,NC(=O)c1cnc(N[C@H]2CCCNC2)c3cc(sc13)c4ccc(F)cc4F,1.97,c1c(-c2cc3c(s2)c(C(=O)N)cnc3N[C@H]2CCCNC2)c(F)cc(F)c1,DA{~B}arada{D{A*Q}sAAADAs}ataa{eart}auaaa{G}aauG,42.16666666666667
CHEMBL2017459,CCN(C(=O)c1oc(cc1)c2ccc(Cl)cc2)c3ccc(cc3)N4CCNCC4,3.3,C(=O)(N(c1ccc(N2CCNCC2)cc1)CC)c1oc(-c2ccc(Cl)cc2)cc1,AAD{A{~B}arba{aar}asaaa{Z}aas}ataaa{aat}DuAADAAu,20.000000000000004
CHEMBL1630130,O=C(CCN1CCCCC1)Nc2ccc(C3=CC=CN4C(=O)C=C(N=C34)N5CCOCC5)c6sc7ccccc7c26,2.9,C(C(=O)Nc1c2c(sc3ccccc23)c(-c2c3n(ccc2)c(=O)cc(N2CCOCC2)n3)cc1)CN1CCCCC1,B~A{AADrAAAAAr}Dasaaa{At~AA~ADuA{~B}A~A{D~Atu}DvAABAAv}aweaxaaaaaxasw,26.666666666666668
CHEMBL1560812,Cc1ccc(cc1)S(=O)(=O)N2CCN(CC2)C(=O)c3occc3,2.17,c1oc(C(N2CCN(S(=O)(c3ccc(C)cc3)=O)CC2)=O)cc1,Aaraaa{aar}E{~B}{~B}DsAAD{AAs}A{~B}atbaaat,38.833333333333336
CHEMBL2086679,CC(C)(C)OC(=O)N1CCN(CC1)c2ncc(OCc3ccncc3F)cn2,3.6,C(c1c(F)cncc1)Oc1cnc(N2CCN(C(OC(C)(C)C)=O)CC2)nc1,AA{A}{A}BA{~B}DrAAD{AAr}asdaa{BAataadaatG}ads,14.999999999999998
CHEMBL1586839,Cc1ccc(CN2C(=O)CCSc3ccc(Cl)cc23)cc1,3.7,Clc1ccc2c(c1)N(Cc1ccc(C)cc1)C(=O)CCS2,Aaraaa{ADsA{~B}AAEataaa{Z}aast}aar,13.33333333333333
CHEMBL13863,CC(C)C(NC(=O)CN1C(=O)c2nc(O)nc(O)c2C=C1c3ccccc3)C(=O)C(F)(F)F,1.88,c1ccc(-c2n(CC(NC(C(C(F)(F)F)=O)C(C)C)=O)c(=O)c3c(c2)c(O)nc(O)n3)cc1,AA{A}A{DA{~B}ADrA{~B}asda{B}da{B}asA~Arataaaaat}A{~B}A{G}{G}G,43.666666666666664
CHEMBL1223953,NC(=O)c1cccc(C[C@@H]2C[C@H]3CC[C@@H](C2)N3Cc4ccccc4)c1,1.11,c1(CN2[C@@H]3C[C@H](Cc4cc(C(=O)N)ccc4)C[C@H]2CC3)ccccc1,DA{~B}araaaa{A{A**Q}sA{A*Q}tAA{A**Q}{As}DtAauaaaaau}ar,56.49999999999999
CHEMBL375166,CC(C)CN1C(=O)N(C)C(=O)c2c1sc(Cc3c(C)n[nH]c3C)c2C(=O)N4C[C@H](O)CO4,1.07,O=C(N1C[C@H](O)CO1)c1c2c(n(CC(C)C)c(=O)n(C)c2=O)sc1Cc1c(C)[nH]nc1C,AA{A}ADrA{~B}D{A}A{~B}asarea{Aata{A}d{dQ}atA}asA{~B}DuA{A*Q}{B}ABu,57.166666666666664
CHEMBL1442709,O=C1N(C(=Nc2c1cnn2c3ccccc3)c4occc4)c5ccccc5,3.29,c1c(-c2n(-c3ccccc3)c(=O)c3c(n(-c4ccccc4)nc3)n2)occ1,B~ArD{A{~Dasaraddsataaaaat}aubaaau}avaaaaav,20.166666666666668
CHEMBL2171020,Clc1ccc(OC2CCN(CC2)C3CCN(CC3)C(=O)C4=CNC(=O)c5ccccc45)cc1Cl,3.51,c1cccc2c(=O)[nH]cc(C(=O)N3CCC(N4CCC(Oc5ccc(Cl)c(Cl)c5)CC4)CC3)c12,Zaraaa{BAsAAD{AAs}AtAAD{AAt}A{~B}Au~ADA{~B}avaaaaauv}aarZ,16.500000000000004
CHEMBL1824044,COc1ccc2OCC(=O)N(CCN3CCC(CC3)NCc4ccc5OCC(=O)Nc5n4)c2c1,0.87,c1(CNC2CCN(CCN3C(=O)COc4ccc(OC)cc43)CC2)ccc2c(n1)NC(=O)CO2,ABaraaasBAA{~B}D{AADtAAA{AAt}DAauaaavBAA{~B}Davdu}asar,60.5
CHEMBL209522,Nc1ncnc2c1nc(Sc3nc4cccc(Cl)c4s3)n2CCO,2.37,c12c(N)ncnc1n(CCO)c(Sc1nc3cccc(Cl)c3s1)n2,Dardadasarda{Eatdauaaaa{Z}auet}dsAAB,35.5
CHEMBL184052,COc1cc2ncnc(Nc3cc(NC(=O)c4cccc(c4)N5CCOCC5)ccc3C)c2cc1OC,3.6,c1c(OC)c(OC)cc2c(Nc3cc(NC(=O)c4cc(N5CCOCC5)ccc4)ccc3C)ncnc12,ABaraasdada{Dataa{DA{~B}auaaaa{au}DvAABAAv}aaatA}asaarBA,14.999999999999998
CHEMBL1448915,Cc1ccccc1C(=O)N2CCN(CC2)c3ccccn3,2.18,C1N(c2ncccc2)CCN(C(c2ccccc2C)=O)C1,AaraaaaarA{~B}DsAAD{AAs}ataaaadt,38.666666666666664
CHEMBL2158779,OC(=O)[C@H](Cc1ccc(F)cc1)N2CCC(CN3CCC(CC3)Oc4ccc(Cl)cc4Cl)CC2,2.6,N1([C@@H](Cc2ccc(F)cc2)C(=O)O)CCC(CN2CCC(Oc3ccc(Cl)cc3Cl)CC2)CC1,BA{~B}{A*Q}{Aaraaa{G}aar}DsAAA{ADtAAA{AAt}Bauaaa{Z}aauZ}AAs,31.666666666666668
CHEMBL1779001,COc1ccc(c(OC)c1)c2cncc(CNC3CCCC3)n2,2.14,C(c1cncc(-c2c(OC)cc(OC)cc2)n1)NC1CCCC1,ABaraaa{a{BA}ar}asadaa{ADAtAAAAt}ds,39.333333333333336
CHEMBL250389,COC1CCN(CC1)C(=O)C2CCN(CCc3c([nH]c4sc(cc34)C(C)(C)C(=O)N5C6CCC5CC6)c7cc(C)cc(C)c7)CC2,4.09,C1C(C(N2CCC(OC)CC2)=O)CCN(CCc2c3c([nH]c2-c2cc(C)cc(C)c2)sc(C(C)(C(N2C4CCC2CC4)=O)C)c3)C1,ABArAAD{AAr}A{~B}AsAAD{AAata{{dQ}auea{aatu}A{A}{A}A{~B}DvAwAAAvAAw}axaa{A}aa{A}ax}AAs,6.833333333333336
CHEMBL2326690,C1NCC(CC=C1)c2oc3ccccc3c2,1.94,C1NCC=CCC1c1oc2ccccc2c1,ArDAA{AA~Ar}asbataaaaatas,42.666666666666664
CHEMBL2208434,O[C@H](CNC(=O)C1=CC(=O)Nc2ccccc12)CN3CCC(CC3)Oc4ccc(Cl)c(Cl)c4,3.48,C(NC[C@@H](O)CN1CCC(Oc2cc(Cl)c(Cl)cc2)CC1)(c1cc(=O)[nH]c2c1cccc2)=O,B{A*Q}{ADA{~B}Ar~AA{~B}Dasaaaaars}ADtAAA{AAt}Bauaaa{Z}a{Z}au,17.0
CHEMBL11334,CC(C)C(NC(=O)CN1C(=O)C(=CN=C1C(C)C)NC(=O)OCc2ccccc2)C(=O)C(F)(F)F,2.63,c1cc(COC(=O)Nc2cnc(C(C)C)n(CC(NC(C(C)C)C(=O)C(F)(F)F)=O)c2=O)ccc1,AA{A}A{DA{~B}ADrA{~B}A{~AD~ArA{A}A}DA{~B}BAasaaaaas}A{~B}A{G}{G}G,31.166666666666668
CHEMBL1939743,CCN(CC)C(=O)c1ccc(cc1)[C@@H](N2CCN(CCOC)CC2)c3cccc(NC(=O)C4CC4)c3,2.35,O(CCN1CCN([C@@H](c2cc(NC(=O)C3CC3)ccc2)c2ccc(C(N(CC)CC)=O)cc2)CC1)C,AAD{AA}A{~B}araaa{aar}{A**Q}{DsAAD{AABA}AAs}ataaaa{DA{~B}AuAAu}at,35.833333333333336
CHEMBL71044,CN(C)CCCNS(=O)(=O)c1ccc(Nc2nccc(n2)c3cnc4ccccn34)cc1,1.9,c1cc(Nc2nccc(-c3cnc4ccccn34)n2)ccc1S(=O)(=O)NCCCN(C)C,AD{A}AAADE{~B}{~B}araaa{Dasdaaa{ds}atadauaaaadtu}aar,43.333333333333336
CHEMBL1600648,Cc1nc2ncnn2c(O)c1CCOC(=O)c3c(F)cccc3F,0.16,C(Cc1c(O)n2ncnc2nc1C)OC(c1c(F)cccc1F)=O,Aardasdaddsa{B}arAABA{~B}ata{G}aaaatG,72.33333333333333
CHEMBL384304,COc1ccc(F)c(F)c1C(=O)c2cnc(NC3CCN(CC3)S(=O)(=O)C)nc2N,2.08,c1(F)ccc(OC)c(C(=O)c2cnc(NC3CCN(S(=O)(C)=O)CC3)nc2N)c1F,ABaraaa{G}a{G}arA{~B}asada{DAtAAD{AAt}E{~B}{~B}A}dasD,40.333333333333336
CHEMBL1224065,NC(=O)c1cccc(N[C@H]2C[C@H]3CC[C@@H](C2)N3Cc4ccccc4)c1,1.01,c1cc(CN2[C@@H]3C[C@@H](Nc4cccc(C(N)=O)c4)C[C@H]2CC3)ccc1,DA{~B}araaaa{D{A*Q}sA{A*Q}tAA{A**Q}{As}DtAauaaaaau}ar,58.166666666666664
CHEMBL1526499,Clc1ccc(cc1)c2cn3ccccc3n2,4.0,c1cccc2n1cc(-c1ccc(Cl)cc1)n2,Zaraaa{aar}asadtaaaaatds,8.333333333333334
CHEMBL1095,CCN1C(=O)NC(C1=O)c2ccccc2,1.0,c1c(C2NC(=O)N(CC)C2=O)cccc1,AADrA{~B}DA{Ar~B}asaaaaas,58.333333333333336
CHEMBL185315,CN1CCC(CC1)Oc2nccc(Nc3cc(NC(=O)c4ccnc(c4)N5CCOCC5)ccc3C)n2,1.8,C1N(C)CCC(Oc2nc(Nc3cc(NC(c4cc(N5CCOCC5)ncc4)=O)ccc3C)ccn2)C1,ADrAAA{AAr}Basdaaa{Dataa{DA{~B}auaada{au}DvAABAAv}aaatA}ds,45.0
CHEMBL380936,Nc1nc(NCc2ccccc2)nc3c1nc(O)n3Cc4ccccc4,3.69,c1(N)nc(NCc2ccccc2)nc2c1nc(O)n2Cc1ccccc1,Darda{DAasaaaaas}datarda{B}dtAauaaaaau,13.5
CHEMBL1951912,CCN(C1CCN(CC[C@H](C2CCN(CC2)S(=O)(=O)C)c3cccc(F)c3)CC1)C(=O)Cc4ccc(cc4)S(=O)(=O)C,1.44,c1cc(S(=O)(=O)C)ccc1CC(=O)N(CC)C1CCN(CC[C@@H](c2cccc(F)c2)C2CCN(S(C)(=O)=O)CC2)CC1,AAD{ArAAD{AA{A*Q}{AsAAD{AAs}E{~B}{~B}A}ataaaa{G}at}AAr}A{~B}Aauaaa{aau}E{~B}{~B}A,51.0
CHEMBL2178946,Cc1nc(C)c(nc1C(=O)N)c2ccc([C@@H]3CC[C@H](CC(=O)O)CC3)c(Cl)c2,1.7,Cc1nc(C)c(C(N)=O)nc1-c1ccc([C@H]2CC[C@@H](CC(O)=O)CC2)c(Cl)c1,Aarda{A}a{darA{~B}D}asaaa{{A**Q}tAA{A*Q}{AA{~B}B}AAt}a{Z}as,46.666666666666664
CHEMBL27006,FC(F)(F)c1cc(CO[C@H]2CCCN[C@H]2c3ccccc3)cc(c1)C(F)(F)F,3.6,FC(F)(F)c1cc(C(F)(F)F)cc(CO[C@@H]2[C@H](c3ccccc3)NCCC2)c1,GA{G}{G}araa{AB{A*Q}sAAAD{A*Q}sataaaaat}aa{ar}A{G}{G}G,14.999999999999998
CHEMBL423026,CN(CCOc1ccc(C[C@H](Nc2ccccc2C(=O)c3ccccc3)C(=O)O)cc1)c4oc5ccccc5n4,2.47,c1(C(=O)c2c(N[C@H](C(=O)O)Cc3ccc(OCCN(C)c4nc5ccccc5o4)cc3)cccc2)ccccc1,AD{AABaraaa{A{A*Q}{DasaaaaasA{~B}ataaaaat}A{~B}B}aar}aubavaaaaavdu,33.83333333333333
CHEMBL1164070,Cc1cccc(c1)C(=O)N2CCC(CC2)C(=O)c3ccc(F)cc3,3.4,C(c1ccc(F)cc1)(=O)C1CCN(C(c2cccc(C)c2)=O)CC1,Aaraaaa{ar}A{~B}DsAAA{AAs}A{~B}ataaa{G}aat,18.333333333333336
CHEMBL2321999,Clc1ccc(cc1Cl)[C@@H]2CNCC=CC2,1.95,Clc1ccc([C@@H]2CNCC=CC2)cc1Cl,Zaraaa{aarZ}{A**Q}sADAA~AAs,42.49999999999999
CHEMBL226959,COC(=O)c1ccc(CN2NC(=O)C3=C(C2=O)C(=O)c4ccc(Cl)cc4N3)cc1,1.17,Clc1cc2c(c(=O)c3c(=O)n(Cc4ccc(C(=O)OC)cc4)[nH]c(=O)c3[nH]2)cc1,ABA{~B}araaa{ADsDA{~B}At~A{As~B}A{~B}auaaa{Z}aauDt}aar,55.5
CHEMBL1528704,CCN(CC)c1ncnc2c1ncn2Cc3c(Cl)cccc3Cl,1.25,Clc1cccc(Cl)c1Cn1c2ncnc(N(CC)CC)c2nc1,AAD{AA}ardadasardadsAata{Z}aaaatZ,54.166666666666664
CHEMBL1809058,COc1cc(ccc1Nc2ncc(Cl)c(n2)c3cnc4ccccn34)N5CC6CNCC(C5)O6,2.3,c1(Cl)cnc(Nc2ccc(N3CC4OC(C3)CNC4)cc2OC)nc1-c1cnc2n1cccc2,ABaraa{aaarDasdaa{Z}a{ds}atadauaaaadtu}DvAAwADAA{Av}Bw,36.66666666666667
CHEMBL171951,CCCS(=O)(=O)N1N=Cc2cc(Cl)ccc2B1O,-0.4,O=S(=O)(N1B(O)c2c(cc(Cl)cc2)C=N1)CCC,AAAE{~B}{~B}DrD~Aasaa{Z}aaasJrB,81.66666666666667
CHEMBL1240590,CNc1ccc2ncc(c3cccc(O)c3)n2n1,2.99,n1c2n(c(-c3cc(O)ccc3)c1)nc(NC)cc2,ADaraaasdaa{ataaaa{B}at}dsdr,25.16666666666666
CHEMBL398149,CC(=O)Nc1cccc(Nc2nc(NC3CC3)n4ncc(C#N)c4n2)c1,2.1,c1nn2c(c1C#N)nc(Nc1cccc(NC(=O)C)c1)nc2NC1CC1,AA{~B}Daraaaa{Dasda{DAtAAt}dudaa{A^D}auds}ar,40.0
CHEMBL521815,CN1CCN(CC1)C(=O)c2cc(CC3=NNC(=O)c4ccccc34)ccc2F,1.03,c1cc(Cc2c3c(cccc3)c(=O)[nH]n2)cc(C(N2CCN(C)CC2)=O)c1F,ADrAAD{AAr}A{~B}asaa{AAt~DDA{~B}auaaaaatu}aaasG,57.833333333333336
CHEMBL271703,C[C@H](CO)Nc1nc(SCc2cccc(F)c2F)nc3nc(N)cnc13,2.89,c1(SCc2cccc(F)c2F)nc(N[C@@H](CO)C)c2c(n1)nc(N)cn2,A{A*Q}{AB}Darda{EAasaaaa{G}asG}datda{D}adart,26.833333333333332
CHEMBL259084,OC(=O)c1ccc(Nc2ncc3CN=C(c4cc(Cl)ccc4c3n2)c5c(F)cccc5F)cc1,2.58,Fc1cccc(F)c1C1=NCc2c(nc(Nc3ccc(C(=O)O)cc3)nc2)-c2c1cc(Cl)cc2,BA{~B}araaa{DasdaatAD~A{auaa{Z}aaauatds}ava{G}aaaavG}aar,32.0
CHEMBL1643194,Cc1cc(CN2Cc3ccccc3C2C(=O)Nc4ccc(Cl)cc4Cl)ccc1OCC(=O)O,2.62,c1(CN2Cc3ccccc3C2C(Nc2ccc(Cl)cc2Cl)=O)cc(C)c(OCC(=O)O)cc1,Aaraa{ADsAataaaaatAsA{~B}Dauaaa{Z}aauZ}aaarBAA{~B}B,31.333333333333332
CHEMBL78535,CCO\N=C(\C1CCN(CC1)C2(C)CCN(CC2)C(=O)c3c(C)cc[n+]([O-])c3C)/c4ccc(Br)cc4,2.14,Brc1ccc(/C(C2CCN(C3(C)CCN(C(=O)c4c(C)cc[n+]([O-])c4C)CC3)CC2)=N\OCC)cc1,AAB!D~A{!ArAAD{AAr}As{A}AAD{AAs}A{~B}ata{A}aa{d%}{{B_}}atA}|auaaa{Y}aau,39.333333333333336
CHEMBL13923,CC(C)C(NC(=O)CN1C(=O)C(=CC=C1c2ccccc2)N)C(=O)C(F)(F)F,1.74,c1cccc(-c2n(CC(NC(C(C)C)C(C(F)(F)F)=O)=O)c(=O)c(N)cc2)c1,AA{A}A{DA{~B}ADrA{~B}A{~AA~Arasaaaaas}D}A{~B}A{G}{G}G,46.0
CHEMBL397983,CCOc1ccc(cc1)N2C(=O)c3cccnc3N=C2[C@@H](C)N(Cc4cccnc4)C(=O)Cc5ccc(OC(F)(F)F)cc5,3.7,c12ncccc1c(=O)n(-c1ccc(OCC)cc1)c([C@H](N(Cc1cccnc1)C(=O)Cc1ccc(OC(F)(F)F)cc1)C)n2,AABaraaa{aar}DsA{~B}ataaadatD~As{A**Q}{A}D{Aauaaadau}A{~B}Aavaaa{BA{G}{G}G}aav,13.33333333333333
CHEMBL2335908,COc1cc2nc(Nc3ccc(cc3)[C@@H](C)NC(=O)C)ncc2cc1c4ccncc4,3.11,C[C@@H](NC(C)=O)c1ccc(Nc2nc3cc(OC)c(-c4ccncc4)cc3cn2)cc1,ABaraasda{Dataaa{aat}{A**Q}{A}DA{~B}A}daasaarauaadaau,23.166666666666668
CHEMBL517534,O=C(Nc1nccs1)[C@H](CC2CCOCC2)c3ccc(cc3)S(=O)(=O)C4CC4,2.55,O1CCC(C[C@H](c2ccc(S(=O)(=O)C3CC3)cc2)C(Nc2nccs2)=O)CC1,B~A{Dardaaer}{A*Q}{AAsAABAAs}ataaa{aat}E{~B}{~B}AuAAu,32.50000000000001
CHEMBL1401353,Cc1cccc(NS(=O)(=O)c2cccc3nonc23)c1,3.0,c1c(NS(=O)(c2c3nonc3ccc2)=O)cccc1C,Aaraaaa{DE{~B}{~B}asaaaatdbdast}ar,25.0
CHEMBL1683032,CCOc1cc2nnc(C(=O)N)c(Nc3cc(C)ccc3F)c2cc1N4CCN(C)CC4,3.02,c1(Nc2c3c(nnc2C(N)=O)cc(OCC)c(N2CCN(C)CC2)c3)c(F)ccc(C)c1,AABaraasdda{A{~B}D}a{Dataa{A}aaatG}asaarDuAAD{A}AAu,24.666666666666668
CHEMBL1731705,O=S(=O)(Nc1ccccc1c2ccccc2)c3ccccc3,3.96,c1cc(-c2c(NS(=O)(=O)c3ccccc3)cccc2)ccc1,B~E{~B}{Daraaaaarasaaaaas}ataaaaat,9.0
CHEMBL70972,CC1=C(C)C(=O)C(=C(C)C1=O)C(CCCCCC(=O)O)c2ccccc2,2.48,C(CC(c1ccccc1)C1=C(C)C(=O)C(C)=C(C)C1=O)CCCC(=O)O,AAr~A{A}A{~B}A{~A{A}Ar~B}A{AAAAAA{~B}B}asaaaaas,33.666666666666664
CHEMBL2207664,Cc1c(Cl)ccc(OC2CCN(C[C@H](O)CNC(=O)C3=CNC(=O)C=C3C(F)(F)F)CC2)c1Cl,3.14,O=C(c1c(C(F)(F)F)cc(=O)[nH]c1)NC[C@@H](O)CN1CCC(Oc2c(Cl)c(C)c(Cl)cc2)CC1,Aara{Z}aaa{BAsAAD{A{A*Q}{B}ADA{~B}At~ADA{~B}A~AtA{G}{G}G}AAs}arZ,22.666666666666668
CHEMBL2057336,Cc1ccc(cc1NC(=O)c2ccc(OCc3ccccn3)cc2)c4ccc(N)nn4,2.47,Nc1ccc(-c2ccc(C)c(NC(=O)c3ccc(OCc4ccccn4)cc3)c2)nn1,Aaraaa{aarDA{~B}asaaa{BAataaaadt}aas}auaaa{D}ddu,33.83333333333333
CHEMBL1682962,CC[C@H](NC(=O)c1c([S+](C)[O-])c(nc2cc(Cl)ccc12)c3ccccc3)c4ccccc4,3.07,Clc1ccc2c(c1)nc(-c1ccccc1)c([S+]([O-])C)c2C(=O)N[C@@H](CC)c1ccccc1,AA{A*Q}{DA{~B}ara{{E%}{A}{B_}}a{dasaa{Z}aaars}ataaaaat}auaaaaau,23.83333333333334
CHEMBL554332,Fc1ccc(cc1)C(NC(=O)CC2CCN(Cc3ccn(c3)c4ccc(cc4)C(F)(F)F)CC2)C5=CNC(=O)C=C5,3.04,C(NC(CC1CCN(Cc2ccn(-c3ccc(C(F)(F)F)cc3)c2)CC1)=O)(c1ccc(=O)[nH]c1)c1ccc(F)cc1,Garaaa{aar}A{DA{~B}AAsAAD{Aataad{at}auaaa{aau}A{G}{G}G}AAs}Av~ADA{~B}A~Av,24.333333333333332
CHEMBL1778639,CCS(=O)(=O)c1ccc(c(C)c1)c2cc(ccc2OCC(=O)O)C(F)(F)F,-0.45,O=C(O)COc1c(-c2c(C)cc(S(=O)(CC)=O)cc2)cc(C(F)(F)F)cc1,AAE{~B}{~B}araaa{a{A}ar}asaa{aaasBAA{~B}B}A{G}{G}G,82.5
CHEMBL226804,CC(N1NC(=O)C2=C(C1=O)C(=O)c3ccc(Cl)cc3N2)c4oc5ccccc5c4,2.1,c1ccc2oc(C(n3[nH]c(=O)c4c(c(=O)c5c([nH]4)cc(Cl)cc5)c3=O)C)cc2c1,AA{DrDA{~B}As~A{Ar~B}A{~B}ataaa{Z}aatDs}aubavaaaaavau,40.0
CHEMBL2088098,Cc1cc(CNc2nccc(Nc3cc(C)[nH]n3)n2)on1,1.86,n1ccc(Nc2cc(C)[nH]n2)nc1NCc1cc(C)no1,Aaraa{ADasdaaa{Dataa{A}{dQ}dt}ds}bdr,43.99999999999999
CHEMBL51257,CCCC(=O)Nc1ccc2c3ccccc3C(=O)C(=O)c2c1,2.81,c1c2c(ccc1)-c1c(cc(NC(CCC)=O)cc1)C(=O)C2=O,AAAA{~B}DaraaasataaaaatA{~B}A{~B}asar,28.166666666666668
CHEMBL787,CC(C)(O)c1ccccc1CC[C@@H](SCC2(CC(=O)O)CC2)c3cccc(\C=C\c4ccc5ccc(Cl)cc5n4)c3,3.45,C(=C/c1cc([C@@H](CCc2ccccc2C(O)(C)C)SCC2(CC(O)=O)CC2)ccc1)\c1nc2cc(Cl)ccc2cc1,AA{A}{B}araaaaarAA{A**Q}{EAAs{AA{~B}B}AAs}ataaaa{!A~A!auaaavaaa{Z}aavdu}at,17.499999999999996
CHEMBL101253,Clc1ccc(Nc2nnc(Cc3ccncc3)c4ccccc24)cc1,3.7,c1c(Nc2nnc(Cc3ccncc3)c3ccccc32)ccc(Cl)c1,Zaraaa{Dasdda{Aataadaat}auaaaaasu}aar,13.33333333333333
CHEMBL1043,Nc1ccc(cc1)S(=O)(=O)c2ccc(N)cc2,0.88,c1cc(N)ccc1S(=O)(c1ccc(N)cc1)=O,Daraaa{aar}E{~B}{~B}asaaa{D}aas,60.333333333333336
CHEMBL1294,COc1ccc2nccc([C@H](O)[C@H]3C[C@@H]4CCN3C[C@@H]4C=C)c2c1,2.21,C=C[C@@H]1[C@H]2CCN([C@@H]([C@H](c3ccnc4ccc(OC)cc34)O)C2)C1,ABaraaasdaaa{{A*Q}{B}{A*Q}tA{A**Q}uAADtA{A**Q}uA~A}asar,38.166666666666664
CHEMBL2178941,Cc1nc(C)c(nc1C(=O)N)c2ccc(cc2)[C@@H]3CC[C@@H](CCC(=O)O)CC3,1.6,c1c([C@H]2CC[C@H](CCC(=O)O)CC2)ccc(-c2nc(C(N)=O)c(C)nc2C)c1,Aarda{A}a{darA{~B}D}asaaa{aas}{A**Q}tAA{A**Q}{AAA{~B}B}AAt,48.333333333333336
CHEMBL347645,NC(=O)Cc1ccccc1,0.3,c1(CC(=O)N)ccccc1,DA{~B}Aaraaaaar,70.0
CHEMBL1981679,CC(=O)O[C@H]1CC[C@]2(C=O)[C@H]3CC[C@]4(C)[C@H](CC[C@]4(O)[C@@H]3CC[C@]2(O)C1)C5=CC(=O)OC5,0.64,O1C(=O)C=C([C@@H]2[C@]3(C)[C@](O)(CC2)[C@H]2[C@H](CC3)[C@]3(C=O)[C@@](O)(C[C@@H](OC(C)=O)CC3)CC2)C1,AA{~B}B{A*Q}rAA{A*}s{A~B}{A*Q}tAA{A*}u{A}{A*Q}{AA{A*}u{B}{A**Q}tAA{A*}s{B}Ar}Av~AA{~B}BAv,64.33333333333333
CHEMBL207584,COc1cc2ncnc(Nc3cccc(Cl)c3F)c2cc1CN4CCC[C@H]4C(=O)N,3.58,C1C[C@@H](C(N)=O)N(Cc2cc3c(cc2OC)ncnc3Nc2cccc(Cl)c2F)C1,ABaraasdada{Dataaaa{Z}atG}asaarADuAAA{A*Q}uA{~B}D,15.333333333333334
CHEMBL92401,CC(C)NNC(=O)c1ccncc1,0.33,c1cc(C(=O)NNC(C)C)ccn1,AA{A}DDA{~B}araadaar,69.5
CHEMBL404609,NC(=O)Nc1sc(cc1C(=O)N)c2ccccc2,2.42,c1cccc(-c2sc(NC(=O)N)c(C(N)=O)c2)c1,DA{~B}Darea{aarA{~B}D}asaaaaas,34.666666666666664
CHEMBL1625467,Nc1ccc(N=Nc2ccccc2)c(N)n1,3.22,N(c1ccccc1)=Nc1ccc(N)nc1N,Daraaa{D~Dasaaaaas}a{D}dr,21.333333333333332
CHEMBL2158466,CCCSc1nc(NC)ccc1C(=O)N[C@@H]2C3CC4CC2C[C@@](O)(C4)C3,3.27,CNc1nc(SCCC)c(C(=O)N[C@H]2C3C[C@]4(O)CC2CC(C4)C3)cc1,AAAEarda{DA}aaarA{~B}D{A**Q}sAtAAuAAsA{A**}{B}{Au}At,20.5
CHEMBL186513,Oc1ccc(cc1)c2oc3c(cc(O)cc3n2)C#N,3.6,c1(O)cc(C#N)c2c(c1)nc(-c1ccc(O)cc1)o2,Baraaa{aar}asbata{aa{B}aatds}A^D,14.999999999999998
CHEMBL2031157,OC(=O)[C@H](Cc1ccc(cc1)C#CCCNc2ccccn2)NC(=O)c3c(Cl)cccc3Cl,0.27,c1c(C[C@H](NC(=O)c2c(Cl)cccc2Cl)C(O)=O)ccc(C#CCCNc2ccccn2)c1,BA{~B}{A*Q}{Aaraaa{aar}A^AAADasaaaads}DA{~B}ata{Z}aaaatZ,70.50000000000001
CHEMBL1682823,O=C1CCOc2nc(ccc12)C#CC3CCCCC3,3.3,C1CCCC(C#Cc2nc3c(cc2)C(=O)CCO3)C1,B~ArAABasda{aaars}A^AAtAAAAAt,20.000000000000004
CHEMBL1319232,Cc1ccc(cc1)N2NC(=O)c3cccnc23,2.1,n1(-c2ccc(C)cc2)c2c(cccn2)c(=O)[nH]1,Aaraaa{aar}DsDA{~B}ataaadast,40.0
CHEMBL36994,COc1ccc(cc1)C(=O)N2CCCC2=O,0.93,COc1ccc(C(N2C(=O)CCC2)=O)cc1,ABaraaa{aar}A{~B}DsAAAAs~B,59.5
CHEMBL1173055,CNCc1ccc(cc1)c2[nH]c3cc(F)cc4C(=O)NCCc2c34,1.17,c1cc(CNC)ccc1-c1c2c3c(cc(F)cc3C(=O)NCC2)[nH]1,ADAaraaa{aar}as{dQ}ataa{G}aauA{~B}DAAasatu,55.5
CHEMBL573214,Oc1ccc2C[C@H]3N(CC4CC4)CC[C@@]56[C@@H](Oc1c25)c7[nH]c8[C@@H]9Oc%10c(O)ccc%11C[C@H]%12N(CC%13CC%13)CC[C@@]9(c%10%11)[C@@]%12(O)Cc8c7C[C@@]36O,1.41,c12ccc(O)c3c1[C@@]14[C@](O)([C@H](N(CC5CC5)CC1)C2)Cc1c([nH]c2c1C[C@]1(O)[C@@]56c7c(ccc(O)c7O[C@H]52)C[C@H]1N(CC1CC1)CC6)[C@@H]4O3,BaraaasA{A*Q}tD{AAuAAu}AA{A**}vw{A**Q}{Barasv}ax{dQ}ay{A**Q}zBa&rqa{B}aaa&rrA{A*Q}&rsD{AA&rtAA&rt}AA{A**}z{a&rq&rr}{A**}&rs{B}AayaxA{A**}twB,51.5
CHEMBL246533,Clc1cccc2[nH]ncc12,2.5,c1(Cl)cccc2c1cn[nH]2,Zaraaaas{dQ}daars,33.333333333333336
CHEMBL38182,Brc1ccccc1NC(=O)Nc2ccc(C#N)c3[nH]nnc23,1.64,n1[nH]c2c(n1)c(NC(Nc1c(Br)cccc1)=O)ccc2C#N,YaraaaaarDA{~B}Dasaaa{A^D}at{dQ}ddast,47.66666666666668
CHEMBL1548889,Nc1ccc(Cl)c(c1)c2oc3cccnc3n2,1.97,c1ccc2oc(-c3c(Cl)ccc(N)c3)nc2n1,Daraaa{Z}a{ar}asbataaadatds,42.16666666666667
CHEMBL232656,C[C@@H]1CN(Cc2ccc(F)cc2)CCN1C(=O)COc3ccc(Cl)cc3NC(=O)N,1.91,N1(C(COc2c(NC(N)=O)cc(Cl)cc2)=O)[C@H](C)CN(Cc2ccc(F)cc2)CC1,A{A**Q}rAD{Aasaaa{G}aas}AADrA{~B}ABataaa{Z}aatDA{~B}D,43.166666666666664
CHEMBL182266,CN(C1CCN(CCC(c2ccccc2)c3ccccc3)CC1)C(=O)c4ccncc4,2.8,c1ccc(C(c2ccccc2)CCN2CCC(N(C(=O)c3ccncc3)C)CC2)cc1,AD{ArAAD{AAA{asaaaaas}ataaaaat}AAr}A{~B}auaadaau,28.33333333333334
CHEMBL444194,CC(C)n1c(C)ncc1c2ccnc(Nc3ccc(cc3)C#N)n2,3.62,c1(-c2n(C(C)C)c(C)nc2)ccnc(Nc2ccc(C#N)cc2)n1,AA{A}dra{A}daarasaada{Dataaa{aat}A^D}ds,14.666666666666664
CHEMBL551984,O[C@@H]1CCN(C1)c2ccc3c(NC(=O)CNc4cccc(c4)C#N)c(Cl)ccc3n2,2.39,Clc1c(NC(=O)CNc2cccc(C#N)c2)c2ccc(N3CC[C@@H](O)C3)nc2cc1,B{A**Q}rAAD{Ar}asaaata{DA{~B}ADauaaaa{au}A^D}a{Z}aaatds,35.166666666666664
CHEMBL2071097,O=C(NC1(CC1)C#N)[C@@H]2CCCC[C@H]2C(=O)N3CCN(CC3)c4nc5CCOCc5s4,1.42,c1(N2CCN(C([C@@H]3CCCC[C@H]3C(NC3(C#N)CC3)=O)=O)CC2)nc2c(s1)COCC2,B~A{DAr{AAr}A^D}{A**Q}sAAAA{A*Q}sA{~B}DtAAD{AAt}audavAABAaveu,51.333333333333336
CHEMBL523058,Fc1ccc(CC2=NNC(=O)c3ccccc23)cc1C(=O)N4CCN(CC4)c5ccccn5,2.55,Fc1ccc(Cc2c3ccccc3c(=O)[nH]n2)cc1C(N1CCN(c2ccccn2)CC1)=O,Garaaa{AAs~DDA{~B}ataaaaast}aarA{~B}DuAAD{AAu}avaaaadv,32.50000000000001
CHEMBL1201295,Cc1ccc(cc1)C(=O)Oc2ccc(cc2OC(=O)c3ccc(C)cc3)C(O)CNC(C)(C)C,3.57,C(NC(C)(C)C)C(O)c1ccc(OC(c2ccc(C)cc2)=O)c(OC(=O)c2ccc(C)cc2)c1,Aaraaa{aar}A{~B}Basaaa{aasBA{~B}ataaa{A}aat}A{B}ADA{A}{A}A,15.500000000000002
CHEMBL413742,CCCCC(CC)CNC(=O)c1ccc2c(c1)c(Cc3ccc(cc3OC)C(=O)NS(=O)(=O)c4ccccc4C)cn2C,3.66,Cn1cc(Cc2ccc(C(NS(=O)(=O)c3c(C)cccc3)=O)cc2OC)c2c1ccc(C(NCC(CCCC)CC)=O)c2,AAAAA{AA}ADA{~B}araaasa{ar}a{Aataaa{aatBA}A{~B}DE{~B}{~B}auaaaaauA}adsA,13.999999999999998
CHEMBL198150,CCN(C1CCN(CCC(c2ccccc2)c3ccc(cc3)S(=O)(=O)C)CC1)C(=O)Cc4ccc(cc4)S(=O)(=O)C,1.73,c1(S(=O)(C)=O)ccc(CC(N(C2CCN(CCC(c3ccc(S(=O)(C)=O)cc3)c3ccccc3)CC2)CC)=O)cc1,AAD{ArAAD{AAA{asaaaaas}ataaa{aat}E{~B}{~B}A}AAr}A{~B}Aauaaa{aau}E{~B}{~B}A,46.166666666666664
CHEMBL1934419,C[C@H](NC(=O)c1c(C)nn(C2CCS(=O)(=O)CC2)c1NS(=O)(=O)c3ccc(C)cc3)C(C)(C)C,0.25,CC([C@@H](NC(=O)c1c(C)nn(C2CCS(=O)(=O)CC2)c1NS(c1ccc(C)cc1)(=O)=O)C)(C)C,A{A*Q}{DA{~B}ara{A}dd{AsAAE{~B}{~B}AAs}arDE{~B}{~B}ataaa{A}aat}A{A}{A}A,70.83333333333333
CHEMBL210884,COCCOc1nc(N)c2NC(=O)N(Cc3ccccc3)c2n1,2.26,c1cccc(Cn2c3nc(OCCOC)nc(N)c3[nH]c2=O)c1,ABAABarda{D}asDA{~B}D{Aataaaaat}asdr,37.333333333333336
CHEMBL1762548,CC(C)N(c1ccnc(Nc2cc(cc(c2)N3CCOCC3)N4CCOCC4)n1)c5cc(CO)ccc5C,3.9,N1(c2cc(Nc3nc(N(c4cc(CO)ccc4C)C(C)C)ccn3)cc(N3CCOCC3)c2)CCOCC1,AA{A}D{araada{Dasaa{aa{as}DtAABAAt}DuAABAAu}dr}avaa{AB}aaavA,10.000000000000002
CHEMBL1631095,NC(=O)c1cc(C(=O)N)n(n1)c2cccc(c2)c3cc(ccc3C(F)(F)F)C(F)(F)F,3.4,c1(C(F)(F)F)ccc(C(F)(F)F)cc1-c1cccc(-n2nc(C(N)=O)cc2C(N)=O)c1,DA{~B}araa{A{~B}D}d{dr}asaaaa{as}ataa{aaatA{G}{G}G}A{G}{G}G,18.333333333333336
CHEMBL498404,CS(=O)(=O)Nc1cc(Nc2nccc(Nc3c(Cl)ccc4OCOc34)n2)cc(c1)C(=O)N,2.28,Clc1ccc2c(c1Nc1nc(Nc3cc(NS(=O)(=O)C)cc(C(=O)N)c3)ncc1)OCO2,AE{~B}{~B}Daraa{Dasdaaa{Data{Z}aaauBABatu}ds}aa{ar}A{~B}D,37.00000000000001
CHEMBL2031561,Oc1cc(cc(c1)C(F)(F)F)C(=O)Nc2cccc(c2)c3nnn[nH]3,0.8,FC(F)(c1cc(C(Nc2cc(-c3nnn[nH]3)ccc2)=O)cc(O)c1)F,Baraa{aa{ar}A{G}{G}G}A{~B}Dasaaaa{as}atddd{dQ}t,61.666666666666664
CHEMBL2089275,N#Cc1cccc(c1)c2cccc(c2)c3nn[nH]n3,0.7,[nH]1nnc(-c2cc(-c3cccc(C#N)c3)ccc2)n1,D^Aaraaaa{ar}asaaaa{as}atdd{dQ}dt,63.333333333333336
CHEMBL605846,COc1ccc(CC(C)(C)NC[C@H](O)c2cc(O)cc3NC(=O)COc23)cc1,0.79,c1([C@@H](O)CNC(Cc2ccc(OC)cc2)(C)C)c2c(cc(O)c1)NC(=O)CO2,ABaraaa{AA{A}{A}DA{A*Q}{B}asaa{B}aatDA{~B}ABast}aar,61.833333333333336
CHEMBL2035029,NC1(CCC1)c2ccc(cc2)c3ncc4cnccc4c3c5ccccc5,2.2,c12cnc(-c3ccc(C4(N)CCC4)cc3)c(-c3ccccc3)c1ccnc2,DAr{AAAr}asaaa{aas}atdaauadaaauatavaaaaav,38.33333333333333
CHEMBL1398535,Fc1ccccc1C(=O)Nc2c(cnn2c3ccccc3)C#N,1.7,N#Cc1cnn(-c2ccccc2)c1NC(=O)c1ccccc1F,GaraaaaarA{~B}Dasa{addsataaaaat}A^D,46.666666666666664
CHEMBL424414,CC1=CC(=O)Nc2ccccc12,1.9,c1(=O)cc(C)c2ccccc2[nH]1,AAr~AA{~B}Dasaaaaars,43.333333333333336
CHEMBL402501,C[C@H](Cc1cccc(CC(=O)NC23CC4CC(CC(C4)C2)C3)c1)NC[C@H](O)c5ccc(O)c(CO)c5,2.4,C(Cc1cccc(C[C@@H](C)NC[C@@H](c2ccc(O)c(CO)c2)O)c1)(NC12CC3CC(C1)CC(C2)C3)=O,A{A*Q}{Aaraaaa{AA{~B}DAstAAuAA{AA{Au}As}At}ar}DA{A*Q}{B}avaaa{B}a{AB}av,35.0
CHEMBL100913,Oc1ccc(cc1)c2ccc(cc2)C3(O)CN4CCC3CC4,0.95,C1(O)(c2ccc(-c3ccc(O)cc3)cc2)CN2CCC1CC2,Baraaa{aar}asaaa{aas}At{B}ADuAAAtAAu,59.166666666666664
CHEMBL1598315,CNC(=O)c1snnc1c2ccccc2,1.23,c1c(-c2c(C(=O)NC)snn2)cccc1,ADA{~B}areddarasaaaaas,54.5
CHEMBL226780,CC(C)(C)NC(=O)Nc1cccc(CN2NC(=O)C3=C(C2=O)C(=O)c4ccc(Cl)cc4N3)c1,1.77,c1cc(NC(=O)NC(C)(C)C)cc(Cn2[nH]c(=O)c3c(c2=O)c(=O)c2ccc(Cl)cc2[nH]3)c1,AA{A}{A}DA{~B}Daraaaa{ADsDA{~B}At~A{As~B}A{~B}auaaa{Z}aauDt}ar,45.5
CHEMBL587004,CN1CCN(CC1)c2nc(NCCNc3ccc(cc3)[N+](=O)[O-])c4ccccc4n2,2.91,CN1CCN(c2nc(NCCNc3ccc([N+]([O-])=O)cc3)c3c(cccc3)n2)CC1,ADrAAD{AAr}asda{DAADataaa{aat}{D%}{~B}{B_}}auaaaaauds,26.5
CHEMBL2023265,OC(=O)CSCC(=O)Nc1nc(cs1)c2ccc(F)cc2,-0.2,c1(NC(=O)CSCC(O)=O)scc(-c2ccc(F)cc2)n1,BA{~B}AEAA{~B}Darda{aer}asaaa{G}aas,78.33333333333333
CHEMBL2030813,OC(=O)[C@H](Cc1ccc(OCCNc2ccccn2)cc1)NC(=O)c3c(Cl)cccc3Cl,-0.48,C([C@@H](NC(=O)c1c(Cl)cccc1Cl)Cc1ccc(OCCNc2ncccc2)cc1)(O)=O,BA{~B}{A*Q}{Aaraaa{BAADasaaaads}aar}DA{~B}ata{Z}aaaatZ,83.00000000000001
CHEMBL2086658,CC(C)(C)OC(=O)N1CCC(CC1)c2ncc(OCc3ccc(cc3)S(=O)(=O)C)cn2,2.8,c1cc(COc2cnc(C3CCN(C(=O)OC(C)(C)C)CC3)nc2)ccc1S(=O)(=O)C,AA{A}{A}BA{~B}DrAAA{AAr}asdaa{BAataaa{aat}E{~B}{~B}A}ads,28.33333333333334
CHEMBL1221510,CC(C)CN1C(=O)NC(=O)c2c1sc(Cc3ccccc3C(F)(F)F)c2C(=O)N4CCC4,3.0,s1c(Cc2c(C(F)(F)F)cccc2)c(C(=O)N2CCC2)c2c(=O)[nH]c(=O)n(CC(C)C)c12,AA{A}ADrA{~B}DA{~B}asarea{AataaaaatA{G}{G}G}asA{~B}DuAAAu,25.0
CHEMBL2069623,Nc1ncnc2c1c(COc3cccc(Cl)c3)nn2C4CCOCC4,3.17,c1ccc(OCc2c3c(N)ncnc3n(C3CCOCC3)n2)cc1Cl,Dardadasara{ABataaaa{Z}at}ddsAuAABAAu,22.166666666666668
CHEMBL53966,O=C(COCc1ccccc1)Nc2ccc3c(c2)C(=O)C(=O)c4ccccc34,3.21,c1cc2c(cc1NC(=O)COCc1ccccc1)C(=O)C(=O)c1ccccc1-2,B~A{ABAaraaaaar}Dasaaata{as}A{~B}A{~B}auaaaaatu,21.5
CHEMBL2062578,OCc1ccc2ccn(c3cc(NC4CC4)n5ncc(C#N)c5n3)c2c1,3.09,C(c1cc2c(ccn2-c2cc(NC3CC3)n3c(n2)c(C#N)cn3)cc1)O,BAaraaasaad{ataa{DAuAAu}dvdaa{A^D}avdt}asar,23.5
CHEMBL128,CNS(=O)(=O)Cc1ccc2[nH]cc(CCN(C)C)c2c1,-0.96,O=S(NC)(Cc1cc2c(CCN(C)C)c[nH]c2cc1)=O,ADE{~B}{~B}Aaraaas{dQ}aa{AAD{A}A}asar,91.0
CHEMBL2035032,NC1(CCC1)c2ccc(cc2)c3c(ccc4ccnn34)c5ccccc5,2.9,c1c(C2(N)CCC2)ccc(-c2n3c(ccn3)ccc2-c2ccccc2)c1,DAr{AAAr}asaaa{aas}ata{aaauaaddtu}avaaaaav,26.666666666666668
CHEMBL2010836,CN(C1CCN(Cc2ccc(cc2)C(F)(F)F)CC1)C(=O)Cc3ccc(cc3)n4cnnn4,3.0,CN(C1CCN(Cc2ccc(C(F)(F)F)cc2)CC1)C(=O)Cc1ccc(-n2nnnc2)cc1,AD{ArAAD{Aasaaa{aas}A{G}{G}G}AAr}A{~B}Aataaa{aat}duadddu,25.0
CHEMBL1829422,CCC(N(CCCN)C(=O)c1ccc(C)cc1)C2=Nc3ccoc3C(=O)N2Cc4ccccc4,1.37,C(CCN(C(c1nc2ccoc2c(=O)n1Cc1ccccc1)CC)C(c1ccc(C)cc1)=O)N,AAA{D{AAAD}A{~B}araaa{A}aar}As~DataabatA{~B}DsAauaaaaau,52.166666666666664
CHEMBL513412,COc1ccc(N(C(C(=O)NC[C@@H](C)O)c2ccccc2F)C(=O)c3occc3C)c(OC)c1,2.04,c1oc(C(=O)N(C(C(NC[C@H](O)C)=O)c2ccccc2F)c2ccc(OC)cc2OC)c(C)c1,ABaraaa{D{A{A{~B}DA{A**Q}{A}B}asaaaaasG}A{~B}atbaaatA}a{BA}ar,41.0
CHEMBL167471,CCCc1c(O)c(ccc1OCc2cccc(NC(=O)Cc3ccccc3C(=O)O)c2)C(=O)C,2.95,c1(C(=O)O)c(CC(=O)Nc2cc(COc3ccc(C(=O)C)c(O)c3CCC)ccc2)cccc1,AAAara{B}a{aaarBAasaaaa{DA{~B}AataaaaatA{~B}B}as}A{~B}A,25.83333333333333
CHEMBL1766082,CC(C)OC(=O)N1CC2COCC(C1)C2Oc3ncnc(Oc4cccnc4C)c3C,3.1,CC(C)OC(=O)N1CC2COCC(C1)C2Oc1ncnc(Oc2cccnc2C)c1C,AA{A}BA{~B}DrAAsABAA{Ar}AsBatdada{BauaaadauA}atA,23.333333333333332
CHEMBL404057,C[C@H](CO)Nc1nc(SCc2cccc(F)c2F)nc3nccnc13,3.15,c1(CSc2nc(N[C@@H](CO)C)c3nccnc3n2)cccc(F)c1F,A{A*Q}{AB}Darda{EAasaaaa{G}asG}datdaadart,22.5
CHEMBL2035040,NC(=O)c1cnc(c2ccc(cc2)C3(N)CCC3)c(c1)c4ccccc4,1.3,c1(C(N)=O)cnc(-c2ccc(C3(N)CCC3)cc2)c(-c2ccccc2)c1,DA{~B}arada{asaaa{aas}At{D}AAAt}a{ar}auaaaaau,53.333333333333336
CHEMBL402986,C[C@H](CO)Nc1nc(SCc2ccccc2)nc3NC(=O)Sc13,2.86,c1cc(CSc2nc(N[C@@H](CO)C)c3sc(=O)[nH]c3n2)ccc1,A{A*Q}{AB}Darda{EAasaaaaas}datDA{~B}Eart,27.333333333333332
CHEMBL1789186,NCC[C@@H](Oc1cc(Cl)c(F)cc1C#N)c2ccccc2,0.77,c1(Cl)cc(O[C@H](CCN)c2ccccc2)c(C#N)cc1F,DAA{A**Q}{Baraa{Z}a{G}aarA^D}asaaaaas,62.166666666666664
CHEMBL1762543,CN(c1ccnc(Nc2cc(OC3CCOCC3)cc(c2)N4CCOCC4)n1)c5cc(CO)ccc5C,3.7,c1(C)ccc(CO)cc1N(c1ccnc(Nc2cc(OC3CCOCC3)cc(N3CCOCC3)c2)n1)C,AD{araada{Dasaa{BAtAABAAt}aa{as}DuAABAAu}dr}avaa{AB}aaavA,13.33333333333333
CHEMBL380947,CC(C)(CO)Nc1nc(SCc2cccc(F)c2F)nc3nc(N)sc13,3.37,c1(NC(CO)(C)C)nc(SCc2c(F)c(F)ccc2)nc2c1sc(N)n2,AA{A}{AB}Darda{EAasaaaa{G}asG}datda{D}eart,18.833333333333332
CHEMBL117,Oc1cc(O)c2C(=O)C=C(Oc2c1)c3ccccc3,3.83,c1(O)cc2oc(-c3ccccc3)cc(=O)c2c(O)c1,Baraa{B}asA{~B}A~A{Basar}ataaaaat,11.166666666666666
CHEMBL2057371,CC(C)(C)NS(=O)(=O)c1cncc(c1)c2ccc3nc(NC(=O)NCC(=O)N4CCCC4)nn3c2,1.37,c1(-c2ccc3nc(NC(=O)NCC(N4CCCC4)=O)nn3c2)cc(S(=O)(=O)NC(C)(C)C)cnc1,AA{A}{A}DE{~B}{~B}aradaa{ar}asaaatda{DA{~B}DAA{~B}DuAAAAu}ddtas,52.166666666666664
CHEMBL377136,O=C(Nc1ccccn1)c2ccccc2,2.2,n1ccccc1NC(c1ccccc1)=O,B~A{Daraaaadr}asaaaaas,38.33333333333333
CHEMBL361546,ON1C(=O)N(CC2COc3ccccc3O2)c4ccsc4C1=O,1.44,s1c2c(=O)n(O)c(=O)n(CC3COc4ccccc4O3)c2cc1,BDrA{~B}D{AAsABataaaaatBs}auaaeauAr~B,51.0
CHEMBL1644331,S(c1ccccc1)c2ccc3ccccc3n2,3.92,c12nc(Sc3ccccc3)ccc1cccc2,E{araaaaar}asaaataaaaatds,9.666666666666668
CHEMBL2031559,FC(F)(F)c1cc(C(=O)Nc2cccc(c2)c3nnn[nH]3)c4nc[nH]c4c1,1.1,c1(C(=O)Nc2cc(-c3[nH]nnn3)ccc2)cc(C(F)(F)F)cc2c1nc[nH]2,GA{G}{G}araa{A{~B}Dasaaaa{as}atddd{dQ}t}auda{dQ}auar,56.666666666666664
CHEMBL1778369,COC[C@H](C)Oc1cc(Oc2ccc(Cl)cc2)cc(c1)C(=O)Nc3ccc(cn3)C(=O)O,1.69,c1(Oc2cc(O[C@H](COC)C)cc(C(Nc3ccc(C(=O)O)cn3)=O)c2)ccc(Cl)cc1,ABA{A*Q}{A}Baraa{Basaaa{Z}aas}aa{ar}A{~B}Dataaa{adt}A{~B}B,46.833333333333336
CHEMBL2172007,C[C@@H]1CN(CCN1C(=O)[C@@H]2CCCC[C@H]2C(=O)NC3(CC3)C#N)c4ccccc4,2.35,C(NC1(C#N)CC1)(=O)[C@@H]1CCCC[C@H]1C(=O)N1CCN(c2ccccc2)C[C@H]1C,A{A**Q}rAD{AADrA{~B}{A**Q}sAAAA{A*Q}sA{~B}DAt{AAt}A^D}auaaaaau,35.833333333333336
CHEMBL2164748,COc1ccc2N=CC(=O)N(CCN3CC[C@@H](NCc4cc5OCCOc5cn4)[C@H](O)C3)c2c1,0.9,C1C[C@@H](NCc2cc3c(cn2)OCCO3)[C@H](O)CN1CCn1c2c(ncc1=O)ccc(OC)c2,ABaraaasD~AA{~B}D{AADtAA{A**Q}{DAauaavBAABavadu}{A*Q}{B}At}asar,60.0
CHEMBL452791,COCCOCCOc1ccc(cc1)c2cc(C(=O)N)c(NC(=O)N)s2,2.21,COCCOCCOc1ccc(-c2cc(C(=O)N)c(NC(N)=O)s2)cc1,ABAABAABaraaa{aar}asaa{A{~B}D}a{DA{~B}D}es,38.166666666666664
CHEMBL36,CCc1nc(N)nc(N)c1c2ccc(Cl)cc2,2.31,Nc1nc(N)nc(CC)c1-c1ccc(Cl)cc1,AAarda{D}da{D}arasaaa{Z}aas,36.5
CHEMBL190243,C[C@@H](C(=O)NCCN1CCCC1)c2ccc(OS(=O)(=O)C(F)(F)F)cc2,1.64,C(N1CCCC1)CNC(=O)[C@@H](c1ccc(OS(=O)(=O)C(F)(F)F)cc1)C,A{A**Q}{A{~B}DAADrAAAAr}asaaa{BE{~B}{~B}A{G}{G}G}aas,47.66666666666668
CHEMBL1532611,Nc1ccc(OCCc2ccccc2)cc1,2.71,c1(OCCc2ccccc2)ccc(N)cc1,Daraaa{BAAasaaaaas}aar,29.833333333333332
CHEMBL1773254,OC(=O)CCc1ccc(OCc2cccc(Br)c2)cc1,1.67,c1(OCc2cccc(Br)c2)ccc(CCC(O)=O)cc1,BA{~B}AAaraaa{BAasaaaa{Y}as}aar,47.166666666666664
CHEMBL1164184,Fc1cnc(NC(=O)C(CC2CCOCC2)c3ccc(cc3)S(=O)(=O)C4CC4)s1,3.3,c1nc(NC(C(c2ccc(S(=O)(C3CC3)=O)cc2)CC2CCOCC2)=O)sc1F,Garada{DA{~B}A{AAsAABAAs}ataaa{aat}E{~B}{~B}AuAAu}er,20.000000000000004
CHEMBL507722,CC(C)n1c(C)ncc1c2nc(Nc3ccc(cc3)C(=O)NC4CCN(C)CC4)ncc2F,2.13,C1CN(C)CCC1NC(c1ccc(Nc2nc(-c3cnc(C)n3C(C)C)c(F)cn2)cc1)=O,AA{A}dra{A}daarasda{Dataaa{aat}A{~B}DAuAAD{A}AAu}daasG,39.5
CHEMBL138649,Oc1ccc2OC(=CC(=O)c2c1)c3ccccc3,3.6,o1c(-c2ccccc2)cc(=O)c2cc(O)ccc12,BaraaasBA{~AA{~B}asar}ataaaaat,14.999999999999998
CHEMBL275455,CC(C)C(NC(=O)CN1C(=O)C(=CN=C1c2cccs2)NC(=O)OCC(F)(F)F)C(=O)C(F)(F)F,2.32,C(=O)(C(NC(=O)Cn1c(-c2sccc2)ncc(NC(=O)OCC(F)(F)F)c1=O)C(C)C)C(F)(F)F,AA{A}A{DA{~B}ADrA{~B}A{~AD~Arasaaaes}DA{~B}BAA{G}{G}G}A{~B}A{G}{G}G,36.333333333333336
CHEMBL321590,ONC(=O)C1COC(=N1)c2ccc(F)c(c2)C(F)(F)F,1.53,C(C1N=C(c2cc(C(F)(F)F)c(F)cc2)OC1)(NO)=O,BDA{~B}ArABA{~Dr}asaaa{G}a{as}A{G}{G}G,49.5
CHEMBL123846,CCCc1c(O)c(ccc1OCCCOc2ccc3C(=O)C=C(Oc3c2CCC)C(=O)O)C(=O)C,3.0,c1(O)c(CCC)c(OCCCOc2c(CCC)c3c(cc2)c(=O)cc(C(=O)O)o3)ccc1C(C)=O,AAAara{B}a{aaarBAAABasaaatA{~B}A~A{BatasAAA}A{~B}B}A{~B}A,25.0
CHEMBL1084863,NS(=O)(=O)c1ccc(Nc2nccc(n2)c3ccccc3)cc1,2.86,c1ccc(-c2nc(Nc3ccc(S(N)(=O)=O)cc3)ncc2)cc1,DE{~B}{~B}araaa{Dasdaaa{ds}ataaaaat}aar,27.333333333333332
CHEMBL1180725,CC(C)[N+](C)(CCOC(=O)C1c2ccccc2Oc3ccccc13)C(C)C,0.2,c12ccccc1Oc1c(cccc1)C2C(=O)OCC[N+](C(C)C)(C(C)C)C,AA{A}{D%}{A}{AABA{~B}ArasaaaaasBataaaaart}A{A}A,71.66666666666667
CHEMBL1389370,CCN(CC)CCNc1ncnc2c1sc3nc(N4CCOCC4)c5CCCCc5c23,3.3,N1(c2c3c(c4c(sc5c(NCCN(CC)CC)ncnc45)n2)CCCC3)CCOCC1,AAD{AA}AADardadasareatda{DuAABAAu}avAAAAavast,20.000000000000004
CHEMBL1079486,CC1CC(NC(=O)C)c2ccccc2N1C(=O)c3ccccc3,2.0,c1cc(C(N2c3ccccc3C(NC(=O)C)CC2C)=O)ccc1,AArAA{DA{~B}A}asaaaaasDrA{~B}ataaaaat,41.666666666666664
CHEMBL1800656,CCN(CCNCCc1ccc(O)c2NC(=O)Sc12)C(=O)CCOCCc3ccccc3,1.92,O=C(CCOCCc1ccccc1)N(CC)CCNCCc1c2c([nH]c(=O)s2)c(O)cc1,AAD{AADAAaraaa{B}asDA{~B}Ears}A{~B}AABAAataaaaat,43.0
CHEMBL151445,OCC(O)CN1CCN(CC1)c2ccccc2,0.4,N1(c2ccccc2)CCN(CC(CO)O)CC1,BAA{B}ADrAAD{AAr}asaaaaas,68.33333333333333
CHEMBL561652,C[C@@H](CO)Oc1cc(Oc2ccc(cc2)S(=O)(=O)C)cc(c1)C(=O)Nc3nccs3,2.63,OC[C@H](C)Oc1cc(Oc2ccc(S(=O)(=O)C)cc2)cc(C(=O)Nc2sccn2)c1,A{A**Q}{AB}Baraa{Basaaa{aas}E{~B}{~B}A}aa{ar}A{~B}Datdaaet,31.166666666666668
CHEMBL2207225,COc1cc(OC)c(cc1NC(=O)Cc2ccnc(F)c2)S(=O)(=O)N3C(C)CCc4ccccc34,2.49,c1cccc2c1N(S(=O)(=O)c1cc(NC(Cc3cc(F)ncc3)=O)c(OC)cc1OC)C(C)CC2,ABaraa{BA}a{aarDA{~B}Aasaada{G}as}E{~B}{~B}DtA{A}AAauaaaaatu,33.49999999999999
CHEMBL1313395,Cc1sc2ncnc(N3CCN(CC3)c4ncccn4)c2c1C,3.66,N1(c2ncnc3sc(C)c(C)c23)CCN(c2ncccn2)CC1,Aareasdada{DtAAD{AAt}audaaadu}asarA,13.999999999999998
CHEMBL394527,OC[C@H](O)CN1C(=O)[C@@H](Cc2ccccc12)NC(=O)c3cc4cc(Cl)sc4[nH]3,3.27,C([C@@H](O)CO)N1c2c(cccc2)C[C@@H](NC(=O)c2[nH]c3c(cc(Cl)s3)c2)C1=O,BA{A*Q}{B}ADrA{~B}{A**Q}{Aasaaaaars}DA{~B}ataauaa{Z}eau{dQ}t,20.5
CHEMBL260135,Nc1n[nH]c2nnc(c3ccccc3)c(c4ccccc4)c12,2.6,c1ccc(-c2nnc3[nH]nc(N)c3c2-c2ccccc2)cc1,Dard{dQ}asdda{ataaaaat}a{auaaaaau}ars,31.666666666666668
CHEMBL1796297,O[C@@]1(CN2CCC1CC2)C#Cc3ccc(Oc4ccc(cc4)C(=O)NCc5ccncc5)cc3,2.31,c1(CNC(c2ccc(Oc3ccc(C#C[C@@]4(O)CN5CCC4CC5)cc3)cc2)=O)ccncc1,B{A**}r{ADsAAArAAs}A^Aataaa{Bauaaa{aau}A{~B}DAavaadaav}aat,36.5
CHEMBL451496,Oc1ccc(N2C(=O)c3ccc(O)cc3C2=O)c(F)c1,2.1,c1cc(N2C(=O)c3cc(O)ccc3C2=O)c(F)cc1O,Baraaa{DsA{~B}ataaa{B}aatAs~B}a{G}ar,40.0
CHEMBL2325696,C[C@H]1COCCN1c2cc(nc(n2)c3cccc4[nH]ccc34)C5(CC5)S(=O)(=O)C,2.8,n1c(-c2cccc3[nH]ccc32)nc(N2CCOC[C@@H]2C)cc1C1(S(=O)(C)=O)CC1,A{A*Q}rABAADrasaa{da{ds}ataaaau{dQ}aaatu}Av{AAv}E{~B}{~B}A,28.33333333333334
CHEMBL2158774,Cc1ccc(C[C@H](N2CCC(CN3CCC(CC3)Oc4ccc(Cl)c(Cl)c4)CC2)C(=O)O)cc1,3.01,Cc1ccc(C[C@H](N2CCC(CN3CCC(Oc4cc(Cl)c(Cl)cc4)CC3)CC2)C(O)=O)cc1,Aaraaa{A{A*Q}{DsAAA{ADtAAA{AAt}Bauaaa{Z}a{Z}au}AAs}A{~B}B}aar,24.83333333333334
CHEMBL255536,COc1ccc(CC(=O)NC(N\C(=N\C#N)\Nc2ccccc2C)C(C)(C)C)cc1OC,2.48,O(C)c1ccc(CC(=O)NC(N/C(=N/C#N)Nc2c(C)cccc2)C(C)(C)C)cc1OC,ABaraaa{AA{~B}DA{D!A{~D!A^D}!DasaaaaasA}A{A}{A}A}aarBA,33.666666666666664
CHEMBL2206523,CN1CC(c2ccc(Cl)cc2)c3ccccc3C1,3.64,Clc1ccc(C2c3ccccc3CN(C)C2)cc1,ADrAA{asaaa{Z}aas}ataaaaatAr,14.33333333333333
CHEMBL1892245,OC(=O)CSc1c[nH]c2ccccc12,-1.31,c1cc2[nH]cc(SCC(O)=O)c2cc1,BA{~B}AEara{dQ}asaaaaars,96.83333333333333
CHEMBL1466,OC1=C(CC2=C(O)c3ccccc3OC2=O)C(=O)Oc4ccccc14,1.22,c1cccc2c1c(O)c(Cc1c(O)c3ccccc3oc1=O)c(=O)o2,BAr~A{AAs~A{B}ataaaaatBAs~B}A{~B}Bauaaaaaru,54.666666666666664
CHEMBL1169880,C[C@@H](Oc1ccc(cc1C(=O)N2CCN(CC2)c3ncc(cc3F)C(F)(F)F)S(=O)(=O)C)C(F)(F)F,3.49,C1N(C(c2cc(S(C)(=O)=O)ccc2O[C@H](C)C(F)(F)F)=O)CCN(c2c(F)cc(C(F)(F)F)cn2)C1,A{A**Q}{Baraaa{aarA{~B}DsAAD{AAs}atdaa{aatG}A{G}{G}G}E{~B}{~B}A}A{G}{G}G,16.83333333333333
CHEMBL2164672,O=C(NCC#N)[C@@H]1CCCC[C@H]1C(=O)N2CCCCC2,0.9,C1CCCN(C(=O)[C@H]2[C@H](C(=O)NCC#N)CCCC2)C1,B~A{DAA^D}{A**Q}rAAAA{A*Q}rA{~B}DsAAAAAs,60.0
CHEMBL2030798,CNc1cccc(CCOc2ccc(C[C@H](NC(=O)c3ccccc3Cl)C(=O)O)cc2)n1,-0.31,c1cc(CCOc2ccc(C[C@H](NC(=O)c3ccccc3Cl)C(O)=O)cc2)nc(NC)c1,ADaraaaa{AABasaaa{A{A*Q}{DA{~B}ataaaaatZ}A{~B}B}aas}dr,80.16666666666666
CHEMBL661,Cc1nnc2CN=C(c3ccccc3)c4cc(Cl)ccc4n12,1.98,Clc1ccc2c(c1)C(c1ccccc1)=NCc1n-2c(C)nn1,AarddasAD~A{ataaaaat}auaa{Z}aaaudrs,42.0
CHEMBL2335894,COCCC(=O)N[C@@H](C)c1ccc(Nc2ncc3cc(ccc3n2)c4ccncc4)cc1,3.05,n1ccc(-c2ccc3nc(Nc4ccc([C@@H](NC(CCOC)=O)C)cc4)ncc3c2)cc1,ABAAA{~B}D{A**Q}{A}araaa{Dasdaataa{aaatds}auaadaau}aar,24.16666666666667
CHEMBL511115,COc1ccc(cc1OC2CCCC2)[C@@]3(CC[C@H](CC3)C(=O)O)C#N,0.76,c1(OC2CCCC2)c(OC)ccc([C@]2(C#N)CC[C@@H](C(O)=O)CC2)c1,ABaraaa{aarBAsAAAAs}{A**}t{AA{A*Q}{AAt}A{~B}B}A^D,62.333333333333336
CHEMBL2335123,CCOc1ccccc1c2ccc(cc2)c3nc4ccc(F)cc4c(C(=O)NCCOCCN)c3C,2.46,c1c(F)ccc2nc(-c3ccc(-c4ccccc4OCC)cc3)c(C)c(C(=O)NCCOCCN)c12,AABaraaaaarasaaa{aas}atdauaaa{G}aaua{A{~B}DAABAAD}atA,34.0
CHEMBL1777822,Cc1ccc(cc1c2cc(ccc2OCC(=O)O)C(F)(F)F)C#N,0.15,c1c(C#N)ccc(C)c1-c1c(OCC(=O)O)ccc(C(F)(F)F)c1,Aaraaa{aarasaa{aaasBAA{~B}B}A{G}{G}G}A^D,72.49999999999999
CHEMBL1236772,CS(=O)(=O)c1cccc(Nc2nccc(Nc3cccc4[nH]ncc34)n2)c1,2.91,O=S(c1cc(Nc2nc(Nc3c4cn[nH]c4ccc3)ccn2)ccc1)(=O)C,AE{~B}{~B}araaaa{Dasdaaa{Dataaaau{dQ}daatu}ds}ar,26.5
CHEMBL2177159,COCCNS(=O)(=O)c1ccc(cc1)c2cnc(N)c(n2)C(=O)Nc3cccnc3,2.26,c1nc(N)c(C(=O)Nc2cnccc2)nc1-c1ccc(S(=O)(NCCOC)=O)cc1,ABAADE{~B}{~B}araaa{aar}asada{D}a{ds}A{~B}Dataaadat,37.333333333333336
CHEMBL1950729,CN[C@@H](C)C(=O)N[C@@H](C1CCCCC1)C(=O)N[C@H]2CCCN(C2)C(=O)c3ccccc3,0.87,c1cccc(C(N2CCC[C@H](NC([C@H](C3CCCCC3)NC([C@@H](NC)C)=O)=O)C2)=O)c1,AD{A**Q}{A}A{~B}D{A**Q}{ArAAAAAr}A{~B}D{A*Q}sAAAD{As}A{~B}ataaaaat,60.5
CHEMBL2178579,Oc1c(NC(=O)Nc2cccc(F)c2Cl)ccc(Cl)c1S(=O)(=O)N3CCNCC3,2.6,O=S(N1CCNCC1)(=O)c1c(Cl)ccc(NC(=O)Nc2c(Cl)c(F)ccc2)c1O,Bara{DA{~B}Dasaaaa{G}asZ}aaa{Z}arE{~B}{~B}DtAADAAt,31.666666666666668
CHEMBL1194608,CN1CCC(=CC1)c2cccc(O)c2,0.53,C1(c2cc(O)ccc2)=CCN(C)CC1,ADrAAA{~AAr}asaaaa{B}as,66.16666666666667
CHEMBL267744,OC(=O)COc1ccc(C(=O)c2cccs2)c(Cl)c1Cl,-0.84,O(CC(O)=O)c1ccc(C(=O)c2sccc2)c(Cl)c1Cl,BA{~B}ABaraaa{A{~B}asaaaes}a{Z}arZ,89.0
CHEMBL1201016,COCC1=C(N2[C@H](SC1)[C@H](NC(=O)\C(=N/OC)\c3csc(N)n3)C2=O)C(=O)OC(C)OC(=O)OC(C)C,1.7,O=C1N2C(C(OC(OC(=O)OC(C)C)C)=O)=C(COC)CS[C@@H]2[C@@H]1NC(=O)/C(c1nc(N)sc1)=N\OC,ABAAr~A{Ds{A*Q}{EAr}{A*Q}{DA{~B}!A{~D|BA}!ataea{D}dt}As~B}A{~B}BA{A}BA{~B}BA{A}A,46.666666666666664
CHEMBL932,OCCN(CCO)c1nc(N2CCCCC2)c3nc(nc(N4CCCCC4)c3n1)N(CCO)CCO,3.97,N1(c2nc(N(CCO)CCO)nc3c(N4CCCCC4)nc(N(CCO)CCO)nc23)CCCCC1,BAAD{AAB}arda{DsAAAAAs}atda{da{DuAAAAAu}atdr}D{AAB}AAB,8.83333333333333
CHEMBL556716,CS(=O)(=O)c1ccc(cc1)C(CCNC(=O)c2ccc(cc2)C#N)c3ccc(F)cc3,2.9,C(NCCC(c1ccc(S(=O)(C)=O)cc1)c1ccc(F)cc1)(c1ccc(C#N)cc1)=O,AE{~B}{~B}araaa{aar}A{AADA{~B}asaaa{aas}A^D}ataaa{G}aat,26.666666666666668
CHEMBL1945031,Cc1cccc2c(CCNCc3cccc(CCNC[C@H](O)c4ccc(O)c5NC(=O)Sc45)c3)c[nH]c12,1.13,c1cc(CNCCc2c[nH]c3c(C)cccc32)cc(CCNC[C@@H](c2ccc(O)c3[nH]c(=O)sc32)O)c1,Aaraaaasa{AADAataaaa{AADA{A*Q}{B}auaaa{B}avDA{~B}Eauv}at}a{dQ}ars,56.166666666666664
CHEMBL2331754,CC1=CN([C@H]2CCCN(C2)S(=O)(=O)c3ccc(CO)c(Oc4cccc(Cl)c4)c3)C(=O)NC1=O,2.69,n1([C@H]2CCCN(S(=O)(=O)c3ccc(CO)c(Oc4cccc(Cl)c4)c3)C2)c(=O)[nH]c(=O)c(C)c1,AAr~AD{{A*Q}sAAAD{As}E{~B}{~B}ataaa{AB}a{Bauaaaa{Z}au}at}A{~B}DAr~B,30.166666666666668
CHEMBL2170989,Nc1ncnc2c1ncn2[C@@H]3O[C@H](CSCCCNC(=O)Nc4ccccc4)[C@@H](O)[C@H]3O,1.9,c1ccc(NC(=O)NCCCSC[C@H]2O[C@@H](n3c4c(nc3)c(N)ncn4)[C@H](O)[C@@H]2O)cc1,Dardadasardads{A**Q}tB{A*Q}{AEAAADA{~B}Dauaaaaau}{A**Q}{B}{A*Q}tB,43.333333333333336
CHEMBL1123,CCN(CC)CCOC(=O)C1(CCCCC1)C2CCCCC2,3.72,C(C)N(CCOC(C1(C2CCCCC2)CCCCC1)=O)CC,AAD{AA}AABA{~B}Ar{AAAAAr}AsAAAAAs,12.999999999999998
CHEMBL442137,CC12NC(Cc3ccccc13)c4ccccc24,1.7,N1C2c3c(cccc3)C1(C)c1c(cccc1)C2,AArsDA{Aataaaaart}auaaaaasu,46.666666666666664
CHEMBL2171992,COc1ccc(cc1)N2CCN(CC2)C(=O)[C@@H]3CCCC[C@H]3C(=O)NC4(CC4)C#N,1.74,c1(N2CCN(C([C@H]3[C@H](C(=O)NC4(C#N)CC4)CCCC3)=O)CC2)ccc(OC)cc1,ABaraaa{aar}DsAAD{AAs}A{~B}{A**Q}tAAAA{A*Q}tA{~B}DAu{AAu}A^D,46.0
CHEMBL2181928,C[C@@H]1CN([C@@H](CO1)c2ccccc2)c3ccc4OCC(=O)Nc4n3,2.75,n1c(N2C[C@@H](C)OC[C@H]2c2ccccc2)ccc2c1NC(=O)CO2,A{A**Q}rAD{{A**Q}{ABr}asaaaaas}ataaauBAA{~B}Daudt,29.166666666666668
CHEMBL2164690,CC(C)c1ccc2[nH]c3CCN(Cc3c2c1)C(=O)[C@@H]4CCCC[C@H]4C(=O)NC5(CC5)C#N,4.1,C1c2[nH]c3c(c2CN(C([C@@H]2CCCC[C@H]2C(=O)NC2(C#N)CC2)=O)C1)cc(C(C)C)cc3,AA{A}araaas{dQ}atAAD{Aatasar}A{~B}{A**Q}uAAAA{A*Q}uA{~B}DAv{AAv}A^D,6.666666666666672
CHEMBL73189,Cc1nc2ccccn2c1c3ccnc(Nc4cccc(Cl)c4)n3,2.7,Cc1nc2n(cccc2)c1-c1ccnc(Nc2cccc(Cl)c2)n1,Aardasaaaadsarataada{Dauaaaa{Z}au}dt,29.999999999999996
CHEMBL1689117,OC(=O)COc1ccc(Cl)cc1CN2CCN(CC2)S(=O)(=O)c3ccc(F)cc3,0.99,O=S(=O)(c1ccc(F)cc1)N1CCN(Cc2c(OCC(=O)O)ccc(Cl)c2)CC1,BA{~B}ABaraaa{Z}aarADsAAD{AAs}E{~B}{~B}ataaa{G}aat,58.5
CHEMBL110147,Oc1ccc(CCNCCCS(=O)(=O)NCCOCCSc2ccccc2)c3sc(O)nc13,1.84,c1c(SCCOCCNS(=O)(CCCNCCc2ccc(O)c3c2sc(O)n3)=O)cccc1,Baraaa{AADAAAE{~B}{~B}DAABAAEasaaaaas}atea{B}dart,44.333333333333336
CHEMBL2139925,CCc1nc2ccc(cn2c1N(C)Cc3cccs3)C(=O)NCc4ccc5OCOc5c4,4.1,C(NCc1ccc2c(c1)OCO2)(c1cn2c(N(Cc3sccc3)C)c(CC)nc2cc1)=O,AAardasaaa{adsarD{A}Aataaaet}A{~B}DAauaaavBABavau,6.666666666666672
CHEMBL469727,COCc1ccoc1C(=O)N(C(C(=O)NC[C@@H](C)O)c2ccccc2F)c3ccc(OC)cc3OC,1.98,c1ccc(C(N(C(c2c(COC)cco2)=O)c2c(OC)cc(OC)cc2)C(NC[C@H](O)C)=O)c(F)c1,ABAaraabarA{~B}D{A{A{~B}DA{A**Q}{A}B}asaaaaasG}ataaa{BA}aatBA,42.0
CHEMBL186526,CN(C)c1cccc(c1)C(=O)Nc2ccc(C)c(NC(=O)c3ccc(O)cc3)c2,2.65,CN(c1cccc(C(Nc2cc(NC(=O)c3ccc(O)cc3)c(C)cc2)=O)c1)C,AD{A}araaaa{ar}A{~B}Dasaaa{A}a{DA{~B}ataaa{B}aat}as,30.833333333333332
CHEMBL1778866,COc1cc(F)ccc1c2cncc(CNC3CCC3)n2,2.23,O(C)c1cc(F)ccc1-c1nc(CNC2CCC2)cnc1,ABaraa{G}aaarasadaa{ADAtAAAt}ds,37.833333333333336
CHEMBL31815,Cc1cccc(Nc2ncnc3ccc(NC(=O)C=C)cc23)c1,3.7,c1c(C)cc(Nc2c3c(ncn2)ccc(NC(C=C)=O)c3)cc1,Aaraaaa{Dasdadataaa{DA{~B}A~A}aast}ar,13.33333333333333
CHEMBL502,COc1cc2CC(CC3CCN(Cc4ccccc4)CC3)C(=O)c2cc1OC,2.41,c1ccccc1CN1CCC(CC2Cc3c(cc(OC)c(OC)c3)C2=O)CC1,ABaraasAA{AAtAAD{Aauaaaaau}AAt}A{~B}asaarBA,34.833333333333336
CHEMBL298700,CCN(CC)C(=O)c1ccc2[nH]c(c(CCNCCCCc3ccncc3)c2c1)c4cc(C)cc(C)c4,3.3,c1(-c2[nH]c3ccc(C(N(CC)CC)=O)cc3c2CCNCCCCc2ccncc2)cc(C)cc(C)c1,AAD{AA}A{~B}araaas{dQ}a{a{AADAAAAataadaat}asar}auaa{A}aa{A}au,20.000000000000004
CHEMBL1287853,Cc1cnc(Nc2ccc(OCCN3CCCC3)cc2)nc1Nc4cccc(c4)S(=O)(=O)NC(C)(C)C,2.11,CC(NS(=O)(=O)c1cc(Nc2nc(Nc3ccc(OCCN4CCCC4)cc3)ncc2C)ccc1)(C)C,Aarada{Dasaaa{BAADtAAAAt}aas}darDauaaaa{au}E{~B}{~B}DA{A}{A}A,39.833333333333336
CHEMBL1199988,Nc1ncc(cc1c2oc3ccccc3n2)c4cnn(c4)C5CCNCC5,1.85,c1c(-c2cnn(C3CCNCC3)c2)cc(-c2oc3ccccc3n2)c(N)n1,Dardaa{aarasbataaaaatds}auadd{au}AvAADAAv,44.166666666666664
CHEMBL2062558,Nc1cc(nc2c(cnn12)C#N)c3ccc(F)cc3,2.23,Nc1n2c(c(C#N)cn2)nc(-c2ccc(F)cc2)c1,Daraa{dasa{addrs}A^D}ataaa{G}aat,37.833333333333336
CHEMBL398894,NS(=O)(=O)c1cccc(Nc2nccc(Nc3cccc4[nH]ncc34)n2)c1,2.6,c1ccc(S(=O)(N)=O)cc1Nc1nccc(Nc2c3c(ccc2)[nH]nc3)n1,DE{~B}{~B}araaaa{Dasdaaa{Dataaaau{dQ}daatu}ds}ar,31.666666666666668
CHEMBL247471,C[C@@H](N(c1cc(F)ccc1F)S(=O)(=O)c2ccc(Cl)cc2)c3ccc(F)cc3CCCC(=O)O,3.1,C[C@@H](N(S(=O)(=O)c1ccc(Cl)cc1)c1cc(F)ccc1F)c1c(CCCC(O)=O)cc(F)cc1,A{A**Q}{D{araa{G}aaarG}E{~B}{~B}asaaa{Z}aas}ataaa{G}aatAAAA{~B}B,23.333333333333332
CHEMBL1699517,Cc1nc(CS(=O)(=O)c2ccccc2)cc(n1)N3CCOCC3,1.07,n1c(N2CCOCC2)cc(CS(c2ccccc2)(=O)=O)nc1C,Aarda{AE{~B}{~B}asaaaaas}aa{dr}DtAABAAt,57.166666666666664
CHEMBL23,COc1ccc(cc1)[C@@H]2Sc3ccccc3N(CCN(C)C)C(=O)[C@@H]2OC(=O)C,1.99,c1cc([C@@H]2Sc3c(cccc3)N(CCN(C)C)C(=O)[C@@H]2OC(=O)C)ccc1OC,ABaraaa{aar}{A**Q}sEataaaaatD{AAD{A}A}A{~B}{A**Q}sBA{~B}A,41.83333333333333
CHEMBL168634,Cc1ccc(cc1)S(=O)(=O)N2N=Cc3ccccc3B2O,0.05,c1(C)ccc(S(=O)(N2B(O)c3ccccc3C=N2)=O)cc1,Aaraaa{aar}E{~B}{~B}DsD~AataaaaatJsB,74.16666666666667
CHEMBL260374,S=C(NC1CCCCC1)N2CCC(CC2)c3cnc[nH]3,2.3,S=C(NC1CCCCC1)N1CCC(c2[nH]cnc2)CC1,E~A{DArAAAAAr}DsAAA{AAs}atada{dQ}t,36.66666666666667
CHEMBL50608,Nc1cc(nc2ccccc12)c3ccccc3,2.2,c12nc(-c3ccccc3)cc(N)c1cccc2,Daraa{dasaaaaars}ataaaaat,38.33333333333333
CHEMBL2010839,CN(C1CCN(Cc2ccc(nc2)C(F)(F)F)CC1)C(=O)Cc3ccc(cc3)n4cnnn4,1.8,FC(F)(F)c1ccc(CN2CCC(N(C(=O)Cc3ccc(-n4nnnc4)cc3)C)CC2)cn1,AD{ArAAD{Aasaaa{das}A{G}{G}G}AAr}A{~B}Aataaa{aat}duadddu,45.0
CHEMBL1288009,COc1ccc(cc1)c2cc3c(N[C@H]4CCCNC4)ncc(C(=O)N)c3s2,1.82,c1cc(OC)ccc1-c1sc2c(C(=O)N)cnc(N[C@@H]3CNCCC3)c2c1,ABaraaa{aar}asaata{D{A*Q}uAAADAu}daa{A{~B}D}ates,44.666666666666664
CHEMBL1900528,C[N+]1(C)[C@@H]2C[C@H](C[C@H]1[C@@H]3O[C@H]23)OC(=O)C(O)(c4cccs4)c5cccs5,-0.25,O(C(=O)C(O)(c1sccc1)c1sccc1)[C@H]1C[C@@H]2[N+](C)(C)[C@H](C1)[C@@H]1[C@H]2O1,A{D%}r{A}{A**Q}sA{A*Q}{A{A*Q}r{A**Q}tB{A*Q}st}BA{~B}A{B}{auaaaeu}avaaaev,79.16666666666667
CHEMBL591931,NC(=N)c1cc2c(cccc2s1)c3ccccc3,1.27,c12c(cc(C(=N)N)s1)c(-c1ccccc1)ccc2,DA{~D}araasa{aaaaser}ataaaaat,53.833333333333336
CHEMBL376291,Clc1ccc(CN2C(=O)C(=O)c3ccccc23)cc1,3.1,O=C1c2c(cccc2)N(Cc2ccc(Cl)cc2)C1=O,Zaraaa{ADsA{~B}A{~B}ataaaaast}aar,23.333333333333332
CHEMBL223166,COc1ccccc1O[C@H]([C@@H]2CNCCO2)c3ccccc3,0.9,c1ccc(OC)c(O[C@H]([C@@H]2CNCCO2)c2ccccc2)c1,ABaraaaaarB{A*Q}{{A**Q}sADAABs}ataaaaat,60.0
CHEMBL1631468,CCCNC(=O)c1nnc2c(cccc2c1N)c3ncccn3,1.86,c1(-c2cccc3c(N)c(C(=O)NCCC)nnc23)ncccn1,AAADA{~B}arddasa{aaaasarD}atdaaadt,43.99999999999999
CHEMBL1944689,O[C@@H](CNCCc1ccc(CNCCc2c(Cl)cccc2Cl)cc1)c3ccc(O)c4NC(=O)Sc34,2.3,c1(CNCCc2c(Cl)cccc2Cl)ccc(CCNC[C@@H](c2c3c(c(O)cc2)[nH]c(=O)s3)O)cc1,B{A**Q}{ADAAaraaa{ADAAasa{Z}aaaasZ}aar}ataaa{B}auDA{~B}Eatu,36.66666666666667
CHEMBL1689122,CC1CN(CCN1Cc2cc(Cl)ccc2OCC(=O)O)S(=O)(=O)c3ccccc3,0.69,CC1N(Cc2c(OCC(O)=O)ccc(Cl)c2)CCN(S(=O)(c2ccccc2)=O)C1,AArAD{AADrAasaa{Z}aaasBAA{~B}B}E{~B}{~B}ataaaaat,63.5
CHEMBL1289349,Clc1ccc(cc1)C2CCN(CC2)C(=O)COCc3ccncc3,2.74,Clc1ccc(C2CCN(C(COCc3ccncc3)=O)CC2)cc1,Zaraaa{aar}AsAAD{AAs}A{~B}ABAataadaat,29.33333333333333
CHEMBL92840,CC(O)(C(=O)Nc1ccc(cc1)S(=O)(=O)c2ccncc2)C(F)(F)F,2.15,c1c(S(c2ccc(NC(C(C)(O)C(F)(F)F)=O)cc2)(=O)=O)ccnc1,AA{B}{A{~B}Daraaa{aar}E{~B}{~B}asaadaas}A{G}{G}G,39.166666666666664
CHEMBL360227,CCN(CC)CCN1C(=O)[C@@](O)(c2ccccc2Cl)c3c1cc(cc3C(F)(F)F)C(=O)N,2.4,c1(C(N)=O)cc2c(c(C(F)(F)F)c1)[C@@](c1c(Cl)cccc1)(O)C(=O)N2CCN(CC)CC,AAD{AA}AADrA{~B}{A**}{B}{asaaaaasZ}ataraa{aatA{G}{G}G}A{~B}D,35.0
CHEMBL2207281,OCCNS(=O)(=O)c1ccc2C(=CNC(=O)c2c1)C(=O)NC[C@@H](O)CN3CCC(CC3)Oc4ccc(Cl)c(Cl)c4,2.06,C1(Oc2ccc(Cl)c(Cl)c2)CCN(C[C@H](O)CNC(c2c[nH]c(=O)c3cc(S(NCCO)(=O)=O)ccc32)=O)CC1,BAADE{~B}{~B}araaasA{~ADA{~B}asar}A{~B}DA{A**Q}{B}ADtAAA{AAt}Bauaaa{Z}a{Z}au,40.666666666666664
CHEMBL1762550,CN(c1ccnc(Nc2cc(nc(c2)N3CCOCC3)N4CCOCC4)n1)c5cc(CO)ccc5C,3.44,c1(CO)cc(N(C)c2nc(Nc3cc(N4CCOCC4)nc(N4CCOCC4)c3)ncc2)c(C)cc1,AD{araada{Dasaa{da{as}DtAABAAt}DuAABAAu}dr}avaa{AB}aaavA,17.666666666666668
CHEMBL177611,Clc1ccc(cc1)C(=O)N[C@H]2CN3CCC2CC3,0.6,C(N[C@@H]1C2CCN(C1)CC2)(=O)c1ccc(Cl)cc1,Zaraaa{aar}A{~B}D{A*Q}sADtAAAsAAt,65.0
CHEMBL1320527,CC1=C(OCc2ccc(F)cc2)C(=O)C=CO1,1.91,c1coc(C)c(OCc2ccc(F)cc2)c1=O,AAr~A{BAasaaa{G}aas}A{~B}A~ABr,43.166666666666664
CHEMBL1414985,Clc1ccc(cc1)C(=O)Cc2ccccn2,2.96,c1(C(Cc2ccccn2)=O)ccc(Cl)cc1,Zaraaa{aar}A{~B}Aasaaaads,25.666666666666668
CHEMBL6800,COc1nc(Br)cnc1NS(=O)(=O)c2cccc3c(cccc23)N(C)C,1.9,c1c(Br)nc(OC)c(NS(=O)(=O)c2cccc3c2cccc3N(C)C)n1,ABarda{Y}adarDE{~B}{~B}asaaaata{aaaast}D{A}A,43.333333333333336
CHEMBL1364572,NC(=O)c1sc2nccc(Nc3ccccc3)c2c1N,2.91,c12c(c(Nc3ccccc3)ccn1)c(N)c(C(=O)N)s2,DA{~B}areasdaaa{Dataaaaat}asarD,26.5
CHEMBL1201117,COc1ccccc1OCC(O)COC(=O)N,0.36,c1(OC)c(OCC(COC(=O)N)O)cccc1,ABaraaaaarBAA{B}ABA{~B}D,68.99999999999999
CHEMBL2003130,Clc1ccc2C(=O)NC(=Nc2c1)c3ccccc3,3.31,c1ccccc1-c1nc2c(c(=O)[nH]1)ccc(Cl)c2,ZaraaasA{~B}DA{~Dasar}ataaaaat,19.833333333333332
CHEMBL388525,Oc1cc(O)c2C(=O)c3ccccc3Oc2c1,3.39,O=c1c2c(cc(O)cc2O)oc2ccccc21,Baraa{B}asA{~B}ataaaaatBasar,18.499999999999996
CHEMBL1778650,CCC(Oc1ccc(cc1c2ccc(cc2C)S(=O)(=O)CC)C(F)(F)F)C(=O)O,0.31,c1(C(F)(F)F)ccc(OC(C(O)=O)CC)c(-c2ccc(S(=O)(CC)=O)cc2C)c1,AAA{Baraaa{aarasaaa{aasA}E{~B}{~B}AA}A{G}{G}G}A{~B}B,69.83333333333334
CHEMBL65511,COC(=O)N1CCN([C@@H](CN2CCCC2)C1)C(=O)Cc3ccc(Cl)c(Cl)c3,1.97,C(=O)(N1[C@@H](CN2CCCC2)CN(C(OC)=O)CC1)Cc1ccc(Cl)c(Cl)c1,ABA{~B}DrAAD{{A**Q}{ADsAAAAs}Ar}A{~B}Aataaa{Z}a{Z}at,42.16666666666667
CHEMBL457887,CC(C)n1c(C)ncc1c2ccnc(Nc3ccc(cc3)S(=O)(=O)CCCN(C)C)n2,1.32,c1cc(-c2cnc(C)n2C(C)C)nc(Nc2ccc(S(=O)(=O)CCCN(C)C)cc2)n1,AA{A}dra{A}daarasaada{Dataaa{aat}E{~B}{~B}AAAD{A}A}ds,53.0
CHEMBL1255840,CC1(C)CCC(CC1)NC(=O)[C@@H](N)CCC(=O)O,-0.27,N[C@H](C(=O)NC1CCC(C)(C)CC1)CCC(O)=O,AAr{A}AAA{AAr}DA{~B}{A**Q}{D}AAA{~B}B,79.49999999999999
CHEMBL61593,NS(=O)(=O)c1cc2c(NC(NS2(=O)=O)C3CC4CC3C=C4)cc1Cl,2.12,C1=CC2CC(C3Nc4cc(Cl)c(S(=O)(=O)N)cc4S(=O)(=O)N3)C1C2,DE{~B}{~B}araasa{DA{DEs{~B}~B}AtAAuAAtA~Au}aarZ,39.666666666666664
CHEMBL1822878,Oc1ccc(Br)c2ccccc12,4.3,c1(Br)ccc(O)c2c1cccc2,Baraaa{Y}asaaaaars,3.333333333333336
CHEMBL1082410,CNC(=O)c1ccc(cc1F)N2C(=S)N(C(=O)C23CCC3)c4ccc(C#N)c(c4)C(F)(F)F,3.3,C1CCC12N(c1cc(F)c(C(=O)NC)cc1)C(=S)N(c1ccc(C#N)c(C(F)(F)F)c1)C2=O,ADA{~B}araaa{aarG}DsA{~E}D{A{~B}AstAAAt}auaaa{A^D}a{au}A{G}{G}G,20.000000000000004
CHEMBL1950849,CN[C@@H](C)C(=O)N[C@@H](C1CCCCC1)C(=O)N[C@H]2CCCN(CCc3cccc(F)c3)C2,2.64,O=C(N[C@@H](C1CCCCC1)C(=O)N[C@H]1CCCN(CCc2cccc(F)c2)C1)[C@@H](NC)C,AD{A**Q}{A}A{~B}D{A**Q}{ArAAAAAr}A{~B}D{A*Q}sAAAD{AAataaaa{G}at}As,31.0
CHEMBL22442,CCCC1=CC(=CC(=O)N1Cc2ccc(cc2)c3ccccc3c4nn[nH]n4)OCc5ccccc5,2.4,c1cc(COc2cc(=O)n(Cc3ccc(-c4c(-c5n[nH]nn5)cccc4)cc3)c(CCC)c2)ccc1,AAAAr~AA{~AA{~B}DrAasaaa{aas}ataaaaataudd{dQ}du}BAavaaaaav,35.0
CHEMBL2070938,O=C(NC1(CC1)C#N)[C@@H]2CCCC[C@H]2C(=O)N3CCN(CC3)c4nccs4,1.3,O=C([C@@H]1CCCC[C@H]1C(=O)N1CCN(c2nccs2)CC1)NC1(C#N)CC1,B~A{DAr{AAr}A^D}{A**Q}sAAAA{A*Q}sA{~B}DtAAD{AAt}audaaeu,53.333333333333336
CHEMBL1778622,CCSc1ccc(cc1)c2cc(ccc2OCC(=O)O)C(F)(F)F,1.54,c1(-c2ccc(SCC)cc2)cc(C(F)(F)F)ccc1OCC(O)=O,AAEaraaa{aar}asaa{aaasBAA{~B}B}A{G}{G}G,49.333333333333336
CHEMBL1886566,COc1ccc(CN2C(=O)CCC2(C)C(=O)NC3CCCCC3)c(OC)c1,2.38,c1(OC)ccc(CN2C(C(=O)NC3CCCCC3)(C)CCC2=O)c(OC)c1,ABaraaa{ADsA{~B}AAAs{A}A{~B}DAtAAAAAt}a{BA}ar,35.333333333333336
CHEMBL51583,O=C1C(=O)c2cc(ccc2c3ccccc13)c4ccsc4,3.1,c1cc(-c2ccc3c(c2)C(=O)C(=O)c2c-3cccc2)cs1,B~ArA{~B}asaa{aaasataaaaart}auaaeau,23.333333333333332
CHEMBL101311,CN(C)CC(O)COc1ccc(Nc2nccc(Nc3cc(Cl)ccc3Cl)n2)cc1,2.9,c1cc(Nc2nc(Nc3cc(Cl)ccc3Cl)ccn2)ccc1OCC(CN(C)C)O,AD{A}AA{B}ABaraaa{Dasdaaa{Dataa{Z}aaatZ}ds}aar,26.666666666666668
CHEMBL1944739,CN(C)CCCNC(=O)c1nc(Cl)c(N)nc1N,-1.0,C(CN(C)C)CNC(=O)c1nc(Cl)c(N)nc1N,AD{A}AAADA{~B}arda{Z}a{D}darD,91.66666666666667
CHEMBL855,Cc1ccc(cc1)\C(=C/CN2CCCC2)\c3ccccn3,1.88,C1CCN(C/C=C(/c2ccccn2)c2ccc(C)cc2)C1,Aaraaa{aar}!A{~A|ADsAAAAs}!ataaaadt,43.666666666666664
CHEMBL1806525,COc1cc(ccc1Nc2ncc(C#N)c(n2)c3cnc4ccccn34)N5CCN(CC5)C(=O)C,2.8,n1c2ccccn2c(-c2nc(Nc3ccc(N4CCN(C(C)=O)CC4)cc3OC)ncc2C#N)c1,ABaraa{aaarDasdaa{A^D}a{ds}atadauaaaadtu}DvAAD{AAv}A{~B}A,28.33333333333334
CHEMBL559078,CCCCC(CC)CNC(=O)c1cc(ccc1Cl)N2N=CC(=O)NC2=O,2.41,Clc1ccc(-n2c(=O)[nH]c(=O)cn2)cc1C(=O)NCC(CC)CCCC,AAAAA{AA}ADA{~B}araa{aaarZ}DsD~AA{~B}DAs~B,34.833333333333336
CHEMBL2024676,CN(C)C(=O)N[C@@H]1CC[C@@H](CCN2CCN(CC2)c3ccc(Cl)c(Cl)c3)CC1,3.15,C1N(CC[C@H]2CC[C@H](NC(N(C)C)=O)CC2)CCN(c2ccc(Cl)c(Cl)c2)C1,AD{A}A{~B}D{A**Q}rAA{A**Q}{AADsAAD{AAs}ataaa{Z}a{Z}at}AAr,22.5
CHEMBL126048,Oc1c2ncc3ccccc3c2nn1c4ccccc4,0.8,c12c(ncc3c1cccc3)c(O)n(-c1ccccc1)n2,Barasdaataaaaatasddrauaaaaau,61.666666666666664
CHEMBL1917440,Cc1c(Sc2ccc(Cl)cc2)c3c(cccc3n1CC(=O)O)c4cnccn4,0.03,c1(-c2cnccn2)c2c(n(CC(=O)O)c(C)c2Sc2ccc(Cl)cc2)ccc1,Aara{Easaaa{Z}aas}ata{aaaatdrAA{~B}B}auadaadu,74.5
CHEMBL502684,C(Oc1ccccc1)C2CNCCO2,0.2,C1CNCC(COc2ccccc2)O1,A{Baraaaaar}AsADAABs,71.66666666666667
CHEMBL1783286,COc1ncc(C)cc1c2cccc3c(N)c(nnc23)C(=O)NC4CC4,3.4,O=C(c1c(N)c2cccc(-c3cc(C)cnc3OC)c2nn1)NC1CC1,ABardaa{A}aarasaaaata{D}a{ddast}A{~B}DAuAAu,18.333333333333336
CHEMBL1689114,OC(=O)COc1ccc(Cl)cc1CN2CCCN(CC2)S(=O)(=O)c3ccccc3,1.01,N1(Cc2c(OCC(=O)O)ccc(Cl)c2)CCCN(S(=O)(c2ccccc2)=O)CC1,BA{~B}ABaraaa{Z}aarADsAAAD{AAs}E{~B}{~B}ataaaaat,58.166666666666664
CHEMBL1947157,O[C@@H](CNCCc1cccc(CNCCc2c(Cl)cccc2Cl)c1)c3ccc(O)c4NC(=O)Sc34,3.15,s1c2c([C@@H](O)CNCCc3cc(CNCCc4c(Cl)cccc4Cl)ccc3)ccc(O)c2[nH]c1=O,B{A**Q}{ADAAaraaaa{ADAAasa{Z}aaaasZ}ar}ataaa{B}auDA{~B}Eatu,22.5
CHEMBL535,CCN(CC)CCNC(=O)c1c(C)[nH]c(\C=C\2/C(=O)Nc3ccc(F)cc23)c1C,2.26,C(C)N(CCNC(c1c(C)[nH]c(/C=C2/c3c(ccc(F)c3)NC2=O)c1C)=O)CC,AAD{AA}AADA{~B}ara{A}{dQ}a{!A~A!s|A{~B}Dataaa{G}aast}arA,37.333333333333336
CHEMBL2171033,Clc1ccc(OC2CCN(CC2)C3CCN(CC3)C(=O)NS(=O)(=O)c4ccccc4)cc1Cl,1.5,c1(Cl)ccc(OC2CCN(C3CCN(C(=O)NS(c4ccccc4)(=O)=O)CC3)CC2)cc1Cl,Zaraaa{BAsAAD{AAs}AtAAD{AAt}A{~B}DE{~B}{~B}auaaaaau}aarZ,50.0
CHEMBL490,Fc1ccc(cc1)[C@@H]2CCNC[C@H]2COc3ccc4OCOc4c3,1.78,c1([C@@H]2CCNC[C@H]2COc2cc3c(cc2)OCO3)ccc(F)cc1,Garaaa{aar}{A**Q}sAADA{A*Q}sABataaauBABauat,45.333333333333336
CHEMBL178737,O=C(N1CCOCC1)N2CCn3cc(C4=C(C(=O)NC4=O)c5cnc6ccccn56)c7cccc(C2)c37,1.79,C1N(C(N2CCOCC2)=O)CCn2c3c(c(C4=C(c5n6ccccc6nc5)C(=O)NC4=O)c2)cccc31,B~A{DrAABAAr}DsAAdtaa{Au~A{A{~B}DAu~B}avadawaaaadvw}axaaaa{As}atx,45.166666666666664
CHEMBL183425,CN1CCN(CCCOc2ccc(cc2)c3onc(c3)c4ccc(F)cc4)CC1,3.81,c1c(-c2noc(-c3ccc(OCCCN4CCN(C)CC4)cc3)c2)ccc(F)c1,ADrAAD{AAABasaaa{aas}atbda{at}auaaa{G}aau}AAr,11.5
CHEMBL1321641,N#Cc1nc(nc(n1)N2CCOCC2)N3CCOCC3,1.51,N1(c2nc(N3CCOCC3)nc(C#N)n2)CCOCC1,D^Aarda{da{dr}DsAABAAs}DtAABAAt,49.833333333333336
CHEMBL93124,CNc1ccc(cc1)c2nc3ccc(O)cc3s2,3.5,c1c(-c2sc3cc(O)ccc3n2)ccc(NC)c1,ADaraaa{aar}asdataaa{B}aates,16.666666666666668
CHEMBL436381,CN1CCN(CC1)C(=O)c2cc3cc(F)ccc3[nH]2,1.97,c12ccc(F)cc1cc(C(=O)N1CCN(C)CC1)[nH]2,ADrAAD{AAr}A{~B}asaataa{G}aaat{dQ}s,42.16666666666667
CHEMBL1586531,Clc1ccc(cc1)C(=O)\C=C\Sc2nc[nH]n2,3.1,c1cc(C(=O)/C=C/Sc2n[nH]cn2)ccc1Cl,Zaraaa{aar}A{~B}!A~A!Easda{dQ}ds,23.333333333333332
CHEMBL228761,O=C1C2CCC(N2)C(=O)N1Cc3ccccc3,2.21,c1ccc(CN2C(=O)C3CCC(C2=O)N3)cc1,B~ArAsAAA{Ds}A{~B}DrAataaaaat,38.166666666666664
CHEMBL810,CN1N=Nc2c(ncn2C1=O)C(=O)N,-1.08,O=C(c1c2nnn(C)c(=O)n2cn1)N,ADrD~Dasa{dadsAr~B}A{~B}D,93.0
CHEMBL1430414,Fc1cc2[nH]cnc2cc1Cl,2.35,c1nc2cc(Cl)c(F)cc2[nH]1,Garaas{dQ}adasaarZ,35.833333333333336
CHEMBL189181,CC(=O)Nc1ccc(CNc2[nH]nc3cccc(Oc4ccc(F)cc4)c23)cc1,4.28,c1c(NC(C)=O)ccc(CNc2c3c(n[nH]2)cccc3Oc2ccc(F)cc2)c1,AA{~B}Daraaa{ADas{dQ}dataaaa{Bauaaa{G}aau}ast}aar,3.6666666666666625
CHEMBL1910654,N[C@H](CNC(=O)c1cc2c(cccc2[nH]1)c3ccccc3Cc4ccccc4)C(=O)O,3.25,c1ccc(Cc2ccccc2-c2cccc3c2cc(C(=O)NC[C@@H](N)C(=O)O)[nH]3)cc1,D{A*Q}{ADA{~B}araasa{aaaas{dQ}r}ataaaaatAauaaaaau}A{~B}B,20.833333333333332
CHEMBL182380,CCN(C1CCN(CCC(c2ccccc2)c3ccccc3)CC1)C(=O)NCc4ccc(cc4)S(=O)(=O)C,2.86,c1c(S(=O)(C)=O)ccc(CNC(N(C2CCN(CCC(c3ccccc3)c3ccccc3)CC2)CC)=O)c1,AAD{ArAAD{AAA{asaaaaas}ataaaaat}AAr}A{~B}DAauaaa{aau}E{~B}{~B}A,27.333333333333332
CHEMBL341324,CCN(CC)C(=O)Cc1csc(NS(=O)(=O)c2cccc(Cl)c2C)n1,1.67,C(C)N(C(=O)Cc1nc(NS(c2cccc(Cl)c2C)(=O)=O)sc1)CC,AAD{AA}A{~B}Aaraea{DE{~B}{~B}asaaaa{Z}asA}dr,47.166666666666664
CHEMBL214637,CCCN(CCO)CCCOc1ccc2c(Nc3cc(CC(=O)Nc4cccc(F)c4F)[nH]n3)ncnc2c1,2.19,n1[nH]c(CC(Nc2c(F)c(F)ccc2)=O)cc1Nc1c2ccc(OCCCN(CCC)CCO)cc2ncn1,AAAD{AAB}AAABaraaasa{Dataa{AA{~B}Dauaaaa{G}auG}{dQ}dt}dadasar,38.5
CHEMBL1565348,CCCc1c(cnn1c2ccccc2)C(=O)Nc3cc(C)on3,3.7,n1(-c2ccccc2)ncc(C(=O)Nc2cc(C)on2)c1CCC,AAAara{addrasaaaaas}A{~B}Dataa{A}bdt,13.33333333333333
CHEMBL552512,O=C(CC1CCCCCC1)Nc2cccc3C(=O)N(C=Cc23)[C@H]4CCNC4,1.15,C1(CC(Nc2c3ccn([C@H]4CCNC4)c(=O)c3ccc2)=O)CCCCCC1,B~A{AArAAAAAAr}DasaaaatA{~B}D{A~Aast}{A*Q}uAADAu,55.833333333333336
CHEMBL421,OC(=O)c1cc(ccc1O)N=Nc2ccc(cc2)S(=O)(=O)Nc3ccccn3,-0.58,S(c1ccc(N=Nc2cc(C(=O)O)c(O)cc2)cc1)(=O)(Nc1ccccn1)=O,BA{~B}araa{aaarB}D~Dasaaa{aas}E{~B}{~B}Dataaaadt,84.66666666666667
CHEMBL370152,OC(=O)c1c(Sc2ccccc2)c3cc(Cl)ccc3n1Cc4ccc(Cl)cc4,2.96,c1c(Cl)ccc2n(Cc3ccc(Cl)cc3)c(C(O)=O)c(Sc3ccccc3)c12,BA{~B}ara{Easaaaaas}ataa{Z}aaatdrAauaaa{Z}aau,25.666666666666668
CHEMBL2059872,Cc1ccc(cc1NC(=O)c2ccc(OCc3ccccn3)cc2)c4ncc(CN5CCOCC5)s4,3.1,C(c1cnc(-c2cc(NC(c3ccc(OCc4ccccn4)cc3)=O)c(C)cc2)s1)N1CCOCC1,Aaraaa{aarDA{~B}asaaa{BAataaaadt}aas}audaa{ADvAABAAv}eu,23.333333333333332
CHEMBL1531981,Cc1oc(cc1C(=O)Nc2cccc(c2)C(=O)O)c3ccccc3,1.63,c1(-c2ccccc2)cc(C(=O)Nc2cc(C(=O)O)ccc2)c(C)o1,Aarba{aarA{~B}Dasaaaa{as}A{~B}B}ataaaaat,47.833333333333336
CHEMBL1944652,CCN(CC)C(=O)c1ccc(cc1)C(=C2CCN(Cc3ccc(F)cc3)CC2)c4cccc5cccnc45,3.86,c12c(c(C(=C3CCN(Cc4ccc(F)cc4)CC3)c3ccc(C(N(CC)CC)=O)cc3)ccc1)nccc2,AAD{AA}A{~B}araaa{aar}A{~AsAAD{Aataaa{G}aat}AAs}auaaaavaaadauv,10.66666666666667
CHEMBL168073,CCN(CC)S(=O)(=O)c1ccc(NC(=O)C(C)(O)C(F)(F)F)cc1,2.63,FC(C(C(=O)Nc1ccc(S(N(CC)CC)(=O)=O)cc1)(C)O)(F)F,AAD{AA}E{~B}{~B}araaa{DA{~B}A{A}{B}A{G}{G}G}aar,31.166666666666668
CHEMBL380130,COc1ccc2NC(=O)C(NC(=O)c3ccccc3OC)N=C(c4ccccc4)c2c1,3.8,c1c(OC)cc2c(c1)NC(=O)C(NC(=O)c1ccccc1OC)N=C2c1ccccc1,ABaraaasDA{~B}A{DA{~B}ataaaaatBA}D~A{auaaaaau}asar,11.66666666666667
CHEMBL389792,CC(CO)(CO)Nc1nc(SCc2cccc(F)c2F)nc3nc(N)sc13,2.87,C(Sc1nc(NC(CO)(CO)C)c2c(nc(N)s2)n1)c1c(F)c(F)ccc1,AA{AB}{AB}Darda{EAasaaaa{G}asG}datda{D}eart,27.166666666666668
CHEMBL1770465,C[C@@H](Oc1ccc(SCCCCCc2ccccc2)cc1)C(=O)c3nc(C)c(CCCC(=O)O)s3,3.58,c1(CCCCCSc2ccc(O[C@@H](C(=O)c3nc(C)c(CCCC(=O)O)s3)C)cc2)ccccc1,A{A**Q}{Baraaa{EAAAAAasaaaaas}aar}A{~B}atda{A}a{AAAA{~B}B}et,15.333333333333334
CHEMBL48190,COC(=O)COc1ccc(OCCNCC(O)COc2ccccc2)cc1,1.54,c1ccccc1OCC(CNCCOc1ccc(OCC(=O)OC)cc1)O,ABA{~B}ABaraaa{BAADAA{B}ABasaaaaas}aar,49.333333333333336
CHEMBL51478,COc1ccnc(CSc2nc3ccccc3[nH]2)c1,2.89,O(c1cc(CSc2[nH]c3c(cccc3)n2)ncc1)C,ABaraada{AEasdataaaaat{dQ}s}ar,26.833333333333332
CHEMBL1224288,Oc1cccc(O[C@H]2C[C@H]3CC[C@@H](C2)N3Cc4ccccc4)c1,2.3,c1cccc(CN2[C@@H]3CC[C@H]2C[C@@H](Oc2cc(O)ccc2)C3)c1,Baraaaa{B{A*Q}sA{A*Q}tAA{A**Q}{As}DtAauaaaaau}ar,36.66666666666667
CHEMBL1180250,Oc1c2C(=O)N(NC(=O)c2nc3cc(Cl)ccc13)C(C4CC4)c5ccccn5,1.0,c1ccnc(C(C2CC2)n2[nH]c(=O)c3c(c(O)c4c(cc(Cl)cc4)n3)c2=O)c1,BarasA{~B}D{DA{~B}asdataa{Z}aaart}A{AuAAu}avaaaadv,58.333333333333336
CHEMBL2010832,CN(C1CCN(Cc2ccc(cc2)C(F)(F)F)CC1)C(=O)Cc3ccc(cc3F)S(=O)(=O)C,2.7,c1(C(F)(F)F)ccc(CN2CCC(N(C(=O)Cc3c(F)cc(S(=O)(C)=O)cc3)C)CC2)cc1,AD{ArAAD{Aasaaa{aas}A{G}{G}G}AAr}A{~B}Aataaa{aatG}E{~B}{~B}A,29.999999999999996
CHEMBL308538,Fc1ncccc1OC[C@@H]2CCN2,-1.2,C(Oc1cccnc1F)[C@H]1NCC1,GardaaaarBA{A**Q}sAADs,95.0
CHEMBL1824369,Oc1cccc(NC(=O)c2ccc(OCCCN3CCCC3)cc2OCc4ccccc4C#N)c1,2.34,C(c1ccccc1COc1c(C(=O)Nc2cc(O)ccc2)ccc(OCCCN2CCCC2)c1)#N,Baraaaa{DA{~B}asaaa{BAAADtAAAAt}aasBAauaaaaauA^D}ar,36.0
CHEMBL2011928,COc1ccc(cc1)c2nc3c(NCCCNC(=O)C)c(Br)cnc3[nH]2,3.28,N(c1c(Br)cnc2c1nc(-c1ccc(OC)cc1)[nH]2)CCCNC(C)=O,ABaraaa{aar}asdata{DAAADA{~B}A}a{Y}adat{dQ}s,20.333333333333336
CHEMBL471412,COc1ccc(N(C(C(=O)NC2CCCC2)c3ccccc3F)C(=O)c4ccccc4)c(OC)c1,3.86,COc1c(N(C(c2c(F)cccc2)C(=O)NC2CCCC2)C(=O)c2ccccc2)ccc(OC)c1,ABaraaa{D{A{A{~B}DAsAAAAs}ataaaaatG}A{~B}auaaaaau}a{BA}ar,10.66666666666667
CHEMBL1306424,Cc1ccnc(NCc2ccc(Cl)cc2)c1,3.6,c1(NCc2ccc(Cl)cc2)nccc(C)c1,Aaraada{DAasaaa{Z}aas}ar,14.999999999999998
CHEMBL1762547,CCN(c1ccnc(Nc2cc(cc(c2)N3CCOCC3)N4CCOCC4)n1)c5cc(CO)ccc5C,3.8,C1OCCN(c2cc(N3CCOCC3)cc(Nc3nccc(N(CC)c4cc(CO)ccc4C)n3)c2)C1,AAD{araada{Dasaa{aa{as}DtAABAAt}DuAABAAu}dr}avaa{AB}aaavA,11.66666666666667
CHEMBL215275,CCN(CCO)CCCOc1cc2ncnc(Nc3cc(CC(=O)Nc4cccc(F)c4)[nH]n3)c2cc1OC,2.12,COc1cc2c(ncnc2Nc2cc(CC(=O)Nc3cc(F)ccc3)[nH]n2)cc1OCCCN(CC)CCO,AAD{AAB}AAABaraasdada{Dataa{AA{~B}Dauaaaa{G}au}{dQ}dt}asaarBA,39.666666666666664
CHEMBL355236,CCCc1c(O)c(ccc1OCc2ccc(cc2OC)c3nn[nH]n3)C(=O)C,2.8,CC(c1c(O)c(CCC)c(OCc2ccc(-c3nn[nH]n3)cc2OC)cc1)=O,AAAara{B}a{aaarBAasaaa{aasBA}atdd{dQ}dt}A{~B}A,28.33333333333334
CHEMBL211265,Nc1nc(N)c(c(COCc2ccccc2)n1)c3ccc(NC(=O)C4CC4)cc3,2.46,C(=O)(C1CC1)Nc1ccc(-c2c(COCc3ccccc3)nc(N)nc2N)cc1,Darda{D}a{a{ABAasaaaaas}dr}ataaa{DA{~B}AuAAu}aat,34.0
CHEMBL1946615,O=C(N1CCOCC1)c2ccc(cc2)C(=C3CCN(Cc4cscn4)CC3)c5cccc6cccnc56,2.12,c1nc2c(C(c3ccc(C(=O)N4CCOCC4)cc3)=C3CCN(Cc4ncsc4)CC3)cccc2cc1,B~A{DrAABAAr}asaaa{aas}A{~AtAAD{Aauaeadu}AAt}avaaaawaaadavw,39.666666666666664
CHEMBL2171215,Clc1ccc(OC2CCN(CC2)C3CCN(CC3)C(=O)NS(=O)(=O)Cc4ccccc4)cc1Cl,2.13,c1ccc(CS(=O)(NC(N2CCC(N3CCC(Oc4cc(Cl)c(Cl)cc4)CC3)CC2)=O)=O)cc1,Zaraaa{BAsAAD{AAs}AtAAD{AAt}A{~B}DE{~B}{~B}Aauaaaaau}aarZ,39.5
CHEMBL571526,C[C@@H](Oc1nc(Nc2cc(C)[nH]n2)c(C)nc1C#N)c3ccc(F)cn3,2.72,[C@H](c1ncc(F)cc1)(C)Oc1nc(Nc2cc(C)[nH]n2)c(C)nc1C#N,A{A**Q}{Barda{Dasaa{A}{dQ}ds}a{A}darA^D}ataaa{G}adt,29.66666666666666
CHEMBL1738748,O[C@]1(CN2CCC1CC2)C#Cc3ccc(Oc4ccc(cc4)C(=O)NCc5ccncc5)cc3,2.42,[C@@]1(C#Cc2ccc(Oc3ccc(C(=O)NCc4ccncc4)cc3)cc2)(O)CN2CCC1CC2,B{A*}r{ADsAAArAAs}A^Aataaa{Bauaaa{aau}A{~B}DAavaadaav}aat,34.666666666666664
CHEMBL575099,COc1cc(Nc2cc(Oc3cc(C)c(C)nc3c4ccccn4)ccn2)cc(OC)c1OC,3.22,N(c1cc(OC)c(OC)c(OC)c1)c1nccc(Oc2cc(C)c(C)nc2-c2ncccc2)c1,ABaraa{Dasaa{Bataa{A}a{A}datauaaaadu}aads}aa{BA}arBA,21.333333333333332
CHEMBL459219,CSc1nc(C(=O)N)c(N)s1,1.21,c1(C(N)=O)nc(SC)sc1N,AEarda{A{~B}D}a{D}er,54.833333333333336
CHEMBL2068817,COc1ccccc1CN(C(=O)C)c2cnccc2Oc3ccccc3,3.0,c1cccc(CN(c2c(Oc3ccccc3)ccnc2)C(C)=O)c1OC,ABaraaaaarAD{A{~B}A}asadaaasBataaaaat,25.0
CHEMBL1891338,COc1cccc(CNc2nc(NC(C)C)nc3ccsc23)c1OC,3.7,N(C(C)C)c1nc2c(c(NCc3c(OC)c(OC)ccc3)n1)scc2,ABaraaaa{ADasda{DA{A}A}dataaeast}arBA,13.33333333333333
CHEMBL560219,OCCN1C=Cc2c(NC(=O)Cc3ccc(Cl)c(c3)C(F)(F)F)cccc2C1=O,3.36,FC(F)(c1cc(CC(Nc2cccc3c2ccn(CCO)c3=O)=O)ccc1Cl)F,BAADrA~Aasa{DA{~B}Aataaa{Z}a{at}A{G}{G}G}aaaasAr~B,19.000000000000004
CHEMBL1934426,C[C@H](NC(=O)c1c(C)nn(C2CCOCC2)c1NS(=O)(=O)c3ccc(cc3)C4CC4)C(C)(C)C,1.23,CC(C)([C@H](C)NC(c1c(NS(=O)(c2ccc(C3CC3)cc2)=O)n(C2CCOCC2)nc1C)=O)C,A{A*Q}{DA{~B}ara{A}dd{AsAABAAs}arDE{~B}{~B}ataaa{aat}AuAAu}A{A}{A}A,54.5
CHEMBL1829442,CCC(NC(=O)c1ccc(C)cc1)C2=Nc3ccsc3C(=O)N2Cc4ccccc4,4.14,c1c(C(NC(CC)c2nc3ccsc3c(=O)n2Cc2ccccc2)=O)ccc(C)c1,AAA{DA{~B}araaa{A}aar}As~DataaeatA{~B}DsAauaaaaau,6.000000000000004
CHEMBL396724,OC[C@@H](O)CN1C(=O)[C@H](Cc2ccccc12)NC(=O)c3cc4cc(Cl)sc4[nH]3,3.27,c12c(cccc1)N(C[C@@H](CO)O)C(=O)[C@@H](NC(c1[nH]c3sc(Cl)cc3c1)=O)C2,BA{A**Q}{B}ADrA{~B}{A*Q}{Aasaaaaars}DA{~B}ataauaa{Z}eau{dQ}t,20.5
CHEMBL2164747,COc1ccc2N=CC(=O)N(CCN3CC[C@@H](NCc4ccc5OCC(=O)Nc5n4)[C@@H](O)C3)c2c1,0.37,c12c(ccc(CN[C@@H]3CCN(CCn4c5cc(OC)ccc5ncc4=O)C[C@@H]3O)n1)OCC(=O)N2,ABaraaasD~AA{~B}D{AADtAA{A**Q}{DAauaaavBAA{~B}Davdu}{A**Q}{B}At}asar,68.83333333333333
CHEMBL14474,c1ccc2ncccc2c1,2.09,c1cc2c(cccn2)cc1,araaasdaaaasar,40.166666666666664
CHEMBL384684,C[C@H](NC1=NC(=O)[C@@](C)(S1)C(F)(F)F)c2ccccc2F,3.1,C1(N[C@H](c2c(F)cccc2)C)=NC(=O)[C@@](C(F)(F)F)(C)S1,A{A*Q}{DAr~DA{~B}{A**}{A}{Er}A{G}{G}G}asaaaaasG,23.333333333333332
CHEMBL147507,C[C@@H](N)COc1c(C)cccc1C,0.6,c1(C)c(OC[C@H](N)C)c(C)ccc1,A{A**Q}{D}ABara{A}aaaarA,65.0
CHEMBL93484,CC1N=C(N)N=C(N)N1c2ccc(Cl)cc2,-0.8,c1(Cl)ccc(N2C(C)N=C(N)N=C2N)cc1,AArD~A{D}D~A{D}Drasaaa{Z}aas,88.33333333333333
CHEMBL384699,COc1cc2ncnc(Nc3cc(Cl)ccc3F)c2cc1OCCCN4CCOCC4,3.4,c1(Cl)cc(Nc2c3c(cc(OC)c(OCCCN4CCOCC4)c3)ncn2)c(F)cc1,ABaraasdada{Dataa{Z}aaatG}asaarBAAADuAABAAu,18.333333333333336
CHEMBL1213082,Cc1ccccc1N2C(=Nc3cccc(C)c3C2=O)Cn4cnc5c(N)ncnc45,2.6,c1ccc(C)c(-n2c(Cn3cnc4c(N)ncnc43)nc3c(c2=O)c(C)ccc3)c1,AaraaaaarDsA{~Dataaaa{A}atAs~B}Aduadava{D}dadauv,31.666666666666668
CHEMBL578723,COc1ccc2nc3ccccc3c(N)c2c1,1.0,COc1ccc2c(c1)c(N)c1c(cccc1)n2,ABaraaasdataaaaata{D}asar,58.333333333333336
CHEMBL214350,Cc1ccc2c(c1)c(c(C)n2CC(=O)O)c3ccnc4c(cccc34)C(F)(F)F,1.27,c1(-c2c(C)n(CC(=O)O)c3ccc(C)cc23)ccnc2c(C(F)(F)F)cccc12,Aaraaasa{ar}a{a{A}dsAA{~B}B}ataadaua{aaaatu}A{G}{G}G,53.833333333333336
CHEMBL1682950,CC[C@H](NC(=O)c1c([S+](C)[O-])c(nc2ccccc12)c3ccsc3)c4ccccc4,2.66,c12c(C(=O)N[C@@H](CC)c3ccccc3)c([S+]([O-])C)c(-c3cscc3)nc1cccc2,AA{A*Q}{DA{~B}ara{{E%}{A}{B_}}a{dasaaaaars}ataaeat}auaaaaau,30.666666666666668
CHEMBL960,Cc1oncc1C(=O)Nc2ccc(cc2)C(F)(F)F,3.9,FC(c1ccc(NC(c2c(C)onc2)=O)cc1)(F)F,AarbdaarA{~B}Dasaaa{aas}A{G}{G}G,10.000000000000002
CHEMBL1079324,C[C@@H]1CN(C[C@H](C)O1)c2nc(N3CCOCC3)c4ccc(Nc5ccccc5)nc4n2,4.12,C1[C@H](C)O[C@H](C)CN1c1nc2c(c(N3CCOCC3)n1)ccc(Nc1ccccc1)n2,A{A**Q}rAD{A{A*Q}{A}Br}asda{DtAABAAt}auaaa{Davaaaaav}dauds,6.333333333333331
CHEMBL1090173,OCC(=O)N1CCC(CC1)c2n[nH]c(c3ccc(Cl)cc3)c2c4ccncn4,1.85,C(CO)(N1CCC(c2c(-c3ccncn3)c(-c3ccc(Cl)cc3)[nH]n2)CC1)=O,BAA{~B}DrAAA{AAr}asd{dQ}a{ataaa{Z}aat}asauaadadu,44.166666666666664
CHEMBL413558,COc1ccc(cc1OC)C(=O)Nc2cc(NC(=O)c3cccc(c3)N(C)C)ccc2C,3.12,C(=O)(Nc1cc(NC(=O)c2cccc(N(C)C)c2)ccc1C)c1cc(OC)c(OC)cc1,ABaraaa{aarBA}A{~B}Dasaa{DA{~B}ataaaa{at}D{A}A}aaasA,23.0
CHEMBL2336329,CNCc1cccc(c1)c2ccc3c(nc(nc3n2)N4C[C@@H](C)O[C@@H](C)C4)N5CCOCC5,1.26,c1(-c2cc(CNC)ccc2)nc2nc(N3C[C@@H](C)O[C@@H](C)C3)nc(N3CCOCC3)c2cc1,ADAaraaaa{ar}asaaata{da{datds}DuA{A**Q}{A}B{A**Q}{A}Au}DvAABAAv,54.0
CHEMBL2011927,COc1ccc(cc1)c2nc3c(OCC4CCNCC4)c(Br)cnc3[nH]2,1.55,c1cc(-c2[nH]c3ncc(Br)c(OCC4CCNCC4)c3n2)ccc1OC,ABaraaa{aar}asdata{BAAuAADAAu}a{Y}adat{dQ}s,49.166666666666664
CHEMBL2011937,COc1ccc(cc1)c2nc3c(NCCCNC(=O)c4ccccc4)c(Br)cnc3[nH]2,0.25,c1(NCCCNC(=O)c2ccccc2)c(Br)cnc2[nH]c(-c3ccc(OC)cc3)nc12,ABaraaa{aar}asdata{DAAADA{~B}auaaaaau}a{Y}adat{dQ}s,70.83333333333333
CHEMBL1933594,C[C@H]1O[C@H]([C@H](O)[C@@H]1O)n2cnc3c(N)nc(OCC4CC(F)(F)C4(F)F)nc23,1.42,c1nc2c(nc(OCC3C(F)(F)C(F)(F)C3)nc2N)n1[C@H]1[C@H](O)[C@H](O)[C@@H](C)O1,A{A*Q}rB{A*Q}{{A*Q}{B}{A**Q}rB}dsadata{D}da{BAAuAA{G}{G}Au{G}G}dast,51.333333333333336
CHEMBL495727,O=C(NC1CC1)Nc2c[nH]nc2c3nc4cc(CN5CCOCC5)ccc4[nH]3,2.3,C1CN(Cc2ccc3c(c2)nc(-c2c(NC(=O)NC4CC4)c[nH]n2)[nH]3)CCO1,B~A{DArAAr}Dasa{dQ}dasatdauaa{ADvAABAAv}aaau{dQ}t,36.66666666666667
CHEMBL2059865,Cc1ccc(cc1NC(=O)c2ccc(OCc3ccccn3)cc2)c4ncc[nH]4,3.01,[nH]1ccnc1-c1ccc(C)c(NC(=O)c2ccc(OCc3ncccc3)cc2)c1,Aaraaa{aarDA{~B}asaaa{BAataaaadt}aas}audaa{dQ}u,24.83333333333334
CHEMBL1770733,Nc1cc(ncn1)c2ccccc2,1.91,Nc1cc(-c2ccccc2)ncn1,Daraa{dadr}asaaaaas,43.166666666666664
CHEMBL443,Cc1onc(NS(=O)(=O)c2ccc(N)cc2)c1,-0.56,c1(N)ccc(S(Nc2cc(C)on2)(=O)=O)cc1,Aarbda{DE{~B}{~B}asaaa{D}aas}ar,84.33333333333334
CHEMBL388337,Clc1ccc2C(=O)C3=C(Nc2c1)C(=O)NN(Cc4cc5ccccc5s4)C3=O,2.0,O=c1c2c(=O)n(Cc3sc4c(cccc4)c3)[nH]c(=O)c2[nH]c2cc(Cl)ccc21,ZaraaasA{~B}At~A{Dasar}A{~B}DD{Aauaavaaaaaveu}At~B,41.666666666666664
CHEMBL2030815,OC(=O)[C@H](Cc1ccc(OCCCNc2ccccn2)cc1)NC(=O)c3c(Cl)cccc3Cl,-0.22,[C@H](Cc1ccc(OCCCNc2ccccn2)cc1)(C(=O)O)NC(=O)c1c(Cl)cccc1Cl,BA{~B}{A*Q}{Aaraaa{BAAADasaaaads}aar}DA{~B}ata{Z}aaaatZ,78.66666666666667
CHEMBL2086653,CC(C)(C)OC(=O)N1CCN(CC1)c2cnc(OCc3ccc(cc3)S(=O)(=O)C)cn2,3.4,n1c(N2CCN(C(OC(C)(C)C)=O)CC2)cnc(OCc2ccc(S(=O)(C)=O)cc2)c1,AA{A}{A}BA{~B}DrAAD{AAr}asada{BAataaa{aat}E{~B}{~B}A}ads,18.333333333333336
CHEMBL1214827,CC(C)c1cc(C(=O)N2Cc3ccc(CN4CCN(C)CC4)cc3C2)c(O)cc1O,2.5,c12c(ccc(CN3CCN(C)CC3)c1)CN(C(=O)c1cc(C(C)C)c(O)cc1O)C2,AA{A}araa{A{~B}DsAataaa{ADuAAD{A}AAu}aatAs}a{B}aarB,33.333333333333336
CHEMBL20403,COC1(CCOCC1)c2cc(F)cc(OCc3ccc4N(C)C(=O)C=Cc4c3)c2,3.52,c1c2cc(COc3cc(C4(OC)CCOCC4)cc(F)c3)ccc2n(C)c(=O)c1,ABAr{AABAAr}asaa{G}aa{BAataaauD{A}A{~B}A~Aauat}as,16.333333333333332
CHEMBL320777,Oc1ccc(CCNCCS(=O)(=O)CCCOCCNc2ccccc2)c3sc(O)nc13,1.98,c1c(NCCOCCCS(CCNCCc2c3sc(O)nc3c(O)cc2)(=O)=O)cccc1,Baraaa{AADAAE{~B}{~B}AAABAADasaaaaas}atea{B}dart,42.0
CHEMBL1650697,C[C@H](Nc1ncc(F)c(Nc2cc(C)[nH]n2)n1)c3ncc(F)cn3,1.79,c1(Nc2nc(N[C@H](c3ncc(F)cn3)C)ncc2F)cc(C)[nH]n1,A{A*Q}{Dardaa{G}a{Dasaa{A}{dQ}ds}dr}atdaa{G}adt,45.166666666666664
CHEMBL481230,COc1cc2c(Nc3ccc(F)c(Cl)c3)c(cnc2cc1OCCN(C)CCO)C(=O)N,3.2,c1(Nc2c(C(N)=O)cnc3c2cc(OC)c(OCCN(CCO)C)c3)ccc(F)c(Cl)c1,ABaraasa{Dataaa{G}a{Z}at}a{adasaarBAAD{A}AAB}A{~B}D,21.66666666666666
CHEMBL102726,C(Nc1ncnc2ccccc12)c3ccccc3,3.21,c1nc(NCc2ccccc2)c2c(cccc2)n1,A{Dardadasaaaaars}ataaaaat,21.5
CHEMBL1704514,CC(N1C(=O)c2ccccc2C1=O)C(=O)N3CCc4ccccc4C3,2.47,O=C1c2c(cccc2)C(=O)N1C(C)C(=O)N1Cc2c(cccc2)CC1,AA{DrA{~B}asaaaaasAr~B}A{~B}DtAAauaaaaauAt,33.83333333333333
CHEMBL1472545,Nc1ccc(cc1)C2(CCCCC2)c3ccc(N)cc3,3.2,c1(N)ccc(C2(c3ccc(N)cc3)CCCCC2)cc1,Daraaa{aar}As{AAAAAs}ataaa{D}aat,21.66666666666666
CHEMBL1096435,CS(=O)(=O)c1ccc(cc1)[C@@H](CC2CCCC2)C(=O)Nc3nccs3,3.86,O=C([C@H](CC1CCCC1)c1ccc(S(=O)(=O)C)cc1)Nc1nccs1,AE{~B}{~B}araaa{aar}{A**Q}{AAsAAAAs}A{~B}Datdaaet,10.66666666666667
CHEMBL13485,CCN(CC)CCNC(=O)c1c(C)[nH]c(\C=C\2/C(=O)Nc3ccc(Cl)cc23)c1C,2.75,c1cc2c(cc1Cl)/C(=C/c1[nH]c(C)c(C(NCCN(CC)CC)=O)c1C)C(=O)N2,AAD{AA}AADA{~B}ara{A}{dQ}a{!A~A!s|A{~B}Dataaa{Z}aast}arA,29.166666666666668
CHEMBL1081913,CC(C)(C)OC(=O)N1CCC(CC1)OCc2onc(n2)c3ccncc3,3.0,c1cc(-c2noc(COC3CCN(C(OC(C)(C)C)=O)CC3)n2)ccn1,AA{A}{A}BA{~B}DrAAA{AAr}BAasbda{ds}ataadaat,25.0
CHEMBL73048,C[C@@](O)(C(=O)Nc1ccc(cc1Cl)S(=O)(=O)C)C(F)(F)F,2.08,N(C([C@](C(F)(F)F)(O)C)=O)c1c(Cl)cc(S(=O)(=O)C)cc1,A{A**}{B}{A{~B}Daraaa{aarZ}E{~B}{~B}A}A{G}{G}G,40.333333333333336
CHEMBL1079,Clc1ccc2nsnc2c1NC3=NCCN3,0.71,n1c2c(ns1)c(NC1=NCCN1)c(Cl)cc2,ZaraaasdedasarDAt~DAADt,63.166666666666664
CHEMBL1917459,CCS(=O)(=O)Nc1cccc2c1c(Oc3ccc(Cl)cc3)c(C)n2CC(=O)O,-0.29,c1(Oc2c(C)n(CC(O)=O)c3c2c(NS(=O)(CC)=O)ccc3)ccc(Cl)cc1,AAE{~B}{~B}Daraaaasara{Bataaa{Z}aat}a{A}dsAA{~B}B,79.83333333333333
CHEMBL2030799,CNc1cccc(CCOc2ccc(C[C@H](NC(=O)c3ccc(F)cc3Cl)C(=O)O)cc2)n1,-0.04,C(Oc1ccc(C[C@H](NC(=O)c2c(Cl)cc(F)cc2)C(O)=O)cc1)Cc1nc(NC)ccc1,ADaraaaa{AABasaaa{A{A*Q}{DA{~B}ataaa{G}aatZ}A{~B}B}aas}dr,75.66666666666667
CHEMBL167597,CCCc1c(O)c(ccc1OCc2ccc(cc2)c3nn[nH]n3)C(=O)C,3.1,n1[nH]nc(-c2ccc(COc3c(CCC)c(O)c(C(C)=O)cc3)cc2)n1,AAAara{B}a{aaarBAasaaa{aas}atdd{dQ}dt}A{~B}A,23.333333333333332
CHEMBL1951164,COc1cc(OC)c(cc1NC(=O)C)S(=O)(=O)N(C)c2ccccc2,1.1,c1(OC)c(NC(=O)C)cc(S(=O)(N(c2ccccc2)C)=O)c(OC)c1,ABaraa{BA}a{aarDA{~B}A}E{~B}{~B}D{A}asaaaaas,56.666666666666664
CHEMBL549635,OCCCN(Cc1ccc(F)cc1)C(=O)CC2CCN(Cc3ccn(c3)c4ccc(cc4)C(F)(F)F)CC2,3.04,c1c(CN(CCCO)C(CC2CCN(Cc3cn(-c4ccc(C(F)(F)F)cc4)cc3)CC2)=O)ccc(F)c1,BAAAD{Aaraaa{G}aar}A{~B}AAsAAD{Aataad{at}auaaa{aau}A{G}{G}G}AAs,24.333333333333332
CHEMBL2010841,CN(C1CCN(Cc2ccc(cc2)c3noc(C)n3)CC1)C(=O)Cc4ccc(cc4)n5cnnn5,2.1,n1c(-c2ccc(CN3CCC(N(C)C(=O)Cc4ccc(-n5nnnc5)cc4)CC3)cc2)nc(C)o1,AD{ArAAD{Aasaaa{aas}atdba{A}dt}AAr}A{~B}Aauaaa{aau}dvadddv,40.0
CHEMBL941,CN1CCN(Cc2ccc(cc2)C(=O)Nc3ccc(C)c(Nc4nccc(n4)c5cccnc5)c3)CC1,2.5,C1CN(C)CCN1Cc1ccc(C(Nc2cc(Nc3nc(-c4cccnc4)ccn3)c(C)cc2)=O)cc1,ADrAAD{Aasaaa{aas}A{~B}Dataaa{A}a{Daudaaa{du}avaaadav}at}AAr,33.333333333333336
CHEMBL401158,CCCCNc1nc(SCCC)nc2c1nnn2[C@@H]3C[C@H](CO)[C@@H](O)[C@H]3O,3.07,n1c2c(NCCCC)nc(SCCC)nc2n([C@@H]2C[C@H](CO)[C@@H](O)[C@H]2O)n1,AAAADarda{EAAA}dasarddds{A**Q}tA{A*Q}{AB}{A**Q}{B}{A*Q}tB,23.83333333333334
CHEMBL1950861,CN[C@@H](C)C(=O)N[C@H](C(=O)N[C@H]1CCCN(CCc2ccccn2)C1)C(C)(C)C,-0.55,C[C@H](NC)C(=O)N[C@H](C(N[C@H]1CCCN(CCc2ccccn2)C1)=O)C(C)(C)C,AD{A**Q}{A}A{~B}D{A*Q}{A{~B}D{A*Q}rAAAD{AAasaaaads}Ar}A{A}{A}A,84.16666666666667
CHEMBL23588,OC(=O)c1ccccc1Nc2cccc(c2)C(F)(F)F,2.01,c1ccc(Nc2cccc(C(F)(F)F)c2)c(C(O)=O)c1,BA{~B}araaaaarDasaaaa{as}A{G}{G}G,41.50000000000001
CHEMBL1689118,CC1CN(Cc2cc(Cl)ccc2OCC(=O)O)CCN1S(=O)(=O)c3ccccc3,0.31,C(C(O)=O)Oc1ccc(Cl)cc1CN1CCN(S(=O)(=O)c2ccccc2)C(C)C1,AArAD{Aasaa{Z}aaasBAA{~B}B}AADrE{~B}{~B}ataaaaat,69.83333333333334
CHEMBL2207280,O[C@H](CNC(=O)C1=CNC(=O)c2ccc(F)cc12)CN3CCC(CC3)Oc4ccc(Cl)c(Cl)c4,3.93,C(NC(c1c[nH]c(=O)c2ccc(F)cc12)=O)[C@@H](O)CN1CCC(Oc2cc(Cl)c(Cl)cc2)CC1,B{A*Q}{ADA{~B}Ar~ADA{~B}asaaa{G}aars}ADtAAA{AAt}Bauaaa{Z}a{Z}au,9.499999999999998
CHEMBL378405,CC(C)CN1C(=O)N(C)C(=O)c2c1sc(Cc3ccccc3C(F)(F)F)c2S(=O)(=O)N4CC[C@@H](O)C4,3.32,O=c1n(C)c(=O)n(CC(C)C)c2sc(Cc3ccccc3C(F)(F)F)c(S(N3CC[C@@H](O)C3)(=O)=O)c21,AA{A}ADrA{~B}D{A}A{~B}asarea{AataaaaatA{G}{G}G}asE{~B}{~B}DuAA{A**Q}{B}Au,19.666666666666668
CHEMBL2171038,Cc1ccccc1S(=O)(=O)NC(=O)N2CCC(CC2)N3CCC(CC3)Oc4ccc(Cl)c(Cl)c4,1.71,Cc1ccccc1S(=O)(NC(N1CCC(N2CCC(Oc3cc(Cl)c(Cl)cc3)CC2)CC1)=O)=O,AaraaaaarE{~B}{~B}DA{~B}DsAAA{AAs}DtAAA{AAt}Bauaaa{Z}a{Z}au,46.5
CHEMBL1762534,COc1cccc(n1)N(C)c2ccnc(Nc3cc(cc(c3)N4CCOCC4)N5CCOCC5)n2,3.37,N1(c2cc(N3CCOCC3)cc(Nc3nc(N(c4cccc(OC)n4)C)ccn3)c2)CCOCC1,ABaraaaa{dr}D{A}asaada{Dataa{aa{at}DuAABAAu}DvAABAAv}ds,18.833333333333332
CHEMBL1168,CCOC(=O)[C@H](CCc1ccccc1)N[C@@H](C)C(=O)N2[C@H]3CCC[C@H]3C[C@H]2C(=O)O,-0.41,C(=O)(N1[C@H]2CCC[C@H]2C[C@H]1C(=O)O)[C@H](C)N[C@@H](CCc1ccccc1)C(=O)OCC,AABA{~B}{A*Q}{AAaraaaaar}D{A**Q}{A}A{~B}Ds{A*Q}tAAA{A*Q}tA{A*Q}sA{~B}B,81.83333333333333
CHEMBL1775161,OC(=O)c1cn(Cc2ccccc2)c3ccccc13,1.19,c1(C(O)=O)cn(Cc2ccccc2)c2ccccc12,BA{~B}arad{Aasaaaaas}ataaaaart,55.166666666666664
CHEMBL366255,CN(C)c1cccc(c1)C(=O)Nc2ccc(C)c(NC(=O)c3ccc(OCc4ccccn4)cc3)c2,2.83,CN(c1cc(C(=O)Nc2ccc(C)c(NC(c3ccc(OCc4ccccn4)cc3)=O)c2)ccc1)C,AD{A}araaaa{ar}A{~B}Dasaaa{A}a{DA{~B}ataaa{BAauaaaadu}aat}as,27.833333333333332
CHEMBL249966,CC(C)(C)Cn1c(CN2C(=O)CC3(CCNCC3)C2=O)cc4cnc(nc14)C#N,0.75,n1c2n(CC(C)(C)C)c(CN3C(=O)C4(CCNCC4)CC3=O)cc2cnc1C#N,AA{A}{A}Adra{ADsA{~B}AAt{AADAAt}As~B}aauada{daru}A^D,62.5
CHEMBL402542,CCN1CCN(Cc2cnc(c(Cl)c2)c3ccc(cc3)C(=O)Nc4ccccc4N)CC1,1.81,CCN1CCN(Cc2cnc(-c3ccc(C(=O)Nc4c(N)cccc4)cc3)c(Cl)c2)CC1,AADrAAD{Aasada{a{Z}as}ataaa{aat}A{~B}DauaaaaauD}AAr,44.833333333333336
CHEMBL383723,CNC(=O)Nc1cc(sc1C(=O)N)c2ccccc2,2.71,C(NC)(Nc1cc(-c2ccccc2)sc1C(N)=O)=O,ADA{~B}Daraa{earA{~B}D}asaaaaas,29.833333333333332
CHEMBL2153176,CCCSc1ncccc1C(=O)NC2CCC(F)(F)CC2,2.85,S(CCC)c1ncccc1C(NC1CCC(F)(F)CC1)=O,AAAEardaaaarA{~B}DAsAAA{G}{G}AAs,27.5
CHEMBL1576801,Cc1ccc(cc1)C(=O)C2CCN(CC2)C(=O)c3ccc(C)cc3,3.43,C(=O)(c1ccc(C)cc1)N1CCC(C(=O)c2ccc(C)cc2)CC1,Aaraaa{aar}A{~B}AsAAD{AAs}A{~B}ataaa{A}aat,17.833333333333332
CHEMBL1809207,COc1cc(ccc1Nc2ncc(Cl)c(n2)c3cnc4cc(CO)ccn34)N5CCN(CC5)C(=O)C,3.1,c1(OC)cc(N2CCN(C(C)=O)CC2)ccc1Nc1ncc(Cl)c(-c2cnc3n2ccc(CO)c3)n1,ABaraa{aaarDasdaa{Z}a{ds}atadauaa{AB}aadtu}DvAAD{AAv}A{~B}A,23.333333333333332
CHEMBL484738,Cc1ncc(c2ccnc(Nc3ccc(cc3)S(=O)(=O)N)n2)n1C,1.6,c1(-c2nc(Nc3ccc(S(=O)(N)=O)cc3)ncc2)cnc(C)n1C,Aardaa{asaada{Dataaa{aat}E{~B}{~B}D}ds}drA,48.333333333333336
CHEMBL2348642,CNc1nc(C)c(s1)c2nc(Nc3cccc(c3)N4CCNCC4)ncc2C#N,1.9,c1c(Nc2nc(-c3c(C)nc(NC)s3)c(C#N)cn2)cccc1N1CCNCC1,ADarda{A}a{er}asda{Dataaaa{at}DuAADAAu}daasA^D,43.333333333333336
CHEMBL2036774,Clc1ccc(NC(=O)N2CCN(C[C@H]3CN(CCO3)C4CC4)CC2)cc1Cl,3.32,C1C(N2C[C@H](CN3CCN(C(=O)Nc4ccc(Cl)c(Cl)c4)CC3)OCC2)C1,Zaraaa{DA{~B}DsAAD{A{A*Q}tAD{AABt}AuAAu}AAs}aarZ,19.666666666666668
CHEMBL1829270,CCC(N(CCCN)C(=O)c1ccccc1)C2=Nc3ccsc3C(=O)N2Cc4ccccc4,1.38,c1ccc(Cn2c(C(N(CCCN)C(c3ccccc3)=O)CC)nc3ccsc3c2=O)cc1,AAA{D{AAAD}A{~B}araaaaar}As~DataaeatA{~B}DsAauaaaaau,52.0
CHEMBL1221607,NC1=NC(Nc2cccc(F)c12)c3cccs3,0.91,c1ccsc1C1Nc2c(c(F)ccc2)C(N)=N1,DAr~DA{Dasaaaa{G}ars}ataaaet,59.833333333333336
CHEMBL12,CN1C(=O)CN=C(c2ccccc2)c3cc(Cl)ccc13,2.69,c1ccc(C2=NCC(=O)N(C)c3ccc(Cl)cc32)cc1,ADrA{~B}AD~A{asaaaaas}ataa{Z}aaart,30.166666666666668
CHEMBL2087847,Cn1cncc1c2c3C(=O)N(CC=C)C(=O)N(CC4CC4)c3nn2Cc5ccnc6ccc(Cl)cc56,3.62,n1(Cc2c3cc(Cl)ccc3ncc2)nc2n(CC3CC3)c(=O)n(CC=C)c(=O)c2c1-c1n(C)cnc1,AdradaarasatA{~B}D{AA~A}A{~B}D{AAuAAu}atddsAavaadawaaa{Z}aavw,14.666666666666664
CHEMBL278623,CC(C)(N)C(=O)N[C@H](Cc1c[nH]c2ccccc12)C(=O)N[C@H](Cc3c[nH]c4ccccc34)NC=O,1.0,O=C([C@@H](Cc1c2ccccc2[nH]c1)NC(C(C)(C)N)=O)N[C@H](Cc1c[nH]c2c1cccc2)NC=O,AA{A}{D}A{~B}D{A*Q}{Aara{dQ}asaaaaars}A{~B}D{A*Q}{Aata{dQ}auaaaaatu}DA~B,58.333333333333336
CHEMBL327027,c1ccc(cc1)c2c[nH]c(n2)c3ccccc3,3.8,c1c(-c2c[nH]c(-c3ccccc3)n2)cccc1,araaa{aar}asa{dQ}a{ds}ataaaaat,11.66666666666667
CHEMBL861,CCC1(NC(=O)N(C)C1=O)c2ccccc2,1.59,CCC1(c2ccccc2)C(=O)N(C)C(=O)N1,AAAr{DA{~B}D{A}Ar~B}asaaaaas,48.5
CHEMBL2164741,O[C@H]1CN(CCN2C(=O)C=Cc3ccc(cc23)C#N)CC[C@H]1NCc4cc5OCCOc5cn4,0.45,n1(CCN2CC[C@@H](NCc3ncc4c(c3)OCCO4)[C@@H](O)C2)c2cc(C#N)ccc2ccc1=O,B{A*Q}rAD{AADsA{~B}A~Aataaa{aast}A^D}AA{A*Q}rDAauaavBAABavadu,67.5
CHEMBL344319,Cc1c(CCC(=O)O)c[nH]c1\C=C\2/C(=O)Nc3ccccc23,1.05,N1c2ccccc2/C(=C/c2[nH]cc(CCC(O)=O)c2C)C1=O,Aara{AAA{~B}B}a{dQ}ar!A~A!s|A{~B}Dataaaaast,57.5
CHEMBL481205,COCCOc1cc2ncc(C(=O)N)c(Nc3ccc(C)cc3F)c2cc1N4CCN(C)CC4,2.24,c1(Nc2c(F)cc(C)cc2)c2cc(N3CCN(C)CC3)c(OCCOC)cc2ncc1C(N)=O,ABAABaraasdaa{A{~B}D}a{Dataaa{A}aatG}asaarDuAAD{A}AAu,37.666666666666664
CHEMBL214798,COc1cc2ncnc(Nc3cccc(Cl)c3F)c2cc1OC4CCN(C)CC4,2.72,n1cnc(Nc2c(F)c(Cl)ccc2)c2c1cc(OC)c(OC1CCN(C)CC1)c2,ABaraasdada{Dataaaa{Z}atG}asaarBAuAAD{A}AAu,29.66666666666666
CHEMBL305406,Clc1cccc(Cl)c1\C(=C\n2cncn2)\OC3CCCCCC3,4.1,n1cn(/C=C(\OC2CCCCCC2)c2c(Cl)cccc2Cl)nc1,Zaraaaa{Z}ar!A{~A!dsadads}!BAtAAAAAAt,6.666666666666672
CHEMBL1312599,Brc1oc(cc1)c2nc3cc(NS(=O)(=O)c4ccccc4)ccc3[nH]2,4.38,c1(-c2oc(Br)cc2)[nH]c2c(cc(NS(=O)(=O)c3ccccc3)cc2)n1,Yarba{aar}asdataa{DE{~B}{~B}auaaaaau}aaat{dQ}s,2.0000000000000018
CHEMBL1631466,Nc1c2C(=O)N(Cc2nc3c(cccc13)c4ncccn4)C5CCC5,1.85,C1N(C2CCC2)C(=O)c2c1nc1c(-c3ncccn3)cccc1c2N,DarasA{~B}D{Aasdata{aaaart}audaaadu}AvAAAv,44.166666666666664
CHEMBL192894,COc1ccc(cc1)c2c(C)[nH]nc2c3ccc(O)cc3O,3.37,O(C)c1ccc(-c2c(C)[nH]nc2-c2c(O)cc(O)cc2)cc1,ABaraaa{aar}asa{A}{dQ}dasataaa{B}aatB,18.833333333333332
CHEMBL1175,CNCC[C@H](Oc1cccc2ccccc12)c3cccs3,2.09,c12ccccc1cccc2O[C@H](c1sccc1)CCNC,ADAA{A*Q}{Baraaaasaaaaars}ataaaet,40.166666666666664
CHEMBL44245,CC(N1Cc2ccccc2C1=O)c3ccccc3,3.0,c1cccc2c1CN(C(c1ccccc1)C)C2=O,AA{DrAasaaaaasAr~B}ataaaaat,25.0
CHEMBL472258,COc1ccc(N(C(C)C(=O)NC2CCCC2)C(=O)c3ccccc3)c(OC)c1,3.02,COc1cc(OC)c(N(C(c2ccccc2)=O)C(C)C(NC2CCCC2)=O)cc1,ABaraaa{D{A{A}A{~B}DAsAAAAs}A{~B}ataaaaat}a{BA}ar,24.666666666666668
CHEMBL235821,NC1=NC(=CC(=O)N1)CCc2ccccc2,1.4,C(Cc1cc(=O)[nH]c(N)n1)c1ccccc1,DAr~DA{~AA{~B}Dr}AAasaaaaas,51.666666666666664
CHEMBL2335886,COCCOc1ccc(Nc2ncc3cc(ccc3n2)c4ccncc4)cc1,3.1,c1c(-c2ccncc2)cc2cnc(Nc3ccc(OCCOC)cc3)nc2c1,ABAABaraaa{Dasdaataa{aaatds}auaadaau}aar,23.333333333333332
CHEMBL1774056,C[C@H](Nc1nc(Nc2cc(C)[nH]n2)c(F)cc1C#N)c3ccc(F)cn3,3.11,c1c(Nc2c(F)cc(C#N)c(N[C@@H](C)c3ncc(F)cc3)n2)n[nH]c1C,A{A*Q}{Darda{Dasaa{A}{dQ}ds}a{G}aarA^D}ataaa{G}adt,23.166666666666668
CHEMBL232627,OC(=O)CN1C(=O)C(Cc2ccccc12)NC(=O)c3cc4sc(Cl)c(Cl)c4[nH]3,0.67,N(C(=O)c1cc2sc(Cl)c(Cl)c2[nH]1)C1Cc2c(cccc2)N(CC(O)=O)C1=O,BA{~B}ADrA{~B}A{Aasaaaaars}DA{~B}ataauea{Z}a{Z}au{dQ}t,63.833333333333336
CHEMBL325226,CC(C)n1c2ccccc2c3c(C)c(NC(=O)N4CCOCC4)ccc13,3.5,c1(NC(N2CCOCC2)=O)ccc2c(c1C)c1c(cccc1)n2C(C)C,AA{A}drasaaaaasata{A}a{DA{~B}DuAABAAu}aaart,16.666666666666668
CHEMBL300664,Fc1ccccc1c2ccc3c(c2)C(=O)C(=O)c4ccccc34,2.92,Fc1ccccc1-c1ccc2c(c1)C(=O)C(=O)c1c-2cccc1,Garaaaaarasaaata{as}A{~B}A{~B}auaaaaatu,26.333333333333332
CHEMBL110941,Cc1cc(C)cc(CCOCCS(=O)(=O)NCCNCCc2ccc(O)c3nc(O)sc23)c1,2.45,n1c(O)sc2c(CCNCCNS(CCOCCc3cc(C)cc(C)c3)(=O)=O)ccc(O)c12,Aaraa{A}aa{AABAAE{~B}{~B}DAADAAasaaa{B}atda{B}east}ar,34.166666666666664
CHEMBL1575581,Cc1ccc2c(N)c(C#N)sc2n1,2.23,n1c(C)ccc2c(N)c(C#N)sc12,Aaraaasa{D}a{A^D}easdr,37.833333333333336
CHEMBL1340091,O=S(=O)(Nc1ccc(cc1)S(=O)(=O)Nc2nccs2)c3ccc4OCCOc4c3,1.97,c1cc(S(Nc2sccn2)(=O)=O)ccc1NS(=O)(=O)c1ccc2c(c1)OCCO2,B~E{~B}{Daraaa{aar}E{~B}{~B}Dasdaaes}ataaauBAABauat,42.16666666666667
CHEMBL1709618,COc1ccc(cc1)C(CNC(=O)Nc2ccccc2)N3CCN(C)CC3,1.5,C(C(c1ccc(OC)cc1)N1CCN(C)CC1)NC(=O)Nc1ccccc1,ABaraaa{aar}A{ADA{~B}Dasaaaaas}DtAAD{A}AAt,50.0
CHEMBL573287,COc1ccc(Nc2cc(Oc3cc(C)c(C)nc3c4ccccn4)ccn2)cc1,3.51,c1cc(OC)ccc1Nc1cc(Oc2cc(C)c(C)nc2-c2ncccc2)ccn1,ABaraaa{Dasaa{Bataa{A}a{A}datauaaaadu}aads}aar,16.500000000000004
CHEMBL1908856,COc1ccc(NC(=O)c2ccc(c(C)c2)c3ccncc3)cc1N4CCN(C)CC4,2.56,N(c1cc(N2CCN(C)CC2)c(OC)cc1)C(=O)c1ccc(-c2ccncc2)c(C)c1,ABaraaa{DA{~B}asaaa{a{A}as}ataadaat}aarDuAAD{A}AAu,32.333333333333336
CHEMBL2153175,CCCSc1ncccc1C(=O)N(C)C2CCCCC2,3.36,C(Sc1ncccc1C(N(C1CCCCC1)C)=O)CC,AAAEardaaaarA{~B}D{A}AsAAAAAs,19.000000000000004
CHEMBL155103,CCOC(=O)C1=Cc2ccc(O)cc2OC1=O,1.2,c12cc(O)ccc1cc(C(OCC)=O)c(=O)o2,AABA{~B}Ar~Aasaaa{B}aasBAr~B,55.0
CHEMBL301018,COc1cc2ncnc(Nc3ccc(F)c(Cl)c3)c2cc1OC,3.67,COc1cc2c(cc1OC)ncnc2Nc1cc(Cl)c(F)cc1,ABaraasdada{Dataaa{G}a{Z}at}asaarBA,13.833333333333334
CHEMBL1778612,OC(=O)COc1ccc(cc1c2ccccc2)[N+](=O)[O-],-0.69,C(Oc1ccc([N+]([O-])=O)cc1-c1ccccc1)C(=O)O,BA{~B}ABaraaa{aarasaaaaas}{D%}{~B}{B_},86.5
CHEMBL2177110,CCCSc1c(cnn1c2cccc(c2)C(=O)O)C(=O)NC3CCCCC3,0.7,N(C1CCCCC1)C(c1cnn(-c2cccc(C(=O)O)c2)c1SCCC)=O,AAAEara{addrasaaaa{as}A{~B}B}A{~B}DAtAAAAAt,63.333333333333336
CHEMBL13589,Nc1ncnc(Nc2ccccc2)n1,1.4,n1cnc(Nc2ccccc2)nc1N,Dardada{Dasaaaaas}dr,51.666666666666664
CHEMBL520734,NC(=O)Nc1sc(cc1C(=O)N[C@H]2CCCNC2)c3ccsc3,1.06,C1C[C@H](NC(=O)c2cc(-c3cscc3)sc2NC(=O)N)CNC1,DA{~B}Darea{aarA{~B}D{A*Q}sAAADAs}ataaeat,57.333333333333336
CHEMBL954,CCN(CC)CCOc1ccc(cc1)\C(=C(\Cl)/c2ccccc2)\c3ccccc3,4.09,c1c(/C(c2ccc(OCCN(CC)CC)cc2)=C(/c2ccccc2)Cl)cccc1,AAD{AA}AABaraaa{aar}!A{~A{!Z}|asaaaaas}!ataaaaat,6.833333333333336
CHEMBL1077979,COc1cc(O)c2C(=O)O[C@@H](C)C\C=C/C(=O)[C@@H](O)[C@@H](O)C\C=C\c2c1,1.64,Oc1c2c(cc(OC)c1)/C=C/C[C@H](O)[C@H](O)C(=O)/C=C\C[C@H](C)OC2=O,ABaraa{B}asA{~B}B{A**Q}{A}A!A~A|A{~B}{A**Q}{B}{A**Q}{B}A!A~A!asar,47.66666666666668
CHEMBL1967560,CCN1N(C2CCCC2)c3nc(Nc4ccc(cc4OC)C(=O)NC5CCN(C)CC5)ncc3N(C)C1=O,2.75,CN1CCC(NC(c2ccc(Nc3ncc4c(n3)N(C3CCCC3)N(CC)C(=O)N4C)c(OC)c2)=O)CC1,AADrD{AsAAAAs}atda{Dauaaa{aauBA}A{~B}DAvAAD{A}AAv}daatD{A}Ar~B,29.166666666666668
CHEMBL108939,COc1ccccc1Oc2ccc(cc2)N(Cc3cccnc3)S(=O)(=O)CC(F)(F)F,1.5,c1cc(Oc2ccc(N(Cc3cccnc3)S(=O)(=O)CC(F)(F)F)cc2)c(OC)cc1,ABaraaaaarBasaaa{aas}D{Aataaadat}E{~B}{~B}AA{G}{G}G,50.0
CHEMBL1289717,O=C1C=C(C=CN1c2ccc3c(cnn3CCN4CCCC4)c2)c5ccccc5,1.6,n1(CCN2CCCC2)c2c(cn1)cc(-n1c(=O)cc(-c3ccccc3)cc1)cc2,B~ArA~A{A~ADrasaaata{addtAADuAAAAu}as}avaaaaav,48.333333333333336
CHEMBL178397,CC1=NC(=C(NC1=O)c2ccccc2)c3ccc(CN4CCC(CC4)N5C(=O)Nc6ccccc56)cc3,3.8,Cc1c(=O)[nH]c(-c2ccccc2)c(-c2ccc(CN3CCC(n4c5c([nH]c4=O)cccc5)CC3)cc2)n1,AAr~DA{~A{DAr~B}asaaaaas}ataaa{ADuAAA{AAu}DvA{~B}Dawaaaaavw}aat,11.66666666666667
CHEMBL1290108,Clc1ccc(N2CCN(CC2)C(=O)COCc3ccccn3)c(Cl)c1,3.47,c1cc(COCC(N2CCN(c3ccc(Cl)cc3Cl)CC2)=O)ncc1,Zaraaa{DsAAD{AAs}A{~B}ABAataaaadt}a{Z}ar,17.166666666666664
CHEMBL2179276,CC(C)C[C@H](N1CCC[C@@H](C1)N2C=C(C)C(=O)NC2=O)c3ccc(C(=O)O)c(Oc4cccc(Cl)c4)c3,0.93,c1n([C@@H]2CN([C@@H](CC(C)C)c3cc(Oc4cc(Cl)ccc4)c(C(=O)O)cc3)CCC2)c(=O)[nH]c(=O)c1C,AA{A}A{A*Q}{DrAAA{A**Q}{Ar}DsA~A{A}A{~B}DAs~B}ataaa{A{~B}B}a{Bauaaaa{Z}au}at,59.5
CHEMBL778,C[C@H](c1c[nH]cn1)c2cccc(C)c2C,2.79,C[C@H](c1nc[nH]c1)c1c(C)c(C)ccc1,A{A*Q}{ara{dQ}adr}asaaaa{A}asA,28.5
CHEMBL1946617,OC1CCN(CC1)C(=O)c2ccc(cc2)C(=C3CCN(Cc4cscn4)CC3)c5cccc6cccnc56,1.89,c1cc(C(N2CCC(O)CC2)=O)ccc1C(=C1CCN(Cc2ncsc2)CC1)c1cccc2cccnc21,BArAAD{AAr}A{~B}asaaa{aas}A{~AtAAD{Aauaeadu}AAt}avaaaawaaadavw,43.50000000000001
CHEMBL327502,COc1ccc(cc1)N2Sc3ccccc3C2=O,3.02,c12c(cccc1)sn(-c1ccc(OC)cc1)c2=O,ABaraaa{aar}DsEataaaaatAs~B,24.666666666666668
CHEMBL1829261,CCC(N(CC1CCNCC1)C(=O)c2ccc(C)cc2)C3=Nc4ccsc4C(=O)N3Cc5ccccc5,1.33,n1c2ccsc2c(=O)n(Cc2ccccc2)c1C(N(C(c1ccc(C)cc1)=O)CC1CCNCC1)CC,AAA{D{AArAADAAr}A{~B}asaaa{A}aas}At~DauaaeauA{~B}DtAavaaaaav,52.833333333333336
CHEMBL2326864,CC(=O)Nc1nc(CCc2ccc(NC(=N)N)cc2)cs1,-0.82,c1(NC(=N)N)ccc(CCc2nc(NC(=O)C)sc2)cc1,AA{~B}Darda{AAasaaa{DA{~D}D}aas}aer,88.66666666666667
CHEMBL400964,CN1C[C@H](c2ccccc2)c3cccc(N)c3C1,2.11,C1c2c(cccc2N)[C@@H](c2ccccc2)CN1C,ADrA{A*Q}{asaaaaas}ataaaa{D}atAr,39.833333333333336
CHEMBL460102,CC(C)n1c(C)ncc1c2nc(Nc3ccc(cc3)C(=O)N4CC[C@@H](C4)N(C)C)ncc2F,2.16,c1c(-c2c(F)cnc(Nc3ccc(C(N4C[C@@H](N(C)C)CC4)=O)cc3)n2)n(C(C)C)c(C)n1,AA{A}dra{A}daarasda{Dataaa{aat}A{~B}DuAA{A**Q}{Au}D{A}A}daasG,39.0
CHEMBL2036581,COc1ccc(NC(=O)c2oc(Nc3ccccc3F)nn2)cn1,3.2,n1nc(C(Nc2ccc(OC)nc2)=O)oc1Nc1ccccc1F,ABaraaa{DA{~B}asba{DataaaaatG}dds}adr,21.66666666666666
CHEMBL322722,Cc1ccc(CCCOCCS(=O)(=O)CCCNCCc2ccc(O)c3nc(O)sc23)s1,2.41,c1(O)sc2c(n1)c(O)ccc2CCNCCCS(CCOCCCc1sc(C)cc1)(=O)=O,Aaraaa{AAABAAE{~B}{~B}AAADAAasaaa{B}atda{B}east}er,34.833333333333336
CHEMBL2208425,O[C@H](CNC(=O)c1cn2cc(F)ccc2n1)CN3CCC(CC3)Oc4ccc(Cl)c(Cl)c4,3.33,C([C@H](CN1CCC(Oc2ccc(Cl)c(Cl)c2)CC1)O)NC(c1cn2c(ccc(F)c2)n1)=O,B{A*Q}{ADA{~B}aradsaa{G}aaasdr}ADtAAA{AAt}Bauaaa{Z}a{Z}au,19.5
CHEMBL2031158,OC(=O)[C@H](Cc1ccc(CCCCNc2ccccn2)cc1)NC(=O)c3c(Cl)cccc3Cl,0.51,C(Nc1ncccc1)CCCc1ccc(C[C@@H](C(O)=O)NC(c2c(Cl)cccc2Cl)=O)cc1,BA{~B}{A*Q}{Aaraaa{AAAADasaaaads}aar}DA{~B}ata{Z}aaaatZ,66.5
CHEMBL2059376,CCNC(=O)c1cc2c(c(cnc2[nH]1)c3cncc(c3)C(=O)NC)n4ccc(n4)C(F)(F)F,2.21,C(NC)(c1cc(-c2c(-n3nc(C(F)(F)F)cc3)c3cc(C(NCC)=O)[nH]c3nc2)cnc1)=O,AADA{~B}araasa{a{adas{dQ}r}atadaa{at}A{~B}DA}duaaa{du}A{G}{G}G,38.166666666666664
CHEMBL420055,COc1cc(ccc1Cn2cnc3ccc(NC(=O)CC4CCCC4)cc23)C(=O)NS(=O)(=O)c5ccccc5,0.9,c1c(NC(CC2CCCC2)=O)cc2c(c1)ncn2Cc1c(OC)cc(C(NS(c2ccccc2)(=O)=O)=O)cc1,ABaraa{aaarAdsadataaa{DA{~B}AAuAAAAu}aast}A{~B}DE{~B}{~B}avaaaaav,60.0
CHEMBL60088,NC(=N)c1cc2c(I)cccc2s1,0.74,c1c(C(=N)N)sc2cccc(I)c12,DA{~D}araasa{H}aaaaser,62.666666666666664
CHEMBL2030006,Oc1ccc(cc1)C2=CC(=O)c3ccccc3N2,2.34,c1cccc2c(=O)cc(-c3ccc(O)cc3)[nH]c12,Baraaa{aar}As~AA{~B}ataaaaatDs,36.0
CHEMBL2110579,CN(C)N(C)C(=O)[C@@]1(Cc2ccccc2)CCCN(C1)C(=O)[C@@H](Cc3c[nH]c4ccccc34)NC(=O)C(C)(C)N,2.1,O=C(N[C@H](Cc1c2c([nH]c1)cccc2)C(=O)N1C[C@](C(=O)N(N(C)C)C)(Cc2ccccc2)CCC1)C(N)(C)C,AD{A}D{A}A{~B}{A**}r{Aasaaaaas}AAAD{Ar}A{~B}{A**Q}{Aata{dQ}auaaaaatu}DA{~B}A{A}{A}D,40.0
CHEMBL1421,Cc1nc(Nc2ncc(s2)C(=O)Nc3c(C)cccc3Cl)cc(n1)N4CCN(CCO)CC4,3.41,c1(C(=O)Nc2c(Cl)cccc2C)cnc(Nc2nc(C)nc(N3CCN(CCO)CC3)c2)s1,Aarda{Dasdaa{es}A{~B}Data{A}aaaatZ}aa{dr}DuAAD{AAB}AAu,18.166666666666664
CHEMBL324875,Cc1ccc(CCOCCNS(=O)(=O)CCCNCCc2ccc(O)c3nc(O)sc23)cc1,2.07,N(CCCS(=O)(=O)NCCOCCc1ccc(C)cc1)CCc1ccc(O)c2nc(O)sc12,Aaraaa{AABAADE{~B}{~B}AAADAAasaaa{B}atda{B}east}aar,40.50000000000001
CHEMBL134074,Cc1ccc2NC(=O)OC3(CCN(CCc4nc(oc4C)c5ccccc5)CC3)c2c1,4.2,c1(C)ccc2c(c1)C1(CCN(CCc3nc(-c4ccccc4)oc3C)CC1)OC(=O)N2,AaraaasDA{~B}BAt{AAD{AAauda{bauA}avaaaaav}AAt}asar,4.999999999999997
CHEMBL1718768,CCn1c(SCC(=O)Nc2c(cnn2c3ccccc3)C#N)nnc1c4cccs4,2.1,c1(NC(CSc2n(CC)c(-c3cccs3)nn2)=O)n(-c2ccccc2)ncc1C#N,AAdra{EAA{~B}Dasa{addsataaaaat}A^D}ddarauaaaeu,40.0
CHEMBL266094,Nc1ncnc2c1ncn2Cc3ccccc3,1.53,n1c2n(Cc3ccccc3)cnc2c(N)nc1,DardadasardadsAataaaaat,49.5
CHEMBL452464,CC(C)C[C@@H](CO)NS(=O)(=O)c1ccc(Cl)s1,2.8,c1(S(N[C@H](CO)CC(C)C)(=O)=O)ccc(Cl)s1,AA{A}A{A**Q}{AB}DE{~B}{~B}araaa{Z}er,28.33333333333334
CHEMBL1951011,CC(C)OC(=O)N1CCC(CC1)Oc2ncnc(Oc3ccc(cc3F)S(=O)(=O)C)c2C,3.7,O=C(N1CCC(Oc2c(C)c(Oc3ccc(S(=O)(C)=O)cc3F)ncn2)CC1)OC(C)C,AA{A}BA{~B}DrAAA{AAr}Basdada{Bataaa{aatG}E{~B}{~B}A}asA,13.33333333333333
CHEMBL203567,Nc1c(cnn1c2ccc(F)cc2)C(=O)c3cccc(OC[C@@H](O)CO)c3,1.91,c1(-n2ncc(C(c3cc(OC[C@@H](O)CO)ccc3)=O)c2N)ccc(F)cc1,Dara{addrasaaa{G}aas}A{~B}ataaaa{BA{A**Q}{B}AB}at,43.166666666666664
CHEMBL1829408,CCC(N(CCCN)C(=O)c1ccc(cc1)C(C)C)C2=Nc3ccsc3C(=O)N2Cc4ccccc4,2.72,C(CCN(C(c1n(Cc2ccccc2)c(=O)c2c(ccs2)n1)CC)C(=O)c1ccc(C(C)C)cc1)N,AAA{D{AAAD}A{~B}araaa{aar}A{A}A}As~DataaeatA{~B}DsAauaaaaau,29.66666666666666
CHEMBL325873,CC(C)C(NC(=O)CN1C(=O)C(=CC=C1c2cccc(c2)C(=O)O)NC(=O)OCc3ccccc3)C(=O)C(F)(F)F,1.2,N(C(=O)Cn1c(=O)c(NC(=O)OCc2ccccc2)ccc1-c1cccc(C(=O)O)c1)C(C(C)C)C(=O)C(F)(F)F,AA{A}A{DA{~B}ADrA{~B}A{~AA~Arasaaaa{as}A{~B}B}DA{~B}BAataaaaat}A{~B}A{G}{G}G,55.0
CHEMBL1020,Cc1ccc(cc1)C(=O)c2ccc(CC(=O)O)n2C,-1.02,n1(C)c(CC(O)=O)ccc1C(c1ccc(C)cc1)=O,Aaraaa{aar}A{~B}asaaa{AA{~B}B}dsA,92.0
CHEMBL300846,COc1cc(ccc1Cc2c[nH]c3ccc(NC(=O)CC4CCCC4)cc23)C(=O)NS(=O)(=O)c5ccccc5C,2.0,c1(OC)c(Cc2c[nH]c3c2cc(NC(=O)CC2CCCC2)cc3)ccc(C(=O)NS(=O)(=O)c2ccccc2C)c1,ABaraa{aaarAasa{dQ}ataaa{DA{~B}AAuAAAAu}aast}A{~B}DE{~B}{~B}avaaaaavA,41.666666666666664
CHEMBL2335889,CC(=O)Nc1ccc(Nc2ncc3cc(ccc3n2)c4ccncc4)cc1,3.04,c1cc2nc(Nc3ccc(NC(C)=O)cc3)ncc2cc1-c1ccncc1,AA{~B}Daraaa{Dasdaataa{aaatds}auaadaau}aar,24.333333333333332
CHEMBL206200,COCCNc1nc(N)c2nc(O)n(Cc3ccccc3)c2n1,2.18,n1c2c(c(N)nc1NCCOC)nc(O)n2Cc1ccccc1,ABAADarda{D}asda{B}d{Aataaaaat}asdr,38.666666666666664
CHEMBL1818381,OC(=O)C1=CN(C2CC2)c3cc(N4CCN(CC4)C(=O)CC[N+](=O)[O-])c(F)cc3C1=O,0.22,N1(c2cc3n(C4CC4)cc(C(=O)O)c(=O)c3cc2F)CCN(C(=O)CC[N+](=O)[O-])CC1,BA{~B}Ar~AD{AsAAs}ataa{DuAAD{AAu}A{~B}AA{D%}{~B}{B_}}a{G}aatAr~B,71.33333333333333
CHEMBL1257578,Cc1ccc(CN2[C@@H]3CC[C@H]2C[C@@H](C3)Oc4cccc(c4)C(=O)N)s1,2.44,C1[C@H]2C[C@H](Oc3cc(C(N)=O)ccc3)C[C@H](N2Cc2ccc(C)s2)C1,Aaraaa{ADs{A**Q}tAA{A*Q}sA{A**Q}{At}Bauaaaa{au}A{~B}D}er,34.333333333333336
CHEMBL257269,C[C@H](CO)Nc1nc(SCc2cccc(F)c2F)nc3NC(=O)C=Cc13,3.36,n1c2[nH]c(=O)ccc2c(N[C@@H](CO)C)nc1SCc1c(F)c(F)ccc1,A{A*Q}{AB}Darda{EAasaaaa{G}asG}datDA{~B}A~Aart,19.000000000000004
CHEMBL224013,COc1cc2ncnc(Nc3ccc(F)cc3)c2cc1OC,3.1,Fc1ccc(Nc2c3cc(OC)c(OC)cc3ncn2)cc1,ABaraasdada{Dataaa{G}aat}asaarBA,23.333333333333332
CHEMBL1087398,C[C@H](Nc1nc(Nc2ncc(C#N)s2)cc(n1)N3CCOCC3)c4ccc(F)cn4,3.45,s1c(C#N)cnc1Nc1nc(N[C@@H](C)c2ncc(F)cc2)nc(N2CCOCC2)c1,A{A*Q}{Darda{Dasdaa{A^D}es}aa{dr}DtAABAAt}auaaa{G}adu,17.499999999999996
CHEMBL1951074,COc1cc(OC)c(cc1NC(=S)NCC(=O)O)S(=O)(=O)N2C(C)CCc3ccccc23,-1.04,S=C(NCC(O)=O)Nc1cc(S(N2C(C)CCc3ccccc32)(=O)=O)c(OC)cc1OC,ABaraa{BA}a{aarDA{~E}DAA{~B}B}E{~B}{~B}DsA{A}AAataaaaast,92.33333333333333
CHEMBL268362,COc1ccccc1CNC(=O)c2ccc3cnccc3n2,1.8,c1(C(=O)NCc2ccccc2OC)nc2ccncc2cc1,ABaraaaaarADA{~B}asaaatadaaatds,45.0
CHEMBL2062580,CC(=O)Nc1ccc2c(c1)c(cn2C)c3cc(NC4CC4)n5ncc(C#N)c5n3,2.94,c1c2c(-c3nc4n(ncc4C#N)c(NC4CC4)c3)cn(C)c2ccc1NC(C)=O,AA{~B}Daraaasa{ar}a{adsA}ataa{DAuAAu}dvdaa{A^D}avdt,26.0
CHEMBL2151325,CCOc1cc(Nc2nc3c(cc2F)ncn3[C@@H](CO)c4ccc(F)cn4)n[nH]1,2.55,[C@@H](CO)(n1c2nc(Nc3n[nH]c(OCC)c3)c(F)cc2nc1)c1ncc(F)cc1,AABaraa{Dasdata{aasG}dadt{A**Q}{AB}auaaa{G}adu}d{dQ}r,32.50000000000001
CHEMBL187709,CCN(CC)CCOc1ccc(cc1)C(O)(Cc2ccc(Cl)cc2)c3ccc(C)cc3,3.98,c1(OCCN(CC)CC)ccc(C(c2ccc(C)cc2)(Cc2ccc(Cl)cc2)O)cc1,AAD{AA}AABaraaa{aar}A{B}{Aasaaa{Z}aas}ataaa{A}aat,8.666666666666666
CHEMBL2331743,CC1=CN([C@H]2CCCN(C2)S(=O)(=O)c3ccc(C(=O)N)c(Oc4cccc(Cl)c4)c3)C(=O)NC1=O,1.96,C(c1c(Oc2cc(Cl)ccc2)cc(S(=O)(=O)N2CCC[C@H](n3cc(C)c(=O)[nH]c3=O)C2)cc1)(=O)N,AAr~AD{{A*Q}sAAAD{As}E{~B}{~B}ataaa{A{~B}D}a{Bauaaaa{Z}au}at}A{~B}DAr~B,42.333333333333336
CHEMBL2012863,NC1=CC2=NNC(=O)N2c3cc(ccc13)c4occc4,2.48,c1ccoc1-c1ccc2c(c1)n1c(=O)[nH]nc1cc2N,DAr~AAs~DDA{~B}Dsataa{aaart}aubaaau,33.666666666666664
CHEMBL336619,Clc1ccccc1C(=O)NCC23CC4CC(CC(C4)C2)C3,4.05,C1C2CC3CC(C2)CC1(CNC(c1ccccc1Cl)=O)C3,ZaraaaaarA{~B}DAAstAAuAA{AA{Au}As}At,7.500000000000003
CHEMBL1458783,Nc1nccc(n1)c2cccs2,1.75,c1(-c2nc(N)ncc2)cccs1,Dardaaa{dr}asaaaes,45.833333333333336
CHEMBL324465,CN1CCC(CC1)(C#N)c2cccc3ccccc23,2.73,c1c2c(C3(C#N)CCN(C)CC3)cccc2ccc1,ADrAAA{AAr}{A^D}asaaaataaaaast,29.5
CHEMBL519779,COc1cc2ncc(C(=O)N)c(Nc3cccc(Cl)c3Cl)c2cc1OC,3.4,O=C(c1c(Nc2c(Cl)c(Cl)ccc2)c2cc(OC)c(OC)cc2nc1)N,ABaraasdaa{A{~B}D}a{Dataaaa{Z}atZ}asaarBA,18.333333333333336
CHEMBL261237,N\C(=C(\C#N)/c1ccccc1C(F)(F)F)\Sc2ccc(N)cc2,3.3,FC(F)(F)c1ccccc1/C(C#N)=C(/Sc1ccc(N)cc1)N,D!A{~A{!A^D}|araaaaarA{G}{G}G}!Easaaa{D}aas,20.000000000000004
CHEMBL191083,CN(C)c1ccc2N=C3C=CC(=[N+](C)C)C=C3Sc2c1,-0.88,n1c2ccc(N(C)C)cc2sc2cc(=[N+](C)C)ccc1-2,AD{A}araaasD~AtA~AA{~{D%}{A}A}A~AtEasar,89.66666666666667
CHEMBL1682944,CC[C@H](NC(=O)c1c(CS(=O)(=O)C)c(nc2ccccc12)c3ccccc3)c4ccccc4,3.25,c1ccccc1[C@@H](NC(=O)c1c2ccccc2nc(-c2ccccc2)c1CS(=O)(=O)C)CC,AA{A*Q}{DA{~B}ara{AE{~B}{~B}A}a{dasaaaaars}ataaaaat}auaaaaau,20.833333333333332
CHEMBL423,CC(C)NCC(O)COc1ccc(CCOCC2CC2)cc1,0.63,c1(CCOCC2CC2)ccc(OCC(CNC(C)C)O)cc1,AA{A}DAA{B}ABaraaa{AABAAsAAs}aar,64.5
CHEMBL1784366,Cc1nsc(C)c1CCC2CCN(CC2)S(=O)(=O)CC3(CCOCC3)N(O)C=O,1.5,C1C(CCc2c(C)nsc2C)CCN(S(CC2(N(O)C=O)CCOCC2)(=O)=O)C1,Aardea{A}arAAAsAAD{AAs}E{~B}{~B}AAt{AABAAt}D{B}A~B,50.0
CHEMBL379828,COc1ccc2c(c1)c(c(C)n2CC(=O)O)c3ccnc4cc(Cl)ccc34,1.16,c12ccc(OC)cc1c(-c1ccnc3c1ccc(Cl)c3)c(C)n2CC(O)=O,ABaraaasa{ar}a{a{A}dsAA{~B}B}ataadauaa{Z}aaatu,55.666666666666664
CHEMBL1807858,Nc1nc(OC2CCCC2)nc3c1ncn3[C@@H]4O[C@H](CO)[C@H](Cl)[C@H]4O,2.16,C1CC(Oc2nc(N)c3ncn([C@@H]4O[C@H](CO)[C@H](Cl)[C@H]4O)c3n2)CC1,Darda{BAsAAAAs}datardadt{A**Q}uB{A*Q}{AB}{A*Q}{Z}{A*Q}uB,39.0
CHEMBL1916546,COc1cc2N(CCN3CCC(CC3)NCc4cc5OCCOc5cn4)C(=O)C=Cc2cn1,0.68,C1(NCc2ncc3c(c2)OCCO3)CCN(CCn2c(=O)ccc3cnc(OC)cc23)CC1,ABaraasD{AADtAAA{AAt}DAauaavBAABavadu}A{~B}A~Aasadr,63.666666666666664
CHEMBL100539,O=C(NCC12CC3CC(CC(C3)C1)C2)c4ccccc4,4.21,C1C2(CNC(c3ccccc3)=O)CC3CC1CC(C3)C2,B~A{DAArsAAtAA{AA{At}Ar}As}auaaaaau,4.833333333333334
CHEMBL1741329,Cc1ccn2c(NC(=O)c3ccccc3)c(nc2c1)c4cccs4,2.87,c1c2n(ccc1C)c(NC(=O)c1ccccc1)c(-c1sccc1)n2,Aaraadsa{DA{~B}ataaaaat}a{dasar}auaaaeu,27.166666666666668
CHEMBL341161,Fc1cc(ccc1C2=CCOCC2)N3C[C@H](COc4ccon4)OC3=O,2.61,c1(F)cc(N2C[C@H](COc3nocc3)OC2=O)ccc1C1=CCOCC1,Garaa{aaarAs~AABAAs}DtA{A*Q}{ABauaabdu}BAt~B,31.5
CHEMBL115,CC(C)(C)NC(=O)[C@@H]1CN(Cc2cccnc2)CCN1C[C@@H](O)C[C@@H](Cc3ccccc3)C(=O)N[C@@H]4[C@H](O)Cc5ccccc45,2.9,CC(C)(C)NC(=O)[C@H]1N(C[C@H](C[C@@H](Cc2ccccc2)C(N[C@H]2c3c(cccc3)C[C@H]2O)=O)O)CCN(Cc2cccnc2)C1,AA{A}{A}DA{~B}{A**Q}rAD{Aasaaadas}AADrA{A**Q}{B}A{A**Q}{Aataaaaat}A{~B}D{A**Q}u{A*Q}{B}Aavaaaaauv,26.666666666666668
CHEMBL2158829,OC(=O)COc1cccc(c1)N2CCC(CN3CCC(CC3)Oc4ccc(Cl)c(Cl)c4)CC2,1.99,C1C(Oc2ccc(Cl)c(Cl)c2)CCN(CC2CCN(c3cc(OCC(O)=O)ccc3)CC2)C1,BA{~B}ABaraaaa{ar}DsAAA{ADtAAA{AAt}Bauaaa{Z}a{Z}au}AAs,41.83333333333333
CHEMBL1824364,Oc1cccc(NC(=O)c2ccc(OCCCN3CCCC3)cc2OCc4ccc(F)cc4)c1,3.2,C1N(CCCOc2cc(OCc3ccc(F)cc3)c(C(Nc3cc(O)ccc3)=O)cc2)CCC1,Baraaaa{DA{~B}asaaa{BAAADtAAAAt}aasBAauaaa{G}aau}ar,21.66666666666666
CHEMBL112,CC(=O)Nc1ccc(O)cc1,0.25,c1(O)ccc(NC(=O)C)cc1,AA{~B}Daraaa{B}aar,70.83333333333333
CHEMBL1386638,Cc1cc(NCc2ccccc2)nc3ccccc13,3.69,n1c(NCc2ccccc2)cc(C)c2ccccc12,Aaraa{DAasaaaaas}dataaaaart,13.5
CHEMBL2177601,Cc1c(cnn1c2ccc(cc2)C(=O)O)C(=O)NC3C4CC5CC(CC3C5)C4,0.8,C1C2CC3CC1CC(C2NC(c1cnn(-c2ccc(C(=O)O)cc2)c1C)=O)C3,Aara{addrasaaa{aas}A{~B}B}A{~B}DAtAuAAvAA{AAtAv}Au,61.666666666666664
CHEMBL2078812,NC(=O)Nc1sc(cc1C(=O)N[C@H]2CCCNC2)c3cc(F)cc(F)c3,2.18,O=C(c1c(NC(=O)N)sc(-c2cc(F)cc(F)c2)c1)N[C@H]1CCCNC1,DA{~B}Darea{aarA{~B}D{A*Q}sAAADAs}ataa{G}aa{G}at,38.666666666666664
CHEMBL1778625,COc1ccc(cc1)c2cc(ccc2OCC(=O)O)C(F)(F)F,0.29,c1c(-c2c(OCC(=O)O)ccc(C(F)(F)F)c2)ccc(OC)c1,ABaraaa{aar}asaa{aaasBAA{~B}B}A{G}{G}G,70.16666666666667
CHEMBL254361,Nc1ccccc1NC(=O)c2ccccn2,1.0,c1c(N)c(NC(=O)c2ccccn2)ccc1,DaraaaaarDA{~B}asaaaads,58.333333333333336
CHEMBL92172,O=C(Nc1nccs1)c2cccnc2,2.25,c1c(C(Nc2sccn2)=O)cncc1,B~A{Dardaaer}asaaadas,37.5
CHEMBL1571801,Nc1nc(nc(N)c1Cc2ccccc2F)c3ccccn3,2.12,Nc1nc(-c2ccccn2)nc(N)c1Cc1ccccc1F,Darda{da{D}arAasaaaaasG}ataaaadt,39.666666666666664
CHEMBL1916540,COc1ccc2C(=CC(=O)N(CCN3CCC(CC3)NCc4cc5OCCOc5cn4)c2c1)C,1.72,n1c(CNC2CCN(CCn3c4c(ccc(OC)c4)c(C)cc3=O)CC2)cc2c(c1)OCCO2,ABaraaasA{~AA{~B}D{AADtAAA{AAt}DAauaavBAABavadu}asar}A,46.333333333333336
CHEMBL2062559,N#Cc1cnn2c(NC3CC3)cc(nc12)c4cccs4,2.88,C(c1cnn2c1nc(-c1cccs1)cc2NC1CC1)#N,D^Aaraddsa{DAtAAt}aa{dars}auaaaeu,27.0
CHEMBL1778636,OC(=O)COc1ccc(Cl)cc1c2cccc(c2)C#N,-0.25,O(CC(=O)O)c1c(-c2cccc(C#N)c2)cc(Cl)cc1,BA{~B}ABaraaa{Z}aarasaaaa{as}A^D,79.16666666666667
CHEMBL1916263,CCC(CC)NC(=O)c1cn(nc1NS(=O)(=O)c2ccc(C)cc2)c3ccccc3,2.51,C(NC(c1c(NS(=O)(=O)c2ccc(C)cc2)nn(-c2ccccc2)c1)=O)(CC)CC,AAA{AA}DA{~B}arad{darDE{~B}{~B}asaaa{A}aas}ataaaaat,33.16666666666667
CHEMBL1888044,FC(F)(F)c1nnc2ccc(nn12)N3CCCC3,2.41,FC(c1n2c(nn1)ccc(N1CCCC1)n2)(F)F,GA{G}{G}arddasaaa{ddrs}DtAAAAt,34.833333333333336
CHEMBL385049,COc1cc2c(Nc3cc(CC(=O)Nc4cccc(F)c4F)[nH]n3)ncnc2cc1OCCCN5CCC[C@@H]5CO,1.96,O(c1c(OCCCN2[C@@H](CO)CCC2)cc2c(c(Nc3cc(CC(=O)Nc4cccc(F)c4F)[nH]n3)ncn2)c1)C,ABaraasa{Dataa{AA{~B}Dauaaaa{G}auG}{dQ}dt}dadasaarBAAADvAAA{A**Q}vAB,42.333333333333336
CHEMBL16293,c1ccc2ccccc2c1,3.29,c1cc2c(cc1)cccc2,araaasaaaaasar,20.166666666666668
CHEMBL2325986,CC(NC(=O)C1(N)CCN(CC1)c2ncnc3[nH]ccc23)c4ccccc4,2.17,c1(N2CCC(C(=O)NC(C)c3ccccc3)(N)CC2)ncnc2[nH]ccc12,AA{DA{~B}Ar{D}AAD{AAr}asdadat{dQ}aaast}auaaaaau,38.833333333333336
CHEMBL1824045,O=C1COc2ccc(CNC3CCN(CCN4C(=O)COc5ccc(cc45)c6occc6)CC3)nc2N1,2.19,C1(=O)COc2c(cc(-c3occc3)cc2)N1CCN1CCC(NCc2nc3c(cc2)OCC(=O)N3)CC1,B~ArABasaaa{ADAtAAD{AADuA{~B}ABavaaa{aauv}awbaaaw}AAt}dasDr,38.5
CHEMBL1829424,CCC(N(CCCN)C(=O)c1ccc(C)cc1)C2=Nc3sccc3C(=O)N2Cc4ccccc4,2.06,C(CN)CN(C(c1nc2c(ccs2)c(=O)n1Cc1ccccc1)CC)C(c1ccc(C)cc1)=O,AAA{D{AAAD}A{~B}araaa{A}aar}As~DateaaatA{~B}DsAauaaaaau,40.666666666666664
CHEMBL1669170,O=C(CN1CCOCC1)Nc2ccc(cc2c3ccccc3)c4cccc5C(=O)C=C(Oc45)N6CCOCC6,3.4,N1(c2cc(=O)c3c(c(-c4ccc(NC(CN5CCOCC5)=O)c(-c5ccccc5)c4)ccc3)o2)CCOCC1,B~A{ADrAABAAr}Dasaaa{aasataaaaat}auaaaavA{~B}A~A{Bauv}DwAABAAw,18.333333333333336
CHEMBL1389402,Cc1onc(CO)c1C(=O)Nc2nccs2,1.53,o1nc(CO)c(C(=O)Nc2nccs2)c1C,Aarbda{AB}arA{~B}Dasdaaes,49.5
CHEMBL1539253,Cc1ccnc(NCc2c(O)ccc3ccccc23)c1,4.24,c1(CNc2nccc(C)c2)c(O)ccc2ccccc12,Aaraada{DAasa{B}aaataaaaast}ar,4.3333333333333295
CHEMBL401874,CC(C)CN1C(=O)N(C)C(=O)c2c1nn(Cc3cccc4ccccc34)c2c5ccncc5,4.3,c12c(=O)n(C)c(=O)n(CC(C)C)c1nn(Cc1c3c(ccc1)cccc3)c2-c1ccncc1,AA{A}ADrA{~B}D{A}A{~B}asardd{Aataaaauaaaaatu}asavaadaav,3.333333333333336
CHEMBL110599,COc1ccc(C(CN2CCCC2)N(C)C(=O)Cc3ccc(Cl)c(Cl)c3)c(OC)c1,3.07,C1CCCN1CC(c1c(OC)cc(OC)cc1)N(C)C(Cc1cc(Cl)c(Cl)cc1)=O,ABaraaa{A{ADsAAAAs}D{A}A{~B}Aataaa{Z}a{Z}at}a{BA}ar,23.83333333333334
CHEMBL455651,CNC(=O)c1ccc(Nc2ncc(F)c(n2)c3cnc(C)n3C(C)C)cc1F,3.31,CC(n1c(-c2nc(Nc3cc(F)c(C(NC)=O)cc3)ncc2F)cnc1C)C,ADA{~B}araaa{Dasdaa{G}a{ds}atada{A}dtA{A}A}aarG,19.833333333333332
CHEMBL291514,COc1cc2ncnc(Nc3ccc(F)c(Cl)c3)c2cc1OCCCN4CCCCC4,3.3,C1CN(CCCOc2c(OC)cc3c(c(Nc4ccc(F)c(Cl)c4)ncn3)c2)CCC1,ABaraasdada{Dataaa{G}a{Z}at}asaarBAAADuAAAAAu,20.000000000000004
CHEMBL460087,CN[C@H]1CCN(C1)C(=O)c2ccc(Nc3nccc(n3)c4cnc(C)n4C(C)C)cc2,1.22,n1(C(C)C)c(-c2nc(Nc3ccc(C(N4CC[C@H](NC)C4)=O)cc3)ncc2)cnc1C,AD{A*Q}rAAD{Ar}A{~B}asaaa{Datdaaa{dt}auada{A}duA{A}A}aas,54.666666666666664
CHEMBL1441229,Cc1cc(C)n(n1)c2cccc(Cl)c2C#N,3.0,c1c(-n2nc(C)cc2C)c(C#N)c(Cl)cc1,Aaraa{A}d{dr}asaaaa{Z}asA^D,25.0
CHEMBL2164683,Fc1cccc2c3CN(CCc3[nH]c12)C(=O)[C@@H]4CCCC[C@H]4C(=O)NC5(CC5)C#N,3.03,C1[C@@H](C(=O)NC2(C#N)CC2)[C@H](C(=O)N2CCc3[nH]c4c(F)cccc4c3C2)CCC1,GaraaaasatAD{AAat{dQ}ars}A{~B}{A**Q}uAAAA{A*Q}uA{~B}DAv{AAv}A^D,24.500000000000004
CHEMBL1187646,NCCCC(=O)OCCN1CCN(CCCN2c3ccccc3Sc4ccc(Cl)cc24)CC1,1.5,c1ccc2c(c1)Sc1c(cc(Cl)cc1)N2CCCN1CCN(CCOC(=O)CCCN)CC1,DAAAA{~B}BAADrAAD{AAADsataaaaatEauaaa{Z}aasu}AAr,50.0
CHEMBL2325702,Cn1ccc2c(cccc12)c3nc(CS(=O)(=O)C)cc(n3)N4CCOCC4,2.0,c12cccc(-c3nc(N4CCOCC4)cc(CS(C)(=O)=O)n3)c1ccn2C,Adraaasa{aaaars}atda{AE{~B}{~B}A}aa{dt}DuAABAAu,41.666666666666664
CHEMBL1599839,Oc1nc2ccccc2nc1NCc3ccccc3,3.3,c1(CNc2nc3c(nc2O)cccc3)ccccc1,BardasaaaaasdarDAataaaaat,20.000000000000004
CHEMBL1950856,CN[C@@H](C)C(=O)N[C@H](C(=O)N[C@H]1CCCN(CCc2ccc(Br)cc2)C1)C(C)(C)C,2.92,O=C(N[C@@H](C(C)(C)C)C(N[C@@H]1CN(CCc2ccc(Br)cc2)CCC1)=O)[C@H](C)NC,AD{A**Q}{A}A{~B}D{A*Q}{A{~B}D{A*Q}rAAAD{AAasaaa{Y}aas}Ar}A{A}{A}A,26.333333333333332
CHEMBL114123,CCCCCCN1CC[C@@]2(C)[C@@H](C)C1Cc3ccc(O)cc23,2.5,C12Cc3c(cc(O)cc3)[C@](C)([C@H]1C)CCN2CCCCCC,AAAAAADrAA{A**}s{A}{A**Q}{A}ArAataaa{B}aast,33.333333333333336
CHEMBL275742,CC(C)NC[C@@H](O)COc1cccc2ccccc12,1.13,c12ccccc1c(OC[C@@H](CNC(C)C)O)ccc2,AA{A}DA{A**Q}{B}ABaraaaasaaaaars,56.166666666666664
CHEMBL280916,CC(C)C(NC(=O)CN1C(=O)C(=CC=C1c2ccccc2)NC(=O)OCc3ccc(cc3)C(=O)O)C(=O)C(F)(F)F,0.84,C(C)(C)C(NC(Cn1c(=O)c(NC(=O)OCc2ccc(C(O)=O)cc2)ccc1-c1ccccc1)=O)C(=O)C(F)(F)F,AA{A}A{DA{~B}ADrA{~B}A{~AA~Arasaaaaas}DA{~B}BAataaa{aat}A{~B}B}A{~B}A{G}{G}G,61.0
CHEMBL1313164,Cc1nc(CSc2ccc(Cl)cc2)cc(n1)N3CCOCC3,3.38,n1c(C)nc(CSc2ccc(Cl)cc2)cc1N1CCOCC1,Aarda{AEasaaa{Z}aas}aa{dr}DtAABAAt,18.666666666666668
CHEMBL2178948,Cc1nc(C)c(nc1C(=O)N)c2ccc3c(CC[C@@]34CC[C@H](CC4)C(=O)O)c2,1.3,c1(C)c(C(N)=O)nc(-c2ccc3c(c2)CC[C@]32CC[C@H](C(=O)O)CC2)c(C)n1,Aarda{A}a{darA{~B}D}asaaata{AA{A**}tuAA{A*Q}{AAu}A{~B}B}as,53.333333333333336
CHEMBL2336326,C[C@H]1COCCN1c2nc(N3CCOC[C@@H]3C)c4ccc(nc4n2)c5cccc(c5)C(=O)NCCO,2.49,[C@H]1(C)COCCN1c1nc(N2CCOC[C@@H]2C)nc2nc(-c3cc(C(NCCO)=O)ccc3)ccc21,A{A*Q}rABAADrasda{DtAABA{A**Q}tA}auaaa{dauds}avaaaa{av}A{~B}DAAB,33.49999999999999
CHEMBL592374,Clc1ccc(cc1Cl)[C@]23CNC[C@H]2C3,1.96,c1cc([C@@]23C[C@@H]2CNC3)cc(Cl)c1Cl,Zaraaa{aarZ}{A*}stADA{A*Q}sAt,42.333333333333336
CHEMBL2031233,CN1CCN(CC1)c2ccc3N=CN(C(=O)c3c2)c4cc(NC(=O)C5CC5)ccc4C,2.17,C1N(C)CCN(c2ccc3ncn(-c4cc(NC(C5CC5)=O)ccc4C)c(=O)c3c2)C1,ADrAAD{AAr}asaaatD~AD{A{~B}atas}auaa{DA{~B}AvAAv}aaauA,38.833333333333336
CHEMBL1289283,O=C1C=C(OCc2ccccc2)C=CN1c3ccc4c(cnn4CCN5CCCC5)c3,2.0,n1n(CCN2CCCC2)c2ccc(-n3c(=O)cc(OCc4ccccc4)cc3)cc2c1,B~ArA~A{BAasaaaaas}A~ADrataaaua{adduAADvAAAAv}at,41.666666666666664
CHEMBL1461377,Fc1ccc(cc1)C(=O)C2CCN(CC2)C(=O)NCc3ccccc3,3.15,C1CC(C(c2ccc(F)cc2)=O)CCN1C(=O)NCc1ccccc1,Garaaa{aar}A{~B}AsAAD{AAs}A{~B}DAataaaaat,22.5
CHEMBL1824035,CN(C)S(=O)(=O)c1ccc2OCC(=O)N(CCN3CCC(CC3)NCc4ccc5OCC(=O)Nc5n4)c2c1,0.15,c1(S(=O)(N(C)C)=O)cc2c(cc1)OCC(=O)N2CCN1CCC(NCc2nc3c(cc2)OCC(=O)N3)CC1,AD{A}E{~B}{~B}araaasBAA{~B}D{AADtAAA{AAt}DAauaaavBAA{~B}Davdu}asar,72.49999999999999
CHEMBL563545,O\N=C\1/C(=O)N(Cc2ccccc2[N+](=O)[O-])c3ccccc13,2.07,c12c(cccc1)N(Cc1c([N+]([O-])=O)cccc1)C(=O)/C2=N\O,B!D~A!r|A{~B}D{Aasaaaaas{D%}{~B}{B_}}ataaaaart,40.50000000000001
CHEMBL2171277,Cc1ccc(NC(=O)[C@H]2CCCN2S(=O)(=O)c3cccc4cccnc34)c(C)c1,3.9,c1cc2cccnc2c(S(=O)(=O)N2[C@@H](C(=O)Nc3c(C)cc(C)cc3)CCC2)c1,Aaraaa{DA{~B}{A*Q}sAAADsE{~B}{~B}ataaaauaaadatu}a{A}ar,10.000000000000002
CHEMBL2158773,Cc1cccc(C[C@H](N2CCC(CN3CCC(CC3)Oc4ccc(Cl)c(Cl)c4)CC2)C(=O)O)c1,2.84,c1c(OC2CCN(CC3CCN([C@H](C(O)=O)Cc4cc(C)ccc4)CC3)CC2)ccc(Cl)c1Cl,Aaraaaa{A{A*Q}{DsAAA{ADtAAA{AAt}Bauaaa{Z}a{Z}au}AAs}A{~B}B}ar,27.666666666666668
CHEMBL1852508,Cc1cc(nn1C[C@H](O)CN)c2ccc(Cl)c(c2)C(=O)NCC3(O)CCCCCC3,0.57,C1CCC(O)(CNC(c2c(Cl)ccc(-c3nn(C[C@@H](CN)O)c(C)c3)c2)=O)CCC1,Aaraa{ddrA{A*Q}{B}AD}asaaa{Z}a{as}A{~B}DAAt{B}AAAAAAt,65.5
CHEMBL2158470,CCCSc1nc(ccc1C(=O)N[C@@H]2C3CC4CC2C[C@@](O)(C4)C3)N5CCOCC5,3.2,c1(C(N[C@H]2C3CC4CC2C[C@@](O)(C3)C4)=O)ccc(N2CCOCC2)nc1SCCC,AAAEarda{aaarA{~B}D{A**Q}sAtAAuAAsA{A**}{B}{Au}At}DvAABAAv,21.66666666666666
CHEMBL2207599,COc1cc(OC)c(cc1NC(=O)CCC(=O)O)S(=O)(=O)N(c2ccccc2)c3ccccc3,-0.8,c1c(OC)c(NC(CCC(O)=O)=O)cc(S(=O)(=O)N(c2ccccc2)c2ccccc2)c1OC,ABaraa{BA}a{aarDA{~B}AAA{~B}B}E{~B}{~B}D{asaaaaas}ataaaaat,88.33333333333333
CHEMBL2346970,OC1(CCN(CC1)c2ccc3nnc(n3n2)C(F)(F)F)c4ccc(F)cc4,3.5,C1C(O)(c2ccc(F)cc2)CCN(c2ccc3n(c(C(F)(F)F)nn3)n2)C1,BAr{AAD{AAr}asaaatdda{dtds}A{G}{G}G}auaaa{G}aau,16.666666666666668
CHEMBL2207276,Cc1cc(Cl)ccc1OC2CCN(C[C@H](O)CNC(=O)C3=CNC(=O)c4cc(ccc34)S(=O)(=O)C)CC2,2.42,c1(S(C)(=O)=O)ccc2c(C(=O)NC[C@H](CN3CCC(Oc4c(C)cc(Cl)cc4)CC3)O)c[nH]c(=O)c2c1,Aaraa{Z}aaarBAsAAD{A{A*Q}{B}ADA{~B}At~ADA{~B}auaa{aaatu}E{~B}{~B}A}AAs,34.666666666666664
CHEMBL2062569,CC(=O)Nc1cc2c(ccn2c3cc(NC4CC4)n5ncc(C#N)c5n3)cc1C,2.66,O=C(C)Nc1c(C)cc2c(n(-c3cc(NC4CC4)n4c(c(C#N)cn4)n3)cc2)c1,AA{~B}Daraasa{aadsataa{DAuAAu}dvdaa{A^D}avdt}aarA,30.666666666666668
CHEMBL183406,CN(C1CCN(CCC(c2ccccc2)c3ccccc3)CC1)C(=O)NCc4ccccc4,3.4,c1ccc(C(c2ccccc2)CCN2CCC(N(C(=O)NCc3ccccc3)C)CC2)cc1,AD{ArAAD{AAA{asaaaaas}ataaaaat}AAr}A{~B}DAauaaaaau,18.333333333333336
CHEMBL2059195,OC(=O)\C=C\c1cccc(c1)c2cnc3[nH]ccc3c2,0.58,c12cc[nH]c1ncc(-c1cccc(/C=C/C(O)=O)c1)c2,BA{~B}!A~A!araaaa{ar}asadat{dQ}aaatas,65.33333333333333
CHEMBL1464754,Clc1ccccc1N2CCN(CC2)C(=O)NC3CCCCC3,3.78,C1CCCC(NC(=O)N2CCN(c3c(Cl)cccc3)CC2)C1,ZaraaaaarDsAAD{AAs}A{~B}DAtAAAAAt,12.000000000000002
CHEMBL1951072,COc1cc(OC)c(cc1NC(=O)C)S(=O)(=O)N2C(C)Cc3ccccc23,1.95,COc1c(S(=O)(N2C(C)Cc3c2cccc3)=O)cc(NC(C)=O)c(OC)c1,ABaraa{BA}a{aarDA{~B}A}E{~B}{~B}DsA{A}Aataaaaast,42.49999999999999
CHEMBL121889,CC(=O)NC[C@H]1CN(C(=O)O1)c2ccc(N3CCN(CC3)c4ccc(cn4)C#N)c(F)c2,1.98,c1cc(N2C(=O)O[C@@H](CNC(=O)C)C2)cc(F)c1N1CCN(c2ncc(C#N)cc2)CC1,AA{~B}DA{A*Q}rAD{A{~B}Br}asaaa{DtAAD{AAt}auaaa{adu}A^D}a{G}as,42.0
CHEMBL62993,O=C1Nc2ccc(cc2C1=O)S(=O)(=O)N3CCC[C@H]3COc4ccccc4,2.7,c1cc2c(cc1S(=O)(N1[C@H](COc3ccccc3)CCC1)=O)C(=O)C(=O)N2,B~ArDasaaa{aasAr~B}E{~B}{~B}DtAAA{A*Q}tABauaaaaau,29.999999999999996
CHEMBL176219,Clc1cc(Cl)cc(NC(=O)NCC2(CCN(CC3CC3)CC2)c4ccc(cc4)c5cccc(c5)C#N)c1,3.37,c1cc(-c2cc(C#N)ccc2)ccc1C1(CNC(Nc2cc(Cl)cc(Cl)c2)=O)CCN(CC2CC2)CC1,Zaraa{Z}aa{DA{~B}DAAs{AAD{AAtAAt}AAs}auaaa{aau}avaaaa{av}A^D}ar,18.833333333333332
CHEMBL577241,Oc1ccc(CCc2ccc(O)cc2)cc1,3.3,C(Cc1ccc(O)cc1)c1ccc(O)cc1,Baraaa{AAasaaa{B}aas}aar,20.000000000000004
CHEMBL2170992,CC(C)c1ccc(NC(=O)NCCCSC[C@H]2O[C@H]([C@H](O)[C@@H]2O)n3cnc4c(N)ncnc34)cc1,2.5,n1cnc(N)c2ncn([C@@H]3O[C@H](CSCCCNC(Nc4ccc(C(C)C)cc4)=O)[C@@H](O)[C@H]3O)c12,AA{A}araaa{DA{~B}DAAAEA{A*Q}sB{A*Q}{{A*Q}{B}{A**Q}sB}dtadaua{D}dadatu}aar,33.333333333333336
CHEMBL437526,CCO[C@@H]1OC(=O)C[C@@H]1NC(=O)[C@@H]2CCCN3N2C(=O)[C@H](CCC3=O)NC(=O)c4nccc5ccccc45,1.16,O=C1O[C@@H](OCC)[C@@H](NC([C@H]2N3N(CCC2)C(=O)CC[C@H](NC(c2nccc4ccccc24)=O)C3=O)=O)C1,AAB{A**Q}rBA{~B}A{A**Q}rDA{~B}{A**Q}sAAADtDsA{~B}{A*Q}{AAAt~B}DA{~B}audaaavaaaaauv,55.666666666666664
CHEMBL2153178,CCCSc1ncccc1C(=O)N[C@@H]2[C@@H]3CC4C[C@H]2C[C@@](O)(C4)C3,2.27,C1[C@@]2(O)C[C@H]3CC1C[C@H]([C@@H]3NC(=O)c1c(SCCC)nccc1)C2,AAAEardaaaarA{~B}D{A**Q}s{A**Q}tAAuA{A*Q}sA{A**}{B}{Au}At,37.166666666666664
CHEMBL2179283,CCCC(C)(C)C[C@@H](N1CCC[C@@H](C1)N2C=C(C)C(=O)NC2=O)c3ccc(C(=O)O)c(Oc4cccc(Cl)c4)c3,1.99,c1(C(=O)O)ccc([C@@H](CC(C)(CCC)C)N2C[C@@H](n3cc(C)c(=O)[nH]c3=O)CCC2)cc1Oc1cc(Cl)ccc1,AAAA{A}{A}A{A**Q}{DrAAA{A**Q}{Ar}DsA~A{A}A{~B}DAs~B}ataaa{A{~B}B}a{Bauaaaa{Z}au}at,41.83333333333333
CHEMBL499,CC(C)(C)NC[C@H](O)COc1nsnc1N2CCOCC2,-0.22,s1nc(N2CCOCC2)c(OC[C@H](CNC(C)(C)C)O)n1,AA{A}{A}DA{A*Q}{B}ABardedarDsAABAAs,78.66666666666667
CHEMBL320882,CN(C(CN1CCCC1)c2ccccc2)C(=O)Cc3ccc(Cl)c(Cl)c3,3.38,c1c(Cl)c(Cl)ccc1CC(N(C)C(CN1CCCC1)c1ccccc1)=O,AD{A{ADrAAAAr}asaaaaas}A{~B}Aataaa{Z}a{Z}at,18.666666666666668
CHEMBL452,[O-][N+](=O)c1ccc2NC(=O)CN=C(c3ccccc3Cl)c2c1,3.72,Clc1ccccc1C1=NCC(=O)Nc2c1cc([N+]([O-])=O)cc2,{B_}{D%}{~B}araaasDA{~B}AD~A{ataaaaatZ}asar,12.999999999999998
CHEMBL376055,CN(CCCc1ccccc1)S(=O)(=O)c2cc(C(=O)N3CCc4ccc(cc4C3)S(=O)(=O)NCCc5ccccc5)c(O)c(O)c2O,0.75,c1cc(CCCN(S(=O)(=O)c2c(O)c(O)c(O)c(C(=O)N3CCc4ccc(S(=O)(NCCc5ccccc5)=O)cc4C3)c2)C)ccc1,AD{AAAaraaaaar}E{~B}{~B}asaa{A{~B}DtAAauaaa{aauAt}E{~B}{~B}DAAavaaaaav}a{B}a{B}asB,62.5
CHEMBL511782,COc1ccc(N(C(C(=O)NC[C@@H](C)O)c2ccccc2F)C(=O)c3ccccc3)c(OC)c1,2.55,O=C(c1ccccc1)N(c1c(OC)cc(OC)cc1)C(c1ccccc1F)C(NC[C@H](O)C)=O,ABaraaa{D{A{A{~B}DA{A**Q}{A}B}asaaaaasG}A{~B}ataaaaat}a{BA}ar,32.50000000000001
CHEMBL1950848,CN[C@@H](C)C(=O)N[C@@H](C1CCCCC1)C(=O)N[C@H]2CCCN(CCc3ccccc3F)C2,2.51,c1c(CCN2C[C@@H](NC([C@H](C3CCCCC3)NC([C@@H](NC)C)=O)=O)CCC2)c(F)ccc1,AD{A**Q}{A}A{~B}D{A**Q}{ArAAAAAr}A{~B}D{A*Q}sAAAD{AAataaaaatG}As,33.16666666666667
CHEMBL403672,COc1cc(Nc2ncnc(Nc3c(Cl)ccc4OCOc34)n2)cc(OC)c1OC,3.01,O1c2c(c(Nc3nc(Nc4cc(OC)c(OC)c(OC)c4)ncn3)c(Cl)cc2)OC1,ABaraa{Dasdada{Data{Z}aaauBABatu}ds}aa{BA}arBA,24.83333333333334
CHEMBL1783279,CCCNC(=O)c1nnc2c(cccc2c1N)c3cnc(OC)nc3OC,3.26,c1cc2c(N)c(C(=O)NCCC)nnc2c(-c2cnc(OC)nc2OC)c1,AAADA{~B}arddasa{aaaasarD}atada{BA}datBA,20.66666666666667
CHEMBL597803,CN(Cc1ccc(Cl)cc1)C(=O)C2(N)CCN(CC2)c3ncnc4[nH]ccc34,2.8,c12c(N3CCC(C(=O)N(Cc4ccc(Cl)cc4)C)(N)CC3)ncnc1[nH]cc2,AD{Aaraaa{Z}aar}A{~B}As{D}AAD{AAs}atdadau{dQ}aaatu,28.33333333333334
CHEMBL2030439,Fc1ccc(cc1)S(=O)(=O)Cc2cc(nc(n2)c3ccccn3)N4CCOCC4,1.59,c1cc(S(Cc2nc(-c3ncccc3)nc(N3CCOCC3)c2)(=O)=O)ccc1F,Garaaa{aar}E{~B}{~B}Aasaa{da{ds}ataaaadt}DuAABAAu,48.5
CHEMBL2031162,OC(=O)[C@H](Cc1ccc(NC(=O)Cc2ccc3CCCNc3n2)cc1)NC(=O)c4c(Cl)cccc4Cl,-0.63,c1cc(Cl)c(C(N[C@@H](Cc2ccc(NC(=O)Cc3nc4c(cc3)CCCN4)cc2)C(O)=O)=O)c(Cl)c1,BA{~B}{A*Q}{Aaraaa{DA{~B}AasaaatAAADatds}aar}DA{~B}aua{Z}aaaauZ,85.5
CHEMBL2158817,OC(=O)C(N1CCO[C@@H](CN2CCC(CC2)Oc3ccc(Cl)c(Cl)c3)C1)c4ccccc4,1.71,Clc1c(Cl)ccc(OC2CCN(C[C@@H]3OCCN(C(C(O)=O)c4ccccc4)C3)CC2)c1,BA{~B}A{DrAAB{A**Q}{ADsAAA{AAs}Bataaa{Z}a{Z}at}Ar}auaaaaau,46.5
CHEMBL382565,NC(=O)c1cc(sc1N)c2ccccc2,2.7,c1ccc(-c2sc(N)c(C(N)=O)c2)cc1,DA{~B}araa{earD}asaaaaas,29.999999999999996
CHEMBL1503415,OC1=CC(=O)C2=C(O1)c3ccccc3N(C2=O)c4ccccc4,0.96,c12c(c3oc(O)cc(=O)c3c(=O)n1-c1ccccc1)cccc2,BAr~AA{~B}As~A{Br}ataaaaatD{As~B}auaaaaau,59.0
CHEMBL93354,Clc1ccc(NCCNCC(=O)N2CCC[C@H]2C#N)nc1,0.99,C1[C@@H](C#N)N(C(CNCCNc2ncc(Cl)cc2)=O)CC1,Zaraaa{DAADAA{~B}DsAAA{A*Q}sA^D}dar,58.5
CHEMBL2171026,Clc1ccc(OC2CCN(CC2)C3CCN(CC3)C(=O)c4ccc(cc4)c5nn[nH]n5)cc1Cl,1.53,Clc1cc(OC2CCN(C3CCN(C(=O)c4ccc(-c5n[nH]nn5)cc4)CC3)CC2)ccc1Cl,Zaraaa{BAsAAD{AAs}AtAAD{AAt}A{~B}auaaa{aau}avdd{dQ}dv}aarZ,49.5
CHEMBL2338020,CCc1[nH]c2nc(Sc3cnc4ccc[n+]([O-])c4c3)nc(N5C[C@@H]6[C@@H](N)[C@@H]6C5)c2c1Cl,2.3,C1N(c2c3c([nH]c(CC)c3Cl)nc(Sc3cc4[n+]([O-])cccc4nc3)n2)C[C@H]2[C@H](N)[C@@H]12,AAar{dQ}asda{Eatadauaaa{d%}{{B_}}auat}da{DvA{A**Q}w{A**Q}{D}{A**Q}wAv}asarZ,36.66666666666667
CHEMBL342357,O=C1NC(=O)c2cc(OCc3ccccc3)ccc12,3.1,c1c(OCc2ccccc2)cc2c(c1)C(=O)NC2=O,B~ArDA{~B}asaa{BAataaaaat}aaars,23.333333333333332
CHEMBL2325642,Fc1cc(c(F)cc1Oc2ccc(Cl)cc2c3ccnn3C4CNC4)S(=O)(=O)Nc5ncns5,1.0,Fc1cc(S(=O)(Nc2ncns2)=O)c(F)cc1Oc1c(-c2n(C3CNC3)ncc2)cc(Cl)cc1,Garaa{a{G}aarBasaaa{Z}aasataaddtAuADAu}E{~B}{~B}Davdadev,58.333333333333336
CHEMBL426658,Clc1cccc(c1)c2cnc3ccc(NC4CCOCC4)nn23,4.3,O1CCC(Nc2nn3c(cc2)ncc3-c2cc(Cl)ccc2)CC1,Zaraaaa{ar}asadataaa{DAuAABAAu}ddst,3.333333333333336
CHEMBL2086652,CC(C)(C)OC(=O)N1CCN(CC1)c2ccc(OCc3ccc(cc3)S(=O)(=O)C)nn2,2.8,C1CN(c2ccc(OCc3ccc(S(=O)(=O)C)cc3)nn2)CCN1C(OC(C)(C)C)=O,AA{A}{A}BA{~B}DrAAD{AAr}asaaa{BAataaa{aat}E{~B}{~B}A}dds,28.33333333333334
CHEMBL25236,COc1ccccc1N2CCN(CCCCNC(=O)c3ccc4ccccc4c3)CC2,3.53,c12ccccc1cc(C(NCCCCN1CCN(c3c(OC)cccc3)CC1)=O)cc2,ABaraaaaarDsAAD{AAAADA{~B}ataaauaaaaauat}AAs,16.166666666666668
CHEMBL141157,CCOC(=O)\C=C\[C@H](C[C@@H]1CCNC1=O)NC(=O)[C@H](CC#C)N2C=CC=C(NC(=O)c3cc(C)on3)C2=O,1.75,c1cn([C@@H](CC#C)C(N[C@@H](C[C@H]2C(=O)NCC2)/C=C/C(OCC)=O)=O)c(=O)c(NC(c2cc(C)on2)=O)c1,AABA{~B}!A~A!{A*Q}{A{A**Q}rAADAr~B}DA{~B}{A*Q}{AA^A}DsA~AA~A{DA{~B}ataa{A}bdt}As~B,45.833333333333336
CHEMBL2325698,CC[C@@H]1COCCN1c2cc(nc(n2)c3cccc4[nH]ccc34)C5(CC5)S(=O)(=O)C,3.0,n1c(-c2cccc3[nH]ccc23)nc(C2(S(=O)(C)=O)CC2)cc1N1[C@H](CC)COCC1,AA{A**Q}rABAADrasaa{da{ds}ataaaau{dQ}aaatu}Av{AAv}E{~B}{~B}A,25.0
CHEMBL460103,CC(C)n1c(C)ncc1c2nc(Nc3ccc(cc3)C(=O)N4CC[C@H](C4)N(C)C)ncc2F,2.36,O=C(N1CC[C@@H](N(C)C)C1)c1ccc(Nc2ncc(F)c(-c3n(C(C)C)c(C)nc3)n2)cc1,AA{A}dra{A}daarasda{Dataaa{aat}A{~B}DuAA{A*Q}{Au}D{A}A}daasG,35.666666666666664
CHEMBL178457,CC1=C(C(=O)N(C[C@H](N)c2ccccc2)C(=O)N1Cc3c(F)cccc3F)c4ccc5OCOc5c4,2.67,c1([C@H](Cn2c(=O)c(-c3ccc4c(c3)OCO4)c(C)n(Cc3c(F)cccc3F)c2=O)N)ccccc1,AAr~A{A{~B}D{A{A*Q}{D}asaaaaas}A{~B}DrAata{G}aaaatG}auaaavBABavau,30.5
CHEMBL484663,Oc1ccc(cc1)C2=CC(=O)c3cc(O)ccc3O2,3.3,c12c(=O)cc(-c3ccc(O)cc3)oc1ccc(O)c2,Baraaa{aar}As~AA{~B}ataa{B}aaatBs,20.000000000000004
CHEMBL2010842,CN(C1CCN(Cc2nc3cc(F)ccc3s2)CC1)C(=O)Cc4ccc(cc4)n5cnnn5,2.85,c1cc(CC(=O)N(C2CCN(Cc3sc4c(cc(F)cc4)n3)CC2)C)ccc1-n1nnnc1,AD{ArAAD{Aasdataa{G}aaates}AAr}A{~B}Aauaaa{aau}dvadddv,27.5
CHEMBL233034,ONC(=O)CN1C(=O)C(Cc2ccccc12)NC(=O)c3cc4cc(Cl)sc4[nH]3,2.4,C1C(NC(=O)c2cc3cc(Cl)sc3[nH]2)C(=O)N(CC(=O)NO)c2c1cccc2,BDA{~B}ADrA{~B}A{Aasaaaaars}DA{~B}ataauaa{Z}eau{dQ}t,35.0
CHEMBL561,CCN1C=C(C(=O)O)C(=O)c2cc(F)c(N3CCNC(C)C3)c(F)c12,-1.1,OC(c1cn(CC)c2c(F)c(N3CC(C)NCC3)c(F)cc2c1=O)=O,AADrA~A{A{~B}B}A{~B}asaa{G}a{DtAADA{A}At}a{G}ars,93.33333333333333
CHEMBL13311,O=C1C=COc2ccccc12,1.4,O=c1ccoc2ccccc21,B~ArA~ABasaaaaars,51.666666666666664
CHEMBL602745,CS(=O)(=O)N1CC[C@@H](C1)N(Cc2ccccc2Cl)c3ccc(C#N)c(Cl)c3,4.0,C(c1ccc(N(Cc2ccccc2Cl)[C@@H]2CN(S(=O)(C)=O)CC2)cc1Cl)#N,AE{~B}{~B}DrAA{A**Q}{Ar}D{AasaaaaasZ}ataaa{A^D}a{Z}at,8.333333333333334
CHEMBL46,Cc1nccn1CC2CCc3c(C2=O)c4ccccc4n3C,1.67,C1(=O)C(Cn2ccnc2C)CCc2n(C)c3c(cccc3)c21,AardaadrAAsAAata{As~B}auaaaaaudtA,47.166666666666664
CHEMBL229948,Oc1ccccc1NC(=O)c2cc(ccc2Cl)[N+](=O)[O-],2.49,c1(NC(=O)c2c(Cl)ccc([N+]([O-])=O)c2)c(O)cccc1,BaraaaaarDA{~B}asaa{aaasZ}{D%}{~B}{B_},33.49999999999999
CHEMBL267044,CCN1CCC[C@H]1CNC(=O)c2cc(ccc2OC)S(=O)(=O)N,-0.84,COc1ccc(S(=O)(=O)N)cc1C(NC[C@@H]1CCCN1CC)=O,AADrAAA{A*Q}rADA{~B}asaa{aaasBA}E{~B}{~B}D,89.0
CHEMBL1270874,CS(=O)(=O)c1cccc(Nc2nccc(Nc3cccc4ocnc34)n2)c1,2.9,O=S(C)(=O)c1cc(Nc2nc(Nc3c4c(ccc3)ocn4)ccn2)ccc1,AE{~B}{~B}araaaa{Dasdaaa{Dataaaaubadatu}ds}ar,26.666666666666668
CHEMBL1880028,ONC(=O)Cc1ccc(Oc2ccccc2)cc1,2.03,N(C(Cc1ccc(Oc2ccccc2)cc1)=O)O,BDA{~B}Aaraaa{Basaaaaas}aar,41.16666666666667
CHEMBL179128,Cc1cn(C[C@H]2CN(C(=O)O2)c3ccc(C4=CCS(=O)(=O)CC4)c(F)c3)nn1,1.25,O1C(=O)N(c2cc(F)c(C3=CCS(=O)(=O)CC3)cc2)C[C@@H]1Cn1nnc(C)c1,Aarad{A{A*Q}sAD{A{~B}Bs}ataaa{Au~AAE{~B}{~B}AAu}a{G}at}ddr,54.166666666666664
CHEMBL87785,C[C@H](CNCCc1ccncc1)c2c([nH]c3ccc(cc23)C(C)(C)C(=O)N4C5CCC4CC5)c6cc(C)cc(C)c6,4.35,c1c2c([C@@H](CNCCc3ccncc3)C)c(-c3cc(C)cc(C)c3)[nH]c2ccc1C(C)(C)C(N1C2CCC1CC2)=O,A{A*Q}{ADAAaraadaar}asa{{dQ}ataaa{aast}A{A}{A}A{~B}DuAvAAAuAAv}awaa{A}aa{A}aw,2.5000000000000058
CHEMBL477786,CC(C)n1c(C)ncc1c2ccnc(Nc3ccc(cc3)N4CCN(CC4)C(=O)CO)n2,1.69,n1cc(-c2ccnc(Nc3ccc(N4CCN(C(=O)CO)CC4)cc3)n2)n(C(C)C)c1C,AA{A}dra{A}daarasaada{Dataaa{aat}DuAAD{AAu}A{~B}AB}ds,46.833333333333336
CHEMBL2036778,CCN1CCC[C@H](C1)C(=O)N2CCN(CC2)C(=O)Nc3ccc(Cl)c(Cl)c3,1.6,O=C(N1CCN(C(=O)[C@H]2CN(CC)CCC2)CC1)Nc1ccc(Cl)c(Cl)c1,AADrAAA{A*Q}{Ar}A{~B}DsAAD{AAs}A{~B}Dataaa{Z}a{Z}at,48.333333333333336
CHEMBL118,Cc1ccc(cc1)c2cc(nn2c3ccc(cc3)S(=O)(=O)N)C(F)(F)F,3.42,c1(-c2ccc(C)cc2)cc(C(F)(F)F)nn1-c1ccc(S(=O)(N)=O)cc1,Aaraaa{aar}asaa{ddsataaa{aat}E{~B}{~B}D}A{G}{G}G,18.0
CHEMBL279200,C(Oc1cccc2ccccc12)C3=NCCN3,0.68,C1(COc2c3ccccc3ccc2)=NCCN1,A{Baraaaasaaaaars}At~DAADt,63.666666666666664
CHEMBL1934267,CC(C)n1nc(C)c(C(=O)N[C@@H](C)C(C)(C)C)c1NS(=O)(=O)c2ccc(C)cc2,0.97,n1(C(C)C)c(NS(=O)(=O)c2ccc(C)cc2)c(C(N[C@H](C(C)(C)C)C)=O)c(C)n1,AA{A}drda{A}a{A{~B}D{A**Q}{A}A{A}{A}A}arDE{~B}{~B}asaaa{A}aas,58.833333333333336
CHEMBL407,CCOC(=O)c1ncn2c1CN(C)C(=O)c3cc(F)ccc23,1.1,c1(C(=O)OCC)c2n(cn1)-c1ccc(F)cc1C(=O)N(C)C2,AABA{~B}ardadsarAD{A}A{~B}ataa{G}aaast,56.666666666666664
CHEMBL62,CN1CCc2cc(Cl)c(O)cc2[C@H](C1)c3ccccc3,2.5,c1c(Cl)c(O)cc2c1CCN(C)C[C@@H]2c1ccccc1,ADrAAasaa{Z}a{B}aas{A*Q}{Ar}ataaaaat,33.333333333333336
CHEMBL1513,CCCCC1=NC2(CCCC2)C(=O)N1Cc3ccc(cc3)c4ccccc4c5nn[nH]n5,1.29,c1cccc(-c2ccc(CN3C(=O)C4(CCCC4)N=C3CCCC)cc2)c1-c1n[nH]nn1,AAAAAr~DAs{AAAAs}A{~B}DrAataaa{aat}auaaaaauavdd{dQ}dv,53.5
CHEMBL402561,CCNC(=O)OC[C@@H](C)N(c1cc(Cl)ccc1CO)S(=O)(=O)c2ccc(Cl)cc2,3.4,OCc1c(N([C@@H](COC(NCC)=O)C)S(=O)(c2ccc(Cl)cc2)=O)cc(Cl)cc1,AADA{~B}BA{A**Q}{A}D{araa{Z}aaarAB}E{~B}{~B}asaaa{Z}aas,18.333333333333336
CHEMBL244183,C1Oc2ccc(Oc3cc(Oc4ccc(cc4)n5ccnc5)ncn3)cc2O1,3.17,c1nc(Oc2ccc(-n3ccnc3)cc2)cc(Oc2ccc3c(c2)OCO3)n1,ArBasaaa{Bataa{Bauaaa{aau}dvaadav}dadt}aasBr,22.166666666666668
CHEMBL66761,O=C1NN=C(Cc2ccccc2)c3ccccc13,2.8,c12c(Cc3ccccc3)n[nH]c(=O)c1cccc2,B~ArDD~A{Aasaaaaas}ataaaaart,28.33333333333334
CHEMBL1721885,Cc1[nH]c(\C=C\2/C(=O)Nc3ccc(F)cc23)c(C)c1C(=O)NC[C@H](O)CN4CCOCC4,2.22,c1(C)c(C(NC[C@@H](CN2CCOCC2)O)=O)c(C)c(/C=C2\C(=O)Nc3c2cc(F)cc3)[nH]1,Aar{dQ}a{!A~A!s|A{~B}Dataaa{G}aast}a{A}arA{~B}DA{A*Q}{B}ADuAABAAu,37.99999999999999
CHEMBL1539037,COc1ccc(NC(=O)CCc2c(C)nc3nc(C)nn3c2C)cc1,1.4,Cc1nc2nc(C)c(CCC(Nc3ccc(OC)cc3)=O)c(C)n2n1,ABaraaa{DA{~B}AAasa{A}datda{A}ddtasA}aar,51.666666666666664
CHEMBL2178369,Cc1nc(C)c(nc1C(=O)N)c2ccc3c(CC[C@@]34CC[C@H](Cc5nnn[nH]5)CC4)c2,2.0,n1nn[nH]c1C[C@H]1CC[C@]2(CC1)CCc1c2ccc(-c2c(C)nc(C)c(C(N)=O)n2)c1,Aarda{A}a{darA{~B}D}asaaata{AA{A**}tuAA{A*Q}{Aavddd{dQ}v}AAu}as,41.666666666666664
CHEMBL2010847,CO[C@H]1CN(Cc2ccc(cc2)C(F)(F)F)CC[C@H]1N(C)C(=O)Cc3ccc(cc3)n4cnnn4,3.0,c1(-n2cnnn2)ccc(CC(=O)N([C@H]2[C@@H](OC)CN(Cc3ccc(C(F)(F)F)cc3)CC2)C)cc1,AB{A*Q}rAD{Aasaaa{aas}A{G}{G}G}AA{A*Q}rD{A}A{~B}Aataaa{aat}duadddu,25.0
CHEMBL298019,CCOC(=O)c1ccc(OCCC2CCN(CC2)c3ccc(C)nn3)cc1,4.42,c1(C(OCC)=O)ccc(OCCC2CCN(c3ccc(C)nn3)CC2)cc1,AABA{~B}araaa{BAAAsAAD{AAs}ataaa{A}ddt}aar,1.3333333333333346
CHEMBL1257015,COc1ccc(cc1C(=O)NCc2cccnc2)C(=O)NCc3cccnc3,1.23,C(NC(=O)c1cc(C(NCc2cccnc2)=O)ccc1OC)c1cnccc1,ABaraaa{aarA{~B}DAasaaadas}A{~B}DAataaadat,54.5
CHEMBL452021,CN(C)CCOc1ccc(cc1)c2cc(C(=O)N)c(NC(=O)N)s2,1.16,NC(c1cc(-c2ccc(OCCN(C)C)cc2)sc1NC(=O)N)=O,AD{A}AABaraaa{aar}asaa{A{~B}D}a{DA{~B}D}es,55.666666666666664
CHEMBL2347404,Fc1cccc(COc2ccc(Nc3ncnc4ccc(cc34)c5cccc(c5)N6CCOCC6)cc2Cl)c1,3.2,c12c(Nc3ccc(OCc4cccc(F)c4)c(Cl)c3)ncnc1ccc(-c1cccc(N3CCOCC3)c1)c2,Garaaaa{ABasaaa{Datdadauaaa{aatu}avaaaa{av}DwAABAAw}aasZ}ar,21.66666666666666
CHEMBL2171044,Clc1ccc(OC2CCN(CC2)C3CCN(CC3)C(=O)NS(=O)(=O)c4cccc(c4)C#N)cc1Cl,1.81,c1c(C#N)cc(S(=O)(=O)NC(=O)N2CCC(N3CCC(Oc4ccc(Cl)c(Cl)c4)CC3)CC2)cc1,Zaraaa{BAsAAD{AAs}AtAAD{AAt}A{~B}DE{~B}{~B}auaaaa{au}A^D}aarZ,44.833333333333336
CHEMBL1891277,Cc1ccc(cc1)c2cc(C(=O)N3CCOCC3)c4cc(C)ccc4n2,3.6,c1(C(=O)N2CCOCC2)c2cc(C)ccc2nc(-c2ccc(C)cc2)c1,Aaraaa{aar}asaa{A{~B}DtAABAAt}auaa{A}aaauds,14.999999999999998
CHEMBL1078411,N[C@@H](Cc1cccs1)C(=O)N[C@@]2(C[C@@H]2c3ccccc3)C#N,1.3,c1(C[C@H](N)C(=O)N[C@]2(C#N)C[C@@H]2c2ccccc2)sccc1,D{A**Q}{Aaraaaer}A{~B}D{A**}s{A{A**Q}sataaaaat}A^D,53.333333333333336
CHEMBL2153189,CCCSc1nc(ccc1C(=O)NC2CCCCC2)N3CCC(CC3)C(=O)O,1.6,C1CC(C(O)=O)CCN1c1nc(SCCC)c(C(=O)NC2CCCCC2)cc1,AAAEarda{aaarA{~B}DAsAAAAAs}DtAAA{AAt}A{~B}B,48.333333333333336
CHEMBL109514,Fc1ccc(cc1)C(COCc2cc(cc(c2)C(F)(F)F)C(F)(F)F)N3CCNCC3,3.0,c1(C(N2CCNCC2)COCc2cc(C(F)(F)F)cc(C(F)(F)F)c2)ccc(F)cc1,Garaaa{aar}A{ABAasaa{aa{as}A{G}{G}G}A{G}{G}G}DtAADAAt,25.0
CHEMBL135386,CC(C)(C)C(O)\C(=C/c1ccc(Cl)cc1Cl)\n2cncn2,3.8,n1(/C(=C/c2c(Cl)cc(Cl)cc2)C(O)C(C)(C)C)ncnc1,AA{A}{A}A{B}!A{~A|araaa{Z}aarZ}!dsadads,11.66666666666667
CHEMBL287726,C[C@@H]1C2CCCC1(CCN2C)c3cccc(O)c3,0.52,C12(c3cccc(O)c3)CCN(C)C(CCC1)[C@H]2C,A{A**Q}rAsAAAAr{AADsA}ataaaa{B}at,66.33333333333333
CHEMBL1949859,Fc1cc2N=CNC(=O)c2cc1F,1.5,c1c2nc[nH]c(=O)c2cc(F)c1F,GaraasD~ADA{~B}asaarG,50.0
CHEMBL191528,CCOc1ccc2C=CC(=O)Oc2c1,2.2,c1c2ccc(OCC)cc2oc(=O)c1,AABaraaasA~AA{~B}Basar,38.33333333333333
CHEMBL381724,COc1cc2c(Nc3cnc(NC(=O)c4ccccc4)nc3)ncnc2cc1OCCCN5CCOCC5,2.7,N(C(c1ccccc1)=O)c1ncc(Nc2ncnc3cc(OCCCN4CCOCC4)c(OC)cc32)cn1,ABaraasa{Datada{DA{~B}auaaaaau}dat}dadasaarBAAADvAABAAv,29.999999999999996
CHEMBL190,CN1C(=O)N(C)c2nc[nH]c2C1=O,-0.09,O=c1n(C)c(=O)c2c(nc[nH]2)n1C,ADrA{~B}D{A}asda{dQ}asAr~B,76.5
CHEMBL485240,CCCS(=O)(=O)c1ccc(Nc2nccc(n2)c3cnc(C)n3C(C)C)cc1,3.37,S(=O)(CCC)(c1ccc(Nc2nc(-c3n(C(C)C)c(C)nc3)ccn2)cc1)=O,AAAE{~B}{~B}araaa{Dasdaaa{ds}atada{A}dtA{A}A}aar,18.833333333333332
CHEMBL300940,COc1cc(ccc1Cn2ccc3ccc(NC(=O)OC4CCCC4)cc23)C(=O)O,2.1,C(n1ccc2ccc(NC(OC3CCCC3)=O)cc21)c1ccc(C(O)=O)cc1OC,ABaraa{aaarAdsaaataaa{DA{~B}BAuAAAAu}aast}A{~B}B,40.0
CHEMBL2207217,Brc1cnc(Nc2cccc(NC(=O)N3CCCC3)c2)nc1NCCCNC(=O)c4cccs4,4.13,n1cc(Br)c(NCCCNC(c2cccs2)=O)nc1Nc1cccc(NC(N2CCCC2)=O)c1,Yarada{Dasaaaa{DA{~B}DtAAAAt}as}darDAAADA{~B}auaaaeu,6.166666666666669
CHEMBL1807825,CCOc1ccc(CCNCCCSCCNC[C@H](O)c2ccc(O)c3NC(=O)Sc23)cc1,0.41,O[C@@H](CNCCSCCCNCCc1ccc(OCC)cc1)c1ccc(O)c2[nH]c(=O)sc21,AABaraaa{AADAAAEAADA{A*Q}{B}asaaa{B}atDA{~B}East}aar,68.16666666666667
CHEMBL477567,CC(C)n1c(C)ncc1c2ccnc(Nc3ccc(cc3)N4CCN(CC4)S(=O)(=O)C)n2,2.57,C1CN(c2ccc(Nc3nccc(-c4n(C(C)C)c(C)nc4)n3)cc2)CCN1S(=O)(=O)C,AA{A}dra{A}daarasaada{Dataaa{aat}DuAAD{AAu}E{~B}{~B}A}ds,32.16666666666667
CHEMBL1071,OC(=O)CCc1oc(c2ccccc2)c(n1)c3ccccc3,1.2,C(c1nc(-c2ccccc2)c(-c2ccccc2)o1)CC(=O)O,BA{~B}AAarba{asaaaaas}a{dr}ataaaaat,55.0
CHEMBL402507,C[C@@H](Oc1cccc2ncnc(Nc3ccc(Oc4ccc(C)nc4)c(C)c3)c12)C(=O)N5CCOCC5,4.14,c1nc(C)ccc1Oc1ccc(Nc2ncnc3cccc(O[C@H](C)C(N4CCOCC4)=O)c32)cc1C,A{A**Q}{Baraaaasdada{Dataaa{Bauaaa{A}dau}a{A}at}ars}A{~B}DvAABAAv,6.000000000000004
CHEMBL2172002,COc1ccc(nc1OC)N2CCN([C@H](C)C2)C(=O)[C@@H]3CCCC[C@H]3C(=O)NC4(CC4)C#N,2.3,c1c(N2C[C@@H](C)N(C([C@@H]3CCCC[C@H]3C(NC3(C#N)CC3)=O)=O)CC2)nc(OC)c(OC)c1,ABaraaa{darBA}DsAAD{{A*Q}{A}As}A{~B}{A**Q}tAAAA{A*Q}tA{~B}DAu{AAu}A^D,36.66666666666667
CHEMBL1775179,CC(C)OC(=O)N1CCC(CC1)Oc2ncnc3c2cnn3c4ccc(cc4F)S(=O)(=O)C,3.0,c1(OC2CCN(C(=O)OC(C)C)CC2)c2cnn(-c3ccc(S(C)(=O)=O)cc3F)c2ncn1,AA{A}BA{~B}DrAAA{AAr}Basdadatasaddtauaaa{aauG}E{~B}{~B}A,25.0
CHEMBL208118,COc1cc2ncnc(Nc3cccc(Cl)c3F)c2cc1CN(C)[C@H](C)C(=O)N,3.44,NC(=O)[C@@H](C)N(Cc1c(OC)cc2c(c1)c(Nc1cccc(Cl)c1F)ncn2)C,ABaraasdada{Dataaaa{Z}atG}asaarAD{A}{A*Q}{A}A{~B}D,17.666666666666668
CHEMBL117711,N(c1cccnc1)c2ncnc3ccccc23,1.57,c1ccc2c(c1)c(Nc1cccnc1)ncn2,D{araaadar}asdadataaaaast,48.833333333333336
CHEMBL1770476,CCOc1ccc2oc(C(=O)NC(CCSC)c3nc4cnccc4[nH]3)c(C)c2c1,4.31,c1cc2[nH]c(C(NC(c3c(C)c4c(ccc(OCC)c4)o3)=O)CCSC)nc2cn1,AABaraaasba{A{~B}DA{AAEA}atdauadaaau{dQ}t}a{A}asar,3.166666666666673
CHEMBL184189,COCCOc1ccc(cc1)C(=O)Nc2cc(NC(=O)c3cccc(c3)N(C)C)ccc2C,2.74,C(c1cc(N(C)C)ccc1)(Nc1cc(NC(c2ccc(OCCOC)cc2)=O)c(C)cc1)=O,ABAABaraaa{aar}A{~B}Dasaa{DA{~B}ataaaa{at}D{A}A}aaasA,29.33333333333333
CHEMBL2323239,O=C(CSC1=NC2=C(SCC2)C(=O)N1c3ccccc3)Nc4ncc(s4)c5ccccc5,3.95,O=c1c2c(nc(SCC(=O)Nc3ncc(-c4ccccc4)s3)n1-c1ccccc1)CCS2,B~A{AEAr~DAs~A{EAAs}A{~B}Drataaaaat}Daudaa{eu}avaaaaav,9.166666666666664
CHEMBL2086680,CC(C)(C)OC(=O)N1CCN(CC1)c2ncc(OCc3ccncc3C#N)cn2,2.81,C(Oc1cnc(N2CCN(C(=O)OC(C)(C)C)CC2)nc1)c1ccncc1C#N,AA{A}{A}BA{~B}DrAAD{AAr}asdaa{BAataadaatA^D}ads,28.166666666666668
CHEMBL2078762,NC(=O)Nc1cc(sc1C(=O)N[C@H]2CCCNC2)c3ccc(cc3)C#N,0.61,[C@@H]1(NC(c2sc(-c3ccc(C#N)cc3)cc2NC(=O)N)=O)CNCCC1,DA{~B}Daraa{earA{~B}D{A*Q}sAAADAs}ataaa{aat}A^D,64.83333333333333
CHEMBL1282,CC(C)Cn1cnc2c(N)nc3ccccc3c12,2.52,C(C)(Cn1cnc2c(N)nc3c(cccc3)c12)C,AA{A}Adradasa{D}dataaaaatars,33.0
CHEMBL2059862,Cc1ccc(cc1NC(=O)c2ccc(OCc3ccccn3)cc2)c4ncc(C)n4C,2.67,c1cc(COc2ccc(C(=O)Nc3c(C)ccc(-c4n(C)c(C)cn4)c3)cc2)ncc1,Aaraaa{aarDA{~B}asaaa{BAataaaadt}aas}audaa{A}duA,30.5
CHEMBL15770,C[S+]([O-])c1ccc(\C=C/2\C(=C(CC(=O)O)c3cc(F)ccc23)C)cc1,-0.01,c1c2c(ccc1F)/C(=C\c1ccc([S+]([O-])C)cc1)C(C)=C2CC(=O)O,A{E%}{{B_}}araaa{!A~A|s!A{~A{AA{~B}B}ataa{G}aaast}A}aar,75.16666666666667
CHEMBL13030,CN1C2CC(CC1C3OC23)OC(=O)C(CO)c4ccccc4,0.17,C(C(c1ccccc1)CO)(OC1CC2C3OC3C(N2C)C1)=O,ADrAsAA{AArAtBAst}BA{~B}A{AB}auaaaaau,72.16666666666667
CHEMBL1800472,CN(CCNC[C@H](O)c1ccc(O)c2NC(=O)Sc12)C(=O)CCOCCc3ccccc3,1.21,C(CNC[C@@H](c1ccc(O)c2[nH]c(=O)sc12)O)N(C)C(=O)CCOCCc1ccccc1,AD{AADA{A*Q}{B}araaa{B}asDA{~B}Ears}A{~B}AABAAataaaaat,54.833333333333336
CHEMBL107367,Cc1oc(nc1CCOc2ccc(C[C@H](Nc3ccccc3C(=O)c4ccccc4)C(=O)O)cc2)c5ccccc5,3.5,Cc1c(CCOc2ccc(C[C@@H](C(=O)O)Nc3c(C(=O)c4ccccc4)cccc3)cc2)nc(-c2ccccc2)o1,Aarba{darAABasaaa{A{A*Q}{DataaaaatA{~B}auaaaaau}A{~B}B}aas}avaaaaav,16.666666666666668
CHEMBL570,CN(C)CCCN1c2ccccc2Sc3ccc(cc13)C(F)(F)F,3.59,CN(C)CCCN1c2cc(C(F)(F)F)ccc2Sc2c1cccc2,AD{A}AAADrasaaaaasEataaa{aart}A{G}{G}G,15.16666666666667
CHEMBL2087861,CCN1C(=O)N(CC2CC2)c3nn(Cc4ccnc5ccc(Cl)cc45)c(c3C1=O)c6cc(cn6C)C#N,4.13,C1(Cn2c3c(c(-c4n(C)cc(C#N)c4)n(Cc4ccnc5c4cc(Cl)cc5)n3)c(=O)n(CC)c2=O)CC1,AADrA{~B}D{AAsAAs}atdd{Aauaadavaaa{Z}aauv}a{atAr~B}awaa{adwA}A^D,6.166666666666669
CHEMBL1409708,CN(C)c1ccnc2sc(C(=O)N)c(N)c12,1.7,Nc1c(C(N)=O)sc2nccc(N(C)C)c12,AD{A}araadasea{A{~B}D}a{D}ars,46.666666666666664
CHEMBL1269107,CC1=C(C(=O)c2cc(O)c(O)c(Cc3ccccc3)c2C1=O)C4=C(C)C(=O)c5c(Cc6ccccc6)c(O)c(O)cc5C4=O,2.73,c1(Cc2c3c(cc(O)c2O)C(=O)C(C2=C(C)C(=O)c4c(cc(O)c(O)c4Cc4ccccc4)C2=O)=C(C)C3=O)ccccc1,AAr~A{A{~B}asaa{B}a{B}a{Aataaaaat}asAr~B}Au~A{A}A{~B}ava{Aawaaaaaw}a{B}a{B}aavAu~B,29.5
CHEMBL452529,CN(C)CCCOc1ccc(cc1)c2cc(C(=O)N)c(NC(=O)N)s2,0.64,N(CCCOc1ccc(-c2cc(C(N)=O)c(NC(N)=O)s2)cc1)(C)C,AD{A}AAABaraaa{aar}asaa{A{~B}D}a{DA{~B}D}es,64.33333333333333
CHEMBL1287979,COc1cccc(c1)c2cc3c(N[C@H]4CCCNC4)ncc(C(=O)N)c3s2,1.82,s1c2c(C(N)=O)cnc(N[C@@H]3CNCCC3)c2cc1-c1cc(OC)ccc1,ABaraaaa{ar}asaata{D{A*Q}uAAADAu}daa{A{~B}D}ates,44.666666666666664
CHEMBL637,COc1ccc(cc1)C(CN(C)C)C2(O)CCCCC2,0.99,C1C(O)(C(c2ccc(OC)cc2)CN(C)C)CCCC1,ABaraaa{aar}A{AD{A}A}As{B}AAAAAs,58.5
CHEMBL402208,Cc1cc(CN2CCC2)cnc1c3ccc(cc3)C(=O)Nc4ccccc4N,1.18,c1c(C)c(-c2ccc(C(=O)Nc3ccccc3N)cc2)ncc1CN1CCC1,Aaraa{ADsAAAs}adarataaa{aat}A{~B}DauaaaaauD,55.333333333333336
CHEMBL172714,Cc1oc2C=NN(B(O)c2c1)S(=O)(=O)c3ccc(C)cc3,-0.28,O=S(=O)(N1B(O)c2cc(C)oc2C=N1)c1ccc(C)cc1,AarbasA~DD{J{B}asar}E{~B}{~B}ataaa{A}aat,79.66666666666667
CHEMBL455467,CC(C)n1c(C)ncc1c2ccnc(Nc3ccc(cc3)C(=O)N4CCN(C)CC4)n2,2.1,n1c(C)n(C(C)C)c(-c2ccnc(Nc3ccc(C(N4CCN(C)CC4)=O)cc3)n2)c1,AA{A}dra{A}daarasaada{Dataaa{aat}A{~B}DuAAD{A}AAu}ds,40.0
CHEMBL112994,Oc1ccc(CCNCCNS(=O)(=O)CCOCCCc2ccccc2)c3sc(O)nc13,2.22,c1c(O)c2nc(O)sc2c(CCNCCNS(=O)(=O)CCOCCCc2ccccc2)c1,Baraaa{AADAADE{~B}{~B}AABAAAasaaaaas}atea{B}dart,37.99999999999999
CHEMBL1809221,COc1cc(ccc1Nc2ncc(Cl)c(n2)c3cnc4cc(ccn34)C#N)N5CCN(CC5)C(=O)C,2.3,Clc1c(-c2n3c(nc2)cc(C#N)cc3)nc(Nc2c(OC)cc(N3CCN(C(=O)C)CC3)cc2)nc1,ABaraa{aaarDasdaa{Z}a{ds}atadauaa{aadtu}A^D}DvAAD{AAv}A{~B}A,36.66666666666667
CHEMBL226960,COC(=O)c1ccc(cc1)C(C)N2NC(=O)C3=C(C2=O)C(=O)c4ccc(Cl)cc4N3,1.3,c1c(C(C)n2c(=O)c3c(=O)c4c(cc(Cl)cc4)[nH]c3c(=O)[nH]2)ccc(C(=O)OC)c1,ABA{~B}araaa{aar}A{A}DsDA{~B}At~A{As~B}A{~B}auaaa{Z}aauDt,53.333333333333336
CHEMBL1346,NC(=O)C([C@@H]1CCN(CCc2ccc3OCCc3c2)C1)(c4ccccc4)c5ccccc5,2.79,c1cc(C([C@@H]2CCN(CCc3ccc4c(c3)CCO4)C2)(c2ccccc2)C(N)=O)ccc1,DA{~B}A{{A**Q}rAAD{AAasaaatBAAatas}Ar}{auaaaaau}avaaaaav,28.5
CHEMBL1829250,CCC(N(CCCN)C(=O)c1ccc(C)cc1)C2=Nc3ccsc3C(=O)N2Cc4ccc(C)cc4,1.69,c12c(=O)n(Cc3ccc(C)cc3)c(C(CC)N(C(=O)c3ccc(C)cc3)CCCN)nc1ccs2,AAA{D{AAAD}A{~B}araaa{A}aar}As~DataaeatA{~B}DsAauaaa{A}aau,46.833333333333336
CHEMBL1789187,NCC[C@@H](Oc1nc(ccc1C#N)C(F)(F)F)c2oncc2,-0.49,[C@@H](Oc1nc(C(F)(F)F)ccc1C#N)(CCN)c1oncc1,DAA{A**Q}{Barda{aaarA^D}A{G}{G}G}asbdaas,83.16666666666667
CHEMBL214304,Cc1ccc2c(c1)c(c(C)n2CC(=O)O)c3ccnc4cc(ccc34)C(F)(F)F,1.78,c12n(CC(O)=O)c(C)c(-c3c4c(cc(C(F)(F)F)cc4)ncc3)c1cc(C)cc2,Aaraaasa{ar}a{a{A}dsAA{~B}B}ataadauaa{aaatu}A{G}{G}G,45.333333333333336
CHEMBL1241,CN(C)CCN(Cc1ccccc1)c2ccccn2,1.28,N(C)(C)CCN(Cc1ccccc1)c1ccccn1,AD{A}AAD{Aaraaaaar}asaaaads,53.666666666666664
CHEMBL1236962,COc1ncc(cc1NS(=O)(=O)c2ccc(F)cc2F)c3ccc4nccc(c5ccnnc5)c4c3,2.5,O(c1c(NS(=O)(c2c(F)cc(F)cc2)=O)cc(-c2cc3c(cc2)nccc3-c2ccnnc2)cn1)C,ABardaa{aarDE{~B}{~B}asaaa{G}aasG}ataaaudaaa{avaaddav}auat,33.333333333333336
CHEMBL2171039,Clc1ccc(OC2CCN(CC2)C3CCN(CC3)C(=O)NS(=O)(=O)c4ccccc4Cl)cc1Cl,1.93,c1cc(Cl)c(Cl)cc1OC1CCN(C2CCN(C(=O)NS(=O)(=O)c3ccccc3Cl)CC2)CC1,Zaraaa{BAsAAD{AAs}AtAAD{AAt}A{~B}DE{~B}{~B}auaaaaauZ}aarZ,42.833333333333336
CHEMBL429,CC(CCc1ccccc1)NCC(O)c2ccc(O)c(c2)C(=O)N,1.06,NC(=O)c1c(O)ccc(C(CNC(C)CCc2ccccc2)O)c1,AA{AAaraaaaar}DAA{B}asaaa{B}a{as}A{~B}D,57.333333333333336
CHEMBL86,CCN(CC)CCNC(=O)c1cc(Cl)c(N)cc1OC,0.34,Clc1c(N)cc(OC)c(C(=O)NCCN(CC)CC)c1,AAD{AA}AADA{~B}araa{Z}a{D}aarBA,69.33333333333333
CHEMBL113014,CC(C)C(NC(=O)CN1C(=O)C(=CC=C1c2ccccc2)NC(=O)NCc3ccccn3)C(=O)C(F)(F)F,2.15,c1cc(-c2ccc(NC(=O)NCc3ncccc3)c(=O)n2CC(=O)NC(C(C)C)C(C(F)(F)F)=O)ccc1,AA{A}A{DA{~B}ADrA{~B}A{~AA~Arasaaaaas}DA{~B}DAataaaadt}A{~B}A{G}{G}G,39.166666666666664
CHEMBL139,OC(=O)Cc1ccccc1Nc2c(Cl)cccc2Cl,1.08,c1ccc(Cl)c(Nc2ccccc2CC(=O)O)c1Cl,BA{~B}AaraaaaarDasa{Z}aaaasZ,57.0
CHEMBL1944694,COc1ccccc1CCNCc2ccc(CCNC[C@H](O)c3ccc(O)c4NC(=O)Sc34)cc2,0.8,c1ccc(CCNCc2ccc(CCNC[C@@H](c3ccc(O)c4[nH]c(=O)sc34)O)cc2)c(OC)c1,ABaraaaaarAADAasaaa{AADA{A*Q}{B}ataaa{B}auDA{~B}Eatu}aas,61.666666666666664
CHEMBL1881943,NC(=O)C1=CN(Cc2ccc(Cl)cc2Cl)C(=O)C=C1,2.36,Clc1cc(Cl)ccc1Cn1cc(C(=O)N)ccc1=O,DA{~B}Ar~AD{Aasaaa{Z}aasZ}A{~B}A~Ar,35.666666666666664
CHEMBL1441,CCc1cc(ccn1)C(=S)N,1.52,c1(CC)cc(C(N)=S)ccn1,AAaraa{aadr}A{~E}D,49.666666666666664
CHEMBL561771,COc1cccc(NC(=O)c2cccc(Cc3c(C)nn(CCO)c3c4ccccc4)c2)c1,4.29,c1c(NC(c2cc(Cc3c(-c4ccccc4)n(CCO)nc3C)ccc2)=O)cc(OC)cc1,ABaraaaa{DA{~B}asaaaa{Aata{A}dd{AAB}atauaaaaau}as}ar,3.4999999999999996
CHEMBL1472189,COc1ccc(CC(=O)Nc2nc3ccccc3[nH]2)cc1,2.9,c1c2c(ccc1)[nH]c(NC(=O)Cc1ccc(OC)cc1)n2,ABaraaa{AA{~B}Dasdataaaaat{dQ}s}aar,26.666666666666668
CHEMBL56942,COc1cc(OC)cc(c1)c2cc3cnc(N)nc3nc2N,2.14,c1c(OC)cc(-c2cc3cnc(N)nc3nc2N)cc1OC,ABaraa{BA}aa{ar}asaatada{D}datdasD,39.333333333333336
CHEMBL1078983,COc1ccc(cc1CO)c2ccc3c(nc(nc3n2)N4C[C@@H](C)O[C@@H](C)C4)N5CCOCC5,3.25,COc1c(CO)cc(-c2ccc3c(N4CCOCC4)nc(N4C[C@@H](C)O[C@@H](C)C4)nc3n2)cc1,ABaraaa{aarAB}asaaata{da{datds}DuA{A**Q}{A}B{A**Q}{A}Au}DvAABAAv,20.833333333333332
CHEMBL2346975,CC(=O)N1CCN(CCOc2ccc(cc2)C3(O)CCN(CC3)c4ccc5nnc(n5n4)C(F)(F)F)CC1,2.2,C1N(CCOc2ccc(C3(O)CCN(c4ccc5n(c(C(F)(F)F)nn5)n4)CC3)cc2)CCN(C(C)=O)C1,AA{~B}DrAAD{AABasaaa{aas}At{B}AAD{AAt}auaaavdda{dvdu}A{G}{G}G}AAr,38.33333333333333
CHEMBL551707,Clc1ccc2nc(ccc2c1C(=O)NCC34CC5CC(CC(C5)C3)C4)N6CCC[C@@H](C6)NCCc7nnn[nH]7,3.08,c1c(N2C[C@@H](NCCc3[nH]nnn3)CCC2)nc2c(c(C(NCC34CC5CC(CC(C3)C5)C4)=O)c(Cl)cc2)c1,Zaraaasda{aaasarA{~B}DAAtuAAvAA{AA{Av}At}Au}DwAAA{A**Q}{Aw}DAAaxddd{dQ}x,23.666666666666668
CHEMBL1917424,Cc1c(Sc2ccc(Cl)cc2)c3ccc(Cl)cc3n1CC(=O)O,2.51,c1c(Cl)ccc2c1n(CC(=O)O)c(C)c2Sc1ccc(Cl)cc1,Aara{Easaaa{Z}aas}ataaa{Z}aatdrAA{~B}B,33.16666666666667
CHEMBL1519083,Cc1nc2c(cnn2c(O)c1Cc3ccccc3)C#N,0.68,n1n2c(c(C#N)c1)nc(C)c(Cc1ccccc1)c2O,Aardasa{addsa{B}arAataaaaat}A^D,63.666666666666664
CHEMBL455428,CNC(=O)c1ccc(Nc2nccc(n2)c3cnc(C)n3C(C)C)cc1F,2.95,c1nc(C)n(C(C)C)c1-c1ccnc(Nc2cc(F)c(C(=O)NC)cc2)n1,ADA{~B}araaa{Dasdaaa{ds}atada{A}dtA{A}A}aarG,25.83333333333333
CHEMBL268313,CC12CCC3C(CCC4=CC(=O)CCC34C)C1CCC2O,3.3,C1=C2C(C)(CCC1=O)C1CCC3(C)C(CCC3O)C1CC2,AArsAAAtA{AAAu~AA{~B}AAAtuA}ArAAAsB,20.000000000000004
CHEMBL383669,CC(C)CN1C(=O)N(C)C(=O)c2c1sc(Cc3ccccc3C(F)(F)F)c2C(=O)N4CCCC4,3.8,c12c(=O)n(C)c(=O)n(CC(C)C)c1sc(Cc1ccccc1C(F)(F)F)c2C(N1CCCC1)=O,AA{A}ADrA{~B}D{A}A{~B}asarea{AataaaaatA{G}{G}G}asA{~B}DuAAAAu,11.66666666666667
CHEMBL1359240,O=C1N2CCS(=O)(=O)C2=Nc3ccccc13,0.8,c1cc2c(=O)n3c(nc2cc1)S(=O)(=O)CC3,B~ArDsAAE{~B}{~B}As~Dataaaaart,61.666666666666664
CHEMBL1486510,CCOC(=O)c1c(C)n(Cc2occc2)c3ccc(O)cc13,3.5,c12c(ccc(O)c1)n(Cc1occc1)c(C)c2C(OCC)=O,AABA{~B}ara{A}d{Aasbaaas}ataaa{B}aart,16.666666666666668
CHEMBL466006,Cc1cccc(NC(=O)c2ccc(c3ccccc3)c(c2)C#N)n1,3.71,c1c(C(=O)Nc2cccc(C)n2)ccc(-c2ccccc2)c1C#N,Aaraaaa{DA{~B}asaaa{ataaaaat}a{as}A^D}dr,13.166666666666666
CHEMBL1923435,CONC(=O)c1cnc(s1)N2CCC(CC2)NC(=O)c3[nH]c(C)c(Cl)c3Cl,3.1,N(OC)C(c1sc(N2CCC(NC(=O)c3[nH]c(C)c(Cl)c3Cl)CC2)nc1)=O,ABDA{~B}arada{er}DsAAA{AAs}DA{~B}at{dQ}a{A}a{Z}atZ,23.333333333333332
CHEMBL1288278,NC(=O)c1ccc(cc1)c2cc3c(N[C@H]4CCCNC4)ncc(C(=O)N)c3s2,0.28,NC(c1c2sc(-c3ccc(C(=O)N)cc3)cc2c(N[C@@H]2CNCCC2)nc1)=O,DA{~B}araaa{aar}asaata{D{A*Q}uAAADAu}daa{A{~B}D}ates,70.33333333333333
CHEMBL1477,COCc1c(nc(C(C)C)c(\C=C\[C@@H](O)C[C@@H](O)CC(=O)O)c1c2ccc(F)cc2)C(C)C,1.72,c1(/C=C/[C@H](C[C@H](CC(=O)O)O)O)c(-c2ccc(F)cc2)c(COC)c(C(C)C)nc1C(C)C,ABAara{da{A{A}A}a{!A~A!{A**Q}{B}A{A**Q}{B}AA{~B}B}arasaaa{G}aas}A{A}A,46.333333333333336
CHEMBL50973,[O-][N+](=O)c1ccc2C(=O)C(=O)c3ccccc3c2c1,2.56,c12c(ccc([N+]([O-])=O)c1)C(=O)C(=O)c1ccccc1-2,{B_}{D%}{~B}araaasA{~B}A{~B}ataaaaatasar,32.333333333333336
CHEMBL2349339,CCC[C@H](CO)Nc1nc(SCc2ccccc2)nc3nc(N)sc13,3.8,c1cccc(CSc2nc3nc(N)sc3c(N[C@H](CCC)CO)n2)c1,AAA{A*Q}{AB}Darda{EAasaaaaas}datda{D}eart,11.66666666666667
CHEMBL508739,CC(C)n1c(C)ncc1c2nc(Nc3ccc(C(=O)N(C)C)c(C)c3)ncc2F,2.86,C(n1c(C)ncc1-c1c(F)cnc(Nc2cc(C)c(C(=O)N(C)C)cc2)n1)(C)C,AA{A}dra{A}daarasda{Dataaa{A{~B}D{A}A}a{A}at}daasG,27.333333333333332
CHEMBL129814,CNC(=O)C1(CCN(CC[C@H](CN(C)C(=O)c2c(OC)c(cc3ccccc23)C#N)c4ccc(Cl)c(Cl)c4)CC1)N5CCCNC5=O,2.2,C1CN(CC[C@H](CN(C(c2c3c(cc(C#N)c2OC)cccc3)=O)C)c2ccc(Cl)c(Cl)c2)CCC1(C(=O)NC)N1C(=O)NCCC1,ADA{~B}Ar{AAD{AA{A*Q}{AD{A}A{~B}asa{BA}a{aataaaaast}A^D}auaaa{Z}a{Z}au}AAr}DvAAADAv~B,38.33333333333333
CHEMBL1824375,Oc1cccc(NC(=O)c2ccc(OCCCN3CCCC3)cc2OCc4cccnc4)c1,1.59,c1(NC(c2c(OCc3cccnc3)cc(OCCCN3CCCC3)cc2)=O)cccc(O)c1,Baraaaa{DA{~B}asaaa{BAAADtAAAAt}aasBAauaaadau}ar,48.5
CHEMBL807,CC12CC3CC(C)(C1)CC(N)(C3)C2,0.06,C12(C)CC3(N)CC(C)(CC(C3)C1)C2,AArsAAtAA{A}{Ar}AA{D}{At}As,74.00000000000001
CHEMBL2165060,CO[C@H]1CN(CCN2C(=O)C=Nc3ccc(OC)cc23)CC[C@@H]1NCc4cc5OCCOc5cn4,1.25,O(c1ccc2ncc(=O)n(CCN3CC[C@H](NCc4ncc5c(c4)OCCO5)[C@@H](OC)C3)c2c1)C,AB{A*Q}rAD{AADsA{~B}A~Dataaa{BA}aast}AA{A**Q}rDAauaavBAABavadu,54.166666666666664
CHEMBL1209511,Brc1ccc(s1)S(=O)(=O)NCC(N2CCCCCC2)c3ccccc3,3.52,N(CC(N1CCCCCC1)c1ccccc1)S(=O)(=O)c1sc(Br)cc1,Yaraaa{er}E{~B}{~B}DAA{DsAAAAAAs}ataaaaat,16.333333333333332
CHEMBL1586302,Cc1cc(Nc2ccc(F)cc2)nc(N)n1,2.08,c1(Nc2cc(C)nc(N)n2)ccc(F)cc1,Aaraa{Dasaaa{G}aas}da{D}dr,40.333333333333336
CHEMBL12132,CC(=O)Nc1ccccn1,0.5,c1cnc(NC(=O)C)cc1,AA{~B}Daraaaadr,66.66666666666667
CHEMBL1938680,Clc1ccc(cc1)c2oc(cc2)C(=O)Nc3ccc(cc3)N4CCNCC4,2.4,c1(N2CCNCC2)ccc(NC(=O)c2ccc(-c3ccc(Cl)cc3)o2)cc1,Zaraaa{aar}asba{aas}A{~B}Dataaa{aat}DuAADAAu,35.0
CHEMBL802,Nc1cc(nc(N)[n+]1[O-])N2CCCCC2,0.77,C1N(c2nc(N)[n+]([O-])c(N)c2)CCCC1,Daraa{da{D}{d%}r{B_}}DsAAAAAs,62.166666666666664
CHEMBL2035033,NC1(CCC1)c2ccc(cc2)c3c(ccn4ccnc34)c5ccccc5,2.0,c1cnc2c(-c3ccc(C4(N)CCC4)cc3)c(-c3ccccc3)ccn12,DAr{AAAr}asaaa{aas}ata{aaduaadatu}avaaaaav,41.666666666666664
CHEMBL322318,Oc1ccc(CCNCCS(=O)(=O)CCCOCCc2nccc3ccccc23)c4sc(O)nc14,2.35,c1cc2c(CCOCCCS(=O)(=O)CCNCCc3ccc(O)c4nc(O)sc43)nccc2cc1,Baraaa{AADAAE{~B}{~B}AAABAAasdaaataaaaast}auea{B}daru,35.833333333333336
CHEMBL1448393,CCOC(=O)c1ccccc1c2csc(NS(=O)(=O)c3ccc(Cl)cc3)n2,2.43,c1(-c2csc(NS(=O)(c3ccc(Cl)cc3)=O)n2)c(C(=O)OCC)cccc1,AABA{~B}araaaaarasaea{DE{~B}{~B}ataaa{Z}aat}ds,34.49999999999999
CHEMBL517859,CN1CCN(CC1)C(=O)c2cc(sc2NC(=O)N)c3ccccc3,2.17,c1(-c2ccccc2)cc(C(=O)N2CCN(C)CC2)c(NC(=O)N)s1,ADrAAD{AAr}A{~B}asaa{easDA{~B}D}ataaaaat,38.833333333333336
CHEMBL388474,Oc1ccc(cc1)N2C(=O)c3ccccc3C2=O,2.0,c12c(cccc1)C(=O)N(c1ccc(O)cc1)C2=O,Baraaa{aar}DsA{~B}ataaaaatAs~B,41.666666666666664
CHEMBL1868114,COCCNc1nc(NCc2ccccc2F)c3sccc3n1,3.4,c1ccc(CNc2c3c(nc(NCCOC)n2)ccs3)c(F)c1,ABAADarda{DAasaaaaasG}ateaaatdr,18.333333333333336
CHEMBL152676,Cn1cc(cc1C=O)C(=O)CCCCOc2ccc(cc2)C(=O)O,0.14,Cn1c(C=O)cc(C(=O)CCCCOc2ccc(C(=O)O)cc2)c1,Adraa{aarA~B}A{~B}AAAABasaaa{aas}A{~B}B,72.66666666666667
CHEMBL27759,Nc1ccccc1NC(=O)c2ccc(CNC(=O)OCc3cccnc3)cc2,1.26,N(Cc1ccc(C(Nc2ccccc2N)=O)cc1)C(OCc1cccnc1)=O,DaraaaaarDA{~B}asaaa{ADA{~B}BAataaadat}aas,54.0
CHEMBL2171047,Cc1ccc(cc1)S(=O)(=O)NC(=O)N2CCC(CC2)N3CCC(CC3)Oc4ccc(Cl)c(C)c4Cl,2.2,c1cc(C)ccc1S(NC(=O)N1CCC(N2CCC(Oc3ccc(Cl)c(C)c3Cl)CC2)CC1)(=O)=O,Aaraaa{aar}E{~B}{~B}DA{~B}DsAAA{AAs}DtAAA{AAt}Bauaaa{Z}a{A}auZ,38.33333333333333
CHEMBL2078754,CN1CCC(CC1)n2cc(cn2)c3cnc(N)c(c3)c4oc5cc(F)ccc5n4,3.35,C1CN(C)CCC1n1ncc(-c2cnc(N)c(-c3nc4c(o3)cc(F)cc4)c2)c1,ADrAAA{AAr}dsaa{ads}atada{D}a{at}aubavaa{G}aaavdu,19.166666666666664
CHEMBL570002,C[C@H](Nc1nc(Nc2cc(C)[nH]n2)cnc1C#N)c3ncc(F)cn3,1.96,n1cc(F)cnc1[C@@H](Nc1nc(Nc2cc(C)[nH]n2)cnc1C#N)C,A{A*Q}{Darda{Dasaa{A}{dQ}ds}adarA^D}atdaa{G}adt,42.333333333333336
CHEMBL1950857,CN[C@@H](C)C(=O)N[C@H](C(=O)N[C@H]1CCCN(CCc2ccc(C)cc2)C1)C(C)(C)C,2.05,c1(CCN2CCC[C@H](NC([C@H](C(C)(C)C)NC(=O)[C@@H](NC)C)=O)C2)ccc(C)cc1,AD{A**Q}{A}A{~B}D{A*Q}{A{~B}D{A*Q}rAAAD{AAasaaa{A}aas}Ar}A{A}{A}A,40.833333333333336
CHEMBL109205,CC(C)[C@@H](CN1CCCCC1)N(C)C(=O)Cc2ccc(Cl)c(Cl)c2,2.87,C(N(C)[C@H](CN1CCCCC1)C(C)C)(Cc1ccc(Cl)c(Cl)c1)=O,AA{A}{A**Q}{ADrAAAAAr}D{A}A{~B}Aasaaa{Z}a{Z}as,27.166666666666668
CHEMBL1497909,COc1ccc(cc1OC)C(=O)Nc2cccc(NC(=O)c3ccc(OC)c(OC)c3)n2,3.5,c1(NC(=O)c2ccc(OC)c(OC)c2)cccc(NC(=O)c2ccc(OC)c(OC)c2)n1,ABaraaa{aarBA}A{~B}Dasaaaa{DA{~B}ataaa{BA}a{BA}at}ds,16.666666666666668
CHEMBL57758,COc1cc2ncnc(Nc3ccc(F)c(Cl)c3)c2cc1OCCN4CCCC4,3.28,N(c1cc(Cl)c(F)cc1)c1c2c(cc(OC)c(OCCN3CCCC3)c2)ncn1,ABaraasdada{Dataaa{G}a{Z}at}asaarBAADuAAAAu,20.333333333333336
CHEMBL427486,CC(=O)NC[C@H]1CN(C(=O)O1)c2ccc(c(F)c2)n3ccnc3,0.7,c1n(-c2c(F)cc(N3C(=O)O[C@@H](CNC(C)=O)C3)cc2)ccn1,AA{~B}DA{A*Q}rAD{A{~B}Br}asaaa{a{G}as}dtaadat,63.333333333333336
CHEMBL334167,CN1SC(=O)c2cc(ccc12)S(=O)(=O)N,0.3,O=c1c2c(n(C)s1)ccc(S(N)(=O)=O)c2,ADrEA{~B}asaa{aaars}E{~B}{~B}D,70.0
CHEMBL1807815,Nc1nc(OC2CCCC2)nc3c1ncn3[C@@H]4O[C@H](CO)[C@@H](O)[C@H]4O,0.79,n1c(OC2CCCC2)nc(N)c2ncn([C@@H]3O[C@H](CO)[C@@H](O)[C@H]3O)c12,Darda{BAsAAAAs}datardadt{A**Q}uB{A*Q}{AB}{A**Q}{B}{A*Q}uB,61.833333333333336
CHEMBL320971,Cc1ncsc1CCOCCCS(=O)(=O)CCNCCc2ccc(O)c3nc(O)sc23,1.44,c1(O)nc2c(s1)c(CCNCCS(=O)(CCCOCCc1scnc1C)=O)ccc2O,AardaearAABAAAE{~B}{~B}AADAAasaaa{B}atda{B}east,51.0
CHEMBL1945291,COc1ccccc1CN(C)Cc2cccc(CCNC[C@H](O)c3ccc(O)c4NC(=O)Sc34)c2,1.52,c1cc(CCNC[C@@H](c2c3c([nH]c(=O)s3)c(O)cc2)O)cc(CN(Cc2c(OC)cccc2)C)c1,ABaraaaaarAD{A}Aasaaaa{AADA{A*Q}{B}ataaa{B}auDA{~B}Eatu}as,49.666666666666664
CHEMBL397192,OC1CCN(CC1)C(=O)CN2C(=O)C(Cc3ccccc23)NC(=O)c4cc5cc(Cl)sc5[nH]4,2.86,c1(Cl)sc2[nH]c(C(NC3Cc4ccccc4N(CC(N4CCC(O)CC4)=O)C3=O)=O)cc2c1,BArAAD{AAr}A{~B}ADsA{~B}A{Aataaaaast}DA{~B}auaavaa{Z}eav{dQ}u,27.333333333333332
CHEMBL1718800,C(Cc1nc2ccccc2[nH]1)Cc3nc4ccccc4[nH]3,3.5,c12c(nc(CCCc3nc4c([nH]3)cccc4)[nH]1)cccc2,A{Aardasaaaaas{dQ}r}Aatdauaaaaau{dQ}t,16.666666666666668
CHEMBL1917442,Cc1ccc2c(c1)c(Sc3ccccc3Cl)c(C)n2CC(=O)O,1.71,C(O)(=O)Cn1c2c(cc(C)cc2)c(Sc2c(Cl)cccc2)c1C,Aaraaasa{ar}a{EataaaaatZ}a{A}dsAA{~B}B,46.5
CHEMBL59438,Oc1ccc(cc1)c2ccc3cc(O)ccc3n2,3.1,c1c(O)ccc2nc(-c3ccc(O)cc3)ccc12,Baraaa{aar}asaaataa{B}aaatds,23.333333333333332
CHEMBL2087622,CN1C(=O)N(CC2CC2)c3nn(Cc4ccnc5ccc(Cl)cc45)c(c6oc(cc6C)C#N)c3C1=O,4.34,c1cnc2ccc(Cl)cc2c1Cn1c(-c2oc(C#N)cc2C)c2c(n1)n(CC1CC1)c(=O)n(C)c2=O,ADrA{~B}D{AAsAAs}atdd{Aauaadavaaa{Z}aauv}a{awba{aawA}A^D}atAr~B,2.666666666666669
CHEMBL2165057,CO[C@H]1CN(CCN2C(=O)C=Nc3ccc(OC)cc23)CC[C@H]1NCc4ccc5OCC(=O)Nc5n4,0.51,c1cc(OC)cc2c1ncc(=O)n2CCN1CC[C@@H](NCc2ccc3c(n2)NC(=O)CO3)[C@@H](OC)C1,AB{A*Q}rAD{AADsA{~B}A~Dataaa{BA}aast}AA{A*Q}rDAauaaavBAA{~B}Davdu,66.5
CHEMBL1951898,CCN(C1CCN(CC[C@H](N2CCN(CC2)S(=O)(=O)C(F)(F)F)c3ccccc3)CC1)C(=O)Cc4ccc(cc4)S(=O)(=O)C,2.86,C1CN(CC[C@@H](c2ccccc2)N2CCN(S(=O)(=O)C(F)(F)F)CC2)CCC1N(C(=O)Cc1ccc(S(C)(=O)=O)cc1)CC,AAD{ArAAD{AA{A*Q}{DsAAD{AAs}E{~B}{~B}A{G}{G}G}ataaaaat}AAr}A{~B}Aauaaa{aau}E{~B}{~B}A,27.333333333333332
CHEMBL1224069,NC(=O)c1cccc(O[C@H]2C[C@H]3CC[C@@H](C2)N3Cc4ccccc4)n1,1.71,[C@@H]1(Oc2cccc(C(=O)N)n2)C[C@@H]2CC[C@@H](N2Cc2ccccc2)C1,DA{~B}araaaa{B{A*Q}sA{A*Q}tAA{A**Q}{As}DtAauaaaaau}dr,46.5
CHEMBL236779,NC1=NC(=CC(=O)N1)CCc2cccc(Br)c2,2.52,c1(CCc2cc(=O)[nH]c(N)n2)cc(Br)ccc1,DAr~DA{~AA{~B}Dr}AAasaaaa{Y}as,33.0
CHEMBL1363,COc1ccc(C[C@@H](C)NC[C@H](O)c2ccc(O)c(NC=O)c2)cc1,0.42,COc1ccc(C[C@@H](C)NC[C@H](O)c2cc(NC=O)c(O)cc2)cc1,ABaraaa{A{A**Q}{A}DA{A*Q}{B}asaaa{B}a{DA~B}as}aar,68.0
CHEMBL234952,OC[C@H](O)CN1C(=O)C(Cc2ccccc12)NC(=O)c3cc4cc(Cl)ccc4[nH]3,3.4,c1c(C(NC2C(=O)N(C[C@H](CO)O)c3ccccc3C2)=O)[nH]c2ccc(Cl)cc12,BA{A*Q}{B}ADrA{~B}A{Aasaaaaars}DA{~B}ataauaa{Z}aaau{dQ}t,18.333333333333336
CHEMBL189963,CC(=O)C1=C(C)c2cnc(Nc3ccc(cn3)N4CCNCC4)nc2N(C5CCCC5)C1=O,0.8,c1(=O)c(C(C)=O)c(C)c2cnc(Nc3ccc(N4CCNCC4)cn3)nc2n1C1CCCC1,AA{~B}Ar~A{A}asada{Dataaa{adt}DuAADAAu}dasD{AvAAAAv}Ar~B,61.666666666666664
CHEMBL1682947,CC[C@H](NC(=O)c1c([S+](C)[O-])c(nc2ccccc12)c3cccc(F)c3)c4ccccc4,3.14,c1cccc([C@H](CC)NC(c2c([S+]([O-])C)c(-c3cc(F)ccc3)nc3ccccc32)=O)c1,AA{A*Q}{DA{~B}ara{{E%}{A}{B_}}a{dasaaaaars}ataaaa{G}at}auaaaaau,22.666666666666668
CHEMBL2349321,CC(C)C[C@H](CO)Nc1nc(SCc2ccccc2)nc3NC(=O)Sc13,4.2,C(c1ccccc1)Sc1nc(N[C@H](CC(C)C)CO)c2c(n1)[nH]c(=O)s2,AA{A}A{A*Q}{AB}Darda{EAasaaaaas}datDA{~B}Eart,4.999999999999997
CHEMBL2036577,CC(=O)N1CCN(CC1)c2ccc(NC(=O)c3oc(Nc4ccccc4F)nn3)cc2,2.51,c1ccc(Nc2nnc(C(Nc3ccc(N4CCN(C(=O)C)CC4)cc3)=O)o2)c(F)c1,AA{~B}DrAAD{AAr}asaaa{DA{~B}atba{DauaaaaauG}ddt}aas,33.16666666666667
CHEMBL359810,CC1=C(C(=O)N(C[C@H](N)c2ccccc2)C(=O)N1Cc3c(F)cccc3F)c4ccccc4F,2.76,c1(F)c(Cn2c(=O)n(C[C@H](N)c3ccccc3)c(=O)c(-c3c(F)cccc3)c2C)c(F)ccc1,AAr~A{A{~B}D{A{A*Q}{D}asaaaaas}A{~B}DrAata{G}aaaatG}auaaaaauG,29.000000000000004
CHEMBL750,OS(=N)(=O)Cc1noc2ccccc12,0.55,N=S(Cc1noc2ccccc12)(O)=O,BE{~D}{~B}Aardbasaaaaars,65.83333333333333
CHEMBL555013,Clc1ccc2[nH]ccc2c1,3.28,c1(Cl)cc2c(cc1)[nH]cc2,Zaraaas{dQ}aaasar,20.333333333333336
CHEMBL327504,CN(C)C(=O)[C@H](Cc1ccccc1)NC(=O)c2cc3cc(F)ccc3[nH]2,3.5,c12ccc(F)cc1cc(C(N[C@@H](Cc1ccccc1)C(N(C)C)=O)=O)[nH]2,AD{A}A{~B}{A*Q}{Aaraaaaar}DA{~B}asaataa{G}aaat{dQ}s,16.666666666666668
CHEMBL304087,COc1cc(NC(=O)Nc2cccc(CNC(=O)O[C@H]3CCOC3)c2)ccc1c4ocnc4,3.6,o1c(-c2ccc(NC(=O)Nc3cc(CNC(O[C@H]4CCOC4)=O)ccc3)cc2OC)cnc1,ABaraa{DA{~B}Dasaaaa{ADA{~B}B{A*Q}tAABAt}as}aaaraubadau,14.999999999999998
CHEMBL11348,CCN1C(=O)N(CC)c2[nH]c(nc2C1=O)c3ccccc3,3.3,CCn1c(=O)n(CC)c2[nH]c(-c3ccccc3)nc2c1=O,AADrA{~B}D{AA}as{dQ}a{dasAr~B}ataaaaat,20.000000000000004
CHEMBL2024524,CN(C)C(=O)N[C@@H]1CC[C@@H](CCN2CCN(CC2)c3ccc(Cl)cc3)CC1,2.81,O=C(N[C@H]1CC[C@H](CCN2CCN(c3ccc(Cl)cc3)CC2)CC1)N(C)C,AD{A}A{~B}D{A**Q}rAA{A**Q}{AADsAAD{AAs}ataaa{Z}aat}AAr,28.166666666666668
CHEMBL2171035,Clc1ccc(cc1)S(=O)(=O)NC(=O)N2CCC(CC2)N3CCC(CC3)Oc4ccc(Cl)c(Cl)c4,2.59,O=S(c1ccc(Cl)cc1)(=O)NC(N1CCC(N2CCC(Oc3cc(Cl)c(Cl)cc3)CC2)CC1)=O,Zaraaa{aar}E{~B}{~B}DA{~B}DsAAA{AAs}DtAAA{AAt}Bauaaa{Z}a{Z}au,31.833333333333332
CHEMBL7728,CN1C(=O)NC(=O)C(C)(C2=CCCCC2)C1=O,1.5,C1CCC=C(C2(C)C(=O)N(C)C(=O)NC2=O)C1,ADrA{~B}DA{~B}A{A}{As~AAAAAs}Ar~B,50.0
CHEMBL1760039,COc1cc(Nc2nccc(Oc3cnc4ccccc4c3)n2)cc(OC)c1OC,3.41,O(C)c1c(OC)cc(Nc2nccc(Oc3cc4ccccc4nc3)n2)cc1OC,ABaraa{Dasdaaa{Batadauaaaaauat}ds}aa{BA}arBA,18.166666666666664
CHEMBL219916,Clc1ccc2N(C3CCN(CCCN4C(=O)Nc5ccccc45)CC3)C(=O)Nc2c1,3.45,C(CN1CCC(n2c3c(cc(Cl)cc3)[nH]c2=O)CC1)Cn1c(=O)[nH]c2ccccc12,ZaraaasD{AtAAD{AAADuA{~B}Davaaaaauv}AAt}A{~B}Dasar,17.499999999999996
CHEMBL320876,COc1cc(cc(OC)c1O)[C@H]2[C@@H]3C(COC3=O)C(O[C@@H]4O[C@@H]5CO[C@@H](C)O[C@H]5[C@H](O)[C@H]4O)c6cc7OCOc7cc26,0.91,[C@@H]1(OC2C3[C@H](C(=O)OC3)[C@H](c3cc(OC)c(O)c(OC)c3)c3cc4c(cc32)OCO4)O[C@H]2[C@@H](O[C@H](C)OC2)[C@H](O)[C@H]1O,ABaraa{aa{BA}arB}{A*Q}s{A**Q}tA{ABAt~B}A{B{A**Q}uB{A**Q}vAB{A**Q}{A}B{A*Q}v{A*Q}{B}{A*Q}uB}awaaxBABaxaasw,59.833333333333336
CHEMBL1255978,CC1=C(C(=O)Oc2cc(O)ccc12)c3ccc(O)cc3,2.8,c1(O)ccc(-c2c(=O)oc3cc(O)ccc3c2C)cc1,AAr~A{A{~B}Basaa{B}aaars}ataaa{B}aat,28.33333333333334
CHEMBL9,CCN1C=C(C(=O)O)C(=O)c2cc(F)c(cc12)N3CCNCC3,-0.87,c12c(c(=O)c(C(O)=O)cn1CC)cc(F)c(N1CCNCC1)c2,AADrA~A{A{~B}B}A{~B}asaa{G}a{aars}DtAADAAt,89.5
CHEMBL1951165,COc1cc(OC)c(cc1NC(=O)C)S(=O)(=O)N(C(C)C)c2ccccc2,1.6,c1cc(N(S(=O)(c2cc(NC(=O)C)c(OC)cc2OC)=O)C(C)C)ccc1,ABaraa{BA}a{aarDA{~B}A}E{~B}{~B}D{A{A}A}asaaaaas,48.333333333333336
CHEMBL117869,COC(=O)c1c(O)cccc1OC\C=C\c2ccc(F)c(c2)c3onc(c3)C(=O)O,0.66,OC(=O)c1noc(-c2cc(/C=C/COc3cccc(O)c3C(OC)=O)ccc2F)c1,ABA{~B}ara{B}aaaarBA!A~A!asaaa{G}a{as}atbda{at}A{~B}B,64.0
CHEMBL48082,Nc1nccc(n1)c2c[nH]c3ccccc23,1.68,c1cc(-c2c[nH]c3c2cccc3)nc(N)n1,Dardaaa{dr}asa{dQ}ataaaaast,47.0
CHEMBL2177607,OC(=O)c1ccc(cc1)n2ncc(C(=O)NC3C4CC5CC(CC3C5)C4)c2C(F)(F)F,1.5,c1(C(=O)O)ccc(-n2c(C(F)(F)F)c(C(NC3C4CC5CC(CC3C5)C4)=O)cn2)cc1,BA{~B}araaa{aar}dsdaa{A{~B}DAtAuAAvAA{AAtAv}Au}asA{G}{G}G,50.0
CHEMBL279416,Fc1ccc(cc1)c2ncn(C3CCNCC3)c2c4ccncc4,0.3,c1(-c2ccncc2)n(C2CCNCC2)cnc1-c1ccc(F)cc1,Garaaa{aar}asdad{AtAADAAt}asauaadaau,70.0
CHEMBL1829251,CCC(N(CCCN)C(=O)c1ccc(C)cc1)C2=Nc3ccsc3C(=O)N2Cc4ccc(OC)cc4,2.15,C(CN(C(=O)c1ccc(C)cc1)C(c1nc2c(c(=O)n1Cc1ccc(OC)cc1)scc2)CC)CN,AAA{D{AAAD}A{~B}araaa{A}aar}As~DataaeatA{~B}DsAauaaa{BA}aau,39.166666666666664
CHEMBL376632,Cc1cc(nc(n1)n2ccnc2)N3CCC[C@@H]3C(=O)NCCc4ccc5OCOc5c4,2.5,O1COc2c1ccc(CCNC([C@@H]1N(c3nc(-n4ccnc4)nc(C)c3)CCC1)=O)c2,Aaraa{da{dr}dsaadas}DtAAA{A**Q}tA{~B}DAAauaaavBABavau,33.333333333333336
CHEMBL2177603,CC(C)c1c(cnn1c2ccc(cc2)C(=O)O)C(=O)NC3C4CC5CC(CC3C5)C4,1.15,c1c(-n2c(C(C)C)c(C(=O)NC3C4CC5CC3CC(C4)C5)cn2)ccc(C(O)=O)c1,AA{A}ara{addrasaaa{aas}A{~B}B}A{~B}DAtAuAAvAA{AAtAv}Au,55.833333333333336
CHEMBL2035026,CCn1cnc2cnc(c3ccc(cc3)C4(N)CCC4)c(c5ccccc5)c12,2.0,c1cccc(-c2c(-c3ccc(C4(N)CCC4)cc3)ncc3ncn(CC)c32)c1,AAdradasada{ataaa{aat}Au{D}AAAu}a{avaaaaav}ars,41.666666666666664
CHEMBL488085,CC(C)n1c(C)ncc1c2ccnc(Nc3ccc(cc3)C(=O)N(C)C)n2,2.45,c1c(Nc2nc(-c3cnc(C)n3C(C)C)ccn2)ccc(C(=O)N(C)C)c1,AA{A}dra{A}daarasaada{Dataaa{aat}A{~B}D{A}A}ds,34.166666666666664
CHEMBL207100,CC(C)CN1C(=O)N(C)C(=O)c2c1sc(Cc3cncc4ccccc34)c2C(=O)N5CC[C@@H](O)C5,1.74,c1ncc(Cc2sc3n(CC(C)C)c(=O)n(C)c(=O)c3c2C(N2CC[C@@H](O)C2)=O)c2ccccc12,AA{A}ADrA{~B}D{A}A{~B}asarea{Aatadaauaaaaatu}asA{~B}DvAA{A**Q}{B}Av,46.0
CHEMBL49722,OCCNC(=O)COc1ccc(OCCNCC(O)COc2ccccc2)cc1,0.42,c1cc(OCCNCC(O)COc2ccccc2)ccc1OCC(NCCO)=O,BAADA{~B}ABaraaa{BAADAA{B}ABasaaaaas}aar,68.0
CHEMBL563886,CCc1cc(C(=O)N[C@@H](Cc2cccc(Cl)c2)C(=O)NCC#N)n(C)n1,2.6,n1c(CC)cc(C(N[C@H](C(NCC#N)=O)Cc2cc(Cl)ccc2)=O)n1C,AAaraa{A{~B}D{A**Q}{Aasaaaa{Z}as}A{~B}DAA^D}d{A}dr,31.666666666666668
CHEMBL487066,CC(C)n1c(C)ncc1c2ccnc(Nc3ccc(cc3)C(=O)NC4CC4)n2,3.06,c1(C)n(C(C)C)c(-c2ccnc(Nc3ccc(C(NC4CC4)=O)cc3)n2)cn1,AA{A}dra{A}daarasaada{Dataaa{aat}A{~B}DAuAAu}ds,24.0
CHEMBL2086677,Cc1cnccc1COc2cnc(nc2)N3CCN(CC3)C(=O)OC(C)(C)C,3.8,c1c(COc2cnc(N3CCN(C(OC(C)(C)C)=O)CC3)nc2)c(C)cnc1,AaradaaarABasada{das}DtAAD{AAt}A{~B}BA{A}{A}A,11.66666666666667
CHEMBL179701,C=CCCCCCCCCC(=O)N[C@H]1CCC(=O)NC1=O,2.64,C1CC(=O)NC(=O)[C@H]1NC(CCCCCCCCC=C)=O,A~AAAAAAAAAA{~B}D{A*Q}rAAA{~B}DAr~B,31.0
CHEMBL1683037,COc1cc2nnc(C(=O)N)c(Nc3cc(C)ccc3F)c2cc1N4CCN(C)CC4,2.57,C(=O)(c1nnc2cc(OC)c(N3CCN(C)CC3)cc2c1Nc1cc(C)ccc1F)N,ABaraasdda{A{~B}D}a{Dataa{A}aaatG}asaarDuAAD{A}AAu,32.16666666666667
CHEMBL2208435,O[C@H](CNC(=O)c1cnnc2ccccc12)CN3CCC(CC3)Oc4ccc(Cl)c(Cl)c4,3.28,C(=O)(c1c2c(nnc1)cccc2)NC[C@@H](O)CN1CCC(Oc2ccc(Cl)c(Cl)c2)CC1,B{A*Q}{ADA{~B}araddasaaaaars}ADtAAA{AAt}Bauaaa{Z}a{Z}au,20.333333333333336
CHEMBL1086473,CCCCc1nc2c(N)nc3ccccc3c2n1Cc4ccccc4,4.17,c1(Cn2c3c4ccccc4nc(N)c3nc2CCCC)ccccc1,AAAAardasa{D}dataaaaatasdrAauaaaaau,5.500000000000001
CHEMBL484304,COc1ccccc1CNC(=O)NS(=O)(=O)c2ccc(Cl)cc2,0.87,c1cc(S(=O)(NC(=O)NCc2ccccc2OC)=O)ccc1Cl,ABaraaaaarADA{~B}DE{~B}{~B}asaaa{Z}aas,60.5
CHEMBL1824377,Oc1cccc(NC(=O)c2ccc(OCCCN3CCCC3)cc2OCc4cscn4)c1,1.56,c1cc(NC(c2ccc(OCCCN3CCCC3)cc2OCc2cscn2)=O)cc(O)c1,Baraaaa{DA{~B}asaaa{BAAADtAAAAt}aasBAauaeadu}ar,49.0
CHEMBL2086682,CC(C)(C)OC(=O)N1CCN(CC1)c2ncc(OCc3c(F)cncc3F)cn2,3.7,CC(OC(N1CCN(c2ncc(OCc3c(F)cncc3F)cn2)CC1)=O)(C)C,AA{A}{A}BA{~B}DrAAD{AAr}asdaa{BAata{G}adaatG}ads,13.33333333333333
CHEMBL2094588,Clc1ccc(cc1)C(=O)CN2C3=NCCN3c4ccccc24,2.62,C(N1c2ccccc2N2CCN=C21)C(c1ccc(Cl)cc1)=O,Zaraaa{aar}A{~B}ADsAt~DAADtauaaaaasu,31.333333333333332
CHEMBL2087433,COc1cc(C)c(c(C)c1)S(=O)(=O)N(C)CCOCC(=O)N2CCC(CC2)C3CCN(C)CC3,0.3,C1CC(C2CCN(C(COCCN(C)S(c3c(C)cc(OC)cc3C)(=O)=O)=O)CC2)CCN1C,ABaraa{A}a{a{A}ar}E{~B}{~B}D{A}AABAA{~B}DsAAA{AAs}AtAAD{A}AAt,70.0
CHEMBL1916270,CCC(CC)NC(=O)c1cnn(c1NS(=O)(=O)c2ccc(cc2)c3ocnc3)c4ccccc4,0.8,CCC(CC)NC(=O)c1cnn(-c2ccccc2)c1NS(c1ccc(-c2ocnc2)cc1)(=O)=O,AAA{AA}DA{~B}aradd{arDE{~B}{~B}asaaa{aas}atbadat}auaaaaau,61.666666666666664
CHEMBL2331738,CC1=CN([C@H]2CCCN(C2)S(=O)(=O)c3cccc(Oc4ccccc4)c3)C(=O)NC1=O,2.32,n1([C@H]2CCCN(S(c3cc(Oc4ccccc4)ccc3)(=O)=O)C2)c(=O)[nH]c(=O)c(C)c1,AAr~AD{{A*Q}sAAAD{As}E{~B}{~B}ataaaa{Bauaaaaau}at}A{~B}DAr~B,36.333333333333336
CHEMBL1525826,COc1nccnc1NS(=O)(=O)c2ccc(N)cc2,-0.65,COc1c(NS(=O)(=O)c2ccc(N)cc2)nccn1,ABardaadarDE{~B}{~B}asaaa{D}aas,85.83333333333333
CHEMBL1288103,NC(=O)c1cnc(N[C@H]2CCCNC2)c3cc(sc13)c4ccc(Cl)c(F)c4,2.76,C1NCCC[C@@H]1Nc1ncc(C(N)=O)c2sc(-c3cc(F)c(Cl)cc3)cc21,DA{~B}arada{D{A*Q}sAAADAs}ataa{eart}auaaa{Z}a{G}au,29.000000000000004
CHEMBL1917449,CC(=O)Nc1cccc2c1c(c(C)n2CC(=O)O)S(=O)(=O)c3ccc(Cl)cc3,0.4,c1(Cl)ccc(S(c2c3c(NC(C)=O)cccc3n(CC(=O)O)c2C)(=O)=O)cc1,AA{~B}Daraaaasara{a{A}dsAA{~B}B}E{~B}{~B}ataaa{Z}aat,68.33333333333333
CHEMBL2153303,CCCNc1nc(ccc1C(=O)NC2CCCCC2)N3CCC[C@@H](CC(=O)O)C3,2.33,N(C1CCCCC1)C(c1ccc(N2C[C@H](CC(O)=O)CCC2)nc1NCCC)=O,AAADarda{aaarA{~B}DAsAAAAAs}DtAAA{A**Q}{AA{~B}B}At,36.166666666666664
CHEMBL1197102,NC1CCc2cc(OC(=O)c3ccccc3)c(OC(=O)c4ccccc4)cc2C1,2.6,c1c(C(Oc2cc3c(cc2OC(=O)c2ccccc2)CCC(N)C3)=O)cccc1,DArAAasaa{BA{~B}ataaaaat}a{BA{~B}auaaaaau}aasAr,31.666666666666668
CHEMBL1351138,CC(C)C(=O)Nc1ccc2C(=O)NC(=O)c2c1,1.55,O=C(Nc1cc2c(cc1)C(=O)NC2=O)C(C)C,AA{A}A{~B}DaraaasA{~B}DA{~B}asar,49.166666666666664
CHEMBL1324,Cc1ccc(cc1)C(=O)c2cc(O)c(O)c(c2)[N+](=O)[O-],0.74,c1cc(C)ccc1C(c1cc(O)c(O)c([N+](=O)[O-])c1)=O,Aaraaa{aar}A{~B}asaa{B}a{B}a{as}{D%}{~B}{B_},62.666666666666664
CHEMBL1779008,COc1cc(F)ccc1c2cncc(CNC(C)C)c2,1.5,c1c(F)cc(OC)c(-c2cc(CNC(C)C)cnc2)c1,ABaraa{G}aaarasadaa{ADA{A}A}as,50.0
CHEMBL1917454,Cc1c(Oc2ccc(Cl)cc2)c3cc(F)ccc3n1CC(=O)O,1.26,c1cc(Oc2c3c(ccc(F)c3)n(CC(=O)O)c2C)ccc1Cl,Aara{Basaaa{Z}aas}ataa{G}aaatdrAA{~B}B,54.0
CHEMBL2018969,COc1cccc2c1c(NS(=O)(=O)c3ccc(Cl)s3)nn2Cc4cccc(CNC(=O)C(C)(C)O)c4,2.09,C(n1c2cccc(OC)c2c(NS(=O)(=O)c2ccc(Cl)s2)n1)c1cccc(CNC(=O)C(C)(C)O)c1,ABaraaaasara{DE{~B}{~B}ataaa{Z}et}ddsAauaaaa{ADA{~B}A{A}{A}B}au,40.166666666666664
CHEMBL1762178,CC(=O)Nc1cc(CN2C(=O)N(C(=O)C2(C)C)c3ccc(SC(F)(F)F)cc3)ccn1,2.93,S(C(F)(F)F)c1ccc(N2C(=O)N(Cc3ccnc(NC(C)=O)c3)C(C)(C)C2=O)cc1,AA{~B}Daraa{ADsA{~B}D{A{~B}As{A}A}ataaa{EA{G}{G}G}aat}aadr,26.16666666666666
CHEMBL1916536,COc1ccc2SCC(=O)N(CCN3CCC(CC3)NCc4cc5OCCOc5cn4)c2c1,1.78,c1c2c(cnc1CNC1CCN(CCN3c4c(ccc(OC)c4)SCC3=O)CC1)OCCO2,ABaraaasEAA{~B}D{AADtAAA{AAt}DAauaavBAABavadu}asar,45.333333333333336
CHEMBL1809202,COc1cc(ccc1Nc2ncc(Cl)c(n2)c3cnc4c(CO)cccn34)N5CCN(CC5)C(=O)C,3.1,N(c1c(OC)cc(N2CCN(C(=O)C)CC2)cc1)c1nc(-c2n3c(c(CO)ccc3)nc2)c(Cl)cn1,ABaraa{aaarDasdaa{Z}a{ds}atadaua{AB}aaadtu}DvAAD{AAv}A{~B}A,23.333333333333332
CHEMBL436826,CCOc1ccc(cc1)N2C(=O)c3ccccc3N=C2[C@@H](C)N(Cc4cccnc4)C(=O)Cc5ccc(cc5)C(F)(F)F,4.25,c1cc(C(F)(F)F)ccc1CC(=O)N(Cc1cnccc1)[C@@H](c1n(-c2ccc(OCC)cc2)c(=O)c2c(cccc2)n1)C,AABaraaa{aar}DsA{~B}ataaaaatD~As{A**Q}{A}D{Aauaaadau}A{~B}Aavaaa{aav}A{G}{G}G,4.166666666666667
CHEMBL1231,CCN(CC)CC#CCOC(=O)C(O)(C1CCCCC1)c2ccccc2,3.65,c1cc(C(O)(C(=O)OCC#CCN(CC)CC)C2CCCCC2)ccc1,AAD{AA}AA^AABA{~B}A{B}{ArAAAAAr}asaaaaas,14.16666666666667
CHEMBL405790,Brc1ccccc1C(=O)NCC23CC4CC(CC(C4)C2)C3,4.15,C(NC(c1c(Br)cccc1)=O)C12CC3CC(CC(C1)C3)C2,YaraaaaarA{~B}DAAstAAuAA{AA{Au}As}At,5.833333333333328
CHEMBL2011943,COc1ccc(cc1)c2nc3c(NCCCNC(=O)C4CCCC4)c(cnc3[nH]2)C(=O)N,3.13,c1(-c2ccc(OC)cc2)nc2c(ncc(C(=O)N)c2NCCCNC(C2CCCC2)=O)[nH]1,ABaraaa{aar}asdata{DAAADA{~B}AuAAAAu}a{adat{dQ}s}A{~B}D,22.833333333333332
CHEMBL797,CN1C(=O)CC(C1=O)c2ccccc2,0.68,C1(=O)N(C)C(=O)C(c2ccccc2)C1,ADrA{~B}AA{Ar~B}asaaaaas,63.666666666666664
CHEMBL380979,[O-][N+](=O)c1ccc2[nH]c(nc2c1)c3ccccn3,2.8,c1cc2c(cc1[N+]([O-])=O)nc(-c1ccccn1)[nH]2,{B_}{D%}{~B}araaas{dQ}a{dasar}ataaaadt,28.33333333333334
CHEMBL1631889,c1ccc(cc1)C#Cc2n[nH]c3ccccc23,4.31,c1cc2c(cc1)[nH]nc2C#Cc1ccccc1,araaa{aar}A^Aasd{dQ}ataaaaast,3.166666666666673
CHEMBL1411716,CSc1ccc(cc1)C(=O)C(C)(C)N2CCOCC2,3.49,C1OCCN(C(C)(C)C(c2ccc(SC)cc2)=O)C1,AEaraaa{aar}A{~B}A{A}{A}DsAABAAs,16.83333333333333
CHEMBL140689,CCN1C(=O)C=Cc2cnc(Nc3ccc(OC)c(OC)c3)nc12,2.7,c1c2cnc(Nc3cc(OC)c(OC)cc3)nc2n(CC)c(=O)c1,AADrA{~B}A~Aasada{Dataaa{BA}a{BA}at}dars,29.999999999999996
CHEMBL473,CN(CCOc1ccc(NS(=O)(=O)C)cc1)CCc2ccc(NS(=O)(=O)C)cc2,0.6,S(=O)(=O)(Nc1ccc(OCCN(C)CCc2ccc(NS(=O)(C)=O)cc2)cc1)C,AD{AABaraaa{DE{~B}{~B}A}aar}AAasaaa{DE{~B}{~B}A}aas,65.0
CHEMBL1016,CCOc1nc2cccc(C(=O)O)c2n1Cc3ccc(cc3)c4ccccc4c5nnn[nH]5,0.3,n1(Cc2ccc(-c3ccccc3-c3nnn[nH]3)cc2)c(OCC)nc2cccc(C(=O)O)c12,AABardasaaaa{A{~B}B}asdrAataaa{aat}auaaaaauavddd{dQ}v,70.0
CHEMBL2036751,CCN1CCC[C@@H](CN2CCN(CC2)C(=O)Nc3ccc(Cl)c(Cl)c3)C1,1.94,c1cc(Cl)c(Cl)cc1NC(N1CCN(C[C@@H]2CCCN(CC)C2)CC1)=O,AADrAAA{A**Q}{ADsAAD{AAs}A{~B}Dataaa{Z}a{Z}at}Ar,42.666666666666664
CHEMBL441550,CC(C)N1C(=O)N(C)C(=O)c2c1sc(Cc3ccccc3C(F)(F)F)c2C(=O)N4CCS(=O)(=O)C4,2.55,C1CN(C(c2c3c(=O)n(C)c(=O)n(C(C)C)c3sc2Cc2c(C(F)(F)F)cccc2)=O)CS1(=O)=O,AA{A}DrA{~B}D{A}A{~B}asarea{AataaaaatA{G}{G}G}asA{~B}DuAAE{~B}{~B}Au,32.50000000000001
CHEMBL112880,COc1cc(OC)cc(c1)C2=CC=C(NC(=O)OCc3ccccc3)C(=O)N2CC(=O)NC(C(C)C)C(=O)C(F)(F)F,2.26,c1ccccc1COC(=O)Nc1ccc(-c2cc(OC)cc(OC)c2)n(CC(NC(C(=O)C(F)(F)F)C(C)C)=O)c1=O,ABaraa{BA}aa{ar}As~AA~A{DA{~B}BAataaaaat}A{~B}DsAA{~B}DA{A{A}A}A{~B}A{G}{G}G,37.333333333333336
CHEMBL206266,COc1cc2c(Nc3ncc(NC(=O)c4ccccc4)cn3)ncnc2cc1OCCCN5CCOCC5,2.32,C1OCCN(CCCOc2c(OC)cc3c(Nc4ncc(NC(c5ccccc5)=O)cn4)ncnc3c2)C1,ABaraasa{Datdaa{DA{~B}auaaaaau}adt}dadasaarBAAADvAABAAv,36.333333333333336
CHEMBL2059377,CCNC(=O)c1cc2c(c(cnc2[nH]1)c3cncc(c3)C#N)n4ccc(n4)C(F)(F)F,2.62,c12c(-n3ccc(C(F)(F)F)n3)c(-c3cncc(C#N)c3)cnc1[nH]c(C(=O)NCC)c2,AADA{~B}araasa{a{adas{dQ}r}atadaa{at}A^D}duaaa{du}A{G}{G}G,31.333333333333332
CHEMBL1778646,CCS(=O)(=O)c1ccc(c(Cl)c1)c2cc(Cl)ccc2OCC(=O)O,-0.43,c1(Cl)c(-c2cc(Cl)ccc2OCC(O)=O)ccc(S(CC)(=O)=O)c1,AAE{~B}{~B}araaa{a{Z}ar}asaa{Z}aaasBAA{~B}B,82.16666666666667
CHEMBL2153302,CCCOc1nc(ccc1C(=O)NC2CCCCC2)N3CCC[C@@H](CC(=O)O)C3,2.81,c1c(N2CCC[C@@H](CC(O)=O)C2)nc(OCCC)c(C(NC2CCCCC2)=O)c1,AAABarda{aaarA{~B}DAsAAAAAs}DtAAA{A**Q}{AA{~B}B}At,28.166666666666668
CHEMBL487622,CNC(=O)c1ccc(cc1)c2cc(C(=O)N[C@H]3CCCNC3)c(NC(=O)N)s2,0.7,C(c1ccc(-c2sc(NC(=O)N)c(C(=O)N[C@H]3CCCNC3)c2)cc1)(NC)=O,ADA{~B}araaa{aar}asaa{A{~B}D{A*Q}tAAADAt}a{DA{~B}D}es,63.333333333333336
CHEMBL2086655,CC(C)(C)OC(=O)N1CCN(CC1)c2ccc(OCc3ccc(cc3)S(=O)(=O)C)nc2,3.1,O=S(c1ccc(COc2ccc(N3CCN(C(=O)OC(C)(C)C)CC3)cn2)cc1)(C)=O,AA{A}{A}BA{~B}DrAAD{AAr}asaaa{BAataaa{aat}E{~B}{~B}A}das,23.333333333333332
CHEMBL1418939,COc1cnc(nc1Oc2ccc(F)cc2F)c3ccccn3,3.1,n1ccccc1-c1nc(Oc2c(F)cc(F)cc2)c(OC)cn1,ABarada{darBasaaa{G}aasG}ataaaadt,23.333333333333332
CHEMBL522892,CN1CCN(CC1)c2ccc3nc([nH]c3c2)C4=C(N)c5c(F)cccc5NC4=O,3.45,c1(-c2[nH]c3c(n2)ccc(N2CCN(C)CC2)c3)c(=O)[nH]c2cccc(F)c2c1N,ADrAAD{AAr}asaaatda{{dQ}atas}Au~A{D}ava{G}aaaavDAu~B,17.499999999999996
CHEMBL2062577,CN(C(=O)C)c1ccc2ccn(c3cc(NC4CC4)n5ncc(C#N)c5n3)c2c1,2.9,c1(N(C(C)=O)C)ccc2ccn(-c3nc4n(c(NC5CC5)c3)ncc4C#N)c2c1,AD{A{~B}A}araaasaad{ataa{DAuAAu}dvdaa{A^D}avdt}asar,26.666666666666668
CHEMBL363462,COc1cc2ncnc(Nc3cc(NC(=O)c4ccnc(c4)N5CCOCC5)ccc3C)c2cc1OCCN(C(C)C)C(C)C,3.5,c12c(c(Nc3cc(NC(=O)c4cc(N5CCOCC5)ncc4)ccc3C)ncn1)cc(OCCN(C(C)C)C(C)C)c(OC)c2,ABaraasdada{Dataa{DA{~B}auaada{au}DvAABAAv}aaatA}asaarBAAD{A{A}A}A{A}A,16.666666666666668
CHEMBL1412475,Cc1cc(O)nc(n1)n2nc(C)c(Oc3ccccc3O)c2C,1.4,c1(-n2nc(C)c(Oc3ccccc3O)c2C)nc(C)cc(O)n1,Aaraa{B}da{dr}dsda{A}a{BataaaaatB}asA,51.666666666666664
CHEMBL567508,NC(=O)c1c(N)sc2CCCCc12,1.84,c12c(c(C(=O)N)c(N)s1)CCCC2,DA{~B}ara{D}easAAAAars,44.333333333333336
CHEMBL1289465,Fc1ccc(C2CCN(CC2)C(=O)COCc3ccncc3)c(Cl)c1,2.7,c1(Cl)c(C2CCN(C(COCc3ccncc3)=O)CC2)ccc(F)c1,Garaaa{AsAAD{AAs}A{~B}ABAataadaat}a{Z}ar,29.999999999999996
CHEMBL1426965,FC(F)(F)c1nnc2ccc(nn12)N3CCCCCC3,3.29,n1nc2ccc(N3CCCCCC3)nn2c1C(F)(F)F,GA{G}{G}arddasaaa{ddrs}DtAAAAAAt,20.166666666666668
CHEMBL181326,OCCN(C(=O)CNC(=O)c1cc2cc(Cl)ccc2[nH]1)c3ccccc3,3.37,c1ccccc1N(C(=O)CNC(=O)c1cc2c([nH]1)ccc(Cl)c2)CCO,BAAD{A{~B}ADA{~B}araasaa{Z}aaas{dQ}r}ataaaaat,18.833333333333332
CHEMBL184012,Cc1ccc(NC(=O)c2ccnc(c2)N3CCOCC3)cc1NC(=O)c4ccc(OCc5ccccn5)cc4,3.47,O=C(Nc1ccc(C)c(NC(c2ccc(OCc3ccccn3)cc2)=O)c1)c1ccnc(N2CCOCC2)c1,Aaraaa{DA{~B}asaada{as}DtAABAAt}aarDA{~B}auaaa{BAavaaaadv}aau,17.166666666666664
CHEMBL188705,COc1ccc(OC)c(CNc2[nH]nc3cccc(Oc4ccc(cc4)S(=O)(=O)C)c23)c1,3.71,n1c2c(c(NCc3cc(OC)ccc3OC)[nH]1)c(Oc1ccc(S(C)(=O)=O)cc1)ccc2,ABaraaa{BA}a{ADas{dQ}dataaaa{Bauaaa{aau}E{~B}{~B}A}ast}ar,13.166666666666666
CHEMBL212689,CCN(C1CCN(CC[C@H](c2ccc(cc2)S(=O)(=O)C)c3cc(F)cc(F)c3)CC1)C(=O)Cc4ccc(cc4)S(=O)(=O)C,2.2,c1c(F)cc([C@@H](c2ccc(S(=O)(C)=O)cc2)CCN2CCC(N(CC)C(Cc3ccc(S(C)(=O)=O)cc3)=O)CC2)cc1F,AAD{ArAAD{AA{A*Q}{asaaa{aas}E{~B}{~B}A}ataa{G}aa{G}at}AAr}A{~B}Aauaaa{aau}E{~B}{~B}A,38.33333333333333
CHEMBL221118,Nc1cccc(CCc2ccc3cc[nH]c3c2)n1,2.8,c1cc(N)nc(CCc2cc3[nH]ccc3cc2)c1,Daraaaa{AAasaaataa{dQ}atas}dr,28.33333333333334
CHEMBL218628,CNc1nc2ccccc2n1Cc3sc4N(CC(C)C)C(=O)N(C)C(=O)c4c3C(=O)N5C[C@H](O)CO5,1.77,CC(C)Cn1c2sc(Cn3c4c(cccc4)nc3NC)c(C(N3C[C@H](O)CO3)=O)c2c(=O)n(C)c1=O,ADardasaaaaasdrAateauD{AA{A}A}A{~B}D{A}A{~B}auatA{~B}DvA{A*Q}{B}ABv,45.5
CHEMBL1471720,CN1CCN(CC(=O)Nc2c(cnn2c3ccccc3)C#N)CC1,0.0,N#Cc1cnn(-c2ccccc2)c1NC(CN1CCN(C)CC1)=O,ADrAAD{AA{~B}Dasa{addsataaaaat}A^D}AAr,75.0
CHEMBL578235,Cc1cc(Oc2ccnc(Nc3ccc(cc3)S(=O)(=O)N)c2)c(nc1C)c4ccccn4,2.34,c1cc(Nc2nccc(Oc3c(-c4ncccc4)nc(C)c(C)c3)c2)ccc1S(=O)(N)=O,Aaraa{Basaada{Dataaa{aat}E{~B}{~B}D}as}a{darA}auaaaadu,36.0
CHEMBL192,CCCc1nn(C)c2C(=O)NC(=Nc12)c3cc(ccc3OCC)S(=O)(=O)N4CCN(C)CC4,2.8,N1(C)CCN(S(c2cc(-c3nc4c(c(=O)[nH]3)n(C)nc4CCC)c(OCC)cc2)(=O)=O)CC1,AAAardd{A}asA{~B}DA{~Dars}ataa{aaatBAA}E{~B}{~B}DuAAD{A}AAu,28.33333333333334
CHEMBL247479,CN(C)CCOc1ccc(cc1)c2oc3ncnc(NC[C@@H]4CCCO4)c3c2c5ccccc5,3.6,c1c(-c2oc3c(c(NC[C@H]4OCCC4)ncn3)c2-c2ccccc2)ccc(OCCN(C)C)c1,AD{A}AABaraaa{aar}asbatdada{DA{A**Q}uAAABu}atasavaaaaav,14.999999999999998
CHEMBL682,CCN(CC)Cc1cc(Nc2ccnc3cc(Cl)ccc23)ccc1O,2.9,C(N(Cc1cc(Nc2c3ccc(Cl)cc3ncc2)ccc1O)CC)C,AAD{AA}Aaraa{Dasaadataa{Z}aaast}aaarB,26.666666666666668
CHEMBL110855,CCN(CCCOCCOCCc1ccccc1)CCc2ccc(O)c3nc(O)sc23,2.45,s1c(O)nc2c(O)ccc(CCN(CC)CCCOCCOCCc3ccccc3)c12,AAD{AAABAABAAaraaaaar}AAasaaa{B}atda{B}east,34.166666666666664
CHEMBL2036568,Fc1ccccc1Nc2oc(nn2)C(=O)Nc3ccc(N4CCOCC4)c(F)c3,3.6,c1cccc(F)c1Nc1nnc(C(=O)Nc2ccc(N3CCOCC3)c(F)c2)o1,GaraaaaarDasba{dds}A{~B}Dataaa{DuAABAAu}a{G}at,14.999999999999998
CHEMBL181,CC1=NS(=O)(=O)c2cc(Cl)ccc2N1,1.05,c1c(Cl)ccc2c1S(=O)(=O)N=C(C)N2,AAr~DE{~B}{~B}asaa{Z}aaasDr,57.5
CHEMBL1652621,CN(Cc1oc2ccccc2c1C)C(=O)\C=C\c3cnc4NC(=O)CCc4c3,2.36,C1C(=O)Nc2c(cc(/C=C/C(N(Cc3oc4ccccc4c3C)C)=O)cn2)C1,AD{AarbasaaaaasarA}A{~B}!A~A!atadauDA{~B}AAauat,35.666666666666664
CHEMBL2331745,COc1ccc(cc1Oc2cccc(Cl)c2)S(=O)(=O)N3CCC[C@@H](C3)N4C=C(C)C(=O)NC4=O,2.73,c1n([C@@H]2CN(S(=O)(c3cc(Oc4cc(Cl)ccc4)c(OC)cc3)=O)CCC2)c(=O)[nH]c(=O)c1C,ABaraaa{aarBasaaaa{Z}as}E{~B}{~B}DtAAA{A**Q}{At}DuA~A{A}A{~B}DAu~B,29.5
CHEMBL2181926,CCOC(=O)C1=C(C)NC(=C([C@H]1c2cccc3C(=O)C=C(C)Oc23)C(=O)C)C,2.63,N1C(C)=C(C(=O)OCC)[C@H](c2c3oc(C)cc(=O)c3ccc2)C(C(=O)C)=C1C,AABA{~B}Ar~A{A}DA{~A{{A*Q}rasaaaatA{~B}A~A{A}Bast}A{~B}A}A,31.166666666666668
CHEMBL1352372,Nc1nc2OC(COc3ccccc3)Cc2c(N)c1C#N,2.08,C(C1Cc2c(nc(N)c(C#N)c2N)O1)Oc1ccccc1,DardasBA{ABataaaaat}Aasa{D}arA^D,40.333333333333336
CHEMBL2069421,COc1ncc(cn1)c2cccc3OC[C@H](Cc23)NC(=O)c4ccc(OCC(F)(F)F)nc4,4.3,O=C(N[C@H]1Cc2c(cccc2-c2cnc(OC)nc2)OC1)c1ccc(OCC(F)(F)F)nc1,ABardaa{adr}asaaaatBA{A*Q}{Aast}DA{~B}auaaa{BAA{G}{G}G}dau,3.333333333333336
CHEMBL192666,Fc1ccc(F)c(NS(=O)(=O)c2ccc(Cl)cc2)c1,2.9,c1c(Cl)ccc(S(Nc2cc(F)ccc2F)(=O)=O)c1,Garaaa{G}a{DE{~B}{~B}asaaa{Z}aas}ar,26.666666666666668
CHEMBL277863,COC(=O)N1CCN([C@H](CN2CCCC2)C1)C(=O)Cc3ccc(Cl)c(Cl)c3,2.05,C1CCCN1C[C@H]1N(C(Cc2ccc(Cl)c(Cl)c2)=O)CCN(C(OC)=O)C1,ABA{~B}DrAAD{{A*Q}{ADsAAAAs}Ar}A{~B}Aataaa{Z}a{Z}at,40.833333333333336
CHEMBL1393651,CCN(C(=O)Nc1ccccc1)c2ccccc2,3.1,C(N(c1ccccc1)C(=O)Nc1ccccc1)C,AAD{A{~B}Daraaaaar}asaaaaas,23.333333333333332
CHEMBL503605,Clc1ccc2[nH]c(cc2c1)C(=O)N3CCNCC3,1.65,C(=O)(c1[nH]c2ccc(Cl)cc2c1)N1CCNCC1,Zaraaas{dQ}a{aasar}A{~B}DtAADAAt,47.5
CHEMBL2316396,O=C(Nc1cccnc1C(=O)NCC2CCOCC2)c3cccc4ccccc34,4.4,c12ccccc1cccc2C(Nc1cccnc1C(=O)NCC1CCOCC1)=O,B~A{DaraaadarA{~B}DAAsAABAAs}ataaaauaaaaatu,1.6666666666666607
CHEMBL578675,COc1cnc(nc1NC(C)C)c2ccccn2,2.01,C(C)(Nc1nc(-c2ncccc2)ncc1OC)C,ABarada{darDA{A}A}asaaaads,41.50000000000001
CHEMBL1800659,CCCCN(CCNCCc1ccc(O)c2NC(=O)Sc12)C(=O)CCOCCc3ccccc3,3.0,c1c(CCNCCN(C(CCOCCc2ccccc2)=O)CCCC)c2sc(=O)[nH]c2c(O)c1,AAAAD{AADAAaraaa{B}asDA{~B}Ears}A{~B}AABAAataaaaat,25.0
CHEMBL84158,CCN(CC)CCNC(=O)c1cc(ccc1OC)S(=O)(=O)C,-0.9,c1(OC)ccc(S(=O)(=O)C)cc1C(=O)NCCN(CC)CC,AAD{AA}AADA{~B}araa{aaarBA}E{~B}{~B}A,90.0
CHEMBL1784354,CC(C)(CS(=O)(=O)N1CCN(CC1)c2ccc(F)cc2)N(O)C=O,1.07,C(C)(CS(=O)(=O)N1CCN(c2ccc(F)cc2)CC1)(N(C=O)O)C,AA{A}{AE{~B}{~B}DrAAD{AAr}asaaa{G}aas}D{B}A~B,57.166666666666664
CHEMBL244521,CC(C)N1CCC[C@H](CN2C(=O)c3cc(ccc3N=C2C(C)C)c4ccc(F)cc4)C1,3.6,CC(C)c1n(C[C@H]2CCCN(C(C)C)C2)c(=O)c2cc(-c3ccc(F)cc3)ccc2n1,AA{A}DrAAA{A*Q}{ADsA{~B}ataa{aaatD~AsA{A}A}auaaa{G}aau}Ar,14.999999999999998
CHEMBL228739,COCCN1CCC(Cc2ccc(cc2)C(=O)NCc3cnc(nc3NCC(C)(C)C)C#N)CC1,3.5,CC(C)(C)CNc1c(CNC(c2ccc(CC3CCN(CCOC)CC3)cc2)=O)cnc(C#N)n1,ABAADrAAA{Aasaaa{aas}A{~B}DAatada{datDAA{A}{A}A}A^D}AAr,16.666666666666668
CHEMBL204772,CC(C)CN1C(=O)N(C)C(=O)c2c1sc(Cn3c(C)nc4ccccc34)c2C(=O)N5CC[C@@H](O)C5,1.34,c1(C)n(Cc2c(C(=O)N3C[C@H](O)CC3)c3c(=O)n(C)c(=O)n(CC(C)C)c3s2)c2c(n1)cccc2,AA{A}ADrA{~B}D{A}A{~B}asarea{Adta{A}dauaaaaatu}asA{~B}DvAA{A**Q}{B}Av,52.666666666666664
CHEMBL1951073,COc1cc(OC)c(cc1NC(=O)C)S(=O)(=O)N2C(C)CCc3ccccc23,1.97,N(c1cc(S(=O)(N2C(C)CCc3ccccc32)=O)c(OC)cc1OC)C(=O)C,ABaraa{BA}a{aarDA{~B}A}E{~B}{~B}DsA{A}AAataaaaast,42.16666666666667
CHEMBL190354,Brc1ccc(s1)N2C[C@@]3(CN4CCC3CC4)OC2=O,2.0,C1N2C[C@@]3(CN(c4ccc(Br)s4)C(=O)O3)C(CC2)C1,Yaraaa{er}DsA{A**}t{ADuAAAtAAu}BAs~B,41.666666666666664
CHEMBL295135,OC(=O)c1[nH]c2cc(Cl)cc(Cl)c2c1\C=C\3/CCN(C3=O)c4ccccc4,1.85,C(=C1\CCN(c2ccccc2)C1=O)\c1c(C(=O)O)[nH]c2cc(Cl)cc(Cl)c21,BA{~B}ar{dQ}asaa{Z}aa{Z}asar!A~A!t|AAD{At~B}auaaaaau,44.166666666666664
CHEMBL382435,CCN(C1CCN(CC[C@H](c2ccc(cc2)S(=O)(=O)C)c3cc(F)cc(Cl)c3)CC1)C(=O)Cc4ccc(cc4)S(=O)(=O)C,2.71,C(C[C@H](c1ccc(S(=O)(=O)C)cc1)c1cc(F)cc(Cl)c1)N1CCC(N(C(=O)Cc2ccc(S(=O)(=O)C)cc2)CC)CC1,AAD{ArAAD{AA{A*Q}{asaaa{aas}E{~B}{~B}A}ataa{G}aa{Z}at}AAr}A{~B}Aauaaa{aau}E{~B}{~B}A,29.833333333333332
CHEMBL2165059,CO[C@@H]1CN(CCN2C(=O)C=Cc3ccc(cc23)C#N)CC[C@H]1NCc4ccc5OCC(=O)Nc5n4,0.81,C(c1ccc2ccc(=O)n(CCN3C[C@@H](OC)[C@H](NCc4ccc5c(n4)NC(=O)CO5)CC3)c2c1)#N,AB{A**Q}rAD{AADsA{~B}A~Aataaa{aast}A^D}AA{A*Q}rDAauaaavBAA{~B}Davdu,61.5
CHEMBL425518,CNC1CCN(C1)c2ccc(NC(=O)c3ccc(cc3)c4ccccc4)cn2,2.35,c1c(-c2ccccc2)ccc(C(=O)Nc2cnc(N3CCC(NC)C3)cc2)c1,ADArAAD{Ar}asaaa{DA{~B}ataaa{aat}auaaaaau}ads,35.833333333333336
CHEMBL1231533,FC1(F)Oc2ccc(\C=C\3/SC(=O)NC3=O)cc2O1,2.8,C1(=O)NC(=O)S/C1=C\c1ccc2c(c1)OC(F)(F)O2,GAr{G}Basaaa{!A~A!t|EA{~B}DAt~B}aasBr,28.33333333333334
CHEMBL2335504,C[C@H](NC(=O)C)c1ccc(Nc2ncc3cc(ccc3n2)c4ccncc4)cc1,3.17,c1cnccc1-c1ccc2c(cnc(Nc3ccc([C@@H](NC(C)=O)C)cc3)n2)c1,A{A*Q}{DA{~B}A}araaa{Dasdaataa{aaatds}auaadaau}aar,22.166666666666668
CHEMBL1778617,OC(=O)COc1ccc(cc1c2ccccc2)c3nccs3,-0.16,s1ccnc1-c1cc(-c2ccccc2)c(OCC(O)=O)cc1,BA{~B}ABaraaa{aarasaaaaas}atdaaet,77.66666666666667
CHEMBL2208431,O[C@H](CNC(=O)C1=NNC(=O)c2ccccc12)CN3CCC(CC3)Oc4ccc(Cl)c(Cl)c4,3.69,N1(C[C@@H](CNC(=O)c2c3c(cccc3)c(=O)[nH]n2)O)CCC(Oc2ccc(Cl)c(Cl)c2)CC1,B{A*Q}{ADA{~B}Ar~DDA{~B}asaaaaars}ADtAAA{AAt}Bauaaa{Z}a{Z}au,13.5
CHEMBL112924,CC(C)C(NC(=O)CN1C(=O)C(=CC=C1c2ccccc2)NC(=O)NCc3cc[n+]([O-])cc3)C(=O)C(F)(F)F,1.13,c1cc(CNC(=O)Nc2c(=O)n(CC(=O)NC(C(=O)C(F)(F)F)C(C)C)c(-c3ccccc3)cc2)cc[n+]1[O-],AA{A}A{DA{~B}ADrA{~B}A{~AA~Arasaaaaas}DA{~B}DAataa{d%}{{B_}}aat}A{~B}A{G}{G}G,56.166666666666664
CHEMBL1456,COc1c(C)c2COC(=O)c2c(O)c1C\C=C(/C)\CCC(=O)OCCN3CCOCC3,2.26,O(CCN1CCOCC1)C(=O)CC/C(=C/Cc1c(OC)c(C)c2c(c1O)C(=O)OC2)C,ABara{A}asABA{~B}asa{B}arA!A~A{|A}!AAA{~B}BAADtAABAAt,37.333333333333336
CHEMBL1186433,CC(=N)NCc1ccccc1,-0.28,c1cccc(CNC(=N)C)c1,AA{~D}DAaraaaaar,79.66666666666667
CHEMBL1460615,OC1CS(=O)(=O)CC1N2CCC(CC2)c3ccccc3,1.4,N1(C2C(O)CS(=O)(=O)C2)CCC(c2ccccc2)CC1,BArAE{~B}{~B}AArDsAAA{AAs}ataaaaat,51.666666666666664
CHEMBL128637,COc1ccc2[nH]c(cc2c1)C(=O)N3CCN(C)CC3,1.62,c12ccc(OC)cc1cc(C(N1CCN(C)CC1)=O)[nH]2,ABaraaas{dQ}a{aasar}A{~B}DtAAD{A}AAt,48.0
CHEMBL1893999,CC(C)C1NCCc2c1sc3ccccc23,2.8,C(C1NCCc2c3c(sc21)cccc3)(C)C,AA{A}ArDAAasareataaaaast,28.33333333333334
CHEMBL191003,Nc1nc(Nc2ccc(cc2)S(=O)(=O)N)nn1C(=O)c3c(F)cccc3F,1.87,O=S(N)(c1ccc(Nc2nc(N)n(C(=O)c3c(F)cccc3F)n2)cc1)=O,Darda{Dasaaa{aas}E{~B}{~B}D}ddrA{~B}ata{G}aaaatG,43.833333333333336
CHEMBL1458292,CCCCCc1ccc(cc1)c2nnc(N)s2,4.13,c1cc(-c2sc(N)nn2)ccc1CCCCC,AAAAAaraaa{aar}asdda{D}es,6.166666666666669
CHEMBL1461445,Cc1sc2ncnc(SCC(=O)N3CCCC3)c2c1C,2.89,c12c(C)c(C)sc1ncnc2SCC(=O)N1CCCC1,Aareasdada{EAA{~B}DtAAAAt}asarA,26.833333333333332
CHEMBL2030957,OC(=O)[C@H](Cc1cccc(OCCCNc2ccccn2)c1)NC(=O)c3c(Cl)cccc3Cl,0.16,c1c(OCCCNc2ccccn2)cccc1C[C@H](NC(c1c(Cl)cccc1Cl)=O)C(O)=O,BA{~B}{A*Q}{Aaraaaa{BAAADasaaaads}ar}DA{~B}ata{Z}aaaatZ,72.33333333333333
CHEMBL1916278,Cc1ccc(cc1)S(=O)(=O)Nc2c(C(=O)NC3CCOCC3)c(C)nn2c4ccccc4,0.16,c1ccccc1-n1c(NS(=O)(c2ccc(C)cc2)=O)c(C(=O)NC2CCOCC2)c(C)n1,Aaraaa{aar}E{~B}{~B}Dasa{A{~B}DAtAABAAt}a{A}ddsauaaaaau,72.33333333333333
CHEMBL1809222,COc1cc(ccc1Nc2ncc(Cl)c(n2)c3cnc4cc(Cl)ccn34)N5CCN(CC5)C(=O)C,4.2,c1cc(Cl)cc2n1c(-c1c(Cl)cnc(Nc3c(OC)cc(N4CCN(C(C)=O)CC4)cc3)n1)cn2,ABaraa{aaarDasdaa{Z}a{ds}atadauaa{Z}aadtu}DvAAD{AAv}A{~B}A,4.999999999999997
CHEMBL2158781,Cc1cc(F)ccc1OC2CCN(CC3CCN(CC3)[C@@H](Cc4ccc(F)cc4)C(=O)O)CC2,1.81,C1(CN2CCC(Oc3ccc(F)cc3C)CC2)CCN([C@H](C(O)=O)Cc2ccc(F)cc2)CC1,Aaraa{G}aaarBAsAAD{AAtAAD{AAt}{A**Q}{Aauaaa{G}aau}A{~B}B}AAs,44.833333333333336
CHEMBL1573297,FC(F)(F)c1nnc2ccc(NCn3nnc4ccccc34)nn12,2.34,N(Cn1nnc2ccccc21)c1nn2c(nnc2C(F)(F)F)cc1,GA{G}{G}arddasaaa{DAdtddauaaaaatu}ddrs,36.0
CHEMBL2089279,C[C@@H]1N[S@@](=O)(=NC1=O)c2cccc(c2)c3cccc(c3)C#N,0.4,N#Cc1cccc(-c2cc([S@]3(=O)=NC(=O)[C@H](C)N3)ccc2)c1,A{A**Q}rD{E**}{~B}{~DAr~B}asaaaa{as}ataaaa{at}A^D,68.33333333333333
CHEMBL2153177,CCCSc1ncccc1C(=O)N(C)C2CCOCC2,1.63,c1nc(SCCC)c(C(=O)N(C2CCOCC2)C)cc1,AAAEardaaaarA{~B}D{A}AsAABAAs,47.833333333333336
CHEMBL897,CCCN(CCC)S(=O)(=O)c1ccc(cc1)C(=O)O,0.03,CCCN(CCC)S(c1ccc(C(=O)O)cc1)(=O)=O,AAAD{AAA}E{~B}{~B}araaa{aar}A{~B}B,74.5
CHEMBL418841,CC(C)C(NC(=O)CN1C(=O)C(=CC=C1c2ccccc2)NC(=O)C)C(=O)C(F)(F)F,1.78,c1(-c2ccccc2)n(CC(NC(C(C)C)C(=O)C(F)(F)F)=O)c(=O)c(NC(=O)C)cc1,AA{A}A{DA{~B}ADrA{~B}A{~AA~Arasaaaaas}DA{~B}A}A{~B}A{G}{G}G,45.333333333333336
CHEMBL415,CN(C)CCCN1c2ccccc2CCc3ccc(Cl)cc13,3.36,c1c(Cl)cc2c(c1)CCc1c(cccc1)N2CCCN(C)C,AD{A}AAADrasaaaaasAAataaa{Z}aart,19.000000000000004
CHEMBL469728,COc1ccc(N(C(C(=O)NC[C@@H](C)O)c2ccccc2F)C(=O)c3occc3Cl)c(OC)c1,2.18,C(N(c1c(OC)cc(OC)cc1)C(C(NC[C@H](O)C)=O)c1ccccc1F)(=O)c1occc1Cl,ABaraaa{D{A{A{~B}DA{A**Q}{A}B}asaaaaasG}A{~B}atbaaatZ}a{BA}ar,38.666666666666664
CHEMBL177756,OC(=O)c1ccccc1C2=C3C=CC(=O)C=C3Oc4cc(O)ccc24,0.0,c1cc(C(O)=O)c(-c2c3ccc(O)cc3oc3cc(=O)ccc2-3)cc1,BA{~B}araaaaarAs~AtA~AA{~B}A~AtBauaa{B}aaasu,75.0
CHEMBL324519,Oc1nc2ccccc2c(O)c1c3ccccc3,0.73,Oc1nc2ccccc2c(O)c1-c1ccccc1,Bardasaaaaasa{B}arataaaaat,62.833333333333336
CHEMBL1201212,COc1ccc(OC)c(c1)C(O)CNC(=O)CN,-0.71,c1c(C(CNC(=O)CN)O)c(OC)ccc1OC,ABaraaa{BA}a{ar}A{B}ADA{~B}AD,86.83333333333333
CHEMBL2031234,CN1CCN(CC1)c2ccc3N=CN(C(=O)c3c2)c4cc(NC(=O)c5cccnc5)ccc4C,1.5,c1c(C(=O)Nc2ccc(C)c(-n3c(=O)c4c(ccc(N5CCN(C)CC5)c4)nc3)c2)cncc1,ADrAAD{AAr}asaaatD~AD{A{~B}atas}auaa{DA{~B}avaaadav}aaauA,50.0
CHEMBL2336318,COc1ccc(cc1CO)c2ccc3c(nc(nc3n2)n4ccnc4)N5CCOC[C@@H]5C,2.6,[C@@H]1(C)N(c2nc(-n3cncc3)nc3nc(-c4cc(CO)c(OC)cc4)ccc23)CCOC1,ABaraaa{aarAB}asaaata{da{datds}duaadau}DvAABA{A**Q}vA,31.666666666666668
CHEMBL75435,C[C@H](C(=O)O)c1cccc(c1)C(=O)c2ccccc2,-0.06,C[C@@H](c1cc(C(c2ccccc2)=O)ccc1)C(O)=O,A{A*Q}{A{~B}B}araaaa{ar}A{~B}asaaaaas,75.99999999999999
CHEMBL2031237,CN1CCN(CC1)c2ccc3N=CN(C(=O)c3c2)c4cc(NC(=O)c5cncs5)ccc4C,2.11,c1nc2c(cc(N3CCN(C)CC3)cc2)c(=O)n1-c1c(C)ccc(NC(c2scnc2)=O)c1,ADrAAD{AAr}asaaatD~AD{A{~B}atas}auaa{DA{~B}avadaev}aaauA,39.833333333333336
CHEMBL454648,CC(C)n1c(C)ncc1c2nc(Nc3ccc(C(=O)N(C)C)c(F)c3)ncc2F,3.14,CN(C)C(c1ccc(Nc2nc(-c3cnc(C)n3C(C)C)c(F)cn2)cc1F)=O,AA{A}dra{A}daarasda{Dataaa{A{~B}D{A}A}a{G}at}daasG,22.666666666666668
CHEMBL51776,COC(=O)CCC(=O)Nc1ccc2c(c1)C(=O)C(=O)c3cc(NC(=O)CCC(=O)OC)ccc23,2.67,O=C(OC)CCC(=O)Nc1ccc2c(c1)C(=O)C(=O)c1c-2ccc(NC(=O)CCC(OC)=O)c1,ABA{~B}AAA{~B}Daraaasa{ar}A{~B}A{~B}ataa{DA{~B}AAA{~B}BA}aaast,30.5
CHEMBL1917458,CCS(=O)(=O)c1ccc(Oc2c(C)n(CC(=O)O)c3ccc(cc23)C(F)(F)F)cc1,0.29,O=S(CC)(=O)c1ccc(Oc2c(C)n(CC(O)=O)c3ccc(C(F)(F)F)cc23)cc1,AAE{~B}{~B}araaa{Basa{A}d{AA{~B}B}ataaa{aast}A{G}{G}G}aar,70.16666666666667
CHEMBL1736016,O=C(NC1CCCCC1)C2CCCN(C2)S(=O)(=O)c3cccs3,2.93,C1CCC(NC(C2CN(S(c3cccs3)(=O)=O)CCC2)=O)CC1,B~A{DArAAAAAr}AsAAAD{As}E{~B}{~B}ataaaet,26.16666666666666
CHEMBL2325733,NC1(CCN(CC1)c2ncnc3[nH]ccc23)C(=O)NC(CS(=O)(=O)N)c4ccc(Cl)cc4,2.2,C1CN(c2ncnc3[nH]ccc32)CCC1(N)C(=O)NC(c1ccc(Cl)cc1)CS(N)(=O)=O,DAr{AAD{AAr}asdadat{dQ}aaast}A{~B}DA{AE{~B}{~B}D}auaaa{Z}aau,38.33333333333333
CHEMBL1180257,CCC(N1NC(=O)C2=C(C1=O)C(=O)c3ccc(Cl)cc3N2)c4ccncc4,0.6,c1cnccc1C(n1c(=O)c2c(=O)c3ccc(Cl)cc3[nH]c2c(=O)[nH]1)CC,AAA{DrDA{~B}As~A{Ar~B}A{~B}ataaa{Z}aatDs}auaadaau,65.0
CHEMBL2036732,O=C(Nc1ccc(nc1)N2CCOCC2)c3oc(Nc4cccc(OCc5cccnc5)c4)nn3,3.3,c1(Nc2cc(OCc3cnccc3)ccc2)oc(C(=O)Nc2cnc(N3CCOCC3)cc2)nn1,B~A{Daraaa{dar}DsAABAAs}atba{Dauaaaa{BAavaaadav}au}ddt,20.000000000000004
CHEMBL1835906,CCOC(=O)c1ccc(OCCC2CN(CCO2)c3ccc(C)nn3)cc1,2.7,C(=O)(OCC)c1ccc(OCCC2CN(c3nnc(C)cc3)CCO2)cc1,AABA{~B}araaa{BAAAsAD{AABs}ataaa{A}ddt}aar,29.999999999999996
CHEMBL2178947,Cc1nc(C)c(nc1C(=O)N)c2ccc3c(CC[C@@]34CC[C@H](CC(=O)O)CC4)c2,1.5,C1C[C@H](CC(=O)O)CC[C@@]12c1ccc(-c3nc(C(=O)N)c(C)nc3C)cc1CC2,Aarda{A}a{darA{~B}D}asaaata{AA{A**}tuAA{A*Q}{AA{~B}B}AAu}as,50.0
CHEMBL1779512,COC[C@@H](O)CN1C(=O)C=NN(C1=O)c2ccc(Cl)c(c2)C(=O)NCC3(O)CCCCCC3,1.44,O=c1n(-c2cc(C(NCC3(O)CCCCCC3)=O)c(Cl)cc2)ncc(=O)n1C[C@H](O)COC,ABA{A**Q}{B}ADrA{~B}A~DD{Ar~B}asaaa{Z}a{as}A{~B}DAAt{B}AAAAAAt,51.0
CHEMBL201800,Nc1nc2nc(SCc3ccccc3)nc(N)c2s1,3.1,c1c(CSc2nc3nc(N)sc3c(N)n2)cccc1,Dardasda{EAataaaaat}da{D}aser,23.333333333333332
CHEMBL2010830,CCN(C1CCN(Cc2ccc(cc2)C(F)(F)F)CC1)C(=O)Cc3ccc(cc3)S(=O)(=O)C,2.9,C(C(N(CC)C1CCN(Cc2ccc(C(F)(F)F)cc2)CC1)=O)c1ccc(S(=O)(=O)C)cc1,AAD{ArAAD{Aasaaa{aas}A{G}{G}G}AAr}A{~B}Aataaa{aat}E{~B}{~B}A,26.666666666666668
CHEMBL2312113,COc1cc(O)c(C(CC(=O)N2CC(C)CC(C)C2)c3ccc4OCOc4c3)c(OC)c1,4.3,C1(C)CC(C)CN(C(CC(c2c(OC)cc(OC)cc2O)c2ccc3c(c2)OCO3)=O)C1,ABaraa{B}a{A{AA{~B}DsAA{A}AA{A}As}ataaauBABauat}a{BA}ar,3.333333333333336
CHEMBL1448605,CCNc1nc(N)c(s1)C(=O)c2ccc(Cl)s2,3.63,C(=O)(c1sc(Cl)cc1)c1c(N)nc(NCC)s1,AADarda{D}a{er}A{~B}asaaa{Z}es,14.500000000000002
CHEMBL1778637,CS(=O)(=O)c1ccc(c(Cl)c1)c2cc(ccc2OCC(=O)O)C(F)(F)F,-0.52,c1cc(-c2cc(C(F)(F)F)ccc2OCC(O)=O)c(Cl)cc1S(=O)(C)=O,AE{~B}{~B}araaa{a{Z}ar}asaa{aaasBAA{~B}B}A{G}{G}G,83.66666666666666
CHEMBL234524,Oc1ccc(cc1)N2C(=O)c3ccc(O)cc3C2=O,1.8,c1cc(O)ccc1N1C(=O)c2cc(O)ccc2C1=O,Baraaa{aar}DsA{~B}ataaa{B}aatAs~B,45.0
CHEMBL1451838,C1CCC(CC1)NC2CCCCC2,-0.38,C1CC(NC2CCCCC2)CCC1,ArAAA{AAr}DAsAAAAAs,81.33333333333333
CHEMBL2321995,CN1CC=CCC(C1)c2ccc(Cl)c(Cl)c2,3.32,Clc1cc(C2CC=CCN(C)C2)ccc1Cl,ADrAA~AAA{Ar}asaaa{Z}a{Z}as,19.666666666666668
CHEMBL366205,Oc1ccc(Br)cc1C(=O)C(=O)c2cc(Br)ccc2O,3.85,c1c(Br)cc(C(=O)C(c2cc(Br)ccc2O)=O)c(O)c1,Baraaa{Y}aarA{~B}A{~B}asaa{Y}aaasB,10.83333333333333
CHEMBL2011923,CNc1c(cnc2[nH]c(nc12)c3ccc(OCCN4CCOCC4)cc3)C(=O)N,2.14,c1(NC)c(C(=O)N)cnc2[nH]c(-c3ccc(OCCN4CCOCC4)cc3)nc12,ADara{adas{dQ}a{dars}ataaa{BAADuAABAAu}aat}A{~B}D,39.333333333333336
CHEMBL274737,CC[C@H](CO)Nc1nc(SCc2ccccc2)nc3nc(N)sc13,3.27,N(c1c2c(nc(N)s2)nc(SCc2ccccc2)n1)[C@H](CC)CO,AA{A*Q}{AB}Darda{EAasaaaaas}datda{D}eart,20.5
CHEMBL1916289,C[C@H](NC(=O)c1c(C)nn(c1NS(=O)(=O)c2ccc(cc2)C(F)(F)F)c3ccc(F)cc3)C(C)(C)C,2.35,c1(C(F)(F)F)ccc(S(Nc2c(C(N[C@H](C(C)(C)C)C)=O)c(C)nn2-c2ccc(F)cc2)(=O)=O)cc1,A{A*Q}{DA{~B}ara{A}dd{arDE{~B}{~B}asaaa{aas}A{G}{G}G}ataaa{G}aat}A{A}{A}A,35.833333333333336
CHEMBL370387,Nc1nc2nc(SCc3cccc(F)c3F)nc(O)c2s1,2.5,n1c2c(sc(N)n2)c(O)nc1SCc1cccc(F)c1F,Dardasda{EAataaaa{G}atG}da{B}aser,33.333333333333336
CHEMBL558,CC(N)COc1c(C)cccc1C,0.62,c1(OCC(N)C)c(C)cccc1C,AA{D}ABara{A}aaaarA,64.66666666666667
CHEMBL403296,CCCCC(O)c1[nH]c2cc(C)c(cc2c1CCc3ccccc3)C(=O)O,2.59,Cc1c(C(O)=O)cc2c(CCc3ccccc3)c(C(CCCC)O)[nH]c2c1,AAAAA{B}ar{dQ}asaa{A}a{aasarAAataaaaat}A{~B}B,31.833333333333332
CHEMBL1343875,CC(C(=O)Nc1ccc(Cl)cc1)c2ncc(cc2Cl)C(F)(F)F,4.19,c1(Cl)c(C(C(=O)Nc2ccc(Cl)cc2)C)ncc(C(F)(F)F)c1,AA{A{~B}Daraaa{Z}aar}asdaa{aasZ}A{G}{G}G,5.16666666666666
CHEMBL434063,CN(CCOc1ccc(C[C@H](Nc2ccccc2C(=O)c3ccccc3)C(=O)O)cc1)c4ccccn4,2.15,c1ccc(N[C@H](C(=O)O)Cc2ccc(OCCN(c3ncccc3)C)cc2)c(C(c2ccccc2)=O)c1,AD{AABaraaa{A{A*Q}{DasaaaaasA{~B}ataaaaat}A{~B}B}aar}auaaaadu,39.166666666666664
CHEMBL102047,CN(C)CC(O)COc1ccc(Nc2nccc(Nc3ccccc3)n2)cc1,1.58,c1(Nc2ccc(OCC(O)CN(C)C)cc2)nc(Nc2ccccc2)ccn1,AD{A}AA{B}ABaraaa{Dasdaaa{Dataaaaat}ds}aar,48.666666666666664
CHEMBL2335884,C(CN1CCCC1)Oc2ccc(Nc3ncc4cc(ccc4n3)c5ccncc5)cc2,2.66,n1ccc(-c2cc3c(cc2)nc(Nc2ccc(OCCN4CCCC4)cc2)nc3)cc1,A{ADrAAAAr}Basaaa{Datdaauaa{aaaudt}avaadaav}aas,30.666666666666668
CHEMBL8,OC(=O)C1=CN(C2CC2)c3cc(N4CCNCC4)c(F)cc3C1=O,-0.96,C1NCCN(c2c(F)cc3c(=O)c(C(O)=O)cn(C4CC4)c3c2)C1,BA{~B}Ar~AD{AsAAs}ataa{DuAADAAu}a{G}aatAr~B,91.0
CHEMBL319136,CN(C)C(=O)[C@H](O)[C@H](Cc1ccccc1)NC(=O)c2cc3cc(Cl)ccc3[nH]2,3.6,c1cc(C[C@H](NC(=O)c2[nH]c3ccc(Cl)cc3c2)[C@@H](O)C(=O)N(C)C)ccc1,AD{A}A{~B}{A*Q}{B}{A*Q}{Aaraaaaar}DA{~B}asaataa{Z}aaat{dQ}s,14.999999999999998
CHEMBL2165058,CO[C@H]1CN(CCN2C(=O)C=Cc3ccc(cc23)C#N)CC[C@@H]1NCc4cc5OCCOc5cn4,1.05,[C@H]1(NCc2cc3c(cn2)OCCO3)CCN(CCn2c3c(ccc2=O)ccc(C#N)c3)C[C@@H]1OC,AB{A*Q}rAD{AADsA{~B}A~Aataaa{aast}A^D}AA{A**Q}rDAauaavBAABavadu,57.5
CHEMBL549,CN(C)CCCC1(OCc2cc(ccc12)C#N)c3ccc(F)cc3,1.56,CN(CCCC1(c2ccc(F)cc2)OCc2c1ccc(C#N)c2)C,AD{A}AAAAr{BAasaa{aaars}A^D}ataaa{G}aat,49.0
CHEMBL1950859,CN[C@@H](C)C(=O)N[C@H](C(=O)N[C@H]1CCCN(CCc2ccc(cc2)[N+](=O)[O-])C1)C(C)(C)C,1.54,CN[C@H](C(N[C@H](C(N[C@H]1CCCN(CCc2ccc([N+](=O)[O-])cc2)C1)=O)C(C)(C)C)=O)C,AD{A**Q}{A}A{~B}D{A*Q}{A{~B}D{A*Q}rAAAD{AAasaaa{aas}{D%}{~B}{B_}}Ar}A{A}{A}A,49.333333333333336
CHEMBL413065,CCc1nc2c(N)nc3ccccc3c2n1CC(C)C,2.55,n1c(CC)n(CC(C)C)c2c3c(cccc3)nc(N)c12,AAardasa{D}dataaaaatasdrAA{A}A,32.50000000000001
CHEMBL2011931,COc1ccc(cc1)c2nc3c(NCCCNC(=O)C4CC4)c(Br)cnc3[nH]2,1.71,c1cc(-c2[nH]c3ncc(Br)c(NCCCNC(C4CC4)=O)c3n2)ccc1OC,ABaraaa{aar}asdata{DAAADA{~B}AuAAu}a{Y}adat{dQ}s,46.5
CHEMBL218490,CCN[C@H]1C[C@H](C)S(=O)(=O)c2sc(cc12)S(=O)(=O)N,0.27,c1(S(=O)(N)=O)cc2c(s1)S(=O)(=O)[C@@H](C)C[C@@H]2NCC,AAD{A*Q}rA{A*Q}{A}E{~B}{~B}asea{aars}E{~B}{~B}D,70.50000000000001
CHEMBL1783280,CCCNC(=O)c1nnc2c(cccc2c1N)c3cnccc3OC,2.83,c12c(N)c(C(=O)NCCC)nnc1c(-c1cnccc1OC)ccc2,AAADA{~B}arddasa{aaaasarD}atadaaatBA,27.833333333333332
CHEMBL1255834,CC(N)Cc1c[nH]c2ccc(OCc3cccs3)cc12,0.48,c1c(COc2ccc3[nH]cc(CC(C)N)c3c2)scc1,AA{D}Aara{dQ}asaaa{BAataaaet}aars,66.99999999999999
CHEMBL436281,C1CC2(CCN1)OC(c3ccccc3)c4ccccc24,0.75,C1CC2(c3ccccc3C(c3ccccc3)O2)CCN1,ArAAs{AADr}BA{ataaaaat}auaaaaasu,62.5
CHEMBL1809194,COc1cc(ccc1Nc2ncc(Br)c(n2)c3cnc4ccccn34)N5CCN(CC5)C(=O)C,3.7,O(C)c1cc(N2CCN(C(=O)C)CC2)ccc1Nc1nc(-c2cnc3n2cccc3)c(Br)cn1,ABaraa{aaarDasdaa{Y}a{ds}atadauaaaadtu}DvAAD{AAv}A{~B}A,13.33333333333333
CHEMBL211866,CCN(C1CCN(CC[C@@H](c2ccccc2)c3ccc(cc3)S(=O)(=O)C)CC1)C(=O)Cc4ccc(cc4)S(=O)(=O)C,1.38,c1([C@@H](c2ccc(S(=O)(C)=O)cc2)CCN2CCC(N(C(Cc3ccc(S(=O)(=O)C)cc3)=O)CC)CC2)ccccc1,AAD{ArAAD{AA{A**Q}{asaaaaas}ataaa{aat}E{~B}{~B}A}AAr}A{~B}Aauaaa{aau}E{~B}{~B}A,52.0
CHEMBL831,CN1CCN(CC1)C2=Nc3ccccc3Oc4ccc(Cl)cc24,3.24,c1c2c(ccc1)N=C(N1CCN(C)CC1)c1cc(Cl)ccc1O2,ADrAAD{AAr}As~DataaaaatBauaaa{Z}aasu,20.999999999999996
CHEMBL2207596,COc1cc(O)c(cc1NC(=O)CCC(=O)O)S(=O)(=O)N2C(C)CCc3ccccc23,-0.27,c1c(NC(=O)CCC(O)=O)c(OC)cc(O)c1S(N1c2c(cccc2)CCC1C)(=O)=O,ABaraa{B}a{aarDA{~B}AAA{~B}B}E{~B}{~B}DsA{A}AAataaaaast,79.49999999999999
CHEMBL1994944,Cn1ncc2C(=O)NC(=Nc12)c3ccccc3,1.61,c1c(-c2nc3n(C)ncc3c(=O)[nH]2)cccc1,AdrdaasA{~B}DA{~Dars}ataaaaat,48.16666666666666
CHEMBL126224,CN(C)CCCn1c2CCCCCCc2c3ccccc13,2.96,C1Cc2c(n(CCCN(C)C)c3c2cccc3)CCCC1,AD{A}AAAdrasAAAAAAasataaaaart,25.666666666666668
CHEMBL242341,COc1ccc(cc1)C2=COc3cc(O)ccc3C2=O,3.05,c1(OC)ccc(-c2c(=O)c3ccc(O)cc3oc2)cc1,ABaraaa{aar}As~ABataa{B}aaatAs~B,24.16666666666667
CHEMBL1431859,NC(=O)c1cccnc1Oc2ccccc2,1.13,n1cccc(C(=O)N)c1Oc1ccccc1,DA{~B}araaadarBasaaaaas,56.166666666666664
CHEMBL578061,N(c1ccccc1)c2ccnc(Nc3ccccc3)n2,4.06,c1(Nc2nccc(Nc3ccccc3)n2)ccccc1,D{araaaaar}asaada{Dataaaaat}ds,7.33333333333334
CHEMBL289330,CCN1CCC[C@H]1CNC(=O)c2cc(Br)cc(OC)c2OC,1.2,CCN1CCC[C@H]1CNC(=O)c1cc(Br)cc(OC)c1OC,AADrAAA{A*Q}rADA{~B}asaa{Y}aa{BA}asBA,55.0
CHEMBL1824029,CC(O)c1ccc2OCC(=O)N(CCN3CCC(CC3)NCc4ccc5OCC(=O)Nc5n4)c2c1,0.25,C1C(=O)N(CCN2CCC(NCc3ccc4c(n3)NC(=O)CO4)CC2)c2cc(C(C)O)ccc2O1,AA{B}araaasBAA{~B}D{AADtAAA{AAt}DAauaaavBAA{~B}Davdu}asar,70.83333333333333
CHEMBL494480,CCN(CC)C(=O)c1ccc(cc1)C2=CC3(CCNCC3)Oc4cccc(O)c24,0.54,c1(C(N(CC)CC)=O)ccc(C2=CC3(Oc4cccc(O)c42)CCNCC3)cc1,AAD{AA}A{~B}araaa{aar}As~AAt{AADAAt}Bauaaaa{B}asu,66.0
CHEMBL317629,CN(C)CC(O)COc1ccc(Nc2nccc(Nc3cccc(Cl)c3)n2)cc1,2.5,c1c(Nc2nc(Nc3ccc(OCC(CN(C)C)O)cc3)ncc2)cccc1Cl,AD{A}AA{B}ABaraaa{Dasdaaa{Dataaaa{Z}at}ds}aar,33.333333333333336
CHEMBL1568309,CC(=O)Nc1ccccc1C,1.0,c1(NC(C)=O)c(C)cccc1,AA{~B}DaraaaaarA,58.333333333333336
CHEMBL393384,Clc1ccc(OC2CCNCC2)cc1C(=O)NCC34CC5CC(CC(C5)C3)C4,1.83,C1C2CC3CC(CC1(CNC(=O)c1cc(OC4CCNCC4)ccc1Cl)C3)C2,Zaraaa{BAsAADAAs}aarA{~B}DAAtuAAvAA{AA{Av}At}Au,44.5
CHEMBL2048868,COc1cccc(\C=C\2/SC(=O)NC2=O)c1N3CCC[C@@H](N)C3,1.27,S1/C(=C\c2cccc(OC)c2N2C[C@H](N)CCC2)C(=O)NC1=O,ABaraaaa{!A~A!s|EA{~B}DAs~B}arDtAAA{A**Q}{D}At,53.833333333333336
CHEMBL1429296,COc1ccccc1CN2C(C(=O)NC3CCC(C)CC3)c4ccccc4C2=O,3.74,c1cc2c(cc1)C(C(NC1CCC(C)CC1)=O)N(Cc1c(OC)cccc1)C2=O,ABaraaaaarADsA{A{~B}DAtAAA{A}AAt}auaaaaauAs~B,12.666666666666663
CHEMBL402011,C[C@@H](Oc1cccc2ncnc(Nc3ccc4c(cnn4Cc5ccccn5)c3)c12)C(=O)N(C)C,2.89,O=C(N(C)C)[C@@H](C)Oc1cccc2ncnc(Nc3ccc4n(Cc5ccccn5)ncc4c3)c12,A{A**Q}{Baraaaasdada{Dataaaua{adduAavaaaadv}at}ars}A{~B}D{A}A,26.833333333333332
CHEMBL227148,COCCNC(=O)c1cccc(CN2NC(=O)C3=C(C2=O)C(=O)c4ccc(Cl)cc4N3)c1,1.2,c1(Cn2c(=O)c3c(c(=O)[nH]2)[nH]c2c(ccc(Cl)c2)c3=O)cc(C(NCCOC)=O)ccc1,ABAADA{~B}araaaa{ADsDA{~B}At~A{As~B}A{~B}auaaa{Z}aauDt}ar,55.0
CHEMBL2059868,Cc1ccc(cc1NC(=O)c2ccc(OCc3ccccn3)cc2)c4[nH]cnc4C,2.87,[nH]1cnc(C)c1-c1ccc(C)c(NC(=O)c2ccc(OCc3ncccc3)cc2)c1,Aaraaa{aarDA{~B}asaaa{BAataaaadt}aas}au{dQ}adauA,27.166666666666668
CHEMBL1570112,CCn1c2ccccc2c3cc(NC(=O)C)ccc13,3.5,c12c(c3ccccc3n1CC)cc(NC(=O)C)cc2,AAdrasaaaaasataa{DA{~B}A}aaart,16.666666666666668
CHEMBL2011895,CNc1c(Br)cnc2[nH]c(nc12)c3ccc(OCCN4CCCCC4)cc3,2.56,c1cc(OCCN2CCCCC2)ccc1-c1nc2c([nH]1)ncc(Br)c2NC,ADara{Y}adas{dQ}a{dars}ataaa{BAADuAAAAAu}aat,32.333333333333336
CHEMBL1917425,Cc1c(Sc2ccc(Cl)cc2)c3c(Cl)cccc3n1CC(=O)O,2.15,c1cc(Cl)c2c(Sc3ccc(Cl)cc3)c(C)n(CC(O)=O)c2c1,Aara{Easaaa{Z}aas}ata{Z}aaaatdrAA{~B}B,39.166666666666664
CHEMBL44326,Oc1cccc(c1)c2nc3ccc(O)cc3s2,3.7,c1ccc(-c2sc3cc(O)ccc3n2)cc1O,Baraaaa{ar}asdataaa{B}aates,13.33333333333333
CHEMBL341175,CN(C)C(=O)C1(CCN(CC[C@H](CN(C)C(=O)c2cc(cc3ccccc23)C#N)c4ccc(Cl)c(Cl)c4)CC1)N5CCCCC5=O,2.52,C1CCC(=O)N(C2(C(=O)N(C)C)CCN(CC[C@H](CN(C)C(=O)c3cc(C#N)cc4ccccc43)c3ccc(Cl)c(Cl)c3)CC2)C1,AD{A}A{~B}Ar{AAD{AA{A*Q}{AD{A}A{~B}asaa{aataaaaast}A^D}auaaa{Z}a{Z}au}AAr}DvAAAAAv~B,33.0
CHEMBL1224142,Cc1c(O[C@H]2C[C@H]3CC[C@@H](C2)N3Cc4ccccc4)cccc1C(=O)N,1.6,c1(CN2[C@H]3CC[C@@H]2C[C@H](Oc2cccc(C(=O)N)c2C)C3)ccccc1,Aara{B{A*Q}sA{A*Q}tAA{A**Q}{As}DtAauaaaaau}aaaarA{~B}D,48.333333333333336
CHEMBL1374738,[O-][N+](=O)c1oc(C=NN2CCOC2=O)cc1,-0.12,o1c(C=NN2CCOC2=O)ccc1[N+](=O)[O-],{B_}{D%}{~B}arba{A~DDsAABAs~B}aar,77.0
CHEMBL1917443,Cc1ccc2c(c1)c(Sc3ccc(cc3)S(=O)(=O)C)c(C)n2CC(=O)O,-0.08,c1c(Sc2c(C)n(CC(=O)O)c3c2cc(C)cc3)ccc(S(=O)(C)=O)c1,Aaraaasa{ar}a{Eataaa{aat}E{~B}{~B}A}a{A}dsAA{~B}B,76.33333333333333
CHEMBL224769,Cc1ccc(cc1S(=O)(=O)n2ccc(n2)c3c(C)nc4ccc(Br)cn34)[N+](=O)[O-],3.52,c12nc(C)c(-c3nn(S(=O)(=O)c4cc([N+](=O)[O-])ccc4C)cc3)n1cc(Br)cc2,Aaraaa{aarE{~B}{~B}dsaaa{ds}ata{A}dauaaa{Y}adtu}{D%}{~B}{B_},16.333333333333332
CHEMBL1796300,OC1(CCc2ccc(Oc3ccc(cc3)C(=O)NCc4ccncn4)cc2)CN5CCC1CC5,0.76,n1cnccc1CNC(=O)c1ccc(Oc2ccc(CCC3(O)C4CCN(CC4)C3)cc2)cc1,BAr{AAasaaa{Bataaa{aat}A{~B}DAauaadadu}aas}ADvAAArAAv,62.333333333333336
CHEMBL206229,CC(C)CN1C(=O)N(C)C(=O)c2c(SC(C)C)c(Cc3ccccc3C(F)(F)F)sc12,4.42,C(c1c(C(F)(F)F)cccc1)c1c(SC(C)C)c2c(=O)n(C)c(=O)n(CC(C)C)c2s1,AA{A}ADrA{~B}D{A}A{~B}asa{EA{A}A}a{AataaaaatA{G}{G}G}ears,1.3333333333333346
CHEMBL49,O=C1CC2(CCCC2)CC(=O)N1CCCCN3CCN(CC3)c4ncccn4,2.19,C1CCC2(CC(=O)N(CCCCN3CCN(c4ncccn4)CC3)C(=O)C2)C1,B~ArAAs{AAAAs}AA{~B}DrAAAADtAAD{AAt}audaaadu,38.5
CHEMBL12315,c1ccc2cnccc2c1,1.6,c1cccc2c1cncc2,araaasadaaasar,48.333333333333336
CHEMBL447983,C[C@](N)(Cc1ccccc1)c2ccccc2,1.7,c1ccc(C[C@](c2ccccc2)(C)N)cc1,A{A*}{D}{Aaraaaaar}asaaaaas,46.666666666666664
CHEMBL2030402,Clc1ccc2oc3C(=O)NC(=Nc3c2c1)[C@@H]4CCCN4,2.01,c1cc(Cl)cc2c1oc1c(=O)[nH]c([C@H]3NCCC3)nc12,ZaraaasbatA{~B}DA{~Datasar}{A**Q}uAAADu,41.50000000000001
CHEMBL1950847,CN[C@@H](C)C(=O)N[C@H](C(=O)N[C@H]1CCCN(C1)S(=O)(=O)Cc2ccccc2)C(C)(C)C,0.78,C1[C@H](NC([C@H](C(C)(C)C)NC(=O)[C@H](C)NC)=O)CN(S(=O)(=O)Cc2ccccc2)CC1,AD{A**Q}{A}A{~B}D{A*Q}{A{~B}D{A*Q}rAAAD{Ar}E{~B}{~B}Aasaaaaas}A{A}{A}A,62.0
CHEMBL1809055,COc1cc(ccc1Nc2ncc(Cl)c(n2)c3cnc4ccccn34)C(=O)N5CCOCC5,3.4,COc1cc(C(=O)N2CCOCC2)ccc1Nc1nc(-c2n3ccccc3nc2)c(Cl)cn1,ABaraa{aaarDasdaa{Z}a{ds}atadauaaaadtu}A{~B}DvAABAAv,18.333333333333336
CHEMBL2335880,O=C(NCCN1CCCC1)c2ccc(Nc3ncc4cc(ccc4n3)c5ccncc5)cc2,2.39,c1cc(C(NCCN2CCCC2)=O)ccc1Nc1ncc2cc(-c3ccncc3)ccc2n1,B~A{DAADrAAAAr}asaaa{Datdaauaa{aaaudt}avaadaav}aas,35.166666666666664
CHEMBL509406,CC(C)n1c(C)ncc1c2nc(Nc3ccc(C(=O)NC4CCN(C)CC4)c(F)c3)ncc2F,2.41,C1(NC(=O)c2ccc(Nc3nc(-c4n(C(C)C)c(C)nc4)c(F)cn3)cc2F)CCN(C)CC1,AA{A}dra{A}daarasda{Dataaa{A{~B}DAuAAD{A}AAu}a{G}at}daasG,34.833333333333336
CHEMBL2178943,Cc1nc(C)c(nc1C(=O)N)c2ccc([C@@H]3CC[C@@H](CC(=O)O)CC3)c(Cl)c2,1.8,C(=O)(c1c(C)nc(C)c(-c2ccc([C@H]3CC[C@H](CC(=O)O)CC3)c(Cl)c2)n1)N,Aarda{A}a{darA{~B}D}asaaa{{A**Q}tAA{A**Q}{AA{~B}B}AAt}a{Z}as,45.0
CHEMBL462192,CC(C)n1c(C)ncc1c2nc(Nc3ccc(cc3)C(=O)N4CCCN(C)CC4)ncc2F,2.02,c1c(Nc2nc(-c3cnc(C)n3C(C)C)c(F)cn2)ccc(C(=O)N2CCN(C)CCC2)c1,AA{A}dra{A}daarasda{Dataaa{aat}A{~B}DuAAAD{A}AAu}daasG,41.333333333333336
CHEMBL271013,C[C@H](CO)Nc1nc(SCc2ccccc2)nc3nc(N)sc13,3.12,C(O)[C@@H](C)Nc1nc(SCc2ccccc2)nc2nc(N)sc21,A{A*Q}{AB}Darda{EAasaaaaas}datda{D}eart,23.0
CHEMBL327151,O=C(CCc1ccncc1)Nc2ccc(cc2)C(=O)c3ccccc3,3.4,O=C(c1ccccc1)c1ccc(NC(CCc2ccncc2)=O)cc1,B~A{AAaraadaar}Dasaaa{aas}A{~B}ataaaaat,18.333333333333336
CHEMBL2086694,C[C@@H]1CN(CCN1c2ncc(OCc3ccncc3C#N)cn2)c4noc(n4)C(F)F,2.85,C1N(c2noc(C(F)F)n2)CCN(c2ncc(OCc3ccncc3C#N)cn2)[C@@H]1C,A{A**Q}rAD{AADrasdaa{BAataadaatA^D}ads}audba{du}A{G}G,27.5
CHEMBL370552,CCN(C1CCN(CCC(c2ccccc2)c3ccc(NC(=O)C(C)(C)C)cc3)CC1)C(=O)Cc4ccc(cc4)S(=O)(=O)C,2.98,C1CC(N(CC)C(Cc2ccc(S(=O)(C)=O)cc2)=O)CCN1CCC(c1ccc(NC(C(C)(C)C)=O)cc1)c1ccccc1,AAD{ArAAD{AAA{asaaaaas}ataaa{DA{~B}A{A}{A}A}aat}AAr}A{~B}Aauaaa{aau}E{~B}{~B}A,25.333333333333332
CHEMBL24137,COc1cc2c(Nc3ccc(Cl)cc3F)ncnc2cc1OCCCN4CCOCC4,3.4,c1c(Cl)ccc(Nc2c3cc(OC)c(OCCCN4CCOCC4)cc3ncn2)c1F,ABaraasa{Dataaa{Z}aatG}dadasaarBAAADuAABAAu,18.333333333333336
CHEMBL2171021,Cc1c(Cl)ccc(OC2CCN(CC2)C3CCN(CC3)C(=O)c4cccc(c4)S(=O)(=O)C)c1Cl,3.33,c1c(S(=O)(C)=O)cccc1C(=O)N1CCC(N2CCC(Oc3ccc(Cl)c(C)c3Cl)CC2)CC1,Aara{Z}aaa{BAsAAD{AAs}AtAAD{AAt}A{~B}auaaaa{au}E{~B}{~B}A}arZ,19.5
CHEMBL192307,CCCCc1nc2c(N)nc3ccccc3c2n1CC(C)C,3.82,c1(N)c2c(n(CC(C)C)c(CCCC)n2)c2ccccc2n1,AAAAardasa{D}dataaaaatasdrAA{A}A,11.333333333333336
CHEMBL399510,CCN(CC)CCNC(=O)c1cc(Br)c(N)cc1OC,0.54,Brc1c(N)cc(OC)c(C(NCCN(CC)CC)=O)c1,AAD{AA}AADA{~B}araa{Y}a{D}aarBA,66.0
CHEMBL2036743,OC(=O)Cc1ccc(cc1)c2ccc(NC(=O)c3oc(Nc4ccccc4F)nn3)cc2,1.5,c1cc(NC(=O)c2nnc(Nc3ccccc3F)o2)ccc1-c1ccc(CC(O)=O)cc1,BA{~B}Aaraaa{aar}asaaa{DA{~B}atba{DauaaaaauG}ddt}aas,50.0
CHEMBL1818328,O=S(=O)(N1CCCC1)c2ccccc2c3ccc(CNC4CCOCC4)cc3,1.4,c1(-c2c(S(=O)(=O)N3CCCC3)cccc2)ccc(CNC2CCOCC2)cc1,B~E{~B}{DrAAAAr}asaaaaasataaa{ADAuAABAAu}aat,51.666666666666664
CHEMBL2086478,Cc1ccc(NC(=O)C=C)cc1,2.25,O=C(Nc1ccc(C)cc1)C=C,Aaraaa{DA{~B}A~A}aar,37.5
CHEMBL1779003,COc1cc(F)ccc1c2cncc(CNC3CCCC3)c2,2.29,c1(CNC2CCCC2)cc(-c2c(OC)cc(F)cc2)cnc1,ABaraa{G}aaarasadaa{ADAtAAAAt}as,36.833333333333336
CHEMBL32800,CC(Cc1ccc(O)cc1)NCC(O)c2cc(O)cc(O)c2,-0.06,Oc1ccc(CC(NCC(O)c2cc(O)cc(O)c2)C)cc1,AA{Aaraaa{B}aar}DAA{B}asaa{B}aa{B}as,75.99999999999999
CHEMBL257478,C[C@@H](Oc1cccc2ncnc(Nc3ccc(Oc4ccc(C)nc4)c(C)c3)c12)C(=O)N(C)CCO,3.85,OCCN(C(=O)[C@@H](C)Oc1c2c(ccc1)ncnc2Nc1cc(C)c(Oc2ccc(C)nc2)cc1)C,A{A**Q}{Baraaaasdada{Dataaa{Bauaaa{A}dau}a{A}at}ars}A{~B}D{A}AAB,10.83333333333333
CHEMBL2208427,COc1cc(ccc1N)C(=O)NC[C@@H](O)CN2CCC(CC2)Oc3ccc(Cl)c(Cl)c3,3.12,c1cc(N)c(OC)cc1C(=O)NC[C@H](CN1CCC(Oc2ccc(Cl)c(Cl)c2)CC1)O,ABaraa{aaarD}A{~B}DA{A**Q}{B}ADsAAA{AAs}Bataaa{Z}a{Z}at,23.0
CHEMBL2011918,CNc1c(Br)cnc2[nH]c(nc12)c3ccc(OCCN4CCN(C)CC4)cc3,2.91,c12c(c(NC)c(Br)cn1)nc(-c1ccc(OCCN3CCN(C)CC3)cc1)[nH]2,ADara{Y}adas{dQ}a{dars}ataaa{BAADuAAD{A}AAu}aat,26.5
CHEMBL2,COc1cc2nc(nc(N)c2cc1OC)N3CCN(CC3)C(=O)c4occc4,1.9,C1N(c2nc3c(c(N)n2)cc(OC)c(OC)c3)CCN(C(c2ccco2)=O)C1,ABaraasda{da{D}asaarBA}DtAAD{AAt}A{~B}aubaaau,43.333333333333336
CHEMBL1478592,Cc1c(sc2ncnc(O)c12)C(=O)Nc3ccccc3,2.13,s1c(C(=O)Nc2ccccc2)c(C)c2c(O)ncnc12,Aara{easdada{B}ars}A{~B}Dataaaaat,39.5
CHEMBL1199945,COCC(=O)N1CCC(CC1)n2cc(cn2)c3cnc(N)c(c3)c4oc5ccccc5n4,3.4,c1c(-c2cn(C3CCN(C(COC)=O)CC3)nc2)cc(-c2nc3c(cccc3)o2)c(N)n1,ABAA{~B}DrAAA{AAr}dsaa{ads}atada{D}a{at}aubavaaaaavdu,18.333333333333336
CHEMBL14642,CCCC(=O)C1(CCN(CC1)C(=O)[C@@H](Cc2ccc(OC)cc2)NC(=O)[C@@H](N)Cc3cncn3C)c4ccccc4,2.51,N([C@@H](C(N1CCC(C(CCC)=O)(c2ccccc2)CC1)=O)Cc1ccc(OC)cc1)C(=O)[C@H](Cc1cncn1C)N,AAAA{~B}Ar{AAD{AAr}A{~B}{A**Q}{Aasaaa{BA}aas}DA{~B}{A**Q}{D}AatadadtA}auaaaaau,33.16666666666667
CHEMBL1951899,CCN(C1CCN(CC[C@H](N2CCN(CC2)S(=O)(=O)CC(F)(F)F)c3ccccc3)CC1)C(=O)Cc4ccc(cc4)S(=O)(=O)C,1.8,c1cc([C@H](CCN2CCC(N(C(=O)Cc3ccc(S(C)(=O)=O)cc3)CC)CC2)N2CCN(S(=O)(=O)CC(F)(F)F)CC2)ccc1,AAD{ArAAD{AA{A*Q}{DsAAD{AAs}E{~B}{~B}AA{G}{G}G}ataaaaat}AAr}A{~B}Aauaaa{aau}E{~B}{~B}A,45.0
CHEMBL459236,CCN1C(=O)C=Cc2cc(COc3cc(F)cc(c3)C4(CCOCC4)OC)ccc12,3.89,C1C(OC)(c2cc(F)cc(OCc3ccc4c(ccc(=O)n4CC)c3)c2)CCOC1,AADrA{~B}A~Aasaa{ABataa{G}aa{at}Au{AABAAu}BA}aaars,10.166666666666664
CHEMBL448474,CC(=O)OCCn1c(Sc2nc3cccc(Cl)c3s2)nc4c(N)ncnc14,3.16,S(c1nc2cccc(Cl)c2s1)c1n(CCOC(C)=O)c2ncnc(N)c2n1,AA{~B}BAAdra{Easdataaaa{Z}ates}daua{D}dadaru,22.333333333333332
CHEMBL249295,CN1CCN(CC1)[C@@H]2C[C@@H](C2)c3nc(c4ccc5ccc(nc5c4)c6ccccc6)c7c(N)nccn37,3.2,Nc1c2n(ccn1)c([C@H]1C[C@@H](N3CCN(C)CC3)C1)nc2-c1ccc2c(c1)nc(-c1ccccc1)cc2,ADrAAD{AAr}{A**Q}sA{A**Q}{As}atda{auaaavaaa{davau}awaaaaaw}axa{D}daadtx,21.66666666666666
CHEMBL455427,CC(C)n1c(C)ncc1c2ccnc(Nc3ccc(C(=O)N)c(F)c3)n2,2.8,n1c(C)n(C(C)C)c(-c2ccnc(Nc3ccc(C(N)=O)c(F)c3)n2)c1,AA{A}dra{A}daarasaada{Dataaa{A{~B}D}a{G}at}ds,28.33333333333334
CHEMBL2059378,CCNC(=O)c1cc2c(c(cnc2[nH]1)c3cncc(c3)C4=NNC(=O)O4)n5ccc(n5)C(F)(F)F,1.65,[nH]1c(=O)oc(-c2cncc(-c3c(-n4ccc(C(F)(F)F)n4)c4cc(C(=O)NCC)[nH]c4nc3)c2)n1,AADA{~B}araasa{a{adas{dQ}r}atadaa{at}Au~DDA{~B}Bu}dvaaa{dv}A{G}{G}G,47.5
CHEMBL564,CN(C)CCCN1c2ccccc2Sc3ccccc13,2.56,C(N1c2ccccc2Sc2ccccc21)CCN(C)C,AD{A}AAADrasaaaaasEataaaaart,32.333333333333336
CHEMBL2158780,Cc1cc(Cl)ccc1OC2CCN(CC3CCN(CC3)[C@@H](Cc4ccc(F)cc4)C(=O)O)CC2,2.53,[C@H](Cc1ccc(F)cc1)(C(O)=O)N1CCC(CN2CCC(Oc3c(C)cc(Cl)cc3)CC2)CC1,Aaraa{Z}aaarBAsAAD{AAtAAD{AAt}{A**Q}{Aauaaa{G}aau}A{~B}B}AAs,32.833333333333336
CHEMBL1200147,Nc1ncc(cc1c2oc3ccccc3n2)c4cnn(c4)C5CCN(CC5)C(=O)CO,3.2,O=C(CO)N1CCC(n2cc(-c3cc(-c4oc5ccccc5n4)c(N)nc3)cn2)CC1,Dardaa{aarasbataaaaatds}auadd{au}AvAAD{AAv}A{~B}AB,21.66666666666666
CHEMBL418226,CCc1cc(OCc2ccc(cc2)c3ccccc3c4nn[nH]n4)c5CCCCc5n1,1.7,c1(-c2c(-c3ccc(COc4cc(CC)nc5c4CCCC5)cc3)cccc2)n[nH]nn1,AAaraa{BAasaaa{aas}ataaaaataudd{dQ}du}avAAAAavdr,46.666666666666664
CHEMBL2216839,C[C@@H]1CN(Cc2oc(nn2)c3cc(cc4[nH]ncc34)c5cccc6[nH]ccc56)C[C@H](C)O1,4.01,c1(-c2c3cc[nH]c3ccc2)cc2c(cn[nH]2)c(-c2nnc(CN3C[C@@H](C)O[C@@H](C)C3)o2)c1,A{A**Q}rAD{Aasba{dds}ataa{aau{dQ}daatu}avaaaaw{dQ}aaavw}A{A*Q}{A}Br,8.16666666666667
CHEMBL507177,NC(=O)Nc1sc(cc1C(=O)N2CCOCC2)c3ccccc3,2.24,c1(-c2ccccc2)cc(C(N2CCOCC2)=O)c(NC(=O)N)s1,DA{~B}Darea{aarA{~B}DsAABAAs}ataaaaat,37.666666666666664
CHEMBL290663,O=C(NCCCN1CCCCC1)C(c2ccccc2)c3ccccc3,1.33,C(c1ccccc1)(c1ccccc1)C(NCCCN1CCCCC1)=O,B~A{DAAADrAAAAAr}A{asaaaaas}ataaaaat,52.833333333333336
CHEMBL471578,Nc1c(Nc2ccccc2)nc(nc1N3CCOCC3)C#N,2.72,c1cc(Nc2nc(C#N)nc(N3CCOCC3)c2N)ccc1,Dara{Dasaaaaas}da{darDtAABAAt}A^D,29.66666666666666
CHEMBL224399,COc1cc(N2CCN(C)CC2)c3NC(=CC(=O)c3c1)C(=O)Nc4ccc(cc4)N5CCOCC5,2.7,C1CN(C)CCN1c1cc(OC)cc2c(=O)cc(C(=O)Nc3ccc(N4CCOCC4)cc3)[nH]c12,ABaraa{DsAAD{A}AAs}atDA{~AA{~B}atar}A{~B}Dauaaa{aau}DvAABAAv,29.999999999999996
CHEMBL2207805,O=C(NCc1occc1)c2ccc3[nH]c(COc4ccc(cc4)C56CC7CC(CC(C7)C5)C6)nc3c2,4.0,C12CC3CC(CC(c4ccc(OCc5nc6cc(C(NCc7occc7)=O)ccc6[nH]5)cc4)(C1)C3)C2,B~A{DAarbaaar}asaaat{dQ}a{ABauaaa{aau}AvwAAxAA{AA{Ax}Av}Aw}datas,8.333333333333334
CHEMBL1831214,NC(=O)Nc1cc(sc1C(=O)N)c2ccccc2,2.43,C(=O)(N)Nc1cc(-c2ccccc2)sc1C(=O)N,DA{~B}Daraa{earA{~B}D}asaaaaas,34.49999999999999
CHEMBL114868,CC(C)C(NC(=O)CN1C(=O)C(=CC=C1c2ccccc2)NS(=O)(=O)c3cccc(NC(=O)C)c3)C(=O)C(F)(F)F,2.43,c1ccccc1-c1n(CC(NC(C(C)C)C(=O)C(F)(F)F)=O)c(=O)c(NS(c2cccc(NC(=O)C)c2)(=O)=O)cc1,AA{A}A{DA{~B}ADrA{~B}A{~AA~Arasaaaaas}DE{~B}{~B}ataaaa{DA{~B}A}at}A{~B}A{G}{G}G,34.49999999999999
CHEMBL1314022,CCN(c1ccccc1)c2cc(NC)[n+](C)c(C)n2,-0.91,Cc1[n+](C)c(NC)cc(N(c2ccccc2)CC)n1,AAD{araaaaar}asaa{DA}{d%}{A}a{A}ds,90.16666666666667
CHEMBL1829428,CCC(N(CCCN)C(=O)c1ccc(C)cc1)C2=Nc3ncccc3C(=O)N2Cc4ccccc4,-0.04,C(C(N(CCCN)C(=O)c1ccc(C)cc1)c1n(Cc2ccccc2)c(=O)c2c(n1)nccc2)C,AAA{D{AAAD}A{~B}araaa{A}aar}As~DatdaaaatA{~B}DsAauaaaaau,75.66666666666667
CHEMBL1835919,Nc1ncnc2OCCN(C(=O)c12)c3ccc(cc3)[C@@H]4CC[C@@H](CC(=O)O)CC4,-0.5,OC(C[C@H]1CC[C@H](c2ccc(N3C(=O)c4c(N)ncnc4OCC3)cc2)CC1)=O,DardadasBAAD{A{~B}ars}ataaa{aat}{A**Q}uAA{A**Q}{AA{~B}B}AAu,83.33333333333333
CHEMBL244184,Cc1cnc(Oc2ccc(cc2)n3ccnc3)nc1Oc4ccc5OCOc5c4,3.56,O(c1cc2c(cc1)OCO2)c1nc(Oc2ccc(-n3cncc3)cc2)ncc1C,Aarada{Basaaa{aas}dtaadat}darBauaaavBABavau,15.666666666666666
CHEMBL489514,Cc1csc(NC(=O)c2cc(Sc3nncn3C)ccc2N)n1,2.3,c1(N)ccc(Sc2nncn2C)cc1C(=O)Nc1scc(C)n1,Aaraea{DA{~B}asaa{EatddadtA}aaasD}dr,36.66666666666667
CHEMBL1956129,C[C@@](CCc1ccc(cc1)c2ccc(Cl)cc2)(C(=O)NO)S(=O)(=O)C,2.4,c1cc(CC[C@](S(=O)(=O)C)(C)C(NO)=O)ccc1-c1ccc(Cl)cc1,A{A**}{AAaraaa{aar}asaaa{Z}aas}{A{~B}DB}E{~B}{~B}A,35.0
CHEMBL9967,CN1CCN(CC(=O)N2c3ccccc3C(=O)Nc4cccnc24)CC1,-0.49,C1(=O)c2ccccc2N(C(=O)CN2CCN(C)CC2)c2c(cccn2)N1,ADrAAD{AA{~B}DsataaaaatA{~B}Dauaaadasu}AAr,83.16666666666667
CHEMBL2171989,O=C(NCC#N)[C@@H]1CCCC[C@H]1C(=O)N2CCN(CC2)c3ccc(cc3)C#N,1.79,N(C([C@@H]1CCCC[C@H]1C(=O)N1CCN(c2ccc(C#N)cc2)CC1)=O)CC#N,B~A{DAA^D}{A**Q}rAAAA{A*Q}rA{~B}DsAAD{AAs}ataaa{aat}A^D,45.166666666666664
CHEMBL1337984,Nc1ccc2nc(sc2c1)c3ccc(O)cc3,3.1,c1cc(N)cc2sc(-c3ccc(O)cc3)nc12,Daraaasda{easar}ataaa{B}aat,23.333333333333332
CHEMBL2206788,COCCC(Oc1ncnc2c1cnn2c3ccccc3C(F)(F)F)C(=O)Nc4ccc(C)cn4,3.5,FC(F)(c1ccccc1-n1ncc2c(OC(CCOC)C(Nc3ncc(C)cc3)=O)ncnc12)F,ABAAA{BardadasaraddsataaaaatA{G}{G}G}A{~B}Dauaaa{A}adu,16.666666666666668
CHEMBL1946027,CCN(C)C(=O)c1ccc(cc1)C(=C2CCN(Cc3cscn3)CC2)c4cccc5cccnc45,2.65,O=C(N(CC)C)c1ccc(C(=C2CCN(Cc3cscn3)CC2)c2c3ncccc3ccc2)cc1,AAD{A}A{~B}araaa{aar}A{~AsAAD{Aataeadt}AAs}auaaaavaaadauv,30.833333333333332
CHEMBL1807852,C[C@H]1O[C@H]([C@H](O)[C@@H]1O)n2cnc3c(N)nc(OC4CC5CC5C4)nc23,1.66,c12nc(OC3CC4CC4C3)nc(N)c1ncn2[C@@H]1O[C@H](C)[C@@H](O)[C@H]1O,A{A*Q}rB{A*Q}{{A*Q}{B}{A**Q}rB}dsadata{D}da{BAuAAvAAvAu}dast,47.333333333333336
CHEMBL2364611,Cc1cccc(n1)c2nn3CCCc3c2c4ccnc5ccc(cc45)C(=O)N,1.71,c1c2c(ccc1C(N)=O)nccc2-c1c2n(nc1-c1cccc(C)n1)CCC2,Aaraaaa{dr}asddtAAAatasauaadavaaa{aauv}A{~B}D,46.5
CHEMBL1493,CC1=C(Oc2c(cccc2C1=O)C(=O)OCCN3CCCCC3)c4ccccc4,3.42,c1(-c2oc3c(C(OCCN4CCCCC4)=O)cccc3c(=O)c2C)ccccc1,AAr~A{Basa{aaaasAr~B}A{~B}BAADtAAAAAt}auaaaaau,18.0
CHEMBL1916260,CCC(CC)NC(=O)c1cnn(c1NS(=O)(=O)C2CCCC2)c3ccccc3,0.69,O=S(Nc1c(C(=O)NC(CC)CC)cnn1-c1ccccc1)(=O)C1CCCC1,AAA{AA}DA{~B}aradd{arDE{~B}{~B}AsAAAAs}ataaaaat,63.5
CHEMBL383235,CC[C@@H](CO)Nc1nc(SCc2ccccc2)nc3nc(N)sc13,2.99,c1(CSc2nc(N[C@@H](CC)CO)c3c(nc(N)s3)n2)ccccc1,AA{A**Q}{AB}Darda{EAasaaaaas}datda{D}eart,25.16666666666666
CHEMBL6549,Nc1nc(N)c2cc(Br)ccc2n1,1.78,c12c(ccc(Br)c1)nc(N)nc2N,Darda{D}asaa{Y}aaasdr,45.333333333333336
CHEMBL456,CCC(=C)C(=O)c1ccc(OCC(=O)O)c(Cl)c1Cl,0.02,O(CC(O)=O)c1c(Cl)c(Cl)c(C(C(=C)CC)=O)cc1,AAA{~A}A{~B}araaa{BAA{~B}B}a{Z}arZ,74.66666666666667
CHEMBL1180254,Oc1c2C(=O)N(NC(=O)c2nc3cc(Cl)ccc13)C(c4ccccc4)c5ccncc5,1.1,c1(Cl)ccc2c(c1)nc1c(=O)[nH]n(C(c3ccccc3)c3ccncc3)c(=O)c1c2O,BarasA{~B}D{DA{~B}asdataa{Z}aaart}A{auaaaaau}avaadaav,56.666666666666664
CHEMBL479,CSc1ccc2Sc3ccccc3N(CCC4CCCCN4C)c2c1,3.76,N1(C)C(CCN2c3c(cccc3)Sc3ccc(SC)cc32)CCCC1,AEaraaasEataaaaatD{AAAuAAAADuA}asar,12.333333333333337
CHEMBL1933588,C[C@H]1O[C@H]([C@H](O)[C@@H]1O)n2cnc3c(N)nc(OC4CCOC4)nc23,-0.06,n1c(OC2CCOC2)nc2n([C@@H]3O[C@H](C)[C@@H](O)[C@H]3O)cnc2c1N,A{A*Q}rB{A*Q}{{A*Q}{B}{A**Q}rB}dsadata{D}da{BAuAABAu}dast,75.99999999999999
CHEMBL253741,COc1cc(Nc2cc(Nc3c(Cl)ccc4OCOc34)ncn2)cc(OC)c1OC,3.07,O1COc2ccc(Cl)c(Nc3ncnc(Nc4cc(OC)c(OC)c(OC)c4)c3)c21,ABaraa{Dasaa{Data{Z}aaauBABatu}dads}aa{BA}arBA,23.83333333333334
CHEMBL2179290,CC1=CN(C2CCCN(Cc3cccc(Oc4ccc(Cl)cc4)c3)C2)C(=O)NC1=O,3.38,c1(C)cn(C2CCCN(Cc3cc(Oc4ccc(Cl)cc4)ccc3)C2)c(=O)[nH]c1=O,AAr~AD{AsAAAD{Aataaaa{Bauaaa{Z}aau}at}As}A{~B}DAr~B,18.666666666666668
CHEMBL1773,CCCCCOC(=O)NC1=NC(=O)N(C=C1F)[C@@H]2O[C@H](C)[C@@H](O)[C@H]2O,0.67,CCCCCOC(=O)Nc1c(F)cn([C@@H]2O[C@H](C)[C@@H](O)[C@H]2O)c(=O)n1,AAAAABA{~B}DAr~DA{~B}D{A~ArG}{A**Q}sB{A*Q}{A}{A**Q}{B}{A*Q}sB,63.833333333333336
CHEMBL476578,CC(C)n1c(C)ncc1c2nc(Nc3ccc(cc3)N4CC[C@H](C4)NC(=O)C)ncc2F,3.3,N1(c2ccc(Nc3nc(-c4n(C(C)C)c(C)nc4)c(F)cn3)cc2)C[C@H](NC(=O)C)CC1,AA{A}dra{A}daarasda{Dataaa{aat}DuAA{A*Q}{Au}DA{~B}A}daasG,20.000000000000004
CHEMBL2179271,CC[C@@H](N1CCC[C@@H](C1)N2C=C(C)C(=O)NC2=O)c3ccc(C(=O)O)c(Oc4cccc(Cl)c4)c3,0.22,CC[C@H](c1cc(Oc2cc(Cl)ccc2)c(C(O)=O)cc1)N1CCC[C@H](n2cc(C)c(=O)[nH]c2=O)C1,AA{A**Q}{DrAAA{A**Q}{Ar}DsA~A{A}A{~B}DAs~B}ataaa{A{~B}B}a{Bauaaaa{Z}au}at,71.33333333333333
CHEMBL2144380,COc1ccc(cc1OC)c2csc(NC(=O)c3c(C)onc3C)n2,3.16,COc1c(OC)cc(-c2nc(NC(=O)c3c(C)noc3C)sc2)cc1,ABaraaa{aarBA}asaea{DA{~B}ata{A}bdatA}ds,22.333333333333332
CHEMBL2030440,CS(=O)(=O)Cc1cc(nc(n1)c2ccccc2)N3CCOCC3,1.94,C1OCCN(c2cc(CS(C)(=O)=O)nc(-c3ccccc3)n2)C1,AE{~B}{~B}Aaraa{da{dr}asaaaaas}DtAABAAt,42.666666666666664
CHEMBL2010853,CN([C@@H]1CCN(Cc2nc3cc(F)ccc3s2)C[C@@H]1F)C(=O)Cc4ccc(cc4)S(=O)(=O)C,2.2,C1[C@@H](N(C(=O)Cc2ccc(S(C)(=O)=O)cc2)C)[C@@H](F)CN(Cc2sc3ccc(F)cc3n2)C1,AD{{A**Q}rAAD{Aasdataa{G}aaates}A{A**Q}rG}A{~B}Aauaaa{aau}E{~B}{~B}A,38.33333333333333
CHEMBL2036777,CC(C)N1CCN[C@@H](CN2CCN(CC2)C(=O)Nc3ccc(Cl)c(Cl)c3)C1,1.92,CC(N1C[C@H](CN2CCN(C(=O)Nc3ccc(Cl)c(Cl)c3)CC2)NCC1)C,AA{A}DrAAD{A**Q}{ADsAAD{AAs}A{~B}Dataaa{Z}a{Z}at}Ar,43.0
CHEMBL1076330,Cn1cnc(c2ccccc2)c1c3nc4c(N)ncnc4s3,2.69,c1ccccc1-c1ncn(C)c1-c1nc2c(ncnc2N)s1,Adrada{asaaaaas}aratdaua{D}dadauet,30.166666666666668
CHEMBL214849,CCCN(CCO)CCCOc1cc2ncnc(Nc3cc(CC(=O)Nc4cccc(F)c4F)[nH]n3)c2cc1OC,1.28,[nH]1c(CC(=O)Nc2c(F)c(F)ccc2)cc(Nc2ncnc3cc(OCCCN(CCO)CCC)c(OC)cc23)n1,AAAD{AAB}AAABaraasdada{Dataa{AA{~B}Dauaaaa{G}auG}{dQ}dt}asaarBA,53.666666666666664
CHEMBL437501,CC(C)C[C@H](N[C@@H](c1ccc(cc1)c2ccc(cc2)S(=O)(=O)C)C(F)(F)F)C(=O)NCC#N,3.24,C(=O)([C@@H](N[C@@H](c1ccc(-c2ccc(S(C)(=O)=O)cc2)cc1)C(F)(F)F)CC(C)C)NCC#N,AA{A}A{A*Q}{D{A**Q}{araaa{aar}asaaa{aas}E{~B}{~B}A}A{G}{G}G}A{~B}DAA^D,20.999999999999996
CHEMBL181913,CN(C1CCN(CCC(c2ccccc2)c3ccccc3)CC1)C(=O)Cc4ccc(cc4)S(=O)(=O)N,2.3,C1CN(CCC(c2ccccc2)c2ccccc2)CCC1N(C)C(Cc1ccc(S(N)(=O)=O)cc1)=O,AD{ArAAD{AAA{asaaaaas}ataaaaat}AAr}A{~B}Aauaaa{aau}E{~B}{~B}D,36.66666666666667
CHEMBL2086660,C[C@@H]1CN(CCN1c2ncc(OCc3ccc(cc3)S(=O)(=O)C)cn2)C(=O)OC(C)(C)C,3.6,CC(C)(C)OC(=O)N1CCN(c2ncc(OCc3ccc(S(C)(=O)=O)cc3)cn2)[C@H](C)C1,A{A**Q}rAD{AADrasdaa{BAataaa{aat}E{~B}{~B}A}ads}A{~B}BA{A}{A}A,14.999999999999998
CHEMBL1223528,CC1=CC2=NNC(=O)N2c3cc(ccc13)c4cn[nH]c4,2.13,n1[nH]cc(-c2cc3n4c(n[nH]c4=O)cc(C)c3cc2)c1,AAr~AAs~DDA{~B}Dsataa{aaart}auad{dQ}au,39.5
CHEMBL2030807,CNc1cccc(CCOc2ccc(C[C@H](NC(=O)c3c(Cl)cccc3Cl)C(=O)O)cc2)n1,-0.15,c1ccc(NC)nc1CCOc1ccc(C[C@H](NC(=O)c2c(Cl)cccc2Cl)C(O)=O)cc1,ADaraaaa{AABasaaa{A{A*Q}{DA{~B}ata{Z}aaaatZ}A{~B}B}aas}dr,77.50000000000001
CHEMBL1829429,CCC(N(CCCN)C(=O)c1ccc(C)cc1)C2=Nc3nccnc3C(=O)N2Cc4ccccc4,-0.14,c1ccc(Cn2c(=O)c3c(nc2C(N(C(=O)c2ccc(C)cc2)CCCN)CC)nccn3)cc1,AAA{D{AAAD}A{~B}araaa{A}aar}As~DatdaadatA{~B}DsAauaaaaau,77.33333333333333
CHEMBL11032,CC(C)C(NC(=O)CN1C(=O)C(=CN=C1c2cccnc2)NC(=O)OCc3ccccc3)C(=O)C(F)(F)F,2.15,n1cc(NC(OCc2ccccc2)=O)c(=O)n(CC(=O)NC(C(=O)C(F)(F)F)C(C)C)c1-c1cnccc1,AA{A}A{DA{~B}ADrA{~B}A{~AD~Arasaaadas}DA{~B}BAataaaaat}A{~B}A{G}{G}G,39.166666666666664
CHEMBL184817,OC(=O)CCn1c2ccccc2c3ccccc13,0.6,c1cc2c(n(CCC(O)=O)c3c2cccc3)cc1,BA{~B}AAdrasaaaaasataaaaart,65.0
CHEMBL1388277,CSc1ncccc1C(=O)NCCc2ccc(Cl)cc2,3.31,n1cccc(C(NCCc2ccc(Cl)cc2)=O)c1SC,AEardaaaarA{~B}DAAasaaa{Z}aas,19.833333333333332
CHEMBL6412,COc1nc(Cl)cnc1NS(=O)(=O)c2cccc3c(cccc23)N(C)C,1.74,c1cc2c(c(S(=O)(=O)Nc3c(OC)nc(Cl)cn3)c1)cccc2N(C)C,ABarda{Z}adarDE{~B}{~B}asaaaata{aaaast}D{A}A,46.0
CHEMBL1945037,O[C@@H](CNCCc1cccc(CNCCCc2ccccc2)c1)c3ccc(O)c4NC(=O)Sc34,1.11,C(CNC[C@H](O)c1ccc(O)c2[nH]c(=O)sc21)c1cc(CNCCCc2ccccc2)ccc1,B{A**Q}{ADAAaraaaa{ADAAAasaaaaas}ar}ataaa{B}auDA{~B}Eatu,56.49999999999999
CHEMBL110940,CCCN(CCCOCCOCCc1ccccc1)CCc2ccc(O)c3nc(O)sc23,2.74,C(N(CCCOCCOCCc1ccccc1)CCC)Cc1c2c(nc(O)s2)c(O)cc1,AAAD{AAABAABAAaraaaaar}AAasaaa{B}atda{B}east,29.33333333333333
CHEMBL403225,C[C@H](CO)Nc1nc(SCc2cccc(Cl)c2F)nc3NC(=O)Sc13,3.53,c12sc(=O)[nH]c1nc(SCc1c(F)c(Cl)ccc1)nc2N[C@@H](CO)C,A{A*Q}{AB}Darda{EAasaaaa{Z}asG}datDA{~B}Eart,16.166666666666668
CHEMBL20969,C1CC(CCN1)c2ccccc2,0.54,C1(c2ccccc2)CCNCC1,ArAA{AADr}asaaaaas,66.0
CHEMBL495841,Nc1cccc(NS(=O)(=O)c2ccc(cc2)c3ccc(cc3)C#N)n1,2.2,c1cc(S(=O)(Nc2nc(N)ccc2)=O)ccc1-c1ccc(C#N)cc1,Daraaaa{DE{~B}{~B}asaaa{aas}ataaa{aat}A^D}dr,38.33333333333333
CHEMBL180155,CS(=O)(=O)c1ccc(CC(=O)N(CC=C)C2CCN(CCC(c3ccccc3)c4ccccc4)CC2)cc1,3.1,c1(C(CCN2CCC(N(C(=O)Cc3ccc(S(C)(=O)=O)cc3)CC=C)CC2)c2ccccc2)ccccc1,AE{~B}{~B}araaa{AA{~B}D{AA~A}AsAAD{AAA{ataaaaat}auaaaaau}AAs}aar,23.333333333333332
CHEMBL385723,COc1cc2c(Nc3c(Cl)ccc4OCOc34)ncnc2cc1OCCCN5CCCC5,1.62,c1c(Cl)c(Nc2ncnc3cc(OCCCN4CCCC4)c(OC)cc32)c2c(c1)OCO2,ABaraasa{Data{Z}aaauBABatu}dadasaarBAAADvAAAAv,48.0
CHEMBL186720,CN(C)CCOc1ccccc1Cc2ccccc2,2.53,c1cc(Cc2c(OCCN(C)C)cccc2)ccc1,AD{A}AABaraaaaarAasaaaaas,32.833333333333336
CHEMBL1191,Cc1nnc(NS(=O)(=O)c2ccc(N)cc2)s1,-1.33,Nc1ccc(S(=O)(Nc2sc(C)nn2)=O)cc1,Aardda{DE{~B}{~B}asaaa{D}aas}er,97.16666666666667
CHEMBL412142,Cc1c[nH]c(n1)c2cnc(NCCNc3ccc(cn3)C#N)nc2c4ccc(Cl)cc4Cl,3.86,c1(-c2c(Cl)cc(Cl)cc2)nc(NCCNc2ccc(C#N)cn2)ncc1-c1nc(C)c[nH]1,Aara{dQ}a{dr}asada{DAADataaa{adt}A^D}dasauaaa{Z}aauZ,10.66666666666667
CHEMBL2059860,Cc1ccc(cc1NC(=O)c2ccc(OCc3ccccn3)cc2)c4c[nH]cn4,2.81,c1cc(COc2ccc(C(Nc3cc(-c4nc[nH]c4)ccc3C)=O)cc2)ncc1,Aaraaa{aarDA{~B}asaaa{BAataaaadt}aas}aua{dQ}adu,28.166666666666668
CHEMBL261713,ONC(=O)[C@@H](Cc1ccc2ccccc2c1)NS(=O)(=O)c3ccc4ccccc4c3,3.23,c1cccc2cc(S(N[C@@H](C(NO)=O)Cc3cc4ccccc4cc3)(=O)=O)ccc12,BDA{~B}{A**Q}{Aaraaasaaaaasar}DE{~B}{~B}ataaauaaaaauat,21.166666666666668
CHEMBL231450,COc1cc(\C=C/2\SC(=O)NC2=O)cc(OC)c1O,0.74,N1C(=O)S/C(=C/c2cc(OC)c(O)c(OC)c2)C1=O,ABaraa{!A~A|s!EA{~B}DAs~B}aa{BA}arB,62.666666666666664
CHEMBL193093,NC(=O)c1sc(cc1N)c2ccsc2,2.23,C(c1c(N)cc(-c2cscc2)s1)(=O)N,DA{~B}area{aarD}asaaeas,37.833333333333336
CHEMBL450061,CC(C)CNc1nc(nc(N2CCOCC2)c1N)C#N,2.79,C1N(c2nc(C#N)nc(NCC(C)C)c2N)CCOC1,AA{A}ADarda{da{DsAABAAs}arD}A^D,28.5
CHEMBL1223456,CC1=CC2=NNC(=O)N2c3cc(ccc13)c4ccc(CO)cc4,2.86,c12n(c(=O)[nH]n1)c1c(c(C)c2)ccc(-c2ccc(CO)cc2)c1,AAr~AAs~DDA{~B}Dsataa{aaart}auaaa{AB}aau,27.333333333333332
CHEMBL1209656,Fc1ccc(cc1F)S(=O)(=O)NCC(N2CCCCCC2)c3ccccc3,2.84,Fc1cc(S(=O)(=O)NCC(N2CCCCCC2)c2ccccc2)ccc1F,Garaaa{aarG}E{~B}{~B}DAA{DsAAAAAAs}ataaaaat,27.666666666666668
CHEMBL2178284,CCc1cc(O)c(Oc2ccc(cc2F)C(=O)N)cc1F,2.87,Fc1cc(Oc2ccc(C(=O)N)cc2F)c(O)cc1CC,AAaraa{B}a{Basaaa{aasG}A{~B}D}aarG,27.166666666666668
CHEMBL2171015,Clc1ccc(OC2CCN(CC2)C3CCN(CC3)S(=O)(=O)NC(=O)c4ccccc4)cc1Cl,2.14,Clc1cc(OC2CCN(C3CCN(S(=O)(NC(=O)c4ccccc4)=O)CC3)CC2)ccc1Cl,Zaraaa{BAsAAD{AAs}AtAAD{AAt}E{~B}{~B}DA{~B}auaaaaau}aarZ,39.333333333333336
CHEMBL339851,OC(=O)c1cc2cc(ccc2n1Cc3ccc(Cl)c(Cl)c3)C(F)(F)F,3.07,c12cc(C(=O)O)n(Cc3cc(Cl)c(Cl)cc3)c1ccc(C(F)(F)F)c2,BA{~B}araasaa{aaasdrAataaa{Z}a{Z}at}A{G}{G}G,23.83333333333334
CHEMBL550436,C[C@H](CO)N1C=Cc2c(NC(=O)Cc3ccc(Cl)c(c3)C(F)(F)F)cccc2C1=O,3.49,Clc1c(C(F)(F)F)cc(CC(=O)Nc2c3ccn([C@@H](CO)C)c(=O)c3ccc2)cc1,A{A*Q}{AB}DrA~Aasa{DA{~B}Aataaa{Z}a{at}A{G}{G}G}aaaasAr~B,16.83333333333333
CHEMBL1916538,COc1ccc2COC(=O)N(CCN3CCC(CC3)NCc4ccc5OCC(=O)Nc5n4)c2c1,0.5,c1cc2c(cc1OC)N(CCN1CCC(NCc3ccc4c(n3)NC(=O)CO4)CC1)C(=O)OC2,ABaraaasABA{~B}D{AADtAAA{AAt}DAauaaavBAA{~B}Davdu}asar,66.66666666666667
CHEMBL266128,Nc1ncnc2ccccc12,1.26,n1cnc2ccccc2c1N,Dardadasaaaaars,54.0
CHEMBL2059380,CCNC(=O)c1cc2c(c(cnc2[nH]1)c3cc(cnc3OC)C4=NNC(=O)O4)n5ccc(n5)C(F)(F)F,2.91,c1c(C(F)(F)F)nn(-c2c3c(ncc2-c2cc(-c4oc(=O)[nH]n4)cnc2OC)[nH]c(C(NCC)=O)c3)c1,AADA{~B}araasa{a{adas{dQ}r}ataa{adatBA}Au~DDA{~B}Bu}dvaaa{dv}A{G}{G}G,26.5
CHEMBL257006,C[C@H](CO)Nc1nc(SCc2cccc(F)c2F)nc3[nH]c(N)nc13,3.22,c1(SCc2cccc(F)c2F)nc2c(nc(N)[nH]2)c(N[C@H](C)CO)n1,A{A*Q}{AB}Darda{EAasaaaa{G}asG}dat{dQ}a{D}dart,21.333333333333332
CHEMBL1573309,CCN(CC)CCn1c2ccccc2c3cnc(N)c(C#N)c13,2.7,c1cccc2c1n(CCN(CC)CC)c1c2cnc(N)c1C#N,AAD{AA}AAdrasaaaaasatada{D}a{A^D}art,29.999999999999996
CHEMBL1618018,CN1[C@@H]2CC[C@H]1C[C@H](C2)OC(=O)C(O)c3ccccc3,-1.29,OC(c1ccccc1)C(=O)O[C@H]1C[C@@H]2N(C)[C@H](C1)CC2,ADr{A**Q}sAA{A*Q}rA{A*Q}{As}BA{~B}A{B}ataaaaat,96.5
CHEMBL146855,C[C@H](N)COc1c(C)cccc1C,0.6,c1(C)c(OC[C@@H](N)C)c(C)ccc1,A{A*Q}{D}ABara{A}aaaarA,65.0
CHEMBL340978,CC(C(=O)O)c1ccc2oc(nc2c1)c3ccc(Cl)cc3,1.3,c1(-c2ccc(Cl)cc2)oc2ccc(C(C)C(O)=O)cc2n1,AA{A{~B}B}araaasba{dasar}ataaa{Z}aat,53.333333333333336
CHEMBL593196,Cn1c(CN2CCC(CC2)c3ccccc3)nc4ccccc14,3.6,C1CN(Cc2n(C)c3c(n2)cccc3)CCC1c1ccccc1,Adra{ADsAAA{AAs}ataaaaat}dauaaaaaru,14.999999999999998
CHEMBL605114,COc1cccc(c1OC)c2ccc(\C=C\3/SC(=S)N([C@@H](Cc4ccccc4)C(=O)O)C3=O)cn2,1.5,S1C(=S)N([C@@H](Cc2ccccc2)C(O)=O)C(=O)/C1=C/c1cnc(-c2c(OC)c(OC)ccc2)cc1,ABaraaaa{arBA}asaaa{!A~A!t|EA{~E}D{{A**Q}{Aauaaaaau}A{~B}B}At~B}ads,50.0
CHEMBL572016,Cc1cnc([nH]1)c2cc(NC(=O)c3ccc(nc3C)C(F)(F)F)ccc2Cl,3.3,c1(NC(=O)c2ccc(C(F)(F)F)nc2C)ccc(Cl)c(-c2[nH]c(C)cn2)c1,Aarada{{dQ}r}asaa{DA{~B}ataaa{datA}A{G}{G}G}aaasZ,20.000000000000004
CHEMBL134194,Nc1cccc(C(=O)NCC23CC4CC(CC(C4)C2)C3)c1Cl,3.29,C1C2(CNC(c3cccc(N)c3Cl)=O)CC3CC1CC(C3)C2,Daraaaa{A{~B}DAAstAAuAA{AA{Au}As}At}arZ,20.166666666666668
CHEMBL470916,Nc1c(nc(nc1N2CCOCC2)C#N)N3CCCC3,2.25,C1N(c2c(N)c(N3CCOCC3)nc(C#N)n2)CCC1,Dara{da{darDsAABAAs}A^D}DtAAAAt,37.5
CHEMBL1778868,COCCNCc1cncc(n1)c2ccc(F)cc2OC,1.61,c1c(F)cc(OC)c(-c2cncc(CNCCOC)n2)c1,ABAADAaradaa{dr}asaaa{G}aasBA,48.16666666666666
CHEMBL256985,CCN1CCN(Cc2cnc(c3ccc(cc3)C(=O)Nc4ccccc4N)c(c2)C#N)CC1,1.14,c1cc(-c2c(C#N)cc(CN3CCN(CC)CC3)cn2)ccc1C(=O)Nc1c(N)cccc1,AADrAAD{Aasada{ataaa{aat}A{~B}DauaaaaauD}a{as}A^D}AAr,56.00000000000001
CHEMBL561426,CSc1nc(N)nc(n1)c2ccccc2,2.98,n1c(SC)nc(N)nc1-c1ccccc1,AEarda{D}da{dr}asaaaaas,25.333333333333332
CHEMBL595134,O=C1N=C2C(=C1C#N)c3ccc(N4CCSCC4)c5cccc2c35,3.22,C1CSCCN1c1c2c3c(cc1)C1=C(C#N)C(=O)N=C1c3ccc2,B~ArD~AsA{~ArA^D}ataaa{DuAAEAAu}avaaaasatv,21.333333333333332
CHEMBL489340,CC1=C(C(=O)c2ccc(O)cc2O1)c3ccccc3,2.95,Cc1oc2cc(O)ccc2c(=O)c1-c1ccccc1,AAr~A{A{~B}asaaa{B}aasBr}ataaaaat,25.83333333333333
CHEMBL1783275,COc1ccc(OC)c(c1)c2c(F)ccc3c(N)c(nnc23)C(=O)NC(C)C,3.77,COc1ccc(OC)cc1-c1c(F)ccc2c(N)c(C(NC(C)C)=O)nnc21,ABaraaa{BA}a{ar}asa{G}aaata{D}a{ddast}A{~B}DA{A}A,12.166666666666666
CHEMBL445565,Oc1c2ncc3ccccc3c2nn1c4ccc(Cl)cc4,1.52,n1cc2c(cccc2)c2nn(-c3ccc(Cl)cc3)c(O)c12,Barasdaataaaaatasddrauaaa{Z}aau,49.666666666666664
CHEMBL2335895,CC(NC(=O)C)c1ccc(Nc2ncc3cc(ccc3n2)c4ccncc4)cc1,3.1,c1cc(C(C)NC(=O)C)ccc1Nc1nc2ccc(-c3ccncc3)cc2cn1,AA{DA{~B}A}araaa{Dasdaataa{aaatds}auaadaau}aar,23.333333333333332
CHEMBL380005,CCN(C1CCN(CC[C@@H](c2ccc(F)cc2)c3ccc(cc3)S(=O)(=O)C)CC1)C(=O)Cc4ccc(cc4)S(=O)(=O)C,1.88,O=S(c1ccc(CC(N(C2CCN(CC[C@@H](c3ccc(F)cc3)c3ccc(S(C)(=O)=O)cc3)CC2)CC)=O)cc1)(C)=O,AAD{ArAAD{AA{A**Q}{asaaa{G}aas}ataaa{aat}E{~B}{~B}A}AAr}A{~B}Aauaaa{aau}E{~B}{~B}A,43.666666666666664
CHEMBL2036587,O=C(Nc1ccc(nc1)N2CCOCC2)c3oc(Nc4ccccc4)nn3,2.9,c1c(NC(c2oc(Nc3ccccc3)nn2)=O)cnc(N2CCOCC2)c1,B~A{Daraaa{dar}DsAABAAs}atba{Dauaaaaau}ddt,26.666666666666668
CHEMBL1381989,CC1(C)CNC(=O)c2sc(nc2C1)N3CCOCC3,1.29,c1(N2CCOCC2)nc2c(s1)C(=O)NCC(C)(C)C2,AAr{A}ADA{~B}asea{dasAr}DtAABAAt,53.5
CHEMBL1200374,C[C@]12CC[C@H]3[C@@H](CC(=C)C4=CC(=O)C=C[C@]34C)[C@@H]1CCC2=O,2.98,C1=C[C@]2(C)[C@H]3CC[C@]4(C)C(=O)CC[C@H]4[C@@H]3CC(=C)C2=CC1=O,A{A*}rsAA{A*Q}t{A**Q}{AA{~A}Au~AA{~B}A~A{A*}tuA}{A**Q}rAAAs~B,25.333333333333332
CHEMBL468970,Clc1ccc2OCOc2c1Nc3ccnc(Nc4cc(cc(c4)N5CCOCC5)N6CCOCC6)n3,3.25,c1(Nc2c(Cl)ccc3c2OCO3)ccnc(Nc2cc(N3CCOCC3)cc(N3CCOCC3)c2)n1,ZaraaasBABasarDataada{Dauaa{aa{au}DvAABAAv}DwAABAAw}dt,20.833333333333332
CHEMBL1079590,CC(C)Cn1cnc(c2ccccc2)c1c3nc4c(N)ncnc4s3,3.72,c1cccc(-c2ncn(CC(C)C)c2-c2nc3c(ncnc3N)s2)c1,AA{A}Adrada{asaaaaas}aratdaua{D}dadauet,12.999999999999998
CHEMBL487273,NC(=O)Nc1sc(cc1C(=O)N[C@H]2CCCNC2)c3ccccc3,1.27,c1(C(N[C@@H]2CNCCC2)=O)c(NC(N)=O)sc(-c2ccccc2)c1,DA{~B}Darea{aarA{~B}D{A*Q}sAAADAs}ataaaaat,53.833333333333336
CHEMBL278078,CCN(CC)C(=O)c1ccc(cc1)C(=C2CCNCC2)c3ccccc3OC,1.0,CCN(CC)C(c1ccc(C(c2ccccc2OC)=C2CCNCC2)cc1)=O,AAD{AA}A{~B}araaa{aar}A{~AsAADAAs}ataaaaatBA,58.333333333333336
CHEMBL467399,COc1c(C)cnc(Cn2cnc3c(Cl)nc(N)nc23)c1C,1.67,Nc1nc2c(c(Cl)n1)ncn2Cc1ncc(C)c(OC)c1C,ABara{A}ada{Adsadata{Z}da{D}dast}arA,47.166666666666664
CHEMBL573108,CC(C)(C(=O)N)C(=O)NCCCNc1nc(Nc2cccc(NC(=O)N3CCCC3)c2)ncc1Br,2.32,N(c1cc(Nc2nc(NCCCNC(C(C)(C)C(=O)N)=O)c(Br)cn2)ccc1)C(=O)N1CCCC1,AA{A}{A{~B}D}A{~B}DAAADarda{Dasaaaa{DA{~B}DtAAAAt}as}daarY,36.333333333333336
CHEMBL1950843,CN[C@@H](C)C(=O)N[C@@H](C1CCCCC1)C(=O)N(C)[C@H]2CCCN(CCc3ccccc3)C2,2.34,c1cccc(CCN2CCC[C@H](N(C)C([C@H](C3CCCCC3)NC(=O)[C@@H](NC)C)=O)C2)c1,AD{A**Q}{A}A{~B}D{A**Q}{ArAAAAAr}A{~B}D{A}{A*Q}sAAAD{AAataaaaat}As,36.0
CHEMBL1223458,CC1=CC2=NNC(=O)N2c3cc(ccc13)c4ccncc4,2.29,c12c(c(C)cc3n[nH]c(=O)n13)ccc(-c1ccncc1)c2,AAr~AAs~DDA{~B}Dsataa{aaart}auaadaau,36.833333333333336
CHEMBL486504,COc1cc2CC[C@H](NC(=O)C)c3cc(O)ccc3c2c(OC)c1OC,1.81,c1(OC)c(OC)cc2c(c1OC)-c1ccc(O)cc1[C@@H](NC(C)=O)CC2,ABaraasAA{A*Q}{DA{~B}A}ataa{B}aaatasa{BA}arBA,44.833333333333336
CHEMBL475817,Nc1ncc(NC(=O)c2cc(NC(=O)c3cccc(c3)C(F)(F)F)ccc2Cl)cc1Cl,3.26,n1cc(NC(=O)c2c(Cl)ccc(NC(=O)c3cc(C(F)(F)F)ccc3)c2)cc(Cl)c1N,Dardaa{DA{~B}asaa{DA{~B}ataaaa{at}A{G}{G}G}aaasZ}aarZ,20.66666666666667
CHEMBL698,CCCCNc1ccc(cc1)C(=O)OCCN(C)C,2.11,C(CC)CNc1ccc(C(=O)OCCN(C)C)cc1,AAAADaraaa{aar}A{~B}BAAD{A}A,39.833333333333336
CHEMBL17860,CC(Oc1c(Cl)cccc1Cl)C2=NCCN2,0.48,c1(Cl)c(OC(C2=NCCN2)C)c(Cl)ccc1,AA{Bara{Z}aaaarZ}As~DAADs,66.99999999999999
CHEMBL1916287,C[C@H](NC(=O)c1c(C)nn(c1NS(=O)(=O)c2cccnc2)c3ccc(F)cc3)C(C)(C)C,0.4,O=S(=O)(Nc1c(C(N[C@H](C(C)(C)C)C)=O)c(C)nn1-c1ccc(F)cc1)c1cnccc1,A{A*Q}{DA{~B}ara{A}dd{arDE{~B}{~B}asaaadas}ataaa{G}aat}A{A}{A}A,68.33333333333333
CHEMBL1917456,Cc1c(Oc2ccc(Cl)cc2)c3c(NS(=O)(=O)C)cccc3n1CC(=O)O,-0.98,c1cc(Oc2c(C)n(CC(O)=O)c3cccc(NS(=O)(=O)C)c32)ccc1Cl,Aara{Basaaa{Z}aas}ata{DE{~B}{~B}A}aaaatdrAA{~B}B,91.33333333333333
CHEMBL1078979,c1ccc(nc1)c2n[nH]c(n2)c3ccncc3,1.48,n1ccccc1-c1n[nH]c(-c2ccncc2)n1,araaa{dar}asd{dQ}a{ds}ataadaat,50.333333333333336
CHEMBL1829246,CCC(N(CCCN)C(=O)c1ccc(C)cc1)C2=Nc3ccsc3C(=O)N2Cc4ccccc4,1.81,c1(Cn2c(C(CC)N(CCCN)C(c3ccc(C)cc3)=O)nc3c(c2=O)scc3)ccccc1,AAA{D{AAAD}A{~B}araaa{A}aar}As~DataaeatA{~B}DsAauaaaaau,44.833333333333336
CHEMBL270995,C[C@H](COc1cn2ncnc(Oc3ccc4[nH]c(C)cc4c3F)c2c1C)OC(=O)[C@H](C)N,3.19,C[C@@H](C(O[C@H](C)COc1cn2ncnc(Oc3c(F)c4c([nH]c(C)c4)cc3)c2c1C)=O)N,A{A*Q}{ABaradsdada{Bataaau{dQ}a{A}aauatG}asarA}BA{~B}{A*Q}{A}D,21.833333333333332
CHEMBL2346968,Fc1ccc(CN2CCN(CC2)c3ccc4nnc(n4n3)C(F)(F)F)cc1,3.46,N1(Cc2ccc(F)cc2)CCN(c2ccc3nnc(C(F)(F)F)n3n2)CC1,Garaaa{ADsAAD{AAs}ataaaudda{dudt}A{G}{G}G}aar,17.333333333333332
CHEMBL131842,Oc1c2C(=O)NNC(=O)c2nc3cc(Cl)cc(Cl)c13,0.89,Clc1cc(Cl)cc2nc3c(=O)[nH][nH]c(=O)c3c(O)c12,BarasA{~B}DDA{~B}asdataa{Z}aa{Z}art,60.166666666666664
CHEMBL339898,CCN(CC)C(=O)c1ccc(cc1)C(=C2CCNCC2)c3cccc(c3)C(F)(F)F,1.9,C1C(=C(c2cccc(C(F)(F)F)c2)c2ccc(C(N(CC)CC)=O)cc2)CCNC1,AAD{AA}A{~B}araaa{aar}A{~AsAADAAs}ataaaa{at}A{G}{G}G,43.333333333333336
CHEMBL472151,CC[C@H](C)[C@@H](CO)NS(=O)(=O)c1ccc(Cl)s1,2.7,[C@H]([C@@H](C)CC)(CO)NS(=O)(c1sc(Cl)cc1)=O,AA{A*Q}{A}{A**Q}{AB}DE{~B}{~B}araaa{Z}er,29.999999999999996
CHEMBL1219,COCCCOc1ccnc(C[S+]([O-])c2nc3ccccc3[nH]2)c1C,-0.69,Cc1c(C[S+]([O-])c2[nH]c3c(cccc3)n2)nccc1OCCCOC,ABAAABaraada{A{E%}{{B_}}asdataaaaat{dQ}s}arA,86.5
CHEMBL2207282,NS(=O)(=O)c1ccc2C(=CNC(=O)c2c1)C(=O)NC[C@@H](O)CN3CCC(CC3)Oc4ccc(Cl)c(Cl)c4,2.17,C(=O)(c1c[nH]c(=O)c2cc(S(=O)(=O)N)ccc21)NC[C@H](CN1CCC(Oc2ccc(Cl)c(Cl)c2)CC1)O,DE{~B}{~B}araaasA{~ADA{~B}asar}A{~B}DA{A**Q}{B}ADtAAA{AAt}Bauaaa{Z}a{Z}au,38.833333333333336
CHEMBL2140153,O=C1OC(=Cc2ccccc12)c3ccccc3,3.84,o1c(-c2ccccc2)cc2c(cccc2)c1=O,B~ArBA{~Aasaaaaars}ataaaaat,11.000000000000002
CHEMBL267144,CC(C)[C@@H]1N(C)c2ccccc2C[C@@H](CO)NC1=O,2.03,C(C)([C@H]1C(=O)N[C@H](CO)Cc2c(cccc2)N1C)C,AA{A}{A**Q}rD{A}asaaaaasA{A**Q}{AB}DAr~B,41.16666666666667
CHEMBL170307,CC(=O)NCc1ccc(CN2CCN(CC2)c3ccccc3)cc1,1.78,c1c(CNC(C)=O)ccc(CN2CCN(c3ccccc3)CC2)c1,AA{~B}DAaraaa{ADsAAD{AAs}ataaaaat}aar,45.333333333333336
CHEMBL14121,COc1ccc(CN2C(=O)NC3=C(C=C(N(CC(=O)NC(C(C)C)C(=O)C(F)(F)F)C3=O)c4ccccc4)C2=O)cc1,2.93,c1cccc(-c2n(CC(=O)NC(C(=O)C(F)(F)F)C(C)C)c(=O)c3[nH]c(=O)n(Cc4ccc(OC)cc4)c(=O)c3c2)c1,ABaraaa{ADsA{~B}DAt~A{A~A{D{AA{~B}DA{A{A}A}A{~B}A{G}{G}G}At~B}auaaaaau}As~B}aar,26.16666666666666
CHEMBL57990,COc1cc2ncnc(Nc3ccc(F)c(Cl)c3)c2cc1OCCCN(C)C,2.9,C(COc1c(OC)cc2c(c1)c(Nc1ccc(F)c(Cl)c1)ncn2)CN(C)C,ABaraasdada{Dataaa{G}a{Z}at}asaarBAAAD{A}A,26.666666666666668
CHEMBL1835911,CCOC(=O)c1ccc(COC2CN(C2)c3ccc(C)nn3)cc1,2.5,c1c(COC2CN(c3nnc(C)cc3)C2)ccc(C(OCC)=O)c1,AABA{~B}araaa{ABAsAD{As}ataaa{A}ddt}aar,33.333333333333336
CHEMBL1475,CC1=CC(=O)Oc2c(C)c3oc(C)cc3cc12,3.47,c1(C)c2oc(C)cc2cc2c(C)cc(=O)oc12,AAr~AA{~B}Basa{A}atba{A}aataars,17.166666666666664
CHEMBL2036758,CC(C)N1CCC[C@@H](CN2CCN(CC2)C(=O)Nc3ccc(Cl)c(Cl)c3)C1,1.62,N1(C[C@H]2CN(C(C)C)CCC2)CCN(C(=O)Nc2cc(Cl)c(Cl)cc2)CC1,AA{A}DrAAA{A**Q}{ADsAAD{AAs}A{~B}Dataaa{Z}a{Z}at}Ar,48.0
CHEMBL1272,CCOc1cc(CC(=O)N[C@@H](CC(C)C)c2ccccc2N3CCCCC3)ccc1C(=O)O,2.31,C1CCCN(c2ccccc2[C@H](CC(C)C)NC(Cc2cc(OCC)c(C(O)=O)cc2)=O)C1,AABaraa{AA{~B}D{A**Q}{AA{A}A}asaaaaasDtAAAAAt}aaarA{~B}B,36.5
CHEMBL1668935,CS(=O)(=O)N1CCC(CC1)NC(=O)NC23CC4CC(CC(C4)C2)C3,2.7,CS(=O)(N1CCC(NC(=O)NC23CC4CC(CC(C2)C4)C3)CC1)=O,AE{~B}{~B}DrAAA{AAr}DA{~B}DAstAAuAA{AA{Au}As}At,29.999999999999996
CHEMBL1721722,Oc1ncnc2onc(c3ccc(F)cc3)c12,1.97,c12c(c(O)ncn1)c(-c1ccc(F)cc1)no2,Bardadasbda{ataaa{G}aat}ars,42.16666666666667
CHEMBL1917432,Cc1c(Sc2ccc(Cl)cc2)c3c(cccc3n1CC(=O)O)S(=O)(=O)C,0.58,S(c1c2c(n(CC(=O)O)c1C)cccc2S(=O)(=O)C)c1ccc(Cl)cc1,Aara{Easaaa{Z}aas}ata{aaaatdrAA{~B}B}E{~B}{~B}A,65.33333333333333
CHEMBL2325738,NC1(CCN(CC1)c2ncnc3[nH]ccc23)C(=O)NC(CCO)c4ccc(Cl)cc4,2.5,N(C(CCO)c1ccc(Cl)cc1)C(C1(N)CCN(c2c3cc[nH]c3ncn2)CC1)=O,DAr{AAD{AAr}asdadat{dQ}aaast}A{~B}DA{AAB}auaaa{Z}aau,33.333333333333336
CHEMBL1385850,OC(=O)c1ccc2[nH]c(nc2c1)C(F)(F)F,-1.08,c1cc2[nH]c(C(F)(F)F)nc2cc1C(O)=O,BA{~B}araaas{dQ}a{dasar}A{G}{G}G,93.0
CHEMBL71,CN(C)CCCN1c2ccccc2Sc3ccc(Cl)cc13,3.37,c1(Cl)ccc2c(c1)N(CCCN(C)C)c1ccccc1S2,AD{A}AAADrasaaaaasEataaa{Z}aart,18.833333333333332
CHEMBL1172929,C[C@H]1NC(C)(C)CO[C@]1(O)c2cccc(Cl)c2,1.69,CC1(C)N[C@H](C)[C@@](O)(c2cccc(Cl)c2)OC1,A{A*Q}rDA{A}{A}AB{A*}r{B}asaaaa{Z}as,46.833333333333336
CHEMBL2325704,CS(=O)(=O)C1(CC1)c2cc(nc(n2)c3cccc4[nH]ccc34)N5CCOCC5,2.2,C1(c2cc(N3CCOCC3)nc(-c3cccc4[nH]ccc34)n2)(S(C)(=O)=O)CC1,AE{~B}{~B}Ar{AAr}asaa{da{ds}ataaaau{dQ}aaatu}DvAABAAv,38.33333333333333
CHEMBL2178940,Cc1nc(C)c(nc1C(=O)N)c2ccc(cc2)[C@@H]3CC[C@@H](Cc4nnn[nH]4)CC3,1.4,[nH]1nnnc1C[C@H]1CC[C@H](c2ccc(-c3c(C)nc(C)c(C(=O)N)n3)cc2)CC1,Aarda{A}a{darA{~B}D}asaaa{aas}{A**Q}tAA{A**Q}{Aauddd{dQ}u}AAt,51.666666666666664
CHEMBL479447,COc1cc2c(Nc3ccc(F)cc3F)c(cnc2cc1NCCN(C)C)C(=O)N,1.71,N(C)(CCNc1c(OC)cc2c(ncc(C(=O)N)c2Nc2c(F)cc(F)cc2)c1)C,ABaraasa{Dataaa{G}aatG}a{adasaarDAAD{A}A}A{~B}D,46.5
CHEMBL570015,COc1cccc(Nc2c(cnc3c(C)cc(cc23)S(=O)(=O)c4cccc(c4)C(=O)N(C)C)C(=O)N)c1,2.69,c1cc(C(=O)N(C)C)cc(S(=O)(c2cc3c(Nc4cccc(OC)c4)c(C(N)=O)cnc3c(C)c2)=O)c1,ABaraaaa{Dasa{adata{A}aa{aast}E{~B}{~B}auaaaa{au}A{~B}D{A}A}A{~B}D}ar,30.166666666666668
CHEMBL179242,O=C1C=C(N=C2N1C=Cc3ccccc23)N4CCOCC4,2.78,O1CCN(c2nc3c4ccccc4ccn3c(=O)c2)CC1,B~ArA~A{D~AsDrA~Aataaaaast}DuAABAAu,28.66666666666667
CHEMBL1439795,O=S(=O)(N1CCOCC1)c2cccc(c2)c3cn4cccnc4n3,1.3,c1(-c2cc(S(N3CCOCC3)(=O)=O)ccc2)nc2ncccn2c1,B~E{~B}{DrAABAAr}asaaaa{as}ataduaaadaudt,53.333333333333336
CHEMBL1669159,CC(C)Oc1cc(ccc1NC(=O)CN2CCOCC2)c3cccc4C(=O)C=C(Oc34)N5CCOCC5,3.0,c1(-c2c3c(c(=O)cc(N4CCOCC4)o3)ccc2)cc(OC(C)C)c(NC(=O)CN2CCOCC2)cc1,AA{A}Baraa{aaarDA{~B}ADsAABAAs}ataaaauA{~B}A~A{Batu}DvAABAAv,25.0
CHEMBL112866,COc1ccnc(NC2CCN(CC2)C(=O)c3ccc(Cl)cc3)c1,2.82,c1cc(C(N2CCC(Nc3cc(OC)ccn3)CC2)=O)ccc1Cl,ABaraada{DAsAAD{AAs}A{~B}ataaa{Z}aat}ar,28.000000000000004
CHEMBL523829,CN1CCN(CC1)C(=O)c2cccc(CC3=NNC(=O)c4ccccc34)c2,0.92,CN1CCN(C(c2cc(Cc3c4c(cccc4)c(=O)[nH]n3)ccc2)=O)CC1,ADrAAD{AAr}A{~B}asaaaa{AAt~DDA{~B}auaaaaatu}as,59.666666666666664
CHEMBL1950732,CN[C@@H](C)C(=O)N[C@@H](C1CCCCC1)C(=O)N[C@H]2CCCCN(Cc3ccccc3)C2,2.12,c1ccc(CN2C[C@@H](NC([C@H](C3CCCCC3)NC(=O)[C@H](C)NC)=O)CCCC2)cc1,AD{A**Q}{A}A{~B}D{A**Q}{ArAAAAAr}A{~B}D{A*Q}sAAAAD{Aataaaaat}As,39.666666666666664
CHEMBL81324,Clc1ccc(cc1)C(N2CCNCC2)c3ccccc3,1.94,c1(C(N2CCNCC2)c2ccc(Cl)cc2)ccccc1,Zaraaa{aar}A{DsAADAAs}ataaaaat,42.666666666666664
CHEMBL1682814,CC(=O)N1CCOc2nc(OCc3ccccc3)ccc12,2.4,C1Oc2nc(OCc3ccccc3)ccc2N(C(C)=O)C1,AA{~B}DrAABasda{BAataaaaat}aaars,35.0
CHEMBL2031464,CN1CCN(CC1)c2ccc3N=CN(C(=O)c3c2)c4cc(ccc4C)C(=O)NC5CCC5,2.25,N1(c2ccc3c(c(=O)n(-c4c(C)ccc(C(=O)NC5CCC5)c4)cn3)c2)CCN(C)CC1,ADrAAD{AAr}asaaatD~AD{A{~B}atas}auaa{aaauA}A{~B}DAvAAAv,37.5
CHEMBL2035021,NC1(CCC1)c2ccc(cc2)c3nc4ccccn4c3c5ccccc5,2.8,n12c(nc(-c3ccc(C4(N)CCC4)cc3)c1-c1ccccc1)cccc2,DAr{AAAr}asaaa{aas}atdauaaaaduatavaaaaav,28.33333333333334
CHEMBL1302851,CC(C)(C)NC(=O)C(N(Cc1occc1)C(=O)c2ccc([nH]2)c3ccccc3)c4ccncc4,4.13,c1cc(CN(C(c2ccncc2)C(=O)NC(C)(C)C)C(c2[nH]c(-c3ccccc3)cc2)=O)oc1,AA{A}{A}DA{~B}A{D{Aarbaaar}A{~B}asaaa{{dQ}s}ataaaaat}auaadaau,6.166666666666669
CHEMBL2088101,Cc1cc(Nc2nc(NCc3ccccn3)ncc2Br)n[nH]1,2.8,c1(Nc2cc(C)[nH]n2)c(Br)cnc(NCc2ccccn2)n1,Aaraa{Dasda{DAataaaadt}daasY}d{dQ}r,28.33333333333334
CHEMBL454,CC(C)CC1(CC=C)C(=O)NC(=O)NC1=O,1.48,N1C(=O)C(CC=C)(CC(C)C)C(=O)NC1=O,AA{A}AAr{AA~A}A{~B}DA{~B}DAr~B,50.333333333333336
CHEMBL2312487,CCOC(=O)C1=COc2ccccc2C1=O,1.81,O(CC)C(=O)c1coc2ccccc2c1=O,AABA{~B}Ar~ABasaaaaasAr~B,44.833333333333336
CHEMBL2335888,CN(C(=O)C)c1ccc(Nc2ncc3cc(ccc3n2)c4ccncc4)cc1,2.88,c1c(-c2ccncc2)ccc2nc(Nc3ccc(N(C(C)=O)C)cc3)ncc12,AD{A{~B}A}araaa{Dasdaataa{aaatds}auaadaau}aar,27.0
CHEMBL1916277,CC1CCCCC1NC(=O)c2c(C)nn(c2NS(=O)(=O)c3ccc(C)cc3)c4ccccc4,1.94,c1c(C)ccc(S(Nc2n(-c3ccccc3)nc(C)c2C(NC2CCCCC2C)=O)(=O)=O)c1,AArAAAAArDA{~B}asa{A}dd{asDE{~B}{~B}ataaa{A}aat}auaaaaau,42.666666666666664
CHEMBL218468,CC(C)CN1C(=O)N(C)C(=O)c2c1sc(Cc3ccnc4ccc(F)cc34)c2C(=O)N5CC[C@@H](O)C5,1.95,O=C(c1c(Cc2ccnc3c2cc(F)cc3)sc2n(CC(C)C)c(=O)n(C)c(=O)c12)N1CC[C@@H](O)C1,AA{A}ADrA{~B}D{A}A{~B}asarea{Aataadauaaa{G}aatu}asA{~B}DvAA{A**Q}{B}Av,42.49999999999999
CHEMBL1945040,COc1ccccc1CNCc2ccc(CCNC[C@H](O)c3ccc(O)c4NC(=O)Sc34)cc2,0.15,c1(CCNC[C@@H](c2c3c(c(O)cc2)[nH]c(=O)s3)O)ccc(CNCc2c(OC)cccc2)cc1,ABaraaaaarADAasaaa{AADA{A*Q}{B}ataaa{B}auDA{~B}Eatu}aas,72.49999999999999
CHEMBL306835,C[C@@](O)(C(=O)Nc1ccc(cc1Cl)S(=O)(=O)NCCCO)C(F)(F)F,2.1,O=C(Nc1c(Cl)cc(S(=O)(=O)NCCCO)cc1)[C@@](C)(O)C(F)(F)F,A{A**}{B}{A{~B}Daraaa{aarZ}E{~B}{~B}DAAAB}A{G}{G}G,40.0
CHEMBL1289110,CN1c2ccccc2C(NCCCCCCC(=O)O)c3ccc(Cl)cc3S1(=O)=O,1.33,OC(CCCCCCNC1c2ccccc2N(C)S(=O)(=O)c2cc(Cl)ccc21)=O,ADrasaaaaasA{DAAAAAAA{~B}B}ataaa{Z}aatEr{~B}~B,52.833333333333336
CHEMBL255130,COc1ccc(\C=C\2/SC(=S)NC2=O)cc1OC,1.42,c1(OC)ccc(/C=C2\SC(=S)NC2=O)cc1OC,ABaraaa{!A~A!s|EA{~E}DAs~B}aarBA,51.333333333333336
CHEMBL2163581,CS(=O)(=O)c1ccc2[nH]c3CCN(Cc3c2c1)C(=O)[C@@H]4CCCC[C@H]4C(=O)NC5(CC5)C#N,1.5,N1(C([C@H]2[C@H](C(=O)NC3(C#N)CC3)CCCC2)=O)Cc2c([nH]c3ccc(S(C)(=O)=O)cc32)CC1,AE{~B}{~B}araaas{dQ}atAAD{Aatasar}A{~B}{A**Q}uAAAA{A*Q}uA{~B}DAv{AAv}A^D,50.0
CHEMBL480825,COc1cc2ncc(C(=O)N)c(Nc3cc(F)ccc3F)c2cc1OC,2.9,O=C(c1cnc2cc(OC)c(OC)cc2c1Nc1cc(F)ccc1F)N,ABaraasdaa{A{~B}D}a{Dataa{G}aaatG}asaarBA,26.666666666666668
CHEMBL1489611,Cc1cc(C)cc(c1)c2oc(SCC(=O)N3CCN(CC3)C(=O)c4occc4)nn2,3.0,C1N(C(c2ccco2)=O)CCN(C(CSc2nnc(-c3cc(C)cc(C)c3)o2)=O)C1,Aaraa{A}aa{ar}asba{EAA{~B}DtAAD{AAt}A{~B}aubaaau}dds,25.0
CHEMBL1809197,COc1cc(ccc1Nc2ncc(OC)c(n2)c3cnc4ccccn34)N5CCN(CC5)C(=O)C,3.2,C(=O)(N1CCN(c2ccc(Nc3nc(-c4n5c(nc4)cccc5)c(OC)cn3)c(OC)c2)CC1)C,ABaraa{aaarDasdaa{BA}a{ds}atadauaaaadtu}DvAAD{AAv}A{~B}A,21.66666666666666
CHEMBL2031160,OC(=O)[C@H](Cc1ccc(OCCc2ccc3CCCNc3n2)cc1)NC(=O)c4c(Cl)cccc4Cl,0.33,n1c2c(ccc1CCOc1ccc(C[C@H](NC(=O)c3c(Cl)cccc3Cl)C(O)=O)cc1)CCCN2,BA{~B}{A*Q}{Aaraaa{BAAasaaatAAADatds}aar}DA{~B}aua{Z}aaaauZ,69.5
CHEMBL2088096,COc1cc(CCc2cc(Nc3ccnc(NCc4onc(C)c4)n3)n[nH]2)cc(OC)c1,3.1,n1c(NCc2onc(C)c2)nc(Nc2n[nH]c(CCc3cc(OC)cc(OC)c3)c2)cc1,ABaraa{AAasaa{Dataada{DAaubda{A}au}dt}d{dQ}s}aa{BA}ar,23.333333333333332
CHEMBL2030449,CS(=O)(=O)Cc1cc(nc(n1)c2ccc(NS(=O)(=O)C)cc2)N3CCOCC3,0.85,C1CN(c2cc(CS(=O)(C)=O)nc(-c3ccc(NS(=O)(=O)C)cc3)n2)CCO1,AE{~B}{~B}Aaraa{da{dr}asaaa{DE{~B}{~B}A}aas}DtAABAAt,60.833333333333336
CHEMBL261849,COc1ccc(COc2ccc(Cc3cnc(N)nc3N)cc2OC)cc1,2.27,c1(N)ncc(Cc2cc(OC)c(OCc3ccc(OC)cc3)cc2)c(N)n1,ABaraaa{ABasaaa{Aatada{D}datD}aasBA}aar,37.166666666666664
CHEMBL349803,NS(=O)(=O)c1cc(cc(N2CCCC2)c1Oc3ccccc3)C(=O)O,-0.94,C1CCCN1c1c(Oc2ccccc2)c(S(=O)(N)=O)cc(C(=O)O)c1,DE{~B}{~B}araa{aa{DsAAAAs}arBataaaaat}A{~B}B,90.66666666666667
CHEMBL53366,Cc1nccn1CCC(C(=O)N)(c2ccccc2)c3ccccc3,1.79,n1c(C)n(CCC(C(N)=O)(c2ccccc2)c2ccccc2)cc1,AardaadrAAA{A{~B}D}{asaaaaas}ataaaaat,45.166666666666664
CHEMBL1297,CC(C(=O)O)c1cccc(Oc2ccccc2)c1,0.71,c1cc(Oc2ccccc2)cc(C(C(O)=O)C)c1,AA{A{~B}B}araaaa{Basaaaaas}ar,63.166666666666664
CHEMBL1917435,CNC(=O)c1cccc2c1c(Sc3ccc(Cl)cc3)c(C)n2CC(=O)O,-0.89,c1(C(=O)NC)cccc2n(CC(O)=O)c(C)c(Sc3ccc(Cl)cc3)c12,ADA{~B}araaaasara{Eataaa{Z}aat}a{A}dsAA{~B}B,89.83333333333333
CHEMBL198750,O=C1C=C(Oc2c1cccc2c3cccc4c5CCCCc5sc34)N6CCOCC6,4.1,c12cccc(-c3cccc4c5c(sc43)CCCC5)c1oc(N1CCOCC1)cc2=O,B~ArA~A{BasaraaaasataaaauavAAAAaveatu}DwAABAAw,6.666666666666672
CHEMBL2335879,CN1CCCC1CCNC(=O)c2ccc(Nc3ncc4cc(ccc4n3)c5ccncc5)cc2,2.01,c1c2c(nc(Nc3ccc(C(=O)NCCC4CCCN4C)cc3)n1)ccc(-c1ccncc1)c2,ADrAAAArAADA{~B}asaaa{Datdaauaa{aaaudt}avaadaav}aas,41.50000000000001
CHEMBL1307677,CC(=O)c1noc(C)c1C(=O)Nc2nccs2,1.94,O=C(C)c1c(C(=O)Nc2sccn2)c(C)on1,AA{~B}ardba{A}arA{~B}Dasdaaes,42.666666666666664
CHEMBL1809201,COc1cc(ccc1Nc2ncc(Cl)c(n2)c3cnc4c(N)cccn34)N5CCN(CC5)C(=O)C,3.4,c1c(OC)c(Nc2ncc(Cl)c(-c3cnc4c(N)cccn43)n2)ccc1N1CCN(C(C)=O)CC1,ABaraa{aaarDasdaa{Z}a{ds}atadaua{D}aaadtu}DvAAD{AAv}A{~B}A,18.333333333333336
CHEMBL1181881,O=C(N[C@@H]1CN2CCC1CC2)c3ccc(s3)c4ccccc4,1.77,c1ccccc1-c1ccc(C(=O)N[C@H]2C3CCN(CC3)C2)s1,B~A{D{A**Q}rADsAAArAAs}ataaa{et}auaaaaau,45.5
CHEMBL442995,Cc1c(c2ccc(O)cc2)n(C)c3ccc(O)cc13,3.8,n1(C)c(-c2ccc(O)cc2)c(C)c2cc(O)ccc12,Aara{asaaa{B}aas}d{A}ataaa{B}aart,11.66666666666667
CHEMBL453655,CNC(=O)c1ccc(Nc2ncc(F)c(n2)c3cnc(C)n3C(C)C)cc1,3.0,CC(n1c(C)ncc1-c1c(F)cnc(Nc2ccc(C(NC)=O)cc2)n1)C,ADA{~B}araaa{Dasdaa{G}a{ds}atada{A}dtA{A}A}aar,25.0
CHEMBL399539,COC(=O)C1=C(C)NC(=C([C@@H]1c2cccc3nonc23)C(=O)OC(C)C)C,3.77,C1(C)=C(C(=O)OC)[C@@H](c2c3c(ccc2)non3)C(C(OC(C)C)=O)=C(C)N1,ABA{~B}Ar~A{A}DA{~A{{A**Q}rasaaaatdbdast}A{~B}BA{A}A}A,12.166666666666666
CHEMBL1779016,COc1cc(F)ccc1c2cncc(CNC(=O)C3CCC3)c2,3.2,C1C(C(NCc2cncc(-c3ccc(F)cc3OC)c2)=O)CC1,ABaraa{G}aaarasadaa{ADA{~B}AtAAAt}as,21.66666666666666
CHEMBL314566,Oc1cc(Cl)cc(Cl)c1,3.58,Clc1cc(O)cc(Cl)c1,Baraa{Z}aa{Z}ar,15.333333333333334
CHEMBL17370,CSc1ccc(cc1)c2nc(c3ccc(F)cc3)c([nH]2)c4ccncc4,2.97,c1(-c2[nH]c(-c3ccc(SC)cc3)nc2-c2ccc(F)cc2)ccncc1,AEaraaa{aar}asda{ataaa{G}aat}a{{dQ}s}auaadaau,25.499999999999996
CHEMBL32,COc1c(N2C[C@@H]3CCCN[C@@H]3C2)c(F)cc4C(=O)C(=CN(C5CC5)c14)C(=O)O,-0.18,Fc1cc2c(=O)c(C(O)=O)cn(C3CC3)c2c(OC)c1N1C[C@@H]2CCCN[C@@H]2C1,ABara{DsA{A**Q}tAAAD{A**Q}tAs}a{G}aauA{~B}A{~AD{AvAAv}aru}A{~B}B,78.0
CHEMBL1683030,CCOc1cc2nnc(C(=O)N)c(Nc3ccc(F)cc3F)c2cc1N4CCN(C)CC4,2.63,O(c1c(N2CCN(C)CC2)cc2c(nnc(C(N)=O)c2Nc2ccc(F)cc2F)c1)CC,AABaraasdda{A{~B}D}a{Dataaa{G}aatG}asaarDuAAD{A}AAu,31.166666666666668
CHEMBL1423809,CC(=O)Nc1ccc(cc1)S(=O)(=O)Nc2ccc(Cc3ccncc3)cc2,2.8,c1c(S(Nc2ccc(Cc3ccncc3)cc2)(=O)=O)ccc(NC(C)=O)c1,AA{~B}Daraaa{aar}E{~B}{~B}Dasaaa{Aataadaat}aas,28.33333333333334
CHEMBL1257457,NC(=O)c1cccc(OC2CCN(Cc3ccccc3)CC2)c1,1.92,C1CC(Oc2cc(C(N)=O)ccc2)CCN1Cc1ccccc1,DA{~B}araaaa{BAsAAD{Aataaaaat}AAs}ar,43.0
CHEMBL1650734,C[C@H](Nc1nc(Nc2cc(C)[nH]n2)c(Cl)c(n1)N3CCOCC3)c4ncc(F)cn4,2.61,c1(Nc2n[nH]c(C)c2)c(Cl)c(N2CCOCC2)nc(N[C@@H](C)c2ncc(F)cn2)n1,A{A*Q}{Darda{Dasaa{A}{dQ}ds}a{Z}a{dr}DtAABAAt}audaa{G}adu,31.5
CHEMBL481312,CN(C(=O)C)c1ccccc1,1.1,O=C(C)N(c1ccccc1)C,AD{A{~B}A}araaaaar,56.666666666666664
CHEMBL260200,CN(C)C(=O)c1ccc(CN2CCC(CC2)c3ccc(cc3)C(=O)Nc4ccccc4N)cc1,1.53,N(c1ccccc1N)C(c1ccc(C2CCN(Cc3ccc(C(N(C)C)=O)cc3)CC2)cc1)=O,AD{A}A{~B}araaa{ADsAAA{AAs}ataaa{aat}A{~B}DauaaaaauD}aar,49.5
CHEMBL107,COC1=CC=C2C(=CC1=O)[C@H](CCc3cc(OC)c(OC)c(OC)c23)NC(=O)C,0.82,c1(=O)cc2c(ccc1OC)-c1c(cc(OC)c(OC)c1OC)CC[C@@H]2NC(C)=O,ABAr~AA~AsA{~AAr~B}{A*Q}{AAataa{BA}a{BA}a{BA}ast}DA{~B}A,61.333333333333336
CHEMBL244522,CC(C)(C)c1ccc(cc1)c2n[nH]c(NC(=O)c3ccccc3Cl)c2Br,4.3,c1cc(C(C)(C)C)ccc1-c1n[nH]c(NC(c2ccccc2Cl)=O)c1Br,AA{A}{A}araaa{aar}asd{dQ}a{DA{~B}ataaaaatZ}asY,3.333333333333336
CHEMBL1683689,CC(C)[C@@H]1N=C(c2ccccc2)c3ccccc3NC1=O,3.05,[C@H]1(C(C)C)C(=O)Nc2c(cccc2)C(c2ccccc2)=N1,AA{A}{A**Q}rD~A{asaaaaas}ataaaaatDAr~B,24.16666666666667
CHEMBL2171022,OC(=O)COc1cccc(c1)C(=O)N2CCC(CC2)N3CCC(CC3)Oc4ccc(Cl)c(Cl)c4,1.09,C1(Oc2cc(Cl)c(Cl)cc2)CCN(C2CCN(C(c3cc(OCC(O)=O)ccc3)=O)CC2)CC1,BA{~B}ABaraaaa{ar}A{~B}DsAAA{AAs}DtAAA{AAt}Bauaaa{Z}a{Z}au,56.833333333333336
CHEMBL1916535,O=C1COc2ccccc2N1CCN3CCC(CC3)NCc4cc5OCCOc5cn4,1.04,O1c2c(cc(CNC3CCN(CCN4c5ccccc5OCC4=O)CC3)nc2)OCC1,B~ArABasaaaaasDrAADtAAA{AAt}DAauaavBAABavadu,57.666666666666664
CHEMBL445,CNCCC=C1c2ccccc2CCc3ccccc13,1.58,c1cc2c(cc1)CCc1c(cccc1)C2=CCCNC,ADAAA~ArasaaaaasAAataaaaart,48.666666666666664
CHEMBL639,CN1CCCC(CC1)N2N=C(Cc3ccc(Cl)cc3)c4ccccc4C2=O,2.46,n1n(C2CCN(C)CCC2)c(=O)c2c(cccc2)c1Cc1ccc(Cl)cc1,ADrAAAA{AAr}DsD~A{Aataaa{Z}aat}auaaaaauAs~B,34.0
CHEMBL1170522,O=C(Nc1ccccc1)N2CCOCC2,1.0,C1OCCN(C(=O)Nc2ccccc2)C1,B~A{Daraaaaar}DsAABAAs,58.333333333333336
CHEMBL119247,CCn1c2ccccc2c3cc(NC(=O)N4CCOCC4)ccc13,3.2,CCn1c2c(c3ccccc31)cc(NC(N1CCOCC1)=O)cc2,AAdrasaaaaasataa{DA{~B}DuAABAAu}aaart,21.66666666666666
CHEMBL186791,Cc1ccc(NC(=O)c2cccc(c2)N3CCOCC3)cc1NC(=O)c4ccc(OCc5ccncc5)cc4,3.2,N(c1cc(NC(=O)c2cccc(N3CCOCC3)c2)ccc1C)C(=O)c1ccc(OCc2ccncc2)cc1,Aaraaa{DA{~B}asaaaa{as}DtAABAAt}aarDA{~B}auaaa{BAavaadaav}aau,21.66666666666666
CHEMBL99948,CN(C)CC(O)COc1ccc(Nc2nccc(Nc3cc(C)ccc3Cl)n2)cc1,2.6,N(CC(O)COc1ccc(Nc2nccc(Nc3cc(C)ccc3Cl)n2)cc1)(C)C,AD{A}AA{B}ABaraaa{Dasdaaa{Dataa{A}aaatZ}ds}aar,31.666666666666668
CHEMBL1735467,CC(=O)Nc1cccc(OCc2cnc(Cl)s2)c1,2.38,n1c(Cl)sc(COc2cc(NC(=O)C)ccc2)c1,AA{~B}Daraaaa{BAasada{Z}es}ar,35.333333333333336
CHEMBL403569,OCC(=O)N1CCC[C@H]1COc2cccc3ncnc(Nc4ccc(OCc5ccccn5)c(Cl)c4)c23,3.62,c1c(OC[C@H]2N(C(=O)CO)CCC2)c2c(ncnc2Nc2cc(Cl)c(OCc3ncccc3)cc2)cc1,BAA{~B}DrAAA{A*Q}rABasaaaatdada{Dauaaa{BAavaaaadv}a{Z}au}ast,14.666666666666664
CHEMBL347164,COc1ccc(cc1)c2nc(nc(O)c2C#N)N3CCOCC3,0.2,c1(OC)ccc(-c2c(C#N)c(O)nc(N3CCOCC3)n2)cc1,ABaraaa{aar}asda{da{B}asA^D}DtAABAAt,71.66666666666667
CHEMBL216105,CN1CCC(COc2cc(OC3CCOCC3)c4c(Nc5c(Cl)ccc6OCOc56)ncnc4c2)CC1,2.59,CN1CCC(COc2cc3c(c(Nc4c(Cl)ccc5c4OCO5)ncn3)c(OC3CCOCC3)c2)CC1,ADrAAA{ABasaa{BAtAABAAt}aua{Dava{Z}aaawBABavw}dadauas}AAr,31.833333333333332
CHEMBL325245,COc1cc2ncnc(NCc3ccccc3)c2cc1OC,3.29,c1cc(CNc2c3cc(OC)c(OC)cc3ncn2)ccc1,ABaraasdada{DAataaaaat}asaarBA,20.166666666666668
CHEMBL1221551,CC(C)CN1C(=O)N(C)C(=O)c2c1sc(Cc3ccccc3C(F)(F)F)c2C(=O)N4CC=CC4,3.53,C(Cn1c(=O)n(C)c(=O)c2c1sc(Cc1c(C(F)(F)F)cccc1)c2C(N1CC=CC1)=O)(C)C,AA{A}ADrA{~B}D{A}A{~B}asarea{AataaaaatA{G}{G}G}asA{~B}DuAA~AAu,16.166666666666668
CHEMBL7568,CCN(CC)CCCC(C)Nc1c2ccc(Cl)cc2nc3ccc(OC)cc13,2.17,C(CCC(Nc1c2cc(OC)ccc2nc2cc(Cl)ccc21)C)N(CC)CC,AAD{AA}AAAA{A}Darasaaa{Z}aasdataaa{BA}aart,38.833333333333336
CHEMBL1705098,Cc1ccc(Oc2ccc(OCC(=O)Nc3ccncc3)cc2)cc1,4.3,C(Nc1ccncc1)(COc1ccc(Oc2ccc(C)cc2)cc1)=O,Aaraaa{Basaaa{BAA{~B}Dataadaat}aas}aar,3.333333333333336
CHEMBL1682808,Cn1cnc2cc(OC(=O)c3ccccc3)cnc12,2.4,c12ncc(OC(c3ccccc3)=O)cc1ncn2C,Adradasaa{BA{~B}ataaaaat}adars,35.0
CHEMBL108667,Brc1cc(Br)cc(COC[C@@H](N2CCNCC2)c3ccccc3)c1,2.8,C1CNCCN1[C@H](COCc1cc(Br)cc(Br)c1)c1ccccc1,Yaraa{Y}aa{ABA{A**Q}{DsAADAAs}ataaaaat}ar,28.33333333333334
CHEMBL817,Cc1ccc(cc1)S(=O)(=O)NC(=O)NN2CCCCCC2,0.01,C1CN(NC(=O)NS(=O)(=O)c2ccc(C)cc2)CCCC1,Aaraaa{aar}E{~B}{~B}DA{~B}DDsAAAAAAs,74.83333333333333
CHEMBL32571,Oc1ccc(cc1)C2CC(=O)c3c(O)cc(O)cc3O2,2.6,c12c(cc(O)cc1O)OC(c1ccc(O)cc1)CC2=O,Baraaa{aar}AsAA{~B}ata{B}aa{B}aatBs,31.666666666666668
CHEMBL1721725,Nc1c(c(CN2CCOCC2)nn1c3ccc(F)cc3)c4ccccc4,2.33,c1cc(-c2c(CN3CCOCC3)nn(-c3ccc(F)cc3)c2N)ccc1,Dara{a{ADsAABAAs}ddrataaa{G}aat}auaaaaau,36.166666666666664
CHEMBL403656,C[C@H](CO)Nc1nc(SCc2cccc(F)c2F)nc3NC(=O)C(=Cc13)C#N,3.32,C[C@@H](Nc1c2cc(C#N)c(=O)[nH]c2nc(SCc2cccc(F)c2F)n1)CO,A{A*Q}{AB}Darda{EAasaaaa{G}asG}datDA{~B}A{~Aart}A^D,19.666666666666668
CHEMBL16687,Nc1nc2ccc(Cl)cc2c3nc(nn13)c4occc4,3.98,n1c2c(cc(Cl)cc2)c2nc(-c3occc3)nn2c1N,Dardasaaa{Z}aasatda{ddrt}aubaaau,8.666666666666666
CHEMBL1916533,COc1ccc2ncc(F)c(CCN3CCC(CC3)NCc4ccc5OCC(=O)Nc5n4)c2n1,1.78,c12c(nc(OC)cc1)c(CCN1CCC(NCc3nc4c(cc3)OCC(=O)N4)CC1)c(F)cn2,ABaraaasdaa{G}a{AADtAAA{AAt}DAauaaavBAA{~B}Davdu}asdr,45.333333333333336
CHEMBL968,CCN(CC)CCN1C(=O)CN=C(c2ccccc2F)c3cc(Cl)ccc13,2.38,C(N1c2c(cc(Cl)cc2)C(c2ccccc2F)=NCC1=O)CN(CC)CC,AAD{AA}AADrA{~B}AD~A{asaaaaasG}ataa{Z}aaart,35.333333333333336
CHEMBL2035027,NC1(CCC1)c2ccc(cc2)c3ncc4ccccc4c3c5ccccc5,3.6,c1cc(C2(N)CCC2)ccc1-c1ncc2ccccc2c1-c1ccccc1,DAr{AAAr}asaaa{aas}atdaauaaaaauatavaaaaav,14.999999999999998
CHEMBL2338347,CS(=O)(=O)c1ccc(cc1Cl)[C@@H](CC2CCCC2)C(=O)Nc3cnc(cn3)[C@H](O)CO,2.58,c1(Cl)cc([C@H](C(=O)Nc2cnc([C@H](O)CO)cn2)CC2CCCC2)ccc1S(=O)(C)=O,AE{~B}{~B}araaa{aarZ}{A**Q}{AAsAAAAs}A{~B}Datada{adt}{A*Q}{B}AB,32.0
CHEMBL1917434,CCN(C(=O)C)c1cccc2c1c(Sc3ccc(Cl)cc3)c(C)n2CC(=O)O,1.61,c1c(Sc2c3c(n(CC(=O)O)c2C)cccc3N(C(=O)C)CC)ccc(Cl)c1,AAD{A{~B}A}araaaasara{Eataaa{Z}aat}a{A}dsAA{~B}B,48.16666666666666
CHEMBL217904,COc1ccc(COC(=O)N2CCC(CNc3ncccn3)CC2)cc1,3.14,n1c(NCC2CCN(C(=O)OCc3ccc(OC)cc3)CC2)nccc1,ABaraaa{ABA{~B}DsAAA{ADatdaaadt}AAs}aar,22.666666666666668
CHEMBL1144,CC[C@H](C)C(=O)O[C@H]1C[C@H](O)C=C2C=C[C@H](C)[C@H](CC[C@@H](O)C[C@@H](O)CC(=O)O)[C@@H]12,-0.76,C1=C[C@H](C)[C@H](CC[C@H](C[C@H](CC(O)=O)O)O)[C@@H]2C1=C[C@@H](O)C[C@@H]2OC(=O)[C@@H](C)CC,AA{A*Q}{A}A{~B}B{A*Q}rA{A*Q}{B}A~AsA~A{A*Q}{A}{A*Q}{AA{A**Q}{B}A{A**Q}{B}AA{~B}B}{A**Q}rs,87.66666666666667
CHEMBL2208423,O[C@H](CNC(=O)c1cccc(c1)C#N)CN2CCC(CC2)Oc3ccc(Cl)c(Cl)c3,3.48,C([C@H](O)CNC(=O)c1cccc(C#N)c1)N1CCC(Oc2cc(Cl)c(Cl)cc2)CC1,B{A*Q}{ADA{~B}araaaa{ar}A^D}ADsAAA{AAs}Bataaa{Z}a{Z}at,17.0
CHEMBL227198,CN(C)C(=O)Nc1ccc(CN2NC(=O)C3=C(C2=O)C(=O)c4ccc(Cl)cc4N3)cc1,1.1,c1c(Cn2c(=O)c3c(=O)c4c(cc(Cl)cc4)[nH]c3c(=O)[nH]2)ccc(NC(=O)N(C)C)c1,AD{A}A{~B}Daraaa{ADsDA{~B}At~A{As~B}A{~B}auaaa{Z}aauDt}aar,56.666666666666664
CHEMBL572823,COc1cc(Nc2cc(Oc3cccnc3C)ccn2)cc(OC)c1OC,3.19,c1ccnc(C)c1Oc1cc(Nc2cc(OC)c(OC)c(OC)c2)ncc1,ABaraa{Dasaa{BataaadatA}aads}aa{BA}arBA,21.833333333333332
CHEMBL300663,CCOc1ccccc1c2ccc3c(c2)C(=O)C(=O)c4ccccc34,2.67,c1(-c2cc3c(cc2)-c2c(cccc2)C(=O)C3=O)ccccc1OCC,AABaraaaaarasaaata{as}A{~B}A{~B}auaaaaatu,30.5
CHEMBL1718354,Cc1cccc(NC(=O)NCC(N2CCOCC2)c3cccnc3)c1,2.0,C(NC(Nc1cc(C)ccc1)=O)C(c1cccnc1)N1CCOCC1,Aaraaaa{DA{~B}DAA{DsAABAAs}ataaadat}ar,41.666666666666664
CHEMBL2164684,Fc1ccc2c3CN(CCc3[nH]c2c1)C(=O)[C@@H]4CCCC[C@H]4C(=O)NC5(CC5)C#N,2.99,N(C([C@@H]1CCCC[C@H]1C(=O)N1CCc2c(c3c(cc(F)cc3)[nH]2)C1)=O)C1(C#N)CC1,GaraaasatAD{AAat{dQ}asar}A{~B}{A**Q}uAAAA{A*Q}uA{~B}DAv{AAv}A^D,25.16666666666666
CHEMBL475387,CNC1=Nc2ncccc2C(=NC1c3cccs3)c4ccns4,2.15,N1=C(c2sncc2)c2c(nccc2)N=C(NC)C1c1cccs1,ADAr~DasdaaaasA{~DArataaaet}auaadeu,39.166666666666664
CHEMBL1829416,CCC(N(CCCN)C(=O)c1ccc(C)nc1)C2=Nc3ccsc3C(=O)N2Cc4ccccc4,2.56,n1c2ccsc2c(=O)n(Cc2ccccc2)c1C(CC)N(CCCN)C(c1cnc(C)cc1)=O,AAA{D{AAAD}A{~B}araaa{A}dar}As~DataaeatA{~B}DsAauaaaaau,32.333333333333336
CHEMBL2086672,C[C@@H]1CN(CCN1c2ncc(OCc3ccc(cc3F)S(=O)(=O)C)cn2)C(=O)OC(C)(C)C,3.7,C1N(c2ncc(OCc3c(F)cc(S(C)(=O)=O)cc3)cn2)[C@H](C)CN(C(OC(C)(C)C)=O)C1,A{A**Q}rAD{AADrasdaa{BAataaa{aatG}E{~B}{~B}A}ads}A{~B}BA{A}{A}A,13.33333333333333
CHEMBL728,CN1CCN(CCCN2c3ccccc3Sc4ccc(Cl)cc24)CC1,3.92,c12c(cccc1)Sc1c(cc(Cl)cc1)N2CCCN1CCN(C)CC1,ADrAAD{AAADsataaaaatEauaaa{Z}aasu}AAr,9.666666666666668
CHEMBL2325984,NC1(CCN(CC1)c2ncnc3[nH]ccc23)C(=O)NC(c4ccccc4)c5ccc(Cl)cc5,4.1,c1cc(C(c2ccccc2)NC(C2(N)CCN(c3ncnc4c3cc[nH]4)CC2)=O)ccc1Cl,DAr{AAD{AAr}asdadat{dQ}aaast}A{~B}DA{auaaaaau}avaaa{Z}aav,6.666666666666672
CHEMBL2048500,CN[C@@H](C)C(=O)N[C@@H](C1CCCCC1)C(=O)N2CCC[C@H]2C(=O)N[C@@H](C(c3ccccc3)c4ccccc4)C(=O)OC,2.42,c1c(C([C@@H](C(OC)=O)NC([C@H]2N(C(=O)[C@@H](NC(=O)[C@H](C)NC)C3CCCCC3)CCC2)=O)c2ccccc2)cccc1,AD{A**Q}{A}A{~B}D{A**Q}{ArAAAAAr}A{~B}DsAAA{A*Q}sA{~B}D{A**Q}{A{ataaaaat}auaaaaau}A{~B}BA,34.666666666666664
CHEMBL1645495,O=C1C=C(Nc2cc(Cc3ccccc3)ccc12)c4cccnc4,3.46,c1c(Cc2cc3c(cc2)c(=O)cc(-c2cnccc2)[nH]3)cccc1,B~ArA~A{Dasaa{Aataaaaat}aaars}auaaadau,17.333333333333332
CHEMBL1162395,COc1cc(O)ccc1\C=C\2/CCCN=C2c3cccnc3,2.2,n1cc(C2=NCCC/C2=C\c2ccc(O)cc2OC)ccc1,ABaraa{B}aaar!A~A!s|AAAD~Asataaadat,38.33333333333333
CHEMBL1783246,CCCNC(=O)c1nnc2c(cccc2c1N)c3ccccc3,3.8,c12c(nnc(C(=O)NCCC)c1N)c(-c1ccccc1)ccc2,AAADA{~B}arddasa{aaaasarD}ataaaaat,11.66666666666667
CHEMBL81624,COc1cc(ccc1Cn2ncc3ccc(NC(=O)CC4CCCC4)cc23)C(=O)NS(=O)(=O)c5ccccc5,1.6,c1c2c(ccc1NC(=O)CC1CCCC1)cnn2Cc1c(OC)cc(C(NS(=O)(=O)c2ccccc2)=O)cc1,ABaraa{aaarAdsdaataaa{DA{~B}AAuAAAAu}aast}A{~B}DE{~B}{~B}avaaaaav,48.333333333333336
CHEMBL124660,COc1cc2c(ncnc2cc1OCCCN3CCCCC3)N4CCN(CC4)C(=O)Nc5ccc(OC(C)C)cc5,2.6,C1CN(CCCOc2cc3c(cc2OC)c(N2CCN(C(=O)Nc4ccc(OC(C)C)cc4)CC2)ncn3)CCC1,ABaraasa{dadasaarBAAADtAAAAAt}DuAAD{AAu}A{~B}Davaaa{BA{A}A}aav,31.666666666666668
CHEMBL570135,CC1=CC(=O)Nc2sc(C(=O)c3ccc(Br)cc3)c(N)c12,2.57,C(=O)(c1c(N)c2c(C)cc(=O)[nH]c2s1)c1ccc(Br)cc1,AAr~AA{~B}Dasea{A{~B}ataaa{Y}aat}a{D}ars,32.16666666666667
CHEMBL50347,COC(=O)CCCCCCC(=O)Nc1ccc2c(c1)C(=O)C(=O)c3ccccc23,2.9,O(C)C(=O)CCCCCCC(=O)Nc1ccc2c(c1)C(=O)C(=O)c1ccccc1-2,ABA{~B}AAAAAAA{~B}Daraaasa{ar}A{~B}A{~B}ataaaaast,26.666666666666668
CHEMBL2207663,Cc1cc(Cl)ccc1OC2CCN(C[C@H](O)CNC(=O)C3=CNC(=O)C=C3C(F)(F)F)CC2,2.37,O(c1ccc(Cl)cc1C)C1CCN(C[C@@H](CNC(c2c(C(F)(F)F)cc(=O)[nH]c2)=O)O)CC1,Aaraa{Z}aaarBAsAAD{A{A*Q}{B}ADA{~B}At~ADA{~B}A~AtA{G}{G}G}AAs,35.5
CHEMBL2177610,CCCSc1c(cnn1C)C(=O)NC2CCCCC2,2.99,c1(SCCC)n(C)ncc1C(NC1CCCCC1)=O,AAAEara{addrA}A{~B}DAsAAAAAs,25.16666666666666
CHEMBL1778621,CS(=O)(=O)c1ccc(cc1)c2cc(ccc2OCC(=O)O)C(F)(F)F,-0.87,c1(S(=O)(C)=O)ccc(-c2cc(C(F)(F)F)ccc2OCC(O)=O)cc1,AE{~B}{~B}araaa{aar}asaa{aaasBAA{~B}B}A{G}{G}G,89.5
CHEMBL1255781,O=C(OCCN1CCCCC1)c2c[nH]c3ccccc23,2.0,c1[nH]c2c(c1C(=O)OCCN1CCCCC1)cccc2,B~A{BAADrAAAAAr}asa{dQ}ataaaaast,41.666666666666664
CHEMBL560739,CO[C@H]1CN(CCCOc2ccc(F)cc2)CC[C@H]1NC(=O)c3cc(Cl)c(N)cc3OC,3.56,[C@H]1(OC)CN(CCCOc2ccc(F)cc2)CC[C@H]1NC(c1c(OC)cc(N)c(Cl)c1)=O,AB{A*Q}rAD{AAABasaaa{G}aas}AA{A*Q}rDA{~B}ataa{Z}a{D}aatBA,15.666666666666666
CHEMBL362902,CN(C)CC(C)(C)COc1nccc(Nc2cc(NC(=O)c3ccnc(c3)N4CCOCC4)ccc2C)n1,2.2,c1cc(C)c(Nc2nc(OCC(C)(CN(C)C)C)ncc2)cc1NC(=O)c1cc(N2CCOCC2)ncc1,AD{A}AA{A}{A}ABardaaa{Dasaa{DA{~B}ataada{at}DuAABAAu}aaasA}dr,38.33333333333333
CHEMBL1289779,CCc1cc2C(=NCc3nnc(C)n3c2s1)c4ccccc4Cl,2.52,c1cc(C2=NCc3nnc(C)n3-c3c2cc(CC)s3)c(Cl)cc1,AAaraasA{~DAatdda{A}dtaser}auaaaaauZ,33.0
CHEMBL1778618,OC(=O)COc1ccc(cc1c2ccccc2)C#N,-1.08,c1cccc(-c2c(OCC(O)=O)ccc(C#N)c2)c1,BA{~B}ABaraaa{aarasaaaaas}A^D,93.0
CHEMBL2030436,CS(=O)(=O)Cc1cc(nc(n1)c2ccc3[nH]ccc3c2)N4CCOCC4,2.06,c1(-c2nc(N3CCOCC3)cc(CS(=O)(C)=O)n2)cc2cc[nH]c2cc1,AE{~B}{~B}Aaraa{da{dr}asaaat{dQ}aaatas}DuAABAAu,40.666666666666664
CHEMBL1089168,FC(F)(F)c1nn(cc1C(=O)NCCNC(=O)c2ccc(Cl)cn2)c3ccccc3,3.8,n1cc(Cl)ccc1C(NCCNC(=O)c1cn(-c2ccccc2)nc1C(F)(F)F)=O,GA{G}{G}ardd{aarA{~B}DAADA{~B}asaaa{Z}ads}ataaaaat,11.66666666666667
CHEMBL337962,CNC(=O)c1cccc(NC(=O)Nc2cccc(c2)C#N)c1CN3CCC(Cc4ccc(F)cc4)CC3,3.97,N(C(Nc1c(CN2CCC(Cc3ccc(F)cc3)CC2)c(C(NC)=O)ccc1)=O)c1cccc(C#N)c1,ADA{~B}araaaa{DA{~B}Dasaaaa{as}A^D}arADtAAA{Aauaaa{G}aau}AAt,8.83333333333333
CHEMBL2325985,NC1(CCN(CC1)c2ncnc3[nH]ccc23)C(=O)NC(Cc4ccccc4)c5ccc(Cl)cc5,4.1,c1c(CC(c2ccc(Cl)cc2)NC(=O)C2(N)CCN(c3ncnc4[nH]ccc43)CC2)cccc1,DAr{AAD{AAr}asdadat{dQ}aaast}A{~B}DA{Aauaaaaau}avaaa{Z}aav,6.666666666666672
CHEMBL1438047,Cc1oc(cc1C(=O)O)c2ccc(Cl)cc2,1.67,OC(c1c(C)oc(-c2ccc(Cl)cc2)c1)=O,Aarba{aarA{~B}B}asaaa{Z}aas,47.166666666666664
CHEMBL71936,CSc1nc2cc(Cl)ccc2[nH]1,3.22,c12nc(SC)[nH]c1ccc(Cl)c2,AEardasaa{Z}aaas{dQ}r,21.333333333333332
CHEMBL2349329,CC(C)C[C@H](CO)Nc1nc(SCc2cccc(c2)C#N)nc3nc(N)sc13,3.9,CC(C)C[C@H](CO)Nc1c2c(nc(N)s2)nc(SCc2cc(C#N)ccc2)n1,AA{A}A{A*Q}{AB}Darda{EAasaaaa{as}A^D}datda{D}eart,10.000000000000002
CHEMBL2364624,OC(=O)C[C@@H]1CC[C@H](CC1)c2ccc(cc2)c3ccc(Nc4ccc(nc4)C(F)(F)F)cn3,3.8,c1nc(-c2ccc([C@H]3CC[C@H](CC(O)=O)CC3)cc2)ccc1Nc1ccc(C(F)(F)F)nc1,BA{~B}A{A**Q}rAA{A*Q}{AAr}asaaa{aas}ataaa{Dauaaa{dau}A{G}{G}G}adt,11.66666666666667
CHEMBL22,COc1cc(Cc2cnc(N)nc2N)cc(OC)c1OC,0.63,COc1c(OC)cc(Cc2cnc(N)nc2N)cc1OC,ABaraa{Aasada{D}dasD}aa{BA}arBA,64.5
CHEMBL1223817,CN(C)C(=O)N[C@@H]1CC[C@@H](CN2[C@@H]3CC[C@H]2C[C@H](C3)Oc4cccc(c4)C(=O)N)CC1,-0.07,C(=O)(c1cccc(O[C@H]2C[C@@H]3N(C[C@H]4CC[C@H](NC(=O)N(C)C)CC4)[C@H](C2)CC3)c1)N,AD{A}A{~B}D{A**Q}rAA{A**Q}{ADs{A**Q}tAA{A*Q}sA{A*Q}{At}Bauaaaa{au}A{~B}D}AAr,76.16666666666667
CHEMBL1944691,O[C@@H](CNCCc1cccc(CNCCc2ccccc2F)c1)c3ccc(O)c4NC(=O)Sc34,1.06,c1cc([C@@H](O)CNCCc2cccc(CNCCc3c(F)cccc3)c2)c2c([nH]c(=O)s2)c1O,B{A**Q}{ADAAaraaaa{ADAAasaaaaasG}ar}ataaa{B}auDA{~B}Eatu,57.333333333333336
CHEMBL1896341,Cc1ccc(CNC(=O)C2CCCN2S(=O)(=O)c3ccc(F)cc3)cc1,2.9,N1(S(c2ccc(F)cc2)(=O)=O)CCCC1C(=O)NCc1ccc(C)cc1,Aaraaa{ADA{~B}AsAAADsE{~B}{~B}ataaa{G}aat}aar,26.666666666666668
CHEMBL2325990,CC(NC(=O)C1(N)CCN(CC1)c2ncnc3[nH]ccc23)c4ccc(cc4)S(=O)(=O)C,1.0,O=S(=O)(c1ccc(C(C)NC(=O)C2(N)CCN(c3ncnc4[nH]ccc34)CC2)cc1)C,AA{DA{~B}Ar{D}AAD{AAr}asdadat{dQ}aaast}auaaa{aau}E{~B}{~B}A,58.333333333333336
CHEMBL1000,OC(=O)COCCN1CCN(CC1)C(c2ccccc2)c3ccc(Cl)cc3,1.27,C1N(C(c2ccc(Cl)cc2)c2ccccc2)CCN(CCOCC(=O)O)C1,BA{~B}ABAADrAAD{AAr}A{asaaaaas}ataaa{Z}aat,53.833333333333336
CHEMBL2086686,C[C@@H]1CN(CCN1c2ncc(OCc3ccncc3C#N)cn2)C(=O)OC(C)(C)C#N,2.3,O(C(N1CCN(c2ncc(OCc3c(C#N)cncc3)cn2)[C@H](C)C1)=O)C(C#N)(C)C,A{A**Q}rAD{AADrasdaa{BAataadaatA^D}ads}A{~B}BA{A}{A}A^D,36.66666666666667
CHEMBL2010833,CN(C1CCN(Cc2ccc(cc2)C(F)(F)F)CC1)C(=O)Cc3ccc(c(F)c3)S(=O)(=O)C,3.0,C1CN(Cc2ccc(C(F)(F)F)cc2)CCC1N(C)C(Cc1ccc(S(=O)(C)=O)c(F)c1)=O,AD{ArAAD{Aasaaa{aas}A{G}{G}G}AAr}A{~B}Aataaa{a{G}at}E{~B}{~B}A,25.0
CHEMBL2163590,CCOc1cccc2c3CN(CCc3[nH]c12)C(=O)[C@@H]4CCCC[C@H]4C(=O)NC5(CC5)C#N,3.1,[nH]1c2c(c3c1c(OCC)ccc3)CN(C([C@@H]1CCCC[C@H]1C(=O)NC1(C#N)CC1)=O)CC2,AABaraaaasatAD{AAat{dQ}ars}A{~B}{A**Q}uAAAA{A*Q}uA{~B}DAv{AAv}A^D,23.333333333333332
CHEMBL1698932,Oc1cc(nc2ncnn12)c3ccccc3,-0.21,n1cnn2c(O)cc(-c3ccccc3)nc12,Baraa{dasdaddrs}ataaaaat,78.5
CHEMBL1881806,NC(=O)c1nnn(c1N)c2ccccc2,0.74,c1cccc(-n2c(N)c(C(=O)N)nn2)c1,DA{~B}arddd{arD}asaaaaas,62.666666666666664
CHEMBL1467518,OC(c1ccccc1)c2cccnc2,1.72,c1ccc(C(c2ccccc2)O)cn1,BA{araaaaar}asaaadas,46.333333333333336
CHEMBL2031241,CN1CCN(CC1)c2ccc3N=CN(C(=O)c3c2)c4cc(ccc4C)C(=O)Nc5nccs5,2.56,N1(c2ccc3ncn(-c4c(C)ccc(C(=O)Nc5sccn5)c4)c(=O)c3c2)CCN(C)CC1,ADrAAD{AAr}asaaatD~AD{A{~B}atas}auaa{aaauA}A{~B}Davdaaev,32.333333333333336
CHEMBL467803,CN1C(=O)N(CC2CC2)c3nn(Cc4cn(C)c5ccc(Cl)cc45)c(c6cc(oc6C)S(=O)(=O)C)c3C1=O,4.48,O=S(c1oc(C)c(-c2n(Cc3cn(C)c4ccc(Cl)cc43)nc3n(CC4CC4)c(=O)n(C)c(=O)c23)c1)(C)=O,ADrA{~B}D{AAsAAs}atdd{Aauad{A}avaaa{Z}aauv}a{awaa{bawA}E{~B}{~B}A}atAr~B,0.3333333333333262
CHEMBL643,CC(CN1c2ccccc2Sc3ccccc13)N(C)C,2.67,c12c(cccc1)Sc1ccccc1N2CC(C)N(C)C,AA{ADrasaaaaasEataaaaart}D{A}A,30.5
CHEMBL1083637,CCc1nc2c(N)nc3ccccc3c2n1Cc4ccccc4,3.29,c1(CC)n(Cc2ccccc2)c2c3c(nc(N)c2n1)cccc3,AAardasa{D}dataaaaatasdrAauaaaaau,20.166666666666668
CHEMBL1789328,NCC[C@@H](Oc1ccc(Cl)cc1C#N)c2ccccc2,0.91,c1(O[C@H](CCN)c2ccccc2)ccc(Cl)cc1C#N,DAA{A**Q}{Baraaa{Z}aarA^D}asaaaaas,59.833333333333336
CHEMBL2140607,CCn1c(nc2c(ncc(OCC3CCCNC3)c12)C#CC(C)(C)O)c4nonc4N,0.6,C(C(C)(O)C)#Cc1c2nc(-c3nonc3N)n(CC)c2c(OCC2CCCNC2)cn1,AAdra{dasa{daa{BAAtAAADAt}ars}A^AA{A}{A}B}audbdauD,65.0
CHEMBL574413,Cc1cc(Oc2ccnc(Nc3cccc(c3)N4CCOCC4)c2)c(nc1C)c5ccccn5,3.27,Cc1c(C)cc(Oc2cc(Nc3cc(N4CCOCC4)ccc3)ncc2)c(-c2ncccc2)n1,Aaraa{Basaada{Dataaaa{at}DuAABAAu}as}a{darA}avaaaadv,20.5
CHEMBL2158785,Cc1c(Cl)c(ccc1OC2CCN(CC3CCN(CC3)[C@@H](Cc4ccc(F)cc4)C(=O)O)CC2)C#N,2.19,O(c1ccc(C#N)c(Cl)c1C)C1CCN(CC2CCN([C@H](C(O)=O)Cc3ccc(F)cc3)CC2)CC1,Aara{Z}a{aaarBAsAAD{AAtAAD{AAt}{A**Q}{Aauaaa{G}aau}A{~B}B}AAs}A^D,38.5
CHEMBL625,c1ccc2[nH]c(nc2c1)c3cscn3,2.35,c1c2nc(-c3ncsc3)[nH]c2ccc1,araaas{dQ}a{dasar}ataeadt,35.833333333333336
CHEMBL1952100,CCN(C1CCN(CC[C@H](C2CCN(CC2)S(=O)(=O)C)c3cc(Cl)cc(Cl)c3)CC1)C(=O)Cc4ccc(cc4)S(=O)(=O)C,2.6,CCN(C(Cc1ccc(S(=O)(C)=O)cc1)=O)C1CCN(CC[C@H](C2CCN(S(C)(=O)=O)CC2)c2cc(Cl)cc(Cl)c2)CC1,AAD{ArAAD{AA{A*Q}{AsAAD{AAs}E{~B}{~B}A}ataa{Z}aa{Z}at}AAr}A{~B}Aauaaa{aau}E{~B}{~B}A,31.666666666666668
CHEMBL257659,C[C@H](CO)Nc1nc(SCc2cccc(F)c2F)nc3nc(C)cnc13,3.55,Fc1c(F)c(CSc2nc3nc(C)cnc3c(N[C@@H](CO)C)n2)ccc1,A{A*Q}{AB}Darda{EAasaaaa{G}asG}datda{A}adart,15.833333333333336
CHEMBL1764,COc1ccc2Sc3ccccc3N(C[C@H](C)CN(C)C)c2c1,2.99,[C@H](CN(C)C)(C)CN1c2ccccc2Sc2c1cc(OC)cc2,ABaraaasEataaaaatD{A{A*Q}{A}AD{A}A}asar,25.16666666666666
CHEMBL127066,Oc1nc(nc2ccccc12)c3ccccc3,2.46,Oc1nc(-c2ccccc2)nc2c1cccc2,Barda{dasaaaaars}ataaaaat,34.0
CHEMBL469008,CN1C(=O)N(CC2CC2)c3nn(Cc4ccnc5ccc(Cl)cc45)c(c6cc(oc6C)S(=O)(=O)C)c3C1=O,3.2,O=S(C)(c1cc(-c2n(Cc3ccnc4ccc(Cl)cc34)nc3n(CC4CC4)c(=O)n(C)c(=O)c32)c(C)o1)=O,ADrA{~B}D{AAsAAs}atdd{Aauaadavaaa{Z}aauv}a{awaa{bawA}E{~B}{~B}A}atAr~B,21.66666666666666
CHEMBL57759,COc1cc2ncnc(Nc3ccc(F)c(Cl)c3)c2cc1OCCN(C)C,3.26,n1c2cc(OC)c(OCCN(C)C)cc2c(Nc2ccc(F)c(Cl)c2)nc1,ABaraasdada{Dataaa{G}a{Z}at}asaarBAAD{A}A,20.66666666666667
CHEMBL1184584,NC(=N)Nc1ccc(cc1)C(=O)Oc2ccc(Cl)cc2,0.7,O(c1ccc(Cl)cc1)C(=O)c1ccc(NC(N)=N)cc1,DA{~D}Daraaa{aar}A{~B}Basaaa{Z}aas,63.333333333333336
CHEMBL327693,C[C@@](O)(C(=O)Nc1ccc(cc1Cl)C(=O)N2CCCCC2)C(F)(F)F,2.62,N1(C(c2cc(Cl)c(NC([C@@](C(F)(F)F)(C)O)=O)cc2)=O)CCCCC1,A{A**}{B}{A{~B}Daraaa{aarZ}A{~B}DsAAAAAs}A{G}{G}G,31.333333333333332
CHEMBL397162,CC1(CC(=O)NC(=N1)N)c2ccc(Cl)c(Cl)c2,1.59,C1C(=O)NC(N)=NC1(c1ccc(Cl)c(Cl)c1)C,AAr{AA{~B}DA{~Dr}D}asaaa{Z}a{Z}as,48.5
CHEMBL178835,CC(C)[C@H](NC(=O)C[C@H](NC(=O)\C=C\c1ccccc1)c2ccccc2)C(=O)[C@H]3[C@H](C)C(=O)NC3=O,1.91,O=C([C@@H]1C(=O)NC(=O)[C@H]1C)[C@H](C(C)C)NC(C[C@@H](c1ccccc1)NC(/C=C/c1ccccc1)=O)=O,AA{A}{A*Q}{DA{~B}A{A*Q}{DA{~B}!A~A!araaaaar}asaaaaas}A{~B}{A*Q}t{A*Q}{A}A{~B}DAt~B,43.166666666666664
CHEMBL362962,O=C1O[C@]2(CN3CCC2CC3)CN1c4cccs4,0.9,C12CCN(C[C@@]13CN(c1cccs1)C(=O)O3)CC2,B~ArB{A*}s{ADtAAAsAAt}ADrauaaaeu,60.0
CHEMBL214848,CCN(CCO)CCCOc1cc2ncnc(Nc3cc(CC(=O)Nc4cccc(F)c4F)[nH]n3)c2cc1OC,1.94,N(c1cccc(F)c1F)C(=O)Cc1cc(Nc2ncnc3cc(OCCCN(CCO)CC)c(OC)cc32)n[nH]1,AAD{AAB}AAABaraasdada{Dataa{AA{~B}Dauaaaa{G}auG}{dQ}dt}asaarBA,42.666666666666664
CHEMBL231835,OC[C@H](O)CN1C(=O)[C@H](Cc2ccccc12)NC(=O)c3cc4cc(Cl)sc4[nH]3,3.3,OC[C@@H](CN1c2c(cccc2)C[C@H](NC(c2[nH]c3sc(Cl)cc3c2)=O)C1=O)O,BA{A*Q}{B}ADrA{~B}{A*Q}{Aasaaaaars}DA{~B}ataauaa{Z}eau{dQ}t,20.000000000000004
CHEMBL1184160,CC(O)C(C)OC(=O)[C@@H]1CC2C(Cc3cn(C(C)C)c4cccc2c34)N(C)C1,2.8,C([C@H]1CN(C)C2C(C1)c1c3c(cn(C(C)C)c3ccc1)C2)(=O)OC(C)C(O)C,AA{B}A{A}BA{~B}{A**Q}rAAsA{Aatad{A{A}A}auaaaasatu}D{A}Ar,28.33333333333334
CHEMBL1809060,COc1cc(ccc1Nc2ncc(Cl)c(n2)c3cnc4ccccn34)N5CC6COCC(C5)N6,3.0,C1C2NC(CO1)CN(c1cc(OC)c(Nc3ncc(Cl)c(-c4cnc5ccccn54)n3)cc1)C2,ABaraa{aaarDasdaa{Z}a{ds}atadauaaaadtu}DvAAwABAA{Av}Dw,25.0
CHEMBL114500,COc1ccnc(NC2CCN(CC2)C(=O)c3ccc(cc3)C#N)c1,1.73,c1c(C#N)ccc(C(N2CCC(Nc3cc(OC)ccn3)CC2)=O)c1,ABaraada{DAsAAD{AAs}A{~B}ataaa{aat}A^D}ar,46.166666666666664
CHEMBL2158790,Cc1c(Cl)c(Cl)ccc1OC2CCN(CC3CCN(CC3)[C@@](C)(Cc4ccc(F)cc4)C(=O)O)CC2,2.98,C1(CN2CCC(Oc3ccc(Cl)c(Cl)c3C)CC2)CCN([C@@](C(=O)O)(C)Cc2ccc(F)cc2)CC1,Aara{Z}a{Z}aaarBAsAAD{AAtAAD{AAt}{A**}{A}{Aauaaa{G}aau}A{~B}B}AAs,25.333333333333332
CHEMBL2036731,O=C(Nc1ccc(nc1)N2CCOCC2)c3oc(Nc4cccc(OCc5ccccn5)c4)nn3,3.1,c1(OCc2ccccn2)cc(Nc2oc(C(Nc3ccc(N4CCOCC4)nc3)=O)nn2)ccc1,B~A{Daraaa{dar}DsAABAAs}atba{Dauaaaa{BAavaaaadv}au}ddt,23.333333333333332
CHEMBL163711,CC(O)(C(=O)Nc1ccc(cc1)S(=O)(=O)Nc2ccccc2)C(F)(F)F,3.07,C(C(O)(C)C(Nc1ccc(S(Nc2ccccc2)(=O)=O)cc1)=O)(F)(F)F,AA{B}{A{~B}Daraaa{aar}E{~B}{~B}Dasaaaaas}A{G}{G}G,23.83333333333334
CHEMBL245180,CNc1nc2nc(SCc3cccc(F)c3F)nc(N[C@H](C)CO)c2s1,3.7,C(O)[C@H](Nc1nc(SCc2c(F)c(F)ccc2)nc2nc(NC)sc12)C,ADardasda{EAataaaa{G}atG}da{D{A*Q}{A}AB}aser,13.33333333333333
CHEMBL85752,CC(C)CN1C(=O)N(C)C(=O)c2c(SCCCO)n(Cc3cccc4ccccc34)cc12,4.36,c1cc2ccccc2c(Cn2cc3c(c2SCCCO)c(=O)n(C)c(=O)n3CC(C)C)c1,AA{A}ADrA{~B}D{A}A{~B}asa{EAAAB}d{Aataaaauaaaaatu}aars,2.333333333333328
CHEMBL325713,CC(C)C(NC(=O)CN1C(=O)C(=CC=C1c2ccccc2)NC(=O)CN3C(=O)CCC3=O)C(=O)C(F)(F)F,0.96,O=C(C(F)(F)F)C(NC(=O)Cn1c(=O)c(NC(=O)CN2C(=O)CCC2=O)ccc1-c1ccccc1)C(C)C,AA{A}A{DA{~B}ADrA{~B}A{~AA~Arasaaaaas}DA{~B}ADtA{~B}AAAt~B}A{~B}A{G}{G}G,59.0
CHEMBL1940308,CN1CCC(CC1)NC(=O)c2ccc(Oc3ccc(cc3)C#C[C@]4(O)CN5CCC4CC5)cc2,1.0,c1cc(C(=O)NC2CCN(C)CC2)ccc1Oc1ccc(C#C[C@]2(O)CN3CCC2CC3)cc1,ADrAAA{AAr}DA{~B}asaaa{Bataaa{aat}A^A{A*}u{B}ADvAAAuAAv}aas,58.333333333333336
CHEMBL521407,CN1CCN(CC1)c2ccc3ncc(C(=O)N)c(Nc4ccc(Cl)cc4Cl)c3c2,3.23,c1cc(Cl)cc(Cl)c1Nc1c2c(ncc1C(N)=O)ccc(N1CCN(C)CC1)c2,ADrAAD{AAr}asaaatdaa{A{~B}D}a{Dauaaa{Z}aauZ}atas,21.166666666666668
CHEMBL1945289,COc1ccc(CNCc2cccc(CCNC[C@H](O)c3ccc(O)c4NC(=O)Sc34)c2)cc1,0.86,C(NCc1cc(CCNC[C@H](O)c2ccc(O)c3[nH]c(=O)sc23)ccc1)c1ccc(OC)cc1,ABaraaa{ADAasaaaa{AADA{A*Q}{B}ataaa{B}auDA{~B}Eatu}as}aar,60.666666666666664
CHEMBL1950850,CN[C@@H](C)C(=O)N[C@@H](C1CCCCC1)C(=O)N[C@H]2CCCN(CCc3ccc(F)cc3)C2,2.39,[C@@H](NC)(C(N[C@H](C(N[C@@H]1CN(CCc2ccc(F)cc2)CCC1)=O)C1CCCCC1)=O)C,AD{A**Q}{A}A{~B}D{A**Q}{ArAAAAAr}A{~B}D{A*Q}sAAAD{AAataaa{G}aat}As,35.166666666666664
CHEMBL26456,COc1cc2c(Nc3ccc(Cl)cc3F)ncnc2cc1OCC4CCNCC4,1.1,c1(OC)c(OCC2CCNCC2)cc2ncnc(Nc3c(F)cc(Cl)cc3)c2c1,ABaraasa{Dataaa{Z}aatG}dadasaarBAAuAADAAu,56.666666666666664
CHEMBL2326470,Nc1nc2cc3CCN(Cc4cnc[nH]4)CCc3cc2s1,-0.12,c1c2c(cc3c1CCN(Cc1[nH]cnc1)CC3)nc(N)s2,DardasaatAAD{Aauada{dQ}u}AAataaser,77.0
CHEMBL199118,CCN(C1CCN(CCC(c2ccccc2)c3ccc(NC(=O)Cc4ccccc4)cc3)CC1)C(=O)Cc5ccc(cc5)S(=O)(=O)C,3.61,N(C(=O)Cc1ccccc1)c1ccc(C(CCN2CCC(N(C(=O)Cc3ccc(S(=O)(=O)C)cc3)CC)CC2)c2ccccc2)cc1,AAD{ArAAD{AAA{asaaaaas}ataaa{DA{~B}Aauaaaaau}aat}AAr}A{~B}Aavaaa{aav}E{~B}{~B}A,14.833333333333336
CHEMBL2316381,FC(F)(F)CCS(=O)(=O)Oc1ccc(NC(=O)c2ccc(Cn3ccnn3)c4ccccc24)c(n1)C(=O)NCC5CCOCC5,4.2,FC(CCS(=O)(Oc1nc(C(NCC2CCOCC2)=O)c(NC(c2c3ccccc3c(Cn3ccnn3)cc2)=O)cc1)=O)(F)F,GA{G}{G}AAE{~B}{~B}Baraaa{DA{~B}asaaa{Adtaaddt}auaaaaasu}a{dr}A{~B}DAAvAABAAv,4.999999999999997
CHEMBL1428115,CC(CC(=O)NCc1ccccc1)C2CCCO2,2.1,c1ccc(CNC(=O)CC(C)C2OCCC2)cc1,AA{AA{~B}DAaraaaaar}AsAAABs,40.0
CHEMBL1950723,CN[C@@H](C)C(=O)N[C@@H](C1CCCCC1)C(=O)N[C@H]2CCN(CCCc3ccccc3)C2,1.9,C1CCCCC1[C@@H](C(N[C@@H]1CN(CCCc2ccccc2)CC1)=O)NC(=O)[C@H](C)NC,AD{A**Q}{A}A{~B}D{A**Q}{ArAAAAAr}A{~B}D{A*Q}sAAD{AAAataaaaat}As,43.333333333333336
CHEMBL225364,CNc1cc(nc2c(cc(OC)cc12)N3CCN(C)CC3)C(=O)Nc4ccc(cc4)N5CCOCC5,2.93,C1N(c2ccc(NC(=O)c3nc4c(N5CCN(C)CC5)cc(OC)cc4c(NC)c3)cc2)CCOC1,ADaraa{dasa{aa{BA}aars}DtAAD{A}AAt}A{~B}Dauaaa{aau}DvAABAAv,26.16666666666666
CHEMBL2062579,CS(=O)(=O)Cc1ccc2ccn(c3cc(NC4CC4)n5ncc(C#N)c5n3)c2c1,2.49,c1c(CS(C)(=O)=O)cc2c(c1)ccn2-c1cc(NC2CC2)n2ncc(C#N)c2n1,AE{~B}{~B}Aaraaasaad{ataa{DAuAAu}dvdaa{A^D}avdt}asar,33.49999999999999
CHEMBL294286,CCn1c2ccccc2c3cc(NC(=O)CN(C)C)ccc13,3.2,O=C(CN(C)C)Nc1cc2c(n(CC)c3ccccc23)cc1,AAdrasaaaaasataa{DA{~B}AD{A}A}aaart,21.66666666666666
CHEMBL245908,OC(=O)COc1ccc(Cl)cc1C2CCCCC2,0.93,c1(C2CCCCC2)cc(Cl)ccc1OCC(O)=O,BA{~B}ABaraaa{Z}aarAsAAAAAs,59.5
CHEMBL64941,Oc1ccc2[nH]c(CN3CCC(Cc4ccc(F)cc4)CC3)nc2c1,3.8,c1(CN2CCC(Cc3ccc(F)cc3)CC2)nc2cc(O)ccc2[nH]1,Baraaas{dQ}a{ADtAAA{Aauaaa{G}aau}AAt}dasar,11.66666666666667
CHEMBL380648,Fc1ccc(CC2=NNC(=O)c3ccccc23)cc1C(=O)N4CCCNCC4,0.1,C(N1CCNCCC1)(=O)c1c(F)ccc(Cc2n[nH]c(=O)c3ccccc32)c1,Garaaa{AAs~DDA{~B}ataaaaast}aarA{~B}DuAAADAAu,73.33333333333334
CHEMBL2087858,Cn1cc(cc1c2c3C(=O)N(CC#N)C(=O)N(CC4CC4)c3nn2Cc5ccnc6ccc(Cl)cc56)C#N,3.33,c1(Cn2nc3n(CC4CC4)c(=O)n(CC#N)c(=O)c3c2-c2cc(C#N)cn2C)ccnc2ccc(Cl)cc12,Adraa{aarasatA{~B}D{AA^D}A{~B}D{AAuAAu}atddsAavaadawaaa{Z}aavw}A^D,19.5
CHEMBL1587607,Clc1ccccc1NC(=O)c2cc[nH]n2,2.58,n1[nH]ccc1C(Nc1c(Cl)cccc1)=O,ZaraaaaarDA{~B}asaa{dQ}ds,32.0
CHEMBL179858,CN(C)S(=O)(=O)c1ccc(CC(=O)N(C)C2CCN(CCC(c3ccccc3)c4ccccc4)CC2)cc1,3.5,C(N(C)C1CCN(CCC(c2ccccc2)c2ccccc2)CC1)(Cc1ccc(S(=O)(=O)N(C)C)cc1)=O,AD{A}E{~B}{~B}araaa{AA{~B}D{A}AsAAD{AAA{ataaaaat}auaaaaau}AAs}aar,16.666666666666668
CHEMBL2335903,C[C@@H](NC1=CC(=O)CCC1)c2ccc(Nc3ncc4cc(ccc4n3)c5ccncc5)cc2,3.17,n1c(Nc2ccc([C@@H](C)NC3=CC(=O)CCC3)cc2)nc2ccc(-c3ccncc3)cc2c1,A{A**Q}{DAr~AA{~B}AAAr}asaaa{Datdaauaa{aaaudt}avaadaav}aas,22.166666666666668
CHEMBL2042442,O=C1C=C(Nc2ccccc12)c3occc3,2.21,c1c(-c2ccco2)[nH]c2c(c1=O)cccc2,B~ArA~A{Dasaaaaars}atbaaat,38.166666666666664
CHEMBL2326476,Nc1nc2cc3CCN(Cc4ccccc4)CCc3cc2s1,2.66,c12c(cc3c(c1)CCN(Cc1ccccc1)CC3)sc(N)n2,DardasaatAAD{Aauaaaaau}AAataaser,30.666666666666668
CHEMBL1784346,Cc1onc(C)c1CCC2CCN(CC2)S(=O)(=O)CC3(CCC(F)(F)CC3)N(O)C=O,2.1,C(=O)N(C1(CS(=O)(=O)N2CCC(CCc3c(C)noc3C)CC2)CCC(F)(F)CC1)O,Aarbda{A}arAAAsAAD{AAs}E{~B}{~B}AAt{AAA{G}{G}AAt}D{B}A~B,40.0
CHEMBL325093,Oc1ccc(CCNCCCNS(=O)(=O)CCOCc2cccc3ccccc23)c4sc(O)nc14,1.69,c1c2c(COCCS(=O)(NCCCNCCc3ccc(O)c4c3sc(O)n4)=O)cccc2ccc1,Baraaa{AADAAADE{~B}{~B}AABAasaaaataaaaast}auea{B}daru,46.833333333333336
CHEMBL89786,c1ccc(cc1)c2ccc3ccccc3n2,4.0,c1ccc2nc(-c3ccccc3)ccc2c1,araaa{aar}asaaataaaaatds,8.333333333333334
CHEMBL2164673,O=C(NCC#N)[C@@H]1CCCC[C@H]1C(=O)N2CCC=CC2,0.9,O=C(N1CCC=CC1)[C@@H]1CCCC[C@H]1C(=O)NCC#N,B~A{DAA^D}{A**Q}rAAAA{A*Q}rA{~B}DsAAA~AAs,60.0
CHEMBL279250,CNS(=O)(=O)NC1=CC=C(N(CC(=O)NC(C(C)C)C(=O)C(F)(F)F)C1=O)c2ccccc2,1.79,C(F)(F)(F)C(=O)C(NC(=O)Cn1c(=O)c(NS(NC)(=O)=O)ccc1-c1ccccc1)C(C)C,ADE{~B}{~B}DAr~AA~A{D{AA{~B}DA{A{A}A}A{~B}A{G}{G}G}Ar~B}asaaaaas,45.166666666666664
CHEMBL341876,O=S(=O)(NCCNc1ncccn1)c2cccc3cnccc23,0.61,C(CNc1ncccn1)NS(=O)(=O)c1c2ccncc2ccc1,B~E{~B}{DAADardaaadr}asaaaatadaaast,64.83333333333333
CHEMBL1783112,COc1ccc2nc(C)cc(c2c1)n3cc(CNC(=O)C)nn3,1.6,Cc1nc2ccc(OC)cc2c(-n2nnc(CNC(C)=O)c2)c1,ABaraaasda{A}aa{asar}dtaa{ADA{~B}A}ddt,48.333333333333336
CHEMBL2169920,Oc1ccc(CCNCCN(C2CCCCC2)C(=O)CCNCCc3ccc(Cl)c(Cl)c3)c4OCC(=O)Nc14,2.23,C1CC(N(C(=O)CCNCCc2ccc(Cl)c(Cl)c2)CCNCCc2ccc(O)c3c2OCC(=O)N3)CCC1,Baraaa{AADAAD{AsAAAAAs}A{~B}AADAAataaa{Z}a{Z}at}auBAA{~B}Daru,37.833333333333336
CHEMBL1082983,CCCCc1nc2c(N)nc3ccccc3c2n1CC(C)(C)O,2.37,c1cc2c(cc1)c1c(c(N)n2)nc(CCCC)n1CC(C)(O)C,AAAAardasa{D}dataaaaatasdrAA{A}{A}B,35.5
CHEMBL397237,C[C@H](CO)Nc1nc(SCc2cccc(F)c2F)nc3nc(N)sc13,3.29,c1(N)sc2c(n1)nc(SCc1c(F)c(F)ccc1)nc2N[C@@H](CO)C,A{A*Q}{AB}Darda{EAasaaaa{G}asG}datda{D}eart,20.166666666666668
CHEMBL1209820,CCCS(=O)(=O)c1ccc(cc1)C(CNS(=O)(=O)c2ccc(cc2)C(F)(F)F)N3CCCCCC3,3.32,c1cc(S(=O)(=O)NCC(c2ccc(S(=O)(=O)CCC)cc2)N2CCCCCC2)ccc1C(F)(F)F,AAAE{~B}{~B}araaa{aar}A{ADE{~B}{~B}asaaa{aas}A{G}{G}G}DtAAAAAAt,19.666666666666668
CHEMBL282625,NC(=N)c1cc2c(\C=C\c3ccc4OCOc4c3)cccc2s1,2.2,c1(/C=C/c2ccc3c(c2)OCO3)cccc2sc(C(=N)N)cc12,DA{~D}araasa{!A~A!ataaauBABauat}aaaaser,38.33333333333333
CHEMBL2158816,OC(=O)C(N1CCCC(CN2CCC(CC2)Oc3ccc(Cl)c(Cl)c3)C1)c4ccccc4,2.6,Clc1ccc(OC2CCN(CC3CN(C(C(O)=O)c4ccccc4)CCC3)CC2)cc1Cl,BA{~B}A{DrAAAA{ADsAAA{AAs}Bataaa{Z}a{Z}at}Ar}auaaaaau,31.666666666666668
CHEMBL260488,CCOC(=O)c1cc(O)c(nn1)c2ccccc2,0.69,n1c(-c2ccccc2)c(O)cc(C(=O)OCC)n1,AABA{~B}araa{B}a{ddr}asaaaaas,63.5
CHEMBL2144949,c1ccc2c(c1)nnn2c3ccncc3,1.69,c1cccc2c1nnn2-c1ccncc1,araaasa{ar}dddsataadaat,46.833333333333336
CHEMBL1957851,Cc1cccc(CN2C=CN3C(=O)C=C(N=C23)N4CCOCC4)c1,2.8,c1ccc(Cn2c3nc(N4CCOCC4)cc(=O)n3cc2)cc1C,Aaraaaa{ADsA~ADtA{~B}A~A{D~Ast}DuAABAAu}ar,28.33333333333334
CHEMBL2205493,Nc1nc(O)cc(n1)c2ccc(O)cc2,1.05,c1(N)nc(-c2ccc(O)cc2)cc(O)n1,Darda{B}aa{dr}asaaa{B}aas,57.5
CHEMBL168418,O=C(NCc1ccccc1)c2cccnc2Oc3ccccc3,3.0,c1(Oc2c(C(=O)NCc3ccccc3)cccn2)ccccc1,B~A{DAaraaaaar}asaaadasBataaaaat,25.0
CHEMBL474830,CC(C)CNc1nc(nc(N2CC(O)C2)c1N)C#N,2.0,C(C)(CNc1nc(C#N)nc(N2CC(O)C2)c1N)C,AA{A}ADarda{da{DsAA{B}As}arD}A^D,41.666666666666664
CHEMBL1715438,CN(C)C(=O)N1CCC(CC1)C(=O)NCc2cccs2,1.1,C(C1CCN(C(N(C)C)=O)CC1)(=O)NCc1sccc1,AD{A}A{~B}DrAAA{AAr}A{~B}DAasaaaes,56.666666666666664
CHEMBL1762542,CN(c1ccnc(Nc2cc(cc(c2)C(=O)N3CCOCC3)N4CCOCC4)n1)c5cc(CO)ccc5C,2.2,C1COCCN1C(=O)c1cc(Nc2nc(N(C)c3cc(CO)ccc3C)ccn2)cc(N2CCOCC2)c1,AD{araada{Dasaa{aa{as}A{~B}DtAABAAt}DuAABAAu}dr}avaa{AB}aaavA,38.33333333333333
CHEMBL1209657,Fc1ccc(cc1Cl)S(=O)(=O)NCC(N2CCCCCC2)c3ccccc3,3.98,Clc1c(F)ccc(S(=O)(NCC(c2ccccc2)N2CCCCCC2)=O)c1,Garaaa{aarZ}E{~B}{~B}DAA{DsAAAAAAs}ataaaaat,8.666666666666666
CHEMBL360106,CCN(C1CCN(CCC(c2ccccc2)c3ccccc3)CC1)C(=O)Cc4ccc(cc4)[N+](=O)[O-],4.1,c1cc(C(c2ccccc2)CCN2CCC(N(CC)C(Cc3ccc([N+]([O-])=O)cc3)=O)CC2)ccc1,AAD{ArAAD{AAA{asaaaaas}ataaaaat}AAr}A{~B}Aauaaa{aau}{D%}{~B}{B_},6.666666666666672
CHEMBL196516,Clc1ccc(cc1)c2c[nH]nn2,2.97,n1n[nH]cc1-c1ccc(Cl)cc1,Zaraaa{aar}asa{dQ}dds,25.499999999999996
CHEMBL2335907,COc1cc(cc2cnc(Nc3ccc(cc3)[C@@H](C)NC(=O)C)nc12)c4ccncc4,2.73,c1(OC)cc(-c2ccncc2)cc2c1nc(Nc1ccc([C@@H](C)NC(=O)C)cc1)nc2,ABaraa{aasada{Dataaa{aat}{A**Q}{A}DA{~B}A}dars}auaadaau,29.5
CHEMBL84597,CC(C)N1C(=O)N(C)C(=O)c2cn(Cc3cccc4ccccc34)cc12,3.97,c1(=O)n(C)c(=O)n(C(C)C)c2c1cn(Cc1cccc3ccccc13)c2,AA{A}DrA{~B}D{A}A{~B}asad{Aataaaauaaaaatu}aars,8.83333333333333
CHEMBL387675,CCCCCCCCCC(=O)N[C@@H](Cc1c[nH]c2ccccc12)C(=O)N[C@@H](CC(=O)N)C(=O)N[C@@H](CC(=O)O)C(=O)N[C@H]3[C@@H](C)OC(=O)[C@H](CC(=O)c4ccccc4N)NC(=O)[C@@H](NC(=O)[C@@H](CO)NC(=O)CNC(=O)[C@H](CC(=O)O)NC(=O)[C@@H](C)NC(=O)[C@H](CC(=O)O)NC(=O)[C@H](CCCN)NC(=O)CNC3=O)[C@H](C)CC(=O)O,-0.94,C(C(O)=O)[C@@H](C(=O)N[C@H]1[C@@H](C)OC(=O)[C@H](CC(=O)c2c(N)cccc2)NC(=O)[C@H]([C@H](C)CC(O)=O)NC(=O)[C@@H](CO)NC(=O)CNC(=O)[C@H](CC(=O)O)NC(=O)[C@@H](C)NC(=O)[C@H](CC(O)=O)NC(=O)[C@H](CCCN)NC(=O)CNC1=O)NC([C@@H](NC([C@@H](NC(CCCCCCCCC)=O)Cc1c[nH]c2c1cccc2)=O)CC(=O)N)=O,AAAAAAAAAA{~B}D{A**Q}{Aara{dQ}asaaaaars}A{~B}D{A**Q}{AA{~B}D}A{~B}D{A**Q}{AA{~B}B}A{~B}D{A*Q}t{A**Q}{A}BA{~B}{A*Q}{AA{~B}auaaaaauD}DA{~B}{A**Q}{DA{~B}{A**Q}{AB}DA{~B}ADA{~B}{A*Q}{AA{~B}B}DA{~B}{A**Q}{A}DA{~B}{A*Q}{AA{~B}B}DA{~B}{A*Q}{AAAD}DA{~B}ADAt~B}{A*Q}{A}AA{~B}B,90.66666666666667
CHEMBL1088030,C[C@H](Nc1nc(Nc2ncc(C)s2)cc(n1)N3CCOCC3)c4ncc(F)cn4,2.68,C1COCCN1c1nc(N[C@@H](C)c2ncc(F)cn2)nc(Nc2ncc(C)s2)c1,A{A*Q}{Darda{Dasdaa{A}es}aa{dr}DtAABAAt}audaa{G}adu,30.33333333333333
CHEMBL258176,CC(C)N1CCN(Cc2cnc(c(C)c2)c3ccc(cc3)C(=O)Nc4ccccc4N)CC1,1.44,c1cc(NC(=O)c2ccc(-c3c(C)cc(CN4CCN(C(C)C)CC4)cn3)cc2)c(N)cc1,AA{A}DrAAD{Aasada{a{A}as}ataaa{aat}A{~B}DauaaaaauD}AAr,51.0
CHEMBL723,COc1ccccc1OCCNCC(O)COc2cccc3[nH]c4ccccc4c23,3.27,C(COc1ccccc1OC)NCC(O)COc1c2c(ccc1)[nH]c1ccccc21,ABaraaaaarBAADAA{B}ABasaaaat{dQ}auaaaaauast,20.5
CHEMBL2035017,NC1(CCC1)c2ccc(cc2)c3nc4ccccc4cc3c5ccccc5,3.6,c1c(-c2ccccc2)c(-c2ccc(C3(N)CCC3)cc2)nc2ccccc12,DAr{AAAr}asaaa{aas}atdauaaaaauaatavaaaaav,14.999999999999998
CHEMBL2177605,OC(=O)c1ccc(cc1)n2ncc(C(=O)NC3C4CC5CC(CC3C5)C4)c2C6CCC6,1.33,C1C2CC3CC(C2)CC1C3NC(=O)c1c(C2CCC2)n(-c2ccc(C(O)=O)cc2)nc1,BA{~B}araaa{aar}dsdaa{A{~B}DAtAuAAvAA{AAtAv}Au}asAwAAAw,52.833333333333336
CHEMBL606052,O=C1Nc2cc(ccc2C1c3ncnc4cc(OCCCN5CCOCC5)ccc34)C#N,2.99,O(c1cc2ncnc(C3C(=O)Nc4cc(C#N)ccc43)c2cc1)CCCN1CCOCC1,B~ArDasaa{aaasAratdadauaa{BAAADvAABAAv}aaatu}A^D,25.16666666666666
CHEMBL91023,CC(C)(C)C(=O)NCc1ccc(NC(=O)N2CCCC(O)(C2)c3ccc(Cl)c(Cl)c3)cc1,3.93,c1cc(C2(O)CN(C(Nc3ccc(CNC(=O)C(C)(C)C)cc3)=O)CCC2)cc(Cl)c1Cl,AA{A}{A}A{~B}DAaraaa{DA{~B}DsAAAA{B}{As}ataaa{Z}a{Z}at}aar,9.499999999999998
CHEMBL513909,CC[C@H]1N(C2CCCC2)c3nc(Nc4ccc(cc4OC)C(=O)NC5CCN(C)CC5)ncc3N(C)C1=O,3.14,C1(N2[C@H](CC)C(=O)N(C)c3cnc(Nc4c(OC)cc(C(=O)NC5CCN(C)CC5)cc4)nc32)CCCC1,AA{A*Q}rD{AsAAAAs}atda{Dauaaa{aauBA}A{~B}DAvAAD{A}AAv}daatD{A}Ar~B,22.666666666666668
CHEMBL113690,CCCCn1c(Cc2cc(OC)c(OC)c(OC)c2)nc3c(N)ncnc13,2.39,c1(OC)cc(Cc2n(CCCC)c3c(c(N)ncn3)n2)cc(OC)c1OC,AAAAdra{Aasaa{BA}a{BA}a{BA}as}data{D}dadart,35.166666666666664
CHEMBL598191,NC(=N)c1cc2c(OCc3ccccc3)cccc2s1,1.16,c1cccc(COc2c3cc(C(N)=N)sc3ccc2)c1,DA{~D}araasa{BAataaaaat}aaaaser,55.666666666666664
CHEMBL207881,OC(=O)CCc1ccc(NCc2cccc(Oc3ccccc3)c2)cc1,2.1,C(c1cccc(Oc2ccccc2)c1)Nc1ccc(CCC(=O)O)cc1,BA{~B}AAaraaa{DAasaaaa{Bataaaaat}as}aar,40.0
CHEMBL274713,CCCSc1nc(N[C@@H]2C[C@H]2c3ccccc3)c4nnn([C@@H]5C[C@H](OCCO)[C@@H](O)[C@H]5O)c4n1,3.87,C1[C@H](OCCO)[C@@H](O)[C@@H](O)[C@@H]1n1nnc2c(N[C@@H]3C[C@H]3c3ccccc3)nc(SCCC)nc21,AAAEarda{D{A**Q}sA{A*Q}sataaaaat}auddd{{A**Q}vA{A*Q}{BAAB}{A**Q}{B}{A*Q}vB}audr,10.499999999999998
CHEMBL488937,Cc1c(N)cccc1CN2C=CC(=CC2=O)OCCc3cccs3,2.78,c1csc(CCOc2ccn(Cc3c(C)c(N)ccc3)c(=O)c2)c1,Aara{D}aaaarADsA~AA{~AAs~B}BAAataaaet,28.66666666666667
CHEMBL185328,Cc1ccc(NC(=O)c2ccnc(c2)N3CCOCC3)cc1Nc4ccnc(Cl)n4,3.1,N(c1nc(Cl)ncc1)c1c(C)ccc(NC(=O)c2cc(N3CCOCC3)ncc2)c1,Aaraaa{DA{~B}asaada{as}DtAABAAt}aarDauaada{Z}du,23.333333333333332
CHEMBL1083942,OC(=O)C[C@H]1[C@@H](Cc2ccccc12)NC(=O)c3cc4cc(Cl)ccc4[nH]3,1.79,c1c2c(ccc1)C[C@@H](NC(c1[nH]c3c(c1)cc(Cl)cc3)=O)[C@@H]2CC(=O)O,BA{~B}A{A*Q}r{A**Q}{Aasaaaaars}DA{~B}ataauaa{Z}aaau{dQ}t,45.166666666666664
CHEMBL2171017,COc1ccc(cc1Cl)C(=O)NCCN2CCN(Cc3ccc(Cl)c(Cl)c3)CC2,3.74,C(CN1CCN(Cc2ccc(Cl)c(Cl)c2)CC1)NC(=O)c1cc(Cl)c(OC)cc1,ABaraaa{aarZ}A{~B}DAADsAAD{Aataaa{Z}a{Z}at}AAs,12.666666666666663
CHEMBL1945041,O[C@@H](CNCCc1cccc(CNCc2ccccc2Cl)c1)c3ccc(O)c4NC(=O)Sc34,1.85,c1c(CNCc2ccccc2Cl)cc(CCNC[C@H](O)c2c3sc(=O)[nH]c3c(O)cc2)cc1,B{A**Q}{ADAAaraaaa{ADAasaaaaasZ}ar}ataaa{B}auDA{~B}Eatu,44.166666666666664
CHEMBL1419,CC(C)CC(N(C)C)C1(CCC1)c2ccc(Cl)cc2,3.6,C1CCC1(C(N(C)C)CC(C)C)c1ccc(Cl)cc1,AA{A}AA{D{A}A}Ar{AAAr}asaaa{Z}aas,14.999999999999998
CHEMBL2088100,Cc1cc(CNc2nccc(Nc3cc(CCc4ccccc4)[nH]n3)n2)on1,3.56,n1c(NCc2cc(C)no2)nccc1Nc1cc(CCc2ccccc2)[nH]n1,Aaraa{ADasdaaa{Dataa{AAauaaaaau}{dQ}dt}ds}bdr,15.666666666666666
CHEMBL1223951,NC(=O)c1cccc(O[C@@H]2C[C@H]3CC[C@@H](C2)N3Cc4ccccc4)c1,1.76,NC(=O)c1cc(O[C@H]2C[C@H]3N(Cc4ccccc4)[C@@H](C2)CC3)ccc1,DA{~B}araaaa{B{A**Q}sA{A*Q}tAA{A**Q}{As}DtAauaaaaau}ar,45.666666666666664
CHEMBL84803,COc1cc(Nc2c(cnc3cc(OC)c(OC)cc23)C#N)cc(OC)c1,3.5,c1c(Nc2c3c(ncc2C#N)cc(OC)c(OC)c3)cc(OC)cc1OC,ABaraa{Dasa{adataa{BA}a{BA}aast}A^D}aa{BA}ar,16.666666666666668
CHEMBL497854,Cc1cc(CNc2ncc(Br)c(Nc3cc([nH]n3)C4CC4)n2)on1,3.43,c1(Nc2c(Br)cnc(NCc3onc(C)c3)n2)n[nH]c(C2CC2)c1,Aaraa{ADasdaa{Y}a{Dataa{{dQ}dt}AuAAu}ds}bdr,17.833333333333332
CHEMBL404422,CCCCC1(CC)C(=O)NC(=O)NC1=O,1.5,C1(CC)(CCCC)C(=O)NC(=O)NC1=O,AAAAAr{AA}A{~B}DA{~B}DAr~B,50.0
CHEMBL377772,COc1cc2ncnc(Nc3cccc(Cl)c3F)c2cc1CN4CCC[C@H]4CC(=O)N,2.64,COc1cc2c(cc1CN1CCC[C@H]1CC(N)=O)c(Nc1cccc(Cl)c1F)ncn2,ABaraasdada{Dataaaa{Z}atG}asaarADuAAA{A*Q}uAA{~B}D,31.0
CHEMBL93173,COc1cc2ncnc(NCc3cccc(C)c3)c2cc1OC,3.5,COc1cc2c(c(NCc3cccc(C)c3)ncn2)cc1OC,ABaraasdada{DAataaaa{A}at}asaarBA,16.666666666666668
CHEMBL2022881,COc1ccc(cc1)c2cc(O)nc(N)n2,1.52,c1c(OC)ccc(-c2nc(N)nc(O)c2)c1,ABaraaa{aar}asaa{B}da{D}ds,49.666666666666664
CHEMBL194102,OC(=O)c1ccc(NC(=O)c2cc(OCc3ccccc3)cc(OCc4ccccc4)c2)nc1,2.7,c1c(COc2cc(C(=O)Nc3ccc(C(O)=O)cn3)cc(OCc3ccccc3)c2)cccc1,BA{~B}araaa{DA{~B}asaa{BAataaaaat}aa{BAauaaaaau}as}dar,29.999999999999996
CHEMBL233658,OCC(CO)CN1C(=O)C(Cc2ccccc12)NC(=O)c3cc4cc(Cl)ccc4[nH]3,3.64,c1c2cc(C(=O)NC3Cc4c(cccc4)N(CC(CO)CO)C3=O)[nH]c2ccc1Cl,BAA{AB}ADrA{~B}A{Aasaaaaars}DA{~B}ataauaa{Z}aaau{dQ}t,14.33333333333333
CHEMBL402548,CO[C@@H](C(=O)N1Cc2n[nH]c(NC(=O)c3ccc(cc3)N4CCN(C)CC4)c2C1)c5ccccc5,2.0,c12c(c(NC(=O)c3ccc(N4CCN(C)CC4)cc3)[nH]n1)CN(C(=O)[C@H](OC)c1ccccc1)C2,AB{A**Q}{A{~B}DrAasd{dQ}a{DA{~B}ataaa{aat}DuAAD{A}AAu}asAr}avaaaaav,41.666666666666664
CHEMBL1951909,CCN(C1CCN(CC[C@H](N2CCN(CC2)S(=O)(=O)C)c3cc(F)cc(F)c3)CC1)C(=O)Cc4ccc(cc4)S(=O)(=O)C,1.25,C1CC(N(CC)C(=O)Cc2ccc(S(=O)(C)=O)cc2)CCN1CC[C@H](N1CCN(S(=O)(C)=O)CC1)c1cc(F)cc(F)c1,AAD{ArAAD{AA{A*Q}{DsAAD{AAs}E{~B}{~B}A}ataa{G}aa{G}at}AAr}A{~B}Aauaaa{aau}E{~B}{~B}A,54.166666666666664
CHEMBL148313,Cc1ccc(cc1)S(=O)(=O)Nc2ccc(\C=C\C(=O)Nc3ccccc3N)cc2,2.82,c1cc(C)ccc1S(=O)(=O)Nc1ccc(/C=C/C(=O)Nc2ccccc2N)cc1,Aaraaa{aar}E{~B}{~B}Dasaaa{!A~A!A{~B}DataaaaatD}aas,28.000000000000004
CHEMBL1289466,Clc1ccc(C2CCN(CC2)C(=O)COCc3ccncc3)c(Cl)c1,2.63,c1(Cl)ccc(C2CCN(C(COCc3ccncc3)=O)CC2)c(Cl)c1,Zaraaa{AsAAD{AAs}A{~B}ABAataadaat}a{Z}ar,31.166666666666668
CHEMBL1800658,CC(C)N(CCNCCc1ccc(O)c2NC(=O)Sc12)C(=O)CCOCCc3ccccc3,2.33,N(CCc1ccc(O)c2[nH]c(=O)sc12)CCN(C(C)C)C(CCOCCc1ccccc1)=O,AA{A}D{AADAAaraaa{B}asDA{~B}Ears}A{~B}AABAAataaaaat,36.166666666666664
CHEMBL822,CN(C\C=C\C#CC(C)(C)C)Cc1cccc2ccccc12,2.83,CN(C/C=C/C#CC(C)(C)C)Cc1cccc2ccccc12,AD{A!A~A!A^AA{A}{A}A}Aaraaaasaaaaars,27.833333333333332
CHEMBL1620331,CCOc1ccc(cc1)c2cnc3CCCn23,2.65,n1c2n(c(-c3ccc(OCC)cc3)c1)CCC2,AABaraaa{aar}asadatAAAdst,30.833333333333332
CHEMBL2164679,C[C@@H](NC(=O)[C@@H]1CCCC[C@H]1C(=O)N2CCc3[nH]c4ccc(F)cc4c3C2)C#N,3.1,C1CCC[C@@H](C(N2CCc3[nH]c4c(c3C2)cc(F)cc4)=O)[C@@H]1C(N[C@@H](C#N)C)=O,A{A**Q}{DA{~B}{A**Q}rAAAA{A*Q}rA{~B}DsAAat{dQ}auaaa{G}aauatAs}A^D,23.333333333333332
CHEMBL2098183,COc1ccc2nc(C)cc(OCC(=O)NCc3ccccc3)c2c1,3.2,c1cc(CNC(=O)COc2cc(C)nc3ccc(OC)cc32)ccc1,ABaraaasda{A}aa{BAA{~B}DAataaaaat}asar,21.66666666666666
CHEMBL274567,CNC1=CN=C(N(CC(=O)NC(C(C)C)C(=O)C(F)(F)F)C1=O)c2ccc(F)cc2,1.86,c1(F)ccc(-c2ncc(NC)c(=O)n2CC(=O)NC(C(=O)C(F)(F)F)C(C)C)cc1,ADAr~AD~A{D{AA{~B}DA{A{A}A}A{~B}A{G}{G}G}Ar~B}asaaa{G}aas,43.99999999999999
CHEMBL2062585,CC(=O)Nc1ccc2c(c1)c(cn2CCC(=O)O)c3cc(NC4CC4)n5ncc(C#N)c5n3,-0.87,c1(C#N)cnn2c(NC3CC3)cc(-c3cn(CCC(O)=O)c4c3cc(NC(C)=O)cc4)nc12,AA{~B}Daraaasa{ar}a{adsAAA{~B}B}ataa{DAuAAu}dvdaa{A^D}avdt,89.5
CHEMBL179993,CCN(C1CCN(CCC(c2ccccc2)c3ccccc3)CC1)C(=O)Cc4ccc(cc4)S(=O)(=O)N(C)C,3.7,c1c(CC(N(CC)C2CCN(CCC(c3ccccc3)c3ccccc3)CC2)=O)ccc(S(=O)(=O)N(C)C)c1,AAD{ArAAD{AAA{asaaaaas}ataaaaat}AAr}A{~B}Aauaaa{aau}E{~B}{~B}D{A}A,13.33333333333333
CHEMBL1213118,CN1CCN(CC1)c2nc3ccccc3cc2Cn4nc(c5ccc6nc(N)sc6c5)c7c(N)ncnc47,3.09,c12c(-c3ccc4nc(N)sc4c3)nn(Cc3cc4ccccc4nc3N3CCN(C)CC3)c1ncnc2N,ADrAAD{AAr}asdataaaaataasAduda{avaaawda{D}eawav}axa{D}dadaux,23.5
CHEMBL2321985,Oc1cccc2ccc(nc12)C#N,1.81,c1cc(C#N)nc2c(O)cccc12,Baraaaasaaa{dars}A^D,44.833333333333336
CHEMBL2335866,COCCNC(=O)c1ccc(Nc2ncc3cc(ccc3n2)c4ccncc4OC)cc1,3.14,c1c2c(cnc(Nc3ccc(C(=O)NCCOC)cc3)n2)cc(-c2ccncc2OC)c1,ABAADA{~B}araaa{Dasdaataa{aaatds}auaadaauBA}aar,22.666666666666668
CHEMBL1630742,NCCCCCc1c[nH]c2ccc(F)cc12,0.6,c1c(F)cc2c(CCCCCN)c[nH]c2c1,DAAAAAara{dQ}asaaa{G}aars,65.0
CHEMBL496942,CN1C(=O)N(Cc2ccc(cc2)C(=O)O)C(=O)c3cc(ccc13)C#CCc4ccccc4,2.5,c1(C#CCc2ccccc2)cc2c(=O)n(Cc3ccc(C(O)=O)cc3)c(=O)n(C)c2cc1,ADrA{~B}D{Aasaaa{aas}A{~B}B}A{~B}ataa{aaart}A^AAauaaaaau,33.333333333333336
CHEMBL130902,COc1c(cc2ccccc2c1C(=O)N(C)C[C@@H](CCN3CCC(CC3)c4ccc(O)cc4[S+](C)[O-])c5ccc(Cl)c(Cl)c5)C#N,3.5,c1cccc2c(C(=O)N(C)C[C@H](c3ccc(Cl)c(Cl)c3)CCN3CCC(c4c([S+](C)[O-])cc(O)cc4)CC3)c(OC)c(C#N)cc12,ABara{aasaaaaasarA{~B}D{A}A{A**Q}{AADtAAA{AAt}auaaa{B}aau{E%}{A}{B_}}avaaa{Z}a{Z}av}A^D,16.666666666666668
CHEMBL113,CN1C(=O)N(C)c2ncn(C)c2C1=O,-0.03,c12c(ncn1C)n(C)c(=O)n(C)c2=O,ADrA{~B}D{A}asdad{A}asAr~B,75.5
CHEMBL407848,Cn1c(ccc1c2cc(F)c3NC(=O)C(C)(C)c3c2)C#N,3.21,n1(C)c(C#N)ccc1-c1cc2c(c(F)c1)NC(=O)C2(C)C,Adra{aaarasaa{G}atDA{~B}A{A}{A}atas}A^D,21.5
CHEMBL317378,CN(C)CC(O)COc1ccc(Nc2cc(ncn2)N(CCC#N)c3cc(Cl)ccc3Cl)cc1,2.1,c1c(OCC(O)CN(C)C)ccc(Nc2cc(N(CCC#N)c3c(Cl)ccc(Cl)c3)ncn2)c1,AD{A}AA{B}ABaraaa{Dasaa{dads}D{AAA^D}ataa{Z}aaatZ}aar,40.0
CHEMBL560423,OC1(CNC(=O)c2cc(ccc2Cl)N3N=CC(=O)NC3=O)CCCCCC1,0.26,n1cc(=O)[nH]c(=O)n1-c1ccc(Cl)c(C(=O)NCC2(O)CCCCCC2)c1,BAr{ADA{~B}asaa{aaasZ}DtD~AA{~B}DAt~B}AAAAAAr,70.66666666666667
CHEMBL31354,COc1ccccc1N2CCN(CCN(C(=O)C3CCCCC3)c4ccccn4)CC2,3.0,C1CCC(C(N(CCN2CCN(c3ccccc3OC)CC2)c2ncccc2)=O)CC1,ABaraaaaarDsAAD{AAD{A{~B}AtAAAAAt}auaaaadu}AAs,25.0
CHEMBL223402,Fc1ccccc1NC(=O)N[C@H]2N=C(c3ccccc3)c4ccccc4NC2=O,4.0,O=C1Nc2c(cccc2)C(c2ccccc2)=N[C@@H]1NC(=O)Nc1ccccc1F,GaraaaaarDA{~B}D{A*Q}sD~A{ataaaaat}auaaaaauDAs~B,8.333333333333334
CHEMBL2179273,CCC[C@@H](N1CCC[C@@H](C1)N2C=C(C)C(=O)NC2=O)c3ccc(C(=O)O)c(Oc4cccc(Cl)c4)c3,0.6,c1(=O)[nH]c(=O)c(C)cn1[C@H]1CCCN([C@H](CCC)c2cc(Oc3cccc(Cl)c3)c(C(O)=O)cc2)C1,AAA{A**Q}{DrAAA{A**Q}{Ar}DsA~A{A}A{~B}DAs~B}ataaa{A{~B}B}a{Bauaaaa{Z}au}at,65.0
CHEMBL374656,CN(C)C(=O)[C@H](Cc1ccccc1)NC(=O)c2cc3sccc3[nH]2,3.1,c1c2c(sc1)cc(C(N[C@@H](Cc1ccccc1)C(N(C)C)=O)=O)[nH]2,AD{A}A{~B}{A*Q}{Aaraaaaar}DA{~B}asaateaaat{dQ}s,23.333333333333332
CHEMBL309222,Cc1cccc(Br)c1C(=O)N[C@@H](Cc2ccc(NC(=O)c3c(Cl)cccc3Cl)cc2)C(=O)O,-0.13,O=C(N[C@@H](Cc1ccc(NC(c2c(Cl)cccc2Cl)=O)cc1)C(O)=O)c1c(C)cccc1Br,Aaraaaa{Y}arA{~B}D{A**Q}{Aasaaa{DA{~B}ata{Z}aaaatZ}aas}A{~B}B,77.16666666666667
CHEMBL429682,C[C@H](CO)Nc1nc(SCc2cccc(F)c2F)nc3nc(NS(=O)(=O)C)sc13,0.92,c1(F)cccc(CSc2nc(N[C@@H](CO)C)c3c(nc(NS(C)(=O)=O)s3)n2)c1F,A{A*Q}{AB}Darda{EAasaaaa{G}asG}datda{DE{~B}{~B}A}eart,59.666666666666664
CHEMBL2178370,Cc1nc(C)c(nc1C(=O)N)c2ccc3c(CC[C@@]34CC[C@@H](CC4)c5nnn[nH]5)c2,1.4,c1(C)nc(C)c(C(N)=O)nc1-c1cc2c(cc1)[C@]1(CC2)CC[C@@H](c2[nH]nnn2)CC1,Aarda{A}a{darA{~B}D}asaaata{AA{A**}tuAA{A**Q}{AAu}avddd{dQ}v}as,51.666666666666664
CHEMBL496483,Brc1cnc(NCc2ccccc2)nc1Nc3cc([nH]n3)C4CC4,4.11,C1C(c2cc(Nc3c(Br)cnc(NCc4ccccc4)n3)n[nH]2)C1,Yarada{DAasaaaaas}darDataa{{dQ}dt}AuAAu,6.499999999999996
CHEMBL550637,Cc1ccc(cc1NC(=O)CC23CC4CC(CC(C4)C2)C3)C(=O)N5CC6CNCC(C5)O6,2.12,C1C2CC3CC(CC1(CC(Nc1cc(C(N4CC5CNCC(O5)C4)=O)ccc1C)=O)C3)C2,Aaraaa{aarDA{~B}AAstAAuAA{AA{Au}As}At}A{~B}DvAAwADAA{Av}Bw,39.666666666666664
CHEMBL650,C[C@H]1C[C@H]2[C@@H]3CC[C@](O)(C(=O)CO)[C@@]3(C)C[C@H](O)[C@@H]2[C@@]4(C)C=CC(=O)C=C14,2.12,O[C@@]1(C(=O)CO)[C@@]2(C)C[C@H](O)[C@H]3[C@@H](C[C@H](C)C4=CC(=O)C=C[C@]34C)[C@@H]2CC1,A{A*Q}rA{A*Q}s{A**Q}tAA{A*}{B}{A{~B}AB}{A**}t{A}A{A*Q}{B}{A**Q}s{A**}u{A}A~AA{~B}A~Aru,39.666666666666664
CHEMBL1087268,C[C@H](Nc1nc(Nc2ncc(C)s2)cc(n1)N3CCN(C)CC3)c4ccc(F)cn4,2.9,c1(C)sc(Nc2nc(N[C@H](c3ncc(F)cc3)C)nc(N3CCN(C)CC3)c2)nc1,A{A*Q}{Darda{Dasdaa{A}es}aa{dr}DtAAD{A}AAt}auaaa{G}adu,26.666666666666668
CHEMBL1269858,CN(c1ccnc(Nc2cc(cc(c2)N3CCOCC3)N4CCOCC4)n1)c5cccc6[nH]ncc56,3.23,N1(c2cc(N3CCOCC3)cc(Nc3nccc(N(C)c4cccc5[nH]ncc54)n3)c2)CCOCC1,AD{araada{Dasaa{aa{as}DtAABAAt}DuAABAAu}dr}avaaaaw{dQ}daavw,21.166666666666668
CHEMBL202626,Fc1ccccc1NC(=O)NC2N=C(c3ccccc3)c4ccccc4NC2=O,3.8,N1=C(c2ccccc2)c2c(cccc2)NC(=O)C1NC(=O)Nc1c(F)cccc1,GaraaaaarDA{~B}DAsD~A{ataaaaat}auaaaaauDAs~B,11.66666666666667
CHEMBL237891,CN1C(=O)C=C(CCc2ccc3cc[nH]c3c2)N=C1N,2.1,Cn1c(=O)cc(CCc2ccc3c([nH]cc3)c2)nc1N,ADrA{~B}A~A{AAasaaataa{dQ}atas}D~ArD,40.0
CHEMBL1567398,CC1=C(Cc2ccccc2)C(=O)n3nc(NCc4cccc(Cl)c4)nc3N1,3.6,c1(Cl)cccc(CNc2nn3c(n2)[nH]c(C)c(Cc2ccccc2)c3=O)c1,AAr~A{Aasaaaaas}A{~B}dtda{DAauaaaa{Z}au}datDr,14.999999999999998
CHEMBL1580660,Clc1ccc(Cl)c(c1)S(=O)(=O)Nc2nc(cs2)c3sccc3Cl,2.11,N(S(=O)(c1cc(Cl)ccc1Cl)=O)c1scc(-c2sccc2Cl)n1,Zaraaa{Z}a{ar}E{~B}{~B}Dasda{aes}ateaaatZ,39.833333333333336
CHEMBL480057,COc1cc2ncc(C(=O)N)c(Nc3ccccc3C)c2cc1OC,3.4,c12cc(OC)c(OC)cc1c(Nc1ccccc1C)c(C(=O)N)cn2,ABaraasdaa{A{~B}D}a{DataaaaatA}asaarBA,18.333333333333336
CHEMBL1080786,N[C@@H](Cc1cccs1)C(=O)N[C@]2(C[C@H]2c3ccccc3)C#N,1.5,c1([C@H]2[C@](NC([C@@H](N)Cc3sccc3)=O)(C#N)C2)ccccc1,D{A**Q}{Aaraaaer}A{~B}D{A*}s{A{A*Q}sataaaaat}A^D,50.0
CHEMBL424451,COc1ccc(C)c(NC(=O)CC23CC4CC(CC(C4)C2)C3)c1,3.96,C1C2(CC(Nc3c(C)ccc(OC)c3)=O)CC3CC(CC1C3)C2,ABaraaa{A}a{DA{~B}AAstAAuAA{AA{Au}As}At}ar,9.0
CHEMBL2179287,CC1=CN(C2CCCN(Cc3cccc(Oc4ccccc4)c3)C2)C(=O)NC1=O,3.04,Cc1cn(C2CN(Cc3cccc(Oc4ccccc4)c3)CCC2)c(=O)[nH]c1=O,AAr~AD{AsAAAD{Aataaaa{Bauaaaaau}at}As}A{~B}DAr~B,24.333333333333332
CHEMBL1824363,Oc1cccc(NC(=O)c2ccc(OCCCN3CCCC3)cc2OCc4ccccc4)c1,3.07,c1(NC(=O)c2c(OCc3ccccc3)cc(OCCCN3CCCC3)cc2)cc(O)ccc1,Baraaaa{DA{~B}asaaa{BAAADtAAAAt}aasBAauaaaaau}ar,23.83333333333334
CHEMBL2335906,C[C@@H](NC1=CC(=O)CNC1)c2ccc(Nc3ncc4cc(ccc4n3)c5ccncc5)cc2,2.49,N([C@@H](c1ccc(Nc2ncc3cc(-c4ccncc4)ccc3n2)cc1)C)C1=CC(=O)CNC1,A{A**Q}{DAr~AA{~B}ADAr}asaaa{Datdaauaa{aaaudt}avaadaav}aas,33.49999999999999
CHEMBL1681799,CN1CCOc2cc(COc3ccccc3)cnc12,3.3,c1c(COc2ccccc2)cnc2c1OCCN2C,ADrAABasaa{ABataaaaat}adars,20.000000000000004
CHEMBL2207661,O[C@H](CNC(=O)c1c[nH]nc1C2CC2)CN3CCC(CC3)Oc4ccc(Cl)c(Cl)c4,3.15,O[C@@H](CN1CCC(Oc2ccc(Cl)c(Cl)c2)CC1)CNC(=O)c1c(C2CC2)n[nH]c1,B{A*Q}{ADA{~B}ara{dQ}darAsAAs}ADtAAA{AAt}Bauaaa{Z}a{Z}au,22.5
CHEMBL2062774,CCOc1noc2cc(OCCC3CCN(CC3)c4ccc(C)nn4)ccc12,4.23,c1cc(C)nnc1N1CCC(CCOc2ccc3c(onc3OCC)c2)CC1,AABardbasaa{BAAAtAAD{AAt}auaaa{A}ddu}aaars,4.499999999999993
CHEMBL1829257,CCC(N(CCCN)C(=O)c1ccc(C)cc1)C2=Nc3ccsc3C(=O)N2Cc4cscn4,0.02,C(c1n(Cc2cscn2)c(=O)c2c(ccs2)n1)(CC)N(CCCN)C(=O)c1ccc(C)cc1,AAA{D{AAAD}A{~B}araaa{A}aar}As~DataaeatA{~B}DsAauaeadu,74.66666666666667
CHEMBL1933592,C[C@H]1O[C@H]([C@H](O)[C@@H]1O)n2cnc3c(N)nc(OC4CCC(F)(F)CC4)nc23,1.42,O1[C@@H](n2cnc3c(N)nc(OC4CCC(F)(F)CC4)nc23)[C@H](O)[C@H](O)[C@H]1C,A{A*Q}rB{A*Q}{{A*Q}{B}{A**Q}rB}dsadata{D}da{BAuAAA{G}{G}AAu}dast,51.333333333333336
CHEMBL1944690,O[C@@H](CNCCc1cccc(CNCCc2ccccc2Cl)c1)c3ccc(O)c4NC(=O)Sc34,1.63,c1c(CNCCc2ccccc2Cl)cc(CCNC[C@H](O)c2ccc(O)c3[nH]c(=O)sc32)cc1,B{A**Q}{ADAAaraaaa{ADAAasaaaaasZ}ar}ataaa{B}auDA{~B}Eatu,47.833333333333336
CHEMBL419951,CC(C)n1c2ccccc2c3cc(NC(=O)N4CCOCC4)ccc13,3.55,N(C(=O)N1CCOCC1)c1cc2c3c(cccc3)n(C(C)C)c2cc1,AA{A}drasaaaaasataa{DA{~B}DuAABAAu}aaart,15.833333333333336
CHEMBL524645,CC(C)Oc1ccc(cc1C(=O)N2CCN(CC2)c3ccc(cc3)C(F)(F)F)S(=O)(=O)C,3.33,C1CN(C(c2c(OC(C)C)ccc(S(=O)(C)=O)c2)=O)CCN1c1ccc(C(F)(F)F)cc1,AA{A}Baraaa{aarA{~B}DsAAD{AAs}ataaa{aat}A{G}{G}G}E{~B}{~B}A,19.5
CHEMBL1950727,CN[C@@H](C)C(=O)N[C@@H](C1CCCCC1)C(=O)N[C@H]2CCCN(Cc3ccccc3)C2,2.01,[C@@H](C(N[C@@H](C1CCCCC1)C(N[C@@H]1CN(Cc2ccccc2)CCC1)=O)=O)(C)NC,AD{A**Q}{A}A{~B}D{A**Q}{ArAAAAAr}A{~B}D{A*Q}sAAAD{Aataaaaat}As,41.50000000000001
CHEMBL463978,CN1CCN(CC1)C(=O)Cc2csc(NS(=O)(=O)c3cccc(Cl)c3C)n2,0.57,c1(NS(=O)(=O)c2cccc(Cl)c2C)nc(CC(=O)N2CCN(C)CC2)cs1,ADrAAD{AAr}A{~B}Aasaea{DE{~B}{~B}ataaaa{Z}atA}ds,65.5
CHEMBL103482,CCOC(=O)c1cnc2c(N)cccc2c1O,0.9,C(c1cnc2c(N)cccc2c1O)(OCC)=O,AABA{~B}aradasa{D}aaaasarB,60.0
CHEMBL1762538,CN(c1ccnc(Nc2cc(cc(c2)N3CCOCC3)N4CCCOCC4)n1)c5cc(CO)ccc5C,3.3,C1CN(c2cc(N3CCOCC3)cc(Nc3nccc(N(C)c4c(C)ccc(CO)c4)n3)c2)CCCO1,AD{araada{Dasaa{aa{as}DtAABAAt}DuAAABAAu}dr}avaa{AB}aaavA,20.000000000000004
CHEMBL54976,N[C@@H](Cc1c[nH]c2ccccc12)C(=O)O,-1.08,OC(=O)[C@@H](N)Cc1c2ccccc2[nH]c1,D{A**Q}{Aara{dQ}asaaaaars}A{~B}B,93.0
CHEMBL73303,NS(=O)(=O)c1ccc(Nc2nccc(n2)c3cnc4ccccn34)cc1,2.7,c1(-c2nc(Nc3ccc(S(N)(=O)=O)cc3)ncc2)n2c(cccc2)nc1,DE{~B}{~B}araaa{Dasdaaa{ds}atadauaaaadtu}aar,29.999999999999996
CHEMBL1951079,COc1cc(OC)c(cc1NC(=O)CCC(=O)O)S(=O)(=O)N2C(C)CCc3ccccc23,-0.87,c1(OC)cc(OC)c(S(=O)(=O)N2C(C)CCc3c2cccc3)cc1NC(CCC(O)=O)=O,ABaraa{BA}a{aarDA{~B}AAA{~B}B}E{~B}{~B}DsA{A}AAataaaaast,89.5
CHEMBL1643203,Cc1cc(CN2Cc3cccnc3CC2C(=O)Nc4ccc(Cl)cc4Cl)ccc1OCC(=O)O,1.15,N1(Cc2ccc(OCC(=O)O)c(C)c2)Cc2c(nccc2)CC1C(Nc1ccc(Cl)cc1Cl)=O,Aaraa{ADsAataaadatAAsA{~B}Dauaaa{Z}aauZ}aaarBAA{~B}B,55.833333333333336
CHEMBL2069929,C1CN2CCC1C(C2)c3oc(nn3)c4oc(cc4)c5cccnc5,1.2,C1CC2CCN1CC2c1nnc(-c2oc(-c3cnccc3)cc2)o1,ArADsAAArA{As}atba{ddt}auba{aau}avaaadav,55.0
CHEMBL2069324,O=C(NC1(CC1)C#N)[C@@H]2CCCC[C@H]2C(=O)N3CCN(CC3)c4nc(cs4)c5ccccc5,3.5,n1c(-c2ccccc2)csc1N1CCN(C([C@H]2[C@H](C(=O)NC3(C#N)CC3)CCCC2)=O)CC1,B~A{DAr{AAr}A^D}{A**Q}sAAAA{A*Q}sA{~B}DtAAD{AAt}auda{aeu}avaaaaav,16.666666666666668
CHEMBL2012857,NC1=CC2=NNC(=O)N2c3cc(ccc13)c4ccsc4,3.18,c12n(c(=O)[nH]n1)c1cc(-c3cscc3)ccc1c(N)c2,DAr~AAs~DDA{~B}Dsataa{aaart}auaaeau,21.999999999999996
CHEMBL363160,CCc1cccc(CC)c1NC(=O)N2Cc3[nH]nc(NC(=O)c4ccc(cc4)N5CCN(C)CC5)c3C2,3.31,c1(CC)c(NC(=O)N2Cc3c(c(NC(=O)c4ccc(N5CCN(C)CC5)cc4)n[nH]3)C2)c(CC)ccc1,AAaraaaa{AA}arDA{~B}DsAat{dQ}da{DA{~B}auaaa{aau}DvAAD{A}AAv}atAs,19.833333333333332
CHEMBL455429,CC(C)n1c(C)ncc1c2nc(Nc3ccc(C(=O)N)c(F)c3)ncc2F,3.14,n1c(Nc2ccc(C(N)=O)c(F)c2)ncc(F)c1-c1n(C(C)C)c(C)nc1,AA{A}dra{A}daarasda{Dataaa{A{~B}D}a{G}at}daasG,22.666666666666668
CHEMBL586058,[O-][N+](=O)c1cc(C(=O)NCC=C)c2N=C(Nc3ccc(Cl)c(Cl)c3)NC(=O)c2c1,2.7,c1c([N+](=O)[O-])cc2c(=O)[nH]c(Nc3ccc(Cl)c(Cl)c3)nc2c1C(NCC=C)=O,{B_}{D%}{~B}araa{A{~B}DAA~A}asD~A{Dataaa{Z}a{Z}at}DA{~B}asar,29.999999999999996
CHEMBL1720835,c1ccc(cc1)c2cn3ccccc3n2,2.9,c12nc(-c3ccccc3)cn1cccc2,araaa{aar}asadtaaaaatds,26.666666666666668
CHEMBL1823817,COC[C@H](O)CN1C(=O)C=NN(C1=O)c2ccc(Cl)c(c2)C(=O)NCC3(O)CCCCCC3,1.46,C1(O)(CNC(=O)c2cc(-n3c(=O)n(C[C@@H](O)COC)c(=O)cn3)ccc2Cl)CCCCCC1,ABA{A*Q}{B}ADrA{~B}A~DD{Ar~B}asaaa{Z}a{as}A{~B}DAAt{B}AAAAAAt,50.666666666666664
CHEMBL336546,FC(F)(F)c1cc(NC(=O)c2cnc(Cl)nc2C(F)(F)F)cc(c1)C(F)(F)F,1.8,N(c1cc(C(F)(F)F)cc(C(F)(F)F)c1)C(=O)c1c(C(F)(F)F)nc(Cl)nc1,GA{G}{G}araa{DA{~B}asada{Z}dasA{G}{G}G}aa{ar}A{G}{G}G,45.0
CHEMBL1201391,CCC(C)(C)C(=O)O[C@H]1C[C@@H](C)C=C2C=C[C@H](C)[C@H](CC[C@@H](O)C[C@@H](O)CC(=O)O)[C@@H]12,1.55,[C@@H](C[C@@H](O)CC(=O)O)(O)CC[C@H]1[C@@H](C)C=CC2=C[C@H](C)C[C@H](OC(=O)C(CC)(C)C)[C@@H]21,AAA{A}{A}A{~B}B{A*Q}rA{A**Q}{A}A~AsA~A{A*Q}{A}{A*Q}{AA{A**Q}{B}A{A**Q}{B}AA{~B}B}{A**Q}rs,49.166666666666664
CHEMBL1223816,NC(=O)c1cccc(O[C@H]2C[C@H]3CC[C@@H](C2)N3CC4CCCCC4)c1,1.55,c1c(O[C@H]2C[C@H]3CC[C@@H](C2)N3CC2CCCCC2)cc(C(=O)N)cc1,DA{~B}araaaa{B{A*Q}sA{A*Q}tAA{A**Q}{As}DtAAuAAAAAu}ar,49.166666666666664
CHEMBL81,Oc1ccc(cc1)c2sc3cc(O)ccc3c2C(=O)c4ccc(OCCN5CCCCC5)cc4,4.13,c12ccc(O)cc1sc(-c1ccc(O)cc1)c2C(c1ccc(OCCN2CCCCC2)cc1)=O,Baraaa{aar}aseataa{B}aaatasA{~B}auaaa{BAADvAAAAAv}aau,6.166666666666669
CHEMBL2158822,OC(=O)c1ccccc1N2CCC(CN3CCC(CC3)Oc4ccc(Cl)c(Cl)c4)CC2,2.83,C1C(CN2CCC(Oc3ccc(Cl)c(Cl)c3)CC2)CCN(c2ccccc2C(O)=O)C1,BA{~B}araaaaarDsAAA{ADtAAA{AAt}Bauaaa{Z}a{Z}au}AAs,27.833333333333332
CHEMBL182682,COc1ccc(CC(=O)N(C)C2CCN(CCC(c3ccccc3)c4ccccc4)CC2)cc1OC,3.4,c1ccccc1C(CCN1CCC(N(C(=O)Cc2ccc(OC)c(OC)c2)C)CC1)c1ccccc1,ABaraaa{AA{~B}D{A}AsAAD{AAA{ataaaaat}auaaaaau}AAs}aarBA,18.333333333333336
CHEMBL255244,CCN1CCN(Cc2cnc(c(C)c2)c3ccc(cc3)C(=O)Nc4ccccc4N)CC1,1.2,N1(CC)CCN(Cc2cnc(-c3ccc(C(=O)Nc4ccccc4N)cc3)c(C)c2)CC1,AADrAAD{Aasada{a{A}as}ataaa{aat}A{~B}DauaaaaauD}AAr,55.0
CHEMBL1829430,CCC(N(CCCN)C(=O)c1ccc(C)cc1)C2=Nc3snc(C)c3C(=O)N2Cc4ccccc4,1.61,c12nc(C(N(CCCN)C(=O)c3ccc(C)cc3)CC)n(Cc3ccccc3)c(=O)c1c(C)ns2,AAA{D{AAAD}A{~B}araaa{A}aar}As~Dateda{A}atA{~B}DsAauaaaaau,48.16666666666666
CHEMBL1454596,CCOC(=O)Cc1csc(NS(=O)(=O)c2ccc(Cl)cc2)n1,1.32,c1c(Cl)ccc(S(=O)(Nc2scc(CC(=O)OCC)n2)=O)c1,AABA{~B}Aaraea{DE{~B}{~B}asaaa{Z}aas}dr,53.0
CHEMBL1113,Clc1ccc2Oc3ccccc3N=C(N4CCNCC4)c2c1,2.28,c12c(ccc(Cl)c1)Oc1c(cccc1)N=C2N1CCNCC1,ZaraaasBataaaaatD~A{DuAADAAu}asar,37.00000000000001
CHEMBL528724,Cc1cc2nc(NC(=N)N)nc(C)c2cc1C,0.7,NC(Nc1nc2cc(C)c(C)cc2c(C)n1)=N,Aaraasda{DA{~D}D}da{A}asaarA,63.333333333333336
CHEMBL2158051,CN[C@@H](C)C(=O)N[C@H]1CN(CC[C@H]2CC[C@H](N2C1=O)C(=O)NC(c3ccccc3)c4ccccc4)C(=O)CC(C)C,1.82,C1[C@@H](C(=O)NC(c2ccccc2)c2ccccc2)N2[C@H](C1)CCN(C(=O)CC(C)C)C[C@H](NC(=O)[C@H](C)NC)C2=O,AD{A**Q}{A}A{~B}D{A*Q}rAD{AA{A*Q}sAA{A*Q}{DsAr~B}A{~B}DA{ataaaaat}auaaaaau}A{~B}AA{A}A,44.666666666666664
CHEMBL551060,Cc1nc(C)c(s1)C(=O)N[C@@H](Cc2cccc(Cl)c2)C(=O)NCC#N,2.0,N#CCNC(=O)[C@H](Cc1cc(Cl)ccc1)NC(c1sc(C)nc1C)=O,Aarda{A}a{er}A{~B}D{A**Q}{Aasaaaa{Z}as}A{~B}DAA^D,41.666666666666664
CHEMBL1619466,COc1ccc(cc1)c2nc3CCCn3c2Br,3.3,C1CCn2c1nc(-c1ccc(OC)cc1)c2Br,ABaraaa{aar}asdatAAAdtasY,20.000000000000004
CHEMBL2158771,OC(=O)[C@H](Cc1ccc(cc1)C#N)N2CCC(CN3CCC(CC3)Oc4ccc(Cl)c(Cl)c4)CC2,2.17,C1CC(Oc2ccc(Cl)c(Cl)c2)CCN1CC1CCN([C@H](C(=O)O)Cc2ccc(C#N)cc2)CC1,BA{~B}{A*Q}{Aaraaa{aar}A^D}DsAAA{ADtAAA{AAt}Bauaaa{Z}a{Z}au}AAs,38.833333333333336
CHEMBL51697,CN1C[C@@H](c2ccccc2)c3cccc(N)c3C1,2.11,c1([C@@H]2CN(C)Cc3c2cccc3N)ccccc1,ADrA{A**Q}{asaaaaas}ataaaa{D}atAr,39.833333333333336
CHEMBL67860,Cn1c(ccc1c2ccc3NC(=O)OC(C)(C)c3c2)C#N,2.85,O=C1Nc2c(cc(-c3ccc(C#N)n3C)cc2)C(C)(C)O1,Adra{aaarasaaatDA{~B}BA{A}{A}atas}A^D,27.5
CHEMBL38576,CN([C@H](CN1CCCC1)c2ccccc2)C(=O)Cc3ccc(Cl)c(Cl)c3,3.42,c1cccc([C@H](N(C(=O)Cc2cc(Cl)c(Cl)cc2)C)CN2CCCC2)c1,AD{{A*Q}{ADrAAAAr}asaaaaas}A{~B}Aataaa{Z}a{Z}at,18.0
CHEMBL118973,Cn1c2ccccc2c3cc(NC(=O)CCc4ccncc4)ccc13,3.8,O=C(Nc1cc2c(n(C)c3ccccc23)cc1)CCc1ccncc1,Adrasaaaaasataa{DA{~B}AAauaadaau}aaart,11.66666666666667
CHEMBL1645496,OC(c1ccccc1)c2ccc3C(=O)C=C(Nc3c2)c4cccnc4,2.27,O=c1cc(-c2cnccc2)[nH]c2cc(C(c3ccccc3)O)ccc21,BA{araaaaar}asaaatA{~B}A~A{Datas}auaaadau,37.166666666666664
CHEMBL1164729,CC(C)COc1ccc(cc1C#N)c2nc(C)c(s2)C(=O)O,0.94,C(C(C)C)Oc1c(C#N)cc(-c2sc(C(=O)O)c(C)n2)cc1,AA{A}ABaraaa{aarA^D}asda{A}a{es}A{~B}B,59.333333333333336
CHEMBL1945042,O[C@@H](CNCCc1cccc(CNCc2ccccc2F)c1)c3ccc(O)c4NC(=O)Sc34,0.69,c1ccc(CNCc2cc(CCNC[C@@H](c3ccc(O)c4[nH]c(=O)sc43)O)ccc2)c(F)c1,B{A**Q}{ADAAaraaaa{ADAasaaaaasG}ar}ataaa{B}auDA{~B}Eatu,63.5
CHEMBL235753,CN1C(=O)C=C(CCc2cccc(c2)c3cccnc3)N=C1N,2.5,n1(C)c(N)nc(CCc2cccc(-c3cccnc3)c2)cc1=O,ADrA{~B}A~A{AAasaaaa{as}ataaadat}D~ArD,33.333333333333336
CHEMBL257553,NS(=O)(=O)c1cccc(Nc2nccc(Nc3c(Cl)ccc4OCOc34)n2)c1,2.97,S(c1cccc(Nc2nccc(Nc3c4c(ccc3Cl)OCO4)n2)c1)(=O)(N)=O,DE{~B}{~B}araaaa{Dasdaaa{Data{Z}aaauBABatu}ds}ar,25.499999999999996
CHEMBL335749,CC(=O)NC[C@H]1CN(C(=O)O1)c2ccc(N3Cc4ccncc4C3)c(F)c2,3.02,c1(N2Cc3cnccc3C2)c(F)cc(N2C(=O)O[C@@H](CNC(=O)C)C2)cc1,AA{~B}DA{A*Q}rAD{A{~B}Br}asaaa{DtAauaadaauAt}a{G}as,24.666666666666668
CHEMBL1397672,CC1=C(Cc2ccccc2)C(=O)n3nc(NCc4cccc(Br)c4)nc3N1,3.68,c1c(Cc2c(=O)n3c(nc(NCc4cc(Br)ccc4)n3)[nH]c2C)cccc1,AAr~A{Aasaaaaas}A{~B}dtda{DAauaaaa{Y}au}datDr,13.666666666666664
CHEMBL1785015,CC(C)n1nc(c2ccc(C)cc2)c3c(N)ncnc13,3.2,c1nc2c(c(-c3ccc(C)cc3)nn2C(C)C)c(N)n1,AA{A}drda{asaaa{A}aas}ata{D}dadart,21.66666666666666
CHEMBL1682826,O=C1CCOc2nc(OCc3ccccc3)ccc12,3.1,O1c2c(ccc(OCc3ccccc3)n2)C(=O)CC1,B~ArAABasda{BAataaaaat}aaars,23.333333333333332
CHEMBL1783271,COc1ccc(OC)c(c1)c2c(F)ccc3c(N)c(nnc23)C(=O)NC4CC4,3.47,c1(C(=O)NC2CC2)c(N)c2c(c(-c3c(OC)ccc(OC)c3)c(F)cc2)nn1,ABaraaa{BA}a{ar}asa{G}aaata{D}a{ddast}A{~B}DAuAAu,17.166666666666664
CHEMBL2036775,CC(C)N1CCO[C@@H](CN2CCN(CC2)C(=O)Nc3ccc(Cl)c(Cl)c3)C1,2.77,c1(NC(N2CCN(C[C@H]3CN(C(C)C)CCO3)CC2)=O)cc(Cl)c(Cl)cc1,AA{A}DrAAB{A**Q}{ADsAAD{AAs}A{~B}Dataaa{Z}a{Z}at}Ar,28.833333333333332
CHEMBL1950853,CN[C@@H](C)C(=O)N[C@H](C(=O)N[C@H]1CCCN(CCc2cccc(OC)c2)C1)C(C)(C)C,1.47,O(c1cccc(CCN2CCC[C@H](NC(=O)[C@H](C(C)(C)C)NC(=O)[C@H](C)NC)C2)c1)C,AD{A**Q}{A}A{~B}D{A*Q}{A{~B}D{A*Q}rAAAD{AAasaaaa{BA}as}Ar}A{A}{A}A,50.5
CHEMBL510436,CC(C)n1c(C)ncc1c2ccnc(Nc3ccc(C(=O)N(C)C)c(F)c3)n2,2.74,CC(n1c(C)ncc1-c1nc(Nc2ccc(C(=O)N(C)C)c(F)c2)ncc1)C,AA{A}dra{A}daarasaada{Dataaa{A{~B}D{A}A}a{G}at}ds,29.33333333333333
CHEMBL2158838,OC(=O)[C@H](Cc1ccc(Cl)cc1)N2CCC(CN3CCC(CC3)Oc4ccc(Cl)c(Cl)c4)CC2,2.86,C(C1CCN([C@@H](Cc2ccc(Cl)cc2)C(=O)O)CC1)N1CCC(Oc2ccc(Cl)c(Cl)c2)CC1,BA{~B}{A*Q}{Aaraaa{Z}aar}DsAAA{ADtAAA{AAt}Bauaaa{Z}a{Z}au}AAs,27.333333333333332
CHEMBL59925,Cc1cc(C)nc(N)c1,0.85,c1c(N)nc(C)cc1C,Aaraa{A}da{D}ar,60.833333333333336
CHEMBL2325697,C[C@@H]1COCCN1c2cc(nc(n2)c3cccc4[nH]ccc34)C5(CC5)S(=O)(=O)C,2.7,C[C@H]1N(c2nc(-c3cccc4[nH]ccc34)nc(C3(S(C)(=O)=O)CC3)c2)CCOC1,A{A**Q}rABAADrasaa{da{ds}ataaaau{dQ}aaatu}Av{AAv}E{~B}{~B}A,29.999999999999996
CHEMBL2346969,Fc1cccc(CN2CCN(CC2)c3ccc4nnc(n4n3)C(F)(F)F)c1F,3.6,n12nc(N3CCN(Cc4cccc(F)c4F)CC3)ccc1nnc2C(F)(F)F,Garaaaa{ADsAAD{AAs}ataaaudda{dudt}A{G}{G}G}arG,14.999999999999998
CHEMBL124842,CCCCCCCN(CCc1ccc(OC(C)(C)C(=O)O)cc1)C(=O)Nc2ccc(F)cc2F,1.93,C(c1ccc(OC(C(=O)O)(C)C)cc1)CN(C(Nc1ccc(F)cc1F)=O)CCCCCCC,AAAAAAAD{AAaraaa{BA{A}{A}A{~B}B}aar}A{~B}Dasaaa{G}aasG,42.833333333333336
CHEMBL1963131,COc1ccc(cn1)[C@@]2(O)CC[C@H](CC2)N3CC[C@H](C3)NC(=O)CNC(=O)c4cccc(c4)C(F)(F)F,1.72,C1C[C@](c2ccc(OC)nc2)(O)CC[C@H]1N1C[C@H](NC(CNC(=O)c2cccc(C(F)(F)F)c2)=O)CC1,ABaraaa{adr}{A**}s{B}AA{A*Q}{AAs}DtAA{A*Q}{At}DA{~B}ADA{~B}auaaaa{au}A{G}{G}G,46.333333333333336
CHEMBL2325729,NC1(CCN(CC1)c2ncnc3[nH]ccc23)C(=O)N[C@@H](CCN4CCCCC4)c5ccc(Cl)cc5,2.4,Clc1ccc([C@@H](NC(C2(N)CCN(c3ncnc4[nH]ccc43)CC2)=O)CCN2CCCCC2)cc1,DAr{AAD{AAr}asdadat{dQ}aaast}A{~B}D{A**Q}{AADuAAAAAu}avaaa{Z}aav,35.0
CHEMBL1857945,CN(C)CCNc1cc(nc2cc(nn12)c3ccc(F)cc3)c4ccccc4,4.5,n1c(-c2ccccc2)cc(NCCN(C)C)n2nc(-c3ccc(F)cc3)cc12,AD{A}AADaraa{dasaa{ddrs}ataaa{G}aat}auaaaaau,0.0
CHEMBL1522360,O=S(=O)(Nc1cccnc1)c2ccc3OCCOc3c2,1.34,N(S(c1cc2c(cc1)OCCO2)(=O)=O)c1cccnc1,B~E{~B}{Daraaadar}asaaatBAABatas,52.666666666666664
CHEMBL295467,CNCCC(Oc1ccccc1OC)c2ccccc2,0.22,c1(OC)c(OC(CCNC)c2ccccc2)cccc1,ADAAA{BaraaaaarBA}asaaaaas,71.33333333333333
CHEMBL249584,OC[C@H]1C[C@H]([C@H](O)[C@@H]1O)n2nnc3c(N[C@@H]4C[C@H]4c5ccccc5)nc(SCCC(F)(F)F)nc23,4.06,c1ccc([C@H]2[C@H](Nc3nc(SCCC(F)(F)F)nc4n([C@H]5[C@H](O)[C@H](O)[C@@H](CO)C5)nnc34)C2)cc1,BA{A*Q}rA{A*Q}{{A*Q}{B}{A**Q}rB}dsddata{D{A**Q}uA{A*Q}uavaaaaav}da{EAAA{G}{G}G}dast,7.33333333333334
CHEMBL352576,CC(=O)NCc1ccc(CN2CCN(CC2)c3ccc(F)cc3F)cc1,2.5,c1c(N2CCN(Cc3ccc(CNC(C)=O)cc3)CC2)c(F)cc(F)c1,AA{~B}DAaraaa{ADsAAD{AAs}ataaa{G}aatG}aar,33.333333333333336
CHEMBL1946028,O=C(N1CCC1)c2ccc(cc2)C(=C3CCN(Cc4cscn4)CC3)c5cccc6cccnc56,2.52,C(N1CCC1)(=O)c1ccc(C(=C2CCN(Cc3cscn3)CC2)c2cccc3cccnc23)cc1,B~A{DrAAAr}asaaa{aas}A{~AtAAD{Aauaeadu}AAt}avaaaawaaadavw,33.0
CHEMBL393717,Clc1ccc(cc1C(=O)NCC23CC4CC(CC(C4)C2)C3)N5CCNCC5,1.77,C1C2CC3CC(C2)CC1(CNC(=O)c1cc(N2CCNCC2)ccc1Cl)C3,Zaraaa{aarA{~B}DAAstAAuAA{AA{Au}As}At}DvAADAAv,45.5
CHEMBL2036572,Fc1ccccc1Nc2oc(nn2)C(=O)Nc3ccc(cn3)N4CCOCC4,2.4,O1CCN(c2ccc(NC(c3oc(Nc4c(F)cccc4)nn3)=O)nc2)CC1,GaraaaaarDasba{dds}A{~B}Dataaa{adt}DuAABAAu,35.0
CHEMBL1628227,CN(C)CCC=C1c2ccccc2COc3ccccc13,2.15,CN(C)CCC=C1c2c(cccc2)COc2ccccc21,AD{A}AAA~ArasaaaaasABataaaaart,39.166666666666664
CHEMBL14762,CC[C@H](CO)Nc1nc(NCc2ccccc2)c3ncn(C(C)C)c3n1,3.63,c12ncn(C(C)C)c1nc(N[C@H](CC)CO)nc2NCc1ccccc1,AA{A*Q}{AB}Darda{DAasaaaaas}atdad{A{A}A}atdr,14.500000000000002
CHEMBL268263,NCC(O)(c1ccccc1)c2ccccc2,0.9,c1cc(C(c2ccccc2)(O)CN)ccc1,DAA{B}{araaaaar}asaaaaas,60.0
CHEMBL335550,[O-][N+](=O)c1cccc(c1)c2ccc(OCC(CCc3ccncc3)N4C(=O)CCC4=O)cc2,3.88,c1nccc(CCC(COc2ccc(-c3cc([N+](=O)[O-])ccc3)cc2)N2C(=O)CCC2=O)c1,{B_}{D%}{~B}araaaa{ar}asaaa{BAA{AAataadaat}DuA{~B}AAAu~B}aas,10.333333333333336
CHEMBL1972466,CC(Nc1ccccc1)C2=CC(=CN3C(=O)C=C(N=C23)N4CCOCC4)C,3.6,N(C(c1c2n(c(=O)cc(N3CCOCC3)n2)cc(C)c1)C)c1ccccc1,AA{Daraaaaar}As~AA{~ADtA{~B}A~A{D~Ast}DuAABAAu}A,14.999999999999998
CHEMBL87266,Cc1cc(N)c2cc(NC(=O)CC(=O)Nc3ccc4nc(C)cc(N)c4c3)ccc2n1,1.35,c1c(NC(=O)CC(=O)Nc2ccc3c(c(N)cc(C)n3)c2)cc2c(c1)nc(C)cc2N,Aaraa{D}asaa{DA{~B}AA{~B}Dataaauda{A}aa{D}auat}aaasdr,52.5
CHEMBL429023,COc1cc2OC[C@H]3Oc4c5C[C@@H](Oc5ccc4C(=O)[C@H]3c2cc1OC)C(=C)C,3.57,COc1c(OC)cc2c(c1)OC[C@H]1Oc3c(ccc4c3C[C@H](C(C)=C)O4)C(=O)[C@@H]21,ABaraasBA{A*Q}tBauavA{A**Q}{BavaaauA{~B}{A*Q}tasaarBA}A{~A}A,15.500000000000002
CHEMBL242541,Nc1ccc2ncnc(Nc3ccc(F)c(Cl)c3)c2c1,2.64,c1c(N)ccc2c1c(Nc1cc(Cl)c(F)cc1)ncn2,Daraaasdada{Dataaa{G}a{Z}at}asar,31.0
CHEMBL402146,Fc1ccc(cc1F)C(=O)Nc2ccc(Cl)nc2,3.31,c1(F)c(F)ccc(C(=O)Nc2cnc(Cl)cc2)c1,Garaaa{aarG}A{~B}Dasaaa{Z}das,19.833333333333332
CHEMBL74399,CCN(CC)S(=O)(=O)c1ccc(NC(=O)[C@@](C)(O)C(F)(F)F)c(Cl)c1,3.66,FC([C@@](C)(C(Nc1c(Cl)cc(S(=O)(=O)N(CC)CC)cc1)=O)O)(F)F,AAD{AA}E{~B}{~B}araaa{DA{~B}{A**}{A}{B}A{G}{G}G}a{Z}ar,13.999999999999998
CHEMBL1779009,COc1cc(F)ccc1c2cncc(c2)C3CCCN3,1.1,n1cc(-c2c(OC)cc(F)cc2)cc(C2NCCC2)c1,ABaraa{G}aaarasadaa{as}AtAAADt,56.666666666666664
CHEMBL1596993,COc1ccc(Nc2ccccc2C(=O)O)cc1,1.2,N(c1ccc(OC)cc1)c1ccccc1C(=O)O,ABaraaa{DasaaaaasA{~B}B}aar,55.0
CHEMBL2325993,CN(C)CCCC(NC(=O)C1(N)CCN(CC1)c2ncnc3[nH]ccc23)c4ccc(Cl)cc4,1.4,C1C(N)(C(=O)NC(c2ccc(Cl)cc2)CCCN(C)C)CCN(c2ncnc3c2cc[nH]3)C1,AD{A}AAAA{DA{~B}Ar{D}AAD{AAr}asdadat{dQ}aaast}auaaa{Z}aau,51.666666666666664
CHEMBL403702,C[C@H](CO)Nc1nc(SCc2cccc(F)c2F)nc3ncc(C)nc13,3.5,c1(N[C@@H](CO)C)nc(SCc2cccc(F)c2F)nc2ncc(C)nc12,A{A*Q}{AB}Darda{EAasaaaa{G}asG}datdaa{A}dart,16.666666666666668
CHEMBL2023483,COc1ccc2c(Oc3ccc(CC(=O)Nc4n[nH]c(C)c4C)c(OC)c3)ccnc2c1,3.78,C(c1ccc(Oc2ccnc3cc(OC)ccc23)cc1OC)C(=O)Nc1n[nH]c(C)c1C,ABaraaasa{Bataaa{AA{~B}Daud{dQ}a{A}auA}a{BA}at}aadasar,12.000000000000002
CHEMBL456801,C[C@H](Nc1nc(NC[C@@H](O)CO)c(Cl)c(Nc2cc([nH]n2)C3CC3)n1)c4ccc(F)cc4,3.39,C[C@H](Nc1nc(Nc2n[nH]c(C3CC3)c2)c(Cl)c(NC[C@@H](O)CO)n1)c1ccc(F)cc1,A{A*Q}{Darda{DA{A**Q}{B}AB}a{Z}a{Dasaa{{dQ}ds}AtAAt}dr}auaaa{G}aau,18.499999999999996
CHEMBL2177612,CCCSc1c(cnn1[C@@H]2CC[C@H](CC2)C(=O)O)C(=O)NC3CCCCC3,1.03,c1(C(NC2CCCCC2)=O)cnn([C@H]2CC[C@H](C(=O)O)CC2)c1SCCC,AAAEara{addr{A**Q}sAA{A*Q}{AAs}A{~B}B}A{~B}DAtAAAAAt,57.833333333333336
CHEMBL450643,c1cnc2cccnc2c1,0.89,c1ccnc2cccnc12,aradasaaadasar,60.166666666666664
CHEMBL1957377,Oc1c(C#N)c(nc2ccncc12)c3ccc(cc3)c4ccccc4CN5CCOCC5,2.0,n1ccc2nc(-c3ccc(-c4c(CN5CCOCC5)cccc4)cc3)c(C#N)c(O)c2c1,Bara{A^D}a{dasaadaars}ataaa{aat}auaaaaauADvAABAAv,41.666666666666664
CHEMBL2325706,CS(=O)(=O)C1(CCNCC1)c2cc(nc(n2)c3cccc4[nH]ccc34)N5CCOCC5,0.7,n1c(-c2c3cc[nH]c3ccc2)nc(C2(S(=O)(=O)C)CCNCC2)cc1N1CCOCC1,AE{~B}{~B}Ar{AADAAr}asaa{da{ds}ataaaau{dQ}aaatu}DvAABAAv,63.333333333333336
CHEMBL14638,O=C(C1CC1)c2ccc(OCCCc3c[nH]cn3)cc2,2.68,c1(C(C2CC2)=O)ccc(OCCCc2c[nH]cn2)cc1,B~A{ArAAr}asaaa{BAAAata{dQ}adt}aas,30.33333333333333
CHEMBL744,Nc1nc2ccc(OC(F)(F)F)cc2s1,3.34,O(c1ccc2nc(N)sc2c1)C(F)(F)F,Dardasaaa{BA{G}{G}G}aaser,19.333333333333336
CHEMBL22183,CN(C)Cc1ccccc1Sc2ccc(C)cc2N,2.6,c1(N)c(Sc2c(CN(C)C)cccc2)ccc(C)c1,AD{A}AaraaaaarEasaaa{A}aasD,31.666666666666668
CHEMBL1643199,Cc1cc(CN2CCc3ccccc3C2C(=O)Nc4ccc(Cl)cc4Cl)ccc1OCC(=O)O,2.63,C(C1c2c(cccc2)CCN1Cc1cc(C)c(OCC(=O)O)cc1)(Nc1c(Cl)cc(Cl)cc1)=O,Aaraa{ADsAAataaaaatAsA{~B}Dauaaa{Z}aauZ}aaarBAA{~B}B,31.166666666666668
CHEMBL2010831,CN(C1CCN(Cc2ccc(cc2)C(F)(F)F)CC1)C(=O)Cc3ccc(cc3)S(=O)(=O)C,2.5,c1c(S(=O)(=O)C)ccc(CC(N(C2CCN(Cc3ccc(C(F)(F)F)cc3)CC2)C)=O)c1,AD{ArAAD{Aasaaa{aas}A{G}{G}G}AAr}A{~B}Aataaa{aat}E{~B}{~B}A,33.333333333333336
CHEMBL1526668,O=C(N1CCCCC1)c2csc3CCCCc23,3.2,C1CCCN(C(c2c3c(sc2)CCCC3)=O)C1,B~A{DrAAAAAr}asaeatAAAAast,21.66666666666666
CHEMBL218762,SC1=Nc2[nH]cnc2C(=O)N1,-1.48,c1(=O)[nH]c(S)nc2[nH]cnc12,EAr~Das{dQ}adasA{~B}Dr,99.66666666666667
CHEMBL2170994,Nc1ncnc2c1ncn2[C@@H]3O[C@H](CSCCCNC(=O)Nc4ccc(Cl)cc4)[C@@H](O)[C@H]3O,2.5,O=C(NCCCSC[C@@H]1[C@@H](O)[C@@H](O)[C@H](n2cnc3c2ncnc3N)O1)Nc1ccc(Cl)cc1,Dardadasardads{A**Q}tB{A*Q}{AEAAADA{~B}Dauaaa{Z}aau}{A**Q}{B}{A*Q}tB,33.333333333333336
CHEMBL361795,N#Cc1cccc(c1)c2onc(n2)c3ccccn3,2.2,N#Cc1cc(-c2nc(-c3ccccn3)no2)ccc1,D^Aaraaaa{ar}asbda{ds}ataaaadt,38.33333333333333
CHEMBL586906,COc1ccc2nccc(C(O)C3CC4(CCN3CC4)C=C)c2c1,2.08,C=CC12CCN(C(C(O)c3ccnc4ccc(OC)cc43)C1)CC2,ABaraaasdaaa{A{B}AtAAu{AADtAAu}A~A}asar,40.333333333333336
CHEMBL563471,Cn1cc(cn1)c2cccc(C[C@H](NC(=O)c3cc(nn3C)C(C)(C)C)C(=O)NCC#N)c2,2.6,CC(C)(C)c1cc(C(N[C@@H](Cc2cc(-c3cnn(C)c3)ccc2)C(=O)NCC#N)=O)n(C)n1,Adraa{adr}asaaaa{A{A*Q}{DA{~B}ataa{ddtA}A{A}{A}A}A{~B}DAA^D}as,31.666666666666668
CHEMBL16,OC1=NC(=O)C(N1)(c2ccccc2)c3ccccc3,2.41,O=C1N=C(O)NC1(c1ccccc1)c1ccccc1,BAr~DA{~B}A{Dr}{asaaaaas}ataaaaat,34.833333333333336
CHEMBL457393,C[C@H](Nc1ncc(F)c(Nc2cc([nH]n2)C3CC3)n1)c4ccc(F)cn4,3.14,C1(c2[nH]nc(Nc3c(F)cnc(N[C@@H](C)c4ncc(F)cc4)n3)c2)CC1,A{A*Q}{Dardaa{G}a{Dasaa{{dQ}ds}AtAAt}dr}auaaa{G}adu,22.666666666666668
CHEMBL105984,CCC[C@@H](CN1CCCC1)N(C)C(=O)Cc2ccc(Cl)c(Cl)c2,2.27,C1N(C[C@H](CCC)N(C)C(Cc2cc(Cl)c(Cl)cc2)=O)CCC1,AAA{A**Q}{ADrAAAAr}D{A}A{~B}Aasaaa{Z}a{Z}as,37.166666666666664
CHEMBL1916542,COc1ccc2N=CC(=O)N(CCN3CCC(CC3)NCc4cc5OCCOc5cn4)c2c1,0.93,c1c(CNC2CCN(CCn3c4c(ccc(OC)c4)ncc3=O)CC2)ncc2c1OCCO2,ABaraaasD~AA{~B}D{AADtAAA{AAt}DAauaavBAABavadu}asar,59.5
CHEMBL129420,CCN(CC)C(=O)c1ccc(cc1)C(N2CCNCC2)c3cccc4cccnc34,0.7,c1c(C(c2cccc3cccnc32)N2CCNCC2)ccc(C(=O)N(CC)CC)c1,AAD{AA}A{~B}araaa{aar}A{DsAADAAs}ataaaauaaadatu,63.333333333333336
CHEMBL1276946,CC1=C2C(=CC(=O)N1Cc3ccccn3)NN(C2=O)c4ccccc4Cl,0.2,c1(-n2[nH]c3c(c(C)n(Cc4ncccc4)c(=O)c3)c2=O)c(Cl)cccc1,AAr~AsA{~AA{~B}DrAataaaadt}DD{As~B}auaaaaauZ,71.66666666666667
CHEMBL1916547,COc1ccc2N=NC(=O)N(CCN3CCC(CC3)NCc4ccc5OCC(=O)Nc5n4)c2c1,-0.65,C(NC1CCN(CCn2c3c(nnc2=O)ccc(OC)c3)CC1)c1ccc2c(n1)NC(=O)CO2,ABaraaasD~DA{~B}D{AADtAAA{AAt}DAauaaavBAA{~B}Davdu}asar,85.83333333333333
CHEMBL522460,Cc1ccccc1CN2CCC(CC2)N3CCC(CC3)N4C(=O)Nc5ccccc45,2.68,C1CC(n2c(=O)[nH]c3ccccc32)CCN1C1CCN(Cc2c(C)cccc2)CC1,AaraaaaarADsAAA{AAs}DtAAA{AAt}DuA{~B}Davaaaaauv,30.33333333333333
CHEMBL1500992,O=C(CSc1ccccc1)N2CCN(CC2)c3ccccc3,3.2,c1ccc(SCC(N2CCN(c3ccccc3)CC2)=O)cc1,B~A{AEaraaaaar}DsAAD{AAs}ataaaaat,21.66666666666666
CHEMBL2110791,CCN(CC)CCCNCc1cc(Cl)c2cccnc2c1O,0.72,N(CCCNCc1c(O)c2c(c(Cl)c1)cccn2)(CC)CC,AAD{AA}AAADAaraa{Z}asaaadasarB,63.0
CHEMBL1945034,O[C@@H](CNCCc1ccc(CNCCc2ccccn2)cc1)c3ccc(O)c4NC(=O)Sc34,-0.25,c1cccc(CCNCc2ccc(CCNC[C@H](O)c3ccc(O)c4[nH]c(=O)sc43)cc2)n1,B{A**Q}{ADAAaraaa{ADAAasaaaads}aar}ataaa{B}auDA{~B}Eatu,79.16666666666667
CHEMBL385563,Clc1ccc2OCOc2c1Nc3ncnc4cc(OCCN5CCCC5)cc(OC6CCOCC6)c34,2.6,C1N(CCOc2cc(OC3CCOCC3)c3c(c2)ncnc3Nc2c(Cl)ccc3c2OCO3)CCC1,ZaraaasBABasarDatdadauaa{BAADvAAAAv}aa{BAwAABAAw}atu,31.666666666666668
CHEMBL5,CCN1C=C(C(=O)O)C(=O)c2ccc(C)nc12,-0.1,c1(=O)c2c(nc(C)cc2)n(CC)cc1C(O)=O,AADrA~A{A{~B}B}A{~B}asaaa{A}dars,76.66666666666666
CHEMBL163,CC(C)[C@H](NC(=O)N(C)Cc1csc(n1)C(C)C)C(=O)N[C@H](C[C@H](O)[C@H](Cc2ccccc2)NC(=O)OCc3cncs3)Cc4ccccc4,4.3,n1c(CN(C(=O)N[C@@H](C(C)C)C(=O)N[C@@H](Cc2ccccc2)C[C@@H]([C@H](Cc2ccccc2)NC(OCc2scnc2)=O)O)C)csc1C(C)C,AA{A}{A*Q}{DA{~B}D{A}Aaraea{dr}A{A}A}A{~B}D{A*Q}{A{A*Q}{B}{A*Q}{Aasaaaaas}DA{~B}BAatadaet}Aauaaaaau,3.333333333333336
CHEMBL1479580,CSc1ncccc1C(=O)NCC2CCCCC2,2.93,O=C(NCC1CCCCC1)c1cccnc1SC,AEardaaaarA{~B}DAAsAAAAAs,26.16666666666666
CHEMBL1088752,Cc1c(F)cc(cc1c2ccc(cn2)C(=O)NCC(C)(C)C)C(=O)NC3CC3,3.5,N(C1CC1)C(=O)c1cc(F)c(C)c(-c2ccc(C(=O)NCC(C)(C)C)cn2)c1,Aara{G}aa{aarasaaa{ads}A{~B}DAA{A}{A}A}A{~B}DAtAAt,16.666666666666668
CHEMBL2031224,COc1ccccc1C(=O)Nc2ccc(C)c(c2)N3C=Nc4ccc(cc4C3=O)N5CCN(C)CC5,2.93,C(Nc1cc(-n2c(=O)c3cc(N4CCN(C)CC4)ccc3nc2)c(C)cc1)(=O)c1ccccc1OC,ABaraaaaarA{~B}Dasaaa{A}a{as}DtA~Dauaaa{aauAt~B}DvAAD{A}AAv,26.16666666666666
CHEMBL2062557,COc1ccc(cc1)c2cc(N)n3ncc(C#N)c3n2,2.42,c1c(-c2nc3n(ncc3C#N)c(N)c2)ccc(OC)c1,ABaraaa{aar}asaa{D}dtdaa{A^D}atds,34.666666666666664
CHEMBL72548,CN(C)CCNS(=O)(=O)c1ccc(Nc2nccc(n2)c3cnc4ccccn34)cc1,2.7,N(CCN(C)C)S(=O)(=O)c1ccc(Nc2nccc(-c3n4ccccc4nc3)n2)cc1,AD{A}AADE{~B}{~B}araaa{Dasdaaa{ds}atadauaaaadtu}aar,29.999999999999996
CHEMBL1621884,COCCCCC(=NOCCN)c1ccc(cc1)C(F)(F)F,1.55,c1cc(C(F)(F)F)ccc1C(CCCCOC)=NOCCN,ABAAAAA{~DBAAD}araaa{aar}A{G}{G}G,49.166666666666664
CHEMBL474200,CNC1=Nc2ncccc2C(=NC1c3cccs3)c4ccccc4,2.68,c12cccnc1N=C(NC)C(c1cccs1)N=C2c1ccccc1,ADAr~DasdaaaasA{~DArataaaet}auaaaaau,30.33333333333333
CHEMBL472210,CCN1C2=NC(=O)N(C)C(=O)C2=Cc3ccccc13,1.1,c12n(CC)c3nc(=O)n(C)c(=O)c-3cc1cccc2,AADrAs~DA{~B}D{A}A{~B}As~Aataaaaart,56.666666666666664
CHEMBL480200,CN(C)c1cccc(c1)C(=O)Nc2ccc(C)c(c2)C(=O)Nc3cccnc3,3.01,c1(NC(=O)c2c(C)ccc(NC(c3cccc(N(C)C)c3)=O)c2)cccnc1,AD{A}araaaa{ar}A{~B}Dasaaa{A}a{as}A{~B}Dataaadat,24.83333333333334
CHEMBL1224285,NC(=O)c1ccc(O[C@H]2C[C@H]3CC[C@@H](C2)N3Cc4ccccc4)cn1,1.51,c1ccccc1CN1[C@@H]2CC[C@H]1C[C@@H](Oc1ccc(C(N)=O)nc1)C2,DA{~B}araaa{B{A*Q}sA{A*Q}tAA{A**Q}{As}DtAauaaaaau}adr,49.833333333333336
CHEMBL217899,CCc1nn(C2CCCC2)c3c1CCn4c(nnc34)c5cccs5,3.6,n1(C2CCCC2)c2c(c(CC)n1)CCn1c(-c3sccc3)nnc1-2,AAardd{AsAAAAs}atarAAdua{ddatu}avaaaev,14.999999999999998
CHEMBL361431,CCCN1CCC(CC1)Oc2nccc(Nc3cc(NC(=O)c4cccc(c4)N5CCOCC5)ccc3C)n2,2.6,C1CN(CCC)CCC1Oc1nc(Nc2c(C)ccc(NC(c3cccc(N4CCOCC4)c3)=O)c2)ccn1,AAADrAAA{AAr}Basdaaa{Dataa{DA{~B}auaaaa{au}DvAABAAv}aaatA}ds,31.666666666666668
CHEMBL1809205,COc1cc(ccc1Nc2ncc(Cl)c(n2)c3cnc4cc(C)ccn34)N5CCN(CC5)C(=O)C,3.3,c1(Cl)c(-c2n3c(nc2)cc(C)cc3)nc(Nc2ccc(N3CCN(C(=O)C)CC3)cc2OC)nc1,ABaraa{aaarDasdaa{Z}a{ds}atadauaa{A}aadtu}DvAAD{AAv}A{~B}A,20.000000000000004
CHEMBL2070121,COc1cnc(nc1N2CCOCC2)c3ccccn3,1.52,c1nc(-c2nc(N3CCOCC3)c(OC)cn2)ccc1,ABarada{darDsAABAAs}ataaaadt,49.666666666666664
CHEMBL2086674,C[C@@H]1CN(CCN1c2ncc(OCc3ccc(cn3)S(=O)(=O)C)cn2)C(=O)OC(C)(C)C,3.0,O(Cc1ncc(S(=O)(=O)C)cc1)c1cnc(N2CCN(C(OC(C)(C)C)=O)C[C@H]2C)nc1,A{A**Q}rAD{AADrasdaa{BAataaa{adt}E{~B}{~B}A}ads}A{~B}BA{A}{A}A,25.0
CHEMBL524266,Nc1nccc(n1)c2cc3C(=O)NC[C@H](CCF)c3[nH]2,0.51,c12[nH]c(-c3ccnc(N)n3)cc1C(=O)NC[C@@H]2CCF,Dardaaa{dr}asaatA{~B}DA{A*Q}{AAG}at{dQ}s,66.5
CHEMBL2011926,COc1ccc(cc1)c2nc3c(NCC4CCNCC4)c(Br)cnc3[nH]2,1.36,N(CC1CCNCC1)c1c(Br)cnc2c1nc(-c1ccc(OC)cc1)[nH]2,ABaraaa{aar}asdata{DAAuAADAAu}a{Y}adat{dQ}s,52.33333333333332
CHEMBL2153185,CCCSc1nc(Oc2ccc(CC(=O)O)cc2)ccc1C(=O)NC3CCCCC3,1.79,N(C(c1c(SCCC)nc(Oc2ccc(CC(O)=O)cc2)cc1)=O)C1CCCCC1,AAAEarda{Basaaa{AA{~B}B}aas}aaarA{~B}DAtAAAAAt,45.166666666666664
CHEMBL2036746,O=C(Nc1ccc(cc1)N2CCOCC2)c3oc(Nc4ccccc4)nn3,3.15,n1c(Nc2ccccc2)oc(C(Nc2ccc(N3CCOCC3)cc2)=O)n1,B~A{Daraaa{aar}DsAABAAs}atba{Dauaaaaau}ddt,22.5
CHEMBL1378202,CNC(=O)c1[nH]cnc1C(=O)Nc2ccc(OC)cc2,2.2,C(NC)(=O)c1[nH]cnc1C(Nc1ccc(OC)cc1)=O,ADA{~B}ar{dQ}adarA{~B}Dasaaa{BA}aas,38.33333333333333
CHEMBL1923430,Cc1ccc([nH]1)C(=O)NC2CCN(CC2)c3cc(cc(Cl)n3)C(=O)N,2.64,O=C(c1cc(Cl)nc(N2CCC(NC(=O)c3ccc(C)[nH]3)CC2)c1)N,Aaraaa{{dQ}r}A{~B}DAsAAD{AAs}ataa{aa{Z}dt}A{~B}D,31.0
CHEMBL193,COC(=O)C1=C(C)NC(=C(C1c2ccccc2[N+](=O)[O-])C(=O)OC)C,3.29,CC1=C(C(OC)=O)C(c2ccccc2[N+](=O)[O-])C(C(OC)=O)=C(C)N1,ABA{~B}Ar~A{A}DA{~A{Arasaaaaas{D%}{~B}{B_}}A{~B}BA}A,20.166666666666668
CHEMBL492671,Fc1ccc(CC2=NNC(=O)c3ccccc23)cc1C(=O)N4CCN(CC4)C(=O)C5CCCO5,0.9,C1OC(C(N2CCN(C(=O)c3c(F)ccc(Cc4n[nH]c(=O)c5ccccc45)c3)CC2)=O)CC1,Garaaa{AAs~DDA{~B}ataaaaast}aarA{~B}DuAAD{AAu}A{~B}AvAAABv,60.0
CHEMBL1824605,O=C(Nc1ccccc1)c2ccc(OCCCN3CCCC3)cc2OCc4ccccc4C#N,2.66,c1cccc(COc2c(C(Nc3ccccc3)=O)ccc(OCCCN3CCCC3)c2)c1C#N,B~A{Daraaaaar}asaaa{BAAADtAAAAt}aasBAauaaaaauA^D,30.666666666666668
CHEMBL292376,COc1cccc(c1)[C@@H](C)NCCCc2ccccc2Cl,3.0,c1c(Cl)c(CCCN[C@@H](c2cc(OC)ccc2)C)ccc1,ABaraaaa{ar}{A**Q}{A}DAAAasaaaaasZ,25.0
CHEMBL2031238,CN1CCN(CC1)c2ccc3N=CN(C(=O)c3c2)c4cc(NC(=O)c5cocc5)ccc4C,2.43,c1(-n2c(=O)c3c(nc2)ccc(N2CCN(C)CC2)c3)c(C)ccc(NC(c2ccoc2)=O)c1,ADrAAD{AAr}asaaatD~AD{A{~B}atas}auaa{DA{~B}avabaav}aaauA,34.49999999999999
CHEMBL2031225,COc1cccc(c1)C(=O)Nc2ccc(C)c(c2)N3C=Nc4ccc(cc4C3=O)N5CCN(C)CC5,3.08,n1c2c(cc(N3CCN(C)CC3)cc2)c(=O)n(-c2cc(NC(c3cc(OC)ccc3)=O)ccc2C)c1,ABaraaaa{ar}A{~B}Dasaaa{A}a{as}DtA~Dauaaa{aauAt~B}DvAAD{A}AAv,23.666666666666668
CHEMBL1940286,COc1ccc(CNC(=O)c2ccc(Oc3ccc(cc3)C#C[C@]4(O)CN5CCC4CC5)cc2)nc1,3.1,c1(C#C[C@@]2(O)C3CCN(CC3)C2)ccc(Oc2ccc(C(NCc3ccc(OC)cn3)=O)cc2)cc1,ABaraaa{ADA{~B}asaaa{Bataaa{aat}A^A{A*}u{B}ADvAAAuAAv}aas}dar,23.333333333333332
CHEMBL2087855,Cn1cc(cc1c2c3C(=O)N(CC#CCn4cncn4)C(=O)N(CC5CC5)c3nn2Cc6ccnc7ccc(Cl)cc67)C#N,3.43,c12c(Cn3nc4n(CC5CC5)c(=O)n(CC#CCn5ncnc5)c(=O)c4c3-c3cc(C#N)cn3C)ccnc1ccc(Cl)c2,Adraa{aarasatA{~B}D{AA^AAduadadu}A{~B}D{AAvAAv}atddsAawaadaxaaa{Z}aawx}A^D,17.833333333333332
CHEMBL1778870,CCNCc1cncc(n1)c2ccc(F)cc2OC,1.18,c1(-c2cncc(CNCC)n2)c(OC)cc(F)cc1,AADAaradaa{dr}asaaa{G}aasBA,55.333333333333336
CHEMBL1201256,COc1cc(cc(OC)c1OC)C(=O)NCc2ccc(OCCN(C)C)cc2,0.74,c1(OC)c(OC)cc(C(NCc2ccc(OCCN(C)C)cc2)=O)cc1OC,ABaraa{aa{BA}arBA}A{~B}DAasaaa{BAAD{A}A}aas,62.666666666666664
CHEMBL1783283,CCCNC(=O)c1nnc2c(c(F)ccc2c1N)c3ccc(OC)cc3OC,3.52,c1c(F)c(-c2c(OC)cc(OC)cc2)c2c(c(N)c(C(NCCC)=O)nn2)c1,AAADA{~B}arddasa{a{G}aaasarD}ataaa{BA}aatBA,16.333333333333332
CHEMBL2177777,CC(C)OC(=O)N1CCC(CC1)Oc2ncnc3N(CCc23)c4ccc(cc4F)S(=O)(=O)C,3.4,c1nc(OC2CCN(C(=O)OC(C)C)CC2)c2c(n1)N(c1ccc(S(C)(=O)=O)cc1F)CC2,AA{A}BA{~B}DrAAA{AAr}BasdadatD{AAast}auaaa{aauG}E{~B}{~B}A,18.333333333333336
CHEMBL350563,CCO\N=C(\C1CCN(CC1)C2(C)CCN(CC2)C(=O)c3c(Cl)cncc3Cl)/c4ccc(Br)cc4,4.0,c1ncc(Cl)c(C(=O)N2CCC(C)(N3CCC(/C(=N/OCC)c4ccc(Br)cc4)CC3)CC2)c1Cl,AAB!D~A{!ArAAD{AAr}As{A}AAD{AAs}A{~B}ata{Z}adaatZ}|auaaa{Y}aau,8.333333333333334
CHEMBL1807851,C[C@H]1O[C@H]([C@H](O)[C@@H]1O)n2cnc3c(N)nc(OCC4CC45CC5)nc23,1.78,c1(OCC2CC23CC3)nc(N)c2ncn([C@@H]3O[C@H](C)[C@@H](O)[C@H]3O)c2n1,A{A*Q}rB{A*Q}{{A*Q}{B}{A**Q}rB}dsadata{D}da{BAAuAAuvAAv}dast,45.333333333333336
CHEMBL1951894,CCN(C1CCN(CCC(N2CCN(CC2)c3cccc(F)c3)c4ccccc4)CC1)C(=O)Cc5ccc(cc5)S(=O)(=O)C,3.21,c1c(S(C)(=O)=O)ccc(CC(N(CC)C2CCN(CCC(c3ccccc3)N3CCN(c4cc(F)ccc4)CC3)CC2)=O)c1,AAD{ArAAD{AAA{DsAAD{AAs}ataaaa{G}at}auaaaaau}AAr}A{~B}Aavaaa{aav}E{~B}{~B}A,21.5
CHEMBL2171045,FC(F)(F)c1cccc(c1)S(=O)(=O)NC(=O)N2CCC(CC2)N3CCC(CC3)Oc4ccc(Cl)c(Cl)c4,2.94,O(c1ccc(Cl)c(Cl)c1)C1CCN(C2CCN(C(=O)NS(c3cccc(C(F)(F)F)c3)(=O)=O)CC2)CC1,GA{G}{G}araaaa{ar}E{~B}{~B}DA{~B}DsAAA{AAs}DtAAA{AAt}Bauaaa{Z}a{Z}au,26.0
CHEMBL1773959,OC(=O)CCC(=O)N1CCC(CC1)c2onc(n2)c3cccs3,-1.27,c1csc(-c2noc(C3CCN(C(CCC(O)=O)=O)CC3)n2)c1,BA{~B}AAA{~B}DrAAA{AAr}asbda{ds}ataaaet,96.16666666666667
CHEMBL276030,Oc1ccc2C(=O)N(C(=O)c2c1)c3ccccc3,2.3,c1c(O)cc2c(c1)C(=O)N(c1ccccc1)C2=O,BaraaasA{~B}D{A{~B}asar}ataaaaat,36.66666666666667
CHEMBL1916545,COc1ccc2C=CC(=O)N(CCN3CCC(CC3)NCc4cc5OCCOc5cn4)c2n1,1.16,C(c1cc2c(cn1)OCCO2)NC1CCN(CCn2c3c(ccc2=O)ccc(OC)n3)CC1,ABaraaasA~AA{~B}D{AADtAAA{AAt}DAauaavBAABavadu}asdr,55.666666666666664
CHEMBL1526762,Cc1cc(C)nc(SCC(=O)N)n1,0.23,n1c(C)cc(C)nc1SCC(N)=O,Aaraa{A}da{EAA{~B}D}dr,71.16666666666666
CHEMBL388336,Cc1oc(CN2NC(=O)C3=C(C2=O)C(=O)c4ccc(Cl)cc4N3)cc1C,1.0,n1(Cc2oc(C)c(C)c2)c(=O)c2c(=O)c3c([nH]c2c(=O)[nH]1)cc(Cl)cc3,Aarba{ADsDA{~B}At~A{As~B}A{~B}auaaa{Z}aauDt}aarA,58.333333333333336
CHEMBL1807869,O[C@@H](CNCCCSCCNCCc1cccc(Cl)c1)c2ccc(O)c3NC(=O)Sc23,1.06,c1c(O)c2c(sc(=O)[nH]2)c([C@H](CNCCCSCCNCCc2cccc(Cl)c2)O)c1,B{A**Q}{ADAAAEAADAAaraaaa{Z}ar}asaaa{B}atDA{~B}East,57.333333333333336
CHEMBL1027,Cc1ccsc1C(=CCCN2CCC[C@H](C2)C(=O)O)c3sccc3C,1.49,C(CC=C(c1c(C)ccs1)c1c(C)ccs1)N1C[C@H](C(O)=O)CCC1,AaraaearA{~AAADsAAA{A*Q}{As}A{~B}B}ateaaatA,50.166666666666664
CHEMBL406,CC1Cc2ccccc2N1NC(=O)c3ccc(Cl)c(c3)S(=O)(=O)N,1.83,C(NN1c2c(cccc2)CC1C)(=O)c1cc(S(=O)(N)=O)c(Cl)cc1,AArAasaaaaasDrDA{~B}ataaa{Z}a{at}E{~B}{~B}D,44.5
CHEMBL1689135,C[C@H]1CN(Cc2cc(Cl)ccc2CC(=O)O)CCN1C(=O)Cc3ccc(Cl)cc3,1.66,C(Cc1ccc(Cl)cc1)(N1[C@@H](C)CN(Cc2c(CC(=O)O)ccc(Cl)c2)CC1)=O,A{A*Q}rAD{Aasaa{Z}aaasAA{~B}B}AADrA{~B}Aataaa{Z}aat,47.333333333333336
CHEMBL451286,C[C@@](N)(Cc1ccccc1)c2ccccc2,1.7,c1cc([C@@](N)(C)Cc2ccccc2)ccc1,A{A**}{D}{Aaraaaaar}asaaaaas,46.666666666666664
CHEMBL1643195,Cc1cc(CN2Cc3ccccc3C2C(=O)Nc4cc(Cl)ccc4Cl)ccc1OCC(=O)O,2.19,c1c(Cl)cc(NC(=O)C2c3c(cccc3)CN2Cc2cc(C)c(OCC(=O)O)cc2)c(Cl)c1,Aaraa{ADsAataaaaatAsA{~B}Dauaa{Z}aaauZ}aaarBAA{~B}B,38.5
CHEMBL1934266,CCC(CC)NC(=O)c1c(C)nn(C(C)C)c1NS(=O)(=O)c2ccc(C)cc2,0.92,c1cc(S(Nc2n(C(C)C)nc(C)c2C(=O)NC(CC)CC)(=O)=O)ccc1C,AAA{AA}DA{~B}ara{A}dd{A{A}A}arDE{~B}{~B}asaaa{A}aas,59.666666666666664
CHEMBL2059871,Cc1ccc(cc1NC(=O)c2ccc(OCc3ccccn3)cc2)c4cc(n[nH]4)C(F)(F)F,2.44,c1cc(-c2[nH]nc(C(F)(F)F)c2)cc(NC(c2ccc(OCc3ccccn3)cc2)=O)c1C,Aaraaa{aarDA{~B}asaaa{BAataaaadt}aas}auaa{d{dQ}u}A{G}{G}G,34.333333333333336
CHEMBL54429,ONC(=O)Cc1ccc(OCc2ccccc2)cc1,1.92,C(C(=O)NO)c1ccc(OCc2ccccc2)cc1,BDA{~B}Aaraaa{BAasaaaaas}aar,43.0
CHEMBL1271081,CS(=O)(=O)c1cccc(Nc2nccc(n2)N(CC#N)c3c(Cl)ccc4OCOc34)c1,3.16,c1c(S(=O)(C)=O)cccc1Nc1nc(N(c2c3c(ccc2Cl)OCO3)CC#N)ccn1,AE{~B}{~B}araaaa{Dasdaaa{ds}D{AA^D}ata{Z}aaauBABatu}ar,22.333333333333332
CHEMBL514980,CN(CCOc1ccccc1c2cc(C(=O)N)c(NC(=O)N)s2)Cc3ccccc3,3.46,N(C(=O)N)c1sc(-c2c(OCCN(Cc3ccccc3)C)cccc2)cc1C(N)=O,AD{AABaraaaaarasaa{A{~B}D}a{DA{~B}D}es}Aataaaaat,17.333333333333332
CHEMBL78951,Nc1nc(N)c2nc(CO)cnc2n1,-0.45,n1c(N)c2c(nc1N)ncc(CO)n2,Darda{D}asda{AB}adasdr,82.5
CHEMBL255044,CCOC(=O)Nc1ccc(NCc2ccc(F)cc2)nc1N,2.22,c1c(CNc2nc(N)c(NC(=O)OCC)cc2)ccc(F)c1,AABA{~B}Daraaa{DAasaaa{G}aas}darD,37.99999999999999
CHEMBL157063,OC(=O)c1ccccc1NC(=O)Nc2ccccc2,-0.12,c1cc(NC(Nc2ccccc2)=O)c(C(=O)O)cc1,BA{~B}araaaaarDA{~B}Dasaaaaas,77.0
CHEMBL2325989,CC(NC(=O)C1(N)CCN(CC1)c2ncnc3[nH]ccc23)c4ccccn4,1.3,C1(C(=O)NC(c2ccccn2)C)(N)CCN(c2ncnc3[nH]ccc23)CC1,AA{DA{~B}Ar{D}AAD{AAr}asdadat{dQ}aaast}auaaaadu,53.333333333333336
CHEMBL602365,Cc1nc(NC(=N)N)nc2ccccc12,-0.49,c1(NC(=N)N)nc2ccccc2c(C)n1,Aarda{DA{~D}D}dasaaaaars,83.16666666666667
CHEMBL508129,CNC(=O)c1ccc(Nc2nccc(n2)c3cnc(C)n3C(C)C)cc1,2.69,CNC(c1ccc(Nc2nc(-c3cnc(C)n3C(C)C)ccn2)cc1)=O,ADA{~B}araaa{Dasdaaa{ds}atada{A}dtA{A}A}aar,30.166666666666668
CHEMBL1726,COC(=O)C1=C(C)NC(=C(C1c2ccccc2[N+](=O)[O-])C(=O)OCC(C)C)C,3.59,c1cccc(C2C(C(=O)OC)=C(C)NC(C)=C2C(=O)OCC(C)C)c1[N+](=O)[O-],ABA{~B}Ar~A{A}DA{~A{Arasaaaaas{D%}{~B}{B_}}A{~B}BAA{A}A}A,15.16666666666667
CHEMBL833,Clc1ccccc1CN2CCc3sccc3C2,3.46,s1ccc2c1CCN(Cc1ccccc1Cl)C2,ZaraaaaarADsAAateaaatAs,17.333333333333332
CHEMBL483254,Cc1[nH]c2ccccc2c1CCNCc3ccc(\C=C\C(=O)NO)cc3,1.1,c1c(CNCCc2c(C)[nH]c3c2cccc3)ccc(/C=C/C(NO)=O)c1,Aar{dQ}asaaaaasarAADAataaa{!A~A!A{~B}DB}aat,56.666666666666664
CHEMBL233447,OCCN1C(=O)C(Cc2ccccc12)NC(=O)c3cc4cc(Cl)sc4[nH]3,3.05,OCCN1C(=O)C(NC(c2[nH]c3sc(Cl)cc3c2)=O)Cc2ccccc21,BAADrA{~B}A{Aasaaaaars}DA{~B}ataauaa{Z}eau{dQ}t,24.16666666666667
CHEMBL1224217,NC(=O)c1ccc(O[C@H]2C[C@H]3CC[C@@H](C2)N3Cc4ccccc4)nc1,1.25,C1[C@H]2N(Cc3ccccc3)[C@H](C[C@@H](Oc3ccc(C(=O)N)cn3)C2)C1,DA{~B}araaa{B{A*Q}sA{A*Q}tAA{A**Q}{As}DtAauaaaaau}dar,54.166666666666664
CHEMBL1288306,NC(=O)c1cnc(N[C@H]2CCCNC2)c3cc(Br)sc13,1.08,C1C[C@H](Nc2c3cc(Br)sc3c(C(N)=O)cn2)CNC1,DA{~B}arada{D{A*Q}sAAADAs}ataa{Y}eart,57.0
CHEMBL1916272,CCC(CC)NC(=O)c1c(C)nn(c1NS(=O)(=O)c2ccc(C)cc2)c3ccccc3,1.35,c1cc(-n2nc(C)c(C(=O)NC(CC)CC)c2NS(c2ccc(C)cc2)(=O)=O)ccc1,AAA{AA}DA{~B}ara{A}dd{arDE{~B}{~B}asaaa{A}aas}ataaaaat,52.5
CHEMBL2036745,OC(=O)C[C@@H]1CC[C@H](CC1)c2ccc(NC(=O)c3oc(Nc4ccccc4F)nn3)cc2,2.48,c1cccc(Nc2nnc(C(Nc3ccc([C@H]4CC[C@H](CC(=O)O)CC4)cc3)=O)o2)c1F,BA{~B}A{A**Q}rAA{A*Q}{AAr}asaaa{DA{~B}atba{DauaaaaauG}ddt}aas,33.666666666666664
CHEMBL1789155,NCC[C@@H](Sc1cc(Cl)ccc1C#N)c2ccccc2,1.26,C(c1ccc(Cl)cc1S[C@@H](c1ccccc1)CCN)#N,DAA{A**Q}{Earaa{Z}aaarA^D}asaaaaas,54.0
CHEMBL2163589,FC(F)(F)Oc1cccc2c3CN(CCc3[nH]c12)C(=O)[C@@H]4CCCC[C@H]4C(=O)NC5(CC5)C#N,4.01,C1C(C#N)(NC([C@H]2[C@H](C(=O)N3CCc4c(c5cccc(OC(F)(F)F)c5[nH]4)C3)CCCC2)=O)C1,GA{G}{G}BaraaaasatAD{AAat{dQ}ars}A{~B}{A**Q}uAAAA{A*Q}uA{~B}DAv{AAv}A^D,8.16666666666667
CHEMBL2036754,Clc1ccc(NC(=O)N2CCN(C[C@@H]3CCCN(CC4CC4)C3)CC2)cc1Cl,2.54,C1CN(CC2CC2)C[C@H](CN2CCN(C(=O)Nc3ccc(Cl)c(Cl)c3)CC2)C1,Zaraaa{DA{~B}DsAAD{A{A**Q}tAAAD{AAuAAu}At}AAs}aarZ,32.666666666666664
CHEMBL2031221,CN1CCN(CC1)c2ccc3N=CN(C(=O)c3c2)c4cc(NC(=O)c5cccc(c5)N6CCOCC6)ccc4C,2.69,N(c1ccc(C)c(-n2cnc3c(cc(N4CCN(C)CC4)cc3)c2=O)c1)C(c1cc(N2CCOCC2)ccc1)=O,ADrAAD{AAr}asaaatD~AD{A{~B}atas}auaa{DA{~B}avaaaa{av}DwAABAAw}aaauA,30.166666666666668
CHEMBL550902,OC(=O)c1cncc(c1)c2ccc(Cl)c(c2)C(=O)NCC34CC5CC(CC(C5)C3)C4,0.85,O=C(NCC12CC3CC(CC(C3)C1)C2)c1cc(-c2cc(C(=O)O)cnc2)ccc1Cl,BA{~B}aradaa{ar}asaaa{Z}a{as}A{~B}DAAtuAAvAA{AA{Av}At}Au,60.833333333333336
CHEMBL473622,COc1cncc(NC(=O)c2cc(NC(=O)c3cccc(c3)C(C)(C)C#N)ccc2C)c1,3.04,c1c(NC(=O)c2cc(C(C#N)(C)C)ccc2)cc(C(=O)Nc2cncc(OC)c2)c(C)c1,ABaradaa{DA{~B}asaa{DA{~B}ataaaa{at}A{A}{A}A^D}aaasA}ar,24.333333333333332
CHEMBL149979,Nc1nc(nc2c1nc(O)n2Cc3ccccc3)c4ccccc4,4.16,c1ccccc1Cn1c2nc(-c3ccccc3)nc(N)c2nc1O,Darda{dasarda{B}dsAataaaaat}auaaaaau,5.666666666666664
CHEMBL433282,[O-][N+](=O)c1ccc2c(c1)C(=O)C(=O)c3ccccc23,2.42,c1cc2c(cc1[N+]([O-])=O)C(=O)C(=O)c1ccccc1-2,{B_}{D%}{~B}araaasa{ar}A{~B}A{~B}ataaaaast,34.666666666666664
CHEMBL1231683,CC(C)Nc1ccc2cnn(c3cncc(n3)n4ccc(CC(=O)O)c4)c2c1,1.24,c1c(CC(O)=O)ccn1-c1nc(-n2ncc3c2cc(NC(C)C)cc3)cnc1,AA{A}Daraaasadd{atadaa{dt}duaaa{AA{~B}B}au}asar,54.333333333333336
CHEMBL2177906,NC1=NC(c2cccc(c2)c3cncnc3)(c4ccnc(c4)C(F)(F)F)c5cccc(F)c15,3.4,Fc1c2c(ccc1)C(c1cc(-c3cncnc3)ccc1)(c1cc(C(F)(F)F)ncc1)N=C2N,DAr~DA{asaaaa{as}atadadat}{auaada{au}A{G}{G}G}avaaaa{G}arv,18.333333333333336
CHEMBL2070944,Cc1sc(nc1C(F)(F)F)N2CCN(CC2)C(=O)[C@@H]3CCCC[C@H]3C(=O)NC4(CC4)C#N,2.87,s1c(C)c(C(F)(F)F)nc1N1CCN(C(=O)[C@H]2[C@H](C(=O)NC3(C#N)CC3)CCCC2)CC1,Aarea{darA{G}{G}G}DsAAD{AAs}A{~B}{A**Q}tAAAA{A*Q}tA{~B}DAu{AAu}A^D,27.166666666666668
CHEMBL207130,COc1cc2ncnc(Nc3cccc(Cl)c3F)c2cc1CN(C)C4(CCN(C)CC4)C(=O)N,2.16,c1(Cl)cccc(Nc2ncnc3c2cc(CN(C2(C(=O)N)CCN(C)CC2)C)c(OC)c3)c1F,ABaraasdada{Dataaaa{Z}atG}asaarAD{A}Au{AAD{A}AAu}A{~B}D,39.0
CHEMBL93404,COC(=O)c1c(C)[nH]c(C)c1C(=O)c2ccccc2Cl,2.7,O(C)C(c1c(C(c2ccccc2Cl)=O)c(C)[nH]c1C)=O,ABA{~B}ara{A}{dQ}a{A}arA{~B}asaaaaasZ,29.999999999999996
CHEMBL2011906,CNc1c(Br)cnc2[nH]c(nc12)c3ccc(O)cc3,2.47,[nH]1c2c(c(NC)c(Br)cn2)nc1-c1ccc(O)cc1,ADara{Y}adas{dQ}a{dars}ataaa{B}aat,33.83333333333333
CHEMBL412083,CCNC(=O)c1ccc(CN2CCC(CC2)c3ccc(cc3)C(=O)Nc4ccccc4N)cc1,2.24,c1ccc(N)c(NC(=O)c2ccc(C3CCN(Cc4ccc(C(=O)NCC)cc4)CC3)cc2)c1,AADA{~B}araaa{ADsAAA{AAs}ataaa{aat}A{~B}DauaaaaauD}aar,37.666666666666664
CHEMBL1762544,COCCOc1cc(Nc2nccc(n2)N(C)c3cc(CO)ccc3C)cc(c1)N4CCOCC4,3.3,O(C)CCOc1cc(N2CCOCC2)cc(Nc2nccc(N(c3cc(CO)ccc3C)C)n2)c1,ABAABaraa{Dasdaaa{ds}D{A}ataa{AB}aaatA}aa{ar}DuAABAAu,20.000000000000004
CHEMBL574621,COc1cc(Nc2cc(Oc3cccnc3)ccn2)cc(OC)c1OC,2.66,c1(Oc2cccnc2)cc(Nc2cc(OC)c(OC)c(OC)c2)ncc1,ABaraa{Dasaa{Bataaadat}aads}aa{BA}arBA,30.666666666666668
CHEMBL1963249,C[C@@H]1CN[C@@H](C2CC2)C(=O)N(C)[C@H](C)C(=O)N[C@H](Cc3ccc(F)cc3)C(=O)NCCCc4ccccc4O1,3.3,N1C[C@@H](C)Oc2ccccc2CCCNC(=O)[C@@H](Cc2ccc(F)cc2)NC(=O)[C@@H](C)N(C)C(=O)[C@@H]1C1CC1,A{A**Q}rAD{A**Q}{AsAAs}A{~B}D{A}{A*Q}{A}A{~B}D{A*Q}{Aataaa{G}aat}A{~B}DAAAauaaaaauBr,20.000000000000004
CHEMBL1682959,CC[C@H](NC(=O)c1c([S+](C)[O-])c(nc2c(F)cccc12)c3ccccc3)c4ccccc4,2.84,c1c(-c2nc3c(F)cccc3c(C(=O)N[C@H](c3ccccc3)CC)c2[S+](C)[O-])cccc1,AA{A*Q}{DA{~B}ara{{E%}{A}{B_}}a{dasa{G}aaaars}ataaaaat}auaaaaau,27.666666666666668
CHEMBL1308362,Cc1ccc2cc(C)c3nnc(SCC(=O)N4CCN(CC4)C(=O)c5occc5)n3c2c1,2.3,c1c(C)c2nnc(SCC(=O)N3CCN(C(c4occc4)=O)CC3)n2c2cc(C)ccc12,Aaraaasaa{A}atdda{EAA{~B}DuAAD{AAu}A{~B}avbaaav}dtasar,36.66666666666667
CHEMBL117368,Nc1ccc2cccc(Nc3ncccn3)c2n1,2.7,n1c(Nc2cccc3ccc(N)nc23)nccc1,Daraaasaaaa{Datdaaadt}asdr,29.999999999999996
CHEMBL179043,O=C1C=C(N=C2C=CC=CN12)N3CCOCC3,1.0,c1cn2c(=O)cc(N3CCOCC3)nc2cc1,B~ArA~A{D~AsA~AA~ADrs}DtAABAAt,58.333333333333336
CHEMBL2321998,Clc1ccc(cc1Cl)C2CNCC=CC2,1.86,c1c(C2CNCC=CC2)cc(Cl)c(Cl)c1,Zaraaa{aarZ}AsADAA~AAs,43.99999999999999
CHEMBL591023,Oc1cc(O)c2C(=O)C(=COc2c1)c3ccc4OCOc4c3,3.5,c1c(O)cc2occ(-c3ccc4c(c3)OCO4)c(=O)c2c1O,Baraa{B}asA{~B}A{~ABasar}ataaauBABauat,16.666666666666668
CHEMBL289959,N(c1ccccc1)c2ncnc3ccccc23,2.94,c1(Nc2ncnc3ccccc23)ccccc1,D{araaaaar}asdadataaaaast,26.0
CHEMBL1824039,FC(F)(F)Oc1ccc2OCC(=O)N(CCN3CCC(CC3)NCc4ccc5OCC(=O)Nc5n4)c2c1,1.82,C1CN(CCN2c3cc(OC(F)(F)F)ccc3OCC2=O)CCC1NCc1nc2c(cc1)OCC(=O)N2,GA{G}{G}BaraaasBAA{~B}D{AADtAAA{AAt}DAauaaavBAA{~B}Davdu}asar,44.666666666666664
CHEMBL471584,Nc1c(NC2CCCCC2)nc(nc1N3CCOCC3)C#N,2.81,C1CCC(Nc2nc(C#N)nc(N3CCOCC3)c2N)CC1,Dara{DAsAAAAAs}da{darDtAABAAt}A^D,28.166666666666668
CHEMBL86715,OC(CCN1CCCC1)(C2CCCCC2)c3ccccc3,1.78,C1CCCN1CCC(C1CCCCC1)(O)c1ccccc1,BA{AADrAAAAr}{AsAAAAAs}ataaaaat,45.333333333333336
CHEMBL1779012,COc1cc(F)ccc1c2cncc(CNC(=O)c3cnccn3)c2,2.5,c1c(-c2c(OC)cc(F)cc2)cncc1CNC(c1nccnc1)=O,ABaraa{G}aaarasadaa{ADA{~B}atadaadt}as,33.333333333333336
CHEMBL1487890,COc1cc(cc(OC)c1OC)c2nnc(S)n2c3cccc(c3)C(F)(F)F,2.27,c1(C(F)(F)F)cc(-n2c(S)nnc2-c2cc(OC)c(OC)c(OC)c2)ccc1,ABaraa{aa{BA}arBA}asdda{E}dsataaaa{at}A{G}{G}G,37.166666666666664
CHEMBL453222,COCCOc1ccc(cc1)c2cc(C(=O)N)c(NC(=O)N)s2,2.34,c1(-c2sc(NC(=O)N)c(C(N)=O)c2)ccc(OCCOC)cc1,ABAABaraaa{aar}asaa{A{~B}D}a{DA{~B}D}es,36.0
CHEMBL218006,C[C@H](NC1=NC(=O)[C@](C)(S1)C(F)(F)F)c2ccccc2F,3.1,N([C@@H](C)c1ccccc1F)C1=NC(=O)[C@@](C)(C(F)(F)F)S1,A{A*Q}{DAr~DA{~B}{A*}{A}{Er}A{G}{G}G}asaaaaasG,23.333333333333332
CHEMBL1703687,Fc1ccc(NC(=S)N2CCC(CC2)C(=O)c3ccc(F)cc3)cc1,3.4,C1N(C(Nc2ccc(F)cc2)=S)CCC(C(=O)c2ccc(F)cc2)C1,Garaaa{DA{~E}DsAAA{AAs}A{~B}ataaa{G}aat}aar,18.333333333333336
CHEMBL1779005,COc1cc(F)ccc1c2cccc(CNC3CCCC3)n2,2.06,C1C(NCc2cccc(-c3ccc(F)cc3OC)n2)CCC1,ABaraa{G}aaarasaaaa{ADAtAAAAt}ds,40.666666666666664
CHEMBL455468,CC(C)n1c(C)ncc1c2ccnc(Nc3ccc(cc3)C(=O)NC4CCN(C)CC4)n2,1.87,c1nc(C)n(C(C)C)c1-c1ccnc(Nc2ccc(C(=O)NC3CCN(C)CC3)cc2)n1,AA{A}dra{A}daarasaada{Dataaa{aat}A{~B}DAuAAD{A}AAu}ds,43.833333333333336
CHEMBL222519,NS(=O)(=O)c1cccc2c3nc(O)c(O)nc3cc(c12)[N+](=O)[O-],0.36,c1(S(N)(=O)=O)c2c([N+](=O)[O-])cc3c(c2ccc1)nc(O)c(O)n3,DE{~B}{~B}araaaasatda{B}a{B}dataa{ars}{D%}{~B}{B_},68.99999999999999
CHEMBL471951,Nc1c(nc(nc1N2CCOCC2)C#N)N3CCCCC3,2.71,Nc1c(N2CCCCC2)nc(C#N)nc1N1CCOCC1,Dara{da{darDsAABAAs}A^D}DtAAAAAt,29.833333333333332
CHEMBL559478,Brc1ccc(OC(=O)N2CCN3CCC2CC3)cc1,1.58,c1(OC(=O)N2C3CCN(CC2)CC3)ccc(Br)cc1,Yaraaa{BA{~B}DsAADtAAAsAAt}aar,48.666666666666664
CHEMBL2018954,COc1ccc(COc2nc(Br)cnc2NS(=O)(=O)c3ccc(C)cc3)cc1OCCN(C)C,1.68,c1(OCc2ccc(OC)c(OCCN(C)C)c2)nc(Br)cnc1NS(c1ccc(C)cc1)(=O)=O,ABaraaa{ABasda{Y}adasDE{~B}{~B}ataaa{A}aat}aarBAAD{A}A,47.0
CHEMBL212731,CCN(C1CCN(CC[C@H](c2ccc(cc2)S(=O)(=O)C)c3cccc(F)c3)CC1)C(=O)Cc4ccc(cc4)S(=O)(=O)C,2.9,C1CN(CC[C@H](c2ccc(S(C)(=O)=O)cc2)c2cccc(F)c2)CCC1N(C(Cc1ccc(S(C)(=O)=O)cc1)=O)CC,AAD{ArAAD{AA{A*Q}{asaaa{aas}E{~B}{~B}A}ataaaa{G}at}AAr}A{~B}Aauaaa{aau}E{~B}{~B}A,26.666666666666668
CHEMBL183843,COc1ccc(cc1OC)C(=O)Nc2cccc(NC(=O)c3cccc(c3)N(C)C)c2,3.67,O(C)c1c(OC)cc(C(=O)Nc2cccc(NC(c3cc(N(C)C)ccc3)=O)c2)cc1,ABaraaa{aarBA}A{~B}Dasaaaa{DA{~B}ataaaa{at}D{A}A}as,13.833333333333334
CHEMBL1689116,OC(=O)COc1ccc(Cl)cc1CN2CCC(CC2)S(=O)(=O)c3ccccc3,0.48,c1(CN2CCC(S(=O)(=O)c3ccccc3)CC2)cc(Cl)ccc1OCC(=O)O,BA{~B}ABaraaa{Z}aarADsAAA{AAs}E{~B}{~B}ataaaaat,66.99999999999999
CHEMBL384260,COc1cc(OC2CCN(C)CC2)c3c(Nc4cccc5OCOc45)ncnc3c1,3.02,c1ccc2c(c1Nc1ncnc3cc(OC)cc(OC4CCN(C)CC4)c31)OCO2,ABaraa{BAsAAD{A}AAs}ata{DauaaaavBABauv}dadatar,24.666666666666668
CHEMBL212521,CC[C@H](N)C(=O)N[C@@H](Cc1ccc(cc1)c2ccccc2)C#N,2.6,c1(C[C@H](NC(=O)[C@@H](N)CC)C#N)ccc(-c2ccccc2)cc1,AA{A*Q}{D}A{~B}D{A**Q}{Aaraaa{aar}asaaaaas}A^D,31.666666666666668
CHEMBL1688458,OC(=O)CCc1ccc(OCc2cccc(Oc3ccccc3)c2)cc1,2.47,c1(OCc2cc(Oc3ccccc3)ccc2)ccc(CCC(=O)O)cc1,BA{~B}AAaraaa{BAasaaaa{Bataaaaat}as}aar,33.83333333333333
CHEMBL1809057,COc1cc(ccc1Nc2ncc(Cl)c(n2)c3cnc4ccccn34)C(CO)CO,3.1,OCC(CO)c1cc(OC)c(Nc2ncc(Cl)c(-c3cnc4ccccn34)n2)cc1,ABaraa{aaarDasdaa{Z}a{ds}atadauaaaadtu}A{AB}AB,23.333333333333332
CHEMBL2017291,COc1cc2c3N([C@H](C)c4ccccn4)C(=O)Nc3cnc2cc1c5c(C)onc5C,3.15,O(C)c1cc2c(ncc3[nH]c(=O)n([C@H](C)c4ncccc4)c23)cc1-c1c(C)onc1C,ABaraasatD{{A*Q}{A}auaaaadu}A{~B}Datadasaarava{A}bdavA,22.5
CHEMBL202721,COc1cc2c(Nc3ccc(NC(=O)c4ccccc4)cc3)ncnc2cc1OCCCN5CCOCC5,3.5,C1CN(CCCOc2cc3ncnc(Nc4ccc(NC(=O)c5ccccc5)cc4)c3cc2OC)CCO1,ABaraasa{Dataaa{DA{~B}auaaaaau}aat}dadasaarBAAADvAABAAv,16.666666666666668
CHEMBL520003,CNS(=O)(=O)c1ccc(Nc2nccc(n2)c3cnc4cccnn34)cc1,2.8,n1cc(-c2nc(Nc3ccc(S(NC)(=O)=O)cc3)ncc2)n2c1cccn2,ADE{~B}{~B}araaa{Dasdaaa{ds}atadauaaaddtu}aar,28.33333333333334
CHEMBL2001019,OCCn1cc(cn1)c2cnc3nnn(Cc4ccc5ncccc5c4)c3n2,1.7,c1cc2ncccc2cc1Cn1nnc2ncc(-c3cn(CCO)nc3)nc12,BAAdraa{adr}asadatddd{Aauaaavdaaaavau}atds,46.666666666666664
CHEMBL2325730,NC(=O)C(NC(=O)C1(N)CCN(CC1)c2ncnc3[nH]ccc23)c4ccc(Cl)cc4,2.2,NC1(C(=O)NC(c2ccc(Cl)cc2)C(=O)N)CCN(c2ncnc3[nH]ccc23)CC1,DA{~B}A{DA{~B}Ar{D}AAD{AAr}asdadat{dQ}aaast}auaaa{Z}aau,38.33333333333333
CHEMBL2144138,NC(=O)C1CCN(CC(=O)Nc2ccc3OCOc3c2)CC1,0.4,C1C(C(N)=O)CCN(CC(Nc2cc3c(cc2)OCO3)=O)C1,DA{~B}ArAAD{AA{~B}DasaaatBABatas}AAr,68.33333333333333
CHEMBL143181,CC(O)(C(=O)Nc1ccc(cc1)S(=O)(=O)c2ccccc2)C(F)(F)F,2.98,c1cc(S(c2ccccc2)(=O)=O)ccc1NC(=O)C(C)(O)C(F)(F)F,AA{B}{A{~B}Daraaa{aar}E{~B}{~B}asaaaaas}A{G}{G}G,25.333333333333332
CHEMBL1240967,CC(C)(Cc1cccc(CC(=O)NCc2cccc(c2)c3ccc(O)cc3)c1)NC[C@H](O)c4ccc(O)c(NS(=O)(=O)C)c4,1.91,c1(-c2cc(CNC(Cc3cc(CC(NC[C@H](O)c4ccc(O)c(NS(C)(=O)=O)c4)(C)C)ccc3)=O)ccc2)ccc(O)cc1,AA{A}{Aaraaaa{AA{~B}DAasaaaa{as}ataaa{B}aat}ar}DA{A*Q}{B}auaaa{B}a{DE{~B}{~B}A}au,43.166666666666664
CHEMBL1762549,COCCN(c1ccnc(Nc2cc(cc(c2)N3CCOCC3)N4CCOCC4)n1)c5cc(CO)ccc5C,2.8,N(c1cc(N2CCOCC2)cc(N2CCOCC2)c1)c1nc(N(c2c(C)ccc(CO)c2)CCOC)ccn1,ABAAD{araada{Dasaa{aa{as}DtAABAAt}DuAABAAu}dr}avaa{AB}aaavA,28.33333333333334
CHEMBL2171278,Cc1ccc(NC(=O)[C@@H]2CCCN2S(=O)(=O)c3cccc4cccnc34)c(C)c1,3.8,c1cc(C)cc(C)c1NC([C@H]1N(S(=O)(c2c3ncccc3ccc2)=O)CCC1)=O,Aaraaa{DA{~B}{A**Q}sAAADsE{~B}{~B}ataaaauaaadatu}a{A}ar,11.66666666666667
CHEMBL555033,OCCCNc1ccc2c(NC(=O)CC3CCCCC3)c(Cl)ccc2n1,3.29,C1CCCC(CC(=O)Nc2c3ccc(NCCCO)nc3ccc2Cl)C1,BAAADaraaasa{DA{~B}AAtAAAAAt}a{Z}aaasdr,20.166666666666668
CHEMBL1381233,O=C(Nc1ccncc1)c2cccc3ccccc23,3.1,c1cc2cccc(C(Nc3ccncc3)=O)c2cc1,B~A{Daraadaar}asaaaataaaaast,23.333333333333332
CHEMBL2164740,O[C@@H]1CN(CCN2C(=O)C=Cc3ccc(cc23)C#N)CC[C@@H]1NCc4cc5OCCOc5cn4,0.46,N([C@@H]1[C@H](O)CN(CCn2c3cc(C#N)ccc3ccc2=O)CC1)Cc1cc2c(cn1)OCCO2,B{A**Q}rAD{AADsA{~B}A~Aataaa{aast}A^D}AA{A**Q}rDAauaavBAABavadu,67.33333333333333
CHEMBL1257599,CNc1ncnc2c(CNc3cc(NC(=O)c4ccc5OCCOc5c4)ccc3C)cccc12,4.0,c12ccc(C(Nc3ccc(C)c(NCc4c5ncnc(NC)c5ccc4)c3)=O)cc1OCCO2,ADardadasa{ADataa{DA{~B}auaaavBAABavau}aaatA}aaaars,8.333333333333334
CHEMBL365458,Oc1cccc2nc(cc(O)c12)c3ccccc3,3.37,c12cccc(O)c1c(O)cc(-c1ccccc1)n2,Baraaaasda{aa{B}ars}ataaaaat,18.833333333333332
CHEMBL386996,CC(C)Oc1cc(OCCN2CCN(CC2)C(=O)C)cc3ncnc(Nc4c(F)ccc5OCOc45)c13,3.06,C(CN1CCN(C(C)=O)CC1)Oc1cc(OC(C)C)c2c(ncnc2Nc2c3c(ccc2F)OCO3)c1,AA{A}Baraa{BAADsAAD{AAs}A{~B}A}aatdada{Daua{G}aaavBABauv}art,24.0
CHEMBL1519921,NC(=O)Cc1nc(cs1)c2ccccc2,1.3,n1c(CC(=O)N)scc1-c1ccccc1,DA{~B}Aarda{aer}asaaaaas,53.333333333333336
CHEMBL290548,COC(=O)N1CCN(C(CC(=O)NCc2ccc3OCOc3c2)C1)c4ccnc(n4)n5ccnc5,1.88,c1nccn1-c1nc(N2C(CC(=O)NCc3cc4c(cc3)OCO4)CN(C(OC)=O)CC2)ccn1,ABA{~B}DrAAD{A{AA{~B}DAasaaatBABatas}Ar}auaada{du}dvaadav,43.666666666666664
CHEMBL21640,C(C1NCCc2ccccc12)c3ccccc3,1.89,c1cc(CC2c3ccccc3CCN2)ccc1,A{ArDAAasaaaaars}ataaaaat,43.50000000000001
CHEMBL87543,CC(C)N1CCC(CC1)N(C(=O)Cc2ccccc2)c3ccc(Cl)cc3,2.3,N1(C(C)C)CCC(N(C(=O)Cc2ccccc2)c2ccc(Cl)cc2)CC1,AA{A}DrAAA{AAr}D{A{~B}Aasaaaaas}ataaa{Z}aat,36.66666666666667
CHEMBL183709,CN(C1CCN(CCC(c2ccccc2)c3ccccc3)CC1)C(=O)Cc4ccc(O)cc4,3.3,c1(C(c2ccccc2)CCN2CCC(N(C(Cc3ccc(O)cc3)=O)C)CC2)ccccc1,AD{ArAAD{AAA{asaaaaas}ataaaaat}AAr}A{~B}Aauaaa{B}aau,20.000000000000004
CHEMBL130936,OC(=O)c1cc2cc(ccc2n1Cc3ccc(Cl)c(Cl)c3)[N+](=O)[O-],1.79,c1(C(=O)O)cc2cc([N+]([O-])=O)ccc2n1Cc1cc(Cl)c(Cl)cc1,BA{~B}araasaa{aaasdrAataaa{Z}a{Z}at}{D%}{~B}{B_},45.166666666666664
CHEMBL715,CN1CCN(CC1)C2=Nc3ccccc3Nc4sc(C)cc24,2.19,C1CN(C)CCN1C1=Nc2c(cccc2)Nc2c1cc(C)s2,ADrAAD{AAr}As~DataaaaatDauea{A}aasu,38.5
CHEMBL2158793,Cc1cc(F)ccc1OC2CCN(CC3CCN(CC3)[C@@](C)(Cc4ccc(F)cc4)C(=O)O)CC2,2.0,c1cc(F)cc(C)c1OC1CCN(CC2CCN([C@@](C(=O)O)(C)Cc3ccc(F)cc3)CC2)CC1,Aaraa{G}aaarBAsAAD{AAtAAD{AAt}{A**}{A}{Aauaaa{G}aau}A{~B}B}AAs,41.666666666666664
CHEMBL2036752,CCN1CCC[C@H](CN2CCN(CC2)C(=O)Nc3ccc(Cl)c(Cl)c3)C1,1.86,C(=O)(N1CCN(C[C@@H]2CN(CC)CCC2)CC1)Nc1cc(Cl)c(Cl)cc1,AADrAAA{A*Q}{ADsAAD{AAs}A{~B}Dataaa{Z}a{Z}at}Ar,43.99999999999999
CHEMBL1934416,COCC(C)n1nc(C)c(C(=O)N[C@@H](C)C(C)(C)C)c1NS(=O)(=O)c2ccc(C)cc2,0.61,C(OC)C(C)n1nc(C)c(C(N[C@H](C(C)(C)C)C)=O)c1NS(=O)(=O)c1ccc(C)cc1,ABAA{A}drda{A}a{A{~B}D{A**Q}{A}A{A}{A}A}arDE{~B}{~B}asaaa{A}aas,64.83333333333333
CHEMBL106,OC(Cn1cncn1)(Cn2cncn2)c3ccc(F)cc3F,0.48,c1n(CC(c2c(F)cc(F)cc2)(Cn2cncn2)O)ncn1,BA{Adradadr}{Adsadads}ataaa{G}aatG,66.99999999999999
CHEMBL450470,COc1ccc(N(C(C(=O)NC2CCCC2)c3ccccc3F)C(=O)C)c(OC)c1,2.81,O(c1c(N(C(C(=O)NC2CCCC2)c2ccccc2F)C(C)=O)ccc(OC)c1)C,ABaraaa{D{A{A{~B}DAsAAAAs}ataaaaatG}A{~B}A}a{BA}ar,28.166666666666668
CHEMBL261454,c1ccc(nc1)c2n[nH]cc2c3ccnc4ccccc34,2.57,c1cc2c(cc1)c(-c1c(-c3ncccc3)n[nH]c1)ccn2,araaa{dar}asd{dQ}aasataadauaaaaatu,32.16666666666667
CHEMBL2062162,Clc1ccccc1CNC[C@@H]2CC[C@@H](CNCc3ccccc3Cl)CC2,2.74,C(c1ccccc1Cl)NC[C@H]1CC[C@H](CNCc2c(Cl)cccc2)CC1,ZaraaaaarADA{A**Q}sAA{A**Q}{ADAataaaaatZ}AAs,29.33333333333333
CHEMBL2179274,CCC[C@H](N1CCC[C@@H](C1)N2C=C(C)C(=O)NC2=O)c3ccc(C(=O)O)c(Oc4cccc(Cl)c4)c3,0.5,c1c([C@@H](N2CCC[C@H](n3cc(C)c(=O)[nH]c3=O)C2)CCC)ccc(C(O)=O)c1Oc1cc(Cl)ccc1,AAA{A*Q}{DrAAA{A**Q}{Ar}DsA~A{A}A{~B}DAs~B}ataaa{A{~B}B}a{Bauaaaa{Z}au}at,66.66666666666667
CHEMBL2331750,CC1=CN([C@H]2CCCN(C2)S(=O)(=O)c3ccc(O)c(Oc4ccc(Cl)c(C)c4)c3)C(=O)NC1=O,2.4,c1(=O)[nH]c(=O)c(C)cn1[C@H]1CCCN(S(=O)(c2cc(Oc3cc(C)c(Cl)cc3)c(O)cc2)=O)C1,AAr~AD{{A*Q}sAAAD{As}E{~B}{~B}ataaa{B}a{Bauaaa{Z}a{A}au}at}A{~B}DAr~B,35.0
CHEMBL317935,C[C@H](NC(=O)\C=C\c1ccccc1)c2cccc(c2)N3CCOCC3,3.24,c1cc(/C=C/C(N[C@H](c2cccc(N3CCOCC3)c2)C)=O)ccc1,A{A*Q}{DA{~B}!A~A!araaaaar}asaaaa{as}DtAABAAt,20.999999999999996
CHEMBL2088120,CC(C)CN1C(=O)N(C)C(=O)c2c1nn(Cc3cccc4ccccc34)c2c5cncn5C,4.1,n1(C)c(=O)c2c(-c3n(C)cnc3)n(Cc3cccc4c3cccc4)nc2n(CC(C)C)c1=O,AA{A}ADrA{~B}D{A}A{~B}asardd{Aataaaauaaaaatu}asavadadvA,6.666666666666672
CHEMBL474828,COCCNc1nc(nc(NCC(C)C)c1N)C#N,2.8,O(C)CCNc1nc(C#N)nc(NCC(C)C)c1N,ABAADarda{da{DAA{A}A}arD}A^D,28.33333333333334
CHEMBL62083,Nc1nccc2ccccc12,1.5,c1ccc2c(c(N)ncc2)c1,Dardaaasaaaaars,50.0
CHEMBL451462,CC(C)n1c(C)ncc1c2nc(Nc3ccc(cc3)C(=O)N4CCN(C)CC4)ncc2F,2.49,c1cc(C(N2CCN(C)CC2)=O)ccc1Nc1nc(-c2cnc(C)n2C(C)C)c(F)cn1,AA{A}dra{A}daarasda{Dataaa{aat}A{~B}DuAAD{A}AAu}daasG,33.49999999999999
CHEMBL207235,CO[C@@H]1C[C@@H](N(Cc2cc3c(Nc4cccc(Cl)c4F)ncnc3cc2OC)C1)C(=O)N,3.09,c1(F)c(Nc2c3cc(CN4[C@@H](C(=O)N)C[C@@H](OC)C4)c(OC)cc3ncn2)cccc1Cl,AB{A**Q}rA{A**Q}{D{Aasaata{Dauaaaa{Z}auG}dadataasBA}Ar}A{~B}D,23.5
CHEMBL1950852,CN[C@@H](C)C(=O)N[C@H](C(=O)N[C@H]1CCCN(CCc2ccccc2OC)C1)C(C)(C)C,1.61,O=C(N[C@H](C(=O)N[C@H]1CCCN(CCc2c(OC)cccc2)C1)C(C)(C)C)[C@H](C)NC,AD{A**Q}{A}A{~B}D{A*Q}{A{~B}D{A*Q}rAAAD{AAasaaaaasBA}Ar}A{A}{A}A,48.16666666666666
CHEMBL1199987,Nc1ncc(cc1c2oc3ccccc3n2)c4cnn(c4)C5CCOCC5,4.0,c1c(-c2cn(C3CCOCC3)nc2)cc(-c2oc3ccccc3n2)c(N)n1,Dardaa{aarasbataaaaatds}auadd{au}AvAABAAv,8.333333333333334
CHEMBL1951906,CCN(C1CCN(CC[C@H](C2CCN(CC2)S(=O)(=O)C)c3ccccc3)CC1)C(=O)Cc4ccc(cc4)S(=O)(=O)C,1.05,c1c(S(C)(=O)=O)ccc(CC(=O)N(CC)C2CCN(CC[C@@H](c3ccccc3)C3CCN(S(=O)(=O)C)CC3)CC2)c1,AAD{ArAAD{AA{A*Q}{AsAAD{AAs}E{~B}{~B}A}ataaaaat}AAr}A{~B}Aauaaa{aau}E{~B}{~B}A,57.5
CHEMBL1502567,O=C1N2C=CC=CC2=Nc3ccccc13,2.1,O=c1n2c(cccc2)nc2ccccc12,B~ArDsA~AA~AAs~Dataaaaart,40.0
CHEMBL1762551,CN(c1ccnc(Nc2cc(nc(n2)N3CCOCC3)N4CCOCC4)n1)c5cc(CO)ccc5C,3.9,O1CCN(c2nc(N3CCOCC3)cc(Nc3nccc(N(C)c4cc(CO)ccc4C)n3)n2)CC1,AD{araada{Dasaa{da{ds}DtAABAAt}DuAABAAu}dr}avaa{AB}aaavA,10.000000000000002
CHEMBL1631470,CCCNC(=O)c1nnc2c(c(F)ccc2c1N)c3ncccn3,2.07,Nc1c2ccc(F)c(-c3ncccn3)c2nnc1C(=O)NCCC,AAADA{~B}arddasa{a{G}aaasarD}atdaaadt,40.50000000000001
CHEMBL1829423,CCC(N(CCCN)C(=O)c1ccc(C)cc1)C2=Nc3ccn(C)c3C(=O)N2Cc4ccccc4,1.8,c1cn(C)c2c1nc(C(N(C(c1ccc(C)cc1)=O)CCCN)CC)n(Cc1ccccc1)c2=O,AAA{D{AAAD}A{~B}araaa{A}aar}As~Dataad{A}atA{~B}DsAauaaaaau,45.0
CHEMBL389911,COC(=O)c1cccc(CN2NC(=O)C3=C(C2=O)C(=O)c4ccc(Cl)cc4N3)c1,1.1,[nH]1c(=O)c2c(c(=O)c3ccc(Cl)cc3[nH]2)c(=O)n1Cc1cc(C(OC)=O)ccc1,ABA{~B}araaaa{ADsDA{~B}At~A{As~B}A{~B}auaaa{Z}aauDt}ar,56.666666666666664
CHEMBL128134,CCN1CCN(CC1)C(=O)c2cc3ccccc3[nH]2,1.95,c12[nH]c(C(=O)N3CCN(CC)CC3)cc1cccc2,AADrAAD{AAr}A{~B}asaataaaaat{dQ}s,42.49999999999999
CHEMBL1807854,C[C@H]1O[C@H]([C@H](O)[C@@H]1O)n2cnc3c(N)nc(Oc4ccccc4)nc23,1.05,n1([C@@H]2O[C@H](C)[C@@H](O)[C@H]2O)c2c(c(N)nc(Oc3ccccc3)n2)nc1,A{A*Q}rB{A*Q}{{A*Q}{B}{A**Q}rB}dsadata{D}da{Bauaaaaau}dast,57.5
CHEMBL2036762,Cc1ccc(NC(=O)N2CCN(C[C@@H]3CCCN(C3)C4CC4)CC2)cc1Cl,3.37,c1c(NC(N2CCN(C[C@@H]3CCCN(C4CC4)C3)CC2)=O)cc(Cl)c(C)c1,Aaraaa{DA{~B}DsAAD{A{A**Q}tAAAD{At}AuAAu}AAs}aarZ,18.833333333333332
CHEMBL1088029,COc1cc(Nc2ncc(C)s2)nc(N[C@@H](C)c3ncc(F)cn3)n1,2.99,c1(F)cnc([C@@H](Nc2nc(Nc3sc(C)cn3)cc(OC)n2)C)nc1,ABaraa{Dasdaa{A}es}da{D{A**Q}{A}atdaa{G}adt}dr,25.16666666666666
CHEMBL1890574,OC(=O)c1[nH]c2ccccc2c1CC(=O)Nc3cccc(c3)C(F)(F)F,1.33,c1cccc2[nH]c(C(=O)O)c(CC(=O)Nc3cccc(C(F)(F)F)c3)c12,BA{~B}ar{dQ}asaaaaasarAA{~B}Dataaaa{at}A{G}{G}G,52.833333333333336
CHEMBL1612837,CC(C)(C)c1ccc(cc1)C2=NC(=O)C(CC(=O)O)S2,-0.1,O=C1N=C(c2ccc(C(C)(C)C)cc2)SC1CC(O)=O,AA{A}{A}araaa{aar}As~DA{~B}A{AA{~B}B}Es,76.66666666666666
CHEMBL1689130,C[C@H]1CN(Cc2cc(Cl)ccc2OCC(=O)O)CCN1C(=O)Cc3cccc(Cl)c3,0.78,c1c(CC(=O)N2CCN(Cc3c(OCC(=O)O)ccc(Cl)c3)C[C@@H]2C)cc(Cl)cc1,A{A*Q}rAD{Aasaa{Z}aaasBAA{~B}B}AADrA{~B}Aataaaa{Z}at,62.0
CHEMBL1682821,O=C(Oc1ccc2C(=O)CCOc2c1)c3ccccc3,3.6,c1c(C(Oc2ccc3c(c2)OCCC3=O)=O)cccc1,B~A{BaraaasA{~B}AABasar}ataaaaat,14.999999999999998
CHEMBL2023489,COc1ccc2c(Oc3ccc(CC(=O)Nc4cn(C)nc4C)c(OC)c3)ccnc2c1,3.5,c1c(OC)c(CC(=O)Nc2c(C)nn(C)c2)ccc1Oc1ccnc2c1ccc(OC)c2,ABaraaasa{Bataaa{AA{~B}Dauad{A}dauA}a{BA}at}aadasar,16.666666666666668
CHEMBL203059,O=C(Nc1cc(ccn1)c2ccnc(Nc3ccccc3)c2)C4CCOCC4,3.7,c1(-c2ccnc(NC(C3CCOCC3)=O)c2)ccnc(Nc2ccccc2)c1,B~A{Daraa{aadr}asaada{Dataaaaat}as}AuAABAAu,13.33333333333333
CHEMBL2011932,COc1ccc(cc1)c2nc3c(NCCCNC(=O)C4(CN)CC4)c(Br)cnc3[nH]2,1.9,c1(-c2nc3c([nH]2)ncc(Br)c3NCCCNC(=O)C2(CN)CC2)ccc(OC)cc1,ABaraaa{aar}asdata{DAAADA{~B}Au{AD}AAu}a{Y}adat{dQ}s,43.333333333333336
CHEMBL91485,COc1cccc(OC)c1c2ccc(C[C@H](NC(=O)c3c(Cl)cccc3Cl)C(=O)O)cc2,-0.27,O(C)c1c(-c2ccc(C[C@@H](C(=O)O)NC(c3c(Cl)cccc3Cl)=O)cc2)c(OC)ccc1,ABaraaaa{BA}arasaaa{A{A*Q}{DA{~B}ata{Z}aaaatZ}A{~B}B}aas,79.49999999999999
CHEMBL2207606,COc1cc(OC)c(cc1NC(=O)\C=C\C(=O)O)S(=O)(=O)N2c3ccccc3Oc4ccccc24,-0.71,c1cc2c(cc1)N(S(c1cc(NC(/C=C/C(=O)O)=O)c(OC)cc1OC)(=O)=O)c1ccccc1O2,ABaraa{BA}a{aarDA{~B}!A~A!A{~B}B}E{~B}{~B}DsataaaaatBauaaaaasu,86.83333333333333
CHEMBL578194,C[C@H](Nc1nc(Nc2cc([nH]n2)C3CC3)cnc1C#N)c4ccc(F)cn4,3.18,C1C(c2[nH]nc(Nc3cnc(C#N)c(N[C@@H](C)c4ccc(F)cn4)n3)c2)C1,A{A*Q}{Darda{Dasaa{{dQ}ds}AtAAt}adarA^D}auaaa{G}adu,21.999999999999996
CHEMBL957,COc1ccccc1Oc2c(NS(=O)(=O)c3ccc(cc3)C(C)(C)C)nc(nc2OCCO)c4ncccn4,1.03,CC(C)(c1ccc(S(=O)(Nc2nc(-c3ncccn3)nc(OCCO)c2Oc2ccccc2OC)=O)cc1)C,ABaraaaaarBasa{DE{~B}{~B}ataaa{aat}A{A}{A}A}da{dasBAAB}audaaadu,57.833333333333336
CHEMBL2035038,NC1(CCC1)c2ccc(cc2)C3=Nc4ccccc4C(=O)N3c5ccccc5,1.5,c1cc(-c2n(-c3ccccc3)c(=O)c3ccccc3n2)ccc1C1(N)CCC1,DAr{AAAr}asaaa{aas}At~DauaaaaauA{~B}Dtavaaaaav,50.0
CHEMBL190677,OC(C(=O)c1ccccc1)c2ccccc2,2.13,C(c1ccccc1)(C(=O)c1ccccc1)O,BA{A{~B}araaaaar}asaaaaas,39.5
CHEMBL2332936,CC(=O)Nc1ccc(O)cc1OC[C@@H](O)CN2CCC3(CC2)Cc4cc(F)ccc4O3,2.1,[C@H](O)(CN1CCC2(Cc3c(ccc(F)c3)O2)CC1)COc1c(NC(C)=O)ccc(O)c1,AA{~B}Daraaa{B}aarBA{A**Q}{B}ADsAAAt{AAs}Aauaa{G}aaauBt,40.0
CHEMBL169473,COc1cccc(Nc2ncnc3cc(OC)c(OC)cc23)c1,3.1,c1ccc(Nc2ncnc3cc(OC)c(OC)cc32)cc1OC,ABaraaaa{Dasdadataa{BA}a{BA}aast}ar,23.333333333333332
CHEMBL516601,COc1cc2ncc(C(=O)N)c(Nc3ccc(C)cc3F)c2cc1OC,3.34,n1cc(C(N)=O)c(Nc2ccc(C)cc2F)c2cc(OC)c(OC)cc12,ABaraasdaa{A{~B}D}a{Dataaa{A}aatG}asaarBA,19.333333333333336
CHEMBL1778634,CN(c1ccc(c(Cl)c1)c2cc(F)ccc2OCC(=O)O)S(=O)(=O)C,-1.17,c1(-c2c(Cl)cc(N(C)S(=O)(=O)C)cc2)c(OCC(O)=O)ccc(F)c1,AD{araaa{a{Z}ar}asaa{G}aaasBAA{~B}B}E{~B}{~B}A,94.5
CHEMBL2062556,Nc1cc(nc2c(cnn12)C#N)c3ccccc3,2.48,c1(C#N)cnn2c(N)cc(-c3ccccc3)nc12,Daraa{dasa{addrs}A^D}ataaaaat,33.666666666666664
CHEMBL2177173,CN1CCN(CC1)S(=O)(=O)c2ccc(cc2)c3cnc(N)c(n3)C(=O)Nc4cnccc4CN5CCCC5,3.28,O=C(Nc1c(CN2CCCC2)ccnc1)c1nc(-c2ccc(S(=O)(=O)N3CCN(C)CC3)cc2)cnc1N,ADrAAD{AAr}E{~B}{~B}asaaa{aas}atada{D}a{dt}A{~B}DauadaaauADvAAAAv,20.333333333333336
CHEMBL1235242,N[C@@H](Cc1ccc(F)cc1)C(=O)O,-1.06,c1(F)ccc(C[C@H](N)C(=O)O)cc1,D{A**Q}{Aaraaa{G}aar}A{~B}B,92.66666666666667
CHEMBL517712,CN1[C@@H]2CC[C@H]1C[C@H](C2)OC(=O)C(CO)c3ccccc3,-0.66,[C@H]12CC[C@H](N1C)C[C@@H](OC(C(c1ccccc1)CO)=O)C2,ADr{A**Q}sAA{A*Q}rA{A*Q}{As}BA{~B}A{AB}ataaaaat,86.0
CHEMBL1550191,Brc1ccc(cc1)C2NC(=O)c3ccccc3N2,2.68,c1(C2Nc3c(cccc3)C(=O)N2)ccc(Br)cc1,Yaraaa{aar}AsDA{~B}ataaaaatDs,30.33333333333333
CHEMBL224267,COc1cc(nc2c(cc(F)cc12)N3CCN(C)CC3)C(=O)Nc4ccc(cc4)N5CCOCC5,3.85,c1(F)cc(N2CCN(C)CC2)c2c(c(OC)cc(C(Nc3ccc(N4CCOCC4)cc3)=O)n2)c1,ABaraa{dasa{aa{G}aars}DtAAD{A}AAt}A{~B}Dauaaa{aau}DvAABAAv,10.83333333333333
CHEMBL642,CCCC(=O)Nc1ccc(OCC(O)CNC(C)C)c(c1)C(=O)C,-0.27,c1c(OCC(O)CNC(C)C)c(C(=O)C)cc(NC(CCC)=O)c1,AAAA{~B}Daraaa{BAA{B}ADA{A}A}a{ar}A{~B}A,79.49999999999999
CHEMBL180656,CN(C1CCN(CCC(c2ccccc2)c3ccccc3)CC1)C(=O)Cc4ccc(cc4)C#N,3.7,c1cccc(C(c2ccccc2)CCN2CCC(N(C(=O)Cc3ccc(C#N)cc3)C)CC2)c1,AD{ArAAD{AAA{asaaaaas}ataaaaat}AAr}A{~B}Aauaaa{aau}A^D,13.33333333333333
CHEMBL2158783,Cc1c(Cl)ccc(OC2CCN(CC3CCN(CC3)[C@@H](Cc4ccc(F)cc4)C(=O)O)CC2)c1Cl,3.15,c1(C)c(Cl)ccc(OC2CCN(CC3CCN([C@H](C(O)=O)Cc4ccc(F)cc4)CC3)CC2)c1Cl,Aara{Z}aaa{BAsAAD{AAtAAD{AAt}{A**Q}{Aauaaa{G}aau}A{~B}B}AAs}arZ,22.5
CHEMBL469,OC(=O)C1CCn2c1ccc2C(=O)c3ccccc3,-0.93,c1(C(c2ccc3n2CCC3C(=O)O)=O)ccccc1,BA{~B}ArAAdsaraaasA{~B}ataaaaat,90.5
CHEMBL9751,CN1C2CCC1CC(C2)OC(=O)C(CO)c3ccccc3,-0.09,OCC(c1ccccc1)C(OC1CC2N(C)C(C1)CC2)=O,ADrAsAAArAA{As}BA{~B}A{AB}ataaaaat,76.5
CHEMBL2086693,C[C@@H]1CN(CCN1c2ncc(OCc3ccncc3C#N)cn2)c4noc(n4)C(F)(F)F,3.95,o1c(C(F)(F)F)nc(N2C[C@@H](C)N(c3ncc(OCc4c(C#N)cncc4)cn3)CC2)n1,A{A**Q}rAD{AADrasdaa{BAataadaatA^D}ads}audba{du}A{G}{G}G,9.166666666666664
CHEMBL1589,CC(=O)c1ccc(cc1)S(=O)(=O)NC(=O)NC2CCCCC2,-0.49,c1(S(=O)(=O)NC(NC2CCCCC2)=O)ccc(C(C)=O)cc1,AA{~B}araaa{aar}E{~B}{~B}DA{~B}DAsAAAAAs,83.16666666666667
CHEMBL507700,NC(=O)Nc1sc(cc1C(=O)N)c2ccc(CN3CCCCC3)cc2,1.75,c1(-c2sc(NC(N)=O)c(C(=O)N)c2)ccc(CN2CCCCC2)cc1,DA{~B}Darea{aarA{~B}D}asaaa{ADtAAAAAt}aas,45.833333333333336
CHEMBL427851,Cc1oc(CN2CCNCC2)cc1C(=O)NCC34CC5CC(CC(C5)C3)C4,1.03,C1C2CC3CC(CNC(=O)c4cc(CN5CCNCC5)oc4C)(CC1C3)C2,Aarba{ADsAADAAs}aarA{~B}DAAtuAAvAA{AA{Av}At}Au,57.833333333333336
CHEMBL271012,C[C@H](CO)Nc1nc(SCc2ccccc2F)nc3NC(=O)Sc13,3.0,[nH]1c(=O)sc2c(N[C@@H](CO)C)nc(SCc3ccccc3F)nc12,A{A*Q}{AB}Darda{EAasaaaaasG}datDA{~B}Eart,25.0
CHEMBL1778616,OC(=O)COc1ccc(Br)cc1c2ccccc2,0.15,c1cc(-c2c(OCC(O)=O)ccc(Br)c2)ccc1,BA{~B}ABaraaa{Y}aarasaaaaas,72.49999999999999
CHEMBL516,CN1CCC(=C2c3ccccc3C=Cc4ccccc24)CC1,3.06,C1CN(C)CCC1=C1c2c(cccc2)C=Cc2c1cccc2,ADrAAA{~AsataaaaatA~Aauaaaaasu}AAr,24.0
CHEMBL494505,CCC(=O)N1CCN(CC1)C(=O)c2cc(CC3=NNC(=O)c4ccccc34)ccc2F,1.22,c1c(F)c(C(N2CCN(C(=O)CC)CC2)=O)cc(Cc2c3c(c(=O)[nH]n2)cccc3)c1,AAA{~B}DrAAD{AAr}A{~B}asaa{AAt~DDA{~B}auaaaaatu}aaasG,54.666666666666664
CHEMBL1824379,CCCOc1cc(OCCCN2CCCC2)ccc1C(=O)Nc3cccc(O)c3,2.46,O=C(Nc1cccc(O)c1)c1c(OCCC)cc(OCCCN2CCCC2)cc1,AAABaraa{BAAADsAAAAs}aaarA{~B}Dataaaa{B}at,34.0
CHEMBL1682834,CC(=O)N1CCOc2cc(COc3ccccc3)cnc12,2.8,C1N(C(C)=O)c2ncc(COc3ccccc3)cc2OC1,AA{~B}DrAABasaa{ABataaaaat}adars,28.33333333333334
CHEMBL172066,Cc1sc(N)nc1c2ccccc2,2.75,c1cc(-c2nc(N)sc2C)ccc1,Aarea{D}darasaaaaas,29.166666666666668
CHEMBL1946029,CN(C)C(=O)c1ccc(cc1)C(=C2CCN(Cc3cscn3)CC2)c4cccc5cccnc45,2.3,CN(C(c1ccc(C(=C2CCN(Cc3cscn3)CC2)c2cccc3cccnc32)cc1)=O)C,AD{A}A{~B}araaa{aar}A{~AsAAD{Aataeadt}AAs}auaaaavaaadauv,36.66666666666667
CHEMBL1927345,Cc1ccc(\C=C(/C#N)\C(=O)N)cc1,2.09,O=C(/C(=C/c1ccc(C)cc1)C#N)N,Aaraaa{!A~A{|A^D}!A{~B}D}aar,40.166666666666664
CHEMBL1223459,CC1=CC2=NNC(=O)N2c3cc(ccc13)c4cccnc4,2.72,c1(-c2cnccc2)ccc2c(C)cc3n(c(=O)[nH]n3)c2c1,AAr~AAs~DDA{~B}Dsataa{aaart}auaaadau,29.66666666666666
CHEMBL274009,Nc1ccccc1[N+](=O)[O-],-0.96,c1c(N)c([N+](=O)[O-])ccc1,Daraaaaar{D%}{~B}{B_},91.0
CHEMBL109405,C1CN2CCC1C(=C2)c3oc4ccccc4c3,2.59,C1CN2CCC1C(c1cc3c(cccc3)o1)=C2,ArADsAAArA{~As}atbauaaaaauat,31.833333333333332
CHEMBL2012881,OCC1=CC2=NNC(=O)N2c3cc(ccc13)c4ccc[nH]4,2.19,c1c2c(n3c(=O)[nH]nc3cc2CO)cc(-c2ccc[nH]2)c1,BAAr~AAs~DDA{~B}Dsataa{aaart}auaaa{dQ}u,38.5
CHEMBL1698358,Nc1ccc2c3ccccc3C(=O)c2c1,2.9,c1cccc2c1-c1c(cc(N)cc1)C2=O,DaraaasataaaaatA{~B}asar,26.666666666666668
CHEMBL2018953,Clc1ccc(CNc2nc(nc3ncccc23)N4CCN(CC4)C(=O)[C@H]5CCCCN5)c(Cl)c1,2.27,n1cccc2c1nc(N1CCN(C([C@H]3CCCCN3)=O)CC1)nc2NCc1ccc(Cl)cc1Cl,Zaraaa{ADasda{datdaaaast}DuAAD{AAu}A{~B}{A*Q}vAAAADv}a{Z}ar,37.166666666666664
CHEMBL1079773,Nc1ncnc2sc(nc12)c3c(ncn3Cc4ccccc4N5CCOCC5)c6ccccc6,3.58,c1ccccc1-c1ncn(Cc2c(N3CCOCC3)cccc2)c1-c1sc2c(n1)c(N)ncn2,Dardadasea{dars}ata{dadtAauaaaaauDvAABAAv}awaaaaaw,15.333333333333334
CHEMBL2179284,CC1=CN([C@H]2CCCN(C2)[C@H](CC3CCCCC3)c4ccc(C(=O)O)c(Oc5cccc(Cl)c5)c4)C(=O)NC1=O,1.83,C1CN([C@H](CC2CCCCC2)c2cc(Oc3cc(Cl)ccc3)c(C(=O)O)cc2)C[C@@H](n2cc(C)c(=O)[nH]c2=O)C1,AAr~AD{{A*Q}sAAAD{As}{A*Q}{AAtAAAAAt}auaaa{A{~B}B}a{Bavaaaa{Z}av}au}A{~B}DAr~B,44.5
CHEMBL258282,CN1CCN(CCOc2n[nH]c3ncnc(Nc4ccc(OCc5ccccn5)c(Cl)c4)c23)CC1,2.45,C1CN(C)CCN1CCOc1c2c(Nc3cc(Cl)c(OCc4ccccn4)cc3)ncnc2[nH]n1,ADrAAD{AABasd{dQ}atdada{Dauaaa{BAavaaaadv}a{Z}au}ast}AAr,34.166666666666664
CHEMBL108,NC(=O)N1c2ccccc2C=Cc3ccccc13,1.65,c1cc2c(cc1)N(C(=O)N)c1ccccc1C=C2,DA{~B}DrasaaaaasA~Aataaaaart,47.5
CHEMBL371064,CCCN1CCN(CC1)c2ccc(cc2)C(=O)NC3(CCCCC3)C(=O)NCC#N,1.33,C(C)CN1CCN(c2ccc(C(=O)NC3(C(=O)NCC#N)CCCCC3)cc2)CC1,AAADrAAD{AAr}asaaa{aas}A{~B}DAt{AAAAAt}A{~B}DAA^D,52.833333333333336
CHEMBL1178725,CC(C)Oc1cccc(CC(=O)N2CCC[C@@](CC[N+]34CCC(CC3)(CC4)c5ccccc5)(C2)c6ccc(Cl)c(Cl)c6)c1,1.23,c1(Cl)ccc([C@@]2(CC[N+]34CCC(c5ccccc5)(CC3)CC4)CCCN(C(Cc3cccc(OC(C)C)c3)=O)C2)cc1Cl,AA{A}Baraaaa{AA{~B}DsAAA{A**}{AA{D%}tuAAA{AAt}{AAu}avaaaaav}{As}awaaa{Z}a{Z}aw}ar,54.5
CHEMBL2011441,COc1nc(Br)cnc1NS(=O)(=O)c2ccc(Cl)s2,0.99,s1c(Cl)ccc1S(=O)(Nc1ncc(Br)nc1OC)=O,ABarda{Y}adarDE{~B}{~B}asaaa{Z}es,58.5
CHEMBL98760,CC(C)NC(=O)c1ccc2c(Nc3ccc(Cl)cc3)nc(nc2c1)N4CCOCC4,2.78,c1c2c(Nc3ccc(Cl)cc3)nc(N3CCOCC3)nc2cc(C(=O)NC(C)C)c1,AA{A}DA{~B}araaasa{Dataaa{Z}aat}da{dasar}DuAABAAu,28.66666666666667
CHEMBL1369722,Oc1ncnc2scc(c3ccccc3)c12,2.07,c1ccccc1-c1csc2ncnc(O)c21,Bardadaseaa{ataaaaat}ars,40.50000000000001
CHEMBL2325995,NC1(CCN(CC1)c2ncnc3[nH]ccc23)C(=O)NC(CCCN4CCOCC4)c5ccc(Cl)cc5,2.7,c1cc(Cl)ccc1C(NC(C1(N)CCN(c2c3cc[nH]c3ncn2)CC1)=O)CCCN1CCOCC1,DAr{AAD{AAr}asdadat{dQ}aaast}A{~B}DA{AAADuAABAAu}avaaa{Z}aav,29.999999999999996
CHEMBL1809192,COc1cc(ccc1Nc2nccc(n2)c3cnc4ccccn34)N5CCN(CC5)C(=O)C,3.0,c1(-c2n3c(cccc3)nc2)ccnc(Nc2c(OC)cc(N3CCN(C(C)=O)CC3)cc2)n1,ABaraa{aaarDasdaaa{ds}atadauaaaadtu}DvAAD{AAv}A{~B}A,25.0
CHEMBL865,Cc1onc(c2ccccc2)c1c3ccc(cc3)S(=O)(=O)N,2.37,c1ccccc1-c1c(-c2ccc(S(=O)(N)=O)cc2)c(C)on1,Aarbda{asaaaaas}arataaa{aat}E{~B}{~B}D,35.5
CHEMBL597424,O=C1NC(=O)C(Cc2cccc(Oc3ccccc3)c2)S1,2.84,S1C(Cc2cc(Oc3ccccc3)ccc2)C(=O)NC1=O,B~ArDA{~B}A{Aasaaaa{Bataaaaat}as}Er,27.666666666666668
CHEMBL1351893,CCCc1c(cnn1c2ccccc2)C(=O)Nc3ccc(F)cc3C,3.89,c1nn(-c2ccccc2)c(CCC)c1C(Nc1ccc(F)cc1C)=O,AAAara{addrasaaaaas}A{~B}Dataaa{G}aatA,10.166666666666664
CHEMBL233035,OCCNC(=O)CN1C(=O)C(Cc2ccccc12)NC(=O)c3cc4cc(Cl)sc4[nH]3,3.05,C(CN1c2c(cccc2)CC(NC(c2cc3c(sc(Cl)c3)[nH]2)=O)C1=O)(=O)NCCO,BAADA{~B}ADrA{~B}A{Aasaaaaars}DA{~B}ataauaa{Z}eau{dQ}t,24.16666666666667
CHEMBL2059859,Cc1ccc(cc1NC(=O)c2ccc(OCc3ccccn3)cc2)c4nc5ccccc5[nH]4,3.24,N(c1c(C)ccc(-c2nc3ccccc3[nH]2)c1)C(=O)c1ccc(OCc2ncccc2)cc1,Aaraaa{aarDA{~B}asaaa{BAataaaadt}aas}audavaaaaav{dQ}u,20.999999999999996
CHEMBL1945298,O[C@@H](CNCCOc1cccc(CNCCc2ccccc2F)c1)c3ccc(O)c4NC(=O)Sc34,1.86,Fc1c(CCNCc2cccc(OCCNC[C@@H](c3ccc(O)c4[nH]c(=O)sc34)O)c2)cccc1,B{A**Q}{ADAABaraaaa{ADAAasaaaaasG}ar}ataaa{B}auDA{~B}Eatu,43.99999999999999
CHEMBL217090,Clc1ccc2OCOc2c1Nc3ncnc4cc(OCCCN5CCCC5)cc(OC6CCOCC6)c34,2.3,c1(Nc2c3c(cc(OCCCN4CCCC4)cc3OC3CCOCC3)ncn2)c(Cl)ccc2c1OCO2,ZaraaasBABasarDatdadauaa{BAAADvAAAAv}aa{BAwAABAAw}atu,36.66666666666667
CHEMBL2164676,O=C(NCC#N)[C@@H]1CCCC[C@H]1C(=O)N2CCN(CC2)c3ccccc3,1.75,C1[C@@H](C(NCC#N)=O)[C@H](C(=O)N2CCN(c3ccccc3)CC2)CCC1,B~A{DAA^D}{A**Q}rAAAA{A*Q}rA{~B}DsAAD{AAs}ataaaaat,45.833333333333336
CHEMBL2331740,CC1=CN([C@H]2CCCN(C2)S(=O)(=O)c3ccc(C(=O)O)c(Oc4ccc(Cl)c(Cl)c4)c3)C(=O)NC1=O,-0.87,Clc1c(Cl)ccc(Oc2cc(S(=O)(N3CCC[C@H](n4c(=O)[nH]c(=O)c(C)c4)C3)=O)ccc2C(O)=O)c1,AAr~AD{{A*Q}sAAAD{As}E{~B}{~B}ataaa{A{~B}B}a{Bauaaa{Z}a{Z}au}at}A{~B}DAr~B,89.5
CHEMBL14293,CC(C)C(NC(=O)CN1C(=O)C2=C(C=C1c3ccccc3)C(=O)N(CCN4CCOCC4)C(=O)N2)C(=O)C(F)(F)F,1.91,FC(F)(F)C(=O)C(NC(Cn1c(=O)c2c(c(=O)n(CCN3CCOCC3)c(=O)[nH]2)cc1-c1ccccc1)=O)C(C)C,AA{A}A{DA{~B}ADrA{~B}As~A{A~Arataaaaat}A{~B}D{AADuAABAAu}A{~B}Ds}A{~B}A{G}{G}G,43.166666666666664
CHEMBL1209587,Clc1cccc(c1)S(=O)(=O)NCC(N2CCCCCC2)c3ccccc3,3.39,C1N(C(CNS(=O)(c2cccc(Cl)c2)=O)c2ccccc2)CCCCC1,Zaraaaa{ar}E{~B}{~B}DAA{DsAAAAAAs}ataaaaat,18.499999999999996
CHEMBL570192,C[C@H](Oc1nc(Nc2cc(C)[nH]n2)c(C)nc1C#N)c3ccc(F)cn3,2.86,c1(F)ccc([C@@H](Oc2nc(Nc3n[nH]c(C)c3)c(C)nc2C#N)C)nc1,A{A*Q}{Barda{Dasaa{A}{dQ}ds}a{A}darA^D}ataaa{G}adt,27.333333333333332
CHEMBL2152915,CO[C@@H]1CC[C@@]2(CC1)Cc3ccc(cc3C24N=C(C)C(=N4)N)c5cc(Cl)cc(c5)C#N,3.8,C1[C@]2(C3(c4c(ccc(-c5cc(Cl)cc(C#N)c5)c4)C2)N=C(N)C(C)=N3)CC[C@@H](OC)C1,AB{A**Q}rAA{A**}s{AAr}Aataaa{aatAsuD~A{A}A{~Du}D}avaa{Z}aa{av}A^D,11.66666666666667
CHEMBL2035037,Cn1cnc2c(c3ccc(cc3)C4(N)CCC4)c(ccc12)c5ccccc5,2.5,C1CC(c2ccc(-c3c(-c4ccccc4)ccc4c3ncn4C)cc2)(N)C1,Adradasa{ataaa{aat}Au{D}AAAu}a{aaars}avaaaaav,33.333333333333336
CHEMBL2059198,CC(C)NC(=O)c1cc2c(c(cnc2[nH]1)c3cncc(c3)C(=O)O)n4ccc(n4)C(F)(F)F,-0.62,C(C)(NC(c1cc2c(-n3nc(C(F)(F)F)cc3)c(-c3cncc(C(O)=O)c3)cnc2[nH]1)=O)C,AA{A}DA{~B}araasa{a{adas{dQ}r}atadaa{at}A{~B}B}duaaa{du}A{G}{G}G,85.33333333333333
CHEMBL1923433,Cc1[nH]c(C(=O)NC2CCN(CC2)c3ncc(s3)C(=O)O)c(Cl)c1Cl,0.02,s1c(C(=O)O)cnc1N1CCC(NC(c2[nH]c(C)c(Cl)c2Cl)=O)CC1,Aar{dQ}a{A{~B}DAsAAD{AAs}atdaa{et}A{~B}B}a{Z}arZ,74.66666666666667
CHEMBL1809050,COc1cc(OC2CCNCC2)ccc1Nc3ncc(Cl)c(n3)c4cnc5ccccn45,1.8,C1(Oc2cc(OC)c(Nc3nc(-c4cnc5ccccn45)c(Cl)cn3)cc2)CCNCC1,ABaraa{BAsAADAAs}aaarDatdaa{Z}a{dt}auadavaaaaduv,45.0
CHEMBL1610669,CC(C)CCOc1ccc(N)cc1,2.67,O(c1ccc(N)cc1)CCC(C)C,AA{A}AABaraaa{D}aar,30.5
CHEMBL2314383,CC(C)c1ccc(Sc2cnc(O)c(c2)C(=O)NCc3ccccc3)cc1,3.7,c1(C(NCc2ccccc2)=O)cc(Sc2ccc(C(C)C)cc2)cnc1O,AA{A}araaa{Easada{B}a{as}A{~B}DAataaaaat}aar,13.33333333333333
CHEMBL209689,Cc1ccc2c(c1)c(c(C)n2CC(=O)O)c3ccnc4c(C)cccc34,1.29,OC(=O)Cn1c2ccc(C)cc2c(-c2ccnc3c(C)cccc32)c1C,Aaraaasa{ar}a{a{A}dsAA{~B}B}ataadaua{A}aaaatu,53.5
CHEMBL2036584,Fc1ccccc1Nc2oc(nn2)C(=O)Nc3ccc(Oc4cccnc4)nc3,3.1,c1cc(NC(c2nnc(Nc3ccccc3F)o2)=O)cnc1Oc1cnccc1,GaraaaaarDasba{dds}A{~B}Dataaa{Bauaaadau}dat,23.333333333333332
CHEMBL12610,CN(C)CCCOc1nn(Cc2ccccc2)c3ccccc13,2.4,n1n(Cc2ccccc2)c2c(c1OCCCN(C)C)cccc2,AD{A}AAABardd{Aasaaaaas}ataaaaart,35.0
CHEMBL1508646,Cc1ccc(cc1)c2nnc(N3CCN(CC3)C(=O)c4occc4)c5ccccc25,3.78,C1CN(C(c2occc2)=O)CCN1c1nnc(-c2ccc(C)cc2)c2ccccc21,Aaraaa{aar}asdda{DtAAD{AAt}A{~B}aubaaau}avaaaaasv,12.000000000000002
CHEMBL185658,CC(=O)Nc1ccc(CNc2[nH]nc3cccc(Oc4ccc(cc4)S(=O)(=O)C)c23)cc1,2.63,c12n[nH]c(NCc3ccc(NC(=O)C)cc3)c1c(Oc1ccc(S(=O)(C)=O)cc1)ccc2,AA{~B}Daraaa{ADas{dQ}dataaaa{Bauaaa{aau}E{~B}{~B}A}ast}aar,31.166666666666668
CHEMBL1778652,CCS(=O)(=O)c1ccc(c(C)c1)c2cc(ccc2CCC(=O)O)C(F)(F)F,0.76,C(C)S(=O)(=O)c1cc(C)c(-c2cc(C(F)(F)F)ccc2CCC(O)=O)cc1,AAE{~B}{~B}araaa{a{A}ar}asaa{aaasAAA{~B}B}A{G}{G}G,62.333333333333336
CHEMBL407960,COc1ccc(OC)c(CNc2n[nH]c3ccnc(Oc4ccccc4)c23)c1,4.25,c1cc(OC)cc(CNc2n[nH]c3ccnc(Oc4ccccc4)c23)c1OC,ABaraaa{BA}a{ADasd{dQ}ataada{Bauaaaaau}ast}ar,4.166666666666667
CHEMBL192943,CC(C)Cc1ccc(cc1)[C@H](C)C(=O)NS(=O)(=O)C,0.56,O=S(=O)(C)NC([C@H](c1ccc(CC(C)C)cc1)C)=O,AA{A}Aaraaa{aar}{A*Q}{A}A{~B}DE{~B}{~B}A,65.66666666666667
CHEMBL2325740,COCCC(NC(=O)C1(N)CCN(CC1)c2ncnc3[nH]ccc23)c4ccc(Cl)cc4,2.95,O=C(NC(CCOC)c1ccc(Cl)cc1)C1(N)CCN(c2ncnc3[nH]ccc32)CC1,ABAAA{DA{~B}Ar{D}AAD{AAr}asdadat{dQ}aaast}auaaa{Z}aau,25.83333333333333
CHEMBL1951075,COc1cc(OC)c(cc1NC(=O)NCC(=O)O)S(=O)(=O)N2C(C)CCc3ccccc23,-1.02,N(c1cc(S(N2c3c(cccc3)CCC2C)(=O)=O)c(OC)cc1OC)C(NCC(O)=O)=O,ABaraa{BA}a{aarDA{~B}DAA{~B}B}E{~B}{~B}DsA{A}AAataaaaast,92.0
CHEMBL1831078,NC(=O)Nc1cc(sc1C(=O)N)c2ccsc2,2.3,O=C(N)Nc1c(C(=O)N)sc(-c2ccsc2)c1,DA{~B}Daraa{earA{~B}D}asaaeas,36.66666666666667
CHEMBL1778865,COc1cc(F)ccc1c2cncc(CNCC3CC3)n2,1.8,C1CC1CNCc1nc(-c2c(OC)cc(F)cc2)cnc1,ABaraa{G}aaarasadaa{ADAAtAAt}ds,45.0
CHEMBL2059197,CCCNC(=O)c1cc2c(c(cnc2[nH]1)c3cncc(c3)C(=O)O)n4ccc(n4)C(F)(F)F,-0.79,c1(-c2cnc3[nH]c(C(=O)NCCC)cc3c2-n2ccc(C(F)(F)F)n2)cncc(C(=O)O)c1,AAADA{~B}araasa{a{adas{dQ}r}atadaa{at}A{~B}B}duaaa{du}A{G}{G}G,88.16666666666667
CHEMBL262721,COc1cc(OC2CCN(C)CC2)c3c(Nc4cccc5OCCOc45)ncnc3c1,2.26,C1(Oc2cc(OC)cc3c2c(Nc2cccc4c2OCCO4)ncn3)CCN(C)CC1,ABaraa{BAsAAD{A}AAs}ata{DauaaaavBAABauv}dadatar,37.333333333333336
CHEMBL1209583,FC(F)(F)Oc1ccccc1S(=O)(=O)NCC(N2CCCCCC2)c3ccccc3,4.09,S(=O)(=O)(c1c(OC(F)(F)F)cccc1)NCC(N1CCCCCC1)c1ccccc1,GA{G}{G}BaraaaaarE{~B}{~B}DAA{DsAAAAAAs}ataaaaat,6.833333333333336
CHEMBL1669160,CC(C)COc1cc(ccc1NC(=O)CN2CCOCC2)c3cccc4C(=O)C=C(Oc34)N5CCOCC5,3.8,O=c1cc(N2CCOCC2)oc2c1cccc2-c1ccc(NC(CN2CCOCC2)=O)c(OCC(C)C)c1,AA{A}ABaraa{aaarDA{~B}ADsAABAAs}ataaaauA{~B}A~A{Batu}DvAABAAv,11.66666666666667
CHEMBL1682829,CN1CCOc2cc(OC(=O)c3ccccc3)cnc12,3.3,N1(C)CCOc2cc(OC(c3ccccc3)=O)cnc21,ADrAABasaa{BA{~B}ataaaaat}adars,20.000000000000004
CHEMBL1632052,Nc1sc2CCCCc2c1C(=O)NCc3ccccc3,3.52,c12c(C(=O)NCc3ccccc3)c(N)sc1CCCC2,DareasAAAAasarA{~B}DAataaaaat,16.333333333333332
CHEMBL436511,CN1CCC(CC1)Oc2cccc3ncnc(Nc4ccc(OCc5cnccn5)c(Cl)c4)c23,3.21,c1c(OC2CCN(C)CC2)c2c(Nc3ccc(OCc4cnccn4)c(Cl)c3)ncnc2cc1,ADrAAA{AAr}Basaaaatdada{Dauaaa{BAavadaadv}a{Z}au}ast,21.5
CHEMBL514805,CC(C)CNc1nc(nc(N2CCN(CC2)C(=O)C)c1N)C#N,2.4,CC(CNc1nc(C#N)nc(N2CCN(C(=O)C)CC2)c1N)C,AA{A}ADarda{da{DsAAD{AAs}A{~B}A}arD}A^D,35.0
CHEMBL1008,CC(C)COCC(CN(Cc1ccccc1)c2ccccc2)N3CCCC3,3.66,c1cc(CN(c2ccccc2)CC(N2CCCC2)COCC(C)C)ccc1,AA{A}ABAA{AD{Aaraaaaar}asaaaaas}DtAAAAt,13.999999999999998
CHEMBL1223455,CC1=CC2=NNC(=O)N2c3cc(ccc13)c4cccc(CO)c4,3.36,c1(C)cc2n[nH]c(=O)n2c2c1ccc(-c1cccc(CO)c1)c2,AAr~AAs~DDA{~B}Dsataa{aaart}auaaaa{AB}au,19.000000000000004
CHEMBL1201753,O[C@H](C[C@H](O)\C=C\c1c(nc2ccccc2c1c3ccc(F)cc3)C4CC4)CC(=O)O,0.91,c1c(F)ccc(-c2c3c(nc(C4CC4)c2/C=C/[C@@H](O)C[C@@H](O)CC(=O)O)cccc3)c1,B{A*Q}{A{A*Q}{B}!A~A!ara{dasaaaaasarataaa{G}aat}AuAAu}AA{~B}B,59.833333333333336
CHEMBL52047,Nc1cccc2c3ccccc3C(=O)C(=O)c12,2.95,C1(=O)c2ccccc2-c2c(c(N)ccc2)C1=O,DaraaaasataaaaatA{~B}A{~B}ars,25.83333333333333
CHEMBL2086681,CC(C)(C)OC(=O)N1CCN(CC1)c2ncc(OCc3ccncc3S(=O)(=O)C)cn2,2.4,O(Cc1c(S(=O)(C)=O)cncc1)c1cnc(N2CCN(C(=O)OC(C)(C)C)CC2)nc1,AA{A}{A}BA{~B}DrAAD{AAr}asdaa{BAataadaatE{~B}{~B}A}ads,35.0
CHEMBL63560,C[C@](O)(CS(=O)(=O)c1ccc(F)cc1)C(=O)Nc2ccc(C#N)c(c2)C(F)(F)F,2.87,O=S(c1ccc(F)cc1)(C[C@@](O)(C)C(Nc1cc(C(F)(F)F)c(C#N)cc1)=O)=O,A{A*}{B}{AE{~B}{~B}araaa{G}aar}A{~B}Dasaaa{A^D}a{as}A{G}{G}G,27.166666666666668
CHEMBL2030963,CNc1cccc(CCCc2ccc(C[C@H](NC(=O)c3c(Cl)cccc3Cl)C(=O)O)cc2)n1,0.57,N(C(c1c(Cl)cccc1Cl)=O)[C@@H](Cc1ccc(CCCc2nc(NC)ccc2)cc1)C(=O)O,ADaraaaa{AAAasaaa{A{A*Q}{DA{~B}ata{Z}aaaatZ}A{~B}B}aas}dr,65.5
CHEMBL1607077,O=C(NCc1ccncc1)c2ccc(Oc3ccccc3)cc2,3.26,c1cccc(Oc2ccc(C(=O)NCc3ccncc3)cc2)c1,B~A{DAaraadaar}asaaa{Bataaaaat}aas,20.66666666666667
CHEMBL1689111,OC(=O)COc1ccc(Cl)cc1CN2CCN(CC2)S(=O)(=O)Cc3ccccc3,0.33,c1cc(Cl)cc(CN2CCN(S(Cc3ccccc3)(=O)=O)CC2)c1OCC(O)=O,BA{~B}ABaraaa{Z}aarADsAAD{AAs}E{~B}{~B}Aataaaaat,69.5
CHEMBL2335901,C[C@@H](NC(=O)C1CCNCC1)c2ccc(Nc3ncc4cc(ccc4n3)c5ccncc5)cc2,0.4,C1(C(=O)N[C@@H](c2ccc(Nc3ncc4cc(-c5ccncc5)ccc4n3)cc2)C)CCNCC1,A{A**Q}{DA{~B}ArAADAAr}asaaa{Datdaauaa{aaaudt}avaadaav}aas,68.33333333333333
CHEMBL564535,CN(C)C[C@H](O)Cc1ccc(Cl)c(c1)C(=O)NCC23CC4CC(CC(C4)C2)C3,2.19,C1C2CC3CC1(CNC(c1cc(C[C@@H](O)CN(C)C)ccc1Cl)=O)CC(C2)C3,AD{A}A{A*Q}{B}Aaraaa{Z}a{ar}A{~B}DAAstAAuAA{AA{Au}As}At,38.5
CHEMBL1232567,Oc1ccnc2ccccc12,0.8,c12c(c(O)ccn1)cccc2,Baraadasaaaaars,61.666666666666664
CHEMBL422,CN1CCN(CCCN2c3ccccc3Sc4ccc(cc24)C(F)(F)F)CC1,4.31,C(F)(F)(c1ccc2c(c1)N(CCCN1CCN(C)CC1)c1ccccc1S2)F,ADrAAD{AAADsataaaaatEauaaa{aasu}A{G}{G}G}AAr,3.166666666666673
CHEMBL573735,COc1cc(Nc2cc(Oc3ccc(C)nc3)ccn2)cc(OC)c1OC,3.21,COc1cc(Nc2nccc(Oc3ccc(C)nc3)c2)cc(OC)c1OC,ABaraa{Dasaa{Bataaa{A}dat}aads}aa{BA}arBA,21.5
CHEMBL2180019,CC1=NC(C)(N=C1N)c2cccc(c2)c3cccnc3,1.7,N1=C(N)C(C)=NC1(C)c1cc(-c2cnccc2)ccc1,AAr~DA{A}{D~ArD}asaaaa{as}ataaadat,46.666666666666664
CHEMBL1779006,COc1cc(F)ccc1c2cc(CNC3CCCC3)ccn2,1.71,O(C)c1c(-c2nccc(CNC3CCCC3)c2)ccc(F)c1,ABaraa{G}aaarasaa{ADAtAAAAt}aads,46.5
CHEMBL1407985,NC(=N)Nc1oc2ccccc2n1,1.91,o1c2ccccc2nc1NC(=N)N,DA{~D}Darbasaaaaasdr,43.166666666666664
CHEMBL1356763,Cc1nc2nc(NC(=O)c3ccc(F)cc3)nn2c(O)c1Cc4ccccc4,2.2,C(c1c(C)nc2n(nc(NC(c3ccc(F)cc3)=O)n2)c1O)c1ccccc1,Aardasda{DA{~B}ataaa{G}aat}ddsa{B}arAauaaaaau,38.33333333333333
CHEMBL841,CN(C)C(=O)C(CCN1CCC(O)(CC1)c2ccc(Cl)cc2)(c3ccccc3)c4ccccc4,3.47,c1ccccc1C(CCN1CCC(c2ccc(Cl)cc2)(O)CC1)(C(=O)N(C)C)c1ccccc1,AD{A}A{~B}A{AADrAAA{B}{AAr}asaaa{Z}aas}{ataaaaat}auaaaaau,17.166666666666664
CHEMBL186665,CN(C)CCCOc1nccc(Nc2cc(NC(=O)c3ccnc(c3)N4CCOCC4)ccc2C)n1,1.3,Cc1c(Nc2nc(OCCCN(C)C)ncc2)cc(NC(c2cc(N3CCOCC3)ncc2)=O)cc1,AD{A}AAABardaaa{Dasaa{DA{~B}ataada{at}DuAABAAu}aaasA}dr,53.333333333333336
CHEMBL64,NNC(=O)c1ccncc1,-0.57,O=C(NN)c1ccncc1,DDA{~B}araadaar,84.5
CHEMBL1778641,CCS(=O)(=O)c1ccc(cc1)c2cc(Cl)ccc2OCC(=O)O,-0.78,O=S(=O)(c1ccc(-c2cc(Cl)ccc2OCC(=O)O)cc1)CC,AAE{~B}{~B}araaa{aar}asaa{Z}aaasBAA{~B}B,88.0
CHEMBL2087856,Cn1cc(cc1c2c3C(=O)N(CC#C)C(=O)N(CC4CC4)c3nn2Cc5ccnc6ccc(Cl)cc56)C#N,3.96,C(c1ccnc2ccc(Cl)cc12)n1c(-c2cc(C#N)cn2C)c2c(n(CC3CC3)c(=O)n(CC#C)c2=O)n1,Adraa{aarasatA{~B}D{AA^A}A{~B}D{AAuAAu}atddsAavaadawaaa{Z}aavw}A^D,9.0
CHEMBL1650736,COc1cc(Nc2nc(N[C@@H](C)c3ncc(F)cn3)nc(N4CCOCC4)c2F)n[nH]1,2.64,c1c(F)cnc([C@@H](Nc2nc(Nc3n[nH]c(OC)c3)c(F)c(N3CCOCC3)n2)C)n1,ABaraa{Dasda{D{A**Q}{A}atdaa{G}adt}da{DuAABAAu}asG}d{dQ}r,31.0
CHEMBL441083,Cc1cccc(Nc2ncnc3ccccc23)c1,3.21,c12ccccc1ncnc2Nc1cc(C)ccc1,Aaraaaa{Dasdadataaaaast}ar,21.5
CHEMBL550167,OCCCNCCCOc1ccc(Cl)c(c1)C(=O)NCC23CC4CC(CC(C4)C2)C3,1.41,C(CNCCCO)COc1ccc(Cl)c(C(=O)NCC23CC4CC(C2)CC(C4)C3)c1,BAAADAAABaraaa{Z}a{ar}A{~B}DAAstAAuAA{AA{Au}As}At,51.5
CHEMBL1835907,CCOC(=O)c1ccc(OCCC2(CCN(CC2)c3ccc(C)nn3)C#N)cc1,3.54,c1cc(OCCC2(C#N)CCN(c3nnc(C)cc3)CC2)ccc1C(OCC)=O,AABA{~B}araaa{BAAAs{AAD{AAs}ataaa{A}ddt}A^D}aar,16.0
CHEMBL1201173,C[C@H]1C[C@H]2[C@@H]3CC[C@H](C(=O)C)[C@@]3(C)C[C@H](O)[C@@H]2[C@@]4(C)CCC(=O)C=C14,3.25,CC(=O)[C@@H]1[C@]2(C)[C@H]([C@@H]3C[C@H](C)C4=CC(=O)CC[C@]4(C)[C@H]3[C@@H](O)C2)CC1,A{A*Q}rA{A*Q}s{A**Q}tAA{A*Q}{A{~B}A}{A**}t{A}A{A*Q}{B}{A**Q}s{A**}u{A}AAA{~B}A~Aru,20.833333333333332
CHEMBL1338338,Fc1ccc(cc1)C(=O)C2CCN(CC2)C(=O)N3CCOCC3,1.61,C1N(C(N2CCC(C(c3ccc(F)cc3)=O)CC2)=O)CCOC1,Garaaa{aar}A{~B}AsAAD{AAs}A{~B}DtAABAAt,48.16666666666666
CHEMBL1289232,Cc1cc(Cl)ccc1N2CCN(CC2)C(=O)COCc3ccncc3,3.22,C1N(C(=O)COCc2ccncc2)CCN(c2c(C)cc(Cl)cc2)C1,Aaraa{Z}aaarDsAAD{AAs}A{~B}ABAataadaat,21.333333333333332
CHEMBL341087,CC1CN(CCN1)C(=O)c2cc3ccccc3[nH]2,0.94,c12ccccc1cc(C(=O)N1CCNC(C)C1)[nH]2,AArAD{AADr}A{~B}asaataaaaat{dQ}s,59.333333333333336
CHEMBL428462,Clc1ccc(cc1)C2(CCNCC2)c3ccc(cc3)c4cn[nH]c4,1.51,C1C(c2ccc(-c3cn[nH]c3)cc2)(c2ccc(Cl)cc2)CCNC1,Zaraaa{aar}As{AADAAs}ataaa{aat}auad{dQ}au,49.833333333333336
CHEMBL1184268,Cc1cc(C)cc(c1)c2c(O)nc3cc(Cl)c(cc3c2OCCC4CCCCN4)C(=O)Nc5ccncn5,1.7,n1c(NC(=O)c2cc3c(cc2Cl)nc(O)c(-c2cc(C)cc(C)c2)c3OCCC2CCCCN2)ccnc1,Aaraa{A}aa{ar}asa{B}dataa{Z}a{aatasBAAAuAAAADu}A{~B}Davaadadv,46.666666666666664
CHEMBL441479,Clc1cccc(C(=O)NCC23CC4CC(CC(C4)C2)C3)c1Cl,4.37,c1(C(=O)NCC23CC4CC(CC(C2)C4)C3)c(Cl)c(Cl)ccc1,Zaraaaa{A{~B}DAAstAAuAA{AA{Au}As}At}arZ,2.1666666666666647
CHEMBL1609658,CCOc1ccc(cc1)c2cnc3CCCCCn23,3.01,c1c(OCC)ccc(-c2cnc3n2CCCCC3)c1,AABaraaa{aar}asadatAAAAAdst,24.83333333333334
CHEMBL2011912,CNc1c(Br)cnc2[nH]c(nc12)c3ccnc(N)c3,2.83,CNc1c(Br)cnc2[nH]c(-c3ccnc(N)c3)nc21,ADara{Y}adas{dQ}a{dars}ataada{D}at,27.833333333333332
CHEMBL1809044,COc1cc(ccc1Nc2ncc(Cl)c(n2)c3cnc4ccccn34)N5CCN(CC5)C(=O)C,3.65,c1c(N2CCN(C(C)=O)CC2)cc(OC)c(Nc2ncc(Cl)c(-c3cnc4n3cccc4)n2)c1,ABaraa{aaarDasdaa{Z}a{ds}atadauaaaadtu}DvAAD{AAv}A{~B}A,14.16666666666667
CHEMBL2036760,FC(F)(F)c1ccc(NC(=O)N2CCN(C[C@@H]3CCCN(C3)C4CC4)CC2)cc1Cl,4.06,C1CC[C@@H](CN2CCN(C(=O)Nc3ccc(C(F)(F)F)c(Cl)c3)CC2)CN1C1CC1,GA{G}{G}araaa{DA{~B}DsAAD{A{A**Q}tAAAD{At}AuAAu}AAs}aarZ,7.33333333333334
CHEMBL146095,OCC(O)COC(=O)c1ccccc1Nc2ccnc3cc(Cl)ccc23,3.5,c1ccc(Nc2ccnc3cc(Cl)ccc23)c(C(=O)OCC(O)CO)c1,BAA{B}ABA{~B}araaaaarDasaadataa{Z}aaast,16.666666666666668
CHEMBL511444,CN[C@@H](C)C(=O)N[C@H](C(=O)N1CC[C@H]2CC[C@H](NC(=O)c3cccc4ccccc34)[C@@H]12)C(C)(C)C,1.94,N([C@@H](C)C(=O)N[C@H](C(=O)N1[C@H]2[C@@H](CC1)CC[C@@H]2NC(=O)c1c2c(cccc2)ccc1)C(C)(C)C)C,AD{A**Q}{A}A{~B}D{A*Q}{A{~B}DrAA{A*Q}sAA{A*Q}{DA{~B}ataaaauaaaaatu}{A**Q}rs}A{A}{A}A,42.666666666666664
CHEMBL1779004,COc1cc(F)ccc1c2cccc(CNC3CCCC3)c2,2.29,c1(OC)c(-c2cccc(CNC3CCCC3)c2)ccc(F)c1,ABaraa{G}aaarasaaaa{ADAtAAAAt}as,36.833333333333336
CHEMBL1669156,COc1cc(ccc1NC(=O)CN2CCOCC2)c3cccc4C(=O)C=C(Oc34)N5CCOCC5,2.3,C(=O)(CN1CCOCC1)Nc1ccc(-c2c3oc(N4CCOCC4)cc(=O)c3ccc2)cc1OC,ABaraa{aaarDA{~B}ADsAABAAs}ataaaauA{~B}A~A{Batu}DvAABAAv,36.66666666666667
CHEMBL1669158,CCOc1cc(ccc1NC(=O)CN2CCOCC2)c3cccc4C(=O)C=C(Oc34)N5CCOCC5,2.8,O1CCN(c2cc(=O)c3cccc(-c4ccc(NC(=O)CN5CCOCC5)c(OCC)c4)c3o2)CC1,AABaraa{aaarDA{~B}ADsAABAAs}ataaaauA{~B}A~A{Batu}DvAABAAv,28.33333333333334
CHEMBL319077,C1CN2CCC1C(C2)c3ccc(cc3)c4ccccc4,1.76,c1c(-c2ccccc2)ccc(C2CN3CCC2CC3)c1,ArADsAAArA{As}ataaa{aat}auaaaaau,45.666666666666664
CHEMBL2036569,Cc1cc(NC(=O)c2oc(Nc3ccccc3F)nn2)ccc1N4CCOCC4,4.0,C1COCCN1c1c(C)cc(NC(=O)c2nnc(Nc3ccccc3F)o2)cc1,Aaraa{DA{~B}asba{DataaaaatG}dds}aaarDuAABAAu,8.333333333333334
CHEMBL700,Nc1ccc(cc1)S(=O)(=O)Nc2ccccn2,-0.01,c1(NS(=O)(c2ccc(N)cc2)=O)ncccc1,Daraaa{aar}E{~B}{~B}Dasaaaads,75.16666666666667
CHEMBL524165,Fc1ccc(CC2=NNC(=O)c3ccccc23)cc1C(=O)N4CCN(CC4)C(=O)C5CCOC5,0.8,c12c(c(Cc3cc(C(=O)N4CCN(C(C5CCOC5)=O)CC4)c(F)cc3)n[nH]c1=O)cccc2,Garaaa{AAs~DDA{~B}ataaaaast}aarA{~B}DuAAD{AAu}A{~B}AvAABAv,61.666666666666664
CHEMBL2059379,CCNC(=O)c1cc2c(c(cnc2[nH]1)c3cnc(OC)c(c3)C4=NNC(=O)O4)n5ccc(n5)C(F)(F)F,2.32,c1c(C(NCC)=O)[nH]c2c1c(-n1ccc(C(F)(F)F)n1)c(-c1cnc(OC)c(-c3oc(=O)[nH]n3)c1)cn2,AADA{~B}araasa{a{adas{dQ}r}atada{BA}a{at}Au~DDA{~B}Bu}dvaaa{dv}A{G}{G}G,36.333333333333336
CHEMBL334492,Clc1cc(Cl)c2c3C(=O)NNC(=O)c3[nH]c2c1,1.02,Clc1cc(Cl)c2c3c([nH]c2c1)c(=O)[nH][nH]c3=O,Zaraa{Z}asatA{~B}DDA{~B}at{dQ}asar,58.0
CHEMBL562847,CCCCC(NC(=O)CC1CCN(Cc2ccn(c2)c3ccc(cc3)C(F)(F)F)CC1)C4=CNC(=O)C=C4,2.89,c1n(-c2ccc(C(F)(F)F)cc2)cc(CN2CCC(CC(=O)NC(CCCC)c3c[nH]c(=O)cc3)CC2)c1,AAAAA{DA{~B}AArAAD{Aasaad{as}ataaa{aat}A{G}{G}G}AAr}Au~ADA{~B}A~Au,26.833333333333332
CHEMBL2036588,Fc1cccc(Nc2oc(nn2)C(=O)Nc3ccc(nc3)N4CCOCC4)c1,3.2,N(C(c1oc(Nc2cccc(F)c2)nn1)=O)c1ccc(N2CCOCC2)nc1,Garaaaa{Dasba{dds}A{~B}Dataaa{dat}DuAABAAu}ar,21.66666666666666
CHEMBL101468,CN(C)CC(O)COc1ccc(Nc2nccc(Nc3cc(C)ccc3F)n2)cc1,2.1,n1c(Nc2ccc(OCC(CN(C)C)O)cc2)nc(Nc2c(F)ccc(C)c2)cc1,AD{A}AA{B}ABaraaa{Dasdaaa{Dataa{A}aaatG}ds}aar,40.0
CHEMBL1222381,O=C(NC1CC1)c2cc(on2)c3cccs3,2.54,c1(-c2cccs2)cc(C(NC2CC2)=O)no1,B~A{DArAAr}asaa{bds}ataaaet,32.666666666666664
CHEMBL1399574,CCOc1ccc(NC(=O)CCc2c(C)nc3nc(C)nn3c2C)cc1,2.1,n12c(nc(C)n1)nc(C)c(CCC(=O)Nc1ccc(OCC)cc1)c2C,AABaraaa{DA{~B}AAasa{A}datda{A}ddtasA}aar,40.0
CHEMBL2011910,CNc1c(Br)cnc2[nH]c(nc12)c3cccc(N)c3,2.96,c1(NC)c(Br)cnc2c1nc(-c1cccc(N)c1)[nH]2,ADara{Y}adas{dQ}a{dars}ataaaa{D}at,25.666666666666668
CHEMBL139250,Nc1nc(N)nc(n1)c2ccc(Cl)cc2,2.12,c1(N)nc(-c2ccc(Cl)cc2)nc(N)n1,Darda{D}da{dr}asaaa{Z}aas,39.666666666666664
CHEMBL2325695,COc1cc(c2nc(cc(n2)C3(CC3)S(=O)(=O)C)N4CCOCC4)c5cc[nH]c5c1,2.4,C1N(c2nc(-c3c4cc[nH]c4cc(OC)c3)nc(C3(S(=O)(=O)C)CC3)c2)CCOC1,ABaraa{asda{aa{ds}At{AAt}E{~B}{~B}A}DuAABAAu}avaa{dQ}avar,35.0
CHEMBL1916275,CN(C1CCCCC1)C(=O)c2c(C)nn(c2NS(=O)(=O)c3ccc(C)cc3)c4ccccc4,1.69,c1(C)nn(-c2ccccc2)c(NS(=O)(=O)c2ccc(C)cc2)c1C(=O)N(C)C1CCCCC1,AD{ArAAAAAr}A{~B}asa{A}dd{asDE{~B}{~B}ataaa{A}aat}auaaaaau,46.833333333333336
CHEMBL1508,CN(C)CCC[C@]1(OCc2cc(ccc12)C#N)c3ccc(F)cc3,1.48,c1c(C#N)ccc2c1CO[C@]2(c1ccc(F)cc1)CCCN(C)C,AD{A}AAA{A*}r{BAasaa{aaars}A^D}ataaa{G}aat,50.333333333333336
CHEMBL101779,COc1ccc(Nc2cc(Nc3ccc(OCC(O)CN(C)C)cc3)ncn2)cc1,1.5,C(COc1ccc(Nc2cc(Nc3ccc(OC)cc3)ncn2)cc1)(O)CN(C)C,ABaraaa{Dasaa{Dataaa{BAA{B}AD{A}A}aat}dads}aar,50.0
CHEMBL435582,CC(C)S(=O)(=O)NCC(C)c1ccc(cc1)c2ccc(cc2)C#N,3.5,c1c(-c2ccc(C#N)cc2)ccc(C(C)CNS(C(C)C)(=O)=O)c1,AA{A}E{~B}{~B}DAA{A}araaa{aar}asaaa{aas}A^D,16.666666666666668
CHEMBL1448843,O=C(CSc1ccccc1)N2CCN(CC2)C(=O)c3occc3,1.6,c1ccc(SCC(N2CCN(C(=O)c3occc3)CC2)=O)cc1,B~A{AEaraaaaar}DsAAD{AAs}A{~B}atbaaat,48.333333333333336
CHEMBL174310,NC1=NC2(CCN(CC2)C(=O)c3ccc(cc3)C#N)Nc4c(F)ccc(F)c14,0.86,O=C(N1CCC2(N=C(N)c3c(c(F)ccc3F)N2)CC1)c1ccc(C#N)cc1,DAr~DAs{AAD{AAs}A{~B}ataaa{aat}A^D}Daua{G}aaa{G}aru,60.666666666666664
CHEMBL26,CCN1CCCC1CNC(=O)c2cc(ccc2OC)S(=O)(=O)N,-1.2,O=S(N)(=O)c1ccc(OC)c(C(NCC2N(CC)CCC2)=O)c1,AADrAAAArADA{~B}asaa{aaasBA}E{~B}{~B}D,95.0
CHEMBL451,CNC1=Nc2ccc(Cl)cc2C(=[N+]([O-])C1)c3ccccc3,2.41,[N+]1([O-])=C(c2ccccc2)c2c(ccc(Cl)c2)N=C(NC)C1,ADAr~Dasaaa{Z}aasA{~{D%}{{B_}}Ar}ataaaaat,34.833333333333336
CHEMBL218712,CN(C)C(=O)[C@H](Cc1ccccc1)NC(=O)c2cc3ccsc3[nH]2,3.1,c1(C[C@@H](C(=O)N(C)C)NC(c2cc3c(scc3)[nH]2)=O)ccccc1,AD{A}A{~B}{A*Q}{Aaraaaaar}DA{~B}asaataaeat{dQ}s,23.333333333333332
CHEMBL262956,CC(C)C(NC(=O)CN1C(=O)C(=CN=C1c2cc(F)cc(F)c2)N)C(=O)C(F)(F)F,1.38,n1cc(N)c(=O)n(CC(NC(C(=O)C(F)(F)F)C(C)C)=O)c1-c1cc(F)cc(F)c1,AA{A}A{DA{~B}ADrA{~B}A{~AD~Arasaa{G}aa{G}as}D}A{~B}A{G}{G}G,52.0
CHEMBL1418512,CC(C)N(C(C)C)c1nnc(N)s1,1.49,CC(N(C(C)C)c1sc(N)nn1)C,AA{A}D{A{A}A}ardda{D}er,50.166666666666664
CHEMBL182074,CS(=O)(=O)c1ccc(CC(=O)N(C2CC2)C3CCN(CCC(c4ccccc4)c5ccccc5)CC3)cc1,2.89,c1(C(c2ccccc2)CCN2CCC(N(C3CC3)C(Cc3ccc(S(=O)(C)=O)cc3)=O)CC2)ccccc1,AE{~B}{~B}araaa{AA{~B}D{AsAAs}AtAAD{AAA{auaaaaau}avaaaaav}AAt}aar,26.833333333333332
CHEMBL1351571,Nc1ccc(OCc2ccccc2)cc1,2.2,c1c(OCc2ccccc2)ccc(N)c1,Daraaa{BAasaaaaas}aar,38.33333333333333
CHEMBL1089,NNCCc1ccccc1,-0.01,c1cc(CCNN)ccc1,DDAAaraaaaar,75.16666666666667
CHEMBL1163492,CCN(C1CCN(CCC(c2ccccc2)c3ccccc3)CC1)C(=O)NCc4ccc(F)cc4,3.9,c1c(CNC(=O)N(C2CCN(CCC(c3ccccc3)c3ccccc3)CC2)CC)ccc(F)c1,AAD{ArAAD{AAA{asaaaaas}ataaaaat}AAr}A{~B}DAauaaa{G}aau,10.000000000000002
CHEMBL1927251,Nc1n[nH]c2ncc3CCCCCCc3c12,2.54,c12cnc3[nH]nc(N)c3c1CCCCCC2,Dard{dQ}asdaatAAAAAAatars,32.666666666666664
CHEMBL2335900,C[C@@H](NC(=O)[C@H]1CCCNC1)c2ccc(Nc3ncc4cc(ccc4n3)c5ccncc5)cc2,1.69,c1nc(Nc2ccc([C@H](NC([C@H]3CCCNC3)=O)C)cc2)nc2ccc(-c3ccncc3)cc12,A{A**Q}{DA{~B}{A*Q}rAAADAr}asaaa{Datdaauaa{aaaudt}avaadaav}aas,46.833333333333336
CHEMBL1917428,Cc1c(Sc2ccc(Cl)cc2)c3c(C#N)c(Cl)ccc3n1CC(=O)O,1.6,N#Cc1c(Cl)ccc2n(CC(O)=O)c(C)c(Sc3ccc(Cl)cc3)c12,Aara{Easaaa{Z}aas}ata{A^D}a{Z}aaatdrAA{~B}B,48.333333333333336
CHEMBL1274,CC1(C)NC(=O)N(C1=O)c2ccc(c(c2)C(F)(F)F)[N+](=O)[O-],1.74,O=C1N(c2cc(C(F)(F)F)c([N+]([O-])=O)cc2)C(=O)NC1(C)C,AAr{A}DA{~B}D{Ar~B}asaaa{a{as}A{G}{G}G}{D%}{~B}{B_},46.0
CHEMBL412119,NS(=O)(=O)c1ccc2NC(C3CC=CC3c2c1)c4cccc5ccccc45,1.9,C1=CC2c3cc(S(=O)(=O)N)ccc3NC(c3c4c(cccc4)ccc3)C2C1,DE{~B}{~B}araaasDA{AtAA~AAtasar}auaaaavaaaaauv,43.333333333333336
CHEMBL1682938,CC[C@H](NC(=O)c1c([S+](C)[O-])c(nc2ccccc12)c3ccccc3)c4ccccc4,3.17,N([C@@H](CC)c1ccccc1)C(=O)c1c2ccccc2nc(-c2ccccc2)c1[S+]([O-])C,AA{A*Q}{DA{~B}ara{{E%}{A}{B_}}a{dasaaaaars}ataaaaat}auaaaaau,22.166666666666668
CHEMBL1517664,Cc1ccnc(NCc2ccccc2O)c1,3.35,c1cnc(NCc2ccccc2O)cc1C,Aaraada{DAasaaaaasB}ar,19.166666666666664
CHEMBL2086690,CC(C)c1onc(n1)N2CCN([C@H](C)C2)c3ncc(OCc4ccncc4C#N)cn3,3.3,o1c(C(C)C)nc(N2C[C@@H](C)N(c3ncc(OCc4ccncc4C#N)cn3)CC2)n1,AA{A}arbda{dr}DsAAD{{A*Q}{A}As}atdaa{BAauaadaauA^D}adt,20.000000000000004
CHEMBL1807820,O[C@@H](CNCCCSCCOCCc1cccc2ccccc12)c3ccc(O)c4NC(=O)Sc34,3.12,c12sc(=O)[nH]c1c(O)ccc2[C@H](CNCCCSCCOCCc1cccc2c1cccc2)O,B{A**Q}{ADAAAEAABAAaraaaasaaaaars}ataaa{B}auDA{~B}Eatu,23.0
CHEMBL1809064,COc1cc(ccc1Nc2ncc(Cl)c(n2)c3cnc4ccccn34)N5CCN(CCS(=O)(=O)C)CC5,3.1,n1c2ccccn2c(-c2c(Cl)cnc(Nc3ccc(N4CCN(CCS(=O)(=O)C)CC4)cc3OC)n2)c1,ABaraa{aaarDasdaa{Z}a{ds}atadauaaaadtu}DvAAD{AAE{~B}{~B}A}AAv,23.333333333333332
CHEMBL1739708,COc1ccc(cc1)c2nc(N)s[n+]2c3ccccc3,2.19,c1(N)s[n+](-c2ccccc2)c(-c2ccc(OC)cc2)n1,ABaraaa{aar}asda{D}e{d%}sataaaaat,38.5
CHEMBL281266,O=C1NC(=O)C(Cc2ccc3ccccc3c2)S1,2.41,C1(=O)NC(=O)SC1Cc1cc2ccccc2cc1,B~ArDA{~B}A{Aasaaataaaaatas}Er,34.833333333333336
CHEMBL2059866,Cc1ccc(cc1NC(=O)c2ccc(OCc3ccccn3)cc2)c4cn(C)cn4,2.54,Cn1cnc(-c2ccc(C)c(NC(c3ccc(OCc4ccccn4)cc3)=O)c2)c1,Aaraaa{aarDA{~B}asaaa{BAataaaadt}aas}auad{A}adu,32.666666666666664
CHEMBL1669154,O=C(CN1CCOCC1)Nc2ccc(cc2OCC3CC3)c4cccc5C(=O)C=C(Oc45)N6CCOCC6,3.3,O1CCN(c2oc3c(-c4ccc(NC(CN5CCOCC5)=O)c(OCC5CC5)c4)cccc3c(=O)c2)CC1,B~A{ADrAABAAr}Dasaaa{aasBAAtAAt}auaaaavA{~B}A~A{Bauv}DwAABAAw,20.000000000000004
CHEMBL315708,c1ccc(cc1)c2[nH]nc3ccccc23,3.79,c1cc2c(n[nH]c2-c2ccccc2)cc1,araaa{aar}as{dQ}dataaaaast,11.833333333333334
CHEMBL139557,CC(O)(C(=O)Nc1ccc(cc1)S(=O)(=O)c2cccnc2)C(F)(F)F,2.08,OC(C(=O)Nc1ccc(S(c2cccnc2)(=O)=O)cc1)(C(F)(F)F)C,AA{B}{A{~B}Daraaa{aar}E{~B}{~B}asaaadas}A{G}{G}G,40.333333333333336
CHEMBL1180272,CCCCC(N1NC(=O)c2nc3cc(Cl)ccc3c(O)c2C1=O)c4ccncc4,1.4,c1c(Cl)ccc2c(O)c3c(=O)n(C(CCCC)c4ccncc4)[nH]c(=O)c3nc12,AAAAA{DrDA{~B}asdataa{Z}aaata{B}asAr~B}auaadaau,51.666666666666664
CHEMBL142703,OC12CC3CC(C1)CC(C3)(C2)NCC(=O)N4CCC[C@H]4C#N,-0.48,N#C[C@@H]1CCCN1C(CNC12CC3CC(O)(CC(C3)C1)C2)=O,BArsAAtAA{Ar}AA{At}{As}DAA{~B}DuAAA{A*Q}uA^D,83.00000000000001
CHEMBL1443631,CCOc1ccccc1N2CCN(Cc3c[nH]nc3c4ccc(F)cc4)CC2,3.38,c1(F)ccc(-c2c(CN3CCN(c4c(OCC)cccc4)CC3)c[nH]n2)cc1,AABaraaaaarDsAAD{Aata{dQ}datauaaa{G}aau}AAs,18.666666666666668
CHEMBL685,COC(=O)Nc1nc2ccc(cc2[nH]1)C(=O)c3ccccc3,2.9,c1cc2nc(NC(OC)=O)[nH]c2cc1C(c1ccccc1)=O,ABA{~B}Dardasaaa{aas{dQ}r}A{~B}ataaaaat,26.666666666666668
CHEMBL179190,Fc1cc(ccc1C2=CCS(=O)(=O)CC2)N3C[C@H](Cn4nncc4F)OC3=O,3.54,c1(C2=CCS(=O)(=O)CC2)ccc(N2C[C@H](Cn3nncc3F)OC2=O)cc1F,Garaa{aaarAs~AAE{~B}{~B}AAs}DtA{A*Q}{AduddaauG}BAt~B,16.0
CHEMBL1807850,C[C@@H]1CC[C@H](CC1)Oc2nc(N)c3ncn([C@@H]4O[C@H](C)[C@@H](O)[C@H]4O)c3n2,2.35,C1C[C@H](C)CC[C@H]1Oc1nc2c(c(N)n1)ncn2[C@@H]1O[C@H](C)[C@@H](O)[C@H]1O,A{A**Q}rAA{A*Q}{AAr}Basda{D}atdad{{A**Q}uB{A*Q}{A}{A**Q}{B}{A*Q}uB}atds,35.833333333333336
CHEMBL205742,CC(C)CN1C(=O)N(C)C(=O)c2c1sc(Cc3ccnc4ccccc34)c2C(=O)N5CC[C@@H](O)C5,1.65,c1(Cc2ccnc3ccccc23)c(C(N2C[C@H](O)CC2)=O)c2c(=O)n(C)c(=O)n(CC(C)C)c2s1,AA{A}ADrA{~B}D{A}A{~B}asarea{Aataadauaaaaatu}asA{~B}DvAA{A**Q}{B}Av,47.5
CHEMBL153064,CC(=O)C1=Cc2ccc(O)cc2OC1=O,0.87,c1c(O)cc2oc(=O)c(C(=O)C)cc2c1,AA{~B}Ar~Aasaaa{B}aasBAr~B,60.5
CHEMBL75821,C[C@@](O)(C(=O)Nc1ccc(cc1Cl)S(=O)(=O)NCCN2CCOCC2)C(F)(F)F,2.14,c1(Cl)cc(S(NCCN2CCOCC2)(=O)=O)ccc1NC(=O)[C@](C)(C(F)(F)F)O,A{A**}{B}{A{~B}Daraaa{aarZ}E{~B}{~B}DAADsAABAAs}A{G}{G}G,39.333333333333336
CHEMBL50149,[O-][N+](=O)c1cccc2C(=O)C(=O)c3ccccc3c12,2.6,O=[N+]([O-])c1cccc2c1-c1c(cccc1)C(=O)C2=O,{B_}{D%}{~B}araaaasA{~B}A{~B}ataaaaatars,31.666666666666668
CHEMBL1934123,CC(=O)N[C@@H]1CC2(CCN(Cc3ccc4[nH]c5ccccc5c4c3)CC2)c6ccccc16,2.96,c1c2c(c3cc(CN4CCC5(CC4)C[C@@H](NC(=O)C)c4ccccc45)ccc3[nH]2)ccc1,AA{~B}D{A**Q}rAAs{AAD{Aataaau{dQ}avaaaaavauat}AAs}awaaaaarw,25.666666666666668
CHEMBL512607,CC(C)(C)C(=O)N[C@H]1CCCCNC1=O,0.58,N1C(=O)[C@@H](NC(C(C)(C)C)=O)CCCC1,AA{A}{A}A{~B}D{A*Q}rAAAADAr~B,65.33333333333333
CHEMBL1669157,Oc1cc(ccc1NC(=O)CN2CCOCC2)c3cccc4C(=O)C=C(Oc34)N5CCOCC5,2.4,c1c(-c2ccc(NC(CN3CCOCC3)=O)c(O)c2)c2c(c(=O)cc(N3CCOCC3)o2)cc1,Baraa{aaarDA{~B}ADsAABAAs}ataaaauA{~B}A~A{Batu}DvAABAAv,35.0
CHEMBL2177613,CCCSc1c(cnn1c2ccc(cc2)C(=O)O)C(=O)NC3CCCCC3,0.64,CCCSc1n(-c2ccc(C(O)=O)cc2)ncc1C(=O)NC1CCCCC1,AAAEara{addrasaaa{aas}A{~B}B}A{~B}DAtAAAAAt,64.33333333333333
CHEMBL193610,Cc1ccc(cc1)c2c[nH]nn2,2.58,c1(C)ccc(-c2nn[nH]c2)cc1,Aaraaa{aar}asa{dQ}dds,32.0
CHEMBL1089518,CCCCOc1nc(N)c2NC(=O)N(Cc3cccc(CC(=O)O)c3)c2n1,0.14,OC(Cc1cc(Cn2c(=O)[nH]c3c(N)nc(OCCCC)nc23)ccc1)=O,AAAABarda{D}asDA{~B}D{Aataaaa{AA{~B}B}at}asdr,72.66666666666667
CHEMBL1527495,O=S(=O)(Nc1cccc2[nH]ncc12)c3cccs3,1.7,c12cccc(NS(c3sccc3)(=O)=O)c1cn[nH]2,B~E{~B}{Daraaaas{dQ}daars}ataaaet,46.666666666666664
CHEMBL1951181,COc1cc(OC)c(cc1NC(=O)C)S(=O)(=O)NCc2ccccc2N3CCC(CO)CC3,1.03,C1CN(c2c(CNS(=O)(=O)c3c(OC)cc(OC)c(NC(=O)C)c3)cccc2)CCC1CO,ABaraa{BA}a{aarDA{~B}A}E{~B}{~B}DAasaaaaasDtAAA{AB}AAt,57.833333333333336
CHEMBL452273,COCCNCc1ccc(cc1)c2cc(C(=O)N)c(NC(=O)N)s2,0.87,C(NCCOC)c1ccc(-c2cc(C(=O)N)c(NC(N)=O)s2)cc1,ABAADAaraaa{aar}asaa{A{~B}D}a{DA{~B}D}es,60.5
CHEMBL1934415,C[C@H](NC(=O)c1c(C)nn(C2CCCCC2)c1NS(=O)(=O)c3ccc(C)cc3)C(C)(C)C,1.97,N([C@H](C(C)(C)C)C)C(=O)c1c(C)nn(C2CCCCC2)c1NS(=O)(c1ccc(C)cc1)=O,A{A*Q}{DA{~B}ara{A}dd{AsAAAAAs}arDE{~B}{~B}ataaa{A}aat}A{A}{A}A,42.16666666666667
CHEMBL243001,CC(C)N1CCC[C@H](CN2C(=Nc3ccc(Oc4ccc(F)cc4)cc3C2=O)C)C1,2.4,c1(C)n(C[C@@H]2CN(C(C)C)CCC2)c(=O)c2cc(Oc3ccc(F)cc3)ccc2n1,AA{A}DrAAA{A*Q}{ADsA{~Dataaa{Bauaaa{G}aau}aatAs~B}A}Ar,35.0
CHEMBL594707,Nc1ccc2cn[nH]c2c1,0.52,[nH]1ncc2ccc(N)cc12,Daraaasad{dQ}asar,66.33333333333333
CHEMBL560241,Cc1cc(n[nH]1)c2ccc(Cl)c(c2)C(=O)NCC3(O)CCCCCC3,3.41,C(C1(O)CCCCCC1)NC(c1cc(-c2n[nH]c(C)c2)ccc1Cl)=O,Aaraa{d{dQ}r}asaaa{Z}a{as}A{~B}DAAt{B}AAAAAAt,18.166666666666664
CHEMBL2178735,Nc1ccc(cn1)C(=O)Nc2cccc(c2)c3nc(N4CCOCC4)c5oc6ncccc6c5n3,3.44,O1CCN(c2nc(-c3cc(NC(=O)c4ccc(N)nc4)ccc3)nc3c4cccnc4oc23)CC1,Daraaa{adr}A{~B}Dasaaaa{as}atda{DuAABAAu}avbawdaaaawavdt,17.666666666666668
CHEMBL1609717,Fc1ccc(CNC(=O)CCS(=O)(=O)c2ccc(Br)cc2)cc1,3.1,C(c1ccc(F)cc1)NC(CCS(c1ccc(Br)cc1)(=O)=O)=O,Garaaa{ADA{~B}AAE{~B}{~B}asaaa{Y}aas}aar,23.333333333333332
CHEMBL238087,CC1(CC(=O)NC(=N1)N)c2ccccc2,0.62,c1(C2(C)N=C(N)NC(=O)C2)ccccc1,AAr{AA{~B}DA{~Dr}D}asaaaaas,64.66666666666667
CHEMBL319165,CN(C)C(=O)[C@H](Cc1ccccc1)NC(=O)c2cc3ccccc3[nH]2,3.4,O=C(N(C)C)[C@H](Cc1ccccc1)NC(c1cc2c(cccc2)[nH]1)=O,AD{A}A{~B}{A*Q}{Aaraaaaar}DA{~B}asaataaaaat{dQ}s,18.333333333333336
CHEMBL1087898,C[C@H](Nc1cncc(Nc2ncc(C)s2)n1)c3ncc(F)cn3,1.91,C[C@H](Nc1cncc(Nc2sc(C)cn2)n1)c1ncc(F)cn1,A{A*Q}{Daradaa{Dasdaa{A}es}dr}atdaa{G}adt,43.166666666666664
CHEMBL255170,Cc1ccc(Oc2ccc(Nc3ncnc4[nH]nc(OCCN5CCC(O)CC5)c34)cc2Cl)cn1,3.4,N(c1ccc(Oc2cnc(C)cc2)c(Cl)c1)c1c2c(ncn1)[nH]nc2OCCN1CCC(O)CC1,Aaraaa{Basaaa{Datdadau{dQ}da{BAADvAAA{B}AAv}atu}aasZ}adr,18.333333333333336
CHEMBL2158824,OC(=O)c1ccc(cc1)N2CCC(CN3CCC(CC3)Oc4ccc(Cl)c(Cl)c4)CC2,2.31,N1(c2ccc(C(=O)O)cc2)CCC(CN2CCC(Oc3ccc(Cl)c(Cl)c3)CC2)CC1,BA{~B}araaa{aar}DsAAA{ADtAAA{AAt}Bauaaa{Z}a{Z}au}AAs,36.5
CHEMBL193233,COc1ccc(cc1N2CC(=O)NS2(=O)=O)c3ccccc3,-1.01,N1C(=O)CN(c2cc(-c3ccccc3)ccc2OC)S1(=O)=O,ABaraaa{aarDsAA{~B}DEs{~B}~B}ataaaaat,91.83333333333333
CHEMBL1945290,CCOc1ccccc1CNCc2cccc(CCNC[C@H](O)c3ccc(O)c4NC(=O)Sc34)c2,1.13,c1cc([C@@H](O)CNCCc2cccc(CNCc3c(OCC)cccc3)c2)c2sc(=O)[nH]c2c1O,AABaraaaaarADAasaaaa{AADA{A*Q}{B}ataaa{B}auDA{~B}Eatu}as,56.166666666666664
CHEMBL1072,CCCCNc1cc(cc(c1Oc2ccccc2)S(=O)(=O)N)C(=O)O,-0.3,c1c(C(=O)O)cc(S(N)(=O)=O)c(Oc2ccccc2)c1NCCCC,AAAADaraa{aa{arBasaaaaas}E{~B}{~B}D}A{~B}B,80.0
CHEMBL1778630,OC(=O)COc1ccc(cc1c2ccccc2c3ccccc3)C(F)(F)F,1.38,c1cccc(-c2ccccc2)c1-c1cc(C(F)(F)F)ccc1OCC(=O)O,BA{~B}ABaraaa{aarasaaaaasataaaaat}A{G}{G}G,52.0
CHEMBL1290078,Cc1nc(cs1)C(=O)N2CCCC3(CCN(Cc4ccc(Cl)cc4)CC3)C2,0.64,C1C2(CCN(Cc3ccc(Cl)cc3)C1)CN(C(=O)c1nc(C)sc1)CCC2,Aarda{aer}A{~B}DsAAAAt{AAD{Aauaaa{Z}aau}AAt}As,64.33333333333333
CHEMBL2151326,COc1cc(Nc2nc3c(cc2F)ncn3[C@@H](CO)c4ccc(F)cn4)n[nH]1,2.18,O(c1[nH]nc(Nc2c(F)cc3c(n([C@H](c4ncc(F)cc4)CO)cn3)n2)c1)C,ABaraa{Dasdata{aasG}dadt{A**Q}{AB}auaaa{G}adu}d{dQ}r,38.666666666666664
CHEMBL1289575,CC1(CCN(CC1)C(=O)COCc2ccncc2)c3ccc(Cl)cc3,2.79,c1(COCC(N2CCC(c3ccc(Cl)cc3)(C)CC2)=O)ccncc1,AAr{AAD{AAr}A{~B}ABAasaadaas}ataaa{Z}aat,28.5
CHEMBL2325737,NC1(CCN(CC1)c2ncnc3[nH]ccc23)C(=O)NC(CO)c4ccc(Cl)cc4,2.4,OCC(NC(=O)C1(N)CCN(c2ncnc3[nH]ccc32)CC1)c1ccc(Cl)cc1,DAr{AAD{AAr}asdadat{dQ}aaast}A{~B}DA{AB}auaaa{Z}aau,35.0
CHEMBL32066,CNC(=O)c1cccc(c1c2ccc(CC(C)C)cc2)S(=O)(=O)Nc3ncc(C)nc3OC,1.68,c1(-c2ccc(CC(C)C)cc2)c(C(=O)NC)cccc1S(=O)(=O)Nc1c(OC)nc(C)cn1,ADA{~B}araaaa{arasaaa{AA{A}A}aas}E{~B}{~B}Datdaa{A}datBA,47.0
CHEMBL14130,Oc1ccc(cc1)[N+](=O)[O-],1.5,Oc1ccc([N+](=O)[O-])cc1,Baraaa{aar}{D%}{~B}{B_},50.0
CHEMBL1916267,CCC(CC)NC(=O)c1cnn(Cc2ccccc2)c1NS(=O)(=O)c3ccc(C)cc3,1.52,c1cccc(Cn2ncc(C(=O)NC(CC)CC)c2NS(c2ccc(C)cc2)(=O)=O)c1,AAA{AA}DA{~B}aradd{Aasaaaaas}arDE{~B}{~B}ataaa{A}aat,49.666666666666664
CHEMBL187368,Oc1cccc2Oc3ccccc3C(=O)c12,3.8,o1c2cccc(O)c2c(=O)c2c1cccc2,BaraaaasBataaaaatA{~B}ars,11.66666666666667
CHEMBL216053,COc1cc2c(Nc3cc(CC(=O)Nc4cccc(F)c4F)[nH]n3)ncnc2cc1OCCCN(CCO)CC(C)C,3.61,C(N(CCCOc1c(OC)cc2c(ncnc2Nc2cc(CC(=O)Nc3cccc(F)c3F)[nH]n2)c1)CC(C)C)CO,ABaraasa{Dataa{AA{~B}Dauaaaa{G}auG}{dQ}dt}dadasaarBAAAD{AAB}AA{A}A,14.833333333333336
CHEMBL169186,COc1cc2c(Nc3c(Cl)ccc4OCOc34)ncnc2cc1OCCCN5CCCCC5,2.05,C1CCCCN1CCCOc1cc2ncnc(Nc3c4c(ccc3Cl)OCO4)c2cc1OC,ABaraasa{Data{Z}aaauBABatu}dadasaarBAAADvAAAAAv,40.833333333333336
CHEMBL1940107,COc1cc2ncnc(Oc3cnn(CC(=O)Nc4ccc(cn4)N(C)C)c3)c2cc1OC,2.36,n1cnc(Oc2cn(CC(=O)Nc3ccc(N(C)C)cn3)nc2)c2cc(OC)c(OC)cc12,ABaraasdada{Batadd{AA{~B}Dauaaa{adu}D{A}A}at}asaarBA,35.666666666666664
CHEMBL335759,C(Cn1c2CCCCc2c3c(nc(nc13)N4CCCC4)N5CCCC5)N6CCOCC6,3.6,n1(CCN2CCOCC2)c2c(c(N3CCCC3)nc(N3CCCC3)n2)c2c1CCCC2,A{AdrasAAAAasata{da{dart}DuAAAAu}DvAAAAv}DwAABAAw,14.999999999999998
CHEMBL2086657,CC(C)(C)OC(=O)N1CCN(CC1)c2ncc(OCc3ccc(cc3)S(=O)(=O)C)nn2,2.93,O=S(C)(c1ccc(COc2nnc(N3CCN(C(OC(C)(C)C)=O)CC3)nc2)cc1)=O,AA{A}{A}BA{~B}DrAAD{AAr}asdaa{BAataaa{aat}E{~B}{~B}A}dds,26.16666666666666
CHEMBL11084,CC(C)C(NC(=O)CN1C(=O)C(=CN=C1c2cccs2)N)C(=O)C(F)(F)F,0.68,c1(-c2n(CC(NC(C(C)C)C(=O)C(F)(F)F)=O)c(=O)c(N)cn2)sccc1,AA{A}A{DA{~B}ADrA{~B}A{~AD~Arasaaaes}D}A{~B}A{G}{G}G,63.666666666666664
CHEMBL1605804,Cc1ccnc2nc(nn12)C(=O)Nc3nccs3,0.31,n12c(C)ccnc1nc(C(=O)Nc1sccn1)n2,Aaraadasda{ddrs}A{~B}Datdaaet,69.83333333333334
CHEMBL402311,OC(=O)[C@H](Cc1ccc(cc1)N2CCN(CC2)c3ccccc3)NC(=O)c4c(Cl)cccc4Cl,0.08,Clc1cccc(Cl)c1C(=O)N[C@@H](Cc1ccc(N2CCN(c3ccccc3)CC2)cc1)C(=O)O,BA{~B}{A*Q}{Aaraaa{aar}DsAAD{AAs}ataaaaat}DA{~B}aua{Z}aaaauZ,73.66666666666667
CHEMBL472524,CCNC(=O)Nc1nc2cc(ccc2[nH]1)c3cccnc3,2.34,N(C(=O)Nc1[nH]c2ccc(-c3cnccc3)cc2n1)CC,AADA{~B}Dardasaa{aaas{dQ}r}ataaadat,36.0
CHEMBL1477036,CCCCC(CC)COC(=O)CC(C(=O)OCC(CC)CCCC)S(=O)(=O)O,2.93,O(CC(CC)CCCC)C(C(CC(=O)OCC(CC)CCCC)S(=O)(=O)O)=O,AAAAA{AA}ABA{~B}AA{A{~B}BAA{AA}AAAA}E{~B}{~B}B,26.16666666666666
CHEMBL315157,CN1CCCC1CCOC(C)(c2ccccc2)c3ccc(Cl)cc3,3.04,C(C1N(C)CCC1)COC(c1ccccc1)(C)c1ccc(Cl)cc1,ADrAAAArAABA{A}{asaaaaas}ataaa{Z}aat,24.333333333333332
CHEMBL235763,NC1=NC(CC(=O)N1)c2ccc(Cl)c(Cl)c2,1.46,O=C1NC(N)=NC(c2cc(Cl)c(Cl)cc2)C1,DAr~DA{AA{~B}Dr}asaaa{Z}a{Z}as,50.666666666666664
CHEMBL1957366,Oc1c(C#N)c(nc2ccncc12)c3ccc(cc3)c4ccccc4OC(F)(F)F,3.45,c1c2c(c(O)c(C#N)c(-c3ccc(-c4c(OC(F)(F)F)cccc4)cc3)n2)cnc1,Bara{A^D}a{dasaadaars}ataaa{aat}auaaaaauBA{G}{G}G,17.499999999999996
CHEMBL1623092,NCC(O)(c1ccc(Cl)cc1)c2ccc(Cl)cc2,2.69,c1cc(Cl)ccc1C(c1ccc(Cl)cc1)(CN)O,DAA{B}{araaa{Z}aar}asaaa{Z}aas,30.166666666666668
CHEMBL438,Cc1ccnc(NS(=O)(=O)c2ccc(N)cc2)n1,-0.51,O=S(c1ccc(N)cc1)(=O)Nc1nc(C)ccn1,Aaraada{DE{~B}{~B}asaaa{D}aas}dr,83.5
CHEMBL1807832,O[C@@H](CNCCOCCCNCCc1cccc(Cl)c1)c2ccc(O)c3NC(=O)Sc23,0.83,C(CNC[C@@H](c1ccc(O)c2[nH]c(=O)sc12)O)OCCCNCCc1cccc(Cl)c1,B{A**Q}{ADAABAAADAAaraaaa{Z}ar}asaaa{B}atDA{~B}East,61.166666666666664
CHEMBL134908,CN1CCC[C@@H]([C@H]1C(=O)Nc2ccc(OCc3cc(C)nc4ccccc34)cc2)C(=O)NO,2.41,N(O)C([C@@H]1[C@@H](C(Nc2ccc(OCc3c4ccccc4nc(C)c3)cc2)=O)N(C)CCC1)=O,ADrAAA{A**Q}{{A*Q}rA{~B}Dasaaa{BAataa{A}dauaaaaatu}aas}A{~B}DB,34.833333333333336
CHEMBL36643,COC(=O)COc1ccc(cn1)C(=O)Nc2ccc(F)cc2,2.43,Fc1ccc(NC(c2ccc(OCC(OC)=O)nc2)=O)cc1,ABA{~B}ABaraaa{adr}A{~B}Dasaaa{G}aas,34.49999999999999
CHEMBL1180194,CCC(N1NC(=O)c2nc3cc(Cl)ccc3c(O)c2C1=O)c4ccccn4,0.8,CCC(n1[nH]c(=O)c2c(c(O)c3c(cc(Cl)cc3)n2)c1=O)c1ccccn1,AAA{DrDA{~B}asdataa{Z}aaata{B}asAr~B}auaaaadu,61.666666666666664
CHEMBL2036733,Cc1cccc(Nc2oc(nn2)C(=O)Nc3ccc(nc3)N4CCOCC4)c1,3.42,c1c(N2CCOCC2)ncc(NC(c2nnc(Nc3cc(C)ccc3)o2)=O)c1,Aaraaaa{Dasba{dds}A{~B}Dataaa{dat}DuAABAAu}ar,18.0
CHEMBL1835910,CCOC(=O)c1ccc(OCC2CN(C2)c3ccc(C)nn3)cc1,3.1,c1(C(OCC)=O)ccc(OCC2CN(c3ccc(C)nn3)C2)cc1,AABA{~B}araaa{BAAsAD{As}ataaa{A}ddt}aar,23.333333333333332
CHEMBL1779007,COc1cc(F)ccc1c2cncc(CNC3CCCCC3)c2,2.6,c1(F)ccc(-c2cc(CNC3CCCCC3)cnc2)c(OC)c1,ABaraa{G}aaarasadaa{ADAtAAAAAt}as,31.666666666666668
CHEMBL1824376,Oc1cccc(NC(=O)c2ccc(OCCCN3CCCC3)cc2OCc4ccccn4)c1,1.78,c1(COc2cc(OCCCN3CCCC3)ccc2C(=O)Nc2cc(O)ccc2)ccccn1,Baraaaa{DA{~B}asaaa{BAAADtAAAAt}aasBAauaaaadu}ar,45.333333333333336
CHEMBL1081772,CC1CC(N(C(=O)C)c2ccccc2)c3ccccc3N1S(=O)(=O)c4ccccc4,3.68,c1cccc(N(C2c3ccccc3N(S(=O)(c3ccccc3)=O)C(C)C2)C(=O)C)c1,AArAA{D{A{~B}A}asaaaaas}ataaaaatDrE{~B}{~B}auaaaaau,13.666666666666664
CHEMBL496929,OCCc1ccc(NC(=O)c2cc3cc(Cl)ccc3[nH]2)cc1,3.85,c1(CCO)ccc(NC(c2[nH]c3c(cc(Cl)cc3)c2)=O)cc1,BAAaraaa{DA{~B}asaataa{Z}aaat{dQ}s}aar,10.83333333333333
CHEMBL199147,CCN(C1CCN(CCC(c2ccc(F)cc2)c3ccc(F)cc3)CC1)C(=O)Cc4ccc(cc4)S(=O)(=O)C,3.21,C(CC(c1ccc(F)cc1)c1ccc(F)cc1)N1CCC(N(CC)C(Cc2ccc(S(C)(=O)=O)cc2)=O)CC1,AAD{ArAAD{AAA{asaaa{G}aas}ataaa{G}aat}AAr}A{~B}Aauaaa{aau}E{~B}{~B}A,21.5
CHEMBL15932,COc1cccc2[nH]ncc12,2.1,O(C)c1c2cn[nH]c2ccc1,ABaraaaas{dQ}daars,40.0
CHEMBL558748,Clc1ccc2ncccc2c1C(=O)NCC3CCCCC3,2.65,C(C1CCCCC1)NC(=O)c1c(Cl)ccc2ncccc12,ZaraaasdaaaasarA{~B}DAAtAAAAAt,30.833333333333332
CHEMBL237889,CN1C(=O)C=C(CCc2ccc3ccccc3c2)N=C1N,2.7,Nc1n(C)c(=O)cc(CCc2ccc3c(cccc3)c2)n1,ADrA{~B}A~A{AAasaaataaaaatas}D~ArD,29.999999999999996
