mol_id,smiles,value,smiles_random,smiles_blind,value_blind
CHEMBL2206790,COCC[C@H](Oc1ncnc2c1cnn2-c1ccccc1Cl)C(=O)Nc1ccc(C)cn1,95.43,C(C[C@H](Oc1c2c(n(-c3ccccc3Cl)nc2)ncn1)C(=O)Nc1ccc(C)cn1)OC,ABAA{A*Q}{Bardadasaradds_araaaaarZ}A{~B}Daraaa{A}adr,5.091810296271258
CHEMBL1459588,CCCCCOc1ccc(C(=O)NC(C(=O)O)C(C)C)cc1,98.29,C(CCCOc1ccc(C(=O)NC(C(C)C)C(=O)O)cc1)C,AAAAABaraaa{A{~B}DA{A{~B}B}A{A}A}aar,1.8700011265066987
CHEMBL1916543,COc1ncc2ccc(=O)n(CCN3CCC(NCc4cc5c(cn4)OCCO5)CC3)c2n1,72.45,C1COc2cc(CNC3CCN(CCn4c5nc(OC)ncc5ccc4=O)CC3)ncc2O1,ABardaasaaa{~B}d{AADtAAA{DAauaava{adu}BAABv}AAt}asdr,30.978934324659228
CHEMBL521407,CN1CCN(c2ccc3ncc(C(N)=O)c(Nc4ccc(Cl)cc4Cl)c3c2)CC1,98.21,c12cc(N3CCN(C)CC3)ccc1ncc(C(N)=O)c2Nc1ccc(Cl)cc1Cl,ADrAAD{asaaatdaa{A{D}~B}a{Dauaaa{Z}aauZ}atas}AAr,1.9601216627239033
CHEMBL1807851,C[C@H]1O[C@@H](n2cnc3c(N)nc(OCC4CC45CC5)nc32)[C@H](O)[C@@H]1O,75.12,Nc1c2c(nc(OCC3CC34CC4)n1)n([C@@H]1O[C@H](C)[C@@H](O)[C@H]1O)cn2,A{A*Q}rB{A**Q}{dsadata{D}da{BAAuAAuvAAv}dats}{A*Q}{B}{A**Q}rB,27.971161428410497
CHEMBL2335893,COCCC(=O)N[C@H](C)c1ccc(Nc2ncc3cc(-c4ccncc4)ccc3n2)cc1,98.17,n1c2c(cnc1Nc1ccc([C@H](NC(CCOC)=O)C)cc1)cc(-c1ccncc1)cc2,ABAAA{~B}D{A*Q}{A}araaa{Dasdaataa{_auaadaau}aaatds}aar,2.0051819308324896
CHEMBL1824037,O=C1COc2ccc(CNC3CCN(CCN4C(=O)COc5ccc([N+](=O)[O-])cc54)CC3)nc2N1,75.12,c1cc2c(nc1CNC1CCN(CCN3c4c(ccc([N+](=O)[O-])c4)OCC3=O)CC1)NC(=O)CO2,B~ArABasaaa{ADAtAAD{AADuA{~B}ABavaaa{{D%}{~B}{B_}}aavu}AAt}dasDr,27.971161428410497
CHEMBL2158822,O=C(O)c1ccccc1N1CCC(CN2CCC(Oc3ccc(Cl)c(Cl)c3)CC2)CC1,82.05,N1(CC2CCN(c3c(C(=O)O)cccc3)CC2)CCC(Oc2cc(Cl)c(Cl)cc2)CC1,B~A{B}araaaaarDrAAA{ADsAAA{Bataaa{Z}a{Z}at}AAs}AAr,20.164469978596376
CHEMBL2331843,CCc1[nH]c2nc(Sc3cnc4ccc[n+]([O-])c4c3)nc(N3CC[C@@H](N)C3)c2c1Cl,79.55,[n+]1([O-])cccc2ncc(Sc3nc(N4CC[C@@H](N)C4)c4c(Cl)c(CC)[nH]c4n3)cc12,AAar{dQ}asda{Eatadauaaa{d%}{{B_}}auat}da{DtAA{A**Q}{D}At}asarZ,22.980736735383577
CHEMBL216981,CC[C@@H](Nc1c(Nc2cccc(C(=O)N(C)C)c2O)c(=O)c1=O)c1ccc(C)o1,98.21,CN(C)C(=O)c1c(O)c(Nc2c(=O)c(=O)c2N[C@@H](c2oc(C)cc2)CC)ccc1,AA{A**Q}{Dara{Dasaaaa{A{~B}D{A}A}asB}a{~B}ar~B}araaa{A}br,1.9601216627239033
CHEMBL832,O=C1C(CC[S+]([O-])c2ccccc2)C(=O)N(c2ccccc2)N1c1ccccc1,99.31,c1ccccc1N1N(c2ccccc2)C(=O)C(CC[S+](c2ccccc2)[O-])C1=O,B~ArA{AA{E%}{{B_}}asaaaaas}A{~B}D{asaaaaas}Draraaaaar,0.7209642897375245
CHEMBL481220,CC(C)Oc1cc2ncc(C(N)=O)c(Nc3ccc(F)cc3F)c2cc1N1CCN(C)CC1,98.29,c1(OC(C)C)cc2c(cc1N1CCN(C)CC1)c(Nc1c(F)cc(F)cc1)c(C(N)=O)cn2,AA{A}Baraasdaa{A{D}~B}a{Dataaa{G}aatG}asaarDrAAD{A}AAr,1.8700011265066987
CHEMBL514670,Cc1ccc(NC(=O)c2cccc(C(F)(F)F)c2)cc1C(=O)Nc1cnc(N)c(Cl)c1,98.4,c1cc(C)c(C(=O)Nc2cc(Cl)c(N)nc2)cc1NC(=O)c1cccc(C(F)(F)F)c1,Aaraaa{DA{~B}asaaaa{A{G}{G}G}as}aarA{~B}Darada{D}a{Z}ar,1.7460853892080623
CHEMBL106,OC(Cn1cncn1)(Cn1cncn1)c1ccc(F)cc1F,14.23,c1ncnn1CC(O)(c1c(F)cc(F)cc1)Cn1cncn1,BA{Adradadr}{Adradadr}araaa{G}aarG,96.5641545567196
CHEMBL384467,C[C@@H]1C[C@H]2[C@@H]3CCC4=CC(=O)C=C[C@]4(C)[C@@]3(F)[C@@H](O)C[C@]2(C)[C@@]1(O)C(=O)CO,71.53,C[C@@]12C(=CC(=O)C=C1)CC[C@@H]1[C@]2(F)[C@@H](O)C[C@]2(C)[C@](C(=O)CO)(O)[C@H](C)C[C@@H]12,A{A**Q}rA{A*Q}s{A**Q}tAAAu~AA{~B}A~A{A*}u{A}{A**}t{G}{A**Q}{B}A{A*}s{A}{A**}r{B}A{~B}AB,32.01532049115692
CHEMBL539163,Cn1c(C#N)ccc1-c1ccc2c(c1)C(C)(C)OC(=S)N2,98.21,c1(-c2ccc(C#N)n2C)ccc2c(c1)C(C)(C)OC(=S)N2,Adra{A^D}aaar_araaasa{ar}A{A}{A}BA{~E}Ds,1.9601216627239033
CHEMBL1778628,N#Cc1cccc(-c2cc(C(F)(F)F)ccc2OCC(=O)O)c1,98.61,c1c(OCC(O)=O)c(-c2cccc(C#N)c2)cc(C(F)(F)F)c1,D^Aaraaaa{_asaa{A{G}{G}G}aaasBAA{~B}B}ar,1.5095189816379444
CHEMBL1940832,O=CNc1cc([C@@H](O)CNCCc2ccc(NC[C@H](O)c3ccccc3)cc2)ccc1O,71.53,c1(CCNC[C@@H](c2cc(NC=O)c(O)cc2)O)ccc(NC[C@@H](c2ccccc2)O)cc1,B~ADaraa{{A**Q}{B}ADAAasaaa{DA{A*Q}{B}ataaaaat}aas}aaarB,32.01532049115692
CHEMBL2062582,CC(=O)Nc1ccc2c(c1)c(-c1cc(NC3CC3)n3ncc(C#N)c3n1)cn2CCO,98.21,c12c(ccc(NC(C)=O)c1)n(CCO)cc2-c1nc2c(C#N)cnn2c(NC2CC2)c1,AA{~B}Daraaasa{ar}a{_araa{DAtAAt}dtdaa{A^D}atdr}adsAAB,1.9601216627239033
CHEMBL153064,CC(=O)c1cc2ccc(O)cc2oc1=O,98.51,c1(O)cc2c(cc(C(=O)C)c(=O)o2)cc1,AA{~B}araasaaa{B}aasbar~B,1.6221696519094262
CHEMBL1231626,NC(=O)c1cnc(N[C@H]2CCCNC2)c2cc(-c3ccc(Cl)cc3)sc12,99.19,O=C(N)c1cnc(N[C@H]2CCCNC2)c2cc(-c3ccc(Cl)cc3)sc21,DA{~B}arada{D{A*Q}sAAADAs}asaa{_ataaa{Z}aat}ears,0.8561450940633153
CHEMBL2170975,CC(C)(C)OC(=O)NCCCSC[C@H]1O[C@@H](n2cnc3c(N)ncnc32)[C@H](O)[C@@H]1O,76.39,O=C(OC(C)(C)C)NCCCSC[C@H]1O[C@@H](n2cnc3c(N)ncnc32)[C@H](O)[C@@H]1O,AA{A}{A}BA{~B}DAAAEA{A*Q}rB{A**Q}{dsadata{D}dadats}{A*Q}{B}{A**Q}rB,26.540497915962597
CHEMBL2139925,CCc1nc2ccc(C(=O)NCc3ccc4c(c3)OCO4)cn2c1N(C)Cc1cccs1,99.65,c1(N(Cc2sccc2)C)n2cc(C(=O)NCc3ccc4c(c3)OCO4)ccc2nc1CC,AAardasaaa{A{~B}DAataaaua{at}BABu}adsarD{A}Aaraaaer,0.3379520108144611
CHEMBL1086473,CCCCc1nc2c(N)nc3ccccc3c2n1Cc1ccccc1,98.29,c1cccc2c1nc(N)c1nc(CCCC)n(Cc3ccccc3)c12,AAAAardasa{D}dataaaaatasdrAaraaaaar,1.8700011265066987
CHEMBL2059875,Cc1ccc(-c2ccccn2)cc1NC(=O)c1ccc(OCc2ccccn2)cc1,98.89,C(Oc1ccc(C(Nc2c(C)ccc(-c3ncccc3)c2)=O)cc1)c1ncccc1,Aaraaa{_asaaaads}aarDA{~B}araaa{BAasaaaads}aar,1.1940971048777764
CHEMBL373751,COc1cc2ncn(-c3cc(OCc4ccccc4S(C)(=O)=O)c(C#N)s3)c2cc1OC,98.89,n1cn(-c2cc(OCc3ccccc3S(=O)(=O)C)c(C#N)s2)c2c1cc(OC)c(OC)c2,ABaraasdad{_ataa{BAauaaaaauE{A}{~B}~B}a{A^D}et}asaarBA,1.1940971048777764
CHEMBL2147221,COc1ncc(-c2cccc(C)c2CCNC(=O)c2ccc(OCCC(F)(F)F)nc2)cn1,99.5,C(NC(c1ccc(OCCC(F)(F)F)nc1)=O)Cc1c(-c2cnc(OC)nc2)cccc1C,ABardaa{_asaaaa{A}asAADA{~B}asaaa{BAAA{G}{G}G}das}adr,0.5069280162216997
CHEMBL81,O=C(c1ccc(OCCN2CCCCC2)cc1)c1c(-c2ccc(O)cc2)sc2cc(O)ccc12,99.5,c1cc(O)cc2c1c(C(c1ccc(OCCN3CCCCC3)cc1)=O)c(-c1ccc(O)cc1)s2,B~A{araaa{BAADsAAAAAs}aar}ara{_asaaa{B}aas}easaa{B}aaars,0.5069280162216997
CHEMBL1689117,O=C(O)COc1ccc(Cl)cc1CN1CCN(S(=O)(=O)c2ccc(F)cc2)CC1,98.99,c1cc(S(=O)(=O)N2CCN(Cc3c(OCC(=O)O)ccc(Cl)c3)CC2)ccc1F,B~A{B}ABaraaa{Z}aarADrAAD{E{~B}{~B}asaaa{G}aas}AAr,1.0814464346062946
CHEMBL254832,CC(NCCC(c1ccccc1)c1ccccc1)c1ccccc1,98.84,c1cc(C(CCNC(C)c2ccccc2)c2ccccc2)ccc1,AA{DAAA{araaaaar}araaaaar}araaaaar,1.2504224400135173
CHEMBL2335897,C[C@@H](NC(=O)[C@H]1CCCCN1)c1ccc(Nc2ncc3cc(-c4ccncc4)ccc3n2)cc1,95.12,O=C([C@H]1CCCCN1)N[C@@H](c1ccc(Nc2ncc3c(ccc(-c4ccncc4)c3)n2)cc1)C,A{A**Q}{DA{~B}{A*Q}rAAAADr}araaa{Dasdaataa{_auaadaau}aaatds}aar,5.441027374112873
CHEMBL1917446,Cc1ccc2c(c1)c(S(=O)(=O)c1ccc(Cl)cc1)c(C)n2CC(=O)O,99.48,c1(S(c2c(C)n(CC(O)=O)c3c2cc(C)cc3)(=O)=O)ccc(Cl)cc1,Aaraaasa{ar}a{E{~B}{~B}araaa{Z}aar}a{A}dsAA{~B}B,0.5294581502759929
CHEMBL1852508,Cc1cc(-c2ccc(Cl)c(C(=O)NCC3(O)CCCCCC3)c2)nn1C[C@H](O)CN,69.61,C1C(CNC(=O)c2cc(-c3nn(C[C@H](O)CN)c(C)c3)ccc2Cl)(O)CCCCC1,Aaraa{_asaaa{Z}a{A{~B}DAAt{B}AAAAAAt}as}ddrA{A*Q}{B}AD,34.1782133603695
CHEMBL561368,CC(C)NC(=O)c1cnc(N2CCC(N3C(=O)OCc4ccccc43)CC2)c(Cl)c1,99.44,c12c(cccc1)COC(=O)N2C1CCN(c2c(Cl)cc(C(NC(C)C)=O)cn2)CC1,AA{A}DA{~B}arada{DsAAA{DtA{~B}BAauaaaaaut}AAs}a{Z}ar,0.574518418384595
CHEMBL406366,O=C(O)CSCC(=O)Nc1nc(-c2ccccc2)cs1,99.03,s1c(NC(=O)CSCC(O)=O)nc(-c2ccccc2)c1,B~A{B}AEAA{~B}Darda{_asaaaaas}aer,1.0363861664976926
CHEMBL2151323,CC(C)Oc1cc(-n2cnc3cnc(N[C@@H](C)c4ncc(F)cn4)nc32)n[nH]1,69.12,c1nc([C@H](C)Nc2nc3c(ncn3-c3n[nH]c(OC(C)C)c3)cn2)ncc1F,AA{A}Baraa{_dsadatada{D{A**Q}{A}audaa{G}adu}dats}d{dQ}r,34.73020164469978
CHEMBL2011920,CNc1c(Br)cnc2[nH]c(-c3cnn(C4CCN(C)CC4)c3)nc12,77.21,c1c(Br)c(NC)c2nc(-c3cnn(C4CCN(C)CC4)c3)[nH]c2n1,ADara{Y}adas{dQ}a{_atadd{AuAAD{A}AAu}at}dars,25.616762419736403
CHEMBL1689111,O=C(O)COc1ccc(Cl)cc1CN1CCN(S(=O)(=O)Cc2ccccc2)CC1,99.33,c1(Cl)ccc(OCC(=O)O)c(CN2CCN(S(=O)(=O)Cc3ccccc3)CC2)c1,B~A{B}ABaraaa{Z}aarADrAAD{E{~B}{~B}Aasaaaaas}AAr,0.6984341556832313
CHEMBL2177305,CCn1cc([C@]2(c3cccc(NC(=O)c4ccc(Cl)cn4)c3)N=C(N)c3c(F)cccc32)cc(C)c1=O,98.29,CCn1c(=O)c(C)cc([C@]2(c3cccc(NC(=O)c4ccc(Cl)cn4)c3)N=C(N)c3c2cccc3F)c1,AAdraa{{A*}s{ataaaa{DA{~B}auaaa{Z}adu}at}D~A{D}ata{G}aaaats}aa{A}ar~B,1.8700011265066987
CHEMBL1232461,CCNC(=O)C[C@@H]1N=C(c2ccc(Cl)cc2)c2cc(OC)ccc2-n2c(C)nnc21,75.97,c1(OC)cc2c(cc1)-n1c(nnc1C)[C@H](CC(NCC)=O)N=C2c1ccc(Cl)cc1,AADA{~B}A{A**Q}rD~A{asaaa{Z}aas}asaa{BA}aaas_dsa{A}ddasr,27.013630731102854
CHEMBL2179273,CCC[C@H](c1ccc(C(=O)O)c(Oc2cccc(Cl)c2)c1)N1CCC[C@H](n2cc(C)c(=O)[nH]c2=O)C1,98.81,Clc1cccc(Oc2c(C(=O)O)ccc([C@H](N3C[C@@H](n4cc(C)c(=O)[nH]c4=O)CCC3)CCC)c2)c1,AAA{A*Q}{araaa{A{~B}B}a{Basaaaa{Z}as}ar}DrAAA{A*Q}{dsaa{A}a{~B}{dQ}as~B}Ar,1.284217641094965
CHEMBL396043,C[C@H](CO)Nc1nc(SCc2cccc(F)c2F)nc2nc(NC3CC3)sc12,98.78,n1c2c(c(N[C@H](C)CO)nc1SCc1cccc(F)c1F)sc(NC1CC1)n2,A{A*Q}{AB}Darda{EAasaaaa{G}asG}dasda{DAtAAt}ears,1.3180128421764128
CHEMBL143305,Cc1cc(CCCOc2c(Cl)cc(C3=NCCO3)cc2Cl)on1,99.66,c1c(Cl)c(OCCCc2onc(C)c2)c(Cl)cc1C1=NCCO1,Aaraa{AAABasa{Z}aa{At~DAABt}aasZ}bdr,0.32668694378732255
CHEMBL2208430,O=C(NC[C@@H](O)CN1CCC(Oc2ccc(Cl)c(Cl)c2)CC1)c1c[nH]c2ccccc12,98.09,c1c(OC2CCN(C[C@H](O)CNC(c3c4ccccc4[nH]c3)=O)CC2)cc(Cl)c(Cl)c1,B~A{DA{A**Q}{B}ADrAAA{Basaaa{Z}a{Z}as}AAr}ara{dQ}asaaaaars,2.0953024670496783
CHEMBL384260,COc1cc(OC2CCN(C)CC2)c2c(Nc3cccc4c3OCO4)ncnc2c1,97.91,N1(C)CCC(Oc2c3c(ncnc3Nc3c4c(ccc3)OCO4)cc(OC)c2)CC1,ABaraa{BAsAAD{A}AAs}asa{DataaaauatBABu}dadasar,2.2980736735383642
CHEMBL2059861,Cc1ccc(-c2nccn2C)cc1NC(=O)c1ccc(OCc2ccccn2)cc1,94.9,n1c(COc2ccc(C(Nc3cc(-c4nccn4C)ccc3C)=O)cc2)cccc1,Aaraaa{_asdaadsA}aarDA{~B}araaa{BAasaaaads}aar,5.688858848710146
CHEMBL2011123,CCOc1ccc([C@@H](C)Nc2nc(N3CCN(C(C)=O)CC3)nc3c2CN(C(C)C)C3=O)cc1F,66.61,C1(=O)N(C(C)C)Cc2c(N[C@@H](c3cc(F)c(OCC)cc3)C)nc(N3CCN(C(C)=O)CC3)nc21,AABaraaa{{A**Q}{A}Dasda{DtAAD{A{A}~B}AAt}datasAD{A{A}A}At~B}aarG,37.55773346851414
CHEMBL2338403,CC(C)(C)S(=O)(=O)CCCN1CCN(CC(=O)NC23CC4CC(CC(C4)C2)C3)CC1,65.06,O=S(=O)(C(C)(C)C)CCCN1CCN(CC(=O)NC23CC4CC(C2)CC(C4)C3)CC1,AA{A}{A}E{~B}{~B}AAADrAAD{AA{~B}DAstAAuAA{AA{Au}As}At}AAr,39.3038188577222
CHEMBL2316386,C[S+]([O-])Cc1ccc(C(=O)Nc2ccc(OCCOCCO)nc2C(=O)NCC2CCC2)c2ccccc12,95.01,[O-][S+](Cc1c2ccccc2c(C(Nc2ccc(OCCOCCO)nc2C(NCC2CCC2)=O)=O)cc1)C,A{E%}{{B_}}Aaraaa{A{~B}Dasaaa{BAABAAB}dasA{~B}DAAsAAAs}asaaaaars,5.56494311141151
CHEMBL2181808,Cc1c(CC(=O)O)c2cc(F)ccc2n1Cc1nc2ccccc2s1,98.33,n1c2c(sc1Cn1c(C)c(CC(=O)O)c3c1ccc(F)c3)cccc2,Aara{AA{~B}B}asaa{G}aaasdrAardasaaaaaser,1.8249408583981124
CHEMBL2011917,CNc1c(Br)cnc2[nH]c(-c3ccc(OCCN4CCOCC4)cc3)nc12,98.51,c1nc2[nH]c(-c3ccc(OCCN4CCOCC4)cc3)nc2c(NC)c1Br,ADara{Y}adas{dQ}a{_ataaa{BAADuAABAAu}aat}dars,1.6221696519094262
CHEMBL2062561,COc1ccc(-c2cc(Nc3ccn(C)n3)n3ncc(C#N)c3n2)cc1,98.21,c1c(-c2nc3c(C#N)cnn3c(Nc3ccn(C)n3)c2)ccc(OC)c1,ABaraaa{_asaa{Dataad{A}dt}dtdaa{A^D}atds}aar,1.9601216627239033
CHEMBL1096418,Nc1scc2c(C(=O)NC3CC3)nn(-c3ccc(Cl)cc3)c(=O)c12,98.21,c1cc(-n2nc(C(NC3CC3)=O)c3csc(N)c3c2=O)ccc1Cl,Dareaasa{A{~B}DAtAAt}dd{_ataaa{Z}aat}a{~B}ars,1.9601216627239033
CHEMBL2158792,Cc1cc(OC2CCN(CC3CCN([C@@](C)(Cc4ccc(F)cc4)C(=O)O)CC3)CC2)ccc1Cl,78.79,c1c(F)ccc(C[C@@](C)(C(=O)O)N2CCC(CN3CCC(Oc4ccc(Cl)c(C)c4)CC3)CC2)c1,Aaraa{BAsAAD{AAtAAD{{A**}{A}{Aauaaa{G}aau}A{~B}B}AAt}AAs}aaarZ,23.836881829446877
CHEMBL2164742,N#Cc1ccc2ccc(=O)n(CCN3CC[C@H](NCc4ccc5c(n4)NC(=O)CO5)[C@H](O)C3)c2c1,79.17,C1CN(CCn2c3cc(C#N)ccc3ccc2=O)C[C@@H](O)[C@H]1NCc1nc2c(cc1)OCC(=O)N2,D^Aaraaasaaa{~B}d{AADtAA{A*Q}{DAauaaava{du}DA{~B}ABv}{A*Q}{B}At}asar,23.408809282415227
CHEMBL393754,O=C(NCC12CC3CC(CC(C3)C1)C2)c1cc(C(=O)N2CC3CNCC(C2)O3)ccc1Cl,69.12,c1c(Cl)c(C(NCC23CC4CC(CC(C4)C2)C3)=O)cc(C(=O)N2CC3CNCC(O3)C2)c1,B~A{DAArsAAtAA{AA{At}Ar}As}araa{A{~B}DsAAtADAA{As}Bt}aaarZ,34.73020164469978
CHEMBL1090771,NC(=O)[C@@H](CCC(F)(F)F)N(Cc1ccc(-c2ncon2)cc1F)S(=O)(=O)c1ccc(Cl)cc1,98.33,S(c1ccc(Cl)cc1)(N([C@H](CCC(F)(F)F)C(=O)N)Cc1ccc(-c2nocn2)cc1F)(=O)=O,DA{~B}{A**Q}{AAA{G}{G}G}D{Aaraaa{_asdabds}aarG}E{~B}{~B}araaa{Z}aar,1.8249408583981124
CHEMBL1461208,COc1ccc(S(=O)(=O)N2CC(C)N(S(=O)(=O)c3ccc(OC)cc3)CC2C)cc1,99.65,C1N(S(c2ccc(OC)cc2)(=O)=O)C(C)CN(S(=O)(c2ccc(OC)cc2)=O)C1C,ABaraaa{E{~B}{~B}DsAA{A}D{E{~B}{~B}ataaa{BA}aat}AAsA}aar,0.3379520108144611
CHEMBL1778644,CCS(=O)(=O)c1ccc(-c2cc(Cl)ccc2OCC(=O)O)c(F)c1,95.12,c1c(OCC(=O)O)c(-c2c(F)cc(S(=O)(=O)CC)cc2)cc(Cl)c1,AAE{~B}{~B}araaa{_asaa{Z}aaasBAA{~B}B}a{G}ar,5.441027374112873
CHEMBL1818291,CC(C)(C)OC(=O)NC[C@H]1CC[C@H](CNC(=O)c2cc(-c3cccc(CN)c3)nc3ccccc23)CC1,98.61,c1cccc2nc(-c3cc(CN)ccc3)cc(C(=O)NC[C@H]3CC[C@H](CNC(OC(C)(C)C)=O)CC3)c12,AA{A}{A}BA{~B}DA{A*Q}rAA{A*Q}{ADA{~B}asaa{_ataaaa{AD}at}dataaaaast}AAr,1.5095189816379444
CHEMBL2158783,Cc1c(Cl)ccc(OC2CCN(CC3CCN([C@@H](Cc4ccc(F)cc4)C(=O)O)CC3)CC2)c1Cl,96.26,Clc1ccc(OC2CCN(CC3CCN([C@H](C(=O)O)Cc4ccc(F)cc4)CC3)CC2)c(Cl)c1C,Aara{Z}aaa{BAsAAD{AAtAAD{{A**Q}{Aauaaa{G}aau}A{~B}B}AAt}AAs}arZ,4.156809733017909
CHEMBL182997,CC(C)(C)[C@@H](O)C(=O)N1CCC[C@H]1C(=O)NCc1cc(Cl)ccc1CN,42.01,c1(CN)ccc(Cl)cc1CNC(=O)[C@@H]1CCCN1C(=O)[C@H](O)C(C)(C)C,AA{A}{A}{A**Q}{B}A{~B}DrAAA{A*Q}rA{~B}DAaraa{Z}aaarAD,65.26979835530021
CHEMBL210887,O=C(Nc1nc2ccccc2n1CCCO)c1cccc([N+](=O)[O-])c1,91.99,C(n1c(NC(c2cccc([N+](=O)[O-])c2)=O)nc2ccccc12)CCO,B~A{DardasaaaaasdrAAAB}araaaa{{D%}{~B}{B_}}ar,8.966993353610462
CHEMBL436826,CCOc1ccc(-n2c([C@@H](C)N(Cc3cccnc3)C(=O)Cc3ccc(C(F)(F)F)cc3)nc3ccccc3c2=O)cc1,99.53,c12ccccc1c(=O)n(-c1ccc(OCC)cc1)c([C@H](N(Cc1cnccc1)C(Cc1ccc(C(F)(F)F)cc1)=O)C)n2,AABaraaa{_dsa{{A**Q}{A}D{Aataaadat}A{~B}Aataaa{A{G}{G}G}aat}dataaaaatas~B}aar,0.47313281514025196
CHEMBL1463345,C[C@]12CC[C@H]3[C@@H](C=CC4=CC(=O)CC[C@@]43C)[C@@H]1CC[C@@]21CCC(=O)O1,94.06,C1CC(=O)C=C2C=C[C@@H]3[C@H](CC[C@@]4(C)[C@H]3CC[C@@]43CCC(=O)O3)[C@@]12C,A{A*}rsAA{A*Q}t{A**Q}{A~AAu~AA{~B}AA{A**}utA}{A**Q}rAA{A**}srAAA{~B}Br,6.635124478990649
CHEMBL896,OCCOCCN1CCN(C(c2ccccc2)c2ccc(Cl)cc2)CC1,91.82,c1(C(c2ccccc2)N2CCN(CCOCCO)CC2)ccc(Cl)cc1,BAABAADrAAD{A{asaaaaas}asaaa{Z}aas}AAr,9.158499493071993
CHEMBL239767,O=C(Nc1ccc([N+](=O)[O-])cc1O)Nc1ccccc1Br,99.73,Brc1ccccc1NC(=O)Nc1ccc([N+](=O)[O-])cc1O,B~A{Daraaa{{D%}{~B}{B_}}aarB}DaraaaaarY,0.24783147459727253
CHEMBL1417725,Cc1nc(-c2cccc(C(F)(F)F)c2)sc1C(=O)O,99.7,s1c(C(O)=O)c(C)nc1-c1cccc(C(F)(F)F)c1,Aarda{_asaaaa{A{G}{G}G}as}earA{~B}B,0.28162667567872024
CHEMBL378997,COC(=O)N[C@@H](C)C#Cc1cnc(Oc2ccc(OC(C)C)cc2)s1,99.66,c1c(OC(C)C)ccc(Oc2sc(C#C[C@H](C)NC(OC)=O)cn2)c1,ABA{~B}D{A**Q}{A}A^Aarada{Basaaa{BA{A}A}aas}er,0.32668694378732255
CHEMBL2207600,COc1cc(OC)c(S(=O)(=O)N(c2ccc(C)cc2)c2ccc(C)cc2)cc1NC(=O)CCC(=O)O,95.12,c1(OC)cc(OC)c(NC(=O)CCC(O)=O)cc1S(=O)(N(c1ccc(C)cc1)c1ccc(C)cc1)=O,ABaraa{BA}a{E{~B}{~B}D{asaaa{A}aas}asaaa{A}aas}aarDA{~B}AAA{~B}B,5.441027374112873
CHEMBL2349335,CC(C)C[C@H](CO)Nc1nc(SCc2ccccc2)nc2nc(N)sc12,99.56,OC[C@@H](CC(C)C)Nc1c2sc(N)nc2nc(SCc2ccccc2)n1,AA{A}A{A*Q}{AB}Darda{EAasaaaaas}dasda{D}ears,0.4393376140588042
CHEMBL239336,CC1=C(C(=O)OCc2ccccc2)C(c2cccs2)NC(=O)N1,97.32,c1cccc(COC(=O)C2=C(C)NC(=O)NC2c2cccs2)c1,AAr~A{A{~B}BAasaaaaas}A{asaaaes}DA{~B}Dr,2.962712628140148
CHEMBL2152524,c1ccc([C@@H]([C@H](c2ccccc2)N2CCCC2)N2CCCC2)cc1,83.04,c1cc([C@@H]([C@@H](N2CCCC2)c2ccccc2)N2CCCC2)ccc1,araaa{{A**Q}{{A*Q}{asaaaaas}DsAAAAs}DsAAAAs}aar,19.049228342908634
CHEMBL20210,CCOC(=O)/C=C/[C@H](C[C@@H]1CCNC1=O)NC(=O)[C@@H](CC(=O)[C@@H](NC(=O)c1cc(C)on1)C(C)C)Cc1ccc(F)cc1,83.04,c1c(F)ccc(C[C@@H](C(N[C@@H](C[C@@H]2CCNC2=O)/C=C/C(OCC)=O)=O)CC(=O)[C@H](C(C)C)NC(c2cc(C)on2)=O)c1,AABA{~B}|A~A|{A*Q}{A{A**Q}rAADAr~B}DA{~B}{A**Q}{AA{~B}{A**Q}{DA{~B}araa{A}bdr}A{A}A}Aaraaa{G}aar,19.049228342908634
CHEMBL1539037,COc1ccc(NC(=O)CCc2c(C)nc3nc(C)nn3c2C)cc1,82.39,c1cc(OC)ccc1NC(CCc1c(C)nc2nc(C)nn2c1C)=O,ABaraaa{DA{~B}AAasa{A}datda{A}ddtasA}aar,19.781457699673314
CHEMBL570002,Cc1cc(Nc2cnc(C#N)c(N[C@@H](C)c3ncc(F)cn3)n2)n[nH]1,81.36,c1nc(C#N)c(N[C@@H](C)c2ncc(F)cn2)nc1Nc1cc(C)[nH]n1,Aaraa{Dasada{A^D}a{D{A**Q}{A}atdaa{G}adt}ds}d{dQ}r,20.94175960346964
CHEMBL1000,O=C(O)COCCN1CCN(C(c2ccccc2)c2ccc(Cl)cc2)CC1,81.01,c1c(C(N2CCN(CCOCC(O)=O)CC2)c2ccc(Cl)cc2)cccc1,B~A{B}ABAADrAAD{A{asaaaaas}asaaa{Z}aas}AAr,21.336036949419842
CHEMBL2171034,O=C(NS(=O)(=O)c1ccc(F)cc1)N1CCC(N2CCC(Oc3ccc(Cl)c(Cl)c3)CC2)CC1,80.65,Clc1c(Cl)ccc(OC2CCN(C3CCN(C(NS(c4ccc(F)cc4)(=O)=O)=O)CC3)CC2)c1,B~A{DE{~B}{~B}araaa{G}aar}DrAAA{DsAAA{Bataaa{Z}a{Z}at}AAs}AAr,21.7415793623972
CHEMBL284275,COc1ccc(Cc2c(N)n[nH]c2N)cc1,80.65,c1cc(OC)ccc1Cc1c(N)n[nH]c1N,ABaraaa{Aasa{D}d{dQ}asD}aar,21.7415793623972
CHEMBL1807820,O=c1[nH]c2c(O)ccc([C@@H](O)CNCCCSCCOCCc3cccc4ccccc34)c2s1,99.33,c12c(CCOCCSCCCNC[C@@H](c3ccc(O)c4c3sc(=O)[nH]4)O)cccc1cccc2,B~ar{dQ}asa{B}aaa{{A**Q}{B}ADAAAEAABAAataaaauaaaaatu}aser,0.6984341556832313
CHEMBL2169919,CC(C)N(CCCNC(=O)Nc1ccc(C(C)(C)C)cc1)C[C@H]1O[C@@H](n2ccc3c(N)ncnc32)[C@H](O)[C@@H]1O,79.92,n1cnc(N)c2ccn([C@H]3[C@H](O)[C@H](O)[C@@H](CN(CCCNC(Nc4ccc(C(C)(C)C)cc4)=O)C(C)C)O3)c12,AA{A}D{AAADA{~B}Daraaa{A{A}{A}A}aar}A{A*Q}rB{A**Q}{dsaaata{D}dadats}{A*Q}{B}{A**Q}rB,22.563929255379065
CHEMBL1916278,Cc1ccc(S(=O)(=O)Nc2c(C(=O)NC3CCOCC3)c(C)nn2-c2ccccc2)cc1,97.38,C1COCCC1NC(c1c(NS(=O)(=O)c2ccc(C)cc2)n(-c2ccccc2)nc1C)=O,Aaraaa{E{~B}{~B}Dasa{A{~B}DAtAABAAt}a{A}dds_asaaaaas}aar,2.8951222259772527
CHEMBL650,C[C@H]1C[C@H]2[C@@H]3CC[C@](O)(C(=O)CO)[C@@]3(C)C[C@H](O)[C@@H]2[C@@]2(C)C=CC(=O)C=C12,79.92,[C@@H]12CC[C@@](C(=O)CO)(O)[C@@]1(C)C[C@H](O)[C@H]1[C@H]2C[C@H](C)C2=CC(=O)C=C[C@@]21C,A{A*Q}rA{A*Q}s{A**Q}tAA{A*}{B}{A{~B}AB}{A**}t{A}A{A*Q}{B}{A**Q}s{A**}s{A}A~AA{~B}A~Ars,22.563929255379065
CHEMBL1650737,COc1cc(Nc2nc(N[C@@H](C)c3ncc(F)cn3)nc(N3CCOCC3)c2Cl)n[nH]1,92.16,c1(Cl)c(Nc2n[nH]c(OC)c2)nc(N[C@H](c2ncc(F)cn2)C)nc1N1CCOCC1,ABaraa{Dasda{D{A**Q}{A}atdaa{G}adt}da{DtAABAAt}asZ}d{dQ}r,8.775487214148932
CHEMBL1222381,O=C(NC1CC1)c1cc(-c2cccs2)on1,92.32,O=C(NC1CC1)c1cc(-c2sccc2)on1,B~A{DArAAr}araa{_asaaaes}bdr,8.595246141714552
CHEMBL1645392,Cc1noc(C)c1-c1ccc(CNS(=O)(=O)c2c(C)noc2C)cc1,92.48,c1(S(=O)(NCc2ccc(-c3c(C)noc3C)cc2)=O)c(C)onc1C,Aardba{A}ar_araaa{ADE{~B}{~B}asa{A}dbasA}aar,8.41500506928016
CHEMBL481611,CC(C)(F)C[C@H](N[C@@H](c1ccc(-c2ccc(S(C)(=O)=O)cc2)cc1)C(F)(F)F)C(=O)NC1(C#N)CC1,93.94,C(C(C)(F)C)[C@H](N[C@@H](c1ccc(-c2ccc(S(=O)(=O)C)cc2)cc1)C(F)(F)F)C(NC1(C#N)CC1)=O,AA{A}{G}A{A*Q}{D{A**Q}{araaa{_asaaa{E{A}{~B}~B}aas}aar}A{G}{G}G}A{~B}DAr{A^D}AAr,6.77030528331644
CHEMBL1921944,C[C@@](C(=O)O[C@H]1C[N+]2(CC(=O)Nc3cccc(F)c3)CCC1CC2)(c1ccccc1)N1CCCCC1,99.6,c1c(NC(=O)C[N+]23CCC(CC2)[C@@H](OC(=O)[C@@](N2CCCCC2)(c2ccccc2)C)C3)cccc1F,A{A**}{A{~B}B{A*Q}rA{D%}s{AA{~B}Dataaaa{G}at}AAArAAs}{araaaaar}DrAAAAAr,0.39427734595021796
CHEMBL2313229,O=P(c1ccccc1)(c1ccccc1)N(Cc1ccccn1)Cc1ccccn1,99.51,c1(P(N(Cc2ccccn2)Cc2ncccc2)(c2ccccc2)=O)ccccc1,B~F{araaaaar}{araaaaar}D{Aaraaaadr}Aaraaaadr,0.49566294919454507
CHEMBL1645495,O=c1cc(-c2cccnc2)[nH]c2cc(Cc3ccccc3)ccc12,99.49,c1cc2c(cc1Cc1ccccc1)[nH]c(-c1cnccc1)cc2=O,B~araa{_asaaadas}{dQ}asaa{Aataaaaat}aaars,0.5181930832488543
CHEMBL2181927,CCOc1ncc(C)c2c1[C@H](c1ccc(C#N)cc1OC)C(C(N)=O)=C(C)N2,92.48,c1(C#N)cc(OC)c([C@@H]2C(C(N)=O)=C(C)Nc3c(C)cnc(OCC)c32)cc1,AABardaa{A}asar{A*Q}{araaa{A^D}aarBA}A{A{D}~B}~A{A}Ds,8.41500506928016
CHEMBL538936,O=C(CC1CCN(Cc2ccn(-c3ccc(C(F)(F)F)cn3)c2)CC1)NC(c1ccc(F)cc1)c1ccc(F)cc1,99.47,c1n(-c2ncc(C(F)(F)F)cc2)ccc1CN1CCC(CC(NC(c2ccc(F)cc2)c2ccc(F)cc2)=O)CC1,B~A{AArAAD{Aasaad{_ataaa{A{G}{G}G}adt}as}AAr}DA{araaa{G}aar}araaa{G}aar,0.5407232173031473
CHEMBL2349329,CC(C)C[C@H](CO)Nc1nc(SCc2cccc(C#N)c2)nc2nc(N)sc12,99.14,C([C@H](CO)Nc1c2c(nc(N)s2)nc(SCc2cc(C#N)ccc2)n1)C(C)C,AA{A}A{A*Q}{AB}Darda{EAasaaaa{A^D}as}dasda{D}ears,0.9124704291990562
CHEMBL402728,Cc1nc(CSc2nc(N[C@H](C)CO)c3sc(=O)[nH]c3n2)cs1,99.14,N([C@@H](CO)C)c1nc(SCc2csc(C)n2)nc2[nH]c(=O)sc21,Aarda{AEasda{D{A*Q}{A}AB}atea{~B}{dQ}atds}aer,0.9124704291990562
CHEMBL571353,Cc1nc(C(F)(F)F)ccc1C(=O)Nc1ccc(Cl)c(-c2ccccn2)c1,99.01,FC(F)(F)c1nc(C)c(C(=O)Nc2ccc(Cl)c(-c3ccccn3)c2)cc1,Aarda{A{G}{G}G}aaarA{~B}Daraaa{Z}a{_asaaaads}ar,1.0589163005519857
CHEMBL1957480,COCC#Cc1cccc(C2(c3ccc(OC(F)F)cc3)N=C(N)N3CC(F)(F)CN=C32)c1,98.89,FC1(F)CN=C2N(C(N)=NC2(c2ccc(OC(F)F)cc2)c2cc(C#CCOC)ccc2)C1,ABAA^Aaraaaa{As{ataaa{BA{G}G}aat}D~A{D}DtAA{G}{G}AD~Ats}ar,1.1940971048777764
CHEMBL2158828,O=C(O)COc1ccccc1N1CCC(CN2CCC(Oc3ccc(Cl)c(Cl)c3)CC2)CC1,98.86,C(=O)(COc1ccccc1N1CCC(CN2CCC(Oc3cc(Cl)c(Cl)cc3)CC2)CC1)O,B~A{B}ABaraaaaarDrAAA{ADsAAA{Bataaa{Z}a{Z}at}AAs}AAr,1.2278923059592242
CHEMBL611,COc1cc2nc(N3CCN(C(=O)C4CCCO4)CC3)nc(N)c2cc1OC,79.55,n1c2cc(OC)c(OC)cc2c(N)nc1N1CCN(C(=O)C2CCCO2)CC1,ABaraasda{DtAAD{A{~B}AuAAABu}AAt}da{D}asaarBA,22.980736735383577
CHEMBL2337984,CC(C)(C)NC(=O)CN1CCN(CC(=O)NC23CC4CC(CC(C4)C2)C3)CC1,70.1,C12CC3CC(CC(NC(CN4CCN(CC(NC(C)(C)C)=O)CC4)=O)(C3)C1)C2,AA{A}{A}DA{~B}ADrAAD{AA{~B}DAstAAuAA{AA{Au}As}At}AAr,33.62622507603921
CHEMBL981,CC(C)(Oc1ccc(C(=O)c2ccc(Cl)cc2)cc1)C(=O)O,98.81,Clc1ccc(C(=O)c2ccc(OC(C)(C)C(O)=O)cc2)cc1,AA{A}{Baraaa{A{~B}asaaa{Z}aas}aar}A{~B}B,1.284217641094965
CHEMBL1778623,CCN(CC)S(=O)(=O)c1ccc(-c2cc(C(F)(F)F)ccc2OCC(=O)O)cc1,98.78,S(c1ccc(-c2cc(C(F)(F)F)ccc2OCC(=O)O)cc1)(N(CC)CC)(=O)=O,AAD{AA}E{~B}{~B}araaa{_asaa{A{G}{G}G}aaasBAA{~B}B}aar,1.3180128421764128
CHEMBL1088751,CNC(=O)c1ccc(C)c(-n2c(C)cc(OCc3ccc(F)cc3F)c(Br)c2=O)c1,93.53,O=C(NC)c1cc(-n2c(C)cc(OCc3c(F)cc(F)cc3)c(Br)c2=O)c(C)cc1,ADA{~B}araaa{A}a{_dsa{A}aa{BAataaa{G}aatG}a{Y}as~B}ar,7.2321730314295385
CHEMBL2103846,CC(=O)[C@@]1(O)CC[C@H]2[C@@H]3CCC4=CC(=O)CCC4=C3[C@@H](c3ccc(N(C)C)cc3)C[C@@]21C,99.51,O[C@@]1(C(C)=O)[C@]2(C)[C@@H](CC1)[C@H]1C(=C3C(=CC(=O)CC3)CC1)[C@@H](c1ccc(N(C)C)cc1)C2,AA{~B}{A**}r{B}AA{A*Q}s{A**Q}tAAAu~AA{~B}AAAu~At{A**Q}{ataaa{D{A}A}aat}A{A**}srA,0.49566294919454507
CHEMBL2165192,CC1CN(c2cc(=O)[nH]c(NCc3cccc4ccccc34)n2)CCO1,98.7,C1COC(C)CN1c1nc(NCc2cccc3c2cccc3)[nH]c(=O)c1,AArAD{asaa{~B}{dQ}a{DAataaaauaaaaatu}ds}AABr,1.4081333783936012
CHEMBL2011938,COc1ccc(-c2nc3c(NCCCNC(=O)c4cccnc4)c(Br)cnc3[nH]2)cc1,98.7,N(c1c(Br)cnc2c1nc(-c1ccc(OC)cc1)[nH]2)CCCNC(c1cnccc1)=O,ABaraaa{_asdata{DAAADA{~B}auaaadau}a{Y}adat{dQ}s}aar,1.4081333783936012
CHEMBL1277809,O=C(NCc1ccccn1)c1cc(-c2ccccc2)nc2ccccc12,98.7,c12ccccc1c(C(=O)NCc1ncccc1)cc(-c1ccccc1)n2,B~A{DAaraaaadr}araa{_asaaaaas}dasaaaaars,1.4081333783936012
CHEMBL440405,CS(=O)(=O)NC(=O)CCCc1c(-c2ccc(F)cc2)[nH]c2ccc(C#N)cc12,98.7,c1(-c2[nH]c3ccc(C#N)cc3c2CCCC(NS(=O)(=O)C)=O)ccc(F)cc1,AE{~B}{~B}DA{~B}AAAara{_asaaa{G}aas}{dQ}asaaa{A^D}aars,1.4081333783936012
CHEMBL1313956,O=C(COc1ccccc1Cl)c1ccc[nH]1,93.24,C(C(c1ccc[nH]1)=O)Oc1ccccc1Cl,B~A{ABaraaaaarZ}araaa{dQ}r,7.558859975216861
CHEMBL1610669,CC(C)CCOc1ccc(N)cc1,93.24,CC(CCOc1ccc(N)cc1)C,AA{A}AABaraaa{D}aar,7.558859975216861
CHEMBL2071601,CC(C)C(NC(=O)c1cc(Cl)ccc1C(F)(F)F)C(=O)c1ccc([N+](=O)[O-])cc1,98.81,C(F)(F)(F)c1ccc(Cl)cc1C(NC(C(C)C)C(c1ccc([N+](=O)[O-])cc1)=O)=O,AA{A}A{DA{~B}araa{Z}aaarA{G}{G}G}A{~B}araaa{{D%}{~B}{B_}}aar,1.284217641094965
CHEMBL1290284,COc1cc(C(=O)OCCCCNC(=N)N)cc(OC)c1O,38.14,Oc1c(OC)cc(C(=O)OCCCCNC(=N)N)cc1OC,ABaraa{A{~B}BAAAADA{~D}D}aa{BA}arB,69.6293792948068
CHEMBL602180,COc1cnc(-c2ccccn2)nc1N1CCCC1,93.39,c1(-c2ncccc2)ncc(OC)c(N2CCCC2)n1,ABarada{_asaaaads}darDrAAAAr,7.389883969809622
CHEMBL1994944,Cn1ncc2c(=O)[nH]c(-c3ccccc3)nc21,93.24,c1ccc(-c2[nH]c(=O)c3cnn(C)c3n2)cc1,Adrdaasa{~B}{dQ}a{_ataaaaat}dasr,7.558859975216861
CHEMBL411329,O[C@H](c1cc(C(F)(F)F)nc2c(C(F)(F)F)cccc12)[C@@H]1CCCCN1,97.86,c1ccc(C(F)(F)F)c2c1c([C@@H](O)[C@H]1NCCCC1)cc(C(F)(F)F)n2,B{A*Q}{araa{A{G}{G}G}dasa{A{G}{G}G}aaaars}{A**Q}rAAAADr,2.3543990086741053
CHEMBL253641,CCNc1cc(C(=O)N[C@@H](Cc2ccccc2)[C@H](O)CNCc2cccc(C(F)(F)F)c2)c(F)c(N2CCCCS2(=O)=O)c1,98.81,C(F)(F)(c1cccc(CNC[C@H]([C@H](Cc2ccccc2)NC(=O)c2c(F)c(N3CCCCS3(=O)=O)cc(NCC)c2)O)c1)F,AADaraa{A{~B}D{A**Q}{Aasaaaaas}{A*Q}{B}ADAasaaaa{A{G}{G}G}as}a{G}a{DsAAAAEs{~B}~B}ar,1.284217641094965
CHEMBL726,OCCN1CCN(CCCN2c3ccccc3Sc3ccc(C(F)(F)F)cc32)CC1,98.81,C(CN1CCN(CCCN2c3c(cccc3)Sc3ccc(C(F)(F)F)cc32)CC1)O,BAADrAAD{AAADsataaaaatEataaa{A{G}{G}G}aats}AAr,1.284217641094965
CHEMBL2331752,Cc1cn([C@H]2CCCN(S(=O)(=O)c3ccc(O)c(Oc4cc(F)cc(Cl)c4)c3)C2)c(=O)[nH]c1=O,98.81,[C@@H]1(n2c(=O)[nH]c(=O)c(C)c2)CN(S(c2ccc(O)c(Oc3cc(Cl)cc(F)c3)c2)(=O)=O)CCC1,Aarad{{A*Q}sAAAD{E{~B}{~B}ataaa{B}a{Bauaa{G}aa{Z}au}at}As}a{~B}{dQ}ar~B,1.284217641094965
CHEMBL1917440,Cc1c(Sc2ccc(Cl)cc2)c2c(-c3cnccn3)cccc2n1CC(=O)O,98.76,c1(Cl)ccc(Sc2c(C)n(CC(O)=O)c3c2c(-c2cnccn2)ccc3)cc1,Aara{Easaaa{Z}aas}asa{_atadaadt}aaaasdrAA{~B}B,1.340542976230706
CHEMBL551924,O=C(CC1CCN(Cc2ccn(-c3ccc(C(F)(F)F)cc3)c2)CC1)NC(c1ccncc1)c1ccc(Cl)cc1,98.7,c1c(-n2cc(CN3CCC(CC(NC(c4ccc(Cl)cc4)c4ccncc4)=O)CC3)cc2)ccc(C(F)(F)F)c1,B~A{AArAAD{Aasaad{_ataaa{A{G}{G}G}aat}as}AAr}DA{araadaar}araaa{Z}aar,1.4081333783936012
CHEMBL2062574,CC(=O)Nc1ccc2ccn(-c3cc(NCCN4CCCC4)n4ncc(C#N)c4n3)c2c1,94.44,CC(=O)Nc1cc2n(-c3nc4n(c(NCCN5CCCC5)c3)ncc4C#N)ccc2cc1,AA{~B}Daraaasaad{_ataa{DAADuAAAAu}dudaa{A^D}audt}asar,6.207051931959
CHEMBL1724416,Cc1ccc(S(=O)(=O)Nc2ccc3nc(C)oc3c2)cc1,97.91,c12cc(NS(=O)(=O)c3ccc(C)cc3)ccc1nc(C)o2,Aaraaa{E{~B}{~B}Dasaaatda{A}batas}aar,2.2980736735383642
CHEMBL2205498,CC(C)COc1ccc(-c2cc(O)nc(N)n2)cc1,96.26,c1c(O)nc(N)nc1-c1ccc(OCC(C)C)cc1,AA{A}ABaraaa{_asaa{B}da{D}ds}aar,4.156809733017909
CHEMBL1354035,COCCNCC(=O)NC12CC3CC(CC(C3)C1)C2,50.0,C(NCC(=O)NC12CC3CC(CC(C1)C3)C2)COC,ABAADAA{~B}DArsAAtAA{AA{At}Ar}As,56.26900980060831
CHEMBL782,CCCCNC(=O)NS(=O)(=O)c1ccc(C)cc1,98.09,C(CC)CNC(NS(=O)(=O)c1ccc(C)cc1)=O,AAAADA{~B}DE{~B}{~B}araaa{A}aar,2.0953024670496783
CHEMBL218628,CNc1nc2ccccc2n1Cc1sc2c(c1C(=O)N1C[C@H](O)CO1)c(=O)n(C)c(=O)n2CC(C)C,47.7,c12nc(NC)n(Cc3c(C(N4C[C@H](O)CO4)=O)c4c(=O)n(C)c(=O)n(CC(C)C)c4s3)c1cccc2,ADardasaaaaasdrAareasa{arA{~B}DrA{A*Q}{B}ABr}a{~B}d{A}a{~B}dsAA{A}A,58.85997521685253
CHEMBL2111112,COc1ccc(CCO[C@@H]2CCCC[C@H]2N2CC[C@@H](O)C2)cc1OC,37.06,O(C)c1ccc(CCO[C@@H]2CCCC[C@H]2N2C[C@H](O)CC2)cc1OC,ABaraaa{AAB{A**Q}sAAAA{A*Q}sDsAA{A**Q}{B}As}aarBA,70.84600653373887
CHEMBL1775161,O=C(O)c1cn(Cc2ccccc2)c2ccccc12,98.09,OC(c1c2ccccc2n(Cc2ccccc2)c1)=O,B~A{B}arad{Aasaaaaas}asaaaaars,2.0953024670496783
CHEMBL2158827,O=C(O)Cc1ccc(N2CCC(CN3CCC(Oc4ccc(Cl)c(Cl)c4)CC3)CC2)cc1,98.0,C1CN(CC2CCN(c3ccc(CC(O)=O)cc3)CC2)CCC1Oc1ccc(Cl)c(Cl)c1,B~A{B}Aaraaa{DsAAA{ADtAAA{Bauaaa{Z}a{Z}au}AAt}AAs}aar,2.1966880702940212
CHEMBL1312533,CC(=O)NC1CC2CCCC(C1)N2C(=O)Nc1ccc(Cl)c(C(F)(F)F)c1,97.91,O=C(N1C2CCCC1CC(NC(C)=O)C2)Nc1ccc(Cl)c(C(F)(F)F)c1,AA{~B}DArAAsAAAA{Ar}DsA{~B}Daraaa{Z}a{A{G}{G}G}ar,2.2980736735383642
CHEMBL479840,CCOc1cc2ncc(C(N)=O)c(Nc3cccc(Cl)c3Cl)c2cc1N1CCN(CC)CC1,98.17,c1c(Nc2c3cc(N4CCN(CC)CC4)c(OCC)cc3ncc2C(=O)N)c(Cl)c(Cl)cc1,AABaraasdaa{A{D}~B}a{Dataaaa{Z}atZ}asaarDrAAD{AA}AAr,2.0051819308324896
CHEMBL2147307,COc1cnc(-c2c(C)ccc(F)c2CCNC(=O)c2ccc(COCC(F)(F)F)nc2)cn1,97.6,C(COCc1ncc(C(=O)NCCc2c(-c3cnc(OC)cn3)c(C)ccc2F)cc1)(F)(F)F,ABarada{_asa{A}aaa{G}asAADA{~B}asaaa{ABAA{G}{G}G}das}adr,2.64729075137998
CHEMBL275955,NC1=NC(c2ccc(F)cc2)Cc2ccc(F)cc21,67.12,C1C(c2ccc(F)cc2)N=C(N)c2c1ccc(F)c2,DAr~DA{asaaa{G}aas}Aasaaa{G}aasr,36.983215050129544
CHEMBL2165054,CO[C@H]1CN(CCn2c(=O)ccc3ccc(C#N)cc32)CC[C@H]1NCc1cc2c(cn1)OCCO2,51.73,O1c2cc(CN[C@@H]3CCN(CCn4c5cc(C#N)ccc5ccc4=O)C[C@@H]3OC)ncc2OCC1,AB{A*Q}rAD{AAdsa{~B}aaataaa{A^D}aats}AA{A*Q}rDAaraasa{adr}BAABs,54.32015320491157
CHEMBL48361,Cn1c(CNc2ccc(C(=N)N)cc2)nc2cc(C(=O)N(CCC(=O)O)c3ccccn3)ccc21,47.12,c12cc(C(=O)N(c3ncccc3)CCC(O)=O)ccc1n(C)c(CNc1ccc(C(=N)N)cc1)n2,Adra{ADasaaa{A{~D}D}aas}dasaa{A{~B}D{AAA{~B}B}ataaaadt}aaasr,59.51334910442718
CHEMBL2171277,Cc1ccc(NC(=O)[C@H]2CCCN2S(=O)(=O)c2cccc3cccnc23)c(C)c1,97.86,c1ccc2cccc(S(=O)(N3[C@@H](C(=O)Nc4ccc(C)cc4C)CCC3)=O)c2n1,Aaraaa{DA{~B}{A*Q}sAAADsE{~B}{~B}asaaaataaadast}a{A}ar,2.3543990086741053
CHEMBL511115,COc1ccc([C@]2(C#N)CC[C@@H](C(=O)O)CC2)cc1OC1CCCC1,98.84,C1[C@](C#N)(c2ccc(OC)c(OC3CCCC3)c2)CC[C@@H](C(O)=O)C1,ABaraaa{{A*}s{A^D}AA{A**Q}{A{~B}B}AAs}aarBArAAAAr,1.2504224400135173
CHEMBL429682,C[C@H](CO)Nc1nc(SCc2cccc(F)c2F)nc2nc(NS(C)(=O)=O)sc12,98.86,CS(=O)(=O)Nc1sc2c(nc(SCc3cccc(F)c3F)nc2N[C@@H](CO)C)n1,A{A*Q}{AB}Darda{EAasaaaa{G}asG}dasda{DE{A}{~B}~B}ears,1.2278923059592242
CHEMBL509973,CC(NC(=O)c1cc2ccccc2[nH]1)c1ccccc1,97.81,C(=O)(NC(c1ccccc1)C)c1cc2c(cccc2)[nH]1,AA{DA{~B}araasaaaaas{dQ}r}araaaaar,2.410724343809846
CHEMBL2068817,COc1ccccc1CN(C(C)=O)c1cnccc1Oc1ccccc1,93.1,n1ccc(Oc2ccccc2)c(N(C(=O)C)Cc2c(OC)cccc2)c1,ABaraaaaarAD{A{A}~B}aradaaarBaraaaaar,7.716570913596946
CHEMBL2178390,Cc1nc(C(C)C)c(C(N)=O)nc1-c1ccc([C@H]2CC[C@H](CC(=O)O)CC2)cc1,97.38,C1C[C@H](c2ccc(-c3c(C)nc(C(C)C)c(C(N)=O)n3)cc2)CC[C@H]1CC(=O)O,Aarda{A{A}A}a{A{D}~B}dar_araaa{{A*Q}sAA{A*Q}{AA{~B}B}AAs}aar,2.8951222259772527
CHEMBL2088393,CC(C)(C)Oc1ccc(C(=O)Nc2ccc3sc(CO)nc3c2)cc1,94.9,c12nc(CO)sc1ccc(NC(=O)c1ccc(OC(C)(C)C)cc1)c2,AA{A}{A}Baraaa{A{~B}Dasaaatea{AB}datas}aar,5.688858848710146
CHEMBL42,CN1CCN(C2=Nc3cc(Cl)ccc3Nc3ccccc32)CC1,94.79,c12ccccc1Nc1ccc(Cl)cc1N=C2N1CCN(C)CC1,ADrAAD{As~Dataa{Z}aaatDataaaaats}AAr,5.812774586008782
CHEMBL54429,O=C(Cc1ccc(OCc2ccccc2)cc1)NO,93.67,C(NO)(Cc1ccc(OCc2ccccc2)cc1)=O,B~A{Aaraaa{BAasaaaaas}aar}DB,7.074462093049454
CHEMBL473622,COc1cncc(NC(=O)c2cc(NC(=O)c3cccc(C(C)(C)C#N)c3)ccc2C)c1,97.49,c1cc(C(C)(C)C#N)cc(C(=O)Nc2cc(C(=O)Nc3cncc(OC)c3)c(C)cc2)c1,ABaradaa{DA{~B}asaa{DA{~B}ataaaa{A{A}{A}A^D}at}aaasA}ar,2.771206488678616
CHEMBL941,Cc1ccc(NC(=O)c2ccc(CN3CCN(C)CC3)cc2)cc1Nc1nccc(-c2cccnc2)n1,93.67,c1cc(C(Nc2ccc(C)c(Nc3nccc(-c4cnccc4)n3)c2)=O)ccc1CN1CCN(C)CC1,Aaraaa{DA{~B}asaaa{ADtAAD{A}AAt}aas}aarDardaaa{_asaaadas}dr,7.074462093049454
CHEMBL36,CCc1nc(N)nc(N)c1-c1ccc(Cl)cc1,92.64,c1(N)nc(N)nc(CC)c1-c1ccc(Cl)cc1,AAarda{D}da{D}ar_araaa{Z}aar,8.234763996845782
CHEMBL401158,CCCCNc1nc(SCCC)nc2c1nnn2[C@@H]1C[C@H](CO)[C@@H](O)[C@H]1O,97.6,OC[C@H]1C[C@@H](n2nnc3c(NCCCC)nc(SCCC)nc23)[C@H](O)[C@@H]1O,AAAADarda{EAAA}dasarddds{A**Q}rA{A*Q}{AB}{A**Q}{B}{A*Q}rB,2.64729075137998
CHEMBL2178937,Cc1nc(C)c(-c2ccc([C@H]3CC[C@H](CC(=O)NC(C)(C)C(=O)O)CC3)cc2)nc1C(N)=O,92.16,c1([C@H]2CC[C@H](CC(=O)NC(C)(C)C(=O)O)CC2)ccc(-c2c(C)nc(C)c(C(N)=O)n2)cc1,Aarda{A}a{_asaaa{{A*Q}tAA{A*Q}{AA{~B}DA{A}{A}A{~B}B}AAt}aas}darA{D}~B,8.775487214148932
CHEMBL462132,Cc1ncc(NC(=O)c2cc(NC(=O)c3cccc(C(F)(F)F)c3)ccc2Cl)s1,99.6,C(c1cc(NC(c2cccc(C(F)(F)F)c2)=O)ccc1Cl)(Nc1sc(C)nc1)=O,Aardaa{DA{~B}asaa{DA{~B}ataaaa{A{G}{G}G}at}aaasZ}er,0.39427734595021796
CHEMBL1922056,C[C@@](C(=O)O[C@H]1C[N+]2(Cc3nc(-c4ccccc4)no3)CCC1CC2)(c1ccccc1)N1CCCCC1,97.66,c1ccc(-c2noc(C[N+]34CCC(CC3)[C@@H](OC([C@@](N3CCCCC3)(c3ccccc3)C)=O)C4)n2)cc1,A{A**}{A{~B}B{A*Q}rA{D%}s{Aatda{_auaaaaau}dbt}AAArAAs}{araaaaar}DrAAAAAr,2.5797003492170845
CHEMBL235579,O=C(NCC12CC3CC(CC(C3)C1)C2)c1cc(O[C@H]2CCCNC2)ccc1Cl,94.56,C1C2CC3CC(C2)CC1(CNC(c1cc(O[C@H]2CCCNC2)ccc1Cl)=O)C3,B~A{DAArsAAtAA{AA{At}Ar}As}araa{B{A*Q}sAAADAs}aaarZ,6.071871127633209
CHEMBL2165177,CN(Cc1cccc2ccccc12)c1cc(N2CCOCC2)nc(=O)[nH]1,94.32,O=c1nc(N2CCOCC2)cc(N(Cc2c3ccccc3ccc2)C)[nH]1,AD{Aaraaaasaaaaars}araa{DsAABAAs}da{~B}{dQ}r,6.342232736284791
CHEMBL1917432,Cc1c(Sc2ccc(Cl)cc2)c2c(S(C)(=O)=O)cccc2n1CC(=O)O,96.5,O=C(O)Cn1c2cccc(S(=O)(=O)C)c2c(Sc2ccc(Cl)cc2)c1C,Aara{Easaaa{Z}aas}asa{E{A}{~B}~B}aaaasdrAA{~B}B,3.8864481243663427
CHEMBL1703518,CCN(CC)S(=O)(=O)c1ccc(-c2nnc(SCC(=O)N3CCc4ccccc43)o2)cc1,99.65,n1c(SCC(=O)N2CCc3c2cccc3)oc(-c2ccc(S(N(CC)CC)(=O)=O)cc2)n1,AAD{AA}E{~B}{~B}araaa{_asdda{EAA{~B}DtAAauaaaaaut}bs}aar,0.3379520108144611
CHEMBL260091,C[C@@H](O)[C@H](NC(=O)c1ccc(C#Cc2ccc(CN3CCOCC3)cc2)cc1)C(=O)NO,96.42,c1(CN2CCOCC2)ccc(C#Cc2ccc(C(=O)N[C@H](C(NO)=O)[C@@H](C)O)cc2)cc1,A{A**Q}{B}{A*Q}{DA{~B}araaa{A^Aasaaa{ADtAABAAt}aas}aar}A{~B}DB,3.9765686605835313
CHEMBL934,CC(C)(C(=O)c1cccnc1)c1cccnc1,11.18,CC(C(=O)c1cccnc1)(c1cnccc1)C,AA{A}{A{~B}araaadar}araaadar,100.00000000000001
CHEMBL1364767,Cc1nn(C2CCCCC2)c(N)c1-c1ccccc1,95.53,n1n(C2CCCCC2)c(N)c(-c2ccccc2)c1C,Aardd{AsAAAAAs}a{D}ar_araaaaar,4.979159625999776
CHEMBL1486517,O=C(C1CCN(c2nnc(-n3cccc3)s2)CC1)N1CCN(Cc2ccc3c(c2)OCO3)CC1,95.53,N1(Cc2cc3c(cc2)OCO3)CCN(C(C2CCN(c3sc(-n4cccc4)nn3)CC2)=O)CC1,B~A{ArAAD{asdda{_dtaaaat}es}AAr}DrAAD{Aasaaata{as}BABt}AAr,4.979159625999776
CHEMBL169526,CC(C)(C)COc1ccc(-n2cc(C(=O)O)cn2)cc1C#N,97.76,c1(C(=O)O)cn(-c2ccc(OCC(C)(C)C)c(C#N)c2)nc1,AA{A}{A}ABaraaa{_dsaa{A{~B}B}ads}aarA^D,2.4670496789455867
CHEMBL1916282,Cc1ccc(S(=O)(=O)Nc2c(C(=O)N[C@@H](C)C(C)(C)C)c(C)nn2-c2ccccc2)cc1,98.89,c1(C)c(C(=O)N[C@H](C(C)(C)C)C)c(NS(=O)(=O)c2ccc(C)cc2)n(-c2ccccc2)n1,Aaraaa{E{~B}{~B}Dasa{A{~B}D{A**Q}{A}A{A}{A}A}a{A}dds_asaaaaas}aar,1.1940971048777764
CHEMBL343199,CCOC(=O)Nc1cc2c(c(N)n1)N=C(c1ccccc1)CCN2,94.56,c1ccc(C2=Nc3c(cc(NC(=O)OCC)nc3N)NCC2)cc1,AABA{~B}Daraasa{a{D}dr}D~A{araaaaar}AADs,6.071871127633209
CHEMBL1957845,O=c1cc(N2CCOCC2)nc2n(Cc3cccc(F)c3)ccn12,78.01,C1N(c2cc(=O)n3c(n(Cc4cccc(F)c4)cc3)n2)CCOC1,B~araa{DsAABAAs}dasd{Aataaaa{G}at}aadrs,24.71555705756449
CHEMBL2180273,CCOC(=O)C1=C(C)NC2=C(C(=O)CC(C)(C)C2)C1c1ccc(-c2ccccc2)cc1,99.83,c1(-c2ccc(C3C(C(OCC)=O)=C(C)NC4=C3C(=O)CC(C)(C)C4)cc2)ccccc1,AABA{~B}Ar~A{A}DAs~A{A{~B}AA{A}{A}As}Araraaa{_asaaaaas}aar,0.13518080432579085
CHEMBL2178951,Cc1ncc(C(N)=O)nc1-c1ccc([C@H]2CC[C@H](CC(=O)O)CC2)cc1,94.32,c1(-c2nc(C(N)=O)cnc2C)ccc([C@H]2CC[C@H](CC(O)=O)CC2)cc1,Aardaa{A{D}~B}dar_araaa{{A*Q}sAA{A*Q}{AA{~B}B}AAs}aar,6.342232736284791
CHEMBL1518,CCCc1cc(=O)[nH]c(=S)[nH]1,40.89,[nH]1c(=O)cc(CCC)[nH]c1=S,AAAaraa{~B}{dQ}a{~E}{dQ}r,66.53148586234087
CHEMBL1363,COc1ccc(C[C@@H](C)NC[C@H](O)c2ccc(O)c(NC=O)c2)cc1,31.87,O(c1ccc(C[C@@H](C)NC[C@H](O)c2ccc(O)c(NC=O)c2)cc1)C,ABaraaa{A{A**Q}{A}DA{A*Q}{B}asaaa{B}a{DA~B}as}aar,76.6925763208291
CHEMBL32,COc1c(N2C[C@@H]3CCCN[C@@H]3C2)c(F)cc2c(=O)c(C(=O)O)cn(C3CC3)c12,30.88,[C@H]12CN(c3c(F)cc4c(=O)c(C(=O)O)cn(C5CC5)c4c3OC)C[C@H]1NCCC2,ABara{DsA{A**Q}tAAAD{A**Q}tAs}a{G}aasa{~B}a{A{~B}B}ad{AtAAt}ars,77.80781795651684
CHEMBL1422,N[C@@H](CC(=O)N1CCn2c(nnc2C(F)(F)F)C1)Cc1cc(F)c(F)cc1F,23.19,FC(c1nnc2n1CCN(C(=O)C[C@H](N)Cc1cc(F)c(F)cc1F)C2)(F)F,D{A**Q}{AA{~B}DrAAdsa{ddasA{G}{G}G}Ar}Aaraa{G}a{G}aarG,86.47065450039428
CHEMBL70,CN1CC[C@]23c4c5ccc(O)c4O[C@H]2[C@@H](O)C=C[C@H]3[C@H]1C5,20.83,c1(O)ccc2c3c1O[C@H]1[C@@H](O)C=C[C@@H]4[C@@]31CCN(C)[C@@H]4C2,ADrAA{A*}stauavaaa{B}auB{A*Q}s{A**Q}{B}A~A{A*Q}t{A*Q}rAv,89.12921031880138
CHEMBL2011934,COc1ccc(-c2nc3c(NCCCN(C)C(=O)C4CCC4)c(Br)cnc3[nH]2)cc1,99.78,c1(Br)c(NCCCN(C)C(=O)C2CCC2)c2c([nH]c(-c3ccc(OC)cc3)n2)nc1,ABaraaa{_asdata{DAAAD{A}A{~B}AuAAAu}a{Y}adat{dQ}s}aar,0.1915061394615317
CHEMBL88,O=P1(N(CCCl)CCCl)NCCCO1,20.08,C(Cl)CN(CCCl)P1(=O)NCCCO1,B~Fr{D{AAZ}AAZ}DAAABr,89.97409034583755
CHEMBL2062563,CC(=O)Nc1ccc2ccn(-c3cc(NC4CC4)n4ncc(C#N)c4n3)c2c1,98.61,c1(NC(C)=O)ccc2c(n(-c3cc(NC4CC4)n4c(n3)c(C#N)cn4)cc2)c1,AA{~B}Daraaasaad{_ataa{DAuAAu}dudaa{A^D}audt}asar,1.5095189816379444
CHEMBL1087398,C[C@H](Nc1nc(Nc2ncc(C#N)s2)cc(N2CCOCC2)n1)c1ccc(F)cn1,94.06,c1c(N2CCOCC2)nc(N[C@H](c2ccc(F)cn2)C)nc1Nc1sc(C#N)cn1,A{A*Q}{Darda{Dasdaa{A^D}es}aa{DsAABAAs}dr}araaa{G}adr,6.635124478990649
CHEMBL1818294,CN(C)CCN1CCN(c2cc(C(=O)NC[C@H]3CC[C@H](CNC(=O)OC(C)(C)C)CC3)c3ccccc3n2)CC1,93.94,N1(c2cc(C(=O)NC[C@H]3CC[C@H](CNC(=O)OC(C)(C)C)CC3)c3ccccc3n2)CCN(CCN(C)C)CC1,AD{A}AADrAAD{asaa{A{~B}DA{A*Q}tAA{A*Q}{ADA{~B}BA{A}{A}A}AAt}ataaaaatds}AAr,6.77030528331644
CHEMBL1091678,CC(=O)N[C@@H](CCN)C(=O)N[C@H](C(=O)N[C@@H](CCN)C(=O)N[C@H]1CCNC(=O)[C@H]([C@@H](C)O)NC(=O)[C@H](CCN)NC(=O)[C@H](CCN)NC(=O)[C@H](CC(C)C)NC(=O)[C@@H](Cc2ccccc2)NC(=O)[C@H](CCN)NC1=O)[C@@H](C)O,64.54,C(C[C@H]1C(=O)N[C@@H](CCN)C(=O)N[C@@H]([C@H](O)C)C(=O)NCC[C@H](NC(=O)[C@H](CCN)NC(=O)[C@H]([C@H](O)C)NC(=O)[C@H](CCN)NC(=O)C)C(=O)N[C@@H](CCN)C(=O)N[C@H](Cc2ccccc2)C(=O)N[C@@H](CC(C)C)C(=O)N1)N,AA{~B}D{A**Q}{AAD}A{~B}D{A*Q}{A{~B}D{A**Q}{AAD}A{~B}D{A*Q}rAADA{~B}{A*Q}{{A**Q}{A}B}DA{~B}{A*Q}{AAD}DA{~B}{A*Q}{AAD}DA{~B}{A*Q}{AA{A}A}DA{~B}{A**Q}{Aasaaaaas}DA{~B}{A*Q}{AAD}DAr~B}{A**Q}{A}B,39.88960234313393
CHEMBL2058280,Nc1scc2c(C(=O)NC3CC3)nn(-c3ccc(F)cc3)c(=O)c12,93.1,s1cc2c(C(=O)NC3CC3)nn(-c3ccc(F)cc3)c(=O)c2c1N,Dareaasa{A{~B}DAtAAt}dd{_ataaa{G}aat}a{~B}ars,7.716570913596946
CHEMBL2153435,CCNC(=O)C[C@H]1N=C(c2ccc(Cl)cc2)c2cc(OC)ccc2-n2c(C)nnc21,93.1,COc1ccc2c(c1)C(c1ccc(Cl)cc1)=N[C@H](CC(=O)NCC)c1nnc(C)n1-2,AADA{~B}A{A*Q}rD~A{asaaa{Z}aas}asaa{BA}aaas_dsa{A}ddasr,7.716570913596946
CHEMBL321590,O=C(NO)C1COC(c2ccc(F)c(C(F)(F)F)c2)=N1,91.64,c1(F)c(C(F)(F)F)cc(C2=NC(C(=O)NO)CO2)cc1,B~A{DB}ArABA{asaaa{G}a{A{G}{G}G}as}~Dr,9.361270699560665
CHEMBL638,C[C@@H](c1ncncc1F)[C@](O)(Cn1cncn1)c1ccc(F)cc1F,46.55,n1cn(C[C@@](c2ccc(F)cc2F)(O)[C@@H](C)c2ncncc2F)nc1,A{A**Q}{ardadaarG}{A*}{B}{Adradadr}araaa{G}aarG,60.155457924974655
CHEMBL1214,CC1(C)S[C@@H]2[C@H](NC(=O)C(C(=O)O)c3ccccc3)C(=O)N2[C@H]1C(=O)O,45.41,C(c1ccccc1)(C(=O)N[C@H]1[C@H]2SC(C)(C)[C@H](C(=O)O)N2C1=O)C(O)=O,AAr{A}E{A**Q}s{A*Q}{DA{~B}A{A{~B}B}ataaaaat}A{~B}Ds{A*Q}rA{~B}B,61.439675566069624
CHEMBL573,O=C(O)c1cccnc1,44.84,c1cc(C(=O)O)cnc1,B~A{B}araaadar,62.081784386617095
CHEMBL2348645,CNc1nc(C)c(-c2nc(Nc3cccc(N4CCCCC4)c3)ncc2C#N)s1,99.81,c1(Nc2ncc(C#N)c(-c3sc(NC)nc3C)n2)cc(N2CCCCC2)ccc1,ADarda{A}a{_asda{Dataaaa{DuAAAAAu}at}daasA^D}er,0.157710938380084
CHEMBL562308,O=C(CC12CC3CC(CC(C3)C1)C2)Nc1cccc2nc(NCCNCCO)ccc12,95.43,C(CNCCO)Nc1ccc2c(n1)cccc2NC(CC12CC3CC(CC(C3)C1)C2)=O,B~A{AArsAAtAA{AA{At}Ar}As}Daraaaasda{DAADAAB}aaars,5.091810296271258
CHEMBL126,CC(=O)NC[C@H]1CN(c2ccc(N3CCOCC3)c(F)c2)C(=O)O1,22.79,c1(N2CCOCC2)c(F)cc(N2C(=O)O[C@@H](CNC(C)=O)C2)cc1,AA{~B}DA{A*Q}rAD{asaaa{DtAABAAt}a{G}as}A{~B}Br,86.92125718148021
CHEMBL151592,Cc1cccc(C(N)=O)c1NC(=O)c1ccccc1,55.16,c1cc(C(=O)N)c(NC(c2ccccc2)=O)c(C)c1,Aaraaaa{A{D}~B}arDA{~B}araaaaar,50.45623521459953
CHEMBL2144205,COc1cc2nc(-c3ccc(N4CCN(C)CC4)cc3)nc(NCCN3CCOCC3)c2cc1OC,55.16,C1CN(CCNc2c3c(cc(OC)c(OC)c3)nc(-c3ccc(N4CCN(C)CC4)cc3)n2)CCO1,ABaraasda{_ataaa{DuAAD{A}AAu}aat}da{DAADtAABAAt}asaarBA,50.45623521459953
CHEMBL107313,CCCc1cc(C2=N[C@@H](C(=O)NO)CO2)cc(OC)c1OC,94.32,O=C([C@@H]1N=C(c2cc(CCC)c(OC)c(OC)c2)OC1)NO,AAAaraa{As~D{A**Q}{A{~B}DB}ABs}aa{BA}arBA,6.342232736284791
CHEMBL1871428,Oc1ncc(NCc2ccccc2)c(O)n1,36.53,c1cc(CNc2cnc(O)nc2O)ccc1,Bardaa{DAasaaaaas}a{B}dr,71.44305508617775
CHEMBL2179667,Cc1cccc(Oc2cc(CN3CCC[C@H](n4cc(C)c(=O)[nH]c4=O)C3)ccc2C(=O)O)c1,96.17,O=C(c1c(Oc2cccc(C)c2)cc(CN2CCC[C@H](n3cc(C)c(=O)[nH]c3=O)C2)cc1)O,Aaraaaa{Basaa{ADtAAA{A*Q}{duaa{A}a{~B}{dQ}au~B}At}aaasA{~B}B}ar,4.2581953362622516
CHEMBL1598315,CNC(=O)c1snnc1-c1ccccc1,43.7,O=C(NC)c1snnc1-c1ccccc1,ADA{~B}areddar_araaaaar,63.36600202771206
CHEMBL1491,CCOC(=O)C1=C(COCCN)NC(C)=C(C(=O)OC)C1c1ccccc1Cl,98.09,C(OC(C1=C(COCCN)NC(C)=C(C(OC)=O)C1c1c(Cl)cccc1)=O)C,AABA{~B}Ar~A{ABAAD}DA{A}~A{A{~B}BA}AraraaaaarZ,2.0953024670496783
CHEMBL481595,COc1cc2ncc(C(N)=O)c(Nc3cccc(Cl)c3Cl)c2cc1NCCN1CCCCC1,97.91,c1nc2cc(OC)c(NCCN3CCCCC3)cc2c(Nc2c(Cl)c(Cl)ccc2)c1C(N)=O,ABaraasdaa{A{D}~B}a{Dataaaa{Z}atZ}asaarDAADrAAAAAr,2.2980736735383642
CHEMBL1938681,O=C(c1ccc(-c2ccc(Cl)cc2)o1)N(Cc1ccccn1)c1ccc(N2CCNCC2)cc1,97.32,C1N(c2ccc(N(C(c3ccc(-c4ccc(Cl)cc4)o3)=O)Cc3ccccn3)cc2)CCNC1,B~A{araaa{_asaaa{Z}aas}br}D{Aaraaaadr}araaa{DsAADAAs}aar,2.962712628140148
CHEMBL1489611,Cc1cc(C)cc(-c2nnc(SCC(=O)N3CCN(C(=O)c4ccco4)CC3)o2)c1,96.79,c1c(-c2nnc(SCC(N3CCN(C(=O)c4ccco4)CC3)=O)o2)cc(C)cc1C,Aaraa{A}aa{_asdda{EAA{~B}DtAAD{A{~B}auaaabu}AAt}bs}ar,3.55976118057902
CHEMBL1770469,CSCCC(NC(=O)c1cnccn1)c1nc2ccccc2[nH]1,60.22,c1ccc2c(c1)[nH]c(C(NC(=O)c1cnccn1)CCSC)n2,AEAAA{DA{~B}aradaadr}ardasaaaaas{dQ}r,44.75611129886223
CHEMBL1950846,CN[C@@H](C)C(=O)N[C@H](C(=O)N[C@H]1CCCN(S(=O)(=O)c2ccccc2)C1)C(C)(C)C,59.11,C([C@@H](NC(=O)[C@@H](NC)C)C(C)(C)C)(=O)N[C@H]1CCCN(S(=O)(c2ccccc2)=O)C1,AD{A**Q}{A}A{~B}D{A*Q}{A{~B}D{A*Q}rAAAD{E{~B}{~B}asaaaaas}Ar}A{A}{A}A,46.006533738875746
CHEMBL1963462,C[C@@](C(=O)OC1CC[N+](C)(C)CC1)(c1ccccc1)C1CCCC1,57.99,C1[N+](C)(C)CCC(OC([C@](C)(c2ccccc2)C2CCCC2)=O)C1,A{A**}{A{~B}BArAA{D%}{A}{A}AAr}{araaaaar}ArAAAAr,47.26822124591641
CHEMBL2326523,Cc1ccc(C(=O)N(CCCN)[C@H](c2nc3cc(Cl)ccc3c(=O)n2Cc2ccccc2)C(C)C)cc1,99.19,c1cc(C)ccc1C(N(CCCN)[C@@H](C(C)C)c1n(Cc2ccccc2)c(=O)c2c(cc(Cl)cc2)n1)=O,Aaraaa{A{~B}D{AAAD}{A*Q}{asdataa{Z}aaata{~B}dsAasaaaaas}A{A}A}aar,0.8561450940633153
CHEMBL86,CCN(CC)CCNC(=O)c1cc(Cl)c(N)cc1OC,29.9,Clc1cc(C(=O)NCCN(CC)CC)c(OC)cc1N,AAD{AA}AADA{~B}araa{Z}a{D}aarBA,78.91179452517743
CHEMBL2170979,CC(C)N(CCCNC(=O)OCc1ccccc1)C[C@H]1O[C@@H](n2cnc3c(N)ncnc32)[C@H](O)[C@@H]1O,66.1,c12c(N)ncnc1n([C@@H]1O[C@H](CN(CCCNC(=O)OCc3ccccc3)C(C)C)[C@@H](O)[C@H]1O)cn2,AA{A}D{AAADA{~B}BAaraaaaar}A{A*Q}rB{A**Q}{dsadata{D}dadats}{A*Q}{B}{A**Q}rB,38.132251886898736
CHEMBL1779512,COC[C@@H](O)Cn1c(=O)cnn(-c2ccc(Cl)c(C(=O)NCC3(O)CCCCCC3)c2)c1=O,41.45,c1(=O)n(C[C@@H](COC)O)c(=O)n(-c2ccc(Cl)c(C(NCC3(O)CCCCCC3)=O)c2)nc1,ABA{A**Q}{B}Adra{~B}add{_asaaa{Z}a{A{~B}DAAt{B}AAAAAAt}as}ar~B,65.90064210882053
CHEMBL473,CN(CCOc1ccc(NS(C)(=O)=O)cc1)CCc1ccc(NS(C)(=O)=O)cc1,66.1,c1c(CCN(C)CCOc2ccc(NS(=O)(=O)C)cc2)ccc(NS(=O)(=O)C)c1,AD{AABaraaa{DE{A}{~B}~B}aar}AAaraaa{DE{A}{~B}~B}aar,38.132251886898736
CHEMBL589543,COc1ccc(C[C@H](N)C(=O)N[C@@H](Cc2ccccc2C)C(N)=O)cc1,64.01,c1(C)c(C[C@@H](C(N)=O)NC([C@H](Cc2ccc(OC)cc2)N)=O)cccc1,ABaraaa{A{A*Q}{D}A{~B}D{A**Q}{AasaaaaasA}A{D}~B}aar,40.48665089557282
CHEMBL267894,CCC1(CCC(C)C)C(=O)N=C(O)NC1=O,60.77,O=C1NC(O)=NC(=O)C1(CC)CCC(C)C,AAAr{AAA{A}A}A{~B}D~A{B}DAr~B,44.13653261236904
CHEMBL1951183,COc1cc(OC)c(S(=O)(=O)NCc2ccccc2N2CCC(CO)CC2)cc1NC(=O)CCC(=O)O,59.66,c1(OC)c(NC(CCC(O)=O)=O)cc(S(NCc2c(N3CCC(CO)CC3)cccc2)(=O)=O)c(OC)c1,ABaraa{BA}a{E{~B}{~B}DAasaaaaasDsAAA{AB}AAs}aarDA{~B}AAA{~B}B,45.38695505238256
CHEMBL2178384,Cc1ncc(C(N)=S)nc1-c1ccc([C@H]2CC[C@H](CC(=O)O)CC2)cc1,97.2,c1(C(N)=S)cnc(C)c(-c2ccc([C@H]3CC[C@H](CC(O)=O)CC3)cc2)n1,Aardaa{A{D}~E}dar_araaa{{A*Q}sAA{A*Q}{AA{~B}B}AAs}aar,3.0978934324659226
CHEMBL213854,Cc1ccc2c(c1)c(-c1ccnc3c(F)cccc13)c(C)n2CC(=O)O,99.1,n1(CC(O)=O)c(C)c(-c2c3cccc(F)c3ncc2)c2cc(C)ccc12,Aaraaasa{ar}a{_araadata{G}aaaart}a{A}dsAA{~B}B,0.9575306973076585
CHEMBL1921917,C[C@@](C(=O)O[C@H]1C[N+]2(CCCc3ccncc3)CCC1CC2)(c1ccccc1)N1CCCCC1,51.73,C1C[N+]2(CCCc3ccncc3)CCC1[C@@H](OC(=O)[C@@](N1CCCCC1)(c1ccccc1)C)C2,A{A**}{A{~B}B{A*Q}rA{D%}s{AAAataadaat}AAArAAs}{araaaaar}DrAAAAAr,54.32015320491157
CHEMBL295467,CNCCC(Oc1ccccc1OC)c1ccccc1,51.73,N(C)CCC(c1ccccc1)Oc1c(OC)cccc1,ADAAA{BaraaaaarBA}araaaaar,54.32015320491157
CHEMBL361812,O=C(O)CCn1c2c(c3ccccc31)C[C@H](NS(=O)(=O)c1ccc(F)cc1)CC2,97.26,S(N[C@@H]1CCc2c(c3c(cccc3)n2CCC(=O)O)C1)(c1ccc(F)cc1)(=O)=O,B~A{B}AAdrasa{ataaaaatr}A{A*Q}{DE{~B}{~B}araaa{G}aar}AAs,3.0303030303030276
CHEMBL152640,Cc1cc(C)c(C)c(Cn2ccc3c(/C=N/NC(=O)c4ccc(O)c(C#N)c4)cccc32)c1C,96.0,C(#N)c1c(O)ccc(C(=O)N/N=C/c2cccc3c2ccn3Cc2c(C)c(C)cc(C)c2C)c1,Aaraa{A}a{A}a{Adsaaata{|A~D|DA{~B}auaaa{B}a{A^D}au}aaaats}arA,4.449701475723783
CHEMBL57,Cc1ccnc2c1NC(=O)c1cccnc1N2C1CC1,44.27,c1cc(C)c2c(n1)N(C1CC1)c1ncccc1C(=O)N2,AaraadasarDA{~B}araaadarDsArAAr,62.72389320716457
CHEMBL2087433,COc1cc(C)c(S(=O)(=O)N(C)CCOCC(=O)N2CCC(C3CCN(C)CC3)CC2)c(C)c1,51.73,Cc1cc(OC)cc(C)c1S(=O)(N(C)CCOCC(N1CCC(C2CCN(C)CC2)CC1)=O)=O,ABaraa{A}a{E{~B}{~B}D{A}AABAA{~B}DsAAA{AtAAD{A}AAt}AAs}a{A}ar,54.32015320491157
CHEMBL423,CC(C)NCC(O)COc1ccc(CCOCC2CC2)cc1,27.55,N(CC(O)COc1ccc(CCOCC2CC2)cc1)C(C)C,AA{A}DAA{B}ABaraaa{AABAAsAAs}aar,81.5590852765574
CHEMBL174107,CSc1ccc(N2C(N)=NC(N)=NC2(C)C)cc1,33.39,N1(c2ccc(SC)cc2)C(N)=NC(N)=NC1(C)C,AEaraaa{DsA{D}~DA{D}~DAs{A}A}aar,74.98028613270247
CHEMBL1082376,CCCCCCc1nc2c(N)nc3ccccc3c2n1Cc1ccccc1,99.64,c1c(Cn2c(CCCCCC)nc3c2c2ccccc2nc3N)cccc1,AAAAAAardasa{D}dataaaaatasdrAaraaaaar,0.34921707784161565
CHEMBL1900528,C[N+]1(C)[C@H]2C[C@H](OC(=O)C(O)(c3cccs3)c3cccs3)C[C@@H]1[C@H]1O[C@@H]21,47.7,C1[C@H]2[C@H]3[C@@H]([C@@H](C[C@H]1OC(=O)C(O)(c1cccs1)c1sccc1)[N+]2(C)C)O3,A{D%}r{A}{A*Q}sA{A*Q}{BA{~B}A{B}{ataaaet}ataaaet}A{A**Q}r{A*Q}rB{A**Q}sr,58.85997521685253
CHEMBL2178952,NC(=O)c1cncc(-c2ccc([C@H]3CC[C@H](CC(=O)O)CC3)cc2)n1,96.5,C(C[C@H]1CC[C@H](c2ccc(-c3nc(C(=O)N)cnc3)cc2)CC1)(=O)O,DA{~B}aradaa{_asaaa{{A*Q}tAA{A*Q}{AA{~B}B}AAt}aas}dr,3.8864481243663427
CHEMBL213495,Cc1ccc2c(c1)c(-c1ccnc3c(C#N)cccc13)c(C)n2CC(=O)O,98.29,c1(-c2ccnc3c(C#N)cccc32)c2c(n(CC(=O)O)c1C)ccc(C)c2,Aaraaasa{ar}a{_araadata{A^D}aaaart}a{A}dsAA{~B}B,1.8700011265066987
CHEMBL2181753,CCN(Cc1cc(C(F)(F)F)ccc1-c1cc(CC(=O)O)ccc1OC)C(=O)NCc1ccccc1,98.29,c1(CC(O)=O)cc(-c2ccc(C(F)(F)F)cc2CN(C(NCc2ccccc2)=O)CC)c(OC)cc1,AAD{Aaraa{A{G}{G}G}aaar_araa{AA{~B}B}aaarBA}A{~B}DAaraaaaar,1.8700011265066987
CHEMBL2179291,COc1ccc(Oc2cccc(CN3CCCC(n4cc(C)c(=O)[nH]c4=O)C3)c2)cc1,98.21,C1(n2c(=O)[nH]c(=O)c(C)c2)CCCN(Cc2cc(Oc3ccc(OC)cc3)ccc2)C1,ABaraaa{Basaaaa{ADtAAAA{duaa{A}a{~B}{dQ}au~B}At}as}aar,1.9601216627239033
CHEMBL1231,CCN(CC)CC#CCOC(=O)C(O)(c1ccccc1)C1CCCCC1,97.07,c1ccc(C(C(OCC#CCN(CC)CC)=O)(C2CCCCC2)O)cc1,AAD{AA}AA^AABA{~B}A{B}{araaaaar}ArAAAAAr,3.2443393038188684
CHEMBL2062579,CS(=O)(=O)Cc1ccc2ccn(-c3cc(NC4CC4)n4ncc(C#N)c4n3)c2c1,98.21,c12n(c(NC3CC3)cc(-n3ccc4c3cc(CS(=O)(=O)C)cc4)n1)ncc2C#N,AE{~B}{~B}Aaraaasaad{_ataa{DAuAAu}dudaa{A^D}audt}asar,1.9601216627239033
CHEMBL2164850,O=C(Nc1cc(-c2ccncc2)c[nH]c1=O)[C@H](Cc1ccccc1)NC1(c2ccccn2)CC1,97.13,c1cccc(C[C@H](NC2(c3ccccn3)CC2)C(=O)Nc2cc(-c3ccncc3)c[nH]c2=O)c1,B~A{Daraa{_asaadaas}a{dQ}ar~B}{A*Q}{Aaraaaaar}DAr{asaaaads}AAr,3.176748901655973
CHEMBL2179271,CC[C@H](c1ccc(C(=O)O)c(Oc2cccc(Cl)c2)c1)N1CCC[C@H](n2cc(C)c(=O)[nH]c2=O)C1,98.21,c1c([C@H](N2C[C@@H](n3c(=O)[nH]c(=O)c(C)c3)CCC2)CC)ccc(C(=O)O)c1Oc1cccc(Cl)c1,AA{A*Q}{araaa{A{~B}B}a{Basaaaa{Z}as}ar}DrAAA{A*Q}{dsaa{A}a{~B}{dQ}as~B}Ar,1.9601216627239033
CHEMBL1689119,C[C@H]1CN(Cc2cc(Cl)ccc2OCC(=O)O)CCN1S(=O)(=O)c1ccccc1,97.26,C(COc1ccc(Cl)cc1CN1C[C@H](C)N(S(c2ccccc2)(=O)=O)CC1)(=O)O,A{A*Q}rAD{Aasaa{Z}aaasBAA{~B}B}AADrE{~B}{~B}araaaaar,3.0303030303030276
CHEMBL595134,N#CC1=C2C(=NC1=O)c1cccc3c(N4CCSCC4)ccc2c13,98.61,c1(N2CCSCC2)c2cccc3c2c(cc1)C1=C(C#N)C(=O)N=C31,D^AAr~AsA{~DAr~B}araaaata{DuAAEAAu}aaasart,1.5095189816379444
CHEMBL2110732,COc1cc2ncnc(Nc3ccc(F)c(Cl)c3)c2cc1NC(=O)/C=C/CN1CCCCC1,98.21,N(c1cc2c(Nc3cc(Cl)c(F)cc3)ncnc2cc1OC)C(/C=C/CN1CCCCC1)=O,ABaraasdada{Dataaa{G}a{Z}at}asaarDA{~B}|A~A|ADrAAAAAr,1.9601216627239033
CHEMBL2151177,COc1cc(Nc2nc3c(c(Cc4ccccc4)n2)CN(CCO)CC3)ccc1-n1cnc(C)c1,98.09,N1(CCO)CCc2c(c(Cc3ccccc3)nc(Nc3cc(OC)c(-n4cc(C)nc4)cc3)n2)C1,ABaraa{Dasdata{a{Aauaaaaau}ds}AD{AAB}AAt}aaar_drada{A}ar,2.0953024670496783
CHEMBL2216830,C=CC(=O)Nc1cccc(CN2C(=O)N(c3c(Cl)c(OC)cc(OC)c3Cl)Cc3cnc(NCCCCN(CC)CC)nc32)c1,98.0,c1(OC)cc(OC)c(Cl)c(N2Cc3c(nc(NCCCCN(CC)CC)nc3)N(Cc3cc(NC(C=C)=O)ccc3)C2=O)c1Cl,A~AA{~B}Daraaaa{ADsA{~B}D{ata{Z}a{BA}aa{BA}atZ}Aatada{DAAAAD{AA}AA}dats}ar,2.1966880702940212
CHEMBL2152915,CO[C@H]1CC[C@]2(CC1)Cc1ccc(-c3cc(Cl)cc(C#N)c3)cc1C21N=C(C)C(N)=N1,97.91,c12c(cc(-c3cc(Cl)cc(C#N)c3)cc1)C1(N=C(C)C(N)=N1)[C@]1(CC[C@H](OC)CC1)C2,AB{A*Q}rAA{A*}s{AAr}Aaraaa{_ataa{Z}aa{A^D}at}aarAsrD~A{A}A{D}~Dr,2.2980736735383642
CHEMBL2059862,Cc1ccc(-c2ncc(C)n2C)cc1NC(=O)c1ccc(OCc2ccccn2)cc1,97.81,c1(-c2ncc(C)n2C)cc(NC(c2ccc(OCc3ccccn3)cc2)=O)c(C)cc1,Aaraaa{_asdaa{A}dsA}aarDA{~B}araaa{BAasaaaads}aar,2.410724343809846
CHEMBL1778646,CCS(=O)(=O)c1ccc(-c2cc(Cl)ccc2OCC(=O)O)c(Cl)c1,97.32,c1c(Cl)c(-c2cc(Cl)ccc2OCC(O)=O)ccc1S(=O)(=O)CC,AAE{~B}{~B}araaa{_asaa{Z}aaasBAA{~B}B}a{Z}ar,2.962712628140148
CHEMBL202626,O=C(Nc1ccccc1F)NC1N=C(c2ccccc2)c2ccccc2NC1=O,97.38,N(C(=O)NC1C(=O)Nc2c(cccc2)C(c2ccccc2)=N1)c1ccccc1F,B~A{DaraaaaarG}DArD~A{asaaaaas}asaaaaasDAr~B,2.8951222259772527
CHEMBL2165055,CO[C@H]1CN(CCn2c(=O)ccc3ccc(C#N)cc32)CC[C@H]1NCc1ccc2c(n1)NC(=O)CO2,46.55,N#Cc1ccc2c(n(CCN3C[C@H](OC)[C@H](NCc4ccc5c(n4)NC(=O)CO5)CC3)c(=O)cc2)c1,AB{A*Q}rAD{AAdsa{~B}aaataaa{A^D}aats}AA{A*Q}rDAaraaasa{dr}DA{~B}ABs,60.155457924974655
CHEMBL1916288,Cc1nn(-c2ccc(F)cc2)c(NS(=O)(=O)c2ccc(C#N)cc2)c1C(=O)N[C@@H](C)C(C)(C)C,95.63,N#Cc1ccc(S(=O)(=O)Nc2c(C(N[C@H](C(C)(C)C)C)=O)c(C)nn2-c2ccc(F)cc2)cc1,Aardd{_asaaa{G}aas}a{DE{~B}{~B}asaaa{A^D}aas}arA{~B}D{A**Q}{A}A{A}{A}A,4.866508955728294
CHEMBL2059378,CCNC(=O)c1cc2c(-n3ccc(C(F)(F)F)n3)c(-c3cncc(-c4n[nH]c(=O)o4)c3)cnc2[nH]1,95.63,n1n(-c2c3c([nH]c(C(NCC)=O)c3)ncc2-c2cc(-c3n[nH]c(=O)o3)cnc2)ccc1C(F)(F)F,AADA{~B}araasa{_dtaaa{A{G}{G}G}dt}a{_atadaa{_aud{dQ}a{~B}bu}at}adas{dQ}r,4.866508955728294
CHEMBL2152920,CCC#Cc1cncc(-c2ccc3c(c2)C2(N=C(C)C(N)=N2)[C@]2(CC[C@H](OC)CC2)C3)c1,96.17,C(CC)#Cc1cncc(-c2ccc3c(c2)C2(N=C(C)C(N)=N2)[C@]2(CC[C@H](OC)CC2)C3)c1,AAA^Aaradaa{_asaaata{as}As{D~A{A}A{D}~Ds}{A*}s{AA{A*Q}{BA}AAs}At}ar,4.2581953362622516
CHEMBL1689128,C[C@H]1CN(Cc2cc(Cl)ccc2OCC(=O)O)CCN1C(=O)Cc1ccc(Cl)cc1,98.13,c1c(Cl)cc(CN2CCN(C(Cc3ccc(Cl)cc3)=O)[C@@H](C)C2)c(OCC(=O)O)c1,A{A*Q}rAD{Aasaa{Z}aaasBAA{~B}B}AADrA{~B}Aaraaa{Z}aar,2.050242198941092
CHEMBL2331753,Cc1cn([C@H]2CCCN(S(=O)(=O)c3ccc(O)c(Oc4cccc(C(F)(F)F)c4)c3)C2)c(=O)[nH]c1=O,98.61,O=S(N1CCC[C@H](n2c(=O)[nH]c(=O)c(C)c2)C1)(c1ccc(O)c(Oc2cc(C(F)(F)F)ccc2)c1)=O,Aarad{{A*Q}sAAAD{E{~B}{~B}ataaa{B}a{Bauaaaa{A{G}{G}G}au}at}As}a{~B}{dQ}ar~B,1.5095189816379444
CHEMBL1320158,C/C=C/c1ccc(Oc2nnnn2-c2ccc(C(N)=O)cc2)c(OC)c1,97.32,c1(Oc2nnnn2-c2ccc(C(=O)N)cc2)ccc(/C=C/C)cc1OC,A|A~A|araaa{Basdddds_asaaa{A{D}~B}aas}a{BA}ar,2.962712628140148
CHEMBL2337982,O=C(CN1CCN(CCC2CCOCC2)CC1)NC12CC3CC(CC(C3)C1)C2,47.12,C12CC3(NC(=O)CN4CCN(CCC5CCOCC5)CC4)CC(C1)CC(C3)C2,B~A{ADrAAD{AAAsAABAAs}AAr}DArsAAtAA{AA{At}Ar}As,59.51334910442718
CHEMBL521815,CN1CCN(C(=O)c2cc(Cc3n[nH]c(=O)c4ccccc34)ccc2F)CC1,71.05,c1cccc2c(Cc3cc(C(N4CCN(C)CC4)=O)c(F)cc3)n[nH]c(=O)c12,ADrAAD{A{~B}asaa{Aatd{dQ}a{~B}auaaaaatu}aaasG}AAr,32.55604370846007
CHEMBL1789186,N#Cc1cc(F)c(Cl)cc1O[C@H](CCN)c1ccccc1,71.05,c1cccc([C@@H](CCN)Oc2c(C#N)cc(F)c(Cl)c2)c1,D^Aaraa{G}a{Z}aarB{A*Q}{AAD}araaaaar,32.55604370846007
CHEMBL1951074,COc1cc(OC)c(S(=O)(=O)N2c3ccccc3CCC2C)cc1NC(=S)NCC(=O)O,69.12,S(=O)(=O)(N1C(C)CCc2c1cccc2)c1cc(NC(=S)NCC(O)=O)c(OC)cc1OC,ABaraa{BA}a{E{~B}{~B}DsataaaaatAAAsA}aarDA{~E}DAA{~B}B,34.73020164469978
CHEMBL2031227,Cc1ccc(NC(=O)c2ccc(C#N)cc2)cc1-n1cnc2ccc(N3CCN(C)CC3)cc2c1=O,68.13,c1(C(Nc2cc(-n3cnc4c(cc(N5CCN(C)CC5)cc4)c3=O)c(C)cc2)=O)ccc(C#N)cc1,Aaraaa{DA{~B}asaaa{A^D}aas}aar_dradasaaa{DtAAD{A}AAt}aasar~B,35.84544328038753
CHEMBL421236,C[C@H](NC(=O)Cc1cc(F)cc(F)c1)C(=O)NC1C(=O)N(C)c2ccccc2-c2ccccc21,99.01,N(C1C(=O)N(C)c2c(cccc2)-c2ccccc21)C(=O)[C@@H](NC(=O)Cc1cc(F)cc(F)c1)C,A{A*Q}{DA{~B}Aaraa{G}aa{G}ar}A{~B}DArA{~B}D{A}asaaaaas_asaaaaasr,1.0589163005519857
CHEMBL517,CC(C)N(CCC(C(N)=O)(c1ccccc1)c1ccccn1)C(C)C,33.39,c1ccccc1C(C(N)=O)(c1ncccc1)CCN(C(C)C)C(C)C,AA{A}D{AAA{A{D}~B}{araaaaar}araaaadr}A{A}A,74.98028613270247
CHEMBL272705,C[C@H](CO)Nc1nc(SCc2ccco2)nc2[nH]c(=O)sc12,98.4,n1c(SCc2ccco2)nc2c(sc(=O)[nH]2)c1N[C@@H](CO)C,A{A*Q}{AB}Darda{EAasaaabs}das{dQ}a{~B}ears,1.7460853892080623
CHEMBL165330,CC(O)(C(=O)Nc1ccc(S(=O)(=O)N2CCOCC2)cc1)C(F)(F)F,62.94,c1(S(=O)(=O)N2CCOCC2)ccc(NC(=O)C(C)(O)C(F)(F)F)cc1,AA{B}{A{~B}Daraaa{E{~B}{~B}DsAABAAs}aar}A{G}{G}G,41.69201306747775
CHEMBL472524,CCNC(=O)Nc1nc2cc(-c3cccnc3)ccc2[nH]1,98.21,c1ccc(-c2ccc3[nH]c(NC(NCC)=O)nc3c2)cn1,AADA{~B}Dardasaa{_ataaadat}aaas{dQ}r,1.9601216627239033
CHEMBL451,CNC1=Nc2ccc(Cl)cc2C(c2ccccc2)=[N+]([O-])C1,97.71,c1ccc(C2=[N+]([O-])CC(NC)=Nc3ccc(Cl)cc32)cc1,ADAr~Dasaaa{Z}aasA{asaaaaas}~{D%}{{B_}}Ar,2.523375014081344
CHEMBL1515178,CCn1cc(CNC(=O)c2cc(-c3ccc(C)cc3)nc3ccc(Br)cc23)c(C)n1,99.89,n1c(-c2ccc(C)cc2)cc(C(=O)NCc2cn(CC)nc2C)c2cc(Br)ccc12,AAdraa{ADA{~B}asaa{_ataaa{A}aat}dataaa{Y}aast}a{A}dr,0.06759040216289543
CHEMBL1276308,CC#C[C@]1(O)CC[C@H]2[C@@H]3CCC4=CC(=O)CCC4=C3[C@@H](c3ccc(N(C)C)cc3)C[C@@]21C,99.85,c1(N(C)C)ccc([C@H]2C[C@]3(C)[C@@](C#CC)(O)CC[C@H]3[C@H]3C2=C2C(=CC(=O)CC2)CC3)cc1,AA^A{A*}r{B}AA{A*Q}s{A**Q}tAAAu~AA{~B}AAAu~At{A**Q}{ataaa{D{A}A}aat}A{A**}srA,0.11265067027149771
CHEMBL426823,CCOc1nc2ccc(OCCC3CCN(c4ccc(C)nn4)CC3)cc2o1,99.72,C1CN(c2nnc(C)cc2)CCC1CCOc1ccc2nc(OCC)oc2c1,AABardasaaa{BAAAtAAD{auaaa{A}ddu}AAt}aasbr,0.25909654162442713
CHEMBL108922,CCO/N=C/c1ccc(OCCC2CCN(c3ccc(C)nn3)CC2)cc1,99.72,c1c(C)nnc(N2CCC(CCOc3ccc(/C=N/OCC)cc3)CC2)c1,AAB|D~A|araaa{BAAAsAAD{ataaa{A}ddt}AAs}aar,0.25909654162442713
CHEMBL2208427,COc1cc(C(=O)NC[C@@H](O)CN2CCC(Oc3ccc(Cl)c(Cl)c3)CC2)ccc1N,99.68,C([C@@H](O)CN1CCC(Oc2ccc(Cl)c(Cl)c2)CC1)NC(=O)c1cc(OC)c(N)cc1,ABaraa{A{~B}DA{A**Q}{B}ADsAAA{Bataaa{Z}a{Z}at}AAs}aaarD,0.3041568097330134
CHEMBL2313227,COCCN(c1cccnc1)P(=O)(c1ccccc1)c1ccccc1,91.28,O(C)CCN(c1cccnc1)P(c1ccccc1)(c1ccccc1)=O,ABAAD{araaadar}F{~B}{araaaaar}araaaaar,9.76681311253802
CHEMBL422649,CC(O)(C(=O)Nc1cccc(S(=O)(=O)c2ccccc2)c1)C(F)(F)F,90.91,S(=O)(=O)(c1cc(NC(=O)C(C)(O)C(F)(F)F)ccc1)c1ccccc1,AA{B}{A{~B}Daraaaa{E{~B}{~B}asaaaaas}ar}A{G}{G}G,10.183620592542532
CHEMBL570015,COc1cccc(Nc2c(C(N)=O)cnc3c(C)cc(S(=O)(=O)c4cccc(C(=O)N(C)C)c4)cc23)c1,98.51,c1(S(=O)(c2cc3c(ncc(C(=O)N)c3Nc3cccc(OC)c3)c(C)c2)=O)cc(C(N(C)C)=O)ccc1,ABaraaaa{Dasa{A{D}~B}adata{A}aa{E{~B}{~B}auaaaa{A{~B}D{A}A}au}aast}ar,1.6221696519094262
CHEMBL219046,O=C(O)c1c(O)c(Cc2ccc(Cl)cc2)nc2c3c(ccc12)CCCC3,99.93,c1cc2c(c3nc(Cc4ccc(Cl)cc4)c(O)c(C(O)=O)c13)CCCC2,B~A{B}ara{B}a{Aasaaa{Z}aas}dasata{aaars}AAAAt,0.02253013405429314
CHEMBL13485,CCN(CC)CCNC(=O)c1c(C)[nH]c(/C=C2\C(=O)Nc3ccc(Cl)cc32)c1C,89.49,C(C)N(CC)CCNC(=O)c1c(C)c(/C=C2/c3c(ccc(Cl)c3)NC2=O)[nH]c1C,AAD{AA}AADA{~B}ara{A}{dQ}a{|A~As!A{~B}Dataaa{Z}aats}arA,11.783260110397666
CHEMBL1210207,CCOc1cc(CN2CCC(NC(=O)c3cncc(C)c3)CC2)cc(OCC)c1-c1ccc(F)cc1,98.51,c1c(OCC)c(-c2ccc(F)cc2)c(OCC)cc1CN1CCC(NC(=O)c2cc(C)cnc2)CC1,AABaraa{ADsAAA{DA{~B}atadaa{A}at}AAs}aa{BAA}ar_araaa{G}aar,1.6221696519094262
CHEMBL2179285,Cc1cn([C@H]2CCCN([C@H](CC3CCOCC3)c3ccc(C(=O)O)c(Oc4cccc(Cl)c4)c3)C2)c(=O)[nH]c1=O,89.27,c1([C@@H](CC2CCOCC2)N2C[C@@H](n3c(=O)[nH]c(=O)c(C)c3)CCC2)cc(Oc2cc(Cl)ccc2)c(C(O)=O)cc1,Aarad{{A*Q}sAAAD{{A*Q}{AAtAABAAt}ataaa{A{~B}B}a{Bauaaaa{Z}au}at}As}a{~B}{dQ}ar~B,12.031091584994938
CHEMBL8809,CCN1CCC[C@H]1CNC(=O)c1c(O)c(Cl)cc(Cl)c1OC,89.05,c1c(Cl)c(O)c(C(NC[C@H]2N(CC)CCC2)=O)c(OC)c1Cl,AADrAAA{A*Q}rADA{~B}ara{B}a{Z}aa{Z}arBA,12.278923059592207
CHEMBL2335892,COCCC(=O)NC(C)c1ccc(Nc2ncc3cc(-c4ccncc4)ccc3n2)cc1,98.61,c1(-c2ccncc2)cc2c(nc(Nc3ccc(C(C)NC(=O)CCOC)cc3)nc2)cc1,ABAAA{~B}DA{A}araaa{Dasdaataa{_auaadaau}aaatds}aar,1.5095189816379444
CHEMBL1916082,CCC(CC)NC(=O)c1cnn(-c2ccccc2)c1NS(=O)(=O)c1ccc(C)cc1,98.61,N(C(CC)CC)C(c1c(NS(=O)(=O)c2ccc(C)cc2)n(-c2ccccc2)nc1)=O,AAA{AA}DA{~B}aradd{_asaaaaas}arDE{~B}{~B}araaa{A}aar,1.5095189816379444
CHEMBL1473,CCC(=O)O[C@]1(C(=O)SCF)[C@H](C)C[C@H]2[C@@H]3C[C@H](F)C4=CC(=O)C=C[C@]4(C)[C@@]3(F)[C@@H](O)C[C@@]21C,98.09,C(=O)([C@@]1(OC(CC)=O)[C@H](C)C[C@H]2[C@@H]3C[C@H](F)C4=CC(=O)C=C[C@]4(C)[C@@]3(F)[C@@H](O)C[C@]12C)SCF,AAA{~B}B{A*}r{A{~B}EAG}{A*Q}{A}A{A*Q}s{A**Q}tA{A*Q}{G}Au~AA{~B}A~A{A*}u{A}{A**}t{G}{A**Q}{B}A{A**}srA,2.0953024670496783
CHEMBL2171041,CN(C)c1ccccc1S(=O)(=O)NC(=O)N1CCC(N2CCC(Oc3ccc(Cl)c(Cl)c3)CC2)CC1,98.25,c1cc(OC2CCN(C3CCN(C(NS(=O)(c4c(N(C)C)cccc4)=O)=O)CC3)CC2)cc(Cl)c1Cl,AD{A}araaaaarE{~B}{~B}DA{~B}DrAAA{DsAAA{Bataaa{Z}a{Z}at}AAs}AAr,1.915061394615301
CHEMBL1797387,Cc1onc(-c2c(Cl)cccc2Cl)c1NC(=O)OCc1c(F)cccc1Cl,99.8,N(C(OCc1c(Cl)cccc1F)=O)c1c(-c2c(Cl)cccc2Cl)noc1C,Aarbda{_asa{Z}aaaasZ}arDA{~B}BAara{G}aaaarZ,0.16897600540723856
CHEMBL1387923,O=C(Nc1cccc(Cl)c1)Nc1nnc(-c2ccncc2)s1,99.8,N(C(Nc1sc(-c2ccncc2)nn1)=O)c1cc(Cl)ccc1,B~A{Daraaaa{Z}ar}Dardda{_asaadaas}er,0.16897600540723856
CHEMBL2349321,CC(C)C[C@H](CO)Nc1nc(SCc2ccccc2)nc2[nH]c(=O)sc12,99.8,OC[C@H](Nc1c2sc(=O)[nH]c2nc(SCc2ccccc2)n1)CC(C)C,AA{A}A{A*Q}{AB}Darda{EAasaaaaas}das{dQ}a{~B}ears,0.16897600540723856
CHEMBL1916260,CCC(CC)NC(=O)c1cnn(-c2ccccc2)c1NS(=O)(=O)C1CCCC1,99.78,C1C(S(Nc2c(C(NC(CC)CC)=O)cnn2-c2ccccc2)(=O)=O)CCC1,AAA{AA}DA{~B}aradd{_asaaaaas}arDE{~B}{~B}ArAAAAr,0.1915061394615317
CHEMBL1537460,COc1ccccc1C(=O)Nc1ccc(Cc2ccncc2)cc1,99.76,c1cc(NC(=O)c2ccccc2OC)ccc1Cc1ccncc1,ABaraaaaarA{~B}Daraaa{Aasaadaas}aar,0.21403627351582483
CHEMBL1778645,CCS(=O)(=O)c1ccc(-c2cc(Cl)ccc2OCC(=O)O)c(C)c1,99.71,c1cc(Cl)cc(-c2c(C)cc(S(=O)(=O)CC)cc2)c1OCC(O)=O,AAE{~B}{~B}araaa{_asaa{Z}aaasBAA{~B}B}a{A}ar,0.2703616086515817
CHEMBL510386,O=C(Nc1ccc(Cl)c(C(=O)Nc2cccnc2)c1)c1cccc(C(F)(F)F)c1,99.7,c1cc(NC(=O)c2cccc(C(F)(F)F)c2)cc(C(Nc2cnccc2)=O)c1Cl,B~A{Daraaa{Z}a{A{~B}Dasaaadas}ar}araaaa{A{G}{G}G}ar,0.28162667567872024
CHEMBL1921925,C[C@@](C(=O)O[C@H]1C[N+]2(CCCc3cc4ccccc4s3)CCC1CC2)(c1ccccc1)N1CCCCC1,99.68,c12c(cccc1)cc(CCC[N+]13C[C@H](OC([C@@](N4CCCCC4)(c4ccccc4)C)=O)C(CC1)CC3)s2,A{A**}{A{~B}B{A*Q}rA{D%}s{AAAataauaaaaauet}AAArAAs}{araaaaar}DrAAAAAr,0.3041568097330134
CHEMBL103667,Cc1ccc(-n2nc(C(C)(C)C)cc2NC(=O)Nc2ccc(OCCN3CCOCC3)c3ccccc23)cc1,99.66,C1OCCN(CCOc2c3c(cccc3)c(NC(Nc3n(-c4ccc(C)cc4)nc(C(C)(C)C)c3)=O)cc2)C1,Aaraaa{_dsda{A{A}{A}A}aasDA{~B}Dasaaa{BAADtAABAAt}ataaaaast}aar,0.32668694378732255
CHEMBL1358402,C=CC1(C)CC(=O)C2(O)C(C)(O1)C(OC(C)=O)C(O)C1C(C)(C)CCC(O)C12C,84.0,O=C1C2(O)C(C)(C(OC(C)=O)C(O)C3C(C)(C)CCC(O)C23C)OC(C)(C=C)C1,A~AAr{A}AA{~B}As{B}A{A}{Br}A{BA{A}~B}A{B}ArA{A}{A}AAA{B}ArsA,17.967781908302356
CHEMBL461572,O=C(Nc1ccc(Cl)c(C(=O)Nc2cncs2)c1)c1cccc(Cl)c1,99.8,c1c(C(=O)Nc2cc(C(Nc3cncs3)=O)c(Cl)cc2)cccc1Cl,B~A{Daraaa{Z}a{A{~B}Dasadaes}ar}araaaa{Z}ar,0.16897600540723856
CHEMBL48966,c1ccc2[nH]c(CCc3nc4ccccc4[nH]3)nc2c1,84.0,c12[nH]c(CCc3nc4c(cccc4)[nH]3)nc1cccc2,araaas{dQ}a{AAatdauaaaaau{dQ}t}dasar,17.967781908302356
CHEMBL1957369,N#Cc1c(-c2ccc(-c3ccccc3Cl)cc2)nc2ccncc2c1O,99.92,c1cccc(-c2ccc(-c3c(C#N)c(O)c4c(ccnc4)n3)cc2)c1Cl,D^Aara{_asaaa{_ataaaaatZ}aas}dasaadaasarB,0.033795201081447714
CHEMBL453,Cc1noc(NS(=O)(=O)c2ccc(N)cc2)c1C,91.28,c1(NS(=O)(c2ccc(N)cc2)=O)onc(C)c1C,Aardba{DE{~B}{~B}asaaa{D}aas}arA,9.76681311253802
CHEMBL1240967,CC(C)(Cc1cccc(CC(=O)NCc2cccc(-c3ccc(O)cc3)c2)c1)NC[C@H](O)c1ccc(O)c(NS(C)(=O)=O)c1,99.47,c1cc(-c2cc(CNC(=O)Cc3cccc(CC(C)(C)NC[C@H](O)c4cc(NS(=O)(C)=O)c(O)cc4)c3)ccc2)ccc1O,AA{A}{Aaraaaa{AA{~B}DAasaaaa{_ataaa{B}aat}as}ar}DA{A*Q}{B}araaa{B}a{DE{A}{~B}~B}ar,0.5407232173031473
CHEMBL1957848,O=c1cc(N2CCOCC2)nc2n(Cc3cccc(Cl)c3)ccn12,89.91,n12ccn(Cc3cccc(Cl)c3)c1nc(N1CCOCC1)cc2=O,B~araa{DsAABAAs}dasd{Aataaaa{Z}at}aadrs,11.310127295257413
CHEMBL1090941,CCCCCCCC(=O)N[C@@H](CCN)C(=O)N[C@H](C(=O)N[C@@H](C)C(=O)N[C@H]1CCNC(=O)[C@H]([C@@H](C)O)NC(=O)[C@H](CCN)NC(=O)[C@H](CCN)NC(=O)[C@H](CC(C)C)NC(=O)[C@@H](Cc2ccccc2)NC(=O)[C@H](CCN)NC1=O)[C@@H](C)O,88.82,C(CC(=O)N[C@H](C(N[C@H](C(N[C@@H](C)C(=O)N[C@H]1CCNC(=O)[C@H]([C@H](O)C)NC(=O)[C@H](CCN)NC(=O)[C@H](CCN)NC(=O)[C@H](CC(C)C)NC(=O)[C@@H](Cc2ccccc2)NC(=O)[C@H](CCN)NC1=O)=O)[C@@H](C)O)=O)CCN)CCCCC,AAAAAAAA{~B}D{A**Q}{AAD}A{~B}D{A*Q}{A{~B}D{A**Q}{A}A{~B}D{A*Q}rAADA{~B}{A*Q}{{A**Q}{A}B}DA{~B}{A*Q}{AAD}DA{~B}{A*Q}{AAD}DA{~B}{A*Q}{AA{A}A}DA{~B}{A**Q}{Aasaaaaas}DA{~B}{A*Q}{AAD}DAr~B}{A**Q}{A}B,12.538019601216636
CHEMBL1824029,CC(O)c1ccc2c(c1)N(CCN1CCC(NCc3ccc4c(n3)NC(=O)CO4)CC1)C(=O)CO2,88.82,c12c(ccc(C(O)C)c1)OCC(=O)N2CCN1CCC(NCc2ccc3c(n2)NC(=O)CO3)CC1,AA{B}araaasa{ar}D{AADrAAA{DAataaaua{dt}DA{~B}ABu}AAr}A{~B}ABs,12.538019601216636
CHEMBL2069623,Nc1ncnc2c1c(COc1cccc(Cl)c1)nn2C1CCOCC1,95.23,O1CCC(n2nc(COc3cc(Cl)ccc3)c3c2ncnc3N)CC1,Dardadasara{ABaraaaa{Z}ar}ddsArAABAAr,5.3171116368142375
CHEMBL2177906,NC1=NC(c2cccc(-c3cncnc3)c2)(c2ccnc(C(F)(F)F)c2)c2cccc(F)c21,95.43,C1(c2ccnc(C(F)(F)F)c2)(c2cc(-c3cncnc3)ccc2)c2c(c(F)ccc2)C(N)=N1,DAr~DA{asaaaa{_atadadat}as}{asaada{A{G}{G}G}as}asaaaa{G}asr,5.091810296271258
CHEMBL2207225,COc1cc(OC)c(S(=O)(=O)N2c3ccccc3CCC2C)cc1NC(=O)Cc1ccnc(F)c1,94.56,COc1c(S(=O)(N2C(C)CCc3ccccc32)=O)cc(NC(=O)Cc2cc(F)ncc2)c(OC)c1,ABaraa{BA}a{E{~B}{~B}DsataaaaatAAAsA}aarDA{~B}Aaraada{G}ar,6.071871127633209
CHEMBL1766081,Cc1ncccc1Oc1ncnc(OC2CCN(C(=O)OC(C)C)CC2)c1C,99.21,c1cc(Oc2ncnc(OC3CCN(C(OC(C)C)=O)CC3)c2C)c(C)nc1,AardaaaarBardada{BAsAAD{A{~B}BA{A}A}AAs}arA,0.8336149600090222
CHEMBL1689109,O=C(O)COc1ccc(Cl)cc1CN1CCN(S(=O)(=O)c2ccccc2)CC1,96.17,O=S(=O)(N1CCN(Cc2cc(Cl)ccc2OCC(O)=O)CC1)c1ccccc1,B~A{B}ABaraaa{Z}aarADrAAD{E{~B}{~B}asaaaaas}AAr,4.2581953362622516
CHEMBL2,COc1cc2nc(N3CCN(C(=O)c4ccco4)CC3)nc(N)c2cc1OC,96.0,c1c2nc(N3CCN(C(c4ccco4)=O)CC3)nc(N)c2cc(OC)c1OC,ABaraasda{DtAAD{A{~B}auaaabu}AAt}da{D}asaarBA,4.449701475723783
CHEMBL462133,Cc1ncc(NC(=O)c2cc(NC(=O)c3cccc(Cl)c3)ccc2Cl)s1,99.8,c1cc(C(=O)Nc2ccc(Cl)c(C(=O)Nc3sc(C)nc3)c2)cc(Cl)c1,Aardaa{DA{~B}asaa{DA{~B}ataaaa{Z}at}aaasZ}er,0.16897600540723856
CHEMBL212777,Cc1ccc2c(c1)c(-c1ccnc3cc(Cl)ccc13)c(C)n2CC(=O)O,99.82,C(n1c(C)c(-c2ccnc3c2ccc(Cl)c3)c2cc(C)ccc21)C(O)=O,Aaraaasa{ar}a{_araadataa{Z}aaart}a{A}dsAA{~B}B,0.14644587135294543
CHEMBL1221681,O=c1[nH]c2c(O)ccc([C@@H](O)CN[C@H]3CCC[C@@H]3OCc3ccccc3)c2s1,93.1,C1CC[C@H](OCc2ccccc2)[C@H]1NC[C@@H](c1c2sc(=O)[nH]c2c(O)cc1)O,B~ar{dQ}asa{B}aaa{{A**Q}{B}AD{A*Q}tAAA{A**Q}tBAataaaaat}aser,7.716570913596946
CHEMBL479848,CCOc1cc2ncc(C(N)=O)c(Nc3cc(F)ccc3F)c2cc1N1CCN(C)CC1,92.64,O=C(c1cnc2cc(OCC)c(N3CCN(C)CC3)cc2c1Nc1c(F)ccc(F)c1)N,AABaraasdaa{A{D}~B}a{Dataa{G}aaatG}asaarDrAAD{A}AAr,8.234763996845782
CHEMBL2331754,Cc1cn([C@H]2CCCN(S(=O)(=O)c3ccc(CO)c(Oc4cccc(Cl)c4)c3)C2)c(=O)[nH]c1=O,92.64,Cc1cn([C@H]2CCCN(S(=O)(=O)c3cc(Oc4cc(Cl)ccc4)c(CO)cc3)C2)c(=O)[nH]c1=O,Aarad{{A*Q}sAAAD{E{~B}{~B}ataaa{AB}a{Bauaaaa{Z}au}at}As}a{~B}{dQ}ar~B,8.234763996845782
CHEMBL2338405,CC(C)(C)NC(=O)NCCN1CCN(CC(=O)Nc2cc(Cl)cc(Cl)c2)CC1,94.79,C(C)(C)(C)NC(=O)NCCN1CCN(CC(=O)Nc2cc(Cl)cc(Cl)c2)CC1,AA{A}{A}DA{~B}DAADrAAD{AA{~B}Dasaa{Z}aa{Z}as}AAr,5.812774586008782
CHEMBL1934418,Cc1ccc(S(=O)(=O)Nc2c(C(=O)N[C@@H](C)C(C)(C)C)c(C)nn2C2CCSCC2)cc1,94.68,O=S(c1ccc(C)cc1)(=O)Nc1c(C(=O)N[C@@H](C)C(C)(C)C)c(C)nn1C1CCSCC1,Aaraaa{E{~B}{~B}Dasa{A{~B}D{A**Q}{A}A{A}{A}A}a{A}ddsAsAAEAAs}aar,5.936690323307418
CHEMBL235357,O=C(NCC12CC3CC(CC(C3)C1)C2)c1cc(O[C@@H]2CCCNC2)ccc1Cl,94.56,C12CC3(CNC(c4cc(O[C@H]5CNCCC5)ccc4Cl)=O)CC(CC(C3)C1)C2,B~A{DAArsAAtAA{AA{At}Ar}As}araa{B{A**Q}sAAADAs}aaarZ,6.071871127633209
CHEMBL2180024,CC1=NC(c2ccc(F)cc2)(c2cccc(-c3cccnc3)c2)N=C1N,95.12,c1ncccc1-c1cccc(C2(c3ccc(F)cc3)N=C(C)C(N)=N2)c1,AAr~DA{asaaa{G}aas}{asaaaa{_ataaadat}as}D~ArD,5.441027374112873
CHEMBL1771,COC(=O)[C@H](c1ccccc1Cl)N1CCc2sccc2C1,98.64,s1c2c(cc1)CN([C@@H](c1c(Cl)cccc1)C(OC)=O)CC2,ABA{~B}{A*Q}{araaaaarZ}DrAAaseaaasAr,1.4757237805564967
CHEMBL480027,CC(C)Oc1cc2ncc(C(N)=O)c(Nc3cccc(Cl)c3F)c2cc1N1CCN(C)CC1,95.12,Fc1c(Nc2c(C(=O)N)cnc3cc(OC(C)C)c(N4CCN(C)CC4)cc32)cccc1Cl,AA{A}Baraasdaa{A{D}~B}a{Dataaaa{Z}atG}asaarDrAAD{A}AAr,5.441027374112873
CHEMBL2165178,CCN(Cc1cccc2ccccc12)c1cc(N2CCOCC2)nc(=O)[nH]1,96.42,c1c(N(Cc2c3ccccc3ccc2)CC)[nH]c(=O)nc1N1CCOCC1,AAD{Aaraaaasaaaaars}araa{DsAABAAs}da{~B}{dQ}r,3.9765686605835313
CHEMBL521262,COc1cc2c(Nc3cccc(Cl)c3Cl)c(C(N)=O)cnc2cc1NCCN(C)C,94.56,c12cc(NCCN(C)C)c(OC)cc1c(Nc1c(Cl)c(Cl)ccc1)c(C(=O)N)cn2,ABaraasa{Dataaaa{Z}atZ}a{A{D}~B}adasaarDAAD{A}A,6.071871127633209
CHEMBL1652621,Cc1c(CN(C)C(=O)/C=C/c2cnc3c(c2)CCC(=O)N3)oc2ccccc12,94.56,o1c2c(c(C)c1CN(C)C(=O)/C=C/c1cc3c(nc1)NC(=O)CC3)cccc2,Aara{AD{A}A{~B}|A~A|asadata{as}AAA{~B}Dt}basaaaaars,6.071871127633209
CHEMBL2207599,COc1cc(OC)c(S(=O)(=O)N(c2ccccc2)c2ccccc2)cc1NC(=O)CCC(=O)O,90.72,C(CC(O)=O)C(=O)Nc1c(OC)cc(OC)c(S(=O)(=O)N(c2ccccc2)c2ccccc2)c1,ABaraa{BA}a{E{~B}{~B}D{asaaaaas}asaaaaas}aarDA{~B}AAA{~B}B,10.397656866058357
CHEMBL1762538,Cc1ccc(CO)cc1N(C)c1ccnc(Nc2cc(N3CCCOCC3)cc(N3CCOCC3)c2)n1,94.44,C(O)c1cc(N(c2nc(Nc3cc(N4CCOCCC4)cc(N4CCOCC4)c3)ncc2)C)c(C)cc1,Aaraaa{AB}aarD{A}araada{Dasaa{DtAAABAAt}aa{DtAABAAt}as}dr,6.207051931959
CHEMBL2152523,c1ccc([C@H]([C@@H](c2ccccc2)N2CCCCC2)N2CCCCC2)cc1,93.94,C1CCCCN1[C@H](c1ccccc1)[C@H](N1CCCCC1)c1ccccc1,araaa{{A*Q}{{A**Q}{asaaaaas}DsAAAAAs}DsAAAAAs}aar,6.77030528331644
CHEMBL2147569,C[C@]12Cc3cnn(-c4ccc(F)cc4)c3C=C1CC[C@@]2(O)CCc1ccc(F)cc1C(N)=O,96.79,Fc1cc(C(=O)N)c(CC[C@]2(O)CCC3=Cc4c(cnn4-c4ccc(F)cc4)C[C@]23C)cc1,A{A*}rsAatadd{_auaaa{G}aau}atA~ArAA{A**}s{B}AAaraaa{G}aarA{D}~B,3.55976118057902
CHEMBL1957367,N#CCOc1ccccc1-c1ccc(-c2nc3ccncc3c(O)c2C#N)cc1,99.89,c1c2c(O)c(C#N)c(-c3ccc(-c4c(OCC#N)cccc4)cc3)nc2ccn1,D^AABaraaaaar_araaa{_asdataadaata{B}asA^D}aar,0.06759040216289543
CHEMBL1778612,O=C(O)COc1ccc([N+](=O)[O-])cc1-c1ccccc1,99.59,c1(-c2ccccc2)c(OCC(=O)O)ccc([N+]([O-])=O)c1,B~A{B}ABaraaa{{D%}{~B}{B_}}aar_araaaaar,0.40554241297735655
CHEMBL2335884,c1cc(-c2ccc3nc(Nc4ccc(OCCN5CCCC5)cc4)ncc3c2)ccn1,97.2,c1(Nc2nc3c(cn2)cc(-c2ccncc2)cc3)ccc(OCCN2CCCC2)cc1,araa{_asaaatda{Dauaaa{BAADvAAAAv}aau}daatas}aadr,3.0978934324659226
CHEMBL88712,O=C(O)[C@@H](c1ccc(OCc2ccc3ccccc3n2)cc1)C1CCCC1,99.85,c1c([C@H](C(=O)O)C2CCCC2)ccc(OCc2nc3ccccc3cc2)c1,B~A{B}{A**Q}{araaa{BAasaaataaaaatds}aar}ArAAAAr,0.11265067027149771
CHEMBL2312918,CCCN(c1ccon1)P(=O)(c1ccccc1)c1ccccc1,96.26,c1cccc(P(N(c2ccon2)CCC)(=O)c2ccccc2)c1,AAAD{araabdr}F{~B}{araaaaar}araaaaar,4.156809733017909
CHEMBL2178934,NC(=O)c1cncc(-c2ccc([C@H]3CC[C@H](CCO)CC3)cc2)n1,97.2,c1ncc(-c2ccc([C@H]3CC[C@H](CCO)CC3)cc2)nc1C(N)=O,DA{~B}aradaa{_asaaa{{A*Q}tAA{A*Q}{AAB}AAt}aas}dr,3.0978934324659226
CHEMBL300138,Cn1cc(C2=C(c3cn(C4CCN(Cc5ccccn5)CC4)c4ccccc34)C(=O)NC2=O)c2ccccc21,99.83,c1c2n(C)cc(C3=C(c4cn(C5CCN(Cc6ncccc6)CC5)c5c4cccc5)C(=O)NC3=O)c2ccc1,Adraa{As~A{atad{AuAAD{Aavaaaadv}AAu}auaaaaatu}A{~B}DAs~B}asaaaaasr,0.13518080432579085
CHEMBL1972466,Cc1cc(C(C)Nc2ccccc2)c2nc(N3CCOCC3)cc(=O)n2c1,94.68,c1ccccc1NC(c1cc(C)cn2c(=O)cc(N3CCOCC3)nc12)C,Aaraa{A{A}Dasaaaaas}asda{DtAABAAt}aa{~B}dsar,5.936690323307418
CHEMBL2208423,N#Cc1cccc(C(=O)NC[C@@H](O)CN2CCC(Oc3ccc(Cl)c(Cl)c3)CC2)c1,93.53,O(c1ccc(Cl)c(Cl)c1)C1CCN(C[C@@H](CNC(=O)c2cc(C#N)ccc2)O)CC1,D^Aaraaaa{A{~B}DA{A**Q}{B}ADsAAA{Bataaa{Z}a{Z}at}AAs}ar,7.2321730314295385
CHEMBL1645107,Nc1nc2ccc(-c3ccncc3)cc2s1,88.11,n1c(N)sc2c1ccc(-c1ccncc1)c2,Dardasaaa{_ataadaat}aaser,13.337839360144196
CHEMBL2030393,O=c1[nH]c([C@@H]2CCCN2)nc2c1oc1ccc(Br)cc12,94.9,c1(Br)ccc2oc3c(nc([C@H]4NCCC4)[nH]c3=O)c2c1,B~ar{dQ}a{{A**Q}sAAADs}dasarbaraaa{Y}aars,5.688858848710146
CHEMBL1950848,CN[C@@H](C)C(=O)N[C@H](C(=O)N[C@H]1CCCN(CCc2ccccc2F)C1)C1CCCCC1,73.81,c1cccc(CCN2C[C@@H](NC(=O)[C@@H](NC(=O)[C@H](C)NC)C3CCCCC3)CCC2)c1F,AD{A**Q}{A}A{~B}D{A*Q}{A{~B}D{A*Q}rAAAD{AAasaaaaasG}Ar}ArAAAAAr,29.44688520896699
CHEMBL1542,Cn1cnc([N+](=O)[O-])c1Sc1ncnc2nc[nH]c12,67.63,c1nc2c([nH]1)c(Sc1n(C)cnc1[N+](=O)[O-])ncn2,Adrada{{D%}{~B}{B_}}arEardadasda{dQ}ars,36.40869663174497
CHEMBL2062580,CC(=O)Nc1ccc2c(c1)c(-c1cc(NC3CC3)n3ncc(C#N)c3n1)cn2C,98.64,c1nn2c(c1C#N)nc(-c1cn(C)c3ccc(NC(=O)C)cc31)cc2NC1CC1,AA{~B}Daraaasa{ar}a{_araa{DAtAAt}dtdaa{A^D}atdr}adsA,1.4757237805564967
CHEMBL1944694,COc1ccccc1CCNCc1ccc(CCNC[C@H](O)c2ccc(O)c3[nH]c(=O)sc23)cc1,95.53,[C@@H](CNCCc1ccc(CNCCc2ccccc2OC)cc1)(O)c1c2sc(=O)[nH]c2c(O)cc1,ABaraaaaarAADAaraaa{AADA{A*Q}{B}asaaa{B}at{dQ}a{~B}east}aar,4.979159625999776
CHEMBL481807,CCOc1cc2ncc(C(N)=O)c(Nc3ccc(F)cc3F)c2cc1N1CCN(CC)CC1,95.43,C1N(c2c(OCC)cc3ncc(C(=O)N)c(Nc4c(F)cc(F)cc4)c3c2)CCN(CC)C1,AABaraasdaa{A{D}~B}a{Dataaa{G}aatG}asaarDrAAD{AA}AAr,5.091810296271258
CHEMBL114,CC(C)(C)NC(=O)[C@@H]1C[C@@H]2CCCC[C@@H]2CN1C[C@@H](O)[C@H](Cc1ccccc1)NC(=O)[C@H](CC(N)=O)NC(=O)c1ccc2ccccc2n1,98.86,c12c(nc(C(=O)N[C@H](C(N[C@@H](Cc3ccccc3)[C@H](O)CN3C[C@@H]4[C@H](C[C@H]3C(=O)NC(C)(C)C)CCCC4)=O)CC(=O)N)cc1)cccc2,AA{A}{A}DA{~B}{A**Q}rA{A**Q}sAAAA{A**Q}sADrA{A**Q}{B}{A*Q}{Aaraaaaar}DA{~B}{A*Q}{AA{D}~B}DA{~B}araaasaaaaasdr,1.2278923059592242
CHEMBL1831130,COc1ccc2nc(C)cc(N3CC(CNC(=O)C4CC4)OC3=O)c2c1,67.63,COc1ccc2c(c(N3CC(CNC(C4CC4)=O)OC3=O)cc(C)n2)c1,ABaraaasda{A}aa{DtAA{ADA{~B}AuAAu}BAt~B}asar,36.40869663174497
CHEMBL1650726,Cc1cc(Nc2nc(O[C@@H](C)c3ncc(F)cn3)ncc2Cl)n[nH]1,75.12,C[C@H](Oc1nc(Nc2cc(C)[nH]n2)c(Cl)cn1)c1ncc(F)cn1,Aaraa{Dasda{B{A**Q}{A}atdaa{G}adt}daasZ}d{dQ}r,27.971161428410497
CHEMBL1813048,CC(=O)Nc1cccc(Nc2ncnc(N3CCC(OCc4ccc(OC(F)(F)F)cc4)CC3)n2)c1C,98.81,c1c(Nc2nc(N3CCC(OCc4ccc(OC(F)(F)F)cc4)CC3)ncn2)c(C)c(NC(=O)C)cc1,AA{~B}Daraaaa{Dasdada{DtAAA{BAauaaa{BA{G}{G}G}aau}AAt}ds}arA,1.284217641094965
CHEMBL571,CC(C(=O)O)c1cccc(C(=O)c2ccccc2)c1,98.73,C(C(C)c1cccc(C(=O)c2ccccc2)c1)(O)=O,AA{A{~B}B}araaaa{A{~B}asaaaaas}ar,1.3743381773121535
CHEMBL379866,CC(C)c1nnc2ccc(-c3ocnc3-c3cc(F)ccc3F)cn12,81.36,n12c(ccc(-c3ocnc3-c3c(F)ccc(F)c3)c1)nnc2C(C)C,AA{A}arddasaaa{_atbadat_ataa{G}aaatG}adrs,20.94175960346964
CHEMBL1213082,Cc1ccccc1-n1c(Cn2cnc3c(N)ncnc32)nc2cccc(C)c2c1=O,98.64,c12cccc(C)c1c(=O)n(-c1ccccc1C)c(Cn1cnc3c1ncnc3N)n2,Aaraaaaar_dra{Adsadata{D}dadats}dasaaaa{A}asar~B,1.4757237805564967
CHEMBL400585,O=C(O)COn1c(-c2ccccc2)nc2ccc([N+](=O)[O-])cc21,98.61,c1ccccc1-c1n(OCC(=O)O)c2c(ccc([N+](=O)[O-])c2)n1,B~A{B}ABdra{_asaaaaas}dasaaa{{D%}{~B}{B_}}aasr,1.5095189816379444
CHEMBL12,CN1C(=O)CN=C(c2ccccc2)c2cc(Cl)ccc21,98.61,c12ccc(Cl)cc1C(c1ccccc1)=NCC(=O)N2C,ADrA{~B}AD~A{asaaaaas}asaa{Z}aaasr,1.5095189816379444
CHEMBL2179269,Cc1cn([C@H]2CCCN([C@H](C)c3ccc(C(=O)O)c(Oc4cccc(Cl)c4)c3)C2)c(=O)[nH]c1=O,98.44,C1N([C@H](C)c2ccc(C(O)=O)c(Oc3cccc(Cl)c3)c2)C[C@@H](n2cc(C)c(=O)[nH]c2=O)CC1,Aarad{{A*Q}sAAAD{{A*Q}{A}ataaa{A{~B}B}a{Bauaaaa{Z}au}at}As}a{~B}{dQ}ar~B,1.701025121099476
CHEMBL866,COc1c(C)c2c(c(O)c1C/C=C(\C)CCC(=O)O)C(=O)OC2,98.4,O1Cc2c(C)c(OC)c(C/C=C(\C)CCC(=O)O)c(O)c2C1=O,ABara{A}asa{a{B}arA|A~A{!A}AAA{~B}B}A{~B}BAs,1.7460853892080623
CHEMBL481596,CN1CCN(c2cc3c(Nc4ccc(F)cc4F)c(C(N)=O)cnc3cc2F)CC1,75.55,Fc1cc(F)c(Nc2c(C(=O)N)cnc3cc(F)c(N4CCN(C)CC4)cc23)cc1,ADrAAD{asaata{Dauaaa{G}aauG}a{A{D}~B}adataasG}AAr,27.4867635462431
CHEMBL2325622,CN1CC(n2nccc2-c2cc(Cl)ccc2Oc2cc(F)c(S(=O)(=O)Nc3ncns3)cc2F)C1,98.4,S(=O)(=O)(Nc1ncns1)c1c(F)cc(Oc2ccc(Cl)cc2-c2n(C3CN(C)C3)ncc2)c(F)c1,ADrAA{dsdaaas_asaa{Z}aaasBasaa{G}a{E{~B}{~B}Datdadet}aasG}Ar,1.7460853892080623
CHEMBL1610495,CNC(=O)c1cc(C(=O)c2ccc(Cl)cc2)c(Br)[nH]1,98.61,c1(C(=O)NC)cc(C(=O)c2ccc(Cl)cc2)c(Br)[nH]1,ADA{~B}araa{A{~B}asaaa{Z}aas}a{Y}{dQ}r,1.5095189816379444
CHEMBL480814,CCOc1cc2ncc(C(N)=O)c(Nc3cccc(Cl)c3Cl)c2cc1NCCN(C)C,95.82,c12cc(NCCN(C)C)c(OCC)cc1ncc(C(N)=O)c2Nc1cccc(Cl)c1Cl,AABaraasdaa{A{D}~B}a{Dataaaa{Z}atZ}asaarDAAD{A}A,4.652472682212469
CHEMBL2062570,CC(=O)Nc1ccc2ccn(-c3cc(Nc4ccn(C)n4)n4ncc(C#N)c4n3)c2c1,98.37,c1c(Nc2n3c(nc(-n4ccc5c4cc(NC(C)=O)cc5)c2)c(C#N)cn3)nn(C)c1,AA{~B}Daraaasaad{_ataa{Dauaad{A}du}dudaa{A^D}audt}asar,1.77988059028951
CHEMBL1738764,Cc1ccc(CO)cc1N(c1ccnc(Nc2cc(N3CCOCC3)cc(S(C)(=O)=O)c2)n1)C(C)C,95.91,C1COCCN1c1cc(S(=O)(C)=O)cc(Nc2nc(N(C(C)C)c3c(C)ccc(CO)c3)ccn2)c1,Aaraaa{AB}aarD{araada{Dasaa{DtAABAAt}aa{E{A}{~B}~B}as}dr}A{A}A,4.551087078968126
CHEMBL422,CN1CCN(CCCN2c3ccccc3Sc3ccc(C(F)(F)F)cc32)CC1,99.19,N1(CCCN2c3ccccc3Sc3ccc(C(F)(F)F)cc32)CCN(C)CC1,ADrAAD{AAADsataaaaatEataaa{A{G}{G}G}aats}AAr,0.8561450940633153
CHEMBL2205509,CC(C)COc1ccc(-c2cc(O)nc(N)n2)cc1C#N,95.91,N#Cc1c(OCC(C)C)ccc(-c2nc(N)nc(O)c2)c1,AA{A}ABaraaa{_asaa{B}da{D}ds}aarA^D,4.551087078968126
CHEMBL1534781,COc1cnc(-c2ccccn2)nc1N(C)c1ccccc1,96.0,N(c1nc(-c2ccccn2)ncc1OC)(c1ccccc1)C,ABarada{_asaaaads}darD{A}araaaaar,4.449701475723783
CHEMBL1431736,CC(NC(=O)c1cc(O)nc2ccccc12)c1ccccc1,64.01,c1ccc(C(C)NC(=O)c2cc(O)nc3ccccc23)cc1,AA{DA{~B}araa{B}dasaaaaars}araaaaar,40.48665089557282
CHEMBL1934266,CCC(CC)NC(=O)c1c(C)nn(C(C)C)c1NS(=O)(=O)c1ccc(C)cc1,96.5,c1cc(C)ccc1S(Nc1n(C(C)C)nc(C)c1C(=O)NC(CC)CC)(=O)=O,AAA{AA}DA{~B}ara{A}dd{A{A}A}arDE{~B}{~B}araaa{A}aar,3.8864481243663427
CHEMBL456390,O=C1CCc2cc(-c3cncc4ccccc34)ccc2N1,96.42,n1cc2ccccc2c(-c2cc3c(cc2)NC(=O)CC3)c1,B~ArAAasaa{_atadaauaaaaatu}aaasDr,3.9765686605835313
CHEMBL1309609,O=C(CN1CCCCCC1)N1c2ccccc2Sc2ccccc21,97.07,C1CN(CC(N2c3ccccc3Sc3c2cccc3)=O)CCCC1,B~A{ADrAAAAAAr}DrasaaaaasEasaaaaasr,3.2443393038188684
CHEMBL565073,O=C(CC1CCN(Cc2ccn(-c3ccc(C(F)(F)F)cc3)c2)CC1)NC(c1ccc(F)cc1)c1cccnc1,96.87,C1(CC(=O)NC(c2cnccc2)c2ccc(F)cc2)CCN(Cc2ccn(-c3ccc(C(F)(F)F)cc3)c2)CC1,B~A{AArAAD{Aasaad{_ataaa{A{G}{G}G}aat}as}AAr}DA{araaa{G}aar}araaadar,3.4696406443618315
CHEMBL2151324,CC(C)Oc1cc(Nc2nc3c(cc2F)ncn3[C@@H](CO)c2ccc(F)cn2)n[nH]1,94.9,OC[C@H](n1c2c(cc(F)c(Nc3cc(OC(C)C)[nH]n3)n2)nc1)c1ccc(F)cn1,AA{A}Baraa{Dasdata{aasG}dadt{A**Q}{AB}asaaa{G}ads}d{dQ}r,5.688858848710146
CHEMBL219916,O=c1[nH]c2ccccc2n1CCCN1CCC(n2c(=O)[nH]c3cc(Cl)ccc32)CC1,96.65,[nH]1c2cc(Cl)ccc2n(C2CCN(CCCn3c4ccccc4[nH]c3=O)CC2)c1=O,B~ar{dQ}asaaaaasdrAAADrAAA{dsa{~B}{dQ}ataa{Z}aaats}AAr,3.7174721189591042
CHEMBL520431,CCOc1cc2ncc(C(N)=O)c(Nc3ccc(F)cc3F)c2cc1N1CCCN(C)CC1,69.61,c12c(cc(N3CCN(C)CCC3)c(OCC)c1)c(Nc1ccc(F)cc1F)c(C(=O)N)cn2,AABaraasdaa{A{D}~B}a{Dataaa{G}aatG}asaarDrAAAD{A}AAr,34.1782133603695
CHEMBL223166,COc1ccccc1O[C@@H](c1ccccc1)[C@@H]1CNCCO1,69.12,c1ccc(OC)c(O[C@@H](c2ccccc2)[C@H]2OCCNC2)c1,ABaraaaaarB{A**Q}{araaaaar}{A**Q}rADAABr,34.73020164469978
CHEMBL569184,COc1ccc(CCN2C(=O)N(NS(C)(=O)=O)C[C@@H]2c2ccc(OC)cc2)cc1,95.23,c1cc(CCN2[C@@H](c3ccc(OC)cc3)CN(NS(=O)(=O)C)C2=O)ccc1OC,ABaraaa{AADsA{~B}D{DE{A}{~B}~B}A{A**Q}sasaaa{BA}aas}aar,5.3171116368142375
CHEMBL319111,O=C1N(c2ccccc2)c2ccccc2C1(Cc1ccncc1)Cc1ccncc1,99.6,c1cnccc1CC1(Cc2ccncc2)C(=O)N(c2ccccc2)c2ccccc21,B~ArD{asaaaaas}asaaaaasAr{Aaraadaar}Aaraadaar,0.39427734595021796
CHEMBL397647,C[N+](C)(Cc1ccc(NC(=O)c2ccc(Cl)c(Cl)c2)cc1)C1CCOCC1,82.05,N(C(=O)c1ccc(Cl)c(Cl)c1)c1ccc(C[N+](C2CCOCC2)(C)C)cc1,A{D%}{A}{Aaraaa{DA{~B}asaaa{Z}a{Z}as}aar}ArAABAAr,20.164469978596376
CHEMBL1868114,COCCNc1nc(NCc2ccccc2F)c2sccc2n1,97.2,C(c1ccccc1F)Nc1c2sccc2nc(NCCOC)n1,ABAADarda{DAasaaaaasG}aseaaasdr,3.0978934324659226
CHEMBL2062556,N#Cc1cnn2c(N)cc(-c3ccccc3)nc12,95.01,c1ccccc1-c1cc(N)n2ncc(C#N)c2n1,D^Aaraddsa{D}aa{_ataaaaat}dars,5.56494311141151
CHEMBL497963,Cc1ccc2c(OCCN3CCC(Cc4cccc(NS(C)(=O)=O)c4)CC3)cccc2n1,97.0,c1cc2c(nc1C)cccc2OCCN1CCC(Cc2cccc(NS(=O)(C)=O)c2)CC1,Aaraaasa{BAADtAAA{Aauaaaa{DE{A}{~B}~B}au}AAt}aaaasdr,3.323194773008902
CHEMBL2023489,COc1ccc2c(Oc3ccc(CC(=O)Nc4cn(C)nc4C)c(OC)c3)ccnc2c1,98.89,c1c(OC)ccc2c(Oc3cc(OC)c(CC(=O)Nc4c(C)nn(C)c4)cc3)ccnc12,ABaraaasa{Bataaa{AA{~B}Dauad{A}dauA}a{BA}at}aadasar,1.1940971048777764
CHEMBL1609026,O=C(CCS(=O)(=O)c1ccc(Br)cc1)Nc1ccc2c(c1)OCO2,98.81,c1c(Br)ccc(S(=O)(CCC(Nc2cc3c(cc2)OCO3)=O)=O)c1,B~A{AAE{~B}{~B}araaa{Y}aar}Daraaasa{ar}BABs,1.284217641094965
CHEMBL456324,CC(C)Oc1cc(Nc2nc(N[C@@H](C)c3ccc(F)cc3)nc(NC(CO)CO)c2Cl)n[nH]1,96.42,c1(Cl)c(NC(CO)CO)nc(N[C@H](c2ccc(F)cc2)C)nc1Nc1cc(OC(C)C)[nH]n1,AA{A}Baraa{Dasda{D{A**Q}{A}ataaa{G}aat}da{DA{AB}AB}asZ}d{dQ}r,3.9765686605835313
CHEMBL488937,Cc1c(N)cccc1Cn1ccc(OCCc2cccs2)cc1=O,95.01,C(Cc1cccs1)Oc1cc(=O)n(Cc2cccc(N)c2C)cc1,Aara{D}aaaarAdraaa{BAAasaaaes}aar~B,5.56494311141151
CHEMBL2179280,CCC(CC)C[C@H](c1ccc(C(=O)O)c(Oc2cccc(Cl)c2)c1)N1CCC[C@H](n2cc(C)c(=O)[nH]c2=O)C1,98.81,O=C(O)c1c(Oc2cc(Cl)ccc2)cc([C@@H](CC(CC)CC)N2C[C@@H](n3c(=O)[nH]c(=O)c(C)c3)CCC2)cc1,AAA{AA}A{A*Q}{araaa{A{~B}B}a{Basaaaa{Z}as}ar}DrAAA{A*Q}{dsaa{A}a{~B}{dQ}as~B}Ar,1.284217641094965
CHEMBL2071493,CC(C)C(NC(=O)c1ccccc1)C(=O)c1ccc(F)cc1,95.01,C(C)(C)C(NC(=O)c1ccccc1)C(c1ccc(F)cc1)=O,AA{A}A{DA{~B}araaaaar}A{~B}araaa{G}aar,5.56494311141151
CHEMBL1683030,CCOc1cc2nnc(C(N)=O)c(Nc3ccc(F)cc3F)c2cc1N1CCN(C)CC1,96.17,c1c(OCC)c(N2CCN(C)CC2)cc2c(Nc3c(F)cc(F)cc3)c(C(=O)N)nnc12,AABaraasdda{A{D}~B}a{Dataaa{G}aatG}asaarDrAAD{A}AAr,4.2581953362622516
CHEMBL475799,Cc1ccc(NC(=O)c2cccc(C(C)(C)C#N)c2)cc1C(=O)Nc1cnc(N)c(Cl)c1,96.09,Nc1c(Cl)cc(NC(c2cc(NC(=O)c3cccc(C(C)(C#N)C)c3)ccc2C)=O)cn1,Aaraaa{DA{~B}asaaaa{A{A}{A}A^D}as}aarA{~B}Darada{D}a{Z}ar,4.34831587247944
CHEMBL1416617,Cc1nn(-c2ccccc2)c(N)c1-c1ccccc1,98.7,c1(N)n(-c2ccccc2)nc(C)c1-c1ccccc1,Aardd{_asaaaaas}a{D}ar_araaaaar,1.4081333783936012
CHEMBL1957851,Cc1cccc(Cn2ccn3c(=O)cc(N4CCOCC4)nc23)c1,88.11,c12nc(N3CCOCC3)cc(=O)n1ccn2Cc1cccc(C)c1,Aaraaaa{Adsaadta{~B}aa{DuAABAAu}dast}ar,13.337839360144196
CHEMBL463981,O=S(=O)(N[C@H](CO)C(C(F)(F)F)C(F)(F)F)c1ccc(Cl)s1,90.91,Clc1sc(S(N[C@@H](C(C(F)(F)F)C(F)(F)F)CO)(=O)=O)cc1,B~E{~B}{D{A*Q}{AB}A{A{G}{G}G}A{G}{G}G}araaa{Z}er,10.183620592542532
CHEMBL1963231,CC(C(=O)O[C@@H]1CC[N+](C)(C)C1)(c1ccccc1)C1CCCC1,77.21,[C@@H]1(OC(C(C)(C2CCCC2)c2ccccc2)=O)CC[N+](C)(C)C1,AA{A{~B}B{A**Q}rAA{D%}{A}{A}Ar}{araaaaar}ArAAAAr,25.616762419736403
CHEMBL296035,CCc1cccc2cc(C(O)CNC(C)(C)C)oc12,91.99,c1cc(CC)c2oc(C(O)CNC(C)(C)C)cc2c1,AAaraaaasaa{A{B}ADA{A}{A}A}bars,8.966993353610462
CHEMBL2170985,Nc1ncnc2c1ncn2[C@@H]1O[C@H](CSCCCNC(=O)NCc2ccccc2)[C@@H](O)[C@H]1O,84.6,c1(CNC(NCCCSC[C@@H]2[C@@H](O)[C@@H](O)[C@H](n3c4c(c(N)ncn4)nc3)O2)=O)ccccc1,Dardadasardads{A**Q}rB{A*Q}{AEAAADA{~B}DAasaaaaas}{A**Q}{B}{A*Q}rB,17.291877886673433
CHEMBL254129,CC1=C2C[C@H]3[C@@H](CC=C4C[C@@H](O)CC[C@@]43C)[C@@H]2CC[C@]12O[C@@H]1C[C@H](C)CN[C@H]1[C@H]2C,93.24,[C@H]12C(=C(C)[C@@]3(O[C@H]4[C@@H](NC[C@@H](C)C4)[C@H]3C)CC1)C[C@@H]1[C@]3(C)C(=CC[C@@H]21)C[C@@H](O)CC3,AAr~AsA{A*Q}t{A**Q}{AA~AuA{A**Q}{B}AA{A**}utA}{A**Q}sAA{A*}rsB{A**Q}rA{A*Q}{A}AD{A*Q}r{A*Q}sA,7.558859975216861
CHEMBL855,Cc1ccc(/C(=C\CN2CCCC2)c2ccccn2)cc1,35.46,c1c(/C(=C\CN2CCCC2)c2ccccn2)ccc(C)c1,Aaraaa{|A{~A!ADsAAAAs}asaaaads}aar,72.64841725808269
CHEMBL8,O=C(O)c1cn(C2CC2)c2cc(N3CCNCC3)c(F)cc2c1=O,34.42,C1CNCCN1c1cc2c(c(=O)c(C(=O)O)cn2C2CC2)cc1F,B~A{B}arad{AsAAs}asaa{DtAADAAt}a{G}aasar~B,73.81998422890615
CHEMBL2216859,CC(C)N1CCN(Cc2cnc(-c3cc(-c4cccc5[nH]ccc45)cc4[nH]ncc34)o2)CC1,97.0,C(N1CCN(C(C)C)CC1)c1cnc(-c2c3c([nH]nc3)cc(-c3c4cc[nH]c4ccc3)c2)o1,AA{A}DrAAD{Aasada{_ataa{_auaaaav{dQ}aaauv}aau{dQ}daatu}bs}AAr,3.323194773008902
CHEMBL1322893,COc1ccccc1-c1csc(-n2ncc(C#N)c2N)n1,40.89,c1(OC)ccccc1-c1nc(-n2ncc(C#N)c2N)sc1,ABaraaaaar_araea{_dsdaa{A^D}asD}dr,66.53148586234087
CHEMBL87,COc1cc2c(c(OC)c1OC)-c1ccc(OC)c(=O)cc1C(NC(C)=O)CC2,32.88,c1cc2c(cc(=O)c1OC)C(NC(=O)C)CCc1c-2c(OC)c(OC)c(OC)c1,ABaraasa{a{BA}arBA}_araaa{BA}a{~B}aarA{DA{A}~B}AAs,75.55480455108706
CHEMBL1586565,CN1CCN2c3ccccc3CC3(C(=O)N(C)C(=O)N(C)C3=O)C2C1,96.5,c12c(cccc1)CC1(C(=O)N(C)C(=O)N(C)C1=O)C1CN(C)CCN21,ADrAADsataaaaatAAt{A{~B}D{A}A{~B}D{A}At~B}AsAr,3.8864481243663427
CHEMBL2208431,O=C(NC[C@@H](O)CN1CCC(Oc2ccc(Cl)c(Cl)c2)CC1)c1n[nH]c(=O)c2ccccc12,96.5,c12c(c(=O)[nH]nc1C(NC[C@H](CN1CCC(Oc3ccc(Cl)c(Cl)c3)CC1)O)=O)cccc2,B~A{DA{A**Q}{B}ADrAAA{Basaaa{Z}a{Z}as}AAr}ard{dQ}a{~B}asaaaaars,3.8864481243663427
CHEMBL2331751,Cc1cn([C@H]2CCCN(S(=O)(=O)c3ccc(O)c(Oc4cccc(Br)c4)c3)C2)c(=O)[nH]c1=O,98.61,C1[C@H](n2cc(C)c(=O)[nH]c2=O)CN(S(c2cc(Oc3cc(Br)ccc3)c(O)cc2)(=O)=O)CC1,Aarad{{A*Q}sAAAD{E{~B}{~B}ataaa{B}a{Bauaaaa{Y}au}at}As}a{~B}{dQ}ar~B,1.5095189816379444
CHEMBL2331749,Cc1cn([C@H]2CCCN(S(=O)(=O)c3ccc(O)c(Oc4ccc(Cl)cc4)c3)C2)c(=O)[nH]c1=O,98.61,Cc1c(=O)[nH]c(=O)n([C@@H]2CN(S(=O)(c3cc(Oc4ccc(Cl)cc4)c(O)cc3)=O)CCC2)c1,Aarad{{A*Q}sAAAD{E{~B}{~B}ataaa{B}a{Bauaaa{Z}aau}at}As}a{~B}{dQ}ar~B,1.5095189816379444
CHEMBL1072,CCCCNc1cc(C(=O)O)cc(S(N)(=O)=O)c1Oc1ccccc1,98.44,N(CCCC)c1cc(C(=O)O)cc(S(=O)(=O)N)c1Oc1ccccc1,AAAADaraa{A{~B}B}aa{E{D}{~B}~B}arBaraaaaar,1.701025121099476
CHEMBL226646,Cc1nnc(-c2ccc(N3CCC(Oc4cc(F)ccc4Cl)CC3)nn2)o1,98.21,c1cc(Cl)c(OC2CCN(c3nnc(-c4oc(C)nn4)cc3)CC2)cc1F,Aardda{_asaaa{DtAAA{Bauaa{G}aaauZ}AAt}dds}br,1.9601216627239033
CHEMBL1231206,Cc1ccc(-c2ccc3c(ccc4sc5c(c43)NC[C@@H](C)NC5=O)n2)cn1,84.9,C1(=O)N[C@H](C)CNc2c3c(sc21)ccc1nc(-c2cnc(C)cc2)ccc31,Aaraaa{_asaaata{aaaueava{aut}DA{A**Q}{A}DAv~B}ds}adr,16.953925875858957
CHEMBL1938680,O=C(Nc1ccc(N2CCNCC2)cc1)c1ccc(-c2ccc(Cl)cc2)o1,97.32,c1(-c2oc(C(=O)Nc3ccc(N4CCNCC4)cc3)cc2)ccc(Cl)cc1,B~A{Daraaa{DsAADAAs}aar}araaa{_asaaa{Z}aas}br,2.962712628140148
CHEMBL568,O=C1Nc2ccc(Cl)cc2C(c2ccccc2)=NC1O,96.17,c1c2c(ccc1Cl)NC(=O)C(O)N=C2c1ccccc1,B~ArDasaaa{Z}aasA{asaaaaas}~DArB,4.2581953362622516
CHEMBL1921926,C[C@@](C(=O)O[C@H]1C[N+]2(CCCc3ccc4ncsc4c3)CCC1CC2)(c1ccccc1)N1CCCCC1,95.72,C([N+]12CCC([C@@H](OC([C@@](c3ccccc3)(C)N3CCCCC3)=O)C1)CC2)CCc1ccc2ncsc2c1,A{A**}{A{~B}B{A*Q}rA{D%}s{AAAataaaudaeauat}AAArAAs}{araaaaar}DrAAAAAr,4.765123352483951
CHEMBL1683025,COc1cc2nnc(C(N)=O)c(Nc3ccc(F)cc3F)c2cc1OC,95.53,n1nc2cc(OC)c(OC)cc2c(Nc2c(F)cc(F)cc2)c1C(N)=O,ABaraasdda{A{D}~B}a{Dataaa{G}aatG}asaarBA,4.979159625999776
CHEMBL1807860,C[C@H]1O[C@@H](n2cnc3c(N)nc(OCC4CC45CC5)nc32)[C@H](O)[C@H]1Cl,95.53,C1CC12C(COc1nc3n([C@@H]4O[C@H](C)[C@H](Cl)[C@H]4O)cnc3c(N)n1)C2,A{A*Q}rB{A**Q}{dsadata{D}da{BAAuAAuvAAv}dats}{A*Q}{B}{A*Q}rZ,4.979159625999776
CHEMBL526307,COc1cc(C(C)C)c(Oc2cnc(N)nc2N)cc1I,95.33,c1(Oc2c(N)nc(N)nc2)c(C(C)C)cc(OC)c(I)c1,ABaraa{A{A}A}a{Basada{D}dasD}aarH,5.204460966542755
CHEMBL2204343,O=C(CCCN1CC[Si](O)(c2ccc(Cl)cc2)CC1)c1ccc(F)cc1,94.56,C1CN(CCCC(c2ccc(F)cc2)=O)CC[Si]1(c1ccc(Cl)cc1)O,B~A{AAADrAA{X}{B}{asaaa{Z}aas}AAr}araaa{G}aar,6.071871127633209
CHEMBL82663,O=S(=O)(CCCOCCc1ccccc1)CCNCCc1ccc(O)c2nc(O)sc12,94.44,c1c(CCOCCCS(=O)(CCNCCc2c3sc(O)nc3c(O)cc2)=O)cccc1,B~E{~B}{AAABAAaraaaaar}AADAAaraaa{B}asda{B}ears,6.207051931959
CHEMBL1650724,C[C@H](Nc1ncc(Cl)c(Nc2cc(C3CC3)[nH]n2)n1)c1ncc(F)cn1,94.32,c1c(Nc2nc(N[C@H](c3ncc(F)cn3)C)ncc2Cl)n[nH]c1C1CC1,A{A*Q}{Dardaa{Z}a{Dasaa{AtAAt}{dQ}ds}dr}ardaa{G}adr,6.342232736284791
CHEMBL1164033,CN(C)CCOc1cc(NS(=O)(=O)c2c(Cl)cc(C(F)(F)F)cc2Cl)ccc1Cl,99.71,C(Oc1c(Cl)ccc(NS(c2c(Cl)cc(C(F)(F)F)cc2Cl)(=O)=O)c1)CN(C)C,AD{A}AABaraa{DE{~B}{~B}asa{Z}aa{A{G}{G}G}aasZ}aaarZ,0.2703616086515817
CHEMBL564,CN(C)CCCN1c2ccccc2Sc2ccccc21,89.91,S1c2ccccc2N(CCCN(C)C)c2ccccc21,AD{A}AAADrasaaaaasEasaaaaasr,11.310127295257413
CHEMBL1650730,C[C@H](Nc1ncc(Cl)c(Nc2cc(N(C)C)[nH]n2)n1)c1ncc(F)cn1,89.49,Clc1cnc(N[C@@H](C)c2ncc(F)cn2)nc1Nc1n[nH]c(N(C)C)c1,A{A*Q}{Dardaa{Z}a{Dasaa{D{A}A}{dQ}ds}dr}ardaa{G}adr,11.783260110397666
CHEMBL1939560,C[C@H](c1nc2ncccc2c(=O)n1-c1ccc(Cl)cc1)N(CC1CCS(=O)(=O)CC1)C(=O)Cc1ccc(C(F)(F)F)c(F)c1,89.05,c1cc(Cl)ccc1-n1c(=O)c2cccnc2nc1[C@H](N(CC1CCS(=O)(=O)CC1)C(=O)Cc1cc(F)c(C(F)(F)F)cc1)C,A{A*Q}{ardasdaaaasa{~B}dr_araaa{Z}aar}D{AArAAE{~B}{~B}AAr}A{~B}Aaraaa{A{G}{G}G}a{G}ar,12.278923059592207
CHEMBL2151141,CC#Cc1cncc(-c2csc([C@]3(C)CC(=O)N(C)C(=N)N3)c2)c1,88.11,C1(=O)C[C@@](C)(c2cc(-c3cc(C#CC)cnc3)cs2)NC(=N)N1C,AA^Aaradaa{_asaea{{A*}t{A}AA{~B}D{A}A{~D}Dt}as}ar,13.337839360144196
CHEMBL211631,COc1cccc2c(-c3c(C)n(CC(=O)O)c4ccc(C)cc34)ccnc12,98.21,c1(-c2c3c(ncc2)c(OC)ccc3)c2cc(C)ccc2n(CC(O)=O)c1C,ABaraaaasa{_ata{A}d{AA{~B}B}auaaa{A}aatu}aadars,1.9601216627239033
CHEMBL2062571,CC(=O)Nc1ccc2ccn(-c3cc(NC4COC4)n4ncc(C#N)c4n3)c2c1,87.62,c1cn(-c2nc3c(C#N)cnn3c(NC3COC3)c2)c2c1ccc(NC(C)=O)c2,AA{~B}Daraaasaad{_ataa{DAuABAu}dudaa{A^D}audt}asar,13.889827644474481
CHEMBL2312185,CNc1nc(C)c(-c2nc(Nc3cccc(N4CCCNCC4)c3)ncc2C#N)s1,88.59,c1(Nc2nc(-c3c(C)nc(NC)s3)c(C#N)cn2)cccc(N2CCCNCC2)c1,ADarda{A}a{_asda{Dataaaa{DuAAADAAu}at}daasA^D}er,12.797116142841048
CHEMBL1824044,COc1ccc2c(c1)N(CCN1CCC(NCc3ccc4c(n3)NC(=O)CO4)CC1)C(=O)CO2,88.82,C1Oc2ccc(OC)cc2N(CCN2CCC(NCc3nc4c(cc3)OCC(=O)N4)CC2)C1=O,ABaraaasa{ar}D{AADrAAA{DAataaaua{dt}DA{~B}ABu}AAr}A{~B}ABs,12.538019601216636
CHEMBL2069423,COc1ncc(-c2cccc3c2C[C@H](NC(=O)c2ccc(COCC(F)(F)F)nc2)CO3)cn1,96.34,O=C(N[C@@H]1COc2cccc(-c3cnc(OC)nc3)c2C1)c1ccc(COCC(F)(F)F)nc1,ABardaa{_asaaaatasA{A*Q}{DA{~B}asaaa{ABAA{G}{G}G}das}ABt}adr,4.06668919680072
CHEMBL479383,O=C(CO)NC1CCN(Cc2ccc(Oc3nc4ccccc4s3)cc2)CC1,96.17,c12c(cccc1)nc(Oc1ccc(CN3CCC(NC(=O)CO)CC3)cc1)s2,B~A{AB}DArAAD{Aasaaa{Batdauaaaaauet}aas}AAr,4.2581953362622516
CHEMBL498,CCCNC(=O)NS(=O)(=O)c1ccc(Cl)cc1,96.0,c1cc(Cl)ccc1S(=O)(NC(NCCC)=O)=O,AAADA{~B}DE{~B}{~B}araaa{Z}aar,4.449701475723783
CHEMBL1800526,COc1ccnc(CCc2nc3cc(Br)cnc3[nH]2)c1,95.91,COc1cc(CCc2[nH]c3c(cc(Br)cn3)n2)ncc1,ABaraada{AAasdataa{Y}adat{dQ}s}ar,4.551087078968126
CHEMBL2017459,CCN(C(=O)c1ccc(-c2ccc(Cl)cc2)o1)c1ccc(N2CCNCC2)cc1,95.82,CCN(c1ccc(N2CCNCC2)cc1)C(=O)c1ccc(-c2ccc(Cl)cc2)o1,AAD{A{~B}araaa{_asaaa{Z}aas}br}araaa{DsAADAAs}aar,4.652472682212469
CHEMBL1778637,CS(=O)(=O)c1ccc(-c2cc(C(F)(F)F)ccc2OCC(=O)O)c(Cl)c1,95.82,O=C(COc1c(-c2ccc(S(=O)(=O)C)cc2Cl)cc(C(F)(F)F)cc1)O,AE{~B}{~B}araaa{_asaa{A{G}{G}G}aaasBAA{~B}B}a{Z}ar,4.652472682212469
CHEMBL2164741,N#Cc1ccc2ccc(=O)n(CCN3CC[C@@H](NCc4cc5c(cn4)OCCO5)[C@@H](O)C3)c2c1,79.17,C(c1ccc2c(n(CCN3C[C@H](O)[C@H](NCc4cc5c(cn4)OCCO5)CC3)c(=O)cc2)c1)#N,D^Aaraaasaaa{~B}d{AADtAA{A**Q}{DAauaava{adu}BAABv}{A**Q}{B}At}asar,23.408809282415227
CHEMBL2207667,NC(=O)c1c(OC2CCN(C[C@H](O)CNC(=O)c3c[nH]c(=O)c4ccccc34)CC2)ccc(Cl)c1Cl,78.79,O=C(N)c1c(Cl)c(Cl)ccc1OC1CCN(C[C@@H](CNC(c2c[nH]c(=O)c3c2cccc3)=O)O)CC1,DA{~B}ara{BAsAAD{A{A*Q}{B}ADA{~B}ata{dQ}a{~B}auaaaaatu}AAs}aaa{Z}arZ,23.836881829446877
CHEMBL2151326,COc1cc(Nc2nc3c(cc2F)ncn3[C@@H](CO)c2ccc(F)cn2)n[nH]1,78.41,[C@@H](CO)(n1cnc2c1nc(Nc1cc(OC)[nH]n1)c(F)c2)c1ccc(F)cn1,ABaraa{Dasdata{aasG}dadt{A**Q}{AB}asaaa{G}ads}d{dQ}r,24.264954376478542
CHEMBL578675,COc1cnc(-c2ccccn2)nc1NC(C)C,77.62,c1nc(-c2ccccn2)nc(NC(C)C)c1OC,ABarada{_asaaaads}darDA{A}A,25.154894671623293
CHEMBL2011910,CNc1c(Br)cnc2[nH]c(-c3cccc(N)c3)nc12,90.12,c12c(NC)c(Br)cnc1[nH]c(-c1cccc(N)c1)n2,ADara{Y}adas{dQ}a{_ataaaa{D}at}dars,11.073560887687277
CHEMBL1431112,O=C1CN(C(=O)c2ccco2)C(c2ccccc2)c2cc(Cl)ccc2N1,89.91,c1(C(N2C(c3ccccc3)c3c(ccc(Cl)c3)NC(=O)C2)=O)ccco1,B~ArAD{A{~B}asaaabs}A{asaaaaas}asaa{Z}aaasDr,11.310127295257413
CHEMBL2326864,CC(=O)Nc1nc(CCc2ccc(NC(=N)N)cc2)cs1,53.45,c1c(CCc2nc(NC(=O)C)sc2)ccc(NC(N)=N)c1,AA{~B}Darda{AAasaaa{DA{~D}D}aas}aer,52.38256167624197
CHEMBL1921923,C[C@@](C(=O)O[C@H]1C[N+]2(CCCc3cncnc3)CCC1CC2)(c1ccccc1)N1CCCCC1,22.38,c1(CCC[N+]23C[C@H](OC(=O)[C@@](N4CCCCC4)(c4ccccc4)C)C(CC2)CC3)cncnc1,A{A**}{A{~B}B{A*Q}rA{D%}s{AAAatadadat}AAArAAs}{araaaaar}DrAAAAAr,87.38312492959334
CHEMBL2011441,COc1nc(Br)cnc1NS(=O)(=O)c1ccc(Cl)s1,99.87,s1c(S(Nc2ncc(Br)nc2OC)(=O)=O)ccc1Cl,ABarda{Y}adarDE{~B}{~B}araaa{Z}er,0.09012053621718856
CHEMBL271012,C[C@H](CO)Nc1nc(SCc2ccccc2F)nc2[nH]c(=O)sc12,99.86,c1cccc(F)c1CSc1nc(N[C@H](C)CO)c2sc(=O)[nH]c2n1,A{A*Q}{AB}Darda{EAasaaaaasG}das{dQ}a{~B}ears,0.10138560324434313
CHEMBL213100,COc1ccc(N(C(=O)Oc2c(C)cccc2C)c2ccnc(Nc3ccc(N4CCN(C)CC4)cc3)n2)c(OC)c1,99.83,n1c(Nc2ccc(N3CCN(C)CC3)cc2)nccc1N(c1c(OC)cc(OC)cc1)C(=O)Oc1c(C)cccc1C,ABaraaa{D{A{~B}Basa{A}aaaasA}asaada{Dataaa{DuAAD{A}AAu}aat}ds}a{BA}ar,0.13518080432579085
CHEMBL2325014,Nc1[nH]ncc1-c1cc(Cl)ccc1Oc1cc(F)c(S(=O)(=O)Nc2cscn2)cc1Cl,99.76,c1(N)c(-c2c(Oc3cc(F)c(S(=O)(Nc4cscn4)=O)cc3Cl)ccc(Cl)c2)cn[nH]1,Dar{dQ}daar_araa{Z}aaarBaraa{G}a{E{~B}{~B}Dasaeads}aarZ,0.21403627351582483
CHEMBL1020,Cc1ccc(C(=O)c2ccc(CC(=O)O)n2C)cc1,99.72,c1(CC(O)=O)n(C)c(C(=O)c2ccc(C)cc2)cc1,Aaraaa{A{~B}asaaa{AA{~B}B}dsA}aar,0.25909654162442713
CHEMBL1718800,c1ccc2[nH]c(CCCc3nc4ccccc4[nH]3)nc2c1,99.69,c12c(cccc1)[nH]c(CCCc1nc3ccccc3[nH]1)n2,araaas{dQ}a{AAAatdauaaaaau{dQ}t}dasar,0.2928917427058748
CHEMBL2018954,COc1ccc(COc2nc(Br)cnc2NS(=O)(=O)c2ccc(C)cc2)cc1OCCN(C)C,99.67,c1(S(Nc2ncc(Br)nc2OCc2ccc(OC)c(OCCN(C)C)c2)(=O)=O)ccc(C)cc1,ABaraaa{ABasda{Y}adasDE{~B}{~B}asaaa{A}aas}aarBAAD{A}A,0.315421876760168
CHEMBL1950860,CN[C@@H](C)C(=O)N[C@H](C(=O)N[C@H]1CCCN(CCc2ccc(C(F)(F)F)cc2)C1)C(C)(C)C,90.72,c1cc(CCN2CCC[C@H](NC([C@@H](NC(=O)[C@@H](NC)C)C(C)(C)C)=O)C2)ccc1C(F)(F)F,AD{A**Q}{A}A{~B}D{A*Q}{A{~B}D{A*Q}rAAAD{AAasaaa{A{G}{G}G}aas}Ar}A{A}{A}A,10.397656866058357
CHEMBL480822,CCOc1cc2ncc(C(N)=O)c(Nc3cccc(Cl)c3Cl)c2cc1N1CCN(C(C)=O)CC1,90.32,O=C(C)N1CCN(c2c(OCC)cc3ncc(C(N)=O)c(Nc4cccc(Cl)c4Cl)c3c2)CC1,AABaraasdaa{A{D}~B}a{Dataaaa{Z}atZ}asaarDrAAD{A{A}~B}AAr,10.848259547144314
CHEMBL1818187,CC(C)(C)OC(=O)NC[C@H]1CC[C@H](CNC(=O)c2cc(-c3ccccc3)nc3ccccc23)CC1,99.92,O=C(NC[C@H]1CC[C@H](CNC(OC(C)(C)C)=O)CC1)c1c2ccccc2nc(-c2ccccc2)c1,AA{A}{A}BA{~B}DA{A*Q}rAA{A*Q}{ADA{~B}asaa{_ataaaaat}dataaaaast}AAr,0.033795201081447714
CHEMBL604710,O=C(CC(c1ccccc1)c1ccccc1)N1CCN(C(c2ccccc2)c2ccccc2)CC1,99.9,c1c(C(c2ccccc2)CC(N2CCN(C(c3ccccc3)c3ccccc3)CC2)=O)cccc1,B~A{AA{araaaaar}araaaaar}DrAAD{A{asaaaaas}asaaaaas}AAr,0.056325335135740846
CHEMBL456145,C1Cc2[nH]nc(-c3nn[nH]n3)c2C1,89.91,c12c(-c3n[nH]nn3)n[nH]c1CCC2,ArAas{dQ}da{_atdd{dQ}dt}asAr,11.310127295257413
CHEMBL1450473,Cc1ccc(S(=O)(=O)NCCSc2nnnn2-c2ccc(C(N)=O)cc2)cc1,89.91,c1c(C(N)=O)ccc(-n2nnnc2SCCNS(c2ccc(C)cc2)(=O)=O)c1,Aaraaa{E{~B}{~B}DAAEasdddds_asaaa{A{D}~B}aas}aar,11.310127295257413
CHEMBL323776,CN(CCNCCc1ccc(O)c2nc(O)sc12)C(=O)CCOCCc1ccccc1,89.27,c1(O)sc2c(CCNCCN(C(=O)CCOCCc3ccccc3)C)ccc(O)c2n1,AD{AADAAaraaa{B}asda{B}ears}A{~B}AABAAaraaaaar,12.031091584994938
CHEMBL2011895,CNc1c(Br)cnc2[nH]c(-c3ccc(OCCN4CCCCC4)cc3)nc12,88.82,c1c(-c2nc3c([nH]2)ncc(Br)c3NC)ccc(OCCN2CCCCC2)c1,ADara{Y}adas{dQ}a{_ataaa{BAADuAAAAAu}aat}dars,12.538019601216636
CHEMBL481717,CCOc1cc2ncc(C(N)=O)c(Nc3ccc(F)cc3F)c2cc1N1CCC(O)CC1,91.1,c1(F)cc(F)c(Nc2c3c(cc(OCC)c(N4CCC(O)CC4)c3)ncc2C(=O)N)cc1,AABaraasdaa{A{D}~B}a{Dataaa{G}aatG}asaarDrAAA{B}AAr,9.969584319026707
CHEMBL564737,O=C(NCC1(O)CCCCCC1)c1cc(-c2ccccc2C(=O)O)ccc1Cl,91.1,c1(Cl)ccc(-c2ccccc2C(O)=O)cc1C(NCC1(O)CCCCCC1)=O,B~A{DAAr{B}AAAAAAr}araa{_asaaaaasA{~B}B}aaarZ,9.969584319026707
CHEMBL1762528,CN(c1cccc(CO)c1)c1ccnc(Nc2cc(N3CCOCC3)cc(N3CCOCC3)c2)n1,90.32,c1(N2CCOCC2)cc(Nc2nccc(N(C)c3cc(CO)ccc3)n2)cc(N2CCOCC2)c1,AD{araaaa{AB}ar}araada{Dasaa{DtAABAAt}aa{DtAABAAt}as}dr,10.848259547144314
CHEMBL110999,CN(CCCOCCOCCc1ccccc1)CCc1ccc(O)c2nc(O)sc12,90.12,C(OCCOCCCN(CCc1c2sc(O)nc2c(O)cc1)C)Cc1ccccc1,AD{AAABAABAAaraaaaar}AAaraaa{B}asda{B}ears,11.073560887687277
CHEMBL1917456,Cc1c(Oc2ccc(Cl)cc2)c2c(NS(C)(=O)=O)cccc2n1CC(=O)O,96.26,O(c1ccc(Cl)cc1)c1c(C)n(CC(=O)O)c2cccc(NS(=O)(=O)C)c21,Aara{Basaaa{Z}aas}asa{DE{A}{~B}~B}aaaasdrAA{~B}B,4.156809733017909
CHEMBL2179272,CC[C@@H](c1ccc(C(=O)O)c(Oc2cccc(Cl)c2)c1)N1CCC[C@H](n2cc(C)c(=O)[nH]c2=O)C1,96.17,n1([C@@H]2CN([C@H](c3cc(Oc4cccc(Cl)c4)c(C(O)=O)cc3)CC)CCC2)c(=O)[nH]c(=O)c(C)c1,AA{A**Q}{araaa{A{~B}B}a{Basaaaa{Z}as}ar}DrAAA{A*Q}{dsaa{A}a{~B}{dQ}as~B}Ar,4.2581953362622516
CHEMBL1427554,Cc1ccc(-c2csc3ncnc(O)c23)cc1,96.09,Oc1c2c(scc2-c2ccc(C)cc2)ncn1,Aaraaa{_asaeatdada{B}ast}aar,4.34831587247944
CHEMBL2016681,CC(C)(C)S(=O)(=O)N[C@H]1CC[C@H](C(=O)Nc2ccc(C(F)(F)F)cn2)CC1,95.91,O=S(N[C@H]1CC[C@H](C(Nc2ncc(C(F)(F)F)cc2)=O)CC1)(C(C)(C)C)=O,AA{A}{A}E{~B}{~B}D{A*Q}rAA{A*Q}{A{~B}Dasaaa{A{G}{G}G}ads}AAr,4.551087078968126
CHEMBL2069403,Cc1nn(-c2ccccc2)nc1C(=O)N[C@@H]1COc2cccc(N3CCN(C)CC3)c2C1,95.82,c1(C)nn(-c2ccccc2)nc1C(=O)N[C@H]1Cc2c(cccc2N2CCN(C)CC2)OC1,Aardd{_asaaaaas}darA{~B}D{A**Q}rABasaaaa{DtAAD{A}AAt}asAr,4.652472682212469
CHEMBL1778649,CCS(=O)(=O)c1ccc(-c2cc(C(F)(F)F)ccc2O[C@@H](C)C(=O)O)c(C)c1,95.82,FC(F)(F)c1cc(-c2c(C)cc(S(CC)(=O)=O)cc2)c(O[C@@H](C)C(=O)O)cc1,AAE{~B}{~B}araaa{_asaa{A{G}{G}G}aaasB{A**Q}{A}A{~B}B}a{A}ar,4.652472682212469
CHEMBL41,CNCCC(Oc1ccc(C(F)(F)F)cc1)c1ccccc1,95.72,FC(F)(c1ccc(OC(c2ccccc2)CCNC)cc1)F,ADAAA{Baraaa{A{G}{G}G}aar}araaaaar,4.765123352483951
CHEMBL481401,CN1CCN(c2cc3c(Nc4cccc(Cl)c4Cl)c(C(N)=O)cnc3cc2F)CC1,95.63,c1(Cl)cccc(Nc2c(C(N)=O)cnc3c2cc(N2CCN(C)CC2)c(F)c3)c1Cl,ADrAAD{asaata{Dauaaaa{Z}auZ}a{A{D}~B}adataasG}AAr,4.866508955728294
CHEMBL514257,OC[C@H](Nc1ncc(Cl)c(Nc2cc(C3CC3)[nH]n2)n1)c1ccc(F)cc1,95.63,N(c1cc(C2CC2)[nH]n1)c1c(Cl)cnc(N[C@H](c2ccc(F)cc2)CO)n1,BA{A*Q}{Dardaa{Z}a{Dasaa{AtAAt}{dQ}ds}dr}araaa{G}aar,4.866508955728294
CHEMBL2062573,CC(=O)Nc1ccc2ccn(-c3cc(NCCN4CCOCC4)n4ncc(C#N)c4n3)c2c1,88.82,N(c1n2c(c(C#N)cn2)nc(-n2ccc3c2cc(NC(C)=O)cc3)c1)CCN1CCOCC1,AA{~B}Daraaasaad{_ataa{DAADuAABAAu}dudaa{A^D}audt}asar,12.538019601216636
CHEMBL1194385,COc1cccc2c1CCC21NCc2ccccc21,79.17,c1cccc2c1C1(NC2)c2c(c(OC)ccc2)CC1,ABaraaaasarAAAsrDAasaaaaasr,23.408809282415227
CHEMBL569738,Cc1cc(Nc2cncc(N[C@@H](C)c3ccc(F)cn3)n2)n[nH]1,78.01,c1(F)cnc([C@H](C)Nc2nc(Nc3n[nH]c(C)c3)cnc2)cc1,Aaraa{Dasadaa{D{A**Q}{A}ataaa{G}adt}ds}d{dQ}r,24.71555705756449
CHEMBL1916534,COc1ccc2c(c1)N(CCN1CCC(NCc3cc4c(cn3)OCCO4)CC1)C(=O)CO2,82.39,c1(CNC2CCN(CCN3C(=O)COc4ccc(OC)cc43)CC2)ncc2c(c1)OCCO2,ABaraaasa{ar}D{AADrAAA{DAataaua{adt}BAABu}AAr}A{~B}ABs,19.781457699673314
CHEMBL2170989,Nc1ncnc2c1ncn2[C@@H]1O[C@H](CSCCCNC(=O)Nc2ccccc2)[C@@H](O)[C@H]1O,81.36,c1c(NC(NCCCSC[C@@H]2[C@@H](O)[C@@H](O)[C@H](n3cnc4c3ncnc4N)O2)=O)cccc1,Dardadasardads{A**Q}rB{A*Q}{AEAAADA{~B}Dasaaaaas}{A**Q}{B}{A*Q}rB,20.94175960346964
CHEMBL2177919,Cc1cc(C2(c3cccc(-c4cncnc4)c3)N=C(N)c3c(F)cccc32)cn(C)c1=O,81.01,Fc1cccc2c1C(N)=NC2(c1cn(C)c(=O)c(C)c1)c1cccc(-c2cncnc2)c1,Aaraa{As{ataaaa{_auadadau}at}D~A{D}ata{G}aaaats}ad{A}ar~B,21.336036949419842
CHEMBL2057371,CC(C)(C)NS(=O)(=O)c1cncc(-c2ccc3nc(NC(=O)NCC(=O)N4CCCC4)nn3c2)c1,67.12,O=S(=O)(NC(C)(C)C)c1cc(-c2cn3c(cc2)nc(NC(=O)NCC(=O)N2CCCC2)n3)cnc1,AA{A}{A}DE{~B}{~B}aradaa{_asaaatda{DA{~B}DAA{~B}DuAAAAu}ddtas}ar,36.983215050129544
CHEMBL914,CC(C)(C(=O)O)c1ccc(C(O)CCCN2CCC(C(O)(c3ccccc3)c3ccccc3)CC2)cc1,62.94,c1cccc(C(O)(C2CCN(CCCC(O)c3ccc(C(C)(C(O)=O)C)cc3)CC2)c2ccccc2)c1,AA{A}{A{~B}B}araaa{A{B}AAADsAAA{A{B}{ataaaaat}ataaaaat}AAs}aar,41.69201306747775
CHEMBL34259,CN(Cc1cnc2nc(N)nc(N)c2n1)c1ccc(C(=O)N[C@@H](CCC(=O)O)C(=O)O)cc1,46.55,c1c(N(C)Cc2nc3c(nc2)nc(N)nc3N)ccc(C(N[C@H](C(=O)O)CCC(O)=O)=O)c1,AD{Aaradasda{D}da{D}asdr}araaa{A{~B}D{A**Q}{AAA{~B}B}A{~B}B}aar,60.155457924974655
CHEMBL215295,N=C(N)c1ccc(CNC(=O)C2(NC(=O)[C@H](NCC(=O)O)C3CCCCC3)Cc3ccccc3C2)cc1,45.98,c1(C(=N)N)ccc(CNC(C2(NC([C@H](NCC(=O)O)C3CCCCC3)=O)Cc3ccccc3C2)=O)cc1,D~A{D}araaa{ADA{~B}As{DA{~B}{A*Q}{DAA{~B}B}AtAAAAAt}AataaaaatAs}aar,60.79756674552214
CHEMBL1950729,CN[C@@H](C)C(=O)N[C@H](C(=O)N[C@H]1CCCN(C(=O)c2ccccc2)C1)C1CCCCC1,44.84,[C@@H](C(N[C@@H]1CN(C(=O)c2ccccc2)CCC1)=O)(C1CCCCC1)NC(=O)[C@@H](NC)C,AD{A**Q}{A}A{~B}D{A*Q}{A{~B}D{A*Q}rAAAD{A{~B}asaaaaas}Ar}ArAAAAAr,62.081784386617095
CHEMBL2087421,COc1cc(C)c(S(=O)(=O)N(C)CCOCC(=O)N2CCN(C3CCN(C)CC3)CC2)c(C)c1,42.01,N1(C2CCN(C)CC2)CCN(C(=O)COCCN(S(c2c(C)cc(OC)cc2C)(=O)=O)C)CC1,ABaraa{A}a{E{~B}{~B}D{A}AABAA{~B}DsAAD{AtAAD{A}AAt}AAs}a{A}ar,65.26979835530021
CHEMBL16073,CCOc1ccc(NC(C)=O)cc1,34.94,O=C(C)Nc1ccc(OCC)cc1,AABaraaa{DA{A}~B}aar,73.23420074349443
CHEMBL860,CN(C)CC/C=C1\c2ccccc2COc2ccccc21,78.79,N(C)(CC/C=C1/c2ccccc2OCc2ccccc21)C,AD{A}AA|A~Ar!asaaaaasABasaaaaasr,23.836881829446877
CHEMBL517437,O=C(Nc1ccc(Cl)c(C(=O)Nc2cncs2)c1)c1cccc(C(F)(F)F)c1,99.6,c1(C(F)(F)F)cccc(C(=O)Nc2cc(C(=O)Nc3scnc3)c(Cl)cc2)c1,B~A{Daraaa{Z}a{A{~B}Dasadaes}ar}araaaa{A{G}{G}G}ar,0.39427734595021796
CHEMBL211677,Cc1ccc2c(c1)c(-c1cc(C)nc3ccccc13)c(C)n2CC(=O)O,99.6,c12c(c(-c3c(C)n(CC(=O)O)c4ccc(C)cc34)cc(C)n1)cccc2,Aaraaasa{ar}a{_araa{A}dataaaaart}a{A}dsAA{~B}B,0.39427734595021796
CHEMBL2216902,CC(C)c1nc2ccccc2n1-c1nc(N2CCOCC2)c2nc(OC3CN(C4CCS(=O)(=O)CC4)C3)n(C)c2n1,78.01,c1(-n2c3c(cccc3)nc2C(C)C)nc(N2CCOCC2)c2nc(OC3CN(C4CCS(=O)(=O)CC4)C3)n(C)c2n1,AA{A}ardasaaaaasdr_arda{DsAABAAs}asda{BAtAD{AuAAE{~B}{~B}AAu}At}d{A}asdr,24.71555705756449
CHEMBL2103828,CNc1cc2[nH]c(=O)n(-c3ccc(NC(=O)NS(=O)(=O)c4ccc(Cl)s4)cc3)c(=O)c2cc1F,99.58,CNc1c(F)cc2c(c1)[nH]c(=O)n(-c1ccc(NC(=O)NS(=O)(c3ccc(Cl)s3)=O)cc1)c2=O,ADaraas{dQ}a{~B}d{_ataaa{DA{~B}DE{~B}{~B}auaaa{Z}eu}aat}a{~B}asaarG,0.4168074800045111
CHEMBL2312920,CCCN(c1cccc(C#N)c1)P(=O)(c1ccccc1)c1ccccc1,99.44,N(CCC)(P(c1ccccc1)(=O)c1ccccc1)c1cc(C#N)ccc1,AAAD{araaaa{A^D}ar}F{~B}{araaaaar}araaaaar,0.574518418384595
CHEMBL2158818,O=C(O)C(c1ccccc1)N1CCO[C@H](CN2CCC(Oc3ccc(Cl)c(Cl)c3)CC2)C1,99.36,O=C(C(N1C[C@@H](CN2CCC(Oc3cc(Cl)c(Cl)cc3)CC2)OCC1)c1ccccc1)O,B~A{B}A{araaaaar}DrAAB{A*Q}{ADsAAA{Bataaa{Z}a{Z}at}AAs}Ar,0.6646389546017837
CHEMBL2335906,C[C@@H](NC1=CC(=O)CNC1)c1ccc(Nc2ncc3cc(-c4ccncc4)ccc3n2)cc1,96.42,c1(-c2ccncc2)cc2cnc(Nc3ccc([C@H](NC4=CC(=O)CNC4)C)cc3)nc2cc1,A{A**Q}{DAr~AA{~B}ADAr}araaa{Dasdaataa{_auaadaau}aaatds}aar,3.9765686605835313
CHEMBL521248,COc1cc2ncc(C(N)=O)c(Nc3cc(C)ccc3F)c2cc1OC,96.42,c1(OC)cc2c(c(Nc3cc(C)ccc3F)c(C(=O)N)cn2)cc1OC,ABaraasdaa{A{D}~B}a{Dataa{A}aaatG}asaarBA,3.9765686605835313
CHEMBL457608,C[C@H](Nc1ncc(Cl)c(Nc2cc(C3CC3)[nH]n2)n1)c1ccc(F)cn1,96.42,c1(F)cnc([C@H](C)Nc2ncc(Cl)c(Nc3n[nH]c(C4CC4)c3)n2)cc1,A{A*Q}{Dardaa{Z}a{Dasaa{AtAAt}{dQ}ds}dr}araaa{G}adr,3.9765686605835313
CHEMBL2164389,O=C(NCc1ccc(OC(F)(F)F)cc1)C1c2ccccc2C(=O)N1CCc1ccccn1,96.42,c1cc(OC(F)(F)F)ccc1CNC(C1c2ccccc2C(=O)N1CCc1ncccc1)=O,B~A{DAaraaa{BA{G}{G}G}aar}ArasaaaaasA{~B}DrAAaraaaadr,3.9765686605835313
CHEMBL364714,C[C@@H](C(N)=O)c1ccc(OS(=O)(=O)C(F)(F)F)cc1,86.59,C(F)(F)(F)S(=O)(=O)Oc1ccc([C@H](C(N)=O)C)cc1,A{A**Q}{A{D}~B}araaa{BE{~B}{~B}A{G}{G}G}aar,15.05012954827081
CHEMBL375293,c1cncc(Nc2ncc(-c3ccncn3)c(-c3ccco3)n2)c1,86.05,c1(-c2ccco2)c(-c2ccncn2)cnc(Nc2cnccc2)n1,aradaa{Dasdaa{_ataadadt}a{_ataaabt}ds}ar,15.658443167736852
CHEMBL1801962,COc1ccccc1C(=O)/C=C/c1ccccc1C(F)(F)F,99.91,c1(/C=C/C(=O)c2ccccc2OC)ccccc1C(F)(F)F,ABaraaaaarA{~B}|A~A|araaaaarA{G}{G}G,0.04506026810860229
CHEMBL482552,O=C(Nc1ccc(CN2CCNCC2)cc1-c1nc2ccccc2[nH]1)c1cnc2ccccc2n1,99.91,c12c(cccc1)[nH]c(-c1c(NC(c3cnc4c(cccc4)n3)=O)ccc(CN3CCNCC3)c1)n2,B~A{Daraaa{ADsAADAAs}aar_ardasaaaaas{dQ}r}aradasaaaaasdr,0.04506026810860229
CHEMBL1824036,CS(=O)(=O)c1ccc2c(c1)N(CCN1CCC(NCc3ccc4c(n3)NC(=O)CO4)CC1)C(=O)CO2,85.48,CS(=O)(c1cc2c(cc1)OCC(=O)N2CCN1CCC(NCc2ccc3c(n2)NC(=O)CO3)CC1)=O,AE{~B}{~B}araaasa{ar}D{AADrAAA{DAataaaua{dt}DA{~B}ABu}AAr}A{~B}ABs,16.30055198828433
CHEMBL1807827,O=c1[nH]c2c(O)ccc([C@@H](O)CNCCSCCCNCCc3cccc(Cl)c3)c2s1,84.3,Oc1c2[nH]c(=O)sc2c([C@@H](O)CNCCSCCCNCCc2cc(Cl)ccc2)cc1,B~ar{dQ}asa{B}aaa{{A**Q}{B}ADAAEAAADAAataaaa{Z}at}aser,17.629829897487895
CHEMBL1778647,CCS(=O)(=O)c1ccc(-c2cc(Cl)ccc2OCC(=O)O)c(C(F)(F)F)c1,98.47,FC(F)(F)c1c(-c2c(OCC(=O)O)ccc(Cl)c2)ccc(S(=O)(CC)=O)c1,AAE{~B}{~B}araaa{_asaa{Z}aaasBAA{~B}B}a{A{G}{G}G}ar,1.6672299200180285
CHEMBL2062564,CC(=O)Nc1ccc2cnn(-c3cc(NC4CC4)n4ncc(C#N)c4n3)c2c1,98.09,c1(-n2ncc3ccc(NC(C)=O)cc23)nc2n(c(NC3CC3)c1)ncc2C#N,AA{~B}Daraaasadd{_ataa{DAuAAu}dudaa{A^D}audt}asar,2.0953024670496783
CHEMBL2335871,COCCNC(=O)c1ccc(Nc2ncc3cc(-c4cnccc4C)ccc3n2)cc1,97.38,O=C(c1ccc(Nc2nc3ccc(-c4cnccc4C)cc3cn2)cc1)NCCOC,ABAADA{~B}araaa{Dasdaataa{_auadaaauA}aaatds}aar,2.8951222259772527
CHEMBL2324355,Cc1nocc1C(=O)Nc1ccc(-c2ccccc2OC(F)(F)F)c(N)n1,98.4,c1(-c2ccccc2OC(F)(F)F)c(N)nc(NC(=O)c2conc2C)cc1,AardbaarA{~B}Daraaa{_asaaaaasBA{G}{G}G}a{D}dr,1.7460853892080623
CHEMBL2179279,CCC(C)(C)C[C@H](c1ccc(C(=O)O)c(Oc2cccc(Cl)c2)c1)N1CCC[C@H](n2cc(C)c(=O)[nH]c2=O)C1,98.37,c1(C(O)=O)c(Oc2cccc(Cl)c2)cc([C@@H](CC(C)(C)CC)N2CCC[C@H](n3cc(C)c(=O)[nH]c3=O)C2)cc1,AAA{A}{A}A{A*Q}{araaa{A{~B}B}a{Basaaaa{Z}as}ar}DrAAA{A*Q}{dsaa{A}a{~B}{dQ}as~B}Ar,1.77988059028951
CHEMBL1916085,Cc1ccc(S(=O)(=O)Nc2c(C(=O)N(C)C3CCCCC3)cnn2-c2ccccc2)cc1,98.29,C1C(N(C)C(c2c(NS(=O)(=O)c3ccc(C)cc3)n(-c3ccccc3)nc2)=O)CCCC1,Aaraaa{E{~B}{~B}Dasa{A{~B}D{A}AtAAAAAt}adds_asaaaaas}aar,1.8700011265066987
CHEMBL2313226,O=P(c1ccccc1)(c1ccccc1)N(Cc1ccccn1)c1cccnc1,97.66,c1cccc(P(c2ccccc2)(=O)N(Cc2ncccc2)c2cccnc2)c1,B~F{araaaaar}{araaaaar}D{Aaraaaadr}araaadar,2.5797003492170845
CHEMBL1526668,O=C(c1csc2c1CCCC2)N1CCCCC1,90.72,C1c2c(c(C(=O)N3CCCCC3)cs2)CCC1,B~A{araeasarAAAAs}DrAAAAAr,10.397656866058357
CHEMBL1560,C[C@H](CS)C(=O)N1CCC[C@H]1C(=O)O,90.12,C1CN(C([C@@H](CS)C)=O)[C@H](C(O)=O)C1,A{A*Q}{AE}A{~B}DrAAA{A*Q}rA{~B}B,11.073560887687277
CHEMBL2018953,O=C([C@H]1CCCCN1)N1CCN(c2nc(NCc3ccc(Cl)cc3Cl)c3cccnc3n2)CC1,88.11,c1ccc2c(NCc3ccc(Cl)cc3Cl)nc(N3CCN(C([C@H]4CCCCN4)=O)CC3)nc2n1,B~A{{A*Q}rAAAADr}DrAAD{asda{DAataaa{Z}aatZ}ataaadatds}AAr,13.337839360144196
CHEMBL11,CN(C)CCCN1c2ccccc2CCc2ccccc21,87.87,c12ccccc1N(CCCN(C)C)c1ccccc1CC2,AD{A}AAADrasaaaaasAAasaaaaasr,13.60820096879576
CHEMBL1951080,COc1cc(OC)c(S(=O)(=O)N2c3ccccc3CCC2C)cc1NC(=O)CSCC(=O)O,87.37,O=S(N1c2ccccc2CCC1C)(=O)c1cc(NC(=O)CSCC(O)=O)c(OC)cc1OC,ABaraa{BA}a{E{~B}{~B}DsataaaaatAAAsA}aarDA{~B}AEAA{~B}B,14.1714543201532
CHEMBL2178935,Cc1nc(C)c(-c2ccc([C@H]3CC[C@H](CC(N)=O)CC3)cc2)nc1C(N)=O,87.11,c1c([C@H]2CC[C@H](CC(N)=O)CC2)ccc(-c2c(C)nc(C)c(C(=O)N)n2)c1,Aarda{A}a{_asaaa{{A*Q}tAA{A*Q}{AA{D}~B}AAt}aas}darA{D}~B,14.464346062859077
CHEMBL447183,N#Cc1ccc(C(=O)N2CCC3(CC2)N=C(N)c2c(F)ccc(F)c2N3)cn1,86.59,c1cc(C(N2CCC3(CC2)N=C(N)c2c(F)ccc(F)c2N3)=O)cnc1C#N,D^Aaraaa{A{~B}DsAAAt{AAs}D~A{D}asa{G}aaa{G}asDt}adr,15.05012954827081
CHEMBL83597,CN1CCC[C@@H]1Cc1c[nH]c2ccc(Nc3ncccc3[N+](=O)[O-])cc12,86.32,c1cc([N+]([O-])=O)c(Nc2ccc3c(c(C[C@H]4CCCN4C)c[nH]3)c2)nc1,ADrAAA{A**Q}rAara{dQ}asaaa{Datdaaaat{D%}{~B}{B_}}aars,15.354286358003838
CHEMBL1945044,COc1cccc(CNCc2cccc(CCNC[C@H](O)c3ccc(O)c4[nH]c(=O)sc34)c2)c1,86.32,c1(=O)[nH]c2c(O)ccc([C@@H](O)CNCCc3cc(CNCc4cccc(OC)c4)ccc3)c2s1,ABaraaaa{ADAasaaaa{AADA{A*Q}{B}ataaa{B}au{dQ}a{~B}eatu}as}ar,15.354286358003838
CHEMBL2338404,CC(C)(C)CS(=O)(=O)NCCN1CCN(CC(=O)NC23CC4CC(CC(C4)C2)C3)CC1,86.05,N1(CCNS(=O)(CC(C)(C)C)=O)CCN(CC(NC23CC4CC(C2)CC(C3)C4)=O)CC1,AA{A}{A}AE{~B}{~B}DAADrAAD{AA{~B}DAstAAuAA{AA{Au}As}At}AAr,15.658443167736852
CHEMBL2059376,CCNC(=O)c1cc2c(-n3ccc(C(F)(F)F)n3)c(-c3cncc(C(=O)NC)c3)cnc2[nH]1,85.19,c1(C(=O)NC)cncc(-c2c(-n3ccc(C(F)(F)F)n3)c3c([nH]c(C(=O)NCC)c3)nc2)c1,AADA{~B}araasa{_dtaaa{A{G}{G}G}dt}a{_atadaa{A{~B}DA}at}adas{dQ}r,16.62723893207165
CHEMBL481205,COCCOc1cc2ncc(C(N)=O)c(Nc3ccc(C)cc3F)c2cc1N1CCN(C)CC1,84.9,c1c2c(Nc3c(F)cc(C)cc3)c(C(=O)N)cnc2cc(OCCOC)c1N1CCN(C)CC1,ABAABaraasdaa{A{D}~B}a{Dataaa{A}aatG}asaarDrAAD{A}AAr,16.953925875858957
CHEMBL1381135,COc1cnc(-c2ccccn2)nc1N(C)C,83.68,N(c1c(OC)cnc(-c2ccccn2)n1)(C)C,ABarada{_asaaaads}darD{A}A,18.328264053171107
CHEMBL1916546,COc1cc2c(ccc(=O)n2CCN2CCC(NCc3cc4c(cn3)OCCO4)CC2)cn1,83.37,c12cc(CNC3CCN(CCn4c(=O)ccc5c4cc(OC)nc5)CC3)ncc1OCCO2,ABaraasa{aaa{~B}dsAADsAAA{DAataaua{adt}BAABu}AAs}adr,18.677481131012726
CHEMBL192,CCCc1nn(C)c2c(=O)[nH]c(-c3cc(S(=O)(=O)N4CCN(C)CC4)ccc3OCC)nc12,95.53,O(CC)c1ccc(S(=O)(=O)N2CCN(C)CC2)cc1-c1[nH]c(=O)c2n(C)nc(CCC)c2n1,AAAardd{A}asa{~B}{dQ}a{_ataa{E{~B}{~B}DuAAD{A}AAu}aaatBAA}dars,4.979159625999776
CHEMBL480457,CN1CCN(c2ccc3ncc(C(N)=O)c(Nc4cccc(Cl)c4Cl)c3c2)CC1,95.43,C1N(c2cc3c(Nc4cccc(Cl)c4Cl)c(C(N)=O)cnc3cc2)CCN(C)C1,ADrAAD{asaaatdaa{A{D}~B}a{Dauaaaa{Z}auZ}atas}AAr,5.091810296271258
CHEMBL1773082,Cc1cc(Nc2nc(N[C@@H](C)c3ccc(F)cn3)c(C#N)cc2Cl)n[nH]1,96.42,c1(Nc2cc(C)[nH]n2)c(Cl)cc(C#N)c(N[C@@H](C)c2ccc(F)cn2)n1,Aaraa{Dasda{D{A**Q}{A}ataaa{G}adt}a{A^D}aasZ}d{dQ}r,3.9765686605835313
CHEMBL339053,O=C(N[C@H](Cc1ccc(Cl)cc1)C(=O)N1CCC(Cn2cncn2)(C2CCCCC2)CC1)[C@H]1Cc2ccccc2CN1,99.3,c1cc(Cl)ccc1C[C@H](C(=O)N1CCC(C2CCCCC2)(Cn2cncn2)CC1)NC(=O)[C@@H]1NCc2ccccc2C1,B~A{D{A*Q}{Aaraaa{Z}aar}A{~B}DrAAA{Adsadads}{AsAAAAAs}AAr}{A*Q}rAasaaaaasADr,0.732229356764679
CHEMBL1532611,Nc1ccc(OCCc2ccccc2)cc1,96.57,c1c(CCOc2ccc(N)cc2)cccc1,Daraaa{BAAasaaaaas}aar,3.807592655176309
CHEMBL2012204,Cc1cc([C@H](O)[C@](C)(OCc2ccc(-c3ccccc3)cc2)C(=O)NO)no1,96.72,c1c(C)onc1[C@@H]([C@](OCc1ccc(-c2ccccc2)cc1)(C(=O)NO)C)O,Aaraa{{A*Q}{B}{A*}{A}{BAasaaa{_ataaaaat}aas}A{~B}DB}dbr,3.6386166497690704
CHEMBL402501,C[C@H](Cc1cccc(CC(=O)NC23CC4CC(CC(C4)C2)C3)c1)NC[C@H](O)c1ccc(O)c(CO)c1,89.91,Oc1c(CO)cc([C@@H](O)CN[C@@H](Cc2cc(CC(NC34CC5CC(CC(C3)C5)C4)=O)ccc2)C)cc1,A{A*Q}{Aaraaaa{AA{~B}DAstAAuAA{AA{Au}As}At}ar}DA{A*Q}{B}araaa{B}a{AB}ar,11.310127295257413
CHEMBL2207666,O=C(NC[C@@H](O)CN1CCC(Oc2ccc(Cl)c(Cl)c2)CC1)c1c[nH]c(=O)c2ccccc12,98.17,c1ccc2c(c(C(=O)NC[C@H](CN3CCC(Oc4ccc(Cl)c(Cl)c4)CC3)O)c[nH]c2=O)c1,B~A{DA{A**Q}{B}ADrAAA{Basaaa{Z}a{Z}as}AAr}ara{dQ}a{~B}asaaaaars,2.0051819308324896
CHEMBL2179666,Cc1cn([C@H]2CCCN(Cc3ccc(C(=O)O)c(Oc4cccc(Br)c4)c3)C2)c(=O)[nH]c1=O,98.09,C(c1ccc(CN2CCC[C@H](n3c(=O)[nH]c(=O)c(C)c3)C2)cc1Oc1cc(Br)ccc1)(O)=O,Aarad{{A*Q}sAAAD{Aataaa{A{~B}B}a{Bauaaaa{Y}au}at}As}a{~B}{dQ}ar~B,2.0953024670496783
CHEMBL2059195,O=C(O)/C=C/c1cccc(-c2cnc3[nH]ccc3c2)c1,97.81,c1(-c2cnc3[nH]ccc3c2)cc(/C=C/C(O)=O)ccc1,B~A{B}|A~A|araaaa{_asadat{dQ}aaatas}ar,2.410724343809846
CHEMBL2048866,N[C@@H]1CCCN(c2c(Cl)cccc2/C=C2\SC(=O)NC2=O)C1,97.76,c1(Cl)cccc(/C=C2/C(=O)NC(=O)S2)c1N1CCC[C@@H](N)C1,D{A**Q}rAAAD{asa{Z}aaaas|A~As!EA{~B}DAs~B}Ar,2.4670496789455867
CHEMBL865,Cc1onc(-c2ccccc2)c1-c1ccc(S(N)(=O)=O)cc1,97.55,o1nc(-c2ccccc2)c(-c2ccc(S(=O)(=O)N)cc2)c1C,Aarbda{_asaaaaas}ar_araaa{E{D}{~B}~B}aar,2.703616086515721
CHEMBL2062565,CC(=O)Nc1cnc2ccn(-c3cc(NC4CC4)n4ncc(C#N)c4n3)c2c1,97.49,C1CC1Nc1n2c(nc(-n3c4c(ncc(NC(=O)C)c4)cc3)c1)c(C#N)cn2,AA{~B}Daradasaad{_ataa{DAuAAu}dudaa{A^D}audt}asar,2.771206488678616
CHEMBL1761870,C[C@H]1CN(C(=O)N[C@H](Cc2ccc(F)cc2)C(=O)N2CCC(C(=O)NC(C)(C)C)(C3CCCCC3)CC2)C[C@@H](C)N1,92.32,N1[C@@H](C)CN(C(N[C@@H](C(=O)N2CCC(C(=O)NC(C)(C)C)(C3CCCCC3)CC2)Cc2ccc(F)cc2)=O)C[C@H]1C,A{A*Q}rAD{A{~B}D{A*Q}{Aasaaa{G}aas}A{~B}DsAAA{A{~B}DA{A}{A}A}{AtAAAAAt}AAs}A{A**Q}{A}Dr,8.595246141714552
CHEMBL196707,Cc1c(CC(=O)O)c2cc(F)ccc2n1S(=O)(=O)c1ccc(S(C)(=O)=O)cc1,92.32,c1(S(=O)(n2c3ccc(F)cc3c(CC(O)=O)c2C)=O)ccc(S(=O)(C)=O)cc1,Aara{AA{~B}B}asaa{G}aaasdrE{~B}{~B}araaa{E{A}{~B}~B}aar,8.595246141714552
CHEMBL522771,Cc1ncsc1C(=O)N(Cc1cc(=O)[nH]c2c(F)cccc12)c1cccc(Cl)c1,97.91,c1(CN(C(=O)c2scnc2C)c2cccc(Cl)c2)cc(=O)[nH]c2c1cccc2F,AardaearA{~B}D{Aaraa{~B}{dQ}asa{G}aaaars}araaaa{Z}ar,2.2980736735383642
CHEMBL1086580,Oc1nc(-c2ccc(C(F)(F)F)cc2)nc2c1CSCC2,97.6,FC(F)(F)c1ccc(-c2nc(O)c3c(n2)CCSC3)cc1,Barda{_asaaa{A{G}{G}G}aas}dasarAEAAs,2.64729075137998
CHEMBL7568,CCN(CC)CCCC(C)Nc1c2ccc(Cl)cc2nc2ccc(OC)cc12,88.59,CCN(CC)CCCC(Nc1c2cc(OC)ccc2nc2cc(Cl)ccc21)C,AAD{AA}AAAA{A}Darasaaa{Z}aasdasaaa{BA}aars,12.797116142841048
CHEMBL297685,Cn1c(-c2cccc(F)c2)nc2c(N)nc(C#CC3(O)CCCC3)nc21,88.11,n1c(C#CC2(O)CCCC2)nc2n(C)c(-c3cccc(F)c3)nc2c1N,Adra{_asaaaa{G}as}dasa{D}da{A^AAt{B}AAAAt}dasr,13.337839360144196
CHEMBL1951187,COc1cc(OC)c(S(=O)(=O)NCc2ccccc2N2CCC(CC(=O)O)CC2)cc1NC(=O)CCC(=O)O,91.28,c1c(N2CCC(CC(O)=O)CC2)c(CNS(c2c(OC)cc(OC)c(NC(CCC(=O)O)=O)c2)(=O)=O)ccc1,ABaraa{BA}a{E{~B}{~B}DAasaaaaasDsAAA{AA{~B}B}AAs}aarDA{~B}AAA{~B}B,9.76681311253802
CHEMBL1088752,Cc1c(F)cc(C(=O)NC2CC2)cc1-c1ccc(C(=O)NCC(C)(C)C)cn1,88.11,CC(CNC(=O)c1ccc(-c2c(C)c(F)cc(C(NC3CC3)=O)c2)nc1)(C)C,Aara{G}aa{A{~B}DAsAAs}aar_araaa{A{~B}DAA{A}{A}A}adr,13.337839360144196
CHEMBL1917457,CC(=O)Nc1cccc2c1c(Oc1ccc(Cl)cc1)c(C)n2CC(=O)O,87.62,c1cc(Oc2c3c(n(CC(=O)O)c2C)cccc3NC(=O)C)ccc1Cl,AA{~B}Daraaaasara{Baraaa{Z}aar}a{A}dsAA{~B}B,13.889827644474481
CHEMBL1824030,O=C1COc2ccc(CNC3CCN(CCN4C(=O)COc5ccc(O)cc54)CC3)nc2N1,86.59,c1(CNC2CCN(CCN3C(=O)COc4ccc(O)cc43)CC2)ccc2c(n1)NC(=O)CO2,B~ArABasaaa{ADAtAAD{AADuA{~B}ABavaaa{B}aavu}AAt}dasDr,15.05012954827081
CHEMBL1353474,Cc1cc(C)c(S(=O)(=O)NCc2ccncc2)c(C)c1,86.05,c1c(C)cc(C)c(S(=O)(NCc2ccncc2)=O)c1C,Aaraa{A}a{E{~B}{~B}DAasaadaas}a{A}ar,15.658443167736852
CHEMBL2348642,CNc1nc(C)c(-c2nc(Nc3cccc(N4CCNCC4)c3)ncc2C#N)s1,86.05,c1ccc(N2CCNCC2)cc1Nc1nc(-c2sc(NC)nc2C)c(C#N)cn1,ADarda{A}a{_asda{Dataaaa{DuAADAAu}at}daasA^D}er,15.658443167736852
CHEMBL1778642,CS(=O)(=O)c1ccc(-c2cc(Cl)ccc2OCC(=O)O)c(Cl)c1,97.49,c1c(Cl)cc(-c2ccc(S(C)(=O)=O)cc2Cl)c(OCC(=O)O)c1,AE{~B}{~B}araaa{_asaa{Z}aaasBAA{~B}B}a{Z}ar,2.771206488678616
CHEMBL54,O=C(CCCN1CCC(O)(c2ccc(Cl)cc2)CC1)c1ccc(F)cc1,85.48,c1cc(C2(O)CCN(CCCC(c3ccc(F)cc3)=O)CC2)ccc1Cl,B~A{AAADrAAA{B}{asaaa{Z}aas}AAr}araaa{G}aar,16.30055198828433
CHEMBL1509029,Cc1nc2ccc(NS(=O)(=O)c3ccc(C)c(C)c3)cc2s1,99.9,s1c2c(ccc(NS(=O)(c3cc(C)c(C)cc3)=O)c2)nc1C,Aardasaaa{DE{~B}{~B}ataaa{A}a{A}at}aaser,0.056325335135740846
CHEMBL1092240,O=[N+]([O-])c1c(Nc2ccc(-n3cncn3)cc2)ncnc1N1CCC(Sc2ccccn2)CC1,99.83,N(c1ccc(-n2cncn2)cc1)c1ncnc(N2CCC(Sc3ccccn3)CC2)c1[N+]([O-])=O,B~{D%}{{B_}}ara{Dasaaa{_dtadadt}aas}dadarDrAAA{Easaaaads}AAr,0.13518080432579085
CHEMBL1367530,Cc1ccc(-c2nnc(SCC(=O)N3CCN(c4ccccc4)CC3)o2)cc1,99.82,n1c(SCC(N2CCN(c3ccccc3)CC2)=O)oc(-c2ccc(C)cc2)n1,Aaraaa{_asdda{EAA{~B}DtAAD{auaaaaau}AAt}bs}aar,0.14644587135294543
CHEMBL340978,CC(C(=O)O)c1ccc2oc(-c3ccc(Cl)cc3)nc2c1,99.76,c12nc(-c3ccc(Cl)cc3)oc1ccc(C(C(=O)O)C)c2,AA{A{~B}B}araaasba{_ataaa{Z}aat}dasar,0.21403627351582483
CHEMBL402986,C[C@H](CO)Nc1nc(SCc2ccccc2)nc2[nH]c(=O)sc12,99.71,N(c1c2sc(=O)[nH]c2nc(SCc2ccccc2)n1)[C@H](C)CO,A{A*Q}{AB}Darda{EAasaaaaas}das{dQ}a{~B}ears,0.2703616086515817
CHEMBL12952,COc1ccc2cc(C(C)C(=O)O)ccc2c1,99.7,CC(C(O)=O)c1cc2ccc(OC)cc2cc1,ABaraaasaa{A{A}A{~B}B}aaasar,0.28162667567872024
CHEMBL259850,COc1ccc(CNC(=O)Nc2ncc([N+](=O)[O-])s2)cc1,99.68,c1(OC)ccc(CNC(=O)Nc2sc([N+](=O)[O-])cn2)cc1,ABaraaa{ADA{~B}Dasdaa{{D%}{~B}{B_}}es}aar,0.3041568097330134
CHEMBL1683934,O=C(Nc1ccccc1-c1ccccc1)OC1CCN(CCCCCCCCCNC[C@H](O)c2ccc(O)c3[nH]c(=O)ccc23)CC1,88.11,c1([C@H](CNCCCCCCCCCN2CCC(OC(=O)Nc3c(-c4ccccc4)cccc3)CC2)O)ccc(O)c2[nH]c(=O)ccc12,B~A{Daraaaaar_araaaaar}BArAAD{AAAAAAAAADA{A*Q}{B}asaaa{B}at{dQ}a{~B}aaast}AAr,13.337839360144196
CHEMBL560377,c1ccc2nc(COc3ccc(-c4n[nH]cc4-c4ccncc4)cc3)ccc2c1,99.8,c1(-c2ccc(OCc3ccc4c(cccc4)n3)cc2)n[nH]cc1-c1ccncc1,araaasda{ABataaa{_aud{dQ}aau_auaadaau}aat}aaasar,0.16897600540723856
CHEMBL2171037,CN(C)c1ccc(S(=O)(=O)NC(=O)N2CCC(N3CCC(Oc4ccc(Cl)c(Cl)c4)CC3)CC2)cc1,99.83,N(C)(C)c1ccc(S(NC(N2CCC(N3CCC(Oc4ccc(Cl)c(Cl)c4)CC3)CC2)=O)(=O)=O)cc1,AD{A}araaa{E{~B}{~B}DA{~B}DsAAA{DtAAA{Bauaaa{Z}a{Z}au}AAt}AAs}aar,0.13518080432579085
CHEMBL356687,CN(C)c1cc(NC(=O)Nc2cccc(Cl)c2)c2ccccc2n1,99.86,c1cc2nc(N(C)C)cc(NC(Nc3cccc(Cl)c3)=O)c2cc1,AD{A}araa{DA{~B}Dasaaaa{Z}as}asaaaaasdr,0.10138560324434313
CHEMBL1428,COCCOC(=O)C1=C(C)NC(C)=C(C(=O)OC(C)C)C1c1cccc([N+](=O)[O-])c1,98.17,O(CCOC)C(=O)C1=C(C)NC(C)=C(C(OC(C)C)=O)C1c1cccc([N+](=O)[O-])c1,ABAABA{~B}Ar~A{A}DA{A}~A{A{~B}BA{A}A}Araraaaa{{D%}{~B}{B_}}ar,2.0051819308324896
CHEMBL490,Fc1ccc([C@@H]2CCNC[C@H]2COc2ccc3c(c2)OCO3)cc1,89.91,c1cc([C@@H]2CCNC[C@H]2COc2ccc3c(c2)OCO3)ccc1F,Garaaa{{A**Q}sAADA{A*Q}sABasaaata{as}BABt}aar,11.310127295257413
CHEMBL1078178,N#CCNC(=O)c1ccc(-c2ccnc(Nc3ccc(N4CCOCC4)cc3)n2)cc1,89.7,O1CCN(c2ccc(Nc3nc(-c4ccc(C(=O)NCC#N)cc4)ccn3)cc2)CC1,D^AADA{~B}araaa{_asaada{Dataaa{DuAABAAu}aat}ds}aar,11.54669370282753
CHEMBL1683032,CCOc1cc2nnc(C(N)=O)c(Nc3cc(C)ccc3F)c2cc1N1CCN(C)CC1,89.27,n1c2cc(OCC)c(N3CCN(C)CC3)cc2c(Nc2cc(C)ccc2F)c(C(N)=O)n1,AABaraasdda{A{D}~B}a{Dataa{A}aaatG}asaarDrAAD{A}AAr,12.031091584994938
CHEMBL6966,COc1ccc(CCN(C)CCCC(C#N)(c2ccc(OC)c(OC)c2)C(C)C)cc1OC,89.27,c1(CCN(CCCC(c2cc(OC)c(OC)cc2)(C(C)C)C#N)C)cc(OC)c(OC)cc1,ABaraaa{AAD{A}AAAA{A^D}{asaaa{BA}a{BA}as}A{A}A}aarBA,12.031091584994938
CHEMBL258282,CN1CCN(CCOc2n[nH]c3ncnc(Nc4ccc(OCc5ccccn5)c(Cl)c4)c23)CC1,88.35,c1ccnc(COc2c(Cl)cc(Nc3c4c(ncn3)[nH]nc4OCCN3CCN(C)CC3)cc2)c1,ADrAAD{AABasd{dQ}atdada{Dauaaa{BAavaaaadv}a{Z}au}ast}AAr,13.06747775149263
CHEMBL2207281,O=C(NC[C@@H](O)CN1CCC(Oc2ccc(Cl)c(Cl)c2)CC1)c1c[nH]c(=O)c2cc(S(=O)(=O)NCCO)ccc12,87.62,C1CC(Oc2ccc(Cl)c(Cl)c2)CCN1C[C@H](O)CNC(c1c[nH]c(=O)c2c1ccc(S(=O)(=O)NCCO)c2)=O,B~A{DA{A**Q}{B}ADrAAA{Basaaa{Z}a{Z}as}AAr}ara{dQ}a{~B}asaa{E{~B}{~B}DAAB}aaars,13.889827644474481
CHEMBL445,CNCCC=C1c2ccccc2CCc2ccccc21,86.85,C1Cc2ccccc2C(=CCCNC)c2ccccc21,ADAAA~ArasaaaaasAAasaaaaasr,14.757237805564952
CHEMBL186995,O=C(NCc1ccccc1Cl)c1cccnc1Oc1ccccc1,86.59,c1ccc(Oc2c(C(NCc3c(Cl)cccc3)=O)cccn2)cc1,B~A{DAaraaaaarZ}araaadarBaraaaaar,15.05012954827081
CHEMBL2206789,COCCC(Oc1ncnc2c1cnn2-c1ccccc1OC)C(=O)Nc1ccc(C)cn1,86.05,c1(-n2ncc3c2ncnc3OC(C(=O)Nc2ncc(C)cc2)CCOC)ccccc1OC,ABAAA{Bardadasaradds_araaaaarBA}A{~B}Daraaa{A}adr,15.658443167736852
CHEMBL2181926,CCOC(=O)C1=C(C)NC(C)=C(C(C)=O)[C@H]1c1cccc2c(=O)cc(C)oc12,85.19,C1(C(=O)C)=C(C)NC(C)=C(C(OCC)=O)[C@@H]1c1c2c(c(=O)cc(C)o2)ccc1,AABA{~B}Ar~A{A}DA{A}~A{A{A}~B}{A*Q}raraaaasa{~B}aa{A}bars,16.62723893207165
CHEMBL1322390,COc1ccc2nc(NC(=O)CCc3ccc(OC)c(OC)c3)sc2c1,99.94,COc1c(OC)cc(CCC(=O)Nc2nc3c(cc(OC)cc3)s2)cc1,ABaraaasda{DA{~B}AAataaa{BA}a{BA}at}easar,0.011265067027154574
CHEMBL2011440,COc1nc(Cl)c(Cl)nc1NS(=O)(=O)c1ccc(Cl)s1,99.92,O(c1c(NS(=O)(=O)c2ccc(Cl)s2)nc(Cl)c(Cl)n1)C,ABarda{Z}a{Z}darDE{~B}{~B}araaa{Z}er,0.033795201081447714
CHEMBL205526,CC(C)Cn1c(=O)n(C)c(=O)c2c(SCCCO)c(Cc3cccc4ccccc34)sc21,99.9,C(CCSc1c2c(=O)n(C)c(=O)n(CC(C)C)c2sc1Cc1cccc2ccccc12)O,AA{A}Adra{~B}d{A}a{~B}asa{EAAAB}a{Aataaaauaaaaatu}easr,0.056325335135740846
CHEMBL229430,CC(=O)Nc1nc2c(Oc3cc(-c4ccc(C(F)(F)F)cc4)ncn3)cccc2s1,99.9,FC(F)(c1ccc(-c2ncnc(Oc3c4nc(NC(=O)C)sc4ccc3)c2)cc1)F,AA{~B}Dardasa{Bataa{_auaaa{A{G}{G}G}aau}dadt}aaaaser,0.056325335135740846
CHEMBL1963131,COc1ccc([C@]2(O)CC[C@H](N3CC[C@@H](NC(=O)CNC(=O)c4cccc(C(F)(F)F)c4)C3)CC2)cn1,78.79,C1[C@H](N2CC[C@@H](NC(=O)CNC(=O)c3cccc(C(F)(F)F)c3)C2)CC[C@](O)(c2cnc(OC)cc2)C1,ABaraaa{{A*}s{B}AA{A*Q}{DtAA{A**Q}{DA{~B}ADA{~B}auaaaa{A{G}{G}G}au}At}AAs}adr,23.836881829446877
CHEMBL49,O=C1CC2(CCCC2)CC(=O)N1CCCCN1CCN(c2ncccn2)CC1,77.62,C(CCCN1C(=O)CC2(CCCC2)CC1=O)N1CCN(c2ncccn2)CC1,B~ArAAs{AAAAs}AA{~B}DrAAAADrAAD{asdaaads}AAr,25.154894671623293
CHEMBL1824041,N#Cc1ccc2c(c1)N(CCN1CCC(NCc3ccc4c(n3)NC(=O)CO4)CC1)C(=O)CO2,77.21,n1c(CNC2CCN(CCN3c4c(ccc(C#N)c4)OCC3=O)CC2)ccc2c1NC(=O)CO2,D^Aaraaasa{ar}D{AADrAAA{DAataaaua{dt}DA{~B}ABu}AAr}A{~B}ABs,25.616762419736403
CHEMBL1256568,O=C(O)CNC(=O)c1ncccc1O,76.81,N(CC(O)=O)C(c1ncccc1O)=O,B~A{B}ADA{~B}ardaaaarB,26.067365100822347
CHEMBL1650735,COc1cc(Nc2cc(N3CCOCC3)nc(N[C@@H](C)c3ncc(F)cn3)n2)n[nH]1,72.45,n1[nH]c(OC)cc1Nc1cc(N2CCOCC2)nc(N[C@@H](C)c2ncc(F)cn2)n1,ABaraa{Dasaa{DtAABAAt}da{D{A**Q}{A}atdaa{G}adt}ds}d{dQ}r,30.978934324659228
CHEMBL30054,O=C(Cn1c(Cl)cnc(NCC(F)(F)c2ccccn2)c1=O)NCc1ncccc1F,71.99,c1ccnc(C(F)(F)CNc2c(=O)n(CC(=O)NCc3c(F)cccn3)c(Cl)cn2)c1,B~A{Adra{Z}ada{DAA{G}{G}asaaaads}ar~B}DAardaaaarG,31.497127407908085
CHEMBL1824038,CCS(=O)(=O)c1ccc2c(c1)N(CCN1CCC(NCc3ccc4c(n3)NC(=O)CO4)CC1)C(=O)CO2,69.61,c1cc(S(CC)(=O)=O)cc2c1OCC(=O)N2CCN1CCC(NCc2ccc3c(n2)NC(=O)CO3)CC1,AAE{~B}{~B}araaasa{ar}D{AADrAAA{DAataaaua{dt}DA{~B}ABu}AAr}A{~B}ABs,34.1782133603695
CHEMBL2147033,O=C1COC2(CCN(S(=O)(=O)c3ccc(-c4ccc5cnccc5c4)cc3)CC2)CN1C1CC1,99.82,c1c(-c2ccc(S(N3CCC4(CN(C5CC5)C(=O)CO4)CC3)(=O)=O)cc2)cc2ccncc2c1,B~ArABAs{AAD{E{~B}{~B}ataaa{_auaaavadaaavau}aat}AAs}ADrArAAr,0.14644587135294543
CHEMBL2147474,COc1cc(-n2cnc3cc(-c4ccc(Cl)cc4)sc3c2=O)ccc1OC[C@H](O)C1CC1,99.79,c1(-n2cnc3cc(-c4ccc(Cl)cc4)sc3c2=O)cc(OC)c(OC[C@@H](C2CC2)O)cc1,ABaraa{_dsadataa{_auaaa{Z}aau}eatas~B}aaarBA{A*Q}{B}ArAAr,0.18024107243437712
CHEMBL2323239,O=C(CSc1nc2c(c(=O)n1-c1ccccc1)SCC2)Nc1ncc(-c2ccccc2)s1,99.77,c1ccc(-n2c(=O)c3c(nc2SCC(Nc2ncc(-c4ccccc4)s2)=O)CCS3)cc1,B~A{AEardasa{a{~B}dr_araaaaar}EAAs}Dardaa{_asaaaaas}er,0.20277120648868627
CHEMBL2010836,CN(C(=O)Cc1ccc(-n2cnnn2)cc1)C1CCN(Cc2ccc(C(F)(F)F)cc2)CC1,91.28,n1nn(-c2ccc(CC(=O)N(C)C3CCN(Cc4ccc(C(F)(F)F)cc4)CC3)cc2)cn1,AD{A{~B}Aaraaa{_dsaddds}aar}ArAAD{Aasaaa{A{G}{G}G}aas}AAr,9.76681311253802
CHEMBL2164567,CCN(CCO)C(=O)c1cc2cccnc2n1-c1cccc(C(F)(F)F)c1,90.72,c1c(C(F)(F)F)cc(-n2c3ncccc3cc2C(=O)N(CCO)CC)cc1,AAD{AAB}A{~B}araasaaadasdr_araaaa{A{G}{G}G}ar,10.397656866058357
CHEMBL507674,CCN1CCN(C(=O)N[C@@H](C(=O)N[C@@H]2C(=O)N3C(C(=O)O)=C(CSc4nnnn4C)CS[C@H]23)c2ccc(O)cc2)C(=O)C1=O,90.12,OC(=O)C1=C(CSc2nnnn2C)CS[C@@H]2[C@H](NC(=O)[C@H](NC(N3C(=O)C(=O)N(CC)CC3)=O)c3ccc(O)cc3)C(=O)N21,AADrAAD{A{~B}D{A**Q}{A{~B}D{A**Q}sA{~B}DtA{A{~B}B}~A{AEaudddduA}AE{A*Q}st}asaaa{B}aas}A{~B}Ar~B,11.073560887687277
CHEMBL576257,Cc1cc(Nc2cnc(C#N)c(N[C@@H](C)c3ccc(F)cn3)n2)n[nH]1,85.48,c1c([C@H](C)Nc2nc(Nc3cc(C)[nH]n3)cnc2C#N)ncc(F)c1,Aaraa{Dasada{A^D}a{D{A**Q}{A}ataaa{G}adt}ds}d{dQ}r,16.30055198828433
CHEMBL560423,O=C(NCC1(O)CCCCCC1)c1cc(-n2ncc(=O)[nH]c2=O)ccc1Cl,75.97,C1CCCCCC1(O)CNC(=O)c1cc(-n2ncc(=O)[nH]c2=O)ccc1Cl,B~A{DAAr{B}AAAAAAr}araa{_dsdaa{~B}{dQ}as~B}aaarZ,27.013630731102854
CHEMBL384536,CC(C)Cn1c(=O)n(C)c(=O)c2c(C(=O)N3C[C@H](O)CO3)c(Cc3c[nH]c4ncccc34)sc21,75.55,C(c1c2c(nccc2)[nH]c1)c1sc2c(c(=O)n(C)c(=O)n2CC(C)C)c1C(=O)N1C[C@H](O)CO1,AA{A}Adra{~B}d{A}a{~B}asa{A{~B}DtA{A*Q}{B}ABt}a{Aata{dQ}audaaaatu}easr,27.4867635462431
CHEMBL1917441,Cc1ccc2c(c1)c(Sc1cccc(Cl)c1)c(C)n2CC(=O)O,99.64,c1(Sc2cccc(Cl)c2)c(C)n(CC(O)=O)c2ccc(C)cc12,Aaraaasa{ar}a{Earaaaa{Z}ar}a{A}dsAA{~B}B,0.34921707784161565
CHEMBL2165067,COc1ccc2ncc(=O)n(CCN3CC[C@@H](NCc4ccc5c(n4)NC(=O)CO5)[C@@H](F)C3)c2c1,75.55,C1CN(CCn2c(=O)cnc3ccc(OC)cc23)C[C@H](F)[C@@H]1NCc1nc2c(cc1)OCC(=O)N2,ABaraaasdaa{~B}d{AADtAA{A**Q}{DAauaaava{du}DA{~B}ABv}{A**Q}{G}At}asar,27.4867635462431
CHEMBL562310,O=C(Nc1cccc2cccnc12)c1ccc(N2C(=O)[C@H]3[C@H]4C=C[C@H](C4)[C@H]3C2=O)cc1,98.89,c1cc2c(nccc2)c(NC(=O)c2ccc(N3C(=O)[C@@H]4[C@@H]([C@@H]5C=C[C@H]4C5)C3=O)cc2)c1,B~A{Daraaaasaaadars}araaa{DsA{~B}{A*Q}t{A*Q}uA~A{A*Q}{Au}{A*Q}tAs~B}aar,1.1940971048777764
CHEMBL2179276,Cc1cn([C@H]2CCCN([C@@H](CC(C)C)c3ccc(C(=O)O)c(Oc4cccc(Cl)c4)c3)C2)c(=O)[nH]c1=O,98.89,c1(Cl)cc(Oc2cc([C@H](CC(C)C)N3CCC[C@H](n4cc(C)c(=O)[nH]c4=O)C3)ccc2C(=O)O)ccc1,Aarad{{A*Q}sAAAD{{A**Q}{AA{A}A}ataaa{A{~B}B}a{Bauaaaa{Z}au}at}As}a{~B}{dQ}ar~B,1.1940971048777764
CHEMBL304087,COc1cc(NC(=O)Nc2cccc(CNC(=O)O[C@H]3CCOC3)c2)ccc1-c1cnco1,98.7,O=C(Nc1ccc(-c2cnco2)c(OC)c1)Nc1cc(CNC(=O)O[C@H]2CCOC2)ccc1,ABaraa{DA{~B}Dasaaaa{ADA{~B}B{A*Q}tAABAt}as}aaar_aradabr,1.4081333783936012
CHEMBL1950845,CN[C@@H](C)C(=O)N[C@H](C(=O)N[C@H]1CCCN([C@@H]2CCCc3ccccc32)C1)C1CCCCC1,93.24,C1Cc2ccccc2[C@H](N2CCC[C@H](NC(=O)[C@@H](NC(=O)[C@@H](NC)C)C3CCCCC3)C2)C1,AD{A**Q}{A}A{~B}D{A*Q}{A{~B}D{A*Q}rAAAD{{A**Q}sAAAataaaaats}Ar}ArAAAAAr,7.558859975216861
CHEMBL379350,CCN(CC)c1ccc2cc(C(C)=O)c(=O)oc2c1,92.8,CC(=O)c1c(=O)oc2cc(N(CC)CC)ccc2c1,AAD{AA}araaasaa{A{A}~B}a{~B}basar,8.054522924411406
CHEMBL2151322,CC(C)Oc1cc(-n2cnc3ccc(N[C@@H](CO)c4ccc(F)cn4)nc32)n[nH]1,91.82,n1c([C@@H](Nc2nc3n(-c4n[nH]c(OC(C)C)c4)cnc3cc2)CO)ccc(F)c1,AA{A}Baraa{_dsadataaa{D{A**Q}{AB}auaaa{G}adu}dats}d{dQ}r,9.158499493071993
CHEMBL2316382,COc1ccc(NC(=O)c2ccc(C[S+](C)[O-])c3ccccc23)c(C(=O)NCC2CCOCC2)n1,94.56,c1cc(C[S+](C)[O-])c2ccccc2c1C(=O)Nc1ccc(OC)nc1C(NCC1CCOCC1)=O,ABaraaa{DA{~B}asaaa{A{E%}{A}{B_}}ataaaaast}a{A{~B}DAAsAABAAs}dr,6.071871127633209
CHEMBL2180033,CC1=NC(c2cccc(-c3cncc(Cl)c3)c2)(C2CC2)N=C1N,93.53,C1(C2(c3cccc(-c4cc(Cl)cnc4)c3)N=C(N)C(C)=N2)CC1,AAr~DA{asaaaa{_atadaa{Z}at}as}{AsAAs}D~ArD,7.2321730314295385
CHEMBL2164371,O=C(NCc1ccc(OC(F)(F)F)cc1)C1c2ccccc2C(=O)N1C1CCOCC1,90.52,FC(F)(F)Oc1ccc(CNC(=O)C2N(C3CCOCC3)C(=O)c3ccccc32)cc1,B~A{DAaraaa{BA{G}{G}G}aar}ArasaaaaasA{~B}DrArAABAAr,10.622958206601336
CHEMBL1435,Cc1nnc(SCC2=C(C(=O)O)N3C(=O)[C@@H](NC(=O)Cn4cnnn4)[C@H]3SC2)s1,90.32,C(Cn1nnnc1)(=O)N[C@H]1[C@@H]2N(C(C(O)=O)=C(CSc3sc(C)nn3)CS2)C1=O,Aardda{EAAs~A{A{~B}B}DtA{~B}{A**Q}{DA{~B}Aduadddu}{A*Q}tEAs}er,10.848259547144314
CHEMBL230245,CC(C)S(=O)(=O)N(C)c1cc(C(=O)N[C@@H](Cc2ccccc2)[C@@H](N)CF)cc(NC[C@H]2C[C@@H]2C)n1,95.53,c1ccccc1C[C@@H]([C@H](CF)N)NC(=O)c1cc(N(C)S(C(C)C)(=O)=O)nc(NC[C@@H]2[C@@H](C)C2)c1,AA{A}E{~B}{~B}D{A}araa{A{~B}D{A**Q}{Aasaaaaas}{A**Q}{D}AG}aa{DA{A*Q}sA{A**Q}sA}dr,4.979159625999776
CHEMBL2158441,O=c1cc(N2CCOCC2)nc(NCc2c(Cl)cccc2Cl)[nH]1,96.0,c1c(Cl)c(CNc2[nH]c(=O)cc(N3CCOCC3)n2)c(Cl)cc1,B~araa{DsAABAAs}da{DAasa{Z}aaaasZ}{dQ}r,4.449701475723783
CHEMBL2207596,COc1cc(O)c(S(=O)(=O)N2c3ccccc3CCC2C)cc1NC(=O)CCC(=O)O,95.63,c12c(cccc1)CCC(C)N2S(=O)(=O)c1c(O)cc(OC)c(NC(=O)CCC(=O)O)c1,ABaraa{B}a{E{~B}{~B}DsataaaaatAAAsA}aarDA{~B}AAA{~B}B,4.866508955728294
CHEMBL2171020,O=C(c1c[nH]c(=O)c2ccccc12)N1CCC(N2CCC(Oc3ccc(Cl)c(Cl)c3)CC2)CC1,91.1,C1C(N2CCC(Oc3ccc(Cl)c(Cl)c3)CC2)CCN(C(=O)c2c[nH]c(=O)c3ccccc32)C1,B~A{ara{dQ}a{~B}asaaaaars}DrAAA{DsAAA{Bataaa{Z}a{Z}at}AAs}AAr,9.969584319026707
CHEMBL2059377,CCNC(=O)c1cc2c(-n3ccc(C(F)(F)F)n3)c(-c3cncc(C#N)c3)cnc2[nH]1,91.1,N(CC)C(c1[nH]c2c(c1)c(-n1nc(C(F)(F)F)cc1)c(-c1cncc(C#N)c1)cn2)=O,AADA{~B}araasa{_dtaaa{A{G}{G}G}dt}a{_atadaa{A^D}at}adas{dQ}r,9.969584319026707
CHEMBL402146,O=C(Nc1ccc(Cl)nc1)c1ccc(F)c(F)c1,90.72,c1c(C(=O)Nc2ccc(Cl)nc2)ccc(F)c1F,B~A{Daraaa{Z}dar}araaa{G}a{G}ar,10.397656866058357
CHEMBL41355,CCOC(=O)Nc1ccc(NCc2ccc(F)cc2)cc1N,86.05,c1(N)c(NC(OCC)=O)ccc(NCc2ccc(F)cc2)c1,AABA{~B}Daraaa{DAasaaa{G}aas}aarD,15.658443167736852
CHEMBL1294,C=C[C@H]1CN2CC[C@H]1C[C@@H]2[C@@H](O)c1ccnc2ccc(OC)cc12,85.48,c1cc([C@@H]([C@@H]2N3C[C@H](C=C)[C@@H](CC3)C2)O)c2c(ccc(OC)c2)n1,A~A{A*Q}rADsAA{A*Q}rA{A**Q}s{A**Q}{B}araadasaaa{BA}aars,16.30055198828433
CHEMBL1078685,N#Cc1cc(-c2n[nH]c(-c3ccncc3)n2)ccn1,84.9,c1cc(-c2nc(-c3ccncc3)[nH]n2)cc(C#N)n1,D^Aaraa{_asd{dQ}a{_ataadaat}ds}aadr,16.953925875858957
CHEMBL379828,COc1ccc2c(c1)c(-c1ccnc3cc(Cl)ccc13)c(C)n2CC(=O)O,99.69,c1cc(-c2c(C)n(CC(O)=O)c3c2cc(OC)cc3)c2ccc(Cl)cc2n1,ABaraaasa{ar}a{_araadataa{Z}aaart}a{A}dsAA{~B}B,0.2928917427058748
CHEMBL1288009,COc1ccc(-c2cc3c(N[C@H]4CCCNC4)ncc(C(N)=O)c3s2)cc1,93.39,c1c(C(=O)N)c2c(cc(-c3ccc(OC)cc3)s2)c(N[C@@H]2CNCCC2)n1,ABaraaa{_asaata{D{A*Q}uAAADAu}daa{A{D}~B}ates}aar,7.389883969809622
CHEMBL570192,Cc1cc(Nc2nc(O[C@@H](C)c3ccc(F)cn3)c(C#N)nc2C)n[nH]1,94.06,Cc1c(Nc2n[nH]c(C)c2)nc(O[C@@H](C)c2ccc(F)cn2)c(C#N)n1,Aaraa{Dasda{B{A**Q}{A}ataaa{G}adt}a{A^D}dasA}d{dQ}r,6.635124478990649
CHEMBL2180027,COc1ccc(C2(c3cccc(-c4cncnc4)c3)N=C(C)C(N)=N2)cc1C,93.8,c1c(-c2cncnc2)cc(C2(c3cc(C)c(OC)cc3)N=C(N)C(C)=N2)cc1,ABaraaa{As{ataaaa{_auadadau}at}D~A{A}A{D}~Ds}aarA,6.928016221696525
CHEMBL1778641,CCS(=O)(=O)c1ccc(-c2cc(Cl)ccc2OCC(=O)O)cc1,97.26,c1cc(S(=O)(CC)=O)ccc1-c1c(OCC(=O)O)ccc(Cl)c1,AAE{~B}{~B}araaa{_asaa{Z}aaasBAA{~B}B}aar,3.0303030303030276
CHEMBL1950855,CN[C@@H](C)C(=O)N[C@H](C(=O)N[C@H]1CCCN(CCc2ccc(Cl)cc2)C1)C(C)(C)C,97.07,C(N[C@H]1CCCN(CCc2ccc(Cl)cc2)C1)([C@H](C(C)(C)C)NC([C@H](C)NC)=O)=O,AD{A**Q}{A}A{~B}D{A*Q}{A{~B}D{A*Q}rAAAD{AAasaaa{Z}aas}Ar}A{A}{A}A,3.2443393038188684
CHEMBL1951081,COc1cc(OC)c(S(=O)(=O)N2c3ccccc3CCC2C)cc1NC(=O)CSc1ccncc1,97.07,C(C(=O)Nc1cc(S(=O)(=O)N2c3ccccc3CCC2C)c(OC)cc1OC)Sc1ccncc1,ABaraa{BA}a{E{~B}{~B}DsataaaaatAAAsA}aarDA{~B}AEaraadaar,3.2443393038188684
CHEMBL2179669,Cc1cn([C@H]2CCCN(Cc3ccc(C(=O)O)c(Oc4cccc(C(F)(F)F)c4)c3)C2)c(=O)[nH]c1=O,97.07,O=c1[nH]c(=O)n([C@H]2CCCN(Cc3cc(Oc4cc(C(F)(F)F)ccc4)c(C(=O)O)cc3)C2)cc1C,Aarad{{A*Q}sAAAD{Aataaa{A{~B}B}a{Bauaaaa{A{G}{G}G}au}at}As}a{~B}{dQ}ar~B,3.2443393038188684
CHEMBL2158790,Cc1c(OC2CCN(CC3CCN([C@@](C)(Cc4ccc(F)cc4)C(=O)O)CC3)CC2)ccc(Cl)c1Cl,96.79,Fc1ccc(C[C@](N2CCC(CN3CCC(Oc4c(C)c(Cl)c(Cl)cc4)CC3)CC2)(C(O)=O)C)cc1,Aara{BAsAAD{AAtAAD{{A**}{A}{Aauaaa{G}aau}A{~B}B}AAt}AAs}aaa{Z}arZ,3.55976118057902
CHEMBL2059867,Cc1nc(-c2ccc(C)c(NC(=O)c3ccc(OCc4ccccn4)cc3)c2)c[nH]1,96.79,c1c(OCc2ccccn2)ccc(C(Nc2cc(-c3nc(C)[nH]c3)ccc2C)=O)c1,Aarda{_asaaa{A}a{DA{~B}ataaa{BAauaaaadu}aat}as}a{dQ}r,3.55976118057902
CHEMBL1598817,Cc1ccc(Cl)cc1NC(=O)CCS(=O)(=O)c1ccc(Br)s1,98.89,Cc1c(NC(CCS(=O)(=O)c2ccc(Br)s2)=O)cc(Cl)cc1,Aaraaa{Z}aarDA{~B}AAE{~B}{~B}araaa{Y}er,1.1940971048777764
CHEMBL2147317,COc1cnc(-c2cccc(F)c2C(F)(F)CNC(=O)c2ccc(COCC(F)(F)F)nc2)cn1,96.72,O(c1ncc(-c2cccc(F)c2C(F)(F)CNC(=O)c2ccc(COCC(F)(F)F)nc2)nc1)C,ABarada{_asaaaa{G}asA{G}{G}ADA{~B}asaaa{ABAA{G}{G}G}das}adr,3.6386166497690704
CHEMBL2179278,Cc1cn([C@H]2CCCN([C@@H](CC(C)(C)C)c3ccc(C(=O)O)c(Oc4cccc(Br)c4)c3)C2)c(=O)[nH]c1=O,99.01,c1(Oc2cccc(Br)c2)cc([C@H](CC(C)(C)C)N2CCC[C@H](n3cc(C)c(=O)[nH]c3=O)C2)ccc1C(O)=O,Aarad{{A*Q}sAAAD{{A**Q}{AA{A}{A}A}ataaa{A{~B}B}a{Bauaaaa{Y}au}at}As}a{~B}{dQ}ar~B,1.0589163005519857
CHEMBL518770,CC(C)Oc1cc2ncc(C(N)=O)c(Nc3ccc(Cl)c(Cl)c3)c2cc1N1CCN(C)CC1,99.01,c1(Cl)ccc(Nc2c(C(N)=O)cnc3c2cc(N2CCN(C)CC2)c(OC(C)C)c3)cc1Cl,AA{A}Baraasdaa{A{D}~B}a{Dataaa{Z}a{Z}at}asaarDrAAD{A}AAr,1.0589163005519857
CHEMBL2158051,CN[C@@H](C)C(=O)N[C@H]1CN(C(=O)CC(C)C)CC[C@H]2CC[C@@H](C(=O)NC(c3ccccc3)c3ccccc3)N2C1=O,74.69,C1[C@H](NC([C@@H](NC)C)=O)C(=O)N2[C@H](C(=O)NC(c3ccccc3)c3ccccc3)CC[C@@H]2CCN1C(CC(C)C)=O,AD{A**Q}{A}A{~B}D{A*Q}rAD{A{~B}AA{A}A}AA{A*Q}sAA{A**Q}{A{~B}DA{ataaaaat}ataaaaat}DsAr~B,28.4555593105779
CHEMBL2171169,CC(C)N(CCCNC(=O)Nc1ccc(C(C)(C)C)cc1)C[C@H]1O[C@@H](n2cnc3c(N)ncnc32)[C@H](O)[C@@H]1O,71.53,[C@@H]1(CN(C(C)C)CCCNC(=O)Nc2ccc(C(C)(C)C)cc2)[C@@H](O)[C@@H](O)[C@H](n2cnc3c(N)ncnc23)O1,AA{A}D{AAADA{~B}Daraaa{A{A}{A}A}aar}A{A*Q}rB{A**Q}{dsadata{D}dadats}{A*Q}{B}{A**Q}rB,32.01532049115692
CHEMBL2207671,CS(=O)(=O)c1ccc2c(C(=O)NC[C@@H](O)CN3CCC(Oc4ccc(Cl)c(Cl)c4)CC3)c[nH]c(=O)c2c1,90.32,C1C(Oc2ccc(Cl)c(Cl)c2)CCN(C[C@@H](CNC(c2c3c(c(=O)[nH]c2)cc(S(C)(=O)=O)cc3)=O)O)C1,AE{~B}{~B}araaasa{A{~B}DA{A**Q}{B}ADtAAA{Bauaaa{Z}a{Z}au}AAt}a{dQ}a{~B}asar,10.848259547144314
CHEMBL2207670,CS(=O)(=O)c1ccc2c(C(=O)NC[C@@H](O)CN3CCC(Oc4ccc(C#N)c(Cl)c4)CC3)c[nH]c(=O)c2c1,68.13,c1(C#N)ccc(OC2CCN(C[C@@H](CNC(=O)c3c4c(cc(S(C)(=O)=O)cc4)c(=O)[nH]c3)O)CC2)cc1Cl,AE{~B}{~B}araaasa{A{~B}DA{A**Q}{B}ADtAAA{Bauaaa{A^D}a{Z}au}AAt}a{dQ}a{~B}asar,35.84544328038753
CHEMBL2011923,CNc1c(C(N)=O)cnc2[nH]c(-c3ccc(OCCN4CCOCC4)cc3)nc12,78.79,c1(-c2ccc(OCCN3CCOCC3)cc2)[nH]c2ncc(C(=O)N)c(NC)c2n1,ADara{A{D}~B}adas{dQ}a{_ataaa{BAADuAABAAu}aat}dars,23.836881829446877
CHEMBL1650734,Cc1cc(Nc2nc(N[C@@H](C)c3ncc(F)cn3)nc(N3CCOCC3)c2Cl)n[nH]1,77.21,c1(C)[nH]nc(Nc2nc(N[C@H](c3ncc(F)cn3)C)nc(N3CCOCC3)c2Cl)c1,Aaraa{Dasda{D{A**Q}{A}atdaa{G}adt}da{DtAABAAt}asZ}d{dQ}r,25.616762419736403
CHEMBL551813,CN(C)c1nc(Cc2ccc(NC(=O)c3ccc(C(F)(F)F)cc3)cc2)nc(N(C)C)c1CC(=O)O,99.61,C(Cc1c(N(C)C)nc(Cc2ccc(NC(=O)c3ccc(C(F)(F)F)cc3)cc2)nc1N(C)C)(O)=O,AD{A}arda{Aasaaa{DA{~B}ataaa{A{G}{G}G}aat}aas}da{D{A}A}arAA{~B}B,0.3830122789230634
CHEMBL2324423,N#Cc1cc(S(=O)(=O)Nc2ncns2)ccc1Oc1cc(Cl)c(F)cc1-c1ccnnc1,99.59,c1(Cl)c(F)cc(-c2cnncc2)c(Oc2ccc(S(=O)(=O)Nc3sncn3)cc2C#N)c1,D^Aaraa{E{~B}{~B}Dasdades}aaarBaraa{Z}a{G}aar_araaddar,0.40554241297735655
CHEMBL1957381,Cc1cc(-c2ccc(-c3nc4ccncc4c(O)c3C#N)cc2)ccn1,99.59,c1ncc2c(nc(-c3ccc(-c4cc(C)ncc4)cc3)c(C#N)c2O)c1,Aaraa{_asaaa{_atdauaadaaua{B}atA^D}aas}aadr,0.40554241297735655
CHEMBL403313,CN(C)S(=O)(=O)NC(=O)CCCc1c(-c2ccc(F)cc2)[nH]c2ccc(C#N)cc12,99.59,c1(F)ccc(-c2c(CCCC(=O)NS(=O)(=O)N(C)C)c3cc(C#N)ccc3[nH]2)cc1,AD{A}E{~B}{~B}DA{~B}AAAara{_asaaa{G}aas}{dQ}asaaa{A^D}aars,0.40554241297735655
CHEMBL1951165,COc1cc(OC)c(S(=O)(=O)N(c2ccccc2)C(C)C)cc1NC(C)=O,99.5,c1c(OC)c(NC(=O)C)cc(S(=O)(N(C(C)C)c2ccccc2)=O)c1OC,ABaraa{BA}a{E{~B}{~B}D{asaaaaas}A{A}A}aarDA{A}~B,0.5069280162216997
CHEMBL98760,CC(C)NC(=O)c1ccc2c(Nc3ccc(Cl)cc3)nc(N3CCOCC3)nc2c1,99.49,c1(Nc2nc(N3CCOCC3)nc3cc(C(NC(C)C)=O)ccc32)ccc(Cl)cc1,AA{A}DA{~B}araaasa{Dataaa{Z}aat}da{DtAABAAt}dasar,0.5181930832488543
CHEMBL165790,CC(C)Oc1ccc2c(=O)c(-c3ccccc3)coc2c1,99.47,c1c(-c2c(=O)c3ccc(OC(C)C)cc3oc2)cccc1,AA{A}Baraaasa{~B}a{_ataaaaat}abasar,0.5407232173031473
CHEMBL370492,CCc1nc2cc(O)ccc2c(Oc2ccc(/C=C/C(=O)O)cc2)c1-c1ccccc1,99.44,c12c(nc(CC)c(-c3ccccc3)c1Oc1ccc(/C=C/C(=O)O)cc1)cc(O)cc2,AAardasaa{B}aaasa{Basaaa{|A~A|A{~B}B}aas}ar_araaaaar,0.574518418384595
CHEMBL1412533,Clc1ccc(OCc2cn3ccccc3n2)c2ncccc12,99.4,c1(COc2c3ncccc3c(Cl)cc2)nc2n(cccc2)c1,Zaraaa{BAasadtaaaaatds}asdaaaars,0.6195786864931814
CHEMBL2181247,O=C1COc2nccc(-c3ccccc3F)c2CN1Cc1cc(C(F)(F)F)cc(C(F)(F)F)c1,99.37,FC(F)(F)c1cc(CN2Cc3c(-c4c(F)cccc4)ccnc3OCC2=O)cc(C(F)(F)F)c1,B~ArABasdaaa{_ataaaaatG}asADrAaraa{A{G}{G}G}aa{A{G}{G}G}ar,0.6533738875746291
CHEMBL1917448,COc1cccc(S(=O)(=O)c2c(C)n(CC(=O)O)c3ccc(C)cc23)c1,99.37,c1cc(C)cc2c1n(CC(O)=O)c(C)c2S(c1cccc(OC)c1)(=O)=O,ABaraaaa{E{~B}{~B}asa{A}d{AA{~B}B}ataaa{A}aast}ar,0.6533738875746291
CHEMBL1464,CC(=O)CC(c1ccccc1)c1c(O)c2ccccc2oc1=O,99.31,C(C)(=O)CC(c1c(O)c2c(cccc2)oc1=O)c1ccccc1,AA{~B}AA{araaaaar}ara{B}asaaaaasbar~B,0.7209642897375245
CHEMBL1957380,N#Cc1c(-c2ccc(-c3cccnc3)cc2)nc2ccncc2c1O,99.3,c1ccc(-c2ccc(-c3nc4ccncc4c(O)c3C#N)cc2)cn1,D^Aara{_asaaa{_ataaadat}aas}dasaadaasarB,0.732229356764679
CHEMBL1818295,CC(C)(C)OC(=O)NC[C@H]1CC[C@H](CNC(=O)c2cc(N3CCC(CCO)CC3)nc3ccccc23)CC1,99.3,C1C[C@H](CNC(OC(C)(C)C)=O)CC[C@H]1CNC(c1c2c(cccc2)nc(N2CCC(CCO)CC2)c1)=O,AA{A}{A}BA{~B}DA{A*Q}rAA{A*Q}{ADA{~B}asaa{DtAAA{AAB}AAt}dataaaaast}AAr,0.732229356764679
CHEMBL1916261,CCC(CC)NC(=O)c1nnn(-c2ccccc2)c1NS(=O)(=O)c1ccc(C)cc1,99.28,O=S(c1ccc(C)cc1)(=O)Nc1n(-c2ccccc2)nnc1C(=O)NC(CC)CC,AAA{AA}DA{~B}arddd{_asaaaaas}arDE{~B}{~B}araaa{A}aar,0.7547594908189722
CHEMBL594671,CC(C)[C@H](C(=O)Nc1nccs1)c1ccc(Cl)cc1,99.26,N(c1sccn1)C(=O)[C@H](c1ccc(Cl)cc1)C(C)C,AA{A}{A*Q}{A{~B}Dardaaer}araaa{Z}aar,0.7772896248732654
CHEMBL1528356,Cc1ccc(S(=O)(=O)N(C)c2ccc3sc(C)nc3c2)cc1,99.26,c1c(S(=O)(=O)N(c2ccc3sc(C)nc3c2)C)ccc(C)c1,Aaraaa{E{~B}{~B}D{A}asaaatea{A}datas}aar,0.7772896248732654
CHEMBL480057,COc1cc2ncc(C(N)=O)c(Nc3ccccc3C)c2cc1OC,99.19,c12c(cc(OC)c(OC)c1)c(Nc1ccccc1C)c(C(=O)N)cn2,ABaraasdaa{A{D}~B}a{DataaaaatA}asaarBA,0.8561450940633153
CHEMBL1916279,Cc1ccc(S(=O)(=O)Nc2c(C(=O)NCC(C)(C)C)c(C)nn2-c2ccccc2)cc1,99.18,Cc1nn(-c2ccccc2)c(NS(=O)(c2ccc(C)cc2)=O)c1C(NCC(C)(C)C)=O,Aaraaa{E{~B}{~B}Dasa{A{~B}DAA{A}{A}A}a{A}dds_asaaaaas}aar,0.8674101610904539
CHEMBL1081913,CC(C)(C)OC(=O)N1CCC(OCc2nc(-c3ccncc3)no2)CC1,99.16,O(C(=O)N1CCC(OCc2nc(-c3ccncc3)no2)CC1)C(C)(C)C,AA{A}{A}BA{~B}DrAAA{BAasda{_ataadaat}dbs}AAr,0.889940295144763
CHEMBL1096896,CCNC(=O)[C@H]1O[C@@H](n2cnc3c(NCC(c4ccccc4)c4ccccc4)nc(C(=O)NCCNC(=O)NC4CCN(c5ccccn5)CC4)nc32)[C@H](O)[C@@H]1O,99.1,c1nc(N2CCC(NC(=O)NCCNC(c3nc(NCC(c4ccccc4)c4ccccc4)c4ncn([C@@H]5O[C@H](C(NCC)=O)[C@@H](O)[C@H]5O)c4n3)=O)CC2)ccc1,AADA{~B}{A*Q}rB{A**Q}{dsadata{DAA{auaaaaau}auaaaaau}da{A{~B}DAADA{~B}DAuAAD{avaaaadv}AAu}dats}{A*Q}{B}{A**Q}rB,0.9575306973076585
CHEMBL1272,CCOc1cc(CC(=O)N[C@@H](CC(C)C)c2ccccc2N2CCCCC2)ccc1C(=O)O,99.1,c1c(CC(=O)N[C@@H](CC(C)C)c2c(N3CCCCC3)cccc2)ccc(C(O)=O)c1OCC,AABaraa{AA{~B}D{A**Q}{AA{A}A}asaaaaasDsAAAAAs}aaarA{~B}B,0.9575306973076585
CHEMBL2147303,COc1ncc(-c2ccccc2C(F)(F)CNC(=O)c2ccc(COCC(F)(F)F)nc2)cn1,99.01,O(Cc1ccc(C(NCC(c2c(-c3cnc(OC)nc3)cccc2)(F)F)=O)cn1)CC(F)(F)F,ABardaa{_asaaaaasA{G}{G}ADA{~B}asaaa{ABAA{G}{G}G}das}adr,1.0589163005519857
CHEMBL2179283,CCCC(C)(C)C[C@H](c1ccc(C(=O)O)c(Oc2cccc(Cl)c2)c1)N1CCC[C@H](n2cc(C)c(=O)[nH]c2=O)C1,99.01,[C@H]1(n2cc(C)c(=O)[nH]c2=O)CCCN([C@@H](c2cc(Oc3cc(Cl)ccc3)c(C(=O)O)cc2)CC(C)(CCC)C)C1,AAAA{A}{A}A{A*Q}{araaa{A{~B}B}a{Basaaaa{Z}as}ar}DrAAA{A*Q}{dsaa{A}a{~B}{dQ}as~B}Ar,1.0589163005519857
CHEMBL475534,CCOC(=O)C1=C(C)NC(C)=C(C(=O)OC)C1c1cccc([N+](=O)[O-])c1,99.1,C1(C)=C(C(OC)=O)C(c2cc([N+](=O)[O-])ccc2)C(C(=O)OCC)=C(C)N1,AABA{~B}Ar~A{A}DA{A}~A{A{~B}BA}Araraaaa{{D%}{~B}{B_}}ar,0.9575306973076585
CHEMBL560219,O=C(Cc1ccc(Cl)c(C(F)(F)F)c1)Nc1cccc2c(=O)n(CCO)ccc12,99.03,c1(C(F)(F)F)cc(CC(=O)Nc2cccc3c2ccn(CCO)c3=O)ccc1Cl,B~A{Aaraaa{Z}a{A{G}{G}G}ar}Daraaaasa{~B}d{AAB}aaars,1.0363861664976926
CHEMBL1530127,Cc1ccc(CNC(=O)CCS(=O)(=O)c2ccc(Br)cc2)cc1,98.7,c1(Br)ccc(S(CCC(=O)NCc2ccc(C)cc2)(=O)=O)cc1,Aaraaa{ADA{~B}AAE{~B}{~B}asaaa{Y}aas}aar,1.4081333783936012
CHEMBL2070241,CCCC[C@H](NC(C)=O)C(=O)N[C@H]1CC(=O)NCCCC[C@@H](C(=O)O)NC(=O)[C@H](Cc2c[nH]c3ccccc23)NC(=O)[C@H](CCCNC(=N)N)NC(=O)[C@@H](Cc2ccccc2)NC(=O)[C@H](Cc2cnc[nH]2)NC1=O,27.09,C1CC[C@@H](C(O)=O)NC(=O)[C@H](Cc2c[nH]c3c2cccc3)NC(=O)[C@H](CCCNC(=N)N)NC(=O)[C@@H](Cc2ccccc2)NC(=O)[C@H](Cc2cnc[nH]2)NC(=O)[C@@H](NC([C@@H](NC(=O)C)CCCC)=O)CC(=O)NC1,AAAA{A*Q}{DA{A}~B}A{~B}D{A*Q}rAA{~B}DAAAA{A**Q}{A{~B}B}DA{~B}{A*Q}{Aasa{dQ}ataaaaast}DA{~B}{A*Q}{AAADA{~D}D}DA{~B}{A**Q}{Aasaaaaas}DA{~B}{A*Q}{Aasada{dQ}s}DAr~B,82.07727835980623
CHEMBL93484,CC1N=C(N)N=C(N)N1c1ccc(Cl)cc1,25.31,C1(N)=NC(C)N(c2ccc(Cl)cc2)C(N)=N1,AArD~A{D}D~A{D}Draraaa{Z}aar,84.08246029063872
CHEMBL1824043,O=C1COc2ccc(CNC3CCN(CCN4C(=O)COc5ccc(F)cc54)CC3)nc2N1,83.04,C1C(=O)Nc2nc(CNC3CCN(CCN4c5cc(F)ccc5OCC4=O)CC3)ccc2O1,B~ArABasaaa{ADAtAAD{AADuA{~B}ABavaaa{G}aavu}AAt}dasDr,19.049228342908634
CHEMBL1614705,O=C(CO)N1CCC(c2[nH]nc(-c3ccc(Cl)cc3F)c2-c2ccncn2)CC1,74.69,[nH]1c(C2CCN(C(=O)CO)CC2)c(-c2ccncn2)c(-c2c(F)cc(Cl)cc2)n1,B~A{AB}DrAAA{as{dQ}da{_ataaa{Z}aatG}as_asaadads}AAr,28.4555593105779
CHEMBL515062,CC(C)Oc1cc(Nc2nc(N[C@@H](C)c3ccc(F)cn3)nc(OC(CO)CO)c2Cl)n[nH]1,82.39,c1(Nc2n[nH]c(OC(C)C)c2)nc(N[C@@H](C)c2ccc(F)cn2)nc(OC(CO)CO)c1Cl,AA{A}Baraa{Dasda{D{A**Q}{A}ataaa{G}adt}da{BA{AB}AB}asZ}d{dQ}r,19.781457699673314
CHEMBL2165061,COc1ccc2ncc(=O)n(CCN3CC[C@@H](NCc4ccc5c(n4)NC(=O)CO5)[C@H](OC)C3)c2c1,82.05,[C@@H]1(OC)CN(CCn2c(=O)cnc3ccc(OC)cc32)CC[C@H]1NCc1nc2c(cc1)OCC(=O)N2,ABaraaasdaa{~B}d{AADtAA{A**Q}{DAauaaava{du}DA{~B}ABv}{A*Q}{BA}At}asar,20.164469978596376
CHEMBL2010831,CN(C(=O)Cc1ccc(S(C)(=O)=O)cc1)C1CCN(Cc2ccc(C(F)(F)F)cc2)CC1,81.01,c1cc(CC(N(C)C2CCN(Cc3ccc(C(F)(F)F)cc3)CC2)=O)ccc1S(=O)(=O)C,AD{A{~B}Aaraaa{E{A}{~B}~B}aar}ArAAD{Aasaaa{A{G}{G}G}aas}AAr,21.336036949419842
CHEMBL1934422,Cc1ccc(S(=O)(=O)Nc2c(C(=O)N[C@@H](C)C(C)(C)C)c(C)nn2C2CCOCC2)cc1,79.17,C1OCCC(n2nc(C)c(C(N[C@@H](C)C(C)(C)C)=O)c2NS(=O)(c2ccc(C)cc2)=O)C1,Aaraaa{E{~B}{~B}Dasa{A{~B}D{A**Q}{A}A{A}{A}A}a{A}ddsAsAABAAs}aar,23.408809282415227
CHEMBL1650698,C[C@H](Nc1ncc(F)c(Nc2cc(C3CC3)[nH]n2)n1)c1ncc(F)cn1,77.62,N(c1nc(N[C@H](c2ncc(F)cn2)C)ncc1F)c1n[nH]c(C2CC2)c1,A{A*Q}{Dardaa{G}a{Dasaa{AtAAt}{dQ}ds}dr}ardaa{G}adr,25.154894671623293
CHEMBL606052,N#Cc1ccc2c(c1)NC(=O)C2c1ncnc2cc(OCCCN3CCOCC3)ccc12,98.7,C1N(CCCOc2ccc3c(ncnc3C3c4c(cc(C#N)cc4)NC3=O)c2)CCOC1,D^Aaraaasa{ar}DA{~B}Asardadasaa{BAAADtAABAAt}aaars,1.4081333783936012
CHEMBL480456,CN1CCN(c2ccc3ncc(C(N)=O)c(Nc4ccc(Cl)c(Cl)c4)c3c2)CC1,94.19,c1(Nc2ccc(Cl)c(Cl)c2)c2cc(N3CCN(C)CC3)ccc2ncc1C(=O)N,ADrAAD{asaaatdaa{A{D}~B}a{Dauaaa{Z}a{Z}au}atas}AAr,6.48867860763772
CHEMBL81324,Clc1ccc(C(c2ccccc2)N2CCNCC2)cc1,94.19,C(c1ccccc1)(N1CCNCC1)c1ccc(Cl)cc1,Zaraaa{A{asaaaaas}DsAADAAs}aar,6.48867860763772
CHEMBL2158785,Cc1c(OC2CCN(CC3CCN([C@@H](Cc4ccc(F)cc4)C(=O)O)CC3)CC2)ccc(C#N)c1Cl,94.06,N1(CC2CCN([C@@H](Cc3ccc(F)cc3)C(=O)O)CC2)CCC(Oc2c(C)c(Cl)c(C#N)cc2)CC1,Aara{BAsAAD{AAtAAD{{A**Q}{Aauaaa{G}aau}A{~B}B}AAt}AAs}aaa{A^D}arZ,6.635124478990649
CHEMBL1201335,C[N+]1(C)CCC(OC(=O)C(O)(c2ccccc2)C2CCCC2)C1,28.95,C(c1ccccc1)(C1CCCC1)(C(=O)OC1C[N+](C)(C)CC1)O,A{D%}r{A}AAA{BA{~B}A{B}{asaaaaas}AsAAAAs}Ar,79.98197589275655
CHEMBL193836,CC(C)c1ccc(/C=N/NC(=O)c2ccc(O)cc2)cc1,94.32,c1c(O)ccc(C(N/N=C/c2ccc(C(C)C)cc2)=O)c1,AA{A}araaa{|A~D|DA{~B}asaaa{B}aas}aar,6.342232736284791
CHEMBL1683037,COc1cc2nnc(C(N)=O)c(Nc3cc(C)ccc3F)c2cc1N1CCN(C)CC1,92.95,c12cc(N3CCN(C)CC3)c(OC)cc1nnc(C(N)=O)c2Nc1cc(C)ccc1F,ABaraasdda{A{D}~B}a{Dataa{A}aaatG}asaarDrAAD{A}AAr,7.885546919004168
CHEMBL212521,CC[C@H](N)C(=O)N[C@H](C#N)Cc1ccc(-c2ccccc2)cc1,91.99,c1ccc(-c2ccc(C[C@@H](C#N)NC([C@@H](N)CC)=O)cc2)cc1,AA{A*Q}{D}A{~B}D{A*Q}{A^D}Aaraaa{_asaaaaas}aar,8.966993353610462
CHEMBL2151138,CN1C(=N)N[C@](C)(c2cc(-c3cccc(C#N)c3)cs2)CC1=O,91.64,C1(=O)C[C@](c2scc(-c3cc(C#N)ccc3)c2)(C)NC(=N)N1C,ADrA{~D}D{A*}{A}{asaa{_ataaaa{A^D}at}aes}AAr~B,9.361270699560665
CHEMBL218573,CC(C)Cn1c(=O)n(C)c(=O)c2c(C(=O)N3C[C@H](O)CO3)c(Cc3ccccc3C(F)(F)F)sc21,94.79,C1[C@H](O)CON1C(c1c2c(=O)n(C)c(=O)n(CC(C)C)c2sc1Cc1c(C(F)(F)F)cccc1)=O,AA{A}Adra{~B}d{A}a{~B}asa{A{~B}DtA{A*Q}{B}ABt}a{AataaaaatA{G}{G}G}easr,5.812774586008782
CHEMBL2158771,N#Cc1ccc(C[C@@H](C(=O)O)N2CCC(CN3CCC(Oc4ccc(Cl)c(Cl)c4)CC3)CC2)cc1,94.79,OC(=O)[C@@H](N1CCC(CN2CCC(Oc3cc(Cl)c(Cl)cc3)CC2)CC1)Cc1ccc(C#N)cc1,D^Aaraaa{A{A**Q}{A{~B}B}DsAAA{ADtAAA{Bauaaa{Z}a{Z}au}AAt}AAs}aar,5.812774586008782
CHEMBL549344,CCc1nc2c(N)nc3ccccc3c2n1CCCCNS(C)(=O)=O,66.61,c1(N)nc2ccccc2c2n(CCCCNS(=O)(C)=O)c(CC)nc12,AAardasa{D}dataaaaatasdrAAAADE{A}{~B}~B,37.55773346851414
CHEMBL519442,COCCOc1cc2ncc(C(N)=O)c(Nc3cccc(Cl)c3F)c2cc1N1CCN(C)CC1,60.77,c12cc(N3CCN(C)CC3)c(OCCOC)cc1ncc(C(=O)N)c2Nc1cccc(Cl)c1F,ABAABaraasdaa{A{D}~B}a{Dataaaa{Z}atG}asaarDrAAD{A}AAr,44.13653261236904
CHEMBL1789155,N#Cc1ccc(Cl)cc1S[C@H](CCN)c1ccccc1,41.45,[C@@H](c1ccccc1)(Sc1cc(Cl)ccc1C#N)CCN,D^Aaraaa{Z}aarE{A*Q}{AAD}araaaaar,65.90064210882053
CHEMBL481564,CCOc1cc2ncc(C(N)=O)c(Nc3ccc(F)cc3F)c2cc1N1CCN(C2CC2)CC1,98.61,c1(N2CCN(C3CC3)CC2)cc2c(cc1OCC)ncc(C(N)=O)c2Nc1ccc(F)cc1F,AABaraasdaa{A{D}~B}a{Dataaa{G}aatG}asaarDrAAD{AsAAs}AAr,1.5095189816379444
CHEMBL257830,N#Cc1ccc2[nH]c(-c3ccc(F)cc3)c(CCCC(=O)NS(N)(=O)=O)c2c1,98.54,O=S(N)(=O)NC(CCCc1c(-c2ccc(F)cc2)[nH]c2ccc(C#N)cc12)=O,D^Aaraaas{dQ}a{_ataaa{G}aat}a{AAAA{~B}DE{D}{~B}~B}asar,1.5883744508279785
CHEMBL481606,CCOc1cc2ncc(C(N)=O)c(Nc3cccc(Cl)c3Cl)c2cc1N1CCN(CCOC)CC1,98.29,N1(CCOC)CCN(c2c(OCC)cc3ncc(C(=O)N)c(Nc4c(Cl)c(Cl)ccc4)c3c2)CC1,AABaraasdaa{A{D}~B}a{Dataaaa{Z}atZ}asaarDrAAD{AABA}AAr,1.8700011265066987
CHEMBL2207283,Cc1c(Cl)ccc(OC2CCN(C[C@H](O)CNC(=O)c3c[nH]c(=O)c4ccc(S(C)(=O)=O)cc34)CC2)c1Cl,92.32,O(C1CCN(C[C@@H](CNC(=O)c2c[nH]c(=O)c3ccc(S(=O)(=O)C)cc32)O)CC1)c1c(Cl)c(C)c(Cl)cc1,Aara{Z}aaa{BAsAAD{A{A*Q}{B}ADA{~B}ata{dQ}a{~B}auaaa{E{A}{~B}~B}aatu}AAs}arZ,8.595246141714552
CHEMBL551170,O=C(NCC12CC3CC(CC(C3)C1)C2)c1cc(-n2ncc(=O)[nH]c2=O)ccc1Cl,98.13,n1n(-c2cc(C(NCC34CC5CC(C3)CC(C4)C5)=O)c(Cl)cc2)c(=O)[nH]c(=O)c1,B~A{DAArsAAtAA{AA{At}Ar}As}araa{_dsdaa{~B}{dQ}as~B}aaarZ,2.050242198941092
CHEMBL2158438,O=c1cc(N2CCOCC2)nc(NCc2cccc(Cl)c2)[nH]1,92.95,c1(NCc2cc(Cl)ccc2)[nH]c(=O)cc(N2CCOCC2)n1,B~araa{DsAABAAs}da{DAasaaaa{Z}as}{dQ}r,7.885546919004168
CHEMBL652,O=C(NCC1CCCCN1)c1cc(OCC(F)(F)F)ccc1OCC(F)(F)F,38.14,FC(F)(F)COc1ccc(OCC(F)(F)F)cc1C(NCC1CCCCN1)=O,B~A{DAArAAAADr}araa{BAA{G}{G}G}aaarBAA{G}{G}G,69.6293792948068
CHEMBL173706,CC(C)(C)NCC(O)COc1nsnc1N1CCOCC1,40.34,CC(C)(NCC(O)COc1c(N2CCOCC2)nsn1)C,AA{A}{A}DAA{B}ABardedarDrAABAAr,67.15106454883406
CHEMBL225519,O=C1NCCc2[nH]c(-c3ccncc3)cc21,41.45,N1CCc2c(cc(-c3ccncc3)[nH]2)C1=O,B~ArDAAas{dQ}a{_ataadaat}aasr,65.90064210882053
CHEMBL235581,O=C(NCC12CC3CC(CC(C3)C1)C2)c1cc(CC2CCNCC2)ccc1Cl,91.28,C12CC3CC(CC(CNC(c4c(Cl)ccc(CC5CCNCC5)c4)=O)(C1)C3)C2,B~A{DAArsAAtAA{AA{At}Ar}As}araa{AAsAADAAs}aaarZ,9.76681311253802
CHEMBL604126,Cc1cc(Oc2ncc(C(F)(F)F)cc2Cl)ccc1CC1SC(=O)NC1=O,99.94,FC(F)(F)c1cc(Cl)c(Oc2cc(C)c(CC3SC(=O)NC3=O)cc2)nc1,Aaraa{Basdaa{A{G}{G}G}aasZ}aaarAArEA{~B}DAr~B,0.011265067027154574
CHEMBL2171018,COc1cccc(C(=O)NCCN2CCC(Oc3ccc(Cl)c(Cl)c3)CC2)c1,99.92,C1CC(Oc2ccc(Cl)c(Cl)c2)CCN1CCNC(c1cc(OC)ccc1)=O,ABaraaaa{A{~B}DAADsAAA{Bataaa{Z}a{Z}at}AAs}ar,0.033795201081447714
CHEMBL510193,Fc1ccc(-c2cnc(C3CCN(Cc4ccn(-c5ccc(C(F)(F)F)cc5)c4)CC3)[nH]2)cc1,99.91,c1c(C(F)(F)F)ccc(-n2ccc(CN3CCC(c4[nH]c(-c5ccc(F)cc5)cn4)CC3)c2)c1,Garaaa{_asada{AtAAD{Aauaad{_avaaa{A{G}{G}G}aav}au}AAt}{dQ}s}aar,0.04506026810860229
CHEMBL2070137,CCS(=O)(=O)c1ccc2[nH]c(-c3cccc(-c4ccccc4)c3)nc2c1,99.89,c1ccc(-c2ccccc2)cc1-c1[nH]c2ccc(S(CC)(=O)=O)cc2n1,AAE{~B}{~B}araaas{dQ}a{_ataaaa{_auaaaaau}at}dasar,0.06759040216289543
CHEMBL472,COc1ccc(Cl)cc1C(=O)NCCc1ccc(S(=O)(=O)NC(=O)NC2CCCCC2)cc1,99.88,c1c(CCNC(=O)c2cc(Cl)ccc2OC)ccc(S(=O)(=O)NC(=O)NC2CCCCC2)c1,ABaraaa{Z}aarA{~B}DAAaraaa{E{~B}{~B}DA{~B}DAsAAAAAs}aar,0.07885546919005
CHEMBL2180031,CC#Cc1cncc(-c2cccc(C3(c4cc(C)c(OC)c(C)c4)N=C(C)C(N)=N3)c2)c1,99.8,COc1c(C)cc(C2(c3cc(-c4cncc(C#CC)c4)ccc3)N=C(C)C(N)=N2)cc1C,AA^Aaradaa{_asaaaa{At{auaa{A}a{BA}a{A}au}D~A{A}A{D}~Dt}as}ar,0.16897600540723856
CHEMBL1531981,Cc1oc(-c2ccccc2)cc1C(=O)Nc1cccc(C(=O)O)c1,99.8,c1ccccc1-c1cc(C(Nc2cccc(C(=O)O)c2)=O)c(C)o1,Aarba{_asaaaaas}aarA{~B}Daraaaa{A{~B}B}ar,0.16897600540723856
CHEMBL190747,COc1ccc(OC)c(CNC(=O)c2cccnc2Oc2ccccc2)c1,99.8,COc1c(CNC(=O)c2c(Oc3ccccc3)nccc2)cc(OC)cc1,ABaraaa{BA}a{ADA{~B}asaaadasBasaaaaas}ar,0.16897600540723856
CHEMBL554,CS(=O)(=O)CCNCc1ccc(-c2ccc3ncnc(Nc4ccc(OCc5cccc(F)c5)c(Cl)c4)c3c2)o1,99.74,c1(-c2cc3c(ncnc3Nc3cc(Cl)c(OCc4cc(F)ccc4)cc3)cc2)oc(CNCCS(=O)(C)=O)cc1,AE{~B}{~B}AADAaraaa{_asaaatdada{Dauaaa{BAavaaaa{G}av}a{Z}au}atas}br,0.23656640757013397
CHEMBL1309895,O=C(/C=C/c1ccccc1Cl)Nc1ccc2c(c1)C(=O)NC2=O,90.52,c1cc(/C=C/C(Nc2cc3c(cc2)C(=O)NC3=O)=O)c(Cl)cc1,B~A{|A~A|araaaaarZ}Daraaasa{ar}A{~B}DAs~B,10.622958206601336
CHEMBL1683035,COc1cc2nnc(C(N)=O)c(Nc3ccc(F)cc3F)c2cc1N1CCN(C)CC1,90.52,CN1CCN(c2c(OC)cc3c(c(Nc4c(F)cc(F)cc4)c(C(=O)N)nn3)c2)CC1,ABaraasdda{A{D}~B}a{Dataaa{G}aatG}asaarDrAAD{A}AAr,10.622958206601336
CHEMBL1916536,COc1ccc2c(c1)N(CCN1CCC(NCc3cc4c(cn3)OCCO4)CC1)C(=O)CS2,90.52,O1CCOc2cnc(CNC3CCN(CCN4C(=O)CSc5ccc(OC)cc54)CC3)cc21,ABaraaasa{ar}D{AADrAAA{DAataaua{adt}BAABu}AAr}A{~B}AEs,10.622958206601336
CHEMBL1573309,CCN(CC)CCn1c2ccccc2c2cnc(N)c(C#N)c21,89.91,c12c3ccccc3n(CCN(CC)CC)c1c(C#N)c(N)nc2,AAD{AA}AAdrasaaaaasasada{D}a{A^D}asr,11.310127295257413
CHEMBL452664,COc1cc2ncc(C(N)=O)c(Nc3cccc(Cl)c3Cl)c2cc1NCCN(C)C,89.7,N(C)(C)CCNc1cc2c(ncc(C(N)=O)c2Nc2cccc(Cl)c2Cl)cc1OC,ABaraasdaa{A{D}~B}a{Dataaaa{Z}atZ}asaarDAAD{A}A,11.54669370282753
CHEMBL1447076,NS(=O)(=O)c1ccc(N2N=C(c3ccc(Br)cc3)CC2c2ccc(F)cc2)cc1,89.49,c1(Br)ccc(C2=NN(c3ccc(S(=O)(N)=O)cc3)C(c3ccc(F)cc3)C2)cc1,DE{~B}{~B}araaa{DsD~A{ataaa{Y}aat}AAsasaaa{G}aas}aar,11.783260110397666
CHEMBL2164564,COc1ccc(-c2c(C(=O)N3CCC[C@H]3CO)cc3cccnn23)cc1,89.05,C1CCN(C(=O)c2cc3cccnn3c2-c2ccc(OC)cc2)[C@@H]1CO,ABaraaa{_asa{A{~B}DtAAA{A*Q}tAB}aataaaddst}aar,12.278923059592207
CHEMBL560167,O=C(NCC12CC3CC(CC(C3)C1)C2)c1cc(OCCNCCCO)ncc1Cl,89.05,c1c(Cl)c(C(NCC23CC4CC(C2)CC(C3)C4)=O)cc(OCCNCCCO)n1,B~A{DAArsAAtAA{AA{At}Ar}As}araa{BAADAAAB}daarZ,12.278923059592207
CHEMBL1113,Clc1ccc2c(c1)C(N1CCNCC1)=Nc1ccccc1O2,89.05,c12c(ccc(Cl)c1)Oc1ccccc1N=C2N1CCNCC1,Zaraaasa{ar}A{DrAADAAr}~DaraaaaarBs,12.278923059592207
CHEMBL1468264,COc1cc(OC)c2nc(C)c3c(c2c1)N(c1ccc(O)cc1)CC3,88.82,n1c2c(c3c(c1C)CCN3c1ccc(O)cc1)cc(OC)cc2OC,ABaraa{BA}asda{A}ata{asar}D{araaa{B}aar}AAt,12.538019601216636
CHEMBL2158841,O=C(O)[C@H](Cc1ccc(F)cc1)N1CCC(CN2CCC(Oc3ccc(Cl)c(Cl)c3)CC2)CC1,88.59,c1(Cl)c(Cl)ccc(OC2CCN(CC3CCN([C@H](C(O)=O)Cc4ccc(F)cc4)CC3)CC2)c1,B~A{B}{A*Q}{Aaraaa{G}aar}DrAAA{ADsAAA{Bataaa{Z}a{Z}at}AAs}AAr,12.797116142841048
CHEMBL427851,Cc1oc(CN2CCNCC2)cc1C(=O)NCC12CC3CC(CC(C3)C1)C2,85.19,c1(C)oc(CN2CCNCC2)cc1C(=O)NCC12CC3CC(CC(C3)C1)C2,Aarba{ADsAADAAs}aarA{~B}DAArsAAtAA{AA{At}Ar}As,16.62723893207165
CHEMBL1951184,COc1cc(OC)c(S(=O)(=O)NCc2ccccc2N2CCC(COC(=O)CCC(=O)O)CC2)cc1NC(=O)CCC(=O)O,84.9,C(C(=O)O)CC(OCC1CCN(c2c(CNS(=O)(c3cc(NC(CCC(O)=O)=O)c(OC)cc3OC)=O)cccc2)CC1)=O,ABaraa{BA}a{E{~B}{~B}DAasaaaaasDsAAA{ABA{~B}AAA{~B}B}AAs}aarDA{~B}AAA{~B}B,16.953925875858957
CHEMBL481206,COCCOc1cc2ncc(C(N)=O)c(Nc3cc(C)ccc3F)c2cc1N1CCN(C)CC1,83.68,c1(C)ccc(F)c(Nc2c(C(N)=O)cnc3cc(OCCOC)c(N4CCN(C)CC4)cc32)c1,ABAABaraasdaa{A{D}~B}a{Dataa{A}aaatG}asaarDrAAD{A}AAr,18.328264053171107
CHEMBL1917438,Cc1c(Sc2ccc(Cl)cc2)c2c(-c3ccccc3)cccc2n1CC(=O)O,99.68,c1ccc(-c2cccc3n(CC(=O)O)c(C)c(Sc4ccc(Cl)cc4)c32)cc1,Aara{Easaaa{Z}aas}asa{_ataaaaat}aaaasdrAA{~B}B,0.3041568097330134
CHEMBL51594,c1ccc2c(c1)CCN(c1ccncc1)C2,56.86,c1nccc(N2Cc3c(cccc3)CC2)c1,araaasa{ar}AAD{araadaar}As,48.54117381998422
CHEMBL479447,COc1cc2c(Nc3ccc(F)cc3F)c(C(N)=O)cnc2cc1NCCN(C)C,55.73,O(c1cc2c(cc1NCCN(C)C)ncc(C(=O)N)c2Nc1c(F)cc(F)cc1)C,ABaraasa{Dataaa{G}aatG}a{A{D}~B}adasaarDAAD{A}A,49.814126394052046
CHEMBL407,CCOC(=O)c1ncn2c1CN(C)C(=O)c1cc(F)ccc1-2,55.73,n12cnc(C(OCC)=O)c1CN(C)C(=O)c1c-2ccc(F)c1,AABA{~B}ardadsarAD{A}A{~B}araa{G}aaar_s,49.814126394052046
CHEMBL2059374,CCNC(=O)c1cc2c(-n3nc(C(F)(F)F)cc3C)c(-c3cncc(C(=O)O)c3)cnc2[nH]1,54.59,CCNC(c1[nH]c2ncc(-c3cncc(C(=O)O)c3)c(-n3nc(C(F)(F)F)cc3C)c2c1)=O,AADA{~B}araasa{_dtda{A{G}{G}G}aatA}a{_atadaa{A{~B}B}at}adas{dQ}r,51.098344035147
CHEMBL1683033,CCOc1cc2nnc(C(N)=O)c(Nc3cccc(Cl)c3F)c2cc1N1CCN(C)CC1,98.09,O=C(N)c1c(Nc2c(F)c(Cl)ccc2)c2c(nn1)cc(OCC)c(N1CCN(C)CC1)c2,AABaraasdda{A{D}~B}a{Dataaaa{Z}atG}asaarDrAAD{A}AAr,2.0953024670496783
CHEMBL397237,C[C@H](CO)Nc1nc(SCc2cccc(F)c2F)nc2nc(N)sc12,98.04,[C@H](Nc1nc(SCc2c(F)c(F)ccc2)nc2nc(N)sc21)(CO)C,A{A*Q}{AB}Darda{EAasaaaa{G}asG}dasda{D}ears,2.151627802185419
CHEMBL2335904,C[C@@H](NC1=CC(=O)CC1)c1ccc(Nc2ncc3cc(-c4ccncc4)ccc3n2)cc1,98.0,c1c([C@@H](C)NC2=CC(=O)CC2)ccc(Nc2nc3c(cn2)cc(-c2ccncc2)cc3)c1,A{A**Q}{DAr~AA{~B}AAr}araaa{Dasdaataa{_auaadaau}aaatds}aar,2.1966880702940212
CHEMBL1934271,CCC(CC)n1nc(C)c(C(=O)N[C@@H](C)C(C)(C)C)c1NS(=O)(=O)c1ccc(C)cc1,98.0,CC(C)(C)[C@H](C)NC(c1c(NS(=O)(c2ccc(C)cc2)=O)n(C(CC)CC)nc1C)=O,AAA{AA}drda{A}a{A{~B}D{A**Q}{A}A{A}{A}A}arDE{~B}{~B}araaa{A}aar,2.1966880702940212
CHEMBL235789,O=C(NCC12CC3CC(CC(C3)C1)C2)c1cc(CN2CCNCC2)ccc1Cl,91.28,Clc1ccc(CN2CCNCC2)cc1C(=O)NCC12CC3CC(CC(C3)C1)C2,B~A{DAArsAAtAA{AA{At}Ar}As}araa{ADsAADAAs}aaarZ,9.76681311253802
CHEMBL2338409,CC(C)(C)NC(=O)NCCN1CCC(CNC(=O)c2cc(Cl)cc(Cl)c2)C1,90.32,O=C(NC(C)(C)C)NCCN1CCC(CNC(c2cc(Cl)cc(Cl)c2)=O)C1,AA{A}{A}DA{~B}DAADrAAA{ADA{~B}asaa{Z}aa{Z}as}Ar,10.848259547144314
CHEMBL184412,CCCCc1oc2ccc(NS(C)(=O)=O)cc2c1C(=O)c1ccc(OCCCN(CCCC)CCCC)cc1,99.91,c1c2c(C(c3ccc(OCCCN(CCCC)CCCC)cc3)=O)c(CCCC)oc2ccc1NS(=O)(=O)C,AAAAarbasaaa{DE{A}{~B}~B}aasarA{~B}araaa{BAAAD{AAAA}AAAA}aar,0.04506026810860229
CHEMBL2152522,c1ccc([C@@H]([C@H](c2ccccc2)N2CCCCC2)N2CCCCC2)cc1,90.12,c1ccc([C@@H]([C@@H](N2CCCCC2)c2ccccc2)N2CCCCC2)cc1,araaa{{A**Q}{{A*Q}{asaaaaas}DsAAAAAs}DsAAAAAs}aar,11.073560887687277
CHEMBL1921946,C[C@@](C(=O)O[C@H]1C[N+]2(CC(=O)Nc3ccccn3)CCC1CC2)(c1ccccc1)N1CCCCC1,88.35,c1cc(NC(C[N+]23CCC(CC2)[C@@H](OC([C@@](c2ccccc2)(C)N2CCCCC2)=O)C3)=O)ncc1,A{A**}{A{~B}B{A*Q}rA{D%}s{AA{~B}Dataaaadt}AAArAAs}{araaaaar}DrAAAAAr,13.06747775149263
CHEMBL2165189,C[C@H]1CN(c2cc(N(CCO)Cc3cccc4ccccc34)[nH]c(=O)n2)CCO1,84.0,c12ccccc1cccc2CN(c1[nH]c(=O)nc(N2CCO[C@@H](C)C2)c1)CCO,A{A*Q}rAD{asaa{D{AAB}Aataaaauaaaaatu}{dQ}a{~B}ds}AABr,17.967781908302356
CHEMBL576068,Cc1cc(Nc2nc(N[C@@H](C)c3ccc(F)cn3)cnc2C)n[nH]1,84.0,c1(C)cc(Nc2c(C)ncc(N[C@@H](C)c3ccc(F)cn3)n2)n[nH]1,Aaraa{Dasda{D{A**Q}{A}ataaa{G}adt}adasA}d{dQ}r,17.967781908302356
CHEMBL2165060,COc1ccc2ncc(=O)n(CCN3CC[C@H](NCc4cc5c(cn4)OCCO5)[C@@H](OC)C3)c2c1,83.37,c1(=O)cnc2c(cc(OC)cc2)n1CCN1CC[C@H](NCc2ncc3c(c2)OCCO3)[C@@H](OC)C1,ABaraaasdaa{~B}d{AADtAA{A*Q}{DAauaava{adu}BAABv}{A**Q}{BA}At}asar,18.677481131012726
CHEMBL2335883,CN(C)CCNCc1ccc(Nc2ncc3cc(-c4ccncc4)ccc3n2)cc1,95.01,N(CCN(C)C)Cc1ccc(Nc2nc3ccc(-c4ccncc4)cc3cn2)cc1,AD{A}AADAaraaa{Dasdaataa{_auaadaau}aaatds}aar,5.56494311141151
CHEMBL1550191,O=C1NC(c2ccc(Br)cc2)Nc2ccccc21,94.9,c1ccc2c(c1)NC(c1ccc(Br)cc1)NC2=O,B~ArDA{asaaa{Y}aas}Dasaaaaasr,5.688858848710146
CHEMBL172714,Cc1ccc(S(=O)(=O)N2N=Cc3oc(C)cc3B2O)cc1,94.9,N1=Cc2c(cc(C)o2)B(O)N1S(c1ccc(C)cc1)(=O)=O,Aaraaa{E{~B}{~B}DsD~Aatba{A}aatJsB}aar,5.688858848710146
CHEMBL2048869,CCOc1cccc(/C=C2\SC(=O)NC2=O)c1N1CCC[C@@H](N)C1,94.79,O=C1NC(=O)/C(=C/c2cccc(OCC)c2N2CCC[C@@H](N)C2)S1,AABaraaaa{|A~As!EA{~B}DAs~B}arDrAAA{A**Q}{D}Ar,5.812774586008782
CHEMBL1381233,O=C(Nc1ccncc1)c1cccc2ccccc12,93.1,c1c(NC(c2cccc3ccccc23)=O)ccnc1,B~A{Daraadaar}araaaasaaaaars,7.716570913596946
CHEMBL1922054,Cc1ccc2nc(C[N+]34CCC(CC3)[C@@H](OC(=O)[C@](C)(c3ccccc3)N3CCCCC3)C4)oc2c1,92.95,c12cc(C)ccc1nc(C[N+]13C[C@H](OC([C@](c4ccccc4)(N4CCCCC4)C)=O)C(CC1)CC3)o2,Aaraaasda{A{D%}tuAAA{AAt}{A**Q}{BA{~B}{A*}{A}{ataaaaat}DtAAAAAt}Au}basar,7.885546919004168
CHEMBL520278,CCOc1cc2ncc(C(N)=O)c(Nc3cccc(Cl)c3F)c2cc1N1CCN(C)CC1,92.95,c1cc(Nc2c3cc(N4CCN(C)CC4)c(OCC)cc3ncc2C(=O)N)c(F)c(Cl)c1,AABaraasdaa{A{D}~B}a{Dataaaa{Z}atG}asaarDrAAD{A}AAr,7.885546919004168
CHEMBL14762,CC[C@H](CO)Nc1nc(NCc2ccccc2)c2ncn(C(C)C)c2n1,92.8,c1c(CNc2nc(N[C@H](CC)CO)nc3c2ncn3C(C)C)cccc1,AA{A*Q}{AB}Darda{DAasaaaaas}asdad{A{A}A}asdr,8.054522924411406
CHEMBL2337979,CC(C)(C)NC(=O)NCCN1CCCC(NC(=O)c2cc(Cl)cc(Cl)c2)C1,97.2,C1CCN(CCNC(=O)NC(C)(C)C)CC1NC(c1cc(Cl)cc(Cl)c1)=O,AA{A}{A}DA{~B}DAADrAAAA{DA{~B}asaa{Z}aa{Z}as}Ar,3.0978934324659226
CHEMBL2088413,Cc1ccc(CCNC(=O)c2ccc3sc(CO)nc3c2)cc1,97.07,c1cc(C)ccc1CCNC(c1ccc2sc(CO)nc2c1)=O,Aaraaa{AADA{~B}asaaatea{AB}datas}aar,3.2443393038188684
CHEMBL2178933,Cc1nc(C)c(-c2ccc([C@H]3CC[C@H](CCO)CC3)cc2)nc1C(N)=O,97.0,c1c(-c2c(C)nc(C)c(C(N)=O)n2)ccc([C@H]2CC[C@H](CCO)CC2)c1,Aarda{A}a{_asaaa{{A*Q}tAA{A*Q}{AAB}AAt}aas}darA{D}~B,3.323194773008902
CHEMBL481223,COc1cc2ncc(C(N)=O)c(Nc3ccc(Cl)cc3Cl)c2cc1N1CCN(C)CC1,96.79,CN1CCN(c2cc3c(cc2OC)ncc(C(N)=O)c3Nc2c(Cl)cc(Cl)cc2)CC1,ABaraasdaa{A{D}~B}a{Dataaa{Z}aatZ}asaarDrAAD{A}AAr,3.55976118057902
CHEMBL1683026,COc1cc2nnc(C(N)=O)c(Nc3ccc(C)cc3F)c2cc1OC,96.72,n1nc(C(=O)N)c(Nc2ccc(C)cc2F)c2c1cc(OC)c(OC)c2,ABaraasdda{A{D}~B}a{Dataaa{A}aatG}asaarBA,3.6386166497690704
CHEMBL383235,CC[C@@H](CO)Nc1nc(SCc2ccccc2)nc2nc(N)sc12,96.65,S(c1nc2nc(N)sc2c(N[C@H](CO)CC)n1)Cc1ccccc1,AA{A**Q}{AB}Darda{EAasaaaaas}dasda{D}ears,3.7174721189591042
CHEMBL1254945,O=C(c1cccc(N2Cc3cccc(Cl)c3C2=O)c1)N1CCC2(CC1)CCN(c1ccncc1)CC2,99.05,C1CC2(CCN(c3ccncc3)CC2)CCN1C(c1cc(N2Cc3c(c(Cl)ccc3)C2=O)ccc1)=O,B~A{araaaa{DsAataaaa{Z}atAs~B}ar}DrAAAs{AAr}AAD{araadaar}AAs,1.0138560324433994
CHEMBL213029,COc1ccc2c(c1)c(CC(=O)O)c(C)n2-c1ccnc2cc(Cl)ccc12,99.01,O=C(O)Cc1c2cc(OC)ccc2n(-c2ccnc3cc(Cl)ccc23)c1C,ABaraaasa{ar}a{AA{~B}B}a{A}ds_araadasaa{Z}aaars,1.0589163005519857
CHEMBL1917433,Cc1c(Sc2ccc(Cl)cc2)c2c(NS(C)(=O)=O)cccc2n1CC(=O)O,98.96,c1(Cl)ccc(Sc2c3c(n(CC(=O)O)c2C)cccc3NS(=O)(=O)C)cc1,Aara{Easaaa{Z}aas}asa{DE{A}{~B}~B}aaaasdrAA{~B}B,1.1152416356877424
CHEMBL2048870,CC(C)COc1cccc(/C=C2\SC(=O)NC2=O)c1N1CCC[C@@H](N)C1,98.81,C(\c1cccc(OCC(C)C)c1N1C[C@H](N)CCC1)=C1\SC(=O)NC1=O,AA{A}ABaraaaa{|A~As!EA{~B}DAs~B}arDrAAA{A**Q}{D}Ar,1.284217641094965
CHEMBL127066,Oc1nc(-c2ccccc2)nc2ccccc12,98.81,c12c(O)nc(-c3ccccc3)nc1cccc2,Barda{_asaaaaas}dasaaaaars,1.284217641094965
CHEMBL1824042,O=C1COc2ccc(CNC3CCN(CCN4C(=O)COc5ccc(Cl)cc54)CC3)nc2N1,92.8,c12c(nc(CNC3CCN(CCN4C(=O)COc5c4cc(Cl)cc5)CC3)cc1)NC(=O)CO2,B~ArABasaaa{ADAtAAD{AADuA{~B}ABavaaa{Z}aavu}AAt}dasDr,8.054522924411406
CHEMBL837,CCc1c2c(nc3ccc(O)cc13)-c1cc3c(c(=O)n1C2)COC(=O)[C@]3(O)CC,92.32,C1(=O)[C@@](CC)(O)c2c(c(=O)n3c(c2)-c2c(c(CC)c4cc(O)ccc4n2)C3)CO1,AAarasa{dataaa{B}aart}_araata{a{~B}drAs}ABA{~B}{A*}t{B}AA,8.595246141714552
CHEMBL1891338,COc1cccc(CNc2nc(NC(C)C)nc3ccsc23)c1OC,99.73,c1(NCc2cccc(OC)c2OC)nc(NC(C)C)nc2ccsc12,ABaraaaa{ADasda{DA{A}A}dataaeast}arBA,0.24783147459727253
CHEMBL1800528,COc1ccnc(CCc2nc3c(C)ccnc3[nH]2)c1,80.29,c1nc(CCc2[nH]c3nccc(C)c3n2)cc(OC)c1,ABaraada{AAasdata{A}aadat{dQ}s}ar,22.147121775374554
CHEMBL1161,C[C@@H]1C[C@H]2[C@@H]3CCC4=CC(=O)C=C[C@]4(C)[C@@]3(Cl)[C@@H](O)C[C@]2(C)[C@@]1(OC(=O)c1ccco1)C(=O)CCl,99.77,[C@@]1(C(=O)CCl)(OC(=O)c2ccco2)[C@@]2(C)C[C@H](O)[C@]3(Cl)[C@]4(C)C(=CC(=O)C=C4)CC[C@H]3[C@@H]2C[C@H]1C,A{A**Q}rA{A*Q}s{A**Q}tAAAu~AA{~B}A~A{A*}u{A}{A**}t{Z}{A**Q}{B}A{A*}s{A}{A**}r{BA{~B}araaabr}A{~B}AZ,0.20277120648868627
CHEMBL2349334,CC[C@H](CO)Nc1nc(SCc2ccccc2)nc2[nH]c(=O)sc12,99.84,c1cccc(CSc2nc3c(sc(=O)[nH]3)c(N[C@H](CC)CO)n2)c1,AA{A*Q}{AB}Darda{EAasaaaaas}das{dQ}a{~B}ears,0.12391573729863627
CHEMBL2207658,O=C(NC[C@@H](O)CN1CCC(Oc2ccc(Cl)c(Cl)c2)CC1)c1c[nH]nc1C(F)(F)F,97.86,O(C1CCN(C[C@H](O)CNC(=O)c2c(C(F)(F)F)n[nH]c2)CC1)c1ccc(Cl)c(Cl)c1,B~A{DA{A**Q}{B}ADrAAA{Basaaa{Z}a{Z}as}AAr}ara{dQ}darA{G}{G}G,2.3543990086741053
CHEMBL1458025,Cc1sc2ncnc(SCC(=O)N3CCN(C(=O)c4ccco4)CC3)c2c1C,97.66,c12c(c(SCC(N3CCN(C(=O)c4occc4)CC3)=O)ncn1)c(C)c(C)s2,Aareasdada{EAA{~B}DtAAD{A{~B}auaaabu}AAt}asarA,2.5797003492170845
CHEMBL2048863,N[C@H]1CCN(c2c(Cl)cccc2/C=C2\SC(=O)NC2=O)C1,97.66,N1C(=O)/C(=C/c2c(N3CC[C@H](N)C3)c(Cl)ccc2)SC1=O,D{A*Q}rAAD{asa{Z}aaaas|A~As!EA{~B}DAs~B}Ar,2.5797003492170845
CHEMBL1921939,C[C@@](C(=O)O[C@H]1C[N+]2(CCOCCc3ccccc3)CCC1CC2)(c1ccccc1)N1CCCCC1,97.49,[C@](C(O[C@H]1C[N+]2(CCOCCc3ccccc3)CCC1CC2)=O)(c1ccccc1)(N1CCCCC1)C,A{A**}{A{~B}B{A*Q}rA{D%}s{AABAAataaaaat}AAArAAs}{araaaaar}DrAAAAAr,2.771206488678616
CHEMBL826,CCn1cc(C(=O)O)c(=O)c2cc(F)c(N3CCNCC3)nc21,34.42,CCn1cc(C(O)=O)c(=O)c2cc(F)c(N3CCNCC3)nc12,AAdraa{A{~B}B}a{~B}asaa{G}a{DtAADAAt}dasr,73.81998422890615
CHEMBL945,N=C(N)NC(=O)c1nc(Cl)c(N)nc1N,27.09,c1(C(NC(=N)N)=O)c(N)nc(N)c(Cl)n1,D~A{D}DA{~B}arda{Z}a{D}darD,82.07727835980623
CHEMBL1076,COc1ccc(OC)c(C(O)CN)c1,21.99,c1c(C(CN)O)c(OC)ccc1OC,ABaraaa{BA}a{A{B}AD}ar,87.82246254365214
CHEMBL1950723,CN[C@@H](C)C(=O)N[C@H](C(=O)N[C@H]1CCN(CCCc2ccccc2)C1)C1CCCCC1,64.01,c1(CCCN2C[C@@H](NC(=O)[C@@H](NC(=O)[C@@H](NC)C)C3CCCCC3)CC2)ccccc1,AD{A**Q}{A}A{~B}D{A*Q}{A{~B}D{A*Q}rAAD{AAAasaaaaas}Ar}ArAAAAAr,40.48665089557282
CHEMBL1950727,CN[C@@H](C)C(=O)N[C@H](C(=O)N[C@H]1CCCN(Cc2ccccc2)C1)C1CCCCC1,63.47,C1([C@H](NC(=O)[C@H](C)NC)C(N[C@H]2CCCN(Cc3ccccc3)C2)=O)CCCCC1,AD{A**Q}{A}A{~B}D{A*Q}{A{~B}D{A*Q}rAAAD{Aasaaaaas}Ar}ArAAAAAr,41.09496451503887
CHEMBL1950730,CN[C@@H](C)C(=O)N[C@H](C(=O)N[C@H]1CCCN(C(=O)Cc2ccccc2)C1)C1CCCCC1,62.4,C(=O)([C@@H](NC(=O)[C@@H](NC)C)C1CCCCC1)N[C@@H]1CN(C(Cc2ccccc2)=O)CCC1,AD{A**Q}{A}A{~B}D{A*Q}{A{~B}D{A*Q}rAAAD{A{~B}Aasaaaaas}Ar}ArAAAAAr,42.30032668694379
CHEMBL1916541,COc1ccc2c(C)nc(=O)n(CCN3CCC(NCc4cc5c(cn4)OCCO5)CC3)c2c1,59.66,C(c1ncc2c(c1)OCCO2)NC1CCN(CCn2c3cc(OC)ccc3c(C)nc2=O)CC1,ABaraaasa{A}da{~B}d{AADtAAA{DAauaava{adu}BAABv}AAt}asar,45.38695505238256
CHEMBL2158793,Cc1cc(F)ccc1OC1CCN(CC2CCN([C@@](C)(Cc3ccc(F)cc3)C(=O)O)CC2)CC1,53.45,C(N1CCC(Oc2c(C)cc(F)cc2)CC1)C1CCN([C@@](Cc2ccc(F)cc2)(C(O)=O)C)CC1,Aaraa{G}aaarBArAAD{AAsAAD{{A**}{A}{Aataaa{G}aat}A{~B}B}AAs}AAr,52.38256167624197
CHEMBL1426782,Cc1sc2c(c1C)c(=O)n(-c1ccc(F)cc1)c(=O)n2CC(=O)NCc1ccco1,97.32,c1(=O)n(-c2ccc(F)cc2)c(=O)c2c(n1CC(=O)NCc1ccco1)sc(C)c2C,Aareasa{arA}a{~B}d{_araaa{G}aar}a{~B}dsAA{~B}DAaraaabr,2.962712628140148
CHEMBL1087898,Cc1cnc(Nc2cncc(N[C@@H](C)c3ncc(F)cn3)n2)s1,82.72,c1(C)cnc(Nc2cncc(N[C@@H](C)c3ncc(F)cn3)n2)s1,Aarada{Dasadaa{D{A**Q}{A}atdaa{G}adt}ds}er,19.409710487777406
CHEMBL1399574,CCOc1ccc(NC(=O)CCc2c(C)nc3nc(C)nn3c2C)cc1,82.05,Cc1c(CCC(Nc2ccc(OCC)cc2)=O)c(C)n2c(nc(C)n2)n1,AABaraaa{DA{~B}AAasa{A}datda{A}ddtasA}aar,20.164469978596376
CHEMBL177756,O=C(O)c1ccccc1-c1c2ccc(=O)cc-2oc2cc(O)ccc12,81.01,O=C(c1c(-c2c3ccc(=O)cc-3oc3cc(O)ccc32)cccc1)O,B~A{B}araaaaar_arasaaa{~B}aa_sbasaa{B}aaars,21.336036949419842
CHEMBL213556,CC(CC(=O)OC(C)(C)C)NC(=O)C1=NOC(C(O)(C(F)(F)F)C(F)(F)F)C1,80.65,FC(F)(C(C(F)(F)F)(O)C1CC(C(=O)NC(CC(OC(C)(C)C)=O)C)=NO1)F,AA{AA{~B}BA{A}{A}A}DA{~B}Ar~DBA{A{B}{A{G}{G}G}A{G}{G}G}Ar,21.7415793623972
CHEMBL2041980,CS(=O)(=O)c1ccc(-c2cnc(N)c(-c3ccc(C(F)(F)F)nc3)c2)cc1,80.65,c1(-c2cc(-c3cnc(C(F)(F)F)cc3)c(N)nc2)ccc(S(C)(=O)=O)cc1,AE{~B}{~B}araaa{_asada{D}a{_ataaa{A{G}{G}G}dat}as}aar,21.7415793623972
CHEMBL262273,CC(O)(C(=O)Nc1ccc(S(=O)(=O)N2CCCC2)cc1)C(F)(F)F,78.01,C(F)(F)(C(C)(C(Nc1ccc(S(=O)(N2CCCC2)=O)cc1)=O)O)F,AA{B}{A{~B}Daraaa{E{~B}{~B}DsAAAAs}aar}A{G}{G}G,24.71555705756449
CHEMBL1807849,Nc1nc(OCC2CCC2)nc2c1ncn2[C@@H]1O[C@H](CF)[C@@H](O)[C@H]1O,77.21,O[C@@H]1[C@@H](CF)O[C@@H](n2c3c(nc2)c(N)nc(OCC2CCC2)n3)[C@@H]1O,Darda{BAAsAAAs}dasardads{A**Q}rB{A*Q}{AG}{A**Q}{B}{A*Q}rB,25.616762419736403
CHEMBL1645135,C[C@H](NC(=O)c1cccc2c1N(Cc1ccc(Cl)cc1)CC2)c1ccc(C(=O)O)cc1,98.67,O=C(O)c1ccc([C@@H](NC(c2c3c(ccc2)CCN3Cc2ccc(Cl)cc2)=O)C)cc1,A{A*Q}{DA{~B}araaaasarD{Aaraaa{Z}aar}AAs}araaa{A{~B}B}aar,1.441928579475049
CHEMBL1807829,O=c1[nH]c2c(O)ccc([C@@H](O)CNCCSCCCNCCc3cccc(Cl)c3Cl)c2s1,94.06,c1(Cl)c(CCNCCCSCCNC[C@H](O)c2ccc(O)c3[nH]c(=O)sc23)cccc1Cl,B~ar{dQ}asa{B}aaa{{A**Q}{B}ADAAEAAADAAataaaa{Z}atZ}aser,6.635124478990649
CHEMBL481212,CCOc1cc2ncc(C(N)=O)c(Nc3cc(C)ccc3F)c2cc1N1CCN(C)CC1,93.94,c1(F)c(Nc2c3c(cc(OCC)c(N4CCN(C)CC4)c3)ncc2C(N)=O)cc(C)cc1,AABaraasdaa{A{D}~B}a{Dataa{A}aaatG}asaarDrAAD{A}AAr,6.77030528331644
CHEMBL1835918,Cc1ccc(N2CC(COc3ccc(-c4noc(C)n4)cc3)C2)nn1,93.8,c1c(OCC2CN(c3ccc(C)nn3)C2)ccc(-c2nc(C)on2)c1,Aaraaa{DsAA{ABataaa{_audba{A}du}aat}As}ddr,6.928016221696525
CHEMBL347164,COc1ccc(-c2nc(N3CCOCC3)nc(O)c2C#N)cc1,93.53,c1c(-c2c(C#N)c(O)nc(N3CCOCC3)n2)ccc(OC)c1,ABaraaa{_asda{DtAABAAt}da{B}asA^D}aar,7.2321730314295385
CHEMBL1934423,Cc1ccc(S(=O)(=O)Nc2c(C(=O)N[C@@H](C)C(C)(C)C)c(C)nn2C2CCOC2)cc1,92.64,CC(C)([C@@H](NC(c1c(C)nn(C2COCC2)c1NS(=O)(c1ccc(C)cc1)=O)=O)C)C,Aaraaa{E{~B}{~B}Dasa{A{~B}D{A**Q}{A}A{A}{A}A}a{A}ddsAsAABAs}aar,8.234763996845782
CHEMBL2059860,Cc1ccc(-c2c[nH]cn2)cc1NC(=O)c1ccc(OCc2ccccn2)cc1,94.9,c1cc(OCc2ncccc2)ccc1C(=O)Nc1c(C)ccc(-c2c[nH]cn2)c1,Aaraaa{_asa{dQ}ads}aarDA{~B}araaa{BAasaaaads}aar,5.688858848710146
CHEMBL2177917,COc1c(C)cc(C2(c3cccc(-c4cncnc4)c3)N=C(N)c3c(F)cccc32)nc1C,96.57,COc1c(C)nc(C2(c3cccc(-c4cncnc4)c3)c3cccc(F)c3C(N)=N2)cc1C,ABara{A}aa{As{ataaaa{_auadadau}at}D~A{D}ata{G}aaaats}darA,3.807592655176309
CHEMBL2062774,CCOc1noc2cc(OCCC3CCN(c4ccc(C)nn4)CC3)ccc12,99.86,c1(C)nnc(N2CCC(CCOc3ccc4c(onc4OCC)c3)CC2)cc1,AABardbasaa{BAAAtAAD{auaaa{A}ddu}AAt}aaars,0.10138560324434313
CHEMBL1921913,C[C@@](C(=O)O[C@H]1C[N+]2(CCc3c[nH]c4ccccc34)CCC1CC2)(c1ccccc1)N1CCCCC1,99.81,c12ccccc1c(CC[N+]13CCC([C@@H](OC([C@](N4CCCCC4)(C)c4ccccc4)=O)C1)CC3)c[nH]2,A{A**}{A{~B}B{A*Q}rA{D%}s{AAata{dQ}auaaaaatu}AAArAAs}{araaaaar}DrAAAAAr,0.157710938380084
CHEMBL1201195,CO[C@@]1(NC(=O)CSCC#N)C(=O)N2C(C(=O)O)=C(CSc3nnnn3C)CS[C@@H]21,80.65,[C@]1(OC)(NC(=O)CSCC#N)C(=O)N2C(C(=O)O)=C(CSc3n(C)nnn3)CS[C@H]12,AB{A**}r{DA{~B}AEAA^D}A{~B}DsA{A{~B}B}~A{AEatddddtA}AE{A**Q}sr,21.7415793623972
CHEMBL376632,Cc1cc(N2CCC[C@@H]2C(=O)NCCc2ccc3c(c2)OCO3)nc(-n2ccnc2)n1,81.01,C1Oc2cc(CCNC([C@H]3CCCN3c3nc(-n4cncc4)nc(C)c3)=O)ccc2O1,Aaraa{DsAAA{A**Q}sA{~B}DAAasaaata{as}BABt}da{_dsaadas}dr,21.336036949419842
CHEMBL1818302,CN(C)CCC1CCN(c2cc(C(=O)NC[C@H]3CC[C@H](CNC(=O)OC4CCOCC4)CC3)c3ccccc3n2)CC1,82.05,N(C[C@H]1CC[C@H](CNC(=O)c2cc(N3CCC(CCN(C)C)CC3)nc3c2cccc3)CC1)C(=O)OC1CCOCC1,AD{A}AAArAAD{asaa{A{~B}DA{A*Q}tAA{A*Q}{ADA{~B}BAuAABAAu}AAt}ataaaaatds}AAr,20.164469978596376
CHEMBL502,COc1cc2c(cc1OC)C(=O)C(CC1CCN(Cc3ccccc3)CC1)C2,89.49,c1cc(CN2CCC(CC3C(=O)c4cc(OC)c(OC)cc4C3)CC2)ccc1,ABaraasa{aarBA}A{~B}A{AArAAD{Aataaaaat}AAr}As,11.783260110397666
CHEMBL715,Cc1cc2c(s1)Nc1ccccc1N=C2N1CCN(C)CC1,89.27,s1c2c(cc1C)C(N1CCN(C)CC1)=Nc1ccccc1N2,Aaraasa{er}DaraaaaarD~AsDrAAD{A}AAr,12.031091584994938
CHEMBL398149,CC(=O)Nc1cccc(Nc2nc(NC3CC3)n3ncc(C#N)c3n2)c1,89.27,c1(Nc2cc(NC(=O)C)ccc2)nc(NC2CC2)n2ncc(C#N)c2n1,AA{~B}Daraaaa{Dasda{DAtAAt}dtdaa{A^D}atds}ar,12.031091584994938
CHEMBL22183,Cc1ccc(Sc2ccccc2CN(C)C)c(N)c1,89.05,c1(N)c(Sc2ccccc2CN(C)C)ccc(C)c1,Aaraaa{EasaaaaasAD{A}A}a{D}ar,12.278923059592207
CHEMBL2207662,O=C(NC[C@@H](O)CN1CCC(Oc2ccc(Cl)c(Cl)c2)CC1)c1c[nH]c(=O)cc1C(F)(F)F,88.82,c1cc(Cl)c(Cl)cc1OC1CCN(C[C@H](O)CNC(=O)c2c(C(F)(F)F)cc(=O)[nH]c2)CC1,B~A{DA{A**Q}{B}ADrAAA{Basaaa{Z}a{Z}as}AAr}ara{dQ}a{~B}aarA{G}{G}G,12.538019601216636
CHEMBL57531,Nc1ncc2cc(-c3c(Br)cccc3Br)c(N)nc2n1,88.59,c1(N)nc2c(cc1-c1c(Br)cccc1Br)cnc(N)n2,Dardaasaa{_ata{Y}aaaatY}a{D}dasdr,12.797116142841048
CHEMBL1916540,COc1ccc2c(C)cc(=O)n(CCN3CCC(NCc4cc5c(cn4)OCCO5)CC3)c2c1,88.59,C1N(CCn2c(=O)cc(C)c3c2cc(OC)cc3)CCC(NCc2cc3c(cn2)OCCO3)C1,ABaraaasa{A}aa{~B}d{AADtAAA{DAauaava{adu}BAABv}AAt}asar,12.797116142841048
CHEMBL233263,C[C@H](CO)Nc1nc(SCc2ccco2)nc2nc(N)sc12,88.35,o1cccc1CSc1nc2c(sc(N)n2)c(N[C@@H](CO)C)n1,A{A*Q}{AB}Darda{EAasaaabs}dasda{D}ears,13.06747775149263
CHEMBL413065,CCc1nc2c(N)nc3ccccc3c2n1CC(C)C,88.35,c1c2c3c(nc(CC)n3CC(C)C)c(N)nc2ccc1,AAardasa{D}dataaaaatasdrAA{A}A,13.06747775149263
CHEMBL1934421,Cc1ccc(S(=O)(=O)Nc2c(C(=O)N[C@@H](C)C(C)(C)C)c(C)nn2C2CCN(CC(F)(F)F)CC2)cc1,88.35,N(c1n(C2CCN(CC(F)(F)F)CC2)nc(C)c1C(N[C@@H](C)C(C)(C)C)=O)S(=O)(=O)c1ccc(C)cc1,Aaraaa{E{~B}{~B}Dasa{A{~B}D{A**Q}{A}A{A}{A}A}a{A}ddsAsAAD{AA{G}{G}G}AAs}aar,13.06747775149263
CHEMBL2059196,CCNC(=O)c1cc2c(-n3ccc(C(F)(F)F)n3)c(-c3cncc(C(=O)O)c3)cnc2[nH]1,88.35,[nH]1c2c(cc1C(=O)NCC)c(-n1nc(C(F)(F)F)cc1)c(-c1cncc(C(O)=O)c1)cn2,AADA{~B}araasa{_dtaaa{A{G}{G}G}dt}a{_atadaa{A{~B}B}at}adas{dQ}r,13.06747775149263
CHEMBL1650728,COc1cc(Nc2nc(N[C@@H](C)c3ncc(F)cn3)ncc2Br)n[nH]1,87.62,c1([C@H](C)Nc2nc(Nc3n[nH]c(OC)c3)c(Br)cn2)ncc(F)cn1,ABaraa{Dasda{D{A**Q}{A}atdaa{G}adt}daasY}d{dQ}r,13.889827644474481
CHEMBL1951181,COc1cc(OC)c(S(=O)(=O)NCc2ccccc2N2CCC(CO)CC2)cc1NC(C)=O,87.37,C1CC(CO)CCN1c1c(CNS(=O)(c2c(OC)cc(OC)c(NC(=O)C)c2)=O)cccc1,ABaraa{BA}a{E{~B}{~B}DAasaaaaasDsAAA{AB}AAs}aarDA{A}~B,14.1714543201532
CHEMBL21731,CNCCCC12CCC(c3ccccc31)c1ccccc12,87.37,N(C)CCCC12c3ccccc3C(c3ccccc31)CC2,ADAAAArsAAA{ataaaaatr}araaaaars,14.1714543201532
CHEMBL16,O=C1N=C(O)NC1(c1ccccc1)c1ccccc1,87.11,c1ccccc1C1(c2ccccc2)C(=O)N=C(O)N1,B~ArD~A{B}DAr{araaaaar}araaaaar,14.464346062859077
CHEMBL1735467,CC(=O)Nc1cccc(OCc2cnc(Cl)s2)c1,86.85,O=C(C)Nc1cc(OCc2cnc(Cl)s2)ccc1,AA{~B}Daraaaa{BAasada{Z}es}ar,14.757237805564952
CHEMBL1369722,Oc1ncnc2scc(-c3ccccc3)c12,86.32,c1nc(O)c2c(scc2-c2ccccc2)n1,Bardadaseaa{_ataaaaat}ars,15.354286358003838
CHEMBL2165180,O=c1nc(N2CCOCC2)cc(N(CCO)Cc2cccc3ccccc23)[nH]1,86.05,c1ccc2c(c1)c(CN(c1[nH]c(=O)nc(N3CCOCC3)c1)CCO)ccc2,B~arda{DsAABAAs}aa{D{AAB}Aasaaaataaaaast}{dQ}r,15.658443167736852
CHEMBL1921922,Cc1ccc(CCC[N+]23CCC(CC2)[C@@H](OC(=O)[C@](C)(c2ccccc2)N2CCCCC2)C3)cn1,86.05,[C@@](C)(N1CCCCC1)(C(=O)O[C@@H]1C2CC[N+](CCCc3cnc(C)cc3)(CC2)C1)c1ccccc1,Aaraaa{AAA{D%}stAAA{AAs}{A**Q}{BA{~B}{A*}{A}{asaaaaas}DsAAAAAs}At}adr,15.658443167736852
CHEMBL301554,CN(C)CCNc1cc(-c2ccncc2)nc2ccccc12,85.77,c12ccccc1nc(-c1ccncc1)cc2NCCN(C)C,AD{A}AADaraa{_asaadaas}dasaaaaars,15.973865044497021
CHEMBL85,Cc1nc2n(c(=O)c1CCN1CCC(c3noc4cc(F)ccc34)CC1)CCCC2,84.6,c1(F)cc2onc(C3CCN(CCc4c(=O)n5c(nc4C)CCCC5)CC3)c2cc1,Aardasd{a{~B}arAADrAAA{atdbauaa{G}aaatu}AAr}AAAAs,17.291877886673433
CHEMBL2164566,CCN(CCO)C(=O)c1oc2cccnc2c1-c1cccc(C(F)(F)F)c1,91.28,c1(-c2c3ncccc3oc2C(=O)N(CCO)CC)cccc(C(F)(F)F)c1,AAD{AAB}A{~B}arbasaaadasar_araaaa{A{G}{G}G}ar,9.76681311253802
CHEMBL1957361,CCOc1ccccc1-c1ccc(-c2nc3ccncc3c(O)c2C#N)cc1,99.93,c12c(O)c(C#N)c(-c3ccc(-c4c(OCC)cccc4)cc3)nc1ccnc2,AABaraaaaar_araaa{_asdataadaata{B}asA^D}aar,0.02253013405429314
CHEMBL2331748,Cc1cn([C@H]2CCCN(S(=O)(=O)c3ccc(O)c(Oc4cccc(F)c4)c3)C2)c(=O)[nH]c1=O,95.43,c1cc(F)cc(Oc2cc(S(=O)(=O)N3C[C@@H](n4cc(C)c(=O)[nH]c4=O)CCC3)ccc2O)c1,Aarad{{A*Q}sAAAD{E{~B}{~B}ataaa{B}a{Bauaaaa{G}au}at}As}a{~B}{dQ}ar~B,5.091810296271258
CHEMBL1288102,NC(=O)c1cnc(N[C@H]2CCCNC2)c2cc(-c3ccc(F)cc3F)sc12,95.33,c1(F)cc(F)ccc1-c1cc2c(c(C(=O)N)cnc2N[C@H]2CCCNC2)s1,DA{~B}arada{D{A*Q}sAAADAs}asaa{_ataaa{G}aatG}ears,5.204460966542755
CHEMBL235392,O=C(NCC12CC3CC(CC(C3)C1)C2)c1cc(CN2CC3CNCC(C2)O3)ccc1Cl,95.33,c1(C(NCC23CC4CC(CC(C4)C2)C3)=O)cc(CN2CC3CNCC(C2)O3)ccc1Cl,B~A{DAArsAAtAA{AA{At}Ar}As}araa{ADsAAtADAA{As}Bt}aaarZ,5.204460966542755
CHEMBL301856,Nc1nc(O)c(Cl)c(-c2ccccc2)n1,95.23,c1c(-c2c(Cl)c(O)nc(N)n2)cccc1,Darda{B}a{Z}a{_asaaaaas}dr,5.3171116368142375
CHEMBL481605,CCOc1cc2ncc(C(N)=O)c(Nc3cccc(Cl)c3Cl)c2cc1N1CCN(CCO)CC1,95.23,C1N(c2cc3c(Nc4c(Cl)c(Cl)ccc4)c(C(N)=O)cnc3cc2OCC)CCN(CCO)C1,AABaraasdaa{A{D}~B}a{Dataaaa{Z}atZ}asaarDrAAD{AAB}AAr,5.3171116368142375
CHEMBL2337977,CC(C)(C)NC(=O)NCCN1CC(NC(=O)c2cc(Cl)cc(Cl)c2)C1,90.72,C1(NC(=O)c2cc(Cl)cc(Cl)c2)CN(CCNC(=O)NC(C)(C)C)C1,AA{A}{A}DA{~B}DAADrAA{DA{~B}asaa{Z}aa{Z}as}Ar,10.397656866058357
CHEMBL1385850,O=C(O)c1ccc2[nH]c(C(F)(F)F)nc2c1,89.91,c1(C(O)=O)cc2nc(C(F)(F)F)[nH]c2cc1,B~A{B}araaas{dQ}a{A{G}{G}G}dasar,11.310127295257413
CHEMBL1824035,CN(C)S(=O)(=O)c1ccc2c(c1)N(CCN1CCC(NCc3ccc4c(n3)NC(=O)CO4)CC1)C(=O)CO2,90.72,N1(CCN2C(=O)COc3ccc(S(=O)(N(C)C)=O)cc32)CCC(NCc2nc3c(cc2)OCC(=O)N3)CC1,AD{A}E{~B}{~B}araaasa{ar}D{AADrAAA{DAataaaua{dt}DA{~B}ABu}AAr}A{~B}ABs,10.397656866058357
CHEMBL1934417,COCCC(C)n1nc(C)c(C(=O)N[C@@H](C)C(C)(C)C)c1NS(=O)(=O)c1ccc(C)cc1,89.91,n1(C(CCOC)C)c(NS(c2ccc(C)cc2)(=O)=O)c(C(=O)N[C@@H](C)C(C)(C)C)c(C)n1,ABAAA{A}drda{A}a{A{~B}D{A**Q}{A}A{A}{A}A}arDE{~B}{~B}araaa{A}aar,11.310127295257413
CHEMBL163870,Cc1nccn1-c1ccc(COc2cc(F)cc(C3(C(N)=O)CCOCC3)c2)cc1,89.91,C1OCCC(c2cc(F)cc(OCc3ccc(-n4ccnc4C)cc3)c2)(C(=O)N)C1,Aardaadr_araaa{ABasaa{G}aa{At{A{D}~B}AABAAt}as}aar,11.310127295257413
CHEMBL385374,CCCC[C@H](NC[C@@H]1Cc2cccc(c2)CCCCc2cc(cc(N(CCC)S(C)(=O)=O)c2)C(=O)N1)C(=O)NCC(C)C,99.6,c1cc2cc(c1)C[C@@H](CN[C@H](C(NCC(C)C)=O)CCCC)NC(=O)c1cc(N(S(C)(=O)=O)CCC)cc(c1)CCCC2,AAAA{A*Q}{DA{A**Q}rAasaaaa{as}AAAAasaa{aa{D{AAA}E{A}{~B}~B}as}A{~B}Dr}A{~B}DAA{A}A,0.39427734595021796
CHEMBL1917447,Cc1c(S(=O)(=O)c2ccc(Cl)cc2)c2cc(F)ccc2n1CC(=O)O,99.57,c1(C)n(CC(O)=O)c2ccc(F)cc2c1S(=O)(c1ccc(Cl)cc1)=O,Aara{E{~B}{~B}asaaa{Z}aas}asaa{G}aaasdrAA{~B}B,0.4280725470316657
CHEMBL193240,O=C(Nc1c(Cl)cncc1Cl)c1ccc(OC(F)F)c(OCC2CC2)c1,99.5,C1CC1COc1c(OC(F)F)ccc(C(Nc2c(Cl)cncc2Cl)=O)c1,B~A{Dara{Z}adaarZ}araaa{BA{G}G}a{BAAsAAs}ar,0.5069280162216997
CHEMBL2179274,CCC[C@@H](c1ccc(C(=O)O)c(Oc2cccc(Cl)c2)c1)N1CCC[C@H](n2cc(C)c(=O)[nH]c2=O)C1,99.3,C1[C@H](n2cc(C)c(=O)[nH]c2=O)CN([C@@H](CCC)c2cc(Oc3cccc(Cl)c3)c(C(=O)O)cc2)CC1,AAA{A**Q}{araaa{A{~B}B}a{Basaaaa{Z}as}ar}DrAAA{A*Q}{dsaa{A}a{~B}{dQ}as~B}Ar,0.732229356764679
CHEMBL1916283,Cc1ccc(S(=O)(=O)Nc2c(C(=O)N[C@H](C)C(C)(C)C)c(C)nn2-c2ccccc2)cc1,99.19,C(c1c(C)nn(-c2ccccc2)c1NS(c1ccc(C)cc1)(=O)=O)(=O)N[C@H](C)C(C)(C)C,Aaraaa{E{~B}{~B}Dasa{A{~B}D{A*Q}{A}A{A}{A}A}a{A}dds_asaaaaas}aar,0.8561450940633153
CHEMBL458287,Cc1cc(Nc2nc(N[C@@H](C)c3ccc(F)cc3)ncc2Cl)n[nH]1,99.1,c1([C@@H](Nc2ncc(Cl)c(Nc3n[nH]c(C)c3)n2)C)ccc(F)cc1,Aaraa{Dasda{D{A**Q}{A}ataaa{G}aat}daasZ}d{dQ}r,0.9575306973076585
CHEMBL2086675,CC(C)(C)OC(=O)N1CCN(c2ncc(OCc3ccncc3)cn2)CC1,99.03,c1(OCc2ccncc2)cnc(N2CCN(C(=O)OC(C)(C)C)CC2)nc1,AA{A}{A}BA{~B}DrAAD{asdaa{BAataadaat}ads}AAr,1.0363861664976926
CHEMBL211177,C[C@@H](CC(=O)OC(C)(C)C)NC(=O)C1=NO[C@@H](C(O)(C(F)(F)F)C(F)(F)F)C1,82.05,C(C(OC(C)(C)C)=O)[C@@H](NC(=O)C1=NO[C@@H](C(C(F)(F)F)(O)C(F)(F)F)C1)C,A{A**Q}{AA{~B}BA{A}{A}A}DA{~B}Ar~DB{A**Q}{A{B}{A{G}{G}G}A{G}{G}G}Ar,20.164469978596376
CHEMBL1951079,COc1cc(OC)c(S(=O)(=O)N2c3ccccc3CCC2C)cc1NC(=O)CCC(=O)O,81.36,C(CC(O)=O)C(=O)Nc1cc(S(=O)(N2C(C)CCc3ccccc32)=O)c(OC)cc1OC,ABaraa{BA}a{E{~B}{~B}DsataaaaatAAAsA}aarDA{~B}AAA{~B}B,20.94175960346964
CHEMBL214304,Cc1ccc2c(c1)c(-c1ccnc3cc(C(F)(F)F)ccc13)c(C)n2CC(=O)O,99.64,c1cc2c(c(-c3ccnc4cc(C(F)(F)F)ccc43)c(C)n2CC(=O)O)cc1C,Aaraaasa{ar}a{_araadataa{A{G}{G}G}aaart}a{A}dsAA{~B}B,0.34921707784161565
CHEMBL2151319,C[C@H](Nc1ccc2ncn(-c3cc(C4CC4)[nH]n3)c2n1)c1ncc(F)cn1,78.79,N([C@H](c1ncc(F)cn1)C)c1ccc2c(n(-c3n[nH]c(C4CC4)c3)cn2)n1,A{A*Q}{Daraaasdad{_ataa{AuAAu}{dQ}dt}asdr}ardaa{G}adr,23.836881829446877
CHEMBL1916284,Cc1ccc(S(=O)(=O)Nc2c(C(=O)N[C@@H](C)C(C)(C)C)c(C(F)(F)F)nn2-c2ccccc2)cc1,99.57,c1(S(=O)(=O)Nc2n(-c3ccccc3)nc(C(F)(F)F)c2C(=O)N[C@@H](C)C(C)(C)C)ccc(C)cc1,Aaraaa{E{~B}{~B}Dasa{A{~B}D{A**Q}{A}A{A}{A}A}a{A{G}{G}G}dds_asaaaaas}aar,0.4280725470316657
CHEMBL1173055,CNCc1ccc(-c2[nH]c3cc(F)cc4c3c2CCNC4=O)cc1,76.81,c1c2c3c(cc1F)[nH]c(-c1ccc(CNC)cc1)c3CCNC2=O,ADAaraaa{_as{dQ}ataa{G}aauatasAADAu~B}aar,26.067365100822347
CHEMBL2335879,CN1CCCC1CCNC(=O)c1ccc(Nc2ncc3cc(-c4ccncc4)ccc3n2)cc1,99.19,N(C(c1ccc(Nc2ncc3cc(-c4ccncc4)ccc3n2)cc1)=O)CCC1N(C)CCC1,ADrAAAArAADA{~B}araaa{Dasdaataa{_auaadaau}aaatds}aar,0.8561450940633153
CHEMBL2316109,C[S+]([O-])Cc1ccc(C(=O)Nc2cccnc2C(=O)NCC2CCC2)c2ccccc12,98.7,c1cc(NC(=O)c2c3ccccc3c(C[S+](C)[O-])cc2)c(C(=O)NCC2CCC2)nc1,A{E%}{{B_}}Aaraaa{A{~B}DasaaadasA{~B}DAAsAAAs}asaaaaars,1.4081333783936012
CHEMBL1950850,CN[C@@H](C)C(=O)N[C@H](C(=O)N[C@H]1CCCN(CCc2ccc(F)cc2)C1)C1CCCCC1,73.36,Fc1ccc(CCN2CCC[C@H](NC(=O)[C@H](C3CCCCC3)NC(=O)[C@H](C)NC)C2)cc1,AD{A**Q}{A}A{~B}D{A*Q}{A{~B}D{A*Q}rAAAD{AAasaaa{G}aas}Ar}ArAAAAAr,29.953813225188693
CHEMBL1950843,CN[C@@H](C)C(=O)N[C@H](C(=O)N(C)[C@H]1CCCN(CCc2ccccc2)C1)C1CCCCC1,73.36,C1C([C@@H](C(N([C@H]2CCCN(CCc3ccccc3)C2)C)=O)NC([C@H](C)NC)=O)CCCC1,AD{A**Q}{A}A{~B}D{A*Q}{A{~B}D{A}{A*Q}rAAAD{AAasaaaaas}Ar}ArAAAAAr,29.953813225188693
CHEMBL395340,CC[C@H](CO)Nc1nc(SCc2cccc(F)c2F)nc2nc(NC(C)C)sc12,99.6,S(c1nc(N[C@H](CC)CO)c2c(nc(NC(C)C)s2)n1)Cc1c(F)c(F)ccc1,AA{A*Q}{AB}Darda{EAasaaaa{G}asG}dasda{DA{A}A}ears,0.39427734595021796
CHEMBL250774,CS(=O)(=O)c1ccc(-c2ccc3c(Nc4ccc(F)cc4)c(C(N)=O)cnc3c2)cc1,98.7,c1(Nc2ccc(F)cc2)c2c(ncc1C(N)=O)cc(-c1ccc(S(=O)(=O)C)cc1)cc2,AE{~B}{~B}araaa{_asaaata{Dauaaa{G}aau}a{A{D}~B}adatas}aar,1.4081333783936012
CHEMBL51,O=C(c1ccc(F)cc1)C1CCN(CCn2c(=O)[nH]c3ccccc3c2=O)CC1,90.32,C(N1CCC(C(=O)c2ccc(F)cc2)CC1)Cn1c(=O)[nH]c2c(cccc2)c1=O,B~A{araaa{G}aar}ArAAD{AAdsa{~B}{dQ}ataaaaatas~B}AAr,10.848259547144314
CHEMBL174310,N#Cc1ccc(C(=O)N2CCC3(CC2)N=C(N)c2c(F)ccc(F)c2N3)cc1,71.53,C(c1ccc(C(N2CCC3(N=C(N)c4c(F)ccc(F)c4N3)CC2)=O)cc1)#N,D^Aaraaa{A{~B}DsAAAt{AAs}D~A{D}asa{G}aaa{G}asDt}aar,32.01532049115692
CHEMBL1668935,CS(=O)(=O)N1CCC(NC(=O)NC23CC4CC(CC(C4)C2)C3)CC1,71.05,C1C(NC(NC23CC4CC(C2)CC(C4)C3)=O)CCN(S(=O)(C)=O)C1,AE{~B}{~B}DrAAA{DA{~B}DAstAAuAA{AA{Au}As}At}AAr,32.55604370846007
CHEMBL479,CSc1ccc2c(c1)N(CCC1CCCCN1C)c1ccccc1S2,99.63,c1c2c(ccc1)N(CCC1CCCCN1C)c1c(ccc(SC)c1)S2,AEaraaasa{ar}D{AAArAAAADrA}araaaaarEs,0.3604821448687702
CHEMBL1916545,COc1ccc2ccc(=O)n(CCN3CCC(NCc4cc5c(cn4)OCCO5)CC3)c2n1,68.63,O=c1ccc2ccc(OC)nc2n1CCN1CCC(NCc2cc3c(cn2)OCCO3)CC1,ABaraaasaaa{~B}d{AADtAAA{DAauaava{adu}BAABv}AAt}asdr,35.28218992903008
CHEMBL456237,Fc1ccc(-c2c3cccc(C(F)(F)F)c3nn2Cc2ccc(F)cc2Cl)cc1,99.94,c1(-c2c3cccc(C(F)(F)F)c3nn2Cc2ccc(F)cc2Cl)ccc(F)cc1,Garaaa{_asataaaa{A{G}{G}G}atddsAasaaa{G}aasZ}aar,0.011265067027154574
CHEMBL2153595,FC(F)(F)Oc1ccc(-c2nnc(CCCCc3ccc4cccnc4n3)o2)cc1Cl,99.92,c1c(CCCCc2nnc(-c3cc(Cl)c(OC(F)(F)F)cc3)o2)nc2ncccc2c1,GA{G}{G}Baraaa{_asdda{AAAAataaauaaadaudt}bs}aarZ,0.033795201081447714
CHEMBL380192,CC(C)Cc1nn(C)c(=O)c2c(SCCCO)n(Cc3cccc4ccccc34)cc12,99.73,c12c(c(SCCCO)n(Cc3cccc4ccccc34)c1)c(=O)n(C)nc2CC(C)C,AA{A}Aardd{A}a{~B}asa{EAAAB}d{Aataaaauaaaaatu}aars,0.24783147459727253
CHEMBL1890087,CC(C)Nc1nc(NCc2ccccc2)c2sccc2n1,99.71,c1c2c(sc1)c(NCc1ccccc1)nc(NC(C)C)n2,AA{A}Darda{DAasaaaaas}aseaaasdr,0.2703616086515817
CHEMBL2178579,O=C(Nc1ccc(Cl)c(S(=O)(=O)N2CCNCC2)c1O)Nc1cccc(F)c1Cl,99.71,c1(S(=O)(=O)N2CCNCC2)c(Cl)ccc(NC(=O)Nc2c(Cl)c(F)ccc2)c1O,B~A{Daraaa{Z}a{E{~B}{~B}DsAADAAs}arB}Daraaaa{G}arZ,0.2703616086515817
CHEMBL591931,N=C(N)c1cc2c(-c3ccccc3)cccc2s1,89.91,NC(=N)c1sc2c(c1)c(-c1ccccc1)ccc2,D~A{D}araasa{_ataaaaat}aaaaser,11.310127295257413
CHEMBL2158836,O=C(O)[C@@H](Cc1ccccc1)N1CCC(CN2CCC(Oc3ccc(Cl)c(Cl)c3)CC2)CC1,68.63,C1(CN2CCC(Oc3cc(Cl)c(Cl)cc3)CC2)CCN([C@@H](C(=O)O)Cc2ccccc2)CC1,B~A{B}{A**Q}{Aaraaaaar}DrAAA{ADsAAA{Bataaa{Z}a{Z}at}AAs}AAr,35.28218992903008
CHEMBL2335881,COCCNCc1ccc(Nc2ncc3cc(-c4ccncc4)ccc3n2)cc1,89.7,c1c2cc(-c3ccncc3)ccc2nc(Nc2ccc(CNCCOC)cc2)n1,ABAADAaraaa{Dasdaataa{_auaadaau}aaatds}aar,11.54669370282753
CHEMBL93124,CNc1ccc(-c2nc3ccc(O)cc3s2)cc1,98.89,c1c(NC)ccc(-c2nc3ccc(O)cc3s2)c1,ADaraaa{_asdataaa{B}aates}aar,1.1940971048777764
CHEMBL2158390,O=c1cc(N2CCOCC2)nc(NCc2ccccc2)[nH]1,73.36,O=c1[nH]c(NCc2ccccc2)nc(N2CCOCC2)c1,B~araa{DsAABAAs}da{DAasaaaaas}{dQ}r,29.953813225188693
CHEMBL360227,CCN(CC)CCN1C(=O)[C@@](O)(c2ccccc2Cl)c2c1cc(C(N)=O)cc2C(F)(F)F,71.05,C(C)N(CCN1c2cc(C(=O)N)cc(C(F)(F)F)c2[C@@](c2c(Cl)cccc2)(O)C1=O)CC,AAD{AA}AADrA{~B}{A**}{B}{asaaaaasZ}asaraa{A{D}~B}aasA{G}{G}G,32.55604370846007
CHEMBL1109,Nc1ccc(S(=O)(=O)Nc2ccnn2-c2ccccc2)cc1,99.41,c1(NS(c2ccc(N)cc2)(=O)=O)n(-c2ccccc2)ncc1,Daraaa{E{~B}{~B}Dasaadds_asaaaaas}aar,0.6083136194660428
CHEMBL1304332,Cc1ccc(-c2cc(C(=O)NCc3cn(C)nc3C)c3cc(Br)ccc3n2)cc1,99.37,Cc1ccc(-c2nc3ccc(Br)cc3c(C(=O)NCc3cn(C)nc3C)c2)cc1,Aaraaa{_asaa{A{~B}DAatad{A}datA}ataa{Y}aaatds}aar,0.6533738875746291
CHEMBL2088414,O=S(=O)(Nc1ccc2sc(CO)nc2c1)c1ccc(Br)cc1,99.31,c1cc(Br)ccc1S(=O)(=O)Nc1cc2nc(CO)sc2cc1,B~E{~B}{Daraaasea{AB}dasar}araaa{Y}aar,0.7209642897375245
CHEMBL2147316,COc1cnc(-c2ccccc2C(F)(F)CNC(=O)c2ccc(COCC(F)(F)F)nc2)cn1,99.31,c1nc(COCC(F)(F)F)ccc1C(=O)NCC(F)(F)c1ccccc1-c1cnc(OC)cn1,ABarada{_asaaaaasA{G}{G}ADA{~B}asaaa{ABAA{G}{G}G}das}adr,0.7209642897375245
CHEMBL1770464,Cc1nc(C(=O)[C@H](C)Oc2ccc(SCCCCCc3ccccc3)cc2)sc1CCCC(=O)O,99.3,c1c(O[C@H](C(=O)c2nc(C)c(CCCC(=O)O)s2)C)ccc(SCCCCCc2ccccc2)c1,Aarda{A{~B}{A*Q}{A}Basaaa{EAAAAAataaaaat}aas}earAAAA{~B}B,0.732229356764679
CHEMBL495383,O=C(Nc1cccc(CCO)c1)c1cc2cc(Cl)ccc2[nH]1,99.26,c1(C(=O)Nc2cc(CCO)ccc2)[nH]c2ccc(Cl)cc2c1,B~A{Daraaaa{AAB}ar}araasaa{Z}aaas{dQ}r,0.7772896248732654
CHEMBL1924049,C[C@@](C(=O)O[C@H]1C[N+]2(CCc3ccccc3F)CCC1CC2)(c1ccccc1)N1CCCCC1,99.19,C1[N+]2(CCc3ccccc3F)CCC([C@H]1OC(=O)[C@@](N1CCCCC1)(c1ccccc1)C)CC2,A{A**}{A{~B}B{A*Q}rA{D%}s{AAataaaaatG}AAArAAs}{araaaaar}DrAAAAAr,0.8561450940633153
CHEMBL461384,CC(C)c1noc(C2CCN(c3ncnc(Nc4ccc(S(C)(=O)=O)cc4F)c3[N+](=O)[O-])CC2)n1,99.01,N1(c2ncnc(Nc3c(F)cc(S(=O)(C)=O)cc3)c2[N+](=O)[O-])CCC(c2nc(C(C)C)no2)CC1,AA{A}ardba{AsAAD{atdada{Dauaaa{E{A}{~B}~B}aauG}at{D%}{~B}{B_}}AAs}dr,1.0589163005519857
CHEMBL132227,CC(=O)NCc1cccc(C(=O)O)c1,83.04,C(NCc1cccc(C(=O)O)c1)(=O)C,AA{~B}DAaraaaa{A{~B}B}ar,19.049228342908634
CHEMBL171951,CCCS(=O)(=O)N1N=Cc2cc(Cl)ccc2B1O,83.04,C(CC)S(=O)(=O)N1N=Cc2cc(Cl)ccc2B1O,AAAE{~B}{~B}DrD~Aasaa{Z}aaasJrB,19.049228342908634
CHEMBL2048500,CN[C@@H](C)C(=O)N[C@H](C(=O)N1CCC[C@H]1C(=O)N[C@H](C(=O)OC)C(c1ccccc1)c1ccccc1)C1CCCCC1,82.39,c1(C(c2ccccc2)[C@@H](C(=O)OC)NC([C@@H]2CCCN2C([C@@H](NC(=O)[C@H](C)NC)C2CCCCC2)=O)=O)ccccc1,AD{A**Q}{A}A{~B}D{A*Q}{A{~B}DrAAA{A*Q}rA{~B}D{A*Q}{A{~B}BA}A{araaaaar}araaaaar}ArAAAAAr,19.781457699673314
CHEMBL2337981,CC(C)(C)NC(=O)NCCN1CCC(CO)(CNC(=O)c2cc(Cl)cc(Cl)c2)CC1,82.05,C(=O)(NC(C)(C)C)NCCN1CCC(CNC(=O)c2cc(Cl)cc(Cl)c2)(CO)CC1,AA{A}{A}DA{~B}DAADrAAA{AB}{ADA{~B}asaa{Z}aa{Z}as}AAr,20.164469978596376
CHEMBL447983,C[C@](N)(Cc1ccccc1)c1ccccc1,82.05,c1cccc(C[C@](N)(c2ccccc2)C)c1,A{A*}{D}{Aaraaaaar}araaaaar,20.164469978596376
CHEMBL1951164,COc1cc(OC)c(S(=O)(=O)N(C)c2ccccc2)cc1NC(C)=O,82.05,CN(c1ccccc1)S(=O)(c1c(OC)cc(OC)c(NC(=O)C)c1)=O,ABaraa{BA}a{E{~B}{~B}D{A}asaaaaas}aarDA{A}~B,20.164469978596376
CHEMBL1288306,NC(=O)c1cnc(N[C@H]2CCCNC2)c2cc(Br)sc12,82.05,C1[C@H](Nc2c3cc(Br)sc3c(C(=O)N)cn2)CNCC1,DA{~B}arada{D{A*Q}sAAADAs}asaa{Y}ears,20.164469978596376
CHEMBL2042018,NC(=O)[C@H](Cc1ccccc1)NC(=O)OCc1ccccc1,81.01,N([C@@H](Cc1ccccc1)C(N)=O)C(OCc1ccccc1)=O,DA{~B}{A*Q}{Aaraaaaar}DA{~B}BAaraaaaar,21.336036949419842
CHEMBL191003,Nc1nc(Nc2ccc(S(N)(=O)=O)cc2)nn1C(=O)c1c(F)cccc1F,81.01,c1c(S(=O)(N)=O)ccc(Nc2nc(N)n(C(c3c(F)cccc3F)=O)n2)c1,Darda{Dasaaa{E{D}{~B}~B}aas}ddrA{~B}ara{G}aaaarG,21.336036949419842
CHEMBL2335903,C[C@@H](NC1=CC(=O)CCC1)c1ccc(Nc2ncc3cc(-c4ccncc4)ccc3n2)cc1,98.64,c1(-c2ccncc2)ccc2nc(Nc3ccc([C@@H](C)NC4=CC(=O)CCC4)cc3)ncc2c1,A{A**Q}{DAr~AA{~B}AAAr}araaa{Dasdaataa{_auaadaau}aaatds}aar,1.4757237805564967
CHEMBL1628227,CN(C)CCC=C1c2ccccc2COc2ccccc21,76.39,c1cccc2c1C(=CCCN(C)C)c1c(cccc1)OC2,AD{A}AAA~ArasaaaaasABasaaaaasr,26.540497915962597
CHEMBL139036,CC(=O)S[C@@H]1CC2=CC(=O)CC[C@]2(C)C2CC[C@@]3(C)C(CC[C@@]34CCC(=O)O4)C21,75.97,C1C[C@]2(OC(=O)CC2)[C@@]2(C)CCC3C([C@H](SC(=O)C)CC4=CC(=O)CC[C@@]43C)C12,AA{~B}E{A**Q}rAAs~AA{~B}AA{A*}s{A}AsAA{A**}t{A}A{AA{A**}tuAAA{~B}Bu}Asr,27.013630731102854
CHEMBL1650736,COc1cc(Nc2nc(N[C@@H](C)c3ncc(F)cn3)nc(N3CCOCC3)c2F)n[nH]1,74.69,[nH]1c(OC)cc(Nc2c(F)c(N3CCOCC3)nc(N[C@@H](C)c3ncc(F)cn3)n2)n1,ABaraa{Dasda{D{A**Q}{A}atdaa{G}adt}da{DtAABAAt}asG}d{dQ}r,28.4555593105779
CHEMBL481400,CN1CCN(c2ccc3ncc(C(N)=O)c(Nc4ccc(F)cc4F)c3c2)CC1,74.25,NC(c1c(Nc2ccc(F)cc2F)c2c(ccc(N3CCN(C)CC3)c2)nc1)=O,ADrAAD{asaaatdaa{A{D}~B}a{Dauaaa{G}aauG}atas}AAr,28.951222259772447
CHEMBL1916538,COc1ccc2c(c1)N(CCN1CCC(NCc3ccc4c(n3)NC(=O)CO4)CC1)C(=O)OC2,74.25,c1c(OC)cc2c(c1)COC(=O)N2CCN1CCC(NCc2ccc3c(n2)NC(=O)CO3)CC1,ABaraaasa{ar}D{AADrAAA{DAataaaua{dt}DA{~B}ABu}AAr}A{~B}BAs,28.951222259772447
CHEMBL2152525,c1ccc([C@H]([C@@H](c2ccccc2)N2CCCC2)N2CCCC2)cc1,83.04,c1ccc([C@@H](N2CCCC2)[C@@H](c2ccccc2)N2CCCC2)cc1,araaa{{A*Q}{{A**Q}{asaaaaas}DsAAAAs}DsAAAAs}aar,19.049228342908634
CHEMBL1289717,O=c1cc(-c2ccccc2)ccn1-c1ccc2c(cnn2CCN2CCCC2)c1,83.04,c1c(-n2c(=O)cc(-c3ccccc3)cc2)cc2cnn(CCN3CCCC3)c2c1,B~araa{_asaaaaas}aadr_araaasa{addsAADsAAAAs}ar,19.049228342908634
CHEMBL63,COc1ccc(C2CNC(=O)C2)cc1OC1CCCC1,82.72,C1CCC(Oc2c(OC)ccc(C3CNC(=O)C3)c2)C1,ABaraaa{AsADA{~B}As}aarBArAAAAr,19.409710487777406
CHEMBL578201,Cc1cc(Nc2nc(N[C@@H](C)c3ccc(F)cn3)c(C#N)nc2C)n[nH]1,82.72,c1(F)ccc([C@H](C)Nc2nc(Nc3n[nH]c(C)c3)c(C)nc2C#N)nc1,Aaraa{Dasda{D{A**Q}{A}ataaa{G}adt}a{A^D}dasA}d{dQ}r,19.409710487777406
CHEMBL20921,Nc1ccc2nc(SCC(=O)NC3CCN(Cc4ccc(Cl)c(Cl)c4)CC3)sc2c1,73.81,Clc1cc(CN2CCC(NC(CSc3nc4ccc(N)cc4s3)=O)CC2)ccc1Cl,Daraaasda{EAA{~B}DAtAAD{Aauaaa{Z}a{Z}au}AAt}easar,29.44688520896699
CHEMBL2206784,Cc1csc(NC(=O)COc2ncnc3c2cnn3-c2ccccc2Cl)n1,99.18,C(=O)(COc1c2cnn(-c3c(Cl)cccc3)c2ncn1)Nc1nc(C)cs1,Aaraea{DA{~B}ABasdadatasaddt_asaaaaasZ}dr,0.8674101610904539
CHEMBL2064327,Cc1cc(F)ccc1Oc1cccc2c(=O)cc(N3CCOCC3)[nH]c12,98.81,c1c(C)c(Oc2cccc3c(=O)cc(N4CCOCC4)[nH]c23)ccc1F,Aaraa{G}aaarBaraaaasa{~B}aa{DtAABAAt}{dQ}ars,1.284217641094965
CHEMBL2207278,O=C(NC[C@@H](O)CN1CCC(Oc2ccc(Cl)c(Cl)c2)CC1)c1c[nH]c(=O)c2cc(F)ccc12,98.92,c1(Cl)c(Cl)ccc(OC2CCN(C[C@@H](CNC(c3c4c(c(=O)[nH]c3)cc(F)cc4)=O)O)CC2)c1,B~A{DA{A**Q}{B}ADrAAA{Basaaa{Z}a{Z}as}AAr}ara{dQ}a{~B}asaa{G}aaars,1.1603019037963287
CHEMBL1683029,COc1cc2nnc(C(N)=O)c(Nc3cccc(Cl)c3Cl)c2cc1OC,98.81,c1(Cl)cccc(Nc2c3c(cc(OC)c(OC)c3)nnc2C(=O)N)c1Cl,ABaraasdda{A{D}~B}a{Dataaaa{Z}atZ}asaarBA,1.284217641094965
CHEMBL461574,Cc1ncc(NC(=O)c2cc(NC(=O)c3cccc(C(F)(F)F)c3)ccc2C)s1,98.81,c1(C)sc(NC(c2cc(NC(=O)c3cccc(C(F)(F)F)c3)ccc2C)=O)cn1,Aardaa{DA{~B}asaa{DA{~B}ataaaa{A{G}{G}G}at}aaasA}er,1.284217641094965
CHEMBL1951186,COc1cc(OC)c(S(=O)(=O)NCc2ccccc2N2CCC(C(=O)O)CC2)cc1NC(=O)CCC(=O)O,80.65,c1(OC)cc(OC)c(NC(CCC(O)=O)=O)cc1S(NCc1ccccc1N1CCC(C(=O)O)CC1)(=O)=O,ABaraa{BA}a{E{~B}{~B}DAasaaaaasDsAAA{A{~B}B}AAs}aarDA{~B}AAA{~B}B,21.7415793623972
CHEMBL2164744,COc1ccc2ncc(=O)n(CCN3CC[C@H](NCc4cc5c(cn4)OCCO5)[C@H](O)C3)c2c1,80.65,c12c(cc(CN[C@H]3CCN(CCn4c(=O)cnc5c4cc(OC)cc5)C[C@H]3O)nc1)OCCO2,ABaraaasdaa{~B}d{AADtAA{A*Q}{DAauaava{adu}BAABv}{A*Q}{B}At}asar,21.7415793623972
CHEMBL1950732,CN[C@@H](C)C(=O)N[C@H](C(=O)N[C@H]1CCCCN(Cc2ccccc2)C1)C1CCCCC1,80.29,c1ccccc1CN1CCCC[C@H](NC(=O)[C@H](C2CCCCC2)NC(=O)[C@@H](NC)C)C1,AD{A**Q}{A}A{~B}D{A*Q}{A{~B}D{A*Q}rAAAAD{Aasaaaaas}Ar}ArAAAAAr,22.147121775374554
CHEMBL1327979,Nc1nc2nc(-c3cccs3)cc(C(F)(F)F)n2n1,79.92,c1(C(F)(F)F)n2c(nc(N)n2)nc(-c2sccc2)c1,Dardasda{_ataaaet}aa{A{G}{G}G}dsdr,22.563929255379065
CHEMBL1650731,C[C@H](Nc1ncc(F)c(Nc2cc(N(C)C)[nH]n2)n1)c1ncc(F)cn1,78.01,CN(C)c1[nH]nc(Nc2nc(N[C@@H](C)c3ncc(F)cn3)ncc2F)c1,A{A*Q}{Dardaa{G}a{Dasaa{D{A}A}{dQ}ds}dr}ardaa{G}adr,24.71555705756449
CHEMBL2059198,CC(C)NC(=O)c1cc2c(-n3ccc(C(F)(F)F)n3)c(-c3cncc(C(=O)O)c3)cnc2[nH]1,77.21,c1c(C(NC(C)C)=O)[nH]c2c1c(-n1ccc(C(F)(F)F)n1)c(-c1cncc(C(O)=O)c1)cn2,AA{A}DA{~B}araasa{_dtaaa{A{G}{G}G}dt}a{_atadaa{A{~B}B}at}adas{dQ}r,25.616762419736403
CHEMBL2337980,CC(C)(C)NC(=O)NCCN1CCC(O)(CNC(=O)c2cc(Cl)cc(Cl)c2)CC1,76.81,C(NCCN1CCC(CNC(=O)c2cc(Cl)cc(Cl)c2)(O)CC1)(=O)NC(C)(C)C,AA{A}{A}DA{~B}DAADrAAA{B}{ADA{~B}asaa{Z}aa{Z}as}AAr,26.067365100822347
CHEMBL1525826,COc1nccnc1NS(=O)(=O)c1ccc(N)cc1,76.81,c1(N)ccc(S(=O)(Nc2nccnc2OC)=O)cc1,ABardaadarDE{~B}{~B}araaa{D}aar,26.067365100822347
CHEMBL2062557,COc1ccc(-c2cc(N)n3ncc(C#N)c3n2)cc1,93.24,c1(N)n2ncc(C#N)c2nc(-c2ccc(OC)cc2)c1,ABaraaa{_asaa{D}dtdaa{A^D}atds}aar,7.558859975216861
CHEMBL1288278,NC(=O)c1ccc(-c2cc3c(N[C@H]4CCCNC4)ncc(C(N)=O)c3s2)cc1,73.81,c1cc(C(N)=O)ccc1-c1sc2c(C(N)=O)cnc(N[C@H]3CCCNC3)c2c1,DA{~B}araaa{_asaata{D{A*Q}uAAADAu}daa{A{D}~B}ates}aar,29.44688520896699
CHEMBL108,NC(=O)N1c2ccccc2C=Cc2ccccc21,70.58,c1c2c(ccc1)C=Cc1c(cccc1)N2C(N)=O,DA{~B}DrasaaaaasA~Aasaaaaasr,33.08550185873606
CHEMBL236788,CCOc1cc(CN2CCC(Nc3nc4cc(S(N)(=O)=O)ccc4o3)CC2)cc(OCC)c1N,70.1,O=S(c1cc2nc(NC3CCN(Cc4cc(OCC)c(N)c(OCC)c4)CC3)oc2cc1)(N)=O,AABaraa{ADsAAA{Datdauaa{E{D}{~B}~B}aaaubt}AAs}aa{BAA}arD,33.62622507603921
CHEMBL1431692,CC(=O)Nc1ccc(Nc2cc(C)nc3c(-c4ccccc4)cnn23)cc1,99.58,c1c(NC(C)=O)ccc(Nc2n3ncc(-c4ccccc4)c3nc(C)c2)c1,AA{~B}Daraaa{Dasaa{A}data{_auaaaaau}addst}aar,0.4168074800045111
CHEMBL1800657,CCCN(CCNCCc1ccc(O)c2[nH]c(=O)sc12)C(=O)CCOCCc1ccccc1,93.94,C(C(=O)N(CCC)CCNCCc1c2sc(=O)[nH]c2c(O)cc1)COCCc1ccccc1,AAAD{AADAAaraaa{B}as{dQ}a{~B}ears}A{~B}AABAAaraaaaar,6.77030528331644
CHEMBL154709,COc1ccc2c(c1O)-c1cccc3c1[C@@H](C2)N(C)CC3,93.8,c1(O)c2c(ccc1OC)C[C@H]1N(C)CCc3cccc-2c31,ABaraaasa{arB}_araaaatar{A**Q}{As}D{A}AAt,6.928016221696525
CHEMBL2331746,Cc1cn([C@H]2CCCN(S(=O)(=O)c3ccc(O)c(Oc4ccccc4)c3)C2)c(=O)[nH]c1=O,93.8,c1c(Oc2ccccc2)c(O)ccc1S(=O)(N1C[C@@H](n2c(=O)[nH]c(=O)c(C)c2)CCC1)=O,Aarad{{A*Q}sAAAD{E{~B}{~B}ataaa{B}a{Bauaaaaau}at}As}a{~B}{dQ}ar~B,6.928016221696525
CHEMBL2207607,COc1cc(OC)c(S(=O)(=O)N2c3ccccc3CCC2C)cc1NC(=O)CCc1nn[nH]n1,93.53,c1(NC(=O)CCc2n[nH]nn2)cc(S(N2C(C)CCc3c2cccc3)(=O)=O)c(OC)cc1OC,ABaraa{BA}a{E{~B}{~B}DsataaaaatAAAsA}aarDA{~B}AAardd{dQ}dr,7.2321730314295385
CHEMBL495575,O=S(=O)(NC1CCNCC1)c1cc(S(=O)(=O)c2ccccc2)ccc1C(F)(F)F,92.48,C1CNCCC1NS(=O)(c1cc(S(=O)(=O)c2ccccc2)ccc1C(F)(F)F)=O,B~E{~B}{DArAADAAr}araa{E{~B}{~B}asaaaaas}aaarA{G}{G}G,8.41500506928016
CHEMBL1916024,Nc1nc(-c2nn(Cc3ccccc3F)c3ncccc23)nc(N)c1N1CCOCC1,92.32,c1(Cn2c3c(c(-c4nc(N)c(N5CCOCC5)c(N)n4)n2)cccn3)c(F)cccc1,Darda{_asdd{AataaaaatG}atdaaaast}da{D}arDrAABAAr,8.595246141714552
CHEMBL1088,CN1CCCCC1CCN1c2ccccc2Sc2ccc([S+](C)[O-])cc21,92.32,c1cccc2c1N(CCC1N(C)CCCC1)c1c(ccc([S+]([O-])C)c1)S2,ADrAAAAArAADrasaaaaasEasaaa{{E%}{A}{B_}}aasr,8.595246141714552
CHEMBL2152914,CC#Cc1cncc(-c2ccc3c(c2)C2(N=C(C)C(N)=N2)[C@]2(CC[C@H](OC)CC2)C3)c1,91.99,O([C@H]1CC[C@]2(C3(c4c(ccc(-c5cncc(C#CC)c5)c4)C2)N=C(N)C(C)=N3)CC1)C,AA^Aaradaa{_asaaata{as}As{D~A{A}A{D}~Ds}{A*}s{AA{A*Q}{BA}AAs}At}ar,8.966993353610462
CHEMBL457393,C[C@H](Nc1ncc(F)c(Nc2cc(C3CC3)[nH]n2)n1)c1ccc(F)cn1,91.99,[nH]1c(C2CC2)cc(Nc2nc(N[C@@H](C)c3ccc(F)cn3)ncc2F)n1,A{A*Q}{Dardaa{G}a{Dasaa{AtAAt}{dQ}ds}dr}araaa{G}adr,8.966993353610462
CHEMBL2048868,COc1cccc(/C=C2\SC(=O)NC2=O)c1N1CCC[C@@H](N)C1,91.64,c1cc(OC)c(N2C[C@H](N)CCC2)c(/C=C2\SC(=O)NC2=O)c1,ABaraaaa{|A~As!EA{~B}DAs~B}arDrAAA{A**Q}{D}Ar,9.361270699560665
CHEMBL1934416,COCC(C)n1nc(C)c(C(=O)N[C@@H](C)C(C)(C)C)c1NS(=O)(=O)c1ccc(C)cc1,91.64,c1(S(=O)(Nc2c(C(N[C@H](C(C)(C)C)C)=O)c(C)nn2C(COC)C)=O)ccc(C)cc1,ABAA{A}drda{A}a{A{~B}D{A**Q}{A}A{A}{A}A}arDE{~B}{~B}araaa{A}aar,9.361270699560665
CHEMBL2158772,Cc1ccccc1C[C@@H](C(=O)O)N1CCC(CN2CCC(Oc3ccc(Cl)c(Cl)c3)CC2)CC1,91.64,O(c1ccc(Cl)c(Cl)c1)C1CCN(CC2CCN([C@H](C(=O)O)Cc3ccccc3C)CC2)CC1,AaraaaaarA{A**Q}{A{~B}B}DrAAA{ADsAAA{Bataaa{Z}a{Z}at}AAs}AAr,9.361270699560665
CHEMBL1650729,Cc1cc(Nc2nc(N[C@@H](C)c3ncc(F)cn3)ncc2Br)n[nH]1,91.46,c1(C)cc(Nc2c(Br)cnc(N[C@H](c3ncc(F)cn3)C)n2)n[nH]1,Aaraa{Dasda{D{A**Q}{A}atdaa{G}adt}daasY}d{dQ}r,9.56404190604935
CHEMBL205807,CC(C)Cn1c(=O)n(C)c(=O)c2c(C(=O)N3CC[C@@H](O)C3)c(Cc3c[nH]c4ccccc34)sc21,91.46,c1cccc2[nH]cc(Cc3c(C(=O)N4C[C@H](O)CC4)c4c(=O)n(C)c(=O)n(CC(C)C)c4s3)c12,AA{A}Adra{~B}d{A}a{~B}asa{A{~B}DtAA{A**Q}{B}At}a{Aata{dQ}auaaaaatu}easr,9.56404190604935
CHEMBL256668,C[C@H](CO)Nc1nc(SCc2cccc(F)c2F)nc2[nH]c(=O)cnc12,98.86,c1(F)c(F)c(CSc2nc3c(c(N[C@H](C)CO)n2)ncc(=O)[nH]3)ccc1,A{A*Q}{AB}Darda{EAasaaaa{G}asG}das{dQ}a{~B}adars,1.2278923059592242
CHEMBL481557,CCOc1cc2ncc(C(N)=O)c(Nc3ccc(F)cc3F)c2cc1N1CCOCC1,91.64,c1cc(Nc2c(C(=O)N)cnc3cc(OCC)c(N4CCOCC4)cc23)c(F)cc1F,AABaraasdaa{A{D}~B}a{Dataaa{G}aatG}asaarDrAABAAr,9.361270699560665
CHEMBL521509,O=C(NC1CC1)c1cn(-c2cccc(C#Cc3cccnc3)c2)c2ncccc2c1=O,98.33,c1ncccc1C#Cc1cccc(-n2c3ncccc3c(=O)c(C(=O)NC3CC3)c2)c1,B~A{DArAAr}arad{_asaaaa{A^Aataaadat}as}asdaaaasar~B,1.8249408583981124
CHEMBL1934269,Cc1ccc(S(=O)(=O)Nc2c(C(=O)N[C@@H](C)C(C)(C)C)c(C)nn2CC(F)(F)F)cc1,98.58,c1c(C)ccc(S(=O)(Nc2n(CC(F)(F)F)nc(C)c2C(=O)N[C@H](C(C)(C)C)C)=O)c1,Aaraaa{E{~B}{~B}Dasa{A{~B}D{A**Q}{A}A{A}{A}A}a{A}ddsAA{G}{G}G}aar,1.5433141827193921
CHEMBL415,CN(C)CCCN1c2ccccc2CCc2ccc(Cl)cc21,96.26,Clc1cc2c(cc1)CCc1c(cccc1)N2CCCN(C)C,AD{A}AAADrasaaaaasAAasaaa{Z}aasr,4.156809733017909
CHEMBL1221702,C[C@H]1CN=C(N)c2sccc2O1,51.15,c12sccc1O[C@@H](C)CN=C2N,A{A*Q}rAD~A{D}aseaaasBr,54.973527092486194
CHEMBL1951575,CC(C)(C)NC(=O)c1ccc(Oc2cc(F)c(CC(=O)O)cc2Cl)c(NS(=O)(=O)c2ccc(C3CC3)cc2Cl)c1,99.85,c1(NS(=O)(=O)c2ccc(C3CC3)cc2Cl)cc(C(NC(C)(C)C)=O)ccc1Oc1cc(F)c(CC(=O)O)cc1Cl,AA{A}{A}DA{~B}araaa{Basaa{G}a{AA{~B}B}aasZ}a{DE{~B}{~B}asaaa{AtAAt}aasZ}ar,0.11265067027149771
CHEMBL2171040,COc1ccccc1S(=O)(=O)NC(=O)N1CCC(N2CCC(Oc3ccc(Cl)c(Cl)c3)CC2)CC1,95.91,O=S(=O)(NC(N1CCC(N2CCC(Oc3cc(Cl)c(Cl)cc3)CC2)CC1)=O)c1c(OC)cccc1,ABaraaaaarE{~B}{~B}DA{~B}DrAAA{DsAAA{Bataaa{Z}a{Z}at}AAs}AAr,4.551087078968126
CHEMBL249790,OCCO[C@H]1C[C@@H](n2nnc3c(N[C@@H]4C[C@H]4c4ccc(F)c(F)c4)nc(SCCC(F)(F)F)nc32)[C@H](O)[C@@H]1O,99.85,c1(F)cc([C@H]2[C@H](Nc3c4c(n([C@@H]5C[C@H](OCCO)[C@@H](O)[C@H]5O)nn4)nc(SCCC(F)(F)F)n3)C2)ccc1F,BAAB{A*Q}rA{A**Q}{dsddata{D{A**Q}uA{A*Q}uauaaa{G}a{G}au}da{EAAA{G}{G}G}dats}{A*Q}{B}{A**Q}rB,0.11265067027149771
CHEMBL1592,CCOC(=O)[C@H](CCc1ccccc1)N[C@@H](C)C(=O)N1Cc2ccccc2C[C@H]1C(=O)O,95.82,C(c1ccccc1)C[C@@H](C(=O)OCC)N[C@H](C(=O)N1Cc2c(cccc2)C[C@H]1C(=O)O)C,AABA{~B}{A*Q}{AAaraaaaar}D{A**Q}{A}A{~B}DrAasaaaaasA{A*Q}rA{~B}B,4.652472682212469
CHEMBL1359986,Cc1ccc(NC(=O)Nc2nnc(-c3ccncc3)s2)cc1,99.39,n1ccc(-c2sc(NC(=O)Nc3ccc(C)cc3)nn2)cc1,Aaraaa{DA{~B}Dasdda{_ataadaat}es}aar,0.630843753520336
CHEMBL2178385,NC(=O)c1cncc(-c2ccc([C@H]3CC[C@H](CC(=O)O)CC3)cc2)c1,97.32,c1ncc(C(=O)N)cc1-c1ccc([C@H]2CC[C@H](CC(O)=O)CC2)cc1,DA{~B}aradaa{_asaaa{{A*Q}tAA{A*Q}{AA{~B}B}AAt}aas}ar,2.962712628140148
CHEMBL744,Nc1nc2ccc(OC(F)(F)F)cc2s1,97.13,c1(OC(F)(F)F)ccc2nc(N)sc2c1,Dardasaaa{BA{G}{G}G}aaser,3.176748901655973
CHEMBL1916274,Cc1ccc(S(=O)(=O)Nc2c(C(=O)NC3CCCCC3)c(C)nn2-c2ccccc2)cc1,99.86,N(S(=O)(=O)c1ccc(C)cc1)c1c(C(=O)NC2CCCCC2)c(C)nn1-c1ccccc1,Aaraaa{E{~B}{~B}Dasa{A{~B}DAtAAAAAt}a{A}dds_asaaaaas}aar,0.10138560324434313
CHEMBL2207661,O=C(NC[C@@H](O)CN1CCC(Oc2ccc(Cl)c(Cl)c2)CC1)c1c[nH]nc1C1CC1,96.87,C1C(Oc2cc(Cl)c(Cl)cc2)CCN(C[C@@H](CNC(=O)c2c[nH]nc2C2CC2)O)C1,B~A{DA{A**Q}{B}ADrAAA{Basaaa{Z}a{Z}as}AAr}ara{dQ}darArAAr,3.4696406443618315
CHEMBL1643194,Cc1cc(CN2Cc3ccccc3C2C(=O)Nc2ccc(Cl)cc2Cl)ccc1OCC(=O)O,99.87,c1cc(OCC(O)=O)c(C)cc1CN1Cc2c(cccc2)C1C(=O)Nc1c(Cl)cc(Cl)cc1,Aaraa{ADsAataaaaatAsA{~B}Dasaaa{Z}aasZ}aaarBAA{~B}B,0.09012053621718856
CHEMBL459675,Cc1ncc(NC(=O)c2cc(NC(=O)c3cc(F)cc(C(F)(F)F)c3)ccc2Cl)s1,99.65,c1cc(Cl)c(C(Nc2sc(C)nc2)=O)cc1NC(c1cc(C(F)(F)F)cc(F)c1)=O,Aardaa{DA{~B}asaa{DA{~B}ataa{G}aa{A{G}{G}G}at}aaasZ}er,0.3379520108144611
CHEMBL2349316,CC(C)C[C@H](CO)Nc1nc(S[C@@H](C)c2ccccc2F)nc2nc(N)sc12,99.89,c12c(N[C@H](CC(C)C)CO)nc(S[C@@H](C)c3ccccc3F)nc1nc(N)s2,AA{A}A{A*Q}{AB}Darda{E{A**Q}{A}asaaaaasG}dasda{D}ears,0.06759040216289543
CHEMBL2325601,Nc1n[nH]cc1-c1cc(C(F)(F)F)ccc1Oc1cc(F)c(S(=O)(=O)Nc2cscn2)cc1Cl,99.66,O=S(=O)(Nc1ncsc1)c1cc(Cl)c(Oc2ccc(C(F)(F)F)cc2-c2c(N)n[nH]c2)cc1F,Dard{dQ}aar_araa{A{G}{G}G}aaarBaraa{G}a{E{~B}{~B}Dasaeads}aarZ,0.32668694378732255
CHEMBL2164043,O=C(NCc1ccc(F)c(OC(F)(F)F)c1)C1c2ccccc2C(=O)N1CCc1ncc(F)cn1,96.79,O=C1N(CCc2ncc(F)cn2)C(C(NCc2ccc(F)c(OC(F)(F)F)c2)=O)c2c1cccc2,B~A{DAaraaa{G}a{BA{G}{G}G}ar}ArasaaaaasA{~B}DrAAardaa{G}adr,3.55976118057902
CHEMBL2018964,COc1cccc2c1c(NS(=O)(=O)c1ccc(Cl)s1)nn2Cc1cccc(CNC(C)=O)c1,99.34,O=S(=O)(c1ccc(Cl)s1)Nc1nn(Cc2cc(CNC(C)=O)ccc2)c2cccc(OC)c12,ABaraaaasara{DE{~B}{~B}araaa{Z}er}ddsAaraaaa{ADA{A}~B}ar,0.6871690886560767
CHEMBL2029721,CN(CC(=O)NC1CC1)C(=O)c1ccc2c(c1)c1c(n2C)CCC(C2CCOCC2)C1,96.72,c12n(C)c3ccc(C(N(CC(=O)NC4CC4)C)=O)cc3c1CC(C1CCOCC1)CC2,AD{AA{~B}DArAAr}A{~B}araaasa{ar}ara{dsA}AAA{AsAABAAs}Ar,3.6386166497690704
CHEMBL2158826,O=C(O)Cc1cccc(N2CCC(CN3CCC(Oc4ccc(Cl)c(Cl)c4)CC3)CC2)c1,96.72,c1c(CC(=O)O)cccc1N1CCC(CN2CCC(Oc3cc(Cl)c(Cl)cc3)CC2)CC1,B~A{B}Aaraaaa{DsAAA{ADtAAA{Bauaaa{Z}a{Z}au}AAt}AAs}ar,3.6386166497690704
CHEMBL2323231,O=C(CSc1nc2c(c(=O)n1-c1ccccc1)SCC2)Nc1ccc(-c2ccccc2)cn1,99.83,c1cc(NC(CSc2n(-c3ccccc3)c(=O)c3c(n2)CCS3)=O)ncc1-c1ccccc1,B~A{AEardasa{a{~B}dr_araaaaar}EAAs}Daraaa{_asaaaaas}adr,0.13518080432579085
CHEMBL2158821,O=C(O)[C@@H](c1ccccc1)N1CCC(CN2CCC(Oc3ccc(Cl)c(Cl)c3)CC2)CC1,83.37,Clc1ccc(OC2CCN(CC3CCN([C@H](c4ccccc4)C(=O)O)CC3)CC2)cc1Cl,B~A{B}{A**Q}{araaaaar}DrAAA{ADsAAA{Bataaa{Z}a{Z}at}AAs}AAr,18.677481131012726
CHEMBL205092,CC(C)Cn1c(=O)n(C)c(=O)c2c(C(=O)N3CC[C@@H](O)C3)c(Cc3c[nH]c4ncccc34)sc21,68.63,c1ccc2c(Cc3sc4n(CC(C)C)c(=O)n(C)c(=O)c4c3C(N3CC[C@@H](O)C3)=O)c[nH]c2n1,AA{A}Adra{~B}d{A}a{~B}asa{A{~B}DtAA{A**Q}{B}At}a{Aata{dQ}audaaaatu}easr,35.28218992903008
CHEMBL601719,C[C@@H](Oc1cc(-c2cnn(C3CCNCC3)c2)cnc1N)c1c(Cl)ccc(F)c1Cl,92.16,c1c(O[C@@H](c2c(Cl)c(F)ccc2Cl)C)c(N)ncc1-c1cnn(C2CCNCC2)c1,A{A**Q}{Baraa{_asadd{AtAADAAt}as}adarD}ara{Z}aaa{G}arZ,8.775487214148932
CHEMBL2179668,Cc1cn([C@H]2CCCN(Cc3ccc(C(=O)O)c(Oc4cccc(F)c4)c3)C2)c(=O)[nH]c1=O,91.82,c1(Oc2cc(CN3CCC[C@H](n4c(=O)[nH]c(=O)c(C)c4)C3)ccc2C(=O)O)cc(F)ccc1,Aarad{{A*Q}sAAAD{Aataaa{A{~B}B}a{Bauaaaa{G}au}at}As}a{~B}{dQ}ar~B,9.158499493071993
CHEMBL113,Cn1c(=O)c2c(ncn2C)n(C)c1=O,24.45,O=c1c2c(n(C)c(=O)n1C)ncn2C,Adra{~B}asa{dadsA}d{A}ar~B,85.05125605497352
CHEMBL2177916,COc1ccc(C2(c3cccc(-c4cncnc4)c3)N=C(N)c3c(F)cccc32)cc1,97.32,c1(C2(c3ccc(OC)cc3)N=C(N)c3c(F)cccc32)cc(-c2cncnc2)ccc1,ABaraaa{As{ataaaa{_auadadau}at}D~A{D}ata{G}aaaats}aar,2.962712628140148
CHEMBL1950847,CN[C@@H](C)C(=O)N[C@H](C(=O)N[C@H]1CCCN(S(=O)(=O)Cc2ccccc2)C1)C(C)(C)C,48.85,CC(C)([C@@H](C(=O)N[C@@H]1CN(S(=O)(=O)Cc2ccccc2)CCC1)NC([C@H](C)NC)=O)C,AD{A**Q}{A}A{~B}D{A*Q}{A{~B}D{A*Q}rAAAD{E{~B}{~B}Aasaaaaas}Ar}A{A}{A}A,57.56449250873042
CHEMBL257025,C[C@H](CO)Nc1nc(SCc2cccc(F)c2F)nc2[nH]ncc12,96.5,C(O)[C@H](Nc1nc(SCc2c(F)c(F)ccc2)nc2c1cn[nH]2)C,A{A*Q}{AB}Darda{EAasaaaa{G}asG}das{dQ}daars,3.8864481243663427
CHEMBL520733,CC(C)[C@H](O)C(=O)N[C@@H](C)C(=O)N[C@@H]1C(=O)N(C)CCc2ccccc21,19.71,c12c(cccc1)CCN(C)C(=O)[C@H]2NC([C@@H](NC(=O)[C@H](C(C)C)O)C)=O,AA{A}{A*Q}{B}A{~B}D{A**Q}{A}A{~B}D{A**Q}rA{~B}D{A}AAasaaaaasr,90.39089782584206
CHEMBL1515,Cn1cc[nH]c1=S,18.99,[nH]1ccn(C)c1=S,Adraa{dQ}ar~E,91.20198265179678
CHEMBL1650697,Cc1cc(Nc2nc(N[C@@H](C)c3ncc(F)cn3)ncc2F)n[nH]1,52.88,n1c(N[C@H](c2ncc(F)cn2)C)ncc(F)c1Nc1cc(C)[nH]n1,Aaraa{Dasda{D{A**Q}{A}atdaa{G}adt}daasG}d{dQ}r,53.02467049678945
CHEMBL1916547,COc1ccc2nnc(=O)n(CCN3CCC(NCc4ccc5c(n4)NC(=O)CO5)CC3)c2c1,55.73,O=c1nnc2c(n1CCN1CCC(NCc3nc4c(cc3)OCC(=O)N4)CC1)cc(OC)cc2,ABaraaasdda{~B}d{AADtAAA{DAauaaava{du}DA{~B}ABv}AAt}asar,49.814126394052046
CHEMBL430381,OCC(CO)Nc1nc(SCc2cccc(F)c2F)nc2nc(NC3CC3)sc12,94.9,c1(CSc2nc(NC(CO)CO)c3c(nc(NC4CC4)s3)n2)cccc(F)c1F,BAA{AB}Darda{EAasaaaa{G}asG}dasda{DAtAAt}ears,5.688858848710146
CHEMBL2071507,CC(C)C(NC(=O)c1cc(Cl)ccc1C(F)(F)F)C(=O)c1ccc(C#N)cc1,97.38,c1cc(C(F)(F)F)c(C(=O)NC(C(c2ccc(C#N)cc2)=O)C(C)C)cc1Cl,AA{A}A{DA{~B}araa{Z}aaarA{G}{G}G}A{~B}araaa{A^D}aar,2.8951222259772527
CHEMBL2331741,Cc1cccc(Oc2cc(S(=O)(=O)N3CCC[C@H](n4cc(C)c(=O)[nH]c4=O)C3)ccc2C(=O)O)c1,94.32,C1[C@H](n2c(=O)[nH]c(=O)c(C)c2)CN(S(=O)(c2cc(Oc3cc(C)ccc3)c(C(O)=O)cc2)=O)CC1,Aaraaaa{Basaa{E{~B}{~B}DtAAA{A*Q}{duaa{A}a{~B}{dQ}au~B}At}aaasA{~B}B}ar,6.342232736284791
CHEMBL605846,COc1ccc(CC(C)(C)NC[C@H](O)c2cc(O)cc3c2OCC(=O)N3)cc1,59.11,N(C[C@H](O)c1cc(O)cc2c1OCC(=O)N2)C(C)(Cc1ccc(OC)cc1)C,ABaraaa{AA{A}{A}DA{A*Q}{B}asaa{B}aatasBAA{~B}Dt}aar,46.006533738875746
CHEMBL631,CCCNCC(O)COc1ccccc1C(=O)CCc1ccccc1,92.95,c1c(CCC(=O)c2c(OCC(O)CNCCC)cccc2)cccc1,AAADAA{B}ABaraaaaarA{~B}AAaraaaaar,7.885546919004168
CHEMBL2088415,O=S(=O)(Nc1ccc(C(F)(F)F)cc1)c1ccc2sc(CO)nc2c1,99.73,c1c(S(Nc2ccc(C(F)(F)F)cc2)(=O)=O)ccc2c1nc(CO)s2,B~E{~B}{Daraaa{A{G}{G}G}aar}araaasea{AB}dasar,0.24783147459727253
CHEMBL480558,CCC(CC)[C@@H](CO)NS(=O)(=O)c1ccc(Cl)s1,92.16,s1c(S(=O)(=O)N[C@H](CO)C(CC)CC)ccc1Cl,AAA{AA}{A**Q}{AB}DE{~B}{~B}araaa{Z}er,8.775487214148932
CHEMBL1389370,CCN(CC)CCNc1ncnc2c1sc1nc(N3CCOCC3)c3c(c12)CCCC3,92.16,C1OCCN(c2nc3sc4c(NCCN(CC)CC)ncnc4c3c3c2CCCC3)C1,AAD{AA}AADardadasarearda{DtAABAAt}ata{ars}AAAAt,8.775487214148932
CHEMBL1951182,COc1cc(OC)c(S(=O)(=O)NCc2ccccc2N2CCCCC2)cc1NC(=O)CCC(=O)O,69.61,c1cc(CNS(=O)(c2cc(NC(=O)CCC(O)=O)c(OC)cc2OC)=O)c(N2CCCCC2)cc1,ABaraa{BA}a{E{~B}{~B}DAasaaaaasDsAAAAAs}aarDA{~B}AAA{~B}B,34.1782133603695
CHEMBL1683038,COc1cc2nnc(C(N)=O)c(Nc3cccc(Cl)c3F)c2cc1N1CCN(C)CC1,92.16,c12c(Nc3cccc(Cl)c3F)c(C(=O)N)nnc1cc(OC)c(N1CCN(C)CC1)c2,ABaraasdda{A{D}~B}a{Dataaaa{Z}atG}asaarDrAAD{A}AAr,8.775487214148932
CHEMBL1650732,Cc1cc(Nc2cc(N3CCOCC3)nc(N[C@@H](C)c3ncc(F)cn3)n2)n[nH]1,45.98,[C@H](C)(c1ncc(F)cn1)Nc1nc(Nc2cc(C)[nH]n2)cc(N2CCOCC2)n1,Aaraa{Dasaa{DtAABAAt}da{D{A**Q}{A}atdaa{G}adt}ds}d{dQ}r,60.79756674552214
CHEMBL480250,COc1cc2ncc(C(N)=O)c(Nc3cccc(Cl)c3Cl)c2cc1N1CCN(C)CC1,95.53,c1(OC)cc2ncc(C(=O)N)c(Nc3cccc(Cl)c3Cl)c2cc1N1CCN(C)CC1,ABaraasdaa{A{D}~B}a{Dataaaa{Z}atZ}asaarDrAAD{A}AAr,4.979159625999776
CHEMBL468297,c1ccc(-c2nnc3ccc(NC4CC4)nn23)cc1,95.43,c1c(NC2CC2)nn2c(-c3ccccc3)nnc2c1,araaa{_asddataaa{DAuAAu}ddst}aar,5.091810296271258
CHEMBL1934267,Cc1ccc(S(=O)(=O)Nc2c(C(=O)N[C@@H](C)C(C)(C)C)c(C)nn2C(C)C)cc1,95.43,O=C(c1c(NS(c2ccc(C)cc2)(=O)=O)n(C(C)C)nc1C)N[C@H](C(C)(C)C)C,Aaraaa{E{~B}{~B}Dasa{A{~B}D{A**Q}{A}A{A}{A}A}a{A}ddsA{A}A}aar,5.091810296271258
CHEMBL2335908,COc1cc2nc(Nc3ccc([C@@H](C)NC(C)=O)cc3)ncc2cc1-c1ccncc1,97.38,O(c1c(-c2ccncc2)cc2cnc(Nc3ccc([C@H](NC(=O)C)C)cc3)nc2c1)C,ABaraasda{Dataaa{{A**Q}{A}DA{A}~B}aat}daasaar_araadaar,2.8951222259772527
CHEMBL1824039,O=C1COc2ccc(CNC3CCN(CCN4C(=O)COc5ccc(OC(F)(F)F)cc54)CC3)nc2N1,97.91,c12c(cc(OC(F)(F)F)cc1)N(CCN1CCC(NCc3nc4c(cc3)OCC(=O)N4)CC1)C(=O)CO2,B~ArABasaaa{ADAtAAD{AADuA{~B}ABavaaa{BA{G}{G}G}aavu}AAt}dasDr,2.2980736735383642
CHEMBL72292,CN1CCN(C2=Nc3ccccc3Nc3ccc(OS(=O)(=O)C(F)(F)F)cc32)CC1,96.42,c1cc(OS(=O)(C(F)(F)F)=O)cc2c1Nc1ccccc1N=C2N1CCN(C)CC1,ADrAAD{As~DataaaaatDataaa{BE{~B}{~B}A{G}{G}G}aats}AAr,3.9765686605835313
CHEMBL184012,Cc1ccc(NC(=O)c2ccnc(N3CCOCC3)c2)cc1NC(=O)c1ccc(OCc2ccccn2)cc1,98.51,c1(NC(=O)c2ccc(OCc3ncccc3)cc2)cc(NC(=O)c2ccnc(N3CCOCC3)c2)ccc1C,Aaraaa{DA{~B}asaada{DtAABAAt}as}aarDA{~B}araaa{BAasaaaads}aar,1.6221696519094262
CHEMBL75880,C1CCC(C(CC2CCCCN2)C2CCCCC2)CC1,98.44,C1CCC(C(C2CCCCC2)CC2NCCCC2)CC1,ArAAA{A{AAsAAAADs}AsAAAAAs}AAr,1.701025121099476
CHEMBL511444,CN[C@@H](C)C(=O)N[C@H](C(=O)N1CC[C@H]2CC[C@H](NC(=O)c3cccc4ccccc34)[C@H]21)C(C)(C)C,98.4,N1(C(=O)[C@H](C(C)(C)C)NC([C@@H](NC)C)=O)[C@H]2[C@H](CC[C@@H]2NC(c2c3ccccc3ccc2)=O)CC1,AD{A**Q}{A}A{~B}D{A*Q}{A{~B}DrAA{A*Q}sAA{A*Q}{DA{~B}ataaaauaaaaatu}{A*Q}sr}A{A}{A}A,1.7460853892080623
CHEMBL2058529,O=C(O)CCc1ccc(OCc2cc(Cl)ccc2-c2ccccc2)cc1,99.8,c1(-c2ccc(Cl)cc2COc2ccc(CCC(=O)O)cc2)ccccc1,B~A{B}AAaraaa{BAasaa{Z}aaas_asaaaaas}aar,0.16897600540723856
CHEMBL480032,CCOc1cc2ncc(C(N)=O)c(Nc3cccc(Cl)c3Cl)c2cc1N1CCCN(C)CC1,98.37,CCOc1cc2c(cc1N1CCCN(C)CC1)c(Nc1c(Cl)c(Cl)ccc1)c(C(N)=O)cn2,AABaraasdaa{A{D}~B}a{Dataaaa{Z}atZ}asaarDrAAAD{A}AAr,1.77988059028951
CHEMBL1503415,O=c1cc(O)oc2c1c(=O)n(-c1ccccc1)c1ccccc21,98.17,c1cc(-n2c(=O)c3c(oc(O)cc3=O)c3ccccc23)ccc1,B~araa{B}basara{~B}d{_araaaaar}araaaaasr,2.0051819308324896
CHEMBL2011912,CNc1c(Br)cnc2[nH]c(-c3ccnc(N)c3)nc12,97.32,c12[nH]c(-c3ccnc(N)c3)nc1c(NC)c(Br)cn2,ADara{Y}adas{dQ}a{_ataada{D}at}dars,2.962712628140148
CHEMBL2011924,CNc1c(Cl)cnc2[nH]c(-c3ccc(OCCN4CCOCC4)cc3)nc12,98.09,c12[nH]c(-c3ccc(OCCN4CCOCC4)cc3)nc1c(NC)c(Cl)cn2,ADara{Z}adas{dQ}a{_ataaa{BAADuAABAAu}aat}dars,2.0953024670496783
CHEMBL589973,CCCCNC(=O)c1ccc(Oc2ccc(CC(=O)O)cc2OC)c(NS(=O)(=O)c2ccc(Cl)cc2Cl)c1,99.8,c1cc(Oc2ccc(C(NCCCC)=O)cc2NS(c2c(Cl)cc(Cl)cc2)(=O)=O)c(OC)cc1CC(=O)O,AAAADA{~B}araaa{Basaaa{AA{~B}B}aasBA}a{DE{~B}{~B}asaaa{Z}aasZ}ar,0.16897600540723856
CHEMBL2021696,Cn1c(-c2cc(=O)c(O)c[nH]2)nn(S(=O)(=O)NC(=O)N2C[C@H](NC(=O)/C(=N\OC(C)(C)C(=O)O)c3csc(N)n3)C2=O)c1=O,95.53,C(\c1csc(N)n1)(=N/OC(C(=O)O)(C)C)C(=O)N[C@H]1CN(C(=O)NS(=O)(n2nc(-c3cc(=O)c(O)c[nH]3)n(C)c2=O)=O)C1=O,Adra{_asaa{~B}a{B}a{dQ}s}dd{E{~B}{~B}DA{~B}DsA{A*Q}{DA{~B}|A{~D!BA{A}{A}A{~B}B}ataea{D}dt}As~B}ar~B,4.979159625999776
CHEMBL2147306,COc1ncc(-c2c(C)ccc(F)c2CCNC(=O)c2ccc(OCC(F)(F)F)nc2)cn1,99.8,O(c1ncc(-c2c(CCNC(=O)c3ccc(OCC(F)(F)F)nc3)c(F)ccc2C)cn1)C,ABardaa{_asa{A}aaa{G}asAADA{~B}asaaa{BAA{G}{G}G}das}adr,0.16897600540723856
CHEMBL62136,O=S(=O)(c1ccccc1)N(CC(F)(F)F)c1ccc(C(O)(C(F)(F)F)C(F)(F)F)cc1,99.56,c1(S(=O)(N(c2ccc(C(C(F)(F)F)(O)C(F)(F)F)cc2)CC(F)(F)F)=O)ccccc1,B~E{~B}{araaaaar}D{AA{G}{G}G}araaa{A{B}{A{G}{G}G}A{G}{G}G}aar,0.4393376140588042
CHEMBL7301,CC1=C(/C=C/C(C)=C/C=C/C(C)=C/C(=O)Nc2ccc(O)cc2)C(C)(C)CCC1,99.81,c1(O)ccc(NC(=O)/C=C(C)/C=C/C=C(/C=C/C2=C(C)CCCC2(C)C)C)cc1,AAr~A{|A~A|A{A}~A|A~A|A{A}~A|A{~B}Dasaaa{B}aas}A{A}{A}AAAr,0.157710938380084
CHEMBL222333,CCNC(=O)Nc1nc2cc(-c3cccnc3)cc(-c3ncccc3F)c2[nH]1,98.64,CCNC(Nc1[nH]c2c(cc(-c3cnccc3)cc2-c2c(F)cccn2)n1)=O,AADA{~B}Dardasaa{_ataaadat}aa{_atdaaaatG}as{dQ}r,1.4757237805564967
CHEMBL2069422,COc1ncc(-c2cccc3c2C[C@H](NC(=O)c2ccc(OCCC(F)(F)F)nc2)CO3)cn1,98.67,C(CC(F)(F)F)Oc1ccc(C(N[C@H]2Cc3c(-c4cnc(OC)nc4)cccc3OC2)=O)cn1,ABardaa{_asaaaatasA{A*Q}{DA{~B}asaaa{BAAA{G}{G}G}das}ABt}adr,1.441928579475049
CHEMBL2164366,O=C(NCc1ccc(OC(F)(F)F)cc1)C1c2ccccc2C(=O)N1CCc1ncc(F)cn1,95.23,FC(F)(F)Oc1ccc(CNC(C2N(CCc3ncc(F)cn3)C(=O)c3ccccc32)=O)cc1,B~A{DAaraaa{BA{G}{G}G}aar}ArasaaaaasA{~B}DrAAardaa{G}adr,5.3171116368142375
CHEMBL1939414,Nc1nc(Nc2cccc(Br)c2)c2nc[nH]c2n1,64.54,c1ccc(Nc2nc(N)nc3[nH]cnc32)cc1Br,Darda{Dasaaaa{Y}as}asda{dQ}asdr,39.88960234313393
CHEMBL2103856,CCOc1cc2c(c(F)c1OCC)C(=N)N(CC(=O)c1cc(N3CCOCC3)c(OC)c(C(C)(C)C)c1)C2,99.79,C(N1Cc2cc(OCC)c(OCC)c(F)c2C1=N)C(=O)c1cc(C(C)(C)C)c(OC)c(N2CCOCC2)c1,AABaraasa{a{G}arBAA}A{~D}D{AA{~B}araa{DtAABAAt}a{BA}a{A{A}{A}A}ar}As,0.18024107243437712
CHEMBL516758,CC(C)Oc1cc2ncc(C(N)=O)c(Nc3cccc(Cl)c3Cl)c2cc1N1CCN(C)CC1,98.61,CC(Oc1cc2ncc(C(=O)N)c(Nc3cccc(Cl)c3Cl)c2cc1N1CCN(C)CC1)C,AA{A}Baraasdaa{A{D}~B}a{Dataaaa{Z}atZ}asaarDrAAD{A}AAr,1.5095189816379444
CHEMBL1198335,COc1cccc(Nc2nc(NCC3CCCO3)c3ccccc3n2)c1,98.81,c1(Nc2nc(NCC3OCCC3)c3c(cccc3)n2)cc(OC)ccc1,ABaraaaa{Dasda{DAAtAAABt}ataaaaatds}ar,1.284217641094965
CHEMBL1483,CCCSc1ccc2nc(NC(=O)OC)[nH]c2c1,95.43,N(c1[nH]c2c(n1)ccc(SCCC)c2)C(=O)OC,AAAEaraaasda{DA{~B}BA}{dQ}asar,5.091810296271258
CHEMBL219098,CC(C)Cn1c(=O)n(C)c(=O)c2c(C(=O)N3CC[C@@H](O)C3)c(Oc3cccc4ccccc34)sc21,99.28,c1cc(Oc2sc3n(CC(C)C)c(=O)n(C)c(=O)c3c2C(N2CC[C@@H](O)C2)=O)c2ccccc2c1,AA{A}Adra{~B}d{A}a{~B}asa{A{~B}DtAA{A**Q}{B}At}a{Bataaaauaaaaatu}easr,0.7547594908189722
CHEMBL78628,CN(CC(=O)O)NC(=O)C[C@H](N)C[C@@H](O)CN,12.63,[C@@H](O)(C[C@H](CC(=O)NN(C)CC(O)=O)N)CN,AD{AA{~B}B}DA{~B}A{A*Q}{D}A{A**Q}{B}AD,98.36656528106342
CHEMBL1288103,NC(=O)c1cnc(N[C@H]2CCCNC2)c2cc(-c3ccc(Cl)c(F)c3)sc12,98.94,C(N)(c1c2c(c(N[C@@H]3CNCCC3)nc1)cc(-c1cc(F)c(Cl)cc1)s2)=O,DA{~B}arada{D{A*Q}sAAADAs}asaa{_ataaa{Z}a{G}at}ears,1.1377717697420355
CHEMBL118,Cc1ccc(-c2cc(C(F)(F)F)nn2-c2ccc(S(N)(=O)=O)cc2)cc1,98.94,c1c(-c2cc(C(F)(F)F)nn2-c2ccc(S(=O)(=O)N)cc2)ccc(C)c1,Aaraaa{_asaa{A{G}{G}G}dds_asaaa{E{D}{~B}~B}aas}aar,1.1377717697420355
CHEMBL72,CNCCCN1c2ccccc2CCc2ccccc21,85.19,c1cc2c(cc1)N(CCCNC)c1ccccc1CC2,ADAAADrasaaaaasAAasaaaaasr,16.62723893207165
CHEMBL2165175,Cc1cc(-c2cc(=O)[nH]c(NCc3cccc4ccccc34)n2)ccn1,99.75,c12c(CNc3[nH]c(=O)cc(-c4ccnc(C)c4)n3)cccc1cccc2,Aaraa{_asaa{~B}{dQ}a{DAataaaauaaaaatu}ds}aadr,0.2253013405429794
CHEMBL2164745,COc1ccc2ncc(=O)n(CCN3CC[C@@H](NCc4cc5c(cn4)OCCO5)[C@@H](O)C3)c2c1,85.77,N([C@@H]1CCN(CCn2c(=O)cnc3c2cc(OC)cc3)C[C@@H]1O)Cc1ncc2c(c1)OCCO2,ABaraaasdaa{~B}d{AADtAA{A**Q}{DAauaava{adu}BAABv}{A**Q}{B}At}asar,15.973865044497021
CHEMBL1460615,O=S1(=O)CC(O)C(N2CCC(c3ccccc3)CC2)C1,43.14,C1C(c2ccccc2)CCN(C2CS(=O)(=O)CC2O)C1,B~Er{~B}AA{B}A{DsAAA{ataaaaat}AAs}Ar,63.99684578123239
CHEMBL2059872,Cc1ccc(-c2ncc(CN3CCOCC3)s2)cc1NC(=O)c1ccc(OCc2ccccn2)cc1,96.72,O1CCN(Cc2sc(-c3ccc(C)c(NC(=O)c4ccc(OCc5ccccn5)cc4)c3)nc2)CC1,Aaraaa{_asdaa{ADtAABAAt}es}aarDA{~B}araaa{BAasaaaads}aar,3.6386166497690704
CHEMBL74355,COc1cccc([C@H](O)C2CCN(CCc3ccc(F)cc3)CC2)c1OC,34.94,C(c1ccc(F)cc1)CN1CCC([C@@H](O)c2c(OC)c(OC)ccc2)CC1,ABaraaaa{{A*Q}{B}AsAAD{AAataaa{G}aat}AAs}arBA,73.23420074349443
CHEMBL1241590,CS(=O)(=O)c1ccc([C@@H](O)[C@@H](CF)NC(=O)C(Cl)Cl)cc1,32.37,N(C(C(Cl)Cl)=O)[C@@H]([C@@H](c1ccc(S(C)(=O)=O)cc1)O)CF,AE{~B}{~B}araaa{{A**Q}{B}{A**Q}{AG}DA{~B}A{Z}Z}aar,76.12932296947167
CHEMBL398338,CC(C)(C)c1ccc2c(c1)CC[C@H]2NC(=O)Nc1cccc2[nH]ncc12,99.78,C(C)(C)(c1cc2c(cc1)[C@H](NC(Nc1cccc3[nH]ncc31)=O)CC2)C,AA{A}{A}araaasa{ar}AA{A*Q}sDA{~B}Daraaaas{dQ}daars,0.1915061394615317
CHEMBL1824040,CC(=O)c1ccc2c(c1)N(CCN1CCC(NCc3ccc4c(n3)NC(=O)CO4)CC1)C(=O)CO2,88.11,O=C(C)c1cc2c(cc1)OCC(=O)N2CCN1CCC(NCc2nc3c(cc2)OCC(=O)N3)CC1,AA{~B}araaasa{ar}D{AADrAAA{DAataaaua{dt}DA{~B}ABu}AAr}A{~B}ABs,13.337839360144196
CHEMBL1922055,C[C@@](C(=O)O[C@H]1C[N+]2(Cc3cc(-c4ccccc4)on3)CCC1CC2)(c1ccccc1)N1CCCCC1,98.0,c1c(-c2onc(C[N+]34CCC([C@@H](OC([C@@](C)(N5CCCCC5)c5ccccc5)=O)C3)CC4)c2)cccc1,A{A**}{A{~B}B{A*Q}rA{D%}s{Aataa{_auaaaaau}bdt}AAArAAs}{araaaaar}DrAAAAAr,2.1966880702940212
CHEMBL1683028,COc1cc2nnc(C(N)=O)c(Nc3cccc(Cl)c3F)c2cc1OC,97.81,O=C(c1nnc2cc(OC)c(OC)cc2c1Nc1c(F)c(Cl)ccc1)N,ABaraasdda{A{D}~B}a{Dataaaa{Z}atG}asaarBA,2.410724343809846
CHEMBL1904775,COc1ccc(Cl)cc1NC(=O)CCS(=O)(=O)c1ccc(C)cc1,97.81,c1cc(OC)c(NC(=O)CCS(c2ccc(C)cc2)(=O)=O)cc1Cl,ABaraaa{Z}aarDA{~B}AAE{~B}{~B}araaa{A}aar,2.410724343809846
CHEMBL1486109,COc1ccc(-c2nc(-c3ccccn3)no2)cc1,97.6,n1ccccc1-c1noc(-c2ccc(OC)cc2)n1,ABaraaa{_asda{_ataaaadt}dbs}aar,2.64729075137998
CHEMBL2338406,CC(C)(C)NC(=O)NCCN1CCC(CNC(=O)c2cc(Cl)cc(Cl)c2)CC1,89.05,C1CN(CCNC(NC(C)(C)C)=O)CCC1CNC(c1cc(Cl)cc(Cl)c1)=O,AA{A}{A}DA{~B}DAADrAAA{ADA{~B}asaa{Z}aa{Z}as}AAr,12.278923059592207
CHEMBL1689126,C[C@H]1CN(Cc2cc(Cl)ccc2OCC(=O)O)CCN1C(=O)Cc1ccccc1,97.38,c1(CN2C[C@H](C)N(C(=O)Cc3ccccc3)CC2)cc(Cl)ccc1OCC(=O)O,A{A*Q}rAD{Aasaa{Z}aaasBAA{~B}B}AADrA{~B}Aaraaaaar,2.8951222259772527
CHEMBL1069,CCCCC(=O)N(Cc1ccc(-c2ccccc2-c2nnn[nH]2)cc1)[C@H](C(=O)O)C(C)C,99.78,c1(CN(C(CCCC)=O)[C@H](C(=O)O)C(C)C)ccc(-c2c(-c3nnn[nH]3)cccc2)cc1,AAAAA{~B}D{Aaraaa{_asaaaaas_asddd{dQ}s}aar}{A*Q}{A{~B}B}A{A}A,0.1915061394615317
CHEMBL1631095,NC(=O)c1cc(C(N)=O)n(-c2cccc(-c3cc(C(F)(F)F)ccc3C(F)(F)F)c2)n1,96.72,NC(c1nn(-c2cccc(-c3cc(C(F)(F)F)ccc3C(F)(F)F)c2)c(C(N)=O)c1)=O,DA{~B}araa{A{D}~B}d{_asaaaa{_ataa{A{G}{G}G}aaatA{G}{G}G}as}dr,3.6386166497690704
CHEMBL1077458,CC(=O)Nc1ccc(-c2ccnc(Nc3ccc(N4CCOCC4)cc3)n2)cc1,93.24,c1(Nc2nc(-c3ccc(NC(=O)C)cc3)ccn2)ccc(N2CCOCC2)cc1,AA{~B}Daraaa{_asaada{Dataaa{DuAABAAu}aat}ds}aar,7.558859975216861
CHEMBL2011112,CC(=O)N1CCN(c2nc(NC(C)(C)Cc3ccc(Cl)cc3)c3c(n2)C(=O)N(C(C)C)C3)CC1,96.79,C(N1Cc2c(nc(N3CCN(C(=O)C)CC3)nc2NC(Cc2ccc(Cl)cc2)(C)C)C1=O)(C)C,AA{~B}DrAAD{asda{DA{A}{A}Aataaa{Z}aat}ata{ds}A{~B}D{A{A}A}At}AAr,3.55976118057902
CHEMBL2059863,Cc1ccc(-c2ncc(C(F)(F)F)[nH]2)cc1NC(=O)c1ccc(OCc2ccccn2)cc1,98.81,FC(c1cnc(-c2ccc(C)c(NC(=O)c3ccc(OCc4ncccc4)cc3)c2)[nH]1)(F)F,Aaraaa{_asdaa{A{G}{G}G}{dQ}s}aarDA{~B}araaa{BAasaaaads}aar,1.284217641094965
CHEMBL516601,COc1cc2ncc(C(N)=O)c(Nc3ccc(C)cc3F)c2cc1OC,98.81,c1c(C)ccc(Nc2c(C(=O)N)cnc3c2cc(OC)c(OC)c3)c1F,ABaraasdaa{A{D}~B}a{Dataaa{A}aatG}asaarBA,1.284217641094965
CHEMBL787,CC(C)(O)c1ccccc1CC[C@@H](SCC1(CC(=O)O)CC1)c1cccc(/C=C/c2ccc3ccc(Cl)cc3n2)c1,99.95,C(O)(C)(C)c1ccccc1CC[C@H](c1cccc(/C=C/c2ccc3ccc(Cl)cc3n2)c1)SCC1(CC(O)=O)CC1,AA{A}{B}araaaaarAA{A**Q}{EAAr{AA{~B}B}AAr}araaaa{|A~A|asaaataaa{Z}aatds}ar,0.0
CHEMBL2171036,COc1ccc(S(=O)(=O)NC(=O)N2CCC(N3CCC(Oc4ccc(Cl)c(Cl)c4)CC3)CC2)cc1,98.73,S(=O)(NC(N1CCC(N2CCC(Oc3cc(Cl)c(Cl)cc3)CC2)CC1)=O)(c1ccc(OC)cc1)=O,ABaraaa{E{~B}{~B}DA{~B}DsAAA{DtAAA{Bauaaa{Z}a{Z}au}AAt}AAs}aar,1.3743381773121535
CHEMBL480924,CCOc1cc2ncc(C(N)=O)c(Nc3ccc(F)cc3F)c2cc1N1CCCN(C2CC2)CC1,97.81,c1cc(F)cc(F)c1Nc1c(C(N)=O)cnc2cc(OCC)c(N3CCN(C4CC4)CCC3)cc21,AABaraasdaa{A{D}~B}a{Dataaa{G}aatG}asaarDrAAAD{AsAAs}AAr,2.410724343809846
CHEMBL2361579,Cc1cc2cc(C)c3nnc(SCC(=O)N4CCN(C(=O)c5ccco5)CC4)n3c2cc1C,97.91,C1CN(C(c2occc2)=O)CCN1C(=O)CSc1n2c3c(cc(C)c(C)c3)cc(C)c2nn1,Aaraasaa{A}atdda{EAA{~B}DuAAD{A{~B}avaaabv}AAu}dtasaarA,2.2980736735383642
CHEMBL1201753,O=C(O)C[C@H](O)C[C@H](O)/C=C/c1c(C2CC2)nc2ccccc2c1-c1ccc(F)cc1,98.0,[C@H](/C=C/c1c(-c2ccc(F)cc2)c2ccccc2nc1C1CC1)(O)C[C@@H](O)CC(O)=O,B~A{B}A{A*Q}{B}A{A*Q}{B}|A~A|ara{AsAAs}dasaaaaasar_araaa{G}aar,2.1966880702940212
CHEMBL103482,CCOC(=O)c1cnc2c(N)cccc2c1O,79.92,O=C(OCC)c1cnc2c(N)cccc2c1O,AABA{~B}aradasa{D}aaaasarB,22.563929255379065
CHEMBL1086310,CC(C)c1ccc(NC(=O)Cn2cnc3c2c(=O)n(C)c(=O)n3C)cc1,87.37,O=c1n(C)c2ncn(CC(=O)Nc3ccc(C(C)C)cc3)c2c(=O)n1C,AA{A}araaa{DA{~B}Adsadatasa{~B}d{A}a{~B}dtA}aar,14.1714543201532
CHEMBL2322164,COc1ccc(-c2cc(O)nc(N)n2)cc1C#N,87.37,c1c(O)nc(N)nc1-c1cc(C#N)c(OC)cc1,ABaraaa{_asaa{B}da{D}ds}aarA^D,14.1714543201532
CHEMBL1402150,O=C(CSc1nccn(-c2ccc(F)c(F)c2)c1=O)NC1CCCC1,71.99,n1(-c2cc(F)c(F)cc2)c(=O)c(SCC(=O)NC2CCCC2)ncc1,B~A{AEardaad{_asaaa{G}a{G}as}ar~B}DArAAAAr,31.497127407908085
CHEMBL321758,C[C@H]([C@H](O)c1ccc(O)cc1)N1CCC(O)(c2ccccc2)CC1,31.87,c1ccccc1C1(O)CCN([C@@H]([C@@H](c2ccc(O)cc2)O)C)CC1,A{A*Q}{{A*Q}{B}araaa{B}aar}DrAAA{B}{asaaaaas}AAr,76.6925763208291
CHEMBL2165059,CO[C@@H]1CN(CCn2c(=O)ccc3ccc(C#N)cc32)CC[C@H]1NCc1ccc2c(n1)NC(=O)CO2,72.45,c12c(ccc(CN[C@@H]3CCN(CCn4c(=O)ccc5ccc(C#N)cc45)C[C@H]3OC)n1)OCC(=O)N2,AB{A**Q}rAD{AAdsa{~B}aaataaa{A^D}aats}AA{A*Q}rDAaraaasa{dr}DA{~B}ABs,30.978934324659228
CHEMBL2335889,CC(=O)Nc1ccc(Nc2ncc3cc(-c4ccncc4)ccc3n2)cc1,99.4,c1(-c2cc3c(nc(Nc4ccc(NC(=O)C)cc4)nc3)cc2)ccncc1,AA{~B}Daraaa{Dasdaataa{_auaadaau}aaatds}aar,0.6195786864931814
CHEMBL455920,CC(C)Oc1cc(Nc2nc(N[C@@H](C)c3ncc(F)cn3)ncc2Cl)n[nH]1,88.82,c1c(Cl)c(Nc2cc(OC(C)C)[nH]n2)nc(N[C@@H](C)c2ncc(F)cn2)n1,AA{A}Baraa{Dasda{D{A**Q}{A}atdaa{G}adt}daasZ}d{dQ}r,12.538019601216636
CHEMBL1496905,COc1ccc2c(c1)C(=O)C(=O)N2CC1COc2ccccc2O1,99.34,c1c2c(ccc1)OC(CN1c3c(cc(OC)cc3)C(=O)C1=O)CO2,ABaraaasa{ar}A{~B}A{~B}DsAArABasaaaaasBr,0.6871690886560767
CHEMBL2178939,Cc1nc(C)c(-c2ccc([C@H]3CC[C@H](CC(=O)NS(C)(=O)=O)CC3)cc2)nc1C(N)=O,89.05,c1c(-c2c(C)nc(C)c(C(=O)N)n2)ccc([C@H]2CC[C@H](CC(=O)NS(C)(=O)=O)CC2)c1,Aarda{A}a{_asaaa{{A*Q}tAA{A*Q}{AA{~B}DE{A}{~B}~B}AAt}aas}darA{D}~B,12.278923059592207
CHEMBL1526610,O=C(Cc1cccs1)Nc1ccon1,43.7,c1(NC(=O)Cc2sccc2)nocc1,B~A{Aaraaaer}Daraabdr,63.36600202771206
CHEMBL2325635,N#Cc1cc(S(=O)(=O)Nc2ncc(Cl)s2)ccc1Oc1ccc(Cl)cc1-c1ccnn1C1CNC1,99.19,O=S(c1ccc(Oc2ccc(Cl)cc2-c2n(C3CNC3)ncc2)c(C#N)c1)(Nc1sc(Cl)cn1)=O,D^Aaraa{E{~B}{~B}Dasdaa{Z}es}aaarBaraaa{Z}aar_araaddrArADAr,0.8561450940633153
CHEMBL1197658,Cc1cccc(Nc2nc(NCc3ccco3)c3ccccc3n2)c1,99.93,c1c(CNc2c3c(cccc3)nc(Nc3cccc(C)c3)n2)occ1,Aaraaaa{Dasda{DAataaabt}ataaaaatds}ar,0.02253013405429314
CHEMBL578288,N#CN=C(N)c1sc(Nc2ccccc2)nc1N,89.7,C(=NC#N)(N)c1c(N)nc(Nc2ccccc2)s1,D^AD~A{D}area{Dasaaaaas}darD,11.54669370282753
CHEMBL559696,O=c1[nH]cnc2scc(-c3cccs3)c12,98.89,c1ccc(-c2csc3nc[nH]c(=O)c32)s1,B~ar{dQ}adaseaa{_ataaaet}ars,1.1940971048777764
CHEMBL1288164,NC(=O)c1cnc(N[C@H]2CCCNC2)c2cc(-c3ccc(F)cc3)sc12,97.38,c12c(N[C@H]3CCCNC3)ncc(C(=O)N)c1sc(-c1ccc(F)cc1)c2,DA{~B}arada{D{A*Q}sAAADAs}asaa{_ataaa{G}aat}ears,2.8951222259772527
CHEMBL1671897,COc1ccc(CC(=O)NCc2ccccc2-c2ccccc2C(=O)NCCc2cccnc2)cc1,99.34,c1(CC(=O)NCc2ccccc2-c2c(C(NCCc3cnccc3)=O)cccc2)ccc(OC)cc1,ABaraaa{AA{~B}DAasaaaaas_asaaaaasA{~B}DAAasaaadas}aar,0.6871690886560767
CHEMBL1621884,COCCCCC(=NOCCN)c1ccc(C(F)(F)F)cc1,73.36,c1(C(F)(F)F)ccc(C(=NOCCN)CCCCOC)cc1,ABAAAAA{~DBAAD}araaa{A{G}{G}G}aar,29.953813225188693
CHEMBL1073,Cc1cnc(C(=O)NCCc2ccc(S(=O)(=O)NC(=O)NC3CCCCC3)cc2)cn1,99.12,C1CCCC(NC(=O)NS(=O)(c2ccc(CCNC(=O)c3cnc(C)cn3)cc2)=O)C1,Aarada{A{~B}DAAasaaa{E{~B}{~B}DA{~B}DAtAAAAAt}aas}adr,0.9350005632533493
CHEMBL496929,O=C(Nc1ccc(CCO)cc1)c1cc2cc(Cl)ccc2[nH]1,98.61,O=C(c1[nH]c2c(c1)cc(Cl)cc2)Nc1ccc(CCO)cc1,B~A{Daraaa{AAB}aar}araasaa{Z}aaas{dQ}r,1.5095189816379444
CHEMBL212432,N/C(=N\C(=O)c1nc(Cl)c(N)nc1N)NCCCCc1ccc(OCC(O)CO)cc1,75.12,n1c(N)c(Cl)nc(C(/N=C(\N)NCCCCc2ccc(OCC(O)CO)cc2)=O)c1N,D|A{~D!A{~B}arda{Z}a{D}darD}DAAAAaraaa{BAA{B}AB}aar,27.971161428410497
CHEMBL372205,C[C@H](CN(C(=O)c1ccc(C#N)cc1)c1ccccn1)N1CCN(c2cccc3c2OCCO3)CC1,99.1,c1cc2c(c(N3CCN([C@H](C)CN(c4ccccn4)C(c4ccc(C#N)cc4)=O)CC3)c1)OCCO2,A{A*Q}{AD{A{~B}araaa{A^D}aar}araaaadr}DrAAD{asaaaatasBAABt}AAr,0.9575306973076585
CHEMBL1431751,COc1cccc(C(=O)N2C(C(=O)O)CSC2c2ccccc2Cl)c1,98.61,c1cccc(C2SCC(C(O)=O)N2C(=O)c2cccc(OC)c2)c1Cl,ABaraaaa{A{~B}DsA{A{~B}B}AEAsasaaaaasZ}ar,1.5095189816379444
CHEMBL470591,CNC(=O)c1cc(Oc2ccc3c(c2)nc(Nc2ccc(C(F)(F)F)cc2)n3C)ccn1,99.5,n1c2cc(Oc3cc(C(=O)NC)ncc3)ccc2n(C)c1Nc1ccc(C(F)(F)F)cc1,ADA{~B}araa{Basaaata{as}da{Dasaaa{A{G}{G}G}aas}dtA}aadr,0.5069280162216997
CHEMBL1957481,COCCC#Cc1cccc(C2(c3ccc(OC(F)F)cc3)N=C(N)N3CC(F)(F)CN=C32)c1,97.71,c1cc(C2(c3ccc(OC(F)F)cc3)C3=NCC(F)(F)CN3C(N)=N2)cc(C#CCCOC)c1,ABAAA^Aaraaaa{As{ataaa{BA{G}G}aat}D~A{D}DtAA{G}{G}AD~Ats}ar,2.523375014081344
CHEMBL2165058,CO[C@H]1CN(CCn2c(=O)ccc3ccc(C#N)cc32)CC[C@@H]1NCc1cc2c(cn1)OCCO2,84.0,N#Cc1ccc2ccc(=O)n(CCN3CC[C@H](NCc4ncc5c(c4)OCCO5)[C@@H](OC)C3)c2c1,AB{A*Q}rAD{AAdsa{~B}aaataaa{A^D}aats}AA{A**Q}rDAaraasa{adr}BAABs,17.967781908302356
CHEMBL1689115,O=C(O)COc1ccc(Cl)cc1CN1CCCN(S(=O)(=O)Cc2ccccc2)CC1,84.3,C1N(S(Cc2ccccc2)(=O)=O)CCCN(Cc2c(OCC(O)=O)ccc(Cl)c2)C1,B~A{B}ABaraaa{Z}aarADrAAAD{E{~B}{~B}Aasaaaaas}AAr,17.629829897487895
CHEMBL73048,C[C@@](O)(C(=O)Nc1ccc(S(C)(=O)=O)cc1Cl)C(F)(F)F,60.77,[C@](C(Nc1ccc(S(=O)(=O)C)cc1Cl)=O)(C)(C(F)(F)F)O,A{A**}{B}{A{~B}Daraaa{E{A}{~B}~B}aarZ}A{G}{G}G,44.13653261236904
CHEMBL1625921,O=C(NC12CC3CC(CC(C3)C1)C2)OCCNC1CCCCC1,89.05,C12CC3(NC(OCCNC4CCCCC4)=O)CC(C1)CC(C2)C3,B~A{DArsAAtAA{AA{At}Ar}As}BAADArAAAAAr,12.278923059592207
CHEMBL1088029,COc1cc(Nc2ncc(C)s2)nc(N[C@@H](C)c2ncc(F)cn2)n1,89.7,Cc1cnc(Nc2nc(N[C@@H](C)c3ncc(F)cn3)nc(OC)c2)s1,ABaraa{Dasdaa{A}es}da{D{A**Q}{A}asdaa{G}ads}dr,11.54669370282753
CHEMBL1308362,Cc1ccc2cc(C)c3nnc(SCC(=O)N4CCN(C(=O)c5ccco5)CC4)n3c2c1,99.05,C1N(C(c2ccco2)=O)CCN(C(CSc2n3c4c(ccc(C)c4)cc(C)c3nn2)=O)C1,Aaraaasaa{A}atdda{EAA{~B}DuAAD{A{~B}avaaabv}AAu}dtasar,1.0138560324433994
CHEMBL191553,CC(=O)Nc1ccc(CNc2[nH]nc3ccnc(Oc4ccccc4)c23)cc1,89.91,c12ccnc(Oc3ccccc3)c1c(NCc1ccc(NC(=O)C)cc1)[nH]n2,AA{~B}Daraaa{ADas{dQ}dataada{Bauaaaaau}ast}aar,11.310127295257413
CHEMBL2207226,COc1cc(OC)c(S(=O)(=O)N2c3ccccc3Oc3ccccc32)cc1NC(=O)Cc1ccnc(F)c1,99.01,N(C(Cc1ccnc(F)c1)=O)c1c(OC)cc(OC)c(S(=O)(N2c3ccccc3Oc3c2cccc3)=O)c1,ABaraa{BA}a{E{~B}{~B}DsataaaaatBataaaaats}aarDA{~B}Aaraada{G}ar,1.0589163005519857
CHEMBL1929039,Cc1cc(F)ccc1-n1nc(C(F)(F)F)cc1-c1ccc2c(c1)NC(=O)CO2,73.81,c1c(F)cc(C)c(-n2nc(C(F)(F)F)cc2-c2ccc3c(c2)NC(=O)CO3)c1,Aaraa{G}aaar_drda{A{G}{G}G}aar_araaasa{ar}DA{~B}ABs,29.44688520896699
CHEMBL2152903,CC#Cc1cncc(-c2cccc([C@@]3(c4cc(C)c(=O)n(CC)c4)N=C(N)c4c(F)cccc43)c2)c1,98.92,c1c([C@@]2(c3cc(-c4cncc(C#CC)c4)ccc3)c3cccc(F)c3C(N)=N2)cc(C)c(=O)n1CC,AA^Aaradaa{_asaaaa{{A**}t{auaa{A}a{~B}d{AA}au}D~A{D}aua{G}aaaaut}as}ar,1.1603019037963287
CHEMBL2331745,COc1ccc(S(=O)(=O)N2CCC[C@H](n3cc(C)c(=O)[nH]c3=O)C2)cc1Oc1cccc(Cl)c1,97.49,c1n([C@@H]2CN(S(=O)(c3cc(Oc4cc(Cl)ccc4)c(OC)cc3)=O)CCC2)c(=O)[nH]c(=O)c1C,ABaraaa{E{~B}{~B}DsAAA{A*Q}{dtaa{A}a{~B}{dQ}at~B}As}aarBaraaaa{Z}ar,2.771206488678616
CHEMBL289330,CCN1CCC[C@H]1CNC(=O)c1cc(Br)cc(OC)c1OC,45.98,N(C(c1c(OC)c(OC)cc(Br)c1)=O)C[C@@H]1CCCN1CC,AADrAAA{A*Q}rADA{~B}araa{Y}aa{BA}arBA,60.79756674552214
CHEMBL2017259,N#Cc1ccc(C(=O)Nc2ccc(-n3ccnc3)nc2)cc1,71.05,N(C(=O)c1ccc(C#N)cc1)c1ccc(-n2ccnc2)nc1,D^Aaraaa{A{~B}Dasaaa{_dtaadat}das}aar,32.55604370846007
CHEMBL1957266,Cc1sc2c(c1C)C(c1ccc(Cl)cc1)=N[C@@H](CC(=O)OC(C)(C)C)c1nnc(C)n1-2,99.14,c1(C)c2c(sc1C)-n1c(nnc1C)[C@H](CC(=O)OC(C)(C)C)N=C2c1ccc(Cl)cc1,Aareasa{arA}A{araaa{Z}aar}~D{A**Q}{AA{~B}BA{A}{A}A}ardda{A}dr_s,0.9124704291990562
CHEMBL479445,COc1cc2ncc(C(N)=O)c(Nc3ccc(F)cc3F)c2cc1NCCN(C)C,55.73,c1(Nc2c(F)cc(F)cc2)c(C(N)=O)cnc2cc(OC)c(NCCN(C)C)cc12,ABaraasdaa{A{D}~B}a{Dataaa{G}aatG}asaarDAAD{A}A,49.814126394052046
CHEMBL1934415,Cc1ccc(S(=O)(=O)Nc2c(C(=O)N[C@@H](C)C(C)(C)C)c(C)nn2C2CCCCC2)cc1,97.76,C1CCCC(n2c(NS(c3ccc(C)cc3)(=O)=O)c(C(=O)N[C@@H](C)C(C)(C)C)c(C)n2)C1,Aaraaa{E{~B}{~B}Dasa{A{~B}D{A**Q}{A}A{A}{A}A}a{A}ddsAsAAAAAs}aar,2.4670496789455867
CHEMBL2147309,Cc1cnc(-c2c(F)ccc(F)c2CCNC(=O)c2ccc(COCC(F)(F)F)nc2)cn1,91.99,Fc1c(CCNC(c2ccc(COCC(F)(F)F)nc2)=O)c(-c2ncc(C)nc2)c(F)cc1,Aarada{_asa{G}aaa{G}asAADA{~B}asaaa{ABAA{G}{G}G}das}adr,8.966993353610462
CHEMBL430239,CCCC[C@H](NC(C)=O)C(=O)N[C@H]1CC(=O)NCCCC[C@@H](C(N)=O)NC(=O)[C@H](Cc2c[nH]c3ccccc23)NC(=O)[C@H](CCCNC(=N)N)NC(=O)[C@@H](Cc2ccccc2)NC(=O)[C@H](Cc2cnc[nH]2)NC1=O,55.73,[nH]1cc(C[C@H]2C(=O)N[C@H](C(=O)N)CCCCNC(=O)C[C@H](NC([C@@H](NC(=O)C)CCCC)=O)C(=O)N[C@@H](Cc3[nH]cnc3)C(=O)N[C@H](Cc3ccccc3)C(=O)N[C@@H](CCCNC(=N)N)C(=O)N2)c2ccccc12,AAAA{A*Q}{DA{A}~B}A{~B}D{A*Q}rAA{~B}DAAAA{A**Q}{A{D}~B}DA{~B}{A*Q}{Aasa{dQ}ataaaaast}DA{~B}{A*Q}{AAADA{~D}D}DA{~B}{A**Q}{Aasaaaaas}DA{~B}{A*Q}{Aasada{dQ}s}DAr~B,49.814126394052046
CHEMBL1823817,COC[C@H](O)Cn1c(=O)cnn(-c2ccc(Cl)c(C(=O)NCC3(O)CCCCCC3)c2)c1=O,58.55,C1CCCCCC1(CNC(c1c(Cl)ccc(-n2c(=O)n(C[C@H](COC)O)c(=O)cn2)c1)=O)O,ABA{A*Q}{B}Adra{~B}add{_asaaa{Z}a{A{~B}DAAt{B}AAAAAAt}as}ar~B,46.637377492396084
CHEMBL2207665,Cn1cc(C(=O)NC[C@@H](O)CN2CCC(Oc3ccc(Cl)c(Cl)c3)CC2)c(C(F)(F)F)cc1=O,93.53,C1(Oc2ccc(Cl)c(Cl)c2)CCN(C[C@H](O)CNC(c2cn(C)c(=O)cc2C(F)(F)F)=O)CC1,Adraa{A{~B}DA{A**Q}{B}ADsAAA{Bataaa{Z}a{Z}at}AAs}a{A{G}{G}G}aar~B,7.2321730314295385
CHEMBL2170992,CC(C)c1ccc(NC(=O)NCCCSC[C@H]2O[C@@H](n3cnc4c(N)ncnc43)[C@H](O)[C@@H]2O)cc1,92.16,c1(N)ncnc2n([C@H]3[C@H](O)[C@H](O)[C@@H](CSCCCNC(=O)Nc4ccc(C(C)C)cc4)O3)cnc12,AA{A}araaa{DA{~B}DAAAEA{A*Q}sB{A**Q}{dtadaua{D}dadaut}{A*Q}{B}{A**Q}sB}aar,8.775487214148932
CHEMBL479446,COc1cc2ncc(C(N)=O)c(Nc3ccc(F)cc3F)c2cc1NCCN1CCOCC1,92.16,O1CCN(CCNc2c(OC)cc3ncc(C(=O)N)c(Nc4c(F)cc(F)cc4)c3c2)CC1,ABaraasdaa{A{D}~B}a{Dataaa{G}aatG}asaarDAADrAABAAr,8.775487214148932
CHEMBL2011932,COc1ccc(-c2nc3c(NCCCNC(=O)C4(CN)CC4)c(Br)cnc3[nH]2)cc1,97.07,c1c(OC)ccc(-c2nc3c(ncc(Br)c3NCCCNC(=O)C3(CN)CC3)[nH]2)c1,ABaraaa{_asdata{DAAADA{~B}Au{AD}AAu}a{Y}adat{dQ}s}aar,3.2443393038188684
CHEMBL2158831,O=C(O)c1ccccc1CN1CCC(CN2CCC(Oc3ccc(Cl)c(Cl)c3)CC2)CC1,70.1,C1(CN2CCC(Oc3cc(Cl)c(Cl)cc3)CC2)CCN(Cc2ccccc2C(=O)O)CC1,B~A{B}araaaaarADrAAA{ADsAAA{Bataaa{Z}a{Z}at}AAs}AAr,33.62622507603921
CHEMBL1923433,Cc1[nH]c(C(=O)NC2CCN(c3ncc(C(=O)O)s3)CC2)c(Cl)c1Cl,97.07,C1CC(NC(c2c(Cl)c(Cl)c(C)[nH]2)=O)CCN1c1ncc(C(=O)O)s1,Aar{dQ}a{A{~B}DAsAAD{atdaa{A{~B}B}et}AAs}a{Z}arZ,3.2443393038188684
CHEMBL621,O=c1n(CCCN2CCN(c3cccc(Cl)c3)CC2)nc2ccccn12,97.0,c12nn(CCCN3CCN(c4cc(Cl)ccc4)CC3)c(=O)n1cccc2,B~ard{AAADsAAD{ataaaa{Z}at}AAs}dasaaaadrs,3.323194773008902
CHEMBL1957841,O=c1cc(N2CCOCC2)nc2n(Cc3cccc4ccccc34)ccn12,96.93,c12ccccc1c(Cn1c3nc(N4CCOCC4)cc(=O)n3cc1)ccc2,B~araa{DsAABAAs}dasd{Aataaaauaaaaatu}aadrs,3.402050242198936
CHEMBL1683027,COc1cc2nnc(C(N)=O)c(Nc3cc(C)ccc3F)c2cc1OC,96.87,c1c2nnc(C(=O)N)c(Nc3cc(C)ccc3F)c2cc(OC)c1OC,ABaraasdda{A{D}~B}a{Dataa{A}aaatG}asaarBA,3.4696406443618315
CHEMBL2169920,O=C1COc2c(CCNCCN(C(=O)CCNCCc3ccc(Cl)c(Cl)c3)C3CCCCC3)ccc(O)c2N1,96.87,N(CCc1ccc(O)c2c1OCC(=O)N2)CCN(C1CCCCC1)C(=O)CCNCCc1cc(Cl)c(Cl)cc1,B~ArABasa{AADAAD{A{~B}AADAAataaa{Z}a{Z}at}AtAAAAAt}aaa{B}asDr,3.4696406443618315
CHEMBL9967,CN1CCN(CC(=O)N2c3ccccc3C(=O)Nc3cccnc32)CC1,24.03,c1nc2c(cc1)NC(=O)c1ccccc1N2C(CN1CCN(C)CC1)=O,ADrAAD{AA{~B}DsataaaaatA{~B}Dataaadats}AAr,85.52438887011377
CHEMBL1088030,Cc1cnc(Nc2cc(N3CCOCC3)nc(N[C@@H](C)c3ncc(F)cn3)n2)s1,92.64,c1c(F)cnc([C@@H](Nc2nc(Nc3ncc(C)s3)cc(N3CCOCC3)n2)C)n1,Aarada{Dasaa{DtAABAAt}da{D{A**Q}{A}atdaa{G}adt}ds}er,8.234763996845782
CHEMBL1950725,CN[C@@H](C)C(=O)N[C@H](C(=O)N[C@H]1CCN(C(=O)Cc2ccccc2)C1)C1CCCCC1,32.88,C1C[C@H](NC(=O)[C@H](C2CCCCC2)NC(=O)[C@@H](NC)C)CN1C(=O)Cc1ccccc1,AD{A**Q}{A}A{~B}D{A*Q}{A{~B}D{A*Q}rAAD{A{~B}Aasaaaaas}Ar}ArAAAAAr,75.55480455108706
CHEMBL2312921,CCCN(c1cccc(S(C)(=O)=O)c1)P(=O)(c1ccccc1)c1ccccc1,96.79,c1c(N(CCC)P(=O)(c2ccccc2)c2ccccc2)cccc1S(C)(=O)=O,AAAD{araaaa{E{A}{~B}~B}ar}F{~B}{araaaaar}araaaaar,3.55976118057902
CHEMBL375166,Cc1n[nH]c(C)c1Cc1sc2c(c1C(=O)N1C[C@H](O)CO1)c(=O)n(C)c(=O)n2CC(C)C,51.15,c1(=O)n(CC(C)C)c2sc(Cc3c(C)n[nH]c3C)c(C(=O)N3OC[C@@H](O)C3)c2c(=O)n1C,Aard{dQ}a{A}arAareasa{arA{~B}DrA{A*Q}{B}ABr}a{~B}d{A}a{~B}dsAA{A}A,54.973527092486194
CHEMBL1934420,Cc1ccc(S(=O)(=O)Nc2c(C(=O)N[C@@H](C)C(C)(C)C)c(C)nn2C2CCN(C)CC2)cc1,54.59,C1CN(C)CCC1n1nc(C)c(C(N[C@@H](C)C(C)(C)C)=O)c1NS(c1ccc(C)cc1)(=O)=O,Aaraaa{E{~B}{~B}Dasa{A{~B}D{A**Q}{A}A{A}{A}A}a{A}ddsAsAAD{A}AAs}aar,51.098344035147
CHEMBL1672,COCC1=C(C(=O)O)N2C(=O)[C@@H](NC(=O)/C(=N\OC)c3csc(N)n3)[C@H]2SC1,53.45,OC(=O)C1=C(COC)CS[C@@H]2[C@H](NC(=O)/C(c3nc(N)sc3)=N\OC)C(=O)N21,ABAAr~A{A{~B}B}DsA{~B}{A**Q}{DA{~B}|A{~D!BA}ataea{D}dt}{A*Q}sEAr,52.38256167624197
CHEMBL29384,O=C(O)c1cn(Cc2ccccc2)c2cc(N3CCNCC3)c(F)cc2c1=O,70.1,c1ccc(Cn2c3cc(N4CCNCC4)c(F)cc3c(=O)c(C(=O)O)c2)cc1,B~A{B}arad{Aasaaaaas}asaa{DtAADAAt}a{G}aasar~B,33.62622507603921
CHEMBL2103840,CCc1cnn2c(NCc3ccc[n+]([O-])c3)cc(N3CCCC[C@H]3CCO)nc12,90.12,[O-][n+]1cc(CNc2n3ncc(CC)c3nc(N3[C@H](CCO)CCCC3)c2)ccc1,AAaraddsa{DAataaa{d%}{{B_}}at}aa{DtAAAA{A*Q}tAAB}dars,11.073560887687277
CHEMBL426658,Clc1cccc(-c2cnc3ccc(NC4CCOCC4)nn23)c1,99.1,N(c1nn2c(cc1)ncc2-c1cccc(Cl)c1)C1CCOCC1,Zaraaaa{_asadataaa{DAuAABAAu}ddst}ar,0.9575306973076585
CHEMBL1950724,CN[C@@H](C)C(=O)N[C@H](C(=O)N[C@H]1CCN(C(=O)c2ccccc2)C1)C1CCCCC1,33.9,c1ccc(C(N2C[C@@H](NC(=O)[C@H](C3CCCCC3)NC([C@H](C)NC)=O)CC2)=O)cc1,AD{A**Q}{A}A{~B}D{A*Q}{A{~B}D{A*Q}rAAD{A{~B}asaaaaas}Ar}ArAAAAAr,74.4057677143179
CHEMBL2171035,O=C(NS(=O)(=O)c1ccc(Cl)cc1)N1CCC(N2CCC(Oc3ccc(Cl)c(Cl)c3)CC2)CC1,67.12,S(=O)(=O)(NC(=O)N1CCC(N2CCC(Oc3cc(Cl)c(Cl)cc3)CC2)CC1)c1ccc(Cl)cc1,B~A{DE{~B}{~B}araaa{Z}aar}DrAAA{DsAAA{Bataaa{Z}a{Z}at}AAs}AAr,36.983215050129544
CHEMBL1949685,CN[C@@H](C)C(=O)N[C@H](C(=O)N[C@H]1CCCN(CCc2ccccc2)C1)C1CCCCC1,67.12,C1([C@H](NC([C@H](C)NC)=O)C(N[C@H]2CCCN(CCc3ccccc3)C2)=O)CCCCC1,AD{A**Q}{A}A{~B}D{A*Q}{A{~B}D{A*Q}rAAAD{AAasaaaaas}Ar}ArAAAAAr,36.983215050129544
CHEMBL495727,O=C(Nc1c[nH]nc1-c1nc2ccc(CN3CCOCC3)cc2[nH]1)NC1CC1,66.61,N(c1c[nH]nc1-c1nc2c(cc(CN3CCOCC3)cc2)[nH]1)C(=O)NC1CC1,B~A{Dara{dQ}dar_ardasaaa{ADtAABAAt}aas{dQ}r}DArAAr,37.55773346851414
CHEMBL22,COc1cc(Cc2cnc(N)nc2N)cc(OC)c1OC,66.1,COc1c(OC)cc(Cc2cnc(N)nc2N)cc1OC,ABaraa{Aasada{D}dasD}aa{BA}arBA,38.132251886898736
CHEMBL894,CC(NC(C)(C)C)C(=O)c1cccc(Cl)c1,45.98,c1ccc(C(=O)C(C)NC(C)(C)C)cc1Cl,AA{DA{A}{A}A}A{~B}araaaa{Z}ar,60.79756674552214
CHEMBL2141746,CCCNC(=O)CSc1ccc(S(=O)(=O)N2CCCC2)cn1,65.06,S(c1cnc(SCC(=O)NCCC)cc1)(=O)(N1CCCC1)=O,AAADA{~B}AEaraaa{E{~B}{~B}DsAAAAs}adr,39.3038188577222
CHEMBL1952147,NS(=O)(=O)c1ccc(CCNc2ccc3nnc(-c4ccccc4)n3n2)cc1,96.79,c1c(S(N)(=O)=O)ccc(CCNc2ccc3n(c(-c4ccccc4)nn3)n2)c1,DE{~B}{~B}araaa{AADasaaatdda{_auaaaaau}dtds}aar,3.55976118057902
CHEMBL2178573,Cc1cnc(C(=O)c2ncnc3[nH]ccc23)c(NS(=O)(=O)c2ccc(Cl)c(C(F)(F)F)c2)c1,99.91,c1nc2[nH]ccc2c(C(=O)c2c(NS(c3cc(C(F)(F)F)c(Cl)cc3)(=O)=O)cc(C)cn2)n1,Aarada{A{~B}asdadat{dQ}aaast}a{DE{~B}{~B}asaaa{Z}a{A{G}{G}G}as}ar,0.04506026810860229
CHEMBL637,COc1ccc(C(CN(C)C)C2(O)CCCCC2)cc1,18.64,O(c1ccc(C(CN(C)C)C2(O)CCCCC2)cc1)C,ABaraaa{A{AD{A}A}As{B}AAAAAs}aar,91.59625999774697
CHEMBL1950721,CN[C@@H](C)C(=O)N[C@H](C(=O)N[C@H]1CCN(Cc2ccccc2)C1)C1CCCCC1,48.85,c1(CN2CC[C@H](NC([C@H](C3CCCCC3)NC(=O)[C@@H](NC)C)=O)C2)ccccc1,AD{A**Q}{A}A{~B}D{A*Q}{A{~B}D{A*Q}rAAD{Aasaaaaas}Ar}ArAAAAAr,57.56449250873042
CHEMBL577902,CCCSc1nc(N)c2ncn([C@@H]3O[C@H](CO)[C@@H](O)[C@H]3O)c2n1,51.73,[C@@H]1(O)[C@H](O)[C@@H](CO)O[C@H]1n1c2c(c(N)nc(SCCC)n2)nc1,AAAEarda{D}asdad{{A**Q}tB{A*Q}{AB}{A**Q}{B}{A*Q}tB}asdr,54.32015320491157
CHEMBL1950722,CN[C@@H](C)C(=O)N[C@H](C(=O)N[C@H]1CCN(CCc2ccccc2)C1)C1CCCCC1,55.73,c1cc(CCN2C[C@@H](NC(=O)[C@H](C3CCCCC3)NC([C@H](C)NC)=O)CC2)ccc1,AD{A**Q}{A}A{~B}D{A*Q}{A{~B}D{A*Q}rAAD{AAasaaaaas}Ar}ArAAAAAr,49.814126394052046
CHEMBL2011120,CCOc1ccc([C@@H](C)Nc2nc(N3CCN(C(C)=O)CC3)nc3c2CN(C(C)C)C3=O)cc1,70.1,c1c(OCC)ccc([C@@H](C)Nc2nc(N3CCN(C(=O)C)CC3)nc3c2CN(C(C)C)C3=O)c1,AABaraaa{{A**Q}{A}Dasda{DtAAD{A{A}~B}AAt}datasAD{A{A}A}At~B}aar,33.62622507603921
CHEMBL1091291,CCCCCCCC(=O)N[C@@H](CCN)C(=O)N[C@H](C(=O)N[C@@H](CCN)C(=O)N[C@H]1CCNC(=O)[C@H](C)NC(=O)[C@H](CCN)NC(=O)[C@H](CCN)NC(=O)[C@H](CC(C)C)NC(=O)[C@@H](Cc2ccccc2)NC(=O)[C@H](CCN)NC1=O)[C@@H](C)O,94.19,C(c1ccccc1)[C@H]1NC(=O)[C@H](CCN)NC(=O)[C@@H](NC([C@@H](NC([C@@H](NC(=O)[C@H](CCN)NC(CCCCCCC)=O)[C@@H](C)O)=O)CCN)=O)CCNC(=O)[C@H](C)NC(=O)[C@H](CCN)NC(=O)[C@H](CCN)NC(=O)[C@H](CC(C)C)NC1=O,AAAAAAAA{~B}D{A**Q}{AAD}A{~B}D{A*Q}{A{~B}D{A**Q}{AAD}A{~B}D{A*Q}rAADA{~B}{A*Q}{A}DA{~B}{A*Q}{AAD}DA{~B}{A*Q}{AAD}DA{~B}{A*Q}{AA{A}A}DA{~B}{A**Q}{Aasaaaaas}DA{~B}{A*Q}{AAD}DAr~B}{A**Q}{A}B,6.48867860763772
CHEMBL2059868,Cc1ccc(-c2[nH]cnc2C)cc1NC(=O)c1ccc(OCc2ccccn2)cc1,93.67,c1cc(C(=O)Nc2c(C)ccc(-c3c(C)nc[nH]3)c2)ccc1OCc1ncccc1,Aaraaa{_as{dQ}adasA}aarDA{~B}araaa{BAasaaaads}aar,7.074462093049454
CHEMBL218468,CC(C)Cn1c(=O)n(C)c(=O)c2c(C(=O)N3CC[C@@H](O)C3)c(Cc3ccnc4ccc(F)cc34)sc21,54.02,O[C@H]1CN(C(=O)c2c(Cc3ccnc4c3cc(F)cc4)sc3n(CC(C)C)c(=O)n(C)c(=O)c23)CC1,AA{A}Adra{~B}d{A}a{~B}asa{A{~B}DtAA{A**Q}{B}At}a{Aataadauaaa{G}aatu}easr,51.740452855694485
CHEMBL95,Nc1c2c(nc3ccccc13)CCCC2,53.45,C1CCc2c(nc3ccccc3c2N)C1,Darasa{dataaaaart}AAAAs,52.38256167624197
CHEMBL205742,CC(C)Cn1c(=O)n(C)c(=O)c2c(C(=O)N3CC[C@@H](O)C3)c(Cc3ccnc4ccccc34)sc21,64.54,c1(C(N2CC[C@@H](O)C2)=O)c2c(=O)n(C)c(=O)n(CC(C)C)c2sc1Cc1c2c(ncc1)cccc2,AA{A}Adra{~B}d{A}a{~B}asa{A{~B}DtAA{A**Q}{B}At}a{Aataadauaaaaatu}easr,39.88960234313393
CHEMBL214957,COc1cc(-n2cnc3cc(-c4ccc(Cl)cc4)sc3c2=O)ccc1OCCN1CCCC1,98.61,c1(=O)n(-c2ccc(OCCN3CCCC3)c(OC)c2)cnc2cc(-c3ccc(Cl)cc3)sc12,ABaraa{_dsadataa{_auaaa{Z}aau}eatas~B}aaarBAADrAAAAr,1.5095189816379444
CHEMBL481572,CCOc1cc2ncc(C(N)=O)c(Nc3ccc(F)c(Cl)c3)c2cc1N1CCN(C)CC1,96.57,c1cc(F)c(Cl)cc1Nc1c(C(=O)N)cnc2cc(OCC)c(N3CCN(C)CC3)cc21,AABaraasdaa{A{D}~B}a{Dataaa{G}a{Z}at}asaarDrAAD{A}AAr,3.807592655176309
CHEMBL2152917,CO[C@H]1CC[C@]2(CC1)Cc1ccc(OCC(C)C)cc1C21N=C(C)C(N)=N1,79.92,c1c(OCC(C)C)cc2c(c1)C[C@]1(C23N=C(C)C(N)=N3)CC[C@H](OC)CC1,AB{A*Q}rAA{A*}s{AAr}Aaraaa{BAA{A}A}aarAsrD~A{A}A{D}~Dr,22.563929255379065
CHEMBL2207659,Cc1cc(Cl)ccc1OC1CCN(C[C@H](O)CNC(=O)c2c[nH]nc2C(F)(F)F)CC1,96.42,FC(F)(F)c1c(C(=O)NC[C@@H](O)CN2CCC(Oc3ccc(Cl)cc3C)CC2)c[nH]n1,Aaraa{Z}aaarBArAAD{A{A*Q}{B}ADA{~B}asa{dQ}dasA{G}{G}G}AAr,3.9765686605835313
CHEMBL2164372,O=C(NCc1ccc(OC(F)(F)F)cc1)C1c2ccccc2C(=O)N1C[C@@H]1CCCO1,96.42,C(NCc1ccc(OC(F)(F)F)cc1)(=O)C1c2ccccc2C(=O)N1C[C@H]1OCCC1,B~A{DAaraaa{BA{G}{G}G}aar}ArasaaaaasA{~B}DrA{A**Q}rAAABr,3.9765686605835313
CHEMBL460102,Cc1ncc(-c2nc(Nc3ccc(C(=O)N4CC[C@H](N(C)C)C4)cc3)ncc2F)n1C(C)C,74.25,c1cc(C(=O)N2CC[C@H](N(C)C)C2)ccc1Nc1ncc(F)c(-c2n(C(C)C)c(C)nc2)n1,Aardaa{_asda{Dataaa{A{~B}DuAA{A*Q}{D{A}A}Au}aat}daasG}drA{A}A,28.951222259772447
CHEMBL2325642,O=S(=O)(Nc1ncns1)c1cc(F)c(Oc2ccc(Cl)cc2-c2ccnn2C2CNC2)cc1F,98.0,n1cnsc1NS(=O)(c1c(F)cc(Oc2c(-c3ccnn3C3CNC3)cc(Cl)cc2)c(F)c1)=O,B~E{~B}{Dardader}araa{G}a{Basaaa{Z}aas_asaaddsAsADAs}aarG,2.1966880702940212
CHEMBL219861,CC(C)Cn1c(=O)n(C)c(=O)c2c(C(=O)N3C[C@H](O)CO3)c(Cc3ccnc4ccccc34)sc21,75.12,O=C(N1C[C@H](O)CO1)c1c(Cc2ccnc3ccccc23)sc2c1c(=O)n(C)c(=O)n2CC(C)C,AA{A}Adra{~B}d{A}a{~B}asa{A{~B}DtA{A*Q}{B}ABt}a{Aataadauaaaaatu}easr,27.971161428410497
CHEMBL1916271,CCN(C(=O)c1cnn(-c2ccccc2)c1NS(=O)(=O)c1ccc(-c2cnco2)cc1)C1CCCCC1,98.7,n1cc(-c2ccc(S(=O)(=O)Nc3n(-c4ccccc4)ncc3C(=O)N(C3CCCCC3)CC)cc2)oc1,AAD{A{~B}aradd{_asaaaaas}arDE{~B}{~B}araaa{_asadabs}aar}ArAAAAAr,1.4081333783936012
CHEMBL1934413,Cc1ccc(S(=O)(=O)Nc2c(C(=O)N[C@@H](C)C(C)(C)C)c(C)nn2C2CCC2)cc1,98.17,[C@@H](C(C)(C)C)(C)NC(c1c(NS(=O)(c2ccc(C)cc2)=O)n(C2CCC2)nc1C)=O,Aaraaa{E{~B}{~B}Dasa{A{~B}D{A**Q}{A}A{A}{A}A}a{A}ddsAsAAAs}aar,2.0051819308324896
CHEMBL2059876,Cc1ccc(-c2ccncc2)cc1NC(=O)c1ccc(OCc2ccccn2)cc1,98.21,c1c(-c2ccncc2)ccc(C)c1NC(c1ccc(OCc2ccccn2)cc1)=O,Aaraaa{_asaadaas}aarDA{~B}araaa{BAasaaaads}aar,1.9601216627239033
CHEMBL1299757,Nc1nc(-c2ccccn2)nc(N)c1Cc1ccc(Cl)cc1Cl,98.61,c1cccnc1-c1nc(N)c(Cc2ccc(Cl)cc2Cl)c(N)n1,Darda{_asaaaads}da{D}arAaraaa{Z}aarZ,1.5095189816379444
CHEMBL1914480,COc1ccc2ncc(=O)n(CCN3CCC(NCc4cc5c(cn4)OCCO5)CC3)c2n1,53.45,c1cc(OC)nc2c1ncc(=O)n2CCN1CCC(NCc2cc3c(cn2)OCCO3)CC1,ABaraaasdaa{~B}d{AADtAAA{DAauaava{adu}BAABv}AAt}asdr,52.38256167624197
CHEMBL1403871,CNC(=O)c1[nH]cnc1C(=O)Nc1ccc(Cl)cc1,97.32,[nH]1cnc(C(Nc2ccc(Cl)cc2)=O)c1C(=O)NC,ADA{~B}ar{dQ}adarA{~B}Daraaa{Z}aar,2.962712628140148
CHEMBL1289545,Cc1nc(C(=O)N2CCOC3(CCN(Cc4ccc(Cl)cc4)CC3)C2)cs1,56.86,O=C(c1csc(C)n1)N1CC2(OCC1)CCN(Cc1ccc(Cl)cc1)CC2,Aarda{A{~B}DsAABAt{AAD{Aauaaa{Z}aau}AAt}As}aer,48.54117381998422
CHEMBL389792,CC(CO)(CO)Nc1nc(SCc2cccc(F)c2F)nc2nc(N)sc12,87.11,Fc1c(F)cccc1CSc1nc(NC(CO)(CO)C)c2c(nc(N)s2)n1,AA{AB}{AB}Darda{EAasaaaa{G}asG}dasda{D}ears,14.464346062859077
CHEMBL1077827,CCOc1ccc(-n2c([C@@H](C)N(CC3CCN(C)CC3)C(=O)Cc3ccc(F)c(C(F)(F)F)c3)nc3ncccc3c2=O)cc1,87.11,CCOc1ccc(-n2c(=O)c3cccnc3nc2[C@@H](C)N(CC2CCN(C)CC2)C(Cc2cc(C(F)(F)F)c(F)cc2)=O)cc1,AABaraaa{_dsa{{A**Q}{A}D{AAtAAD{A}AAt}A{~B}Aataaa{G}a{A{G}{G}G}at}datdaaaatas~B}aar,14.464346062859077
CHEMBL1091289,CCCCCCCC(=O)N[C@@H](CCN)C(=O)N[C@H](C(=O)N[C@@H](CCN)C(=O)N[C@H]1CCNC(=O)[C@H]([C@@H](C)O)NC(=O)[C@H](C)NC(=O)[C@H](CCN)NC(=O)[C@H](CC(C)C)NC(=O)[C@@H](Cc2ccccc2)NC(=O)[C@H](CCN)NC1=O)[C@@H](C)O,86.85,C1(=O)[C@H](CCN)NC(=O)[C@@H](NC([C@@H](NC([C@@H](NC(=O)[C@H](CCN)NC(=O)CCCCCCC)[C@H](O)C)=O)CCN)=O)CCNC(=O)[C@H]([C@H](O)C)NC(=O)[C@H](C)NC(=O)[C@H](CCN)NC(=O)[C@H](CC(C)C)NC(=O)[C@@H](Cc2ccccc2)N1,AAAAAAAA{~B}D{A**Q}{AAD}A{~B}D{A*Q}{A{~B}D{A**Q}{AAD}A{~B}D{A*Q}rAADA{~B}{A*Q}{{A**Q}{A}B}DA{~B}{A*Q}{A}DA{~B}{A*Q}{AAD}DA{~B}{A*Q}{AA{A}A}DA{~B}{A**Q}{Aasaaaaas}DA{~B}{A*Q}{AAD}DAr~B}{A**Q}{A}B,14.757237805564952
CHEMBL2164045,O=C(NCc1ccc(OC(F)(F)F)cc1)C1c2cccc(O)c2C(=O)N1CCc1ncc(F)cn1,98.21,N(C(=O)C1c2cccc(O)c2C(=O)N1CCc1ncc(F)cn1)Cc1ccc(OC(F)(F)F)cc1,B~A{DAaraaa{BA{G}{G}G}aar}Arasaaaa{B}asA{~B}DrAAardaa{G}adr,1.9601216627239033
CHEMBL1526762,Cc1cc(C)nc(SCC(N)=O)n1,21.21,Cc1nc(SCC(N)=O)nc(C)c1,Aaraa{A}da{EAA{D}~B}dr,88.70113777176974
CHEMBL403656,C[C@H](CO)Nc1nc(SCc2cccc(F)c2F)nc2[nH]c(=O)c(C#N)cc12,98.29,c12cc(C#N)c(=O)[nH]c1nc(SCc1cccc(F)c1F)nc2N[C@H](C)CO,A{A*Q}{AB}Darda{EAasaaaa{G}asG}das{dQ}a{~B}a{A^D}aars,1.8700011265066987
CHEMBL2207663,Cc1cc(Cl)ccc1OC1CCN(C[C@H](O)CNC(=O)c2c[nH]c(=O)cc2C(F)(F)F)CC1,86.59,C1CN(C[C@H](O)CNC(c2c(C(F)(F)F)cc(=O)[nH]c2)=O)CCC1Oc1c(C)cc(Cl)cc1,Aaraa{Z}aaarBArAAD{A{A*Q}{B}ADA{~B}asa{dQ}a{~B}aasA{G}{G}G}AAr,15.05012954827081
CHEMBL2331743,Cc1cn([C@H]2CCCN(S(=O)(=O)c3ccc(C(N)=O)c(Oc4cccc(Cl)c4)c3)C2)c(=O)[nH]c1=O,96.42,O=S(c1ccc(C(N)=O)c(Oc2cc(Cl)ccc2)c1)(N1C[C@@H](n2c(=O)[nH]c(=O)c(C)c2)CCC1)=O,Aarad{{A*Q}sAAAD{E{~B}{~B}ataaa{A{D}~B}a{Bauaaaa{Z}au}at}As}a{~B}{dQ}ar~B,3.9765686605835313
CHEMBL2326624,COc1cccc2c1c(NS(=O)(=O)c1ccc(Cl)s1)nn2Cc1cccc(CNC(=O)[C@@H]2COCCN2)c1,98.4,N1[C@H](C(=O)NCc2cccc(Cn3nc(NS(=O)(c4sc(Cl)cc4)=O)c4c(OC)cccc34)c2)COCC1,ABaraaaasara{DE{~B}{~B}araaa{Z}er}ddsAaraaaa{ADA{~B}{A**Q}sABAADs}ar,1.7460853892080623
CHEMBL2158436,O=c1cc(N2CCOCC2)nc(NCc2cccc3ccccc23)[nH]1,96.79,c1(NCc2c3ccccc3ccc2)[nH]c(=O)cc(N2CCOCC2)n1,B~araa{DsAABAAs}da{DAasaaaataaaaast}{dQ}r,3.55976118057902
CHEMBL504813,CC(C)Cc1c(C(=O)C(N)=O)c2c(OCC(=O)O)cccc2n1Cc1ccccc1,96.87,C(C)(Cc1c(C(=O)C(N)=O)c2c(cccc2OCC(O)=O)n1Cc1ccccc1)C,AA{A}Aara{A{~B}A{D}~B}asa{BAA{~B}B}aaaasdrAaraaaaar,3.4696406443618315
CHEMBL1645105,COc1ccc(-c2ccc3nc(N)sc3c2)cn1,96.17,c12c(nc(N)s1)ccc(-c1ccc(OC)nc1)c2,ABaraaa{_asaaatda{D}eatas}adr,4.2581953362622516
CHEMBL1683036,COc1cc2nnc(C(N)=O)c(Nc3ccc(C)cc3F)c2cc1N1CCN(C)CC1,93.67,N1(C)CCN(c2c(OC)cc3nnc(C(=O)N)c(Nc4ccc(C)cc4F)c3c2)CC1,ABaraasdda{A{D}~B}a{Dataaa{A}aatG}asaarDrAAD{A}AAr,7.074462093049454
CHEMBL1934268,CCn1nc(C)c(C(=O)N[C@@H](C)C(C)(C)C)c1NS(=O)(=O)c1ccc(C)cc1,98.37,c1(C)ccc(S(Nc2c(C(N[C@H](C(C)(C)C)C)=O)c(C)nn2CC)(=O)=O)cc1,AAdrda{A}a{A{~B}D{A**Q}{A}A{A}{A}A}arDE{~B}{~B}araaa{A}aar,1.77988059028951
CHEMBL2180037,CC#Cc1cncc(-c2cccc(C3(C4CC4)N=C(C)C(N)=N3)c2)c1,95.01,c1c(-c2cc(C3(C4CC4)N=C(N)C(C)=N3)ccc2)cncc1C#CC,AA^Aaradaa{_asaaaa{At{AuAAu}D~A{A}A{D}~Dt}as}ar,5.56494311141151
CHEMBL2029729,CNC(=O)CCCN(C)C(=O)c1ccc2c(c1)c1c(n2C)CC[C@@H](C2CCOCC2)C1,96.34,O=C(N(C)CCCC(NC)=O)c1ccc2n(C)c3c(c2c1)C[C@H](C1CCOCC1)CC3,ADA{~B}AAAD{A}A{~B}araaasa{ar}ara{dsA}AA{A**Q}{AsAABAAs}Ar,4.06668919680072
CHEMBL205245,Cc1nc(Cl)c(Cl)n1Cc1sc2c(c1C(=O)N1CC[C@@H](O)C1)c(=O)n(C)c(=O)n2CC(C)C,91.1,n1(C)c(=O)c2c(sc(Cn3c(C)nc(Cl)c3Cl)c2C(N2CC[C@@H](O)C2)=O)n(CC(C)C)c1=O,Aarda{Z}a{Z}drAareasa{arA{~B}DrAA{A**Q}{B}Ar}a{~B}d{A}a{~B}dsAA{A}A,9.969584319026707
CHEMBL1235773,COc1ccc2ncc(C#N)c(CCN3CCC(NCc4cc5c(cn4)OCS5)CC3)c2c1,91.1,c12c(cnc(CNC3CCN(CCc4c(C#N)cnc5c4cc(OC)cc5)CC3)c1)OCS2,ABaraaasdaa{A^D}a{AADtAAA{DAauaava{adu}BAEv}AAt}asar,9.969584319026707
CHEMBL2207284,CNS(=O)(=O)c1ccc2c(C(=O)NC[C@@H](O)CN3CCC(Oc4ccc(Cl)c(Cl)c4)CC3)c[nH]c(=O)c2c1,91.46,C1C(Oc2ccc(Cl)c(Cl)c2)CCN(C[C@H](O)CNC(c2c3c(c(=O)[nH]c2)cc(S(=O)(NC)=O)cc3)=O)C1,ADE{~B}{~B}araaasa{A{~B}DA{A**Q}{B}ADtAAA{Bauaaa{Z}a{Z}au}AAt}a{dQ}a{~B}asar,9.56404190604935
CHEMBL217899,CCc1nn(C2CCCC2)c2c1CCn1c(-c3cccs3)nnc1-2,96.26,n1(C2CCCC2)nc(CC)c2c1-c1n(c(-c3cccs3)nn1)CC2,AAardd{AsAAAAs}asarAAdra{_ataaaet}ddar_s,4.156809733017909
CHEMBL1604571,CCOC(=O)C(CCc1ccccc1)NC1CCc2ccccc2N(CC(=O)O)C1=O,95.91,N(C1C(=O)N(CC(O)=O)c2c(cccc2)CC1)C(C(=O)OCC)CCc1ccccc1,AABA{~B}A{AAaraaaaar}DArAAasaaaaasD{AA{~B}B}Ar~B,4.551087078968126
CHEMBL1916277,Cc1ccc(S(=O)(=O)Nc2c(C(=O)NC3CCCCC3C)c(C)nn2-c2ccccc2)cc1,99.34,c1(-n2nc(C)c(C(=O)NC3C(C)CCCC3)c2NS(c2ccc(C)cc2)(=O)=O)ccccc1,Aaraaa{E{~B}{~B}Dasa{A{~B}DAtAAAAAtA}a{A}dds_asaaaaas}aar,0.6871690886560767
CHEMBL1360603,CCOc1ccccc1C(=O)NCc1ccco1,95.82,c1cccc(C(=O)NCc2occc2)c1OCC,AABaraaaaarA{~B}DAaraaabr,4.652472682212469
CHEMBL2062583,CC(=O)Nc1ccc2c(c1)c(-c1cc(NC3CC3)n3ncc(C#N)c3n1)cn2CCCO,98.81,c12nc(-c3c4cc(NC(=O)C)ccc4n(CCCO)c3)cc(NC3CC3)n1ncc2C#N,AA{~B}Daraaasa{ar}a{_araa{DAtAAt}dtdaa{A^D}atdr}adsAAAB,1.284217641094965
CHEMBL2113096,Cc1nccn1-c1sc(Nc2cnccn2)nc1-c1cccc(C#N)c1,95.63,C(#N)c1cccc(-c2c(-n3c(C)ncc3)sc(Nc3nccnc3)n2)c1,Aardaadr_area{Dasadaads}dar_araaaa{A^D}ar,4.866508955728294
CHEMBL2158829,O=C(O)COc1cccc(N2CCC(CN3CCC(Oc4ccc(Cl)c(Cl)c4)CC3)CC2)c1,97.32,OC(COc1cccc(N2CCC(CN3CCC(Oc4ccc(Cl)c(Cl)c4)CC3)CC2)c1)=O,B~A{B}ABaraaaa{DsAAA{ADtAAA{Bauaaa{Z}a{Z}au}AAt}AAs}ar,2.962712628140148
CHEMBL1951073,COc1cc(OC)c(S(=O)(=O)N2c3ccccc3CCC2C)cc1NC(C)=O,97.2,c1c(NC(C)=O)c(OC)cc(OC)c1S(N1C(C)CCc2c1cccc2)(=O)=O,ABaraa{BA}a{E{~B}{~B}DsataaaaatAAAsA}aarDA{A}~B,3.0978934324659226
CHEMBL157101,CC(=O)N1CCN(c2ccc(OCC3COC(Cn4ccnc4)(c4ccc(Cl)cc4Cl)O3)cc2)CC1,97.2,O=C(N1CCN(c2ccc(OCC3COC(c4ccc(Cl)cc4Cl)(Cn4cncc4)O3)cc2)CC1)C,AA{~B}DrAAD{asaaa{BAAtABA{Aduaadau}{auaaa{Z}aauZ}Bt}aas}AAr,3.0978934324659226
CHEMBL1950859,CN[C@@H](C)C(=O)N[C@H](C(=O)N[C@H]1CCCN(CCc2ccc([N+](=O)[O-])cc2)C1)C(C)(C)C,73.81,C(C)(C)([C@H](NC([C@H](C)NC)=O)C(N[C@@H]1CN(CCc2ccc([N+](=O)[O-])cc2)CCC1)=O)C,AD{A**Q}{A}A{~B}D{A*Q}{A{~B}D{A*Q}rAAAD{AAasaaa{{D%}{~B}{B_}}aas}Ar}A{A}{A}A,29.44688520896699
CHEMBL1289283,O=c1cc(OCc2ccccc2)ccn1-c1ccc2c(cnn2CCN2CCCC2)c1,83.04,c1(=O)cc(OCc2ccccc2)ccn1-c1cc2cnn(CCN3CCCC3)c2cc1,B~araa{BAasaaaaas}aadr_araaasa{addsAADsAAAAs}ar,19.049228342908634
CHEMBL2069411,O=C(N[C@@H]1COc2cccc(-c3ccc(CO)nc3)c2C1)c1ccc(OCC(F)(F)F)nc1,96.26,C(Oc1ncc(C(=O)N[C@H]2Cc3c(cccc3-c3cnc(CO)cc3)OC2)cc1)C(F)(F)F,B~A{D{A**Q}rABasaaaa{_ataaa{AB}dat}asAr}araaa{BAA{G}{G}G}dar,4.156809733017909
CHEMBL2011927,COc1ccc(-c2nc3c(OCC4CCNCC4)c(Br)cnc3[nH]2)cc1,86.59,c1(Br)cnc2c(nc(-c3ccc(OC)cc3)[nH]2)c1OCC1CCNCC1,ABaraaa{_asdata{BAAuAADAAu}a{Y}adat{dQ}s}aar,15.05012954827081
CHEMBL2164746,COc1ccc2ncc(=O)n(CCN3CC[C@H](NCc4ccc5c(n4)NC(=O)CO5)[C@H](O)C3)c2c1,86.32,c1cc(CN[C@@H]2[C@H](O)CN(CCn3c(=O)cnc4ccc(OC)cc43)CC2)nc2c1OCC(=O)N2,ABaraaasdaa{~B}d{AADtAA{A*Q}{DAauaaava{du}DA{~B}ABv}{A*Q}{B}At}asar,15.354286358003838
CHEMBL1921919,Cc1cc(CCC[N+]23CCC(CC2)[C@@H](OC(=O)[C@](C)(c2ccccc2)N2CCCCC2)C3)ccn1,23.19,C12CC[N+](CCCc3cc(C)ncc3)(C[C@@H]1OC(=O)[C@](c1ccccc1)(N1CCCCC1)C)CC2,Aaraa{AAA{D%}stAAA{AAs}{A**Q}{BA{~B}{A*}{A}{asaaaaas}DsAAAAAs}At}aadr,86.47065450039428
CHEMBL457,Cc1ccc(C)c(OCCCC(C)(C)C(=O)O)c1,99.77,c1c(OCCCC(C)(C)C(=O)O)c(C)ccc1C,Aaraaa{A}a{BAAAA{A}{A}A{~B}B}ar,0.20277120648868627
CHEMBL121,CN(CCOc1ccc(CC2SC(=O)NC2=O)cc1)c1ccccn1,99.74,C(c1ccc(OCCN(C)c2ccccn2)cc1)C1SC(=O)NC1=O,AD{AABaraaa{AAsEA{~B}DAs~B}aar}araaaadr,0.23656640757013397
CHEMBL319136,CN(C)C(=O)[C@H](O)[C@H](Cc1ccccc1)NC(=O)c1cc2cc(Cl)ccc2[nH]1,97.81,c12c(cc(Cl)cc1)cc(C(N[C@@H](Cc1ccccc1)[C@H](C(N(C)C)=O)O)=O)[nH]2,AD{A}A{~B}{A*Q}{B}{A*Q}{Aaraaaaar}DA{~B}araasaa{Z}aaas{dQ}r,2.410724343809846
CHEMBL251701,COc1ccc2c(C)cc(N[C@H]3CC[C@H](NCc4cn(C)c5cccnc45)C3)nc2c1,97.38,c1cc2c(nc(N[C@@H]3C[C@@H](NCc4c5ncccc5n(C)c4)CC3)cc2C)cc1OC,ABaraaasa{A}aa{D{A*Q}tAA{A*Q}{DAauad{A}avaaadauv}At}dasar,2.8951222259772527
CHEMBL247828,CC(C)N1C(=O)[C@H](NC(=O)[C@@H](Cc2ccccc2OC(F)(F)F)NC(=O)OC(C)(C)C)CCc2ccccc21,99.7,FC(Oc1c(C[C@@H](NC(=O)OC(C)(C)C)C(N[C@@H]2CCc3ccccc3N(C(C)C)C2=O)=O)cccc1)(F)F,AA{A}DrA{~B}{A*Q}{DA{~B}{A**Q}{AasaaaaasBA{G}{G}G}DA{~B}BA{A}{A}A}AAasaaaaasr,0.28162667567872024
CHEMBL139,O=C(O)Cc1ccccc1Nc1c(Cl)cccc1Cl,99.68,O=C(O)Cc1c(Nc2c(Cl)cccc2Cl)cccc1,B~A{B}AaraaaaarDara{Z}aaaarZ,0.3041568097330134
CHEMBL1077979,COc1cc(O)c2c(c1)/C=C/C[C@H](O)[C@H](O)C(=O)/C=C\C[C@H](C)OC2=O,98.61,C1(=O)/C=C\C[C@H](C)OC(=O)c2c(cc(OC)cc2O)/C=C/C[C@H](O)[C@@H]1O,ABaraa{B}asa{ar}|A~A|A{A*Q}{B}{A*Q}{B}A{~B}|A~A!A{A*Q}{A}BAs~B,1.5095189816379444
CHEMBL2335867,COCCNC(=O)c1ccc(Nc2ncc3cc(-c4ccncc4C)ccc3n2)cc1,98.61,c1c(C)c(-c2cc3cnc(Nc4ccc(C(=O)NCCOC)cc4)nc3cc2)ccn1,ABAADA{~B}araaa{Dasdaataa{_auaadaauA}aaatds}aar,1.5095189816379444
CHEMBL1950844,CN[C@@H](C)C(=O)N[C@H](C(=O)N[C@H]1CCCN(CC(c2ccccc2)c2ccccc2)C1)C1CCCCC1,97.38,CN[C@H](C(=O)N[C@H](C(=O)N[C@H]1CCCN(CC(c2ccccc2)c2ccccc2)C1)C1CCCCC1)C,AD{A**Q}{A}A{~B}D{A*Q}{A{~B}D{A*Q}rAAAD{AA{asaaaaas}asaaaaas}Ar}ArAAAAAr,2.8951222259772527
CHEMBL1539841,Cc1nc2ccc(NS(=O)(=O)c3ccc4c(c3)OCCO4)cc2s1,99.67,O=S(=O)(Nc1cc2c(cc1)nc(C)s2)c1ccc2c(c1)OCCO2,Aardasaaa{DE{~B}{~B}ataaaua{at}BAABu}aaser,0.315421876760168
CHEMBL471412,COc1ccc(N(C(=O)c2ccccc2)C(C(=O)NC2CCCC2)c2ccccc2F)c(OC)c1,99.67,c1c(C(N(C(c2ccccc2F)C(=O)NC2CCCC2)c2c(OC)cc(OC)cc2)=O)cccc1,ABaraaa{D{A{~B}asaaaaas}A{A{~B}DAsAAAAs}asaaaaasG}a{BA}ar,0.315421876760168
CHEMBL392559,O=C(NCC12CC3CC(CC(C3)C1)C2)c1cc(CN2C[C@@H]3C[C@H]2CN3)ccc1Cl,90.32,C1C2CC3CC1CC(CNC(=O)c1cc(CN4C[C@H]5NC[C@@H]4C5)ccc1Cl)(C3)C2,B~A{DAArsAAtAA{AA{At}Ar}As}araa{ADsA{A**Q}tA{A*Q}sADt}aaarZ,10.848259547144314
CHEMBL2062577,CC(=O)N(C)c1ccc2ccn(-c3cc(NC4CC4)n4ncc(C#N)c4n3)c2c1,97.49,O=C(C)N(c1cc2n(-c3nc4c(C#N)cnn4c(NC4CC4)c3)ccc2cc1)C,AA{~B}D{A}araaasaad{_ataa{DAuAAu}dudaa{A^D}audt}asar,2.771206488678616
CHEMBL480221,COCCOc1cc2ncc(C(N)=O)c(Nc3cccc(Cl)c3Cl)c2cc1N1CCN(C)CC1,89.7,C(N)(=O)c1c(Nc2cccc(Cl)c2Cl)c2c(cc(OCCOC)c(N3CCN(C)CC3)c2)nc1,ABAABaraasdaa{A{D}~B}a{Dataaaa{Z}atZ}asaarDrAAD{A}AAr,11.54669370282753
CHEMBL2331744,Cc1cn([C@H]2CCCN(S(=O)(=O)c3ccc(C#N)c(Oc4cccc(Cl)c4)c3)C2)c(=O)[nH]c1=O,97.71,O=c1[nH]c(=O)c(C)cn1[C@@H]1CN(S(=O)(=O)c2ccc(C#N)c(Oc3cc(Cl)ccc3)c2)CCC1,Aarad{{A*Q}sAAAD{E{~B}{~B}ataaa{A^D}a{Bauaaaa{Z}au}at}As}a{~B}{dQ}ar~B,2.523375014081344
CHEMBL477548,CC(C)Cc1c(C(=O)C(N)=O)c2c(OCC(=O)NS(C)(=O)=O)cccc2n1Cc1ccccc1,97.49,C(Cc1n(Cc2ccccc2)c2cccc(OCC(NS(=O)(=O)C)=O)c2c1C(C(N)=O)=O)(C)C,AA{A}Aara{A{~B}A{D}~B}asa{BAA{~B}DE{A}{~B}~B}aaaasdrAaraaaaar,2.771206488678616
CHEMBL335744,CC(C)C(=O)Nc1nc(-c2ccccn2)cc2ccccc12,97.55,c1(NC(C(C)C)=O)nc(-c2ncccc2)cc2ccccc12,AA{A}A{~B}Darda{_asaaaads}aasaaaaars,2.703616086515721
CHEMBL2335896,CC(=O)N[C@H](C)c1ccc(Nc2ncc3cc(-c4ccncc4)ccc3n2)cc1,97.55,c1c(-c2cc3cnc(Nc4ccc([C@@H](C)NC(C)=O)cc4)nc3cc2)ccnc1,AA{~B}D{A*Q}{A}araaa{Dasdaataa{_auaadaau}aaatds}aar,2.703616086515721
CHEMBL1916289,Cc1nn(-c2ccc(F)cc2)c(NS(=O)(=O)c2ccc(C(F)(F)F)cc2)c1C(=O)N[C@@H](C)C(C)(C)C,98.64,C(C)(C)(C)[C@@H](NC(c1c(NS(c2ccc(C(F)(F)F)cc2)(=O)=O)n(-c2ccc(F)cc2)nc1C)=O)C,Aardd{_asaaa{G}aas}a{DE{~B}{~B}asaaa{A{G}{G}G}aas}arA{~B}D{A**Q}{A}A{A}{A}A,1.4757237805564967
CHEMBL898,O=C(O)c1cc(-c2ccc(F)cc2F)ccc1O,99.79,c1(F)c(-c2ccc(O)c(C(O)=O)c2)ccc(F)c1,B~A{B}araa{_asaaa{G}aasG}aaarB,0.18024107243437712
CHEMBL282479,O=C1Nc2cc(C(F)(F)F)ccc2C1(O)c1cc(Cl)ccc1O,98.51,Oc1ccc(Cl)cc1C1(O)c2ccc(C(F)(F)F)cc2NC1=O,B~ArDasaa{A{G}{G}G}aaasAr{B}araa{Z}aaarB,1.6221696519094262
CHEMBL1503948,Cc1ccc(S(=O)(=O)Nc2ccc3nc(C)sc3c2)cc1,99.79,s1c2c(ccc(NS(c3ccc(C)cc3)(=O)=O)c2)nc1C,Aaraaa{E{~B}{~B}Dasaaatda{A}eatas}aar,0.18024107243437712
CHEMBL2335866,COCCNC(=O)c1ccc(Nc2ncc3cc(-c4ccncc4OC)ccc3n2)cc1,99.8,c1(-c2ccncc2OC)cc2cnc(Nc3ccc(C(=O)NCCOC)cc3)nc2cc1,ABAADA{~B}araaa{Dasdaataa{_auaadaauBA}aaatds}aar,0.16897600540723856
CHEMBL480830,CCOc1cc2ncc(C(N)=O)c(Nc3ccc(F)cc3F)c2cc1N1CCN(C(C)C)CC1,85.77,c12cc(N3CCN(C(C)C)CC3)c(OCC)cc1ncc(C(=O)N)c2Nc1ccc(F)cc1F,AABaraasdaa{A{D}~B}a{Dataaa{G}aatG}asaarDrAAD{A{A}A}AAr,15.973865044497021
CHEMBL178737,O=C1NC(=O)C(c2cnc3ccccn23)=C1c1cn2c3c(cccc13)CN(C(=O)N1CCOCC1)CC2,85.77,O=C(N1CCOCC1)N1CCn2cc(C3=C(c4n5c(cccc5)nc4)C(=O)NC3=O)c3cccc(c32)C1,B~ArDA{~B}A{asadataaaadst}~Araradsata{aaaart}AD{A{~B}DrAABAAr}AAs,15.973865044497021
CHEMBL2070121,COc1cnc(-c2ccccn2)nc1N1CCOCC1,66.1,c1(-c2ncc(OC)c(N3CCOCC3)n2)ncccc1,ABarada{_asaaaads}darDrAABAAr,38.132251886898736
CHEMBL507700,NC(=O)Nc1sc(-c2ccc(CN3CCCCC3)cc2)cc1C(N)=O,66.61,C(N)(=O)c1cc(-c2ccc(CN3CCCCC3)cc2)sc1NC(N)=O,DA{~B}Darea{_asaaa{ADtAAAAAt}aas}aarA{D}~B,37.55773346851414
CHEMBL562318,Cn1cc(-c2ccncc2)c(-c2ccc(OCc3ccc4ccccc4n3)cc2)n1,99.88,c1c(OCc2nc3ccccc3cc2)ccc(-c2nn(C)cc2-c2ccncc2)c1,Adraa{_asaadaas}a{_asaaa{BAataaauaaaaaudt}aas}dr,0.07885546919005
CHEMBL384903,O=c1[nH]c2cc(C(F)(F)F)ccc2n1-c1cc(C(F)(F)F)ccc1O,99.87,c1(O)c(-n2c(=O)[nH]c3cc(C(F)(F)F)ccc32)cc(C(F)(F)F)cc1,B~ar{dQ}asaa{A{G}{G}G}aaasdr_araa{A{G}{G}G}aaarB,0.09012053621718856
CHEMBL2158437,O=c1cc(N2CCOCC2)nc(NCc2cccc(Cl)c2Cl)[nH]1,97.91,c1(N2CCOCC2)cc(=O)[nH]c(NCc2cccc(Cl)c2Cl)n1,B~araa{DsAABAAs}da{DAasaaaa{Z}asZ}{dQ}r,2.2980736735383642
CHEMBL1950728,CN[C@@H](C)C(=O)N[C@H](C(=O)N[C@H]1CCCN(CCCc2ccccc2)C1)C1CCCCC1,66.61,c1c(CCCN2C[C@@H](NC([C@@H](NC(=O)[C@@H](NC)C)C3CCCCC3)=O)CCC2)cccc1,AD{A**Q}{A}A{~B}D{A*Q}{A{~B}D{A*Q}rAAAD{AAAasaaaaas}Ar}ArAAAAAr,37.55773346851414
CHEMBL541944,O=C(CN1CCN(Cc2ccn(-c3ccc(C(F)(F)F)cn3)c2)CC1)NC(c1ccc(F)cc1)c1ccc(F)cc1,99.86,c1cn(-c2ccc(C(F)(F)F)cn2)cc1CN1CCN(CC(NC(c2ccc(F)cc2)c2ccc(F)cc2)=O)CC1,B~A{ADrAAD{Aasaad{_ataaa{A{G}{G}G}adt}as}AAr}DA{araaa{G}aar}araaa{G}aar,0.10138560324434313
CHEMBL2021721,COc1ccc2cc(S(=O)(=O)N[C@H](CC(=O)N[C@H](Cc3ccc(CN4[C@@H](C)CCC[C@H]4C)cc3)C(=O)N(C)C(C)C)c3ccc4c(c3)OCO4)ccc2c1,96.0,O=C([C@H](NC(C[C@@H](NS(c1ccc2c(ccc(OC)c2)c1)(=O)=O)c1ccc2c(c1)OCO2)=O)Cc1ccc(CN2[C@H](C)CCC[C@@H]2C)cc1)N(C(C)C)C,ABaraaasaa{E{~B}{~B}D{A*Q}{AA{~B}D{A*Q}{Aataaa{ADu{A**Q}{A}AAA{A*Q}uA}aat}A{~B}D{A}A{A}A}ataaaua{at}BABu}aaasar,4.449701475723783
CHEMBL249789,OC[C@H]1C[C@@H](n2nnc3c(N[C@@H]4C[C@H]4c4ccc(F)c(F)c4)nc(SCCC(F)(F)F)nc32)[C@H](O)[C@@H]1O,99.85,c1([C@H]2[C@H](Nc3c4nnn([C@H]5[C@H](O)[C@H](O)[C@@H](CO)C5)c4nc(SCCC(F)(F)F)n3)C2)ccc(F)c(F)c1,BA{A*Q}rA{A**Q}{dsddata{D{A**Q}uA{A*Q}uauaaa{G}a{G}au}da{EAAA{G}{G}G}dats}{A*Q}{B}{A**Q}rB,0.11265067027149771
CHEMBL1488371,O=C(Nc1ccc(Cl)cc1)Nc1nnc(-c2ccncc2)s1,99.83,c1cc(NC(Nc2sc(-c3ccncc3)nn2)=O)ccc1Cl,B~A{Daraaa{Z}aar}Dardda{_asaadaas}er,0.13518080432579085
CHEMBL1381989,CC1(C)CNC(=O)c2sc(N3CCOCC3)nc2C1,29.9,c1(N2CCOCC2)nc2c(s1)C(=O)NCC(C)(C)C2,AAr{A}ADA{~B}asea{DtAABAAt}dasAr,78.91179452517743
CHEMBL2062584,COC(=O)CCn1cc(-c2cc(NC3CC3)n3ncc(C#N)c3n2)c2cc(NC(C)=O)ccc21,98.4,c1cc2n(CCC(=O)OC)cc(-c3nc4c(C#N)cnn4c(NC4CC4)c3)c2cc1NC(C)=O,ABA{~B}AAdraa{_asaa{DAtAAt}dtdaa{A^D}atds}asaa{DA{A}~B}aaasr,1.7460853892080623
CHEMBL2062559,N#Cc1cnn2c(NC3CC3)cc(-c3cccs3)nc12,98.4,C1(Nc2n3c(nc(-c4sccc4)c2)c(C#N)cn3)CC1,D^Aaraddsa{DAtAAt}aa{_ataaaet}dars,1.7460853892080623
CHEMBL571526,Cc1cc(Nc2nc(O[C@H](C)c3ccc(F)cn3)c(C#N)nc2C)n[nH]1,97.81,c1c(F)ccc([C@H](Oc2c(C#N)nc(C)c(Nc3cc(C)[nH]n3)n2)C)n1,Aaraa{Dasda{B{A*Q}{A}ataaa{G}adt}a{A^D}dasA}d{dQ}r,2.410724343809846
CHEMBL190243,C[C@@H](C(=O)NCCN1CCCC1)c1ccc(OS(=O)(=O)C(F)(F)F)cc1,67.63,N(C(=O)[C@@H](c1ccc(OS(C(F)(F)F)(=O)=O)cc1)C)CCN1CCCC1,A{A**Q}{A{~B}DAADrAAAAr}araaa{BE{~B}{~B}A{G}{G}G}aar,36.40869663174497
CHEMBL742,CNC1(c2ccccc2Cl)CCCCC1=O,42.01,C1CCCC(=O)C1(c1ccccc1Cl)NC,ADAr{asaaaaasZ}AAAAAr~B,65.26979835530021
CHEMBL190,Cn1c(=O)c2nc[nH]c2n(C)c1=O,43.7,c1nc2c(=O)n(C)c(=O)n(C)c2[nH]1,Adra{~B}asda{dQ}asd{A}ar~B,63.36600202771206
CHEMBL1916286,Cc1nn(-c2ccccc2)c(NS(=O)(=O)C2CCCCC2)c1C(=O)N[C@@H](C)C(C)(C)C,98.51,n1c(C)c(C(N[C@@H](C)C(C)(C)C)=O)c(NS(=O)(C2CCCCC2)=O)n1-c1ccccc1,Aardd{_asaaaaas}a{DE{~B}{~B}AsAAAAAs}arA{~B}D{A**Q}{A}A{A}{A}A,1.6221696519094262
CHEMBL7662,COc1ccc(Cl)cc1C1(F)C(=O)Nc2cc(C(F)(F)F)ccc21,99.83,c1(Cl)ccc(OC)c(C2(F)c3c(cc(C(F)(F)F)cc3)NC2=O)c1,ABaraaa{Z}aarAr{G}A{~B}Dasaa{A{G}{G}G}aaasr,0.13518080432579085
CHEMBL481612,CCOc1cc2ncc(C(N)=O)c(Nc3cccc(Cl)c3Cl)c2cc1N1CCN(C(=O)CO)CC1,83.68,c1(Nc2c(Cl)c(Cl)ccc2)c(C(=O)N)cnc2cc(OCC)c(N3CCN(C(=O)CO)CC3)cc12,AABaraasdaa{A{D}~B}a{Dataaaa{Z}atZ}asaarDrAAD{A{~B}AB}AAr,18.328264053171107
CHEMBL2153581,O=C(CCCc1ccc2cccnc2n1)NCc1cc(-c2ccc(F)c(C(F)(F)F)c2)no1,99.91,C(Cc1nc2c(cc1)cccn2)CC(=O)NCc1cc(-c2cc(C(F)(F)F)c(F)cc2)no1,B~A{AAAaraaasaaadasdr}DAaraa{_asaaa{G}a{A{G}{G}G}as}dbr,0.04506026810860229
CHEMBL2158769,N#Cc1ccccc1C[C@@H](C(=O)O)N1CCC(CN2CCC(Oc3ccc(Cl)c(Cl)c3)CC2)CC1,90.91,C1N(CC2CCN([C@H](C(=O)O)Cc3ccccc3C#N)CC2)CCC(Oc2cc(Cl)c(Cl)cc2)C1,D^AaraaaaarA{A**Q}{A{~B}B}DrAAA{ADsAAA{Bataaa{Z}a{Z}at}AAs}AAr,10.183620592542532
CHEMBL255044,CCOC(=O)Nc1ccc(NCc2ccc(F)cc2)nc1N,84.0,O=C(Nc1c(N)nc(NCc2ccc(F)cc2)cc1)OCC,AABA{~B}Daraaa{DAasaaa{G}aas}darD,17.967781908302356
CHEMBL522460,Cc1ccccc1CN1CCC(N2CCC(n3c(=O)[nH]c4ccccc43)CC2)CC1,64.54,c1cc(CN2CCC(N3CCC(n4c(=O)[nH]c5ccccc45)CC3)CC2)c(C)cc1,AaraaaaarADrAAA{DsAAA{dta{~B}{dQ}auaaaaaut}AAs}AAr,39.88960234313393
CHEMBL1924029,CC(C(=O)OC1CC[N+](C)(C)CC1)(c1ccccc1)N1CCCCC1,21.99,C(C(OC1CC[N+](C)(C)CC1)=O)(C)(N1CCCCC1)c1ccccc1,AA{A{~B}BArAA{D%}{A}{A}AAr}{araaaaar}DrAAAAAr,87.82246254365214
CHEMBL8088,NC1=NC(c2ccc(F)cc2)Cc2ccccc21,64.01,N1=C(N)c2c(cccc2)CC1c1ccc(F)cc1,DAr~DA{asaaa{G}aas}Aasaaaaasr,40.48665089557282
CHEMBL1630742,NCCCCCc1c[nH]c2ccc(F)cc12,64.01,c1c2[nH]cc(CCCCCN)c2cc(F)c1,DAAAAAara{dQ}asaaa{G}aars,40.48665089557282
CHEMBL1309562,Cc1nc(N2CCOCC2)c2cc(-c3ccccc3)sc2n1,99.58,c1ccccc1-c1cc2c(N3CCOCC3)nc(C)nc2s1,Aarda{DsAABAAs}asaa{_ataaaaat}easdr,0.4168074800045111
CHEMBL267144,CC(C)[C@H]1C(=O)N[C@H](CO)Cc2ccccc2N1C,62.94,CC([C@H]1C(=O)N[C@H](CO)Cc2c(cccc2)N1C)C,AA{A}{A*Q}rA{~B}D{A*Q}{AB}AasaaaaasDrA,41.69201306747775
CHEMBL208825,C[C@@H](CC(=O)OC(C)(C)C)NC(=O)C1=NOC(C(O)(C(F)(F)F)C(F)(F)F)C1,84.0,C(F)(F)(F)C(C(F)(F)F)(C1CC(C(N[C@@H](C)CC(OC(C)(C)C)=O)=O)=NO1)O,A{A**Q}{AA{~B}BA{A}{A}A}DA{~B}Ar~DBA{A{B}{A{G}{G}G}A{G}{G}G}Ar,17.967781908302356
CHEMBL646,Cc1nnc2n1-c1ccc(Cl)cc1C(c1ccccc1Cl)=NC2,85.48,c1cc2c(cc1Cl)C(c1ccccc1Cl)=NCc1n-2c(C)nn1,Aarddasdr_araaa{Z}aarA{araaaaarZ}~DAs,16.30055198828433
CHEMBL429,CC(CCc1ccccc1)NCC(O)c1ccc(O)c(C(N)=O)c1,62.4,O=C(N)c1cc(C(O)CNC(CCc2ccccc2)C)ccc1O,AA{AAaraaaaar}DAA{B}araaa{B}a{A{D}~B}ar,42.30032668694379
CHEMBL461573,Cc1cc(C)cc(C(=O)Nc2ccc(Cl)c(C(=O)Nc3cncs3)c2)c1,99.6,N(c1cncs1)C(=O)c1c(Cl)ccc(NC(c2cc(C)cc(C)c2)=O)c1,Aaraa{A}aa{A{~B}Dasaaa{Z}a{A{~B}Datadaet}as}ar,0.39427734595021796
CHEMBL204825,O=C(c1cccc(Cc2nnc(O)c3ccccc23)c1)N1CCOCC1,58.55,C(c1cccc(C(N2CCOCC2)=O)c1)c1c2c(c(O)nn1)cccc2,B~A{araaaa{Aasdda{B}ataaaaast}ar}DrAABAAr,46.637377492396084
CHEMBL513588,Cc1ncc(NC(=O)c2cc(NC(=O)c3cc(F)cc(Cl)c3)ccc2Cl)s1,99.6,c1(NC(=O)c2c(Cl)ccc(NC(c3cc(F)cc(Cl)c3)=O)c2)sc(C)nc1,Aardaa{DA{~B}asaa{DA{~B}ataa{G}aa{Z}at}aaasZ}er,0.39427734595021796
CHEMBL130,O=C(N[C@H](CO)[C@H](O)c1ccc([N+](=O)[O-])cc1)C(Cl)Cl,56.3,C(Cl)(Cl)C(=O)N[C@@H]([C@@H](c1ccc([N+](=O)[O-])cc1)O)CO,B~A{D{A*Q}{AB}{A*Q}{B}araaa{{D%}{~B}{B_}}aar}A{Z}Z,49.17201757350457
CHEMBL2151321,CC(C)Oc1cc(-n2cnc3ccc(N[C@@H](C)c4ccc(F)cn4)nc32)n[nH]1,94.19,c1cc([C@H](C)Nc2ccc3ncn(-c4cc(OC(C)C)[nH]n4)c3n2)ncc1F,AA{A}Baraa{_dsadataaa{D{A**Q}{A}auaaa{G}adu}dats}d{dQ}r,6.48867860763772
CHEMBL1378202,CNC(=O)c1[nH]cnc1C(=O)Nc1ccc(OC)cc1,86.59,C(NC)(c1[nH]cnc1C(=O)Nc1ccc(OC)cc1)=O,ADA{~B}ar{dQ}adarA{~B}Daraaa{BA}aar,15.05012954827081
CHEMBL325041,CC(C)C[C@H](NC(=O)[C@H](Cc1ccccc1)NC(=O)c1cnccn1)B(O)O,86.85,c1nccnc1C(N[C@H](C(N[C@H](B(O)O)CC(C)C)=O)Cc1ccccc1)=O,AA{A}A{A*Q}{DA{~B}{A*Q}{Aaraaaaar}DA{~B}aradaadr}J{B}B,14.757237805564952
CHEMBL213494,Cc1ccc2c(c1)c(-c1ccnc3c(S(C)(=O)=O)cccc13)c(C)n2CC(=O)O,93.94,Cc1ccc2n(CC(O)=O)c(C)c(-c3ccnc4c(S(C)(=O)=O)cccc34)c2c1,Aaraaasa{ar}a{_araadata{E{A}{~B}~B}aaaart}a{A}dsAA{~B}B,6.77030528331644
CHEMBL1288221,NC(=O)c1cnc(N[C@H]2CCCNC2)c2cc(-c3ccc(F)c(Cl)c3)sc12,99.61,c12sc(-c3ccc(F)c(Cl)c3)cc1c(N[C@@H]1CNCCC1)ncc2C(N)=O,DA{~B}arada{D{A*Q}sAAADAs}asaa{_ataaa{G}a{Z}at}ears,0.3830122789230634
CHEMBL95804,CCN(CC)CCNC(=O)c1ccc(NS(C)(=O)=O)cc1,15.1,N(C(=O)c1ccc(NS(=O)(=O)C)cc1)CCN(CC)CC,AAD{AA}AADA{~B}araaa{DE{A}{~B}~B}aar,95.58409372535766
CHEMBL1671971,COc1cc(/C=C2\SC(=O)NC2=O)ccc1Oc1ccc(C#N)cc1C(F)(F)F,99.95,c1c(/C=C2/C(=O)NC(=O)S2)cc(OC)c(Oc2ccc(C#N)cc2C(F)(F)F)c1,ABaraa{|A~As!EA{~B}DAs~B}aaarBaraaa{A^D}aarA{G}{G}G,0.0
CHEMBL1789187,N#Cc1ccc(C(F)(F)F)nc1O[C@H](CCN)c1ccno1,44.27,c1([C@@H](CCN)Oc2c(C#N)ccc(C(F)(F)F)n2)oncc1,D^Aaraaa{A{G}{G}G}darB{A*Q}{AAD}araadbr,62.72389320716457
CHEMBL274737,CC[C@H](CO)Nc1nc(SCc2ccccc2)nc2nc(N)sc12,98.7,c1(N[C@@H](CO)CC)c2sc(N)nc2nc(SCc2ccccc2)n1,AA{A*Q}{AB}Darda{EAasaaaaas}dasda{D}ears,1.4081333783936012
CHEMBL277474,Cc1cc(=O)n(-c2ccccc2)n1C,19.35,Cc1n(C)n(-c2ccccc2)c(=O)c1,Aaraa{~B}d{_asaaaaas}drA,90.7964402388194
CHEMBL1956334,CC(=O)c1ncccc1NC(=O)[C@H]1CC[C@H](N2C(=O)[C@H]3[C@H]4CC[C@H](C4)[C@H]3C2=O)CC1,98.7,c1nc(C(=O)C)c(NC(=O)[C@H]2CC[C@H](N3C(=O)[C@@H]4[C@@H]([C@@H]5CC[C@H]4C5)C3=O)CC2)cc1,AA{~B}ardaaaarDA{~B}{A*Q}rAA{A*Q}{DsA{~B}{A*Q}t{A*Q}uAA{A*Q}{Au}{A*Q}tAs~B}AAr,1.4081333783936012
CHEMBL1282,CC(C)Cn1cnc2c(N)nc3ccccc3c21,85.19,c12c(cccc1)nc(N)c1c2n(CC(C)C)cn1,AA{A}Adradasa{D}dataaaaatasr,16.62723893207165
CHEMBL2326623,COc1cccc2c1c(NS(=O)(=O)c1ccc(Cl)s1)nn2Cc1cccc(CNC(=O)[C@H]2COCCN2)c1,98.44,c1(Cn2c3cccc(OC)c3c(NS(=O)(c3sc(Cl)cc3)=O)n2)cc(CNC(=O)[C@@H]2NCCOC2)ccc1,ABaraaaasara{DE{~B}{~B}araaa{Z}er}ddsAaraaaa{ADA{~B}{A*Q}sABAADs}ar,1.701025121099476
CHEMBL279898,CCCn1c(=O)[nH]c(=O)c2[nH]cnc21,67.12,O=c1[nH]c(=O)n(CCC)c2c1[nH]cn2,AAAdra{~B}{dQ}a{~B}as{dQ}adasr,36.983215050129544
CHEMBL2335864,COCCNC(=O)c1ccc(Nc2ncc3cc(-c4ccncc4)ccc3n2)cc1,98.29,c1c(-c2cc3c(nc(Nc4ccc(C(=O)NCCOC)cc4)nc3)cc2)ccnc1,ABAADA{~B}araaa{Dasdaataa{_auaadaau}aaatds}aar,1.8700011265066987
CHEMBL452861,CC(C)NC[C@H](O)COc1cccc2ccccc12,86.05,CC(NC[C@H](O)COc1cccc2c1cccc2)C,AA{A}DA{A*Q}{B}ABaraaaasaaaaars,15.658443167736852
CHEMBL523829,CN1CCN(C(=O)c2cccc(Cc3n[nH]c(=O)c4ccccc34)c2)CC1,65.06,c1cccc2c1c(=O)[nH]nc2Cc1cccc(C(=O)N2CCN(C)CC2)c1,ADrAAD{A{~B}asaaaa{Aatd{dQ}a{~B}auaaaaatu}as}AAr,39.3038188577222
CHEMBL1188966,CN(C)c1nc(NC[C@H]2CC[C@H](CNS(=O)(=O)c3ccc(Br)cc3OC(F)(F)F)CC2)nc2ccccc12,99.95,FC(F)(Oc1c(S(=O)(=O)NC[C@H]2CC[C@H](CNc3nc(N(C)C)c4ccccc4n3)CC2)ccc(Br)c1)F,AD{A}arda{DA{A*Q}sAA{A*Q}{ADE{~B}{~B}ataaa{Y}aatBA{G}{G}G}AAs}dasaaaaars,0.0
CHEMBL1880028,O=C(Cc1ccc(Oc2ccccc2)cc1)NO,98.0,c1(Oc2ccccc2)ccc(CC(=O)NO)cc1,B~A{Aaraaa{Basaaaaas}aar}DB,2.1966880702940212
CHEMBL206200,COCCNc1nc(N)c2nc(O)n(Cc3ccccc3)c2n1,79.17,n1c(N)c2c(nc1NCCOC)n(Cc1ccccc1)c(O)n2,ABAADarda{D}asda{B}d{Aataaaaat}asdr,23.408809282415227
CHEMBL1924047,C[C@@](C(=O)O[C@H]1C[N+]2(CCc3ccccc3)CCC1CC2)(c1ccccc1)N1CCCCC1,97.6,c1ccc(CC[N+]23C[C@H](OC(=O)[C@@](N4CCCCC4)(c4ccccc4)C)C(CC2)CC3)cc1,A{A**}{A{~B}B{A*Q}rA{D%}s{AAataaaaat}AAArAAs}{araaaaar}DrAAAAAr,2.64729075137998
CHEMBL25554,COc1cccc(OC)c1OCCNCC1COc2ccccc2O1,97.6,c12ccccc1OCC(CNCCOc1c(OC)cccc1OC)O2,ABaraaaa{BA}arBAADAArABasaaaaasBr,2.64729075137998
CHEMBL1778652,CCS(=O)(=O)c1ccc(-c2cc(C(F)(F)F)ccc2CCC(=O)O)c(C)c1,97.44,C(CC(=O)O)c1ccc(C(F)(F)F)cc1-c1ccc(S(CC)(=O)=O)cc1C,AAE{~B}{~B}araaa{_asaa{A{G}{G}G}aaasAAA{~B}B}a{A}ar,2.827531823814357
CHEMBL2071498,CC(C)C(NC(=O)c1ccccc1)C(=O)c1ccc(C#N)cc1,90.72,C(C)(C)C(C(c1ccc(C#N)cc1)=O)NC(=O)c1ccccc1,AA{A}A{DA{~B}araaaaar}A{~B}araaa{A^D}aar,10.397656866058357
CHEMBL1092926,Fc1cc(-c2cccc3ncc(-c4cnn(C5CCNCC5)c4)nc23)cc(F)c1CN1CCOCC1,91.46,C1(n2ncc(-c3nc4c(-c5cc(F)c(CN6CCOCC6)c(F)c5)cccc4nc3)c2)CCNCC1,Garaa{_asaaaatdaa{_auadd{AvAADAAv}au}dast}aa{G}arADrAABAAr,9.56404190604935
CHEMBL2335895,CC(=O)NC(C)c1ccc(Nc2ncc3cc(-c4ccncc4)ccc3n2)cc1,98.7,c1nccc(-c2cc3cnc(Nc4ccc(C(NC(C)=O)C)cc4)nc3cc2)c1,AA{~B}DA{A}araaa{Dasdaataa{_auaadaau}aaatds}aar,1.4081333783936012
CHEMBL480825,COc1cc2ncc(C(N)=O)c(Nc3cc(F)ccc3F)c2cc1OC,94.56,c1c(C(N)=O)c(Nc2c(F)ccc(F)c2)c2cc(OC)c(OC)cc2n1,ABaraasdaa{A{D}~B}a{Dataa{G}aaatG}asaarBA,6.071871127633209
CHEMBL256963,Clc1ccc2ncc(-c3cccc(NC4CNC4)n3)n2c1,83.68,c1c(Cl)cn2c(ncc2-c2cccc(NC3CNC3)n2)c1,Zaraaasdaa{_ataaaa{DAuADAu}dt}dsar,18.328264053171107
CHEMBL2338020,CCc1[nH]c2nc(Sc3cnc4ccc[n+]([O-])c4c3)nc(N3C[C@H]4[C@H](N)[C@H]4C3)c2c1Cl,93.39,N[C@@H]1[C@@H]2[C@H]1CN(c1nc(Sc3cc4c(ccc[n+]4[O-])nc3)nc3[nH]c(CC)c(Cl)c31)C2,AAar{dQ}asda{Eatadauaaa{d%}{{B_}}auat}da{DtA{A*Q}u{A*Q}{D}{A*Q}uAt}asarZ,7.389883969809622
CHEMBL2325503,CS(=O)(=O)c1ccc(-c2nnc(/C=C/c3nnc(-c4ccc(C#N)cc4)o3)n2-c2ccccc2Cl)nc1,93.67,C(\c1nnc(-c2ccc(C#N)cc2)o1)=C/c1n(-c2c(Cl)cccc2)c(-c2ccc(S(C)(=O)=O)cn2)nn1,AE{~B}{~B}araaa{_asdda{|A~A|atdda{_auaaa{A^D}aau}bt}ds_asaaaaasZ}dar,7.074462093049454
CHEMBL1829174,Cc1cc(OCCCS(C)(=O)=O)cc(C)c1-c1cccc(COc2ccc3c(c2)OC[C@H]3CC(=O)O)c1,99.64,c12ccc(OCc3cccc(-c4c(C)cc(OCCCS(C)(=O)=O)cc4C)c3)cc1OC[C@H]2CC(=O)O,Aaraa{BAAAE{A}{~B}~B}aa{A}ar_araaaa{ABasaaata{as}BA{A*Q}tAA{~B}B}ar,0.34921707784161565
CHEMBL741,Nc1nnc(-c2cccc(Cl)c2Cl)c(N)n1,55.73,n1nc(-c2c(Cl)c(Cl)ccc2)c(N)nc1N,Dardda{_asaaaa{Z}asZ}a{D}dr,49.814126394052046
CHEMBL2062566,CC(=O)Nc1ccc2c(c1)N(c1cc(NC3CC3)n3ncc(C#N)c3n1)CC2,97.49,c1c(N2c3cc(NC(C)=O)ccc3CC2)nc2c(C#N)cnn2c1NC1CC1,AA{~B}Daraaasa{ar}D{araa{DAtAAt}dtdaa{A^D}atdr}AAs,2.771206488678616
CHEMBL1779503,O=C(NCCc1ccccc1)c1cc(-n2ncc(=O)[nH]c2=O)ccc1Cl,97.49,c1(=O)n(-c2ccc(Cl)c(C(NCCc3ccccc3)=O)c2)ncc(=O)[nH]1,B~A{DAAaraaaaar}araa{_dsdaa{~B}{dQ}as~B}aaarZ,2.771206488678616
CHEMBL49247,c1ccc2c(c1)CC(N1CCN(c3cccc4c3OCCO4)CC1)C2,97.38,c1cccc2c1CC(N1CCN(c3cccc4c3OCCO4)CC1)C2,araaasa{ar}AA{DrAAD{ataaaauatBAABu}AAr}As,2.8951222259772527
CHEMBL1454310,Cc1cc(I)cc2c1NC(C(=O)O)C1CC=CC21,99.8,C12C(C(O)=O)Nc3c(C)cc(I)cc3C1C=CC2,Aaraa{H}aasarDA{A{~B}B}ArAA~AAsr,0.16897600540723856
CHEMBL2030402,O=c1[nH]c([C@@H]2CCCN2)nc2c1oc1ccc(Cl)cc12,92.8,c12c(c3c(o1)ccc(Cl)c3)nc([C@@H]1CCCN1)[nH]c2=O,B~ar{dQ}a{{A**Q}sAAADs}dasarbaraaa{Z}aars,8.054522924411406
CHEMBL2021706,CCC[C@@H](CNC(=O)c1nc(Cl)c(N)nc1N)[N+](C)(C)CCCc1ccc(OC)cc1,48.85,C([C@H](CCC)[N+](C)(CCCc1ccc(OC)cc1)C)NC(=O)c1c(N)nc(N)c(Cl)n1,AAA{A**Q}{ADA{~B}arda{Z}a{D}darD}{D%}{A}{A}AAAaraaa{BA}aar,57.56449250873042
CHEMBL1684954,C[C@@H](NC(=O)Cc1ccc(C2CC2)cc1)c1ccc(OCC(F)(F)F)cn1,99.59,FC(F)(COc1ccc([C@H](NC(=O)Cc2ccc(C3CC3)cc2)C)nc1)F,A{A**Q}{DA{~B}Aaraaa{AsAAs}aar}araaa{BAA{G}{G}G}adr,0.40554241297735655
CHEMBL1916539,COc1ccc2ccc(=O)n(CCN3CCC(NCc4cc5c(cn4)OCCO5)CC3)c2c1,69.12,c12cc(CNC3CCN(CCn4c(=O)ccc5c4cc(OC)cc5)CC3)ncc1OCCO2,ABaraaasaaa{~B}d{AADtAAA{DAauaava{adu}BAABv}AAt}asar,34.73020164469978
CHEMBL1352372,N#Cc1c(N)nc2c(c1N)CC(COc1ccccc1)O2,89.05,c1cccc(OCC2Cc3c(nc(N)c(C#N)c3N)O2)c1,D^Aara{D}dasa{arD}AA{ABaraaaaar}Bs,12.278923059592207
CHEMBL1087399,C[C@H](Nc1nc(Nc2ncc(C#N)s2)cc(N2CCOCC2)n1)c1ncc(F)cn1,88.35,c1nc([C@H](C)Nc2nc(N3CCOCC3)cc(Nc3ncc(C#N)s3)n2)ncc1F,A{A*Q}{Darda{Dasdaa{A^D}es}aa{DsAABAAs}dr}ardaa{G}adr,13.06747775149263
CHEMBL2338400,CC(C)(C)NC(=O)NCCN1CCN(CC(=O)NC23CC4CC(CC(C4)C2)C3)CC1,69.12,C12(NC(=O)CN3CCN(CCNC(=O)NC(C)(C)C)CC3)CC3CC(CC(C1)C3)C2,AA{A}{A}DA{~B}DAADrAAD{AA{~B}DAstAAuAA{AA{Au}As}At}AAr,34.73020164469978
CHEMBL521096,CCOc1cc2ncc(C(N)=O)c(Nc3ccc(C)cc3F)c2cc1N1CCN(C)CC1,94.32,c1(Nc2ccc(C)cc2F)c2cc(N3CCN(C)CC3)c(OCC)cc2ncc1C(N)=O,AABaraasdaa{A{D}~B}a{Dataaa{A}aatG}asaarDrAAD{A}AAr,6.342232736284791
CHEMBL2151325,CCOc1cc(Nc2nc3c(cc2F)ncn3[C@@H](CO)c2ccc(F)cn2)n[nH]1,86.85,n1c2n([C@H](c3ncc(F)cc3)CO)cnc2cc(F)c1Nc1cc(OCC)[nH]n1,AABaraa{Dasdata{aasG}dadt{A**Q}{AB}asaaa{G}ads}d{dQ}r,14.757237805564952
CHEMBL2165066,N#Cc1ccc2ccc(=O)n(CCN3CC[C@@H](NCc4ccc5c(n4)NC(=O)CO5)[C@@H](F)C3)c2c1,79.55,F[C@H]1CN(CCn2c(=O)ccc3ccc(C#N)cc23)CC[C@H]1NCc1nc2c(cc1)OCC(=O)N2,D^Aaraaasaaa{~B}d{AADtAA{A**Q}{DAauaaava{du}DA{~B}ABv}{A**Q}{G}At}asar,22.980736735383577
CHEMBL47298,CCN(CC)CCOc1ccc2c(c1)C(=O)c1cc(OCCN(CC)CC)ccc1-2,48.27,c12ccc(OCCN(CC)CC)cc1C(=O)c1cc(OCCN(CC)CC)ccc1-2,AAD{AA}AABaraaasa{ar}A{~B}araa{BAAD{AA}AA}aaar_s,58.21786639630505
CHEMBL569720,Cc1cc(Nc2nc(N[C@@H](C)c3ncc(F)cn3)c(C#N)nc2C)n[nH]1,69.61,c1(C)[nH]nc(Nc2nc(N[C@@H](C)c3ncc(F)cn3)c(C#N)nc2C)c1,Aaraa{Dasda{D{A**Q}{A}atdaa{G}adt}a{A^D}dasA}d{dQ}r,34.1782133603695
CHEMBL2107366,Cc1cccc([C@H](C)c2c[nH]c(=S)[nH]2)c1C,83.04,[nH]1c(=S)[nH]c([C@H](c2cccc(C)c2C)C)c1,Aaraaaa{{A*Q}{A}asa{dQ}a{~E}{dQ}s}arA,19.049228342908634
CHEMBL1489087,O=C(Nc1ccc(Cl)c(Cl)c1)Nc1ccccc1C(=O)O,47.7,O=C(Nc1ccccc1C(O)=O)Nc1cc(Cl)c(Cl)cc1,B~A{Daraaa{Z}a{Z}ar}DaraaaaarA{~B}B,58.85997521685253
CHEMBL1774056,Cc1cc(Nc2nc(N[C@@H](C)c3ccc(F)cn3)c(C#N)cc2F)n[nH]1,94.68,c1([C@H](C)Nc2nc(Nc3cc(C)[nH]n3)c(F)cc2C#N)ncc(F)cc1,Aaraa{Dasda{D{A**Q}{A}ataaa{G}adt}a{A^D}aasG}d{dQ}r,5.936690323307418
CHEMBL2062567,CC(=O)Nc1ccc2c(c1)N(c1cc(NC3CC3)n3ncc(C#N)c3n1)CCO2,92.48,c1c2c(ccc1NC(=O)C)OCCN2c1cc(NC2CC2)n2c(c(C#N)cn2)n1,AA{~B}Daraaasa{ar}D{araa{DAtAAt}dtdaa{A^D}atdr}AABs,8.41500506928016
CHEMBL1090940,CCCCCCCC(=O)N[C@@H](CCN)C(=O)N[C@@H](C)C(=O)N[C@@H](CCN)C(=O)N[C@H]1CCNC(=O)[C@H]([C@@H](C)O)NC(=O)[C@H](CCN)NC(=O)[C@H](CCN)NC(=O)[C@H](CC(C)C)NC(=O)[C@@H](Cc2ccccc2)NC(=O)[C@H](CCN)NC1=O,92.32,C(C[C@@H]1NC(=O)[C@@H](Cc2ccccc2)NC(=O)[C@H](CCN)NC(=O)[C@@H](NC([C@H](CCN)NC([C@@H](NC(=O)[C@@H](NC(CCCCCCC)=O)CCN)C)=O)=O)CCNC(=O)[C@H]([C@H](O)C)NC(=O)[C@H](CCN)NC(=O)[C@H](CCN)NC1=O)(C)C,AAAAAAAA{~B}D{A**Q}{AAD}A{~B}D{A**Q}{A}A{~B}D{A**Q}{AAD}A{~B}D{A*Q}rAADA{~B}{A*Q}{{A**Q}{A}B}DA{~B}{A*Q}{AAD}DA{~B}{A*Q}{AAD}DA{~B}{A*Q}{AA{A}A}DA{~B}{A**Q}{Aasaaaaas}DA{~B}{A*Q}{AAD}DAr~B,8.595246141714552
CHEMBL2208428,CS(=O)(=O)c1ccccc1C(=O)NC[C@@H](O)CN1CCC(Oc2ccc(Cl)c(Cl)c2)CC1,91.28,C1CN(C[C@@H](CNC(c2c(S(=O)(=O)C)cccc2)=O)O)CCC1Oc1cc(Cl)c(Cl)cc1,AE{~B}{~B}araaaaarA{~B}DA{A**Q}{B}ADrAAA{Basaaa{Z}a{Z}as}AAr,9.76681311253802
CHEMBL15023,O=C(CCCN1CCC(O)(c2cccc(C(F)(F)F)c2)CC1)c1ccc(F)cc1,92.32,N1(CCCC(=O)c2ccc(F)cc2)CCC(O)(c2cccc(C(F)(F)F)c2)CC1,B~A{AAADrAAA{B}{asaaaa{A{G}{G}G}as}AAr}araaa{G}aar,8.595246141714552
CHEMBL1309980,N=c1c(S(=O)(=O)c2ccc(Cl)cc2)cc2c(=O)n3ccccc3nc2n1C1CCCC1,50.0,c1c(S(c2ccc(Cl)cc2)(=O)=O)c(=N)n(C2CCCC2)c2nc3ccccn3c(=O)c12,D~ara{E{~B}{~B}asaaa{Z}aas}aasa{~B}dtaaaaatdasdrArAAAAr,56.26900980060831
CHEMBL2107834,COC(=O)N(C)c1c(N)nc(-c2nn(Cc3ccccc3F)c3ncccc23)nc1N,91.46,c1(N)nc(-c2nn(Cc3c(F)cccc3)c3ncccc23)nc(N)c1N(C(OC)=O)C,ABA{~B}D{A}ara{D}da{_asdd{AataaaaatG}atdaaaast}darD,9.56404190604935
CHEMBL284237,C[C@]12N[C@H](Cc3ccccc31)c1ccccc12,47.12,C[C@@]12c3c(cccc3)C[C@@H](N1)c1ccccc12,A{A*}rsD{A*Q}{Aataaaaatr}araaaaars,59.51334910442718
CHEMBL2170994,Nc1ncnc2c1ncn2[C@@H]1O[C@H](CSCCCNC(=O)Nc2ccc(Cl)cc2)[C@@H](O)[C@H]1O,91.64,c1cc(NC(=O)NCCCSC[C@@H]2[C@@H](O)[C@@H](O)[C@H](n3c4ncnc(N)c4nc3)O2)ccc1Cl,Dardadasardads{A**Q}rB{A*Q}{AEAAADA{~B}Dasaaa{Z}aas}{A**Q}{B}{A*Q}rB,9.361270699560665
CHEMBL809,CN[C@H]1CC[C@@H](c2ccc(Cl)c(Cl)c2)c2ccccc21,98.54,c1cc([C@H]2c3ccccc3[C@@H](NC)CC2)cc(Cl)c1Cl,AD{A*Q}rAA{A**Q}{asaaa{Z}a{Z}as}asaaaaasr,1.5883744508279785
CHEMBL1957460,Cc1nccc(-c2ccc(-c3nc4ccncc4c(O)c3C#N)cc2)c1Cl,99.86,Cc1c(Cl)c(-c2ccc(-c3c(C#N)c(O)c4cnccc4n3)cc2)ccn1,Aardaaa{_asaaa{_atdauaadaaua{B}atA^D}aas}arZ,0.10138560324434313
CHEMBL320876,COc1cc([C@@H]2c3cc4c(cc3C(O[C@@H]3O[C@@H]5CO[C@@H](C)O[C@H]5[C@H](O)[C@H]3O)C3COC(=O)[C@@H]32)OCO4)cc(OC)c1O,98.17,c1c(OC)c(O)c(OC)cc1[C@H]1[C@@H]2C(COC2=O)C(O[C@H]2[C@H](O)[C@@H](O)[C@H]3[C@@H](CO[C@@H](C)O3)O2)c2cc3c(cc21)OCO3,ABaraa{{A**Q}sataaua{aatA{B{A**Q}tB{A**Q}vAB{A**Q}{A}B{A*Q}v{A*Q}{B}{A*Q}tB}AtABA{~B}{A**Q}ts}BABu}aa{BA}arB,2.0051819308324896
CHEMBL2164364,O=C(NCc1ccc(OC(F)(F)F)cc1)C1c2ccccc2C(=O)N1CCc1ncccn1,91.82,O=C(C1c2c(cccc2)C(=O)N1CCc1ncccn1)NCc1ccc(OC(F)(F)F)cc1,B~A{DAaraaa{BA{G}{G}G}aar}ArasaaaaasA{~B}DrAAardaaadr,9.158499493071993
CHEMBL2177736,NC(=O)c1cnc(N[C@@H]2CCCC[C@@H]2N)nc1Nc1cccc(-n2nccn2)c1,91.82,C1CCC[C@H](N)[C@@H]1Nc1ncc(C(=O)N)c(Nc2cccc(-n3nccn3)c2)n1,DA{~B}arada{D{A**Q}sAAAA{A**Q}sD}darDaraaaa{_dsdaads}ar,9.158499493071993
CHEMBL2069413,O=C(N[C@@H]1COc2cccc(-c3ccc(CO)nc3)c2C1)c1ccc(OCCOCC(F)(F)F)nc1,95.91,C(Oc1ncc(C(=O)N[C@@H]2COc3cccc(-c4cnc(CO)cc4)c3C2)cc1)COCC(F)(F)F,B~A{D{A**Q}rABasaaaa{_ataaa{AB}dat}asAr}araaa{BAABAA{G}{G}G}dar,4.551087078968126
CHEMBL2062578,N#Cc1cnn2c(NC3CC3)cc(-n3ccc4ccc(CO)cc43)nc12,98.09,c1c(CO)cc2c(c1)ccn2-c1cc(NC2CC2)n2ncc(C#N)c2n1,D^Aaraddsa{DAtAAt}aa{_dtaaauaaa{AB}aaut}dars,2.0953024670496783
CHEMBL440498,O=C(NO)C1(CS(=O)(=O)c2ccc(Oc3ccc(Cl)cc3)cc2)CCOCC1,98.0,c1c(S(CC2(C(NO)=O)CCOCC2)(=O)=O)ccc(Oc2ccc(Cl)cc2)c1,B~A{DB}Ar{AE{~B}{~B}asaaa{Bataaa{Z}aat}aas}AABAAr,2.1966880702940212
CHEMBL2312933,CCCN(c1cccnc1)P(=O)(c1ccccc1)c1ccccc1,97.95,O=P(c1ccccc1)(N(c1cnccc1)CCC)c1ccccc1,AAAD{araaadar}F{~B}{araaaaar}araaaaar,2.253013405429762
CHEMBL27890,COc1ccc2c(O)cc(=O)n(Cc3ccc(-c4ccccc4-c4nn[nH]n4)cc3)c2c1,99.89,c1(-c2ccccc2-c2ccc(Cn3c4c(c(O)cc3=O)ccc(OC)c4)cc2)n[nH]nn1,ABaraaasa{B}aa{~B}d{Aataaa{_auaaaaau_audd{dQ}du}aat}asar,0.06759040216289543
CHEMBL575448,C[C@@]1(C(=O)Nc2ccc(F)nc2)CCCN1c1nc(Nc2cc(C3CC3)n[nH]2)c2cccn2n1,97.91,c1(N2CCC[C@@]2(C)C(Nc2cnc(F)cc2)=O)nn2c(c(Nc3[nH]nc(C4CC4)c3)n1)ccc2,A{A**}r{A{~B}Dasaaa{G}das}AAADrarda{Dasaa{AtAAt}d{dQ}s}asaaadsdr,2.2980736735383642
CHEMBL2171278,Cc1ccc(NC(=O)[C@@H]2CCCN2S(=O)(=O)c2cccc3cccnc23)c(C)c1,97.76,c1(C)ccc(NC([C@H]2N(S(=O)(=O)c3c4c(cccn4)ccc3)CCC2)=O)c(C)c1,Aaraaa{DA{~B}{A**Q}sAAADsE{~B}{~B}asaaaataaadast}a{A}ar,2.4670496789455867
CHEMBL2349312,CC(C)C[C@H](CO)Nc1nc(S[C@@H](C)c2ccccc2)nc2[nH]c(=O)sc12,99.9,c12c(c(N[C@H](CC(C)C)CO)nc(S[C@H](c3ccccc3)C)n1)sc(=O)[nH]2,AA{A}A{A*Q}{AB}Darda{E{A**Q}{A}asaaaaas}das{dQ}a{~B}ears,0.056325335135740846
CHEMBL257006,C[C@H](CO)Nc1nc(SCc2cccc(F)c2F)nc2[nH]c(N)nc12,97.71,c1(SCc2c(F)c(F)ccc2)nc(N[C@@H](CO)C)c2c([nH]c(N)n2)n1,A{A*Q}{AB}Darda{EAasaaaa{G}asG}das{dQ}a{D}dars,2.523375014081344
CHEMBL1950856,CN[C@@H](C)C(=O)N[C@H](C(=O)N[C@H]1CCCN(CCc2ccc(Br)cc2)C1)C(C)(C)C,97.71,Brc1ccc(CCN2C[C@@H](NC(=O)[C@H](C(C)(C)C)NC([C@H](C)NC)=O)CCC2)cc1,AD{A**Q}{A}A{~B}D{A*Q}{A{~B}D{A*Q}rAAAD{AAasaaa{Y}aas}Ar}A{A}{A}A,2.523375014081344
CHEMBL2036958,CC1(CCCc2cc(=O)oc3[nH]c(=O)[nH]c(=O)c23)CC1,98.51,C1(CCCc2cc(=O)oc3c2c(=O)[nH]c(=O)[nH]3)(C)CC1,AAr{AAAasaa{~B}bat{dQ}a{~B}{dQ}a{~B}ast}AAr,1.6221696519094262
CHEMBL2335888,CC(=O)N(C)c1ccc(Nc2ncc3cc(-c4ccncc4)ccc3n2)cc1,98.09,n1ccc(-c2ccc3nc(Nc4ccc(N(C(C)=O)C)cc4)ncc3c2)cc1,AA{~B}D{A}araaa{Dasdaataa{_auaadaau}aaatds}aar,2.0953024670496783
CHEMBL1824045,O=C1COc2ccc(CNC3CCN(CCN4C(=O)COc5ccc(-c6ccco6)cc54)CC3)nc2N1,99.4,O=C1Nc2nc(CNC3CCN(CCN4c5cc(-c6occc6)ccc5OCC4=O)CC3)ccc2OC1,B~ArABasaaa{ADAtAAD{AADuA{~B}ABavaaa{_awaaabw}aavu}AAt}dasDr,0.6195786864931814
CHEMBL1090488,C[C@H]1CN(C(=O)[C@@H]2CN(C(C)(C)C)C[C@H]2c2ccc(F)cc2F)C[C@@H](C)[C@]1(O)c1ccccc1,76.81,O[C@]1(c2ccccc2)[C@H](C)CN(C(=O)[C@@H]2CN(C(C)(C)C)C[C@H]2c2c(F)cc(F)cc2)C[C@@H]1C,A{A*Q}rAD{A{~B}{A**Q}sAD{A{A}{A}A}A{A*Q}sasaaa{G}aasG}A{A**Q}{A}{A*}r{B}araaaaar,26.067365100822347
CHEMBL550637,Cc1ccc(C(=O)N2CC3CNCC(C2)O3)cc1NC(=O)CC12CC3CC(CC(C3)C1)C2,71.99,Cc1c(NC(=O)CC23CC4CC(CC(C2)C4)C3)cc(C(N2CC3CNCC(C2)O3)=O)cc1,Aaraaa{A{~B}DsAAtADAA{As}Bt}aarDA{~B}AArsAAtAA{AA{At}Ar}As,31.497127407908085
CHEMBL1916263,CCC(CC)NC(=O)c1cn(-c2ccccc2)nc1NS(=O)(=O)c1ccc(C)cc1,99.87,c1(S(=O)(Nc2c(C(NC(CC)CC)=O)cn(-c3ccccc3)n2)=O)ccc(C)cc1,AAA{AA}DA{~B}arad{_asaaaaas}darDE{~B}{~B}araaa{A}aar,0.09012053621718856
CHEMBL1957462,Cc1nn(C)c(C)c1-c1ccc(-c2nc3ccncc3c(O)c2C#N)cc1,99.64,c1c2nc(-c3ccc(-c4c(C)nn(C)c4C)cc3)c(C#N)c(O)c2cnc1,Aardd{A}a{A}ar_araaa{_asdataadaata{B}asA^D}aar,0.34921707784161565
CHEMBL296419,COc1ccc(CCN2CCC(Nc3nc4ccccc4n3Cc3ccc(F)cc3)CC2)cc1,97.38,C(CN1CCC(Nc2n(Cc3ccc(F)cc3)c3c(cccc3)n2)CC1)c1ccc(OC)cc1,ABaraaa{AADsAAA{DatdauaaaaaudtAataaa{G}aat}AAs}aar,2.8951222259772527
CHEMBL2331738,Cc1cn([C@H]2CCCN(S(=O)(=O)c3cccc(Oc4ccccc4)c3)C2)c(=O)[nH]c1=O,97.38,C1CCN(S(=O)(=O)c2cccc(Oc3ccccc3)c2)C[C@H]1n1cc(C)c(=O)[nH]c1=O,Aarad{{A*Q}sAAAD{E{~B}{~B}ataaaa{Bauaaaaau}at}As}a{~B}{dQ}ar~B,2.8951222259772527
CHEMBL2312113,COc1cc(O)c(C(CC(=O)N2CC(C)CC(C)C2)c2ccc3c(c2)OCO3)c(OC)c1,99.76,c12c(ccc(C(CC(=O)N3CC(C)CC(C)C3)c3c(OC)cc(OC)cc3O)c1)OCO2,ABaraa{B}a{A{AA{~B}DsAA{A}AA{A}As}asaaata{as}BABt}a{BA}ar,0.21403627351582483
CHEMBL1605684,CC(=O)c1cn(Cc2ccccc2)c(=O)n(Cc2ccc(F)cc2)c1=O,97.55,O=C(C)c1cn(Cc2ccccc2)c(=O)n(Cc2ccc(F)cc2)c1=O,AA{~B}arad{Aasaaaaas}a{~B}d{Aasaaa{G}aas}ar~B,2.703616086515721
CHEMBL2179270,Cc1cn([C@H]2CCCN([C@@H](C)c3ccc(C(=O)O)c(Oc4cccc(Cl)c4)c3)C2)c(=O)[nH]c1=O,97.71,[C@H]1(n2cc(C)c(=O)[nH]c2=O)CCCN([C@H](c2cc(Oc3cccc(Cl)c3)c(C(=O)O)cc2)C)C1,Aarad{{A*Q}sAAAD{{A**Q}{A}ataaa{A{~B}B}a{Bauaaaa{Z}au}at}As}a{~B}{dQ}ar~B,2.523375014081344
CHEMBL2071491,CC(C)C(NC(=O)c1ccccc1)C(=O)c1ccc([N+](=O)[O-])cc1,95.82,c1cc(C(C(C(C)C)NC(=O)c2ccccc2)=O)ccc1[N+]([O-])=O,AA{A}A{DA{~B}araaaaar}A{~B}araaa{{D%}{~B}{B_}}aar,4.652472682212469
CHEMBL140684,CN(c1ccccc1)S(=O)(=O)c1ccc(NC(=O)C(C)(O)C(F)(F)F)cc1,97.71,c1(N(C)S(=O)(=O)c2ccc(NC(C(C)(C(F)(F)F)O)=O)cc2)ccccc1,AD{araaaaar}E{~B}{~B}araaa{DA{~B}A{A}{B}A{G}{G}G}aar,2.523375014081344
CHEMBL1650723,COc1cc(Nc2nc(N[C@@H](C)c3ncc(F)cn3)ncc2Cl)n[nH]1,87.87,c1c(OC)[nH]nc1Nc1c(Cl)cnc(N[C@H](c2ncc(F)cn2)C)n1,ABaraa{Dasda{D{A**Q}{A}atdaa{G}adt}daasZ}d{dQ}r,13.60820096879576
CHEMBL2171014,Cc1c(Cl)ccc(OC2CCN(C3CCN(C(=O)NS(=O)(=O)c4ccc(N(C)C)cc4)CC3)CC2)c1Cl,97.76,N1(C(=O)NS(=O)(c2ccc(N(C)C)cc2)=O)CCC(N2CCC(Oc3ccc(Cl)c(C)c3Cl)CC2)CC1,Aara{Z}aaa{BAsAAD{AtAAD{A{~B}DE{~B}{~B}auaaa{D{A}A}aau}AAt}AAs}arZ,2.4670496789455867
CHEMBL1962896,COc1ccc(CCC[N+](C)(CCCc2ccc(OC)cc2)CCNC(=O)c2nc(Cl)c(N)nc2N)cc1,83.68,C(NC(=O)c1nc(Cl)c(N)nc1N)C[N+](C)(CCCc1ccc(OC)cc1)CCCc1ccc(OC)cc1,ABaraaa{AAA{D%}{A}{AAAasaaa{BA}aas}AADA{~B}asda{Z}a{D}dasD}aar,18.328264053171107
CHEMBL714,CC(C)(C)NCC(O)c1ccc(O)c(CO)c1,22.79,c1(C(CNC(C)(C)C)O)cc(CO)c(O)cc1,AA{A}{A}DAA{B}araaa{B}a{AB}ar,86.92125718148021
CHEMBL1071,O=C(O)CCc1nc(-c2ccccc2)c(-c2ccccc2)o1,99.95,c1cccc(-c2oc(CCC(O)=O)nc2-c2ccccc2)c1,B~A{B}AAarda{_asaaaaas}a{_asaaaaas}br,0.0
CHEMBL112,CC(=O)Nc1ccc(O)cc1,26.64,N(c1ccc(O)cc1)C(=O)C,AA{~B}Daraaa{B}aar,82.58420637602792
CHEMBL435,NS(=O)(=O)c1cc2c(cc1Cl)NCNS2(=O)=O,71.99,S(=O)(c1cc2c(cc1Cl)NCNS2(=O)=O)(N)=O,DE{~B}{~B}araasa{aarZ}DADEs{~B}~B,31.497127407908085
CHEMBL2349318,CCC[C@H](CO)Nc1nc(S[C@@H](C)c2cccc(C#N)c2)nc2[nH]c(=O)sc12,99.93,c1(N[C@@H](CO)CCC)nc(S[C@H](c2cc(C#N)ccc2)C)nc2[nH]c(=O)sc12,AAA{A*Q}{AB}Darda{E{A**Q}{A}asaaaa{A^D}as}das{dQ}a{~B}ears,0.02253013405429314
CHEMBL2164395,O=C(NCc1ccc(OCC(F)(F)F)nc1)C1c2ccccc2C(=O)N1CCc1ccccn1,90.72,c1cccnc1CCN1C(=O)c2c(cccc2)C1C(NCc1ccc(OCC(F)(F)F)nc1)=O,B~A{DAaraaa{BAA{G}{G}G}dar}ArasaaaaasA{~B}DrAAaraaaadr,10.397656866058357
CHEMBL1950849,CN[C@@H](C)C(=O)N[C@H](C(=O)N[C@H]1CCCN(CCc2cccc(F)c2)C1)C1CCCCC1,71.99,C1C([C@H](NC(=O)[C@H](C)NC)C(N[C@@H]2CN(CCc3cccc(F)c3)CCC2)=O)CCCC1,AD{A**Q}{A}A{~B}D{A*Q}{A{~B}D{A*Q}rAAAD{AAasaaaa{G}as}Ar}ArAAAAAr,31.497127407908085
CHEMBL259081,O=c1nc(NCc2ccccc2)sn1Cc1ccccc1,99.88,c1cccc(Cn2c(=O)nc(NCc3ccccc3)s2)c1,B~arda{DAasaaaaas}edrAaraaaaar,0.07885546919005
CHEMBL24646,COc1ccc(-c2nc3cc(C4=NNC(=O)CC4C)ccc3[nH]2)cc1,89.05,C1C(=O)NN=C(c2ccc3[nH]c(-c4ccc(OC)cc4)nc3c2)C1C,ABaraaa{_asdataa{Au~DDA{~B}AAuA}aaat{dQ}s}aar,12.278923059592207
CHEMBL247471,C[C@H](c1ccc(F)cc1CCCC(=O)O)N(c1cc(F)ccc1F)S(=O)(=O)c1ccc(Cl)cc1,99.9,N([C@@H](c1c(CCCC(O)=O)cc(F)cc1)C)(S(=O)(=O)c1ccc(Cl)cc1)c1cc(F)ccc1F,A{A*Q}{araaa{G}aarAAAA{~B}B}D{araa{G}aaarG}E{~B}{~B}araaa{Z}aar,0.056325335135740846
CHEMBL33899,CC/C(=C(\c1ccccc1)c1ccc(/C=C/C(=O)O)cc1)c1ccccc1,99.67,C(\c1ccccc1)(=C(\CC)c1ccccc1)c1ccc(/C=C/C(O)=O)cc1,AA|A{~A{!araaaaar}araaa{|A~A|A{~B}B}aar}araaaaar,0.315421876760168
CHEMBL1287892,NC(=O)c1cnc(N[C@H]2CCCNC2)c2cc(-c3ccc(F)c(F)c3)sc12,98.09,O=C(N)c1c2c(c(N[C@@H]3CNCCC3)nc1)cc(-c1ccc(F)c(F)c1)s2,DA{~B}arada{D{A*Q}sAAADAs}asaa{_ataaa{G}a{G}at}ears,2.0953024670496783
CHEMBL907,CCCCc1nc(Cl)c(C(=O)O)n1Cc1ccc(-c2ccccc2-c2nn[nH]n2)cc1,99.51,C(c1n(Cc2ccc(-c3ccccc3-c3n[nH]nn3)cc2)c(C(=O)O)c(Cl)n1)CCC,AAAAarda{Z}a{A{~B}B}drAaraaa{_asaaaaas_asdd{dQ}ds}aar,0.49566294919454507
CHEMBL2180015,CC#Cc1ccnc(-c2cc(C3(C4CC4)N=C(C)C(N)=N3)ccc2O)c1,99.4,c1cc(O)c(-c2cc(C#CC)ccn2)cc1C1(C2CC2)N=C(C)C(N)=N1,AA^Aaraada{_asaa{At{AuAAu}D~A{A}A{D}~Dt}aaasB}ar,0.6195786864931814
CHEMBL2216839,C[C@H]1CN(Cc2nnc(-c3cc(-c4cccc5[nH]ccc45)cc4[nH]ncc34)o2)C[C@@H](C)O1,98.09,n1c(CN2C[C@H](C)O[C@H](C)C2)oc(-c2c3c([nH]nc3)cc(-c3c4cc[nH]c4ccc3)c2)n1,A{A*Q}rAD{Aasdda{_ataa{_auaaaav{dQ}aaauv}aau{dQ}daatu}bs}A{A**Q}{A}Br,2.0953024670496783
CHEMBL2208434,O=C(NC[C@@H](O)CN1CCC(Oc2ccc(Cl)c(Cl)c2)CC1)c1cc(=O)[nH]c2ccccc12,98.17,c1c(Cl)c(Cl)ccc1OC1CCN(C[C@@H](CNC(=O)c2cc(=O)[nH]c3ccccc32)O)CC1,B~A{DA{A**Q}{B}ADrAAA{Basaaa{Z}a{Z}as}AAr}araa{~B}{dQ}asaaaaars,2.0051819308324896
CHEMBL655,Cc1ncc2n1-c1ccc(Cl)cc1C(c1ccccc1F)=NC2,98.25,C1(c2c(F)cccc2)=NCc2n(c(C)nc2)-c2ccc(Cl)cc21,Aardaasdr_araaa{Z}aarA{araaaaarG}~DAs,1.915061394615301
CHEMBL2103875,CC(=O)Nc1cccc(-n2c(=O)n(C3CC3)c(=O)c3c(Nc4ccc(I)cc4F)n(C)c(=O)c(C)c32)c1,99.05,Ic1cc(F)c(Nc2c3c(=O)n(C4CC4)c(=O)n(-c4cc(NC(=O)C)ccc4)c3c(C)c(=O)n2C)cc1,AA{~B}Daraaaa{_dsa{~B}d{AtAAt}a{~B}ata{Dauaaa{H}aauG}d{A}a{~B}a{A}ats}ar,1.0138560324433994
CHEMBL1933593,C[C@H]1O[C@@H](n2cnc3c(N)nc(OC(C4CC4)C(F)(F)F)nc32)[C@H](O)[C@@H]1O,65.06,C(C1CC1)(C(F)(F)F)Oc1nc2n([C@H]3[C@H](O)[C@H](O)[C@@H](C)O3)cnc2c(N)n1,A{A*Q}rB{A**Q}{dsadata{D}da{BA{AuAAu}A{G}{G}G}dats}{A*Q}{B}{A**Q}rB,39.3038188577222
CHEMBL2151176,COc1cc(Nc2nc3c(c(COC4CCCC4)n2)COCC3)ccc1-n1cnc(C)c1,99.01,c1cc(Nc2nc3c(c(COC4CCCC4)n2)COCC3)cc(OC)c1-n1cnc(C)c1,ABaraa{Dasdata{a{ABAuAAAAu}ds}ABAAt}aaar_drada{A}ar,1.0589163005519857
CHEMBL2165187,CN(C)CCN(Cc1cccc2ccccc12)c1cc(N2CCOCC2)nc(=O)[nH]1,66.1,C(N(c1[nH]c(=O)nc(N2CCOCC2)c1)CCN(C)C)c1cccc2c1cccc2,AD{A}AAD{Aaraaaasaaaaars}araa{DsAABAAs}da{~B}{dQ}r,38.132251886898736
CHEMBL38182,N#Cc1ccc(NC(=O)Nc2ccccc2Br)c2nn[nH]c12,99.58,c1(C#N)ccc(NC(Nc2c(Br)cccc2)=O)c2nn[nH]c12,D^Aaraaa{DA{~B}DasaaaaasY}asdd{dQ}ars,0.4168074800045111
CHEMBL254497,CC(C)(C)OC(=O)N[C@H](Cc1ccccc1C(F)(F)F)C(=O)NCc1nc2cccnc2n1Cc1ccccc1,98.89,O=C(OC(C)(C)C)N[C@@H](C(NCc1nc2c(nccc2)n1Cc1ccccc1)=O)Cc1c(C(F)(F)F)cccc1,AA{A}{A}BA{~B}D{A*Q}{AaraaaaarA{G}{G}G}A{~B}DAardasaaadasdrAaraaaaar,1.1940971048777764
CHEMBL1257491,Oc1ccc2cc(CNCCc3ccc(Br)cc3)c(-c3ccsc3)nc2c1,99.85,N(Cc1c(-c2ccsc2)nc2c(ccc(O)c2)c1)CCc1ccc(Br)cc1,Baraaasaa{ADAAataaa{Y}aat}a{_ataaeat}dasar,0.11265067027149771
CHEMBL1309788,Cc1ccc(-n2c(C)cc(/C=C3\SC(=O)NC3=O)c2C)cc1,99.84,S1/C(=C\c2cc(C)n(-c3ccc(C)cc3)c2C)C(=O)NC1=O,Aaraaa{_dsa{A}aa{|A~At!EA{~B}DAt~B}asA}aar,0.12391573729863627
CHEMBL461950,O=C(Nc1ccc(Cl)c(C(=O)Nc2cccnc2)c1)c1cccc(Cl)c1,98.29,c1cc(C(=O)Nc2cc(C(=O)Nc3cnccc3)c(Cl)cc2)cc(Cl)c1,B~A{Daraaa{Z}a{A{~B}Dasaaadas}ar}araaaa{Z}ar,1.8700011265066987
CHEMBL574059,Cn1c(=O)c(-c2c(Cl)cccc2Cl)cc2cnc(Nc3ccc(F)cc3)nc21,99.6,Clc1cccc(Cl)c1-c1c(=O)n(C)c2nc(Nc3ccc(F)cc3)ncc2c1,Adra{~B}a{_asa{Z}aaaasZ}aasada{Dataaa{G}aat}dasr,0.39427734595021796
CHEMBL1359777,Cc1cc(C(=O)Cn2cc(C(F)(F)F)ccc2=O)c(C)n1Cc1ccccc1,98.4,c1(C)cc(C(=O)Cn2cc(C(F)(F)F)ccc2=O)c(C)n1Cc1ccccc1,Aaraa{A{~B}Adsaa{A{G}{G}G}aaas~B}a{A}drAaraaaaar,1.7460853892080623
CHEMBL1957363,N#Cc1c(-c2ccc(-c3ccccc3O)cc2)nc2ccncc2c1O,99.74,c1(-c2ccccc2O)ccc(-c2nc3ccncc3c(O)c2C#N)cc1,D^Aara{_asaaa{_ataaaaatB}aas}dasaadaasarB,0.23656640757013397
CHEMBL1683031,CCOc1cc2nnc(C(N)=O)c(Nc3ccc(C)cc3F)c2cc1N1CCN(C)CC1,98.4,C1CN(C)CCN1c1c(OCC)cc2c(c(Nc3ccc(C)cc3F)c(C(=O)N)nn2)c1,AABaraasdda{A{D}~B}a{Dataaa{A}aatG}asaarDrAAD{A}AAr,1.7460853892080623
CHEMBL708,O=C1Cc2cc(CCN3CCN(c4nsc5ccccc45)CC3)c(Cl)cc2N1,99.9,s1c2c(c(N3CCN(CCc4cc5c(cc4Cl)NC(=O)C5)CC3)n1)cccc2,B~ArAasaa{AADtAAD{audeavaaaaauv}AAt}a{Z}aasDr,0.056325335135740846
CHEMBL2204344,O=C(CCCN1CC[Si](O)(c2cccc(C(F)(F)F)c2)CC1)c1ccc(F)cc1,95.91,C(C(c1ccc(F)cc1)=O)CCN1CC[Si](O)(c2cccc(C(F)(F)F)c2)CC1,B~A{AAADrAA{X}{B}{asaaaa{A{G}{G}G}as}AAr}araaa{G}aar,4.551087078968126
CHEMBL408,Cc1c(C)c2c(c(C)c1O)CCC(C)(COc1ccc(CC3SC(=O)NC3=O)cc1)O2,99.91,C(c1ccc(OCC2(C)CCc3c(c(C)c(C)c(O)c3C)O2)cc1)C1SC(=O)NC1=O,Aara{A}asa{a{A}arB}AAA{A}{ABaraaa{AAtEA{~B}DAt~B}aar}Bs,0.04506026810860229
CHEMBL589586,COC(=O)/C=C/C(=O)O,86.05,O=C(O)/C=C/C(=O)OC,ABA{~B}|A~A|A{~B}B,15.658443167736852
CHEMBL2094588,O=C(CN1C2=NCCN2c2ccccc21)c1ccc(Cl)cc1,66.1,O=C(c1ccc(Cl)cc1)CN1C2=NCCN2c2c1cccc2,B~A{ADrAs~DAADsasaaaaasr}araaa{Z}aar,38.132251886898736
CHEMBL232656,C[C@@H]1CN(Cc2ccc(F)cc2)CCN1C(=O)COc1ccc(Cl)cc1NC(N)=O,97.95,C(Oc1ccc(Cl)cc1NC(N)=O)C(=O)N1CCN(Cc2ccc(F)cc2)C[C@H]1C,A{A**Q}rAD{Aasaaa{G}aas}AADrA{~B}ABaraaa{Z}aarDA{D}~B,2.253013405429762
CHEMBL2059866,Cc1ccc(-c2cn(C)cn2)cc1NC(=O)c1ccc(OCc2ccccn2)cc1,90.52,c1(-c2cc(NC(=O)c3ccc(OCc4ccccn4)cc3)c(C)cc2)ncn(C)c1,Aaraaa{_asad{A}ads}aarDA{~B}araaa{BAasaaaads}aar,10.622958206601336
CHEMBL2164373,O=C(NCc1ccc(OC(F)(F)F)cc1)C1c2ccccc2C(=O)N1C1CCC(F)(F)CC1,98.0,N(Cc1ccc(OC(F)(F)F)cc1)C(=O)C1N(C2CCC(F)(F)CC2)C(=O)c2ccccc21,B~A{DAaraaa{BA{G}{G}G}aar}ArasaaaaasA{~B}DrArAAA{G}{G}AAr,2.1966880702940212
CHEMBL2057372,CC(C)(C)NS(=O)(=O)c1cncc(-c2ccc3nc(NC(=O)NCC(=O)N4CCOCC4)nn3c2)c1,54.02,CC(C)(NS(=O)(c1cc(-c2ccc3nc(NC(=O)NCC(=O)N4CCOCC4)nn3c2)cnc1)=O)C,AA{A}{A}DE{~B}{~B}aradaa{_asaaatda{DA{~B}DAA{~B}DuAABAAu}ddtas}ar,51.740452855694485
CHEMBL412142,Cc1c[nH]c(-c2cnc(NCCNc3ccc(C#N)cn3)nc2-c2ccc(Cl)cc2Cl)n1,98.13,c1(-c2c(Cl)cc(Cl)cc2)c(-c2nc(C)c[nH]2)cnc(NCCNc2ncc(C#N)cc2)n1,Aara{dQ}a{_asada{DAADataaa{A^D}adt}das_asaaa{Z}aasZ}dr,2.050242198941092
CHEMBL35,NS(=O)(=O)c1cc(C(=O)O)c(NCc2ccco2)cc1Cl,98.37,C(c1ccco1)Nc1cc(Cl)c(S(N)(=O)=O)cc1C(O)=O,DE{~B}{~B}araa{A{~B}B}a{DAasaaabs}aarZ,1.77988059028951
CHEMBL1090090,NC(=O)c1ccc(N(C(N)=O)c2c(F)cccc2F)nc1-c1ccc(F)cc1F,60.77,C(N)(=O)N(c1nc(-c2c(F)cc(F)cc2)c(C(N)=O)cc1)c1c(F)cccc1F,DA{~B}araaa{D{A{D}~B}asa{G}aaaasG}dar_araaa{G}aarG,44.13653261236904
CHEMBL506,COc1cc(NC(C)CCCN)c2ncccc2c1,59.66,c1cc2c(nc1)c(NC(C)CCCN)cc(OC)c2,ABaraa{DA{A}AAAD}asdaaaasar,45.38695505238256
CHEMBL481,CCc1c2c(nc3ccc(OC(=O)N4CCC(N5CCCCC5)CC4)cc13)-c1cc3c(c(=O)n1C2)COC(=O)[C@]3(O)CC,57.99,N1(C2CCN(C(=O)Oc3ccc4c(c(CC)c5c(n4)-c4n(c(=O)c6c(c4)[C@@](O)(CC)C(=O)OC6)C5)c3)CC2)CCCCC1,AAarasa{dataaa{BA{~B}DuAAA{DvAAAAAv}AAu}aart}_araata{a{~B}drAs}ABA{~B}{A*}t{B}AA,47.26822124591641
CHEMBL1078411,N#C[C@@]1(NC(=O)[C@@H](N)Cc2cccs2)C[C@@H]1c1ccccc1,54.02,[C@]1(NC([C@H](Cc2sccc2)N)=O)(C#N)[C@@H](c2ccccc2)C1,D^A{A**}r{DA{~B}{A**Q}{D}Aasaaaes}A{A**Q}raraaaaar,51.740452855694485
CHEMBL1957370,N#Cc1c(-c2ccc(-c3ccncc3Cl)cc2)nc2ccncc2c1O,99.45,c1(C#N)c(-c2ccc(-c3ccncc3Cl)cc2)nc2ccncc2c1O,D^Aara{_asaaa{_ataadaatZ}aas}dasaadaasarB,0.5632533513574405
CHEMBL2333941,C[C@@]1(c2cc(-c3cncnc3)c(F)cc2F)CCSC(N)=N1,54.02,Fc1cc(F)c(-c2cncnc2)cc1[C@]1(C)CCSC(N)=N1,A{A**}r{asaa{_atadadat}a{G}aasG}AAEA{D}~Dr,51.740452855694485
CHEMBL210884,COCCOc1nc(N)c2[nH]c(=O)n(Cc3ccccc3)c2n1,89.49,c12n(Cc3ccccc3)c(=O)[nH]c1c(N)nc(OCCOC)n2,ABAABarda{D}as{dQ}a{~B}d{Aataaaaat}asdr,11.783260110397666
CHEMBL141157,C#CC[C@@H](C(=O)N[C@H](/C=C/C(=O)OCC)C[C@@H]1CCNC1=O)n1cccc(NC(=O)c2cc(C)on2)c1=O,55.73,c1ccn([C@@H](CC#C)C(N[C@@H](C[C@H]2C(=O)NCC2)/C=C/C(=O)OCC)=O)c(=O)c1NC(=O)c1noc(C)c1,A^AA{A**Q}{A{~B}D{A*Q}{|A~A|A{~B}BAA}A{A**Q}rAADAr~B}draaaa{DA{~B}asaa{A}bds}ar~B,49.814126394052046
CHEMBL1807823,O=c1[nH]c2c(O)ccc([C@@H](O)CNCCSCCCNCCc3ccccc3)c2s1,52.88,c1([C@H](CNCCSCCCNCCc2ccccc2)O)c2sc(=O)[nH]c2c(O)cc1,B~ar{dQ}asa{B}aaa{{A**Q}{B}ADAAEAAADAAataaaaat}aser,53.02467049678945
CHEMBL1950842,CN[C@@H](C)C(=O)N[C@H](C(=O)N[C@H]1CCCN(CCc2ccccc2)C1)C(C)(C)C,49.42,N([C@H](C(=O)N[C@H]1CCCN(CCc2ccccc2)C1)C(C)(C)C)C([C@@H](NC)C)=O,AD{A**Q}{A}A{~B}D{A*Q}{A{~B}D{A*Q}rAAAD{AAasaaaaas}Ar}A{A}{A}A,56.92238368818294
CHEMBL1917431,Cc1c(Sc2ccc(Cl)cc2)c2cc(S(C)(=O)=O)ccc2n1CC(=O)O,98.73,O=S(C)(=O)c1ccc2c(c1)c(Sc1ccc(Cl)cc1)c(C)n2CC(=O)O,Aara{Easaaa{Z}aas}asaa{E{A}{~B}~B}aaasdrAA{~B}B,1.3743381773121535
CHEMBL2335878,CN(C)CCNC(=O)c1ccc(Nc2ncc3cc(-c4ccncc4)ccc3n2)cc1,98.89,c1(C(=O)NCCN(C)C)ccc(Nc2ncc3cc(-c4ccncc4)ccc3n2)cc1,AD{A}AADA{~B}araaa{Dasdaataa{_auaadaau}aaatds}aar,1.1940971048777764
CHEMBL60066,O=C(Nc1ccc(F)cc1)c1ccc(Cl)[n+]([O-])c1,53.45,c1c(C(Nc2ccc(F)cc2)=O)c[n+]([O-])c(Cl)c1,B~A{Daraaa{G}aar}araaa{Z}{d%}{{B_}}ar,52.38256167624197
CHEMBL558,Cc1cccc(C)c1OCC(C)N,36.53,c1cc(C)c(OCC(C)N)c(C)c1,Aaraaaa{A}arBAA{A}D,71.44305508617775
CHEMBL2062569,CC(=O)Nc1cc2c(ccn2-c2cc(NC3CC3)n3ncc(C#N)c3n2)cc1C,97.91,N#Cc1cnn2c(NC3CC3)cc(-n3c4cc(NC(C)=O)c(C)cc4cc3)nc12,AA{~B}Daraasa{aads_asaa{DAtAAt}dtdaa{A^D}atds}aarA,2.2980736735383642
CHEMBL480,Cc1c(OCC(F)(F)F)ccnc1C[S+]([O-])c1nc2ccccc2[nH]1,98.4,c1(C)c(OCC(F)(F)F)ccnc1C[S+]([O-])c1nc2c([nH]1)cccc2,Aara{BAA{G}{G}G}aadarA{E%}{{B_}}ardasaaaaas{dQ}r,1.7460853892080623
CHEMBL2152918,CO[C@H]1CC[C@]2(CC1)Cc1ccc(-c3cncc(Br)c3)cc1C21N=C(C)C(N)=N1,86.05,O([C@H]1CC[C@]2(CC1)Cc1ccc(-c3cc(Br)cnc3)cc1C21N=C(N)C(C)=N1)C,AB{A*Q}rAA{A*}s{AAr}Aaraaa{_atadaa{Y}at}aarAsrD~A{A}A{D}~Dr,15.658443167736852
CHEMBL98406,Nc1nc2ccc(F)cc2s1,84.0,c1cc(F)cc2sc(N)nc12,Dardasaaa{G}aaser,17.967781908302356
CHEMBL1470371,NC(=O)c1cccc2c3c([nH]c12)CCCC3,71.99,C1CCCc2[nH]c3c(cccc3C(N)=O)c21,DA{~B}araaaasata{{dQ}ars}AAAAt,31.497127407908085
CHEMBL2018969,COc1cccc2c1c(NS(=O)(=O)c1ccc(Cl)s1)nn2Cc1cccc(CNC(=O)C(C)(C)O)c1,98.67,OC(C(NCc1cc(Cn2nc(NS(c3sc(Cl)cc3)(=O)=O)c3c(OC)cccc32)ccc1)=O)(C)C,ABaraaaasara{DE{~B}{~B}araaa{Z}er}ddsAaraaaa{ADA{~B}A{A}{A}B}ar,1.441928579475049
CHEMBL1934426,Cc1nn(C2CCOCC2)c(NS(=O)(=O)c2ccc(C3CC3)cc2)c1C(=O)N[C@@H](C)C(C)(C)C,92.64,CC(C)(C)[C@@H](NC(=O)c1c(NS(=O)(c2ccc(C3CC3)cc2)=O)n(C2CCOCC2)nc1C)C,Aardd{AsAABAAs}a{DE{~B}{~B}asaaa{AtAAt}aas}arA{~B}D{A**Q}{A}A{A}{A}A,8.234763996845782
CHEMBL2164670,COc1ccccc1C(C#N)NC(=O)[C@@H]1CCCC[C@H]1C(=O)N1CCN(Cc2ccc(F)cc2)CC1,94.9,C1CN(C([C@@H]2CCCC[C@H]2C(NC(c2c(OC)cccc2)C#N)=O)=O)CCN1Cc1ccc(F)cc1,ABaraaaaarA{A^D}DA{~B}{A**Q}rAAAA{A*Q}rA{~B}DrAAD{Aasaaa{G}aas}AAr,5.688858848710146
CHEMBL2048864,O=C1NC(=O)/C(=C/c2cccc(Cl)c2N2CCNCC2)S1,92.16,Clc1c(N2CCNCC2)c(/C=C2\SC(=O)NC2=O)ccc1,B~ArDA{~B}|A{~A|asaaaa{Z}asDsAADAAs}Er,8.775487214148932
CHEMBL2177173,CN1CCN(S(=O)(=O)c2ccc(-c3cnc(N)c(C(=O)Nc4cnccc4CN4CCCC4)n3)cc2)CC1,92.16,c1ncc(NC(=O)c2c(N)ncc(-c3ccc(S(=O)(N4CCN(C)CC4)=O)cc3)n2)c(CN2CCCC2)c1,ADrAAD{E{~B}{~B}asaaa{_atada{D}a{A{~B}DauadaaauADuAAAAu}dt}aas}AAr,8.775487214148932
CHEMBL2158839,O=C(O)[C@H](Cc1ccccc1F)N1CCC(CN2CCC(Oc3ccc(Cl)c(Cl)c3)CC2)CC1,88.59,Clc1ccc(OC2CCN(CC3CCN([C@@H](Cc4c(F)cccc4)C(=O)O)CC3)CC2)cc1Cl,B~A{B}{A*Q}{AaraaaaarG}DrAAA{ADsAAA{Bataaa{Z}a{Z}at}AAs}AAr,12.797116142841048
CHEMBL2178388,Cc1nc(C(F)F)c(C(N)=O)nc1-c1ccc([C@H]2CC[C@H](CC(=O)O)CC2)cc1,94.56,c1(C(N)=O)c(C(F)F)nc(C)c(-c2ccc([C@H]3CC[C@H](CC(=O)O)CC3)cc2)n1,Aarda{A{G}G}a{A{D}~B}dar_araaa{{A*Q}sAA{A*Q}{AA{~B}B}AAs}aar,6.071871127633209
CHEMBL315708,c1ccc(-c2[nH]nc3ccccc23)cc1,96.93,[nH]1nc2c(c1-c1ccccc1)cccc2,araaa{_as{dQ}dataaaaast}aar,3.402050242198936
CHEMBL1818300,CC(C)(C)OC(=O)NC[C@H]1CC[C@H](CNC(=O)c2cc(N3CCC(CCN4CC(O)C4)CC3)nc3ccccc23)CC1,97.0,c1(C(NC[C@H]2CC[C@H](CNC(OC(C)(C)C)=O)CC2)=O)c2c(nc(N3CCC(CCN4CC(O)C4)CC3)c1)cccc2,AA{A}{A}BA{~B}DA{A*Q}rAA{A*Q}{ADA{~B}asaa{DtAAA{AADuAA{B}Au}AAt}dataaaaast}AAr,3.323194773008902
CHEMBL2313230,CCCN(c1cncnc1)P(=O)(c1ccccc1)c1ccccc1,88.11,c1(P(=O)(c2ccccc2)N(c2cncnc2)CCC)ccccc1,AAAD{aradadar}F{~B}{araaaaar}araaaaar,13.337839360144196
CHEMBL62,CN1CCc2cc(Cl)c(O)cc2[C@@H](c2ccccc2)C1,91.99,c12cc(O)c(Cl)cc1CCN(C)C[C@@H]2c1ccccc1,ADrAAasaa{Z}a{B}aas{A**Q}{asaaaaas}Ar,8.966993353610462
CHEMBL2177908,NC1=NC(c2ccnc(C(F)(F)F)c2)(c2ccc(F)c(-c3cncnc3)c2)c2cccc(F)c21,97.07,c12c(cccc1F)C(c1cc(-c3cncnc3)c(F)cc1)(c1ccnc(C(F)(F)F)c1)N=C2N,DAr~DA{asaada{A{G}{G}G}as}{asaaa{G}a{_atadadat}as}asaaaa{G}asr,3.2443393038188684
CHEMBL1778643,CCc1ccc(OCC(=O)O)c(-c2ccc(S(C)(=O)=O)cc2)c1,94.32,O=S(=O)(c1ccc(-c2cc(CC)ccc2OCC(=O)O)cc1)C,AAaraaa{BAA{~B}B}a{_asaaa{E{A}{~B}~B}aas}ar,6.342232736284791
CHEMBL1444,N#Cc1ccc(C(c2ccc(C#N)cc2)n2cncn2)cc1,51.73,C(c1ccc(C(n2cncn2)c2ccc(C#N)cc2)cc1)#N,D^Aaraaa{A{asaaa{A^D}aas}dsadads}aar,54.32015320491157
CHEMBL1650733,Cc1cc(Nc2nc(N[C@@H](C)c3ncc(F)cn3)nc(N3CCOCC3)c2F)n[nH]1,91.64,n1c(Nc2cc(C)[nH]n2)c(F)c(N2CCOCC2)nc1N[C@H](c1ncc(F)cn1)C,Aaraa{Dasda{D{A**Q}{A}atdaa{G}adt}da{DtAABAAt}asG}d{dQ}r,9.361270699560665
CHEMBL1934414,Cc1ccc(S(=O)(=O)Nc2c(C(=O)N[C@@H](C)C(C)(C)C)c(C)nn2C2CCCC2)cc1,97.86,Cc1c(C(N[C@H](C(C)(C)C)C)=O)c(NS(=O)(=O)c2ccc(C)cc2)n(C2CCCC2)n1,Aaraaa{E{~B}{~B}Dasa{A{~B}D{A**Q}{A}A{A}{A}A}a{A}ddsAsAAAAs}aar,2.3543990086741053
CHEMBL182380,CCN(C(=O)NCc1ccc(S(C)(=O)=O)cc1)C1CCN(CCC(c2ccccc2)c2ccccc2)CC1,67.12,c1ccccc1C(CCN1CCC(N(CC)C(NCc2ccc(S(C)(=O)=O)cc2)=O)CC1)c1ccccc1,AAD{A{~B}DAaraaa{E{A}{~B}~B}aar}ArAAD{AAA{asaaaaas}asaaaaas}AAr,36.983215050129544
CHEMBL378730,Cc1ccc2c(c1)c(-c1ccnc3c(Cl)cccc13)c(C)n2CC(=O)O,99.44,n1c2c(Cl)cccc2c(-c2c3cc(C)ccc3n(CC(O)=O)c2C)cc1,Aaraaasa{ar}a{_araadata{Z}aaaart}a{A}dsAA{~B}B,0.574518418384595
CHEMBL65693,CS(=O)(=O)Nc1ccc2[nH]c(Cc3ccc(Oc4ccccc4)cc3)nc2c1,99.45,c1cc(Oc2ccc(Cc3nc4c([nH]3)ccc(NS(C)(=O)=O)c4)cc2)ccc1,AE{~B}{~B}Daraaas{dQ}a{Aataaa{Bauaaaaau}aat}dasar,0.5632533513574405
CHEMBL2335898,C[C@@H](NC(=O)C1CCCCN1C)c1ccc(Nc2ncc3cc(-c4ccncc4)ccc3n2)cc1,96.17,C[C@@H](NC(=O)C1N(C)CCCC1)c1ccc(Nc2nc3ccc(-c4ccncc4)cc3cn2)cc1,A{A**Q}{DA{~B}ArAAAADrA}araaa{Dasdaataa{_auaadaau}aaatds}aar,4.2581953362622516
CHEMBL1230662,CN[C@@H](C)C(=O)N[C@H](C(=O)N1CCC[C@H]1C(=O)N[C@@H]1CCCc2ccccc21)C(C)(C)C,91.99,N([C@H](C(N[C@H](C(=O)N1[C@H](C(N[C@H]2c3ccccc3CCC2)=O)CCC1)C(C)(C)C)=O)C)C,AD{A**Q}{A}A{~B}D{A*Q}{A{~B}DrAAA{A*Q}rA{~B}D{A**Q}rAAAasaaaaasr}A{A}{A}A,8.966993353610462
CHEMBL1762530,Cc1ccc(CO)cc1N(C)c1ccnc(Nc2cc(N3CCOCC3)cc(N3CCOCC3)c2)n1,91.82,n1c(Nc2cc(N3CCOCC3)cc(N3CCOCC3)c2)nccc1N(C)c1c(C)ccc(CO)c1,Aaraaa{AB}aarD{A}araada{Dasaa{DtAABAAt}aa{DtAABAAt}as}dr,9.158499493071993
CHEMBL2158819,O=C(O)C(c1ccccc1)N1CCC(CN2CCC(Oc3ccc(Cl)c(Cl)c3)CC2)CC1,91.46,C1CC(Oc2ccc(Cl)c(Cl)c2)CCN1CC1CCN(C(C(=O)O)c2ccccc2)CC1,B~A{B}A{araaaaar}DrAAA{ADsAAA{Bataaa{Z}a{Z}at}AAs}AAr,9.56404190604935
CHEMBL2207603,COc1cc(OC)c(S(=O)(=O)N2c3ccccc3Oc3ccccc32)cc1NC(=O)CCC(=O)O,97.6,C(=O)(O)CCC(=O)Nc1cc(S(=O)(=O)N2c3c(cccc3)Oc3ccccc32)c(OC)cc1OC,ABaraa{BA}a{E{~B}{~B}DsataaaaatBataaaaats}aarDA{~B}AAA{~B}B,2.64729075137998
CHEMBL1801504,O=c1cc(Cn2c(C3CCC3)nc3nccnc32)c2ccc(F)c(F)c2[nH]1,79.92,c12c(F)c(F)ccc1c(Cn1c(C3CCC3)nc3nccnc31)cc(=O)[nH]2,B~araa{Adsa{AtAAAt}datdaadats}asaaa{G}a{G}as{dQ}r,22.563929255379065
CHEMBL1087268,Cc1cnc(Nc2cc(N3CCN(C)CC3)nc(N[C@@H](C)c3ccc(F)cn3)n2)s1,95.33,c1(N2CCN(C)CC2)cc(Nc2ncc(C)s2)nc(N[C@H](c2ncc(F)cc2)C)n1,Aarada{Dasaa{DtAAD{A}AAt}da{D{A**Q}{A}ataaa{G}adt}ds}er,5.204460966542755
CHEMBL1981917,NC1=Nc2ccccc2Sc2cccc(F)c21,94.32,S1c2c(cccc2)N=C(N)c2c1cccc2F,DAr~DasaaaaasEasaaaa{G}asr,6.342232736284791
CHEMBL2177911,COc1cc(C2(c3cccc(-c4cncnc4)c3)N=C(N)c3c(F)cccc32)ccn1,95.33,c1cc(C2(c3cc(-c4cncnc4)ccc3)c3cccc(F)c3C(N)=N2)cc(OC)n1,ABaraa{As{ataaaa{_auadadau}at}D~A{D}ata{G}aaaats}aadr,5.204460966542755
CHEMBL2017291,COc1cc2c(cc1-c1c(C)noc1C)ncc1[nH]c(=O)n([C@H](C)c3ccccn3)c12,97.66,c1c2[nH]c(=O)n([C@H](C)c3ncccc3)c2c2c(cc(-c3c(C)onc3C)c(OC)c2)n1,ABaraasa{aar_ara{A}dbarA}daar{dQ}a{~B}d{{A*Q}{A}ataaaadt}ars,2.5797003492170845
CHEMBL1587607,O=C(Nc1ccccc1Cl)c1cc[nH]n1,93.39,c1(NC(=O)c2cc[nH]n2)ccccc1Cl,B~A{DaraaaaarZ}araa{dQ}dr,7.389883969809622
CHEMBL1778638,CCS(=O)(=O)c1ccc(-c2cc(C(F)(F)F)ccc2OCC(=O)O)c(Cl)c1,97.66,c1cc(S(=O)(=O)CC)cc(Cl)c1-c1c(OCC(O)=O)ccc(C(F)(F)F)c1,AAE{~B}{~B}araaa{_asaa{A{G}{G}G}aaasBAA{~B}B}a{Z}ar,2.5797003492170845
CHEMBL2062576,CC(=O)Nc1ccc2ccn(-c3cc(NCCCN4CCCC4)n4ncc(C#N)c4n3)c2c1,93.24,C(N1CCCC1)CCNc1n2ncc(C#N)c2nc(-n2ccc3ccc(NC(=O)C)cc23)c1,AA{~B}Daraaasaad{_ataa{DAAADuAAAAu}dudaa{A^D}audt}asar,7.558859975216861
CHEMBL122,CS(=O)(=O)c1ccc(C2=C(c3ccccc3)C(=O)OC2)cc1,93.1,O=S(c1ccc(C2=C(c3ccccc3)C(=O)OC2)cc1)(C)=O,AE{~B}{~B}araaa{As~A{ataaaaat}A{~B}BAs}aar,7.716570913596946
CHEMBL439871,CC(C)Cn1c(=O)n(C)c(=O)c2c(C(=O)N3CC(C)(O)C3)c(Cc3ccccc3C(F)(F)F)sc21,93.1,C(C)(C)Cn1c2c(c(=O)n(C)c1=O)c(C(N1CC(C)(O)C1)=O)c(Cc1c(C(F)(F)F)cccc1)s2,AA{A}Adra{~B}d{A}a{~B}asa{A{~B}DtAA{A}{B}At}a{AataaaaatA{G}{G}G}easr,7.716570913596946
CHEMBL1944693,COc1ccccc1CCNCc1cccc(CCNC[C@H](O)c2ccc(O)c3[nH]c(=O)sc23)c1,94.06,c1c(CCNC[C@H](O)c2c3c([nH]c(=O)s3)c(O)cc2)cccc1CNCCc1ccccc1OC,ABaraaaaarAADAaraaaa{AADA{A*Q}{B}asaaa{B}at{dQ}a{~B}east}ar,6.635124478990649
CHEMBL2070125,COc1cnc(-c2ccccn2)nc1NC1CCCC1,93.94,c1ccnc(-c2ncc(OC)c(NC3CCCC3)n2)c1,ABarada{_asaaaads}darDArAAAAr,6.77030528331644
CHEMBL1778639,CCS(=O)(=O)c1ccc(-c2cc(C(F)(F)F)ccc2OCC(=O)O)c(C)c1,95.72,O=C(O)COc1c(-c2c(C)cc(S(=O)(=O)CC)cc2)cc(C(F)(F)F)cc1,AAE{~B}{~B}araaa{_asaa{A{G}{G}G}aaasBAA{~B}B}a{A}ar,4.765123352483951
CHEMBL2031562,Nc1cc(C(=O)Nc2cccc(-c3nnn[nH]3)c2)cc(C(F)(F)F)c1,97.81,c1(C(F)(F)F)cc(C(=O)Nc2cccc(-c3[nH]nnn3)c2)cc(N)c1,Daraa{A{~B}Dasaaaa{_atddd{dQ}t}as}aa{A{G}{G}G}ar,2.410724343809846
CHEMBL162203,Cc1cccc(-c2nc3cc(Cl)ccc3[nH]2)n1,98.89,c1(-c2nc(C)ccc2)[nH]c2ccc(Cl)cc2n1,Aaraaaa{_asdataa{Z}aaat{dQ}s}dr,1.1940971048777764
CHEMBL669,CN(C)CCC=C1c2ccccc2C=Cc2ccccc21,92.16,N(CCC=C1c2c(cccc2)C=Cc2ccccc21)(C)C,AD{A}AAA~ArasaaaaasA~Aasaaaaasr,8.775487214148932
CHEMBL550902,O=C(O)c1cncc(-c2ccc(Cl)c(C(=O)NCC34CC5CC(CC(C5)C3)C4)c2)c1,99.01,c1(-c2ccc(Cl)c(C(=O)NCC34CC5CC(CC(C3)C5)C4)c2)cc(C(=O)O)cnc1,B~A{B}aradaa{_asaaa{Z}a{A{~B}DAAtuAAvAA{AA{Av}At}Au}as}ar,1.0589163005519857
CHEMBL1995703,Cc1cnc(Nc2ccc(N3CCN(C)CC3)cc2)nc1Nc1cccc(S(=O)(=O)NC(C)(C)C)c1,92.48,c1c(S(=O)(=O)NC(C)(C)C)cc(Nc2c(C)cnc(Nc3ccc(N4CCN(C)CC4)cc3)n2)cc1,Aarada{Dasaaa{DtAAD{A}AAt}aas}darDaraaaa{E{~B}{~B}DA{A}{A}A}ar,8.41500506928016
CHEMBL550496,O=C(O)CNCCNc1ccc(Cl)c(C(=O)NCC23CC4CC(CC(C4)C2)C3)c1,92.8,c1c(NCCNCC(O)=O)cc(C(NCC23CC4CC(CC(C2)C4)C3)=O)c(Cl)c1,B~A{B}ADAADaraaa{Z}a{A{~B}DAAstAAuAA{AA{Au}As}At}ar,8.054522924411406
CHEMBL380732,CC[C@H](CO)Nc1nc(SCc2cccc(F)c2F)nc2nc(N)sc12,98.51,S(Cc1cccc(F)c1F)c1nc2c(sc(N)n2)c(N[C@@H](CO)CC)n1,AA{A*Q}{AB}Darda{EAasaaaa{G}asG}dasda{D}ears,1.6221696519094262
CHEMBL2011928,COc1ccc(-c2nc3c(NCCCNC(C)=O)c(Br)cnc3[nH]2)cc1,97.38,COc1ccc(-c2[nH]c3c(c(NCCCNC(=O)C)c(Br)cn3)n2)cc1,ABaraaa{_asdata{DAAADA{A}~B}a{Y}adat{dQ}s}aar,2.8951222259772527
CHEMBL2171021,Cc1c(Cl)ccc(OC2CCN(C3CCN(C(=O)c4cccc(S(C)(=O)=O)c4)CC3)CC2)c1Cl,96.5,N1(C2CCN(C(=O)c3cc(S(=O)(C)=O)ccc3)CC2)CCC(Oc2ccc(Cl)c(C)c2Cl)CC1,Aara{Z}aaa{BAsAAD{AtAAD{A{~B}auaaaa{E{A}{~B}~B}au}AAt}AAs}arZ,3.8864481243663427
CHEMBL567,OCCN1CCN(CCCN2c3ccccc3Sc3ccc(Cl)cc32)CC1,98.51,c1ccc2c(c1)N(CCCN1CCN(CCO)CC1)c1cc(Cl)ccc1S2,BAADrAAD{AAADsataaaaatEataaa{Z}aats}AAr,1.6221696519094262
CHEMBL2070117,COc1cnc(-c2ccccn2)nc1N1CCCCC1,95.12,C1CCCCN1c1c(OC)cnc(-c2ccccn2)n1,ABarada{_asaaaads}darDrAAAAAr,5.441027374112873
CHEMBL1489548,O=C(CCS(=O)(=O)c1ccc(Br)cc1)NCCc1ccccc1,96.0,N(C(CCS(=O)(=O)c1ccc(Br)cc1)=O)CCc1ccccc1,B~A{AAE{~B}{~B}araaa{Y}aar}DAAaraaaaar,4.449701475723783
CHEMBL195309,Cc1nccn1-c1ccc(Sc2cccc(C3(C(N)=O)CCOCC3)c2)cc1,93.1,n1ccn(-c2ccc(Sc3cccc(C4(C(N)=O)CCOCC4)c3)cc2)c1C,Aardaadr_araaa{Easaaaa{At{A{D}~B}AABAAt}as}aar,7.716570913596946
CHEMBL2062555,N#Cc1cnn2c(N)cc(-c3cccs3)nc12,95.12,c1(-c2cccs2)cc(N)n2ncc(C#N)c2n1,D^Aaraddsa{D}aa{_ataaaet}dars,5.441027374112873
CHEMBL580,O=C1Nc2ccc(Cl)cc2C(c2ccccc2Cl)=NC1O,92.8,c1(Cl)ccccc1C1=NC(O)C(=O)Nc2ccc(Cl)cc21,B~ArDasaaa{Z}aasA{asaaaaasZ}~DArB,8.054522924411406
CHEMBL416,COc1c2occc2cc2ccc(=O)oc12,92.32,COc1c2occc2cc2ccc(=O)oc21,ABarasbaaasaasaaa{~B}bars,8.595246141714552
CHEMBL391565,COc1ccc(NC(=O)c2ccnc(N)n2)cc1,71.05,COc1ccc(NC(c2nc(N)ncc2)=O)cc1,ABaraaa{DA{~B}asaada{D}ds}aar,32.55604370846007
CHEMBL1087269,Cc1cnc(Nc2cc(N3CCOCC3)nc(N[C@@H](C)c3ccc(F)cn3)n2)s1,97.38,n1c(Nc2nc(N[C@@H](C)c3ccc(F)cn3)nc(N3CCOCC3)c2)sc(C)c1,Aarada{Dasaa{DtAABAAt}da{D{A**Q}{A}ataaa{G}adt}ds}er,2.8951222259772527
CHEMBL1256967,CC1(C)[C@H](NC(=O)/C(=N\OCc2cc(=O)c(O)cn2O)c2csc(N)n2)C(=O)N1OS(=O)(=O)O,69.12,n1(O)c(CO/N=C(/c2nc(N)sc2)C(N[C@@H]2C(=O)N(OS(=O)(=O)O)C2(C)C)=O)cc(=O)c(O)c1,AAr{A}{A*Q}{DA{~B}|A{~D!BAasaa{~B}a{B}adsB}asaea{D}ds}A{~B}DrBE{~B}{~B}B,34.73020164469978
CHEMBL2335876,COCCNC(=O)c1ccc(Nc2ncc3cc(-c4ccncc4)ccc3n2)cc1C,99.6,c1cc(Nc2ncc3cc(-c4ccncc4)ccc3n2)cc(C)c1C(=O)NCCOC,ABAADA{~B}araaa{Dasdaataa{_auaadaau}aaatds}aarA,0.39427734595021796
CHEMBL2335901,C[C@@H](NC(=O)C1CCNCC1)c1ccc(Nc2ncc3cc(-c4ccncc4)ccc3n2)cc1,95.23,c1(Nc2ccc([C@H](NC(C3CCNCC3)=O)C)cc2)nc2ccc(-c3ccncc3)cc2cn1,A{A**Q}{DA{~B}ArAADAAr}araaa{Dasdaataa{_auaadaau}aaatds}aar,5.3171116368142375
CHEMBL2062568,CC(=O)Nc1ccc2c(c1)N(c1cc(NC3CC3)n3ncc(C#N)c3n1)CCC2,97.38,N1(c2nc3c(C#N)cnn3c(NC3CC3)c2)CCCc2c1cc(NC(C)=O)cc2,AA{~B}Daraaasa{ar}D{araa{DAtAAt}dtdaa{A^D}atdr}AAAs,2.8951222259772527
CHEMBL1770298,Cc1ccc(C(NC(=O)c2ccccc2O)C(=O)Nc2c(C)cccc2C)s1,99.57,c1c(C)c(NC(=O)C(c2sc(C)cc2)NC(=O)c2c(O)cccc2)c(C)cc1,Aaraaa{A{DA{~B}asaaaaasB}A{~B}Dasa{A}aaaasA}er,0.4280725470316657
CHEMBL1689133,C[C@H](Oc1ccc(Cl)cc1CN1CCN(C(=O)Cc2ccc(Cl)cc2)[C@@H](C)C1)C(=O)O,97.44,C1N(C(=O)Cc2ccc(Cl)cc2)[C@@H](C)CN(Cc2c(O[C@H](C(O)=O)C)ccc(Cl)c2)C1,A{A*Q}{Baraaa{Z}aarADrAAD{A{~B}Aasaaa{Z}aas}{A**Q}{A}Ar}A{~B}B,2.827531823814357
CHEMBL2164044,O=C(NCc1ccc(F)c(C(F)(F)F)c1)C1c2ccccc2C(=O)N1CCc1ncc(F)cn1,95.23,C(=O)(NCc1ccc(F)c(C(F)(F)F)c1)C1N(CCc2ncc(F)cn2)C(=O)c2c1cccc2,B~A{DAaraaa{G}a{A{G}{G}G}ar}ArasaaaaasA{~B}DrAAardaa{G}adr,5.3171116368142375
CHEMBL2207606,COc1cc(OC)c(S(=O)(=O)N2c3ccccc3Oc3ccccc32)cc1NC(=O)/C=C/C(=O)O,97.6,c1cc2c(cc1)Oc1c(cccc1)N2S(=O)(c1cc(NC(/C=C/C(O)=O)=O)c(OC)cc1OC)=O,ABaraa{BA}a{E{~B}{~B}DsataaaaatBataaaaats}aarDA{~B}|A~A|A{~B}B,2.64729075137998
CHEMBL1557771,O=C(c1ccccc1)N1CCC(c2nc3ccccc3o2)CC1,95.43,C1N(C(c2ccccc2)=O)CCC(c2oc3c(cccc3)n2)C1,B~A{araaaaar}DrAAA{asdataaaaatbs}AAr,5.091810296271258
CHEMBL493677,CC(C)(C)CCN1CC[C@H](CNC(=O)c2cc(Cl)cc(Cl)c2)[C@H](F)C1,95.53,c1(Cl)cc(C(NC[C@H]2CCN(CCC(C)(C)C)C[C@H]2F)=O)cc(Cl)c1,AA{A}{A}AADrAA{A*Q}{ADA{~B}asaa{Z}aa{Z}as}{A*Q}{G}Ar,4.979159625999776
CHEMBL2207664,Cc1c(Cl)ccc(OC2CCN(C[C@H](O)CNC(=O)c3c[nH]c(=O)cc3C(F)(F)F)CC2)c1Cl,96.65,O=C(NC[C@@H](O)CN1CCC(Oc2ccc(Cl)c(C)c2Cl)CC1)c1c[nH]c(=O)cc1C(F)(F)F,Aara{Z}aaa{BAsAAD{A{A*Q}{B}ADA{~B}ata{dQ}a{~B}aatA{G}{G}G}AAs}arZ,3.7174721189591042
CHEMBL560993,Cc1c(Cc2ccc3ccccc3n2)c2cc(F)ccc2n1CC(=O)O,99.36,c1(F)cc2c(Cc3ccc4c(cccc4)n3)c(C)n(CC(=O)O)c2cc1,Aara{Aasaaataaaaatds}asaa{G}aaasdrAA{~B}B,0.6646389546017837
CHEMBL1916535,O=C1COc2ccccc2N1CCN1CCC(NCc2cc3c(cn2)OCCO3)CC1,74.69,c1cc2c(cc1)OCC(=O)N2CCN1CCC(NCc2ncc3c(c2)OCCO3)CC1,B~ArABasaaaaasDrAADrAAA{DAasaata{ads}BAABt}AAr,28.4555593105779
CHEMBL2059865,Cc1ccc(-c2ncc[nH]2)cc1NC(=O)c1ccc(OCc2ccccn2)cc1,94.06,c1cc(OCc2ncccc2)ccc1C(Nc1cc(-c2[nH]ccn2)ccc1C)=O,Aaraaa{_asdaa{dQ}s}aarDA{~B}araaa{BAasaaaads}aar,6.635124478990649
CHEMBL2147475,COc1cc(-n2cnc3cc(-c4ccc(Cl)cc4)sc3c2=O)ccc1OC[C@H](OP(=O)(O)O)C1CC1,99.39,C(Oc1ccc(-n2cnc3cc(-c4ccc(Cl)cc4)sc3c2=O)cc1OC)[C@@H](C1CC1)OP(O)(=O)O,ABaraa{_dsadataa{_auaaa{Z}aau}eatas~B}aaarBA{A*Q}{BF{~B}{B}B}ArAAr,0.630843753520336
CHEMBL1957840,O=c1cc(N2CCOCC2)nc2n(Cc3cccc(Cl)c3Cl)ccn12,96.34,n1(Cc2c(Cl)c(Cl)ccc2)ccn2c(=O)cc(N3CCOCC3)nc12,B~araa{DsAABAAs}dasd{Aataaaa{Z}atZ}aadrs,4.06668919680072
CHEMBL1950852,CN[C@@H](C)C(=O)N[C@H](C(=O)N[C@H]1CCCN(CCc2ccccc2OC)C1)C(C)(C)C,74.25,N(C(=O)[C@H](C)NC)[C@H](C(=O)N[C@H]1CCCN(CCc2c(OC)cccc2)C1)C(C)(C)C,AD{A**Q}{A}A{~B}D{A*Q}{A{~B}D{A*Q}rAAAD{AAasaaaaasBA}Ar}A{A}{A}A,28.951222259772447
CHEMBL1917449,CC(=O)Nc1cccc2c1c(S(=O)(=O)c1ccc(Cl)cc1)c(C)n2CC(=O)O,95.72,c1(S(=O)(=O)c2c3c(NC(C)=O)cccc3n(CC(=O)O)c2C)ccc(Cl)cc1,AA{~B}Daraaaasara{E{~B}{~B}araaa{Z}aar}a{A}dsAA{~B}B,4.765123352483951
CHEMBL1609717,O=C(CCS(=O)(=O)c1ccc(Br)cc1)NCc1ccc(F)cc1,95.72,c1(CNC(CCS(=O)(c2ccc(Br)cc2)=O)=O)ccc(F)cc1,B~A{AAE{~B}{~B}araaa{Y}aar}DAaraaa{G}aar,4.765123352483951
CHEMBL1950841,CN[C@@H](C)C(=O)N[C@H](C(=O)N[C@H]1CCCCN(CCc2ccccc2)C1)C1CCCCC1,73.81,O=C([C@@H](NC([C@H](C)NC)=O)C1CCCCC1)N[C@@H]1CN(CCc2ccccc2)CCCC1,AD{A**Q}{A}A{~B}D{A*Q}{A{~B}D{A*Q}rAAAAD{AAasaaaaas}Ar}ArAAAAAr,29.44688520896699
CHEMBL228814,Cc1ccc(C(=O)N(CCCN)[C@@H](c2nc3cc(Cl)ccc3c(=O)n2Cc2ccccc2)C(C)C)cc1,99.4,N(CCCN)([C@H](C(C)C)c1n(Cc2ccccc2)c(=O)c2c(cc(Cl)cc2)n1)C(c1ccc(C)cc1)=O,Aaraaa{A{~B}D{AAAD}{A**Q}{asdataa{Z}aaata{~B}dsAasaaaaas}A{A}A}aar,0.6195786864931814
CHEMBL1951077,COc1cc(OC)c(S(=O)(=O)N2c3ccccc3CCC2C)cc1NC(=O)COCC(=O)O,73.36,N1(S(c2cc(NC(=O)COCC(O)=O)c(OC)cc2OC)(=O)=O)c2c(cccc2)CCC1C,ABaraa{BA}a{E{~B}{~B}DsataaaaatAAAsA}aarDA{~B}ABAA{~B}B,29.953813225188693
CHEMBL1448843,O=C(CSc1ccccc1)N1CCN(C(=O)c2ccco2)CC1,73.36,c1ccc(C(=O)N2CCN(C(CSc3ccccc3)=O)CC2)o1,B~A{AEaraaaaar}DrAAD{A{~B}asaaabs}AAr,29.953813225188693
CHEMBL972,C#CCN(C)[C@H](C)Cc1ccccc1,72.91,c1c(C[C@H](N(CC#C)C)C)cccc1,A^AAD{A}{A*Q}{A}Aaraaaaar,30.46074124141039
CHEMBL1213085,Cc1ccccc1-n1c(Cn2nc(-c3ccc(O)c(F)c3)c3c(N)ncnc32)nc2cccc(C)c2c1=O,98.0,n1(Cc2nc3cccc(C)c3c(=O)n2-c2ccccc2C)nc(-c2ccc(O)c(F)c2)c2c(N)ncnc12,Aaraaaaar_dra{Adsda{_ataaa{B}a{G}at}ata{D}dadats}dasaaaa{A}asar~B,2.1966880702940212
CHEMBL2165057,COc1ccc2ncc(=O)n(CCN3CC[C@@H](NCc4ccc5c(n4)NC(=O)CO5)[C@@H](OC)C3)c2c1,71.99,N([C@@H]1CCN(CCn2c(=O)cnc3c2cc(OC)cc3)C[C@@H]1OC)Cc1nc2c(cc1)OCC(=O)N2,ABaraaasdaa{~B}d{AADtAA{A**Q}{DAauaaava{du}DA{~B}ABv}{A**Q}{BA}At}asar,31.497127407908085
CHEMBL2158825,O=C(O)Cc1ccccc1N1CCC(CN2CCC(Oc3ccc(Cl)c(Cl)c3)CC2)CC1,99.4,c1cc(CC(=O)O)c(N2CCC(CN3CCC(Oc4cc(Cl)c(Cl)cc4)CC3)CC2)cc1,B~A{B}AaraaaaarDrAAA{ADsAAA{Bataaa{Z}a{Z}at}AAs}AAr,0.6195786864931814
CHEMBL402831,Cc1nc(-c2c(F)cc(Cl)cc2-c2cnc([C@@H](C)NC(=O)[C@@](C)(O)C(F)(F)F)c(F)c2)no1,98.0,O[C@](C)(C(=O)N[C@H](C)c1c(F)cc(-c2c(-c3noc(C)n3)c(F)cc(Cl)c2)cn1)C(F)(F)F,Aarda{_asa{G}aa{Z}aas_asada{{A**Q}{A}DA{~B}{A**}{A}{B}A{G}{G}G}a{G}as}dbr,2.1966880702940212
CHEMBL1951075,COc1cc(OC)c(S(=O)(=O)N2c3ccccc3CCC2C)cc1NC(=O)NCC(=O)O,71.99,O=C(O)CNC(=O)Nc1c(OC)cc(OC)c(S(=O)(N2C(C)CCc3ccccc32)=O)c1,ABaraa{BA}a{E{~B}{~B}DsataaaaatAAAsA}aarDA{~B}DAA{~B}B,31.497127407908085
CHEMBL2325021,N#Cc1cc(S(=O)(=O)Nc2ncns2)ccc1Oc1ccc(C(F)(F)F)cc1-c1ccnnc1,99.41,n1cc(-c2c(Oc3c(C#N)cc(S(=O)(Nc4sncn4)=O)cc3)ccc(C(F)(F)F)c2)ccn1,D^Aaraa{E{~B}{~B}Dasdades}aaarBaraaa{A{G}{G}G}aar_araaddar,0.6083136194660428
CHEMBL480445,COc1cc2ncc(C(N)=O)c(Nc3ccc(F)cc3F)c2cc1N1CCN(C)CC1,74.69,C(N)(c1cnc2c(cc(N3CCN(C)CC3)c(OC)c2)c1Nc1c(F)cc(F)cc1)=O,ABaraasdaa{A{D}~B}a{Dataaa{G}aatG}asaarDrAAD{A}AAr,28.4555593105779
CHEMBL559968,O=C(NCCc1ccccc1Cl)c1cc(-n2ncc(=O)[nH]c2=O)ccc1Cl,97.2,n1cc(=O)[nH]c(=O)n1-c1cc(C(=O)NCCc2ccccc2Cl)c(Cl)cc1,B~A{DAAaraaaaarZ}araa{_dsdaa{~B}{dQ}as~B}aaarZ,3.0978934324659226
CHEMBL109980,CC(C)(N)C(=O)N[C@H](COCc1ccc(F)cc1F)C(=O)N1CCC2=NN(CC(F)(F)F)C(=O)[C@]2(Cc2ccccn2)C1,74.69,NC(C(N[C@@H](C(=O)N1CCC2=NN(CC(F)(F)F)C(=O)[C@]2(Cc2ccccn2)C1)COCc1ccc(F)cc1F)=O)(C)C,AA{A}{D}A{~B}D{A*Q}{ABAaraaa{G}aarG}A{~B}DrAAAs~DD{AA{G}{G}G}A{~B}{A*}s{Aasaaaads}Ar,28.4555593105779
CHEMBL23,COc1ccc([C@@H]2Sc3ccccc3N(CCN(C)C)C(=O)[C@@H]2OC(C)=O)cc1,75.97,CN(CCN1c2ccccc2S[C@@H](c2ccc(OC)cc2)[C@@H](OC(=O)C)C1=O)C,ABaraaa{{A**Q}sEataaaaatD{AAD{A}A}A{~B}{A**Q}sBA{A}~B}aar,27.013630731102854
CHEMBL1917443,Cc1ccc2c(c1)c(Sc1ccc(S(C)(=O)=O)cc1)c(C)n2CC(=O)O,99.19,C(=O)(O)Cn1c(C)c(Sc2ccc(S(=O)(=O)C)cc2)c2cc(C)ccc12,Aaraaasa{ar}a{Earaaa{E{A}{~B}~B}aar}a{A}dsAA{~B}B,0.8561450940633153
CHEMBL481905,CCOc1cc2ncc(C(N)=O)c(Nc3ccc(Cl)c(Cl)c3)c2cc1N1CCN(C)CC1,99.19,n1cc(C(N)=O)c(Nc2ccc(Cl)c(Cl)c2)c2cc(N3CCN(C)CC3)c(OCC)cc12,AABaraasdaa{A{D}~B}a{Dataaa{Z}a{Z}at}asaarDrAAD{A}AAr,0.8561450940633153
CHEMBL2180028,COc1c(C)cc(C2(c3cccc(-c4cncnc4)c3)N=C(C)C(N)=N2)cc1C,95.63,c1(-c2cccc(C3(c4cc(C)c(OC)c(C)c4)N=C(C)C(N)=N3)c2)cncnc1,ABara{A}aa{As{ataaaa{_auadadau}at}D~A{A}A{D}~Ds}aarA,4.866508955728294
CHEMBL208943,O=C(c1c2ccccc2cc2ccccc12)N1CCC(N2CCC[C@@H](C(=O)N3CCOCC3)C2)CC1,93.39,N1(C(c2c3ccccc3cc3ccccc23)=O)CCC(N2C[C@H](C(=O)N3CCOCC3)CCC2)CC1,B~A{arasaaaaasaasaaaaars}DrAAA{DsAAA{A**Q}{A{~B}DtAABAAt}As}AAr,7.389883969809622
CHEMBL2144069,Cc1ccc(NC(=O)c2cccc(C(C)(C)C#N)c2)cc1Nc1ccc2ncn(C)c(=O)c2c1,99.61,C(C#N)(C)(c1cc(C(Nc2cc(Nc3ccc4c(c(=O)n(C)cn4)c3)c(C)cc2)=O)ccc1)C,Aaraaa{DA{~B}asaaaa{A{A}{A}A^D}as}aarDaraaasdad{A}a{~B}asar,0.3830122789230634
CHEMBL250687,CCCSc1nc(N[C@@H]2C[C@H]2c2ccccc2)c2nnn([C@@H]3C[C@H](CO)[C@@H](O)[C@H]3O)c2n1,99.23,[C@H]1(CO)C[C@@H](n2c3nc(SCCC)nc(N[C@@H]4C[C@H]4c4ccccc4)c3nn2)[C@H](O)[C@@H]1O,AAAEarda{D{A**Q}sA{A*Q}sasaaaaas}asddd{{A**Q}tA{A*Q}{AB}{A**Q}{B}{A*Q}tB}asdr,0.8110848259547131
CHEMBL1352569,CC(C)(Oc1ccc(Cl)cc1)C(=O)N1CCN(c2ccccn2)CC1,99.23,c1ccnc(N2CCN(C(C(C)(Oc3ccc(Cl)cc3)C)=O)CC2)c1,AA{A}{Baraaa{Z}aar}A{~B}DrAAD{asaaaads}AAr,0.8110848259547131
CHEMBL1956163,O=C1[C@H]2[C@H]3CC[C@H](C3)[C@H]2C(=O)N1[C@H]1CC[C@H](C(=O)Nc2cccc3cccnc23)CC1,98.4,[C@H]1(N2C(=O)[C@H]3[C@@H]4C[C@H]([C@H]3C2=O)CC4)CC[C@H](C(Nc2cccc3c2nccc3)=O)CC1,B~Ar{A*Q}s{A*Q}tAA{A*Q}{At}{A*Q}sA{~B}Dr{A*Q}rAA{A*Q}{A{~B}Dasaaaataaadast}AAr,1.7460853892080623
CHEMBL1916532,COc1ccc2ncc(F)c(CCN3CCC(NCc4cc5c(cn4)OCCO5)CC3)c2n1,82.72,c1(CCN2CCC(NCc3ncc4c(c3)OCCO4)CC2)c(F)cnc2ccc(OC)nc12,ABaraaasdaa{G}a{AADtAAA{DAauaava{adu}BAABv}AAt}asdr,19.409710487777406
CHEMBL149434,CCc1c(C(=O)C(N)=O)c2c(OCC(N)=O)cccc2n1Cc1ccccc1,84.9,NC(C(c1c2c(n(Cc3ccccc3)c1CC)cccc2OCC(N)=O)=O)=O,AAara{A{~B}A{D}~B}asa{BAA{D}~B}aaaasdrAaraaaaar,16.953925875858957
CHEMBL1818296,CN(C)CCC1CCN(c2cc(C(=O)NC[C@H]3CC[C@H](CNC(=O)OC(C)(C)C)CC3)c3ccccc3n2)CC1,96.65,C(NC(=O)c1cc(N2CCC(CCN(C)C)CC2)nc2c1cccc2)[C@H]1CC[C@H](CNC(OC(C)(C)C)=O)CC1,AD{A}AAArAAD{asaa{A{~B}DA{A*Q}tAA{A*Q}{ADA{~B}BA{A}{A}A}AAt}ataaaaatds}AAr,3.7174721189591042
CHEMBL2171033,O=C(NS(=O)(=O)c1ccccc1)N1CCC(N2CCC(Oc3ccc(Cl)c(Cl)c3)CC2)CC1,81.36,c1(S(=O)(NC(=O)N2CCC(N3CCC(Oc4cc(Cl)c(Cl)cc4)CC3)CC2)=O)ccccc1,B~A{DE{~B}{~B}araaaaar}DrAAA{DsAAA{Bataaa{Z}a{Z}at}AAs}AAr,20.94175960346964
CHEMBL1346,NC(=O)C(c1ccccc1)(c1ccccc1)[C@@H]1CCN(CCc2ccc3c(c2)CCO3)C1,95.12,C(=O)(C(c1ccccc1)(c1ccccc1)[C@@H]1CCN(CCc2cc3c(cc2)OCC3)C1)N,DA{~B}A{araaaaar}{araaaaar}{A**Q}rAAD{AAasaaata{as}AABt}Ar,5.441027374112873
CHEMBL1778636,N#Cc1cccc(-c2cc(Cl)ccc2OCC(=O)O)c1,99.25,c1(OCC(=O)O)c(-c2cccc(C#N)c2)cc(Cl)cc1,D^Aaraaaa{_asaa{Z}aaasBAA{~B}B}ar,0.7885546919004199
CHEMBL2207654,O=C(NC[C@@H](O)CN1CCC(Oc2ccc(Cl)c(Cl)c2)CC1)c1c[nH]c(=O)c2cc(S(=O)(=O)N3CCC3)ccc12,95.01,C1(Oc2ccc(Cl)c(Cl)c2)CCN(C[C@H](O)CNC(=O)c2c[nH]c(=O)c3cc(S(N4CCC4)(=O)=O)ccc32)CC1,B~A{DA{A**Q}{B}ADrAAA{Basaaa{Z}a{Z}as}AAr}ara{dQ}a{~B}asaa{E{~B}{~B}DtAAAt}aaars,5.56494311141151
CHEMBL406,CC1Cc2ccccc2N1NC(=O)c1ccc(Cl)c(S(N)(=O)=O)c1,79.55,c1(Cl)ccc(C(=O)NN2C(C)Cc3ccccc32)cc1S(N)(=O)=O,AArAasaaaaasDrDA{~B}araaa{Z}a{E{D}{~B}~B}ar,22.980736735383577
CHEMBL509032,COc1cc(N2CCC(N3CCN(C)CC3)CC2)ccc1Nc1ncc(Cl)c(Nc2ccccc2S(=O)(=O)C(C)C)n1,96.72,N1(c2ccc(Nc3ncc(Cl)c(Nc4ccccc4S(=O)(=O)C(C)C)n3)c(OC)c2)CCC(N2CCN(C)CC2)CC1,ABaraa{DsAAA{DtAAD{A}AAt}AAs}aaarDardaa{Z}a{DasaaaaasE{~B}{~B}A{A}A}dr,3.6386166497690704
CHEMBL13817,CC(C)(N)C(=O)N[C@H](COCc1ccccc1)C(=O)N1CCC2(CC1)CN(S(C)(=O)=O)c1ccccc12,76.81,C(=O)(C(C)(C)N)N[C@H](COCc1ccccc1)C(N1CCC2(CN(S(C)(=O)=O)c3c2cccc3)CC1)=O,AA{A}{D}A{~B}D{A*Q}{ABAaraaaaar}A{~B}DrAAAs{AAr}AD{E{A}{~B}~B}araaaaars,26.067365100822347
CHEMBL1027,Cc1ccsc1C(=CCCN1CCC[C@@H](C(=O)O)C1)c1sccc1C,94.9,c1sc(C(c2sccc2C)=CCCN2C[C@H](C(=O)O)CCC2)c(C)c1,AaraaearA{~AAADrAAA{A**Q}{A{~B}B}Ar}areaaarA,5.688858848710146
CHEMBL1950720,CN[C@@H](C)C(=O)N[C@H](C(=O)N1CC[C@H]2CCN(CCc3ccccc3)C[C@H]21)C1CCCCC1,94.32,C(=O)(N[C@@H](C1CCCCC1)C(=O)N1[C@H]2[C@@H](CC1)CCN(CCc1ccccc1)C2)[C@@H](NC)C,AD{A**Q}{A}A{~B}D{A*Q}{A{~B}DrAA{A*Q}sAAD{AAataaaaat}A{A*Q}sr}ArAAAAAr,6.342232736284791
CHEMBL2171047,Cc1ccc(S(=O)(=O)NC(=O)N2CCC(N3CCC(Oc4ccc(Cl)c(C)c4Cl)CC3)CC2)cc1,82.05,C1CN(C(=O)NS(=O)(=O)c2ccc(C)cc2)CCC1N1CCC(Oc2ccc(Cl)c(C)c2Cl)CC1,Aaraaa{E{~B}{~B}DA{~B}DsAAA{DtAAA{Bauaaa{Z}a{A}auZ}AAt}AAs}aar,20.164469978596376
CHEMBL331372,CCNC(=O)[C@H]1O[C@@H](n2cnc3c(N)nc(NCCc4ccc(CCC(=O)O)cc4)nc32)[C@H](O)[C@@H]1O,57.99,c12c(n([C@H]3[C@H](O)[C@H](O)[C@@H](C(NCC)=O)O3)cn1)nc(NCCc1ccc(CCC(=O)O)cc1)nc2N,AADA{~B}{A*Q}rB{A**Q}{dsadata{D}da{DAAauaaa{AAA{~B}B}aau}dats}{A*Q}{B}{A**Q}rB,47.26822124591641
CHEMBL479441,COCCOc1cc2ncc(C(N)=O)c(Nc3ccc(F)cc3F)c2cc1N1CCN(C)CC1,54.59,c1c2c(c(Nc3c(F)cc(F)cc3)c(C(=O)N)cn2)cc(N2CCN(C)CC2)c1OCCOC,ABAABaraasdaa{A{D}~B}a{Dataaa{G}aatG}asaarDrAAD{A}AAr,51.098344035147
CHEMBL1818303,CN(C)CCC1CCN(c2cc(C(=O)NC[C@H]3CC[C@H](CNC(=O)OCC(C)(C)C)CC3)c3ccccc3n2)CC1,98.61,C1C[C@H](CNC(OCC(C)(C)C)=O)CC[C@H]1CNC(c1c2ccccc2nc(N2CCC(CCN(C)C)CC2)c1)=O,AD{A}AAArAAD{asaa{A{~B}DA{A*Q}tAA{A*Q}{ADA{~B}BAA{A}{A}A}AAt}ataaaaatds}AAr,1.5095189816379444
CHEMBL1921936,C[C@@](C(=O)O[C@H]1C[N+]2(CCCOc3ccc(F)cc3)CCC1CC2)(c1ccccc1)N1CCCCC1,96.87,c1([C@](C(=O)O[C@H]2C[N+]3(CCCOc4ccc(F)cc4)CCC2CC3)(C)N2CCCCC2)ccccc1,A{A**}{A{~B}B{A*Q}rA{D%}s{AAABataaa{G}aat}AAArAAs}{araaaaar}DrAAAAAr,3.4696406443618315
CHEMBL1090630,CCCCCCCC(=O)N[C@@H](C)C(=O)N[C@H](C(=O)N[C@@H](CCN)C(=O)N[C@H]1CCNC(=O)[C@H]([C@@H](C)O)NC(=O)[C@H](CCN)NC(=O)[C@H](CCN)NC(=O)[C@H](CC(C)C)NC(=O)[C@@H](Cc2ccccc2)NC(=O)[C@H](CCN)NC1=O)[C@@H](C)O,89.27,[C@H]([C@H]1C(=O)NCC[C@H](NC([C@H](CCN)NC(=O)[C@H]([C@H](O)C)NC(=O)[C@@H](NC(CCCCCCC)=O)C)=O)C(=O)N[C@@H](CCN)C(=O)N[C@H](Cc2ccccc2)C(=O)N[C@@H](CC(C)C)C(=O)N[C@@H](CCN)C(=O)N[C@@H](CCN)C(=O)N1)(C)O,AAAAAAAA{~B}D{A**Q}{A}A{~B}D{A*Q}{A{~B}D{A**Q}{AAD}A{~B}D{A*Q}rAADA{~B}{A*Q}{{A**Q}{A}B}DA{~B}{A*Q}{AAD}DA{~B}{A*Q}{AAD}DA{~B}{A*Q}{AA{A}A}DA{~B}{A**Q}{Aasaaaaas}DA{~B}{A*Q}{AAD}DAr~B}{A**Q}{A}B,12.031091584994938
CHEMBL1873475,C=CC(=O)N1CCC[C@@H](n2nc(-c3ccc(Oc4ccccc4)cc3)c3c(N)ncnc32)C1,96.57,C1[C@H](n2nc(-c3ccc(Oc4ccccc4)cc3)c3c2ncnc3N)CCCN1C(C=C)=O,A~AA{~B}DrAAA{A**Q}{dsda{_ataaa{Bauaaaaau}aat}ata{D}dadats}Ar,3.807592655176309
CHEMBL2335907,COc1cc(-c2ccncc2)cc2cnc(Nc3ccc([C@@H](C)NC(C)=O)cc3)nc12,96.57,O(C)c1cc(-c2ccncc2)cc2cnc(Nc3ccc([C@H](NC(C)=O)C)cc3)nc21,ABaraa{_asaadaas}aasada{Dataaa{{A**Q}{A}DA{A}~B}aat}dars,3.807592655176309
CHEMBL168634,Cc1ccc(S(=O)(=O)N2N=Cc3ccccc3B2O)cc1,91.64,c1cc2c(cc1)B(O)N(S(=O)(c1ccc(C)cc1)=O)N=C2,Aaraaa{E{~B}{~B}DsD~AataaaaatJsB}aar,9.361270699560665
CHEMBL814,COCCCC/C(=N\OCCN)c1ccc(C(F)(F)F)cc1,75.55,c1cc(/C(CCCCOC)=N/OCCN)ccc1C(F)(F)F,ABAAAA|A{~D!BAAD}araaa{A{G}{G}G}aar,27.4867635462431
CHEMBL2011908,CNc1c(Br)cnc2[nH]c(-c3ccc(S(C)(=O)=O)cc3)nc12,95.23,N(c1c2c(ncc1Br)[nH]c(-c1ccc(S(=O)(=O)C)cc1)n2)C,ADara{Y}adas{dQ}a{_ataaa{E{A}{~B}~B}aat}dars,5.3171116368142375
CHEMBL603584,COc1ccc(C2Sc3ccccc3N(CCN(C)C)C(=O)C2OC(C)=O)cc1,35.46,CC(=O)OC1C(c2ccc(OC)cc2)Sc2c(cccc2)N(CCN(C)C)C1=O,ABaraaa{AsEataaaaatD{AAD{A}A}A{~B}AsBA{A}~B}aar,72.64841725808269
CHEMBL217943,O=C(NCc1ccccc1)c1ccc2cccnc2c1O,96.93,c1(O)c2c(ccc1C(=O)NCc1ccccc1)cccn2,B~A{DAaraaaaar}araaasaaadasarB,3.402050242198936
CHEMBL2335885,COCCC(=O)N(C)c1ccc(Nc2ncc3cc(-c4ccncc4)ccc3n2)cc1,97.38,c1(-c2ccncc2)cc2c(nc(Nc3ccc(N(C)C(CCOC)=O)cc3)nc2)cc1,ABAAA{~B}D{A}araaa{Dasdaataa{_auaadaau}aaatds}aar,2.8951222259772527
CHEMBL2059910,CNC(=O)Nc1nc2ccc(-c3cncc(S(=O)(=O)NC(C)(C)C)c3)cn2n1,64.54,N(S(=O)(c1cncc(-c2cn3c(nc(NC(NC)=O)n3)cc2)c1)=O)C(C)(C)C,ADA{~B}Dardasaaa{_atadaa{E{~B}{~B}DA{A}{A}A}at}adsdr,39.88960234313393
CHEMBL1824031,O=C1COc2ccc(CNC3CCN(CCN4C(=O)COc5ccc(Br)cc54)CC3)nc2N1,97.38,C(N1CCC(NCc2ccc3c(n2)NC(=O)CO3)CC1)CN1c2c(ccc(Br)c2)OCC1=O,B~ArABasaaa{ADAtAAD{AADuA{~B}ABavaaa{Y}aavu}AAt}dasDr,2.8951222259772527
CHEMBL2178931,Cc1nc(C(C)C)c(-c2ccc([C@H]3CC[C@H](CC(=O)O)CC3)cc2)nc1C(N)=O,97.81,c1c(-c2c(C(C)C)nc(C)c(C(=O)N)n2)ccc([C@H]2CC[C@H](CC(O)=O)CC2)c1,Aarda{A{A}A}a{_asaaa{{A*Q}tAA{A*Q}{AA{~B}B}AAt}aas}darA{D}~B,2.410724343809846
CHEMBL271013,C[C@H](CO)Nc1nc(SCc2ccccc2)nc2nc(N)sc12,95.43,n1c(SCc2ccccc2)nc(N[C@H](C)CO)c2sc(N)nc12,A{A*Q}{AB}Darda{EAasaaaaas}dasda{D}ears,5.091810296271258
CHEMBL1608462,Cc1cc(C)c(CNC(=O)c2cc(C3CC3)nc3c2cnn3C(C)C)c(O)n1,96.5,N(Cc1c(O)nc(C)cc1C)C(=O)c1cc(C2CC2)nc2n(C(C)C)ncc21,Aaraa{A}a{ADA{~B}asaa{AtAAt}datasaddtA{A}A}a{B}dr,3.8864481243663427
CHEMBL271703,C[C@H](CO)Nc1nc(SCc2cccc(F)c2F)nc2nc(N)cnc12,95.53,c1nc2c(nc1N)nc(SCc1c(F)c(F)ccc1)nc2N[C@H](C)CO,A{A*Q}{AB}Darda{EAasaaaa{G}asG}dasda{D}adars,4.979159625999776
CHEMBL2059375,CCNC(=O)c1cc2c(-n3ccc(C(F)(F)F)n3)c(-c3cncc(C(N)=O)c3)cnc2[nH]1,64.01,c12cc(C(NCC)=O)[nH]c1ncc(-c1cncc(C(N)=O)c1)c2-n1nc(C(F)(F)F)cc1,AADA{~B}araasa{_dtaaa{A{G}{G}G}dt}a{_atadaa{A{D}~B}at}adas{dQ}r,40.48665089557282
CHEMBL2164042,O=C(NCc1cccc(OC(F)(F)F)c1)C1c2ccccc2C(=O)N1CCc1ncc(F)cn1,95.53,C(c1ncc(F)cn1)CN1C(C(NCc2cc(OC(F)(F)F)ccc2)=O)c2ccccc2C1=O,B~A{DAaraaaa{BA{G}{G}G}ar}ArasaaaaasA{~B}DrAAardaa{G}adr,4.979159625999776
CHEMBL481230,COc1cc2c(Nc3ccc(F)c(Cl)c3)c(C(N)=O)cnc2cc1OCCN(C)CCO,67.12,NC(=O)c1cnc2c(cc(OC)c(OCCN(CCO)C)c2)c1Nc1ccc(F)c(Cl)c1,ABaraasa{Dataaa{G}a{Z}at}a{A{D}~B}adasaarBAAD{A}AAB,36.983215050129544
CHEMBL1789941,N#CC[C@H](C1CCCC1)n1cc(-c2ncnc3[nH]ccc23)cn1,94.68,C1C([C@H](n2cc(-c3ncnc4[nH]ccc34)cn2)CC#N)CCC1,D^AA{A*Q}{ArAAAAr}draa{_asdadat{dQ}aaast}adr,5.936690323307418
CHEMBL1734492,NC(=O)NC(=O)C(Nc1ccc2c(c1)CCC2)c1ccccc1,97.0,C1CCc2c1ccc(NC(C(=O)NC(=O)N)c1ccccc1)c2,DA{~B}DA{~B}A{Daraaasa{ar}AAAs}araaaaar,3.323194773008902
CHEMBL2164747,COc1ccc2ncc(=O)n(CCN3CC[C@@H](NCc4ccc5c(n4)NC(=O)CO5)[C@@H](O)C3)c2c1,94.68,n1cc(=O)n(CCN2C[C@H](O)[C@H](NCc3nc4c(cc3)OCC(=O)N4)CC2)c2cc(OC)ccc12,ABaraaasdaa{~B}d{AADtAA{A**Q}{DAauaaava{du}DA{~B}ABv}{A**Q}{B}At}asar,5.936690323307418
CHEMBL2331742,Cc1cn([C@H]2CCCN(S(=O)(=O)c3ccc(C(=O)O)c(Oc4cccc(Cl)c4)c3)C2)c(=O)[nH]c1=O,96.0,c1(Oc2cccc(Cl)c2)c(C(=O)O)ccc(S(=O)(=O)N2CCC[C@H](n3cc(C)c(=O)[nH]c3=O)C2)c1,Aarad{{A*Q}sAAAD{E{~B}{~B}ataaa{A{~B}B}a{Bauaaaa{Z}au}at}As}a{~B}{dQ}ar~B,4.449701475723783
CHEMBL2181928,C[C@@H]1CN(c2ccc3c(n2)NC(=O)CO3)[C@H](c2ccccc2)CO1,93.67,O=C1Nc2nc(N3[C@H](c4ccccc4)CO[C@H](C)C3)ccc2OC1,A{A**Q}rAD{asaaata{ds}DA{~B}ABt}{A*Q}{asaaaaas}ABr,7.074462093049454
CHEMBL192307,CCCCc1nc2c(N)nc3ccccc3c2n1CC(C)C,93.8,c12n(CC(C)C)c(CCCC)nc1c(N)nc1ccccc21,AAAAardasa{D}dataaaaatasdrAA{A}A,6.928016221696525
CHEMBL1600099,O=C1CN(C(=O)c2ccccc2)C(c2ccccc2)c2cc(Cl)ccc2N1,93.94,c1cc(Cl)cc2c1NC(=O)CN(C(=O)c1ccccc1)C2c1ccccc1,B~ArAD{A{~B}asaaaaas}A{asaaaaas}asaa{Z}aaasDr,6.77030528331644
CHEMBL2062572,CC(=O)Nc1ccc2ccn(-c3cc(NCCCCO)n4ncc(C#N)c4n3)c2c1,95.91,c1c(C#N)c2n(n1)c(NCCCCO)cc(-n1c3cc(NC(=O)C)ccc3cc1)n2,AA{~B}Daraaasaad{_ataa{DAAAAB}dudaa{A^D}audt}asar,4.551087078968126
CHEMBL2338408,CC(C)(C)NC(=O)NCCN1CCOC(CNC(=O)c2cc(Cl)cc(Cl)c2)C1,93.94,C1OC(CNC(c2cc(Cl)cc(Cl)c2)=O)CN(CCNC(=O)NC(C)(C)C)C1,AA{A}{A}DA{~B}DAADrAABA{ADA{~B}asaa{Z}aa{Z}as}Ar,6.77030528331644
CHEMBL2179287,Cc1cn(C2CCCN(Cc3cccc(Oc4ccccc4)c3)C2)c(=O)[nH]c1=O,98.89,c1ccc(Oc2cccc(CN3CC(n4c(=O)[nH]c(=O)c(C)c4)CCC3)c2)cc1,Aarad{AsAAAD{Aataaaa{Bauaaaaau}at}As}a{~B}{dQ}ar~B,1.1940971048777764
CHEMBL1916537,COc1ccc2c(c1)N(CCN1CCC(NCc3ccc4c(n3)NC(=O)CO4)CC1)C(=O)CC2,95.82,C1CC(NCc2nc3c(cc2)OCC(=O)N3)CCN1CCN1C(=O)CCc2ccc(OC)cc21,ABaraaasa{ar}D{AADrAAA{DAataaaua{dt}DA{~B}ABu}AAr}A{~B}AAs,4.652472682212469
CHEMBL553,C#Cc1cccc(Nc2ncnc3cc(OCCOC)c(OCCOC)cc23)c1,95.82,COCCOc1c(OCCOC)cc2ncnc(Nc3cc(C#C)ccc3)c2c1,A^Aaraaaa{Dasdadataa{BAABA}a{BAABA}aast}ar,4.652472682212469
CHEMBL2171024,O=C(O)c1cccc(C(=O)N2CCC(N3CCC(Oc4ccc(Cl)c(Cl)c4)CC3)CC2)c1,95.01,c1c(OC2CCN(C3CCN(C(c4cccc(C(=O)O)c4)=O)CC3)CC2)ccc(Cl)c1Cl,B~A{B}araaaa{A{~B}DsAAA{DtAAA{Bauaaa{Z}a{Z}au}AAt}AAs}ar,5.56494311141151
CHEMBL2164565,CCN(CCO)C(=O)c1cc2cccnn2c1-c1cccc(C(F)(F)F)c1,95.72,N(CC)(CCO)C(=O)c1c(-c2cc(C(F)(F)F)ccc2)n2c(cccn2)c1,AAD{AAB}A{~B}araasaaaddsar_araaaa{A{G}{G}G}ar,4.765123352483951
CHEMBL2207669,N#Cc1ccc(OC2CCN(C[C@H](O)CNC(=O)c3c[nH]c(=O)c4ccccc34)CC2)cc1Cl,80.29,N(C[C@H](CN1CCC(Oc2ccc(C#N)c(Cl)c2)CC1)O)C(c1c2ccccc2c(=O)[nH]c1)=O,D^Aaraaa{BAsAAD{A{A*Q}{B}ADA{~B}ata{dQ}a{~B}auaaaaatu}AAs}aarZ,22.147121775374554
CHEMBL1951072,COc1cc(OC)c(S(=O)(=O)N2c3ccccc3CC2C)cc1NC(C)=O,95.63,c1(NC(C)=O)cc(S(=O)(=O)N2c3c(cccc3)CC2C)c(OC)cc1OC,ABaraa{BA}a{E{~B}{~B}DsataaaaatAAsA}aarDA{A}~B,4.866508955728294
CHEMBL1645496,O=c1cc(-c2cccnc2)[nH]c2cc(C(O)c3ccccc3)ccc12,97.32,c1cc(C(c2ccc3c([nH]c(-c4cnccc4)cc3=O)c2)O)ccc1,B~araa{_asaaadas}{dQ}asaa{A{B}ataaaaat}aaars,2.962712628140148
CHEMBL2179275,Cc1cn([C@H]2CCCN([C@H](CC(C)C)c3ccc(C(=O)O)c(Oc4cccc(Cl)c4)c3)C2)c(=O)[nH]c1=O,97.26,CC(C)C[C@@H](N1C[C@@H](n2cc(C)c(=O)[nH]c2=O)CCC1)c1ccc(C(O)=O)c(Oc2cccc(Cl)c2)c1,Aarad{{A*Q}sAAAD{{A*Q}{AA{A}A}ataaa{A{~B}B}a{Bauaaaa{Z}au}at}As}a{~B}{dQ}ar~B,3.0303030303030276
CHEMBL644,CC(CN(C)C)CN1c2ccccc2CCc2ccccc21,93.1,C(C(C)CN1c2c(cccc2)CCc2c1cccc2)N(C)C,AA{AD{A}A}ADrasaaaaasAAasaaaaasr,7.716570913596946
CHEMBL1800658,CC(C)N(CCNCCc1ccc(O)c2[nH]c(=O)sc12)C(=O)CCOCCc1ccccc1,97.2,N(C(C)C)(C(=O)CCOCCc1ccccc1)CCNCCc1ccc(O)c2[nH]c(=O)sc12,AA{A}D{AADAAaraaa{B}as{dQ}a{~B}ears}A{~B}AABAAaraaaaar,3.0978934324659226
CHEMBL123798,COc1cccc2c(O)nc(-c3ccc(C(F)(F)F)cc3)nc12,94.56,COc1cccc2c1nc(-c1ccc(C(F)(F)F)cc1)nc2O,ABaraaaasa{B}da{_ataaa{A{G}{G}G}aat}dars,6.071871127633209
CHEMBL2179277,Cc1cn([C@H]2CCCN([C@H](CC(C)(C)C)c3ccc(C(=O)O)c(Oc4cccc(Br)c4)c3)C2)c(=O)[nH]c1=O,97.13,O=c1n([C@@H]2CN([C@@H](c3cc(Oc4cccc(Br)c4)c(C(=O)O)cc3)CC(C)(C)C)CCC2)cc(C)c(=O)[nH]1,Aarad{{A*Q}sAAAD{{A*Q}{AA{A}{A}A}ataaa{A{~B}B}a{Bauaaaa{Y}au}at}As}a{~B}{dQ}ar~B,3.176748901655973
CHEMBL494505,CCC(=O)N1CCN(C(=O)c2cc(Cc3n[nH]c(=O)c4ccccc34)ccc2F)CC1,62.94,c1(Cc2cc(C(=O)N3CCN(C(CC)=O)CC3)c(F)cc2)c2ccccc2c(=O)[nH]n1,AAA{~B}DrAAD{A{~B}asaa{Aatd{dQ}a{~B}auaaaaatu}aaasG}AAr,41.69201306747775
CHEMBL572016,Cc1cnc(-c2cc(NC(=O)c3ccc(C(F)(F)F)nc3C)ccc2Cl)[nH]1,96.09,c1(C(F)(F)F)ccc(C(Nc2cc(-c3[nH]c(C)cn3)c(Cl)cc2)=O)c(C)n1,Aarada{_asaa{DA{~B}ataaa{A{G}{G}G}datA}aaasZ}{dQ}r,4.34831587247944
CHEMBL2059909,CC(C)(C)NS(=O)(=O)c1cncc(-c2ccc3nc(N)nn3c2)c1,62.94,O=S(c1cncc(-c2ccc3nc(N)nn3c2)c1)(=O)NC(C)(C)C,AA{A}{A}DE{~B}{~B}aradaa{_asaaatda{D}ddtas}ar,41.69201306747775
CHEMBL2335887,COCCC(=O)Nc1ccc(Nc2ncc3cc(-c4ccncc4)ccc3n2)cc1,98.21,c12c(cnc(Nc3ccc(NC(CCOC)=O)cc3)n1)cc(-c1ccncc1)cc2,ABAAA{~B}Daraaa{Dasdaataa{_auaadaau}aaatds}aar,1.9601216627239033
CHEMBL2171022,O=C(O)COc1cccc(C(=O)N2CCC(N3CCC(Oc4ccc(Cl)c(Cl)c4)CC3)CC2)c1,98.7,C1CN(C2CCN(C(=O)c3cccc(OCC(=O)O)c3)CC2)CCC1Oc1cc(Cl)c(Cl)cc1,B~A{B}ABaraaaa{A{~B}DsAAA{DtAAA{Bauaaa{Z}a{Z}au}AAt}AAs}ar,1.4081333783936012
CHEMBL957,COc1ccccc1Oc1c(NS(=O)(=O)c2ccc(C(C)(C)C)cc2)nc(-c2ncccn2)nc1OCCO,98.7,c1c(C(C)(C)C)ccc(S(=O)(Nc2nc(-c3ncccn3)nc(OCCO)c2Oc2ccccc2OC)=O)c1,ABaraaaaarBara{DE{~B}{~B}asaaa{A{A}{A}A}aas}da{_asdaaads}darBAAB,1.4081333783936012
CHEMBL214350,Cc1ccc2c(c1)c(-c1ccnc3c(C(F)(F)F)cccc13)c(C)n2CC(=O)O,99.62,c1ccc2c(nccc2-c2c3c(n(CC(O)=O)c2C)ccc(C)c3)c1C(F)(F)F,Aaraaasa{ar}a{_araadata{A{G}{G}G}aaaart}a{A}dsAA{~B}B,0.3717472118959088
CHEMBL1916272,CCC(CC)NC(=O)c1c(C)nn(-c2ccccc2)c1NS(=O)(=O)c1ccc(C)cc1,99.51,N(C(=O)c1c(NS(=O)(c2ccc(C)cc2)=O)n(-c2ccccc2)nc1C)C(CC)CC,AAA{AA}DA{~B}ara{A}dd{_asaaaaas}arDE{~B}{~B}araaa{A}aar,0.49566294919454507
CHEMBL1689123,CC[C@H]1CN(Cc2cc(Cl)ccc2OCC(=O)O)CCN1S(=O)(=O)c1ccccc1,99.31,c1cc(Cl)cc(CN2C[C@H](CC)N(S(=O)(=O)c3ccccc3)CC2)c1OCC(=O)O,AA{A*Q}rAD{Aasaa{Z}aaasBAA{~B}B}AADrE{~B}{~B}araaaaar,0.7209642897375245
CHEMBL2171013,Cc1ccc(S(=O)(=O)N(C)C(=O)N2CCC(N3CCC(Oc4ccc(Cl)c(Cl)c4)CC3)CC2)cc1,98.29,C1C(N2CCC(Oc3cc(Cl)c(Cl)cc3)CC2)CCN(C(N(S(=O)(c2ccc(C)cc2)=O)C)=O)C1,Aaraaa{E{~B}{~B}D{A}A{~B}DsAAA{DtAAA{Bauaaa{Z}a{Z}au}AAt}AAs}aar,1.8700011265066987
CHEMBL1916280,CCC(C)NC(=O)c1c(C)nn(-c2ccccc2)c1NS(=O)(=O)c1ccc(C)cc1,99.41,c1ccc(-n2nc(C)c(C(NC(CC)C)=O)c2NS(=O)(c2ccc(C)cc2)=O)cc1,AAA{A}DA{~B}ara{A}dd{_asaaaaas}arDE{~B}{~B}araaa{A}aar,0.6083136194660428
CHEMBL480031,CCOc1cc2ncc(C(N)=O)c(Nc3cccc(Cl)c3Cl)c2cc1N1CCN(C(C)C)CC1,98.54,c1(Nc2c3c(ncc2C(=O)N)cc(OCC)c(N2CCN(C(C)C)CC2)c3)c(Cl)c(Cl)ccc1,AABaraasdaa{A{D}~B}a{Dataaaa{Z}atZ}asaarDrAAD{A{A}A}AAr,1.5883744508279785
CHEMBL17157,CC(C)(C)c1ccc(C(O)CCCN2CCC(C(O)(c3ccccc3)c3ccccc3)CC2)cc1,99.16,C1C(C(c2ccccc2)(c2ccccc2)O)CCN(CCCC(c2ccc(C(C)(C)C)cc2)O)C1,AA{A}{A}araaa{A{B}AAADsAAA{A{B}{ataaaaat}ataaaaat}AAs}aar,0.889940295144763
CHEMBL426851,CNc1nc2ccccc2n1Cc1sc2c(c1C(=O)N1CC[C@@H](O)C1)c(=O)n(C)c(=O)n2CC(C)C,68.13,C(=O)(N1CC[C@@H](O)C1)c1c2c(n(CC(C)C)c(=O)n(C)c2=O)sc1Cn1c(NC)nc2ccccc12,ADardasaaaaasdrAareasa{arA{~B}DrAA{A**Q}{B}Ar}a{~B}d{A}a{~B}dsAA{A}A,35.84544328038753
CHEMBL275742,CC(C)NC[C@@H](O)COc1cccc2ccccc12,82.39,c12ccccc1cccc2OC[C@H](O)CNC(C)C,AA{A}DA{A**Q}{B}ABaraaaasaaaaars,19.781457699673314
CHEMBL661,Cc1nnc2n1-c1ccc(Cl)cc1C(c1ccccc1)=NC2,71.05,c1(Cl)ccc2c(c1)C(c1ccccc1)=NCc1nnc(C)n1-2,Aarddasdr_araaa{Z}aarA{araaaaar}~DAs,32.55604370846007
CHEMBL209689,Cc1ccc2c(c1)c(-c1ccnc3c(C)cccc13)c(C)n2CC(=O)O,99.51,n1ccc(-c2c(C)n(CC(=O)O)c3c2cc(C)cc3)c2c1c(C)ccc2,Aaraaasa{ar}a{_araadata{A}aaaart}a{A}dsAA{~B}B,0.49566294919454507
CHEMBL87543,CC(C)N1CCC(N(C(=O)Cc2ccccc2)c2ccc(Cl)cc2)CC1,71.05,c1cc(Cl)ccc1N(C1CCN(C(C)C)CC1)C(=O)Cc1ccccc1,AA{A}DrAAA{D{A{~B}Aasaaaaas}asaaa{Z}aas}AAr,32.55604370846007
CHEMBL1650725,Cc1cc(Nc2nc(N[C@@H](C)c3ncc(F)cn3)ncc2C)n[nH]1,71.99,[C@@H](C)(Nc1nc(Nc2n[nH]c(C)c2)c(C)cn1)c1ncc(F)cn1,Aaraa{Dasda{D{A**Q}{A}atdaa{G}adt}daasA}d{dQ}r,31.497127407908085
CHEMBL1709327,CC1CN2c3ccc([N+](=O)[O-])cc3CC3(C(=O)N(C)C(=O)N(C)C3=O)C2C(C)O1,81.36,C1(=O)C2(C(=O)N(C)C(=O)N1C)C1C(C)OC(C)CN1c1c(cc([N+]([O-])=O)cc1)C2,AArADsataaa{{D%}{~B}{B_}}aatAAt{A{~B}D{A}A{~B}D{A}At~B}AsA{A}Br,20.94175960346964
CHEMBL407960,COc1ccc(OC)c(CNc2n[nH]c3ccnc(Oc4ccccc4)c23)c1,98.58,c1ccc(Oc2nccc3[nH]nc(NCc4cc(OC)ccc4OC)c23)cc1,ABaraaa{BA}a{ADasd{dQ}ataada{Bauaaaaau}ast}ar,1.5433141827193921
CHEMBL1300857,Cc1[nH]c2ccc(-c3nnc(SCC(=O)N4CCCc5ccccc54)o3)cc2c1C,99.48,c1c2c(ccc1)N(C(CSc1nnc(-c3ccc4c(c(C)c(C)[nH]4)c3)o1)=O)CCC2,Aar{dQ}asaaa{_atdda{EAA{~B}DuAAAavaaaaavu}bt}aasarA,0.5294581502759929
CHEMBL464081,CC1(C)[C@@H]2CC[C@@]1(CS(=O)(=O)N1CCN(c3ccc(C(F)(F)F)cn3)CC1)C(=O)C2,99.08,FC(F)(F)c1cnc(N2CCN(S(=O)(C[C@]34C(=O)C[C@H](C3(C)C)CC4)=O)CC2)cc1,AAr{A}{A**Q}sAA{A**}r{AE{~B}{~B}DrAAD{ataaa{A{G}{G}G}adt}AAr}A{~B}As,0.9800608313619517
CHEMBL2220442,CC(C)n1c(/C=C/C(O)CC(O)CC(=O)O)c(-c2ccc(F)cc2)c2ccccc21,99.52,c1cccc2n(C(C)C)c(/C=C/C(CC(O)CC(O)=O)O)c(-c3ccc(F)cc3)c12,AA{A}dra{|A~A|A{B}AA{B}AA{~B}B}a{_asaaa{G}aas}asaaaaasr,0.48439788216740653
CHEMBL1624302,Nc1nc(-c2ccc(Cl)c(Cl)c2)c(-c2ccncc2)s1,99.26,c1c(-c2c(-c3ccncc3)sc(N)n2)cc(Cl)c(Cl)c1,Darda{_asaaa{Z}a{Z}as}a{_asaadaas}er,0.7772896248732654
CHEMBL1290383,O=c1c2cc(-c3ccc(Cl)cc3)oc2ccn1-c1ccc2c(cnn2CCN2CCCC2)c1,99.34,n1(-c2ccc3c(c2)cnn3CCN2CCCC2)ccc2c(c1=O)cc(-c1ccc(Cl)cc1)o2,B~arasaa{_ataaa{Z}aat}basaadr_araaasa{addsAADsAAAAs}ar,0.6871690886560767
CHEMBL550410,O=C(NCc1cccc(F)c1)NC1CCN(Cc2ccn(-c3ccc(C(F)(F)F)cc3)c2)CC1,97.32,FC(c1ccc(-n2ccc(CN3CCC(NC(NCc4cccc(F)c4)=O)CC3)c2)cc1)(F)F,B~A{DAaraaaa{G}ar}DArAAD{Aasaad{_ataaa{A{G}{G}G}aat}as}AAr,2.962712628140148
CHEMBL66089,Nc1ncnc2nc(-c3ccc(N4CCOCC4)nc3)cc(-c3cccc(Br)c3)c12,96.57,c1c(-c2cc(-c3cnc(N4CCOCC4)cc3)nc3c2c(N)ncn3)cccc1Br,Dardadasda{_ataaa{DuAABAAu}dat}aa{_ataaaa{Y}at}ars,3.807592655176309
CHEMBL2171039,O=C(NS(=O)(=O)c1ccccc1Cl)N1CCC(N2CCC(Oc3ccc(Cl)c(Cl)c3)CC2)CC1,96.93,O(c1cc(Cl)c(Cl)cc1)C1CCN(C2CCN(C(=O)NS(=O)(=O)c3ccccc3Cl)CC2)CC1,B~A{DE{~B}{~B}araaaaarZ}DrAAA{DsAAA{Bataaa{Z}a{Z}at}AAs}AAr,3.402050242198936
CHEMBL393717,O=C(NCC12CC3CC(CC(C3)C1)C2)c1cc(N2CCNCC2)ccc1Cl,97.32,C12(CNC(=O)c3c(Cl)ccc(N4CCNCC4)c3)CC3CC(CC(C3)C1)C2,B~A{DAArsAAtAA{AA{At}Ar}As}araa{DsAADAAs}aaarZ,2.962712628140148
CHEMBL397983,CCOc1ccc(-n2c([C@@H](C)N(Cc3cccnc3)C(=O)Cc3ccc(OC(F)(F)F)cc3)nc3ncccc3c2=O)cc1,95.23,c1ccc2c(nc([C@@H](C)N(Cc3cnccc3)C(Cc3ccc(OC(F)(F)F)cc3)=O)n(-c3ccc(OCC)cc3)c2=O)n1,AABaraaa{_dsa{{A**Q}{A}D{Aataaadat}A{~B}Aataaa{BA{G}{G}G}aat}datdaaaatas~B}aar,5.3171116368142375
CHEMBL2179665,Cc1cn([C@H]2CCCN(Cc3ccc(C(=O)O)c(Oc4cccc(Cl)c4)c3)C2)c(=O)[nH]c1=O,97.32,c1cc(Cl)cc(Oc2c(C(O)=O)ccc(CN3C[C@@H](n4c(=O)[nH]c(=O)c(C)c4)CCC3)c2)c1,Aarad{{A*Q}sAAAD{Aataaa{A{~B}B}a{Bauaaaa{Z}au}at}As}a{~B}{dQ}ar~B,2.962712628140148
CHEMBL2164748,COc1ccc2ncc(=O)n(CCN3CC[C@@H](NCc4cc5c(cn4)OCCO5)[C@H](O)C3)c2c1,82.05,O=c1cnc2c(cc(OC)cc2)n1CCN1CC[C@@H](NCc2ncc3c(c2)OCCO3)[C@H](O)C1,ABaraaasdaa{~B}d{AADtAA{A**Q}{DAauaava{adu}BAABv}{A*Q}{B}At}asar,20.164469978596376
CHEMBL1916281,Cc1ccc(S(=O)(=O)Nc2c(C(=O)NC(C)C(C)(C)C)c(C)nn2-c2ccccc2)cc1,98.73,c1(C(NC(C)C(C)(C)C)=O)c(NS(=O)(=O)c2ccc(C)cc2)n(-c2ccccc2)nc1C,Aaraaa{E{~B}{~B}Dasa{A{~B}DA{A}A{A}{A}A}a{A}dds_asaaaaas}aar,1.3743381773121535
CHEMBL475865,Cc1ccc(NC(=O)c2ccc(Cl)c(C(F)(F)F)c2)cc1C(=O)Nc1cccnc1,98.81,n1cccc(NC(=O)c2cc(NC(=O)c3ccc(Cl)c(C(F)(F)F)c3)ccc2C)c1,Aaraaa{DA{~B}asaaa{Z}a{A{G}{G}G}as}aarA{~B}Daraaadar,1.284217641094965
CHEMBL2110569,COC(=O)[C@@H]1C2CCC(C[C@@H]1c1ccc(I)cc1)N2CCCF,79.92,c1c([C@H]2CC3N(CCCF)C([C@H]2C(OC)=O)CC3)ccc(I)c1,ABA{~B}{A**Q}rAsAAA{A{A**Q}raraaa{H}aar}DsAAAG,22.563929255379065
CHEMBL2335911,CC(=O)N[C@H](C)c1ccc(Nc2ncc3cc(-c4ccncc4)c(C)cc3n2)cc1,98.09,c1cc(Nc2nc3c(cc(-c4ccncc4)c(C)c3)cn2)ccc1[C@@H](C)NC(=O)C,AA{~B}D{A*Q}{A}araaa{Dasdaataa{_auaadaau}a{A}aatds}aar,2.0953024670496783
CHEMBL1477,COCc1c(C(C)C)nc(C(C)C)c(/C=C/[C@@H](O)C[C@@H](O)CC(=O)O)c1-c1ccc(F)cc1,99.01,O[C@@H](C[C@@H](O)CC(O)=O)/C=C/c1c(-c2ccc(F)cc2)c(COC)c(C(C)C)nc1C(C)C,ABAara{A{A}A}da{A{A}A}a{|A~A|{A**Q}{B}A{A**Q}{B}AA{~B}B}ar_araaa{G}aar,1.0589163005519857
CHEMBL2348651,CNc1nc(C)c(-c2nc(Nc3cccc(N4CCCN(C(C)=O)CC4)c3)ncc2C#N)s1,98.21,c1c(N2CCCN(C(C)=O)CC2)cccc1Nc1nc(-c2sc(NC)nc2C)c(C#N)cn1,ADarda{A}a{_asda{Dataaaa{DuAAAD{A{A}~B}AAu}at}daasA^D}er,1.9601216627239033
CHEMBL1934419,Cc1ccc(S(=O)(=O)Nc2c(C(=O)N[C@@H](C)C(C)(C)C)c(C)nn2C2CCS(=O)(=O)CC2)cc1,79.17,c1(NS(=O)(c2ccc(C)cc2)=O)n(C2CCS(=O)(=O)CC2)nc(C)c1C(=O)N[C@@H](C)C(C)(C)C,Aaraaa{E{~B}{~B}Dasa{A{~B}D{A**Q}{A}A{A}{A}A}a{A}ddsAsAAE{~B}{~B}AAs}aar,23.408809282415227
CHEMBL257991,O=C(Nc1ccccc1-c1cn2c(CN3CCNCC3)csc2n1)c1cnc2ccccc2n1,99.01,c1ccc2nc(C(Nc3ccccc3-c3nc4scc(CN5CCNCC5)n4c3)=O)cnc2c1,B~A{Daraaaaar_aradsa{ADtAADAAt}aeasdr}aradasaaaaasdr,1.0589163005519857
CHEMBL564607,O=C(O)c1ccc(-c2ccc(Cl)c(C(=O)NCC34CC5CC(CC(C5)C3)C4)c2)cc1,99.23,O=C(O)c1ccc(-c2cc(C(NCC34CC5CC(C3)CC(C4)C5)=O)c(Cl)cc2)cc1,B~A{B}araaa{_asaaa{Z}a{A{~B}DAAtuAAvAA{AA{Av}At}Au}as}aar,0.8110848259547131
CHEMBL1921931,C[C@@](C(=O)O[C@H]1C[N+]2(CCOc3ccc(Cl)cc3)CCC1CC2)(c1ccccc1)N1CCCCC1,99.25,c1ccc([C@@](C)(C(=O)O[C@H]2C[N+]3(CCOc4ccc(Cl)cc4)CCC2CC3)N2CCCCC2)cc1,A{A**}{A{~B}B{A*Q}rA{D%}s{AABataaa{Z}aat}AAArAAs}{araaaaar}DrAAAAAr,0.7885546919004199
CHEMBL2071592,CC(C)(C)C(NC(=O)c1ccccc1)C(=O)c1ccc(Cl)cc1,99.4,Clc1ccc(C(C(NC(c2ccccc2)=O)C(C)(C)C)=O)cc1,AA{A}{A}A{DA{~B}araaaaar}A{~B}araaa{Z}aar,0.6195786864931814
CHEMBL480813,COc1cc2c(Nc3cccc(Cl)c3Cl)c(C(N)=O)cnc2cc1NCCN1CCCCC1,99.4,c1(Nc2c3cc(OC)c(NCCN4CCCCC4)cc3ncc2C(=O)N)cccc(Cl)c1Cl,ABaraasa{Dataaaa{Z}atZ}a{A{D}~B}adasaarDAADrAAAAAr,0.6195786864931814
CHEMBL71,CN(C)CCCN1c2ccccc2Sc2ccc(Cl)cc21,98.64,c1cc2c(cc1)Sc1ccc(Cl)cc1N2CCCN(C)C,AD{A}AAADrasaaaaasEasaaa{Z}aasr,1.4757237805564967
CHEMBL1191,Cc1nnc(NS(=O)(=O)c2ccc(N)cc2)s1,93.53,N(c1sc(C)nn1)S(=O)(c1ccc(N)cc1)=O,Aardda{DE{~B}{~B}asaaa{D}aas}er,7.2321730314295385
CHEMBL601882,Cc1onc(-c2ccccc2)c1C(=O)N(C)c1ccc(Cl)cc1,95.82,C(N(C)c1ccc(Cl)cc1)(c1c(-c2ccccc2)noc1C)=O,Aarbda{_asaaaaas}arA{~B}D{A}araaa{Z}aar,4.652472682212469
CHEMBL2062575,CC(=O)Nc1ccc2ccn(-c3cc(NCCCN(C)C)n4ncc(C#N)c4n3)c2c1,89.91,N(CCCN(C)C)c1cc(-n2ccc3ccc(NC(C)=O)cc32)nc2c(C#N)cnn21,AA{~B}Daraaasaad{_ataa{DAAAD{A}A}dudaa{A^D}audt}asar,11.310127295257413
CHEMBL401874,CC(C)Cn1c(=O)n(C)c(=O)c2c(-c3ccncc3)n(Cc3cccc4ccccc34)nc21,98.76,c1(=O)n(CC(C)C)c2nn(Cc3c4ccccc4ccc3)c(-c3ccncc3)c2c(=O)n1C,AA{A}Adra{~B}d{A}a{~B}asa{_ataadaat}d{Aataaaauaaaaatu}dasr,1.340542976230706
CHEMBL1950851,CN[C@@H](C)C(=O)N[C@H](C(=O)N[C@H]1CCCN(CCc2ccc(F)cc2)C1)C(C)(C)C,92.16,C(=O)([C@H](C(C)(C)C)NC(=O)[C@@H](NC)C)N[C@H]1CCCN(CCc2ccc(F)cc2)C1,AD{A**Q}{A}A{~B}D{A*Q}{A{~B}D{A*Q}rAAAD{AAasaaa{G}aas}Ar}A{A}{A}A,8.775487214148932
CHEMBL518760,COc1cc2ncc(C(N)=O)c(Nc3ccc(F)cc3F)c2cc1NCCN1CCCCC1,79.92,C1CCCN(CCNc2c(OC)cc3c(c2)c(Nc2ccc(F)cc2F)c(C(N)=O)cn3)C1,ABaraasdaa{A{D}~B}a{Dataaa{G}aatG}asaarDAADrAAAAAr,22.563929255379065
CHEMBL2057336,Cc1ccc(-c2ccc(N)nn2)cc1NC(=O)c1ccc(OCc2ccccn2)cc1,94.79,C(Oc1ccc(C(Nc2c(C)ccc(-c3nnc(N)cc3)c2)=O)cc1)c1ccccn1,Aaraaa{_asaaa{D}dds}aarDA{~B}araaa{BAasaaaads}aar,5.812774586008782
CHEMBL2062558,N#Cc1cnn2c(N)cc(-c3ccc(F)cc3)nc12,94.56,Fc1ccc(-c2nc3n(ncc3C#N)c(N)c2)cc1,D^Aaraddsa{D}aa{_ataaa{G}aat}dars,6.071871127633209
CHEMBL521809,O=C(c1cccc(Cc2n[nH]c(=O)c3ccccc23)c1)N1CCN(c2ncccn2)CC1,94.56,n1cccnc1N1CCN(C(=O)c2cc(Cc3c4c(cccc4)c(=O)[nH]n3)ccc2)CC1,B~A{araaaa{Aasd{dQ}a{~B}ataaaaast}ar}DrAAD{asdaaads}AAr,6.071871127633209
CHEMBL581893,COc1ccc2c(C)nc(NC(=N)N)nc2c1,78.79,c1(OC)cc2nc(NC(N)=N)nc(C)c2cc1,ABaraaasa{A}da{DA{~D}D}dasar,23.836881829446877
CHEMBL1800656,CCN(CCNCCc1ccc(O)c2[nH]c(=O)sc12)C(=O)CCOCCc1ccccc1,94.56,C(=O)(N(CCNCCc1c2c(c(O)cc1)[nH]c(=O)s2)CC)CCOCCc1ccccc1,AAD{AADAAaraaa{B}as{dQ}a{~B}ears}A{~B}AABAAaraaaaar,6.071871127633209
CHEMBL2059197,CCCNC(=O)c1cc2c(-n3ccc(C(F)(F)F)n3)c(-c3cncc(C(=O)O)c3)cnc2[nH]1,92.32,C(C)CNC(c1cc2c([nH]1)ncc(-c1cncc(C(=O)O)c1)c2-n1ccc(C(F)(F)F)n1)=O,AAADA{~B}araasa{_dtaaa{A{G}{G}G}dt}a{_atadaa{A{~B}B}at}adas{dQ}r,8.595246141714552
CHEMBL1778635,N#Cc1ccc(F)c(-c2cc(C(F)(F)F)ccc2OCC(=O)O)c1,97.07,c1cc(C(F)(F)F)cc(-c2c(F)ccc(C#N)c2)c1OCC(=O)O,D^Aaraaa{G}a{_asaa{A{G}{G}G}aaasBAA{~B}B}ar,3.2443393038188684
CHEMBL1689127,C[C@H]1CN(Cc2cc(Cl)ccc2OCC(=O)O)CCN1C(=O)Cc1ccc(F)cc1,97.13,c1(OCC(=O)O)c(CN2CCN(C(=O)Cc3ccc(F)cc3)[C@@H](C)C2)cc(Cl)cc1,A{A*Q}rAD{Aasaa{Z}aaasBAA{~B}B}AADrA{~B}Aaraaa{G}aar,3.176748901655973
CHEMBL1952329,CN1CCC(CNc2ccc3ncc(-c4cccc(OC(F)(F)F)c4)n3n2)CC1,96.09,c1(-c2cccc(OC(F)(F)F)c2)cnc2ccc(NCC3CCN(C)CC3)nn12,ADrAAA{ADasaaatdaa{_auaaaa{BA{G}{G}G}au}dtds}AAr,4.34831587247944
CHEMBL570899,Cc1cc(Nc2cncc(N[C@@H](C)c3ncc(F)cn3)n2)n[nH]1,91.46,c1ncc(Nc2n[nH]c(C)c2)nc1N[C@H](c1ncc(F)cn1)C,Aaraa{Dasadaa{D{A**Q}{A}atdaa{G}adt}ds}d{dQ}r,9.56404190604935
CHEMBL2164360,CC(Cc1ccccn1)N1C(=O)c2ccccc2C1C(=O)NCc1ccc(OC(F)(F)F)cc1,98.89,O(c1ccc(CNC(C2c3c(cccc3)C(=O)N2C(C)Cc2ncccc2)=O)cc1)C(F)(F)F,AA{Aaraaaadr}DrA{~B}asaaaaasArA{~B}DAaraaa{BA{G}{G}G}aar,1.1940971048777764
CHEMBL1287979,COc1cccc(-c2cc3c(N[C@H]4CCCNC4)ncc(C(N)=O)c3s2)c1,95.63,N([C@@H]1CNCCC1)c1ncc(C(N)=O)c2sc(-c3cccc(OC)c3)cc12,ABaraaaa{_asaata{D{A*Q}uAAADAu}daa{A{D}~B}ates}ar,4.866508955728294
CHEMBL2011942,NC(=O)c1cnc2[nH]c(-c3ccc(OCCN4CCCCC4)cc3)nc2c1NCCCNC(=O)C1CCC1,78.41,C(N1CCCCC1)COc1ccc(-c2[nH]c3ncc(C(N)=O)c(NCCCNC(C4CCC4)=O)c3n2)cc1,DA{~B}aradas{dQ}a{_ataaa{BAADuAAAAAu}aat}dasarDAAADA{~B}ArAAAr,24.264954376478542
CHEMBL2098183,COc1ccc2nc(C)cc(OCC(=O)NCc3ccccc3)c2c1,99.01,c1c(C)nc2c(c1OCC(NCc1ccccc1)=O)cc(OC)cc2,ABaraaasda{A}aa{BAA{~B}DAataaaaat}asar,1.0589163005519857
CHEMBL1515447,CN1CCCN(C(c2ccccc2)c2ccc(Cl)cc2)CC1,93.94,C1N(C(c2ccccc2)c2ccc(Cl)cc2)CCCN(C)C1,ADrAAAD{A{asaaaaas}asaaa{Z}aas}AAr,6.77030528331644
CHEMBL2335905,C[C@@H](NC1=CC(=O)NCC1)c1ccc(Nc2ncc3cc(-c4ccncc4)ccc3n2)cc1,97.13,c1(-c2ccncc2)ccc2c(cnc(Nc3ccc([C@@H](C)NC4=CC(=O)NCC4)cc3)n2)c1,A{A**Q}{DAr~AA{~B}DAAr}araaa{Dasdaataa{_auaadaau}aaatds}aar,3.176748901655973
CHEMBL841,CN(C)C(=O)C(CCN1CCC(O)(c2ccc(Cl)cc2)CC1)(c1ccccc1)c1ccccc1,92.64,c1c(C(c2ccccc2)(C(N(C)C)=O)CCN2CCC(O)(c3ccc(Cl)cc3)CC2)cccc1,AD{A}A{~B}A{AADrAAA{B}{asaaa{Z}aas}AAr}{araaaaar}araaaaar,8.234763996845782
CHEMBL1945033,O=c1[nH]c2c(O)ccc([C@@H](O)CNCCc3cccc(CNCCc4ccccn4)c3)c2s1,82.39,c1cc([C@@H](O)CNCCc2cc(CNCCc3ccccn3)ccc2)c2sc(=O)[nH]c2c1O,B~ar{dQ}asa{B}aaa{{A**Q}{B}ADAAataaaa{ADAAauaaaadu}at}aser,19.781457699673314
CHEMBL2207280,O=C(NC[C@@H](O)CN1CCC(Oc2ccc(Cl)c(Cl)c2)CC1)c1c[nH]c(=O)c2ccc(F)cc12,95.01,c1(F)cc2c(c(=O)[nH]cc2C(NC[C@@H](O)CN2CCC(Oc3ccc(Cl)c(Cl)c3)CC2)=O)cc1,B~A{DA{A**Q}{B}ADrAAA{Basaaa{Z}a{Z}as}AAr}ara{dQ}a{~B}asaaa{G}aars,5.56494311141151
CHEMBL549,CN(C)CCCC1(c2ccc(F)cc2)OCc2cc(C#N)ccc21,59.66,C(N(C)C)CCC1(c2ccc(F)cc2)OCc2cc(C#N)ccc21,AD{A}AAAAr{asaaa{G}aas}BAasaa{A^D}aaasr,45.38695505238256
CHEMBL398748,COc1ccc2c(C)cc(N[C@H]3CC[C@H](NCc4cn(C)c5ccc(C#N)cc45)C3)nc2c1,98.61,[C@H]1(Nc2cc(C)c3ccc(OC)cc3n2)CC[C@H](NCc2c3cc(C#N)ccc3n(C)c2)C1,ABaraaasa{A}aa{D{A*Q}tAA{A*Q}{DAauad{A}avaaa{A^D}aauv}At}dasar,1.5095189816379444
CHEMBL2151320,Cc1cc(-n2cnc3ccc(N[C@@H](C)c4ncc(F)cn4)nc32)n[nH]1,61.31,n1c(-n2c3c(ccc(N[C@H](c4ncc(F)cn4)C)n3)nc2)cc(C)[nH]1,Aaraa{_dsadataaa{D{A**Q}{A}audaa{G}adu}dats}d{dQ}r,43.528218992903
CHEMBL1921942,C[C@@](C(=O)O[C@H]1C[N+]2(CC(=O)Nc3ccccc3)CCC1CC2)(c1ccccc1)N1CCCCC1,98.58,C([C@](c1ccccc1)(N1CCCCC1)C)(O[C@H]1C[N+]2(CC(=O)Nc3ccccc3)CCC1CC2)=O,A{A**}{A{~B}B{A*Q}rA{D%}s{AA{~B}Dataaaaat}AAArAAs}{araaaaar}DrAAAAAr,1.5433141827193921
CHEMBL1097062,CC(C)NC(=O)c1nn(-c2ccc(Cl)cc2)c(=O)c2c(N)scc12,99.01,c1(N)scc2c(C(=O)NC(C)C)nn(-c3ccc(Cl)cc3)c(=O)c12,AA{A}DA{~B}ardd{_asaaa{Z}aas}a{~B}asa{D}eaars,1.0589163005519857
CHEMBL115,CC(C)(C)NC(=O)[C@@H]1CN(Cc2cccnc2)CCN1C[C@@H](O)C[C@@H](Cc1ccccc1)C(=O)N[C@H]1c2ccccc2C[C@H]1O,62.94,C([C@H](C[C@@H](Cc1ccccc1)C(N[C@H]1c2ccccc2C[C@H]1O)=O)O)N1CCN(Cc2cnccc2)C[C@H]1C(=O)NC(C)(C)C,AA{A}{A}DA{~B}{A**Q}rAD{Aasaaadas}AADrA{A**Q}{B}A{A**Q}{Aaraaaaar}A{~B}D{A*Q}rasaaaaasA{A*Q}rB,41.69201306747775
CHEMBL1263,OCc1cc(C(O)CNCCCCCCOCCCCc2ccccc2)ccc1O,93.39,c1(CCCCOCCCCCCNCC(O)c2ccc(O)c(CO)c2)ccccc1,BAaraa{A{B}ADAAAAAABAAAAasaaaaas}aaarB,7.389883969809622
CHEMBL2177113,NC1=NC(c2cccc(-c3cncnc3)c2)(c2ccnc(C3CC3)c2)c2cccc(F)c21,98.51,c1(F)cccc2c1C(N)=NC2(c1cccc(-c2cncnc2)c1)c1ccnc(C2CC2)c1,DAr~DA{asaaaa{_atadadat}as}{asaada{AtAAt}as}asaaaa{G}asr,1.6221696519094262
CHEMBL387125,CON(C)C(=O)c1c(Cn2c(C)nc(Cl)c2Cl)sc2c1c(=O)n(C)c(=O)n2CC(C)C,64.01,Cc1nc(Cl)c(Cl)n1Cc1sc2n(CC(C)C)c(=O)n(C)c(=O)c2c1C(=O)N(OC)C,ABD{A}A{~B}ara{Adsa{A}da{Z}asZ}easara{~B}d{A}a{~B}dsAA{A}A,40.48665089557282
CHEMBL2335504,CC(=O)N[C@@H](C)c1ccc(Nc2ncc3cc(-c4ccncc4)ccc3n2)cc1,98.51,c1(Nc2ccc([C@H](C)NC(C)=O)cc2)ncc2c(ccc(-c3ccncc3)c2)n1,AA{~B}D{A**Q}{A}araaa{Dasdaataa{_auaadaau}aaatds}aar,1.6221696519094262
CHEMBL189963,CC(=O)c1c(C)c2cnc(Nc3ccc(N4CCNCC4)cn3)nc2n(C2CCCC2)c1=O,77.21,c1(N2CCNCC2)ccc(Nc2ncc3c(n(C4CCCC4)c(=O)c(C(C)=O)c3C)n2)nc1,AA{~B}ara{A}asada{Dataaa{DuAADAAu}adt}dasd{AsAAAAs}ar~B,25.616762419736403
CHEMBL2313309,Cc1csc(N)c1C(N)=O,67.63,c1(C)c(C(N)=O)c(N)sc1,Aaraea{D}arA{D}~B,36.40869663174497
CHEMBL13976,Cc1[nH]c(/C=C2\C(=O)Nc3ccc(F)cc32)c(C)c1C(=O)NCCN(C)C,82.72,CN(CCNC(=O)c1c(C)c(/C=C2\C(=O)Nc3ccc(F)cc32)[nH]c1C)C,Aar{dQ}a{|A~As!A{~B}Dataaa{G}aats}a{A}arA{~B}DAAD{A}A,19.409710487777406
CHEMBL178835,CC(C)[C@H](NC(=O)C[C@H](NC(=O)/C=C/c1ccccc1)c1ccccc1)C(=O)[C@@H]1C(=O)NC(=O)[C@H]1C,98.4,C(\c1ccccc1)=C/C(=O)N[C@@H](CC(=O)N[C@@H](C(C)C)C([C@@H]1C(=O)NC(=O)[C@H]1C)=O)c1ccccc1,AA{A}{A*Q}{DA{~B}A{A*Q}{DA{~B}|A~A|araaaaar}araaaaar}A{~B}{A**Q}rA{~B}DA{~B}{A*Q}rA,1.7460853892080623
CHEMBL1778621,CS(=O)(=O)c1ccc(-c2cc(C(F)(F)F)ccc2OCC(=O)O)cc1,93.24,C(F)(F)(F)c1cc(-c2ccc(S(=O)(=O)C)cc2)c(OCC(=O)O)cc1,AE{~B}{~B}araaa{_asaa{A{G}{G}G}aaasBAA{~B}B}aar,7.558859975216861
CHEMBL578194,C[C@H](Nc1nc(Nc2cc(C3CC3)[nH]n2)cnc1C#N)c1ccc(F)cn1,95.12,C(c1ncc(Nc2cc(C3CC3)[nH]n2)nc1N[C@@H](C)c1ccc(F)cn1)#N,A{A*Q}{Darda{Dasaa{AtAAt}{dQ}ds}adarA^D}araaa{G}adr,5.441027374112873
CHEMBL1080151,Cc1cnc(Nc2nc(N[C@@H](C)c3ncc(F)cn3)nc(N3CCOCC3)c2F)s1,93.1,s1c(C)cnc1Nc1nc(N[C@H](c2ncc(F)cn2)C)nc(N2CCOCC2)c1F,Aarada{Dasda{D{A**Q}{A}atdaa{G}adt}da{DtAABAAt}asG}er,7.716570913596946
CHEMBL481423,COc1cc2ncc(C(N)=O)c(Nc3ccc(Cl)c(Cl)c3)c2cc1N1CCN(C)CC1,96.42,c1(Cl)ccc(Nc2c(C(N)=O)cnc3c2cc(N2CCN(C)CC2)c(OC)c3)cc1Cl,ABaraasdaa{A{D}~B}a{Dataaa{Z}a{Z}at}asaarDrAAD{A}AAr,3.9765686605835313
CHEMBL2071614,CC(C)(O)c1ccc(Nc2nc3ccc(C#N)cc3[nH]2)cc1,92.8,n1c2ccc(C#N)cc2[nH]c1Nc1ccc(C(O)(C)C)cc1,AA{A}{B}araaa{Dasdataaa{A^D}aat{dQ}s}aar,8.054522924411406
CHEMBL2059869,Cc1ccc(-c2cn(C)c(C)n2)cc1NC(=O)c1ccc(OCc2ccccn2)cc1,94.44,n1ccccc1COc1ccc(C(=O)Nc2cc(-c3cn(C)c(C)n3)ccc2C)cc1,Aaraaa{_asad{A}a{A}ds}aarDA{~B}araaa{BAasaaaads}aar,6.207051931959
CHEMBL2335900,C[C@@H](NC(=O)[C@H]1CCCNC1)c1ccc(Nc2ncc3cc(-c4ccncc4)ccc3n2)cc1,94.56,C1[C@H](C(=O)N[C@@H](c2ccc(Nc3nc4c(cn3)cc(-c3ccncc3)cc4)cc2)C)CNCC1,A{A**Q}{DA{~B}{A*Q}rAAADAr}araaa{Dasdaataa{_auaadaau}aaatds}aar,6.071871127633209
CHEMBL1924046,CC(C)=CCC[N+]12CCC(CC1)[C@@H](OC(=O)[C@](C)(c1ccccc1)N1CCCCC1)C2,91.46,c1c([C@](C(=O)O[C@H]2C[N+]3(CCC=C(C)C)CCC2CC3)(C)N2CCCCC2)cccc1,AA{A}~AAA{D%}rsAAA{AAr}{A**Q}{BA{~B}{A*}{A}{araaaaar}DrAAAAAr}As,9.56404190604935
CHEMBL1740000,O=C(CN1CCCC1)N1c2ccccc2Sc2ccc(C(F)(F)F)cc21,97.71,C1CCN(CC(=O)N2c3ccccc3Sc3ccc(C(F)(F)F)cc32)C1,B~A{ADrAAAAr}DrasaaaaasEasaaa{A{G}{G}G}aasr,2.523375014081344
CHEMBL148674,CCc1c(C(=O)C(N)=O)c2c(OCC(=O)O)cccc2n1Cc1ccccc1,87.62,O=C(C(c1c(CC)n(Cc2ccccc2)c2c1c(OCC(O)=O)ccc2)=O)N,AAara{A{~B}A{D}~B}asa{BAA{~B}B}aaaasdrAaraaaaar,13.889827644474481
CHEMBL1689120,C[C@@H]1CN(Cc2cc(Cl)ccc2OCC(=O)O)CCN1S(=O)(=O)c1ccccc1,99.49,S(c1ccccc1)(=O)(=O)N1CCN(Cc2c(OCC(O)=O)ccc(Cl)c2)C[C@H]1C,A{A**Q}rAD{Aasaa{Z}aaasBAA{~B}B}AADrE{~B}{~B}araaaaar,0.5181930832488543
CHEMBL563498,N#Cc1c(O)nc(N)nc1-c1ccccc1,96.34,c1cccc(-c2c(C#N)c(O)nc(N)n2)c1,D^Aara{B}da{D}dar_araaaaar,4.06668919680072
CHEMBL223402,O=C(Nc1ccccc1F)N[C@H]1N=C(c2ccccc2)c2ccccc2NC1=O,96.34,c1ccccc1C1=N[C@H](NC(Nc2c(F)cccc2)=O)C(=O)Nc2c1cccc2,B~A{DaraaaaarG}D{A*Q}rD~A{asaaaaas}asaaaaasDAr~B,4.06668919680072
CHEMBL1472189,COc1ccc(CC(=O)Nc2nc3ccccc3[nH]2)cc1,96.26,n1c(NC(=O)Cc2ccc(OC)cc2)[nH]c2ccccc12,ABaraaa{AA{~B}Dasdataaaaat{dQ}s}aar,4.156809733017909
CHEMBL168899,O=C1Nc2ccccc2B(O)N1c1ccccc1,82.05,c1cc(N2C(=O)Nc3ccccc3B2O)ccc1,B~ArDasaaaaasJ{B}Draraaaaar,20.164469978596376
CHEMBL1922048,C[C@@](C(=O)O[C@H]1C[N+]2(CC(=O)Nc3ccncn3)CCC1CC2)(c1ccccc1)N1CCCCC1,87.11,C([C@@](C)(N1CCCCC1)c1ccccc1)(=O)O[C@H]1C[N+]2(CC(Nc3ccncn3)=O)CCC1CC2,A{A**}{A{~B}B{A*Q}rA{D%}s{AA{~B}Dataadadt}AAArAAs}{araaaaar}DrAAAAAr,14.464346062859077
CHEMBL2011918,CNc1c(Br)cnc2[nH]c(-c3ccc(OCCN4CCN(C)CC4)cc3)nc12,96.17,C1CN(CCOc2ccc(-c3[nH]c4ncc(Br)c(NC)c4n3)cc2)CCN1C,ADara{Y}adas{dQ}a{_ataaa{BAADuAAD{A}AAu}aat}dars,4.2581953362622516
CHEMBL2147222,COc1ncc(-c2cccc(F)c2CCNC(=O)c2ccc(OCCC(F)(F)F)nc2)cn1,99.5,n1cc(-c2c(CCNC(c3ccc(OCCC(F)(F)F)nc3)=O)c(F)ccc2)cnc1OC,ABardaa{_asaaaa{G}asAADA{~B}asaaa{BAAA{G}{G}G}das}adr,0.5069280162216997
CHEMBL1481866,NC(=O)c1ccc(Oc2cccc3cccnc23)c([N+](=O)[O-])c1,96.17,c1c([N+]([O-])=O)c(Oc2cccc3cccnc32)ccc1C(=O)N,DA{~B}araaa{Basaaaataaadast}a{{D%}{~B}{B_}}ar,4.2581953362622516
CHEMBL2059870,Cc1ccc(-c2c(C)nn(C)c2C)cc1NC(=O)c1ccc(OCc2ccccn2)cc1,98.21,c1(C)nn(C)c(C)c1-c1ccc(C)c(NC(c2ccc(OCc3ccccn3)cc2)=O)c1,Aaraaa{_asa{A}dd{A}asA}aarDA{~B}araaa{BAasaaaads}aar,1.9601216627239033
CHEMBL193,COC(=O)C1=C(C)NC(C)=C(C(=O)OC)C1c1ccccc1[N+](=O)[O-],96.17,c1ccc([N+]([O-])=O)c(C2C(C(OC)=O)=C(C)NC(C)=C2C(=O)OC)c1,ABA{~B}Ar~A{A}DA{A}~A{A{~B}BA}Araraaaaar{D%}{~B}{B_},4.2581953362622516
CHEMBL2147226,COc1ncc(-c2cccc(C#N)c2CCNC(=O)c2ccc(OCCC(F)(F)F)nc2)cn1,88.11,C(F)(F)(F)CCOc1ccc(C(=O)NCCc2c(-c3cnc(OC)nc3)cccc2C#N)cn1,ABardaa{_asaaaa{A^D}asAADA{~B}asaaa{BAAA{G}{G}G}das}adr,13.337839360144196
CHEMBL510780,c1ccc2c(c1)CCC[C@H]2Nc1nc2ccccc2[nH]1,99.3,c1cc2c(cc1)CCC[C@H]2Nc1nc2ccccc2[nH]1,araaasa{ar}AAA{A*Q}sDardasaaaaas{dQ}r,0.732229356764679
CHEMBL1698351,Cc1cnc(NC(=O)C2C(=O)c3ccccc3S(=O)(=O)N2C)s1,99.57,Cc1cnc(NC(=O)C2N(C)S(=O)(=O)c3c(cccc3)C2=O)s1,Aarada{DA{~B}AsA{~B}ataaaaatE{~B}{~B}DsA}er,0.4280725470316657
CHEMBL472363,O=C(COc1cccc(Cl)c1)NC1CCN(Cc2ccn(-c3ccc(C(F)(F)F)cc3)c2)CC1,99.28,c1c(OCC(NC2CCN(Cc3ccn(-c4ccc(C(F)(F)F)cc4)c3)CC2)=O)cccc1Cl,B~A{ABaraaaa{Z}ar}DArAAD{Aasaad{_ataaa{A{G}{G}G}aat}as}AAr,0.7547594908189722
CHEMBL1487253,O=C(CCS(=O)(=O)c1ccc(Br)cc1)NCc1cccs1,91.46,O=C(CCS(=O)(c1ccc(Br)cc1)=O)NCc1cccs1,B~A{AAE{~B}{~B}araaa{Y}aar}DAaraaaer,9.56404190604935
CHEMBL1017,CCCc1nc2c(C)cc(-c3nc4ccccc4n3C)cc2n1Cc1ccc(-c2ccccc2C(=O)O)cc1,99.23,c1c(C(=O)O)c(-c2ccc(Cn3c4c(nc3CCC)c(C)cc(-c3nc5ccccc5n3C)c4)cc2)ccc1,AAAardasa{A}aa{_atdauaaaaaudtA}aasdrAaraaa{_asaaaaasA{~B}B}aar,0.8110848259547131
CHEMBL1797410,Cc1onc(-c2c(Cl)cccc2Cl)c1CC(=O)NCc1ccc(OCC(F)(F)F)nc1,99.1,Clc1c(-c2noc(C)c2CC(=O)NCc2cnc(OCC(F)(F)F)cc2)c(Cl)ccc1,Aarbda{_asa{Z}aaaasZ}arAA{~B}DAaraaa{BAA{G}{G}G}dar,0.9575306973076585
CHEMBL569185,COc1ccc(CCN2C(=O)N(NS(C)(=O)=O)C[C@H]2c2ccc(OC)cc2)cc1,93.67,c1(OC)ccc(CCN2[C@H](c3ccc(OC)cc3)CN(NS(=O)(=O)C)C2=O)cc1,ABaraaa{AADsA{~B}D{DE{A}{~B}~B}A{A*Q}sasaaa{BA}aas}aar,7.074462093049454
CHEMBL2171038,Cc1ccccc1S(=O)(=O)NC(=O)N1CCC(N2CCC(Oc3ccc(Cl)c(Cl)c3)CC2)CC1,89.49,c1(OC2CCN(C3CCN(C(NS(=O)(=O)c4ccccc4C)=O)CC3)CC2)cc(Cl)c(Cl)cc1,AaraaaaarE{~B}{~B}DA{~B}DrAAA{DsAAA{Bataaa{Z}a{Z}at}AAs}AAr,11.783260110397666
CHEMBL1800659,CCCCN(CCNCCc1ccc(O)c2[nH]c(=O)sc12)C(=O)CCOCCc1ccccc1,94.68,C(c1c2c([nH]c(=O)s2)c(O)cc1)CNCCN(CCCC)C(=O)CCOCCc1ccccc1,AAAAD{AADAAaraaa{B}as{dQ}a{~B}ears}A{~B}AABAAaraaaaar,5.936690323307418
