mol_id,smiles,value,smiles_random,smiles_blind,value_blind
COCCN,COCCN,-1262.44,C(CN)OC,ABAAD,47.98558574690004
C=C1CN2CC1C2,C=C1CN2CC1C2,-1916.81,C12C(=C)CN(C1)C2,A~ArADsAArAs,84.60148171359505
CNCC(=O)OC,CNCC(=O)OC,-1544.03,O(C)C(CNC)=O,ADAA{~B}BA,63.742222122744984
C#CC(C)C(C)C,C#CC(C)C(C)C,-1890.91,CC(C)C(C#C)C,A^AA{A}A{A}A,83.15222257039261
CCC(O)CC#N,CCC(O)CC#N,-1604.09,C(C(CC#N)O)C,AAA{B}AA^D,67.10293656833342
ON=C1CCCN1,ON=C1CCCN1,-1615.57,N(=C1CCCN1)O,BD~ArAAADr,67.7453108912664
CC1NC1CCN,CC1NC1CCN,-1531.87,N1C(CCN)C1C,AArDArAAD,63.06179775280898
CC1CC1NC=N,CC1CC1NC=N,-1659.62,N=CNC1CC1C,AArAArDA~D,70.21017055374008
CC1=NN=C(C)C1,CC1=NN=C(C)C1,-1509.69,N1=C(C)CC(C)=N1,AAr~DD~A{A}Ar,61.82069474909352
CC1NN=CC1O,CC1NN=CC1O,-1461.29,N1=CC(O)C(C)N1,AArDD~AArB,59.11242669770356
CC1C=CC(=O)O1,CC1C=CC(=O)O1,-1419.65,C1=CC(C)OC1=O,AArA~AA{~B}Br,56.782420878284626
NC1CC1C1CO1,NC1CC1C1CO1,-1565.74,C1(C2CO2)C(N)C1,DArAArArABr,64.95702582926721
COC(=O)C1CC1,COC(=O)C1CC1,-1536.16,O(C(=O)C1CC1)C,ABA{~B}ArAAr,63.301848784636746
C#CCN(C)[N][CH2],C#CCN(C)[N][CH2],-1458.11,N(CC#C)([N][CH2])C,A^AAD{A}{D}{AQs},58.934486772013074
CCC=CCOC,CCC=CCOC,-1840.09,COCC=CCC,AAA~AABA,80.30854111643315
CNC1CCC1O,CNC1CCC1O,-1709.99,C1C(NC)C(O)C1,ADArAAArB,73.0286718295358
OCC1C=NOC1,OCC1C=NOC1,-1568.62,O1N=CC(CO)C1,BAArA~DBAr,65.11817896951518
CCC(O)[CH][N]O,CCC(O)[CH][N]O,-1505.83,C(C)C([CH][N]O)O,AAA{B}{AQ}{D}B,61.60470477640001
CC1CN1CCN,CC1CN1CCN,-1767.64,C1C(C)N1CCN,AArADrAAD,76.2545324320695
C#CC1CCNC1,C#CC1CCNC1,-1909.79,C1NCC(C#C)C1,A^AArAADAr,84.20867093424057
CCCC(C)=NN,CCCC(C)=NN,-1784.25,N(N)=C(C)CCC,AAAA{A}~DD,77.1839607860692
CNC(=O)C1CC1,CNC(=O)C1CC1,-1609.38,CNC(C1CC1)=O,ADA{~B}ArAAr,67.39894355163615
C#CC(CC)CO,C#CC(CC)CO,-1692.83,C(C(CO)CC)#C,A^AA{AA}AB,72.06846770222481
CCC(CO)=NN,CCC(CO)=NN,-1583.0,C(=NN)(CO)CC,AAA{AB}~DD,65.92282555172568
C=CC1CC1,C=CC1CC1,-1306.46,C1C(C=C)C1,A~AArAAr,50.4487667308295
C=C(CC)OC,C=C(CC)OC,-1550.87,C(C(=C)OC)C,A~A{AA}BA,64.12496083083396
C#CCC(=C)C=O,C#CCC(=C)C=O,-1421.59,C#CCC(C=O)=C,A^AAA{~A}A~B,56.890975424146106
C1NC2CC1C2,C1NC2CC1C2,-1481.17,N1CC2CC1C2,ArDAsAArAs,60.22483101302655
C1=COC2(CC2)O1,C1=COC2(CC2)O1,-1364.97,C1C2(C1)OC=CO2,Ar~ABAs{AAs}Br,53.72274945163168
C=CCOC=C,C=CCOC=C,-1403.46,C(OCC=C)=C,A~AABA~A,55.876494023904385
ON=C1C=CCN1,ON=C1C=CCN1,-1524.08,C1C=CC(=NO)N1,BD~ArA~AADr,62.62590089081874
C#CC(O)C(=C)C,C#CC(O)C(=C)C,-1547.65,C(C(C#C)O)(=C)C,A^AA{B}A{~A}A,63.944782667084475
NCC1(N)CCC1,NCC1(N)CCC1,-1788.61,C1CCC1(CN)N,DAAr{D}AAAr,77.42792873450021
CN1N=CC2CC21,CN1N=CC2CC21,-1505.19,C12C(N(C)N=C1)C2,ADrD~AAsAAsr,61.56889296745602
CC1CCC2NC12,CC1CCC2NC12,-1739.46,C12C(C)CCC1N2,AArAAAsDArs,74.677693719504
C=CCCC=C,C=CCCC=C,-1606.19,C(CC=C)C=C,A~AAAA~A,67.22044406643091
C#CC#CCCC,C#CC#CCCC,-1588.99,C(C#CC#C)CC,A^AA^AAAA,66.25800170106093
C=CN1C=NCC1,C=CN1C=NCC1,-1531.07,C=CN1CCN=C1,A~ADrA~DAAr,63.017032991628994
Cc1occc1O,Cc1occc1O,-1405.15,c1(O)ccoc1C,AarbaaarB,55.971059581897144
NC1CC2CC1N2,NC1CC2CC1N2,-1641.44,N1C2CC(N)C1C2,DArAAsAArDs,69.19289135592462
CC=CC1CNC1,CC=CC1CNC1,-1614.22,C1(C=CC)CNC1,AA~AArADAr,67.66977035677516
CC#CC1CCO1,CC#CC1CCO1,-1546.75,C(C)#CC1CCO1,AA^AArAABr,63.894422310756966
Cn1cccc1,Cn1cccc1,-1379.4,c1cn(C)cc1,Adraaaar,54.53019383141592
C#CC=C(C)C#C,C#CC=C(C)C#C,-1455.46,C(C#C)=C(C#C)C,A^AA~A{A}A^A,58.78620350060433
CCC(C#N)=CN,CCC(C#N)=CN,-1542.16,C(C(=CN)CC)#N,AAA{A^D}~AD,63.63758449348674
CCC(C)N(C)C,CCC(C)N(C)C,-2049.73,C(CC)(C)N(C)C,AAA{A}D{A}A,92.03914678365192
CC=CC=COC,CC=CC=COC,-1708.19,O(C=CC=CC)C,AA~AA~ABA,72.92795111688079
CC#CC(C)=CC,CC#CC(C)=CC,-1759.05,C(=C(C#CC)C)C,AA^AA{A}~AA,75.77387080889923
C=C1CCNC1C,C=C1CCNC1C,-1938.48,N1CCC(=C)C1C,A~ArAADArA,85.81404718205829
CCC(CC)OC,CCC(CC)OC,-1983.72,O(C(CC)CC)C,AAA{AA}BA,88.34549442678724
CCC[CH][N]O,CCC[CH][N]O,-1409.78,C([CH][N]O)CC,AAA{AQ}{D}B,56.230135637226375
CCOC=CC=O,CCOC=CC=O,-1524.16,C(C)OC=CC=O,AABA~AA~B,62.630377366936756
CCN(C)C,CCN(C)C,-1459.29,N(C)(C)CC,AAD{A}A,59.00051479475356
C=CC1(N)CCC1,C=CC1(N)CCC1,-1767.04,C1C(C=C)(N)CC1,A~AAr{D}AAAr,76.22095886118449
CC1=CCC=CO1,CC1=CCC=CO1,-1590.23,C1=COC(C)=CC1,AAr~AAA~ABr,66.32738708088992
CCNC=O,CCNC=O,-1159.28,C(=O)NCC,AADA~B,42.21316979273916
CCNCC(=O)O,CCNCC(=O)O,-1555.53,CCNCC(O)=O,AADAA{~B}B,64.38571556470747
NC1COCC1O,NC1COCC1O,-1533.0,C1(N)COCC1O,DArABAArB,63.12502797797573
C=CCCN,C=CCCN,-1325.85,C(CN)C=C,A~AAAD,51.533752629929715
O=C1C2CCC1C2,O=C1C2CCC1C2,-1581.02,C1CC2CC1C2=O,B~ArAsAAArAs,65.81203276780518
C=CC(=O)CC=O,C=CC(=O)CC=O,-1390.9,C(CC(=O)C=C)=O,A~AA{~B}AA~B,55.173687273378405
OC1CC=NNC1,OC1CC=NNC1,-1284.54,N1=CCC(O)CN1,BArAA~DDAr,49.222212274497515
C=C(C)C=C(C)C,C=C(C)C=C(C)C,-1909.99,C=C(C=C(C)C)C,A~A{A}A~A{A}A,84.21986212453557
C1=COCON=C1,C1=COCON=C1,-1230.57,O1CON=CC=C1,Ar~ABABD~Ar,46.20226957339183
O=CCCN1CC1,O=CCCN1CC1,-1438.29,N1(CCC=O)CC1,B~AAADrAAr,57.82543981377859
CCC(C#N)C=O,CCC(C#N)C=O,-1466.92,C(C(CC)C#N)=O,AAA{A^D}A~B,59.42745870450781
C=C(C#N)C=CC,C=C(C#N)C=CC,-1645.08,C(=C)(C=CC)C#N,A~A{A^D}A~AA,69.3965710192936
CC(C)C#CC=O,CC(C)C#CC=O,-1564.2,CC(C#CC=O)C,AA{A}A^AA~B,64.87085366399572
CC(C)(C)C(N)=O,CC(C)(C)C(N)=O,-1759.32,C(N)(=O)C(C)(C)C,AA{A}{A}A{D}~B,75.78897891579749
C=C1CC=CC1=O,C=C1CC=CC1=O,-1464.9,C=C1C(=O)C=CC1,A~ArAA~AAr~B,59.31442768252832
CC=CC(N)CC,CC=CC(N)CC,-1920.55,C(CC)(C=CC)N,AA~AA{D}AA,84.81075697211156
C=C(CCC)OC,C=C(CCC)OC,-1847.05,C(C(OC)=C)CC,A~A{AAA}BA,80.69799453869913
N=C1CCCCN1,N=C1CCCCN1,-1685.95,C1CCNC(=N)C1,D~ArAAAADr,71.68349075607684
O=C1CC=COC1,O=C1CC=COC1,-1397.03,C1=CCC(=O)CO1,B~ArAA~ABAr,55.51669725592014
C=CC(=O)C(N)=O,C=CC(=O)C(N)=O,-1416.11,C(C(C=C)=O)(=O)N,A~AA{~B}A{D}~B,56.584336810063114
COCC1CC1,COCC1CC1,-1540.48,O(CC1CC1)C,ABAArAAr,63.543578495008724
C=C1CC2CC2C1,C=C1CC2CC2C1,-1910.29,C1C2CC(=C)CC12,A~ArAAsAAsAr,84.23664890997807
CCC(=N)NC,CCC(=N)NC,-1509.69,N(C)C(=N)CC,AAA{~D}DA,61.82069474909352
CC#CCC(C)O,CC#CCC(C)O,-1701.38,CC#CCC(O)C,AA^AAA{A}B,72.54689108733605
NC1C2C=COC12,NC1C2C=COC12,-1442.99,C12C(N)C1C=CO2,DArAsA~ABArs,58.0884327857111
CCC=C(C)CO,CCC=C(C)CO,-1851.45,C(C)C=C(C)CO,AAA~A{A}AB,80.94420072518915
COCC(C)(C)C,COCC(C)(C)C,-1984.45,O(C)CC(C)(C)C,ABAA{A}{A}A,88.386342271364
CC1(C)NCC1O,CC1(C)NCC1O,-1718.05,C1NC(C)(C)C1O,AAr{A}DAArB,73.47967679842428
C=C1C=CCC1=C,C=C1C=CCC1=C,-1659.96,C1C(=C)C(=C)C=C1,A~ArA~AAAr~A,70.2291955772416
CCC1(O)CC1,CCC1(O)CC1,-1552.41,OC1(CC)CC1,AAAr{B}AAr,64.21113299610548
C=C1C=CC=C1C,C=C1C=CC=C1C,-2062.1,C1=C(C)C(=C)C=C1,A~ArA~AA~ArA,92.73132190339763
N#CCC=CCO,N#CCC=CCO,-1453.25,OCC=CCC#N,D^AAA~AAB,58.662540847844575
O=C1CNCCN1,O=C1CNCCN1,-1910.33,C1NC(=O)CNC1,B~ArADAADr,84.23888714803705
CC#CCC(C)=O,CC#CCC(C)=O,-1573.22,C(#CC)CC(C)=O,AA^AAA{A}~B,65.3755763463002
CC1=CN[C]([NH])S1,CC1=CN[C]([NH])S1,-1249.79,[C]1([NH])NC=C(C)S1,AAr~AD{A}{{DQ}}Er,47.27774296074131
CC1CC2CN2C1,CC1CC2CN2C1,-1781.28,C1(C)CN2C(C1)C2,AArAAsADsAr,77.01777161018846
C#CC#CC1CN1,C#CC#CC1CN1,-1775.15,C(C1CN1)#CC#C,A^AA^AArADr,76.67476162764672
C1OCC1C1CO1,C1OCC1C1CO1,-1488.77,C1(C2COC2)OC1,ArBAArArABr,60.65009624423653
CC(=O)NN(C)C,CC(=O)NN(C)C,-1601.52,N(C(=O)C)N(C)C,AA{~B}DD{A}A,66.95912977304266
CC1(N)CC(N)C1,CC1(N)CC(N)C1,-1679.81,NC1CC(C)(N)C1,AAr{D}AA{D}Ar,71.33992121402032
C#CC(=O)CC#N,C#CC(=O)CC#N,-1298.51,C#CC(CC#N)=O,A^AA{~B}AA^D,50.00391691660325
[NH][C]1CCCN1O,[NH][C]1CCCN1O,-1257.1,C1C[C]([NH])N(O)C1,{DQ}{A}rAAADrB,47.68678096602354
C=CCC(O)C=C,C=CCC(O)C=C,-1704.48,C(C=C)(O)CC=C,A~AAA{B}A~A,72.72035453690854
C#CC=CC(C)N,C#CC=CC(C)N,-1622.39,NC(C)C=CC#C,A^AA~AA{A}D,68.12693048032591
CC(C#N)CC#N,CC(C#N)CC#N,-1407.43,CC(CC#N)C#N,AA{A^D}AA^D,56.09863915126013
O=CCC1COC1,O=CCC1COC1,-1511.16,C(C=O)C1COC1,B~AAArABAr,61.90294999776177
CC(C)=NNC=O,CC(C)=NNC=O,-1476.44,C(NN=C(C)C)=O,AA{A}~DDA~B,59.9601593625498
CCNC1COC1,CCNC1COC1,-1703.79,O1CC(NCC)C1,AADArABAr,72.68174493039079
CC=C(C)CO,CC=C(C)CO,-1555.85,CC=C(CO)C,AA~A{A}AB,64.40362146917946
CC(N)CC(C)O,CC(N)CC(C)O,-1870.48,OC(CC(C)N)C,AA{D}AA{A}B,82.00904248175837
NCC1OC=CO1,NCC1OC=CO1,-1384.73,C1=COC(CN)O1,DAArBA~ABr,54.828439052777654
CC(=O)NCC=O,CC(=O)NCC=O,-1426.35,C(=O)CNC(C)=O,AA{~B}DAA~B,57.1573257531671
C=CC=C(C)CC,C=CC=C(C)CC,-1911.31,C(=C(CC)C)C=C,A~AA~A{A}AA,84.29372398048255
C#CC(O)[CH][N]N,C#CC(O)[CH][N]N,-1935.64,[CH](C(C#C)O)[N]N,A^AA{B}{AQ}{D}D,85.6551322798693
O=CC1CC1CO,O=CC1CC1CO,-1518.24,OCC1CC1C=O,B~AArAArAB,62.29911813420477
CC1CNC1C#N,CC1CNC1C#N,-1639.37,C1(C#N)NCC1C,AArADArA^D,69.07706253637136
O=C1NC=CCN1,O=C1NC=CCN1,-1435.95,N1CC=CNC1=O,B~ArDA~AADr,57.69450288732711
NC(=O)C1CC1,NC(=O)C1CC1,-1315.91,C1(C(=O)N)CC1,DA{~B}ArAAr,50.97755047226824
C=CCNCC#N,C=CCNCC#N,-1520.29,N(CC=C)CC#N,A~AADAA^D,62.4138278347285
CC1(C)OC=NO1,CC1(C)OC=NO1,-1384.49,N1=COC(C)(C)O1,AAr{A}BA~DBr,54.81500962442366
CC(O)C[CH][N]O,CC(O)C[CH][N]O,-1508.17,O[N][CH]CC(C)O,AA{B}A{AQ}{D}B,61.73564170285152
C=CC(N)C(C)N,C=CC(N)C(C)N,-1788.97,C(N)(C(N)C=C)C,A~AA{D}A{A}D,77.44807287703121
Cn1sccc1=O,Cn1sccc1=O,-1318.6,Cn1c(=O)ccs1,Adreaaar~B,51.12807198173597
C=C1C=CC=CO1,C=C1C=CC=CO1,-1452.95,C1(=C)C=CC=CO1,A~ArA~AA~ABr,58.64575406240209
C=CC(N)C(C)C,C=CC(N)C(C)C,-1917.23,CC(C)C(N)C=C,A~AA{D}A{A}A,84.62498321321456
C=C1C=CC(O)C1,C=C1C=CC(O)C1,-1587.87,OC1C=CC(=C)C1,A~ArA~AA{B}Ar,66.19533103540891
CC1C(=O)CN1C,CC1C(=O)CN1C,-1582.17,CN1C(C)C(=O)C1,AArA{~B}ADrA,65.87638211200144
CC1(C)CCCC1,CC1(C)CCCC1,-2065.25,C1C(C)(C)CCC1,AAr{A}AAAAr,92.9075831505439
CNC(C)C=O,CNC(C)C=O,-1430.54,C(C(C)NC)=O,ADA{A}A~B,57.39178118984735
CC1=NOCC=C1,CC1=NOCC=C1,-1431.8,N1=C(C)C=CCO1,AAr~DBAA~Ar,57.462285688705855
CCC(C)C(C)N,CCC(C)C(C)N,-2062.0,CC(C(C)N)CC,AAA{A}A{A}D,92.72572630825015
C[CH][N]N1CC1,C[CH][N]N1CC1,-1329.86,N1([N][CH]C)CC1,A{AQ}{D}DrAAr,51.75813599534446
CCCC(=O)C=O,CCCC(=O)C=O,-1532.25,C(C(C=O)=O)CC,AAAA{~B}A~B,63.083061014369484
CC=C(C)CC#N,CC=C(C)CC#N,-1781.46,C(C)=C(CC#N)C,AA~A{A}AA^D,77.02784368145396
C#CC1CCOC1,C#CC1CCOC1,-1559.03,C1COCC1C#C,A^AArAABAr,64.58156139486996
C=C(C)C(=C)CO,C=C(C)C(=C)CO,-1706.13,CC(=C)C(CO)=C,A~A{A}A{~A}AB,72.8126818568423
C[C]1O[N]N=C1C,C[C]1O[N]N=C1C,-1327.39,[N]1N=C(C)[C](C)O1,A{A}rB{D}D~ArA,51.61992479520123
OC1C2C=CCC12,OC1C2C=CCC12,-1574.49,C1=CC2C(O)C2C1,BArAsA~AAArs,65.44664040467346
CC=CCOC=O,CC=CCOC=O,-1533.23,O(CC=CC)C=O,AA~AABA~B,63.13789784681498
O=CN1CC=CC1,O=CN1CC=CC1,-1219.26,C(=O)N1CC=CC1,B~ADrAA~AAr,45.56940776220959
COC1CC1(C)O,COC1CC1(C)O,-1637.22,C1(O)(C)C(OC)C1,ABArAAr{A}B,68.95675724070013
CC1CC(C)C1C,CC1CC(C)C1C,-2047.12,C1(C)CC(C)C1C,AArAA{A}ArA,91.89310175030215
ON=C1CCCO1,ON=C1CCCO1,-1448.92,O1C(=NO)CCC1,BD~ArAAABr,58.420251577957835
CN1CCOC=N1,CN1CCOC=N1,-1455.56,O1CCN(C)N=C1,ADrAABA~Dr,58.79179909575182
CC(C)(C)N,CC(C)(C)N,-1474.9,C(C)(N)(C)C,AA{A}{A}D,59.8739871972783
c1scc2c1CN2,c1scc2c1CN2,-1142.8,C1c2c(csc2)N1,areaasarADs,41.291015712431175
CC=CN(C)C=O,CC=CN(C)C=O,-1608.06,CC=CN(C=O)C,AA~AD{A}A~B,67.32508169568915
O=CC#CC1CN1,O=CC#CC1CN1,-1408.72,C(C#CC1CN1)=O,B~AA^AArADr,56.17082232866288
CC#CCCC#N,CC#CCCC#N,-1921.19,C(#CC)CCC#N,AA^AAAA^D,84.84656878105555
NC1(C2CC2)CC1,NC1(C2CC2)CC1,-1767.71,C1C(C2CC2)(N)C1,DAr{AsAAs}AAr,76.25844934867273
C=C(CCN)OC,C=C(CCN)OC,-1717.43,C(CN)C(=C)OC,A~A{AAD}BA,73.4449841085098
CC1C=NOC1=O,CC1C=NOC1=O,-1264.07,C1=NOC(=O)C1C,AArA~DBAr~B,48.07679394780429
C=CC(=C)C1CC1,C=CC(=C)C1CC1,-1761.47,C1C(C(=C)C=C)C1,A~AA{~A}ArAAr,75.90928421146873
NCC1(CN)CO1,NCC1(CN)CO1,-1585.18,C(N)C1(CN)CO1,DAAr{AD}ABr,66.04480952594119
CC(C)=CC(C)C,CC(C)=CC(C)C,-2052.19,CC(C=C(C)C)C,AA{A}~AA{A}A,92.1767984242804
C1CC2CCN2C1,C1CC2CCN2C1,-1763.23,C12CCN1CCC2,ArAAsAADsAr,76.00776668606474
CC(=O)C1CN1C,CC(=O)C1CN1C,-1581.83,C1C(C(C)=O)N1C,AA{~B}ArADrA,65.85735708849992
C=CCC(C)=O,C=CCC(C)=O,-1427.01,C(CC=C)(=O)C,A~AAA{A}~B,57.19425668114061
CC(=O)CCO,CC(=O)CCO,-1375.59,O=C(CCO)C,AA{~B}AAB,54.317001656296156
C=CCC[CH][N]O,C=CCC[CH][N]O,-1524.76,[N](O)[CH]CCC=C,A~AAA{AQ}{D}B,62.66395093782176
[NH][C](C=O)N1CC1,[NH][C](C=O)N1CC1,-1487.85,[NH][C](N1CC1)C=O,{DQ}{A}{A~B}DrAAr,60.59861676887953
C1OC2CC1C2,C1OC2CC1C2,-1404.56,C12COC(C1)C2,ArBAsAArAs,55.93804557052688
CN1CCCC1,CN1CCCC1,-1631.67,C1N(C)CCC1,ADrAAAAr,68.64620171001388
O=CC1CCN1,O=CC1CCN1,-1284.67,C1CC(C=O)N1,B~AArAADr,49.22948654818928
C[CH]C=C[N]OC,C[CH]C=C[N]OC,-1559.34,[N](C=C[CH]C)OC,A{AQ}A~A{D}BA,64.59890773982721
CC(C)=CC1CO1,CC(C)=CC1CO1,-1698.66,C1C(C=C(C)C)O1,AA{A}~AArABr,72.39469089932406
NC1CC2OC2C1,NC1CC2OC2C1,-1587.8,NC1CC2C(O2)C1,DArAAsBAsAr,66.19141411880568
CC(O)C#CC#N,CC(O)C#CC#N,-1292.58,C(#N)C#CC(O)C,AA{B}A^AA^D,49.67209812435651
CC#CC(C)(C)N,CC#CC(C)(C)N,-1770.27,C(C#CC)(C)(C)N,AA^AA{A}{A}D,76.40169658444873
CC1CCC2CC12,CC1CCC2CC12,-1915.48,C1(C)CCC2CC12,AArAAAsAArs,84.52706029813332
C#CCONC=O,C#CCONC=O,-1395.1,N(C=O)OCC#C,A^AABDA~B,55.40870226957339
COC1C(N)C1O,COC1C(N)C1O,-1504.16,O(C)C1C(O)C1N,ABArA{D}ArB,61.51125833743678
C1=NOCC2CC12,C1=NOCC2CC12,-1425.35,N1=CC2CC2CO1,Ar~DBAAsAArs,57.1013698016921
C=CCOC=CC,C=CCOC=CC,-1700.88,O(C=CC)CC=C,A~AABA~AA,72.51891311159855
C1CC1N1CC1,C1CC1N1CC1,-1462.74,C1(N2CC2)CC1,ArAArDrAAr,59.193562827342326
CC1(C)CC1(C)C,CC1(C)CC1(C)C,-2046.51,C1C(C)(C)C1(C)C,AAr{A}AAr{A}A,91.85896861990241
CC(C)CC1CC1,CC(C)CC1CC1,-2044.96,C(C)(C)CC1CC1,AA{A}AArAAr,91.77223689511617
CCC1(C)CC1,CCC1(C)CC1,-1750.74,C(C1(C)CC1)C,AAAr{A}AAr,75.30887685214199
C=C(C#CC)C=O,C=C(C#CC)C=O,-1427.61,C(C(=C)C=O)#CC,A~A{A^AA}A~B,57.2278302520256
CCC(=NO)OC,CCC(=NO)OC,-1503.28,ON=C(CC)OC,AAA{~DB}BA,61.46201710013878
NC(=O)C1CCN1,NC(=O)C1CCN1,-1474.37,O=C(N)C1NCC1,DA{~B}ArAADr,59.84433054299654
C#CC=CCC#C,C#CC=CCC#C,-1449.2,C#CCC=CC#C,A^AA~AAA^A,58.435919244370844
CN1CC=CC1,CN1CC=CC1,-1486.28,C1=CCN(C)C1,ADrAA~AAr,60.5107659250638
CC1=CCON=C1,CC1=CCON=C1,-1430.41,N1=CC(C)=CCO1,AAr~AABD~Ar,57.384506916155615
C=C(C)C[CH][N]N,C=C(C)C[CH][N]N,-1638.51,[CH]([N]N)CC(C)=C,A~A{A}A{AQ}{D}D,69.02894041810288
O=Cc1ccoc1,O=Cc1ccoc1,-1272.84,o1ccc(C=O)c1,B~Aaraabar,48.56752764224002
C=CC1CC=NN1,C=CC1CC=NN1,-1498.52,N1C(C=C)CC=N1,A~AArAA~DDr,61.19566677111777
C=CC1CCCC1,C=CC1CCCC1,-1919.85,C1(C=C)CCCC1,A~AArAAAAr,84.77158780607904
Nc1ccc(N)o1,Nc1ccc(N)o1,-1350.59,c1cc(N)oc1N,Daraaa{D}br,52.91810286942118
OC1COC2CC12,OC1COC2CC12,-1511.28,OC1C2CC2OC1,BArABAsAArs,61.909664711938774
CC1CC(C)(C)C1,CC1CC(C)(C)C1,-2048.44,C1(C)(C)CC(C)C1,AArAA{A}{A}Ar,91.96696360624917
C=C(C)C1CN1,C=C(C)C1CN1,-1472.82,C=C(C)C1NC1,A~A{A}ArADr,59.75759881821031
C=CCC(=C)CN,C=CCC(=C)CN,-1774.48,C(CC(CN)=C)=C,A~AAA{~A}AD,76.63727114015848
C#CCC=CC=C,C#CCC=CC=C,-1608.07,C=CC=CCC#C,A^AAA~AA~A,67.3256412552039
CCc1cnon1,CCc1cnon1,-1311.5,c1c(CC)non1,AAaradbdr,50.73078472626349
OC1CC1N1CC1,OC1CC1N1CC1,-1790.94,C1CN1C1CC1O,BArAArDrAAr,77.55830610143695
CNC(C)(C)C=O,CNC(C)(C)C=O,-1726.13,C(C(C)(NC)C)=O,ADA{A}{A}A~B,73.93180088634227
C=CC(C)(N)C=C,C=CC(C)(N)C=C,-1773.82,C(C)(C=C)(C=C)N,A~AA{A}{D}A~A,76.60034021218497
CNCC1(C)CC1,CNCC1(C)CC1,-1911.2,C(C1(C)CC1)NC,ADAAr{A}AAr,84.28756882582033
CC1OCC1O,CC1OCC1O,-1351.42,OC1C(C)OC1,AArBAArB,52.964546309145454
CNC(=S)N1CC1,CNC(=S)N1CC1,-1110.11,C1CN1C(NC)=S,ADA{~E}DrAAr,39.461815658713455
CN1CC(CO)C1,CN1CC(CO)C1,-1707.22,N1(C)CC(CO)C1,ADrAA{AB}Ar,72.87367384395006
Cc1c[nH]c(=O)s1,Cc1c[nH]c(=O)s1,-1460.73,c1(C)c[nH]c(=O)s1,Aara{dQ}a{~B}er,59.081091364877565
NC1C2CCC1C2,NC1C2CCC1C2,-1785.36,C12CC(CC1)C2N,DArAsAAArAs,77.24607189220646
Cc1cccn1C,Cc1cccn1C,-1456.53,c1n(C)c(C)cc1,AaraaadrA,58.84607636868258
O=Cc1ccco1,O=Cc1ccco1,-1273.67,c1c(C=O)occ1,B~Aaraaabr,48.61397108196429
CC1C=CCN1C,CC1C=CCN1C,-1152.05,C1=CC(C)N(C)C1,AArA~AADrA,41.80860826357492
C=CC(C#N)=NO,C=CC(C#N)=NO,-1176.23,C(C(C=C)=NO)#N,A~AA{A^D}~DB,43.16162317024039
C=CCOC(C)=O,C=CCOC(C)=O,-1536.06,O=C(C)OCC=C,A~AABA{A}~B,63.29625318948923
CCCC=O,CCCC=O,-1270.08,C(CC)C=O,AAAA~B,48.413089216169034
C[CH][N]N1CCC1,C[CH][N]N1CCC1,-1620.97,C1CN([N][CH]C)C1,A{AQ}{D}DrAAAr,68.0474730292314
C1NC1CC1CO1,C1NC1CC1CO1,-1561.34,C1OC1CC1CN1,ArDArAArABr,64.71081964277721
CCC(C)[CH][N]O,CCC(C)[CH][N]O,-1706.0,C(C([CH][N]O)C)C,AAA{A}{AQ}{D}B,72.80540758315054
CCC1(CC)CC1,CCC1(CC)CC1,-2045.81,C1C(CC)(CC)C1,AAAr{AA}AAr,91.8197994538699
C1=NOCCNC1,C1=NOCCNC1,-1426.12,C1ON=CCNC1,Ar~DBAADAr,57.144455884327854
C1=COC=CC1,C1=COC=CC1,-1289.46,O1C=CCC=C1,Ar~ABA~AAr,49.49751555575451
C=CC(C#N)CC,C=CC(C#N)CC,-1655.38,C(C)C(C=C)C#N,A~AA{A^D}AA,69.9729173194861
C#CC1=COCO1,C#CC1=COCO1,-1214.63,O1COC=C1C#C,A^AAr~ABABr,45.310331706880355
OC1C2COC1C2,OC1C2COC1C2,-1500.15,C1C2COC1C2O,BArAsABArAs,61.28687497202203
Cc1ccc(N)o1,Cc1ccc(N)o1,-1480.15,c1cc(N)oc1C,Aaraaa{D}br,60.16775594252205
CC#CC1CNC1,CC#CC1CNC1,-1621.72,N1CC(C#CC)C1,AA^AArADAr,68.08943999283765
CCC(O)C(C)O,CCC(O)C(C)O,-1798.07,OC(C(O)C)CC,AAA{B}A{A}B,77.9572720354537
CNCCC(C)=O,CNCCC(C)=O,-1733.0,C(CC(C)=O)NC,ADAAA{A}~B,74.31621827297552
C=CC(=O)NC=N,C=CC(=O)NC=N,-1350.11,C(C(NC=N)=O)=C,A~AA{~B}DA~D,52.89124401271319
CC=CC1CN1C,CC=CC1CN1C,-1762.37,C1N(C)C1C=CC,AA~AArADrA,75.95964456779622
C=CC(C)C(C)N,C=CC(C)C(C)N,-1917.92,C=CC(C)C(N)C,A~AA{A}A{A}D,84.66359281973232
Nc1ccccc1,Nc1ccccc1,-1561.96,c1c(N)cccc1,Daraaaaar,64.7455123326917
CC1CCCC1O,CC1CCCC1O,-1866.95,OC1CCCC1C,AArAAAArB,81.81151797305164
CC(O)C=CC=O,CC(O)C=CC=O,-1524.4,OC(C=CC=O)C,AA{B}A~AA~B,62.64380679529075
O=CNC1CCC1,O=CNC1CCC1,-1554.85,C1(NC=O)CCC1,B~ADArAAAr,64.34766551770446
[CH2][N]OC1CNC1,[CH2][N]OC1CNC1,-1412.44,N1CC(O[N][CH2])C1,{AQs}{D}BArADAr,56.378978468149874
C#CCNC(N)=O,C#CCNC(N)=O,-1423.43,C(C#C)NC(N)=O,A^AADA{D}~B,56.99393437486011
C#CC(C)NC,C#CC(C)NC,-1458.86,CC(NC)C#C,A^AA{A}DA,58.97645373561932
CC=CC(C)C=O,CC=CC(C)C=O,-1719.99,C(C=CC)(C=O)C,AA~AA{A}A~B,73.58823134428579
CC1=CC2CC1O2,CC1=CC2CC1O2,-1547.7,C1(C)=CC2OC1C2,AAr~AAsAArBs,63.94758046465823
CNCC1CC1O,CNCC1CC1O,-1706.47,OC1C(CNC)C1,ADAArAArB,72.8317068803438
C=C1OCC2OC12,C=C1OCC2OC12,-1367.72,C1C2C(C(=C)O1)O2,A~ArBAAsBArs,53.876628318187926
CN1CC1CC=O,CN1CC1CC=O,-1577.09,C(=O)CC1N(C)C1,ADrAArAA~B,65.59212587850844
CC1(C#N)COC1,CC1(C#N)COC1,-1450.81,C(C1(C)COC1)#N,AAr{A^D}ABAr,58.526008326245574
CC(C)OC(N)=O,CC(C)OC(N)=O,-1573.35,C(=O)(OC(C)C)N,AA{A}BA{D}~B,65.38285061999194
CC12CC1CCO2,CC12CC1CCO2,-1713.77,O1CCC2C1(C)C2,AArsAArAABs,73.24018532611129
O=C1CCNCC1,O=C1CCNCC1,-1239.22,C1NCCC(=O)C1,B~ArAADAAr,46.68628855365057
C1=CC2OCC2C1,C1=CC2OCC2C1,-1577.22,C1C2C(O1)C=CC2,Ar~AAsBAAsAr,65.5994001522002
OCC=CCO,OCC=CCO,-1353.04,C(CO)=CCO,BAA~AAB,53.05519495053494
CC1=COCC1C,CC1=COCC1C,-1722.95,C1(C)C(C)=COC1,AAr~ABAArA,73.75386096065179
CC1=NOC(C)O1,CC1=NOC(C)O1,-1386.37,C1(C)=NOC(C)O1,AAr~DBA{A}Br,54.92020681319665
CC(=O)CC(C)O,CC(=O)CC(C)O,-1673.87,C(O)(CC(=O)C)C,AA{~B}AA{A}B,71.00754286225882
COc1cccs1,COc1cccs1,-1239.84,COc1sccc1,ABaraaaer,46.72098124356506
OC12CCOC1C2,OC12CCOC1C2,-1511.66,C12OCCC1(O)C2,BArsAABArAs,61.93092797349927
C=CC(C)NC,C=CC(C)NC,-1616.19,C(C)(C=C)NC,A~AA{A}DA,67.78000358118089
CC1(O)CC(O)C1,CC1(O)CC(O)C1,-1651.44,OC1CC(C)(O)C1,AAr{B}AA{B}Ar,69.75245087067461
CNC(C)CCN,CNC(C)CCN,-1927.05,C(NC)(C)CCN,ADA{A}AAD,85.17447065669906
CC1CC(C#N)N1,CC1CC(C#N)N1,-1005.85,N#CC1NC(C)C1,AArAA{A^D}Dr,33.62784815793008
C#CCC1CNC1,C#CCC1CNC1,-1908.02,C1NCC1CC#C,A^AAArADAr,84.10962890012982
[CH2][N]OC(C)(C)C,[CH2][N]OC(C)(C)C,-1698.22,C(C)(C)(O[N][CH2])C,{AQs}{D}BA{A}{A}A,72.37007028067507
CC1CON=CN1,CC1CON=CN1,-1449.28,C1=NOCC(C)N1,AArABD~ADr,58.440395720488844
NCC1(CN)CC1,NCC1(CN)CC1,-1786.22,C(N)C1(CN)CC1,DAAr{AD}AAr,77.29419401047495
CNCCOC,CNCCOC,-1552.49,COCCNC,ADAABA,64.21560947222348
OC1C=CCC=C1,OC1C=CCC=C1,-1589.42,C1=CC(O)C=CC1,BArA~AAA~Ar,66.28206276019517
C#CC(C)N(C)C,C#CC(C)N(C)C,-1747.68,C(#C)C(C)N(C)C,A^AA{A}D{A}A,75.13765164062852
CC(C)CC#N,CC(C)CC#N,-1507.23,CC(CC#N)C,AA{A}AA^D,61.683043108465014
CCCCCC#N,CCCCCC#N,-1802.11,C(CCCC#N)C,AAAAAA^D,78.18333407941269
CCS(=O)(=O)NC,CCS(=O)(=O)NC,-1240.32,CNS(=O)(CC)=O,AAE{~B}{~B}DA,46.747840100273066
C#CCC(=O)CO,C#CCC(=O)CO,-1367.41,OCC(CC#C)=O,A^AAA{~B}AB,53.859281973230686
CC(C)C1(C)CO1,CC(C)C1(C)CO1,-1845.4,C1(C(C)C)(C)OC1,AA{A}Ar{A}ABr,80.60566721876539
CNCCOC=O,CNCCOC=O,-1539.97,C(COC=O)NC,ADAABA~B,63.51504095975649
COCS(C)(=O)=O,COCS(C)(=O)=O,-1796.01,O=S(C)(COC)=O,ABAE{A}{~B}~B,77.8420027754152
N#CC1C=COC1,N#CC1C=COC1,-1327.89,C1=CC(C#N)CO1,D^AArA~ABAr,51.64790277093873
C=CC(N)=CC#N,C=CC(N)=CC#N,-1402.03,NC(C=C)=CC#N,A~AA{D}~AA^D,55.79647701329514
CC(C)C#N,CC(C)C#N,-1210.47,C(#N)C(C)C,AA{A}A^D,45.07755494874435
COCC=CCN,COCC=CCN,-1710.52,C(COC)=CCN,ABAA~AAD,73.05832848381753
C#CC(C=C)CN,C#CC(C=C)CN,-1615.75,C(CN)(C#C)C=C,A^AA{A~A}AD,67.7553829625319
C#CC#CCCO,C#CC#CCCO,-1388.68,C(CO)C#CC#C,A^AA^AAAB,55.0494650611039
CC=CC#CCO,CC=CC#CCO,-1554.0,C(=CC#CCO)C,AA~AA^AAB,64.3001029589507
NCCOC1CC1,NCCOC1CC1,-1719.74,C1(OCCN)CC1,DAABArAAr,73.57424235641703
CC(C)(N)C1CO1,CC(C)(N)C1CO1,-1712.18,NC(C)(C)C1OC1,AA{A}{D}ArABr,73.15121536326605
C=COC=CCO,C=COC=CCO,-1503.0,OCC=COC=C,A~ABA~AAB,61.446349433725764
CCC(C)(C)OC,CCC(C)(C)OC,-1984.34,CCC(C)(OC)C,AAA{A}{A}BA,88.38018711670173
CCC(CN)CO,CCC(CN)CO,-1865.59,C(C(CN)CC)O,AAA{AD}AB,81.73541787904563
C=CC(C)C1CO1,C=CC(C)C1CO1,-1695.59,C=CC(C)C1OC1,A~AA{A}ArABr,72.2229061282958
CC(C)=C(C)C=O,CC(C)=C(C)C=O,-1725.26,CC(C=O)=C(C)C,AA{A}~A{A}A~B,73.88311920855902
CC(=O)C1NC1C,CC(=O)C1NC1C,-1589.94,O=C(C)C1NC1C,AA{~B}ArDArA,66.31115985496218
CCC=CCO,CCC=CCO,-1554.08,C(C=CCO)C,AAA~AAB,64.3045794350687
CC(N)C1CC1N,CC(N)C1CC1N,-1788.4,CC(C1CC1N)N,AA{D}ArAArD,77.41617798469045
CC1OC1C1CC1,CC1OC1C1CC1,-1696.59,C1(C2C(C)O2)CC1,AArBArArAAr,72.2788620797708
CS(=O)(=O)C1CN1,CS(=O)(=O)C1CN1,-1298.78,C1(S(=O)(=O)C)CN1,AE{~B}{~B}ArADr,50.019025023501506
C=C(C#N)CCC,C=C(C#N)CCC,-1658.95,C(#N)C(CCC)=C,A~A{A^D}AAA,70.17268006625186
C1=CC2CN2C1,C1=CC2CN2C1,-1343.76,N12CC1C=CC2,Ar~AAsADsAr,52.53592372084695
CCN1CC=CC1,CCN1CC=CC1,-1785.38,C1=CCN(CC)C1,AADrAA~AAr,77.24719101123596
CC#CCNC=N,CC#CCNC=N,-1506.88,N=CNCC#CC,AA^AADA~D,61.66345852544877
CNC(C)CO,CNC(C)CO,-1562.62,C(C(C)NC)O,ADA{A}AB,64.78244326066519
O=C1C2C=CC1N2,O=C1C2C=CC1N2,-1322.1,C1=CC2C(=O)C1N2,B~ArAsA~AArDs,51.32391781189847
CC(C)NC(N)=S,CC(C)NC(N)=S,-1563.53,S=C(N)NC(C)C,AA{A}DA{D}~E,64.83336317650746
O=C1CCN=CN1,O=C1CCN=CN1,-1284.48,C1=NCCC(=O)N1,B~ArAAD~ADr,49.21885491740902
CC1(C)CNC1,CC1(C)CNC1,-1614.97,C1C(C)(C)CN1,AAr{A}ADAr,67.7117373203814
C=CC(=O)C=O,C=CC(=O)C=O,-1091.7,C(C=O)(=O)C=C,A~AA{~B}A~B,38.43166659205873
C=CC1NC1CO,C=CC1NC1CO,-1189.09,C(=C)C1NC1CO,A~AArDArAB,43.88121670620887
CC1=CC=CC1,CC1=CC=CC1,-1493.29,C1C(C)=CC=C1,AAr~AA~AAr,60.90301714490353
CC1CC2CC2C1,CC1CC2CC2C1,-1916.97,C1(C)CC2CC2C1,AArAAsAAsAr,84.61043466583106
CC1NC2CC1C2,CC1NC2CC1C2,-1762.81,C1C2CC1C(C)N2,AArDAsAArAs,75.98426518644521
CCC1C(C)N1C,CCC1C(C)N1C,-1651.87,N1(C)C(CC)C1C,AAArA{A}DrA,69.77651192980885
CC1C2N=CNC12,CC1C2N=CNC12,-1527.77,C12C(C)C1NC=N2,AArAsD~ADArs,62.83237835176149
CC1C(O)CN1C,CC1C(O)CN1C,-1710.06,OC1CN(C)C1C,AArA{B}ADrA,73.03258874613904
CC=C(C=O)C=O,CC=C(C=O)C=O,-1392.18,O=CC(=CC)C=O,AA~A{A~B}A~B,55.2453108912664
CC=CN(O)C=N,CC=CN(O)C=N,-1434.72,ON(C=CC)C=N,AA~AD{B}A~D,57.62567706701286
C#CC=CC#C,C#CC=CC#C,-1155.35,C(=CC#C)C#C,A^AA~AA^A,41.99326290344241
CCO[N][CH]CO,CCO[N][CH]CO,-1498.91,[CH](CO)[N]OCC,AAB{D}{AQ}AB,61.21748959219304
CC=CC,CC=CC,-1160.57,C(C)=CC,AA~AA,42.28535297014191
CNCC(C)CN,CNCC(C)CN,-1926.0,CC(CNC)CN,ADAA{A}AD,85.11571690765031
COCCC(C)C,COCCC(C)C,-1983.22,CC(C)CCOC,ABAAA{A}A,88.31751645104974
C=CCN(C)C=N,C=CCN(C)C=N,-1652.54,C=CCN(C=N)C,A~AAD{A}A~D,69.8140024172971
C=CC=C(C)CN,C=CC=C(C)CN,-1781.3,C(CN)(C)=CC=C,A~AA~A{A}AD,77.01889072921796
C#CC(C#C)CN,C#CC(C#C)CN,-1455.13,C(C(C#C)C#C)N,A^AA{A^A}AD,58.76773803661758
CCC=CC(C)N,CCC=CC(C)N,-1657.63,CCC=CC(N)C,AAA~AA{A}D,70.09881821030486
CNn1cccc1,CNn1cccc1,-1525.31,c1n(NC)ccc1,ADdraaaar,62.694726711132994
CC1CC1N,CC1CC1N,-1324.08,C1(N)CC1C,AArAArD,51.43471059581898
C=C1C=COC1C,C=C1C=COC1C,-1587.54,CC1C(=C)C=CO1,A~ArA~ABArA,66.17686557142217
CC1CC(N)C1C,CC1CC(N)C1C,-1446.98,CC1C(C)C(N)C1,AArAA{D}ArA,58.311697032096326
CC1(O)C=COC1,CC1(O)C=COC1,-1526.93,C1(C)(O)C=COC1,AAr{B}A~ABAr,62.78537535252251
CC(C)C,CC(C)C,-1305.32,C(C)(C)C,AA{A}A,50.384976946147994
Cc1csc(O)c1,Cc1csc(O)c1,-1269.84,Cc1cc(O)sc1,Aaraea{B}ar,48.399659787815025
C#CCC(C)(C)N,C#CCC(C)(C)N,-1763.56,C(CC#C)(C)(C)N,A^AAA{A}{A}D,76.02623215005147
CC1(N)C=NOC1,CC1(N)C=NOC1,-1446.43,C1(C)(N)C=NOC1,AAr{D}A~DBAr,58.2809212587851
CCOC1(C)CC1,CCOC1(C)CC1,-1840.7,C1C(C)(OCC)C1,AABAr{A}AAr,80.34267424683291
CC1CCC=NO1,CC1CCC=NO1,-1571.34,N1=CCCC(C)O1,AArAAA~DBr,65.2703791575272
O=S1(=O)CCC1,O=S1(=O)CCC1,-1123.86,C1CS(=O)(=O)C1,B~Er{~B}AAAr,40.23120999149469
CNCS(C)(=O)=O,CNCS(C)(=O)=O,-1282.03,S(CNC)(=O)(C)=O,ADAE{A}{~B}~B,49.08176283629527
CC1C(C)C1(C)C,CC1C(C)C1(C)C,-2046.14,CC1C(C)(C)C1C,AArA{A}Ar{A}A,91.83826491785669
C#CCOCC,C#CCOCC,-1385.93,C(COCC)#C,A^AABAA,54.895586194547654
C=CC(C)(O)CO,C=CC(C)(O)CO,-1652.69,C=CC(O)(C)CO,A~AA{A}{B}AB,69.82239581001836
CC(C)CC(C)N,CC(C)CC(C)N,-1768.35,CC(C)CC(N)C,AA{A}AA{A}D,76.29426115761672
CCC(=O)[CH][N]O,CCC(=O)[CH][N]O,-1381.73,[N](O)[CH]C(CC)=O,AAA{~B}{AQ}{D}B,54.66057119835266
CC(N)C=CCN,CC(N)C=CCN,-1791.17,C(C(C)N)=CCN,AA{D}A~AAD,77.5711759702762
CCCNCC#N,CCCNCC#N,-1665.73,C(CC)NCC#N,AAADAA^D,70.55206141725233
C#CC[CH][N][N][CH2],C#CC[CH][N][N][CH2],-1340.23,C([CH][N][N][CH2])C#C,A^AA{AQ}{D}{D}{AQs},52.3383992121402
C1=NN=CCOC1,C1=NN=CCOC1,-1300.46,O1CC=NN=CC1,Ar~DD~AABAr,50.1130310219795
C1=CCCC=CC1,C1=CCCC=CC1,-1546.91,C1C=CCC=CC1,Ar~AAAA~AAr,63.90337526299298
CC1C=COC1C,CC1C=COC1C,-1724.9,CC1C(C)C=CO1,AArA~ABArA,73.86297506602803
CC(C)C=CCN,CC(C)C=CCN,-1791.61,C(C)(C=CCN)C,AA{A}A~AAD,77.5957965889252
NCC1CNC1,NCC1CNC1,-1482.03,C1(CN)CNC1,DAArADAr,60.272953131295054
C=CC=CCN,C=CC=CCN,-1484.52,NCC=CC=C,A~AA~AAD,60.41228345046779
CCN(C)[CH][N]O,CCN(C)[CH][N]O,-1572.45,CCN([CH][N]O)C,AAD{A}{AQ}{D}B,65.33249026366445
CC1OC=CC1N,CC1OC=CC1N,-1597.15,C1(N)C=COC1C,AArBA~AArD,66.71460226509691
CNC(=O)N(C)C,CNC(=O)N(C)C,-1624.5,N(C(NC)=O)(C)C,ADA{~B}D{A}A,68.24499753793813
C#CC(N)C#CC,C#CC(N)C#CC,-1462.48,C(N)(C#CC)C#C,A^AA{D}A^AA,59.179014279958814
O=C1CCC=NN1,O=C1CCC=NN1,-1256.58,N1C(=O)CCC=N1,B~ArAAA~DDr,47.65768387125655
OC1CC2CC1C2,OC1CC2CC1C2,-1713.9,OC1C2CC(C1)C2,BArAAsAArAs,73.24745959980304
CC(C=O)CO,CC(C=O)CO,-1364.51,OCC(C=O)C,AA{A~B}AB,53.69700971395318
CNC(C)C1CO1,CNC(C)C1CO1,-1706.56,O1C(C(NC)C)C1,ADA{A}ArABr,72.83674291597654
C=CC=COC=C,C=CC=COC=C,-1564.26,C(=CC=C)OC=C,A~AA~ABA~A,64.87421102108422
CCN[N][CH]CO,CCN[N][CH]CO,-1580.8,[CH](CO)[N]NCC,AAD{D}{AQ}AB,65.79972245848069
C=C1OCC2NC12,C=C1OCC2NC12,-1439.59,O1CC2NC2C1=C,A~ArBAAsDArs,57.8981825506961
C#CC=O,C#CC=O,-667.28,O=CC#C,A^AA~B,14.682841667039705
C=CC1CN1CC,C=CC1CN1CC,-1762.39,C(N1C(C=C)C1)C,A~AArADrAA,75.96076368682576
O=Cn1cccc1,O=Cn1cccc1,-1478.95,c1cn(C=O)cc1,B~Adraaaar,60.10060880075206
O=C1C2CNC1C2,O=C1C2CNC1C2,-1792.38,C1NC2C(=O)C1C2,B~ArAsADArAs,77.63888267156095
CC(C)(C)CC#N,CC(C)(C)CC#N,-1918.61,C(CC(C)(C)C)#N,AA{A}{A}AA^D,84.70220242625007
C=C(CO)CNC,C=C(CO)CNC,-1716.5,N(C)CC(=C)CO,A~A{AB}ADA,73.39294507363803
CC(O)C(C)O,CC(O)C(C)O,-1504.27,C(C)(O)C(O)C,AA{B}A{A}B,61.51741349209902
C[CH]C=C[N]NC,C[CH]C=C[N]NC,-1640.49,N(C)[N]C=C[CH]C,A{AQ}A~A{D}DA,69.13973320202338
CCC(=N)NOC,CCC(=N)NOC,-1569.66,C(NOC)(CC)=N,AAA{~D}DBA,65.1763731590492
CC1C=NN2CC12,CC1C=NN2CC12,-1515.17,N1=CC(C)C2N1C2,AArA~DDsAArs,62.12733336317651
CC1CNC(=O)O1,CC1CNC(=O)O1,-1440.03,C1(=O)NCC(C)O1,AArADA{~B}Br,57.9228031693451
O=CC1CCCN1,O=CC1CCCN1,-1482.21,N1CCCC1C=O,B~AArAAADr,60.283025202560545
O=CCNCCO,O=CCNCCO,-1786.91,C(CNCCO)=O,B~AADAAB,77.33280361699272
CC(C)=O,CC(C)=O,-980.82,CC(=O)C,AA{A}~B,32.227270692510864
CC1(N2CC2)CC1,CC1(N2CC2)CC1,-1755.67,C1(N2CC2)(C)CC1,AAr{DsAAs}AAr,75.58473969291374
NCC1(N)COC1,NCC1(N)COC1,-1584.42,C1OCC1(CN)N,DAAr{D}ABAr,66.00228300282018
C=COC(=C)C=C,C=COC(=C)C=C,-1562.73,C(=C)OC(=C)C=C,A~ABA{~A}A~A,64.78859841532746
[HH].[HH],[HH].[HH],-1322.88,[HH].[HH],"{QQ},{QQ}",51.367563454048984
C=COC1COC1,C=COC1COC1,-1492.98,O(C1COC1)C=C,A~ABArABAr,60.885670799946276
OC1C=COC1,OC1C=COC1,-1227.18,C1=COCC1O,BArA~ABAr,46.01257889789158
O=CC1CN1,O=CC1CN1,-988.51,C1(C=O)NC1,B~AArADr,32.6575719593536
CC1COC1=O,CC1COC1=O,-1246.47,C1(=O)C(C)CO1,AArABAr~B,47.091969201844314
CC1(CCN)CO1,CC1(CCN)CO1,-1715.47,C1(CCN)(C)CO1,AAr{AAD}ABr,73.3353104436188
C#CC(=O)C=C,C#CC(=O)C=C,-1123.24,C(C(C#C)=O)=C,A^AA{~B}A~A,40.1965173015802
C#CC(C)[CH][N]O,C#CC(C)[CH][N]O,-1399.92,[N](O)[CH]C(C)C#C,A^AA{A}{AQ}{D}B,55.678409955682895
C=CC(C)(N)CO,C=CC(C)(N)CO,-1722.86,C=CC(CO)(C)N,A~AA{A}{D}AB,73.74882492501904
CC1C2C=NOC12,CC1C2C=NOC12,-1425.16,C12C(ON=C1)C2C,AArAsA~DBArs,57.09073817091187
CC1CC=NOC1,CC1CC=NOC1,-1568.72,C1C=NOCC1C,AArAA~DBAr,65.12377456466271
CC(C)OCCN,CC(C)OCCN,-1858.92,C(OCCN)(C)C,AA{A}BAAD,81.36219168270738
N#CC#CCC=O,N#CC#CCC=O,-1406.19,C(C=O)C#CC#N,D^AA^AAA~B,56.02925377143113
C#CCN1CC1C,C#CCN1CC1C,-1515.35,CC1N(CC#C)C1,A^AADrAArA,62.137405434442
CCC1CCOC1,CCC1CCOC1,-1860.65,C(C)C1CCOC1,AAArAABAr,81.45899547875912
C1C2CC3C1N3C2,C1C2CC3C1N3C2,-1660.86,C1C2CN3C(C13)C2,ArAsAAtArDtAs,70.2795559335691
C1OCC2CC1O2,C1OCC2CC1O2,-1505.37,C12OC(C1)COC2,ArBAAsAArBs,61.578965038721506
OCC1(O)CCC1,OCC1(O)CCC1,-1650.0,C1(CO)(O)CCC1,BAAr{B}AAAr,69.6718743005506
CC#CC,CC#CC,-1010.86,C(#CC)C,AA^AA,33.908187474819826
O=CC1C=COC1,O=CC1C=COC1,-1387.84,C1OC=CC1C=O,B~AArA~ABAr,55.0024620618649
NN=C1C=COC1,NN=C1C=COC1,-1433.32,NN=C1COC=C1,DD~ArA~ABAr,57.54733873494785
N#CCCC=O,N#CCCC=O,-1174.94,C(CC=O)C#N,D^AAAA~B,43.08943999283764
C1=CCOCCC1,C1=CCOCCC1,-1715.65,C1C=CCOCC1,Ar~AABAAAr,73.34538251488429
N#CC1CCCC1,N#CC1CCCC1,-1675.41,C1C(C#N)CCC1,D^AArAAAAr,71.09371502753034
CCC#C[CH][N]N,CCC#C[CH][N]N,-1486.14,[N](N)[CH]C#CCC,AAA^A{AQ}{D}D,60.50293209185731
C1=NOCC2NC12,C1=NOCC2NC12,-1288.68,C1C2NC2C=NO1,Ar~DBAAsDArs,49.45386991360402
C=COC(C)C,C=COC(C)C,-1551.53,C(=C)OC(C)C,A~ABA{A}A,64.16189175880749
C[CH][N]OCC=O,C[CH][N]OCC=O,-1364.76,O([N][CH]C)CC=O,A{AQ}{D}BAA~B,53.71099870182193
OC1CCC2NC12,OC1CCC2NC12,-1935.54,C12C(O)CCC1N2,BArAAAsDArs,85.6495366847218
CC1(C)CC=NO1,CC1(C)CC=NO1,-1578.82,C1=NOC(C)(C)C1,AAr{A}AA~DBr,65.68892967456019
CCC#CCOC,CCC#CCOC,-1685.32,COCC#CCC,AAA^AABA,71.64823850664757
C=CC=C(C)CO,C=CC=C(C)CO,-1710.94,C(=C(CO)C)C=C,A~AA~A{A}AB,73.08182998343705
C=C(C)C=CCC,C=C(C)C=CCC,-1912.62,C(=CC(=C)C)CC,A~A{A}A~AAA,84.3670262769148
C=CC(N)C1CC1,C=CC(N)C1CC1,-1772.45,C1CC1C(C=C)N,A~AA{D}ArAAr,76.52368055866424
Cc1ccn(C)c1,Cc1ccn(C)c1,-1228.95,c1(C)cn(C)cc1,Aaraad{A}ar,46.11162093200233
[CH2]C(=C[N]O)OC,[CH2]C(=C[N]O)OC,-1356.81,C([N]O)=C([CH2])OC,{AQs}A{~A{D}B}BA,53.26614888759569
C=CC(CN)CO,C=CC(CN)CO,-1565.58,OCC(CN)C=C,A~AA{AD}AB,64.9480728770312
CC(C)NC=N,CC(C)NC=N,-1510.68,CC(NC=N)C,AA{A}DA~D,61.87609114105378
C=CC#CC(C)=O,C=CC#CC(C)=O,-1427.72,CC(=O)C#CC=C,A~AA^AA{A}~B,57.23398540668786
C#CC(=C)COC,C#CC(=C)COC,-1540.44,O(C)CC(C#C)=C,A^AA{~A}ABA,63.54134025694973
C=COCOC=C,C=COCOC=C,-1497.87,C(=C)OCOC=C,A~ABABA~A,61.15929540265901
C=C1OCC=C1C,C=C1OCC=C1C,-1590.76,CC1=CCOC1=C,A~ArBAA~ArA,66.35704373517169
CC(C)=CCO,CC(C)=CCO,-1555.96,C(C=C(C)C)O,AA{A}~AAB,64.40977662384172
C1=NN2CCC2C1,C1=NN2CCC2C1,-1507.4,N1=CCC2CCN12,Ar~DDsAAAsAr,61.69255562021577
CCCN1CCC1,CCCN1CCC1,-1906.49,C(CC)N1CCC1,AAADrAAAr,84.02401629437307
CC=CC1CC1O,CC=CC1CC1O,-1698.66,OC1C(C=CC)C1,AA~AArAArB,72.39469089932406
CC=C(C#N)OC,CC=C(C#N)OC,-1447.91,C(C#N)(OC)=CC,AA~A{A^D}BA,58.363736066968094
C=COC(C)=NN,C=COC(C)=NN,-1445.52,C(=C)OC(C)=NN,A~ABA{A}~DD,58.23000134294283
NC1CCCC1,NC1CCCC1,-1641.27,C1CCC(N)C1,DArAAAAr,69.18337884417386
CN1C2CCCC21,CN1C2CCCC21,-1774.48,CN1C2C1CCC2,ADrAsAAAAsr,76.63727114015848
CC1CN1[CH][N]O,CC1CN1[CH][N]O,-1418.77,N1([CH][N]O)C(C)C1,AArADr{AQ}{D}B,56.73317964098662
CC(=O)C1CC1,CC(=O)C1CC1,-1423.14,C(C)(=O)C1CC1,AA{~B}ArAAr,56.977707148932375
C1=CC2CC1O2,C1=CC2CC1O2,-1246.86,C12OC(C=C1)C2,Ar~AAsAArBs,47.113792022919554
CCNC,CCNC,-1168.84,N(CC)C,AADA,42.74810868884014
C=CC1=NNCC1,C=CC1=NNCC1,-1661.44,C1CC(C=C)=NN1,A~AAr~DDAAr,70.3120103854246
CC(N)C1CCC1,CC(N)C1CCC1,-1916.69,C1CCC1C(C)N,AA{D}ArAAAr,84.59476699941807
CCN(C)CC#N,CCN(C)CC#N,-1659.76,C(CN(C)CC)#N,AAD{A}AA^D,70.2180043869466
C#CC(=C)CC,C#CC(=C)CC,-1454.71,C(C(C#C)=C)C,A^AA{~A}AA,58.74423653699808
C#CC(N)C(C)O,C#CC(N)C(C)O,-1561.99,NC(C(C)O)C#C,A^AA{D}A{A}B,64.74719101123597
C#CC(O)CC=C,C#CC(O)CC=C,-1546.37,C(#C)C(O)CC=C,A^AA{B}AA~A,63.87315904919646
C=CCCNC,C=CCCNC,-1615.42,N(CCC=C)C,A~AAADA,67.73691749854515
NN1CCCC1=O,NN1CCCC1=O,-1912.05,C1CCN(N)C1=O,DDrAAAAr~B,84.33513138457407
NC(=O)C#CCO,NC(=O)C#CCO,-1124.33,C(O)C#CC(=O)N,DA{~B}A^AAB,40.25750928868795
OC12CCCC1C2,OC12CCCC1C2,-1719.32,C1C2CCCC12O,BArsAAAArAs,73.55074085679753
Cn1nccc1O,Cn1nccc1O,-1347.17,Oc1n(C)ncc1,AdrdaaarB,52.72673351537671
CNCC#CCN,CNCC#CCN,-1628.06,C(N)C#CCNC,ADAA^AAD,68.44420072518913
CCC(O)CO,CCC(O)CO,-1501.14,C(C(CO)O)C,AAA{B}AB,61.34227136398229
C=C(C)C=CCO,C=C(C)C=CCO,-1712.54,C(O)C=CC(C)=C,A~A{A}A~AAB,73.17135950579703
CCOC=CC#N,CCOC=CC#N,-1459.88,C(OC=CC#N)C,AABA~AA^D,59.033528806123826
CCNC1CC1O,CCNC1CC1O,-1709.38,C1(NCC)C(O)C1,AADArAArB,72.99453869913604
C=CC(=C)CN,C=CC(=C)CN,-1482.23,C(C(=C)CN)=C,A~AA{~A}AD,60.28414432159004
C=C(C=O)OCC,C=C(C=O)OCC,-1517.49,O=CC(=C)OCC,A~A{A~B}BAA,62.25715117059852
C[N][CH]N1CC1C,C[N][CH]N1CC1C,-1638.54,C1C(C)N1[CH][N]C,A{D}{AQ}DrAArA,69.03061909664711
C#CC(N)CCC,C#CC(N)CCC,-1760.89,C(N)(C#C)CCC,A^AA{D}AAA,75.87682975961326
C#CC(=C)C(=C)C,C#CC(=C)C(=C)C,-1609.65,C#CC(C(C)=C)=C,A^AA{~A}A{~A}A,67.4140516585344
CCCC1CC1N,CCCC1CC1N,-1917.03,C1(N)C(CCC)C1,AAAArAArD,84.61379202291957
C=CCC=C(C)C,C=CCC=C(C)C,-1906.84,CC(=CCC=C)C,A~AAA~A{A}A,84.04360087738932
C#CCC(=C)C#N,C#CCC(=C)C#N,-1346.96,N#CC(=C)CC#C,A^AAA{~A}A^D,52.71498276556695
C=CC1C=COC1,C=CC1C=COC1,-1575.19,C1=CC(C=C)CO1,A~AArA~ABAr,65.48580957070594
CC=CC(=O)NC,CC=CC(=O)NC,-1614.73,C(=O)(C=CC)NC,AA~AA{~B}DA,67.69830789202739
CCC#CC(N)=O,CCC#CC(N)=O,-1462.2,C(C(=O)N)#CCC,AAA^AA{D}~B,59.163346613545826
C#CC1CCCN1,C#CC1CCCN1,-1916.77,C1(C#C)NCCC1,A^AArAAADr,84.59924347553606
Cc1cc(O)sn1,Cc1cc(O)sn1,-1643.1,c1(O)cc(C)ns1,Aaraa{B}edr,69.28577823537312
C=C1C=NNC1,C=C1C=NNC1,-1222.72,C1=NNCC1=C,A~ArA~DDAr,45.76301535431309
C#CC1NC1C,C#CC1NC1C,-1317.17,C1(C#C)C(C)N1,A^AArDArA,51.04805497112674
CC1(C)NCC1N,CC1(C)NCC1N,-1653.82,CC1(C)C(N)CN1,AAr{A}DAArD,69.88562603518511
C1=COCCCO1,C1=COCCCO1,-1513.69,C1CCOC=CO1,Ar~ABAAABr,62.044518554993516
C#CC(N)C1CC1,C#CC(N)C1CC1,-1613.79,C(#C)C(C1CC1)N,A^AA{D}ArAAr,67.64570929764089
CC#CC=O,CC#CC=O,-972.49,C(#CC=O)C,AA^AA~B,31.761157616724116
CC1NC(C)C1N,CC1NC(C)C1N,-1797.91,C1(C)NC(C)C1N,AArDA{A}ArD,77.94831908321771
CC(N)C1NC1C,CC(N)C1NC1C,-1786.63,CC1C(C(N)C)N1,AA{D}ArDArA,77.31713595057971
[NH][C](CO)N1CC1,[NH][C](CO)N1CC1,-1205.43,C1N([C](CO)[NH])C1,{DQ}{A}{AB}DrAAr,44.795536953310354
C=CC(C)N1CC1,C=CC(C)N1CC1,-1762.82,C1CN1C(C)C=C,A~AA{A}DrAAr,75.98482474595998
CC1(O)CNC1=O,CC1(O)CNC1=O,-1411.95,CC1(O)C(=O)NC1,AAr{B}ADAr~B,56.35156005192712
CN[N][CH]CC=O,CN[N][CH]CC=O,-1446.08,C([CH][N]NC)C=O,AD{D}{AQ}AA~B,58.26133667576883
CCC(C)(O)CO,CCC(C)(O)CO,-1797.88,C(O)C(CC)(C)O,AAA{A}{B}AB,77.94664040467345
CCCC(C)=O,CCCC(C)=O,-1573.23,C(C)(=O)CCC,AAAA{A}~B,65.37613590581493
COCC#CC=O,COCC#CC=O,-1350.71,C(OC)C#CC=O,ABAA^AA~B,52.9248175835982
CCC(C)CO,CCC(C)CO,-1696.04,OCC(C)CC,AAA{A}AB,72.24808630645956
NCC1OCC1N,NCC1OCC1N,-1582.84,C(C1OCC1N)N,DAArBAArD,65.91387259948968
CC=CC(=O)NO,CC=CC(=O)NO,-1386.2,C(=O)(C=CC)NO,AA~AA{~B}DB,54.91069430144591
CC=CCO,CC=CCO,-1258.46,C(C)=CCO,AA~AAB,47.76288106002955
C1CC(C2CN2)O1,C1CC(C2CN2)O1,-1564.18,C1C(C2OCC2)N1,ArAA{AsADs}Br,64.86973454496622
CCN1CC(C)C1,CCN1CC(C)C1,-1908.86,C1(C)CN(CC)C1,AADrAA{A}Ar,84.15663189936882
CCC=CCNC,CCC=CCNC,-1914.16,C(C=CCNC)C,AAA~AADA,84.45319844218633
CCCC(O)CO,CCCC(O)CO,-1796.55,C(O)(CCC)CO,AAAA{B}AB,77.8722189892117
CCCS(C)(=O)=O,CCCS(C)(=O)=O,-1444.6,C(CS(=O)(=O)C)C,AAAE{A}{~B}~B,58.17852186758583
Nc1ccoc1O,Nc1ccoc1O,-1272.93,c1(N)c(O)occ1,DaraabarB,48.57256367787278
O=C1C2CCC1O2,O=C1C2CCC1O2,-1374.64,O1C2C(=O)C1CC2,B~ArAsAAArBs,54.26384350239493
NC1C=CC2CC12,NC1C=CC2CC12,-1646.43,C12CC1C=CC2N,DArA~AAsAArs,69.47211155378487
CC=CS([O])([O])O,CC=CS([O])([O])O,-1376.59,OS(C=CC)([O])[O],AA~AE{{B}}{{B}}B,54.372957607771156
C=CC(=N)N(C)O,C=CC(=N)N(C)O,-1426.76,C=CC(N(O)C)=N,A~AA{~D}D{A}B,57.18026769327186
C=C(C)C(N)CO,C=C(C)C(N)CO,-1724.16,CC(C(N)CO)=C,A~A{A}A{D}AB,73.82156766193654
N#CC1C=NN=C1,N#CC1C=NN=C1,-1120.81,C1(C#N)C=NN=C1,D^AArA~DD~Ar,40.06054433949595
CC=C1C=CCC1,CC=C1C=CCC1,-1787.94,C1(=CC)CCC=C1,AA~ArA~AAAr,77.39043824701196
CC1(O)C(N)C1N,CC1(O)C(N)C1N,-1587.24,C1(O)(C)C(N)C1N,AAr{B}A{D}ArD,66.16007878597969
OC1CC=NOC1,OC1CC=NOC1,-1360.8,C1C=NOCC1O,BArAA~DBAr,53.48941313398093
O=c1cccco1,O=c1cccco1,-1282.55,c1ccc(=O)oc1,B~araaaabr,49.11085993106227
N#CCC1CCO1,N#CCC1CCO1,-1453.65,N#CCC1OCC1,D^AAArAABr,58.68492322843458
CC1OC1C(=N)N,CC1OC1C(=N)N,-1466.69,C(=N)(C1OC1C)N,AArBArA{~D}D,59.41458883566857
C=C(CC)C(C)N,C=C(CC)C(C)N,-1919.0,NC(C(CC)=C)C,A~A{AA}A{A}D,84.72402524732532
NCC1=COCC1,NCC1=COCC1,-1592.41,C1(CN)=COCC1,DAAr~ABAAr,66.44937105510543
CC1CNCC1N,CC1CNCC1N,-1744.84,NC1C(C)CNC1,AArADAArD,74.97873673843951
C#CC(CO)=NN,C#CC(CO)=NN,-1277.77,NN=C(C#C)CO,A^AA{AB}~DD,48.843390483011774
C#CC#CCC=O,C#CC#CCC=O,-1255.13,C(CC#CC#C)=O,A^AA^AAA~B,47.57654774161781
CCC(O)C1CC1,CCC(O)C1CC1,-1847.07,OC(C1CC1)CC,AAA{B}ArAAr,80.69911365772865
CCC1(O)CC1O,CCC1(O)CC1O,-1647.08,OC1C(O)(CC)C1,AAAr{B}AArB,69.5084829222436
C[CH][N]OCCN,C[CH][N]OCCN,-1569.1,C(CO[N][CH]C)N,A{AQ}{D}BAAD,65.14503782622319
C=C1C=NN(C)C1,C=C1C=NN(C)C1,-1514.55,CN1N=CC(=C)C1,A~ArA~DD{A}Ar,62.09264067326201
O=C1C=CC(O)C1,O=C1C=CC(O)C1,-1404.67,C1=CC(=O)CC1O,B~ArA~AA{B}Ar,55.94420072518914
C=C(C#N)CNC,C=C(C#N)CNC,-1522.57,N(CC(=C)C#N)C,A~A{A^D}ADA,62.5414074040915
O=CC=CC1CC1,O=CC=CC1CC1,-1574.87,C1CC1C=CC=O,B~AA~AArAAr,65.46790366623392
C=C1CCC(O)C1,C=C1CCC(O)C1,-1725.96,C1CC(O)CC1=C,A~ArAAA{B}Ar,73.92228837459153
Cc1ccc(N)[nH]1,Cc1ccc(N)[nH]1,-1604.06,c1cc(C)[nH]c1N,Aaraaa{D}{dQ}r,67.10125788978915
CC(O)C=CC#N,CC(O)C=CC#N,-1461.35,C(#N)C=CC(O)C,AA{B}A~AA^D,59.115784054792066
C=CC,C=CC,-861.73,CC=C,A~AA,25.56347643135324
C#CC1C(N)C1O,C#CC1C(N)C1O,-1418.74,C1(C#C)C(O)C1N,A^AArA{D}ArB,56.73150096244237
C=C1CC(O)CO1,C=C1CC(O)CO1,-1524.73,OC1CC(=C)OC1,A~ArAA{B}ABr,62.66227225927749
O=CC1=CCOC1,O=CC1=CCOC1,-1392.02,C1(C=O)=CCOC1,B~AAr~AABAr,55.2363579390304
CCC#CCC=O,CCC#CCC=O,-1565.33,C(#CCC)CC=O,AAA^AAA~B,64.93408388916245
OC[CH]C=C[N]O,OC[CH]C=C[N]O,-1364.59,C(O)[CH]C=C[N]O,BA{AQ}A~A{D}B,53.70148619007117
C#CCCC#CC,C#CCCC#CC,-1597.0,C(CCC#C)#CC,A^AAAA^AA,66.70620887237567
C1OC2CC1CO2,C1OC2CC1CO2,-1531.76,C1C2OCC1CO2,ArBAsAArABs,63.055642598146754
Cc1csnc1N,Cc1csnc1N,-1421.2,c1c(C)c(N)ns1,AaraedarD,56.869152603070866
C#C[CH][N]NCC,C#C[CH][N]NCC,-1476.52,N(CC)[N][CH]C#C,A^A{AQ}{D}DAA,59.964635838667796
CC1CCCN1,CC1CCCN1,-1637.38,N1C(C)CCC1,AArAAADr,68.96571019293613
C=C1COC(C)C1,C=C1COC(C)C1,-1720.37,C1OC(C)CC1=C,A~ArABA{A}Ar,73.60949460584627
C#CC(C)CC=O,C#CC(C)CC=O,-1559.65,O=CCC(C#C)C,A^AA{A}AA~B,64.61625408478446
C#CC(C=C)OC,C#CC(C=C)OC,-1534.11,C(C(C=C)OC)#C,A^AA{A~A}BA,63.18713908411299
C=CCCN(C)C,C=CCCN(C)C,-1905.71,CN(C)CCC=C,A~AAAD{A}A,83.98037065222258
[CH2][N]N1CC1CO,[CH2][N]N1CC1CO,-1410.94,OCC1N([N][CH2])C1,{AQs}{D}DrAArAB,56.295044540937376
C#CC1OCC1C,C#CC1OCC1C,-1541.37,C1(C)C(C#C)OC1,A^AArBAArA,63.59337929182146
C=C1CCC(=O)O1,C=C1CCC(=O)O1,-1414.66,O1C(=O)CCC1=C,A~ArAAA{~B}Br,56.503200680424385
CC(CN)CCO,CC(CN)CCO,-1862.12,OCCC(CN)C,AA{AD}AAB,81.54125072742735
CNC(C)(C)C#N,CNC(C)(C)C#N,-1663.07,N(C(C)(C#N)C)C,ADA{A}{A}A^D,70.40321858632885
COCCC1CC1,COCCC1CC1,-1836.25,O(CCC1CC1)C,ABAAArAAr,80.09367026276915
C#CC(=O)NC=N,C#CC(=O)NC=N,-1178.98,O=C(NC=N)C#C,A^AA{~B}DA~D,43.31550203679664
NCc1ccoc1,NCc1ccoc1,-1469.08,c1(CN)cocc1,DAaraabar,59.548323559693806
C#CCC#CC=C,C#CCC#CC=C,-1447.48,C(C#C)C#CC=C,A^AAA^AA~A,58.339675007833826
C=CCC(=C)CC,C=CCC(=C)CC,-1904.03,C(=C)CC(CC)=C,A~AAA{~A}AA,83.88636465374458
CNC(=N)C1CC1,CNC(=N)C1CC1,-1659.71,C1C(C(=N)NC)C1,ADA{~D}ArAAr,70.21520658937285
NC1CC=CCC1,NC1CC=CCC1,-1800.9,C1C(N)CC=CC1,DArAA~AAAr,78.11562737812794
C=CCOCCN,C=CCOCCN,-1727.43,C(COCC=C)N,A~AABAAD,74.00454362325979
C=C(CO)OC,C=C(CO)OC,-1350.25,C(OC)(CO)=C,A~A{AB}BA,52.89907784591969
CCN(C)CC=O,CCN(C)CC=O,-1719.24,N(C)(CC)CC=O,AAD{A}AA~B,73.54626438067953
C=C[C]1C=N[N]S1,C=C[C]1C=N[N]S1,-1144.85,[N]1S[C](C=C)C=N1,A~A{A}rA~D{D}Er,41.405725412954915
N#CCCC#N,N#CCCC#N,-1112.08,C(#N)CCC#N,D^AAAA^D,39.57204888311921
CNC1CC1(C)N,CNC1CC1(C)N,-1783.29,CNC1C(C)(N)C1,ADArAAr{A}D,77.13024307265322
C1C2OC3C1C3O2,C1C2OC3C1C3O2,-1378.05,O1C2OC3C(C2)C13,ArAsBAtArAtBs,54.45465329692466
Oc1ccn(O)c1,Oc1ccn(O)c1,-1116.01,On1cc(O)cc1,Baraad{B}ar,39.79195577241595
C=CC#CC#N,C=CC#CC#N,-1053.94,C(=C)C#CC#N,A~AA^AA^D,36.31876986436278
C=COC=CCC,C=COC=CCC,-1703.61,O(C=C)C=CCC,A~ABA~AAA,72.6716728591253
CC1=NNC(C)C1,CC1=NNC(C)C1,-1423.21,C1C(C)NN=C1C,AAr~DDA{A}Ar,56.98162406553561
On1cccc1,On1cccc1,-1146.37,c1cccn1O,Bdraaaar,41.49077845919692
CCC1CNC1C,CCC1CNC1C,-1904.4,N1CC(CC)C1C,AAArADArA,83.90706835579033
C=C(CC)C1CO1,C=C(CC)C1CO1,-1693.64,C1(C(=C)CC)OC1,A~A{AA}ArABr,72.11379202291958
C=CC1C=CCC1,C=CC1C=CCC1,-1778.55,C(C1C=CCC1)=C,A~AArA~AAAr,76.86501186266172
OCC1CC=CC1,OCC1CC=CC1,-1724.63,C(O)C1CC=CC1,BAArAA~AAr,73.84786695912977
CC1CC(C=O)O1,CC1CC(C=O)O1,-1510.34,O=CC1OC(C)C1,AArAA{A~B}Br,61.857066117552264
CNC(C)C(=O)O,CNC(C)C(=O)O,-1554.25,N(C)C(C(=O)O)C,ADA{A}A{~B}B,64.31409194681946
CCC(C)(C)NC,CCC(C)(C)NC,-2055.72,C(C)C(NC)(C)C,AAA{A}{A}DA,92.37432293298714
C#CC(=O)N(C)O,C#CC(=O)N(C)O,-1216.53,N(O)(C(=O)C#C)C,A^AA{~B}D{A}B,45.41664801468284
N#CC(=O)C1CN1,N#CC(=O)C1CN1,-1316.15,N#CC(C1NC1)=O,D^AA{~B}ArADr,50.99097990062224
O=Cc1cccs1,O=Cc1cccs1,-1369.09,c1sc(C=O)cc1,B~Aaraaaer,53.95328797170867
[CH2]C=C[N]OC,[CH2]C=C[N]OC,-1259.54,C(=C[CH2])[N]OC,{AQs}A~A{D}BA,47.82331348762255
CCC(=O)COC,CCC(=O)COC,-1656.28,C(=O)(COC)CC,AAA{~B}ABA,70.02327767581362
CC(=O)C=CN,CC(=O)C=CN,-1313.99,NC=CC(C)=O,AA{~B}A~AD,50.870115045436236
OCCCC1CO1,OCCCC1CO1,-1641.43,O1C(CCCO)C1,BAAAArABr,69.19233179640987
CN1CCO[C]1[NH],CN1CCO[C]1[NH],-1480.05,[C]1([NH])N(C)CCO1,ADrAAB{A}r{DQ},60.16216034737455
CS(=O)(=O)C1CC1,CS(=O)(=O)C1CC1,-1417.75,C1CC1S(C)(=O)=O,AE{~B}{~B}ArAAr,56.67610457048212
CC1CC1CO,CC1CC1CO,-1551.39,OCC1C(C)C1,AArAArAB,64.15405792560098
NCC(N)C1CC1,NCC(N)C1CC1,-1787.53,C1C(C(N)CN)C1,DAA{D}ArAAr,77.36749630690721
CC1(O)CCOC1,CC1(O)CCOC1,-1665.52,C1OCCC1(O)C,AAr{B}AABAr,70.54031066744258
C#CCC(=O)C#N,C#CCC(=O)C#N,-1156.77,C(#N)C(=O)CC#C,A^AAA{~B}A^D,42.07272035453691
C=CN(C=O)C=O,C=CN(C=O)C=O,-1280.55,C(=C)N(C=O)C=O,A~AD{A~B}A~B,48.998948028112274
NC=C(C=O)CO,NC=C(C=O)CO,-1276.17,C(O)C(C=O)=CN,DA~A{A~B}AB,48.753860960651785
C1=NOC2CC1C2,C1=NOC2CC1C2,-1414.7,O1C2CC(C=N1)C2,Ar~DBAsAArAs,56.50543891848337
C1=NOCOCC1,C1=NOCOCC1,-1361.56,C1OCCC=NO1,Ar~DBABAAr,53.53193965710193
NC(C=O)=CC=O,NC(C=O)=CC=O,-1403.57,C(=O)C=C(N)C=O,DA{A~B}~AA~B,55.88264917856664
CCNC(C)(C)C,CCNC(C)(C)C,-2058.97,C(C)(C)(NCC)C,AADA{A}{A}A,92.55617977528088
CC1(C)CCC1=O,CC1(C)CCC1=O,-1726.57,O=C1CCC1(C)C,AAr{A}AAAr~B,73.95642150499127
NC1=CC(=O)C=C1,NC1=CC(=O)C=C1,-1339.76,C1(N)=CC(=O)C=C1,DAr~AA{~B}A~Ar,52.312099914946955
OCC#CC1CN1,OCC#CC1CN1,-1328.7,C1NC1C#CCO,BAA^AArADr,51.69322709163347
CC([CH][N]O)CN,CC([CH][N]O)CN,-1576.15,[CH](C(C)CN)[N]O,AA{{AQ}{D}B}AD,65.53952728412195
O=C1C=COCC1,O=C1C=COCC1,-1405.83,C1(=O)CCOC=C1,B~ArA~ABAAr,56.009109628900134
C#CC#CCC#C,C#CC#CCC#C,-1283.19,C(#CC#C)CC#C,A^AA^AAA^A,49.14667174000627
CC1(N)COC1,CC1(N)COC1,-1418.76,C1OCC1(C)N,AAr{D}ABAr,56.73262008147187
Cc1ccc(C)[nH]1,Cc1ccc(C)[nH]1,-1477.58,Cc1[nH]c(C)cc1,Aaraaa{A}{dQ}r,60.02394914723129
C=CC(O)COC,C=CC(O)COC,-1640.22,C(O)(COC)C=C,A~AA{B}ABA,69.12462509512513
OCC1=NNCC1,OCC1=NNCC1,-1246.66,C(C1=NNCC1)O,BAAr~DDAAr,47.10260083262457
C#CCOC(=N)N,C#CCOC(=N)N,-1611.74,C(#C)COC(N)=N,A^AABA{~D}D,67.53099959711716
C1OCC2(CC2)O1,C1OCC2(CC2)O1,-1508.99,C1C2(COCO2)C1,ArBAAs{AAs}Br,61.781525583061025
C#Cc1ccsn1,C#Cc1ccsn1,-1146.75,C(#C)c1nscc1,A^Aaraaedr,41.51204172075742
CC1C(C)C1CO,CC1C(C)C1CO,-1846.85,C(C1C(C)C1C)O,AArA{A}ArAB,80.68680334840413
CC(=O)NC(C)C,CC(=O)NC(C)C,-1758.24,CC(NC(C)=O)C,AA{~B}DA{A}A,75.72854648820449
C=CC(C)(C)C#N,C=CC(C)(C)C#N,-1920.97,CC(C#N)(C)C=C,A~AA{A}{A}A^D,84.83425847173106
NC1C(O)C1CO,NC1C(O)C1CO,-1519.19,C(C1C(O)C1N)O,DArA{B}ArAB,62.352276288106005
CC(C)C(C)C#N,CC(C)C(C)C#N,-1802.17,CC(C(C)C)C#N,AA{A}A{A}A^D,78.18669143650119
CC1(CCO)CN1,CC1(CCO)CN1,-1715.39,C(CO)C1(C)CN1,AAr{AAB}ADr,73.33083396750081
NCC1CO1,NCC1CO1,-1118.53,C(C1CO1)N,DAArABr,39.932964770132955
O=CC1CCCO1,O=CC1CCCO1,-1529.28,C1CCOC1C=O,B~AArAAABr,62.91687183848875
OCC1NCC1O,OCC1NCC1O,-1389.73,C(C1NCC1O)O,BAArDAArB,55.10821881015265
CC(C)C(=O)C#N,CC(C)C(=O)C#N,-1467.66,CC(C(C#N)=O)C,AA{A}A{~B}A^D,59.46886610859932
C=C(CCO)OC,C=C(CCO)OC,-1648.5,OCCC(OC)=C,A~A{AAB}BA,69.5879403733381
C[CH][N]OCOC,C[CH][N]OCOC,-1491.69,[N](OCOC)[CH]C,A{AQ}{D}BABA,60.81348762254354
CC(C)N(C)C=O,CC(C)N(C)C=O,-1745.44,O=CN(C(C)C)C,AA{A}D{A}A~B,75.0123103093245
CC1C=CC(C)C1,CC1C=CC(C)C1,-1924.83,C1=CC(C)CC1C,AArA~AA{A}Ar,85.05024844442454
CC1CNC1,CC1CNC1,-1316.14,C1NCC1C,AArADAr,50.990420341107495
CON=C(C)C#N,CON=C(C)C#N,-1305.65,N(=C(C#N)C)OC,ABD~A{A}A^D,50.40344241013475
CC1(C)CC1N,CC1(C)CC1N,-1622.21,C1C(N)C1(C)C,AAr{A}AArD,68.1168584090604
CC1CC1NC=O,CC1CC1NC=O,-1604.22,O=CNC1C(C)C1,AArAArDA~B,67.11021084202517
CC1CC(C=O)N1,CC1CC(C=O)N1,-1582.53,C1(C)NC(C=O)C1,AArAA{A~B}Dr,65.89652625453245
CC1CC(CN)N1,CC1CC(CN)N1,-1425.78,NCC1NC(C)C1,AArAA{AD}Dr,57.12543086082636
C1=CC2CC1CO2,C1=CC2CC1CO2,-1581.59,C1C2C=CC(O1)C2,Ar~AAsAArABs,65.84392766014594
C1=CC=COC=C1,C1=CC=COC=C1,-1437.73,C1=CC=CC=CO1,Ar~AA~ABA~Ar,57.79410448095259
CN(C)C=CC=O,CN(C)C=CC=O,-1593.4,N(C)(C=CC=O)C,AD{A}A~AA~B,66.50476744706567
Nc1ccoc1,Nc1ccoc1,-1174.72,o1ccc(N)c1,Daraabar,43.07712968351314
CC(O)C(N)CO,CC(O)C(N)CO,-1669.35,OCC(N)C(O)C,AA{B}A{D}AB,70.75462196159184
C1CC1CN1CC1,C1CC1CN1CC1,-1758.43,C1CN1CC1CC1,ArAArADrAAr,75.73917811898475
OCC1=CCC=C1,OCC1=CCC=C1,-1587.86,C1=CC(CO)=CC1,BAAr~AAA~Ar,66.19477147589419
C=CC1CN1[CH][NH],C=CC1CN1[CH][NH],-1475.49,C=CC1N([CH][NH])C1,A~AArADr{AQ}{DQ},59.907001208648566
C1CN2CC1C2,C1CN2CC1C2,-1472.0,N12CCC(C1)C2,ArADsAArAs,59.7117149380008
C=CC(O)CC#N,C=CC(O)CC#N,-1465.83,C(C#N)C(C=C)O,A~AA{B}AA^D,59.36646671740006
C=C(CC)COC,C=C(CC)COC,-1839.52,C(C(COC)=C)C,A~A{AA}ABA,80.2766462240924
[CH2][N]N(CC)CC,[CH2][N]N(CC)CC,-1763.37,CCN([N][CH2])CC,{AQs}{D}D{AA}AA,76.01560051927122
C=CC1CC1OC,C=CC1CC1OC,-1689.15,C=CC1C(OC)C1,A~AArAArBA,71.86254980079681
N[N][CH]CCCO,N[N][CH]CCCO,-1443.77,C(C[CH][N]N)CO,D{D}{AQ}AAAB,58.132078427861586
OCC1CN1,OCC1CN1,-1120.22,C(O)C1NC1,BAArADr,40.0275303281257
CC1OC1[CH][N]O,CC1OC1[CH][N]O,-1359.52,[CH](C1OC1C)[N]O,AArBAr{AQ}{D}B,53.41778951609294
C=C(CO)C(C)=O,C=C(CO)C(C)=O,-1529.06,C(O)C(=C)C(C)=O,A~A{AB}A{A}~B,62.90456152916424
C=CCCC(=O)O,C=CCCC(=O)O,-1540.74,C(CCC(=O)O)=C,A~AAAA{~B}B,63.55812704239224
C#C[CH][N]NC,C#C[CH][N]NC,-1177.65,CN[N][CH]C#C,A^A{AQ}{D}DA,43.241080621334895
C=CCCOC=C,C=CCCOC=C,-1700.9,C=COCCC=C,A~AAABA~A,72.52003223062805
CC1COS1([O])[O],CC1COS1([O])[O],-1573.34,O1S([O])([O])C(C)C1,AArABEr{{B}}{B},65.3822910604772
C=C1OC2CC1C2,C=C1OC2CC1C2,-1558.4,C1C2OC(=C)C1C2,A~ArBAsAArAs,64.54630914544072
Cc1cnoc1C,Cc1cnoc1C,-1461.79,c1(C)c(C)cno1,AaradbarA,59.14040467344106
C=CCC1CC1N,C=CCC1CC1N,-1773.13,C1(CC=C)C(N)C1,A~AAArAArD,76.56173060566722
Nn1cccc1,Nn1cccc1,-1231.06,c1cccn1N,Ddraaaar,46.229687989614575
CC1(N)CCNC1,CC1(N)CCNC1,-1776.14,C1CNCC1(N)C,AAr{D}AADAr,76.73015801960699
C=CC#CC(=O)O,C=CC#CC(=O)O,-1243.97,C(O)(=O)C#CC=C,A~AA^AA{~B}B,46.952079323156816
CCN1CC(=O)C1,CCN1CC(=O)C1,-1584.2,C(C)N1CC(=O)C1,AADrAA{~B}Ar,65.98997269349569
CCN(C=N)C=O,CCN(C=N)C=O,-1487.8,N(C=N)(CC)C=O,AAD{A~D}A~B,60.59581897130579
CC=CC(C)=O,CC=CC(C)=O,-1433.53,C(=O)(C)C=CC,AA~AA{A}~B,57.559089484757614
CCC(C)(C)N,CCC(C)(C)N,-1768.93,CC(CC)(C)N,AAA{A}{A}D,76.32671560947225
COCCC1CN1,COCCC1CN1,-1704.5,N1CC1CCOC,ABAAArADr,72.72147365593804
C#CC(C#N)C=O,C#CC(C#N)C=O,-1326.49,C(C(C=O)C#N)#C,A^AA{A^D}A~B,51.56956443887372
CCC(CO)NC,CCC(CO)NC,-1858.93,C(CO)(CC)NC,AAA{AB}DA,81.36275124222215
NC1(CO)CCC1,NC1(CO)CCC1,-1716.37,C1C(CO)(N)CC1,DAr{AB}AAAr,73.38567079994627
C=CCCC(=C)C,C=CCCC(=C)C,-1904.94,C=C(CCC=C)C,A~AAAA{~A}A,83.93728456958682
C1=COC=COC1,C1=COC=COC1,-1372.16,C1=COC=CCO1,Ar~ABA~ABAr,54.125072742736926
CC=C1CCCO1,CC=C1CCCO1,-1724.38,C1(=CC)OCCC1,AA~ArAAABr,73.83387797126103
CC(C#N)=CN,CC(C#N)=CN,-1246.59,C(C(C)=CN)#N,AA{A^D}~AD,47.0986839160213
C=CC(=O)C(C)O,C=CC(=O)C(C)O,-1528.38,C=CC(C(C)O)=O,A~AA{~B}A{A}B,62.86651148216124
CN1CC=CC=N1,CN1CC=CC=N1,-1513.2,N1=CC=CCN1C,ADrAA~AA~Dr,62.01710013877077
CCC(N)C(C)N,CCC(N)C(C)N,-1934.81,NC(C(N)CC)C,AAA{D}A{A}D,85.60868884014502
[NH][CH]N1CC1CO,[NH][CH]N1CC1CO,-1382.22,C1(CO)CN1[CH][NH],{DQ}{AQ}DrAArAB,54.68798961457541
COC=C(C)CN,COC=C(C)CN,-1716.02,O(C)C=C(CN)C,ABA~A{A}AD,73.36608621693004
N[N][CH]CC1CO1,N[N][CH]CC1CO1,-1557.4,C1OC1C[CH][N]N,D{D}{AQ}AArABr,64.49035319396572
N=C1CCCON1,N=C1CCCON1,-1447.01,N1OCCCC1=N,D~ArAAABDr,58.31337571064059
CC(N)CCCN,CC(N)CCCN,-1934.27,C(N)CCC(C)N,AA{D}AAAD,85.57847262634854
CC1=CC(=O)CC1,CC1=CC(=O)CC1,-1610.53,C1(=O)CCC(C)=C1,AAr~AA{~B}AAr,67.46329289583241
CN=c1[nH]cco1,CN=c1[nH]cco1,-1339.2,N(=c1[nH]cco1)C,AD~ar{dQ}aabr,52.28076458212096
CCCCNC,CCCCNC,-1760.25,CNCCCC,AAAADA,75.84101795066924
CCN1CC1C=O,CCN1CC1C=O,-1577.91,O=CC1CN1CC,AADrAArA~B,65.63800975871796
C=C1CC=CCO1,C=C1CC=CCO1,-1580.61,C1(=C)OCC=CC1,A~ArAA~AABr,65.78909082770043
OCC1C=NNC1,OCC1C=NNC1,-1253.78,N1CC(CO)C=N1,BAArA~DDAr,47.501007207126555
C#CCOCOC,C#CCOCOC,-1477.23,C(#C)COCOC,A^AABABA,60.004364564215045
C1=CC2CNC2C1,C1=CC2CNC2C1,-1643.1,C1C=CC2CNC12,Ar~AAsADAsAr,69.28577823537312
C=C(C)C1CC1C,C=C(C)C1CC1C,-1519.39,C(=C)(C)C1C(C)C1,A~A{A}ArAArA,62.36346747840102
C=CC1CCCO1,C=CC1CCCO1,-1716.04,C1CCOC1C=C,A~AArAAABr,73.36720533595954
CC1=CCCO1,CC1=CCCO1,-1430.25,C1C=C(C)OC1,AAr~AAABr,57.3755539639196
CN1C=NCCO1,CN1C=NCCO1,-1437.4,C1CON(C)C=N1,ADrA~DAABr,57.77563901696585
C=C1CON=C1C,C=C1CON=C1C,-1440.01,CC1=NOCC1=C,A~ArABD~ArA,57.921684050315605
[CH]1O[CH][C]2OC[C]12,[CH]1O[CH][C]2OC[C]12,-1200.23,[C]12[C](CO1)[CH]O[CH]2,{AQ}rB{AQ}{A}sBA{A}rs,44.50456600564036
OCC1(CO)CN1,OCC1(CO)CN1,-1372.49,C1(CO)(CO)NC1,BAAr{AB}ADr,54.14353820672367
C=CC1CC1N,C=CC1CC1N,-1475.9,C1(C=C)C(N)C1,A~AArAArD,59.9299431487533
C[C](N)C=C[N]O,C[C](N)C=C[N]O,-1449.31,O[N]C=C[C](N)C,A{A}{D}A~A{D}B,58.442074399033075
CCC[N][CH]NO,CCC[N][CH]NO,-1571.21,ON[CH][N]CCC,AAA{D}{AQ}DB,65.26310488383545
C#Cc1ccc[nH]1,C#Cc1ccc[nH]1,-1909.97,c1(C#C)[nH]ccc1,A^Aaraaa{dQ}r,84.21874300550607
CC12CCCC1O2,CC12CCCC1O2,-1720.63,C1CCC2C1(C)O2,AArsAAAArBs,73.62404315322978
O=C1C=CCON1,O=C1C=CCON1,-1270.7,O1NC(=O)C=CC1,B~ArA~AABDr,48.447781906083534
C1CN2CCC1C2,C1CN2CCC1C2,-1795.54,C1CC2CN1CC2,ArADsAAArAs,77.81570347822195
N#CC1C=NOC1,N#CC1C=NOC1,-1176.75,C1C(C#N)C=NO1,D^AArA~DBAr,43.190720265007386
CC#CCC=CC,CC#CCC=CC,-1754.98,C(=CC)CC#CC,AA^AAA~AA,75.54613008639599
C=CC=CC#N,C=CC=CC#N,-1224.22,C(C#N)=CC=C,A~AA~AA^D,45.84694928152559
O=C1CC=CCN1,O=C1CC=CCN1,-1244.44,C1(=O)NCC=CC1,B~ArAA~AADr,46.978378620350064
O=C1CCCCO1,O=C1CCCCO1,-1553.66,C1CCC(=O)OC1,B~ArAAAABr,64.28107793544923
C#Cc1cccs1,C#Cc1cccs1,-1144.88,s1c(C#C)ccc1,A^Aaraaaer,41.40740409149918
NCCC1CCN1,NCCC1CCN1,-1784.1,C(CN)C1NCC1,DAAArAADr,77.17556739334795
CC1(CO)CCN1,CC1(CO)CCN1,-1716.03,N1C(C)(CO)CC1,AAr{AB}AADr,73.36664577644478
CC1CCC1,CC1CCC1,-1453.11,C1C(C)CC1,AArAAAr,58.65470701463808
C#CC(C)(N)C#C,C#CC(C)(N)C#C,-1457.1,NC(C#C)(C)C#C,A^AA{A}{D}A^A,58.87797126102332
CCCCC(C)N,CCCCC(C)N,-2063.98,CC(CCCC)N,AAAAA{A}D,92.83651909217065
CCC(C)C1CC1,CCC(C)C1CC1,-2044.71,CC(CC)C1CC1,AAA{A}ArAAr,91.75824790724742
C#CCN[N][CH]C,C#CCN[N][CH]C,-1476.28,[CH](C)[N]NCC#C,A^AAD{D}{AQ}A,59.951206410313816
C1CC1OC1CC1,C1CC1OC1CC1,-1687.28,O(C1CC1)C1CC1,ArAArBArAAr,71.75791217153858
CC(C)(C)CCO,CC(C)(C)CCO,-1991.66,C(C(C)(C)C)CO,AA{A}{A}AAB,88.78978468149874
NC1C=COC1=O,NC1C=COC1=O,-1280.75,C1(N)C=COC1=O,DArA~ABAr~B,49.010139218407275
CC=COCCC,CC=COCCC,-1847.7,C(COC=CC)C,AA~ABAAA,80.73436590715791
CC1CCC(C)O1,CC1CCC(C)O1,-1866.88,CC1OC(C)CC1,AArAAA{A}Br,81.80760105644836
COc1cnoc1,COc1cnoc1,-1243.33,c1c(OC)cno1,ABaradbar,46.91626751421281
CC1(O)CCCC1,CC1(O)CCCC1,-1869.61,C1CCCC1(O)C,AAr{B}AAAAr,81.96036080397512
C#CCONC=N,C#CCONC=N,-1315.23,C(ONC=N)C#C,A^AABDA~D,50.93950042526524
CC1=CN[C]([NH])C1,CC1=CN[C]([NH])C1,-1673.28,N1[C]([NH])CC(C)=C1,AAr~AD{A}{{DQ}}Ar,70.97452885088859
C=CC(C=O)=NO,C=CC(C=O)=NO,-1655.63,C(C=O)(C=C)=NO,A~AA{A~B}~DB,69.98690630735486
CC(=CCN)CN,CC(=CCN)CN,-1791.28,NCC=C(C)CN,AA{~AAD}AD,77.57733112493845
O=C1OC2CC1C2,O=C1OC2CC1C2,-1385.39,O=C1C2CC(C2)O1,B~ArBAsAArAs,54.86536998075116
C1CNCCNC1,C1CNCCNC1,-1794.29,C1NCCCNC1,ArADAADAr,77.7457585388782
C=COC(=O)C=C,C=COC(=O)C=C,-1393.37,O=C(OC=C)C=C,A~ABA{~B}A~A,55.31189847352164
C=C(CN)C1CC1,C=C(CN)C1CC1,-1771.22,C1C(C(CN)=C)C1,A~A{AD}ArAAr,76.45485473834998
C1CC(N2CC2)C1,C1CC(N2CC2)C1,-1756.36,C1N(C2CCC2)C1,ArAA{DsAAs}Ar,75.6233492994315
CC#CCO,CC#CCO,-1104.19,OCC#CC,AA^AAB,39.13055642598147
C=C1CCCNC1,C=C1CCCNC1,-1271.38,C=C1CNCCC1,A~ArAAADAr,48.48583195308654
COC(=O)N1CC1,COC(=O)N1CC1,-1396.15,O(C(=O)N1CC1)C,ABA{~B}DrAAr,55.46745601862215
CC(C)(O)CC#N,CC(C)(O)CC#N,-1605.88,N#CCC(C)(O)C,AA{A}{B}AA^D,67.20309772147365
C1CC(C2CN2)C1,C1CC(C2CN2)C1,-1765.89,N1CC1C1CCC1,ArAA{AsADs}Ar,76.15660951698825
C=C(C=CC)CO,C=C(C=CC)CO,-1710.69,C(=C)(CO)C=CC,A~A{A~AA}AB,73.06784099556829
N#CCOC1CC1,N#CCOC1CC1,-1721.82,C(#N)COC1CC1,D^AABArAAr,73.69063073548503
C#CC(C#C)=CC,C#CC(C#C)=CC,-1450.99,C(#C)C(=CC)C#C,A^AA{A^A}~AA,58.53608039751109
NC1(CO)COC1,NC1(CO)COC1,-1515.64,OCC1(N)COC1,DAr{AB}ABAr,62.15363266036978
C=CC1CC1C,C=CC1CC1C,-1603.59,C1(C)CC1C=C,A~AArAArA,67.07495859259592
C=C1CC=C(C)O1,C=C1CC=C(C)O1,-1590.04,C1(C)=CCC(=C)O1,A~ArAA~A{A}Br,66.31675545010967
CN1CC1C#N,CN1CC1C#N,-1217.97,C1C(C#N)N1C,ADrAArA^D,45.497224584806844
C=CC1=NOCC1,C=CC1=NOCC1,-1436.41,O1CCC(C=C)=N1,A~AAr~DBAAr,57.72024262500561
CC#CC1CC1C,CC#CC1CC1C,-1753.26,C(#CC)C1CC1C,AA^AArAArA,75.449885849859
NCc1ccc[nH]1,NCc1ccc[nH]1,-1551.59,c1c(CN)[nH]cc1,DAaraaa{dQ}r,64.16524911589597
C1=CCCNN=C1,C1=CCCNN=C1,-1519.13,C1=CC=NNCC1,Ar~AAADD~Ar,62.34891893101751
NC1COC1CO,NC1COC1CO,-1514.97,C(C1OCC1N)O,DArABArAB,62.11614217288152
[CH2][N]NC1CCC1,[CH2][N]NC1CCC1,-1625.21,C1(N[N][CH2])CCC1,{AQs}{D}DArAAAr,68.28472626348538
C#CCCO,C#CCCO,-1099.93,C(CO)C#C,A^AAAB,38.89218407269797
CC1=CCC(N)C1,CC1=CCC(N)C1,-1275.43,C1(N)CC=C(C)C1,AAr~AAA{D}Ar,48.71245355656028
CC1OCC1(C)C,CC1OCC1(C)C,-1846.74,CC1C(C)(C)CO1,AArBAAr{A}A,80.68064819374189
[CH2][N]NC1CC1C,[CH2][N]NC1CC1C,-1624.28,C1(C)CC1N[N][CH2],{AQs}{D}DArAArA,68.23268722861364
CCOC=CCN,CCOC=CCN,-1718.67,O(C=CCN)CC,AABA~AAD,73.51436948833879
C=CC(=NN)OC,C=CC(=NN)OC,-1442.47,COC(=NN)C=C,A~AA{~DD}BA,58.0593356909441
CCc1ccco1,CCc1ccco1,-1602.58,c1(CC)ccco1,AAaraaabr,67.01844308160615
C=CCC1CO1,C=CCC1CO1,-1400.01,C1C(CC=C)O1,A~AAArABr,55.68344599131564
CC#CCC=O,CC#CCC=O,-1269.98,C(C)#CCC=O,AA^AAA~B,48.40749362102154
Cn1[nH]ccc1=O,Cn1[nH]ccc1=O,-1345.19,c1(=O)cc[nH]n1C,Adr{dQ}aaar~B,52.6159407314562
C=CC(C)C1CC1,C=CC(C)C1CC1,-1900.22,CC(C1CC1)C=C,A~AA{A}ArAAr,83.67317247862483
C#CC1C(C)N1C,C#CC1C(C)N1C,-1459.06,C(C1C(C)N1C)#C,A^AArA{A}DrA,58.98764492591432
C=C(C)C(N)=O,C=C(C)C(N)=O,-1322.1,C(C)(C(N)=O)=C,A~A{A}A{D}~B,51.32391781189847
CCNC(C)C,CCNC(C)C,-1763.55,CC(NCC)C,AADA{A}A,76.02567259053673
[CH2][N][N][C](C)CO,[CH2][N][N][C](C)CO,-1446.64,[C](CO)(C)[N][N][CH2],{AQs}{D}{D}{A}{A}AB,58.292672008594856
CC(=N)NC(C)=O,CC(=N)NC(C)=O,-1500.0,C(=O)(C)NC(C)=N,AA{~D}DA{A}~B,61.27848157930077
CC(N)(CN)CO,CC(N)(CN)CO,-1735.5,NC(CO)(CN)C,AA{D}{AD}AB,74.45610815166302
O=S1(=O)C=CCC1,O=S1(=O)C=CCC1,-1308.09,C1S(=O)(=O)C=CC1,B~Er{~B}A~AAAr,50.53997493173373
C=CN=C(C)NO,C=CN=C(C)NO,-1432.78,C(=C)N=C(NO)C,A~AD~A{A}DB,57.517122521151364
CC(C)=C(C)C,CC(C)=C(C)C,-1755.17,CC(=C(C)C)C,AA{A}~A{A}A,75.55676171717624
C=CCC=CCC,C=CCC=CCC,-1904.81,C(C=CCC=C)C,A~AAA~AAA,83.93001029589506
CN1CC(C=O)C1,CN1CC(C=O)C1,-1573.47,C1(C=O)CN(C)C1,ADrAA{A~B}Ar,65.38956533416895
C=CC1CCN1C,C=CC1CCN1C,-1760.18,C=CC1N(C)CC1,A~AArAADrA,75.83710103406601
CCCC1(C)CN1,CCCC1(C)CN1,-1612.44,C(C)CC1(C)CN1,AAAAr{A}ADr,67.57016876314965
CC1=NN=CC1,CC1=NN=CC1,-1230.06,C1C(C)=NN=C1,AAr~DD~AAr,46.173732038139576
[CH2]C(C=O)=C[N]O,[CH2]C(C=O)=C[N]O,-1373.73,C(C(=C[N]O)[CH2])=O,{AQs}A{A~B}~A{D}B,54.21292358655267
CCC1C(O)C1O,CCC1C(O)C1O,-1645.35,C1(O)C(O)C1CC,AAArA{B}ArB,69.41167912619186
CCC1CCN1C,CCC1CCN1C,-1766.74,N1(C)CCC1CC,AAArAADrA,76.20417207574198
NC1C2CNC1C2,NC1C2CNC1C2,-1649.46,C1C2C(N)C1CN2,DArAsADArAs,69.6416580867541
COC(=O)C(C)C,COC(=O)C(C)C,-1680.8,CC(C)C(OC)=O,ABA{~B}A{A}A,71.39531760598058
C=CC1(C)CCC1,C=CC1(C)CCC1,-1251.02,C(C1(C)CCC1)=C,A~AAr{A}AAAr,47.34656878105556
C=Cc1ccco1,C=Cc1ccco1,-1460.22,C(c1ccco1)=C,A~Aaraaabr,59.05255382962533
C=C(CC)C(C)C,C=C(CC)C(C)C,-2048.01,C(C(=C)CC)(C)C,A~A{AA}A{A}A,91.94290254711491
CC1(CO)CNC1,CC1(CO)CNC1,-1711.15,C1NCC1(CO)C,AAr{AB}ADAr,73.0935807332468
CC1=CCCC1N,CC1=CCCC1N,-1473.59,C1CC(N)C(C)=C1,AAr~AAAArD,59.80068490084606
CC1(C)C=NOC1,CC1(C)C=NOC1,-1574.56,C1=NOCC1(C)C,AAr{A}A~DBAr,65.45055732127669
C=C1C=CCC=C1,C=C1C=CCC=C1,-1653.5,C1=CCC=CC1=C,A~ArA~AAA~Ar,69.8677201307131
CC=C(C=O)CO,CC=C(C=O)CO,-1527.34,C(=C(CO)C=O)C,AA~A{A~B}AB,62.80831729262725
CC([CH][N]O)CO,CC([CH][N]O)CO,-1507.79,[CH]([N]O)C(CO)C,AA{{AQ}{D}B}AB,61.71437844129101
C#CC1OC1C,C#CC1OC1C,-1246.32,O1C(C#C)C1C,A^AArBArA,47.08357580912306
C=CCC(N)CO,C=CCC(N)CO,-1723.32,C(=C)CC(N)CO,A~AAA{D}AB,73.77456466269753
Nn1cccc1O,Nn1cccc1O,-1344.54,c1n(N)c(O)cc1,DdraaaarB,52.579569362997454
C=NNC=CC=O,C=NNC=CC=O,-1319.09,N(C=CC=O)N=C,A~DDA~AA~B,51.15549039795872
Cc1c[nH]cc1C,Cc1c[nH]cc1C,-1553.34,c1(C)c(C)c[nH]c1,Aara{dQ}aarA,64.26317203097722
CC1=CC2CC1N2,CC1=CC2CC1N2,-1617.73,C12NC(C(C)=C1)C2,AAr~AAsAArDs,67.86617574645238
CC(C)(O)CCO,CC(C)(O)CCO,-1799.1,OCCC(O)(C)C,AA{A}{B}AAB,78.01490666547292
CCC1CC1OC,CCC1CC1OC,-1834.45,CCC1C(OC)C1,AAArAArBA,79.99294955011418
C=CC(C)N(C)C,C=CC(C)N(C)C,-1905.03,CC(N(C)C)C=C,A~AA{A}D{A}A,83.94232060521958
C=C(C)CCOC,C=C(C)CCOC,-1840.96,O(C)CCC(=C)C,A~A{A}AABA,80.3572227942164
O=CN1CC1CO,O=CN1CC1CO,-1421.14,C(N1C(CO)C1)=O,B~ADrAArAB,56.865795245982376
CC1OCCC1N,CC1OCCC1N,-1735.08,C1(C)OCCC1N,AArBAAArD,74.4326066520435
C=CC(C)CC,C=CC(C)CC,-1751.31,CCC(C)C=C,A~AA{A}AA,75.34077174448274
[CH2]C=C[N]NCC,[CH2]C=C[N]NCC,-1639.68,C(=C[N]NCC)[CH2],{AQs}A~A{D}DAA,69.09440888132863
CNc1ccc[nH]1,CNc1ccc[nH]1,-1546.86,c1cc[nH]c1NC,ADaraaa{dQ}r,63.900577465419225
C1CC1C1COC1,C1CC1C1COC1,-1693.51,O1CC(C2CC2)C1,ArAArArABAr,72.10651774922782
Cc1c[nH]oc1=N,Cc1c[nH]oc1=N,-1319.98,N=c1o[nH]cc1C,Aara{dQ}bar~D,51.205291194771476
CC(C)(O)[CH][N]N,CC(C)(O)[CH][N]N,-1584.95,C([CH][N]N)(O)(C)C,AA{A}{B}{AQ}{D}D,66.03193965710194
C=COCCOC,C=COCCOC,-1635.75,C(OC=C)COC,A~ABAABA,68.87450199203187
C=C(C)C(O)CN,C=C(C)C(O)CN,-1723.47,C=C(C(O)CN)C,A~A{A}A{B}AD,73.78295805541877
CCCCCCN,CCCCCCN,-1507.77,C(CCCN)CC,AAAAAAD,61.713259322261514
CCC1(CN)CO1,CCC1(CN)CO1,-1715.42,NCC1(CC)OC1,AAAr{AD}ABr,73.33251264604503
CCCNC(N)=O,CCCNC(N)=O,-1639.68,O=C(NCCC)N,AAADA{D}~B,69.09440888132863
C1=CC2C=CC1N2,C1=CC2C=CC1N2,-1497.17,C12C=CC(C=C1)N2,Ar~AAsA~AArDs,61.12012623662653
Cc1cnsc1C,Cc1cnsc1C,-1227.02,s1ncc(C)c1C,AaradearA,46.003625945655585
CC(C)=CC=O,CC(C)=CC=O,-1429.87,C(C)(C)=CC=O,AA{A}~AA~B,57.35429070235909
C#CC(O)C#CC,C#CC(O)C#CC,-1391.47,CC#CC(O)C#C,A^AA{B}A^AA,55.20558216571915
C1C2NC2C2NC12,C1C2NC2C2NC12,-1500.31,C12CC3NC3C1N2,ArAsDAsAsDArs,61.29582792425802
NCC#CC(N)=O,NCC#CC(N)=O,-1632.8,O=C(C#CCN)N,DAA^AA{D}~B,68.70943193518063
C=CC(C)=NN,C=CC(C)=NN,-1343.91,CC(C=C)=NN,A~AA{A}~DD,52.54431711356821
C=Cc1ccsc1,C=Cc1ccsc1,-1143.79,c1cc(C=C)cs1,A~Aaraaear,41.346412104391426
CC1CC=CCC1,CC1CC=CCC1,-1920.19,C1C=CCCC1C,AArAA~AAAr,84.79061282958055
N[N][CH]C1CC1,N[N][CH]C1CC1,-1336.05,C1CC1[CH][N]N,D{D}{AQ}ArAAr,52.10450333497471
CC(O)S(C)(=O)=O,CC(O)S(C)(=O)=O,-1413.76,O=S(=O)(C(C)O)C,AA{B}E{A}{~B}~B,56.452840324096876
NN1CC=CC1=O,NN1CC=CC1=O,-1327.67,C1=CC(=O)N(N)C1,DDrAA~AAr~B,51.63559246161423
C=C(C)C1CCN1,C=C(C)C1CCN1,-1746.44,C1(C(C)=C)CCN1,A~A{A}ArAADr,75.0682662607995
C1=NOC2(C1)CC2,C1=NOC2(C1)CC2,-1426.2,C12(CC=NO1)CC2,Ar~DBAs{Ar}AAs,57.14893236044586
CN1CC1C1CN1,CN1CC1C1CN1,-1626.8,C1(C2CN2C)CN1,ADrAArArADr,68.37369622633064
C=C(CN)CCC,C=C(CN)CCC,-1919.51,C=C(CCC)CN,A~A{AD}AAA,84.75256278257756
CC(C)C1CC1,CC(C)C1CC1,-1750.35,C1(C(C)C)CC1,AA{A}ArAAr,75.28705403106673
CC(=O)CNC=O,CC(=O)CNC=O,-1425.91,C(=O)NCC(C)=O,AA{~B}ADA~B,57.13270513451812
O=CC=CCO,O=CC=CCO,-1225.26,C(=O)C=CCO,B~AA~AAB,45.90514347105958
CC1COCC1N,CC1COCC1N,-1732.56,C1OCC(N)C1C,AArABAArD,74.29159765432651
C#CCCCN,C#CCCCN,-1466.18,C(CN)CC#C,A^AAAAD,59.38605130041633
NC1CCC2NC12,NC1CCC2NC12,-1653.13,C12C(C(N)CC1)N2,DArAAAsDArs,69.84701642866736
CC1NC(C)C1=O,CC1NC(C)C1=O,-1592.66,C1(=O)C(C)NC1C,AArDA{A}Ar~B,66.46336004297419
C=COC(=C)CN,C=COC(=C)CN,-1780.03,C(CN)(=C)OC=C,A~ABA{~A}AD,76.94782667084472
CC1(O)CC1(C)O,CC1(O)CC1(C)O,-1652.25,CC1(O)CC1(O)C,AAr{B}AAr{A}B,69.79777519136935
COC1CC=NO1,COC1CC=NO1,-1365.72,O1N=CCC1OC,ABArAA~DBr,53.76471641523793
C=C(C)C(C)C=O,C=C(C)C(C)C=O,-1718.83,C(C(C=O)C)(C)=C,A~A{A}A{A}A~B,73.52332244057477
C=CC(C)OC,C=CC(C)OC,-1543.96,CC(OC)C=C,A~AA{A}BA,63.73830520614173
CC1=COCO1,CC1=COCO1,-1221.82,C1OC=C(C)O1,AAr~ABABr,45.71265499798559
CCOC(C)CN,CCOC(C)CN,-1858.76,C(C)OC(CN)C,AABA{A}AD,81.35323873047138
C=CC(C)=CCN,C=CC(C)=CCN,-1921.19,C(CN)=C(C)C=C,A~AA{A}~AAD,84.84656878105555
C=CCONC=O,C=CCONC=O,-1365.61,C(NOCC=C)=O,A~AABDA~B,53.75856126057567
NC1C=CCC1,NC1C=CCC1,-1499.26,C1=CC(N)CC1,DArA~AAAr,61.23707417520929
CC1(CCO)CO1,CC1(CCO)CO1,-1647.04,C(CO)C1(C)CO1,AAr{AAB}ABr,69.50624468418461
C#CC1CC(C)O1,C#CC1CC(C)O1,-1544.56,O1C(C)CC1C#C,A^AArAA{A}Br,63.77187877702672
COCCCN,COCCCN,-1558.01,C(CCN)OC,ABAAAD,64.52448632436547
CCOCC(C)O,CCOCC(C)O,-1791.56,O(CC)CC(O)C,AABAA{A}B,77.59299879135143
CC1CC1,CC1CC1,-1157.46,C1CC1C,AArAAr,42.11132996105466
C#CC(=N)NC,C#CC(=N)NC,-1206.25,C(NC)(C#C)=N,A^AA{~D}DA,44.841420833519855
CC1(C)COC1,CC1(C)COC1,-1547.77,C1C(C)(C)CO1,AAr{A}ABAr,63.95149738126147
CC(O)C1(C)CO1,CC(O)C1(C)CO1,-1649.24,O1CC1(C(O)C)C,AA{B}Ar{A}ABr,69.62934777742962
N#CC(O)C1CN1,N#CC(O)C1CN1,-1713.6,C(#N)C(O)C1CN1,D^AA{B}ArADr,73.23067281436053
CNC1(C)CNC1,CNC1(C)CNC1,-1771.71,CC1(NC)CNC1,ADAr{A}ADAr,76.48227315457272
COCC[CH][N]O,COCC[CH][N]O,-1496.68,O[N][CH]CCOC,ABAA{AQ}{D}B,61.09270782040379
CNC1C=NOC1,CNC1C=NOC1,-1435.39,O1CC(NC)C=N1,ADArA~DBAr,57.663167554501115
C#CC#CC(=C)C,C#CC#CC(=C)C,-1446.63,C=C(C)C#CC#C,A^AA^AA{~A}A,58.292112449080086
CC1COC(=O)C1,CC1COC(=O)C1,-1556.99,C1OC(=O)CC1C,AArABA{~B}Ar,64.46741125386097
NC1CC2CC1O2,NC1CC2CC1O2,-1576.01,C1C2OC(C1N)C2,DArAAsAArBs,65.53169345091545
C#C[CH][N]OC=O,C#C[CH][N]OC=O,-1304.85,C([CH][N]OC=O)#C,A^A{AQ}{D}BA~B,50.35867764895474
O=C1CC(CO)C1,O=C1CC(CO)C1,-1524.83,C1C(=O)CC1CO,B~ArAA{AB}Ar,62.66786785442499
CC(C)NCCO,CC(C)NCCO,-1861.53,C(C)(NCCO)C,AA{A}DAAB,81.50823671605713
[CH2][N]OC(C)OC,[CH2][N]OC(C)OC,-1490.98,[N](OC(C)OC)[CH2],{AQs}{D}BA{A}BA,60.77375889699628
CCC1COCO1,CCC1COCO1,-1659.13,C1(CC)COCO1,AAArABABr,70.18275213751735
CNC1CC1NC,CNC1CC1NC,-1775.44,CNC1C(NC)C1,ADArAArDA,76.69098885357447
[O]S1([O])C=CCO1,[O]S1([O])C=CCO1,-1229.27,O1S([O])([O])C=CC1,{B}Er{{B}}A~AABr,46.129526836474334
C1CC2CN(C1)C2,C1CC2CN(C1)C2,-1774.75,C1C2CCCN1C2,ArAAsAD{Ar}As,76.65237924705673
N#Cc1cc[nH]n1,N#Cc1cc[nH]n1,-1157.45,[nH]1ccc(C#N)n1,D^Aaraa{dQ}dr,42.11077040153991
N#CC1C=CCO1,N#CC1C=CCO1,-1322.71,O1C(C#N)C=CC1,D^AArA~AABr,51.35805094229823
CNCC(C)OC,CNCC(C)OC,-1848.92,N(CC(OC)C)C,ADAA{A}BA,80.80263216795738
N#CCC1CC1O,N#CCC1CC1O,-1458.63,C(C1C(O)C1)C#N,D^AAArAArB,58.96358386678008
CC(=NN)C1CO1,CC(=NN)C1CO1,-1428.62,C1(C(=NN)C)CO1,AA{~DD}ArABr,57.28434576301535
CCC(=O)C1CO1,CCC(=O)C1CO1,-1512.8,C(C)C(C1OC1)=O,AAA{~B}ArABr,61.99471775818076
COCC1CCC1,COCC1CCC1,-1836.17,C1C(COC)CC1,ABAArAAAr,80.08919378665115
C1COCCO1,C1COCCO1,-1359.51,O1CCOCC1,ArABAABr,53.41722995657818
N#CC1CCOC1,N#CC1CCOC1,-1468.54,C1(C#N)COCC1,D^AArAABAr,59.518107345897306
C1=CC2CC2C=C1,C1=CC2CC2C=C1,-1242.64,C1=CC=CC2CC12,Ar~AAsAAsA~Ar,46.877657907695074
NCC(=O)N1CC1,NCC(=O)N1CC1,-1406.85,N1(C(=O)CN)CC1,DAA{~B}DrAAr,56.06618469940462
C=C(CO)C(N)=O,C=C(CO)C(N)=O,-1259.05,NC(C(=C)CO)=O,A~A{AB}A{D}~B,47.7958950713998
CC1CCC(=O)O1,CC1CCC(=O)O1,-1559.6,O=C1OC(C)CC1,AArAAA{~B}Br,64.61345628721071
CC(N)CC(C)N,CC(N)CC(C)N,-1935.47,NC(CC(N)C)C,AA{D}AA{A}D,85.64561976811854
Cc1nonc1C,Cc1nonc1C,-1316.19,o1nc(C)c(C)n1,AardbdarA,50.993218138681236
CCC(O)C(N)=O,CCC(O)C(N)=O,-1561.71,NC(C(O)CC)=O,AAA{B}A{D}~B,64.73152334482296
C#CC(C)C(C)O,C#CC(C)C(C)O,-1692.21,CC(C(C)C#C)O,A^AA{A}A{A}B,72.03377501231031
NC1CCC1CO,NC1CCC1CO,-1714.63,NC1C(CO)CC1,DArAAArAB,73.28830744437978
CC1(N)C=CC=C1,CC1(N)C=CC=C1,-1794.95,C1(C)(N)C=CC=C1,AAr{D}A~AA~Ar,77.78268946685172
C#CC(=C)C#CC,C#CC(=C)C#CC,-1455.32,C(C)#CC(C#C)=C,A^AA{~A}A^AA,58.778369667397826
C=CC#CCC=O,C=CC#CCC=O,-1421.77,C(#CCC=O)C=C,A~AA^AAA~B,56.90104749541162
CC1=NOCC1C,CC1=NOCC1C,-1577.58,N1=C(C)C(C)CO1,AAr~DBAArA,65.61954429473118
CCS(=O)(=O)CO,CCS(=O)(=O)CO,-1634.78,S(=O)(CC)(=O)CO,AAE{~B}{~B}AB,68.82022471910113
CC(C)C=CC=O,CC(C)C=CC=O,-1724.08,C(C=CC(C)C)=O,AA{A}A~AA~B,73.81709118581851
CC(CN)C1CN1,CC(CN)C1CN1,-1783.48,C(C(C)C1CN1)N,AA{AD}ArADr,77.14087470343347
Cc1ccsc1C,Cc1ccsc1C,-1371.53,c1sc(C)c(C)c1,AaraaearA,54.08982049330767
[CH2][N]N1CCC1C,[CH2][N]N1CCC1C,-1372.48,C1C(C)N([N][CH2])C1,{AQs}{D}DrAAArA,54.14297864720892
[NH][CH]N1C=CCO1,[NH][CH]N1C=CCO1,-1464.4,C1C=CN([CH][NH])O1,{DQ}{AQ}DrA~AABr,59.28644970679082
N#CC(=O)N1CC1,N#CC(=O)N1CC1,-1293.39,C(C(N1CC1)=O)#N,D^AA{~B}DrAAr,49.71742244505127
CC(N)C1CN1C,CC(N)C1CN1C,-1779.25,C1(C(C)N)N(C)C1,AA{D}ArADrA,76.90418102869421
NCC1CCC1O,NCC1CCC1O,-1719.23,C(C1C(O)CC1)N,DAArAAArB,73.54570482116479
CC1(C)CC(=O)C1,CC1(C)CC(=O)C1,-1726.03,O=C1CC(C)(C)C1,AAr{A}AA{~B}Ar,73.92620529119478
C[CH]C=C[N]O,C[CH]C=C[N]O,-1272.45,[CH](C)C=C[N]O,A{AQ}A~A{D}B,48.54570482116478
C=COC1CNC1,C=COC1CNC1,-1562.32,C(=C)OC1CNC1,A~ABArADAr,64.76565647522271
O=C1CCCC1,O=C1CCCC1,-1446.66,C1CCCC1=O,B~ArAAAAr,58.293791127624345
CC1CC[C]([NH])N1,CC1CC[C]([NH])N1,-1339.22,C1C(C)N[C]([NH])C1,AArAA{A}{{DQ}}Dr,52.281883701150456
N#Cc1ccsc1,N#Cc1ccsc1,-1052.74,N#Cc1cscc1,D^Aaraaear,36.25162272259278
C#CC(CC)OC,C#CC(CC)OC,-1681.81,COC(C#C)CC,A^AA{AA}BA,71.45183311697032
CC1C2COC1C2,CC1C2COC1C2,-1700.64,O1C2CC(C1)C2C,AArAsABArAs,72.50548368324458
N#CCC1CCN1,N#CCC1CCN1,-1524.28,C1(CC#N)NCC1,D^AAArAADr,62.63709208111376
CC1(CO)CC1,CC1(CO)CC1,-1550.3,C1C(C)(CO)C1,AAr{AB}AAr,64.09306593849323
CN1CCCC1=O,CN1CCCC1=O,-1628.6,C1CN(C)C(=O)C1,ADrAAAAr~B,68.47441693898563
C=C,C=C,-564.21,C=C,A~A,8.915461748511575
C1CC2OCC2O1,C1CC2OCC2O1,-1467.54,C12CCOC1CO2,ArAAsBAAsBr,59.46215139442231
COC(C)C,COC(C)C,-1393.45,C(C)(C)OC,ABA{A}A,55.316374949639645
COC(C)C(C)N,COC(C)C(C)N,-1856.03,CC(OC)C(C)N,ABA{A}A{A}D,81.20047898294463
C#CCC(N)=O,C#CCC(N)=O,-1162.19,NC(=O)CC#C,A^AAA{D}~B,42.37600161153141
O[N][CH]OC1CC1,O[N][CH]OC1CC1,-1380.64,C1CC1O[CH][N]O,B{D}{AQ}BArAAr,54.59957921124492
C#CCNCC#N,C#CCNCC#N,-1362.1,N(CC#C)CC#N,A^AADAA^D,53.56215587089842
CC1(CN)CC1O,CC1(CN)CC1O,-1717.04,CC1(CN)C(O)C1,AAr{AD}AArB,73.42316128743454
CC#CCC(N)=O,CC#CCC(N)=O,-1464.74,C(C)#CCC(=O)N,AA^AAA{D}~B,59.305474730292325
C=CC1NC1CC,C=CC1NC1CC,-1218.16,C1(C=C)C(CC)N1,A~AArDArAA,45.507856215587104
C1=NNCCCC1,C1=NNCCCC1,-1654.22,N1=CCCCCN1,Ar~DDAAAAr,69.90800841577511
CC1C=CC(=O)N1,CC1C=CC(=O)N1,-1492.93,C1(=O)NC(C)C=C1,AArA~AA{~B}Dr,60.88287300237254
OC1C2CNC1C2,OC1C2CNC1C2,-1579.98,C1C2C(O)C(C2)N1,BArAsADArAs,65.75383857827119
C1=NNC2(C1)CC2,C1=NNC2(C1)CC2,-1509.43,C1C2(NN=CC2)C1,Ar~DDAs{Ar}AAs,61.80614620171003
CCCC(C)C,CCCC(C)C,-1896.03,C(CCC)(C)C,AAAA{A}A,83.43871704194459
C=C(CN)CNC,C=C(CN)CNC,-1783.46,N(CC(CN)=C)C,A~A{AD}ADA,77.13975558440396
CN1CC(C#N)C1,CN1CC(C#N)C1,-1515.88,C1C(C#N)CN1C,ADrAA{A^D}Ar,62.16706208872376
C=C1C=COCO1,C=C1C=COCO1,-1386.56,O1COC=CC1=C,A~ArA~ABABr,54.9308384439769
C=C(C#N)C#N,C=C(C#N)C#N,-963.04,N#CC(C#N)=C,A~A{A^D}A^D,31.232373875285376
CC1NCC1C#N,CC1NCC1C#N,-1914.1,CC1C(C#N)CN1,AArDAArA^D,84.4498410850978
C1=COCOCC1,C1=COCOCC1,-1516.64,O1COC=CCC1,Ar~ABABAAr,62.20958861184478
C#CC1(C)CCO1,C#CC1(C)CCO1,-1544.06,C#CC1(C)OCC1,A^AAr{A}AABr,63.74390080128922
N[N][CH]C1COC1,N[N][CH]C1COC1,-1580.27,C1C([CH][N]N)CO1,D{D}{AQ}ArABAr,65.77006580419894
CC[CH]C=C[N]N,CC[CH]C=C[N]N,-1644.12,[CH](C=C[N]N)CC,AA{AQ}A~A{D}D,69.3428533058776
CC(=O)S(C)(=O)=O,CC(=O)S(C)(=O)=O,-1088.85,CC(=O)S(=O)(C)=O,AA{~B}E{A}{~B}~B,38.27219213035498
CC(=O)C1OC1C,CC(=O)C1OC1C,-1515.76,C1(C)OC1C(C)=O,AA{~B}ArBArA,62.16034737454677
C=CC(=O)OCC,C=CC(=O)OCC,-1538.53,O=C(OCC)C=C,A~AA{~B}BAA,63.434464389632495
O=C1NCCC1O,O=C1NCCC1O,-1738.28,C1NC(=O)C(O)C1,B~ArDAAArB,74.61166569676351
C=C1CCC(=O)N1,C=C1CCC(=O)N1,-1496.1,C=C1NC(=O)CC1,A~ArAAA{~B}Dr,61.060253368548274
C=COC=CC,C=COC=CC,-1408.02,C(=C)OC=CC,A~ABA~AA,56.13165316263038
Cc1ccco1,Cc1ccco1,-1307.56,c1ccoc1C,Aaraaabr,50.510318277451994
CCCOCOC,CCCOCOC,-1781.97,O(C)COCCC,AAABABA,77.05638121670621
CC=CC=CC#N,CC=CC=CC#N,-1922.87,C(C=CC)=CC#N,AA~AA~AA^D,84.94057477953353
C=CC=CCCC,C=CC=CCCC,-1909.98,C(=CCCC)C=C,A~AA~AAAA,84.21930256502083
C1=CNC=NOC1,C1=CNC=NOC1,-1304.21,C1=NOCC=CN1,Ar~ADA~DBAr,50.32286584001075
[CH2][N]N1CCC1,[CH2][N]N1CCC1,-1325.03,C1CCN1[N][CH2],{AQs}{D}DrAAAr,51.48786874972022
C=C1CCOCO1,C=C1CCOCO1,-1521.3,C1CC(=C)OCO1,A~ArAABABr,62.470343345718256
COC(C=O)=CN,COC(C=O)=CN,-1394.93,C(=O)C(OC)=CN,ABA{A~B}~AD,55.39918975782265
CC(C)(N)C1CN1,CC(C)(N)C1CN1,-1784.3,N1CC1C(N)(C)C,AA{A}{D}ArADr,77.18675858364296
CCCC(C)OC,CCCC(C)OC,-1984.66,O(C)C(CCC)C,AAAA{A}BA,88.39809302117375
CCC(C=O)=NO,CCC(C=O)=NO,-1375.68,C(C=O)(=NO)CC,AAA{A~B}~DB,54.32203769192892
CCC1CCNC1,CCC1CCNC1,-1630.52,CCC1CNCC1,AAArAADAr,68.58185236581762
Cn1ccc(=O)[nH]1,Cn1ccc(=O)[nH]1,-1343.04,[nH]1c(=O)ccn1C,Adraaa{~B}{dQ}r,52.495635435784955
O=CCC1CC1,O=CCC1CC1,-1418.48,C1CC1CC=O,B~AAArAAr,56.71695241505887
C#CC1C(C)C1N,C#CC1C(C)C1N,-1608.5,C1(N)C(C)C1C#C,A^AArA{A}ArD,67.34970231433815
O=C1NCCCO1,O=C1NCCCO1,-1198.32,N1CCCOC1=O,B~ArDAAABr,44.397690138323114
CCC1NCC1O,CCC1NCC1O,-1714.18,N1C(CC)C(O)C1,AAArDAArB,73.26312726621605
CC(C)[N][CH]NO,CC(C)[N][CH]NO,-1574.25,N(O)[CH][N]C(C)C,AA{A}{D}{AQ}DB,65.43321097631944
C1=COC=CO1,C1=COC=CO1,-1076.78,O1C=COC=C1,Ar~ABA~ABr,37.59680379605175
CON=C(C)OC,CON=C(C)OC,-1499.73,CC(OC)=NOC,ABD~A{A}BA,61.26337347240252
CC1=CCC(=O)N1,CC1=CCC(=O)N1,-1495.37,C1(=O)CC=C(C)N1,AAr~AAA{~B}Dr,61.019405523971514
CN1CC(O)C1=O,CN1CC(O)C1=O,-1406.99,C1C(O)C(=O)N1C,ADrAA{B}Ar~B,56.074018532611134
C=Cc1cccs1,C=Cc1cccs1,-1302.5,C(c1cccs1)=C,A~Aaraaaer,50.2271811629885
C1COCOC1,C1COCOC1,-1365.17,C1OCOCC1,ArABABAr,53.73394064192669
C1=COC2CC2C1,C1=COC2CC2C1,-1530.54,C1C2CC2OC=C1,Ar~ABAsAAsAr,62.987376337347236
CC(O)CCC#N,CC(O)CCC#N,-1605.31,N#CCCC(C)O,AA{B}AAA^D,67.17120282913291
C#CC(=O)C1CN1,C#CC(=O)C1CN1,-1282.06,C1(C(=O)C#C)CN1,A^AA{~B}ArADr,49.08344151483952
CC1=CC(C)OC1,CC1=CC(C)OC1,-1724.44,CC1C=C(C)CO1,AAr~AA{A}BAr,73.83723532834952
C=CN(C=C)C=N,C=CN(C=C)C=N,-1515.35,N=CN(C=C)C=C,A~AD{A~A}A~D,62.137405434442
CCC(C)N1CC1,CCC(C)N1CC1,-1908.02,CC(N1CC1)CC,AAA{A}DrAAr,84.10962890012982
C=CC(C)C(=C)C,C=CC(C)C(=C)C,-1904.01,C(C=C)(C(C)=C)C,A~AA{A}A{~A}A,83.88524553471508
CC1C(C)C1CN,CC1C(C)C1CN,-1916.82,C1(C)C(CN)C1C,AArA{A}ArAD,84.60204127310982
CCCC(=O)NN,CCCC(=O)NN,-1611.86,NNC(CCC)=O,AAAA{~B}DD,67.53771431129415
CC1OCCC1=O,CC1OCCC1=O,-1537.92,O=C1CCOC1C,AArBAAAr~B,63.400331259232736
C=C(C=O)COC,C=C(C=O)COC,-1513.04,COCC(=C)C=O,A~A{A~B}ABA,62.00814718653476
CC=CCN1CC1,CC=CCN1CC1,-1763.88,C(CN1CC1)=CC,AA~AADrAAr,76.04413805452349
NCCCO,NCCCO,-1271.12,OCCCN,DAAAB,48.471283405703026
C=C(C)C#CC,C=C(C)C#CC,-1460.11,CC(=C)C#CC,A~A{A}A^AA,59.04639867496307
CCC(O)C1CO1,CCC(O)C1CO1,-1645.18,C(C(O)C1OC1)C,AAA{B}ArABr,69.40216661444113
C=CC[CH][N]OC,C=CC[CH][N]OC,-1551.13,O([N][CH]CC=C)C,A~AA{AQ}{D}BA,64.13950937821747
CC1(C)CCO1,CC1(C)CCO1,-1552.94,C1(C)(C)OCC1,AAr{A}AABr,64.24078965038721
C=CCCC=CC,C=CCCC=CC,-1905.12,C(CCC=CC)=C,A~AAAA~AA,83.9473566408523
C1CC2CC1N2,C1CC2CC1N2,-1482.8,C1CC2NC1C2,ArAAsAArDs,60.3160392139308
NC12CNCC1C2,NC12CNCC1C2,-1657.13,C1C2(N)CC2CN1,DArsADAArAs,70.07084023456736
C#CC(C)(O)CN,C#CC(C)(O)CN,-1561.0,C(C)(C#C)(CN)O,A^AA{A}{B}AD,64.6917946192757
[CH2][N][N][CH]COC,[CH2][N][N][CH]COC,-1431.06,C(OC)[CH][N][N][CH2],{AQs}{D}{D}{AQ}ABA,57.420878284614346
CNCCCCO,CNCCCCO,-1860.3,C(CO)CCNC,ADAAAAB,81.43941089574288
C=CC1CN1C=O,C=CC1CN1C=O,-1435.86,N1(C=O)CC1C=C,A~AArADrA~B,57.68946685169435
CC1=COCCC1,CC1=COCCC1,-1727.47,C1CC(C)=COC1,AAr~ABAAAr,74.00678186131877
C=C(C)C=O,C=C(C)C=O,-1131.64,CC(C=O)=C,A~A{A}A~B,40.6665472939702
N[N][CH]C1CCC1,N[N][CH]C1CCC1,-1632.05,[N](N)[CH]C1CCC1,D{D}{AQ}ArAAAr,68.66746497157438
CC#CC(=O)OC,CC#CC(=O)OC,-1381.23,C(C(OC)=O)#CC,AA^AA{~B}BA,54.632593222615164
C=CC(=O)OC,C=CC(=O)OC,-1240.04,O=C(C=C)OC,A~AA{~B}BA,46.73217243386007
COC1C=NN=C1,COC1C=NN=C1,-1302.69,N1=CC(OC)C=N1,ABArA~DD~Ar,50.23781279376875
C#CCC(O)C=O,C#CCC(O)C=O,-1363.72,O=CC(O)CC#C,A^AAA{B}A~B,53.65280451228793
[CH2][N]OCC(C)=O,[CH2][N]OCC(C)=O,-1366.19,C(CO[N][CH2])(=O)C,{AQs}{D}BAA{A}~B,53.791015712431175
CC1C(N)CC1N,CC1C(N)CC1N,-1916.19,C1(N)C(C)C(N)C1,AArA{D}AArD,84.56678902368057
[CH2]C=C[N]N1CC1,[CH2]C=C[N]N1CC1,-1484.14,C1N([N]C=C[CH2])C1,{AQs}A~A{D}DrAAr,60.39102018890731
OCc1ccc[nH]1,OCc1ccc[nH]1,-1793.67,c1[nH]c(CO)cc1,BAaraaa{dQ}r,77.7110658489637
C1OC1CN1CC1,C1OC1CN1CC1,-1554.03,C(C1CO1)N1CC1,ArBArADrAAr,64.30178163749498
COc1ccno1,COc1ccno1,-1251.77,c1c(OC)onc1,ABaraadbr,47.3885357446618
CC1(C)OCCO1,CC1(C)OCCO1,-1664.97,C1(C)(C)OCCO1,AAr{A}BAABr,70.50953489413135
C#CC=CC(N)=O,C#CC=CC(N)=O,-1314.1,C(N)(=O)C=CC#C,A^AA~AA{D}~B,50.876270200098475
S=C1NC=CCN1,S=C1NC=CCN1,-1553.26,C1NC(=S)NC=C1,E~ArDA~AADr,64.25869555485923
COC=CC(N)=O,COC=CC(N)=O,-1416.48,C(=CC(=O)N)OC,ABA~AA{D}~B,56.60504051210887
N#CC1CN1,N#CC1CN1,-925.91,C1NC1C#N,D^AArADr,29.15472939701867
NC1CC1NC=O,NC1CC1NC=O,-1476.05,N(C=O)C1C(N)C1,DArAArDA~B,59.938336541474555
CC1(N)CCC1N,CC1(N)CCC1N,-1797.46,CC1(N)C(N)CC1,AAr{D}AAArD,77.92313890505395
CCCN(C)C=O,CCCN(C)C=O,-1745.69,C(=O)N(CCC)C,AAAD{A}A~B,75.02629929719325
CC1CC(C)N1C,CC1CC(C)N1C,-1417.6,CN1C(C)CC1C,AArAA{A}DrA,56.667711177760864
CN[N][CH]CC#N,CN[N][CH]CC#N,-1384.66,N#CC[CH][N]NC,AD{D}{AQ}AA^D,54.824522136174416
C1CC2CC1O2,C1CC2CC1O2,-1410.15,C1CC2OC1C2,ArAAsAArBs,56.25083933927213
Cc1cc(C)[nH]n1,Cc1cc(C)[nH]n1,-1568.18,[nH]1c(C)cc(C)n1,Aaraa{A}{dQ}dr,65.0935583508662
CC1C(C)C1C=O,CC1C(C)C1C=O,-1715.03,C1(C=O)C(C)C1C,AArA{A}ArA~B,73.3106898249698
C#CCC1COC1,C#CCC1COC1,-1540.89,O1CC(CC#C)C1,A^AAArABAr,63.566520435113496
N=C1COC=CN1,N=C1COC=CN1,-1341.07,O1C=CNC(=N)C1,D~ArABA~ADr,52.38540221137921
CC(C#N)NC=N,CC(C#N)NC=N,-1408.81,N(C=N)C(C)C#N,AA{A^D}DA~D,56.17585836429563
CC1C2COCC12,CC1C2COCC12,-1710.69,O1CC2C(C)C2C1,AArAsABAArs,73.06784099556829
O=CN1CCCC1,O=CN1CCCC1,-1480.73,C1N(C=O)CCC1,B~ADrAAAAr,60.20021039437754
C#CC(CN)=NO,C#CC(CN)=NO,-1440.12,C(C#C)(=NO)CN,A^AA{AD}~DB,57.92783920497783
CC1=CCCC=C1,CC1=CCCC=C1,-1786.2,C1(C)=CCCC=C1,AAr~AAAA~Ar,77.29307489144547
O=Cn1cccn1,O=Cn1cccn1,-1471.66,n1(C=O)nccc1,B~Adraaadr,59.69268991449932
CCCOC(C)=O,CCCOC(C)=O,-1683.47,O(C(=O)C)CCC,AAABA{A}~B,71.54471999641883
C#CC(C#C)CO,C#CC(C#C)CO,-1384.79,C(CO)(C#C)C#C,A^AA{A^A}AB,54.83179640986616
CCC1(CN)CN1,CCC1(CN)CN1,-1261.18,CCC1(CN)NC1,AAAr{AD}ADr,47.915081248041545
C=C1CCOC1,C=C1CCOC1,-1420.82,C1OCCC1=C,A~ArAABAr,56.84788934151037
CCCC1CC1O,CCCC1CC1O,-1842.1,C1(CCC)CC1O,AAAArAArB,80.42101257889789
C=CC(=CC)CN,C=CC(=CC)CN,-1779.46,NCC(=CC)C=C,A~AA{~AA}AD,76.91593177850396
CCC(N)[CH][N]O,CCC(N)[CH][N]O,-1573.91,C([CH][N]O)(CC)N,AAA{D}{AQ}{D}B,65.41418595281796
CC1CC(O)CO1,CC1CC(O)CO1,-1665.64,C1C(C)OCC1O,AArAA{B}ABr,70.5470253816196
CC1CC1(C)CN,CC1CC1(C)CN,-1917.14,CC1(CN)CC1C,AArAAr{A}AD,84.61994717758184
C=C(C=O)C(C)O,C=C(C=O)C(C)O,-1524.61,C(C(=C)C(O)C)=O,A~A{A~B}A{A}B,62.6555575451005
CCNC(C)CN,CCNC(C)CN,-1929.11,C(C(C)NCC)N,AADA{A}AD,85.28973991673755
[CH2][N]OCC,[CH2][N]OCC,-1102.46,CCO[N][CH2],{AQs}{D}BAA,39.03375262992972
C=C(CC#N)OC,C=C(CC#N)OC,-1453.52,COC(=C)CC#N,A~A{AA^D}BA,58.67764895474282
Cc1cc(=O)[nH]o1,Cc1cc(=O)[nH]o1,-1262.57,c1(C)cc(=O)[nH]o1,Aaraa{~B}{dQ}br,47.99286002059179
CC1CC(C)(C)N1,CC1CC(C)(C)N1,-1331.92,C1(C)NC(C)(C)C1,AArAA{A}{A}Dr,51.87340525538298
C#CC(=C)CCO,C#CC(=C)CCO,-1550.55,C=C(C#C)CCO,A^AA{~A}AAB,64.10705492636197
COC1=COCC1,COC1=COCC1,-1509.49,O(C1=COCC1)C,ABAr~ABAAr,61.809503558798525
O=C1C2C=CC1O2,O=C1C2C=CC1O2,-1224.57,C1=CC2OC1C2=O,B~ArAsA~AArBs,45.866533864541836
C1=NN=COCC1,C1=NN=COCC1,-1313.03,C1CC=NN=CO1,Ar~DD~ABAAr,50.81639733202024
CCC(C)(C)C,CCC(C)(C)C,-1896.03,C(C)C(C)(C)C,AAA{A}{A}A,83.43871704194459
C[CH][N]OCCC,C[CH][N]OCCC,-1699.99,CCCO[N][CH]C,A{AQ}{D}BAAA,72.46911231478582
CCC=CCC=O,CCC=CCC=O,-1718.79,C(C=CCC)C=O,AAA~AAA~B,73.52108420251578
CC1C(C)N1C,CC1C(C)N1C,-1613.95,C1(C)N(C)C1C,AArA{A}DrA,67.6546622498769
COCC(N)CO,COCC(N)CO,-1658.37,O(C)CC(CO)N,ABAA{D}AB,70.14022561439633
C=C(C)C1CNC1,C=C(C)C1CNC1,-1914.89,C(=C)(C)C1CNC1,A~A{A}ArADAr,84.49404628676308
C[N][CH]NCC#N,C[N][CH]NCC#N,-1406.29,N([CH][N]C)CC#N,A{D}{AQ}DAA^D,56.034849366578634
Cc1c[nH]nc1C,Cc1c[nH]nc1C,-1525.86,n1[nH]cc(C)c1C,Aara{dQ}darA,62.72550248444425
C=CCN(C)C=O,C=CCN(C)C=O,-1599.87,CN(CC=C)C=O,A~AAD{A}A~B,66.8668024531089
C=CC1(C)CCO1,C=CC1(C)CCO1,-1700.7,O1C(C=C)(C)CC1,A~AAr{A}AABr,72.50884104033307
CC=CC(O)CO,CC=CC(O)CO,-1655.09,C(O)(CO)C=CC,AA~AA{B}AB,69.95669009355835
CCC(N)C(C)C,CCC(N)C(C)C,-2062.03,CC(C)C(N)CC,AAA{D}A{A}A,92.7274049867944
CCCS(N)(=O)=O,CCCS(N)(=O)=O,-1057.9,C(CC)S(=O)(=O)N,AAAE{D}{~B}~B,36.540355432203775
CCc1nncs1,CCc1nncs1,-1589.87,s1c(CC)nnc1,AAarddaer,66.30724293835891
C1CC2NC2CN1,C1CC2NC2CN1,-1655.11,N1CC2NC2CC1,ArAAsDAsADr,69.95780921258786
CC(C)C1(C)CN1,CC(C)C1(C)CN1,-1908.14,C1NC1(C(C)C)C,AA{A}Ar{A}ADr,84.11634361430684
C=COC(C)CC,C=COC(C)CC,-1846.9,CC(OC=C)CC,A~ABA{A}AA,80.68960114597789
C#CC(C)C(C)=O,C#CC(C)C(C)=O,-1566.1,C(C)(C#C)C(C)=O,A^AA{A}A{A}~B,64.97716997179819
Cc1cc[nH]c1N,Cc1cc[nH]c1N,-1777.55,c1c(C)c(N)[nH]c1,Aaraa{dQ}arD,76.80905591118672
CC1=CC=CCO1,CC1=CC=CCO1,-1585.29,C1(C)=CC=CCO1,AAr~AA~AABr,66.05096468060343
C#CC1OCC1=O,C#CC1OCC1=O,-1212.78,O=C1C(C#C)OC1,A^AArBAAr~B,45.2068131966516
CC1(C)OC1(C)C,CC1(C)OC1(C)C,-1849.7,CC1(C)C(C)(C)O1,AAr{A}BAr{A}A,80.8462778101079
C=CN(C=O)OC,C=CN(C=O)OC,-1366.32,C(N(C=O)OC)=C,A~AD{A~B}BA,53.798289986122924
CC1CCC1(C)C,CC1CCC1(C)C,-2047.33,CC1(C)C(C)CC1,AArAAAr{A}A,91.9048525001119
C#CC(CN)NC,C#CC(CN)NC,-1625.64,C(N)C(C#C)NC,A^AA{AD}DA,68.30878732261965
CCC1COC1,CCC1COC1,-1545.47,O1CC(CC)C1,AAArABAr,63.822798692868986
C=CC(C)(C)C,C=CC(C)(C)C,-1751.53,CC(C)(C)C=C,A~AA{A}{A}A,75.35308205380724
CC(C)C(O)C#N,CC(C)C(O)C#N,-1600.25,C(#N)C(C(C)C)O,AA{A}A{B}A^D,66.88806571466941
C=CCN1CC1C,C=CCN1CC1C,-1782.46,C1N(CC=C)C1C,A~AADrAArA,77.08379963292896
CC1NCC1CO,CC1NCC1CO,-1710.53,C1(C)C(CO)CN1,AArDAArAB,73.0588880433323
C#CC(O)CCC,C#CC(O)CCC,-1691.42,C(C#C)(CCC)O,A^AA{B}AAA,71.98956981064507
[CH2][N]N1CC(=O)C1,[CH2][N]N1CC(=O)C1,-1296.98,C1C(=O)CN1[N][CH2],{AQs}{D}DrAA{~B}Ar,49.9183043108465
CNCC#N,CNCC#N,-1070.7,N#CCNC,ADAA^D,37.256591611083756
C#CC(O)CCO,C#CC(O)CCO,-1490.91,OCCC(O)C#C,A^AA{B}AAB,60.769841980393046
C=CC1CCOC1,C=CC1CCOC1,-1714.98,C1COCC1C=C,A~AArAABAr,73.30789202739604
CCC(C)(O)CC,CCC(C)(O)CC,-1995.56,CC(CC)(O)CC,AAA{A}{B}AA,89.00801289225122
CN(C)CCC#N,CN(C)CCC#N,-1660.33,C(C#N)CN(C)C,AD{A}AAA^D,70.24989927928735
C#CC(=C)C,C#CC(=C)C,-1157.45,CC(=C)C#C,A^AA{~A}A,42.11077040153991
OC1(C2CN2)CC1,OC1(C2CN2)CC1,-1558.91,C1CC1(O)C1CN1,BAr{AsADs}AAr,64.57484668069297
CC=C(C)C(C)=O,CC=C(C)C(C)=O,-1730.64,C(=C(C)C(=O)C)C,AA~A{A}A{A}~B,74.18416222749454
CC#CC(=O)C#N,CC#CC(=O)C#N,-1167.84,C(C#CC)(C#N)=O,AA^AA{~B}A^D,42.69215273736514
C1=NN2CC2C1,C1=NN2CC2C1,-1206.68,C12CC=NN1C2,Ar~DDsAAsAr,44.8654818926541
CC1C(C)C1(C)N,CC1C(C)C1(C)N,-1916.61,CC1C(N)(C)C1C,AArA{A}Ar{A}D,84.59029052330007
C1=NNC2CCC12,C1=NNC2CCC12,-1512.4,C1=NNC2C1CC2,Ar~DDAsAAArs,61.97233537759077
C=CCC(O)CN,C=CCC(O)CN,-1710.57,OC(CN)CC=C,A~AAA{B}AD,73.0611262813913
C=CC#CC1CN1,C=CC#CC1CN1,-1770.84,N1C(C#CC=C)C1,A~AA^AArADr,76.43359147678947
C=C(C)C(=N)NC,C=C(C)C(=N)NC,-1665.71,C=C(C(NC)=N)C,A~A{A}A{~D}DA,70.55094229822285
C=C1C=CC2OC12,C=C1C=CC2OC12,-1425.03,O1C2C1C(=C)C=C2,A~ArA~AAsBArs,57.08346389722011
Nc1ccc(N)s1,Nc1ccc(N)s1,-1241.52,Nc1sc(N)cc1,Daraaa{D}er,46.81498724204307
Cc1nnc(C)s1,Cc1nnc(C)s1,-1400.16,s1c(C)nnc1C,Aardda{A}er,55.691839384036896
[CH2][N]OCC1CO1,[CH2][N]OCC1CO1,-1341.11,C1(CO[N][CH2])OC1,{AQs}{D}BAArABr,52.387640449438194
CC(=O)C1CCC1,CC(=O)C1CCC1,-1719.24,C(C1CCC1)(=O)C,AA{~B}ArAAAr,73.54626438067953
CC1(C)CCC1,CC1(C)CCC1,-1751.01,C1CC(C)(C)C1,AAr{A}AAAr,75.32398495904025
[CH2][N]N1CC1C=O,[CH2][N]N1CC1C=O,-1289.21,N1([N][CH2])C(C=O)C1,{AQs}{D}DrAArA~B,49.48352656788576
C#CC(C)=C(C)C,C#CC(C)=C(C)C,-1754.54,C(C#C)(C)=C(C)C,A^AA{A}~A{A}A,75.521509467747
N#Cc1cn[nH]c1,N#Cc1cn[nH]c1,-1159.08,c1(C#N)cn[nH]c1,D^Aarad{dQ}ar,42.20197860244416
O=C1CCC=CN1,O=C1CCC=CN1,-1359.29,C1(=O)CCC=CN1,B~ArAAA~ADr,53.404919647253685
NCC#CCCN,NCC#CCCN,-1636.51,C(CN)#CCCN,DAA^AAAD,68.91702851515288
C#CC1OC=NO1,C#CC1OC=NO1,-1070.27,C(#C)C1ON=CO1,A^AArBA~DBr,37.23253055194951
C=C(C)CC(C)C,C=C(C)CC(C)C,-2050.47,CC(C)CC(=C)C,A~A{A}AA{A}A,92.0805541877434
C[CH][N][N][CH]CC,C[CH][N][N][CH]CC,-1649.78,[CH](CC)[N][N][CH]C,A{AQ}{D}{D}{AQ}AA,69.65956399122612
CCC#CCCN,CCC#CCCN,-1768.22,C(CC)#CCCN,AAA^AAAD,76.28698688392498
CCC(=O)C(N)=O,CCC(=O)C(N)=O,-1435.09,CCC(=O)C(=O)N,AAA{~B}A{D}~B,57.6463807690586
CC(=O)C(C)O,CC(=O)C(C)O,-1373.15,OC(C)C(C)=O,AA{~B}A{A}B,54.18046913469718
CCC1(N)CCC1,CCC1(N)CCC1,-1680.42,C1CCC1(N)CC,AAAr{D}AAAr,71.37405434442007
CS(=O)(=O)CCO,CS(=O)(=O)CCO,-1220.93,O=S(=O)(CCO)C,AE{~B}{~B}AAB,45.66285420117284
CCC(C=O)=CN,CCC(C=O)=CN,-1603.19,C(=C(C=O)CC)N,AAA{A~B}~AD,67.05257621200592
NCc1ccsn1,NCc1ccsn1,-1051.63,C(c1nscc1)N,DAaraaedr,36.18951161645553
C=CC#CC(C)O,C=CC#CC(C)O,-1554.79,C(C#CC=C)(O)C,A~AA^AA{A}B,64.34430816061595
CC1CC(=O)N1O,CC1CC(=O)N1O,-1379.28,C1(=O)N(O)C(C)C1,AArAA{~B}DrB,54.523479117238914
CC1=C(C)CNC1,CC1=C(C)CNC1,-1240.76,C1(C)=C(C)CNC1,AAr~A{A}ADAr,46.77246071892207
O=C(O)C1CCN1,O=C(O)C1CCN1,-1407.7,O=C(O)C1NCC1,B~A{B}ArAADr,56.113747258158384
CC(=O)C1CO1,CC(=O)C1CO1,-1219.91,C(=O)(C1CO1)C,AA{~B}ArABr,45.605779130668346
COC1(C)CC1C,COC1(C)CC1C,-1837.65,O(C1(C)C(C)C1)C,ABAr{A}AArA,80.17200859483415
C1=CCON=CC1,C1=CCON=CC1,-1423.05,C1=NOCC=CC1,Ar~AABD~AAr,56.97267111329961
C=CC1NCC1C,C=CC1NCC1C,-1519.95,CC1C(C=C)NC1,A~AArDAArA,62.39480281122702
CC=C1C=NNC1,CC=C1C=NNC1,-1407.22,C1C(=CC)C=NN1,AA~ArA~DDAr,56.08688840145038
CC1CC(O)C1C,CC1CC(O)C1C,-1848.0,C1C(O)C(C)C1C,AArAA{B}ArA,80.75115269260039
N#CC1=NNCC1,N#CC1=NNCC1,-1268.82,C1CC(C#N)=NN1,D^AAr~DDAAr,48.34258471731054
O=Cc1ccsc1,O=Cc1ccsc1,-1118.32,c1scc(C=O)c1,B~Aaraaear,39.921214020323205
CC(C)NCC=O,CC(C)NCC=O,-1726.58,CC(NCC=O)C,AA{A}DAA~B,73.95698106450601
C1=CCNN=CC1,C1=CCNN=CC1,-1509.52,N1N=CCC=CC1,Ar~AADD~AAr,61.81118223734276
N#CC=CN1CC1,N#CC=CN1CC1,-1375.43,C(C=CN1CC1)#N,D^AA~ADrAAr,54.30804870406017
CNCC(=O)C#N,CNCC(=O)C#N,-1329.48,O=C(C#N)CNC,ADAA{~B}A^D,51.73687273378397
NC(=O)C=CCO,NC(=O)C=CCO,-1417.07,NC(C=CCO)=O,DA{~B}A~AAB,56.63805452347912
C=CC#C[CH][N]O,C=CC#C[CH][N]O,-1560.54,[CH]([N]O)C#CC=C,A~AA^A{AQ}{D}B,64.6660548815972
C=C1CC=CC1N,C=C1CC=CC1N,-1651.43,C1=CC(N)C(=C)C1,A~ArAA~AArD,69.75189131115987
C#CCCCCC,C#CCCCCC,-1891.76,CCCCCC#C,A^AAAAAA,83.19978512914633
CC(O)CNC=N,CC(O)CNC=N,-1608.25,OC(C)CNC=N,AA{B}ADA~D,67.3357133264694
N#CC=C(N)C=O,N#CC=C(N)C=O,-1344.87,C(C(N)=CC#N)=O,D^AA~A{D}A~B,52.59803482698419
CNC1(C)CCC1,CNC1(C)CCC1,-1908.05,C1CCC1(NC)C,ADAr{A}AAAr,84.11130757867407
CC(N)C1CC1C,CC(N)C1CC1C,-1918.51,C(C)(N)C1C(C)C1,AA{D}ArAArA,84.69660683110256
CCNCC(C)C,CCNCC(C)C,-2058.35,C(C(C)C)NCC,AADAA{A}A,92.52148708536639
CC(C)C(C)(C)O,CC(C)C(C)(C)O,-1995.55,CC(C(C)(C)O)C,AA{A}A{A}{A}B,89.00745333273647
C#CC(C)(C)OC,C#CC(C)(C)OC,-1679.87,C(OC)(C)(C#C)C,A^AA{A}{A}BA,71.34327857110881
[CH2][N][N][CH]CC#N,[CH2][N][N][CH]CC#N,-1248.43,[N]([N][CH]CC#N)[CH2],{AQs}{D}{D}{AQ}AA^D,47.201642866735305
O=C[CH]C=C[N]O,O=C[CH]C=C[N]O,-2191.74,C(=C[N]O)[CH]C=O,B~A{AQ}A~A{D}B,99.98545145261649
[CH2][N]OCC1CN1,[CH2][N]OCC1CN1,-1412.57,N1C(CO[N][CH2])C1,{AQs}{D}BAArADr,56.38625274184162
CC(C#N)=CCO,CC(C#N)=CCO,-1460.27,C(=CCO)(C#N)C,AA{A^D}~AAB,59.055351627199066
C=C(C)C1CO1,C=C(C)C1CO1,-1401.11,CC(C1OC1)=C,A~A{A}ArABr,55.74499753793813
C=CCC=CC,C=CCC=CC,-1609.19,CC=CCC=C,A~AAA~AA,67.38831192085591
CC1CCC(C)C1,CC1CCC(C)C1,-2066.04,C1CC(C)CC1C,AArAAA{A}Ar,92.95178835220915
C1CC(C2CC2)C1,C1CC(C2CC2)C1,-1913.07,C1CCC1C1CC1,ArAA{AsAAs}Ar,84.39220645507856
C#CC1CN1CC,C#CC1CN1CC,-1607.48,C#CC1N(CC)C1,A^AArADrAA,67.29262724383365
C#CC=CCNC,C#CC=CCNC,-1615.78,C(C=CCNC)#C,A^AA~AADA,67.75706164107616
S=C1NCCCN1,S=C1NCCCN1,-1547.55,N1C(=S)NCCC1,E~ArDAAADr,63.93918707193698
C1=CC2C=CC1O2,C1=CC2C=CC1O2,-1423.73,O1C2C=CC1C=C2,Ar~AAsA~AArBs,57.010721160302616
C=C1C=NNC1C,C=C1C=NNC1C,-1519.72,C=C1C(C)NN=C1,A~ArA~DDArA,62.38193294238776
CC(C#N)N1CC1,CC(C#N)N1CC1,-1513.99,CC(N1CC1)C#N,AA{A^D}DrAAr,62.06130534043602
CC=CC(N)=O,CC=CC(N)=O,-1324.45,C(N)(C=CC)=O,AA~AA{D}~B,51.45541429786472
CN(C)C(C)(C)C,CN(C)C(C)(C)C,-2048.32,N(C(C)(C)C)(C)C,AD{A}A{A}{A}A,91.96024889207217
C=C(C=CC)CN,C=C(C=CC)CN,-1658.01,C(=CC(=C)CN)C,A~A{A~AA}AD,70.12008147186536
CCC1CC1,CCC1CC1,-1453.58,C(C1CC1)C,AAArAAr,58.681006311831325
CCC(C)(C)CO,CCC(C)(C)CO,-1991.71,CCC(CO)(C)C,AAA{A}{A}AB,88.79258247907248
CCC1CC(N)C1,CCC1CC(N)C1,-1681.39,C1C(CC)CC1N,AAArAA{D}Ar,71.42833161735084
C#CC1CCO1,C#CC1CCO1,-1243.86,C1C(C#C)OC1,A^AArAABr,46.94592416849456
C=C(NC=N)OC,C=C(NC=N)OC,-1460.0,N=CNC(=C)OC,A~A{DA~D}BA,59.04024352030081
CC1CN=CNO1,CC1CN=CNO1,-1444.08,CC1ONC=NC1,AArAD~ADBr,58.14942477281883
CN1CC(C)(C)C1,CN1CC(C)(C)C1,-1908.95,N1(C)CC(C)(C)C1,ADrAA{A}{A}Ar,84.16166793500159
C[CH][N]N1CC1C,C[CH][N]N1CC1C,-1628.75,N1([N][CH]C)CC1C,A{AQ}{D}DrAArA,68.48281033170687
CC=CCCCO,CC=CCCCO,-1849.77,C(CCCO)=CC,AA~AAAAB,80.85019472671114
C=C(C)COC=O,C=C(C)COC=O,-1532.34,C(=O)OCC(=C)C,A~A{A}ABA~B,63.08809705000224
C=Cc1cnsn1,C=Cc1cnsn1,-1305.81,c1(C=C)nsnc1,A~Aaradedr,50.412395362370745
CCNCC=O,CCNCC=O,-1429.46,C(C)NCC=O,AADAA~B,57.33134876225436
CCNCCN,CCNCCN,-1632.24,C(CNCC)N,AADAAD,68.67809660235464
CCS(=O)(=O)C=O,CCS(=O)(=O)C=O,-1793.06,O=S(C=O)(CC)=O,AAE{~B}{~B}A~B,77.67693271856393
[NH][C]1CCC2CN12,[NH][C]1CCC2CN12,-1524.31,C1N2C1CC[C]2[NH],{DQ}{A}rAAAsADrs,62.638770759657994
CC1NC1CCO,CC1NC1CCO,-1717.86,C(CC1C(C)N1)O,AArDArAAB,73.46904516764404
C#CCC(=C)C,C#CCC(=C)C,-1452.75,C(CC#C)(=C)C,A^AAA{~A}A,58.634562872107075
C=C(C#N)CC=O,C=C(C#N)CC=O,-1324.75,O=CCC(=C)C#N,A~A{A^D}AA~B,51.472201083307226
COC(=O)C1CN1,COC(=O)C1CN1,-1396.67,C1(C(=O)OC)CN1,ABA{~B}ArADr,55.496553113389155
OC12COC(C1)C2,OC12COC(C1)C2,-1504.8,C1C2(O)CC1OC2,BArsABA{Ar}As,61.547070146380776
NC(=O)CCC=O,NC(=O)CCC=O,-1290.35,C(CCC(=O)N)=O,DA{~B}AAA~B,49.54731635256725
C1C2NC1C1NC21,C1C2NC1C1NC21,-1478.67,N1C2C3NC(C3)C12,ArAsDArArDAsr,60.084941134339054
CCC(C)(N)CC,CCC(C)(N)CC,-2063.28,C(C)C(CC)(C)N,AAA{A}{D}AA,92.79734992613815
N#CC1CNC1=O,N#CC1CNC1=O,-1347.54,C(C1C(=O)NC1)#N,D^AArADAr~B,52.74743721742245
C#CCC(O)C#N,C#CCC(O)C#N,-1457.41,OC(CC#C)C#N,A^AAA{B}A^D,58.89531760598059
C#CCC1CC1C,C#CCC1CC1C,-1541.79,C1(C)CC1CC#C,A^AAArAArA,63.61688079144098
C=CCNC1CC1,C=CCNC1CC1,-1766.88,C1(NCC=C)CC1,A~AADArAAr,76.21200590894848
CC(C)C(C)CN,CC(C)C(C)CN,-1494.07,NCC(C)C(C)C,AA{A}A{A}AD,60.94666278705404
CC(=N)NC(C)C,CC(=N)NC(C)C,-1810.76,N(C(=N)C)C(C)C,AA{~D}DA{A}A,78.66735305967143
C#CC1=NOCO1,C#CC1=NOCO1,-1072.55,O1COC(C#C)=N1,A^AAr~DBABr,37.3601101213125
CCON(C)C=O,CCON(C)C=O,-1510.16,O=CN(C)OCC,AABD{A}A~B,61.846994046286774
C#CCOC(N)=O,C#CCOC(N)=O,-1342.73,NC(OCC#C)=O,A^AABA{D}~B,52.4782890908277
CO[N]C=C[CH]N,CO[N]C=C[CH]N,-1437.73,C([N]OC)=C[CH]N,AB{D}A~A{AQ}D,57.79410448095259
C=C1CC2CN2C1,C=C1CC2CN2C1,-1638.57,C1N2C(CC1=C)C2,A~ArAAsADsAr,69.03229777519137
NC1CCC1N,NC1CCC1N,-1484.15,C1CC(N)C1N,DArAAArD,60.391579748422046
Nc1cocc1O,Nc1cocc1O,-1270.29,c1c(O)c(N)co1,DarabaarB,48.424839965978784
CC1CN(C)C=N1,CC1CN(C)C=N1,-1670.53,CN1C=NC(C)C1,AArAD{A}A~Dr,70.82064998433235
COC(C)CCN,COC(C)CCN,-1854.28,C(CC(OC)C)N,ABA{A}AAD,81.10255606786339
CNC(C)COC,CNC(C)COC,-1849.75,COCC(C)NC,ADA{A}ABA,80.84907560768164
COCCNC=O,COCCNC=O,-1542.99,C(CNC=O)OC,ABAADA~B,63.68402793321099
C1CCC2OC2C1,C1CCC2OC2C1,-1673.84,C12OC1CCCC2,ArAAAsBAsAr,71.00586418371458
[O]S1([O])CC=CO1,[O]S1([O])CC=CO1,-1804.84,[O]S1([O])OC=CC1,{B}Er{{B}}AA~ABr,78.33609382693943
CC(O)C1CN1C,CC(O)C1CN1C,-1713.11,C(C)(O)C1CN1C,AA{B}ArADrA,73.20325439813779
C1NC1CC1CN1,C1NC1CC1CN1,-1633.76,C1(CC2NC2)CN1,ArDArAArADr,68.76314964859664
CNc1ccsn1,CNc1ccsn1,-1320.32,c1c(NC)nsc1,ADaraaedr,51.22431621827298
C=C1NC(=O)CO1,C=C1NC(=O)CO1,-1291.06,C=C1OCC(=O)N1,A~ArDA{~B}ABr,49.587045078114514
[CH2]C(C=C)=C[N]O,[CH2]C(C=C)=C[N]O,-1266.38,C(C([CH2])=C[N]O)=C,{AQs}A{A~A}~A{D}B,48.20605219571155
c1ccsc1,c1ccsc1,-977.67,s1cccc1,araaear,32.05100944536461
CCCC1(O)CC1,CCCC1(O)CC1,-1847.87,C(C)CC1(O)CC1,AAAAr{B}AAr,80.74387841890862
C=CC(N)CO,C=CC(N)CO,-1424.98,C(C=C)(N)CO,A~AA{D}AB,57.080666099646365
C=CCC(C)NC,C=CCC(C)NC,-1911.24,C(C(C)NC)C=C,A~AAA{A}DA,84.28980706387932
NC1C=COC=C1,NC1C=COC=C1,-1456.81,C1=COC=CC1N,DArA~ABA~Ar,58.86174403509557
CC[CH][N]NC,CC[CH][N]NC,-1481.64,C([CH][N]NC)C,AA{AQ}{D}DA,60.251130310219814
CC1(C=O)CNC1,CC1(C=O)CNC1,-1575.44,N1CC(C)(C=O)C1,AAr{A~B}ADAr,65.4997985585747
C=C1CCC(C)C1,C=C1CCC(C)C1,-1924.23,C1C(C)CC(=C)C1,A~ArAAA{A}Ar,85.01667487353956
CC1C2C=NNC12,CC1C2C=NNC12,-1510.88,CC1C2C1C=NN2,AArAsA~DDArs,61.887282331348764
C1C2NC1C1CC21,C1C2NC1C1CC21,-1613.83,C12C3NC(C3)C1C2,ArAsDArArAAsr,67.6479475356999
O=C1C2C=CC1C2,O=C1C2C=CC1C2,-1429.63,C1(=O)C2CC1C=C2,B~ArAsA~AArAs,57.34086127400511
CCO[CH][N]NC,CCO[CH][N]NC,-1579.2,CN[N][CH]OCC,AAB{AQ}{D}DA,65.71019293612069
C1NC2COCC12,C1NC2COCC12,-1539.65,C1C2C(N1)COC2,ArDAsABAArs,63.49713505528448
C#CC(OC)OC,C#CC(OC)OC,-1475.1,C(OC)(OC)C#C,A^AA{BA}BA,59.8851783875733
[NH][C]1OCC2CN12,[NH][C]1OCC2CN12,-1329.06,N12CC1CO[C]2[NH],{DQ}{A}rBAAsADrs,51.71337123416447
COCC1COC1,COCC1COC1,-1632.86,O1CC(COC)C1,ABAArABAr,68.71278929226914
C1C2NC3CC3C12,C1C2NC3CC3C12,-1534.8,C12CC1C1CC1N2,ArAsDAtAAtArs,63.22574869063074
CC=CC(O)C=O,CC=CC(O)C=O,-1522.61,OC(C=O)C=CC,AA~AA{B}A~B,62.5436456421505
NCCNCCO,NCCNCCO,-1269.07,C(N)CNCCO,DAADAAB,48.35657370517929
CC(C=O)NC=O,CC(C=O)NC=O,-1422.4,O=CC(C)NC=O,AA{A~B}DA~B,56.93629974484087
CC1CONC1=O,CC1CONC1=O,-1390.28,C1(=O)C(C)CON1,AArABDAr~B,55.1389945834639
CC1OC1CO,CC1OC1CO,-1350.52,C1(CO)OC1C,AArBArAB,52.914185952817945
O=CC1CCC1O,O=CC1CCC1O,-1517.85,O=CC1C(O)CC1,B~AArAAArB,62.2772953131295
CC1=NOC(C)C1,CC1=NOC(C)C1,-1582.2,CC1ON=C(C)C1,AAr~DBA{A}Ar,65.87806079054569
C=CC(C)CN,C=CC(C)CN,-1621.45,NCC(C=C)C,A~AA{A}AD,68.0743318859394
CCCOCC#N,CCCOCC#N,-1590.46,C(C)COCC#N,AAABAA^D,66.34025694972918
CCC1CNC1=O,CCC1CNC1=O,-1610.96,N1CC(CC)C1=O,AAArADAr~B,67.48735395496665
Cc1csnc1C,Cc1csnc1C,-1255.56,n1scc(C)c1C,AaraedarA,47.60060880075205
CC(C)(C)CO,CC(C)(C)CO,-1697.69,CC(CO)(C)C,AA{A}{A}AB,72.34041362639331
NCCCCCO,NCCCCCO,-1862.87,C(CCCCN)O,DAAAAAB,81.58321769103361
C#CCCC#C,C#CCCC#C,-1294.93,C(CCC#C)#C,A^AAAA^A,49.803594610322754
CC(=O)NCCN,CC(=O)NCCN,-1629.05,C(CN)NC(C)=O,AA{~B}DAAD,68.49959711714938
CS(=O)(=O)CC=O,CS(=O)(=O)CC=O,-1927.48,O=CCS(C)(=O)=O,AE{~B}{~B}AA~B,85.1985317158333
O[N][CH]C1COC1,O[N][CH]C1COC1,-1426.54,[CH]([N]O)C1COC1,B{D}{AQ}ArABAr,57.16795738394736
COC=C(C)C,COC=C(C)C,-1550.24,CC(C)=COC,ABA~A{A}A,64.08970858140474
C=COC1CC1C,C=COC1CC1C,-1696.44,C1(C)C(OC=C)C1,A~ABArAArA,72.27046868704956
NCCC1CC1N,NCCC1CC1N,-1786.7,C(CC1CC1N)N,DAAArAArD,77.32105286718297
Cc1cocc1O,Cc1cocc1O,-1402.8,c1occ(O)c1C,AarabaarB,55.839563095930885
OCC1NC1CO,OCC1NC1CO,-1920.36,C1(CO)C(CO)N1,BAArDArAB,84.80012534133131
C#CC1OC=CO1,C#CC1OC=CO1,-1208.76,O1C(C#C)OC=C1,A^AArBA~ABr,44.9818702717221
N#CC1CCC1,N#CC1CCC1,-1359.05,C1CCC1C#N,D^AArAAAr,53.39149021889968
OC1C=COC=C1,OC1C=COC=C1,-1390.24,C1=CC(O)C=CO1,BArA~ABA~Ar,55.1367563454049
OC1CN=CNC1,OC1CN=CNC1,-1304.91,C1C(O)CN=CN1,BArAD~ADAr,50.36203500604326
CC=CC(=O)C=O,CC=CC(=O)C=O,-1393.27,CC=CC(C=O)=O,AA~AA{~B}A~B,55.30630287837415
N#CC1CN1C=O,N#CC1CN1C=O,-1356.0,C1C(C#N)N1C=O,D^AArADrA~B,53.22082456690094
C1C2OC3CC3C12,C1C2OC3CC3C12,-1454.58,C1C2C3C(C3)OC12,ArAsBAtAAtArs,58.73696226330632
COCC1CN1C,COCC1CN1C,-1698.26,CN1C(COC)C1,ABAArADrA,72.37230851873406
CCC1CC=CO1,CCC1CC=CO1,-1723.64,C1=COC(CC)C1,AAArAA~ABr,73.79247056716954
N=CNOC1CC1,N=CNOC1CC1,-1799.49,N(C=N)OC1CC1,D~ADBArAAr,78.0367294865482
OC1C2CCC1N2,OC1C2CCC1N2,-1582.51,C1CC2NC1C2O,BArAsAAArDs,65.89540713550295
N#CC#CC#N,N#CC#CC#N,-785.04,C(C#CC#N)#N,D^AA^AA^D,21.272214512735577
CC1OC1CCN,CC1OC1CCN,-1714.85,O1C(CCN)C1C,AArBArAAD,73.30061775370429
CC(C)N1CCC1,CC(C)N1CCC1,-1908.46,C(C)(C)N1CCC1,AA{A}DrAAAr,84.13424951877882
CCC1CC(O)C1,CCC1CC(O)C1,-1846.69,C(C1CC(O)C1)C,AAArAA{B}Ar,80.67785039616814
CCOC1COC1,CCOC1COC1,-1635.13,O(C1COC1)CC,AABArABAr,68.83980930211737
COC1(CO)CC1,COC1(CO)CC1,-1638.17,OCC1(OC)CC1,ABAr{AB}AAr,69.00991539460138
C1CC2(CC2)CO1,C1CC2(CC2)CO1,-1712.54,C12(COCC1)CC2,ArAAs{AAs}ABr,73.17135950579703
[CH2][N]NCCC#N,[CH2][N]NCCC#N,-1383.77,C(CN[N][CH2])C#N,{AQs}{D}DAAA^D,54.774721339361655
CN1CCC1CO,CN1CCC1CO,-1707.83,CN1C(CO)CC1,ADrAAArAB,72.90780697434978
C=Cn1cccc1,C=Cn1cccc1,-1534.34,c1n(C=C)ccc1,A~Adraaaar,63.20000895295224
CCCCCC,CCCCCC,-1895.91,C(CC)CCC,AAAAAA,83.4320023277676
C=C1C=CC(N)C1,C=C1C=CC(N)C1,-1657.66,C1=CC(N)CC1=C,A~ArA~AA{D}Ar,70.10049688884911
CCCC(C)(C)N,CCCC(C)(C)N,-2064.75,C(N)(C)(C)CCC,AAAA{A}{A}D,92.8796051748064
COC(C)C=O,COC(C)C=O,-1356.29,C(C(OC)C)=O,ABA{A}A~B,53.23705179282869
NCC1CCNC1,NCC1CCNC1,-1802.11,NCC1CNCC1,DAArAADAr,78.18333407941269
CCCC[CH][N]N,CCCC[CH][N]N,-1780.07,[CH]([N]N)CCCC,AAAA{AQ}{D}D,76.95006490890371
C#CC(O)C1CN1,C#CC(O)C1CN1,-1567.71,C1NC1C(C#C)O,A^AA{B}ArADr,65.06725905367296
CC1C=NNC1=O,CC1C=NNC1=O,-1352.8,N1=CC(C)C(=O)N1,AArA~DDAr~B,53.041765522180945
C=CN(O)[CH][N]C,C=CN(O)[CH][N]C,-1429.97,C[N][CH]N(O)C=C,A~AD{B}{AQ}{D}A,57.35988629750661
NCCNC1CC1,NCCNC1CC1,-1780.74,C(CN)NC1CC1,DAADArAAr,76.98755539639197
CCC(CN)CN,CCC(CN)CN,-1930.47,C(N)C(CN)CC,AAA{AD}AD,85.36584001074355
COc1ccns1,COc1ccns1,-1234.45,c1nsc(OC)c1,ABaraader,46.41937866511483
C=CC#CC(N)=O,C=CC#CC(N)=O,-1615.44,C(#CC=C)C(N)=O,A~AA^AA{D}~B,67.73803661757465
C=C1CCOC1=O,C=C1CCOC1=O,-1413.17,C1(=O)OCCC1=C,A~ArAABAr~B,56.419826312726634
C=CC(=N)NOC,C=CC(=N)NOC,-1424.56,C(C=C)(=N)NOC,A~AA{~D}DBA,57.057164600026866
N#CC=CC=O,N#CC=CC=O,-1032.07,C(=CC#N)C=O,D^AA~AA~B,35.095013205604545
CC(C)C1(C)CC1,CC(C)C1(C)CC1,-2046.73,CC(C1(C)CC1)C,AA{A}Ar{A}AAr,91.87127892922692
CC(=O)CCCO,CC(=O)CCCO,-1669.79,C(C(C)=O)CCO,AA{~B}AAAB,70.77924258024083
N#CCCC(N)=O,N#CCCC(N)=O,-1419.2,O=C(N)CCC#N,D^AAAA{D}~B,56.75724070012087
C#CC1NC1CO,C#CC1NC1CO,-1321.91,OCC1NC1C#C,A^AArDArAB,51.31328618111824
CNC1=NCCO1,CNC1=NCCO1,-1484.45,N(C1=NCCO1)C,ADAr~DAABr,60.40836653386455
CC1C=COCC1,CC1C=COCC1,-1726.01,C1OC=CC(C)C1,AArA~ABAAr,73.92508617216528
Cc1sccc1O,Cc1sccc1O,-1248.5,Oc1c(C)scc1,AareaaarB,47.20555978333856
C#CC(C)=CCO,C#CC(C)=CCO,-1552.1,C(O)C=C(C#C)C,A^AA{A}~AAB,64.19378665114822
CC1=CCN(C)C1,CC1=CCN(C)C1,-1784.7,CN1CC(C)=CC1,AAr~AAD{A}Ar,77.20914096423297
CCc1ccns1,CCc1ccns1,-1303.42,C(c1ccns1)C,AAaraader,50.27866063834551
COC=CCCO,COC=CCCO,-1646.55,C(OC)=CCCO,ABA~AAAB,69.47882626796186
C=C1C=NOC1=O,C=C1C=NOC1=O,-1122.37,C1=NOC(=O)C1=C,A~ArA~DBAr~B,40.147835623796944
CNCC1CC1,CNCC1CC1,-1613.82,C1C(CNC)C1,ADAArAAr,67.64738797618516
CC1=CC=CC1=O,CC1=CC=CC1=O,-1458.24,C1=CC=C(C)C1=O,AAr~AA~AAr~B,58.94176104570483
[CH2][N]N(C)CCC,[CH2][N]N(C)CCC,-1763.12,CCCN([N][CH2])C,{AQs}{D}D{A}AAA,76.00161153140247
C#CC(C=O)C=O,C#CC(C=O)C=O,-1222.68,C(#C)C(C=O)C=O,A^AA{A~B}A~B,45.76077711625409
C1CCNC1,C1CCNC1,-1339.0,C1CCCN1,ArAADAr,52.26957339182596
CC=CC(C)(C)N,CC=CC(C)(C)N,-1352.79,C(N)(C=CC)(C)C,AA~AA{A}{A}D,53.04120596266619
C1CN(C2CC2)C1,C1CN(C2CC2)C1,-1761.93,C1(N2CCC2)CC1,ArAD{AsAAs}Ar,75.93502394914725
CN(C)C1CCC1,CN(C)C1CCC1,-1901.27,CN(C1CCC1)C,AD{A}ArAAAr,83.73192622767358
COC(C)=CC=O,COC(C)=CC=O,-1523.55,O(C(C)=CC=O)C,ABA{A}~AA~B,62.596244236537004
CN(C)CCO,CN(C)CCO,-1557.42,C(N(C)C)CO,AD{A}AAB,64.49147231299521
C#CC(C)(C)CO,C#CC(C)(C)CO,-1693.0,C(C)(C#C)(C)CO,A^AA{A}{A}AB,72.07798021397555
N[N][CH]C1CC1O,N[N][CH]C1CC1O,-1428.52,C1(O)C([CH][N]N)C1,D{D}{AQ}ArAArB,57.278750167867855
C=CC(=O)CO,C=CC(=O)CO,-1230.43,OCC(=O)C=C,A~AA{~B}AB,46.19443574018533
C=CC(C)(O)CC,C=CC(C)(O)CC,-1851.37,C(CC)(O)(C=C)C,A~AA{A}{B}AA,80.93972424907112
CC=CC#CCC,CC=CC#CCC,-1758.38,C(C)=CC#CCC,AA~AA^AAA,75.73638032141099
NC1CCNCC1,NC1CCNCC1,-1807.38,C1C(N)CCNC1,DArAADAAr,78.47822194368594
CC1CCC1(C)O,CC1CCC1(C)O,-1852.75,C1(C)CCC1(C)O,AArAAAr{A}B,81.01694346210664
CC1=NNCC1C,CC1=NNCC1C,-1767.17,CC1CNN=C1C,AAr~DDAArA,76.22823313487623
O=CC1C=CC=C1,O=CC1C=CC=C1,-1451.79,C1=CC(C=O)C=C1,B~AArA~AA~Ar,58.580845158691076
CC1=NN=CC1=O,CC1=NN=CC1=O,-1186.31,C1(C)=NN=CC1=O,AAr~DD~AAr~B,43.725659161108375
CC1C(O)C1CO,CC1C(O)C1CO,-1644.06,C1(CO)C(O)C1C,AArA{B}ArAB,69.33949594878911
CC1CC1(N)CO,CC1CC1(N)CO,-1717.52,C1(CO)(N)CC1C,AArAAr{D}AB,73.45002014414254
C=CN(C=N)OC,C=CN(C=N)OC,-1423.76,C(N(OC)C=C)=N,A~AD{A~D}BA,57.01239983884686
C#CC1CC(C)C1,C#CC1CC(C)C1,-1909.13,C1(C)CC(C#C)C1,A^AArAA{A}Ar,84.17174000626707
C=CC(=C)C(=C)C,C=CC(=C)C(=C)C,-1763.71,CC(=C)C(C=C)=C,A~AA{~A}A{~A}A,76.03462554277273
O=S1(=O)C=CCN1,O=S1(=O)C=CCN1,-1227.74,C1=CS(=O)(=O)NC1,B~Er{~B}A~AADr,46.04391423071758
NCCC1CCO1,NCCC1CCO1,-1714.74,C(N)CC1CCO1,DAAArAABr,73.29446259904205
CC1CCC1=O,CC1CCC1=O,-1428.79,C1(=O)CCC1C,AArAAAr~B,57.29385827476611
OC1C=CCC1O,OC1C=CCC1O,-1528.39,C1(O)C(O)C=CC1,BArA~AAArB,62.86707104167601
CC=C1C=CC=C1,CC=C1C=CC=C1,-1650.02,C1=CC=CC1=CC,AA~ArA~AA~Ar,69.67299341958011
CCCCOCC,CCCCOCC,-1986.54,C(CCOCC)C,AAAABAA,88.50329020994674
CC1=COCCO1,CC1=COCCO1,-1522.68,C1=C(C)OCCO1,AAr~ABAABr,62.54756255875376
C=COCCO,C=COCCO,-1348.73,C(OCCO)=C,A~ABAAB,52.814024799677696
C#CCN(C)C=O,C#CCN(C)C=O,-1441.28,C(N(C)CC#C)=O,A^AAD{A}A~B,57.99274810868885
N[N][CH]C1CCO1,N[N][CH]C1CCO1,-1430.95,[CH](C1OCC1)[N]N,D{D}{AQ}ArAABr,57.414723129952115
OC12CCN(C1)C2,OC12CCN(C1)C2,-1582.13,C12(O)CCN(C1)C2,BArsAAD{Ar}As,65.87414387394243
CN(C=O)CCN,CN(C=O)CCN,-1615.98,C(=O)N(C)CCN,AD{A~B}AAD,67.76825283137114
C#CCC(O)CC,C#CCC(O)CC,-1695.41,CCC(O)CC#C,A^AAA{B}AA,72.21283405703032
C#CC#CCOC,C#CC#CCOC,-1375.19,C(#CC#C)COC,A^AA^AABA,54.29461927570617
CC1CC(=O)N1N,CC1CC(=O)N1N,-1467.52,N1(N)C(C)CC1=O,AArAA{~B}DrD,59.4610322753928
C=CC1=N[N]O[CH]1,C=CC1=N[N]O[CH]1,-1177.01,C1(C=C)=N[N]O[CH]1,A~AAr~D{D}B{AQ}r,43.20526881239089
Nc1csc(N)c1,Nc1csc(N)c1,-1179.66,c1(N)cc(N)cs1,Daraea{D}ar,43.35355208379964
O=CC1CCO1,O=CC1CCO1,-1213.03,O1C(C=O)CC1,B~AArAABr,45.22080218452035
CCC(=O)N1CC1,CCC(=O)N1CC1,-1588.76,N1(C(CC)=O)CC1,AAA{~B}DrAAr,66.24513183222169
C=CC(=O)C=CC,C=CC(=O)C=CC,-1584.59,C(C=C)(C=CC)=O,A~AA{~B}A~AA,66.01179551457093
CC1OCCCO1,CC1OCCCO1,-1662.11,C1CCOC(C)O1,AArBAAABr,70.34950087291284
CCCO[CH][N]N,CCCO[CH][N]N,-1584.06,[N]([CH]OCCC)N,AAAB{AQ}{D}D,65.98213886028918
OC1C=CC(O)C1,OC1C=CC(O)C1,-1527.11,C1C(O)C=CC1O,BArA~AA{B}Ar,62.795447423788
NC1CNC(=O)C1,NC1CNC(=O)C1,-1503.21,N1CC(N)CC1=O,DArADA{~B}Ar,61.45810018353553
CCC(O)C=O,CCC(O)C=O,-1369.63,C(C)C(O)C=O,AAA{B}A~B,53.98350418550518
C#CCOCC#N,C#CCOCC#N,-1285.86,O(CC#C)CC#N,A^AABAA^D,49.29607413044451
C#CC1CO1,C#CC1CO1,-945.61,C1C(C#C)O1,A^AArABr,30.257061641076145
C=COC(=O)CN,C=COC(=O)CN,-1310.73,C(C(=O)OC=C)N,A~ABA{~B}AD,50.68769864362774
Cc1ccns1,Cc1ccns1,-1149.68,c1(C)sncc1,Aaraader,41.67599265857917
COC=CCO,COC=CCO,-1349.47,C(O)C=COC,ABA~AAB,52.8554322037692
C=COCC(=C)C,C=COCC(=C)C,-1702.77,CC(=C)COC=C,A~ABAA{~A}A,72.6246698598863
C=CS(=O)(=O)C=C,C=CS(=O)(=O)C=C,-1564.18,C(=C)S(C=C)(=O)=O,A~AE{~B}{~B}A~A,64.86973454496622
CN(C)C(=O)CO,CN(C)C(=O)CO,-1549.52,OCC(=O)N(C)C,AD{A}A{~B}AB,64.04942029634272
CC1CCC1C#N,CC1CCC1C#N,-1302.61,C(#N)C1CCC1C,AArAAArA^D,50.23333631765074
CCCN,CCCN,-1174.99,C(CN)C,AAAD,43.09223779041139
CC(C=O)C=O,CC(C=O)C=O,-1232.07,O=CC(C=O)C,AA{A~B}A~B,46.28620350060433
C1=NN=CC2CC12,C1=NN=CC2CC12,-1370.15,C1=NN=CC2C1C2,Ar~DD~AAsAArs,54.01260128027218
CCC(=O)C=O,CCC(=O)C=O,-1236.4,O=CC(CC)=O,AAA{~B}A~B,46.52849277049108
CC(C)CNC=N,CC(C)CNC=N,-1805.44,C(C)(C)CNC=N,AA{A}ADA~D,78.36966739782444
COC1CC1C#N,COC1CC1C#N,-1444.69,O(C)C1CC1C#N,ABArAArA^D,58.18355790321859
N#CCN1CC1,N#CCN1CC1,-1216.27,C(CN1CC1)#N,D^AADrAAr,45.402099467299344
OC1C2C=CC1O2,OC1C2C=CC1O2,-1345.71,OC1C2OC1C=C2,BArAsA~AArBs,52.6450378262232
CC#CC(=O)C=O,CC#CC(=O)C=O,-1233.27,C(C=O)(C#CC)=O,AA^AA{~B}A~B,46.35335064237432
CC=C(C)C(=O)O,CC=C(C)C(=O)O,-1545.57,CC=C(C)C(O)=O,AA~A{A}A{~B}B,63.828394288016476
CN1CCC=N1,CN1CCC=N1,-1357.4,CN1N=CCC1,ADrAAA~Dr,53.299162898965946
CCCC(C)C#N,CCCC(C)C#N,-1802.15,C(CCC)(C#N)C,AAAA{A}A^D,78.1855723174717
CC1(C2CN2)CN1,CC1(C2CN2)CN1,-1653.74,C1(C)(C2CN2)NC1,AAr{AsADs}ADr,69.88114955906711
CC1CC2CC1N2,CC1CC2CC1N2,-1772.93,C1C2NC(C2)C1C,AArAAsAArDs,76.55053941537224
CC(N)CC(=O)O,CC(N)CC(=O)O,-1565.9,C(C(O)=O)C(C)N,AA{D}AA{~B}B,64.96597878150321
Oc1cc[nH]c1,Oc1cc[nH]c1,-1185.2,Oc1c[nH]cc1,Baraa{dQ}ar,43.66354805497113
C=C1C=CC2CC12,C=C1C=CC2CC12,-1515.59,C12CC1C=CC2=C,A~ArA~AAsAArs,62.15083486279601
CC(C)C(=O)C=O,CC(C)C(=O)C=O,-1532.01,C(=O)C(=O)C(C)C,AA{A}A{~B}A~B,63.069631586015504
O=CC1=COCC1,O=CC1=COCC1,-1399.24,C(C1=COCC1)=O,B~AAr~ABAAr,55.64035990867989
C=CC(C)CC=O,C=CC(C)CC=O,-1715.74,CC(CC=O)C=C,A~AA{A}AA~B,73.35041855051703
C#CC(N)C(C)C,C#CC(N)C(C)C,-1760.97,CC(C(C#C)N)C,A^AA{D}A{A}A,75.88130623573123
C=C1C=CC2NC12,C=C1C=CC2NC12,-1657.9,C12NC1C(=C)C=C2,A~ArA~AAsDArs,70.1139263172031
CC(C)(C)C1CC1,CC(C)(C)C1CC1,-2044.98,C1(C(C)(C)C)CC1,AA{A}{A}ArAAr,91.77335601414568
CC1C2C=CCN12,CC1C2C=CCN12,-1640.68,C12C(C)N1CC=C2,AArAsA~AADrs,69.15036483280363
CCC1C=CCC1,CCC1C=CCC1,-1923.88,C(C)C1C=CCC1,AAArA~AAAr,84.9970902905233
CCCNC(C)=N,CCCNC(C)=N,-1809.31,C(C)CNC(C)=N,AAADA{A}~D,78.58621693003266
CCCC=CC=O,CCCC=CC=O,-1723.63,O=CC=CCCC,AAAA~AA~B,73.79191100765478
CC#CCCO,CC#CCCO,-1402.56,C(C#CC)CO,AA^AAAB,55.82613366757689
CCC1C=CCN1,CCC1C=CCN1,-1420.19,N1C(CC)C=CC1,AAArA~AADr,56.81263709208112
C=C1CNCCO1,C=C1CNCCO1,-1587.82,O1C(=C)CNCC1,A~ArADAABr,66.19253323783518
CNCCC1CN1,CNCCC1CN1,-1776.93,N(CCC1NC1)C,ADAAArADr,76.77436322127224
CCC(N)C1CO1,CCC(N)C1CO1,-1712.32,C(C(N)C1OC1)C,AAA{D}ArABr,73.15904919647254
Cc1cc(O)on1,Cc1cc(O)on1,-1265.8,Oc1cc(C)no1,Aaraa{B}bdr,48.17359774385604
CC1C=CCOC1,CC1C=CCOC1,-1720.47,C1OCC(C)C=C1,AArA~AABAr,73.61509020099378
CC[CH][N]NCC,CC[CH][N]NCC,-1779.04,[CH](CC)[N]NCC,AA{AQ}{D}DAA,76.89243027888446
CC1CS(=O)(=O)C1,CC1CS(=O)(=O)C1,-1229.6,C1C(C)CS1(=O)=O,AArAE{~B}{~B}Ar,46.14799230046107
Cc1ccsc1,Cc1ccsc1,-1276.1,c1(C)cscc1,Aaraaear,48.74994404404852
C#CC1(C)CCC1,C#CC1(C)CCC1,-1373.02,C1CC(C#C)(C)C1,A^AAr{A}AAAr,54.17319486100542
C=CO[CH][N]NC,C=CO[CH][N]NC,-1433.09,CN[N][CH]OC=C,A~AB{AQ}{D}DA,57.534468866108604
CC(O)CCN,CC(O)CCN,-1572.56,OC(C)CCN,AA{B}AAD,65.33864541832669
C#CCC(C)C,C#CCC(C)C,-1596.57,CC(C)CC#C,A^AAA{A}A,66.68214781324141
CNC(=N)C1CO1,CNC(=N)C1CO1,-1455.76,C(NC)(C1CO1)=N,ADA{~D}ArABr,58.802990286046835
CC1C=NNCC1,CC1C=NNCC1,-1763.68,C1(C)C=NNCC1,AArA~DDAAr,76.0329468642285
C#CC=C(C)OC,C#CC=C(C)OC,-1547.88,C(C=C(OC)C)#C,A^AA~A{A}BA,63.95765253592373
OCc1cn[nH]c1,OCc1cn[nH]c1,-1125.81,[nH]1cc(CO)cn1,BAarad{dQ}ar,40.340324096870944
NCCC#CCO,NCCC#CCO,-1566.03,C(#CCO)CCN,DAAA^AAB,64.97325305519496
C=C(C)C(C)OC,C=C(C)C(C)OC,-1842.76,CC(C(OC)C)=C,A~A{A}A{A}BA,80.4579435068714
C#CC(C=C)NC,C#CC(C=C)NC,-1608.42,N(C)C(C=C)C#C,A^AA{A~A}DA,67.34522583822016
OC1C2C=CC1N2,OC1C2C=CC1N2,-1309.33,C12NC(C1O)C=C2,BArAsA~AArDs,50.60936031156274
CCOC(C)CO,CCOC(C)CO,-1789.95,C(OCC)(CO)C,AABA{A}AB,77.50290970947673
CN=C(CO)NC,CN=C(CO)NC,-1600.69,CNC(CO)=NC,AD~A{AB}DA,66.91268633331842
NC1(CO)CNC1,NC1(CO)CNC1,-1583.17,C1C(N)(CO)CN1,DAr{AB}ADAr,65.93233806347644
[CH]1C=N[C]2CCN12,[CH]1C=N[C]2CCN12,-1389.73,N1=C[CH]N2CC[C]12,{AQ}rA~D{A}sAADrs,55.10821881015265
C#CC1C(N)C1N,C#CC1C(N)C1N,-1489.33,C1(C#C)C(N)C1N,A^AArA{D}ArD,60.68143157706253
C#CC(C)C(N)=O,C#CC(C)C(N)=O,-1457.69,C#CC(C)C(=O)N,A^AA{A}A{D}~B,58.910985272393575
CC1C=CC=C1,CC1C=CC=C1,-1489.69,C1=CC(C)C=C1,AArA~AA~Ar,60.70157571959354
C=CC(N)C(=O)O,C=CC(N)C(=O)O,-1414.1,OC(=O)C(C=C)N,A~AA{D}A{~B}B,56.47186534759837
CCC(C)(C)O,CCC(C)(C)O,-1700.91,C(C)C(C)(C)O,AAA{A}{A}B,72.52059179014282
CNC1C(C)C1O,CNC1C(C)C1O,-1710.44,CC1C(O)C1NC,ADArA{A}ArB,73.05385200769955
CCC(O)C(C)C,CCC(O)C(C)C,-1993.9,C(CC)(O)C(C)C,AAA{B}A{A}A,88.91512601280273
C#C[CH]C=C[N]O,C#C[CH]C=C[N]O,-1261.74,[CH](C=C[N]O)C#C,A^A{AQ}A~A{D}B,47.94641658086754
NC(=O)CC1CO1,NC(=O)CC1CO1,-1320.33,C1OC1CC(=O)N,DA{~B}AArABr,51.22487577778773
CC1C(CN)N1C,CC1C(CN)N1C,-1528.71,CN1C(C)C1CN,AArA{AD}DrA,62.884976946147994
OC1CCC1O,OC1CCC1O,-1356.07,C1(O)CCC1O,BArAAArB,53.22474148350419
CN1CCC1,CN1CCC1,-1313.49,C1CN(C)C1,ADrAAAr,50.84213706969874
CC(C)(C)[CH][N]N,CC(C)(C)[CH][N]N,-1781.77,[N]([CH]C(C)(C)C)N,AA{A}{A}{AQ}{D}D,77.04519002641122
OCc1ccno1,OCc1ccno1,-1123.47,n1ccc(CO)o1,BAaraadbr,40.20938717041945
C=Cc1ccon1,C=Cc1ccon1,-1314.33,C(=C)c1ccon1,A~Aaraabdr,50.889140068937735
CC(N)C(C)(C)O,CC(N)C(C)(C)O,-1871.07,CC(C(N)C)(C)O,AA{D}A{A}{A}B,82.04205649312861
C=C(CN)OC=O,C=C(CN)OC=O,-1670.67,C(CN)(OC=O)=C,A~A{AD}BA~B,70.82848381753884
[CH2][N]NCCOC,[CH2][N]NCCOC,-1562.66,O(C)CCN[N][CH2],{AQs}{D}DAABA,64.78468149872421
CN[N][CH]C1CO1,CN[N][CH]C1CO1,-1423.22,O1CC1[CH][N]NC,AD{D}{AQ}ArABr,56.98218362505036
C#CC=CC=CC,C#CC=CC=CC,-1615.95,C(C=CC=CC)#C,A^AA~AA~AA,67.7665741528269
NCC1CCO1,NCC1CCO1,-1418.68,O1CCC1CN,DAArAABr,56.72814360535387
CC=CO[CH][N]N,CC=CO[CH][N]N,-1439.4,C(C)=CO[CH][N]N,AA~AB{AQ}{D}D,57.887550919915846
CN(C)CC(N)=O,CN(C)CC(N)=O,-1620.3,O=C(CN(C)C)N,AD{A}AA{D}~B,68.00998254174314
C=C(CN)C(C)O,C=C(CN)C(C)O,-1720.72,C(C(=C)C(O)C)N,A~A{AD}A{A}B,73.62907918886253
C=COC=CCN,C=COC=CCN,-1721.15,C(OC=C)=CCN,A~ABA~AAD,73.65314024799679
C#CC(C#N)CC,C#CC(C#N)CC,-1495.81,N#CC(C#C)CC,A^AA{A^D}AA,61.044026142620524
CC(N)C1CC1O,CC(N)C1CC1O,-1718.24,C1C(O)C1C(N)C,AA{D}ArAArB,73.49030842920453
C#CC1CC(=O)O1,C#CC1CC(=O)O1,-1238.9,O1C(C#C)CC1=O,A^AArAA{~B}Br,46.668382649178575
C=CC(C)(O)C=O,C=CC(C)(O)C=O,-1520.52,CC(C=C)(O)C=O,A~AA{A}{B}A~B,62.42669770356775
C=CCCNC=O,C=CCCNC=O,-1606.45,O=CNCCC=C,A~AAADA~B,67.23499261381441
C=CS(=O)(=O)C#N,C=CS(=O)(=O)C#N,-1221.07,N#CS(C=C)(=O)=O,A~AE{~B}{~B}A^D,45.67068803437934
NCCCCO,NCCCCO,-1570.8,C(N)CCCO,DAAAAB,65.2401629437307
C#CC(C=C)C=O,C#CC(C=C)C=O,-1410.66,C(C(C#C)C=O)=C,A^AA{A~A}A~B,56.27937687452439
C#CCO[CH][N]O,C#CCO[CH][N]O,-1223.38,[CH](OCC#C)[N]O,A^AAB{AQ}{D}B,45.7999462822866
NC1C=COC1,NC1C=COC1,-1295.84,NC1COC=C1,DArA~ABAr,49.854514526165
C#CC1C=NNC1,C#CC1C=NNC1,-1657.3,C1(C#C)CNN=C1,A^AArA~DDAr,70.0803527463181
CC(C)C1NC1C,CC(C)C1NC1C,-1911.75,CC(C1NC1C)C,AA{A}ArDArA,84.31834459913156
CC1=COC(=O)C1,CC1=COC(=O)C1,-1415.1,C1(C)=COC(=O)C1,AAr~ABA{~B}Ar,56.527821299073366
CC(C)NC(N)=O,CC(C)NC(N)=O,-1642.43,C(NC(C)C)(N)=O,AA{A}DA{D}~B,69.24828774788487
NC(=O)C1CC1O,NC(=O)C1CC1O,-1481.88,C(C1CC1O)(=O)N,DA{~B}ArAArB,60.2645597385738
C#CC(C)(C)NC,C#CC(C)(C)NC,-1753.66,CC(C)(C#C)NC,A^AA{A}{A}DA,75.47226823044902
C#CCC(N)C#C,C#CCC(N)C#C,-1459.37,C(CC(N)C#C)#C,A^AAA{D}A^A,59.00499127087156
CCC(C#N)C#N,CCC(C#N)C#N,-1402.49,N#CC(C#N)CC,AAA{A^D}A^D,55.82221675097364
C#CC(C)(O)CC,C#CC(C)(O)CC,-1693.16,OC(CC)(C#C)C,A^AA{A}{B}AA,72.08693316621157
Cc1cc(=N)o[nH]1,Cc1cc(=N)o[nH]1,-1320.71,[nH]1c(C)cc(=N)o1,Aaraa{~D}b{dQ}r,51.24613903934823
C=C1NC(=N)CO1,C=C1NC(=N)CO1,-1346.82,O1C(=C)NC(=N)C1,A~ArDA{~D}ABr,52.70714893236045
C=C(CC)C(N)=O,C=C(CC)C(N)=O,-1617.24,C(C(CC)=C)(N)=O,A~A{AA}A{D}~B,67.83875733022965
[NH][C]1NCCC1=O,[NH][C]1NCCC1=O,-1359.63,O=C1CCN[C]1[NH],{DQ}{A}rDAAAr~B,53.42394467075519
NC(=O)C1CCC1,NC(=O)C1CCC1,-1410.52,C1(C(N)=O)CCC1,DA{~B}ArAAAr,56.27154304131788
CC1CC(C)(O)C1,CC1CC(C)(O)C1,-1850.56,CC1(O)CC(C)C1,AArAA{A}{B}Ar,80.89439992837637
COC=COC,COC=COC,-1337.53,C(=COC)OC,ABA~ABA,52.18731814315771
C=C1CCCC1C,C=C1CCCC1C,-1924.09,CC1C(=C)CCC1,A~ArAAAArA,85.00884104033305
NC1CC=NOC1,NC1CC=NOC1,-1441.72,N1=CCC(N)CO1,DArAA~DBAr,58.01736872733785
C1=CC2CN2CC1,C1=CC2CN2CC1,-1643.51,C1=CC2N(CC1)C2,Ar~AAsADsAAr,69.30872017547787
C1=NN2CC2CC1,C1=NN2CC2CC1,-1497.58,N1=CCCC2N1C2,Ar~DDsAAsAAr,61.143068176731276
CCC#N,CCC#N,-914.2,C(C#N)C,AAA^D,28.499485205246437
CC1CCC=CO1,CC1CCC=CO1,-1727.05,C1CC(C)OC=C1,AArAAA~ABr,73.98328036169927
CC=C(C)CNC,CC=C(C)CNC,-1915.62,C(CNC)(=CC)C,AA~A{A}ADA,84.5348941313398
CC1=CCOC1C,CC1=CCOC1C,-1722.67,CC1OCC=C1C,AAr~AABArA,73.73819329423878
CC1NCC2NC12,CC1NCC2NC12,-1791.4,CC1NCC2C1N2,AArDAAsDArs,77.58404583911545
CC=CC(C)=NO,CC=CC(C)=NO,-1571.09,C(C(C)=NO)=CC,AA~AA{A}~DB,65.25639016965845
Cn1cc(O)cn1,Cn1cc(O)cn1,-1344.42,c1nn(C)cc1O,Adraa{B}adr,52.57285464882046
O=CCC1CNC1,O=CCC1CNC1,-1583.12,C1NCC1CC=O,B~AAArADAr,65.92954026590267
C1=NOCCOC1,C1=NOCCOC1,-1353.47,C1OCC=NOC1,Ar~DBAABAr,53.079256009669194
C#CC1=CCCO1,C#CC1=CCCO1,-1422.25,C1OC(C#C)=CC1,A^AAr~AAABr,56.927906352119614
CC(C)S([O])([O])O,CC(C)S([O])([O])O,-1581.87,S(C(C)C)(O)([O])[O],AA{A}E{{B}}{{B}}B,65.85959532655892
COC(CN)CN,COC(CN)CN,-1724.96,O(C)C(CN)CN,ABA{AD}AD,73.86633242311653
O=S1(=O)CCC1O,O=S1(=O)CCC1O,-1645.66,C1S(=O)(=O)C(O)C1,B~Er{~B}AAArB,69.42902547114912
C=CCNC=O,C=CCNC=O,-1308.78,O=CNCC=C,A~AADA~B,50.57858453825149
CC1(N)C(N)C1O,CC1(N)C(N)C1O,-1586.98,OC1C(C)(N)C1N,AAr{D}A{D}ArB,66.14553023859618
OC1C2C=NNC12,OC1C2C=NNC12,-1564.48,C1=NNC2C1C2O,BArAsA~DDArs,64.8865213304087
C#CCN1CC1,C#CCN1CC1,-1307.46,C(N1CC1)C#C,A^AADrAAr,50.50472268230449
CC1CC(N)C1,CC1CC(N)C1,-1620.31,NC1CC(C)C1,AArAA{D}Ar,68.01054210125788
C=C(C)CCN,C=C(C)CCN,-1624.54,C(C(=C)C)CN,A~A{A}AAD,68.24723577599713
CC#CC(=O)CC,CC#CC(=O)CC,-1571.76,CCC(C#CC)=O,AA^AA{~B}AA,65.2938806571467
CC1CCCC1N,CC1CCCC1N,-1483.76,C1CC(N)C(C)C1,AArAAAArD,60.369756927346806
[CH2]C=C(C)[N][N][CH2],[CH2]C=C(C)[N][N][CH2],-1503.66,C([CH2])=C([N][N][CH2])C,{AQs}A~A{A}{D}{D}{AQs},61.48328036169928
C=C(C)CO,C=C(C)CO,-1258.28,C(O)C(C)=C,A~A{A}AB,47.752808988764045
C#CCC=O,C#CCC=O,-966.71,O=CCC#C,A^AAA~B,31.437732217198626
CC(C)NC=O,CC(C)NC=O,-1456.9,CC(NC=O)C,AA{A}DA~B,58.866780070728325
CC=CC(C)=CC,CC=CC(C)=CC,-1914.37,C(=CC(=CC)C)C,AA~AA{A}~AA,84.46494919199606
C=C(C)CN(C)C,C=C(C)CN(C)C,-1909.28,CN(CC(C)=C)C,A~A{A}AD{A}A,84.18013339898832
Cc1ccccc1,Cc1ccccc1,-1685.29,c1cc(C)ccc1,Aaraaaaar,71.6465598281033
C=COC(C)C=O,C=COC(C)C=O,-1512.97,CC(C=O)OC=C,A~ABA{A}A~B,62.00423026993152
CCN1CC(O)C1,CCN1CC(O)C1,-1709.01,OC1CN(CC)C1,AADrAA{B}Ar,72.97383499709031
OCCCC1CN1,OCCCC1CN1,-1279.43,C1(CCCO)CN1,BAAAArADr,48.936277362460274
CCC1CCC1N,CCC1CCC1N,-1786.0,C1(N)CCC1CC,AAArAAArD,77.28188370115046
ON=C1CCOC1,ON=C1CCOC1,-1241.88,O1CCC(=NO)C1,BD~ArAABAr,46.835131384574076
CC(C)C(O)C=O,CC(C)C(O)C=O,-1664.61,CC(C(C=O)O)C,AA{A}A{B}A~B,70.48939075160034
O=CC1=CCCO1,O=CC1=CCCO1,-1393.07,C1OC(C=O)=CC1,B~AAr~AAABr,55.295111688079146
C[N][CH]NC1CC1,C[N][CH]NC1CC1,-1652.99,C1(N[CH][N]C)CC1,A{D}{AQ}DArAAr,69.83918259546087
C=C(OC)C(N)=O,C=C(OC)C(N)=O,-1414.1,C(OC)(=C)C(N)=O,A~A{BA}A{D}~B,56.47186534759837
C=C(CN)C1CO1,C=C(CN)C1CO1,-1566.95,C1OC1C(CN)=C,A~A{AD}ArABr,65.02473253055196
C=CC1C=NNC1,C=CC1C=NNC1,-1898.75,C1=NNCC1C=C,A~AArA~DDAr,83.59091722995659
CCCC1CCO1,CCCC1CCO1,-1844.49,C1(CCC)OCC1,AAAArAABr,80.55474730292315
C#CC(C)CC#N,C#CC(C)CC#N,-1499.45,CC(C#C)CC#N,A^AA{A}AA^D,61.24770580598954
C=CCOCC#N,C=CCOCC#N,-1443.62,C(C#N)OCC=C,A~AABAA^D,58.123685035140326
N=CNCCCO,N=CNCCCO,-1411.34,C(CNC=N)CO,D~ADAAAB,56.31742692152737
CCOCC1CC1,CCOCC1CC1,-1839.45,C1(COCC)CC1,AABAArAAr,80.27272930748917
NCC1C=CCN1,NCC1C=CCN1,-1660.65,C1=CC(CN)NC1,DAArA~AADr,70.26780518375935
O=C1NCC2CC12,O=C1NCC2CC12,-1347.37,C1C2C(=O)NCC12,B~ArDAAsAArs,52.73792470567169
CN(C)C=CC#N,CN(C)C=CC#N,-1529.05,CN(C=CC#N)C,AD{A}A~AA^D,62.90400196964949
C1CC2CC2CN1,C1CC2CC2CN1,-1782.24,C1C2CCNCC12,ArAAsAAsADr,77.07148932360447
COCC1CO1,COCC1CO1,-1335.01,O1C(COC)C1,ABAArABr,52.04630914544071
CC(N)C1(C)CO1,CC(N)C1(C)CO1,-1715.47,CC(C1(C)OC1)N,AA{D}Ar{A}ABr,73.3353104436188
CN=C(C=O)NC,CN=C(C=O)NC,-1466.33,C(=O)C(=NC)NC,AD~A{A~B}DA,59.39444469313756
CC#CCCCO,CC#CCCCO,-1697.89,C(CCCO)#CC,AA^AAAAB,72.35160481668832
C=CC=O,C=CC=O,-831.06,O=CC=C,A~AA~B,23.84730739961502
C=CCC,C=CCC,-1159.41,C(=C)CC,A~AAA,42.220444066430915
O[N][CH]C1CC1O,O[N][CH]C1CC1O,-1424.7,O[N][CH]C1C(O)C1,B{D}{AQ}ArAArB,57.06499843323336
C#CC#CC=CC,C#CC#CC=CC,-1447.42,C(C#CC#C)=CC,A^AA^AA~AA,58.336317650745336
CC1NC1C=O,CC1NC1C=O,-1288.11,O=CC1NC1C,AArDArA~B,49.42197502126326
C=CC=CC1CC1,C=CC=CC1CC1,-1761.54,C(=CC=C)C1CC1,A~AA~AArAAr,75.91320112807199
C#CC(=O)OCC,C#CC(=O)OCC,-1374.78,C(OC(=O)C#C)C,A^AA{~B}BAA,54.27167733560142
O=CC#CC1CO1,O=CC#CC1CO1,-1208.95,C(#CC1CO1)C=O,B~AA^AArABr,44.992501902502354
C=CCC=CCN,C=CCC=CCN,-1775.27,C(C=C)C=CCN,A~AAA~AAD,76.68147634182372
C=CS(=O)(=O)NC,C=CS(=O)(=O)NC,-1916.86,C=CS(=O)(NC)=O,A~AE{~B}{~B}DA,84.60427951116881
N#Cc1ccno1,N#Cc1ccno1,-1059.31,N#Cc1oncc1,D^Aaraadbr,36.61925332378352
[O]S([O])(O)C1CC1,[O]S([O])(O)C1CC1,-1294.03,C1CC1S([O])(O)[O],{B}E{{B}}{B}ArAAr,49.75323425399526
[CH2][N]N1CC(O)C1,[CH2][N]N1CC(O)C1,-1583.12,OC1CN([N][CH2])C1,{AQs}{D}DrAA{B}Ar,65.92954026590267
N=CNC1CC1,N=CNC1CC1,-1363.56,N(C=N)C1CC1,D~ADArAAr,53.64385156005193
C=C(C)C(=C)OC,C=C(C)C(=C)OC,-1703.97,C=C(C(OC)=C)C,A~A{A}A{~A}BA,72.6918170016563
OC1CC(O)C1,OC1CC(O)C1,-1353.39,C1C(O)CC1O,BArAA{B}Ar,53.0747795335512
OCC1COC1,OCC1COC1,-1346.23,C1OCC1CO,BAArABAr,52.6741349209902
C=CC1(N)COC1,C=CC1(N)COC1,-1566.12,NC1(C=C)COC1,A~AAr{D}ABAr,64.97828909082769
COC1C=NNC1,COC1C=NNC1,-1448.0,O(C)C1CNN=C1,ABArA~DDAr,58.36877210260083
N#CCCCO,N#CCCCO,-1307.02,OCCCC#N,D^AAAAB,50.480102063655494
C=C(C)C(C)=CC,C=C(C)C(C)=CC,-1908.75,C=C(C(=CC)C)C,A~A{A}A{A}~AA,84.15047674470657
CC1(C)CCCN1,CC1(C)CCCN1,-1573.44,CC1(C)NCCC1,AAr{A}AAADr,65.3878866556247
C#CCC(C)=O,C#CCC(C)=O,-1270.27,O=C(CC#C)C,A^AAA{A}~B,48.42372084694929
CCC=C(C)CC,CCC=C(C)CC,-2050.01,C(C)(=CCC)CC,AAA~A{A}AA,92.05481445006491
CC1NCC1N,CC1NCC1N,-1481.86,C1C(N)C(C)N1,AArDAArD,60.2634406195443
C#CC1NC1CN,C#CC1NC1CN,-1481.87,C1(C#C)NC1CN,A^AArDArAD,60.26400017905903
C#CC(C#C)OC,C#CC(C#C)OC,-1372.73,C(C(C#C)OC)#C,A^AA{A^A}BA,54.15696763507767
CCC#CCC#N,CCC#CCC#N,-1492.4,N#CCC#CCC,AAA^AAA^D,60.85321634809079
C=CCNCCC,C=CCNCCC,-1912.68,CCCNCC=C,A~AADAAA,84.37038363400333
C1=NOCCCN1,C1=NOCCCN1,-1441.45,C1CNC=NOC1,Ar~DBAAADr,58.0022606204396
CC(O)C1NC1C,CC(O)C1NC1C,-1717.55,C1(C)NC1C(O)C,AA{B}ArDArA,73.45169882268678
C=C(C)C(=O)O,C=C(C)C(=O)O,-1247.44,CC(C(=O)O)=C,A~A{A}A{~B}B,47.14624647477506
C1=NOCC1,C1=NOCC1,-980.76,O1N=CCC1,Ar~DBAAr,32.22391333542236
CCC1CCN1,CCC1CCN1,-1617.81,C1CNC1CC,AAArAADr,67.87065222257038
C1=NOC2CNC12,C1=NOC2CNC12,-1293.27,C1=NOC2C1NC2,Ar~DBAsADArs,49.71070773087426
[CH2][N]OCOC=C,[CH2][N]OCOC=C,-1345.32,O([N][CH2])COC=C,{AQs}{D}BABA~A,52.62321500514795
C#CC(=N)N(C)O,C#CC(=N)N(C)O,-1266.16,N=C(C#C)N(C)O,A^AA{~D}D{A}B,48.193741886387045
C#CC(C)CO,C#CC(C)CO,-1396.99,C(O)C(C)C#C,A^AA{A}AB,55.51445901786114
O=Cc1ccsn1,O=Cc1ccsn1,-1115.27,c1snc(C=O)c1,B~Aaraaedr,39.75054836832446
C#CC(=O)C=O,C#CC(=O)C=O,-927.43,C(=O)C(=O)C#C,A^AA{~B}A~B,29.239782443260662
C#CC(C)(O)C#C,C#CC(C)(O)C#C,-1385.08,C(C(O)(C#C)C)#C,A^AA{A}{B}A^A,54.84802363579391
NN=C1CCCC1,NN=C1CCCC1,-1659.18,N(=C1CCCC1)N,DD~ArAAAAr,70.1855499350911
C=C(C)S([O])([O])O,C=C(C)S([O])([O])O,-1579.28,S(O)([O])([O])C(C)=C,A~A{A}E{{B}}{{B}}B,65.71466941223869
COCC(C)C#N,COCC(C)C#N,-1592.58,O(C)CC(C#N)C,ABAA{A}A^D,66.45888356685617
Cn1occc1=O,Cn1occc1=O,-1256.3,c1cc(=O)n(C)o1,Adrbaaar~B,47.64201620484355
C#CCN(C)CC,C#CCN(C)CC,-1750.39,N(CC#C)(C)CC,A^AAD{A}AA,75.28929226912577
COCC(C)C,COCC(C)C,-1688.27,C(C)(C)COC,ABAA{A}A,71.81330856349881
CC1CCN1,CC1CCN1,-1322.48,C1(C)CCN1,AArAADr,51.345181073458974
CC(N)C1CO1,CC(N)C1CO1,-1415.86,O1C(C(N)C)C1,AA{D}ArABr,56.570347822194364
[CH2][N]OC(C)CN,[CH2][N]OC(C)CN,-1565.88,[N](OC(C)CN)[CH2],{AQs}{D}BA{A}AD,64.9648596624737
CC=CCCC,CC=CCCC,-1754.18,C(CC)C=CC,AA~AAAA,75.50136532521601
C1NCC2NC12,C1NCC2NC12,-1353.02,C12CNCC1N2,ArDAAsDArs,53.05407583150544
CC(CN)N1CC1,CC(CN)N1CC1,-1777.9,C1N(C(C)CN)C1,AA{AD}DrAAr,76.82864049420297
C=COCC(C)N,C=COCC(C)N,-1717.74,CC(N)COC=C,A~ABAA{A}D,73.46233045346703
C1=NN=CC2OC12,C1=NN=CC2OC12,-1165.21,N1=CC2OC2C=N1,Ar~DD~AAsBArs,42.5449885849859
C=C1CCC=CO1,C=C1CCC=CO1,-1581.91,C1C(=C)OC=CC1,A~ArAAA~ABr,65.86183356461794
[CH2][N]NCCC=C,[CH2][N]NCCC=C,-1628.38,C(CCN[N][CH2])=C,{AQs}{D}DAAA~A,68.46210662966114
N#Cc1cc[nH]c1,N#Cc1cc[nH]c1,-1293.74,c1c[nH]cc1C#N,D^Aaraa{dQ}ar,49.73700702806751
N#CC1CC(=O)C1,N#CC1CC(=O)C1,-1453.71,C1(=O)CC(C#N)C1,D^AArAA{~B}Ar,58.68828058552308
N#CCCC1CN1,N#CCCC1CN1,-1522.92,C1C(CCC#N)N1,D^AAAArADr,62.560991987107755
C=CC(=C)OCC,C=CC(=C)OCC,-1707.7,C(C(OCC)=C)=C,A~AA{~A}BAA,72.90053270065806
COCCC(C)N,COCCC(C)N,-1855.61,O(CCC(C)N)C,ABAAA{A}D,81.17697748332513
C=CCC1COC1,C=CCC1COC1,-1696.08,C1(CC=C)COC1,A~AAArABAr,72.25032454451855
Cc1ccoc1C,Cc1ccoc1C,-1604.99,c1(C)ccoc1C,AaraabarA,67.15329692466092
O=CCCC1CC1,O=CCCC1CC1,-1715.05,C1C(CCC=O)C1,B~AAAArAAr,73.31180894399928
CC1CNC1CN,CC1CNC1CN,-1786.04,NCC1C(C)CN1,AArADArAD,77.28412193920946
CCOC[CH][N]O,CCOC[CH][N]O,-1497.98,C(C)OC[CH][N]O,AABA{AQ}{D}B,61.16545055732127
C1=NC2CC(C2)N1,C1=NC2CC(C2)N1,-1528.48,C12CC(C1)N=CN2,Ar~DAsAA{As}Dr,62.87210707730874
CCCOC=O,CCCOC=O,-1380.38,O(CCC)C=O,AAABA~B,54.58503066386142
OC[CH][N]N1CC1,OC[CH][N]N1CC1,-1468.02,C([CH][N]N1CC1)O,BA{AQ}{D}DrAAr,59.4890102511303
CNC(C=O)CO,CNC(C=O)CO,-1528.09,N(C)C(CO)C=O,ADA{A~B}AB,62.85028425623349
O=C1C=CNC1=O,O=C1C=CNC1=O,-1240.61,C1=CNC(=O)C1=O,B~ArA~ADAr~B,46.76406732620081
CC1C(N)CN1C,CC1C(N)CN1C,-1541.07,NC1CN(C)C1C,AArA{D}ADrA,63.57659250637898
C#CC(C)C(C)N,C#CC(C)C(C)N,-1760.54,C(C)(C#C)C(C)N,A^AA{A}A{A}D,75.85724517659699
Cn1sccc1=N,Cn1sccc1=N,-1296.74,c1(=N)n(C)scc1,Adreaaar~D,49.90487488249251
CCC(=O)N(C)C,CCC(=O)N(C)C,-1746.71,O=C(CC)N(C)C,AAA{~B}D{A}A,75.08337436769776
CNCC(C)C,CNCC(C)C,-1760.75,C(C)(C)CNC,ADAA{A}A,75.86899592640674
CCC(C)CNC,CCC(C)CNC,-2055.09,C(C)C(CNC)C,AAA{A}ADA,92.3390706835579
C=C(CN)C(C)N,C=C(CN)C(C)N,-1789.77,C(C(CN)=C)(N)C,A~A{AD}A{A}D,77.4928376382112
[CH2][N]N(C)CCO,[CH2][N]N(C)CCO,-1562.12,[N](N(C)CCO)[CH2],{AQs}{D}D{A}AAB,64.75446528492769
CC1CC(C)(C)O1,CC1CC(C)(C)O1,-1853.06,CC1(C)OC(C)C1,AArAA{A}{A}Br,81.03428980706387
CC(N)CC1CN1,CC(N)CC1CN1,-1783.97,N1C(CC(N)C)C1,AA{D}AArADr,77.16829311965621
CN[N][CH]C(C)=O,CN[N][CH]C(C)=O,-1456.12,[N](NC)[CH]C(C)=O,AD{D}{AQ}A{A}~B,58.82313442857781
CC(=O)CCC#N,CC(=O)CCC#N,-1478.89,O=C(CCC#N)C,AA{~B}AAA^D,60.097251443663566
C=CC(C)C#N,C=CC(C)C#N,-1359.44,C(#N)C(C)C=C,A~AA{A}A^D,53.41331303997494
C#CC1(C)COC1,C#CC1(C)COC1,-1542.04,C(#C)C1(C)COC1,A^AAr{A}ABAr,63.63086977930973
CC[CH][N]OC=O,CC[CH][N]OC=O,-1382.32,C(C)[CH][N]OC=O,AA{AQ}{D}BA~B,54.69358520972291
COCCCOC,COCCCOC,-1774.79,C(OC)CCOC,ABAAABA,76.65461748511572
C=Cc1ccc[nH]1,C=Cc1ccc[nH]1,-1907.37,c1cc[nH]c1C=C,A~Aaraaa{dQ}r,84.07325753167106
CCC1=CCOC1,CCC1=CCOC1,-1720.47,C1C=C(CC)CO1,AAAr~AABAr,73.61509020099378
CC(C#N)CCO,CC(C#N)CCO,-1603.22,C(CC(C)C#N)O,AA{A^D}AAB,67.05425489055017
CCNC(=O)CN,CCNC(=O)CN,-1628.37,C(C(NCC)=O)N,AADA{~B}AD,68.46154707014637
OC1C=CCC1,OC1C=CCC1,-1429.92,C1=CCCC1O,BArA~AAAr,57.35708849993286
CC1=CS[C]([NH])N1,CC1=CS[C]([NH])N1,-1408.29,C1(C)=CS[C]([NH])N1,AAr~AE{A}{{DQ}}Dr,56.14676126952863
OCCC1CC1O,OCCC1CC1O,-1642.19,C1(O)C(CCO)C1,BAAArAArB,69.23485831953087
C=CC=CC=O,C=CC=CC=O,-1287.12,O=CC=CC=C,A~AA~AA~B,49.36657862930301
NCC#C[CH][N]O,NCC#C[CH][N]O,-1575.59,O[N][CH]C#CCN,DAA^A{AQ}{D}B,65.50819195129594
N#CC=CC1CO1,N#CC=CC1CO1,-1304.19,C(=CC1OC1)C#N,D^AA~AArABr,50.321746720981245
CNCCCCN,CNCCCCN,-1926.68,N(C)CCCCN,ADAAAAD,85.15376695465332
C=CCNNC=O,C=CCNNC=O,-1456.37,C(C=C)NNC=O,A~AADDA~B,58.83712341644656
CC=CC#CC=O,CC=CC#CC=O,-1423.32,C(C=O)#CC=CC,AA~AA^AA~B,56.987779220197865
C#CC1CN(C)C1,C#CC1CN(C)C1,-1606.29,C1C(C#C)CN1C,A^AArAD{A}Ar,67.2260396615784
CCC(C)=CCO,CCC(C)=CCO,-1850.65,C(CC)(=CCO)C,AAA{A}~AAB,80.89943596400914
CCOCC1CO1,CCOCC1CO1,-1634.43,O1C(COCC)C1,AABAArABr,68.80064013608488
C#CC(C#N)=NO,C#CC(C#N)=NO,-1169.02,C(#C)C(C#N)=NO,A^AA{A^D}~DB,42.758180760105645
CC(C)(O)CO,CC(C)(O)CO,-1503.7,OC(C)(C)CO,AA{A}{B}AB,61.48551859975828
C=CC#CCCO,C=CC#CCCO,-1554.71,C(C#CCCO)=C,A~AA^AAAB,64.33983168449797
C=CC(O)CNC,C=CC(O)CNC,-1716.13,N(CC(O)C=C)C,A~AA{B}ADA,73.37224137159228
C#CC(C#C)C#C,C#CC(C#C)C#C,-1277.49,C(C(C#C)C#C)#C,A^AA{A^A}A^A,48.82772281659878
COC1=CCNC1,COC1=CCNC1,-1583.01,C1C(OC)=CCN1,ABAr~AADAr,65.92338511124045
O=COC1CNC1,O=COC1CNC1,-1615.04,O(C=O)C1CNC1,B~ABArADAr,67.71565423698465
O[N][CH]C1CCC1,O[N][CH]C1CCC1,-1353.46,C1CC([CH][N]O)C1,B{D}{AQ}ArAAAr,53.07869645015444
CC1CC(N)CO1,CC1CC(N)CO1,-1735.44,C1(C)CC(N)CO1,AArAA{D}ABr,74.45275079457451
C1=NOC2CCC12,C1=NOC2CCC12,-1426.86,C12C=NOC1CC2,Ar~DBAsAAArs,57.18586328841935
CCNCCC=O,CCNCCC=O,-1727.42,O=CCCNCC,AADAAA~B,74.00398406374502
C=CC1CC1CC,C=CC1CC1CC,-1899.39,C(=C)C1C(CC)C1,A~AArAArAA,83.62672903890059
C=C(CN)C(N)=O,C=C(CN)C(N)=O,-1277.0,NC(C(=C)CN)=O,A~A{AD}A{D}~B,48.80030440037603
CNC(C=O)C=O,CNC(C=O)C=O,-1391.19,O=CC(C=O)NC,ADA{A~B}A~B,55.18991449930615
CCOC,CCOC,-1096.09,C(OC)C,AABA,38.67731321903397
CCN(C)CC,CCN(C)CC,-1754.89,C(N(C)CC)C,AAD{A}AA,75.54109405076326
CC1CC1O,CC1CC1O,-1250.33,C1C(O)C1C,AArAArB,47.30795917453781
[CH2]c1cc[nH]c1[NH],[CH2]c1cc[nH]c1[NH],-1448.88,[NH]c1[nH]ccc1[CH2],{AQs}araa{dQ}ar{DQ},58.418013339898835
C#CC(O)C=O,C#CC(O)C=O,-1058.82,C(#C)C(C=O)O,A^AA{B}A~B,36.59183490756077
C#CC(=O)N(C)N,C#CC(=O)N(C)N,-1299.23,C(=O)(N(N)C)C#C,A^AA{~B}D{A}D,50.04420520166525
CC(O)C(C)CN,CC(O)C(C)CN,-1867.93,NCC(C)C(O)C,AA{B}A{A}AD,81.86635480549714
O=S1(=O)CCCN1,O=S1(=O)CCCN1,-1297.16,C1CCS(=O)(=O)N1,B~Er{~B}AAADr,49.92837638211201
CCN(O)C(C)=N,CCN(O)C(C)=N,-1575.72,C(N(C(C)=N)O)C,AAD{B}A{A}~D,65.5154662249877
O=C1CC2CC1C2,O=C1CC2CC1C2,-1580.88,C1C2CC(C1=O)C2,B~ArAAsAArAs,65.80419893459869
C=COC,C=COC,-953.53,O(C=C)C,A~ABA,30.70023277675814
CCC(C)NC=O,CCC(C)NC=O,-1752.2,CC(NC=O)CC,AAA{A}DA~B,75.39057254129551
CNCCC(C)O,CNCCC(C)O,-1862.4,OC(CCNC)C,ADAAA{A}B,81.55691839384038
CC1C=CCC1,CC1C=CCC1,-1628.19,C1C=CC(C)C1,AArA~AAAr,68.45147499888088
CC#CC(C)C=O,CC#CC(C)C=O,-1566.33,CC#CC(C=O)C,AA^AA{A}A~B,64.99003984063745
N#CCCC1CC1,N#CCCC1CC1,-1655.49,C1(CCC#N)CC1,D^AAAArAAr,69.97907247414837
CC(C=O)=CN,CC(C=O)=CN,-1307.99,NC=C(C)C=O,AA{A~B}~AD,50.53437933658624
CC(N)COC=O,CC(N)COC=O,-1547.29,C(OC=O)C(C)N,AA{D}ABA~B,63.924638524553465
CN1CC1C1CO1,CN1CC1C1CO1,-1555.1,C1(C2N(C)C2)OC1,ADrAArArABr,64.36165450557321
CC=C(C)CCC,CC=C(C)CCC,-2050.89,CC(CCC)=CC,AA~A{A}AAA,92.1040556873629
C#CC(=C)C#C,C#CC(=C)C#C,-1151.7,C(C(C#C)=C)#C,A^AA{~A}A^A,41.789023680558664
C#CC(C#C)C#N,C#CC(C#C)C#N,-1501.2,C(#C)C(C#N)C#C,A^AA{A^A}A^D,61.34562872107079
NC1CC=CC1O,NC1CC=CC1O,-1597.99,C1=CC(O)C(N)C1,DArAA~AArB,66.76160526433593
NC12CNC(C1)C2,NC12CNC(C1)C2,-1646.06,C1C2(N)CC(C2)N1,DArsADA{Ar}As,69.4514078517391
CC1=COCC1N,CC1=COCC1N,-1596.37,C1(N)C(C)=COC1,AAr~ABAArD,66.6709566229464
O=C1CC=NOC1,O=C1CC=NOC1,-1458.34,C1(=O)CON=CC1,B~ArAA~DBAr,58.94735664085233
CCCOC(N)=O,CCCOC(N)=O,-1570.55,O=C(N)OCCC,AAABA{D}~B,65.22617395586195
C#CC(C)=CCN,C#CC(C)=CCN,-1622.77,C(C=C(C#C)C)N,A^AA{A}~AAD,68.14819374188639
CCC(C)=NO,CCC(C)=NO,-1414.07,CC(CC)=NO,AAA{A}~DB,56.47018666905412
C1NCC2CC1N2,C1NCC2CC1N2,-1645.68,C1C2NC(C2)CN1,ArDAAsAArDs,69.43014459017863
CC(C)(O)C=O,CC(C)(O)C=O,-1368.87,C(=O)C(C)(C)O,AA{A}{B}A~B,53.940977662384164
COC(C)(C)C#N,COC(C)(C)C#N,-1588.48,N#CC(C)(OC)C,ABA{A}{A}A^D,66.22946416580866
C=CC(C)(C)C=O,C=CC(C)(C)C=O,-1715.78,O=CC(C)(C)C=C,A~AA{A}{A}A~B,73.35265678857604
O=Cc1ccns1,O=Cc1ccns1,-1115.58,C(c1sncc1)=O,B~Aaraader,39.767894713281706
C#CC=CCC,C#CC=CCC,-1455.97,C(C#C)=CCC,A^AA~AAA,58.814741035856585
CC1C2CCCN12,CC1C2CCCN12,-1780.81,C1(C)C2CCCN12,AArAsAAADrs,76.9914723129952
CC1CC(=O)N1C,CC1CC(=O)N1C,-1609.75,CC1N(C)C(=O)C1,AArAA{~B}DrA,67.4196472536819
COC=CCOC,COC=CCOC,-1635.48,O(C)C=CCOC,ABA~AABA,68.85939388513361
NC1(CO)CC1,NC1(CO)CC1,-1423.25,C(O)C1(N)CC1,DAr{AB}AAr,56.98386230359461
C=CC1OC1CN,C=CC1OC1CN,-1566.35,C1(CN)C(C=C)O1,A~AArBArAD,64.99115895966695
O=C1C=CCN1O,O=C1C=CCN1O,-1768.92,C1=CCN(O)C1=O,B~ArA~AADrB,76.32615604995748
CN(C)C1CNC1,CN(C)C1CNC1,-1764.28,N(C)(C1CNC1)C,AD{A}ArADAr,76.06652043511349
C=C1C=CCCO1,C=C1C=CCCO1,-1587.05,C1OC(=C)C=CC1,A~ArA~AAABr,66.14944715519943
Cc1cnsc1O,Cc1cnsc1O,-1917.82,c1(C)c(O)snc1,AaradearB,84.65799722458482
O=C1OCC2NC12,O=C1OCC2NC12,-1456.42,C1OC(=O)C2C1N2,B~ArBAAsDArs,58.83992121402033
CC(C)(O)C1CO1,CC(C)(O)C1CO1,-1646.75,CC(O)(C)C1OC1,AA{A}{B}ArABr,69.49001745825686
C=CC(C=O)CO,C=CC(C=O)CO,-1514.31,OCC(C=O)C=C,A~AA{A~B}AB,62.079211244908
CC1C(C)C1C#N,CC1C(C)C1C#N,-1657.51,CC1C(C#N)C1C,AArA{A}ArA^D,70.09210349612786
CC1C=NN(C)C1,CC1C=NN(C)C1,-1552.82,C1=NN(C)CC1C,AArA~DD{A}Ar,64.23407493621022
C#CC(=O)C=CC,C#CC(=O)C=CC,-1424.25,C(=O)(C#C)C=CC,A^AA{~B}A~AA,57.03981825506961
C#CC(=C)C1CN1,C#CC(=C)C1CN1,-1611.5,C=C(C1CN1)C#C,A^AA{~A}ArADr,67.51757016876314
CC(=O)OCCN,CC(=O)OCCN,-1553.3,CC(OCCN)=O,AA{~B}BAAD,64.26093379291822
CCc1ccoc1,CCc1ccoc1,-1600.05,c1cocc1CC,AAaraabar,66.87687452437441
C=C1CCCCO1,C=C1CCCCO1,-1724.71,C1(=C)OCCCC1,A~ArAAAABr,73.85234343524778
C#CC=CC1CO1,C#CC=CC1CO1,-1396.32,O1C(C=CC#C)C1,A^AA~AArABr,55.47696853037289
C=CC=C(C)OC,C=CC=C(C)OC,-1708.55,C=CC=C(OC)C,A~AA~A{A}BA,72.9480952594118
CC1(CN)CC1,CC1(CN)CC1,-1620.54,C1C(C)(CN)C1,AAr{AD}AAr,68.02341197009713
CC[N][CH]NOC,CC[N][CH]NOC,-1561.11,O(C)N[CH][N]CC,AA{D}{AQ}DBA,64.69794977393796
CCC(CC)CO,CCC(CC)CO,-1990.38,C(C)C(CC)CO,AAA{AA}AB,88.71816106361074
CC(CN)N(C)C,CC(CN)N(C)C,-1919.15,CN(C(C)CN)C,AA{AD}D{A}A,84.73241864004656
NCC(O)C1CO1,NCC(O)C1CO1,-1565.9,C1(C(O)CN)CO1,DAA{B}ArABr,64.96597878150321
CCNC(C)CC,CCNC(C)CC,-2057.81,CCC(NCC)C,AADA{A}AA,92.4912708715699
C=C1C=CCNC1,C=C1C=CCNC1,-1792.47,C1C=CC(=C)CN1,A~ArA~AADAr,77.6439187071937
N#CC#CC1CO1,N#CC#CC1CO1,-1138.18,C1C(C#CC#N)O1,D^AA^AArABr,41.032499216616685
O=CC1CNC1=O,O=CC1CNC1=O,-1475.58,C1(=O)C(C=O)CN1,B~AArADAr~B,59.9120372442813
OC12C=CC(C1)C2,OC12C=CC(C1)C2,-1557.23,C1=CC2(O)CC1C2,BArsA~AA{Ar}As,64.48084068221496
CCC(C=O)CO,CCC(C=O)CO,-1660.29,C(CO)(CC)C=O,AAA{A~B}AB,70.24766104122834
OC1CC=COC1,OC1CC=COC1,-1527.09,C1=CCC(O)CO1,BArAA~ABAr,62.7943283047585
C#CCC=CCO,C#CCC=CCO,-1547.18,C(=CCO)CC#C,A^AAA~AAB,63.918483369891234
CCC1(N)CC1,CCC1(N)CC1,-1623.38,C1(CC)(N)CC1,AAAr{D}AAr,68.18232687228614
[CH2]C=C[N][N][CH]C,[CH2]C=C[N][N][CH]C,-1508.75,C([N][N][CH]C)=C[CH2],{AQs}A~A{D}{D}{AQ}A,61.76809615470701
O=CC1COC1,O=CC1COC1,-1211.2,C1C(C=O)CO1,B~AArABAr,45.1184027933211
C=C(C)C(N)CN,C=C(C)C(N)CN,-1791.17,NCC(N)C(C)=C,A~A{A}A{D}AD,77.5711759702762
CCNC1CNC1,CCNC1CNC1,-1768.66,C1C(NCC)CN1,AADArADAr,76.31160750257399
Cc1coc(O)c1,Cc1coc(O)c1,-1407.25,o1cc(C)cc1O,Aaraba{B}ar,56.08856707999463
COC=CCC=O,COC=CCC=O,-1514.01,C(=O)CC=COC,ABA~AAA~B,62.06242445946552
CC(O)CCO,CC(O)CCO,-1501.58,C(CO)C(O)C,AA{B}AAB,61.366891982631266
CC=C1C=CCO1,CC=C1C=CCO1,-1586.37,CC=C1OCC=C1,AA~ArA~AABr,66.11139710819641
CNc1ccco1,CNc1ccco1,-1469.22,c1ccc(NC)o1,ADaraaabr,59.55615739290032
CNC(=O)C1CN1,CNC(=O)C1CN1,-1476.65,N(C)C(C1NC1)=O,ADA{~B}ArADr,59.97191011235955
NS(=O)(=O)C1CC1,NS(=O)(=O)C1CC1,-1219.46,C1CC1S(=O)(=O)N,DE{~B}{~B}ArAAr,45.580598952504594
C1CNC1,C1CNC1,-1018.41,C1NCC1,ArADAr,34.33065490845607
CN1CS(=O)(=O)C1,CN1CS(=O)(=O)C1,-1437.1,O=S1(=O)CN(C)C1,ADrAE{~B}{~B}Ar,57.75885223152334
C1=CCOC1,C1=CCOC1,-1125.26,C1OCC=C1,Ar~AABAr,40.309548323559696
C=C(C)C=CC=O,C=C(C)C=CC=O,-1586.18,C(C=CC(=C)C)=O,A~A{A}A~AA~B,66.10076547741619
CCC1(O)CCC1,CCC1(O)CCC1,-1848.38,C1(O)(CC)CCC1,AAAr{B}AAAr,80.77241595416089
C=C(C#N)OC,C=C(C#N)OC,-1153.89,O(C)C(=C)C#N,A~A{A^D}BA,41.91156721428892
[CH2][N]OCCC#N,[CH2][N]OCCC#N,-1302.22,C(CO[N][CH2])C#N,{AQs}{D}BAAA^D,50.2115134965755
C=C(C)C(=O)NN,C=C(C)C(=O)NN,-1469.98,C(C(NN)=O)(C)=C,A~A{A}A{~B}DD,59.5986839160213
COC1=CC=CC1,COC1=CC=CC1,-1580.85,O(C)C1=CC=CC1,ABAr~AA~AAr,65.80252025605444
C1=NNC2CC12,C1=NNC2CC12,-1213.24,C12NN=CC1C2,Ar~DDAsAArs,45.2325529343301
C=COCC=O,C=COCC=O,-1214.72,O=CCOC=C,A~ABAA~B,45.3153677425131
CC1OCCO1,CC1OCCO1,-1365.5,C1OC(C)OC1,AArBAABr,53.75240610591343
NC(=O)C1CNC1,NC(=O)C1CNC1,-1612.68,N1CC(C(N)=O)C1,DA{~B}ArADAr,67.58359819150365
C=C(CN)CO,C=C(CN)CO,-1423.83,C=C(CO)CN,A~A{AD}AB,57.01631675545011
C1CC1C1CN1,C1CC1C1CN1,-1468.0,C1(C2CC2)CN1,ArAArArADr,59.487891132100806
C1=COC=NNC1,C1=COC=NNC1,-1312.66,C1=NNCC=CO1,Ar~ABA~DDAr,50.795693629974494
NC1CNCC1O,NC1CNCC1O,-1604.79,C1(O)CNCC1N,DArADAArB,67.1421057343659
Cc1coc(N)c1,Cc1coc(N)c1,-1479.26,c1oc(N)cc1C,Aaraba{D}ar,60.11795514570931
CC1NCC1CN,CC1NCC1CN,-1520.73,C1(CN)CNC1C,AArDAArAD,62.4384484533775
CN1CC1CO,CN1CC1CO,-1412.01,OCC1N(C)C1,ADrAArAB,56.35491740901563
CC1CN1,CC1CN1,-1025.03,C1NC1C,AArADr,34.70108330722056
C#CC1CNC1,C#CC1CNC1,-1311.9,C1C(C#C)CN1,A^AArADAr,50.753167106853496
Oc1cccs1,Oc1cccs1,-1074.92,Oc1sccc1,Baraaaer,37.49272572630826
C#CC1CC1C=C,C#CC1CC1C=C,-1599.99,C1C(C#C)C1C=C,A^AArAArA~A,66.87351716728593
C#CC=CC(C)O,C#CC=CC(C)O,-1553.05,CC(C=CC#C)O,A^AA~AA{A}B,64.24694480504947
C=C1CCCC1=C,C=C1CCCC1=C,-1522.05,C1(=C)CCCC1=C,A~ArAAAAr~A,62.512310309324505
C1=CCON=C1,C1=CCON=C1,-1131.83,C1ON=CC=C1,Ar~AABD~Ar,40.677178924750436
CCN(C)[CH][N]C,CCN(C)[CH][N]C,-1793.06,[CH](N(C)CC)[N]C,AAD{A}{AQ}{D}A,77.67693271856393
CC(=O)CN(C)C,CC(=O)CN(C)C,-1726.03,CN(C)CC(C)=O,AA{~B}AD{A}A,73.92620529119478
NCC1NCC1O,NCC1NCC1O,-1586.91,C(N)C1NCC1O,DAArDAArB,66.14161332199293
C=CC(=N)NCC,C=CC(=N)NCC,-1663.75,C=CC(NCC)=N,A~AA{~D}DAA,70.44126863333183
C=C1CCOC1C,C=C1CCOC1C,-1720.62,C1C(=C)C(C)OC1,A~ArAABArA,73.62348359371502
CCO[N][CH]C#N,CCO[N][CH]C#N,-1302.67,[CH]([N]OCC)C#N,AAB{D}{AQ}A^D,50.23669367473926
C=CC1CC(O)C1,C=CC1CC(O)C1,-1702.17,C1C(C=C)CC1O,A~AArAA{B}Ar,72.5910962890013
CCCC(N)CN,CCCC(N)CN,-1933.52,NC(CN)CCC,AAAA{D}AD,85.5365056627423
C=COC1CC1N,C=COC1CC1N,-1568.34,C=COC1C(N)C1,A~ABArAArD,65.1025113031022
Cc1ccc(C)s1,Cc1ccc(C)s1,-1444.63,c1cc(C)sc1C,Aaraaa{A}er,58.18020054613009
C#CCC(=O)C=C,C#CCC(=O)C=C,-1421.32,C(CC(=O)C=C)#C,A^AAA{~B}A~A,56.87586731724787
CCN1CC1,CCN1CC1,-1315.05,C(C)N1CC1,AADrAAr,50.92942835399973
C#CC1CCC1N,C#CC1CCC1N,-1615.27,C#CC1C(N)CC1,A^AArAAArD,67.7285241058239
C=CC(O)C#N,C=CC(O)C#N,-1155.49,C(O)(C#N)C=C,A~AA{B}A^D,42.00109673664891
CC1CC1(N)CN,CC1CC1(N)CN,-1787.96,C1(C)C(CN)(N)C1,AArAAr{D}AD,77.39155736604145
CCN(C=O)CC,CCN(C=O)CC,-1746.49,O=CN(CC)CC,AAD{A~B}AA,75.07106405837325
C1=NOC2CC12,C1=NOC2CC12,-1127.5,O1C2CC2C=N1,Ar~DBAsAArs,40.434889654863696
CC(O)C#CCN,CC(O)C#CCN,-1566.44,OC(C)C#CCN,AA{B}A^AAD,64.9961949952997
COC(C)C(N)=O,COC(C)C(N)=O,-1553.14,O=C(C(C)OC)N,ABA{A}A{D}~B,64.25198084068224
CC1ON=CC1N,CC1ON=CC1N,-1447.98,C1=NOC(C)C1N,AArBD~AArD,58.367652983571325
C#CC1CC1C#C,C#CC1CC1C#C,-1446.52,C(#C)C1CC1C#C,A^AArAArA^A,58.28595729441783
C=CC1CC=NO1,C=CC1CC=NO1,-1428.24,O1N=CCC1C=C,A~AArAA~DBr,57.26308250145486
CCN(C=N)OC,CCN(C=N)OC,-1564.39,C(N(C=N)OC)C,AAD{A~D}BA,64.88148529477597
CCC1=N[N]S[CH]1,CCC1=N[N]S[CH]1,-1686.67,C(C1=N[N]S[CH]1)C,AAAr~D{D}E{AQ}r,71.72377904113883
CC#CC(O)C#N,CC#CC(O)C#N,-1299.39,C(#N)C(C#CC)O,AA^AA{B}A^D,50.05315815390126
CN(C)S(C)(=O)=O,CN(C)S(C)(=O)=O,-1440.94,O=S(N(C)C)(=O)C,AD{A}E{A}{~B}~B,57.973723085187345
C=C(CC)C1CN1,C=C(CC)C1CN1,-2062.4,C=C(C1NC1)CC,A~A{AA}ArADr,92.74810868884015
OCCCC1CC1,OCCCC1CC1,-1844.56,C1(CCCO)CC1,BAAAArAAr,80.55866421952638
CC1CC(N)CN1,CC1CC(N)CN1,-926.22,NC1CNC(C)C1,AArAA{D}ADr,29.172075741975917
CCC#CCNC,CCC#CCNC,-1759.92,N(CC#CCC)C,AAA^AADA,75.82255248668248
C=C(C)C(C)O,C=C(C)C(C)O,-1555.44,CC(C(=C)C)O,A~A{A}A{A}B,64.38067952907471
CC=COC1CC1,CC=COC1CC1,-1697.04,C1C(OC=CC)C1,AA~ABArAAr,72.30404225793455
CCNS(C)(=O)=O,CCNS(C)(=O)=O,-1264.0,CS(NCC)(=O)=O,AADE{A}{~B}~B,48.07287703120104
CC=C(CN)CN,CC=C(CN)CN,-1791.15,NCC(=CC)CN,AA~A{AD}AD,77.5700568512467
CC=C(C)C=O,CC=C(C)C=O,-1431.09,C(=CC)(C=O)C,AA~A{A}A~B,57.422556963158605
c1cnsc1,c1cnsc1,-850.55,c1ccsn1,aradear,24.93788889386275
C#CC1CC1OC,C#CC1CC1OC,-1535.36,COC1CC1C#C,A^AArAArBA,63.25708402345674
CCC1(CO)CC1,CCC1(CO)CC1,-1845.61,C1(CC)(CO)CC1,AAAr{AB}AAr,80.61741796857514
CNC(C)CN,CNC(C)CN,-1631.59,C(N)C(NC)C,ADA{A}AD,68.64172523389588
CCONC(C)=O,CCONC(C)=O,-1519.2,C(NOCC)(=O)C,AABDA{A}~B,62.35283584762077
c1snc2c1NC2,c1snc2c1NC2,-1197.01,n1scc2c1CN2,aredasarDAs,44.32438784189087
NC1CC1O,NC1CC1O,-1122.73,C1(N)CC1O,DArAArB,40.167979766327946
C#CC#CC(=O)O,C#CC#CC(=O)O,-1075.22,C#CC#CC(O)=O,A^AA^AA{~B}B,37.50951251175075
[CH2][N]NCCC,[CH2][N]NCCC,-1478.64,C(C)CN[N][CH2],{AQs}{D}DAAA,60.08326245579482
CN(C=O)N1CC1,CN(C=O)N1CC1,-1439.99,CN(N1CC1)C=O,AD{A~B}DrAAr,57.9205649312861
CNCC(C)CO,CNCC(C)CO,-1860.91,C(C(CO)C)NC,ADAA{A}AB,81.47354402614265
CC(O)CC(C)O,CC(O)CC(C)O,-1799.27,CC(O)CC(O)C,AA{B}AA{A}B,78.02441917722369
CC(C)=C(C)C#N,CC(C)=C(C)C#N,-1803.68,C(C(C)=C(C)C)#N,AA{A}~A{A}A^D,78.27118492322846
C=CCCCNC,C=CCCCNC,-1911.3,C(CCNC)C=C,A~AAAADA,84.29316442096781
NCC1C=CCC1,NCC1C=CCC1,-1794.78,C1=CC(CN)CC1,DAArA~AAAr,77.77317695510095
COC1CNC1C,COC1CNC1C,-1703.82,C1(C)C(OC)CN1,ABArADArA,72.68342360893504
CC1CC1C1CO1,CC1CC1C1CO1,-1693.77,C1C(C2CO2)C1C,AArAArArABr,72.1210662966113
CCOCC=O,CCOCC=O,-1356.26,O=CCOCC,AABAA~B,53.235373114284435
CC1=NNCCC1,CC1=NNCCC1,-1519.27,C1CCNN=C1C,AAr~DDAAAr,62.356752764224
NC1=CC(=O)OC1,NC1=CC(=O)OC1,-1301.04,C1C(N)=CC(=O)O1,DAr~AA{~B}BAr,50.145485473835
C1CCNCC1,C1CCNCC1,-1639.58,C1NCCCC1,ArAADAAr,69.08881328618111
c1snc2c1CC2,c1snc2c1CC2,-1779.9,s1nc2c(c1)CC2,aredasarAAs,76.94055239715297
CC(N)C(C)CN,CC(N)C(C)CN,-1932.33,CC(C(CN)C)N,AA{D}A{A}AD,85.46991808048703
CCCC(=N)NC,CCCC(=N)NC,-1808.45,C(CC(=N)NC)C,AAAA{~D}DA,78.5380948117642
C=C(C=O)CC=O,C=C(C=O)CC=O,-1390.01,O=CC(=C)CC=O,A~A{A~B}AA~B,55.12388647656565
CC(O)CN,CC(O)CN,-1277.37,C(N)C(C)O,AA{B}AD,48.82100810242177
C1C2OC1C1CC21,C1C2OC1C1CC21,-1535.9,C12C3CC3C(O1)C2,ArAsBArArAAsr,63.28730023725324
N#CCC[CH][N]O,N#CCC[CH][N]O,-1268.21,[N](O)[CH]CCC#N,D^AAA{AQ}{D}B,48.308451586910785
CNC1CC1N,CNC1CC1N,-1485.61,C1(NC)CC1N,ADArAArD,60.473275437575545
C#CCNC(C)=N,C#CCNC(C)=N,-1507.74,CC(NCC#C)=N,A^AADA{A}~D,61.71158064371728
C#CC(C)C#C,C#CC(C)C#C,-1291.01,C(#C)C(C#C)C,A^AA{A}A^A,49.58424728054076
C#CC(=CC)CO,C#CC(=CC)CO,-1550.92,C(C)=C(CO)C#C,A^AA{~AA}AB,64.12775862840772
CC(O)C#CCO,CC(O)C#CCO,-1494.62,CC(C#CCO)O,AA{B}A^AAB,60.977438560365265
NC1CCOCC1,NC1CCOCC1,-1735.84,C1CC(N)CCO1,DArAABAAr,74.47513317516452
CC(C)(C)C,CC(C)(C)C,-1602.07,C(C)(C)(C)C,AA{A}{A}A,66.98990554635391
[CH2][N]OC(C)C,[CH2][N]OC(C)C,-1400.71,C(C)(O[N][CH2])C,{AQs}{D}BA{A}A,55.72261515734814
CC1OC(C)C1O,CC1OC(C)C1O,-1650.84,C1(C)C(O)C(C)O1,AArBA{A}ArB,69.71887729978961
CCC(C)(N)CN,CCC(C)(N)CN,-1934.31,C(C(CC)(C)N)N,AAA{A}{D}AD,85.58071086440752
C=CCCCC=O,C=CCCCC=O,-1716.77,C(CCC=C)C=O,A~AAAAA~B,73.40805318053629
NCc1ccns1,NCc1ccns1,-1314.63,c1cc(CN)sn1,DAaraader,50.90592685438024
O=CCC=CCO,O=CCC=CCO,-1517.47,C(C=CCC=O)O,B~AAA~AAB,62.256032051569015
CCN1CCC1=O,CCN1CCC1=O,-1609.94,N1(CC)CCC1=O,AADrAAAr~B,67.43027888446215
Cc1cnsc1,Cc1cnsc1,-1148.94,s1cc(C)cn1,Aaradear,41.63458525448767
C#CCC(=C)OC,C#CCC(=C)OC,-1543.69,C(=C)(OC)CC#C,A^AAA{~A}BA,63.72319709924348
[CH2]C(=C[N]N)CO,[CH2]C(=C[N]N)CO,-1456.32,C(CO)(=C[N]N)[CH2],{AQs}A{~A{D}D}AB,58.834325618872825
C=CC(CN)CN,C=CC(CN)CN,-1787.75,C(N)C(CN)C=C,A~AA{AD}AD,77.3798066162317
C=CC1NC1C=C,C=CC1NC1C=C,-1745.67,C1(C=C)NC1C=C,A~AArDArA~A,75.02518017816375
CNCC=CC=O,CNCC=CC=O,-1587.07,O=CC=CCNC,ADAA~AA~B,66.15056627422894
C=CCO[CH][N]N,C=CCO[CH][N]N,-1466.53,O(CC=C)[CH][N]N,A~AAB{AQ}{D}D,59.40563588343257
C#Cc1nnco1,C#Cc1nnco1,-1040.33,n1coc(C#C)n1,A^Aarddabr,35.55720936478804
CC1CCC1O,CC1CCC1O,-1553.26,C1CC(O)C1C,AArAAArB,64.25869555485923
CC(C)N(N)C=O,CC(C)N(N)C=O,-1604.42,O=CN(C(C)C)N,AA{A}D{D}A~B,67.12140203232016
CC#CC1OC1C,CC#CC1OC1C,-1549.51,C(#CC1C(C)O1)C,AA^AArBArA,64.04886073682798
CNC(=O)C(C)N,CNC(=O)C(C)N,-1627.89,C(C(N)C)(NC)=O,ADA{~B}A{A}D,68.4346882134384
CCC(O)C(C)N,CCC(O)C(C)N,-1866.44,CCC(C(N)C)O,AAA{B}A{A}D,81.78298043779937
O[N][CH]NC1CC1,O[N][CH]NC1CC1,-1432.64,C1(N[CH][N]O)CC1,B{D}{AQ}DArAAr,57.50928868794487
C#CCCC=C,C#CCCC=C,-1450.68,C(C#C)CC=C,A^AAAA~A,58.51873405255384
[CH2][N]OC,[CH2][N]OC,-803.46,O([N][CH2])C,{AQs}{D}BA,22.302923138905058
C=CC(N)C=CC,C=CC(N)C=CC,-1775.71,C(=CC)C(N)C=C,A~AA{D}A~AA,76.70609696047272
CC(C)C#CCN,CC(C)C#CCN,-1656.66,C(C)(C)C#CCN,AA{A}A^AAD,70.04454093737411
O=C1C2COC1C2,O=C1C2COC1C2,-1366.13,C12C(=O)C(C1)OC2,B~ArAsABArAs,53.787658355342685
C=CC(O)CCC,C=CC(O)CCC,-1848.22,CCCC(O)C=C,A~AA{B}AAA,80.76346300192489
COC(=O)C(C)N,COC(=O)C(C)N,-1551.14,COC(C(N)C)=O,ABA{~B}A{A}D,64.14006893773224
CC=CCCN,CC=CCCN,-1624.79,NCCC=CC,AA~AAAD,68.26122476386588
COC=CCCN,COC=CCCN,-1715.32,C(OC)=CCCN,ABA~AAAD,73.32691705089753
[CH2]C(=C[N]N)CC,[CH2]C(=C[N]N)CC,-1642.35,[N](N)C=C(CC)[CH2],{AQs}A{~A{D}D}AA,69.24381127176686
O=C1CCCCN1,O=C1CCCCN1,-1492.35,C1C(=O)NCCC1,B~ArAAAADr,60.85041855051703
C=CC(C=C)C=C,C=CC(C=C)C=C,-1755.39,C(C(C=C)C=C)=C,A~AA{A~A}A~A,75.56907202650076
C#CS(=O)(=O)C=C,C#CS(=O)(=O)C=C,-996.47,O=S(=O)(C#C)C=C,A^AE{~B}{~B}A~A,33.10298133309459
CC1=CCNC1=O,CC1=CCNC1=O,-1496.52,C1NC(=O)C(C)=C1,AAr~AADAr~B,61.08375486816777
CNCC(=O)NC,CNCC(=O)NC,-1619.65,N(C)C(=O)CNC,ADAA{~B}DA,67.9736111732844
C#CC1NCC1N,C#CC1NCC1N,-1477.53,C(C1NCC1N)#C,A^AArDAArD,60.021151349657565
C#CC(N)=O,C#CC(N)=O,-862.34,C(C(N)=O)#C,A^AA{D}~B,25.59760956175299
COC=CC=O,COC=CC=O,-1224.99,O=CC=COC,ABA~AA~B,45.890035364161335
CC(=O)CC(N)=O,CC(=O)CC(N)=O,-1435.81,O=C(CC(=O)C)N,AA{~B}AA{D}~B,57.68666905412059
C=CC(C)(C)OC,C=CC(C)(C)OC,-1839.39,CC(C=C)(C)OC,A~AA{A}{A}BA,80.26937195040067
CC1=CCN2CC12,CC1=CCN2CC12,-1573.2,N12CC=C(C)C1C2,AAr~AADsAArs,65.37445722727071
CC1CC(=O)NN1,CC1CC(=O)NN1,-1478.02,C1C(C)NNC1=O,AArAA{~B}DDr,60.048569765880295
C#CC(C)CN,C#CC(C)CN,-1466.65,C#CC(CN)C,A^AA{A}AD,59.41235059760957
C1NC1C1CN1,C1NC1C1CN1,-1335.73,N1CC1C1CN1,ArDArArADr,52.086597430502714
CC1C=CCCC1,CC1C=CCCC1,-1927.95,C1C(C)C=CCC1,AArA~AAAAr,85.22483101302657
C=COC=C(C)C,C=COC=C(C)C,-1707.0,CC(=COC=C)C,A~ABA~A{A}A,72.86136353462554
COC1CC1C=O,COC1CC1C=O,-1507.08,O=CC1CC1OC,ABArAArA~B,61.67464971574376
OC1C2CCOC12,OC1C2CCOC12,-1509.46,C12OCCC1C2O,BArAsAABArs,61.807824880254266
C#CC(=O)CCO,C#CC(=O)CCO,-1363.76,C(CC(C#C)=O)O,A^AA{~B}AAB,53.65504275034693
CCC1CC(C)O1,CCC1CC(C)O1,-1849.16,C1C(C)OC1CC,AAArAA{A}Br,80.8160615963114
C=CC(=C)C=CC,C=CC(=C)C=CC,-1765.39,C(=C)(C=C)C=CC,A~AA{~A}A~AA,76.12863154125075
C=C1C=CC(C)C1,C=C1C=CC(C)C1,-1787.31,CC1C=CC(=C)C1,A~ArA~AA{A}Ar,77.3551859975827
CCC1(C)COC1,CCC1(C)COC1,-1842.53,C1(CC)(C)COC1,AAAr{A}ABAr,80.44507363803214
CC#CC(=O)NN,CC#CC(=O)NN,-1312.18,C(C)#CC(NN)=O,AA^AA{~B}DD,50.76883477326649
C#CC(C)=NO,C#CC(C)=NO,-1111.83,ON=C(C#C)C,A^AA{A}~DB,39.55805989525046
COCC1NC1C,COCC1NC1C,-1706.05,C1(COC)C(C)N1,ABAArDArA,72.8082053807243
C1Cc2nsnc21,C1Cc2nsnc21,-1269.02,n1snc2c1CC2,ArAasdedasr,48.35377590760554
CC=C1C=COC1,CC=C1C=COC1,-1585.36,C1C(=CC)C=CO1,AA~ArA~ABAr,66.05488159720669
c1ccnnc1,c1ccnnc1,-1105.67,n1ccccn1,araaddar,39.21337123416448
C=NN(C=O)CC,C=NN(C=O)CC,-1463.15,N(=C)N(C=O)CC,A~DD{A~B}AA,59.21650476744707
COC1CNC1,COC1CNC1,-1405.02,N1CC(OC)C1,ABArADAr,55.96378530820538
C1OC2CNC1C2,C1OC2CNC1C2,-1596.43,C1C2OCC1NC2,ArBAsADArAs,66.67431398003492
C=CC=CCC#N,C=CC=CCC#N,-1356.06,C(=CC=C)CC#N,A~AA~AAA^D,53.22418192398944
O=C1CCC(=O)C1,O=C1CCC(=O)C1,-1416.95,C1CC(=O)CC1=O,B~ArAAA{~B}Ar,56.63133980930212
CC=COC(C)=O,CC=COC(C)=O,-1541.05,C(=COC(=O)C)C,AA~ABA{A}~B,63.57547338734948
CCOCCC=O,CCOCCC=O,-1654.94,C(=O)CCOCC,AABAAA~B,69.9482967008371
CC1C=CC=NO1,CC1C=CC=NO1,-1430.41,O1N=CC=CC1C,AArA~AA~DBr,57.384506916155615
C#CC(C)(N)CC,C#CC(C)(N)CC,-1761.44,C#CC(N)(C)CC,A^AA{A}{D}AA,75.90760553292449
NCC1COCO1,NCC1COCO1,-1528.82,C(N)C1COCO1,DAArABABr,62.891132100810246
NC1CCOC1=O,NC1CCOC1=O,-1427.73,O1C(=O)C(N)CC1,DArAABAr~B,57.234544966202606
CC(O)C1CCC1,CC(O)C1CCC1,-1847.5,C(C1CCC1)(O)C,AA{B}ArAAAr,80.72317471686289
CCC1(NC)CC1,CCC1(NC)CC1,-1933.2,C(C)C1(NC)CC1,AAAr{DA}AAr,85.51859975827031
C=CC(C=C)=CC,C=CC(C=C)=CC,-1763.5,C=CC(=CC)C=C,A~AA{A~A}~AA,76.02287479296298
NC(CO)C1CO1,NC(CO)C1CO1,-1722.58,C1OC1C(N)CO,DA{AB}ArABr,73.73315725860601
C#CC1COC1,C#CC1COC1,-1244.2,C(#C)C1COC1,A^AArABAr,46.96494919199606
C=COC=CC=O,C=COC=CC=O,-1378.51,C(=O)C=COC=C,A~ABA~AA~B,54.48039303460316
C=CCC=CC=O,C=CCC=CC=O,-1577.93,O=CC=CCC=C,A~AAA~AA~B,65.63912887774745
CCC(C)(C)C=O,CCC(C)(C)C=O,-1861.74,O=CC(C)(C)CC,AAA{A}{A}A~B,81.51998746586688
CC(C=O)=CC=O,CC(C=O)=CC=O,-1391.46,O=CC=C(C)C=O,AA{A~B}~AA~B,55.2050226062044
CC(=N)NCC#N,CC(=N)NCC#N,-1415.86,N(CC#N)C(=N)C,AA{~D}DAA^D,56.570347822194364
CC1COCOC1,CC1COCOC1,-1661.16,O1CC(C)COC1,AArABABAr,70.2963427190116
C=CC(=C)C(C)=O,C=CC(=C)C(C)=O,-1580.85,C(C(C=C)=C)(C)=O,A~AA{~A}A{A}~B,65.80252025605444
OC12CNCC1C2,OC12CNCC1C2,-1582.09,N1CC2(O)C(C2)C1,BArsADAArAs,65.87190563588344
CC(=CC=O)CO,CC(=CC=O)CO,-1525.39,C(O)C(C)=CC=O,AA{~AA~B}AB,62.699203187251015
CC(O)C1(C)CC1,CC(O)C1(C)CC1,-1849.25,OC(C)C1(C)CC1,AA{B}Ar{A}AAr,80.82109763194414
CCC(C#N)CC,CCC(C#N)CC,-1802.28,C(C(CC)CC)#N,AAA{A^D}AA,78.19284659116344
C#CCC1CC1N,C#CCC1CC1N,-1616.05,C1(CC#C)CC1N,A^AAArAArD,67.7721697479744
C=CC(CO)CO,C=CC(CO)CO,-1648.69,C(C(C=C)CO)O,A~AA{AB}AB,69.59857200411837
C=C[CH]C=C[N]O,C=C[CH]C=C[N]O,-1421.56,C([CH]C=C[N]O)=C,A~A{AQ}A~A{D}B,56.88929674560187
CCN[N][CH]OC,CCN[N][CH]OC,-1577.57,CO[CH][N]NCC,AAD{D}{AQ}BA,65.61898473521644
CC(C)N(O)C=N,CC(C)N(O)C=N,-1575.03,N=CN(O)C(C)C,AA{A}D{B}A~D,65.47685661846995
CC(C)C(=O)NO,CC(C)C(=O)NO,-1525.53,O=C(NO)C(C)C,AA{A}A{~B}DB,62.707037020457506
CCC1C(N)C1N,CCC1C(N)C1N,-1373.51,NC1C(N)C1CC,AAArA{D}ArD,54.20061327722817
Cc1cc(O)co1,Cc1cc(O)co1,-1405.33,Oc1cc(C)oc1,Aaraa{B}abr,55.981131653162635
Nc1cc[nH]c1O,Nc1cc[nH]c1O,-1349.1,Oc1[nH]ccc1N,Daraa{dQ}arB,52.83472850172344
C#CC=CCN,C#CC=CCN,-1324.42,NCC=CC#C,A^AA~AAD,51.45373561932048
CNC(C#N)CO,CNC(C#N)CO,-1464.7,C(#N)C(CO)NC,ADA{A^D}AB,59.303236492233324
C1=CCNC=NC1,C1=CCNC=NC1,-1525.86,N1=CNCC=CC1,Ar~AADA~DAr,62.72550248444425
CC1(CO)COC1,CC1(CO)COC1,-1643.43,O1CC(C)(CO)C1,AAr{AB}ABAr,69.30424369935987
C=CCC(N)=O,C=CCC(N)=O,-1318.65,C(=O)(CC=C)N,A~AAA{D}~B,51.13086977930974
C=C(C)C(=C)C=O,C=C(C)C(=C)C=O,-1576.73,C(C(C=O)=C)(C)=C,A~A{A}A{~A}A~B,65.57198173597743
C=C(C)C=CC,C=C(C)C=CC,-1617.0,C(C)(=C)C=CC,A~A{A}A~AA,67.82532790187564
CNC1(CN)CC1,CNC1(CN)CC1,-1779.91,NCC1(NC)CC1,ADAr{AD}AAr,76.94111195666773
C=CC(=C)CC#N,C=CC(=C)CC#N,-1515.02,C=C(CC#N)C=C,A~AA{~A}AA^D,62.11893997045525
c1ccccc1,c1ccccc1,-1387.27,c1ccccc1,araaaaar,54.97056716952415
CNC1CCC1=O,CNC1CCC1=O,-1585.4,C1(=O)CCC1NC,ADArAAAr~B,66.05711983526568
O=CC1C=NN=C1,O=CC1C=NN=C1,-1189.89,C(C1C=NN=C1)=O,B~AArA~DD~Ar,43.92598146738888
C[CH][N]N(C)C,C[CH][N]N(C)C,-1472.15,[N]([CH]C)N(C)C,A{AQ}{D}D{A}A,59.720108330722056
C=CC=C,C=CC=C,-1018.95,C(=C)C=C,A~AA~A,34.36087112225257
NCC1CC(N)C1,NCC1CC(N)C1,-1786.48,NC1CC(CN)C1,DAArAA{D}Ar,77.30874255785845
COC(C)C1CC1,COC(C)C1CC1,-1837.87,C1C(C(C)OC)C1,ABA{A}ArAAr,80.18431890415863
C#CC(C)(C)C=O,C#CC(C)(C)C=O,-1557.98,C(C=O)(C#C)(C)C,A^AA{A}{A}A~B,64.5228076458212
C=COCC(C)O,C=COCC(C)O,-1650.58,CC(COC=C)O,A~ABAA{A}B,69.7043287524061
CC#CC(C)=O,CC#CC(C)=O,-1275.89,C(C)#CC(C)=O,AA^AA{A}~B,48.73819329423878
CON1CCC1=O,CON1CCC1=O,-1366.32,CON1C(=O)CC1,ABDrAAAr~B,53.798289986122924
CC1COC1,CC1COC1,-1249.87,C1C(C)CO1,AArABAr,47.2822194368593
C1=CC2CCC1C2,C1=CC2CCC1C2,-1761.22,C1=CC2CC1CC2,Ar~AAsAAArAs,75.89529522359999
CN(C)C1(C)CC1,CN(C)C1(C)CC1,-1902.25,CC1(N(C)C)CC1,AD{A}Ar{A}AAr,83.78676306011909
C=C(NC=O)OC,C=C(NC=O)OC,-1406.54,C(OC)(=C)NC=O,A~A{DA~B}BA,56.04883835444738
CC1NCC1(C)N,CC1NCC1(C)N,-1649.76,C1(C)C(C)(N)CN1,AArDAAr{A}D,69.65844487219663
C=CC1OC1C=O,C=CC1OC1C=O,-1361.71,C=CC1C(C=O)O1,A~AArBArA~B,53.54033304982318
OCCC1CNC1,OCCC1CNC1,-1712.3,C(CC1CNC1)O,BAAArADAr,73.15793007744304
C=CC(=O)N1CC1,C=CC(=O)N1CC1,-1443.43,C(N1CC1)(C=C)=O,A~AA{~B}DrAAr,58.1130534043601
C#CC(=C)OC,C#CC(=C)OC,-1247.46,C(C#C)(=C)OC,A^AA{~A}BA,47.14736559380456
C#CCCCC#N,C#CCCCC#N,-1776.13,N#CCCCC#C,A^AAAAA^D,76.72959846009222
CO[CH][N]N(C)C,CO[CH][N]N(C)C,-1569.24,[N](N(C)C)[CH]OC,AB{AQ}{D}D{A}A,65.1528716594297
CC12CCCN1C2,CC12CCCN1C2,-1784.42,C12(C)CN1CCC2,AArsAAADrAs,77.19347329781996
C#CCCOC,C#CCCOC,-1387.01,C(C#C)COC,A^AAABA,54.956018622140654
OCC=CC1CO1,OCC=CC1CO1,-1494.43,C1OC1C=CCO,BAA~AArABr,60.96680692958504
C=CC1COC1,C=CC1COC1,-1397.5,O1CC(C=C)C1,A~AArABAr,55.54299655311339
CC(C=O)CCO,CC(C=O)CCO,-1662.36,OCCC(C=O)C,AA{A~B}AAB,70.3634898607816
C=C(C#N)C=O,C=C(C#N)C=O,-1029.4,C(C(C#N)=C)=O,A~A{A^D}A~B,34.945610815166305
CC(C)C[CH][N]N,CC(C)C[CH][N]N,-1781.51,C([CH][N]N)C(C)C,AA{A}A{AQ}{D}D,77.03064147902771
CC1=CC(=O)C=C1,CC1=CC(=O)C=C1,-1458.75,C1(=O)C=CC(C)=C1,AAr~AA{~B}A~Ar,58.97029858095706
CC1CC=CC1,CC1CC=CC1,-1628.48,C1=CCC(C)C1,AArAA~AAr,68.46770222480863
C=CC(C=C)CO,C=CC(C=C)CO,-1700.43,C(C(CO)C=C)=C,A~AA{A~A}AB,72.49373293343481
COC1(C)COC1,COC1(C)COC1,-1634.05,O(C)C1(C)COC1,ABAr{A}ABAr,68.77937687452437
O=CN1CC(O)C1,O=CN1CC(O)C1,-1422.94,C1C(O)CN1C=O,B~ADrAA{B}Ar,56.966515958637366
C=CC1C(C)C1C,C=CC1C(C)C1C,-1790.23,CC1C(C=C)C1C,A~AArA{A}ArA,77.5185773758897
NCC1CCC1N,NCC1CCC1N,-1781.62,C1(CN)CCC1N,DAArAAArD,77.03679663368995
CC=CC(O)C#N,CC=CC(O)C#N,-1455.67,N#CC(O)C=CC,AA~AA{B}A^D,58.79795425041408
C=CC1CC(=O)N1,C=CC1CC(=O)N1,-1464.48,O=C1CC(C=C)N1,A~AArAA{~B}Dr,59.29092618290881
CC12CC1CCN2,CC12CC1CCN2,-1786.19,C12(C)NCCC1C2,AArsAArAADs,77.29251533193072
CCn1cccc1,CCn1cccc1,-1677.17,c1cccn1CC,AAdraaaar,71.19219750212633
NCCOCCN,NCCOCCN,-1504.67,C(CN)OCCN,DAABAAD,61.53979587268902
CCCCCOC,CCCCCOC,-1983.35,C(OC)CCCC,AAAAABA,88.32479072474148
O=C1CC(O)C1,O=C1CC(O)C1,-1229.3,C1C(=O)CC1O,B~ArAA{B}Ar,46.13120551501858
C=C1CC=C(C)C1,C=C1CC=C(C)C1,-1785.88,C1=C(C)CC(=C)C1,A~ArAA~A{A}Ar,77.27516898697345
NC1C2C=CC1N2,NC1C2C=CC1N2,-1481.53,C12NC(C1N)C=C2,DArAsA~AArDs,60.244975155557555
CCC(=O)NOC,CCC(=O)NOC,-1515.68,C(C(=O)NOC)C,AAA{~B}DBA,62.155870898428766
CC1=C([NH])NC[CH]1,CC1=C([NH])NC[CH]1,-1257.13,[CH]1CNC([NH])=C1C,AAr~A{{DQ}}DA{AQ}r,47.68845964456781
CC(O)CNC=O,CC(O)CNC=O,-1555.97,C(NC=O)C(C)O,AA{B}ADA~B,64.41033618335648
OCC1CC1CO,OCC1CC1CO,-1647.91,C1C(CO)C1CO,BAArAArAB,69.55492636196787
CCC=CCC#N,CCC=CCC#N,-1662.1,C(CC=CCC)#N,AAA~AAA^D,70.34894131339809
C1=CCCOC=C1,C1=CCCOC=C1,-1584.63,C1=COCCC=C1,Ar~AAABA~Ar,66.01403375262993
O=S1(=O)CC(O)C1,O=S1(=O)CC(O)C1,-1936.61,S1(=O)(=O)CC(O)C1,B~Er{~B}AA{B}Ar,85.70940955280004
Cc1ccsn1,Cc1ccsn1,-1151.19,Cc1nscc1,Aaraaedr,41.760486145306416
CC(C)(C#N)C=O,CC(C)(C#N)C=O,-1465.82,CC(C=O)(C)C#N,AA{A}{A^D}A~B,59.36590715788532
CNC(C)C#N,CNC(C)C#N,-1368.01,C(C(NC)C)#N,ADA{A}A^D,53.892855544115676
C#CC(C=O)NC,C#CC(C=O)NC,-1420.65,O=CC(NC)C#C,A^AA{A~B}DA,56.838376829759625
C=C1CCOCC1,C=C1CCOCC1,-1721.9,C1OCCC(=C)C1,A~ArAABAAr,73.69510721160303
C=C(C)OCC,C=C(C)OCC,-1554.92,C(C)OC(=C)C,A~A{A}BAA,64.35158243430772
C=C(C#N)C(N)=O,C=C(C#N)C(N)=O,-1370.22,C(=O)(C(C#N)=C)N,A~A{A^D}A{D}~B,54.016518196875424
CC1C=CC(C)N1,CC1C=CC(C)N1,-1430.86,CC1NC(C)C=C1,AArA~AA{A}Dr,57.40968709431935
C#CC(C)OC=O,C#CC(C)OC=O,-1373.31,CC(C#C)OC=O,A^AA{A}BA~B,54.18942208693317
Cc1cs[nH]c1=O,Cc1cs[nH]c1=O,-1295.88,s1[nH]c(=O)c(C)c1,Aarae{dQ}ar~B,49.85675276422401
CC1COCCN1,CC1COCCN1,-1728.72,C1C(C)NCCO1,AArABAADr,74.07672680066253
C#CC(=C)C=O,C#CC(=C)C=O,-1123.74,C=C(C#C)C=O,A^AA{~A}A~B,40.2244952773177
C1CC(C2CC2)N1,C1CC(C2CC2)N1,-1765.39,N1C(C2CC2)CC1,ArAA{AsAAs}Dr,76.12863154125075
COc1cc[nH]c1,COc1cc[nH]c1,-1471.43,c1[nH]ccc1OC,ABaraa{dQ}ar,59.679820045660065
C=CC(C=C)CN,C=CC(C=C)CN,-1772.22,C(CN)(C=C)C=C,A~AA{A~A}AD,76.51081068982498
N#CC#CC(N)=O,N#CC#CC(N)=O,-1562.68,C(C(N)=O)#CC#N,D^AA^AA{D}~B,64.78580061775372
C=C(CC)CC=O,C=C(CC)CC=O,-1718.08,C(CC)(=C)CC=O,A~A{AA}AA~B,73.48135547696852
CC1NCCC1O,CC1NCCC1O,-1734.67,N1CCC(O)C1C,AArDAAArB,74.40966471193876
C#CC=C(C)CN,C#CC=C(C)CN,-1623.7,NCC(=CC#C)C,A^AA~A{A}AD,68.20023277675814
C#CCNC,C#CCNC,-1161.87,C(NC)C#C,A^AADA,42.3580957070594
CC1=CC=C(C)C1,CC1=CC=C(C)C1,-1792.26,C1=C(C)CC(C)=C1,AAr~AA~A{A}Ar,77.63216795738396
CC(C)C1CCN1,CC(C)C1CCN1,-1914.67,C1CNC1C(C)C,AA{A}ArAADr,84.48173597743856
Cn1ccoc1=O,Cn1ccoc1=O,-1292.55,c1cn(C)c(=O)o1,Adraabar~B,49.67041944581226
OCCC1CO1,OCCC1CO1,-1345.95,C(O)CC1OC1,BAAArABr,52.6584672545772
C#CCN(O)C=N,C#CCN(O)C=N,-1239.32,ON(CC#C)C=N,A^AAD{B}A~D,46.69188414879807
OCC(O)C1CN1,OCC(O)C1CN1,-1661.23,OC(C1NC1)CO,BAA{B}ArADr,70.30025963561484
CC=CC=CCN,CC=CC=CCN,-1920.38,NCC=CC=CC,AA~AA~AAD,84.8012444603608
CC1C=CC=NN1,CC1C=CC=NN1,-1901.3,C1=NNC(C)C=C1,AArA~AA~DDr,83.73360490621783
N#CC1COC1,N#CC1COC1,-1152.69,C(C1COC1)#N,D^AArABAr,41.844420072518915
NCC1CC=CO1,NCC1CC=CO1,-1593.2,C1=COC(CN)C1,DAArAA~ABr,66.49357625677068
CC1=CCOC1=O,CC1=CCOC1=O,-1422.05,C1(=O)OCC=C1C,AAr~AABAr~B,56.91671516182461
C#CC(C#C)=NO,C#CC(C#C)=NO,-1268.92,C#CC(=NO)C#C,A^AA{A^A}~DB,48.34818031245804
C=C(C#CC)CC,C=C(C#CC)CC,-1757.3,C(#CC)C(CC)=C,A~A{A^AA}AA,75.67594789381799
C#CCC(=C)C=C,C#CCC(=C)C=C,-1605.92,C(C(C=C)=C)C#C,A^AAA{~A}A~A,67.20533595953266
COC1CC1C,COC1CC1C,-1539.6,C1C(C)C1OC,ABArAArA,63.494337257710725
CC1=CC=CC1O,CC1=CC=CC1O,-1585.58,C1=C(C)C(O)C=C1,AAr~AA~AArB,66.06719190653118
C#CCC(O)C#C,C#CCC(O)C#C,-1389.53,C(#C)C(O)CC#C,A^AAA{B}A^A,55.09702761985765
CC1OCS1(=O)=O,CC1OCS1(=O)=O,-1325.75,C1OC(C)S1(=O)=O,AArBAEr{~B}~B,51.528157034782225
CCN1CC1CO,CCN1CC1CO,-1710.9,N1(CC)C(CO)C1,AADrAArAB,73.07959174537804
O=S1(=O)CCCC1,O=S1(=O)CCCC1,-1096.2,C1S(=O)(=O)CCC1,B~Er{~B}AAAAr,38.68346837369623
CC1OCC2CC21,CC1OCC2CC21,-1712.83,CC1OCC2C1C2,AArBAAsAAsr,73.18758673172478
CC1C(C=O)N1C,CC1C(C=O)N1C,-1578.77,C1(C=O)N(C)C1C,AArA{A~B}DrA,65.68613187698644
N=CN(O)C1CC1,N=CN(O)C1CC1,-1434.21,C1(N(O)C=N)CC1,D~AD{B}ArAAr,57.597139531760604
C=CC(=C)CCO,C=CC(=C)CCO,-1708.02,C(=C)C(CCO)=C,A~AA{~A}AAB,72.91843860513004
OCC1CCCN1,OCC1CCCN1,-1331.8,C1NC(CO)CC1,BAArAAADr,51.86669054120597
C=C(C)C(O)C#N,C=C(C)C(O)C#N,-1455.07,C(#N)C(C(C)=C)O,A~A{A}A{B}A^D,58.764380679529076
CC=C(C)COC,CC=C(C)COC,-1842.27,C(COC)(C)=CC,AA~A{A}ABA,80.43052509064864
COCOC(C)C,COCOC(C)C,-1783.54,O(C)COC(C)C,ABABA{A}A,77.14423206052196
C1OC2COC1C2,C1OC2COC1C2,-1525.84,O1C2CC(C1)OC2,ArBAsABArAs,62.72438336541475
O=CCNC1CC1,O=CCNC1CC1,-1450.75,N(CC=O)C1CC1,B~AADArAAr,58.52265096915708
CC1(C)C=CCN1,CC1(C)C=CCN1,-1424.93,C1C=CC(C)(C)N1,AAr{A}A~AADr,57.07786830207261
C=C(C)OCCN,C=C(C)OCCN,-1721.01,C(OC(C)=C)CN,A~A{A}BAAD,73.64530641479028
C1=NOCCCO1,C1=NOCCCO1,-1364.28,O1C=NOCCC1,Ar~DBAAABr,53.68413984511393
C=CCOCC=C,C=CCOCC=C,-1693.31,C(OCC=C)C=C,A~AABAA~A,72.09532655893281
OCC1=NCCN1,OCC1=NCCN1,-1361.94,C1(CO)=NCCN1,BAAr~DAADr,53.553202918662436
C=CC1OC1CO,C=CC1OC1CO,-1494.91,C=CC1C(CO)O1,A~AArBArAB,60.99366578629304
NCCN1CC1,NCCN1CC1,-1480.89,N1(CCN)CC1,DAADrAAr,60.209163346613565
CC(C)(N)C(=O)O,CC(C)(N)C(=O)O,-1564.18,CC(C)(C(=O)O)N,AA{A}{D}A{~B}B,64.86973454496622
C#CCCC(=C)C,C#CCCC(=C)C,-1749.39,C(CC(C)=C)C#C,A^AAAA{~A}A,75.23333631765077
CC(CN)C(=O)O,CC(CN)C(=O)O,-1563.52,C(C(C)C(=O)O)N,AA{AD}A{~B}B,64.8328036169927
CC1=NCCN1,CC1=NCCN1,-1385.72,C1CNC(C)=N1,AAr~DAADr,54.883835444737905
CC1=CCN=CN1,CC1=CCN=CN1,-1219.74,C1(C)=CCN=CN1,AAr~AAD~ADr,45.59626661891759
C=COC(C)OC,C=COC(C)OC,-1641.99,C=COC(OC)C,A~ABA{A}BA,69.22366712923588
NCCCCN,NCCCCN,-1637.27,C(CN)CCN,DAAAAD,68.95955503827386
CCCCOC,CCCCOC,-1687.56,C(CC)COC,AAAABA,71.77357983795156
O=S1(=O)CC=CN1,O=S1(=O)CC=CN1,-1009.94,C1C=CNS1(=O)=O,B~Er{~B}AA~ADr,33.85670799946283
CC=CCCNC,CC=CCCNC,-1914.32,C(C=CC)CNC,AA~AAADA,84.46215139442232
c1n[nH]c2c1CC2,c1n[nH]c2c1CC2,-1376.82,n1cc2c([nH]1)CC2,ard{dQ}asarAAs,54.385827476610416
OCCOC1CC1,OCCOC1CC1,-1636.06,C(COC1CC1)O,BAABArAAr,68.89184833698911
[CH2][N][N][CH]OC=C,[CH2][N][N][CH]OC=C,-1301.04,C(O[CH][N][N][CH2])=C,{AQs}{D}{D}{AQ}BA~A,50.145485473835
C=C(C)C(=C)CN,C=C(C)C(=C)CN,-1624.03,C=C(C(=C)CN)C,A~A{A}A{~A}AD,68.2186982407449
C=C(C)S(N)(=O)=O,C=C(C)S(N)(=O)=O,-1443.74,S(=O)(N)(=O)C(=C)C,A~A{A}E{D}{~B}~B,58.13039974931735
CC1C=NN=CO1,CC1C=NN=CO1,-1317.94,C1(C)OC=NN=C1,AArA~DD~ABr,51.091141053762485
C#CC1(O)COC1,C#CC1(O)COC1,-1339.89,O1CC(O)(C#C)C1,A^AAr{B}ABAr,52.31937418863871
CN(C)N(C)C=O,CN(C)N(C)C=O,-1590.29,O=CN(N(C)C)C,AD{A}D{A}A~B,66.33074443797842
CC(C)CN(C)C,CC(C)CN(C)C,-2051.29,CN(C)CC(C)C,AA{A}AD{A}A,92.12643806795292
CC1C2C=COC12,CC1C2C=COC12,-1572.06,C1=COC2C(C)C12,AArAsA~ABArs,65.31066744258919
CCOC(=O)CN,CCOC(=O)CN,-1552.43,C(OC(CN)=O)C,AABA{~B}AD,64.21225211513497
C#CC1CN1C,C#CC1CN1C,-1309.73,C(#C)C1N(C)C1,A^AArADrA,50.63174269215274
C=CCC(=O)NN,C=CCC(=O)NN,-1161.48,C(=C)CC(=O)NN,A~AAA{~B}DD,42.33627288598416
NC=C1C=NOC1,NC=C1C=NOC1,-1312.18,C(=C1C=NOC1)N,DA~ArA~DBAr,50.76883477326649
CN1CCOCC1,CN1CCOCC1,-1720.75,C1OCCN(C)C1,ADrAABAAr,73.63075786740679
C#CC1C=CCN1,C#CC1C=CCN1,-1374.88,N1C(C#C)C=CC1,A^AArA~AADr,54.27727293074893
OC=C1C=NN=C1,OC=C1C=NN=C1,-1457.06,N1=CC(=CO)C=N1,BA~ArA~DD~Ar,58.87573302296432
CCC1CC1(C)C,CCC1CC1(C)C,-2047.12,CC1(C)CC1CC,AAArAAr{A}A,91.89310175030215
CNCC(O)CN,CNCC(O)CN,-1733.32,C(C(CNC)O)N,ADAA{B}AD,74.33412417744752
CCNCC(N)=O,CCNCC(N)=O,-1626.77,NC(CNCC)=O,AADAA{D}~B,68.37201754778638
C=C1CC(N)CO1,C=C1CC(N)CO1,-1595.56,C1C(=C)OCC1N,A~ArAA{D}ABr,66.62563230225166
C#CCCC(N)=O,C#CCCC(N)=O,-1226.76,C(CC(=O)N)C#C,A^AAAA{D}~B,45.98907739827208
CC(O)C1CC1C,CC(O)C1CC1C,-1849.57,C1(C)CC1C(O)C,AA{B}ArAArA,80.83900353641614
[CH2]c1ccoc1[CH2],[CH2]c1ccoc1[CH2],-1447.61,c1([CH2])c([CH2])cco1,{AQs}araabar{AQs},58.34694928152559
N#CCCCC=O,N#CCCCC=O,-1454.41,C(C=O)CCC#N,D^AAAAA~B,58.72744975155559
COCCC(C)O,COCCC(C)O,-1786.48,CC(O)CCOC,ABAAA{A}B,77.30874255785845
CC1OCC1CN,CC1OCC1CN,-1716.78,C1(CN)COC1C,AArBAArAD,73.40861274005104
[HH].[HH]__0,[HH].[HH],-1330.8,[HH].[HH],"{QQ},{QQ}",51.81073458973097
C1CC2CNC2C1,C1CC2CNC2C1,-1748.95,C12C(CN1)CCC2,ArAAsADAsAr,75.20871569900177
[CH2]C=C[N]OC=O,[CH2]C=C[N]OC=O,-1240.08,C([N]OC=O)=C[CH2],{AQs}A~A{D}BA~B,46.734410671919065
N#Cc1ccns1,N#Cc1ccns1,-1049.76,c1c(C#N)snc1,D^Aaraader,36.084873987197284
C=CC(N)C#CC,C=CC(N)C#CC,-1621.59,C(N)(C=C)C#CC,A~AA{D}A^AA,68.08216571914589
CCS(=O)(=O)C#N,CCS(=O)(=O)C#N,-1435.8,C(#N)S(=O)(=O)CC,AAE{~B}{~B}A^D,57.68610949460585
NC1CC2CN2C1,NC1CC2CN2C1,-1651.96,NC1CC2N(C2)C1,DArAAsADsAr,69.7815479654416
C=C(CC)CCN,C=C(CC)CCN,-1782.01,CCC(CCN)=C,A~A{AA}AAD,77.0586194547652
N#CC1=NOCC1,N#CC1=NOCC1,-1180.16,C1(C#N)=NOCC1,D^AAr~DBAAr,43.38153005953714
CC(=NN)C(C)C,CC(=NN)C(C)C,-1784.87,CC(C(C)C)=NN,AA{~DD}A{A}A,77.2186534759837
CC1=NOCC1,CC1=NOCC1,-1282.77,N1=C(C)CCO1,AAr~DBAAr,49.12317024038677
CC=CC(C)OC,CC=CC(C)OC,-1843.18,C(C(C)OC)=CC,AA~AA{A}BA,80.48144500649092
C=CC1CCN1,C=CC1CCN1,-1469.62,C1CNC1C=C,A~AArAADr,59.5785397734903
CC(=O)N1CC1C,CC(=O)N1CC1C,-1585.81,N1(C(=O)C)CC1C,AA{~B}DrAArA,66.08006177537042
CC=CC1CCN1,CC=CC1CCN1,-1617.09,C1(C=CC)NCC1,AA~AArAADr,67.8303639375084
CCCOCC=O,CCCOCC=O,-1651.98,C(C=O)OCCC,AAABAA~B,69.7826670844711
N#CC1CC1,N#CC1CC1,-1063.44,C1CC1C#N,D^AArAAr,36.850351403375264
C#CC(=O)C(C)O,C#CC(=O)C(C)O,-1366.65,O=C(C#C)C(O)C,A^AA{~B}A{A}B,53.81675545010968
O=CC1(O)CNC1,O=CC1(O)CNC1,-1379.69,OC1(C=O)CNC1,B~AAr{B}ADAr,54.546421057343665
N#CC=CN,N#CC=CN,-949.91,C(C=CN)#N,D^AA~AD,30.49767223241864
CCCC=COC,CCCC=COC,-1844.66,C(=CCCC)OC,AAAA~ABA,80.5642598146739
CC(=NO)C1CN1,CC(=NO)C1CN1,-1425.63,C1(C(=NO)C)CN1,AA{~DB}ArADr,57.11703746810512
COC1COC1,COC1COC1,-1335.86,C1C(OC)CO1,ABArABAr,52.093871704194456
[CH2]C=C[N]O,[CH2]C=C[N]O,-972.64,[N](C=C[CH2])O,{AQs}A~A{D}B,31.769551009445365
Cc1cc(N)co1,Cc1cc(N)co1,-1475.85,o1cc(N)cc1C,Aaraa{D}abr,59.92714535117955
CC1NC(C)C1C,CC1NC(C)C1C,-1805.48,C1(C)NC(C)C1C,AArDA{A}ArA,78.37190563588344
CC(=O)C(C)=NO,CC(=O)C(C)=NO,-1384.91,ON=C(C(=O)C)C,AA{~B}A{A}~DB,54.838511124043166
CC=C1CCCC1,CC=C1CCCC1,-1924.31,C1(=CC)CCCC1,AA~ArAAAAr,85.02115134965754
CCN=C(C)NO,CCN=C(C)NO,-1576.99,N(CC)=C(NO)C,AAD~A{A}DB,65.58653028336094
CCC(C)C(=O)O,CCC(C)C(=O)O,-1685.76,O=C(C(CC)C)O,AAA{A}A{~B}B,71.67285912529658
C=CCC(C)(C)O,C=CCC(C)(C)O,-1853.29,C=CCC(C)(O)C,A~AAA{A}{A}B,81.04715967590313
COC=CC1CO1,COC=CC1CO1,-1489.8,C(OC)=CC1CO1,ABA~AArABr,60.70773087425579
C[N]C=C[CH]NO,C[N]C=C[CH]NO,-1428.17,ON[CH]C=C[N]C,A{D}A~A{AQ}DB,57.259165584851615
O=C(CO)C1CN1,O=C(CO)C1CN1,-1247.03,C(O)C(C1NC1)=O,B~A{AB}ArADr,47.12330453467031
C=CC#CC(=N)N,C=CC#CC(=N)N,-1371.8,C(C#CC=C)(N)=N,A~AA^AA{~D}D,54.10492860020592
C=CC1=COCO1,C=CC1=COCO1,-1376.47,O1COC=C1C=C,A~AAr~ABABr,54.36624289359417
CC#CC=CCO,CC#CC=CCO,-1558.15,C(=CC#CC)CO,AA^AA~AAB,64.53232015757196
C=C(OC)C(C)C,C=C(OC)C(C)C,-1846.88,C(C(C)C)(=C)OC,A~A{BA}A{A}A,80.68848202694839
CCC1CCCN1,CCC1CCCN1,-1915.81,C1C(CC)NCC1,AAArAAADr,84.54552576212005
C=CC#CC1CO1,C=CC#CC1CO1,-1401.23,O1CC1C#CC=C,A~AA^AArABr,55.75171225211514
N#Cc1cccs1,N#Cc1cccs1,-1180.52,s1c(C#N)ccc1,D^Aaraaaer,43.401674202068136
CC(C)(O)C#N,CC(C)(O)C#N,-1306.83,C(O)(C)(C#N)C,AA{A}{B}A^D,50.46947043287524
CCCN1CC1C,CCCN1CC1C,-1909.19,C(C)CN1C(C)C1,AAADrAArA,84.17509736335558
ON=C1C=CC=C1,ON=C1C=CC=C1,-1445.43,C1=CC(=NO)C=C1,BD~ArA~AA~Ar,58.2249653073101
C=C(CO)C(=N)N,C=C(CO)C(=N)N,-1312.26,C(O)C(=C)C(=N)N,A~A{AB}A{~D}D,50.773311249384484
CNCCNC,CNCCNC,-1623.94,N(CCNC)C,ADAADA,68.21366220511214
NC(=O)C=CC=O,NC(=O)C=CC=O,-1285.6,O=C(C=CC=O)N,DA{~B}A~AA~B,49.28152558306101
CC1COCO1,CC1COCO1,-1363.65,O1CC(C)OC1,AArABABr,53.64888759568469
C=C(C)C(=O)C=O,C=C(C)C(=O)C=O,-1387.21,O=C(C(C)=C)C=O,A~A{A}A{~B}A~B,54.967209812435655
C=C1CNC(=O)N1,C=C1CNC(=O)N1,-1374.58,C1(=C)CNC(=O)N1,A~ArADA{~B}Dr,54.260486145306416
C#CC1=N[N]O[CH]1,C#CC1=N[N]O[CH]1,-1017.04,[CH]1C(C#C)=N[N]O1,A^AAr~D{D}B{AQ}r,34.25399525493532
CCC1(C)CN1,CCC1(C)CN1,-1619.05,C(C)C1(C)CN1,AAAr{A}ADr,67.9400376023994
N=C1CCC(=O)N1,N=C1CCC(=O)N1,-1377.94,C1(=O)CCC(=N)N1,D~ArAAA{~B}Dr,54.448498142262416
C1=CCC=CC1,C1=CCC=CC1,-1491.18,C1C=CCC=C1,Ar~AAA~AAr,60.78495008729129
C[CH][N]NCCC,C[CH][N]NCCC,-1779.47,[N]([CH]C)NCCC,A{AQ}{D}DAAA,76.91649133801872
C1CC2CC(C2)O1,C1CC2CC(C2)O1,-1707.66,C1COC2CC1C2,ArAAsAA{As}Br,72.89829446259905
N#CC1CC=CC1,N#CC1CC=CC1,-1533.39,C1=CCC(C#N)C1,D^AArAA~AAr,63.14685079905101
CC=CC(C)CN,CC=CC(C)CN,-1624.58,C(C)(CN)C=CC,AA~AA{A}AD,68.24947401405613
C1CC2CCC1O2,C1CC2CCC1O2,-1735.24,C12OC(CC1)CC2,ArAAsAAArBs,74.44155960427952
CC12CCC(C1)N2,CC12CCC(C1)N2,-1776.26,C12(C)CC(N1)CC2,AArsAAA{Ar}Ds,76.73687273378397
C1CC1,C1CC1,-860.33,C1CC1,ArAAr,25.485138099288246
C#CCC(C)O,C#CCC(C)O,-1397.35,OC(CC#C)C,A^AAA{A}B,55.53460316039214
OC1C2C=NOC12,OC1C2C=NOC12,-1568.38,C12C(O)C1C=NO2,BArAsA~DBArs,65.1047495411612
C#CS(C)(=O)=O,C#CS(C)(=O)=O,-944.51,O=S(C)(=O)C#C,A^AE{A}{~B}~B,30.19551009445365
O[N][CH]C1CNC1,O[N][CH]C1CNC1,-1558.52,C1NCC1[CH][N]O,B{D}{AQ}ArADAr,64.55302385961771
CC#CC1CC1N,CC#CC1CC1N,-1769.53,C1C(C#CC)C1N,AA^AArAArD,76.36028918035723
COCCN1CC1,COCCN1CC1,-1696.76,C(N1CC1)COC,ABAADrAAr,72.28837459152156
O=C1CCNC1,O=C1CCNC1,-1311.6,N1CCC(=O)C1,B~ArAADAr,50.736380321410984
CC1OC=CCO1,CC1OC=CCO1,-1525.9,C1=CCOC(C)O1,AArBA~AABr,62.72774072250325
C#CC1CN1,C#CC1CN1,-1018.13,C1(C#C)CN1,A^AArADr,34.31498724204307
CC#CCCCC,CC#CCCCC,-1898.25,C(CCCC)#CC,AA^AAAAA,83.56293925421909
NCC1=CCCO1,NCC1=CCCO1,-1594.53,C1=C(CN)OCC1,DAAr~AAABr,66.56799767223244
C=CC1CC(C)O1,C=CC1CC(C)O1,-1702.2,C1C(C)OC1C=C,A~AArAA{A}Br,72.59277496754557
Cc1ccon1,Cc1ccon1,-1162.86,n1c(C)cco1,Aaraabdr,42.41349209901965
C#CC(C)(N)C=C,C#CC(C)(N)C=C,-1617.42,C=CC(C#C)(C)N,A^AA{A}{D}A~A,67.84882940149515
C#C[C]([NH])N1CC1,C#C[C]([NH])N1CC1,-1341.96,C(#C)[C]([NH])N1CC1,A^A{A}{{DQ}}DrAAr,52.435203008191955
CC(O)C1CC1,CC(O)C1CC1,-1552.42,C1C(C(C)O)C1,AA{B}ArAAr,64.21169255562022
C=COCCC,C=COCCC,-1550.44,CCCOC=C,A~ABAAA,64.10089977169972
CC#CCC1CC1,CC#CCC1CC1,-1749.12,C(C#CC)C1CC1,AA^AAArAAr,75.21822821075249
C1CC2CC(C1)O2,C1CC2CC(C1)O2,-1716.33,O1C2CC1CCC2,ArAAsAA{Ar}Bs,73.38343256188728
CC1CON=CO1,CC1CON=CO1,-1374.99,C1=NOCC(C)O1,AArABD~ABr,54.28342808541117
O=CCN1CC1,O=CCN1CC1,-1277.49,C(N1CC1)C=O,B~AADrAAr,48.82772281659878
NCC1CCCO1,NCC1CCCO1,-1732.85,C1C(CN)OCC1,DAArAAABr,74.30782488025426
C#CC(=O)CC=C,C#CC(=O)CC=C,-1417.01,C(#C)C(=O)CC=C,A^AA{~B}AA~A,56.63469716639062
C1C2OC1C1NC21,C1C2OC1C1NC21,-1399.93,N1C2C1C1OC2C1,ArAsBArArDAsr,55.67896951519764
COC(N)=CC#N,COC(N)=CC#N,-1338.76,C(C=C(N)OC)#N,ABA{D}~AA^D,52.256143963471956
CCCC#N,CCCC#N,-1210.27,C(C)CC#N,AAAA^D,45.06636375844935
C1C2CC2C2CC12,C1C2CC2C2CC12,-1673.89,C12C(C3C(C1)C3)C2,ArAsAAsAsAArs,71.00866198128836
C#CCC(=O)O,C#CCC(=O)O,-1088.49,C(CC(=O)O)#C,A^AAA{~B}B,38.252047987823985
CNC(C)=NOC,CNC(C)=NOC,-1574.21,CC(NC)=NOC,ADA{A}~DBA,65.43097273826045
CN(C=N)C1CC1,CN(C=N)C1CC1,-1651.18,C1C(N(C)C=N)C1,AD{A~D}ArAAr,69.73790232329112
C#CC1NC1C=C,C#CC1NC1C=C,-1768.04,N1C(C#C)C1C=C,A^AArDArA~A,76.27691481265948
CC1CN=CN1C,CC1CN=CN1C,-1540.23,C1=NCC(C)N1C,AArAD~ADrA,63.529589507139974
NC(=O)CN1CC1,NC(=O)CN1CC1,-1125.12,C1CN1CC(=O)N,DA{~B}ADrAAr,40.30171449035319
CNC(=O)CCN,CNC(=O)CCN,-1624.97,C(CC(NC)=O)N,ADA{~B}AAD,68.2712968351314
C1=COC=CCC1,C1=COC=CCC1,-1580.39,C1=CCCC=CO1,Ar~ABA~AAAr,65.77678051837596
C=C(CC)CN,C=C(CC)CN,-1623.4,C(C(=C)CC)N,A~A{AA}AD,68.18344599131564
COCC#CCO,COCC#CCO,-1482.56,OCC#CCOC,ABAA^AAB,60.30260978557679
C1CCOC1,C1CCOC1,-1268.15,C1COCC1,ArAABAr,48.305094229822295
CC=C1CCNC1,CC=C1CCNC1,-1540.54,C(C)=C1CNCC1,AA~ArAADAr,63.54693585209723
N[N]C=C[CH]CO,N[N]C=C[CH]CO,-1282.81,C([N]N)=C[CH]CO,D{D}A~A{AQ}AB,49.12540847844577
CC(C)N1CC1C,CC(C)N1CC1C,-1912.1,N1(C(C)C)C(C)C1,AA{A}DrAArA,84.3379291821478
CC1CC(O)C1,CC1CC(O)C1,-1551.14,C1C(O)CC1C,AArAA{B}Ar,64.14006893773224
CC1C(N)C1(C)O,CC1C(N)C1(C)O,-1716.28,C1(C)C(N)C1(C)O,AArA{D}Ar{A}B,73.38063476431354
O=C1CCN2CC12,O=C1CCN2CC12,-1344.27,C1C2C(=O)CCN12,B~ArAADsAArs,52.5644612560992
CCC[CH][N]N,CCC[CH][N]N,-1483.47,C(CC)[CH][N]N,AAA{AQ}{D}D,60.353529701419056
CC1=CCC2OC12,CC1=CCC2OC12,-1570.77,O1C2C1CC=C2C,AAr~AAAsBArs,65.23848426518644
C=C1CN=CN1C,C=C1CN=CN1C,-1534.19,C1=NCC(=C)N1C,A~ArAD~ADrA,63.19161556023099
NC1CCNC1,NC1CCNC1,-1506.9,C1CNCC1N,DArAADAr,61.66457764447827
CCC(C#N)NC,CCC(C#N)NC,-1665.58,C(C)C(NC)C#N,AAA{A^D}DA,70.54366802453109
C[N]C1=C[CH]NO1,C[N]C1=C[CH]NO1,-1310.76,N1[CH]C=C([N]C)O1,A{D}Ar~A{AQ}DBr,50.68937732217199
N#CC=C(N)C#N,N#CC=C(N)C#N,-1148.4,C(C(N)=CC#N)#N,D^AA~A{D}A^D,41.60436904069118
CC(C)(C)NC=N,CC(C)(C)NC=N,-1805.7,C(C)(NC=N)(C)C,AA{A}{A}DA~D,78.38421594520796
CCN(C)C(N)=O,CCN(C)C(N)=O,-1632.05,CN(C(N)=O)CC,AAD{A}A{D}~B,68.66746497157438
C=C1CC[C]([NH])N1,C=C1CC[C]([NH])N1,-1366.48,[C]1([NH])NC(=C)CC1,A~ArAA{A}{{DQ}}Dr,53.807242938358925
CCCC(C)O,CCCC(C)O,-1699.08,CCCC(O)C,AAAA{A}B,72.41819239894355
NC=CC(=O)C=O,NC=CC(=O)C=O,-1400.81,C(=CN)C(C=O)=O,DA~AA{~B}A~B,55.72821075249564
C=Cc1cn[nH]c1,C=Cc1cn[nH]c1,-1621.14,[nH]1cc(C=C)cn1,A~Aarad{dQ}ar,68.05698554098215
CC1(O)C=CCC1,CC1(O)C=CCC1,-1729.11,C1C=CC(O)(C)C1,AAr{B}A~AAAr,74.09854962173777
CC1=CCOCO1,CC1=CCOCO1,-1525.14,C1=C(C)OCOC1,AAr~AABABr,62.685214199382266
CO[N][CH]N(C)C,CO[N][CH]N(C)C,-1563.15,CN([CH][N]OC)C,AB{D}{AQ}D{A}A,64.81209991494696
CC#CC=CC,CC#CC=CC,-1460.88,C(=CC#CC)C,AA^AA~AA,59.089484757598825
CC1NC(=O)C1C,CC1NC(=O)C1C,-1613.99,C1(=O)C(C)C(C)N1,AArDA{~B}ArA,67.65690048793591
CC(C#N)=CC#N,CC(C#N)=CC#N,-1268.07,N#CC=C(C)C#N,AA{A^D}~AA^D,48.30061775370429
C=C1CC=COC1,C=C1CC=COC1,-1579.47,C1C(=C)COC=C1,A~ArAA~ABAr,65.72530104301894
C#CCCN1CC1,C#CCCN1CC1,-1606.14,C(C#C)CN1CC1,A^AAADrAAr,67.21764626885718
OCc1ccon1,OCc1ccon1,-1274.15,C(c1ccon1)O,BAaraabdr,48.64082993867229
C#CC(=NN)OC,C#CC(=NN)OC,-1276.14,O(C(=NN)C#C)C,A^AA{~DD}BA,48.75218228210753
CC=CC(=O)O,CC=CC(=O)O,-1248.18,O=C(C=CC)O,AA~AA{~B}B,47.187653878866556
CCC(=O)NC,CCC(=O)NC,-1458.71,C(C(=O)NC)C,AAA{~B}DA,58.96806034289808
COCCC1CO1,COCCC1CO1,-1632.42,O(CCC1OC1)C,ABAAArABr,68.68816867362013
COCC1(C)CN1,COCC1(C)CN1,-1705.73,C(OC)C1(C)CN1,ABAAr{A}ADr,72.79029947625229
Cc1cocc1N,Cc1cocc1N,-1473.48,o1cc(N)c(C)c1,AarabaarD,59.7945297461838
NC1C=CC2OC12,NC1C=CC2OC12,-1440.02,C1(N)C=CC2C1O2,DArA~AAsBArs,57.92224360983034
OCc1ccsn1,OCc1ccsn1,-1785.12,c1snc(CO)c1,BAaraaedr,77.23264246385244
C=COS(C)([O])[O],C=COS(C)([O])[O],-1316.0,O(C=C)S(C)([O])[O],A~ABE{A}{{B}}{B},50.98258650790098
CN=C1CCON1,CN=C1CCON1,-1437.23,N(=C1NOCC1)C,AD~ArAABDr,57.76612650521509
CCC(N)CO,CCC(N)CO,-1571.53,C(C(CO)N)C,AAA{D}AB,65.28101078830746
OC1CNC2CC12,OC1CNC2CC12,-1590.08,N1C2C(C(O)C1)C2,BArADAsAArs,66.31899368816867
C#CC(C)(C)CC,C#CC(C)(C)CC,-1890.32,CC(C)(CC)C#C,A^AA{A}{A}AA,83.11920855902234
C=CC(C)C=CC,C=CC(C)C=CC,-1904.97,CC=CC(C=C)C,A~AA{A}A~AA,83.93896324813107
C=CC1C(N)C1N,C=CC1C(N)C1N,-1642.93,C1(N)C(C=C)C1N,A~AArA{D}ArD,69.27626572362237
CCOCC,CCOCC,-1395.15,C(OCC)C,AABAA,55.41150006714715
COC(C)=C(C)C,COC(C)=C(C)C,-1844.87,C(C)(=C(C)C)OC,ABA{A}~A{A}A,80.57601056448362
C#CCC=C(C)C,C#CCC=C(C)C,-1750.24,C(=C(C)C)CC#C,A^AAA~A{A}A,75.28089887640449
NCC(N)C1CO1,NCC(N)C1CO1,-1729.59,C1(C(N)CN)OC1,DAA{D}ArABr,74.12540847844578
O=CC1CC=CO1,O=CC1CC=CO1,-1389.22,C(=O)C1OC=CC1,B~AArAA~ABr,55.0796812749004
C1C2NC1C1OC21,C1C2NC1C1OC21,-1405.43,C12C3NC(C1O2)C3,ArAsDArArBAsr,55.98672724831013
[CH2][N]N(C)CC#N,[CH2][N]N(C)CC#N,-1366.13,[N](N(CC#N)C)[CH2],{AQs}{D}D{A}AA^D,53.787658355342685
C=CC(C)CNC,C=CC(C)CNC,-1911.04,N(CC(C)C=C)C,A~AA{A}ADA,84.27861587358431
C=C1C=CC(C)O1,C=C1C=CC(C)O1,-1589.17,C1=CC(C)OC1=C,A~ArA~AA{A}Br,66.26807377232643
Cc1nscc1N,Cc1nscc1N,-1211.08,s1nc(C)c(N)c1,AardeaarD,45.1116880791441
CC(C)(C)CC=O,CC(C)(C)CC=O,-1861.22,C(C)(C)(CC=O)C,AA{A}{A}AA~B,81.49089037109988
CCC1CC(=O)C1,CCC1CC(=O)C1,-1724.05,C(C)C1CC(=O)C1,AAArAA{~B}Ar,73.81541250727427
C#CC#CC1CO1,C#CC#CC1CO1,-1234.05,C(C1OC1)#CC#C,A^AA^AArABr,46.396996284524825
C#CCC(=C)C#C,C#CCC(=C)C#C,-1447.48,C#CC(CC#C)=C,A^AAA{~A}A^A,58.339675007833826
OCC1CCNC1,OCC1CCNC1,-1599.84,C1NCC(CO)C1,BAArAADAr,66.86512377456467
C=C(CO)CC=O,C=C(CO)CC=O,-1517.02,C(C(=C)CO)C=O,A~A{AB}AA~B,62.23085187340525
C=C(CNC)OC,C=C(CNC)OC,-1710.27,N(CC(OC)=C)C,A~A{ADA}BA,73.04433949594879
C=CC=CC(=O)O,C=CC=CC(=O)O,-1404.39,OC(=O)C=CC=C,A~AA~AA{~B}B,55.928533058776146
CC#CCCNC,CC#CCCNC,-1762.49,CNCCC#CC,AA^AAADA,75.96635928197324
NC1CC(O)C1N,NC1CC(O)C1N,-1580.81,C1(N)C(O)CC1N,DArAA{B}ArD,65.80028201799543
CNC(=O)N1CC1,CNC(=O)N1CC1,-1474.93,C(NC)(N1CC1)=O,ADA{~B}DrAAr,59.87566587582256
CC1COC2CC12,CC1COC2CC12,-1709.2,C1C2OCC(C)C12,AArABAsAArs,72.98446662787055
CN(C)CCN,CN(C)CCN,-1624.59,CN(CCN)C,AD{A}AAD,68.25003357357089
C1CC2CC2C1,C1CC2CC2C1,-1620.42,C1C2CCCC12,ArAAsAAsAr,68.01669725592015
CC(N)C1CC1,CC(N)C1CC1,-1621.33,NC(C)C1CC1,AA{D}ArAAr,68.06761717176238
C=CC(=O)CCC,C=CC(=O)CCC,-1724.39,C(C(=O)CCC)=C,A~AA{~B}AAA,73.83443753077579
COCC=CCO,COCC=CCO,-1640.13,C(=CCO)COC,ABAA~AAB,69.11958905949237
C#CC(C)NCC,C#CC(C)NCC,-1757.72,C(C)(NCC)C#C,A^AA{A}DAA,75.69944939343749
CCC(C)NC,CCC(C)NC,-1760.97,CNC(CC)C,AAA{A}DA,75.88130623573123
O=CC1CCC1=O,O=CC1CCC1=O,-1389.7,C1(=O)CCC1C=O,B~AArAAAr~B,55.1065401316084
CCC1CC(C)N1,CCC1CC(C)N1,-1907.99,C1(C)CC(CC)N1,AAArAA{A}Dr,84.10795022158557
CC(O)C(C)(C)N,CC(O)C(C)(C)N,-1870.74,CC(N)(C)C(C)O,AA{B}A{A}{A}D,82.02359102914187
C#CCC(C)NC,C#CCC(C)NC,-1756.95,N(C(C)CC#C)C,A^AAA{A}DA,75.65636331080175
CC1(C)NCC1=O,CC1(C)NCC1=O,-1593.15,C1(C)(C)NCC1=O,AAr{A}DAAr~B,66.49077845919692
C#CC(C)CCN,C#CC(C)CCN,-1761.37,CC(C#C)CCN,A^AA{A}AAD,75.90368861632122
C=CCCOC=O,C=CCCOC=O,-1530.37,O(C=O)CCC=C,A~AAABA~B,62.97786382559648
C=COC(C)=NO,C=COC(C)=NO,-1362.61,C=COC(=NO)C,A~ABA{A}~DB,53.59069340615067
CC1=CC(=O)OC1,CC1=CC(=O)OC1,-1421.58,C1(C)=CC(=O)OC1,AAr~AA{~B}BAr,56.890415864631365
C#CCOC(=C)C,C#CCOC(=C)C,-1545.09,C(#C)COC(C)=C,A^AABA{~A}A,63.80153543130848
C=CC1OCC1C,C=CC1OCC1C,-1699.52,CC1C(C=C)OC1,A~AArBAArA,72.44281301759254
C#CCCCOC,C#CCCCOC,-1682.72,C(C#C)CCOC,A^AAAABA,71.50275303281258
NC1CCC2OC12,NC1CCC2OC12,-1584.1,C1CC2OC2C1N,DArAAAsBArs,65.98437709834818
[CH2]C(C)=C[N]N,[CH2]C(C)=C[N]N,-1343.55,[CH2]C(=C[N]N)C,{AQs}A{A}~A{D}D,52.5241729710372
NC1C=CCC1O,NC1C=CCC1O,-1599.61,OC1C(N)C=CC1,DArA~AAArB,66.85225390572542
CC12C=CC(C1)O2,CC12C=CC(C1)O2,-1547.79,C1=CC2CC1(C)O2,AArsA~AA{Ar}Bs,63.952616500290965
C=C(C)C(O)CO,C=C(C)C(O)CO,-1652.52,C(=C)(C(CO)O)C,A~A{A}A{B}AB,69.8128832982676
CCCN(O)C=O,CCCN(O)C=O,-1516.96,N(CCC)(C=O)O,AAAD{B}A~B,62.22749451631676
N#CCCCC#N,N#CCCCC#N,-1410.47,C(CC#N)CC#N,D^AAAAA^D,56.26874524374413
C=CC(O)C(C)N,C=CC(O)C(C)N,-1723.01,C(N)(C(C=C)O)C,A~AA{B}A{A}D,73.75721831774028
CC1(C)CCNC1,CC1(C)CCNC1,-1323.87,C1(C)(C)CNCC1,AAr{A}AADAr,51.42295984600921
CC(C)(N)CO,CC(C)(N)CO,-1573.02,OCC(N)(C)C,AA{A}{D}AB,65.36438515600518
CC1C2CCCC12,CC1C2CCCC12,-1915.62,C1CCC2C(C)C12,AArAsAAAArs,84.5348941313398
C=CCC1CNC1,C=CCC1CNC1,-1898.16,C1NCC1CC=C,A~AAArADAr,83.55790321858635
CC1=CCOC=C1,CC1=CCOC=C1,-1583.76,C1=C(C)C=COC1,AAr~AABA~Ar,65.96535207484669
C#CC(=O)CC,C#CC(=O)CC,-1267.12,CCC(=O)C#C,A^AA{~B}AA,48.24745959980303
CC(N)CC(N)=O,CC(N)CC(N)=O,-1632.27,C(C(N)C)C(N)=O,AA{D}AA{D}~B,68.67977528089887
C=CCNCC=O,C=CCNCC=O,-1579.68,C(=C)CNCC=O,A~AADAA~B,65.7370517928287
CC1(O)CC=CC1,CC1(O)CC=CC1,-1728.29,C1(O)(C)CC=CC1,AAr{B}AA~AAr,74.05266574152827
C=CC(C=O)C=O,C=CC(C=O)C=O,-1380.83,C(C=O)(C=C)C=O,A~AA{A~B}A~B,54.61021084202516
C=CC(C)C,C=CC(C)C,-1455.85,CC(C=C)C,A~AA{A}A,58.80802632167957
NC(=S)N1CCC1,NC(=S)N1CCC1,-1543.25,C1CCN1C(=S)N,DA{~E}DrAAAr,63.69857648059447
C#CC=CC#CC,C#CC=CC#CC,-1458.78,C(=CC#CC)C#C,A^AA~AA^AA,58.97197725950133
CCC1CCO1,CCC1CCO1,-1548.78,C1C(CC)OC1,AAArAABr,64.00801289225123
C=C(C#N)C(C)C,C=C(C#N)C(C)C,-1801.73,C(#N)C(C(C)C)=C,A~A{A^D}A{A}A,78.1620708178522
CCN[N][CH]C=O,CCN[N][CH]C=O,-1451.77,O=C[CH][N]NCC,AAD{D}{AQ}A~B,58.57972603966157
CC(=O)NC1CC1,CC(=O)NC1CC1,-1608.18,C1CC1NC(=O)C,AA{~B}DArAAr,67.33179640986617
O=CCC#CCO,O=CCC#CCO,-1361.25,C(#CCC=O)CO,B~AAA^AAB,53.51459331214468
C1=NNCC2OC12,C1=NNCC2OC12,-1299.08,C1=NNCC2C1O2,Ar~DDAAsBArs,50.035811808944004
C=C(C)CNC,C=C(C)CNC,-1618.53,N(C)CC(=C)C,A~A{A}ADA,67.9109405076324
Cc1c[nH]sc1=O,Cc1c[nH]sc1=O,-1447.47,c1[nH]sc(=O)c1C,Aara{dQ}ear~B,58.33911544831909
c1scc2c1CC2,c1scc2c1CC2,-1148.41,s1cc2c(c1)CC2,areaasarAAs,41.60492860020593
C=C1CNN=CO1,C=C1CNN=CO1,-1319.39,C1(=C)CNN=CO1,A~ArADD~ABr,51.172277183401235
C#CC(C)=CC=O,C#CC(C)=CC=O,-1423.74,C#CC(=CC=O)C,A^AA{A}~AA~B,57.011280719817364
COC(N)=CC=O,COC(N)=CC=O,-1404.09,NC(=CC=O)OC,ABA{D}~AA~B,55.91174627333363
CC(C)CCCN,CC(C)CCCN,-1664.28,NCCCC(C)C,AA{A}AAAD,70.4709252876136
CNCC#CCO,CNCC#CCO,-1557.43,C(CNC)#CCO,ADAA^AAB,64.49203187250997
C1CO1,C1CO1,-653.44,O1CC1,ArABr,13.908411298625726
C#CCC=COC,C#CCC=COC,-1542.93,C(C#C)C=COC,A^AAA~ABA,63.68067057612249
CCNC(=N)C#N,CCNC(=N)C#N,-1410.34,C(C)NC(C#N)=N,AADA{~D}A^D,56.26147097005237
CCCC(N)CC,CCCC(N)CC,-2063.64,NC(CC)CCC,AAAA{D}AA,92.81749406866913
C=CC=CC(=C)C,C=CC=CC(=C)C,-1773.29,C(=CC(C)=C)C=C,A~AA~AA{~A}A,76.57068355790322
CCC(=O)NC=O,CCC(=O)NC=O,-1438.99,C(NC=O)(=O)CC,AAA{~B}DA~B,57.8646089798111
CCCCN(C)C,CCCCN(C)C,-2050.74,CN(CCCC)C,AAAAD{A}A,92.09566229464164
CC#CC1NC1C,CC#CC1NC1C,-1766.74,C(C1NC1C)#CC,AA^AArDArA,76.20417207574198
CCC(O)C#N,CCC(O)C#N,-1304.14,OC(C#N)CC,AAA{B}A^D,50.318948923407504
C[CH]C(C)=C[N]N,C[CH]C(C)=C[N]N,-1645.53,C([CH]C)(=C[N]N)C,A{AQ}A{A}~A{D}D,69.42175119745737
C[N][CH]NC(C)=O,C[N][CH]NC(C)=O,-1494.2,O=C(C)N[CH][N]C,A{D}{AQ}DA{A}~B,60.953937060745794
CCC(C)N,CCC(C)N,-1472.02,C(C(N)C)C,AAA{A}D,59.7128340570303
OCC1CNC1,OCC1CNC1,-1412.16,C(C1CNC1)O,BAArADAr,56.36331080173689
CC#CCNC,CC#CCNC,-1464.53,C(C)#CCNC,AA^AADA,59.293723980482575
CC=CCC1CO1,CC=CCC1CO1,-1699.15,C(C=CC)C1CO1,AA~AAArABr,72.4221093155468
OC1CCCNC1,OC1CCCNC1,-1685.56,C1(O)CNCCC1,BArAAADAr,71.66166793500156
CNCC1(N)CC1,CNCC1(N)CC1,-1780.39,C(NC)C1(N)CC1,ADAAr{D}AAr,76.96797081337573
CNC1CC(C)C1,CNC1CC(C)C1,-1907.53,N(C)C1CC(C)C1,ADArAA{A}Ar,84.08221048390708
[CH2]C1=C[C](C)CO1,[CH2]C1=C[C](C)CO1,-1590.78,[C]1(C)C=C([CH2])OC1,{AQs}Ar~A{A}{A}ABr,66.35816285420118
NCC#CCN,NCC#CCN,-1337.98,C(#CCN)CN,DAA^AAD,52.21249832132146
CC(C#N)N(C)C,CC(C#N)N(C)C,-1656.71,C(C)(C#N)N(C)C,AA{A^D}D{A}A,70.04733873494786
[CH2][N]N1CCCC1,[CH2][N]N1CCCC1,-1640.23,C1N([N][CH2])CCC1,{AQs}{D}DrAAAAr,69.12518465463987
C=Cc1cnsc1,C=Cc1cnsc1,-1014.79,c1nscc1C=C,A~Aaradear,34.12809436411657
C=CC(C#N)NC,C=CC(C#N)NC,-1517.35,C(C#N)(C=C)NC,A~AA{A^D}DA,62.249317337392
C=C(C)C(=O)C#N,C=C(C)C(=O)C#N,-1327.04,CC(=C)C(C#N)=O,A~A{A}A{~B}A^D,51.600340212184975
C#CC(=NC)NO,C#CC(=NC)NO,-1263.4,ONC(C#C)=NC,A^AA{~DA}DB,48.03930346031605
C#CC=C(C)C,C#CC=C(C)C,-1458.99,CC(=CC#C)C,A^AA~A{A}A,58.98372800931108
CC#CCCCN,CC#CCCCN,-1626.55,C(C)#CCCCN,AA^AAAAD,68.3597072384619
CC=CCCOC,CC=CCCOC,-1841.25,C(CC=CC)OC,AA~AAABA,80.37345002014415
N#CCCNC=O,N#CCCNC=O,-1314.55,C(NC=O)CC#N,D^AAADA~B,50.90145037826223
C#CCC(C)CO,C#CCC(C)CO,-1692.04,C(CC#C)(CO)C,A^AAA{A}AB,72.02426250055956
NCC1(O)CC1N,NCC1(O)CC1N,-1590.17,C1(N)CC1(O)CN,DAAr{B}AArD,66.32402972380143
CNC1COC1,CNC1COC1,-1406.71,C1(NC)COC1,ADArABAr,56.05835086619813
CC[N][CH]NCC,CC[N][CH]NCC,-1801.31,C([N][CH]NCC)C,AA{D}{AQ}DAA,78.13856931823267
C=CCC1CN1C,C=CCC1CN1C,-1762.7,N1(C)C(CC=C)C1,A~AAArADrA,75.978110031783
CN(C)CC#N,CN(C)CC#N,-1361.68,N(C)(C)CC#N,AD{A}AA^D,53.53865437127893
CC1CCC1(C)N,CC1CCC1(C)N,-1255.41,C1(N)(C)CCC1C,AArAAAr{A}D,47.59221540803081
C=C(C)CC=O,C=C(C)CC=O,-1423.14,CC(=C)CC=O,A~A{A}AA~B,56.977707148932375
CC1(C)OC1CO,CC1(C)OC1CO,-1648.94,C1(C)(C)C(CO)O1,AAr{A}BArAB,69.61256099198711
CCCO[CH][N]O,CCCO[CH][N]O,-1505.79,C(O[CH][N]O)CC,AAAB{AQ}{D}B,61.60246653834101
CC1NCC2OC12,CC1NCC2OC12,-1581.72,C12C(O1)C(C)NC2,AArDAAsBArs,65.8512019338377
C1CN2CC(C2)O1,C1CN2CC(C2)O1,-1564.22,C1C2OCCN1C2,ArADsAA{As}Br,64.87197278302521
C#CCCOC=O,C#CCCOC=O,-1374.26,C(COC=O)C#C,A^AAABA~B,54.24258024083442
C#CC=CC(C)=O,C#CC=CC(C)=O,-1428.68,C(=CC#C)C(C)=O,A^AA~AA{A}~B,57.287703120103856
CCC(N)C1CN1,CCC(N)C1CN1,-1783.89,CCC(N)C1NC1,AAA{D}ArADr,77.16381664353823
CC(C)(C)C(=O)O,CC(C)(C)C(=O)O,-1685.55,CC(C(O)=O)(C)C,AA{A}{A}A{~B}B,71.66110837548682
CN=c1[nH]ccs1,CN=c1[nH]ccs1,-1425.7,c1sc(=NC)[nH]c1,AD~ar{dQ}aaer,57.12095438470836
C1CCCNCC1,C1CCCNCC1,-1928.85,N1CCCCCC1,ArAAADAAr,85.27519136935403
O=C1C=NN2CC12,O=C1C=NN2CC12,-1301.34,C1=NN2CC2C1=O,B~ArA~DDsAArs,50.16227225927749
C=C(C)C(C)=NN,C=C(C)C(C)=NN,-1640.96,C(C)(=NN)C(C)=C,A~A{A}A{A}~DD,69.16603249921663
NC1CC1,NC1CC1,-1029.75,C1(N)CC1,DArAAr,34.96519539818255
NCC#CC(=O)O,NCC#CC(=O)O,-1482.38,O=C(O)C#CCN,DAA^AA{~B}B,60.2925377143113
CCCC1CC1,CCCC1CC1,-1749.36,C(CC1CC1)C,AAAArAAr,75.2316576391065
C=C1C=COC1=O,C=C1C=COC1=O,-1273.69,C1(=C)C=COC1=O,A~ArA~ABAr~B,48.615090200993784
CCNC(=S)NC,CCNC(=S)NC,-1359.78,C(=S)(NCC)NC,AADA{~E}DA,53.432338063476436
[CH2][N]OCC(C)O,[CH2][N]OCC(C)O,-1497.64,[CH2][N]OCC(O)C,{AQs}{D}BAA{A}B,61.146425533819794
CCCOCCC,CCCOCCC,-1986.42,C(CC)OCCC,AAABAAA,88.49657549576973
CC(N)CN1CC1,CC(N)CN1CC1,-1777.96,CC(CN1CC1)N,AA{D}ADrAAr,76.83199785129146
O=C1CCCON1,O=C1CCCON1,-1283.02,C1CCONC1=O,B~ArAAABDr,49.13715922825552
C=C(C)CCCN,C=C(C)CCCN,-1518.39,C(C(=C)C)CCN,A~A{A}AAAD,62.30751152692602
C=CC(N)CCN,C=CC(N)CCN,-1787.86,C(C=C)(N)CCN,A~AA{D}AAD,77.38596177089396
N#CC1=CNCC1,N#CC1=CNCC1,-1411.09,C(C1=CNCC1)#N,D^AAr~ADAAr,56.30343793365862
C#CC(O)COC,C#CC(O)COC,-1482.07,COCC(C#C)O,A^AA{B}ABA,60.27519136935405
CC(=O)NN1CC1,CC(=O)NN1CC1,-1449.87,C(C)(NN1CC1)=O,AA{~B}DDrAAr,58.47340973185907
CC1CC(O)CN1,CC1CC(O)CN1,-1735.31,C1C(O)CC(C)N1,AArAA{B}ADr,74.44547652088275
C#CC1(O)CCC1,C#CC1(O)CCC1,-1546.45,C(C1(O)CCC1)#C,A^AAr{B}AAAr,63.87763552531448
C#CC(CC)CN,C#CC(CC)CN,-1761.46,C(C)C(CN)C#C,A^AA{AA}AD,75.90872465195399
C#CC(=N)NCC,C#CC(=N)NCC,-1503.76,N=C(NCC)C#C,A^AA{~D}DAA,61.48887595684678
CN(C)CC1CC1,CN(C)CC1CC1,-1904.2,N(C)(CC1CC1)C,AD{A}AArAAr,83.89587716549535
CC[CH][N]N1CC1,CC[CH][N]N1CC1,-1625.29,C1CN1[N][CH]CC,AA{AQ}{D}DrAAr,68.28920273960338
CCC(C)=CCN,CCC(C)=CCN,-1920.8,CC(=CCN)CC,AAA{A}~AAD,84.8247459599803
O=CNCC1CC1,O=CNCC1CC1,-1399.78,C1(CNC=O)CC1,B~ADAArAAr,55.67057612247639
CC1CC1C#N,CC1CC1C#N,-1361.02,N#CC1C(C)C1,AArAArA^D,53.50172344330543
CC12CC1N=CN2,CC12CC1N=CN2,-1529.06,CC12NC=NC1C2,AArsAArD~ADs,62.90456152916424
C1=NNC2COC12,C1=NNC2COC12,-1306.5,C1=NNC2C1OC2,Ar~DDAsABArs,50.45100496888849
OCc1cc[nH]c1,OCc1cc[nH]c1,-1189.55,c1(CO)cc[nH]c1,BAaraa{dQ}ar,43.906956443887374
N=C(N)C#CCO,N=C(N)C#CCO,-1937.43,C(CO)#CC(N)=N,D~A{D}A^AAB,85.75529343300956
CC1CC=NO1,CC1CC=NO1,-1280.19,C1=NOC(C)C1,AArAA~DBr,48.97880388558127
COC1CC(C)C1,COC1CC(C)C1,-1839.08,C1(OC)CC(C)C1,ABArAA{A}Ar,80.25202560544338
CC1CC=CO1,CC1CC=CO1,-1427.91,C1(C)CC=CO1,AArAA~ABr,57.24461703746812
CC1CNCC1=O,CC1CNCC1=O,-1608.52,C1NCC(C)C1=O,AArADAAr~B,67.35082143336764
COC[CH][N]OC,COC[CH][N]OC,-1485.73,O([N][CH]COC)C,ABA{AQ}{D}BA,60.47999015175254
CC1(C2CN2)CO1,CC1(C2CN2)CO1,-1562.89,N1CC1C1(C)OC1,AAr{AsADs}ABr,64.79755136756347
CC#CCOC=O,CC#CCOC=O,-1378.22,O(CC#CC)C=O,AA^AABA~B,54.46416580867541
CC(C)C1(O)CC1,CC(C)C1(O)CC1,-1848.81,C(C)(C1(O)CC1)C,AA{A}Ar{B}AAr,80.79647701329512
C=CC(C)C(C)=O,C=CC(C)C(C)=O,-1723.22,O=C(C(C)C=C)C,A~AA{A}A{A}~B,73.76896906755003
CCNC1CCC1,CCNC1CCC1,-1907.16,C1CC(NCC)C1,AADArAAAr,84.06150678186134
C1=CCCCCC1,C1=CCCCCC1,-1786.83,C1CCC=CCC1,Ar~AAAAAAr,77.32832714087469
CNCC1CCN1,CNCC1CCN1,-1777.44,C1NC(CNC)C1,ADAArAADr,76.80290075652447
O=CC#CC1CC1,O=CC#CC1CC1,-1418.45,C1CC1C#CC=O,B~AA^AArAAr,56.71527373651462
CC1CCO1,CC1CCO1,-1253.18,C1OC(C)C1,AArAABr,47.46743363624155
OCC1CCCO1,OCC1CCCO1,-1662.2,C1CC(CO)OC1,BAArAAABr,70.35453690854561
CCC1=CCC=C1,CCC1=CCC=C1,-1789.02,C1=C(CC)C=CC1,AAAr~AAA~Ar,77.45087067460496
N#Cc1cnoc1,N#Cc1cnoc1,-1061.53,N#Cc1conc1,D^Aaradbar,36.743475536058014
C=C(C)COC,C=C(C)COC,-1544.61,C(=C)(C)COC,A~A{A}ABA,63.77467657460048
OC1CCN2CC12,OC1CCN2CC12,-1319.61,C1(O)C2N(CC1)C2,BArAADsAArs,51.18458749272572
C#CC(=O)C=CN,C#CC(=O)C=CN,-1718.79,C#CC(C=CN)=O,A^AA{~B}A~AD,73.52108420251578
C#CCN[N][CH2],C#CCN[N][CH2],-1174.42,[N]([CH2])NCC#C,A^AAD{D}{AQs},43.06034289807065
COC1CC1(C)C,COC1CC1(C)C,-1837.12,C1(OC)C(C)(C)C1,ABArAAr{A}A,80.14235194055239
CC(C)(C)N1CC1,CC(C)(C)N1CC1,-1906.36,N1(C(C)(C)C)CC1,AA{A}{A}DrAAr,84.01674202068132
C=CCN,C=CCN,-1028.25,C(C=C)N,A~AAD,34.88126147097005
CC1(O)C(N)C1O,CC1(O)C(N)C1O,-1519.3,OC1(C)C(O)C1N,AAr{B}A{D}ArB,62.35843144276826
C1OCC2CC1N2,C1OCC2CC1N2,-1570.9,C1C2NC(CO1)C2,ArBAAsAArDs,65.24575853887819
CC1(N)CC1,CC1(N)CC1,-1325.94,NC1(C)CC1,AAr{D}AAr,51.53878866556247
CC(N)C1CNC1,CC(N)C1CNC1,-1779.6,C1(C(N)C)CNC1,AA{D}ArADAr,76.92376561171045
C#CC(C)(O)C#N,C#CC(C)(O)C#N,-1291.9,C(C(C#C)(C)O)#N,A^AA{A}{B}A^D,49.63404807735352
CC1=CC2CN2C1,CC1=CC2CN2C1,-1643.68,CC1=CC2N(C1)C2,AAr~AAsADsAr,69.31823268722863
NCC1CC=NO1,NCC1CC=NO1,-1445.63,O1C(CN)CC=N1,DAArAA~DBr,58.23615649760509
[NH][CH]N1CCCC1,[NH][CH]N1CCCC1,-1678.31,[CH]([NH])N1CCCC1,{DQ}{AQ}DrAAAAr,71.25598728680782
C=CC(CO)=NO,C=CC(CO)=NO,-1505.72,C(=C)C(CO)=NO,A~AA{AB}~DB,61.59854962173778
Cc1cnn(C)c1,Cc1cnn(C)c1,-1634.2,c1c(C)cn(C)n1,Aaradd{A}ar,68.78777026724563
C=C(C)C=CCN,C=C(C)C=CCN,-1919.2,C(C)(=C)C=CCN,A~A{A}A~AAD,84.73521643762032
NC(=S)NC1CC1,NC(=S)NC1CC1,-1295.01,NC(NC1CC1)=S,DA{~E}DArAAr,49.808071086440755
CC(O)C[CH][N]N,CC(O)C[CH][N]N,-1585.99,OC(C)C[CH][N]N,AA{B}A{AQ}{D}D,66.09013384663594
C#CC#CC(C)N,C#CC#CC(C)N,-1458.09,C(C(C)N)#CC#C,A^AA^AA{A}D,58.93336765298358
CCC(=O)CNC,CCC(=O)CNC,-1732.12,N(CC(=O)CC)C,AAA{~B}ADA,74.2669770356775
C=C1C=NOC1,C=C1C=NOC1,-1137.56,N1=CC(=C)CO1,A~ArA~DBAr,40.997806526702185
C=C(CC)CCC,C=C(CC)CCC,-2048.73,C(CC)(CCC)=C,A~A{AA}AAA,91.98319083217692
C=C(C)N(C)C=O,C=C(C)N(C)C=O,-1605.74,C(=C)(N(C)C=O)C,A~A{A}D{A}A~B,67.19526388826716
C#CC(C)N1CC1,C#CC(C)N1CC1,-1605.23,C(C(N1CC1)C)#C,A^AA{A}DrAAr,67.16672635301491
C=CCCC(C)N,C=CCCC(C)N,-1919.28,C(CC=C)C(C)N,A~AAAA{A}D,84.73969291373831
CC1=CC(C)CC1,CC1=CC(C)CC1,-1928.18,C1(C)C=C(C)CC1,AAr~AA{A}AAr,85.23770088186582
CC1(CCO)CC1,CC1(CCO)CC1,-1846.98,C1CC1(C)CCO,AAr{AAB}AAr,80.69407762209589
CC1(C#N)CCN1,CC1(C#N)CCN1,-1557.15,C1(C)(C#N)CCN1,AAr{A^D}AADr,64.47636420609696
CC1(C#N)CCC1,CC1(C#N)CCC1,-1655.45,C(C1(C)CCC1)#N,AAr{A^D}AAAr,69.97683423608936
C=C(C#N)C1CO1,C=C(C#N)C1CO1,-1301.69,C(C1OC1)(C#N)=C,A~A{A^D}ArABr,50.18185684229375
CCC1OC1CN,CCC1OC1CN,-1713.86,NCC1OC1CC,AAArBArAD,73.24522136174404
CCCC(C)(C)C,CCCC(C)(C)C,-1073.94,CC(CCC)(C)C,AAAA{A}{A}A,37.437888893862755
C[CH][N]OCC#N,C[CH][N]OCC#N,-1302.59,C(O[N][CH]C)C#N,A{AQ}{D}BAA^D,50.23221719862124
CN=CN1CC1,CN=CN1CC1,-1340.55,N(C)=CN1CC1,AD~ADrAAr,52.356305116612205
C=C1OC=CC1C,C=C1OC=CC1C,-1584.85,O1C(=C)C(C)C=C1,A~ArBA~AArA,66.02634406195442
C1C2CC3C1C3N2,C1C2CC3C1C3N2,-1659.75,C1C2CC3C(N2)C13,ArAsAAtArAtDs,70.21744482743185
C=CCC(C)C,C=CCC(C)C,-1751.69,C(C)(C)CC=C,A~AAA{A}A,75.36203500604324
CCNCCO,CCNCCO,-1564.2,C(CO)NCC,AADAAB,64.87085366399572
C=C1CCCC1N,C=C1CCCC1N,-1794.58,C1C(N)C(=C)CC1,A~ArAAAArD,77.76198576480593
C1=CCCC1,C1=CCCC1,-1331.79,C1C=CCC1,Ar~AAAAr,51.866130981691214
CCCNC(C)C,CCCNC(C)C,-2059.13,C(NC(C)C)CC,AAADA{A}A,92.56513272751691
CCN(C)NC=O,CCN(C)NC=O,-1597.39,N(N(C)CC)C=O,AAD{A}DA~B,66.72803169345093
NC(=O)CCCO,NC(=O)CCCO,-1287.52,C(CCO)C(N)=O,DA{~B}AAAB,49.388961009893016
C=CN(C)C(N)=O,C=CN(C)C(N)=O,-1493.39,O=C(N(C)C=C)N,A~AD{A}A{D}~B,60.908612740051055
C=CCC(=O)C=O,C=CCC(=O)C=O,-1385.72,C(CC(C=O)=O)=C,A~AAA{~B}A~B,54.883835444737905
COC(C#N)=CN,COC(C#N)=CN,-1329.62,C(=CN)(C#N)OC,ABA{A^D}~AD,51.74470656699046
CC1CC1[CH][N]N,CC1CC1[CH][N]N,-1632.5,N[N][CH]C1C(C)C1,AArAAr{AQ}{D}D,68.69264514973813
CC=C(C)CN,CC=C(C)CN,-1625.89,C(C)(CN)=CC,AA~A{A}AD,68.32277631048841
C#CC(=O)CCC,C#CC(=O)CCC,-1563.95,C(CC)C(=O)C#C,A^AA{~B}AAA,64.85686467612696
CC=CC1CC1N,CC=CC1CC1N,-1623.49,C(=CC1CC1N)C,AA~AArAArD,68.18848202694839
NCCC(N)CO,NCCC(N)CO,-1623.91,NC(CCN)CO,DAAA{D}AB,68.21198352656789
CC1=CC(N)CO1,CC1=CC(N)CO1,-1599.82,C1=C(C)OCC1N,AAr~AA{D}ABr,66.86400465553517
C#CCC(C)C#N,C#CCC(C)C#N,-1367.03,CC(C#N)CC#C,A^AAA{A}A^D,53.83801871167017
C=CC(C)=CCC,C=CC(C)=CCC,-1910.54,C(C=C)(=CCC)C,A~AA{A}~AAA,84.25063789784681
CC12CC1OCO2,CC12CC1OCO2,-1507.13,O1COC2(C)CC12,AArsAArBABs,61.67744751331752
NC1C=CCOC1,NC1C=CCOC1,-1588.78,C1=CC(N)COC1,DArA~AABAr,66.24625095125118
CCC(CO)=NO,CCC(CO)=NO,-1508.09,ON=C(CO)CC,AAA{AB}~DB,61.731165226733516
C=C(CN)C(=O)O,C=C(CN)C(=O)O,-1562.49,C=C(C(=O)O)CN,A~A{AD}A{~B}B,64.77516898697347
C=CCCN1CC1,C=CCCN1CC1,-1761.19,C1N(CCC=C)C1,A~AAADrAAr,75.89361654505574
CCC1CC(C)C1,CCC1CC(C)C1,-2046.26,CC1CC(CC)C1,AAArAA{A}Ar,91.84497963203367
CCC1(C)CCC1,CCC1(C)CCC1,-2045.72,C1CCC1(CC)C,AAAr{A}AAAr,91.81476341823716
C1=CC2CC2O1,C1=CC2CC2O1,-1274.65,C1C2C1C=CO2,Ar~AAsAAsBr,48.66880791440979
COC=C(C)CO,COC=C(C)CO,-1646.08,C(=C(CO)C)OC,ABA~A{A}AB,69.4525269707686
CC(=O)C[CH][N]O,CC(=O)C[CH][N]O,-1380.87,[N](O)[CH]CC(=O)C,AA{~B}A{AQ}{D}B,54.612449080084154
CNC(C)CCO,CNC(C)CCO,-1860.47,CNC(CCO)C,ADA{A}AAB,81.44892340749362
C=COCC1CN1,C=COCC1CN1,-1565.33,C1C(COC=C)N1,A~ABAArADr,64.93408388916245
CCC1C(N)C1O,CCC1C(N)C1O,-1716.28,NC1C(CC)C1O,AAArA{D}ArB,73.38063476431354
CC1C(O)C1(C)O,CC1C(O)C1(C)O,-1642.5,C1(C)C(O)C1(C)O,AArA{B}Ar{A}B,69.2522046644881
C#CCCC=O,C#CCCC=O,-1265.45,C(C#C)CC=O,A^AAAA~B,48.15401316083979
CC1C=CCO1,CC1C=CCO1,-1424.25,C1=CCOC1C,AArA~AABr,57.03981825506961
C=CCC(C)CN,C=CCC(C)CN,-1917.09,CC(CC=C)CN,A~AAA{A}AD,84.61714938000806
Cn1cc[nH]c1=O,Cn1cc[nH]c1=O,-1374.87,c1(=O)[nH]ccn1C,Adraa{dQ}ar~B,54.27671337123416
CCCS([O])([O])O,CCCS([O])([O])O,-1437.2,OS(CCC)([O])[O],AAAE{{B}}{{B}}B,57.76444782667085
N=CNCCC=O,N=CNCCC=O,-1470.63,N(CCC=O)C=N,D~ADAAA~B,59.63505528448006
CC1(C)CO1,CC1(C)CO1,-1254.34,C1(C)(C)OC1,AAr{A}ABr,47.532342539952545
CC(C)=CCC#N,CC(C)=CCC#N,-1495.74,C(=C(C)C)CC#N,AA{A}~AAA^D,61.04010922601729
CCN(C)CCO,CCN(C)CCO,-1853.29,C(CO)N(CC)C,AAD{A}AAB,81.04715967590313
C=CC1CCCN1,C=CC1CCCN1,-1914.06,C1(C=C)CCCN1,A~AArAAADr,84.4476028470388
CC(N)C1CN1,CC(N)C1CN1,-1487.82,C(C)(C1CN1)N,AA{D}ArADr,60.59693809033529
C=CCCC1CC1,C=CCCC1CC1,-1900.09,C(CCC1CC1)=C,A~AAAArAAr,83.66589820493309
C#CC#CC#CC,C#CC#CC#CC,-1263.34,C(#CC)C#CC#C,A^AA^AA^AA,48.03594610322753
N#CC1CC1C#N,N#CC1CC1C#N,-1262.45,C1(C#N)C(C#N)C1,D^AArAArA^D,47.98614530641479
C=CC(=O)C(=C)C,C=CC(=O)C(=C)C,-1582.39,O=C(C=C)C(=C)C,A~AA{~B}A{~A}A,65.88869242132596
[CH2][N]OC1CC1C,[CH2][N]OC1CC1C,-1545.91,C1(C)C(O[N][CH2])C1,{AQs}{D}BArAArA,63.84741931151798
C1CC(C2CC2)O1,C1CC(C2CC2)O1,-1696.51,C1C(C2CCO2)C1,ArAA{AsAAs}Br,72.27438560365282
CCN(C)C(N)=S,CCN(C)C(N)=S,-1228.05,N(C(=S)N)(C)CC,AAD{A}A{D}~E,46.06126057567483
C#C[C](C)[N][N][CH2],C#C[C](C)[N][N][CH2],-1343.14,[N]([CH2])[N][C](C)C#C,A^A{A}{A}{D}{D}{AQs},52.50123103093246
CC1(C)COC1=O,CC1(C)COC1=O,-1544.19,CC1(C)C(=O)OC1,AAr{A}ABAr~B,63.75117507498098
CCCCC1CO1,CCCCC1CO1,-1840.74,C(CCC)C1CO1,AAAAArABr,80.34491248489189
Oc1cccnn1,Oc1cccnn1,-1351.87,c1cc(O)nnc1,Baraaaddr,52.989726487309184
CC(O)CC=O,CC(O)CC=O,-1367.87,CC(CC=O)O,AA{B}AA~B,53.885021710909164
[CH2][N]OCCCN,[CH2][N]OCCCN,-1783.36,[N](OCCCN)[CH2],{AQs}{D}BAAAD,77.13415998925646
Nc1cc[nH]c1,Nc1cc[nH]c1,-1254.78,c1(N)cc[nH]c1,Daraa{dQ}ar,47.556963158601555
O=C1CNC(=O)C1,O=C1CNC(=O)C1,-1282.45,C1C(=O)CC(=O)N1,B~ArADA{~B}Ar,49.10526433591477
OCCN1CCC1,OCCN1CCC1,-1712.86,C(CN1CCC1)O,BAADrAAAr,73.18926541026904
CC1=CCCCO1,CC1=CCCCO1,-1728.49,C1CC=C(C)OC1,AAr~AAAABr,74.06385693182327
COC1CC1CN,COC1CC1CN,-1705.39,NCC1CC1OC,ABArAArAD,72.77127445275082
CC=CCC#N,CC=CCC#N,-1362.59,C(=CCC#N)C,AA~AAA^D,53.589574287121174
CC=C(C#N)CO,CC=C(C#N)CO,-1459.48,C(C(=CC)CO)#N,AA~A{A^D}AB,59.011146425533816
CC([CH]N)=C[N]O,CC([CH]N)=C[N]O,-1444.18,[CH](C(C)=C[N]O)N,AA{{AQ}D}~A{D}B,58.15502036796635
C=C(C)CC(C)N,C=C(C)CC(C)N,-1921.45,CC(CC(N)C)=C,A~A{A}AA{A}D,84.86111732843908
NCC1OCC1O,NCC1OCC1O,-1514.52,C(N)C1C(O)CO1,DAArBAArB,62.09096199471775
CC(C)CC(N)=O,CC(C)CC(N)=O,-1760.86,CC(CC(=O)N)C,AA{A}AA{D}~B,75.87515108106899
[O]S1([O])CCCO1,[O]S1([O])CCCO1,-1223.34,C1OS([O])([O])CC1,{B}Er{{B}}AAABr,45.797708044227576
C=CC1CC1C#N,C=CC1CC1C#N,-1657.38,C=CC1C(C#N)C1,A~AArAArA^D,70.0848292224361
C1=COCCO1,C1=COCCO1,-1222.66,O1CCOC=C1,Ar~ABAABr,45.75965799722459
CC=CC1NC1C,CC=CC1NC1C,-1917.04,C1(C=CC)C(C)N1,AA~AArDArA,84.61435158243431
C=CCNCC,C=CCNCC,-1617.04,C(NCC)C=C,A~AADAA,67.82756613993465
Cc1ccnn1C,Cc1ccnn1C,-1653.88,c1(C)ccnn1C,AaraaddrA,69.8889833922736
C=CC1CN(C)C1,C=CC1CN(C)C1,-1760.52,C1(C=C)CN(C)C1,A~AArAD{A}Ar,75.8561260575675
C#CC(C)=CCC,C#CC(C)=CCC,-1752.35,C#CC(=CCC)C,A^AA{A}~AAA,75.39896593401673
C1COC2(CC2)O1,C1COC2(CC2)O1,-1509.06,O1C2(OCC1)CC2,ArABAs{AAs}Br,61.785442499664256
C1C2CC2C2OC12,C1C2CC2C2OC12,-1430.71,C12OC1CC1C2C1,ArAsAAsAsBArs,57.40129370159811
C=CCC1CCC1,C=CCC1CCC1,-1899.42,C(CC1CCC1)=C,A~AAArAAAr,83.62840771744483
Oc1c[nH]c(O)c1,Oc1c[nH]c(O)c1,-1530.23,c1c(O)c[nH]c1O,Bara{dQ}a{B}ar,62.97002999238999
C=CC1NCC1O,C=CC1NCC1O,-1191.46,C(C1C(O)CN1)=C,A~AArDAArB,44.013832311204624
CC#CC#CC#N,CC#CC#CC#N,-1920.45,C(#CC)C#CC#N,AA^AA^AA^D,84.80516137696408
C=C1COC(=C)C1,C=C1COC(=C)C1,-1580.3,C=C1CC(=C)OC1,A~ArABA{~A}Ar,65.77174448274319
O=CN=CN1CC1,O=CN=CN1CC1,-1130.71,C1N(C=NC=O)C1,B~AD~ADrAAr,40.61450825909844
N#CCC1CC1,N#CCC1CC1,-1357.68,C(C#N)C1CC1,D^AAArAAr,53.314830565378934
NC1C=COCC1,NC1C=COCC1,-1597.51,O1C=CC(N)CC1,DArA~ABAAr,66.73474640762792
C#CS([O])([O])OC,C#CS([O])([O])OC,-1203.4,O(S([O])(C#C)[O])C,A^AE{{B}}{{B}}BA,44.68194637181612
C=CC1=N[N]S[CH]1,C=CC1=N[N]S[CH]1,-1145.6,C1(C=C)=N[N]S[CH]1,A~AAr~D{D}E{AQ}r,41.447692376561164
C=CC(O)CCN,C=CC(O)CCN,-1716.52,C=CC(CCN)O,A~AA{B}AAD,73.39406419266754
CC1=CCC(C)O1,CC1=CCC(C)O1,-1728.41,O1C(C)=CCC1C,AAr~AAA{A}Br,74.0593804557053
Nc1ccsc1O,Nc1ccsc1O,-1318.79,c1(O)c(N)ccs1,DaraaearB,51.13870361251623
CCCNC1CC1,CCCNC1CC1,-1911.76,C(CC)NC1CC1,AAADArAAr,84.31890415864632
COC,COC,-796.98,O(C)C,ABA,21.940328573347063
C=C1OCOC1=C,C=C1OCOC1=C,-1381.73,O1C(=C)C(=C)OC1,A~ArBABAr~A,54.66057119835266
C=C(C)CC(C)=O,C=C(C)CC(C)=O,-1726.17,CC(CC(C)=C)=O,A~A{A}AA{A}~B,73.93403912440128
C1CC(C2CO2)O1,C1CC(C2CO2)O1,-1490.43,O1CC1C1OCC1,ArAA{AsABs}Br,60.74298312368505
CN=C(C)NC=O,CN=C(C)NC=O,-1489.23,C(NC(=NC)C)=O,AD~A{A}DA~B,60.67583598191503
Cc1nscc1O,Cc1nscc1O,-1548.39,c1snc(C)c1O,AardeaarB,63.98619007117599
CO[N][CH]C(C)C,CO[N][CH]C(C)C,-1697.32,[CH](C(C)C)[N]OC,AB{D}{AQ}A{A}A,72.31970992434756
CC(=O)NCC#N,CC(=O)NCC#N,-1360.84,N(CC#N)C(C)=O,AA{~B}DAA^D,53.491651372039925
C=CC#CCC,C=CC#CCC,-1458.58,C(C#CCC)=C,A~AA^AAA,58.960786069206314
O=CC1(O)CCC1,O=CC1(O)CCC1,-1513.15,C1(O)(C=O)CCC1,B~AAr{B}AAAr,62.014302341197016
CC(C)(C#N)C#N,CC(C)(C#N)C#N,-1402.64,N#CC(C#N)(C)C,AA{A}{A^D}A^D,55.8306101436949
CC#CCN1CC1,CC#CCN1CC1,-1610.14,C(#CC)CN1CC1,AA^AADrAAr,67.44147007475718
CC1C(O)C1(C)C,CC1C(O)C1(C)C,-1844.38,CC1(C)C(C)C1O,AArA{B}Ar{A}A,80.5485921482609
CC1CCC(C)N1,CC1CCC(C)N1,-1445.46,C1C(C)NC(C)C1,AArAAA{A}Dr,58.22664398585434
C#C[CH][N]NC=O,C#C[CH][N]NC=O,-1363.19,[N]([CH]C#C)NC=O,A^A{AQ}{D}DA~B,53.62314785800618
CCOC1CC1O,CCOC1CC1O,-1634.74,O(C1C(O)C1)CC,AABArAArB,68.81798648104214
CC=CC(C)=NN,CC=CC(C)=NN,-1647.61,C(C)(C=CC)=NN,AA~AA{A}~DD,69.53813957652537
C=CC1(O)COC1,C=CC1(O)COC1,-1494.75,C1(C=C)(O)COC1,A~AAr{B}ABAr,60.98471283405703
COc1ccc[nH]1,COc1ccc[nH]1,-1470.81,c1c(OC)[nH]cc1,ABaraaa{dQ}r,59.64512735574555
C=CCC(O)CO,C=CCC(O)CO,-1650.49,OCC(O)CC=C,A~AAA{B}AB,69.69929271677337
C1OCC2OC12,C1OCC2OC12,-1211.77,O1CC2C(O2)C1,ArBAAsBArs,45.15029768566185
COCC1CC1O,COCC1CC1O,-1633.1,C1C(COC)C1O,ABAArAArB,68.72621872062312
C=C1C=NOC1C,C=C1C=NOC1C,-1437.02,CC1ON=CC1=C,A~ArA~DBArA,57.75437575540534
C1CCCOCC1,C1CCCOCC1,-1856.83,C1CCCCOC1,ArAAABAAr,81.24524374412461
CCC=C(C)CN,CCC=C(C)CN,-1919.48,NCC(=CCC)C,AAA~A{A}AD,84.7508841040333
NC(CO)CCO,NC(CO)CCO,-1671.43,C(CO)C(CO)N,DA{AB}AAB,70.87101034065985
CCN(O)C(C)=O,CCN(O)C(C)=O,-1525.43,C(C)(N(CC)O)=O,AAD{B}A{A}~B,62.70144142531001
C=CC1=CC=CC1,C=CC1=CC=CC1,-1649.39,C(C1=CC=CC1)=C,A~AAr~AA~AAr,69.63774117015087
C#CC(C)=CC#N,C#CC(C)=CC#N,-1362.96,C(C#N)=C(C#C)C,A^AA{A}~AA^D,53.61027798916693
COC1=NNCC1,COC1=NNCC1,-1452.81,C1(OC)=NNCC1,ABAr~DDAAr,58.63792022919557
C#C[C]1C=N[N]S1,C#C[C]1C=N[N]S1,-1444.4,C#C[C]1S[N]N=C1,A^A{A}rA~D{D}Er,58.16733067729084
COC1(OC)CC1,COC1(OC)CC1,-1630.89,C1(OC)(OC)CC1,ABAr{BA}AAr,68.6025560678634
CCOCCNC,CCOCCNC,-1851.51,CNCCOCC,AABAADA,80.94755808227764
C=CC(=N)N(C)C,C=CC(=N)N(C)C,-1648.91,CN(C)C(=N)C=C,A~AA{~D}D{A}A,69.61088231344287
CC(C)OCCO,CC(C)OCCO,-1789.35,C(OCCO)(C)C,AA{A}BAAB,77.46933613859169
C#CCC#CC=O,C#CCC#CC=O,-1255.76,C(=O)C#CCC#C,A^AAA^AA~B,47.61179999104705
Cc1ccn(O)n1,Cc1ccn(O)n1,-1317.11,On1ccc(C)n1,Aaraad{B}dr,51.04469761403823
CN(C)CC1CO1,CN(C)CC1CO1,-1700.02,O1C(CN(C)C)C1,AD{A}AArABr,72.47079099333004
[CH]1O[N][C]2CN[C]12,[CH]1O[N][C]2CN[C]12,-1130.2,N1[C]2[C]([N]O[CH]2)C1,{AQ}rB{D}{A}sAD{A}rs,40.58597072384619
C=CC(O)CCO,C=CC(O)CCO,-1649.25,C=CC(CCO)O,A~AA{B}AAB,69.62990733694436
CC1(C)CC1,CC1(C)CC1,-1455.68,C1(C)(C)CC1,AAr{A}AAr,58.798513809928835
OCC1CC=NN1,OCC1CC=NN1,-1256.09,C1(CO)CC=NN1,BAArAA~DDr,47.63026545503379
NC1(C2CN2)CC1,NC1(C2CN2)CC1,-1637.48,C1C(C2CN2)(N)C1,DAr{AsADs}AAr,68.97130578808361
C=CC(=C)CO,C=CC(=C)CO,-1411.31,C(=C)C(CO)=C,A~AA{~A}AB,56.315748242983126
C=CC1OC=CO1,C=CC1OC=CO1,-1369.47,C1(C=C)OC=CO1,A~AArBA~ABr,53.974551233269175
CCOCC1CN1,CCOCC1CN1,-1706.1,C1C(COCC)N1,AABAArADr,72.81100317829804
C1C2NC2C2OC12,C1C2NC2C2OC12,-1433.7,C12C3OC3CC1N2,ArAsDAsAsBArs,57.56860199650836
CC1NC1C1CO1,CC1NC1C1CO1,-1561.75,N1C(C)C1C1CO1,AArDArArABr,64.73376158288195
C#CC(O)CCN,C#CC(O)CCN,-1211.43,C(CCN)(O)C#C,A^AA{B}AAD,45.13127266216035
C=CC#CC=C,C=CC#CC=C,-1316.09,C(C=C)#CC=C,A~AA^AA~A,50.987622543533725
OC1CC2CC1O2,OC1CC2CC1O2,-1505.95,C12C(O)CC(C1)O2,BArAAsAArBs,61.61141949057703
C#CC1CCC1=O,C#CC1CCC1=O,-1421.43,C1(C#C)C(=O)CC1,A^AArAAAr~B,56.88202247191012
CC=CCC,CC=CCC,-1458.29,CCC=CC,AA~AAA,58.944558843278564
C#CC1=CCNC1,C#CC1=CCNC1,-1915.83,C1C=C(C#C)CN1,A^AAr~AADAr,84.54664488114955
CC1=CC2OC2C1,CC1=CC2OC2C1,-1572.44,O1C2C=C(C)CC12,AAr~AAsBAsAr,65.3319307041497
C=CCCNC=N,C=CCCNC=N,-1660.82,C(NC=N)CC=C,A~AAADA~D,70.27731769551009
NCC1=CCCC1,NCC1=CCCC1,-1796.24,C(N)C1=CCCC1,DAAr~AAAAr,77.85487264425444
Nc1ccc(O)o1,Nc1ccc(O)o1,-1278.79,Oc1ccc(N)o1,Daraaa{B}br,48.90046555351628
C=CC#CC(=C)C,C=CC#CC(=C)C,-1613.13,C(C)(C#CC=C)=C,A~AA^AA{~A}A,67.6087783696674
ON1C=NC2CC21,ON1C=NC2CC21,-1584.21,N1(O)C=NC2CC12,BDrA~DAsAAsr,65.99053225301043
COC1CCNC1,COC1CCNC1,-1723.02,O(C1CNCC1)C,ABArAADAr,73.75777787725502
CC(C)=CC1CN1,CC(C)=CC1CN1,-1768.68,C1(C=C(C)C)NC1,AA{A}~AArADr,76.31272662160349
CC1CC(N)C1N,CC1CC(N)C1N,-1448.08,C1(C)C(N)C(N)C1,AArAA{D}ArD,58.37324857871883
NC1CCC(O)C1,NC1CCC(O)C1,-1739.17,OC1CCC(N)C1,DArAAA{B}Ar,74.66146649357626
CC(=O)NC(C)=O,CC(=O)NC(C)=O,-1443.74,C(=O)(C)NC(=O)C,AA{~B}DA{A}~B,58.13039974931735
CN1CCC1(C)C,CN1CCC1(C)C,-1910.33,C1(C)(C)CCN1C,ADrAAAr{A}A,84.23888714803705
C[CH][N]OC(C)=O,C[CH][N]OC(C)=O,-1389.8,[CH]([N]OC(C)=O)C,A{AQ}{D}BA{A}~B,55.1121357267559
C1C2CC3C1C3O2,C1C2CC3C1C3O2,-1585.6,C12CC3OC1C2C3,ArAsAAtArAtBs,66.06831102556067
CC(C)C=CC#N,CC(C)C=CC#N,-2060.76,CC(C=CC#N)C,AA{A}A~AA^D,92.65634092842116
OCC1CC=CO1,OCC1CC=CO1,-1522.32,C1=COC(CO)C1,BAArAA~ABr,62.52741841622275
C#CC(C)(N)CN,C#CC(C)(N)CN,-1634.77,C(N)C(C)(N)C#C,A^AA{A}{D}AD,68.81966515958636
C=CC1C=CCO1,C=CC1C=CCO1,-1572.7,O1C(C=C)C=CC1,A~AArA~AABr,65.34647925153321
CC(O)C1(O)CC1,CC(O)C1(O)CC1,-1650.97,C1CC1(O)C(O)C,AA{B}Ar{B}AAr,69.72615157348137
C=CC1COCO1,C=CC1COCO1,-1511.32,C1OCOC1C=C,A~AArABABr,61.91190294999777
CCC=COC,CCC=COC,-1548.78,C(CC)=COC,AAA~ABA,64.00801289225123
C#CC1OC1C#N,C#CC1OC1C#N,-1143.43,C1(C#N)OC1C#C,A^AArBArA^D,41.326267961860424
COCC1CCN1,COCC1CCN1,-1704.8,N1CCC1COC,ABAArAADr,72.73826044138055
C#CC#CCC#N,C#CC#CCC#N,-1920.18,N#CCC#CC#C,A^AA^AAA^D,84.79005327006583
N#CC1=COCC1,N#CC1=COCC1,-1334.22,O1C=C(C#N)CC1,D^AAr~ABAAr,52.00210394377547
CNN=C(C)OC,CNN=C(C)OC,-1581.66,N(=C(OC)C)NC,ADD~A{A}BA,65.8478445767492
CC1CCC(O)C1,CC1CCC(O)C1,-1867.06,C1(C)CC(O)CC1,AArAAA{B}Ar,81.81767312771385
C1C2CN3CC3C12,C1C2CN3CC3C12,-1530.77,C12C3CC3CN1C2,ArAsADtAAtArs,63.00024620618649
CCC(C)C(N)=O,CCC(C)C(N)=O,-1759.89,C(C(C(=O)N)C)C,AAA{A}A{D}~B,75.82087380813826
CN1CCC(=O)N1,CN1CCC(=O)N1,-1472.6,N1(C)NC(=O)CC1,ADrAAA{~B}Dr,59.7452885088858
O=C1CC2CC2C1,O=C1CC2CC2C1,-1596.86,C12CC(=O)CC1C2,B~ArAAsAAsAr,66.69837503916916
C=CCC(=O)O,C=CCC(=O)O,-1245.3,OC(CC=C)=O,A~AAA{~B}B,47.026500738618566
O=C1CC=CC1O,O=C1CC=CC1O,-1400.35,O=C1C(O)C=CC1,B~ArAA~AArB,55.70247101481713
C#C[CH]C=C[N]N,C#C[CH]C=C[N]N,-1344.81,N[N]C=C[CH]C#C,A^A{AQ}A~A{D}D,52.5946774698957
CC(=NO)C(C)O,CC(=NO)C(C)O,-1511.09,CC(C(O)C)=NO,AA{~DB}A{A}B,61.899033081158514
CNCCC(N)=O,CNCCC(N)=O,-1624.43,O=C(N)CCNC,ADAAA{D}~B,68.2410806213349
CN(C)C1CC1O,CN(C)C1CC1O,-1702.87,N(C)(C1CC1O)C,AD{A}ArAArB,72.63026545503378
O=CNC1CC1,O=CNC1CC1,-1306.67,C1(NC=O)CC1,B~ADArAAr,50.460517480639254
CN1CC1(C)C,CN1CC1(C)C,-1612.39,CC1(C)CN1C,ADrAAr{A}A,67.56737096557592
CC(C)(N)C(N)=O,CC(C)(N)C(N)=O,-1634.47,O=C(N)C(N)(C)C,AA{A}{D}A{D}~B,68.80287837414389
CC1OC1CN,CC1OC1CN,-1420.67,CC1C(CN)O1,AArBArAD,56.83949594878912
NCC=CCCN,NCC=CCCN,-1791.01,C(CCN)=CCN,DAA~AAAD,77.5622230180402
COC1=CCC=C1,COC1=CCC=C1,-1580.76,C1=C(OC)C=CC1,ABAr~AAA~Ar,65.7974842204217
N#CC1NCC1O,N#CC1NCC1O,-1401.48,N1C(C#N)C(O)C1,D^AArDAArB,55.76570123998389
CCC(=O)CC,CCC(=O)CC,-1573.54,C(C(=O)CC)C,AAA{~B}AA,65.3934822507722
C#CC(C)CCC,C#CC(C)CCC,-1891.72,CCCC(C#C)C,A^AA{A}AAA,83.19754689108734
CNC1(C)CC1,CNC1(C)CC1,-1614.45,N(C1(C)CC1)C,ADAr{A}AAr,67.6826402256144
C#CCNCCC,C#CCNCCC,-1755.19,CCCNCC#C,A^AADAAA,75.55788083620574
C#CC1OCC1O,C#CC1OCC1O,-1341.75,C(C1OCC1O)#C,A^AArBAArB,52.423452258382206
CCCC1CNC1,CCCC1CNC1,-1762.65,C(C)CC1CNC1,AAAArADAr,75.97531223420924
CC1C=NNC1,CC1C=NNC1,-1361.98,C1(C)CNN=C1,AArA~DDAr,53.55544115672143
O=CC(=O)C1CC1,O=CC(=O)C1CC1,-1388.27,O=C(C=O)C1CC1,B~AA{~B}ArAAr,55.02652312099915
CCC(=N)N1CC1,CCC(=N)N1CC1,-1646.07,C(C)C(N1CC1)=N,AAA{~D}DrAAr,69.45196741125386
CC(N)C=CCO,CC(N)C=CCO,-1721.45,NC(C=CCO)C,AA{D}A~AAB,73.6699270334393
C1=NOCC2CN12,C1=NOCC2CN12,-1287.26,O1CC2N(C=N1)C2,Ar~DBAAsADrs,49.37441246250952
C#CC(C)(C)C=C,C#CC(C)(C)C=C,-1745.43,CC(C=C)(C)C#C,A^AA{A}{A}A~A,75.01175074980976
C#CC(N)C(C)N,C#CC(N)C(C)N,-1630.2,NC(C(C)N)C#C,A^AA{D}A{A}D,68.56394646134564
CC1=CC=CC1N,CC1=CC=CC1N,-1408.84,C1=CC(N)C(C)=C1,AAr~AA~AArD,56.17753704283987
C#Cc1ccsc1,C#Cc1ccsc1,-1446.57,c1(C#C)ccsc1,A^Aaraaear,58.28875509199159
CC=CCNC=N,CC=CCNC=N,-1661.41,N(CC=CC)C=N,AA~AADA~D,70.31033170688036
CC(C)(C)O,CC(C)(C)O,-1406.47,C(C)(O)(C)C,AA{A}{A}B,56.04492143784413
CC(C)=CC(N)=O,CC(C)=CC(N)=O,-1621.62,CC(C)=CC(=O)N,AA{A}~AA{D}~B,68.08384439769013
C1NCC1C1CO1,C1NCC1C1CO1,-1555.58,N1CC(C2CO2)C1,ArDAArArABr,64.3885133622812
C#CC(=C)CC#N,C#CC(=C)CC#N,-1356.56,C(#N)CC(=C)C#C,A^AA{~A}AA^D,53.25215989972694
CNCC1CNC1,CNCC1CNC1,-1771.9,C(NC)C1CNC1,ADAArADAr,76.49290478535298
C#CCCCC=O,C#CCCCC=O,-1561.87,C(CC#C)CC=O,A^AAAAA~B,64.74047629705895
CC1C=NN=C1,CC1C=NN=C1,-1223.35,C1=NN=CC1C,AArA~DD~Ar,45.79826760374233
CC1(O)C=NNC1,CC1(O)C=NNC1,-1462.38,OC1(C)CNN=C1,AAr{B}A~DDAr,59.17341868481132
NCCC1CC1,NCCC1CC1,-1619.83,C1(CCN)CC1,DAAArAAr,67.98368324454988
CC=CC#CCN,CC=CC#CCN,-1920.14,C(=CC)C#CCN,AA~AA^AAD,84.78781503200682
C#CC#CCO,C#CC#CCO,-1087.96,C(O)C#CC#C,A^AA^AAB,38.22239133354224
C=CC1OC1C#N,C=CC1OC1C#N,-1301.46,C1(C=C)C(C#N)O1,A~AArBArA^D,50.1689869734545
CC1CC(=O)N1,CC1CC(=O)N1,-1316.81,C1(C)NC(=O)C1,AArAA{~B}Dr,51.02791082859573
C#CS(=O)(=O)C=O,C#CS(=O)(=O)C=O,-1541.09,S(C#C)(=O)(=O)C=O,A^AE{~B}{~B}A~B,63.57771162540848
C=CC(C=O)OC,C=CC(C=O)OC,-1505.56,O=CC(C=C)OC,A~AA{A~B}BA,61.589596669501766
C#CC(CN)CN,C#CC(CN)CN,-1632.12,C(CN)(CN)C#C,A^AA{AD}AD,68.67138188817762
C1CC1C1CNC1,C1CC1C1CNC1,-1760.27,C1C(C2CNC2)C1,ArAArArADAr,75.84213706969874
CC=C(C=O)CC,CC=C(C=O)CC,-1723.6,C(C=O)(=CC)CC,AA~A{A~B}AA,73.79023232911051
C=C1CCC(=C)C1,C=C1CCC(=C)C1,-1781.25,C1CC(=C)CC1=C,A~ArAAA{~A}Ar,77.01609293164421
CC=C(CN)OC,CC=C(CN)OC,-1715.62,C(CN)(OC)=CC,AA~A{AD}BA,73.34370383634003
Cc1nnc(C)o1,Cc1nnc(C)o1,-1353.03,Cc1oc(C)nn1,Aardda{A}br,53.05463539102019
C=CCOC(N)=O,C=CCOC(N)=O,-1335.92,O(CC=C)C(=O)N,A~AABA{D}~B,52.09722906128297
CC1NC1CO,CC1NC1CO,-1420.32,OCC1NC1C,AArDArAB,56.81991136577287
CC(C)C(C)C,CC(C)C(C)C,-1894.96,CC(C(C)C)C,AA{A}A{A}A,83.37884417386634
CNCC1(C)CO1,CNCC1(C)CO1,-1708.87,C(NC)C1(C)CO1,ADAAr{A}ABr,72.96600116388377
CCC(N)C(N)=O,CCC(N)C(N)=O,-1633.17,C(N)(=O)C(N)CC,AAA{D}A{D}~B,68.73013563722638
C#CCC(N)CN,C#CCC(N)CN,-1633.95,NC(CN)CC#C,A^AAA{D}AD,68.77378127937689
CC(C)NC1CC1,CC(C)NC1CC1,-1913.35,CC(NC1CC1)C,AA{A}DArAAr,84.40787412149155
C#CC(CN)CO,C#CC(CN)CO,-1561.8,OCC(CN)C#C,A^AA{AD}AB,64.7365593804557
CC1=CCCOC1,CC1=CCCOC1,-1722.49,C1OCCC=C1C,AAr~AAABAr,73.72812122297329
CC(=NO)C1CC1,CC(=NO)C1CC1,-1562.02,C(=NO)(C)C1CC1,AA{~DB}ArAAr,64.74886968978021
OC1C=NN2CC12,OC1C=NN2CC12,-1461.8,C1(O)C2N(N=C1)C2,BArA~DDsAArs,59.140964232955824
CC1C=NOC1,CC1C=NOC1,-1277.57,C1=NOCC1C,AArA~DBAr,48.83219929271678
C1NCC2OCC12,C1NCC2OCC12,-1543.16,C12CNCC1CO2,ArDAAsBAArs,63.69354044496174
CCS(=O)(=O)CC,CCS(=O)(=O)CC,-1069.99,C(S(CC)(=O)=O)C,AAE{~B}{~B}AA,37.21686288553651
C=CC1C(C)N1C,C=CC1C(C)N1C,-1411.7,CC1C(C=C)N1C,A~AArA{A}DrA,56.33757106405837
CC1OC=CO1,CC1OC=CO1,-1221.77,C1=COC(C)O1,AArBA~ABr,45.70985720041184
CC1C=CCC1O,CC1C=CCC1O,-1726.87,C1(C)C=CCC1O,AArA~AAArB,73.97320829043376
C#CCC(=O)NO,C#CCC(=O)NO,-1281.82,O=C(CC#C)NO,A^AAA{~B}DB,49.07001208648552
C=CC(C)(O)C#N,C=CC(C)(O)C#N,-1453.94,C(C)(C=C)(O)C#N,A~AA{A}{B}A^D,58.70115045436233
O=COCC1CC1,O=COCC1CC1,-1529.25,C1(COC=O)CC1,B~ABAArAAr,62.91519315994449
CC(C)O[CH][N]O,CC(C)O[CH][N]O,-1507.55,O[N][CH]OC(C)C,AA{A}B{AQ}{D}B,61.700949012937016
CNCC(C)=O,CNCC(C)=O,-1434.93,C(CNC)(=O)C,ADAA{A}~B,57.63742781682261
COC(C)C(C)C,COC(C)C(C)C,-1983.95,C(C(C)OC)(C)C,ABA{A}A{A}A,88.3583642956265
C#CC(=C)CN,C#CC(=C)CN,-1323.22,C(C#C)(CN)=C,A^AA{~A}AD,51.386588477550475
N#CC1CCN1,N#CC1CCN1,-1224.15,N1C(C#N)CC1,D^AArAADr,45.843032364922344
C=CC(CC)CN,C=CC(CC)CN,-1916.76,NCC(C=C)CC,A~AA{AA}AD,84.59868391602132
C#CCCCNC,C#CCCCNC,-1755.68,N(CCCC#C)C,A^AAAADA,75.58529925242851
CC(C)(O)C1CC1,CC(C)(O)C1CC1,-1848.97,CC(C1CC1)(O)C,AA{A}{B}ArAAr,80.80542996553113
CC1CC1C1CN1,CC1CC1C1CN1,-1765.27,CC1C(C2NC2)C1,AArAArArADr,76.12191682707373
CC1CC1(C)CO,CC1CC1(C)CO,-1847.67,C1(C)C(CO)(C)C1,AArAAr{A}AB,80.73268722861364
OCC1C=CCO1,OCC1C=CCO1,-1519.22,O1C(CO)C=CC1,BAArA~AABr,62.353954966650264
c1[nH]cc2c1CC2,c1[nH]cc2c1CC2,-1512.19,[nH]1cc2c(c1)CC2,ar{dQ}aasarAAs,61.96058462778102
N#CC1CN1C=N,N#CC1CN1C=N,-1245.71,C1N(C=N)C1C#N,D^AArADrA~D,47.04944267872331
CC(=N)NCC=O,CC(=N)NCC=O,-1481.2,C(C=O)NC(=N)C,AA{~D}DAA~B,60.226509691570804
[CH2][N]OC(C)C=O,[CH2][N]OC(C)C=O,-1361.93,[N](OC(C)C=O)[CH2],{AQs}{D}BA{A}A~B,53.55264335914768
C=CC1CC(=O)O1,C=CC1CC(=O)O1,-1397.14,C(C1OC(=O)C1)=C,A~AArAA{~B}Br,55.5228524105824
C=CC(=C)C(=O)O,C=CC(=C)C(=O)O,-1397.91,O=C(O)C(C=C)=C,A~AA{~A}A{~B}B,55.56593849321815
CC1=CCC=C1,CC1=CCC=C1,-1493.76,C1(C)=CCC=C1,AAr~AAA~Ar,60.92931644209679
CC#CCC(=O)O,CC#CCC(=O)O,-1392.3,OC(=O)CC#CC,AA^AAA{~B}B,55.2520256054434
CNC1CC=CC1,CNC1CC=CC1,-1789.03,C1=CCC(NC)C1,ADArAA~AAr,77.45143023411971
NC12CCOC1C2,NC12CCOC1C2,-1583.81,C1CC2(N)CC2O1,DArsAABArAs,65.96814987242043
CC1C2CCNC12,CC1C2CCNC12,-1781.29,CC1C2C1NCC2,AArAsAADArs,77.01833116970322
C1CC2OC2C1,C1CC2OC2C1,-1419.26,C12C(CCC1)O2,ArAAsBAsAr,56.76059805720937
C=C(C)C(=O)NO,C=C(C)C(=O)NO,-1383.69,N(O)C(=O)C(C)=C,A~A{A}A{~B}DB,54.77024486324366
CC(=CCO)CO,CC(=CCO)CO,-1650.21,C(=C(CO)C)CO,AA{~AAB}AB,69.68362505036036
CN=C(N)CC=O,CN=C(N)CC=O,-1478.31,C(C=O)C(N)=NC,AD~A{D}AA~B,60.064796991808045
C=COCC(=N)N,C=COCC(=N)N,-1469.15,O(CC(N)=N)C=C,A~ABAA{~D}D,59.552240476297065
COCCCO,COCCCO,-1489.92,OCCCOC,ABAAAB,60.71444558843279
C#Cc1ccno1,C#Cc1ccno1,-1155.76,C(#C)c1oncc1,A^Aaraadbr,42.016204843547165
[CH2][N]OCCCO,[CH2][N]OCCCO,-1574.09,C(CCO)O[N][CH2],{AQs}{D}BAAAB,65.42425802408344
C=CN(C=C)C=O,C=CN(C=C)C=O,-1457.71,C=CN(C=O)C=C,A~AD{A~A}A~B,58.91210439142308
O=C1CCNC1=O,O=C1CCNC1=O,-1434.08,C1C(=O)C(=O)NC1,B~ArAADAr~B,57.58986525806884
O=C1C=CCCN1,O=C1C=CCCN1,-1513.38,C1CC=CC(=O)N1,B~ArA~AAADr,62.02717221003626
[CH2][N]N1CC1C=C,[CH2][N]N1CC1C=C,-1785.82,C1(C=C)CN1[N][CH2],{AQs}{D}DrAArA~A,77.27181162988497
CC=COC,CC=COC,-1251.24,O(C)C=CC,AA~ABA,47.35887909038006
CN1CC1CCO,CN1CC1CCO,-1710.63,C(O)CC1N(C)C1,ADrAArAAB,73.0644836384798
C1=CC2CC(C1)O2,C1=CC2CC(C1)O2,-1571.29,C12CC(C=CC1)O2,Ar~AAsAA{Ar}Bs,65.26758135995344
OCC1CC1,OCC1CC1,-1253.73,C(O)C1CC1,BAArAAr,47.4982094095528
CCCC=CCO,CCCC=CCO,-1850.01,C(C=CCCC)O,AAAA~AAB,80.86362415506514
COC1(C)CCC1,COC1(C)CCC1,-1839.85,C1C(C)(OC)CC1,ABAr{A}AAAr,80.29511168807913
[CH]1O[N][C]2OC[C]12,[CH]1O[N][C]2OC[C]12,-1047.64,[CH]1O[N][C]2[C]1CO2,{AQ}rB{D}{A}sBA{A}rs,35.966247370070285
CC=C(C#N)C=O,CC=C(C#N)C=O,-1328.91,C(=CC)(C=O)C#N,AA~A{A^D}A~B,51.704977841443224
OC1CC2CC2C1,OC1CC2CC2C1,-1719.53,C12CC(O)CC1C2,BArAAsAAsAr,73.56249160660728
CC(C)=C(C)CO,CC(C)=C(C)CO,-1850.96,CC(CO)=C(C)C,AA{A}~A{A}AB,80.91678230896639
CCC1C=NOC1,CCC1C=NOC1,-1572.63,C1=NOCC1CC,AAArA~DBAr,65.34256233492995
C1=CCNC1,C1=CCNC1,-1197.04,N1CC=CC1,Ar~AADAr,44.32606652043511
[CH2][N]OCCC,[CH2][N]OCCC,-1398.26,[N]([CH2])OCCC,{AQs}{D}BAAA,55.585523076234395
CC=CCOCC,CC=CCOCC,-1843.61,C(C)=CCOCC,AA~AABAA,80.50550606562514
C1CC2NCC2O1,C1CC2NCC2O1,-1537.81,C12C(NC1)CCO2,ArAAsDAAsBr,63.39417610457048
C1CC(C2CO2)N1,C1CC(C2CO2)N1,-1563.08,C1(C2CO2)CCN1,ArAA{AsABs}Dr,64.8081829983437
CC1CC1(C)N,CC1CC1(C)N,-1621.36,CC1(N)CC1C,AArAAr{A}D,68.06929585030664
CC1(C2CO2)CN1,CC1(C2CO2)CN1,-1561.68,N1CC1(C1OC1)C,AAr{AsABs}ADr,64.72984466627872
CC1N=CNC1C,CC1N=CNC1C,-1564.9,CC1C(C)NC=N1,AArD~ADArA,64.91002283002821
N#CC1NC1CO,N#CC1NC1CO,-1251.2,N#CC1C(CO)N1,D^AArDArAB,47.35664085232106
C#CCCC,C#CCCC,-1300.05,C(C#C)CC,A^AAAA,50.09008908187475
CC(N)C1(C)CC1,CC(N)C1(C)CC1,-1917.88,C1C(C)(C(C)N)C1,AA{D}Ar{A}AAr,84.66135458167331
C=CCCCO,C=CCCCO,-1551.16,C(CO)CC=C,A~AAAAB,64.14118805676173
COC(C)(C)C=O,COC(C)(C)C=O,-1652.85,C(C(OC)(C)C)=O,ABA{A}{A}A~B,69.83134876225435
NCC1C=COC1,NCC1C=COC1,-1591.54,C1C(CN)C=CO1,DAArA~ABAr,66.40068937732217
CC=C(CO)OC,CC=C(CO)OC,-1646.05,C(=CC)(CO)OC,AA~A{AB}BA,69.45084829222436
CC=C(C)C(N)=O,CC=C(C)C(N)=O,-1620.12,CC=C(C)C(=O)N,AA~A{A}A{D}~B,67.99991047047763
N#CCC1COC1,N#CCC1COC1,-1450.54,C1C(CC#N)CO1,D^AAArABAr,58.51090021934733
C1NCC2OC12,C1NCC2OC12,-1284.31,O1C2CNCC12,ArDAAsBArs,49.20934240565827
[CH2]C=C[N][N][CH2],[CH2]C=C[N][N][CH2],-1205.73,[CH2][N][N]C=C[CH2],{AQs}A~A{D}{D}{AQs},44.81232373875286
C#CC(=C)C(N)=O,C#CC(=C)C(N)=O,-1150.39,NC(C(C#C)=C)=O,A^AA{~A}A{D}~B,41.715721384126425
C1CCC2NC2C1,C1CCC2NC2C1,-1747.92,C1C2NC2CCC1,ArAAAsDAsAr,75.1510810689825
C1CC2CC2O1,C1CC2CC2O1,-1413.82,O1C2C(CC1)C2,ArAAsAAsBr,56.45619768118537
CC1(O)C=CC=C1,CC1(O)C=CC=C1,-1584.73,C1(C)(O)C=CC=C1,AAr{B}A~AA~Ar,66.01962934777742
C=CS(=O)(=O)CO,C=CS(=O)(=O)CO,-1294.47,S(=O)(=O)(CO)C=C,A~AE{~B}{~B}AB,49.777854872644255
C=CC(CC)OC,C=CC(CC)OC,-1839.37,C(=C)C(CC)OC,A~AA{AA}BA,80.26825283137113
CC#CC(C)C,CC#CC(C)C,-1602.41,C(C)(C)C#CC,AA^AA{A}A,67.00893056985542
C=CCC1NC1C,C=CCC1NC1C,-1785.39,C(C=C)C1NC1C,A~AAArDArA,77.24775057075072
C#CC(C)(C)C#N,C#CC(C)(C)C#N,-1658.34,C(C#C)(C#N)(C)C,A^AA{A}{A}A^D,70.1385469358521
CC(C#N)C(N)=O,CC(C#N)C(N)=O,-1365.61,C(=O)(C(C#N)C)N,AA{A^D}A{D}~B,53.75856126057567
CC1COC1(C)C,CC1COC1(C)C,-1848.78,CC1(C)C(C)CO1,AArABAr{A}A,80.7947983347509
CC(=CC#N)CO,CC(=CC#N)CO,-1461.74,N#CC=C(C)CO,AA{~AA^D}AB,59.13760687586733
C#CCOC1CC1,C#CCOC1CC1,-1532.44,O(CC#C)C1CC1,A^AABArAAr,63.093692645149744
NCCC1CCC1,NCCC1CCC1,-1914.95,C1CCC1CCN,DAAArAAAr,84.49740364385158
CCC(=O)CC=O,CCC(=O)CC=O,-1536.12,O=CCC(CC)=O,AAA{~B}AA~B,63.299610546577725
N#CC1CCNC1,N#CC1CCNC1,-1540.62,C(C1CNCC1)#N,D^AArAADAr,63.551412328215214
C#CC1(O)CNC1,C#CC1(O)CNC1,-1566.3,C1C(C#C)(O)CN1,A^AAr{B}ADAr,64.9883611620932
C#CCO[N][CH2],C#CCO[N][CH2],-1093.04,[N](OCC#C)[CH2],A^AAB{D}{AQs},38.50664756703523
CC(=O)C1COC1,CC(=O)C1COC1,-1514.82,CC(C1COC1)=O,AA{~B}ArABAr,62.107748780160264
CC(C)CC1CN1,CC(C)CC1CN1,-1616.93,N1CC1CC(C)C,AA{A}AArADr,67.82141098527241
C=C1CCC=C1C,C=C1CCC=C1C,-1362.76,C1=C(C)C(=C)CC1,A~ArAAA~ArA,53.59908679887193
CCNC(=O)CC,CCNC(=O)CC,-1756.52,CCNC(CC)=O,AADA{~B}AA,75.6323022516675
C=C(C)N=CNO,C=C(C)N=CNO,-1432.42,CC(=C)N=CNO,A~A{A}D~ADB,57.496978378620355
CO[C]([NH])N1CC1,CO[C]([NH])N1CC1,-1448.32,CO[C](N1CC1)[NH],AB{A}{{DQ}}DrAAr,58.38667800707284
CC#CC=C(C)C,CC#CC=C(C)C,-1762.72,CC(=CC#CC)C,AA^AA~A{A}A,75.97922915081249
C=CC1NCC1N,C=CC1NCC1N,-1631.25,C1(N)C(C=C)NC1,A~AArDAArD,68.62270021039437
C#CC=CCOC,C#CC=CCOC,-1542.07,C(C=CC#C)OC,A^AA~AABA,63.63254845785398
CC1OC1CCO,CC1OC1CCO,-1644.47,CC1C(CCO)O1,AArBArAAB,69.36243788889388
CC1CONC1=N,CC1CONC1=N,-1445.53,C1(=N)NOCC1C,AArABDAr~D,58.2305609024576
CC#C[CH][N]OC,CC#C[CH][N]OC,-1400.83,[N](OC)[CH]C#CC,AA^A{AQ}{D}BA,55.72932987152514
C#CCC(=N)NC,C#CCC(=N)NC,-1505.4,N=C(CC#C)NC,A^AAA{~D}DA,61.58064371726577
CCc1cc[nH]c1,CCc1cc[nH]c1,-1511.77,c1(CC)cc[nH]c1,AAaraa{dQ}ar,61.937083128161504
CC12CCN(C1)C2,CC12CCN(C1)C2,-1771.04,C1N2CC1(C)CC2,AArsAAD{Ar}As,76.44478266708448
CNC1CC1O,CNC1CC1O,-1414.65,C1C(O)C1NC,ADArAArB,56.50264112090963
CC1C(C)C1N,CC1C(C)C1N,-1619.7,NC1C(C)C1C,AArA{A}ArD,67.97640897085816
C=C1OC=CC1=O,C=C1OC=CC1=O,-1265.81,C1=CC(=O)C(=C)O1,A~ArBA~AAr~B,48.17415730337079
CC#CC=COC,CC#CC=COC,-1552.41,C(C=COC)#CC,AA^AA~ABA,64.21113299610548
C=CC#CCNC,C=CC#CCNC,-1616.75,C(C#CC=C)NC,A~AA^AADA,67.8113389140069
CO[N][CH]C(C)O,CO[N][CH]C(C)O,-1498.75,[N]([CH]C(O)C)OC,AB{D}{AQ}A{A}B,61.208536639957025
CCC(CN)=NO,CCC(CN)=NO,-1578.06,C(CN)(CC)=NO,AAA{AD}~DB,65.64640315143919
C#CCCC(C)N,C#CCCC(C)N,-1764.35,C(N)(C)CCC#C,A^AAAA{A}D,76.07043735171672
C#CC1CC1NC,C#CC1CC1NC,-1612.12,C1(NC)C(C#C)C1,A^AArAArDA,67.55226285867764
NCCC(O)CN,NCCC(O)CN,-1640.74,OC(CN)CCN,DAAA{B}AD,69.15372218989214
Cc1oncc1N,Cc1oncc1N,-1330.88,Cc1c(N)cno1,AarbdaarD,51.81521106584898
CC1CN[C]([NH])O1,CC1CN[C]([NH])O1,-1492.61,N1[C]([NH])OC(C)C1,AArAD{A}{{DQ}}Br,60.86496709790054
COC1C=CC=C1,COC1C=CC=C1,-1570.15,C1=CC=CC1OC,ABArA~AA~Ar,65.20379157527195
C=CCOC(=N)N,C=CCOC(=N)N,-1412.8,C(=C)COC(N)=N,A~AABA{~D}D,56.39912261068088
NC[CH]C=C[N]O,NC[CH]C=C[N]O,-1436.69,C([N]O)=C[CH]CN,DA{AQ}A~A{D}B,57.7359102914186
C1=NOCCC1,C1=NOCCC1,-1273.48,C1C=NOCC1,Ar~DBAAAr,48.603339451184034
C=C1C=NNCC1,C=C1C=NNCC1,-1518.88,N1=CC(=C)CCN1,A~ArA~DDAAr,62.33492994314876
CCC(C)=CC#N,CCC(C)=CC#N,-1664.61,N#CC=C(C)CC,AAA{A}~AA^D,70.48939075160034
C#CC(C)C=O,C#CC(C)C=O,-1261.6,C#CC(C=O)C,A^AA{A}A~B,47.93858274766104
CC(C)CC(C)C,CC(C)CC(C)C,-1189.07,C(C)(C)CC(C)C,AA{A}AA{A}A,43.88009758717938
CC#CC(=O)NO,CC#CC(=O)NO,-1225.13,ONC(=O)C#CC,AA^AA{~B}DB,45.89786919736785
C=C(C)OC(C)=O,C=C(C)OC(C)=O,-1539.55,O(C(C)=O)C(=C)C,A~A{A}BA{A}~B,63.491539460136984
CC#CC(C)=NO,CC#CC(C)=NO,-1415.29,C(C)(C#CC)=NO,AA^AA{A}~DB,56.53845292985362
C=C1OCOC1C,C=C1OCOC1C,-1522.21,C=C1C(C)OCO1,A~ArBABArA,62.521263261560506
CC1=COC2CC12,CC1=COC2CC12,-1573.16,C12C(C1)OC=C2C,AAr~ABAsAArs,65.3722189892117
O=CC1=NOCC1,O=CC1=NOCC1,-1509.49,C1(C=O)=NOCC1,B~AAr~DBAAr,61.809503558798525
CC=C(C#N)C#N,CC=C(C#N)C#N,-1264.38,N#CC(=CC)C#N,AA~A{A^D}A^D,48.09414029276155
C1=CCC2(C1)CN2,C1=CCC2(C1)CN2,-1645.86,C1=CCC2(NC2)C1,Ar~AAAs{Ar}ADs,69.44021666144411
C=C(CN)C(C)C,C=C(CN)C(C)C,-2062.9,NCC(=C)C(C)C,A~A{AD}A{A}A,92.77608666457765
C=CC1=NOCO1,C=CC1=NOCO1,-1237.84,O1N=C(C=C)OC1,A~AAr~DBABr,46.609069340615065
CC1NCS1(=O)=O,CC1NCS1(=O)=O,-1320.79,O=S1(=O)CNC1C,AArDAEr{~B}~B,51.25061551546623
CNC1CN(C)C1,CNC1CN(C)C1,-1765.87,N1(C)CC(NC)C1,ADArAD{A}Ar,76.15549039795872
C=CC(O)CO,C=CC(O)CO,-1353.07,C(C=C)(CO)O,A~AA{B}AB,53.05687362907919
C#CC(=O)C#C,C#CC(=O)C#C,-959.62,C(#C)C(C#C)=O,A^AA{~B}A^A,31.041004521240882
CC1CC1N1CC1,CC1CC1N1CC1,-1759.68,C1N(C2C(C)C2)C1,AArAArDrAAr,75.80912305832851
CC(O)C1COC1,CC(O)C1COC1,-1643.94,C(C)(C1COC1)O,AA{B}ArABAr,69.33278123461211
CC=C(C)C,CC=C(C)C,-1459.47,C(C)(=CC)C,AA~A{A}A,59.01058686601908
C1=NCCCN1,C1=NCCCN1,-1383.11,C1CCNC=N1,Ar~DAAADr,54.73779041138815
CCC=CC(C)=O,CCC=CC(C)=O,-1728.27,CC(C=CCC)=O,AAA~AA{A}~B,74.05154662249878
CC(C)C1(N)CC1,CC(C)C1(N)CC1,-1746.63,NC1(C(C)C)CC1,AA{A}Ar{D}AAr,75.07889789157976
CNCCC#N,CNCCC#N,-1369.95,C(NC)CC#N,ADAAA^D,54.00141008997717
CO[N][CH]C1CN1,CO[N][CH]C1CN1,-1414.84,O([N][CH]C1CN1)C,AB{D}{AQ}ArADr,56.51327275168987
C=CCC(=C)C=C,C=CCC(=C)C=C,-1761.93,C=CC(=C)CC=C,A~AAA{~A}A~A,75.93502394914725
CC(C)C(=O)CO,CC(C)C(=O)CO,-1670.72,O=C(CO)C(C)C,AA{A}A{~B}AB,70.8312816151126
C=CC(O)[CH][N]N,C=CC(O)[CH][N]N,-1433.77,C(C([CH][N]N)O)=C,A~AA{B}{AQ}{D}D,57.572518913111594
CC1CNC(=O)C1,CC1CNC(=O)C1,-1632.37,O=C1NCC(C)C1,AArADA{~B}Ar,68.68537087604636
OCc1ccoc1,OCc1ccoc1,-1398.95,C(O)c1cocc1,BAaraabar,55.62413268275214
C=C(CN)CCN,C=C(CN)CCN,-1790.38,NCC(=C)CCN,A~A{AD}AAD,77.52697076861095
CC(C)N1CC1,CC(C)N1CC1,-1613.17,C1N(C(C)C)C1,AA{A}DrAAr,67.6110166077264
CCNN(C)C=O,CCNN(C)C=O,-1595.62,CCNN(C=O)C,AADD{A}A~B,66.62898965934015
C1=CCNCCC1,C1=CCNCCC1,-1786.95,C1NCCCC=C1,Ar~AADAAAr,77.33504185505173
CNc1cc[nH]c1,CNc1cc[nH]c1,-1545.06,c1(NC)cc[nH]c1,ADaraa{dQ}ar,63.79985675276422
C=C(CC)C(C)=O,C=C(CC)C(C)=O,-1727.17,CC(=O)C(=C)CC,A~A{AA}A{A}~B,73.98999507587628
CC1CCN1C,CC1CCN1C,-1612.56,C1CC(C)N1C,AArAADrA,67.57688347732665
C=CCC#N,C=CCC#N,-1062.9,C(CC#N)=C,A~AAA^D,36.82013518957877
OC1CCC2CC12,OC1CCC2CC12,-1718.92,C1C2CCC(O)C12,BArAAAsAArs,73.52835847620753
C#CC1OCCO1,C#CC1OCCO1,-1352.8,C1(C#C)OCCO1,A^AArBAABr,53.041765522180945
CC#CS(C)(=O)=O,CC#CS(C)(=O)=O,-1677.24,C(S(=O)(C)=O)#CC,AA^AE{A}{~B}~B,71.1961144187296
CC1OCOC1C,CC1OCOC1C,-1663.43,O1C(C)C(C)OC1,AArBABArA,70.42336272885986
C#CC(C)O,C#CC(C)O,-1099.75,OC(C#C)C,A^AA{A}B,38.882112001432475
O=CNC1COC1,O=CNC1COC1,-1471.76,C1(NC=O)COC1,B~ADArABAr,59.698285509646816
CNC1C(C)C1C,CNC1C(C)C1C,-1911.44,CC1C(C)C1NC,ADArA{A}ArA,84.30099825417432
CNC(C)C(C)=O,CNC(C)C(C)=O,-1733.09,CC(NC)C(C)=O,ADA{A}A{A}~B,74.32125430860827
CC(O)C1CNC1,CC(O)C1CNC1,-1710.07,OC(C)C1CNC1,AA{B}ArADAr,73.0331483056538
C#CS(=O)(=O)C#N,C#CS(=O)(=O)C#N,-1308.31,C(#N)S(=O)(C#C)=O,A^AE{~B}{~B}A^D,50.55228524105824
C=COCCC#N,C=COCCC#N,-1454.24,O(CCC#N)C=C,A~ABAAA^D,58.71793723980484
C=CCC(O)CC,C=CCC(O)CC,-1849.94,OC(CC=C)CC,A~AAA{B}AA,80.8597072384619
C#CC(N)C1CO1,C#CC(N)C1CO1,-1407.81,C1OC1C(N)C#C,A^AA{D}ArABr,56.11990241282063
C=C1CCN2CC12,C=C1CCN2CC12,-1371.45,C12N(CCC1=C)C2,A~ArAADsAArs,54.08534401718967
C=CCC(=O)C=C,C=CCC(=O)C=C,-1577.59,C=CC(CC=C)=O,A~AAA{~B}A~A,65.62010385424594
C#CC(C)CCO,C#CC(C)CCO,-1690.73,C(CCO)(C)C#C,A^AA{A}AAB,71.95096020412731
[CH2][N]OCCC=O,[CH2][N]OCCC=O,-1361.68,C(O[N][CH2])CC=O,{AQs}{D}BAAA~B,53.53865437127893
CCC[CH][N]OC,CCC[CH][N]OC,-1696.54,O([N][CH]CCC)C,AAA{AQ}{D}BA,72.27606428219705
C#CC([CH2])=C[N]N,C#CC([CH2])=C[N]N,-1338.92,[N](N)C=C(C#C)[CH2],A^AA{{AQs}}~A{D}D,52.265096915707964
CN(C)C(=O)CN,CN(C)C(=O)CN,-1614.85,N(C)(C(CN)=O)C,AD{A}A{~B}AD,67.7050226062044
NCC1OCCO1,NCC1OCCO1,-1528.06,C1(CN)OCCO1,DAArBAABr,62.84860557768924
CN1CC1(C)CO,CN1CC1(C)CO,-1708.01,C(O)C1(C)CN1C,ADrAAr{A}AB,72.91787904561531
NC(=O)N1CCC1,NC(=O)N1CCC1,-1796.04,C1CCN1C(N)=O,DA{~B}DrAAAr,77.84368145395945
C1CCC2(C1)CO2,C1CCC2(C1)CO2,-1717.33,C12(OC1)CCCC2,ArAAAs{Ar}ABs,73.43938851336227
CC(=O)CCC=O,CC(=O)CCC=O,-1539.75,C(CCC(C)=O)=O,AA{~B}AAA~B,63.50273065043198
NC1CC=COC1,NC1CC=COC1,-1597.33,O1C=CCC(N)C1,DArAA~ABAr,66.72467433636241
CNC(C)[CH][N]O,CNC(C)[CH][N]O,-1570.27,C([CH][N]O)(NC)C,ADA{A}{AQ}{D}B,65.21050628944894
Cc1ccn(C)n1,Cc1ccn(C)n1,-1314.85,n1(C)nc(C)cc1,Aaraad{A}dr,50.918237163704724
C=C1C=CCC1N,C=C1C=CCC1N,-1657.91,NC1C(=C)C=CC1,A~ArA~AAArD,70.11448587671786
CC(C)(C#N)CO,CC(C)(C#N)CO,-1602.95,N#CC(C)(C)CO,AA{A}{A^D}AB,67.03914678365192
N#CC1C=NNC1,N#CC1C=NNC1,-1262.96,C(C1C=NNC1)#N,D^AArA~DDAr,48.014682841667046
CC(C)N(C)C=N,CC(C)N(C)C=N,-1799.65,CN(C=N)C(C)C,AA{A}D{A}A~D,78.0456824387842
C#CC1CC=NN1,C#CC1CC=NN1,-1646.46,N1=CCC(C#C)N1,A^AArAA~DDr,69.47379023232911
C#Cc1ccon1,C#Cc1ccon1,-1154.32,C#Cc1nocc1,A^Aaraabdr,41.93562827342316
CC1OC(C)C1=O,CC1OC(C)C1=O,-1524.51,C1(C)OC(C)C1=O,AArBA{A}Ar~B,62.64996194995301
N#CC1C=CCN1,N#CC1C=CCN1,-1395.68,N1CC=CC1C#N,D^AArA~AADr,55.4411567214289
C=CCC(=O)OC,C=CCC(=O)OC,-1534.51,O=C(CC=C)OC,A~AAA{~B}BA,63.209521464702995
COCC1(N)CC1,COCC1(N)CC1,-1710.04,C1C(COC)(N)C1,ABAAr{D}AAr,73.03146962710953
C=CC#N,C=CC#N,-768.02,C(C#N)=C,A~AA^D,20.319844218631093
N=C(N)CCCO,N=C(N)CCCO,-1342.26,OCCCC(=N)N,D~A{D}AAAB,52.45198979363445
CCN1CCCC1,CCN1CCCC1,-1928.68,N1(CC)CCCC1,AADrAAAAr,85.26567885760332
CC1(C)C=COC1,CC1(C)C=COC1,-1722.42,O1C=CC(C)(C)C1,AAr{A}A~ABAr,73.72420430637003
CN1CC1,CN1CC1,-1017.37,C1CN1C,ADrAAr,34.27246071892207
NC1CNC2CC12,NC1CNC2CC12,-1652.23,C12C(N)CNC1C2,DArADAsAArs,69.79665607233986
CCCNC(N)=S,CCCNC(N)=S,-1249.26,C(=S)(NCCC)N,AAADA{D}~E,47.248086306459555
C=C1C=CCC1,C=C1C=CCC1,-1490.87,C1C=CC(=C)C1,A~ArA~AAAr,60.767603742334025
CCC(CC)CN,CCC(CC)CN,-2060.31,C(CC)(CN)CC,AAA{AA}AD,92.6311607502574
C#CCOC(C)C,C#CCOC(C)C,-1683.2,CC(OCC#C)C,A^AABA{A}A,71.52961188952058
C=C1CC(C)CO1,C=C1CC(C)CO1,-1724.94,C1(=C)OCC(C)C1,A~ArAA{A}ABr,73.86521330408702
C=C(C#N)C1CC1,C=C(C#N)C1CC1,-1511.29,C1(C(C#N)=C)CC1,A~A{A^D}ArAAr,61.91022427145351
C=CCCO,C=CCCO,-1255.27,C(C=C)CO,A~AAAB,47.5843815748243
O=C1OCC2CC12,O=C1OCC2CC12,-1407.52,C12C(=O)OCC1C2,B~ArBAAsAArs,56.10367518689288
c1cnoc1,c1cnoc1,-861.62,c1ccno1,aradbar,25.557321276690992
C#CC(N)C(N)=O,C#CC(N)C(N)=O,-1490.47,NC(=O)C(C#C)N,A^AA{D}A{D}~B,60.74522136174404
CNCCCN,CNCCCN,-1630.9,C(CNC)CN,ADAAAD,68.60311562737813
CC1(C)CC(=O)N1,CC1(C)CC(=O)N1,-1615.54,CC1(C)NC(=O)C1,AAr{A}AA{~B}Dr,67.74363221272215
O=CC1NCC1O,O=CC1NCC1O,-1608.61,C1(C=O)C(O)CN1,B~AArDAArB,67.35585746900041
C=CC(O)CN,C=CC(O)CN,-1426.32,OC(C=C)CN,A~AA{B}AD,57.15564707462286
C=CC(C)[CH][N]N,C=CC(C)[CH][N]N,-1635.47,CC(C=C)[CH][N]N,A~AA{A}{AQ}{D}D,68.85883432561889
O=C1C=CN2CC12,O=C1C=CN2CC12,-1485.95,C1N2C1C(=O)C=C2,B~ArA~ADsAArs,60.49230046107705
CC1=CC(N)C=C1,CC1=CC(N)C=C1,-1418.13,C1(N)C=CC(C)=C1,AAr~AA{D}A~Ar,56.69736783204263
CCC(C#N)=NO,CCC(C#N)=NO,-1313.95,C(C(=NO)CC)#N,AAA{A^D}~DB,50.867876807377236
OC1C=CCCC1,OC1C=CCCC1,-1729.77,C1=CC(O)CCC1,BArA~AAAAr,74.13548054971127
CC(=O)CC1CN1,CC(=O)CC1CN1,-1589.11,C(C(=O)C)C1CN1,AA{~B}AArADr,66.26471641523793
CN1CCC1=O,CN1CCC1=O,-1311.86,O=C1N(C)CC1,ADrAAAr~B,50.75092886879448
CC1CC2CC2O1,CC1CC2CC2O1,-1712.7,C12C(OC(C)C1)C2,AArAAsAAsBr,73.18031245803304
CCNCC1CC1,CCNCC1CC1,-1911.07,C1(CNCC)CC1,AADAArAAr,84.28029455212857
CCN1CC1C#N,CCN1CC1C#N,-1515.86,C1C(C#N)N1CC,AADrAArA^D,62.165942969694264
C[CH][N]NC(C)C,C[CH][N]NC(C)C,-1781.68,C(C)(C)N[N][CH]C,A{AQ}{D}DA{A}A,77.04015399077848
C#Cc1cnsc1,C#Cc1cnsc1,-1785.04,c1nscc1C#C,A^Aaradear,77.22816598773446
CC(C)C(=N)NO,CC(C)C(=N)NO,-1581.66,C(NO)(=N)C(C)C,AA{A}A{~D}DB,65.8478445767492
CNC(=N)CC#N,CNC(=N)CC#N,-1414.51,N(C)C(=N)CC#N,ADA{~D}AA^D,56.494807287703125
CN(C)C(=N)CO,CN(C)C(=N)CO,-1602.42,CN(C(=N)CO)C,AD{A}A{~D}AB,67.00949012937016
C=C(C)C(=C)C#N,C=C(C)C(=C)C#N,-1351.51,C(=C)(C(C#N)=C)C,A~A{A}A{~A}A^D,52.969582344778196
O=S1(=O)C=CC=N1,O=S1(=O)C=CC=N1,-1239.32,C1=CS(=O)(=O)N=C1,B~Er{~B}A~AA~Dr,46.69188414879807
CC1(O)CCC1,CC1(O)CCC1,-1553.16,C1C(C)(O)CC1,AAr{B}AAAr,64.25309995971173
C=CC(=O)C1CN1,C=CC(=O)C1CN1,-1441.36,N1C(C(C=C)=O)C1,A~AA{~B}ArADr,57.997224584806844
CC(N)C(N)CO,CC(N)C(N)CO,-1738.8,C(CO)(N)C(N)C,AA{D}A{D}AB,74.6407627915305
NC1CCC1O,NC1CCC1O,-1421.68,NC1C(O)CC1,DArAAArB,56.89601145977887
CC1CCOCO1,CC1CCOCO1,-1661.64,C1C(C)OCOC1,AArAABABr,70.32320157571961
[CH2]C([C]C)CCC,[CH2]C([C]C)CCC,-1415.77,C(CC)C([C]C)[CH2],{AQs}A{{A}A}AAA,56.56531178656162
CCC1C=NN=C1,CCC1C=NN=C1,-1549.35,C(C)C1C=NN=C1,AAArA~DD~Ar,64.03990778459196
C=CC1CCO1,C=CC1CCO1,-1401.67,C1C(C=C)OC1,A~AArAABr,55.77633287076414
O=CN1C=NCC1,O=CN1C=NCC1,-1329.0,N1(C=O)CCN=C1,B~ADrA~DAAr,51.710013877075966
CC1CN(C)C1,CC1CN(C)C1,-1608.8,C1(C)CN(C)C1,AArAD{A}Ar,67.36648909978065
CCC#CC#N,CCC#CC#N,-1198.02,C(C#CC#N)C,AAA^AA^D,44.380903352880615
Cc1[nH]ccc1N,Cc1[nH]ccc1N,-1524.55,c1(C)[nH]ccc1N,Aar{dQ}aaarD,62.652200188012
CC=CN(O)C=O,CC=CN(O)C=O,-1381.59,C(C)=CN(O)C=O,AA~AD{B}A~B,54.65273736514615
C=C(CO)COC,C=C(CO)COC,-1639.64,C(=C)(CO)COC,A~A{AB}ABA,69.09217064326964
[CH2][N]NCC=C,[CH2][N]NCC=C,-1332.39,[N]([CH2])NCC=C,{AQs}{D}DAA~A,51.899704552576225
O=CCC1CN1,O=CCC1CN1,-1285.83,C1NC1CC=O,B~AAArADr,49.294395451900265
C=CCC[CH][N]N,C=CCC[CH][N]N,-1635.57,N[N][CH]CCC=C,A~AAA{AQ}{D}D,68.86442992076638
CC1OCC1(C)N,CC1OCC1(C)N,-1716.3,C1(C)(N)COC1C,AArBAAr{A}D,73.38175388334304
CCC(C#N)OC,CCC(C#N)OC,-1590.5,O(C(CC)C#N)C,AAA{A^D}BA,66.34249518778817
C#CC1COC1=O,C#CC1COC1=O,-1237.66,C1C(C#C)C(=O)O1,A^AArABAr~B,46.59899726934958
C=C(C)C1CC1N,C=C(C)C1CC1N,-1913.58,C1(N)CC1C(C)=C,A~A{A}ArAArD,84.4207439903308
CNCC=CC#N,CNCC=CC#N,-1524.15,N#CC=CCNC,ADAA~AA^D,62.629817807422
OCC1=NN=CC1,OCC1=NN=CC1,-1376.46,N1=C(CO)CC=N1,BAAr~DD~AAr,54.365683334079414
COCC1CC1C,COCC1CC1C,-1837.51,C1C(COC)C1C,ABAArAArA,80.16417476162765
CC1(N)CC1(C)O,CC1(N)CC1(C)O,-1721.0,C1(C)(O)CC1(N)C,AAr{D}AAr{A}B,73.64474685527553
C=C1C=C(C)OC1,C=C1C=C(C)OC1,-1590.27,C1(=C)C=C(C)OC1,A~ArA~A{A}BAr,66.32962531894891
C1NCC2NCC12,C1NCC2NCC12,-1611.63,C1C2NCC2CN1,ArDAAsDAArs,67.5248444424549
C=C(C)OC,C=C(C)OC,-1251.26,COC(C)=C,A~A{A}BA,47.359998209409554
C#CC(=C)CO,C#CC(=C)CO,-1251.81,OCC(=C)C#C,A^AA{~A}AB,47.3907739827208
O=COC1CC1,O=COC1CC1,-1230.4,C1(OC=O)CC1,B~ABArAAr,46.19275706164109
C=CC1CO1,C=CC1CO1,-1100.59,C1C(C=C)O1,A~AArABr,38.929115000671466
CC1CCN2CC12,CC1CCN2CC12,-1139.22,N12CCC(C)C1C2,AArAADsAArs,41.09069340615068
CC1C=CCC1N,CC1C=CCC1N,-1430.64,C1(C)C=CCC1N,AArA~AAArD,57.39737678499487
COCCCC#N,COCCCC#N,-1594.02,C(COC)CC#N,ABAAAA^D,66.53946013698017
[NH]C1=C[CH]NC1=O,[NH]C1=C[CH]NC1=O,-1227.75,C1=C([NH])C(=O)N[CH]1,{DQ}Ar~A{AQ}DAr~B,46.04447379023233
O=C1CCC2CN12,O=C1CCC2CN12,-1588.07,C1C2N1C(=O)CC2,B~ArAAAsADrs,66.20652222570394
C=CC1CC(N)C1,C=CC1CC(N)C1,-1768.81,NC1CC(C=C)C1,A~AArAA{D}Ar,76.32000089529521
CC(N)C1OC1C,CC(N)C1OC1C,-1717.09,O1C(C(C)N)C1C,AA{D}ArBArA,73.42595908500829
CC1OCC2OC12,CC1OCC2OC12,-1510.24,C1(C)C2C(CO1)O2,AArBAAsBArs,61.851470522404774
C=CC(O)C#CC,C=CC(O)C#CC,-1551.17,C(C(O)C#CC)=C,A~AA{B}A^AA,64.14174761627648
C=CCC(=N)NC,C=CCC(=N)NC,-1662.51,N(C)C(=N)CC=C,A~AAA{~D}DA,70.37188325350286
O=CCC1CO1,O=CCC1CO1,-1213.94,C(C=O)C1CO1,B~AAArABr,45.271722100362595
C=CCC1OC1C,C=CCC1OC1C,-1698.97,C(CC1OC1C)=C,A~AAArBArA,72.41203724428131
C=C(C)C(C)N,C=C(C)C(C)N,-1624.37,CC(C(N)C)=C,A~A{A}A{A}D,68.23772326424637
CC(N)C(C)CO,CC(N)C(C)CO,-1867.54,C(C(CO)C)(N)C,AA{D}A{A}AB,81.84453198442186
CO[N][CH]CC#N,CO[N][CH]CC#N,-1302.65,C(C#N)[CH][N]OC,AB{D}{AQ}AA^D,50.23557455570975
CC1NC1(C)C,CC1NC1(C)C,-1620.88,N1C(C)(C)C1C,AArDAr{A}A,68.04243699359864
C#CC1OC1C#C,C#CC1OC1C#C,-1237.38,C1(C#C)C(C#C)O1,A^AArBArA^A,46.58332960293658
C1=CC2NC2C1,C1=CC2NC2C1,-1348.1,C1C=CC2NC12,Ar~AAsDAsAr,52.77877255024844
O=C1CC2CN2C1,O=C1CC2CN2C1,-1587.14,N12CC(=O)CC1C2,B~ArAAsADsAr,66.1544831908322
CC1CCC2CN12,CC1CCC2CN12,-1723.31,C1CC(C)N2CC12,AArAAAsADrs,73.77400510318276
CC(=CCO)CN,CC(=CCO)CN,-1720.81,OCC=C(CN)C,AA{~AAB}AD,73.63411522449526
CC=C1CC=CC1,CC=C1CC=CC1,-1783.61,C1=CCC(=CC)C1,AA~ArAA~AAr,77.14814897712522
C=CC(=CC)OC,C=CC(=CC)OC,-1703.97,C(=CC)(C=C)OC,A~AA{~AA}BA,72.6918170016563
C#CCC(=C)CO,C#CCC(=C)CO,-1546.75,C=C(CO)CC#C,A^AAA{~A}AB,63.894422310756966
CC#CCC(C)C,CC#CCC(C)C,-1898.91,C(CC(C)C)#CC,AA^AAA{A}A,83.5998701821926
C#CC#CC(N)=O,C#CC#CC(N)=O,-1460.2,C(C(N)=O)#CC#C,A^AA^AA{D}~B,59.05143471059583
CC1CCC2OC12,CC1CCC2OC12,-1714.78,C1CC2C(C1C)O2,AArAAAsBArs,73.29670083710104
[CH2]C(C)=C[N]O,[CH2]C(C)=C[N]O,-1267.53,C([CH2])(C)=C[N]O,{AQs}A{A}~A{D}B,48.27040153990779
CC1=NOCCC1,CC1=NOCCC1,-1574.11,N1=C(C)CCCO1,AAr~DBAAAr,65.42537714311294
N#CCC1CNC1,N#CCC1CNC1,-1517.99,C(CC1CNC1)#N,D^AAArADAr,62.28512914633602
C=C(C)OCOC,C=C(C)OCOC,-1642.86,C(=C)(C)OCOC,A~A{A}BABA,69.27234880701911
C#CCC(C)=CC,C#CCC(C)=CC,-1750.1,C(CC(=CC)C)#C,A^AAA{A}~AA,75.27306504319799
CCCC(=O)CC,CCCC(=O)CC,-1869.0,C(C)CC(CC)=O,AAAA{~B}AA,81.92622767357537
CC=CC1COC1,CC=CC1COC1,-1697.39,C(=CC)C1COC1,AA~AArABAr,72.32362684095082
NCC(CO)CO,NCC(CO)CO,-1546.45,OCC(CO)CN,DAA{AB}AB,63.87763552531448
CS(=O)(=O)C=CN,CS(=O)(=O)C=CN,-1283.41,CS(=O)(C=CN)=O,AE{~B}{~B}A~AD,49.15898204933078
C=CCC(=N)NO,C=CCC(=N)NO,-1624.53,N=C(NO)CC=C,A~AAA{~D}DB,68.2466762164824
CCC(C)=NNC,CCC(C)=NNC,-1781.15,C(=NNC)(C)CC,AAA{A}~DDA,77.01049733649671
C#CC(C)=CC,C#CC(C)=CC,-1456.42,C(=C(C)C#C)C,A^AA{A}~AA,58.83992121402033
C=C1COCC1N,C=C1COCC1N,-1587.63,NC1COCC1=C,A~ArABAArD,66.18190160705493
O=CC1C=CCN1,O=CC1C=CCN1,-1348.23,C1=CCNC1C=O,B~AArA~AADr,52.7860468239402
O=C1NCC2OC12,O=C1NCC2OC12,-1491.64,C12OC1CNC2=O,B~ArDAAsBArs,60.810689824969806
CC=CC1OC1C,CC=CC1OC1C,-1700.9,C(=CC1C(C)O1)C,AA~AArBArA,72.52003223062805
N#CC1CC=CO1,N#CC1CC=CO1,-1326.29,C1=COC(C#N)C1,D^AArAA~ABr,51.558373248578725
OCCCCCO,OCCCCCO,-1792.46,C(CCCO)CO,BAAAAAB,77.64335914767895
C=C(C#N)CC,C=C(C#N)CC,-1363.0,C(C(CC)=C)#N,A~A{A^D}AA,53.61251622722593
O=Cc1cnsc1,O=Cc1cnsc1,-1246.35,c1nscc1C=O,B~Aaradear,47.08525448766731
O=CCOC1CC1,O=CCOC1CC1,-1502.52,C(OC1CC1)C=O,B~AABArAAr,61.41949057701777
C=COCC(C)C,C=COCC(C)C,-1846.9,C(OC=C)C(C)C,A~ABAA{A}A,80.68960114597789
C#CC(C=O)=NO,C#CC(C=O)=NO,-1066.53,C(#C)C(C=O)=NO,A^AA{A~B}~DB,37.02325529343301
C1=COCCCC1,C1=COCCCC1,-1719.92,C1=CCCCCO1,Ar~ABAAAAr,73.58431442768253
NCC1=COCO1,NCC1=COCO1,-1386.43,O1C=C(CN)OC1,DAAr~ABABr,54.923564170285154
C=CC=CC1CN1,C=CC=CC1CN1,-1469.95,N1C(C=CC=C)C1,A~AA~AArADr,59.59700523747707
C#CC(C)C=CC,C#CC(C)C=CC,-1747.8,CC=CC(C#C)C,A^AA{A}A~AA,75.1443663548055
CCCC(N)CO,CCCC(N)CO,-1867.38,CCCC(CO)N,AAAA{D}AB,81.83557903218586
C=CCN(N)C=O,C=CCN(N)C=O,-1437.64,O=CN(N)CC=C,A~AAD{D}A~B,57.78906844531986
C#CC=COCC,C#CC=COCC,-1550.61,C(=CC#C)OCC,A^AA~ABAA,64.11041228345047
Cc1ccc(C)o1,Cc1ccc(C)o1,-1607.36,c1c(C)oc(C)c1,Aaraaa{A}br,67.28591252965666
COC1C=CCC1,COC1C=CCC1,-1715.76,C1(OC)CCC=C1,ABArA~AAAr,73.35153766954653
C#CC(=C)C=C,C#CC(=C)C=C,-1312.5,C=CC(C#C)=C,A^AA{~A}A~A,50.786740677738486
NCC=CC1CO1,NCC=CC1CO1,-1565.99,C1(C=CCN)OC1,DAA~AArABr,64.97101481713597
CC(C#N)C=O,CC(C#N)C=O,-1169.74,CC(C=O)C#N,AA{A^D}A~B,42.79846904516765
COc1ccco1,COc1ccco1,-1393.65,o1c(OC)ccc1,ABaraaabr,55.32756613993465
O=C1NC=CC1O,O=C1NC=CC1O,-1362.56,C1(O)C(=O)NC=C1,B~ArDA~AArB,53.58789560857693
C=C(C)C#CCC,C=C(C)C#CCC,-1755.5,CC(C#CCC)=C,A~A{A}A^AAA,75.57522718116299
CC1(C)C=CC=C1,CC1(C)C=CC=C1,-1785.51,C1=CC=CC1(C)C,AAr{A}A~AA~Ar,77.2544652849277
C#CC=CC1CN1,C#CC=CC1CN1,-1770.03,C1NC1C=CC#C,A^AA~AArADr,76.38826715609473
C=CC(C)=CC#N,C=CC(C)=CC#N,-1650.55,C(=C(C=C)C)C#N,A~AA{A}~AA^D,69.70265007386186
C=CCCNCC,C=CCCNCC,-1913.01,C(C=C)CNCC,A~AAADAA,84.38884909799006
COCC(C)=O,COCC(C)=O,-1360.43,O=C(C)COC,ABAA{A}~B,53.46870943193518
NC12CCNC1C2,NC12CCNC1C2,-1657.96,C1CNC2C1(N)C2,DArsAADArAs,70.1172836742916
C#C[CH][N]O,C#C[CH][N]O,-810.17,[N](O)[CH]C#C,A^A{AQ}{D}B,22.6783875733023
CC=C(C)C1CO1,CC=C(C)C1CO1,-1696.4,O1CC1C(C)=CC,AA~A{A}ArABr,72.26823044899056
[CH2][N]NC(=O)CC,[CH2][N]NC(=O)CC,-1472.37,CCC(N[N][CH2])=O,{AQs}{D}DA{~B}AA,59.73241864004654
C#CCOCC=O,C#CCOCC=O,-1345.93,C(C=O)OCC#C,A^AABAA~B,52.6573481355477
C=CNS(C)(=O)=O,C=CNS(C)(=O)=O,-1239.32,N(S(=O)(=O)C)C=C,A~ADE{A}{~B}~B,46.69188414879807
C#CC(O)[CH][N]O,C#CC(O)[CH][N]O,-1427.28,C(C#C)(O)[CH][N]O,A^AA{B}{AQ}{D}B,57.20936478803886
CC1=CCC(=O)C1,CC1=CCC(=O)C1,-1603.82,C1C(=O)CC=C1C,AAr~AAA{~B}Ar,67.08782846143517
C#CCNCC#C,C#CCNCC#C,-1451.93,C(NCC#C)C#C,A^AADAA^A,58.58867899189759
C=Cc1ccoc1,C=Cc1ccoc1,-1458.47,c1c(C=C)coc1,A~Aaraabar,58.95463091454408
CCC(=O)NNC,CCC(=O)NNC,-1605.95,C(NNC)(=O)CC,AAA{~B}DDA,67.20701463807691
C#CC1CC=CO1,C#CC1CC=CO1,-1418.39,C1(C#C)OC=CC1,A^AArAA~ABr,56.71191637942613
COCC=CC#N,COCC=CC#N,-1450.84,C(C#N)=CCOC,ABAA~AA^D,58.52768700478983
C#CCCN(C)C,C#CCCN(C)C,-1750.31,C(N(C)C)CC#C,A^AAAD{A}A,75.28481579300774
OC1C=COCC1,OC1C=COCC1,-1528.17,C1COC=CC1O,BArA~ABAAr,62.854760732351494
CNCC1OC1C,CNCC1OC1C,-1707.74,CC1OC1CNC,ADAArBArA,72.90277093871705
CCCC#CC=O,CCCC#CC=O,-1564.2,C(C=O)#CCCC,AAAA^AA~B,64.87085366399572
C1=COCCNC1,C1=COCCNC1,-1582.5,C1NCC=COC1,Ar~ABAADAr,65.89484757598818
CCC(=O)C(C)C,CCC(=O)C(C)C,-1868.74,C(C(C(C)C)=O)C,AAA{~B}A{A}A,81.91167912619187
CC1C=CC(N)C1,CC1C=CC(N)C1,-1256.69,NC1CC(C)C=C1,AArA~AA{D}Ar,47.6638390259188
CCC(N)C(C)O,CCC(N)C(C)O,-1870.07,C(CC)(N)C(O)C,AAA{D}A{A}B,81.98610054165361
CC(=N)N1CCC1,CC(=N)N1CCC1,-1656.51,C1CN(C(C)=N)C1,AA{~D}DrAAAr,70.03614754465286
C=C(C=O)C=CC,C=C(C=O)C=CC,-1578.73,C=C(C=CC)C=O,A~A{A~B}A~AA,65.68389363892743
NCC=COC=O,NCC=COC=O,-1666.22,O(C=CCN)C=O,DAA~ABA~B,70.5794798334751
Nc1ccoc1N,Nc1ccoc1N,-1345.73,Nc1occc1N,DaraabarD,52.6461569452527
C=COC=C,C=COC=C,-1109.98,O(C=C)C=C,A~ABA~A,39.45454138502171
C1=NN=CCCC1,C1=NN=CCCC1,-1511.47,C1CC=NN=CC1,Ar~DD~AAAAr,61.92029634271903
CC1C=CCCO1,CC1C=CCCO1,-1722.13,O1C(C)C=CCC1,AArA~AAABr,73.70797708044228
CC[CH][N]OC,CC[CH][N]OC,-1400.78,C([CH][N]OC)C,AA{AQ}{D}BA,55.72653207395139
OC1C2N=CNC12,OC1C2N=CNC12,-1223.24,N1=CNC2C(O)C12,BArAsD~ADArs,45.792112449080086
CC(=O)N1CCC1,CC(=O)N1CCC1,-1605.32,C1N(C(=O)C)CC1,AA{~B}DrAAAr,67.17176238864766
CCC(CN)OC,CCC(CN)OC,-1854.36,C(C(OC)CC)N,AAA{AD}BA,81.10703254398138
C#CC1CC1C=O,C#CC1CC1C=O,-1413.02,C1(C#C)C(C=O)C1,A^AArAArA~B,56.411432920005375
C=CC1CNC1,C=CC1CNC1,-1464.04,C1C(C=C)CN1,A~AArADAr,59.26630556425981
O=C1CCCNC1,O=C1CCCNC1,-1217.33,C1NCCCC1=O,B~ArAAADAr,45.46141277586285
C1OCC1C1CN1,C1OCC1C1CN1,-1560.67,C1C(C2NC2)CO1,ArBAArArADr,64.67332915528895
CN[N][CH]C(C)O,CN[N][CH]C(C)O,-1577.14,CC(O)[CH][N]NC,AD{D}{AQ}A{A}B,65.5949236760822
C=CC(=CC)CC,C=CC(=CC)CC,-1909.06,C(=CC)(CC)C=C,A~AA{~AA}AA,84.1678230896638
CCC(O)C1CN1,CCC(O)C1CN1,-1717.66,OC(CC)C1CN1,AAA{B}ArADr,73.45785397734905
CC#CC(C)CC,CC#CC(C)CC,-1897.52,C(C(C)C#CC)C,AA^AA{A}AA,83.52209140964233
CC(C=O)C1CO1,CC(C=O)C1CO1,-1510.13,CC(C1CO1)C=O,AA{A~B}ArABr,61.845315367742515
C=Cc1ccsn1,C=Cc1ccsn1,-1544.22,c1c(C=C)nsc1,A~Aaraaedr,63.75285375352524
CC=CC=CCC,CC=CC=CCC,-1913.22,C(C=CCC)=CC,AA~AA~AAA,84.40059984779981
Cc1ccnnc1,Cc1ccnnc1,-1519.7,c1(C)ccnnc1,Aaraaddar,62.38081382335827
C=CCCCN,C=CCCCN,-1621.73,C(CC=C)CN,A~AAAAD,68.08999955235238
C=C(C)C1CN1C,C=C(C)C1CN1C,-1764.35,C(C1N(C)C1)(=C)C,A~A{A}ArADrA,76.07043735171672
CC(C)[CH][N]O,CC(C)[CH][N]O,-1410.52,[N]([CH]C(C)C)O,AA{A}{AQ}{D}B,56.27154304131788
CC(CC#N)=NO,CC(CC#N)=NO,-1316.78,N(=C(C)CC#N)O,AA{AA^D}~DB,51.026232150051484
C=C1CCC(=O)C1,C=C1CCC(=O)C1,-1599.06,O=C1CC(=C)CC1,A~ArAAA{~B}Ar,66.82147813241416
CNC1CC(N)C1,CNC1CC(N)C1,-1777.57,C1C(N)CC1NC,ADArAA{D}Ar,76.81017503021621
CC1NC1C,CC1NC1C,-1323.74,C1(C)C(C)N1,AArDArA,51.41568557231747
C#CC#C,C#CC#C,-693.01,C(#C)C#C,A^AA^A,16.12258829849143
NC1(CCO)CC1,NC1(CCO)CC1,-1718.31,C(CC1(N)CC1)O,DAr{AAB}AAr,73.49422534580776
CCCC1OC1C,CCCC1OC1C,-1844.68,C1(CCC)C(C)O1,AAAArBArA,80.56537893370341
NCC1CC1O,NCC1CC1O,-1416.38,OC1CC1CN,DAArAArB,56.59944491696138
CCC(C)C,CCC(C)C,-1600.27,CC(C)CC,AAA{A}A,66.8891848336989
CCC1CN1CC,CCC1CN1CC,-1894.87,CCN1C(CC)C1,AAArADrAA,83.37380813823357
C1C2OC2C2CN12,C1C2OC2C2CN12,-1423.93,C12C(CN3CC13)O2,ArAsBAsAsADrs,57.02191235059761
OC1CC=CCC1,OC1CC=CCC1,-1731.4,C1(O)CC=CCC1,BArAA~AAAr,74.22668875061552
C=CN1CCC1=O,C=CN1CCC1=O,-1471.71,N1(C=C)CCC1=O,A~ADrAAAr~B,59.69548771207306
[CH2][N]NC(C)C,[CH2][N]NC(C)C,-1480.12,CC(C)N[N][CH2],{AQs}{D}DA{A}A,60.16607726397778
C=C[C]1C=N[N]O1,C=C[C]1C=N[N]O1,-1178.37,[C]1(C=C)O[N]N=C1,A~A{A}rA~D{D}Br,43.28136890639688
O=C1C=CCNC1,O=C1C=CCNC1,-1231.52,C1=CCNCC1=O,B~ArA~AADAr,46.255427727293075
CC#CC[CH][N]N,CC#CC[CH][N]N,-1482.9,[CH](CC#CC)[N]N,AA^AA{AQ}{D}D,60.3216348090783
CC(=O)N1CC1,CC(=O)N1CC1,-1286.23,O=C(C)N1CC1,AA{~B}DrAAr,49.31677783249027
CC=C(CN)CO,CC=C(CN)CO,-1723.84,C(O)C(CN)=CC,AA~A{AD}AB,73.80366175746452
C=C1NC=NC1C,C=C1NC=NC1C,-1405.81,C1(C)N=CNC1=C,A~ArDA~DArA,56.00799050987063
N#CC1CNC1,N#CC1CNC1,-1221.45,C1NCC1C#N,D^AArADAr,45.69195129593984
N#CC=CC1CN1,N#CC=CC1CN1,-1378.45,C(#N)C=CC1CN1,D^AA~AArADr,54.477035677514664
CCC(=O)C1CC1,CCC(=O)C1CC1,-1725.41,O=C(C1CC1)CC,AAA{~B}ArAAr,73.8915126012803
C=CCN(C)C,C=CCN(C)C,-1610.2,CN(CC=C)C,A~AAD{A}A,67.44482743184567
C=CC#CC,C=CC#CC,-1163.19,CC#CC=C,A~AA^AA,42.43195756300641
C=CC1=CCNC1,C=CC1=CCNC1,-1791.98,C1(C=C)=CCNC1,A~AAr~AADAr,77.61650029097095
N#CC1NCC1=O,N#CC1NCC1=O,-1453.26,N1CC(=O)C1C#N,D^AArDAAr~B,58.66310040735934
C1OCC2NC12,C1OCC2NC12,-1280.77,C12C(N1)COC2,ArBAAsDArs,49.01125833743677
O=CC1CCC1,O=CC1CCC1,-1416.89,C1CCC1C=O,B~AArAAAr,56.62798245221363
CC1CCC(N)C1,CC1CCC(N)C1,-1707.17,C1CC(N)CC1C,AArAAA{D}Ar,72.8708760463763
C=CC1C(C)C1O,C=CC1C(C)C1O,-1699.28,C1(C=C)C(O)C1C,A~AArA{A}ArB,72.42938358923857
C#CC(=O)N1CC1,C#CC(=O)N1CC1,-1549.69,C(C#C)(N1CC1)=O,A^AA{~B}DrAAr,64.05893280809347
COc1cn[nH]c1,COc1cn[nH]c1,-1338.4,c1(OC)c[nH]nc1,ABarad{dQ}ar,52.23599982094097
CCC(O)COC,CCC(O)COC,-1787.98,C(C(O)COC)C,AAA{B}ABA,77.39267648507095
C1CC1C1CO1,C1CC1C1CO1,-1396.44,C1(C2CC2)OC1,ArAArArABr,55.483683244549894
COC(=N)N(C)C,COC(=N)N(C)C,-1601.04,COC(N(C)C)=N,ABA{~D}D{A}A,66.93227091633466
CC1(C)C=NN=C1,CC1(C)C=NN=C1,-1660.1,C1=NN=CC1(C)C,AAr{A}A~DD~Ar,70.23702941044809
C=COC1CC1,C=COC1CC1,-1399.39,C1C(OC=C)C1,A~ABArAAr,55.64875330140115
O=C1CC2CC1N2,O=C1CC2CC1N2,-1583.85,C12CC(CC1=O)N2,B~ArAAsAArDs,65.97038811047943
CC1(C2CO2)CC1,CC1(C2CO2)CC1,-1693.59,C1C(C2CO2)(C)C1,AAr{AsABs}AAr,72.1109942253458
OC12CNC(C1)C2,OC12CNC(C1)C2,-1446.35,C1C2CC1(O)CN2,BArsADA{Ar}As,58.27644478266708
CCC(C)CC,CCC(C)CC,-1894.91,C(C(CC)C)C,AAA{A}AA,83.3760463762926
CC(C#N)NC=O,CC(C#N)NC=O,-1356.95,N(C(C#N)C)C=O,AA{A^D}DA~B,53.27398272080219
C#CC1(C)CCN1,C#CC1(C)CCN1,-1411.7,C1NC(C)(C#C)C1,A^AAr{A}AADr,56.33757106405837
[CH2]C(C)=C[N]NC,[CH2]C(C)=C[N]NC,-1638.11,CN[N]C=C([CH2])C,{AQs}A{A}~A{D}DA,69.00655803751287
CC1N(C)C1(C)C,CC1N(C)C1(C)C,-1754.39,CN1C(C)C1(C)C,AArD{A}Ar{A}A,75.51311607502576
CC#CC(O)CO,CC#CC(O)CO,-1500.81,C(#CC)C(O)CO,AA^AA{B}AB,61.32380589999552
O=CC(O)C1CN1,O=CC(O)C1CN1,-1514.83,C1C(C(O)C=O)N1,B~AA{B}ArADr,62.108308339675006
CCCC1(N)CC1,CCCC1(N)CC1,-1468.38,C1(CCC)(N)CC1,AAAAr{D}AAr,59.50915439366131
ON=C1C=CNC1,ON=C1C=CNC1,-1318.24,N1CC(=NO)C=C1,BD~ArA~ADAr,51.10792783920498
C#CCCNC,C#CCCNC,-1460.05,N(CCC#C)C,A^AAADA,59.043041317874575
COC(C)(C)CN,COC(C)(C)CN,-1855.07,C(C)(CN)(C)OC,ABA{A}{A}AD,81.14676126952864
C#CCC(=O)OC,C#CCC(=O)OC,-1376.32,C(#C)CC(OC)=O,A^AAA{~B}BA,54.357849500872916
CNCC1CCC1,CNCC1CCC1,-1909.13,C1(CNC)CCC1,ADAArAAAr,84.17174000626707
CC1CC=CC1N,CC1CC=CC1N,-1336.97,C1C=CC(N)C1C,AArAA~AArD,52.15598281033171
C#CCC1CCC1,C#CCC1CCC1,-1744.57,C1CCC1CC#C,A^AAArAAAr,74.96362863154125
CCCC1CN1,CCCC1CN1,-1615.87,CCCC1NC1,AAAArADr,67.76209767670888
CCO[CH][N]OC,CCO[CH][N]OC,-1496.89,[CH]([N]OC)OCC,AAB{AQ}{D}BA,61.104458570213545
CC1C(C#N)N1C,CC1C(C#N)N1C,-1405.32,C(#N)C1C(C)N1C,AArA{A^D}DrA,55.980572093647886
C=CC(C=C)=NN,C=CC(C=C)=NN,-1497.53,C(=NN)(C=C)C=C,A~AA{A~A}~DD,61.14027037915754
O[N][CH]CC1CO1,O[N][CH]CC1CO1,-1649.12,C(C1CO1)[CH][N]O,B{D}{AQ}AArABr,69.6226330632526
CC=CC=C(C)C,CC=CC=C(C)C,-1915.63,C(C)(=CC=CC)C,AA~AA~A{A}A,84.53545369085457
CC(C#N)C1CC1,CC(C#N)C1CC1,-1654.27,C(#N)C(C)C1CC1,AA{A^D}ArAAr,69.91080621334885
C1C2OC1C1OC21,C1C2OC1C1OC21,-1325.68,C1C2C3C(O3)C1O2,ArAsBArArBAsr,51.52424011817897
CC12CN=CN1C2,CC12CN=CN1C2,-1520.69,CC12CN1C=NC2,AArsAD~ADrAs,62.4362102153185
CNC(C)C(C)C,CNC(C)C(C)C,-2055.72,CC(C(C)C)NC,ADA{A}A{A}A,92.37432293298714
CCC1CN1C=O,CCC1CN1C=O,-1583.64,O=CN1C(CC)C1,AAArADrA~B,65.9586373606697
CCC1C=CCO1,CCC1C=CCO1,-1719.94,C1C=CC(CC)O1,AAArA~AABr,73.58543354671204
C#CC(=C)OC=C,C#CC(=C)OC=C,-1401.02,C(C#C)(=C)OC=C,A^AA{~A}BA~A,55.73996150230539
C[CH][N]NC1CC1,C[CH][N]NC1CC1,-1631.65,C1C(N[N][CH]C)C1,A{AQ}{D}DArAAr,68.64508259098439
CC(O)C(C)C=O,CC(O)C(C)C=O,-1663.05,C(=O)C(C(O)C)C,AA{B}A{A}A~B,70.40209946729935
COCCC#N,COCCC#N,-1296.55,O(C)CCC#N,ABAAA^D,49.894243251712254
C=CCC(=C)C=O,C=CCC(=C)C=O,-1576.85,C(C(CC=C)=C)=O,A~AAA{~A}A~B,65.57869645015444
CCC1NC1(C)C,CCC1NC1(C)C,-1785.25,C1(CC)NC1(C)C,AAArDAr{A}A,77.2399167375442
C#CCC1CN1C,C#CCC1CN1C,-1605.88,C#CCC1N(C)C1,A^AAArADrA,67.20309772147365
Cn1cccc1N,Cn1cccc1N,-1547.56,c1n(C)c(N)cc1,AdraaaarD,63.93974663145172
C=CCC1CC1O,C=CCC1CC1O,-1700.23,C(C1C(O)C1)C=C,A~AAArAArB,72.48254174313979
[NH]C1=C[CH]CCN1,[NH]C1=C[CH]CCN1,-1544.93,C1NC([NH])=C[CH]C1,{DQ}Ar~A{AQ}AADr,63.792582479072486
NC12COC(C1)C2,NC12COC(C1)C2,-1567.55,O1CC2(N)CC1C2,DArsABA{Ar}As,65.05830610143695
[CH2][N]NC(=O)C=C,[CH2][N]NC(=O)C=C,-1327.09,C=CC(=O)N[N][CH2],{AQs}{D}DA{~B}A~A,51.603138009758716
C=C1C=COC1,C=C1C=COC1,-1287.92,C1=CC(=C)CO1,A~ArA~ABAr,49.411343390483026
C1=CC2CC2CO1,C1=CC2CC2CO1,-1578.53,C1=CC2C(C2)CO1,Ar~AAsAAsABr,65.67270244863245
C=CC(=O)CNC,C=CC(=O)CNC,-1586.38,CNCC(C=C)=O,A~AA{~B}ADA,66.11195666771118
CCC1=NNCC1,CCC1=NNCC1,-1772.84,C1CNN=C1CC,AAAr~DDAAr,76.54550337973947
C=C1COC2CC12,C=C1COC2CC12,-1567.33,C12CC1C(=C)CO2,A~ArABAsAArs,65.04599579211245
O=CN1C=CCO1,O=CN1C=CCO1,-1465.91,C1=CN(C=O)OC1,B~ADrA~AABr,59.37094319351807
C=CC(C)C(=O)O,C=CC(C)C(=O)O,-1541.82,O=C(O)C(C=C)C,A~AA{A}A{~B}B,63.61855946998523
CCc1cnsn1,CCc1cnsn1,-1158.39,C(c1cnsn1)C,AAaradedr,42.16336899592642
C#CC(N)COC,C#CC(N)COC,-1553.07,NC(C#C)COC,A^AA{D}ABA,64.24806392407896
C#CC(N)CO,C#CC(N)CO,-1265.94,C(#C)C(CO)N,A^AA{D}AB,48.18143157706254
CC(C)=CCCN,CC(C)=CCCN,-1660.47,CC(=CCCN)C,AA{A}~AAAD,70.25773311249385
Oc1cccn1O,Oc1cccn1O,-1740.7,c1(O)n(O)ccc1,BaraaadrB,74.74707909933302
C=CC(=CC)CO,C=CC(=CC)CO,-1708.98,C(C)=C(C=C)CO,A~AA{~AA}AB,72.97215631854604
O=CC1=NCCN1,O=CC1=NCCN1,-1236.15,C(=O)C1=NCCN1,B~AAr~DAADr,46.51450378262233
CC(C)(O)C1CN1,CC(C)(O)C1CN1,-1718.74,C1C(C(O)(C)C)N1,AA{A}{B}ArADr,73.51828640494203
CC1(N)CCC1,CC1(N)CCC1,-1622.97,C1CCC1(C)N,AAr{D}AAAr,68.1593849321814
CCC(=N)N(C)O,CCC(=N)N(C)O,-1576.73,C(C(N(C)O)=N)C,AAA{~D}D{A}B,65.57198173597743
CCC#CC(C)C,CCC#CC(C)C,-1897.8,C(#CC(C)C)CC,AAA^AA{A}A,83.53775907605534
CCCC1NC1C,CCCC1NC1C,-1919.7,C1(CCC)C(C)N1,AAAArDArA,84.76319441335782
CC1C=CNC=N1,CC1C=CNC=N1,-1020.97,CC1N=CNC=C1,AArA~ADA~Dr,34.47390214423206
CC(C)NCC#N,CC(C)NCC#N,-1667.3,C(C#N)NC(C)C,AA{A}DAA^D,70.63991226106809
CC1(CN)CCN1,CC1(CN)CCN1,-1566.63,CC1(CN)NCC1,AAr{AD}AADr,65.00682662607996
C[C]1C=C([NH])NC1,C[C]1C=C([NH])NC1,-1788.78,N1C([NH])=C[C](C)C1,A{A}rA~A{{DQ}}DAr,77.43744124625096
CC#CCC(C)N,CC#CCC(C)N,-1921.33,C(C)#CCC(N)C,AA^AAA{A}D,84.85440261426204
CCCNCCO,CCCNCCO,-1860.52,C(CNCCC)O,AAADAAB,81.45172120506737
O=COCC1CN1,O=COCC1CN1,-1403.59,N1CC1COC=O,B~ABAArADr,55.88376829759613
CC1NCC1(C)O,CC1NCC1(C)O,-1718.77,C1(O)(C)C(C)NC1,AArDAAr{A}B,73.51996508348628
CNCCN(C)C,CNCCN(C)C,-1914.18,N(C)(C)CCNC,ADAAD{A}A,84.45431756121583
CC=CCC(N)=O,CC=CCC(N)=O,-1617.73,NC(=O)CC=CC,AA~AAA{D}~B,67.86617574645238
C#CCC(=O)NN,C#CCC(=O)NN,-1163.8,NNC(=O)CC#C,A^AAA{~B}DD,42.46609069340615
C[N][CH]N(C)OC,C[N][CH]N(C)OC,-1557.08,O(N([CH][N]C)C)C,A{D}{AQ}D{A}BA,64.4724472894937
CNC(C)CC=O,CNC(C)CC=O,-1726.23,CC(CC=O)NC,ADA{A}AA~B,73.93739648148977
CCC=COCC,CCC=COCC,-1846.81,C(=CCC)OCC,AAA~ABAA,80.68456511034512
COCC(C)CO,COCC(C)CO,-1786.04,OCC(COC)C,ABAA{A}AB,77.28412193920946
N#CC1(O)CCC1,N#CC1(O)CCC1,-1459.71,C(C1(O)CCC1)#N,D^AAr{B}AAAr,59.02401629437308
C#CC(=O)C#N,C#CC(=O)C#N,-861.3,C#CC(C#N)=O,A^AA{~B}A^D,25.539415372218986
C=CC#CCC#N,C=CC#CCC#N,-1779.66,C(#CCC#N)C=C,A~AA^AAA^D,76.92712296879898
CC#CC(=O)CO,CC#CC(=O)CO,-1369.67,O=C(CO)C#CC,AA^AA{~B}AB,53.98574242356418
CCCO,CCCO,-1104.57,C(CC)O,AAAB,39.151819687541966
C1C2C3CN(C3)C12,C1C2C3CN(C3)C12,-1597.85,C1N2CC1C1CC21,ArAsAtAD{At}Ars,66.75377143112941
[NH][C]1NC=CC1=O,[NH][C]1NC=CC1=O,-1224.18,O=C1C=CN[C]1[NH],{DQ}{A}rDA~AAr~B,45.84471104346659
CC12CCC(C1)C2,CC12CCC(C1)C2,-1914.48,C1C2(C)CCC1C2,AArsAAA{Ar}As,84.47110434665832
[CH2][N][N][CH]OCC,[CH2][N][N][CH]OCC,-1447.75,[N]([N][CH]OCC)[CH2],{AQs}{D}{D}{AQ}BAA,58.35478311473208
CC(C=O)C1CC1,CC(C=O)C1CC1,-1715.01,CC(C1CC1)C=O,AA{A~B}ArAAr,73.3095707059403
O=C1CC2NC2C1,O=C1CC2NC2C1,-1329.63,O=C1CC2C(N2)C1,B~ArAAsDAsAr,51.74526612650523
CCC(=O)C(C)=O,CCC(=O)C(C)=O,-1540.99,O=C(CC)C(C)=O,AAA{~B}A{A}~B,63.57211603026099
C=CC=CCNC,C=CC=CCNC,-1774.15,C(C=C)=CCNC,A~AA~AADA,76.61880567617172
CCC(C)=COC,CCC(C)=COC,-1845.15,C(OC)=C(CC)C,AAA{A}~ABA,80.59167823089665
C=CC(C)(N)CC,C=CC(C)(N)CC,-1919.22,NC(C=C)(C)CC,A~AA{A}{D}AA,84.7363355566498
C1=CCNCC1,C1=CCNCC1,-1496.52,N1CCC=CC1,Ar~AADAAr,61.08375486816777
C=CCOCC,C=CCOCC,-1544.23,O(CC=C)CC,A~AABAA,63.75341331303997
Cc1ccn(O)c1,Cc1ccn(O)c1,-1444.11,Cc1cn(O)cc1,Aaraad{B}ar,58.15110345136309
C=CCCCCC,C=CCCCCC,-2046.72,C(CCCC=C)C,A~AAAAAA,91.87071936971216
C#CCO[N][CH]C,C#CCO[N][CH]C,-1395.04,C[CH][N]OCC#C,A^AAB{D}{AQ}A,55.40534491248489
CCCCN1CC1,CCCCN1CC1,-1906.64,C1CN1CCCC,AAAADrAAr,84.03240968709434
CN1C=NOCC1,CN1C=NOCC1,-1441.53,N1=CN(C)CCO1,ADrA~DBAAr,58.0067370965576
O=CNCC1CN1,O=CNCC1CN1,-1314.01,N(C=O)CC1CN1,B~ADAArADr,50.87123416446573
CC1C=CC=CO1,CC1C=CC=CO1,-1585.2,C1=CC=CC(C)O1,AArA~AA~ABr,66.04592864497069
C=CCC(C)O,C=CCC(C)O,-1554.75,C(CC(O)C)=C,A~AAA{A}B,64.34206992255696
C1CC2CNCC12,C1CC2CNCC12,-1758.41,C12C(CNC1)CC2,ArAAsADAArs,75.73805899995526
N#CC=CC#N,N#CC=CC#N,-967.43,C(#N)C=CC#N,D^AA~AA^D,31.47802050226062
Oc1c[nH]cc1O,Oc1c[nH]cc1O,-1179.55,c1[nH]cc(O)c1O,Bara{dQ}aarB,43.34739692913739
C=CCCC#N,C=CCCC#N,-1360.57,C(C#N)CC=C,A~AAAA^D,53.476543265141686
C#CCC1CCO1,C#CCC1CCO1,-1544.2,C1OC(CC#C)C1,A^AAArAABr,63.75173463449574
C[CH][N][N][CH]C=O,C[CH][N][N][CH]C=O,-1317.55,[N]([N][CH]C)[CH]C=O,A{AQ}{D}{D}{AQ}A~B,51.06931823268723
C#CC#CC=C,C#CC#CC=C,-1149.24,C(#CC=C)C#C,A^AA^AA~A,41.651372039930166
CCC1COC1=O,CCC1COC1=O,-1542.25,C1(CC)COC1=O,AAArABAr~B,63.642620529119476
CN(C)C(=O)C=O,CN(C)C(=O)C=O,-1409.18,C(N(C)C)(C=O)=O,AD{A}A{~B}A~B,56.19656206634138
C#CC(C#N)CO,C#CC(C#N)CO,-1460.63,N#CC(CO)C#C,A^AA{A^D}AB,59.075495769730075
CCC=CC=O,CCC=CC=O,-1427.56,C(CC)=CC=O,AAA~AA~B,57.225032454451856
Nc1cocc1N,Nc1cocc1N,-1343.78,Nc1c(N)coc1,DarabaarD,52.537042839876456
C=CC(N)C(=C)C,C=CC(N)C(=C)C,-1774.92,CC(C(C=C)N)=C,A~AA{D}A{~A}A,76.66189175880747
C=CC1CCC1,C=CC1CCC1,-1600.59,C1CCC1C=C,A~AArAAAr,66.90709073817092
CC([CH][N]N)CO,CC([CH][N]N)CO,-1584.23,C(O)C([CH][N]N)C,AA{{AQ}{D}D}AB,65.99165137203993
CC=CC(=O)NN,CC=CC(=O)NN,-1472.35,NNC(=O)C=CC,AA~AA{~B}DD,59.73129952101705
Cc1oncc1O,Cc1oncc1O,-1260.07,n1cc(O)c(C)o1,AarbdaarB,47.852970141904294
CCC1NCC1C,CCC1NCC1C,-1899.18,C1C(C)C(CC)N1,AAArDAArA,83.61497828909084
C=Cc1cnoc1,C=Cc1cnoc1,-1312.81,c1c(C=C)cno1,A~Aaradbar,50.80408702269574
[HH].[HH]__1,[HH].[HH],-1438.35,[HH].[HH],"{QQ},{QQ}",57.82879717086709
CCN=C(C)NC,CCN=C(C)NC,-1803.75,C(C)(=NCC)NC,AAD~A{A}DA,78.27510183983169
C1=CC2CC(C1)N2,C1=CC2CC(C1)N2,-1638.25,C1=CCC2CC1N2,Ar~AAsAA{Ar}Ds,69.01439187071936
CC#CC#CC,CC#CC#CC,-1312.57,C(C)#CC#CC,AA^AA^AA,50.79065759434174
CC=C(CC)CO,CC=C(CC)CO,-1850.03,OCC(=CC)CC,AA~A{AA}AB,80.86474327409464
NCC1OC1CN,NCC1OC1CN,-1584.35,O1C(CN)C1CN,DAArBArAD,65.99836608621693
CC(O)C1CCN1,CC(O)C1CCN1,-1716.12,C1(C(O)C)CCN1,AA{B}ArAADr,73.37168181207753
C=CCCCOC,C=CCCCOC,-1838.39,COCCCC=C,A~AAAABA,80.21341599892567
C1=NNCCC1,C1=NNCCC1,-1363.99,C1CNN=CC1,Ar~DDAAAr,53.66791261918618
C=C(C)CNCC,C=C(C)CNCC,-1916.03,N(CC(=C)C)CC,A~A{A}ADAA,84.55783607144457
CC1C=NOCC1,CC1C=NOCC1,-1569.8,C1(C)C=NOCC1,AArA~DBAAr,65.1842069922557
CC1CN2CC1C2,CC1CN2CC1C2,-1609.81,N12CC(C1)C(C)C2,AArADsAArAs,67.42300461077039
CC=CN(C)C=N,CC=CN(C)C=N,-1659.99,C(=CC)N(C=N)C,AA~AD{A}A~D,70.23087425578586
OC1C2C=COC12,OC1C2C=COC12,-1370.32,C12OC=CC1C2O,BArAsA~ABArs,54.02211379202292
C#CC(=O)OC,C#CC(=O)OC,-1076.21,C(C(OC)=O)#C,A^AA{~B}BA,37.564908903711
CCCCOC=O,CCCCOC=O,-1676.25,C(OC=O)CCC,AAAABA~B,71.14071802676932
NC1C=CCCC1,NC1C=CCCC1,-1798.47,C1CC=CC(N)C1,DArA~AAAAr,77.9796544160437
CN1CCC2CC21,CN1CCC2CC21,-1775.1,C1C2CCN(C)C12,ADrAAAsAAsr,76.67196383007295
CC1=CCOC1,CC1=CCOC1,-1425.41,C1C(C)=CCO1,AAr~AABAr,57.10472715878062
CN1CC1C(=O)O,CN1CC1C(=O)O,-1406.56,C1C(C(=O)O)N1C,ADrAArA{~B}B,56.04995747347688
C1CN2CC(C2)N1,C1CN2CC(C2)N1,-1639.97,C1N2CC1NCC2,ArADsAA{As}Dr,69.11063610725638
CNCC(=O)CO,CNCC(=O)CO,-1533.46,N(C)CC(=O)CO,ADAA{~B}AB,63.15076771565424
Nc1occc1O,Nc1occc1O,-1275.87,c1coc(N)c1O,DarbaaarB,48.73707417520927
CN1CC(=O)C1,CN1CC(=O)C1,-1286.29,C1C(=O)CN1C,ADrAA{~B}Ar,49.320135189578764
CCC(N)C(=O)O,CCC(N)C(=O)O,-1562.46,C(C)C(C(O)=O)N,AAA{D}A{~B}B,64.7734903084292
C#CCC1CC1O,C#CCC1CC1O,-1542.95,C(C#C)C1C(O)C1,A^AAArAArB,63.68178969515199
C=CC(N)C(N)=O,C=CC(N)C(N)=O,-1486.41,O=C(N)C(N)C=C,A~AA{D}A{D}~B,60.51804019875555
C1CC2NCC2N1,C1CC2NCC2N1,-1603.13,C12C(NC1)CCN2,ArAAsDAAsDr,67.04921885491741
C=C(C)CNC=O,C=C(C)CNC=O,-1607.6,C(=O)NCC(C)=C,A~A{A}ADA~B,67.29934195801064
C=CC(O)CC=O,C=CC(O)CC=O,-1517.69,C(C=C)(O)CC=O,A~AA{B}AA~B,62.268342360893506
OCC1(CO)CC1,OCC1(CO)CC1,-1646.55,C(C1(CO)CC1)O,BAAr{AB}AAr,69.47882626796186
CCC(CC)CC,CCC(CC)CC,-1515.56,C(C(CC)CC)C,AAA{AA}AA,62.14915618425175
C1=CNC=NC1,C1=CNC=NC1,-1242.67,C1=NCC=CN1,Ar~ADA~DAr,46.879336586239326
N#CC=CCO,N#CC=CCO,-1162.12,C(=CCO)C#N,D^AA~AAB,42.37208469492815
C#CCC=C,C#CCC=C,-1153.43,C(=C)CC#C,A^AAA~A,41.885827476610416
C[C]C(C)(C)CC,C[C]C(C)(C)CC,-1417.61,C(C([C]C)(C)C)C,A{A}A{A}{A}AA,56.66827073727561
OC1C2CCNC12,OC1C2CCNC12,-1444.57,C12C(NCC1)C2O,BArAsAADArs,58.17684318904159
CCC,CCC,-1008.49,C(C)C,AAA,33.77557186982408
O=C1NC2CC2N1,O=C1NC2CC2N1,-1555.4,O=C1NC2C(N1)C2,B~ArDAsAAsDr,64.37844129101572
CCC#CC(C)=O,CCC#CC(C)=O,-1571.23,CCC#CC(=O)C,AAA^AA{A}~B,65.26422400286494
C=CCCC,C=CCCC,-1455.34,C(CC=C)C,A~AAAA,58.77948878642733
CN1CC(O)C=N1,CN1CC(O)C=N1,-1455.5,C1(O)C=NN(C)C1,ADrAA{B}A~Dr,58.78844173866332
CC1COCC1=O,CC1COCC1=O,-1535.24,C1OCC(C)C1=O,AArABAAr~B,63.25036930927975
CCCC1CCN1,CCCC1CCN1,-1768.67,C1C(CCC)NC1,AAAArAADr,76.31216706208873
C=C1CNCC1N,C=C1CNCC1N,-1660.25,C=C1C(N)CNC1,A~ArADAArD,70.24542280316935
C#CC1CC1C#N,C#CC1CC1C#N,-1910.78,N#CC1C(C#C)C1,A^AArAArA^D,84.26406732620082
CC1=CN[C]([NH])O1,CC1=CN[C]([NH])O1,-1352.29,[NH][C]1NC=C(C)O1,AAr~AD{A}{{DQ}}Br,53.01322798692869
CCCC(C)C=O,CCCC(C)C=O,-1861.52,C(CC)C(C=O)C,AAAA{A}A~B,81.50767715654237
CCC1(OC)CC1,CCC1(OC)CC1,-1836.81,COC1(CC)CC1,AAAr{BA}AAr,80.12500559559514
C1=CCC2CC2C1,C1=CCC2CC2C1,-1933.61,C1C2CC2CC=C1,Ar~AAAsAAsAr,85.54154169837504
C=CCOCCC,C=CCOCCC,-1839.91,C(C=C)OCCC,A~AABAAA,80.29846904516766
C#CC#CCCN,C#CC#CCCN,-1459.28,C(CN)C#CC#C,A^AA^AAAD,58.99995523523883
OCc1cnoc1,OCc1cnoc1,-1278.92,o1cc(CO)cn1,BAaradbar,48.90773982720803
C#CC1CC1O,C#CC1CC1O,-1250.37,OC1CC1C#C,A^AArAArB,47.3101974125968
COC(C)C1CN1,COC(C)C1CN1,-1704.84,C(C)(OC)C1CN1,ABA{A}ArADr,72.74049867943955
C=CC1C(N)C1O,C=CC1C(N)C1O,-1572.1,C(=C)C1C(O)C1N,A~AArA{D}ArB,65.31290568064819
CCCCC,CCCCC,-1600.11,C(CC)CC,AAAAA,66.88023188146292
C#CC(=C)C1CO1,C#CC(=C)C1CO1,-1393.8,C1OC1C(=C)C#C,A^AA{~A}ArABr,55.3359595326559
C#CC(C=O)CC,C#CC(C=O)CC,-1558.94,C#CC(CC)C=O,A^AA{A~B}AA,64.57652535923721
NCC(O)C1CC1,NCC(O)C1CC1,-1588.03,C1C(C(O)CN)C1,DAA{B}ArAAr,66.20428398764494
O=CCCNC=O,O=CCCNC=O,-1409.01,C(CCNC=O)=O,B~AAADA~B,56.18704955459063
C=CCC(=C)CO,C=CCC(=C)CO,-1703.41,C(CC(CO)=C)=C,A~AAA{~A}AB,72.66048166883031
CC(C)CNC=O,CC(C)CNC=O,-1751.84,CC(CNC=O)C,AA{A}ADA~B,75.3704283987645
CC1CN1C1CC1,CC1CN1C1CC1,-1606.3,C1C(N2CC2C)C1,AArADrArAAr,67.22659922109315
N#CC=CC1CC1,N#CC=CC1CC1,-1511.72,C(=CC1CC1)C#N,D^AA~AArAAr,61.93428533058778
CCC(C)CN,CCC(C)CN,-1765.71,CCC(CN)C,AAA{A}AD,76.14653744572273
[CH2][N]OCC=C,[CH2][N]OCC=C,-1251.48,C=CCO[N][CH2],{AQs}{D}BAA~A,47.37230851873406
C#CCNCCN,C#CCNCCN,-1625.21,C(C#C)NCCN,A^AADAAD,68.28472626348538
C=CC(C)[CH][N]O,C=CC(C)[CH][N]O,-1559.93,O[N][CH]C(C=C)C,A~AA{A}{AQ}{D}B,64.63192175119747
NC1COCC1N,NC1COCC1N,-1603.15,C1C(N)C(N)CO1,DArABAArD,67.05033797394691
CC1(C)CC=NN1,CC1(C)CC=NN1,-1574.02,C1=NNC(C)(C)C1,AAr{A}AA~DDr,65.42034110748018
Cc1nsnc1C,Cc1nsnc1C,-1375.77,n1snc(C)c1C,AardedarA,54.32707372756167
CC(C)C1CC1N,CC(C)C1CC1N,-1614.04,C1(C(C)C)C(N)C1,AA{A}ArAArD,67.65969828550965
C=CCC1CCN1,C=CCC1CCN1,-1914.57,C1C(CC=C)NC1,A~AAArAADr,84.47614038229106
C=C1CCNCC1,C=C1CCNCC1,-1362.52,C1NCCC(=C)C1,A~ArAADAAr,53.58565737051793
CCCCC(=O)O,CCCCC(=O)O,-1686.25,O=C(CCCC)O,AAAAA{~B}B,71.70027754151931
CC1OCC1(C)O,CC1OCC1(C)O,-1650.82,OC1(C)C(C)OC1,AArBAAr{A}B,69.71775818076011
C#CC(=N)NOC,C#CC(=N)NOC,-1264.86,CONC(=N)C#C,A^AA{~D}DBA,48.12099914946953
[CH2][N]NC(C)CO,[CH2][N]NC(C)CO,-1577.79,C(C(N[N][CH2])C)O,{AQs}{D}DA{A}AB,65.63129504454093
CC1C=CCCN1,CC1C=CCCN1,-1545.88,C1CNC(C)C=C1,AArA~AAADr,63.84574063297373
N#CCC#CCO,N#CCC#CCO,-1459.03,C(CO)#CCC#N,D^AAA^AAB,58.98596624737008
CN(C)CCCN,CN(C)CCCN,-1920.96,C(CN(C)C)CN,AD{A}AAAD,84.8336989122163
C=CC(C)=CC=O,C=CC(C)=CC=O,-1582.93,C(=O)C=C(C=C)C,A~AA{A}~AA~B,65.91890863512245
C=C1COCC1=O,C=C1COCC1=O,-1392.04,O1CC(=C)C(=O)C1,A~ArABAAr~B,55.2374770580599
C=C1CCC2CC12,C=C1CCC2CC12,-1771.85,C1(=C)C2CC2CC1,A~ArAAAsAArs,76.49010698777921
CN=C(C)NC,CN=C(C)NC,-1503.06,N(C)=C(NC)C,AD~A{A}DA,61.44970679081427
C1=COC2CC2O1,C1=COC2CC2O1,-1311.19,O1C=COC2C1C2,Ar~ABAsAAsBr,50.71343838130624
CC=C(CC)CC,CC=C(CC)CC,-2049.81,CCC(=CC)CC,AA~A{AA}AA,92.0436232597699
CCC#CCCC,CCC#CCCC,-1897.65,C(CCC)#CCC,AAA^AAAA,83.52936568333408
C=CCNC(N)=S,C=CCNC(N)=S,-1296.13,S=C(NCC=C)N,A~AADA{D}~E,49.87074175209276
C#CC(=N)NC=O,C#CC(=N)NC=O,-1344.27,O=CNC(=N)C#C,A^AA{~D}DA~B,52.5644612560992
C=C(CC)C(=O)O,C=C(CC)C(=O)O,-1543.15,C(C)C(C(O)=O)=C,A~A{AA}A{~B}B,63.69298088544698
NC12CCCC1C2,NC12CCCC1C2,-1791.1,C1C2(N)C(CC1)C2,DArsAAAArAs,77.56725905367294
C=CCOC1CC1,C=CCOC1CC1,-1690.93,C(COC1CC1)=C,A~AABArAAr,71.96215139442232
CC1C2CC=NN12,CC1C2CC=NN12,-1505.88,N12C(C)C1CC=N2,AArAsAA~DDrs,61.60750257397377
NC1C2C=NOC12,NC1C2C=NOC12,-1296.11,N1=CC2C(O1)C2N,DArAsA~DBArs,49.869622633063244
C#CC1CCCC1,C#CC1CCCC1,-1764.64,C1C(C#C)CCC1,A^AArAAAAr,76.0866645776445
OC1(C2CC2)CC1,OC1(C2CC2)CC1,-1697.1,C1(O)(C2CC2)CC1,BAr{AsAAs}AAr,72.30739961502304
C#CCC1CN1,C#CCC1CN1,-1314.5,N1C(CC#C)C1,A^AAArADr,50.898652580688484
CN1CC(C)(O)C1,CN1CC(C)(O)C1,-1711.1,CC1(O)CN(C)C1,ADrAA{A}{B}Ar,73.09078293567303
C#C[CH][N]OCC,C#C[CH][N]OCC,-1396.15,C(#C)[CH][N]OCC,A^A{AQ}{D}BAA,55.46745601862215
C#CC(N)=CC=O,C#CC(N)=CC=O,-1560.72,NC(C#C)=CC=O,A^AA{D}~AA~B,64.67612695286272
C=C(C=O)CNC,C=C(C=O)CNC,-1586.31,CNCC(C=O)=C,A~A{A~B}ADA,66.10803975110792
Cn1cccc1O,Cn1cccc1O,-1476.14,c1n(C)c(O)cc1,AdraaaarB,59.94337257710732
CN1C2C=CC1C2,CN1C2C=CC1C2,-1612.35,C1C2N(C)C1C=C2,ADrAsA~AArAs,67.5651327275169
C#CC(=O)CC=O,C#CC(=O)CC=O,-1229.19,O=CCC(=O)C#C,A^AA{~B}AA~B,46.12505036035633
N#CC1C=CCC1,N#CC1C=CCC1,-1532.72,C1=CC(C#N)CC1,D^AArA~AAAr,63.10936031156275
CC1COC=NN1,CC1COC=NN1,-1463.01,C1OC=NNC1C,AArABA~DDr,59.20867093424058
CC1CNC1=O,CC1CNC1=O,-1315.29,N1C(=O)C(C)C1,AArADAr~B,50.942857782353734
CCCCC#N,CCCCC#N,-1506.3,C(#N)CCCC,AAAAA^D,61.631004073593274
[CH2]C(C#N)=C[N]O,[CH2]C(C#N)=C[N]O,-1315.13,N#CC(=C[N]O)[CH2],{AQs}A{A^D}~A{D}B,50.93390483011774
C=C(C)S(C)(=O)=O,C=C(C)S(C)(=O)=O,-1296.14,O=S(=O)(C(=C)C)C,A~A{A}E{A}{~B}~B,49.87130131160751
CC#CC(=N)NO,CC#CC(=N)NO,-1282.56,N(O)C(C#CC)=N,AA^AA{~D}DB,49.11141949057702
C1=NNC2CC1C2,C1=NNC2CC1C2,-1505.25,C12C=NNC(C1)C2,Ar~DDAsAArAs,61.57225032454451
CC=C(C)C#N,CC=C(C)C#N,-1365.77,CC(C#N)=CC,AA~A{A}A^D,53.767514212811676
CCOC(=O)CC,CCOC(=O)CC,-1683.49,CCOC(CC)=O,AABA{~B}AA,71.54583911544833
CC=CCCC=O,CC=CCCC=O,-1719.92,C(C=CC)CC=O,AA~AAAA~B,73.58431442768253
C=CC(O)C=CC,C=CC(O)C=CC,-1705.55,C=CC(C=CC)O,A~AA{B}A~AA,72.7802274049868
C=CCC(C)=CC,C=CCC(C)=CC,-1906.2,C(=C(CC=C)C)C,A~AAA{A}~AA,84.00778906844535
NC1COC1,NC1COC1,-1118.32,C1OCC1N,DArABAr,39.921214020323205
CC1=C(C)CCC1,CC1=C(C)CCC1,-1929.37,C1C(C)=C(C)CC1,AAr~A{A}AAAr,85.30428846412103
[CH2][N]N1C(C)C1C,[CH2][N]N1C(C)C1C,-1356.65,C1(C)C(C)N1[N][CH2],{AQs}{D}DrA{A}ArA,53.2571959353597
C=CN(C)C=N,C=CN(C)C=N,-1362.85,C(N(C)C=C)=N,A~AD{A}A~D,53.60412283450467
CC(C)C=O,CC(C)C=O,-1270.06,C(=O)C(C)C,AA{A}A~B,48.41197009713954
Cc1cc[nH]n1,Cc1cc[nH]n1,-1255.94,n1[nH]ccc1C,Aaraa{dQ}dr,47.62187206231255
CNCC1CN1C,CNCC1CN1C,-1772.08,C1N(C)C1CNC,ADAArADrA,76.50297685661846
C#CCC#CCC,C#CCC#CCC,-1583.42,C(#C)CC#CCC,A^AAA^AAA,65.94632705134518
CCN(C=O)C=O,CCN(C=O)C=O,-1430.49,O=CN(C=O)CC,AAD{A~B}A~B,57.388983392273616
Cc1cc(N)c[nH]1,Cc1cc(N)c[nH]1,-1517.5,Nc1cc(C)[nH]c1,Aaraa{D}a{dQ}r,62.25771073011325
C=CC1(O)CNC1,C=CC1(O)CNC1,-1762.76,C(C1(O)CNC1)=C,A~AAr{B}ADAr,75.98146738887148
N#CC#CCC#N,N#CC#CCC#N,-1093.99,C(#CCC#N)C#N,D^AA^AAA^D,38.55980572093648
CC=CC(C)(C)O,CC=CC(C)(C)O,-1854.7,C(C(O)(C)C)=CC,AA~AA{A}{A}B,81.1260575674829
CNCC(O)C#N,CNCC(O)C#N,-1466.67,C(CNC)(O)C#N,ADAA{B}A^D,59.413469716639064
CC12CC=NN1C2,CC12CC=NN1C2,-1506.19,N12C(C)(C1)CC=N2,AArsAA~DDrAs,61.62484891893102
C[N][CH]NCC=O,C[N][CH]NCC=O,-1470.4,O=CCN[CH][N]C,A{D}{AQ}DAA~B,59.622185415640814
C#Cc1nncs1,C#Cc1nncs1,-1446.62,n1csc(C#C)n1,A^Aarddaer,58.291552889565324
C=CC(C)OCC,C=CC(C)OCC,-1842.96,CCOC(C)C=C,A~AA{A}BAA,80.4691346971664
N#CCC1CO1,N#CCC1CO1,-1152.1,C1(CC#N)OC1,D^AAArABr,41.81140606114866
C#CC1OC1CO,C#CC1OC1CO,-1339.64,OCC1C(C#C)O1,A^AArBArAB,52.30538520076996
N#CC#CCO,N#CC#CCO,-992.26,C(O)C#CC#N,D^AA^AAB,32.86740677738484
CC1CC1C=O,CC1CC1C=O,-1418.62,C1(C=O)CC1C,AArAArA~B,56.72478624826536
O=C1CC=NNC1,O=C1CC=NNC1,-1422.32,C1=NNCC(=O)C1,B~ArAA~DDAr,56.931823268722866
C1CCCC1,C1CCCC1,-1472.6,C1CCCC1,ArAAAAr,59.7452885088858
C#CC(N)CC=C,C#CC(N)CC=C,-1615.99,C(C(C#C)N)C=C,A^AA{D}AA~A,67.76881239088591
CCC1(CC)CO1,CCC1(CC)CO1,-1844.46,C(C1(CC)CO1)C,AAAr{AA}ABr,80.5530686243789
C#CC(O)CNC,C#CC(O)CNC,-1558.01,CNCC(O)C#C,A^AA{B}ADA,64.52448632436547
C=C1C=CC(=C)C1,C=C1C=CC(=C)C1,-1650.42,C1(=C)C=CC(=C)C1,A~ArA~AA{~A}Ar,69.69537580017011
C=CC(C#N)C=O,C=CC(C#N)C=O,-1318.51,C(C(C=C)C=O)#N,A~AA{A^D}A~B,51.12303594610323
CCN(C)CCN,CCN(C)CCN,-1920.21,C(N(C)CC)CN,AAD{A}AAD,84.79173194861006
Oc1ccco1,Oc1ccco1,-1108.37,o1c(O)ccc1,Baraaabr,39.364452303146955
C=C(C=O)C1CO1,C=C(C=O)C1CO1,-1368.06,C1(C(=C)C=O)CO1,A~A{A~B}ArABr,53.895653341689425
C=CC(C)C(C)C,C=CC(C)C(C)C,-2046.1,C(C(C(C)C)C)=C,A~AA{A}A{A}A,91.83602667979765
OC1C=NOCC1,OC1C=NOCC1,-1437.87,C1C(O)C=NOC1,BArA~DBAAr,57.80193831415908
C=C1CNCC1C,C=C1CNCC1C,-1783.16,C1(C)CNCC1=C,A~ArADAArA,77.12296879896148
CC(=NO)C1CO1,CC(=NO)C1CO1,-1353.27,ON=C(C)C1CO1,AA{~DB}ArABr,53.06806481937419
CC(C)C[CH][N]O,CC(C)C[CH][N]O,-1706.45,C(C)(C)C[CH][N]O,AA{A}A{AQ}{D}B,72.8305877613143
CC1C=CN[C]1[NH],CC1C=CN[C]1[NH],-1000.01,N1[C]([NH])C(C)C=C1,AArA~AD{A}r{DQ},33.30106540131609
N#CCNCC#N,N#CCNCC#N,-1269.63,N(CC#N)CC#N,D^AADAA^D,48.38790903800529
C#CC(C)C1CC1,C#CC(C)C1CC1,-1743.65,C1CC1C(C#C)C,A^AA{A}ArAAr,74.91214915618426
C[CH][N]NCC#N,C[CH][N]NCC#N,-1384.38,[CH]([N]NCC#N)C,A{AQ}{D}DAA^D,54.808854469761414
C#CC#N,C#CC#N,-596.35,C(C#N)#C,A^AA^D,10.713886028918038
C=CC(=O)N(C)O,C=CC(=O)N(C)O,-1375.66,C=CC(=O)N(O)C,A~AA{~B}D{A}B,54.32091857289942
C=CCCC1CN1,C=CCCC1CN1,-1628.17,N1C(CCC=C)C1,A~AAAArADr,68.45035587985139
CC=C(C)CCO,CC=C(C)CCO,-1851.93,C(=C(CCO)C)C,AA~A{A}AAB,80.97105958189715
C1CNC2CC2N1,C1CNC2CC2N1,-1648.88,C12NCCNC1C2,ArADAsAAsDr,69.6092036348986
C#CC=CC,C#CC=CC,-1158.13,CC=CC#C,A^AA~AA,42.14882044854292
CN(C)CC=O,CN(C)CC=O,-1422.95,CN(CC=O)C,AD{A}AA~B,56.967075518152114
CC#CC1CN1C,CC#CC1CN1C,-1763.88,C(#CC1CN1C)C,AA^AArADrA,76.04413805452349
COC(C)(C)CO,COC(C)(C)CO,-1786.83,O(C)C(C)(C)CO,ABA{A}{A}AB,77.32832714087469
O=C1CCC=NO1,O=C1CCC=NO1,-1323.46,C1(=O)ON=CCC1,B~ArAAA~DBr,51.40001790590448
CNC1C=COC1,CNC1C=COC1,-1584.43,O1C=CC(NC)C1,ADArA~ABAr,66.00284256233495
C=CCCC(C)C,C=CCCC(C)C,-2046.88,C(CCC=C)(C)C,A~AAAA{A}A,91.87967232194816
C#CC(CO)OC,C#CC(CO)OC,-1481.5,COC(CO)C#C,A^AA{AB}BA,60.24329647701329
CN1CCC(O)C1,CN1CCC(O)C1,-1729.98,N1(C)CC(O)CC1,ADrAAA{B}Ar,74.14723129952102
Cc1cc[nH]c1C,Cc1cc[nH]c1C,-1780.77,c1(C)c(C)[nH]cc1,Aaraa{dQ}arA,76.98923407493622
O=CN1CC(=O)C1,O=CN1CC(=O)C1,-1241.96,N1(C=O)CC(=O)C1,B~ADrAA{~B}Ar,46.83960786069207
CC1C=CC(C)O1,CC1C=CC(C)O1,-1723.12,C1=CC(C)OC1C,AArA~AA{A}Br,73.7633734724025
CC(N)(CO)CO,CC(N)(CO)CO,-1668.51,C(O)C(N)(C)CO,AA{D}{AB}AB,70.70761896235285
CC1CCC=NN1,CC1CCC=NN1,-1390.23,N1=CCCC(C)N1,AArAAA~DDr,55.13619678589015
O=C(O)C1CNC1,O=C(O)C1CNC1,-1395.2,C1(C(=O)O)CNC1,B~A{B}ArADAr,55.41429786472089
CC1(C)CC(N)C1,CC1(C)CC(N)C1,-1238.37,NC1CC(C)(C)C1,AAr{A}AA{D}Ar,46.63872599489681
COC=CC1CN1,COC=CC1CN1,-1563.37,C(C1NC1)=COC,ABA~AArADr,64.82441022427145
CCOC(C)=NN,CCOC(C)=NN,-1589.29,NN=C(C)OCC,AABA{A}~DD,66.27478848650343
C#CCC#C,C#CCC#C,-994.68,C(#C)CC#C,A^AAA^A,33.00282017995434
C=C(CO)C(C)N,C=C(CO)C(C)N,-1723.15,CC(C(CO)=C)N,A~A{AB}A{A}D,73.76505215094677
CN1CC2CC2C1,CN1CC2CC2C1,-1774.35,C12CC1CN(C)C2,ADrAAsAAsAr,76.62999686646671
C=C1C=NN=CO1,C=C1C=NN=CO1,-1181.09,N1=CC(=C)OC=N1,A~ArA~DD~ABr,43.433569094408874
N#CC(=O)C1CC1,N#CC(=O)C1CC1,-1182.59,C(C(C1CC1)=O)#N,D^AA{~B}ArAAr,43.51750302162137
NCc1cccs1,NCc1cccs1,-1440.43,c1c(CN)scc1,DAaraaaer,57.945185549935104
CC(=O)C=CCO,CC(=O)C=CCO,-1527.53,C(O)C=CC(C)=O,AA{~B}A~AAB,62.818948923407504
C#CC1CCN1C,C#CC1CCN1C,-1605.09,C1(C#C)N(C)CC1,A^AArAADrA,67.1588925198084
CC#CC=CC#N,CC#CC=CC#N,-1769.32,C(C=CC#CC)#N,AA^AA~AA^D,76.34853843054748
CC(O)(CN)CO,CC(O)(CN)CO,-1668.68,OCC(CN)(O)C,AA{B}{AD}AB,70.7171314741036
C=NNC=CC#N,C=NNC=CC#N,-1254.11,N(N=C)C=CC#N,A~DDA~AA^D,47.51947267111329
NCC1(CO)CC1,NCC1(CO)CC1,-1716.14,C(C1(CN)CC1)O,DAAr{AB}AAr,73.37280093110705
CNc1cnsc1,CNc1cnsc1,-1657.73,c1nscc1NC,ADaradear,70.10441380545234
CC1(N)CC1CN,CC1(N)CC1CN,-1782.73,NC1(C)CC1CN,AAr{D}AArAD,77.09890773982721
NC1CCOC1,NC1CCOC1,-1435.56,C1CC(N)CO1,DArAABAr,57.67268006625184
C#CC=CCC=C,C#CC=CCC=C,-1606.49,C=CCC=CC#C,A^AA~AAA~A,67.23723085187342
CCCC(=O)CO,CCCC(=O)CO,-1670.94,C(CC)C(=O)CO,AAAA{~B}AB,70.84359192443709
CC(C=O)N1CC1,CC(C=O)N1CC1,-1575.89,C(C(N1CC1)C)=O,AA{A~B}DrAAr,65.52497873673846
O=C1CCC1,O=C1CCC1,-1131.38,C1CCC1=O,B~ArAAAr,40.6519987465867
O=Cc1ccon1,O=Cc1ccon1,-1411.89,c1conc1C=O,B~Aaraabdr,56.34820269483863
C=C(C)COCC,C=C(C)COCC,-1843.66,CCOCC(C)=C,A~A{A}ABAA,80.5083038631989
C=CC(=C)C=C,C=CC(=C)C=C,-1465.9,C(=C)C(=C)C=C,A~AA{~A}A~A,59.37038363400332
C=CC(C)O,C=CC(C)O,-1256.77,OC(C=C)C,A~AA{A}B,47.6683155020368
C#CCCCCO,C#CCCCCO,-1692.03,C(C#C)CCCO,A^AAAAAB,72.02370294104482
O=CNCC1CO1,O=CNCC1CO1,-1451.03,C1(CNC=O)CO1,B~ADAArABr,58.53831863557009
NC1C2CNCC12,NC1C2CNCC12,-1651.81,C1NCC2C1C2N,DArAsADAArs,69.77315457272034
C=C(C)C(C)=NO,C=C(C)C(C)=NO,-1566.16,C(C)(=NO)C(=C)C,A~A{A}A{A}~DB,64.98052732888671
CC1C(N)C1CO,CC1C(N)C1CO,-1718.15,CC1C(CO)C1N,AArA{D}ArAB,73.48527239357179
C#CCC(O)C=C,C#CCC(O)C=C,-1548.36,C(=C)C(O)CC#C,A^AAA{B}A~A,63.984511392631724
CC(=O)CC(C)=O,CC(=O)CC(C)=O,-1543.84,C(C(=O)C)C(C)=O,AA{~B}AA{A}~B,63.73159049196473
C=C(C)CCCO,C=C(C)CCCO,-1849.99,OCCCC(=C)C,A~A{A}AAAB,80.86250503603564
CC(O)C(N)CN,CC(O)C(N)CN,-1740.29,C(C(C(C)O)N)N,AA{B}A{D}AD,74.72413715922826
CNCC=C(C)C,CNCC=C(C)C,-1916.01,CC(C)=CCNC,ADAA~A{A}A,84.55671695241506
CNCC(N)CO,CNCC(N)CO,-1730.71,C(C(N)CO)NC,ADAA{D}AB,74.18807914409777
C=Cc1ccns1,C=Cc1ccns1,-1272.7,n1sc(C=C)cc1,A~Aaraader,48.55969380903353
O=CCCCC=O,O=CCCCC=O,-1530.6,C(CC=O)CC=O,B~AAAAA~B,62.99073369443573
Cc1ccc(O)o1,Cc1ccc(O)o1,-1408.88,c1c(C)oc(O)c1,Aaraaa{B}br,56.17977528089889
CNCC1CCO1,CNCC1CCO1,-1710.02,O1C(CNC)CC1,ADAArAABr,73.03035050808003
O=C1CC=CC1,O=C1CC=CC1,-1303.54,C1C(=O)CC=C1,B~ArAA~AAr,50.2853753525225
C1COC1,C1COC1,-952.57,C1CCO1,ArABAr,30.646515063342143
CC(=O)C1CCN1,CC(=O)C1CCN1,-1585.65,CC(=O)C1NCC1,AA{~B}ArAADr,66.07110882313444
Cc1cc(N)cs1,Cc1cc(N)cs1,-1304.67,c1(N)cc(C)sc1,Aaraa{D}aer,50.348605577689256
NC1CCCC1O,NC1CCCC1O,-1739.24,C1C(N)C(O)CC1,DArAAAArB,74.66538341017952
NCC1CNC1=O,NCC1CNC1=O,-1481.54,C(N)C1C(=O)NC1,DAArADAr~B,60.24553471507229
C=CCC#CC#N,C=CCC#CC#N,-1184.76,C(C#CCC=C)#N,A~AAA^AA^D,43.63892743632213
C=CCO[N][CH]C,C=CCO[N][CH]C,-1553.18,C(=C)CO[N][CH]C,A~AAB{D}{AQ}A,64.25421907874123
Cc1ccc(O)[nH]1,Cc1ccc(O)[nH]1,-1483.68,Cc1[nH]c(O)cc1,Aaraaa{B}{dQ}r,60.365280451228806
CN(C)C1CC1,CN(C)C1CC1,-1609.71,C1CC1N(C)C,AD{A}ArAAr,67.41740901562291
CC1(O)CCC1=O,CC1(O)CCC1=O,-1525.59,O=C1C(O)(C)CC1,AAr{B}AAAr~B,62.710394377546
CN(C)C=O,CN(C)C=O,-1152.68,CN(C=O)C,AD{A}A~B,41.84386051300417
CC1(CO)CCC1,CC1(CO)CCC1,-1846.33,OCC1(C)CCC1,AAr{AB}AAAr,80.65770625363713
COC(C)C(=N)N,COC(C)C(=N)N,-1606.43,C(=N)(N)C(C)OC,ABA{A}A{~D}D,67.23387349478492
N#CC1NC1C=O,N#CC1NC1C=O,-1517.23,C(C1NC1C#N)=O,D^AArDArA~B,62.242602623215
C#CC1CCC1,C#CC1CCC1,-1448.78,C(#C)C1CCC1,A^AArAAAr,58.412417744751345
CC12CCOC1C2,CC12CCOC1C2,-1711.75,C12C(C)(CCO1)C2,AArsAABArAs,73.12715430413178
CC(O)C(C)C#N,CC(O)C(C)C#N,-1601.97,C(C(C)O)(C)C#N,AA{B}A{A}A^D,66.98430995120643
C#CCCC#N,C#CCCC#N,-1204.12,C(C#N)CC#C,A^AAAA^D,44.7222346568781
CCC(=O)C(=N)N,CCC(=O)C(=N)N,-1485.74,C(C(=O)CC)(N)=N,AAA{~B}A{~D}D,60.4805497112673
C=CC1CC1CO,C=CC1CC1CO,-1699.6,C(C1CC1C=C)O,A~AArAArAB,72.44728949371054
[CH2][N]N1CC(C)C1,[CH2][N]N1CC(C)C1,-1931.93,C1N([N][CH2])CC1C,{AQs}{D}DrAA{A}Ar,85.44753569989706
CCc1cccs1,CCc1cccs1,-1445.25,C(c1cccs1)C,AAaraaaer,58.21489323604458
CC1=CCNCC1,CC1=CCNCC1,-1289.5,C1CC(C)=CCN1,AAr~AADAAr,49.49975379381351
CNC(=O)C=CN,CNC(=O)C=CN,-1494.64,NC=CC(NC)=O,ADA{~B}A~AD,60.978557679394804
CC1=COC(C)C1,CC1=COC(C)C1,-1727.03,C1(C)=COC(C)C1,AAr~ABA{A}Ar,73.98216124266978
O=C1C=CCNN1,O=C1C=CCNN1,-1793.18,C1=CC(=O)NNC1,B~ArA~AADDr,77.68364743274097
CCNC1CC1C,CCNC1CC1C,-1913.2,N(CC)C1C(C)C1,AADArAArA,84.39948072877033
CCC=CC(=O)O,CCC=CC(=O)O,-1543.82,C(CC)=CC(O)=O,AAA~AA{~B}B,63.73047137293523
C#CC(=C)C#N,C#CC(=C)C#N,-1058.34,C(C#C)(C#N)=C,A^AA{~A}A^D,36.56497605085276
OC12CCNC1C2,OC12CCNC1C2,-1583.54,N1C2CC2(O)CC1,BArsAADArAs,65.95304176552217
CC1=NN=CC1C,CC1=NN=CC1C,-1659.76,C1(C)C(C)=NN=C1,AAr~DD~AArA,70.2180043869466
CCOC=COC,CCOC=COC,-1636.56,C(=COC)OCC,AABA~ABA,68.91982631272661
NCC1COC1=O,NCC1COC1=O,-1412.87,NCC1C(=O)OC1,DAArABAr~B,56.403039527284115
C#CCOCCC,C#CCOCCC,-1681.63,CCCOCC#C,A^AABAAA,71.44176104570482
CNCC(C)O,CNCC(C)O,-1562.96,N(C)CC(O)C,ADAA{A}B,64.8014682841667
CC(C)CC(=O)O,CC(C)CC(=O)O,-1686.62,O=C(CC(C)C)O,AA{A}AA{~B}B,71.72098124356505
CC1COCC1C,CC1COCC1C,-1861.77,CC1C(C)COC1,AArABAArA,81.52166614441113
CC1C2OCOC12,CC1C2OCOC12,-1503.32,C1(C)C2OCOC12,AArAsBABArs,61.46425533819777
C=C1CC=CC1O,C=C1CC=CC1O,-1581.94,C1(O)C=CCC1=C,A~ArAA~AArB,65.86351224316219
NC1CC1CO,NC1CC1CO,-1423.42,C(O)C1C(N)C1,DArAArAB,56.99337481534537
NCC1=CCC=C1,NCC1=CCC=C1,-1658.13,C1C=C(CN)C=C1,DAAr~AAA~Ar,70.12679618604236
C#CC1C=COC1,C#CC1C=COC1,-1418.41,C(#C)C1C=COC1,A^AArA~ABAr,56.713035498455625
CNC(C)(C)C,CNC(C)(C)C,-1761.46,CC(C)(NC)C,ADA{A}{A}A,75.90872465195399
C=C1CCC(C)O1,C=C1CCC(C)O1,-1727.44,O1C(C)CCC1=C,A~ArAAA{A}Br,74.00510318277452
C=CN(N)C(C)=O,C=CN(N)C(C)=O,-1466.88,CC(N(C=C)N)=O,A~AD{D}A{A}~B,59.42522046644881
OC1CC1C1CN1,OC1CC1C1CN1,-1453.21,C1(O)C(C2NC2)C1,BArAArArADr,58.66030260978558
C=CCC=COC,C=CCC=COC,-1699.71,O(C)C=CCC=C,A~AAA~ABA,72.45344464837281
[CH2][N]NC1COC1,[CH2][N]NC1COC1,-1422.49,C1OCC1N[N][CH2],{AQs}{D}DArABAr,56.941335780473615
C=C(CO)CC#N,C=C(CO)CC#N,-1292.86,OCC(CC#N)=C,A~A{AB}AA^D,49.687765790769504
CC1=CC2CC2O1,CC1=CC2CC2O1,-1574.79,CC1=CC2C(O1)C2,AAr~AAsAAsBr,65.46342719011594
C=CCCCC=C,C=CCCCC=C,-1902.2,C(CCC=C)C=C,A~AAAAA~A,83.78396526254535
CC1CCS1(=O)=O,CC1CCS1(=O)=O,-1444.52,S1(=O)(=O)CCC1C,AArAAEr{~B}~B,58.17404539146783
C=CC(=O)C=C,C=CC(=O)C=C,-1283.65,O=C(C=C)C=C,A~AA{~B}A~A,49.172411477684776
C#CCNNC=O,C#CCNNC=O,-1206.69,N(CC#C)NC=O,A^AADDA~B,44.86604145216886
C=C1COCO1,C=C1COCO1,-1221.98,C1OC(=C)CO1,A~ArABABr,45.72160795022159
C=C(C)CC(C)O,C=C(C)CC(C)O,-1852.78,C(C(C)O)C(=C)C,A~A{A}AA{A}B,81.01862214065089
NCC(N)CCO,NCC(N)CCO,-1275.06,NC(CCO)CN,DAA{D}AAB,48.691749854514526
CC1COC1C,CC1COC1C,-1550.18,C1C(C)C(C)O1,AArABArA,64.08635122431623
CC(O)CCCN,CC(O)CCCN,-1865.45,NCCCC(C)O,AA{B}AAAD,81.72758404583914
CN1CC1CC#N,CN1CC1CC#N,-1515.95,C1N(C)C1CC#N,ADrAArAA^D,62.17097900532702
CC1(N)COC1=O,CC1(N)COC1=O,-1410.06,C1(N)(C)C(=O)OC1,AAr{D}ABAr~B,56.24580330363938
N=C(N)C1CCO1,N=C(N)C1CCO1,-1461.18,C1OC(C(=N)N)C1,D~A{D}ArAABr,59.10627154304133
CNCCO,CNCCO,-1267.25,N(CCO)C,ADAAB,48.254733873494786
C=CC(=O)C=CN,C=CC(=O)C=CN,-1302.66,O=C(C=C)C=CN,A~AA{~B}A~AD,50.23613411522451
CC1C=CC(O)C1,CC1C=CC(O)C1,-1726.04,C1(O)C=CC(C)C1,AArA~AA{B}Ar,73.92676485070953
C#CCC(C)CC,C#CCC(C)CC,-1891.53,C(#C)CC(C)CC,A^AAA{A}AA,83.18691526030709
NCC#CC1CC1,NCC#CC1CC1,-1619.05,C1(C#CCN)CC1,DAA^AArAAr,67.9400376023994
CC(C)C1CCO1,CC(C)C1CCO1,-1845.38,C1OC(C(C)C)C1,AA{A}ArAABr,80.6045480997359
CC(C)=CC#N,CC(C)=CC#N,-1368.53,C(C)(=CC#N)C,AA{A}~AA^D,53.92195263888267
CNC(CN)CO,CNC(CN)CO,-1730.56,C(O)C(NC)CN,ADA{AD}AB,74.17968575137651
CCCCCCO,CCCCCCO,-1991.95,OCCCCCC,AAAAAAB,88.8060119074265
C=CC1NC1CN,C=CC1NC1CN,-1637.77,N1C(CN)C1C=C,A~AArDArAD,68.98753301401136
O=C1CCC=CO1,O=C1CCC=CO1,-1412.13,O=C1OC=CCC1,B~ArAAA~ABr,56.361632123192635
CC(=NO)C(C)N,CC(=NO)C(C)N,-1580.34,N(=C(C(N)C)C)O,AA{~DB}A{A}D,65.7739827208022
C1=NN2CC2CO1,C1=NN2CC2CO1,-1299.35,O1C=NN2C(C1)C2,Ar~DDsAAsABr,50.05091991584224
C=C(CN)OC,C=C(CN)OC,-1420.3,NCC(=C)OC,A~A{AD}BA,56.818792246743364
[NH]C1=C[CH]C2CN12,[NH]C1=C[CH]C2CN12,-1383.0,C12[CH]C=C([NH])N1C2,{DQ}Ar~A{AQ}AsADrs,54.73163525672591
CNC1CC1(C)C,CNC1CC1(C)C,-1912.92,CC1(C)C(NC)C1,ADArAAr{A}A,84.38381306235732
C=CCC(C)=NN,C=CCC(C)=NN,-1638.41,C(CC=C)(C)=NN,A~AAA{A}~DD,69.02334482295538
CCC(C)=NOC,CCC(C)=NOC,-1700.41,O(C)N=C(CC)C,AAA{A}~DBA,72.49261381440532
CCC1=COCC1,CCC1=COCC1,-1722.95,C1C(CC)=COC1,AAAr~ABAAr,73.75386096065179
[CH2][N][N]C=C([CH2])C,[CH2][N][N]C=C([CH2])C,-1505.11,[CH2][N][N]C=C(C)[CH2],{AQs}{D}{D}A~A{{AQs}}A,61.56441649133802
C=CC(C=C)CC,C=CC(C=C)CC,-1901.45,C(C(C=C)C=C)C,A~AA{A~A}AA,83.7419982989391
CCc1cnsc1,CCc1cnsc1,-1318.58,C(C)c1csnc1,AAaradear,51.12695286270648
O=C1C=CCN1,O=C1C=CCN1,-1194.72,C1=CC(=O)NC1,B~ArA~AADr,44.19624871301312
[CH]1N[N][C]2OC[C]12,[CH]1N[N][C]2OC[C]12,-1145.25,[N]1N[CH][C]2CO[C]12,{AQ}rD{D}{A}sBA{A}rs,41.428107793544925
O=CC#C[CH][N]O,O=CC#C[CH][N]O,-1370.11,C(C=O)#C[CH][N]O,B~AA^A{AQ}{D}B,54.010363042213164
CCC(C)(C)C#N,CCC(C)(C)C#N,-1801.05,N#CC(C)(C)CC,AAA{A}{A}A^D,78.1240207708492
C=C(C)CC#N,C=C(C)CC#N,-1362.55,C(=C)(CC#N)C,A~A{A}AA^D,53.58733604906218
C=C(CC)C1CC1,C=C(CC)C1CC1,-1900.79,C1CC1C(=C)CC,A~A{AA}ArAAr,83.70506737096558
CCC(=N)N(C)C,CCC(=N)N(C)C,-1798.04,N=C(N(C)C)CC,AAA{~D}D{A}A,77.95559335690945
Cc1conc1C,Cc1conc1C,-1460.57,Cc1c(C)con1,AarabdarA,59.07213841264157
CCC(O)CN,CCC(O)CN,-1572.85,C(O)(CN)CC,AAA{B}AD,65.35487264425444
CCC1C(C)C1N,CCC1C(C)C1N,-1743.92,C1(N)C(C)C1CC,AAArA{A}ArD,74.92725726308251
CC(C)CC1CO1,CC(C)CC1CO1,-1841.48,CC(CC1OC1)C,AA{A}AArABr,80.3863198889834
C#CC1CCN1,C#CC1CCN1,-1314.51,C(C1NCC1)#C,A^AArAADr,50.89921214020323
CC1CN(C=O)C1,CC1CN(C=O)C1,-1600.78,C(=O)N1CC(C)C1,AArAD{A~B}Ar,66.91772236895117
CON(C)C(C)=O,CON(C)C(C)=O,-1512.15,C(C)(=O)N(C)OC,ABD{A}A{A}~B,61.95834638972202
CC1(CCN)CN1,CC1(CCN)CN1,-1117.96,C1(CCN)(C)NC1,AAr{AAD}ADr,39.9010698777922
OC1CNC1,OC1CNC1,-1119.26,C1C(O)CN1,BArADAr,39.9738126147097
CC1OC1C1CO1,CC1OC1C1CO1,-1491.51,C1(C)C(C2CO2)O1,AArBArArABr,60.80341555127804
CC1(N)CC1O,CC1(N)CC1O,-1421.61,C1C(O)C1(C)N,AAr{D}AArB,56.89209454317561
CCC1C=COC1,CCC1C=COC1,-1721.09,C1=COCC1CC,AAArA~ABAr,73.64978289090828
COC1CC1OC,COC1CC1OC,-1623.52,C1(OC)C(OC)C1,ABArAArBA,68.19016070549263
CC=C(C)C(C)C,CC=C(C)C(C)C,-2049.55,CC(C(=CC)C)C,AA~A{A}A{A}A,92.02907471238642
OC1CC2NC2C1,OC1CC2NC2C1,-1465.33,N1C2C1CC(O)C2,BArAAsDAsAr,59.33848874166256
CC1CC1C(=O)O,CC1CC1C(=O)O,-1541.15,C(=O)(O)C1CC1C,AArAArA{~B}B,63.58106898249698
CCN1CCC=N1,CCN1CCC=N1,-1654.61,C1C=NN(CC)C1,AADrAAA~Dr,69.92983123685036
OCCNC1CC1,OCCNC1CC1,-1317.58,C1CC1NCCO,BAADArAAr,51.07099691123148
Cc1cccs1,Cc1cccs1,-1275.91,c1sc(C)cc1,Aaraaaer,48.73931241326829
O=C1COC2CC12,O=C1COC2CC12,-1385.89,C1C(=O)C2C(O1)C2,B~ArABAsAArs,54.89334795648866
C=C(C)C(C)C#N,C=C(C)C(C)C#N,-1658.1,C=C(C)C(C#N)C,A~A{A}A{A}A^D,70.12511750749809
CC(C)C(C)CO,CC(C)C(C)CO,-1990.67,C(C)(C)C(CO)C,AA{A}A{A}AB,88.73438828953849
C#CC(=O)CNC,C#CC(=O)CNC,-1426.76,CNCC(C#C)=O,A^AA{~B}ADA,57.18026769327186
C=CCC(=C)OC,C=CCC(=C)OC,-1701.38,COC(=C)CC=C,A~AAA{~A}BA,72.54689108733605
C1=CC2CCC2C1,C1=CC2CCC2C1,-1788.72,C1C=CC2CCC12,Ar~AAsAAAsAr,77.43408388916245
CC(O)CC1CO1,CC(O)CC1CO1,-1645.0,C1OC1CC(O)C,AA{B}AArABr,69.3920945431756
CO[N][CH]C(C)=O,CO[N][CH]C(C)=O,-1373.04,[CH]([N]OC)C(=O)C,AB{D}{AQ}A{A}~B,54.17431398003492
CC(C)(CN)CN,CC(C)(CN)CN,-1931.62,NCC(CN)(C)C,AA{A}{AD}AD,85.43018935493978
CC=C1C=NOC1,CC=C1C=NOC1,-1435.52,C1(=CC)CON=C1,AA~ArA~DBAr,57.67044182819284
NCC1CCC1,NCC1CCC1,-1619.14,C1CC(CN)C1,DAArAAAr,67.94507363803216
C=C(CC)CO,C=C(CC)CO,-1553.44,CCC(=C)CO,A~A{AA}AB,64.26876762612471
CC1(CN)CNC1,CC1(CN)CNC1,-1683.09,N1CC(CN)(C)C1,AAr{AD}ADAr,71.52345673485833
C=CC[CH][N]O,C=CC[CH][N]O,-1264.37,[CH](CC=C)[N]O,A~AA{AQ}{D}B,48.09358073324678
CC(C)S(C)(=O)=O,CC(C)S(C)(=O)=O,-1293.7,CC(S(=O)(C)=O)C,AA{A}E{A}{~B}~B,49.73476879000851
C=C1COC=C1C,C=C1COC=C1C,-1588.03,C1(=C)COC=C1C,A~ArABA~ArA,66.20428398764494
CNC1CC1C#N,CNC1CC1C#N,-1521.81,C1(C#N)CC1NC,ADArAArA^D,62.498880880970496
CCCCC1CN1,CCCCC1CN1,-1628.88,N1CC1CCCC,AAAAArADr,68.49008460539864
C1=CCCCC1,C1=CCCCC1,-1632.17,C1C=CCCC1,Ar~AAAAAr,68.67417968575138
O=C1C=NNCC1,O=C1C=NNCC1,-1461.01,C1(=O)C=NNCC1,B~ArA~DDAAr,59.09675903129058
CCCC(=O)O,CCCC(=O)O,-1390.28,C(C(=O)O)CC,AAAA{~B}B,55.1389945834639
NCCCN1CC1,NCCCN1CC1,-1776.32,C1N(CCCN)C1,DAAADrAAr,76.74023009087247
CC(C)(C)C1CO1,CC(C)(C)C1CO1,-1841.3,C1(C(C)(C)C)OC1,AA{A}{A}ArABr,80.3762478177179
CC(C)C(C)N,CC(C)C(C)N,-1767.17,C(C)(C(C)N)C,AA{A}A{A}D,76.22823313487623
[CH2][N][N][CH]C(C)=O,[CH2][N][N][CH]C(C)=O,-1317.18,[CH]([N][N][CH2])C(C)=O,{AQs}{D}{D}{AQ}A{A}~B,51.04861453064148
C#CCC(C)C#C,C#CCC(C)C#C,-1589.94,C#CC(C)CC#C,A^AAA{A}A^A,66.31115985496218
CC1=COC(C)O1,CC1=COC(C)O1,-1523.06,O1C=C(C)OC1C,AAr~ABA{A}Br,62.568825820314245
C=C1C=CC(=O)O1,C=C1C=CC(=O)O1,-1279.1,C1(=C)OC(=O)C=C1,A~ArA~AA{~B}Br,48.917811898473516
O=CC#CCO,O=CC#CCO,-1062.97,C(O)C#CC=O,B~AA^AAB,36.824052106182016
C=C(C)CC1CC1,C=C(C)CC1CC1,-1902.84,C1(CC(=C)C)CC1,A~A{A}AArAAr,83.81977707148933
C#CC(=C)C(C)=O,C#CC(=C)C(C)=O,-1424.39,C=C(C#C)C(=O)C,A^AA{~A}A{A}~B,57.04765208827612
CCC1(C)CCO1,CCC1(C)CCO1,-1847.88,C1COC1(C)CC,AAAr{A}AABr,80.74443797842339
O=C1CC2CC1O2,O=C1CC2CC1O2,-1371.21,C12CC(O1)CC2=O,B~ArAAsAArBs,54.071914588835675
CN=C(C)N(C)C,CN=C(C)N(C)C,-1790.76,C(=NC)(N(C)C)C,AD~A{A}D{A}A,77.54823403017146
O[N][CH]CN1CC1,O[N][CH]CN1CC1,-1237.05,C(N1CC1)[CH][N]O,B{D}{AQ}ADrAAr,46.56486413894982
O=CCCCCO,O=CCCCCO,-1662.19,C(CCCO)C=O,B~AAAAAB,70.35397734903084
CC(C)C(O)CN,CC(C)C(O)CN,-1867.98,C(C)(C)C(CN)O,AA{A}A{B}AD,81.86915260307087
NC1CC(CO)C1,NC1CC(CO)C1,-1715.12,C1(N)CC(CO)C1,DArAA{AB}Ar,73.31572586060253
C1=CC2OC2CO1,C1=CC2OC2CO1,-1374.43,C1=COCC2OC12,Ar~AAsBAsABr,54.25209275258517
C=C(C=O)C1CC1,C=C(C=O)C1CC1,-1573.84,C(C(C1CC1)=C)=O,A~A{A~B}ArAAr,65.4102690362147
C=CC(=O)C(C)=O,C=CC(=O)C(C)=O,-1396.28,O=C(C)C(=O)C=C,A~AA{~B}A{A}~B,55.47473029231389
CCNC(C)C=O,CCNC(C)C=O,-1728.07,C(C=O)(NCC)C,AADA{A}A~B,74.04035543220377
C=CC1NC1C#N,C=CC1NC1C#N,-1919.46,C1(C=C)NC1C#N,A~AArDArA^D,84.74976498500381
CC1(C)CC1(C)N,CC1(C)CC1(C)N,-1918.18,C1(N)(C)C(C)(C)C1,AAr{A}AAr{A}D,84.67814136711583
C#CC(C#N)OC,C#CC(C#N)OC,-1279.51,C(C#N)(OC)C#C,A^AA{A^D}BA,48.940753838578274
CC(=CN)C(=O)O,CC(=CN)C(=O)O,-1423.95,NC=C(C(O)=O)C,AA{~AD}A{~B}B,57.023031469627114
C=C(C=O)CC#N,C=C(C=O)CC#N,-1328.29,O=CC(=C)CC#N,A~A{A~B}AA^D,51.67028515152872
N#Cc1ccco1,N#Cc1ccco1,-1208.07,N#Cc1occc1,D^Aaraaabr,44.943260665204356
CC(=CN)C(N)=O,CC(=CN)C(N)=O,-1498.67,C(N)=C(C)C(N)=O,AA{~AD}A{D}~B,61.20406016383903
C1=COCC1,C1=COCC1,-1128.5,C1CC=CO1,Ar~ABAAr,40.490845606338695
C=COCCN,C=COCCN,-1420.77,C(OC=C)CN,A~ABAAD,56.84509154393662
C#CCC(C)N,C#CCC(C)N,-1466.31,NC(C)CC#C,A^AAA{A}D,59.393325574108054
C[CH][N][N][CH]CO,C[CH][N][N][CH]CO,-1450.2,[CH]([N][N][CH]CO)C,A{AQ}{D}{D}{AQ}AB,58.49187519584584
Cc1ccoc1,Cc1ccoc1,-1304.97,Cc1cocc1,Aaraabar,50.36539236313175
Cc1nocc1O,Cc1nocc1O,-1258.68,c1c(O)c(C)no1,AardbaarB,47.77519136935405
CCC(=O)CCO,CCC(=O)CCO,-1670.74,CCC(CCO)=O,AAA{~B}AAB,70.8324007341421
OCC#CC1CO1,OCC#CC1CO1,-1339.6,O1CC1C#CCO,BAA^AArABr,52.30314696271095
[NH]C1=C[CH]CN1O,[NH]C1=C[CH]CN1O,-1255.81,C1=C([NH])N(O)C[CH]1,{DQ}Ar~A{AQ}ADrB,47.6145977886208
CC1=CCC(=N)N1,CC1=CCC(=N)N1,-1457.91,N=C1CC=C(C)N1,AAr~AAA{~D}Dr,58.92329558171809
CCC1OCC1O,CCC1OCC1O,-1646.62,C1(CC)OCC1O,AAArBAArB,69.4827431845651
C1CCOCOC1,C1CCOCOC1,-1658.86,O1CCCCOC1,ArAABABAr,70.1676440306191
C=CC1C=NOC1,C=CC1C=NOC1,-1426.77,O1N=CC(C=C)C1,A~AArA~DBAr,57.18082725278661
CC(CN)C1CO1,CC(CN)C1CO1,-1712.06,O1CC1C(C)CN,AA{AD}ArABr,73.14450064908904
CCCC(N)=O,CCCC(N)=O,-1464.5,NC(CCC)=O,AAAA{D}~B,59.29204530193831
C=C(C)C(C)(C)O,C=C(C)C(C)(C)O,-1852.6,CC(C)(C(=C)C)O,A~A{A}A{A}{A}B,81.00855006938536
C=CC(C)=COC,C=CC(C)=COC,-1705.99,C(OC)=C(C=C)C,A~AA{A}~ABA,72.80484802363581
CC1CCC(=O)N1,CC1CCC(=O)N1,-1633.93,C1CC(C)NC1=O,AArAAA{~B}Dr,68.77266216034738
CCC(=O)CO,CCC(=O)CO,-1375.33,C(C)C(CO)=O,AAA{~B}AB,54.302453108912665
CC1C(N)C1N,CC1C(N)C1N,-1489.58,C1(C)C(N)C1N,AArA{D}ArD,60.69542056493128
c1snc2c1OC2,c1snc2c1OC2,-1573.5,C1c2c(csn2)O1,aredasarBAs,65.39124401271319
CC=CC(C)C,CC=CC(C)C,-1754.1,C(C)=CC(C)C,AA~AA{A}A,75.49688884909799
CC1CC1CN,CC1CC1CN,-1621.35,C1(CN)C(C)C1,AArAArAD,68.06873629079189
Cc1sccc1N,Cc1sccc1N,-1318.86,c1sc(C)c(N)c1,AareaaarD,51.14262052911947
C1OC1CC1CO1,C1OC1CC1CO1,-1490.08,C1C(CC2OC2)O1,ArBArAArABr,60.72339854066878
[CH2][N][N][CH]CC=O,[CH2][N][N][CH]CC=O,-1310.11,[CH]([N][N][CH2])CC=O,{AQs}{D}{D}{AQ}AA~B,50.65300595371323
CC1=NOCC1O,CC1=NOCC1O,-1379.27,OC1CON=C1C,AAr~DBAArB,54.522919557724165
N#CC1CC1CO,N#CC1CC1CO,-1599.57,C1C(CO)C1C#N,D^AArAArAB,66.85001566766641
CC#CCC1CO1,CC#CCC1CO1,-1545.22,O1C(CC#CC)C1,AA^AAArABr,63.808809705000236
N=CNC1COC1,N=CNC1COC1,-1456.39,C(=N)NC1COC1,D~ADArABAr,58.83824253547609
CNC1CC1CN,CNC1CC1CN,-1781.92,C1(NC)CC1CN,ADArAArAD,77.05358341913247
N#CC1CC1C=O,N#CC1CC1C=O,-1732.74,O=CC1CC1C#N,D^AArAArA~B,74.30166972559202
CC=CC(C)(C)C,CC=CC(C)(C)C,-2050.29,C(C)(C)(C)C=CC,AA~AA{A}{A}A,92.07048211647792
O=C1C=CC2NC12,O=C1C=CC2NC12,-1365.1,C12C(C=CC1=O)N2,B~ArA~AAsDArs,53.73002372532342
CC=COCC,CC=COCC,-1551.9,CCOC=CC,AA~ABAA,64.18259546085322
CC1(N)C=CCC1,CC1(N)C=CCC1,-1793.25,C1CC(N)(C)C=C1,AAr{D}A~AAAr,77.6875643493442
CC12COCC1O2,CC12COCC1O2,-1513.21,C12(C)OC1COC2,AArsABAArBs,62.01765969828551
C#CC(C)C#CC,C#CC(C)C#CC,-1593.66,CC(C#C)C#CC,A^AA{A}A^AA,66.51931599444919
CCN(C)C1CC1,CCN(C)C1CC1,-1905.0,C(C)N(C)C1CC1,AAD{A}ArAAr,83.94064192667533
CNC(C)C,CNC(C)C,-1466.12,N(C(C)C)C,ADA{A}A,59.3826939433278
CC1CC=CC1O,CC1CC=CC1O,-1726.63,C1=CC(O)C(C)C1,AArAA~AArB,73.95977886207977
CC(C=O)N(C)C,CC(C=O)N(C)C,-1718.61,CN(C(C=O)C)C,AA{A~B}D{A}A,73.51101213125028
N#CC1=CCOC1,N#CC1=CCOC1,-1328.68,O1CC(C#N)=CC1,D^AAr~AABAr,51.69210797260397
OC1CC2CC1N2,OC1CC2CC1N2,-1483.97,C1C2C(O)CC1N2,BArAAsAArDs,60.381507677156556
CC1CC(CO)O1,CC1CC(CO)O1,-1648.41,OCC1CC(C)O1,AArAA{AB}Br,69.58290433770537
C=CC(=C)CCC,C=CC(=C)CCC,-1907.89,C=CC(CCC)=C,A~AA{~A}AAA,84.10235462643809
NCCC1(N)CC1,NCCC1(N)CC1,-1787.54,C1(CCN)(N)CC1,DAAAr{D}AAr,77.36805586642195
CCC1=NN=CC1,CCC1=NN=CC1,-1899.95,N1=CCC(CC)=N1,AAAr~DD~AAr,83.6580643717266
CC12C=CC(C1)N2,CC12C=CC(C1)N2,-1622.31,C12(C)NC(C=C1)C2,AArsA~AA{Ar}Ds,68.12245400420788
CC1CN(O)C1=O,CC1CN(O)C1=O,-1377.12,C1(C)CN(O)C1=O,AArAD{B}Ar~B,54.40261426205291
CN1CCC1C=O,CN1CCC1C=O,-1574.95,O=CC1N(C)CC1,ADrAAArA~B,65.47238014235195
C=CN(C=N)CC,C=CN(C=N)CC,-1659.04,C(N(C=N)CC)=C,A~AD{A~D}AA,70.1777161018846
O=CNCCCO,O=CNCCCO,-1442.33,C(CCO)NC=O,B~ADAAAB,58.051501857737584
C=CCC(=O)CC,C=CCC(=O)CC,-1723.27,C(CC(=O)CC)=C,A~AAA{~B}AA,73.77176686512378
NC1C2CCC1N2,NC1C2CCC1N2,-1648.21,C12C(N)C(N1)CC2,DArAsAAArDs,69.57171314741036
CC12CNC(C1)C2,CC12CNC(C1)C2,-1780.35,CC12CC(C1)NC2,AArsADA{Ar}As,76.9657325753167
CC=C(C)C1CC1,CC=C(C)C1CC1,-1902.82,C1(C(C)=CC)CC1,AA~A{A}ArAAr,83.81865795245983
CNC1C=CC=C1,CNC1C=CC=C1,-1645.9,C1=CC(NC)C=C1,ADArA~AA~Ar,69.44245489950312
CCC1CC=CC1,CCC1CC=CC1,-1923.91,C1(CC)CC=CC1,AAArAA~AAr,84.99876896906757
CC1NC(C)C1O,CC1NC(C)C1O,-1718.08,C1(O)C(C)NC1C,AArDA{A}ArB,73.48135547696852
CCC(C)=O,CCC(C)=O,-1276.16,C(C)C(C)=O,AAA{A}~B,48.75330140113704
CC(=N)NCCO,CC(=N)NCCO,-1614.65,C(CNC(C)=N)O,AA{~D}DAAB,67.6938314159094
O=C1CC2CC2N1,O=C1CC2CC2N1,-1458.68,C12CC(=O)NC1C2,B~ArAAsAAsDr,58.96638166435383
CC1CN=CN1O,CC1CN=CN1O,-1443.84,CC1N(O)C=NC1,AArAD~ADrB,58.13599534446484
CC=CC1CC1C,CC=CC1CC1C,-1902.7,C1(C=CC)C(C)C1,AA~AArAArA,83.81194323828285
C=CC#CC(C)C,C=CC#CC(C)C,-1754.77,C(C#CC=C)(C)C,A~AA^AA{A}A,75.53437933658624
C=CC(=C)C(C)O,C=CC(=C)C(C)O,-1708.51,CC(C(=C)C=C)O,A~AA{~A}A{A}B,72.94585702135281
CCC(=NN)OC,CCC(=NN)OC,-1585.07,N(=C(CC)OC)N,AAA{~DD}BA,66.03865437127894
ON1C=NCCC1,ON1C=NCCC1,-1302.5,N1=CN(O)CCC1,BDrA~DAAAr,50.2271811629885
COC=CC1CC1,COC=CC1CC1,-1695.82,C(C1CC1)=COC,ABA~AArAAr,72.23577599713506
C=CC1=NCCN1,C=CC1=NCCN1,-1260.97,C1(C=C)=NCCN1,A~AAr~DAADr,47.903330498231796
Cc1ccc[nH]1,Cc1ccc[nH]1,-1387.37,c1c[nH]c(C)c1,Aaraaa{dQ}r,54.97616276467165
CN(C)C1CC1N,CN(C)C1CC1N,-1776.73,N(C)(C1CC1N)C,AD{A}ArAArD,76.76317203097722
OCc1ccsc1,OCc1ccsc1,-1243.51,s1ccc(CO)c1,BAaraaear,46.92633958547832
CC1(C)C=CCC1,CC1(C)C=CCC1,-1924.95,CC1(C)CCC=C1,AAr{A}A~AAAr,85.05696315860158
CCC#CC(=O)O,CCC#CC(=O)O,-1388.07,C(C#CC(=O)O)C,AAA^AA{~B}B,55.01533193070415
C1CC2CCC2C1,C1CC2CCC2C1,-1916.54,C1C2CCCC2C1,ArAAsAAAsAr,84.58637360669681
C1=CCCOCC1,C1=CCCOCC1,-1715.55,C1OCCC=CC1,Ar~AAABAAr,73.33978691973678
CC1=CC2CC1C2,CC1=CC2CC1C2,-1551.27,C1=C(C)C2CC1C2,AAr~AAsAArAs,64.14734321142396
C#CC(C)C#N,C#CC(C)C#N,-1199.56,C(C(C#C)C)#N,A^AA{A}A^D,44.467075518152114
[CH2][N]NC(C)CC,[CH2][N]NC(C)CC,-1774.82,C(C)C(C)N[N][CH2],{AQs}{D}DA{A}AA,76.65629616365997
CC1(C)C(N)C1N,CC1(C)C(N)C1N,-1429.56,C1(C)(C)C(N)C1N,AAr{A}A{D}ArD,57.33694435740185
CN1CC1C(N)=O,CN1CC1C(N)=O,-1477.5,C1(C(N)=O)CN1C,ADrAArA{D}~B,60.0194726711133
C1=COCOC=C1,C1=COCOC=C1,-1385.24,C1OC=CC=CO1,Ar~ABABA~Ar,54.85697658802991
[CH2][N]OCC1CC1,[CH2][N]OCC1CC1,-1546.98,C1CC1CO[N][CH2],{AQs}{D}BAArAAr,63.90729217959622
OC1C=CCOC1,OC1C=CCOC1,-1520.18,C1=CCOCC1O,BArA~AABAr,62.40767268006626
CCN(C=O)NC,CCN(C=O)NC,-1597.85,O=CN(CC)NC,AAD{A~B}DA,66.75377143112941
CC1CN1C(N)=S,CC1CN1C(N)=S,-1328.6,C(N1C(C)C1)(N)=S,AArADrA{D}~E,51.68763149648596
C#CC(=O)NOC,C#CC(=O)NOC,-1207.59,N(C(C#C)=O)OC,A^AA{~B}DBA,44.916401808496346
NCC=CC1CC1,NCC=CC1CC1,-1771.89,C(=CCN)C1CC1,DAA~AArAAr,76.49234522583824
CC1NCC1=O,CC1NCC1=O,-1293.02,C1(C)C(=O)CN1,AArDAAr~B,49.69671874300551
C=CCN(O)C=O,C=CCN(O)C=O,-1418.7,C(=O)N(CC=C)O,A~AAD{B}A~B,56.72926272438337
CCC1CC1CC,CCC1CC1CC,-2045.45,C1C(CC)C1CC,AAArAArAA,91.79965531133894
O=c1cconc1,O=c1cconc1,-1369.28,o1ccc(=O)cn1,B~araabdar,53.96391960248892
OCC1=COCC1,OCC1=COCC1,-1522.6,C1=C(CO)CCO1,BAAr~ABAAr,62.543086082635746
CC1CNC1(C)C,CC1CNC1(C)C,-1780.44,C1(C)C(C)(C)NC1,AArADAr{A}A,76.97076861094946
C=C1C=NN2CC12,C=C1C=NN2CC12,-1661.29,C1C2C(=C)C=NN12,A~ArA~DDsAArs,70.30361699270334
C=CC#CCO,C=CC#CCO,-1254.73,C(C#CCO)=C,A~AA^AAB,47.5541653610278
CNCCC1CC1,CNCCC1CC1,-1909.24,C1CC1CCNC,ADAAArAAr,84.17789516092932
C#CS(=O)(=O)NC,C#CS(=O)(=O)NC,-1362.48,O=S(NC)(=O)C#C,A^AE{~B}{~B}DA,53.58341913245893
C#CC(C=C)C=C,C#CC(C=C)C=C,-1598.57,C=CC(C=C)C#C,A^AA{A~A}A~A,66.79405971619141
NCC1COC1,NCC1COC1,-1416.05,C1OCC1CN,DAArABAr,56.580979452974624
C=C1C=COCC1,C=C1C=COCC1,-1588.6,C1CC(=C)C=CO1,A~ArA~ABAAr,66.23617887998567
CC(C#N)=CC=O,CC(C#N)=CC=O,-1329.52,C(C=O)=C(C)C#N,AA{A^D}~AA~B,51.73911097184297
CC(N)CCN,CC(N)CCN,-1638.56,C(CC(C)N)N,AA{D}AAD,69.03173821567661
C#CCCCC#C,C#CCCCC#C,-1591.49,C(#C)CCCC#C,A^AAAAA^A,66.39789157974843
C=CC(=O)NC=O,C=CC(=O)NC=O,-1293.48,O=C(NC=O)C=C,A~AA{~B}DA~B,49.72245848068401
CC=CC[CH][N]N,CC=CC[CH][N]N,-1638.81,N[N][CH]CC=CC,AA~AA{AQ}{D}D,69.04572720354537
NC1C2C=CCC12,NC1C2C=CCC12,-1647.3,C12C(N)C1C=CC2,DArAsA~AAArs,69.52079323156812
[CH2][N]OCC=CC,[CH2][N]OCC=CC,-1551.09,C(=CCO[N][CH2])C,{AQs}{D}BAA~AA,64.13727114015848
C#CC1NC1CC,C#CC1NC1CC,-1521.36,C1(CC)C(C#C)N1,A^AArDArAA,62.47370070280675
CC(C)CCN,CC(C)CCN,-1766.7,NCCC(C)C,AA{A}AAD,76.201933837683
CC1CNCCO1,CC1CNCCO1,-1728.42,CC1OCCNC1,AArADAABr,74.05994001522002
C1CC(C2CN2)N1,C1CC(C2CN2)N1,-1633.27,C1(C2NCC2)CN1,ArAA{AsADs}Dr,68.73573123237387
NC1CC1(N)CO,NC1CC1(N)CO,-1591.64,NC1C(CO)(N)C1,DArAAr{D}AB,66.40628497246969
C#CC=COC=C,C#CC=COC=C,-1405.85,C(=C)OC=CC#C,A^AA~ABA~A,56.010228747929624
NC1C=CC=C1,NC1C=CC=C1,-1356.66,C1=CC(N)C=C1,DArA~AA~Ar,53.257755494874445
CCN1CCC1C,CCN1CCC1C,-1909.91,C1C(C)N(CC)C1,AADrAAArA,84.21538564841758
CCOC(C)C,CCOC(C)C,-1692.38,O(CC)C(C)C,AABA{A}A,72.04328752406106
C#CCN,C#CCN,-871.86,NCC#C,A^AAD,26.13031021979498
C#CC1CC1CN,C#CC1CC1CN,-1616.92,NCC1CC1C#C,A^AArAArAD,67.82085142575765
CC(C)(C)C#N,CC(C)(C)C#N,-1506.73,C(C(C)(C)C)#N,AA{A}{A}A^D,61.655065132727515
COCC(C)N,COCC(C)N,-1559.47,C(C)(N)COC,ABAA{A}D,64.60618201351897
CC1C2CCOC12,CC1C2CCOC12,-1709.71,C1(C)C2C1CCO2,AArAsAABArs,73.0130041631228
CCO,CCO,-808.87,OCC,AAB,22.605644836384798
CN1CC(N)C1,CN1CC(N)C1,-1481.4,N1(C)CC(N)C1,ADrAA{D}Ar,60.2377008818658
CN(C=N)CC#N,CN(C=N)CC#N,-1403.06,CN(CC#N)C=N,AD{A~D}AA^D,55.85411164331439
C1COC2CC2N1,C1COC2CC2N1,-1574.68,C12NCCOC1C2,ArABAsAAsDr,65.4572720354537
CC1=CC(O)CO1,CC1=CC(O)CO1,-1530.42,C1=C(C)OCC1O,AAr~AA{B}ABr,62.98066162317024
CCc1ccc[nH]1,CCc1ccc[nH]1,-1931.49,c1(CC)ccc[nH]1,AAaraaa{dQ}r,85.42291508124805
C1=NCC2CN12,C1=NCC2CN12,-1220.23,C12CN=CN1C2,Ar~DAAsADrs,45.62368503514034
C=CC[CH][N]NC,C=CC[CH][N]NC,-1631.81,CN[N][CH]CC=C,A~AA{AQ}{D}DA,68.65403554322037
C=C1CC(=O)CO1,C=C1CC(=O)CO1,-1395.16,C1(=C)CC(=O)CO1,A~ArAA{~B}ABr,55.4120596266619
C=C(C#N)OCC,C=C(C#N)OCC,-1451.64,O(CC)C(C#N)=C,A~A{A^D}BAA,58.572451765969845
CCC=COC=O,CCC=COC=O,-1533.34,C(OC=CCC)=O,AAA~ABA~B,63.14405300147724
CCCNCCC,CCCNCCC,-2057.64,C(CNCCC)C,AAADAAA,92.48175835981914
NCc1ccco1,NCc1ccco1,-1471.41,c1ccoc1CN,DAaraaabr,59.67870092663057
C=CCC1CCO1,C=CCC1CCO1,-1699.58,C1C(CC=C)OC1,A~AAArAABr,72.44617037468105
NC1CCN2CC12,NC1CCN2CC12,-1652.58,NC1C2CN2CC1,DArAADsAArs,69.8162406553561
CC1CCC1N,CC1CCC1N,-1615.55,C1(N)CCC1C,AArAAArD,67.7441917722369
OCC1(O)CNC1,OCC1(O)CNC1,-1937.27,C1C(CO)(O)CN1,BAAr{B}ADAr,85.74634048077354
C=C(CC)OCC,C=C(CC)OCC,-1850.05,CCOC(=C)CC,A~A{AA}BAA,80.86586239312413
C=C(CC)CCO,C=C(CC)CCO,-1850.91,OCCC(CC)=C,A~A{AA}AAB,80.91398451139266
CC#CC(C)NC,CC#CC(C)NC,-1761.56,CNC(C)C#CC,AA^AA{A}DA,75.91432024710147
CC1(N)CC1(C)N,CC1(N)CC1(C)N,-1522.62,CC1(N)C(C)(N)C1,AAr{D}AAr{A}D,62.544205201665235
CC1=COCOC1,CC1=COCOC1,-1521.24,C1C(C)=COCO1,AAr~ABABAr,62.466985988629766
CC#CCOCC,CC#CCOCC,-1689.02,C(OCC#CC)C,AA^AABAA,71.85527552710506
CC12CC1C=NO2,CC12CC1C=NO2,-1428.46,C1=NOC2(C)CC12,AArsAArA~DBs,57.27539281077936
CNC(=O)CC#N,CNC(=O)CC#N,-1359.55,N(C)C(=O)CC#N,ADA{~B}AA^D,53.41946819463718
CC12C=CC(C1)C2,CC12C=CC(C1)C2,-1781.62,C1=CC2CC1(C)C2,AArsA~AA{Ar}As,77.03679663368995
C=C1CNCC1O,C=C1CNCC1O,-1409.76,N1CC(O)C(=C)C1,A~ArADAArB,56.22901651819688
C=CC(O)C1CO1,C=CC(O)C1CO1,-1498.65,O1C(C(O)C=C)C1,A~AA{B}ArABr,61.20294104480953
C=CC1CNC1=O,C=CC1CNC1=O,-1462.41,N1CC(C=C)C1=O,A~AArADAr~B,59.175097363355576
C1=CCC=NN=C1,C1=CCC=NN=C1,-1374.26,N1=CCC=CC=N1,Ar~AAA~DD~Ar,54.24258024083442
CC1(N)CNC1,CC1(N)CNC1,-1486.89,C1NCC1(C)N,AAr{D}ADAr,60.54489905546356
CCC1(C)NC1C,CCC1(C)NC1C,-1528.46,C1(C)(CC)NC1C,AAAr{A}DArA,62.870987958279244
C1=CC2OCC2O1,C1=CC2OCC2O1,-1373.74,C12COC1C=CO2,Ar~AAsBAAsBr,54.21348314606742
CC(C)(N)CCN,CC(C)(N)CCN,-1935.18,C(C)(CCN)(C)N,AA{A}{D}AAD,85.62939254219081
C=C(C=O)OC,C=C(C=O)OC,-1218.35,C(=O)C(=C)OC,A~A{A~B}BA,45.518487846367336
C=CC(=C)C=O,C=CC(=C)C=O,-1280.22,C=C(C=O)C=C,A~AA{~A}A~B,48.98048256412552
C=C1CNN=C1C,C=C1CNN=C1C,-1662.97,C1(=C)CNN=C1C,A~ArADD~ArA,70.39762299118135
CCCCC=O,CCCCC=O,-1565.94,C(CCCC)=O,AAAAA~B,64.9682170195622
Cc1c[nH]c(=O)o1,Cc1c[nH]c(=O)o1,-1301.43,o1c(=O)[nH]cc1C,Aara{dQ}a{~B}br,50.16730829491025
CCC=CC#N,CCC=CC#N,-1364.82,N#CC=CCC,AAA~AA^D,53.71435605891043
NCC1NC1CO,NCC1NC1CO,-1586.56,N1C(CN)C1CO,DAArDArAB,66.12202873897667
CC1C=COC1,CC1C=COC1,-1425.6,C1OC=CC1C,AArA~ABAr,57.11535878956085
NN=C1C=CCC1,NN=C1C=CCC1,-1521.71,C1CC=CC1=NN,DD~ArA~AAAr,62.493285285823006
Cc1cccnn1,Cc1cccnn1,-1297.05,c1nnc(C)cc1,Aaraaaddr,49.922221227449754
CC1OC1C1CN1,CC1OC1C1CN1,-1565.31,C1NC1C1OC1C,AArBArArADr,64.93296477013294
C#CCS([O])([O])O,C#CCS([O])([O])O,-1323.8,[O]S(CC#C)([O])O,A^AAE{{B}}{{B}}B,51.419042929405975
OCCN1CC1,OCCN1CC1,-1409.71,C1N(CCO)C1,BAADrAAr,56.22621872062313
C=CC(=O)CC,C=CC(=O)CC,-1428.61,C(CC)(=O)C=C,A~AA{~B}AA,57.2837862035006
CC1C(N)C1(C)N,CC1C(N)C1(C)N,-1775.28,NC1(C)C(C)C1N,AArA{D}Ar{A}D,76.68203590133847
CNC1CCNC1,CNC1CCNC1,-1796.21,C1CC(NC)CN1,ADArAADAr,77.8531939657102
CC(O)CC1CC1,CC(O)CC1CC1,-1848.09,C1CC1CC(C)O,AA{B}AArAAr,80.75618872823314
[CH2]C=C[N]OCC,[CH2]C=C[N]OCC,-1558.56,[N](OCC)C=C[CH2],{AQs}A~A{D}BAA,64.5552620976767
OC1C2CCC1C2,OC1C2CCC1C2,-1712.62,C1C2C(O)C1CC2,BArAsAAArAs,73.17583598191503
CC1CC(=O)O1,CC1CC(=O)O1,-1249.56,C1(=O)OC(C)C1,AArAA{~B}Br,47.26487309190206
C=CC(=O)NNC,C=CC(=O)NNC,-1461.5,O=C(NNC)C=C,A~AA{~B}DDA,59.12417744751331
CCC(=O)NC=N,CCC(=O)NC=N,-1495.08,O=C(CC)NC=N,AAA{~B}DA~D,61.00317829804378
C=CC(C=O)=CC,C=CC(C=O)=CC,-1578.07,C(C(C=O)=CC)=C,A~AA{A~B}~AA,65.64696271095394
CC1CC2CC1C2,CC1CC2CC1C2,-1911.41,C12CC(CC1C)C2,AArAAsAArAs,84.29931957563008
C#CC(C)C,C#CC(C)C,-1300.09,C(C(C)C)#C,A^AA{A}A,50.092327319933744
C=CCONC=N,C=CCONC=N,-1423.32,N=CNOCC=C,A~AABDA~D,56.987779220197865
CC(C)C1CN1C,CC(C)C1CN1C,-1607.62,C1(C(C)C)N(C)C1,AA{A}ArADrA,67.30046107704014
CNC(C#N)C=O,CNC(C#N)C=O,-1326.99,C(C#N)(NC)C=O,ADA{A^D}A~B,51.59754241461122
C=CC1C(O)C1O,C=CC1C(O)C1O,-1497.78,OC1C(C=C)C1O,A~AArA{B}ArB,61.15425936702629
C#CCOC,C#CCOC,-1086.74,C(COC)#C,A^AABA,38.15412507274274
CC1C(O)CC1O,CC1C(O)CC1O,-1649.87,C1(O)C(C)C(O)C1,AArA{B}AArB,69.66460002685885
C#CC1OCC1N,C#CC1OCC1N,-1409.92,NC1C(C#C)OC1,A^AArBAArD,56.23796947043289
CC(C)N(C)C,CC(C)N(C)C,-1753.9,CN(C(C)C)C,AA{A}D{A}A,75.48569765880299
CON(C)C(C)=N,CON(C)C(C)=N,-1565.82,N(C(C)=N)(OC)C,ABD{A}A{A}~D,64.96150230538521
C#CCOCC#C,C#CCOCC#C,-1376.91,C(OCC#C)C#C,A^AABAA^A,54.39086351224317
CCOCC(N)=O,CCOCC(N)=O,-1554.79,O(CC(N)=O)CC,AABAA{D}~B,64.34430816061595
C=CC#CC=CC,C=CC#CC=CC,-1614.03,C(#CC=CC)C=C,A~AA^AA~AA,67.65913872599491
C#CS(=O)(=O)C#C,C#CS(=O)(=O)C#C,-1069.38,S(=O)(C#C)(=O)C#C,A^AE{~B}{~B}A^A,37.18272975513677
CN=C(C#N)NC,CN=C(C#N)NC,-1398.8,CNC(C#N)=NC,AD~A{A^D}DA,55.61573929003089
CCC(=O)C#N,CCC(=O)C#N,-1170.86,C(C(=O)C#N)C,AAA{~B}A^D,42.861139710819636
C=CCC#CCN,C=CCC#CCN,-1619.53,C(#CCC=C)CN,A~AAA^AAD,67.9668964591074
CCN1C=NCC1,CCN1C=NCC1,-1672.03,N1(CC)CCN=C1,AADrA~DAAr,70.90458391154485
CC1CN1CC=O,CC1CN1CC=O,-1576.49,C(=O)CN1CC1C,AArADrAA~B,65.55855230762346
C1CN2CC2CO1,C1CN2CC2CO1,-1572.21,C1COCC2CN12,ArADsAAsABr,65.31906083531045
N#CC(=O)C=CN,N#CC(=O)C=CN,-1739.3,O=C(C#N)C=CN,D^AA{~B}A~AD,74.668740767268
C=C1COCOC1,C=C1COCOC1,-1516.27,O1COCC(=C)C1,A~ArABABAr,62.188884909799
[NH][C]1NC2CC2O1,[NH][C]1NC2CC2O1,-1334.65,[C]1([NH])NC2C(O1)C2,{DQ}{A}rDAsAAsBr,52.02616500290972
O=C1CCCC1=O,O=C1CCCC1=O,-1409.62,C1C(=O)C(=O)CC1,B~ArAAAAr~B,56.221182684990374
N#CC1=CCC=C1,N#CC1=CCC=C1,-1398.58,C1=C(C#N)C=CC1,D^AAr~AAA~Ar,55.60342898070639
[NH][CH]N1CCCO1,[NH][CH]N1CCCO1,-1297.64,[NH][CH]N1OCCC1,{DQ}{AQ}DrAAABr,49.95523523882001
C=CC(N)COC,C=CC(N)COC,-1709.28,C(C(C=C)N)OC,A~AA{D}ABA,72.98894310398855
CC(O)C#CC=O,CC(O)C#CC=O,-1362.8,C(#CC=O)C(O)C,AA{B}A^AA~B,53.60132503693093
C1C2CC1C1NC21,C1C2CC1C1NC21,-1607.77,C1C2CC1C1C2N1,ArAsAArArDAsr,67.3088544697614
CC=CC(C)O,CC=CC(C)O,-1556.24,OC(C)C=CC,AA~AA{A}B,64.42544429025472
OCC=CC1CC1,OCC=CC1CC1,-1700.36,C1C(C=CCO)C1,BAA~AArAAr,72.48981601683155
OCC1CCC1,OCC1CCC1,-1549.15,C(C1CCC1)O,BAArAAAr,64.02871659429697
CC(C=CN)=NO,CC(C=CN)=NO,-1441.86,ON=C(C=CN)C,AA{A~AD}~DB,58.025202560544344
C#CCC#N,C#CCC#N,-903.23,C(C#C)C#N,A^AAA^D,27.885648417565694
C=CCCCCO,C=CCCCCO,-1847.41,OCCCCC=C,A~AAAAAB,80.71813868123016
C=CC1NC1C,C=CC1NC1C,-1471.27,C1(C)NC1C=C,A~AArDArA,59.67086709342405
CC1OC2CC1C2,CC1OC2CC1C2,-1702.71,CC1C2CC(C2)O1,AArBAsAArAs,72.6213125027978
C=C(CO)CCO,C=C(CO)CCO,-1650.61,OCCC(=C)CO,A~A{AB}AAB,69.70600743095036
CC=CC(N)CO,CC=CC(N)CO,-1725.0,NC(C=CC)CO,AA~AA{D}AB,73.86857066117553
[NH][C]1COCCN1,[NH][C]1COCCN1,-1470.47,C1CN[C]([NH])CO1,{DQ}{A}rABAADr,59.626102332244066
Cc1c[nH]c(=O)[nH]1,Cc1c[nH]c(=O)[nH]1,-1383.16,[nH]1cc(C)[nH]c1=O,Aara{dQ}a{~B}{dQ}r,54.74058820896192
CC1(C)OCC1=O,CC1(C)OCC1=O,-1524.29,C1OC(C)(C)C1=O,AAr{A}BAAr~B,62.63765164062849
CC1C=CNC1=O,CC1C=CNC1=O,-1490.51,O=C1C(C)C=CN1,AArA~ADAr~B,60.747459599803044
CC[CH][N]N(C)C,CC[CH][N]N(C)C,-1767.82,CN([N][CH]CC)C,AA{AQ}{D}D{A}A,76.26460450333498
CC1CC2NC2C1,CC1CC2NC2C1,-1784.49,C12NC1CC(C)C2,AArAAsDAsAr,77.19739021442321
CC1CC1CC=O,CC1CC1CC=O,-1715.58,C(CC1C(C)C1)=O,AArAArAA~B,73.34146559828103
C=CC(C)NC=O,C=CC(C)NC=O,-1606.2,CC(C=C)NC=O,A~AA{A}DA~B,67.22100362594567
CC(N)=CC#N,CC(N)=CC#N,-1252.07,NC(=CC#N)C,AA{D}~AA^D,47.40532253010431
C=CC#CC=O,C=CC#CC=O,-1124.79,C(C=C)#CC=O,A~AA^AA~B,40.28324902636645
C=CCCCC,C=CCCCC,-1751.2,C(CCCC)=C,A~AAAAA,75.33461658982051
CCCC(=O)NC,CCCC(=O)NC,-1754.43,O=C(NC)CCC,AAAA{~B}DA,75.51535431308476
NCCC1(O)CC1,NCCC1(O)CC1,-1717.17,OC1(CCN)CC1,DAAAr{B}AAr,73.43043556112629
C1CC2CCC2O1,C1CC2CCC2O1,-1682.88,O1CCC2C1CC2,ArAAsAAAsBr,71.51170598504858
C#CC(=O)C1CO1,C#CC(=O)C1CO1,-1205.42,O1C(C(C#C)=O)C1,A^AA{~B}ArABr,44.79497739379561
C1=CC2CN2N=C1,C1=CC2CN2N=C1,-1358.25,C1C2C=CC=NN12,Ar~AAsADsD~Ar,53.346725457719685
C=CCC(C)OC,C=CCC(C)OC,-1839.56,C=CCC(OC)C,A~AAA{A}BA,80.27888446215138
CNC(C)C1CN1,CNC(C)C1CN1,-1778.08,C1(C(C)NC)NC1,ADA{A}ArADr,76.83871256546846
C=CC(C)=O,C=CC(C)=O,-1132.96,C(C=C)(=O)C,A~AA{A}~B,40.74040914991719
CN1CCNC1=S,CN1CCNC1=S,-1275.55,N1C(=S)N(C)CC1,ADrAADAr~E,48.71916827073728
C#CCC(O)CO,C#CCC(O)CO,-1495.74,C(C(O)CC#C)O,A^AAA{B}AB,61.04010922601729
CC1CC1(O)CO,CC1CC1(O)CO,-1647.58,OC1(CO)CC1C,AArAAr{B}AB,69.5364608979811
CC1=CC(N)CC1,CC1=CC(N)CC1,-1437.89,C1C(C)=CC(N)C1,AAr~AA{D}AAr,57.80305743318861
NCC1(CO)CN1,NCC1(CO)CN1,-1586.69,C1NC1(CN)CO,DAAr{AB}ADr,66.12930301266843
CC(C=O)C1CN1,CC(C=O)C1CN1,-1582.48,C(=O)C(C)C1CN1,AA{A~B}ArADr,65.89372845695868
C=CC(=O)NC,C=CC(=O)NC,-1314.44,C(=O)(NC)C=C,A~AA{~B}DA,50.89529522359999
C#CC(N)C=CC,C#CC(N)C=CC,-1617.78,CC=CC(C#C)N,A^AA{D}A~AA,67.86897354402616
C1=NOC2CC2N1,C1=NOC2CC2N1,-1244.35,C1C2C1ON=CN2,Ar~DBAsAAsDr,46.97334258471731
CN1CC=CC1=O,CN1CC=CC1=O,-1487.22,C1C=CC(=O)N1C,ADrAA~AAr~B,60.5633645194503
C#CCOC(C)=O,C#CCOC(C)=O,-1377.86,C(=O)(OCC#C)C,A^AABA{A}~B,54.44402166614441
CC1(C)NC1CO,CC1(C)NC1CO,-1718.57,OCC1NC1(C)C,AAr{A}DArAB,73.50877389319129
CC#CC(C)C#N,CC#CC(C)C#N,-1789.07,C(C#CC)(C#N)C,AA^AA{A}A^D,77.4536684721787
CC1CCNC1=N,CC1CCNC1=N,-1180.68,C1(C)C(=N)NCC1,AArAADAr~D,43.41062715430414
CC=CC[CH][N]O,CC=CC[CH][N]O,-1563.58,O[N][CH]CC=CC,AA~AA{AQ}{D}B,64.8361609740812
CNC(=N)C(C)O,CNC(=N)C(C)O,-1609.24,OC(C(NC)=N)C,ADA{~D}A{A}B,67.39110971842966
CC(N)CNC=O,CC(N)CNC=O,-1625.46,C(NC=O)C(C)N,AA{D}ADA~B,68.29871525135414
CC1CN(C)C1=O,CC1CN(C)C1=O,-1609.6,CN1C(=O)C(C)C1,AArAD{A}Ar~B,67.41125386096064
OCCC1CCC1,OCCC1CCC1,-1844.62,C(C1CCC1)CO,BAAArAAAr,80.56202157661488
C=CN(C)C(C)=O,C=CN(C)C(C)=O,-1608.86,CN(C(C)=O)C=C,A~AD{A}A{A}~B,67.36984645686915
CC1=C(C)OCC1,CC1=C(C)OCC1,-1727.42,O1C(C)=C(C)CC1,AAr~A{A}BAAr,74.00398406374502
CC1CC1(C)O,CC1CC1(C)O,-1550.73,C1C(C)(O)C1C,AArAAr{A}B,64.11712699762747
Oc1ccc(O)[nH]1,Oc1ccc(O)[nH]1,-1215.35,Oc1[nH]c(O)cc1,Baraaa{B}{dQ}r,45.35061999194234
CC=COCC=O,CC=COCC=O,-1512.46,C(=COCC=O)C,AA~ABAA~B,61.975692734679264
CC(C)(C)C=O,CC(C)(C)C=O,-1567.07,CC(C=O)(C)C,AA{A}{A}A~B,65.03144724472895
CNCCCC=O,CNCCCC=O,-1726.38,N(CCCC=O)C,ADAAAA~B,73.94578987421103
CCC=CC(C)O,CCC=CC(C)O,-1851.85,C(C=CCC)(C)O,AAA~AA{A}B,80.96658310577912
C#CC1C(O)C1O,C#CC1C(O)C1O,-1344.79,C1(C#C)C(O)C1O,A^AArA{B}ArB,52.5935583508662
O=C1NCC1CO,O=C1NCC1CO,-1342.1,C1(CO)C(=O)NC1,B~ArDAArAB,52.443036841398445
C#CC(C=C)CC,C#CC(C=C)CC,-1745.35,C(CC)(C=C)C#C,A^AA{A~A}AA,75.00727427369173
[CH2][N]N(C)CC=O,[CH2][N]N(C)CC=O,-1430.7,[N]([CH2])N(C)CC=O,{AQs}{D}D{A}AA~B,57.400734142083365
OCc1cccs1,OCc1cccs1,-1369.73,c1ccc(CO)s1,BAaraaaer,53.98909978065267
C=CC1=CCCC1,C=CC1=CCCC1,-1786.94,C1=C(C=C)CCC1,A~AAr~AAAAr,77.33448229553696
[CH]1ON=C2NC[C]12,[CH]1ON=C2NC[C]12,-1137.66,[CH]1ON=C2[C]1CN2,{AQ}rBD~AsDA{A}rs,41.00340212184969
C#CC(C#C)CC,C#CC(C#C)CC,-1586.98,C(C#C)(C#C)CC,A^AA{A^A}AA,66.14553023859618
C#CCCOCC,C#CCCOCC,-1686.1,O(CC)CCC#C,A^AAABAA,71.69188414879807
C#CCC(N)CO,C#CCC(N)CO,-1568.07,OCC(N)CC#C,A^AAA{D}AB,65.08740319620395
C#CC(C)(C)C,C#CC(C)(C)C,-1596.25,CC(C)(C)C#C,A^AA{A}{A}A,66.66424190876941
C=COCCC=O,C=COCCC=O,-1515.32,O(CCC=O)C=C,A~ABAAA~B,62.135726755897764
N#CC=CC(N)=O,N#CC=CC(N)=O,-1053.25,C(=O)(C=CC#N)N,D^AA~AA{D}~B,36.280160257845026
OCc1cnsc1,OCc1cnsc1,-1245.87,n1cc(CO)cs1,BAaradear,47.0583956309593
CN(C)[N][CH]C=O,CN(C)[N][CH]C=O,-1435.76,C([CH][N]N(C)C)=O,AD{A}{D}{AQ}A~B,57.68387125654686
C#CC=C(C)C=O,C#CC=C(C)C=O,-1426.27,C(C(=CC#C)C)=O,A^AA~A{A}A~B,57.15284927704911
C=CC(CN)OC,C=CC(CN)OC,-1708.93,C(C=C)(CN)OC,A~AA{AD}BA,72.9693585209723
NCC(CN)CO,NCC(CN)CO,-1657.07,C(N)C(CO)CN,DAA{AD}AB,70.06748287747885
CC1CC1C1CC1,CC1CC1C1CC1,-1897.95,C1(C2CC2)C(C)C1,AArAArArAAr,83.5461524687766
CC1CC1[CH][N]O,CC1CC1[CH][N]O,-1558.06,[N](O)[CH]C1C(C)C1,AArAAr{AQ}{D}B,64.5272841219392
CC(C)C(C)O,CC(C)C(C)O,-1698.71,CC(C(O)C)C,AA{A}A{A}B,72.39748869689781
CC1(CO)CCO1,CC1(CO)CCO1,-1648.0,C1C(CO)(C)OC1,AAr{AB}AABr,69.5599623976006
CN1CC1CCN,CN1CC1CCN,-1778.39,C(CN)C1N(C)C1,ADrAArAAD,76.85605891042573
C1=CC2NCC2O1,C1=CC2NCC2O1,-1441.52,C1NC2C=COC12,Ar~AAsDAAsBr,58.00617753704284
C=CCCC=O,C=CCCC=O,-1420.96,C(=O)CCC=C,A~AAAA~B,56.855723174716864
CC1C=COC1=O,CC1C=COC1=O,-1412.53,C1(=O)C(C)C=CO1,AArA~ABAr~B,56.38401450378262
CC1CC(=O)C1O,CC1CC(=O)C1O,-1525.05,CC1C(O)C(=O)C1,AArAA{~B}ArB,62.6801781637495
COC1=NOCC1,COC1=NOCC1,-1368.11,C1(OC)=NOCC1,ABAr~DBAAr,53.898451139263166
NC1CCC(N)C1,NC1CCC(N)C1,-1809.16,C1(N)CC(N)CC1,DArAAA{D}Ar,78.57782353731145
C=C1CON=CO1,C=C1CON=CO1,-1230.27,C1C(=C)OC=NO1,A~ArABD~ABr,46.185482787949326
OCCCN1CC1,OCCCN1CC1,-1278.59,C(CCO)N1CC1,BAAADrAAr,48.88927436322127
C#CCC=CCN,C#CCC=CCN,-1618.72,C(=CCC#C)CN,A^AAA~AAD,67.92157213841266
C#CC(=O)C(=C)C,C#CC(=O)C(=C)C,-1423.08,C(C(=O)C#C)(C)=C,A^AA{~B}A{~A}A,56.97434979184386
CC1C2CNC1C2,CC1C2CNC1C2,-1776.84,C12CC(NC1)C2C,AArAsADArAs,76.76932718563947
C=CC1CC1O,C=CC1CC1O,-1402.93,C1C(C=C)C1O,A~AArAArB,55.846837369622634
CO[CH]C=C[N]N,CO[CH]C=C[N]N,-1439.62,C([CH]OC)=C[N]N,AB{AQ}A~A{D}D,57.89986122924033
C=CC(=C)C#CC,C=CC(=C)C#CC,-1615.69,C(#CC(=C)C=C)C,A~AA{~A}A^AA,67.7520256054434
CN(C)C,CN(C)C,-1163.14,N(C)(C)C,AD{A}A,42.429159765432665
N=CNCC1CO1,N=CNCC1CO1,-1463.2,N=CNCC1OC1,D~ADAArABr,59.219302565020826
CC1CN1NC=O,CC1CN1NC=O,-1446.62,CC1N(NC=O)C1,AArADrDA~B,58.291552889565324
CC(C#N)C#N,CC(C#N)C#N,-1105.98,N#CC(C)C#N,AA{A^D}A^D,39.230717579121716
[CH2][N]NC(C)C#N,[CH2][N]NC(C)C#N,-1378.33,CC(C#N)N[N][CH2],{AQs}{D}DA{A}A^D,54.47032096333766
N=CNCC1CC1,N=CNCC1CC1,-1659.68,C1(CNC=N)CC1,D~ADAArAAr,70.2135279108286
NCC1(N)CC1,NCC1(N)CC1,-1493.05,C(N)C1(N)CC1,DAAr{D}AAr,60.889587716549535
C=CC(=NC)NO,C=CC(=NC)NO,-1424.26,CN=C(NO)C=C,A~AA{~DA}DB,57.04037781458436
OC12CC=CC1C2,OC12CC=CC1C2,-1578.94,C1C2(O)C1C=CC2,BArsAA~AArAs,65.6956443887372
CC1=CC(C)NC1,CC1=CC(C)NC1,-1683.14,C1=C(C)CNC1C,AAr~AA{A}DAr,71.52625453243209
C1=CC2CCN2C1,C1=CC2CCN2C1,-1639.14,C1CN2CC=CC12,Ar~AAsAADsAr,69.06419266753214
CC1(C)COCO1,CC1(C)COCO1,-1661.83,C1(C)(C)OCOC1,AAr{A}ABABr,70.33383320649983
N=C1NCC2CC12,N=C1NCC2CC12,-1538.11,C1C2CC2C(=N)N1,D~ArDAAsAArs,63.41096289001299
CC(N)=O,CC(N)=O,-872.88,NC(C)=O,AA{D}~B,26.187385290299478
CCC(=NO)NC,CCC(=NO)NC,-1584.46,CCC(NC)=NO,AAA{~DB}DA,66.00452124087919
c1snc2c1CN2,c1snc2c1CN2,-1065.95,s1nc2c(c1)CN2,aredasarADs,36.99080084157751
CNCCCOC,CNCCCOC,-1847.52,O(CCCNC)C,ADAAABA,80.7242938358924
O=CC1CCOC1,O=CC1CCOC1,-1527.89,C1OCC(C=O)C1,B~AArAABAr,62.83909306593851
CC(N)C1(C)CN1,CC(N)C1(C)CN1,-1785.27,C(N)(C1(C)CN1)C,AA{D}Ar{A}ADr,77.24103585657372
CCNCC(C)=O,CCNCC(C)=O,-1732.59,N(CC(=O)C)CC,AADAA{A}~B,74.29327633287078
CC1(C2CC2)CO1,CC1(C2CC2)CO1,-1696.12,O1C(C2CC2)(C)C1,AAr{AsAAs}ABr,72.25256278257754
CC1CC1(C)C,CC1CC1(C)C,-1751.18,C1(C)(C)C(C)C1,AArAAr{A}A,75.33349747079102
COC(C)CCO,COC(C)CCO,-1786.15,CC(CCO)OC,ABA{A}AAB,77.29027709387171
O=C1C=CC(=O)N1,O=C1C=CC(=O)N1,-1340.64,C1(=O)C=CC(=O)N1,B~ArA~AA{~B}Dr,52.36134115224496
C=C1CCNC1,C=C1CCNC1,-1492.6,C=C1CNCC1,A~ArAADAr,60.86440753838578
C=C(CN)CCO,C=C(CN)CCO,-1723.89,C(=C)(CCO)CN,A~A{AD}AAB,73.80645955503829
C=CC(C)NCC,C=CC(C)NCC,-1913.79,C=CC(NCC)C,A~AA{A}DAA,84.43249474014057
Cc1csc(C)c1,Cc1csc(C)c1,-1445.73,Cc1cc(C)sc1,Aaraea{A}ar,58.24175209275258
CC1=CCCNC1,CC1=CCCNC1,-1464.53,C1(C)=CCCNC1,AAr~AAADAr,59.293723980482575
C=C(C)CN1CC1,C=C(C)CN1CC1,-1764.01,C(C(C)=C)N1CC1,A~A{A}ADrAAr,76.05141232821524
C1C2C3CN1CC23,C1C2C3CN1CC23,-1649.74,C12CN3CC1C2C3,ArAsAtADrAAst,69.65732575316711
COC(=O)C=CN,COC(=O)C=CN,-1421.71,O=C(C=CN)OC,ABA{~B}A~AD,56.897690138323114
C1=CC2OCC1O2,C1=CC2OCC1O2,-1378.2,O1C2C=CC1CO2,Ar~AAsBAArBs,54.463046689645914
CC(N)C(O)CN,CC(N)C(O)CN,-1739.36,C(C(C(N)C)O)N,AA{D}A{B}AD,74.67209812435651
CC(C)S(N)(=O)=O,CC(C)S(N)(=O)=O,-1227.48,C(C)(C)S(N)(=O)=O,AA{A}E{D}{~B}~B,46.029365683334085
C#CCCC(C)O,C#CCCC(C)O,-1695.1,C(C)(CCC#C)O,A^AAAA{A}B,72.19548771207305
O=C1CC=CCC1,O=C1CC=CCC1,-1600.93,C1C=CCC(=O)C1,B~ArAA~AAAr,66.92611576167242
C=CC(O)C(=C)C,C=CC(O)C(=C)C,-1705.28,OC(C=C)C(C)=C,A~AA{B}A{~A}A,72.76511929808856
CN1OCCC1=O,CN1OCCC1=O,-1387.74,O=C1CCON1C,ADrBAAAr~B,54.99686646671741
[CH2][N]OC(=O)C=C,[CH2][N]OC(=O)C=C,-1237.81,C=CC(O[N][CH2])=O,{AQs}{D}BA{~B}A~A,46.60739066207082
CN1CCOC1=O,CN1CCOC1=O,-1433.18,C1COC(=O)N1C,ADrAABAr~B,57.53950490174136
O=CC1=CCNC1,O=CC1=CCNC1,-1590.86,C(=O)C1=CCNC1,B~AAr~AADAr,66.36263933031918
CNCCCC#N,CNCCCC#N,-1666.65,C(CCCNC)#N,ADAAAA^D,70.60354089260935
CCOC1CC1,CCOC1CC1,-1541.73,O(C1CC1)CC,AABArAAr,63.61352343435247
C=CC(CC)=NO,C=CC(CC)=NO,-1565.37,CCC(C=C)=NO,A~AA{AA}~DB,64.93632212722144
CCOC(C)=NO,CCOC(C)=NO,-1511.72,N(O)=C(OCC)C,AABA{A}~DB,61.93428533058778
NCC1OC1CO,NCC1OC1CO,-1513.35,OCC1C(CN)O1,DAArBArAB,62.025493531492
CC(N)CCO,CC(N)CCO,-1572.81,NC(CCO)C,AA{D}AAB,65.35263440619543
C=Cc1nnco1,C=Cc1nnco1,-1202.77,C(=C)c1nnco1,A~Aarddabr,44.64669412238686
CC1=NNC(=O)C1,CC1=NNC(=O)C1,-1358.28,N1C(=O)CC(C)=N1,AAr~DDA{~B}Ar,53.34840413626394
CC12CC1C=CO2,CC12CC1C=CO2,-1575.58,C12(C)OC=CC1C2,AArsAArA~ABs,65.50763239178119
C1CC2CC1CN2,C1CC2CC1CN2,-1802.8,C12NCC(CC1)C2,ArAAsAArADs,78.22194368593044
C=CC(=O)CCO,C=CC(=O)CCO,-1524.76,C(CCO)(=O)C=C,A~AA{~B}AAB,62.66395093782176
CC1C=CCC1=O,CC1C=CCC1=O,-1600.58,C1(C)C=CCC1=O,AArA~AAAr~B,66.90653117865615
ON=C1CC=CO1,ON=C1CC=CO1,-1183.96,O1C(=NO)CC=C1,BD~ArAA~ABr,43.59416267514213
CNC1CC1C,CNC1CC1C,-1615.68,CC1C(NC)C1,ADArAArA,67.75146604592865
CC(O)CC1CN1,CC(O)CC1CN1,-1717.88,C1(CC(O)C)NC1,AA{B}AArADr,73.47016428667354
C#CC(CN)OC,C#CC(CN)OC,-1551.09,C#CC(OC)CN,A^AA{AD}BA,64.13727114015848
CNCC(O)C=O,CNCC(O)C=O,-1530.41,N(C)CC(O)C=O,ADAA{B}A~B,62.9801020636555
CC(=O)C(C)CO,CC(=O)C(C)CO,-1671.11,OCC(C(=O)C)C,AA{~B}A{A}AB,70.85310443618783
CC1=NCC(=O)N1,CC1=NCC(=O)N1,-1374.71,C1N=C(C)NC1=O,AAr~DAA{~B}Dr,54.267760418998165
C1CCN2CC2C1,C1CCN2CC2C1,-1780.38,N12C(CCCC1)C2,ArAADsAAsAr,76.96741125386096
CC1N=CN2CC12,CC1N=CN2CC12,-1412.17,N1=CN2C(C1C)C2,AArD~ADsAArs,56.363870361251635
C#CCC(=N)NO,C#CCC(=N)NO,-1355.33,C#CCC(NO)=N,A^AAA{~D}DB,53.18333407941269
CC(N)CO,CC(N)CO,-1275.79,C(O)C(C)N,AA{D}AB,48.73259769909128
CC1=NNCCO1,CC1=NNCCO1,-1464.47,C1(C)=NNCCO1,AAr~DDAABr,59.29036662339408
C#CC(C)N[N][CH2],C#CC(C)N[N][CH2],-1472.1,N([N][CH2])C(C#C)C,A^AA{A}D{D}{AQs},59.7173105331483
O=C1CCC1CO,O=C1CCC1CO,-1524.47,C1(=O)CCC1CO,B~ArAAArAB,62.64772371189401
C#CC(C)CC=C,C#CC(C)CC=C,-1746.46,CC(CC=C)C#C,A^AA{A}AA~A,75.069385379829
C1CC2OCC1O2,C1CC2OCC1O2,-1532.81,C1CC2OC1CO2,ArAAsBAArBs,63.11439634719548
CC(O)CC(N)=O,CC(O)CC(N)=O,-1564.47,OC(C)CC(N)=O,AA{B}AA{D}~B,64.88596177089397
O=C(NO)C1CC1,O=C(NO)C1CC1,-1200.27,C1CC1C(NO)=O,B~A{DB}ArAAr,44.506804243699364
C1=CC2CC1N2,C1=CC2CC1N2,-1317.08,C1C2NC1C=C2,Ar~AAsAArDs,51.04301893549398
CCCC(=O)NO,CCCC(=O)NO,-1525.9,O=C(NO)CCC,AAAA{~B}DB,62.72774072250325
NCC1(O)COC1,NCC1(O)COC1,-1515.32,C1(O)(CN)COC1,DAAr{B}ABAr,62.135726755897764
[CH]1C=C[C]2CCN12,[CH]1C=C[C]2CCN12,-1511.0,C1[C]2N(C1)[CH]C=C2,{AQ}rA~A{A}sAADrs,61.89399704552576
CN1CC1C=O,CN1CC1C=O,-1279.99,O=CC1N(C)C1,ADrAArA~B,48.96761269528627
C=Nn1cccc1,C=Nn1cccc1,-1389.88,c1cn(N=C)cc1,A~Ddraaaar,55.11661220287391
COCC#CCN,COCC#CCN,-1553.33,NCC#CCOC,ABAA^AAD,64.26261247146246
C#CCNCCO,C#CCNCCO,-1465.07,C(CNCCO)#C,A^AADAAB,59.32394019427907
CN1CCCC=N1,CN1CCCC=N1,-1654.97,C1CCN(C)N=C1,ADrAAAA~Dr,69.94997537938136
C=CC(O)C(N)=O,C=CC(O)C(N)=O,-1413.01,C(=C)C(O)C(N)=O,A~AA{B}A{D}~B,56.410873360490626
COCC(C)=NO,COCC(C)=NO,-1499.97,C(COC)(=NO)C,ABAA{A}~DB,61.276802900756536
C1=CCOCC1,C1=CCOCC1,-1424.24,C1C=CCOC1,Ar~AABAAr,57.039258695554864
CC1=CO[C]([NH])N1,CC1=CO[C]([NH])N1,-1350.31,C1=C(C)N[C]([NH])O1,AAr~AB{A}{{DQ}}Dr,52.902435203008196
C#CCCC(C)=O,C#CCCC(C)=O,-1568.98,C(CC#C)C(=O)C,A^AAAA{A}~B,65.1383231120462
C#CCCNC=O,C#CCCNC=O,-1360.52,C(CNC=O)C#C,A^AAADA~B,53.47374546756794
CCc1ccno1,CCc1ccno1,-1459.17,c1(CC)oncc1,AAaraadbr,58.99380008057658
CC#CCN(C)C,CC#CCN(C)C,-1755.53,N(C)(C)CC#CC,AA^AAD{A}A,75.57690585970724
Cc1csc(N)c1,Cc1csc(N)c1,-1319.57,c1(N)cc(C)cs1,Aaraea{D}ar,51.18234925466673
CCC(C)O,CCC(C)O,-1402.97,C(C(C)O)C,AAA{A}B,55.849075607681634
C=CCOC,C=CCOC,-1245.18,O(CC=C)C,A~AABA,47.019786024441565
CCC1CC1C,CCC1CC1C,-1750.53,CC1C(CC)C1,AAArAArA,75.29712610233224
O=CN1CC1,O=CN1CC1,-988.34,N1(C=O)CC1,B~ADrAAr,32.64805944760285
CC1C=NOCO1,CC1C=NOCO1,-1368.22,CC1OCON=C1,AArA~DBABr,53.904606293925426
CCC#CCN,CCC#CCN,-1470.05,C(C#CCN)C,AAA^AAD,59.60260083262456
CC1(C=O)CCO1,CC1(C=O)CCO1,-1509.18,C1CC(C)(C=O)O1,AAr{A~B}AABr,61.79215721384128
C#CC=CC=O,C#CC=CC=O,-1126.87,C(=CC=O)C#C,A^AA~AA~B,40.39963740543443
CN=C1CCCN1,CN=C1CCCN1,-1677.9,N(=C1CCCN1)C,AD~ArAAADr,71.23304534670308
CCC1(O)CC1C,CCC1(O)CC1C,-1849.04,OC1(CC)C(C)C1,AAAr{B}AArA,80.80934688213439
C1=CC2CC(C1)C2,C1=CC2CC(C1)C2,-1648.85,C12CC=CC(C1)C2,Ar~AAsAA{Ar}As,69.60752495635435
CC#CCC,CC#CCC,-1306.23,C(C)C#CC,AA^AAA,50.435896861990244
C=CC(N)CN,C=CC(N)CN,-1492.5,C(C(N)C=C)N,A~AA{D}AD,60.85881194323828
C1=CCN2CC2C1,C1=CCN2CC2C1,-1611.14,N12CC1CC=CC2,Ar~AADsAAsAr,67.49742602623218
C=C(C)C(C)CO,C=C(C)C(C)CO,-1850.85,CC(=C)C(CO)C,A~A{A}A{A}AB,80.91062715430412
C1CC2CC(C2)N1,C1CC2CC(C2)N1,-1782.79,C1C2CC1CCN2,ArAAsAA{As}Dr,77.10226509691572
CC(CN)OC=O,CC(CN)OC=O,-1548.93,C(OC(CN)C)=O,AA{AD}BA~B,64.01640628497248
O=C(CO)C1CC1,O=C(CO)C1CC1,-1527.17,C1CC1C(=O)CO,B~A{AB}ArAAr,62.798804780876495
C=C(C)C#CC=O,C=C(C)C#CC=O,-1422.17,C=C(C#CC=O)C,A~A{A}A^AA~B,56.92342987600162
O=C(O)CN1CC1,O=C(O)CN1CC1,-1309.71,C1N(CC(O)=O)C1,B~A{B}ADrAAr,50.63062357312324
C=CC=CC=CC,C=CC=CC=CC,-1774.23,CC=CC=CC=C,A~AA~AA~AA,76.62328215228972
C1=CC2OC2C1,C1=CC2OC2C1,-1273.24,C1C2OC2C=C1,Ar~AAsBAsAr,48.58991002283003
CC1CNC(=S)N1,CC1CNC(=S)N1,-1319.07,S=C1NC(C)CN1,AArADA{~E}Dr,51.15437127892923
CCCC=CCN,CCCC=CCN,-1920.45,C(=CCN)CCC,AAAA~AAD,84.80516137696408
CCC(C)C(C)O,CCC(C)C(C)O,-1992.8,CC(CC)C(O)C,AAA{A}A{A}B,88.85357446618023
NCC=CCO,NCC=CCO,-1424.38,C(=CCO)CN,DAA~AAB,57.04709252876137
C#CC(N)CCN,C#CC(N)CCN,-1631.36,NCCC(N)C#C,A^AA{D}AAD,68.62885536505664
CC(C)(CN)CO,CC(C)(CN)CO,-1866.88,OCC(C)(CN)C,AA{A}{AD}AB,81.80760105644836
CCCCC(C)O,CCCCC(C)O,-1994.91,C(C(O)C)CCC,AAAAA{A}B,88.9716415237925
CCCCCO,CCCCCO,-1696.13,C(O)CCCC,AAAAAB,72.25312234209231
N=C(N)C1CC1O,N=C(N)C1CC1O,-1453.98,N=C(C1CC1O)N,D~A{D}ArAArB,58.70338869242132
C=C1CNC(=N)C1,C=C1CNC(=N)C1,-1781.18,C1NC(=N)CC1=C,A~ArADA{~D}Ar,77.01217601504098
C=CN=CNC=O,C=CN=CNC=O,-1349.74,C(N=CNC=O)=C,A~AD~ADA~B,52.870540310667444
C[CH][N]NCC,C[CH][N]NCC,-1483.97,[CH]([N]NCC)C,A{AQ}{D}DAA,60.381507677156556
C#CC(CO)CO,C#CC(CO)CO,-1490.92,C(C#C)(CO)CO,A^AA{AB}AB,60.77040153990779
CC(O)C(C)CO,CC(O)C(C)CO,-1796.65,C(O)(C(CO)C)C,AA{B}A{A}AB,77.8778145843592
C#CC=CC1CC1,C#CC=CC1CC1,-1603.11,C(=CC1CC1)C#C,A^AA~AArAAr,67.04809973588792
CC1CO1,CC1CO1,-953.49,C1(C)OC1,AArABr,30.697994538699138
N#CC1CCO1,N#CC1CCO1,-1151.67,O1CCC1C#N,D^AArAABr,41.787345002014426
C=CC#CCN,C=CC#CCN,-1326.82,C(C#CCN)=C,A~AA^AAD,51.58802990286047
CC(C)C(N)CN,CC(C)C(N)CN,-1932.69,CC(C(N)CN)C,AA{A}A{D}AD,85.49006222301804
C1=NOC2COC12,C1=NOC2COC12,-1222.34,C1=NOC2C1OC2,Ar~DBAsABArs,45.74175209275258
CCNC(=O)C#N,CCNC(=O)C#N,-1355.27,CCNC(C#N)=O,AADA{~B}A^D,53.17997672232419
CCC1NC1CN,CCC1NC1CN,-1909.91,NCC1C(CC)N1,AAArDArAD,84.21538564841758
CCCC1(C)CO1,CCCC1(C)CO1,-1845.02,C(C1(C)CO1)CC,AAAAr{A}ABr,80.5844039572049
C=C1COCC1C,C=C1COCC1C,-1718.06,O1CC(=C)C(C)C1,A~ArABAArA,73.48023635793902
S=C1NCC2CN12,S=C1NCC2CN12,-1553.8,N12CC1CNC2=S,E~ArDAAsADrs,64.28891176865572
O=C1CCC1O,O=C1CCC1O,-1228.4,OC1CCC1=O,B~ArAAArB,46.08084515869109
C1CCCCC1,C1CCCCC1,-1774.46,C1CCCCC1,ArAAAAAr,76.63615202112898
CCNC(=O)OC,CCNC(=O)OC,-1563.94,C(NC(=O)OC)C,AADA{~B}BA,64.8563051166122
NN=C1C=CCO1,NN=C1C=CCO1,-1430.06,N(N)=C1OCC=C1,DD~ArA~AABr,57.36492233313935
COC1CC=CC1,COC1CC=CC1,-1716.27,O(C1CC=CC1)C,ABArAA~AAr,73.38007520479879
COCCCCN,COCCCCN,-1853.5,C(CCCN)OC,ABAAAAD,81.05891042571288
COCC1CN1,COCC1CN1,-1407.21,COCC1NC1,ABAArADr,56.08632884193563
C#CC(C=C)=NN,C#CC(C=C)=NN,-1337.15,NN=C(C=C)C#C,A^AA{A~A}~DD,52.16605488159722
CC1N=CNC1=O,CC1N=CNC1=O,-1369.93,N1C=NC(C)C1=O,AArD~ADAr~B,54.000290970947674
NCC#CC1CO1,NCC#CC1CO1,-1412.17,C1(C#CCN)CO1,DAA^AArABr,56.363870361251635
C=CC#CCCC,C=CC#CCCC,-1754.73,C(#CC=C)CCC,A~AA^AAAA,75.53214109852725
CC=CCNC,CC=CCNC,-1618.56,C(CNC)=CC,AA~AADA,67.91261918617664
C[CH][N]OCC,C[CH][N]OCC,-1404.28,O(CC)[N][CH]C,A{AQ}{D}BAA,55.92237790411389
C=CC(C)(O)C=C,C=CC(C)(O)C=C,-1704.46,OC(C=C)(C)C=C,A~AA{A}{B}A~A,72.71923541787905
CNCC=COC,CNCC=COC,-1709.39,C(OC)=CCNC,ADAA~ABA,72.99509825865081
C#CCC1CCN1,C#CCC1CCN1,-1915.1,C1(CC#C)NCC1,A^AAArAADr,84.5057970365728
C#CC1=NOCC1,C#CC1=NOCC1,-1274.45,C1CC(C#C)=NO1,A^AAr~DBAAr,48.65761672411478
CO[N][CH]CC=O,CO[N][CH]CC=O,-1364.25,O(C)[N][CH]CC=O,AB{D}{AQ}AA~B,53.68246116656968
CC(C)NNC=O,CC(C)NNC=O,-1604.32,C(NNC(C)C)=O,AA{A}DDA~B,67.11580643717267
N#CCC1CN1,N#CCC1CN1,-1224.46,N#CCC1NC1,D^AAArADr,45.86037870987958
CNC1CC1C=O,CNC1CC1C=O,-1583.67,C(C1C(NC)C1)=O,ADArAArA~B,65.96031603921394
CC(=O)C(C)C#N,CC(=O)C(C)C#N,-1474.78,C(#N)C(C)C(C)=O,AA{~B}A{A}A^D,59.86727248310132
COCC#CC#N,COCC#CC#N,-1279.69,C(COC)#CC#N,ABAA^AA^D,48.95082590984377
C=CCCOCC,C=CCCOCC,-1841.43,C(C=C)COCC,A~AAABAA,80.38352209140966
CC1COCC1O,CC1COCC1O,-1661.7,CC1C(O)COC1,AArABAArB,70.32655893280811
CC(=O)CC1CC1,CC(=O)CC1CC1,-1721.47,O=C(CC1CC1)C,AA{~B}AArAAr,73.67104615246878
CC(C)C(C)C=O,CC(C)C(C)C=O,-1860.2,CC(C(C)C)C=O,AA{A}A{A}A~B,81.4338153005954
C#CCC=CC=O,C#CCC=CC=O,-1420.67,C(CC#C)=CC=O,A^AAA~AA~B,56.83949594878912
CO[N][CH]CCN,CO[N][CH]CCN,-1567.19,C([CH][N]OC)CN,AB{D}{AQ}AAD,65.03816195890596
CC#CC(=N)NC,CC#CC(=N)NC,-1509.8,CC#CC(NC)=N,AA^AA{~D}DA,61.826849903755765
CC=CC=CC=O,CC=CC=CC=O,-1587.58,C(C=CC=CC)=O,AA~AA~AA~B,66.17910380948118
C1CC2NC2CO1,C1CC2NC2CO1,-1583.2,O1CC2C(CC1)N2,ArAAsDAsABr,65.93401674202069
C1CCC2(C1)CN2,C1CCC2(C1)CN2,-1787.24,C1C2(CCCC2)N1,ArAAAs{Ar}ADs,77.35126908097946
C=CC(C)=NNC,C=CC(C)=NNC,-1640.35,C(=C)C(C)=NNC,A~AA{A}~DDA,69.13189936881686
CN(C)C(=O)C#N,CN(C)C(=O)C#N,-1346.56,C(C#N)(N(C)C)=O,AD{A}A{~B}A^D,52.69260038497695
CCN(CC)CC,CCN(CC)CC,-2050.09,N(CC)(CC)CC,AAD{AA}AA,92.05929092618291
Nc1c[nH]cc1O,Nc1c[nH]cc1O,-1350.16,c1(O)c(N)c[nH]c1,Dara{dQ}aarB,52.89404181028695
CC#CC(C)N,CC#CC(C)N,-1472.08,C(#CC(N)C)C,AA^AA{A}D,59.7161914141188
CNc1ccoc1,CNc1ccoc1,-1464.54,N(c1ccoc1)C,ADaraabar,59.29428353999731
CCC1CC1N,CCC1CC1N,-1620.26,C1C(N)C1CC,AAArAArD,68.00774430368415
O=CC1CC=NO1,O=CC1CC=NO1,-1254.89,C1=NOC(C=O)C1,B~AArAA~DBr,47.56311831326381
C=CC(=C)C1CN1,C=CC(=C)C1CN1,-1306.74,C(C1NC1)(=C)C=C,A~AA{~A}ArADr,50.46443439724249
CCN,CCN,-879.38,C(C)N,AAD,26.55109897488697
OCC(O)C1CC1,OCC(O)C1CC1,-1648.23,C1(C(O)CO)CC1,BAA{B}ArAAr,69.57283226643986
CC1=NOCCO1,CC1=NOCCO1,-1376.97,C1OC(C)=NOC1,AAr~DBAABr,54.39422086933167
Nn1ccc(O)c1,Nn1ccc(O)c1,-1460.97,c1cc(O)cn1N,Ddraaa{B}ar,59.09452079323158
C=C(C)C(C)CN,C=C(C)C(C)CN,-1919.24,C(C(C)=C)(CN)C,A~A{A}A{A}AD,84.73745467567932
NCC1=CCOC1,NCC1=CCOC1,-1589.34,C1=C(CN)COC1,DAAr~AABAr,66.27758628407717
CC1CCNCC1,CC1CCNCC1,-1368.25,C1(C)CCNCC1,AArAADAAr,53.90628497246968
CC1=CCNC1,CC1=CCNC1,-1497.07,C1NCC=C1C,AAr~AADAr,61.11453064147903
C#CC1CC(=O)N1,C#CC1CC(=O)N1,-1676.92,C1C(C#C)NC1=O,A^AArAA{~B}Dr,71.17820851425758
CCC#CC(C)N,CCC#CC(C)N,-1767.49,C(CC)#CC(N)C,AAA^AA{A}D,76.24613903934824
C1=NOCC2OC12,C1=NOCC2OC12,-1217.83,C1=NOCC2C1O2,Ar~DBAAsBArs,45.48939075160034
CC#CC(N)CC,CC#CC(N)CC,-1767.83,NC(C#CC)CC,AA^AA{D}AA,76.2651640628497
C1=CC=CCC=C1,C1=CC=CCC=C1,-1780.42,C1=CCC=CC=C1,Ar~AA~AAA~Ar,76.96964949191997
CC(CO)N(C)C,CC(CO)N(C)C,-1853.35,C(C)(N(C)C)CO,AA{AB}D{A}A,81.05051703299162
C=CC(C)NC=N,C=CC(C)NC=N,-1658.75,N(C=N)C(C)C=C,A~AA{A}DA~D,70.16148887595685
CC1C=CC2NC12,CC1C=CC2NC12,-1344.98,C12NC1C=CC2C,AArA~AAsDArs,52.60418998164645
C#CC1=CCC=C1,C#CC1=CCC=C1,-1490.06,C1=CC(C#C)=CC1,A^AAr~AAA~Ar,60.72227942163928
ON=C1CC=CC1,ON=C1CC=CC1,-1458.84,C1C=CCC1=NO,BD~ArAA~AAr,58.97533461658983
NCCCC1CN1,NCCCC1CN1,-1782.57,C(CCC1NC1)N,DAAAArADr,77.08995478759121
C1=NNCCOC1,C1=NNCCOC1,-1437.54,C1OCCNN=C1,Ar~DDAABAr,57.78347285017234
OC1C2CCC1O2,OC1C2CCC1O2,-1504.59,C1C2OC(C2O)C1,BArAsAAArBs,61.535319396571026
CC(C)(O)CN,CC(C)(O)CN,-1574.89,CC(O)(C)CN,AA{A}{B}AD,65.46902278526346
C1CC2CCC1N2,C1CC2CCC1N2,-1804.68,C12CCC(CC1)N2,ArAAsAAArDs,78.32714087470346
C=C(C)C(=O)OC,C=C(C)C(=O)OC,-1538.75,COC(=O)C(=C)C,A~A{A}A{~B}BA,63.44677469895698
C=CC(N)C(C)O,C=CC(N)C(C)O,-1721.82,OC(C)C(N)C=C,A~AA{D}A{A}B,73.69063073548503
CC(O)CC#N,CC(O)CC#N,-1307.18,C(CC(C)O)#N,AA{B}AA^D,50.489055015891495
C=CC(=C)CNC,C=CC(=C)CNC,-1771.51,CNCC(=C)C=C,A~AA{~A}ADA,76.47108196427773
C1CC2CC1CO2,C1CC2CC1CO2,-1732.12,C1C2CC(CO2)C1,ArAAsAArABs,74.2669770356775
C=C1CNC(=S)N1,C=C1CNC(=S)N1,-1934.12,C1(=C)NC(=S)NC1,A~ArADA{~E}Dr,85.57007923362728
CC1CC2CN1C2,CC1CC2CN1C2,-1769.35,C1C(C)N2CC1C2,AArAAsADrAs,76.35021710909172
NC1CC1C1CC1,NC1CC1C1CC1,-1770.09,C1(C2CC2)CC1N,DArAArArAAr,76.39162451318323
C=CC1C=NN=C1,C=CC1C=NN=C1,-1519.72,N1=CC(C=C)C=N1,A~AArA~DD~Ar,62.38193294238776
COC1C=CCO1,COC1C=CCO1,-1513.75,COC1OCC=C1,ABArA~AABr,62.047875912082006
Cc1c[nH]c(N)c1,Cc1c[nH]c(N)c1,-1502.63,c1(N)[nH]cc(C)c1,Aara{dQ}a{D}ar,61.42564573168003
CC1CC(=O)CN1,CC1CC(=O)CN1,-1610.23,C1(=O)CNC(C)C1,AArAA{~B}ADr,67.44650611038989
O[N][CH]N1CCC1,O[N][CH]N1CCC1,-1425.95,C1N([CH][N]O)CC1,B{D}{AQ}DrAAAr,57.13494337257711
CC1NC1CC#N,CC1NC1CC#N,-1912.4,C1(C)NC1CC#N,AArDArAA^D,84.35471596759032
C=CC(CO)=NN,C=CC(CO)=NN,-1436.72,C=CC(=NN)CO,A~AA{AB}~DD,57.73758896996286
OC1CCNCC1,OC1CCNCC1,-1610.75,C1CNCCC1O,BArAADAAr,67.4756032051569
Cc1co[nH]c1=O,Cc1co[nH]c1=O,-1261.81,Cc1c(=O)[nH]oc1,Aarab{dQ}ar~B,47.950333497470794
CCC1C=NNC1,CCC1C=NNC1,-1913.67,C1(CC)CNN=C1,AAArA~DDAr,84.42578002596356
C=C(C)O[CH][N]O,C=C(C)O[CH][N]O,-1361.23,CC(=C)O[CH][N]O,A~A{A}B{AQ}{D}B,53.51347419311519
CC(C)=NO,CC(C)=NO,-1119.24,ON=C(C)C,AA{A}~DB,39.972693495680204
N#CC#CCCO,N#CC#CCCO,-1602.75,C(CC#CC#N)O,D^AA^AAAB,67.02795559335691
CCC1(C)CCN1,CCC1(C)CCN1,-1385.06,C1(C)(CC)CCN1,AAAr{A}AADr,54.846904516764404
C#CC1OC1CC,C#CC1OC1CC,-1542.17,C(C1OC1CC)#C,A^AArBArAA,63.63814405300148
C#CC(CC)NC,C#CC(CC)NC,-1755.5,C(#C)C(NC)CC,A^AA{AA}DA,75.57522718116299
NC12CCC(C1)C2,NC12CCC(C1)C2,-1781.04,C12CC(N)(CC1)C2,DArsAAA{Ar}As,77.00434218183446
C=C1CCC(N)C1,C=C1CCC(N)C1,-1796.26,C1C(N)CC(=C)C1,A~ArAAA{D}Ar,77.85599176328395
C=CCO[CH][N]O,C=CCO[CH][N]O,-1380.61,O[N][CH]OCC=C,A~AAB{AQ}{D}B,54.597900532700656
CNC1CC1CO,CNC1CC1CO,-1711.82,C1(NC)CC1CO,ADArAArAB,73.13107122073504
C=CCNC,C=CCNC,-1319.45,N(CC=C)C,A~AADA,51.17563454048973
CC12COCC1C2,CC12COCC1C2,-1713.33,O1CC2CC2(C)C1,AArsABAArAs,73.21556470746228
CC1OCC1C#N,CC1OCC1C#N,-1453.68,C1(C)OCC1C#N,AArBAArA^D,58.68660190697884
CCC=CCCN,CCC=CCCN,-1658.24,C(=CCCN)CC,AAA~AAAD,70.13295134070461
O=C1C=CCC1=O,O=C1C=CCC1=O,-1271.54,O=C1C(=O)CC=C1,B~ArA~AAAr~B,48.49478490532253
CCC(C)CCN,CCC(C)CCN,-2061.07,C(CN)C(C)CC,AAA{A}AAD,92.6736872733784
C#CCNCC,C#CCNCC,-1459.54,N(CC)CC#C,A^AADAA,59.01450378262231
[CH]1O[N][C]2CO[C]12,[CH]1O[N][C]2CO[C]12,-1050.61,[N]1[C]2[C]([CH]O1)OC2,{AQ}rB{D}{A}sAB{A}rs,36.13243654595102
C#CC(C#N)C#N,C#CC(C#N)C#N,-1089.61,N#CC(C#C)C#N,A^AA{A^D}A^D,38.31471865347598
C=CC1OCC1O,C=CC1OCC1O,-1499.71,C(=C)C1OCC1O,A~AArBAArB,61.26225435337303
OCC1CCCC1,OCC1CCCC1,-1865.6,C1(CO)CCCC1,BAArAAAAr,81.73597743856035
CCC(N)C1CC1,CCC(N)C1CC1,-1915.66,C(C1CC1)(CC)N,AAA{D}ArAAr,84.53713236939883
CON=C(C)C=O,CON=C(C)C=O,-1371.98,CC(C=O)=NOC,ABD~A{A}A~B,54.11500067147142
C=CC(C)CCN,C=CC(C)CCN,-1917.82,C=CC(CCN)C,A~AA{A}AAD,84.65799722458482
C#CC(C=O)=CC,C#CC(C=O)=CC,-1421.47,C(C=O)(=CC)C#C,A^AA{A~B}~AA,56.88426070996912
CC1CNCCN1,CC1CNCCN1,-1670.44,N1CCNC(C)C1,AArADAADr,70.81561394869959
C1=CC2NC2CO1,C1=CC2NC2CO1,-1444.86,C1C2NC2C=CO1,Ar~AAsDAsABr,58.19307041496934
C1OCC2OCC12,C1OCC2OCC12,-1470.39,C12COCC1CO2,ArBAAsBAArs,59.62162585612608
[CH2]C(C)(C)C(C)C,[CH2]C(C)(C)C(C)C,-2189.55,CC(C)(C(C)C)[CH2],{AQs}A{A}{A}A{A}A,99.86290791888626
NC1CCCNC1,NC1CCCNC1,-1805.58,C1CC(N)CNC1,DArAAADAr,78.37750123103092
O[N][CH]C1CCO1,O[N][CH]C1CCO1,-1352.2,O1CCC1[CH][N]O,B{D}{AQ}ArAABr,53.00819195129594
CC1COC1C#N,CC1COC1C#N,-1449.37,C1(C)COC1C#N,AArABArA^D,58.44543175612157
CN1CCNC1=O,CN1CCNC1=O,-1506.22,C1(=O)NCCN1C,ADrAADAr~B,61.62652759747528
C=CC(=C)C#N,C=CC(=C)C#N,-1220.44,C(C(=C)C=C)#N,A~AA{~A}A^D,45.63543578495009
CC1(C#N)CNC1,CC1(C#N)CNC1,-1517.83,N#CC1(C)CNC1,AAr{A^D}ADAr,62.2761761941
C=CC(=O)C1CO1,C=CC(=O)C1CO1,-1367.67,C1(C(=O)C=C)CO1,A~AA{~B}ArABr,53.873830520614185
O=C1CCCO1,O=C1CCCO1,-1259.83,C1CC(=O)OC1,B~ArAAABr,47.8395407135503
C=C1COC(C)O1,C=C1COC(C)O1,-1524.13,CC1OC(=C)CO1,A~ArABA{A}Br,62.628698688392504
CCC1CC1(C)N,CCC1CC1(C)N,-1911.07,CCC1C(N)(C)C1,AAArAAr{A}D,84.28029455212857
O=CC#CCC=O,O=CC#CCC=O,-1229.43,C(=O)CC#CC=O,B~AA^AAA~B,46.13847978871033
Cn1ccc(=O)o1,Cn1ccc(=O)o1,-1257.89,c1(=O)ccn(C)o1,Adraaa{~B}br,47.730986167688805
CC1CC=COC1,CC1CC=COC1,-1724.97,O1C=CCC(C)C1,AArAA~ABAr,73.86689198263127
C=CC(N)C=C,C=CC(N)C=C,-1477.67,C(N)(C=C)C=C,A~AA{D}A~A,60.028985182864055
C#CC(C=O)OC,C#CC(C=O)OC,-1345.16,O(C(C#C)C=O)C,A^AA{A~B}BA,52.61426205291196
CNCC(C)(C)O,CNCC(C)(C)O,-1861.66,OC(C)(C)CNC,ADAA{A}{A}B,81.51551098974889
CC1(CN)CCC1,CC1(CN)CCC1,-1558.05,C1C(C)(CN)CC1,AAr{AD}AAAr,64.52672456242446
C#CC(C)=NN,C#CC(C)=NN,-1187.63,C#CC(=NN)C,A^AA{A}~DD,43.79952101705538
C=CCC(N)CN,C=CCC(N)CN,-1789.61,C(N)(CC=C)CN,A~AAA{D}AD,77.4838846859752
O=CNNC1CC1,O=CNNC1CC1,-1298.52,N(C1CC1)NC=O,B~ADDArAAr,50.004476476118
C#CC(C)(N)CO,C#CC(C)(N)CO,-1565.57,C(C#C)(C)(CO)N,A^AA{A}{D}AB,64.94751331751645
CC(C=O)CC=O,CC(C=O)CC=O,-1529.58,O=CCC(C=O)C,AA{A~B}AA~B,62.93365862393124
C1OCC2CC12,C1OCC2CC12,-1415.17,O1CC2CC2C1,ArBAAsAArs,56.53173821567663
O=CC1C=CCC1,O=CC1C=CCC1,-1592.0,C1=CC(C=O)CC1,B~AArA~AAAr,66.42642911500067
C=CC1CC1CN,C=CC1CC1CN,-1770.53,C(=C)C1CC1CN,A~AArAArAD,76.41624513183223
CC(C)C=CCO,CC(C)C=CCO,-1850.48,C(=CC(C)C)CO,AA{A}A~AAB,80.88992345225839
C#CC(=O)NCC,C#CC(=O)NCC,-1451.06,C#CC(NCC)=O,A^AA{~B}DAA,58.53999731411432
CC1CCOC1,CC1CCOC1,-1565.1,O1CC(C)CC1,AArAABAr,64.92121402032319
C=C(C)C(=O)CO,C=C(C)C(=O)CO,-1529.72,C(CO)(=O)C(=C)C,A~A{A}A{~B}AB,62.941492457137755
CCC(C)(O)C=O,CCC(C)(O)C=O,-1667.71,OC(C)(CC)C=O,AAA{A}{B}A~B,70.66285420117283
CC#CC=CC=O,CC#CC=CC=O,-1431.15,C(=CC#CC)C=O,AA^AA~AA~B,57.4259143202471
C#CC(N)CCO,C#CC(N)CCO,-1574.01,C(C#C)(N)CCO,A^AA{D}AAB,65.41978154796546
CCC1CC1NC,CCC1CC1NC,-1915.77,C1(NC)C(CC)C1,AAArAArDA,84.54328752406107
C1OCC1N1CC1,C1OCC1N1CC1,-1552.97,N1(C2COC2)CC1,ArBAArDrAAr,64.24246832893148
C=CC1C(C)C1N,C=CC1C(C)C1N,-1762.4,C1(N)C(C=C)C1C,A~AArA{A}ArD,75.96132324634048
CN1CCC(=O)C1,CN1CCC(=O)C1,-1604.52,CN1CC(=O)CC1,ADrAAA{~B}Ar,67.12699762746766
C#CC(=O)C(C)=O,C#CC(=O)C(C)=O,-1232.29,C#CC(=O)C(=O)C,A^AA{~B}A{A}~B,46.29851380992883
CC12CNCC1O2,CC12CNCC1O2,-1585.91,C12CNCC1(C)O2,AArsADAArBs,66.08565737051794
C#CCC1OC1C,C#CCC1OC1C,-1542.15,C(C#C)C1C(C)O1,A^AAArBArA,63.63702493397198
CCCNCC=O,CCCNCC=O,-1725.12,C(NCC=O)CC,AAADAA~B,73.8752853753525
CC(N)C(O)CO,CC(N)C(O)CO,-1667.77,OCC(O)C(N)C,AA{D}A{B}AB,70.66621155826134
C=CC(C#N)=CN,C=CC(C#N)=CN,-1400.47,NC=C(C=C)C#N,A~AA{A^D}~AD,55.709185728994136
C#CC=CCCN,C#CC=CCCN,-1622.31,C(CN)C=CC#C,A^AA~AAAD,68.12245400420788
CCC(C)CC#N,CCC(C)CC#N,-1802.0,CC(CC)CC#N,AAA{A}AA^D,78.17717892475044
OCc1ccns1,OCc1ccns1,-1244.3,n1ccc(CO)s1,BAaraader,46.97054478714357
Cc1c[nH]cc1O,Cc1c[nH]cc1O,-1483.91,[nH]1cc(C)c(O)c1,Aara{dQ}aarB,60.37815032006805
OC1C2COCC12,OC1C2COCC12,-1510.24,C12C(O)C1COC2,BArAsABAArs,61.851470522404774
C#CC(=O)OC=C,C#CC(=O)OC=C,-1228.94,C=COC(=O)C#C,A^AA{~B}BA~A,46.11106137248758
Nc1ccc[nH]1,Nc1ccc[nH]1,-1256.19,c1(N)ccc[nH]1,Daraaa{dQ}r,47.6358610501813
C=C1C=CCCC1,C=C1C=CCCC1,-1790.95,C1CC=CC(=C)C1,A~ArA~AAAAr,77.55886566095172
CC(C)N(O)C=O,CC(C)N(O)C=O,-1521.04,CC(N(O)C=O)C,AA{A}D{B}A~B,62.45579479833474
C=COC(C)CO,C=COC(C)CO,-1648.38,CC(CO)OC=C,A~ABA{A}AB,69.5812256591611
CC[CH][N]OCC,CC[CH][N]OCC,-1699.78,[N](OCC)[CH]CC,AA{AQ}{D}BAA,72.45736156497607
CCNC(=N)CC,CCNC(=N)CC,-1809.36,N=C(CC)NCC,AADA{~D}AA,78.58901472760644
C#CC(O)C1CC1,C#CC(O)C1CC1,-1542.74,OC(C#C)C1CC1,A^AA{B}ArAAr,63.67003894534224
C#CC1COCO1,C#CC1COCO1,-1353.79,C1OCOC1C#C,A^AArABABr,53.09716191414119
CC1=NN=CC1O,CC1=NN=CC1O,-1320.55,OC1C(C)=NN=C1,AAr~DD~AArB,51.23718608711223
C#CCN(C)C=N,C#CCN(C)C=N,-1495.04,C(CN(C)C=N)#C,A^AAD{A}A~D,61.00094005998478
C[CH][N]N(C)CC,C[CH][N]N(C)CC,-1769.91,C[CH][N]N(CC)C,A{AQ}{D}D{A}AA,76.38155244191775
O=C1C=CCC1,O=C1C=CCC1,-1309.11,C1C(=O)C=CC1,B~ArA~AAAr,50.597050002238234
CCCCCNC,CCCCCNC,-2056.03,C(CC)CCNC,AAAAADA,92.3916692779444
CNCC1(O)CC1,CNCC1(O)CC1,-1714.33,N(C)CC1(O)CC1,ADAAr{B}AAr,73.27152065893728
N=C1NCC2OC12,N=C1NCC2OC12,-1330.69,C1(=N)NCC2C1O2,D~ArDAAsBArs,51.80457943506872
CNC1CNC1,CNC1CNC1,-1472.92,N1CC(NC)C1,ADArADAr,59.76319441335781
CC1C(O)C1C=O,CC1C(O)C1C=O,-1513.64,C1(C)C(O)C1C=O,AArA{B}ArA~B,62.04172075741978
CC(CN)C1CC1,CC(CN)C1CC1,-1915.82,NCC(C)C1CC1,AA{AD}ArAAr,84.54608532163482
NC=CC=O,NC=CC=O,-1013.4,C(C=O)=CN,DA~AA~B,34.050315591566324
OCC1C=CCN1,OCC1C=CCN1,-1479.55,C1=CCNC1CO,BAArA~AADr,60.13418237163705
O=CCC[CH][N]O,O=CCC[CH][N]O,-1213.21,O[N][CH]CCC=O,B~AAA{AQ}{D}B,45.23087425578585
CC1CCN1C=O,CC1CCN1C=O,-1602.35,C1(C)CCN1C=O,AArAADrA~B,67.0055732127669
CCC(O)C(C)=O,CCC(O)C(C)=O,-1672.1,C(C(=O)C)(CC)O,AAA{B}A{A}~B,70.90850082814808
C1=CCC2(C1)CC2,C1=CCC2(C1)CC2,-1375.13,C12(CC1)CC=CC2,Ar~AAAs{Ar}AAs,54.29126191861768
CC(=N)N(C)C,CC(=N)N(C)C,-1502.55,CN(C)C(C)=N,AA{~D}D{A}A,61.42116925556203
C=CC#CC(C)N,C=CC#CC(C)N,-1624.19,C(#CC(C)N)C=C,A~AA^AA{A}D,68.22765119298089
CN(C)C=NC=O,CN(C)C=NC=O,-1479.11,O=CN=CN(C)C,AD{A}A~DA~B,60.10956175298805
CO[N][CH]C(C)N,CO[N][CH]C(C)N,-1566.56,O(C)[N][CH]C(C)N,AB{D}{AQ}A{A}D,65.0029097094767
CNC(=N)COC,CNC(=N)COC,-1598.08,C(COC)(=N)NC,ADA{~D}ABA,66.76664129996865
CCC(=N)NC=O,CCC(=N)NC=O,-1494.99,N=C(CC)NC=O,AAA{~D}DA~B,60.998142262411044
CCC1C(C)C1C,CCC1C(C)C1C,-2045.79,C1(CC)C(C)C1C,AAArA{A}ArA,91.81868033484042
CC(N)C(C)N,CC(N)C(C)N,-1640.4,NC(C(N)C)C,AA{D}A{A}D,69.13469716639062
C=C1C=CCC1O,C=C1C=CCC1O,-1588.63,C1(=C)C=CCC1O,A~ArA~AAArB,66.23785755852992
C=CC1NCC1=O,C=CC1NCC1=O,-1441.21,C(=C)C1C(=O)CN1,A~AArDAAr~B,57.98883119208559
CC1=NOC2CC12,CC1=NOC2CC12,-1428.31,O1C2CC2C(C)=N1,AAr~DBAsAArs,57.266999418058106
CN1CC1C1CC1,CN1CC1C1CC1,-1759.37,C1(C2N(C)C2)CC1,ADrAArArAAr,75.79177671337122
[CH2][N]OCCOC,[CH2][N]OCCOC,-1483.17,COCCO[N][CH2],{AQs}{D}BAABA,60.336742915976544
COc1ccoc1,COc1ccoc1,-1389.31,c1occc1OC,ABaraabar,55.08471731053315
CCC(N)CNC,CCC(N)CNC,-1927.34,NC(CC)CNC,AAA{D}ADA,85.19069788262681
NCC1(O)CC1,NCC1(O)CC1,-1422.97,C(N)C1(O)CC1,DAAr{B}AAr,56.96819463718161
C#CC(=CC)OC,C#CC(=CC)OC,-1539.91,C(OC)(C#C)=CC,A^AA{~AA}BA,63.51168360266799
CC1(CN)CCO1,CC1(CN)CCO1,-1718.37,C1(C)(CN)CCO1,AAr{AD}AABr,73.49758270289627
CC1=NCCON1,CC1=NCCON1,-1444.9,C1ONC(C)=NC1,AAr~DAABDr,58.19530865302834
COC(C)CO,COC(C)CO,-1490.97,CC(CO)OC,ABA{A}AB,60.77319933748154
C=C(C)C1NC1C,C=C(C)C1NC1C,-1612.58,C(C)(C1C(C)N1)=C,A~A{A}ArDArA,67.57800259635614
C=C(C)N(O)C=O,C=C(C)N(O)C=O,-1380.76,C(=C)(N(C=O)O)C,A~A{A}D{B}A~B,54.60629392542191
C#CC(N)C(=C)C,C#CC(N)C(=C)C,-1618.35,CC(C(C#C)N)=C,A^AA{D}A{~A}A,67.90086843636689
C#CC(C)CNC,C#CC(C)CNC,-1755.56,C#CC(CNC)C,A^AA{A}ADA,75.57858453825148
C=CC#CCOC,C=CC#CCOC,-1541.95,C(C#CCOC)=C,A~AA^AABA,63.62583374367699
CCC(C)(C)CN,CCC(C)(C)CN,-2061.19,C(C(C)(C)CN)C,AAA{A}{A}AD,92.6804019875554
C[C](C)[N]N1CC1,C[C](C)[N]N1CC1,-1629.46,[N]([C](C)C)N1CC1,A{A}{A}{D}DrAAr,68.52253905725414
CCC[CH][N]NC,CCC[CH][N]NC,-1777.07,C(CC)[CH][N]NC,AAA{AQ}{D}DA,76.78219705447871
CC1=CC(O)C=C1,CC1=CC(O)C=C1,-1585.6,C1(O)C=C(C)C=C1,AAr~AA{B}A~Ar,66.06831102556067
C=CC1=COCC1,C=CC1=COCC1,-1584.29,O1C=C(C=C)CC1,A~AAr~ABAAr,65.99500872912843
[CH2]C=C[N]NC,[CH2]C=C[N]NC,-1341.6,C(=C[CH2])[N]NC,{AQs}A~A{D}DA,52.415058865660946
CC1C2CN=CN12,CC1C2CN=CN12,-1518.18,N1=CN2C(C)C2C1,AArAsAD~ADrs,62.295760777116264
CC1=NOC(=O)C1,CC1=NOC(=O)C1,-1270.43,N1=C(C)CC(=O)O1,AAr~DBA{~B}Ar,48.43267379918528
CCO[N][CH]C=O,CCO[N][CH]C=O,-1368.78,C(O[N][CH]C=O)C,AAB{D}{AQ}A~B,53.93594162675142
CC(CO)C(N)=O,CC(CO)C(N)=O,-1561.21,C(CO)(C)C(N)=O,AA{AB}A{D}~B,64.70354536908546
NCCCC1CO1,NCCCC1CO1,-1711.13,C(C1OC1)CCN,DAAAArABr,73.0924616142173
N#CCCN1CC1,N#CCCN1CC1,-1516.14,C(C#N)CN1CC1,D^AAADrAAr,62.18161063610728
C=CN(O)C(C)=N,C=CN(O)C(C)=N,-1439.5,CC(=N)N(O)C=C,A~AD{B}A{A}~D,57.893146515063336
C=C(OC)C1CC1,C=C(OC)C1CC1,-1694.6,C(C1CC1)(=C)OC,A~A{BA}ArAAr,72.16750973633555
CN1C=CCN=C1,CN1C=CCN=C1,-1533.55,C1=CCN=CN1C,ADrA~AAD~Ar,63.15580375128699
CC1(N)CC(O)C1,CC1(N)CC(O)C1,-1719.54,C1C(O)CC1(C)N,AAr{D}AA{B}Ar,73.56305116612204
C#CC=C,C#CC=C,-860.26,C(C#C)=C,A^AA~A,25.48122118268499
C#CC(N)C1CN1,C#CC(N)C1CN1,-1480.36,C(C#C)(C1NC1)N,A^AA{D}ArADr,60.1795066923318
NC1C=CCC1N,NC1C=CCC1N,-1667.33,C1C(N)C(N)C=C1,DArA~AAArD,70.64159093961233
CN1CC(CN)C1,CN1CC(CN)C1,-1777.5,N1(C)CC(CN)C1,ADrAA{AD}Ar,76.80625811361297
CCC1OCCO1,CCC1OCCO1,-1660.99,C1(CC)OCCO1,AAArBAABr,70.28683020726086
CCN(C=N)CC,CCN(C=N)CC,-1799.4,N(CC)(C=N)CC,AAD{A~D}AA,78.03169345091544
Nc1ccc(O)s1,Nc1ccc(O)s1,-1430.74,c1c(O)sc(N)c1,Daraaa{B}er,57.402972380142366
C=CCCOC,C=CCCOC,-1542.35,C(COC)C=C,A~AAABA,63.64821612426697
CCC1CCCO1,CCC1CCCO1,-1863.08,C(C1OCCC1)C,AAArAAABr,81.59496844084336
O[CH]C1=NN=C[CH]1,O[CH]C1=NN=C[CH]1,-1350.17,[CH](O)C1=NN=C[CH]1,B{AQ}Ar~DD~A{AQ}r,52.894601369801705
CC1CC(C)C1=O,CC1CC(C)C1=O,-1726.01,O=C1C(C)CC1C,AArAA{A}Ar~B,73.92508617216528
C1=NCCCCN1,C1=NCCCCN1,-1672.42,N1CCCCN=C1,Ar~DAAAADr,70.92640673262008
CC(=O)C1CC1C,CC(=O)C1CC1C,-1720.34,C1C(C(C)=O)C1C,AA{~B}ArAArA,73.60781592730203
CN1C=NCC1=O,CN1C=NCC1=O,-1364.84,O=C1CN=CN1C,ADrA~DAAr~B,53.71547517793992
CC1CCNC1,CC1CCNC1,-1635.94,N1CCC(C)C1,AArAADAr,68.88513362281212
N=Cn1cccc1,N=Cn1cccc1,-1416.3,c1cn(C=N)cc1,D~Adraaaar,56.594968440843374
CN(C=O)CC#N,CN(C=O)CC#N,-1349.82,N#CCN(C)C=O,AD{A~B}AA^D,52.875016786785444
Nc1cc(O)co1,Nc1cc(O)co1,-1278.66,o1cc(O)cc1N,Daraa{B}abr,48.893191279824535
C=C(CO)C1CN1,C=C(CO)C1CN1,-1162.03,N1CC1C(CO)=C,A~A{AB}ArADr,42.367048659295406
C=CC1COC1C,C=CC1COC1C,-1697.99,C=CC1C(C)OC1,A~AArABArA,72.35720041183582
CC#C[CH][N]N,CC#C[CH][N]N,-1191.43,[CH]([N]N)C#CC,AA^A{AQ}{D}D,44.01215363266037
C#C[C]1C=N[N]O1,C#C[C]1C=N[N]O1,-1018.44,[C]1(C#C)C=N[N]O1,A^A{A}rA~D{D}Br,34.33233358700032
C=CC(=NO)OC,C=CC(=NO)OC,-1363.55,C=CC(OC)=NO,A~AA{~DB}BA,53.64329200053718
NC1=CC(=O)NC1,NC1=CC(=O)NC1,-1374.13,N1C(=O)C=C(N)C1,DAr~AA{~B}DAr,54.23530596714268
CC#CC(C)(C)O,CC#CC(C)(C)O,-1701.24,C(C(C)(O)C)#CC,AA^AA{A}{A}B,72.53905725412956
COCC[CH][N]N,COCC[CH][N]N,-1572.79,[N]([CH]CCOC)N,ABAA{AQ}{D}D,65.35151528716594
CNN=C(C)C,CNN=C(C)C,-1485.21,N(C)N=C(C)C,ADD~A{A}A,60.45089305698554
C=CC(=O)C(=N)N,C=CC(=O)C(=N)N,-1468.22,C(C(=O)C=C)(N)=N,A~AA{~B}A{~D}D,59.500201441425325
CN=C1C=CCN1,CN=C1C=CCN1,-1536.97,C1=CC(=NC)NC1,AD~ArA~AADr,63.34717310533149
C=CCS(N)(=O)=O,C=CCS(N)(=O)=O,-1245.03,C(=C)CS(=O)(N)=O,A~AAE{D}{~B}~B,47.01139263172031
CCCN(N)C=O,CCCN(N)C=O,-1603.51,NN(C=O)CCC,AAAD{D}A~B,67.07048211647792
CCC1CC1CO,CCC1CC1CO,-1846.73,OCC1C(CC)C1,AAArAArAB,80.68008863422715
CCN1CC1C,CCN1CC1C,-1613.97,CCN1C(C)C1,AADrAArA,67.6557813689064
C#CC1CNC1C,C#CC1CNC1C,-1787.36,CC1NCC1C#C,A^AArADArA,77.35798379515646
CN1CC2CC1C2,CN1CC2CC1C2,-1771.05,N1(C)CC2CC1C2,ADrAAsAArAs,76.44534222659922
C#CCCN,C#CCCN,-1170.42,C(N)CC#C,A^AAAD,42.836519092170654
O=CC1CC1,O=CC1CC1,-1121.33,C(=O)C1CC1,B~AArAAr,40.08964143426295
CC1=NC2CC2N1,CC1=NC2CC2N1,-1610.97,C1C2C1NC(C)=N2,AAr~DAsAAsDr,67.4879135144814
C=C(OC)C(C)N,C=C(OC)C(C)N,-1717.28,C(N)(C(=C)OC)C,A~A{BA}A{A}D,73.43659071578854
CN1CCS1(=O)=O,CN1CCS1(=O)=O,-1296.8,O=S1(=O)CCN1C,ADrAAEr{~B}~B,49.908232239581004
[CH2][N]OCOCC,[CH2][N]OCOCC,-1488.72,[N](OCOCC)[CH2],{AQs}{D}BABAA,60.6472984466628
CC(=O)CC1CO1,CC(=O)CC1CO1,-1517.44,C1(CC(=O)C)OC1,AA{~B}AArABr,62.254353373024756
CCC1OCC1C,CCC1OCC1C,-1845.91,C1OC(CC)C1C,AAArBAArA,80.63420475401766
C=C(C)CC(=C)C,C=C(C)CC(=C)C,-1908.46,CC(CC(C)=C)=C,A~A{A}AA{~A}A,84.13424951877882
OCC1C=COC1,OCC1C=COC1,-1521.01,C1(CO)COC=C1,BAArA~ABAr,62.45411611979051
C=CC=CC,C=CC=CC,-1318.45,C(=CC)C=C,A~AA~AA,51.11967858901473
NC1CC1C1CN1,NC1CC1C1CN1,-1637.29,C1(C2C(N)C2)NC1,DArAArArADr,68.96067415730337
C=CCC1CC1C,C=CCC1CC1C,-1910.9,C=CCC1C(C)C1,A~AAArAArA,84.27078204037782
CC1CCNC1=O,CC1CCNC1=O,-1632.68,C1C(C)C(=O)NC1,AArAADAr~B,68.70271722100364
C=CCC(=C)C,C=CCC(=C)C,-1609.19,CC(=C)CC=C,A~AAA{~A}A,67.38831192085591
CC(C)=CCCO,CC(C)=CCCO,-1853.59,C(O)CC=C(C)C,AA{A}~AAAB,81.06394646134564
CC1=CCC2NC12,CC1=CCC2NC12,-1354.89,N1C2C(C)=CCC12,AAr~AAAsDArs,53.1587134607637
C#CC(O)C=C,C#CC(O)C=C,-1247.8,OC(C#C)C=C,A^AA{B}A~A,47.16639061730606
CNC(C)=O,CNC(C)=O,-1160.91,CC(NC)=O,ADA{A}~B,42.30437799364341
OC1CCC1,OC1CCC1,-1255.97,C1CC(O)C1,BArAAAr,47.6235507408568
C1CC2CC2CO1,C1CC2CC2CO1,-1710.76,C12COCCC1C2,ArAAsAAsABr,73.07175791217155
CC#CCNC=O,CC#CCNC=O,-1454.72,C(=O)NCC#CC,AA^AADA~B,58.744796096512836
NC(=O)C1CCO1,NC(=O)C1CCO1,-1406.96,NC(=O)C1OCC1,DA{~B}ArAABr,56.07233985406688
CCOC1CCC1,CCOC1CCC1,-1840.87,O(C1CCC1)CC,AABArAAAr,80.35218675858363
CC(C)(O)CCN,CC(C)(O)CCN,-1871.12,CC(CCN)(C)O,AA{A}{B}AAD,82.04485429070235
O=CCC1CCC1,O=CCC1CCC1,-1714.64,C1CCC1CC=O,B~AAArAAAr,73.28886700389455
C#CC(N)C=C,C#CC(N)C=C,-1317.4,C=CC(C#C)N,A^AA{D}A~A,51.06092483996599
O=COC1CCC1,O=COC1CCC1,-1531.11,C1C(OC=O)CC1,B~ABArAAAr,63.019271229687995
C#CC(C)(C)CN,C#CC(C)(C)CN,-1761.92,C(N)C(C#C)(C)C,A^AA{A}{A}AD,75.93446438963248
C#CCCCC=C,C#CCCCC=C,-1746.72,C=CCCCC#C,A^AAAAA~A,75.0839339272125
N#CC1=NCCN1,N#CC1=NCCN1,-1280.74,C1N=C(C#N)NC1,D^AAr~DAADr,49.00957965889252
CCON(C)C=N,CCON(C)C=N,-1566.58,C(=N)N(C)OCC,AABD{A}A~D,65.0040288285062
CCC1(O)COC1,CCC1(O)COC1,-1644.68,OC1(CC)COC1,AAAr{B}ABAr,69.37418863870363
C#CCC(=O)NC,C#CCC(=O)NC,-1452.52,CNC(CC#C)=O,A^AAA{~B}DA,58.62169300326782
CCC1=CCNC1,CCC1=CCNC1,-1384.4,C1C(CC)=CCN1,AAAr~AADAr,54.80997358879092
COC1CC1CO,COC1CC1CO,-1635.08,O(C1CC1CO)C,ABArAArAB,68.83701150454363
NC12COCC1C2,NC12COCC1C2,-1585.49,NC12CC1COC2,DArsABAArAs,66.06215587089844
C=CC(=O)COC,C=CC(=O)COC,-1512.27,C(=C)C(=O)COC,A~AA{~B}ABA,61.965061103899004
CC1CN=CN1,CC1CN=CN1,-1381.68,N1C(C)CN=C1,AArAD~ADr,54.65777340077891
CNC1CCC1C,CNC1CCC1C,-1906.86,C1(NC)C(C)CC1,ADArAAArA,84.04471999641882
C1CC2CN2C1,C1CC2CN2C1,-1484.87,C1CN2C(C2)C1,ArAAsADsAr,60.43186803348403
C=C(C)CC1CN1,C=C(C)CC1CN1,-1912.58,C=C(CC1CN1)C,A~A{A}AArADr,84.3647880388558
C=CC(C)C#CC,C=CC(C)C#CC,-1752.08,C(C#CC)(C=C)C,A~AA{A}A^AA,75.38385782711848
CC#CS(N)(=O)=O,CC#CS(N)(=O)=O,-1377.21,O=S(C#CC)(=O)N,AA^AE{D}{~B}~B,54.40765029768566
CC1(C2CC2)CN1,CC1(C2CC2)CN1,-1779.34,CC1(C2CC2)NC1,AAr{AsAAs}ADr,76.90921706432697
N#CC(C#N)=CN,N#CC(C#N)=CN,-1150.99,NC=C(C#N)C#N,D^AA{A^D}~AD,41.749294955011415
C#CC1NCC1C,C#CC1NCC1C,-1788.09,C1(C#C)C(C)CN1,A^AArDAArA,77.3988316397332
CN(C)CCC=O,CN(C)CCC=O,-1720.36,C(=O)CCN(C)C,AD{A}AAA~B,73.60893504633154
C=CCOC(C)C,C=CCOC(C)C,-1841.45,C(OC(C)C)C=C,A~AABA{A}A,80.38464121043917
C=CCC(C)C=O,C=CCC(C)C=O,-1715.95,C(C=C)C(C=O)C,A~AAA{A}A~B,73.3621693003268
C=CC(O)C(C)=O,C=CC(O)C(C)=O,-1526.01,CC(C(C=C)O)=O,A~AA{B}A{A}~B,62.73389587716551
[CH2]C(=C[N]O)CN,[CH2]C(=C[N]O)CN,-1434.72,[CH2]C(CN)=C[N]O,{AQs}A{~A{D}B}AD,57.62567706701286
CC(=CCN)CO,CC(=CCN)CO,-1720.9,C(CO)(=CCN)C,AA{~AAD}AB,73.63915126012803
CC1=CC=NNC1,CC1=CC=NNC1,-1519.84,N1=CC=C(C)CN1,AAr~AA~DDAr,62.38864765656476
CNCC#CC#N,CNCC#CC#N,-1355.35,C(C#N)#CCNC,ADAA^AA^D,53.184453198442185
[CH2][N]OC(C)C#N,[CH2][N]OC(C)C#N,-1299.28,O(C(C#N)C)[N][CH2],{AQs}{D}BA{A}A^D,50.047002999239005
COC(=O)CCN,COC(=O)CCN,-1551.22,C(CN)C(OC)=O,ABA{~B}AAD,64.14454541385022
C#CC(C#C)C=C,C#CC(C#C)C=C,-1439.08,C(#C)C(C=C)C#C,A^AA{A^A}A~A,57.86964501544384
CNCCC(C)C,CNCCC(C)C,-2055.96,C(CNC)C(C)C,ADAAA{A}A,92.38775236134116
C1=CCOC=CC1,C1=CCOC=CC1,-1575.41,C1OC=CCC=C1,Ar~AABA~AAr,65.49811988003046
NCC1C(N)C1O,NCC1C(N)C1O,-1586.7,NCC1C(O)C1N,DAArA{D}ArB,66.12986257218319
Cc1c[nH]c(O)c1,Cc1c[nH]c(O)c1,-1486.28,Cc1cc(O)[nH]c1,Aara{dQ}a{B}ar,60.5107659250638
C=C(CO)C(C)O,C=C(CO)C(C)O,-1651.85,OC(C)C(CO)=C,A~A{AB}A{A}B,69.77539281077935
C=CCS([O])([O])O,C=CCS([O])([O])O,-1676.62,[O]S(O)(CC=C)[O],A~AAE{{B}}{{B}}B,71.16142172881507
CC(C)ONC=N,CC(C)ONC=N,-1571.43,N(OC(C)C)C=N,AA{A}BDA~D,65.27541519315996
CNC1CC(O)C1,CNC1CC(O)C1,-1708.21,C1C(O)CC1NC,ADArAA{B}Ar,72.9290702359103
C=CCOC=O,C=CCOC=O,-1233.53,O(CC=C)C=O,A~AABA~B,46.36789918975783
CC(CO)C1CN1,CC(CO)C1CN1,-1716.23,C1C(C(CO)C)N1,AA{AB}ArADr,73.37783696673979
CCC1OC1CC,CCC1OC1CC,-1842.83,C1(CC)C(CC)O1,AAArBArAA,80.46186042347463
CNC1COC1C,CNC1COC1C,-1706.94,C1OC(C)C1NC,ADArABArA,72.85800617753705
CC#CC=CCN,CC#CC=CCN,-1768.2,C(#CC=CCN)C,AA^AA~AAD,76.2858677648955
C=CC=C(C)C,C=CC=C(C)C,-1616.56,C(=C(C)C)C=C,A~AA~A{A}A,67.80070728322664
NCC1C=CC=C1,NCC1C=CC=C1,-1655.55,C1=CC(CN)C=C1,DAArA~AA~Ar,69.98242983123686
CCC1CC(=O)N1,CCC1CC(=O)N1,-1612.25,C1(CC)NC(=O)C1,AAArAA{~B}Dr,67.5595371323694
CC#CCCOC,CC#CCCOC,-1689.49,COCCC#CC,AA^AAABA,71.88157482429833
OC1CC1C1CC1,OC1CC1C1CC1,-1697.45,C1(O)CC1C1CC1,BArAArArAAr,72.32698419803931
CC1CCOC1C,CC1CCOC1C,-1864.42,CC1C(C)OCC1,AArAABArA,81.66994941581987
CC1(CN)CC1N,CC1(CN)CC1N,-1792.73,NC1CC1(CN)C,AAr{AD}AArD,77.6584672545772
CC1C(CO)N1C,CC1C(CO)N1C,-1710.79,C1(CO)N(C)C1C,AArA{AB}DrA,73.07343659071579
C=CCC(N)CC,C=CCC(N)CC,-1918.68,C(CC(N)CC)=C,A~AAA{D}AA,84.70611934285333
C=CCN[CH][N]C,C=CCN[CH][N]C,-1653.71,[CH](NCC=C)[N]C,A~AAD{AQ}{D}A,69.87947088052286
CC1=CCCC1=O,CC1=CCCC1=O,-1610.81,O=C1C(C)=CCC1,AAr~AAAAr~B,67.47896056224539
NCCOCCO,NCCOCCO,-1665.99,C(COCCO)N,DAABAAB,70.56660996463584
CC(N)C(C)O,CC(N)C(C)O,-1574.49,CC(O)C(C)N,AA{D}A{A}B,65.44664040467346
C#CC(C)OCC,C#CC(C)OCC,-1684.98,C(C)(C#C)OCC,A^AA{A}BAA,71.62921348314606
[CH2][N]N1CC1C,[CH2][N]N1CC1C,-1324.33,C1(C)N([N][CH2])C1,{AQs}{D}DrAArA,51.44869958368773
[H],[H],-1327.09,[H],{Q},51.603138009758716
CC(CO)NC=O,CC(CO)NC=O,-1554.23,C(CO)(C)NC=O,AA{AB}DA~B,64.31297282778996
C=CCNCC=C,C=CCNCC=C,-1767.5,C(C=C)NCC=C,A~AADAA~A,76.24669859886298
CC=C(C)CC,CC=C(C)CC,-1755.04,CC(=CC)CC,AA~A{A}AA,75.5494874434845
CC1(C)CC1(C)O,CC1(C)CC1(C)O,-1848.46,C1C(C)(C)C1(C)O,AAr{A}AAr{A}B,80.77689243027889
O=CC1NC1C=O,O=CC1NC1C=O,-2189.38,C(C1NC1C=O)=O,B~AArDArA~B,99.85339540713551
CC1CNC2CC12,CC1CNC2CC12,-1905.93,CC1C2CC2NC1,AArADAsAArs,83.9926809615471
C=CC=COCC,C=CC=COCC,-1708.45,C(C=COCC)=C,A~AA~ABAA,72.9424996642643
CC(=O)C(C)=O,CC(=O)C(C)=O,-1245.09,CC(C(C)=O)=O,AA{~B}A{A}~B,47.0147499888088
N#CC#CC1CC1,N#CC#CC1CC1,-1348.33,C1(C#CC#N)CC1,D^AA^AArAAr,52.7916424190877
O=C1OCC2CN12,O=C1OCC2CN12,-1321.05,O1CC2N(C1=O)C2,B~ArBAAsADrs,51.26516406284973
C#CC1CCCO1,C#CC1CCCO1,-1558.58,C#CC1OCCC1,A^AArAAABr,64.5563812167062
NC1CC=CC1,NC1CC=CC1,-1499.81,C1(N)CC=CC1,DArAA~AAr,61.26784994852052
CC(C)(C=O)CO,CC(C)(C=O)CO,-1664.61,OCC(C)(C=O)C,AA{A}{A~B}AB,70.48939075160034
COCCN(C)C,COCCN(C)C,-1840.83,C(CN(C)C)OC,ABAAD{A}A,80.34994852052463
[CH2][N]NC(C)C=O,[CH2][N]NC(C)C=O,-1444.96,C(C)(C=O)N[N][CH2],{AQs}{D}DA{A}A~B,58.19866601011684
CNC[CH][N]OC,CNC[CH][N]OC,-1560.03,CO[N][CH]CNC,ADA{AQ}{D}BA,64.63751734634496
CC1CCCOC1,CC1CCCOC1,-1863.32,CC1COCCC1,AArAAABAr,81.60839786919738
CCS(C)(=O)=O,CCS(C)(=O)=O,-1267.3,S(=O)(=O)(C)CC,AAE{A}{~B}~B,48.257531671068534
C=COC=CC#N,C=COC=CC#N,-1314.53,C(OC=C)=CC#N,A~ABA~AA^D,50.900331259232736
CCN(C)C(C)=O,CCN(C)C(C)=O,-1748.27,CCN(C(C)=O)C,AAD{A}A{A}~B,75.17066565199875
CC(O)C(C)(C)O,CC(O)C(C)(C)O,-1801.36,OC(C(O)(C)C)C,AA{B}A{A}{A}B,78.14136711580645
CC(=O)OC1CC1,CC(=O)OC1CC1,-1533.57,CC(OC1CC1)=O,AA{~B}BArAAr,63.15692287031649
C=CC(CC)CO,C=CC(CC)CO,-1848.59,OCC(CC)C=C,A~AA{AA}AB,80.78416670397064
COC1(CN)CC1,COC1(CN)CC1,-1707.52,C(C1(OC)CC1)N,ABAr{AD}AAr,72.89046062939254
C#CC(O)C(=N)N,C#CC(O)C(=N)N,-1418.92,C(=N)(C(C#C)O)N,A^AA{B}A{~D}D,56.74157303370788
N#CC1=NN=CC1,N#CC1=NN=CC1,-1126.99,N1=C(C#N)CC=N1,D^AAr~DD~AAr,40.40635211961144
C1CNCCOC1,C1CNCCOC1,-1723.48,C1CNCCCO1,ArADAABAr,73.78351761493353
C=C1CONC1=N,C=C1CONC1=N,-1300.48,C1(=C)C(=N)NOC1,A~ArABDAr~D,50.114150141009
CCC(N)CN,CCC(N)CN,-1637.73,C(C)C(CN)N,AAA{D}AD,68.98529477595237
CC#CCCC,CC#CCCC,-1602.28,C(#CC)CCC,AA^AAAA,67.00165629616367
CC1(C)NC1(C)C,CC1(C)NC1(C)C,-1770.09,C1(C)(C)NC1(C)C,AAr{A}DAr{A}A,76.39162451318323
C#CC1CNC1=O,C#CC1CNC1=O,-1483.67,C1(C#C)C(=O)NC1,A^AArADAr~B,60.36472089171404
O=C1CCCN1O,O=C1CCCN1O,-1303.56,C1CN(O)C(=O)C1,B~ArAAADrB,50.286494471552
C#CC=C(C)CO,C#CC=C(C)CO,-1554.33,C(C(=CC#C)C)O,A^AA~A{A}AB,64.31856842293746
C=C1C=NOCO1,C=C1C=NOCO1,-1231.24,N1=CC(=C)OCO1,A~ArA~DBABr,46.23976006088008
C#CC=CCO,C#CC=CCO,-1253.96,OCC=CC#C,A^AA~AAB,47.51107927839205
CC12CC(CN1)C2,CC12CC(CN1)C2,-1781.7,C12(C)CC(CN1)C2,AArsAA{ADr}As,77.04127310980797
N=CNC1CC1O,N=CNC1CC1O,-1402.25,N=CNC1C(O)C1,D~ADArAArB,55.80878732261964
C#CC=CCC#N,C#CC=CCC#N,-1187.58,C(CC=CC#C)#N,A^AA~AAA^D,43.79672321948163
C#C[CH][N][N][CH2],C#C[CH][N][N][CH2],-1042.24,C(#C)[CH][N][N][CH2],A^A{AQ}{D}{D}{AQs},35.664085232105286
CC(=NO)N(C)C,CC(=NO)N(C)C,-1572.16,CN(C)C(=NO)C,AA{~DB}D{A}A,65.3162630377367
C=CCC(C)N,C=CCC(C)N,-1623.21,NC(CC=C)C,A~AAA{A}D,68.1728143605354
CC1CC(C)C1,CC1CC(C)C1,-1750.7,C1(C)CC(C)C1,AArAA{A}Ar,75.30663861408301
N=CNC1CCC1,N=CNC1CCC1,-1657.65,C1CC(NC=N)C1,D~ADArAAAr,70.09993732933435
CC(C#N)CC=O,CC(C#N)CC=O,-1469.35,C(C(C)CC=O)#N,AA{A^D}AA~B,59.56343166659205
[CH2][N]N1CCC1=O,[CH2][N]N1CCC1=O,-1317.5,N1([N][CH2])C(=O)CC1,{AQs}{D}DrAAAr~B,51.06652043511348
CCC1CCC1=O,CCC1CCC1=O,-1724.64,C1CC(=O)C1CC,AAArAAAr~B,73.84842651864454
CCC1OC1C#N,CCC1OC1C#N,-1449.59,C(C)C1OC1C#N,AAArBArA^D,58.457742065446084
CC=C(C)OC,CC=C(C)OC,-1547.56,C(C)=C(OC)C,AA~A{A}BA,63.93974663145172
ON=C1C=COC1,ON=C1C=COC1,-1244.44,N(=C1C=COC1)O,BD~ArA~ABAr,46.978378620350064
C=C1CCC(=C)O1,C=C1CCC(=C)O1,-1588.0,C=C1OC(=C)CC1,A~ArAAA{~A}Br,66.20260530910068
C#CC(O)CN,C#CC(O)CN,-1267.5,C(#C)C(CN)O,A^AA{B}AD,48.268722861363536
CCC1(C)CC1C,CCC1(C)CC1C,-2046.05,C1(C)C(CC)(C)C1,AAAr{A}AArA,91.83322888222392
C[CH]C=C[N]N,C[CH]C=C[N]N,-1348.49,N[N]C=C[CH]C,A{AQ}A~A{D}D,52.800595371323695
CC#CC#CCO,CC#CC#CCO,-1405.24,C(C)#CC#CCO,AA^AA^AAB,55.976095617529886
NC1CN2CC1C2,NC1CN2CC1C2,-1640.39,C1(N)C2CN(C2)C1,DArADsAArAs,69.13413760687588
CC1(O)CNC1,CC1(O)CNC1,-1416.3,OC1(C)CNC1,AAr{B}ADAr,56.594968440843374
C=C(C=CC)OC,C=C(C=CC)OC,-1708.57,CC=CC(OC)=C,A~A{A~AA}BA,72.9492143784413
CC=CC(=O)CO,CC=CC(=O)CO,-1531.79,C(CO)(=O)C=CC,AA~AA{~B}AB,63.057321276690985
C1=COCOC1,C1=COCOC1,-1224.69,C1=CCOCO1,Ar~ABABAr,45.87324857871884
NCC1CC=CC1,NCC1CC=CC1,-1794.67,C1=CCC(CN)C1,DAArAA~AAr,77.7670218004387
CN1CC=CCC1,CN1CC=CCC1,-1786.09,N1(C)CC=CCC1,ADrAA~AAAr,77.2869197367832
Cc1sncc1O,Cc1sncc1O,-1787.8,s1ncc(O)c1C,AaredaarB,77.38260441380545
C#CCCO[N][CH2],C#CCCO[N][CH2],-1392.87,[N](OCCC#C)[CH2],A^AAAB{D}{AQs},55.28392049778414
CC1NC(=O)C1O,CC1NC(=O)C1O,-1412.54,C1(O)C(C)NC1=O,AArDA{~B}ArB,56.38457406329738
CCOCCOC,CCOCCOC,-1776.51,COCCOCC,AABAABA,76.75086172165273
CNCCNC=O,CNCCNC=O,-1615.46,C(NCCNC)=O,ADAADA~B,67.73915573660415
C=CC1CC(=O)C1,C=CC1CC(=O)C1,-1576.45,C1(C=C)CC(=O)C1,A~AArAA{~B}Ar,65.55631406956445
O=C1CC(O)CN1,O=C1CC(O)CN1,-1285.68,C1(=O)NCC(O)C1,B~ArAA{B}ADr,49.28600205917902
CC1=NN(C)CC1,CC1=NN(C)CC1,-1658.68,C1CN(C)N=C1C,AAr~DD{A}AAr,70.1575719593536
O=C1CCC(O)C1,O=C1CCC(O)C1,-1544.6,C1(O)CCC(=O)C1,B~ArAAA{B}Ar,63.77411701508572
C=C1CC=CCC1,C=C1CC=CCC1,-1779.67,C1=CCC(=C)CC1,A~ArAA~AAAr,76.92768252831371
COC1CCOC1,COC1CCOC1,-1651.31,C1OCC(OC)C1,ABArAABAr,69.74517659698284
O=CC1=NNCC1,O=CC1=NNCC1,-1461.54,N1N=C(C=O)CC1,B~AAr~DDAAr,59.12641568557231
C#CC(=O)C(=N)N,C#CC(=O)C(=N)N,-1306.65,C(C#C)(=O)C(N)=N,A^AA{~B}A{~D}D,50.45939836160975
CCC1=CC=CC1,CCC1=CC=CC1,-1788.55,C1=CCC(CC)=C1,AAAr~AA~AAr,77.42457137741171
C=CC1OCCO1,C=CC1OCCO1,-1513.3,C1COC(C=C)O1,A~AArBAABr,62.02269573391826
C=Cc1cnon1,C=Cc1cnon1,-1166.51,n1cc(C=C)no1,A~Aaradbdr,42.6177313219034
CCNC(C)CO,CCNC(C)CO,-1859.72,C(C)NC(C)CO,AADA{A}AB,81.40695644388738
C=CCCC#CC,C=CCCC#CC,-1753.08,C(#CCCC=C)C,A~AAAA^AA,75.43981377859348
C#CCO,C#CCO,-799.52,C(O)C#C,A^AAB,22.082456690093558
CC#CCOC,CC#CCOC,-1389.93,O(CC#CC)C,AA^AABA,55.11941000044765
C=C(CC)CC,C=C(CC)CC,-1753.05,C(C)C(CC)=C,A~A{AA}AA,75.43813510004925
Nc1coc(N)c1,Nc1coc(N)c1,-1349.49,c1(N)occ(N)c1,Daraba{D}ar,52.856551322798694
CC12CCNC1C2,CC12CCNC1C2,-1785.84,C12C(C)(CCN1)C2,AArsAADArAs,77.27293074891446
CN1C=NCCC1,CN1C=NCCC1,-1673.22,N1=CN(C)CCC1,ADrA~DAAAr,70.9711714938001
C1=CCNCC=C1,C1=CCNCC=C1,-1648.89,C1=CC=CCNC1,Ar~AADAA~Ar,69.60976319441338
C=CCC=CCO,C=CCC=CCO,-1703.72,C(C=CCC=C)O,A~AAA~AAB,72.67782801378756
OCc1ccn[nH]1,OCc1ccn[nH]1,-1795.05,C(O)c1[nH]ncc1,BAaraad{dQ}r,77.7882850619992
C=C1C=COC=C1,C=C1C=COC=C1,-1453.51,O1C=CC(=C)C=C1,A~ArA~ABA~Ar,58.67708939522809
CC(C#N)C1CO1,CC(C#N)C1CO1,-1447.67,C1(C(C)C#N)CO1,AA{A^D}ArABr,58.350306638614086
C=CC1CCC1N,C=CC1CCC1N,-1766.55,NC1C(C=C)CC1,A~AArAAArD,76.19354044496173
CC=CC#CC#N,CC=CC#CC#N,-1783.14,C(#CC=CC)C#N,AA~AA^AA^D,77.12184967993198
CCC1NC1CO,CCC1NC1CO,-1716.29,OCC1NC1CC,AAArDArAB,73.38119432382828
Cc1cscc1O,Cc1cscc1O,-1453.44,s1cc(O)c(C)c1,AaraeaarB,58.67317247862483
CC(C)CN1CC1,CC(C)CN1CC1,-1907.26,C1N(CC(C)C)C1,AA{A}ADrAAr,84.06710237700882
NC1CC(O)C1O,NC1CC(O)C1O,-1520.28,C1(O)C(O)CC1N,DArAA{B}ArB,62.41326827521377
CC1=CCOCC1,CC1=CCOCC1,-1721.81,C1COCC=C1C,AAr~AABAAr,73.69007117597026
NCC=CC(=O)O,NCC=CC(=O)O,-1255.59,C(=O)(C=CCN)O,DAA~AA{~B}B,47.602287479296294
NCC1=CC=CC1,NCC1=CC=CC1,-1657.9,C1=CCC(CN)=C1,DAAr~AA~AAr,70.1139263172031
C#CC(C)(C)N,C#CC(C)(C)N,-1466.65,CC(C)(N)C#C,A^AA{A}{A}D,59.41235059760957
COc1ccon1,COc1ccon1,-1248.57,o1ccc(OC)n1,ABaraabdr,47.20947669994181
C1=CC2CC1CN2,C1=CC2CC1CN2,-1652.22,C1C2NCC1C=C2,Ar~AAsAArADs,69.79609651282512
CC1CN=CNC1,CC1CN=CNC1,-1684.48,C1NC=NCC1C,AArAD~ADAr,71.60123550740856
O=CCCC1CO1,O=CCCC1CO1,-1511.5,C(=O)CCC1CO1,B~AAAArABr,61.92197502126326
CC(C)(C)OC=O,CC(C)(C)OC=O,-1678.57,C(OC(C)(C)C)=O,AA{A}{A}BA~B,71.27053583419134
C1C2NC2C2CN12,C1C2NC2C2CN12,-1492.56,C12C(CN3CC13)N2,ArAsDAsAsADrs,60.86216930032678
CC1CN(N)C1=O,CC1CN(N)C1=O,-1467.11,C1N(N)C(=O)C1C,AArAD{D}Ar~B,59.43809033528807
NC1CNC1CO,NC1CNC1CO,-1578.95,OCC1C(N)CN1,DArADArAB,65.69620394825195
C#C[CH][N][N][CH]C,C#C[CH][N][N][CH]C,-1345.67,[CH](C#C)[N][N][CH]C,A^A{AQ}{D}{D}{AQ}A,52.64279958816421
CC12CC1C=NN2,CC12CC1C=NN2,-1512.58,C12C=NNC1(C)C2,AArsAArA~DDs,61.98240744885626
C=CC(C)(C)CO,C=CC(C)(C)CO,-1846.98,C(=C)C(CO)(C)C,A~AA{A}{A}AB,80.69407762209589
C1=CC2C=CC1C2,C1=CC2C=CC1C2,-1311.07,C1C2C=CC1C=C2,Ar~AAsA~AArAs,50.70672366712924
CC(=NN)C1CC1,CC(=NN)C1CC1,-1636.38,NN=C(C1CC1)C,AA{~DD}ArAAr,68.90975424146113
C#CC(O)C(C)O,C#CC(O)C(C)O,-1492.36,CC(O)C(O)C#C,A^AA{B}A{A}B,60.85097811003179
CC#N,CC#N,-618.72,C(C)#N,AA^D,11.965620663413764
CC1CCCC1=O,CC1CCCC1=O,-1743.81,C1C(=O)C(C)CC1,AArAAAAr~B,74.92110210842024
CCC(O)CCO,CCC(O)CCO,-1796.86,OCCC(CC)O,AAA{B}AAB,77.88956533416895
CCN1CC(N)C1,CCN1CC(N)C1,-1778.75,NC1CN(CC)C1,AADrAA{D}Ar,76.87620305295671
C=CCN(O)C=N,C=CCN(O)C=N,-1230.84,C(N(O)C=N)C=C,A~AAD{B}A~D,46.21737768029007
CNN=C(C)C=O,CNN=C(C)C=O,-1451.52,C(C(=NNC)C)=O,ADD~A{A}A~B,58.56573705179282
CCC(C)=NN,CCC(C)=NN,-1489.15,C(C)C(C)=NN,AAA{A}~DD,60.67135950579704
CNCC#CC=O,CNCC#CC=O,-1425.52,N(CC#CC=O)C,ADAA^AA~B,57.110882313442865
OCCC1(O)CC1,OCCC1(O)CC1,-1647.7,C(CO)C1(O)CC1,BAAAr{B}AAr,69.54317561215812
N#CC(O)C1CC1,N#CC(O)C1CC1,-1665.06,C1C(C(C#N)O)C1,D^AA{B}ArAAr,70.51457092976409
CNC(=N)CCO,CNC(=N)CCO,-1612.67,OCCC(NC)=N,ADA{~D}AAB,67.5830386319889
O=CN1CCCN1,O=CN1CCCN1,-1383.17,C1CNN(C=O)C1,B~ADrAAADr,54.741147768476665
OCC1CC=NO1,OCC1CC=NO1,-1125.07,O1N=CCC1CO,BAArAA~DBr,40.29891669277945
OCC1=NOCC1,OCC1=NOCC1,-1713.92,C(O)C1=NOCC1,BAAr~DBAAr,73.24857871883253
C#CCN(C)C,C#CCN(C)C,-1452.85,N(C)(C)CC#C,A^AAD{A}A,58.64015846725457
C=COCCCO,C=COCCCO,-1646.38,O(C=C)CCCO,A~ABAAAB,69.46931375621112
COC(C)C#N,COC(C)C#N,-1292.28,N#CC(C)OC,ABA{A}A^D,49.65531133891401
C=CC(C)(C)CN,C=CC(C)(C)CN,-1916.23,CC(C)(CN)C=C,A~AA{A}{A}AD,84.56902726173956
NCC1(O)CCC1,NCC1(O)CCC1,-1719.19,C1CCC1(O)CN,DAAr{B}AAAr,73.54346658310578
C#CCC#CCN,C#CCC#CCN,-1461.62,NCC#CCC#C,A^AAA^AAD,59.130892161690305
CC[N][CH]N(C)C,CC[N][CH]N(C)C,-1793.48,CN([CH][N]CC)C,AA{D}{AQ}D{A}A,77.70043421818345
C=C1C=CCOC1,C=C1C=CCOC1,-1581.53,O1CC(=C)C=CC1,A~ArA~AABAr,65.84057030305745
O=CNC1CC1O,O=CNC1CC1O,-1345.59,C1(O)C(NC=O)C1,B~ADArAArB,52.638323112046194
C=CN(C)C=O,C=CN(C)C=O,-1310.11,O=CN(C)C=C,A~AD{A}A~B,50.65300595371323
CCOCC(C)C,CCOCC(C)C,-1987.3,CC(COCC)C,AABAA{A}A,88.54581673306774
Cc1ccsc1O,Cc1ccsc1O,-1451.61,c1cc(C)c(O)s1,AaraaearB,58.57077308742558
N#C[C]([NH])N1CC1,N#C[C]([NH])N1CC1,-1248.98,C1N([C](C#N)[NH])C1,D^A{A}{{DQ}}DrAAr,47.23241864004656
NCC=CC(N)=O,NCC=CC(N)=O,-1487.22,NC(C=CCN)=O,DAA~AA{D}~B,60.5633645194503
C#CCN1CCC1,C#CCN1CCC1,-1604.1,C1CCN1CC#C,A^AADrAAAr,67.10349612784816
CC1NC(=O)C1N,CC1NC(=O)C1N,-1477.16,C1(N)C(C)NC1=O,AArDA{~B}ArD,60.000447647611814
C1=CCCCC=C1,C1=CCCCC=C1,-1686.34,C1=CC=CCCC1,Ar~AAAAA~Ar,71.70531357715207
C#C[CH][N]N(C)C,C#C[CH][N]N(C)C,-1463.11,CN([N][CH]C#C)C,A^A{AQ}{D}D{A}A,59.21426652938807
C#Cc1ccns1,C#Cc1ccns1,-1571.3,C#Cc1sncc1,A^Aaraader,65.2681409194682
CC1OC(C)C1N,CC1OC(C)C1N,-1716.05,CC1C(N)C(C)O1,AArBA{A}ArD,73.36776489547428
CNC(=O)CC=O,CNC(=O)CC=O,-1422.33,C(CC(NC)=O)=O,ADA{~B}AA~B,56.932382828237614
C=C(C#N)CC#N,C=C(C#N)CC#N,-1262.53,C(C#N)C(=C)C#N,A~A{A^D}AA^D,47.99062178253279
CC(O)C(O)CN,CC(O)C(O)CN,-1671.44,OC(C(CN)O)C,AA{B}A{B}AD,70.87156990017459
C=COC1CC1O,C=COC1CC1O,-1495.78,C(OC1CC1O)=C,A~ABArAArB,61.04234746407629
O=C1CNCCO1,O=C1CNCCO1,-1351.55,C1OC(=O)CNC1,B~ArADAABr,52.971820582837196
CNCC1NC1C,CNCC1NC1C,-1778.2,CNCC1C(C)N1,ADAArDArA,76.84542727964548
OC1CN2CC1C2,OC1CN2CC1C2,-1284.36,C1C(O)C2CN1C2,BArADsAArAs,49.21214020323201
COC1C(N)C1N,COC1C(N)C1N,-1575.22,O(C1C(N)C1N)C,ABArA{D}ArD,65.4874882492502
CC1CC(N)C1O,CC1CC(N)C1O,-1721.11,C1(O)C(N)CC1C,AArAA{D}ArB,73.65090200993778
CNCCC=O,CNCCC=O,-1429.78,O=CCCNC,ADAAA~B,57.34925466672637
CC1COC(=O)N1,CC1COC(=O)N1,-1438.72,C1C(C)NC(=O)O1,AArABA{~B}Dr,57.849500872912856
CCCCO,CCCCO,-1400.29,C(O)CCC,AAAAB,55.69911365772864
C=C1C=CC(=O)C1,C=C1C=CC(=O)C1,-1465.91,O=C1CC(=C)C=C1,A~ArA~AA{~B}Ar,59.37094319351807
CNC(=O)CCO,CNC(=O)CCO,-1557.87,OCCC(NC)=O,ADA{~B}AAB,64.51665249115895
C=CC(=O)C(C)C,C=CC(=O)C(C)C,-1723.94,CC(C)C(=O)C=C,A~AA{~B}A{A}A,73.80925735261202
C#CC1CC(O)C1,C#CC1CC(O)C1,-1548.73,C1(O)CC(C#C)C1,A^AArAA{B}Ar,64.00521509467747
C=C(C=CC)CC,C=C(C=CC)CC,-1911.19,C(=CC)C(=C)CC,A~A{A~AA}AA,84.28700926630557
C#CCC(C)C=O,C#CCC(C)C=O,-1561.7,O=CC(CC#C)C,A^AAA{A}A~B,64.73096378530822
CC1CC1C(N)=O,CC1CC1C(N)=O,-1615.12,O=C(C1C(C)C1)N,AArAArA{D}~B,67.72013071310263
O=C1CCCC1O,O=C1CCCC1O,-1545.39,C1(=O)C(O)CCC1,B~ArAAAArB,63.81832221675099
C=C(C)C#CCO,C=C(C)C#CCO,-1553.34,C(#CCO)C(C)=C,A~A{A}A^AAB,64.26317203097722
CC=CC(=O)C#N,CC=CC(=O)C#N,-1328.43,O=C(C#N)C=CC,AA~AA{~B}A^D,51.67811898473522
Cc1cocc1C,Cc1cocc1C,-1602.41,c1occ(C)c1C,AarabaarA,67.00893056985542
CC(=O)C(C)C,CC(=O)C(C)C,-1572.05,O=C(C)C(C)C,AA{~B}A{A}A,65.31010788307445
O=S1(=O)CCOC1,O=S1(=O)CCOC1,-825.76,C1OCCS1(=O)=O,B~Er{~B}AABAr,23.550740856797532
CC1CCC1C,CC1CCC1C,-1750.54,C1C(C)C(C)C1,AArAAArA,75.297685661847
C#CC1CN=CN1,C#CC1CN=CN1,-1676.8,N1=CNC(C#C)C1,A^AArAD~ADr,71.17149380008058
C1CC2(CN1)CN2,C1CC2(CN1)CN2,-1652.72,C1NC12CNCC2,ArAAs{ADr}ADs,69.82407448856262
CC1(O)CC(N)C1,CC1(O)CC(N)C1,-1718.87,OC1(C)CC(N)C1,AAr{B}AA{D}Ar,73.52556067863377
CCC(C)(O)CN,CCC(C)(O)CN,-1869.38,OC(CN)(C)CC,AAA{A}{B}AD,81.94749093513586
CC(O)C1CC1O,CC(O)C1CC1O,-1648.42,C(C1CC1O)(C)O,AA{B}ArAArB,69.58346389722011
C=C(C)C(=O)NC,C=C(C)C(=O)NC,-1612.53,N(C(=O)C(=C)C)C,A~A{A}A{~B}DA,67.57520479878241
CCOC[CH][N]N,CCOC[CH][N]N,-1574.14,O(C[CH][N]N)CC,AABA{AQ}{D}D,65.4270558216572
COCC1CC1N,COCC1CC1N,-1707.28,O(C)CC1CC1N,ABAArAArD,72.87703120103855
CC1CC(=O)CO1,CC1CC(=O)CO1,-1537.44,O=C1CC(C)OC1,AArAA{~B}ABr,63.37347240252473
Cc1ccnn1O,Cc1ccnn1O,-1318.72,c1cc(C)n(O)n1,AaraaddrB,51.13478669591298
COCC(C)=NN,COCC(C)=NN,-1575.19,CC(=NN)COC,ABAA{A}~DD,65.48580957070594
CCCCCN,CCCCCN,-1766.6,NCCCCC,AAAAAD,76.19633824253546
C=CC#CCCN,C=CC#CCCN,-1625.21,C(#CCCN)C=C,A~AA^AAAD,68.28472626348538
COC1CN(C)C1,COC1CN(C)C1,-1696.1,C1N(C)CC1OC,ABArAD{A}Ar,72.25144366354805
O=CC1CC=NN1,O=CC1CC=NN1,-1458.51,N1=CCC(C=O)N1,B~AArAA~DDr,58.95686915260308
[CH]1C=NN2CC[C]12,[CH]1C=NN2CC[C]12,-1378.13,[C]12CCN1N=C[CH]2,{AQ}rA~DDsAA{A}rs,54.45912977304267
CC(C=O)=CC#N,CC(C=O)=CC#N,-1332.68,C(=C(C)C=O)C#N,AA{A~B}~AA^D,51.91593177850397
CC([CH][N]O)C=O,CC([CH][N]O)C=O,-1373.53,O[N][CH]C(C)C=O,AA{{AQ}{D}B}A~B,54.20173239625767
Cc1conc1N,Cc1conc1N,-1336.85,c1(C)c(N)noc1,AarabdarD,52.1492680961547
C=CCC(C)CC,C=CCC(C)CC,-2045.86,C(CC)(CC=C)C,A~AAA{A}AA,91.82259725144367
[NH][C]1NC=CCO1,[NH][C]1NC=CCO1,-1349.27,[C]1([NH])NC=CCO1,{DQ}{A}rDA~AABr,52.844241013474196
C=CC=CC#CC,C=CC=CC#CC,-1619.03,C(=CC=C)C#CC,A~AA~AA^AA,67.9389184833699
C#CC(=O)COC,C#CC(=O)COC,-1350.94,O(CC(C#C)=O)C,A^AA{~B}ABA,52.937687452437444
O=c1cccno1,O=c1cccno1,-1392.24,o1c(=O)cccn1,B~araaadbr,55.248668248354896
C#CCOCCN,C#CCOCCN,-1213.76,C(C#C)OCCN,A^AABAAD,45.2616500290971
CCCN(C)CC,CCCN(C)CC,-2050.7,N(C)(CC)CCC,AAAD{A}AA,92.09342405658265
C=CC(O)[CH][N]O,C=CC(O)[CH][N]O,-1200.49,OC([CH][N]O)C=C,A~AA{B}{AQ}{D}B,44.51911455302386
NN=C1CC=CO1,NN=C1CC=CO1,-1318.69,C1(=NN)CC=CO1,DD~ArAA~ABr,51.133108017368734
CC1CC1CC#N,CC1CC1CC#N,-1654.63,C1(C)CC1CC#N,AArAArAA^D,69.93095035587986
CN1N=CCC1=O,CN1N=CCC1=O,-1349.66,C1C(=O)N(C)N=C1,ADrD~AAAr~B,52.86606383454946
Cc1coc(=O)[nH]1,Cc1coc(=O)[nH]1,-1301.31,O=c1[nH]c(C)co1,Aaraba{~B}{dQ}r,50.16059358073325
NCCCC(N)=O,NCCCC(N)=O,-1414.83,C(CCC(N)=O)N,DAAAA{D}~B,56.51271319217512
C=CCNC(N)=O,C=CCNC(N)=O,-1420.36,O=C(N)NCC=C,A~AADA{D}~B,56.82214960383186
N#CCC=CC=O,N#CCC=CC=O,-1162.78,C(#N)CC=CC=O,D^AAA~AA~B,42.409015622901656
C#CC1OC1C=C,C#CC1OC1C=C,-1393.84,C(#C)C1C(C=C)O1,A^AArBArA~A,55.33819777071489
CC(C)(N)[CH][N]O,CC(C)(N)[CH][N]O,-1576.84,CC(C)([CH][N]O)N,AA{A}{D}{AQ}{D}B,65.5781368906397
CC#CC(C)O,CC#CC(C)O,-1402.82,OC(C)C#CC,AA^AA{A}B,55.84068221496039
C1=CC2CN(C1)C2,C1=CC2CN(C1)C2,-1632.12,C1N2CC(C2)C=C1,Ar~AAsAD{Ar}As,68.67138188817762
CCCC(O)CC,CCCC(O)CC,-1994.55,C(C(CCC)O)C,AAAA{B}AA,88.95149738126148
Cn1cccn1,Cn1cccn1,-1249.22,c1cn(C)nc1,Adraaadr,47.245848068400555
C#CC(=N)N(C)C,C#CC(=N)N(C)C,-1493.1,C(C#C)(=N)N(C)C,A^AA{~D}D{A}A,60.892385514123276
C=CCOCC=O,C=CCOCC=O,-1505.31,C(OCC=C)C=O,A~AABAA~B,61.57560768163302
C#CC1=CCCC1,C#CC1=CCCC1,-1628.79,C1C(C#C)=CCC1,A^AAr~AAAAr,68.48504856976588
COC1CC(O)C1,COC1CC(O)C1,-1639.23,O(C)C1CC(O)C1,ABArAA{B}Ar,69.06922870316487
N#CC1CC(=O)N1,N#CC1CC(=O)N1,-1582.8,O=C1CC(C#N)N1,D^AArAA{~B}Dr,65.91163436143069
C=CC(C)CCC,C=CC(C)CCC,-2047.11,CCCC(C)C=C,A~AA{A}AAA,91.89254219078742
C#CC(=C)C(C)N,C#CC(=C)C(C)N,-1621.02,C(C(C#C)=C)(C)N,A^AA{~A}A{A}D,68.05027082680513
C#CS(=O)(=O)CC,C#CS(=O)(=O)CC,-1147.12,CCS(C#C)(=O)=O,A^AE{~B}{~B}AA,41.53274542280317
C#CC(C=O)=CN,C#CC(C=O)=CN,-1305.66,C(=C(C=O)C#C)N,A^AA{A~B}~AD,50.40400196964951
C1=COCCC1,C1=COCCC1,-1429.71,C1CC=COC1,Ar~ABAAAr,57.34533775012311
C#CCCC(C)C,C#CCCC(C)C,-1891.76,C(C#C)CC(C)C,A^AAAA{A}A,83.19978512914633
CCC1(CO)CN1,CCC1(CO)CN1,-1712.22,C1C(CO)(CC)N1,AAAr{AB}ADr,73.15345360132505
C=CC=CC(C)N,C=CC=CC(C)N,-1781.29,C(C=CC(C)N)=C,A~AA~AA{A}D,77.01833116970322
C1=CC2CCC1O2,C1=CC2CCC1O2,-1583.8,C1C2C=CC(O2)C1,Ar~AAsAAArBs,65.96759031290568
C#CCC[CH][N]O,C#CCC[CH][N]O,-1169.72,[N](O)[CH]CCC#C,A^AAA{AQ}{D}B,42.797349926138146
C#CC(CC)=NO,C#CC(CC)=NO,-1407.05,C(C(=NO)C#C)C,A^AA{AA}~DB,56.07737588969963
NC1C2COCC12,NC1C2COCC12,-1582.46,C12COCC1C2N,DArAsABAArs,65.89260933792919
NCCC1COC1,NCCC1COC1,-1711.91,C(N)CC1COC1,DAAArABAr,73.1361072563678
CC1(C)CCC1O,CC1(C)CCC1O,-1850.55,CC1(C)C(O)CC1,AAr{A}AAArB,80.89384036886163
CC(CO)CO,CC(CO)CO,-1498.71,C(CO)(CO)C,AA{AB}AB,61.20629840189803
CC(C)C1CCC1,CC(C)C1CCC1,-2045.12,CC(C1CCC1)C,AA{A}ArAAAr,91.78118984735215
C#CC=C(C)CC,C#CC=C(C)CC,-1754.97,C(C#C)=C(CC)C,A^AA~A{A}AA,75.54557052688125
CCOS(C)([O])[O],CCOS(C)([O])[O],-1240.58,CS([O])(OCC)[O],AABE{A}{{B}}{B},46.762388647656564
N#CCC1CCC1,N#CCC1CCC1,-1655.06,C1CC(CC#N)C1,D^AAArAAAr,69.9550114150141
C=CCC(C)=NO,C=CCC(C)=NO,-1564.76,ON=C(CC=C)C,A~AAA{A}~DB,64.90218899682172
CCCC[CH][N]O,CCCC[CH][N]O,-1705.63,[N]([CH]CCCC)O,AAAA{AQ}{D}B,72.7847038811048
NCc1cnsc1,NCc1cnsc1,-1316.71,s1cc(CN)cn1,DAaradear,51.02231523344823
C#CC(C)C=C,C#CC(C)C=C,-1449.49,C(C(C=C)C)#C,A^AA{A}A~A,58.452146470298594
O=CC1=CCC=C1,O=CC1=CCC=C1,-1461.51,C1=CC(C=O)=CC1,B~AAr~AAA~Ar,59.12473700702808
CC#CC(N)CN,CC#CC(N)CN,-1640.5,NC(CN)C#CC,AA^AA{D}AD,69.14029276153812
N#Cc1ccsn1,N#Cc1ccsn1,-1539.53,c1cc(C#N)ns1,D^Aaraaedr,63.490420341107495
O[N][CH]CC1CN1,O[N][CH]CC1CN1,-1419.69,C(C1NC1)[CH][N]O,B{D}{AQ}AArADr,56.78465911634362
C=COC(=C)CC,C=COC(=C)CC,-1704.66,C=C(CC)OC=C,A~ABA{~A}AA,72.73042660817406
CC=NN(C)C=O,CC=NN(C)C=O,-1468.85,O=CN(N=CC)C,AA~DD{A}A~B,59.53545369085455
CC(CN)CCN,CC(CN)CCN,-1932.28,C(N)CC(C)CN,AA{AD}AAD,85.4671202829133
[CH2][N]OC(C)CO,[CH2][N]OC(C)CO,-1497.07,OCC(C)O[N][CH2],{AQs}{D}BA{A}AB,61.11453064147903
CC[N][CH]NC=O,CC[N][CH]NC=O,-1487.75,O=CN[CH][N]CC,AA{D}{AQ}DA~B,60.59302117373203
COCOCCN,COCOCCN,-1652.48,C(OCOC)CN,ABABAAD,69.8106450602086
C1=COC=NN=C1,C1=COC=NN=C1,-1933.84,N1=CC=COC=N1,Ar~ABA~DD~Ar,85.55441156721429
CCCNC=O,CCCNC=O,-1455.05,N(CCC)C=O,AAADA~B,58.76326156049958
C=CC=CCCO,C=CC=CCCO,-1709.94,C(C=CC=C)CO,A~AA~AAAB,73.02587403196205
C#Cc1cnon1,C#Cc1cnon1,-1006.46,c1nonc1C#C,A^Aaradbdr,33.661981288329834
C1CNCCN1,C1CNCCN1,-1503.98,N1CCNCC1,ArADAADr,61.50118626617127
C=CC(C)C(C)O,C=CC(C)C(C)O,-1849.64,CC(O)C(C)C=C,A~AA{A}A{A}B,80.8429204530194
C#CC1CC1C,C#CC1CC1C,-1451.07,CC1CC1C#C,A^AArAArA,58.540556873629086
CCc1nnco1,CCc1nnco1,-1346.72,n1c(CC)ocn1,AAarddabr,52.70155333721295
C=C1COC(=O)C1,C=C1COC(=O)C1,-1411.69,C1(=O)CC(=C)CO1,A~ArABA{~B}Ar,56.337011504543625
CCOCCCO,CCOCCCO,-1789.0,C(OCC)CCO,AABAAAB,77.44975155557546
C=C(C#N)COC,C=C(C#N)COC,-1448.7,N#CC(=C)COC,A~A{A^D}ABA,58.407941268633344
CC=CS(C)(=O)=O,CC=CS(C)(=O)=O,-1563.63,C(=CS(=O)(=O)C)C,AA~AE{A}{~B}~B,64.83895877165496
NCCCC1CC1,NCCCC1CC1,-1914.87,C1C(CCCN)C1,DAAAArAAr,84.49292716773355
CC1=NOCC1N,CC1=NOCC1N,-1450.19,C1(C)=NOCC1N,AAr~DBAArD,58.49131563633108
C#CC[CH][N]N,C#CC[CH][N]N,-1183.71,C(C[CH][N]N)#C,A^AA{AQ}{D}D,43.58017368727338
COC=C(C)OC,COC=C(C)OC,-1637.43,O(C=C(OC)C)C,ABA~A{A}BA,68.96850799050988
C=CCC(C)C#N,C=CCC(C)C#N,-1628.79,N#CC(C)CC=C,A~AAA{A}A^D,68.48504856976588
CCC[N][CH]NC,CCC[N][CH]NC,-1798.5,[CH]([N]CCC)NC,AAA{D}{AQ}DA,77.98133309458794
C=CC(C=O)CC,C=CC(C=O)CC,-1715.94,CCC(C=O)C=C,A~AA{A~B}AA,73.36160974081204
CCOC1CC1C,CCOC1CC1C,-1838.66,C(C)OC1C(C)C1,AABArAArA,80.22852410582392
C=C(CO)C1CC1,C=C(CO)C1CC1,-1700.58,C(C1CC1)(=C)CO,A~A{AB}ArAAr,72.50212632615604
C#CC(C#C)NC,C#CC(C#C)NC,-1448.23,C(C(C#C)NC)#C,A^AA{A^A}DA,58.381641971440075
OCCC1COC1,OCCC1COC1,-1641.32,O1CC(CCO)C1,BAAArABAr,69.18617664174762
C=CC(C)CCO,C=CC(C)CCO,-1847.16,OCCC(C)C=C,A~AA{A}AAB,80.7041496933614
C=CC(N)CCC,C=CC(N)CCC,-1917.15,C(CC(N)C=C)C,A~AA{D}AAA,84.62050673709656
CN[N][CH]COC,CN[N][CH]COC,-1566.13,N(C)[N][CH]COC,AD{D}{AQ}ABA,64.97884865034246
O=c1ccocc1,O=c1ccocc1,-1275.07,c1coccc1=O,B~araabaar,48.69230941402928
COCC(C)(C)N,COCC(C)(C)N,-1857.21,O(C)CC(C)(N)C,ABAA{A}{A}D,81.26650700568513
OCC1C=CCC1,OCC1C=CCC1,-1724.47,C1CC=CC1CO,BAArA~AAAr,73.83891400689377
COC(C)CC=O,COC(C)CC=O,-1653.02,CC(CC=O)OC,ABA{A}AA~B,69.84086127400509
O=C1NCC2CN12,O=C1NCC2CN12,-1276.01,O=C1NCC2CN21,B~ArDAAsADrs,48.74490800841578
CCOCOC,CCOCOC,-1486.3,COCOCC,AABABA,60.51188504409329
CN1CCC1CN,CN1CCC1CN,-1778.35,C1CN(C)C1CN,ADrAAArAD,76.8538206723667
c1scc2c1CO2,c1scc2c1CO2,-1057.63,O1c2cscc2C1,areaasarABs,36.52524732530553
CC=CC1CC1,CC=CC1CC1,-1605.65,C(C)=CC1CC1,AA~AArAAr,67.19022785263441
CCC(=O)N(C)N,CCC(=O)N(C)N,-1605.15,O=C(N(C)N)CC,AAA{~B}D{A}D,67.16224987689691
CC1CC2CC1O2,CC1CC2CC1O2,-1706.79,O1C2CC(C)C1C2,AArAAsAArBs,72.84961278481579
C#CCC(N)C=C,C#CCC(N)C=C,-1617.85,C(=C)C(CC#C)N,A^AAA{D}A~A,67.87289046062939
CC1=COCC1,CC1=COCC1,-1427.68,C1CC(C)=CO1,AAr~ABAAr,57.23174716862886
C=CCCC1CO1,C=CCCC1CO1,-1695.85,C1(CCC=C)OC1,A~AAAArABr,72.2374546756793
CC(C)ONC=O,CC(C)ONC=O,-1514.91,O=CNOC(C)C,AA{A}BDA~B,62.11278481579302
C=CC1CN=CN1,C=CC1CN=CN1,-1784.77,C=CC1NC=NC1,A~AArAD~ADr,77.21305788083622
C[CH]C(C)=C[N]O,C[CH]C(C)=C[N]O,-1569.88,[N](C=C(C)[CH]C)O,A{AQ}A{A}~A{D}B,65.1886834683737
C1OCC2CC1C2,C1OCC2CC1C2,-1710.18,C1C2CC1COC2,ArBAAsAArAs,73.03930346031605
C=CC1CCC1C,C=CC1CCC1C,-1771.35,C=CC1C(C)CC1,A~AArAAArA,76.46212901204171
CC(C)C(N)=O,CC(C)C(N)=O,-1463.49,C(N)(C(C)C)=O,AA{A}A{D}~B,59.235529790948576
CS(=O)(=O)CC#N,CS(=O)(=O)CC#N,-1292.35,S(CC#N)(=O)(C)=O,AE{~B}{~B}AA^D,49.65922825551725
C=CC=CCC,C=CC=CCC,-1614.03,C(=CC=C)CC,A~AA~AAA,67.65913872599491
O=C1CC2CC2O1,O=C1CC2CC2O1,-1406.1,C1C2CC2OC1=O,B~ArAAsAAsBr,56.02421773579837
[NH][C]1CC2CC2N1,[NH][C]1CC2CC2N1,-1536.52,C1C2N[C]([NH])CC12,{DQ}{A}rAAsAAsDr,63.32199292716773
CC(=NO)N1CC1,CC(=NO)N1CC1,-1423.24,ON=C(C)N1CC1,AA{~DB}DrAAr,56.983302744079865
C=CC=CCC=C,C=CC=CCC=C,-1764.37,C=CCC=CC=C,A~AA~AAA~A,76.07155647074622
C=C(C#N)CO,C=C(C#N)CO,-1159.98,OCC(C#N)=C,A~A{A^D}AB,42.25233895877166
C=C(C)C=COC,C=C(C)C=COC,-1707.42,C(C=COC)(C)=C,A~A{A}A~ABA,72.88486503424505
C=CC(C)CO,C=CC(C)CO,-1553.09,C(C=C)(C)CO,A~AA{A}AB,64.24918304310847
C1CNC2(C1)CC2,C1CNC2(C1)CC2,-1786.07,C1C2(CCCN2)C1,ArADAs{Ar}AAs,77.28580061775371
COC=CC(C)C,COC=CC(C)C,-1845.23,C(C(C)C)=COC,ABA~AA{A}A,80.59615470701465
CC1OCC=NO1,CC1OCC=NO1,-1371.65,O1CC=NOC1C,AArBAA~DBr,54.09653520748468
CC1C2CCC1C2,CC1C2CCC1C2,-1911.76,C1(C)C2CC1CC2,AArAsAAArAs,84.31890415864632
[CH2][N][N][CH]C1CO1,[CH2][N][N][CH]C1CO1,-1287.92,[N]([N][CH]C1OC1)[CH2],{AQs}{D}{D}{AQ}ArABr,49.411343390483026
CC(C)OC1CC1,CC(C)OC1CC1,-1838.29,C1CC1OC(C)C,AA{A}BArAAr,80.20782040377816
C#CC1CC1CO,C#CC1CC1CO,-1546.8,C1(CO)CC1C#C,A^AArAArAB,63.89722010833073
CNC(C)(C)CN,CNC(C)(C)CN,-1926.53,CNC(CN)(C)C,ADA{A}{A}AD,85.14537356193205
C1=NCCC2CN12,C1=NCCC2CN12,-1518.02,C1C2CCN=CN12,Ar~DAAAsADrs,62.28680782488025
CC#CC[CH][N]O,CC#CC[CH][N]O,-1410.14,C(C)#CC[CH][N]O,AA^AA{AQ}{D}B,56.250279779757385
CCCC(C)CO,CCCC(C)CO,-1991.34,C(C(CO)C)CC,AAAA{A}AB,88.77187877702673
CC(CN)CN,CC(CN)CN,-1636.46,C(N)C(C)CN,AA{AD}AD,68.91423071757913
CCCNNC=O,CCCNNC=O,-1600.89,C(NNC=O)CC,AAADDA~B,66.92387752361343
C[C](C)C=C[N]O,C[C](C)C=C[N]O,-1570.47,C[C](C=C[N]O)C,A{A}{A}A~A{D}B,65.22169747974395
OCC1CC1O,OCC1CC1O,-1346.49,C(C1C(O)C1)O,BAArAArB,52.688683468373696
C=CC(O)C=C,C=CC(O)C=C,-1407.59,C(C(C=C)O)=C,A~AA{B}A~A,56.107592103496124
CNC1CCC1,CNC1CCC1,-1609.73,C1(NC)CCC1,ADArAAAr,67.41852813465239
CC1=CC=CC1C,CC1=CC=CC1C,-1661.78,C1(C)C(C)=CC=C1,AAr~AA~AArA,70.33103540892611
[CH]1N[N][C]2CO[C]12,[CH]1N[N][C]2CO[C]12,-1148.05,[C]12[C](CO1)[N]N[CH]2,{AQ}rD{D}{A}sAB{A}rs,41.58478445767492
C=CCCCC#N,C=CCCCC#N,-1357.28,C(CCC#N)C=C,A~AAAAA^D,53.29244818478894
C=C1OCCC1C,C=C1OCCC1C,-1725.09,C1OC(=C)C(C)C1,A~ArBAAArA,73.87360669680828
[O][N]c1ccc[nH]1,[O][N]c1ccc[nH]1,-1241.63,c1ccc([N][O])[nH]1,{B}{D}araaa{dQ}r,46.821142396705326
CNC(=O)C(C)C,CNC(=O)C(C)C,-1753.95,N(C)C(C(C)C)=O,ADA{~B}A{A}A,75.48849545637677
CN(C)CC1CN1,CN(C)CC1CN1,-1771.14,C1NC1CN(C)C,AD{A}AArADr,76.450378262232
O=C(O)CC1CN1,O=C(O)CC1CN1,-1076.42,O=C(CC1NC1)O,B~A{B}AArADr,37.57665965352076
C1=CCCC=C1,C1=CCCC=C1,-1489.21,C1=CC=CCC1,Ar~AAAA~Ar,60.67471686288554
OC12COCC1C2,OC12COCC1C2,-1512.61,C12(O)COCC1C2,BArsABAArAs,61.984086127400516
C=CC(=C)OC=O,C=CC(=C)OC=O,-1388.73,C(OC=O)(C=C)=C,A~AA{~A}BA~B,55.05226285867765
C#CC(C)N,C#CC(C)N,-1169.33,NC(C#C)C,A^AA{A}D,42.7755271050629
C=C(C)C(=O)CC,C=C(C)C(=O)CC,-1727.9,C(CC)(C(C)=C)=O,A~A{A}A{~B}AA,74.03084292045303
N#CC1CC=NO1,N#CC1CC=NO1,-1177.56,N1=CCC(C#N)O1,D^AArAA~DBr,43.23604458570214
C=C(C=O)CCO,C=C(C=O)CCO,-1522.87,C(C(=C)C=O)CO,A~A{A~B}AAB,62.558194189533985
C=CC(=C)CC,C=CC(=C)CC,-1611.96,CCC(=C)C=C,A~AA{~A}AA,67.54330990644165
CC1CC(C#N)O1,CC1CC(C#N)O1,-1452.71,C(C1OC(C)C1)#N,AArAA{A^D}Br,58.63232463404808
C=CC(CN)NC,C=CC(CN)NC,-1781.15,NCC(C=C)NC,A~AA{AD}DA,77.01049733649671
O=CC1C=NNC1,O=CC1C=NNC1,-1317.32,C1(C=O)C=NNC1,B~AArA~DDAr,51.056448363847984
CN1CCNCC1,CN1CCNCC1,-1793.03,C1NCCN(C)C1,ADrAADAAr,77.6752540400197
COC=C(C)C=O,COC=C(C)C=O,-1522.24,C(=C(C)C=O)OC,ABA~A{A}A~B,62.522941940104765
C=CCC1CN1,C=CCC1CN1,-1471.88,N1C(CC=C)C1,A~AAArADr,59.70500022382381
N#CC1C=CC=C1,N#CC1C=CC=C1,-1391.8,C1(C#N)C=CC=C1,D^AArA~AA~Ar,55.2240476297059
CC(CCO)=NO,CC(CCO)=NO,-1510.6,C(C(C)=NO)CO,AA{AAB}~DB,61.871614664935755
C=CC#C[CH][N]N,C=CC#C[CH][N]N,-1346.69,C(C=C)#C[CH][N]N,A~AA^A{AQ}{D}D,52.6998746586687
C#CCC(C)=NN,C#CCC(C)=NN,-1484.65,C(#C)CC(=NN)C,A^AAA{A}~DD,60.419557724159546
[CH]1O[N][C]2CC[C]12,[CH]1O[N][C]2CC[C]12,-1276.23,O1[N][C]2[C](CC2)[CH]1,{AQ}rB{D}{A}sAA{A}rs,48.757218317740275
CC1(N)CCC1O,CC1(N)CCC1O,-1725.05,C1CC(O)C1(C)N,AAr{D}AAArB,73.87136845874927
CC,CC,-712.42,CC,AA,17.208693316621154
O=C1NC=CCO1,O=C1NC=CCO1,-1176.14,C1(=O)NC=CCO1,B~ArDA~AABr,43.15658713460765
Cc1c[nH][nH]c1=O,Cc1c[nH][nH]c1=O,-1352.96,Cc1c(=O)[nH][nH]c1,Aara{dQ}{dQ}ar~B,53.05071847441694
NCCC1CO1,NCCC1CO1,-1416.13,C1C(CCN)O1,DAAArABr,56.58545592909263
C#CC1(C)CNC1,C#CC1(C)CNC1,-1914.03,C1C(C)(C#C)CN1,A^AAr{A}ADAr,84.44592416849457
CC1C(O)C1O,CC1C(O)C1O,-1342.69,C1(C)C(O)C1O,AArA{B}ArB,52.4760508527687
CC1CNC(=N)C1,CC1CNC(=N)C1,-1554.3,N1C(=N)CC(C)C1,AArADA{~D}Ar,64.31688974439322
NCC1CC(=O)O1,NCC1CC(=O)O1,-1415.14,C(N)C1OC(=O)C1,DAArAA{~B}Br,56.53005953713238
NC1CC2CC2C1,NC1CC2CC2C1,-1788.8,C12CC(N)CC1C2,DArAAsAAsAr,77.43856036528045
CCNC1CC1N,CCNC1CC1N,-1783.05,C(NC1C(N)C1)C,AADArAArD,77.11681364429921
CC(C)(C)[CH][N]O,CC(C)(C)[CH][N]O,-1706.44,C(C)([CH][N]O)(C)C,AA{A}{A}{AQ}{D}B,72.83002820179955
CNCCCNC,CNCCCNC,-1920.17,N(C)CCCNC,ADAAADA,84.78949371055106
OCCC1CCO1,OCCC1CCO1,-1644.44,O1CCC1CCO,BAAArAABr,69.36075921034961
O=CC1=NN=CC1,O=CC1=NN=CC1,-1324.15,C1(C=O)=NN=CC1,B~AAr~DD~AAr,51.43862751242223
CC1ON=CC1O,CC1ON=CC1O,-1377.38,O1C(C)C(O)C=N1,AArBD~AArB,54.41716280943643
COC(C)C(C)O,COC(C)C(C)O,-1788.34,OC(C)C(OC)C,ABA{A}A{A}B,77.41282062760196
C=C(OC)C(=N)N,C=C(OC)C(=N)N,-1464.66,N=C(C(OC)=C)N,A~A{BA}A{~D}D,59.300998254174324
[CH2][N]NCC=CC,[CH2][N]NCC=CC,-1628.35,C(=CCN[N][CH2])C,{AQs}{D}DAA~AA,68.46042795111687
[CH2][N]NC1CC1O,[CH2][N]NC1CC1O,-1571.69,[N]([CH2])NC1CC1O,{AQs}{D}DArAArB,65.28996374054344
COC1=NCCN1,COC1=NCCN1,-1474.54,C1CN=C(OC)N1,ABAr~DAADr,59.8538430547473
C#CCOC=CC,C#CCOC=CC,-1542.13,C(OCC#C)=CC,A^AABA~AA,63.63590581494248
N#Cc1cnsc1,N#Cc1cnsc1,-1050.62,c1(C#N)cnsc1,D^Aaradear,36.13299610546578
C=CC1OCC1=O,C=CC1OCC1=O,-1370.6,C(C1OCC1=O)=C,A~AArBAAr~B,54.037781458435916
CC(C)=CC(C)N,CC(C)=CC(C)N,-1922.71,C(=CC(C)N)(C)C,AA{A}~AA{A}D,84.93162182729756
O=CC1CC(=O)N1,O=CC1CC(=O)N1,-1445.16,O=C1CC(C=O)N1,B~AArAA{~B}Dr,58.20985720041185
C=CC1NC1C=O,C=CC1NC1C=O,-1435.28,C=CC1C(C=O)N1,A~AArDArA~B,57.657012399838855
CC=CC(C)N,CC=CC(C)N,-1625.6,C(C)(C=CC)N,AA~AA{A}D,68.30654908456063
NCC1CC1N,NCC1CC1N,-1490.31,NCC1C(N)C1,DAArAArD,60.73626840950803
OC1CCNC1,OC1CCNC1,-1437.1,C1CNCC1O,BArAADAr,57.75885223152334
COCC(O)CN,COCC(O)CN,-1658.1,NCC(O)COC,ABAA{B}AD,70.12511750749809
C=C(C)CCNC,C=C(C)CCNC,-1914.11,C(CC(C)=C)NC,A~A{A}AADA,84.45040064461257
C#CC(C=C)=NO,C#CC(C=C)=NO,-1428.21,C(#C)C(C=C)=NO,A^AA{A~A}~DB,57.26140382291061
C=CCCC(C)O,C=CCCC(C)O,-1850.18,OC(C)CCC=C,A~AAAA{A}B,80.87313666681591
Oc1ccc[nH]1,Oc1ccc[nH]1,-1188.12,[nH]1cccc1O,Baraaa{dQ}r,43.82693943327812
COC1C=NOC1,COC1C=NOC1,-1361.75,N1=CC(OC)CO1,ABArA~DBAr,53.54257128788218
COCC(C)C=O,COCC(C)C=O,-1652.61,C(OC)C(C)C=O,ABAA{A}A~B,69.81791933390036
CCC#CC=O,CCC#CC=O,-1268.01,C(#CC=O)CC,AAA^AA~B,48.29726039661579
CN(C)C(=N)C=O,CN(C)C(=N)C=O,-1462.09,O=CC(N(C)C)=N,AD{A}A{~D}A~B,59.157191458883574
CC(C#N)[CH][N]O,CC(C#N)[CH][N]O,-1311.11,C(#N)C([CH][N]O)C,AA{A^D}{AQ}{D}B,50.70896190518823
C=CC(C)C=C,C=CC(C)C=C,-1605.94,C(C=C)(C=C)C,A~AA{A}A~A,67.20645507856216
C#CC(=C)CC=O,C#CC(=C)CC=O,-1418.1,C(=C)(CC=O)C#C,A^AA{~A}AA~B,56.695689153498364
CC1(C#N)CCO1,CC1(C#N)CCO1,-1452.25,C1OC(C#N)(C)C1,AAr{A^D}AABr,58.606584896369576
CC#CCCN,CC#CCCN,-1472.85,C(CCN)#CC,AA^AAAD,59.75927749675455
CC1CCN1[CH][NH],CC1CCN1[CH][NH],-1234.56,C1(C)CCN1[CH][NH],AArAADr{AQ}{DQ},46.42553381977707
CCCC#CC#N,CCCC#CC#N,-1494.33,C(C#N)#CCCC,AAAA^AA^D,60.96121133443753
Cc1ccc(O)s1,Cc1ccc(O)s1,-1446.59,c1c(C)sc(O)c1,Aaraaa{B}er,58.289874211021086
CC=C1CN=CN1,CC=C1CN=CN1,-1560.97,C(=C1CN=CN1)C,AA~ArAD~ADr,64.69011594073147
C#CC(N)=CC#N,C#CC(N)=CC#N,-1243.84,NC(=CC#N)C#C,A^AA{D}~AA^D,46.94480504946505
CC1OC1(C)CO,CC1OC1(C)CO,-1648.73,O1C(C)C1(CO)C,AArBAr{A}AB,69.60081024217736
NC1CC1C(=O)O,NC1CC1C(=O)O,-1412.24,C1(N)C(C(O)=O)C1,DArAArA{~B}B,56.36778727785487
CCC1(O)CNC1,CCC1(O)CNC1,-1711.42,N1CC(CC)(O)C1,AAAr{B}ADAr,73.10868884014504
C1=CCC2OC2C1,C1=CCC2OC2C1,-1531.32,C1C2C(CC=C1)O2,Ar~AAAsBAsAr,63.031021979497744
C=COC(=C)C=O,C=COC(=C)C=O,-1371.66,C(OC(C=O)=C)=C,A~ABA{~A}A~B,54.097094766999426
C#CCN(N)C=O,C#CCN(N)C=O,-1279.05,C(C#C)N(C=O)N,A^AAD{D}A~B,48.915014100899775
C1CC1CC1CN1,C1CC1CC1CN1,-1764.72,C(C1CC1)C1NC1,ArAArAArADr,76.09114105376248
C#CC#CCC=C,C#CC#CCC=C,-1442.24,C(C#CC#C)C=C,A^AA^AAA~A,58.04646582210485
C=CC1CC=CO1,C=CC1CC=CO1,-1576.38,C1(C=C)CC=CO1,A~AArAA~ABr,65.55239715296119
C=C(C)C(C)(C)C,C=C(C)C(C)(C)C,-2047.58,CC(C(C)(C)C)=C,A~A{A}A{A}{A}A,91.91884148798066
C1=NOC2CC2C1,C1=NOC2CC2C1,-1376.16,C1C2C(C2)ON=C1,Ar~DBAsAAsAr,54.34889654863692
CCOCC(C)N,CCOCC(C)N,-1859.97,C(COCC)(C)N,AABAA{A}D,81.42094543175612
C#CCNC(C)C,C#CCNC(C)C,-1756.73,CC(NCC#C)C,A^AADA{A}A,75.64405300147725
C=CC1CCNC1,C=CC1CCNC1,-1789.99,N1CC(C=C)CC1,A~AArAADAr,77.5051479475357
CO[N][CH]N1CC1,CO[N][CH]N1CC1,-1408.57,O(C)[N][CH]N1CC1,AB{D}{AQ}DrAAr,56.16242893594163
C=CC(C=O)=CN,C=CC(C=O)=CN,-1462.42,NC=C(C=O)C=C,A~AA{A~B}~AD,59.17565692287032
CCCCC(N)=O,CCCCC(N)=O,-1760.42,C(C(N)=O)CCC,AAAAA{D}~B,75.85053046241998
CC(O)C1(N)CC1,CC(O)C1(N)CC1,-1722.72,NC1(C(O)C)CC1,AA{B}Ar{D}AAr,73.74099109181253
CC=CC(O)CC,CC=CC(O)CC,-1852.22,C(C)=CC(CC)O,AA~AA{B}AA,80.98728680782489
O=C1CCCCC1,O=C1CCCCC1,-1746.04,C1(=O)CCCCC1,B~ArAAAAAr,75.0458838802095
CC1OC2CC2O1,CC1OC2CC2O1,-1508.09,C1C2OC(C)OC12,AArBAsAAsBr,61.731165226733516
NC1CN(C=O)C1,NC1CN(C=O)C1,-1469.39,C1N(C=O)CC1N,DArAD{A~B}Ar,59.56566990465108
CCCC#CCO,CCCC#CCO,-1695.67,C(C#CCO)CC,AAAA^AAB,72.2273826044138
[CH2][N]NCC(C)O,[CH2][N]NCC(C)O,-1578.67,[N](NCC(O)C)[CH2],{AQs}{D}DAA{A}B,65.68053628183894
C=C1CCCC1=O,C=C1CCCC1=O,-1602.05,C1(=O)C(=C)CCC1,A~ArAAAAr~B,66.98878642732441
Cc1coc(C)c1,Cc1coc(C)c1,-1605.05,c1c(C)coc1C,Aaraba{A}ar,67.15665428174941
C1CC2(CN2)CO1,C1CC2(CN2)CO1,-1580.33,C1C2(COC1)NC2,ArAAs{ADs}ABr,65.77342316128743
C=CC(C)(C)O,C=CC(C)(C)O,-1554.42,C(C(C)(C)O)=C,A~AA{A}{A}B,64.32360445857022
COC1CCC1N,COC1CCC1N,-1705.29,C1C(N)C(OC)C1,ABArAAArD,72.76567885760329
CNC(C)C(C)N,CNC(C)C(C)N,-1927.35,CNC(C(N)C)C,ADA{A}A{A}D,85.19125744214153
CCCOC1CC1,CCCOC1CC1,-1836.94,C(OC1CC1)CC,AAABArAAr,80.1322798692869
O=C1NC2CC2O1,O=C1NC2CC2O1,-1307.74,C1C2NC(=O)OC12,B~ArDAsAAsBr,50.52039034871749
NCC1CC(=O)N1,NCC1CC(=O)N1,-1482.57,N1C(CN)CC1=O,DAArAA{~B}Dr,60.30316934509155
COC(C)CN,COC(C)CN,-1559.8,C(N)C(OC)C,ABA{A}AD,64.62464747750572
CC1CC=CCN1,CC1CC=CCN1,-1298.68,C1=CCNC(C)C1,AArAA~AADr,50.013429428354
C#CCC(=O)C#C,C#CCC(=O)C#C,-1259.0,C(CC(=O)C#C)#C,A^AAA{~B}A^A,47.79309727382605
ON=C1CCNC1,ON=C1CCNC1,-1375.86,C1(=NO)CCNC1,BD~ArAADAr,54.33210976319441
CN1CCC[C]1[NH],CN1CCC[C]1[NH],-1678.68,C1CN(C)[C]([NH])C1,ADrAAA{A}r{DQ},71.27669098885359
CC1(C2CO2)CO1,CC1(C2CO2)CO1,-1491.75,O1C(C2(C)CO2)C1,AAr{AsABs}ABr,60.81684497963203
CC1CNC1CO,CC1CNC1CO,-1710.4,C1(CO)NCC1C,AArADArAB,73.05161376964054
CCC=C(C)C#N,CCC=C(C)C#N,-1919.54,C(C(=CCC)C)#N,AAA~A{A}A^D,84.75424146112181
C=C(C)C1CCO1,C=C(C)C1CCO1,-1701.53,C=C(C)C1OCC1,A~A{A}ArAABr,72.55528448005731
C=C1CNCC1=C,C=C1CNCC1=C,-1781.04,C1(=C)C(=C)CNC1,A~ArADAAr~A,77.00434218183446
CCNCC1CO1,CCNCC1CO1,-1706.79,C(NCC)C1OC1,AADAArABr,72.84961278481579
CC1(N)CCCC1,CC1(N)CCCC1,-1793.12,C1CCC(N)(C)C1,AAr{D}AAAAr,77.68029007565244
CC=COCOC,CC=COCOC,-1639.77,C(C)=COCOC,AA~ABABA,69.09944491696136
CNN(C)C(C)=O,CNN(C)C(C)=O,-1598.25,N(C(C)=O)(NC)C,ADD{A}A{A}~B,66.77615381171941
CC1(CO)CO1,CC1(CO)CO1,-1348.07,C(O)C1(C)OC1,AAr{AB}ABr,52.777093871704196
CC(O)C1CC1N,CC(O)C1CC1N,-1719.34,C1C(C(C)O)C1N,AA{B}ArAArD,73.55185997582703
[CH2]C(C)=C[N]OC,[CH2]C(C)=C[N]OC,-1558.76,[N](C=C(C)[CH2])OC,{AQs}A{A}~A{D}BA,64.56645328797173
[CH2][N]OCC(=C)C,[CH2][N]OCC(=C)C,-1550.5,C=C(CO[N][CH2])C,{AQs}{D}BAA{~A}A,64.10425712878822
C=Cn1cccn1,C=Cn1cccn1,-1402.19,n1cccn1C=C,A~Adraaadr,55.80542996553114
CCC1C=CC=C1,CCC1C=CC=C1,-1785.13,C1=CC=CC1CC,AAArA~AA~Ar,77.23320202336721
CN1C=CCC1=O,CN1C=CCC1=O,-1486.36,C1=CCC(=O)N1C,ADrA~AAAr~B,60.515242401181794
C#CC1=NNCC1,C#CC1=NNCC1,-1915.97,C1(C#C)=NNCC1,A^AAr~DDAAr,84.55447871435607
CC1CC(CN)O1,CC1CC(CN)O1,-1719.14,CC1OC(CN)C1,AArAA{AD}Br,73.54066878553205
OC1C=CC2OC12,OC1C=CC2OC12,-1370.35,C1=CC2C(C1O)O2,BArA~AAsBArs,54.023792470567166
CCC1(CO)CO1,CCC1(CO)CO1,-1644.3,CCC1(CO)OC1,AAAr{AB}ABr,69.35292537714312
CCN(C)C(C)C,CCN(C)C(C)C,-2049.91,N(C)(C(C)C)CC,AAD{A}A{A}A,92.0492188549174
C=CN(C=O)CC,C=CN(C=O)CC,-1606.54,O=CN(CC)C=C,A~AD{A~B}AA,67.24002864944715
C1=CC2CC(C2)O1,C1=CC2CC(C2)O1,-1569.44,C1=COC2CC1C2,Ar~AAsAA{As}Br,65.1640628497247
CCONC(C)=N,CCONC(C)=N,-1574.47,C(C)(=N)NOCC,AABDA{A}~D,65.44552128564395
CC1NC1C1CC1,CC1NC1C1CC1,-1922.25,C1(C)NC1C1CC1,AArDArArAAr,84.90588208961906
C#CC(C)O[N][CH2],C#CC(C)O[N][CH2],-1391.34,C(O[N][CH2])(C#C)C,A^AA{A}B{D}{AQs},55.198307892027394
CN1CCCCC1,CN1CCCCC1,-1928.73,C1CCN(C)CC1,ADrAAAAAr,85.26847665517705
CC=C(C)CCN,CC=C(C)CCN,-1358.99,CC(=CC)CCN,AA~A{A}AAD,53.38813286181119
COCC1(C)CO1,COCC1(C)CO1,-1635.49,CC1(COC)CO1,ABAAr{A}ABr,68.85995344464838
O=CN(O)C1CC1,O=CN(O)C1CC1,-1358.95,N(C=O)(C1CC1)O,B~AD{B}ArAAr,53.385894623752186
OCC1C=CC=C1,OCC1C=CC=C1,-1585.06,C1=CC(CO)C=C1,BAArA~AA~Ar,66.03809481176418
CNCC(C)(C)C,CNCC(C)(C)C,-2056.68,CC(C)(C)CNC,ADAA{A}{A}A,92.42804064640315
C=C(C)C=CC#N,C=C(C)C=CC#N,-1783.52,C(=C)(C)C=CC#N,A~A{A}A~AA^D,77.14311294149246
CCC(C=O)OC,CCC(C=O)OC,-1651.55,COC(CC)C=O,AAA{A~B}BA,69.75860602533686
CC1(C)C(O)C1O,CC1(C)C(O)C1O,-1642.9,C1(C)(C)C(O)C1O,AAr{A}A{B}ArB,69.27458704507812
Cc1cc(=O)s[nH]1,Cc1cc(=O)s[nH]1,-1422.13,c1(C)cc(=O)s[nH]1,Aaraa{~B}e{dQ}r,56.92119163794262
C#CC,C#CC,-708.37,CC#C,A^AA,16.982071713147413
NCCN1CCC1,NCCN1CCC1,-1776.58,C1CN(CCN)C1,DAADrAAAr,76.75477863825596
CC1CC(C)N1,CC1CC(C)N1,-1621.32,C1(C)CC(C)N1,AArAA{A}Dr,68.06705761224764
CN1CC2NC2C1,CN1CC2NC2C1,-1641.79,C1N(C)CC2NC12,ADrAAsDAsAr,69.21247593894086
C[CH][N]NCC=O,C[CH][N]NCC=O,-1446.21,O=CCN[N][CH]C,A{AQ}{D}DAA~B,58.26861094946059
CC=CCC1CN1,CC=CCC1CN1,-1897.47,C1(CC=CC)CN1,AA~AAArADr,83.51929361206858
C1=CC2CCC2O1,C1=CC2CCC2O1,-1575.19,C12CCC1C=CO2,Ar~AAsAAAsBr,65.48580957070594
COC(C)C(C)=O,COC(C)C(C)=O,-1659.27,COC(C(C)=O)C,ABA{A}A{A}~B,70.19058597072384
CCC1NCC1N,CCC1NCC1N,-1486.17,C(C1C(N)CN1)C,AAArDAArD,60.50461077040154
CCC=CC1CN1,CCC=CC1CN1,-1638.97,CCC=CC1NC1,AAA~AArADr,69.05468015578138
CC1CCN(C)C1,CC1CCN(C)C1,-1247.89,C1(C)CCN(C)C1,AArAAD{A}Ar,47.17142665293882
C#CC1C=NOC1,C#CC1C=NOC1,-1269.43,C1ON=CC1C#C,A^AArA~DBAr,48.37671784771029
C#CCNC(C)=O,C#CCNC(C)=O,-1453.35,C(NCC#C)(C)=O,A^AADA{A}~B,58.66813644299207
CN1C2CCC1C2,CN1C2CCC1C2,-1770.08,C1CC2CC1N2C,ADrAsAAArAs,76.39106495366846
CCCNC(C)=O,CCCNC(C)=O,-1756.68,CCCNC(=O)C,AAADA{A}~B,75.64125520390351
C=C(C)CC=CC,C=C(C)CC=CC,-1908.23,CC=CCC(C)=C,A~A{A}AA~AA,84.12137964993957
O=CC(=O)C1CN1,O=CC(=O)C1CN1,-1386.71,C1(C(=O)C=O)CN1,B~AA{~B}ArADr,54.939231836698156
CC1(C=O)COC1,CC1(C=O)COC1,-1509.03,C1OCC1(C=O)C,AAr{A~B}ABAr,61.783763821120026
C=CC1(N)CNC1,C=CC1(N)CNC1,-1632.7,C1C(C=C)(N)CN1,A~AAr{D}ADAr,68.70383634003313
C=CC(=N)N1CC1,C=CC(=N)N1CC1,-1503.72,N=C(C=C)N1CC1,A~AA{~D}DrAAr,61.48663771878778
CNC1CCC1N,CNC1CCC1N,-1772.5,C1CC(NC)C1N,ADArAAArD,76.52647835623797
C#CCC#CCO,C#CCC#CCO,-1389.28,C(#CCC#C)CO,A^AAA^AAB,55.0830386319889
C=CC(N)=CC=O,C=CC(N)=CC=O,-1462.97,O=CC=C(C=C)N,A~AA{D}~AA~B,59.20643269618158
CC1[CH]C=C([NH])N1,CC1[CH]C=C([NH])N1,-1513.4,C1=C([NH])NC(C)[CH]1,AAr{AQ}A~A{{DQ}}Dr,62.028291329065766
Cc1cnoc1O,Cc1cnoc1O,-1264.35,c1c(C)c(O)on1,AaradbarB,48.092461614217285
CC(CO)NC=N,CC(CO)NC=N,-1606.55,C(CO)(NC=N)C,AA{AB}DA~D,67.24058820896191
CCC1(N)CC1O,CCC1(N)CC1O,-1719.81,C1(N)(CC)CC1O,AAAr{D}AArB,73.57815927302026
C=CC1OCC1N,C=CC1OCC1N,-1567.66,O1CC(N)C1C=C,A~AArBAArD,65.06446125609921
CC1(CO)CN1,CC1(CO)CN1,-1417.58,C1(CO)(C)NC1,AAr{AB}ADr,56.66659205873137
CNCC1CC1N,CNCC1CC1N,-1780.49,NC1C(CNC)C1,ADAArAArD,76.97356640852321
CC1(O)CCC1O,CC1(O)CCC1O,-1653.45,C1(O)(C)C(O)CC1,AAr{B}AAArB,69.86492233313936
C=C(C)OCCC,C=C(C)OCCC,-1850.72,C(=C)(C)OCCC,A~A{A}BAAA,80.90335288061239
C1=CC2CC2NC1,C1=CC2CC2NC1,-1644.84,C12C(C=CCN1)C2,Ar~AAsAAsDAr,69.38314159093962
CCNC(=N)OC,CCNC(=N)OC,-1613.15,COC(=N)NCC,AADA{~D}BA,67.6098974886969
CC=C(C)OCC,CC=C(C)OCC,-1850.2,C(C)=C(OCC)C,AA~A{A}BAA,80.8742557858454
CC(C)C(C)(C)N,CC(C)C(C)(C)N,-2064.19,C(C)(C(C)(C)N)C,AA{A}A{A}{A}D,92.8482698419804
CC(O)C1CCO1,CC(O)C1CCO1,-1649.39,C1(C(C)O)OCC1,AA{B}ArAABr,69.63774117015087
N=C1CC(O)CN1,N=C1CC(O)CN1,-1432.81,C1C(=N)NCC1O,D~ArAA{B}ADr,57.518801199695595
CC1NC1C#N,CC1NC1C#N,-1225.47,N1C(C)C1C#N,AArDArA^D,45.91689422086933
NC(=O)C1COC1,NC(=O)C1COC1,-1657.83,C1(C(N)=O)COC1,DA{~B}ArABAr,70.11000940059985
C#CC(C=C)=CC,C#CC(C=C)=CC,-1610.77,C(C(C#C)=CC)=C,A^AA{A~A}~AA,67.4767223241864
CNN=C(C)CO,CNN=C(C)CO,-1581.3,CC(=NNC)CO,ADD~A{A}AB,65.82770043421819
CCC1OCC1N,CCC1OCC1N,-1714.67,C1(CC)C(N)CO1,AAArBAArD,73.29054568243879
CC1CNC1C=O,CC1CNC1C=O,-1576.85,CC1C(C=O)NC1,AArADArA~B,65.57869645015444
C=C1CC=CC1,C=C1CC=CC1,-1485.72,C1=CCC(=C)C1,A~ArAA~AAr,60.479430592237804
C1=NOC2CC2O1,C1=NOC2CC2O1,-1159.62,O1N=COC2CC12,Ar~DBAsAAsBr,42.23219481624065
C#CC=C(C)C=C,C#CC=C(C)C=C,-1614.34,C(C#C)=C(C)C=C,A^AA~A{A}A~A,67.67648507095215
CC#CC(=O)NC,CC#CC(=O)NC,-1455.26,CNC(C#CC)=O,AA^AA{~B}DA,58.775012310309336
NN=C1C=CC=C1,NN=C1C=CC=C1,-1380.76,C1=CC=CC1=NN,DD~ArA~AA~Ar,54.60629392542191
C#CC(CO)=NO,C#CC(CO)=NO,-1385.18,C(#C)C(CO)=NO,A^AA{AB}~DB,54.853619230941405
C#CC(C#C)=NN,C#CC(C#C)=NN,-1187.29,C(C(C#C)=NN)#C,A^AA{A^A}~DD,43.78049599355388
C=CS(C)(=O)=O,C=CS(C)(=O)=O,-1116.89,O=S(=O)(C=C)C,A~AE{A}{~B}~B,39.841197009713966
CNc1cnoc1,CNc1cnoc1,-1319.18,n1cc(NC)co1,ADaradbar,51.16052643359148
C1OC2CC2O1,C1OC2CC2O1,-1206.6,O1COC2C1C2,ArBAsAAsBr,44.861005416536095
OC1C2CCCC12,OC1C2CCCC12,-1716.48,C1(O)C2CCCC12,BArAsAAAArs,73.39182595460854
O=C1NCCCN1,O=C1NCCCN1,-1375.03,C1CCNC(=O)N1,B~ArDAAADr,54.28566632347017
C=COCCCN,C=COCCCN,-1340.19,O(CCCN)C=C,A~ABAAAD,52.33616097408121
C=C(C)OC1CC1,C=C(C)OC1CC1,-1697.08,O(C1CC1)C(C)=C,A~A{A}BArAAr,72.30628049599355
COC1CCCC1,COC1CCCC1,-1857.18,C1C(OC)CCC1,ABArAAAAr,81.26482832714089
CC=CCC1CC1,CC=CCC1CC1,-1903.18,C1CC1CC=CC,AA~AAArAAr,83.83880209499084
O=CN1CCC1,O=CN1CCC1,-1303.46,C1CCN1C=O,B~ADrAAAr,50.2808988764045
CC1CCOC1=O,CC1CCOC1=O,-1557.24,C1(=O)C(C)CCO1,AArAABAr~B,64.48140024172972
CC12CCCC1C2,CC12CCCC1C2,-1918.71,C12CCCC1(C)C2,AArsAAAArAs,84.70779802139756
CC(C)C#CC#N,CC(C)C#CC#N,-1499.52,CC(C#CC#N)C,AA{A}A^AA^D,61.25162272259277
CC#CC#CCC,CC#CC#CCC,-1607.99,C(C)#CC#CCC,AA^AA^AAA,67.32116477908592
C=CC1=CCCO1,C=CC1=CCCO1,-1583.83,C1(C=C)=CCCO1,A~AAr~AAABr,65.96926899144992
O=C1C=CC2CN12,O=C1C=CC2CN12,-1461.17,O=C1N2C(C=C1)C2,B~ArA~AAsADrs,59.10571198352657
CC#CC1CO1,CC#CC1CO1,-1248.94,CC#CC1OC1,AA^AArABr,47.23018040198756
[CH2][N]OCCC=C,[CH2][N]OCCC=C,-1548.4,C(C=C)CO[N][CH2],{AQs}{D}BAAA~A,63.986749630690724
CC1=CC=CCC1,CC1=CC=CCC1,-1786.9,C1(C)=CC=CCC1,AAr~AA~AAAr,77.33224405747796
CC=CC1CCO1,CC=CC1CCO1,-1700.7,O1CCC1C=CC,AA~AArAABr,72.50884104033307
CC(C)(N)CCO,CC(C)(N)CCO,-1869.5,CC(N)(C)CCO,AA{A}{D}AAB,81.95420564931287
CCOC(=N)NC,CCOC(=N)NC,-1613.38,N(C)C(=N)OCC,AABA{~D}DA,67.62276735753615
COCC(N)CN,COCC(N)CN,-1726.96,C(C(N)CN)OC,ABAA{D}AD,73.97824432606653
CC12CNCC1N2,CC12CNCC1N2,-1654.22,N1C2(C)CNCC12,AArsADAArDs,69.90800841577511
OCC1CCOC1,OCC1CCOC1,-1660.8,C(C1COCC1)O,BAArAABAr,70.2761985764806
O=C1C=CC2OC12,O=C1C=CC2OC12,-1240.22,C1=CC(=O)C2OC12,B~ArA~AAsBArs,46.74224450512557
C=COC(C)C#N,C=COC(C)C#N,-1450.11,C=COC(C#N)C,A~ABA{A}A^D,58.48683916021309
C=CC1(C)CCN1,C=CC1(C)CCN1,-1452.15,C1CC(C=C)(C)N1,A~AAr{A}AADr,58.60098930122208
COC1CNC1=O,COC1CNC1=O,-1397.01,C1C(OC)C(=O)N1,ABArADAr~B,55.515578136890646
C1=CC2NCC2C1,C1=CC2NCC2C1,-1645.38,C1=CCC2CNC12,Ar~AAsDAAsAr,69.41335780473612
C#CC1CC(=O)C1,C#CC1CC(=O)C1,-1423.51,C1(C#C)CC(=O)C1,A^AArAA{~B}Ar,56.99841085097811
CC1(N)C=COC1,CC1(N)C=COC1,-1594.7,CC1(N)COC=C1,AAr{D}A~ABAr,66.57751018398318
C#CCOC=C,C#CCOC=C,-1244.67,C=COCC#C,A^AABA~A,46.991248489189324
NC1CC(O)C1,NC1CC(O)C1,-1419.64,C1C(N)CC1O,DArAA{B}Ar,56.78186131876988
C#CCC#CC,C#CCC#CC,-1297.64,C(CC#C)#CC,A^AAA^AA,49.95523523882001
C1C2CC2N2CC12,C1C2CC2N2CC12,-1622.07,N12C3C(CC1C2)C3,ArAsAAsDsAArs,68.1090245758539
C#CCCC=CC,C#CCCC=CC,-1749.78,CC=CCCC#C,A^AAAA~AA,75.255159138726
CC(N)C1COC1,CC(N)C1COC1,-1713.57,NC(C1COC1)C,AA{D}ArABAr,73.2289941358163
C=CC(N)C1CN1,C=CC(N)C1CN1,-1639.34,NC(C1NC1)C=C,A~AA{D}ArADr,69.07538385782712
CC1CC=CC1=O,CC1CC=CC1=O,-1605.99,C1=CCC(C)C1=O,AArAA~AAr~B,67.20925287613592
CC(O)C1(C)CN1,CC(O)C1(C)CN1,-1719.65,CC1(C(O)C)CN1,AA{B}Ar{A}ADr,73.56920632078429
C=CC1OC=NO1,C=CC1OC=NO1,-1231.26,C1=NOC(C=C)O1,A~AArBA~DBr,46.24087917990958
C=C(C=O)CC,C=C(C=O)CC,-1426.74,C(CC)(C=O)=C,A~A{A~B}AA,57.17914857424236
CC=COC(C)C,CC=COC(C)C,-1848.06,CC(OC=CC)C,AA~ABA{A}A,80.75451004968888
CN(C)C(=N)C#N,CN(C)C(=N)C#N,-1399.98,C(C#N)(N(C)C)=N,AD{A}A{~D}A^D,55.68176731277139
CC(C)(N)CN,CC(C)(N)CN,-1640.73,C(N)(C)(CN)C,AA{A}{D}AD,69.15316263037737
C#CC(=O)C(N)=O,C#CC(=O)C(N)=O,-1255.63,C(C(N)=O)(C#C)=O,A^AA{~B}A{D}~B,47.60452571735531
C#C[CH][N]N1CC1,C#C[CH][N]N1CC1,-1321.23,C1CN1[N][CH]C#C,A^A{AQ}{D}DrAAr,51.275236134115225
OCC1=CC=CC1,OCC1=CC=CC1,-1588.13,C(O)C1=CC=CC1,BAAr~AA~AAr,66.20987958279242
O=CC1C=CCO1,O=CC1C=CCO1,-1385.72,C1(C=O)OCC=C1,B~AArA~AABr,54.883835444737905
C#Cc1ccoc1,C#Cc1ccoc1,-1301.28,C#Cc1cocc1,A^Aaraabar,50.158914902189
NCc1cnoc1,NCc1cnoc1,-1324.94,c1nocc1CN,DAaradbar,51.48283271408747
C=C(CO)CCC,C=C(CO)CCC,-1849.26,CCCC(=C)CO,A~A{AB}AAA,80.82165719145888
c1occ2c1CC2,c1occ2c1CC2,-1430.48,C1Cc2c1coc2,arbaasarAAs,57.388423832758846
C1=CCOCC=C1,C1=CCOCC=C1,-1576.36,C1C=CC=CCO1,Ar~AABAA~Ar,65.5512780339317
C1CN2CC2CN1,C1CN2CC2CN1,-1642.63,C12N(C1)CCNC2,ArADsAAsADr,69.25947893817987
CC=C(C)OC=O,CC=C(C)OC=O,-1533.85,C(=C(C)OC=O)C,AA~A{A}BA~B,63.17259053672948
CC#CC1CC1,CC#CC1CC1,-1455.95,C(#CC1CC1)C,AA^AArAAr,58.81362191682709
CC=CCN,CC=CCN,-1328.89,NCC=CC,AA~AAD,51.70385872241373
CC(=N)NC1CC1,CC(=N)NC1CC1,-1661.76,C(=N)(NC1CC1)C,AA{~D}DArAAr,70.3299162898966
CC1OCC1C=O,CC1OCC1C=O,-1512.15,C1C(C=O)C(C)O1,AArBAArA~B,61.95834638972202
CN1CC(O)C1,CN1CC(O)C1,-1411.62,C1N(C)CC1O,ADrAA{B}Ar,56.333094587940366
CC1=CC=NOC1,CC1=CC=NOC1,-1431.46,C1ON=CC=C1C,AAr~AA~DBAr,57.443260665204356
Cc1c[nH]sc1=N,Cc1c[nH]sc1=N,-1291.9,N=c1s[nH]cc1C,Aara{dQ}ear~D,49.63404807735352
CC#CC(O)CC,CC#CC(O)CC,-1698.61,C(C)C(O)C#CC,AA^AA{B}AA,72.39189310175031
CN1CCC(N)C1,CN1CCC(N)C1,-1799.97,C1N(C)CCC1N,ADrAAA{D}Ar,78.0635883432562
C=CC=CC(C)C,C=CC=CC(C)C,-1910.46,C(C(C)C)=CC=C,A~AA~AA{A}A,84.24616142172881
O=CC1NC1CO,O=CC1NC1CO,-1257.54,O=CC1C(CO)N1,B~AArDArAB,47.71140158467255
N#Cc1ccoc1,N#Cc1ccoc1,-1209.01,c1occc1C#N,D^Aaraabar,44.99585925959085
C1NC1C1CO1,C1NC1C1CO1,-1262.72,C1(C2OC2)CN1,ArDArArABr,48.001253413313044
CC(O)CCCO,CC(O)CCCO,-1795.38,OC(C)CCCO,AA{B}AAAB,77.80675052598595
CC12COCC1N2,CC12COCC1N2,-1582.64,N1C2(C)COCC12,AArsABAArDs,65.9026814091947
CC1(CN)CN1,CC1(CN)CN1,-1487.92,N1C(CN)(C)C1,AAr{AD}ADr,60.60253368548279
Cc1[nH]ncc1O,Cc1[nH]ncc1O,-1352.75,c1(C)[nH]ncc1O,Aar{dQ}daarB,53.03896772460719
COC1=CCCC1,COC1=CCCC1,-1718.98,C1(OC)=CCCC1,ABAr~AAAAr,73.53171583329603
O=CCCC=O,O=CCCC=O,-1233.64,C(=O)CCC=O,B~AAAA~B,46.37405434442008
CC1=NN=COC1,CC1=NN=COC1,-1320.28,N1=COCC(C)=N1,AAr~DD~ABAr,51.22207798021398
COC1(C)CNC1,COC1(C)CNC1,-1703.61,O(C)C1(C)CNC1,ABAr{A}ADAr,72.6716728591253
C=COC(C)=CC,C=COC(C)=CC,-1704.09,CC=C(OC=C)C,A~ABA{A}~AA,72.6985317158333
C#CC1NCC1=O,C#CC1NCC1=O,-1411.64,C1(C#C)C(=O)CN1,A^AArDAAr~B,56.334213706969884
NC(=CC=O)CO,NC(=CC=O)CO,-1312.4,C(=C(N)CO)C=O,DA{~AA~B}AB,50.781145082590996
C1CC2CC(C1)N2,C1CC2CC(C1)N2,-1782.21,C1CC2NC(C1)C2,ArAAsAA{Ar}Ds,77.06981064506022
C#CC#CC(C)C,C#CC#CC(C)C,-1589.03,C(#C)C#CC(C)C,A^AA^AA{A}A,66.26023993911994
CCC1CN1[CH][NH],CCC1CN1[CH][NH],-1622.36,[NH][CH]N1C(CC)C1,AAArADr{AQ}{DQ},68.12525180178164
C=CC(C)OC=O,C=CC(C)OC=O,-1532.12,C(OC(C=C)C)=O,A~AA{A}BA~B,63.07578674067773
N=C(N)OC1CC1,N=C(N)OC1CC1,-1264.78,C1CC1OC(=N)N,D~A{D}BArAAr,48.11652267335154
Cc1cscc1N,Cc1cscc1N,-1573.55,s1cc(C)c(N)c1,AaraeaarD,65.39404181028695
CCN=C(N)C=O,CCN=C(N)C=O,-1480.88,C(N=C(N)C=O)C,AAD~A{D}A~B,60.2086037870988
C1=NNC2CC2C1,C1=NNC2CC2C1,-1470.45,C1C=NNC2CC12,Ar~DDAsAAsAr,59.62498321321457
CCC1CC1C#N,CCC1CC1C#N,-1917.37,CCC1C(C#N)C1,AAArAArA^D,84.63281704642105
Nc1cc(O)c[nH]1,Nc1cc(O)c[nH]1,-1354.08,c1(N)[nH]cc(O)c1,Daraa{B}a{dQ}r,53.11338914006894
CC1CS([O])([O])O1,CC1CS([O])([O])O1,-1249.43,S1([O])([O])CC(C)O1,AArAE{{B}}{{B}}Br,47.257598818210305
COC(C)C1CO1,COC(C)C1CO1,-1633.64,C(C)(OC)C1CO1,ABA{A}ArABr,68.75643493441964
CCC1CN1C,CCC1CN1C,-1612.35,N1(C)CC1CC,AAArADrA,67.5651327275169
C=C(C)C(C)(C)N,C=C(C)C(C)(C)N,-1659.36,C(=C)(C)C(C)(N)C,A~A{A}A{A}{A}D,70.1956220063566
C#CC(C)=O,C#CC(C)=O,-971.15,C#CC(=O)C,A^AA{A}~B,31.68617664174762
OCc1ccco1,OCc1ccco1,-1399.64,o1cccc1CO,BAaraaabr,55.6627422892699
C=CN(C=O)N=C,C=CN(C=O)N=C,-1315.2,N(=C)N(C=C)C=O,A~AD{A~B}D~A,50.937821746720985
OCC1=CCCO1,OCC1=CCCO1,-1522.29,O1C(CO)=CCC1,BAAr~AAABr,62.52573973767849
CNC=O,CNC=O,-860.01,C(NC)=O,ADA~B,25.46723219481624
OCC1CCC1O,OCC1CCC1O,-1649.24,C1(CO)CCC1O,BAArAAArB,69.62934777742962
CC=CC=O,CC=CC=O,-1132.01,O=CC=CC,AA~AA~B,40.68725099601594
CCC1CNC1,CCC1CNC1,-1611.45,C(C)C1CNC1,AAArADAr,67.51477237118941
NCC(O)CCO,NCC(O)CCO,-1457.08,C(C(O)CCO)N,DAA{B}AAB,58.876852141993815
N#CC1=CCCC1,N#CC1=CCCC1,-1537.67,C1(C#N)=CCCC1,D^AAr~AAAAr,63.386342271363986
NCC1(CO)CO1,NCC1(CO)CO1,-1516.14,OCC1(CN)CO1,DAAr{AB}ABr,62.18161063610728
CNC1(C)CC1N,CNC1(C)CC1N,-1781.33,N(C1(C)CC1N)C,ADAr{A}AArD,77.0205694077622
O=CCN1CCC1,O=CCN1CCC1,-1579.04,C1N(CC=O)CC1,B~AADrAAAr,65.70123998388468
NC1COC(=O)C1,NC1COC(=O)C1,-1427.57,O=C1OCC(N)C1,DArABA{~B}Ar,57.22559201396661
C#CC1CN1C=O,C#CC1CN1C=O,-1288.62,C1C(C#C)N1C=O,A^AArADrA~B,49.450512556515505
NCCCCCN,NCCCCCN,-1933.09,C(CN)CCCN,DAAAAAD,85.51244460360805
CCC(O)CNC,CCC(O)CNC,-1861.05,N(CC(O)CC)C,AAA{B}ADA,81.48137785934912
C=COC=COC,C=COC=COC,-1493.16,C(OC=C)=COC,A~ABA~ABA,60.895742871211795
C[CH][N][N][C](C)C,C[CH][N][N][C](C)C,-1654.0,[N]([C](C)C)[N][CH]C,A{AQ}{D}{D}{A}{A}A,69.8956981064506
C=C1C=CC(C)=C1,C=C1C=CC(C)=C1,-1651.37,C1=CC(=C)C=C1C,A~ArA~AA{A}~Ar,69.74853395407135
C#CC=COC,C#CC=COC,-1249.91,C(=CC#C)OC,A^AA~ABA,47.284457674918315
C=C1C=CC(=O)N1,C=C1C=CC(=O)N1,-1357.2,C1(=C)C=CC(=O)N1,A~ArA~AA{~B}Dr,53.28797170867094
Nc1ccsc1,Nc1ccsc1,-1148.36,s1cc(N)cc1,Daraaear,41.60213080263216
NC1C=CNC1=O,NC1C=CNC1=O,-1359.04,NC1C(=O)NC=C1,DArA~ADAr~B,53.390930659384935
Cc1cc[nH]c1,Cc1cc[nH]c1,-1386.11,Cc1c[nH]cc1,Aaraa{dQ}ar,54.905658265813145
CCC1NC1C#N,CCC1NC1C#N,-1790.48,C(C1C(C#N)N1)C,AAArDArA^D,77.53256636375845
C#CCC(C)CN,C#CCC(C)CN,-1762.15,C#CCC(CN)C,A^AAA{A}AD,75.94733425847174
N#CC1NC1C#N,N#CC1NC1C#N,-1123.59,N1C(C#N)C1C#N,D^AArDArA^D,40.21610188459644
C#CC(=C)C(C)C,C#CC(=C)C(C)C,-1749.77,CC(C(C#C)=C)C,A^AA{~A}A{A}A,75.25459957921124
O=Nc1cc[nH]c1,O=Nc1cc[nH]c1,-1317.19,N(c1c[nH]cc1)=O,B~Daraa{dQ}ar,51.049174090156235
CC(C)=C(C)CN,CC(C)=C(C)CN,-1655.44,C(C(=C(C)C)C)N,AA{A}~A{A}AD,69.9762746765746
CCN(C)C(C)=N,CCN(C)C(C)=N,-1798.98,CN(CC)C(=N)C,AAD{A}A{A}~D,78.00819195129594
C=CC(=C)CC=O,C=CC(=C)CC=O,-1576.39,C(C=C)(CC=O)=C,A~AA{~A}AA~B,65.55295671247596
C#CC1=NN=CC1,C#CC1=NN=CC1,-1772.67,N1=CCC(C#C)=N1,A^AAr~DD~AAr,76.53599086798873
N#CCC#CC=O,N#CCC#CC=O,-1158.53,C(C#N)C#CC=O,D^AAA^AA~B,42.17120282913291
COC1CC1N,COC1CC1N,-1409.64,C1(OC)CC1N,ABArAArD,56.222301804019885
C#Cc1cc[nH]c1,C#Cc1cc[nH]c1,-1250.0,[nH]1cc(C#C)cc1,A^Aaraa{dQ}ar,47.289493710551056
CCNCCCN,CCNCCCN,-1928.5,C(N)CCNCC,AADAAAD,85.2556067863378
CC1=NN2CC2C1,CC1=NN2CC2C1,-1903.37,N12N=C(C)CC1C2,AAr~DDsAAsAr,83.84943372577106
COn1cccc1,COn1cccc1,-1436.75,c1n(OC)ccc1,ABdraaaar,57.73926764850709
CC=CC1CN1,CC=CC1CN1,-1473.01,N1C(C=CC)C1,AA~AArADr,59.768230448990565
C1CC(C2CO2)C1,C1CC(C2CO2)C1,-1694.39,O1C(C2CCC2)C1,ArAA{AsABs}Ar,72.15575898652583
C=C1CON=CN1,C=C1CON=CN1,-1309.94,C1=NOCC(=C)N1,A~ArABD~ADr,50.64349344196249
CC#CCCC=O,CC#CCCC=O,-1567.94,C(CC#CC)C=O,AA^AAAA~B,65.0801289225122
CC(CC=O)=NO,CC(CC=O)=NO,-1379.19,N(O)=C(CC=O)C,AA{AA~B}~DB,54.518443081606165
CCNC[CH][N]O,CCNC[CH][N]O,-1570.95,[N]([CH]CNCC)O,AADA{AQ}{D}B,65.24855633645195
C#CC1C(C)C1O,C#CC1C(C)C1O,-1543.41,OC1C(C#C)C1C,A^AArA{A}ArB,63.70752943283049
COC1COC1C,COC1COC1C,-1636.48,C1(C)OCC1OC,ABArABArA,68.91534983660861
C#CC1OC1C=O,C#CC1OC1C=O,-1204.62,C1(C=O)C(C#C)O1,A^AArBArA~B,44.7502126326156
CN1C=CCC1=N,CN1C=CCC1=N,-1540.02,N=C1N(C)C=CC1,ADrA~AAAr~D,63.517838757330225
C=C(C#N)C1CN1,C=C(C#N)C1CN1,-1376.99,C1C(C(=C)C#N)N1,A~A{A^D}ArADr,54.395339988361165
CC(O)C(C)(C)C,CC(O)C(C)(C)C,-1994.13,CC(C)(C(O)C)C,AA{B}A{A}{A}A,88.92799588164198
CCCC1COC1,CCCC1COC1,-1841.3,C(C1COC1)CC,AAAArABAr,80.3762478177179
CC1CC1CCO,CC1CC1CCO,-1846.72,C(O)CC1CC1C,AArAArAAB,80.67952907471239
C1=CC2NC2CC1,C1=CC2NC2CC1,-1650.28,C1C=CC2NC2C1,Ar~AAsDAsAAr,69.68754196696362
C=C1C=CC=C1,C=C1C=CC=C1,-1351.31,C1=CC=CC1=C,A~ArA~AA~Ar,52.958391154483195
NCC1CCCN1,NCC1CCCN1,-1803.14,C(C1NCCC1)N,DAArAAADr,78.24096870943195
[CH2][N]OC(C)CC,[CH2][N]OC(C)CC,-1696.1,C(CC)(C)O[N][CH2],{AQs}{D}BA{A}AA,72.25144366354805
CCC(C)COC,CCC(C)COC,-1982.75,CC(CC)COC,AAA{A}ABA,88.2912171538565
NCC=CCCO,NCC=CCCO,-1721.78,C(CO)C=CCN,DAA~AAAB,73.68839249742604
CNC(=O)C(C)=O,CNC(=O)C(C)=O,-1430.2,CNC(=O)C(=O)C,ADA{~B}A{A}~B,57.372756166345866
N=C(N)C1CC1,N=C(N)C1CC1,-1369.8,C1(C(=N)N)CC1,D~A{D}ArAAr,53.993016697255925
C=COCC(C)=O,C=COCC(C)=O,-1517.59,CC(=O)COC=C,A~ABAA{A}~B,62.26274676574601
C1CCCCCC1,C1CCCCCC1,-2063.19,C1CCCCCC1,ArAAAAAAr,92.7923138905054
CC(N)C[CH][N]O,CC(N)C[CH][N]O,-1577.76,C(C)(C[CH][N]O)N,AA{D}A{AQ}{D}B,65.6296163659967
[NH][C]1NCCCO1,[NH][C]1NCCCO1,-1488.31,[C]1([NH])OCCCN1,{DQ}{A}rDAAABr,60.62435650655803
CN1CC1[CH][N]O,CN1CC1[CH][N]O,-1419.38,[N]([CH]C1N(C)C1)O,ADrAAr{AQ}{D}B,56.76731277138638
CNC(C)(C)CO,CNC(C)(C)CO,-1859.41,N(C(C)(C)CO)C,ADA{A}{A}AB,81.38961009893015
CCNCC(C)N,CCNCC(C)N,-1929.24,C(C)(CNCC)N,AADAA{A}D,85.2970141904293
C1=NC2CC2N1,C1=NC2CC2N1,-1230.14,C12C(NC=N1)C2,Ar~DAsAAsDr,46.17820851425759
CNCC(C)(C)N,CNCC(C)(C)N,-1929.49,CC(N)(CNC)C,ADAA{A}{A}D,85.31100317829805
NCC#CC1CN1,NCC#CC1CN1,-1484.2,C1(C#CCN)CN1,DAA^AArADr,60.3943775459958
NC1CC2NC2C1,NC1CC2NC2C1,-1656.49,C1C2C(CC1N)N2,DArAAsDAsAr,70.03502842562337
NCC1=NOCC1,NCC1=NOCC1,-1446.75,C(N)C1=NOCC1,DAAr~DBAAr,58.29882716325708
CC(C)NC(C)C,CC(C)NC(C)C,-2059.67,C(NC(C)C)(C)C,AA{A}DA{A}A,92.5953489413134
CC(C)=CC(C)O,CC(C)=CC(C)O,-1853.67,CC(C)=CC(O)C,AA{A}~AA{A}B,81.06842293746364
CC=C(CC)CN,CC=C(CC)CN,-1920.21,C(C)=C(CC)CN,AA~A{AA}AD,84.79173194861006
CCCNC=N,CCCNC=N,-1508.82,C(CNC=N)C,AAADA~D,61.77201307131027
N#CC#C[CH][N]O,N#CC#C[CH][N]O,-1426.72,C([CH][N]O)#CC#N,D^AA^A{AQ}{D}B,57.17802945521286
[CH2][N][N][C](C)C#N,[CH2][N][N][C](C)C#N,-1249.4,[C]([N][N][CH2])(C#N)C,{AQs}{D}{D}{A}{A}A^D,47.25592013966607
CC(O)CN1CC1,CC(O)CN1CC1,-1712.31,C(N1CC1)C(O)C,AA{B}ADrAAr,73.15848963695778
C#CCC=CC,C#CCC=CC,-1452.68,C(=CC)CC#C,A^AAA~AA,58.63064595550384
[CH2][N][N]C=C[CH]C,[CH2][N][N]C=C[CH]C,-1506.04,[CH](C)C=C[N][N][CH2],{AQs}{D}{D}A~A{AQ}A,61.61645552620976
CCc1cn[nH]c1,CCc1cn[nH]c1,-1311.31,c1(CC)cn[nH]c1,AAarad{dQ}ar,50.72015309548324
CNCC=CCN,CNCC=CCN,-1784.7,C(CNC)=CCN,ADAA~AAD,77.20914096423297
CC(=O)C#CCO,CC(=O)C#CCO,-1368.02,OCC#CC(C)=O,AA{~B}A^AAB,53.893415103630424
CCCN(C)C,CCCN(C)C,-1754.9,C(C)CN(C)C,AAAD{A}A,75.54165361027799
CC=CC(N)CN,CC=CC(N)CN,-1791.51,NC(CN)C=CC,AA~AA{D}AD,77.5902009937777
C=CC(=O)NCC,C=CC(=O)NCC,-1612.17,O=C(NCC)C=C,A~AA{~B}DAA,67.5550606562514
C=CC(N)[CH][N]O,C=CC(N)[CH][N]O,-1431.46,NC([CH][N]O)C=C,A~AA{D}{AQ}{D}B,57.443260665204356
N[N][CH]C#CCO,N[N][CH]C#CCO,-1298.52,C(#CCO)[CH][N]N,D{D}{AQ}A^AAB,50.004476476118
C#CCC(C)(C)C,C#CCC(C)(C)C,-1892.91,C(CC#C)(C)(C)C,A^AAA{A}{A}A,83.26413447334261
C#CC#C[CH][N]O,C#CC#C[CH][N]O,-1404.5,C(C#C)#C[CH][N]O,A^AA^A{AQ}{D}B,55.934688213438385
CC1CC=CCO1,CC1CC=CCO1,-1721.5,O1CC=CCC1C,AArAA~AABr,73.67272483101303
C#CC(=O)C#CC,C#CC(=O)C#CC,-1265.0,O=C(C#C)C#CC,A^AA{~B}A^AA,48.12883298267604
C=CC(N)CNC,C=CC(N)CNC,-1781.97,C(C=C)(N)CNC,A~AA{D}ADA,77.05638121670621
CC1CN1CC#N,CC1CN1CC#N,-1762.56,C(N1CC1C)C#N,AArADrAA^D,75.97027619857647
CCC1=NOCC1,CCC1=NOCC1,-1577.48,C1(CC)=NOCC1,AAAr~DBAAr,65.61394869958369
C1=NN=CCC1,C1=NN=CCC1,-1217.23,C1C=NN=CC1,Ar~DD~AAAr,45.45581718071534
C#CC(=O)[CH][N]O,C#CC(=O)[CH][N]O,-1620.76,[N]([CH]C(=O)C#C)O,A^AA{~B}{AQ}{D}B,68.03572227942165
CC12CCC(C1)O2,CC12CCC(C1)O2,-1711.57,C1CC2(C)CC1O2,AArsAAA{Ar}Bs,73.1170822328663
COCC(C)CN,COCC(C)CN,-1853.75,O(C)CC(CN)C,ABAA{A}AD,81.07289941358164
C#CC1C=NN=C1,C#CC1C=NN=C1,-1518.71,C(C1C=NN=C1)#C,A^AArA~DD~Ar,62.32541743139801
C=CC(C)(C)N,C=CC(C)(C)N,-1622.6,C(C)(C)(C=C)N,A~AA{A}{A}D,68.13868123013563
CC(C#N)CO,CC(C#N)CO,-1306.57,OCC(C)C#N,AA{A^D}AB,50.45492188549174
CC(C=O)CC#N,CC(C=O)CC#N,-1471.49,C(C#N)C(C)C=O,AA{A~B}AA^D,59.68317740274857
N#CC#CC(=N)N,N#CC#CC(=N)N,-1108.39,C(=N)(C#CC#N)N,D^AA^AA{~D}D,39.36557142217647
C#CC#CC(=N)N,C#CC#CC(=N)N,-1204.42,N=C(N)C#CC#C,A^AA^AA{~D}D,44.73902144232061
OC1CCOC1,OC1CCOC1,-1365.5,O1CC(O)CC1,BArAABAr,53.75240610591343
CCC1CO1,CCC1CO1,-1249.45,C1C(CC)O1,AAArABr,47.25871793723981
O[N][CH]C1CC1,O[N][CH]C1CC1,-1260.78,C1C([CH][N]O)C1,B{D}{AQ}ArAAr,47.89269886745154
[CH2][N][N][C](C)C=O,[CH2][N][N][C](C)C=O,-1312.8,[CH2][N][N][C](C=O)C,{AQs}{D}{D}{A}{A}A~B,50.803527463180984
CN1CC(C)(N)C1,CN1CC(C)(N)C1,-1781.22,CC1(N)CN(C)C1,ADrAA{A}{D}Ar,77.01441425309996
NCC(O)C1CN1,NCC(O)C1CN1,-1514.91,C(N)C(O)C1NC1,DAA{B}ArADr,62.11278481579302
NC(=O)CC1CN1,NC(=O)CC1CN1,-1479.66,NC(CC1NC1)=O,DA{~B}AArADr,60.14033752629931
CC1C2CNCC12,CC1C2CNCC12,-1779.89,C12C(C1C)CNC2,AArAsADAArs,76.93999283763823
N#CC1=CCNC1,N#CC1=CCNC1,-1401.89,C1NCC(C#N)=C1,D^AAr~AADAr,55.78864318008865
C=CC(O)CC,C=CC(O)CC,-1552.43,CCC(O)C=C,A~AA{B}AA,64.21225211513497
CNCC(C)C=O,CNCC(C)C=O,-1725.56,C(C)(CNC)C=O,ADAA{A}A~B,73.89990599400151
C=C1CN=CN1O,C=C1CN=CN1O,-1303.12,C1C(=C)N(O)C=N1,A~ArAD~ADrB,50.26187385290299
C#CC(C)C1CO1,C#CC(C)C1CO1,-1538.41,C(C)(C1OC1)C#C,A^AA{A}ArABr,63.427749675455495
CC(C)(C)NC=O,CC(C)(C)NC=O,-1752.28,CC(NC=O)(C)C,AA{A}{A}DA~B,75.3950490174135
CCCN(O)C=N,CCCN(O)C=N,-1573.75,N(C=N)(O)CCC,AAAD{B}A~D,65.40523300058194
CC1=CCC=CC1,CC1=CCC=CC1,-1790.57,C1(C)=CCC=CC1,AAr~AAA~AAr,77.5376023993912
CC(CN)CO,CC(CN)CO,-1566.53,C(CO)(C)CN,AA{AD}AB,65.00123103093246
C[CH][N][N][CH]C,C[CH][N][N][CH]C,-1354.37,[CH](C)[N][N][CH]C,A{AQ}{D}{D}{AQ}A,53.12961636599668
CCN[N][CH]C#N,CCN[N][CH]C#N,-1379.89,[N]([CH]C#N)NCC,AAD{D}{AQ}A^D,54.55761224763867
N#CC1CCC1=O,N#CC1CCC1=O,-1458.51,C1(=O)CCC1C#N,D^AArAAAr~B,58.95686915260308
NC1C2CCOC12,NC1C2CCOC12,-1580.26,C12OCCC1C2N,DArAsAABArs,65.7695062446842
CC1=CCC(=O)O1,CC1=CCC(=O)O1,-1417.93,C1(=O)CC=C(C)O1,AAr~AAA{~B}Br,56.68617664174762
CCC#CCCO,CCC#CCCO,-1697.89,C(CC#CCC)O,AAA^AAAB,72.35160481668832
COCC=CC=O,COCC=CC=O,-1512.39,O(CC=CC=O)C,ABAA~AA~B,61.97177581807603
CNC1C(O)C1O,CNC1C(O)C1O,-1510.55,N(C)C1C(O)C1O,ADArA{B}ArB,61.868816867362014
O=S1(=O)CC=CC1,O=S1(=O)CC=CC1,-1166.55,C1=CCS(=O)(=O)C1,B~Er{~B}AA~AAr,42.6199695599624
C[CH][N]NCCO,C[CH][N]NCCO,-1581.78,OCCN[N][CH]C,A{AQ}{D}DAAB,65.85455929092619
C=CC(CC)=NN,C=CC(CC)=NN,-1640.69,C=CC(=NN)CC,A~AA{AA}~DD,69.15092439231837
C#CC#CC,C#CC#CC,-947.54,CC#CC#C,A^AA^AA,30.365056627422895
CC1C(C)C1C,CC1C(C)C1C,-1749.64,C1(C)C(C)C1C,AArA{A}ArA,75.24732530551951
CC=CCNCC,CC=CCNCC,-1916.15,CCNCC=CC,AA~AADAA,84.56455078562156
CNCCC(=O)O,CNCCC(=O)O,-1557.29,C(CNC)C(O)=O,ADAAA{~B}B,64.48419803930345
C=C1CN=CNC1,C=C1CN=CNC1,-1785.27,C1NC=NCC1=C,A~ArAD~ADAr,77.24103585657372
N#Cc1ccc[nH]1,N#Cc1ccc[nH]1,-1292.91,C(#N)c1[nH]ccc1,D^Aaraaa{dQ}r,49.69056358834327
CC(C)CC=O,CC(C)CC=O,-1565.84,CC(CC=O)C,AA{A}AA~B,64.9626214244147
C#CC1C=CCC1,C#CC1C=CCC1,-1622.33,C1(C#C)C=CCC1,A^AArA~AAAr,68.12357312323738
CCCCNC=O,CCCCNC=O,-1750.9,C(CNC=O)CC,AAAADA~B,75.317829804378
CC1COC(C)O1,CC1COC(C)O1,-1665.09,CC1OC(C)CO1,AArABA{A}Br,70.51624960830834
COCOC1CC1,COCOC1CC1,-1632.19,C1CC1OCOC,ABABArAAr,68.67529880478088
C=CC[CH][N]N,C=CC[CH][N]N,-1339.0,[CH](CC=C)[N]N,A~AA{AQ}{D}D,52.26957339182596
CC(=O)C1CNC1,CC(=O)C1CNC1,-1582.32,C1(C(C)=O)CNC1,AA{~B}ArADAr,65.88477550472268
CC(=O)C1CC1O,CC(=O)C1CC1O,-1520.96,C1(O)CC1C(C)=O,AA{~B}ArAArB,62.45131832221676
[NH][CH]N1CC(O)C1,[NH][CH]N1CC(O)C1,-1380.39,[CH](N1CC(O)C1)[NH],{DQ}{AQ}DrAA{B}Ar,54.58559022337617
C=C(C#CC)OC,C=C(C#CC)OC,-1551.07,O(C(=C)C#CC)C,A~A{A^AA}BA,64.13615202112896
CC1(O)CC1CO,CC1(O)CC1CO,-1649.31,C1(CO)CC1(C)O,AAr{B}AArAB,69.63326469403286
O=C1CC=CN1O,O=C1CC=CN1O,-1400.63,O=C1N(O)C=CC1,B~ArAA~ADrB,55.718138681230144
COCC1CNC1,COCC1CNC1,-1699.17,N1CC(COC)C1,ABAArADAr,72.4232284345763
N#C[CH]C=C[N]O,N#C[CH]C=C[N]O,-1002.62,O[N]C=C[CH]C#N,D^A{AQ}A~A{D}B,33.44711043466583
COCCNC=N,COCCNC=N,-1595.3,C(CNC=N)OC,ABAADA~D,66.61108375486818
CCCN1CC1,CCCN1CC1,-1610.85,C(N1CC1)CC,AAADrAAr,67.4811988003044
C=C1CC2NC2C1,C=C1CC2NC2C1,-1643.82,C1(=C)CC2C(C1)N2,A~ArAAsDAsAr,69.32606652043512
COC1C=COC1,COC1C=COC1,-1512.16,C1(OC)C=COC1,ABArA~ABAr,61.95890594923677
C=C1CCN(C)C1,C=C1CCN(C)C1,-1785.82,CN1CCC(=C)C1,A~ArAAD{A}Ar,77.27181162988497
NCC1CCOC1,NCC1CCOC1,-1731.14,C1(CN)COCC1,DAArAABAr,74.21214020323204
CC1CC(=O)NO1,CC1CC(=O)NO1,-1392.58,C1C(C)ONC1=O,AArAA{~B}DBr,55.267693271856395
OC1CC2OC2C1,OC1CC2OC2C1,-1518.51,C1C2C(CC1O)O2,BArAAsBAsAr,62.314226241103015
N#CCNCCO,N#CCNCCO,-1392.7,C(#N)CNCCO,D^AADAAB,55.274407986033395
CCOC(C)CC,CCOC(C)CC,-1987.81,CCC(OCC)C,AABA{A}AA,88.57435426831996
NCC1CC(O)C1,NCC1CC(O)C1,-1717.3,C1(CN)CC(O)C1,DAArAA{B}Ar,73.43770983481804
C[CH][N][N][CH]OC,C[CH][N][N][CH]OC,-1451.26,[N]([CH]OC)[N][CH]C,A{AQ}{D}{D}{AQ}BA,58.55118850440934
CC1CN1C(N)=O,CC1CN1C(N)=O,-1483.32,NC(=O)N1CC1C,AArADrA{D}~B,60.345136308697796
CC(C)C1OC1C,CC(C)C1OC1C,-1846.43,CC1OC1C(C)C,AA{A}ArBArA,80.66330184878466
CC1CCCCN1,CC1CCCCN1,-1455.16,CC1NCCCC1,AArAAAADr,58.76941671516184
NC1C(N)C1CO,NC1C(N)C1CO,-1590.64,C1(CO)C(N)C1N,DArA{D}ArAB,66.35032902099469
C=C1CNNC1=O,C=C1CNNC1=O,-1335.89,C1(=O)C(=C)CNN1,A~ArADDAr~B,52.09555038273872
CC1C=NN=CC1,CC1C=NN=CC1,-1633.68,C1=NN=CCC1C,AArA~DD~AAr,68.75867317247864
C=C(C)C(C)CC,C=C(C)C(C)CC,-2049.24,C(CC)(C)C(=C)C,A~A{A}A{A}AA,92.01172836742914
[CH2][N]OCCCC,[CH2][N]OCCCC,-1694.05,C(CCC)O[N][CH2],{AQs}{D}BAAAA,72.13673396302431
C=C1C=NNC1=O,C=C1C=NNC1=O,-1211.56,N1=CC(=C)C(=O)N1,A~ArA~DDAr~B,45.1385469358521
C=CC=C(C)C=C,C=CC=C(C)C=C,-1771.02,C=CC(=CC=C)C,A~AA~A{A}A~A,76.44366354805497
C=C(C)C1CCC1,C=C(C)C1CCC1,-1899.34,CC(=C)C1CCC1,A~A{A}ArAAAr,83.62393124132683
CC=C(C)C(C)N,CC=C(C)C(C)N,-1524.75,CC=C(C(C)N)C,AA~A{A}A{A}D,62.66339137830699
COC1CC(=O)C1,COC1CC(=O)C1,-1515.24,C1(OC)CC(=O)C1,ABArAA{~B}Ar,62.13125027977977
CCC1=COCO1,CCC1=COCO1,-1517.16,C1(CC)=COCO1,AAAr~ABABr,62.23868570661177
[CH2][N]N(C)C(C)C,[CH2][N]N(C)C(C)C,-1762.62,C(C)(N(C)[N][CH2])C,{AQs}{D}D{A}A{A}A,75.97363355566497
CC(=O)C=C(C)N,CC(=O)C=C(C)N,-1609.38,NC(C)=CC(=O)C,AA{~B}A~A{A}D,67.39894355163615
Cc1c[nH]cc1N,Cc1c[nH]cc1N,-1365.11,c1(N)c[nH]cc1C,Aara{dQ}aarD,53.73058328483817
C=C(C)CC,C=C(C)CC,-1458.12,C(C(=C)C)C,A~A{A}AA,58.93504633152781
C#CC=C(C)C#N,C#CC=C(C)C#N,-1921.58,C(=C(C)C#N)C#C,A^AA~A{A}A^D,84.86839160213079
[CH2][N]N1CC=CC1,[CH2][N]N1CC=CC1,-1497.39,C1=CCN([N][CH2])C1,{AQs}{D}DrAA~AAr,61.132436545951045
CC=CCN(C)C,CC=CCN(C)C,-1909.21,CN(CC=CC)C,AA~AAD{A}A,84.17621648238507
CON1C=NCC1,CON1C=NCC1,-1434.75,N1(OC)C=NCC1,ABDrA~DAAr,57.62735574555709
O=C1C=CCO1,O=C1C=CCO1,-1120.22,C1=CCOC1=O,B~ArA~AABr,40.0275303281257
CC#CC(C)=NN,CC#CC(C)=NN,-1490.72,CC(C#CC)=NN,AA^AA{A}~DD,60.75921034961279
NN=C1CC=CC1,NN=C1CC=CC1,-1516.77,C1C(=NN)CC=C1,DD~ArAA~AAr,62.2168628855365
C#CC(O)C(C)C,C#CC(O)C(C)C,-1691.77,C(C(C)C)(C#C)O,A^AA{B}A{A}A,72.0091543936613
CC12CC=CC1N2,CC12CC=CC1N2,-1647.96,C1C=CC2C1(C)N2,AArsAA~AArDs,69.5577241595416
C#CC1CC(N)C1,C#CC1CC(N)C1,-1614.67,C(C1CC(N)C1)#C,A^AArAA{D}Ar,67.6949505349389
C#CCOCCO,C#CCOCCO,-1480.18,C(#C)COCCO,A^AABAAB,60.16943462106631
CCCCC1CC1,CCCCC1CC1,-2044.91,C(C1CC1)CCC,AAAAArAAr,91.76943909754243
O=Cc1ccno1,O=Cc1ccno1,-1374.66,c1noc(C=O)c1,B~Aaraadbr,54.264962621424424
C=C(C#N)C(C)=O,C=C(C#N)C(C)=O,-1331.28,N#CC(C(=O)C)=C,A~A{A^D}A{A}~B,51.837593446438966
[CH2][N]NCC(C)C,[CH2][N]NCC(C)C,-1774.27,C(CN[N][CH2])(C)C,{AQs}{D}DAA{A}A,76.62552039034873
NC1CCC2CC12,NC1CCC2CC12,-1788.36,NC1C2C(C2)CC1,DArAAAsAArs,77.41393974663146
O=C1C=CC2CC12,O=C1C=CC2CC12,-1456.03,C1C2C=CC(=O)C12,B~ArA~AAsAArs,58.81809839294509
CC1(C=O)CCN1,CC1(C=O)CCN1,-1580.87,C1C(C=O)(C)NC1,AAr{A~B}AADr,65.80363937508392
O[N][CH]CC1CC1,O[N][CH]CC1CC1,-1354.39,C1C(C[CH][N]O)C1,B{D}{AQ}AArAAr,53.1307354850262
COC(CN)OC,COC(CN)OC,-1649.18,COC(OC)CN,ABA{AD}BA,69.62599042034113
CC=CCC=CC,CC=CCC=CC,-1908.13,C(=CCC=CC)C,AA~AAA~AA,84.11578405479207
CC(=O)C=C(C)C,CC(=O)C=C(C)C,-1727.5,CC(C)=CC(=O)C,AA{~B}A~A{A}A,74.00846053986302
CC(C)C(=O)O,CC(C)C(=O)O,-1389.49,O=C(C(C)C)O,AA{A}A{~B}B,55.09478938179865
CC(=NO)C(C)C,CC(=NO)C(C)C,-1710.3,CC(C)C(=NO)C,AA{~DB}A{A}A,73.04601817449304
C[CH][N]OCCO,C[CH][N]OCCO,-1500.52,C(CO)O[N][CH]C,A{AQ}{D}BAAB,61.30757867406777
CC1(C)C=NNC1,CC1(C)C=NNC1,-1766.1,C1(C)(C)C=NNC1,AAr{A}A~DDAr,76.16836026679796
O=C[CH][N]N1CC1,O=C[CH][N]N1CC1,-1446.76,C(=O)[CH][N]N1CC1,B~A{AQ}{D}DrAAr,58.29938672277184
CO[N][CH]C1CO1,CO[N][CH]C1CO1,-1341.91,CO[N][CH]C1OC1,AB{D}{AQ}ArABr,52.432405210618214
C#Cc1cnoc1,C#Cc1cnoc1,-1155.4,C(#C)c1cnoc1,A^Aaradbar,41.99606070101617
[CH2][N]OCC(C)C,[CH2][N]OCC(C)C,-1694.5,C(C)(CO[N][CH2])C,{AQs}{D}BAA{A}A,72.16191414118805
CC1=CCCC1C,CC1=CCCC1C,-1926.01,C1=C(C)C(C)CC1,AAr~AAAArA,85.11627646716505
C=CC(C)=NO,C=CC(C)=NO,-1264.5,ON=C(C=C)C,A~AA{A}~DB,48.10085500693854
CN=C(C)N1CC1,CN=C(C)N1CC1,-1640.83,C(=NC)(N1CC1)C,AD~A{A}DrAAr,69.15875822552486
C#CC(C)OC,C#CC(C)OC,-1383.97,C(C)(C#C)OC,A^AA{A}BA,54.785912529656656
N=C1NOC2CC12,N=C1NOC2CC12,-1293.85,C12CC1C(=N)NO2,D~ArDBAsAArs,49.74316218272975
C#CCC1NC1C,C#CCC1NC1C,-1778.55,C(C#C)C1C(C)N1,A^AAArDArA,76.86501186266172
Cc1cc(N)ns1,Cc1cc(N)ns1,-1375.99,c1c(C)snc1N,Aaraa{D}der,54.339384036886166
CC(N)CC1CC1,CC(N)CC1CC1,-1916.73,C1CC1CC(N)C,AA{D}AArAAr,84.59700523747706
CC=CC=CCO,CC=CC=CCO,-1713.29,C(CO)=CC=CC,AA~AA~AAB,73.21332646940328
Cc1cnoc1,Cc1cnoc1,-1160.27,o1ncc(C)c1,Aaradbar,42.26856618469941
NN=C1CCOC1,NN=C1CCOC1,-1322.49,N(N)=C1CCOC1,DD~ArAABAr,51.34574063297373
CCOC(C)C=O,CCOC(C)C=O,-1655.43,C(C(C)OCC)=O,AABA{A}A~B,69.97571511705986
C=COCOCC,C=COCOCC,-1642.18,CCOCOC=C,A~ABABAA,69.23429876001613
COCCC(C)=O,COCCC(C)=O,-1660.53,O(CCC(=O)C)C,ABAAA{A}~B,70.26109046958236
CC[C]1C=N[N]O1,CC[C]1C=N[N]O1,-1322.92,C1=N[N]O[C]1CC,AA{A}rA~D{D}Br,51.369801692107984
C[C]CCCCC,C[C]CCCCC,-2191.69,[C](CCCCC)C,A{A}AAAAA,99.98265365504275
CC1CNNC1=O,CC1CNNC1=O,-1481.21,CC1C(=O)NNC1,AArADDAr~B,60.22706925108555
C=COCC#CC,C=COCC#CC,-1548.19,O(CC#CC)C=C,A~ABAA^AA,63.974998880880975
C=C(C)CCC#N,C=C(C)CCC#N,-1523.05,C(CC(=C)C)C#N,A~A{A}AAA^D,62.568266260799504
N=C1C=CCON1,N=C1C=CCON1,-1305.16,N1C(=N)C=CCO1,D~ArA~AABDr,50.37602399391201
C[C]([NH])N1CC1C,C[C]([NH])N1CC1C,-1622.36,C1(C)N([C](C)[NH])C1,A{A}{{DQ}}DrAArA,68.12525180178164
CC(N)CC1CO1,CC(N)CC1CO1,-1713.09,C(C(C)N)C1OC1,AA{D}AArABr,73.20213527910829
CC1CNCC1O,CC1CNCC1O,-1732.6,C1C(C)C(O)CN1,AArADAArB,74.2938358923855
CCNC(=O)CO,CCNC(=O)CO,-1556.59,N(C(=O)CO)CC,AADA{~B}AB,64.44502887327097
C1NCC1N1CC1,C1NCC1N1CC1,-1619.37,N1(C2CNC2)CC1,ArDAArDrAAr,67.95794350687137
Cc1ccn(N)c1,Cc1ccn(N)c1,-1546.82,c1c(C)cn(N)c1,Aaraad{D}ar,63.898339227360225
CON=C(C)CN,CON=C(C)CN,-1570.14,C(N)C(C)=NOC,ABD~A{A}AD,65.20323201575722
ON1C=CCN=C1,ON1C=CCN=C1,-1293.71,C1=NCC=CN1O,BDrA~AAD~Ar,49.73532834952326
C=C(CN)CN,C=C(CN)CN,-1494.17,C(N)C(CN)=C,A~A{AD}AD,60.952258382201535
CNC(=O)C1CO1,CNC(=O)C1CO1,-1402.34,C(NC)(=O)C1OC1,ADA{~B}ArABr,55.81382335825238
CC=CCCCN,CC=CCCCN,-1921.48,C(N)CCC=CC,AA~AAAAD,84.8627960069833
NCCCNC=O,NCCCNC=O,-1466.42,C(NC=O)CCN,DAAADA~B,59.399480728770314
Cc1sncc1N,Cc1sncc1N,-1571.36,Nc1c(C)snc1,AaredaarD,65.2714982765567
[CH2][N][N][CH]C#CC,[CH2][N][N][CH]C#CC,-1346.38,[N]([CH]C#CC)[N][CH2],{AQs}{D}{D}{AQ}A^AA,52.68252831371146
CC=C(CO)CO,CC=C(CO)CO,-1651.84,C(C(=CC)CO)O,AA~A{AB}AB,69.77483325126461
C#CCC(=O)CC,C#CCC(=O)CC,-1566.27,CCC(CC#C)=O,A^AAA{~B}AA,64.98668248354895
CC1C2C=CCC12,CC1C2C=CCC12,-1544.38,C1(C)C2C=CCC12,AArAsA~AAArs,63.76180670576123
CC1=C(C)CC=C1,CC1=C(C)CC=C1,-1792.2,C1C=CC(C)=C1C,AAr~A{A}AA~Ar,77.62881060029547
CC1CNCC1C,CC1CNCC1C,-1803.45,CC1C(C)CNC1,AArADAArA,78.2583150543892
C#CCS(N)(=O)=O,C#CCS(N)(=O)=O,-1679.43,C#CCS(=O)(N)=O,A^AAE{D}{~B}~B,71.31865795245983
CCC1(C)CNC1,CCC1(C)CNC1,-1756.5,C(C)C1(C)CNC1,AAAr{A}ADAr,75.63118313263799
CCC1OCC1=O,CCC1OCC1=O,-1519.97,C(C)C1OCC1=O,AAArBAAr~B,62.39592193025651
COC1CCC1O,COC1CCC1O,-1640.73,O(C1C(O)CC1)C,ABArAAArB,69.15316263037737
CN=CNCCO,CN=CNCCO,-1605.63,C(CNC=NC)O,AD~ADAAB,67.18910873360491
NCc1ccsc1,NCc1ccsc1,-1315.35,C(N)c1cscc1,DAaraaear,50.946215139442224
C=CCN(C)CC,C=CCN(C)CC,-1906.02,C(CN(C)CC)=C,A~AAD{A}AA,83.99771699717982
CNC1C(N)C1O,CNC1C(N)C1O,-1581.53,C1(N)C(O)C1NC,ADArA{D}ArB,65.84057030305745
N#CC(=CN)CO,N#CC(=CN)CO,-1207.75,OCC(=CN)C#N,D^AA{~AD}AB,44.925354760732354
C#CC(=C)CC=C,C#CC(=C)CC=C,-1604.33,C=CCC(=C)C#C,A^AA{~A}AA~A,67.1163659966874
C=C(C=O)C(N)=O,C=C(C=O)C(N)=O,-1795.33,C(C=O)(=C)C(=O)N,A~A{A~B}A{D}~B,77.80395272841218
COC(C)OC,COC(C)OC,-1486.13,COC(OC)C,ABA{A}BA,60.50237253234254
CC1=CCC(C)=C1,CC1=CCC(C)=C1,-1791.32,CC1=CC(C)=CC1,AAr~AAA{A}~Ar,77.57956936299745
CC1=COCC=C1,CC1=COCC=C1,-1581.77,C1=C(C)C=CCO1,AAr~ABAA~Ar,65.85399973141143
C#CC(=C)C(=O)O,C#CC(=C)C(=O)O,-1239.16,C(#C)C(C(=O)O)=C,A^AA{~A}A{~B}B,46.68293119656208
CCC(O)CCN,CCC(O)CCN,-1868.2,OC(CC)CCN,AAA{B}AAD,81.88146291239538
CCNCCNC,CCNCCNC,-1921.53,C(C)NCCNC,AADAADA,84.86559380455705
C=C(OC)C(C)O,C=C(OC)C(C)O,-1648.63,C(C)(O)C(=C)OC,A~A{BA}A{A}B,69.59521464702986
CC1(C)CC=CC1,CC1(C)CC=CC1,-1924.91,C1(C)(C)CC=CC1,AAr{A}AA~AAr,85.05472492054257
CCc1cc[nH]n1,CCc1cc[nH]n1,-1908.78,CCc1n[nH]cc1,AAaraa{dQ}dr,84.15215542325082
CCN1C(C)C1C,CCN1C(C)C1C,-1909.19,C1(C)N(CC)C1C,AADrA{A}ArA,84.17509736335558
CCC1NCC1=O,CCC1NCC1=O,-1589.06,C1(CC)NCC1=O,AAArDAAr~B,66.26191861766416
N#CC(C=O)=CN,N#CC(C=O)=CN,-1211.08,C(=C(C#N)C=O)N,D^AA{A~B}~AD,45.1116880791441
C#CC1=CC=CC1,C#CC1=CC=CC1,-1491.94,C1(C#C)=CC=CC1,A^AAr~AA~AAr,60.82747661041229
CO[N][CH]CCO,CO[N][CH]CCO,-1498.27,C([CH][N]OC)CO,AB{D}{AQ}AAB,61.18167778324902
Cc1cc(N)no1,Cc1cc(N)no1,-1340.0,n1c(N)cc(C)o1,Aaraa{D}dbr,52.32552934330096
[CH2][N]OC1CC1N,[CH2][N]OC1CC1N,-1417.48,C1(O[N][CH2])C(N)C1,{AQs}{D}BArAArD,56.66099646358387
CC=O,CC=O,-677.16,C(C)=O,AA~B,15.235686467612695
C#CC(C#N)=CC,C#CC(C#N)=CC,-1520.72,C(C)=C(C#C)C#N,A^AA{A^D}~AA,62.43788889386276
CC(N)C(C)(C)C,CC(N)C(C)(C)C,-2061.92,CC(C(N)C)(C)C,AA{D}A{A}{A}A,92.72124983213214
CC1CN1[CH][NH],CC1CN1[CH][NH],-1347.89,[NH][CH]N1CC1C,AArADr{AQ}{DQ},52.767021800438705
C#CC(=C)CNC,C#CC(=C)CNC,-1613.92,C(=C)(C#C)CNC,A^AA{~A}ADA,67.65298357133265
O=CC=CC1CO1,O=CC=CC1CO1,-1368.52,C(=CC=O)C1CO1,B~AA~AArABr,53.921393079367924
CCC1(C)CC1N,CCC1(C)CC1N,-1629.56,CC1(CC)C(N)C1,AAAr{A}AArD,68.52813465240162
CCCOCCN,CCCOCCN,-1857.18,C(OCCC)CN,AAABAAD,81.26482832714089
CCCCN,CCCCN,-1470.79,C(CN)CC,AAAAD,59.644008236716054
NCc1cc[nH]c1,NCc1cc[nH]c1,-1551.13,NCc1c[nH]cc1,DAaraa{dQ}ar,64.13950937821747
C=COC(C)(C)C,C=COC(C)(C)C,-1847.41,C(C)(OC=C)(C)C,A~ABA{A}{A}A,80.71813868123016
CC1C(C)C1(C)O,CC1C(C)C1(C)O,-1845.96,C1(C)C(C)C1(C)O,AArA{A}Ar{A}B,80.6370025515914
COC=C(C)C#N,COC=C(C)C#N,-1457.85,N#CC(C)=COC,ABA~A{A}A^D,58.91993822462957
COC=CC(C)O,COC=CC(C)O,-1646.73,C(=CC(C)O)OC,ABA~AA{A}B,69.48889833922736
NNC(=O)C1CC1,NNC(=O)C1CC1,-1278.25,N(C(C1CC1)=O)N,DDA{~B}ArAAr,48.87024933971978
C=C1CC=NNC1,C=C1CC=NNC1,-1771.69,C1=NNCC(=C)C1,A~ArAA~DDAr,76.48115403554323
N=C(NO)C1CC1,N=C(NO)C1CC1,-1276.72,C(NO)(=N)C1CC1,D~A{DB}ArAAr,48.784636733963026
CCC(=O)C=CN,CCC(=O)C=CN,-1609.47,C(=CC(=O)CC)N,AAA{~B}A~AD,67.40397958726892
C=CC(=O)NOC,C=CC(=O)NOC,-1370.39,O(NC(C=C)=O)C,A~AA{~B}DBA,54.02603070862618
CC1CCCC1C,CC1CCCC1C,-2065.77,C1CCC(C)C1C,AArAAAArA,92.9366802453109
CC(=O)OC(C)C,CC(=O)OC(C)C,-1686.22,O(C(=O)C)C(C)C,AA{~B}BA{A}A,71.69859886297508
CNC1CC1,CNC1CC1,-1318.73,N(C)C1CC1,ADArAAr,51.13534625542773
CCC1(C)CO1,CCC1(C)CO1,-1549.18,C(C1(C)CO1)C,AAAr{A}ABr,64.03039527284123
C#CC1C=CC=C1,C#CC1C=CC=C1,-1482.1,C1=CC=CC1C#C,A^AArA~AA~Ar,60.27687004789829
NN=C1CCCO1,NN=C1CCCO1,-1450.73,C1(=NN)CCCO1,DD~ArAAABr,58.52153185012757
CC=CC(C)C#N,CC=CC(C)C#N,-1922.06,C(C)=CC(C)C#N,AA~AA{A}A^D,84.89525045883879
O=C1CCOC1,O=C1CCOC1,-1237.65,C1C(=O)CCO1,B~ArAABAr,46.598437709834826
CC[N][CH]NC,CC[N][CH]NC,-1504.0,[CH](NC)[N]CC,AA{D}{AQ}DA,61.50230538520076
CC1CC(C=O)C1,CC1CC(C=O)C1,-1712.85,C1C(C)CC1C=O,AArAA{A~B}Ar,73.18870585075429
OCC1=CCNC1,OCC1=CCNC1,-1324.54,C1NCC=C1CO,BAAr~AADAr,51.46045033349748
NCC1(N)CC1O,NCC1(N)CC1O,-1588.67,C(N)C1(N)C(O)C1,DAAr{D}AArB,66.24009579658893
CCC=CCC,CCC=CCC,-1753.91,C(=CCC)CC,AAA~AAA,75.48625721831776
C=CC(C)=NOC,C=CC(C)=NOC,-1558.73,C(=NOC)(C)C=C,A~AA{A}~DBA,64.56477460942746
COC(C)(C)OC,COC(C)(C)OC,-1783.7,COC(C)(OC)C,ABA{A}{A}BA,77.15318501275797
CC1CCC(=O)C1,CC1CCC(=O)C1,-1743.6,C1(=O)CCC(C)C1,AArAAA{~B}Ar,74.9093513586105
CCN(C)C=N,CCN(C)C=N,-1502.58,C(N(C)CC)=N,AAD{A}A~D,61.422847934106265
CN1C2C=CCC21,CN1C2C=CCC21,-1634.23,C1=CC2C(N2C)C1,ADrAsA~AAAsr,68.78944894578987
O=C1NOC2CC12,O=C1NOC2CC12,-1249.98,C12CC1C(=O)NO2,B~ArDBAsAArs,47.28837459152156
Cc1[nH]ccc1O,Cc1[nH]ccc1O,-1485.27,c1c(O)c(C)[nH]c1,Aar{dQ}aaarB,60.45425041407404
O=S1(=O)C=CC=C1,O=S1(=O)C=CC=C1,-1437.67,C1=CC=CS1(=O)=O,B~Er{~B}A~AA~Ar,57.7907471238641
CN1C=NC2CC21,CN1C=NC2CC21,-1521.24,C12C(N=CN1C)C2,ADrA~DAsAAsr,62.466985988629766
OC1CCCC1,OC1CCCC1,-1571.14,C1CC(O)CC1,BArAAAAr,65.25918796723222
C#CC1=N[N]S[CH]1,C#CC1=N[N]S[CH]1,-1448.88,N1=C(C#C)[CH]S[N]1,A^AAr~D{D}E{AQ}r,58.418013339898835
CCCC1CC1C,CCCC1CC1C,-2046.22,C1(C)C(CCC)C1,AAAArAArA,91.84274139397466
CN1O[CH]C=C1[NH],CN1O[CH]C=C1[NH],-1307.72,[CH]1ON(C)C([NH])=C1,ADrB{AQ}A~Ar{DQ},50.519271229687995
CCON=C(C)C,CCON=C(C)C,-1704.91,O(CC)N=C(C)C,AABD~A{A}A,72.74441559604281
C=CC(C)(C)CC,C=CC(C)(C)CC,-2046.05,CC(C=C)(CC)C,A~AA{A}{A}AA,91.83322888222392
O=C1CCC2OC12,O=C1CCC2OC12,-1389.39,C12CCC(=O)C1O2,B~ArAAAsBArs,55.08919378665116
CC=CCC(C)C,CC=CCC(C)C,-2050.6,CC(C)CC=CC,AA~AAA{A}A,92.08782846143515
C=CC1OC1CC,C=CC1OC1CC,-1696.05,C(C)C1OC1C=C,A~AArBArAA,72.24864586597431
[CH2][N]OC1CC1O,[CH2][N]OC1CC1O,-1438.58,O(C1C(O)C1)[N][CH2],{AQs}{D}BArAArB,57.84166703970634
CC1COC1C=O,CC1COC1C=O,-1508.99,O1C(C=O)C(C)C1,AArABArA~B,61.781525583061025
COC1(C)CC1O,COC1(C)CC1O,-1636.66,C1(C)(OC)CC1O,ABAr{A}AArB,68.92542190787414
[CH2]c1ccc([NH])[nH]1,[CH2]c1ccc([NH])[nH]1,-1553.4,c1c([NH])[nH]c([CH2])c1,{AQs}araaa{{DQ}}{dQ}r,64.26652938806572
NC(=O)C#CC=O,NC(=O)C#CC=O,-1475.08,C(#CC=O)C(=O)N,DA{~B}A^AA~B,59.8840592685438
CCC#CC1CO1,CCC#CC1CO1,-1544.29,C(CC)#CC1OC1,AAA^AArABr,63.75677067012847
C=C(C)C(C)NC,C=C(C)C(C)NC,-1914.62,C(C(C)NC)(=C)C,A~A{A}A{A}DA,84.4789381798648
OC1CC2CN2C1,OC1CC2CN2C1,-1331.18,OC1CN2C(C1)C2,BArAAsADsAr,51.83199785129147
C=CC(=O)N(C)N,C=CC(=O)N(C)N,-1460.16,C(=C)C(=O)N(N)C,A~AA{~B}D{A}D,59.04919647253683
CNCCC1CO1,CNCCC1CO1,-1705.6,C1OC1CCNC,ADAAArABr,72.78302520256054
[CH2][N][N][CH]CCO,[CH2][N][N][CH]CCO,-1493.94,C(O)C[CH][N][N][CH2],{AQs}{D}{D}{AQ}AAB,60.93938851336228
CC1(C)CC1O,CC1(C)CC1O,-1548.92,CC1(C)C(O)C1,AAr{A}AArB,64.01584672545772
C=C1CCCC1,C=C1CCCC1,-1626.96,C1(=C)CCCC1,A~ArAAAAr,68.38264917856664
COC=CC(C)=O,COC=CC(C)=O,-1525.8,C(C)(C=COC)=O,ABA~AA{A}~B,62.72214512735575
CCOCC(C)=O,CCOCC(C)=O,-1659.61,C(C)(=O)COCC,AABAA{A}~B,70.20961099422534
C#CC(=C)C(C)O,C#CC(=C)C(C)O,-1552.63,OC(C(=C)C#C)C,A^AA{~A}A{A}B,64.22344330542997
CC1CCCO1,CC1CCCO1,-1567.57,C1COC(C)C1,AArAAABr,65.05942522046645
C#CCC=CCC,C#CCC=CCC,-1748.32,C(#C)CC=CCC,A^AAA~AAA,75.1734634495725
C#CC(=C)C=CC,C#CC(=C)C=CC,-1612.57,C(C(C#C)=C)=CC,A^AA{~A}A~AA,67.5774430368414
[CH2][N]NCCCO,[CH2][N]NCCCO,-1705.76,OCCCN[N][CH2],{AQs}{D}DAAAB,72.79197815479655
Cc1c[nH]oc1=O,Cc1c[nH]oc1=O,-1266.38,c1[nH]oc(=O)c1C,Aara{dQ}bar~B,48.20605219571155
C=COCC1CC1,C=COCC1CC1,-1698.72,C1(COC=C)CC1,A~ABAArAAr,72.39804825641257
C#CC1C=CCO1,C#CC1C=CCO1,-1414.42,C#CC1OCC=C1,A^AArA~AABr,56.48977125207038
CNCC1CC1C,CNCC1CC1C,-1910.69,C(C1CC1C)NC,ADAArAArA,84.25903129056807
C=C(C)CCC=O,C=C(C)CCC=O,-1719.69,C(CCC(C)=C)=O,A~A{A}AAA~B,73.57144455884328
CC1C(N)C1CN,CC1C(N)C1CN,-1622.4,C1(N)C(CN)C1C,AArA{D}ArAD,68.12749003984064
CC1(O)CC1N,CC1(O)CC1N,-1422.13,OC1(C)CC1N,AAr{B}AArD,56.92119163794262
O=C1CCC(=O)N1,O=C1CCC(=O)N1,-1308.59,C1C(=O)NC(=O)C1,B~ArAAA{~B}Dr,50.56795290747123
CC(C)(CO)CO,CC(C)(CO)CO,-1795.05,C(C)(CO)(C)CO,AA{A}{AB}AB,77.7882850619992
C=C1COC=CO1,C=C1COC=CO1,-1376.17,C1OC=COC1=C,A~ArABA~ABr,54.34945610815168
C=CC1CC1NC,C=CC1CC1NC,-1765.12,C=CC1C(NC)C1,A~AArAArDA,76.11352343435247
C=CN(C=N)C=O,C=CN(C=N)C=O,-1337.21,O=CN(C=C)C=N,A~AD{A~D}A~B,52.16941223868571
C#CC(C#N)C=C,C#CC(C#N)C=C,-1347.07,C=CC(C#N)C#C,A^AA{A^D}A~A,52.7211379202292
CS(=O)(=O)C1CO1,CS(=O)(=O)C1CO1,-1161.78,CS(C1CO1)(=O)=O,AE{~B}{~B}ArABr,42.35305967142666
OC1C=NNCC1,OC1C=NNCC1,-1243.03,C1(O)C=NNCC1,BArA~DDAAr,46.899480728770314
CCC#CCO,CCC#CCO,-1398.16,C(C#CCO)C,AAA^AAB,55.5799274810869
CC=CC(=N)NC,CC=CC(=N)NC,-1665.67,C(C)=CC(NC)=N,AA~AA{~D}DA,70.54870406016384
CC#CC(O)CN,CC#CC(O)CN,-1570.67,CC#CC(CN)O,AA^AA{B}AD,65.23288867003895
C=C1CNC(=O)C1,C=C1CNC(=O)C1,-1487.35,C1(=O)NCC(=C)C1,A~ArADA{~B}Ar,60.57063879314203
C1=COCCOC1,C1=COCCOC1,-1511.16,C1OC=CCOC1,Ar~ABAABAr,61.90294999776177
C=CCCC(N)=O,C=CCCC(N)=O,-1912.98,C(C(=O)N)CC=C,A~AAAA{D}~B,84.38717041944582
C=CC(C#N)C=C,C=CC(C#N)C=C,-1512.57,C=CC(C=C)C#N,A~AA{A^D}A~A,61.981847889341516
CC1CNC1C,CC1CNC1C,-1614.89,C1NC(C)C1C,AArADArA,67.70726084426342
CC1C(O)C1(C)N,CC1C(O)C1(C)N,-1713.32,OC1C(N)(C)C1C,AArA{B}Ar{A}D,73.21500514794754
CCCC(C)CN,CCCC(C)CN,-2061.5,C(CC)C(C)CN,AAAA{A}AD,92.69774833251265
CC(CN)C(N)=O,CC(CN)C(N)=O,-1629.72,C(=O)(N)C(CN)C,AA{AD}A{D}~B,68.53708760463765
CC(C)=CCC=O,CC(C)=CCC=O,-1721.19,C(CC=C(C)C)=O,AA{A}~AAA~B,73.65537848605578
C#CC(O)C#C,C#CC(O)C#C,-1086.92,C(#C)C(O)C#C,A^AA{B}A^A,38.16419714400825
C1=NOC2(CC2)O1,C1=NOC2(CC2)O1,-1226.73,C1C2(ON=CO2)C1,Ar~DBAs{AAs}Br,45.987398719727835
CN[N][CH]CCO,CN[N][CH]CCO,-1578.71,C(C[CH][N]NC)O,AD{D}{AQ}AAB,65.68277451989795
C=C(C#N)C#CC,C=C(C#N)C#CC,-1475.95,N#CC(C#CC)=C,A~A{A^D}A^AA,59.932740946327066
C1NCC1C1CN1,C1NCC1C1CN1,-1627.1,C1C(C2CNC2)N1,ArDAArArADr,68.39048301177313
C=CC(C=O)NC,C=CC(C=O)NC,-1580.58,O=CC(C=C)NC,A~AA{A~B}DA,65.78741214915618
C[N][CH]N(C)C,C[N][CH]N(C)C,-1496.03,CN([CH][N]C)C,A{D}{AQ}D{A}A,61.05633645194504
CC1NC1(C)CN,CC1NC1(C)CN,-1907.96,NCC1(C)NC1C,AArDAr{A}AD,84.10627154304132
CC(C)=NOC=O,CC(C)=NOC=O,-1387.19,O=CON=C(C)C,AA{A}~DBA~B,54.96609069340615
C#CC1CCC1C,C#CC1CCC1C,-1473.54,C1CC(C)C1C#C,A^AArAAArA,59.7978871032723
C=C(CC)CNC,C=C(CC)CNC,-1913.58,C=C(CNC)CC,A~A{AA}ADA,84.4207439903308
CCC1(CN)CC1,CCC1(CN)CC1,-1539.33,C(C1(CN)CC1)C,AAAr{AD}AAr,63.47922915081248
CCNCC1CN1,CCNCC1CN1,-1778.36,C1NC1CNCC,AADAArADr,76.85438023188146
C#CCC(N)CC,C#CCC(N)CC,-1763.61,C#CCC(CC)N,A^AAA{D}AA,76.02902994762523
COC=CCN,COC=CCN,-1419.65,NCC=COC,ABA~AAD,56.782420878284626
C=C(C)C(=C)C,C=C(C)C(=C)C,-1614.48,CC(C(=C)C)=C,A~A{A}A{~A}A,67.68431890415864
CCC1COC1C,CCC1COC1C,-1845.92,O1C(C)C(CC)C1,AAArABArA,80.63476431353239
C=C1CCN=CN1,C=C1CCN=CN1,-1317.52,C1CN=CNC1=C,A~ArAAD~ADr,51.06763955414298
C=CCC=O,C=CCC=O,-1123.32,O=CCC=C,A~AAA~B,40.2009937776982
OCCC1CC1,OCCC1CC1,-1549.18,C1(CCO)CC1,BAAArAAr,64.03039527284123
C=CC(O)C(=N)N,C=CC(O)C(=N)N,-1465.04,C=CC(O)C(N)=N,A~AA{B}A{~D}D,59.32226151573481
C#CCN(O)C=O,C#CCN(O)C=O,-1068.82,C(#C)CN(C=O)O,A^AAD{B}A~B,37.15139442231076
C=C(C)CCO,C=C(C)CCO,-1555.51,OCCC(C)=C,A~A{A}AAB,64.38459644567797
C1=COC2(C1)CC2,C1=COC2(C1)CC2,-1574.89,C1C2(CC=CO2)C1,Ar~ABAs{Ar}AAs,65.46902278526346
CCOC(=O)NC,CCOC(=O)NC,-1564.61,N(C(OCC)=O)C,AABA{~B}DA,64.89379560410046
CC=C(C=O)OC,CC=C(C=O)OC,-1512.2,C(=C(OC)C=O)C,AA~A{A~B}BA,61.96114418729577
COC(C)=CCO,COC(C)=CCO,-1647.92,CC(OC)=CCO,ABA{A}~AAB,69.55548592148261
C1CCC2CC2C1,C1CCC2CC2C1,-1917.6,C1CCC2C(C2)C1,ArAAAsAAsAr,84.6456869152603
CCC1OC=NO1,CCC1OC=NO1,-1379.81,C(C)C1ON=CO1,AAArBA~DBr,54.553135771520665
CCC(C)(O)C#N,CCC(C)(O)C#N,-1601.96,CC(O)(CC)C#N,AAA{A}{B}A^D,66.98375039169166
C=C(CN)OCC,C=C(CN)OCC,-1720.81,O(C(CN)=C)CC,A~A{AD}BAA,73.63411522449526
NCc1ccno1,NCc1ccno1,-1327.79,c1cnoc1CN,DAaraadbr,51.64230717579122
C=CC1CN1C,C=CC1CN1C,-1465.22,C1N(C)C1C=C,A~AArADrA,59.33233358700033
CNCC(=O)C=O,CNCC(=O)C=O,-1394.67,O=C(C=O)CNC,ADAA{~B}A~B,55.384641210439156
C=C(C)CC1CO1,C=C(C)CC1CO1,-1699.08,C(C1OC1)C(C)=C,A~A{A}AArABr,72.41819239894355
CCN(C)C=O,CCN(C)C=O,-1449.59,CCN(C=O)C,AAD{A}A~B,58.457742065446084
CC1CC(C)O1,CC1CC(C)O1,-1553.32,C1(C)CC(C)O1,AArAA{A}Br,64.26205291194772
C=CCC1CC1,C=CCC1CC1,-1604.07,C(C=C)C1CC1,A~AAArAAr,67.10181744930391
[CH2][N]NCC1CO1,[CH2][N]NCC1CO1,-1421.17,N(CC1CO1)[N][CH2],{AQs}{D}DAArABr,56.86747392452662
C=C(C=O)C(C)C,C=C(C=O)C(C)C,-1722.12,CC(C)C(C=O)=C,A~A{A~B}A{A}A,73.70741752092752
C=CCC(N)C=C,C=CCC(N)C=C,-1773.89,C(CC(N)C=C)=C,A~AAA{D}A~A,76.60425712878823
C=C1COCC1O,C=C1COCC1O,-1517.14,OC1COCC1=C,A~ArABAArB,62.23756658758227
CCN1CC1(C)C,CCN1CC1(C)C,-1909.85,N1(CC)C(C)(C)C1,AADrAAr{A}A,84.21202829132905
CC#CC(C)CO,CC#CC(C)CO,-1698.47,C(#CC)C(CO)C,AA^AA{A}AB,72.38405926854381
C=CCC(=O)C#N,C=CCC(=O)C#N,-1320.39,C(#N)C(CC=C)=O,A~AAA{~B}A^D,51.228233134876234
[CH2][N]OC(C)C=C,[CH2][N]OC(C)C=C,-1549.57,[CH2][N]OC(C=C)C,{AQs}{D}BA{A}A~A,64.05221809391648
CC1(C)CCN1,CC1(C)CCN1,-1621.18,CC1(C)NCC1,AAr{A}AADr,68.05922377904115
COC=CC(C)N,COC=CC(C)N,-1716.0,C(N)(C=COC)C,ABA~AA{A}D,73.36496709790053
CC=CC(=O)CC,CC=CC(=O)CC,-1729.14,C(C)=CC(=O)CC,AA~AA{~B}AA,74.10022830028204
C=C(C#CC)CO,C=C(C#CC)CO,-1556.66,C(#CC)C(=C)CO,A~A{A^AA}AB,64.44894578987423
C=COC(=C)C,C=COC(=C)C,-1409.33,C(C)(OC=C)=C,A~ABA{~A}A,56.20495545906263
NC1CC1N1CC1,NC1CC1N1CC1,-1631.9,C1C(N)C1N1CC1,DArAArDrAAr,68.65907157885313
C=C1OCCC1O,C=C1OCCC1O,-1524.77,C1(O)C(=C)OCC1,A~ArBAAArB,62.664510497336494
O=CC1CC(=O)C1,O=CC1CC(=O)C1,-1391.39,C1C(=O)CC1C=O,B~AArAA{~B}Ar,55.20110568960116
O=C1CC2OC2C1,O=C1CC2OC2C1,-1396.19,C1C2C(CC1=O)O2,B~ArAAsBAsAr,55.469694256681144
C=C(C)C(C)C,C=C(C)C(C)C,-1753.72,CC(C(=C)C)C,A~A{A}A{A}A,75.4756255875375
C1NCC2CC12,C1NCC2CC12,-1484.5,C1NCC2C1C2,ArDAAsAArs,60.411164331438286
NC1(C2CO2)CC1,NC1(C2CO2)CC1,-1565.16,C1C(C2OC2)(N)C1,DAr{AsABs}AAr,64.92457137741171
CC(C)OC=O,CC(C)OC=O,-1383.16,O(C=O)C(C)C,AA{A}BA~B,54.74058820896192
CC#C[CH][N]NC,CC#C[CH][N]NC,-1480.89,N(C)[N][CH]C#CC,AA^A{AQ}{D}DA,60.209163346613565
C=COC[CH][N]O,C=COC[CH][N]O,-1432.42,C(OC[CH][N]O)=C,A~ABA{AQ}{D}B,57.496978378620355
CC=C(C)C(C)O,CC=C(C)C(C)O,-1852.56,CC=C(C(C)O)C,AA~A{A}A{A}B,81.00631183132637
CNCC=CCO,CNCC=CCO,-1714.03,C(CO)=CCNC,ADAA~AAB,73.2547338734948
C#CC(C)OC=C,C#CC(C)OC=C,-1542.87,C(C(OC=C)C)#C,A^AA{A}BA~A,63.67731321903396
[CH2][N]OCC#CC,[CH2][N]OCC#CC,-1396.43,[N](OCC#CC)[CH2],{AQs}{D}BAA^AA,55.483123685035146
CC1OC(C)C1C,CC1OC(C)C1C,-1849.38,C1(C)OC(C)C1C,AArBA{A}ArA,80.82837190563589
C=COC(=O)CC,C=COC(=O)CC,-1538.25,C(OC=C)(=O)CC,A~ABA{~B}AA,63.41879672321948
CC(CO)CC=O,CC(CO)CC=O,-1661.81,C(C=O)C(C)CO,AA{AB}AA~B,70.33271408747034
CC(C)C(N)CO,CC(C)C(N)CO,-1866.72,C(O)C(N)C(C)C,AA{A}A{D}AB,81.79864810421238
OC1CC1C1CO1,OC1CC1C1CO1,-1492.77,C1C(C2C(O)C2)O1,BArAArArABr,60.873920050136526
C#CC(O)CO,C#CC(O)CO,-1192.89,C(CO)(C#C)O,A^AA{B}AB,44.09384932181388
CCC=CCN,CCC=CCN,-1624.5,C(CC)=CCN,AAA~AAD,68.24499753793813
O=C1COC=CN1,O=C1COC=CN1,-1370.19,C1(=O)NC=COC1,B~ArABA~ADr,54.01483951833117
CN1CC1CN,CN1CC1CN,-1482.66,C1(CN)CN1C,ADrAArAD,60.3082053807243
COC=CC#N,COC=CC#N,-1159.43,N#CC=COC,ABA~AA^D,42.22156318546041
C#CC(=C)OCC,C#CC(=C)OCC,-1546.83,CCOC(=C)C#C,A^AA{~A}BAA,63.898898786874966
CC1OC1CC#N,CC1OC1CC#N,-1451.49,C(#N)CC1OC1C,AArBArAA^D,58.56405837324859
CCN1CCC1,CCN1CCC1,-1610.87,C(C)N1CCC1,AADrAAAr,67.4823179193339
CC1=C(C)COC1,CC1=C(C)COC1,-1723.77,C1(C)=C(C)COC1,AAr~A{A}ABAr,73.79974484086128
C1=CC2COC2C1,C1=CC2COC2C1,-1577.68,C1=CC2C(C1)OC2,Ar~AAsABAsAr,65.6251398898787
CCNNC(C)=O,CCNNC(C)=O,-1607.19,C(C)(NNCC)=O,AADDA{A}~B,67.27640001790591
O=CCCCO,O=CCCCO,-1366.75,OCCCC=O,B~AAAAB,53.82235104525718
NC(=O)C1CC1N,NC(=O)C1CC1N,-1486.42,O=C(C1C(N)C1)N,DA{~B}ArAArD,60.51859975827029
N#CC1=CC=CC1,N#CC1=CC=CC1,-1400.79,C1=CC=C(C#N)C1,D^AAr~AA~AAr,55.72709163346614
CCCC1CN1C,CCCC1CN1C,-1907.28,C1C(CCC)N1C,AAAArADrA,84.06822149603832
CC1CCC1CO,CC1CCC1CO,-1846.59,C1(C)C(CO)CC1,AArAAArAB,80.67225480102064
C#CC(CC)=NN,C#CC(CC)=NN,-1481.01,C(CC)(=NN)C#C,A^AA{AA}~DD,60.21587806079056
COCC1OC1C,COCC1OC1C,-1634.6,CC1C(COC)O1,ABAArBArA,68.81015264783562
N#CC=CCC=O,N#CC=CCC=O,-1472.09,C(CC=CC#N)=O,D^AA~AAA~B,59.71675097363356
O=CNC1CNC1,O=CNC1CNC1,-1399.12,N(C=O)C1CNC1,B~ADArADAr,55.63364519450288
COCCC(N)=O,COCCC(N)=O,-1552.78,O=C(CCOC)N,ABAAA{D}~B,64.23183669815123
CN1C2CNCC21,CN1C2CNCC21,-1638.73,C1NCC2N(C)C12,ADrAsADAAsr,69.04125072742737
O=CC1NCC1=O,O=CC1NCC1=O,-1458.07,O=CC1C(=O)CN1,B~AArDAAr~B,58.93224853395407
CC1=CC(O)CC1,CC1=CC(O)CC1,-1730.77,C1C(C)=CC(O)C1,AAr~AA{B}AAr,74.19143650118627
C1CC1CC1CO1,C1CC1CC1CO1,-1694.03,C(C1CC1)C1OC1,ArAArAArABr,72.13561484399482
CC(=O)C(C)=CN,CC(=O)C(C)=CN,-1611.43,C(N)=C(C)C(C)=O,AA{~B}A{A}~AD,67.51365325215991
O=CNOC1CC1,O=CNOC1CC1,-1411.06,C1C(ONC=O)C1,B~ADBArAAr,56.301759255114376
CCNN=C(C)C,CCNN=C(C)C,-1784.41,N(=C(C)C)NCC,AADD~A{A}A,77.19291373830522
CC1OC(=O)C1N,CC1OC(=O)C1N,-1409.98,C1(=O)C(N)C(C)O1,AArBA{~B}ArD,56.24132682752138
CNCCCO,CNCCCO,-1564.59,OCCCNC,ADAAAB,64.89267648507095
CC1(C)C(N)C1O,CC1(C)C(N)C1O,-1717.69,C1(O)C(N)C1(C)C,AAr{A}A{D}ArB,73.45953265589328
CCC1CC1C=O,CCC1CC1C=O,-1717.71,C1(C=O)C(CC)C1,AAArAArA~B,73.46065177492278
[CH2]C(=C[N]N)OC,[CH2]C(=C[N]N)OC,-1434.12,N[N]C=C([CH2])OC,{AQs}A{~A{D}D}BA,57.592103496127834
C#CCC(=N)N,C#CCC(=N)N,-1214.56,C(C#C)C(N)=N,A^AAA{~D}D,45.306414790277096
C#CC1=COCC1,C#CC1=COCC1,-1425.39,C(#C)C1=COCC1,A^AAr~ABAAr,57.10360803975112
CN1CC2OC2C1,CN1CC2OC2C1,-1571.53,C1N(C)CC2OC12,ADrAAsBAsAr,65.28101078830746
C=C(COC)OC,C=C(COC)OC,-1635.14,O(C)CC(=C)OC,A~A{ABA}BA,68.84036886163214
COCC(C)(C)O,COCC(C)(C)O,-1790.19,CC(COC)(C)O,ABAA{A}{A}B,77.5163391378307
CC1C(O)C1C#N,CC1C(O)C1C#N,-1452.8,C1(O)C(C)C1C#N,AArA{B}ArA^D,58.63736066968083
CCCCCC=O,CCCCCC=O,-1861.76,O=CCCCCC,AAAAAA~B,81.52110658489637
CNc1ccon1,CNc1ccon1,-1327.6,CNc1nocc1,ADaraabdr,51.631675545010964
CCNC(C)C#N,CCNC(C)C#N,-1667.49,N#CC(C)NCC,AADA{A}A^D,70.65054389184834
C=CCCC(C)=O,C=CCCC(C)=O,-1724.24,C(=O)(C)CCC=C,A~AAAA{A}~B,73.82604413805453
OCCNCCO,OCCNCCO,-1526.4,C(O)CNCCO,BAADAAB,62.75571869824075
CCC1(C)OC1C,CCC1(C)OC1C,-1847.46,C1(C)OC1(C)CC,AAAr{A}BArA,80.72093647880389
C=CCN[CH][N]O,C=CCN[CH][N]O,-1434.79,N(CC=C)[CH][N]O,A~AAD{AQ}{D}B,57.62959398361609
CC1=CC2NC2C1,CC1=CC2NC2C1,-1646.91,C12C(C=C(C)C1)N2,AAr~AAsDAsAr,69.49897041049287
COC1CC1O,COC1CC1O,-1337.43,O(C)C1C(O)C1,ABArAArB,52.18172254801021
CC1C=CC2OC12,CC1C=CC2OC12,-1570.44,C12C(C)C=CC1O2,AArA~AAsBArs,65.2200188011997
CCC(CO)OC,CCC(CO)OC,-1785.66,O(C(CO)CC)C,AAA{AB}BA,77.26285867764898
C=C(C)N(O)C=N,C=C(C)N(O)C=N,-1433.7,C(=C)(C)N(O)C=N,A~A{A}D{B}A~D,57.56860199650836
CC1(N)CC1N,CC1(N)CC1N,-1490.56,NC1C(C)(N)C1,AAr{D}AArD,60.75025739737678
CC1C=CCC=C1,CC1C=CCC=C1,-1787.35,C1=CC(C)C=CC1,AArA~AAA~Ar,77.35742423564169
C#CC(=O)NC,C#CC(=O)NC,-1150.82,N(C)C(C#C)=O,A^AA{~B}DA,41.739782443260665
C1CC2NC2C1,C1CC2NC2C1,-1488.47,C1C2C(N2)CC1,ArAAsDAsAr,60.63330945879405
C=CC(C=C)=NO,C=CC(C=C)=NO,-1262.99,N(=C(C=C)C=C)O,A~AA{A~A}~DB,48.01636152021129
CC(N)=CC(=O)O,CC(N)=CC(=O)O,-1427.51,C(=O)(O)C=C(C)N,AA{D}~AA{~B}B,57.22223465687811
Cc1cc(=O)[nH]s1,Cc1cc(=O)[nH]s1,-1250.5,[nH]1sc(C)cc1=O,Aaraa{~B}{dQ}er,47.317471686288556
C#CC(O)C1CO1,C#CC(O)C1CO1,-1335.75,C(#C)C(O)C1CO1,A^AA{B}ArABr,52.08771654953221
CC=CCNC=O,CC=CCNC=O,-1608.25,N(C=O)CC=CC,AA~AADA~B,67.3357133264694
NCCCC(=O)O,NCCCC(=O)O,-1481.16,C(=O)(O)CCCN,DAAAA{~B}B,60.224271453511804
CC#CC#CCN,CC#CC#CCN,-1507.18,NCC#CC#CC,AA^AA^AAD,61.68024531089128
CC1C=COCO1,CC1C=COCO1,-1523.23,C1(C)C=COCO1,AArA~ABABr,62.578338332064995
CCCC(=O)OC,CCCC(=O)OC,-1680.84,COC(=O)CCC,AAAA{~B}BA,71.39755584403957
O=C1NC2CC1C2,O=C1NC2CC1C2,-1284.51,N1C(=O)C2CC1C2,B~ArDAsAArAs,49.22053359595327
CCCONC=N,CCCONC=N,-1569.97,C(ONC=N)CC,AAABDA~D,65.19371950400645
CC1C=CC2CC12,CC1C=CC2CC12,-1783.58,CC1C=CC2CC21,AArA~AAsAArs,77.14647029858095
C#CC(C=O)CO,C#CC(C=O)CO,-1356.74,C#CC(CO)C=O,A^AA{A~B}AB,53.26223197099244
NC(=O)OC1CC1,NC(=O)OC1CC1,-1264.82,C(OC1CC1)(=O)N,DA{~B}BArAAr,48.11876091141054
C=CC=CC1CO1,C=CC=CC1CO1,-1555.5,O1CC1C=CC=C,A~AA~AArABr,64.3840368861632
CCC=C(C)C,CCC=C(C)C,-1755.73,CC(C)=CCC,AAA~A{A}A,75.58809705000225
CC1(C)CCCO1,CC1(C)CCCO1,-1865.22,C1CCC(C)(C)O1,AAr{A}AAABr,81.71471417699988
C=CC(C)(N)CN,C=CC(C)(N)CN,-1790.09,C=CC(N)(C)CN,A~AA{A}{D}AD,77.5107435426832
Cn1ccc(O)c1,Cn1ccc(O)c1,-1476.61,c1(O)cn(C)cc1,Adraaa{B}ar,59.96967187430055
CC1NCC1(C)C,CC1NCC1(C)C,-1781.33,C1C(C)(C)C(C)N1,AArDAAr{A}A,77.0205694077622
C=COC(=C)C#N,C=COC(=C)C#N,-1306.95,O(C(=C)C#N)C=C,A~ABA{~A}A^D,50.47618514705224
COC1CCCO1,COC1CCCO1,-1656.58,C1(OC)OCCC1,ABArAAABr,70.0400644612561
O=CC1CCCC1,O=CC1CCCC1,-1734.73,C1CCC(C=O)C1,B~AArAAAAr,74.41302206902726
N[N][CH]CC1CC1,N[N][CH]CC1CC1,-1633.22,[CH]([N]N)CC1CC1,D{D}{AQ}AArAAr,68.73293343480013
COC1C(C)C1N,COC1C(C)C1N,-1705.89,C1(OC)C(N)C1C,ABArA{A}ArD,72.79925242848832
O=C1C=CCOC1,O=C1C=CCOC1,-1396.76,C1(=O)COCC=C1,B~ArA~AABAr,55.501589149021896
Nc1ccco1,Nc1ccco1,-1180.38,c1ccoc1N,Daraaabr,43.393840368861646
CC1(O)CC1O,CC1(O)CC1O,-1353.17,C1(O)(C)C(O)C1,AAr{B}AArB,53.0624692242267
CC1C(C)N1[CH][NH],CC1C(C)N1[CH][NH],-1101.34,CC1N([CH][NH])C1C,AArA{A}Dr{AQ}{DQ},38.971081964277715
C#Cc1cn[nH]c1,C#Cc1cn[nH]c1,-1465.07,C(c1c[nH]nc1)#C,A^Aarad{dQ}ar,59.32394019427907
CN=C(N)C(C)=O,CN=C(N)C(C)=O,-1486.63,CC(=O)C(N)=NC,AD~A{D}A{A}~B,60.53035050808004
C#CC(O)C=CC,C#CC(O)C=CC,-1547.75,C(C)=CC(C#C)O,A^AA{B}A~AA,63.950378262231965
C#CCC(C)OC,C#CCC(C)OC,-1684.45,COC(C)CC#C,A^AAA{A}BA,71.59955682886434
CCCC(=N)NO,CCCC(=N)NO,-1580.76,C(=N)(CCC)NO,AAAA{~D}DB,65.7974842204217
CC#CCNCC,CC#CCNCC,-1762.25,N(CC)CC#CC,AA^AADAA,75.95292985361924
CNC(C#N)C#N,CNC(C#N)C#N,-1260.42,N#CC(C#N)NC,ADA{A^D}A^D,47.872554724920555
Cc1cc(O)cs1,Cc1cc(O)cs1,-1249.91,s1cc(O)cc1C,Aaraa{B}aer,47.284457674918315
CC1NC1C(=O)O,CC1NC1C(=O)O,-1414.88,N1C(C(O)=O)C1C,AArDArA{~B}B,56.51551098974888
C=CC(CN)=NO,C=CC(CN)=NO,-1329.87,C(=NO)(CN)C=C,A~AA{AD}~DB,51.75869555485921
[CH2][N]NCCCC,[CH2][N]NCCCC,-1774.05,CCCCN[N][CH2],{AQs}{D}DAAAA,76.61321008102422
C=C(C)CNC=N,C=C(C)CNC=N,-1660.55,C(=N)NCC(C)=C,A~A{A}ADA~D,70.26220958861185
CC(C)CN,CC(C)CN,-1471.15,C(C(C)C)N,AA{A}AD,59.664152379247064
N#CC1(O)CNC1,N#CC1(O)CNC1,-1320.68,C1(C#N)(O)CNC1,D^AAr{B}ADAr,51.24446036080398
C=C1CO[C]([NH])N1,C=C1CO[C]([NH])N1,-1351.03,N1[C]([NH])OCC1=C,A~ArAB{A}{{DQ}}Dr,52.94272348807019
CC1(C)C=CCO1,CC1(C)C=CCO1,-1722.74,C1=CCOC1(C)C,AAr{A}A~AABr,73.74211021084203
CCC#CC1CC1,CCC#CC1CC1,-1750.87,C1C(C#CCC)C1,AAA^AArAAr,75.31615112583373
N#CC(N)=CC=O,N#CC(N)=CC=O,-1283.59,NC(C#N)=CC=O,D^AA{D}~AA~B,49.169054120596265
CCC1CC=NO1,CCC1CC=NO1,-1575.73,O1N=CCC1CC,AAArAA~DBr,65.51602578450243
C=CCNC(C)C,C=CCNC(C)C,-1914.15,N(CC=C)C(C)C,A~AADA{A}A,84.45263888267156
CN[N][CH]C(C)C,CN[N][CH]C(C)C,-1777.79,N(C)[N][CH]C(C)C,AD{D}{AQ}A{A}A,76.82248533954072
CC=CCC=O,CC=CCC=O,-1423.2,C(=CC)CC=O,AA~AAA~B,56.981064506020864
O=CC(=O)N1CC1,O=CC(=O)N1CC1,-2190.69,O=CC(N1CC1)=O,B~AA{~B}DrAAr,99.92669770356775
[CH2][N]NCCC=O,[CH2][N]NCCC=O,-1444.04,N(CCC=O)[N][CH2],{AQs}{D}DAAA~B,58.14718653475983
CCC1OC1(C)C,CCC1OC1(C)C,-1848.14,CC1(C)C(CC)O1,AAArBAr{A}A,80.7589865258069
NCC1CCN1,NCC1CCN1,-1488.22,C1(CN)NCC1,DAArAADr,60.6193204709253
C=C(C)C#CCN,C=C(C)C#CCN,-1362.88,CC(=C)C#CCN,A~A{A}A^AAD,53.60580151304894
C#CCN[CH][N]C,C#CCN[CH][N]C,-1498.16,C[N][CH]NCC#C,A^AAD{AQ}{D}A,61.17552262858679
N=C1CC=CCN1,N=C1CC=CCN1,-1543.11,C1(=N)NCC=CC1,D~ArAA~AADr,63.69074264738798
OC12CCC(C1)C2,OC12CCC(C1)C2,-1717.38,OC12CC(CC1)C2,BArsAAA{Ar}As,73.44218631093604
C#CC(=O)C1CC1,C#CC(=O)C1CC1,-1414.02,O=C(C#C)C1CC1,A^AA{~B}ArAAr,56.467388871480374
NC1C=CC(O)C1,NC1C=CC(O)C1,-1596.76,C1=CC(N)CC1O,DArA~AA{B}Ar,66.69277944402168
[CH2][N][N][C](C)OC,[CH2][N][N][C](C)OC,-1449.71,[N]([N][CH2])[C](C)OC,{AQs}{D}{D}{A}{A}BA,58.464456779623085
[CH2][N]OCCNC,[CH2][N]OCCNC,-1556.97,N(C)CCO[N][CH2],{AQs}{D}BAADA,64.46629213483148
CCC(C)NC=N,CCC(C)NC=N,-1804.98,C(C(NC=N)C)C,AAA{A}DA~D,78.34392766014594
CN=C(C)N(C)O,CN=C(C)N(C)O,-1568.06,CC(N(O)C)=NC,AD~A{A}D{A}B,65.0868436366892
Cc1cc(C)sn1,Cc1cc(C)sn1,-1327.94,n1c(C)cc(C)s1,Aaraa{A}edr,51.65070056851247
C#CC1=CCOC1,C#CC1=CCOC1,-1421.13,C1(C#C)=CCOC1,A^AAr~AABAr,56.86523568646763
CC1(C)CCC1N,CC1(C)CCC1N,-1220.58,NC1CCC1(C)C,AAr{A}AAArD,45.64326961815659
C#CCNCC=C,C#CCNCC=C,-1609.93,C(C=C)NCC#C,A^AADAA~A,67.42971932494741
C#CC1(N)COC1,C#CC1(N)COC1,-1410.16,NC1(C#C)COC1,A^AAr{D}ABAr,56.25139889878689
C#CC(N)[CH][N]O,C#CC(N)[CH][N]O,-1707.16,[N](O)[CH]C(N)C#C,A^AA{D}{AQ}{D}B,72.87031648686155
CC(C)CCO,CC(C)CCO,-1696.16,C(O)CC(C)C,AA{A}AAB,72.25480102063656
[NH][CH]N1CCC1=O,[NH][CH]N1CCC1=O,-1329.81,C1CC(=O)N1[CH][NH],{DQ}{AQ}DrAAAr~B,51.75533819777072
C1CC2COC2C1,C1CC2COC2C1,-1681.51,C1OC2CCCC12,ArAAsABAsAr,71.43504633152783
CC(=O)C=CC#N,CC(=O)C=CC#N,-1334.61,N#CC=CC(C)=O,AA{~B}A~AA^D,52.02392676485071
CC=COC=CC,CC=COC=CC,-1705.93,C(=CC)OC=CC,AA~ABA~AA,72.80149066654731
C#CCC(O)CN,C#CCC(O)CN,-1552.34,OC(CC#C)CN,A^AAA{B}AD,64.20721607950222
CCCC(C)N,CCCC(C)N,-1768.13,NC(C)CCC,AAAA{A}D,76.28195084829223
CC1=NN=CCO1,CC1=NN=CCO1,-1320.98,N1=C(C)OCC=N1,AAr~DD~AABr,51.261247146246475
Cc1cc(=N)s[nH]1,Cc1cc(=N)s[nH]1,-1254.55,s1c(=N)cc(C)[nH]1,Aaraa{~D}e{dQ}r,47.5440932897623
CC(O)(CN)CN,CC(O)(CN)CN,-1739.78,NCC(CN)(O)C,AA{B}{AD}AD,74.69559962397601
CC1NC1CN,CC1NC1CN,-1490.75,NCC1C(C)N1,AArDArAD,60.76088902815703
CCC1CC1(C)O,CCC1CC1(C)O,-1846.64,CC1(O)CC1CC,AAArAAr{A}B,80.6750525985944
C=CC(C)N,C=CC(C)N,-1325.98,CC(N)C=C,A~AA{A}D,51.54102690362147
Cc1csc(=O)[nH]1,Cc1csc(=O)[nH]1,-1327.62,O=c1[nH]c(C)cs1,Aaraea{~B}{dQ}r,51.63279466404046
CC1(N)C(O)C1O,CC1(N)C(O)C1O,-1517.83,OC1C(C)(N)C1O,AAr{D}A{B}ArB,62.2761761941
Cc1ccno1,Cc1ccno1,-1163.99,o1nccc1C,Aaraadbr,42.476722324186404
O=CCCC1CN1,O=CCCC1CN1,-1442.18,C(C1NC1)CC=O,B~AAAArADr,58.04310846501635
Nc1ccc(O)[nH]1,Nc1ccc(O)[nH]1,-1350.18,c1(O)[nH]c(N)cc1,Daraaa{B}{dQ}r,52.89516092931645
CC#CC=CCC,CC#CC=CCC,-1758.48,C(C=CC#CC)C,AA^AA~AAA,75.74197591655849
C=C(C)C(O)C=O,C=C(C)C(O)C=O,-1522.31,C(O)(C=O)C(C)=C,A~A{A}A{B}A~B,62.526858856707996
C=CCC(C)CO,C=CCC(C)CO,-1847.05,CC(CO)CC=C,A~AAA{A}AB,80.69799453869913
CCNC(=N)CO,CCNC(=N)CO,-1610.32,C(NC(CO)=N)C,AADA{~D}AB,67.45154214602266
CCC(C)CC=O,CCC(C)CC=O,-1861.2,C(C)C(CC=O)C,AAA{A}AA~B,81.4897712520704
COCC(C)OC,COCC(C)OC,-1775.04,COCC(OC)C,ABAA{A}BA,76.66860647298446
CC(=O)NCCO,CC(=O)NCCO,-1559.48,N(C(C)=O)CCO,AA{~B}DAAB,64.6067415730337
CNN1CCC1=O,CNN1CCC1=O,-1456.7,CNN1C(=O)CC1,ADDrAAAr~B,58.85558888043334
CN1CC1(C)CN,CN1CC1(C)CN,-1778.08,NCC1(C)N(C)C1,ADrAAr{A}AD,76.83871256546846
CC1(O)CC1,CC1(O)CC1,-1254.7,C1(C)(O)CC1,AAr{B}AAr,47.552486682483554
C=CC1CC=CC1,C=CC1CC=CC1,-1777.48,C1(C=C)CC=CC1,A~AArAA~AAr,76.80513899458347
OC1CC=CC1,OC1CC=CC1,-1430.36,C1=CCC(O)C1,BArAA~AAr,57.38170911858185
O=CC1CC1C=O,O=CC1CC1C=O,-1389.47,C(=O)C1CC1C=O,B~AArAArA~B,55.09367026276915
CC=CCC(=O)O,CC=CCC(=O)O,-1544.94,O=C(CC=CC)O,AA~AAA{~B}B,63.79314203858723
CNC1CCOC1,CNC1CCOC1,-1724.69,CNC1COCC1,ADArAABAr,73.85122431621828
CC[CH][C][C](C)C,CC[CH][C][C](C)C,-1249.8,[C](C)([C][CH]CC)C,AA{AQ}{A}{A}{A}A,47.278302520256055
CON=C(C)C,CON=C(C)C,-1405.97,CC(C)=NOC,ABD~A{A}A,56.01694346210663
C1CC2CC1C2,C1CC2CC1C2,-1615.66,C1C2CC1CC2,ArAAsAArAs,67.75034692689916
OCC#CC1CC1,OCC#CC1CC1,-1547.4,C(#CCO)C1CC1,BAA^AArAAr,63.930793679215725
CCC1OC1CO,CCC1OC1CO,-1643.55,O1C(CC)C1CO,AAArBArAB,69.31095841353687
C=CC1COC1=O,C=CC1COC1=O,-1393.33,C1(=O)C(C=C)CO1,A~AArABAr~B,55.309660235462644
C=CCC#CCC,C=CCC#CCC,-1751.29,C(CC#CCC)=C,A~AAA^AAA,75.33965262545325
CC1CC2OC2C1,CC1CC2OC2C1,-1715.72,C1C(C)CC2OC12,AArAAsBAsAr,73.34929943148754
C=CCC(C)(C)C,C=CCC(C)(C)C,-2047.43,C(C=C)C(C)(C)C,A~AAA{A}{A}A,91.91044809525944
NCC#CCO,NCC#CCO,-1266.14,OCC#CCN,DAA^AAB,48.19262276735755
C=CC#CCC=C,C=CC#CCC=C,-1608.46,C=CCC#CC=C,A~AA^AAA~A,67.34746407627915
C#CCC(C)=NO,C#CCC(C)=NO,-1407.66,ON=C(C)CC#C,A^AAA{A}~DB,56.11150902009939
NCC1CC1,NCC1CC1,-1323.38,C1C(CN)C1,DAArAAr,51.39554142978648
OC1CCCCC1,OC1CCCCC1,-1873.28,C1CC(O)CCC1,BArAAAAAr,82.16571914588836
CC=CC1CO1,CC=CC1CO1,-1399.79,C(C1CO1)=CC,AA~AArABr,55.67113568199114
O=CC=CC=O,O=CC=CC=O,-1095.1,C(C=CC=O)=O,B~AA~AA~B,38.62191682707372
CCC1CCC1,CCC1CCC1,-1748.56,C1(CC)CCC1,AAArAAAr,75.18689287792648
CC#CCC#CC,CC#CCC#CC,-1600.33,C(#CCC#CC)C,AA^AAA^AA,66.89254219078741
CC(CO)CCN,CC(CO)CCN,-1862.52,C(CCN)(C)CO,AA{AB}AAD,81.56363310801737
C=CC1(C)CNC1,C=CC1(C)CNC1,-1616.95,N1CC(C)(C=C)C1,A~AAr{A}ADAr,67.8225301043019
CC#CC(C)(C)C,CC#CC(C)(C)C,-1898.54,CC(C#CC)(C)C,AA^AA{A}{A}A,83.57916648014684
C=CC(C)C=O,C=CC(C)C=O,-1419.66,C(C(C=O)C)=C,A~AA{A}A~B,56.782980437799374
[CH2]C(C=C)=C[N]N,[CH2]C(C=C)=C[N]N,-1497.92,[N](C=C(C=C)[CH2])N,{AQs}A{A~A}~A{D}D,61.16209320023278
CC1C(C)C1O,CC1C(C)C1O,-1545.83,OC1C(C)C1C,AArA{A}ArB,63.84294283539997
CC1(C)NC1CN,CC1(C)NC1CN,-1653.61,N1C(CN)C1(C)C,AAr{A}DArAD,69.87387528537536
C#CCCNCC,C#CCCNCC,-1757.68,C(#C)CCNCC,A^AAADAA,75.69721115537851
C=C(C)OCCO,C=C(C)OCCO,-1651.32,OCCOC(=C)C,A~A{A}BAAB,69.74573615649761
C#CC[CH][N]OC,C#CC[CH][N]OC,-1394.1,[CH]([N]OC)CC#C,A^AA{AQ}{D}BA,55.35274631809839
CC(C)CCC#N,CC(C)CCC#N,-1790.97,C(CCC(C)C)#N,AA{A}AAA^D,77.5599847799812
C=CC(C)=C(C)C,C=CC(C)=C(C)C,-1909.4,C=CC(=C(C)C)C,A~AA{A}~A{A}A,84.18684811316533
CC1NC1(C)CO,CC1NC1(C)CO,-1717.32,C1(CO)(C)NC1C,AArDAr{A}AB,73.43882895384753
COC1=NN=CC1,COC1=NN=CC1,-1318.81,N1=CCC(OC)=N1,ABAr~DD~AAr,51.13982273154573
CCCC(O)CN,CCCC(O)CN,-1868.72,C(C)CC(CN)O,AAAA{B}AD,81.91056000716236
C=CC1CC(C)C1,C=CC1CC(C)C1,-1768.81,C(=C)C1CC(C)C1,A~AArAA{A}Ar,76.32000089529521
CC1CN(O)C=N1,CC1CN(O)C=N1,-1444.08,C1N(O)C=NC1C,AArAD{B}A~Dr,58.14942477281883
C=C(OC)C(C)=O,C=C(OC)C(C)=O,-1521.26,CC(=O)C(OC)=C,A~A{BA}A{A}~B,62.46810510765926
C=C1OCC2CC12,C=C1OCC2CC12,-1576.48,C12C(C(=C)OC1)C2,A~ArBAAsAArs,65.55799274810869
CCC(C=O)CC,CCC(C=O)CC,-1861.04,C(C)C(CC)C=O,AAA{A~B}AA,81.48081829983438
CCC=CCCC,CCC=CCCC,-2049.8,C(C=CCC)CC,AAA~AAAA,92.04306370025516
CC=CN(N)C=O,CC=CN(N)C=O,-1465.05,C(N(C=O)N)=CC,AA~AD{D}A~B,59.322821075249564
C=C1C=CCC1=O,C=C1C=CCC1=O,-1463.66,C1(=O)C(=C)C=CC1,A~ArA~AAAr~B,59.245042302699325
C=CC(CO)OC,C=CC(CO)OC,-1640.02,OCC(OC)C=C,A~AA{AB}BA,69.11343390483012
CC1CCC1C=O,CC1CCC1C=O,-1714.71,O=CC1CCC1C,AArAAArA~B,73.29278392049778
CC1=NNCC=C1,CC1=NNCC=C1,-1355.23,C1(C)=NNCC=C1,AAr~DDAA~Ar,53.17773848426519
C#CC[CH][N]O,C#CC[CH][N]O,-1107.23,[N](O)[CH]CC#C,A^AA{AQ}{D}B,39.300662518465465
C[N][CH]NC(C)C,C[N][CH]NC(C)C,-1801.8,CC(N[CH][N]C)C,A{D}{AQ}DA{A}A,78.16598773445544
C=CCOCCO,C=CCOCCO,-1638.62,C(C=C)OCCO,A~AABAAB,69.0350955727651
CCC1(CC)CN1,CCC1(CC)CN1,-1682.44,C1C(CC)(CC)N1,AAAr{AA}ADr,71.48708536639957
COC(C)=CCN,COC(C)=CCN,-1717.96,C(C=C(C)OC)N,ABA{A}~AAD,73.47464076279154
NC1CC1[CH][N]O,NC1CC1[CH][N]O,-1430.45,C1([CH][N]O)C(N)C1,DArAAr{AQ}{D}B,57.386745154214616
C=C(C)C(O)CC,C=C(C)C(O)CC,-1851.04,C=C(C(CC)O)C,A~A{A}A{B}AA,80.92125878508439
[CH2][N]N1CC1C#N,[CH2][N]N1CC1C#N,-1227.88,N1([N][CH2])C(C#N)C1,{AQs}{D}DrAArA^D,46.05174806392409
CN(C)C1COC1,CN(C)C1COC1,-1697.8,N(C)(C1COC1)C,AD{A}ArABAr,72.34656878105555
CCNCC(C)O,CCNCC(C)O,-1860.48,N(CC)CC(O)C,AADAA{A}B,81.44948296700838
NCC1CCCC1,NCC1CCCC1,-1935.49,C1(CN)CCCC1,DAArAAAAr,85.64673888714805
O=CCC1CCO1,O=CCC1CCO1,-1513.72,C1CC(CC=O)O1,B~AAArAABr,62.04619723353777
C=CC(C)COC,C=CC(C)COC,-1837.9,C(C=C)(C)COC,A~AA{A}ABA,80.1859975827029
C=CC1CNC1C,C=CC1CNC1C,-1787.88,C(C1CNC1C)=C,A~AArADArA,77.38708088992345
[NH]C1=C[CH]CN1,[NH]C1=C[CH]CN1,-1246.41,C1=C([NH])NC[CH]1,{DQ}Ar~A{AQ}ADr,47.08861184475582
CC#CC1CC1O,CC#CC1CC1O,-1548.8,C1(C#CC)C(O)C1,AA^AArAArB,64.00913201128073
O=C1C=CCCC1,O=C1C=CCCC1,-1607.72,O=C1CCCC=C1,B~ArA~AAAAr,67.30605667218767
C[N][CH]N1CCC1,C[N][CH]N1CCC1,-1646.61,[CH]([N]C)N1CCC1,A{D}{AQ}DrAAAr,69.48218362505037
NC1COCOC1,NC1COCOC1,-1529.77,C1OCC(N)CO1,DArABABAr,62.94429025471149
N=C1NCCC1O,N=C1NCCC1O,-1288.1,C1CNC(=N)C1O,D~ArDAAArB,49.42141546174851
NCCC=CCO,NCCC=CCO,-1720.5,C(=CCCN)CO,DAAA~AAB,73.61676887953803
C#CC(=NO)OC,C#CC(=NO)OC,-1197.11,N(=C(OC)C#C)O,A^AA{~DB}BA,44.32998343703836
O=CC=CCCO,O=CC=CCCO,-1523.62,C(=O)C=CCCO,B~AA~AAAB,62.600161153140235
C=C1COCC1=C,C=C1COCC1=C,-1575.68,C1(=C)COCC1=C,A~ArABAAr~A,65.5132279869287
C=CC(=O)C#N,C=CC(=O)C#N,-1026.67,N#CC(=O)C=C,A~AA{~B}A^D,34.79285106763956
NN(C=O)C1CC1,NN(C=O)C1CC1,-1437.43,O=CN(N)C1CC1,DD{A~B}ArAAr,57.777317695510106
C#CC1NC1C=O,C#CC1NC1C=O,-1409.99,O=CC1C(C#C)N1,A^AArDArA~B,56.24188638703613
C#CCNCC=O,C#CCNCC=O,-1556.03,N(CC=O)CC#C,A^AADAA~B,64.41369354044497
CC(C)(O)C(N)=O,CC(C)(O)C(N)=O,-1564.68,C(N)(C(C)(O)C)=O,AA{A}{B}A{D}~B,64.89771252070372
C=C(C)C(=N)NO,C=C(C)C(=N)NO,-1438.99,C=C(C(=N)NO)C,A~A{A}A{~D}DB,57.8646089798111
CN(C)[N][CH]C#N,CN(C)[N][CH]C#N,-1369.0,C(#N)[CH][N]N(C)C,AD{A}{D}{AQ}A^D,53.94825193607593
C1C2CC3C1C3C2,C1C2CC3C1C3C2,-1795.0,C12CC3CC1C2C3,ArAsAAtArAtAs,77.78548726442546
C=COC(C)C=C,C=COC(C)C=C,-1700.73,O(C=C)C(C)C=C,A~ABA{A}A~A,72.51051971887729
CC1C=NNC1C,CC1C=NNC1C,-1531.96,N1=CC(C)C(C)N1,AArA~DDArA,63.06683378844174
C=C(CN)COC,C=C(CN)COC,-1709.78,O(C)CC(CN)=C,A~A{AD}ABA,73.01692107972605
C=C1CCCOC1,C=C1CCCOC1,-1720.57,C1OCCCC1=C,A~ArAAABAr,73.62068579614129
CCC(C)C(C)=O,CCC(C)C(C)=O,-1868.5,O=C(C(CC)C)C,AAA{A}A{A}~B,81.89824969783787
C=CC=CC(C)O,C=CC=CC(C)O,-1711.81,C=CC=CC(O)C,A~AA~AA{A}B,73.13051166122028
C#Cc1cnsn1,C#Cc1cnsn1,-1146.11,n1cc(C#C)ns1,A^Aaradedr,41.47622991181341
CCC(OC)OC,CCC(OC)OC,-1781.76,C(C(OC)OC)C,AAA{BA}BA,77.04463046689646
C#CC(C)C1CN1,C#CC(C)C1CN1,-1912.27,C(C1NC1)(C)C#C,A^AA{A}ArADr,84.34744169389857
C=C(C)C1OC1C,C=C(C)C1OC1C,-1701.45,C1(C)C(C(=C)C)O1,A~A{A}ArBArA,72.55080800393931
CCC1(N)CNC1,CCC1(N)CNC1,-1221.89,N1CC(N)(CC)C1,AAAr{D}ADAr,45.71657191458885
C#CC1CC1N,C#CC1CC1N,-1323.05,C1C(C#C)C1N,A^AArAArD,51.377075965799726
O=C1CN=CNC1,O=C1CN=CNC1,-1486.5,C1(=O)CN=CNC1,B~ArAD~ADAr,60.523076234388284
C=C(C)CC#CC,C=C(C)CC#CC,-1755.16,C(C)#CCC(C)=C,A~A{A}AA^AA,75.55620215766152
NC1C=CCNC1,NC1C=CCNC1,-1663.65,N1CC=CC(N)C1,DArA~AADAr,70.43567303818435
CC1CNC(C)C1,CC1CNC(C)C1,-1800.01,C1C(C)NCC1C,AArADA{A}Ar,78.06582658131519
C1CC2(CN1)CO2,C1CC2(CN1)CO2,-1582.33,C1C2(O1)CCNC2,ArAAs{ADr}ABs,65.88533506423742
CC1NCC2CC21,CC1NCC2CC21,-1793.64,C12C(C)NCC1C2,AArDAAsAAsr,77.70938717041946
CCC1CN1,CCC1CN1,-1321.12,N1C(CC)C1,AAArADr,51.26908097945297
C=CC1(C)COC1,C=CC1(C)COC1,-1695.1,C(=C)C1(C)COC1,A~AAr{A}ABAr,72.19548771207305
C=C(CC)OC=O,C=C(CC)OC=O,-1531.53,O=COC(=C)CC,A~A{AA}BA~B,63.0427727293075
NC1CC(N)C1,NC1CC(N)C1,-1488.97,C1C(N)CC1N,DArAA{D}Ar,60.66128743453155
N#CC#CC=O,N#CC#CC=O,-857.15,C(C#CC#N)=O,D^AA^AA~B,25.307198173597744
C=CC(=C)C(=N)N,C=CC(=C)C(=N)N,-1523.27,C(C(=C)C(N)=N)=C,A~AA{~A}A{~D}D,62.580576570123995
NC1=CC=NOC1,NC1=CC=NOC1,-1312.75,C1=NOCC(N)=C1,DAr~AA~DBAr,50.800729665607236
C=CC(=C)C(C)C,C=CC(=C)C(C)C,-1906.7,C=CC(C(C)C)=C,A~AA{~A}A{A}A,84.03576704418285
[CH2][N]NC1CC1,[CH2][N]NC1CC1,-1326.7,C1C(N[N][CH2])C1,{AQs}{D}DArAAr,51.58131518868347
CCCOC,CCCOC,-1391.77,COCCC,AAABA,55.22236895116165
CCC=CCCO,CCC=CCCO,-1851.53,C(CC)=CCCO,AAA~AAAB,80.94867720130713
CC1(CCN)CC1,CC1(CCN)CC1,-1234.36,C(CC1(C)CC1)N,AAr{AAD}AAr,46.414342629482064
C#CC(C)=NNC,C#CC(C)=NNC,-1478.38,CC(=NNC)C#C,A^AA{A}~DDA,60.068713908411304
C=CCC(C)(C)N,C=CCC(C)(C)N,-1919.97,C=CCC(C)(N)C,A~AAA{A}{A}D,84.77830252025606
CC(=O)N(C)C,CC(=O)N(C)C,-1451.06,CC(N(C)C)=O,AA{~B}D{A}A,58.53999731411432
C=C1CN=CN1,C=C1CN=CN1,-1242.71,C1=NCC(=C)N1,A~ArAD~ADr,46.88157482429831
CC[CH][N]NC=O,CC[CH][N]NC=O,-1471.89,[CH](CC)[N]NC=O,AA{AQ}{D}DA~B,59.70555978333858
CCCC(=O)C#N,CCCC(=O)C#N,-1468.02,N#CC(=O)CCC,AAAA{~B}A^D,59.4890102511303
O=C1CN2CC1C2,O=C1CN2CC1C2,-1566.74,C12CN(CC1=O)C2,B~ArADsAArAs,65.01298178074221
CC1COCCO1,CC1COCCO1,-1656.57,O1CC(C)OCC1,AArABAABr,70.03950490174135
C#CS(=O)(=O)CO,C#CS(=O)(=O)CO,-1293.13,S(C#C)(CO)(=O)=O,A^AE{~B}{~B}AB,49.702873897667764
CC1CC(C)(N)C1,CC1CC(C)(N)C1,-1383.1,C1C(C)(N)CC1C,AArAA{A}{D}Ar,54.7372308518734
CC1C[C]([NH])NO1,CC1C[C]([NH])NO1,-1448.29,CC1ON[C]([NH])C1,AArA{A}{{DQ}}DBr,58.38499932852858
C=C1OC=CC1N,C=C1OC=CC1N,-1453.64,C=C1C(N)C=CO1,A~ArBA~AArD,58.68436366891984
C=CC=CC(N)=O,C=CC=CC(N)=O,-1472.88,C(C(N)=O)=CC=C,A~AA~AA{D}~B,59.76095617529881
CC1(C=O)CCC1,CC1(C=O)CCC1,-1710.63,C1C(C=O)(C)CC1,AAr{A~B}AAAr,73.0644836384798
C#CC(C)(C)O,C#CC(C)(C)O,-1398.32,CC(C)(O)C#C,A^AA{A}{A}B,55.58888043332289
CNC,CNC,-871.19,N(C)C,ADA,26.092819732306733
C=CC1C=CC=C1,C=CC1C=CC=C1,-1639.01,C1=CC(C=C)C=C1,A~AArA~AA~Ar,69.05691839384038
OC1CCC(O)C1,OC1CCC(O)C1,-1668.94,C1C(O)CC(O)C1,BArAAA{B}Ar,70.7316800214871
C=C(C)N(N)C=O,C=C(C)N(N)C=O,-1463.46,NN(C(C)=C)C=O,A~A{A}D{D}A~B,59.23385111240432
CCC(CC)=NN,CCC(CC)=NN,-1782.84,C(C)C(CC)=NN,AAA{AA}~DD,77.10506289448946
C=C(CC)C(C)O,C=C(CC)C(C)O,-1850.64,C(C)C(C(C)O)=C,A~A{AA}A{A}B,80.8988764044944
CN(C=O)C1CC1,CN(C=O)C1CC1,-1598.01,N(C)(C=O)C1CC1,AD{A~B}ArAAr,66.76272438336542
CC(C)NCCN,CC(C)NCCN,-1929.2,N(CCN)C(C)C,AA{A}DAAD,85.29477595237032
COCCCCO,COCCCCO,-1783.81,O(C)CCCCO,ABAAAAB,77.1593401674202
CC(C)=CC(=O)O,CC(C)=CC(=O)O,-1545.17,O=C(C=C(C)C)O,AA{A}~AA{~B}B,63.80601190742648
CC1CC(CO)C1,CC1CC(CO)C1,-1846.75,C1(CO)CC(C)C1,AArAA{AB}Ar,80.68120775325664
COC1CC=CO1,COC1CC=CO1,-1516.52,C1=COC(OC)C1,ABArAA~ABr,62.20287389766775
CCCOCCO,CCCOCCO,-1787.78,C(CO)OCCC,AAABAAB,77.38148529477596
Cc1cc[nH]c1O,Cc1cc[nH]c1O,-1482.36,c1[nH]c(O)c(C)c1,Aaraa{dQ}arB,60.2914185952818
CNC1CNC1=O,CNC1CNC1=O,-1471.92,O=C1C(NC)CN1,ADArADAr~B,59.70723846188281
C=CCO,C=CCO,-958.05,OCC=C,A~AAB,30.953153677425128
CCC(C)(N)CO,CCC(C)(N)CO,-1867.1,C(C)(CO)(CC)N,AAA{A}{D}AB,81.81991136577285
CCC1CCC1C,CCC1CCC1C,-2045.98,C1CC(CC)C1C,AAArAAArA,91.82931196562068
CC1(C)CN1,CC1(C)CN1,-1324.02,C1(C)(C)CN1,AAr{A}ADr,51.43135323873047
C#CC#CC(C)O,C#CC#CC(C)O,-1388.3,C(#CC#C)C(C)O,A^AA^AA{A}B,55.0282017995434
CC1(O)CCNC1,CC1(O)CCNC1,-1735.96,C1(C)(O)CCNC1,AAr{B}AADAr,74.48184788934151
Cc1cn[nH]c1,Cc1cn[nH]c1,-1253.88,Cc1c[nH]nc1,Aarad{dQ}ar,47.50660280227406
C#CC#CC=NN,C#CC#CC=NN,-1179.93,C(C#CC#C)=NN,A^AA^AA~DD,43.36866019069789
CCN1CC1CN,CCN1CC1CN,-1779.55,CCN1C(CN)C1,AADrAArAD,76.92096781413672
C=CCC(O)C=O,C=CCC(O)C=O,-1519.52,C(C(O)CC=C)=O,A~AAA{B}A~B,62.37074175209275
C=C1CC=CO1,C=C1CC=CO1,-1288.11,C1=CCC(=C)O1,A~ArAA~ABr,49.42197502126326
CCNCC,CCNCC,-1466.4,C(C)NCC,AADAA,59.39836160974082
CCC(C)C1CN1,CCC(C)C1CN1,-1354.98,C1(C(C)CC)CN1,AAA{A}ArADr,53.16374949639644
C1=CCC=C1,C1=CCC=C1,-1194.16,C1C=CC=C1,Ar~AAA~Ar,44.16491338018713
C=CCOCOC,C=CCOCOC,-1635.59,C(COCOC)=C,A~AABABA,68.86554903979588
C1OCC2CC2O1,C1OCC2CC2O1,-1506.06,O1C2CC2COC1,ArBAAsAAsBr,61.617574645239266
N=C1C=CC(=O)N1,N=C1C=CC(=O)N1,-1234.76,O=C1C=CC(=N)N1,D~ArA~AA{~B}Dr,46.436725010072074
CC[N][CH]N(C)O,CC[N][CH]N(C)O,-1569.14,C([N][CH]N(O)C)C,AA{D}{AQ}D{A}B,65.14727606428222
NC1CC(N)C1O,NC1CC(N)C1O,-1590.07,C1(O)C(N)CC1N,DArAA{D}ArB,66.31843412865393
C#CC1(N)CCC1,C#CC1(N)CCC1,-1611.47,C1CCC1(N)C#C,A^AAr{D}AAAr,67.5158914902189
CC1OC1C(N)=O,CC1OC1C(N)=O,-1407.06,NC(=O)C1C(C)O1,AArBArA{D}~B,56.07793544921438
C#CC(O)C(N)=O,C#CC(O)C(N)=O,-1489.79,OC(C(N)=O)C#C,A^AA{B}A{D}~B,60.70717131474103
O=C1CNC2CC12,O=C1CNC2CC12,-1534.68,N1C2C(C2)C(=O)C1,B~ArADAsAArs,63.219033976453744
N=C(N)C#CC=O,N=C(N)C#CC=O,-2192.0,C(C(=N)N)#CC=O,D~A{D}A^AA~B,100.0
O=C1CC=CN1,O=C1CC=CN1,-1193.68,C1=CCC(=O)N1,B~ArAA~ADr,44.13805452347912
C=COC(=C)CO,C=COC(=C)CO,-1502.54,C=C(CO)OC=C,A~ABA{~A}AB,61.420609696047265
CCOC(C)OC,CCOC(C)OC,-1785.2,C(C)OC(C)OC,AABA{A}BA,77.23711893997047
C#CCNC=O,C#CCNC=O,-1151.39,C(=O)NCC#C,A^AADA~B,41.771677335601424
O=CC=CC1CN1,O=CC=CC1CN1,-1571.0,O=CC=CC1NC1,B~AA~AArADr,65.25135413402569
N#CC=C(N)CO,N#CC=C(N)CO,-1274.29,C(N)(=CC#N)CO,D^AA~A{D}AB,48.64866377187878
Cc1c[nH]c(C)c1,Cc1c[nH]c(C)c1,-1779.98,c1c(C)c[nH]c1C,Aara{dQ}a{A}ar,76.94502887327097
CC=C(CC)OC,CC=C(CC)OC,-1844.17,COC(=CC)CC,AA~A{AA}BA,80.53684139845114
CC1=CCNC1C,CC1=CCNC1C,-1787.4,N1C(C)C(C)=CC1,AAr~AADArA,77.36022203321546
CN(C)CCCO,CN(C)CCCO,-1851.04,C(CO)CN(C)C,AD{A}AAAB,80.92125878508439
CCC1OC=CO1,CCC1OC=CO1,-1517.58,C1=COC(CC)O1,AAArBA~ABr,62.26218720623125
OCC1CCO1,OCC1CCO1,-1347.5,OCC1OCC1,BAArAABr,52.74519897936345
CC#CCN,CC#CCN,-1174.66,C(#CC)CN,AA^AAD,43.07377232642465
C1CC1CC1CC1,C1CC1CC1CC1,-1897.37,C1C(CC2CC2)C1,ArAArAArAAr,83.51369801692107
Cc1occc1N,Cc1occc1N,-1475.01,c1(C)occc1N,AarbaaarD,59.88014235194056
NC(=O)NC1CC1,NC(=O)NC1CC1,-1494.41,C1CC1NC(N)=O,DA{~B}DArAAr,60.96568781055554
C[CH][N][N][CH]C#N,C[CH][N][N][CH]C#N,-1252.2,[CH]([N][N][CH]C#N)C,A{AQ}{D}{D}{AQ}A^D,47.412596803796056
C1=NCC2CCN12,C1=NCC2CCN12,-1520.53,N1=CN2CCC2C1,Ar~DAAsAADrs,62.42725726308252
COc1cc[nH]n1,COc1cc[nH]n1,-1343.03,c1(OC)cc[nH]n1,ABaraa{dQ}dr,52.49507587627021
O=C1CC2CN2N1,O=C1CC2CN2N1,-1920.23,C1C(=O)NN2CC12,B~ArAAsADsDr,84.79285106763956
C1OC2CC(C2)O1,C1OC2CC(C2)O1,-1499.33,O1COC2CC1C2,ArBAsAA{As}Br,61.24099109181252
Nc1ccsc1N,Nc1ccsc1N,-1246.53,c1c(N)c(N)sc1,DaraaearD,47.09532655893281
CC1CC2CC2N1,CC1CC2CC2N1,-1785.3,N1C2CC2CC1C,AArAAsAAsDr,77.24271453511795
C#CC1NCC1O,C#CC1NCC1O,-1319.54,C1NC(C#C)C1O,A^AArDAArB,51.18067057612248
CCCN(C)C=N,CCCN(C)C=N,-1797.33,C(N(C=N)C)CC,AAAD{A}A~D,77.91586463136218
C=COCCCC,C=COCCCC,-1846.22,O(CCCC)C=C,A~ABAAAA,80.65155109897489
CCC=CC(N)=O,CCC=CC(N)=O,-1619.98,C(N)(C=CCC)=O,AAA~AA{D}~B,67.99207663727114
CC#CC#CC=O,CC#CC#CC=O,-1260.65,C(=O)C#CC#CC,AA^AA^AA~B,47.8854245937598
CC1COC1CO,CC1COC1CO,-1646.83,C1C(C)C(CO)O1,AArABArAB,69.49449393437486
CC1OCC1CO,CC1OCC1CO,-1645.94,C1(CO)C(C)OC1,AArBAArAB,69.44469313756211
[CH2][N]OCC(C)N,[CH2][N]OCC(C)N,-1565.05,C(C(C)N)O[N][CH2],{AQs}{D}BAA{A}D,64.91841622274946
[CH2][N]OC1CC1,[CH2][N]OC1CC1,-1248.65,O([N][CH2])C1CC1,{AQs}{D}BArAAr,47.21395317605982
C=COC(C)CN,C=COC(C)CN,-1717.64,C(N)C(OC=C)C,A~ABA{A}AD,73.45673485831955
CC1CC(C#N)C1,CC1CC(C#N)C1,-1656.48,C1(C)CC(C#N)C1,AArAA{A^D}Ar,70.0344688661086
CCC(=O)C(C)O,CCC(=O)C(C)O,-1672.59,CC(O)C(=O)CC,AAA{~B}A{A}B,70.93591924437084
O=C1C=CNCC1,O=C1C=CNCC1,-1368.94,C1(=O)C=CNCC1,B~ArA~ADAAr,53.94489457898742
C#CCCC1CN1,C#CCCC1CN1,-1769.89,C1(CCC#C)NC1,A^AAAArADr,76.38043332288824
C=CC(OC)OC,C=CC(OC)OC,-1634.75,O(C)C(C=C)OC,A~AA{BA}BA,68.81854604055687
C=CCNC(C)=N,C=CCNC(C)=N,-1664.72,N(C(C)=N)CC=C,A~AADA{A}~D,70.4955459062626
C=CC1=NN=CC1,C=CC1=NN=CC1,-1525.09,C(=C)C1=NN=CC1,A~AAr~DD~AAr,62.6824164018085
C#CC(C)(O)CO,C#CC(C)(O)CO,-1494.09,CC(C#C)(O)CO,A^AA{A}{B}AB,60.947781906083534
CC(C)=CC1CC1,CC(C)=CC1CC1,-1904.48,C(=CC1CC1)(C)C,AA{A}~AArAAr,83.91154483190833
C#CC(N)C#C,C#CC(N)C#C,-1158.3,C(#C)C(C#C)N,A^AA{D}A^A,42.15833296029366
CC1(C)CC1CO,CC1(C)CC1CO,-1847.74,C1(CO)CC1(C)C,AAr{A}AArAB,80.73660414521689
CN1CC(N)C1=O,CN1CC(N)C1=O,-1477.71,C1(=O)N(C)CC1N,ADrAA{D}Ar~B,60.031223420923055
C=C(C)CC(N)=O,C=C(C)CC(N)=O,-1618.54,NC(CC(=C)C)=O,A~A{A}AA{D}~B,67.91150006714713
COC(C)=CC#N,COC(C)=CC#N,-1457.72,C(=CC#N)(OC)C,ABA{A}~AA^D,58.912663950937834
CCC1CCC1O,CCC1CCC1O,-1848.73,C1(O)C(CC)CC1,AAArAAArB,80.79200053717715
C=C(C)CC(=O)O,C=C(C)CC(=O)O,-1545.31,C(=O)(CC(=C)C)O,A~A{A}AA{~B}B,63.81384574063297
C=CC1CC1C=O,C=CC1CC1C=O,-1571.73,C1(C=C)C(C=O)C1,A~AArAArA~B,65.29220197860244
C#CC(C)(O)C=C,C#CC(C)(O)C=C,-1545.88,OC(C=C)(C#C)C,A^AA{A}{B}A~A,63.84574063297373
C#CC(CC)CC,C#CC(CC)CC,-1891.5,C(C(CC)C#C)C,A^AA{AA}AA,83.18523658176284
C=C(C=O)CCC,C=C(C=O)CCC,-1722.74,CCCC(C=O)=C,A~A{A~B}AAA,73.74211021084203
CC1(O)CC(=O)C1,CC1(O)CC(=O)C1,-1527.51,O=C1CC(O)(C)C1,AAr{B}AA{~B}Ar,62.81782980437801
Cc1ccc(N)s1,Cc1ccc(N)s1,-1449.89,c1c(C)sc(N)c1,Aaraaa{D}er,58.4745288508886
C1CN1,C1CN1,-725.93,C1NC1,ArADr,17.96465822104839
CC=CC(=O)OC,CC=CC(=O)OC,-1540.83,C(C)=CC(=O)OC,AA~AA{~B}BA,63.56316307802498
CC(=O)CC#N,CC(=O)CC#N,-1178.33,N#CCC(C)=O,AA{~B}AA^D,43.279130668337885
C1=COC=NOC1,C1=COC=NOC1,-1221.64,O1C=NOCC=C1,Ar~ABA~DBAr,45.7025829267201
OCCC1CN1,OCCC1CN1,-1417.04,C1NC1CCO,BAAArADr,56.63637584493487
CC(C)CC(C)O,CC(C)CC(C)O,-1995.12,CC(CC(C)O)C,AA{A}AA{A}B,88.9833922736022
C=C[CH]C=C[N]N,C=C[CH]C=C[N]N,-1505.19,[CH](C=C)C=C[N]N,A~A{AQ}A~A{D}D,61.56889296745602
C=C1CNC(C)C1,C=C1CNC(C)C1,-1426.9,CC1NCC(=C)C1,A~ArADA{A}Ar,57.18810152647837
[CH2]C(=C[N]O)CC,[CH2]C(=C[N]O)CC,-1566.5,CCC(=C[N]O)[CH2],{AQs}A{~A{D}B}AA,64.99955235238819
O=C1CNCC1O,O=C1CNCC1O,-1591.66,C1(=O)C(O)CNC1,B~ArADAArB,66.40740409149919
C#CC(=O)C(C)C,C#CC(=O)C(C)C,-1563.68,CC(C)C(C#C)=O,A^AA{~B}A{A}A,64.84175656922872
C1CC1C1CC1,C1CC1C1CC1,-1600.75,C1C(C2CC2)C1,ArAArArAAr,66.91604369040691
C#CC1C(C)C1C,C#CC1C(C)C1C,-1360.81,C1(C)C(C)C1C#C,A^AArA{A}ArA,53.48997269349568
C,C,-417.96,C,A,0.7319038452929845
Nc1[nH]ccc1O,Nc1[nH]ccc1O,-1352.8,Oc1c(N)[nH]cc1,Dar{dQ}aaarB,53.041765522180945
CC1CN1C,CC1CN1C,-1315.9,C1N(C)C1C,AArADrA,50.97699091275349
NC1CC1CCO,NC1CC1CCO,-1718.54,C(CO)C1CC1N,DArAArAAB,73.50709521464704
C#CC#CC=O,C#CC#CC=O,-955.38,C(#CC=O)C#C,A^AA^AA~B,30.803751286986884
CC(C)(O)[CH][N]O,CC(C)(O)[CH][N]O,-1508.07,CC(O)([CH][N]O)C,AA{A}{B}{AQ}{D}B,61.73004610770402
Oc1ccsc1,Oc1ccsc1,-1077.68,c1cscc1O,Baraaear,37.64716415237925
C=COCC=CC,C=COCC=CC,-1703.05,C(C)=CCOC=C,A~ABAA~AA,72.6403375262993
C=CCN[N][CH]C,C=CCN[N][CH]C,-1634.06,[N]([CH]C)NCC=C,A~AAD{D}{AQ}A,68.77993643403912
CC(C)C1CN1,CC(C)C1CN1,-1617.95,N1C(C(C)C)C1,AA{A}ArADr,67.8784860557769
N#CC1CN=CN1,N#CC1CN=CN1,-1281.77,N#CC1NC=NC1,D^AArAD~ADr,49.06721428891177
C1=CC2CC2CC1,C1=CC2CC2CC1,-1917.42,C1=CC2C(CC1)C2,Ar~AAsAAsAAr,84.63561484399482
c1ccoc1,c1ccoc1,-1006.35,c1cocc1,araabar,33.65582613366758
C=CC(=N)NC=O,C=CC(=N)NC=O,-1350.15,N=C(NC=O)C=C,A~AA{~D}DA~B,52.8934822507722
CNCC(C)C#N,CNCC(C)C#N,-1665.68,N(CC(C)C#N)C,ADAA{A}A^D,70.5492636196786
C1COC2CC2C1,C1COC2CC2C1,-1710.51,C1CCOC2CC12,ArABAsAAsAr,73.0577689243028
C=CCC(O)C#N,C=CCC(O)C#N,-1456.81,C(#N)C(O)CC=C,A~AAA{B}A^D,58.86174403509557
C1C2OC2C2OC12,C1C2OC2C2OC12,-1359.16,C12C3OC3CC1O2,ArAsBAsAsBArs,53.39764537356194
CCCOCC,CCCOCC,-1690.79,C(OCC)CC,AAABAA,71.9543175612158
CCCC=CC#N,CCCC=CC#N,-1660.91,C(C)CC=CC#N,AAAA~AA^D,70.28235373114286
C=CC(C)=CC,C=CC(C)=CC,-1615.41,CC=C(C)C=C,A~AA{A}~AA,67.73635793903041
C#CC(C)=NOC,C#CC(C)=NOC,-1398.71,N(=C(C)C#C)OC,A^AA{A}~DBA,55.61070325439814
CC1OC1(C)C,CC1OC1(C)C,-1552.8,O1C(C)C1(C)C,AArBAr{A}A,64.23295581718072
CC=CC(O)CN,CC=CC(O)CN,-1725.7,CC=CC(CN)O,AA~AA{B}AD,73.90773982720805
NC1C=CC2NC12,NC1C=CC2NC12,-1514.99,C1=CC2C(N2)C1N,DArA~AAsDArs,62.11726129191102
CC=CC(C)CO,CC=CC(C)CO,-1852.14,C(CO)(C=CC)C,AA~AA{A}AB,80.9828103317069
CC(C)=COC=O,CC(C)=COC=O,-1536.8,C(=C(C)C)OC=O,AA{A}~ABA~B,63.337660593580736
CCCONC=O,CCCONC=O,-1512.49,N(OCCC)C=O,AAABDA~B,61.97737141322352
C#CCC[CH][N]N,C#CCC[CH][N]N,-1478.87,[N](N)[CH]CCC#C,A^AAA{AQ}{D}D,60.096132324634034
CNCC[CH][N]O,CNCC[CH][N]O,-1569.91,O[N][CH]CCNC,ADAA{AQ}{D}B,65.19036214691796
CCC(C)C(C)C,CCC(C)C(C)C,-1230.86,C(C(C)C(C)C)C,AAA{A}A{A}A,46.21849679931957
COCC1(O)CC1,COCC1(O)CC1,-1638.95,C1(COC)(O)CC1,ABAAr{B}AAr,69.05356103675189
CCO[N][CH]NC,CCO[N][CH]NC,-1572.65,[CH]([N]OCC)NC,AAB{D}{AQ}DA,65.34368145395945
CC1CC(C)C1O,CC1CC(C)C1O,-1850.31,C1(O)C(C)CC1C,AArAA{A}ArB,80.88041094050762
NC1C=CC=CC1,NC1C=CC=CC1,-1656.46,C1=CCC(N)C=C1,DArA~AA~AAr,70.0333497470791
CN=c1cc[nH]s1,CN=c1cc[nH]s1,-1310.14,c1c(=NC)s[nH]c1,AD~araa{dQ}er,50.6546846322575
O=CC1CC=CC1,O=CC1CC=CC1,-1593.63,C1=CCC(C=O)C1,B~AArAA~AAr,66.51763731590492
C#CCC,C#CCC,-1003.91,C(C)C#C,A^AAA,33.51929361206858
C1CC2(CO1)CO2,C1CC2(CO1)CO2,-1509.54,O1CC2(OC2)CC1,ArAAs{ABr}ABs,61.81230135637226
C1CC2CCC1C2,C1CC2CCC1C2,-1244.22,C1C2CCC1CC2,ArAAsAAArAs,46.966068311025566
C#CC(=O)O[N][CH2],C#CC(=O)O[N][CH2],-1073.75,[CH2][N]OC(C#C)=O,A^AA{~B}B{D}{AQs},37.4272572630825
COC1CC1,COC1CC1,-1242.47,C1(OC)CC1,ABArAAr,46.86814539594432
[CH2][N]NCC1CC1,[CH2][N]NCC1CC1,-1626.31,C1CC1CN[N][CH2],{AQs}{D}DAArAAr,68.34627781010788
CC(C)C1CC1C,CC(C)C1CC1C,-2047.3,CC1C(C(C)C)C1,AA{A}ArAArA,91.90317382156766
NC1C2CCNC12,NC1C2CCNC12,-1652.24,C1NC2C(C2N)C1,DArAsAADArs,69.79721563185461
[CH2][N]OC1COC1,[CH2][N]OC1COC1,-1343.02,C1OCC1O[N][CH2],{AQs}{D}BArABAr,52.49451631675545
COCCC=O,COCCC=O,-1355.73,C(=O)CCOC,ABAAA~B,53.20571646000269
C=CC(O)C=O,C=CC(O)C=O,-1222.74,C(=O)C(C=C)O,A~AA{B}A~B,45.76413447334259
CC(C)CCC=O,CC(C)CCC=O,-1861.9,C(C)(CCC=O)C,AA{A}AAA~B,81.52894041810288
C#CC=CC=C,C#CC=CC=C,-1316.15,C(C=CC#C)=C,A^AA~AA~A,50.99097990062224
C#CC(=O)CO,C#CC(=O)CO,-1068.2,OCC(=O)C#C,A^AA{~B}AB,37.11670173239626
NC12C=CC(C1)C2,NC12C=CC(C1)C2,-1622.65,C1C2C=CC1(N)C2,DArsA~AA{Ar}As,68.1414790277094
CC=CCCCC,CC=CCCCC,-2050.05,C(=CCCCC)C,AA~AAAAA,92.05705268812392
CC(=N)N(C)C=O,CC(=N)N(C)C=O,-1489.24,CN(C=O)C(C)=N,AA{~D}D{A}A~B,60.6763955414298
CCC1=NCCN1,CCC1=NCCN1,-1747.0,C1(CC)=NCCN1,AAAr~DAADr,75.09960159362551
CC1(O)C=NN=C1,CC1(O)C=NN=C1,-1317.48,C1=NN=CC1(O)C,AAr{B}A~DD~Ar,51.065401316083985
CC1CCN=CN1,CC1CCN=CN1,-1684.45,N1C=NCCC1C,AArAAD~ADr,71.59955682886434
CCNC1(C)CC1,CCNC1(C)CC1,-1913.05,C1(C)(NCC)CC1,AADAr{A}AAr,84.39108733604907
CC1OC1C=O,CC1OC1C=O,-1215.49,O=CC1OC1C,AArBArA~B,45.35845382514884
CC1OCC2NC21,CC1OCC2NC21,-1578.52,N1C2C1C(C)OC2,AArBAAsDAsr,65.67214288911768
C=CC(C)(C)NC,C=CC(C)(C)NC,-1911.6,CNC(C)(C)C=C,A~AA{A}{A}DA,84.3099512064103
CN(C)[N][CH]CO,CN(C)[N][CH]CO,-1569.11,CN([N][CH]CO)C,AD{A}{D}{AQ}AB,65.14559738573796
N=C1CCC=CN1,N=C1CCC=CN1,-1548.18,C1(=N)NC=CCC1,D~ArAAA~ADr,63.97443932136623
C=CC(=O)C1CC1,C=CC(=O)C1CC1,-1579.47,C(C(C1CC1)=O)=C,A~AA{~B}ArAAr,65.72530104301894
C#CC=CC#N,C#CC=CC#N,-1062.67,N#CC=CC#C,A^AA~AA^D,36.807265320739525
CC1(N)CC1CO,CC1(N)CC1CO,-1717.71,C1C(C)(N)C1CO,AAr{D}AArAB,73.46065177492278
CC1OC1C,CC1OC1C,-1254.21,CC1C(C)O1,AArBArA,47.5250682662608
CC1=CCCC1,CC1=CCCC1,-1631.75,C1=C(C)CCC1,AAr~AAAAr,68.65067818613187
[CH2][N]N1CC1CC,[CH2][N]N1CC1CC,-1914.75,N1([N][CH2])CC1CC,{AQs}{D}DrAArAA,84.48621245355656
CC#CS([O])([O])O,CC#CS([O])([O])O,-1934.67,C(#CS([O])(O)[O])C,AA^AE{{B}}{{B}}B,85.60085500693854
OC1(C2CO2)CC1,OC1(C2CO2)CC1,-1496.38,C1C(C2CO2)(O)C1,BAr{AsABs}AAr,61.07592103496128
C=CC=COC,C=CC=COC,-1409.41,C(=COC)C=C,A~AA~ABA,56.20943193518064
CC1CNS1(=O)=O,CC1CNS1(=O)=O,-1246.69,C1NS(=O)(=O)C1C,AArADEr{~B}~B,47.10427951116881
CC1CC(=O)C1,CC1CC(=O)C1,-1427.89,C1C(=O)CC1C,AArAA{~B}Ar,57.243497918438614
C=C(CO)CO,C=C(CO)CO,-1352.82,OCC(CO)=C,A~A{AB}AB,53.04288464121044
C=CC1=CCC=C1,C=CC1=CCC=C1,-1647.73,C1=C(C=C)C=CC1,A~AAr~AAA~Ar,69.54485429070236
C=C(C)CCC,C=C(C)CCC,-1754.03,CCCC(=C)C,A~A{A}AAA,75.49297193249474
C=CCN1CCC1,C=CCN1CCC1,-1761.47,C1CN(CC=C)C1,A~AADrAAAr,75.90928421146873
CC1CN(C)C1C,CC1CN(C)C1C,-1787.78,C1(C)N(C)CC1C,AArAD{A}ArA,77.38148529477596
C=CC(N)C1CO1,C=CC(N)C1CO1,-1568.22,C=CC(C1OC1)N,A~AA{D}ArABr,65.09579658892521
O=C1NCC2NC12,O=C1NCC2NC12,-1159.33,C12NC1C(=O)NC2,B~ArDAAsDArs,42.21596759031291
C=C(C=O)C1CN1,C=C(C=O)C1CN1,-1441.33,C(=C)(C1CN1)C=O,A~A{A~B}ArADr,57.995545906262585
CC#CCC#N,CC#CCC#N,-1207.02,C(C)#CCC#N,AA^AAA^D,44.88450691615561
COC1CC1(C)N,COC1CC1(C)N,-1707.6,O(C1CC1(N)C)C,ABArAAr{A}D,72.89493710551054
CCNCC#N,CCNCC#N,-1370.03,C(#N)CNCC,AADAA^D,54.00588656609517
CC1(C)OC=CO1,CC1(C)OC=CO1,-1522.11,C1=COC(C)(C)O1,AAr{A}BA~ABr,62.515667666413
CCNC1CC1,CCNC1CC1,-1616.39,C1C(NCC)C1,AADArAAr,67.79119477147592
CNC1CC1OC,CNC1CC1OC,-1699.17,O(C1C(NC)C1)C,ADArAArBA,72.4232284345763
C=CC(O)C(C)C,C=CC(O)C(C)C,-1849.15,CC(C)C(C=C)O,A~AA{B}A{A}A,80.81550203679664
NC1C2C=CC1O2,NC1C2C=CC1O2,-1411.07,C1=CC2OC1C2N,DArAsA~AArBs,56.302318814629125
CC(C)C#CCO,CC(C)C#CCO,-1694.24,C(C#CCO)(C)C,AA{A}A^AAB,72.14736559380457
C=C(C)C[CH][N]O,C=C(C)C[CH][N]O,-1563.71,[N](O)[CH]CC(C)=C,A~A{A}A{AQ}{D}B,64.84343524777296
CC(C)O,CC(C)O,-1107.82,C(C)(O)C,AA{A}B,39.333676529835714
C=CCC(=C)C#N,C=CCC(=C)C#N,-1358.14,N#CC(=C)CC=C,A~AAA{~A}A^D,53.34057030305745
NC1CC1(O)CO,NC1CC1(O)CO,-1522.9,OC1(CO)CC1N,DArAAr{B}AB,62.55987286807825
S=C1NC2CC2N1,S=C1NC2CC2N1,-1462.95,S=C1NC2C(C2)N1,E~ArDAsAAsDr,59.205313577152076
CNC(C)CC#N,CNC(C)CC#N,-1667.04,N#CCC(C)NC,ADA{A}AA^D,70.62536371368458
O=CC1CN1C=O,O=CC1CN1C=O,-1800.57,O=CN1C(C=O)C1,B~AArADrA~B,78.0971619141412
[NH][CH]N1CCC1,[NH][CH]N1CCC1,-1357.47,C1CN([CH][NH])C1,{DQ}{AQ}DrAAAr,53.303079815569184
Cc1cccn1N,Cc1cccn1N,-1333.28,n1(N)c(C)ccc1,AaraaadrD,51.949505349388964
NCCC1CNC1,NCCC1CNC1,-1777.89,C1(CCN)CNC1,DAAArADAr,76.82808093468823
C=CC=CC=C,C=CC=CC=C,-1474.75,C(C=C)=CC=C,A~AA~AA~A,59.86559380455705
CCCNCC,CCCNCC,-1762.03,C(C)CNCC,AAADAA,75.94061954429473
C#CC1CC(C)N1,C#CC1CC(C)N1,-1384.23,C1C(C#C)NC1C,A^AArAA{A}Dr,54.800461077040154
NCC1C=NOC1,NCC1C=NOC1,-1443.59,NCC1CON=C1,DAArA~DBAr,58.12200635659609
CC1OC(=O)C1C,CC1OC(=O)C1C,-1546.78,O=C1OC(C)C1C,AArBA{~B}ArA,63.89610098930123
C=CCNC=N,C=CCNC=N,-1361.99,C(=N)NCC=C,A~AADA~D,53.556000716236184
C[CH][N]OC(C)C,C[CH][N]OC(C)C,-1702.37,O(C(C)C)[N][CH]C,A{AQ}{D}BA{A}A,72.60228747929628
C=CC1=CCOC1,C=CC1=CCOC1,-1579.87,C1=C(C=C)COC1,A~AAr~AABAr,65.74768342360892
COC1CCC1,COC1CCC1,-1541.69,C1CCC1OC,ABArAAAr,63.61128519629348
CC(O)C=CCO,CC(O)C=CCO,-1652.29,OC(C=CCO)C,AA{B}A~AAB,69.80001342942835
CCOC(C)C#N,CCOC(C)C#N,-1593.91,N#CC(OCC)C,AABA{A}A^D,66.53330498231793
CNCC(C)N,CNCC(C)N,-1631.67,CC(N)CNC,ADAA{A}D,68.64620171001388
O[N][CH]C1CCN1,O[N][CH]C1CCN1,-1419.58,C1CC([CH][N]O)N1,B{D}{AQ}ArAADr,56.778503961681366
C=CC=C(C)C#N,C=CC=C(C)C#N,-2062.5,CC(C#N)=CC=C,A~AA~A{A}A^D,92.75370428398764
CC=C1CCOC1,CC=C1CCOC1,-1718.79,C1CC(=CC)CO1,AA~ArAABAr,73.52108420251578
COCC1CCO1,COCC1CCO1,-1634.58,C1COC1COC,ABAArAABr,68.80903352880613
OCC=CCCO,OCC=CCCO,-1649.99,C(O)CC=CCO,BAA~AAAB,69.67131474103587
CC1(CO)CC1O,CC1(CO)CC1O,-1646.88,C1(C)(CO)C(O)C1,AAr{AB}AArB,69.49729173194861
CC(C=O)C(N)=O,CC(C=O)C(N)=O,-1427.02,NC(=O)C(C)C=O,AA{A~B}A{D}~B,57.194816240655356
N#CC1CC(O)C1,N#CC1CC(O)C1,-1463.31,C(C1CC(O)C1)#N,D^AArAA{B}Ar,59.225457719683064
C#CCCC1CC1,C#CCCC1CC1,-1745.24,C1(CCC#C)CC1,A^AAAArAAr,75.00111911902951
C=COCC1CO1,C=COCC1CO1,-1493.27,O(C=C)CC1CO1,A~ABAArABr,60.901898025874026
CC1CCCC1,CC1CCCC1,-1769.38,C1(C)CCCC1,AArAAAAr,76.35189578763598
NCC1C=CCO1,NCC1C=CCO1,-1589.92,O1CC=CC1CN,DAArA~AABr,66.31004073593267
CCc1cnoc1,CCc1cnoc1,-1455.55,o1cc(CC)cn1,AAaradbar,58.79123953623708
C=C(C=O)C(C)=O,C=C(C=O)C(C)=O,-1395.52,C(=O)(C)C(C=O)=C,A~A{A~B}A{A}~B,55.432203769192895
C#CC(C)NC=N,C#CC(C)NC=N,-1501.13,C#CC(NC=N)C,A^AA{A}DA~D,61.34171180446753
C#Cc1ccco1,C#Cc1ccco1,-1302.02,c1c(C#C)occ1,A^Aaraaabr,50.2003223062805
CCC#C[CH][N]O,CCC#C[CH][N]O,-1409.25,O[N][CH]C#CCC,AAA^A{AQ}{D}B,56.20047898294463
C=C(C)OC=O,C=C(C)OC=O,-1236.4,C=C(OC=O)C,A~A{A}BA~B,46.52849277049108
C#C[CH][N]OC,C#C[CH][N]OC,-1097.08,[CH](C#C)[N]OC,A^A{AQ}{D}BA,38.73270961099423
N=CN1C=CCC1,N=CN1C=CCC1,-1537.44,C1=CN(C=N)CC1,D~ADrA~AAAr,63.37347240252473
C#CC(C)NC=O,C#CC(C)NC=O,-1449.08,C#CC(NC=O)C,A^AA{A}DA~B,58.42920453019383
CC1(C)CC=CO1,CC1(C)CC=CO1,-1726.64,C1=CCC(C)(C)O1,AAr{A}AA~ABr,73.96033842159454
CC(C)(C)C1CN1,CC(C)(C)C1CN1,-1768.31,CC(C)(C1CN1)C,AA{A}{A}ArADr,76.29202291955771
C#CC(C)C(=O)O,C#CC(C)C(=O)O,-1384.56,C(C(C#C)C)(=O)O,A^AA{A}A{~B}B,54.818926541026904
CC=COCCO,CC=COCCO,-1648.52,C(CO)OC=CC,AA~ABAAB,69.58905949236761
O=C1CCC2NC12,O=C1CCC2NC12,-1319.41,C1C(=O)C2NC2C1,B~ArAAAsDArs,51.17339630243074
Cc1ccoc1N,Cc1ccoc1N,-1477.93,c1cc(C)c(N)o1,AaraabarD,60.04353373024756
Cc1cc(C)on1,Cc1cc(C)on1,-1464.21,c1(C)onc(C)c1,Aaraa{A}bdr,59.275818076010566
C=C(C)C#N,C=C(C)C#N,-1065.62,CC(C#N)=C,A~A{A}A^D,36.97233537759075
CCC(=O)CC#N,CCC(=O)CC#N,-1474.1,C(CC)(=O)CC#N,AAA{~B}AA^D,59.8292224360983
CCC1(O)CC1N,CCC1(O)CC1N,-1719.6,OC1(CC)CC1N,AAAr{B}AArD,73.56640852321051
CCCC1CO1,CCCC1CO1,-1545.42,CCCC1OC1,AAAArABr,63.82000089529523
CC1=NCCCN1,CC1=NCCCN1,-1804.67,N1C(C)=NCCC1,AAr~DAAADr,78.32658131518869
C=C1CCC2OC12,C=C1CCC2OC12,-1568.85,O1C2C1C(=C)CC2,A~ArAAAsBArs,65.13104883835445
CC1=CCC(O)C1,CC1=CCC(O)C1,-1731.09,C1C(O)CC=C1C,AAr~AAA{B}Ar,74.20934240565828
NCC1CC1CO,NCC1CC1CO,-1717.26,OCC1CC1CN,DAArAArAB,73.43547159675903
CCC1=N[N]O[CH]1,CCC1=N[N]O[CH]1,-1321.07,N1=C(CC)[CH]O[N]1,AAAr~D{D}B{AQ}r,51.26628318187923
Nc1csc(O)c1,Nc1csc(O)c1,-1440.98,c1(O)cc(N)cs1,Daraea{B}ar,57.97596132324634
CC(C)=NN(C)C,CC(C)=NN(C)C,-1771.21,N(N(C)C)=C(C)C,AA{A}~DD{A}A,76.45429517883522
C[CH][N]OC,C[CH][N]OC,-1105.28,O([N][CH]C)C,A{AQ}{D}BA,39.191548413089215
C1C2CC1C1CC21,C1C2CC1C1CC21,-1741.42,C12C3CC(C1C2)C3,ArAsAArArAAsr,74.78736738439501
CC1CC(=O)C1C,CC1CC(=O)C1C,-1725.4,C1C(C)C(C)C1=O,AArAA{~B}ArA,73.89095304176553
C1=CC2CCC1N2,C1=CC2CCC1N2,-1653.9,C12C=CC(CC1)N2,Ar~AAsAAArDs,69.89010251130311
C=CC(=C)COC,C=CC(=C)COC,-1698.18,O(C)CC(=C)C=C,A~AA{~A}ABA,72.36783204261606
[CH2][N]N(C)CC,[CH2][N]N(C)CC,-1467.09,CN([N][CH2])CC,{AQs}{D}D{A}AA,59.43697121625856
NC1CCCC1N,NC1CCCC1N,-1809.1,C1(N)C(N)CCC1,DArAAAArD,78.57446618022291
CC(C)(C=O)C=O,CC(C)(C=O)C=O,-1528.92,O=CC(C)(C=O)C,AA{A}{A~B}A~B,62.89672769595774
CNC(C)C(N)=O,CNC(C)C(N)=O,-1625.88,CC(NC)C(=O)N,ADA{A}A{D}~B,68.32221675097364
CC1C=CC2CN12,CC1C=CC2CN12,-1413.76,N12C(C=CC1C)C2,AArA~AAsADrs,56.452840324096876
O=CN1CCCO1,O=CN1CCCO1,-1357.61,O1CCCN1C=O,B~ADrAAABr,53.31091364877568
C=C1COC(=O)N1,C=C1COC(=O)N1,-1300.24,C1(=O)NC(=C)CO1,A~ArABA{~B}Dr,50.100720712655004
CC#CC1CN1,CC#CC1CN1,-1320.97,C1C(C#CC)N1,AA^AArADr,51.26068758673173
C=CN(C=O)NC,C=CN(C=O)NC,-1457.02,C=CN(NC)C=O,A~AD{A~B}DA,58.87349478490532
C#CC#CC#C,C#CC#CC#C,-981.05,C(#C)C#CC#C,A^AA^AA^A,32.2401405613501
CNc1cccs1,CNc1cccs1,-1311.57,c1csc(NC)c1,ADaraaaer,50.73470164286674
CC(=O)CC(C)C,CC(=O)CC(C)C,-1869.34,CC(CC(C)=O)C,AA{~B}AA{A}A,81.94525269707687
C#Cc1cc[nH]n1,C#Cc1cc[nH]n1,-1659.01,c1cc(C#C)n[nH]1,A^Aaraa{dQ}dr,70.17603742334036
C1OC1C1CO1,C1OC1C1CO1,-1191.44,C1(C2CO2)CO1,ArBArArABr,44.01271319217512
C=CC(=N)NC,C=CC(=N)NC,-1366.25,N=C(NC)C=C,A~AA{~D}DA,53.79437306951968
C#CC(C)(C)C#C,C#CC(C)(C)C#C,-1586.9,C#CC(C)(C#C)C,A^AA{A}{A}A^A,66.14105376247818
C=C1CONC1=O,C=C1CONC1=O,-1246.0,C1(=C)CONC1=O,A~ArABDAr~B,47.06566990465106
C#CCS(C)(=O)=O,C#CCS(C)(=O)=O,-1362.13,O=S(C)(CC#C)=O,A^AAE{A}{~B}~B,53.56383454944269
C#CCNC=N,C#CCNC=N,-1208.21,N(C=N)CC#C,A^AADA~D,44.95109449841085
CCS([O])([O])OC,CCS([O])([O])OC,-1453.83,CCS(OC)([O])[O],AAE{{B}}{{B}}BA,58.694995299700075
[NH][C]1NC=CC1O,[NH][C]1NC=CC1O,-1298.63,C1=CC(O)[C]([NH])N1,{DQ}{A}rDA~AArB,50.01063163078026
C=C(C#CC)CN,C=C(C#CC)CN,-1503.27,C(C)#CC(=C)CN,A~A{A^AA}AD,61.46145754062402
CC(CO)C1CO1,CC(CO)C1CO1,-1643.22,O1C(C(CO)C)C1,AA{AB}ArABr,69.29249294955012
C=CC(=O)N(C)C,C=CC(=O)N(C)C,-1600.79,C(N(C)C)(C=C)=O,A~AA{~B}D{A}A,66.9182819284659
CCC(CC)=NO,CCC(CC)=NO,-1708.82,C(C(=NO)CC)C,AAA{AA}~DB,72.96320336631004
CC1CCNC1C,CC1CCNC1C,-1304.18,CC1NCCC1C,AArAADArA,50.3211871614665
C=CCC(C)C=C,C=CCC(C)C=C,-1902.2,C(CC=C)(C)C=C,A~AAA{A}A~A,83.78396526254535
O=CNN1CCC1,O=CNN1CCC1,-1167.58,N1(NC=O)CCC1,B~ADDrAAAr,42.67760418998165
CC(C)C1COC1,CC(C)C1COC1,-1842.0,C1C(C(C)C)CO1,AA{A}ArABAr,80.41541698375039
Oc1cc[nH]c1O,Oc1cc[nH]c1O,-1337.6,Oc1c(O)cc[nH]1,Baraa{dQ}arB,52.19123505976095
C=CC(C=C)OC,C=CC(C=C)OC,-1692.18,C=CC(OC)C=C,A~AA{A~A}BA,72.03209633376608
CCCNCCN,CCCNCCN,-1927.87,NCCNCCC,AAADAAD,85.22035453690853
C#CC(CO)NC,C#CC(CO)NC,-1555.34,CNC(CO)C#C,A^AA{AB}DA,64.37508393392721
CC1(C2CC2)CC1,CC1(C2CC2)CC1,-1897.56,C1CC1(C1CC1)C,AAr{AsAAs}AAr,83.52432964770132
CNCC=O,CNCC=O,-1131.72,C(=O)CNC,ADAA~B,40.67102377008819
[CH2][N]NC(C)(C)C,[CH2][N]NC(C)(C)C,-1777.47,CC(C)(C)N[N][CH2],{AQs}{D}DA{A}{A}A,76.80457943506872
C=C1C=NOCC1,C=C1C=NOCC1,-1431.6,C1CON=CC1=C,A~ArA~DBAAr,57.451094498410846
C1CC2CC2N1,C1CC2CC2N1,-1485.76,C12CCNC1C2,ArAAsAAsDr,60.481668830296805
C#CC(C)=COC,C#CC(C)=COC,-1548.03,C(=C(C)C#C)OC,A^AA{A}~ABA,63.96604592864498
C#CC(N)CNC,C#CC(N)CNC,-1625.13,CNCC(N)C#C,A^AA{D}ADA,68.28024978736738
CCNCCC#N,CCNCCC#N,-1667.61,N(CC)CCC#N,AADAAA^D,70.65725860602534
C=CN(O)C(C)=O,C=CN(O)C(C)=O,-1384.44,C(=O)(C)N(C=C)O,A~AD{B}A{A}~B,54.812211826849904
CC=CC(=N)NO,CC=CC(=N)NO,-1440.53,N=C(NO)C=CC,AA~AA{~D}DB,57.9507811450826
CC(C)C1CC1O,CC(C)C1CC1O,-1843.18,C(C1CC1O)(C)C,AA{A}ArAArB,80.48144500649092
CCC(CN)NC,CCC(CN)NC,-1924.57,C(C(NC)CC)N,AAA{AD}DA,85.03569989704106
CCOCCN,CCOCCN,-1561.49,C(CN)OCC,AABAAD,64.71921303549847
C=CC(=O)C#CC,C=CC(=O)C#CC,-1427.95,C(#CC)C(C=C)=O,A~AA{~B}A^AA,57.24685527552711
O=C1CNC1,O=C1CNC1,-993.7,N1CC(=O)C1,B~ArADAr,32.947983347508845
CNCC1COC1,CNCC1COC1,-1705.49,C1(CNC)COC1,ADAArABAr,72.77687004789831
C=C(C)C(C)=O,C=C(C)C(C)=O,-1432.27,CC(C(=C)C)=O,A~A{A}A{A}~B,57.488584985899095
CC(=O)N(C)C=N,CC(=O)N(C)C=N,-1490.19,CC(N(C=N)C)=O,AA{~B}D{A}A~D,60.72955369533104
C=CC1CCC1=O,C=CC1CCC1=O,-1575.81,C1(=O)C(C=C)CC1,A~AArAAAr~B,65.52050226062043
O=C1CC=CO1,O=C1CC=CO1,-1115.25,C1(=O)CC=CO1,B~ArAA~ABr,39.749429249294955
CNC1C(C)C1N,CNC1C(C)C1N,-1781.56,C1(NC)C(N)C1C,ADArA{A}ArD,77.03343927660144
C#CC(O)CC,C#CC(O)CC,-1395.64,CCC(O)C#C,A^AA{B}AA,55.4389184833699
C#CC([CH2])=C[N]O,C#CC([CH2])=C[N]O,-1098.8,O[N]C=C(C#C)[CH2],A^AA{{AQs}}~A{D}B,38.828953847531224
C1=NC2CCC2N1,C1=NC2CCC2N1,-1531.9,N1=CNC2C1CC2,Ar~DAsAAAsDr,63.063476431353244
CCC1CN=CN1,CCC1CN=CN1,-1372.06,C(C1CN=CN1)C,AAArAD~ADr,54.11947714758942
CC1(C)CNC1=O,CC1(C)CNC1=O,-1613.34,CC1(C)C(=O)NC1,AAr{A}ADAr~B,67.62052911947715
C#CCCC(=O)O,C#CCCC(=O)O,-1385.49,C(#C)CCC(O)=O,A^AAAA{~B}B,54.87096557589866
OC1CNCC1O,OC1CNCC1O,-1470.43,OC1C(O)CNC1,BArADAArB,59.623864094185066
CC1C2CCC1O2,CC1C2CCC1O2,-1707.74,O1C2CCC1C2C,AArAsAAArBs,72.90277093871705
C=C1C=NN=C1,C=C1C=NN=C1,-1082.2,N1=CC(=C)C=N1,A~ArA~DD~Ar,37.90008505304625
Cc1nocc1N,Cc1nocc1N,-1330.68,o1nc(C)c(N)c1,AardbaarD,51.80401987555397
OCC1=CCCC1,OCC1=CCCC1,-1725.97,C1CC=C(CO)C1,BAAr~AAAAr,73.92284793410627
Cc1cc(=O)o[nH]1,Cc1cc(=O)o[nH]1,-1267.33,[nH]1c(C)cc(=O)o1,Aaraa{~B}b{dQ}r,48.259210349612786
CCO[N][CH]CN,CCO[N][CH]CN,-1569.61,[N]([CH]CN)OCC,AAB{D}{AQ}AD,65.17357536147546
C=CC(C=C)NC,C=CC(C=C)NC,-1766.81,C=CC(NC)C=C,A~AA{A~A}DA,76.20808899234521
C1=CC2CC2OC1,C1=CC2CC2OC1,-1569.15,C12CC1OCC=C2,Ar~AAsAAsBAr,65.14783562379695
C=C1CCC2NC12,C=C1CCC2NC12,-1514.86,C=C1CCC2NC21,A~ArAAAsDArs,62.109987018219265
C#CCC(=C)CC,C#CCC(=C)CC,-1747.73,C(C#C)C(CC)=C,A^AAA{~A}AA,75.14044943820225
C=COCC#N,C=COCC#N,-1151.59,N#CCOC=C,A~ABAA^D,41.78286852589641
CC1CCOCC1,CC1CCOCC1,-1862.81,C1OCCC(C)C1,AArAABAAr,81.5798603339451
O=C1C2CCC1N2,O=C1C2CCC1N2,-1577.48,N1C2C(=O)C1CC2,B~ArAsAAArDs,65.61394869958369
C=C1C=C(C)CC1,C=C1C=C(C)CC1,-1791.48,C1C(=C)C=C(C)C1,A~ArA~A{A}AAr,77.58852231523345
CC=CN=CNO,CC=CN=CNO,-1436.2,C(NO)=NC=CC,AA~AD~ADB,57.708491875195854
CCC(C)=CC=O,CCC(C)=CC=O,-1724.6,O=CC=C(C)CC,AAA{A}~AA~B,73.84618828058551
N#CCNCC=O,N#CCNCC=O,-1661.49,C(=O)CNCC#N,D^AADAA~B,70.31480818299836
C#CC(C=C)CO,C#CC(C=C)CO,-1543.28,C(O)C(C=C)C#C,A^AA{A~A}AB,63.700255159138734
C#CC(C)C(=C)C,C#CC(C)C(=C)C,-1748.27,CC(C(C)=C)C#C,A^AA{A}A{~A}A,75.17066565199875
N=C1CC=CN1O,N=C1CC=CN1O,-1445.0,C1=CN(O)C(=N)C1,D~ArAA~ADrB,58.20090424817583
CCC(=O)N(C)O,CCC(=O)N(C)O,-1523.34,CCC(N(C)O)=O,AAA{~B}D{A}B,62.584493486727254
C=C(C)N(C)C=N,C=C(C)N(C)C=N,-1655.91,N(C=N)(C)C(C)=C,A~A{A}D{A}A~D,70.00257397376787
CC12CCCC1N2,CC12CCCC1N2,-1788.35,N1C2C1(C)CCC2,AArsAAAArDs,77.41338018711669
CC(N)C1(O)CC1,CC(N)C1(O)CC1,-1720.2,C(N)(C1(O)CC1)C,AA{D}Ar{B}AAr,73.59998209409555
C=C(CN)C1CN1,C=C(CN)C1CN1,-1639.72,C=C(CN)C1NC1,A~A{AD}ArADr,69.09664711938763
O=C(CO)N1CC1,O=C(CO)N1CC1,-1276.37,O=C(N1CC1)CO,B~A{AB}DrAAr,48.76505215094677
CCC1=NOCO1,CCC1=NOCO1,-1380.68,C(C1=NOCO1)C,AAAr~DBABr,54.60181744930391
COC(C)(C)C,COC(C)(C)C,-1689.69,CC(OC)(C)C,ABA{A}{A}A,71.89276601459332
CC(CO)C1CC1,CC(CO)C1CC1,-1846.74,C1CC1C(CO)C,AA{AB}ArAAr,80.68064819374189
CCC=CC1CO1,CCC=CC1CO1,-1695.5,C1(C=CCC)CO1,AAA~AArABr,72.21787009266305
C=COCCNC,C=COCCNC,-1710.8,C(COC=C)NC,A~ABAADA,73.07399615023054
O=CC=CCC=O,O=CC=CCC=O,-1390.93,C(CC=O)=CC=O,B~AA~AAA~B,55.17536595192265
C=CCC(=O)CO,C=CCC(=O)CO,-1524.47,OCC(=O)CC=C,A~AAA{~B}AB,62.64772371189401
CC#CC(=O)O,CC#CC(=O)O,-1092.62,OC(=O)C#CC,AA^AA{~B}B,38.483146067415724
CC1=CCCCC1,CC1=CCCCC1,-1929.19,C1(C)=CCCCC1,AAr~AAAAAr,85.29421639285555
CC(C)OC(C)C,CC(C)OC(C)C,-1989.7,O(C(C)C)C(C)C,AA{A}BA{A}A,88.68011101660775
C=CC(=NC)NC,C=CC(=NC)NC,-1656.1,C(C=C)(NC)=NC,A~AA{~DA}DA,70.01320560454809
CNC1CC1(C)O,CNC1CC1(C)O,-1713.98,C1C(C)(O)C1NC,ADArAAr{A}B,73.25193607592104
C=CC1CN1,C=CC1CN1,-1173.81,C(=C)C1NC1,A~AArADr,43.02620976767089
C#CC(N)CC,C#CC(N)CC,-1465.19,C(C(CC)N)#C,A^AA{D}AA,59.33065490845607
C#CC1=NCCN1,C#CC1=NCCN1,-1562.75,N1=C(C#C)NCC1,A^AAr~DAADr,64.78971753435695
Cc1cnn(O)c1,Cc1cnn(O)c1,-1313.78,c1c(C)cn(O)n1,Aaradd{B}ar,50.85836429562649
C=COC[CH][N]N,C=COC[CH][N]N,-1432.72,C([CH][N]N)OC=C,A~ABA{AQ}{D}D,57.51376516406286
C=C1C=NN=C1C,C=C1C=NN=C1C,-1520.58,N1=C(C)C(=C)C=N1,A~ArA~DD~ArA,62.430055060656244
C=CC=COC=O,C=CC=COC=O,-1392.94,C(OC=CC=C)=O,A~AA~ABA~B,55.2878374143874
CC(C)OCC#N,CC(C)OCC#N,-1591.14,C(C)(C)OCC#N,AA{A}BAA^D,66.37830699673219
N#C[CH][N]N1CC1,N#C[CH][N]N1CC1,-1228.07,C(#N)[CH][N]N1CC1,D^A{AQ}{D}DrAAr,46.06237969470433
CC#CC(C)OC,CC#CC(C)OC,-1686.97,C(C)#CC(OC)C,AA^AA{A}BA,71.74056582658133
NCCC1CC1O,NCCC1CC1O,-1712.95,C1(CCN)CC1O,DAAArAArB,73.1943014459018
N#CC1=CCCO1,N#CC1=CCCO1,-1328.72,C1=C(C#N)OCC1,D^AAr~AAABr,51.69434621066297
C=C(C)OC(C)C,C=C(C)OC(C)C,-1851.8,C=C(OC(C)C)C,A~A{A}BA{A}A,80.96378530820539
C1COCCOC1,C1COCCOC1,-1651.27,C1COCCCO1,ArABAABAr,69.74293835892385
CC12CC=CC1C2,CC12CC=CC1C2,-1780.47,C1=CC2CC2(C)C1,AArsAA~AArAs,76.97244728949372
C#CC(=C)C1CC1,C#CC(=C)C1CC1,-1602.64,C1CC1C(=C)C#C,A^AA{~A}ArAAr,67.02180043869468
C#CC(O)C(C)=O,C#CC(O)C(C)=O,-1363.62,C#CC(C(C)=O)O,A^AA{B}A{A}~B,53.647208917140425
C1CC2(CC2)CN1,C1CC2(CC2)CN1,-1784.71,N1CC2(CC2)CC1,ArAAs{AAs}ADr,77.20970052374771
CC1(C)CN=CN1,CC1(C)CN=CN1,-1113.93,C1C(C)(C)NC=N1,AAr{A}AD~ADr,39.67556739334796
CCC(O)CC,CCC(O)CC,-1698.79,C(C(O)CC)C,AAA{B}AA,72.4019651730158
CC1=NNCC1O,CC1=NNCC1O,-1463.68,N1CC(O)C(C)=N1,AAr~DDAArB,59.24616142172883
C=CCS(C)(=O)=O,C=CCS(C)(=O)=O,-1228.25,C(CS(=O)(C)=O)=C,A~AAE{A}{~B}~B,46.07245176596983
NCCC1CN1,NCCC1CN1,-1487.24,C(CC1CN1)N,DAAArADr,60.5644836384798
CC(C)(O)CC=O,CC(C)(O)CC=O,-1665.78,C(=O)CC(O)(C)C,AA{A}{B}AA~B,70.5548592148261
C=CC(CC)CC,C=CC(CC)CC,-2046.71,CCC(C=C)CC,A~AA{AA}AA,91.87015981019742
Nc1ccn(O)c1,Nc1ccn(O)c1,-1312.45,c1cc(N)cn1O,Daraad{B}ar,50.78394288016474
C=C1CCCO1,C=C1CCCO1,-1427.98,C=C1OCCC1,A~ArAAABr,57.248533954071355
CS(=O)(=O)N1CC1,CS(=O)(=O)N1CC1,-1312.73,C1N(S(=O)(C)=O)C1,AE{~B}{~B}DrAAr,50.79961054657774
C#CCCN[N][CH2],C#CCCN[N][CH2],-1473.46,C(CCN[N][CH2])#C,A^AAAD{D}{AQs},59.79341062715431
NC1C=NOCC1,NC1C=NOCC1,-1439.94,C1(N)CCON=C1,DArA~DBAAr,57.917767133712346
C[CH][N]NC(C)=O,C[CH][N]NC(C)=O,-1478.34,O=C(C)N[N][CH]C,A{AQ}{D}DA{A}~B,60.066475670352304
CC(C)COC=O,CC(C)COC=O,-1676.76,C(=O)OCC(C)C,AA{A}ABA~B,71.16925556202159
CC(N)=C(C)C#N,CC(N)=C(C)C#N,-1546.78,CC(C#N)=C(C)N,AA{D}~A{A}A^D,63.89610098930123
CC(CCN)=NO,CC(CCN)=NO,-1580.73,NCCC(C)=NO,AA{AAD}~DB,65.79580554187743
C=C1CNC2CC12,C=C1CNC2CC12,-1789.96,N1CC(=C)C2CC12,A~ArADAsAArs,77.50346926899145
Oc1ccoc1,Oc1ccoc1,-1103.89,c1c(O)coc1,Baraabar,39.113769640538976
NC1C2OCOC12,NC1C2OCOC12,-1372.75,C12C(C1N)OCO2,DArAsBABArs,54.15808675410717
C=NN(C)C(C)=O,C=NN(C)C(C)=O,-1467.24,CC(N(N=C)C)=O,A~DD{A}A{A}~B,59.44536460897982
C=Cc1ccno1,C=Cc1ccno1,-1314.58,o1nccc1C=C,A~Aaraadbr,50.903129056806485
CC(C)C1CO1,CC(C)C1CO1,-1546.22,C1(C(C)C)CO1,AA{A}ArABr,63.864765656475235
[CH2][N]OC1CCC1,[CH2][N]OC1CCC1,-1548.81,C1C(O[N][CH2])CC1,{AQs}{D}BArAAAr,64.00969157079547
CNC1(C)CC1C,CNC1(C)CC1C,-1910.13,C1C(C)C1(C)NC,ADAr{A}AArA,84.22769595774207
C=CO[CH][N]OC,C=CO[CH][N]OC,-1350.24,O([CH][N]OC)C=C,A~AB{AQ}{D}BA,52.89851828640494
CC1=CCC(C)C1,CC1=CCC(C)C1,-1926.32,C1C(C)CC(C)=C1,AAr~AAA{A}Ar,85.1336228121223
CC(C)=CCN,CC(C)=CCN,-1626.31,C(C=C(C)C)N,AA{A}~AAD,68.34627781010788
C#CC1CN1C=N,C#CC1CN1C=N,-1338.98,C(N1CC1C#C)=N,A^AArADrA~D,52.26845427279646
C#CC(O)C(C)N,C#CC(O)C(C)N,-1560.92,C(C#C)(O)C(C)N,A^AA{B}A{A}D,64.68731814315771
O=C1CNC1CO,O=C1CNC1CO,-1590.5,O=C1C(CO)NC1,B~ArADArAB,66.34249518778817
C=CC#CC1CC1,C=CC#CC1CC1,-1608.86,C1C(C#CC=C)C1,A~AA^AArAAr,67.36984645686915
O=CC1CC1O,O=CC1CC1O,-1216.97,OC1CC1C=O,B~AArAArB,45.441268633331845
C=CC(=C)C1CO1,C=CC(=C)C1CO1,-1555.34,C(C(=C)C1CO1)=C,A~AA{~A}ArABr,64.37508393392721
CCc1ccon1,CCc1ccon1,-1457.93,c1c(CC)noc1,AAaraabdr,58.92441470074758
CC1(CN)CO1,CC1(CN)CO1,-1418.65,C1C(CN)(C)O1,AAr{AD}ABr,56.726464926809626
CC(=O)C(C)(C)C,CC(=O)C(C)(C)C,-1867.81,C(C)(C)(C(=O)C)C,AA{~B}A{A}{A}A,81.8596400913201
CC1CC=NN1,CC1CC=NN1,-1363.69,C1(C)CC=NN1,AArAA~DDr,53.65112583374368
C[CH][N]O,C[CH][N]O,-816.7,O[N][CH]C,A{AQ}{D}B,23.043779936434046
CC1(CN)COC1,CC1(CN)COC1,-1714.08,C1OCC1(C)CN,AAr{AD}ABAr,73.25753167106853
C=CC(O)C1CC1,C=CC(O)C1CC1,-1702.27,C(O)(C1CC1)C=C,A~AA{B}ArAAr,72.5966918841488
C1=NNCCCO1,C1=NNCCCO1,-1454.59,C1CCNN=CO1,Ar~DDAAABr,58.73752182282108
C=CCC#CC,C=CCC#CC,-1455.92,C(C=C)C#CC,A~AAA^AA,58.81194323828283
CO[CH]C=C[N]O,CO[CH]C=C[N]O,-1363.63,O(C)[CH]C=C[N]O,AB{AQ}A~A{D}B,53.64776847665519
CCC#CC(C)O,CCC#CC(C)O,-1696.86,C(C(C)O)#CCC,AAA^AA{A}B,72.29397018666906
C=CC=CCCN,C=CC=CCCN,-1780.45,C(C=CCCN)=C,A~AA~AAAD,76.97132817046423
CN=C(NC)OC,CN=C(NC)OC,-1598.79,C(=NC)(NC)OC,AD~A{DA}BA,66.8063700255159
C#CC(C#N)NC,C#CC(C#N)NC,-1355.63,CNC(C#N)C#C,A^AA{A^D}DA,53.2001208648552
CCC(C)=C(C)C,CCC(C)=C(C)C,-2050.56,C(C)(=C(C)CC)C,AAA{A}~A{A}A,92.08559022337614
O=CC=CN1CC1,O=CC=CN1CC1,-1166.69,C(=CC=O)N1CC1,B~AA~ADrAAr,42.6278033931689
CCC1OC1C,CCC1OC1C,-1549.87,O1C(C)C1CC,AAArBArA,64.06900487935896
N#CC1CCCN1,N#CC1CCCN1,-1539.58,C1CNC(C#N)C1,D^AArAAADr,63.49321813868123
OC1C=CC2NC12,OC1C=CC2NC12,-1632.72,N1C2C1C(O)C=C2,BArA~AAsDArs,68.70495545906263
O=c1cc[nH]nc1,O=c1cc[nH]nc1,-1312.23,[nH]1ncc(=O)cc1,B~araa{dQ}dar,50.77163257084024
C#CC(=O)N(C)C,C#CC(=O)N(C)C,-1442.1,C(N(C)C)(=O)C#C,A^AA{~B}D{A}A,58.03863198889834
C=CC=CCO,C=CC=CCO,-1412.82,OCC=CC=C,A~AA~AAB,56.40024172971037
CCO[N][CH]OC,CCO[N][CH]OC,-1496.96,[CH](OC)[N]OCC,AAB{D}{AQ}BA,61.10837548681678
C#CC(=C)OC=O,C#CC(=C)OC=O,-1227.06,C(OC(C#C)=C)=O,A^AA{~A}BA~B,46.005864183714586
[CH2]C(=C[N]O)CO,[CH2]C(=C[N]O)CO,-1204.54,C(=C[N]O)([CH2])CO,{AQs}A{~A{D}B}AB,44.74573615649761
Cc1cc(O)c[nH]1,Cc1cc(O)c[nH]1,-1485.01,c1(O)c[nH]c(C)c1,Aaraa{B}a{dQ}r,60.439701866690555
C#CC1OC1CN,C#CC1OC1CN,-1410.5,O1C(CN)C1C#C,A^AArBArAD,56.27042392228838
C=CC(CO)NC,C=CC(CO)NC,-1713.47,C(=C)C(CO)NC,A~AA{AB}DA,73.2233985406688
CC1(N)CNC1=O,CC1(N)CNC1=O,-1480.64,C1NC(=O)C1(N)C,AAr{D}ADAr~B,60.195174358744815
CC#CC1CCC1,CC#CC1CCC1,-1750.91,C1(C#CC)CCC1,AA^AArAAAr,75.31838936389276
C#CC1CN1[N][CH2],C#CC1CN1[N][CH2],-1320.04,C1(C#C)N([N][CH2])C1,A^AArADr{D}{AQs},51.20864855185998
C=C(CO)C1CO1,C=C(CO)C1CO1,-1494.26,C1(C(CO)=C)OC1,A~A{AB}ArABr,60.95729441783429
CCC1CC(=O)O1,CCC1CC(=O)O1,-1545.29,C(C)C1CC(=O)O1,AAArAA{~B}Br,63.81272662160347
CC1CC1C,CC1CC1C,-1454.38,C1(C)C(C)C1,AArAArA,58.72577107301133
O=CN1C=CCN1,O=CN1C=CCN1,-1602.21,C1NN(C=O)C=C1,B~ADrA~AADr,66.99773937956041
O=C1CC(CO)N1,O=C1CC(CO)N1,-1248.46,C1C(=O)NC1CO,B~ArAA{AB}Dr,47.20332154527956
C#CC(C)CC,C#CC(C)CC,-1595.31,CC(C#C)CC,A^AA{A}AA,66.61164331438292
CC1C=CC(=O)C1,CC1C=CC(=O)C1,-1605.4,O=C1C=CC(C)C1,AArA~AA{~B}Ar,67.17623886476566
C=CCC=CC#N,C=CCC=CC#N,-1657.07,C(C#N)=CCC=C,A~AAA~AA^D,70.06748287747885
COCC1(C)CC1,COCC1(C)CC1,-1838.28,CC1(COC)CC1,ABAAr{A}AAr,80.2072608442634
CC1(C)OCC1N,CC1(C)OCC1N,-1715.96,CC1(C)C(N)CO1,AAr{A}BAArD,73.36272885984154
CC1CNC(=O)N1,CC1CNC(=O)N1,-1512.44,C1(=O)NCC(C)N1,AArADA{~B}Dr,61.97457361564977
COn1cccn1,COn1cccn1,-1307.37,n1cccn1OC,ABdraaadr,50.499686646671734
O=CN1CCC=N1,O=CN1CCC=N1,-1231.29,N1(C=O)N=CCC1,B~ADrAAA~Dr,46.24255785845383
C=CCCCCN,C=CCCCCN,-1917.65,C(CC=C)CCN,A~AAAAAD,84.64848471283406
C=C(CO)OCC,C=C(CO)OCC,-1649.04,C(C(=C)OCC)O,A~A{AB}BAA,69.6181565871346
O=C1CC=CCO1,O=C1CC=CCO1,-1411.36,C1C=CCC(=O)O1,B~ArAA~AABr,56.31854604055687
C=C1C=CCO1,C=C1C=CCO1,-1289.94,C=C1OCC=C1,A~ArA~AABr,49.524374412462514
CN1C=NCC1,CN1C=NCC1,-1373.65,C1CN(C)C=N1,ADrA~DAAr,54.208447110434676
C=C1CC2CC1N2,C=C1CC2CC1N2,-1626.66,C1C2CC(=C)C1N2,A~ArAAsAArDs,68.36586239312415
C1=CCNN=C1,C1=CCNN=C1,-1220.99,N1=CC=CCN1,Ar~AADD~Ar,45.66621155826134
CCCNC,CCCNC,-1464.45,N(C)CCC,AAADA,59.289247504364575
CNc1ccsc1,CNc1ccsc1,-1317.18,c1(NC)cscc1,ADaraaear,51.04861453064148
CC=CCCO,CC=CCCO,-1555.89,C(=CCCO)C,AA~AAAB,64.40585970723848
CC1=NOCOC1,CC1=NOCOC1,-1370.72,N1=C(C)COCO1,AAr~DBABAr,54.044496172612924
C#CC=CC(C)C,C#CC=CC(C)C,-1752.4,C(C=CC(C)C)#C,A^AA~AA{A}A,75.40176373159049
C=CC1(O)CCC1,C=CC1(O)CCC1,-1701.34,OC1(C=C)CCC1,A~AAr{B}AAAr,72.54465284927706
CC1OCC1N,CC1OCC1N,-1417.09,C1C(N)C(C)O1,AArBAArD,56.63917364250861
NCC1(O)CNC1,NCC1(O)CNC1,-1581.98,N1CC(O)(CN)C1,DAAr{B}ADAr,65.86575048122118
CCC1=CCCO1,CCC1=CCCO1,-1725.39,C1CC=C(CC)O1,AAAr~AAABr,73.89039348225079
N#Cc1ccon1,N#Cc1ccon1,-1059.16,n1occc1C#N,D^Aaraabdr,36.61085993106227
OCCC[CH][N]O,OCCC[CH][N]O,-1575.71,[CH](CCCO)[N]O,BAAA{AQ}{D}B,65.51490666547295
C=C1COCCO1,C=C1COCCO1,-1515.17,C1OCC(=C)OC1,A~ArABAABr,62.12733336317651
CC=COC=O,CC=COC=O,-1237.65,C(OC=CC)=O,AA~ABA~B,46.598437709834826
O=C1C=NOCC1,O=C1C=NOCC1,-1570.62,C1C(=O)C=NOC1,B~ArA~DBAAr,65.23009087246518
C#CC(=NC)NC,C#CC(=NC)NC,-1490.57,CNC(C#C)=NC,A^AA{~DA}DA,60.75081695689154
C=CC1C=CCN1,C=CC1C=CCN1,-1537.08,C1C=CC(C=C)N1,A~AArA~AADr,63.35332825999373
CC1CC1CCN,CC1CC1CCN,-1916.81,C1C(CCN)C1C,AArAArAAD,84.60148171359505
O=CC#CCCO,O=CC#CCCO,-1363.75,C(#CC=O)CCO,B~AA^AAAB,53.65448319083218
NC(CO)C1CC1,NC(CO)C1CC1,-1587.63,OCC(C1CC1)N,DA{AB}ArAAr,66.18190160705493
CN1C=CO[C]1[NH],CN1C=CO[C]1[NH],-1342.31,CN1[C]([NH])OC=C1,ADrA~AB{A}r{DQ},52.4547875912082
CCNC(=O)NC,CCNC(=O)NC,-1633.9,CNC(NCC)=O,AADA{~B}DA,68.77098348180313
N#CC#CC1CN1,N#CC#CC1CN1,-1211.76,C1C(C#CC#N)N1,D^AA^AArADr,45.1497381261471
C#C,C#C,-404.88,C#C,A^A,0.0
CCC#CCC,CCC#CCC,-1601.6,C(C#CCC)C,AAA^AAA,66.96360624916066
COC(CN)CO,COC(CN)CO,-1655.68,O(C(CO)CN)C,ABA{AD}AB,69.9897041049286
Nc1cscc1O,Nc1cscc1O,-1549.0,s1cc(O)c(N)c1,DaraeaarB,64.02032320157572
[NH][C]1CC=CN1,[NH][C]1CC=CN1,-1247.32,C1=CN[C]([NH])C1,{DQ}{A}rAA~ADr,47.13953176059806
N#CC1CC1O,N#CC1CC1O,-1159.21,C1(O)CC1C#N,D^AArAArB,42.209252876135906
CCNC(C)=N,CCNC(C)=N,-1514.71,C(C)(NCC)=N,AADA{A}~D,62.10159362549801
C=Cc1cc[nH]c1,C=Cc1cc[nH]c1,-1408.87,c1c(C=C)cc[nH]1,A~Aaraa{dQ}ar,56.179215721384125
C#CCNC(N)=S,C#CCNC(N)=S,-1136.23,C(CNC(=S)N)#C,A^AADA{D}~E,40.923385111240435
CCC1OC1C=O,CCC1OC1C=O,-1510.44,O1C(CC)C1C=O,AAArBArA~B,61.86266171269977
C=CCC#CCO,C=CCC#CCO,-1547.63,C(O)C#CCC=C,A~AAA^AAB,63.94366354805498
NC(=O)CC1CC1,NC(=O)CC1CC1,-1480.45,C1(CC(N)=O)CC1,DA{~B}AArAAr,60.184542727964555
CC(=O)C1CN1,CC(=O)C1CN1,-1291.64,C1NC1C(=O)C,AA{~B}ArADr,49.61949952997002
OCC1CCN1,OCC1CCN1,-1417.79,C(C1NCC1)O,BAArAADr,56.67834280854112
C=CC(C#N)C#N,C=CC(C#N)C#N,-1253.44,C(#N)C(C#N)C=C,A~AA{A^D}A^D,47.48198218362505
C1C[C]2[N]O[N][C]12,C1C[C]2[N]O[N][C]12,-1127.25,C1[C]2[N]O[N][C]2C1,ArA{A}s{D}B{D}{A}rs,40.420900666994946
N#CCCNC=N,N#CCCNC=N,-1416.53,N(C=N)CCC#N,D^AAADA~D,56.60783830968262
CC=COCCN,CC=COCCN,-1718.14,C(=COCCN)C,AA~ABAAD,73.48471283405705
CC1=COCC1O,CC1=COCC1O,-1526.57,C1(C)=COCC1O,AAr~ABAArB,62.7652312099915
CNC(=O)COC,CNC(=O)COC,-1546.18,CNC(COC)=O,ADA{~B}ABA,63.862527418416235
C=CC(=O)CC#N,C=CC(=O)CC#N,-1329.29,O=C(CC#N)C=C,A~AA{~B}AA^D,51.726241103003716
CC1=CCNN=C1,CC1=CCNN=C1,-1512.81,C1C=C(C)C=NN1,AAr~AADD~Ar,61.9952773176955
CC1OC1[CH][N]N,CC1OC1[CH][N]N,-1436.57,CC1C([CH][N]N)O1,AArBAr{AQ}{D}D,57.7291955772416
NC=C(C=O)C=O,NC=C(C=O)C=O,-1406.92,C(C=O)(=CN)C=O,DA~A{A~B}A~B,56.07010161600789
COC1=CCOC1,COC1=CCOC1,-1510.72,C1OCC(OC)=C1,ABAr~AABAr,61.87832937911278
C1=CCCON=C1,C1=CCCON=C1,-1426.58,C1CC=CC=NO1,Ar~AAABD~Ar,57.17019562200636
CCCC(C)(C)O,CCCC(C)(C)O,-1996.76,OC(C)(CCC)C,AAAA{A}{A}B,89.07516003402122
CC(=O)C(C)C=O,CC(=O)C(C)C=O,-1536.26,CC(=O)C(C=O)C,AA{~B}A{A}A~B,63.30744437978424
CC1=NCC2CN12,CC1=NCC2CN12,-1778.88,N12CC1CN=C2C,AAr~DAAsADrs,76.88347732664846
CNC(C)C(C)O,CNC(C)C(C)O,-1858.9,C(C(NC)C)(O)C,ADA{A}A{A}B,81.36107256367788
C=C1CC2OC2C1,C=C1CC2OC2C1,-1574.63,C1C(=C)CC2OC12,A~ArAAsBAsAr,65.45447423787995
CCC(CC)NC,CCC(CC)NC,-2055.34,C(C)C(NC)CC,AAA{AA}DA,92.35305967142666
CC1CC(O)C1N,CC1CC(O)C1N,-1711.85,C1C(O)C(N)C1C,AArAA{B}ArD,73.13274989927929
OCCCCO,OCCCCO,-1498.24,C(CCO)CO,BAAAAB,61.17999910470479
CC(=O)N(C)C=O,CC(=O)N(C)C=O,-1431.75,C(=O)(N(C)C=O)C,AA{~B}D{A}A~B,57.4594878911321
CCC1NC1CC,CCC1NC1CC,-1916.3,C(C1NC1CC)C,AAArDArAA,84.57294417834281
O=CC1=CCCC1,O=CC1=CCCC1,-1600.29,C1CC=C(C=O)C1,B~AAr~AAAAr,66.8903039527284
CC#CC1CCN1,CC#CC1CCN1,-1764.33,N1CCC1C#CC,AA^AArAADr,76.06931823268722
CC(N)C#CCO,CC(N)C#CCO,-1564.0,C(C#CCO)(C)N,AA{D}A^AAB,64.8596624737007
CC1NCC1C=O,CC1NCC1C=O,-1577.64,O=CC1C(C)NC1,AArDAArA~B,65.6229016518197
C=C(C)OC(=C)C,C=C(C)OC(=C)C,-1706.3,CC(=C)OC(=C)C,A~A{A}BA{~A}A,72.82219436859305
C=COCOC,C=COCOC,-1342.35,COCOC=C,A~ABABA,52.457025829267195
C#CCOC=O,C#CCOC=O,-1074.69,C(#C)COC=O,A^AABA~B,37.479855857469005
CNCC(C)NC,CNCC(C)NC,-1920.35,N(C(CNC)C)C,ADAA{A}DA,84.79956578181654
C#CC(=C)CCN,C#CC(=C)CCN,-1621.15,C(C(=C)CCN)#C,A^AA{~A}AAD,68.0575451004969
[CH2][N]NCC(C)=O,[CH2][N]NCC(C)=O,-1451.24,C(N[N][CH2])C(=O)C,{AQs}{D}DAA{A}~B,58.55006938537984
CC=C(C)CC=O,CC=C(C)CC=O,-1720.52,CC(=CC)CC=O,AA~A{A}AA~B,73.61788799856753
CC=CCC(C)=O,CC=CCC(C)=O,-1726.39,C(=O)(CC=CC)C,AA~AAA{A}~B,73.94634943372579
C#CCCCC,C#CCCCC,-1595.95,C(C)CCC#C,A^AAAAA,66.64745512332694
C=CCN1CC1,C=CCN1CC1,-1464.77,C(=C)CN1CC1,A~AADrAAr,59.30715340883656
CCOC=C(C)C,CCOC=C(C)C,-1849.44,CC(C)=COCC,AABA~A{A}A,80.8317292627244
NCC1=CCNC1,NCC1=CCNC1,-1661.05,C(C1=CCNC1)N,DAAr~AADAr,70.29018756434935
CC1=NCCN1C,CC1=NCCN1C,-1673.08,C1N(C)C(C)=NC1,AAr~DAADrA,70.96333766059358
CCC1CC1O,CCC1CC1O,-1546.36,C(C)C1CC1O,AAArAArB,63.872599489681726
CCCCNCC,CCCCNCC,-2057.83,CCNCCCC,AAAADAA,92.49238999059939
[CH]1S[N][C]2OC[C]12,[CH]1S[N][C]2OC[C]12,-1638.72,C1O[C]2[N]S[CH][C]12,{AQ}rE{D}{A}sBA{A}rs,69.04069116791263
CC(C)C(=O)NN,CC(C)C(=O)NN,-1611.5,C(C(C)C)(NN)=O,AA{A}A{~B}DD,67.51757016876314
C1COC2CC2O1,C1COC2CC2O1,-1500.36,O1C2CC2OCC1,ArABAsAAsBr,61.298625721831776
CC1CO[C]([NH])N1,CC1CO[C]([NH])N1,-1489.07,[C]1([NH])OCC(C)N1,AArAB{A}{{DQ}}Dr,60.66688302967904
CCOC(C)=O,CCOC(C)=O,-1387.62,O(C(C)=O)CC,AABA{A}~B,54.9901517525404
CN=C1NCCO1,CN=C1NCCO1,-1480.26,N(C)=C1NCCO1,AD~ArDAABr,60.17391109718431
C=C1C=NN=CC1,C=C1C=NN=CC1,-1400.72,C1=NN=CCC1=C,A~ArA~DD~AAr,55.723174716862886
O=C1CCCOC1,O=C1CCCOC1,-1536.19,C1C(=O)COCC1,B~ArAAABAr,63.30352746318099
N#CC1CC=NN1,N#CC1CC=NN1,-1264.02,N1N=CCC1C#N,D^AArAA~DDr,48.07399615023054
CC1=NN=CCC1,CC1=NN=CCC1,-1916.74,C1(C)=NN=CCC1,AAr~DD~AAAr,84.59756479699182
CC1=CCC2CC12,CC1=CCC2CC12,-1191.04,C12C(CC=C1C)C2,AAr~AAAsAArs,43.990330811585125
C=CS(=O)(=O)C=O,C=CS(=O)(=O)C=O,-1365.48,C(S(=O)(C=O)=O)=C,A~AE{~B}{~B}A~B,53.751286986883926
CC1C(O)C1CN,CC1C(O)C1CN,-1716.69,C1(C)C(O)C1CN,AArA{B}ArAD,73.40357670441828
C1CC2CC(C1)C2,C1CC2CC(C1)C2,-1522.96,C1C2CCCC1C2,ArAAsAA{Ar}As,62.563230225166755
CCOC(C)(C)C,CCOC(C)(C)C,-1988.56,C(OCC)(C)(C)C,AABA{A}{A}A,88.61632123192622
CCC=C(C)OC,CCC=C(C)OC,-1846.84,C(=CCC)(OC)C,AAA~A{A}BA,80.68624378888939
C1OC2CCC2O1,C1OC2CCC2O1,-1473.63,C1OC2C(CC2)O1,ArBAsAAAsBr,59.80292313890506
C1=CC2CC2C1,C1=CC2CC2C1,-1480.58,C12C=CCC1C2,Ar~AAsAAsAr,60.19181700165629
O=CCC1CC1O,O=CCC1CC1O,-1515.27,OC1C(CC=O)C1,B~AAArAArB,62.132928958324
OC1C=CCNC1,OC1C=CCNC1,-1495.68,C1C=CC(O)CN1,BArA~AADAr,61.03675186892879
C#CC(=O)NNC,C#CC(=O)NNC,-1299.9,N(NC(=O)C#C)C,A^AA{~B}DDA,50.08169568915351
C=C(C)OCC#N,C=C(C)OCC#N,-1452.21,O(CC#N)C(C)=C,A~A{A}BAA^D,58.60434665831058
C=CCNC(C)=O,C=CCNC(C)=O,-1610.4,O=C(C)NCC=C,A~AADA{A}~B,67.45601862214066
C=CC1CCC1O,C=CC1CCC1O,-1700.93,OC1C(C=C)CC1,A~AArAAArB,72.52171090917231
O=C1C=CC=C1,O=C1C=CC=C1,-1157.14,C1=CC(=O)C=C1,B~ArA~AA~Ar,42.09342405658267
[CH2]c1ccc([CH2])o1,[CH2]c1ccc([CH2])o1,-1455.06,c1([CH2])oc([CH2])cc1,{AQs}araaa{{AQs}}br,58.76382112001432
O=C1COCCN1,O=C1COCCN1,-1242.44,C1CNC(=O)CO1,B~ArABAADr,46.866466717400066
C=C1OCCC1=O,C=C1OCCC1=O,-1398.48,C1OC(=C)C(=O)C1,A~ArBAAAr~B,55.59783338555889
c1cc[nH]c1,c1cc[nH]c1,-1088.23,c1[nH]ccc1,araa{dQ}ar,38.23749944044049
OC1C=NN=CC1,OC1C=NN=CC1,-1781.43,N1=CCC(O)C=N1,BArA~DD~AAr,77.02616500290974
CC1COC1CN,CC1COC1CN,-1716.54,CC1C(CN)OC1,AArABArAD,73.39518331169704
C#CCCNC=N,C#CCCNC=N,-1507.42,C(NCCC#C)=N,A^AAADA~D,61.69367473924527
N#CCCCCO,N#CCCCCO,-1365.93,C(CCCO)C#N,D^AAAAAB,53.77646716504768
Nc1sccc1O,Nc1sccc1O,-1050.2,c1csc(N)c1O,DareaaarB,36.10949460584629
O=CC1CC(O)C1,O=CC1CC(O)C1,-1515.87,C1C(C=O)CC1O,B~AArAA{B}Ar,62.16650252920899
OCC#CCO,OCC#CCO,-1195.4,C(CO)#CCO,BAA^AAB,44.234298760016124
C#CC(=C)CCC,C#CC(=C)CCC,-1750.8,C=C(C#C)CCC,A^AA{~A}AAA,75.3122342092305
CC1=CCC=C1C,CC1=CCC=C1C,-1766.22,C1=C(C)C(C)=CC1,AAr~AAA~ArA,76.17507498097498
CC(C)(C)CCN,CC(C)(C)CCN,-1661.29,C(C)(CCN)(C)C,AA{A}{A}AAD,70.30361699270334
CC(O)C=CCN,CC(O)C=CCN,-1721.94,C(=CC(C)O)CN,AA{B}A~AAD,73.69734544966202
OCC#CCCO,OCC#CCCO,-1495.54,OCCC#CCO,BAA^AAAB,61.02891803572228
C=CC(O)C(C)O,C=CC(O)C(C)O,-1653.93,OC(C)C(C=C)O,A~AA{B}A{A}B,69.89178118984736
O=C1CCOCC1,O=C1CCOCC1,-1538.31,O1CCC(=O)CC1,B~ArAABAAr,63.422154080307976
CCc1ccsn1,CCc1ccsn1,-1446.33,s1ccc(CC)n1,AAaraaedr,58.27532566363758
C=CC1CC(C)N1,C=CC1CC(C)N1,-1447.43,CC1NC(C=C)C1,A~AArAA{A}Dr,58.33687721026009
CCC=CC(C)C,CCC=CC(C)C,-2050.36,C(C)C=CC(C)C,AAA~AA{A}A,92.07439903308116
NC(CO)C1CN1,NC(CO)C1CN1,-1641.02,NC(CO)C1NC1,DA{AB}ArADr,69.16938985630512
CCCC,CCCC,-1304.31,C(CC)C,AAAA,50.328461435158246
COC1CCC1=O,COC1CCC1=O,-1511.16,C1CC(OC)C1=O,ABArAAAr~B,61.90294999776177
CC1=C(C)OCO1,CC1=C(C)OCO1,-1521.56,C1(C)=C(C)OCO1,AAr~A{A}BABr,62.48489189310175
CC1CC(C)C1N,CC1CC(C)C1N,-1324.01,C1(C)C(N)C(C)C1,AArAA{A}ArD,51.430793679215725
C#CCC(=C)CN,C#CCC(=C)CN,-1618.0,C(CC(CN)=C)#C,A^AAA{~A}AD,67.88128385335064
NC1C=CCC=C1,NC1C=CCC=C1,-1656.91,C1=CCC=CC1N,DArA~AAA~Ar,70.05852992524287
C1=CC2CC1C2,C1=CC2CC1C2,-1456.06,C1C2CC1C=C2,Ar~AAsAArAs,58.81977707148932
OC1C2CNCC12,OC1C2CNCC12,-2190.06,N1CC2C(O)C2C1,BArAsADAArs,99.89144545413849
Oc1ccccc1,Oc1ccccc1,-1490.85,c1ccccc1O,Baraaaaar,60.76648462330453
CC(=O)C#CC=O,CC(=O)C#CC=O,-1232.58,C(#CC=O)C(=O)C,AA{~B}A^AA~B,46.31474103585658
COC(=O)N(C)C,COC(=O)N(C)C,-1554.6,CN(C)C(OC)=O,ABA{~B}D{A}A,64.33367652983571
C#CC(O)CC#N,C#CC(O)CC#N,-1464.84,C(C(O)CC#N)#C,A^AA{B}AA^D,59.311070325439815
NCC=CCN,NCC=CCN,-1495.0,C(C=CCN)N,DAA~AAD,60.99870182192578
[NH][CH]N1CC=CC1,[NH][CH]N1CC=CC1,-1535.79,C1=CCN([CH][NH])C1,{DQ}{AQ}DrAA~AAr,63.28114508259098
O=C(O)CC1CC1,O=C(O)CC1CC1,-1539.55,C(CC1CC1)(O)=O,B~A{B}AArAAr,63.491539460136984
CC1=CC=COC1,CC1=CC=COC1,-1583.94,C1(C)=CC=COC1,AAr~AA~ABAr,65.97542414611219
C#CCN[CH][N]O,C#CCN[CH][N]O,-1278.26,[N]([CH]NCC#C)O,A^AAD{AQ}{D}B,48.870808899234525
Nc1c[nH]c(O)c1,Nc1c[nH]c(O)c1,-1354.71,c1(N)cc(O)[nH]c1,Dara{dQ}a{B}ar,53.14864138949819
OC1C=CC=CC1,OC1C=CC=CC1,-1587.01,C1=CC=CCC1O,BArA~AA~AAr,66.14720891714045
CC=CCCC#N,CC=CCCC#N,-1776.51,C(CC#N)C=CC,AA~AAAA^D,76.75086172165273
CCC1(N)CC1N,CCC1(N)CC1N,-1917.84,C(C)C1(N)CC1N,AAAr{D}AArD,84.65911634361431
C#CCC(C)(C)O,C#CCC(C)(C)O,-1695.8,C#CCC(O)(C)C,A^AAA{A}{A}B,72.23465687810555
CC=C1COCO1,CC=C1COCO1,-1518.66,C1OCOC1=CC,AA~ArABABr,62.32261963382427
CN1OCC[C]1[NH],CN1OCC[C]1[NH],-1442.65,O1N(C)[C]([NH])CC1,ADrBAA{A}r{DQ},58.06940776220959
CCOCCO,CCOCCO,-1492.09,C(COCC)O,AABAAB,60.835870003133536
CC1(C)CCOC1,CC1(C)CCOC1,-1861.33,C1(C)(C)CCOC1,AAr{A}AABAr,81.4970455257621
C=Cc1cc[nH]n1,C=Cc1cc[nH]n1,-1355.73,c1[nH]nc(C=C)c1,A~Aaraa{dQ}dr,53.20571646000269
CC1(O)C=NOC1,CC1(O)C=NOC1,-1377.11,C1ON=CC1(O)C,AAr{B}A~DBAr,54.40205470253816
C=C(C)OCC=O,C=C(C)OCC=O,-1515.29,O=CCOC(=C)C,A~A{A}BAA~B,62.134048077353505
C=C(OC)C1CN1,C=C(OC)C1CN1,-1563.7,C1NC1C(OC)=C,A~A{BA}ArADr,64.84287568825822
CC[C]1C=N[N]S1,CC[C]1C=N[N]S1,-1175.07,C1=N[N]S[C]1CC,AA{A}rA~D{D}Er,43.09671426652939
CCC1NC1C,CCC1NC1C,-1619.42,CC1C(CC)N1,AAArDArA,67.96074130444515
CC(C)(N)C1CC1,CC(C)(N)C1CC1,-1916.97,C(C)(C1CC1)(N)C,AA{A}{D}ArAAr,84.61043466583106
CC1CN1C=O,CC1CN1C=O,-1285.8,N1(C=O)CC1C,AArADrA~B,49.29271677335602
C=C(C)C1CC1O,C=C(C)C1CC1O,-1699.02,C(C)(C1C(O)C1)=C,A~A{A}ArAArB,72.41483504185504
CC(=O)C=CC=O,CC(=O)C=CC=O,-1395.37,C(=CC(=O)C)C=O,AA{~B}A~AA~B,55.423810376471636
CC[CH]C=C[N]O,CC[CH]C=C[N]O,-1568.04,C(=C[CH]CC)[N]O,AA{AQ}A~A{D}B,65.0857245176597
C#CC#CCN,C#CC#CCN,-1160.48,NCC#CC#C,A^AA^AAD,42.28031693450916
CC1CC=NNC1,CC1CC=NNC1,-1769.81,C1=NNCC(C)C1,AArAA~DDAr,76.37595684677021
OCC#C[CH][N]O,OCC#C[CH][N]O,-1706.25,O[N][CH]C#CCO,BAA^A{AQ}{D}B,72.8193965710193
CC1C=COC=C1,CC1C=COC=C1,-1586.43,C1=COC=CC1C,AArA~ABA~Ar,66.11475446528495
C=CC(O)C1CN1,C=CC(O)C1CN1,-1555.23,C1C(C(C=C)O)N1,A~AA{B}ArADr,64.36892877926496
C#CCC1CC1,C#CCC1CC1,-1446.88,C(C1CC1)C#C,A^AAArAAr,58.306101436948836
C#CC1CC1CC,C#CC1CC1CC,-1747.29,C1(CC)C(C#C)C1,A^AArAArAA,75.11582881955326
CC1(C)CC(=O)O1,CC1(C)CC(=O)O1,-1549.26,O=C1OC(C)(C)C1,AAr{A}AA{~B}Br,64.03487174895923
CC#CC(N)=O,CC#CC(N)=O,-1166.9,O=C(C#CC)N,AA^AA{D}~B,42.63955414297866
O=CC1C=NOC1,O=CC1C=NOC1,-1283.06,C(=O)C1CON=C1,B~AArA~DBAr,49.13939746631452
CCC(C)C1CO1,CCC(C)C1CO1,-1841.38,C1(C(CC)C)CO1,AAA{A}ArABr,80.3807242938359
O=Cc1cnoc1,O=Cc1cnoc1,-1148.1,o1ncc(C=O)c1,B~Aaradbar,41.58758225524866
CC(C=O)=CCO,CC(C=O)=CCO,-1520.67,C(C=C(C=O)C)O,AA{A~B}~AAB,62.43509109628901
O=C(O)C1CCC1,O=C(O)C1CCC1,-1538.19,C1CCC1C(O)=O,B~A{B}ArAAAr,63.41543936613098
CC1NC1C1CN1,CC1NC1C1CN1,-1917.0,C1(C2CN2)C(C)N1,AArDArArADr,84.61211334437532
C=CCC=C,C=CCC=C,-1310.13,C(=C)CC=C,A~AAA~A,50.65412507274275
C=COCC,C=COCC,-1254.62,C(OC=C)C,A~ABAA,47.54801020636555
C#CC=COC=O,C#CC=COC=O,-1233.67,C(OC=O)=CC#C,A^AA~ABA~B,46.37573302296433
CC=CC1CCC1,CC=CC1CCC1,-1900.44,C(=CC1CCC1)C,AA~AArAAAr,83.68548278794933
C=C(C=O)CO,C=C(C=O)CO,-1226.07,C(C(=C)CO)=O,A~A{A~B}AB,45.950467791754335
CC(C)N,CC(C)N,-1177.16,NC(C)C,AA{A}D,43.21366220511214
CCC(=O)C1CN1,CCC(=O)C1CN1,-1586.25,CCC(C1NC1)=O,AAA{~B}ArADr,66.10468239401942
[CH2][N][N][CH]C(C)O,[CH2][N][N][CH]C(C)O,-1445.16,C(O)([CH][N][N][CH2])C,{AQs}{D}{D}{AQ}A{A}B,58.20985720041185
C[CH][N]OC1CC1,C[CH][N]OC1CC1,-1550.43,O(C1CC1)[N][CH]C,A{AQ}{D}BArAAr,64.10034021218497
[CH2][N][N][CH]CCC,[CH2][N][N][CH]CCC,-1642.67,[CH](CCC)[N][N][CH2],{AQs}{D}{D}{AQ}AAA,69.26171717623888
C#CC=CC(=O)O,C#CC=CC(=O)O,-1242.48,OC(=O)C=CC#C,A^AA~AA{~B}B,46.868704955459066
OCC1CC(O)C1,OCC1CC(O)C1,-1647.27,C(C1CC(O)C1)O,BAArAA{B}Ar,69.51911455302385
CC(C)C1CNC1,CC(C)C1CNC1,-1916.08,C(C)(C1CNC1)C,AA{A}ArADAr,84.5606338690183
C=CC(=C)C(C)N,C=CC(=C)C(C)N,-1777.36,CC(N)C(=C)C=C,A~AA{~A}A{A}D,76.79842428040646
C=C1C=CC=CC1,C=C1C=CC=CC1,-1650.27,C1=CC(=C)CC=C1,A~ArA~AA~AAr,69.68698240744885
C=C1CCCC1O,C=C1CCCC1O,-1724.73,C1CC(O)C(=C)C1,A~ArAAAArB,73.85346255427727
ON=C1CCCC1,ON=C1CCCC1,-1441.97,C1(=NO)CCCC1,BD~ArAAAAr,58.0313577152066
COC(C)[CH][N]N,COC(C)[CH][N]N,-1574.3,N[N][CH]C(C)OC,ABA{A}{AQ}{D}D,65.43600877389319
CC1(C2CN2)CC1,CC1(C2CN2)CC1,-1765.47,C1CC1(C)C1NC1,AAr{AsADs}AAr,76.13310801736873
NC1CCCOC1,NC1CCCOC1,-1734.19,C1CCC(N)CO1,DArAAABAr,74.38280585523077
CC1COC(C)C1,CC1COC(C)C1,-1863.9,C1OC(C)CC1C,AArABA{A}Ar,81.64085232105288
NC1C2CCCC12,NC1C2CCCC12,-1788.59,C1(N)C2C1CCC2,DArAsAAAArs,77.4268096154707
C1CC2COCC12,C1CC2COCC12,-1686.99,C12C(CC1)COC2,ArAAsABAArs,71.74168494561083
C=CC(=C)CCN,C=CC(=C)CCN,-1778.48,NCCC(=C)C=C,A~AA{~A}AAD,76.86109494605847
CCCCNC=N,CCCCNC=N,-1805.02,C(CCNC=N)C,AAAADA~D,78.34616589820494
C=C1CC2CC2O1,C=C1CC2CC2O1,-1573.8,C12CC1OC(=C)C2,A~ArAAsAAsBr,65.40803079815569
O=CC#CC=O,O=CC#CC=O,-927.78,C(#CC=O)C=O,B~AA^AA~B,29.259367026276916
CC1COC=CO1,CC1COC=CO1,-1522.24,CC1OC=COC1,AArABA~ABr,62.522941940104765
NC1=CC(=O)CC1,NC1=CC(=O)CC1,-1492.52,C1CC(=O)C=C1N,DAr~AA{~B}AAr,60.859931062267776
CNC(C)C1CC1,CNC(C)C1CC1,-1910.97,C(C1CC1)(NC)C,ADA{A}ArAAr,84.27469895698107
NC1(CO)CC1O,NC1(CO)CC1O,-1518.31,OCC1(N)CC1O,DAr{AB}AArB,62.303035050808
CCC=CC1CC1,CCC=CC1CC1,-1901.11,C(C1CC1)=CCC,AAA~AArAAr,83.72297327543758
OC1CCCC1O,OC1CCCC1O,-1669.48,OC1C(O)CCC1,BArAAAArB,70.76189623528359
NC1CC1OC=O,NC1CC1OC=O,-1399.77,C1C(N)C1OC=O,DArAArBA~B,55.67001656296164
C=C(OC)C1CO1,C=C(OC)C1CO1,-1491.06,C1C(C(=C)OC)O1,A~A{BA}ArABr,60.77823537311428
CC(=O)CN1CC1,CC(=O)CN1CC1,-1580.87,O=C(CN1CC1)C,AA{~B}ADrAAr,65.80363937508392
C=C1CCNC1=O,C=C1CCNC1=O,-1489.72,C1C(=C)C(=O)NC1,A~ArAADAr~B,60.7032543981378
CC1C(C)N1C=O,CC1C(C)N1C=O,-1584.58,C1(C)C(C)N1C=O,AArA{A}DrA~B,66.01123595505618
O=CCC1CCN1,O=CCC1CCN1,-1577.99,O=CCC1NCC1,B~AAArAADr,65.64248623483594
CNC1(C)CC1O,CNC1(C)CC1O,-1708.98,C1(O)C(NC)(C)C1,ADAr{A}AArB,72.97215631854604
CC=CCC(C)N,CC=CCC(C)N,-1523.05,C(C=CC)C(N)C,AA~AAA{A}D,62.568266260799504
C=C1OCCC1N,C=C1OCCC1N,-1594.39,C1OC(=C)C(N)C1,A~ArBAAArD,66.56016383902593
C=CCNCCO,C=CCNCCO,-1333.46,C(C=C)NCCO,A~AADAAB,51.95957742065446
COC1(C)CC1,COC1(C)CC1,-1541.69,CC1(OC)CC1,ABAr{A}AAr,63.61128519629348
CCC(N)CC,CCC(N)CC,-1767.95,NC(CC)CC,AAA{D}AA,76.27187877702674
CCC(C)OC,CCC(C)OC,-1688.85,COC(CC)C,AAA{A}BA,71.84576301535431
C1=NNC2CC2O1,C1=NNC2CC2O1,-1255.84,C12NN=COC1C2,Ar~DDAsAAsBr,47.616276467165044
CCOC1CNC1,CCOC1CNC1,-1704.23,C1NCC1OCC,AABArADAr,72.70636554903979
CCC1NC1C=O,CCC1NC1C=O,-1583.22,C(C1NC1C=O)C,AAArDArA~B,65.9351358610502
Nc1cccs1,Nc1cccs1,-1147.2,c1sc(N)cc1,Daraaaer,41.537221898921175
CCCC(O)C=O,CCCC(O)C=O,-1665.8,O=CC(CCC)O,AAAA{B}A~B,70.55597833385559
CC1=CCCC1O,CC1=CCCC1O,-1729.65,C1(O)C(C)=CCC1,AAr~AAAArB,74.12876583553427
C=C1CCCCC1,C=C1CCCCC1,-1928.82,C1C(=C)CCCC1,A~ArAAAAAr,85.2735126908098
CC1CC(CO)N1,CC1CC(CO)N1,-1716.62,C1(C)NC(CO)C1,AArAA{AB}Dr,73.39965978781503
CCC=C(C)C=O,CCC=C(C)C=O,-1726.35,C(=CCC)(C=O)C,AAA~A{A}A~B,73.94411119566676
COC1(C)CC1N,COC1(C)CC1N,-1708.68,C1C(N)C1(OC)C,ABAr{A}AArD,72.95536953310355
CCC1(C)CN1C,CCC1(C)CN1C,-1785.84,CC1(CC)CN1C,AAAr{A}ADrA,77.27293074891446
NCC1CC1CN,NCC1CC1CN,-1787.65,C1(CN)CC1CN,DAArAArAD,77.37421102108421
C=COC1CCC1,C=COC1CCC1,-1699.06,C(=C)OC1CCC1,A~ABArAAAr,72.41707327991405
NC=CC(=O)CO,NC=CC(=O)CO,-1403.68,C(C(C=CN)=O)O,DA~AA{~B}AB,55.88880433322888
C#CC1CC=NO1,C#CC1CC=NO1,-1270.23,N1=CCC(C#C)O1,A^AArAA~DBr,48.42148260889029
COC1CC(N)C1,COC1CC(N)C1,-1707.8,C1(N)CC(OC)C1,ABArAA{D}Ar,72.90612829580554
CCC#CC1CN1,CCC#CC1CN1,-1517.56,C(#CC1CN1)CC,AAA^AArADr,62.26106808720175
CC1CCC1CN,CC1CCC1CN,-1917.04,CC1C(CN)CC1,AArAAArAD,84.61435158243431
C#CC=CCCC,C#CC=CCCC,-1751.92,C(C=CC#C)CC,A^AA~AAAA,75.3749048748825
CNCCN1CC1,CNCCN1CC1,-1769.87,C1N(CCNC)C1,ADAADrAAr,76.37931420385871
CC1=NCC(C)N1,CC1=NCC(C)N1,-1556.12,C1(C)=NCC(C)N1,AAr~DAA{A}Dr,64.4187295760777
Nc1cccn1O,Nc1cccn1O,-1318.17,c1ccn(O)c1N,DaraaadrB,51.10401092260174
[CH2][N][N][CH]CC,[CH2][N][N][CH]CC,-1346.96,[N]([N][CH2])[CH]CC,{AQs}{D}{D}{AQ}AA,52.71498276556695
[CH2][N]NCC#CC,[CH2][N]NCC#CC,-1477.68,C(C)#CCN[N][CH2],{AQs}{D}DAA^AA,60.02954474237881
CCOC=CCO,CCOC=CCO,-1648.43,C(C)OC=CCO,AABA~AAB,69.58402345673487
CC(N)C(C)(C)N,CC(N)C(C)(C)N,-1936.69,CC(C(N)C)(N)C,AA{D}A{A}{A}D,85.71388602891804
CC#CC(O)C=O,CC#CC(O)C=O,-1364.02,OC(C#CC)C=O,AA^AA{B}A~B,53.66959129773043
C=CC(=O)[CH][N]O,C=CC(=O)[CH][N]O,-1361.2,C(=C)C(=O)[CH][N]O,A~AA{~B}{AQ}{D}B,53.511795514570935
CC1CC1N(C)C,CC1CC1N(C)C,-1901.58,CN(C)C1CC1C,AArAArD{A}A,83.74927257263082
O=C1C=CCC1O,O=C1C=CCC1O,-1406.44,OC1C(=O)C=CC1,B~ArA~AAArB,56.04324275929988
CN1NCCC1=O,CN1NCCC1=O,-1477.49,N1(C)C(=O)CCN1,ADrDAAAr~B,60.018913111598565
CC1=CC(C)C=C1,CC1=CC(C)C=C1,-1787.78,C1=CC(C)=CC1C,AAr~AA{A}A~Ar,77.38148529477596
COc1cnsc1,COc1cnsc1,-1213.4,COc1csnc1,ABaradear,45.24150588656611
Cn1ccc(=O)s1,Cn1ccc(=O)s1,-1260.78,n1(C)sc(=O)cc1,Adraaa{~B}er,47.89269886745154
C#CC#CCNC,C#CC#CCNC,-1450.41,N(CC#CC#C)C,A^AA^AADA,58.50362594565559
Nc1cc(O)cs1,Nc1cc(O)cs1,-1319.77,c1sc(N)cc1O,Daraa{B}aer,51.19354044496173
C=C(C)C#CC#N,C=C(C)C#CC#N,-1780.5,N#CC#CC(C)=C,A~A{A}A^AA^D,76.97412596803797
CCC(C)[CH][N]N,CCC(C)[CH][N]N,-1781.04,N[N][CH]C(C)CC,AAA{A}{AQ}{D}D,77.00434218183446
CCC1CN(C)C1,CCC1CN(C)C1,-1778.83,CN1CC(CC)C1,AAArAD{A}Ar,76.8806795290747
CCNC(=O)C=O,CCNC(=O)C=O,-1422.61,C(NC(C=O)=O)C,AADA{~B}A~B,56.94805049465061
CNC(=N)C(C)C,CNC(=N)C(C)C,-1807.35,CC(C(=N)NC)C,ADA{~D}A{A}A,78.47654326514167
CC12CC=CC1O2,CC12CC=CC1O2,-1574.88,CC12OC1C=CC2,AArsAA~AArBs,65.46846322574869
C=C(C#N)C(C)O,C=C(C#N)C(C)O,-1460.91,CC(O)C(=C)C#N,A~A{A^D}A{A}B,59.09116343614308
NCc1ccon1,NCc1ccon1,-1326.28,n1occc1CN,DAaraabdr,51.55781368906397
[NH][CH]N1CC1C=O,[NH][CH]N1CC1C=O,-1439.64,O=CC1N([CH][NH])C1,{DQ}{AQ}DrAArA~B,57.90098034826986
CNC1CC(=O)C1,CNC1CC(=O)C1,-1585.42,C1C(=O)CC1NC,ADArAA{~B}Ar,66.05823895429518
COC1CCC1C,COC1CCC1C,-1839.26,C1CC(OC)C1C,ABArAAArA,80.2620976767089
CC(C)C(O)CO,CC(C)C(O)CO,-1796.31,OCC(C(C)C)O,AA{A}A{B}AB,77.85878956085769
C#CC(N)CN,C#CC(N)CN,-1335.94,C(C(N)CN)#C,A^AA{D}AD,52.09834818031246
C=C(CC=O)OC,C=C(CC=O)OC,-1515.19,COC(=C)CC=O,A~A{AA~B}BA,62.12845248220601
CCOCC#N,CCOCC#N,-1294.72,C(C#N)OCC,AABAA^D,49.791843860513005
CC1C=CCC1C,CC1C=CCC1C,-1924.7,CC1C(C)CC=C1,AArA~AAArA,85.04297417073282
CC#CC1COC1,CC#CC1COC1,-1546.92,C1OCC1C#CC,AA^AArABAr,63.90393482250773
O=CC1=CC=CC1,O=CC1=CC=CC1,-1463.99,C1=C(C=O)CC=C1,B~AAr~AA~AAr,59.263507766686075
CC1C(N)C1O,CC1C(N)C1O,-1416.59,CC1C(O)C1N,AArA{D}ArB,56.61119566677111
CCOC1CC1N,CCOC1CC1N,-1708.8,O(CC)C1CC1N,AABArAArD,72.96208424728054
C#CC1CC=CC1,C#CC1CC=CC1,-1622.97,C1(C#C)CC=CC1,A^AArAA~AAr,68.1593849321814
CC1=COC=CC1,CC1=COC=CC1,-1589.08,C1=CCC(C)=CO1,AAr~ABA~AAr,66.26303773669368
CCCC1CCC1,CCCC1CCC1,-2044.34,C(CC1CCC1)C,AAAArAAAr,91.73754420520167
CC(CO)N1CC1,CC(CO)N1CC1,-1709.14,N1(C(CO)C)CC1,AA{AB}DrAAr,72.98110927078206
N=C(N)CCC=O,N=C(N)CCC=O,-1192.32,C(C(N)=N)CC=O,D~A{D}AAA~B,44.06195442947312
CC(N)C1CCN1,CC(N)C1CCN1,-1785.21,N1C(C(C)N)CC1,AA{D}ArAADr,77.23767849948521
CC[CH][N]O,CC[CH][N]O,-1113.96,[CH]([N]O)CC,AA{AQ}{D}B,39.677246071892206
CC1C=CCNC1,CC1C=CCNC1,-1786.07,C1C=CC(C)CN1,AArA~AADAr,77.28580061775371
CC1OC1(C)CN,CC1OC1(C)CN,-1718.44,C(C1(C)OC1C)N,AArBAr{A}AD,73.50149961949954
C1=CCC2NC2C1,C1=CCC2NC2C1,-1605.94,C1C2NC2CC=C1,Ar~AAAsDAsAr,67.20645507856216
CC=COCC#N,CC=COCC#N,-1449.32,C(OCC#N)=CC,AA~ABAA^D,58.44263395854784
C[C](C)C=C[N]N,C[C](C)C=C[N]N,-1646.58,[C](C)(C=C[N]N)C,A{A}{A}A~A{D}D,69.4805049465061
NCCCOC=O,NCCCOC=O,-1584.35,C(CCOC=O)N,DAAABA~B,65.99836608621693
[CH2][N]N(C)CC=C,[CH2][N]N(C)CC=C,-1615.47,CN([N][CH2])CC=C,{AQs}{D}D{A}AA~A,67.7397152961189
C=CC=CCC=O,C=CC=CCC=O,-1578.44,C(C=CCC=O)=C,A~AA~AAA~B,65.6676664129997
CCCOC(C)C,CCCOC(C)C,-1988.07,C(CC)OC(C)C,AAABA{A}A,88.58890281570348
OC1CCOCC1,OC1CCOCC1,-1666.59,C1CC(O)CCO1,BArAABAAr,70.60018353552084
CCNC(C)=O,CCNC(C)=O,-1460.93,O=C(C)NCC,AADA{A}~B,59.09228255517258
CC#CC(N)CO,CC#CC(N)CO,-1572.15,CC#CC(CO)N,AA^AA{D}AB,65.31570347822195
CC(C)(C)CN,CC(C)(C)CN,-1767.11,C(C(C)(C)C)N,AA{A}{A}AD,76.22487577778773
[CH2][N][N][CH]C1CC1,[CH2][N][N][CH]C1CC1,-1493.75,[N]([CH2])[N][CH]C1CC1,{AQs}{D}{D}{AQ}ArAAr,60.92875688258203
C=CC(C#N)OC,C=CC(C#N)OC,-1442.27,COC(C=C)C#N,A~AA{A^D}BA,58.04814450064909
CC1C=NOC1C,CC1C=NOC1C,-1576.91,N1=CC(C)C(C)O1,AArA~DBArA,65.58205380724296
CNN=C(C)C#N,CNN=C(C)C#N,-1384.76,CNN=C(C#N)C,ADD~A{A}A^D,54.830117731321906
NC1COC2CC12,NC1COC2CC12,-1580.63,C1(N)COC2C1C2,DArABAsAArs,65.79020994672995
CCNCCCO,CCNCCCO,-1858.16,C(O)CCNCC,AADAAAB,81.31966515958639
O=CN1C=CCC1,O=CN1C=CCC1,-1687.21,N1(C=O)C=CCC1,B~ADrA~AAAr,71.75399525493532
OC1CC1,OC1CC1,-956.51,C1(O)CC1,BArAAr,30.866981512153636
CC1=NNC2CC12,CC1=NNC2CC12,-1660.28,C1(C)=NNC2C1C2,AAr~DDAsAArs,70.24710148171361
C=C1CCOC1=C,C=C1CCOC1=C,-1582.74,C1(=C)CCOC1=C,A~ArAABAr~A,65.9082770043422
C1NCC2CC1C2,C1NCC2CC1C2,-1782.09,N1CC2CC(C2)C1,ArDAAsAArAs,77.06309593088321
C=C1CC=NOC1,C=C1CC=NOC1,-1425.3,C=C1CON=CC1,A~ArAA~DBAr,57.09857200411836
CC1CS(=O)(=O)N1,CC1CS(=O)(=O)N1,-1321.35,S1(=O)(=O)NC(C)C1,AArAE{~B}{~B}Dr,51.28195084829222
NCC1CN1C=O,NCC1CN1C=O,-1454.31,C1N(C=O)C1CN,DAArADrA~B,58.72185415640807
NCCC(O)CO,NCCC(O)CO,-1564.22,C(C(CCN)O)O,DAAA{B}AB,64.87197278302521
CC1CC(CN)C1,CC1CC(CN)C1,-1148.58,C1(C)CC(CN)C1,AArAA{AD}Ar,41.61444111195667
Cn1ccsc1=O,Cn1ccsc1=O,-1246.17,c1n(C)c(=O)sc1,Adraaear~B,47.075182416401816
O=C1CCN1,O=C1CCN1,-1018.01,C1NC(=O)C1,B~ArAADr,34.308272527866066
C=CC(C)C1CN1,C=CC(C)C1CN1,-1610.75,CC(C1CN1)C=C,A~AA{A}ArADr,67.4756032051569
C1=CC2NC2C=C1,C1=CC2NC2C=C1,-1511.06,C12NC1C=CC=C2,Ar~AAsDAsA~Ar,61.897354402614255
CC1CCCCO1,CC1CCCCO1,-1864.23,C1OC(C)CCC1,AArAAAABr,81.65931778503962
C#CCC1CO1,C#CCC1CO1,-1242.64,O1CC1CC#C,A^AAArABr,46.877657907695074
CCC(N)=CC#N,CCC(N)=CC#N,-1546.79,CCC(=CC#N)N,AAA{D}~AA^D,63.896660548815966
c1[nH]cc2c1CN2,c1[nH]cc2c1CN2,-1365.99,c1c2c(c[nH]1)CN2,ar{dQ}aasarADs,53.77982452213618
CCc1ccsc1,CCc1ccsc1,-1304.71,s1cc(CC)cc1,AAaraaear,50.35084381574825
C1NCC2CC1O2,C1NCC2CC1O2,-1579.89,C1C2CNCC1O2,ArDAAsAArBs,65.74880254263846
CCC=O,CCC=O,-973.32,O=CCC,AAA~B,31.80760105644837
C1CC2OC2CO1,C1CC2OC2CO1,-1513.84,C1C2OC2COC1,ArAAsBAsABr,62.05291194771476
C#CC1CC1,C#CC1CC1,-1153.75,C(C1CC1)#C,A^AArAAr,41.90373338108242
O=CCNCC=O,O=CCNCC=O,-1182.23,C(=O)CNCC=O,B~AADAA~B,43.497358879090385
C1CC2OCC2N1,C1CC2OCC2N1,-1535.01,O1CC2NCCC12,ArAAsBAAsDr,63.237499440440494
[CH]1O[CH][C]2NC[C]12,[CH]1O[CH][C]2NC[C]12,-1278.85,N1C[C]2[C]1[CH]O[CH]2,{AQ}rB{AQ}{A}sDA{A}rs,48.90382291060477
CCC(C=O)NC,CCC(C=O)NC,-1724.52,O=CC(NC)CC,AAA{A~B}DA,73.84171180446752
C=CC(C)(C)C=C,C=CC(C)(C)C=C,-1900.69,C(C=C)(C)(C=C)C,A~AA{A}{A}A~A,83.69947177581808
CNC(CO)CO,CNC(CO)CO,-1659.66,OCC(CO)NC,ADA{AB}AB,70.2124087917991
C1=NCC2CC2N1,C1=NCC2CC2N1,-1488.87,C12NC=NCC1C2,Ar~DAAsAAsDr,60.655691839384026
CN1CCC1C#N,CN1CCC1C#N,-1514.79,C1C(C#N)N(C)C1,ADrAAArA^D,62.106070101616005
NC1C2CCC1O2,NC1C2CCC1O2,-1576.92,NC1C2OC1CC2,DArAsAAArBs,65.5826133667577
N#CC=CCC#N,N#CC=CCC#N,-1264.86,C(=CC#N)CC#N,D^AA~AAA^D,48.12099914946953
COCCOC,COCCOC,-1477.44,C(OC)COC,ABAABA,60.0161153140248
O[N][C]1CC=CN1,O[N][C]1CC=CN1,-1188.55,[N]([C]1NC=CC1)O,B{D}{A}rAA~ADr,43.851000492412375
Cc1ccoc1O,Cc1ccoc1O,-1406.28,c1(C)c(O)occ1,AaraabarB,56.034289807063885
C=CN(C)[CH][N]O,C=CN(C)[CH][N]O,-1434.55,CN(C=C)[CH][N]O,A~AD{A}{AQ}{D}B,57.6161645552621
CC(=O)CC=O,CC(=O)CC=O,-1239.64,C(=O)(CC=O)C,AA{~B}AA~B,46.709790053270076
CC#CCC1CN1,CC#CCC1CN1,-1615.96,C(#CC)CC1NC1,AA^AAArADr,67.76713371234165
OC1C=CC=C1,OC1C=CC=C1,-1284.37,C1=CC=CC1O,BArA~AA~Ar,49.21269976274676
CNC1C=CCC1,CNC1C=CCC1,-1788.4,N(C1CCC=C1)C,ADArA~AAAr,77.41617798469045
CCOCCC#N,CCOCCC#N,-1595.71,C(CC#N)OCC,AABAAA^D,66.63402569497292
CC(=O)C(C)(C)O,CC(=O)C(C)(C)O,-1671.52,CC(C(C)=O)(O)C,AA{~B}A{A}{A}B,70.87604637629258
CC(O)CCC=O,CC(O)CCC=O,-1665.67,OC(C)CCC=O,AA{B}AAA~B,70.54870406016384
CC(CN)NC=O,CC(CN)NC=O,-1624.83,N(C=O)C(C)CN,AA{AD}DA~B,68.26346300192488
C1=CC2OC2CC1,C1=CC2OC2CC1,-1579.67,C1CC=CC2OC12,Ar~AAsBAsAAr,65.73649223331394
NC1C2COC1C2,NC1C2COC1C2,-1574.53,C12C(N)C(OC1)C2,DArAsABArAs,65.44887864273245
NCC#CCCO,NCC#CCCO,-1566.27,OCCC#CCN,DAA^AAAB,64.98668248354895
CC1CCCCC1,CC1CCCCC1,-2069.4,C1CC(C)CCC1,AArAAAAAr,93.13980034916514
COc1ccsc1,COc1ccsc1,-1241.55,c1(OC)cscc1,ABaraaear,46.81666592058732
ON=C1C=CCO1,ON=C1C=CCO1,-1357.53,C1=CC(=NO)OC1,BD~ArA~AABr,53.30643717265769
CC(CO)CCO,CC(CO)CCO,-1792.51,C(C(C)CCO)O,AA{AB}AAB,77.6461569452527
C=CCOC(=C)C,C=CCOC(=C)C,-1703.91,C(COC(C)=C)=C,A~AABA{~A}A,72.68845964456781
CC(N)CCCO,CC(N)CCCO,-1864.13,OCCCC(N)C,AA{D}AAAB,81.65372218989212
CC1=CC(=O)NC1,CC1=CC(=O)NC1,-1495.25,N1CC(C)=CC1=O,AAr~AA{~B}DAr,61.01269080979453
CC1(C)CC(O)C1,CC1(C)CC(O)C1,-1849.53,OC1CC(C)(C)C1,AAr{A}AA{B}Ar,80.83676529835714
O=CC1CCNC1,O=CC1CCNC1,-1330.96,N1CCC(C=O)C1,B~AArAADAr,51.819687541966964
CC1=CC(C)CO1,CC1=CC(C)CO1,-1727.3,C1C(C)C=C(C)O1,AAr~AA{A}ABr,73.99726934956803
CN=C1CC=CN1,CN=C1CC=CN1,-1537.97,C1(=NC)CC=CN1,AD~ArAA~ADr,63.40312905680649
OCCC1CCN1,OCCC1CCN1,-1583.64,C(C1CCN1)CO,BAAArAADr,65.9586373606697
CC1C(N)C1(C)C,CC1C(N)C1(C)C,-1777.61,CC1C(C)(C)C1N,AArA{D}Ar{A}A,76.81241326827522
CC(O)CN(C)C,CC(O)CN(C)C,-1857.1,C(N(C)C)C(O)C,AA{B}AD{A}A,81.26035185102286
C=C(C)C1COC1,C=C(C)C1COC1,-1696.92,O1CC(C(C)=C)C1,A~A{A}ArABAr,72.29732754375756
CC(CCO)=NN,CC(CCO)=NN,-1585.54,C(CO)C(=NN)C,AA{AAB}~DD,66.06495366847217
NC1CC2CC1C2,NC1CC2CC1C2,-1783.86,C1(N)C2CC(C1)C2,DArAAsAArAs,77.16213796499396
CC#C[CH][N]O,CC#C[CH][N]O,-1113.95,O[N][CH]C#CC,AA^A{AQ}{D}B,39.67668651237746
CC1NCCC1N,CC1NCCC1N,-1655.54,C1C(N)C(C)NC1,AArDAAArD,69.9818702717221
C=C(C)O[CH][N]N,C=C(C)O[CH][N]N,-1438.88,C(C)(=C)O[CH][N]N,A~A{A}B{AQ}{D}D,57.85845382514885
CC=CC(C)NC,CC=CC(C)NC,-1915.38,C(=CC)C(NC)C,AA~AA{A}DA,84.52146470298581
NCC1(O)CC1O,NCC1(O)CC1O,-1517.15,C1C(O)(CN)C1O,DAAr{B}AArB,62.238126147097006
CC1OCCC1O,CC1OCCC1O,-1664.11,C1(C)C(O)CCO1,AArBAAArB,70.46141277586284
COCC=C(C)C,COCC=C(C)C,-1842.09,O(C)CC=C(C)C,ABAA~A{A}A,80.42045301938315
CNC(=O)C(C)O,CNC(=O)C(C)O,-1556.54,C(O)(C(=O)NC)C,ADA{~B}A{A}B,64.44223107569721
O=CC1CN=CN1,O=CC1CN=CN1,-1476.22,C1N=CNC1C=O,B~AArAD~ADr,59.94784905322531
CC1C(N)CC1O,CC1C(N)CC1O,-1719.64,OC1C(C)C(N)C1,AArA{D}AArB,73.56864676126955
CCC1=CCCC1,CCC1=CCCC1,-1926.84,C1CCC=C1CC,AAAr~AAAAr,85.16271990688931
CC(C#N)C1CN1,CC(C#N)C1CN1,-1520.95,N1C(C(C#N)C)C1,AA{A^D}ArADr,62.450758762702016
C#CCCC1CO1,C#CCCC1CO1,-1540.41,C(C1OC1)CC#C,A^AAAArABr,63.53966157840549
CC1CC=NN1C,CC1CC=NN1C,-1522.43,CC1N(C)N=CC1,AArAA~DDrA,62.53357357088501
OC1CCCOC1,OC1CCCOC1,-1665.59,C1OCCCC1O,BArAAABAr,70.54422758404584
[CH]1N[CH][C]2OC[C]12,[CH]1N[CH][C]2OC[C]12,-1285.95,N1[CH][C]2[C](OC2)[CH]1,{AQ}rD{AQ}{A}sBA{A}rs,49.301110166077265
NCCC[CH][N]O,NCCC[CH][N]O,-1915.19,C(CC[CH][N]O)N,DAAA{AQ}{D}B,84.51083307220557
C=CC(C)C(N)=O,C=CC(C)C(N)=O,-1614.9,CC(C(N)=O)C=C,A~AA{A}A{D}~B,67.70782040377814
CC(O)C1CN1,CC(O)C1CN1,-1421.83,OC(C1NC1)C,AA{B}ArADr,56.904404852500114
CC1CC(O)C1O,CC1CC(O)C1O,-1651.31,C1(O)C(C)CC1O,AArAA{B}ArB,69.74517659698284
CC=C1CC=CO1,CC=C1CC=CO1,-1584.95,CC=C1OC=CC1,AA~ArAA~ABr,66.03193965710194
CC(C)CO,CC(C)CO,-1401.12,C(CO)(C)C,AA{A}AB,55.74555709745288
CC1NC1CC=O,CC1NC1CC=O,-1584.6,C1(C)NC1CC=O,AArDArAA~B,66.01235507408568
CCC(O)[CH][N]N,CCC(O)[CH][N]N,-1582.74,C(C([CH][N]N)O)C,AAA{B}{AQ}{D}D,65.9082770043422
CCCC(C)NC,CCCC(C)NC,-2056.74,CCCC(NC)C,AAAA{A}DA,92.43139800349164
C=CC(C=C)C=O,C=CC(C=C)C=O,-1568.79,O=CC(C=C)C=C,A~AA{A~A}A~B,65.12769148126594
[CH2][N]OC(=O)CC,[CH2][N]OC(=O)CC,-1382.97,O=C(CC)O[N][CH2],{AQs}{D}BA{~B}AA,54.72995657818166
CC1OC1C#N,CC1OC1C#N,-1153.6,C1(C#N)C(C)O1,AArBArA^D,41.89533998836116
[CH2]C=C[N]NC=O,[CH2]C=C[N]NC=O,-1330.99,O=CN[N]C=C[CH2],{AQs}A~A{D}DA~B,51.821366220511216
N[N][CH]OC1CC1,N[N][CH]OC1CC1,-1467.11,[N](N)[CH]OC1CC1,D{D}{AQ}BArAAr,59.43809033528807
CC=CC=CC,CC=CC=CC,-1617.64,C(=CC=CC)C,AA~AA~AA,67.86113971081966
O=C1C=CC(=O)C1,O=C1C=CC(=O)C1,-1280.5,O=C1CC(=O)C=C1,B~ArA~AA{~B}Ar,48.996150230538525
CCC(C=O)C=O,CCC(C=O)C=O,-1527.67,C(C(CC)C=O)=O,AAA{A~B}A~B,62.826782756613994
C=CCC#CC=O,C=CCC#CC=O,-1417.3,C(C#CCC=C)=O,A~AAA^AA~B,56.65092439231837
CC12COC(C1)C2,CC12COC(C1)C2,-1703.44,C1C2(C)COC1C2,AArsABA{Ar}As,72.66216034737455
[CH2][N]NCC(=C)C,[CH2][N]NCC(=C)C,-1630.44,N([N][CH2])CC(C)=C,{AQs}{D}DAA{~A}A,68.57737588969964
C#CCNC1CC1,C#CCNC1CC1,-1609.34,C1C(NCC#C)C1,A^AADArAAr,67.39670531357716
CN(C=O)CCO,CN(C=O)CCO,-1547.14,N(CCO)(C)C=O,AD{A~B}AAB,63.91624513183224
C#CCC(=O)C=O,C#CCC(=O)C=O,-1227.99,O=CC(=O)CC#C,A^AAA{~B}A~B,46.05790321858633
C=C(C)OC=CC,C=C(C)OC=CC,-1705.31,C=C(OC=CC)C,A~A{A}BA~AA,72.76679797663279
C=C(C)CCCC,C=C(C)CCCC,-2049.96,CCCCC(=C)C,A~A{A}AAAA,92.05201665249116
CCC(C)C=O,CCC(C)C=O,-1565.57,CC(CC)C=O,AAA{A}A~B,64.94751331751645
CCC1CC1CN,CCC1CC1CN,-1917.42,CCC1C(CN)C1,AAArAArAD,84.63561484399482
N#CC=CCCO,N#CC=CCCO,-1293.47,C(C=CCCO)#N,D^AA~AAAB,49.721898921169256
O=CC1CNC1,O=CC1CNC1,-1278.45,N1CC(C=O)C1,B~AArADAr,48.88144053001478
CCCC(C)=NO,CCCC(C)=NO,-1709.71,ON=C(CCC)C,AAAA{A}~DB,73.0130041631228
COCC(C)O,COCC(C)O,-1491.2,CC(COC)O,ABAA{A}B,60.786069206320796
C1=NOCCCC1,C1=NOCCCC1,-1563.58,N1=CCCCCO1,Ar~DBAAAAr,64.8361609740812
C=C(C)CN,C=C(C)CN,-1327.3,C(=C)(CN)C,A~A{A}AD,51.61488875956847
C#CC(O)C#N,C#CC(O)C#N,-993.41,C(C#N)(O)C#C,A^AA{B}A^D,32.931756121581095
CC(CO)CC#N,CC(CO)CC#N,-1602.52,C(C)(CC#N)CO,AA{AB}AA^D,67.01508572451766
CN1C[CH]C=C1[NH],CN1C[CH]C=C1[NH],-1538.28,C1=C([NH])N(C)C[CH]1,ADrA{AQ}A~Ar{DQ},63.420475401763746
CC=C(C)C1CN1,CC=C(C)C1CN1,-1767.66,C(=C(C1NC1)C)C,AA~A{A}ArADr,76.25565155109899
C#CC(C#N)=CN,C#CC(C#N)=CN,-1243.93,N#CC(C#C)=CN,A^AA{A^D}~AD,46.949841085097816
CC1(N)CCOC1,CC1(N)CCOC1,-1733.79,C1(N)(C)CCOC1,AAr{D}AABAr,74.36042347464077
C1C2CC2C2NC12,C1C2CC2C2NC12,-1513.63,C12CC1C1NC1C2,ArAsAAsAsDArs,62.04116119790501
N=C1CC(=O)CN1,N=C1CC(=O)CN1,-1359.12,C1C(=O)CNC1=N,D~ArAA{~B}ADr,53.39540713550293
CNCC1(C)CN1,CNCC1(C)CN1,-1779.09,N(C)CC1(C)CN1,ADAAr{A}ADr,76.89522807645821
CC1NC1[CH][N]O,CC1NC1[CH][N]O,-1429.95,O[N][CH]C1C(C)N1,AArDAr{AQ}{D}B,57.358767178477116
CC(O)C1OC1C,CC(O)C1OC1C,-1647.82,O1C(C(O)C)C1C,AA{B}ArBArA,69.54989032633512
C=C1CCNC1=N,C=C1CCNC1=N,-1255.13,C=C1C(=N)NCC1,A~ArAADAr~D,47.57654774161781
CC1=COC=CO1,CC1=COC=CO1,-1378.41,C1=C(C)OC=CO1,AAr~ABA~ABr,54.47479743945567
CC1C2C=CC1N2,CC1C2C=CC1N2,-1614.05,C12C(C)C(C=C1)N2,AArAsA~AArDs,67.6602578450244
C=C(C)C(=C)CC,C=C(C)C(=C)CC,-1905.45,C(C)(=C)C(=C)CC,A~A{A}A{~A}AA,83.96582210483909
CC=CS(N)(=O)=O,CC=CS(N)(=O)=O,-1130.81,NS(=O)(C=CC)=O,AA~AE{D}{~B}~B,40.62010385424594
CCC1CC=NN1,CCC1CC=NN1,-1775.09,C1=NNC(CC)C1,AAArAA~DDr,76.67140427055823
CC1OC=CC1O,CC1OC=CC1O,-1527.58,OC1C=COC1C,AArBA~AArB,62.82174672098124
NC12CC=CC1C2,NC12CC=CC1C2,-1650.66,C12(N)CC1C=CC2,DArsAA~AArAs,69.70880522852411
[CH2][N]N(C)C1CC1,[CH2][N]N(C)C1CC1,-1616.05,[N]([CH2])N(C)C1CC1,{AQs}{D}D{A}ArAAr,67.7721697479744
COC1C(C)C1O,COC1C(C)C1O,-1631.0,C1(C)C(O)C1OC,ABArA{A}ArB,68.60871122252563
CCC(N)=O,CCC(N)=O,-1167.69,C(C(=O)N)C,AAA{D}~B,42.683759344643896
CC1(C)CC1CN,CC1(C)CC1CN,-1917.78,CC1(C)C(CN)C1,AAr{A}AArAD,84.65575898652581
[CH2][N][N][C](C)C,[CH2][N][N][C](C)C,-1351.27,[N]([C](C)C)[N][CH2],{AQs}{D}{D}{A}{A}A,52.956152916424195
C#CC1(N)CNC1,C#CC1(N)CNC1,-1477.52,C1NCC1(C#C)N,A^AAr{D}ADAr,60.020591790142795
CC1=NNCC1,CC1=NNCC1,-1366.64,N1CCC(C)=N1,AAr~DDAAr,53.81619589059493
CC1CNN=CO1,CC1CNN=CO1,-1463.64,C1(C)OC=NNC1,AArADD~ABr,59.243923183669835
[CH2][N][N][CH]CC=C,[CH2][N][N][CH]CC=C,-1496.97,[N]([CH]CC=C)[N][CH2],{AQs}{D}{D}{AQ}AA~A,61.10893504633154
CC(N)C1CCO1,CC(N)C1CCO1,-1714.28,NC(C1CCO1)C,AA{D}ArAABr,73.26872286136354
OC1CCC2OC12,OC1CCC2OC12,-1517.76,C1CC2C(O2)C1O,BArAAAsBArs,62.272259277496765
CN(C=O)CC=O,CN(C=O)CC=O,-1412.14,CN(CC=O)C=O,AD{A~B}AA~B,56.36219168270738
C1C2CC1N1CC21,C1C2CC1N1CC21,-1613.21,C1C2C3CN3C1C2,ArAsAArDrAAsr,67.6132548457854
Cc1cccn1O,Cc1cccn1O,-1447.67,On1cccc1C,AaraaadrB,58.350306638614086
CCOCOCC,CCOCOCC,-1785.21,O(CC)COCC,AABABAA,77.23767849948521
COC1C(C)C1C,COC1C(C)C1C,-1835.68,CC1C(OC)C1C,ABArA{A}ArA,80.06177537042842
C#CCO[CH][N]N,C#CCO[CH][N]N,-1309.47,N[N][CH]OCC#C,A^AAB{AQ}{D}D,50.61719414476924
CCC(C)CCO,CCC(C)CCO,-1990.14,C(C(C)CCO)C,AAA{A}AAB,88.70473163525675
C#CC=CCC=O,C#CC=CCC=O,-1419.31,C(C=CC#C)C=O,A^AA~AAA~B,56.76339585478312
CCC(N)=CC=O,CCC(N)=CC=O,-1605.4,CCC(=CC=O)N,AAA{D}~AA~B,67.17623886476566
C1COCCN1,C1COCCN1,-1432.23,C1OCCNC1,ArABAADr,57.486346747840095
C#CC(=CC)CC,C#CC(=CC)CC,-1752.37,C(C(C#C)=CC)C,A^AA{~AA}AA,75.40008505304623
NN1C=CCC1=O,NN1C=CCC1=O,-1486.15,C1=CN(N)C(=O)C1,DDrA~AAAr~B,60.503491651372045
NCCO,NCCO,-974.5,OCCN,DAAB,31.873629079188863
C#CCC#CC#N,C#CCC#CC#N,-1921.59,C(#CC#N)CC#C,A^AAA^AA^D,84.86895116164555
C=CC=C(C)C=O,C=CC=C(C)C=O,-1584.04,C=CC=C(C=O)C,A~AA~A{A}A~B,65.98101974125967
[NH][C]1CCCN1,[NH][C]1CCCN1,-1388.77,[C]1([NH])NCCC1,{DQ}{A}rAAADr,55.05450109673665
N#CC1CCC1O,N#CC1CCC1O,-1323.21,C1CC(O)C1C#N,D^AArAAArB,51.38602891803573
CN(C)CC(=O)O,CN(C)CC(=O)O,-1549.38,CN(C)CC(O)=O,AD{A}AA{~B}B,64.04158646313623
C=CC#CC#CC,C=CC#CC#CC,-1465.04,C(#CC#CC)C=C,A~AA^AA^AA,59.32226151573481
CC12CNCC1C2,CC12CNCC1C2,-1784.66,C12(C)C(CNC1)C2,AArsADAArAs,77.20690272617398
CC=CC#N,CC=CC#N,-1067.19,C(=CC#N)C,AA~AA^D,37.06018622140651
C#CCCCCN,C#CCCCCN,-1762.34,C(CCC#C)CN,A^AAAAAD,75.95796588925198
C#CC(=CC)CN,C#CC(=CC)CN,-1621.18,C(#C)C(CN)=CC,A^AA{~AA}AD,68.05922377904115
CCC(=O)OC,CCC(=O)OC,-1385.01,O=C(CC)OC,AAA{~B}BA,54.844106719190655
C#CC1NC1C#C,C#CC1NC1C#C,-1612.99,N1C(C#C)C1C#C,A^AArDArA^A,67.60094453646091
C#CC(C)(O)C=O,C#CC(C)(O)C=O,-1358.06,OC(C=O)(C)C#C,A^AA{A}{B}A~B,53.33609382693944
C[C]1S[N]N=C1C,C[C]1S[N]N=C1C,-2191.85,N1=C(C)[C](C)S[N]1,A{A}rE{D}D~ArA,99.99160660727874
N#CCN1CCC1,N#CCN1CCC1,-1513.26,C(C#N)N1CCC1,D^AADrAAAr,62.02045749585927
CNC1COC1=O,CNC1COC1=O,-1402.78,O1C(=O)C(NC)C1,ADArABAr~B,55.83844397690139
CC1NCC1O,CC1NCC1O,-1418.86,C1(O)CNC1C,AArDAArB,56.73821567661936
COC=CCC#N,COC=CCC#N,-1452.85,O(C)C=CCC#N,ABA~AAA^D,58.64015846725457
C=CC1OC1C,C=CC1OC1C,-1401.66,C(C1C(C)O1)=C,A~AArBArA,55.775773311249395
C=CN(C)[CH][N]C,C=CN(C)[CH][N]C,-1655.17,N([CH][N]C)(C)C=C,A~AD{A}{AQ}{D}A,69.96116656967635
C1=CCOC=C1,C1=CCOC=C1,-1285.91,C1=COCC=C1,Ar~AABA~Ar,49.29887192801827
CC(C)[CH][N]N,CC(C)[CH][N]N,-1485.53,N[N][CH]C(C)C,AA{A}{AQ}{D}D,60.46879896145755
C#CC[CH][N]NC,C#CC[CH][N]NC,-1475.84,C([CH][N]NC)C#C,A^AA{AQ}{D}DA,59.926585791664806
C=C(CO)CCN,C=C(CO)CCN,-1722.83,NCCC(=C)CO,A~A{AB}AAD,73.74714624647477
C1=NNCC2CC12,C1=NNCC2CC12,-1504.21,N1=CC2C(CN1)C2,Ar~DDAAsAArs,61.51405613501052
Cn1ccc(N)c1,Cn1ccc(N)c1,-1546.19,c1(N)ccn(C)c1,Adraaa{D}ar,63.863086977930976
C=CC1CC1C=C,C=CC1CC1C=C,-1752.67,C1(C=C)CC1C=C,A~AArAArA~A,75.41687183848875
C=C1C=CNC1=O,C=C1C=CNC1=O,-1352.6,C1=CC(=C)C(=O)N1,A~ArA~ADAr~B,53.03057433188594
CCC(C)OC=O,CCC(C)OC=O,-1678.48,O=COC(C)CC,AAA{A}BA~B,71.26549979855857
C=C(CO)C(C)C,C=C(CO)C(C)C,-1848.59,C(C)(C(CO)=C)C,A~A{AB}A{A}A,80.78416670397064
CC(C)OCC=O,CC(C)OCC=O,-1653.82,C(COC(C)C)=O,AA{A}BAA~B,69.88562603518511
C=CN(C)C(C)=N,C=CN(C)C(C)=N,-1658.42,CC(N(C=C)C)=N,A~AD{A}A{A}~D,70.1430234119701
OCC=CC1CN1,OCC=CC1CN1,-1411.91,C(=CCO)C1CN1,BAA~AArADr,56.34932181386814
Cc1ccsc1N,Cc1ccsc1N,-1419.95,Nc1c(C)ccs1,AaraaearD,56.79920766372712
CC#CC#N,CC#CC#N,-902.44,C(C#CC)#N,AA^AA^D,27.841443215900448
CCC(N)CCN,CCC(N)CCN,-1934.1,C(CN)C(N)CC,AAA{D}AAD,85.56896011459777
CC1NC1C(N)=O,CC1NC1C(N)=O,-1486.56,C1(C)C(C(=O)N)N1,AArDArA{D}~B,60.52643359147679
CC1CC1OC=O,CC1CC1OC=O,-1527.71,O=COC1C(C)C1,AArAArBA~B,62.829020994672995
O=CC1=CNCC1,O=CC1=CNCC1,-1210.11,C1(C=O)=CNCC1,B~AAr~ADAAr,45.05741080621334
OCC1=CCOC1,OCC1=CCOC1,-1519.05,C1OCC(CO)=C1,BAAr~AABAr,62.34444245489951
CC(N)=CC=O,CC(N)=CC=O,-1310.34,O=CC=C(C)N,AA{D}~AA~B,50.66587582255248
C=CC(C)=CCO,C=CC(C)=CCO,-1710.01,CC(C=C)=CCO,A~AA{A}~AAB,73.0297909485653
CCCCC(C)=O,CCCCC(C)=O,-1869.11,C(CCCC)(C)=O,AAAAA{A}~B,81.93238282823762
COc1ccsn1,COc1ccsn1,-1241.26,n1c(OC)ccs1,ABaraaedr,46.80043869465957
C#CCOCC=C,C#CCOCC=C,-1535.52,C(C=C)OCC#C,A^AABAA~A,63.26603697569273
CNCC1CN1,CNCC1CN1,-1480.93,C(C1NC1)NC,ADAArADr,60.21140158467256
OC1C2C=CC1C2,OC1C2C=CC1C2,-1554.7,C1(O)C2C=CC1C2,BArAsA~AArAs,64.33927212498322
C#CCCCO,C#CCCCO,-1395.73,C(C#C)CCO,A^AAAAB,55.443954519002645
CC1=CC2CC2C1,CC1=CC2CC2C1,-1419.85,C1(C)=CC2CC2C1,AAr~AAsAAsAr,56.79361206857961
Nc1coc(O)c1,Nc1coc(O)c1,-1277.04,c1(N)cc(O)oc1,Daraba{B}ar,48.80254263843503
CCCC=C(C)C,CCCC=C(C)C,-2051.87,C(=CCCC)(C)C,AAAA~A{A}A,92.15889251980839
N#CC1CCCO1,N#CC1CCCO1,-1466.89,C(C1OCCC1)#N,D^AArAAABr,59.42578002596358
O=C1CCC2CC12,O=C1CCC2CC12,-1594.95,C1CC(=O)C2C1C2,B~ArAAAsAArs,66.59149917185194
[CH2]C=C[N]N(C)C,[CH2]C=C[N]N(C)C,-1627.1,CN(C)[N]C=C[CH2],{AQs}A~A{D}D{A}A,68.39048301177313
C1CNC2CC2C1,C1CNC2CC2C1,-1784.07,C12CC1CCCN2,ArADAsAAsAr,77.17388871480371
C=CCC(=O)NO,C=CCC(=O)NO,-1409.0,C(CC(=O)NO)=C,A~AAA{~B}DB,56.18648999507588
C1CC1NC1CC1,C1CC1NC1CC1,-1764.8,C1C(NC2CC2)C1,ArAArDArAAr,76.09561752988049
CNC(=S)N(C)C,CNC(=S)N(C)C,-1360.84,C(=S)(N(C)C)NC,ADA{~E}D{A}A,53.491651372039925
Cc1cc(=O)[nH][nH]1,Cc1cc(=O)[nH][nH]1,-1353.34,Cc1[nH][nH]c(=O)c1,Aaraa{~B}{dQ}{dQ}r,53.07198173597743
CCn1cccn1,CCn1cccn1,-1546.96,c1cn(CC)nc1,AAdraaadr,63.90617306056673
CN(C)C[CH][N]O,CN(C)C[CH][N]O,-1564.14,O[N][CH]CN(C)C,AD{A}A{AQ}{D}B,64.86749630690723
CC1(N)CC=CC1,CC1(N)CC=CC1,-1752.81,C1=CCC(C)(N)C1,AAr{D}AA~AAr,75.42470567169524
C1CC2OC2CN1,C1CC2OC2CN1,-1586.19,C12C(CNCC1)O2,ArAAsBAsADr,66.10132503693093
CC(N)CN(C)C,CC(N)CN(C)C,-1922.02,C(C)(N)CN(C)C,AA{D}AD{A}A,84.89301222077981
CC1C2CCC1N2,CC1C2CCC1N2,-1779.73,C12NC(CC1)C2C,AArAsAAArDs,76.93103988540221
CCC1(N)CC1C,CCC1(N)CC1C,-1644.06,C1(N)(CC)C(C)C1,AAAr{D}AArA,69.33949594878911
C#CC#CC1CC1,C#CC#CC1CC1,-1442.81,C1C(C#CC#C)C1,A^AA^AArAAr,58.07836071444559
NCC1C(O)C1O,NCC1C(O)C1O,-1510.39,C(N)C1C(O)C1O,DAArA{B}ArB,61.859863915126034
Cc1cscc1C,Cc1cscc1C,-1376.33,s1cc(C)c(C)c1,AaraeaarA,54.358409060387665
C1=NCC2(CC2)N1,C1=NCC2(CC2)N1,-1526.96,C1C2(NC=NC2)C1,Ar~DAAs{AAs}Dr,62.787054031066745
C#CC(O)CC=O,C#CC(O)CC=O,-1358.73,OC(C#C)CC=O,A^AA{B}AA~B,53.37358431442769
CC1C2C=CC1C2,CC1C2C=CC1C2,-1544.19,CC1C2CC1C=C2,AArAsA~AArAs,63.75117507498098
NC1C=CC(N)C1,NC1C=CC(N)C1,-1667.02,C1=CC(N)CC1N,DArA~AA{D}Ar,70.62424459465508
C=C1CNCC1=O,C=C1CNCC1=O,-1466.25,C1(=O)C(=C)CNC1,A~ArADAAr~B,59.38996821701956
CC(C)CCCO,CC(C)CCCO,-1992.09,CC(CCCO)C,AA{A}AAAB,88.81384574063298
[CH2][N][N][C](C)CC,[CH2][N][N][C](C)CC,-1645.85,C[C](CC)[N][N][CH2],{AQs}{D}{D}{A}{A}AA,69.43965710192936
CCN(O)[CH][N]C,CCN(O)[CH][N]C,-1570.4,ON(CC)[CH][N]C,AAD{B}{AQ}{D}A,65.21778056314069
C#CC(N)C(=O)O,C#CC(N)C(=O)O,-1420.14,C#CC(C(O)=O)N,A^AA{D}A{~B}B,56.80983929450738
CCC(CO)CO,CCC(CO)CO,-1793.0,C(C(CC)CO)O,AAA{AB}AB,77.67357536147546
NC1CCCCC1,NC1CCCCC1,-1942.37,C1CC(N)CCC1,DArAAAAAr,86.03171583329602
CC1(CO)CC1N,CC1(CO)CC1N,-1717.54,C1C(CO)(C)C1N,AAr{AB}AArD,73.45113926317204
CC(=N)N1CC1,CC(=N)N1CC1,-1350.08,C(C)(N1CC1)=N,AA{~D}DrAAr,52.88956533416894
CC(O)C1CO1,CC(O)C1CO1,-1349.75,C(C)(C1CO1)O,AA{B}ArABr,52.8710998701822
C=Cc1nncs1,C=Cc1nncs1,-1556.22,C(=C)c1scnn1,A~Aarddaer,64.42432517122522
C=C(C)C1CC1,C=C(C)C1CC1,-1606.04,C1(C(=C)C)CC1,A~A{A}ArAAr,67.21205067370965
C#CC(C)=CC=C,C#CC(C)=CC=C,-1613.54,C(=CC=C)(C#C)C,A^AA{A}~AA~A,67.63172030977215
C#CC(=O)N[N][CH2],C#CC(=O)N[N][CH2],-1163.28,N([N][CH2])C(C#C)=O,A^AA{~B}D{D}{AQs},42.436993598639155
CC(=NN)C(C)O,CC(=NN)C(C)O,-1586.91,OC(C(=NN)C)C,AA{~DD}A{A}B,66.14161332199293
CC(N)=C(C)C=O,CC(N)=C(C)C=O,-1605.65,C(C=O)(C)=C(C)N,AA{D}~A{A}A~B,67.19022785263441
CC1NCCC1=O,CC1NCCC1=O,-1610.06,C1CC(=O)C(C)N1,AArDAAAr~B,67.43699359863915
C1CCC1,C1CCC1,-1155.53,C1CCC1,ArAAAr,42.00333497470791
CC1=NCCN1O,CC1=NCCN1O,-1447.74,N1(O)CCN=C1C,AAr~DAADrB,58.354223555217345
CON=C(C)CO,CON=C(C)CO,-1499.69,OCC(=NOC)C,ABD~A{A}AB,61.26113523434353
CNC1(CO)CC1,CNC1(CO)CC1,-1710.03,C1(CO)(NC)CC1,ADAr{AB}AAr,73.0309100675948
CCCC#CCN,CCCC#CCN,-1766.1,NCC#CCCC,AAAA^AAD,76.16836026679796
COCCCC=O,COCCCC=O,-1653.63,C(CCOC)C=O,ABAAAA~B,69.87499440440486
C#CC(C#C)C=O,C#CC(C#C)C=O,-1250.61,C#CC(C=O)C#C,A^AA{A^A}A~B,47.3236268409508
C=CCC(=O)NC,C=CCC(=O)NC,-1609.12,C(C=C)C(NC)=O,A~AAA{~B}DA,67.38439500425264
CC1CCCNC1,CC1CCCNC1,-1153.3,C1CCNCC1C,AArAAADAr,41.87855320291867
CC1C2CCN1C2,CC1C2CCN1C2,-1770.01,C1C2C(C)N1CC2,AArAsAADrAs,76.38714803706523
CCC1(C)CC1O,CCC1(C)CC1O,-1846.58,CC1(CC)CC1O,AAAr{A}AArB,80.67169524150587
C=CC=CC(C)=O,C=CC=CC(C)=O,-1588.32,C(=CC(=O)C)C=C,A~AA~AA{A}~B,66.22051121357268
C=CS([O])([O])OC,C=CS([O])([O])OC,-1273.77,[O]S(C=C)([O])OC,A~AE{{B}}{{B}}BA,48.61956667711178
C#CC1CCC1O,C#CC1CCC1O,-1549.64,OC1C(C#C)CC1,A^AArAAArB,64.05613501051974
CC=CO[CH][N]O,CC=CO[CH][N]O,-1361.9,[CH](OC=CC)[N]O,AA~AB{AQ}{D}B,53.55096468060344
CC12CC(CO1)C2,CC12CC(CO1)C2,-1705.85,C1C2(C)CC1CO2,AArsAA{ABr}As,72.7970141904293
N#CCCC1CO1,N#CCCC1CO1,-1450.85,C1OC1CCC#N,D^AAAArABr,58.528246564304574
C#CCC=CC#N,C#CCC=CC#N,-1519.85,C(C=CC#N)C#C,A^AAA~AA^D,62.3892072160795
CCOCCCN,CCOCCCN,-1857.06,C(OCCCN)C,AABAAAD,81.25811361296387
Cn1ccsc1=N,Cn1ccsc1=N,-1799.95,n1(C)c(=N)scc1,Adraaear~D,78.0624692242267
CN(C=N)CCO,CN(C=N)CCO,-1598.2,C(CN(C)C=N)O,AD{A~D}AAB,66.77335601414568
CC(C)O[CH][N]N,CC(C)O[CH][N]N,-1585.62,[CH](OC(C)C)[N]N,AA{A}B{AQ}{D}D,66.06943014459017
CNC1CNC1C,CNC1CNC1C,-1771.56,N1CC(NC)C1C,ADArADArA,76.47387976185146
CC1C=CC=CC1,CC1C=CC=CC1,-1785.49,C1=CC(C)CC=C1,AArA~AA~AAr,77.25334616589821
C=C(C#N)CCO,C=C(C#N)CCO,-1550.46,C(#N)C(CCO)=C,A~A{A^D}AAB,64.10201889072923
OCC1(O)CC1,OCC1(O)CC1,-1352.41,C1CC1(CO)O,BAAr{B}AAr,53.0199427011057
[CH2][N][N][CH]C(C)C,[CH2][N][N][CH]C(C)C,-1643.48,[CH](C(C)C)[N][N][CH2],{AQs}{D}{D}{AQ}A{A}A,69.3070414969336
N#CCNC1CC1,N#CCNC1CC1,-1518.24,C1(NCC#N)CC1,D^AADArAAr,62.29911813420477
CCC(N)CCO,CCC(N)CCO,-1868.38,CCC(CCO)N,AAA{D}AAB,81.89153498366086
CNCC1CO1,CNCC1CO1,-1408.96,C(C1CO1)NC,ADAArABr,56.18425175701688
C#CC(C)COC,C#CC(C)COC,-1682.78,CC(C#C)COC,A^AA{A}ABA,71.50611038990108
OCC1C=NN=C1,OCC1C=NN=C1,-1348.14,C1=NN=CC1CO,BAArA~DD~Ar,52.781010788307455
O=C1CCCN1,O=C1CCCN1,-1335.4,C1CCNC1=O,B~ArAAADr,52.06813196651597
C=C1OC=CC1O,C=C1OC=CC1O,-1384.18,C1(O)C(=C)OC=C1,A~ArBA~AArB,54.797663279466406
NC1C2C=CC1C2,NC1C2C=CC1C2,-1619.78,C1C2C=CC1C2N,DArAsA~AArAs,67.98088544697615
C=CC(=C)C,C=CC(=C)C,-1317.7,C(=C)(C)C=C,A~AA{~A}A,51.07771162540848
CC1(C)OC1CN,CC1(C)OC1CN,-1718.88,C1(C)(C)C(CN)O1,AAr{A}BArAD,73.52612023814854
C=CC=CCOC,C=CC=CCOC,-1699.95,C(=CCOC)C=C,A~AA~AABA,72.46687407672681
CCC(C#N)CO,CCC(C#N)CO,-1602.66,C(C(CO)C#N)C,AAA{A^D}AB,67.02291955772417
CCC(=NC)NC,CCC(=NC)NC,-1799.4,C(C(NC)=NC)C,AAA{~DA}DA,78.03169345091544
C=CC(=C)OC,C=CC(=C)OC,-1408.99,C=C(C=C)OC,A~AA{~A}BA,56.18593043556113
C1=CCOCOC1,C1=CCOCOC1,-1514.13,O1CC=CCOC1,Ar~AABABAr,62.06913917364251
CO[CH][N]N1CC1,CO[CH][N]N1CC1,-1425.93,[N](N1CC1)[CH]OC,AB{AQ}{D}DrAAr,57.13382425354761
CCC1CCCC1,CCC1CCCC1,-2064.84,C1C(CC)CCC1,AAArAAAAr,92.88464121043914
OCC1CN=CN1,OCC1CN=CN1,-1277.85,N1=CNC(CO)C1,BAArAD~ADr,48.84786695912977
C=C(C)C(N)CC,C=C(C)C(N)CC,-1919.56,CC(C(N)CC)=C,A~A{A}A{D}AA,84.75536058015129
CC1=CNC(=O)C1,CC1=CNC(=O)C1,-1492.43,C1(=O)CC(C)=CN1,AAr~ADA{~B}Ar,60.85489502663504
C#CCCOC=C,C#CCCOC=C,-1545.23,C=COCCC#C,A^AAABA~A,63.80936926451497
CC=CCOC,CC=CCOC,-1544.53,COCC=CC,AA~AABA,63.77020009848248
CNCCC(C)N,CNCCC(C)N,-1928.05,N(C)CCC(N)C,ADAAA{A}D,85.23042660817406
CCN(N)C(C)=O,CCN(N)C(C)=O,-1607.4,N(C(C)=O)(CC)N,AAD{D}A{A}~B,67.28815076771566
CCC(O)CC=O,CCC(O)CC=O,-1662.49,O=CCC(CC)O,AAA{B}AA~B,70.37076413447336
C1=CCC2(C1)CO2,C1=CCC2(C1)CO2,-1575.75,C1C2(CC=CC2)O1,Ar~AAAs{Ar}ABs,65.51714490353193
N=CN1CC(=O)C1,N=CN1CC(=O)C1,-1467.55,C1N(C=N)CC1=O,D~ADrAA{~B}Ar,59.46271095393706
C#CC#CC#N,C#CC#CC#N,-884.17,C(#C)C#CC#N,A^AA^AA^D,26.819127982452216
C=CC(=C)C(N)=O,C=CC(=C)C(N)=O,-1318.47,C(=C)(C(N)=O)C=C,A~AA{~A}A{D}~B,51.12079770804423
CCCC(O)C#N,CCCC(O)C#N,-1599.7,C(CC(O)C#N)C,AAAA{B}A^D,66.85728994135818
C=C1CC2CC1C2,C=C1CC2CC1C2,-1493.62,C1(=C)C2CC(C2)C1,A~ArAAsAArAs,60.921482608890265
C#CC1COC1C,C#CC1COC1C,-1545.09,O1CC(C#C)C1C,A^AArABArA,63.80153543130848
CCCC1(C)CC1,CCCC1(C)CC1,-2046.34,C(C)CC1(C)CC1,AAAAr{A}AAr,91.84945610815167
CC(N)=CC(N)=O,CC(N)=CC(N)=O,-1508.36,NC(C=C(N)C)=O,AA{D}~AA{D}~B,61.74627333363177
C=C1CC(C)=CO1,C=C1CC(C)=CO1,-1587.61,C1(C)=COC(=C)C1,A~ArAA{A}~ABr,66.18078248802543
CC(=O)C#CC#N,CC(=O)C#CC#N,-1161.81,N#CC#CC(C)=O,AA{~B}A^AA^D,42.35473834997091
CC1OC1CC=O,CC1OC1CC=O,-1513.66,C1(C)OC1CC=O,AArBArAA~B,62.04283987644927
CC1C2C=CC1O2,CC1C2C=CC1O2,-1543.54,C1=CC2OC1C2C,AArAsA~AArBs,63.71480370652222
C=C1CC2CC1O2,C=C1CC2CC1O2,-1558.57,C12OC(C(=C)C1)C2,A~ArAAsAArBs,64.55582165719146
CC1OCC1=O,CC1OCC1=O,-1224.23,C1(C)OCC1=O,AArBAAr~B,45.84750884104034
C=CC(CC)NC,C=CC(CC)NC,-1911.52,C(C(NC)C=C)C,A~AA{AA}DA,84.30547473029232
CC(N)C1(N)CC1,CC(N)C1(N)CC1,-1790.14,C1(N)(C(C)N)CC1,AA{D}Ar{D}AAr,77.51354134025696
CC#CC(C)CN,CC#CC(C)CN,-1189.97,NCC(C)C#CC,AA^AA{A}AD,43.93045794350687
O=C1NNC2CC12,O=C1NNC2CC12,-1238.65,C1C2C(=O)NNC12,B~ArDDAsAArs,46.654393661309825
[CH2][N]NC(C)C=C,[CH2][N]NC(C)C=C,-1630.09,N([N][CH2])C(C)C=C,{AQs}{D}DA{A}A~A,68.55779130668338
C#CC#CCC,C#CC#CCC,-1292.77,C(C#CC#C)C,A^AA^AAA,49.68272975513676
C=CC(N)=O,C=CC(N)=O,-1023.89,C(=O)(C=C)N,A~AA{D}~B,34.63729352253906
CC=CCC(C)O,CC=CCC(C)O,-1853.99,CC(O)CC=CC,AA~AAA{A}B,81.08632884193564
C1NC1CN1CC1,C1NC1CN1CC1,-1625.54,C1N(CC2NC2)C1,ArDArADrAAr,68.30319172747213
CC1(C)OCC1O,CC1(C)OCC1O,-1650.6,C1(C)(C)OCC1O,AAr{A}BAArB,69.7054478714356
CN=CN(C)C=O,CN=CN(C)C=O,-1484.56,C(=NC)N(C=O)C,AD~AD{A}A~B,60.41452168852679
C1=CC2OC2C=C1,C1=CC2OC2C=C1,-1438.75,C1=CC=CC2C1O2,Ar~AAsBAsA~Ar,57.851179551457086
C#CC=CCCO,C#CC=CCCO,-1551.72,C(=CC#C)CCO,A^AA~AAAB,64.17252338958772
O=CN1CCC1=O,O=CN1CCC1=O,-1621.71,C(=O)N1CCC1=O,B~ADrAAAr~B,68.0888804333229
O=C(O)C1CC1,O=C(O)C1CC1,-1243.51,OC(C1CC1)=O,B~A{B}ArAAr,46.92633958547832
ON=C1C=CCC1,ON=C1C=CCC1,-1321.55,C1=CC(=NO)CC1,BD~ArA~AAAr,51.29314203858723
CCC1(N)COC1,CCC1(N)COC1,-1713.57,C1OCC1(N)CC,AAAr{D}ABAr,73.2289941358163
CC1CN1CCO,CC1CN1CCO,-1711.83,C1(C)N(CCO)C1,AArADrAAB,73.13163078024978
NC12CCN(C1)C2,NC12CCN(C1)C2,-1638.39,C1N2CC(N)(C1)C2,DArsAAD{Ar}As,69.02222570392588
CC1C(=O)CC1O,CC1C(=O)CC1O,-1525.55,C1(=O)C(C)C(O)C1,AArA{~B}AArB,62.708156139487
C=C(C=O)C=O,C=C(C=O)C=O,-1093.56,C(C(=C)C=O)=O,A~A{A~B}A~B,38.535744661802234
C1COC2(C1)CC2,C1COC2(C1)CC2,-1714.43,C1CC12CCCO2,ArABAs{Ar}AAs,73.2771162540848
C=CC(C)CC#N,C=CC(C)CC#N,-1656.92,C(=C)C(C)CC#N,A~AA{A}AA^D,70.0590894847576
CNCC(O)CO,CNCC(O)CO,-1662.77,C(C(CNC)O)O,ADAA{B}AB,70.38643180088634
C#CC(=O)NC=O,C#CC(=O)NC=O,-1454.8,O=C(C#C)NC=O,A^AA{~B}DA~B,58.74927257263083
CC(=O)C1CCO1,CC(=O)C1CCO1,-1517.0,O=C(C)C1OCC1,AA{~B}ArAABr,62.22973275437575
C=CC(N)CCO,C=CC(N)CCO,-1574.34,NC(C=C)CCO,A~AA{D}AAB,65.4382470119522
CCC(C)C#N,CCC(C)C#N,-1505.93,C(C)(CC)C#N,AAA{A}A^D,61.61030037154753
C#CC(C)[CH][N]N,C#CC(C)[CH][N]N,-1479.3,[CH](C(C#C)C)[N]N,A^AA{A}{AQ}{D}D,60.1201933837683
CC(N)C#CCN,CC(N)C#CCN,-1635.84,C(C#CC(N)C)N,AA{D}A^AAD,68.87953802766462
C=CC(C#N)CO,C=CC(C#N)CO,-1287.53,N#CC(C=C)CO,A~AA{A^D}AB,49.389520569407765
CCNCCOC,CCNCCOC,-1850.08,C(NCCOC)C,AADAABA,80.86754107166837
CN(C=N)CC=O,CN(C=N)CC=O,-1462.51,C(C=O)N(C=N)C,AD{A~D}AA~B,59.18069295850308
CNCC(C)=NO,CNCC(C)=NO,-1573.23,N(O)=C(C)CNC,ADAA{A}~DB,65.37613590581493
CCC(N)COC,CCC(N)COC,-1854.62,O(CC(N)CC)C,AAA{D}ABA,81.12158109136486
CC1(O)CCC1N,CC1(O)CCC1N,-1716.2,NC1CCC1(C)O,AAr{B}AAArD,73.37615828819555
CC1(O)CC1CN,CC1(O)CC1CN,-1719.54,C1C(CN)C1(O)C,AAr{B}AArAD,73.56305116612204
C=COC(C)=O,C=COC(C)=O,-1242.37,C(=O)(C)OC=C,A~ABA{A}~B,46.862549800796806
C=C1C=CCC1C,C=C1C=CCC1C,-1787.48,C1(=C)C(C)CC=C1,A~ArA~AAArA,77.36469850933345
C1NC2CNC1C2,C1NC2CNC1C2,-1666.96,C1C2NCC(C2)N1,ArDAsADArAs,70.62088723756659
NC1C(O)CC1O,NC1C(O)CC1O,-1523.12,C1(N)C(O)CC1O,DArA{B}AArB,62.572183177402735
CNC1(C)COC1,CNC1(C)COC1,-1704.64,C1C(C)(NC)CO1,ADAr{A}ABAr,72.72930748914456
CC1COC=NO1,CC1COC=NO1,-1375.25,C1=NOC(C)CO1,AArABA~DBr,54.297976632794665
C#CC1NC1C#N,C#CC1NC1C#N,-1776.98,C(C1C(C#N)N1)#C,A^AArDArA^D,76.77716101884597
NC1CCNC1=O,NC1CCNC1=O,-1503.63,C1NC(=O)C(N)C1,DArAADAr~B,61.48160168315503
NCC=CC1CN1,NCC=CC1CN1,-1639.2,C(C1CN1)=CCN,DAA~AArADr,69.06755002462063
C#CCC(C)C=C,C#CCC(C)C=C,-1746.83,CC(C=C)CC#C,A^AAA{A}A~A,75.09008908187474
C=CC(N)CC,C=CC(N)CC,-1621.99,C(N)(CC)C=C,A~AA{D}AA,68.1045480997359
CCN(C=O)OC,CCN(C=O)OC,-1507.43,CON(CC)C=O,AAD{A~B}BA,61.69423429876003
CC1CC(O)C1=O,CC1CC(O)C1=O,-1521.74,CC1C(=O)C(O)C1,AArAA{B}Ar~B,62.494963964367265
C=CC1OC1C=C,C=CC1OC1C=C,-1547.95,C(=C)C1OC1C=C,A~AArBArA~A,63.96156945252698
C=CCNCCN,C=CCNCCN,-1782.15,C(CNCC=C)N,A~AADAAD,77.06645328797171
CC1CN([CH][NH])C1,CC1CN([CH][NH])C1,-1780.81,N1([CH][NH])CC(C)C1,AArAD{{AQ}{DQ}}Ar,76.9914723129952
O=C1C=CCCO1,O=C1C=CCCO1,-1413.13,C1=CCCOC1=O,B~ArA~AAABr,56.417588074667634
C#CC=CC(=C)C,C#CC=CC(=C)C,-1614.51,CC(C=CC#C)=C,A^AA~AA{~A}A,67.68599758270291
O=S1(=O)CCNC1,O=S1(=O)CCNC1,-1094.86,S1(=O)(=O)CNCC1,B~Er{~B}AADAr,38.608487398719724
OC1C=CC2CC12,OC1C=CC2CC12,-1576.63,C1C2C(O)C=CC12,BArA~AAsAArs,65.56638614082995
C=CN(C)C(N)=S,C=CN(C)C(N)=S,-1567.61,S=C(N)N(C)C=C,A~AD{A}A{D}~E,65.06166345852546
C#CC#CC(C)=O,C#CC#CC(C)=O,-1259.44,C(#CC#C)C(=O)C,A^AA^AA{A}~B,47.817717892475045
CN1C2COCC21,CN1C2COCC21,-1569.33,O1CC2C(C1)N2C,ADrAsABAAsr,65.15790769506245
COC(C)CC#N,COC(C)CC#N,-1594.37,C(C#N)C(C)OC,ABA{A}AA^D,66.55904471999641
NC1CCC1,NC1CCC1,-1321.3,C1(N)CCC1,DArAAAr,51.27915305071848
C=CC(C#N)=CC,C=CC(C#N)=CC,-1660.31,N#CC(=CC)C=C,A~AA{A^D}~AA,70.24878016025784
C1CCOCC1,C1CCOCC1,-1567.83,O1CCCCC1,ArAABAAr,65.07397376784995
C1C2CC1C1OC21,C1C2CC1C1OC21,-1534.63,C12CC(C1)C1OC21,ArAsAArArBAsr,63.21623617887999
O=C1CCCNN1,O=C1CCCNN1,-1123.96,N1NC(=O)CCC1,B~ArAAADDr,40.2368055866422
CC=CC(C)CC,CC=CC(C)CC,-2050.15,CCC(C)C=CC,AA~AA{A}AA,92.06264828327141
CC[N][CH]N1CC1,CC[N][CH]N1CC1,-1637.22,C1CN1[CH][N]CC,AA{D}{AQ}DrAAr,68.95675724070013
CC1CC1(O)CN,CC1CC1(O)CN,-1720.99,OC1(CN)C(C)C1,AArAAr{B}AD,73.64418729576079
CN[N][CH]C1CC1,CN[N][CH]C1CC1,-1628.14,C1C([CH][N]NC)C1,AD{D}{AQ}ArAAr,68.44867720130715
CNC1CCCC1,CNC1CCCC1,-1930.18,C1CC(NC)CC1,ADArAAAAr,85.34961278481582
C=CS(=O)(=O)CC,C=CS(=O)(=O)CC,-1794.17,C=CS(=O)(CC)=O,A~AE{~B}{~B}AA,77.7390438247012
COC(C)[CH][N]O,COC(C)[CH][N]O,-1498.19,O(C)C([CH][N]O)C,ABA{A}{AQ}{D}B,61.17720130713103
CC1C=CCN1,CC1C=CCN1,-1494.92,C1NC(C)C=C1,AArA~AADr,60.994225345807784
C1CC2CCC2N1,C1CC2CCC2N1,-1747.9,C12CCNC1CC2,ArAAsAAAsDr,75.149961949953
C1=CCCNCC1,C1=CCCNCC1,-1787.38,C1CNCCC=C1,Ar~AAADAAr,77.35910291418595
O=CC(O)C1CC1,O=CC(O)C1CC1,-1518.19,C1C(C(O)C=O)C1,B~AA{B}ArAAr,62.296320336631005
Nc1cscc1N,Nc1cscc1N,-1245.87,c1scc(N)c1N,DaraeaarD,47.0583956309593
CC1CCCN1C,CC1CCCN1C,-1483.46,CN1C(C)CCC1,AArAAADrA,60.352970141904294
[NH][C]1NC2CC1C2,[NH][C]1NC2CC1C2,-1518.86,C12CC([C]([NH])N1)C2,{DQ}{A}rDAsAArAs,62.333810824119254
CC1(O)COC1,CC1(O)COC1,-1349.17,C1(O)(C)COC1,AAr{B}ABAr,52.838645418326706
CO[N][CH]C1CC1,CO[N][CH]C1CC1,-1547.66,C1CC1[CH][N]OC,AB{D}{AQ}ArAAr,63.94534222659923
CCC1C(C)C1O,CCC1C(C)C1O,-1841.79,CC1C(O)C1CC,AAArA{A}ArB,80.40366623394064
C=CC(C)(O)CN,C=CC(C)(O)CN,-1721.17,C=CC(O)(CN)C,A~AA{A}{B}AD,73.65425936702628
C=C(C)C,C=C(C)C,-1161.23,CC(=C)C,A~A{A}A,42.32228389811541
C=COCC(N)=O,C=COCC(N)=O,-1494.51,NC(COC=C)=O,A~ABAA{D}~B,60.97128340570304
