smiles,pic50,transformed_solubility,transformed_smiles
C#CC(=O)N1CCN(Cc2cccc(Cl)c2)[C@H]2CS(=O)(=O)C[C@H]21,5.32,72.09302325581395,A^AA{~B}DrAAD{Aafaaaa{Z}af}{A*H}fAE{~B}{~B}A{A*H}fr
C#CC1(C)CCN(C(=O)Cc2cncc3ccccc23)CC1,5.33,71.8816067653277,A^AAr{A}AAD{A{~B}Aafadaataaaaaft}AAr
C#Cc1ccc([C@H]2CCCCN2C(=O)Cc2cncc3ccccc23)cc1,4.85,82.02959830866808,A^Aaraaa{{A*H}fAAAADfA{~B}Aafadaataaaaaft}aar
C#Cc1ccc2c(c1)[C@@H](C(=O)Nc1cncc3ccccc13)CN(C)C2=O,4.66,86.04651162790697,A^Aaraaafa{ar}{A**H}{A{~B}Daradaataaaaart}AD{A}Af~B
C=C(C(=O)Nc1ccccc1)[C@H]1C[C@]2(CN(CC(=O)NC)C(=O)c3ccc(Cl)cc32)C(=O)N1c1cncc2ccccc12,5.59,66.38477801268499,A~A{A{~B}Daraaaaar}{A*H}rA{A*}f{AD{AA{~B}DA}A{~B}ataaa{Z}aatf}A{~B}Draradaafaaaaarf
C=C(C(=O)O)[C@H]1C[C@]2(CN(CC(=O)OC(C)(C)C)C(=O)c3ccc(Cl)cc32)C(=O)N1c1cncc2ccccc12,5.53,67.65327695560254,A~A{A{~B}B}{A*H}rA{A*}f{AD{AA{~B}BA{A}{A}A}A{~B}ataaa{Z}aatf}A{~B}Draradaafaaaaarf
C=C(C(=O)OC)[C@H]1C[C@]2(CN(CC(=O)OC(C)(C)C)C(=O)c3ccc(Cl)cc32)C(=O)N1c1cncc2ccccc12,6.17,54.12262156448204,A~A{A{~B}BA}{A*H}rA{A*}f{AD{AA{~B}BA{A}{A}A}A{~B}ataaa{Z}aatf}A{~B}Draradaafaaaaarf
C=C(CN(C(=O)C1CCOc2ccc(Cl)cc21)c1cncc2ccccc12)C(=O)Nc1ccccc1,6.45,48.20295983086681,A~A{AD{A{~B}ArAABafaaa{Z}aafr}aradaafaaaaarf}A{~B}Daraaaaar
C=C(CN(C(=O)C1CCOc2ccc(Cl)cc21)c1cncc2ccccc12)C(N)=O,5.56,67.01902748414376,A~A{AD{A{~B}ArAABafaaa{Z}aafr}aradaafaaaaarf}A{D}~B
C=C(CN(C(=O)Nc1cncc2ccccc12)c1cccc(Cl)c1)C(=O)NCC,5.77,62.579281183932366,A~A{AD{A{~B}Daradaafaaaaarf}araaaa{Z}ar}A{~B}DAA
C=C(CN(C(=O)Nc1cncc2ccccc12)c1cccc(Cl)c1)C(=O)O,5.49,68.49894291754757,A~A{AD{A{~B}Daradaafaaaaarf}araaaa{Z}ar}A{~B}B
C=C(CN(C(=O)Nc1cncc2ccccc12)c1cccc(Cl)c1)C(N)=O,5.19,74.8414376321353,A~A{AD{A{~B}Daradaafaaaaarf}araaaa{Z}ar}A{D}~B
C=C(CN(C(=O)[C@H]1CCOc2ccc(Cl)cc21)c1cncc2ccccc12)C(=O)N(C)c1ccccc1,5.55,67.23044397463002,A~A{AD{A{~B}{A*H}rAABafaaa{Z}aafr}aradaafaaaaarf}A{~B}D{A}araaaaar
C=C(CN(C(=O)[C@H]1CCOc2ccc(Cl)cc21)c1cncc2ccccc12)C(=O)NCc1ccccc1,5.24,73.78435517970401,A~A{AD{A{~B}{A*H}rAABafaaa{Z}aafr}aradaafaaaaarf}A{~B}DAaraaaaar
C=C(CN(C(=O)[C@H]1CCOc2ccc(Cl)cc21)c1cncc2ccccc12)C(=O)Nc1ccc(Cl)cc1,5.18,75.05285412262157,A~A{AD{A{~B}{A*H}rAABafaaa{Z}aafr}aradaafaaaaarf}A{~B}Daraaa{Z}aar
C=C(CN(C(=O)[C@H]1CN(CC(=O)NC)C(=O)c2ccc(Cl)cc21)c1cncc2ccccc12)C(=O)NCc1ccc(OC)cc1Cl,7.64,23.044397463002127,A~A{AD{A{~B}{A*H}rAD{AA{~B}DA}A{~B}afaaa{Z}aafr}aradaafaaaaarf}A{~B}DAaraaa{BA}aarZ
C=C(CN(C(=O)[C@H]1CN(CC(=O)NC)C(=O)c2ccc(Cl)cc21)c1cncc2ccccc12)C(=O)Nc1ccc(-n2cccn2)cc1,5.93,59.19661733615223,A~A{AD{A{~B}{A*H}rAD{AA{~B}DA}A{~B}afaaa{Z}aafr}aradaafaaaaarf}A{~B}Daraaa{Mdfaaadf}aar
C=C(CN(C(=O)[C@H]1CN(CC(=O)NC)C(=O)c2ccc(Cl)cc21)c1cncc2ccccc12)C(=O)O,5.46,69.13319238900635,A~A{AD{A{~B}{A*H}rAD{AA{~B}DA}A{~B}afaaa{Z}aafr}aradaafaaaaarf}A{~B}B
C=C(CN(C(=O)[C@H]1CN(CC(=O)NC)Cc2ccc(Cl)cc21)c1cncc2ccccc12)C(=O)N1CCCCC1,4.99,79.06976744186046,A~A{AD{A{~B}{A*H}rAD{AA{~B}DA}Aafaaa{Z}aafr}aradaafaaaaarf}A{~B}DrAAAAAr
C=C(CN(C(=O)[C@H]1CN(CC(=O)NC)Cc2ccc(Cl)cc21)c1cncc2ccccc12)C(=O)N1CCOCC1,5.25,73.57293868921776,A~A{AD{A{~B}{A*H}rAD{AA{~B}DA}Aafaaa{Z}aafr}aradaafaaaaarf}A{~B}DrAABAAr
C=C(CN(C(=O)[C@H]1CN(CC(=O)NC)Cc2ccc(Cl)cc21)c1cncc2ccccc12)C(=O)NC,6.72,42.49471458773785,A~A{AD{A{~B}{A*H}rAD{AA{~B}DA}Aafaaa{Z}aafr}aradaafaaaaarf}A{~B}DA
C=C(CN(C(=O)[C@H]1CN(CC(=O)NC)Cc2ccc(Cl)cc21)c1cncc2ccccc12)C(=O)NCc1ccc(Br)cc1C,6.84,39.957716701902754,A~A{AD{A{~B}{A*H}rAD{AA{~B}DA}Aafaaa{Z}aafr}aradaafaaaaarf}A{~B}DAaraaa{X}aarA
C=C(CN(C(=O)[C@H]1CN(CC(=O)NC)Cc2ccc(Cl)cc21)c1cncc2ccccc12)C(=O)NCc1ccc(OC)cc1Cl,7.695,21.881606765327696,A~A{AD{A{~B}{A*H}rAD{AA{~B}DA}Aafaaa{Z}aafr}aradaafaaaaarf}A{~B}DAaraaa{BA}aarZ
C=C(CN(C(=O)[C@H]1CN(CC(=O)NC)Cc2ccc(Cl)cc21)c1cncc2ccccc12)C(=O)Nc1ccc(-n2cccn2)cc1,5.55,67.23044397463002,A~A{AD{A{~B}{A*H}rAD{AA{~B}DA}Aafaaa{Z}aafr}aradaafaaaaarf}A{~B}Daraaa{Mdfaaadf}aar
C=C(CN(C(=O)[C@H]1CN(CC(=O)NC)Cc2ccc(Cl)cc21)c1cncc2ccccc12)C(=O)Nc1ccc(C(F)(F)F)cn1,6.53,46.51162790697675,A~A{AD{A{~B}{A*H}rAD{AA{~B}DA}Aafaaa{Z}aafr}aradaafaaaaarf}A{~B}Daraaa{A{G}{G}G}adr
C=C(CN(C(=O)[C@H]1CN(CC(=O)NC)Cc2ccc(Cl)cc21)c1cncc2ccccc12)C(=O)Nc1ccccc1,7.1,34.460887949260055,A~A{AD{A{~B}{A*H}rAD{AA{~B}DA}Aafaaa{Z}aafr}aradaafaaaaarf}A{~B}Daraaaaar
C=C(CN(C(=O)[C@H]1CN(CC(=O)NC)Cc2ccc(Cl)cc21)c1cncc2ccccc12)C(=O)O,4.88,81.39534883720931,A~A{AD{A{~B}{A*H}rAD{AA{~B}DA}Aafaaa{Z}aafr}aradaafaaaaarf}A{~B}B
C=C(CN(C)c1cccc(N(Cc2cccc(Cl)c2)C(=O)Cc2cncc3ccccc23)c1)C(=O)Nc1ccccc1,4.46,90.27484143763213,A~A{AD{A}araaaa{D{Aafaaaa{Z}af}A{~B}Aafadaataaaaaft}ar}A{~B}Daraaaaar
C=C(CN1CCc2ccc(Cl)cc2C1C(=O)Nc1cncc2ccccc12)C(=O)O,5.62,65.75052854122622,A~A{ADrAAafaaa{Z}aafArA{~B}Daradaafaaaaarf}A{~B}B
C=C(CN1CCc2ccc(Cl)cc2C1C(=O)Nc1cncc2ccccc12)C(=O)OC,6.11,55.39112050739957,A~A{ADrAAafaaa{Z}aafArA{~B}Daradaafaaaaarf}A{~B}BA
C=C(CN1CCc2ccc(Cl)cc2C1C(=O)Nc1cncc2ccccc12)C(N)=O,5.29,72.72727272727273,A~A{ADrAAafaaa{Z}aafArA{~B}Daradaafaaaaarf}A{D}~B
C=C(CNc1cccc(N(Cc2cccc(Cl)c2)C(=O)Cc2cncc3ccccc23)c1)C(=O)Nc1ccccc1,4.99,79.06976744186046,A~A{ADaraaaa{D{Aafaaaa{Z}af}A{~B}Aafadaataaaaaft}ar}A{~B}Daraaaaar
C=C1CN(c2cncc3ccccc23)C(=O)[C@]12CN(Cc1ccc(OC)cc1OC)C(=O)c1ccc(F)cc12,7.0,36.57505285412263,A~ArAD{afadaataaaaaft}A{~B}{A*}rfAD{Aaraaa{BA}aarBA}A{~B}araaa{G}aarf
C=CC(=O)N(C)c1cccc(N(Cc2cccc(Cl)c2)C(=O)Cc2cncc3ccccc23)c1,5.76,62.79069767441861,A~AA{~B}D{A}araaaa{D{Aafaaaa{Z}af}A{~B}Aafadaataaaaaft}ar
C=CC(=O)N1CCCCc2ccc(N(Cc3ccc(Cl)cc3)C(=O)Cc3cncc4ccccc34)cc21,4.56,88.16067653276956,A~AA{~B}DrAAAAafaaa{D{Aataaa{Z}aat}A{~B}Aatadaauaaaaatu}aafr
C=CC(=O)N1CCCc2c1cccc2N(C(=O)Cc1cncc2ccccc12)C1(c2cccc(Cl)c2)COC1,4.99,79.06976744186046,A~AA{~B}DrAAAafaraaaafD{A{~B}Aaradaafaaaaarf}Ar{afaaaa{Z}af}ABAr
C=CC(=O)N1CCCc2c1cccc2N(Cc1cccc(-c2ccc[nH]2)c1)C(=O)Cc1cncc2ccccc12,4.79,83.29809725158563,A~AA{~B}DrAAAafaraaaafD{Aaraaaa{Mafaaa{dH}f}ar}A{~B}Aaradaafaaaaarf
C=CC(=O)N1CCCc2c1cccc2N(Cc1cccc(C(=O)NC)c1)C(=O)Cc1cncc2ccccc12,4.2,95.77167019027483,A~AA{~B}DrAAAafaraaaafD{Aaraaaa{A{~B}DA}ar}A{~B}Aaradaafaaaaarf
C=CC(=O)N1CCCc2c1cccc2N(Cc1cccc(Cl)c1)C(=O)Cc1cncc2ccccc12,6.32,50.95137420718816,A~AA{~B}DrAAAafaraaaafD{Aaraaaa{Z}ar}A{~B}Aaradaafaaaaarf
C=CC(=O)N1CCCc2c1cccc2N(Cc1cccc([C@H]2CCCN2)c1)C(=O)Cc1cncc2ccccc12,4.26,94.5031712473573,A~AA{~B}DrAAAafaraaaafD{Aaraaaa{{A*H}fAAADf}ar}A{~B}Aaradaafaaaaarf
C=CC(=O)N1CCCc2ccc(N(C(=O)Cc3cncc4ccccc34)N(C)c3cccc(Cl)c3)cc21,8.19,11.416490486257947,A~AA{~B}DrAAAafaaa{D{A{~B}Aatadaauaaaaatu}D{A}ataaaa{Z}at}aafr
C=CC(=O)N1CCCc2ccc(N(Cc3cccc(-c4ccccc4)c3)C(=O)Cc3cncc4ccccc34)cc21,5.88,60.25369978858352,A~AA{~B}DrAAAafaaa{D{Aataaaa{Mauaaaaau}at}A{~B}Aatadaauaaaaatu}aafr
C=CC(=O)N1CCCc2ccc(N(Cc3cccc(Br)c3)C(=O)Cc3cncc4ccccc34)cc21,7.62,23.467230443974636,A~AA{~B}DrAAAafaaa{D{Aataaaa{X}at}A{~B}Aatadaauaaaaatu}aafr
C=CC(=O)N1CCCc2ccc(N(Cc3cccc(C(F)(F)F)c3)C(=O)Cc3cncc4ccccc34)cc21,7.4,28.1183932346723,A~AA{~B}DrAAAafaaa{D{Aataaaa{A{G}{G}G}at}A{~B}Aatadaauaaaaatu}aafr
C=CC(=O)N1CCCc2ccc(N(Cc3cccc(Cl)c3)C(=O)Cc3cncc4c(F)cccc34)cc21,7.41,27.90697674418605,A~AA{~B}DrAAAafaaa{D{Aataaaa{Z}at}A{~B}Aatadaaua{G}aaaatu}aafr
C=CC(=O)N1CCCc2ccc(N(Cc3cccc(Cl)c3)C(=O)Cc3cncc4ccccc34)cc21,7.74,20.93023255813954,A~AA{~B}DrAAAafaaa{D{Aataaaa{Z}at}A{~B}Aatadaauaaaaatu}aafr
C=CC(=O)N1CCc2c1cccc2N(Cc1cccc(Cl)c1)C(=O)Cc1cncc2ccccc12,5.08,77.16701902748414,A~AA{~B}DrAAafaraaaafD{Aaraaaa{Z}ar}A{~B}Aaradaafaaaaarf
C=CC(=O)N1CCc2ccc(N(Cc3cccc(Cl)c3)C(=O)Cc3cncc4ccccc34)cc21,5.75,63.00211416490487,A~AA{~B}DrAAafaaa{D{Aataaaa{Z}at}A{~B}Aatadaauaaaaatu}aafr
C=CC(=O)N1C[C@H](C(N)=O)Cc2ccc(N(Cc3cccc(Cl)c3)C(=O)Cc3cncc4ccccc34)cc21,6.66,43.76321353065539,A~AA{~B}DrA{A*H}{A{D}~B}Aafaaa{D{Aataaaa{Z}at}A{~B}Aatadaauaaaaatu}aafr
C=CC(=O)NC(C(=O)Nc1cncc2ccccc12)c1ccc(Cl)c(Cl)c1,5.5,68.28752642706132,A~AA{~B}DA{A{~B}Daradaafaaaaarf}araaa{Z}a{Z}ar
C=CC(=O)Nc1ccc(Cl)c(N(Cc2cccc(Cl)c2)C(=O)Cc2cncc3ccccc23)c1,5.3,72.51585623678648,A~AA{~B}Daraaa{Z}a{D{Aafaaaa{Z}af}A{~B}Aafadaataaaaaft}ar
C=CC(=O)Nc1ccc(F)c(N(Cc2cccc(Cl)c2)C(=O)Cc2cncc3ccccc23)c1,5.28,72.93868921775898,A~AA{~B}Daraaa{G}a{D{Aafaaaa{Z}af}A{~B}Aafadaataaaaaft}ar
C=CC(=O)Nc1cccc(N(Cc2cc(Cl)ccc2Cl)C(=O)Cc2cncc3ccccc23)c1,4.79,83.29809725158563,A~AA{~B}Daraaaa{D{Aafaa{Z}aaafZ}A{~B}Aafadaataaaaaft}ar
C=CC(=O)Nc1cccc(N(Cc2ccc(Cl)cc2Cl)C(=O)Cc2cncc3ccccc23)c1,4.22,95.34883720930233,A~AA{~B}Daraaaa{D{Aafaaa{Z}aafZ}A{~B}Aafadaataaaaaft}ar
C=CC(=O)Nc1cccc(N(Cc2cccc(-c3cc[nH]c3)c2)C(=O)Cc2cncc3ccccc23)c1,4.05,98.94291754756871,A~AA{~B}Daraaaa{D{Aafaaaa{Mataa{dH}at}af}A{~B}Aafadaataaaaaft}ar
C=CC(=O)Nc1cccc(N(Cc2cccc(-c3ccoc3)c2)C(=O)Cc2cncc3ccccc23)c1,4.81,82.87526427061312,A~AA{~B}Daraaaa{D{Aafaaaa{Mataabat}af}A{~B}Aafadaataaaaaft}ar
C=CC(=O)Nc1cccc(N(Cc2cccc(C(=N)N)c2)C(=O)Cc2cncc3ccccc23)c1,5.18,75.05285412262157,A~AA{~B}Daraaaa{D{Aafaaaa{A{~D}D}af}A{~B}Aafadaataaaaaft}ar
C=CC(=O)Nc1cccc(N(Cc2cccc(Cl)c2)C(=O)Cc2cncc3ccccc23)c1,5.57,66.8076109936575,A~AA{~B}Daraaaa{D{Aafaaaa{Z}af}A{~B}Aafadaataaaaaft}ar
C=CC(=O)Nc1cccc(N(Cc2cccc3ccoc23)C(=O)Cc2cncc3ccccc23)c1,4.77,83.72093023255816,A~AA{~B}Daraaaa{D{Aafaaaataabaft}A{~B}Aafadaataaaaaft}ar
C=CC(=O)Nc1cccc(N(Cc2cccc3ccsc23)C(=O)Cc2cncc3ccccc23)c1,4.55,88.37209302325581,A~AA{~B}Daraaaa{D{Aafaaaataafaft}A{~B}Aafadaataaaaaft}ar
C=CC(=O)Nc1ccccc1N(Cc1cccc(Cl)c1)C(=O)Cc1cncc2ccccc12,5.16,75.47568710359407,A~AA{~B}DaraaaaarD{Aaraaaa{Z}ar}A{~B}Aaradaafaaaaarf
C=CC[C@H](Nc1cc(Cl)cc(NC(=O)OCc2ccccc2)c1)c1cccc(CN)c1,4.43,90.9090909090909,A~AA{A*H}{Daraa{Z}aa{DA{~B}BAafaaaaaf}ar}araaaa{AD}ar
C=CC[C@H](Nc1ccc2c(c1)CNC2)c1cc(Cl)cc2[nH]ncc12,4.65,86.25792811839322,A~AA{A*H}{Daraaafa{ar}ADAf}araa{Z}aaf{dH}daarf
C=CC[C@H](Nc1cccc(-c2nn[nH]n2)c1)c1cc(Cl)cc(NC(=O)OCc2ccccc2)c1,4.11,97.67441860465115,A~AA{A*H}{Daraaaa{Mafdd{dH}df}ar}araa{Z}aa{DA{~B}BAafaaaaaf}ar
C=CC[C@H](Nc1cccc(C(=O)O)c1)c1cc(Cl)cc2[nH]ncc12,4.42,91.12050739957716,A~AA{A*H}{Daraaaa{A{~B}B}ar}araa{Z}aaf{dH}daarf
C=CC[C@H](Nc1cccc(Cl)c1)c1cccc(-c2nn[nH]n2)c1,4.62,86.89217758985201,A~AA{A*H}{Daraaaa{Z}ar}araaaa{Mafdd{dH}df}ar
C=CC[C@H]1CCCN(C(=O)Cc2cncc3ccccc23)C1,4.984999999999999,79.17547568710361,A~AA{A*H}rAAAD{A{~B}Aafadaataaaaaft}Ar
CC(=O)N1CCN(S(=O)(=O)OCC(=O)N2CCN(Cc3cccc(Cl)c3)[C@H](CC(C)C)C2)CC1,7.14,33.615221987315024,AA{~B}DrAAD{E{~B}{~B}BAA{~B}DfAAD{Aataaaa{Z}at}{A*H}{AA{A}A}Af}AAr
CC(=O)N1C[C@@]2(CC[C@H]1C)NC(=O)N(c1cncc3ccccc13)C2=O,4.36,92.38900634249471,AA{~B}DrA{A**}f{AA{A*H}rA}DA{~B}D{aradaataaaaart}Af~B
CC(=O)N1C[C@]2(CC[C@H]1C)NC(=O)N(c1cncc3ccccc13)C2=O,4.21,95.56025369978859,AA{~B}DrA{A*}f{AA{A*H}rA}DA{~B}D{aradaataaaaart}Af~B
CC(=O)Nc1ccc(N(C)C(=O)CN2Cc3ccc(Cl)cc3[C@H](C(=O)Nc3cncc4ccccc34)C2)cc1,5.83,61.310782241014806,AA{~B}Daraaa{D{A}A{~B}ADfAataaa{Z}aat{A*H}{A{~B}Datadaauaaaaatu}Af}aar
CC(=O)Nc1ccc(NC(=O)CN2Cc3ccc(Cl)cc3[C@H](C(=O)Nc3cncc4ccccc34)C2)cc1,7.47,26.63847780126851,AA{~B}Daraaa{DA{~B}ADfAataaa{Z}aat{A*H}{A{~B}Datadaauaaaaatu}Af}aar
CC(=O)c1cccc(CN2CCN(C(=O)COS(=O)(=O)N3CCOCC3)C[C@H]2CC(C)C)c1,6.13,54.96828752642707,AA{~B}araaaa{ADfAAD{A{~B}ABE{~B}{~B}DtAABAAt}A{A*H}fAA{A}A}ar
CC(C)(C#N)NC(=O)[C@H](Cc1cccc(Cl)c1)c1cncc2ccccc12,4.12,97.46300211416491,AA{A}{A^D}DA{~B}{A*H}{Aaraaaa{Z}ar}aradaafaaaaarf
CC(C)(C#N)c1ccc(N(Cc2cccc(Cl)c2)C(=O)Cc2cncc3ccccc23)cc1,6.2,53.48837209302326,AA{A}{A^D}araaa{D{Aafaaaa{Z}af}A{~B}Aafadaataaaaaft}aar
CC(C)(C)N(Cc1ccccc1)C(=O)CN1Cc2ccc(Cl)cc2[C@H](C(=O)Nc2cncc3ccccc23)C1,6.0,57.71670190274842,AA{A}{A}D{Aaraaaaar}A{~B}ADrAafaaa{Z}aaf{A*H}{A{~B}Dafadaataaaaaft}Ar
CC(C)(C)[C@H](NC(=O)C(F)(F)F)C(=O)N1C[C@H]2[C@@H]([C@H]1C(=O)N[C@H](C#N)C[C@@H]1CCNC1=O)C2(C)C,8.68,1.0570824524313045,AA{A}{A}{A*H}{DA{~B}A{G}{G}G}A{~B}DrA{A*H}f{A**H}{{A*H}rA{~B}D{A*H}{A^D}A{A**H}rAADAr~B}Af{A}A
CC(C)(F)C1CCN(C(=O)Cc2cncc3ccccc23)CC1,6.02,57.29386892177592,AA{A}{G}ArAAD{A{~B}Aafadaataaaaaft}AAr
CC(C)(NC(=O)CN1Cc2ccc(Cl)cc2[C@H](C(=O)Nc2cncc3ccccc23)C1)c1ccccc1,6.74,42.07188160676533,AA{A}{DA{~B}ADrAafaaa{Z}aaf{A*H}{A{~B}Dafadaataaaaaft}Ar}araaaaar
CC(C)(NC(=O)c1cncc2ccccc12)c1cccc(C#N)c1,4.23,95.13742071881606,AA{A}{DA{~B}aradaafaaaaarf}araaaa{A^D}ar
CC(C)(O)[C@H]1CCCN(C(=O)Cc2cncc3ccccc23)C1,4.55,88.37209302325581,AA{A}{B}{A*H}rAAAD{A{~B}Aafadaataaaaaft}Ar
CC(C)C1(C)CCN(C(=O)Cc2cncc3ccccc23)CC1,6.13,54.96828752642707,AA{A}Ar{A}AAD{A{~B}Aafadaataaaaaft}AAr
CC(C)C1(F)CCN(C(=O)Cc2cncc3ccccc23)CC1,6.21,53.27695560253701,AA{A}Ar{G}AAD{A{~B}Aafadaataaaaaft}AAr
CC(C)C1CCN(C(=O)Cc2cncc3ccccc23)CC1,6.33,50.7399577167019,AA{A}ArAAD{A{~B}Aafadaataaaaaft}AAr
CC(C)CC1(C(F)(F)F)CCN(C(=O)Cc2cncc3ccccc23)CC1,7.06,35.306553911205086,AA{A}AAr{A{G}{G}G}AAD{A{~B}Aafadaataaaaaft}AAr
CC(C)CC1(C)CCN(C(=O)Cc2cncc3ccccc23)CC1,6.47,47.7801268498943,AA{A}AAr{A}AAD{A{~B}Aafadaataaaaaft}AAr
CC(C)CC1CCN(C(=O)Cc2cncc3ccccc23)CC1,5.31,72.30443974630022,AA{A}AArAAD{A{~B}Aafadaataaaaaft}AAr
CC(C)CCN(Cc1ccccc1)C(=O)Cc1cncc2ccccc12,5.13,76.10993657505286,AA{A}AAD{Aaraaaaar}A{~B}Aaradaafaaaaarf
CC(C)CC[C@H]1CCCCN1C(=O)Cc1cncc2ccccc12,5.125,76.21564482029599,AA{A}AA{A*H}rAAAADrA{~B}Aaradaafaaaaarf
CC(C)CNS(=O)(=O)OCC(=O)N1CCN(Cc2cccc(Cl)c2)[C@H]2CS(=O)(=O)C[C@@H]21,7.26,31.078224101479925,AA{A}ADE{~B}{~B}BAA{~B}DrAAD{Aafaaaa{Z}af}{A*H}fAE{~B}{~B}A{A**H}fr
CC(C)CNS(=O)(=O)OCC(=O)N1CCN(Cc2cccc(Cl)c2)[C@H]2CS(=O)(=O)C[C@H]21,5.35,71.45877378435519,AA{A}ADE{~B}{~B}BAA{~B}DrAAD{Aafaaaa{Z}af}{A*H}fAE{~B}{~B}A{A*H}fr
CC(C)C[C@H](NC(=O)OC1CC2(C1)CN(C(=O)Cc1ccccc1)C2)C(=O)N[C@H](C=O)C[C@@H]1CCNC1=O,4.2,95.77167019027483,AA{A}A{A*H}{DA{~B}BArAAf{Ar}AD{A{~B}Aaraaaaar}Af}A{~B}D{A*H}{A~B}A{A**H}rAADAr~B
CC(C)C[C@H]1CN(C(=O)COS(=O)(=O)N(C)C)CCN1Cc1cccc(Cl)c1,5.99,57.92811839323467,AA{A}A{A*H}rAD{A{~B}ABE{~B}{~B}D{A}A}AADrAaraaaa{Z}ar
CC(C)C[C@H]1CN(C(=O)COS(=O)(=O)N2CCCC2)CCN1Cc1cccc(Cl)c1,5.83,61.310782241014806,AA{A}A{A*H}rAD{A{~B}ABE{~B}{~B}DfAAAAf}AADrAaraaaa{Z}ar
CC(C)C[C@H]1CN(C(=O)COS(=O)(=O)N2CCCCC2)CCN1Cc1cccc(Cl)c1,6.41,49.04862579281184,AA{A}A{A*H}rAD{A{~B}ABE{~B}{~B}DfAAAAAf}AADrAaraaaa{Z}ar
CC(C)C[C@H]1CN(C(=O)COS(=O)(=O)N2CCNCC2)CCN1Cc1cccc(Cl)c1,6.92,38.26638477801269,AA{A}A{A*H}rAD{A{~B}ABE{~B}{~B}DfAADAAf}AADrAaraaaa{Z}ar
CC(C)C[C@H]1CN(C(=O)COS(=O)(=O)N2CCOCC2)CCN1Cc1cc(Cl)cc2ccccc12,6.79,41.01479915433404,AA{A}A{A*H}rAD{A{~B}ABE{~B}{~B}DfAABAAf}AADrAaraa{Z}aafaaaaarf
CC(C)C[C@H]1CN(C(=O)COS(=O)(=O)N2CCOCC2)CCN1Cc1cccc(Cl)c1,6.9,38.689217758985194,AA{A}A{A*H}rAD{A{~B}ABE{~B}{~B}DfAABAAf}AADrAaraaaa{Z}ar
CC(C)C[C@H]1CN(C(=O)COS(=O)(=O)N2CCOCC2)CCN1Cc1cccc(F)c1,5.95,58.7737843551797,AA{A}A{A*H}rAD{A{~B}ABE{~B}{~B}DfAABAAf}AADrAaraaaa{G}ar
CC(C)C[C@H]1CN(C(=O)COS(N)(=O)=O)CCN1Cc1cccc(Cl)c1,5.17,75.26427061310783,AA{A}A{A*H}rAD{A{~B}ABE{D}{~B}~B}AADrAaraaaa{Z}ar
CC(C)N(Cc1cccc(Cl)c1)C(=O)Cc1cncc2ccccc12,5.82,61.52219873150105,AA{A}D{Aaraaaa{Z}ar}A{~B}Aaradaafaaaaarf
CC(C)NC(=O)CN1C[C@@]2(C(=O)N(c3cncc4ccccc34)C[C@@H]2C)c2cc(Cl)ccc2C1=O,6.53,46.51162790697675,AA{A}DA{~B}ADrA{A**}f{A{~B}D{atadaauaaaaatu}A{A**H}fA}afaa{Z}aaafAr~B
CC(C)NC(=O)CN1C[C@@]2(C(=O)N(c3cncc4ccccc34)C[C@@H]2C)c2cc(F)ccc2C1=O,6.65,43.97463002114164,AA{A}DA{~B}ADrA{A**}f{A{~B}D{atadaauaaaaatu}A{A**H}fA}afaa{G}aaafAr~B
CC(C)NS(=O)(=O)OCC(=O)N1CCN(Cc2cccc(Cl)c2)[C@H]2CS(=O)(=O)C[C@H]21,5.51,68.07610993657507,AA{A}DE{~B}{~B}BAA{~B}DrAAD{Aafaaaa{Z}af}{A*H}fAE{~B}{~B}A{A*H}fr
CC(C)O[C@H]1CCN(C(=O)Cc2cncc3ccccc23)[C@@H](C)C1,4.39,91.75475687103595,AA{A}B{A*H}rAAD{A{~B}Aafadaataaaaaft}{A**H}{A}Ar
CC(C)[C@H]1CCCN(C(=O)Cc2cncc3ccccc23)C1,5.13,76.10993657505286,AA{A}{A*H}rAAAD{A{~B}Aafadaataaaaaft}Ar
CC(C)[C@H]1c2ccsc2CCN1C(=O)Cc1cncc2ccccc12,6.476666666666667,47.639182522903454,AA{A}{A*H}rafaafafAADrA{~B}Aaradaafaaaaarf
CC(C)[C@]1(C#N)CCN(C(=O)Cc2cncc3ccccc23)C1,5.743333333333333,63.14305849189571,AA{A}{A*}r{A^D}AAD{A{~B}Aafadaataaaaaft}Ar
CC(C)[C@]1(O)CCCN(C(=O)Cc2cncc3ccccc23)C1,4.31,93.44608879492601,AA{A}{A*}r{B}AAAD{A{~B}Aafadaataaaaaft}Ar
CC(C)c1ccc([C@H]2CCCCN2C(=O)Cc2cncc3ccccc23)cc1,4.82,82.66384778012684,AA{A}araaa{{A*H}fAAAADfA{~B}Aafadaataaaaaft}aar
CC(C)c1nc([C@H]2CCCN(C(=O)Cc3cncc4ccccc34)C2)no1,4.04,99.15433403805497,AA{A}arda{{A*H}fAAAD{A{~B}Aatadaauaaaaatu}Af}dbr
CC(F)(F)C1CCN(C(=O)Cc2cncc3ccccc23)CC1,6.23,52.85412262156448,AA{G}{G}ArAAD{A{~B}Aafadaataaaaaft}AAr
CC(F)(F)[C@H](C(=O)Nc1cncc2ccccc12)c1ccccc1,4.91,80.76109936575052,AA{G}{G}{A*H}{A{~B}Daradaafaaaaarf}araaaaar
CC1(C(F)(F)F)CCN(C(=O)Cc2cncc3ccccc23)CC1,6.11,55.39112050739957,AAr{A{G}{G}G}AAD{A{~B}Aafadaataaaaaft}AAr
CC1(C)CCN(C(=O)Cc2cncc3ccccc23)CC1,5.66,64.90486257928117,AAr{A}AAD{A{~B}Aafadaataaaaaft}AAr
CC1(C)CCN(S(C)(=O)=O)C[C@]12NC(=O)N(c1cncc3ccccc13)C2=O,4.47,90.06342494714588,AAr{A}AAD{E{A}{~B}~B}A{A*}rfDA{~B}D{aradaataaaaart}Af~B
CC1(C)CN(C(=O)Cc2cncc3ccccc23)[C@H]1c1cccs1,4.86,81.81818181818181,AAr{A}AD{A{~B}Aafadaataaaaaft}{A*H}raraaafr
CC1(C)CN(C(=O)Cc2cncc3ccccc23)[C@H]2COC[C@H]21,4.42,91.12050739957716,AAr{A}AD{A{~B}Aafadaataaaaaft}{A*H}fABA{A*H}fr
CC1(C)[C@@H]2CN(C(=O)Cc3cncc4ccccc34)C[C@@H]21,5.46,69.13319238900635,AAr{A}{A**H}fAD{A{~B}Aatadaauaaaaatu}A{A**H}fr
CC1(CC(F)(F)F)CCN(C(=O)Cc2cncc3ccccc23)CC1,5.81,61.73361522198732,AAr{AA{G}{G}G}AAD{A{~B}Aafadaataaaaaft}AAr
CC1(F)CCN(C(=O)Cc2cncc3ccccc23)CC1,5.31,72.30443974630022,AAr{G}AAD{A{~B}Aafadaataaaaaft}AAr
CC1(O)CCN(C(=O)Cc2cncc3ccccc23)CC1,4.62,86.89217758985201,AAr{B}AAD{A{~B}Aafadaataaaaaft}AAr
CC1(c2ccccc2)CCN(C(=O)Cc2cncc3ccccc23)CC1,5.16,75.47568710359407,AAr{afaaaaaf}AAD{A{~B}Aafadaataaaaaft}AAr
CC1CCC2(CC1)CCN(C(=O)Cc1cncc3ccccc13)C2,6.16,54.33403805496828,AArAAAf{AAr}AAD{A{~B}Aaradaataaaaart}Af
CC1CCN(C(=O)Cc2cncc3ccccc23)CC1,5.73,63.424947145877375,AArAAD{A{~B}Aafadaataaaaaft}AAr
CCC(=O)N1CCCc2c1cccc2N(Cc1cccc(Cl)c1)C(=O)Cc1cncc2ccccc12,5.89,60.04228329809726,AAA{~B}DrAAAafaraaaafD{Aaraaaa{Z}ar}A{~B}Aaradaafaaaaarf
CCC(=O)Nc1cccc(N(Cc2ccccc2)C(=O)Cc2cncc3ccccc23)c1,4.55,88.37209302325581,AAA{~B}Daraaaa{D{Aafaaaaaf}A{~B}Aafadaataaaaaft}ar
CCC(=O)[C@H]1CCCCN1C(=O)Cc1cncc2ccccc12,4.34,92.81183932346724,AAA{~B}{A*H}rAAAADrA{~B}Aaradaafaaaaarf
CCC1(C)CCN(C(=O)Cc2cncc3ccccc23)CC1,6.13,54.96828752642707,AAAr{A}AAD{A{~B}Aafadaataaaaaft}AAr
CCC1CCN(C(=O)Cc2cncc3ccccc23)CC1,6.04,56.87103594080339,AAArAAD{A{~B}Aafadaataaaaaft}AAr
CCCCNC(=O)c1cnc([C@H](NC(=O)CCl)c2cccc(Cl)c2)s1,5.25,73.57293868921776,AAAADA{~B}arada{{A*H}{DA{~B}AZ}afaaaa{Z}af}fr
CCCCNC(=O)c1cnc([C@H](NC(=O)CCl)c2ccccc2)s1,4.72,84.77801268498943,AAAADA{~B}arada{{A*H}{DA{~B}AZ}afaaaaaf}fr
CCCN(CCc1cccs1)C(=O)Cc1cncc2ccccc12,4.68,85.62367864693447,AAAD{AAaraaafr}A{~B}Aaradaafaaaaarf
CCC[C@]1(Cc2ccccc2)CCCN1C(=O)Cc1cncc2ccccc12,5.1,76.74418604651163,AAA{A*}r{Aafaaaaaf}AAADrA{~B}Aaradaafaaaaarf
CCN1CCN(c2ccc(NC(=O)CN3Cc4ccc(Cl)cc4[C@H](C(=O)Nc4cncc5ccccc45)C3)cc2)CC1,7.55,24.947145877378446,AADrAAD{afaaa{DA{~B}ADtAauaaa{Z}aau{A*H}{A{~B}Dauadaavaaaaauv}At}aaf}AAr
CCN1CCN(c2ccc(NC(=O)CN3Cc4ccc(Cl)cc4[C@H](C(=O)Nc4cncc5ccccc45)C3)cc2F)CC1,7.43,27.48414376321354,AADrAAD{afaaa{DA{~B}ADtAauaaa{Z}aau{A*H}{A{~B}Dauadaavaaaaauv}At}aafG}AAr
CCNC(=O)CN1C[C@@]2(C(=O)N(c3cncc4ccccc34)C[C@@H]2C)c2cc(Cl)ccc2C1=O,7.73,21.14164904862579,AADA{~B}ADrA{A**}f{A{~B}D{atadaauaaaaatu}A{A**H}fA}afaa{Z}aaafAr~B
CCNC(=O)CN1C[C@@]2(C(=O)N(c3cncc4ccccc34)C[C@@H]2C)c2cc(F)ccc2C1=O,7.48,26.42706131078224,AADA{~B}ADrA{A**}f{A{~B}D{atadaauaaaaatu}A{A**H}fA}afaa{G}aaafAr~B
CCNS(=O)(=O)OCC(=O)N1CCN(Cc2cccc(Cl)c2)[C@H]2CS(=O)(=O)C[C@H]21,6.67,43.55179704016914,AADE{~B}{~B}BAA{~B}DrAAD{Aafaaaa{Z}af}{A*H}fAE{~B}{~B}A{A*H}fr
CCO[C@@H]1CCCN(C(=O)Cc2cncc3ccccc23)C1,4.14,97.04016913319239,AAB{A**H}rAAAD{A{~B}Aafadaataaaaaft}Ar
CCO[C@@H]1C[C@@H](C)N(C(=O)Cc2cncc3ccccc23)[C@@H](C)C1,4.57,87.94926004228329,AAB{A**H}rA{A**H}{A}D{A{~B}Aafadaataaaaaft}{A**H}{A}Ar
CCO[C@H]1CN(c2cncc3ccccc23)C(=O)[C@@]12CN(CC(=O)NC)C(=O)c1ccc(Cl)cc12,7.37,28.75264270613108,AAB{A*H}rAD{afadaataaaaaft}A{~B}{A**}rfAD{AA{~B}DA}A{~B}araaa{Z}aarf
CCOc1ccc(CNC(=O)CN2Cc3ccc(Cl)cc3[C@H](C(=O)Nc3cncc4ccccc34)C2)cc1,6.9,38.689217758985194,AABaraaa{ADA{~B}ADfAataaa{Z}aat{A*H}{A{~B}Datadaauaaaaatu}Af}aar
CCOc1cccc(CNC(=O)CN2Cc3ccc(Cl)cc3[C@H](C(=O)Nc3cncc4ccccc34)C2)c1,7.05,35.51797040169134,AABaraaaa{ADA{~B}ADfAataaa{Z}aat{A*H}{A{~B}Datadaauaaaaatu}Af}ar
CCOc1ccccc1CNC(=O)CN1Cc2ccc(Cl)cc2[C@H](C(=O)Nc2cncc3ccccc23)C1,6.94,37.84355179704016,AABaraaaaarADA{~B}ADrAafaaa{Z}aaf{A*H}{A{~B}Dafadaataaaaaft}Ar
CCS(=O)(=O)N1CC2(C1)C(=O)N(c1cncc3ccccc13)C(=O)N2C,4.76,83.9323467230444,AAE{~B}{~B}DrAAf{Ar}A{~B}D{aradaataaaaart}A{~B}DfA
CCS(=O)(=O)N[C@H]1CN(c2cncc3ccccc23)C(=O)[C@@]12CN(CC(=O)NC)C(=O)c1ccc(Cl)cc12,6.87,39.323467230443974,AAE{~B}{~B}D{A*H}rAD{afadaataaaaaft}A{~B}{A**}rfAD{AA{~B}DA}A{~B}araaa{Z}aarf
CC[C@@H]1C[C@H](C)CCN1C(=O)Cc1cncc2ccccc12,5.64,65.3276955602537,AA{A**H}rA{A*H}{A}AADrA{~B}Aaradaafaaaaarf
CC[C@H](C(=O)Nc1cncc2ccccc12)c1cc(F)c(F)c(F)c1,6.11,55.39112050739957,AA{A*H}{A{~B}Daradaafaaaaarf}araa{G}a{G}a{G}ar
CC[C@H](C(=O)Nc1cncc2ccccc12)c1ccccc1,5.03,78.22410147991543,AA{A*H}{A{~B}Daradaafaaaaarf}araaaaar
CC[C@H](C)OC1CCN(C(=O)Cc2cncc3ccccc23)CC1,4.33,93.0232558139535,AA{A*H}{A}BArAAD{A{~B}Aafadaataaaaaft}AAr
CC[C@H](c1ccccc1)[C@H]1CCCN1C(=O)Cc1cncc2ccccc12,4.92,80.54968287526428,AA{A*H}{araaaaar}{A*H}rAAADrA{~B}Aaradaafaaaaarf
CC[C@H]1CCCN(C(=O)Cc2cncc3ccccc23)C1,4.8100000000000005,82.8752642706131,AA{A*H}rAAAD{A{~B}Aafadaataaaaaft}Ar
CC[C@H]1CN(C(=O)Cc2cncc3ccccc23)C[C@@H]1c1ccc(OC)cc1,4.88,81.39534883720931,AA{A*H}rAD{A{~B}Aafadaataaaaaft}A{A**H}raraaa{BA}aar
CC[C@H]1C[C@@H](C(F)(F)F)CCN1C(=O)Cc1cncc2ccccc12,5.9799999999999995,58.13953488372095,AA{A*H}rA{A**H}{A{G}{G}G}AADrA{~B}Aaradaafaaaaarf
CC[C@H]1c2ccsc2CCN1C(=O)Cc1cncc2ccccc12,6.109999999999999,55.3911205073996,AA{A*H}rafaafafAADrA{~B}Aaradaafaaaaarf
CCc1cc([C@H]2CCCCN2C(=O)Cc2cncc3ccccc23)on1,4.54,88.58350951374207,AAaraa{{A*H}fAAAADfA{~B}Aafadaataaaaaft}bdr
CCc1cc([C@H]2CCCN2C(=O)Cc2cncc3ccccc23)on1,4.25,94.71458773784356,AAaraa{{A*H}fAAADfA{~B}Aafadaataaaaaft}bdr
CCc1ccc(CNC(=O)CN2Cc3ccc(Cl)cc3[C@H](C(=O)Nc3cncc4ccccc34)C2)cc1,6.99,36.78646934460888,AAaraaa{ADA{~B}ADfAataaa{Z}aat{A*H}{A{~B}Datadaauaaaaatu}Af}aar
CCc1ccc([C@H]2C[C@H](C)CCN2C(=O)Cc2cncc3ccccc23)o1,6.256666666666667,52.29034531360113,AAaraaa{{A*H}fA{A*H}{A}AADfA{~B}Aafadaataaaaaft}br
CCc1cccc([C@H]2CCN(C(=O)Cc3cncc4ccccc34)C2)c1,4.55,88.37209302325581,AAaraaaa{{A*H}fAAD{A{~B}Aatadaauaaaaatu}Af}ar
CCc1nc([C@H]2CCCN2C(=O)Cc2cncc3ccccc23)no1,4.2,95.77167019027483,AAarda{{A*H}fAAADfA{~B}Aafadaataaaaaft}dbr
CCn1ccc(CN(C(=O)Cc2cncc3ccccc23)c2ccc(C(C)C)cc2)n1,5.38,70.82452431289641,AAdraaa{AD{A{~B}Aafadaataaaaaft}afaaa{A{A}A}aaf}dr
CCn1ccnc1[C@H]1CCCCN1C(=O)Cc1cncc2ccccc12,4.14,97.04016913319239,AAdraadar{A*H}rAAAADrA{~B}Aaradaafaaaaarf
CCn1nccc1CN1C[C@@]2(C(=O)N(c3cncc4ccccc34)C[C@@H]2C)c2cc(F)ccc2C1=O,7.28,30.655391120507403,AAdrdaaarADrA{A**}f{A{~B}D{atadaauaaaaatu}A{A**H}fA}afaa{G}aaafAr~B
CN(C(=O)Cc1cncc2ccccc12)[C@H](c1ccc(Cl)cc1)C1CC1,4.8,83.08668076109937,AD{A{~B}Aaradaafaaaaarf}{A*H}{araaa{Z}aar}ArAAr
CN(C)C(=O)CN(Cc1cccc(Cl)c1)C(=O)Cc1cncc2ccccc12,5.21,74.4186046511628,AD{A}A{~B}AD{Aaraaaa{Z}ar}A{~B}Aaradaafaaaaarf
CN(C)C(=O)CN(Cc1ccccc1)C(=O)Cc1cncc2ccccc12,4.55,88.37209302325581,AD{A}A{~B}AD{Aaraaaaar}A{~B}Aaradaafaaaaarf
CN(C)C(=O)[C@H]1CCCN(C(=O)Cc2cncc3ccccc23)C1,4.55,88.37209302325581,AD{A}A{~B}{A*H}rAAAD{A{~B}Aafadaataaaaaft}Ar
CN(C)CCN(Cc1cccc(Cl)c1)C(=O)Cc1cncc2ccccc12,4.67,85.83509513742072,AD{A}AAD{Aaraaaa{Z}ar}A{~B}Aaradaafaaaaarf
CN(C)[C@]1(C)CCN(C(=O)Cc2cncc3ccccc23)C1,4.19,95.98308668076109,AD{A}{A*}r{A}AAD{A{~B}Aafadaataaaaaft}Ar
CN(C)c1ccc(N(Cc2cccc(Cl)c2)C(=O)Cc2cncc3ccccc23)nc1,6.5,47.14587737843553,AD{A}araaa{D{Aafaaaa{Z}af}A{~B}Aafadaataaaaaft}dar
CN(C)c1cccc([C@H]2CCCN2C(=O)Cc2cncc3ccccc23)c1,4.34,92.81183932346724,AD{A}araaaa{{A*H}fAAADfA{~B}Aafadaataaaaaft}ar
CN(CCc1ccccc1)C(=O)CN1Cc2ccc(Cl)cc2[C@H](C(=O)Nc2cncc3ccccc23)C1,6.01,57.50528541226216,AD{AAaraaaaar}A{~B}ADrAafaaa{Z}aaf{A*H}{A{~B}Dafadaataaaaaft}Ar
CN(CCc1ccccc1Cl)C(=O)Cc1cncc2ccccc12,4.56,88.16067653276956,AD{AAaraaaaarZ}A{~B}Aaradaafaaaaarf
CN(C[C@H]1CCCN1C(=O)Cc1cncc2ccccc12)c1ccccc1,4.91,80.76109936575052,AD{A{A*H}rAAADrA{~B}Aaradaafaaaaarf}araaaaar
CN(Cc1cccc(Cl)c1)C(=O)Cc1cncc2ccccc12,5.23,73.99577167019027,AD{Aaraaaa{Z}ar}A{~B}Aaradaafaaaaarf
CN(c1ccccc1)[C@H]1CCN(C(=O)Cc2cncc3ccccc23)C1,4.51,89.21775898520085,AD{araaaaar}{A*H}rAAD{A{~B}Aafadaataaaaaft}Ar
CN1C(=O)N(c2cncc3ccccc23)C(=O)C12CN(Cc1ccccc1)C2,5.4,70.40169133192389,ADrA{~B}D{afadaataaaaaft}A{~B}ArfAD{Aaraaaaar}Af
CN1C(=O)N(c2cncc3ccccc23)C(=O)C12CN(S(=O)(=O)C1CC1)C2,4.74,84.3551797040169,ADrA{~B}D{afadaataaaaaft}A{~B}ArfAD{E{~B}{~B}ArAAr}Af
CN1C(=O)N(c2cncc3ccccc23)C(=O)C12CN(S(=O)(=O)c1ccccc1)C2,5.12,76.32135306553911,ADrA{~B}D{afadaataaaaaft}A{~B}ArfAD{E{~B}{~B}araaaaar}Af
CN1C(=O)N(c2cncc3ccccc23)C(=O)[C@@H]1Cc1ccccc1,4.06,98.73150105708245,ADrA{~B}D{afadaataaaaaft}A{~B}{A**H}rAaraaaaar
CN1C(=O)N(c2cncc3ccccc23)C(=O)[C@H]1Cc1ccccc1,4.06,98.73150105708245,ADrA{~B}D{afadaataaaaaft}A{~B}{A*H}rAaraaaaar
CN1C(=O)[C@]2(CCN(c3cncc4ccccc34)C2=O)c2cc(Cl)ccc21,5.21,74.4186046511628,ADrA{~B}{A*}f{AAD{atadaauaaaaatu}Af~B}afaa{Z}aaafr
CN1C(=O)c2ccc(Cl)cc2[C@]12CCCN(c1cncc3ccccc13)C2=O,5.57,66.8076109936575,ADrA{~B}afaaa{Z}aaf{A*}rfAAAD{aradaataaaaart}Af~B
CN1C(=O)c2ccc(Cl)cc2[C@]12CCN(c1cncc3ccccc13)C2=O,4.73,84.56659619450316,ADrA{~B}afaaa{Z}aaf{A*}rfAAD{aradaataaaaart}Af~B
CN1CC2(CCN(C(=O)Cc3cncc4ccccc34)CC2)c2ccccc21,4.54,88.58350951374207,ADrAAf{AAD{A{~B}Aatadaauaaaaatu}AAf}afaaaaafr
CN1CCC[C@H]2CCN(C(=O)Cc3cncc4ccccc34)C[C@H]21,4.37,92.17758985200847,ADrAAA{A*H}fAAD{A{~B}Aatadaauaaaaatu}A{A*H}fr
CN1CCN(c2ccc(NC(=O)CN3Cc4ccc(Cl)cc4[C@H](C(=O)Nc4cncc5ccccc45)C3)cc2)CC1,6.69,43.12896405919661,ADrAAD{afaaa{DA{~B}ADtAauaaa{Z}aau{A*H}{A{~B}Dauadaavaaaaauv}At}aaf}AAr
CN1CCN(c2ccc(NC(=O)CN3Cc4ccc(Cl)cc4[C@H](C(=O)Nc4cncc5ccccc45)C3)cc2F)CC1,7.24,31.501057082452434,ADrAAD{afaaa{DA{~B}ADtAauaaa{Z}aau{A*H}{A{~B}Dauadaavaaaaauv}At}aafG}AAr
CN1CCN(c2ccccc2NC(=O)CN2Cc3ccc(Cl)cc3[C@H](C(=O)Nc3cncc4ccccc34)C2)CC1,5.78,62.36786469344608,ADrAAD{afaaaaafDA{~B}ADfAataaa{Z}aat{A*H}{A{~B}Datadaauaaaaatu}Af}AAr
CN1C[C@H](C(=O)Nc2cncc3ccccc23)c2cc(C#N)ccc2C1=O,5.5,68.28752642706132,ADrA{A*H}{A{~B}Dafadaataaaaaft}afaa{A^D}aaafAr~B
CN1C[C@H](C(=O)Nc2cncc3ccccc23)c2cc(C(F)(F)F)ccc2C1=O,5.095000000000001,76.84989429175475,ADrA{A*H}{A{~B}Dafadaataaaaaft}afaa{A{G}{G}G}aaafAr~B
CN1C[C@H](C(=O)Nc2cncc3ccccc23)c2cc(C3CC3)ccc2C1=O,4.82,82.66384778012684,ADrA{A*H}{A{~B}Dafadaataaaaaft}afaa{AtAAt}aaafAr~B
CN1C[C@H](C(=O)Nc2cncc3ccccc23)c2cc(CC#N)ccc2C1=O,4.205,95.66596194503171,ADrA{A*H}{A{~B}Dafadaataaaaaft}afaa{AA^D}aaafAr~B
CN1C[C@H](C(=O)Nc2cncc3ccccc23)c2cc(CO)ccc2C1=O,4.34,92.81183932346724,ADrA{A*H}{A{~B}Dafadaataaaaaft}afaa{AB}aaafAr~B
CN1C[C@H](C(=O)Nc2cncc3ccccc23)c2cc(Cl)ccc2C1=O,5.91,59.61945031712473,ADrA{A*H}{A{~B}Dafadaataaaaaft}afaa{Z}aaafAr~B
CN1C[C@H](C(=O)Nc2cncc3ccccc23)c2cc(F)ccc2C1=O,5.68,64.48202959830867,ADrA{A*H}{A{~B}Dafadaataaaaaft}afaa{G}aaafAr~B
CN1C[C@H](C(=O)Nc2cncc3ccccc23)c2ccccc2C1=O,5.22,74.20718816067654,ADrA{A*H}{A{~B}Dafadaataaaaaft}afaaaaafAr~B
CN1C[C@H](Cc2ccccc2)N(C(=O)Cc2cncc3ccccc23)CC1=O,4.49,89.64059196617335,ADrA{A*H}{Aafaaaaaf}D{A{~B}Aafadaataaaaaft}AAr~B
CN1C[C@H]2[C@H](CCCN2C(=O)Cc2cncc3ccccc23)C1=O,4.05,98.94291754756871,ADrA{A*H}f{A*H}{AAADfA{~B}Aafadaataaaaaft}Ar~B
CN1C[C@]2(CCCN(c3cncc4ccccc34)C2=O)c2cc(Cl)ccc2C1=O,5.98,58.13953488372093,ADrA{A*}f{AAAD{atadaauaaaaatu}Af~B}afaa{Z}aaafAr~B
CN1C[C@]2(CCN(c3cncc4ccccc34)C2=O)c2cc(Cl)ccc2C1=O,6.31,51.16279069767443,ADrA{A*}f{AAD{atadaauaaaaatu}Af~B}afaa{Z}aaafAr~B
CN1c2ccccc2N(CCNC(=O)c2cncc3ccccc23)S1(=O)=O,4.15,96.82875264270612,ADrafaaaaafD{AADA{~B}afadaataaaaaft}Er{~B}~B
CNC(=O)C1(N2C[C@@]3(C(=O)N(c4cncc5ccccc45)C[C@@H]3C)c3cc(Cl)ccc3C2=O)CC1,8.04,14.587737843551823,ADA{~B}Ar{DfA{A**}t{A{~B}D{auadaavaaaaauv}A{A**H}tA}ataa{Z}aaatAf~B}AAr
CNC(=O)C1(N2C[C@@]3(C(=O)N(c4cncc5ccccc45)C[C@@H]3C)c3cc(F)ccc3C2=O)CC1,7.57,24.52431289640592,ADA{~B}Ar{DfA{A**}t{A{~B}D{auadaavaaaaauv}A{A**H}tA}ataa{G}aaatAf~B}AAr
CNC(=O)C1(N2C[C@@]3(CCN(c4cncc5ccccc45)C3=O)c3cc(Cl)ccc3C2=O)CC1,4.4,91.54334038054968,ADA{~B}Ar{DfA{A**}t{AAD{auadaavaaaaauv}At~B}ataa{Z}aaatAf~B}AAr
CNC(=O)C1(N2C[C@]3(CCN(c4cncc5ccccc45)C3=O)c3cc(Cl)ccc3C2=O)CC1,7.54,25.1585623678647,ADA{~B}Ar{DfA{A*}t{AAD{auadaavaaaaauv}At~B}ataa{Z}aaatAf~B}AAr
CNC(=O)CN(Cc1cccc(Cl)c1)C(=O)Cc1cncc2ccccc12,5.36,71.24735729386892,ADA{~B}AD{Aaraaaa{Z}ar}A{~B}Aaradaafaaaaarf
CNC(=O)CN1C[C@@]2(C(=O)N(c3cncc4ccccc34)C[C@@H]2C)c2c(F)cccc2C1=O,4.38,91.96617336152221,ADA{~B}ADrA{A**}f{A{~B}D{atadaauaaaaatu}A{A**H}fA}afa{G}aaaafAr~B
CNC(=O)CN1C[C@@]2(C(=O)N(c3cncc4ccccc34)C[C@@H]2C)c2cc(Cl)ccc2C1=O,7.87,18.181818181818187,ADA{~B}ADrA{A**}f{A{~B}D{atadaauaaaaatu}A{A**H}fA}afaa{Z}aaafAr~B
CNC(=O)CN1C[C@@]2(C(=O)N(c3cncc4ccccc34)C[C@@H]2C)c2ccc(F)cc2C1=O,6.28,51.7970401691332,ADA{~B}ADrA{A**}f{A{~B}D{atadaauaaaaatu}A{A**H}fA}afaaa{G}aafAr~B
CNC(=O)CN1C[C@@]2(C(=O)N(c3cncc4ccccc34)C[C@@H]2C)c2cccc(F)c2C1=O,5.89,60.04228329809726,ADA{~B}ADrA{A**}f{A{~B}D{atadaauaaaaatu}A{A**H}fA}afaaaa{G}afAr~B
CNC(=O)CN1C[C@@]2(C(=O)N(c3cncc4ccccc34)C[C@@H]2C)c2ccccc2C1=O,6.48,47.56871035940803,ADA{~B}ADrA{A**}f{A{~B}D{atadaauaaaaatu}A{A**H}fA}afaaaaafAr~B
CNC(=O)CN1C[C@@]2(C(=O)N(c3cncc4ccccc34)C[C@@H]2C)c2cnccc2C1=O,5.59,66.38477801268499,ADA{~B}ADrA{A**}f{A{~B}D{atadaauaaaaatu}A{A**H}fA}afadaaafAr~B
CNC(=O)CN1C[C@@]2(C(=O)N(c3cncc4ccccc34)C[C@@H]2CC#N)c2cc(Cl)ccc2C1=O,7.41,27.90697674418605,ADA{~B}ADrA{A**}f{A{~B}D{atadaauaaaaatu}A{A**H}fAA^D}afaa{Z}aaafAr~B
CNC(=O)CN1C[C@@]2(C(=O)N(c3cncc4ccccc34)C[C@@H]2CC#N)c2cc(F)ccc2C1=O,6.77,41.437632135306565,ADA{~B}ADrA{A**}f{A{~B}D{atadaauaaaaatu}A{A**H}fAA^D}afaa{G}aaafAr~B
CNC(=O)CN1C[C@@]2(C(=O)N(c3cncc4ccccc34)C[C@@H]2CCl)c2cc(Cl)ccc2C1=O,8.14,12.473572938689214,ADA{~B}ADrA{A**}f{A{~B}D{atadaauaaaaatu}A{A**H}fAZ}afaa{Z}aaafAr~B
CNC(=O)CN1C[C@@]2(C(=O)N(c3cncc4ccccc34)C[C@@H]2CF)c2cc(Cl)ccc2C1=O,7.51,25.792811839323477,ADA{~B}ADrA{A**}f{A{~B}D{atadaauaaaaatu}A{A**H}fAG}afaa{Z}aaafAr~B
CNC(=O)CN1C[C@@]2(C(=O)N(c3cncc4ccccc34)C[C@@H]2CNc2ccc(Cl)nn2)c2cc(Cl)ccc2C1=O,7.45,27.06131078224102,ADA{~B}ADrA{A**}f{A{~B}D{atadaauaaaaatu}A{A**H}fADafaaa{Z}ddf}afaa{Z}aaafAr~B
CNC(=O)CN1C[C@@]2(C(=O)N(c3cncc4ccccc34)C[C@@H]2CNc2ccccc2)c2cc(Cl)ccc2C1=O,8.46,5.708245243128954,ADA{~B}ADrA{A**}f{A{~B}D{atadaauaaaaatu}A{A**H}fADafaaaaaf}afaa{Z}aaafAr~B
CNC(=O)CN1C[C@@]2(C(=O)N(c3cncc4ccccc34)C[C@@H]2CNc2ccn[nH]2)c2cc(Cl)ccc2C1=O,8.1,13.319238900634264,ADA{~B}ADrA{A**}f{A{~B}D{atadaauaaaaatu}A{A**H}fADafaad{dH}f}afaa{Z}aaafAr~B
CNC(=O)CN1C[C@@]2(C(=O)N(c3cncc4ccccc34)C[C@@H]2CNc2ccnc(C)n2)c2cc(Cl)ccc2C1=O,7.5,26.00422832980973,ADA{~B}ADrA{A**}f{A{~B}D{atadaauaaaaatu}A{A**H}fADafaada{A}df}afaa{Z}aaafAr~B
CNC(=O)CN1C[C@@]2(C(=O)N(c3cncc4ccccc34)C[C@@H]2CNc2ccncn2)c2cc(Cl)ccc2C1=O,7.65,22.832980972515855,ADA{~B}ADrA{A**}f{A{~B}D{atadaauaaaaatu}A{A**H}fADafaadadf}afaa{Z}aaafAr~B
CNC(=O)CN1C[C@@]2(C(=O)N(c3cncc4ccccc34)C[C@@H]2CNc2cn[nH]c2)c2cc(Cl)ccc2C1=O,7.21,32.135306553911214,ADA{~B}ADrA{A**}f{A{~B}D{atadaauaaaaatu}A{A**H}fADafad{dH}af}afaa{Z}aaafAr~B
CNC(=O)CN1C[C@@]2(C(=O)N(c3cncc4ccccc34)C[C@@H]2CNc2cnc(C)s2)c2cc(Cl)ccc2C1=O,8.45,5.9196617336152455,ADA{~B}ADrA{A**}f{A{~B}D{atadaauaaaaatu}A{A**H}fADafada{A}ff}afaa{Z}aaafAr~B
CNC(=O)CN1C[C@@]2(C(=O)N(c3cncc4ccccc34)C[C@@H]2CNc2cnccn2)c2cc(Cl)ccc2C1=O,7.09,34.672304439746306,ADA{~B}ADrA{A**}f{A{~B}D{atadaauaaaaatu}A{A**H}fADafadaadf}afaa{Z}aaafAr~B
CNC(=O)CN1C[C@@]2(C(=O)N(c3cncc4ccccc34)C[C@@H]2CNc2cncs2)c2cc(Cl)ccc2C1=O,8.73,0.0,ADA{~B}ADrA{A**}f{A{~B}D{atadaauaaaaatu}A{A**H}fADafadaff}afaa{Z}aaafAr~B
CNC(=O)CN1C[C@@]2(C(=O)N(c3cncc4ccccc34)C[C@@H]2CNc2cnn(C)c2)c2cc(Cl)ccc2C1=O,8.0,15.433403805496836,ADA{~B}ADrA{A**}f{A{~B}D{atadaauaaaaatu}A{A**H}fADafadd{A}af}afaa{Z}aaafAr~B
CNC(=O)CN1C[C@@]2(C(=O)N(c3cncc4ccccc34)C[C@@H]2CNc2ncncn2)c2cc(Cl)ccc2C1=O,7.96,16.279069767441868,ADA{~B}ADrA{A**}f{A{~B}D{atadaauaaaaatu}A{A**H}fADafdadadf}afaa{Z}aaafAr~B
CNC(=O)CN1C[C@@]2(C(=O)N(c3cncc4ccccc34)C[C@@H]2CNc2nncs2)c2cc(Cl)ccc2C1=O,8.16,12.050739957716706,ADA{~B}ADrA{A**}f{A{~B}D{atadaauaaaaatu}A{A**H}fADafddaff}afaa{Z}aaafAr~B
CNC(=O)CN1C[C@@]2(C(=O)N(c3cncc4ccccc34)C[C@@H]2CNc2scnc2C)c2cc(Cl)ccc2C1=O,8.38,7.399577167019019,ADA{~B}ADrA{A**}f{A{~B}D{atadaauaaaaatu}A{A**H}fADaffadafA}afaa{Z}aaafAr~B
CNC(=O)CN1C[C@@]2(C(=O)N(c3cncc4ccccc34)C[C@@H]2COC(C)C)c2cc(Cl)ccc2C1=O,6.94,37.84355179704016,ADA{~B}ADrA{A**}f{A{~B}D{atadaauaaaaatu}A{A**H}fABA{A}A}afaa{Z}aaafAr~B
CNC(=O)CN1C[C@@]2(C(=O)N(c3cncc4ccccc34)C[C@@H]2COC(C)C)c2cc(F)ccc2C1=O,6.73,42.28329809725158,ADA{~B}ADrA{A**}f{A{~B}D{atadaauaaaaatu}A{A**H}fABA{A}A}afaa{G}aaafAr~B
CNC(=O)CN1C[C@@]2(C(=O)N(c3cncc4ccccc34)C[C@@H]2COC)c2cc(Cl)ccc2C1=O,7.54,25.1585623678647,ADA{~B}ADrA{A**}f{A{~B}D{atadaauaaaaatu}A{A**H}fABA}afaa{Z}aaafAr~B
CNC(=O)CN1C[C@@]2(C(=O)N(c3cncc4ccccc34)C[C@@H]2COC2CCC2)c2cc(Cl)ccc2C1=O,8.18,11.6279069767442,ADA{~B}ADrA{A**}f{A{~B}D{atadaauaaaaatu}A{A**H}fABAfAAAf}afaa{Z}aaafAr~B
CNC(=O)CN1C[C@@]2(C(=O)N(c3cncc4ccccc34)C[C@@H]2COCC2CC2)c2cc(Cl)ccc2C1=O,7.88,17.970401691331933,ADA{~B}ADrA{A**}f{A{~B}D{atadaauaaaaatu}A{A**H}fABAAfAAf}afaa{Z}aaafAr~B
CNC(=O)CN1C[C@@]2(C(=O)N(c3cncc4ccccc34)C[C@@H]2COCCF)c2cc(F)ccc2C1=O,6.96,37.42071881606766,ADA{~B}ADrA{A**}f{A{~B}D{atadaauaaaaatu}A{A**H}fABAAG}afaa{G}aaafAr~B
CNC(=O)CN1C[C@@]2(C(=O)N(c3cncc4ccccc34)C[C@@H]2CS(=O)(=O)N(C)C)c2cc(Cl)ccc2C1=O,7.43,27.48414376321354,ADA{~B}ADrA{A**}f{A{~B}D{atadaauaaaaatu}A{A**H}fAE{~B}{~B}D{A}A}afaa{Z}aaafAr~B
CNC(=O)CN1C[C@@]2(C(=O)N(c3cncc4ccccc34)C[C@@H]2CS(=O)(=O)N(C)C)c2cc(F)ccc2C1=O,6.83,40.16913319238901,ADA{~B}ADrA{A**}f{A{~B}D{atadaauaaaaatu}A{A**H}fAE{~B}{~B}D{A}A}afaa{G}aaafAr~B
CNC(=O)CN1C[C@@]2(C(=O)N(c3cncc4ccccc34)C[C@@H]2CS(=O)(=O)NC)c2cc(Cl)ccc2C1=O,6.66,43.76321353065539,ADA{~B}ADrA{A**}f{A{~B}D{atadaauaaaaatu}A{A**H}fAE{~B}{~B}DA}afaa{Z}aaafAr~B
CNC(=O)CN1C[C@@]2(C(=O)N(c3cncc4ccccc34)C[C@@H]2CS(=O)(=O)NC)c2cc(F)ccc2C1=O,6.6,45.03171247357295,ADA{~B}ADrA{A**}f{A{~B}D{atadaauaaaaatu}A{A**H}fAE{~B}{~B}DA}afaa{G}aaafAr~B
CNC(=O)CN1C[C@@]2(C(=O)N(c3cncc4ccccc34)C[C@@H]2CS(C)(=O)=O)c2cc(F)ccc2C1=O,5.84,61.09936575052855,ADA{~B}ADrA{A**}f{A{~B}D{atadaauaaaaatu}A{A**H}fAE{A}{~B}~B}afaa{G}aaafAr~B
CNC(=O)CN1C[C@@]2(C(=O)N(c3cncc4ccccc34)C[C@@H]2Cc2ccccc2)c2cc(Cl)ccc2C1=O,7.16,33.192389006342495,ADA{~B}ADrA{A**}f{A{~B}D{atadaauaaaaatu}A{A**H}fAafaaaaaf}afaa{Z}aaafAr~B
CNC(=O)CN1C[C@@]2(C(=O)N(c3cncc4ccccc34)C[C@@H]2Cc2ccccc2)c2cc(F)ccc2C1=O,6.96,37.42071881606766,ADA{~B}ADrA{A**}f{A{~B}D{atadaauaaaaatu}A{A**H}fAafaaaaaf}afaa{G}aaafAr~B
CNC(=O)CN1C[C@@]2(C(=O)N(c3cncc4ccccc34)C[C@@H]2Cc2nn[nH]n2)c2cc(Cl)ccc2C1=O,6.33,50.7399577167019,ADA{~B}ADrA{A**}f{A{~B}D{atadaauaaaaatu}A{A**H}fAafdd{dH}df}afaa{Z}aaafAr~B
CNC(=O)CN1C[C@@]2(C(=O)N(c3cncc4ccccc34)C[C@@H]2Cn2cccn2)c2cc(Cl)ccc2C1=O,6.74,42.07188160676533,ADA{~B}ADrA{A**}f{A{~B}D{atadaauaaaaatu}A{A**H}fAdfaaadf}afaa{Z}aaafAr~B
CNC(=O)CN1C[C@@]2(C(=O)N(c3cncc4ccccc34)C[C@@H]2Cn2ccnn2)c2cc(F)ccc2C1=O,6.27,52.00845665961946,ADA{~B}ADrA{A**}f{A{~B}D{atadaauaaaaatu}A{A**H}fAdfaaddf}afaa{G}aaafAr~B
CNC(=O)CN1C[C@@]2(C(=O)N(c3cncc4ccccc34)C[C@@H]2Cn2ncnn2)c2cc(Cl)ccc2C1=O,6.03,57.08245243128964,ADA{~B}ADrA{A**}f{A{~B}D{atadaauaaaaatu}A{A**H}fAdfdaddf}afaa{Z}aaafAr~B
CNC(=O)CN1C[C@@]2(C(=O)N(c3cncc4ccccc34)C[C@@H]2N)c2cc(Cl)ccc2C1=O,7.29,30.443974630021145,ADA{~B}ADrA{A**}f{A{~B}D{atadaauaaaaatu}A{A**H}fD}afaa{Z}aaafAr~B
CNC(=O)CN1C[C@@]2(C(=O)N(c3cncc4ccccc34)C[C@@H]2NC(C)=O)c2cc(Cl)ccc2C1=O,5.88,60.25369978858352,ADA{~B}ADrA{A**}f{A{~B}D{atadaauaaaaatu}A{A**H}fDA{A}~B}afaa{Z}aaafAr~B
CNC(=O)CN1C[C@@]2(C(=O)N(c3cncc4ccccc34)C[C@@H]2NC(C)C)c2cc(Cl)ccc2C1=O,6.71,42.70613107822411,ADA{~B}ADrA{A**}f{A{~B}D{atadaauaaaaatu}A{A**H}fDA{A}A}afaa{Z}aaafAr~B
CNC(=O)CN1C[C@@]2(C(=O)N(c3cncc4ccccc34)C[C@@H]2NC)c2cc(Cl)ccc2C1=O,8.07,13.953488372093025,ADA{~B}ADrA{A**}f{A{~B}D{atadaauaaaaatu}A{A**H}fDA}afaa{Z}aaafAr~B
CNC(=O)CN1C[C@@]2(C(=O)N(c3cncc4ccccc34)C[C@@H]2NCC2CC2)c2cc(Cl)ccc2C1=O,8.65,1.6913319238900648,ADA{~B}ADrA{A**}f{A{~B}D{atadaauaaaaatu}A{A**H}fDAAfAAf}afaa{Z}aaafAr~B
CNC(=O)CN1C[C@@]2(C(=O)N(c3cncc4ccccc34)C[C@@H]2NS(C)(=O)=O)c2cc(Cl)ccc2C1=O,6.26,52.21987315010571,ADA{~B}ADrA{A**}f{A{~B}D{atadaauaaaaatu}A{A**H}fDE{A}{~B}~B}afaa{Z}aaafAr~B
CNC(=O)CN1C[C@@]2(C(=O)N(c3cncc4ccccc34)C[C@H]2C)c2cc(Cl)ccc2C1=O,5.62,65.75052854122622,ADA{~B}ADrA{A**}f{A{~B}D{atadaauaaaaatu}A{A*H}fA}afaa{Z}aaafAr~B
CNC(=O)CN1C[C@@]2(C(=O)N(c3cncc4ccccc34)C[C@H]2Cc2ccccc2)c2cc(Cl)ccc2C1=O,5.43,69.76744186046513,ADA{~B}ADrA{A**}f{A{~B}D{atadaauaaaaatu}A{A*H}fAafaaaaaf}afaa{Z}aaafAr~B
CNC(=O)CN1C[C@@]2(C(=O)N(c3cnccc3C3CC3)C[C@@H]2C)c2cc(Cl)ccc2C1=O,6.33,50.7399577167019,ADA{~B}ADrA{A**}f{A{~B}D{atadaaatAtAAt}A{A**H}fA}afaa{Z}aaafAr~B
CNC(=O)CN1C[C@@]2(C[C@H](CO)N(c3cncc4ccccc34)C2=O)c2cc(Cl)ccc2C1=O,6.31,51.16279069767443,ADA{~B}ADrA{A**}f{A{A*H}{AB}D{atadaauaaaaatu}Af~B}afaa{Z}aaafAr~B
CNC(=O)CN1C[C@]2(C(=O)N(c3cncc4ccccc34)C/C2=C\F)c2cc(Cl)ccc2C1=O,6.75,41.86046511627908,ADA{~B}ADrA{A*}f{A{~B}D{atadaauaaaaatu}ALAf~ARG}afaa{Z}aaafAr~B
CNC(=O)CN1C[C@]2(C(=O)N(c3cncc4ccccc34)CC2(C)C)c2cc(Cl)ccc2C1=O,5.18,75.05285412262157,ADA{~B}ADrA{A*}f{A{~B}D{atadaauaaaaatu}AAf{A}A}afaa{Z}aaafAr~B
CNC(=O)CN1C[C@]2(C(=O)N(c3cncc4ccccc34)CC23CC3)c2cc(Cl)ccc2C1=O,6.1,55.60253699788584,ADA{~B}ADrA{A*}f{A{~B}D{atadaauaaaaatu}AAftAAt}afaa{Z}aaafAr~B
CNC(=O)CN1C[C@]2(C(=O)N(c3cncc4ccccc34)C[C@@H]2C)c2cc(F)ccc2C1=O,5.39,70.61310782241016,ADA{~B}ADrA{A*}f{A{~B}D{atadaauaaaaatu}A{A**H}fA}afaa{G}aaafAr~B
CNC(=O)CN1C[C@]2(C(=O)N(c3cncc4ccccc34)C[C@@H]2Cc2ccccc2)c2cc(Cl)ccc2C1=O,5.2,74.63002114164904,ADA{~B}ADrA{A*}f{A{~B}D{atadaauaaaaatu}A{A**H}fAafaaaaaf}afaa{Z}aaafAr~B
CNC(=O)CN1C[C@]2(C(=O)N(c3cncc4ccccc34)C[C@H]2CC2CC2)c2cc(Cl)ccc2C1=O,6.435,48.52008456659621,ADA{~B}ADrA{A*}f{A{~B}D{atadaauaaaaatu}A{A*H}fAAfAAf}afaa{Z}aaafAr~B
CNC(=O)CN1C[C@]2(C(=O)N(c3cncc4ccccc34)C[C@H]2CO)c2cc(Cl)ccc2C1=O,6.425,48.73150105708246,ADA{~B}ADrA{A*}f{A{~B}D{atadaauaaaaatu}A{A*H}fAB}afaa{Z}aaafAr~B
CNC(=O)CN1C[C@]2(C(=O)N(c3cncc4ccccc34)C[C@H]2COC)c2cc(Cl)ccc2C1=O,5.73,63.424947145877375,ADA{~B}ADrA{A*}f{A{~B}D{atadaauaaaaatu}A{A*H}fABA}afaa{Z}aaafAr~B
CNC(=O)CN1C[C@]2(C(=O)N(c3cncc4ccccc34)C[C@H]2Cc2ccccc2)c2cc(Cl)ccc2C1=O,5.81,61.73361522198732,ADA{~B}ADrA{A*}f{A{~B}D{atadaauaaaaatu}A{A*H}fAafaaaaaf}afaa{Z}aaafAr~B
CNC(=O)CN1C[C@]2(C(=O)N(c3cncc4ccccc34)C[C@H]2OCC2CC2)c2cc(Cl)ccc2C1=O,8.28,9.513742071881628,ADA{~B}ADrA{A*}f{A{~B}D{atadaauaaaaatu}A{A*H}fBAAfAAf}afaa{Z}aaafAr~B
CNC(=O)CN1C[C@]2(C(=O)N(c3cncc4ccccc34)c3ccccc32)c2cc(F)ccc2C1=O,5.953333333333333,58.7033121916843,ADA{~B}ADrA{A*}f{A{~B}D{atadaauaaaaatu}ataaaaatf}afaa{G}aaafAr~B
CNC(=O)CN1C[C@]2(CCN(c3cncc4ccc(OC[C@H](O)CN(C)C)cc34)C2=O)c2cc(Cl)ccc2C1=O,7.44,27.27272727272727,ADA{~B}ADrA{A*}f{AAD{atadaauaaa{BA{A*H}{B}AD{A}A}aatu}Af~B}afaa{Z}aaafAr~B
CNC(=O)CN1C[C@]2(C[C@H](COC)N(c3cncc4ccccc34)C2=O)c2cc(Cl)ccc2C1=O,4.27,94.29175475687106,ADA{~B}ADrA{A*}f{A{A*H}{ABA}D{atadaauaaaaatu}Af~B}afaa{Z}aaafAr~B
CNC(=O)C[C@@H]1CCCCN1C(=O)Cc1cncc2ccccc12,4.34,92.81183932346724,ADA{~B}A{A**H}rAAAADrA{~B}Aaradaafaaaaarf
CNC(=O)[C@@H](C)N1C[C@@]2(C(=O)N(c3cncc4ccccc34)C[C@@H]2C)c2cc(Cl)ccc2C1=O,7.23,31.712473572938688,ADA{~B}{A**H}{A}DrA{A**}f{A{~B}D{atadaauaaaaatu}A{A**H}fA}afaa{Z}aaafAr~B
CNC(=O)[C@@H](C)N1C[C@@]2(C(=O)N(c3cncc4ccccc34)C[C@@H]2C)c2cc(F)ccc2C1=O,7.62,23.467230443974636,ADA{~B}{A**H}{A}DrA{A**}f{A{~B}D{atadaauaaaaatu}A{A**H}fA}afaa{G}aaafAr~B
CNC(=O)[C@@H](C)N1C[C@H](C(=O)Nc2cncc3ccccc23)c2cc(Cl)ccc2C1=O,6.705,42.81183932346723,ADA{~B}{A**H}{A}DrA{A*H}{A{~B}Dafadaataaaaaft}afaa{Z}aaafAr~B
CNC(=O)[C@H](C)N1C[C@H](C(=O)Nc2cncc3ccccc23)c2cc(Cl)ccc2C1=O,6.9,38.689217758985194,ADA{~B}{A*H}{A}DrA{A*H}{A{~B}Dafadaataaaaaft}afaa{Z}aaafAr~B
CNC(=O)c1cc(Br)cc([N+](=O)[O-])c1N[C@@H]1CCCC[C@@H]1NC(=O)c1cncc2ccccc12,8.22,10.78224101479915,ADA{~B}araa{X}aa{{DP}{~B}{BM}}arD{A**H}rAAAA{A**H}rDA{~B}aradaafaaaaarf
CNC(=O)c1ccc2c(c1)[C@@H](C(=O)Nc1cncc3ccccc13)CN(C)C2=O,4.4,91.54334038054968,ADA{~B}araaafa{ar}{A**H}{A{~B}Daradaataaaaart}AD{A}Af~B
CNCCN1C[C@@]2(C(=O)N(c3cncc4ccccc34)C[C@@H]2C)c2cc(Cl)ccc2C1=O,7.43,27.48414376321354,ADAADrA{A**}f{A{~B}D{atadaauaaaaatu}A{A**H}fA}afaa{Z}aaafAr~B
CNCCN1C[C@@]2(C(=O)N(c3cncc4ccccc34)C[C@@H]2C)c2cc(F)ccc2C1=O,6.9,38.689217758985194,ADAADrA{A**}f{A{~B}D{atadaauaaaaatu}A{A**H}fA}afaa{G}aaafAr~B
CNCCN1C[C@@]2(C(=O)N(c3cncc4ccccc34)C[C@@H]2CNc2ncncn2)c2cc(Cl)ccc2C1=O,7.4,28.1183932346723,ADAADrA{A**}f{A{~B}D{atadaauaaaaatu}A{A**H}fADafdadadf}afaa{Z}aaafAr~B
CNCCN1C[C@@]2(C(=O)N(c3cncc4ccccc34)C[C@@H]2COCC2(F)CC2)c2cc(Cl)ccc2C1=O,7.7,21.77589852008457,ADAADrA{A**}f{A{~B}D{atadaauaaaaatu}A{A**H}fABAAf{G}AAf}afaa{Z}aaafAr~B
CNCCN1C[C@@]2(C(=O)N(c3cncc4ccccc34)C[C@@H]2COCC2(F)COC2)c2cc(Cl)ccc2C1=O,6.89,38.90063424947147,ADAADrA{A**}f{A{~B}D{atadaauaaaaatu}A{A**H}fABAAf{G}ABAf}afaa{Z}aaafAr~B
CNCCN1C[C@@]2(C(=O)N(c3cncc4ccccc34)C[C@@H]2COCC2CC2)c2cc(Cl)ccc2C1=O,7.94,16.701902748414376,ADAADrA{A**}f{A{~B}D{atadaauaaaaatu}A{A**H}fABAAfAAf}afaa{Z}aaafAr~B
CNCCN1C[C@@]2(C(=O)N(c3cncc4ccccc34)C[C@@H]2COCC2COC2)c2cc(Cl)ccc2C1=O,6.92,38.26638477801269,ADAADrA{A**}f{A{~B}D{atadaauaaaaatu}A{A**H}fABAAfABAf}afaa{Z}aaafAr~B
CNCCN1C[C@@]2(C(=O)N(c3cncc4ccccc34)C[C@@H]2COCC2CS(=O)(=O)C2)c2cc(Cl)ccc2C1=O,7.26,31.078224101479925,ADAADrA{A**}f{A{~B}D{atadaauaaaaatu}A{A**H}fABAAfAE{~B}{~B}Af}afaa{Z}aaafAr~B
CNCCN1C[C@@]2(C(=O)N(c3cncc4ccccc34)C[C@@H]2CS(=O)(=O)N(C)C)c2cc(Cl)ccc2C1=O,7.12,34.03805496828753,ADAADrA{A**}f{A{~B}D{atadaauaaaaatu}A{A**H}fAE{~B}{~B}D{A}A}afaa{Z}aaafAr~B
CNCCN1C[C@H](C(=O)Nc2cncc3ccccc23)c2cc(Cl)ccc2C1=O,6.96,37.42071881606766,ADAADrA{A*H}{A{~B}Dafadaataaaaaft}afaa{Z}aaafAr~B
CNS(=O)(=O)OCC(=O)N1CCN(Cc2cccc(Cl)c2)[C@H](CC(C)C)C1,5.78,62.36786469344608,ADE{~B}{~B}BAA{~B}DrAAD{Aafaaaa{Z}af}{A*H}{AA{A}A}Ar
CNS(=O)(=O)OCC(=O)N1CCN(Cc2cccc(Cl)c2)[C@H]2CS(=O)(=O)C[C@H]21,6.38,49.68287526427062,ADE{~B}{~B}BAA{~B}DrAAD{Aafaaaa{Z}af}{A*H}fAE{~B}{~B}A{A*H}fr
CNS(=O)(=O)OCC(=O)N1CCN(S(=O)(=O)c2ccsc2)[C@H](C(=O)NCc2ccccn2)C1,4.79,83.29809725158563,ADE{~B}{~B}BAA{~B}DrAAD{E{~B}{~B}afaafaf}{A*H}{A{~B}DAafaaaadf}Ar
CNS(=O)(=O)OCC(=O)N[C@H](C)c1cc(Cl)cc(-c2ccc(S(N)(=O)=O)cc2)c1,5.76,62.79069767441861,ADE{~B}{~B}BAA{~B}D{A*H}{A}araa{Z}aa{Mafaaa{E{D}{~B}~B}aaf}ar
CNS(=O)(=O)[C@H]1CCCN(C(=O)Cc2cncc3ccccc23)C1,4.25,94.71458773784356,ADE{~B}{~B}{A*H}rAAAD{A{~B}Aafadaataaaaaft}Ar
CN[C@@H](C)CN1C[C@H](C(=O)Nc2cncc3ccccc23)c2cc(Cl)ccc2C1=O,6.79,41.01479915433404,AD{A**H}{A}ADrA{A*H}{A{~B}Dafadaataaaaaft}afaa{Z}aaafAr~B
CN[C@H](C)CN1C[C@H](C(=O)Nc2cncc3ccccc23)c2cc(Cl)ccc2C1=O,6.88,39.11205073995772,AD{A*H}{A}ADrA{A*H}{A{~B}Dafadaataaaaaft}afaa{Z}aaafAr~B
COC(=O)N[C@H](C(=O)N1C[C@H](C(F)(F)F)C[C@H]1C(=O)N[C@H](C#N)C[C@@H]1CCNC1=O)C(C)(C)C,7.223333333333334,31.85341789992953,ABA{~B}D{A*H}{A{~B}DrA{A*H}{A{G}{G}G}A{A*H}rA{~B}D{A*H}{A^D}A{A**H}rAADAr~B}A{A}{A}A
COC(=O)[C@H]1CCCN(C(=O)Cc2cncc3ccccc23)C1,4.49,89.64059196617335,ABA{~B}{A*H}rAAAD{A{~B}Aafadaataaaaaft}Ar
COC(C)(C)C1CCN(C(=O)Cc2cncc3ccccc23)CC1,5.08,77.16701902748414,ABA{A}{A}ArAAD{A{~B}Aafadaataaaaaft}AAr
COC1(C)CCN(C(=O)Cc2cncc3ccccc23)CC1,4.76,83.9323467230444,ABAr{A}AAD{A{~B}Aafadaataaaaaft}AAr
COC1CC2(CCN(C(=O)Cc3cncc4ccccc34)CC2)C1,5.36,71.24735729386892,ABArAAf{AAD{A{~B}Aatadaauaaaaatu}AAf}Ar
COC1CCN(C(=O)Cc2cncc3ccccc23)CC1,4.59,87.52642706131078,ABArAAD{A{~B}Aafadaataaaaaft}AAr
COCC(=O)[C@H]1CCCCN1C(=O)Cc1cncc2ccccc12,4.06,98.73150105708245,ABAA{~B}{A*H}rAAAADrA{~B}Aaradaafaaaaarf
COCC1(C)CCN(C(=O)Cc2cncc3ccccc23)CC1,4.93,80.33826638477802,ABAAr{A}AAD{A{~B}Aafadaataaaaaft}AAr
COCC1(CC2CC2)CCN(C(=O)Cc2cncc3ccccc23)CC1,4.92,80.54968287526428,ABAAr{AAfAAf}AAD{A{~B}Aafadaataaaaaft}AAr
COCC1(F)CCN(C(=O)Cc2cncc3ccccc23)CC1,4.63,86.68076109936575,ABAAr{G}AAD{A{~B}Aafadaataaaaaft}AAr
COCC1CCN(C(=O)Cc2cncc3ccccc23)CC1,4.89,81.18393234672305,ABAArAAD{A{~B}Aafadaataaaaaft}AAr
COCCC1CCN(C(=O)Cc2cncc3ccccc23)CC1,5.0,78.8583509513742,ABAAArAAD{A{~B}Aafadaataaaaaft}AAr
COC[C@@H]1[C@H]2CCN(C(=O)Cc3cncc4ccccc34)C[C@H]21,4.26,94.5031712473573,ABA{A**H}r{A*H}fAAD{A{~B}Aatadaauaaaaatu}A{A*H}fr
COC[C@H]1CC12CCN(C(=O)Cc1cncc3ccccc13)CC2,4.59,87.52642706131078,ABA{A*H}rAArfAAD{A{~B}Aaradaataaaaart}AAf
COC[C@H]1CCCCN1C(=O)Cc1cncc2ccccc12,4.265000000000001,94.39746300211415,ABA{A*H}rAAAADrA{~B}Aaradaafaaaaarf
COC[C@H]1CCCN(C(=O)Cc2cncc3ccccc23)C1,4.14,97.04016913319239,ABA{A*H}rAAAD{A{~B}Aafadaataaaaaft}Ar
COC[C@H]1CC[C@@H](c2ccc(F)cc2)N1C(=O)Cc1cncc2ccccc12,5.01,78.64693446088795,ABA{A*H}rAA{A**H}{afaaa{G}aaf}DrA{~B}Aaradaafaaaaarf
COC[C@H]1CN(c2cncc3ccccc23)C(=O)[C@@]12CN(C)C(=O)c1ccc(Cl)cc12,5.48,68.71035940803382,ABA{A*H}rAD{afadaataaaaaft}A{~B}{A**}rfAD{A}A{~B}araaa{Z}aarf
COC[C@H]1CN(c2cncc3ccccc23)C(=O)[C@@]12CN(Cc1c[nH]cn1)C(=O)c1ccc(Cl)cc12,7.17,32.980972515856244,ABA{A*H}rAD{afadaataaaaaft}A{~B}{A**}rfAD{Aara{dH}adr}A{~B}araaa{Z}aarf
COC[C@H]1CN(c2cncc3ccccc23)C(=O)[C@@]12CN(Cc1ccn[nH]1)C(=O)c1ccc(Cl)cc12,7.44,27.27272727272727,ABA{A*H}rAD{afadaataaaaaft}A{~B}{A**}rfAD{Aaraad{dH}r}A{~B}araaa{Z}aarf
COC[C@H]1CN(c2cncc3ccccc23)C(=O)[C@@]12CN(Cc1cn[nH]c1)C(=O)c1ccc(Cl)cc12,7.26,31.078224101479925,ABA{A*H}rAD{afadaataaaaaft}A{~B}{A**}rfAD{Aarad{dH}ar}A{~B}araaa{Z}aarf
COC[C@H]1CN(c2cncc3ccccc23)C(=O)[C@@]12CN(Cc1ncc[nH]1)C(=O)c1ccc(Cl)cc12,7.32,29.809725158562365,ABA{A*H}rAD{afadaataaaaaft}A{~B}{A**}rfAD{Aardaa{dH}r}A{~B}araaa{Z}aarf
COC[C@H]1c2ccsc2CCN1C(=O)Cc1cncc2ccccc12,6.1000000000000005,55.60253699788583,ABA{A*H}rafaafafAADrA{~B}Aaradaafaaaaarf
COCc1cccc([C@H]2CCCCN2C(=O)Cc2cncc3ccccc23)c1,5.06,77.58985200845666,ABAaraaaa{{A*H}fAAAADfA{~B}Aafadaataaaaaft}ar
CO[C@@H](C)CN1C[C@@]2(C(=O)N(c3cncc4ccccc34)C[C@@H]2C)c2cc(Cl)ccc2C1=O,7.11,34.24947145877378,AB{A**H}{A}ADrA{A**}f{A{~B}D{atadaauaaaaatu}A{A**H}fA}afaa{Z}aaafAr~B
CO[C@@H](C)CN1C[C@@]2(C(=O)N(c3cncc4ccccc34)C[C@@H]2C)c2cc(F)ccc2C1=O,6.97,37.209302325581405,AB{A**H}{A}ADrA{A**}f{A{~B}D{atadaauaaaaatu}A{A**H}fA}afaa{G}aaafAr~B
CO[C@@H](C)CN1C[C@H](C(=O)Nc2cncc3ccccc23)c2cc(Cl)ccc2C1=O,5.755,62.89640591966174,AB{A**H}{A}ADrA{A*H}{A{~B}Dafadaataaaaaft}afaa{Z}aaafAr~B
CO[C@@H]1CN(C(=O)Cc2cncc3ccccc23)CC[C@H]1C,5.07,77.37843551797039,AB{A**H}rAD{A{~B}Aafadaataaaaaft}AA{A*H}rA
CO[C@@H]1C[C@@H]2C[C@H]1CN2C(=O)Cc1cncc2ccccc12,4.27,94.29175475687106,AB{A**H}rA{A**H}fA{A*H}rADfA{~B}Aaradaafaaaaarf
CO[C@H](C)C1CCN(C(=O)Cc2cncc3ccccc23)CC1,5.34,71.67019027484145,AB{A*H}{A}ArAAD{A{~B}Aafadaataaaaaft}AAr
CO[C@H](C)CN1C[C@H](C(=O)Nc2cncc3ccccc23)c2cc(Cl)ccc2C1=O,6.59,45.2431289640592,AB{A*H}{A}ADrA{A*H}{A{~B}Dafadaataaaaaft}afaa{Z}aaafAr~B
CO[C@H]1CCN(C(=O)Cc2cncc3ccccc23)C[C@H]1C,4.45,90.48625792811839,AB{A*H}rAAD{A{~B}Aafadaataaaaaft}A{A*H}rA
CO[C@H]1CCN(C(=O)Cc2cncc3ccccc23)[C@@H](C)C1,4.55,88.37209302325581,AB{A*H}rAAD{A{~B}Aafadaataaaaaft}{A**H}{A}Ar
CO[C@H]1CCN2C(=O)N(c3cncc4ccccc34)C(=O)[C@@H]2C1,4.03,99.36575052854121,AB{A*H}rAADfA{~B}D{atadaauaaaaatu}A{~B}{A**H}fAr
CO[C@H]1CC[C@@H]2C(=O)N(c3cncc4ccccc34)C(=O)N2C1,4.324999999999999,93.12896405919663,AB{A*H}rAA{A**H}fA{~B}D{atadaauaaaaatu}A{~B}DfAr
CO[C@H]1[C@H]2C[C@H]3CN(C(=O)Cc4cncc5ccccc45)[C@H]1[C@H]3C2,4.23,95.13742071881606,AB{A*H}r{A*H}fA{A*H}tAD{A{~B}Aauadaavaaaaauv}{A*H}r{A*H}tAf
CO[C@]1(C(F)(F)F)CCN(C(=O)Cc2cncc3ccccc23)C1,5.15,75.68710359408033,AB{A*}r{A{G}{G}G}AAD{A{~B}Aafadaataaaaaft}Ar
COc1cc(CNC(=O)CN2Cc3ccc(Cl)cc3[C@H](C(=O)Nc3cncc4ccccc34)C2)cc(OC)c1,7.16,33.192389006342495,ABaraa{ADA{~B}ADfAataaa{Z}aat{A*H}{A{~B}Datadaauaaaaatu}Af}aa{BA}ar
COc1cc2cncc(CC(=O)N(Cc3cccc(Cl)c3)c3ccc(N(C)C)cn3)c2cc1OC,5.84,61.09936575052855,ABaraafadaa{AA{~B}D{Aataaaa{Z}at}ataaa{D{A}A}adt}afaarBA
COc1ccc(C(=O)Nc2cccc(/C=C3/C(=O)NC(=O)c4ccccc43)c2)cc1,5.04,78.01268498942918,ABaraaa{A{~B}Dafaaaa{LA~AtLA{~B}DA{~B}auaaaaaut}af}aar
COc1ccc(C)cc1CC(=O)Nc1cncc2ccccc12,5.25,73.57293868921776,ABaraaa{A}aarAA{~B}Daradaafaaaaarf
COc1ccc(CNC(=O)CN2Cc3ccc(Cl)cc3[C@H](C(=O)Nc3cncc4ccccc34)C2)cc1,7.08,34.88372093023256,ABaraaa{ADA{~B}ADfAataaa{Z}aat{A*H}{A{~B}Datadaauaaaaatu}Af}aar
COc1ccc(CNC(=O)CN2Cc3ccc(Cl)cc3[C@H](C(=O)Nc3cncc4ccccc34)C2)cc1OC,6.94,37.84355179704016,ABaraaa{ADA{~B}ADfAataaa{Z}aat{A*H}{A{~B}Datadaauaaaaatu}Af}aarBA
COc1ccc(CNc2cnc([C@H](NC(=O)CCl)c3ccccc3)s2)c(OC)c1,4.33,93.0232558139535,ABaraaa{ADafada{{A*H}{DA{~B}AZ}ataaaaat}ff}a{BA}ar
COc1ccc(N(Cc2cccc(Cl)c2)C(=O)Cc2cccnc2)cc1,4.99,79.06976744186046,ABaraaa{D{Aafaaaa{Z}af}A{~B}Aafaaadaf}aar
COc1ccc(N(Cc2cccc(Cl)c2)C(=O)Cc2cncc(C)c2)cc1,5.78,62.36786469344608,ABaraaa{D{Aafaaaa{Z}af}A{~B}Aafadaa{A}af}aar
COc1ccc(N(Cc2cccc(Cl)c2)C(=O)Cc2cncc3ccccc23)cc1,5.92,59.40803382663849,ABaraaa{D{Aafaaaa{Z}af}A{~B}Aafadaataaaaaft}aar
COc1ccc(N(Cc2cccc(Cl)c2)C(=O)Cc2cnccc2C)cc1,5.44,69.55602536997885,ABaraaa{D{Aafaaaa{Z}af}A{~B}AafadaaafA}aar
COc1ccc(N(Cc2ccccc2)C(=O)Cc2cncc3ccccc23)cc1,5.37,71.03594080338267,ABaraaa{D{Aafaaaaaf}A{~B}Aafadaataaaaaft}aar
COc1ccc([C@H]2CCCCN2C(=O)Cc2cncc3ccccc23)cc1F,4.85,82.02959830866808,ABaraaa{{A*H}fAAAADfA{~B}Aafadaataaaaaft}aarG
COc1ccc2[nH]cc(CCNC(=O)c3cncc4ccccc34)c2c1,4.24,94.9260042283298,ABaraaaf{dH}aa{AADA{~B}atadaauaaaaatu}afar
COc1ccc2cncc(CC(=O)N(Cc3cccc(Cl)c3)c3ccc(N(C)C)cn3)c2c1,6.69,43.12896405919661,ABaraaafadaa{AA{~B}D{Aataaaa{Z}at}ataaa{D{A}A}adt}afar
COc1cccc(CNC(=O)CN2C[C@@]3(C(=O)N(c4cncc5ccccc45)C[C@@H]3C)c3cc(Cl)ccc3C2=O)c1,7.16,33.192389006342495,ABaraaaa{ADA{~B}ADfA{A**}t{A{~B}D{auadaavaaaaauv}A{A**H}tA}ataa{Z}aaatAf~B}ar
COc1cccc(CNC(=O)CN2C[C@@]3(C(=O)N(c4cncc5ccccc45)C[C@@H]3C)c3ccccc3C2=O)c1,6.31,51.16279069767443,ABaraaaa{ADA{~B}ADfA{A**}t{A{~B}D{auadaavaaaaauv}A{A**H}tA}ataaaaatAf~B}ar
COc1cccc(CNC(=O)CN2C[C@]3(C(=O)N(c4cncc5ccccc45)C[C@@H]3C)c3ccccc3C2=O)c1,4.59,87.52642706131078,ABaraaaa{ADA{~B}ADfA{A*}t{A{~B}D{auadaavaaaaauv}A{A**H}tA}ataaaaatAf~B}ar
COc1cccc(CNC(=O)CN2Cc3ccc(Cl)cc3[C@H](C(=O)Nc3cncc4ccccc34)C2)c1,7.08,34.88372093023256,ABaraaaa{ADA{~B}ADfAataaa{Z}aat{A*H}{A{~B}Datadaauaaaaatu}Af}ar
COc1cccc(C[C@H]2CCCN2C(=O)Cc2cncc3ccccc23)c1,5.29,72.72727272727273,ABaraaaa{A{A*H}fAAADfA{~B}Aafadaataaaaaft}ar
COc1cccc([C@H](C)[C@H]2CCN(C(=O)Cc3cncc4ccccc34)C2)c1,4.79,83.29809725158563,ABaraaaa{{A*H}{A}{A*H}fAAD{A{~B}Aatadaauaaaaatu}Af}ar
COc1cccc([C@H]2CCN(C(=O)Cc3cncc4ccccc34)C2)c1,4.43,90.9090909090909,ABaraaaa{{A*H}fAAD{A{~B}Aatadaauaaaaatu}Af}ar
COc1cccc([C@H]2C[C@H](C)CN2C(=O)Cc2cncc3ccccc23)c1,5.02,78.4355179704017,ABaraaaa{{A*H}fA{A*H}{A}ADfA{~B}Aafadaataaaaaft}ar
COc1cccc([C@]2(F)CCN(C(=O)Cc3cncc4ccccc34)C2)c1,4.87,81.60676532769557,ABaraaaa{{A*}f{G}AAD{A{~B}Aatadaauaaaaatu}Af}ar
COc1ccccc1CNC(=O)CN1Cc2ccc(Cl)cc2[C@H](C(=O)Nc2cncc3ccccc23)C1,6.96,37.42071881606766,ABaraaaaarADA{~B}ADrAafaaa{Z}aaf{A*H}{A{~B}Dafadaataaaaaft}Ar
COc1ccccc1C[C@H]1CCCN1C(=O)Cc1cncc2ccccc12,4.41,91.33192389006342,ABaraaaaarA{A*H}rAAADrA{~B}Aaradaafaaaaarf
COc1ccccc1C[C@H]1CCN(C(=O)Cc2cncc3ccccc23)C1,4.88,81.39534883720931,ABaraaaaarA{A*H}rAAD{A{~B}Aafadaataaaaaft}Ar
COc1ccccc1OC[C@H]1CCCN1C(=O)Cc1cncc2ccccc12,4.14,97.04016913319239,ABaraaaaarBA{A*H}rAAADrA{~B}Aaradaafaaaaarf
COc1ccccc1[C@@H]1C[C@H](C)CCN1C(=O)Cc1cncc2ccccc12,6.013333333333333,57.43481324876675,ABaraaaaar{A**H}rA{A*H}{A}AADrA{~B}Aaradaafaaaaarf
COc1ccccc1[C@H]1CC(C)(C)CCN1C(=O)Cc1cncc2ccccc12,6.46,47.99154334038056,ABaraaaaar{A*H}rAA{A}{A}AADrA{~B}Aaradaafaaaaarf
COc1ccccc1[C@H]1CCCCN1C(=O)Cc1cncc2ccccc12,4.98,79.28118393234672,ABaraaaaar{A*H}rAAAADrA{~B}Aaradaafaaaaarf
COc1ccccc1[C@H]1C[C@H](C)CCN1C(=O)Cc1cncc2ccccc12,5.68,64.48202959830867,ABaraaaaar{A*H}rA{A*H}{A}AADrA{~B}Aaradaafaaaaarf
CS(=O)(=O)CC[C@H]1CCCCN1C(=O)Cc1cncc2ccccc12,4.06,98.73150105708245,AE{~B}{~B}AA{A*H}rAAAADrA{~B}Aaradaafaaaaarf
CS(=O)(=O)C[C@@H]1C[C@@H]2CCC[C@@H]2N1C(=O)Cc1cncc2ccccc12,4.22,95.34883720930233,AE{~B}{~B}A{A**H}rA{A**H}fAAA{A**H}fDrA{~B}Aaradaafaaaaarf
C[C@@H](O)C1CCN(C(=O)Cc2cncc3ccccc23)CC1,4.32,93.23467230443974,A{A**H}{B}ArAAD{A{~B}Aafadaataaaaaft}AAr
C[C@@H](O)CN1C[C@H](C(=O)Nc2cncc3ccccc23)c2cc(Cl)ccc2C1=O,5.8100000000000005,61.73361522198731,A{A**H}{B}ADrA{A*H}{A{~B}Dafadaataaaaaft}afaa{Z}aaafAr~B
C[C@@H]1CC(=O)[C@@H](C)CN1C(=O)Cc1cncc2ccccc12,4.14,97.04016913319239,A{A**H}rAA{~B}{A**H}{A}ADrA{~B}Aaradaafaaaaarf
C[C@@H]1CCN(C(=O)Cc2cncc3ccccc23)[C@H](C)C1,5.68,64.48202959830867,A{A**H}rAAD{A{~B}Aafadaataaaaaft}{A*H}{A}Ar
C[C@@H]1CN(C(=O)Cc2cncc3ccccc23)CC[C@@H]1C,5.23,73.99577167019027,A{A**H}rAD{A{~B}Aafadaataaaaaft}AA{A**H}rA
C[C@@H]1CN(CCN2C[C@@]3(C(=O)N(c4cncc5ccccc45)C[C@@H]3C)c3cc(Cl)ccc3C2=O)CCO1,7.64,23.044397463002127,A{A**H}rAD{AADfA{A**}t{A{~B}D{auadaavaaaaauv}A{A**H}tA}ataa{Z}aaatAf~B}AABr
C[C@@H]1CN(CCN2C[C@@]3(C(=O)N(c4cncc5ccccc45)C[C@@H]3C)c3cc(Cl)ccc3C2=O)C[C@@H](C)O1,7.52,25.581395348837226,A{A**H}rAD{AADfA{A**}t{A{~B}D{auadaavaaaaauv}A{A**H}tA}ataa{Z}aaatAf~B}A{A**H}{A}Br
C[C@@H]1CN(CCN2C[C@@]3(C(=O)N(c4cncc5ccccc45)C[C@@H]3C)c3cc(Cl)ccc3C2=O)C[C@H](C)O1,7.57,24.52431289640592,A{A**H}rAD{AADfA{A**}t{A{~B}D{auadaavaaaaauv}A{A**H}tA}ataa{Z}aaatAf~B}A{A*H}{A}Br
C[C@@H]1CN(CCN2C[C@@]3(C(=O)N(c4cncc5ccccc45)C[C@@H]3C)c3cc(Cl)ccc3C2=O)[C@H](C)CO1,7.85,18.604651162790713,A{A**H}rAD{AADfA{A**}t{A{~B}D{auadaavaaaaauv}A{A**H}tA}ataa{Z}aaatAf~B}{A*H}{A}ABr
C[C@@H]1COC[C@@H](C)N1CCN1C[C@@]2(C(=O)N(c3cncc4ccccc34)C[C@@H]2C)c2cc(Cl)ccc2C1=O,7.85,18.604651162790713,A{A**H}rABA{A**H}{A}DrAADrA{A**}f{A{~B}D{atadaauaaaaatu}A{A**H}fA}afaa{Z}aaafAr~B
C[C@@H]1COC[C@H](C)N1CCN1C[C@@]2(C(=O)N(c3cncc4ccccc34)C[C@@H]2C)c2cc(Cl)ccc2C1=O,7.28,30.655391120507403,A{A**H}rABA{A*H}{A}DrAADrA{A**}f{A{~B}D{atadaauaaaaatu}A{A**H}fA}afaa{Z}aaafAr~B
C[C@@H]1[C@H]2CN(C(=O)Cc3cncc4ccccc34)CC[C@@H]12,5.58,66.59619450317125,A{A**H}r{A*H}fAD{A{~B}Aatadaauaaaaatu}AA{A**H}rf
C[C@@H]1[C@H]2CN(C(=O)Cc3cncc4ccccc34)C[C@@H]12,5.0,78.8583509513742,A{A**H}r{A*H}fAD{A{~B}Aatadaauaaaaatu}A{A**H}rf
C[C@H](C(=O)N1CCc2sccc2C1)c1cncc2ccccc12,4.09,98.09725158562368,A{A*H}{A{~B}DrAAaffaaafAr}aradaafaaaaarf
C[C@H](C(=O)Nc1cncc2ccccc12)c1cccc(Cl)c1,5.94,58.98520084566596,A{A*H}{A{~B}Daradaafaaaaarf}araaaa{Z}ar
C[C@H](CO)C[C@H]1CN(C(=O)CCl)CCN1Cc1cccc(Cl)c1,6.32,50.95137420718816,A{A*H}{AB}A{A*H}rAD{A{~B}AZ}AADrAaraaaa{Z}ar
C[C@H](F)[C@H]1CCCN1C(=O)Cc1cncc2ccccc12,4.07,98.52008456659618,A{A*H}{G}{A*H}rAAADrA{~B}Aaradaafaaaaarf
C[C@H](N(Cc1ccccc1)C(=O)Cc1cncc2ccccc12)C(F)(F)F,4.33,93.0232558139535,A{A*H}{D{Aaraaaaar}A{~B}Aaradaafaaaaarf}A{G}{G}G
C[C@H](NC(=O)COS(N)(=O)=O)c1cc(Cl)cc(-c2ccc(S(N)(=O)=O)cc2)c1,5.75,63.00211416490487,A{A*H}{DA{~B}ABE{D}{~B}~B}araa{Z}aa{Mafaaa{E{D}{~B}~B}aaf}ar
C[C@H](NC(=O)c1cncc2ccccc12)c1nc2ccccc2n1C,4.06,98.73150105708245,A{A*H}{DA{~B}aradaafaaaaarf}ardafaaaaafdrA
C[C@H](O)CN1C[C@H](C(=O)Nc2cncc3ccccc23)c2cc(Cl)ccc2C1=O,6.085,55.91966173361523,A{A*H}{B}ADrA{A*H}{A{~B}Dafadaataaaaaft}afaa{Z}aaafAr~B
C[C@H](O)[C@H]1CCCN(C(=O)Cc2cncc3ccccc23)C1,4.08,98.30866807610994,A{A*H}{B}{A*H}rAAAD{A{~B}Aafadaataaaaaft}Ar
C[C@H](OC(C)(C)C)[C@@H](NC(=O)OCc1cccc(OCCCCCCOc2cccc3c2C(=O)N([C@H]2CCC(=O)NC2=O)C3=O)c1)C(=O)N[C@H](CC1CCCCC1)C(=O)N[C@H](C=O)C[C@@H]1CCNC1=O,5.41,70.19027484143763,A{A*H}{BA{A}{A}A}{A**H}{DA{~B}BAaraaaa{BAAAAAABafaaaatafA{~B}D{{A*H}fAAA{~B}DAf~B}At~B}ar}A{~B}D{A*H}{AArAAAAAr}A{~B}D{A*H}{A~B}A{A**H}rAADAr~B
C[C@H](c1ccccc1)N(C(=O)Cc1cncc2ccccc12)C1CCN(C)CC1,4.7,85.20084566596194,A{A*H}{araaaaar}D{A{~B}Aaradaafaaaaarf}ArAAD{A}AAr
C[C@H](c1ccccc1)N(Cc1ccccc1)C(=O)Cc1cncc2ccccc12,5.15,75.68710359408033,A{A*H}{araaaaar}D{Aaraaaaar}A{~B}Aaradaafaaaaarf
C[C@H](c1ccccc1)[C@H]1CCCN(C(=O)Cc2cncc3ccccc23)C1,4.77,83.72093023255816,A{A*H}{araaaaar}{A*H}rAAAD{A{~B}Aafadaataaaaaft}Ar
C[C@H]1CC(F)(F)CCN1C(=O)Cc1cncc2ccccc12,5.366666666666667,71.10641296687807,A{A*H}rAA{G}{G}AADrA{~B}Aaradaafaaaaarf
C[C@H]1CCCCCN1C(=O)Cc1cncc2ccccc12,4.9,80.97251585623678,A{A*H}rAAAAADrA{~B}Aaradaafaaaaarf
C[C@H]1CCCCN(C(=O)Cc2cncc3ccccc23)C1,4.87,81.60676532769557,A{A*H}rAAAAD{A{~B}Aafadaataaaaaft}Ar
C[C@H]1CCCCN1C(=O)Cc1cncc2ccccc12,4.37,92.17758985200847,A{A*H}rAAAADrA{~B}Aaradaafaaaaarf
C[C@H]1CCCN(C(=O)Cc2cncc3ccccc23)C1,4.63,86.68076109936575,A{A*H}rAAAD{A{~B}Aafadaataaaaaft}Ar
C[C@H]1CCCN(C(=O)Cc2cncc3ccccc23)CC1,5.68,64.48202959830867,A{A*H}rAAAD{A{~B}Aafadaataaaaaft}AAr
C[C@H]1CCCN(C(=O)Cc2cncc3ccccc23)[C@H]1C,4.609999999999999,87.10359408033828,A{A*H}rAAAD{A{~B}Aafadaataaaaaft}{A*H}rA
C[C@H]1CCC[C@@H](CNC(=O)C(F)(F)F)N1C(=O)Cc1cncc2ccccc12,4.42,91.12050739957716,A{A*H}rAAA{A**H}{ADA{~B}A{G}{G}G}DrA{~B}Aaradaafaaaaarf
C[C@H]1CCC[C@H](CCN(C)C)N1C(=O)Cc1cncc2ccccc12,4.24,94.9260042283298,A{A*H}rAAA{A*H}{AAD{A}A}DrA{~B}Aaradaafaaaaarf
C[C@H]1CCN(C(=O)Cc2cncc3ccccc23)C1,4.44,90.69767441860465,A{A*H}rAAD{A{~B}Aafadaataaaaaft}Ar
C[C@H]1CCN(C(=O)Cc2cncc3ccccc23)CC1(F)F,5.4,70.40169133192389,A{A*H}rAAD{A{~B}Aafadaataaaaaft}AAr{G}G
C[C@H]1CCN(C(=O)Cc2cncc3ccccc23)CCO1,4.35,92.60042283298098,A{A*H}rAAD{A{~B}Aafadaataaaaaft}AABr
C[C@H]1CCN(C(=O)Cc2cncc3ccccc23)C[C@@H]1C,5.57,66.8076109936575,A{A*H}rAAD{A{~B}Aafadaataaaaaft}A{A**H}rA
C[C@H]1CCN(C(=O)Cc2cncc3ccccc23)C[C@@H]1O,4.6,87.31501057082453,A{A*H}rAAD{A{~B}Aafadaataaaaaft}A{A**H}rB
C[C@H]1CCN(C(=O)Cc2cncc3ccccc23)C[C@H]1F,5.51,68.07610993657507,A{A*H}rAAD{A{~B}Aafadaataaaaaft}A{A*H}rG
C[C@H]1CCN(C(=O)Cc2cncc3ccccc23)Cc2ccsc21,5.9,59.83086680761099,A{A*H}rAAD{A{~B}Aafadaataaaaaft}Aafaafafr
C[C@H]1CCN(C(=O)Cc2cncc3ccccc23)[C@@H](C(F)(F)F)C1,5.43,69.76744186046513,A{A*H}rAAD{A{~B}Aafadaataaaaaft}{A**H}{A{G}{G}G}Ar
C[C@H]1CCN(C(=O)Cc2cncc3ccccc23)[C@@H](C)C1,5.49,68.49894291754757,A{A*H}rAAD{A{~B}Aafadaataaaaaft}{A**H}{A}Ar
C[C@H]1CCN(C(=O)Cc2cncc3ccccc23)[C@@H](C2CCOCC2)C1,5.206666666666667,74.4890768146582,A{A*H}rAAD{A{~B}Aafadaataaaaaft}{A**H}{AfAABAAf}Ar
C[C@H]1CCN(C(=O)Cc2cncc3ccccc23)[C@H]2C(=O)NC[C@@H]12,5.35,71.45877378435519,A{A*H}rAAD{A{~B}Aafadaataaaaaft}{A*H}fA{~B}DA{A**H}rf
C[C@H]1CCN(C(=O)Cc2cncc3ccccc23)[C@H]2C(=O)NC[C@H]12,5.28,72.93868921775898,A{A*H}rAAD{A{~B}Aafadaataaaaaft}{A*H}fA{~B}DA{A*H}rf
C[C@H]1CCN2C(=O)N(c3cncc4ccccc34)C(=O)[C@@H]2C1,4.109999999999999,97.67441860465118,A{A*H}rAADfA{~B}D{atadaauaaaaatu}A{~B}{A**H}fAr
C[C@H]1CCN2C(=O)N(c3cncc4ccccc34)C(=O)[C@H]2C1,4.12,97.46300211416491,A{A*H}rAADfA{~B}D{atadaauaaaaatu}A{~B}{A*H}fAr
C[C@H]1CC[C@@H]2C(=O)N(c3cncc4ccccc34)C(=O)N2C1,4.43,90.9090909090909,A{A*H}rAA{A**H}fA{~B}D{atadaauaaaaatu}A{~B}DfAr
C[C@H]1CC[C@@]2(CN1S(C)(=O)=O)NC(=O)N(c1cncc3ccccc13)C2=O,4.12,97.46300211416491,A{A*H}rAA{A**}f{ADrE{A}{~B}~B}DA{~B}D{aradaataaaaart}Af~B
C[C@H]1CC[C@H](c2ccccc2)N(C(=O)Cc2cncc3ccccc23)C1,5.02,78.4355179704017,A{A*H}rAA{A*H}{afaaaaaf}D{A{~B}Aafadaataaaaaft}Ar
C[C@H]1CC[C@H]2C(=O)N(c3cncc4ccccc34)C(=O)N2C1,4.37,92.17758985200847,A{A*H}rAA{A*H}fA{~B}D{atadaauaaaaatu}A{~B}DfAr
C[C@H]1CC[C@H]2CCCN(C(=O)Cc3cncc4ccccc34)[C@H]2C1,4.92,80.54968287526428,A{A*H}rAA{A*H}fAAAD{A{~B}Aatadaauaaaaatu}{A*H}fAr
C[C@H]1CC[C@]2(CN1S(C)(=O)=O)NC(=O)N(c1cncc3ccccc13)C2=O,4.45,90.48625792811839,A{A*H}rAA{A*}f{ADrE{A}{~B}~B}DA{~B}D{aradaataaaaart}Af~B
C[C@H]1CC[C@]2(CO1)NC(=O)N(c1cncc3ccccc13)C2=O,4.19,95.98308668076109,A{A*H}rAA{A*}f{ABr}DA{~B}D{aradaataaaaart}Af~B
C[C@H]1CN(C(=O)Cc2cncc3ccccc23)CCC12COC2,4.03,99.36575052854121,A{A*H}rAD{A{~B}Aafadaataaaaaft}AAArfABAf
C[C@H]1CN(C(=O)Cc2cncc3ccccc23)CCO1,4.09,98.09725158562368,A{A*H}rAD{A{~B}Aafadaataaaaaft}AABr
C[C@H]1CN(C(=O)Cc2cncc3ccccc23)Cc2c[nH]nc21,4.09,98.09725158562368,A{A*H}rAD{A{~B}Aafadaataaaaaft}Aafa{dH}dafr
C[C@H]1CN(C(=O)Cc2cncc3ccccc23)Cc2ccsc21,5.653333333333333,65.04580690627202,A{A*H}rAD{A{~B}Aafadaataaaaaft}Aafaafafr
C[C@H]1CN(CCN2C[C@@]3(C(=O)N(c4cncc5ccccc45)C[C@@H]3C)c3cc(Cl)ccc3C2=O)CCO1,7.57,24.52431289640592,A{A*H}rAD{AADfA{A**}t{A{~B}D{auadaavaaaaauv}A{A**H}tA}ataa{Z}aaatAf~B}AABr
C[C@H]1CN(CCN2C[C@@]3(C(=O)N(c4cncc5ccccc45)C[C@@H]3C)c3cc(Cl)ccc3C2=O)C[C@H](C)O1,7.61,23.67864693446089,A{A*H}rAD{AADfA{A**}t{A{~B}D{auadaavaaaaauv}A{A**H}tA}ataa{Z}aaatAf~B}A{A*H}{A}Br
C[C@H]1CN(CCN2C[C@@]3(C(=O)N(c4cncc5ccccc45)C[C@@H]3C)c3cc(Cl)ccc3C2=O)[C@@H](C)CO1,7.87,18.181818181818187,A{A*H}rAD{AADfA{A**}t{A{~B}D{auadaavaaaaauv}A{A**H}tA}ataa{Z}aaatAf~B}{A**H}{A}ABr
C[C@H]1CN(c2cncc3ccccc23)C(=O)[C@@]12CN(C1CCNCC1)C(=O)c1ccc(Cl)cc12,7.62,23.467230443974636,A{A*H}rAD{afadaataaaaaft}A{~B}{A**}rfAD{ArAADAAr}A{~B}araaa{Z}aarf
C[C@H]1CN(c2cncc3ccccc23)C(=O)[C@@]12CN(C1CNC1)C(=O)c1ccc(Cl)cc12,7.27,30.86680761099367,A{A*H}rAD{afadaataaaaaft}A{~B}{A**}rfAD{ArADAr}A{~B}araaa{Z}aarf
C[C@H]1CN(c2cncc3ccccc23)C(=O)[C@@]12CN(CC#N)C(=O)c1ccc(F)cc12,6.17,54.12262156448204,A{A*H}rAD{afadaataaaaaft}A{~B}{A**}rfAD{AA^D}A{~B}araaa{G}aarf
C[C@H]1CN(c2cncc3ccccc23)C(=O)[C@@]12CN(CC(=O)NC(C)(C)C)C(=O)c1ccc(Cl)cc12,6.19,53.69978858350951,A{A*H}rAD{afadaataaaaaft}A{~B}{A**}rfAD{AA{~B}DA{A}{A}A}A{~B}araaa{Z}aarf
C[C@H]1CN(c2cncc3ccccc23)C(=O)[C@@]12CN(CC(=O)NC(C)(C)C)C(=O)c1ccc(F)cc12,6.53,46.51162790697675,A{A*H}rAD{afadaataaaaaft}A{~B}{A**}rfAD{AA{~B}DA{A}{A}A}A{~B}araaa{G}aarf
C[C@H]1CN(c2cncc3ccccc23)C(=O)[C@@]12CN(CC(=O)NC1CCC1)C(=O)c1ccc(Cl)cc12,7.09,34.672304439746306,A{A*H}rAD{afadaataaaaaft}A{~B}{A**}rfAD{AA{~B}DArAAAr}A{~B}araaa{Z}aarf
C[C@H]1CN(c2cncc3ccccc23)C(=O)[C@@]12CN(CC(=O)NC1CCC1)C(=O)c1ccc(F)cc12,6.76,41.64904862579282,A{A*H}rAD{afadaataaaaaft}A{~B}{A**}rfAD{AA{~B}DArAAAr}A{~B}araaa{G}aarf
C[C@H]1CN(c2cncc3ccccc23)C(=O)[C@@]12CN(CC(=O)NC1COC1)C(=O)c1ccc(Cl)cc12,6.77,41.437632135306565,A{A*H}rAD{afadaataaaaaft}A{~B}{A**}rfAD{AA{~B}DArABAr}A{~B}araaa{Z}aarf
C[C@H]1CN(c2cncc3ccccc23)C(=O)[C@@]12CN(CC(=O)NC1COC1)C(=O)c1ccc(F)cc12,6.44,48.41437632135306,A{A*H}rAD{afadaataaaaaft}A{~B}{A**}rfAD{AA{~B}DArABAr}A{~B}araaa{G}aarf
C[C@H]1CN(c2cncc3ccccc23)C(=O)[C@@]12CN(CC(=O)NCC1(F)CC1)C(=O)c1ccc(Cl)cc12,7.03,35.94080338266385,A{A*H}rAD{afadaataaaaaft}A{~B}{A**}rfAD{AA{~B}DAAr{G}AAr}A{~B}araaa{Z}aarf
C[C@H]1CN(c2cncc3ccccc23)C(=O)[C@@]12CN(CC(=O)NCC1(F)CC1)C(=O)c1ccc(F)cc12,6.89,38.90063424947147,A{A*H}rAD{afadaataaaaaft}A{~B}{A**}rfAD{AA{~B}DAAr{G}AAr}A{~B}araaa{G}aarf
C[C@H]1CN(c2cncc3ccccc23)C(=O)[C@@]12CN(CC(=O)NCC1CC1)C(=O)c1ccc(Cl)cc12,7.23,31.712473572938688,A{A*H}rAD{afadaataaaaaft}A{~B}{A**}rfAD{AA{~B}DAArAAr}A{~B}araaa{Z}aarf
C[C@H]1CN(c2cncc3ccccc23)C(=O)[C@@]12CN(CC(=O)NCC1CC1)C(=O)c1ccc(F)cc12,7.3,30.23255813953489,A{A*H}rAD{afadaataaaaaft}A{~B}{A**}rfAD{AA{~B}DAArAAr}A{~B}araaa{G}aarf
C[C@H]1CN(c2cncc3ccccc23)C(=O)[C@@]12CN(CC(=O)NCc1ccn(C)n1)C(=O)c1ccc(Cl)cc12,6.91,38.47780126849894,A{A*H}rAD{afadaataaaaaft}A{~B}{A**}rfAD{AA{~B}DAaraad{A}dr}A{~B}araaa{Z}aarf
C[C@H]1CN(c2cncc3ccccc23)C(=O)[C@@]12CN(CC(=O)NCc1ccn(C)n1)C(=O)c1ccccc12,5.59,66.38477801268499,A{A*H}rAD{afadaataaaaaft}A{~B}{A**}rfAD{AA{~B}DAaraad{A}dr}A{~B}araaaaarf
C[C@H]1CN(c2cncc3ccccc23)C(=O)[C@@]12CN(CC(=O)NCc1ccnn1C)C(=O)c1ccc(Cl)cc12,7.42,27.6955602536998,A{A*H}rAD{afadaataaaaaft}A{~B}{A**}rfAD{AA{~B}DAaraaddrA}A{~B}araaa{Z}aarf
C[C@H]1CN(c2cncc3ccccc23)C(=O)[C@@]12CN(CC(=O)NCc1ccnn1C)C(=O)c1ccccc12,5.82,61.52219873150105,A{A*H}rAD{afadaataaaaaft}A{~B}{A**}rfAD{AA{~B}DAaraaddrA}A{~B}araaaaarf
C[C@H]1CN(c2cncc3ccccc23)C(=O)[C@@]12CN(CCN(C)C)C(=O)c1ccc(Cl)cc12,7.38,28.54122621564483,A{A*H}rAD{afadaataaaaaft}A{~B}{A**}rfAD{AAD{A}A}A{~B}araaa{Z}aarf
C[C@H]1CN(c2cncc3ccccc23)C(=O)[C@@]12CN(CCN1CC(F)(F)C1)C(=O)c1ccc(Cl)cc12,7.95,16.490486257928122,A{A*H}rAD{afadaataaaaaft}A{~B}{A**}rfAD{AADrAA{G}{G}Ar}A{~B}araaa{Z}aarf
C[C@H]1CN(c2cncc3ccccc23)C(=O)[C@@]12CN(CCN1CCC1)C(=O)c1ccc(Cl)cc12,7.4,28.1183932346723,A{A*H}rAD{afadaataaaaaft}A{~B}{A**}rfAD{AADrAAAr}A{~B}araaa{Z}aarf
C[C@H]1CN(c2cncc3ccccc23)C(=O)[C@@]12CN(CCN1CCC3(COC3)C1)C(=O)c1ccc(Cl)cc12,7.57,24.52431289640592,A{A*H}rAD{afadaataaaaaft}A{~B}{A**}rfAD{AADrAAAt{ABAt}Ar}A{~B}araaa{Z}aarf
C[C@H]1CN(c2cncc3ccccc23)C(=O)[C@@]12CN(CCN1CCCC1=O)C(=O)c1ccc(Cl)cc12,7.01,36.363636363636374,A{A*H}rAD{afadaataaaaaft}A{~B}{A**}rfAD{AADrAAAAr~B}A{~B}araaa{Z}aarf
C[C@H]1CN(c2cncc3ccccc23)C(=O)[C@@]12CN(CCN1CCN(S(C)(=O)=O)CC1)C(=O)c1ccc(Cl)cc12,7.66,22.6215644820296,A{A*H}rAD{afadaataaaaaft}A{~B}{A**}rfAD{AADrAAD{E{A}{~B}~B}AAr}A{~B}araaa{Z}aarf
C[C@H]1CN(c2cncc3ccccc23)C(=O)[C@@]12CN(CCN1CCOC(C)(C)C1)C(=O)c1ccc(Cl)cc12,7.43,27.48414376321354,A{A*H}rAD{afadaataaaaaft}A{~B}{A**}rfAD{AADrAABA{A}{A}Ar}A{~B}araaa{Z}aarf
C[C@H]1CN(c2cncc3ccccc23)C(=O)[C@@]12CN(CCN1CCOC(F)(F)C1)C(=O)c1ccc(Cl)cc12,7.89,17.75898520084568,A{A*H}rAD{afadaataaaaaft}A{~B}{A**}rfAD{AADrAABA{G}{G}Ar}A{~B}araaa{Z}aarf
C[C@H]1CN(c2cncc3ccccc23)C(=O)[C@@]12CN(CCN1CCOCC1)C(=O)c1ccc(Cl)cc12,7.6,23.89006342494716,A{A*H}rAD{afadaataaaaaft}A{~B}{A**}rfAD{AADrAABAAr}A{~B}araaa{Z}aarf
C[C@H]1CN(c2cncc3ccccc23)C(=O)[C@@]12CN(CCN1CCOCC1)C(=O)c1ccc(F)cc12,7.54,25.1585623678647,A{A*H}rAD{afadaataaaaaft}A{~B}{A**}rfAD{AADrAABAAr}A{~B}araaa{G}aarf
C[C@H]1CN(c2cncc3ccccc23)C(=O)[C@@]12CN(CCN1CCS(=O)(=O)CC1)C(=O)c1ccc(Cl)cc12,7.72,21.353065539112063,A{A*H}rAD{afadaataaaaaft}A{~B}{A**}rfAD{AADrAAE{~B}{~B}AAr}A{~B}araaa{Z}aarf
C[C@H]1CN(c2cncc3ccccc23)C(=O)[C@@]12CN(CCN1C[C@@H]3C[C@H]1CO3)C(=O)c1ccc(Cl)cc12,8.0,15.433403805496836,A{A*H}rAD{afadaataaaaaft}A{~B}{A**}rfAD{AADrA{A**H}tA{A*H}rABt}A{~B}araaa{Z}aarf
C[C@H]1CN(c2cncc3ccccc23)C(=O)[C@@]12CN(CCN1C[C@H]3CC[C@H](C1)O3)C(=O)c1ccc(Cl)cc12,7.66,22.6215644820296,A{A*H}rAD{afadaataaaaaft}A{~B}{A**}rfAD{AADrA{A*H}tAA{A*H}{Ar}Bt}A{~B}araaa{Z}aarf
C[C@H]1CN(c2cncc3ccccc23)C(=O)[C@@]12CN(CCN1C[C@H]3COC[C@H]3C1)C(=O)c1ccc(Cl)cc12,7.79,19.873150105708252,A{A*H}rAD{afadaataaaaaft}A{~B}{A**}rfAD{AADrA{A*H}tABA{A*H}tAr}A{~B}araaa{Z}aarf
C[C@H]1CN(c2cncc3ccccc23)C(=O)[C@@]12CN(CCN1C[C@H]3C[C@@H]1CO3)C(=O)c1ccc(Cl)cc12,7.89,17.75898520084568,A{A*H}rAD{afadaataaaaaft}A{~B}{A**}rfAD{AADrA{A*H}tA{A**H}rABt}A{~B}araaa{Z}aarf
C[C@H]1CN(c2cncc3ccccc23)C(=O)[C@@]12CN(Cc1c[nH]cn1)C(=O)c1ccc(F)cc12,7.57,24.52431289640592,A{A*H}rAD{afadaataaaaaft}A{~B}{A**}rfAD{Aara{dH}adr}A{~B}araaa{G}aarf
C[C@H]1CN(c2cncc3ccccc23)C(=O)[C@@]12CN(Cc1c[nH]nn1)C(=O)c1ccc(F)cc12,7.31,30.02114164904864,A{A*H}rAD{afadaataaaaaft}A{~B}{A**}rfAD{Aara{dH}ddr}A{~B}araaa{G}aarf
C[C@H]1CN(c2cncc3ccccc23)C(=O)[C@@]12CN(Cc1cc(O)ncn1)C(=O)c1ccc(F)cc12,6.47,47.7801268498943,A{A*H}rAD{afadaataaaaaft}A{~B}{A**}rfAD{Aaraa{B}dadr}A{~B}araaa{G}aarf
C[C@H]1CN(c2cncc3ccccc23)C(=O)[C@@]12CN(Cc1ccn(C)n1)C(=O)c1ccc(F)cc12,7.82,19.23890063424947,A{A*H}rAD{afadaataaaaaft}A{~B}{A**}rfAD{Aaraad{A}dr}A{~B}araaa{G}aarf
C[C@H]1CN(c2cncc3ccccc23)C(=O)[C@@]12CN(Cc1ccn[nH]1)C(=O)c1ccc(F)cc12,7.87,18.181818181818187,A{A*H}rAD{afadaataaaaaft}A{~B}{A**}rfAD{Aaraad{dH}r}A{~B}araaa{G}aarf
C[C@H]1CN(c2cncc3ccccc23)C(=O)[C@@]12CN(Cc1ccncn1)C(=O)c1ccc(F)cc12,8.02,15.01057082452433,A{A*H}rAD{afadaataaaaaft}A{~B}{A**}rfAD{Aaraadadr}A{~B}araaa{G}aarf
C[C@H]1CN(c2cncc3ccccc23)C(=O)[C@@]12CN(Cc1ccnn1C)C(=O)c1ccc(F)cc12,7.08,34.88372093023256,A{A*H}rAD{afadaataaaaaft}A{~B}{A**}rfAD{AaraaddrA}A{~B}araaa{G}aarf
C[C@H]1CN(c2cncc3ccccc23)C(=O)[C@@]12CN(Cc1ccnnc1)C(=O)c1ccc(F)cc12,7.97,16.067653276955618,A{A*H}rAD{afadaataaaaaft}A{~B}{A**}rfAD{Aaraaddar}A{~B}araaa{G}aarf
C[C@H]1CN(c2cncc3ccccc23)C(=O)[C@@]12CN(Cc1ccon1)C(=O)c1ccc(F)cc12,7.86,18.39323467230444,A{A*H}rAD{afadaataaaaaft}A{~B}{A**}rfAD{Aaraabdr}A{~B}araaa{G}aarf
C[C@H]1CN(c2cncc3ccccc23)C(=O)[C@@]12CN(Cc1cn[nH]c1)C(=O)c1ccc(F)cc12,7.29,30.443974630021145,A{A*H}rAD{afadaataaaaaft}A{~B}{A**}rfAD{Aarad{dH}ar}A{~B}araaa{G}aarf
C[C@H]1CN(c2cncc3ccccc23)C(=O)[C@@]12CN(Cc1cnn(C)c1)C(=O)c1ccc(F)cc12,8.06,14.164904862579279,A{A*H}rAD{afadaataaaaaft}A{~B}{A**}rfAD{Aaradd{A}ar}A{~B}araaa{G}aarf
C[C@H]1CN(c2cncc3ccccc23)C(=O)[C@@]12CN(Cc1cnn(C)n1)C(=O)c1ccc(F)cc12,7.46,26.849894291754765,A{A*H}rAD{afadaataaaaaft}A{~B}{A**}rfAD{Aaradd{A}dr}A{~B}araaa{G}aarf
C[C@H]1CN(c2cncc3ccccc23)C(=O)[C@@]12CN(Cc1cocn1)C(=O)c1ccc(F)cc12,7.46,26.849894291754765,A{A*H}rAD{afadaataaaaaft}A{~B}{A**}rfAD{Aarabadr}A{~B}araaa{G}aarf
C[C@H]1CN(c2cncc3ccccc23)C(=O)[C@@]12CN(Cc1nc[nH]n1)C(=O)c1ccc(F)cc12,6.68,43.340380549682884,A{A*H}rAD{afadaataaaaaft}A{~B}{A**}rfAD{Aarda{dH}dr}A{~B}araaa{G}aarf
C[C@H]1CN(c2cncc3ccccc23)C(=O)[C@@]12CN(Cc1ncc[nH]1)C(=O)c1ccc(F)cc12,7.75,20.718816067653282,A{A*H}rAD{afadaataaaaaft}A{~B}{A**}rfAD{Aardaa{dH}r}A{~B}araaa{G}aarf
C[C@H]1CN(c2cncc3ccccc23)C(=O)[C@@]12CN(Cc1ncccn1)C(=O)c1ccc(F)cc12,6.25,52.43128964059197,A{A*H}rAD{afadaataaaaaft}A{~B}{A**}rfAD{Aardaaadr}A{~B}araaa{G}aarf
C[C@H]1CN(c2cncc3ccccc23)C(=O)[C@@]12CN(Cc1nccn1C)C(=O)c1ccc(F)cc12,6.44,48.41437632135306,A{A*H}rAD{afadaataaaaaft}A{~B}{A**}rfAD{AardaadrA}A{~B}araaa{G}aarf
C[C@H]1CN(c2cncc3ccccc23)C(=O)[C@@]12CN(Cc1ncco1)C(=O)c1ccc(F)cc12,6.92,38.26638477801269,A{A*H}rAD{afadaataaaaaft}A{~B}{A**}rfAD{Aardaabr}A{~B}araaa{G}aarf
C[C@H]1CN(c2cncc3ccccc23)C(=O)[C@@]12CN(Cc1ncn(C)n1)C(=O)c1ccc(F)cc12,6.32,50.95137420718816,A{A*H}rAD{afadaataaaaaft}A{~B}{A**}rfAD{Aardad{A}dr}A{~B}araaa{G}aarf
C[C@H]1CN(c2cncc3ccccc23)C(=O)[C@@]12CN(Cc1nncn1C)C(=O)c1ccc(F)cc12,6.37,49.89429175475687,A{A*H}rAD{afadaataaaaaft}A{~B}{A**}rfAD{AarddadrA}A{~B}araaa{G}aarf
C[C@H]1CN(c2cncc3ccccc23)C(=O)[C@@]12CN(Cc1nnn(C)n1)C(=O)c1ccc(F)cc12,6.65,43.97463002114164,A{A*H}rAD{afadaataaaaaft}A{~B}{A**}rfAD{Aarddd{A}dr}A{~B}araaa{G}aarf
C[C@H]1CN(c2cncc3ccccc23)C(=O)[C@@]12CN(Cc1nnn[nH]1)C(=O)c1ccc(F)cc12,5.67,64.69344608879493,A{A*H}rAD{afadaataaaaaft}A{~B}{A**}rfAD{Aarddd{dH}r}A{~B}araaa{G}aarf
C[C@H]1CN(c2cncc3ccccc23)C(=O)[C@@]12CN(Cc1nnnn1C)C(=O)c1ccc(F)cc12,6.41,49.04862579281184,A{A*H}rAD{afadaataaaaaft}A{~B}{A**}rfAD{AarddddrA}A{~B}araaa{G}aarf
C[C@H]1CN(c2cncc3ccccc23)C(=O)[C@@]12CN1CC(=O)NN=C1c1ccc(Cl)cc12,6.35,50.3171247357294,A{A*H}rAD{afadaataaaaaft}A{~B}{A**}rfADrAA{~B}DD~Araraaa{Z}aarf
C[C@H]1CN(c2cncc3ccccc23)C(=O)[C@@]12Cn1nncc1-c1ccc(Cl)cc12,6.18,53.91120507399578,A{A*H}rAD{afadaataaaaaft}A{~B}{A**}rfAdrddaarMaraaa{Z}aarf
C[C@H]1CN(c2cncc3ccccc23)C(=O)[C@]12Cn1nncc1-c1ccc(Cl)cc12,4.11,97.67441860465115,A{A*H}rAD{afadaataaaaaft}A{~B}{A*}rfAdrddaarMaraaa{Z}aarf
C[C@H]1COC[C@@]2(C1)NC(=O)N(c1cncc3ccccc13)C2=O,4.24,94.9260042283298,A{A*H}rABA{A**}f{Ar}DA{~B}D{aradaataaaaart}Af~B
C[C@H]1COC[C@H](C)N1CCN1C[C@@]2(C(=O)N(c3cncc4ccccc34)C[C@@H]2C)c2cc(Cl)ccc2C1=O,8.02,15.01057082452433,A{A*H}rABA{A*H}{A}DrAADrA{A**}f{A{~B}D{atadaauaaaaatu}A{A**H}fA}afaa{Z}aaafAr~B
C[C@H]1COC[C@]2(C1)NC(=O)N(c1cncc3ccccc13)C2=O,5.21,74.4186046511628,A{A*H}rABA{A*}f{Ar}DA{~B}D{aradaataaaaart}Af~B
C[C@H]1COc2ccccc2[C@H]1C(=O)Nc1cncc2ccccc12,4.71,84.98942917547569,A{A*H}rABafaaaaaf{A*H}rA{~B}Daradaafaaaaarf
C[C@H]1C[C@@H](C(C)(F)F)CCN1C(=O)Cc1cncc2ccccc12,5.9,59.83086680761099,A{A*H}rA{A**H}{A{A}{G}G}AADrA{~B}Aaradaafaaaaarf
C[C@H]1C[C@@H](C(F)(F)F)CCN1C(=O)Cc1cncc2ccccc12,5.93,59.19661733615223,A{A*H}rA{A**H}{A{G}{G}G}AADrA{~B}Aaradaafaaaaarf
C[C@H]1C[C@@H](C)N(C(=O)Cc2cncc3ccccc23)[C@@H](C)C1,5.87,60.465116279069775,A{A*H}rA{A**H}{A}D{A{~B}Aafadaataaaaaft}{A**H}{A}Ar
C[C@H]1C[C@H](C(C)(F)F)CCN1C(=O)Cc1cncc2ccccc12,6.2,53.48837209302326,A{A*H}rA{A*H}{A{A}{G}G}AADrA{~B}Aaradaafaaaaarf
C[C@H]1C[C@H](C)CN(C(=O)Cc2cncc3ccccc23)C1,4.28,94.08033826638477,A{A*H}rA{A*H}{A}AD{A{~B}Aafadaataaaaaft}Ar
C[C@H]1C[C@H](C)N(C(=O)Cc2cncc3ccccc23)C1,4.38,91.96617336152221,A{A*H}rA{A*H}{A}D{A{~B}Aafadaataaaaaft}Ar
C[C@H]1C[C@H](C2CCCCC2)CN1C(=O)Cc1cncc2ccccc12,5.22,74.20718816067654,A{A*H}rA{A*H}{AfAAAAAf}ADrA{~B}Aaradaafaaaaarf
C[C@H]1C[C@H](c2ccccc2)CCN1C(=O)Cc1cncc2ccccc12,4.85,82.02959830866808,A{A*H}rA{A*H}{afaaaaaf}AADrA{~B}Aaradaafaaaaarf
C[C@H]1C[C@H](c2ccccc2)N(C(=O)Cc2cncc3ccccc23)C1,4.82,82.66384778012684,A{A*H}rA{A*H}{afaaaaaf}D{A{~B}Aafadaataaaaaft}Ar
C[C@H]1C[C@H](c2cccs2)CN1C(=O)Cc1cncc2ccccc12,5.11,76.53276955602536,A{A*H}rA{A*H}{afaaaff}ADrA{~B}Aaradaafaaaaarf
C[C@H]1C[C@H](c2ccsc2)CN1C(=O)Cc1cncc2ccccc12,5.05,77.80126849894292,A{A*H}rA{A*H}{afaafaf}ADrA{~B}Aaradaafaaaaarf
C[C@H]1C[C@H]2CC[C@@H](C1)N2C(=O)Cc1cncc2ccccc12,5.38,70.82452431289641,A{A*H}rA{A*H}fAA{A**H}{Ar}DfA{~B}Aaradaafaaaaarf
C[C@H]1C[C@H]2C[C@@H]1CN2C(=O)Cc1cncc2ccccc12,4.98,79.28118393234672,A{A*H}rA{A*H}fA{A**H}rADfA{~B}Aaradaafaaaaarf
C[C@H]1Cc2sccc2CN1C(=O)Cc1cncc2ccccc12,6.113333333333333,55.32064834390417,A{A*H}rAaffaaafADrA{~B}Aaradaafaaaaarf
C[C@H]1OCCC[C@]12NC(=O)N(c1cncc3ccccc13)C2=O,4.02,99.5771670190275,A{A*H}rBAAA{A*}rfDA{~B}D{aradaataaaaart}Af~B
C[C@H]1[C@H]2CCCC[C@H]2CN1C(=O)Cc1cncc2ccccc12,5.02,78.4355179704017,A{A*H}r{A*H}fAAAA{A*H}fADrA{~B}Aaradaafaaaaarf
C[C@H]1c2cccnc2CCN1C(=O)Cc1cncc2ccccc12,4.3,93.65750528541227,A{A*H}rafaaadafAADrA{~B}Aaradaafaaaaarf
C[C@H]1c2ccsc2CCN1C(=O)Cc1cncc2ccccc12,5.8149999999999995,61.62790697674421,A{A*H}rafaafafAADrA{~B}Aaradaafaaaaarf
C[C@]1(c2ccc(F)cc2)CCN(C(=O)Cc2cncc3ccccc23)C1,4.84,82.24101479915434,A{A*}r{afaaa{G}aaf}AAD{A{~B}Aafadaataaaaaft}Ar
C[C@]1(c2ccccc2)CCCN(C(=O)Cc2cncc3ccccc23)C1,4.57,87.94926004228329,A{A*}r{afaaaaaf}AAAD{A{~B}Aafadaataaaaaft}Ar
Cc1cc(C)n(C[C@H]2CCCCN2C(=O)Cc2cncc3ccccc23)n1,4.19,95.98308668076109,Aaraa{A}d{A{A*H}fAAAADfA{~B}Aafadaataaaaaft}dr
Cc1cc(CN2C[C@@]3(C(=O)N(c4cncc5ccccc45)C[C@@H]3C)c3cc(F)ccc3C2=O)on1,7.91,17.336152219873153,Aaraa{ADfA{A**}t{A{~B}D{auadaavaaaaauv}A{A**H}tA}ataa{G}aaatAf~B}bdr
Cc1cc(F)cc(CC(=O)Nc2cncc3ccccc23)c1,5.79,62.15644820295984,Aaraa{G}aa{AA{~B}Dafadaataaaaaft}ar
Cc1cc(F)ccc1C(F)(F)C(=O)Nc1cncc2ccccc12,4.56,88.16067653276956,Aaraa{G}aaarA{G}{G}A{~B}Daradaafaaaaarf
Cc1cc(NC(=O)Nc2cn(CC(C)C)c(=O)c3ccccc23)no1,5.2,74.63002114164904,Aaraa{DA{~B}Dafad{AA{A}A}a{~B}ataaaaaft}dbr
Cc1cc([C@H]2CCCCN2C(=O)Cc2cncc3ccccc23)[nH]n1,4.41,91.33192389006342,Aaraa{{A*H}fAAAADfA{~B}Aafadaataaaaaft}{dH}dr
Cc1cc([C@H]2CCCCN2C(=O)Cc2cncc3ccccc23)on1,4.49,89.64059196617335,Aaraa{{A*H}fAAAADfA{~B}Aafadaataaaaaft}bdr
Cc1cc([C@H]2CCN(C(=O)Cc3cncc4ccccc34)C2)cs1,5.09,76.95560253699789,Aaraa{{A*H}fAAD{A{~B}Aatadaauaaaaatu}Af}afr
Cc1cc2c(cc1C)[C@H](C(=O)Nc1cncc3ccccc13)CO2,5.34,71.67019027484145,Aaraafa{aarA}{A*H}{A{~B}Daradaataaaaart}ABf
Cc1cc2c(s1)CCN(C(=O)Cc1cncc3ccccc13)C2,5.38,70.82452431289641,Aaraafa{fr}AAD{A{~B}Aaradaataaaaart}Af
Cc1ccc(CCNC(=O)CN2Cc3ccc(Cl)cc3[C@H](C(=O)Nc3cncc4ccccc34)C2)cc1,7.12,34.03805496828753,Aaraaa{AADA{~B}ADfAataaa{Z}aat{A*H}{A{~B}Datadaauaaaaatu}Af}aar
Cc1ccc(CNC(=O)CN2Cc3ccc(Cl)cc3[C@H](C(=O)Nc3cncc4ccccc34)C2)cc1,6.96,37.42071881606766,Aaraaa{ADA{~B}ADfAataaa{Z}aat{A*H}{A{~B}Datadaauaaaaatu}Af}aar
Cc1ccc(C[C@H]2CCCN(C(=O)Cc3cncc4ccccc34)C2)cc1,4.55,88.37209302325581,Aaraaa{A{A*H}fAAAD{A{~B}Aatadaauaaaaatu}Af}aar
Cc1ccc(F)c(CC(=O)Nc2cncc3ccccc23)c1,5.29,72.72727272727273,Aaraaa{G}a{AA{~B}Dafadaataaaaaft}ar
Cc1ccc(F)c(CN(C)C(=O)Cc2cncc3ccccc23)c1F,4.24,94.9260042283298,Aaraaa{G}a{AD{A}A{~B}Aafadaataaaaaft}arG
Cc1ccc(F)cc1C(F)(F)C(=O)Nc1cncc2ccccc12,5.0,78.8583509513742,Aaraaa{G}aarA{G}{G}A{~B}Daradaafaaaaarf
Cc1ccc(F)cc1CC(=O)Nc1cncc2ccccc12,5.73,63.424947145877375,Aaraaa{G}aarAA{~B}Daradaafaaaaarf
Cc1ccc([C@H](C(=O)Nc2cncc3ccccc23)C2CC2)cc1,4.73,84.56659619450316,Aaraaa{{A*H}{A{~B}Dafadaataaaaaft}AfAAf}aar
Cc1ccc([C@H]2CCCCN2C(=O)Cc2cncc3ccccc23)cc1,4.82,82.66384778012684,Aaraaa{{A*H}fAAAADfA{~B}Aafadaataaaaaft}aar
Cc1ccc([C@H]2CCCN2C(=O)Cc2cncc3ccccc23)cc1,4.32,93.23467230443974,Aaraaa{{A*H}fAAADfA{~B}Aafadaataaaaaft}aar
Cc1ccc2[nH]cc(CCNC(=O)CN3Cc4ccc(Cl)cc4[C@H](C(=O)Nc4cncc5ccccc45)C3)c2c1,7.12,34.03805496828753,Aaraaaf{dH}aa{AADA{~B}ADtAauaaa{Z}aau{A*H}{A{~B}Dauadaavaaaaauv}At}afar
Cc1ccc2c(n1)CCN(C(=O)Cc1cncc3ccccc13)C2,4.44,90.69767441860465,Aaraaafa{dr}AAD{A{~B}Aaradaataaaaart}Af
Cc1cccc(CC(=O)Nc2cncc3ccccc23)c1F,4.2,95.77167019027483,Aaraaaa{AA{~B}Dafadaataaaaaft}arG
Cc1cccc(CN(C(=O)Cc2cncc3ccccc23)C2CC2)c1,5.04,78.01268498942918,Aaraaaa{AD{A{~B}Aafadaataaaaaft}AfAAf}ar
Cc1cccc(CN(Cc2ccccn2)C(=O)Cc2cncc3ccccc23)c1,4.48,89.85200845665962,Aaraaaa{AD{Aafaaaadf}A{~B}Aafadaataaaaaft}ar
Cc1cccc([C@H]2CCCCN2C(=O)Cc2cncc3ccccc23)c1C,5.36,71.24735729386892,Aaraaaa{{A*H}fAAAADfA{~B}Aafadaataaaaaft}arA
Cc1cccc2[nH]c(CNC(=O)c3cncc4ccccc34)cc12,4.87,81.60676532769557,Aaraaaaf{dH}a{ADA{~B}atadaauaaaaatu}aarf
Cc1ccccc1C[C@H]1CCCN1C(=O)Cc1cncc2ccccc12,4.43,90.9090909090909,AaraaaaarA{A*H}rAAADrA{~B}Aaradaafaaaaarf
Cc1ccccc1NC(=O)C[C@H]1SC(=O)N(c2ccccc2)C1=O,6.23,52.85412262156448,AaraaaaarDA{~B}A{A*H}rEA{~B}D{afaaaaaf}Ar~B
Cc1ccccc1[C@H]1C[C@H](C)N(C(=O)Cc2cncc3ccccc23)C1,4.86,81.81818181818181,Aaraaaaar{A*H}rA{A*H}{A}D{A{~B}Aafadaataaaaaft}Ar
Cc1ccnc([C@H]2CCN(C(=O)Cc3cncc4ccccc34)C2)c1,4.06,98.73150105708245,Aaraada{{A*H}fAAD{A{~B}Aatadaauaaaaatu}Af}ar
Cc1cnc(CN2C[C@@]3(C(=O)N(c4cncc5ccccc45)C[C@@H]3C)c3cc(F)ccc3C2=O)cn1,7.15,33.40380549682875,Aarada{ADfA{A**}t{A{~B}D{auadaavaaaaauv}A{A**H}tA}ataa{G}aaatAf~B}adr
Cc1cnc2c(c1)CN(C(=O)Cc1cncc3ccccc13)CC2,5.03,78.22410147991543,Aaradafa{ar}AD{A{~B}Aaradaataaaaart}AAf
Cc1cncc(CC(=O)N2CCc3sccc3C2)c1,5.3,72.51585623678648,Aaradaa{AA{~B}DfAAatfaaatAf}ar
Cc1cncc(CC(=O)Nc2cncc3ccccc23)c1,4.99,79.06976744186046,Aaradaa{AA{~B}Dafadaataaaaaft}ar
Cc1csc(C[C@H]2CCCN(C(=O)Cc3cncc4ccccc34)C2)n1,4.17,96.40591966173362,Aarafa{A{A*H}fAAAD{A{~B}Aatadaauaaaaatu}Af}dr
Cc1csc([C@H]2CCCN(C(=O)Cc3cncc4ccccc34)C2)n1,4.19,95.98308668076109,Aarafa{{A*H}fAAAD{A{~B}Aatadaauaaaaatu}Af}dr
Cc1csc([C@H]2CCCN2C(=O)Cc2cncc3ccccc23)n1,4.32,93.23467230443974,Aarafa{{A*H}fAAADfA{~B}Aafadaataaaaaft}dr
Cc1csc2c1CN(C(=O)Cc1cncc3ccccc13)CC2,6.48,47.56871035940803,AarafafarAD{A{~B}Aaradaataaaaart}AAf
Cc1nc(CN2C[C@@]3(C(=O)N(c4cncc5ccccc45)C[C@@H]3C)c3cc(F)ccc3C2=O)c[nH]1,7.56,24.735729386892192,Aarda{ADfA{A**}t{A{~B}D{auadaavaaaaauv}A{A**H}tA}ataa{G}aaatAf~B}a{dH}r
Cc1nc(CN2C[C@@]3(C(=O)N(c4cncc5ccccc45)C[C@@H]3C)c3cc(F)ccc3C2=O)co1,8.04,14.587737843551823,Aarda{ADfA{A**}t{A{~B}D{auadaavaaaaauv}A{A**H}tA}ataa{G}aaatAf~B}abr
Cc1nc(CN2C[C@@]3(C(=O)N(c4cncc5ccccc45)C[C@@H]3C)c3cc(F)ccc3C2=O)no1,6.68,43.340380549682884,Aarda{ADfA{A**}t{A{~B}D{auadaavaaaaauv}A{A**H}tA}ataa{G}aaatAf~B}dbr
Cc1nc([C@H]2CCCN2C(=O)Cc2cncc3ccccc23)cs1,4.67,85.83509513742072,Aarda{{A*H}fAAADfA{~B}Aafadaataaaaaft}afr
Cc1nc2c(n1C)CCN(C(=O)Cc1cncc3ccccc13)C2,4.4,91.54334038054968,Aardafa{drA}AAD{A{~B}Aaradaataaaaart}Af
Cc1nc2ccc(N(Cc3cccc(Cl)c3)C(=O)Cc3cncc4ccccc34)cc2[nH]1,6.47,47.7801268498943,Aardafaaa{D{Aataaaa{Z}at}A{~B}Aatadaauaaaaatu}aaf{dH}r
Cc1ncc(-c2cccc(Cl)c2)c(=O)n1-c1cncc2ccccc12,4.8,83.08668076109937,Aardaa{Mafaaaa{Z}af}a{~B}drMaradaafaaaaarf
Cc1ncc(CN2C[C@@]3(C(=O)N(c4cncc5ccccc45)C[C@@H]3C)c3cc(F)ccc3C2=O)o1,7.09,34.672304439746306,Aardaa{ADfA{A**}t{A{~B}D{auadaavaaaaauv}A{A**H}tA}ataa{G}aaatAf~B}br
Cc1nccc(CN2C[C@@]3(C(=O)N(c4cncc5ccccc45)C[C@@H]3CNc3nnc(C(F)(F)F)o3)c3cc(Cl)ccc3C2=O)n1,7.89,17.75898520084568,Aardaaa{ADfA{A**}t{A{~B}D{auadaavaaaaauv}A{A**H}tADatdda{A{G}{G}G}bt}ataa{Z}aaatAf~B}dr
Cc1nccc(CN2C[C@@]3(C(=O)N(c4cncc5ccccc45)C[C@@H]3CNc3nnc(C(F)(F)F)s3)c3cc(Cl)ccc3C2=O)n1,7.36,28.964059196617335,Aardaaa{ADfA{A**}t{A{~B}D{auadaavaaaaauv}A{A**H}tADatdda{A{G}{G}G}ft}ataa{Z}aaatAf~B}dr
Cc1nccc(CN2C[C@@]3(C(=O)N(c4cncc5ccccc45)C[C@@H]3CNc3nnc(C)o3)c3cc(Cl)ccc3C2=O)n1,7.75,20.718816067653282,Aardaaa{ADfA{A**}t{A{~B}D{auadaavaaaaauv}A{A**H}tADatdda{A}bt}ataa{Z}aaatAf~B}dr
Cc1nccc(CN2C[C@@]3(C(=O)N(c4cncc5ccccc45)C[C@@H]3CNc3nnco3)c3cc(Cl)ccc3C2=O)n1,8.64,1.9027484143763183,Aardaaa{ADfA{A**}t{A{~B}D{auadaavaaaaauv}A{A**H}tADatddabt}ataa{Z}aaatAf~B}dr
Cc1nccc(CN2C[C@@]3(C(=O)N(c4cncc5ccccc45)C[C@@H]3CNc3nncs3)c3cc(Cl)ccc3C2=O)n1,8.6,2.7484143763213695,Aardaaa{ADfA{A**}t{A{~B}D{auadaavaaaaauv}A{A**H}tADatddaft}ataa{Z}aaatAf~B}dr
Cc1nnc(CN2C[C@@]3(C(=O)N(c4cncc5ccccc45)C[C@@H]3CNc3ccncn3)c3cc(Cl)ccc3C2=O)o1,7.54,25.1585623678647,Aardda{ADfA{A**}t{A{~B}D{auadaavaaaaauv}A{A**H}tADataadadt}ataa{Z}aaatAf~B}br
Cc1nnc(NC[C@H]2CN(c3cncc4ccccc34)C(=O)[C@@]23CN(Cc2cc[nH]n2)C(=O)c2ccc(Cl)cc23)o1,7.68,22.198731501057097,Aardda{DA{A*H}fAD{atadaauaaaaatu}A{~B}{A**}ftAD{Aafaa{dH}df}A{~B}afaaa{Z}aaft}br
Cc1nnc(NC[C@H]2CN(c3cncc4ccccc34)C(=O)[C@@]23CN(Cc2cc[nH]n2)C(=O)c2ccc(Cl)cc23)s1,7.62,23.467230443974636,Aardda{DA{A*H}fAD{atadaauaaaaatu}A{~B}{A**}ftAD{Aafaa{dH}df}A{~B}afaaa{Z}aaft}fr
Cc1nnc(Sc2cc(-c3ccccc3)nc3ncnn23)n1C,5.2,74.63002114164904,Aardda{Eafaa{Mataaaaat}datdaddft}drA
Cc1nnc([C@H]2CCCCN2C(=O)Cc2cncc3ccccc23)o1,4.01,99.78858350951374,Aardda{{A*H}fAAAADfA{~B}Aafadaataaaaaft}br
Cn1c(CNC(=O)c2cncc3ccccc23)nc2ccccc21,4.07,98.52008456659618,Adra{ADA{~B}afadaataaaaaft}dafaaaaafr
Cn1c(Cc2ccccc2)nn(-c2cncc3ccccc23)c1=O,5.04,78.01268498942918,Adra{Aafaaaaaf}dd{Mafadaataaaaaft}ar~B
Cn1cc([C@H]2CCCCN2C(=O)Cc2cncc3ccccc23)cn1,4.27,94.29175475687106,Adraa{{A*H}fAAAADfA{~B}Aafadaataaaaaft}adr
Cn1cc([C@H]2CCCN2C(=O)Cc2cncc3ccccc23)c(C(F)F)n1,4.31,93.44608879492601,Adraa{{A*H}fAAADfA{~B}Aafadaataaaaaft}a{A{G}G}dr
Cn1cc([C@H]2CCCN2C(=O)Cc2cncc3ccccc23)c2ccccc21,4.76,83.9323467230444,Adraa{{A*H}fAAADfA{~B}Aafadaataaaaaft}afaaaaafr
Cn1cc([C@H]2CN(C(=O)Cc3cncc4ccccc34)CC2(C)C)cn1,4.34,92.81183932346724,Adraa{{A*H}fAD{A{~B}Aatadaauaaaaatu}AAf{A}A}adr
Cn1ccc(CN2C[C@]3(CCN(c4cncc5ccccc45)C3=O)c3cc(Cl)ccc3C2=O)n1,5.865,60.57082452431289,Adraaa{ADfA{A*}t{AAD{auadaavaaaaauv}At~B}ataa{Z}aaatAf~B}dr
Cn1cccc1[C@H]1CCCCN1C(=O)Cc1cncc2ccccc12,5.1,76.74418604651163,Adraaaar{A*H}rAAAADrA{~B}Aaradaafaaaaarf
Cn1cnc(CN2C[C@]3(CCN(c4cncc5ccccc45)C3=O)c3cc(Cl)ccc3C2=O)n1,5.25,73.57293868921776,Adrada{ADfA{A*}t{AAD{auadaavaaaaauv}At~B}ataa{Z}aaatAf~B}dr
Cn1cnc(Cn2c(=O)[nH]/c(=N\c3cc4cn(C)nc4cc3Cl)n(Cc3cc(F)c(F)cc3F)c2=O)n1,8.43,6.342494714587752,Adrada{Adfa{~B}{dH}La{~DRataauad{A}dauaatZ}d{Aataa{G}a{G}aatG}af~B}dr
Cn1cnc2c1CCN(C(=O)Cc1cncc3ccccc13)C2,5.01,78.64693446088795,AdradafarAAD{A{~B}Aaradaataaaaart}Af
Cn1cncc1[C@H]1CCCCN1C(=O)Cc1cncc2ccccc12,4.11,97.67441860465115,Adradaar{A*H}rAAAADrA{~B}Aaradaafaaaaarf
Cn1ncc(C2CCC2)c1CNC(=O)c1cncc2ccccc12,4.25,94.71458773784356,Adrdaa{AfAAAf}arADA{~B}aradaafaaaaarf
Cn1ncc2cncc(NC(=O)[C@H]3CNS(=O)(=O)c4ccc(Cl)cc43)c21,5.5649999999999995,66.91331923890066,Adrdaafadaa{DA{~B}{A*H}tADE{~B}{~B}auaaa{Z}aaut}afr
Cn1nccc1C[C@H]1CCCN1C(=O)Cc1cncc2ccccc12,4.12,97.46300211416491,AdrdaaarA{A*H}rAAADrA{~B}Aaradaafaaaaarf
Cn1nccc1[C@H]1CCCCN1C(=O)Cc1cncc2ccccc12,4.42,91.12050739957716,Adrdaaar{A*H}rAAAADrA{~B}Aaradaafaaaaarf
Cn1nccc1[C@H]1CCCN1C(=O)Cc1cncc2ccccc12,4.26,94.5031712473573,Adrdaaar{A*H}rAAADrA{~B}Aaradaafaaaaarf
Cn1nccc1[C@H]1CCN(C(=O)Cc2cncc3ccccc23)C1,4.26,94.5031712473573,Adrdaaar{A*H}rAAD{A{~B}Aafadaataaaaaft}Ar
Cn1nnc(CN2C[C@]3(CCN(c4cncc5ccccc45)C3=O)c3cc(Cl)ccc3C2=O)n1,5.29,72.72727272727273,Adrdda{ADfA{A*}t{AAD{auadaavaaaaauv}At~B}ataa{Z}aaatAf~B}dr
Cn1nncc1[C@H]1CCCCN1C(=O)Cc1cncc2ccccc12,4.15,96.82875264270612,Adrddaar{A*H}rAAAADrA{~B}Aaradaafaaaaarf
Cn1nnnc1CN1C[C@]2(CCN(c3cncc4ccccc34)C2=O)c2cc(Cl)ccc2C1=O,5.21,74.4186046511628,AdrdddarADrA{A*}f{AAD{atadaauaaaaatu}Af~B}afaa{Z}aaafAr~B
N#CC1(N(C(=O)Cc2cncc3ccccc23)c2ccccc2)CCCCC1,4.85,82.02959830866808,D^AAr{D{A{~B}Aafadaataaaaaft}afaaaaaf}AAAAAr
N#CC1(c2ccccc2)CCN(C(=O)Cc2cncc3ccccc23)CC1,5.36,71.24735729386892,D^AAr{afaaaaaf}AAD{A{~B}Aafadaataaaaaft}AAr
N#CC1CC2(CCN(C(=O)Cc3cncc4ccccc34)C2)C1,4.06,98.73150105708245,D^AArAAf{AAD{A{~B}Aatadaauaaaaatu}Af}Ar
N#CC1CCN(C(=O)Cc2cncc3ccccc23)CC1,4.74,84.3551797040169,D^AArAAD{A{~B}Aafadaataaaaaft}AAr
N#CC1[C@H]2CC[C@H]1CN(C(=O)Cc1cncc3ccccc13)C2,4.86,81.81818181818181,D^AAr{A*H}fAA{A*H}rAD{A{~B}Aaradaataaaaart}Af
N#CC[C@@H]1CCCN(C(=O)Cc2cncc3ccccc23)C1,4.34,92.81183932346724,D^AA{A**H}rAAAD{A{~B}Aafadaataaaaaft}Ar
N#CC[C@H]1CCCN(C(=O)Cc2cncc3ccccc23)C1,4.83,82.4524312896406,D^AA{A*H}rAAAD{A{~B}Aafadaataaaaaft}Ar
N#CCc1ccc(N(Cc2cccc(Cl)c2)C(=O)Cc2cncc3ccccc23)cc1,6.03,57.08245243128964,D^AAaraaa{D{Aafaaaa{Z}af}A{~B}Aafadaataaaaaft}aar
N#C[C@H](c1ccccc1)[C@H]1CCCN1C(=O)Cc1cncc2ccccc12,4.46,90.27484143763213,D^A{A*H}{araaaaar}{A*H}rAAADrA{~B}Aaradaafaaaaarf
N#Cc1ccc(N(Cc2cccc(Cl)c2)C(=O)Cc2cncc3ccccc23)cc1,5.37,71.03594080338267,D^Aaraaa{D{Aafaaaa{Z}af}A{~B}Aafadaataaaaaft}aar
N#Cc1ccc(N(Cc2ccccc2)C(=O)Cc2cncc3ccccc23)cc1,4.89,81.18393234672305,D^Aaraaa{D{Aafaaaaaf}A{~B}Aafadaataaaaaft}aar
N#Cc1ccc2c(c1)Oc1c(F)cccc1CN2C(=O)Cc1cncc2ccccc12,4.81,82.87526427061312,D^Aaraaafa{ar}Bara{G}aaaarADfA{~B}Aaradaafaaaaarf
N#Cc1cccc(NC(=O)Cc2cncc3ccccc23)c1,4.5,89.4291754756871,D^Aaraaaa{DA{~B}Aafadaataaaaaft}ar
N=C(N)NCCc1ccc(OC(=O)Nc2ccccc2)cc1,4.8,83.08668076109937,D~A{D}DAAaraaa{BA{~B}Dafaaaaaf}aar
N=C(N)NCc1ccc(OC(=O)Nc2ccccc2)cc1,5.13,76.10993657505286,D~A{D}DAaraaa{BA{~B}Dafaaaaaf}aar
N=C(N)Nc1ccc(OC(=O)Nc2ccccc2)cc1,5.68,64.48202959830867,D~A{D}Daraaa{BA{~B}Dafaaaaaf}aar
NC(=O)CN(Cc1cccc(Cl)c1)C(=O)Cc1cncc2ccccc12,5.48,68.71035940803382,DA{~B}AD{Aaraaaa{Z}ar}A{~B}Aaradaafaaaaarf
NC(=O)[C@H]1CCCN(C(=O)Cc2cncc3ccccc23)C1,4.06,98.73150105708245,DA{~B}{A*H}rAAAD{A{~B}Aafadaataaaaaft}Ar
NC(=O)c1ccc2c(c1)[C@]1(CCO2)NC(=O)N(c2cncc3ccccc23)C1=O,4.85,82.02959830866808,DA{~B}araaafa{ar}{A*}r{AABf}DA{~B}D{afadaataaaaaft}Ar~B
NS(=O)(=O)OCC(=O)N1CCN(S(=O)(=O)c2ccsc2)[C@H](C(=O)NCc2ccccn2)C1,4.09,98.09725158562368,DE{~B}{~B}BAA{~B}DrAAD{E{~B}{~B}afaafaf}{A*H}{A{~B}DAafaaaadf}Ar
NS(=O)(=O)c1ccc2c(c1)[C@]1(CCO2)NC(=O)N(c2cncc3ccccc23)C1=O,4.65,86.25792811839322,DE{~B}{~B}araaafa{ar}{A*}r{AABf}DA{~B}D{afadaataaaaaft}Ar~B
O=C(CCl)N1CCN(Cc2cccc(Cl)c2)[C@H]2CS(=O)(=O)C[C@H]21,7.26,31.078224101479925,B~A{AZ}DrAAD{Aafaaaa{Z}af}{A*H}fAE{~B}{~B}A{A*H}fr
O=C(CN(Cc1cccc(Cl)c1)C(=O)Cc1cncc2ccccc12)N1CCCC1,5.75,63.00211416490487,B~A{AD{Aaraaaa{Z}ar}A{~B}Aaradaafaaaaarf}DrAAAAr
O=C(CN1Cc2ccc(Cl)cc2[C@H](C(=O)Nc2cncc3ccccc23)C1)NC(c1ccccc1)c1ccccc1,7.04,35.729386892177594,B~A{ADrAafaaa{Z}aaf{A*H}{A{~B}Dafadaataaaaaft}Ar}DA{araaaaar}araaaaar
O=C(CN1Cc2ccc(Cl)cc2[C@H](C(=O)Nc2cncc3ccccc23)C1)NCCCCCCCOc1cccc2c1C(=O)N([C@H]1CCC(=O)NC1=O)C2=O,6.81,40.591966173361534,B~A{ADrAafaaa{Z}aaf{A*H}{A{~B}Dafadaataaaaaft}Ar}DAAAAAAABaraaaafarA{~B}D{{A*H}rAAA{~B}DAr~B}Af~B
O=C(CN1Cc2ccc(Cl)cc2[C@H](C(=O)Nc2cncc3ccccc23)C1)NCCCCCOc1cccc2c1C(=O)N([C@H]1CCC(=O)NC1=O)C2=O,7.23,31.712473572938688,B~A{ADrAafaaa{Z}aaf{A*H}{A{~B}Dafadaataaaaaft}Ar}DAAAAABaraaaafarA{~B}D{{A*H}rAAA{~B}DAr~B}Af~B
O=C(CN1Cc2ccc(Cl)cc2[C@H](C(=O)Nc2cncc3ccccc23)C1)NCCOCCOCCOCCNc1cccc2c1C(=O)N([C@H]1CCC(=O)NC1=O)C2=O,6.14,54.75687103594081,B~A{ADrAafaaa{Z}aaf{A*H}{A{~B}Dafadaataaaaaft}Ar}DAABAABAABAADaraaaafarA{~B}D{{A*H}rAAA{~B}DAr~B}Af~B
O=C(CN1Cc2ccc(Cl)cc2[C@H](C(=O)Nc2cncc3ccccc23)C1)NCCOCCOCCOCCOCCOc1cccc2c1C(=O)N([C@H]1CCC(=O)NC1=O)C2=O,6.35,50.3171247357294,B~A{ADrAafaaa{Z}aaf{A*H}{A{~B}Dafadaataaaaaft}Ar}DAABAABAABAABAABaraaaafarA{~B}D{{A*H}rAAA{~B}DAr~B}Af~B
O=C(CN1Cc2ccc(Cl)cc2[C@H](C(=O)Nc2cncc3ccccc23)C1)NCCOCCOCCOCCOc1cccc2c1C(=O)N([C@H]1CCC(=O)NC1=O)C2=O,6.47,47.7801268498943,B~A{ADrAafaaa{Z}aaf{A*H}{A{~B}Dafadaataaaaaft}Ar}DAABAABAABAABaraaaafarA{~B}D{{A*H}rAAA{~B}DAr~B}Af~B
O=C(CN1Cc2ccc(Cl)cc2[C@H](C(=O)Nc2cncc3ccccc23)C1)NCCOCCOCCOc1cccc2c1C(=O)N([C@H]1CCC(=O)NC1=O)C2=O,5.9,59.83086680761099,B~A{ADrAafaaa{Z}aaf{A*H}{A{~B}Dafadaataaaaaft}Ar}DAABAABAABaraaaafarA{~B}D{{A*H}rAAA{~B}DAr~B}Af~B
O=C(CN1Cc2ccc(Cl)cc2[C@H](C(=O)Nc2cncc3ccccc23)C1)NCCc1ccc(C(F)(F)F)cc1,7.15,33.40380549682875,B~A{ADrAafaaa{Z}aaf{A*H}{A{~B}Dafadaataaaaaft}Ar}DAAaraaa{A{G}{G}G}aar
O=C(CN1Cc2ccc(Cl)cc2[C@H](C(=O)Nc2cncc3ccccc23)C1)NCCc1ccc(C(F)F)cc1,7.3,30.23255813953489,B~A{ADrAafaaa{Z}aaf{A*H}{A{~B}Dafadaataaaaaft}Ar}DAAaraaa{A{G}G}aar
O=C(CN1Cc2ccc(Cl)cc2[C@H](C(=O)Nc2cncc3ccccc23)C1)NCCc1ccc(Cl)c(Cl)c1,7.15,33.40380549682875,B~A{ADrAafaaa{Z}aaf{A*H}{A{~B}Dafadaataaaaaft}Ar}DAAaraaa{Z}a{Z}ar
O=C(CN1Cc2ccc(Cl)cc2[C@H](C(=O)Nc2cncc3ccccc23)C1)NCCc1ccc(Cl)cc1Cl,6.97,37.209302325581405,B~A{ADrAafaaa{Z}aaf{A*H}{A{~B}Dafadaataaaaaft}Ar}DAAaraaa{Z}aarZ
O=C(CN1Cc2ccc(Cl)cc2[C@H](C(=O)Nc2cncc3ccccc23)C1)NCCc1cccc(Cl)c1,7.21,32.135306553911214,B~A{ADrAafaaa{Z}aaf{A*H}{A{~B}Dafadaataaaaaft}Ar}DAAaraaaa{Z}ar
O=C(CN1Cc2ccc(Cl)cc2[C@H](C(=O)Nc2cncc3ccccc23)C1)NCc1c(Cl)cccc1Cl,6.75,41.86046511627908,B~A{ADrAafaaa{Z}aaf{A*H}{A{~B}Dafadaataaaaaft}Ar}DAara{Z}aaaarZ
O=C(CN1Cc2ccc(Cl)cc2[C@H](C(=O)Nc2cncc3ccccc23)C1)NCc1cc(Cl)cc(Cl)c1,7.16,33.192389006342495,B~A{ADrAafaaa{Z}aaf{A*H}{A{~B}Dafadaataaaaaft}Ar}DAaraa{Z}aa{Z}ar
O=C(CN1Cc2ccc(Cl)cc2[C@H](C(=O)Nc2cncc3ccccc23)C1)NCc1ccc(Br)cc1,6.86,39.53488372093023,B~A{ADrAafaaa{Z}aaf{A*H}{A{~B}Dafadaataaaaaft}Ar}DAaraaa{X}aar
O=C(CN1Cc2ccc(Cl)cc2[C@H](C(=O)Nc2cncc3ccccc23)C1)NCc1ccc(CCO)cc1,7.1,34.460887949260055,B~A{ADrAafaaa{Z}aaf{A*H}{A{~B}Dafadaataaaaaft}Ar}DAaraaa{AAB}aar
O=C(CN1Cc2ccc(Cl)cc2[C@H](C(=O)Nc2cncc3ccccc23)C1)NCc1ccc(F)cc1,7.11,34.24947145877378,B~A{ADrAafaaa{Z}aaf{A*H}{A{~B}Dafadaataaaaaft}Ar}DAaraaa{G}aar
O=C(CN1Cc2ccc(Cl)cc2[C@H](C(=O)Nc2cncc3ccccc23)C1)NCc1ccc2c(c1)OCO2,6.95,37.63213530655391,B~A{ADrAafaaa{Z}aaf{A*H}{A{~B}Dafadaataaaaaft}Ar}DAaraaafa{ar}BABf
O=C(CN1Cc2ccc(Cl)cc2[C@H](C(=O)Nc2cncc3ccccc23)C1)NCc1cccc(Br)c1,7.35,29.17547568710361,B~A{ADrAafaaa{Z}aaf{A*H}{A{~B}Dafadaataaaaaft}Ar}DAaraaaa{X}ar
O=C(CN1Cc2ccc(Cl)cc2[C@H](C(=O)Nc2cncc3ccccc23)C1)NCc1cccc(Cl)c1,7.02,36.15221987315012,B~A{ADrAafaaa{Z}aaf{A*H}{A{~B}Dafadaataaaaaft}Ar}DAaraaaa{Z}ar
O=C(CN1Cc2ccc(Cl)cc2[C@H](C(=O)Nc2cncc3ccccc23)C1)NCc1cccc(F)c1,7.14,33.615221987315024,B~A{ADrAafaaa{Z}aaf{A*H}{A{~B}Dafadaataaaaaft}Ar}DAaraaaa{G}ar
O=C(CN1Cc2ccc(Cl)cc2[C@H](C(=O)Nc2cncc3ccccc23)C1)NCc1ccccc1,7.22,31.923890063424956,B~A{ADrAafaaa{Z}aaf{A*H}{A{~B}Dafadaataaaaaft}Ar}DAaraaaaar
O=C(CN1Cc2ccc(Cl)cc2[C@H](C(=O)Nc2cncc3ccccc23)C1)Nc1ccc(C(F)(F)F)cn1,6.39,49.47145877378437,B~A{ADrAafaaa{Z}aaf{A*H}{A{~B}Dafadaataaaaaft}Ar}Daraaa{A{G}{G}G}adr
O=C(CN1Cc2ccc(Cl)cc2[C@H](C(=O)Nc2cncc3ccccc23)C1)Nc1ccc(N2CCOCC2=O)cc1,7.17,32.980972515856244,B~A{ADrAafaaa{Z}aaf{A*H}{A{~B}Dafadaataaaaaft}Ar}Daraaa{DfAABAAf~B}aar
O=C(CN1Cc2ccc(Cl)cc2[C@H](C(=O)Nc2cncc3ccccc23)C1)Nc1ccc2scnc2c1,6.93,38.054968287526435,B~A{ADrAafaaa{Z}aaf{A*H}{A{~B}Dafadaataaaaaft}Ar}Daraaaffadafar
O=C(CN1Cc2ccc(Cl)cc2[C@H](C(=O)Nc2cncc3ccccc23)C1)Nc1ccccc1,7.01,36.363636363636374,B~A{ADrAafaaa{Z}aaf{A*H}{A{~B}Dafadaataaaaaft}Ar}Daraaaaar
O=C(COS(=O)(=O)N1CCOCC1)N1CCN(Cc2cccc(Cl)c2)[C@H]2CCCC[C@H]21,5.88,60.25369978858352,B~A{ABE{~B}{~B}DrAABAAr}DrAAD{Aafaaaa{Z}af}{A*H}fAAAA{A*H}fr
O=C(COS(=O)(=O)N1CCOCC1)N1CCN(Cc2cccc(Cl)c2)[C@H]2CS(=O)(=O)C[C@H]21,6.62,44.60887949260042,B~A{ABE{~B}{~B}DrAABAAr}DrAAD{Aafaaaa{Z}af}{A*H}fAE{~B}{~B}A{A*H}fr
O=C(COS(=O)(=O)NCc1ccccc1)N1CCN(Cc2cccc(Cl)c2)[C@H]2CS(=O)(=O)C[C@@H]21,4.93,80.33826638477802,B~A{ABE{~B}{~B}DAaraaaaar}DrAAD{Aafaaaa{Z}af}{A*H}fAE{~B}{~B}A{A**H}fr
O=C(COS(=O)(=O)NCc1ccccc1)N1CCN(Cc2cccc(Cl)c2)[C@H]2CS(=O)(=O)C[C@H]21,5.55,67.23044397463002,B~A{ABE{~B}{~B}DAaraaaaar}DrAAD{Aafaaaa{Z}af}{A*H}fAE{~B}{~B}A{A*H}fr
O=C(C[C@H]1CCCC(F)(F)C1)Nc1cncc2ccccc12,5.23,73.99577167019027,B~A{A{A*H}rAAAA{G}{G}Ar}Daradaafaaaaarf
O=C(Cc1c(F)ccc(F)c1F)Nc1cncc2ccccc12,4.51,89.21775898520085,B~A{Aara{G}aaa{G}arG}Daradaafaaaaarf
O=C(Cc1cc(Cl)ccc1F)Nc1cncc2ccccc12,5.97,58.35095137420719,B~A{Aaraa{Z}aaarG}Daradaafaaaaarf
O=C(Cc1cc(F)c(F)c(F)c1)Nc1cncc2ccccc12,6.33,50.7399577167019,B~A{Aaraa{G}a{G}a{G}ar}Daradaafaaaaarf
O=C(Cc1cc(F)c(F)cc1F)Nc1cncc2ccccc12,5.69,64.2706131078224,B~A{Aaraa{G}a{G}aarG}Daradaafaaaaarf
O=C(Cc1cc(F)cc(F)c1)Nc1cncc2ccccc12,6.19,53.69978858350951,B~A{Aaraa{G}aa{G}ar}Daradaafaaaaarf
O=C(Cc1cc(F)cc(F)c1F)Nc1cncc2ccccc12,5.82,61.52219873150105,B~A{Aaraa{G}aa{G}arG}Daradaafaaaaarf
O=C(Cc1cc(F)ccc1Cl)Nc1cncc2ccccc12,5.56,67.01902748414376,B~A{Aaraa{G}aaarZ}Daradaafaaaaarf
O=C(Cc1cc(F)ccc1F)Nc1cncc2ccccc12,5.69,64.2706131078224,B~A{Aaraa{G}aaarG}Daradaafaaaaarf
O=C(Cc1ccc(F)c(F)c1F)Nc1cncc2ccccc12,4.8,83.08668076109937,B~A{Aaraaa{G}a{G}arG}Daradaafaaaaarf
O=C(Cc1ccc(F)cc1F)Nc1cncc2ccccc12,4.6,87.31501057082453,B~A{Aaraaa{G}aarG}Daradaafaaaaarf
O=C(Cc1cccc(F)c1F)Nc1cncc2ccccc12,4.66,86.04651162790697,B~A{Aaraaaa{G}arG}Daradaafaaaaarf
O=C(Cc1ccccc1F)Nc1cncc2ccccc12,4.44,90.69767441860465,B~A{AaraaaaarG}Daradaafaaaaarf
O=C(Cc1cccnc1)N1CCc2sccc2C1,4.47,90.06342494714588,B~A{Aaraaadar}DrAAaffaaafAr
O=C(Cc1cncc(F)c1)Nc1cncc2ccccc12,5.33,71.8816067653277,B~A{Aaradaa{G}ar}Daradaafaaaaarf
O=C(Cc1cncc2ccccc12)N(CCC(F)(F)F)C1CCCCC1,4.18,96.19450317124736,B~A{Aaradaafaaaaarf}D{AAA{G}{G}G}ArAAAAAr
O=C(Cc1cncc2ccccc12)N(CCC(F)(F)F)Cc1ccccc1,4.78,83.50951374207187,B~A{Aaradaafaaaaarf}D{AAA{G}{G}G}Aaraaaaar
O=C(Cc1cncc2ccccc12)N(Cc1cc(F)ccc1F)C1CCCC1,5.95,58.7737843551797,B~A{Aaradaafaaaaarf}D{Aaraa{G}aaarG}ArAAAAr
O=C(Cc1cncc2ccccc12)N(Cc1ccc(F)cc1)C1CCCCC1,5.05,77.80126849894292,B~A{Aaradaafaaaaarf}D{Aaraaa{G}aar}ArAAAAAr
O=C(Cc1cncc2ccccc12)N(Cc1ccc(F)cc1)CC1CC1,4.99,79.06976744186046,B~A{Aaradaafaaaaarf}D{Aaraaa{G}aar}AArAAr
O=C(Cc1cncc2ccccc12)N(Cc1ccc2[nH]ccc2c1)Cc1cccs1,4.97,79.49260042283298,B~A{Aaradaafaaaaarf}D{Aaraaaf{dH}aaafar}Aaraaafr
O=C(Cc1cncc2ccccc12)N(Cc1cccc(Cl)c1)C12CC(C1)N(C1CC1)C2,5.31,72.30443974630022,B~A{Aaradaafaaaaarf}D{Aaraaaa{Z}ar}ArfAA{Ar}D{ArAAr}Af
O=C(Cc1cncc2ccccc12)N(Cc1cccc(Cl)c1)C12CC(C1)N(CC1COC1)C2,5.4,70.40169133192389,B~A{Aaradaafaaaaarf}D{Aaraaaa{Z}ar}ArfAA{Ar}D{AArABAr}Af
O=C(Cc1cncc2ccccc12)N(Cc1cccc(Cl)c1)[C@]12CC[C@H](C1)N(CC1COC1)C2,4.7,85.20084566596194,B~A{Aaradaafaaaaarf}D{Aaraaaa{Z}ar}{A*}rfAA{A*H}{Ar}D{AArABAr}Af
O=C(Cc1cncc2ccccc12)N(Cc1cccc(Cl)c1)c1ccc2cc[nH]c2c1,6.23,52.85412262156448,B~A{Aaradaafaaaaarf}D{Aaraaaa{Z}ar}araaafaa{dH}afar
O=C(Cc1cncc2ccccc12)N(Cc1cccc(Cl)c1)c1ccc2nc[nH]c2c1,6.21,53.27695560253701,B~A{Aaradaafaaaaarf}D{Aaraaaa{Z}ar}araaafda{dH}afar
O=C(Cc1cncc2ccccc12)N(Cc1cccc(Cl)c1)c1ccccn1,5.88,60.25369978858352,B~A{Aaradaafaaaaarf}D{Aaraaaa{Z}ar}araaaadr
O=C(Cc1cncc2ccccc12)N(Cc1cccc(F)c1)C1CC1,5.52,67.86469344608881,B~A{Aaradaafaaaaarf}D{Aaraaaa{G}ar}ArAAr
O=C(Cc1cncc2ccccc12)N(Cc1ccccc1)C1CCC1,5.13,76.10993657505286,B~A{Aaradaafaaaaarf}D{Aaraaaaar}ArAAAr
O=C(Cc1cncc2ccccc12)N(Cc1ccccc1)Cc1ccc(F)cc1,5.0,78.8583509513742,B~A{Aaradaafaaaaarf}D{Aaraaaaar}Aaraaa{G}aar
O=C(Cc1cncc2ccccc12)N(Cc1ccccc1)[C@H]1CCCC12CCC2,4.95,79.9154334038055,B~A{Aaradaafaaaaarf}D{Aaraaaaar}{A*H}rAAAArfAAAf
O=C(Cc1cncc2ccccc12)N(Cc1ccccc1)c1ccccc1,5.11,76.53276955602536,B~A{Aaradaafaaaaarf}D{Aaraaaaar}araaaaar
O=C(Cc1cncc2ccccc12)N(Cc1ccccc1O)c1ccc(F)cc1,4.78,83.50951374207187,B~A{Aaradaafaaaaarf}D{AaraaaaarB}araaa{G}aar
O=C(Cc1cncc2ccccc12)N(Cc1cccs1)c1ccccc1,5.0,78.8583509513742,B~A{Aaradaafaaaaarf}D{Aaraaafr}araaaaar
O=C(Cc1cncc2ccccc12)N1CC(C2CCCCC2)C1,4.74,84.3551797040169,B~A{Aaradaafaaaaarf}DrAA{AfAAAAAf}Ar
O=C(Cc1cncc2ccccc12)N1CC(CC2CCC2)C1,4.94,80.12684989429175,B~A{Aaradaafaaaaarf}DrAA{AAfAAAf}Ar
O=C(Cc1cncc2ccccc12)N1CC(CCc2ccccc2)C1,4.54,88.58350951374207,B~A{Aaradaafaaaaarf}DrAA{AAafaaaaaf}Ar
O=C(Cc1cncc2ccccc12)N1CC(Cc2ccsc2)C1,4.65,86.25792811839322,B~A{Aaradaafaaaaarf}DrAA{Aafaafaf}Ar
O=C(Cc1cncc2ccccc12)N1CC(F)(F)C(F)(F)C(F)(F)C1,4.25,94.71458773784356,B~A{Aaradaafaaaaarf}DrAA{G}{G}A{G}{G}A{G}{G}Ar
O=C(Cc1cncc2ccccc12)N1CC(F)(F)CC2(CCC2)C1,4.22,95.34883720930233,B~A{Aaradaafaaaaarf}DrAA{G}{G}AAf{AAAf}Ar
O=C(Cc1cncc2ccccc12)N1CC(F)(F)C[C@H]1c1ccccc1,4.55,88.37209302325581,B~A{Aaradaafaaaaarf}DrAA{G}{G}A{A*H}raraaaaar
O=C(Cc1cncc2ccccc12)N1CC(F)(F)C[C@H]2CCCC[C@H]21,4.03,99.36575052854121,B~A{Aaradaafaaaaarf}DrAA{G}{G}A{A*H}fAAAA{A*H}fr
O=C(Cc1cncc2ccccc12)N1CCC(C(F)(F)F)CC1,6.55,46.08879492600423,B~A{Aaradaafaaaaarf}DrAAA{A{G}{G}G}AAr
O=C(Cc1cncc2ccccc12)N1CCC(C(F)F)CC1,5.92,59.40803382663849,B~A{Aaradaafaaaaarf}DrAAA{A{G}G}AAr
O=C(Cc1cncc2ccccc12)N1CCC(C2CC2)CC1,5.77,62.579281183932366,B~A{Aaradaafaaaaarf}DrAAA{AfAAf}AAr
O=C(Cc1cncc2ccccc12)N1CCC(C2CCC2)CC1,5.67,64.69344608879493,B~A{Aaradaafaaaaarf}DrAAA{AfAAAf}AAr
O=C(Cc1cncc2ccccc12)N1CCC(C2CCCC2)CC1,5.35,71.45877378435519,B~A{Aaradaafaaaaarf}DrAAA{AfAAAAf}AAr
O=C(Cc1cncc2ccccc12)N1CCC(CC(F)(F)F)CC1,5.69,64.2706131078224,B~A{Aaradaafaaaaarf}DrAAA{AA{G}{G}G}AAr
O=C(Cc1cncc2ccccc12)N1CCC(CC2CC2)CC1,5.56,67.01902748414376,B~A{Aaradaafaaaaarf}DrAAA{AAfAAf}AAr
O=C(Cc1cncc2ccccc12)N1CCC(CC2CCC2)CC1,4.97,79.49260042283298,B~A{Aaradaafaaaaarf}DrAAA{AAfAAAf}AAr
O=C(Cc1cncc2ccccc12)N1CCC(CF)CC1,5.63,65.53911205073996,B~A{Aaradaafaaaaarf}DrAAA{AG}AAr
O=C(Cc1cncc2ccccc12)N1CCC(CN2CCCC2=O)CC1,4.46,90.27484143763213,B~A{Aaradaafaaaaarf}DrAAA{ADfAAAAf~B}AAr
O=C(Cc1cncc2ccccc12)N1CCC(Cc2cc(F)ccc2F)CC1,4.27,94.29175475687106,B~A{Aaradaafaaaaarf}DrAAA{Aafaa{G}aaafG}AAr
O=C(Cc1cncc2ccccc12)N1CCC(F)(F)CC1,5.17,75.26427061310783,B~A{Aaradaafaaaaarf}DrAAA{G}{G}AAr
O=C(Cc1cncc2ccccc12)N1CCC(F)(c2ccccc2)CC1,4.63,86.68076109936575,B~A{Aaradaafaaaaarf}DrAAA{G}{afaaaaaf}AAr
O=C(Cc1cncc2ccccc12)N1CCC(Nc2cccc3ncccc23)CC1,4.07,98.52008456659618,B~A{Aaradaafaaaaarf}DrAAA{Dafaaaatdaaaaft}AAr
O=C(Cc1cncc2ccccc12)N1CCC(OC2CC2)CC1,4.29,93.86892177589853,B~A{Aaradaafaaaaarf}DrAAA{BAfAAf}AAr
O=C(Cc1cncc2ccccc12)N1CCC(OC2CCC2)CC1,4.3,93.65750528541227,B~A{Aaradaafaaaaarf}DrAAA{BAfAAAf}AAr
O=C(Cc1cncc2ccccc12)N1CCC([C@H](F)c2ccccc2F)CC1,4.5,89.4291754756871,B~A{Aaradaafaaaaarf}DrAAA{{A*H}{G}afaaaaafG}AAr
O=C(Cc1cncc2ccccc12)N1CCC([C@H]2CCCO2)CC1,4.52,89.0063424947146,B~A{Aaradaafaaaaarf}DrAAA{{A*H}fAAABf}AAr
O=C(Cc1cncc2ccccc12)N1CCC([C@H]2CCO2)CC1,4.43,90.9090909090909,B~A{Aaradaafaaaaarf}DrAAA{{A*H}fAABf}AAr
O=C(Cc1cncc2ccccc12)N1CCC([C@H]2CCOC2)CC1,4.625,86.78646934460889,B~A{Aaradaafaaaaarf}DrAAA{{A*H}fAABAf}AAr
O=C(Cc1cncc2ccccc12)N1CCC(c2cccc(F)c2)CC1,4.71,84.98942917547569,B~A{Aaradaafaaaaarf}DrAAA{afaaaa{G}af}AAr
O=C(Cc1cncc2ccccc12)N1CCC(c2ccccc2)CC1,4.49,89.64059196617335,B~A{Aaradaafaaaaarf}DrAAA{afaaaaaf}AAr
O=C(Cc1cncc2ccccc12)N1CCC(c2cccs2)CC1,4.86,81.81818181818181,B~A{Aaradaafaaaaarf}DrAAA{afaaaff}AAr
O=C(Cc1cncc2ccccc12)N1CCC(c2ccno2)CC1,4.87,81.60676532769557,B~A{Aaradaafaaaaarf}DrAAA{afaadbf}AAr
O=C(Cc1cncc2ccccc12)N1CCC(c2cnco2)CC1,4.4,91.54334038054968,B~A{Aaradaafaaaaarf}DrAAA{afadabf}AAr
O=C(Cc1cncc2ccccc12)N1CCC(c2cscn2)CC1,4.1,97.88583509513742,B~A{Aaradaafaaaaarf}DrAAA{afafadf}AAr
O=C(Cc1cncc2ccccc12)N1CCC(c2ncco2)CC1,4.11,97.67441860465115,B~A{Aaradaafaaaaarf}DrAAA{afdaabf}AAr
O=C(Cc1cncc2ccccc12)N1CCC(c2nccs2)CC1,4.44,90.69767441860465,B~A{Aaradaafaaaaarf}DrAAA{afdaaff}AAr
O=C(Cc1cncc2ccccc12)N1CCC2(C=Cc3ccccc3O2)CC1,5.79,62.15644820295984,B~A{Aaradaafaaaaarf}DrAAAf{A~AataaaaatBf}AAr
O=C(Cc1cncc2ccccc12)N1CCC2(CC1)CC2,5.15,75.68710359408033,B~A{Aaradaafaaaaarf}DrAAAf{AAr}AAf
O=C(Cc1cncc2ccccc12)N1CCC2(CC1)CC2(F)F,5.2,74.63002114164904,B~A{Aaradaafaaaaarf}DrAAAf{AAr}AAf{G}G
O=C(Cc1cncc2ccccc12)N1CCC2(CC1)CCC(F)(F)C2,5.43,69.76744186046513,B~A{Aaradaafaaaaarf}DrAAAf{AAr}AAA{G}{G}Af
O=C(Cc1cncc2ccccc12)N1CCC2(CC1)CCS2(=O)=O,4.6,87.31501057082453,B~A{Aaradaafaaaaarf}DrAAAf{AAr}AAEf{~B}~B
O=C(Cc1cncc2ccccc12)N1CCC2(CC1)COC2,4.27,94.29175475687106,B~A{Aaradaafaaaaarf}DrAAAf{AAr}ABAf
O=C(Cc1cncc2ccccc12)N1CCC2(CC1)COCCO2,4.88,81.39534883720931,B~A{Aaradaafaaaaarf}DrAAAf{AAr}ABAABf
O=C(Cc1cncc2ccccc12)N1CCC2(CC1)CS(=O)(=O)C2,4.32,93.23467230443974,B~A{Aaradaafaaaaarf}DrAAAf{AAr}AE{~B}{~B}Af
O=C(Cc1cncc2ccccc12)N1CCC2(CC1)C[C@H]2F,5.11,76.53276955602536,B~A{Aaradaafaaaaarf}DrAAAf{AAr}A{A*H}fG
O=C(Cc1cncc2ccccc12)N1CCC2(CCC2)CC1,5.85,60.88794926004229,B~A{Aaradaafaaaaarf}DrAAAf{AAAf}AAr
O=C(Cc1cncc2ccccc12)N1CCC2(CCCC2)CC1,5.79,62.15644820295984,B~A{Aaradaafaaaaarf}DrAAAf{AAAAf}AAr
O=C(Cc1cncc2ccccc12)N1CCC2(CCCCC2)CC1,5.99,57.92811839323467,B~A{Aaradaafaaaaarf}DrAAAf{AAAAAf}AAr
O=C(Cc1cncc2ccccc12)N1CCC2(CCCCO2)CC1,5.24,73.78435517970401,B~A{Aaradaafaaaaarf}DrAAAf{AAAABf}AAr
O=C(Cc1cncc2ccccc12)N1CCC2(CCCO2)CC1,4.95,79.9154334038055,B~A{Aaradaafaaaaarf}DrAAAf{AAABf}AAr
O=C(Cc1cncc2ccccc12)N1CCC2(CCO2)CC1,4.57,87.94926004228329,B~A{Aaradaafaaaaarf}DrAAAf{AABf}AAr
O=C(Cc1cncc2ccccc12)N1CCC2(CCOC2)CC1,4.97,79.49260042283298,B~A{Aaradaafaaaaarf}DrAAAf{AABAf}AAr
O=C(Cc1cncc2ccccc12)N1CCC2(CCOCC2)CC1,4.3,93.65750528541227,B~A{Aaradaafaaaaarf}DrAAAf{AABAAf}AAr
O=C(Cc1cncc2ccccc12)N1CCC2(C[C@H]1C(F)(F)F)OCCO2,4.78,83.50951374207187,B~A{Aaradaafaaaaarf}DrAAAf{A{A*H}rA{G}{G}G}BAABf
O=C(Cc1cncc2ccccc12)N1CCCC2(CC2)C1,4.41,91.33192389006342,B~A{Aaradaafaaaaarf}DrAAAAf{AAf}Ar
O=C(Cc1cncc2ccccc12)N1CCCC2(CCC2)C1,4.56,88.16067653276956,B~A{Aaradaafaaaaarf}DrAAAAf{AAAf}Ar
O=C(Cc1cncc2ccccc12)N1CCCC2(CCC2)CC1,5.79,62.15644820295984,B~A{Aaradaafaaaaarf}DrAAAAf{AAAf}AAr
O=C(Cc1cncc2ccccc12)N1CCCC2(CCCC2)C1,4.98,79.28118393234672,B~A{Aaradaafaaaaarf}DrAAAAf{AAAAf}Ar
O=C(Cc1cncc2ccccc12)N1CCCCC1,4.22,95.34883720930233,B~A{Aaradaafaaaaarf}DrAAAAAr
O=C(Cc1cncc2ccccc12)N1CCCCCC1,4.74,84.3551797040169,B~A{Aaradaafaaaaarf}DrAAAAAAr
O=C(Cc1cncc2ccccc12)N1CCCCCC[C@H]1c1ccccc1,5.27,73.15010570824526,B~A{Aaradaafaaaaarf}DrAAAAAA{A*H}raraaaaar
O=C(Cc1cncc2ccccc12)N1CCCCC[C@H]1Cc1cccs1,4.85,82.02959830866808,B~A{Aaradaafaaaaarf}DrAAAAA{A*H}rAaraaafr
O=C(Cc1cncc2ccccc12)N1CCCCCc2ccccc2C1,5.79,62.15644820295984,B~A{Aaradaafaaaaarf}DrAAAAAafaaaaafAr
O=C(Cc1cncc2ccccc12)N1CCCC[C@H](c2ccccc2)C1,4.78,83.50951374207187,B~A{Aaradaafaaaaarf}DrAAAA{A*H}{afaaaaaf}Ar
O=C(Cc1cncc2ccccc12)N1CCCC[C@H]1C1CCC1,4.76,83.9323467230444,B~A{Aaradaafaaaaarf}DrAAAA{A*H}rArAAAr
O=C(Cc1cncc2ccccc12)N1CCCC[C@H]1C1CCCC1,5.34,71.67019027484145,B~A{Aaradaafaaaaarf}DrAAAA{A*H}rArAAAAr
O=C(Cc1cncc2ccccc12)N1CCCC[C@H]1CC(F)(F)F,4.32,93.23467230443974,B~A{Aaradaafaaaaarf}DrAAAA{A*H}rAA{G}{G}G
O=C(Cc1cncc2ccccc12)N1CCCC[C@H]1CCc1ccccc1,4.67,85.83509513742072,B~A{Aaradaafaaaaarf}DrAAAA{A*H}rAAaraaaaar
O=C(Cc1cncc2ccccc12)N1CCCC[C@H]1Cc1ccccc1,4.51,89.21775898520085,B~A{Aaradaafaaaaarf}DrAAAA{A*H}rAaraaaaar
O=C(Cc1cncc2ccccc12)N1CCCC[C@H]1[C@H]1CCCO1,4.276666666666666,94.15081042988021,B~A{Aaradaafaaaaarf}DrAAAA{A*H}r{A*H}rAAABr
O=C(Cc1cncc2ccccc12)N1CCCC[C@H]1c1c(F)cccc1F,6.02,57.29386892177592,B~A{Aaradaafaaaaarf}DrAAAA{A*H}rara{G}aaaarG
O=C(Cc1cncc2ccccc12)N1CCCC[C@H]1c1cc(Cl)ccc1F,6.3,51.37420718816068,B~A{Aaradaafaaaaarf}DrAAAA{A*H}raraa{Z}aaarG
O=C(Cc1cncc2ccccc12)N1CCCC[C@H]1c1cc[nH]n1,4.38,91.96617336152221,B~A{Aaradaafaaaaarf}DrAAAA{A*H}raraa{dH}dr
O=C(Cc1cncc2ccccc12)N1CCCC[C@H]1c1ccc(Cl)cc1,5.19,74.8414376321353,B~A{Aaradaafaaaaarf}DrAAAA{A*H}raraaa{Z}aar
O=C(Cc1cncc2ccccc12)N1CCCC[C@H]1c1ccc(Cl)cc1F,4.96,79.70401691331925,B~A{Aaradaafaaaaarf}DrAAAA{A*H}raraaa{Z}aarG
O=C(Cc1cncc2ccccc12)N1CCCC[C@H]1c1ccc(F)c(Cl)c1,5.58,66.59619450317125,B~A{Aaradaafaaaaarf}DrAAAA{A*H}raraaa{G}a{Z}ar
O=C(Cc1cncc2ccccc12)N1CCCC[C@H]1c1ccc(F)cc1F,5.26,73.3615221987315,B~A{Aaradaafaaaaarf}DrAAAA{A*H}raraaa{G}aarG
O=C(Cc1cncc2ccccc12)N1CCCC[C@H]1c1ccc(F)cn1,5.09,76.95560253699789,B~A{Aaradaafaaaaarf}DrAAAA{A*H}raraaa{G}adr
O=C(Cc1cncc2ccccc12)N1CCCC[C@H]1c1cccc(F)c1,5.85,60.88794926004229,B~A{Aaradaafaaaaarf}DrAAAA{A*H}raraaaa{G}ar
O=C(Cc1cncc2ccccc12)N1CCCC[C@H]1c1ccccc1,5.11,76.53276955602536,B~A{Aaradaafaaaaarf}DrAAAA{A*H}raraaaaar
O=C(Cc1cncc2ccccc12)N1CCCC[C@H]1c1ccccc1F,5.19,74.8414376321353,B~A{Aaradaafaaaaarf}DrAAAA{A*H}raraaaaarG
O=C(Cc1cncc2ccccc12)N1CCCC[C@H]1c1ccncn1,5.08,77.16701902748414,B~A{Aaradaafaaaaarf}DrAAAA{A*H}raraadadr
O=C(Cc1cncc2ccccc12)N1CCCC[C@H]1c1ccon1,4.7,85.20084566596194,B~A{Aaradaafaaaaarf}DrAAAA{A*H}raraabdr
O=C(Cc1cncc2ccccc12)N1CCCC[C@H]1c1cncs1,4.49,89.64059196617335,B~A{Aaradaafaaaaarf}DrAAAA{A*H}raradafr
O=C(Cc1cncc2ccccc12)N1CCCC[C@H]1c1cscn1,5.11,76.53276955602536,B~A{Aaradaafaaaaarf}DrAAAA{A*H}rarafadr
O=C(Cc1cncc2ccccc12)N1CCCC[C@H]1c1nc2ccccc2o1,4.58,87.73784355179704,B~A{Aaradaafaaaaarf}DrAAAA{A*H}rardafaaaaafbr
O=C(Cc1cncc2ccccc12)N1CCCC[C@H]1c1nc2ccccc2s1,4.45,90.48625792811839,B~A{Aaradaafaaaaarf}DrAAAA{A*H}rardafaaaaaffr
O=C(Cc1cncc2ccccc12)N1CCCC[C@H]1c1nccs1,4.55,88.37209302325581,B~A{Aaradaafaaaaarf}DrAAAA{A*H}rardaafr
O=C(Cc1cncc2ccccc12)N1CCCC[C@H]1c1ncon1,4.37,92.17758985200847,B~A{Aaradaafaaaaarf}DrAAAA{A*H}rardabdr
O=C(Cc1cncc2ccccc12)N1CCCCc2ccccc2C1,5.24,73.78435517970401,B~A{Aaradaafaaaaarf}DrAAAAafaaaaafAr
O=C(Cc1cncc2ccccc12)N1CCCN2c3ccccc3C[C@H]2C1,4.84,82.24101479915434,B~A{Aaradaafaaaaarf}DrAAADfataaaaatA{A*H}fAr
O=C(Cc1cncc2ccccc12)N1CCCSC[C@H]1C(F)(F)F,4.36,92.38900634249471,B~A{Aaradaafaaaaarf}DrAAAEA{A*H}rA{G}{G}G
O=C(Cc1cncc2ccccc12)N1CCCSC[C@H]1C1CC1,4.22,95.34883720930233,B~A{Aaradaafaaaaarf}DrAAAEA{A*H}rArAAr
O=C(Cc1cncc2ccccc12)N1CCC[C@@H](C(F)(F)F)C1,4.74,84.3551797040169,B~A{Aaradaafaaaaarf}DrAAA{A**H}{A{G}{G}G}Ar
O=C(Cc1cncc2ccccc12)N1CCC[C@H](C(F)(F)F)C1,5.43,69.76744186046513,B~A{Aaradaafaaaaarf}DrAAA{A*H}{A{G}{G}G}Ar
O=C(Cc1cncc2ccccc12)N1CCC[C@H](C(F)(F)F)CC1,6.33,50.7399577167019,B~A{Aaradaafaaaaarf}DrAAA{A*H}{A{G}{G}G}AAr
O=C(Cc1cncc2ccccc12)N1CCC[C@H](C2CCC2)C1,5.17,75.26427061310783,B~A{Aaradaafaaaaarf}DrAAA{A*H}{AfAAAf}Ar
O=C(Cc1cncc2ccccc12)N1CCC[C@H](C2CCC2)CC1,5.48,68.71035940803382,B~A{Aaradaafaaaaarf}DrAAA{A*H}{AfAAAf}AAr
O=C(Cc1cncc2ccccc12)N1CCC[C@H](C2CCCC2)C1,5.215,74.31289640591967,B~A{Aaradaafaaaaarf}DrAAA{A*H}{AfAAAAf}Ar
O=C(Cc1cncc2ccccc12)N1CCC[C@H](C2CCOCC2)C1,4.34,92.81183932346724,B~A{Aaradaafaaaaarf}DrAAA{A*H}{AfAABAAf}Ar
O=C(Cc1cncc2ccccc12)N1CCC[C@H](CC(F)(F)F)C1,4.99,79.06976744186046,B~A{Aaradaafaaaaarf}DrAAA{A*H}{AA{G}{G}G}Ar
O=C(Cc1cncc2ccccc12)N1CCC[C@H](CC2CC2)C1,4.82,82.66384778012684,B~A{Aaradaafaaaaarf}DrAAA{A*H}{AAfAAf}Ar
O=C(Cc1cncc2ccccc12)N1CCC[C@H](CCC(F)(F)F)C1,4.76,83.9323467230444,B~A{Aaradaafaaaaarf}DrAAA{A*H}{AAA{G}{G}G}Ar
O=C(Cc1cncc2ccccc12)N1CCC[C@H](CCF)C1,4.76,83.9323467230444,B~A{Aaradaafaaaaarf}DrAAA{A*H}{AAG}Ar
O=C(Cc1cncc2ccccc12)N1CCC[C@H](CCO)C1,4.1,97.88583509513742,B~A{Aaradaafaaaaarf}DrAAA{A*H}{AAB}Ar
O=C(Cc1cncc2ccccc12)N1CCC[C@H](CF)C1,4.53,88.79492600422832,B~A{Aaradaafaaaaarf}DrAAA{A*H}{AG}Ar
O=C(Cc1cncc2ccccc12)N1CCC[C@H](C[C@H]2CCOC2)C1,4.33,93.0232558139535,B~A{Aaradaafaaaaarf}DrAAA{A*H}{A{A*H}fAABAf}Ar
O=C(Cc1cncc2ccccc12)N1CCC[C@H](Oc2ccccc2)C1,4.27,94.29175475687106,B~A{Aaradaafaaaaarf}DrAAA{A*H}{Bafaaaaaf}Ar
O=C(Cc1cncc2ccccc12)N1CCC[C@H](c2c[nH]c3ccccc23)C1,4.57,87.94926004228329,B~A{Aaradaafaaaaarf}DrAAA{A*H}{afa{dH}ataaaaaft}Ar
O=C(Cc1cncc2ccccc12)N1CCC[C@H](c2cccc(F)c2)C1,5.1,76.74418604651163,B~A{Aaradaafaaaaarf}DrAAA{A*H}{afaaaa{G}af}Ar
O=C(Cc1cncc2ccccc12)N1CCC[C@H](c2ccccc2)C1,4.74,84.3551797040169,B~A{Aaradaafaaaaarf}DrAAA{A*H}{afaaaaaf}Ar
O=C(Cc1cncc2ccccc12)N1CCC[C@H](c2ccon2)C1,4.47,90.06342494714588,B~A{Aaradaafaaaaarf}DrAAA{A*H}{afaabdf}Ar
O=C(Cc1cncc2ccccc12)N1CCC[C@H](c2cnco2)C1,4.06,98.73150105708245,B~A{Aaradaafaaaaarf}DrAAA{A*H}{afadabf}Ar
O=C(Cc1cncc2ccccc12)N1CCC[C@H](c2ncco2)C1,4.12,97.46300211416491,B~A{Aaradaafaaaaarf}DrAAA{A*H}{afdaabf}Ar
O=C(Cc1cncc2ccccc12)N1CCC[C@H](c2nccs2)C1,4.33,93.0232558139535,B~A{Aaradaafaaaaarf}DrAAA{A*H}{afdaaff}Ar
O=C(Cc1cncc2ccccc12)N1CCC[C@H](n2cccn2)C1,4.2,95.77167019027483,B~A{Aaradaafaaaaarf}DrAAA{A*H}{dfaaadf}Ar
O=C(Cc1cncc2ccccc12)N1CCC[C@H](n2ccnc2)C1,4.21,95.56025369978859,B~A{Aaradaafaaaaarf}DrAAA{A*H}{dfaadaf}Ar
O=C(Cc1cncc2ccccc12)N1CCC[C@H]1C1CCCC1,5.59,66.38477801268499,B~A{Aaradaafaaaaarf}DrAAA{A*H}rArAAAAr
O=C(Cc1cncc2ccccc12)N1CCC[C@H]1C1CCCCCC1,5.01,78.64693446088795,B~A{Aaradaafaaaaarf}DrAAA{A*H}rArAAAAAAr
O=C(Cc1cncc2ccccc12)N1CCC[C@H]1C=Cc1cccs1,4.88,81.39534883720931,B~A{Aaradaafaaaaarf}DrAAA{A*H}rA~Aaraaafr
O=C(Cc1cncc2ccccc12)N1CCC[C@H]1CC1CC1,4.88,81.39534883720931,B~A{Aaradaafaaaaarf}DrAAA{A*H}rAArAAr
O=C(Cc1cncc2ccccc12)N1CCC[C@H]1CC1CCC1,5.15,75.68710359408033,B~A{Aaradaafaaaaarf}DrAAA{A*H}rAArAAAr
O=C(Cc1cncc2ccccc12)N1CCC[C@H]1CC1CCCCC1,5.05,77.80126849894292,B~A{Aaradaafaaaaarf}DrAAA{A*H}rAArAAAAAr
O=C(Cc1cncc2ccccc12)N1CCC[C@H]1CCCn1cccn1,4.15,96.82875264270612,B~A{Aaradaafaaaaarf}DrAAA{A*H}rAAAdraaadr
O=C(Cc1cncc2ccccc12)N1CCC[C@H]1CCc1ccccc1,4.83,82.4524312896406,B~A{Aaradaafaaaaarf}DrAAA{A*H}rAAaraaaaar
O=C(Cc1cncc2ccccc12)N1CCC[C@H]1CN1CCC(F)(F)CC1,4.47,90.06342494714588,B~A{Aaradaafaaaaarf}DrAAA{A*H}rADrAAA{G}{G}AAr
O=C(Cc1cncc2ccccc12)N1CCC[C@H]1Cc1ccc(F)cc1,4.65,86.25792811839322,B~A{Aaradaafaaaaarf}DrAAA{A*H}rAaraaa{G}aar
O=C(Cc1cncc2ccccc12)N1CCC[C@H]1Cc1ccc(F)cc1F,4.65,86.25792811839322,B~A{Aaradaafaaaaarf}DrAAA{A*H}rAaraaa{G}aarG
O=C(Cc1cncc2ccccc12)N1CCC[C@H]1Cc1ccccn1,4.11,97.67441860465115,B~A{Aaradaafaaaaarf}DrAAA{A*H}rAaraaaadr
O=C(Cc1cncc2ccccc12)N1CCC[C@H]1Cc1cccs1,4.86,81.81818181818181,B~A{Aaradaafaaaaarf}DrAAA{A*H}rAaraaafr
O=C(Cc1cncc2ccccc12)N1CCC[C@H]1c1c(Cl)cccc1Cl,4.38,91.96617336152221,B~A{Aaradaafaaaaarf}DrAAA{A*H}rara{Z}aaaarZ
O=C(Cc1cncc2ccccc12)N1CCC[C@H]1c1c(F)ccc(Cl)c1F,5.38,70.82452431289641,B~A{Aaradaafaaaaarf}DrAAA{A*H}rara{G}aaa{Z}arG
O=C(Cc1cncc2ccccc12)N1CCC[C@H]1c1cc(C2CC2)on1,4.51,89.21775898520085,B~A{Aaradaafaaaaarf}DrAAA{A*H}raraa{AfAAf}bdr
O=C(Cc1cncc2ccccc12)N1CCC[C@H]1c1cc(F)cc(F)c1,5.73,63.424947145877375,B~A{Aaradaafaaaaarf}DrAAA{A*H}raraa{G}aa{G}ar
O=C(Cc1cncc2ccccc12)N1CCC[C@H]1c1cc2ccccc2s1,4.56,88.16067653276956,B~A{Aaradaafaaaaarf}DrAAA{A*H}raraafaaaaaffr
O=C(Cc1cncc2ccccc12)N1CCC[C@H]1c1ccc(Cl)cc1,4.68,85.62367864693447,B~A{Aaradaafaaaaarf}DrAAA{A*H}raraaa{Z}aar
O=C(Cc1cncc2ccccc12)N1CCC[C@H]1c1cccc(F)c1,5.77,62.579281183932366,B~A{Aaradaafaaaaarf}DrAAA{A*H}raraaaa{G}ar
O=C(Cc1cncc2ccccc12)N1CCC[C@H]1c1cccc(F)c1F,5.046666666666667,77.87174066243834,B~A{Aaradaafaaaaarf}DrAAA{A*H}raraaaa{G}arG
O=C(Cc1cncc2ccccc12)N1CCC[C@H]1c1ccccc1,4.99,79.06976744186046,B~A{Aaradaafaaaaarf}DrAAA{A*H}raraaaaar
O=C(Cc1cncc2ccccc12)N1CCC[C@H]1c1ccccn1,4.24,94.9260042283298,B~A{Aaradaafaaaaarf}DrAAA{A*H}raraaaadr
O=C(Cc1cncc2ccccc12)N1CCC[C@H]1c1cnc2ccccc2c1,4.01,99.78858350951374,B~A{Aaradaafaaaaarf}DrAAA{A*H}raradafaaaaafar
O=C(Cc1cncc2ccccc12)N1CCC[C@H]2CCC(F)(F)C[C@H]21,4.46,90.27484143763213,B~A{Aaradaafaaaaarf}DrAAA{A*H}fAAA{G}{G}A{A*H}fr
O=C(Cc1cncc2ccccc12)N1CCC[C@H]2CCCC[C@@H]21,5.18,75.05285412262157,B~A{Aaradaafaaaaarf}DrAAA{A*H}fAAAA{A**H}fr
O=C(Cc1cncc2ccccc12)N1CCC[C@H]2CCCC[C@H]21,4.91,80.76109936575052,B~A{Aaradaafaaaaarf}DrAAA{A*H}fAAAA{A*H}fr
O=C(Cc1cncc2ccccc12)N1CCC[C@](F)(c2ccccc2)C1,4.55,88.37209302325581,B~A{Aaradaafaaaaarf}DrAAA{A*}{G}{afaaaaaf}Ar
O=C(Cc1cncc2ccccc12)N1CCC[C@]2(C1)OC[C@H]1C[C@H]12,4.02,99.5771670190275,B~A{Aaradaafaaaaarf}DrAAA{A*}f{Ar}BA{A*H}rA{A*H}rf
O=C(Cc1cncc2ccccc12)N1CCC[C@]2(C=Cc3ccccc3O2)C1,4.17,96.40591966173362,B~A{Aaradaafaaaaarf}DrAAA{A*}f{A~AataaaaatBf}Ar
O=C(Cc1cncc2ccccc12)N1CCCc2ccccc21,4.68,85.62367864693447,B~A{Aaradaafaaaaarf}DrAAAafaaaaafr
O=C(Cc1cncc2ccccc12)N1CCCc2ccccc2CC1,5.01,78.64693446088795,B~A{Aaradaafaaaaarf}DrAAAafaaaaafAAr
O=C(Cc1cncc2ccccc12)N1CCCc2sccc2C1,5.84,61.09936575052855,B~A{Aaradaafaaaaarf}DrAAAaffaaafAr
O=C(Cc1cncc2ccccc12)N1CCCn2cccc2C1,4.51,89.21775898520085,B~A{Aaradaafaaaaarf}DrAAAdfaaaafAr
O=C(Cc1cncc2ccccc12)N1CCCn2nccc2C1,4.11,97.67441860465115,B~A{Aaradaafaaaaarf}DrAAAdfdaaafAr
O=C(Cc1cncc2ccccc12)N1CCN(Cc2ccccc2)C[C@H]1C1CC1,4.51,89.21775898520085,B~A{Aaradaafaaaaarf}DrAAD{Aafaaaaaf}A{A*H}rArAAr
O=C(Cc1cncc2ccccc12)N1CCN(Cc2ccccc2)C[C@H]1c1ccccc1,5.15,75.68710359408033,B~A{Aaradaafaaaaarf}DrAAD{Aafaaaaaf}A{A*H}raraaaaar
O=C(Cc1cncc2ccccc12)N1CCN(c2cccnc2)CC1,4.04,99.15433403805497,B~A{Aaradaafaaaaarf}DrAAD{afaaadaf}AAr
O=C(Cc1cncc2ccccc12)N1CCOC[C@H]1c1cccs1,4.53,88.79492600422832,B~A{Aaradaafaaaaarf}DrAABA{A*H}raraaafr
O=C(Cc1cncc2ccccc12)N1CCOC[C@H]1c1nc2ccccc2s1,4.01,99.78858350951374,B~A{Aaradaafaaaaarf}DrAABA{A*H}rardafaaaaaffr
O=C(Cc1cncc2ccccc12)N1CCO[C@H](c2ccsc2)C1,4.56,88.16067653276956,B~A{Aaradaafaaaaarf}DrAAB{A*H}{afaafaf}Ar
O=C(Cc1cncc2ccccc12)N1CCSC[C@H]1C1CCC1,4.61,87.10359408033825,B~A{Aaradaafaaaaarf}DrAAEA{A*H}rArAAAr
O=C(Cc1cncc2ccccc12)N1CCSC[C@H]1c1ccccc1,4.94,80.12684989429175,B~A{Aaradaafaaaaarf}DrAAEA{A*H}raraaaaar
O=C(Cc1cncc2ccccc12)N1CCSC[C@H]1c1cccs1,5.27,73.15010570824526,B~A{Aaradaafaaaaarf}DrAAEA{A*H}raraaafr
O=C(Cc1cncc2ccccc12)N1CCS[C@H](c2ccccc2)C1,4.81,82.87526427061312,B~A{Aaradaafaaaaarf}DrAAE{A*H}{afaaaaaf}Ar
O=C(Cc1cncc2ccccc12)N1CC[C@@H](Oc2ccc(F)cc2)C1,4.46,90.27484143763213,B~A{Aaradaafaaaaarf}DrAA{A**H}{Bafaaa{G}aaf}Ar
O=C(Cc1cncc2ccccc12)N1CC[C@@H]2CCCC[C@@H]2C1,5.82,61.52219873150105,B~A{Aaradaafaaaaarf}DrAA{A**H}fAAAA{A**H}fAr
O=C(Cc1cncc2ccccc12)N1CC[C@@H]2CCCC[C@H]2C1,6.09,55.8139534883721,B~A{Aaradaafaaaaarf}DrAA{A**H}fAAAA{A*H}fAr
O=C(Cc1cncc2ccccc12)N1CC[C@H](C2(c3ccccc3)CC2)C1,4.95,79.9154334038055,B~A{Aaradaafaaaaarf}DrAA{A*H}{Af{ataaaaat}AAf}Ar
O=C(Cc1cncc2ccccc12)N1CC[C@H](C2CCC(F)(F)CC2)C1,4.42,91.12050739957716,B~A{Aaradaafaaaaarf}DrAA{A*H}{AfAAA{G}{G}AAf}Ar
O=C(Cc1cncc2ccccc12)N1CC[C@H](C2CCCCC2)C1,5.26,73.3615221987315,B~A{Aaradaafaaaaarf}DrAA{A*H}{AfAAAAAf}Ar
O=C(Cc1cncc2ccccc12)N1CC[C@H](CC2CCC2)C1,5.03,78.22410147991543,B~A{Aaradaafaaaaarf}DrAA{A*H}{AAfAAAf}Ar
O=C(Cc1cncc2ccccc12)N1CC[C@H](COc2ccccc2)C1,4.1,97.88583509513742,B~A{Aaradaafaaaaarf}DrAA{A*H}{ABafaaaaaf}Ar
O=C(Cc1cncc2ccccc12)N1CC[C@H](Cc2ccc(C(F)F)cc2)C1,4.18,96.19450317124736,B~A{Aaradaafaaaaarf}DrAA{A*H}{Aafaaa{A{G}G}aaf}Ar
O=C(Cc1cncc2ccccc12)N1CC[C@H](Cc2ccc(F)c(F)c2)C1,4.71,84.98942917547569,B~A{Aaradaafaaaaarf}DrAA{A*H}{Aafaaa{G}a{G}af}Ar
O=C(Cc1cncc2ccccc12)N1CC[C@H](Cc2ccc(O)cc2)C1,4.06,98.73150105708245,B~A{Aaradaafaaaaarf}DrAA{A*H}{Aafaaa{B}aaf}Ar
O=C(Cc1cncc2ccccc12)N1CC[C@H](Cc2cccc(Cl)c2)C1,4.98,79.28118393234672,B~A{Aaradaafaaaaarf}DrAA{A*H}{Aafaaaa{Z}af}Ar
O=C(Cc1cncc2ccccc12)N1CC[C@H](Cc2ccccn2)C1,4.15,96.82875264270612,B~A{Aaradaafaaaaarf}DrAA{A*H}{Aafaaaadf}Ar
O=C(Cc1cncc2ccccc12)N1CC[C@H](N2CCCCC2)C1,4.08,98.30866807610994,B~A{Aaradaafaaaaarf}DrAA{A*H}{DfAAAAAf}Ar
O=C(Cc1cncc2ccccc12)N1CC[C@H](OC(F)(F)F)C1,5.596666666666667,66.24383368569416,B~A{Aaradaafaaaaarf}DrAA{A*H}{BA{G}{G}G}Ar
O=C(Cc1cncc2ccccc12)N1CC[C@H](Oc2cccc(F)c2)C1,4.86,81.81818181818181,B~A{Aaradaafaaaaarf}DrAA{A*H}{Bafaaaa{G}af}Ar
O=C(Cc1cncc2ccccc12)N1CC[C@H](Oc2ccccc2)C1,4.26,94.5031712473573,B~A{Aaradaafaaaaarf}DrAA{A*H}{Bafaaaaaf}Ar
O=C(Cc1cncc2ccccc12)N1CC[C@H](S(=O)(=O)C(F)F)C1,4.63,86.68076109936575,B~A{Aaradaafaaaaarf}DrAA{A*H}{E{~B}{~B}A{G}G}Ar
O=C(Cc1cncc2ccccc12)N1CC[C@H](Sc2cccc(Cl)c2)C1,4.53,88.79492600422832,B~A{Aaradaafaaaaarf}DrAA{A*H}{Eafaaaa{Z}af}Ar
O=C(Cc1cncc2ccccc12)N1CC[C@H](c2ccc(Cl)cc2)C1,4.25,94.71458773784356,B~A{Aaradaafaaaaarf}DrAA{A*H}{afaaa{Z}aaf}Ar
O=C(Cc1cncc2ccccc12)N1CC[C@H](c2ccc(O)cc2)C1,4.55,88.37209302325581,B~A{Aaradaafaaaaarf}DrAA{A*H}{afaaa{B}aaf}Ar
O=C(Cc1cncc2ccccc12)N1CC[C@H](c2cccc(Cl)c2)C1,5.04,78.01268498942918,B~A{Aaradaafaaaaarf}DrAA{A*H}{afaaaa{Z}af}Ar
O=C(Cc1cncc2ccccc12)N1CC[C@H](c2cccc(F)c2)C1,5.126666666666667,76.18040873854828,B~A{Aaradaafaaaaarf}DrAA{A*H}{afaaaa{G}af}Ar
O=C(Cc1cncc2ccccc12)N1CC[C@H](c2ccccc2)C1,4.69,85.4122621564482,B~A{Aaradaafaaaaarf}DrAA{A*H}{afaaaaaf}Ar
O=C(Cc1cncc2ccccc12)N1CC[C@H](c2ccccc2F)C1,4.84,82.24101479915434,B~A{Aaradaafaaaaarf}DrAA{A*H}{afaaaaafG}Ar
O=C(Cc1cncc2ccccc12)N1CC[C@H](c2cccnc2)C1,4.1,97.88583509513742,B~A{Aaradaafaaaaarf}DrAA{A*H}{afaaadaf}Ar
O=C(Cc1cncc2ccccc12)N1CC[C@H](c2cccs2)C1,5.11,76.53276955602536,B~A{Aaradaafaaaaarf}DrAA{A*H}{afaaaff}Ar
O=C(Cc1cncc2ccccc12)N1CC[C@H](c2ncco2)C1,4.02,99.5771670190275,B~A{Aaradaafaaaaarf}DrAA{A*H}{afdaabf}Ar
O=C(Cc1cncc2ccccc12)N1CC[C@H](c2nccs2)C1,4.29,93.86892177589853,B~A{Aaradaafaaaaarf}DrAA{A*H}{afdaaff}Ar
O=C(Cc1cncc2ccccc12)N1CC[C@H]1CC1CCCC1,4.92,80.54968287526428,B~A{Aaradaafaaaaarf}DrAA{A*H}rAArAAAAr
O=C(Cc1cncc2ccccc12)N1CC[C@H]1Cc1ccccc1,4.74,84.3551797040169,B~A{Aaradaafaaaaarf}DrAA{A*H}rAaraaaaar
O=C(Cc1cncc2ccccc12)N1CC[C@H]2CCC(F)(F)C[C@H]2C1,5.886666666666667,60.11275546159268,B~A{Aaradaafaaaaarf}DrAA{A*H}fAAA{G}{G}A{A*H}fAr
O=C(Cc1cncc2ccccc12)N1CC[C@H]2CCCC[C@H]21,4.5,89.4291754756871,B~A{Aaradaafaaaaarf}DrAA{A*H}fAAAA{A*H}fr
O=C(Cc1cncc2ccccc12)N1CC[C@H]2CCCC[C@H]2CC1,5.88,60.25369978858352,B~A{Aaradaafaaaaarf}DrAA{A*H}fAAAA{A*H}fAAr
O=C(Cc1cncc2ccccc12)N1CC[C@H]2CCC[C@H]1C2,4.97,79.49260042283298,B~A{Aaradaafaaaaarf}DrAA{A*H}fAAA{A*H}rAf
O=C(Cc1cncc2ccccc12)N1CC[C@H]2CCC[C@H]21,4.21,95.56025369978859,B~A{Aaradaafaaaaarf}DrAA{A*H}fAAA{A*H}fr
O=C(Cc1cncc2ccccc12)N1CC[C@H]2CCC[C@H]2C1,5.67,64.69344608879493,B~A{Aaradaafaaaaarf}DrAA{A*H}fAAA{A*H}fAr
O=C(Cc1cncc2ccccc12)N1CC[C@H]2CCO[C@H]2C1,4.23,95.13742071881606,B~A{Aaradaafaaaaarf}DrAA{A*H}fAAB{A*H}fAr
O=C(Cc1cncc2ccccc12)N1CC[C@H]2CC[C@H]1C2,4.67,85.83509513742072,B~A{Aaradaafaaaaarf}DrAA{A*H}fAA{A*H}rAf
O=C(Cc1cncc2ccccc12)N1CC[C@H]2CC[C@H]2C1,4.99,79.06976744186046,B~A{Aaradaafaaaaarf}DrAA{A*H}fAA{A*H}fAr
O=C(Cc1cncc2ccccc12)N1CC[C@H]2COC[C@H]1C2,4.14,97.04016913319239,B~A{Aaradaafaaaaarf}DrAA{A*H}fABA{A*H}rAf
O=C(Cc1cncc2ccccc12)N1CC[C@H]2COC[C@H]2C1,4.28,94.08033826638477,B~A{Aaradaafaaaaarf}DrAA{A*H}fABA{A*H}fAr
O=C(Cc1cncc2ccccc12)N1CC[C@H]2C[C@@H]1C2,4.39,91.75475687103595,B~A{Aaradaafaaaaarf}DrAA{A*H}fA{A**H}rAf
O=C(Cc1cncc2ccccc12)N1CC[C@H]2C[C@H](O)C[C@H]2C1,4.16,96.61733615221986,B~A{Aaradaafaaaaarf}DrAA{A*H}fA{A*H}{B}A{A*H}fAr
O=C(Cc1cncc2ccccc12)N1CC[C@H]2C[C@H]2C1,4.55,88.37209302325581,B~A{Aaradaafaaaaarf}DrAA{A*H}fA{A*H}fAr
O=C(Cc1cncc2ccccc12)N1CC[C@H]2[C@H](F)[C@H]2C1,5.2,74.63002114164904,B~A{Aaradaafaaaaarf}DrAA{A*H}f{A*H}{G}{A*H}fAr
O=C(Cc1cncc2ccccc12)N1CC[C@](F)(c2cccc(C(F)(F)F)c2)C1,4.38,91.96617336152221,B~A{Aaradaafaaaaarf}DrAA{A*}{G}{afaaaa{A{G}{G}G}af}Ar
O=C(Cc1cncc2ccccc12)N1CC[C@](F)(c2cccc(Cl)c2)C1,4.78,83.50951374207187,B~A{Aaradaafaaaaarf}DrAA{A*}{G}{afaaaa{Z}af}Ar
O=C(Cc1cncc2ccccc12)N1CC[C@](F)(c2ccccc2)C1,4.73,84.56659619450316,B~A{Aaradaafaaaaarf}DrAA{A*}{G}{afaaaaaf}Ar
O=C(Cc1cncc2ccccc12)N1CC[C@](c2ccccc2)(C(F)(F)F)C1,4.75,84.14376321353066,B~A{Aaradaafaaaaarf}DrAA{A*}{afaaaaaf}{A{G}{G}G}Ar
O=C(Cc1cncc2ccccc12)N1CC[C@]2(CC(C(F)F)=NO2)C1,4.62,86.89217758985201,B~A{Aaradaafaaaaarf}DrAA{A*}f{AA{A{G}G}~DBf}Ar
O=C(Cc1cncc2ccccc12)N1CC[C@]2(CC=CCO2)C1,5.22,74.20718816067654,B~A{Aaradaafaaaaarf}DrAA{A*}f{AA~AABf}Ar
O=C(Cc1cncc2ccccc12)N1CC[C@]2(CCCc3ccccc32)C1,5.383333333333333,70.75405214940099,B~A{Aaradaafaaaaarf}DrAA{A*}f{AAAataaaaatf}Ar
O=C(Cc1cncc2ccccc12)N1CCc2[nH]cnc2C1,4.83,82.4524312896406,B~A{Aaradaafaaaaarf}DrAAaf{dH}adafAr
O=C(Cc1cncc2ccccc12)N1CCc2c(Cl)cccc2C1,6.39,49.47145877378437,B~A{Aaradaafaaaaarf}DrAAafa{Z}aaaafAr
O=C(Cc1cncc2ccccc12)N1CCc2ccc(Cl)cc2CC1,5.43,69.76744186046513,B~A{Aaradaafaaaaarf}DrAAafaaa{Z}aafAAr
O=C(Cc1cncc2ccccc12)N1CCc2nc(C(F)(F)F)ccc2C1,4.13,97.25158562367865,B~A{Aaradaafaaaaarf}DrAAafda{A{G}{G}G}aaafAr
O=C(Cc1cncc2ccccc12)N1CCc2ncc(C(F)(F)F)cc2C1,4.4,91.54334038054968,B~A{Aaradaafaaaaarf}DrAAafdaa{A{G}{G}G}aafAr
O=C(Cc1cncc2ccccc12)N1CCc2ncc(Cl)cc2C1,4.48,89.85200845665962,B~A{Aaradaafaaaaarf}DrAAafdaa{Z}aafAr
O=C(Cc1cncc2ccccc12)N1CCc2ncccc2C1,4.26,94.5031712473573,B~A{Aaradaafaaaaarf}DrAAafdaaaafAr
O=C(Cc1cncc2ccccc12)N1CCc2nocc2C1,5.49,68.49894291754757,B~A{Aaradaafaaaaarf}DrAAafdbaafAr
O=C(Cc1cncc2ccccc12)N1CCc2sccc2C1,6.27,52.00845665961946,B~A{Aaradaafaaaaarf}DrAAaffaaafAr
O=C(Cc1cncc2ccccc12)N1CCc2sccc2C12CCC2,7.14,33.615221987315024,B~A{Aaradaafaaaaarf}DrAAaffaaafArfAAAf
O=C(Cc1cncc2ccccc12)N1CCc2sccc2[C@H]1C1CC1,6.18,53.91120507399578,B~A{Aaradaafaaaaarf}DrAAaffaaaf{A*H}rArAAr
O=C(Cc1cncc2ccccc12)N1CCc2sccc2[C@H]1c1ccccc1,6.513333333333333,46.86398872445386,B~A{Aaradaafaaaaarf}DrAAaffaaaf{A*H}raraaaaar
O=C(Cc1cncc2ccccc12)N1CCc2scnc2C1,5.92,59.40803382663849,B~A{Aaradaafaaaaarf}DrAAaffadafAr
O=C(Cc1cncc2ccccc12)N1CCc2scnc2C12CCC2,6.75,41.86046511627908,B~A{Aaradaafaaaaarf}DrAAaffadafArfAAAf
O=C(Cc1cncc2ccccc12)N1CCn2nccc2C1,4.16,96.61733615221986,B~A{Aaradaafaaaaarf}DrAAdfdaaafAr
O=C(Cc1cncc2ccccc12)N1C[C@@H](c2ccc(F)cc2)O[C@@H](c2ccccc2)C1,4.17,96.40591966173362,B~A{Aaradaafaaaaarf}DrA{A**H}{afaaa{G}aaf}B{A**H}{afaaaaaf}Ar
O=C(Cc1cncc2ccccc12)N1C[C@@H]2CS(=O)(=O)C[C@@H]2C1,4.63,86.68076109936575,B~A{Aaradaafaaaaarf}DrA{A**H}fAE{~B}{~B}A{A**H}fAr
O=C(Cc1cncc2ccccc12)N1C[C@@H]2C[C@H]1CN2c1ccccc1,4.14,97.04016913319239,B~A{Aaradaafaaaaarf}DrA{A**H}fA{A*H}rADfaraaaaar
O=C(Cc1cncc2ccccc12)N1C[C@@H]2[C@H](C1)[C@@H]2C(F)(F)F,4.3,93.65750528541227,B~A{Aaradaafaaaaarf}DrA{A**H}f{A*H}{Ar}{A**H}fA{G}{G}G
O=C(Cc1cncc2ccccc12)N1C[C@@H]2[C@H](C1)[C@H]2C(F)(F)F,5.32,72.09302325581395,B~A{Aaradaafaaaaarf}DrA{A**H}f{A*H}{Ar}{A*H}fA{G}{G}G
O=C(Cc1cncc2ccccc12)N1C[C@@H]2[C@H](C1)[C@H]2C(F)F,4.96,79.70401691331925,B~A{Aaradaafaaaaarf}DrA{A**H}f{A*H}{Ar}{A*H}fA{G}G
O=C(Cc1cncc2ccccc12)N1C[C@H](CF)C2(CCCC2)C1,5.43,69.76744186046513,B~A{Aaradaafaaaaarf}DrA{A*H}{AG}Af{AAAAf}Ar
O=C(Cc1cncc2ccccc12)N1C[C@H](F)C[C@H]1c1cccc(F)c1,5.58,66.59619450317125,B~A{Aaradaafaaaaarf}DrA{A*H}{G}A{A*H}raraaaa{G}ar
O=C(Cc1cncc2ccccc12)N1C[C@H](F)C[C@H]1c1ccccc1,4.77,83.72093023255816,B~A{Aaradaafaaaaarf}DrA{A*H}{G}A{A*H}raraaaaar
O=C(Cc1cncc2ccccc12)N1C[C@H](F)[C@H](c2ccccc2)C1,4.76,83.9323467230444,B~A{Aaradaafaaaaarf}DrA{A*H}{G}{A*H}{afaaaaaf}Ar
O=C(Cc1cncc2ccccc12)N1C[C@H](c2ccccc2)[C@H]2CCC[C@H]21,5.2,74.63002114164904,B~A{Aaradaafaaaaarf}DrA{A*H}{afaaaaaf}{A*H}fAAA{A*H}fr
O=C(Cc1cncc2ccccc12)N1C[C@H]2C=C[C@H]1CC2,4.66,86.04651162790697,B~A{Aaradaafaaaaarf}DrA{A*H}fA~A{A*H}rAAf
O=C(Cc1cncc2ccccc12)N1C[C@H]2CCCCCC[C@@H]2C1,5.895,59.93657505285414,B~A{Aaradaafaaaaarf}DrA{A*H}fAAAAAA{A**H}fAr
O=C(Cc1cncc2ccccc12)N1C[C@H]2CCCCCC[C@H]2C1,5.87,60.465116279069775,B~A{Aaradaafaaaaarf}DrA{A*H}fAAAAAA{A*H}fAr
O=C(Cc1cncc2ccccc12)N1C[C@H]2CCCS(=O)(=O)[C@H]2C1,4.04,99.15433403805497,B~A{Aaradaafaaaaarf}DrA{A*H}fAAAE{~B}{~B}{A*H}fAr
O=C(Cc1cncc2ccccc12)N1C[C@H]2CC[C@H]2[C@H]1c1ccccc1,5.1499999999999995,75.68710359408036,B~A{Aaradaafaaaaarf}DrA{A*H}fAA{A*H}f{A*H}raraaaaar
O=C(Cc1cncc2ccccc12)N1C[C@H]2COC[C@@]2(c2ccccc2)C1,5.17,75.26427061310783,B~A{Aaradaafaaaaarf}DrA{A*H}fABA{A**}f{afaaaaaf}Ar
O=C(Cc1cncc2ccccc12)N1C[C@H]2C[C@@H]1[C@@H]1C[C@H]21,4.44,90.69767441860465,B~A{Aaradaafaaaaarf}DrA{A*H}fA{A**H}r{A**H}rA{A*H}fr
O=C(Cc1cncc2ccccc12)N1C[C@H]2C[C@H]2C1,4.19,95.98308668076109,B~A{Aaradaafaaaaarf}DrA{A*H}fA{A*H}fAr
O=C(Cc1cncc2ccccc12)N1C[C@H]2[C@@](c3ccccc3)(C1)CS2(=O)=O,4.75,84.14376321353066,B~A{Aaradaafaaaaarf}DrA{A*H}f{A**}{ataaaaat}{Ar}AEf{~B}~B
O=C(Cc1cncc2ccccc12)N1Cc2cccc(F)c2Oc2ccccc21,5.26,73.3615221987315,B~A{Aaradaafaaaaarf}DrAafaaaa{G}afBafaaaaafr
O=C(Cc1cncc2ccccc12)N1Cc2ccccc2C[C@H]1c1ccccc1,5.49,68.49894291754757,B~A{Aaradaafaaaaarf}DrAafaaaaafA{A*H}raraaaaar
O=C(Cc1cncc2ccccc12)N1Cc2ccccc2OCC12CC2,4.45,90.48625792811839,B~A{Aaradaafaaaaarf}DrAafaaaaafBAArfAAf
O=C(Cc1cncc2ccccc12)N1Cc2ccccc2[C@H](CC2CCCCC2)C1,4.77,83.72093023255816,B~A{Aaradaafaaaaarf}DrAafaaaaaf{A*H}{AAfAAAAAf}Ar
O=C(Cc1cncc2ccccc12)N1Cc2ccccc2[C@H](c2ccccc2)C1,4.55,88.37209302325581,B~A{Aaradaafaaaaarf}DrAafaaaaaf{A*H}{afaaaaaf}Ar
O=C(Cc1cncc2ccccc12)N1Cc2ccccc2[C@H](c2cccs2)C1,4.56,88.16067653276956,B~A{Aaradaafaaaaarf}DrAafaaaaaf{A*H}{afaaaff}Ar
O=C(Cc1cncc2ccccc12)N1[C@@H]2CC=C[C@H]1CCC2,5.2,74.63002114164904,B~A{Aaradaafaaaaarf}Dr{A**H}fAA~A{A*H}rAAAf
O=C(Cc1cncc2ccccc12)N1[C@H]2CC=C[C@H]1CCC2,5.24,73.78435517970401,B~A{Aaradaafaaaaarf}Dr{A*H}fAA~A{A*H}rAAAf
O=C(Cc1cncc2ccccc12)N1[C@H]2CCC[C@H]1c1cn[nH]c1C2,4.82,82.66384778012684,B~A{Aaradaafaaaaarf}Dr{A*H}fAAA{A*H}rarad{dH}arAf
O=C(Cc1cncc2ccccc12)N1[C@H]2CC[C@H]1CS(=O)(=O)C2,4.31,93.44608879492601,B~A{Aaradaafaaaaarf}Dr{A*H}fAA{A*H}rAE{~B}{~B}Af
O=C(Cc1cncc2ccccc12)N1[C@H]2CC[C@H]1c1ncccc12,4.65,86.25792811839322,B~A{Aaradaafaaaaarf}Dr{A*H}fAA{A*H}rardaaaarf
O=C(Cc1cncc2ccccc12)NCc1cccc(Cl)c1,5.25,73.57293868921776,B~A{Aaradaafaaaaarf}DAaraaaa{Z}ar
O=C(Cc1cncc2ccccc12)Nc1ccccc1,4.0,100.0,B~A{Aaradaafaaaaarf}Daraaaaar
O=C(NCCC(=O)N1CCCCC1)c1cncc2ccccc12,4.09,98.09725158562368,B~A{DAAA{~B}DrAAAAAr}aradaafaaaaarf
O=C(NCCOc1cc(Cl)ccn1)c1cncc2ccccc12,4.8,83.08668076109937,B~A{DAABaraa{Z}aadr}aradaafaaaaarf
O=C(NCCc1c[nH]c2ccc(Cl)cc12)c1cncc2ccccc12,4.91,80.76109936575052,B~A{DAAara{dH}afaaa{Z}aarf}aradaafaaaaarf
O=C(NCCc1c[nH]c2ccc(F)cc12)c1cncc2ccccc12,4.82,82.66384778012684,B~A{DAAara{dH}afaaa{G}aarf}aradaafaaaaarf
O=C(NCCc1c[nH]c2ncc(Cl)cc12)c1cncc2ccccc12,4.32,93.23467230443974,B~A{DAAara{dH}afdaa{Z}aarf}aradaafaaaaarf
O=C(NCCc1c[nH]c2ncc(F)cc12)c1cncc2ccccc12,4.42,91.12050739957716,B~A{DAAara{dH}afdaa{G}aarf}aradaafaaaaarf
O=C(NCc1c[nH]c2ccc(F)cc12)c1cncc2ccccc12,4.72,84.77801268498943,B~A{DAara{dH}afaaa{G}aarf}aradaafaaaaarf
O=C(NCc1cc2c(nc1O)CCCC2)c1cncc2ccccc12,4.46,90.27484143763213,B~A{DAaraafa{darB}AAAAf}aradaafaaaaarf
O=C(NCc1ccccn1)[C@H]1CN(C(=O)COS(=O)(=O)Nc2ccccc2)CCN1S(=O)(=O)c1ccsc1,4.75,84.14376321353066,B~A{DAaraaaadr}{A*H}rAD{A{~B}ABE{~B}{~B}Dafaaaaaf}AADrE{~B}{~B}araafar
O=C(NCc1cccs1)[C@@H]1CN(C(=O)c2cccnc2)CCN1c1ccc(Cl)c(Cl)c1,6.91,38.47780126849894,B~A{DAaraaafr}{A**H}rAD{A{~B}afaaadaf}AADraraaa{Z}a{Z}ar
O=C(NCc1cccs1)[C@@H]1CN(C(=O)c2cncc3ccccc23)CCN1c1ccc(Cl)c(Cl)c1,7.89,17.75898520084568,B~A{DAaraaafr}{A**H}rAD{A{~B}afadaataaaaaft}AADraraaa{Z}a{Z}ar
O=C(NCc1nc2cc(Cl)ccc2s1)c1cncc2ccccc12,4.04,99.15433403805497,B~A{DAardafaa{Z}aaaffr}aradaafaaaaarf
O=C(NCc1nc2ccccc2[nH]1)c1cncc2ccccc12,4.23,95.13742071881606,B~A{DAardafaaaaaf{dH}r}aradaafaaaaarf
O=C(Nc1cncc2ccccc12)C(F)(F)c1cc(F)cc(F)c1,5.53,67.65327695560254,B~A{Daradaafaaaaarf}A{G}{G}araa{G}aa{G}ar
O=C(Nc1cncc2ccccc12)C(F)(F)c1ccc(F)c(F)c1,5.16,75.47568710359407,B~A{Daradaafaaaaarf}A{G}{G}araaa{G}a{G}ar
O=C(Nc1cncc2ccccc12)[C@H](CC(F)(F)F)c1cccc(F)c1,5.2,74.63002114164904,B~A{Daradaafaaaaarf}{A*H}{AA{G}{G}G}araaaa{G}ar
O=C(Nc1cncc2ccccc12)[C@H]1COc2ccc(F)cc21,5.46,69.13319238900635,B~A{Daradaafaaaaarf}{A*H}rABafaaa{G}aafr
O=C(O)CN1Cc2ccc(Cl)cc2[C@H](C(=O)Nc2cncc3ccccc23)C1,5.01,78.64693446088795,B~A{B}ADrAafaaa{Z}aaf{A*H}{A{~B}Dafadaataaaaaft}Ar
O=C([C@H]1Cc2ccccc2CN1C(=O)Cc1cncc2ccccc12)N1CCCC1,4.61,87.10359408033825,B~A{{A*H}rAafaaaaafADrA{~B}Aaradaafaaaaarf}DrAAAAr
O=C(c1cccs1)C1CCN(C(=O)Cc2cncc3ccccc23)CC1,4.78,83.50951374207187,B~A{araaafr}ArAAD{A{~B}Aafadaataaaaaft}AAr
O=C(c1cncc2ccccc12)N1CCC(Cc2ccc(F)cc2)CC1,5.1,76.74418604651163,B~A{aradaafaaaaarf}DrAAA{Aafaaa{G}aaf}AAr
O=C1CC2(CCN(C(=O)Cc3cncc4ccccc34)CC2)CN1,4.16,96.61733615221986,B~ArAAf{AAD{A{~B}Aatadaauaaaaatu}AAf}ADr
O=C1CC[C@H](N2C(=O)c3ccc(N4CCN(c5ccc(NC(=O)CN6Cc7ccc(Cl)cc7[C@H](C(=O)Nc7cncc8ccccc78)C6)cc5)CC4)cc3C2=O)C(=O)N1,7.09,34.672304439746306,B~ArAA{A*H}{DfA{~B}ataaa{DuAAD{avaaa{DA{~B}ADwAaxaaa{Z}aax{A*H}{A{~B}Daxadaayaaaaaxy}Aw}aav}AAu}aatAf~B}A{~B}Dr
O=C1C[C@H](C(=O)Nc2cncc3ccccc23)c2ccccc2N1,4.65,86.25792811839322,B~ArA{A*H}{A{~B}Dafadaataaaaaft}afaaaaafDr
O=C1C[C@H](Cc2ccccc2)C(=O)N1c1cncc2ccccc12,4.62,86.89217758985201,B~ArA{A*H}{Aafaaaaaf}A{~B}Draradaafaaaaarf
O=C1C[C@H](Cc2ccccc2)CN1c1cncc2ccccc12,4.91,80.76109936575052,B~ArA{A*H}{Aafaaaaaf}ADraradaafaaaaarf
O=C1C[C@H](Cc2ccccc2)NN1c1cncc2ccccc12,5.16,75.47568710359407,B~ArA{A*H}{Aafaaaaaf}DDraradaafaaaaarf
O=C1C[C@H](Cc2ccccc2Cl)CN1c1cncc2ccccc12,5.14,75.8985200845666,B~ArA{A*H}{AafaaaaafZ}ADraradaafaaaaarf
O=C1C[C@H]2CCN(C(=O)Cc3cncc4ccccc34)C[C@H]2N1,4.03,99.36575052854121,B~ArA{A*H}fAAD{A{~B}Aatadaauaaaaatu}A{A*H}fDr
O=C1C[C@H]2COC[C@H](C1)N2C(=O)Cc1cncc2ccccc12,4.27,94.29175475687106,B~ArA{A*H}fABA{A*H}{Ar}DfA{~B}Aaradaafaaaaarf
O=C1N(c2cncc3ccccc23)CCC[C@]12CCOc1ccc(Cl)cc12,6.53,46.51162790697675,B~ArD{afadaataaaaaft}AAA{A*}rfAABaraaa{Z}aarf
O=C1NC[C@H]2CN(C(=O)Cc3cncc4ccccc34)CC[C@@H]12,4.06,98.73150105708245,B~ArDA{A*H}fAD{A{~B}Aatadaauaaaaatu}AA{A**H}rf
O=C1N[C@@H](Cc2ccccc2)C(=O)N1c1cncc2ccccc12,4.4,91.54334038054968,B~ArD{A**H}{Aafaaaaaf}A{~B}Draradaafaaaaarf
O=C1N[C@@]2(CC[C@H](c3ccccc3)OC2)C(=O)N1c1cncc2ccccc12,5.2,74.63002114164904,B~ArD{A**}f{AA{A*H}{ataaaaat}BAf}A{~B}Draradaafaaaaarf
O=C1N[C@H](CC2CC2)C(=O)N1c1cncc2ccccc12,4.31,93.44608879492601,B~ArD{A*H}{AAfAAf}A{~B}Draradaafaaaaarf
O=C1N[C@H](Cc2ccccc2)C(=O)N1c1cncc2ccccc12,4.5,89.4291754756871,B~ArD{A*H}{Aafaaaaaf}A{~B}Draradaafaaaaarf
O=C1N[C@]2(CCOc3ccc(C(F)F)cc32)C(=O)N1c1cncc2ccccc12,5.44,69.55602536997885,B~ArD{A*}f{AABataaa{A{G}G}aatf}A{~B}Draradaafaaaaarf
O=C1N[C@]2(CCOc3ccc(CO)cc32)C(=O)N1c1cncc2ccccc12,4.87,81.60676532769557,B~ArD{A*}f{AABataaa{AB}aatf}A{~B}Draradaafaaaaarf
O=C1N[C@]2(CCOc3ccccc32)C(=O)N1c1cncc2ccccc12,4.82,82.66384778012684,B~ArD{A*}f{AABataaaaatf}A{~B}Draradaafaaaaarf
O=C1N[C@]2(CCOc3ccncc32)C(=O)N1c1cncc2ccccc12,4.27,94.29175475687106,B~ArD{A*}f{AABataadaatf}A{~B}Draradaafaaaaarf
O=C1N[C@]2(CC[C@H](c3ccccc3)OC2)C(=O)N1c1cncc2ccccc12,5.69,64.2706131078224,B~ArD{A*}f{AA{A*H}{ataaaaat}BAf}A{~B}Draradaafaaaaarf
O=C1N[C@]2(C[C@@H](c3c(F)cccc3F)C2)C(=O)N1c1cncc2ccccc12,7.06,35.306553911205086,B~ArD{A*}f{A{A**H}{ata{G}aaaatG}Af}A{~B}Draradaafaaaaarf
O=C1N[C@]2(C[C@@H](c3ccc(Cl)cc3)C2)C(=O)N1c1cncc2ccccc12,7.04,35.729386892177594,B~ArD{A*}f{A{A**H}{ataaa{Z}aat}Af}A{~B}Draradaafaaaaarf
O=C1N[C@]2(C[C@@H](c3ccccc3)C2)C(=O)N1c1cncc2ccccc12,6.87,39.323467230443974,B~ArD{A*}f{A{A**H}{ataaaaat}Af}A{~B}Draradaafaaaaarf
O=C1N[C@]2(C[C@@H](c3ccccc3Cl)C2)C(=O)N1c1cncc2ccccc12,7.84,18.816067653276967,B~ArD{A*}f{A{A**H}{ataaaaatZ}Af}A{~B}Draradaafaaaaarf
O=C1N[C@]2(C[C@H](c3ccccc3)C2)C(=O)N1c1cncc2ccccc12,6.69,43.12896405919661,B~ArD{A*}f{A{A*H}{ataaaaat}Af}A{~B}Draradaafaaaaarf
O=C1Nc2ccc(Cl)cc2[C@]12CCN(c1cncc3ccccc13)C2=O,5.245,73.6786469344609,B~ArDafaaa{Z}aaf{A*}rfAAD{aradaataaaaart}Af~B
O=C1[C@@H]2CCCCN2C(=O)N1c1cncc2ccccc12,4.19,95.98308668076109,B~Ar{A**H}fAAAADfA{~B}Draradaafaaaaarf
O=C1[C@@H]2CN(Cc3ccccc3)CCN2C(=O)N1c1cncc2ccccc12,5.54,67.44186046511628,B~Ar{A**H}fAD{Aataaaaat}AADfA{~B}Draradaafaaaaarf
O=C1[C@H](c2ccc(Cl)c(Cl)c2)C[C@H](O)CN1c1cncc2ccccc12,5.47,68.9217758985201,B~Ar{A*H}{afaaa{Z}a{Z}af}A{A*H}{B}ADraradaafaaaaarf
O=C1c2ccc(Cl)cc2[C@@]2(CN1CC1CNC1)C(=O)N(c1cncc3ccccc13)C[C@@H]2CNc1nccs1,8.09,13.530655391120519,B~Arafaaa{Z}aaf{A**}f{ADrAArADAr}A{~B}D{aradaataaaaart}A{A**H}fADardaafr
O=C1c2ccc(Cl)cc2[C@@]2(CN1CC1CNC1)C(=O)N(c1cncc3ccccc13)C[C@@H]2CNc1nncs1,7.56,24.735729386892192,B~Arafaaa{Z}aaf{A**}f{ADrAArADAr}A{~B}D{aradaataaaaart}A{A**H}fADarddafr
O=C1c2ccc(Cl)cc2[C@@]2(CN1CC1COC1)C(=O)N(c1cncc3ccccc13)C[C@@H]2CNc1ccncn1,7.59,24.101479915433412,B~Arafaaa{Z}aaf{A**}f{ADrAArABAr}A{~B}D{aradaataaaaart}A{A**H}fADaraadadr
O=C1c2ccc(Cl)cc2[C@@]2(CN1CCN1CC3(COC3)C1)C(=O)N(c1cncc3ccccc13)C[C@@H]2CNc1ncccn1,7.24,31.501057082452434,B~Arafaaa{Z}aaf{A**}f{ADrAADrAAt{ABAt}Ar}A{~B}D{aradaataaaaart}A{A**H}fADardaaadr
O=C1c2ccc(Cl)cc2[C@@]2(CN1CCN1CCOCC1)C(=O)N(c1cncc3ccccc13)C[C@@H]2CNc1ncccn1,7.51,25.792811839323477,B~Arafaaa{Z}aaf{A**}f{ADrAADrAABAAr}A{~B}D{aradaataaaaart}A{A**H}fADardaaadr
O=C1c2ccc(Cl)cc2[C@@]2(CN1CCNCC(F)(F)F)C(=O)N(c1cncc3ccccc13)C[C@@H]2CNc1ncccn1,6.91,38.47780126849894,B~Arafaaa{Z}aaf{A**}f{ADrAADAA{G}{G}G}A{~B}D{aradaataaaaart}A{A**H}fADardaaadr
O=C1c2ccc(Cl)cc2[C@@]2(CN1Cc1cc[nH]n1)C(=O)N(c1cncc3ccccc13)C[C@@H]2CNc1nnc(C(F)(F)F)o1,7.67,22.41014799154335,B~Arafaaa{Z}aaf{A**}f{ADrAaraa{dH}dr}A{~B}D{aradaataaaaart}A{A**H}fADardda{A{G}{G}G}br
O=C1c2ccc(Cl)cc2[C@@]2(CN1Cc1cc[nH]n1)C(=O)N(c1cncc3ccccc13)C[C@@H]2CNc1nnc(C(F)(F)F)s1,7.34,29.38689217758986,B~Arafaaa{Z}aaf{A**}f{ADrAaraa{dH}dr}A{~B}D{aradaataaaaart}A{A**H}fADardda{A{G}{G}G}fr
O=C1c2ccc(Cl)cc2[C@@]2(CN1Cc1cc[nH]n1)C(=O)N(c1cncc3ccccc13)C[C@@H]2CNc1nnco1,8.18,11.6279069767442,B~Arafaaa{Z}aaf{A**}f{ADrAaraa{dH}dr}A{~B}D{aradaataaaaart}A{A**H}fADarddabr
O=C1c2ccc(Cl)cc2[C@@]2(CN1Cc1cc[nH]n1)C(=O)N(c1cncc3ccccc13)C[C@@H]2CNc1nncs1,8.24,10.359408033826641,B~Arafaaa{Z}aaf{A**}f{ADrAaraa{dH}dr}A{~B}D{aradaataaaaart}A{A**H}fADarddafr
O=C1c2ccc(Cl)cc2[C@@]2(CN1Cc1ccnnc1)C(=O)N(c1cncc3ccccc13)C[C@@H]2CNc1ccncn1,8.02,15.01057082452433,B~Arafaaa{Z}aaf{A**}f{ADrAaraaddar}A{~B}D{aradaataaaaart}A{A**H}fADaraadadr
O=C1c2ccc(Cl)cc2[C@@]2(CN1Cc1ccnnc1)C(=O)N(c1cncc3ccccc13)C[C@@H]2CNc1nncs1,8.62,2.3255813953488627,B~Arafaaa{Z}aaf{A**}f{ADrAaraaddar}A{~B}D{aradaataaaaart}A{A**H}fADarddafr
O=C1c2ccc(Cl)cc2[C@@]2(CN1Cc1nnco1)C(=O)N(c1cncc3ccccc13)C[C@@H]2CNc1ccncn1,7.13,33.826638477801275,B~Arafaaa{Z}aaf{A**}f{ADrAarddabr}A{~B}D{aradaataaaaart}A{A**H}fADaraadadr
O=C1c2ccc(Cl)cc2[C@@]2(CN1Cc1nnco1)C(=O)N(c1cncc3ccccc13)C[C@@H]2CNc1ncncn1,7.3,30.23255813953489,B~Arafaaa{Z}aaf{A**}f{ADrAarddabr}A{~B}D{aradaataaaaart}A{A**H}fADardadadr
O=c1c(-c2cccc(Cl)c2)cnc(S)n1-c1cncc2ccccc12,6.86,39.53488372093023,B~ara{Mafaaaa{Z}af}ada{E}drMaradaafaaaaarf
O=c1c(-c2cccc(Cl)c2)cncn1-c1cncc2ccccc12,5.78,62.36786469344608,B~ara{Mafaaaa{Z}af}adadrMaradaafaaaaarf
