Compound ID,ESOL predicted log solubility in mols per litre,Minimum Degree,Molecular Weight,Number of H-Bond Donors,Number of Rings,Number of Rotatable Bonds,Polar Surface Area,measured log solubility in mols per litre,smiles,transformed_solubility,transformed_smiles
Amigdalin,-0.974,1,457.4320000000001,7,3,7,202.32,-0.77,C1(O)C(C(COC2C(O)C(C(O)C(O2)CO)O)OC(C1O)OC(c1ccccc1)C#N)O,17.830045523520486,BAAtBA{BAAsBA{BA{A^D}araaaaar}A{B}A{B}AsB}A{B}A{B}AtB 
Fenfuram,-2.885,1,201.225,1,2,2,42.24,-3.3,c1(ccoc1C)C(=O)Nc1ccccc1,37.025796661608496,AarbaaarA{~B}Dasaaaaas
citral,-2.579,1,152.237,0,0,4,17.07,-2.06,CC(=CCCC(=CC=O)C)C,27.61760242792109,AA{A}~AAAA{A}~AA{~B}
Picene,-6.617999999999999,2,278.354,0,5,0,0.0,-7.87,c1cc2c3ccccc3ccc2c2ccc3c(c12)cccc3,71.69954476479514,araaasa{ar}aaatasaaauavaaaaavaaaut
Thiophene,-2.232,2,84.14299999999999,0,1,0,0.0,-1.33,c1cccs1,22.078907435508345,araasar
benzothiazole,-2.733,2,135.191,0,2,0,12.89,-1.5,s1cnc2c1cccc2,23.368740515933236,asaaarsadaras 
"2,2,4,6,6'-PCB",-6.545,1,326.437,0,2,1,0.0,-7.32,Clc1c(c(ccc1)Cl)-c1c(cc(Cl)cc1Cl)Cl,67.52655538694992,Zaraa{Z}a{a{Z}ar}asa{Z}aaaasZ
Estradiol,-4.138,1,272.388,2,4,0,40.46,-5.03,C1CC2(C)C(CCC2O)C2CCc3c(ccc(O)c3)C12,50.15174506828528,AArsAAAtA{AAauaa{B}aaatu}AsAAArB
Dieldrin,-4.533,1,380.913,0,5,0,12.53,-6.29,ClC12C(=C(C(C3C4C5OC5C(C31)C4)(Cl)C2(Cl)Cl)Cl)Cl,59.71168437025797,ZAu~A{Z}Av{Z}AtArAA{AsBArs}AtAu{Z}Av{Z}Z
Rotenone,-5.246,1,394.4230000000002,0,5,3,63.22,-4.42,COc1cc2OCC3C(C(c4ccc5c(CC(C(=C)C)O5)c4O3)=O)c2cc1OC,45.52352048558422,ABavaauBAAtBasarAA{BaraaasA{~B}AtauaavBA}A{A}~A 
2-pyrrolidone,0.243,1,85.10600000000001,1,1,0,29.1,1.07,C1CCNC1=O,3.8694992412746583,B~ArAAADr
2-Chloronapthalene,-4.063,1,162.61899999999997,0,2,0,0.0,-4.14,c1c2c(ccc1)cc(cc2)Cl,43.39908952959029,Zaraaasaaaaasar
1-Pentene ,-2.01,1,70.135,0,0,2,0.0,-2.68,C(CCC)=C,32.3216995447648,AAAA~A
Primidone,-1.897,1,218.256,2,2,2,58.2,-2.64,c1cc(C2(CC)C(=O)NCNC2=O)ccc1,32.01820940819424,AAAr{A{~B}DADAr~B}asaaaaas
Tetradecane,-5.45,1,198.39399999999995,0,0,11,0.0,-7.96,C(CCCCCCCCCCC)CC,72.3823975720789,AAAAAAAAAAAAAA
2-Chloropropane,-1.585,1,78.542,0,0,0,0.0,-1.41,C(C)(Cl)C,22.68588770864947,AA{A}Z
2-Methylbutanol,-1.027,1,88.14999999999999,1,0,2,20.23,-0.47,C(C)(CC)CO,15.553869499241271,AAA{A}AB
Benzonitrile,-2.03,1,103.12399999999997,0,1,0,23.79,-1.0,c1ccccc1C#N,19.575113808801213,D^Aaraaaaar
Diazinon,-3.989,1,304.35200000000003,0,1,7,53.47,-3.64,O(CC)P(Oc1cc(nc(C(C)C)n1)C)(=S)OCC,39.60546282245828,AABK{~E}{BAA}Baraa{A}da{dr}A{A}A
2-Undecanol,-3.096,1,172.312,1,0,8,20.23,-2.94,C(CCCCCCCC)C(O)C,34.29438543247344,AAAAAAAAAA{A}B
"2,2',3,4,6-PCB",-6.627000000000001,1,326.437,0,2,1,0.0,-7.43,c1(-c2ccc(Cl)cc2Cl)c(Cl)c(ccc1Cl)Cl,68.36115326251897,Zaraaa{a{Z}ar}asa{Z}aaa{Z}asZ 
Lenacil,-3.355,1,234.29899999999995,1,3,1,54.86,-4.593999999999999,C1CCC(n2c(=O)c3CCCc3[nH]c2=O)CC1,46.84370257966616,B~as{dH}arAAAara{~B}dsAtAAAAAt
Phorate,-3.747,1,260.386,0,0,8,18.46,-4.11,CCOP(OCC)(=S)SCSCC,43.171471927162365,AABK{~E}{BAA}EAEAA
Phenacetin,-2.342,1,179.219,1,1,3,38.33,-2.35,O(CC)c1ccc(NC(=O)C)cc1,29.817905918057665,AABaraaa{DA{~B}A}aar
Dinitramine,-4.479,1,322.243,1,1,5,115.54000000000002,-5.47,FC(c1cc(c(N(CC)CC)c([N+](=O)[O-])c1N)[N+]([O-])=O)(F)F,53.49013657056146,AAD{AA}ara{aa{a{D}arD{~B}~B}A{G}{G}G}D{~B}~B
1-Heptanol,-1.751,1,116.204,1,0,5,20.23,-1.81,C(CCCCC)CO,25.72078907435509,AAAAAAAB
Theophylline,-1.452,1,180.167,1,2,0,72.68,-1.39,c1[nH]c2c(n1)n(c(n(c2=O)C)=O)C,22.534142640364188,Adra{~B}d{A}asda{dH}asar~B
Butethal,-1.974,1,212.249,2,1,4,75.27000000000001,-1.661,C1(NC(=O)C(CCCC)(CC)C(N1)=O)=O,24.590288315629746,AAAAAr{AA}A{~B}DA{~B}DAr~B
"P,P'-DDE",-6.553,1,318.0300000000001,0,2,2,0.0,-6.9,C(Cl)(Cl)=C(c1ccc(cc1)Cl)c1ccc(Cl)cc1,64.33990895295904,ZA{Z}~A{araaa{Z}aar}asaaa{Z}aas
Methyl octanoate,-2.608,1,158.241,0,0,6,26.3,-3.17,CCCCCCCC(OC)=O,36.03945371775417,AAAAAAAA{~B}BA
"1,4-Diethylbenzene ",-3.633,1,134.22199999999998,0,1,2,0.0,-3.75,C(C)c1ccc(CC)cc1,40.44006069802732,AAaraaa{AA}aar
Terbufos,-4.367,1,288.44,0,0,7,18.46,-4.755,S(CSP(=S)(OCC)OCC)C(C)(C)C,48.06525037936267,AABK{~E}{BAA}EAEA{A}{A}A
Phenmedipham,-4.229,1,300.314,2,2,3,76.66,-4.805,c1(cc(NC(=O)Oc2cccc(NC(=O)OC)c2)ccc1)C,48.44461305007587,ABA{~B}Daraaaa{BA{~B}Dasaaaa{A}as}ar
"1,1-Dichloroethylene",-1.939,1,96.944,0,0,0,0.0,-1.64,C(=C)(Cl)Cl,24.4309559939302,ZA{~A}Z
1-Methylfluorene,-4.478,1,180.25000000000003,0,3,0,0.0,-5.22,c12c(-c3c(C1)c(ccc3)C)cccc2,51.59332321699545,AaraaaasarAataaaaats
Valeraldehyde,-1.103,1,86.13399999999999,0,0,3,17.07,-0.85,C(=O)CCCC,18.43702579666161,AAAAA~B
Diphenylamine,-3.857,2,169.227,1,2,2,12.03,-3.504,c1c(Nc2ccccc2)cccc1,38.57359635811836,D{araaaaar}asaaaaas
Fenothiocarb,-3.297,1,253.367,0,1,6,29.540000000000003,-3.927,C(SC(=O)N(C)C)CCCOc1ccccc1,41.78300455235205,AD{A}A{~B}EAAAABaraaaaar
Piperophos,-4.637,1,353.4900000000001,0,1,9,38.77,-4.15,CCCOP(OCCC)(SCC(=O)N1C(C)CCCC1)=S,43.47496206373293,AAABK{~E}{BAAA}EAA{~B}DrAAAAArA
1-Iodoheptane,-3.904,1,226.101,0,0,5,0.0,-4.81,ICCCCCCC,48.4825493171472,AAAAAAAH
3-Chlorobiphenyl,-4.685,1,188.657,0,2,1,0.0,-4.88,c1cc(ccc1)-c1cccc(c1)Cl,49.01365705614568,ara{Z}aaaarasaaaaas
4-Pentene-1-ol,-0.7909999999999999,1,86.134,1,0,3,20.23,-0.15,C(CC=C)CO,13.125948406676784,BAAAA~A
Cyclobutyl-5-spirobarbituric acid,-0.527,1,168.15200000000002,2,2,0,75.27,-1.655,C12(CCC2)C(NC(NC1=O)=O)=O,24.54476479514416,B~AsDA{~B}Ar{AAAr}A{~B}Ds
menthol,-2.782,1,156.269,1,1,1,20.23,-2.53,C1C(CCC(C1O)C(C)C)C,31.183611532625186,AA{A}ArAAA{A}AArB 
Isopropyl formate,-0.684,1,88.106,0,0,2,26.3,-0.63,C(C)(C)OC=O,16.76783004552352,AA{A}BA~B
2-Heptanol ,-1.6780000000000002,1,116.20399999999998,1,0,4,20.23,-1.55,C(CCCC(C)O)C,23.74810318664644,AAAAAA{A}B
p-Bromoacetanilide,-3.012,1,214.062,1,1,1,29.1,-3.083,C(Nc1ccc(Br)cc1)(=O)C,35.379362670713206,AA{~B}Daraaa{X}aar
brompyrazone,-3.005,1,266.098,1,2,1,60.91,-3.127,c1(cnn(c(c1Br)=O)-c1ccccc1)N,35.71320182094082,araaaaardsdaa{D}a{X}as{~B}
nifedipine,-4.248,1,346.33900000000017,1,2,4,107.77,-4.76,C1(C(OC)=O)=C(C)NC(=C(C1c1c(cccc1)[N+](=O)[O-])C(=O)OC)C,48.10318664643399,ABA{~B}Ar~A{A}DA{~A{ArasaaaaasD{~B}~B}A{~B}BA}A 
"2,7-dimethylquinoline",-3.342,1,157.216,0,2,0,12.89,-1.94,c1c(nc2cc(C)ccc2c1)C,26.70713201820941,asa{A}aarda{A}aaaras 
1-Octyne ,-2.509,1,110.2,0,0,4,0.0,-3.66,C(CCC)CCC#C,39.75720789074355,AAAAAAA^A
cyclobarbital,-2.421,1,236.27099999999996,2,2,2,75.27000000000001,-2.17,O=C1NC(NC(C1(C1CCCCC=1)CC)=O)=O,28.452200303490137,AAAr{A{~B}DA{~B}DAr~B}As~AAAAAs 
Chrysene,-5.568,2,228.294,0,4,0,0.0,-8.057,c1c2c3ccccc3ccc2c2ccccc2c1,73.11836115326253,araaasa{ar}aaatauaaaaauaaast
Bromacil,-3.419,1,261.119,1,1,2,54.86,-2.523,c1(=O)[nH]c(c(Br)c(n1C(C)CC)=O)C,31.13050075872534,AAA{A}dra{~B}{dH}a{A}a{X}ar~B 
"2,2',3,3',5,6-PCB",-7.185,1,360.88200000000006,0,2,1,0.0,-8.6,c1(Cl)c(Cl)cccc1-c1c(c(Cl)cc(Cl)c1Cl)Cl,77.2382397572079,Zaraaaa{arZ}asa{Z}a{Z}aa{Z}asZ 
2-Methylphenol,-2.281,1,108.14,1,1,0,20.23,-0.62,c1(c(cccc1)C)O,16.69195751138088,AaraaaaarB
"2,2,5-Trimethylhexane",-3.631,1,128.259,0,0,2,0.0,-5.05,C(C(C)C)CC(C)(C)C,50.30349013657056,AA{A}AAA{A}{A}A
"1,4-Dimethylnaphthalene ",-4.147,1,156.228,0,2,0,0.0,-4.14,Cc1ccc(C)c2ccccc21,43.39908952959029,Aaraaa{A}asaaaaars
6-Methylchrysene,-5.931,1,242.321,0,4,0,0.0,-6.57,c1ccc2c(c3cc(C)c4c(c3cc2)cccc4)c1,61.8361153262519,Aaraasataaaaataaasauaaaaaru
2-Pentanone,-0.846,1,86.13399999999999,0,0,2,17.07,-0.19,C(C)(CCC)=O,13.429438543247343,AAAA{~B}A
"2,2',3,3',5,5',6,6'-PCB",-8.304,1,429.77200000000016,0,2,1,0.0,-9.15,Clc1cc(Cl)c(Cl)c(-c2c(c(cc(c2Cl)Cl)Cl)Cl)c1Cl,81.41122913505312,Zaraa{Z}a{Z}a{arZ}asa{Z}a{Z}aa{Z}asZ 
Methyl butyrate,-1.545,1,116.15999999999998,0,0,3,26.3,-0.82,O=C(OCCC)CC,18.20940819423369,AAABA{~B}AA
Triamcinolone,-2.734,1,394.43900000000014,4,4,2,115.06000000000002,-3.68,C12(F)C3(C)C(CCC1C1CC(C(C1(CC2O)C)(O)C(=O)CO)O)=CC(C=C3)=O,39.90895295902883,AAtuAA{B}Ar{G}A{AAAs~AA{~B}A~AArsA}AtAA{B}Au{B}A{~B}AB
p-Aminophenol,-1.231,1,109.128,2,1,0,46.25,-0.8,Oc1ccc(N)cc1,18.05766312594841,Daraaa{B}aar
Benznidazole,-2.321,1,260.253,1,2,5,90.06,-2.81,n1ccn(c1[N+]([O-])=O)CC(NCc1ccccc1)=O,33.30804248861912,B~A{AdraadarD{~B}~B}DAasaaaaas
"Atovaquone(0,430mg/ml) - neutral",-6.269,1,366.84400000000016,1,4,2,54.37,-5.931,c1cccc2C(=O)C(=C(C(c21)=O)C1CCC(CC1)c1ccc(Cl)cc1)O,56.98786039453718,BAu~A{ArAAA{AAr}asaaa{Z}aas}A{~B}ataaaaatAu~B
Trietazine,-3.233,1,229.715,1,1,5,53.940000000000005,-4.06,c1(Cl)nc(NCC)nc(N(CC)CC)n1,42.792109256449166,AADarda{Z}da{dr}D{AA}AA
Pyrazinamide,-0.674,1,123.11499999999998,1,1,1,68.87,-0.667,C(c1nccnc1)(=O)N,17.04855842185129,DA{~B}aradaadr
Carbromal,-2.198,1,237.097,2,0,3,72.19,-2.68,O=C(NC(=O)C(CC)(CC)Br)N,32.3216995447648,AAA{X}{AA}A{~B}DA{D}~B
"2,2'-PCB",-4.984,1,223.102,0,2,1,0.0,-5.27,c1cc(c(cc1)-c1c(cccc1)Cl)Cl,51.97268588770865,ZaraaaaarasaaaaasZ 
nitrofurantoin,-1.243,1,238.159,1,2,3,118.04999999999998,-3.38,N1C(=O)N(N=Cc2ccc([N+]([O-])=O)o2)CC1=O,37.63277693474962,B~AsAD{D~Aaraaa{br}D{~B}~B}A{~B}Ds 
Nitrofen,-5.361000000000001,1,284.098,0,2,3,52.37,-5.46,c1c(c(cc(c1)Cl)Cl)Oc1ccc(cc1)[N+]([O-])=O,53.41426403641882,Zasaaa{Baraaa{aar}D{~B}~B}a{Z}as
Camphor,-2.158,1,152.237,0,2,0,17.07,-1.96,C1C2(C(C(CC2=O)C1)(C)C)C,26.85887708649469,AAr{A}AsAAAr{A}A{~B}As
5-Allyl-5-phenylbarbital,-2.36,1,244.25,2,2,3,75.27000000000001,-2.369,C=CCC1(C(NC(NC1=O)=O)=O)c1ccccc1,29.962063732928684,B~ArDA{~B}DA{~B}Ar{AA~A}araaaaar
Pentyl propanoate,-1.899,1,130.18699999999998,0,0,4,26.3,-2.25,CCOC(=O)CCCC,29.05918057663126,AAAAA{~B}BAA
Isopentyl acetate,-1.817,1,130.18699999999998,0,0,3,26.3,-1.92,C(OCCC(C)C)(C)=O,26.555386949924127,AA{A}AABA{~B}A
3-Hexanoyloxymethylphenyltoin,-4.1530000000000005,1,380.444,1,3,8,75.71,-5.886,C(CCC)CC(=O)OCN1C(=O)NC(c2ccccc2)(C1=O)c1ccccc1,56.6464339908953,B~ArD{ABA{~B}AAAAA}A{~B}A{Dr}{asaaaaas}ataaaaat
"2,3',5-PCB",-5.7620000000000005,1,257.547,0,2,1,0.0,-6.01,c1cc(cc(Cl)c1)-c1c(ccc(Cl)c1)Cl,57.58725341426404,Zaraaaa{ar}asaa{Z}aaasZ 
1-Bromopropane,-1.949,1,122.993,0,0,1,0.0,-1.73,BrCCC,25.11380880121396,AAAX
Propiconazole,-4.603,1,342.2260000000001,0,3,5,49.17,-3.4930000000000003,c1cc(Cl)cc(Cl)c1C1(Cn2cncn2)OCC(CCC)O1,38.49013657056146,AAAArABA{Adsadads}{Br}ataaa{Z}aatZ
Formothion,-2.087,1,257.273,0,0,6,55.84,-1.995,C(CSP(=S)(OC)OC)(N(C=O)C)=O,27.12443095599393,ABK{~E}{BA}EAA{~B}D{A}A~B
4-methylpteridine,-1.24,1,146.15299999999996,0,2,0,51.56,-0.466,c1nc2c(c(C)n1)nccn2,15.52352048558422,Aardadasdaadars
Thiourea,0.3289999999999999,1,76.12400000000001,2,0,0,52.04,0.32,C(=S)(N)N,9.559939301972689,DA{~E}D
p-Xylene ,-3.035,1,106.168,0,1,0,0.0,-2.77,c1c(ccc(C)c1)C,33.00455235204856,Aaraaa{A}aar
"1,2-Diethylbenzene",-3.6010000000000004,1,134.22199999999998,0,1,2,0.0,-3.28,C(c1c(cccc1)CC)C,36.874051593323216,AAaraaaaarAA
Hexachloroethane,-4.215,1,236.74,0,0,0,0.0,-3.67,ClC(Cl)(C(Cl)(Cl)Cl)Cl,39.83308042488619,ZA{Z}{Z}A{Z}{Z}Z
Flucythrinate,-6.877999999999999,1,451.4690000000001,0,3,9,68.55000000000001,-6.876,c1c(Oc2cc(ccc2)C(OC(=O)C(C(C)C)c2ccc(cc2)OC(F)F)C#N)cccc1,64.15781487101668,AA{A}A{A{~B}BA{A^D}araaaa{Basaaaaas}ar}ataaa{BA{G}G}aat
1-Nitropropane,-0.816,1,89.09399999999998,0,0,2,43.14,-0.8,CCC[N+]([O-])=O,18.05766312594841,AAAD{~B}~B
Menthone,-2.516,1,154.253,0,1,1,17.07,-2.35,C1C(C(CC(C1)C)=O)C(C)C,29.817905918057665,AA{A}ArAAA{A}AAr~B
RTI 24,-4.423,1,273.723,1,3,1,45.23,-5.36,c1cc2C(Nc3ccc(cc3N(c2nc1)CC)Cl)=O,52.655538694992416,AADsaraa{Z}aaarDA{~B}ataaadast 
"2,3-Dichloronitrobenzene",-3.322,1,192.00100000000003,0,1,1,43.14,-3.48,c1cc(Cl)c(Cl)c([N+](=O)[O-])c1,38.39150227617603,B~D{~B}ara{Z}a{Z}aaar
thiamylal,-3.063,1,254.355,2,1,5,58.2,-3.46,CCCC(C)C1(CC=C)C(NC(=S)NC1=O)=O,38.23975720789075,AAAA{A}Ar{AA~A}A{~B}DA{~E}DAr~B 
Fluoranthene,-4.957,2,202.256,0,4,0,0.0,-6.0,c1cc2cccc3-c4ccccc4-c(c1)c32,57.5113808801214,araaasa{ar}ataaaauaaaasatu
Propylisopropylether,-1.354,1,102.17699999999998,0,0,3,9.23,-1.34,O(CCC)C(C)C,22.15477996965099,AAABA{A}A
"1,3-Dimethylnaphthalene",-4.147,1,156.22799999999998,0,2,0,0.0,-4.29,c1cc2c(cc1)cc(C)cc2C,44.537177541729896,Aaraa{A}asaaaaasar
diethylstilbestrol,-5.074,1,268.356,2,2,4,40.46,-4.07,c1(C(CC)=C(c2ccc(O)cc2)CC)ccc(O)cc1,42.867981790591806,AAA{~A{AA}araaa{B}aar}asaaa{B}aas 
Chlorothalonil,-3.995,1,265.914,0,1,0,47.58,-5.64,c1(Cl)c(C#N)c(c(Cl)c(Cl)c1C#N)Cl,54.779969650986345,ar{A^D}a{Z}a{A^D}a{Z}a{Z}a{Z}r
"2,3',4',5-PCB",-6.312,1,291.992,0,2,1,0.0,-7.25,Clc1c(cc(-c2cc(Cl)ccc2Cl)cc1)Cl,66.99544764795144,Zaraaa{Z}a{ar}asaaa{Z}a{Z}as
styrene oxide,-1.826,2,120.15099999999995,0,2,1,12.53,-1.6,c1cccc(C2CO2)c1,24.127465857359635,ArBArasaaaaas 
Isopropylbenzene ,-3.265,1,120.19499999999996,0,1,1,0.0,-3.27,CC(c1ccccc1)C,36.798179059180576,AA{A}araaaaar
Deoxycorticosterone,-3.939,1,330.4680000000001,1,4,2,54.370000000000005,-3.45,O=C1CCC2(C)C3C(CCC2=C1)C1C(C)(C(C(=O)CO)CC1)CC3,38.16388467374811,AArsAAAtA{AAAu~AA{~B}AAAtuA}AsAAArA{~B}AB
chlorquinox,-4.438,1,267.93,0,2,0,25.78,-5.43,c1(Cl)c(c(c2nccnc2c1Cl)Cl)Cl,53.186646433990894,as{Z}a{Z}a{Z}ardaadaras{Z} 
L-arabinose,0.601,1,150.13,4,1,0,90.15,0.39,OC1C(C(C(O)CO1)O)O,9.028831562974204,ArBA{B}A{B}A{B}ArB
Dichloromethane,-1.156,1,84.93299999999999,0,0,0,0.0,-0.63,C(Cl)Cl,16.76783004552352,ZAZ
1-Ethylnaphthalene ,-4.1,1,156.22799999999998,0,2,1,0.0,-4.17,c1ccc(CC)c2c1cccc2,43.62670713201821,AAaraaaasaaaaars
Methyl formate,-0.048,1,60.05200000000001,0,0,1,26.3,0.58,C(=O)OC,7.587253414264037,ABA~B
o-Nitrophenol,-2.318,1,139.11,1,1,1,63.37,-1.74,[O-][N+](c1c(O)cccc1)=O,25.189681335356603,BaraaaaarD{~B}~B
thymine,-0.78,1,126.115,2,1,0,65.72,-1.506,O=c1c(C)c[nH]c([nH]1)=O,23.414264036418817,Aara{dH}a{~B}{dH}ar~B 
2-Methylpropane,-1.891,1,58.124,0,0,0,0.0,-2.55,C(C)(C)C,31.335356600910472,AA{A}A
Inosine,-0.8340000000000001,1,268.22900000000004,4,3,2,133.75,-1.23,c12c(ncnc1n(C1OC(C(O)C1O)CO)cn2)O,21.320182094081943,BAArBA{A{B}ArB}dsadata{B}dadast
Ioxynil,-4.615,1,370.915,1,1,0,44.02,-3.61,c1(I)c(O)c(cc(c1)C#N)I,39.37784522003035,Bara{H}aa{A^D}aarH
Niclosamide,-5.032,1,327.1230000000001,2,2,3,92.47,-4.7,c1cc(c(C(Nc2ccc([N+](=O)[O-])cc2Cl)=O)cc1Cl)O,47.64795144157815,Baraaa{Z}aarA{~B}Dasaaa{aasZ}D{~B}~B
Pentane,-2.261,1,72.151,0,0,2,0.0,-3.18,C(C)CCC,36.11532625189682,AAAAA
Phenol,-1.991,1,94.113,1,1,0,20.23,0.0,c1(O)ccccc1,11.987860394537178,araaaaarB
2-aminoanthracene,-3.789,1,193.249,1,3,0,26.02,-5.17,c12ccc(cc2cc2c(c1)cccc2)N,51.21396054628224,Dataaasaaraaaaaraasat 
theobromine,-1.05,1,180.167,1,2,0,72.68,-2.523,n1(C)c2c([nH]c(n(c2nc1)C)=O)=O,31.13050075872534,Adradasd{A}a{~B}{dH}a{~B}ars 
Isoquinoline,-2.531,2,129.16199999999998,0,2,0,12.89,-1.45,c12ccncc1cccc2,22.98937784522003,araaasadaaasar
Anilofos,-5.106,1,367.86,0,1,7,38.77,-4.432,O(C)P(=S)(SCC(=O)N(c1ccc(Cl)cc1)C(C)C)OC,45.61456752655538,ABK{~E}{BA}EAA{~B}D{A{A}A}araaa{Z}aar
Hexylbenzene ,-4.22,1,162.276,0,1,5,0.0,-5.21,c1ccc(CCCCCC)cc1,51.51745068285281,AAAAAAaraaaaar
2-Chlorobiphenyl,-4.5280000000000005,1,188.657,0,2,1,0.0,-4.54,c1cc(-c2c(cccc2)Cl)ccc1,46.43399089529591,Zaraaaaarasaaaaas
2-Methyl-1-Pentene,-2.3480000000000003,1,84.16199999999999,0,0,2,0.0,-3.03,C(C(=C)C)CC,34.977238239757206,AAAA{~A}A
"2,3,4-Trimethylpentane",-3.276,1,114.232,0,0,2,0.0,-4.8,CC(C)C(C(C)C)C,48.40667678300456,AA{A}A{A}A{A}A
Pentachlorobenzene,-5.167999999999999,1,250.339,0,1,0,0.0,-5.65,Clc1cc(c(c(Cl)c1Cl)Cl)Cl,54.855842185128985,Zaraa{Z}a{Z}a{Z}arZ
m-Nitrophenol,-2.318,1,139.11,1,1,1,63.37,-1.01,[N+]([O-])(=O)c1cc(O)ccc1,19.650986342943856,Baraaaa{ar}D{~B}~B
1-Decene,-3.781,1,140.26999999999998,0,0,7,0.0,-5.51,C(C=C)CCCCCCC,53.79362670713202,AAAAAAAAA~A
Glyceryl triacetate,-1.285,1,218.205,0,0,5,78.9,-0.6,C(COC(=O)C)(OC(=O)C)COC(C)=O,16.5402124430956,AA{~B}BAA{ABA{~B}A}BA{~B}A
dimethirimol,-3.57,1,209.293,1,1,4,49.25000000000001,-2.24,c1(nc(N(C)C)nc(C)c1CCCC)O,28.98330804248862,AAAAara{A}da{darB}D{A}A 
Cyfluthrin,-6.84,1,434.29400000000015,0,3,6,59.32000000000001,-7.337000000000001,O(C(c1ccc(F)c(Oc2ccccc2)c1)C#N)C(=O)C1C(C1(C)C)C=C(Cl)Cl,67.65553869499243,AAr{A}A{A~A{Z}Z}ArA{~B}BA{A^D}asaaa{G}a{Bataaaaat}as
Pyridine,-1.481,2,79.10199999999998,0,1,0,12.89,0.76,c1cccnc1,6.22154779969651,araadaar
1-Bromoheptane,-3.366,1,179.101,0,0,5,0.0,-4.43,BrCCCCCCC,45.59939301972686,AAAAAAAX
"3,4-Dimethylpyridine",-2.067,1,107.156,0,1,0,12.89,0.36,n1cc(C)c(cc1)C,9.256449165402126,AaraadaarA
Fludrocortisone,-3.172,1,380.4560000000001,3,4,2,94.83,-3.43,C12(C(CCC2(O)C(CO)=O)C2C(C3(C(=CC(CC3)=O)CC2)C)(F)C(O)C1)C,38.01213960546282,AAtuAA{B}Ar{G}A{AAAs~AA{~B}AAArsA}AtAAAu{B}A{~B}AB 
ethiofencarb,-2.855,1,225.313,1,1,4,38.33,-2.09,C(Oc1ccccc1CSCC)(NC)=O,27.84522003034901,AAEAaraaaaarBA{~B}DA 
Malonic acid diethylester,-1.413,1,160.16899999999998,0,0,4,52.60000000000001,-0.82,C(CC(=O)OCC)(=O)OCC,18.20940819423369,AABA{~B}AA{~B}BAA
d-Limonene,-3.429,1,136.238,0,1,1,0.0,-4.26,C(C)(C1CC=C(CC1)C)=C,44.30955993930198,AAr~AAA{AAr}A{A}~A
Indan,-3.057,2,118.17899999999996,0,2,0,0.0,-3.04,C1Cc2c(cccc2)C1,35.053110773899846,ArAasaaaaasAr
p-t-Butylphenol,-3.192,1,150.22099999999998,1,1,0,20.23,-2.41,Oc1ccc(cc1)C(C)(C)C,30.273141122913508,AA{A}{A}araaa{B}aar
Cyclopropyl-5-spirobarbituric acid,-0.088,1,154.125,2,2,0,75.27,-1.886,C1CC21C(NC(=O)NC2=O)=O,26.297420333839156,B~AsDA{~B}Ar{AAr}A{~B}Ds 
m-Chloroiodobenzene,-4.384,1,238.455,0,1,0,0.0,-3.55,c1(Cl)cc(I)ccc1,38.922610015174506,Zaraaaa{H}ar
1-Bromonapthalene,-4.434,1,207.07,0,2,0,0.0,-4.35,c1(c2c(ccc1)cccc2)Br,44.992412746585735,Xaraaaasaaaaars
trans-2-Pentene ,-2.076,1,70.135,0,0,1,0.0,-2.54,C(\CC)=C/C,31.25948406676783,AALA~ALA
"2,6-Dimethylpyridine",-2.0980000000000003,1,107.156,0,1,0,12.89,0.45,Cc1nc(ccc1)C,8.573596358118362,Aaraaaa{A}dr
Trichloroethylene,-2.312,1,131.389,0,0,0,0.0,-1.96,ClC(=CCl)Cl,26.85887708649469,ZA~A{Z}Z
1-Napthylamine,-2.721,1,143.189,1,2,0,26.02,-1.92,c1cc2ccccc2c(N)c1,26.555386949924127,Daraaaasaaaaars
m-Xylene ,-3.035,1,106.168,0,1,0,0.0,-2.82,Cc1cccc(c1)C,33.38391502276176,Aaraaaa{A}ar
2-hydroxypteridine,-1.404,1,148.125,1,2,0,71.79,-1.947,c1(O)ncc2nccnc2n1,26.760242792109256,Basdaardaadards
Methanol,0.441,1,32.042,1,0,0,20.23,1.57,OC,0.0758725341426404,AB
Amobarbital,-2.312,1,226.276,2,1,4,75.27000000000001,-2.468,C1(CCC(C)C)(CC)C(NC(NC1=O)=O)=O,30.71320182094082,AAAr{AAA{A}A}A{~B}DA{~B}DAr~B
2-Butanone,-0.491,1,72.107,0,0,1,17.07,0.52,O=C(C)CC,8.04248861911988,AAA{~B}A
5-fluorouracil,-0.792,1,130.078,2,1,0,65.72,-1.077,[nH]1cc(c(=O)[nH]c1=O)F,20.159332321699544,Gara{dH}a{~B}{dH}ar~B 
tubercidin,-0.892,1,266.257,4,3,2,126.65,-1.95,c1nc(c2ccn(C3C(O)C(C(CO)O3)O)c2n1)N,26.78300455235205,Dardadasd{aaars}AtBA{AB}A{B}AtB 
"1,3-Benzenediol",-1.59,1,110.11199999999998,2,1,0,40.46,0.81,Oc1cc(ccc1)O,5.842185128983308,Baraaaa{B}ar
1-Hexanol,-1.3969999999999998,1,102.177,1,0,4,20.23,-1.24,C(CCO)CCC,21.396054628224583,AAAAAAB
1-Chloropentane,-2.294,1,106.596,0,0,3,0.0,-2.73,ClCCCCC,32.701062215478004,AAAAAZ
"1,3-Butadiene",-1.376,1,54.09199999999999,0,0,1,0.0,-1.87,C(C=C)=C,26.176024279210925,A~AA~A
Propyl acetate,-1.125,1,102.13299999999998,0,0,2,26.3,-0.72,C(COC(C)=O)C,17.450682852807283,AAABA{~B}A
"5,6,7,8-tetrahydro-2-naphthol",-3.0860000000000003,1,148.205,1,2,0,20.23,-1.99,Oc1ccc2c(CCCC2)c1,27.08649468892261,BasaaarAAAAaras 
chloroacetamide,-0.106,1,93.513,1,0,1,43.09,-0.02,O=C(CCl)N,12.13960546282246,DA{~B}AZ 
Iodofenphos,-6.148,1,413.0,0,1,4,27.69,-6.62,c1(cc(c(cc1I)Cl)OP(OC)(=S)OC)Cl,62.21547799696509,ABK{~E}{BA}Baraa{Z}a{H}aarZ
4-Chlorotoluene,-3.297,1,126.586,0,1,0,0.0,-3.08,c1cc(ccc1C)Cl,35.35660091047041,Aaraaa{Z}aar
Metribuzin,-2.324,1,214.294,1,1,1,73.8,-2.253,CC(C)(c1c(n(N)c(nn1)SC)=O)C,29.081942336874054,AEardda{a{~B}drD}A{A}{A}A
Tricresyl phosphate,-6.39,1,368.3690000000001,0,3,6,44.760000000000005,-6.01,c1(C)ccc(cc1)OP(Oc1cccc(C)c1)(Oc1ccccc1C)=O,57.58725341426404,Aaraaa{BK{~B}{Basaaaa{A}as}BataaaaatA}aar
Caproaldehyde,-1.457,1,100.161,0,0,4,17.07,-1.3,O=CCCCCC,21.851289833080425,AAAAAA~B
Butamben,-3.039,1,193.246,1,1,4,52.32,-3.082,Nc1ccc(C(=O)OCCCC)cc1,35.371775417298934,AAAABA{~B}araaa{D}aar
RTI 3,-3.049,1,255.277,1,3,0,68.45,-3.043,c12c(C(=O)N(c3ccc(cc3O2)C)C)cc(N)cn1,35.07587253414264,Bsaraa{A}aaarD{A}A{~B}ataa{D}adast 
Nerol,-2.603,1,154.253,1,0,4,20.23,-2.46,OC/C=C(\CCC=C(C)C)C,30.652503793626707,AA{A}~AAALA{A}~ARAB
"2,4'-PCB",-5.142,1,223.102,0,2,1,0.0,-5.28,Clc1ccccc1-c1ccc(Cl)cc1,52.04855842185129,Zaraaa{aar}asaaaaasZ 
3-Octanoyloxymethylphenytoin,-4.84,1,408.498,1,3,10,75.71,-6.523,O=C1NC(C(N1COC(=O)CCCCCCC)=O)(c1ccccc1)c1ccccc1,61.47951441578149,B~ArD{ABA{~B}AAAAAAA}A{~B}A{Dr}{asaaaaas}ataaaaat
Nitroethane,-0.462,1,75.067,0,0,1,43.14,-0.22,O=[N+]([O-])CC,13.657056145675266,AAD{~B}~B
Ethalfluralin,-5.063,1,333.266,0,1,6,89.51999999999998,-6.124,C(C)(CN(CC)c1c([N+]([O-])=O)cc(cc1[N+](=O)[O-])C(F)(F)F)=C,58.45220030349014,AAD{AA{A}~A}ara{aa{aarD{~B}~B}A{G}{G}G}D{~B}~B
"1,2,3,4-Tetrachlorobenzene",-4.546,1,215.894,0,1,0,0.0,-4.57,c1(Cl)c(c(c(Cl)cc1)Cl)Cl,46.66160849772383,Zaraaa{Z}a{Z}arZ
Meprobamate,-1.376,1,218.253,2,0,6,104.64,-1.807,O(CC(COC(=O)N)(C)CCC)C(=O)N,25.69802731411229,AAAA{A}{ABA{D}~B}ABA{D}~B 
pregnenolone,-4.342,1,316.48500000000007,1,4,1,37.3,-4.65,C1CC2C(CC=C3CC(O)CCC32C)C2C1(C(CC2)C(C)=O)C,47.26858877086495,AA{~B}AtAAAuAsAA~ArAA{B}AAAr{A}AsAAAtuA 
Iodomethane,-1.646,1,141.939,0,0,0,0.0,-1.0,IC,19.575113808801213,AH
cycloheximide,-1.5319999999999998,1,281.35200000000003,2,2,3,83.47,-1.13,C1C(C)CC(C(O)CC2CC(NC(=O)C2)=O)C(=O)C1C,20.561456752655538,AArAA{A}A{~B}A{Ar}A{B}AAsAA{~B}DA{~B}As 
3-Heptanoyloxymethylphenytoin,-4.496,1,394.471,1,3,9,75.71,-6.301,C(CCCC(OCN1C(=O)C(c2ccccc2)(c2ccccc2)NC1=O)=O)CC,59.79514415781488,B~ArD{ABA{~B}AAAAAA}A{~B}A{Dr}{asaaaaas}ataaaaat
isophorone,-2.015,1,138.20999999999998,0,1,0,17.07,-1.06,CC1CC(C)(C)CC(=O)C=1,20.03034901365705,AAr~AA{~B}AA{A}{A}Ar 
Butabarbital,-1.958,1,212.249,2,1,3,75.27000000000001,-2.39,C(C)C1(C(CC)C)C(=O)NC(NC1=O)=O,30.121396054628224,B~ArDA{~B}DA{~B}Ar{AA}A{A}AA
5-Nonanone,-2.329,1,142.242,0,0,6,17.07,-2.58,C(C(=O)CCCC)CCC,31.562974203338392,AAAAA{~B}AAAA
Glutethimide,-2.591,1,217.268,1,2,2,46.17,-2.337,c1cc(C2(CC)C(=O)NC(=O)CC2)ccc1,29.71927162367223,AAAr{AAA{~B}DAr~B}asaaaaas 
3-Methylpentane,-2.6,1,86.178,0,0,2,0.0,-3.68,C(CC)(C)CC,39.90895295902883,AAA{A}AA
Etofenprox,-6.896,1,376.496,0,3,9,27.69,-8.6,c1ccc(cc1COCC(c1ccc(OCC)cc1)(C)C)Oc1ccccc1,77.2382397572079,AABaraaa{aar}A{A}{A}ABAataaaa{Basaaaaas}at
Methaqualone,-3.881,1,250.301,0,3,1,34.89,-2.925,c1c(c(-n2c(=O)c3ccccc3nc2C)ccc1)C,34.180576631259484,Aaraaaaardta{A}dasaaaaasat~B
Chloroacetonitrile,-0.4479999999999999,1,75.498,0,0,0,23.79,-0.092,C(CCl)#N,12.68588770864947,ZAA^D
Trichloronate,-5.225,1,333.60400000000004,0,1,5,18.46,-5.752000000000001,c1c(c(cc(c1OP(=S)(OCC)CC)Cl)Cl)Cl,55.62974203338392,AABK{~E}{AA}Baraa{Z}a{Z}aarZ
Ethisterone,-3.858,1,312.45300000000003,1,4,0,37.3,-5.66,C12(CCC(=O)C=C1CCC1C2CCC2(C)C1CCC2(C#C)O)C,54.931714719271625,AArsAAA{~B}A~ArAAAtAsAAAu{A}AtAAAu{B}A^A 
Pyridazine,-0.619,2,80.08999999999999,0,1,0,25.78,1.1,n1ncccc1,3.6418816388467374,araaddar
"1,2,3,5-Tetrachlorobenzene",-4.621,1,215.894,0,1,0,0.0,-4.63,Clc1c(Cl)cc(Cl)cc1Cl,47.11684370257967,Zaraa{Z}a{Z}a{Z}ar
Diosgenin,-5.681,1,414.63000000000017,1,6,0,38.69,-7.32,C1C2C(CCC1O)(CC1CCC3(C4(C)C(CC3C1C=2)OC1CC(C)COC1C4)C)C,67.52655538694992,ArA{B}AAAs{A}AAtAAAu{A}Av{A}AAwBAA{A}AAwBAvAAuAtA~Asr
o-Aminophenol,-1.465,1,109.128,2,1,0,46.25,-0.72,c1ccc(c(c1)N)O,17.450682852807283,DaraaaaarB
Ethyl nonanoate,-3.3160000000000003,1,186.295,0,0,8,26.3,-3.8,CCCCCCCCC(OCC)=O,40.81942336874052,AAAAAAAAA{~B}BAA
metalaxyl,-2.87,1,279.336,0,1,5,55.84,-1.601,O=C(COC)N(C(C)C(OC)=O)c1c(cccc1C)C,24.135053110773903,ABAA{~B}D{A{A}A{~B}BA}ara{A}aaaarA 
Propoxur,-2.4090000000000003,1,209.245,1,1,3,47.56,-2.05,c1c(c(OC(NC)=O)ccc1)OC(C)C,27.54172989377845,ADA{~B}BaraaaaarBA{A}A
2-Chlorobutane,-1.94,1,92.569,0,0,1,0.0,-1.96,ClC(C)CC,26.85887708649469,AAA{A}Z
2-Napthol,-3.08,1,144.17299999999997,1,2,0,20.23,-2.28,Oc1cc2ccccc2cc1,29.286798179059183,Baraaasaaaaasar
Oxadiazon,-5.265,1,345.22600000000017,0,2,3,57.26,-5.696000000000001,c1(n(-c2cc(c(cc2Cl)Cl)OC(C)C)nc(o1)C(C)(C)C)=O,55.20485584218513,AA{A}Baraa{a{Z}aarZ}dsda{bas~B}A{A}{A}A
1-Hexyne ,-1.801,1,82.14599999999999,0,0,2,0.0,-2.36,C(CCCC)#C,29.893778452200305,AAAAA^A
1-Nonyne ,-2.864,1,124.227,0,0,5,0.0,-4.24,C(CCC)CCCC#C,44.15781487101669,AAAAAAAA^A
2-Chlorotoluene,-3.297,1,126.586,0,1,0,0.0,-3.52,c1(ccccc1Cl)C,38.69499241274658,AaraaaaarZ
Diisopropyl ether ,-1.281,1,102.177,0,0,2,9.23,-1.1,O(C(C)C)C(C)C,20.333839150227615,AA{A}BA{A}A
Dapsone,-2.464,1,248.307,2,2,2,86.18,-3.094,c1cc(ccc1N)S(=O)(c1ccc(N)cc1)=O,35.462822458270104,Daraaa{aar}E{~B}{~B}asaaa{D}aas
Methyl hydrazine,0.5429999999999999,1,46.073,2,0,0,38.05,1.34,NNC,1.8209408194233687,ADD
Propyne,-0.672,1,40.065000000000005,0,0,0,0.0,-0.41,C(C)#C,15.098634294385432,AA^A
Phoxim,-4.557,1,298.304,0,1,7,63.84,-4.862,C(#N)C(c1ccccc1)=NOP(OCC)(=S)OCC,48.877086494688925,AABK{~E}{BAA}BD~A{A^D}araaaaar
Propetamphos,-2.826,1,281.314,1,0,7,56.790000000000006,-3.408,C(=C(OP(OC)(NCC)=S)C)C(OC(C)C)=O,37.84522003034901,AADK{~E}{BA}BA{~AA{~B}BA{A}A}A
Acrolein,-0.184,1,56.064,0,0,1,17.07,0.57,C(=C)C=O,7.663125948406679,A~AA~B
Hypoxanthine,-0.6559999999999999,1,136.114,2,2,0,74.43,-2.296,c1[nH]c(=O)c2c(n1)nc[nH]2,29.408194233687404,B~ar{dH}adasda{dH}ars 
6-hydroxyquinoline,-2.725,1,145.161,1,2,0,33.120000000000005,-2.16,n1cccc2cc(O)ccc21,28.376327769347498,Basaaardaaaaras 
Fluorobenzene,-2.514,1,96.10399999999998,0,1,0,0.0,-1.8,c1ccccc1F,25.64491654021244,Garaaaaar
1-Chloropropane,-1.585,1,78.542,0,0,1,0.0,-1.47,C(C)CCl,23.14112291350531,AAAZ
Ethyl acetate,-0.77,1,88.106,0,0,1,26.3,-0.04,C(OCC)(C)=O,12.29135053110774,AABA{~B}A
"2,2-Dimethylpentane",-2.938,1,100.20499999999998,0,0,1,0.0,-4.36,C(C(C)(C)C)CC,45.068285280728375,AAAA{A}{A}A
Pentamethylbenzene,-3.993,1,148.249,0,1,0,0.0,-4.0,Cc1c(C)c(c(C)cc1C)C,42.33687405159333,Aaraa{A}a{A}a{A}arA
eucalyptol,-2.579,1,154.253,0,3,0,9.23,-1.64,C1C2(C)CCC(C1)C(C)(O2)C,24.4309559939302,AArsAAA{AAr}A{A}{A}Bs 
dibutyl sebacate,-4.726,1,314.46600000000007,0,0,15,52.60000000000001,-3.896,C(COC(CCCCCCCCC(OCCCC)=O)=O)CC,41.54779969650988,AAAABA{~B}AAAAAAAAA{~B}BAAAA
"4,4'-PCB",-5.299,1,223.102,0,2,1,0.0,-6.56,c1c(ccc(c1)Cl)-c1ccc(cc1)Cl,61.76024279210926,Zaraaa{aar}asaaa{Z}aas 
"2,3-Dimethylpyridine",-2.067,1,107.156,0,1,0,12.89,0.38,c1cc(C)c(nc1)C,9.104704097116844,AaraaadarA
Carvone,-2.042,1,150.22099999999998,0,1,1,17.07,-2.06,O=C1C(=CCC(C(=C)C)C1)C,27.61760242792109,AA{~A}ArAA~A{A}A{~B}Ar
Carbophenthion,-5.827999999999999,1,342.875,0,1,8,18.46,-5.736000000000001,C(OP(SCSc1ccc(cc1)Cl)(OCC)=S)C,55.50834597875569,AABK{~E}{BAA}EAEaraaa{Z}aar
"Etoposide (148-167,25mg/ml)",-3.292,1,588.5620000000001,3,7,5,160.83,-3.571,C1(OC2C3C(C(OC3)=O)C(c3cc(OC)c(c(c3)OC)O)c3cc4c(OCO4)cc32)OC2C(OC(OC2)C)C(O)C1O,39.08194233687406,ABaraa{aa{BA}arB}AwAsA{ABAs~B}A{BAuBAtABA{A}BAtA{B}AuB}axaavBABavaawx
Perylene,-6.007000000000001,2,252.316,0,5,0,0.0,-8.804,c1cc2c3c(cccc3c1)c1cccc3c1c2ccc3,78.78603945371776,araasaaaatauaaaavaaaa{a{ar}ast}avu
"2,4-Dinitrotoluene",-2.604,1,182.135,0,1,2,86.28,-2.82,[N+](=O)(c1c(C)ccc([N+](=O)[O-])c1)[O-],33.38391502276176,Aaraaa{aarD{~B}~B}D{~B}~B
2-bromonaphthalene,-4.434,1,207.07,0,2,0,0.0,-4.4,c1cc2c(cc(Br)cc2)cc1,45.37177541729894,ara{X}aaasaaaaars 
Formetanate,-1.846,1,221.26,1,1,3,53.93,-2.34,CN(C=Nc1cc(ccc1)OC(NC)=O)C,29.74203338391502,ADA{~B}Baraaaa{D~AD{A}A}ar
6-methoxypteridine,-1.589,1,162.15200000000002,0,2,1,60.790000000000006,-1.139,c1(nc2c(nc1)ncnc2)OC,20.62974203338392,ABasadardadaards
nevirapine,-3.397,1,266.30400000000003,1,4,1,58.120000000000005,-3.19,c12N(c3c(c(C)ccn3)NC(=O)c1cccn2)C1CC1,36.19119878603945,AataadauD{ArAAr}asdaaaasA{~B}Datu 
Isazofos,-3.76,1,313.747,0,1,7,58.4,-3.658,C(C)OP(=S)(OCC)Oc1nc(n(n1)C(C)C)Cl,39.74203338391502,AABK{~E}{BAA}Barda{Z}d{dr}A{A}A
"2-Methyl-1,3-Butadiene ",-1.714,1,68.11900000000001,0,0,1,0.0,-2.03,C(=C)(C)C=C,27.389984825493173,AA{~A}A~A
linalool,-2.399,1,154.253,1,0,4,20.23,-1.99,C(C=C(C)C)CC(C)(C=C)O,27.08649468892261,AA{A}~AAAA{B}{A}A~A
Fenthion,-4.265,1,278.335,0,1,5,27.69,-4.57,c1cc(cc(c1SC)C)OP(OC)(=S)OC,46.66160849772383,ABK{~E}{BA}Baraaa{EA}a{A}ar
Cyclohexanol ,-1.261,1,100.161,1,1,0,20.23,-0.44,C1CCCCC1O,15.326251896813352,BArAAAAAr
5-Allyl-5-methylbarbital,-1.013,1,182.179,2,1,2,75.27000000000001,-1.16,C(CC1(C(NC(NC1=O)=O)=O)C)=C,20.78907435508346,B~ArDA{~B}DA{~B}Ar{A}AA~A
Epiandrosterone,-3.882,1,290.447,1,4,0,37.3,-4.16,O=C1C2(CCC3C4(C)CCC(O)CC4CCC3C2CC1)C,43.55083459787557,AAtuAAArA{AAAsAA{B}AAArsA}AtAAAu~B
mannitol,0.647,1,182.172,6,0,5,121.38,0.06,C(C(O)C(O)C(C(O)CO)O)O,11.532625189681337,BAA{B}A{B}A{B}A{B}AB 
4-Methylbiphenyl,-4.424,1,168.239,0,2,1,0.0,-4.62,c1(ccccc1)-c1ccc(C)cc1,47.04097116843703,Aaraaa{aar}asaaaaas
Atrazine,-3.069,1,215.688,2,1,4,62.73,-3.85,Clc1nc(NCC)nc(NC(C)C)n1,41.19878603945372,AADarda{Z}da{DA{A}A}dr
Phenylthiourea,-1.7009999999999998,1,152.22199999999998,2,1,1,38.05,-1.77,c1cc(NC(N)=S)ccc1,25.417298937784523,DA{~E}Daraaaaar
4-Heptanone,-1.62,1,114.188,0,0,4,17.07,-1.3,C(CC)C(CCC)=O,21.851289833080425,AAAA{~B}AAA
"3,3-Dimethyl-2-butanone",-1.25,1,100.161,0,0,0,17.07,-0.72,CC(C)(C(C)=O)C,17.450682852807283,AA{~B}A{A}{A}A
4-Chlorophenol ,-2.761,1,128.558,1,1,0,20.23,-0.7,c1c(O)ccc(Cl)c1,17.298937784522007,Baraaa{Z}aar
Cyclohexanone,-0.996,1,98.145,0,1,0,17.07,-0.6,C1C(=O)CCCC1,16.5402124430956,B~ArAAAAAr
m-Methylaniline,-1.954,1,107.156,1,1,0,26.02,-0.85,c1ccc(cc1N)C,18.43702579666161,Aaraaaa{D}ar
Trichloroacetonitrile,-2.019,1,144.388,0,0,0,23.79,-2.168,C(Cl)(Cl)(Cl)C#N,28.43702579666161,ZA{Z}{Z}A^D
norflurazon,-4.029,1,303.67100000000005,1,2,2,46.92,-4.046,FC(F)(c1cccc(-n2c(c(Cl)c(cn2)NC)=O)c1)F,42.685887708649474,ADasadd{araaaa{ar}A{G}{G}G}a{~B}asZ
2-Decanone,-2.617,1,156.269,0,0,7,17.07,-3.3,C(CCCCC)CCC(C)=O,37.025796661608496,AAAAAAAAA{~B}A
Ipazine,-3.497,1,243.742,1,1,5,53.940000000000005,-3.785,c1(N(CC)CC)nc(nc(Cl)n1)NC(C)C,40.70561456752656,AAD{AA}arda{Z}da{DA{A}A}dr
Benzocaine,-2.383,1,165.19199999999998,1,1,2,52.32,-2.616,c1(C(OCC)=O)ccc(cc1)N,31.836115326251896,AABA{~B}araaa{D}aar
"1,2,4-Trichlorobenzene",-4.083,1,181.449,0,1,0,0.0,-3.59,Clc1cc(c(cc1)Cl)Cl,39.22610015174507,Zaraaa{Z}a{Z}ar
Triazolam,-3.948,1,343.2170000000001,0,4,1,43.07,-4.09,c1cc(c(C2c3cc(ccc3-n3c(nnc3CN=2)C)Cl)cc1)Cl,43.019726858877085,AatddauAD~A{araaaaarZ}asaa{Z}aaasdtu
"1,2-Benzenediol",-1.635,1,110.11199999999998,2,1,0,40.46,0.62,c1(c(O)cccc1)O,7.283763277693476,BaraaaaarB
Reverse Transcriptase inhibitor 1,-2.794,1,254.293,0,3,1,49.330000000000005,-2.62,c12cccnc1N(CC)c1ncccc1C(=O)N2C,31.866464339908955,AADsardaaaarD{A}A{~B}ataaadast 
Dimethyl sulfide,-0.758,1,62.137,0,0,0,0.0,-0.45,S(C)C,15.402124430955997,AEA
2-Bromotoluene,-3.667,1,171.03699999999998,0,1,0,0.0,-2.23,c1(c(cccc1)C)Br,28.90743550834598,AaraaaaarX
O-Ethyl carbamate,-0.218,1,89.09400000000001,1,0,1,52.32,0.85,NC(=O)OCC,5.538694992412748,AABA{~B}D
megestrol acetate,-4.417,1,384.5160000000002,0,4,2,60.440000000000005,-5.35,CC1=CC2C(C3(C1=CC(=O)CC3)C)CCC1(C)C(CCC21)(OC(C)=O)C(=O)C,52.579666160849776,AA{~B}BAt{AAAuAsA~A{A}Ar~AA{~B}AAAr{A}AsAAAtuA}A{A}~B 
"2,4-Dimethyl-3-pentanol",-1.6469999999999998,1,116.20399999999998,1,0,2,20.23,-1.22,CC(C)C(C(C)C)O,21.244309559939303,AA{A}A{B}A{A}A
Napthalene,-3.468,2,128.17399999999995,0,2,0,0.0,-3.6,c12c(cccc1)cccc2,39.30197268588771,araaasaaaaasar
N-Ethylaniline,-2.389,1,121.18299999999996,1,1,2,12.03,-1.7,c1cc(ccc1)NCC,24.88619119878604,AADaraaaaar
Phenytoin,-3.057,1,252.273,2,3,2,58.2,-4.097,c1cccc(C2(NC(NC2=O)=O)c2ccccc2)c1,43.07283763277693,B~ArDA{~B}A{Dr}{asaaaaas}ataaaaat
"7,12-Dimethylbenz(a)anthracene",-6.297000000000001,1,256.348,0,4,0,0.0,-7.02,Cc1c2c(cccc2)c(c2c3ccccc3ccc12)C,65.25037936267071,Aarasaaaaasa{A}ataaauaaaaauart
Dialifor,-5.026,1,393.85400000000016,0,2,8,55.84,-6.34,c12ccccc2C(=O)N(C(CCl)SP(=S)(OCC)OCC)C1=O,60.09104704097117,AABK{~E}{BAA}EA{AZ}DrA{~B}asaaaaasAr~B
Methoxychlor,-5.537999999999999,1,345.6529999999999,0,2,4,18.46,-6.89,c1cc(ccc1OC)C(c1ccc(OC)cc1)C(Cl)(Cl)Cl,64.26403641881637,ABaraaa{aar}A{asaaa{BA}aas}A{Z}{Z}Z
TEFLUBENZURON,-5.462000000000001,1,381.1120000000001,2,2,2,58.2,-7.28,Fc1c(Cl)c(c(cc1Cl)NC(=O)NC(=O)c1c(F)cccc1F)F,67.22306525037936,Garaaaa{G}arA{~B}DA{~B}Dasaa{Z}a{G}a{Z}asG 
3-Pentanoyloxymethylphenytoin,-3.81,1,366.417,1,3,7,75.71,-4.678,c1cc(ccc1)C1(C(N(COC(=O)CCCC)C(=O)N1)=O)c1ccccc1,47.481031866464335,B~ArD{ABA{~B}AAAA}A{~B}A{Dr}{asaaaaas}ataaaaat
Monuron,-2.6710000000000003,1,198.653,1,1,1,32.34,-2.89,c1(Cl)ccc(NC(=O)N(C)C)cc1,33.91502276176025,AD{A}A{~B}Daraaa{Z}aar
Flutriafol,-3.569,1,301.296,1,3,4,50.94,-3.37,n1(CC(c2ccc(cc2)F)(O)c2c(cccc2)F)ncnc1,37.55690440060698,BA{Adradadr}{asaaa{G}aas}ataaaaatG
triamcinolone diacetate,-3.876,1,478.51300000000026,2,4,4,127.20000000000002,-4.13,C1(OC(=O)C)C(C2(C)C(C3CCC4=CC(=O)C=CC4(C)C3(C(C2)O)F)C1)(O)C(COC(C)=O)=O,43.32321699544765,AA{~B}BAA{~B}At{B}A{AAuAsAAAr~AA{~B}A~AAr{A}As{G}A{B}AAtuA}BA{A}~B 
1-Bromobutane,-2.303,1,137.01999999999998,0,0,2,0.0,-2.37,BrCCCC,29.969650986342945,AAAAX
"1,2,4,5-Tetrabromobenzene",-6.001,1,393.698,0,1,0,0.0,-6.98,Brc1c(cc(Br)c(Br)c1)Br,64.94688922610015,Xaraa{X}a{X}aarX
4-Methyl-2-pentanone,-1.1840000000000002,1,100.161,0,0,2,17.07,-0.74,C(CC(C)C)(=O)C,17.602427921092566,AA{A}AA{~B}A
cycloate,-3.35,1,215.36199999999997,0,1,3,20.31,-3.4,O=C(N(CC)C1CCCCC1)SCC,37.78452200303491,AAEA{~B}D{AA}ArAAAAAr 
4-Chloroanisole,-3.057,1,142.585,0,1,1,9.23,-2.78,c1(ccc(cc1)Cl)OC,33.0804248861912,ABaraaa{Z}aar
Deltamethrin,-7.44,1,505.2060000000002,0,3,6,59.32000000000001,-8.402000000000001,c1cc(C(OC(=O)C2C(C)(C2C=C(Br)Br)C)C#N)cc(Oc2ccccc2)c1,75.73596358118363,AAr{A}A{A~A{X}X}ArA{~B}BA{A^D}asaaaa{Bataaaaat}as
Talbutal,-2.06,1,224.26,2,1,4,75.27000000000001,-2.016,C(CC1(C(C)CC)C(=O)NC(NC1=O)=O)=C,27.28376327769348,AAA{A}Ar{AA~A}A{~B}DA{~B}DAr~B
Fenitrothion,-3.845,1,277.238,0,1,5,70.83000000000001,-4.04,O=[N+](c1ccc(OP(=S)(OC)OC)cc1C)[O-],42.640364188163886,ABK{~E}{BA}Baraaa{D{~B}~B}a{A}ar
1-Iodonapthalene,-4.888999999999999,1,254.07,0,2,0,0.0,-4.55,c12ccccc1cccc2I,46.50986342943855,Haraaaasaaaaars
Sorbitol,0.647,1,182.172,6,0,5,121.38,1.09,OC(C(C(CO)O)O)C(O)CO,3.7177541729893777,BAA{B}A{B}A{B}A{B}AB
Ethanethiol,-0.968,1,62.137,1,0,0,0.0,-0.6,SCC,16.5402124430956,AAE
"1,1,2-Trichloroethane",-1.961,1,133.405,0,0,1,0.0,-1.48,ClC(Cl)CCl,23.216995447647957,ZAA{Z}Z
Pyrolan,-3.141,1,245.282,0,2,2,47.36000000000001,-2.09,C(=O)(Oc1n(-c2ccccc2)nc(C)c1)N(C)C,27.84522003034901,AD{A}A{~B}Baraa{A}ddrasaaaaas
o-Hydroxybenzamide,-1.942,1,137.13799999999998,2,1,1,63.32000000000001,-1.82,NC(c1ccccc1O)=O,25.79666160849773,DA{~B}araaaaarB
o-Nitrotoluene,-2.589,1,137.138,0,1,1,43.14,-2.33,c1(C)ccccc1[N+](=O)[O-],29.666160849772385,AaraaaaarD{~B}~B
"5,5-Diisopropylbarbital",-1.942,1,212.249,2,1,2,75.27000000000001,-2.766,C1(NC(=O)NC(=O)C1(C(C)C)C(C)C)=O,32.974203338391504,B~ArDA{~B}DA{~B}Ar{A{A}A}A{A}A
2-Ethyltoluene,-3.2960000000000003,1,120.19499999999996,0,1,1,0.0,-3.21,Cc1ccccc1CC,36.34294385432474,AAaraaaaarA
1-Chloroheptane,-3.003,1,134.65,0,0,5,0.0,-4.0,C(CCCCCCl)C,42.33687405159333,AAAAAAAZ
Barbital,-1.265,1,184.195,2,1,2,75.27000000000001,-2.4,C(C)C1(C(=O)NC(NC1=O)=O)CC,30.197268588770864,B~ArDA{~B}DA{~B}Ar{AA}AA
Bibenzyl ,-4.301,2,182.266,0,2,3,0.0,-4.62,c1(CCc2ccccc2)ccccc1,47.04097116843703,A{Aaraaaaar}asaaaaas
"1,1,2,2-Tetrachloroethane",-2.549,1,167.85,0,0,1,0.0,-1.74,C(Cl)(C(Cl)Cl)Cl,25.189681335356603,ZA{Z}A{Z}Z
RTI 23,-4.228,1,283.331,1,3,2,54.46,-5.153,c1(C)c2NC(=O)c3cccnc3N(CC)c2cc(OC)c1,51.08497723823975,AADsaraa{BA}aa{A}arDA{~B}ataaadast 
2-Methylphenanthrene,-4.87,1,192.261,0,3,0,0.0,-5.84,c1cc2c3c(ccc2cc1C)cccc3,56.29742033383915,Aaraaasa{aaataaaaats}ar
dibutylphthalate,-4.378,1,278.348,0,1,8,52.60000000000001,-4.4,c1(C(=O)OCCCC)ccccc1C(OCCCC)=O,45.37177541729894,AAAABA{~B}araaaaarA{~B}BAAAA 
tetrachloroguaiacol,-4.299,1,261.919,1,1,1,29.46,-4.02,Clc1c(c(Cl)c(O)c(c1Cl)OC)Cl,42.48861911987861,ABara{B}a{Z}a{Z}a{Z}arZ 
Dimecron,-2.426,1,299.6909999999999,0,0,8,65.07000000000001,0.523,COP(=O)(OC)OCC=C(Cl)C(N(CC)CC)=O,8.019726858877085,AAD{AA}A{~B}A{~AABK{~B}{BA}BA}Z
Equilin,-3.555,1,268.356,1,4,0,37.3,-5.282,C1(C2(CCC3C(=CCc4c3ccc(c4)O)C2CC1)C)=O,52.06373292867982,AAtuAAArA{~AAasaa{B}aaars}AtAAAu~B
Chlorimuron-ethyl (ph 7),-3.719,1,414.82700000000017,1,2,8,127.79,-4.5760000000000005,c1cc(c(cc1)C(=O)OCC)S(NN(C=O)c1nc(Cl)cc(OC)n1)(=O)=O,46.70713201820941,AABA{~B}araaaaarE{~B}{~B}DD{A~B}asda{Z}aa{BA}ds
p-Nitroanisole,-2.522,1,153.13699999999997,0,1,2,52.37,-2.41,O(c1ccc(cc1)[N+](=O)[O-])C,30.273141122913508,ABaraaa{aar}D{~B}~B
1-Chlorohexane,-2.648,1,120.623,0,0,4,0.0,-3.12,C(CCl)CCCC,35.66009104704097,AAAAAAZ
"2,2',3,3',4,4',5,5'-PCB",-8.468,1,429.77200000000016,0,2,1,0.0,-9.16,Clc1c(c(Cl)cc(c1Cl)-c1c(c(c(Cl)c(Cl)c1)Cl)Cl)Cl,81.48710166919575,Zaraa{a{Z}a{Z}arZ}asaa{Z}a{Z}a{Z}asZ
Raffinose,0.496,1,504.4380000000001,11,3,8,268.67999999999995,-0.41,C(OC1C(O)C(C(O)C(O1)CO)O)C1C(O)C(C(C(OC2(CO)C(O)C(C(O2)CO)O)O1)O)O,15.098634294385432,BAArBA{AB}{BAsBA{ABAtBA{AB}A{B}A{B}AtB}A{B}A{B}AsB}A{B}ArB
hexacosane,-9.702,1,366.7180000000002,0,0,23,0.0,-8.334,C(CCCCCCCCCCCCCCCCCCCCCCC)CC,75.22003034901365,AAAAAAAAAAAAAAAAAAAAAAAAAA
RTI 5,-3.471,1,253.30499999999995,0,3,1,36.44,-3.324,c12C(N(c3ccccc3N(CC)c2nccc1)C)=O,37.207890743550834,AADsaraaaaarD{A}A{~B}ataaadast 
"1,1-Dichloroethane",-1.5759999999999998,1,98.96,0,0,0,0.0,-1.29,C(Cl)(Cl)C,21.775417298937786,AA{Z}Z
Sulfanilamide,-0.954,1,172.20899999999995,2,1,1,86.18,-1.34,O=S(N)(c1ccc(cc1)N)=O,22.15477996965099,Daraaa{aar}E{D}{~B}~B
Isopropalin,-5.306,1,309.36600000000004,0,1,8,89.51999999999998,-6.49,c1c([N+]([O-])=O)c(c(cc1C(C)C)[N+]([O-])=O)N(CCC)CCC,61.22913505311077,AAAD{AAA}ara{aa{aarD{~B}~B}A{A}A}D{~B}~B
Lindane,-4.009,1,290.832,0,1,0,0.0,-4.64,ClC1C(Cl)C(C(C(C1Cl)Cl)Cl)Cl,47.19271623672231,ZArA{Z}A{Z}A{Z}A{Z}ArZ
Isofenphos,-4.538,1,345.4010000000002,1,1,8,56.790000000000006,-4.194,P(NC(C)C)(=S)(Oc1c(C(OC(C)C)=O)cccc1)OCC,43.80880121396054,AABK{~E}{DA{A}A}BaraaaaarA{~B}BA{A}A
"1,2,3-Trichlorobenzene",-4.008,1,181.449,0,1,0,0.0,-4.0,c1(Cl)c(Cl)c(Cl)ccc1,42.33687405159333,Zaraaaa{Z}arZ
Tetrachloromethane,-2.607,1,153.823,0,0,0,0.0,-2.31,C(Cl)(Cl)(Cl)Cl,29.514415781487106,ZA{Z}{Z}Z
"3,4-Dichloronitrobenzene",-3.448,1,192.001,0,1,1,43.14,-3.2,c1c(Cl)c(ccc1[N+]([O-])=O)Cl,36.2670713201821,B~D{~B}araa{Z}a{Z}aar
Cyclooctanol,-2.14,1,128.215,1,1,0,20.23,-1.29,C1CCCCCCC1O,21.775417298937786,BArAAAAAAAr
17a-Methyltestosterone,-4.073,1,302.4580000000001,1,4,0,37.3,-3.999,C1(O)(C2(C)CCC3C4(C(CCC3C2CC1)=CC(CC4)=O)C)C,42.329286798179055,AAr{B}AAAsAtAAAu~AA{~B}AAAu{A}AtAAAsrA
Dulcin,-2.167,1,180.207,2,1,3,64.35,-2.17,CCOc1ccc(cc1)NC(=O)N,28.452200303490137,AABaraaa{DA{D}~B}aar
"trans-1,4-Dimethylcyclohexane",-3.305,1,112.216,0,1,0,0.0,-4.47,C1CC(CCC1C)C,45.90288315629742,ALArAAA{RA}AAr
"1,7-phenantroline",-2.994,2,180.21,0,3,0,25.78,-2.68,c1c2c(ncc1)c1c(nccc1)cc2,32.3216995447648,aradasa{ar}aaatdaaaast
Methyl t-butyl ether ,-0.984,1,88.14999999999999,0,0,0,9.23,-0.24,CC(C)(OC)C,13.808801213960546,ABA{A}{A}A
Anethole,-3.254,1,148.20499999999998,0,1,2,9.23,-3.13,O(C)c1ccc(C=CC)cc1,35.73596358118361,ABaraaa{A~AA}aar
1-Hexadecanol,-4.94,1,242.44699999999992,1,0,14,20.23,-7.0,C(CCCCCCCCCC)CCCCCO,65.09863429438543,AAAAAAAAAAAAAAAAB
uracil,-0.441,1,112.088,2,1,0,65.72,-1.4880000000000002,c1cc([nH]c([nH]1)=O)=O,23.27769347496207,B~araa{dH}a{~B}{dH}r 
adenine,-1.255,1,135.13,2,2,0,80.47999999999999,-2.12,c1nc2c([nH]1)c(N)ncn2,28.07283763277693,Dardadasda{dH}ars 
"2,2',3,4,5-PCB",-6.709,1,326.437,0,2,1,0.0,-7.21,c1ccc(c(c1-c1c(Cl)cc(Cl)c(Cl)c1)Cl)Cl,66.69195751138088,Zaraa{Z}a{aarZ}asaaaa{Z}asZ 
Ancymidol,-2.181,1,256.30499999999995,1,3,4,55.24,-2.596,n1cc(C(O)(c2ccc(OC)cc2)C2CC2)cnc1,31.68437025796662,ABaraaa{aar}A{B}{AsAAs}atadadat 
Benzo(b)fluoranthene,-6.007000000000001,2,252.316,0,5,0,0.0,-8.23,c1cccc2-c3cc4ccccc4c4cccc(-c12)c43,74.4309559939302,araaasa{ar}ataaaauatasaavaaaaavu
Carbanilide,-3.611,1,212.252,2,2,2,41.13,-3.15,C(=O)(Nc1ccccc1)Nc1ccccc1,35.8877086494689,B~A{Daraaaaar}Dasaaaaas
phenobarbital,-2.272,1,232.239,2,2,2,75.27000000000001,-2.322,c1(ccccc1)C1(C(NC(=O)NC1=O)=O)CC,29.60546282245827,AAAr{A{~B}DA{~B}DAr~B}asaaaaas 
"2',3,4-PCB",-5.686,1,257.547,0,2,1,0.0,-6.29,Clc1c(Cl)c(-c2ccc(cc2)Cl)ccc1,59.71168437025797,Zaraaa{aar}asaaaa{Z}asZ 
Isoproturon,-2.867,1,206.289,1,1,2,32.34,-3.536,c1c(NC(N(C)C)=O)ccc(C(C)C)c1,38.81638846737481,AA{A}araaa{DA{~B}D{A}A}aar
Azintamide,-2.231,1,259.762,0,1,5,46.09,-1.716,n1c(ccc(SCC(=O)N(CC)CC)n1)Cl,25.007587253414265,AAD{AA}A{~B}AEaraaa{Z}ddr
"2,2-Dimethyl-1-butanol",-1.365,1,102.17699999999998,1,0,2,20.23,-1.04,C(C(C)(CO)C)C,19.878603945371776,AAA{A}{A}AB
Ethyl pentanoate,-1.899,1,130.18699999999998,0,0,4,26.3,-1.75,C(C)COC(CCC)=O,25.265553869499243,AAABA{~B}AAA
"2,4,6-Trinitrotoluene",-2.6060000000000003,1,227.132,0,1,3,129.42000000000002,-3.22,c1(c(C)c(cc(c1)[N+](=O)[O-])[N+]([O-])=O)[N+](=O)[O-],36.41881638846738,Aara{aa{aarD{~B}~B}D{~B}~B}D{~B}~B
Bensulide,-4.99,1,397.52400000000006,1,1,10,64.63,-4.2,c1c(cccc1)S(=O)(=O)NCCSP(=S)(OC(C)C)OC(C)C,43.85432473444613,AA{A}BK{~E}{BA{A}A}EAADE{~B}{~B}araaaaar
Cycloheptane,-2.9160000000000004,2,98.189,0,1,0,0.0,-3.51,C1CCCCCC1,38.61911987860395,ArAAAAAAr
Propyl formate,-0.757,1,88.10599999999998,0,0,3,26.3,-0.49,C(C)COC=O,15.705614567526558,AAABA~B
2-Isopropyltoluene,-3.585,1,134.22199999999995,0,1,1,0.0,-3.76,c1cccc(C)c1C(C)C,40.51593323216996,AA{A}araaaaarA
m-Chloroaniline,-2.392,1,127.574,1,1,0,26.02,-1.37,c1ccc(N)cc1Cl,22.382397572078908,Daraaaa{Z}ar
"2,4-Dimethylpentane",-2.938,1,100.20499999999998,0,0,2,0.0,-4.26,C(C)(C)CC(C)C,44.30955993930198,AA{A}AA{A}A
Dibenzofurane,-4.2010000000000005,2,168.195,0,3,0,13.14,-4.6,c1cc2c(oc3c2cccc3)cc1,46.88922610015175,brasaaaaasataaaaart
ethofumesate,-3.184,1,286.34900000000005,0,2,4,61.830000000000005,-3.42,CS(=O)(Oc1ccc2OC(OCC)C(c2c1)(C)C)=O,37.93626707132018,AABAsBaraaa{BE{A}{~B}~B}aarAs{A}A
Fluometuron,-3.065,1,232.205,1,1,1,32.34,-3.43,c1(C(F)(F)F)cccc(c1)NC(N(C)C)=O,38.01213960546282,AD{A}A{~B}Daraaaa{ar}A{G}{G}G
Acridine,-3.846,2,179.22199999999998,0,3,0,12.89,-3.67,c1cc2c(cc3c(n2)cccc3)cc1,39.83308042488619,ataaasdaraaaaaraasat
Cortisone,-2.893,1,360.45000000000016,2,4,2,91.67,-3.11,C(C1(CCC2C3CCC4=CC(=O)CCC4(C)C3C(CC12C)=O)O)(=O)CO,35.584218512898325,AArsAA{~B}AtA{AAAu~AA{~B}AAAtuA}AsAAAr{B}A{~B}AB
glucose,0.501,1,180.156,5,1,1,110.38,0.74,C1(OC(O)C(O)C(O)C1O)CO,6.373292867981792,BAArBA{B}A{B}A{B}ArB
3-Methylphenol,-2.313,1,108.14,1,1,0,20.23,-0.68,c1(cccc(c1)C)O,17.147192716236724,Aaraaaa{B}ar
Indapamide,-4.345,1,365.842,2,3,3,92.5,-3.5860000000000003,Clc1c(cc(cc1)C(=O)NN1c2ccccc2CC1C)S(=O)(N)=O,39.19575113808801,AAsAaraaaaarDsDA{~B}ataaa{Z}a{at}E{D}{~B}~B 
Lovastatin,-4.731,1,404.54700000000025,1,3,6,72.83,-6.005,C(C1OC(=O)CC(O)C1)CC1C(C=CC2=CC(CC(OC(=O)C(CC)C)C21)C)C,57.54931714719272,AAA{A}A{~B}BAsAA{A}A~AtA~AA{A}A{AAArAA{B}AA{~B}Br}Ast 
"1,4-Dinitrobenzene",-2.281,1,168.10799999999995,0,1,2,86.28,-3.39,[O-][N+](=O)c1ccc(cc1)[N+]([O-])=O,37.70864946889227,B~D{~B}araaa{aar}D{~B}~B
Reposal,-2.781,1,262.309,2,3,2,75.27000000000001,-2.696,C1C2CC(C1)C(=CC2)C1(CC)C(NC(=O)NC1=O)=O,32.44309559939302,AAAr{A{~B}DA{~B}DAr~B}As~AAAtAAAsAt
Ethyl decanoate,-3.671,1,200.322,0,0,9,26.3,-4.1,C(CCCCCC(OCC)=O)CCC,43.095599393019725,AAAAAAAAAA{~B}BAA
Fenuron,-1.847,1,164.208,1,1,1,32.34,-1.6,c1cccc(NC(N(C)C)=O)c1,24.127465857359635,AD{A}A{~B}Daraaaaar
Ethyl propyl ether,-1.072,1,88.14999999999999,0,0,3,9.23,-0.66,C(C)COCC,16.995447647951444,AAABAA
2-Propanol,-0.261,1,60.096,1,0,0,20.23,0.43,C(C)(O)C,8.725341426403643,AA{A}B
2-Methylnapthalene,-3.802,1,142.201,0,2,0,0.0,-3.77,c1cc(C)cc2ccccc12,40.5918057663126,Aaraaasaaaaasar
Chlorodibromethane,-2.54,1,208.28,0,0,0,0.0,-1.9,BrC(Br)Cl,26.403641881638848,ZA{X}X
Hexestrol,-4.854,1,270.372,2,2,5,40.46,-4.43,c1(O)ccc(C(C(c2ccc(O)cc2)CC)CC)cc1,45.59939301972686,AAA{A{AA}araaa{B}aar}asaaa{B}aas
Malathion,-3.391,1,330.3640000000001,0,0,9,71.06,-3.37,COP(SC(C(OCC)=O)CC(OCC)=O)(=S)OC,37.55690440060698,AABA{~B}AA{EK{~E}{BA}BA}A{~B}BAA
Benzylchloride,-2.887,1,126.58599999999996,0,1,1,0.0,-2.39,c1ccc(CCl)cc1,30.121396054628224,ZAaraaaaar
t-Crotonaldehyde,-0.604,1,70.09100000000001,0,0,1,17.07,0.32,C(\C=O)=C/C,9.559939301972689,ALA~ALA~B
Chlorbromuron,-3.938,1,293.548,1,1,2,41.57,-3.924,c1(c(cc(cc1)NC(N(C)OC)=O)Cl)Br,41.76024279210925,ABD{A}A{~B}Daraaa{X}a{Z}ar
"9,10-Dimethylanthracene",-5.228,1,206.288,0,3,0,0.0,-6.57,c12c(cccc2)c(c2ccccc2c1C)C,61.8361153262519,Aarasaaaaasa{A}ataaaaart
Methyl hexanoate,-1.899,1,130.18699999999998,0,0,4,26.3,-1.87,C(=O)(CCCCC)OC,26.176024279210925,AAAAAA{~B}BA
Dimefuron,-3.831,1,338.79500000000013,1,2,2,80.37,-4.328,CC(C)(C)c1nn(-c2c(cc(NC(=O)N(C)C)cc2)Cl)c(o1)=O,44.82549317147193,AD{A}A{~B}Daraaa{a{Z}ar}dsda{bas~B}A{A}{A}A
p-Fluoroacetanilide,-2.181,1,153.156,1,1,1,29.1,-1.78,c1(ccc(NC(C)=O)cc1)F,25.49317147192717,AA{~B}Daraaa{G}aar
alachlor,-3.319,1,269.77199999999993,0,1,6,29.54,-3.26,O=C(CCl)N(COC)c1c(CC)cccc1CC,36.722306525037936,AAaraaaa{AA}arD{ABA}A{~B}AZ 
Cyclohexene,-2.16,2,82.146,0,1,0,0.0,-2.59,C1CCCCC=1,31.638846737481032,ArAAA~AAr
Hydrocortisone ,-3.159,1,362.4660000000002,3,4,2,94.83,-3.09,C1CC(O)(C(=O)CO)C2(C1C1C(C(C2)O)C2(C)C(=CC(CC2)=O)CC1)C,35.43247344461305,AArsAA{B}AtA{AAAu~AA{~B}AAAtuA}AsAAAr{B}A{~B}AB
Pyrimidine,-0.884,2,80.08999999999999,0,1,0,25.78,1.1,c1ncncc1,3.6418816388467374,aradadar
p-Chloronitrobenzene,-2.901,1,157.55599999999998,0,1,1,43.14,-2.92,c1cc([N+](=O)[O-])ccc1Cl,34.14264036418817,Zaraaa{aar}D{~B}~B
Methyl propionate,-0.836,1,88.106,0,0,1,26.3,-0.14,C(=O)(OC)CC,13.050075872534146,AAA{~B}BA
o-Chloronitrobenzene,-2.775,1,157.55599999999998,0,1,1,43.14,-2.55,c1cccc(c1[N+]([O-])=O)Cl,31.335356600910472,ZaraaaaarD{~B}~B
Neburon,-4.157,1,275.179,1,1,4,32.34,-4.77,Clc1c(ccc(NC(N(C)CCCC)=O)c1)Cl,48.17905918057663,AAAAD{A}A{~B}Daraaa{Z}a{Z}ar
Buthidazole,-2.398,1,256.331,1,2,1,69.56,-1.877,OC1CN(C)C(N1c1nnc(C(C)(C)C)s1)=O,26.22913505311077,ADrAA{B}D{Ar~B}asdda{ss}A{A}{A}A
Nitrobenzene,-2.2880000000000003,1,123.11099999999996,0,1,1,43.14,-1.8,c1([N+]([O-])=O)ccccc1,25.64491654021244,B~D{~B}araaaaar
Iodobenzene,-3.8,1,204.01,0,1,0,0.0,-3.01,c1ccc(cc1)I,34.825493171471926,Haraaaaar
Metolazone,-3.777,1,365.8420000000001,2,3,2,92.5,-3.78,c1(N2C(Nc3cc(Cl)c(cc3C2=O)S(=O)(N)=O)C)c(cccc1)C,40.66767830045524,AAsDaraa{Z}a{aarA{~B}DsataaaaatA}E{D}{~B}~B 
Methocarbamol,-1.4280000000000002,1,241.24299999999997,2,1,6,91.01,-0.985,c1cc(OC)c(OCC(COC(N)=O)O)cc1,19.461305007587253,ABaraaaaarBAA{B}ABA{D}~B
butachlor,-4.347,1,311.85300000000007,0,1,9,29.54,-4.19,c1(cccc(CC)c1N(C(CCl)=O)COCCCC)CC,43.77845220030349,AAAABAD{A{~B}AZ}ara{AA}aaaarAA 
"2,3-Dichlorophenol",-3.144,1,163.003,1,1,0,20.23,-1.3,c1c(c(Cl)c(cc1)Cl)O,21.851289833080425,Baraaaa{Z}arZ
Propyl butyrate,-1.1909999999999998,1,102.13299999999998,0,0,2,26.3,-1.92,O(C)C(=O)CCC,26.555386949924127,AAAA{~B}BA
Propanil,-3.644,1,218.083,1,1,2,29.1,-3.0,CCC(=O)Nc1cc(Cl)c(cc1)Cl,34.749620637329286,AAA{~B}Daraaa{Z}a{Z}ar
Triamterene,-3.051,1,253.26900000000003,3,3,1,129.62,-2.404,Nc1nc2nc(nc(N)c2nc1-c1ccccc1)N,30.22761760242792,Datda{D}asda{araaaaar}a{D}dasdt
Ethyl hexanoate,-2.254,1,144.21399999999997,0,0,5,26.3,-2.35,O=C(OCC)CCCCC,29.817905918057665,AAAAAA{~B}BAA
chloralose,-1.887,1,309.529,3,2,2,88.38000000000001,-1.84,ClC(C1OC2C(O)C(OC2O1)C(O)CO)(Cl)Cl,25.948406676783005,BAA{B}AsBArBA{BArAsB}A{Z}{Z}Z 
Amitraz,-5.533,1,293.41400000000004,0,2,4,27.96,-5.47,C(N(C=Nc1ccc(cc1C)C)C)=Nc1ccc(cc1C)C,53.49013657056146,AD{A~Daraaa{A}aarA}A~Dasaaa{A}aasA
Prometon,-3.448,1,225.296,2,1,5,71.96000000000001,-2.478,CC(Nc1nc(nc(NC(C)C)n1)OC)C,30.789074355083457,ABarda{DA{A}A}da{DA{A}A}dr
1-Octene ,-3.073,1,112.216,0,0,5,0.0,-4.44,C(CCC=C)CCC,45.6752655538695,AAAAAAA~A
p-Methylaniline ,-1.954,1,107.156,1,1,0,26.02,-1.21,c1c(C)ccc(c1)N,21.168437025796663,Aaraaa{D}aar
aminothiazole,-1.226,1,100.146,1,1,0,38.91,-0.36,c1(N)nccs1,14.719271623672231,Dardaasr 
Metolcarb,-1.947,1,151.165,1,1,1,38.33,-1.803,c1(OC(NC)=O)ccccc1,25.66767830045524,araaaaar{BA{~B}DA}
3-Hexanol,-1.324,1,102.177,1,0,3,20.23,-0.8,CCC(CCC)O,18.05766312594841,AAAA{B}AA
9-anthrol,-4.148,1,194.233,1,3,0,20.23,-4.73,c1c2c(ccc1)c(c1ccccc1c2)O,47.87556904400607,ataaasa{B}araaaaaraasat 
2-Methylanthracene,-4.87,1,192.261,0,3,0,0.0,-6.96,Cc1ccc2cc3c(cccc3)cc2c1,64.79514415781486,Aaraaasaataaaaataasar
"1,2,3-Trimethylbenzene ",-3.312,1,120.195,0,1,0,0.0,-3.2,Cc1c(C)c(ccc1)C,36.2670713201821,Aaraaaa{A}arA
Aminocarb,-2.677,1,208.261,1,1,2,41.57,-2.36,Cc1cc(OC(=O)NC)ccc1N(C)C,29.893778452200305,ADA{~B}Baraaa{D{A}A}a{A}ar
2-Nonanol,-2.387,1,144.258,1,0,6,20.23,-2.74,C(CC)CCCCC(C)O,32.77693474962064,AAAAAAAA{A}B
Methyldymron,-3.863,1,268.36,1,2,3,32.34,-3.35,c1cc(C(C)(NC(N(c2ccccc2)C)=O)C)ccc1,37.4051593323217,AD{A{~B}DA{A}{A}araaaaar}asaaaaas
3-Hexanone,-1.266,1,100.161,0,0,3,17.07,-0.83,CCC(=O)CCC,18.28528072837633,AAAA{~B}AA
bromoxynil,-3.793,1,276.915,1,1,0,44.02,-3.33,c1(c(Br)cc(cc1Br)C#N)O,37.25341426403642,Bara{X}aa{A^D}aarX 
"3,4-PCB",-5.223,1,223.102,0,2,1,0.0,-6.39,c1cc(ccc1)-c1ccc(Cl)c(c1)Cl,60.47040971168437,Zaraaa{aarZ}asaaaaas 
Mefenacet,-4.504,1,298.367,0,3,4,42.43000000000001,-4.873,c1ccc2sc(OCC(N(c3ccccc3)C)=O)nc2c1,48.96054628224584,AD{A{~B}ABardasaaaaassr}ataaaaat
5-hydroxyquinoline,-2.725,1,145.161,1,2,0,33.120000000000005,-2.54,c1ccc(O)c2c1nccc2,31.25948406676783,Baraaaasdaaaars 
Carboxin,-2.927,1,235.308,1,2,2,38.33,-3.14,C1OC(=C(C(Nc2ccccc2)=O)SC1)C,35.81183611532626,AAr~A{EAABr}A{~B}Dasaaaaas
Ethoxyzolamide,-3.085,1,258.324,1,2,3,82.28,-3.81,S(c1sc2cc(ccc2n1)OCC)(N)(=O)=O,40.89529590288316,AABasaaarda{saras}E{D}{~B}~B 
Pentachlorophenol,-4.835,1,266.338,1,1,0,20.23,-4.28,c1(Cl)c(c(O)c(c(Cl)c1Cl)Cl)Cl,44.46130500758726,Bara{Z}a{Z}a{Z}a{Z}arZ
Bromochloromethane,-1.519,1,129.384,0,0,0,0.0,-0.89,C(Br)Cl,18.74051593323217,ZAX
metharbital,-1.658,1,198.222,1,1,2,66.48,-2.23,CCC1(C(=O)NC(N(C)C1=O)=O)CC,28.90743550834598,AAAr{AA}A{~B}DA{~B}D{A}Ar~B 
deoxycorticosterone acetate,-4.472,1,372.5050000000002,0,4,3,60.440000000000005,-4.63,C12C(CCC3C1CCC1C3(C)CCC(C=1)=O)(C)C(C(COC(=O)C)=O)CC2,47.11684370257967,AA{~B}BAA{~B}AtAAAuAsAAAr~AA{~B}AAAr{A}AsAAAtuA 
benzylurea,-1.509,1,150.18099999999998,2,1,2,55.120000000000005,-0.95,c1ccc(cc1)CNC(=O)N,19.195751138088013,DA{~B}DAaraaaaar 
Chlortoluron,-3.048,1,212.68,1,1,1,32.34,-3.483,CN(C(Nc1cc(Cl)c(C)cc1)=O)C,38.41426403641882,AD{A}A{~B}Daraaa{A}a{Z}ar
Linuron,-3.5810000000000004,1,249.097,1,1,2,41.57,-3.592,c1(NC(N(OC)C)=O)cc(c(cc1)Cl)Cl,39.2412746585736,ABD{A}A{~B}Daraaa{Z}a{Z}ar
Cycloheptanol,-1.7,1,114.188,1,1,0,20.23,-0.88,C1CCCCC(O)C1,18.66464339908953,BArAAAAAAr
Thiamphenicol,-1.936,1,356.2270000000001,3,1,6,103.70000000000002,-2.154,O=C(C(Cl)Cl)NC(C(c1ccc(cc1)S(C)(=O)=O)O)CO,28.33080424886191,AE{~B}{~B}araaa{aar}A{B}A{AB}DA{~B}A{Z}Z 
thiopental,-2.96,1,242.344,2,1,4,58.2,-3.36,C(C)CC(C1(C(=O)NC(NC1=O)=S)CC)C,37.481031866464335,AAAA{A}Ar{AA}A{~B}DA{~E}DAr~B 
acetazolamide,-0.7929999999999999,1,222.251,2,1,2,115.04,-2.36,C(=O)(C)Nc1nnc(s1)S(=O)(=O)N,29.893778452200305,AA{~B}Dardda{sr}E{D}{~B}~B 
p-Nitrophenol,-2.318,1,139.11,1,1,1,63.37,-0.74,Oc1ccc([N+]([O-])=O)cc1,17.602427921092566,Baraaa{aar}D{~B}~B
Aldrin,-5.511,1,364.914,0,4,0,0.0,-6.307,C12C(C3(C(Cl)(C1(Cl)C(Cl)=C3Cl)Cl)Cl)C1CC2C=C1,59.84066767830046,ZAr~A{Z}As{Z}AtAuAA{A~Au}AtAr{Z}As{Z}Z
Tetrahydrofurane ,-0.62,2,72.107,0,1,0,9.23,0.49,O1CCCC1,8.2701062215478,ArAABAr
o-Nitroaniline,-2.277,1,138.126,1,1,1,69.16,-1.96,[N+](=O)([O-])c1ccccc1N,26.85887708649469,DaraaaaarD{~B}~B
"2,2',3,3'-PCB",-6.079,1,291.992,0,2,1,0.0,-7.28,c1(cccc(-c2cccc(c2Cl)Cl)c1Cl)Cl,67.22306525037936,Zaraaaa{arZ}asaaaa{Z}asZ
phenylbutazone,-4.0760000000000005,1,308.38100000000003,0,3,5,40.620000000000005,-3.81,O=C1C(CCCC)C(=O)N(c2ccccc2)N1c1ccccc1,40.89529590288316,AAAAArA{~B}D{D{Ar~B}asaaaaas}ataaaaat 
"2,6-Dinitrotoluene",-2.553,1,182.135,0,1,2,86.28,-3.0,O=[N+]([O-])c1c(c(ccc1)[N+](=O)[O-])C,34.749620637329286,Aara{aaaarD{~B}~B}D{~B}~B
Progesterone,-4.17,1,314.46900000000005,0,4,1,34.14,-4.42,C12C(C3CCC(C3(CC1)C)C(=O)C)CCC1C2(C)CCC(C=1)=O,45.52352048558422,AA{~B}ArAAAsAtAAAu~AA{~B}AAAu{A}AtAAArsA
Chlorazine,-3.663,1,257.76899999999995,0,1,6,45.150000000000006,-4.4110000000000005,CCN(CC)c1nc(nc(N(CC)CC)n1)Cl,45.455235204855846,AAD{AA}arda{Z}da{dr}D{AA}AA
captafol,-4.365,1,349.06600000000014,0,2,3,37.38,-5.4,C(SN1C(C2CC=CCC2C1=O)=O)(Cl)(Cl)C(Cl)Cl,52.959028831562975,ZA{Z}A{Z}{Z}EDsA{~B}ArAA~AAArAs~B 
"1,2,4-tribromobenzene",-5.144,1,314.802,0,1,0,0.0,-4.5,c1(Br)cc(c(Br)cc1)Br,46.13050075872534,ar{X}a{X}aa{X}aar
Oxazepam,-3.517,1,286.718,2,3,1,61.690000000000005,-3.952,c1(C2=NC(O)C(Nc3c2cc(cc3)Cl)=O)ccccc1,41.97268588770866,BAtD~A{araaaaar}asaa{Z}aaasDAt~B 
Secobarbital,-2.415,1,238.28699999999995,2,1,5,75.27000000000001,-2.356,C(C)(C1(C(NC(NC1=O)=O)=O)CC=C)CCC,29.86342943854325,B~ArDA{~B}DA{~B}Ar{A{A}AAA}AA~A
Carvacrol,-3.224,1,150.22099999999998,1,1,1,20.23,-2.08,c1(O)c(C)ccc(c1)C(C)C,27.76934749620637,ar{B}a{A}aaa{A{A}A}ar
rhodanine,-0.396,1,133.197,1,1,0,29.1,-1.77,C1(=S)SCC(=O)N1,25.417298937784523,ArEA{~E}DAr{~B}
Morin,-2.7310000000000003,1,302.23800000000006,5,3,1,131.36,-3.083,c1(c2c(cc(cc2O)O)oc(c1O)-c1ccc(O)cc1O)=O,35.379362670713206,Baraaa{a{B}ar}atbasaa{B}aa{B}asa{~B}atB 
Kepone,-5.112,1,490.6390000000001,0,6,0,17.07,-5.259,C12(C3(C4(Cl)C(C1(Cl)Cl)(C1(Cl)C4(C(C3(Cl)C12Cl)=O)Cl)Cl)Cl)Cl,51.88922610015175,ZAr{A{~B}As{Z}At{Z}AruZ}Av{Z}As{Z}At{Z}A{Z}{Z}AuvZ
Disulfiram,-3.862,1,296.5520000000001,0,0,4,6.48,-4.86,CCN(C(SSC(=S)N(CC)CC)=S)CC,48.8619119878604,AAD{AA}A{~E}EEA{~E}D{AA}AA
Cyclohexane,-2.477,2,84.162,0,1,0,0.0,-3.1,C1CCCCC1,35.50834597875569,ArAAAAAr
Dienochlor,-7.848,1,474.64,0,2,1,0.0,-7.278,ClC1C(=C(Cl)C(C=1Cl)(Cl)C1(Cl)C(Cl)=C(Cl)C(=C1Cl)Cl)Cl,67.20789074355083,ZAr~A{Z}A{Z}{A{~ArZ}Z}As{Z}A{~A{Z}A{~AsZ}Z}Z
chlordimeform,-3.164,1,196.681,0,1,2,15.6,-2.86,N(C)(C=Nc1ccc(Cl)cc1C)C,33.68740515933232,AD{A}A~Daraaa{Z}aarA
Equilenin,-3.927,1,266.34,1,4,0,37.3,-5.24,C12(C)C(CCC2c2ccc3c(ccc(c3)O)c2CC1)=O,51.74506828528073,AAtuAAara{aaasaa{B}aaars}AtAAAu~B
1-Octanol,-2.105,1,130.23100000000002,1,0,6,20.23,-2.39,C(CCCCO)CCC,30.121396054628224,AAAAAAAAB
Diethyl sulfide,-1.598,1,90.191,0,0,2,0.0,-1.34,C(C)SCC,22.15477996965099,AAEAA
"1,2-Dichloroethane",-1.374,1,98.96,0,0,1,0.0,-1.06,C(Cl)CCl,20.03034901365705,ZAAZ
2-Chloro-2-methylbutane,-2.278,1,106.596,0,0,1,0.0,-2.51,ClC(C)(CC)C,31.03186646433991,AAA{A}{A}Z
1-Chloro-2-bromoethane,-1.7380000000000002,1,143.411,0,0,1,0.0,-1.32,C(Cl)CBr,22.00303490136571,ZAAX
p-Nitroaniline,-1.936,1,138.126,1,1,1,69.16,-2.37,c1cc(N)ccc1[N+]([O-])=O,29.969650986342945,Daraaa{aar}D{~B}~B
Lactose,1.071,1,342.297,8,2,4,189.53,-0.244,O1C(C(C(C(C1CO)OC1OC(C(O)C(C1O)O)CO)O)O)O,13.839150227617605,BAArBA{BAsA{B}A{B}A{B}BAsAB}A{B}A{B}ArB
RTI 2,-3.125,1,268.32,0,3,2,49.330000000000005,-2.86,O=C1N(c2c(nccc2)N(c2c1cccn2)CC)CC,33.68740515933232,AADsardaaaarD{AA}A{~B}ataaadast 
Chlorobenzene,-2.975,1,112.55899999999995,0,1,0,0.0,-2.38,c1ccccc1Cl,30.045523520485585,Zaraaaaar
1-Nonene ,-3.427,1,126.243,0,0,6,0.0,-5.05,C(CCCCC)CC=C,50.30349013657056,AAAAAAAA~A
p-Bromoiodobenzene,-4.754,1,282.90599999999995,0,1,0,0.0,-4.56,c1cc(Br)ccc1I,46.58573596358119,Xaraaa{H}aar
3-Methyl-3-pentanol,-1.308,1,102.17699999999998,1,0,2,20.23,-0.36,CCC(O)(CC)C,14.719271623672231,AAA{A}{B}AA
Pentylbenzene,-3.899,1,148.249,0,1,4,0.0,-4.64,c1ccc(cc1)CCCCC,47.19271623672231,AAAAAaraaaaar
allantoin,0.652,1,158.117,4,1,1,113.32,-1.6,O=C1NC(NC(=O)N)C(N1)=O,24.127465857359635,DA{~B}DArDA{~B}DAr~B 
Glafenine,-5.052,1,372.80800000000016,3,3,6,91.68,-4.571000000000001,O(C(=O)c1c(cccc1)Nc1ccnc2c1ccc(c2)Cl)CC(O)CO,46.66919575113809,BAA{B}ABA{~B}araaaaarDasaadataa{Z}aaast
DDD,-6.007999999999999,1,320.04600000000005,0,2,3,0.0,-7.2,c1cc(ccc1C(C(Cl)Cl)c1ccc(cc1)Cl)Cl,66.61608497723824,ZA{Z}A{araaa{Z}aar}asaaa{Z}aas
testosterone acetate,-4.449,1,330.4680000000001,0,4,1,43.370000000000005,-5.184,C1(OC(=O)C)C2(C(C3CCC4C(C3CC2)(C)CCC(C=4)=O)CC1)C,51.32018209408194,AA{~B}BAtAAAuAsAAAr~AA{~B}AAAr{A}AsAAAtuA 
1-Chloronapthalene,-4.063,1,162.61899999999997,0,2,0,0.0,-3.93,c1cc2c(c(c1)Cl)cccc2,41.80576631259484,Zaraaaasaaaaars
RTI 19,-4.007,1,252.31699999999995,0,3,1,23.55,-4.749,c12ccccc1N(c1ccccc1N(C2=O)C)CC,48.019726858877085,AADsaraaaaarD{A}A{~B}ataaaaast 
2-Hexanol,-1.324,1,102.17699999999998,1,0,3,20.23,-0.89,CC(CCCC)O,18.74051593323217,AAAAA{A}B
Propylcyclopentane,-3.16,1,112.216,0,1,2,0.0,-4.74,C1(CCC)CCCC1,47.95144157814871,AAAArAAAAr
Etomidate,-3.359,1,244.294,0,2,4,44.12,-4.735,c1(C(C)n2cncc2C(=O)OCC)ccccc1,47.913505311077394,AABA{~B}aradadrA{A}asaaaaas
"3,4-Dichlorophenol",-3.352,1,163.003,1,1,0,20.23,-1.25,c1cc(cc(c1Cl)Cl)O,21.471927162367223,Baraaa{Z}a{Z}ar
Cypermethrin,-6.775,1,416.30400000000014,0,3,6,59.32000000000001,-8.017000000000001,C(C#N)(OC(C1C(C=C(Cl)Cl)C1(C)C)=O)c1cc(ccc1)Oc1ccccc1,72.81487101669197,AAr{A}A{A~A{Z}Z}ArA{~B}BA{A^D}asaaaa{Bataaaaat}as
Benzoxazole,-2.214,2,119.12299999999998,0,2,0,26.03,-1.16,o1c2ccccc2nc1,20.78907435508346,asaaarbadaras
1-Pentanol,-1.042,1,88.14999999999999,1,0,3,20.23,-0.6,C(CCCC)O,16.5402124430956,AAAAAB
"N,N-Diethylaniline",-3.16,1,149.237,0,1,3,3.24,-3.03,C(C)N(c1ccccc1)CC,34.977238239757206,AAD{AA}araaaaar
"1,3-Difluorobenzene",-2.636,1,114.094,0,1,0,0.0,-2.0,c1c(cc(cc1)F)F,27.16236722306525,Garaaaa{G}ar
3-chloropropionitrile,-0.522,1,89.525,0,0,1,23.79,-0.29,C(CCl)C#N,14.188163884673749,ZAAA^D 
t-Pentylbenzene,-3.867,1,148.249,0,1,1,0.0,-4.15,c1(ccccc1)CC(C)(C)C,43.47496206373293,AA{A}{A}Aaraaaaar
5-Ethyl-5-phenylbarbital,-2.272,1,232.239,2,2,2,75.27000000000001,-2.322,O=C1C(C(=O)NC(=O)N1)(c1ccccc1)CC,29.60546282245827,B~ArDA{~B}DA{~B}Ar{AA}araaaaar
o-Chloroiodobenzene,-4.384,1,238.455,0,1,0,0.0,-3.54,c1ccc(I)c(Cl)c1,38.846737481031866,ZaraaaaarH
Benzotriazole,-2.21,2,119.127,1,2,0,41.57,-0.78,c1c2c(ccc1)[nH]nn2,17.90591805766313,asaaar{dH}ddaras
Carbofuran,-3.05,1,221.25599999999997,1,2,1,47.56,-2.8,c1ccc2CC(C)(C)Oc2c1OC(NC)=O,33.23216995447648,ADA{~B}BaraaaasAA{A}{A}Bars
"2,6-Dimethylphenol",-2.589,1,122.167,1,1,0,20.23,-1.29,c1(cccc(c1O)C)C,21.775417298937786,Aaraaaa{A}arB
3-Methyl-2-butanol,-0.954,1,88.14999999999999,1,0,1,20.23,-0.18,C(C)(C(C)O)C,13.353566009104703,AA{A}A{A}B
benzhydrol,-3.033,1,184.238,1,2,2,20.23,-2.55,c1cccc(C(c2ccccc2)O)c1,31.335356600910472,araaaaarA{B}asaaaaas
Methyl decanoate,-3.3160000000000003,1,186.295,0,0,8,26.3,-4.69,CCCCCCCCCC(OC)=O,47.57207890743551,AAAAAAAAAA{~B}BA
Dicapthon,-4.188,1,297.656,0,1,5,70.83000000000001,-4.31,c1cc([N+](=O)[O-])cc(c1OP(OC)(=S)OC)Cl,44.688922610015176,ABK{~E}{BA}Baraaa{aarZ}D{~B}~B
1-Bromo-2-methylpropane,-2.2880000000000003,1,137.01999999999998,0,0,1,0.0,-2.43,C(C(C)C)Br,30.424886191198787,AA{A}AX
Iodoethane,-2.066,1,155.966,0,0,0,0.0,-1.6,C(I)C,24.127465857359635,AAH
Pirimicarb,-2.34,1,238.291,0,1,2,58.56000000000001,-1.95,c1(nc(C)c(C)c(OC(N(C)C)=O)n1)N(C)C,26.78300455235205,AD{A}A{~B}Barda{da{A}arA}D{A}A
1-Bromohexane,-3.012,1,165.074,0,0,4,0.0,-3.81,C(Br)CCCCC,40.89529590288316,AAAAAAX
2-Methylpentane,-2.6,1,86.178,0,0,2,0.0,-3.74,C(C)(C)CCC,40.36418816388468,AAAA{A}A
Tetrafluthrin,-6.339,1,418.7360000000001,0,2,4,26.3,-7.321000000000001,FC(C(Cl)=CC1C(C)(C)C1C(OCc1c(F)c(F)c(c(F)c1F)C)=O)(F)F,67.5341426403642,Aara{G}a{G}a{ABA{~B}AsA{A~A{Z}A{G}{G}G}As{A}A}a{G}arG
Metolachlor,-3.431,1,283.7989999999999,0,1,6,29.54,-2.73,O(C)CC(C)N(C(CCl)=O)c1c(C)cccc1CC,32.701062215478004,AAaraaaa{A}arD{A{A}ABA}A{~B}AZ 
nifuroxime,-1.843,1,156.09699999999998,1,1,2,88.87,-2.19,c1c(C=NO)oc(c1)[N+](=O)[O-],28.603945371775417,BD~Aaraaa{br}D{~B}~B 
Fluvalinate,-8.057,1,502.9200000000002,1,3,8,71.35,-8.003,c1cc(NC(C(C)C)C(OC(C#N)c2cccc(Oc3ccccc3)c2)=O)c(cc1C(F)(F)F)Cl,72.70864946889226,AA{A}A{Daraaa{aarZ}A{G}{G}G}A{~B}BA{A^D}asaaaa{Bataaaaat}as
Amitrole,-0.674,1,84.082,2,1,0,67.59,0.522,n1c(nc[nH]1)N,8.027314112291352,Darda{dH}dr
Tribromomethane,-2.904,1,252.731,0,0,0,0.0,-1.91,C(Br)(Br)Br,26.479514415781487,XA{X}X
Trichlorfon,-1.866,1,257.437,1,0,3,55.760000000000005,-0.22,O(C)P(=O)(OC)C(C(Cl)(Cl)Cl)O,13.657056145675266,ABK{~B}{BA}A{B}A{Z}{Z}Z
Phosalone,-5.024,1,367.8160000000001,0,2,7,53.6,-5.233,C(C)OP(=S)(OCC)SCn1c2ccc(Cl)cc2oc1=O,51.69195751138088,AABK{~E}{BAA}EAdra{~B}basaa{Z}aaars
Phenylmethanol,-1.699,1,108.13999999999996,1,1,1,20.23,-0.4,c1c(cccc1)CO,15.022761760242792,BAaraaaaar
Coumatetralyl,-5.194,1,292.33400000000006,1,4,1,50.44,-2.84,c1(=O)oc2ccccc2c(O)c1C1c2ccccc2CCC1,33.53566009104704,B~asa{AtAAAauaaaaaut}a{B}araaaaarbs 
4-Bromophenol,-3.132,1,173.009,1,1,0,20.23,-1.09,c1cc(O)ccc1Br,20.25796661608498,Baraaa{X}aar
2-Bromopropane,-1.949,1,122.993,0,0,0,0.0,-1.59,BrC(C)C,24.051593323216995,AA{A}X
"2,2,4-Trimethylpentane",-3.276,1,114.232,0,0,1,0.0,-4.74,CC(C)(C)CC(C)C,47.95144157814871,AA{A}AA{A}{A}A
"1,3,5-Trinitrobenzene",-2.324,1,213.105,0,1,3,129.42000000000002,-2.89,c1c([N+](=O)[O-])cc(cc1[N+](=O)[O-])[N+](=O)[O-],33.91502276176025,B~D{~B}araa{aa{ar}D{~B}~B}D{~B}~B
Nimetazepam,-3.557,1,295.29800000000006,0,3,2,75.81,-3.796,CN1c2c(cc([N+]([O-])=O)cc2)C(c2ccccc2)=NCC1=O,40.78907435508346,ADsA{~B}AD~A{araaaaar}ataa{aaast}D{~B}~B
Propane,-1.5530000000000002,1,44.097,0,0,0,0.0,-1.94,C(C)C,26.70713201820941,AAA
Minoxidil,-1.809,1,209.253,2,2,1,95.11,-1.989,c1c([n+]([O-])c(nc1N1CCCCC1)N)N,27.078907435508345,Daraa{da{D}dr~B}DsAAAAAs 
1-aminoacridine,-3.542,1,194.237,1,3,0,38.91,-4.22,n1c2ccccc2cc2c1cccc2N,44.00606980273141,Dasaaaatdaraaaaaraast 
Benzo(k)fluoranthene,-6.007000000000001,2,252.316,0,5,0,0.0,-8.49,c1c2c3c(ccc2)-c2cc4c(cccc4)cc2-c3cc1,76.40364188163885,araaasaatauaaaavaaaa{ataasar}auv
Dicofol,-6.268,1,370.49,1,2,2,20.23,-5.666,c1(ccc(C(c2ccc(Cl)cc2)(O)C(Cl)(Cl)Cl)cc1)Cl,54.97723823975721,BA{araaa{Z}aar}{asaaa{Z}aas}A{Z}{Z}Z
Acenapthene,-3.792,2,154.21199999999996,0,3,0,0.0,-4.63,c1ccc2CCc3cccc1c23,47.11684370257967,ArAasaaaataaaarast
Dialifos,-5.026,1,393.85400000000016,0,2,8,55.84,-6.34,C(N1C(c2c(cccc2)C1=O)=O)(SP(OCC)(=S)OCC)CCl,60.09104704097117,AABK{~E}{BAA}EA{AZ}DsA{~B}araaaaarAs~B
"1,4-Dibromobenzene",-4.298,1,235.906,0,1,0,0.0,-4.07,c1(ccc(Br)cc1)Br,42.867981790591806,Xaraaa{X}aar
Methazole,-3.6010000000000004,1,261.064,0,2,1,57.14,-2.82,c1cc(c(cc1-n1c(n(c(o1)=O)C)=O)Cl)Cl,33.38391502276176,Adsa{~B}bd{araaa{Z}a{Z}ar}as~B
p-Phenylphenol,-3.701,1,170.211,1,2,1,20.23,-3.48,c1cc(-c2ccccc2)ccc1O,38.39150227617603,Baraaa{aar}asaaaaas
pyracarbolid,-2.83,1,217.26800000000003,1,2,2,38.33,-2.56,c1ccc(NC(=O)C2CCCOC=2C)cc1,31.41122913505312,AAr~A{AAABr}A{~B}Dasaaaaas 
Ethyl vinyl ether,-0.857,1,72.10700000000001,0,0,2,9.23,-0.85,C(C)OC=C,18.43702579666161,AABA~A
1-Butyne,-1.092,1,54.09199999999999,0,0,0,0.0,-1.24,C(C#C)C,21.396054628224583,AAA^A
4-methoxypteridine,-1.589,1,162.15200000000002,0,2,1,60.790000000000006,-1.11,c1(c2c(nccn2)ncn1)OC,20.40971168437026,ABardadasdaadars 
3-Methyl-3-heptanol,-2.017,1,130.23099999999997,1,0,4,20.23,-1.6,C(CCC(CC)(O)C)C,24.127465857359635,AAAAA{A}{B}AA
"1,4-Dichlorobenzene",-3.5580000000000003,1,147.00400000000002,0,1,0,0.0,-3.27,c1cc(Cl)ccc1Cl,36.798179059180576,Zaraaa{Z}aar
3-Ethanoyloxymethylphenytoin,-2.7230000000000003,1,324.33600000000007,1,3,4,75.71,-4.47,C(OC(=O)C)N1C(=O)NC(C1=O)(c1ccccc1)c1ccccc1,45.90288315629742,B~ArD{ABA{~B}A}A{~B}A{Dr}{asaaaaas}ataaaaat
"Sparsomycin (3,8mg/ml)",-1.57,1,361.4450000000001,4,1,8,132.11999999999998,-1.981,C(=O)(NC(CO)CS(CSC)=O)C=Cc1c([nH]c(=O)[nH]c1=O)C,27.018209408194235,AEAE{~B}AA{AB}DA{~B}A~Aara{A}{dH}a{~B}{dH}ar~B
3-methylindole,-2.9810000000000003,1,131.17799999999997,1,2,0,15.79,-2.42,c1c2c(c[nH]c2ccc1)C,30.349013657056148,Aara{dH}asaaaaars 
2-methoxypteridine,-1.589,1,162.152,0,2,1,60.790000000000006,-1.11,c12c(nccn2)nc(OC)nc1,20.40971168437026,ABasdaardaadards
Dioxacarb,-1.614,1,223.22799999999995,1,2,2,56.790000000000006,-1.57,C1OC(c2ccccc2OC(=O)NC)OC1,23.89984825493172,ADA{~B}BaraaaaarAsBAABs
isocarbamid,-1.508,1,185.227,2,1,2,61.440000000000005,-2.15,N1C(N(CC1)C(=O)NCC(C)C)=O,28.300455235204858,ArD{A{~B}DAA{A}A}A{~B}DAr
Acetonitrile,0.152,1,41.053,0,0,0,23.79,0.26,C(C)#N,10.015174506828528,AA^D
Fenoxycarb,-4.662,1,301.34200000000004,1,2,7,56.790000000000006,-4.7,CCOC(=O)NCCOc1ccc(cc1)Oc1ccccc1,47.64795144157815,AABA{~B}DAABasaaa{Baraaaaar}aas
acetyl sulfisoxazole,-2.024,1,293.34800000000007,1,2,3,89.43,-3.59,c1(C)c(c(on1)N(S(c1ccc(cc1)N)=O)C(C)=O)C,39.22610015174507,AA{~B}D{E{~B}araaa{D}aar}asbda{A}asA 
"1,1,1,2-Tetrachloroethane",-2.794,1,167.85,0,0,0,0.0,-2.18,C(Cl)(Cl)(Cl)CCl,28.528072837632777,ZAA{Z}{Z}Z
1-Butanol,-0.688,1,74.12299999999999,1,0,2,20.23,0.0,C(CO)CC,11.987860394537178,AAAAB
Siduron,-3.779,1,232.32700000000003,2,2,2,41.13,-4.11,C(=O)(Nc1ccccc1)NC1CCCCC1C,43.171471927162365,AArAAAAArDA{~B}Dasaaaaas
"1,3,5-Trichlorobenzene",-4.159,1,181.449,0,1,0,0.0,-4.48,Clc1cc(Cl)cc(c1)Cl,45.97875569044006,Zaraa{Z}aa{Z}ar
Furfural,-1.391,1,96.08499999999998,0,1,1,30.21,-0.1,c1ccoc1C=O,12.746585735963585,B~Aaraaabr
3-Methylbutan-1-ol,-1.027,1,88.14999999999999,1,0,2,20.23,-0.51,C(O)CC(C)C,15.857359635811836,AA{A}AAB
piperonal,-2.033,1,150.13299999999998,0,2,1,35.53,-1.63,c1c2c(OCO2)cc(C=O)c1,24.35508345978756,B~AasaaarBABaras 
2-Methylpropene,-1.5730000000000002,1,56.108,0,0,0,0.0,-2.33,C(C)(C)=C,29.666160849772385,AA{~A}A
Benzaldehyde,-1.999,1,106.12399999999997,0,1,1,17.07,-1.19,c1c(C=O)cccc1,21.01669195751138,B~Aaraaaaar
"2,3-Dimethyl-1,3-Butadiene",-2.052,1,82.146,0,0,1,0.0,-2.4,C(C)(=C)C(C)=C,30.197268588770864,AA{~A}A{~A}A
Benfuracarb,-5.132999999999999,1,410.5360000000002,0,2,8,68.31,-4.71,O=C(N(SN(CCC(=O)OCC)C(C)C)C)Oc1c2c(CC(C)(O2)C)ccc1,47.72382397572079,AABA{~B}AAD{ED{A}A{~B}BaraaaasAA{A}{A}Basr}A{A}A
RTI 10,-2.7710000000000004,1,226.235,0,3,0,42.43,-3.672,c12c(nccc2)Oc2ccccc2N(C1=O)C,39.84825493171471,BsaraaaaarD{A}A{~B}ataaadast 
Fluorene ,-4.125,2,166.22299999999998,0,3,0,0.0,-5.0,c12-c3ccccc3Cc2cccc1,49.92412746585736,Arasaaaaasataaaaart
Methylcyclohexane ,-2.891,1,98.189,0,1,0,0.0,-3.85,C1CC(C)CCC1,41.19878603945372,AArAAAAAr
sulfaguanidine,-0.706,1,214.25,4,1,2,122.06,-1.99,c1cc(N)ccc1S(NC(=N)N)(=O)=O,27.08649468892261,DA{~D}DE{~B}{~B}araaa{D}aar 
Methylparaben,-2.441,1,152.149,1,1,1,46.53,-1.827,Oc1ccc(cc1)C(OC)=O,25.84977238239757,ABA{~B}araaa{B}aar
2-Methyltetrahydrofurane,-1.034,1,86.134,0,1,0,9.23,0.11,O1C(C)CCC1,11.153262518968134,AArAAABr
Santonin,-2.43,1,246.30599999999995,0,3,0,43.370000000000005,-3.09,C1(=O)C(C)=C2C3C(CCC2(C)C=C1)C(C(=O)O3)C,35.43247344461305,AAtAsAAAr{A}A~AA{~B}A{~ArAsBAt~B}A
Salicin,-0.975,1,286.28,5,2,4,119.61,-0.85,OC1C(C(O)C(Oc2ccccc2CO)OC1CO)O,18.43702579666161,BAAsBA{BaraaaaarAB}A{B}A{B}AsB
1-Iodopropane,-2.486,1,169.993,0,0,1,0.0,-2.29,C(CC)I,29.362670713201823,AAAH
Ametryn,-3.43,1,227.337,2,1,5,62.73,-3.04,n1c(NCC)nc(SC)nc1NC(C)C,35.053110773899846,AADarda{DA{A}A}da{EA}dr
1-Propanol,-0.3339999999999999,1,60.096,1,0,1,20.23,0.62,C(C)CO,7.283763277693476,AAAB
Hydroxyprogesterone-17a,-3.876,1,330.4680000000001,1,4,1,54.37,-3.817,C1CC(C(C)=O)(O)C2(C1C1CCC3C(C1CC2)(CCC(C=3)=O)C)C,40.94840667678301,AA{~B}Ar{B}AAAsAtAAAu~AA{~B}AAAu{A}AtAAAsrA
2-Pentanol,-0.97,1,88.14999999999999,1,0,2,20.23,-0.29,CC(CCC)O,14.188163884673749,AAAA{A}B
benzoin,-3.148,1,212.248,1,2,3,37.3,-2.85,c1cccc(C(C(c2ccccc2)=O)O)c1,33.61153262518968,BA{A{~B}araaaaar}asaaaaas
"2,4-Dimethylphenol",-2.6210000000000004,1,122.167,1,1,0,20.23,-1.19,c1c(cc(C)c(O)c1)C,21.01669195751138,Aaraaa{B}a{A}ar
m-Chloronitrobenzene ,-2.901,1,157.55599999999998,0,1,1,43.14,-2.77,c1cc(Cl)cc([N+](=O)[O-])c1,33.00455235204856,Zaraaaa{ar}D{~B}~B
ampyrone,-1.192,1,203.245,1,2,1,52.95,-0.624,n1(c(c(c(n1C)C)N)=O)-c1ccccc1,16.722306525037936,Aasa{D}a{~B}d{araaaaar}dsA
"2,2',4,5'-PCB",-6.23,1,291.992,0,2,1,0.0,-6.57,c1(-c2ccc(Cl)cc2Cl)cc(Cl)ccc1Cl,61.8361153262519,Zaraaa{a{Z}ar}asaa{Z}aaasZ 
"Hexachloro-1,3-butadiene",-4.546,1,260.762,0,0,1,0.0,-4.92,C(Cl)(Cl)=C(C(=C(Cl)Cl)Cl)Cl,49.31714719271624,ZA{~A{Z}A{~A{Z}Z}Z}Z
Terbutryn,-3.75,1,241.364,2,1,4,62.73,-4.0,n1c(SC)nc(nc1NCC)NC(C)(C)C,42.33687405159333,AADarda{DA{A}{A}A}da{EA}dr
3-Methyl-2-pentanol,-1.308,1,102.177,1,0,3,20.23,-0.71,C(C(CC)C)CO,17.374810318664643,AAA{A}AAB
2-methylpteridine,-1.24,1,146.153,0,2,0,51.56,-0.12,c12c(cnc(C)n1)nccn2,12.898330804248864,Aasdaardaadards
Danazol,-4.557,1,337.4630000000001,1,5,0,46.260000000000005,-5.507000000000001,C1C2C(Cc3c(onc3)C=2)(C2CCC3(C(CCC3C2C1)(C#C)O)C)C,53.77086494688923,AAstAaradbarA~AsAAAuAtAAAv{A}AuAAAv{B}A^A
1-Iodobutane,-2.841,1,184.02,0,0,2,0.0,-2.96,C(CI)CC,34.44613050075873,AAAAH
2-Bromonapthalene,-4.434,1,207.07,0,2,0,0.0,-4.4,c1cc(Br)cc2c1cccc2,45.37177541729894,Xaraaasaaaaasar
"Digoxin (L1=41,8mg/mL, L2=68,2mg/mL, Z=40,1mg/mL)",-5.312,1,780.9490000000001,6,8,7,203.06,-4.081,OC1C(O)C(OC(OC2C(CC(OC2C)OC2C(CC(OC2C)OC2CCC3(C)C(C2)CCC2C3CC(O)C3(C)C2(CCC3C2=CC(=O)OC2)O)O)O)C1)C,42.95144157814871,AArBA{AA{B}ArB}BAsA{B}AA{BAsA}BAyA{B}AA{BAxAAAt{A}A{AAAuAtAA{B}Av{A}A{AAAuvB}Aw~AA{~B}BAw}Ax}BAyA 
Benzyltrifluoride,-3.099,1,146.111,0,1,0,0.0,-2.51,FC(c1ccccc1)(F)F,31.03186646433991,GA{G}{G}araaaaar
Dihexyl phthalate,-5.757999999999999,1,334.45600000000024,0,1,12,52.60000000000001,-6.144,C(CCCOC(=O)c1c(C(=O)OCCCCCC)cccc1)CC,58.60394537177542,AAAAAABA{~B}araaaaarA{~B}BAAAAAA
Dibenzothiophene,-4.597,2,184.263,0,3,0,0.0,-4.38,c1cc2c3ccccc3sc2cc1,45.220030349013655,araaasa{ar}sataaaaast
"2,3',4,4'-PCB",-6.709,1,326.437,0,2,1,0.0,-7.8,Clc1ccc(c(c1Cl)Cl)-c1c(Cl)cc(Cl)cc1,71.16843702579665,Zaraaa{a{Z}ar}asaaa{Z}a{Z}asZ 
"2,2',3,3',4,4'-PCB",-7.192,1,360.88200000000006,0,2,1,0.0,-8.01,c1(Cl)ccc(-c2ccc(Cl)c(c2Cl)Cl)c(Cl)c1Cl,72.7617602427921,Zaraaa{a{Z}arZ}asaaa{Z}a{Z}asZ 
Warfarin,-3.913,1,308.3330000000001,1,3,4,67.50999999999999,-3.893,c1(C(c2c(oc3c(c2O)cccc3)=O)CC(=O)C)ccccc1,41.52503793626708,AA{~B}AA{araaaaar}ata{B}asaaaaasbat~B 
hydrobenzoin,-2.645,1,214.264,2,2,3,40.46,-1.93,c1(ccccc1)C(C(O)c1ccccc1)O,26.631259484066767,araaaaarA{B}A{B}asaaaaas
Dimethyl phthalate,-2.347,1,194.18599999999995,0,1,2,52.60000000000001,-1.66,c1(c(C(=O)OC)cccc1)C(=O)OC,24.58270106221548,ABA{~B}araaaaarA{~B}BA
Ethyl octanoate,-2.962,1,172.26799999999997,0,0,7,26.3,-3.39,C(CCCCC)CC(OCC)=O,37.70864946889227,AAAAAAAA{~B}BAA
Diethyldisulfide,-2.364,1,122.258,0,0,3,0.0,-2.42,C(C)SSCC,30.349013657056148,AAEEAA
"1,2-Diethoxyethane ",-0.833,1,118.176,0,0,5,18.46,-0.77,O(CCOCC)CC,17.830045523520486,AABAABAA
"1,2,4,5-Tetrachlorobenzene",-4.621,1,215.894,0,1,0,0.0,-5.56,c1c(c(cc(c1Cl)Cl)Cl)Cl,54.17298937784522,Zaraa{Z}a{Z}aarZ
p-benzidine,-2.613,1,184.242,2,2,1,52.04,-2.7,c1(ccc(cc1)-c1ccc(N)cc1)N,32.47344461305008,Daraaa{aar}asaaa{D}aas
1-Heptene,-2.718,1,98.189,0,0,4,0.0,-3.73,C(CC)CCC=C,40.28831562974204,AAAAAA~A
Ethirimol,-2.732,1,209.293,2,1,5,57.78,-3.028,C(c1c(C)nc(NCC)[nH]c1=O)CCC,34.962063732928684,AAAAara{A}da{DAA}{dH}ar~B
Pentobarbital,-2.312,1,226.27599999999995,2,1,4,75.27000000000001,-2.39,N1C(=O)C(CC)(C(C)CCC)C(NC1=O)=O,30.121396054628224,B~ArDA{~B}DA{~B}Ar{AA}A{A}AAA
o-Chloroaniline,-2.392,1,127.574,1,1,0,26.02,-1.52,c1(c(Cl)cccc1)N,23.520485584218516,DaraaaaarZ
3-Chloroanisole,-3.057,1,142.58499999999998,0,1,1,9.23,-2.78,O(C)c1cccc(c1)Cl,33.0804248861912,ABaraaaa{Z}ar
Pebulate,-3.131,1,203.351,0,0,6,20.31,-3.53,C(CC)SC(N(CCCC)CC)=O,38.770864946889226,AAAAD{AA}A{~B}EAAA
Butyl acetate,-1.111,1,102.13299999999998,0,0,4,26.3,-1.37,C(OCCCC)=O,22.382397572078908,AAAABA~B
Prednisolone,-2.974,1,360.4500000000002,3,4,2,94.83,-3.18,C1CC(C(CO)=O)(C2(C)CC(C3C(CCC4C3(C=CC(C=4)=O)C)C21)O)O,36.11532625189682,AArsAA{B}AtA{AAAu~AA{~B}A~AAtuA}AsAAAr{B}A{~B}AB
Bromodichloromethane,-2.176,1,163.82899999999998,0,0,0,0.0,-1.54,C(Cl)(Cl)Br,23.6722306525038,XA{Z}Z
adrenosterone,-2.99,1,300.3980000000001,0,4,0,51.21,-3.48,C1=C2CCC3C(C(CC4(C)C3CCC4=O)=O)C2(CCC1=O)C,38.39150227617603,AAtuAA{~B}ArA{AAAs~AA{~B}AAArsA}AtAAAu{~B} 
p-terphenyl,-5.7410000000000005,2,230.31,0,3,2,0.0,-7.11,c1(ccc(cc1)-c1ccccc1)-c1ccccc1,65.9332321699545,araaa{aar}asaaa{aas}ataaaaat
p-Hydroxybenzaldehyde ,-2.003,1,122.12299999999998,1,1,1,37.3,-0.96,c1cc(C=O)ccc1O,19.271623672230653,Baraaa{A~B}aar
Bromomethane,-1.109,1,94.939,0,0,0,0.0,-0.79,BrC,17.981790591805765,AX
Perfluidone,-4.945,1,379.381,1,2,4,80.31,-3.8,c1ccccc1S(c1ccc(NS(=O)(C(F)(F)F)=O)c(c1)C)(=O)=O,40.81942336874052,Aaraa{aaarDE{~B}{~B}A{G}{G}G}E{~B}{~B}asaaaaas
Coumachlor,-4.553999999999999,1,342.7780000000001,1,3,4,67.50999999999999,-5.839,Oc1c(c(=O)oc2c1cccc2)C(c1ccc(Cl)cc1)CC(=O)C,56.28983308042488,AA{~B}AA{araaa{Z}aar}asa{B}ataaaaatbas~B
2-Ethylnaphthalene,-4.1,1,156.22799999999998,0,2,1,0.0,-4.29,CCc1ccc2c(cccc2)c1,44.537177541729896,AAaraaasaaaaasar
5-methylcytosine,-0.257,1,125.131,2,1,0,71.77000000000001,-1.4580000000000002,[nH]1c(nc(N)c(C)c1)=O,23.050075872534144,Dara{A}a{dH}a{~B}dr 
"2,3,4,5,6-PCB",-6.785,1,326.437,0,2,1,0.0,-7.92,c1cccc(c1)-c1c(Cl)c(Cl)c(Cl)c(Cl)c1Cl,72.07890743550834,Zasa{Z}a{Z}a{araaaaar}a{Z}asZ 
benodanil,-4.245,1,323.133,1,2,2,29.1,-4.21,c1(I)c(C(=O)Nc2ccccc2)cccc1,43.93019726858877,ara{DA{~B}asaaaaas{H}}aaaar
Riboflavin,-1.865,1,376.36900000000014,5,3,5,161.56,-3.685,n1c2-c(nc3c(cc(C)c(c3)C)n2CC(O)C(C(O)CO)O)c([nH]c1=O)=O,39.94688922610016,Aataasdara{~B}{dH}a{~B}dard{AA{B}A{B}A{B}AB}asaatA
o-Fluorobromobenzene,-3.467,1,175.0,0,1,0,0.0,-2.7,c1cccc(Br)c1F,32.47344461305008,GaraaaaarX
"2,4-Dichlorophenol ",-3.22,1,163.003,1,1,0,20.23,-1.55,c1(Cl)c(O)ccc(c1)Cl,23.74810318664644,Baraaa{Z}aarZ
Permethrin,-7.129,1,391.2940000000001,0,3,6,35.53,-6.291,C(C1C(C=C(Cl)Cl)C1(C)C)(=O)OCc1cc(ccc1)Oc1ccccc1,59.71927162367224,AAr{A}A{A~A{Z}Z}ArA{~B}BAasaaaa{Bataaaaat}as
piroxicam,-3.4730000000000003,1,331.353,2,3,2,99.6,-4.16,C1(N(C)S(c2ccccc2C=1O)(=O)=O)C(Nc1ncccc1)=O,43.55083459787557,ADsA{~A{B}araaaaarEs{~B}~B}A{~B}Dataaaadt 
3-Propanoyloxymethylphenytoin,-3.128,1,338.36300000000006,1,3,5,75.71,-4.907,O=C1N(COC(=O)CC)C(NC1(c1ccccc1)c1ccccc1)=O,49.21851289833081,B~ArD{ABA{~B}AA}A{~B}A{Dr}{asaaaaas}ataaaaat
Cyclopentane ,-2.0380000000000003,2,70.135,0,1,0,0.0,-2.64,C1CCCC1,32.01820940819424,ArAAAAr
o-Toluidine,-1.922,1,107.156,1,1,0,26.02,-2.21,c1cc(C)c(cc1)N,28.7556904400607,AaraaaaarD
Estragole,-3.074,1,148.205,0,1,3,9.23,-2.92,c1c(CC=C)ccc(c1)OC,34.14264036418817,ar{BA}aaa{AA~A}aar
karbutilate,-2.655,1,279.34,2,1,2,70.67,-2.93,c1(OC(NC(C)(C)C)=O)cccc(NC(N(C)C)=O)c1,34.21851289833081,AD{A}A{~B}Daraaaa{BA{~B}DA{A}{A}A}ar 
3-Methyl-1-Butene,-1.994,1,70.135,0,0,1,0.0,-2.73,C(=C)C(C)C,32.701062215478004,AA{A}A~A
2-Hydroxypyridine,-1.655,1,95.101,1,1,0,33.120000000000005,1.02,c1cc(ncc1)O,4.248861911987861,Baraaaadr
Ethane,-1.132,1,30.07,0,0,0,0.0,-1.36,CC,22.30652503793627,AA
"1,2-Dichlorobenzene",-3.482,1,147.00399999999996,0,1,0,0.0,-3.05,c1(Cl)c(Cl)cccc1,35.12898330804249,ZaraaaaarZ
mercaptobenzothiazole,-3.411,1,167.25799999999998,1,2,0,12.89,-3.18,c1cccc2c1nc(s2)S,36.11532625189682,Easdaraaaaarss 
"2,2',3,3',4,4',5,5',6,6'-PCB",-9.589,1,498.66200000000026,0,2,1,0.0,-11.6,c1(-c2c(Cl)c(Cl)c(c(c2Cl)Cl)Cl)c(c(Cl)c(Cl)c(c1Cl)Cl)Cl,100.0,Zara{Z}a{Z}a{a{Z}arZ}asa{Z}a{Z}a{Z}a{Z}asZ 
Methoxsalen,-3.25,1,216.19199999999995,0,3,1,52.58,-3.664,o1c(=O)ccc2c1c(OC)c1c(cco1)c2,39.7875569044006,ABasarbaaaraataaa{~B}bast 
Acetamide,0.494,1,59.068,1,0,0,43.09,1.58,O=C(C)N,0.0,AA{~B}D
1-Methylnaphthalene,-3.802,1,142.201,0,2,0,0.0,-3.7,c12c(cccc2)c(ccc1)C,40.06069802731411,Aaraaaasaaaaars
Napropamide,-4.088,1,271.36,0,2,5,29.540000000000003,-3.57,c12c(cccc1cccc2)OC(C(=O)N(CC)CC)C,39.074355083459785,AAD{AA}A{~B}A{A}Baraaaasaaaaars 
"3,3-Dimethyl-2-butanol",-1.2919999999999998,1,102.177,1,0,0,20.23,-0.62,OC(C(C)(C)C)C,16.69195751138088,AA{B}A{A}{A}A
Methyl pentanoate,-1.545,1,116.15999999999998,0,0,3,26.3,-1.36,C(=O)(CCC)OCC,22.30652503793627,AAAA{~B}BAA
Menadione,-2.667,1,172.18299999999996,0,2,0,34.14,-3.03,c12C(=O)C(C)=CC(c2cccc1)=O,34.977238239757206,AAs~AA{~B}araaaaarAs~B 
Phenanthrene,-4.518,2,178.23399999999998,0,3,0,0.0,-5.26,c1cccc2ccc3c(c12)cccc3,51.89681335356601,araaasa{ar}aaataaaaats
"2,4-Dimethylpyridine",-2.0980000000000003,1,107.156,0,1,0,12.89,0.38,c1cnc(cc1C)C,9.104704097116844,Aaraada{A}ar
1-Nonanol,-2.46,1,144.258,1,0,7,20.23,-3.01,C(CCCCO)CCCC,34.825493171471926,AAAAAAAAAB
Dibromomethane,-1.883,1,173.83499999999998,0,0,0,0.0,-1.17,C(Br)Br,20.8649468892261,XAX
Dexamethasone,-3.4,1,392.4670000000002,3,4,2,94.83,-3.59,C(CO)(=O)C1(O)C(CC2C1(C)CC(O)C1(F)C3(C=CC(C=C3CCC12)=O)C)C,39.22610015174507,AArAAsAtAAAu~AA{~B}A~AAu{A}At{G}A{B}AAs{A}Ar{B}A{~B}AB
"2,6-Dimethylnaphthalene ",-4.147,1,156.228,0,2,0,0.0,-4.89,c1(ccc2cc(C)ccc2c1)C,49.08952959028832,Aaraaasaa{A}aaasar
Butylate,-3.4530000000000003,1,217.378,0,0,5,20.31,-3.68,C(N(C(=O)SCC)CC(C)C)C(C)C,39.90895295902883,AAEA{~B}D{AA{A}A}AA{A}A
nitroglycerin,-2.029,1,227.085,0,0,8,157.11,-2.22,[N+](=O)([O-])OCC(O[N+](=O)[O-])CO[N+]([O-])=O,28.83156297420334,B~D{~B}BAA{ABD{~B}~B}BD{~B}~B 
m-Nitroaniline,-1.936,1,138.126,1,1,1,69.16,-2.19,[O-][N+](c1cccc(N)c1)=O,28.603945371775417,Daraaaa{ar}D{~B}~B
1-Chlorobutane,-1.94,1,92.569,0,0,2,0.0,-2.03,C(Cl)CCC,27.389984825493173,AAAAZ
triforine,-3.715,1,430.9340000000001,2,1,6,64.68,-4.19,C1N(C=CN(C=1)C(NC=O)C(Cl)(Cl)Cl)C(C(Cl)(Cl)Cl)NC=O,43.77845220030349,ZA{Z}{Z}A{DA~B}DrA~AD{A~Ar}A{DA~B}A{Z}{Z}Z 
Fluridone,-4.249,1,329.321,0,3,2,22.0,-4.445,c1cc(cc(-c2cn(cc(-c3ccccc3)c2=O)C)c1)C(F)(F)F,45.71320182094082,Adsaa{araaaaar}a{~B}a{as}ataaaa{at}A{G}{G}G
6-aminochrysene,-4.849,1,243.309,1,4,0,26.02,-6.2,c1c2c3ccccc3c(N)cc2c2c(c1)cccc2,59.02883156297421,Dataasaraaaaaraaasauaaaaatu 
Estrone,-3.872,1,270.372,1,4,0,37.3,-3.955,O=C1C2(C)CCC3C(C2CC1)CCc1c3ccc(c1)O,41.99544764795144,AArsAAAtA{AAauaa{B}aaatu}AsAAAr~B
RTI 17,-4.227,1,269.373,0,3,1,19.37,-4.706,c1c2c(ccc1)N(CC)c1c(cccn1)C(N2C)=S,47.69347496206374,AADsaraaaaarD{A}A{~E}ataaadast 
"1,2-Propylene oxide",-0.358,1,58.08,0,1,0,12.53,-0.59,CC1OC1,16.464339908952958,AArABr
Nitrazepam,-3.4730000000000003,1,281.271,1,3,2,84.6,-3.796,C1(c2ccccc2)c2c(ccc([N+](=O)[O-])c2)NC(CN=1)=O,40.78907435508346,B~AtAD~A{araaaaar}asaa{aaasDt}D{~B}~B
"1,3-diethylthiourea",-1.028,1,132.232,2,0,2,24.06,-1.46,N(C(NCC)=S)CC,23.06525037936267,AADA{~E}DAA
"2,3,5-Trichlorophenol",-3.78,1,197.448,1,1,0,20.23,-2.67,c1(Cl)c(cc(cc1O)Cl)Cl,32.24582701062216,Baraa{Z}aa{Z}arZ
Propyl propanoate,-1.545,1,116.15999999999998,0,0,3,26.3,-1.34,O=C(OC)CCCC,22.15477996965099,AAAAA{~B}BA
Aniline ,-1.632,1,93.129,1,1,0,26.02,-0.41,c1(ccccc1)N,15.098634294385432,Daraaaaar
"1,5-Dimethlnapthalene",-4.147,1,156.228,0,2,0,0.0,-4.678999999999999,c1c(C)c2cccc(C)c2cc1,47.48861911987861,Aaraaaasa{A}aaaars
hydrochlorothiazide,-1.72,1,297.745,3,2,1,118.36,-2.63,NS(c1cc2c(cc1Cl)NCNS2(=O)=O)(=O)=O,31.942336874051595,DE{~B}{~B}asaara{DADEr{~B}~B}aasZ 
Acenapthylene,-3.682,2,152.19599999999994,0,3,0,0.0,-3.96,c1cc2cccc3c2c(C=C3)c1,42.03338391502276,Ar~Aasaaaataaaarast
Ethyl butyrate,-2.254,1,144.21399999999997,0,0,5,26.3,-1.28,O=C(CC)OCCCCC,21.69954476479515,AAAAABA{~B}AA
Atratone,-3.185,1,211.269,2,1,5,71.96000000000001,-2.084,C(C)Nc1nc(nc(n1)NC(C)C)OC,27.799696509863438,AADarda{DA{A}A}da{BA}dr
Benzo(a)pyrene,-6.007000000000001,2,252.316,0,5,0,0.0,-8.699,c12c3c(ccc1)ccc1c3c(cc2)c2ccccc2c1,77.98937784522003,araaasa{ar}aataaauaaaavaaasatauv
Bromoethane,-1.529,1,108.966,0,0,0,0.0,-1.09,C(C)Br,20.25796661608498,AAX
3-Hexyne,-1.933,1,82.14599999999999,0,0,0,0.0,-1.99,C(#CCC)CC,27.08649468892261,AAA^AAA
Digitoxin,-6.114,1,764.9499999999999,5,8,7,182.83,-5.292999999999999,C1(C)OC(CC(O)C1O)OC1C(CC(OC1C)OC1C(CC(OC1C)OC1CCC2(C)C3C(CCC2C1)C1(CCC(C2COC(=O)C=2)C1(CC3)C)O)O)O,52.14719271623672,AArBA{AA{B}ArB}BAsA{B}AA{BAsA}BAyA{B}AA{BAxAAAt{A}A{AAAuAtAAAv{A}A{AAAuvB}Aw~AA{~B}BAw}Ax}BAyA 
2-Methyl-1-Butene,-1.994,1,70.13499999999999,0,0,1,0.0,-2.73,CC(CC)=C,32.701062215478004,AAA{~A}A
8-quinolinol,-2.725,1,145.16099999999997,1,2,0,33.120000000000005,-2.42,c1ccc2c(nccc2)c1O,30.349013657056148,Baraaaasaaadars 
"1,2,3,4-Tetrahydronapthalene",-3.447,2,132.20599999999996,0,2,0,0.0,-4.37,c1cccc2CCCCc21,45.144157814871015,ArAAasaaaaasAr
phenolphthalein,-4.59,1,318.32800000000003,2,4,2,66.76,-2.9,c12C(OC(c3ccc(O)cc3)(c3ccc(O)cc3)c2cccc1)=O,33.99089529590289,Baraaa{aar}As{BA{~B}ataaaaast}auaaa{B}aau 
"1,3,5-Tribromobenzene",-5.27,1,314.802,0,1,0,0.0,-5.6,c1(Br)cc(cc(c1)Br)Br,54.476479514415786,Xaraa{X}aa{X}ar
Ronnel,-5.247000000000001,1,321.549,0,1,4,27.69,-5.72,Clc1cc(c(cc1OP(OC)(=S)OC)Cl)Cl,55.38694992412746,ABK{~E}{BA}Baraa{Z}a{Z}aarZ
methylthiouracil,-0.547,1,142.18300000000002,2,1,0,48.65,-2.436,c1([nH]c([nH]c(c1)C)=S)=O,30.47040971168437,Aaraa{~B}{dH}a{~E}{dH}r
Eugenol,-2.675,1,164.204,1,1,3,29.46,-1.56,c1cc(cc(c1O)OC)CC=C,23.823975720789075,ABaraa{AA~A}aaarB
5-Allyl-5-isopropylbarbital,-1.706,1,210.233,2,1,3,75.27000000000001,-1.7080000000000002,CC(C)C1(CC=C)C(=O)NC(NC1=O)=O,24.946889226100154,B~ArDA{~B}DA{~B}Ar{A{A}A}AA~A
Pyrene,-4.957,2,202.256,0,4,0,0.0,-6.176,c1c2c3c4c(ccc3ccc2)cccc4c1,58.846737481031866,araasaaataaaauaaa{ar}asatu
"1,1-Diethoxyethane ",-0.899,1,118.176,0,0,4,18.46,-0.43,C(C)(OCC)OCC,15.250379362670715,AABA{A}BAA
Clomazone,-3.077,1,239.702,0,2,2,29.54,-2.338,Clc1ccccc1CN1OCC(C)(C)C1=O,29.726858877086496,AAr{A}ABD{AasaaaaasZ}Ar~B
2-Butoxyethanol,-0.775,1,118.176,1,0,5,29.46,-0.42,C(CCOCCO)C,15.174506828528074,AAAABAAB
Quintozene,-5.098,1,295.336,0,1,1,43.14,-5.82,c1(c(c(Cl)c(Cl)c(Cl)c1Cl)[N+]([O-])=O)Cl,56.14567526555387,Zara{Z}a{Z}a{D{~B}~B}a{Z}arZ
Androsterone,-3.882,1,290.447,1,4,0,37.3,-4.402,C1C2(C3C(CCC2CC(C1)O)C1C(C(=O)CC1)(C)CC3)C,45.38694992412747,AArsAAA{B}AArAAAtAsAAAu{A}AtAAAu~B
Flurochloridone,-4.749,1,312.118,0,2,2,20.31,-4.047,c1ccc(C(F)(F)F)cc1N1CC(C(Cl)C1=O)CCl,42.69347496206373,GA{G}{G}araaaa{ar}DsAA{AZ}A{Z}As~B
Quinoline,-2.6630000000000003,2,129.16199999999998,0,2,0,12.89,-1.3,c1c2c(ncc1)cccc2,21.851289833080425,araaasdaaaasar
methyl gallate,-1.913,1,184.147,3,1,1,86.99000000000001,-1.24,Oc1c(O)c(O)cc(c1)C(OC)=O,21.396054628224583,ABA{~B}araa{B}a{B}a{B}ar 
fluconazole,-2.418,1,306.276,1,3,5,81.64999999999999,-1.8,C(n1cncn1)C(c1ccc(cc1F)F)(Cn1cncn1)O,25.64491654021244,BA{Adradadr}{Adsadads}ataaa{G}aatG 
Chlorzoxazone,-2.679,1,169.567,1,2,0,46.0,-2.8310000000000004,c1cc2oc([nH]c2cc1Cl)=O,33.46737481031867,Zasaaarba{~B}{dH}aras
"2,2',3,4,4',5',6-PCB",-7.898,1,395.3270000000001,0,2,1,0.0,-7.92,c1(Cl)c(Cl)c(c(Cl)c(Cl)c1-c1ccc(Cl)cc1Cl)Cl,72.07890743550834,Zaraaa{a{Z}ar}asa{Z}a{Z}a{Z}a{Z}asZ
alloxan,0.436,1,142.07,2,1,0,92.34,-1.25,O=C1NC(=O)NC(=O)C1=O,21.471927162367223,B~ArDA{~B}A{~B}A{~B}Dr 
"1,3-Dichloropropane",-1.618,1,112.987,0,0,2,0.0,-1.62,C(Cl)CCCl,24.27921092564492,ZAAAZ
m-Fluorobromobenzene,-3.467,1,175.0,0,1,0,0.0,-2.67,Brc1cc(F)ccc1,32.24582701062216,Garaaaa{X}ar
p-Chlorobromobenzene,-3.928,1,191.455,0,1,0,0.0,-3.63,Clc1ccc(cc1)Br,39.52959028831563,Zaraaa{X}aar
"2,3-Dimethylbutane",-2.584,1,86.178,0,0,1,0.0,-3.65,C(C)(C(C)C)C,39.68133535660091,AA{A}A{A}A
1-Butene,-1.655,1,56.108,0,0,1,0.0,-1.94,C(CC)=C,26.70713201820941,AAA~A
"2,2',3,4,5,5'-PCB",-7.343,1,360.88200000000006,0,2,1,0.0,-7.68,c1c(Cl)c(Cl)c(c(c1-c1c(ccc(c1)Cl)Cl)Cl)Cl,70.25796661608499,Zaraaa{Z}a{ar}asaa{Z}a{Z}a{Z}asZ
cytosine,0.051,1,111.104,2,1,0,71.77000000000001,-1.155,n1c(cc[nH]c1=O)N,20.751138088012144,Daraa{dH}a{~B}dr 
"1,1,2-Trichlorotrifluoroethane",-3.077,1,187.37500000000003,0,0,1,0.0,-3.04,ClC(C(Cl)(F)F)(F)Cl,35.053110773899846,GA{G}{Z}A{G}{Z}Z
Propionitrile,-0.2689999999999999,1,55.07999999999999,0,0,0,23.79,0.28,C(C)C#N,9.863429438543248,AAA^D
"O,P'-DDD",-6.007999999999999,1,320.04600000000005,0,2,3,0.0,-6.51,c1ccc(c(C(C(Cl)Cl)c2ccc(Cl)cc2)c1)Cl,61.38088012139605,ZA{Z}A{araaa{Z}aar}asaaaaasZ 
o-Nitroanisole,-2.346,1,153.13699999999997,0,1,2,52.37,-1.96,c1ccc([N+]([O-])=O)c(c1)OC,26.85887708649469,ABaraaaaarD{~B}~B
Prasterone,-3.564,1,288.43100000000004,1,4,0,37.3,-4.12,CC12CCC3C4(CCC(CC4=CCC3C2CCC1=O)O)C,43.24734446130501,AAtuAAArA{AA~AsAA{B}AAArsA}AtAAAu~B
Procymidone,-3.464,1,284.142,0,3,1,37.38,-4.8,c1(N2C(=O)C3(C)CC3(C)C2=O)cc(Cl)cc(Cl)c1,48.40667678300456,AArsAAs{A}A{~B}D{Ar~B}ataa{Z}aa{Z}at
Benzo[ghi]perylene,-6.446000000000001,2,276.338,0,6,0,0.0,-9.018,c12c3c4cccc5c4c4c2c(ccc4cc5)ccc1ccc3,80.40971168437025,araasaaataaauaaavaaaawa{ar}asatauavw
Dinoseb,-3.715,1,240.21499999999995,1,1,4,106.51000000000002,-3.38,c1(cc(cc(c1O)C(CC)C)[N+]([O-])=O)[N+](=O)[O-],37.63277693474962,AAA{A}araa{aa{D{~B}~B}arB}D{~B}~B 
meconin,-0.825,1,196.202,0,2,2,44.760000000000005,-1.899,C1C2C=CC(=C(C2C(=O)O1)OC)OC,26.396054628224583,ara{BA}a{BA}AsA{~B}BAAsar
Glycerol,0.688,1,92.094,3,0,2,60.69,1.12,OC(CO)CO,3.490136570561457,BAA{B}AB
Guaiacol,-1.941,1,124.13899999999995,1,1,1,29.46,-1.96,Oc1c(OC)cccc1,26.85887708649469,ABaraaaaarB 
chlorpyrifos,-4.972,1,350.591,0,1,6,40.58,-5.67,C(OP(=S)(OCC)Oc1nc(c(Cl)cc1Cl)Cl)C,55.007587253414265,AABK{~E}{BAA}Barda{Z}a{Z}aarZ 
9-Methylanthracene,-4.87,1,192.261,0,3,0,0.0,-5.89,c1c2cc3c(c(c2ccc1)C)cccc3,56.67678300455236,Aarasaaaaasaataaaaart
Antipyrene,-1.733,1,188.23,0,2,1,26.93,0.715,c1(n(C)n(-c2ccccc2)c(c1)=O)C,6.562974203338393,Aaraa{~B}d{asaaaaas}drA
Methyl butyl ether ,-1.072,1,88.14999999999999,0,0,3,9.23,-0.99,O(C)CCCC,19.499241274658573,AAAABA
7-methylpteridine,-1.24,1,146.153,0,2,0,51.56,-0.8540000000000001,c12nc(C)cnc2cncn1,18.467374810318667,Aasadaradadards
simazine,-2.8110000000000004,1,201.661,2,1,4,62.73,-4.55,Clc1nc(NCC)nc(n1)NCC,46.50986342943855,AADarda{Z}da{DAA}dr 
"N,N-Dimethylacetamide",0.123,1,87.12199999999999,0,0,0,20.31,1.11,N(C(=O)C)(C)C,3.566009104704097,AD{A}A{~B}A
Simetryn,-2.689,1,213.31,0,1,3,45.150000000000006,-2.676,c1(N(C)C)nc(nc(n1)N(C)C)SC,32.29135053110774,AEarda{da{dr}D{A}A}D{A}A
Ethylene,-0.815,1,28.053999999999995,0,0,0,0.0,-0.4,C=C,15.022761760242792,A~A
"3,3-Dimethyl-1-butanol",-1.365,1,102.177,1,0,1,20.23,-0.5,CC(CCO)(C)C,15.781487101669196,AA{A}{A}AAB
5-Allyl-5-ethylbarbital,-1.368,1,196.206,2,1,3,75.27000000000001,-1.614,C(C1(C(NC(NC1=O)=O)=O)CC=C)C,24.23368740515933,B~ArDA{~B}DA{~B}Ar{AA}AA~A
"2,3,4-Trichlorophenol",-3.705,1,197.448,1,1,0,20.23,-2.67,Oc1c(Cl)c(Cl)c(cc1)Cl,32.24582701062216,Baraaa{Z}a{Z}arZ
Anisole,-2.3680000000000003,1,108.13999999999996,0,1,1,9.23,-1.85,c1cccc(OC)c1,26.024279210925645,ABaraaaaar
chloropropylate,-5.093,1,339.21800000000013,1,2,4,46.53,-4.53,Clc1ccc(C(c2cc(ccc2)Cl)(O)C(OC(C)C)=O)cc1,46.35811836115327,araaa{Z}aarA{asaaa{Z}aas}{B}A{~B}BA{A}A
aldosterone,-3.0660000000000003,1,360.4500000000001,2,4,3,91.67000000000002,-3.85,C(C(=O)C1CCC2C3CCC4=CC(=O)CCC4(C)C3C(O)CC12C=O)O,41.19878603945372,AArtAAA{~B}A~ArAAAuAsAAA{A{~B}AB}As{AA{B}Atu}A~B 
Difenoxuron,-3.928,1,286.331,1,2,4,50.8,-4.16,O(c1ccc(NC(N(C)C)=O)cc1)c1ccc(cc1)OC,43.55083459787557,ABasaaa{Baraaa{DA{~B}D{A}A}aar}aas
4-Ethyltoluene,-3.3280000000000003,1,120.19499999999996,0,1,1,0.0,-3.11,Cc1ccc(cc1)CC,35.584218512898325,AAaraaa{A}aar
Diisopropylsulfide,-2.162,1,118.245,0,0,2,0.0,-2.24,C(C)(C)SC(C)C,28.98330804248862,AA{A}EA{A}A
"1,3-Dinitrobenzene",-2.281,1,168.10799999999995,0,1,2,86.28,-2.29,[O-][N+](=O)c1cccc([N+]([O-])=O)c1,29.362670713201823,B~D{~B}araaaa{ar}D{~B}~B
Ethion,-5.471,1,384.4870000000002,0,0,12,36.92,-5.54,S(P(=S)(OCC)OCC)CSP(OCC)(=S)OCC,54.02124430955994,AABK{~E}{BAA}EAEK{~E}{BAA}BAA
probarbital,-1.6030000000000002,1,198.222,2,1,2,75.27000000000001,-2.21,O=C1C(C(=O)NC(=O)N1)(CC)C(C)C,28.7556904400607,AAAr{A{A}A}A{~B}DA{~B}DAr~B 
cortisone acetate,-3.426,1,402.48700000000025,1,4,3,97.74,-4.21,C12(C3C(CCC2=CC(CC1)=O)C1C(C)(CC3=O)C(C(=O)COC(=O)C)(O)CC1)C,43.93019726858877,AA{~B}BAA{~B}At{B}AAAuAsAAAr~AA{~B}AAAr{A}AsA{~B}AAtuA 
Metronidazole,-0.8590000000000001,1,171.15599999999998,1,1,3,81.19,-1.22,c1(cnc(n1CCO)C)[N+](=O)[O-],21.244309559939303,Aardaa{D{~B}~B}drAAB
p-Chloroaniline,-2.392,1,127.574,1,1,0,26.02,-1.66,c1c(ccc(c1)N)Cl,24.58270106221548,Daraaa{Z}aar
"2,2-Dimethylpentanol",-1.719,1,116.20399999999998,1,0,3,20.23,-1.52,CCCC(CO)(C)C,23.520485584218516,AAAA{A}{A}AB
Furane,-1.837,2,68.07499999999999,0,1,0,13.14,-0.82,c1cocc1,18.20940819423369,araabar
Methoproptryne,-3.259,1,271.39,2,1,8,71.96000000000001,-2.928,O(C)CCCNc1nc(nc(n1)NC(C)C)SC,34.20333839150228,ABAAADarda{DA{A}A}da{EA}dr
Norea,-2.47,1,222.33199999999997,1,3,1,32.34,-3.1710000000000003,C1C2CC(C3CCCC23)C1NC(=O)N(C)C,36.04704097116844,AD{A}A{~B}DArAAsAArAtAAAAst
t-Butylbenzene ,-3.554,1,134.22199999999998,0,1,0,0.0,-3.66,c1(ccccc1)C(C)(C)C,39.75720789074355,AA{A}{A}araaaaar
kebuzone,-2.645,1,322.36400000000003,0,3,5,57.690000000000005,-3.27,c1ccc(cc1)N1C(C(C(=O)N1c1ccccc1)CCC(C)=O)=O,36.798179059180576,AA{~B}AAArA{~B}D{D{Ar~B}asaaaaas}ataaaaat
prednisolone acetate,-3.507,1,402.48700000000014,2,4,3,100.90000000000002,-4.37,O=C(C1(C2(C)CC(C3C(CCC4=CC(=O)C=CC43C)C2CC1)O)O)COC(C)=O,45.144157814871015,AA{~B}BAA{~B}At{B}AAAuAsAAAr~AA{~B}A~AAr{A}AsA{B}AAtuA 
Methyl propyl ether ,-0.718,1,74.12299999999999,0,0,2,9.23,-0.39,C(COC)C,14.946889226100154,AAABA
Isopropyl acetate,-1.1909999999999998,1,102.133,0,0,1,26.3,-0.55,C(C)(C)OC(C)=O,16.1608497723824,AA{A}BA{~B}A
Bromobenzene,-3.345,1,157.01,0,1,0,0.0,-2.55,c1ccc(Br)cc1,31.335356600910472,Xaraaaaar
Ethyl-p-hydroxybenzoate ,-2.761,1,166.176,1,1,2,46.53,-2.35,C(=O)(OCC)c1ccc(cc1)O,29.817905918057665,AABA{~B}araaa{B}aar
3-Butanoyloxymethylphenytoin,-3.469,1,352.39000000000004,1,3,6,75.71,-5.071000000000001,O=C1N(COC(=O)CCC)C(=O)C(c2ccccc2)(c2ccccc2)N1,50.46282245827011,B~ArD{ABA{~B}AAA}A{~B}A{Dr}{asaaaaas}ataaaaat
testosterone propionate,-4.87,1,344.4950000000001,0,4,2,43.370000000000005,-5.37,C1C2(C(OC(CC)=O)CCC2C2CCC3=CC(=O)CCC3(C)C2C1)C,52.731411229135055,AAA{~B}BAtAAAuAsAAAr~AA{~B}AAAr{A}AsAAAtuA 
Coronene,-6.885,2,300.36000000000007,0,7,0,0.0,-9.332,c1c2ccc3ccc4c5c6c(cc4)ccc4c6c(c(cc4)c1)c2c53,82.79210925644917,araasaaataaauaaavaaawaaaraxasatauavawx
allopurinol,-0.84,1,136.114,2,2,0,74.43,-2.266,n1[nH]c2c(c([nH]cn2)=O)c1,29.180576631259488,B~ar{dH}adas{dH}daars 
Chloroethylene,-1.188,1,62.499,0,0,0,0.0,-1.75,C(=C)Cl,25.265553869499243,ZA~A
diphenamid,-3.147,1,239.318,0,2,3,20.31,-2.98,c1(C(c2ccccc2)C(N(C)C)=O)ccccc1,34.597875569044014,AD{A}A{~B}A{araaaaar}asaaaaas 
Tetrabromomethane,-4.063,1,331.62699999999995,0,0,0,0.0,-3.14,C(Br)(Br)(Br)Br,35.81183611532626,XA{X}{X}X
RTI 22,-4.408,1,296.374,1,3,2,48.47,-4.871,c1(c2NC(c3c(N(c2cc(c1)N(C)C)CC)nccc3)=O)C,48.9453717754173,AADsaraa{D{A}A}aa{A}arDA{~B}ataaadast 
phthalimide,-1.882,1,147.13299999999998,1,2,0,46.17,-2.61,c1ccc2C(NC(=O)c2c1)=O,31.790591805766308,B~ArDA{~B}asaaaaars 
Fenarimol,-4.1080000000000005,1,331.202,1,3,3,46.010000000000005,-4.38,n1cc(cnc1)C(c1ccc(Cl)cc1)(c1ccccc1Cl)O,45.220030349013655,BA{araaa{Z}aar}{asadadas}ataaaaatZ
Methyl benzoate ,-2.462,1,136.14999999999998,0,1,1,26.3,-1.85,c1ccc(cc1)C(=O)OC,26.024279210925645,ABA{~B}araaaaar
1-methyluracil,-0.375,1,126.115,1,1,0,54.86,-0.807,c1(=O)[nH]c(ccn1C)=O,18.11077389984825,Adraaa{~B}{dH}ar~B
oxyphenbutazone,-3.739,1,324.38000000000005,1,3,5,60.85000000000001,-3.73,O=C1C(C(N(N1c1ccccc1)c1ccc(O)cc1)=O)CCCC,40.28831562974204,AAAAArA{~B}D{D{Ar~B}asaaa{B}aas}ataaaaat 
"2,2',3,5'-PCB",-6.155,1,291.9920000000001,0,2,1,0.0,-6.47,Clc1cc(c(cc1)Cl)-c1c(c(ccc1)Cl)Cl,61.0773899848255,Zaraaa{Z}a{ar}asaaaa{Z}asZ 
Quinethazone,-2.184,1,289.7440000000001,3,2,2,101.29,-3.29,O=S(=O)(N)c1c(cc2c(C(NC(N2)CC)=O)c1)Cl,36.949924127465856,AAAsDA{~B}araa{a{Z}aarDs}E{D}{~B}~B
Diuron,-3.301,1,233.098,1,1,1,32.34,-3.8,c1cc(c(cc1NC(=O)N(C)C)Cl)Cl,40.81942336874052,AD{A}A{~B}Daraaa{Z}a{Z}ar
Cyclopentene ,-1.72,2,68.11900000000001,0,1,0,0.0,-2.1,C1CCCC=1,27.92109256449165,ArAA~AAr
alloxantin,0.919,1,286.156,6,2,1,191.0,-1.99,C1(=O)NC(NC(C1(C1(O)C(=O)NC(NC1=O)=O)O)=O)=O,27.08649468892261,Ar{~B}DA{~B}DA{~B}Ar{B}As{B}A{~B}DA{~B}DAs{~B}
Nonane,-3.678,1,128.259,0,0,6,0.0,-5.88,C(CCC)CCCCC,56.60091047040972,AAAAAAAAA
2-Chlorophenol,-2.553,1,128.558,1,1,0,20.23,-1.06,c1cc(Cl)c(O)cc1,20.03034901365705,BaraaaaarZ
5-Methylchrysene,-5.931,1,242.321,0,4,0,0.0,-6.59,c1(c2c3c(ccc2c2ccccc2c1)cccc3)C,61.98786039453718,araaaasata{A}aauaaaaauataaars
Phenetole,-2.66,1,122.16699999999996,0,1,2,9.23,-2.33,c1ccc(OCC)cc1,29.666160849772385,AABaraaaaar
ethyl cinnamate,-3.0980000000000003,1,176.215,0,1,3,26.3,-3.0,O(CC)C(C=Cc1ccccc1)=O,34.749620637329286,AABA{~B}A~Aaraaaaar
Terbacil,-3.033,1,216.668,1,1,0,54.86,-2.484,Cc1c(c(n(c([nH]1)=O)C(C)(C)C)=O)Cl,30.83459787556904,Aar{dH}a{~B}d{a{~B}arZ}A{A}{A}A
Clonazepam,-3.707,1,315.716,1,3,2,84.6,-3.499,c1(ccc2NC(CN=C(c3ccccc3Cl)c2c1)=O)[N+](=O)[O-],38.53566009104704,ZaraaaaarAs~DAA{~B}Dataaa{aast}D{~B}~B
p-Toluenesulfonamide ,-1.815,1,171.22099999999998,1,1,1,60.16,-1.74,c1c(C)ccc(S(=O)(=O)N)c1,25.189681335356603,Aaraaa{aar}E{~B}{~B}D
Chlorbufam,-3.629,1,223.659,1,1,2,38.33,-2.617,CC(C#C)OC(=O)Nc1cc(Cl)ccc1,31.84370257966616,AA{BA{~B}Daraaaa{Z}ar}A^A
2-Methylheptane,-3.3080000000000003,1,114.232,0,0,4,0.0,-5.08,C(C)CCCC(C)C,50.531107738998486,AAAAAA{A}A
Cyhalothrin,-6.905,1,449.8560000000001,0,3,6,59.32000000000001,-8.176,c1ccc(cc1)Oc1cc(ccc1)C(C#N)OC(C1C(C)(C1C=C(Cl)C(F)(F)F)C)=O,74.02124430955995,AAr{A}A{A~A{Z}A{G}{G}G}ArA{~B}BA{A^D}asaaaa{Bataaaaat}as
Apazone,-2.9,1,300.3620000000001,0,3,2,56.220000000000006,-3.5380000000000003,c1cc(C)cc2c1N=C(N(C)C)N1C(=O)C(C(=O)N21)CCC,38.83156297420334,AAAArA{~B}DtD{Ar~B}asaa{A}aaasD~AtD{A}A 
Diazepam,-4.05,1,284.74600000000004,0,3,1,32.67,-3.754,N1(C(=O)CN=C(c2c1ccc(Cl)c2)c1ccccc1)C,40.47040971168437,ADsA{~B}AD~A{araaaaar}ataa{Z}aaast
2-Methyl-3-pentanol,-1.308,1,102.177,1,0,2,20.23,-0.7,CC(C(CC)O)C,17.298937784522007,AAA{B}A{A}A
fensulfothion,-3.283,1,308.36100000000005,0,1,7,44.760000000000005,-2.3,CCOP(Oc1ccc(S(C)=O)cc1)(OCC)=S,29.438543247344462,AABK{~E}{BAA}Baraaa{aar}E{A}~B 
borneol,-2.423,1,154.253,1,2,0,20.23,-2.32,C12CC(O)C(CC1)(C2(C)C)C,29.590288315629746,AAr{A}AsAAAr{A}A{B}As
Testosterone,-3.659,1,288.431,1,4,0,37.3,-4.02,OC1CCC2C1(C)CCC1C3(C)C(=CC(=O)CC3)CCC21,42.48861911987861,AArsAAAtA{AAAu~AA{~B}AAAtuA}AsAAArB
Heptane,-2.97,1,100.205,0,0,4,0.0,-4.53,C(CC)CCCC,46.35811836115327,AAAAAAA
1-Napthol,-3.08,1,144.17299999999997,1,2,0,20.23,-2.22,c1c(c2ccccc2cc1)O,28.83156297420334,Baraaaasaaaaars
"cis-1,2-Dimethylcyclohexane",-3.305,1,112.216,0,1,0,0.0,-4.3,C1CCC(C)C(C1)C,44.613050075872536,ALArAAAAArRA
Trimazosin,-3.958,1,435.48100000000034,2,3,6,132.5,-3.638,N1(CCN(C(=O)OCC(C)(O)C)CC1)c1nc2c(OC)c(OC)c(cc2c(n1)N)OC,39.59028831562974,ABasaara{D}da{dara{BA}asBA}DtAAD{AAt}A{~B}BAA{A}{A}B 
Cholanthrene,-5.942,2,254.332,0,5,0,0.0,-7.85,C1Cc2c3c(ccc2)cc2c(c31)ccc1c2cccc1,71.54779969650987,ArAasataraaaataauasaaavaaaaavu
Medrogestone,-4.593,1,340.5070000000001,0,4,1,34.14,-5.27,C12C(C3C(C)(C(CC3)(C)C(C)=O)CC2)C=C(C2C1(C)CCC(C=2)=O)C,51.97268588770865,AA{~B}At{A}AAAuAsA~A{A}Ar~AA{~B}AAAr{A}AsAAAtuA
2-Heptanone,-1.554,1,114.188,0,0,4,17.07,-1.45,C(C(=O)C)CCCC,22.98937784522003,AAAAAA{~B}A
Acephate,-0.416,1,183.169,1,0,3,55.4,0.54,S(C)P(=O)(OC)NC(C)=O,7.890743550834598,ABK{~B}{DA{A}~B}EA 
DEF,-4.074,1,314.5220000000001,0,0,12,17.07,-5.14,S(P(SCCCC)(SCCCC)=O)CCCC,50.986342943854325,AAAAEK{~B}{EAAAA}EAAAA
phthalamide,-0.636,1,149.149,1,2,0,46.17,-2.932,O=C1NC(=O)C2C=CC=CC21,34.23368740515934,araAsA{~B}DA{~B}Asaar
Trichlomethiazide,-2.98,1,380.662,3,2,2,118.36,-2.68,N1c2c(S(NC1C(Cl)Cl)(=O)=O)cc(S(=O)(N)=O)c(Cl)c2,32.3216995447648,DE{~B}{~B}asaara{DA{DEr{~B}~B}A{Z}Z}aasZ 
2-Methy-2-Butene,-1.994,1,70.13499999999999,0,0,0,0.0,-2.56,C(C)=C(C)C,31.41122913505312,AA~A{A}A
"1,2,4-Trimethylbenzene",-3.343,1,120.195,0,1,0,0.0,-3.31,c1(ccc(cc1C)C)C,37.10166919575114,Aaraaa{A}a{A}ar
"2,4,5-Trichlorophenol ",-3.78,1,197.448,1,1,0,20.23,-2.21,Clc1cc(c(cc1O)Cl)Cl,28.7556904400607,Baraa{Z}a{Z}aarZ
phenanthridine,-3.713,2,179.22199999999998,0,3,0,12.89,-2.78,c1ccc2c(c1)c1ccccc1nc2,33.0804248861912,araaasa{ar}adataaaaast 
3-Methyl-3-hexanol,-1.663,1,116.20399999999998,1,0,3,20.23,-0.98,CCCC(C)(CC)O,19.423368740515933,AAAA{A}{B}AA
Octane,-3.324,1,114.232,0,0,5,0.0,-5.24,C(CCCC)CCC,51.74506828528073,AAAAAAAA
Anthracene,-4.518,2,178.23399999999995,0,3,0,0.0,-6.35,c1ccc2c(cc3ccccc3c2)c1,60.16691957511381,araaasaataaaaataasar
Phenylhydrazine,-1.866,1,108.14399999999998,2,1,1,38.05,0.07,c1cc(NN)ccc1,11.456752655538695,DDaraaaaar
Propionaldehyde,-0.3939999999999999,1,58.08,0,0,1,17.07,0.58,C(C=O)C,7.587253414264037,AAA~B
Cyclooctane,-3.355,2,112.216,0,1,0,0.0,-4.15,C1CCCCCCC1,43.47496206373293,ArAAAAAAAr
"5,5-Diallylbarbital",-1.471,1,208.217,2,1,4,75.27000000000001,-2.077,C(CC1(CC=C)C(=O)NC(NC1=O)=O)=C,27.74658573596358,B~ArDA{~B}DA{~B}Ar{AA~A}AA~A
Trichloromethane,-1.812,1,119.378,0,0,0,0.0,-1.17,C(Cl)(Cl)Cl,20.8649468892261,ZA{Z}Z
thiouracil,-0.992,1,128.15599999999998,2,1,0,45.75,-2.273,Sc1[nH]c(=O)ccn1,29.233687405159333,Eardaaa{~B}{dH}r 
Pencycuron,-5.126,1,328.843,1,3,4,32.34,-5.915,C1CC(N(Cc2ccc(cc2)Cl)C(Nc2ccccc2)=O)CC1,56.86646433990895,Zaraaa{AD{AsAAAAs}A{~B}Dataaaaat}aar
1-Methylcyclohexene ,-2.574,1,96.17300000000002,0,1,0,0.0,-3.27,C1CCC=C(C)C1,36.798179059180576,AAr~AAAAAr
2-Ethylhexanal,-2.232,1,128.21499999999995,0,0,5,17.07,-2.13,CCC(C=O)CCCC,28.14871016691957,AAAAA{AA}A~B
Khellin,-3.603,1,260.24499999999995,0,3,2,61.81,-3.0210000000000004,O(C)c1c2c(=O)cc(oc2c(c2occc21)OC)C,34.90895295902884,ABasarbaaara{BA}ata{~B}aa{A}bast 
5-Ethyl-5-(3-methylbutyl)barbital,-2.312,1,226.27599999999995,2,1,4,75.27000000000001,-2.658,C(C)(C)CCC1(C(=O)NC(=O)NC1=O)CC,32.15477996965098,B~ArDA{~B}DA{~B}Ar{AA}AAA{A}A
Benzo(j)fluoranthene,-6.007000000000001,2,252.316,0,5,0,0.0,-8.0,c1c2c3-c4cccc5c4c(-c3ccc2ccc1)ccc5,72.68588770864947,araaasata{aaasar}auaaaavaaaatauv
2-Ethylbutanal,-1.523,1,100.161,0,0,3,17.07,-1.52,C(C)C(C=O)CC,23.520485584218516,AAA{AA}A~B
Dipropyl ether,-1.426,1,102.177,0,0,4,9.23,-1.62,C(CC)OCCC,24.27921092564492,AAABAAA
1-Tetradecanol,-4.231,1,214.39299999999997,1,0,12,20.23,-5.84,C(CCCCCCCCCCCC)CO,56.29742033383915,AAAAAAAAAAAAAAB
"2,3,6-Trichlorophenol",-3.572,1,197.448,1,1,0,20.23,-2.64,c1(Cl)c(Cl)c(O)c(Cl)cc1,32.01820940819424,Bara{Z}aaa{Z}arZ
Urea,0.8320000000000001,1,60.056,2,0,0,69.11,0.96,C(N)(N)=O,4.704097116843704,DA{~B}D
1-Pentyne,-1.446,1,68.11899999999999,0,0,1,0.0,-1.64,C(CC#C)C,24.4309559939302,AAAA^A
"1,3-Dibromobenzene",-4.298,1,235.906,0,1,0,0.0,-3.54,c1ccc(cc1Br)Br,38.846737481031866,Xaraaaa{X}ar
1-Octadecanol,-5.649,1,270.50099999999986,1,0,16,20.23,-8.4,C(CCCCCCCC)CCCCCCCCCO,75.72078907435508,AAAAAAAAAAAAAAAAAAB
Acetanilide,-1.857,1,135.16599999999997,1,1,1,29.1,-1.33,c1ccccc1NC(C)=O,22.078907435508345,AA{~B}Daraaaaar
hematein,-1.795,1,300.266,4,4,0,107.22,-2.7,Oc1c(O)c2OCC3(O)C(=C4C=C(C(=O)C=C4C3)O)c2cc1,32.47344461305008,araa{B}a{B}asBAAt{B}AAu~AA{~B}A{B}~AAu~Atasr
Isonazid,-0.7170000000000001,1,137.14200000000002,2,1,1,68.01,0.009,O=C(NN)c1ccncc1,11.919575113808802,ardaaa{A{~B}DD}ar
hydroxychlordene,-4.156000000000001,1,354.8749999999999,1,3,0,20.23,-5.46,OC1C=CC2C1C1(Cl)C(Cl)(C2(Cl)C(=C1Cl)Cl)Cl,53.41426403641882,BArA~AAsArAt{Z}A{~A{Z}As{Z}At{Z}Z}Z 
Isopentyl formate,-1.449,1,116.15999999999998,0,0,4,26.3,-1.52,CC(CCOC=O)C,23.520485584218516,AA{A}AABA~B
Acetophenone,-2.0780000000000003,1,120.15099999999995,0,1,1,17.07,-1.28,O=C(c1ccccc1)C,21.69954476479515,AA{~B}araaaaar
biquinoline,-4.9030000000000005,2,256.308,0,4,1,25.78,-5.4,c1cc2ccccc2nc1-c1nc2c(cc1)cccc2,52.959028831562975,asaaarda{aaaras}auaaataaaaatdu 
Triethyl phosphate,-0.953,1,182.156,0,0,6,44.760000000000005,0.43,O(P(=O)(OCC)OCC)CC,8.725341426403643,AABK{~B}{BAA}BAA
D-fenchone,-2.158,1,152.237,0,2,0,17.07,-1.85,C1C2CC(C)(C1)C(C2(C)C)=O,26.024279210925645,AAs{A}ArAAA{A}{Ar}As~B
7-methoxypteridine,-1.589,1,162.152,0,2,1,60.790000000000006,-0.91,n1cncc2ncc(nc21)OC,18.89226100151745,ABasadaradadards
Chlordene,-5.152,1,338.876,0,3,0,0.0,-5.64,ClC1(Cl)C2(Cl)C(=C(C1(Cl)C1C2CC=C1)Cl)Cl,54.779969650986345,ZAs~A{Z}At{Z}ArA~AAArAs{Z}At{Z}Z 
2-Nitropropane,-0.743,1,89.094,0,0,1,43.14,-0.62,CC(C)[N+]([O-])=O,16.69195751138088,AA{A}D{~B}~B
Carbazole,-3.836,2,167.21099999999998,1,3,0,15.79,-5.27,c1cc2c3ccccc3[nH]c2cc1,51.97268588770865,araaasa{ar}{dH}ataaaaats
Erythritol,0.675,1,122.12,4,0,3,80.92,0.7,OC(CO)C(O)CO,6.6767830045523535,BAA{B}A{B}AB
Risocaine,-2.709,1,179.21899999999997,1,1,3,52.32,-2.452,O(C(c1ccc(N)cc1)=O)CCC,30.5918057663126,AAABA{~B}araaa{D}aar
Azodrin,-0.949,1,223.165,1,0,5,73.86,0.6509999999999999,C(=O)(C=C(OP(OC)(OC)=O)C)NC,7.048558421851292,ADA{~B}A~A{A}BK{~B}{BA}BA
Succinimide,0.282,1,99.089,1,1,0,46.17,0.3,N1C(=O)CCC1=O,9.711684370257966,B~ArAAA{~B}Dr
"2,3-Dimethylpentane",-2.938,1,100.20499999999998,0,0,2,0.0,-4.28,C(C(C)C(C)C)C,44.46130500758726,AAA{A}A{A}A
bupirimate,-3.4930000000000003,1,316.4270000000001,1,1,8,84.42,-4.16,S(Oc1c(c(nc(NCC)n1)C)CCCC)(=O)(N(C)C)=O,43.55083459787557,AAAAara{A}da{DAA}darBE{~B}{~B}D{A}A 
RTI 16,-3.411,1,270.361,0,3,1,32.260000000000005,-4.634,c1ccnc2N(CC)c3ncccc3C(N(C)c12)=S,47.14719271623672,AADsardaaaarD{A}A{~E}ataaadast 
RTI 9,-3.784,1,239.274,0,3,1,29.54,-3.68,c1ccc2C(N(CC)c3c(Oc2c1)cccc3)=O,39.90895295902883,BsaraaaaarD{AA}A{~B}ataaaaast 
Tetrahydropyran ,-0.978,2,86.134,0,1,0,9.23,-0.03,C1COCCC1,12.2154779969651,ArAABAAr
1-Heptyne,-2.155,1,96.173,0,0,3,0.0,-3.01,C(C#C)CCCC,34.825493171471926,AAAAAA^A
osthole,-4.0760000000000005,1,244.28999999999996,0,2,3,39.44,-4.314,COc1ccc2c(c1CC=C(C)C)oc(cc2)=O,44.71927162367223,araasaaa{BA}a{AA~A{A}{A}}asbar~B 
3-Methylcholanthrene,-6.311,1,268.3589999999999,0,5,0,0.0,-7.92,c12cc(ccc1c1c(cc2)c2CCc3c2c(ccc3)c1)C,72.07890743550834,araa{A}aasarataauaaaavAAa{auv}ataas
Ethyl benzoate ,-2.775,1,150.177,0,1,2,26.3,-2.32,C(C)OC(c1ccccc1)=O,29.590288315629746,AABA{~B}araaaaar
1-Chloro-2-methylpropane,-1.924,1,92.569,0,0,1,0.0,-2.0,C(CCl)(C)C,27.16236722306525,ZAA{A}A
Ethinyl estradiol,-4.317,1,296.41,2,4,0,40.46,-4.3,C1(CCC2C3CCc4c(C3CCC12C)ccc(O)c4)(O)C#C,44.613050075872536,AAtuAAArA{AAasaa{B}aaars}AtAAAu{B}A^A 
methyl laurate,-4.025,1,214.349,0,0,10,26.3,-4.69,O(C(CCCCCCCCCCC)=O)C,47.57207890743551,AAAAAAAAAAAA{~B}BA
Di-n-propylsulfide,-2.307,1,118.245,0,0,4,0.0,-2.58,C(C)CSCCC,31.562974203338392,AAAEAAA
Napthacene,-5.568,2,228.294,0,4,0,0.0,-8.6,c1ccc2cc3c(cc4ccccc4c3)cc2c1,77.2382397572079,araaasaataauaaaaauaataasar
1-Bromopentane,-2.658,1,151.047,0,0,3,0.0,-3.08,C(C)CCCBr,35.35660091047041,AAAAAX
trans-2-Heptene ,-2.784,1,98.18899999999998,0,0,3,0.0,-3.82,C(CC/C=C/C)C,40.9711684370258,AAAALA~ALA
Metranidazole,-0.8590000000000001,1,171.15599999999998,1,1,3,81.19,-1.26,[O-][N+](=O)c1n(CCO)c(C)nc1,21.547799696509863,Aardaa{D{~B}~B}drAAB 
Pentylcyclopentane,-3.869,1,140.26999999999998,0,1,4,0.0,-6.08,C1(CCCCC)CCCC1,58.11836115326252,AAAAAArAAAAr
"2,2',3,5,5',6-PCB",-7.261,1,360.88200000000006,0,2,1,0.0,-7.42,c1(Cl)c(cc(cc1)Cl)-c1c(c(Cl)cc(c1Cl)Cl)Cl,68.28528072837634,Zaraaa{Z}a{ar}asa{Z}a{Z}aa{Z}asZ 
5-Ethyl-5-isopropylbarbituric acid,-1.6030000000000002,1,198.222,2,1,2,75.27000000000001,-2.148,C1(=O)C(C(NC(N1)=O)=O)(CC)C(C)C,28.28528072837633,B~ArDA{~B}DA{~B}Ar{AA}A{A}A
"1,1,1-Trichloroethane",-2.232,1,133.405,0,0,0,0.0,-2.0,ClC(Cl)(Cl)C,27.16236722306525,AA{Z}{Z}Z
Monolinuron,-2.948,1,214.652,1,1,2,41.57,-2.57,c1cc(NC(N(C)OC)=O)ccc1Cl,31.48710166919576,ABD{A}A{~B}Daraaa{Z}aar
Cyclohexyl-5-spirobarbituric acid,-1.405,1,196.206,2,2,0,75.27,-3.06,C1CCCC2(C(=O)NC(=O)NC2=O)C1,35.20485584218513,B~AsDA{~B}Ar{AAAAAr}A{~B}Ds
dimetan,-2.3040000000000003,1,211.26099999999997,0,1,1,46.61,-0.85,C1C(C)(C)CC(OC(=O)N(C)C)=CC1=O,18.43702579666161,AD{A}A{~B}BAr~AA{~B}AA{A}{A}Ar 
4-Bromotoluene,-3.667,1,171.03700000000003,0,1,0,0.0,-3.19,c1cc(ccc1Br)C,36.19119878603945,Aaraaa{X}aar
Diethyl ether ,-0.718,1,74.123,0,0,2,9.23,-0.09,O(CC)CC,12.670713201820943,AABAA
Rovral,-4.004,1,330.17100000000005,1,2,2,69.72,-4.376,c1c(cc(N2C(CN(C2=O)C(NC(C)C)=O)=O)cc1Cl)Cl,45.1896813353566,AA{A}DA{~B}DrAA{~B}D{Ar~B}asaa{Z}aa{Z}as
Benfluralin,-5.205,1,335.28200000000004,0,1,7,89.51999999999998,-5.53,FC(F)(F)c1cc([N+]([O-])=O)c(c([N+](=O)[O-])c1)N(CCCC)CC,53.9453717754173,AAAAD{AA}ara{aa{aarD{~B}~B}A{G}{G}G}D{~B}~B
"2,4,6-Trimethylphenol",-2.9410000000000003,1,136.194,1,1,0,20.23,-2.05,Cc1cc(C)cc(C)c1O,27.54172989377845,Aaraa{A}a{B}a{A}ar
Benzene ,-2.418,2,78.11399999999999,0,1,0,0.0,-1.64,c1ccccc1,24.4309559939302,araaaaar
p-Chloroiodobenzene,-4.384,1,238.455,0,1,0,0.0,-4.03,c1cc(ccc1Cl)I,42.564491654021246,Zaraaa{H}aar
Metoxuron,-2.6830000000000003,1,228.679,1,1,2,41.57,-2.564,Clc1cc(NC(=O)N(C)C)ccc1OC,31.44157814871017,ABaraaa{DA{~B}D{A}A}aarZ
propachlor,-3.018,1,211.69200000000004,0,1,3,20.31,-2.48,c1c(N(C(=O)CCl)C(C)C)cccc1,30.804248861911997,AA{A}D{A{~B}AZ}araaaaar 
Styrene,-2.85,1,104.15199999999996,0,1,1,0.0,-2.82,c1cc(C=C)ccc1,33.38391502276176,A~Aaraaaaar
Dimethoxymethane,0.092,1,76.095,0,0,2,18.46,0.48,O(COC)C,8.34597875569044,ABABA
o-Xylene ,-3.004,1,106.168,0,1,0,0.0,-2.8,Cc1c(C)cccc1,33.23216995447648,AaraaaaarA
Butan-2-ol,-0.616,1,74.12299999999999,1,0,1,20.23,0.47,C(C)(O)CC,8.421851289833082,AAA{A}B
"1,4-Benzenediol",-1.59,1,110.11199999999998,2,1,0,40.46,-0.17,c1cc(O)ccc1O,13.277693474962064,Baraaa{B}aar
estriol,-3.858,1,288.387,3,4,0,60.69,-4.955,OC1C(O)CC2C1(CCC1c3ccc(O)cc3CCC12)C,49.58270106221548,AAtuAAArA{AAasaa{B}aaars}AtAA{B}AuB 
Benzo(b)fluorene,-5.189,2,216.283,0,4,0,0.0,-8.04,c12c(cccc1)Cc1c-2cc2c(cccc2)c1,72.98937784522002,Arasaaaaasataauaaaaauaart
hydantoin,0.603,1,100.077,2,1,0,58.2,-0.4,N1C(NC(C1)=O)=O,15.022761760242792,B~ArADA{~B}Dr 
4-hexylresorcinol,-3.4930000000000003,1,194.27399999999992,2,1,5,40.46,-2.59,C(Cc1c(O)cc(cc1)O)CCCC,31.638846737481032,ar{B}aa{B}aaarAAAAAA
allicin,-2.045,1,162.27899999999997,0,0,5,17.07,-0.83,C(CS(=O)SCC=C)=C,18.28528072837633,A~AAE{~B}EAA~A
Coumaphos,-5.04,1,362.7710000000001,0,2,6,57.9,-5.382000000000001,c1(c(oc2ccc(OP(OCC)(=S)OCC)cc2c1C)=O)Cl,52.82245827010623,AABK{~E}{BAA}Basaaarba{~B}a{Z}a{A}aras
"5,6-Dimethylchrysene",-6.265,1,256.348,0,4,0,0.0,-7.01,c12c(ccc3c2c(c(C)c2ccccc32)C)cccc1,65.17450682852808,Aara{A}asataaaaataaasauaaaaaru
Betamethasone-17-valerate,-5.062,1,476.5850000000002,2,4,6,100.90000000000002,-4.71,C12(C=CC(C=C2CCC2C1(C(O)CC1(C(C(C)CC12)(OC(CCCC)=O)C(CO)=O)C)F)=O)C,47.72382397572079,AAAAA{~B}BAt{A{A}AAuAsAAAr~AA{~B}A~AAr{A}As{G}A{B}AAtuA}A{~B}AB
uric acid,-0.541,1,168.112,4,2,0,114.36999999999998,-3.93,c12[nH]c(=O)[nH]c(c1[nH]c([nH]2)=O)=O,41.80576631259484,B~as{dH}a{~B}ar{dH}a{~B}{dH}ar{dH}s 
"2,3,4,6-Tetrachlorophenol",-4.203,1,231.893,1,1,0,20.23,-3.1,c1(Cl)c(cc(c(O)c1Cl)Cl)Cl,35.50834597875569,Bara{Z}aa{Z}a{Z}arZ
"1,3-Dichlorobenzene",-3.5580000000000003,1,147.004,0,1,0,0.0,-3.04,Clc1cc(ccc1)Cl,35.053110773899846,Zaraaaa{Z}ar
DDT,-6.638,1,354.491,0,2,2,0.0,-7.15,c1c(ccc(C(C(Cl)(Cl)Cl)c2ccc(cc2)Cl)c1)Cl,66.23672230652504,Zaraaa{aar}A{asaaa{Z}aas}A{Z}{Z}Z
Isobutyl formate,-1.095,1,102.13299999999998,0,0,3,26.3,-1.01,C(C(C)C)OC=O,19.650986342943856,AA{A}ABA~B
thioanisole,-2.87,1,124.208,0,1,1,0.0,-2.39,c1ccc(SC)cc1,30.121396054628224,araaaaarEA
RTI 13,-4.45,1,322.29,1,3,1,58.120000000000005,-4.207,FC(F)(c1cc(C)nc2N(c3ncccc3C(=O)Nc12)CC)F,43.90743550834598,AADsarda{A}aa{A{G}{G}G}arDA{~B}ataaadast 
Hexane ,-2.615,1,86.178,0,0,3,0.0,-3.84,C(CCCC)C,41.12291350531108,AAAAAA
methyl nicotinate,-1.621,1,137.138,0,1,1,39.19,-0.46,C(c1cnccc1)(OC)=O,15.477996965098637,ABA{~B}araaadar 
Bendroflumethiazide,-3.741,1,421.4220000000001,3,3,3,118.36,-3.59,N1c2c(cc(c(c2)C(F)(F)F)S(=O)(N)=O)S(=O)(NC1Cc1ccccc1)=O,39.22610015174507,DE{~B}{~B}ataasa{DA{Aaraaaaar}DEs{~B}~B}aatA{G}{G}G
"2,3,3',4,4',5-PCB",-7.425,1,360.88200000000006,0,2,1,0.0,-7.82,Clc1cc(ccc1Cl)-c1c(Cl)c(c(c(c1)Cl)Cl)Cl,71.32018209408194,Zaraaa{aarZ}asaa{Z}a{Z}a{Z}asZ 
Vinclozolin,-4.377,1,286.11400000000003,0,2,2,46.61,-4.925,c1(N2C(=O)OC(C=C)(C2=O)C)cc(Cl)cc(Cl)c1,49.35508345978756,AAr{BA{~B}D{Ar~B}asaa{Z}aa{Z}as}A~A
Cyanazine,-2.49,1,240.698,2,1,4,86.52,-3.15,N(c1nc(nc(Cl)n1)NC(C#N)(C)C)CC,35.8877086494689,AADarda{Z}da{DA{A}{A}A^D}dr
Triphenylene,-5.568,2,228.294,0,4,0,0.0,-6.726,c1cc2c3c(c4ccccc4c2cc1)cccc3,63.0197268588771,araaasa{ar}ataaaaatauaaaaasu
Dienestrol,-4.775,1,266.34,2,2,3,40.46,-4.95,c1c(O)ccc(c1)C(C(c1ccc(cc1)O)=CC)=CC,49.54476479514416,AA~A{A{~AA}araaa{B}aar}asaaa{B}aas
Di(2-ethylhexyl)-phthalate,-7.117000000000001,1,390.5640000000003,0,1,14,52.60000000000001,-6.96,CCC(CCCC)COC(c1ccccc1C(OCC(CC)CCCC)=O)=O,64.79514415781486,AAAAA{AA}ABA{~B}araaaaarA{~B}BAA{AA}AAAA
2-Ethyl pyridine,-2.051,1,107.15599999999998,0,1,1,12.89,0.51,c1cnc(CC)cc1,8.11836115326252,AAaraaaadr
Naled,-3.548,1,380.784,0,0,5,44.760000000000005,-2.28,O=P(OC(Br)C(Br)(Cl)Cl)(OC)OC,29.286798179059183,ABK{~B}{BA}BA{X}A{Z}{Z}X
Biphenyl,-4.079,2,154.21199999999996,0,2,1,0.0,-4.345,c1ccc(cc1)-c1ccccc1,44.95447647951442,araaa{aar}asaaaaas
"2,2',4,4',6,6'-PCB",-7.178999999999999,1,360.88200000000006,0,2,1,0.0,-8.71,c1(c(cc(Cl)cc1Cl)Cl)-c1c(Cl)cc(Cl)cc1Cl,78.07283763277694,Zaraa{Z}a{a{Z}ar}asa{Z}aa{Z}aasZ 
Altretamine,-2.492,1,210.285,0,1,3,48.39000000000001,-3.364,CN(c1nc(N(C)C)nc(n1)N(C)C)C,37.51138088012139,AD{A}arda{da{dr}D{A}A}D{A}A
"2,4-Dimethyl-2-pentanol ",-1.6469999999999998,1,116.20399999999998,1,0,2,20.23,-0.92,CC(O)(C)CC(C)C,18.96813353566009,AA{A}AA{A}{A}B
Cycloheptyl-5-spirobarbituric acid,-1.844,1,210.233,2,2,0,75.27,-3.168,O=C1NC(C2(CCCCCC2)C(N1)=O)=O,36.02427921092565,B~AsDA{~B}Ar{AAAAAAr}A{~B}Ds 
Fructose,0.471,1,180.156,5,1,2,110.38,0.64,OC1C(O)C(OC1(O)CO)CO,7.132018209408194,BAArBA{B}{AB}A{B}ArB
"3,5-Dimethylphenol",-2.652,1,122.16699999999996,1,1,0,20.23,-1.4,c1c(cc(cc1C)O)C,22.610015174506827,Aaraa{A}aa{B}ar
Barban,-4.16,1,258.104,1,1,2,38.33,-4.37,C(C#CCOC(=O)Nc1cccc(Cl)c1)Cl,45.144157814871015,ZAA^AABA{~B}Daraaaa{Z}ar
p-Chloroacetanilide,-2.642,1,169.611,1,1,1,29.1,-2.843,c1(ccc(Cl)cc1)NC(C)=O,33.55842185128984,AA{~B}Daraaa{Z}aar
"2,2',3,4,5,5',6-PCB",-7.898,1,395.3270000000001,0,2,1,0.0,-8.94,Clc1c(Cl)c(Cl)c(Cl)c(Cl)c1-c1cc(ccc1Cl)Cl,79.81790591805766,Zaraaa{Z}a{ar}asa{Z}a{Z}a{Z}a{Z}asZ
"2,2-Dimethylbutane",-2.584,1,86.17799999999998,0,0,0,0.0,-3.55,C(CC)(C)(C)C,38.922610015174506,AAA{A}{A}A
N-Methylaniline ,-2.097,1,107.15599999999998,1,1,1,12.03,-1.28,c1c(cccc1)NC,21.69954476479515,ADaraaaaar
"1,4-Pentadiene ",-1.758,1,68.119,0,0,2,0.0,-2.09,C(C=C)C=C,27.84522003034901,A~AAA~A
Hydrocortisone 21-acetate,-3.692,1,404.5030000000002,2,4,3,100.90000000000002,-4.88,C1=C2CCC3C4CCC(C4(C)CC(C3C2(C)CCC1=O)O)(O)C(=O)COC(=O)C,49.01365705614568,AA{~B}BAA{~B}Ar{B}AAAsAtAAAu~AA{~B}AAAu{A}AtA{B}AAsrA
DNOC,-2.818,1,198.134,1,1,2,106.51000000000002,-1.456,Cc1c(c(cc([N+](=O)[O-])c1)[N+](=O)[O-])O,23.03490136570562,Aaraa{aa{D{~B}~B}arB}D{~B}~B
Lorazepam,-3.75,1,321.163,2,3,1,61.690000000000005,-3.604,c1ccc(c(c1)Cl)C1c2cc(Cl)ccc2NC(=O)C(O)N=1,39.33232169954477,BAtD~A{araaaaarZ}asaa{Z}aaasDAt~B
3-Chlorophenol,-2.761,1,128.558,1,1,0,20.23,-0.7,c1c(Cl)cccc1O,17.298937784522007,Baraaaa{Z}ar
m-Chlorobromobenzene,-3.928,1,191.455,0,1,0,0.0,-3.21,c1cc(cc(c1)Br)Cl,36.34294385432474,Zaraaaa{X}ar
chlorothiazide,-1.7519999999999998,1,295.72900000000004,2,2,1,118.69,-3.05,Clc1c(S(N)(=O)=O)cc2S(=O)(=O)NC=Nc2c1,35.12898330804249,DE{~B}{~B}asaara{D~ADEr{~B}~B}aasZ 
5-Methyl-5-ethylbarbituric acid,-0.911,1,170.16799999999998,2,1,1,75.27000000000001,-1.228,O=C1NC(C(C)(CC)C(=O)N1)=O,21.30500758725341,B~ArDA{~B}DA{~B}Ar{A}AA
2-Phenoxyethanol,-1.761,1,138.16599999999997,1,1,3,29.46,-0.7,O(CCO)c1ccccc1,17.298937784522007,BAABaraaaaar
Diphenylmethane,-4.09,2,168.239,0,2,2,0.0,-4.08,C(c1ccccc1)c1ccccc1,42.943854324734446,A{araaaaar}asaaaaas
3-Octanol,-2.033,1,130.23099999999997,1,0,5,20.23,-1.98,C(CCCC)C(CC)O,27.01062215477997,AAAAAA{B}AA
Flumetralin,-6.584,1,421.7340000000001,0,2,6,89.51999999999998,-6.78,c1(cc(C(F)(F)F)cc(c1N(Cc1c(cccc1Cl)F)CC)[N+]([O-])=O)[N+](=O)[O-],63.42943854324734,AAD{Aara{G}aaaarZ}asa{aa{aasD{~B}~B}A{G}{G}G}D{~B}~B
Propazine,-3.329,1,229.71500000000003,2,1,4,62.73,-4.43,CC(C)Nc1nc(nc(NC(C)C)n1)Cl,45.59939301972686,AA{A}Darda{Z}da{DA{A}A}dr
2-Methylpentanol,-1.381,1,102.177,1,0,3,20.23,-1.11,C(CC(CO)C)C,20.40971168437026,AAAA{A}AB
2-Methyl-2-hexanol,-1.663,1,116.20399999999998,1,0,3,20.23,-1.08,CC(C)(O)CCCC,20.18209408194234,AAAAA{A}{A}B
Ethylbenzene,-2.988,1,106.16799999999996,0,1,1,0.0,-2.77,c1cc(ccc1)CC,33.00455235204856,AAaraaaaar
5-(3-Methyl-2-butenyl)-5-ethylbarbital,-2.126,1,224.26,2,1,3,75.27000000000001,-2.253,O=C1NC(C(CC=C(C)C)(CC)C(N1)=O)=O,29.081942336874054,B~ArDA{~B}DA{~B}Ar{AA}AA~A{A}A
Heptachlor,-5.26,1,373.3209999999999,0,3,0,0.0,-6.317,C1=CC2C3(Cl)C(Cl)=C(Cl)C(C2C1Cl)(Cl)C3(Cl)Cl,59.9165402124431,ZArA~AAsArAt{Z}A{~A{Z}As{Z}At{Z}Z}Z
butallylonal,-2.766,1,303.156,2,1,4,75.27000000000001,-2.647,O=C1NC(=O)NC(C1(CC(Br)=C)C(CC)C)=O,32.071320182094084,AAA{A}Ar{AA{X}~A}A{~B}DA{~B}DAr~B 
Fenpropathrin,-6.15,1,349.43000000000006,0,3,5,59.32000000000001,-6.025,c1cccc(c1)Oc1cccc(c1)C(OC(=O)C1C(C)(C1(C)C)C)C#N,57.701062215478,AAr{A}A{A{~B}BA{A^D}asaaaa{Bataaaaat}as}Ar{A}A
Methoprene,-4.795,1,310.47800000000007,0,0,10,35.53,-5.19,C(OC(C)C)(C=C(C=CCC(C)CCCC(C)(OC)C)C)=O,51.36570561456752,ABA{A}{A}AAAA{A}AA~AA{A}~AA{~B}BA{A}A
Ethyl propionate,-1.1909999999999998,1,102.133,0,0,2,26.3,-0.66,C(CC)(OCC)=O,16.995447647951444,AABA{~B}AA
Prometryn,-3.693,1,241.364,2,1,5,62.73,-4.1,c1(nc(SC)nc(n1)NC(C)C)NC(C)C,43.095599393019725,AEarda{DA{A}A}da{DA{A}A}dr
Buturon,-3.199,1,236.702,1,1,2,32.34,-3.9,c1c(ccc(c1)Cl)NC(N(C)C(C)C#C)=O,41.57814871016692,AA{A^A}D{A}A{~B}Daraaa{Z}aar
"2,3-Dimethylnaphthalene",-4.1160000000000005,1,156.22799999999998,0,2,0,0.0,-4.72,c1c2c(cccc2)cc(c1C)C,47.79969650986343,AaraasaaaaasaarA
"2,4',5-PCB",-5.7620000000000005,1,257.547,0,2,1,0.0,-6.25,c1c(Cl)cc(-c2ccc(Cl)cc2)c(Cl)c1,59.40819423368741,Zaraaa{aar}asaa{Z}aaasZ 
"2,3',4,4',5-PCB",-7.343,1,360.88200000000006,0,2,1,0.0,-7.39,c1(ccc(Cl)cc1Cl)-c1c(Cl)c(c(c(c1)Cl)Cl)Cl,68.0576631259484,Zaraaa{a{Z}ar}asaa{Z}a{Z}a{Z}asZ 
2-cyanoguanidine,0.361,1,84.082,2,0,0,88.19,-0.31,C(=NC#N)(N)N,14.339908952959028,DA{D}~DA^D 
Chloropicrin,-1.866,1,164.375,0,0,0,43.14,-2.0,C(Cl)(Cl)(Cl)[N+](=O)[O-],27.16236722306525,ZA{Z}{Z}D{~B}~B
"2,6-PCB",-4.984,1,223.102,0,2,1,0.0,-5.21,c1cc(c(c(c1)Cl)-c1ccccc1)Cl,51.51745068285281,Zaraaaa{Z}arasaaaaas 
p-Methoxybenzaldehyde,-2.252,1,136.14999999999998,0,1,2,26.3,-1.49,O(C)c1ccc(cc1)C=O,23.292867981790597,ABaraaa{A~B}aar
4-Nitroacetanilide,-2.219,1,180.163,1,1,2,72.24000000000001,-2.692,c1cc(ccc1NC(C)=O)[N+]([O-])=O,32.41274658573597,AA{~B}Daraaa{aar}D{~B}~B
Ethyl heptanoate,-2.608,1,158.241,0,0,6,26.3,-2.74,O(CC)C(=O)CCCCCC,32.77693474962064,AAAAAAA{~B}BAA
p-Hydroxyacetanilide,-1.495,1,151.165,2,1,1,49.33,-1.03,CC(Nc1ccc(O)cc1)=O,19.80273141122914,AA{~B}Daraaa{B}aar
indazole,-2.34,2,118.13899999999998,1,2,0,28.68,-2.16,c1cccc2[nH]ncc12,28.376327769347498,asaaar{dH}daaras 
triamcinolone acetonide,-3.928,1,434.50400000000025,2,5,2,93.06000000000002,-4.31,C12(CC(C3(F)C(C1CC1OC(OC12C(CO)=O)(C)C)CCC1=CC(=O)C=CC13C)O)C,44.688922610015176,AAv{A}BAuAAtAsAAAr~AA{~B}A~AAr{A}As{G}A{B}AAt{A}Au{Bv}A{~B}AB 
guanine,-0.67,1,151.129,3,2,0,100.45,-3.583,n1c2c(c([nH]c1N)=O)nc[nH]2,39.17298937784523,Dasdar{dH}adara{~B}{dH}s 
Methyl acetate,-0.416,1,74.07900000000001,0,0,0,26.3,0.46,O(C)C(=O)C,8.497723823975722,ABA{~B}A
Stanolone,-3.882,1,290.44699999999995,1,4,0,37.3,-4.743,CC12C(C3CCC4CC(CCC4(C3CC2)C)=O)CCC1O,47.97420333839151,AAtuAAArA{AAAsAA{~B}AAArsA}AtAAAuB 
1-Hexene-3-ol,-1.199,1,100.161,1,0,3,20.23,-0.59,OC(CCC)C=C,16.464339908952958,AAAA{B}A~A
norbormide,-4.238,1,511.5810000000002,2,7,5,92.18,-3.931,c1cccc(n1)C(=C1C2C(C(c3ccccc3)(O)c3ccccn3)=CC1C1C(=O)NC(=O)C12)c1ccccc1,41.81335356600911,BA{Ar~AAsAvA{ArAs~A{ataaaaat}auaaaadu}A{~B}DAv~B}{awaaaaaw}axaaaadx 
Dibutyl ether ,-2.135,1,130.231,0,0,6,9.23,-1.85,C(OCCCC)CCC,26.024279210925645,AAAABAAAA
1-Dodecanol,-3.523,1,186.339,1,0,10,20.23,-4.8,OCCCCCCCCCCCC,48.40667678300456,AAAAAAAAAAAAB
RTI 6,-3.335,1,313.36100000000005,2,3,4,81.59000000000002,-3.36,c1cc2c(nc1)N(c1c(NC2=O)ccc(N(CCO)C)n1)CC,37.481031866464335,AADsarda{D{A}{AAB}}aaarDA{~B}ataaadast 
2-Methyl-2-pentanol,-1.308,1,102.17699999999998,1,0,2,20.23,-0.49,CC(CCC)(C)O,15.705614567526558,AAAA{A}{A}B
Flucytosine,-0.132,1,129.09399999999997,2,1,0,71.77,-0.972,O=c1nc(c(c[nH]1)F)N,19.362670713201823,Darda{~B}{dH}aarG
stadacaine,-5.127999999999999,1,293.40700000000004,0,1,9,38.77,-3.84,N(CC)(c1cc(OCCCC)ccc1C(OCC)=O)CC,41.12291350531108,AAAABaraaa{A{~B}BAA}a{ar}D{AA}AA 
2-Methyl-2-heptanol,-2.017,1,130.231,1,0,4,20.23,-1.72,OC(C)(C)CCCCC,25.03793626707132,AAAAAA{A}{A}B
Hexamethylbenzene,-4.361000000000001,1,162.27599999999998,0,1,0,0.0,-5.23,c1(C)c(C)c(C)c(c(C)c1C)C,51.66919575113809,Aara{A}a{A}a{A}a{A}arA
Thymol,-3.129,1,150.22099999999998,1,1,1,20.23,-2.22,CC(c1c(O)cc(C)cc1)C,28.83156297420334,AA{A}araaa{A}aarB
Pteridine,-0.906,2,132.12599999999998,0,2,0,51.56,0.02,n1c2nccnc2cnc1,11.836115326251898,asadardadaards
Parathion,-3.949,1,291.26500000000004,0,1,7,70.83000000000001,-4.66,c1cc(OP(OCC)(OCC)=S)ccc1[N+](=O)[O-],47.34446130500759,AABK{~E}{BAA}Baraaa{aar}D{~B}~B
Methane,-0.636,0,16.043,0,0,0,0.0,-0.9,C,18.81638846737481,A
indoline,-2.195,2,119.167,1,2,0,12.03,-1.04,C1c2c(cccc2)NC1,19.878603945371776,asaaarDAAaras 
1-Nitronapthalene,-3.414,1,173.171,0,2,1,43.14,-3.54,c1c2ccccc2c(cc1)[N+](=O)[O-],38.846737481031866,B~D{~B}araaaasaaaaars
3-Methyl-2-pentanone,-1.266,1,100.161,0,0,2,17.07,-0.67,O=C(C)C(CC)C,17.071320182094084,AAA{A}A{~B}A
isoguanine,-1.74,1,151.129,3,2,0,100.71,-3.401,[nH]1cnc2c1c(N)nc(O)n2,37.792109256449166,Darda{B}dasda{dH}ars 
bromadiolone,-7.877000000000001,1,527.4140000000002,2,5,6,70.67,-4.445,c1(ccc(cc1)-c1ccc(cc1)Br)C(CC(c1ccccc1)c1c(O)c2ccccc2oc1=O)O,45.71320182094082,BA{AA{araaaaar}ata{B}asaaaaasbat~B}auaaa{aau}avaaa{X}aav 
Nitromethane,-0.042,1,61.040000000000006,0,0,0,43.14,0.26,O=[N+](C)[O-],10.015174506828528,AD{~B}~B
Triallate,-4.578,1,304.67,0,0,4,20.31,-4.88,N(C(SCC(Cl)=C(Cl)Cl)=O)(C(C)C)C(C)C,49.01365705614568,AA{A}D{A{A}A}A{~B}EAA{Z}~A{Z}Z
"1,5-Hexadiene ",-2.112,1,82.14599999999999,0,0,3,0.0,-2.68,C(CCC=C)=C,32.3216995447648,A~AAAA~A
Indole,-2.654,2,117.15099999999995,1,2,0,15.79,-1.52,c12ccccc1[nH]cc2,23.520485584218516,asaaar{dH}aaaras
Androstenedione,-3.393,1,286.415,0,4,0,34.14,-3.69,C12C(C3C(CC1)(C)C(=O)CC3)CCC1C2(C)CCC(=O)C=1,39.98482549317147,AAtuAAArA{AAAs~AA{~B}AAArsA}AtAAAu~B
1-Hexene,-2.364,1,84.16199999999999,0,0,3,0.0,-3.23,C(C)CCC=C,36.49468892261002,AAAAA~A
Xipamide,-3.642,1,354.8150000000001,3,2,3,109.48999999999998,-3.79,c1(NC(c2c(cc(Cl)c(c2)S(=O)(=O)N)O)=O)c(C)cccc1C,40.74355083459788,Aaraaaa{A}arDA{~B}asaa{a{Z}aasB}E{D}{~B}~B
Ethylcyclohexane,-3.245,1,112.216,0,1,1,0.0,-4.25,C1CCC(CC1)CC,44.23368740515933,AAArAAAAAr
2-Nonanone,-2.263,1,142.242,0,0,6,17.07,-2.58,C(CC)CCCCC(=O)C,31.562974203338392,AAAAAAAA{~B}A
Mebendazole,-4.118,1,295.298,2,3,3,84.07999999999998,-3.88,c1cc2c([nH]c(NC(=O)OC)n2)cc1C(=O)c1ccccc1,41.42640364188164,ABA{~B}Dasdaraaa{aar{dH}s}A{~B}ataaaaat
Chloropham,-3.544,1,213.664,1,1,2,38.33,-3.38,C(OC(C)C)(=O)Nc1cccc(Cl)c1,37.63277693474962,AA{A}BA{~B}Daraaaa{Z}ar
RTI 12,-3.446,1,288.73800000000006,0,3,1,49.330000000000005,-4.114,c12c(N(c3c(cccn3)C(N1C)=O)CC)nc(cc2)Cl,43.201820940819424,AADsarda{Z}aaarD{A}A{~B}ataaadast 
Carbaryl,-3.087,1,201.225,1,2,1,38.33,-3.224,O=C(NC)Oc1cccc2ccccc21,36.44916540212444,ADA{~B}Baraaaasaaaaars
Ethyne,-0.252,1,26.038,0,0,0,0.0,0.29,C#C,9.787556904400606,A^A
"3,5-Dimethylpyridine",-2.0980000000000003,1,107.15599999999998,0,1,0,12.89,0.38,c1ncc(C)cc1C,9.104704097116844,Aaradaa{A}ar
"1,4-Cyclohexadiene",-1.842,2,80.12999999999998,0,1,0,0.0,-2.06,C1CC=CCC=1,27.61760242792109,ArA~AAA~Ar
Mecarbam,-3.738,1,329.3800000000001,0,0,8,65.07000000000001,-2.518,S(CC(=O)N(C)C(OCC)=O)P(OCC)(OCC)=S,31.092564491654027,AABA{~B}D{A}A{~B}AEK{~E}{BAA}BAA
1-Phenylethanol,-1.919,1,122.16699999999996,1,1,1,20.23,-0.92,c1ccccc1C(C)O,18.96813353566009,AA{B}araaaaar
"1,2-Dichloropropane",-1.794,1,112.987,0,0,1,0.0,-1.6,CC(CCl)Cl,24.127465857359635,AA{Z}AZ
2-Ethyl-2-hexanal,-2.081,1,126.19899999999998,0,0,4,17.07,-2.46,O=CC(CC)=CCCC,30.652503793626707,AAAA~A{AA}A~B
Disulfoton,-3.975,1,274.413,0,0,9,18.46,-4.23,O(CC)P(=S)(OCC)SCCSCC,44.08194233687405,AABK{~E}{BAA}EAAEAA
methyltestosterone acetate,-4.863,1,344.4950000000001,0,4,1,43.370000000000005,-5.284,C12C3CCC(C)(OC(C)=O)C3(CCC2C2(C)C(CC1)=CC(=O)CC2)C,52.07890743550835,AA{~B}BAt{A}AAAuAsAAAr~AA{~B}AAAr{A}AsAAAtuA 
"2,4,6-PCB",-5.604,1,257.547,0,2,1,0.0,-6.14,Clc1ccc(cc1)-c1c(cccc1Cl)Cl,58.573596358118365,Zaraaa{aar}asa{Z}aaaasZ 
difluron,-4.692,1,310.687,2,2,2,58.2,-6.02,c1(c(c(F)ccc1)C(=O)NC(=O)Nc1ccc(cc1)Cl)F,57.66312594840668,Garaaaa{G}arA{~B}DA{~B}Dasaaa{Z}aas
Triclosan,-5.645,1,289.545,1,2,2,29.46,-4.46,c1(Cl)cc(Cl)c(cc1)Oc1ccc(Cl)cc1O,45.82701062215478,Baraa{Z}aaarBasaaa{Z}aasZ
diisooctyl phthalate,-7.117000000000001,1,390.5640000000002,0,1,14,52.60000000000001,-6.6370000000000005,C(CCCOC(=O)c1c(cccc1)C(OCCCCCC(C)C)=O)CC(C)C,62.34446130500759,ar{A{~B}BAAAAAA{A}{A}}a{A{~B}BAAAAAA{A}{A}}aaaar
Corticosterone,-3.454,1,346.46700000000016,2,4,2,74.6,-3.24,C12CCC3C(C1(C)CCC(C=2)=O)C(O)CC1(C)C3CCC1C(=O)CO,36.57056145675266,AArsAA{B}AtA{AAAu~AA{~B}AAAtuA}AsAAArA{~B}AB
"1,3,5-Trimethylbenzene ",-3.375,1,120.19499999999998,0,1,0,0.0,-3.4,Cc1cc(C)cc(c1)C,37.78452200303491,Aaraa{A}aa{A}ar
dioctyl phthalate,-7.148,1,390.5640000000004,0,1,16,52.60000000000001,-5.115,c1(C(OCCCCCCCC)=O)ccccc1C(OCCCCCCCC)=O,50.79666160849772,AAAAAAAABA{~B}araaaaarA{~B}BAAAAAAAA 
1-Pentadecanol,-4.586,1,228.41999999999996,1,0,13,20.23,-6.35,C(CCCCCCCO)CCCCCCC,60.16691957511381,AAAAAAAAAAAAAAAB
"2,2',6,6'-PCB",-5.915,1,291.992,0,2,1,0.0,-7.39,c1c(Cl)c(-c2c(Cl)cccc2Cl)c(cc1)Cl,68.0576631259484,Zaraaaa{Z}arasa{Z}aaaasZ 
"5,5-Dimethylbarbituric acid",-0.556,1,156.141,2,1,0,75.27000000000001,-1.742,C1(NC(=O)NC(=O)C1(C)C)=O,25.20485584218513,B~ArDA{~B}DA{~B}Ar{A}A
2-Iodopropane,-2.486,1,169.993,0,0,0,0.0,-2.09,IC(C)C,27.84522003034901,AA{A}H
"1,2-Dinitrobenzene",-2.281,1,168.10799999999995,0,1,2,86.28,-3.1,c1(ccccc1[N+](=O)[O-])[N+]([O-])=O,35.50834597875569,B~D{~B}araaaaarD{~B}~B
3-Methyl-2-butanone,-0.912,1,86.13399999999999,0,0,1,17.07,-0.12,CC(C(C)=O)C,12.898330804248864,AA{A}A{~B}A
Hexadecane,-6.159,1,226.44799999999992,0,0,13,0.0,-8.4,C(CCCCCCCCCCC)CCCC,75.72078907435508,AAAAAAAAAAAAAAAA
"1,8-Cineole",-2.579,1,154.253,0,3,0,9.23,-1.74,C12CCC(CC1)(OC2(C)C)C,25.189681335356603,AArsAAA{AAr}A{A}{A}Bs
Tricyclazole,-2.8680000000000003,1,189.243,0,3,0,30.19,-2.07,c1cc2c(c(c1)C)n1cnnc1s2,27.69347496206373,Aasaaaatsarddadrast 
2-Octanone,-1.909,1,128.21499999999995,0,0,5,17.07,-2.05,CC(=O)CCCCCC,27.54172989377845,AAAAAAA{~B}A
Methyl nonanoate,-2.962,1,172.268,0,0,7,26.3,-3.38,C(CCCC)CCCC(OC)=O,37.63277693474962,AAAAAAAAA{~B}BA
"1,4-Difluorobenzene",-2.636,1,114.094,0,1,0,0.0,-1.97,c1(ccc(cc1)F)F,26.93474962063733,Garaaa{G}aar
Thalidomide,-1.944,1,258.233,1,3,1,83.55000000000001,-2.676,C1(=O)N(C(=O)c2c1cccc2)C1CCC(=O)NC1=O,32.29135053110774,B~ArD{AsAAA{~B}DAs~B}A{~B}ataaaaart
Trifluralin,-5.205,1,335.28200000000004,0,1,7,89.51999999999998,-5.68,[N+](c1cc(C(F)(F)F)cc(c1N(CCC)CCC)[N+]([O-])=O)([O-])=O,55.083459787556905,AAAD{AAA}ara{aa{aarD{~B}~B}A{G}{G}G}D{~B}~B
Ethanol,0.02,1,46.069,1,0,0,20.23,1.1,C(O)C,3.6418816388467374,AAB
Cyclopentyl-5-spirobarbituric acid,-0.966,1,182.179,2,2,0,75.27,-2.349,C1CCC2(C1)C(NC(NC2=O)=O)=O,29.810318664643404,B~AsDA{~B}Ar{AAAAr}A{~B}Ds
Carbetamide,-2.29,1,236.271,2,1,4,67.42999999999999,-1.83,c1cc(ccc1)NC(=O)OC(C(=O)NCC)C,25.872534142640365,ara{DA{~B}BA{A}A{~B}DAA}aaaar
phenothrin,-6.763,1,350.4580000000001,0,3,6,35.53,-5.24,C(OCc1cccc(Oc2ccccc2)c1)(=O)C1C(C)(C)C1C=C(C)C,51.74506828528073,AA{A}~AAtA{A{~B}BAasaaaa{Baraaaaar}as}At{A}A 
Cycluron,-2.629,1,198.30999999999992,1,1,1,32.34,-2.218,C(NC1CCCCCCC1)(=O)N(C)C,28.81638846737481,AD{A}A{~B}DArAAAAAAAr
Mirex,-6.155,1,545.5460000000002,0,6,0,0.0,-6.8,C12(Cl)C(Cl)(Cl)C3(C4(C5(Cl)C(C(C24Cl)(Cl)C1(Cl)C35Cl)(Cl)Cl)Cl)Cl,63.581183611532616,ZAr{As{Z}At{Z}Au{Z}Av{Z}Ar{Z}At{Z}Z}Av{Z}A{Z}{Z}AsuZ
1-Bromooctane,-3.721,1,193.128,0,0,6,0.0,-5.06,C(CCCCBr)CCC,50.379362670713206,AAAAAAAAX
Benomyl,-2.902,1,290.323,2,2,4,85.25,-4.883,O(C)C(Nc1nc2c(cccc2)n1C(=O)NCCCC)=O,49.03641881638846,AAAADA{~B}dra{DA{~B}BA}dasaaaaars
aminopyrine,-2.129,1,231.299,0,2,2,30.17,-0.364,c1ccc(cc1)-n1c(c(c(n1C)C)N(C)C)=O,14.749620637329288,AD{A}asa{A}d{A}d{araaaaar}as~B 
3-Pentanol,-0.97,1,88.15,1,0,2,20.23,-0.24,C(CC)(CC)O,13.808801213960546,AAA{B}AA
p-Nitrotoluene,-2.64,1,137.138,0,1,1,43.14,-2.49,[O-][N+](=O)c1ccc(cc1)C,30.88012139605463,Aaraaa{aar}D{~B}~B
4-Methylpentanol,-1.381,1,102.177,1,0,3,20.23,-1.14,C(C)(CCCO)C,20.63732928679818,AA{A}AAAB
Norethisterone,-2.669,1,314.42500000000007,2,4,0,57.53,-4.57,C12(C(CCC2C2CCC3=CC(=O)CCC3(C2CC1)O)(O)C#C)C,46.66160849772383,AAtuAAArA{AAAs~AA{~B}AAArsB}AtAAAu{B}A^A
bromopropylate,-5.832999999999999,1,428.12000000000006,1,2,4,46.53,-4.93,C(C)(C)OC(C(O)(c1ccc(cc1)Br)c1ccc(cc1)Br)=O,49.39301972685888,AA{A}BA{~B}A{B}{araaa{X}aar}asaaa{X}aas 
Pyrazon,-2.603,1,221.647,1,2,1,60.91,-2.878,c1ccc(cc1)-n1c(c(c(N)cn1)Cl)=O,33.82397572078908,Dasadd{araaaaar}a{~B}asZ
2-Methylbutan-2-ol,-0.954,1,88.14999999999998,1,0,1,20.23,0.15,C(C)(C)(O)CC,10.849772382397576,AAA{A}{A}B
p-Cresol,-2.313,1,108.14,1,1,0,20.23,-0.73,Oc1ccc(C)cc1,17.526555386949923,Aaraaa{B}aar
Ethyl formate,-0.402,1,74.07900000000001,0,0,2,26.3,0.15,C(OC=O)C,10.849772382397576,AABA~B
"N,N-Dimethylaniline",-2.542,1,121.18299999999996,0,1,1,3.24,-1.92,c1cc(ccc1)N(C)C,26.555386949924127,AD{A}araaaaar
Decalin,-3.715,2,138.254,0,2,0,0.0,-5.19,C1CC2CCCCC2CC1,51.36570561456752,ArAAAsAAAAAsAr
Butanethiol ,-1.676,1,90.191,1,0,2,0.0,-2.18,C(C)CCS,28.528072837632777,AAAAE
Benzo(e)pyrene,-6.007000000000001,2,252.316,0,5,0,0.0,-7.8,c12c3c4c(cccc4ccc3ccc1)c1ccccc12,71.16843702579665,araaasa{ar}ataaaauaaavaaaasavaut
Tetrachloroethylene,-3.063,1,165.834,0,0,0,0.0,-2.54,C(Cl)(Cl)=C(Cl)Cl,31.25948406676783,ZA{~A{Z}Z}Z
3-Pentanone,-0.912,1,86.134,0,0,2,17.07,-0.28,C(C(CC)=O)C,14.112291350531107,AAA{~B}AA
Acrylonitrile,-0.354,1,53.06399999999999,0,0,0,23.79,0.15,C(C=C)#N,10.849772382397576,A~AA^D
Flumethasone,-3.539,1,410.4570000000002,3,4,2,94.83,-5.613,C12CC(C3=CC(C=CC3(C1(C(CC1(C(O)(C(C)CC21)C(CO)=O)C)O)F)C)=O)F,54.57511380880121,AArAAsAtAA{G}Au~AA{~B}A~AAu{A}At{G}A{B}AAs{A}Ar{B}A{~B}AB
2-Hexanone,-1.2,1,100.161,0,0,3,17.07,-0.8,C(CCC)C(C)=O,18.05766312594841,AAAAA{~B}A
Terbumeton,-3.505,1,225.296,2,1,4,71.96000000000001,-3.239,n1c(nc(nc1NC(C)(C)C)OC)NCC,36.56297420333839,AADarda{DA{A}{A}A}da{BA}dr
3-Methylheptane,-3.3080000000000003,1,114.232,0,0,4,0.0,-5.16,C(CC)(C)CCCC,51.138088012139605,AAAAA{A}AA
"1,2-Dibromoethane",-2.102,1,187.862,0,0,1,0.0,-1.68,C(CBr)Br,24.73444613050076,XAAX
Isoprocarb,-2.734,1,193.246,1,1,2,38.33,-2.863,c1cccc(OC(NC)=O)c1C(C)C,33.71016691957511,ADA{~B}BaraaaaarA{A}A
Niridazole,-1.948,1,214.206,1,2,2,88.37,-3.22,C1(NCCN1c1ncc(s1)[N+](=O)[O-])=O,36.41881638846738,B~ArDAADrasdaa{ss}D{~B}~B
Benzo(a)fluorene,-5.189,2,216.283,0,4,0,0.0,-6.68,c1cc2ccc3c(c2cc1)Cc1ccccc-31,62.67071320182095,Arasaaaaasataaauaaaaauart
2-Chloroanisole,-2.912,1,142.58499999999998,0,1,1,9.23,-2.46,c1(c(cccc1)Cl)OC,30.652503793626707,ABaraaaaarZ
Bromophos,-5.604,1,366.0,0,1,4,27.69,-6.09,Brc1cc(Cl)c(OP(=S)(OC)OC)cc1Cl,58.19423368740516,ABK{~E}{BA}Baraa{Z}a{X}aarZ
Quinonamid,-3.988,1,332.57000000000005,1,2,3,63.24,-5.03,C1(Cl)C(c2c(cccc2)C(C=1NC(=O)CC(Cl)Cl)=O)=O,50.15174506828528,ZA{Z}AA{~B}DAs~A{Z}A{~B}araaaaarAs~B
"P,P'-DDD",-6.007999999999999,1,320.04600000000005,0,2,3,0.0,-7.2,c1c(ccc(c1)C(c1ccc(Cl)cc1)C(Cl)Cl)Cl,66.61608497723824,ZA{Z}A{araaa{Z}aar}asaaa{Z}aas 
Methyl acrylate,-0.878,1,86.09,0,0,1,26.3,-0.22,O=C(C=C)OC,13.657056145675266,ABA{~B}A~A
Chloroxuron,-4.477,1,290.75,1,2,3,41.57000000000001,-4.89,N(C)(C(=O)Nc1ccc(Oc2ccc(Cl)cc2)cc1)C,49.08952959028832,AD{A}A{~B}Dasaaa{Baraaa{Z}aar}aas
Azobenzene,-4.034,2,182.226,0,2,2,24.72,-4.45,c1cc(ccc1)N=Nc1ccccc1,45.75113808801214,D{~Daraaaaar}asaaaaas
4-Isopropyltoluene,-3.617,1,134.22199999999998,0,1,1,0.0,-3.77,c1cc(C(C)C)ccc1C,40.5918057663126,AA{A}araaa{A}aar
"2,6-Dichlorophenol",-3.012,1,163.003,1,1,0,20.23,-1.79,Clc1c(c(Cl)ccc1)O,25.5690440060698,Bara{Z}aaaarZ
Sucrose,0.31,1,342.297,8,2,5,189.53,0.79,OCC1C(C(O)C(CO)(O1)OC1C(C(O)C(C(O1)CO)O)O)O,5.993930197268589,BAAsBA{BAr{AB}BA{AB}A{B}ArB}A{B}A{B}AsB 
d-inositol,-0.887,1,180.156,6,1,0,121.38,0.35,OC1C(C(O)C(C(C1O)O)O)O,9.332321699544766,BArA{B}A{B}A{B}A{B}ArB
Dyphylline,-0.847,1,254.24599999999995,2,2,3,102.28,-0.17,n1(c(=O)n(c(=O)c2c1ncn2CC(O)CO)C)C,13.277693474962064,Adsa{~B}d{A}ardad{AA{B}AB}aras~B
Chloramphenicol,-2.613,1,323.13200000000006,3,1,6,112.70000000000002,-2.111,C(NC(C(Cl)Cl)=O)(CO)C(c1ccc([N+]([O-])=O)cc1)O,28.00455235204856,BAA{DA{~B}A{Z}Z}A{B}araaa{aar}D{~B}~B
3-Ethyl-3-pentanol,-1.663,1,116.204,1,0,3,20.23,-0.85,C(CC)(CC)(O)CC,18.43702579666161,AAA{B}{AA}AA
Epitostanol,-4.545,1,306.51500000000004,1,5,0,20.23,-5.41,C1C2C3(CC4C(S4)CC3CCC2C2CCC(O)C2(C)C1)C,53.034901365705615,AAuvAAAsA{AAAtAArEArAAstA}AuAAAvB
"1,2-Dibromobenzene",-4.172,1,235.906,0,1,0,0.0,-3.5,Brc1c(cccc1)Br,38.54324734446131,XaraaaaarX
"2,4,6-Trichlorophenol",-3.648,1,197.448,1,1,0,20.23,-2.34,c1(Cl)c(c(cc(c1)Cl)Cl)O,29.74203338391502,Bara{Z}aa{Z}aarZ
oryzalin,-3.784,1,346.3650000000001,1,1,8,149.67999999999998,-5.16,O=[N+]([O-])c1cc(cc([N+]([O-])=O)c1N(CCC)CCC)S(=O)(N)=O,51.138088012139605,AAAD{AAA}ara{aa{aarD{~B}~B}E{D}{~B}~B}D{~B}~B
RTI 20,-3.663,1,255.292,0,3,2,20.31,-4.799,c1ccc2N(CCF)C(=O)c3c(cccc3)Cc2c1,48.399089529590285,AsaraaaaarD{AAG}A{~B}ataaaaast 
"2,4-Dimethyl-3-pentanone",-1.7519999999999998,1,114.18799999999996,0,0,2,17.07,-1.3,C(C)(C(C(C)C)=O)C,21.851289833080425,AA{A}A{~B}A{A}A
5-(3-Methyl-2-butenyl)-5-isoPrbarbital,-2.465,1,238.287,2,1,3,75.27000000000001,-2.593,O=C1NC(C(C(N1)=O)(CC=C(C)C)C(C)C)=O,31.661608497723822,B~ArDA{~B}DA{~B}Ar{A{A}A}AA~A{A}A
gentisin,-1.2919999999999998,1,262.261,2,3,1,75.99000000000001,-2.943,OC1C=CC2C(C(=O)C3C(O2)C=C(OC)C=C3O)C=1,34.317147192716234,ara{B}AsA{~B}Ataa{B}aaAtBAsaar{BA}
Caffeine,-1.4980000000000002,1,194.194,0,2,0,61.82,-0.8759999999999999,c1nc2c(n1C)c(=O)n(C)c(n2C)=O,18.634294385432472,Adradasd{A}a{~B}d{A}a{~B}ars
Spironolactone,-3.842,1,416.58300000000025,0,5,1,60.44,-4.173,C1C2=CC(CCC2(C)C2CCC3(C)C4(CCC3C2C1SC(=O)C)CCC(=O)O4)=O,43.649468892261,AA{~B}EAuAAr~AA{~B}AAAr{A}AvAAAs{A}A{AAAstAAA{~B}Bt}Auv
"3,4-Dimethylphenol",-2.6210000000000004,1,122.167,1,1,0,20.23,-1.38,Cc1cc(O)ccc1C,22.458270106221548,Aaraaa{B}aarA
Diphenyl ether ,-4.254,2,170.211,0,2,2,9.23,-3.96,c1c(cccc1)Oc1ccccc1,42.03338391502276,B{araaaaar}asaaaaas
"2,2',4,4',5,5'-PCB",-7.343,1,360.88200000000006,0,2,1,0.0,-8.56,c1(Cl)cc(Cl)c(cc1Cl)-c1cc(c(cc1Cl)Cl)Cl,76.93474962063733,Zaraa{Z}a{aarZ}asaa{Z}a{Z}aasZ 
nicotinamide,-0.964,1,122.12699999999997,1,1,1,55.98,0.61,n1cc(ccc1)C(N)=O,7.359635811836116,DA{~B}araaadar 
Thiophenol ,-2.758,1,110.18099999999995,1,1,0,0.0,-2.12,c1ccccc1S,28.07283763277693,Earaaaaar
XMC,-2.688,1,179.219,1,1,1,38.33,-2.5810000000000004,c1(cc(cc(C)c1)OC(NC)=O)C,31.570561456752657,ADA{~B}Baraa{A}aa{A}ar
Chlordane,-6.039,1,409.7819999999999,0,3,0,0.0,-6.86,C1(=C(Cl)C2(Cl)C(C1(Cl)C1C2C(C(Cl)C1)Cl)(Cl)Cl)Cl,64.03641881638848,ZArAAsA{ArZ}At{Z}A{~A{Z}As{Z}At{Z}Z}Z
Dimethyldisulfide,-1.524,1,94.204,0,0,1,0.0,-1.44,S(SC)C,22.91350531107739,AEEA
Benzamide,-1.501,1,121.13899999999995,1,1,1,43.09,-0.96,O=C(N)c1ccccc1,19.271623672230653,DA{~B}araaaaar
o-Chlorobromobenzene,-3.84,1,191.455,0,1,0,0.0,-3.19,c1(Br)ccccc1Cl,36.19119878603945,ZaraaaaarX
Monotropitoside,-1.493,1,446.405,6,3,6,184.6,-0.742,c1(OC2OC(C(O)C(C2O)O)COC2C(C(O)C(CO2)O)O)c(C(=O)OC)cccc1,17.617602427921096,ABA{~B}araaaaarBAsBA{ABAtBAA{B}A{B}AtB}A{B}A{B}AsB
3-Heptanol ,-1.6780000000000002,1,116.20399999999998,1,0,4,20.23,-1.47,CCC(CCCC)O,23.14112291350531,AAAAA{B}AA
RTI 15,-3.891,1,268.32,1,3,1,58.120000000000005,-4.553999999999999,N1C(=O)c2c(nccc2)N(c2c1c(cc(C)n2)C)CC,46.5402124430956,AADsarda{A}aa{A}arDA{~B}ataaadast 
"3,5-Dichlorophenol",-3.428,1,163.003,1,1,0,20.23,-1.34,c1(Cl)cc(cc(O)c1)Cl,22.15477996965099,Baraa{Z}aa{Z}ar
1-Methylphenanthrene,-4.87,1,192.261,0,3,0,0.0,-5.85,c1cc(c2ccc3ccccc3c2c1)C,56.37329286798179,Aaraaaasaraaataaaaats
2-Ethyl-1-hexanol,-2.089,1,130.231,1,0,5,20.23,-2.11,C(C(CO)CC)CCC,27.99696509863429,AAAAA{AA}AB
Diallate,-3.827,1,270.225,0,0,4,20.31,-4.2860000000000005,CC(C)N(C(SCC(=CCl)Cl)=O)C(C)C,44.50682852807284,AA{A}D{A{A}A}A{~B}EAA{~AZ}Z
Toluene ,-2.713,1,92.141,0,1,0,0.0,-2.21,c1cc(C)ccc1,28.7556904400607,Aaraaaaar
Nitrapyrin,-3.833,1,230.909,0,1,0,12.89,-3.76,c1cc(C(Cl)(Cl)Cl)nc(Cl)c1,40.51593323216996,Zaraaaa{dr}A{Z}{Z}Z
Cycloheptene,-2.599,2,96.173,0,1,0,0.0,-3.18,C1CCCCC=C1,36.11532625189682,ArAAA~AAAr
Thiram,-2.444,1,240.444,0,0,0,6.48,-3.9,S(C(N(C)C)=S)SC(N(C)C)=S,41.57814871016692,AD{A}A{~E}EEA{~E}D{A}A 
Griseofulvin,-3.3280000000000003,1,352.7700000000001,0,3,3,71.06,-3.2460000000000004,C1(CC(C=C(C12C(c1c(c(c(OC)cc1OC)Cl)O2)=O)OC)=O)C,36.616084977238245,ABAr~AA{~B}AA{A}ArtBasa{Z}a{BA}aa{BA}asAt~B
1-Decanol,-2.814,1,158.285,1,0,8,20.23,-3.63,OCCCCCCCCCC,39.52959028831563,AAAAAAAAAAB
"3,3-Dimethylpentane",-2.938,1,100.20499999999998,0,0,2,0.0,-4.23,C(C(C)(CC)C)C,44.08194233687405,AAA{A}{A}AA
vamidothion,-1.446,1,287.343,1,0,8,64.63000000000001,1.144,P(=O)(SCCSC(C)C(=O)NC)(OC)OC,3.3080424886191198,ADA{~B}A{A}EAAEK{~B}{BA}{BA}
"2,3,4,5-Tetrachlorophenol",-4.335,1,231.893,1,1,0,20.23,-3.15,Clc1c(Cl)c(cc(O)c1Cl)Cl,35.8877086494689,Baraa{Z}a{Z}a{Z}arZ
Butyraldehyde,-0.7490000000000001,1,72.107,0,0,2,17.07,-0.01,C(C=O)CC,12.063732928679816,AAAA~B
dexamethasone acetate,-3.933,1,434.5040000000003,2,4,3,100.9,-4.9,FC12C3(C)C=CC(C=C3CCC1C1CC(C(C1(C)CC2O)(C(=O)COC(=O)C)O)C)=O,49.16540212443096,AAuAAtAsAAAr~AA{~B}A~AAr{A}As{G}A{B}AAt{A}Au{B}A{~B}ABA{A}~B 
Butane,-1.907,1,58.124,0,0,1,0.0,-2.57,C(C)CC,31.48710166919576,AAAA
o-Methoxyphenol,-1.941,1,124.13899999999995,1,1,1,29.46,-1.96,c1(O)ccccc1OC,26.85887708649469,ABaraaaaarB
Fluoromethalone,-3.507,1,376.4680000000001,2,4,1,74.6,-4.099,O=C1C=CC2(C)C3(C(CC(C)C2=C1)C1C(C)(CC3O)C(O)(CC1)C(C)=O)F,43.08801213960546,AArAAsAtAAA{B}{A{~B}A}At{A}AA{B}As{G}Au{A}A~AA{~B}A~Aru
Pentachloroethane,-3.382,1,202.295,0,0,0,0.0,-2.6,C(Cl)(C(Cl)(Cl)Cl)Cl,31.71471927162367,ZA{Z}A{Z}{Z}Z
Diethyl phthalate ,-3.016,1,222.23999999999995,0,1,4,52.60000000000001,-2.35,CCOC(=O)c1c(C(OCC)=O)cccc1,29.817905918057665,AABA{~B}araaaaarA{~B}BAA
2-Methylpropan-1-ol,-0.672,1,74.12299999999999,1,0,1,20.23,0.1,C(C)(CO)C,11.229135053110774,AA{A}AB
Isobutylbenzene,-3.57,1,134.22199999999998,0,1,2,0.0,-4.12,c1cccc(CC(C)C)c1,43.24734446130501,AA{A}Aaraaaaar
Diiodomethane,-2.958,1,267.835,0,0,0,0.0,-2.34,C(I)I,29.74203338391502,HAH
4-Heptanol,-1.6780000000000002,1,116.204,1,0,4,20.23,-1.4,CCCC(CCC)O,22.610015174506827,AAAA{B}AAA
Pentyl acetate,-1.833,1,130.18699999999998,0,0,4,26.3,-1.89,O(CCCCC)C(C)=O,26.327769347496208,AAAAABA{~B}A
"2,3,5,6-Tetrachlorophenol",-4.203,1,231.893,1,1,0,20.23,-3.37,Clc1c(Cl)c(O)c(Cl)c(Cl)c1,37.55690440060698,Bara{Z}a{Z}aa{Z}arZ
Propylbenzene ,-3.281,1,120.19499999999996,0,1,2,0.0,-3.37,c1cc(ccc1)CCC,37.55690440060698,AAAaraaaaar
"1,2-Dichlorotetrafluoroethane",-2.697,1,170.92000000000002,0,0,1,0.0,-2.74,FC(F)(Cl)C(Cl)(F)F,32.77693474962064,GA{G}{Z}A{G}{G}Z
2-butenal,-0.604,1,70.09100000000001,0,0,1,17.07,0.32,C(C)=CC=O,9.559939301972689,AA~AA~B
tetramethylurea,-0.495,1,116.164,0,0,0,23.550000000000004,0.94,CN(C(N(C)C)=O)C,4.855842185128984,AD{A}A{~B}D{A}A 
"1,2,4,5-Tetramethylbenzene",-3.664,1,134.22199999999998,0,1,0,0.0,-4.59,Cc1c(C)cc(C)c(c1)C,46.81335356600911,Aaraa{A}a{A}aarA
norethindrone acetate,-4.2410000000000005,1,340.4630000000001,0,4,1,43.370000000000005,-4.8,C12=CC(=O)CCC2C2C(C3CCC(OC(C)=O)(C#C)C3(C)CC2)CC1,48.40667678300456,AA{~B}BAt{AAAuAsAAAr~AA{~B}AAArAsAAAtuA}A^A
Ditalimfos,-3.992,1,299.28800000000007,0,2,5,55.84,-3.35,c1cccc2C(N(C(c12)=O)P(OCC)(OCC)=S)=O,37.4051593323217,AABK{~E}{BAA}DsA{~B}araaaaarAs~B
salicylanilide,-3.782,1,213.236,2,2,2,49.33,-3.59,c1cc(ccc1)NC(c1ccccc1O)=O,39.22610015174507,araaaaarDA{~B}asa{B}aaaas
Sulfallate,-3.254,1,223.794,0,0,4,3.24,-3.39,S=C(SCC(Cl)=C)N(CC)CC,37.70864946889227,AAD{AA}A{~E}EAA{Z}~A
Chloroethane,-1.165,1,64.515,0,0,0,0.0,-1.06,C(C)Cl,20.03034901365705,ZAA
Mefluidide,-3.165,1,310.297,2,1,3,75.27000000000001,-3.24,c1(NS(=O)(=O)C(F)(F)F)cc(NC(C)=O)c(C)cc1C,36.57056145675266,AA{~B}Daraa{DE{~B}{~B}A{G}{G}G}a{A}aarA
Piperine,-3.659,1,285.343,0,3,3,38.77,-3.46,c1c2c(ccc1C=CC=CC(N1CCCCC1)=O)OCO2,38.23975720789075,B~A{A~AA~AasaaarBABaras}DtAAAAAt
cis-2-Pentene,-2.076,1,70.135,0,0,1,0.0,-2.54,C(\C)=C\CC,31.25948406676783,AALA~ARA
thiofanox,-2.7,1,218.322,1,0,3,50.69,-1.62,N(OC(NC)=O)=C(C(C)(C)C)CSC,24.27921092564492,ADA{~B}BD~A{AEA}A{A}{A}A 
Cyclooctyl-5-spirobarbituric acid,-2.2840000000000003,1,224.26,2,2,0,75.27,-2.982,O=C1NC(NC(=O)C21CCCCCCC2)=O,34.61305007587253,B~AsDA{~B}Ar{AAAAAAAr}A{~B}Ds
butacarb,-4.642,1,263.381,1,1,1,38.33,-4.24,c1c(OC(NC)=O)cc(cc1C(C)(C)C)C(C)(C)C,44.15781487101669,ar{A{A}{A}A}aa{A{A}{A}A}aa{BA{~B}DA}ar
Eriodictyol,-3.152,1,288.255,4,3,1,107.22,-3.62,Oc1c2c(cc(c1)O)OC(c1cc(c(cc1)O)O)CC2=O,39.45371775417299,Basaa{B}arA{~B}AA{Baras}ataaa{B}a{B}at
Benzophenone,-3.612,1,182.222,0,2,2,17.07,-3.12,c1ccc(C(c2ccccc2)=O)cc1,35.66009104704097,B~A{araaaaar}asaaaaas
Eicosane,-7.576,1,282.5559999999999,0,0,17,0.0,-8.172,C(CCCCCCCCCCCCC)CCCCCC,73.99089529590289,AAAAAAAAAAAAAAAAAAAA
hydrazobenzene,-3.492,2,184.242,2,2,3,24.06,-2.92,c1cccc(c1)NNc1ccccc1,34.14264036418817,D{Daraaaaar}asaaaaas 
2-Ethyl-1-butanol,-1.381,1,102.177,1,0,3,20.23,-1.17,C(O)C(CC)CC,20.8649468892261,AAA{AA}AB
4-hydroxypyridine,-1.655,1,95.10099999999998,1,1,0,33.120000000000005,1.02,n1ccc(O)cc1,4.248861911987861,Baraadaar
"cis 1,2-Dichloroethylene",-1.561,1,96.94400000000002,0,0,0,0.0,-1.3,C(\Cl)=C\Cl,21.851289833080425,ZRA~ALZ
Methylcyclopentane,-2.452,1,84.162,0,1,0,0.0,-3.3,C1CCC(C1)C,37.025796661608496,AArAAAAr
4-Methyl-2-pentanol,-1.308,1,102.17699999999998,1,0,2,20.23,-0.8,CC(O)CC(C)C,18.05766312594841,AA{A}AA{A}B
RTI 11,-3.125,1,254.289,1,3,0,55.56,-3.928,c1cc(cc2c1Oc1ccc(C)cc1C(=O)N2C)N,41.79059180576631,Bsaraaa{D}aarD{A}A{~B}ataa{A}aaast 
"2,2-Dimethylpropanol",-1.011,1,88.14999999999999,1,0,0,20.23,-0.4,C(C(C)(C)C)O,15.022761760242792,AA{A}{A}AB
Triadimefon,-4.132,1,293.754,0,2,4,57.010000000000005,-3.61,c1c(ccc(c1)OC(C(=O)C(C)(C)C)n1cncn1)Cl,39.37784522003035,AA{A}{A}A{~B}A{Baraaa{Z}aar}dsadads
Isocarboxazid,-2.251,1,231.255,2,2,4,67.16,-2.461,N(Cc1ccccc1)NC(=O)c1cc(on1)C,30.66009104704097,Aaraa{dbr}A{~B}DDAasaaaaas
Propylene,-1.235,1,42.081,0,0,0,0.0,-1.08,C(=C)C,20.18209408194234,AA~A
Dichlorophen,-4.924,1,269.127,2,2,2,40.46,-3.953,c1c(c(Cc2c(ccc(Cl)c2)O)cc(Cl)c1)O,41.98027314112292,Baraaa{Z}aarAasaa{Z}aaasB
Desmedipham,-4.182,1,300.314,2,2,4,76.66,-4.632,c1c(NC(=O)OCC)cccc1OC(=O)Nc1ccccc1,47.13201820940819,AABA{~B}Dasaaaa{BA{~B}Daraaaaar}as 
Anthraquinone,-3.34,1,208.216,0,3,0,34.14,-5.19,c1cccc2C(=O)c3ccccc3C(=O)c12,51.36570561456752,B~ArasaaaaasA{~B}ataaaaart
2-Octanol,-2.033,1,130.231,1,0,5,20.23,-2.09,C(CCCCC)C(C)O,27.84522003034901,AAAAAAA{A}B
Oxycarboxin,-2.169,1,267.306,1,2,2,72.47,-2.281,c1(ccccc1)NC(C1S(CCOC=1C)(=O)=O)=O,29.294385432473447,AAr~A{A{~B}Dasaaaaas}E{~B}{~B}AABr
Butylbenzene,-3.585,1,134.22199999999998,0,1,3,0.0,-4.06,c1(ccccc1)CCCC,42.792109256449166,AAAAaraaaaar
parabanic acid,1.091,1,114.06,2,1,0,75.27,-0.4,O=C1C(NC(N1)=O)=O,15.022761760242792,B~ArDA{~B}A{~B}Dr 
Abate,-6.678,1,466.47900000000016,0,2,10,55.38000000000001,-6.237,c1c(ccc(c1)OP(=S)(OC)OC)Sc1ccc(OP(OC)(OC)=S)cc1,59.30955993930198,ABK{~E}{BA}Baraaa{Easaaa{BK{~E}{BA}BA}aas}aar
Chlorthalidone,-2.564,1,338.7720000000001,3,3,2,109.49,-3.451,OC1(c2cc(S(N)(=O)=O)c(Cl)cc2)c2ccccc2C(=O)N1,38.17147192716237,DE{~B}{~B}araa{aaarZ}As{B}DA{~B}ataaaaast
Isobutyl acetate,-1.463,1,116.15999999999998,0,0,2,26.3,-1.21,C(OC(C)=O)C(C)C,21.168437025796663,AA{A}ABA{~B}A
"2,2,3-Trimethylbutane",-2.922,1,100.20499999999998,0,0,0,0.0,-4.36,C(C)(C)(C(C)C)C,45.068285280728375,AA{A}A{A}{A}A
"2,3,3',4,4'6-PCB",-7.746,1,395.3270000000001,0,2,1,0.0,-7.66,Clc1c(-c2ccc(Cl)c(c2Cl)Cl)c(c(c(c1)Cl)Cl)Cl,70.10622154779969,Zaraaa{a{Z}arZ}asa{Z}aa{Z}a{Z}asZ 
Phthalonitrile,-1.717,1,128.13399999999996,0,1,0,47.58,-2.38,N#Cc1c(cccc1)C#N,30.045523520485585,D^AaraaaaarA^D
m-Nitrotoluene,-2.64,1,137.138,0,1,1,43.14,-2.44,c1cc(cc(C)c1)[N+](=O)[O-],30.500758725341424,Aaraaaa{ar}D{~B}~B
halothane,-2.608,1,197.381,0,0,0,0.0,-1.71,C(F)(F)(F)C(Br)Cl,24.96206373292868,GA{G}{G}A{Z}X 
Oxamyl,-0.908,1,219.266,1,0,1,70.99999999999999,0.106,S(C)C(C(=O)N(C)C)=NOC(NC)=O,11.183611532625193,ADA{~B}BD~A{EA}A{~B}D{A}A
Thiometon,-3.323,1,246.359,0,0,7,18.46,-3.091,O(C)P(OC)(SCCSCC)=S,35.44006069802732,AAEAAEK{~E}{BA}BA
2-Methylbutane,-2.245,1,72.151,0,0,1,0.0,-3.18,C(C)(CC)C,36.11532625189682,AAA{A}A
Stirofos,-4.32,1,365.96400000000006,0,1,5,44.760000000000005,-4.522,c1(Cl)cc(Cl)c(Cl)cc1C(OP(OC)(=O)OC)=CCl,46.29742033383916,ABK{~B}{BA}BA{~AZ}araa{Z}a{Z}aarZ
