CMPD_CHEMBLID,exp,smiles,transformed_solubility,transformed_smiles
CHEMBL596271,3.54,Cn1c(CN2CCN(CC2)c3ccc(Cl)cc3)nc4ccccc14,16.0,Adra{ADsAAD{AAs}ataaa{Z}aat}dauaaaaaru
CHEMBL1951080,-1.18,COc1cc(OC)c(cc1NC(=O)CSCC(=O)O)S(=O)(=O)N2C(C)CCc3ccccc23,94.66666666666667,ABaraa{BA}a{aarDA{~B}AEAA{~B}B}E{~B}{~B}DsA{A}AAataaaaast
CHEMBL1771,3.69,COC(=O)[C@@H](N1CCc2sccc2C1)c3ccccc3Cl,13.5,ABA{~B}{A**H}{DrAAassaaasAr}ataaaaatZ
CHEMBL234951,3.37,OC[C@H](O)CN1C(=O)C(Cc2ccccc12)NC(=O)c3cc4cc(Cl)sc4[nH]3,18.833333333333332,BA{A*H}{B}ADrA{~B}A{Aasaaaaars}DA{~B}ataauaa{Z}sau{dH}t
CHEMBL565079,3.1,Cc1cccc(C[C@H](NC(=O)c2cc(nn2C)C(C)(C)C)C(=O)NCC#N)c1,23.333333333333332,Aaraaaa{A{A*H}{DA{~B}asaa{ddsA}A{A}{A}A}A{~B}DAA^D}ar
CHEMBL317462,3.14,OC1(CN2CCC1CC2)C#Cc3ccc(cc3)c4ccccc4,22.666666666666668,BAr{ADsAAArAAs}A^Aataaa{aat}auaaaaau
CHEMBL1951182,-0.72,COc1cc(OC)c(cc1NC(=O)CCC(=O)O)S(=O)(=O)NCc2ccccc2N3CCCCC3,87.0,ABaraa{BA}a{aarDA{~B}AAA{~B}B}E{~B}{~B}DAasaaaaasDtAAAAAt
CHEMBL2030960,0.34,CNc1cccc(CCOc2ccc(C[C@H](NC(=O)c3c(Cl)cccc3Cl)C(=O)O)cc2C)n1,69.33333333333333,ADaraaaa{AABasaaa{A{A*H}{DA{~B}ata{Z}aaaatZ}A{~B}B}aasA}dr
CHEMBL13097,3.05,COc1ccc(cc1)C2=COc3cc(OC)cc(OC)c3C2=O,24.16666666666667,ABaraaa{aar}As~ABataa{BA}aa{BA}atAs~B
CHEMBL1527751,2.25,Oc1ncnc2scc(c3ccsc3)c12,37.5,Bardadassaa{ataasat}ars
CHEMBL1940306,1.51,CS(=O)(=O)c1ccc(Oc2ccc(cc2)C#C[C@]3(O)CN4CCC3CC4)cc1,49.833333333333336,AE{~B}{~B}araaa{Basaaa{aas}A^A{A*}t{B}ADuAAAtAAu}aar
CHEMBL578201,2.61,C[C@H](Nc1nc(Nc2cc(C)[nH]n2)c(C)nc1C#N)c3ccc(F)cn3,31.5,A{A*H}{Darda{Dasaa{A}{dH}ds}a{A}darA^D}ataaa{G}adt
CHEMBL276218,-0.08,O=C1CCCCCN1,76.33333333333333,B~ArAAAAADr
CHEMBL2153181,1.95,CCCSc1ncccc1C(=O)N2CCCC2c3ccncc3,42.49999999999999,AAAEardaaaarA{~B}DsAAAAsataadaat
CHEMBL1916276,1.34,CC1CCCCC1NC(=O)c2cnn(c2NS(=O)(=O)c3ccc(C)cc3)c4ccccc4,52.666666666666664,AArAAAAArDA{~B}asadd{asDE{~B}{~B}ataaa{A}aat}auaaaaau
CHEMBL93884,3.2,Nc1ccc(cc1)c2nc3ccc(O)cc3s2,21.66666666666666,Daraaa{aar}asdataaa{B}aatss
CHEMBL2171986,1.6,COc1ccc(cc1)N2CCN(CC2)C(=O)[C@@H]3CCCC[C@H]3C(=O)NCC#N,48.333333333333336,ABaraaa{aar}DsAAD{AAs}A{~B}{A**H}tAAAA{A*H}tA{~B}DAA^D
CHEMBL190044,3.77,CCC(COC(=O)c1cc(OC)c(OC)c(OC)c1)(N(C)C)c2ccccc2,12.166666666666666,AAA{ABA{~B}araa{BA}a{BA}a{BA}ar}{D{A}A}asaaaaas
CHEMBL469790,3.15,COc1cc(ccc1N2CC[C@@H](O)C2)N3N=Nc4cc(sc4C3=O)c5ccc(Cl)cc5,22.5,ABaraa{aaarDsAA{A**H}{B}As}DtD~Dauaa{sauAt~B}avaaa{Z}aav
CHEMBL2165055,0.32,CO[C@H]1CN(CCN2C(=O)C=Cc3ccc(cc23)C#N)CC[C@H]1NCc4ccc5OCC(=O)Nc5n4,69.66666666666667,AB{A*H}rAD{AADsA{~B}A~Aataaa{aast}A^D}AA{A*H}rDAauaaavBAA{~B}Davdu
CHEMBL322479,2.92,CC(C)(CCCCCOCCc1ccccc1)NCCc2ccc(O)c3nc(O)sc23,26.333333333333332,AA{A}{AAAAABAAaraaaaar}DAAasaaa{B}atda{B}sast
CHEMBL2036736,1.92,Clc1ccc(cc1)C(=O)Nc2oc(nn2)C(=O)Nc3ccc(cc3)N4CCOCC4,43.0,Zaraaa{aar}A{~B}Dasba{dds}A{~B}Dataaa{aat}DuAABAAu
CHEMBL2179291,3.17,COc1ccc(Oc2cccc(CN3CCCC(C3)N4C=C(C)C(=O)NC4=O)c2)cc1,22.166666666666668,ABaraaa{Basaaaa{ADtAAAA{At}DuA~A{A}A{~B}DAu~B}as}aar
CHEMBL2158823,2.17,OC(=O)c1cccc(c1)N2CCC(CN3CCC(CC3)Oc4ccc(Cl)c(Cl)c4)CC2,38.833333333333336,BA{~B}araaaa{ar}DsAAA{ADtAAA{AAt}Bauaaa{Z}a{Z}au}AAs
CHEMBL641,1.2,CNCC[C@@H](Oc1ccccc1C)c2ccccc2,55.0,ADAA{A**H}{BaraaaaarA}asaaaaas
CHEMBL1289785,3.93,Clc1ccc(N2CCN(CC2)C(=O)CCCc3ccncc3)c(Cl)c1,9.499999999999998,Zaraaa{DsAAD{AAs}A{~B}AAAataadaat}a{Z}ar
CHEMBL1381135,1.9,COc1cnc(nc1N(C)C)c2ccccn2,43.333333333333336,ABarada{darD{A}A}asaaaads
CHEMBL528217,2.27,C(CCCCNc1cc(nc2ccccc12)c3ccccc3)CCCNc4cc(nc5ccccc45)c6ccccc6,37.166666666666664,A{AAAADaraa{dasaaaaars}ataaaaat}AAADauaa{davaaaaauv}awaaaaaw
CHEMBL2177621,1.2,CSc1c(cnn1c2ccc(cc2)C(=O)O)C(=O)NC3C4CC5CC(CC3C5)C4,55.0,AEara{addrasaaa{aas}A{~B}B}A{~B}DAtAuAAvAA{AAtAv}Au
CHEMBL475386,1.14,CNC1=Nc2ncccc2C(=NC1c3cccs3)c4occn4,56.00000000000001,ADAr~DasdaaaasA{~DArataaast}aubaadu
CHEMBL2325699,2.6,CS(=O)(=O)C1(CC1)c2cc(nc(n2)c3cccc4[nH]ccc34)N5CC6CCC(C5)O6,31.666666666666668,AE{~B}{~B}Ar{AAr}asaa{da{ds}ataaaau{dH}aaatu}DvAAwAAA{Av}Bw
CHEMBL2010845,3.3,CN([C@@H]1CCN(Cc2ccc(cc2)C(F)(F)F)C[C@@H]1F)C(=O)Cc3ccc(cc3)n4cnnn4,20.000000000000004,AD{{A**H}rAAD{Aasaaa{aas}A{G}{G}G}A{A**H}rG}A{~B}Aataaa{aat}duadddu
CHEMBL103,3.94,CC(=O)[C@H]1CC[C@H]2[C@@H]3CCC4=CC(=O)CC[C@]4(C)[C@H]3CC[C@]12C,9.333333333333334,AA{~B}{A*H}rAA{A*H}s{A**H}tAAAu~AA{~B}AA{A*}u{A}{A*H}tAA{A*}rsA
CHEMBL2208428,2.34,CS(=O)(=O)c1ccccc1C(=O)NC[C@@H](O)CN2CCC(CC2)Oc3ccc(Cl)c(Cl)c3,36.0,AE{~B}{~B}araaaaarA{~B}DA{A**H}{B}ADsAAA{AAs}Bataaa{Z}a{Z}at
CHEMBL1796293,2.57,O=C(NCc1ccncc1)c2ccc(Oc3ccccc3C#N)cc2,32.16666666666667,B~A{DAaraadaar}asaaa{BataaaaatA^D}aas
CHEMBL1557436,3.62,CN(C)c1ccnc2sc(C(=O)NCc3ccccc3)c(N)c12,14.666666666666664,AD{A}araadassa{A{~B}DAataaaaat}a{D}ars
CHEMBL2031236,2.06,CN1CCN(CC1)c2ccc3N=CN(C(=O)c3c2)c4cc(NC(=O)c5cscn5)ccc4C,40.666666666666664,ADrAAD{AAr}asaaatD~AD{A{~B}atas}auaa{DA{~B}avasadv}aaauA
CHEMBL2087849,4.33,Cn1cncc1c2c3C(=O)N(CC4CC4)C(=O)N(CC5CC5)c3nn2Cc6ccnc7ccc(Cl)cc67,2.833333333333332,AdradaarasatA{~B}D{AAuAAu}A{~B}D{AAvAAv}atddsAawaadaxaaa{Z}aawx
CHEMBL1235773,2.55,COc1ccc2ncc(C#N)c(CCN3CCC(CC3)NCc4cc5SCOc5cn4)c2c1,32.50000000000001,ABaraaasdaa{A^D}a{AADtAAA{AAt}DAauaavEABavadu}asar
CHEMBL339051,2.78,CNC(=O)C1(CCN(CC[C@H](CN(C)C(=O)c2c(OC)c(cc3ccccc23)C#N)c4ccc(Cl)c(Cl)c4)CC1)N5CCCCC5=O,28.66666666666667,ADA{~B}Ar{AAD{AA{A*H}{AD{A}A{~B}asa{BA}a{aataaaaast}A^D}auaaa{Z}a{Z}au}AAr}DvAAAAAv~B
CHEMBL168899,1.4,OB1N(C(=O)Nc2ccccc12)c3ccccc3,51.666666666666664,BBrD{A{~B}Dasaaaaars}ataaaaat
CHEMBL517,-0.54,CC(C)N(CCC(C(=O)N)(c1ccccc1)c2ccccn2)C(C)C,84.0,AA{A}D{AAA{A{~B}D}{araaaaar}asaaaads}A{A}A
CHEMBL578288,2.91,NC(=NC#N)c1sc(Nc2ccccc2)nc1N,26.5,DA{~DA^D}arsa{Dasaaaaas}darD
CHEMBL1778648,-0.4,CCS(=O)(=O)c1ccc(c(C)c1)c2cc(ccc2O[C@H](C)C(=O)O)C(F)(F)F,81.66666666666667,AAE{~B}{~B}araaa{a{A}ar}asaa{aaasB{A*H}{A}A{~B}B}A{G}{G}G
CHEMBL1778635,-0.16,OC(=O)COc1ccc(cc1c2cc(ccc2F)C#N)C(F)(F)F,77.66666666666667,BA{~B}ABaraaa{aarasaa{aaasG}A^D}A{G}{G}G
CHEMBL1234354,2.2,COc1ccc(cn1)C2=Cc3c(C)nc(N)nc3N([C@@H]4CC[C@H](CC4)OCCO)C2=O,38.33333333333333,ABaraaa{adr}As~Aata{A}da{D}datD{{A**H}uAA{A*H}{AAu}BAAB}As~B
CHEMBL1550278,3.4,CC(Nc1ncnc2ccccc12)c3ccccc3,18.333333333333336,AA{Dardadasaaaaars}ataaaaat
CHEMBL1096,1.1,CC(C)c1ccc2Oc3nc(N)c(cc3C(=O)c2c1)C(=O)O,56.666666666666664,AA{A}araaasBatda{D}a{aatA{~B}asar}A{~B}B
CHEMBL1807822,2.28,O[C@@H](CNCCCOCCOCCc1cccc2ccccc12)c3ccc(O)c4NC(=O)Sc34,37.00000000000001,B{A**H}{ADAAABAABAAaraaaasaaaaars}ataaa{B}auDA{~B}Eatu
CHEMBL1310086,3.47,COc1ccccc1Cn2c(C)nc3ccccc23,17.166666666666664,ABaraaaaarAdsa{A}dataaaaast
CHEMBL373364,3.0,OC(=O)c1ccc(NC(=O)c2cc(OCc3ccccc3F)cc(OCc4ccccc4F)c2)nc1,25.0,BA{~B}araaa{DA{~B}asaa{BAataaaaatG}aa{BAauaaaaauG}as}dar
CHEMBL484901,-1.17,NC(Cc1c[nH]c2ccccc12)C(=O)O,94.5,DA{Aara{dH}asaaaaars}A{~B}B
CHEMBL1233652,1.95,OC(=O)CCC[C@H]1[C@@H](Cc2ccccc12)NC(=O)c3cc4cc(F)ccc4[nH]3,42.49999999999999,BA{~B}AAA{A*H}r{A**H}{Aasaaaaars}DA{~B}ataauaa{G}aaau{dH}t
CHEMBL2059196,-0.99,CCNC(=O)c1cc2c(c(cnc2[nH]1)c3cncc(c3)C(=O)O)n4ccc(n4)C(F)(F)F,91.5,AADA{~B}araasa{a{adas{dH}r}atadaa{at}A{~B}B}duaaa{du}A{G}{G}G
CHEMBL1934414,2.0,C[C@H](NC(=O)c1c(C)nn(C2CCCC2)c1NS(=O)(=O)c3ccc(C)cc3)C(C)(C)C,41.666666666666664,A{A*H}{DA{~B}ara{A}dd{AsAAAAs}arDE{~B}{~B}ataaa{A}aat}A{A}{A}A
CHEMBL1415894,3.8,N(c1ccccc1)c2cc(Nc3ccccc3)[nH]n2,11.66666666666667,D{araaaaar}asaa{Dataaaaat}{dH}ds
CHEMBL2335875,3.21,COCCNC(=O)c1cccc(Nc2ncc3cc(ccc3n2)c4ccncc4)c1,21.5,ABAADA{~B}araaaa{Dasdaataa{aaatds}auaadaau}ar
CHEMBL1916269,0.36,CCC(CC)NC(=O)c1cnn(C)c1NS(=O)(=O)c2ccc(C)cc2,68.99999999999999,AAA{AA}DA{~B}aradd{A}arDE{~B}{~B}asaaa{A}aas
CHEMBL1224139,2.14,NC(=O)c1cc(F)cc(O[C@H]2C[C@H]3CC[C@@H](C2)N3Cc4ccccc4)c1,39.333333333333336,DA{~B}araa{G}aa{B{A*H}sA{A*H}tAA{A**H}{As}DtAauaaaaau}ar
CHEMBL1082812,1.71,O=C1NC(=NC(=C1C#N)c2ccccc2)SCCc3ccccc3,46.5,B~ArDA{~DA{~ArA^D}asaaaaas}EAAataaaaat
CHEMBL12980,1.19,OC(C(=O)OC1CN2CCC1CC2)(c3ccccc3)c4ccccc4,55.166666666666664,BA{A{~B}BArADsAAArAAs}{ataaaaat}auaaaaau
CHEMBL1412343,2.7,Cc1ccccc1NC(=O)CCS(=O)(=O)c2ccc(Br)s2,29.999999999999996,AaraaaaarDA{~B}AAE{~B}{~B}asaaa{X}ss
CHEMBL453862,2.77,CC(C)n1c(C)ncc1c2nc(Nc3ccc(cc3)C(=O)N(C)C)ncc2F,28.833333333333332,AA{A}dra{A}daarasda{Dataaa{aat}A{~B}D{A}A}daasG
CHEMBL296572,3.8,COc1cccc(c1)c2c[nH]c(n2)c3ccccc3,11.66666666666667,ABaraaaa{ar}asa{dH}a{ds}ataaaaat
CHEMBL239513,2.87,O=C(COc1ccccc1)c2ccccc2,27.166666666666668,B~A{ABaraaaaar}asaaaaas
CHEMBL479445,1.91,COc1cc2ncc(C(=O)N)c(Nc3ccc(F)cc3F)c2cc1NCCN(C)C,43.166666666666664,ABaraasdaa{A{~B}D}a{Dataaa{G}aatG}asaarDAAD{A}A
CHEMBL2152917,3.4,CO[C@@H]1CC[C@@]2(CC1)Cc3ccc(OCC(C)C)cc3C24N=C(C)C(=N4)N,18.333333333333336,AB{A**H}rAA{A**}s{AAr}Aataaa{BAA{A}A}aatAsuD~A{A}A{~Du}D
CHEMBL299672,3.13,COc1cc2ncnc(Nc3ccc(F)c(Cl)c3)c2cc1OCCCN4CCCC4,22.833333333333332,ABaraasdada{Dataaa{G}a{Z}at}asaarBAAADuAAAAu
CHEMBL1682820,3.0,O=C1CCOc2cc(COc3ccccc3)ccc12,25.0,B~ArAABasaa{ABataaaaat}aaars
CHEMBL247367,2.33,Clc1cccc2cn[nH]c12,36.166666666666664,Zaraaaasad{dH}ars
CHEMBL2010834,2.8,CNC(=O)c1ccc(CC(=O)N(C)C2CCN(Cc3ccc(cc3)C(F)(F)F)CC2)cc1,28.33333333333334,ADA{~B}araaa{AA{~B}D{A}AsAAD{Aataaa{aat}A{G}{G}G}AAs}aar
CHEMBL1945293,-0.54,COCCNCc1ccc(CCNC[C@H](O)c2ccc(O)c3NC(=O)Sc23)cc1,84.0,ABAADAaraaa{AADA{A*H}{B}asaaa{B}atDA{~B}East}aar
CHEMBL1652588,3.16,Cn1cncc1c2c3C(=O)N(CC#C)C(=O)N(CC4CC4)c3nn2Cc5ccnc6ccc(Cl)cc56,22.333333333333332,AdradaarasatA{~B}D{AA^A}A{~B}D{AAuAAu}atddsAavaadawaaa{Z}aavw
CHEMBL190812,2.91,C[C@H](NC(=O)c1cccnc1Oc2ccccc2)c3ccccc3,26.5,A{A*H}{DA{~B}araaadarBasaaaaas}ataaaaat
CHEMBL235392,1.55,Clc1ccc(CN2CC3CNCC(C2)O3)cc1C(=O)NCC45CC6CC(CC(C6)C4)C5,49.166666666666664,Zaraaa{ADsAAtADAA{As}Bt}aarA{~B}DAAuvAAwAA{AA{Aw}Au}Av
CHEMBL62193,0.2,COc1cc(NS(=O)(=O)c2ccc(N)cc2)nc(OC)n1,71.66666666666667,ABaraa{DE{~B}{~B}asaaa{D}aas}da{BA}dr
CHEMBL1784338,1.43,Cc1cc(CCC2CCN(CC2)S(=O)(=O)CC3(CCOCC3)N(O)C=O)c(C)cn1,51.166666666666664,Aaraa{AAAsAAD{AAs}E{~B}{~B}AAt{AABAAt}D{B}A~B}a{A}adr
CHEMBL1650698,2.47,C[C@H](Nc1ncc(F)c(Nc2cc([nH]n2)C3CC3)n1)c4ncc(F)cn4,33.83333333333333,A{A*H}{Dardaa{G}a{Dasaa{{dH}ds}AtAAt}dr}audaa{G}adu
CHEMBL2062583,2.48,CC(=O)Nc1ccc2c(c1)c(cn2CCCO)c3cc(NC4CC4)n5ncc(C#N)c5n3,33.666666666666664,AA{~B}Daraaasa{ar}a{adsAAAB}ataa{DAuAAu}dvdaa{A^D}avdt
CHEMBL4,-0.45,CC1COc2c(N3CCN(C)CC3)c(F)cc4C(=O)C(=CN1c24)C(=O)O,82.5,AArABasa{DtAAD{A}AAt}a{G}aauA{~B}A{~ADrasu}A{~B}B
CHEMBL2158534,2.0,CC1(CC1)c2nc(ncc2C(=O)N[C@@H]3C4CC5CC3C[C@@](O)(C5)C4)N6CCOCC6,41.666666666666664,AAr{AAr}asda{daasA{~B}D{A**H}tAuAAvAAtA{A**}{B}{Av}Au}DwAABAAw
CHEMBL492234,2.6,COC(=O)c1ccc(C)c(NS(=O)(=O)c2ccc3N(C)SC(=O)c3c2)c1,31.666666666666668,ABA{~B}araaa{A}a{DE{~B}{~B}asaaatD{A}EA{~B}atas}ar
CHEMBL131921,3.5,COc1ccc(cc1)C2=COc3cc(O)cc(O)c3C2=O,16.666666666666668,ABaraaa{aar}As~ABataa{B}aa{B}atAs~B
CHEMBL21731,0.89,CNCCCC12CCC(c3ccccc13)c4ccccc24,60.166666666666664,ADAAAArsAAA{ataaaaart}auaaaaasu
CHEMBL346528,1.3,Oc1cc(nc2ccnn12)c3ccccc3,53.333333333333336,Baraa{dasaaddrs}ataaaaat
CHEMBL133501,2.01,Fc1cc(cc(F)c1C2=CCN(CC2)C=O)N3C[C@H](COc4ccon4)OC3=O,41.50000000000001,Garaa{aa{G}arAs~AAD{AAs}A~B}DtA{A*H}{ABauaabdu}BAt~B
CHEMBL2087854,3.59,CC(C#C)N1C(=O)N(CC2CC2)c3nn(Cc4ccnc5ccc(Cl)cc45)c(c3C1=O)c6cncn6C,15.16666666666667,AA{A^A}DrA{~B}D{AAsAAs}atdd{Aauaadavaaa{Z}aauv}a{atAr~B}awadadwA
CHEMBL1689126,0.18,C[C@H]1CN(Cc2cc(Cl)ccc2OCC(=O)O)CCN1C(=O)Cc3ccccc3,72.0,A{A*H}rAD{Aasaa{Z}aaasBAA{~B}B}AADrA{~B}Aataaaaat
CHEMBL1650728,2.6,COc1cc(Nc2nc(N[C@@H](C)c3ncc(F)cn3)ncc2Br)n[nH]1,31.666666666666668,ABaraa{Dasda{D{A**H}{A}atdaa{G}adt}daasX}d{dH}r
CHEMBL2178942,1.3,Cc1nc(C)c(nc1C(=O)N)c2ccc([C@@H]3CC[C@@H](CC(=O)O)CC3)c(F)c2,53.333333333333336,Aarda{A}a{darA{~B}D}asaaa{{A**H}tAA{A**H}{AA{~B}B}AAt}a{G}as
CHEMBL1800528,2.1,COc1ccnc(CCc2nc3c(C)ccnc3[nH]2)c1,40.0,ABaraada{AAasdata{A}aadat{dH}s}ar
CHEMBL143305,3.72,Cc1cc(CCCOc2c(Cl)cc(cc2Cl)C3=NCCO3)on1,12.999999999999998,Aaraa{AAABasa{Z}aa{aasZ}At~DAABt}bdr
CHEMBL2326481,1.72,CN(C)C(=O)c1ccc(CN2CCc3cc4nc(N)sc4cc3CC2)cc1,46.333333333333336,AD{A}A{~B}araaa{ADsAAataauda{D}sauaatAAs}aar
CHEMBL15245,1.65,COC(=O)[C@H]1[C@@H](O)CC[C@H]2CN3CCc4c([nH]c5ccccc45)[C@@H]3C[C@H]12,47.5,ABA{~B}{A*H}r{A**H}{B}AA{A*H}sADtAAaua{{dH}avaaaaauv}{A**H}tA{A*H}rs
CHEMBL1852688,3.7,CCN1CCN(CC1)c2ccc(Nc3cc(ncn3)N(C)C(=O)Nc4c(Cl)c(OC)cc(OC)c4Cl)cc2,13.33333333333333,AADrAAD{AAr}asaaa{Dataa{dadt}D{A}A{~B}Daua{Z}a{BA}aa{BA}auZ}aas
CHEMBL2171169,2.2,CC(C)N(CCCNC(=O)Nc1ccc(cc1)C(C)(C)C)C[C@H]2O[C@H]([C@H](O)[C@@H]2O)n3cnc4c(N)ncnc34,38.33333333333333,AA{A}D{AAADA{~B}Daraaa{aar}A{A}{A}A}A{A*H}sB{A*H}{{A*H}{B}{A**H}sB}dtadaua{D}dadatu
CHEMBL2216830,2.04,CCN(CC)CCCCNc1ncc2CN(C(=O)N(Cc3cccc(NC(=O)C=C)c3)c2n1)c4c(Cl)c(OC)cc(OC)c4Cl,41.0,AAD{AA}AAAADardaasAD{A{~B}D{Aataaaa{DA{~B}A~A}at}asdr}aua{Z}a{BA}aa{BA}auZ
CHEMBL381098,4.49,CCSc1c(Cc2ccccc2C(F)(F)F)sc3N(CC(C)C)C(=O)N(C)C(=O)c13,0.1666666666666631,AAEara{AasaaaaasA{G}{G}G}satD{AA{A}A}A{~B}D{A}A{~B}art
CHEMBL284275,0.2,COc1ccc(Cc2c(N)n[nH]c2N)cc1,71.66666666666667,ABaraaa{Aasa{D}d{dH}asD}aar
CHEMBL2177167,2.0,CCN(CCN(C)C)S(=O)(=O)c1ccc(cc1)c2cnc(N)c(n2)C(=O)Nc3cccnc3,41.666666666666664,AAD{AAD{A}A}E{~B}{~B}araaa{aar}asada{D}a{ds}A{~B}Dataaadat
CHEMBL2331746,1.49,CC1=CN([C@H]2CCCN(C2)S(=O)(=O)c3ccc(O)c(Oc4ccccc4)c3)C(=O)NC1=O,50.166666666666664,AAr~AD{{A*H}sAAAD{As}E{~B}{~B}ataaa{B}a{Bauaaaaau}at}A{~B}DAr~B
CHEMBL1712280,4.28,C1Oc2ccccc2C3=NN(CC13)c4ccccc4,3.6666666666666625,ArBasaaaaasAt~DD{AArt}auaaaaau
CHEMBL1790041,-0.95,CNC(=C[N+](=O)[O-])NCCSCc1oc(CN(C)C)cc1,90.83333333333333,ADA{~A{DP}{~B}{BM}}DAAEAarba{AD{A}A}aar
CHEMBL1184060,1.64,CC(C)CC(N1NC(=O)c2nc3cc(Cl)ccc3c(O)c2C1=O)c4ccncc4,47.66666666666668,AA{A}AA{DrDA{~B}asdataa{Z}aaata{B}asAr~B}auaadaau
CHEMBL1502799,2.02,FC(F)c1nc2ccccc2[nH]1,41.333333333333336,GA{G}ardasaaaaas{dH}r
CHEMBL2208436,3.09,O[C@@H](CNC1CCN(Cc2ccc(Cl)c(Cl)c2)CC1)COc3cccc(c3)C#N,23.5,B{A**H}{ADArAAD{Aasaaa{Z}a{Z}as}AAr}ABataaaa{at}A^D
CHEMBL480445,2.18,COc1cc2ncc(C(=O)N)c(Nc3ccc(F)cc3F)c2cc1N4CCN(C)CC4,38.666666666666664,ABaraasdaa{A{~B}D}a{Dataaa{G}aatG}asaarDuAAD{A}AAu
CHEMBL1392670,4.4,Oc1ccccc1OC(=O)c2cccc3ccccc23,1.6666666666666607,BaraaaaarBA{~B}asaaaataaaaast
CHEMBL1455477,3.28,COc1ccccc1CNc2cc(C)ccn2,20.333333333333336,ABaraaaaarADasaa{A}aads
CHEMBL1939414,3.04,Nc1nc(Nc2cccc(Br)c2)c3nc[nH]c3n1,24.333333333333332,Darda{Dasaaaa{X}as}atda{dH}atdr
CHEMBL1617016,3.12,Nc1c2CCN(c3ccccc3)c2nc4ccc(Br)cc14,23.0,DarasAAD{ataaaaat}asdauaaa{X}aaru
CHEMBL2207600,0.06,COc1cc(OC)c(cc1NC(=O)CCC(=O)O)S(=O)(=O)N(c2ccc(C)cc2)c3ccc(C)cc3,74.00000000000001,ABaraa{BA}a{aarDA{~B}AAA{~B}B}E{~B}{~B}D{asaaa{A}aas}ataaa{A}aat
CHEMBL244213,2.49,OC(C(=O)c1ccc(F)cc1)c2ccc(F)cc2,33.49999999999999,BA{A{~B}araaa{G}aar}asaaa{G}aas
CHEMBL404957,1.11,CC(C)C[C@H](N)c1oc(nn1)S(=O)(=O)Cc2ccc(F)cc2,56.49999999999999,AA{A}A{A*H}{D}arba{ddr}E{~B}{~B}Aasaaa{G}aas
CHEMBL520252,2.81,CC(C)COc1cccc(c1)C(=O)Nc2ccc(C)c(c2)C(=O)Nc3cccnc3,28.166666666666668,AA{A}ABaraaaa{ar}A{~B}Dasaaa{A}a{as}A{~B}Dataaadat
CHEMBL190747,3.52,COc1ccc(OC)c(CNC(=O)c2cccnc2Oc3ccccc3)c1,16.333333333333332,ABaraaa{BA}a{ADA{~B}asaaadasBataaaaat}ar
CHEMBL1079175,2.5,NC1(CCC1)c2ccc(cc2)c3nc4C=CN5C(=O)NN=C5c4cc3c6ccccc6,33.333333333333336,DAr{AAAr}asaaa{aas}atdauA~ADvA{~B}DD~Avauaatawaaaaaw
CHEMBL1499868,4.48,CC(C(Cc1nc2ccccc2[nH]1)c3nc4ccccc4[nH]3)c5ccccc5,0.3333333333333262,AA{A{Aardasaaaaas{dH}r}atdauaaaaau{dH}t}avaaaaav
CHEMBL1824042,1.33,Clc1ccc2OCC(=O)N(CCN3CCC(CC3)NCc4ccc5OCC(=O)Nc5n4)c2c1,52.833333333333336,ZaraaasBAA{~B}D{AADtAAA{AAt}DAauaaavBAA{~B}Davdu}asar
CHEMBL2158827,1.83,OC(=O)Cc1ccc(cc1)N2CCC(CN3CCC(CC3)Oc4ccc(Cl)c(Cl)c4)CC2,44.5,BA{~B}Aaraaa{aar}DsAAA{ADtAAA{AAt}Bauaaa{Z}a{Z}au}AAs
CHEMBL520925,3.6,COc1cc2ncc(C(=O)N)c(Nc3cccc(Cl)c3F)c2cc1OC,14.999999999999998,ABaraasdaa{A{~B}D}a{Dataaaa{Z}atG}asaarBA
CHEMBL181502,3.2,CN(C1CCN(CCC(c2ccccc2)c3ccccc3)CC1)C(=O)C4CCC4,21.66666666666666,AD{ArAAD{AAA{asaaaaas}ataaaaat}AAr}A{~B}AuAAAu
CHEMBL1962631,-0.56,NC(=N)NC(=O)c1nc(Cl)c(NCc2ccccn2)nc1N,84.33333333333334,DA{~D}DA{~B}arda{Z}a{DAasaaaads}darD
CHEMBL470915,3.53,Nc1c(NC2CC3CCC2C3)nc(nc1N4CCOCC4)C#N,16.166666666666668,Dara{DAsAAtAAAsAt}da{darDuAABAAu}A^D
CHEMBL1163803,4.3,CCN(C1CCN(CCC(c2ccccc2)c3ccccc3)CC1)C(=O)NCc4c(F)cccc4F,3.333333333333336,AAD{ArAAD{AAA{asaaaaas}ataaaaat}AAr}A{~B}DAaua{G}aaaauG
CHEMBL598194,2.88,NC1(CCN(CC1)c2ncnc3[nH]ccc23)C(=O)NCc4ccc(Cl)cc4,27.0,DAr{AAD{AAr}asdadat{dH}aaast}A{~B}DAauaaa{Z}aau
CHEMBL42,3.08,CN1CCN(CC1)C2=Nc3cc(Cl)ccc3Nc4ccccc24,23.666666666666668,ADrAAD{AAr}As~Dataa{Z}aaatDauaaaaasu
CHEMBL2178954,1.0,Cc1ncc(nc1C(=O)N)c2ccc(cc2)[C@@H]3CC[C@@H](CC(=O)O)CC3,58.333333333333336,Aardaa{darA{~B}D}asaaa{aas}{A**H}tAA{A**H}{AA{~B}B}AAt
CHEMBL373250,2.4,Cn1ncnc1COc2nn3c(nnc3cc2C(C)(C)C)c4cc(F)ccc4F,35.0,AdrdadarABasddta{ddataasA{A}{A}A}auaa{G}aaauG
CHEMBL1169388,1.89,CNCC[C@H](Oc1ccc(cc1)C(F)(F)F)c2ccccc2,43.50000000000001,ADAA{A*H}{Baraaa{aar}A{G}{G}G}asaaaaas
CHEMBL2171046,1.52,Cc1ccc(cc1)S(=O)(=O)NC(=O)N2CCC(CC2)N3CCC(CC3)Oc4ccc(Cl)cc4Cl,49.666666666666664,Aaraaa{aar}E{~B}{~B}DA{~B}DsAAA{AAs}DtAAA{AAt}Bauaaa{Z}aauZ
CHEMBL144960,3.33,O=C1C=COc2cc(OCc3ccccc3)ccc12,19.5,B~ArA~ABasaa{BAataaaaat}aaars
CHEMBL271023,0.79,[O-][S+](c1ccccc1)c2ccc3nnnn3n2,61.833333333333336,{BM}{EP}{araaaaar}asaaatddddtds
CHEMBL90531,3.2,[O-][N+](=O)c1ccc2OC(CN(c2c1)c3cccc[n+]3[O-])(C(F)F)C(F)F,21.66666666666666,{BM}{DP}{~B}araaasBA{AD{asar}ataaaa{dP}t{BM}}{A{G}G}A{G}G
CHEMBL645,0.1,CC(C)NCC(O)COc1ccc(COCCOC(C)C)cc1,73.33333333333334,AA{A}DAA{B}ABaraaa{ABAABA{A}A}aar
CHEMBL2178950,0.22,Cc1ncc(nc1c2ccc(cc2)[C@@H]3CC[C@H](CC3)C(=O)O)C(=O)N,71.33333333333333,Aardaa{darasaaa{aas}{A**H}tAA{A*H}{AAt}A{~B}B}A{~B}D
CHEMBL2178393,2.0,Nc1nnc(CCSCCc2nnc(NC(=O)Cc3ccccc3)s2)s1,41.666666666666664,Dardda{AAEAAasdda{DA{~B}Aataaaaat}ss}sr
CHEMBL1809049,4.0,COc1cc(OC2CCN(CC2)C(=O)C)ccc1Nc3ncc(Cl)c(n3)c4cnc5ccccn45,8.333333333333334,ABaraa{BAsAAD{AAs}A{~B}A}aaarDatdaa{Z}a{dt}auadavaaaaduv
CHEMBL1373079,2.71,COc1ccc(cc1)C2=CC(=O)c3ccccc3N2,29.833333333333332,ABaraaa{aar}As~AA{~B}ataaaaatDs
CHEMBL74380,0.7,COC1\C=C\OC2(C)Oc3c(C)c(O)c4C(=O)C(=CC(=O)c4c3C2=O)NC(=O)\C(=C/C=C/C(C)C(O)C(C)C(O)C(C)C(OC(=O)C)C1C)\C,63.333333333333336,ABArRA~ARBAs{A}Bata{A}a{B}auA{~B}A{~AA{~B}auatAs~B}DA{~B}RA{~ALA~ALA{A}A{B}A{A}A{B}A{A}A{BA{~B}A}ArA}RA
CHEMBL257600,3.67,CN1C(=O)N(CC2CC2)c3nn(Cc4ccnc5ccc(Cl)cc45)c(c6cc(cn6C)C#N)c3C1=O,13.833333333333334,ADrA{~B}D{AAsAAs}atdd{Aauaadavaaa{Z}aauv}a{awaa{adwA}A^D}atAr~B
CHEMBL1362558,0.87,CN1SC(=NC1=O)NC(=O)c2cccc(Cl)c2,60.5,ADrEA{~DAr~B}DA{~B}asaaaa{Z}as
CHEMBL2059861,2.83,Cc1ccc(cc1NC(=O)c2ccc(OCc3ccccn3)cc2)c4nccn4C,27.833333333333332,Aaraaa{aarDA{~B}asaaa{BAataaaadt}aas}audaaduA
CHEMBL235191,0.82,CC(=O)Nc1ccc(cc1)C(=O)Nc2ccccc2N,61.333333333333336,AA{~B}Daraaa{aar}A{~B}DasaaaaasD
CHEMBL197536,1.0,Oc1ccc2C(=O)C=C(Oc2c1)N3CCOCC3,58.333333333333336,BaraaasA{~B}A~A{Basar}DtAABAAt
CHEMBL1086580,3.07,Oc1nc(nc2CCSCc12)c3ccc(cc3)C(F)(F)F,23.83333333333334,Barda{dasAAEAars}ataaa{aat}A{G}{G}G
CHEMBL1290331,3.07,Clc1ccc(N2CCN(CC2)C(=O)COCc3cscn3)c(Cl)c1,23.83333333333334,Zaraaa{DsAAD{AAs}A{~B}ABAatasadt}a{Z}ar
CHEMBL203370,1.6,Oc1ccc(cc1)N2C=Nc3cc(O)ccc3C2=O,48.333333333333336,Baraaa{aar}DsA~Dataa{B}aaatAs~B
CHEMBL1945035,1.58,O[C@@H](CNCCc1ccccc1CNCCc2ccccc2F)c3ccc(O)c4NC(=O)Sc34,48.666666666666664,B{A**H}{ADAAaraaaaarADAAasaaaaasG}ataaa{B}auDA{~B}Eatu
CHEMBL551360,2.62,OCC(CO)N1C=Cc2c(NC(=O)CC34CC5CC(CC(C5)C3)C4)cccc2C1=O,31.333333333333332,BAA{AB}DrA~Aasa{DA{~B}AAtuAAvAA{AA{Av}At}Au}aaaasAr~B
CHEMBL1783284,3.37,COc1ccc(c(OC)n1)c2c(F)ccc3c(N)c(nnc23)C(=O)NC4CC4,18.833333333333332,ABaraaa{a{BA}dr}asa{G}aaata{D}a{ddast}A{~B}DAuAAu
CHEMBL1909734,2.68,Clc1ccccc1c2cnn[nH]2,30.33333333333333,Zaraaaaarasadd{dH}s
CHEMBL1481866,1.7,NC(=O)c1ccc(Oc2cccc3cccnc23)c(c1)[N+](=O)[O-],46.666666666666664,DA{~B}araaa{Basaaaataaadast}a{ar}{DP}{~B}{BM}
CHEMBL1831079,2.21,NC(=O)Nc1cc(sc1C(=O)N)c2cccc(O)c2,38.166666666666664,DA{~B}Daraa{sarA{~B}D}asaaaa{B}as
CHEMBL437,-0.37,Nc1ccc(cc1)S(=O)(=O)Nc2nccs2,81.16666666666667,Daraaa{aar}E{~B}{~B}Dasdaass
CHEMBL272105,2.49,COC(=O)C1=Nc2c(N[C@H](C)CO)nc(SCc3cccc(F)c3F)nc2NC1=O,33.49999999999999,ABA{~B}Ar~Dasa{D{A*H}{A}AB}da{EAataaaa{G}atG}dasDAr~B
CHEMBL1940108,3.11,COc1cccc(NC(=O)Cn2cc(Oc3ncnc4cc(OC)c(OC)cc34)cn2)c1,23.166666666666668,ABaraaaa{DA{~B}Adsaa{Batdadauaa{BA}a{BA}aatu}ads}ar
CHEMBL370252,0.74,CC1CCc2cc(F)cc3C(=O)C(=CN1c23)C(=O)O,62.666666666666664,AArAAasaa{G}aatA{~B}A{~ADrast}A{~B}B
CHEMBL205245,1.61,CC(C)CN1C(=O)N(C)C(=O)c2c1sc(Cn3c(C)nc(Cl)c3Cl)c2C(=O)N4CC[C@@H](O)C4,48.16666666666666,AA{A}ADrA{~B}D{A}A{~B}asarsa{Adta{A}da{Z}atZ}asA{~B}DuAA{A**H}{B}Au
CHEMBL2070946,1.2,O=C(NC1(CC1)C#N)[C@@H]2CCCC[C@H]2C(=O)N3CCN(CC3)c4ncc(C#N)s4,55.0,B~A{DAr{AAr}A^D}{A**H}sAAAA{A*H}sA{~B}DtAAD{AAt}audaa{A^D}su
CHEMBL443320,-1.34,Cc1ccc(NC(=N)N)cc1C,97.33333333333333,Aaraaa{DA{~D}D}aarA
CHEMBL1779497,1.26,Clc1ccc(cc1C(=O)NCC2CCCCC2)N3N=CC(=O)NC3=O,54.0,Zaraaa{aarA{~B}DAAsAAAAAs}DtD~AA{~B}DAt~B
CHEMBL1332736,1.3,O=C(Oc1ccccc1)N2CCOCC2,53.333333333333336,B~A{Baraaaaar}DsAABAAs
CHEMBL2070948,1.9,CC(C)(C#N)c1cnc(s1)N2CCN(CC2)C(=O)[C@@H]3CCCC[C@H]3C(=O)NC4(CC4)C#N,43.333333333333336,AA{A}{A^D}arada{sr}DsAAD{AAs}A{~B}{A**H}tAAAA{A*H}tA{~B}DAu{AAu}A^D
CHEMBL1732699,3.0,FC(F)(F)c1nnc2ccc(nn12)N3CCCCC3,25.0,GA{G}{G}arddasaaa{ddrs}DtAAAAAt
CHEMBL1917433,0.21,Cc1c(Sc2ccc(Cl)cc2)c3c(NS(=O)(=O)C)cccc3n1CC(=O)O,71.5,Aara{Easaaa{Z}aas}ata{DE{~B}{~B}A}aaaatdrAA{~B}B
CHEMBL2141746,1.55,CCCNC(=O)CSc1ccc(cn1)S(=O)(=O)N2CCCC2,49.166666666666664,AAADA{~B}AEaraaa{adr}E{~B}{~B}DsAAAAs
CHEMBL256576,2.82,C[C@@H](Oc1cccc2ncnc(Nc3ccc4c(cnn4Cc5ccccn5)c3)c12)C(=O)N6CCOCC6,28.000000000000004,A{A**H}{Baraaaasdada{Dataaaua{adduAavaaaadv}at}ars}A{~B}DwAABAAw
CHEMBL87388,3.52,COc1ccc(Cn2cc3N(CC(C)C)C(=O)N(C)C(=O)c3c2)cc1,16.333333333333332,ABaraaa{AdsaatD{AA{A}A}A{~B}D{A}A{~B}atas}aar
CHEMBL150606,3.2,COc1cc2c(Nc3ccc(Cl)cc3F)ncnc2cc1OCCn4cncn4,21.66666666666666,ABaraasa{Dataaa{Z}aatG}dadasaarBAAduadadu
CHEMBL8809,1.09,CCN1CCC[C@H]1CNC(=O)c2c(O)c(Cl)cc(Cl)c2OC,56.833333333333336,AADrAAA{A*H}rADA{~B}asa{B}a{Z}aa{Z}asBA
CHEMBL1233655,0.55,CC(=O)Nc1nc(C)c(s1)c2cnc(F)c(NS(=O)(=O)c3sc(C)nc3C)c2,65.83333333333333,AA{~B}Darda{A}a{sr}asada{G}a{DE{~B}{~B}atsa{A}datA}as
CHEMBL384962,1.78,Cc1ccc2c(c1)c(c(C)n2CC(=O)O)c3ccnc4ccc(cc34)C(F)(F)F,45.333333333333336,Aaraaasa{ar}a{a{A}dsAA{~B}B}ataadauaaa{aatu}A{G}{G}G
CHEMBL1542764,1.43,CSc1ncccc1C(=O)Nc2nccs2,51.166666666666664,AEardaaaarA{~B}Dasdaass
CHEMBL2181927,2.51,CCOc1ncc(C)c2NC(=C([C@@H](c3ccc(cc3OC)C#N)c12)C(=O)N)C,33.16666666666667,AABardaa{A}asDA{~A{{A**H}{ataaa{aatBA}A^D}ars}A{~B}D}A
CHEMBL2334590,2.49,Cc1nc2ccc(Cl)cn2c1c3ccnc(N)n3,33.49999999999999,Aardasaaa{Z}adsarataada{D}dt
CHEMBL1480987,2.31,CC1CC(CC(C)(C)C1)OC(=O)C(O)c2ccccc2,36.5,AArAA{AA{A}{A}Ar}BA{~B}A{B}asaaaaas
CHEMBL2335898,3.34,C[C@@H](NC(=O)C1CCCCN1C)c2ccc(Nc3ncc4cc(ccc4n3)c5ccncc5)cc2,19.333333333333336,A{A**H}{DA{~B}ArAAAADrA}asaaa{Datdaauaa{aaaudt}avaadaav}aas
CHEMBL401193,4.13,CN(C)C(=O)CN1CCN(CCc2c([nH]c3sc(cc23)C(C)(C)C(=O)N4C5CCC4CC5)c6cc(C)cc(C)c6)CC1,6.166666666666669,AD{A}A{~B}ADrAAD{AAasa{{dH}atsa{aast}A{A}{A}A{~B}DuAvAAAuAAv}awaa{A}aa{A}aw}AAr
CHEMBL1950851,3.12,CN[C@@H](C)C(=O)N[C@H](C(=O)N[C@H]1CCCN(CCc2ccc(F)cc2)C1)C(C)(C)C,23.0,AD{A**H}{A}A{~B}D{A*H}{A{~B}D{A*H}rAAAD{AAasaaa{G}aas}Ar}A{A}{A}A
CHEMBL2035030,2.2,NC1(CCC1)c2ccc(cc2)c3ncc4ccncc4c3c5ccccc5,38.33333333333333,DAr{AAAr}asaaa{aas}atdaauaadaauatavaaaaav
CHEMBL111955,1.77,CC(C)C(NC(=O)CN1C(=O)C(=CC=C1c2ccccc2)NS(=O)(=O)C)C(=O)C(F)(F)F,45.5,AA{A}A{DA{~B}ADrA{~B}A{~AA~Arasaaaaas}DE{~B}{~B}A}A{~B}A{G}{G}G
CHEMBL316388,1.5,C[C@@H]1CN([C@@H](C)CN1C(=O)c2ccc(cc2)C#N)C(=O)[C@@](C)(O)C(F)(F)F,50.0,A{A**H}rAD{{A**H}{A}ADrA{~B}asaaa{aas}A^D}A{~B}{A**}{A}{B}A{G}{G}G
CHEMBL248380,2.5,CCOc1ccccc1c2ccc(cc2)c3nc4ccc(F)cc4c(N[C@H](C)C(=O)O)c3C#N,33.333333333333336,AABaraaaaarasaaa{aas}atdauaaa{G}aaua{D{A*H}{A}A{~B}B}atA^D
CHEMBL235581,1.49,Clc1ccc(CC2CCNCC2)cc1C(=O)NCC34CC5CC(CC(C5)C3)C4,50.166666666666664,Zaraaa{AAsAADAAs}aarA{~B}DAAtuAAvAA{AA{Av}At}Au
CHEMBL1682940,3.17,CC[C@H](NC(=O)c1c(c(nc2ccccc12)c3ccccc3)S(=O)(=O)C)c4ccccc4,22.166666666666668,AA{A*H}{DA{~B}ara{a{dasaaaaars}ataaaaat}E{~B}{~B}A}auaaaaau
CHEMBL1471868,3.19,Fc1ccc(NC(=O)c2cccnc2Oc3ccccc3)cc1,21.833333333333332,Garaaa{DA{~B}asaaadasBataaaaat}aar
CHEMBL1076211,1.65,CC(CN1CCCCC1)C(=O)c2ccc(C)cc2,47.5,AA{ADrAAAAAr}A{~B}asaaa{A}aas
CHEMBL1951022,2.8,CC(C)OC(=O)N1CCC(CC1)Oc2ncnc(Nc3ccc(nc3C)S(=O)(=O)C)c2C,28.33333333333334,AA{A}BA{~B}DrAAA{AAr}Basdada{Dataaa{datA}E{~B}{~B}A}asA
CHEMBL1987793,3.89,Cc1ccccc1c2c(C(=O)O)n(CCCOc3cccc4ccccc34)c5ccccc25,10.166666666666664,Aaraaaaarasa{A{~B}B}d{AAABataaaauaaaaatu}avaaaaasv
CHEMBL1947155,2.28,C[C@@H](NCc1ccccc1c2ccc(CCNC[C@H](O)c3ccc(O)c4NC(=O)Sc34)cc2)c5ccccc5,37.00000000000001,A{A**H}{DAaraaaaarasaaa{AADA{A*H}{B}ataaa{B}auDA{~B}Eatu}aas}avaaaaav
CHEMBL1939418,2.75,Nc1nc(Nc2ccc(F)c(Cl)c2)c3nc[nH]c3n1,29.166666666666668,Darda{Dasaaa{G}a{Z}as}atda{dH}atdr
CHEMBL398295,3.97,CCCSc1nc(N[C@@H]2C[C@H]2c3ccccc3)c4nnn([C@@H]5C[C@H](O)[C@@H](O)[C@H]5O)c4n1,8.83333333333333,AAAEarda{D{A**H}sA{A*H}sataaaaat}auddd{{A**H}vA{A*H}{B}{A**H}{B}{A*H}vB}audr
CHEMBL174107,-0.84,CSc1ccc(cc1)N2C(=NC(=NC2(C)C)N)N,89.0,AEaraaa{aar}DsA{~DA{~DAs{A}A}D}D
CHEMBL2089280,1.6,C[C@@H]1N[S@@](=O)(=NC1=O)c2cccc(c2)c3ccc(C)cc3,48.333333333333336,A{A**H}rD{E**}{~B}{~DAr~B}asaaaa{as}ataaa{A}aat
CHEMBL139347,2.4,Nc1nc(N)nc(n1)c2cccc(c2)C(F)(F)F,35.0,Darda{D}da{dr}asaaaa{as}A{G}{G}G
CHEMBL1623,3.39,Cc1cccc(CN2CCN(CC2)C(c3ccccc3)c4ccc(Cl)cc4)c1,18.499999999999996,Aaraaaa{ADsAAD{AAs}A{ataaaaat}auaaa{Z}aau}ar
CHEMBL2171034,1.79,Fc1ccc(cc1)S(=O)(=O)NC(=O)N2CCC(CC2)N3CCC(CC3)Oc4ccc(Cl)c(Cl)c4,45.166666666666664,Garaaa{aar}E{~B}{~B}DA{~B}DsAAA{AAs}DtAAA{AAt}Bauaaa{Z}a{Z}au
CHEMBL1689115,1.01,OC(=O)COc1ccc(Cl)cc1CN2CCCN(CC2)S(=O)(=O)Cc3ccccc3,58.166666666666664,BA{~B}ABaraaa{Z}aarADsAAAD{AAs}E{~B}{~B}Aataaaaat
CHEMBL1628691,3.62,Clc1cccc(c1Cl)n2nnnc2NCc3ccccc3Oc4ccccn4,14.666666666666664,Zaraaaa{arZ}dsdddasDAataaaaatBauaaaadu
CHEMBL1515447,2.36,CN1CCCN(CC1)C(c2ccccc2)c3ccc(Cl)cc3,35.666666666666664,ADrAAAD{AAr}A{asaaaaas}ataaa{Z}aat
CHEMBL559968,1.29,Clc1ccccc1CCNC(=O)c2cc(ccc2Cl)N3N=CC(=O)NC3=O,53.5,ZaraaaaarAADA{~B}asaa{aaasZ}DtD~AA{~B}DAt~B
CHEMBL1180299,1.1,Clc1ccc2C(=O)C3=C(Nc2c1)C(=O)NN(Cc4ccccn4)C3=O,56.666666666666664,ZaraaasA{~B}At~A{Dasar}A{~B}DD{Aauaaaadu}At~B
CHEMBL2335897,2.15,C[C@@H](NC(=O)[C@H]1CCCCN1)c2ccc(Nc3ncc4cc(ccc4n3)c5ccncc5)cc2,39.166666666666664,A{A**H}{DA{~B}{A*H}rAAAADr}asaaa{Datdaauaa{aaaudt}avaadaav}aas
CHEMBL204476,1.98,CC(C)CN1C(=O)N(C)C(=O)c2c1sc(Cc3cccc4ncccc34)c2C(=O)N5CC[C@@H](O)C5,42.0,AA{A}ADrA{~B}D{A}A{~B}asarsa{Aataaaaudaaaatu}asA{~B}DvAA{A**H}{B}Av
CHEMBL2164680,3.5,C[C@H](NC(=O)[C@@H]1CCCC[C@H]1C(=O)N2CCc3[nH]c4ccc(F)cc4c3C2)C#N,16.666666666666668,A{A*H}{DA{~B}{A**H}rAAAA{A*H}rA{~B}DsAAat{dH}auaaa{G}aauatAs}A^D
CHEMBL109396,1.17,CC(C)C(NC(=O)CN1C(=O)C(=CC=C1c2ccccc2)NS(=O)(=O)N)C(=O)C(F)(F)F,55.5,AA{A}A{DA{~B}ADrA{~B}A{~AA~Arasaaaaas}DE{~B}{~B}D}A{~B}A{G}{G}G
CHEMBL551765,2.53,OC(=O)C1CCN(CC1)c2ncccc2c3ccc(Cl)c(c3)C(=O)NCC4CCCCCC4,32.833333333333336,BA{~B}ArAAD{AAr}asdaaaasataaa{Z}a{at}A{~B}DAAuAAAAAAu
CHEMBL14690,1.13,Clc1ccc(CNC(=N)SCCCc2c[nH]cn2)cc1,56.166666666666664,Zaraaa{ADA{~D}EAAAasa{dH}ads}aar
CHEMBL2089276,1.3,Cc1ccc(cc1)c2cccc(c2)c3nn[nH]n3,53.333333333333336,Aaraaa{aar}asaaaa{as}atdd{dH}dt
CHEMBL1917461,0.35,Cc1ccc2c(n1)c(Sc3ccc(Cl)cc3)c(C)n2CC(=O)O,69.16666666666667,Aaraaasa{dr}a{Eataaa{Z}aat}a{A}dsAA{~B}B
CHEMBL366080,1.8,CN(C1CCN(C)CC1)c2nccc(Nc3cc(NC(=O)c4ccnc(c4)N5CCOCC5)ccc3C)n2,45.0,AD{ArAAD{A}AAr}asdaaa{Dataa{DA{~B}auaada{au}DvAABAAv}aaatA}ds
CHEMBL306262,3.2,CCCCCC[C@H]1OC(=O)CNC(=O)[C@H](NC(=O)[C@H](CO)NC(=O)[C@@H](NC(=O)[C@H](CC(C)C)N(C)C(=O)[C@@H]1C)[C@H](C)CC)[C@H](C)O,21.66666666666666,AAAAAA{A*H}rBA{~B}ADA{~B}{A*H}{DA{~B}{A*H}{AB}DA{~B}{A**H}{DA{~B}{A*H}{AA{A}A}D{A}A{~B}{A**H}rA}{A*H}{A}AA}{A*H}{A}B
CHEMBL1950724,0.82,CN[C@@H](C)C(=O)N[C@@H](C1CCCCC1)C(=O)N[C@H]2CCN(C2)C(=O)c3ccccc3,61.333333333333336,AD{A**H}{A}A{~B}D{A**H}{ArAAAAAr}A{~B}D{A*H}sAAD{As}A{~B}ataaaaat
CHEMBL2059864,3.19,Cc1cnc([nH]1)c2ccc(C)c(NC(=O)c3ccc(OCc4ccccn4)cc3)c2,21.833333333333332,Aarada{{dH}r}asaaa{A}a{DA{~B}ataaa{BAauaaaadu}aat}as
CHEMBL1165028,3.3,O=C(NCCSCc1ccccc1)c2ccccc2,20.000000000000004,B~A{DAAEAaraaaaar}asaaaaas
CHEMBL2158836,2.5,OC(=O)[C@@H](Cc1ccccc1)N2CCC(CN3CCC(CC3)Oc4ccc(Cl)c(Cl)c4)CC2,33.333333333333336,BA{~B}{A**H}{Aaraaaaar}DsAAA{ADtAAA{AAt}Bauaaa{Z}a{Z}au}AAs
CHEMBL205807,2.35,CC(C)CN1C(=O)N(C)C(=O)c2c1sc(Cc3c[nH]c4ccccc34)c2C(=O)N5CC[C@@H](O)C5,35.833333333333336,AA{A}ADrA{~B}D{A}A{~B}asarsa{Aata{dH}auaaaaatu}asA{~B}DvAA{A**H}{B}Av
CHEMBL576068,1.73,C[C@H](Nc1cnc(C)c(Nc2cc(C)[nH]n2)n1)c3ccc(F)cn3,46.166666666666664,A{A*H}{Darada{A}a{Dasaa{A}{dH}ds}dr}ataaa{G}adt
CHEMBL142715,3.3,C(CN1CCCCC1)C2CCc3cc(OCc4ccc(cc4)c5ccccc5)ccc3C2,20.000000000000004,A{ADrAAAAAr}AsAAataa{BAauaaa{aau}avaaaaav}aaatAs
CHEMBL409493,2.31,Nc1ccccc1NC(=O)c2ccc(cc2)C3CCN(Cc4ccc(cc4)C(=O)NC5CC5)CC3,36.5,DaraaaaarDA{~B}asaaa{aas}AtAAD{Aauaaa{aau}A{~B}DAvAAv}AAt
CHEMBL1945297,2.41,CC(Cc1cccc(CNCCc2c(Cl)cccc2Cl)c1)NC[C@H](O)c3ccc(O)c4NC(=O)Sc34,34.833333333333336,AA{Aaraaaa{ADAAasa{Z}aaaasZ}ar}DA{A*H}{B}ataaa{B}auDA{~B}Eatu
CHEMBL2321991,0.61,OCC[C@@]1(CCCNC1)c2ccc(Cl)c(Cl)c2,64.83333333333333,BAA{A**}r{AAADAr}asaaa{Z}a{Z}as
CHEMBL2164670,3.57,COc1ccccc1C(NC(=O)[C@@H]2CCCC[C@H]2C(=O)N3CCN(Cc4ccc(F)cc4)CC3)C#N,15.500000000000002,ABaraaaaarA{DA{~B}{A**H}sAAAA{A*H}sA{~B}DtAAD{Aauaaa{G}aau}AAt}A^D
CHEMBL182150,3.13,CN(C)c1nc(N[C@@H]2CC[C@@H](CC2)NC(=O)c3ccc(F)c(F)c3)nc4ccccc14,22.833333333333332,AD{A}arda{D{A**H}sAA{A**H}{AAs}DA{~B}ataaa{G}a{G}at}dauaaaaaru
CHEMBL1788268,1.56,CCCNC[C@@H](O)COc1ccccc1C(=O)CCc2ccccc2,49.0,AAADA{A**H}{B}ABaraaaaarA{~B}AAasaaaaas
CHEMBL1180288,0.7,Oc1c2C(=O)N(NC(=O)c2nc3cc(Cl)ccc13)C(C4CC4)c5ccncc5,63.333333333333336,BarasA{~B}D{DA{~B}asdataa{Z}aaart}A{AuAAu}avaadaav
CHEMBL2158792,2.08,Cc1cc(OC2CCN(CC3CCN(CC3)[C@@](C)(Cc4ccc(F)cc4)C(=O)O)CC2)ccc1Cl,40.333333333333336,Aaraa{BAsAAD{AAtAAD{AAt}{A**}{A}{Aauaaa{G}aau}A{~B}B}AAs}aaarZ
CHEMBL490512,3.77,O=C(CCc1ccccc1)c2ccccc2,12.166666666666666,B~A{AAaraaaaar}asaaaaas
CHEMBL813,-0.9,CCCCc1ncc(\C=C(/Cc2cccs2)\C(=O)O)n1Cc3ccc(cc3)C(=O)O,90.0,AAAAardaa{RA~A{LAasaaass}RA{~B}B}drAataaa{aat}A{~B}B
CHEMBL2158835,2.5,OC(=O)[C@H](Cc1ccccc1)N2CCC(CN3CCC(CC3)Oc4ccc(Cl)c(Cl)c4)CC2,33.333333333333336,BA{~B}{A*H}{Aaraaaaar}DsAAA{ADtAAA{AAt}Bauaaa{Z}a{Z}au}AAs
CHEMBL75880,3.02,C(C(C1CCCCC1)C2CCCCC2)C3CCCCN3,24.666666666666668,A{A{ArAAAAAr}AsAAAAAs}AtAAAADt
CHEMBL1762545,3.9,COc1cc(Nc2nccc(n2)N(C)c3cc(CO)ccc3C)cc(c1)N4CCOCC4,10.000000000000002,ABaraa{Dasdaaa{ds}D{A}ataa{AB}aaatA}aa{ar}DuAABAAu
CHEMBL1975242,1.94,O=C(Nc1nc2C(=O)NC=Nc2s1)c3ccccc3,42.666666666666664,B~A{DardasA{~B}DA~Dassr}ataaaaat
CHEMBL1682948,3.72,CC[C@H](NC(=O)c1c([S+](C)[O-])c(nc2ccccc12)c3ccc(F)cc3)c4ccccc4,12.999999999999998,AA{A*H}{DA{~B}ara{{EP}{A}{BM}}a{dasaaaaars}ataaa{G}aat}auaaaaau
CHEMBL2331753,2.27,CC1=CN([C@H]2CCCN(C2)S(=O)(=O)c3ccc(O)c(Oc4cccc(c4)C(F)(F)F)c3)C(=O)NC1=O,37.166666666666664,AAr~AD{{A*H}sAAAD{As}E{~B}{~B}ataaa{B}a{Bauaaaa{au}A{G}{G}G}at}A{~B}DAr~B
CHEMBL74355,1.7,COc1cccc([C@H](O)C2CCN(CCc3ccc(F)cc3)CC2)c1OC,46.666666666666664,ABaraaaa{{A*H}{B}AsAAD{AAataaa{G}aat}AAs}arBA
CHEMBL250540,2.43,COc1ccc2nc(N[C@H]3CCC[C@@H](C3)NCc4ccsc4)ccc2c1,34.49999999999999,ABaraaasda{D{A*H}tAAA{A**H}{At}DAauaasau}aaasar
CHEMBL1559730,3.2,CN1CCN(CC1)c2ncnc3c2sc4nc(C)cc(C)c34,21.66666666666666,ADrAAD{AAr}asdadatassauda{A}aa{A}atu
CHEMBL2086650,3.27,CC(C)(C)OC(=O)N1CCN(CC1)c2ncc(OCc3ccc(cc3)S(=O)(=O)C)cn2,20.5,AA{A}{A}BA{~B}DrAAD{AAr}asdaa{BAataaa{aat}E{~B}{~B}A}ads
CHEMBL237616,0.75,O=C(COc1ccccc1)N2CCOCC2,62.5,B~A{ABaraaaaar}DsAABAAs
CHEMBL1607641,0.97,Cc1nnsc1C(=O)Nc2ccccc2,58.833333333333336,AarddsarA{~B}Dasaaaaas
CHEMBL1201373,1.07,CC[C@H](C)C(=O)O[C@H]1C[C@@H](C)C=C2C=C[C@H](C)[C@H](CC[C@@H](O)C[C@@H](O)CC(=O)O)[C@@H]12,57.166666666666664,AA{A*H}{A}A{~B}B{A*H}rA{A**H}{A}A~AsA~A{A*H}{A}{A*H}{AA{A**H}{B}A{A**H}{B}AA{~B}B}{A**H}rs
CHEMBL2179669,-0.38,CC1=CN([C@H]2CCCN(Cc3ccc(C(=O)O)c(Oc4cccc(c4)C(F)(F)F)c3)C2)C(=O)NC1=O,81.33333333333333,AAr~AD{{A*H}sAAAD{Aataaa{A{~B}B}a{Bauaaaa{au}A{G}{G}G}at}As}A{~B}DAr~B
CHEMBL1479463,2.0,COc1cc(O)cc2OC=C(C(=O)c12)c3ccc(O)cc3,41.666666666666664,ABaraa{B}aasBA~A{A{~B}ars}ataaa{B}aat
CHEMBL976,2.43,O=C(C1CCCCC1)N2CC3N(CCc4ccccc34)C(=O)C2,34.49999999999999,B~A{ArAAAAAr}DsAAtD{AAauaaaaatu}A{~B}As
CHEMBL1213085,3.55,Cc1ccccc1N2C(=Nc3cccc(C)c3C2=O)Cn4nc(c5ccc(O)c(F)c5)c6c(N)ncnc46,15.833333333333336,AaraaaaarDsA{~Dataaaa{A}atAs~B}Aduda{avaaa{B}a{G}av}awa{D}dadauw
CHEMBL2152076,2.5,Nc1cc(nc2ccc(Nc3cc(nc(N)n3)c4cccc(Cl)c4)cc12)c5ccc(F)cc5,33.333333333333336,Daraa{dasaaa{Dataa{da{D}dt}auaaaa{Z}au}aars}avaaa{G}aav
CHEMBL1467,-0.42,O=C1NC=Nc2[nH]ncc12,82.0,B~ArDA~Das{dH}daars
CHEMBL1934423,0.78,C[C@H](NC(=O)c1c(C)nn(C2CCOC2)c1NS(=O)(=O)c3ccc(C)cc3)C(C)(C)C,62.0,A{A*H}{DA{~B}ara{A}dd{AsAABAs}arDE{~B}{~B}ataaa{A}aat}A{A}{A}A
CHEMBL119385,2.74,Fc1ccc(SC2=NN3C=NC(=O)C(=C3C=C2)c4c(Cl)cccc4Cl)c(F)c1,29.33333333333333,Garaaa{EAs~DDtA~DA{~B}A{~AtA~As}aua{Z}aaaauZ}a{G}ar
CHEMBL1917421,3.56,CC(C(=O)O)n1c(C)c(Sc2ccc(Cl)cc2)c3cc(Cl)ccc13,15.666666666666666,AA{A{~B}B}dra{A}a{Easaaa{Z}aas}ataa{Z}aaart
CHEMBL207028,2.33,NC(=O)c1sc(cc1N)c2ccccc2,36.166666666666664,DA{~B}arsa{aarD}asaaaaas
CHEMBL212777,1.59,Cc1ccc2c(c1)c(c(C)n2CC(=O)O)c3ccnc4cc(Cl)ccc34,48.5,Aaraaasa{ar}a{a{A}dsAA{~B}B}ataadauaa{Z}aaatu
CHEMBL1916532,1.46,COc1ccc2ncc(F)c(CCN3CCC(CC3)NCc4cc5OCCOc5cn4)c2n1,50.666666666666664,ABaraaasdaa{G}a{AADtAAA{AAt}DAauaavBAABavadu}asdr
CHEMBL2041980,2.4,CS(=O)(=O)c1ccc(cc1)c2cnc(N)c(c2)c3ccc(nc3)C(F)(F)F,35.0,AE{~B}{~B}araaa{aar}asada{D}a{as}ataaa{dat}A{G}{G}G
CHEMBL1682825,2.5,O=C1CCOc2nc(CCc3ccccc3)ccc12,33.333333333333336,B~ArAABasda{AAataaaaat}aaars
CHEMBL1371,2.16,Clc1ccc2OC(=O)Nc2c1,39.0,ZaraaasBA{~B}Dasar
CHEMBL322122,-0.15,CC(C)C(=O)NCCNCC(O)COc1ccc(O)cc1,77.50000000000001,AA{A}A{~B}DAADAA{B}ABaraaa{B}aar
CHEMBL2035018,3.3,NC1(CCC1)c2ccc(cc2)c3nn4cccc4cc3c5ccccc5,20.000000000000004,DAr{AAAr}asaaa{aas}atdduaaaauaatavaaaaav
CHEMBL1689110,0.4,OC(=O)COc1ccc(cc1CN2CCN(CC2)S(=O)(=O)c3ccccc3)C(F)(F)F,68.33333333333333,BA{~B}ABaraaa{aarADsAAD{AAs}E{~B}{~B}ataaaaat}A{G}{G}G
CHEMBL1770471,3.69,CSCCC(NC(=O)c1sccc1Cl)c2nc3ccccc3[nH]2,13.5,AEAAA{DA{~B}arsaaarZ}asdataaaaat{dH}s
CHEMBL1738840,1.69,COc1ccnc(CCc2nc3cccnc3[nH]2)c1,46.833333333333336,ABaraada{AAasdataaadat{dH}s}ar
CHEMBL379787,3.3,[O-][N+](=O)c1cccc(c1)C(=O)Nc2nc3ccccc3n2CCN4CCOCC4,20.000000000000004,{BM}{DP}{~B}araaaa{ar}A{~B}DasdataaaaatdsAADuAABAAu
CHEMBL447426,2.3,CC(C)[C@@H](CO)NS(=O)(=O)c1ccc(Cl)s1,36.66666666666667,AA{A}{A**H}{AB}DE{~B}{~B}araaa{Z}sr
CHEMBL418822,3.05,CC(C)C(NC(=O)CN1C(=O)C(=CC=C1c2cccnc2)NC(=O)OCc3ccccc3)C(=O)C(F)(F)F,24.16666666666667,AA{A}A{DA{~B}ADrA{~B}A{~AA~Arasaaadas}DA{~B}BAataaaaat}A{~B}A{G}{G}G
CHEMBL97,2.16,COc1ccc2nccc([C@H](O)C3CC4CCN3CC4C=C)c2c1,39.0,ABaraaasdaaa{{A*H}{B}AtAAuAADtAAuA~A}asar
CHEMBL1789941,2.55,N#CC[C@H](C1CCCC1)n2cc(cn2)c3ncnc4[nH]ccc34,32.50000000000001,D^AA{A*H}{ArAAAAr}dsaa{ads}atdadau{dH}aaatu
CHEMBL294209,1.14,Clc1ccc(Cl)c(c1)S(=O)(=O)Nc2nccs2,56.00000000000001,Zaraaa{Z}a{ar}E{~B}{~B}Dasdaass
CHEMBL2147033,3.32,O=C1COC2(CCN(CC2)S(=O)(=O)c3ccc(cc3)c4ccc5cnccc5c4)CN1C6CC6,19.666666666666668,B~ArABAs{AAD{AAs}E{~B}{~B}ataaa{aat}auaaavadaaavau}ADrAwAAw
CHEMBL2062561,2.97,COc1ccc(cc1)c2cc(Nc3ccn(C)n3)n4ncc(C#N)c4n2,25.499999999999996,ABaraaa{aar}asaa{Dataad{A}dt}dudaa{A^D}auds
CHEMBL1359777,3.46,Cc1cc(C(=O)CN2C=C(C=CC2=O)C(F)(F)F)c(C)n1Cc3ccccc3,17.333333333333332,Aaraa{A{~B}ADsA~A{A~AAs~B}A{G}{G}G}a{A}drAataaaaat
CHEMBL47361,3.99,Oc1ccc2nc(sc2c1)c3ccccc3,8.499999999999996,Baraaasda{sasar}ataaaaat
CHEMBL168552,1.35,NS(=O)(=O)c1nc2ccccc2s1,52.5,DE{~B}{~B}ardasaaaaassr
CHEMBL1778642,-0.75,CS(=O)(=O)c1ccc(c(Cl)c1)c2cc(Cl)ccc2OCC(=O)O,87.5,AE{~B}{~B}araaa{a{Z}ar}asaa{Z}aaasBAA{~B}B
CHEMBL249789,3.99,OC[C@H]1C[C@H]([C@H](O)[C@@H]1O)n2nnc3c(N[C@@H]4C[C@H]4c5ccc(F)c(F)c5)nc(SCCC(F)(F)F)nc23,8.499999999999996,BA{A*H}rA{A*H}{{A*H}{B}{A**H}rB}dsddata{D{A**H}uA{A*H}uavaaa{G}a{G}av}da{EAAA{G}{G}G}dast
CHEMBL59956,2.5,NC(=O)c1ccccc1OCc2ccccc2,33.333333333333336,DA{~B}araaaaarBAasaaaaas
CHEMBL2142704,0.56,CC1CC(=O)Nc2ccccc2N1,65.66666666666667,AArAA{~B}DasaaaaasDr
CHEMBL1068,1.28,NC(=O)N1c2ccccc2CC(=O)c3ccccc13,53.666666666666664,DA{~B}DrasaaaaasAA{~B}ataaaaart
CHEMBL250961,4.0,Cc1ccc(F)cc1S(=O)(=O)N[C@@H]2CCN(Cc3ccc(cc3)c4ccccc4)C2,8.333333333333334,Aaraaa{G}aarE{~B}{~B}D{A**H}sAAD{Aataaa{aat}auaaaaau}As
CHEMBL1300982,2.8,COc1ccc(cc1OC)C2=COc3cc(O)cc(O)c3C2=O,28.33333333333334,ABaraaa{aarBA}As~ABataa{B}aa{B}atAs~B
CHEMBL1917436,0.2,CC(=O)Nc1ccc2c(c1)c(Sc3ccc(Cl)cc3)c(C)n2CC(=O)O,71.66666666666667,AA{~B}Daraaasa{ar}a{Eataaa{Z}aat}a{A}dsAA{~B}B
CHEMBL1682822,3.0,O=C1CCOc2nc(ccc12)C#CC3CCCC3,25.0,B~ArAABasda{aaars}A^AAtAAAAt
CHEMBL654,2.82,CN1CCN2C(C1)c3ccccc3Cc4cccnc24,28.000000000000004,ADrAADsA{Ar}ataaaaatAauaaadasu
CHEMBL499028,0.91,COc1ccccc1c2nnc(N)[nH]2,59.833333333333336,ABaraaaaarasdda{D}{dH}s
CHEMBL2171993,1.4,COc1ccc(cc1OC)N2CCN(CC2)C(=O)[C@@H]3CCCC[C@H]3C(=O)NC4(CC4)C#N,51.666666666666664,ABaraaa{aarBA}DsAAD{AAs}A{~B}{A**H}tAAAA{A*H}tA{~B}DAu{AAu}A^D
CHEMBL198114,1.84,CCN(C1CCN(CCC(c2ccccc2)c3ccc(NS(=O)(=O)C)cc3)CC1)C(=O)Cc4ccc(cc4)S(=O)(=O)C,44.333333333333336,AAD{ArAAD{AAA{asaaaaas}ataaa{DE{~B}{~B}A}aat}AAr}A{~B}Aauaaa{aau}E{~B}{~B}A
CHEMBL1807823,0.12,O[C@@H](CNCCSCCCNCCc1ccccc1)c2ccc(O)c3NC(=O)Sc23,73.0,B{A**H}{ADAAEAAADAAaraaaaar}asaaa{B}atDA{~B}East
CHEMBL2057372,0.96,CC(C)(C)NS(=O)(=O)c1cncc(c1)c2ccc3nc(NC(=O)NCC(=O)N4CCOCC4)nn3c2,59.0,AA{A}{A}DE{~B}{~B}aradaa{ar}asaaatda{DA{~B}DAA{~B}DuAABAAu}ddtas
CHEMBL1682957,3.81,CC[C@H](NC(=O)c1c([S+]([O-])C(C)C)c(nc2ccccc12)c3ccccc3)c4ccccc4,11.5,AA{A*H}{DA{~B}ara{{EP}{{BM}}A{A}A}a{dasaaaaars}ataaaaat}auaaaaau
CHEMBL1951076,2.07,COc1cc(OC)c(cc1NC(=O)COC(=O)C)S(=O)(=O)N2C(C)CCc3ccccc23,40.50000000000001,ABaraa{BA}a{aarDA{~B}ABA{~B}A}E{~B}{~B}DsA{A}AAataaaaast
CHEMBL575448,3.16,C[C@]1(CCCN1c2nc(Nc3cc([nH]n3)C4CC4)c5cccn5n2)C(=O)Nc6ccc(F)nc6,22.333333333333332,A{A*}r{AAADrasda{Dataa{{dH}dt}AuAAu}avaaadvds}A{~B}Dawaaa{G}daw
CHEMBL1886726,1.73,CC1CN(C(=O)c2ccccc2)c3ccccc3NC1=O,46.166666666666664,AArAD{A{~B}asaaaaas}ataaaaatDAr~B
CHEMBL474432,0.84,COc1cc2ncn(c3cc(OCc4ccccc4C(F)(F)F)c(s3)C(=O)O)c2cc1OC,61.0,ABaraasdad{ataa{BAauaaaaauA{G}{G}G}a{st}A{~B}B}asaarBA
CHEMBL1807871,1.74,O[C@@H](CNCCCSCCNCCc1cccc(Cl)c1Cl)c2ccc(O)c3NC(=O)Sc23,46.0,B{A**H}{ADAAAEAADAAaraaaa{Z}arZ}asaaa{B}atDA{~B}East
CHEMBL2078873,1.32,NC(=O)Nc1cc(sc1C(=O)N[C@H]2CCCNC2)c3cccc(F)c3F,53.0,DA{~B}Daraa{sarA{~B}D{A*H}sAAADAs}ataaaa{G}atG
CHEMBL335744,2.7,CC(C)C(=O)Nc1nc(cc2ccccc12)c3ccccn3,29.999999999999996,AA{A}A{~B}Darda{aasaaaaars}ataaaadt
CHEMBL585,1.16,Nc1nc(N)c2nc(c(N)nc2n1)c3ccccc3,55.666666666666664,Darda{D}asda{a{D}dasdr}ataaaaat
CHEMBL74582,3.07,C[C@@](O)(C(=O)Nc1ccc(cc1Cl)S(=O)(=O)NCC=C)C(F)(F)F,23.83333333333334,A{A**}{B}{A{~B}Daraaa{aarZ}E{~B}{~B}DAA~A}A{G}{G}G
CHEMBL1783119,3.5,COc1ccc(cc1)C(=O)NCc2cn(nn2)c3cc(C)nc4ccc(OC)cc34,16.666666666666668,ABaraaa{aar}A{~B}DAasad{dds}ataa{A}dauaaa{BA}aatu
CHEMBL322271,1.92,Oc1ccc(CCNCCCS(=O)(=O)NCCOCCc2cccc(Cl)c2)c3sc(O)nc13,43.0,Baraaa{AADAAAE{~B}{~B}DAABAAasaaaa{Z}as}atsa{B}dart
CHEMBL660,-0.98,NC12CC3CC(CC(C3)C1)C2,91.33333333333333,DArsAAtAA{AA{At}Ar}As
CHEMBL2325726,1.7,CNC(=O)c1cc(c2nc(cc(n2)C3(CC3)S(=O)(=O)C)N4CCOCC4)c5cc[nH]c5c1,46.666666666666664,ADA{~B}araa{asda{aa{ds}At{AAt}E{~B}{~B}A}DuAABAAu}avaa{dH}avar
CHEMBL358816,1.02,O=C1Nc2ccccc2C(=O)C=C1,58.0,B~ArDasaaaaasA{~B}A~Ar
CHEMBL216981,2.32,CC[C@@H](NC1=C(Nc2cccc(C(=O)N(C)C)c2O)C(=O)C1=O)c3oc(C)cc3,36.333333333333336,AA{A**H}{DAr~A{Dasaaaa{A{~B}D{A}A}asB}A{~B}Ar~B}atba{A}aat
CHEMBL2346972,2.8,Fc1ccc(CN2CCN(CC2)C3=Nn4c(CC3)nnc4C(F)(F)F)cc1,28.33333333333334,Garaaa{ADsAAD{AAs}At~Ddua{AAt}ddauA{G}{G}G}aar
CHEMBL2036739,3.72,Clc1ccc(cc1)C2(CCCC2)C(=O)Nc3oc(nn3)C(=O)Nc4ccc(cc4)N5CCOCC5,12.999999999999998,Zaraaa{aar}As{AAAAs}A{~B}Datba{ddt}A{~B}Dauaaa{aau}DvAABAAv
CHEMBL44722,4.18,CC[C@H](NC(=O)c1c(CN(C)C)c(nc2ccccc12)c3ccccc3)c4ccccc4,5.333333333333338,AA{A*H}{DA{~B}ara{AD{A}A}a{dasaaaaars}ataaaaat}auaaaaau
CHEMBL1939749,2.32,CCOC(=O)Nc1cccc(c1)[C@H](N2CCN(Cc3nc[nH]c3C)CC2)c4ccc(cc4)C(=O)N(C)CC,36.333333333333336,AABA{~B}Daraaaa{ar}{A*H}{DsAAD{Aatda{dH}atA}AAs}auaaa{aau}A{~B}D{A}AA
CHEMBL175296,2.43,Nc1nc(cs1)c2ccccc2,34.49999999999999,Darda{asr}asaaaaas
CHEMBL1800526,2.92,COc1ccnc(CCc2nc3cc(Br)cnc3[nH]2)c1,26.333333333333332,ABaraada{AAasdataa{X}adat{dH}s}ar
CHEMBL741,1.38,Nc1nnc(c(N)n1)c2cccc(Cl)c2Cl,52.0,Dardda{a{D}dr}asaaaa{Z}asZ
CHEMBL1770477,4.23,CCOc1ccc2oc(C(=O)NC(CCSC)c3nc4ncccc4[nH]3)c(C)c2c1,4.499999999999993,AABaraaasba{A{~B}DA{AAEA}atdaudaaaau{dH}t}a{A}asar
CHEMBL1604571,-0.2,CCOC(=O)C(CCc1ccccc1)NC2CCc3ccccc3N(CC(=O)O)C2=O,78.33333333333333,AABA{~B}A{AAaraaaaar}DAsAAataaaaatD{AA{~B}B}As~B
CHEMBL426161,2.0,COc1ccc(Cl)c(Nc2ncnc3cc(OCC4CCN(C)CC4)c(OC)cc23)c1,41.666666666666664,ABaraaa{Z}a{Dasdadataa{BAAuAAD{A}AAu}a{BA}aast}ar
CHEMBL2325714,1.35,CS(=O)(=O)C1(CC1)c2cc(nc(n2)c3cccc(N)c3)N4CCOCC4,52.5,AE{~B}{~B}Ar{AAr}asaa{da{ds}ataaaa{D}at}DuAABAAu
CHEMBL2177165,2.83,Nc1ncc(nc1C(=O)Nc2cccnc2)c3ccc(cc3)S(=O)(=O)N4CCOCC4,27.833333333333332,Dardaa{darA{~B}Dasaaadas}ataaa{aat}E{~B}{~B}DuAABAAu
CHEMBL2325735,2.1,CS(=O)(=O)NCC(NC(=O)C1(N)CCN(CC1)c2ncnc3[nH]ccc23)c4ccc(Cl)cc4,40.0,AE{~B}{~B}DAA{DA{~B}Ar{D}AAD{AAr}asdadat{dH}aaast}auaaa{Z}aau
CHEMBL2036576,2.36,CN1CCN(CC1)c2ccc(NC(=O)c3oc(Nc4ccccc4F)nn3)cn2,35.666666666666664,ADrAAD{AAr}asaaa{DA{~B}atba{DauaaaaauG}ddt}ads
CHEMBL1682965,3.18,CC[C@H](NC(=O)c1c([S+](C)[O-])c(nc2cc(Br)ccc12)c3ccccc3)c4ccccc4,21.999999999999996,AA{A*H}{DA{~B}ara{{EP}{A}{BM}}a{dasaa{X}aaars}ataaaaat}auaaaaau
CHEMBL1809229,3.2,COc1cc(ccc1Nc2ncc(Cl)c(n2)c3cnc4c(F)cc(F)cn34)N5CCN(CC5)C(=O)C,21.66666666666666,ABaraa{aaarDasdaa{Z}a{ds}atadaua{G}aa{G}adtu}DvAAD{AAv}A{~B}A
CHEMBL387125,2.23,CON(C)C(=O)c1c(Cn2c(C)nc(Cl)c2Cl)sc3N(CC(C)C)C(=O)N(C)C(=O)c13,37.833333333333336,ABD{A}A{~B}ara{Adsa{A}da{Z}asZ}satD{AA{A}A}A{~B}D{A}A{~B}art
CHEMBL2325983,3.4,NC1(CCN(CC1)c2ncnc3[nH]ccc23)C(=O)NC(C4CC4)c5ccc(Cl)cc5,18.333333333333336,DAr{AAD{AAr}asdadat{dH}aaast}A{~B}DA{AuAAu}avaaa{Z}aav
CHEMBL2208429,2.95,O[C@H](CNC(=O)c1n[nH]c2ccccc12)CN3CCC(CC3)Oc4ccc(Cl)c(Cl)c4,25.83333333333333,B{A*H}{ADA{~B}ard{dH}asaaaaars}ADtAAA{AAt}Bauaaa{Z}a{Z}au
CHEMBL387545,3.3,COc1cc(N2CCN(C)CC2)c3nc(cc(N(C)C)c3c1)C(=O)Nc4ccc(cc4)N5CCOCC5,20.000000000000004,ABaraa{DsAAD{A}AAs}atda{aa{D{A}A}atar}A{~B}Dauaaa{aau}DvAABAAv
CHEMBL2023350,3.4,CN1CCC(CC1)n2cc(c(C)n2)c3cnc(N)c(c3)c4oc5ccccc5n4,18.333333333333336,ADrAAA{AAr}dsaa{a{A}ds}atada{D}a{at}aubavaaaaavdu
CHEMBL1889452,2.11,CC1N(C(=O)c2ccccc2)c3ccccc3NC1=O,39.833333333333336,AArD{A{~B}asaaaaas}ataaaaatDAr~B
CHEMBL2216859,3.49,CC(C)N1CCN(Cc2oc(nc2)c3cc(cc4[nH]ncc34)c5cccc6[nH]ccc56)CC1,16.83333333333333,AA{A}DrAAD{Aasba{das}ataa{aau{dH}daatu}avaaaaw{dH}aaavw}AAr
CHEMBL273449,2.37,CC(C)C(NC(=O)CN1C(=O)C(=CN=C1c2ccccc2)NC(=O)OCC(F)(F)F)C(=O)C(F)(F)F,35.5,AA{A}A{DA{~B}ADrA{~B}A{~AD~Arasaaaaas}DA{~B}BAA{G}{G}G}A{~B}A{G}{G}G
CHEMBL509,2.33,Cc1ccc(Cl)c(Nc2ccccc2C(=O)O)c1Cl,36.166666666666664,Aaraaa{Z}a{DasaaaaasA{~B}B}arZ
CHEMBL2164745,0.78,COc1ccc2N=CC(=O)N(CCN3CC[C@@H](NCc4cc5OCCOc5cn4)[C@@H](O)C3)c2c1,62.0,ABaraaasD~AA{~B}D{AADtAA{A**H}{DAauaavBAABavadu}{A**H}{B}At}asar
CHEMBL2023802,3.29,CCOc1cc2nccc(Oc3cnc(CC(=O)Nc4n[nH]c(CC)c4C)c(OC)c3)c2cc1OC,20.166666666666668,AABaraasdaaa{Batada{AA{~B}Daud{dH}a{AA}auA}a{BA}at}asaarBA
CHEMBL567161,3.11,CCNc1nc(Nc2ccccc2)nc(n1)C#N,23.166666666666668,AADarda{Dasaaaaas}da{dr}A^D
CHEMBL1682824,3.2,O=C1CCOc2nc(\C=C\c3ccccc3)ccc12,21.66666666666666,B~ArAABasda{RA~ARataaaaat}aaars
CHEMBL184659,2.7,COc1cc2ncnc(Nc3cc(NC(=O)c4ccnc(c4)N5CCOCC5)ccc3C)c2cc1OCCN6CCCC6,29.999999999999996,ABaraasdada{Dataa{DA{~B}auaada{au}DvAABAAv}aaatA}asaarBAADwAAAAw
CHEMBL1684,1.78,NS(=O)(=O)c1cc2c(NC(Cc3ccccc3)NS2(=O)=O)cc1C(F)(F)F,45.333333333333336,DE{~B}{~B}araasa{DA{Aataaaaat}DEs{~B}~B}aarA{G}{G}G
CHEMBL193646,0.73,C(CNCc1ccccc1)NCc2ccccc2,62.833333333333336,A{ADAaraaaaar}DAasaaaaas
CHEMBL153036,1.96,CNCC[C@@H](Oc1ccc(cc1)C(F)(F)F)c2ccccc2,42.333333333333336,ADAA{A**H}{Baraaa{aar}A{G}{G}G}asaaaaas
CHEMBL390674,3.47,Cc1cc(Oc2ccc3OCOc3c2)nc(Oc4ccc(cc4)n5ccnc5)n1,17.166666666666664,Aaraa{BasaaatBABatas}da{Bauaaa{aau}dvaadav}dr
CHEMBL2029359,1.92,CS(=O)(=O)Cc1cc(nc(n1)c2cnc3[nH]ccc3c2)N4CCOCC4,43.0,AE{~B}{~B}Aaraa{da{dr}asadat{dH}aaatas}DuAABAAu
CHEMBL50161,2.96,COC(=O)CCCC(=O)Nc1ccc2C(=O)C(=O)c3ccccc3c2c1,25.666666666666668,ABA{~B}AAAA{~B}DaraaasA{~B}A{~B}ataaaaatasar
CHEMBL2086691,3.1,C[C@@H]1CN(CCN1c2ncc(OCc3ccncc3C#N)cn2)c4noc(n4)C5CC5,23.333333333333332,A{A**H}rAD{AADrasdaa{BAataadaatA^D}ads}audba{du}AvAAv
CHEMBL1703518,3.9,CCN(CC)S(=O)(=O)c1ccc(cc1)c2oc(SCC(=O)N3CCc4ccccc34)nn2,10.000000000000002,AAD{AA}E{~B}{~B}araaa{aar}asba{EAA{~B}DtAAauaaaaatu}dds
CHEMBL1084762,2.53,OC(=O)C[C@H]1[C@@H](Cc2ccccc12)NC(=O)c3cc4sc(Cl)c(Cl)c4[nH]3,32.833333333333336,BA{~B}A{A*H}r{A**H}{Aasaaaaars}DA{~B}ataausa{Z}a{Z}au{dH}t
CHEMBL1290746,2.6,Cc1ccc(cc1NC(=O)c2cnn(c2N)c3ccccc3F)C(=O)Nc4ccon4,31.666666666666668,Aaraaa{aarDA{~B}asadd{asD}ataaaaatG}A{~B}Dauaabdu
CHEMBL225363,2.7,CN1CCN(CC1)c2cc(F)cc3C(=O)C=C(Nc23)C(=O)Nc4ccc(cc4)N5CCOCC5,29.999999999999996,ADrAAD{AAr}asaa{G}aatA{~B}A~A{Dast}A{~B}Dauaaa{aau}DvAABAAv
CHEMBL193757,0.81,CC(C)Oc1cc(OCCc2cccnc2)cc(c1)C(=O)Nc3ccc(cn3)C(=O)O,61.5,AA{A}Baraa{BAAasaaadas}aa{ar}A{~B}Dataaa{adt}A{~B}B
CHEMBL1382733,1.2,Cn1c(nc2ccccc12)c3ccc(O)nc3,55.0,Adra{dasaaaaars}ataaa{B}dat
CHEMBL1190521,1.89,CCOC(=O)C1(CCCN(CC2CC2)C1)c3cccc(O)c3,43.50000000000001,AABA{~B}Ar{AAAD{AAsAAs}Ar}ataaaa{B}at
CHEMBL210887,3.0,OCCCn1c(NC(=O)c2cccc(c2)[N+](=O)[O-])nc3ccccc13,25.0,BAAAdra{DA{~B}asaaaa{as}{DP}{~B}{BM}}dataaaaart
CHEMBL1916264,0.65,CCC(CC)NC(=O)c1cnn(c1NS(=O)(=O)c2ccc(C)cc2)c3ccccc3Cl,64.16666666666667,AAA{AA}DA{~B}aradd{arDE{~B}{~B}asaaa{A}aas}ataaaaatZ
CHEMBL226856,1.11,Clc1ccc2C(=O)C3=C(Nc2c1)C(=O)NN(Cc4ccsc4)C3=O,56.49999999999999,ZaraaasA{~B}At~A{Dasar}A{~B}DD{Aauaasau}At~B
CHEMBL2361579,2.8,Cc1cc2cc(C)c3nnc(SCC(=O)N4CCN(CC4)C(=O)c5occc5)n3c2cc1C,28.33333333333334,Aaraasaa{A}atdda{EAA{~B}DuAAD{AAu}A{~B}avbaaav}dtasaarA
CHEMBL1308863,2.96,Cc1cc(NC(=O)Nc2ccc(Cl)cc2)n(C)n1,25.666666666666668,Aaraa{DA{~B}Dasaaa{Z}aas}d{A}dr
CHEMBL1762157,3.73,CC1(C)N(Cc2ccnc(c2)N3CCOCC3)C(=O)N(C1=O)c4ccc(SC(F)(F)F)cc4,12.833333333333334,AAr{A}D{Aasaada{as}DtAABAAt}A{~B}D{Ar~B}auaaa{EA{G}{G}G}aau
CHEMBL100675,2.16,CN(C)CC(O)COc1ccc(Nc2cc(Nc3cc(C)ccc3Cl)ncn2)cc1,39.0,AD{A}AA{B}ABaraaa{Dasaa{Dataa{A}aaatZ}dads}aar
CHEMBL2207286,3.13,CN(C)S(=O)(=O)c1ccc2C(=CNC(=O)c2c1)C(=O)NC[C@@H](O)CN3CCC(CC3)Oc4ccc(Cl)c(Cl)c4,22.833333333333332,AD{A}E{~B}{~B}araaasA{~ADA{~B}asar}A{~B}DA{A**H}{B}ADtAAA{AAt}Bauaaa{Z}a{Z}au
CHEMBL428777,3.67,C[C@@H](Oc1cccc2ncnc(Nc3ccc(OCc4ccccn4)c(Cl)c3)c12)C(=O)N(C)C,13.833333333333334,A{A**H}{Baraaaasdada{Dataaa{BAauaaaadu}a{Z}at}ars}A{~B}D{A}A
CHEMBL644,2.95,CC(CN(C)C)CN1c2ccccc2CCc3ccccc13,25.83333333333333,AA{AD{A}A}ADrasaaaaasAAataaaaart
CHEMBL1608462,3.8,CC(C)n1ncc2c(cc(nc12)C3CC3)C(=O)NCc4c(C)cc(C)nc4O,11.66666666666667,AA{A}drdaasa{aa{dars}AtAAt}A{~B}DAaua{A}aa{A}dauB
CHEMBL2207659,3.02,Cc1cc(Cl)ccc1OC2CCN(C[C@H](O)CNC(=O)c3c[nH]nc3C(F)(F)F)CC2,24.666666666666668,Aaraa{Z}aaarBAsAAD{A{A*H}{B}ADA{~B}ata{dH}datA{G}{G}G}AAs
CHEMBL2107729,3.02,Clc1ccc(NS(=O)(=O)c2ccc(Cl)s2)c(c1)C(=O)Nc3ccc(cc3)S(=O)(=O)N4CCOCC4,24.666666666666668,Zaraaa{DE{~B}{~B}asaaa{Z}ss}a{ar}A{~B}Dataaa{aat}E{~B}{~B}DuAABAAu
CHEMBL101119,2.1,CN(C)CC(O)COc1ccc(Nc2cc(ncn2)N(CC#N)c3cc(Cl)ccc3Cl)cc1,40.0,AD{A}AA{B}ABaraaa{Dasaa{dads}D{AA^D}ataa{Z}aaatZ}aar
CHEMBL22242,0.05,CCN1CCC[C@H]1CNC(=O)c2c(OC)ccc(Br)c2OC,74.16666666666667,AADrAAA{A*H}rADA{~B}asa{BA}aaa{X}asBA
CHEMBL1094250,3.48,C[C@@H](CNC(=O)c1c(O)c(O)cc2c(O)c(c(C)cc12)c3c(C)cc4c(C(=O)NC[C@H](C)c5ccccc5)c(O)c(O)cc4c3O)c6ccccc6,17.0,A{A**H}{ADA{~B}ara{B}a{B}aasa{B}a{a{A}aars}ata{A}aaua{A{~B}DA{A*H}{A}avaaaaav}a{B}a{B}aauatB}awaaaaaw
CHEMBL2336320,2.82,COc1ccc(cc1C(=O)N)c2ccc3c(nc(nc3n2)N4CCOC[C@@H]4C)N5CCOC[C@@H]5C,28.000000000000004,ABaraaa{aarA{~B}D}asaaata{da{datds}DuAABA{A**H}uA}DvAABA{A**H}vA
CHEMBL239767,3.9,Oc1cc(ccc1NC(=O)Nc2ccccc2Br)[N+](=O)[O-],10.000000000000002,Baraa{aaarDA{~B}DasaaaaasX}{DP}{~B}{BM}
CHEMBL2171036,1.39,COc1ccc(cc1)S(=O)(=O)NC(=O)N2CCC(CC2)N3CCC(CC3)Oc4ccc(Cl)c(Cl)c4,51.83333333333334,ABaraaa{aar}E{~B}{~B}DA{~B}DsAAA{AAs}DtAAA{AAt}Bauaaa{Z}a{Z}au
CHEMBL250132,3.22,C[C@H](CN(C)C(=O)CO)Oc1cccc2ncnc(Nc3ccc(OCc4ccccn4)c(Cl)c3)c12,21.333333333333332,A{A*H}{AD{A}A{~B}AB}Baraaaasdada{Dataaa{BAauaaaadu}a{Z}at}ars
CHEMBL235579,2.18,Clc1ccc(O[C@H]2CCCNC2)cc1C(=O)NCC34CC5CC(CC(C5)C3)C4,38.666666666666664,Zaraaa{B{A*H}sAAADAs}aarA{~B}DAAtuAAvAA{AA{Av}At}Au
CHEMBL514384,2.75,COCCS(=O)(=O)N1CCN(CC1)c2ccc(Nc3nccc(n3)c4cnc(C)n4C(C)C)cc2,29.166666666666668,ABAAE{~B}{~B}DrAAD{AAr}asaaa{Datdaaa{dt}auada{A}duA{A}A}aas
CHEMBL294878,3.2,Oc1ccc(cc1)C2=CC(=O)c3ccc(O)cc3O2,21.66666666666666,Baraaa{aar}As~AA{~B}ataaa{B}aatBs
CHEMBL686,1.89,Cc1cccc(Nc2ccccc2C(=O)O)c1C,43.50000000000001,Aaraaaa{DasaaaaasA{~B}B}arA
CHEMBL167226,2.3,CCCc1c(O)c(ccc1OCc2ccc(C(=O)O)c(Br)c2)C(=O)C,36.66666666666667,AAAara{B}a{aaarBAasaaa{A{~B}B}a{X}as}A{~B}A
CHEMBL550438,3.56,CC1CCC(CC(=O)Nc2cccc3ncccc23)CC1,15.666666666666666,AArAAA{AA{~B}Dasaaaatdaaaast}AAr
CHEMBL301265,3.15,CCCN[C@H]1CCc2nc(N)sc2C1,22.5,AAAD{A*H}rAAasda{D}sasAr
CHEMBL1807855,0.47,Nc1nc(OCc2nccs2)nc3c1ncn3[C@@H]4O[C@H](CF)[C@@H](O)[C@H]4O,67.16666666666667,Darda{BAasdaass}datardadt{A**H}uB{A*H}{AG}{A**H}{B}{A*H}uB
CHEMBL1232461,2.46,CCNC(=O)C[C@@H]1N=C(c2ccc(Cl)cc2)c3cc(OC)ccc3n4c(C)nnc14,34.0,AADA{~B}A{A**H}rD~A{asaaa{Z}aas}ataa{BA}aaatdua{A}ddaru
CHEMBL403812,1.69,Nc1ccccc1NC(=O)c2ccc(cc2)c3ncc(CN4CCC4)cc3F,46.833333333333336,DaraaaaarDA{~B}asaaa{aas}atdaa{ADuAAAu}aatG
CHEMBL521809,2.13,O=C(N1CCN(CC1)c2ncccn2)c3cccc(CC4=NNC(=O)c5ccccc45)c3,39.5,B~A{DrAAD{AAr}asdaaads}ataaaa{AAu~DDA{~B}avaaaaauv}at
CHEMBL1807870,0.99,O[C@@H](CNCCCSCCNCCc1ccccc1Cl)c2ccc(O)c3NC(=O)Sc23,58.5,B{A**H}{ADAAAEAADAAaraaaaarZ}asaaa{B}atDA{~B}East
CHEMBL481563,3.87,Cc1ccc(NC(=O)c2cccc(c2)C(F)(F)F)cc1NC(=O)c3ccc4ncccc4c3,10.499999999999998,Aaraaa{DA{~B}asaaaa{as}A{G}{G}G}aarDA{~B}ataaaudaaaauat
CHEMBL1592130,4.2,c1ccc(cc1)c2nnc(s2)c3ccccc3,4.999999999999997,araaa{aar}asdda{ss}ataaaaat
CHEMBL173706,-0.35,CC(C)(C)NCC(O)COc1nsnc1N2CCOCC2,80.83333333333333,AA{A}{A}DAA{B}ABardsdarDsAABAAs
CHEMBL1916086,1.9,Cc1ccc(cc1)S(=O)(=O)Nc2c(cnn2c3ccccc3)C(=O)NCc4ccccc4,43.333333333333336,Aaraaa{aar}E{~B}{~B}Dasa{addsataaaaat}A{~B}DAauaaaaau
CHEMBL2036748,1.98,CN1CCCC(CN2CCN(CC2)C(=O)Nc3ccc(Cl)c(Cl)c3)C1,42.0,ADrAAAA{ADsAAD{AAs}A{~B}Dataaa{Z}a{Z}at}Ar
CHEMBL1800660,2.51,CCCCN(CCNC[C@H](O)c1ccc(O)c2NC(=O)Sc12)C(=O)CCOCCc3ccccc3,33.16666666666667,AAAAD{AADA{A*H}{B}araaa{B}asDA{~B}Ears}A{~B}AABAAataaaaat
CHEMBL2171049,1.6,Cc1ccc(cc1)S(=O)(=O)NC(=O)N2CCC(CC2)N3CCC(CC3)Oc4ccc(Cl)cc4,48.333333333333336,Aaraaa{aar}E{~B}{~B}DA{~B}DsAAA{AAs}DtAAA{AAt}Bauaaa{Z}aau
CHEMBL2333941,0.8,C[C@]1(CCSC(=N1)N)c2cc(c(F)cc2F)c3cncnc3,61.666666666666664,A{A*}r{AAEA{~Dr}D}asaa{a{G}aasG}atadadat
CHEMBL2151323,2.41,CC(C)Oc1cc(n[nH]1)n2cnc3cnc(N[C@@H](C)c4ncc(F)cn4)nc23,34.833333333333336,AA{A}Baraa{d{dH}r}dsadatada{D{A**H}{A}audaa{G}adu}dast
CHEMBL2325014,2.3,Nc1[nH]ncc1c2cc(Cl)ccc2Oc3cc(F)c(cc3Cl)S(=O)(=O)Nc4cscn4,36.66666666666667,Dar{dH}daarasaa{Z}aaasBataa{G}a{aatZ}E{~B}{~B}Dauasadu
CHEMBL1073,0.31,Cc1cnc(cn1)C(=O)NCCc2ccc(cc2)S(=O)(=O)NC(=O)NC3CCCCC3,69.83333333333334,Aarada{adr}A{~B}DAAasaaa{aas}E{~B}{~B}DA{~B}DAtAAAAAt
CHEMBL280713,2.1,OC(=O)c1ccccc1Cn2nnc(n2)c3cccc(OCc4ccc5ccccc5n4)c3,40.0,BA{~B}araaaaarAdsdda{ds}ataaaa{BAauaaavaaaaavdu}at
CHEMBL1721498,2.72,Clc1ccc(cc1)C(=O)C2CCN(CC2)C(=O)C3CC3,29.66666666666666,Zaraaa{aar}A{~B}AsAAD{AAs}A{~B}AtAAt
CHEMBL1945292,0.01,COCCNCc1cccc(CCNC[C@H](O)c2ccc(O)c3NC(=O)Sc23)c1,74.83333333333333,ABAADAaraaaa{AADA{A*H}{B}asaaa{B}atDA{~B}East}ar
CHEMBL520742,2.82,COc1cc2ncc(C(=O)N)c(Nc3ccc(F)cc3)c2cc1OC,28.000000000000004,ABaraasdaa{A{~B}D}a{Dataaa{G}aat}asaarBA
CHEMBL1430654,4.02,O=C(Nc1cccc(NC(=O)c2ccccc2)n1)c3ccccc3,8.000000000000007,B~A{Daraaaa{DA{~B}asaaaaas}dr}ataaaaat
CHEMBL1738761,0.76,NCC[C@@H](Oc1cc(Cl)ccc1C#N)c2ccccc2,62.333333333333336,DAA{A**H}{Baraa{Z}aaarA^D}asaaaaas
CHEMBL2023801,2.79,CCc1[nH]nc(NC(=O)Cc2ncc(Oc3ccnc4cc(OC)c(OC)cc34)cc2OC)c1C,28.5,AAar{dH}da{DA{~B}Aasdaa{Bataadauaa{BA}a{BA}aatu}aasBA}arA
CHEMBL100945,2.8,CN(C)CC(O)COc1ccc(Nc2cc(ncn2)N(CC#C)c3cc(Cl)ccc3Cl)cc1,28.33333333333334,AD{A}AA{B}ABaraaa{Dasaa{dads}D{AA^A}ataa{Z}aaatZ}aar
CHEMBL99408,1.33,Nc1ccc2ncccc2c1,52.833333333333336,Daraaasdaaaasar
CHEMBL1950722,1.65,CN[C@@H](C)C(=O)N[C@@H](C1CCCCC1)C(=O)N[C@H]2CCN(CCc3ccccc3)C2,47.5,AD{A**H}{A}A{~B}D{A**H}{ArAAAAAr}A{~B}D{A*H}sAAD{AAataaaaat}As
CHEMBL1917462,0.92,Cc1c(Sc2ccc(Cl)cc2)c3c(Cl)nccc3n1CC(=O)O,59.666666666666664,Aara{Easaaa{Z}aas}ata{Z}daaatdrAA{~B}B
CHEMBL1824031,1.42,Brc1ccc2OCC(=O)N(CCN3CCC(CC3)NCc4ccc5OCC(=O)Nc5n4)c2c1,51.333333333333336,XaraaasBAA{~B}D{AADtAAA{AAt}DAauaaavBAA{~B}Davdu}asar
CHEMBL258175,1.68,CC(C)N1CCN(Cc2cnc(c(Cl)c2)c3ccc(cc3)C(=O)Nc4ccccc4N)CC1,47.0,AA{A}DrAAD{Aasada{a{Z}as}ataaa{aat}A{~B}DauaaaaauD}AAr
CHEMBL474484,0.7,CC(C)CNc1nc(nc(N2CCNCC2)c1N)C#N,63.333333333333336,AA{A}ADarda{da{DsAADAAs}arD}A^D
CHEMBL260091,2.03,C[C@@H](O)[C@H](NC(=O)c1ccc(cc1)C#Cc2ccc(CN3CCOCC3)cc2)C(=O)NO,41.16666666666667,A{A**H}{B}{A*H}{DA{~B}araaa{aar}A^Aasaaa{ADtAABAAt}aas}A{~B}DB
CHEMBL2208432,4.46,O[C@H](CNC(=O)N1C(=O)Nc2ccccc12)CN3CCC(CC3)Oc4ccc(Cl)c(Cl)c4,0.6666666666666673,B{A*H}{ADA{~B}DrA{~B}Dasaaaaars}ADtAAA{AAt}Bauaaa{Z}a{Z}au
CHEMBL1917455,2.28,Cc1c(Oc2ccc(Cl)cc2)c3cc(ccc3n1CC(=O)O)C(F)(F)F,37.00000000000001,Aara{Basaaa{Z}aas}ataa{aaatdrAA{~B}B}A{G}{G}G
CHEMBL481611,2.9,CC(C)(F)C[C@H](N[C@@H](c1ccc(cc1)c2ccc(cc2)S(=O)(=O)C)C(F)(F)F)C(=O)NC3(CC3)C#N,26.666666666666668,AA{A}{G}A{A*H}{D{A**H}{araaa{aar}asaaa{aas}E{~B}{~B}A}A{G}{G}G}A{~B}DAt{AAt}A^D
CHEMBL11,2.49,CN(C)CCCN1c2ccccc2CCc3ccccc13,33.49999999999999,AD{A}AAADrasaaaaasAAataaaaart
CHEMBL1682836,3.1,CN1CCOc2cc(COC3CCCCC3)cnc12,23.333333333333332,ADrAABasaa{ABAtAAAAAt}adars
CHEMBL14516,2.0,CC(C)C(NC(=O)CN1C(=O)C(=CC=C1c2ccccc2)NC(=O)CN3CCOCC3)C(=O)C(F)(F)F,41.666666666666664,AA{A}A{DA{~B}ADrA{~B}A{~AA~Arasaaaaas}DA{~B}ADtAABAAt}A{~B}A{G}{G}G
CHEMBL6966,2.61,COc1ccc(CCN(C)CCCC(C#N)(C(C)C)c2ccc(OC)c(OC)c2)cc1OC,31.5,ABaraaa{AAD{A}AAAA{A^D}{A{A}A}asaaa{BA}a{BA}as}aarBA
CHEMBL575492,3.37,COc1ccccc1Nc2cc(Oc3cc(C)c(C)nc3c4ccccn4)ccn2,18.833333333333332,ABaraaaaarDasaa{Bataa{A}a{A}datauaaaadu}aads
CHEMBL2031563,0.29,Fc1cc(C(=O)Nc2cccc(c2)c3nnn[nH]3)c4nc[nH]c4c1,70.16666666666667,Garaa{A{~B}Dasaaaa{as}atddd{dH}t}auda{dH}auar
CHEMBL621,2.67,Clc1cccc(c1)N2CCN(CCCN3N=C4C=CC=CN4C3=O)CC2,30.5,Zaraaaa{ar}DsAAD{AAADtD~AuA~AA~ADuAt~B}AAs
CHEMBL208487,2.74,CC(C)CN1C(=O)N(C)C(=O)c2c1sc(Cc3ccccc3C(F)(F)F)c2C(=O)N4CC[C@@H](O)C4,29.33333333333333,AA{A}ADrA{~B}D{A}A{~B}asarsa{AataaaaatA{G}{G}G}asA{~B}DuAA{A**H}{B}Au
CHEMBL1956334,3.01,CC(=O)c1ncccc1NC(=O)[C@@H]2CC[C@H](CC2)N3C(=O)[C@@H]4[C@@H]5CC[C@@H](C5)[C@@H]4C3=O,24.83333333333334,AA{~B}ardaaaarDA{~B}{A**H}sAA{A*H}{AAs}DtA{~B}{A**H}u{A**H}vAA{A**H}{Av}{A**H}uAt~B
CHEMBL115022,2.41,CC(=O)Nc1ccc2nc(cc(O)c2c1)c3cccc(F)c3,34.833333333333336,AA{~B}Daraaasda{aa{B}asar}ataaaa{G}at
CHEMBL400883,2.41,COc1ccc2nc(N[C@H]3CCC[C@@H](C3)NCc4ccsc4)cc(C)c2c1,34.833333333333336,ABaraaasda{D{A*H}tAAA{A**H}{At}DAauaasau}aa{A}asar
CHEMBL1809198,3.5,COc1cc(ccc1Nc2ncc(Cl)c(n2)c3cnc4c(F)cccn34)N5CCN(CC5)C(=O)C,16.666666666666668,ABaraa{aaarDasdaa{Z}a{ds}atadaua{G}aaadtu}DvAAD{AAv}A{~B}A
CHEMBL546,0.2,CC(C)NCC(O)COc1ccccc1OCC=C,71.66666666666667,AA{A}DAA{B}ABaraaaaarBAA~A
CHEMBL1914480,0.83,COc1ccc2N=CC(=O)N(CCN3CCC(CC3)NCc4cc5OCCOc5cn4)c2n1,61.166666666666664,ABaraaasD~AA{~B}D{AADtAAA{AAt}DAauaavBAABavadu}asdr
CHEMBL1346348,3.16,O=C(N1CCCCC1)c2scc3CCCCc23,22.333333333333332,B~A{DrAAAAAr}assaatAAAAast
CHEMBL452530,1.2,NC(=O)Nc1sc(cc1C(=O)N)c2ccc(OCCN3CCCCC3)cc2,55.0,DA{~B}Darsa{aarA{~B}D}asaaa{BAADtAAAAAt}aas
CHEMBL10975,2.02,CC(C)C(NC(=O)CN1C(=O)C(=CN=C1c2cccs2)NC(=O)OCc3ccccc3)C(=O)C(F)(F)F,41.333333333333336,AA{A}A{DA{~B}ADrA{~B}A{~AD~Arasaaass}DA{~B}BAataaaaat}A{~B}A{G}{G}G
CHEMBL2070947,1.49,CS(=O)(=O)c1ccc2nc(sc2c1)N3CCN(CC3)C(=O)[C@@H]4CCCC[C@H]4C(=O)NC5(CC5)C#N,50.166666666666664,AE{~B}{~B}araaasda{sasar}DtAAD{AAt}A{~B}{A**H}uAAAA{A*H}uA{~B}DAv{AAv}A^D
CHEMBL588,0.87,Oc1ccc(cc1)C2CNCCc3c(Cl)c(O)c(O)cc23,60.5,Baraaa{aar}AsADAAata{Z}a{B}a{B}aast
CHEMBL445162,3.13,CS(=O)(=O)c1cccc(Nc2nccc(Nc3c(Cl)ccc4OCOc34)n2)c1,22.833333333333332,AE{~B}{~B}araaaa{Dasdaaa{Data{Z}aaauBABatu}ds}ar
CHEMBL1824038,-0.11,CCS(=O)(=O)c1ccc2OCC(=O)N(CCN3CCC(CC3)NCc4ccc5OCC(=O)Nc5n4)c2c1,76.83333333333334,AAE{~B}{~B}araaasBAA{~B}D{AADtAAA{AAt}DAauaaavBAA{~B}Davdu}asar
CHEMBL1783259,3.65,COc1ccc(OC)c(c1)c2cccc3c(N)c(nnc23)C(=O)NC(C)C,14.16666666666667,ABaraaa{BA}a{ar}asaaaata{D}a{ddast}A{~B}DA{A}A
CHEMBL488881,4.2,O=C1C=C(Oc2c1cccc2c3cccc(c3)c4ccsc4)N5CCOCC5,4.999999999999997,B~ArA~A{Basaraaaasataaaa{at}auaasau}DvAABAAv
CHEMBL1491421,1.9,CC(C)(C)c1cc2nc3C(=O)N(Cc4ccccc4)Cc3c(O)n2n1,43.333333333333336,AA{A}{A}araasdatA{~B}D{Aauaaaaau}Aata{B}dsdr
CHEMBL1164652,3.58,CC(C)n1c(C)ncc1c2ccnc(Nc3ccccc3)n2,15.333333333333334,AA{A}dra{A}daarasaada{Dataaaaat}ds
CHEMBL440335,4.5,[O-]c1c2c(nn1c3ccc(Cl)cc3)c4ccccc4c[n+]2Cc5ccccc5,0.0,{BM}arasa{ddrataaa{Z}aat}auaaaaaua{dP}sAavaaaaav
CHEMBL2164668,3.01,O=C(NC1(CC1)C#N)[C@@H]2CCCC[C@H]2C(=O)N3CCc4oc5ccccc5c4C3,24.83333333333334,B~A{DAr{AAr}A^D}{A**H}sAAAA{A*H}sA{~B}DtAAaubavaaaaavauAt
CHEMBL259850,2.9,COc1ccc(CNC(=O)Nc2ncc(s2)[N+](=O)[O-])cc1,26.666666666666668,ABaraaa{ADA{~B}Dasdaa{ss}{DP}{~B}{BM}}aar
CHEMBL241609,2.45,Oc1cc(O)c2C(=O)C(=COc2c1)c3ccc(O)c(O)c3,34.166666666666664,Baraa{B}asA{~B}A{~ABasar}ataaa{B}a{B}at
CHEMBL2152918,3.4,CO[C@@H]1CC[C@@]2(CC1)Cc3ccc(cc3C24N=C(C)C(=N4)N)c5cncc(Br)c5,18.333333333333336,AB{A**H}rAA{A**}s{AAr}Aataaa{aatAsuD~A{A}A{~Du}D}avadaa{X}av
CHEMBL1945294,-0.28,O[C@@H](CNCCc1cccc(CN2CCCC2)c1)c3ccc(O)c4NC(=O)Sc34,79.66666666666667,B{A**H}{ADAAaraaaa{ADsAAAAs}ar}ataaa{B}auDA{~B}Eatu
CHEMBL1258188,3.31,COc1ccc(cc1)C2=C(C)c3ccc(OC)cc3OC2=O,19.833333333333332,ABaraaa{aar}As~A{A}ataaa{BA}aatBAs~B
CHEMBL1214185,1.8,CC[C@H]1OC(=O)[C@H](C)[C@@H](O[C@H]2C[C@@](C)(OC)[C@@H](O)[C@H](C)O2)[C@H](C)[C@@H](O[C@@H]3O[C@H](C)C[C@@H]([C@H]3O)N(C)C)[C@](C)(O)C[C@@H](C)\C(=N/OCOCCOC)\[C@H](C)[C@@H](O)[C@]1(C)O,45.0,AA{A*H}rBA{~B}{A*H}{A}{A**H}{B{A*H}sA{A**}{A}{BA}{A**H}{B}{A*H}{A}Bs}{A*H}{A}{A**H}{B{A**H}tB{A*H}{A}A{A**H}{{A*H}tB}D{A}A}{A*}{A}{B}A{A**H}{A}RA{~DLBABAABA}R{A*H}{A}{A**H}{B}{A*}r{A}B
CHEMBL479847,2.95,COc1cc2ncc(C(=O)N)c(Nc3ccc(F)cc3F)c2cc1OC,25.83333333333333,ABaraasdaa{A{~B}D}a{Dataaa{G}aatG}asaarBA
CHEMBL2086675,3.4,CC(C)(C)OC(=O)N1CCN(CC1)c2ncc(OCc3ccncc3)cn2,18.333333333333336,AA{A}{A}BA{~B}DrAAD{AAr}asdaa{BAataadaat}ads
CHEMBL2349324,4.5,CC(C)C[C@H](CO)Nc1nc(SCc2ccccc2F)nc3nc(N)sc13,0.0,AA{A}A{A*H}{AB}Darda{EAasaaaaasG}datda{D}sart
CHEMBL383760,3.65,CNC(=O)[C@H]1CCCN1Cc2cc3c(Nc4cccc(Cl)c4F)ncnc3cc2OC,14.16666666666667,ADA{~B}{A*H}rAAADrAasaata{Dauaaaa{Z}auG}dadataasBA
CHEMBL1934268,0.95,CCn1nc(C)c(C(=O)N[C@@H](C)C(C)(C)C)c1NS(=O)(=O)c2ccc(C)cc2,59.166666666666664,AAdrda{A}a{A{~B}D{A**H}{A}A{A}{A}A}arDE{~B}{~B}asaaa{A}aas
CHEMBL158766,1.37,Cc1ccc(O)c(O)c1,52.166666666666664,Aaraaa{B}a{B}ar
CHEMBL837,1.6,CCc1c2CN3C(=O)C4=C(C=C3c2nc5ccc(O)cc15)[C@@](O)(CC)C(=O)OC4,48.333333333333336,AAarasADtA{~B}Au~A{A~Atasdavaaa{B}aarv}{A**}{B}{AA}A{~B}BAu
CHEMBL2110732,4.1,COc1cc2ncnc(Nc3ccc(F)c(Cl)c3)c2cc1NC(=O)\C=C\CN4CCCCC4,6.666666666666672,ABaraasdada{Dataaa{G}a{Z}at}asaarDA{~B}RA~ARADuAAAAAu
CHEMBL2325601,2.65,Nc1n[nH]cc1c2cc(ccc2Oc3cc(F)c(cc3Cl)S(=O)(=O)Nc4cscn4)C(F)(F)F,30.833333333333332,Dard{dH}aarasaa{aaasBataa{G}a{aatZ}E{~B}{~B}Dauasadu}A{G}{G}G
CHEMBL1209658,2.71,Fc1ccc(cc1C#N)S(=O)(=O)NCC(N2CCCCCC2)c3ccccc3,29.833333333333332,Garaaa{aarA^D}E{~B}{~B}DAA{DsAAAAAAs}ataaaaat
CHEMBL2062571,2.24,CC(=O)Nc1ccc2ccn(c3cc(NC4COC4)n5ncc(C#N)c5n3)c2c1,37.666666666666664,AA{~B}Daraaasaad{ataa{DAuABAu}dvdaa{A^D}avdt}asar
CHEMBL2153435,2.42,CCNC(=O)C[C@H]1N=C(c2ccc(Cl)cc2)c3cc(OC)ccc3n4c(C)nnc14,34.666666666666664,AADA{~B}A{A*H}rD~A{asaaa{Z}aas}ataa{BA}aaatdua{A}ddaru
CHEMBL1209739,3.13,COc1ccc(cc1)S(=O)(=O)NCC(N2CCCCCC2)c3ccccc3,22.833333333333332,ABaraaa{aar}E{~B}{~B}DAA{DsAAAAAAs}ataaaaat
CHEMBL1364,-0.58,Cc1ncc(CO)c(CO)c1O,84.66666666666667,Aardaa{AB}a{AB}arB
CHEMBL453053,1.22,NC(=O)Nc1sc(cc1C(=O)N)c2ccc(CNC3CCCC3)cc2,54.666666666666664,DA{~B}Darsa{aarA{~B}D}asaaa{ADAtAAAAt}aas
CHEMBL2059000,0.5,CCCSc1nc2ccc(NC(=O)CCC(=O)O)cc2s1,66.66666666666667,AAAEardasaaa{DA{~B}AAA{~B}B}aassr
CHEMBL421604,1.34,CS(=O)(=O)Nc1ccc(CCOCCCS(=O)(=O)CCNCCc2ccc(O)c3nc(O)sc23)cc1,52.666666666666664,AE{~B}{~B}Daraaa{AABAAAE{~B}{~B}AADAAasaaa{B}atda{B}sast}aar
CHEMBL2171042,1.84,Cc1cccc(c1)S(=O)(=O)NC(=O)N2CCC(CC2)N3CCC(CC3)Oc4ccc(Cl)c(Cl)c4,44.333333333333336,Aaraaaa{ar}E{~B}{~B}DA{~B}DsAAA{AAs}DtAAA{AAt}Bauaaa{Z}a{Z}au
CHEMBL2172001,1.93,C[C@@H]1CN(CCN1C(=O)[C@@H]2CCCC[C@H]2C(=O)NC3(CC3)C#N)c4ccc5c(C)nnc(C)c5c4,42.833333333333336,A{A**H}rAD{AADrA{~B}{A**H}sAAAA{A*H}sA{~B}DAt{AAt}A^D}auaaava{A}dda{A}avau
CHEMBL2062566,3.3,CC(=O)Nc1ccc2CCN(c3cc(NC4CC4)n5ncc(C#N)c5n3)c2c1,20.000000000000004,AA{~B}DaraaasAAD{ataa{DAuAAu}dvdaa{A^D}avdt}asar
CHEMBL107920,3.84,Fc1cc(F)cc(c1)c2cc(on2)N(CCCN3CCCCCC3)Cc4ccc5OCOc5c4,11.000000000000002,Garaa{G}aa{ar}asaa{bds}D{AAADtAAAAAAt}AauaaavBABavau
CHEMBL1831130,1.55,COc1ccc2nc(C)cc(N3CC(CNC(=O)C4CC4)OC3=O)c2c1,49.166666666666664,ABaraaasda{A}aa{DtAA{ADA{~B}AuAAu}BAt~B}asar
CHEMBL230641,4.21,CC(C)c1ccccc1Nc2nc(SCc3cccs3)n[nH]2,4.833333333333334,AA{A}araaaaarDasda{EAataaast}d{dH}s
CHEMBL98406,2.2,Nc1nc2ccc(F)cc2s1,38.33333333333333,Dardasaaa{G}aassr
CHEMBL376813,2.7,COc1cc(N2CC[C@H](C2)N(C)C)c3NC(=CC(=O)c3c1)C(=O)Nc4ccc(cc4)N5CCOCC5,29.999999999999996,ABaraa{DsAA{A*H}{As}D{A}A}atDA{~AA{~B}atar}A{~B}Dauaaa{aau}DvAABAAv
CHEMBL26894,0.36,Oc1ccc(cc1)S(=O)(=O)Nc2nccs2,68.99999999999999,Baraaa{aar}E{~B}{~B}Dasdaass
CHEMBL329672,3.9,Clc1cccc(Nc2ncnc3ccccc23)c1,10.000000000000002,Zaraaaa{Dasdadataaaaast}ar
CHEMBL1946026,2.75,O=C(N1CCCC1)c2ccc(cc2)C(=C3CCN(Cc4cscn4)CC3)c5cccc6cccnc56,29.166666666666668,B~A{DrAAAAr}asaaa{aas}A{~AtAAD{Aauasadu}AAt}avaaaawaaadavw
CHEMBL1288221,2.94,NC(=O)c1cnc(N[C@H]2CCCNC2)c3cc(sc13)c4ccc(F)c(Cl)c4,26.0,DA{~B}arada{D{A*H}sAAADAs}ataa{sart}auaaa{G}a{Z}au
CHEMBL1574150,4.36,O=C(NC1CCCC1)C(N(Cc2occc2)C(=O)c3ccc([nH]3)c4ccccc4)c5ccncc5,2.333333333333328,B~A{DArAAAAr}A{D{Aasbaaas}A{~B}ataaa{{dH}t}auaaaaau}avaadaav
CHEMBL272282,1.63,CN1C(=N)N(CC(=O)c2ccc(Cl)cc2)c3ccccc13,47.833333333333336,ADrA{~D}D{AA{~B}asaaa{Z}aas}ataaaaart
CHEMBL128613,2.79,CN1CCN(CC1)C(=O)c2cc3cc(Br)ccc3[nH]2,28.5,ADrAAD{AAr}A{~B}asaataa{X}aaat{dH}s
CHEMBL251202,2.65,COc1cccc(c1)C(=O)N2CCC(CC2)N3C(=O)Nc4ccccc34,30.833333333333332,ABaraaaa{ar}A{~B}DsAAA{AAs}DtA{~B}Dauaaaaatu
CHEMBL1430943,3.44,CCCS(=O)(=O)N1CCCC(C1)C(=O)N2CCC(Cc3ccccc3)CC2,17.666666666666668,AAAE{~B}{~B}DrAAAA{Ar}A{~B}DsAAA{Aataaaaat}AAs
CHEMBL605785,2.98,COC1(CCOCC1)c2ccc(NC(=O)C3=CC(=O)c4cc(F)cc(c4O3)c5c(C)nn(C)c5C)cn2,25.333333333333332,ABAr{AABAAr}asaaa{DA{~B}At~AA{~B}auaa{G}aa{auBt}ava{A}dd{A}avA}ads
CHEMBL128514,3.5,CNC(=O)c1ccc(CCC(COc2ccc(cc2)c3cccc(c3)[N+](=O)[O-])N4C(=O)CSC4=O)cc1,16.666666666666668,ADA{~B}araaa{AAA{ABasaaa{aas}ataaaa{at}{DP}{~B}{BM}}DuA{~B}AEAu~B}aar
CHEMBL440464,0.5,CN1CCCC1c2cccnc2,66.66666666666667,ADrAAAArasaaadas
CHEMBL104298,1.6,Oc1nc2cc(Cl)cc(Cl)c2c(O)c1c3ccccc3,48.333333333333336,Bardasaa{Z}aa{Z}asa{B}arataaaaat
CHEMBL6399,0.9,CN(C)c1cccc2c(cccc12)S(=O)(=O)Nc3cnccn3,60.0,AD{A}araaaasa{aaaars}E{~B}{~B}Datadaadt
CHEMBL271939,2.4,Oc1ccc(cc1)C2CC(=O)c3ccc(O)cc3O2,35.0,Baraaa{aar}AsAA{~B}ataaa{B}aatBs
CHEMBL303714,0.4,NCc1nc2ccccc2[nH]1,68.33333333333333,DAardasaaaaas{dH}r
CHEMBL1559397,-0.8,OC(=O)c1cc(nc2ccc(F)cc12)c3ccncc3,88.33333333333333,BA{~B}araa{dasaaa{G}aars}ataadaat
CHEMBL1834385,2.0,Nc1nccc(n1)c2ccccc2,41.666666666666664,Dardaaa{dr}asaaaaas
CHEMBL2326693,2.37,OCCN1CC=CC[C@@H](C1)c2ccc(Cl)c(Cl)c2,35.5,BAADrAA~AA{A**H}{Ar}asaaa{Z}a{Z}as
CHEMBL1762537,4.2,CN(c1ccnc(Nc2cc(cc(c2)N3CCOCC3)N4CCCCC4)n1)c5cc(CO)ccc5C,4.999999999999997,AD{araada{Dasaa{aa{as}DtAABAAt}DuAAAAAu}dr}avaa{AB}aaavA
CHEMBL1730860,3.3,Oc1ccc(cc1)c2cnc3ccccc3n2,20.000000000000004,Baraaa{aar}asadataaaaatds
CHEMBL2164688,2.4,COc1ccc2[nH]c3CCN(Cc3c2c1)C(=O)[C@@H]4CCCC[C@H]4C(=O)NC5(CC5)C#N,35.0,ABaraaas{dH}atAAD{Aatasar}A{~B}{A**H}uAAAA{A*H}uA{~B}DAv{AAv}A^D
CHEMBL318021,2.4,CC(CCc1cccc(OCc2ccc3ccccc3n2)c1)CC(=O)O,35.0,AA{AAaraaaa{BAasaaataaaaatds}ar}AA{~B}B
CHEMBL2164377,3.9,FC(F)(F)Oc1ccc(CNC(=O)C2N(CC3CC(F)(F)C3)C(=O)c4ccccc24)cc1,10.000000000000002,GA{G}{G}Baraaa{ADA{~B}AsD{AAtAA{G}{G}At}A{~B}auaaaaasu}aar
CHEMBL208330,2.9,CC(C)CN1C(=O)N(C)C(=O)c2c1sc(Cc3ccccc3C(F)(F)F)c2C(=O)N(C)C,26.666666666666668,AA{A}ADrA{~B}D{A}A{~B}asarsa{AataaaaatA{G}{G}G}asA{~B}D{A}A
CHEMBL1950864,1.64,CN[C@@H](C)C(=O)N[C@@H](C1CCCCC1)C(=O)N[C@H]2C[C@@H]3CC[C@H]2N(CCc4ccccc4)C3,47.66666666666668,AD{A**H}{A}A{~B}D{A**H}{ArAAAAAr}A{~B}D{A*H}sA{A**H}tAA{A*H}sD{AAauaaaaau}At
CHEMBL2164689,4.2,FC(F)(F)c1ccc2[nH]c3CCN(Cc3c2c1)C(=O)[C@@H]4CCCC[C@H]4C(=O)NC5(CC5)C#N,4.999999999999997,GA{G}{G}araaas{dH}atAAD{Aatasar}A{~B}{A**H}uAAAA{A*H}uA{~B}DAv{AAv}A^D
CHEMBL279053,3.92,CCCc1c(OCCCSc2ccc(CC(=O)O)cc2Cl)ccc3c(CC)noc13,9.666666666666668,AAAara{BAAAEasaaa{AA{~B}B}aasZ}aaata{AA}dbart
CHEMBL898,0.59,OC(=O)c1cc(ccc1O)c2ccc(F)cc2F,65.16666666666667,BA{~B}araa{aaarB}asaaa{G}aasG
CHEMBL1824832,2.94,CCOc1ccc(Oc2ccc(cc2)S(=O)(=O)NC(=O)c3cccc(c3)c4ccc(Cl)c(Cl)c4)cc1,26.0,AABaraaa{Basaaa{aas}E{~B}{~B}DA{~B}ataaaa{at}auaaa{Z}a{Z}au}aar
CHEMBL66953,2.03,OC1=CC=Cc2cc(O)c(O)c(O)c2C1=O,41.16666666666667,BAr~AA~Aasaa{B}a{B}a{B}asAr~B
CHEMBL2331752,2.35,CC1=CN([C@H]2CCCN(C2)S(=O)(=O)c3ccc(O)c(Oc4cc(F)cc(Cl)c4)c3)C(=O)NC1=O,35.833333333333336,AAr~AD{{A*H}sAAAD{As}E{~B}{~B}ataaa{B}a{Bauaa{G}aa{Z}au}at}A{~B}DAr~B
CHEMBL1807826,1.21,O[C@@H](CNCCSCCCNCCc1cccc(c1)C(F)(F)F)c2ccc(O)c3NC(=O)Sc23,54.833333333333336,B{A**H}{ADAAEAAADAAaraaaa{ar}A{G}{G}G}asaaa{B}atDA{~B}East
CHEMBL1917419,2.87,Cc1c(Sc2ccc(Cl)cc2)c3cc(Cl)ccc3n1CC(=O)O,27.166666666666668,Aara{Easaaa{Z}aas}ataa{Z}aaatdrAA{~B}B
CHEMBL2059869,2.71,Cc1ccc(cc1NC(=O)c2ccc(OCc3ccccn3)cc2)c4cn(C)c(C)n4,29.833333333333332,Aaraaa{aarDA{~B}asaaa{BAataaaadt}aas}auad{A}a{A}du
CHEMBL180184,4.0,CCN(C1CCN(CCC(c2ccccc2)c3ccccc3)CC1)C(=O)NCc4ccccc4,8.333333333333334,AAD{ArAAD{AAA{asaaaaas}ataaaaat}AAr}A{~B}DAauaaaaau
CHEMBL1201203,1.49,CN1[C@@H]2CC[C@H]1C[C@H](C2)OC(c3ccccc3)c4ccccc4,50.166666666666664,ADr{A**H}sAA{A*H}rA{A*H}{As}BA{ataaaaat}auaaaaau
CHEMBL1947153,1.99,O[C@@H](CNCCc1cccc(CN2CCC(CC2)c3ccccc3)c1)c4ccc(O)c5NC(=O)Sc45,41.83333333333333,B{A**H}{ADAAaraaaa{ADsAAA{AAs}ataaaaat}ar}auaaa{B}avDA{~B}Eauv
CHEMBL388473,2.0,Oc1cccc(c1)N2C(=O)c3ccc(O)cc3C2=O,41.666666666666664,Baraaaa{ar}DsA{~B}ataaa{B}aatAs~B
CHEMBL2104196,1.7,NS(=O)(=O)c1ccc(NCc2ccccc2)cc1,46.666666666666664,DE{~B}{~B}araaa{DAasaaaaas}aar
CHEMBL2312933,2.6,CCCN(c1cccnc1)P(=O)(c2ccccc2)c3ccccc3,31.666666666666668,AAAD{araaadar}K{~B}{asaaaaas}ataaaaat
CHEMBL480601,3.84,CC1(C)[C@@H]2CC[C@@]1(CS(=O)(=O)NC3CCN(CC3)c4ccc(cn4)C(F)(F)F)C(=O)C2,11.000000000000002,AAr{A}{A**H}sAA{A**}r{AE{~B}{~B}DAtAAD{AAt}auaaa{adu}A{G}{G}G}A{~B}As
CHEMBL652,1.13,FC(F)(F)COc1ccc(OCC(F)(F)F)c(c1)C(=O)NCC2CCCCN2,56.166666666666664,GA{G}{G}ABaraaa{BAA{G}{G}G}a{ar}A{~B}DAAsAAAADs
CHEMBL2326689,2.47,CN1CC=CCC(C1)c2oc3ccccc3c2,33.83333333333333,ADrAA~AAA{Ar}asbataaaaatas
CHEMBL370826,2.41,CCN(C1CCN(CCC(c2ccc(NC(=O)C)cc2)c3cccc(F)c3)CC1)C(=O)Cc4ccc(cc4)S(=O)(=O)C,34.833333333333336,AAD{ArAAD{AAA{asaaa{DA{~B}A}aas}ataaaa{G}at}AAr}A{~B}Aauaaa{aau}E{~B}{~B}A
CHEMBL2062570,3.57,CC(=O)Nc1ccc2ccn(c3cc(Nc4ccn(C)n4)n5ncc(C#N)c5n3)c2c1,15.500000000000002,AA{~B}Daraaasaad{ataa{Dauaad{A}du}dvdaa{A^D}avdt}asar
CHEMBL28636,2.8,COc1ccc(cc1F)c2cc(nn2c3ccc(cc3)S(=O)(=O)N)C(F)F,28.33333333333334,ABaraaa{aarG}asaa{ddsataaa{aat}E{~B}{~B}D}A{G}G
CHEMBL2104625,0.67,O=C(Nc1nnn[nH]1)C2=CC(=C3C=CC=CN3C2=O)Oc4ccccc4,63.833333333333336,B~A{Darddd{dH}r}As~AA{~AtA~AA~ADtAs~B}Bauaaaaau
CHEMBL15706,2.3,COc1cccc2c(O)cc(nc12)c3ccccc3,36.66666666666667,ABaraaaasa{B}aa{dars}ataaaaat
CHEMBL1835918,2.62,Cc1onc(n1)c2ccc(OCC3CN(C3)c4ccc(C)nn4)cc2,31.333333333333332,Aarbda{dr}asaaa{BAAtAD{At}auaaa{A}ddu}aas
CHEMBL1456596,1.37,C(N(Cc1ccccc1)c2nn[nH]n2)c3ccccc3,52.166666666666664,A{D{Aaraaaaar}asdd{dH}ds}ataaaaat
CHEMBL358325,2.58,CN1CCN(CC1)c2nc(CCOc3ccc(C[C@H](Nc4ccccc4C(=O)c5ccccc5)C(=O)O)cc3)c(C)s2,32.0,ADrAAD{AAr}asda{AABataaa{A{A*H}{DauaaaaauA{~B}avaaaaav}A{~B}B}aat}a{A}ss
CHEMBL465305,2.21,CC(=O)c1ccc(nc1)N2CCN(CC2)S(=O)(=O)C[C@]34CC[C@H](CC3=O)C4(C)C,38.166666666666664,AA{~B}araaa{dar}DsAAD{AAs}E{~B}{~B}A{A*}tuAA{A*H}{AAt~B}Au{A}A
CHEMBL1957840,3.3,Clc1cccc(CN2C=CN3C(=O)C=C(N=C23)N4CCOCC4)c1Cl,20.000000000000004,Zaraaaa{ADsA~ADtA{~B}A~A{D~Ast}DuAABAAu}arZ
CHEMBL2335905,3.02,C[C@@H](NC1=CC(=O)NCC1)c2ccc(Nc3ncc4cc(ccc4n3)c5ccncc5)cc2,24.666666666666668,A{A**H}{DAr~AA{~B}DAAr}asaaa{Datdaauaa{aaaudt}avaadaav}aas
CHEMBL1689136,1.52,C[C@H]1CN(Cc2cc(Cl)ccc2CCC(=O)O)CCN1C(=O)Cc3ccccc3,49.666666666666664,A{A*H}rAD{Aasaa{Z}aaasAAA{~B}B}AADrA{~B}Aataaaaat
CHEMBL2048864,0.68,Clc1cccc(\C=C\2/SC(=O)NC2=O)c1N3CCNCC3,63.666666666666664,Zaraaaa{RA~ARsLEA{~B}DAs~B}arDtAADAAt
CHEMBL314034,3.83,CSc1nc(nn1Cc2ccccc2)c3ccccc3,11.166666666666666,AEarda{ddrAasaaaaas}ataaaaat
CHEMBL417727,2.23,Nc1ccc2c3ccccc3C(=O)C(=O)c2c1,37.833333333333336,DaraaasataaaaatA{~B}A{~B}asar
CHEMBL409494,2.76,Nc1ccccc1NC(=O)c2ccc(cc2)C3CCN(CCC(=O)Nc4ccccc4F)CC3,29.000000000000004,DaraaaaarDA{~B}asaaa{aas}AtAAD{AAA{~B}DauaaaaauG}AAt
CHEMBL514690,2.88,CC(C)n1c(C)ncc1c2ccnc(Nc3ccc(cc3)N4CCOCC4)n2,27.0,AA{A}dra{A}daarasaada{Dataaa{aat}DuAABAAu}ds
CHEMBL1762541,3.0,CN(c1ccnc(Nc2cc(CN3CCOCC3)cc(c2)N4CCOCC4)n1)c5cc(CO)ccc5C,25.0,AD{araada{Dasaa{ADtAABAAt}aa{as}DuAABAAu}dr}avaa{AB}aaavA
CHEMBL365903,2.3,NC(=O)c1cc(O)cc2nc(oc12)c3ccc(O)cc3,36.66666666666667,DA{~B}araa{B}aasda{bars}ataaa{B}aat
CHEMBL472455,3.09,COc1ccc(N(C(C(=O)NC2CCCC2)c3ccccc3F)C(=O)c4occc4)c(OC)c1,23.5,ABaraaa{D{A{A{~B}DAsAAAAs}ataaaaatG}A{~B}aubaaau}a{BA}ar
CHEMBL2107366,2.9,C[C@H](C1=CNC(=S)N1)c2cccc(C)c2C,26.666666666666668,A{A*H}{Ar~ADA{~E}Dr}asaaaa{A}asA
CHEMBL1682961,3.62,CC[C@H](NC(=O)c1c([S+](C)[O-])c(nc2cc(F)ccc12)c3ccccc3)c4ccccc4,14.666666666666664,AA{A*H}{DA{~B}ara{{EP}{A}{BM}}a{dasaa{G}aaars}ataaaaat}auaaaaau
CHEMBL1957374,3.5,CCc1ccccc1c2ccc(cc2)c3nc4ccncc4c(O)c3C#N,16.666666666666668,AAaraaaaarasaaa{aas}atdauaadaaua{B}atA^D
CHEMBL1164033,2.99,CN(C)CCOc1cc(NS(=O)(=O)c2c(Cl)cc(cc2Cl)C(F)(F)F)ccc1Cl,25.16666666666666,AD{A}AABaraa{DE{~B}{~B}asa{Z}aa{aasZ}A{G}{G}G}aaarZ
CHEMBL1915315,2.9,Oc1ccc(cc1)C2=Cc3ccc(O)cc3OC2=O,26.666666666666668,Baraaa{aar}As~Aataaa{B}aatBAs~B
CHEMBL2087421,-0.4,COc1cc(C)c(c(C)c1)S(=O)(=O)N(C)CCOCC(=O)N2CCN(CC2)C3CCN(C)CC3,81.66666666666667,ABaraa{A}a{a{A}ar}E{~B}{~B}D{A}AABAA{~B}DsAAD{AAs}AtAAD{A}AAt
CHEMBL1508448,-0.2,CC(C)(C)c1cc(O)n2nc(N)nc2n1,78.33333333333333,AA{A}{A}araa{B}dsda{D}dasdr
CHEMBL14323,2.7,COc1ccc(cc1)c2cc(O)c3cc(Cl)ccc3n2,29.999999999999996,ABaraaa{aar}asaa{B}ataa{Z}aaatds
CHEMBL456381,3.7,Oc1ccc(cc1)c2csc(n2)c3ccc(O)cc3,13.33333333333333,Baraaa{aar}asasa{ds}ataaa{B}aat
CHEMBL2147569,3.8,C[C@]12Cc3cnn(c3C=C1CC[C@@]2(O)CCc4ccc(F)cc4C(=O)N)c5ccc(F)cc5,11.66666666666667,A{A*}rsAatadd{atA~ArAA{A**}s{B}AAauaaa{G}aauA{~B}D}avaaa{G}aav
CHEMBL1809223,3.5,COc1cc(ccc1Nc2ncc(Cl)c(n2)c3cnc4cc(ccn34)N5CCCC5)N6CCN(CC6)C(=O)C,16.666666666666668,ABaraa{aaarDasdaa{Z}a{ds}atadauaa{aadtu}DvAAAAv}DwAAD{AAw}A{~B}A
CHEMBL2325719,1.7,Cc1ccc2[nH]ccc2c1c3nc(cc(n3)C4(CC4)S(=O)(=O)C)N5CCOCC5,46.666666666666664,Aaraaas{dH}aaasaratda{aa{dt}Au{AAu}E{~B}{~B}A}DvAABAAv
CHEMBL129982,3.45,Nc1ccc(Cl)c(c1)C(=O)NCC23CC4CC(CC(C4)C2)C3,17.499999999999996,Daraaa{Z}a{ar}A{~B}DAAstAAuAA{AA{Au}As}At
CHEMBL562310,3.28,O=C(Nc1cccc2cccnc12)c3ccc(cc3)N4C(=O)[C@@H]5[C@H]6C[C@H](C=C6)[C@@H]5C4=O,20.333333333333336,B~A{Daraaaasaaadars}ataaa{aat}DuA{~B}{A**H}v{A*H}wA{A*H}{A~Aw}{A**H}vAu~B
CHEMBL1233689,1.51,CCCCSc1nc(N)c2ncn([C@@H]3O[C@H](CO)[C@@H](O)[C@H]3O)c2n1,49.833333333333336,AAAAEarda{D}asdad{{A**H}tB{A*H}{AB}{A**H}{B}{A*H}tB}asdr
CHEMBL191974,4.0,Oc1ccc(cc1)c2ccc3cc(O)ccc3c2,8.333333333333334,Baraaa{aar}asaaataa{B}aaatas
CHEMBL2062555,2.3,Nc1cc(nc2c(cnn12)C#N)c3cccs3,36.66666666666667,Daraa{dasa{addrs}A^D}ataaast
CHEMBL1829409,1.39,CCC(N(CCCN)C(=O)c1ccc(OC)cc1)C2=Nc3ccsc3C(=O)N2Cc4ccccc4,51.83333333333334,AAA{D{AAAD}A{~B}araaa{BA}aar}As~DataasatA{~B}DsAauaaaaau
CHEMBL313206,0.53,Cc1cc(N)c2cc(NC(=O)CCCCC(=O)Nc3ccc4nc(C)cc(N)c4c3)ccc2n1,66.16666666666667,Aaraa{D}asaa{DA{~B}AAAAA{~B}Dataaauda{A}aa{D}auat}aaasdr
CHEMBL421583,2.24,CN(C)CC(O)COc1ccc(Nc2cc(ncn2)N(CC#N)c3ccc(C)cc3Br)cc1,37.666666666666664,AD{A}AA{B}ABaraaa{Dasaa{dads}D{AA^D}ataaa{A}aatX}aar
CHEMBL1903477,1.37,NC(=O)C1=CN(Cc2ccc(F)c(F)c2)C(=O)C=C1,52.166666666666664,DA{~B}Ar~AD{Aasaaa{G}a{G}as}A{~B}A~Ar
CHEMBL2068881,3.92,COc1ccc(c(C)n1)c2cccc3c(N)c4C(=O)N(Cc4nc23)C5CCC5,9.666666666666668,ABaraaa{a{A}dr}asaaaata{D}auA{~B}D{Aaudast}AvAAAv
CHEMBL564607,2.48,OC(=O)c1ccc(cc1)c2ccc(Cl)c(c2)C(=O)NCC34CC5CC(CC(C5)C3)C4,33.666666666666664,BA{~B}araaa{aar}asaaa{Z}a{as}A{~B}DAAtuAAvAA{AA{Av}At}Au
CHEMBL201307,2.89,COc1cc2c(Nc3ncc(CC(=O)Nc4cccc(F)c4)s3)ncnc2cc1OCCCN5CCC(CO)CC5,26.833333333333332,ABaraasa{Datdaa{AA{~B}Dauaaaa{G}au}st}dadasaarBAAADvAAA{AB}AAv
CHEMBL1689134,0.54,C[C@H]1CN(Cc2cc(Cl)ccc2OC(C)(C)C(=O)O)CCN1S(=O)(=O)c3ccccc3,66.0,A{A*H}rAD{Aasaa{Z}aaasBA{A}{A}A{~B}B}AADrE{~B}{~B}ataaaaat
CHEMBL2153184,2.61,CCCSc1nc(NC[C@@H]2CC[C@H](CC2)C(=O)O)ccc1C(=O)NC3CCCCC3,31.5,AAAEarda{DA{A**H}sAA{A*H}{AAs}A{~B}B}aaarA{~B}DAtAAAAAt
CHEMBL1957850,2.3,Cc1ccccc1CN2C=CN3C(=O)C=C(N=C23)N4CCOCC4,36.66666666666667,AaraaaaarADsA~ADtA{~B}A~A{D~Ast}DuAABAAu
CHEMBL464552,2.61,CNC(=O)c1c(F)cccc1Nc2nc(Nc3cc4N(CCc4cc3OC)C(=O)CN(C)C)nc5[nH]ccc25,31.5,ADA{~B}ara{G}aaaarDasda{DataauD{AAauaatBA}A{~B}AD{A}A}dav{dH}aaasv
CHEMBL1940315,1.4,O[C@]1(CN2CCC1CC2)C#Cc3ccc(Oc4ccc(cc4)C(=O)NC5CCCS(=O)(=O)C5)cc3,51.666666666666664,B{A*}r{ADsAAArAAs}A^Aataaa{Bauaaa{aau}A{~B}DAvAAAE{~B}{~B}Av}aat
CHEMBL129529,1.93,CCCCN(CCCC)CCCOC(=O)c1ccc(N)cc1,42.833333333333336,AAAAD{AAAA}AAABA{~B}araaa{D}aar
CHEMBL2158819,2.17,OC(=O)C(N1CCC(CN2CCC(CC2)Oc3ccc(Cl)c(Cl)c3)CC1)c4ccccc4,38.833333333333336,BA{~B}A{DrAAA{ADsAAA{AAs}Bataaa{Z}a{Z}at}AAr}auaaaaau
CHEMBL2321994,0.06,OCC[C@]1(CCCNC1)c2oc3ccccc3c2,74.00000000000001,BAA{A*}r{AAADAr}asbataaaaatas
CHEMBL439871,3.18,CC(C)CN1C(=O)N(C)C(=O)c2c1sc(Cc3ccccc3C(F)(F)F)c2C(=O)N4CC(C)(O)C4,21.999999999999996,AA{A}ADrA{~B}D{A}A{~B}asarsa{AataaaaatA{G}{G}G}asA{~B}DuAA{A}{B}Au
CHEMBL467028,3.12,Oc1ccc2OC(=O)C(=Cc2c1)c3ccccc3,23.0,BaraaasBA{~B}A{~Aasar}ataaaaat
CHEMBL2010838,1.9,CN(C1CCN(Cc2ccc(cn2)C(F)(F)F)CC1)C(=O)Cc3ccc(cc3)n4cnnn4,43.333333333333336,AD{ArAAD{Aasaaa{ads}A{G}{G}G}AAr}A{~B}Aataaa{aat}duadddu
CHEMBL1449167,1.06,Nc1n[nH]c(Nc2ccccc2)n1,57.333333333333336,Dard{dH}a{Dasaaaaas}dr
CHEMBL1201,3.16,CN(C)S(=O)(=O)c1ccc2Sc3ccccc3\C(=C\CCN4CCN(C)CC4)\c2c1,22.333333333333332,AD{A}E{~B}{~B}araaasEataaaaatRA{~ARAADuAAD{A}AAu}Rasar
CHEMBL1762539,2.61,CN(c1ccnc(Nc2cc(cc(c2)N3CCN(C)CC3)N4CCOCC4)n1)c5cc(CO)ccc5C,31.5,AD{araada{Dasaa{aa{as}DtAAD{A}AAt}DuAABAAu}dr}avaa{AB}aaavA
CHEMBL99689,1.2,CN(C)CC(O)COc1ccc(Nc2nccc(Nc3ccccc3C#N)n2)cc1,55.0,AD{A}AA{B}ABaraaa{Dasdaaa{DataaaaatA^D}ds}aar
CHEMBL86754,2.19,Oc1c(I)cc(I)c2cccnc12,38.5,Bara{H}aa{H}asaaadars
CHEMBL226781,1.78,Clc1ccc2C(=O)C3=C(Nc2c1)C(=O)NN(CC#Cc4ccccc4)C3=O,45.333333333333336,ZaraaasA{~B}At~A{Dasar}A{~B}DD{AA^Aauaaaaau}At~B
CHEMBL1944692,1.3,O[C@@H](CNCCc1ccc(CNCCc2ccccc2F)cc1)c3ccc(O)c4NC(=O)Sc34,53.333333333333336,B{A**H}{ADAAaraaa{ADAAasaaaaasG}aar}ataaa{B}auDA{~B}Eatu
CHEMBL809,3.15,CN[C@H]1CC[C@@H](c2ccc(Cl)c(Cl)c2)c3ccccc13,22.5,AD{A*H}rAA{A**H}{asaaa{Z}a{Z}as}ataaaaart
CHEMBL2086676,3.7,Cc1cc(COc2cnc(nc2)N3CCN(CC3)C(=O)OC(C)(C)C)ccn1,13.33333333333333,Aaraa{ABasada{das}DtAAD{AAt}A{~B}BA{A}{A}A}aadr
CHEMBL2153304,2.28,CCCN(C)c1nc(ccc1C(=O)NC2CCCCC2)N3CCC[C@@H](CC(=O)O)C3,37.00000000000001,AAAD{A}arda{aaarA{~B}DAsAAAAAs}DtAAA{A**H}{AA{~B}B}At
CHEMBL288524,0.29,NC12CCC(CC1)(CC2)c3ccccc3,70.16666666666667,DArsAAA{AAr}{AAs}ataaaaat
CHEMBL311862,2.7,COc1cc(ccc1Cn2ccc3ccc(NC(=O)OC4CCCC4)cc23)c5nn[nH]n5,29.999999999999996,ABaraa{aaarAdsaaataaa{DA{~B}BAuAAAAu}aast}avdd{dH}dv
CHEMBL549344,1.24,CCc1nc2c(N)nc3ccccc3c2n1CCCCNS(=O)(=O)C,54.333333333333336,AAardasa{D}dataaaaatasdrAAAADE{~B}{~B}A
CHEMBL426851,1.61,CNc1nc2ccccc2n1Cc3sc4N(CC(C)C)C(=O)N(C)C(=O)c4c3C(=O)N5CC[C@@H](O)C5,48.16666666666666,ADardasaaaaasdrAatsauD{AA{A}A}A{~B}D{A}A{~B}auatA{~B}DvAA{A**H}{B}Av
CHEMBL365472,3.1,CC(C)Oc1ccc(cc1)C(=O)Nc2cc(NC(=O)c3cccc(c3)N(C)C)ccc2C,23.333333333333332,AA{A}Baraaa{aar}A{~B}Dasaa{DA{~B}ataaaa{at}D{A}A}aaasA
CHEMBL20,-0.78,CC(=O)Nc1nnc(s1)S(=O)(=O)N,88.0,AA{~B}Dardda{sr}E{~B}{~B}D
CHEMBL1689124,1.02,CCC[C@H]1CN(Cc2cc(Cl)ccc2OCC(=O)O)CCN1S(=O)(=O)c3ccccc3,58.0,AAA{A*H}rAD{Aasaa{Z}aaasBAA{~B}B}AADrE{~B}{~B}ataaaaat
CHEMBL182878,2.9,CN(C1CCN(CCC(c2ccccc2)c3ccccc3)CC1)C(=O)Cc4ccc(NC(=O)C)cc4,26.666666666666668,AD{ArAAD{AAA{asaaaaas}ataaaaat}AAr}A{~B}Aauaaa{DA{~B}A}aau
CHEMBL1079772,2.65,Nc1ncnc2sc(nc12)c3c(ncn3C[C@H]4CCCO4)c5ccccc5,30.833333333333332,Dardadassa{dars}ata{dadtA{A*H}uAAABu}avaaaaav
CHEMBL11428,2.87,CC(C)C(NC(=O)CN1C(=O)C(=CN=C1C2CCCCC2)NC(=O)OCc3ccccc3)C(=O)C(F)(F)F,27.166666666666668,AA{A}A{DA{~B}ADrA{~B}A{~AD~ArAsAAAAAs}DA{~B}BAataaaaat}A{~B}A{G}{G}G
CHEMBL2035028,2.0,NC1(CCC1)c2ccc(cc2)c3ncc4ncccc4c3c5ccccc5,41.666666666666664,DAr{AAAr}asaaa{aas}atdaaudaaaauatavaaaaav
CHEMBL2062572,2.58,CC(=O)Nc1ccc2ccn(c3cc(NCCCCO)n4ncc(C#N)c4n3)c2c1,32.0,AA{~B}Daraaasaad{ataa{DAAAAB}dudaa{A^D}audt}asar
CHEMBL408194,2.55,COC1=CC(=N/C/1=C\c2[nH]c(C)cc2C)c3cc4ccccc4[nH]3,32.50000000000001,ABAr~AA{~DLALr~ARas{dH}a{A}aasA}ataauaaaaau{dH}t
CHEMBL254359,1.2,Nc1ccccc1NC(=O)c2ccc(cc2)N3CCOCC3,55.0,DaraaaaarDA{~B}asaaa{aas}DtAABAAt
CHEMBL1789148,0.38,CCC(CCNC)Oc1cc(Cl)ccc1C#N,68.66666666666667,AAA{AADA}Baraa{Z}aaarA^D
CHEMBL1477550,3.44,O=C(Nc1ccccc1)c2oc3ccccc3c2,17.666666666666668,B~A{Daraaaaar}asbataaaaatas
CHEMBL371888,3.6,COc1cc2ncnc(Nc3ccc(OCc4ccccn4)c(C)c3)c2cc1OC,14.999999999999998,ABaraasdada{Dataaa{BAauaaaadu}a{A}at}asaarBA
CHEMBL2335893,3.08,COCCC(=O)N[C@H](C)c1ccc(Nc2ncc3cc(ccc3n2)c4ccncc4)cc1,23.666666666666668,ABAAA{~B}D{A*H}{A}araaa{Dasdaataa{aaatds}auaadaau}aar
CHEMBL11144,2.22,CC(C)C(NC(=O)CN1C(=O)C(=CN=C1c2ccc(F)cc2)NC(=O)OCc3ccncc3)C(=O)C(F)(F)F,37.99999999999999,AA{A}A{DA{~B}ADrA{~B}A{~AD~Arasaaa{G}aas}DA{~B}BAataadaat}A{~B}A{G}{G}G
CHEMBL216769,2.11,COc1cc2c(Nc3cc(CC(=O)Nc4cccc(F)c4)[nH]n3)ncnc2cc1OCCCN5CCC(CO)CC5,39.833333333333336,ABaraasa{Dataa{AA{~B}Dauaaaa{G}au}{dH}dt}dadasaarBAAADvAAA{AB}AAv
CHEMBL213854,0.53,Cc1ccc2c(c1)c(c(C)n2CC(=O)O)c3ccnc4c(F)cccc34,66.16666666666667,Aaraaasa{ar}a{a{A}dsAA{~B}B}ataadaua{G}aaaatu
CHEMBL1950725,0.81,CN[C@@H](C)C(=O)N[C@@H](C1CCCCC1)C(=O)N[C@H]2CCN(C2)C(=O)Cc3ccccc3,61.5,AD{A**H}{A}A{~B}D{A**H}{ArAAAAAr}A{~B}D{A*H}sAAD{As}A{~B}Aataaaaat
CHEMBL1916280,0.66,CCC(C)NC(=O)c1c(C)nn(c1NS(=O)(=O)c2ccc(C)cc2)c3ccccc3,64.0,AAA{A}DA{~B}ara{A}dd{arDE{~B}{~B}asaaa{A}aas}ataaaaat
CHEMBL2171014,2.0,CN(C)c1ccc(cc1)S(=O)(=O)NC(=O)N2CCC(CC2)N3CCC(CC3)Oc4ccc(Cl)c(C)c4Cl,41.666666666666664,AD{A}araaa{aar}E{~B}{~B}DA{~B}DsAAA{AAs}DtAAA{AAt}Bauaaa{Z}a{A}auZ
CHEMBL213029,1.68,COc1ccc2c(c1)c(CC(=O)O)c(C)n2c3ccnc4cc(Cl)ccc34,47.0,ABaraaasa{ar}a{AA{~B}B}a{A}dsataadauaa{Z}aaatu
CHEMBL422329,2.16,NC(=N)Nc1cc(Cl)nc(n1)c2ccccc2,39.0,DA{~D}Daraa{Z}da{dr}asaaaaas
CHEMBL2036594,2.8,COc1cccc(Nc2oc(nn2)C(=O)Nc3ccc(nc3)N4CCOCC4)c1,28.33333333333334,ABaraaaa{Dasba{dds}A{~B}Dataaa{dat}DuAABAAu}ar
CHEMBL214376,3.1,CC(C)Oc1cc(OCCCN2CCCC2)cc3ncnc(Nc4c(Cl)ccc5OCOc45)c13,23.333333333333332,AA{A}Baraa{BAAADsAAAAs}aatdada{Daua{Z}aaavBABauv}art
CHEMBL2110360,3.13,CCN(CC)CCOc1ccc(cc1OC)N(C)C(=O)c2ccc(cc2)c3ccc(cc3)C(F)(F)F,22.833333333333332,AAD{AA}AABaraaa{aarBA}D{A}A{~B}asaaa{aas}ataaa{aat}A{G}{G}G
CHEMBL1934270,1.84,C[C@H](NC(=O)c1c(C)nn(c1NS(=O)(=O)c2ccc(C)cc2)C(C)(C)C)C(C)(C)C,44.333333333333336,A{A*H}{DA{~B}ara{A}dd{arDE{~B}{~B}asaaa{A}aas}A{A}{A}A}A{A}{A}A
CHEMBL378730,1.27,Cc1ccc2c(c1)c(c(C)n2CC(=O)O)c3ccnc4c(Cl)cccc34,53.833333333333336,Aaraaasa{ar}a{a{A}dsAA{~B}B}ataadaua{Z}aaaatu
CHEMBL1545465,2.42,COc1ccc(cc1)C(=O)C2CCN(CC2)C(=O)c3occc3,34.666666666666664,ABaraaa{aar}A{~B}AsAAD{AAs}A{~B}atbaaat
CHEMBL411799,3.6,COc1cc(Nc2ncnc3cccc(O[C@H](C)C(=O)N4CCOCC4)c23)ccc1Oc5ccc(C)nc5,14.999999999999998,ABaraa{Dasdadataaaa{B{A*H}{A}A{~B}DuAABAAu}ast}aaarBavaaa{A}dav
CHEMBL1870384,3.38,COc1ccc(C=NN=Cc2ccc(OC)c(OC)c2)cc1OC,18.666666666666668,ABaraaa{A~DD~Aasaaa{BA}a{BA}as}aarBA
CHEMBL2208437,1.21,CS(=O)(=O)c1ccccc1C(=O)NCC(O)CNC2CCN(Cc3ccc(Cl)c(Cl)c3)CC2,54.833333333333336,AE{~B}{~B}araaaaarA{~B}DAA{B}ADAsAAD{Aataaa{Z}a{Z}at}AAs
CHEMBL2010843,2.5,CN(C1CCN(Cc2nc3CCCCc3s2)CC1)C(=O)Cc4ccc(cc4)n5cnnn5,33.333333333333336,AD{ArAAD{AasdatAAAAatss}AAr}A{~B}Aauaaa{aau}dvadddv
CHEMBL1689133,1.66,C[C@H](Oc1ccc(Cl)cc1CN2CCN([C@@H](C)C2)C(=O)Cc3ccc(Cl)cc3)C(=O)O,47.333333333333336,A{A*H}{Baraaa{Z}aarADsAAD{{A**H}{A}As}A{~B}Aataaa{Z}aat}A{~B}B
CHEMBL263655,1.2,CN1SC(=NC1=O)NCc2ccccc2,55.0,ADrEA{~DAr~B}DAasaaaaas
CHEMBL244936,3.3,CC(C)N1CCC[C@H](CN2C(=Nc3ccc(cc3C2=O)c4ccc(Cl)cc4)C)C1,20.000000000000004,AA{A}DrAAA{A*H}{ADsA{~Dataaa{aatAs~B}auaaa{Z}aau}A}Ar
CHEMBL2164687,3.65,Clc1ccc2[nH]c3CCN(Cc3c2c1)C(=O)[C@@H]4CCCC[C@H]4C(=O)NC5(CC5)C#N,14.16666666666667,Zaraaas{dH}atAAD{Aatasar}A{~B}{A**H}uAAAA{A*H}uA{~B}DAv{AAv}A^D
CHEMBL1945044,0.91,COc1cccc(CNCc2cccc(CCNC[C@H](O)c3ccc(O)c4NC(=O)Sc34)c2)c1,59.833333333333336,ABaraaaa{ADAasaaaa{AADA{A*H}{B}ataaa{B}auDA{~B}Eatu}as}ar
CHEMBL57531,2.06,Nc1ncc2cc(c(N)nc2n1)c3c(Br)cccc3Br,40.666666666666664,Dardaasaa{a{D}dasdr}ata{X}aaaatX
CHEMBL2158832,1.26,OC(=O)c1cccc(CN2CCC(CN3CCC(CC3)Oc4ccc(Cl)c(Cl)c4)CC2)c1,54.0,BA{~B}araaaa{ADsAAA{ADtAAA{AAt}Bauaaa{Z}a{Z}au}AAs}ar
CHEMBL1212983,3.41,Cc1cc(C)c2c(N)c(sc2n1)C(=O)NCc3ccccc3,18.166666666666664,Aaraa{A}asa{D}a{sasdr}A{~B}DAataaaaat
CHEMBL2086659,3.5,C[C@H]1CN(CCN1c2ncc(OCc3ccc(cc3)S(=O)(=O)C)cn2)C(=O)OC(C)(C)C,16.666666666666668,A{A*H}rAD{AADrasdaa{BAataaa{aat}E{~B}{~B}A}ads}A{~B}BA{A}{A}A
CHEMBL2087844,3.8,CN1C(=O)N(CC2CC2)c3nn(Cc4ccnc5ccc(Cl)cc45)c(c3C1=O)c6ncnn6C,11.66666666666667,ADrA{~B}D{AAsAAs}atdd{Aauaadavaaa{Z}aauv}a{atAr~B}awdaddwA
CHEMBL1329237,3.37,CCN(CC)c1ccc(cc1)c2nn3c(nnc3s2)c4[nH]nc5CCCc45,18.833333333333332,AAD{AA}araaa{aar}asddta{ddatss}au{dH}davAAAauv
CHEMBL1972934,1.19,Nc1ncnc2sccc12,55.166666666666664,Dardadassaaars
CHEMBL140642,3.0,CC(O)(C(=O)Nc1ccc2c(c1)c3ccccc3S2(=O)=O)C(F)(F)F,25.0,AA{B}{A{~B}Daraaasa{ar}ataaaaatEs{~B}~B}A{G}{G}G
CHEMBL914,0.42,CC(C)(C(=O)O)c1ccc(cc1)C(O)CCCN2CCC(CC2)C(O)(c3ccccc3)c4ccccc4,68.0,AA{A}{A{~B}B}araaa{aar}A{B}AAADsAAA{AAs}A{B}{ataaaaat}auaaaaau
CHEMBL1631472,1.59,Nc1c(nnc2c(c(F)ccc12)c3ncccn3)C(=O)NC4CC4,48.5,Dara{ddasa{a{G}aaars}atdaaadt}A{~B}DAuAAu
CHEMBL389348,0.18,NC(=N)NCCC[C@H](NC(=O)COCC(c1ccccc1)c2ccccc2)C(=O)O,72.0,DA{~D}DAAA{A*H}{DA{~B}ABAA{araaaaar}asaaaaas}A{~B}B
CHEMBL132293,1.09,OC[C@H](O)C(=O)N1CCC(=CC1)c2ccc(cc2F)N3C[C@H](COc4ccon4)OC3=O,56.833333333333336,BA{A*H}{B}A{~B}DrAAA{~AAr}asaaa{aasG}DtA{A*H}{ABauaabdu}BAt~B
CHEMBL2178949,1.2,Cc1nc(C)c(nc1C(=O)N)c2ccc3c(CC[C@@]34CC[C@@H](CC4)C(=O)O)c2,55.0,Aarda{A}a{darA{~B}D}asaaata{AA{A**}tuAA{A**H}{AAu}A{~B}B}as
CHEMBL416,1.97,COc1c2OC(=O)C=Cc2cc3ccoc13,42.16666666666667,ABarasBA{~B}A~Aasaataabart
CHEMBL1818341,1.9,CC(C)CNCc1ccc(cc1)c2ccccc2S(=O)(=O)N3CCCC3,43.333333333333336,AA{A}ADAaraaa{aar}asaaaaasE{~B}{~B}DtAAAAt
CHEMBL1289114,2.55,Fc1cc(Cl)ccc1N2CCN(CC2)C(=O)COCc3ccncc3,32.50000000000001,Garaa{Z}aaarDsAAD{AAs}A{~B}ABAataadaat
CHEMBL1626156,2.98,OCCNCc1cc(Br)ccc1OCc2ccc(Cl)cc2,25.333333333333332,BAADAaraa{X}aaarBAasaaa{Z}aas
CHEMBL193240,3.95,FC(F)Oc1ccc(cc1OCC2CC2)C(=O)Nc3c(Cl)cncc3Cl,9.166666666666664,GA{G}Baraaa{aarBAAsAAs}A{~B}Data{Z}adaatZ
CHEMBL151592,1.09,Cc1cccc(C(=O)N)c1NC(=O)c2ccccc2,56.833333333333336,Aaraaaa{A{~B}D}arDA{~B}asaaaaas
CHEMBL1288960,-0.4,Cc1nnc(N)s1,81.66666666666667,Aardda{D}sr
CHEMBL2207657,3.0,Cc1cc(Cl)ccc1OC2CCN(C[C@H](O)CNC(=O)C3=CNC(=O)c4c(F)cccc34)CC2,25.0,Aaraa{Z}aaarBAsAAD{A{A*H}{B}ADA{~B}At~ADA{~B}aua{G}aaaatu}AAs
CHEMBL62746,0.36,NC(=N)c1ccc(cc1)C(=O)N2CCN(CC2)S(=O)(=O)c3ccc4cc(Br)ccc4c3,68.99999999999999,DA{~D}araaa{aar}A{~B}DsAAD{AAs}E{~B}{~B}ataaauaa{X}aaauat
CHEMBL1180267,0.51,CC(N1NC(=O)c2nc3cc(Cl)ccc3c(O)c2C1=O)c4ccccn4,66.5,AA{DrDA{~B}asdataa{Z}aaata{B}asAr~B}auaaaadu
CHEMBL243978,3.27,C1Oc2ccc(Oc3ccnc(Oc4ccc(cc4)n5ccnc5)n3)cc2O1,20.5,ArBasaaa{Bataada{Bauaaa{aau}dvaadav}dt}aasBr
CHEMBL550904,3.61,CC(C)Oc1cc(Oc2ccc(cc2)S(=O)(=O)C)cc(c1)C(=O)Nc3nccs3,14.833333333333336,AA{A}Baraa{Basaaa{aas}E{~B}{~B}A}aa{ar}A{~B}Datdaast
CHEMBL1952147,2.19,NS(=O)(=O)c1ccc(CCNc2ccc3nnc(c4ccccc4)n3n2)cc1,38.5,DE{~B}{~B}araaa{AADasaaatdda{auaaaaau}dtds}aar
CHEMBL33,-0.35,C[C@H]1COc2c(N3CCN(C)CC3)c(F)cc4C(=O)C(=CN1c24)C(=O)O,80.83333333333333,A{A*H}rABasa{DtAAD{A}AAt}a{G}aauA{~B}A{~ADrasu}A{~B}B
CHEMBL595,2.8,CCc1ccc(CCOc2ccc(CC3SC(=O)NC3=O)cc2)nc1,28.33333333333334,AAaraaa{AABasaaa{AAtEA{~B}DAt~B}aas}dar
CHEMBL516441,4.05,CC[C@H](NC(=O)c1c(N)c(nc2ccccc12)c3cccc(F)c3)c4ccccc4,7.500000000000003,AA{A*H}{DA{~B}ara{D}a{dasaaaaars}ataaaa{G}at}auaaaaau
CHEMBL480618,1.75,COc1cc2c(Nc3ccc(F)cc3F)c(cnc2cc1N4CCN(C)CC4)C(=O)N,45.833333333333336,ABaraasa{Dataaa{G}aatG}a{adasaarDuAAD{A}AAu}A{~B}D
CHEMBL1940296,1.99,CNC(=O)c1ccc(Oc2ccc(cc2)C#C[C@]3(O)CN4CCC3CC4)cc1,41.83333333333333,ADA{~B}araaa{Basaaa{aas}A^A{A*}t{B}ADuAAAtAAu}aar
CHEMBL446519,1.6,Nc1c(NC2CCOC2)nc(nc1N3CCOCC3)C#N,48.333333333333336,Dara{DAsAABAs}da{darDtAABAAt}A^D
CHEMBL237888,2.0,CN1C(=O)C=C(CCc2ccccc2)N=C1N,41.666666666666664,ADrA{~B}A~A{AAasaaaaas}D~ArD
CHEMBL521851,3.3,CS(=O)(=O)N1CCN(Cc2cc3nc(nc(N4CCOCC4)c3s2)c5cccc6[nH]ncc56)CC1,20.000000000000004,AE{~B}{~B}DrAAD{Aasaatda{da{DuAABAAu}atss}avaaaaw{dH}daavw}AAr
CHEMBL473967,1.32,CC1(C)Oc2ncnc(N)c2N=C1c3ccc(cc3)[C@@H]4CC[C@@H](CC(=O)O)CC4,53.0,AAr{A}Basdada{D}asD~Arataaa{aat}{A**H}uAA{A**H}{AA{~B}B}AAu
CHEMBL2171037,1.7,CN(C)c1ccc(cc1)S(=O)(=O)NC(=O)N2CCC(CC2)N3CCC(CC3)Oc4ccc(Cl)c(Cl)c4,46.666666666666664,AD{A}araaa{aar}E{~B}{~B}DA{~B}DsAAA{AAs}DtAAA{AAt}Bauaaa{Z}a{Z}au
CHEMBL2335887,2.78,COCCC(=O)Nc1ccc(Nc2ncc3cc(ccc3n2)c4ccncc4)cc1,28.66666666666667,ABAAA{~B}Daraaa{Dasdaataa{aaatds}auaadaau}aar
CHEMBL2158782,2.54,Cc1cc(OC2CCN(CC3CCN(CC3)[C@@H](Cc4ccc(F)cc4)C(=O)O)CC2)ccc1Cl,32.666666666666664,Aaraa{BAsAAD{AAtAAD{AAt}{A**H}{Aauaaa{G}aau}A{~B}B}AAs}aaarZ
CHEMBL235851,3.3,COc1cc2ncnc(Nc3ccc(Cl)c(O)c3)c2cc1OC,20.000000000000004,ABaraasdada{Dataaa{Z}a{B}at}asaarBA
CHEMBL2325736,2.2,CS(=O)(=O)NCCC(NC(=O)C1(N)CCN(CC1)c2ncnc3[nH]ccc23)c4ccc(Cl)cc4,38.33333333333333,AE{~B}{~B}DAAA{DA{~B}Ar{D}AAD{AAr}asdadat{dH}aaast}auaaa{Z}aau
CHEMBL1684984,1.2,CS(=O)(=O)N1CCc2c1nc(nc2c3cnc(N)nc3)N4CCOCC4,55.0,AE{~B}{~B}DrAAasarda{dasatada{D}dat}DuAABAAu
CHEMBL414017,2.22,Nc1nc(N)c2cc(NCc3ccc(Cl)c(Cl)c3)ccc2n1,37.99999999999999,Darda{D}asaa{DAataaa{Z}a{Z}at}aaasdr
CHEMBL1917430,0.79,Cc1c(Sc2ccc(Cl)cc2)c3ccc(cc3n1CC(=O)O)S(=O)(=O)C,61.833333333333336,Aara{Easaaa{Z}aas}ataaa{aatdrAA{~B}B}E{~B}{~B}A
CHEMBL1783285,2.75,COc1cc(c(OC)nn1)c2c(F)ccc3c(N)c(nnc23)C(=O)NC4CC4,29.166666666666668,ABaraa{a{BA}ddr}asa{G}aaata{D}a{ddast}A{~B}DAuAAu
CHEMBL481400,2.3,CN1CCN(CC1)c2ccc3ncc(C(=O)N)c(Nc4ccc(F)cc4F)c3c2,36.66666666666667,ADrAAD{AAr}asaaatdaa{A{~B}D}a{Dauaaa{G}aauG}atas
CHEMBL519422,2.53,CCn1c(C)ncc1c2ccnc(Nc3ccc(cc3)C(=O)NC)n2,32.833333333333336,AAdra{A}daarasaada{Dataaa{aat}A{~B}DA}ds
CHEMBL445102,2.25,OC1(CCN(Cc2c[nH]c3ccccc23)CC1)c4ccc(Cl)cc4,37.5,BAr{AAD{Aasa{dH}ataaaaast}AAr}auaaa{Z}aau
CHEMBL2088094,3.63,CCCc1cc(Nc2nc(NCc3onc(C)c3)ncc2Br)n[nH]1,14.500000000000002,AAAaraa{Dasda{DAatbda{A}at}daasX}d{dH}r
CHEMBL256322,0.95,CCNCc1cnc(s1)c2ccc(cc2)C(=O)Nc3ccccc3N,59.166666666666664,AADAarada{sr}asaaa{aas}A{~B}DataaaaatD
CHEMBL2164677,2.77,Fc1ccc2[nH]c3CCN(Cc3c2c1)C(=O)[C@@H]4CCCC[C@H]4C(=O)NCC#N,28.833333333333332,Garaaas{dH}atAAD{Aatasar}A{~B}{A**H}uAAAA{A*H}uA{~B}DAA^D
CHEMBL1209430,3.23,Clc1cc(Cl)cc(CS(=O)(=O)NCC(N2CCCCCC2)c3ccccc3)c1,21.166666666666668,Zaraa{Z}aa{AE{~B}{~B}DAA{DsAAAAAAs}ataaaaat}ar
CHEMBL2171990,0.67,CS(=O)(=O)c1ccc(cc1)N2CCN(CC2)C(=O)[C@@H]3CCCC[C@H]3C(=O)NCC#N,63.833333333333336,AE{~B}{~B}araaa{aar}DsAAD{AAs}A{~B}{A**H}tAAAA{A*H}tA{~B}DAA^D
CHEMBL2346967,2.9,FC(F)(F)c1nnc2ccc(nn12)N3CCN(Cc4ccc(cc4)C#N)CC3,26.666666666666668,GA{G}{G}arddasaaa{ddrs}DtAAD{Aauaaa{aau}A^D}AAt
CHEMBL1502,2.0,COc1ccnc(C[S+]([O-])c2nc3cc(OC(F)F)ccc3[nH]2)c1OC,41.666666666666664,ABaraada{A{EP}{{BM}}asdataa{BA{G}G}aaat{dH}s}arBA
CHEMBL586702,3.04,FC(F)c1nc2ccccc2n1c3nc(nc(n3)N4CCOCC4)N5CCOCC5,24.333333333333332,GA{G}ardasaaaaasdratda{da{dt}DuAABAAu}DvAABAAv
CHEMBL1950842,1.46,CN[C@@H](C)C(=O)N[C@H](C(=O)N[C@H]1CCCN(CCc2ccccc2)C1)C(C)(C)C,50.666666666666664,AD{A**H}{A}A{~B}D{A*H}{A{~B}D{A*H}rAAAD{AAasaaaaas}Ar}A{A}{A}A
CHEMBL1345229,2.26,CC1CCN(CC1)C(=O)c2scc3OCCOc23,37.333333333333336,AArAAD{AAr}A{~B}assaatBAABast
CHEMBL448483,3.1,C[C@H](NC1=NC(=O)C(C)(S1)C(F)(F)F)c2ccccc2F,23.333333333333332,A{A*H}{DAr~DA{~B}A{A}{Er}A{G}{G}G}asaaaaasG
CHEMBL1538897,3.4,COc1ccc(Cl)cc1NC(=O)CCS(=O)(=O)c2ccc(Br)cc2,18.333333333333336,ABaraaa{Z}aarDA{~B}AAE{~B}{~B}asaaa{X}aas
CHEMBL2335881,1.86,COCCNCc1ccc(Nc2ncc3cc(ccc3n2)c4ccncc4)cc1,43.99999999999999,ABAADAaraaa{Dasdaataa{aaatds}auaadaau}aar
CHEMBL1302214,0.98,Nc1ccc(cc1)S(=O)(=O)N2CCCC2,58.666666666666664,Daraaa{aar}E{~B}{~B}DsAAAAs
CHEMBL480818,3.89,CC[C@H](NC(=O)c1c(N)c(nc2ccccc12)c3ccccc3)c4ccccc4,10.166666666666664,AA{A*H}{DA{~B}ara{D}a{dasaaaaars}ataaaaat}auaaaaau
CHEMBL2171991,1.99,O=C(NC1(CC1)C#N)[C@@H]2CCCC[C@H]2C(=O)N3CCN(CC3)c4ccccc4,41.83333333333333,B~A{DAr{AAr}A^D}{A**H}sAAAA{A*H}sA{~B}DtAAD{AAt}auaaaaau
CHEMBL219445,4.04,COc1cc2ncnc(N3CC[C@H](C3)Oc4cnc5ccccc5n4)c2cc1OC,7.666666666666667,ABaraasdada{DtAA{A*H}{At}Bauadavaaaaavdu}asaarBA
CHEMBL2070940,2.1,CCc1csc(n1)N2CCN(CC2)C(=O)[C@@H]3CCCC[C@H]3C(=O)NC4(CC4)C#N,40.0,AAarasa{dr}DsAAD{AAs}A{~B}{A**H}tAAAA{A*H}tA{~B}DAu{AAu}A^D
CHEMBL1562923,2.5,Cc1ccc(cc1)n2c(C)cc(C(=O)NS(=O)(=O)c3ccc(C)cc3)c2C,33.333333333333336,Aaraaa{aar}dsa{A}aa{A{~B}DE{~B}{~B}ataaa{A}aat}asA
CHEMBL1683934,2.16,O[C@@H](CNCCCCCCCCCN1CCC(CC1)OC(=O)Nc2ccccc2c3ccccc3)c4ccc(O)c5NC(=O)C=Cc45,39.0,B{A**H}{ADAAAAAAAAADrAAA{AAr}BA{~B}Dasaaaaasataaaaat}auaaa{B}avDA{~B}A~Aauv
CHEMBL2011924,2.63,CNc1c(Cl)cnc2[nH]c(nc12)c3ccc(OCCN4CCOCC4)cc3,31.166666666666668,ADara{Z}adas{dH}a{dars}ataaa{BAADuAABAAu}aat
CHEMBL2088121,-0.62,COc1c(N2CCO[C@@H](CN(C)C)C2)c(F)cc3C(=O)C(=CN(C4CC4)c13)C(=O)O,85.33333333333333,ABara{DsAAB{A**H}{AD{A}A}As}a{G}aatA{~B}A{~AD{AuAAu}art}A{~B}B
CHEMBL1870155,3.01,O=C(NC1CCCCC1)c2cccnc2Sc3ccccc3,24.83333333333334,B~A{DArAAAAAr}asaaadasEataaaaat
CHEMBL135,3.72,C[C@]12CC[C@H]3[C@@H](CCc4cc(O)ccc34)[C@@H]1CC[C@@H]2O,12.999999999999998,A{A*}rsAA{A*H}t{A**H}{AAauaa{B}aaatu}{A**H}rAA{A**H}sB
CHEMBL1405,3.4,C[C@]12CC[C@H]3[C@@H](CCc4cc(O)ccc34)[C@@H]1CCC2=O,18.333333333333336,A{A*}rsAA{A*H}t{A**H}{AAauaa{B}aaatu}{A**H}rAAAs~B
CHEMBL1778653,2.77,CCS(=O)(=O)c1ccc(c(C)c1)c2cc(ccc2OCC(=O)N)C(F)(F)F,28.833333333333332,AAE{~B}{~B}araaa{a{A}ar}asaa{aaasBAA{~B}D}A{G}{G}G
CHEMBL396043,4.37,C[C@H](CO)Nc1nc(SCc2cccc(F)c2F)nc3nc(NC4CC4)sc13,2.1666666666666647,A{A*H}{AB}Darda{EAasaaaa{G}asG}datda{DAuAAu}sart
CHEMBL331019,3.6,O=C(CSc1ccncc1)Nc2ccc(cc2)C(=O)c3ccccc3,14.999999999999998,B~A{AEaraadaar}Dasaaa{aas}A{~B}ataaaaat
CHEMBL203854,3.24,Oc1cc(O)c2C(=O)C(=COc2c1)c3ccc(cc3)[N+](=O)[O-],20.999999999999996,Baraa{B}asA{~B}A{~ABasar}ataaa{aat}{DP}{~B}{BM}
CHEMBL380673,3.46,CC(C)CN1C(=O)N(C)C(=O)c2c1sc(Cc3ccccc3C(F)(F)F)c2C(=O)N4CCC4,17.333333333333332,AA{A}ADrA{~B}D{A}A{~B}asarsa{AataaaaatA{G}{G}G}asA{~B}DuAAAu
CHEMBL2107486,2.1,C[C@@H](O)[C@@H]1[C@H]2[C@@H](C)C(=C(N2C1=O)C(=O)OCOC(=O)C(C)(C)C)SC3CN(C3)C4=NCCS4,40.0,A{A**H}{B}{A**H}r{A*H}s{A**H}{A}A{~A{DsAr~B}A{~B}BABA{~B}A{A}{A}A}EAtAD{At}Au~DAAEu
CHEMBL2087625,4.26,CN1C(=O)N(CC2CC2)c3nn(Cc4ccnc5ccc(Cl)cc45)c(c6cc(oc6C)C#N)c3C1=O,4.0000000000000036,ADrA{~B}D{AAsAAs}atdd{Aauaadavaaa{Z}aauv}a{awaa{bawA}A^D}atAr~B
CHEMBL216749,2.7,COc1cc2c(NC(=O)Nc3c(Cl)cccc3Cl)ncnc2cc1OCC4CCN(C)CC4,29.999999999999996,ABaraasa{DA{~B}Data{Z}aaaatZ}dadasaarBAAuAAD{A}AAu
CHEMBL1917450,-0.83,Cc1c(c2c(NS(=O)(=O)C)cccc2n1CC(=O)O)S(=O)(=O)c3ccc(Cl)cc3,88.83333333333333,Aara{asa{DE{~B}{~B}A}aaaasdrAA{~B}B}E{~B}{~B}ataaa{Z}aat
CHEMBL2151319,2.74,C[C@H](Nc1ccc2ncn(c3cc([nH]n3)C4CC4)c2n1)c5ncc(F)cn5,29.33333333333333,A{A*H}{Daraaasdad{ataa{{dH}dt}AuAAu}asdr}avdaa{G}adv
CHEMBL1778633,-0.59,CN(c1ccc(c(C)c1)c2cc(ccc2OCC(=O)O)C(F)(F)F)S(=O)(=O)C,84.83333333333333,AD{araaa{a{A}ar}asaa{aaasBAA{~B}B}A{G}{G}G}E{~B}{~B}A
CHEMBL33899,3.89,CC\C(=C(/c1ccccc1)\c2ccc(\C=C\C(=O)O)cc2)\c3ccccc3,10.166666666666664,AARA{~A{Laraaaaar}Rasaaa{RA~ARA{~B}B}aas}Rataaaaat
CHEMBL1950860,2.85,CN[C@@H](C)C(=O)N[C@H](C(=O)N[C@H]1CCCN(CCc2ccc(cc2)C(F)(F)F)C1)C(C)(C)C,27.5,AD{A**H}{A}A{~B}D{A*H}{A{~B}D{A*H}rAAAD{AAasaaa{aas}A{G}{G}G}Ar}A{A}{A}A
CHEMBL101,0.45,CCCCC1C(=O)N(N(C1=O)c2ccccc2)c3ccccc3,67.5,AAAAArA{~B}D{D{Ar~B}asaaaaas}ataaaaat
CHEMBL1312533,2.79,CC(=O)NC1CC2CCCC(C1)N2C(=O)Nc3ccc(Cl)c(c3)C(F)(F)F,28.5,AA{~B}DArAAsAAAA{Ar}DsA{~B}Dataaa{Z}a{at}A{G}{G}G
CHEMBL1951032,2.4,COc1c(Nc2ccc(nc2C)S(=O)(=O)C)ncnc1OC3CCN(CC3)C(=O)OC(C)C,35.0,ABara{Dasaaa{dasA}E{~B}{~B}A}dadarBAtAAD{AAt}A{~B}BA{A}A
CHEMBL1077458,2.91,CC(=O)Nc1ccc(cc1)c2ccnc(Nc3ccc(cc3)N4CCOCC4)n2,26.5,AA{~B}Daraaa{aar}asaada{Dataaa{aat}DuAABAAu}ds
CHEMBL2314198,2.75,OC(=O)c1[nH]c2ccccc2c1CCCOc3cccc4ccccc34,29.166666666666668,BA{~B}ar{dH}asaaaaasarAAABataaaauaaaaatu
CHEMBL1689128,1.21,C[C@H]1CN(Cc2cc(Cl)ccc2OCC(=O)O)CCN1C(=O)Cc3ccc(Cl)cc3,54.833333333333336,A{A*H}rAD{Aasaa{Z}aaasBAA{~B}B}AADrA{~B}Aataaa{Z}aat
CHEMBL1720347,1.52,Cc1nc2nc(nn2c(O)c1Cc3ccccc3)c4cccnc4,49.666666666666664,Aardasda{ddsa{B}arAataaaaat}auaaadau
CHEMBL1650732,1.91,C[C@H](Nc1nc(Nc2cc(C)[nH]n2)cc(n1)N3CCOCC3)c4ncc(F)cn4,43.166666666666664,A{A*H}{Darda{Dasaa{A}{dH}ds}aa{dr}DtAABAAt}audaa{G}adu
CHEMBL213294,2.94,COc1ccc(NC(=O)CSc2nnc(C)n2c3ccc(C)cc3)cc1,26.0,ABaraaa{DA{~B}AEasdda{A}dsataaa{A}aat}aar
CHEMBL1715893,-1.4,CC1CC(CN)CC(CO)C1,98.33333333333333,AArAA{AD}AA{AB}Ar
CHEMBL1486187,2.06,FC(F)(F)c1nnc2ccc(NCc3cccnc3)nn12,40.666666666666664,GA{G}{G}arddasaaa{DAataaadat}ddrs
CHEMBL1683036,2.36,COc1cc2nnc(C(=O)N)c(Nc3ccc(C)cc3F)c2cc1N4CCN(C)CC4,35.666666666666664,ABaraasdda{A{~B}D}a{Dataaa{A}aatG}asaarDuAAD{A}AAu
CHEMBL2216902,2.9,CC(C)c1nc2ccccc2n1c3nc(N4CCOCC4)c5nc(OC6CN(C6)C7CCS(=O)(=O)CC7)n(C)c5n3,26.666666666666668,AA{A}ardasaaaaasdratda{DuAABAAu}avda{BAwAD{Aw}AxAAE{~B}{~B}AAx}d{A}avdt
CHEMBL61946,2.3,CCN(CC)CCOC(=O)C1(CCCC1)c2ccccc2,36.66666666666667,AAD{AA}AABA{~B}Ar{AAAAr}asaaaaas
CHEMBL1907194,1.38,OC1(CNCCc2ccccc12)c3ccccc3,52.0,BAr{ADAAasaaaaars}ataaaaat
CHEMBL126,0.67,CC(=O)NC[C@H]1CN(C(=O)O1)c2ccc(N3CCOCC3)c(F)c2,63.833333333333336,AA{~B}DA{A*H}rAD{A{~B}Br}asaaa{DtAABAAt}a{G}as
CHEMBL2086689,3.4,C[C@@H]1CN(CCN1c2ncc(OCc3ccncc3C#N)cn2)c4ncc(F)cn4,18.333333333333336,A{A**H}rAD{AADrasdaa{BAataadaatA^D}ads}audaa{G}adu
CHEMBL425300,2.9,Cc1cnc(NC(=O)Cc2ccccc2)s1,26.666666666666668,Aarada{DA{~B}Aasaaaaas}sr
CHEMBL301359,1.0,c1ccc2ncncc2c1,58.333333333333336,araaasdadaasar
CHEMBL2325701,2.8,CS(=O)(=O)Cc1cc(nc(n1)c2cccc3cc[nH]c23)N4CCOCC4,28.33333333333334,AE{~B}{~B}Aaraa{da{dr}asaaaataa{dH}ast}DuAABAAu
CHEMBL2059909,1.41,CC(C)(C)NS(=O)(=O)c1cncc(c1)c2ccc3nc(N)nn3c2,51.5,AA{A}{A}DE{~B}{~B}aradaa{ar}asaaatda{D}ddtas
CHEMBL1807817,2.54,O[C@@H](CNCCSCCCOCCc1ccccc1)c2ccc(O)c3NC(=O)Sc23,32.666666666666664,B{A**H}{ADAAEAAABAAaraaaaar}asaaa{B}atDA{~B}East
CHEMBL1064,3.7,CCC(C)(C)C(=O)O[C@H]1C[C@@H](C)C=C2C=C[C@H](C)[C@H](CC[C@@H]3C[C@@H](O)CC(=O)O3)[C@@H]12,13.33333333333333,AAA{A}{A}A{~B}B{A*H}rA{A**H}{A}A~AsA~A{A*H}{A}{A*H}{AA{A**H}tA{A**H}{B}AA{~B}Bt}{A**H}rs
CHEMBL1689129,1.1,C[C@H]1CN(Cc2cc(Cl)ccc2OCC(=O)O)CCN1C(=O)Cc3ccccc3Cl,56.666666666666664,A{A*H}rAD{Aasaa{Z}aaasBAA{~B}B}AADrA{~B}AataaaaatZ
CHEMBL254370,2.14,CC[C@@H](NC1=C(Nc2cccc(C(=O)N(C)C)c2O)C(=O)C1=O)c3ccccc3,39.333333333333336,AA{A**H}{DAr~A{Dasaaaa{A{~B}D{A}A}asB}A{~B}Ar~B}ataaaaat
CHEMBL1223457,3.18,CC1=CC2=NNC(=O)N2c3cc(ccc13)c4ccccc4CO,21.999999999999996,AAr~AAs~DDA{~B}Dsataa{aaart}auaaaaauAB
CHEMBL184721,3.2,Cc1ccc(NC(=O)c2cccc(c2)N3CCOCC3)cc1NC(=O)c4ccc(OCc5ccccn5)cc4,21.66666666666666,Aaraaa{DA{~B}asaaaa{as}DtAABAAt}aarDA{~B}auaaa{BAavaaaadv}aau
CHEMBL354788,1.2,NC1=NC(Nc2c(F)ccc(F)c12)c3occc3,55.0,DAr~DA{Dasa{G}aaa{G}ars}atbaaat
CHEMBL561368,3.57,CC(C)NC(=O)c1cnc(N2CCC(CC2)N3C(=O)OCc4ccccc34)c(Cl)c1,15.500000000000002,AA{A}DA{~B}arada{DsAAA{AAs}DtA{~B}BAauaaaaatu}a{Z}ar
CHEMBL1464,0.86,CC(=O)CC(C1=C(O)c2ccccc2OC1=O)c3ccccc3,60.666666666666664,AA{~B}AA{Ar~A{B}asaaaaasBAr~B}ataaaaat
CHEMBL173809,3.6,CC(C)C(CCCN(C)CCc1ccccc1)(C#N)c2ccccc2,14.999999999999998,AA{A}A{AAAD{A}AAaraaaaar}{A^D}asaaaaas
CHEMBL326642,2.68,Oc1ccc(CCNCCS(=O)(=O)CCCOCCSc2ccccc2)c3sc(O)nc13,30.33333333333333,Baraaa{AADAAE{~B}{~B}AAABAAEasaaaaas}atsa{B}dart
CHEMBL389791,2.83,C[C@@H](O)[C@@H](CO)Nc1nc(SCc2cccc(F)c2F)nc3nc(N)sc13,27.833333333333332,A{A**H}{B}{A**H}{AB}Darda{EAasaaaa{G}asG}datda{D}sart
CHEMBL51,2.9,Fc1ccc(cc1)C(=O)C2CCN(CCN3C(=O)Nc4ccccc4C3=O)CC2,26.666666666666668,Garaaa{aar}A{~B}AsAAD{AADtA{~B}DauaaaaauAt~B}AAs
CHEMBL1796296,2.48,OC1(CN2CCC1CC2)C#Cc3ccc(Oc4ccc(cc4)C(=O)NCc5ccncc5)cc3,33.666666666666664,BAr{ADsAAArAAs}A^Aataaa{Bauaaa{aau}A{~B}DAavaadaav}aat
CHEMBL2163349,1.5,CS(=O)(=O)c1ccc2c3CN(CCc3[nH]c2c1)C(=O)[C@@H]4CCCC[C@H]4C(=O)NC5(CC5)C#N,50.0,AE{~B}{~B}araaasatAD{AAat{dH}asar}A{~B}{A**H}uAAAA{A*H}uA{~B}DAv{AAv}A^D
CHEMBL2335911,3.45,C[C@@H](NC(=O)C)c1ccc(Nc2ncc3cc(c(C)cc3n2)c4ccncc4)cc1,17.499999999999996,A{A**H}{DA{~B}A}araaa{Dasdaataa{a{A}aatds}auaadaau}aar
CHEMBL2179272,0.22,CC[C@H](N1CCC[C@@H](C1)N2C=C(C)C(=O)NC2=O)c3ccc(C(=O)O)c(Oc4cccc(Cl)c4)c3,71.33333333333333,AA{A*H}{DrAAA{A**H}{Ar}DsA~A{A}A{~B}DAs~B}ataaa{A{~B}B}a{Bauaaaa{Z}au}at
CHEMBL186422,1.32,O=C1Nc2ccccc2C=C1,53.0,B~ArDasaaaaasA~Ar
CHEMBL452274,0.97,CN(CCO)Cc1ccc(cc1)c2cc(C(=O)N)c(NC(=O)N)s2,58.833333333333336,AD{AAB}Aaraaa{aar}asaa{A{~B}D}a{DA{~B}D}ss
CHEMBL1700458,1.17,COc1ccc(C=C2SC(=O)NC2=O)cc1OC,55.5,ABaraaa{A~AsEA{~B}DAs~B}aarBA
CHEMBL2158828,2.0,OC(=O)COc1ccccc1N2CCC(CN3CCC(CC3)Oc4ccc(Cl)c(Cl)c4)CC2,41.666666666666664,BA{~B}ABaraaaaarDsAAA{ADtAAA{AAt}Bauaaa{Z}a{Z}au}AAs
CHEMBL1978713,3.85,COc1ccc(CNC(=O)c2sc3nc(C)cc(C)c3c2N)cc1,10.83333333333333,ABaraaa{ADA{~B}assatda{A}aa{A}atasD}aar
CHEMBL424378,1.9,CCCc1c(O)c(ccc1OCc2cccc(NC(=O)c3ccccc3C(=O)O)c2)C(=O)C,43.333333333333336,AAAara{B}a{aaarBAasaaaa{DA{~B}ataaaaatA{~B}B}as}A{~B}A
CHEMBL2207672,2.83,Cc1c(Cl)ccc(OC2CCN(C[C@H](O)CNC(=O)C3=CNC(=O)c4cc(ccc34)S(=O)(=O)C)CC2)c1Cl,27.833333333333332,Aara{Z}aaa{BAsAAD{A{A*H}{B}ADA{~B}At~ADA{~B}auaa{aaatu}E{~B}{~B}A}AAs}arZ
CHEMBL1576727,2.92,COc1ccc(cc1)C(=O)C2CCN(CC2)C(=O)c3ccc(F)cc3,26.333333333333332,ABaraaa{aar}A{~B}AsAAD{AAs}A{~B}ataaa{G}aat
CHEMBL2177390,1.3,CC(C)NC[C@@H](C(=O)N1CCN(CC1)c2ncnc3[C@H](O)C[C@@H](C)c23)c4ccc(Cl)cc4,53.333333333333336,AA{A}DA{A**H}{A{~B}DrAAD{AAr}asdadat{A*H}{B}A{A**H}{A}ast}auaaa{Z}aau
CHEMBL2179666,-0.51,CC1=CN([C@H]2CCCN(Cc3ccc(C(=O)O)c(Oc4cccc(Br)c4)c3)C2)C(=O)NC1=O,83.5,AAr~AD{{A*H}sAAAD{Aataaa{A{~B}B}a{Bauaaaa{X}au}at}As}A{~B}DAr~B
CHEMBL22033,1.8,COc1cc(ccc1Cn2ncc3ccc(NC(=O)OC4CCCC4)cc23)C(=O)NS(=O)(=O)c5ccccc5,45.0,ABaraa{aaarAdsdaataaa{DA{~B}BAuAAAAu}aast}A{~B}DE{~B}{~B}avaaaaav
CHEMBL2207285,3.67,O[C@H](CNC(=O)C1=CNC(=O)c2cc(ccc12)S(=O)(=O)NC3CC3)CN4CCC(CC4)Oc5ccc(Cl)c(Cl)c5,13.833333333333334,B{A*H}{ADA{~B}Ar~ADA{~B}asaa{aaars}E{~B}{~B}DAtAAt}ADuAAA{AAu}Bavaaa{Z}a{Z}av
CHEMBL2031227,2.73,CN1CCN(CC1)c2ccc3N=CN(C(=O)c3c2)c4cc(NC(=O)c5ccc(cc5)C#N)ccc4C,29.5,ADrAAD{AAr}asaaatD~AD{A{~B}atas}auaa{DA{~B}avaaa{aav}A^D}aaauA
CHEMBL2164685,3.2,Fc1cccc2[nH]c3CCN(Cc3c12)C(=O)[C@@H]4CCCC[C@H]4C(=O)NC5(CC5)C#N,21.66666666666666,Garaaaas{dH}atAAD{Aatars}A{~B}{A**H}uAAAA{A*H}uA{~B}DAv{AAv}A^D
CHEMBL1624529,0.3,NC1C2CN(CC12)c3nc4N(C=C(C(=O)O)C(=O)c4cc3F)c5ccc(F)cc5F,70.0,DArAsAD{AArs}atdauD{A~A{A{~B}B}A{~B}auaatG}avaaa{G}aavG
CHEMBL1399152,2.58,[O-][N+](=O)c1ccc2c(c1)nc3CCCCCn23,32.0,{BM}{DP}{~B}araaasa{ar}datAAAAAdst
CHEMBL1824030,0.52,Oc1ccc2OCC(=O)N(CCN3CCC(CC3)NCc4ccc5OCC(=O)Nc5n4)c2c1,66.33333333333333,BaraaasBAA{~B}D{AADtAAA{AAt}DAauaaavBAA{~B}Davdu}asar
CHEMBL2177608,1.11,CC1(CC1)c2c(cnn2c3ccc(cc3)C(=O)O)C(=O)NC4C5CC6CC(CC4C6)C5,56.49999999999999,AAr{AAr}asa{addsataaa{aat}A{~B}B}A{~B}DAuAvAAwAA{AAuAw}Av
CHEMBL250516,2.46,COc1ccc2c(C)cc(N[C@H]3CCC[C@@H](C3)NCc4ccsc4)nc2c1,34.0,ABaraaasa{A}aa{D{A*H}tAAA{A**H}{At}DAauaasau}dasar
CHEMBL2321993,0.12,OCC[C@@]1(CCCNC1)c2oc3ccccc3c2,73.0,BAA{A**}r{AAADAr}asbataaaaatas
CHEMBL44227,3.65,Oc1ccc(cc1)c2nc3ccc(O)cc3s2,14.16666666666667,Baraaa{aar}asdataaa{B}aatss
CHEMBL1682967,2.75,CC[C@H](NC(=O)c1c([S+](C)[O-])c(nc2cc(CN(C)C)ccc12)c3ccccc3)c4ccccc4,29.166666666666668,AA{A*H}{DA{~B}ara{{EP}{A}{BM}}a{dasaa{AD{A}A}aaars}ataaaaat}auaaaaau
CHEMBL1645501,1.41,CC(=O)c1ccc2NC(=CC(=O)c2c1)c3cccnc3,51.5,AA{~B}araaasDA{~AA{~B}asar}ataaadat
CHEMBL2171024,1.23,OC(=O)c1cccc(c1)C(=O)N2CCC(CC2)N3CCC(CC3)Oc4ccc(Cl)c(Cl)c4,54.5,BA{~B}araaaa{ar}A{~B}DsAAA{AAs}DtAAA{AAt}Bauaaa{Z}a{Z}au
CHEMBL1917426,1.84,Cc1c(Sc2ccc(Cl)cc2)c3cc(F)ccc3n1CC(=O)O,44.333333333333336,Aara{Easaaa{Z}aas}ataa{G}aaatdrAA{~B}B
CHEMBL250124,3.61,COc1ccc2c(C)cc(N[C@H]3CCC[C@@H](C3)NCc4cccc(OC(F)(F)F)c4)nc2c1,14.833333333333336,ABaraaasa{A}aa{D{A*H}tAAA{A**H}{At}DAauaaaa{BA{G}{G}G}au}dasar
CHEMBL1198335,3.9,COc1cccc(Nc2nc(NCC3CCCO3)c4ccccc4n2)c1,10.000000000000002,ABaraaaa{Dasda{DAAtAAABt}auaaaaauds}ar
CHEMBL1683033,1.99,CCOc1cc2nnc(C(=O)N)c(Nc3cccc(Cl)c3F)c2cc1N4CCN(C)CC4,41.83333333333333,AABaraasdda{A{~B}D}a{Dataaaa{Z}atG}asaarDuAAD{A}AAu
CHEMBL2325991,1.8,COc1ccc(cc1OC)C(C)NC(=O)C2(N)CCN(CC2)c3ncnc4[nH]ccc34,45.0,ABaraaa{aarBA}A{A}DA{~B}As{D}AAD{AAs}atdadau{dH}aaatu
CHEMBL454616,2.8,CN(c1cccc(c1)C(=O)Nc2ccc(C)c(NC(=O)c3ccc4ncccc4c3)c2)S(=O)(=O)C,28.33333333333334,AD{araaaa{ar}A{~B}Dasaaa{A}a{DA{~B}ataaaudaaaauat}as}E{~B}{~B}A
CHEMBL2326523,2.88,CC(C)[C@H](N(CCCN)C(=O)c1ccc(C)cc1)C2=Nc3cc(Cl)ccc3C(=O)N2Cc4ccccc4,27.0,AA{A}{A*H}{D{AAAD}A{~B}araaa{A}aar}As~Dataa{Z}aaatA{~B}DsAauaaaaau
CHEMBL226906,1.15,Cc1ccsc1CN2NC(=O)C3=C(C2=O)C(=O)c4ccc(Cl)cc4N3,55.833333333333336,AaraasarADsDA{~B}At~A{As~B}A{~B}auaaa{Z}aauDt
CHEMBL2346974,3.2,CC(=O)N1CCN(CCOc2ccc(cc2)C3CCN(CC3)c4ccc5nnc(n5n4)C(F)(F)F)CC1,21.66666666666666,AA{~B}DrAAD{AABasaaa{aas}AtAAD{AAt}auaaavdda{dvdu}A{G}{G}G}AAr
CHEMBL1212988,2.53,Cc1cc(C)c2c(N)c(sc2n1)C(=O)NC3CC3,32.833333333333336,Aaraa{A}asa{D}a{sasdr}A{~B}DAtAAt
CHEMBL393714,2.61,CN1C(=O)c2c(onc2c3ccccc3)C=C1c4ccncc4,31.5,ADrA{~B}asa{bdasataaaaat}A~Arauaadaau
CHEMBL404108,1.02,Cc1ccc(Nc2c(F)cccc2Cl)c(CC(=O)O)c1,58.0,Aaraaa{Dasa{G}aaaasZ}a{AA{~B}B}ar
CHEMBL51781,2.72,COC(=O)CCC(=O)Nc1ccc2C(=O)C(=O)c3ccccc3c2c1,29.66666666666666,ABA{~B}AAA{~B}DaraaasA{~B}A{~B}ataaaaatasar
CHEMBL1287891,0.77,NC(=O)c1cnc(N[C@H]2CCCNC2)c3cc(sc13)c4ccncc4,62.166666666666664,DA{~B}arada{D{A*H}sAAADAs}ataa{sart}auaadaau
CHEMBL1779045,2.24,Cc1cccc(c1)N(Cc2cc(F)c(F)cc2F)C(=O)O[C@H]3CN4CCC3CC4,37.666666666666664,Aaraaaa{ar}D{Aasaa{G}a{G}aasG}A{~B}B{A*H}tADuAAAtAAu
CHEMBL1887445,3.2,CCCC(=O)N1CCN(CC1)c2nnc(c3ccccc3)c4ccccc24,21.66666666666666,AAAA{~B}DrAAD{AAr}asdda{ataaaaat}auaaaaasu
CHEMBL514201,3.6,C[C@@H]1CN(Cc2ccc(F)cc2)[C@@H](C)CN1C(=O)c3cc4c(cn(C)c4cc3Cl)C(=O)C(=O)N(C)C,14.999999999999998,A{A**H}rAD{Aasaaa{G}aas}{A**H}{A}ADrA{~B}ataaua{ad{A}auaatZ}A{~B}A{~B}D{A}A
CHEMBL1824041,0.23,O=C1COc2ccc(CNC3CCN(CCN4C(=O)COc5ccc(cc45)C#N)CC3)nc2N1,71.16666666666666,B~ArABasaaa{ADAtAAD{AADuA{~B}ABavaaa{aauv}A^D}AAt}dasDr
CHEMBL259515,1.13,CN1SC(=NC1=O)NC(=O)c2ccccc2,56.166666666666664,ADrEA{~DAr~B}DA{~B}asaaaaas
CHEMBL1922267,2.87,C[C@H]1[C@@H]2CN(CCN3CCOCC3)CC[C@H]2Cc4[nH]c5ccc(cc5c14)C(F)(F)F,27.166666666666668,A{A*H}r{A**H}sAD{AADtAABAAt}AA{A*H}sAau{dH}avaaa{aavaru}A{G}{G}G
CHEMBL500,-0.12,CC(C)NCC(O)COc1cccc2[nH]ccc12,77.0,AA{A}DAA{B}ABaraaaas{dH}aaars
CHEMBL1650725,1.75,C[C@H](Nc1ncc(C)c(Nc2cc(C)[nH]n2)n1)c3ncc(F)cn3,45.833333333333336,A{A*H}{Dardaa{A}a{Dasaa{A}{dH}ds}dr}atdaa{G}adt
CHEMBL2335883,1.4,CN(C)CCNCc1ccc(Nc2ncc3cc(ccc3n2)c4ccncc4)cc1,51.666666666666664,AD{A}AADAaraaa{Dasdaataa{aaatds}auaadaau}aar
CHEMBL91863,2.85,Cc1ccccc1Nc2ncnc3ccccc23,27.5,AaraaaaarDasdadataaaaast
CHEMBL593300,3.11,Cn1c(CN2CCN(CC2)c3ccccc3)nc4ccccc14,23.166666666666668,Adra{ADsAAD{AAs}ataaaaat}dauaaaaaru
CHEMBL205465,4.07,CC(C)CN1C(=O)N(C)C(=O)c2c1sc(Cc3ccccc3C(F)(F)F)c2C(=O)N4CCCCC4,7.166666666666662,AA{A}ADrA{~B}D{A}A{~B}asarsa{AataaaaatA{G}{G}G}asA{~B}DuAAAAAu
CHEMBL472618,2.59,Nc1c(NC2CCCC2)nc(nc1N3CCOCC3)C#N,31.833333333333332,Dara{DAsAAAAs}da{darDtAABAAt}A^D
CHEMBL1454,0.81,C1CN2C[C@@H](N=C2S1)c3ccccc3,61.5,ArADsA{A**H}{D~AsEr}ataaaaat
CHEMBL1089224,3.76,CCCCOc1nc(N)c2NC(=O)N(Cc3cccc(CC(=O)OC)c3)c2n1,12.333333333333337,AAAABarda{D}asDA{~B}D{Aataaaa{AA{~B}BA}at}asdr
CHEMBL2086656,3.9,CC(C)(C)OC(=O)N1CCN(CC1)c2ccc(OCc3ccc(cc3)S(=O)(=O)C)cc2,10.000000000000002,AA{A}{A}BA{~B}DrAAD{AAr}asaaa{BAataaa{aat}E{~B}{~B}A}aas
CHEMBL1809228,4.1,COc1cc(ccc1Nc2ncc(Cl)c(n2)c3cnc4ccc(cn34)N(C)C)N5CCN(CC5)C(=O)C,6.666666666666672,ABaraa{aaarDasdaa{Z}a{ds}atadauaaa{adtu}D{A}A}DvAAD{AAv}A{~B}A
CHEMBL2164678,3.0,Fc1ccc2[nH]c3CCN(Cc3c2c1)C(=O)[C@@H]4CCCC[C@H]4C(=O)NC5(CC5)C#N,25.0,Garaaas{dH}atAAD{Aatasar}A{~B}{A**H}uAAAA{A*H}uA{~B}DAv{AAv}A^D
CHEMBL391565,1.72,COc1ccc(NC(=O)c2ccnc(N)n2)cc1,46.333333333333336,ABaraaa{DA{~B}asaada{D}ds}aar
CHEMBL2207654,3.02,O[C@H](CNC(=O)C1=CNC(=O)c2cc(ccc12)S(=O)(=O)N3CCC3)CN4CCC(CC4)Oc5ccc(Cl)c(Cl)c5,24.666666666666668,B{A*H}{ADA{~B}Ar~ADA{~B}asaa{aaars}E{~B}{~B}DtAAAt}ADuAAA{AAu}Bavaaa{Z}a{Z}av
CHEMBL217354,3.44,CC(C)c1ccccc1Cc2cc(C(=O)Nc3ccc(cc3)S(=O)(=O)c4ccccc4C(C)(C)C)c(O)c(O)c2O,17.666666666666668,AA{A}araaaaarAasaa{A{~B}Dataaa{aat}E{~B}{~B}auaaaaauA{A}{A}A}a{B}a{B}asB
CHEMBL325681,2.41,COc1cccc(c1)c2cc(O)c3cc(NC(=O)C)ccc3n2,34.833333333333336,ABaraaaa{ar}asaa{B}ataa{DA{~B}A}aaatds
CHEMBL2179280,1.68,CCC(CC)C[C@@H](N1CCC[C@@H](C1)N2C=C(C)C(=O)NC2=O)c3ccc(C(=O)O)c(Oc4cccc(Cl)c4)c3,47.0,AAA{AA}A{A**H}{DrAAA{A**H}{Ar}DsA~A{A}A{~B}DAs~B}ataaa{A{~B}B}a{Bauaaaa{Z}au}at
CHEMBL1271394,3.21,CN(c1ccnc(Nc2cccc(c2)S(=O)(=O)C)n1)c3cccc4[nH]ncc34,21.5,AD{araada{Dasaaaa{as}E{~B}{~B}A}dr}ataaaau{dH}daatu
CHEMBL364069,0.7,O=C(N[C@H]1CN2CCC1CC2)c3ccc(s3)c4ccccn4,63.333333333333336,B~A{D{A*H}rADsAAArAAs}ataaa{st}auaaaadu
CHEMBL569720,1.92,C[C@H](Nc1nc(Nc2cc(C)[nH]n2)c(C)nc1C#N)c3ncc(F)cn3,43.0,A{A*H}{Darda{Dasaa{A}{dH}ds}a{A}darA^D}atdaa{G}adt
CHEMBL495383,3.83,OCCc1cccc(NC(=O)c2cc3cc(Cl)ccc3[nH]2)c1,11.166666666666666,BAAaraaaa{DA{~B}asaataa{Z}aaat{dH}s}ar
CHEMBL1779014,3.76,COc1cc(F)ccc1c2cncc(CNC(=O)c3ccccc3)c2,12.333333333333337,ABaraa{G}aaarasadaa{ADA{~B}ataaaaat}as
CHEMBL1951081,2.82,COc1cc(OC)c(cc1NC(=O)CSc2ccncc2)S(=O)(=O)N3C(C)CCc4ccccc34,28.000000000000004,ABaraa{BA}a{aarDA{~B}AEasaadaas}E{~B}{~B}DtA{A}AAauaaaaatu
CHEMBL1538857,2.3,Cc1cc(Nc2ccccc2)n(CCC#N)n1,36.66666666666667,Aaraa{Dasaaaaas}d{AAA^D}dr
CHEMBL1289926,3.8,CNC(=O)c1ccccc1Sc2ccc3c(\C=C\c4ccccn4)n[nH]c3c2,11.66666666666667,ADA{~B}araaaaarEasaaata{RA~ARauaaaadu}d{dH}atas
CHEMBL2094541,1.4,COc1cc(OC)nc(n1)N2N=CC(=C(Cl)C2=O)Cl,51.666666666666664,ABaraa{BA}da{dr}DsD~AA{~A{Z}As~B}Z
CHEMBL420857,2.86,Oc1ccc(CCNCCS(=O)(=O)CCCOCCc2oc3ccccc3c2)c4sc(O)nc14,27.333333333333332,Baraaa{AADAAE{~B}{~B}AAABAAasbataaaaatas}ausa{B}daru
CHEMBL1934420,0.8,C[C@H](NC(=O)c1c(C)nn(C2CCN(C)CC2)c1NS(=O)(=O)c3ccc(C)cc3)C(C)(C)C,61.666666666666664,A{A*H}{DA{~B}ara{A}dd{AsAAD{A}AAs}arDE{~B}{~B}ataaa{A}aat}A{A}{A}A
CHEMBL2035035,1.7,NC1(CCC1)c2ccc(cc2)c3c(ccn4ncnc34)c5ccccc5,46.666666666666664,DAr{AAAr}asaaa{aas}ata{aadudadatu}avaaaaav
CHEMBL128506,1.71,CN1CCN(CC1)C(=O)c2cc3ccccc3n2C,46.5,ADrAAD{AAr}A{~B}asaataaaaatdsA
CHEMBL430854,2.6,CN(C)CC(O)COc1ccc(Nc2nccc(Nc3ccc(Cl)cc3)n2)cc1,31.666666666666668,AD{A}AA{B}ABaraaa{Dasdaaa{Dataaa{Z}aat}ds}aar
CHEMBL219861,2.14,CC(C)CN1C(=O)N(C)C(=O)c2c1sc(Cc3ccnc4ccccc34)c2C(=O)N5C[C@H](O)CO5,39.333333333333336,AA{A}ADrA{~B}D{A}A{~B}asarsa{Aataadauaaaaatu}asA{~B}DvA{A*H}{B}ABv
CHEMBL1809200,3.5,COc1cc(ccc1Nc2ncc(Cl)c(n2)c3cnc4c(OC)cccn34)N5CCN(CC5)C(=O)C,16.666666666666668,ABaraa{aaarDasdaa{Z}a{ds}atadaua{BA}aaadtu}DvAAD{AAv}A{~B}A
CHEMBL2177614,0.59,CCCSc1c(cnn1c2ccc(cc2)C(=O)O)C(=O)N(C)C3CCCCC3,65.16666666666667,AAAEara{addrasaaa{aas}A{~B}B}A{~B}D{A}AtAAAAAt
CHEMBL1312643,1.34,O=S(=O)(Cc1cc(nc(n1)c2ccccn2)N3CCOCC3)c4ccccc4,52.666666666666664,B~E{~B}{Aaraa{da{dr}asaaaads}DtAABAAt}auaaaaau
CHEMBL73151,2.73,CCN(CC)C(=O)N[C@H]1C[C@H]2[C@@H](Cc3c[nH]c4cccc2c34)N(C)C1,29.5,AAD{AA}A{~B}D{A*H}rA{A*H}s{A**H}{Aata{dH}auaaaasatu}D{A}Ar
CHEMBL607,1.4,CCOC(=O)C1(CCN(C)CC1)c2ccccc2,51.666666666666664,AABA{~B}Ar{AAD{A}AAr}asaaaaas
CHEMBL2164850,3.44,O=C(NC1=CC(=CNC1=O)c2ccncc2)[C@H](Cc3ccccc3)NC4(CC4)c5ccccn5,17.666666666666668,B~A{DAr~AA{~ADAr~B}asaadaas}{A*H}{Aataaaaat}DAu{AAu}avaaaadv
CHEMBL456985,2.23,CNC(=O)C[C@H](Nc1ncc(Cl)c(Nc2cc([nH]n2)C3CC3)n1)c4ccc(F)cc4,37.833333333333336,ADA{~B}A{A*H}{Dardaa{Z}a{Dasaa{{dH}ds}AtAAt}dr}auaaa{G}aau
CHEMBL1224140,2.08,Cc1cc(O[C@H]2C[C@H]3CC[C@@H](C2)N3Cc4ccccc4)cc(c1)C(=O)N,40.333333333333336,Aaraa{B{A*H}sA{A*H}tAA{A**H}{As}DtAauaaaaau}aa{ar}A{~B}D
CHEMBL69863,2.11,Oc1cc(O)cc(\C=C\c2ccc(O)c(O)c2)c1,39.833333333333336,Baraa{B}aa{RA~ARasaaa{B}a{B}as}ar
CHEMBL2153179,2.49,CCCSc1ncccc1C(=O)N(C)[C@@H]2[C@@H]3CC4C[C@H]2C[C@@](O)(C4)C3,33.49999999999999,AAAEardaaaarA{~B}D{A}{A**H}s{A**H}tAAuA{A*H}sA{A**}{B}{Au}At
CHEMBL1241590,0.44,CS(=O)(=O)c1ccc(cc1)[C@@H](O)[C@@H](CF)NC(=O)C(Cl)Cl,67.66666666666666,AE{~B}{~B}araaa{aar}{A**H}{B}{A**H}{AG}DA{~B}A{Z}Z
CHEMBL2335876,2.78,COCCNC(=O)c1ccc(Nc2ncc3cc(ccc3n2)c4ccncc4)cc1C,28.66666666666667,ABAADA{~B}araaa{Dasdaataa{aaatds}auaadaau}aarA
CHEMBL2163583,2.99,Cc1cccc2c3CN(CCc3[nH]c12)C(=O)[C@@H]4CCCC[C@H]4C(=O)NC5(CC5)C#N,25.16666666666666,AaraaaasatAD{AAat{dH}ars}A{~B}{A**H}uAAAA{A*H}uA{~B}DAv{AAv}A^D
CHEMBL533154,1.39,Cc1cc(N)c2cc(NC(=O)CCC(=O)Nc3ccc4nc(C)cc(N)c4c3)ccc2n1,51.83333333333334,Aaraa{D}asaa{DA{~B}AAA{~B}Dataaauda{A}aa{D}auat}aaasdr
CHEMBL211631,0.49,COc1cccc2c(ccnc12)c3c(C)n(CC(=O)O)c4ccc(C)cc34,66.83333333333333,ABaraaaasa{aadars}ata{A}d{AA{~B}B}auaaa{A}aatu
CHEMBL1535,0.77,CCN(CCO)CCCC(C)Nc1ccnc2cc(Cl)ccc12,62.166666666666664,AAD{AAB}AAAA{A}Daraadasaa{Z}aaars
CHEMBL468297,3.15,C1CC1Nc2ccc3nnc(c4ccccc4)n3n2,22.5,ArAArDasaaatdda{auaaaaau}dtds
CHEMBL2325732,2.4,CC(=O)NCC(NC(=O)C1(N)CCN(CC1)c2ncnc3[nH]ccc23)c4ccc(Cl)cc4,35.0,AA{~B}DAA{DA{~B}Ar{D}AAD{AAr}asdadat{dH}aaast}auaaa{Z}aau
CHEMBL1809191,2.82,CC(=O)N1CCN(CC1)c2ccc(Nc3nccc(n3)c4cnc5ccccn45)cc2,28.000000000000004,AA{~B}DrAAD{AAr}asaaa{Datdaaa{dt}auadavaaaaduv}aas
CHEMBL2207660,3.66,Cc1c(Cl)ccc(OC2CCN(C[C@H](O)CNC(=O)c3c[nH]nc3C(F)(F)F)CC2)c1Cl,13.999999999999998,Aara{Z}aaa{BAsAAD{A{A*H}{B}ADA{~B}ata{dH}datA{G}{G}G}AAs}arZ
CHEMBL2035034,1.7,NC1(CCC1)c2ccc(cc2)c3c(ncc4nccn34)c5ccccc5,46.666666666666664,DAr{AAAr}asaaa{aas}ata{daaudaadtu}avaaaaav
CHEMBL460,1.54,CCc1c(C)[nH]c2CCC(CN3CCOCC3)C(=O)c12,49.333333333333336,AAara{A}{dH}asAAA{ADtAABAAt}A{~B}ars
CHEMBL2035031,1.7,NC1(CCC1)c2ccc(cc2)c3ncc4cccnc4c3c5ccccc5,46.666666666666664,DAr{AAAr}asaaa{aas}atdaauaaadauatavaaaaav
CHEMBL2362258,1.31,ON=Cc1oc(cc1)[N+](=O)[O-],53.166666666666664,BD~Aarba{aar}{DP}{~B}{BM}
CHEMBL71917,3.5,CC(C)OC(=O)C1=CN(Cc2c(F)cccc2F)c3sc(c(CN(C)Cc4ccccc4)c3C1=O)c5ccc(NC(=O)C(C)C)cc5,16.666666666666668,AA{A}BA{~B}Ar~AD{Aasa{G}aaaasG}atsa{a{AD{A}Aauaaaaau}atAr~B}avaaa{DA{~B}A{A}A}aav
CHEMBL1458496,2.98,Clc1cccc(C(=O)N2CCN(CC2)c3ccccn3)c1Cl,25.333333333333332,Zaraaaa{A{~B}DsAAD{AAs}ataaaadt}arZ
CHEMBL2062581,2.65,CC(=O)Nc1ccc2[nH]cc(c3cc(NC4CC4)n5ncc(C#N)c5n3)c2c1,30.833333333333332,AA{~B}Daraaas{dH}aa{ataa{DAuAAu}dvdaa{A^D}avdt}asar
CHEMBL1541257,2.33,C1Cc2ncc(c3ccc4OCCOc4c3)n2C1,36.166666666666664,ArAasdaa{ataaauBAABauat}dsAr
CHEMBL505521,1.85,CNC1=Nc2ncccc2C(=NC1c3cccs3)c4occc4,44.166666666666664,ADAr~DasdaaaasA{~DArataaast}aubaaau
CHEMBL1955881,3.3,Oc1c(C#N)c(nc2ccncc12)c3ccc(cc3)c4ccccc4C(F)(F)F,20.000000000000004,Bara{A^D}a{dasaadaars}ataaa{aat}auaaaaauA{G}{G}G
CHEMBL369684,1.26,C[Si](C)(C)C#Cc1cn(C[C@H]2CN(C(=O)O2)c3ccc(C4=CCS(=O)(=O)CC4)c(F)c3)nn1,54.0,A{W}{A}{A}A^Aarad{A{A*H}sAD{A{~B}Bs}ataaa{Au~AAE{~B}{~B}AAu}a{G}at}ddr
CHEMBL2335912,3.46,C[C@@H](NC(=O)C)c1ccc(Nc2ncc3cc(cc(C)c3n2)c4ccncc4)cc1,17.333333333333332,A{A**H}{DA{~B}A}araaa{Dasdaataa{aa{A}atds}auaadaau}aar
CHEMBL2177155,3.25,CN1CCN(CC1)S(=O)(=O)c2ccc(c3cnc(N)c(n3)C(=O)Nc4cccnc4)c(c2)C(F)(F)F,20.833333333333332,ADrAAD{AAr}E{~B}{~B}asaaa{atada{D}a{dt}A{~B}Dauaaadau}a{as}A{G}{G}G
CHEMBL1916082,0.79,CCC(CC)NC(=O)c1cnn(c1NS(=O)(=O)c2ccc(C)cc2)c3ccccc3,61.833333333333336,AAA{AA}DA{~B}aradd{arDE{~B}{~B}asaaa{A}aas}ataaaaat
CHEMBL1605684,3.2,CC(=O)C1=CN(Cc2ccccc2)C(=O)N(Cc3ccc(F)cc3)C1=O,21.66666666666666,AA{~B}Ar~AD{Aasaaaaas}A{~B}D{Aataaa{G}aat}Ar~B
CHEMBL2178371,1.3,Cc1nc(C)c(nc1C(=O)N)c2ccc(cc2)C34CCC(CC3)(CC4)C(=O)O,53.333333333333336,Aarda{A}a{darA{~B}D}asaaa{aas}AtuAAA{AAt}{AAu}A{~B}B
CHEMBL1458025,2.7,Cc1sc2ncnc(SCC(=O)N3CCN(CC3)C(=O)c4occc4)c2c1C,29.999999999999996,Aarsasdada{EAA{~B}DtAAD{AAt}A{~B}aubaaau}asarA
CHEMBL2171027,0.66,OC(=O)CCCS(=O)(=O)c1cccc(c1)C(=O)N2CCC(CC2)N3CCC(CC3)Oc4ccc(Cl)c(Cl)c4,64.0,BA{~B}AAAE{~B}{~B}araaaa{ar}A{~B}DsAAA{AAs}DtAAA{AAt}Bauaaa{Z}a{Z}au
CHEMBL100391,2.25,CN(C)CC(O)COc1ccc(Nc2ncc(Cl)c(Nc3ccccc3)n2)cc1,37.5,AD{A}AA{B}ABaraaa{Dasdaa{Z}a{Dataaaaat}ds}aar
CHEMBL284954,2.79,CCOC(=O)[C@H](Cc1ccc(cc1)[N+](=O)[O-])NC(=O)c2ccccc2,28.5,AABA{~B}{A*H}{Aaraaa{aar}{DP}{~B}{BM}}DA{~B}asaaaaas
CHEMBL92484,1.57,CCc1cccc(c1)N(C)C(=N)Nc2cccc3ccccc23,48.833333333333336,AAaraaaa{ar}D{A}A{~D}Dasaaaataaaaast
CHEMBL264026,2.0,CC[S+]([O-])c1ncccc1C2(O)CCN(CC34CC(c5ccccc35)c6ccccc46)CC2,41.666666666666664,AA{EP}{{BM}}ardaaaarAs{B}AAD{AAtuAA{avaaaaatv}awaaaaauw}AAs
CHEMBL1499,1.4,C[C@]12CCC(=O)C=C1CC[C@H]3[C@@H]4CC[C@](O)(C(=O)CO)[C@@]4(C)CC(=O)[C@H]23,51.666666666666664,A{A*}rsAAA{~B}A~ArAA{A*H}t{A**H}uAA{A*}{B}{A{~B}AB}{A**}u{A}AA{~B}{A*H}st
CHEMBL393501,3.8,CN1C(=O)C=C(CCc2cccc(c2)c3ccccc3)N=C1N,11.66666666666667,ADrA{~B}A~A{AAasaaaa{as}ataaaaat}D~ArD
CHEMBL1222443,2.07,CC1=CC2=NNC(=O)N2c3cc(ccc13)c4occc4,40.50000000000001,AAr~AAs~DDA{~B}Dsataa{aaart}aubaaau
CHEMBL2335904,3.2,C[C@@H](NC1=CC(=O)CC1)c2ccc(Nc3ncc4cc(ccc4n3)c5ccncc5)cc2,21.66666666666666,A{A**H}{DAr~AA{~B}AAr}asaaa{Datdaauaa{aaaudt}avaadaav}aas
CHEMBL2153173,3.24,CCCSc1ncccc1C(=O)NC2CCCCC2,20.999999999999996,AAAEardaaaarA{~B}DAsAAAAAs
CHEMBL1916283,1.2,C[C@@H](NC(=O)c1c(C)nn(c1NS(=O)(=O)c2ccc(C)cc2)c3ccccc3)C(C)(C)C,55.0,A{A**H}{DA{~B}ara{A}dd{arDE{~B}{~B}asaaa{A}aas}ataaaaat}A{A}{A}A
CHEMBL184271,3.19,COc1cc2ncnc(Nc3cc(NC(=O)c4ccnc(c4)N5CCOCC5)ccc3C)c2cc1OCCN6CCOCC6,21.833333333333332,ABaraasdada{Dataa{DA{~B}auaada{au}DvAABAAv}aaatA}asaarBAADwAABAAw
CHEMBL2164744,0.77,COc1ccc2N=CC(=O)N(CCN3CC[C@H](NCc4cc5OCCOc5cn4)[C@H](O)C3)c2c1,62.166666666666664,ABaraaasD~AA{~B}D{AADtAA{A*H}{DAauaavBAABavadu}{A*H}{B}At}asar
CHEMBL1940279,3.88,O[C@]1(CN2CCC1CC2)C#Cc3ccc(Oc4ccc(cc4)C(=O)NCc5ccnc6ccccc56)cc3,10.333333333333336,B{A*}r{ADsAAArAAs}A^Aataaa{Bauaaa{aau}A{~B}DAavaadawaaaaavw}aat
CHEMBL631,1.72,CCCNCC(O)COc1ccccc1C(=O)CCc2ccccc2,46.333333333333336,AAADAA{B}ABaraaaaarA{~B}AAasaaaaas
CHEMBL1303766,-0.2,CCN(CC)c1ccc2C=C(C(=O)O)C(=O)Oc2c1,78.33333333333333,AAD{AA}araaasA~A{A{~B}B}A{~B}Basar
CHEMBL2036782,2.21,CC(C)N1CCN[C@H](C1)C(=O)N2CCN(CC2)C(=O)Nc3ccc(Cl)c(Cl)c3,38.166666666666664,AA{A}DrAAD{A*H}{Ar}A{~B}DsAAD{AAs}A{~B}Dataaa{Z}a{Z}at
CHEMBL20210,2.8,CCOC(=O)\C=C\[C@H](C[C@@H]1CCNC1=O)NC(=O)[C@@H](CC(=O)[C@@H](NC(=O)c2cc(C)on2)C(C)C)Cc3ccc(F)cc3,28.33333333333334,AABA{~B}RA~AR{A*H}{A{A**H}rAADAr~B}DA{~B}{A**H}{AA{~B}{A**H}{DA{~B}asaa{A}bds}A{A}A}Aataaa{G}aat
CHEMBL2336331,3.75,C[C@@H]1CN(C[C@H](C)O1)c2nc(N3CCOC[C@@H]3C)c4ccc(nc4n2)c5ccccc5,12.5,A{A**H}rAD{A{A*H}{A}Br}asda{DtAABA{A**H}tA}auaaa{dauds}avaaaaav
CHEMBL277474,0.11,CN1N(C(=O)C=C1C)c2ccccc2,73.16666666666666,ADrD{A{~B}A~ArA}asaaaaas
CHEMBL2179668,-1.03,CC1=CN([C@H]2CCCN(Cc3ccc(C(=O)O)c(Oc4cccc(F)c4)c3)C2)C(=O)NC1=O,92.16666666666667,AAr~AD{{A*H}sAAAD{Aataaa{A{~B}B}a{Bauaaaa{G}au}at}As}A{~B}DAr~B
CHEMBL1349,-1.3,CC(C)[C@H](N)C(=O)OCCOCn1cnc2C(=O)N=C(N)Nc12,96.66666666666667,AA{A}{A*H}{D}A{~B}BAABAdradasA{~B}D~A{D}Dars
CHEMBL1949685,1.65,CN[C@@H](C)C(=O)N[C@@H](C1CCCCC1)C(=O)N[C@H]2CCCN(CCc3ccccc3)C2,47.5,AD{A**H}{A}A{~B}D{A**H}{ArAAAAAr}A{~B}D{A*H}sAAAD{AAataaaaat}As
CHEMBL2011908,2.88,CNc1c(Br)cnc2[nH]c(nc12)c3ccc(cc3)S(=O)(=O)C,27.0,ADara{X}adas{dH}a{dars}ataaa{aat}E{~B}{~B}A
CHEMBL392559,1.45,Clc1ccc(CN2C[C@@H]3C[C@H]2CN3)cc1C(=O)NCC45CC6CC(CC(C6)C4)C5,50.833333333333336,Zaraaa{ADsA{A**H}tA{A*H}sADt}aarA{~B}DAAuvAAwAA{AA{Aw}Au}Av
CHEMBL760,1.86,Clc1ccc2N=C3NC(=O)CN3Cc2c1Cl,43.99999999999999,ZaraaasD~AtDA{~B}ADtAasarZ
CHEMBL2158834,1.71,OC(=O)c1cccnc1N2CCC(CN3CCC(CC3)Oc4ccc(Cl)c(Cl)c4)CC2,46.5,BA{~B}araaadarDsAAA{ADtAAA{AAt}Bauaaa{Z}a{Z}au}AAs
CHEMBL1385161,-0.2,CC(=O)Nc1nc(N)n(n1)c2ccccc2,78.33333333333333,AA{~B}Darda{D}d{dr}asaaaaas
CHEMBL452861,0.99,CC(C)NC[C@H](O)COc1cccc2ccccc12,58.5,AA{A}DA{A*H}{B}ABaraaaasaaaaars
CHEMBL324343,1.14,CC(C)C(NC(=O)CN1C(=O)C(=CC=C1c2ccccc2)NC(=O)Cc3ccccc3C(=O)O)C(=O)C(F)(F)F,56.00000000000001,AA{A}A{DA{~B}ADrA{~B}A{~AA~Arasaaaaas}DA{~B}AataaaaatA{~B}B}A{~B}A{G}{G}G
CHEMBL379350,2.0,CCN(CC)c1ccc2C=C(C(=O)C)C(=O)Oc2c1,41.666666666666664,AAD{AA}araaasA~A{A{~B}A}A{~B}Basar
CHEMBL1468936,3.8,CCOC(=O)c1c(nc2cc(C)ccn12)c3ccccc3,11.66666666666667,AABA{~B}ara{dasaa{A}aadrs}ataaaaat
CHEMBL1778627,-0.81,CN(c1ccc(cc1)c2cc(ccc2OCC(=O)O)C(F)(F)F)S(=O)(=O)C,88.5,AD{araaa{aar}asaa{aaasBAA{~B}B}A{G}{G}G}E{~B}{~B}A
CHEMBL1762521,3.47,CN(c1ccccc1)c2ccnc(Nc3cc(cc(c3)N4CCOCC4)N5CCOCC5)n2,17.166666666666664,AD{araaaaar}asaada{Dataa{aa{at}DuAABAAu}DvAABAAv}ds
CHEMBL2170985,0.9,Nc1ncnc2c1ncn2[C@@H]3O[C@H](CSCCCNC(=O)NCc4ccccc4)[C@@H](O)[C@H]3O,60.0,Dardadasardads{A**H}tB{A*H}{AEAAADA{~B}DAauaaaaau}{A**H}{B}{A*H}tB
CHEMBL91428,3.9,COc1cc2ncnc(Nc3cc4ccccc4cn3)c2cc1OC,10.000000000000002,ABaraasdada{Dataauaaaaauadt}asaarBA
CHEMBL567175,2.7,Oc1ccc2C[C@H]3N(CC4CC4)CC[C@@]56[C@@H](Oc1c25)c7[nH]c8ccccc8c7C[C@@]36O,29.999999999999996,BaraaasA{A*H}tD{AAuAAu}AA{A**}vw{A**H}{Barasv}ax{dH}ayaaaaayaxA{A**}twB
CHEMBL1916083,-0.54,CNC(=O)c1cnn(c1NS(=O)(=O)c2ccc(C)cc2)c3ccccc3,84.0,ADA{~B}aradd{arDE{~B}{~B}asaaa{A}aas}ataaaaat
CHEMBL2335865,3.56,COCCNC(=O)c1ccc(Nc2ncc3cc(ccc3n2)c4ccnc(C)c4)cc1,15.666666666666666,ABAADA{~B}araaa{Dasdaataa{aaatds}auaada{A}au}aar
CHEMBL384536,2.04,CC(C)CN1C(=O)N(C)C(=O)c2c1sc(Cc3c[nH]c4ncccc34)c2C(=O)N5C[C@H](O)CO5,41.0,AA{A}ADrA{~B}D{A}A{~B}asarsa{Aata{dH}audaaaatu}asA{~B}DvA{A*H}{B}ABv
CHEMBL313907,1.25,O=S(=O)(Nc1nc(nn1Cc2ccccc2)c3ccccc3)c4ccccc4,54.166666666666664,B~E{~B}{Darda{ddrAasaaaaas}ataaaaat}auaaaaau
CHEMBL2059910,1.58,CNC(=O)Nc1nc2ccc(cn2n1)c3cncc(c3)S(=O)(=O)NC(C)(C)C,48.666666666666664,ADA{~B}Dardasaaa{adsdr}atadaa{at}E{~B}{~B}DA{A}{A}A
CHEMBL1809062,3.2,COc1cc(ccc1Nc2ncc(Cl)c(n2)c3cnc4ccccn34)N5CCN(CCO)CC5,21.66666666666666,ABaraa{aaarDasdaa{Z}a{ds}atadauaaaadtu}DvAAD{AAB}AAv
CHEMBL2035039,1.6,NC1(CCC1)c2ccc(cc2)N3C(=O)c4ccccc4N=C3c5ccccc5,48.333333333333336,DAr{AAAr}asaaa{aas}DtA{~B}auaaaaauD~Atavaaaaav
CHEMBL1824040,0.37,CC(=O)c1ccc2OCC(=O)N(CCN3CCC(CC3)NCc4ccc5OCC(=O)Nc5n4)c2c1,68.83333333333333,AA{~B}araaasBAA{~B}D{AADtAAA{AAt}DAauaaavBAA{~B}Davdu}asar
CHEMBL569,0.0,CCN(CC)CCOC(=O)c1ccc(N)cc1,75.0,AAD{AA}AABA{~B}araaa{D}aar
CHEMBL515839,2.82,CC(C)n1c(C)ncc1c2ccnc(Nc3ccc(cc3)S(=O)(=O)CC4CCCO4)n2,28.000000000000004,AA{A}dra{A}daarasaada{Dataaa{aat}E{~B}{~B}AAuAAABu}ds
CHEMBL2207655,2.54,CC1(O)CN(C1)S(=O)(=O)c2ccc3C(=CNC(=O)c3c2)C(=O)NC[C@@H](O)CN4CCC(CC4)Oc5ccc(Cl)c(Cl)c5,32.666666666666664,AAr{B}AD{Ar}E{~B}{~B}asaaatA{~ADA{~B}atas}A{~B}DA{A**H}{B}ADuAAA{AAu}Bavaaa{Z}a{Z}av
CHEMBL789,0.97,NC(Cc1cc(I)c(Oc2ccc(O)c(I)c2)c(I)c1)C(=O)O,58.833333333333336,DA{Aaraa{H}a{Basaaa{B}a{H}as}a{H}ar}A{~B}B
CHEMBL51931,2.6,O=C1C(=O)c2ccccc2c3ccccc13,31.666666666666668,B~ArA{~B}asaaaaasataaaaart
CHEMBL235789,1.84,Clc1ccc(CN2CCNCC2)cc1C(=O)NCC34CC5CC(CC(C5)C3)C4,44.333333333333336,Zaraaa{ADsAADAAs}aarA{~B}DAAtuAAvAA{AA{Av}At}Au
CHEMBL443684,0.64,CC1(C)CCC(=C(CN2CCN(CC2)c3ccc(cc3)C(=O)NS(=O)(=O)c4ccc(N[C@H](CCN5CCOCC5)CSc6ccccc6)c(c4)S(=O)(=O)C(F)(F)F)C1)c7ccc(Cl)cc7,64.33333333333333,AAr{A}AAA{~A{ADsAAD{AAs}ataaa{aat}A{~B}DE{~B}{~B}auaaa{D{A*H}{AADvAABAAv}AEawaaaaaw}a{au}E{~B}{~B}A{G}{G}G}Ar}axaaa{Z}aax
CHEMBL273235,2.4,Fc1ccc(cc1)n2cc(C3CCNCC3)c4cc(Cl)ccc24,35.0,Garaaa{aar}dsaa{AtAADAAt}auaa{Z}aaasu
CHEMBL1270671,3.52,CS(=O)(=O)c1cccc(Nc2nccc(Nc3cccc4ccoc34)n2)c1,16.333333333333332,AE{~B}{~B}araaaa{Dasdaaa{Dataaaauaabatu}ds}ar
CHEMBL2152906,4.4,CCN1C=C(C=C(C)C1=O)[C@@]2(N=C(N)c3c(F)cccc23)c4cccc(c4)c5cc(ccn5)C#CC,1.6666666666666607,AADrA~A{A~A{A}Ar~B}{A**}s{D~A{D}ata{G}aaaast}auaaaa{au}avaa{aadv}A^AA
CHEMBL11336,1.82,COC(=O)NC1=CN=C(N(CC(=O)NC(C(C)C)C(=O)C(F)(F)F)C1=O)c2ccc(F)cc2,44.666666666666664,ABA{~B}DAr~AD~A{D{AA{~B}DA{A{A}A}A{~B}A{G}{G}G}Ar~B}asaaa{G}aas
CHEMBL2315158,1.9,CCCCNc1nc(N)c2NC(=O)N(Cc3ccc(OCCN(C)C)nc3)c2n1,43.333333333333336,AAAADarda{D}asDA{~B}D{Aataaa{BAAD{A}A}dat}asdr
CHEMBL1762,-0.15,CC(N)C(=O)Nc1c(C)cccc1C,77.50000000000001,AA{D}A{~B}Dara{A}aaaarA
CHEMBL550777,1.19,NC1CCN(CC1)c2nccc(C(=O)NCC34CC5CC(CC(C5)C3)C4)c2Cl,55.166666666666664,DArAAD{AAr}asdaaa{A{~B}DAAtuAAvAA{AA{Av}At}Au}asZ
CHEMBL1163879,2.92,COc1ccc(cc1)C(=O)N2CCC(CC2)C(=O)c3ccc(F)cc3,26.333333333333332,ABaraaa{aar}A{~B}DsAAA{AAs}A{~B}ataaa{G}aat
CHEMBL554169,1.02,Cc1ccc(OC(=O)N2CCN3CCC2CC3)cc1,58.0,Aaraaa{BA{~B}DsAADtAAAsAAt}aar
CHEMBL2062564,3.44,CC(=O)Nc1ccc2cnn(c3cc(NC4CC4)n5ncc(C#N)c5n3)c2c1,17.666666666666668,AA{~B}Daraaasadd{ataa{DAuAAu}dvdaa{A^D}avdt}asar
CHEMBL561339,0.77,CCN(CC)C(=O)c1ccc(C2=CC3(CCNCC3)Oc4ccccc24)c(O)c1,62.166666666666664,AAD{AA}A{~B}araaa{As~AAt{AADAAt}Bauaaaaasu}a{B}ar
CHEMBL1682810,3.8,CN1CCOc2nc(ccc12)C#Cc3ccccc3,11.66666666666667,ADrAABasda{aaars}A^Aataaaaat
CHEMBL1536083,4.03,CCOC(=O)CN(c1ccccc1C)S(=O)(=O)c2ccc(Cl)cc2,7.833333333333329,AABA{~B}AD{araaaaarA}E{~B}{~B}asaaa{Z}aas
CHEMBL1950730,1.32,CN[C@@H](C)C(=O)N[C@@H](C1CCCCC1)C(=O)N[C@H]2CCCN(C2)C(=O)Cc3ccccc3,53.0,AD{A**H}{A}A{~B}D{A**H}{ArAAAAAr}A{~B}D{A*H}sAAAD{As}A{~B}Aataaaaat
CHEMBL60066,1.38,[O-][n+]1cc(ccc1Cl)C(=O)Nc2ccc(F)cc2,52.0,{BM}{dP}raa{aaarZ}A{~B}Dasaaa{G}aas
CHEMBL1927039,3.01,N#Cc1ccc(Nc2nccc(NC3CC3)n2)cc1,24.83333333333334,D^Aaraaa{Dasdaaa{DAtAAt}ds}aar
CHEMBL403813,1.22,Nc1ccccc1NC(=O)c2ccc(cc2)c3ncc(CN4CCC4)cc3C#N,54.666666666666664,DaraaaaarDA{~B}asaaa{aas}atdaa{ADuAAAu}aatA^D
CHEMBL2086688,2.3,C[C@@H]1CN(CCN1c2ncc(OCc3ccncc3C#N)cn2)C(=O)OCC(F)F,36.66666666666667,A{A**H}rAD{AADrasdaa{BAataadaatA^D}ads}A{~B}BAA{G}G
CHEMBL430507,2.4,CN(C)CC(O)COc1ccc(Nc2nccc(n2)N(CC#N)c3cc(Cl)ccc3Cl)cc1,35.0,AD{A}AA{B}ABaraaa{Dasdaaa{ds}D{AA^D}ataa{Z}aaatZ}aar
CHEMBL1762536,3.8,CN(c1ccnc(Nc2cc(cc(c2)N3CCOCC3)N4CCCC4)n1)c5cc(CO)ccc5C,11.66666666666667,AD{araada{Dasaa{aa{as}DtAABAAt}DuAAAAu}dr}avaa{AB}aaavA
CHEMBL87277,3.97,Cn1nc(cc1NC(=O)Nc2ccc(Cl)cc2)C(C)(C)C,8.83333333333333,Adrda{aarDA{~B}Dasaaa{Z}aas}A{A}{A}A
CHEMBL878,1.64,CC1Nc2cc(Cl)c(cc2C(=O)N1c3ccccc3C)S(=O)(=O)N,47.66666666666668,AArDasaa{Z}a{aasA{~B}DrataaaaatA}E{~B}{~B}D
CHEMBL499864,2.94,Cn1cnc(c2ccccc2)c1C#Cc3ccnc(N)n3,26.0,Adrada{asaaaaas}arA^Aataada{D}dt
CHEMBL1610495,3.1,CNC(=O)c1cc(C(=O)c2ccc(Cl)cc2)c(Br)[nH]1,23.333333333333332,ADA{~B}araa{A{~B}asaaa{Z}aas}a{X}{dH}r
CHEMBL2325622,1.0,CN1CC(C1)n2nccc2c3cc(Cl)ccc3Oc4cc(F)c(cc4F)S(=O)(=O)Nc5ncns5,58.333333333333336,ADrAA{Ar}dsdaaasataa{Z}aaatBauaa{G}a{aauG}E{~B}{~B}Davdadsv
CHEMBL1081627,4.1,Oc1ccc(Nc2nc(cs2)c3ccc(cc3)C#N)cc1,6.666666666666672,Baraaa{Dasda{ass}ataaa{aat}A^D}aar
CHEMBL198497,2.09,CCN(C1CCN(CCC(c2ccccc2)c3ccc(NC(=O)C)cc3)CC1)C(=O)Cc4ccc(cc4)S(=O)(=O)C,40.166666666666664,AAD{ArAAD{AAA{asaaaaas}ataaa{DA{~B}A}aat}AAr}A{~B}Aauaaa{aau}E{~B}{~B}A
CHEMBL453261,2.74,Cc1ccc(cc1)S(=O)(=O)c2ccccc2,29.33333333333333,Aaraaa{aar}E{~B}{~B}asaaaaas
CHEMBL2325987,2.4,CC(NC(=O)C1(N)CCN(CC1)c2ncnc3[nH]ccc23)c4ccc(F)cc4,35.0,AA{DA{~B}Ar{D}AAD{AAr}asdadat{dH}aaast}auaaa{G}aau
CHEMBL518760,2.52,COc1cc2ncc(C(=O)N)c(Nc3ccc(F)cc3F)c2cc1NCCN4CCCCC4,33.0,ABaraasdaa{A{~B}D}a{Dataaa{G}aatG}asaarDAADuAAAAAu
CHEMBL1917444,1.01,COc1ccc(Sc2c(C)n(CC(=O)O)c3ccc(C)cc23)cc1,58.166666666666664,ABaraaa{Easa{A}d{AA{~B}B}ataaa{A}aast}aar
CHEMBL1916281,1.21,CC(NC(=O)c1c(C)nn(c1NS(=O)(=O)c2ccc(C)cc2)c3ccccc3)C(C)(C)C,54.833333333333336,AA{DA{~B}ara{A}dd{arDE{~B}{~B}asaaa{A}aas}ataaaaat}A{A}{A}A
CHEMBL1917418,2.18,Cc1ccc2c(c1)c(Sc3ccc(Cl)cc3)c(C)n2CC(=O)O,38.666666666666664,Aaraaasa{ar}a{Eataaa{Z}aat}a{A}dsAA{~B}B
CHEMBL556667,3.4,Clc1cccc(NC(=O)c2ccccn2)c1,18.333333333333336,Zaraaaa{DA{~B}asaaaads}ar
CHEMBL1481,1.73,CCC1=C(C)CN(C(=O)NCCc2ccc(cc2)S(=O)(=O)NC(=O)N[C@@H]3CC[C@@H](C)CC3)C1=O,46.166666666666664,AAAr~A{A}AD{A{~B}DAAasaaa{aas}E{~B}{~B}DA{~B}D{A**H}tAA{A**H}{A}AAt}Ar~B
CHEMBL1938681,3.0,Clc1ccc(cc1)c2oc(cc2)C(=O)N(Cc3ccccn3)c4ccc(cc4)N5CCNCC5,25.0,Zaraaa{aar}asba{aas}A{~B}D{Aataaaadt}auaaa{aau}DvAADAAv
CHEMBL559696,2.18,O=C1NC=Nc2scc(c3cccs3)c12,38.666666666666664,B~ArDA~Dassaa{ataaast}ars
CHEMBL2087853,4.02,CC(C)N1C(=O)N(CC2CC2)c3nn(Cc4ccnc5ccc(Cl)cc45)c(c6cncn6C)c3C1=O,8.000000000000007,AA{A}DrA{~B}D{AAsAAs}atdd{Aauaadavaaa{Z}aauv}a{awadadwA}atAr~B
CHEMBL567,3.6,OCCN1CCN(CCCN2c3ccccc3Sc4ccc(Cl)cc24)CC1,14.999999999999998,BAADrAAD{AAADsataaaaatEauaaa{Z}aasu}AAr
CHEMBL2071095,1.4,O=C(NC1(CC1)C#N)[C@@H]2CCCC[C@H]2C(=O)N3CCN(CC3)c4nc5ncccc5s4,51.666666666666664,B~A{DAr{AAr}A^D}{A**H}sAAAA{A*H}sA{~B}DtAAD{AAt}audavdaaaavsu
CHEMBL256711,2.3,Nc1ccccc1NC(=O)c2ccc(cc2)c3nccs3,36.66666666666667,DaraaaaarDA{~B}asaaa{aas}atdaast
CHEMBL1682830,3.7,CCN1CCOc2cc(COc3ccccc3)cnc12,13.33333333333333,AADrAABasaa{ABataaaaat}adars
CHEMBL1649771,1.39,Nc1ncc([nH]1)c2ccc(F)cc2,51.83333333333334,Dardaa{{dH}r}asaaa{G}aas
CHEMBL402553,2.87,Clc1cc(Nc2ncnc3[nH]nc(OCCN4CCCC4)c23)ccc1OCc5ccccn5,27.166666666666668,Zaraa{Dasdadat{dH}da{BAADuAAAAu}ast}aaarBAavaaaadv
CHEMBL1645105,3.2,COc1ccc(cn1)c2ccc3nc(N)sc3c2,21.66666666666666,ABaraaa{adr}asaaatda{D}satas
CHEMBL2023704,2.08,COc1ccc(cc1)c2ccnc(N)n2,40.333333333333336,ABaraaa{aar}asaada{D}ds
CHEMBL2164682,2.66,O=C(NC1(CC1)C#N)[C@@H]2CCCC[C@H]2C(=O)N3CCc4[nH]c5ccccc5c4C3,30.666666666666668,B~A{DAr{AAr}A^D}{A**H}sAAAA{A*H}sA{~B}DtAAau{dH}avaaaaavauAt
CHEMBL1734492,3.3,NC(=O)NC(=O)C(Nc1ccc2CCCc2c1)c3ccccc3,20.000000000000004,DA{~B}DA{~B}A{DaraaasAAAasar}ataaaaat
CHEMBL1683038,2.35,COc1cc2nnc(C(=O)N)c(Nc3cccc(Cl)c3F)c2cc1N4CCN(C)CC4,35.833333333333336,ABaraasdda{A{~B}D}a{Dataaaa{Z}atG}asaarDuAAD{A}AAu
CHEMBL2030443,1.0,CS(=O)(=O)Cc1cc(nc(n1)c2cccc(CO)c2)N3CCOCC3,58.333333333333336,AE{~B}{~B}Aaraa{da{dr}asaaaa{AB}as}DtAABAAt
CHEMBL213495,0.52,Cc1ccc2c(c1)c(c(C)n2CC(=O)O)c3ccnc4c(cccc34)C#N,66.33333333333333,Aaraaasa{ar}a{a{A}dsAA{~B}B}ataadaua{aaaatu}A^D
CHEMBL1483,3.24,CCCSc1ccc2nc(NC(=O)OC)[nH]c2c1,20.999999999999996,AAAEaraaasda{DA{~B}BA}{dH}asar
CHEMBL565755,2.4,CCOc1ccc2nc(N)sc2c1,35.0,AABaraaasda{D}sasar
CHEMBL1644358,2.78,N(c1ccccc1)c2ccnc3ccccc23,28.66666666666667,D{araaaaar}asaadataaaaast
CHEMBL284237,1.6,C[C@]12N[C@H](Cc3ccccc13)c4ccccc24,48.333333333333336,A{A*}rsD{A*H}{Aataaaaart}auaaaaasu
CHEMBL79537,1.93,COc1cc(ccc1Cn2ccc3ccc(cc23)C(=O)NCC4CCCC4)C(=O)NS(=O)(=O)c5ccccc5,42.833333333333336,ABaraa{aaarAdsaaataaa{aast}A{~B}DAAuAAAAu}A{~B}DE{~B}{~B}avaaaaav
CHEMBL274642,2.55,NC1=NN(CC1)c2cccc(c2)C(F)(F)F,32.50000000000001,DAr~DD{AAr}asaaaa{as}A{G}{G}G
CHEMBL1807872,-0.03,O[C@@H](CNCCCOCCNCCc1cccc(Cl)c1)c2ccc(O)c3NC(=O)Sc23,75.5,B{A**H}{ADAAABAADAAaraaaa{Z}ar}asaaa{B}atDA{~B}East
CHEMBL2036737,2.96,CC(C)(C(=O)Nc1oc(nn1)C(=O)Nc2ccc(cc2)N3CCOCC3)c4ccc(Cl)cc4,25.666666666666668,AA{A}{A{~B}Darba{ddr}A{~B}Dasaaa{aas}DtAABAAt}auaaa{Z}aau
CHEMBL1347379,3.79,Cc1ccc(cc1)C(=O)N2CCC(CC2)C(=O)c3ccc(Cl)cc3,11.833333333333334,Aaraaa{aar}A{~B}DsAAA{AAs}A{~B}ataaa{Z}aat
CHEMBL72683,2.5,c1ccc(nc1)c2nc3ccccc3[nH]2,33.333333333333336,araaa{dar}asdataaaaat{dH}s
CHEMBL1946017,3.65,CCN(CC)C(=O)c1ccc(cc1)C(=C2CCN(Cc3ccc(F)cc3)CC2)c4cccnc4,14.16666666666667,AAD{AA}A{~B}araaa{aar}A{~AsAAD{Aataaa{G}aat}AAs}auaaadau
CHEMBL1083642,1.38,OC(=O)CO[C@H]1[C@@H](Cc2ccccc12)NC(=O)c3cc4sc(Cl)c(Cl)c4[nH]3,52.0,BA{~B}AB{A*H}r{A**H}{Aasaaaaars}DA{~B}ataausa{Z}a{Z}au{dH}t
CHEMBL2088259,3.5,COc1cc(CCc2cc(Nc3ccnc(NCc4ccccn4)n3)n[nH]2)cc(OC)c1,16.666666666666668,ABaraa{AAasaa{Dataada{DAauaaaadu}dt}d{dH}s}aa{BA}ar
CHEMBL202314,-0.04,[O-][N+](=O)c1cc(ccc1NCCSc2ccccc2)S(=O)(=O)NC(=O)c3ccc(cc3)N4CCNCC4,75.66666666666667,{BM}{DP}{~B}araa{aaarDAAEasaaaaas}E{~B}{~B}DA{~B}ataaa{aat}DuAADAAu
CHEMBL2152074,1.54,Nc1cc(nc2ccc(Nc3cc(nc(N)n3)c4ccc(cc4)C(F)(F)F)cc12)c5ccc(F)cc5,49.333333333333336,Daraa{dasaaa{Dataa{da{D}dt}auaaa{aau}A{G}{G}G}aars}avaaa{G}aav
CHEMBL499520,3.19,Fc1cnc(NC(=O)[C@H](CC2CCOCC2)c3ccc(cc3)S(=O)(=O)C4CC4)s1,21.833333333333332,Garada{DA{~B}{A*H}{AAsAABAAs}ataaa{aat}E{~B}{~B}AuAAu}sr
CHEMBL1229059,1.28,NC(=N)SCc1ccc(Cl)c(Cl)c1,53.666666666666664,DA{~D}EAaraaa{Z}a{Z}ar
CHEMBL1444,1.7,N#Cc1ccc(cc1)C(c2ccc(cc2)C#N)n3cncn3,46.666666666666664,D^Aaraaa{aar}A{asaaa{aas}A^D}dtadadt
CHEMBL218713,3.6,Cc1ccc(COC(=O)N2CCC(CNc3ncccn3)CC2)cc1,14.999999999999998,Aaraaa{ABA{~B}DsAAA{ADatdaaadt}AAs}aar
CHEMBL205627,1.5,COC[C@H](C)Oc1cc(O[C@@H](C)Cc2ccccc2)cc(c1)C(=O)Nc3ccc(cn3)C(=O)O,50.0,ABA{A*H}{A}Baraa{B{A**H}{A}Aasaaaaas}aa{ar}A{~B}Dataaa{adt}A{~B}B
CHEMBL1871428,0.82,Oc1ncc(NCc2ccccc2)c(O)n1,61.333333333333336,Bardaa{DAasaaaaas}a{B}dr
CHEMBL1340633,1.8,COc1cc(ccc1Nc2ccccc2C(=O)O)c3ccc(Nc4ccccc4C(=O)O)c(OC)c3,45.0,ABaraa{aaarDasaaaaasA{~B}B}ataaa{DauaaaaauA{~B}B}a{BA}at
CHEMBL8953,3.38,COc1cc(cc(OC)c1OC)C(=O)c2cc(Cl)ccc2N,18.666666666666668,ABaraa{aa{BA}arBA}A{~B}asaa{Z}aaasD
CHEMBL257176,1.58,Nc1ccccc1NC(=O)c2ccc(cc2)c3ncccc3C#N,48.666666666666664,DaraaaaarDA{~B}asaaa{aas}atdaaaatA^D
CHEMBL95925,2.88,CN(C)CC1CCn2c(C1)c(C3=C(C(=O)NC3=O)c4cn(C)c5ccccc45)c6ccccc26,27.0,AD{A}AArAAdsa{Ar}a{At~A{A{~B}DAt~B}auad{A}avaaaaauv}awaaaaasw
CHEMBL1070,3.06,COc1ccc2cc(CCC(=O)C)ccc2c1,24.0,ABaraaasaa{AAA{~B}A}aaasar
CHEMBL2169908,2.67,C[C@@H]1CN(CCN1C(=O)[C@@H]2CCCC[C@H]2C(=O)NC3(CC3)C#N)c4ccc5c(C)noc5c4,30.5,A{A**H}rAD{AADrA{~B}{A**H}sAAAA{A*H}sA{~B}DAt{AAt}A^D}auaaava{A}dbavau
CHEMBL1950721,1.49,CN[C@@H](C)C(=O)N[C@@H](C1CCCCC1)C(=O)N[C@H]2CCN(Cc3ccccc3)C2,50.166666666666664,AD{A**H}{A}A{~B}D{A**H}{ArAAAAAr}A{~B}D{A*H}sAAD{Aataaaaat}As
CHEMBL333685,1.5,Oc1ccc(NC(=O)c2ccc(O)cc2)cc1,50.0,Baraaa{DA{~B}asaaa{B}aas}aar
CHEMBL33227,3.58,COC(=O)[C@H](Cc1ccc(cc1)[N+](=O)[O-])NC(=O)c2cccc3ccccc23,15.333333333333334,ABA{~B}{A*H}{Aaraaa{aar}{DP}{~B}{BM}}DA{~B}asaaaataaaaast
CHEMBL1706173,2.87,COc1cc(ccc1Nc2ncc3N(C)C(=O)CCN(C4CCCCC4)c3n2)C(=O)NC5CCN(C)CC5,27.166666666666668,ABaraa{aaarDasdaatD{A}A{~B}AAD{AuAAAAAu}atds}A{~B}DAvAAD{A}AAv
CHEMBL488084,2.39,CC(C)n1c(C)ncc1c2ccnc(Nc3ccc(cc3)C(=O)N)n2,35.166666666666664,AA{A}dra{A}daarasaada{Dataaa{aat}A{~B}D}ds
CHEMBL1535688,-0.84,Cc1ccc(OCC(=O)O)c(c1)n2nc3ccccc3n2,89.0,Aaraaa{BAA{~B}B}a{ar}dsdataaaaatds
CHEMBL1231206,3.6,C[C@@H]1CNc2c(sc3ccc4nc(ccc4c23)c5ccc(C)nc5)C(=O)N1,14.999999999999998,A{A**H}rADasa{sataaauda{aaauast}avaaa{A}dav}A{~B}Dr
CHEMBL1718949,3.7,CC1=C(Cc2ccccc2)C(=O)n3nc(NCc4ccc(Cl)cc4)nc3N1,13.33333333333333,AAr~A{Aasaaaaas}A{~B}dtda{DAauaaa{Z}aau}datDr
CHEMBL1824043,0.9,Fc1ccc2OCC(=O)N(CCN3CCC(CC3)NCc4ccc5OCC(=O)Nc5n4)c2c1,60.0,GaraaasBAA{~B}D{AADtAAA{AAt}DAauaaavBAA{~B}Davdu}asar
CHEMBL38688,3.2,N(c1ccccc1)c2ccccc2,21.66666666666666,D{araaaaar}asaaaaas
CHEMBL1770475,4.24,CSCCC(NC(=O)c1ccccc1)c2nc3ccccc3n2Cc4ccc(cc4)C#N,4.3333333333333295,AEAAA{DA{~B}araaaaar}asdataaaaatdsAauaaa{aau}A^D
CHEMBL2086684,3.33,C[C@@H]1CN(CCN1c2ncc(OCc3ccncc3C#N)cn2)C(=O)OC(C)(C)C,19.5,A{A**H}rAD{AADrasdaa{BAataadaatA^D}ads}A{~B}BA{A}{A}A
CHEMBL122617,2.5,Oc1cccc2ccccc12,33.333333333333336,Baraaaasaaaaars
CHEMBL1513816,3.14,CCN1CCN(CC1)C(=O)c2cc3cc(Cl)ccc3[nH]2,22.666666666666668,AADrAAD{AAr}A{~B}asaataa{Z}aaat{dH}s
CHEMBL2326624,1.61,COc1cccc2c1c(NS(=O)(=O)c3ccc(Cl)s3)nn2Cc4cccc(CNC(=O)[C@@H]5COCCN5)c4,48.16666666666666,ABaraaaasara{DE{~B}{~B}ataaa{Z}st}ddsAauaaaa{ADA{~B}{A**H}vABAADv}au
CHEMBL340450,1.66,COc1ccc2c(c1)cc(C(=O)O)n2Cc3ccc(Cl)c(Cl)c3,47.333333333333336,ABaraaasa{ar}aa{A{~B}B}dsAataaa{Z}a{Z}at
CHEMBL1223873,1.61,NC(=O)c1cccc(O[C@H]2C[C@H]3CC[C@@H](C2)N3Cc4ccccc4)c1,48.16666666666666,DA{~B}araaaa{B{A*H}sA{A*H}tAA{A**H}{As}DtAauaaaaau}ar
CHEMBL1242565,1.66,C[C@H](N)C(=O)N[C@@H](CCc1ccccc1)\C=C\S(=O)(=O)c2ccccc2,47.333333333333336,A{A*H}{D}A{~B}D{A**H}{AAaraaaaar}RA~ARE{~B}{~B}asaaaaas
CHEMBL2031168,0.07,CN1CCNc2nc(CCOc3ccc(C[C@H](NC(=O)c4c(Cl)cccc4Cl)C(=O)O)cc3)ccc12,73.83333333333333,ADrAADasda{AABataaa{A{A*H}{DA{~B}aua{Z}aaaauZ}A{~B}B}aat}aaars
CHEMBL1405928,3.22,C(Sc1nc2cccnc2[nH]1)c3ccccc3,21.333333333333332,A{Eardasaaadas{dH}r}ataaaaat
CHEMBL62136,4.5,OC(c1ccc(cc1)N(CC(F)(F)F)S(=O)(=O)c2ccccc2)(C(F)(F)F)C(F)(F)F,0.0,BA{araaa{aar}D{AA{G}{G}G}E{~B}{~B}asaaaaas}{A{G}{G}G}A{G}{G}G
CHEMBL1087399,2.26,C[C@H](Nc1nc(Nc2ncc(C#N)s2)cc(n1)N3CCOCC3)c4ncc(F)cn4,37.333333333333336,A{A*H}{Darda{Dasdaa{A^D}ss}aa{dr}DtAABAAt}audaa{G}adu
CHEMBL640,-0.92,CCN(CC)CCNC(=O)c1ccc(N)cc1,90.33333333333333,AAD{AA}AADA{~B}araaa{D}aar
CHEMBL373339,1.74,CC(C)Oc1cc(OCCc2ccsc2)cc(c1)C(=O)Nc3ccc(cn3)C(=O)O,46.0,AA{A}Baraa{BAAasaasas}aa{ar}A{~B}Dataaa{adt}A{~B}B
CHEMBL1995326,2.63,O=C(Nc1ccc(Nc2ccc(NC(=O)c3ccccc3)c4C(=O)c5ccccc5C(=O)c24)c6C(=O)c7ccccc7C(=O)c16)c8ccccc8,31.166666666666668,B~A{Daraaa{Dasaaa{DA{~B}ataaaaat}auA{~B}avaaaaavA{~B}asu}awA{~B}axaaaaaxA{~B}arw}ayaaaaay
CHEMBL184347,3.49,COc1ccc(cc1OC)C(=O)Nc2cc(NC(=O)c3cccc(c3)N(C)C)ccc2Br,16.83333333333333,ABaraaa{aarBA}A{~B}Dasaa{DA{~B}ataaaa{at}D{A}A}aaasX
CHEMBL441225,1.5,COc1ccccc1CN[C@H]2CCCN[C@H]2c3ccccc3,50.0,ABaraaaaarAD{A*H}sAAAD{A*H}sataaaaat
CHEMBL1258166,0.07,NC(=O)c1cccc(O[C@@H]2C[C@H]3CC[C@@H](C2)N3CC4CC4)c1,73.83333333333333,DA{~B}araaaa{B{A**H}sA{A*H}tAA{A**H}{As}DtAAuAAu}ar
CHEMBL113187,2.38,CC(C)C(NC(=O)CN1C(=O)C(=CC=C1c2ccccc2)NC(=O)OCc3cc(C)nc(C)c3)C(=O)C(F)(F)F,35.333333333333336,AA{A}A{DA{~B}ADrA{~B}A{~AA~Arasaaaaas}DA{~B}BAataa{A}da{A}at}A{~B}A{G}{G}G
CHEMBL73243,3.41,COCCCNS(=O)(=O)c1ccc(Nc2nccc(n2)c3cnc4ccccn34)cc1,18.166666666666664,ABAAADE{~B}{~B}araaa{Dasdaaa{ds}atadauaaaadtu}aar
CHEMBL211456,-1.15,CN[C@@H](C)[C@H](O)c1ccccc1,94.16666666666667,AD{A**H}{A}{A*H}{B}araaaaar
CHEMBL2163586,3.75,FC(F)(F)c1cccc2c3CN(CCc3[nH]c12)C(=O)[C@@H]4CCCC[C@H]4C(=O)NC5(CC5)C#N,12.5,GA{G}{G}araaaasatAD{AAat{dH}ars}A{~B}{A**H}uAAAA{A*H}uA{~B}DAv{AAv}A^D
CHEMBL2031164,0.6,OC(=O)[C@H](Cc1ccc(OCCNc2nc3ccccc3[nH]2)cc1)NC(=O)c4c(Cl)cccc4Cl,65.0,BA{~B}{A*H}{Aaraaa{BAADasdataaaaat{dH}s}aar}DA{~B}aua{Z}aaaauZ
CHEMBL406852,-0.58,COc1nc(N)nc2c1ncn2[C@@H]3O[C@H](CO)[C@@H](O)[C@H]3O,84.66666666666667,ABarda{D}dasardads{A**H}tB{A*H}{AB}{A**H}{B}{A*H}tB
CHEMBL1172928,1.69,C[C@@H]1NC(C)(C)CO[C@@]1(O)c2cccc(Cl)c2,46.833333333333336,A{A**H}rDA{A}{A}AB{A**}r{B}asaaaa{Z}as
CHEMBL1951893,2.67,CCN(C1CCN(CCC(N2CCN(CC2)c3ccccc3)c4ccccc4)CC1)C(=O)Cc5ccc(cc5)S(=O)(=O)C,30.5,AAD{ArAAD{AAA{DsAAD{AAs}ataaaaat}auaaaaau}AAr}A{~B}Aavaaa{aav}E{~B}{~B}A
CHEMBL2164675,-0.1,CN1CCN(CC1)C(=O)[C@@H]2CCCC[C@H]2C(=O)NCC#N,76.66666666666666,ADrAAD{AAr}A{~B}{A**H}sAAAA{A*H}sA{~B}DAA^D
CHEMBL2326686,1.33,Fc1ccc(cc1Cl)C2CNCC=CC2,52.833333333333336,Garaaa{aarZ}AsADAA~AAs
CHEMBL1209655,3.36,Clc1cc(Cl)cc(c1)S(=O)(=O)NCC(N2CCCCCC2)c3ccccc3,19.000000000000004,Zaraa{Z}aa{ar}E{~B}{~B}DAA{DsAAAAAAs}ataaaaat
CHEMBL2325707,1.9,CN1CCC(CC1)(c2cc(nc(n2)c3cccc4[nH]ccc34)N5CCOCC5)S(=O)(=O)C,43.333333333333336,ADrAAA{AAr}{asaa{da{ds}ataaaau{dH}aaatu}DvAABAAv}E{~B}{~B}A
CHEMBL188369,3.14,C[C@@H](NC(=O)c1cccnc1Oc2ccccc2)c3ccccc3,22.666666666666668,A{A**H}{DA{~B}araaadarBasaaaaas}ataaaaat
CHEMBL2331749,2.12,CC1=CN([C@H]2CCCN(C2)S(=O)(=O)c3ccc(O)c(Oc4ccc(Cl)cc4)c3)C(=O)NC1=O,39.666666666666664,AAr~AD{{A*H}sAAAD{As}E{~B}{~B}ataaa{B}a{Bauaaa{Z}aau}at}A{~B}DAr~B
CHEMBL1951916,1.93,CCN(C1CCN(CC[C@H](C2CCN(CC2)S(=O)(=O)C)c3cc(C)cc(C)c3)CC1)C(=O)Cc4ccc(cc4)S(=O)(=O)C,42.833333333333336,AAD{ArAAD{AA{A*H}{AsAAD{AAs}E{~B}{~B}A}ataa{A}aa{A}at}AAr}A{~B}Aauaaa{aau}E{~B}{~B}A
CHEMBL1950854,1.45,CN[C@@H](C)C(=O)N[C@H](C(=O)N[C@H]1CCCN(CCc2ccc(OC)cc2)C1)C(C)(C)C,50.833333333333336,AD{A**H}{A}A{~B}D{A*H}{A{~B}D{A*H}rAAAD{AAasaaa{BA}aas}Ar}A{A}{A}A
CHEMBL47406,0.92,COC(=O)COc1ccc(O)cc1,59.666666666666664,ABA{~B}ABaraaa{B}aar
CHEMBL403963,-0.4,C(=C\c1nn[nH]n1)/c2ccccc2,81.66666666666667,A{~ARardd{dH}dr}Lasaaaaas
CHEMBL669,2.83,CN(C)CCC=C1c2ccccc2C=Cc3ccccc13,27.833333333333332,AD{A}AAA~ArasaaaaasA~Aataaaaart
CHEMBL109244,1.26,Oc1ccc(CCNCCCCCCNC(=O)Nc2ccccc2)c3sc(O)nc13,54.0,Baraaa{AADAAAAAADA{~B}Dasaaaaas}atsa{B}dart
CHEMBL345937,-1.1,CC1SC2=C(C(=O)O)C(=O)c3cc(F)c(cc3N12)N4CCNCC4,93.33333333333333,AArEAs~A{A{~B}B}A{~B}ataa{G}a{aatDrs}DuAADAAu
CHEMBL2171040,0.89,COc1ccccc1S(=O)(=O)NC(=O)N2CCC(CC2)N3CCC(CC3)Oc4ccc(Cl)c(Cl)c4,60.166666666666664,ABaraaaaarE{~B}{~B}DA{~B}DsAAA{AAs}DtAAA{AAt}Bauaaa{Z}a{Z}au
CHEMBL2104888,2.8,O[C@H]([C@H](Cc1ccccc1)NC(=O)c2cc3cc(Cl)ccc3[nH]2)C(=O)N4C[C@@H](O)[C@@H](O)C4,28.33333333333334,B{A*H}{{A*H}{Aaraaaaar}DA{~B}asaataa{Z}aaat{dH}s}A{~B}DuA{A**H}{B}{A**H}{B}Au
CHEMBL1077827,1.4,CCOc1ccc(cc1)N2C(=O)c3cccnc3N=C2[C@@H](C)N(CC4CCN(C)CC4)C(=O)Cc5ccc(F)c(c5)C(F)(F)F,51.666666666666664,AABaraaa{aar}DsA{~B}ataaadatD~As{A**H}{A}D{AAuAAD{A}AAu}A{~B}Aavaaa{G}a{av}A{G}{G}G
CHEMBL300982,3.07,CC1(C)Cc2c(c3ccccc3)c(c(CC(=O)O)n2C1)c4ccc(Cl)cc4,23.83333333333334,AAr{A}Aasa{ataaaaat}a{a{AA{~B}B}dsAr}auaaa{Z}aau
CHEMBL219098,2.87,CC(C)CN1C(=O)N(C)C(=O)c2c1sc(Oc3cccc4ccccc34)c2C(=O)N5CC[C@@H](O)C5,27.166666666666668,AA{A}ADrA{~B}D{A}A{~B}asarsa{Bataaaauaaaaatu}asA{~B}DvAA{A**H}{B}Av
CHEMBL1824606,3.85,Fc1ccccc1COc2cc(OCCCN3CCCC3)ccc2C(=O)Nc4ccccc4,10.83333333333333,GaraaaaarABasaa{BAAADtAAAAt}aaasA{~B}Dauaaaaau
CHEMBL1218,2.57,CCC(=O)NCC[C@@H]1CCc2ccc3OCCc3c12,32.16666666666667,AAA{~B}DAA{A**H}rAAasaaatBAAatars
CHEMBL121,2.5,CN(CCOc1ccc(CC2SC(=O)NC2=O)cc1)c3ccccn3,33.333333333333336,AD{AABaraaa{AAsEA{~B}DAs~B}aar}ataaaadt
CHEMBL193200,2.54,Oc1ccc(CC(=O)c2ccc(O)cc2O)cc1,32.666666666666664,Baraaa{AA{~B}asaaa{B}aasB}aar
CHEMBL1433131,2.66,Clc1cccc(Cl)c1c2nnc3cccc(Cl)n23,30.666666666666668,Zaraaaa{Z}arasddataaaa{Z}dst
CHEMBL72,1.24,CNCCCN1c2ccccc2CCc3ccccc13,54.333333333333336,ADAAADrasaaaaasAAataaaaart
CHEMBL2179269,-0.3,C[C@@H](N1CCC[C@@H](C1)N2C=C(C)C(=O)NC2=O)c3ccc(C(=O)O)c(Oc4cccc(Cl)c4)c3,80.0,A{A**H}{DrAAA{A**H}{Ar}DsA~A{A}A{~B}DAs~B}ataaa{A{~B}B}a{Bauaaaa{Z}au}at
CHEMBL1945033,-0.07,O[C@@H](CNCCc1cccc(CNCCc2ccccn2)c1)c3ccc(O)c4NC(=O)Sc34,76.16666666666667,B{A**H}{ADAAaraaaa{ADAAasaaaads}ar}ataaa{B}auDA{~B}Eatu
CHEMBL147405,1.6,CC(=O)NC[C@H]1CN(C(=O)O1)c2ccc(c(F)c2)n3ccc(c3)C#N,48.333333333333336,AA{~B}DA{A*H}rAD{A{~B}Br}asaaa{a{G}as}dtaaa{at}A^D
CHEMBL2325713,2.6,CS(=O)(=O)C1(CC1)c2cc(nc(n2)c3ccccc3)N4CCOCC4,31.666666666666668,AE{~B}{~B}Ar{AAr}asaa{da{ds}ataaaaat}DuAABAAu
CHEMBL2164746,0.39,COc1ccc2N=CC(=O)N(CCN3CC[C@H](NCc4ccc5OCC(=O)Nc5n4)[C@H](O)C3)c2c1,68.50000000000001,ABaraaasD~AA{~B}D{AADtAA{A*H}{DAauaaavBAA{~B}Davdu}{A*H}{B}At}asar
CHEMBL1523918,1.14,Clc1ccc(cc1)S(=O)(=O)Nc2nnc(s2)c3ccccc3,56.00000000000001,Zaraaa{aar}E{~B}{~B}Dasdda{ss}ataaaaat
CHEMBL1529080,1.3,CN1SC(=O)c2cc(ccc12)S(=O)(=O)NC3CC3,53.333333333333336,ADrEA{~B}asaa{aaars}E{~B}{~B}DAtAAt
CHEMBL291666,3.1,COc1ccc(cc1OC)c2cc(NC(=O)Cc3ccc4ccccc4c3)[nH]n2,23.333333333333332,ABaraaa{aarBA}asaa{DA{~B}Aataaauaaaaauat}{dH}ds
CHEMBL2010849,1.8,CN([C@@H]1CCN(Cc2ccc(nc2)C(F)(F)F)C[C@@H]1F)C(=O)Cc3ccc(cc3)n4cnnn4,45.0,AD{{A**H}rAAD{Aasaaa{das}A{G}{G}G}A{A**H}rG}A{~B}Aataaa{aat}duadddu
CHEMBL611,0.9,COc1cc2nc(nc(N)c2cc1OC)N3CCN(CC3)C(=O)C4CCCO4,60.0,ABaraasda{da{D}asaarBA}DtAAD{AAt}A{~B}AuAAABu
CHEMBL2086692,2.6,C[C@@H]1CN(CCN1c2ncc(OCc3ccncc3C#N)cn2)c4noc(C)n4,31.666666666666668,A{A**H}rAD{AADrasdaa{BAataadaatA^D}ads}audba{A}du
CHEMBL81642,2.2,COc1cc(ccc1Cn2ccc3ccc(NC(=O)OC4CCCC4)cc23)C(=O)NS(=O)(=O)c5ccccc5,38.33333333333333,ABaraa{aaarAdsaaataaa{DA{~B}BAuAAAAu}aast}A{~B}DE{~B}{~B}avaaaaav
CHEMBL167059,2.1,CCCc1c(O)c(ccc1OCc2ccc(cc2)C(=O)O)C(=O)C,40.0,AAAara{B}a{aaarBAasaaa{aas}A{~B}B}A{~B}A
CHEMBL1329874,2.88,Clc1ccc(c(Cl)c1)c2nnc3cccc(Cl)n23,27.0,Zaraaa{a{Z}ar}asddataaaa{Z}dst
CHEMBL485618,2.44,CCn1c(C)ncc1c2ccnc(Nc3ccc(cc3)S(=O)(=O)NCCOC)n2,34.333333333333336,AAdra{A}daarasaada{Dataaa{aat}E{~B}{~B}DAABA}ds
CHEMBL98345,0.75,ONC(=O)c1ccc(NS(=O)(=O)c2ccccc2)cc1,62.5,BDA{~B}araaa{DE{~B}{~B}asaaaaas}aar
CHEMBL1088,1.6,CN1CCCCC1CCN2c3ccccc3Sc4ccc(cc24)[S+](C)[O-],48.333333333333336,ADrAAAAArAADsataaaaatEauaaa{aasu}{EP}{A}{BM}
CHEMBL168484,0.44,Nc1ccnc(n1)c2cccnc2,67.66666666666666,Daraada{dr}asaaadas
CHEMBL2178935,2.7,Cc1nc(C)c(nc1C(=O)N)c2ccc(cc2)[C@@H]3CC[C@@H](CC(=O)N)CC3,29.999999999999996,Aarda{A}a{darA{~B}D}asaaa{aas}{A**H}tAA{A**H}{AA{~B}D}AAt
CHEMBL1184126,1.9,Oc1c2C(=O)N(NC(=O)c2nc3cc(Cl)ccc13)C(C4CCCC4)c5ccccn5,43.333333333333336,BarasA{~B}D{DA{~B}asdataa{Z}aaart}A{AuAAAAu}avaaaadv
CHEMBL526098,2.42,Cc1cccc(NS(=O)(=O)c2ccc(cc2)c3ccc(cc3)C#N)n1,34.666666666666664,Aaraaaa{DE{~B}{~B}asaaa{aas}ataaa{aat}A^D}dr
CHEMBL601719,2.33,C[C@@H](Oc1cc(cnc1N)c2cnn(c2)C3CCNCC3)c4c(Cl)ccc(F)c4Cl,36.166666666666664,A{A**H}{Baraa{adarD}asadd{as}AtAADAAt}aua{Z}aaa{G}auZ
CHEMBL1784340,0.9,Cc1onc(C)c1CCC2CCN(CC2)S(=O)(=O)CC3(CCOCC3)N(O)C=O,60.0,Aarbda{A}arAAAsAAD{AAs}E{~B}{~B}AAt{AABAAt}D{B}A~B
CHEMBL130590,4.28,Cc1ccccc1C(=O)NCC23CC4CC(CC(C4)C2)C3,3.6666666666666625,AaraaaaarA{~B}DAAstAAuAA{AA{Au}As}At
CHEMBL1946616,1.98,CN1CCN(CC1)C(=O)c2ccc(cc2)C(=C3CCN(Cc4cscn4)CC3)c5cccc6cccnc56,42.0,ADrAAD{AAr}A{~B}asaaa{aas}A{~AtAAD{Aauasadu}AAt}avaaaawaaadavw
CHEMBL588001,0.79,CC1(C)N=C(N)N=C(N)N1c2ccc(Oc3ccc(Cl)cc3)c(Cl)c2,61.833333333333336,AAr{A}D~A{D}D~A{D}Drasaaa{Bataaa{Z}aat}a{Z}as
CHEMBL1459983,3.7,COc1ccc(cc1)n2cnc3cc(NS(=O)(=O)c4ccccc4)ccc23,13.33333333333333,ABaraaa{aar}dsadataa{DE{~B}{~B}auaaaaau}aaast
CHEMBL2158831,2.48,OC(=O)c1ccccc1CN2CCC(CN3CCC(CC3)Oc4ccc(Cl)c(Cl)c4)CC2,33.666666666666664,BA{~B}araaaaarADsAAA{ADtAAA{AAt}Bauaaa{Z}a{Z}au}AAs
CHEMBL2348651,3.2,CNc1nc(C)c(s1)c2nc(Nc3cccc(c3)N4CCCN(CC4)C(=O)C)ncc2C#N,21.66666666666666,ADarda{A}a{sr}asda{Dataaaa{at}DuAAAD{AAu}A{~B}A}daasA^D
CHEMBL1092926,1.86,Fc1cc(cc(F)c1CN2CCOCC2)c3cccc4ncc(nc34)c5cnn(c5)C6CCNCC6,43.99999999999999,Garaa{aa{G}arADsAABAAs}ataaaaudaa{datu}avadd{av}AwAADAAw
CHEMBL1829254,0.01,CCC(N(CCCN)C(=O)c1ccc(C)cc1)C2=Nc3ccsc3C(=O)N2Cc4cccnc4,74.83333333333333,AAA{D{AAAD}A{~B}araaa{A}aar}As~DataasatA{~B}DsAauaaadau
CHEMBL24850,0.4,OC(=O)c1cc2cc(OCc3ccccc3)ccc2[nH]1,68.33333333333333,BA{~B}araasaa{BAataaaaat}aaas{dH}r
CHEMBL2171023,1.73,OC(=O)c1ccccc1C(=O)N2CCC(CC2)N3CCC(CC3)Oc4ccc(Cl)c(Cl)c4,46.166666666666664,BA{~B}araaaaarA{~B}DsAAA{AAs}DtAAA{AAt}Bauaaa{Z}a{Z}au
CHEMBL2059867,2.97,Cc1ccc(cc1NC(=O)c2ccc(OCc3ccccn3)cc2)c4c[nH]c(C)n4,25.499999999999996,Aaraaa{aarDA{~B}asaaa{BAataaaadt}aas}aua{dH}a{A}du
CHEMBL1299863,3.78,CCc1c(C)nc(SCC(=O)Nc2nc(cs2)c3ccc(OC)cc3)nc1O,12.000000000000002,AAara{A}da{EAA{~B}Dasda{ass}ataaa{BA}aat}darB
CHEMBL2165054,0.63,CO[C@H]1CN(CCN2C(=O)C=Cc3ccc(cc23)C#N)CC[C@H]1NCc4cc5OCCOc5cn4,64.5,AB{A*H}rAD{AADsA{~B}A~Aataaa{aast}A^D}AA{A*H}rDAauaavBAABavadu
CHEMBL2017974,2.7,Nc1cc(c(cn1)c2cc(nc(n2)N3CCOCC3)N4CCOCC4)C(F)(F)F,29.999999999999996,Daraa{a{adr}asaa{da{ds}DtAABAAt}DuAABAAu}A{G}{G}G
CHEMBL2058529,3.22,OC(=O)CCc1ccc(OCc2cc(Cl)ccc2c3ccccc3)cc1,21.333333333333332,BA{~B}AAaraaa{BAasaa{Z}aaasataaaaat}aar
CHEMBL612012,0.8,COc1ccc2CC3C4C=CC(O)C5Oc1c2C45CCN3C,61.666666666666664,ABaraaasAAtAuA~AA{B}AvBarasAuvAADtA
CHEMBL488238,3.19,CNC(=O)c1cc(sc1NC(=O)N)c2ccccc2,21.833333333333332,ADA{~B}araa{sarDA{~B}D}asaaaaas
CHEMBL421236,3.6,C[C@H](NC(=O)Cc1cc(F)cc(F)c1)C(=O)NC2C(=O)N(C)c3ccccc3c4ccccc24,14.999999999999998,A{A*H}{DA{~B}Aaraa{G}aa{G}ar}A{~B}DAsA{~B}D{A}ataaaaatauaaaaasu
CHEMBL1645135,1.47,C[C@H](NC(=O)c1cccc2CCN(Cc3ccc(Cl)cc3)c12)c4ccc(cc4)C(=O)O,50.5,A{A*H}{DA{~B}araaaasAAD{Aataaa{Z}aat}ars}auaaa{aau}A{~B}B
CHEMBL1813048,4.4,CC(=O)Nc1cccc(Nc2ncnc(n2)N3CCC(CC3)OCc4ccc(OC(F)(F)F)cc4)c1C,1.6666666666666607,AA{~B}Daraaaa{Dasdada{ds}DtAAA{AAt}BAauaaa{BA{G}{G}G}aau}arA
CHEMBL336923,3.12,CC(O)(C(=O)Nc1ccc(cc1)S(=O)(=O)c2ccc(F)cc2)C(F)(F)F,23.0,AA{B}{A{~B}Daraaa{aar}E{~B}{~B}asaaa{G}aas}A{G}{G}G
CHEMBL850,-0.15,C[C@@H]1CN(C[C@H](C)N1)c2c(F)c(N)c3C(=O)C(=CN(C4CC4)c3c2F)C(=O)O,77.50000000000001,A{A**H}rAD{A{A*H}{A}Dr}asa{G}a{D}atA{~B}A{~AD{AuAAu}atasG}A{~B}B
CHEMBL1957266,3.82,Cc1sc2c(C(=N[C@@H](CC(=O)OC(C)(C)C)c3nnc(C)n23)c4ccc(Cl)cc4)c1C,11.333333333333336,Aarsasa{A{~D{A**H}{AA{~B}BA{A}{A}A}atdda{A}dst}auaaa{Z}aau}arA
CHEMBL372361,1.6,CSc1ccc(OCc2ccccc2)c(c1)C(=O)Nc3ccc(cn3)C(=O)O,48.333333333333336,AEaraaa{BAasaaaaas}a{ar}A{~B}Dataaa{adt}A{~B}B
CHEMBL47875,4.1,Oc1ccc(cc1)c2nc3ccccc3s2,6.666666666666672,Baraaa{aar}asdataaaaatss
CHEMBL1650737,2.85,COc1cc(Nc2nc(N[C@@H](C)c3ncc(F)cn3)nc(N4CCOCC4)c2Cl)n[nH]1,27.5,ABaraa{Dasda{D{A**H}{A}atdaa{G}adt}da{DuAABAAu}asZ}d{dH}r
CHEMBL1462105,1.87,Clc1cccc(NNC(=O)c2cccnc2Cl)c1,43.833333333333336,Zaraaaa{DDA{~B}asaaadasZ}ar
CHEMBL419763,4.13,Cc1ccc(NC(=O)CCC2CCCCC2)cc1NC(=O)c3ccc(O)cc3,6.166666666666669,Aaraaa{DA{~B}AAAsAAAAAs}aarDA{~B}ataaa{B}aat
CHEMBL149434,2.1,CCc1c(C(=O)C(=O)N)c2c(OCC(=O)N)cccc2n1Cc3ccccc3,40.0,AAara{A{~B}A{~B}D}asa{BAA{~B}D}aaaasdrAataaaaat
CHEMBL49236,2.31,Nc1cccc2C(=O)C(=O)c3ccccc3c12,36.5,DaraaaasA{~B}A{~B}ataaaaatars
CHEMBL12952,0.23,COc1ccc2cc(ccc2c1)C(C)C(=O)O,71.16666666666666,ABaraaasaa{aaasar}A{A}A{~B}B
CHEMBL1939752,3.02,CCOC(=O)Nc1cccc(c1)[C@H](N2CCN(Cc3cccnc3)CC2)c4ccc(cc4)C(=O)N5CCC5,24.666666666666668,AABA{~B}Daraaaa{ar}{A*H}{DsAAD{Aataaadat}AAs}auaaa{aau}A{~B}DvAAAv
CHEMBL21342,1.9,C1NC(Cc2ccccc12)c3ccccc3,43.333333333333336,ArDA{Aasaaaaars}ataaaaat
CHEMBL1778623,0.67,CCN(CC)S(=O)(=O)c1ccc(cc1)c2cc(ccc2OCC(=O)O)C(F)(F)F,63.833333333333336,AAD{AA}E{~B}{~B}araaa{aar}asaa{aaasBAA{~B}B}A{G}{G}G
CHEMBL1004,-0.2,CN(C)CCOC(C)(c1ccccc1)c2ccccn2,78.33333333333333,AD{A}AABA{A}{araaaaar}asaaaads
CHEMBL17357,0.33,NCCc1ccc(O)c2nc(O)sc12,69.5,DAAaraaa{B}asda{B}sars
CHEMBL39058,2.09,COc1ccc(C(=O)Nc2c(Cl)cncc2Cl)c3cccnc13,40.166666666666664,ABaraaa{A{~B}Dasa{Z}adaasZ}ataaadart
CHEMBL322019,3.2,CN(C)CC(O)COc1ccc(Nc2nccc(n2)N(CC#C)c3cc(Cl)ccc3Cl)cc1,21.66666666666666,AD{A}AA{B}ABaraaa{Dasdaaa{ds}D{AA^A}ataa{Z}aaatZ}aar
CHEMBL472,2.23,COc1ccc(Cl)cc1C(=O)NCCc2ccc(cc2)S(=O)(=O)NC(=O)NC3CCCCC3,37.833333333333336,ABaraaa{Z}aarA{~B}DAAasaaa{aas}E{~B}{~B}DA{~B}DAtAAAAAt
CHEMBL249927,3.71,OCC(=O)N1CCC[C@@H]1COc2cccc3ncnc(Nc4ccc(OCc5ccccn5)c(Cl)c4)c23,13.166666666666666,BAA{~B}DrAAA{A**H}rABasaaaatdada{Dauaaa{BAavaaaadv}a{Z}au}ast
CHEMBL1194666,1.18,CCN(CC)C(C)C(=O)c1ccccc1,55.333333333333336,AAD{AA}A{A}A{~B}araaaaar
CHEMBL443239,2.7,CCCN(CCC)C(=O)c1cccc(c1)C(=O)N[C@@H](Cc2ccccc2)[C@H](O)CNCc3cccc(OC)c3,29.999999999999996,AAAD{AAA}A{~B}araaaa{ar}A{~B}D{A**H}{Aasaaaaas}{A*H}{B}ADAataaaa{BA}at
CHEMBL277148,2.54,Oc1cc(nc2ccccc12)c3ccccc3,32.666666666666664,Baraa{dasaaaaars}ataaaaat
CHEMBL242818,2.0,Cc1cc(O)ccc1N2C(=O)c3ccc(O)cc3C2=O,41.666666666666664,Aaraa{B}aaarDsA{~B}ataaa{B}aatAs~B
CHEMBL419742,4.2,FC(F)(F)c1cc(COCC(N2CCNCC2)c3cccc(Cl)c3)cc(c1)C(F)(F)F,4.999999999999997,GA{G}{G}araa{ABAA{DsAADAAs}ataaaa{Z}at}aa{ar}A{G}{G}G
CHEMBL187007,4.26,COc1cc2ncnc(Nc3cc(NC(=O)c4cccc(c4)N(C)C)ccc3Cl)c2cc1OC,4.0000000000000036,ABaraasdada{Dataa{DA{~B}auaaaa{au}D{A}A}aaatZ}asaarBA
CHEMBL2147150,3.58,C[C@H]1O[C@H]([C@H](O)[C@@H]1O)n2cnc3c(N)nc(OCC45CC6CC(CC(C6)C4)C5)nc23,15.333333333333334,A{A*H}rB{A*H}{{A*H}{B}{A**H}rB}dsadata{D}da{BAAuvAAwAA{AA{Aw}Au}Av}dast
CHEMBL2031466,1.56,CC(C)NC(=O)c1ccc(C)c(c1)N2C=Nc3ccc(cc3C2=O)N4CCN(C)CC4,49.0,AA{A}DA{~B}araaa{A}a{ar}DsA~Dataaa{aatAs~B}DuAAD{A}AAu
CHEMBL1080151,3.27,C[C@H](Nc1nc(Nc2ncc(C)s2)c(F)c(n1)N3CCOCC3)c4ncc(F)cn4,20.5,A{A*H}{Darda{Dasdaa{A}ss}a{G}a{dr}DtAABAAt}audaa{G}adu
CHEMBL1567984,0.3,OC(=O)c1ccc(cc1)c2nnn(Cc3ccccc3F)n2,70.0,BA{~B}araaa{aar}asddd{AataaaaatG}ds
CHEMBL2111158,-0.97,CC(C)NCC(O)COc1nccs1,91.16666666666667,AA{A}DAA{B}ABardaasr
CHEMBL1224286,1.93,CNC(=O)c1cccc(O[C@H]2C[C@H]3CC[C@@H](C2)N3Cc4ccccc4)c1,42.833333333333336,ADA{~B}araaaa{B{A*H}sA{A*H}tAA{A**H}{As}DtAauaaaaau}ar
CHEMBL266195,0.99,CC(C)NCC(O)COc1ccccc1CC=C,58.5,AA{A}DAA{B}ABaraaaaarAA~A
CHEMBL2062582,2.71,CC(=O)Nc1ccc2c(c1)c(cn2CCO)c3cc(NC4CC4)n5ncc(C#N)c5n3,29.833333333333332,AA{~B}Daraaasa{ar}a{adsAAB}ataa{DAuAAu}dvdaa{A^D}avdt
CHEMBL424,-1.36,OC(=O)c1ccccc1O,97.66666666666667,BA{~B}araaaaarB
CHEMBL1079428,2.94,Cn1cnc(c2ccccc2)c1c3cc4c(N)ncnc4s3,26.0,Adrada{asaaaaas}arataaua{D}dadaust
CHEMBL782,0.44,CCCCNC(=O)NS(=O)(=O)c1ccc(C)cc1,67.66666666666666,AAAADA{~B}DE{~B}{~B}araaa{A}aar
CHEMBL2179275,0.91,CC(C)C[C@@H](N1CCC[C@@H](C1)N2C=C(C)C(=O)NC2=O)c3ccc(C(=O)O)c(Oc4cccc(Cl)c4)c3,59.833333333333336,AA{A}A{A**H}{DrAAA{A**H}{Ar}DsA~A{A}A{~B}DAs~B}ataaa{A{~B}B}a{Bauaaaa{Z}au}at
CHEMBL385240,3.6,COc1ccc(Cl)c(Nc2ncnc3cc(OC)cc(OC4CCN(C)CC4)c23)c1,14.999999999999998,ABaraaa{Z}a{Dasdadataa{BA}aa{BAuAAD{A}AAu}ast}ar
CHEMBL1835912,3.76,CCOC(=O)c1ccc(OCCC2CCN(CC2)c3ccc(C)nn3)nc1,12.333333333333337,AABA{~B}araaa{BAAAsAAD{AAs}ataaa{A}ddt}dar
CHEMBL564366,1.18,Cc1ccc2nc(CCNCCCO)ccc2c1NC(=O)CC34CC5CC(CC(C5)C3)C4,55.333333333333336,Aaraaasda{AADAAAB}aaasarDA{~B}AAtuAAvAA{AA{Av}At}Au
CHEMBL430381,3.11,OCC(CO)Nc1nc(SCc2cccc(F)c2F)nc3nc(NC4CC4)sc13,23.166666666666668,BAA{AB}Darda{EAasaaaa{G}asG}datda{DAuAAu}sart
CHEMBL198758,2.76,CCN(C1CCN(CCC(c2ccccc2)c3ccc(cc3)C#N)CC1)C(=O)Cc4ccc(cc4)S(=O)(=O)C,29.000000000000004,AAD{ArAAD{AAA{asaaaaas}ataaa{aat}A^D}AAr}A{~B}Aauaaa{aau}E{~B}{~B}A
CHEMBL109614,2.32,C[C@@H](COCCCS(=O)(=O)CCNCCc1ccc(O)c2nc(O)sc12)c3ccccc3,36.333333333333336,A{A**H}{ABAAAE{~B}{~B}AADAAaraaa{B}asda{B}sars}ataaaaat
CHEMBL101473,2.0,CN(C)CC(O)COc1ccc(Nc2ncc(C)c(Nc3ccccc3)n2)cc1,41.666666666666664,AD{A}AA{B}ABaraaa{Dasdaa{A}a{Dataaaaat}ds}aar
CHEMBL2153188,1.72,CCCSc1nc(ccc1C(=O)NC2CCCCC2)N3CCCC(C3)C(=O)O,46.333333333333336,AAAEarda{aaarA{~B}DAsAAAAAs}DtAAAA{At}A{~B}B
CHEMBL351231,3.51,C[C@@H]1CCCN1CCc2oc3ccc(cc3c2)c4ccc(cc4)C#N,16.500000000000004,A{A**H}rAAADrAAasbataaa{aatas}auaaa{aau}A^D
CHEMBL517544,3.5,COc1cc2ncc(C(=O)N)c(Nc3cccc(Cl)c3)c2cc1OC,16.666666666666668,ABaraasdaa{A{~B}D}a{Dataaaa{Z}at}asaarBA
CHEMBL1209736,3.21,Brc1ccc(cc1)S(=O)(=O)NCC(N2CCCCCC2)c3ccccc3,21.5,Xaraaa{aar}E{~B}{~B}DAA{DsAAAAAAs}ataaaaat
CHEMBL1927707,2.71,Oc1ccccc1CCC(=O)Nc2ccccc2,29.833333333333332,BaraaaaarAAA{~B}Dasaaaaas
CHEMBL254129,2.63,C[C@@H]1CN[C@@H]2[C@@H](C1)O[C@]3(CC[C@H]4[C@@H]5CC=C6C[C@@H](O)CC[C@]6(C)[C@H]5CC4=C3C)[C@@H]2C,31.166666666666668,A{A**H}rAD{A**H}s{A**H}{Ar}B{A*}t{AA{A*H}u{A**H}vAA~AwA{A**H}{B}AA{A*}w{A}{A*H}vAAu~AtA}{A**H}sA
CHEMBL315985,0.79,NC(=O)N1c2ccccc2C[C@H](O)c3ccccc13,61.833333333333336,DA{~B}DrasaaaaasA{A*H}{B}ataaaaart
CHEMBL1529362,1.8,Nc1nnc(s1)c2ccccc2,45.0,Dardda{sr}asaaaaas
CHEMBL1289682,4.23,Fc1ccc(C2CCN(CC2)C(=S)COCc3ccncc3)c(Cl)c1,4.499999999999993,Garaaa{AsAAD{AAs}A{~E}ABAataadaat}a{Z}ar
CHEMBL1539,-0.73,COc1ncnc(NS(=O)(=O)c2ccc(N)cc2)c1OC,87.16666666666667,ABardada{DE{~B}{~B}asaaa{D}aas}arBA
CHEMBL180368,3.25,C[C@H]1CCCN1CCc2oc3ccc(cc3c2)c4ccc(cc4)C#N,20.833333333333332,A{A*H}rAAADrAAasbataaa{aatas}auaaa{aau}A^D
CHEMBL1650723,2.53,COc1cc(Nc2nc(N[C@@H](C)c3ncc(F)cn3)ncc2Cl)n[nH]1,32.833333333333336,ABaraa{Dasda{D{A**H}{A}atdaa{G}adt}daasZ}d{dH}r
CHEMBL226905,0.9,CC(N1NC(=O)C2=C(C1=O)C(=O)c3ccc(Cl)cc3N2)c4ccsc4,60.0,AA{DrDA{~B}As~A{Ar~B}A{~B}ataaa{Z}aatDs}auaasau
CHEMBL1323247,2.28,CCN1CCN(CC1)C(=O)c2cc3cc(F)ccc3[nH]2,37.00000000000001,AADrAAD{AAr}A{~B}asaataa{G}aaat{dH}s
CHEMBL2349335,4.2,CC(C)C[C@H](CO)Nc1nc(SCc2ccccc2)nc3nc(N)sc13,4.999999999999997,AA{A}A{A*H}{AB}Darda{EAasaaaaas}datda{D}sart
CHEMBL1626,3.48,CN1CCC[C@@H]1CCO[C@](C)(c2ccccc2)c3ccc(Cl)cc3,17.0,ADrAAA{A**H}rAAB{A*}{A}{asaaaaas}ataaa{Z}aat
CHEMBL195329,1.9,O=C(N[C@H]1CN2CCC1CC2)c3ccc(s3)c4ccccc4,43.333333333333336,B~A{D{A*H}rADsAAArAAs}ataaa{st}auaaaaau
CHEMBL1384203,3.53,CC(NCC(O)c1ccc(cc1)[N+](=O)[O-])C23CC4CC(CC(C4)C2)C3,16.166666666666668,AA{DAA{B}araaa{aar}{DP}{~B}{BM}}AstAAuAA{AA{Au}As}At
CHEMBL2179289,3.38,CC1=CN(C2CCCN(Cc3cccc(Oc4ccc(C)cc4)c3)C2)C(=O)NC1=O,18.666666666666668,AAr~AD{AsAAAD{Aataaaa{Bauaaa{A}aau}at}As}A{~B}DAr~B
CHEMBL1800657,2.23,CCCN(CCNCCc1ccc(O)c2NC(=O)Sc12)C(=O)CCOCCc3ccccc3,37.833333333333336,AAAD{AADAAaraaa{B}asDA{~B}Ears}A{~B}AABAAataaaaat
CHEMBL259081,3.01,O=C1N=C(NCc2ccccc2)SN1Cc3ccccc3,24.83333333333334,B~ArD~A{DAasaaaaas}EDrAataaaaat
CHEMBL2207226,3.37,COc1cc(OC)c(cc1NC(=O)Cc2ccnc(F)c2)S(=O)(=O)N3c4ccccc4Oc5ccccc35,18.833333333333332,ABaraa{BA}a{aarDA{~B}Aasaada{G}as}E{~B}{~B}DtauaaaaauBavaaaaatv
CHEMBL1230165,1.29,OC(=O)c1ccc2c(c1)nc(Nc3cccc(Cl)c3)c4ccncc24,53.5,BA{~B}araaasa{ar}da{Dataaaa{Z}at}auaadaasu
CHEMBL902,-0.6,NC(=N)Nc1nc(CSCCC(=N)NS(=O)(=O)N)cs1,84.99999999999999,DA{~D}Darda{AEAAA{~D}DE{~B}{~B}D}asr
CHEMBL1939738,3.38,CN(CCO)C(=O)c1ccc(cc1)[C@@H](N2CCN(Cc3ccc(F)cc3)CC2)c4cccc(NC(=O)C5CC5)c4,18.666666666666668,AD{AAB}A{~B}araaa{aar}{A**H}{DsAAD{Aataaa{G}aat}AAs}auaaaa{DA{~B}AvAAv}au
CHEMBL1951918,1.9,CCN(C1CCN(CC[C@H](C2CCN(CC2)S(=O)(=O)C)c3cccc(c3)C(F)(F)F)CC1)C(=O)Cc4ccc(cc4)S(=O)(=O)C,43.333333333333336,AAD{ArAAD{AA{A*H}{AsAAD{AAs}E{~B}{~B}A}ataaaa{at}A{G}{G}G}AAr}A{~B}Aauaaa{aau}E{~B}{~B}A
CHEMBL365614,1.9,CN1CCCC(COc2nccc(Nc3cc(NC(=O)c4ccnc(c4)N5CCOCC5)ccc3C)n2)C1,43.333333333333336,ADrAAAA{ABasdaaa{Dataa{DA{~B}auaada{au}DvAABAAv}aaatA}ds}Ar
CHEMBL2207656,3.15,O[C@H](CNC(=O)C1=CNC(=O)c2c(F)cccc12)CN3CCC(CC3)Oc4ccc(Cl)c(Cl)c4,22.5,B{A*H}{ADA{~B}Ar~ADA{~B}asa{G}aaaars}ADtAAA{AAt}Bauaaa{Z}a{Z}au
CHEMBL70824,2.16,CN(C)CCCN(C)S(=O)(=O)c1ccc(Nc2nccc(n2)c3cnc4ccccn34)cc1,39.0,AD{A}AAAD{A}E{~B}{~B}araaa{Dasdaaa{ds}atadauaaaadtu}aar
CHEMBL1457701,1.97,OC1=CC(=O)C2=C(O1)c3ccccc3N(Cc4ccccc4)C2=O,42.16666666666667,BAr~AA{~B}As~A{Br}ataaaaatD{Aauaaaaau}As~B
CHEMBL140453,2.78,CC(O)(C(=O)Nc1ccc(cc1)S(=O)(=O)c2ccc(O)cc2)C(F)(F)F,28.66666666666667,AA{B}{A{~B}Daraaa{aar}E{~B}{~B}asaaa{B}aas}A{G}{G}G
CHEMBL2153180,2.48,CCCSc1ncccc1C(=O)N(C)[C@H]2[C@@H]3CC4C[C@H]2C[C@@](O)(C4)C3,33.666666666666664,AAAEardaaaarA{~B}D{A}{A*H}s{A**H}tAAuA{A*H}sA{A**}{B}{Au}At
CHEMBL2087846,2.55,Cn1cncc1c2c3C(=O)N(CC#CCO)C(=O)N(CC4CC4)c3nn2Cc5ccnc6ccc(Cl)cc56,32.50000000000001,AdradaarasatA{~B}D{AA^AAB}A{~B}D{AAuAAu}atddsAavaadawaaa{Z}aavw
CHEMBL2153174,3.9,Fc1cccc(F)c1CS(=O)(=O)N2CCN(CC2)c3ncccc3C(F)(F)F,10.000000000000002,Garaaaa{G}arAE{~B}{~B}DsAAD{AAs}atdaaaatA{G}{G}G
CHEMBL520902,0.68,CS(=O)(=O)c1ccc(cc1)c2cc(C(=O)N[C@H]3CCCNC3)c(NC(=O)N)s2,63.666666666666664,AE{~B}{~B}araaa{aar}asaa{A{~B}D{A*H}tAAADAt}a{DA{~B}D}ss
CHEMBL1213071,1.63,Cc1onc(C(=O)N)c1C(=O)Nc2nccs2,47.833333333333336,Aarbda{A{~B}D}arA{~B}Dasdaass
CHEMBL41,1.92,CNCCC(Oc1ccc(cc1)C(F)(F)F)c2ccccc2,43.0,ADAAA{Baraaa{aar}A{G}{G}G}asaaaaas
CHEMBL1079588,2.97,CCn1cnc(c2ccccc2)c1c3nc4c(N)ncnc4s3,25.499999999999996,AAdrada{asaaaaas}aratdaua{D}dadaust
CHEMBL167151,1.3,CCCc1c(O)c(ccc1OCCCCSCC(=O)O)C(=O)C,53.333333333333336,AAAara{B}a{aaarBAAAAEAA{~B}B}A{~B}A
CHEMBL1084546,2.63,CN(c1ncccc1CNc2nc(Nc3ccc4NC(=O)Cc4c3)ncc2C(F)(F)F)S(=O)(=O)C,31.166666666666668,AD{ardaaaarADasda{DataaauDA{~B}Aauat}daasA{G}{G}G}E{~B}{~B}A
CHEMBL370492,3.0,CCc1nc2cc(O)ccc2c(Oc3ccc(\C=C\C(=O)O)cc3)c1c4ccccc4,25.0,AAardasaa{B}aaasa{Bataaa{RA~ARA{~B}B}aat}arauaaaaau
CHEMBL1770298,4.05,Cc1ccc(s1)C(NC(=O)c2ccccc2O)C(=O)Nc3c(C)cccc3C,7.500000000000003,Aaraaa{sr}A{DA{~B}asaaaaasB}A{~B}Data{A}aaaatA
CHEMBL1089517,1.86,COCCOc1nc(N)c2NC(=O)N(Cc3cccc(CC(=O)OC)c3)c2n1,43.99999999999999,ABAABarda{D}asDA{~B}D{Aataaaa{AA{~B}BA}at}asdr
CHEMBL10,3.34,C[S+]([O-])c1ccc(cc1)c2nc(c3ccc(F)cc3)c([nH]2)c4ccncc4,19.333333333333336,A{EP}{{BM}}araaa{aar}asda{ataaa{G}aat}a{{dH}s}auaadaau
CHEMBL1934271,1.88,CCC(CC)n1nc(C)c(C(=O)N[C@@H](C)C(C)(C)C)c1NS(=O)(=O)c2ccc(C)cc2,43.666666666666664,AAA{AA}drda{A}a{A{~B}D{A**H}{A}A{A}{A}A}arDE{~B}{~B}asaaa{A}aas
CHEMBL1630123,2.6,CN1CCN(CC(=O)Nc2ccc(C3=CC=CN4C(=O)C=C(N=C34)N5CCOCC5)c6sc7ccccc7c26)CC1,31.666666666666668,ADrAAD{AA{~B}Dasaaa{At~AA~ADuA{~B}A~A{D~Atu}DvAABAAv}awsaxaaaaaxasw}AAr
CHEMBL447183,0.79,NC1=NC2(CCN(CC2)C(=O)c3ccc(nc3)C#N)Nc4c(F)ccc(F)c14,61.833333333333336,DAr~DAs{AAD{AAs}A{~B}ataaa{dat}A^D}Daua{G}aaa{G}aru
CHEMBL441093,2.88,CC(=O)NC[C@H]1CN(C(=O)O1)c2ccc(N3Cc4cccnc4C3)c(F)c2,27.0,AA{~B}DA{A*H}rAD{A{~B}Br}asaaa{DtAauaaadauAt}a{G}as
CHEMBL1682972,2.2,CC[C@H](NC(=O)c1c([S+](C)[O-])c(nc2ccccc12)c3ccccc3)c4cccnc4,38.33333333333333,AA{A*H}{DA{~B}ara{{EP}{A}{BM}}a{dasaaaaars}ataaaaat}auaaadau
CHEMBL1614705,1.79,OCC(=O)N1CCC(CC1)c2[nH]nc(c3ccc(Cl)cc3F)c2c4ccncn4,45.166666666666664,BAA{~B}DrAAA{AAr}as{dH}da{ataaa{Z}aatG}asauaadadu
CHEMBL2151322,2.79,CC(C)Oc1cc(n[nH]1)n2cnc3ccc(N[C@@H](CO)c4ccc(F)cn4)nc23,28.5,AA{A}Baraa{d{dH}r}dsadataaa{D{A**H}{AB}auaaa{G}adu}dast
CHEMBL2011942,2.48,NC(=O)c1cnc2[nH]c(nc2c1NCCCNC(=O)C3CCC3)c4ccc(OCCN5CCCCC5)cc4,33.666666666666664,DA{~B}aradas{dH}a{dasarDAAADA{~B}AtAAAt}auaaa{BAADvAAAAAv}aau
CHEMBL252083,3.0,CNC(=O)OC[C@@H](C)N(c1cc(Cl)ccc1CO)S(=O)(=O)c2ccc(Cl)cc2,25.0,ADA{~B}BA{A**H}{A}D{araa{Z}aaarAB}E{~B}{~B}asaaa{Z}aas
CHEMBL453629,1.96,CC(C)n1c(C)ncc1c2ccnc(Nc3ccc(C(=O)NCCN(C)C)c(F)c3)n2,42.333333333333336,AA{A}dra{A}daarasaada{Dataaa{A{~B}DAAD{A}A}a{G}at}ds
CHEMBL1575541,2.15,CC1(CCC(=O)N1Cc2cccs2)C(=O)NC3CCCCC3,39.166666666666664,AAr{AAA{~B}DrAasaaass}A{~B}DAtAAAAAt
CHEMBL1809067,3.3,COc1cc(ccc1Nc2ncc(Cl)c(n2)c3cnc4ccccn34)N5CCN(CC5)C(=O)N,20.000000000000004,ABaraa{aaarDasdaa{Z}a{ds}atadauaaaadtu}DvAAD{AAv}A{~B}D
CHEMBL1223955,1.1,NC(=O)c1cccc(c1)[S+]([O-])[C@H]2C[C@H]3CC[C@@H](C2)N3Cc4ccccc4,56.666666666666664,DA{~B}araaaa{ar}{EP}{{BM}}{A*H}sA{A*H}tAA{A**H}{As}DtAauaaaaau
CHEMBL551813,1.46,CN(C)c1nc(Cc2ccc(NC(=O)c3ccc(cc3)C(F)(F)F)cc2)nc(N(C)C)c1CC(=O)O,50.666666666666664,AD{A}arda{Aasaaa{DA{~B}ataaa{aat}A{G}{G}G}aas}da{D{A}A}arAA{~B}B
CHEMBL1916261,0.46,CCC(CC)NC(=O)c1nnn(c1NS(=O)(=O)c2ccc(C)cc2)c3ccccc3,67.33333333333333,AAA{AA}DA{~B}arddd{arDE{~B}{~B}asaaa{A}aas}ataaaaat
CHEMBL577458,1.24,Nc1nc(SCc2ccccc2)nc3c1ncn3[C@@H]4O[C@H](CO)[C@@H](O)[C@H]4O,54.333333333333336,Darda{EAasaaaaas}datardadt{A**H}uB{A*H}{AB}{A**H}{B}{A*H}uB
CHEMBL368473,0.7,CN1C(=O)N(C)c2[nH]c(nc2C1=O)c3cccnc3,63.333333333333336,ADrA{~B}D{A}as{dH}a{dasAr~B}ataaadat
CHEMBL2010846,3.1,CO[C@@H]1CN(Cc2ccc(cc2)C(F)(F)F)CC[C@@H]1N(C)C(=O)Cc3ccc(cc3)n4cnnn4,23.333333333333332,AB{A**H}rAD{Aasaaa{aas}A{G}{G}G}AA{A**H}rD{A}A{~B}Aataaa{aat}duadddu
CHEMBL154,0.13,COc1ccc2cc(ccc2c1)[C@H](C)C(=O)O,72.83333333333333,ABaraaasaa{aaasar}{A*H}{A}A{~B}B
CHEMBL288470,0.78,CN(C)C1=C(C)N(C)N(C1=O)c2ccccc2,62.0,AD{A}Ar~A{A}D{A}D{Ar~B}asaaaaas
CHEMBL281066,2.7,CCC(CC)CNC(=O)c1ccc2c(c1)c(Cc3ccc(cc3OC)C(=O)NS(=O)(=O)c4ccccc4C)cn2C,29.999999999999996,AAA{AA}ADA{~B}araaasa{ar}a{Aataaa{aatBA}A{~B}DE{~B}{~B}auaaaaauA}adsA
CHEMBL2178385,0.22,NC(=O)c1cncc(c1)c2ccc(cc2)[C@@H]3CC[C@@H](CC(=O)O)CC3,71.33333333333333,DA{~B}aradaa{ar}asaaa{aas}{A**H}tAA{A**H}{AA{~B}B}AAt
CHEMBL563,0.85,CC(C(=O)O)c1ccc(c(F)c1)c2ccccc2,60.833333333333336,AA{A{~B}B}araaa{a{G}ar}asaaaaas
CHEMBL1809196,3.7,COc1cc(ccc1Nc2ncc(c(n2)c3cnc4ccccn34)C(F)(F)F)N5CCN(CC5)C(=O)C,13.33333333333333,ABaraa{aaarDasdaa{a{ds}atadauaaaadtu}A{G}{G}G}DvAAD{AAv}A{~B}A
CHEMBL2035025,1.3,NC1(CCC1)c2ccc(cc2)c3ncc4nccn4c3c5ccccc5,53.333333333333336,DAr{AAAr}asaaa{aas}atdaaudaaduatavaaaaav
CHEMBL1778373,1.36,COC[C@H](C)Oc1cc(Oc2cc(F)cc(F)c2)cc(c1)C(=O)Nc3ccc(cn3)C(=O)O,52.33333333333332,ABA{A*H}{A}Baraa{Basaa{G}aa{G}as}aa{ar}A{~B}Dataaa{adt}A{~B}B
CHEMBL2179279,1.37,CCC(C)(C)C[C@@H](N1CCC[C@@H](C1)N2C=C(C)C(=O)NC2=O)c3ccc(C(=O)O)c(Oc4cccc(Cl)c4)c3,52.166666666666664,AAA{A}{A}A{A**H}{DrAAA{A**H}{Ar}DsA~A{A}A{~B}DAs~B}ataaa{A{~B}B}a{Bauaaaa{Z}au}at
CHEMBL139088,3.2,Fc1cccc(c1)C(COCc2cc(cc(c2)C(F)(F)F)C(F)(F)F)N3CCNCC3,21.66666666666666,Garaaaa{ar}A{ABAasaa{aa{as}A{G}{G}G}A{G}{G}G}DtAADAAt
CHEMBL1779013,3.2,COc1cc(F)ccc1c2cncc(CNC(=O)c3ccccn3)c2,21.66666666666666,ABaraa{G}aaarasadaa{ADA{~B}ataaaadt}as
CHEMBL1299619,3.26,CSCc1cc(nc(n1)c2ccccc2)N3CCOCC3,20.66666666666667,AEAaraa{da{dr}asaaaaas}DtAABAAt
CHEMBL2062575,1.62,CN(C)CCCNc1cc(nc2c(cnn12)C#N)n3ccc4ccc(NC(=O)C)cc34,48.0,AD{A}AAADaraa{dasa{addrs}A^D}dtaaauaaa{DA{~B}A}aatu
CHEMBL2062574,2.24,CC(=O)Nc1ccc2ccn(c3cc(NCCN4CCCC4)n5ncc(C#N)c5n3)c2c1,37.666666666666664,AA{~B}Daraaasaad{ataa{DAADuAAAAu}dvdaa{A^D}avdt}asar
CHEMBL2163582,3.59,Clc1cccc2c3CN(CCc3[nH]c12)C(=O)[C@@H]4CCCC[C@H]4C(=O)NC5(CC5)C#N,15.16666666666667,ZaraaaasatAD{AAat{dH}ars}A{~B}{A**H}uAAAA{A*H}uA{~B}DAv{AAv}A^D
CHEMBL8145,2.46,Oc1ccc(cc1)C2=COc3cc(O)ccc3C2=O,34.0,Baraaa{aar}As~ABataa{B}aaatAs~B
CHEMBL65119,3.8,Nc1ccc2[nH]c(Cc3ccc(Oc4ccccc4)cc3)nc2c1,11.66666666666667,Daraaas{dH}a{Aataaa{Bauaaaaau}aat}dasar
CHEMBL1090089,1.5,CN1C(=O)C(=Cc2cnc(NC(CCO)CCO)nc12)Oc3ccc(F)cc3F,50.0,ADrA{~B}A{~Aasada{DA{AAB}AAB}dars}Bataaa{G}aatG
CHEMBL111660,1.1,CCc1ccc(NC(=O)c2ccc3cc(ccc3c2)C(=N)N)cc1,56.666666666666664,AAaraaa{DA{~B}asaaataa{aaatas}A{~D}D}aar
CHEMBL2180015,3.6,CC#Cc1ccnc(c1)c2cc(ccc2O)C3(N=C(C)C(=N3)N)C4CC4,14.999999999999998,AA^Aaraada{ar}asaa{aaasB}At{D~A{A}A{~Dt}D}AuAAu
CHEMBL540930,3.12,Fc1ccc(cc1)C(NC(=O)CC2CCN(Cc3ccn(c3)c4ccc(cc4)C(F)(F)F)CC2)C5=CNC(=O)C(=C5)Cl,23.0,Garaaa{aar}A{DA{~B}AAsAAD{Aataad{at}auaaa{aau}A{G}{G}G}AAs}Av~ADA{~B}A{~Av}Z
CHEMBL66520,1.84,CC(C)C(NC(=O)CN1C(=O)C(=CC=C1c2ccccc2)NC=O)C(=O)C(F)(F)F,44.333333333333336,AA{A}A{DA{~B}ADrA{~B}A{~AA~Arasaaaaas}DA~B}A{~B}A{G}{G}G
CHEMBL1809195,2.9,COc1cc(ccc1Nc2ncc(C)c(n2)c3cnc4ccccn34)N5CCN(CC5)C(=O)C,26.666666666666668,ABaraa{aaarDasdaa{A}a{ds}atadauaaaadtu}DvAAD{AAv}A{~B}A
CHEMBL1574146,3.18,Nc1cccc2C(=O)N(Cc3cccc(Cl)c3)C(=O)c12,21.999999999999996,DaraaaasA{~B}D{Aataaaa{Z}at}A{~B}ars
CHEMBL2079220,1.04,NC(=O)Nc1cc(sc1C(=O)N[C@H]2CCCNC2)c3ccccc3,57.666666666666664,DA{~B}Daraa{sarA{~B}D{A*H}sAAADAs}ataaaaat
CHEMBL1964629,2.26,Nc1nc(Cl)nc(NCc2ccccc2)n1,37.333333333333336,Darda{Z}da{DAasaaaaas}dr
CHEMBL1374798,-0.5,COc1cccc(COCC(O)CN2CCC(CC2)C(=O)N)c1,83.33333333333333,ABaraaaa{ABAA{B}ADsAAA{AAs}A{~B}D}ar
CHEMBL320714,2.21,Oc1ccc(CCNCCCCCCOCCc2ccccc2)c3sc(O)nc13,38.166666666666664,Baraaa{AADAAAAAABAAasaaaaas}atsa{B}dart
CHEMBL1778365,0.95,COC[C@H](C)Oc1cc(Oc2ccccc2)cc(c1)C(=O)Nc3ccc(cn3)C(=O)O,59.166666666666664,ABA{A*H}{A}Baraa{Basaaaaas}aa{ar}A{~B}Dataaa{adt}A{~B}B
CHEMBL256963,1.19,Clc1ccc2ncc(c3cccc(NC4CNC4)n3)n2c1,55.166666666666664,Zaraaasdaa{ataaaa{DAuADAu}dt}dsar
CHEMBL149324,-0.21,NC(=N)Nc1ccc(cc1)C(=O)Oc2ccccc2,78.5,DA{~D}Daraaa{aar}A{~B}Basaaaaas
CHEMBL2035023,0.2,NC1(CCC1)c2ccc(cc2)C3=NN4C=CC(=O)N=C4C=C3c5ccccc5,71.66666666666667,DAr{AAAr}asaaa{aas}At~DDuA~AA{~B}D~AuA~Atavaaaaav
CHEMBL16073,1.5,CCOc1ccc(NC(=O)C)cc1,50.0,AABaraaa{DA{~B}A}aar
CHEMBL492112,4.03,O=C(CC12CC3CC(CC(C3)C1)C2)Nc4ccc5[nH]ncc5c4,7.833333333333329,B~A{AArsAAtAA{AA{At}Ar}As}Dauaaav{dH}daavau
CHEMBL1909282,-0.22,OC(=O)Cc1csc(n1)c2ccc(Cl)cc2,78.66666666666667,BA{~B}Aarasa{dr}asaaa{Z}aas
CHEMBL519301,1.2,Cc1oc(cc1)c2ccc(cc2F)S(=O)(=O)N3CCC[C@H]3C(=O)N4CC[C@@H](N)C4,55.0,Aarba{aar}asaaa{aasG}E{~B}{~B}DtAAA{A*H}tA{~B}DuAA{A**H}{D}Au
CHEMBL2012204,2.88,Cc1onc(c1)[C@H](O)[C@](C)(OCc2ccc(cc2)c3ccccc3)C(=O)NO,27.0,Aarbda{ar}{A*H}{B}{A*}{A}{BAasaaa{aas}ataaaaat}A{~B}DB
CHEMBL8232,0.59,COc1cccc(Oc2cncnc2O)c1,65.16666666666667,ABaraaaa{BasadadasB}ar
CHEMBL2151324,2.97,CC(C)Oc1cc(Nc2nc3c(cc2F)ncn3[C@@H](CO)c4ccc(F)cn4)n[nH]1,25.499999999999996,AA{A}Baraa{Dasdata{aasG}dadt{A**H}{AB}auaaa{G}adu}d{dH}r
CHEMBL557697,2.84,OC(=O)c1cccc(c1)c2ccc3c(C(=O)NCC45CC6CC(CC(C6)C4)C5)c(Cl)ccc3n2,27.666666666666668,BA{~B}araaaa{ar}asaaata{A{~B}DAAuvAAwAA{AA{Aw}Au}Av}a{Z}aaatds
CHEMBL181610,2.67,Nc1nc(N)c(nc1Cl)C(=O)Nc2ccccn2,30.5,Darda{D}a{darZ}A{~B}Dasaaaads
CHEMBL129198,2.4,CN1CCN(CC1)C(=O)c2cc3cc(Cl)ccc3[nH]2,35.0,ADrAAD{AAr}A{~B}asaataa{Z}aaat{dH}s
CHEMBL2170837,4.2,CCn1c(C)c(C(=O)O)c(c2cccc(c2)N3CCN(CC3)c4ccc(NS(=O)(=O)c5ccc(N[C@H](CCN6CCC(O)CC6)CSc7ccccc7)c(c5)S(=O)(=O)C(F)(F)F)cc4)c1c8ccc(Cl)cc8,4.999999999999997,AAdra{A}a{A{~B}B}a{asaaaa{as}DtAAD{AAt}auaaa{DE{~B}{~B}avaaa{D{A*H}{AADwAAA{B}AAw}AEaxaaaaax}a{av}E{~B}{~B}A{G}{G}G}aau}arayaaa{Z}aay
CHEMBL1631473,1.21,CC1CN(C1)C(=O)c2nnc3c(cccc3c2N)c4ncccn4,54.833333333333336,AArAD{Ar}A{~B}asddata{aaaatasD}audaaadu
CHEMBL514257,3.75,OC[C@H](Nc1ncc(Cl)c(Nc2cc([nH]n2)C3CC3)n1)c4ccc(F)cc4,12.5,BA{A*H}{Dardaa{Z}a{Dasaa{{dH}ds}AtAAt}dr}auaaa{G}aau
CHEMBL2030446,2.38,C[C@H]1COCCN1c2cc(CS(=O)(=O)C)nc(n2)c3ccc4[nH]ccc4c3,35.333333333333336,A{A*H}rABAADrasaa{AE{~B}{~B}A}da{ds}ataaau{dH}aaauat
CHEMBL2088093,3.07,COCCCc1cc(Nc2nc(NCc3onc(C)c3)ncc2Br)n[nH]1,23.83333333333334,ABAAAaraa{Dasda{DAatbda{A}at}daasX}d{dH}r
CHEMBL272842,0.8,OCc1ccc(OC2CCN(CC3CCN(CC3)[C@@H](Cc4ccccc4)C(=O)O)CC2)cc1Cl,61.666666666666664,BAaraaa{BAsAAD{AAtAAD{AAt}{A**H}{Aauaaaaau}A{~B}B}AAs}aarZ
CHEMBL550496,1.94,OC(=O)CNCCNc1ccc(Cl)c(c1)C(=O)NCC23CC4CC(CC(C4)C2)C3,42.666666666666664,BA{~B}ADAADaraaa{Z}a{ar}A{~B}DAAstAAuAA{AA{Au}As}At
CHEMBL2172003,3.49,COc1cc(ccc1C2CC2)N3CCN([C@H](C)C3)C(=O)[C@@H]4CCCC[C@H]4C(=O)NC5(CC5)C#N,16.83333333333333,ABaraa{aaarAsAAs}DtAAD{{A*H}{A}At}A{~B}{A**H}uAAAA{A*H}uA{~B}DAv{AAv}A^D
CHEMBL2031467,1.47,CCNC(=O)c1ccc(C)c(c1)N2C=Nc3ccc(cc3C2=O)N4CCN(C)CC4,50.5,AADA{~B}araaa{A}a{ar}DsA~Dataaa{aatAs~B}DuAAD{A}AAu
CHEMBL1489473,3.62,O=C(Nc1nc(cs1)c2ccccc2)c3cccnc3,14.666666666666664,B~A{Darda{asr}asaaaaas}ataaadat
CHEMBL325486,3.4,CS(=O)(=O)n1c2ccccc2c3cc(NC(=O)CCc4ccncc4)ccc13,18.333333333333336,AE{~B}{~B}drasaaaaasataa{DA{~B}AAauaadaau}aaart
CHEMBL2086687,3.0,C[C@@H]1CN(CCN1c2ncc(OCc3ccncc3C#N)cn2)C(=O)OCC(F)(F)F,25.0,A{A**H}rAD{AADrasdaa{BAataadaatA^D}ads}A{~B}BAA{G}{G}G
CHEMBL1566172,2.34,Nc1nnc(Cc2ccc(Cl)cc2)s1,36.0,Dardda{Aasaaa{Z}aas}sr
CHEMBL339670,1.26,OC(=O)c1c(C#N)c2ccccc2n1Cc3ccc(Cl)c(Cl)c3,54.0,BA{~B}ara{A^D}asaaaaasdrAataaa{Z}a{Z}at
CHEMBL1947156,2.32,O[C@@H](CNCCc1cccc(c1)c2cccc(CNCc3ccccc3)c2)c4ccc(O)c5NC(=O)Sc45,36.333333333333336,B{A**H}{ADAAaraaaa{ar}asaaaa{ADAataaaaat}as}auaaa{B}avDA{~B}Eauv
CHEMBL457888,2.43,CC(C)n1c(C)ncc1c2ccnc(Nc3ccc(cc3)S(=O)(=O)CCCN4CCOCC4)n2,34.49999999999999,AA{A}dra{A}daarasaada{Dataaa{aat}E{~B}{~B}AAADuAABAAu}ds
CHEMBL232846,3.12,C[C@H](CO)Nc1nc(SCc2ccccc2F)nc3nc(N)sc13,23.0,A{A*H}{AB}Darda{EAasaaaaasG}datda{D}sart
CHEMBL2321992,0.62,OCC[C@]1(CCCNC1)c2ccc(Cl)c(Cl)c2,64.66666666666667,BAA{A*}r{AAADAr}asaaa{Z}a{Z}as
CHEMBL183492,3.6,C=CCN(C1CCN(CCC(c2ccccc2)c3ccccc3)CC1)C(=O)Nc4ccccc4,14.999999999999998,A~AAD{ArAAD{AAA{asaaaaas}ataaaaat}AAr}A{~B}Dauaaaaau
CHEMBL1916288,0.45,C[C@H](NC(=O)c1c(C)nn(c1NS(=O)(=O)c2ccc(cc2)C#N)c3ccc(F)cc3)C(C)(C)C,67.5,A{A*H}{DA{~B}ara{A}dd{arDE{~B}{~B}asaaa{aas}A^D}ataaa{G}aat}A{A}{A}A
CHEMBL2158841,2.98,OC(=O)[C@H](Cc1ccc(F)cc1)N2CCC(CN3CCC(CC3)Oc4ccc(Cl)c(Cl)c4)CC2,25.333333333333332,BA{~B}{A*H}{Aaraaa{G}aar}DsAAA{ADtAAA{AAt}Bauaaa{Z}a{Z}au}AAs
CHEMBL1270773,2.5,CS(=O)(=O)c1cccc(Nc2nccc(Nc3cccc4ncoc34)n2)c1,33.333333333333336,AE{~B}{~B}araaaa{Dasdaaa{Dataaaaudabatu}ds}ar
CHEMBL2335885,3.23,COCCC(=O)N(C)c1ccc(Nc2ncc3cc(ccc3n2)c4ccncc4)cc1,21.166666666666668,ABAAA{~B}D{A}araaa{Dasdaataa{aaatds}auaadaau}aar
CHEMBL2086670,2.89,C[C@@H]1CN(CCN1c2ncc(OCc3ccc(cc3)C#N)cn2)C(=O)OC(C)(C)C,26.833333333333332,A{A**H}rAD{AADrasdaa{BAataaa{aat}A^D}ads}A{~B}BA{A}{A}A
CHEMBL477785,2.52,CC(C)n1c(C)ncc1c2ccnc(Nc3ccc(cc3)N4CCN(CC4)S(=O)(=O)CCN(C)C)n2,33.0,AA{A}dra{A}daarasaada{Dataaa{aat}DuAAD{AAu}E{~B}{~B}AAD{A}A}ds
CHEMBL61236,1.7,Nc1ccc2ccccc2n1,46.666666666666664,Daraaasaaaaasdr
CHEMBL1455292,0.8,CCCCN1Cc2c(O)n3nc(cc3nc2C1=O)c4occc4,61.666666666666664,AAAADrAasa{B}dtda{aatdasAr~B}aubaaau
CHEMBL2207665,2.76,CN1C=C(C(=O)NC[C@@H](O)CN2CCC(CC2)Oc3ccc(Cl)c(Cl)c3)C(=CC1=O)C(F)(F)F,29.000000000000004,ADrA~A{A{~B}DA{A**H}{B}ADsAAA{AAs}Bataaa{Z}a{Z}at}A{~AAr~B}A{G}{G}G
CHEMBL1645108,3.1,Nc1nc2ccc(cc2s1)c3cccc(O)c3,23.333333333333332,Dardasaaa{aassr}ataaaa{B}at
CHEMBL2087848,3.61,CC#CCN1C(=O)N(CC2CC2)c3nn(Cc4ccnc5ccc(Cl)cc45)c(c3C1=O)c6cncn6C,14.833333333333336,AA^AADrA{~B}D{AAsAAs}atdd{Aauaadavaaa{Z}aauv}a{atAr~B}awadadwA
CHEMBL2172000,2.7,C[C@@H]1CN(CCN1C(=O)[C@@H]2CCCC[C@H]2C(=O)NC3(CC3)C#N)c4ccc5c(C)nn(C)c5c4,29.999999999999996,A{A**H}rAD{AADrA{~B}{A**H}sAAAA{A*H}sA{~B}DAt{AAt}A^D}auaaava{A}dd{A}avau
CHEMBL1957460,2.0,Cc1nccc(c1Cl)c2ccc(cc2)c3nc4ccncc4c(O)c3C#N,41.666666666666664,Aardaaa{arZ}asaaa{aas}atdauaadaaua{B}atA^D
CHEMBL98350,2.9,O=C1C=C(Oc2c1cccc2c3ccccc3)N4CCOCC4,26.666666666666668,B~ArA~A{Basaraaaasataaaaat}DuAABAAu
CHEMBL1916543,0.2,COc1ncc2C=CC(=O)N(CCN3CCC(CC3)NCc4cc5OCCOc5cn4)c2n1,71.66666666666667,ABardaasA~AA{~B}D{AADtAAA{AAt}DAauaavBAABavadu}asdr
CHEMBL301928,2.0,COc1cc(ccc1Cc2cn(C)c3ccc(NC(=O)CC4CCCC4)cc23)C(=O)O,41.666666666666664,ABaraa{aaarAasad{A}ataaa{DA{~B}AAuAAAAu}aast}A{~B}B
CHEMBL1917447,-0.16,Cc1c(c2cc(F)ccc2n1CC(=O)O)S(=O)(=O)c3ccc(Cl)cc3,77.66666666666667,Aara{asaa{G}aaasdrAA{~B}B}E{~B}{~B}ataaa{Z}aat
CHEMBL256348,2.7,NS(=O)(=O)c1ccc(Nc2nccc(Nc3c(Cl)ccc4OCOc34)n2)cc1,29.999999999999996,DE{~B}{~B}araaa{Dasdaaa{Data{Z}aaauBABatu}ds}aar
CHEMBL2179282,1.97,CCC(C)(CC)C[C@@H](N1CCC[C@@H](C1)N2C=C(C)C(=O)NC2=O)c3ccc(C(=O)O)c(Oc4cccc(Br)c4)c3,42.16666666666667,AAA{A}{AA}A{A**H}{DrAAA{A**H}{Ar}DsA~A{A}A{~B}DAs~B}ataaa{A{~B}B}a{Bauaaaa{X}au}at
CHEMBL480208,2.46,CC1(C)[C@@H]2CC[C@@]1(CS(=O)(=O)N3CCN(CC3)c4ccc(cn4)C#N)C(=O)C2,34.0,AAr{A}{A**H}sAA{A**}r{AE{~B}{~B}DtAAD{AAt}auaaa{adu}A^D}A{~B}As
CHEMBL1054,0.37,NS(=O)(=O)c1cc2c(NC(NS2(=O)=O)C(Cl)Cl)cc1Cl,68.83333333333333,DE{~B}{~B}araasa{DA{DEs{~B}~B}A{Z}Z}aarZ
CHEMBL1904754,0.99,Cc1nc2ncnn2c(O)c1CCOC(=O)c3ccccc3F,58.5,Aardasdaddsa{B}arAABA{~B}ataaaaatG
CHEMBL2208422,3.42,O[C@H](CNS(=O)(=O)c1cccc(c1)C#N)CN2CCC(CC2)Oc3ccc(Cl)c(Cl)c3,18.0,B{A*H}{ADE{~B}{~B}araaaa{ar}A^D}ADsAAA{AAs}Bataaa{Z}a{Z}at
CHEMBL1727809,3.8,O=C(NCCCCc1ccccc1)c2ccccc2,11.66666666666667,B~A{DAAAAaraaaaar}asaaaaas
CHEMBL153370,0.08,CC(C)C[C@H](NC(=O)N1CCOCC1)C(=O)NCC#N,73.66666666666667,AA{A}A{A*H}{DA{~B}DrAABAAr}A{~B}DAA^D
CHEMBL366975,0.9,NC(=O)C1CCCCC1,60.0,DA{~B}ArAAAAAr
CHEMBL407391,0.95,CN(C)c1ncnc2nc[nH]c12,59.166666666666664,AD{A}ardadasda{dH}ars
CHEMBL584991,2.7,Nc1nonc1\C(=N\O)\Nc2ccc(F)c(Cl)c2,29.999999999999996,DardbdarRA{~DRB}RDasaaa{G}a{Z}as
CHEMBL1422545,0.87,COc1ccc(cc1)S(=O)(=O)Nc2ccccn2,60.5,ABaraaa{aar}E{~B}{~B}Dasaaaads
CHEMBL1427554,2.59,Cc1ccc(cc1)c2csc3ncnc(O)c23,31.833333333333332,Aaraaa{aar}asasatdada{B}ast
CHEMBL1957361,3.0,CCOc1ccccc1c2ccc(cc2)c3nc4ccncc4c(O)c3C#N,25.0,AABaraaaaarasaaa{aas}atdauaadaaua{B}atA^D
CHEMBL2089383,1.68,COc1ccc(NC(=O)C=C)cc1,47.0,ABaraaa{DA{~B}A~A}aar
CHEMBL2331751,2.3,CC1=CN([C@H]2CCCN(C2)S(=O)(=O)c3ccc(O)c(Oc4cccc(Br)c4)c3)C(=O)NC1=O,36.66666666666667,AAr~AD{{A*H}sAAAD{As}E{~B}{~B}ataaa{B}a{Bauaaaa{X}au}at}A{~B}DAr~B
CHEMBL2207671,2.63,CS(=O)(=O)c1ccc2C(=CNC(=O)c2c1)C(=O)NC[C@@H](O)CN3CCC(CC3)Oc4ccc(Cl)c(Cl)c4,31.166666666666668,AE{~B}{~B}araaasA{~ADA{~B}asar}A{~B}DA{A**H}{B}ADtAAA{AAt}Bauaaa{Z}a{Z}au
CHEMBL2068760,0.44,CN1CCC[C@H]1c2ccccn2,67.66666666666666,ADrAAA{A*H}rasaaaads
CHEMBL187392,3.4,Oc1ccc(cc1)c2oc3ccc(O)cc3n2,18.333333333333336,Baraaa{aar}asbataaa{B}aatds
CHEMBL2216870,2.72,CC[C@H](Nc1ncnc2[nH]cnc12)C3=Nc4cccc(F)c4C(=O)N3c5ccccc5,29.66666666666666,AA{A*H}{Dardadas{dH}adars}At~Dauaaaa{G}auA{~B}Dtavaaaaav
CHEMBL558752,3.45,Cn1c(Nc2ccc(cc2)C(F)(F)F)nc3cc(Oc4ccnc(c4)c5ncc([nH]5)C(F)(F)F)ccc13,17.499999999999996,Adra{Dasaaa{aas}A{G}{G}G}dataa{Bauaada{au}avdaa{{dH}v}A{G}{G}G}aaart
CHEMBL47633,2.2,Nc1nc(ns1)c2ccccc2,38.33333333333333,Darda{dsr}asaaaaas
CHEMBL2218940,3.4,N\C(=C(/C#N)\c1ccccc1C(F)(F)F)\Sc2ccc(N)cc2,18.333333333333336,DRA{~A{LA^D}RaraaaaarA{G}{G}G}REasaaa{D}aas
CHEMBL93,2.05,CC(N(O)C(=O)N)c1cc2ccccc2s1,40.833333333333336,AA{D{B}A{~B}D}araasaaaaassr
CHEMBL1490317,1.52,Cc1onc(NC(=O)CSc2nc(C)cc(C)n2)c1,49.666666666666664,Aarbda{DA{~B}AEasda{A}aa{A}ds}ar
CHEMBL128782,3.0,COc1c(cc2ccccc2c1C(=O)N(C)C[C@@H](CCN3CCC(CC3)N4CCCNC4=O)c5ccc(Cl)c(Cl)c5)C#N,25.0,ABara{aasaaaaasarA{~B}D{A}A{A**H}{AADtAAA{AAt}DuAAADAu~B}avaaa{Z}a{Z}av}A^D
CHEMBL515605,1.44,CNC1=Nc2ncccc2C(=NC1c3ccns3)c4occc4,51.0,ADAr~DasdaaaasA{~DArataadst}aubaaau
CHEMBL1752,-1.25,CN1C(=O)N(C)c2ncn(CC(O)CO)c2C1=O,95.83333333333333,ADrA{~B}D{A}asdad{AA{B}AB}asAr~B
CHEMBL239640,2.03,CN1C(=O)CC(C)(CCc2cccc(c2)c3ccccc3)N=C1N,41.16666666666667,ADrA{~B}AA{A}{AAasaaaa{as}ataaaaat}D~ArD
CHEMBL130873,2.51,COc1cc(ccc1Cc2cn(C)c3ccc(cc23)C(=O)NCCc4ccccc4)C(=O)NS(=O)(=O)c5ccccc5C,33.16666666666667,ABaraa{aaarAasad{A}ataaa{aast}A{~B}DAAauaaaaau}A{~B}DE{~B}{~B}avaaaaavA
CHEMBL306380,4.1,Cc1ccc(cc1)c2nn(c3ncnc(N)c23)C(C)(C)C,6.666666666666672,Aaraaa{aar}asdd{atdada{D}ast}A{A}{A}A
CHEMBL218677,3.1,COc1cc2ncnc(Nc3cccc(Cl)c3F)c2cc1OC4CCN(CC(=O)N)CC4,23.333333333333332,ABaraasdada{Dataaaa{Z}atG}asaarBAuAAD{AA{~B}D}AAu
CHEMBL339059,1.75,NC(=O)c1ccc(Br)cc1,45.833333333333336,DA{~B}araaa{X}aar
CHEMBL264666,1.84,C1CCN(CC1)c2ncnc3[nH]cnc23,44.333333333333336,ArAAD{AAr}asdadat{dH}adast
CHEMBL2036595,3.6,CCOc1cccc(Nc2oc(nn2)C(=O)Nc3ccc(nc3)N4CCOCC4)c1,14.999999999999998,AABaraaaa{Dasba{dds}A{~B}Dataaa{dat}DuAABAAu}ar
CHEMBL1770464,2.03,C[C@H](Oc1ccc(SCCCCCc2ccccc2)cc1)C(=O)c3nc(C)c(CCCC(=O)O)s3,41.16666666666667,A{A*H}{Baraaa{EAAAAAasaaaaas}aar}A{~B}atda{A}a{AAAA{~B}B}st
CHEMBL1939739,3.58,Fc1ccc(CN2CCN(CC2)[C@H](c3ccc(cc3)C(=O)N4CCC4)c5cccc(NC(=O)C6CC6)c5)cc1,15.333333333333334,Garaaa{ADsAAD{AAs}{A*H}{ataaa{aat}A{~B}DuAAAu}avaaaa{DA{~B}AwAAw}av}aar
CHEMBL292303,-0.92,N[C@H](Cc1c[nH]c2ccccc12)C(=O)O,90.33333333333333,D{A*H}{Aara{dH}asaaaaars}A{~B}B
CHEMBL204887,4.05,CC(C)CN1C(=O)N(C)C(=O)c2c(SCCCO)c(Cc3ccccc3C(F)(F)F)sc12,7.500000000000003,AA{A}ADrA{~B}D{A}A{~B}asa{EAAAB}a{AataaaaatA{G}{G}G}sars
CHEMBL469007,3.97,CN1C(=O)N(CC2CC2)c3nn(Cc4ccnc5ccc(Cl)cc45)c(c6oc(cc6Cl)S(=O)(=O)C)c3C1=O,8.83333333333333,ADrA{~B}D{AAsAAs}atdd{Aauaadavaaa{Z}aauv}a{awba{aawZ}E{~B}{~B}A}atAr~B
CHEMBL1934413,1.57,C[C@H](NC(=O)c1c(C)nn(C2CCC2)c1NS(=O)(=O)c3ccc(C)cc3)C(C)(C)C,48.833333333333336,A{A*H}{DA{~B}ara{A}dd{AsAAAs}arDE{~B}{~B}ataaa{A}aat}A{A}{A}A
CHEMBL226855,1.52,Clc1ccc2C(=O)C3=C(Nc2c1)C(=O)NN(Cc4cccs4)C3=O,49.666666666666664,ZaraaasA{~B}At~A{Dasar}A{~B}DD{Aauaaasu}At~B
CHEMBL2165067,0.83,COc1ccc2N=CC(=O)N(CCN3CC[C@@H](NCc4ccc5OCC(=O)Nc5n4)[C@@H](F)C3)c2c1,61.166666666666664,ABaraaasD~AA{~B}D{AADtAA{A**H}{DAauaaavBAA{~B}Davdu}{A**H}{G}At}asar
CHEMBL2017259,2.2,O=C(Nc1ccc(nc1)n2ccnc2)c3ccc(cc3)C#N,38.33333333333333,B~A{Daraaa{dar}dsaadas}ataaa{aat}A^D
CHEMBL1571558,1.1,Nc1[nH]ncc1S(=O)(=O)c2ccccc2,56.666666666666664,Dar{dH}daarE{~B}{~B}asaaaaas
CHEMBL1916279,1.46,Cc1ccc(cc1)S(=O)(=O)Nc2c(C(=O)NCC(C)(C)C)c(C)nn2c3ccccc3,50.666666666666664,Aaraaa{aar}E{~B}{~B}Dasa{A{~B}DAA{A}{A}A}a{A}ddsataaaaat
CHEMBL2030442,1.7,CS(=O)(=O)Cc1cc(nc(n1)c2cccc3[nH]ccc23)N4CCOCC4,46.666666666666664,AE{~B}{~B}Aaraa{da{dr}asaaaat{dH}aaast}DuAABAAu
CHEMBL1933596,1.72,C[C@H]1O[C@H]([C@H](O)[C@@H]1O)n2cnc3c(N)nc(OCC4CCC(F)(F)CC4)nc23,46.333333333333336,A{A*H}rB{A*H}{{A*H}{B}{A**H}rB}dsadata{D}da{BAAuAAA{G}{G}AAu}dast
CHEMBL325475,3.75,CCn1c2ccccc2c3cc(NC(=O)CCc4ccncc4)ccc13,12.5,AAdrasaaaaasataa{DA{~B}AAauaadaau}aaart
CHEMBL1778647,0.62,CCS(=O)(=O)c1ccc(c2cc(Cl)ccc2OCC(=O)O)c(c1)C(F)(F)F,64.66666666666667,AAE{~B}{~B}araaa{asaa{Z}aaasBAA{~B}B}a{ar}A{G}{G}G
CHEMBL2158775,2.77,COc1ccccc1C[C@H](N2CCC(CN3CCC(CC3)Oc4ccc(Cl)c(Cl)c4)CC2)C(=O)O,28.833333333333332,ABaraaaaarA{A*H}{DsAAA{ADtAAA{AAt}Bauaaa{Z}a{Z}au}AAs}A{~B}B
CHEMBL1683035,2.36,COc1cc2nnc(C(=O)N)c(Nc3ccc(F)cc3F)c2cc1N4CCN(C)CC4,35.666666666666664,ABaraasdda{A{~B}D}a{Dataaa{G}aatG}asaarDuAAD{A}AAu
CHEMBL247366,2.3,Fc1ccc2cn[nH]c2c1,36.66666666666667,Garaaasad{dH}asar
CHEMBL2169919,2.4,CC(C)N(CCCNC(=O)Nc1ccc(cc1)C(C)(C)C)C[C@H]2O[C@H]([C@H](O)[C@@H]2O)n3ccc4c(N)ncnc34,35.0,AA{A}D{AAADA{~B}Daraaa{aar}A{A}{A}A}A{A*H}sB{A*H}{{A*H}{B}{A**H}sB}dtaaaua{D}dadatu
CHEMBL488,0.6,CCC1(CCC(=O)NC1=O)c2ccc(N)cc2,65.0,AAAr{AAA{~B}DAr~B}asaaa{D}aas
CHEMBL515,1.47,OC(=O)CCCc1ccc(cc1)N(CCCl)CCCl,50.5,BA{~B}AAAaraaa{aar}D{AAZ}AAZ
CHEMBL367556,0.66,NC1=NC2(CCN(CC2)C(=O)c3ccc(cc3)C#N)Nc4cccc(F)c14,64.0,DAr~DAs{AAD{AAs}A{~B}ataaa{aat}A^D}Dauaaaa{G}aru
CHEMBL1782167,3.36,Cc1ccc(cc1c2ccc(nc2)C(=O)NCC3CC3)C(=O)NC4CC4,19.000000000000004,Aaraaa{aarasaaa{das}A{~B}DAAtAAt}A{~B}DAuAAu
CHEMBL1369407,3.17,CC(C)N=C1C=C2N(c3ccc(Cl)cc3)c4ccccc4N=C2C=C1Nc5ccc(Cl)cc5,22.166666666666668,AA{A}D~ArA~AsD{ataaa{Z}aat}auaaaaauD~AsA~ArDavaaa{Z}aav
CHEMBL2165061,0.97,CO[C@@H]1CN(CCN2C(=O)C=Nc3ccc(OC)cc23)CC[C@H]1NCc4ccc5OCC(=O)Nc5n4,58.833333333333336,AB{A**H}rAD{AADsA{~B}A~Dataaa{BA}aast}AA{A*H}rDAauaaavBAA{~B}Davdu
CHEMBL1475400,1.69,Oc1cc(OCc2ccccc2)ccn1,46.833333333333336,Baraa{BAasaaaaas}aadr
CHEMBL322640,2.6,CN(C)CC(O)COc1ccc(Nc2cc(Nc3cc(Cl)ccc3Cl)ncn2)cc1,31.666666666666668,AD{A}AA{B}ABaraaa{Dasaa{Dataa{Z}aaatZ}dads}aar
CHEMBL218573,3.15,CC(C)CN1C(=O)N(C)C(=O)c2c1sc(Cc3ccccc3C(F)(F)F)c2C(=O)N4C[C@H](O)CO4,22.5,AA{A}ADrA{~B}D{A}A{~B}asarsa{AataaaaatA{G}{G}G}asA{~B}DuA{A*H}{B}ABu
CHEMBL1995703,2.84,CN1CCN(CC1)c2ccc(Nc3ncc(C)c(Nc4cccc(c4)S(=O)(=O)NC(C)(C)C)n3)cc2,27.666666666666668,ADrAAD{AAr}asaaa{Datdaa{A}a{Dauaaaa{au}E{~B}{~B}DA{A}{A}A}dt}aas
CHEMBL2333993,2.22,COc1cc2ncnc(Nc3ccncc3)c2cc1OC,37.99999999999999,ABaraasdada{Dataadaat}asaarBA
CHEMBL1345333,3.37,N(c1ccccc1)c2[nH]nnc2c3ccccc3,18.833333333333332,D{araaaaar}as{dH}ddasataaaaat
CHEMBL2070951,1.66,O=C(NC1(CC1)C#N)[C@@H]2CCCC[C@H]2C(=O)N3CCN(CC3)c4nc5cnccc5s4,47.333333333333336,B~A{DAr{AAr}A^D}{A**H}sAAAA{A*H}sA{~B}DtAAD{AAt}audavadaaavsu
CHEMBL1944695,1.11,O[C@@H](CNCCc1ccc(CNCCc2ccccc2)cc1)c3ccc(O)c4NC(=O)Sc34,56.49999999999999,B{A**H}{ADAAaraaa{ADAAasaaaaas}aar}ataaa{B}auDA{~B}Eatu
CHEMBL17,0.92,NS(=O)(=O)c1cc(Cl)c(Cl)c(c1)S(=O)(=O)N,59.666666666666664,DE{~B}{~B}araa{Z}a{Z}a{ar}E{~B}{~B}D
CHEMBL1524763,3.1,Fc1ccc(cc1)c2cn3ccccc3n2,23.333333333333332,Garaaa{aar}asadtaaaaatds
CHEMBL196444,1.0,Fc1ccc(CC2=NNC(=O)c3ccccc23)cc1N4C(=O)CCC4=O,58.333333333333336,Garaaa{AAs~DDA{~B}ataaaaast}aarDuA{~B}AAAu~B
CHEMBL190270,3.82,O=C(Nc1cc(nn1c2ccccc2)c3ccccc3)c4cccc(c4)C#N,11.333333333333336,B~A{Daraa{ddrasaaaaas}ataaaaat}auaaaa{au}A^D
CHEMBL1230668,-1.45,CN(C)c1cccc2c(cccc12)S(=O)(=O)N(C)CC(=O)O,99.16666666666667,AD{A}araaaasa{aaaars}E{~B}{~B}D{A}AA{~B}B
CHEMBL233227,1.99,Cc1cc(on1)c2ccc(cc2F)N3C[C@H](Cn4ccnn4)OC3=O,41.83333333333333,Aaraa{bdr}asaaa{aasG}DtA{A*H}{Aduaaddu}BAt~B
CHEMBL112747,2.06,COc1ccnc(NC2CCN(CC2)C(=O)c3ccccc3)c1,40.666666666666664,ABaraada{DAsAAD{AAs}A{~B}ataaaaat}ar
CHEMBL1834184,3.4,CCC(=O)N[C@H]1CC[C@H](C1)C(=O)N(C)c2ccc(cc2)c3oc4ccccc4n3,18.333333333333336,AAA{~B}D{A*H}rAA{A*H}{Ar}A{~B}D{A}asaaa{aas}atbauaaaaaudt
CHEMBL205133,1.94,Nc1c(cnn1c2ccc(F)cc2)C(=O)c3cccc(OC[C@H](O)CO)c3,42.666666666666664,Dara{addrasaaa{G}aas}A{~B}ataaaa{BA{A*H}{B}AB}at
CHEMBL1957841,3.3,O=C1C=C(N=C2N(Cc3cccc4ccccc34)C=CN12)N5CCOCC5,20.000000000000004,B~ArA~A{D~AsD{Aataaaauaaaaatu}A~ADrs}DvAABAAv
CHEMBL300791,3.3,COc1cc2ncnc(Nc3ccc(F)c(Cl)c3)c2cc1OCCN4CCN(C)CC4,20.000000000000004,ABaraasdada{Dataaa{G}a{Z}at}asaarBAADuAAD{A}AAu
CHEMBL225519,1.49,O=C1NCCc2[nH]c(cc12)c3ccncc3,50.166666666666664,B~ArDAAas{dH}a{aars}ataadaat
CHEMBL369311,3.0,CCN(C1CCN(CCC(c2ccccc2)c3ccccc3)CC1)C(=O)Cc4ccc(cc4)S(=O)(=O)C,25.0,AAD{ArAAD{AAA{asaaaaas}ataaaaat}AAr}A{~B}Aauaaa{aau}E{~B}{~B}A
CHEMBL214957,2.74,COc1cc(ccc1OCCN2CCCC2)N3C=Nc4cc(sc4C3=O)c5ccc(Cl)cc5,29.33333333333333,ABaraa{aaarBAADsAAAAs}DtA~Dauaa{sauAt~B}avaaa{Z}aav
CHEMBL224615,2.34,CN(C)c1ccnc2sc3C(=O)N(C=Nc3c12)c4ccccc4,36.0,AD{A}araadassatA{~B}D{A~Datars}auaaaaau
CHEMBL287200,2.8,CN1CCc2c(NC(=O)Cc3ccccc3)c4ccccc4nc12,28.33333333333334,ADrAAasa{DA{~B}Aataaaaat}auaaaaaudars
CHEMBL1933593,1.83,C[C@H]1O[C@H]([C@H](O)[C@@H]1O)n2cnc3c(N)nc(OC(C4CC4)C(F)(F)F)nc23,44.5,A{A*H}rB{A*H}{{A*H}{B}{A**H}rB}dsadata{D}da{BA{AuAAu}A{G}{G}G}dast
CHEMBL89363,1.2,Cc1c[nH]c(\C=C\2/C(=O)Nc3ccccc23)c1CCC(=O)O,55.0,Aara{dH}a{RA~ARsLA{~B}Dataaaaast}arAAA{~B}B
CHEMBL478828,3.43,COc1ccc(Nc2nccc(n2)c3cnc(C)n3C(C)C)cc1,17.833333333333332,ABaraaa{Dasdaaa{ds}atada{A}dtA{A}A}aar
CHEMBL1650726,1.82,C[C@H](Oc1ncc(Cl)c(Nc2cc(C)[nH]n2)n1)c3ncc(F)cn3,44.666666666666664,A{A*H}{Bardaa{Z}a{Dasaa{A}{dH}ds}dr}atdaa{G}adt
CHEMBL563784,2.09,Clc1cnc(cc1C(=O)NCC23CC4CC(CC(C4)C2)C3)N5CCNCC5,40.166666666666664,Zarada{aarA{~B}DAAstAAuAA{AA{Au}As}At}DvAADAAv
CHEMBL1917422,3.25,Cc1c(Sc2ccc(Cl)cc2)c3cc(Cl)ccc3n1Cc4nnn[nH]4,20.833333333333332,Aara{Easaaa{Z}aas}ataa{Z}aaatdrAauddd{dH}u
CHEMBL1644,-0.86,CC1=C(N2[C@H](SC1)[C@H](NC(=O)[C@H](N)c3ccc(O)cc3)C2=O)C(=O)O,89.33333333333333,AAr~A{Ds{A*H}{EAr}{A*H}{DA{~B}{A*H}{D}ataaa{B}aat}As~B}A{~B}B
CHEMBL900,1.47,CN(C)CCOC(c1ccccc1)c2ccccc2C,50.5,AD{A}AABA{araaaaar}asaaaaasA
CHEMBL2087084,3.1,CC(C)c1noc(n1)N2CCN([C@H](C)C2)c3ncc(OCc4ccncc4C#N)cn3,23.333333333333332,AA{A}ardba{dr}DsAAD{{A*H}{A}As}atdaa{BAauaadaauA^D}adt
CHEMBL1939560,2.9,C[C@@H](N(CC1CCS(=O)(=O)CC1)C(=O)Cc2ccc(c(F)c2)C(F)(F)F)C3=Nc4ncccc4C(=O)N3c5ccc(Cl)cc5,26.666666666666668,A{A**H}{D{AArAAE{~B}{~B}AAr}A{~B}Aasaaa{a{G}as}A{G}{G}G}At~DaudaaaauA{~B}Dtavaaa{Z}aav
CHEMBL583390,3.4,CCOc1ccc2nc(NC(=O)CC)sc2c1,18.333333333333336,AABaraaasda{DA{~B}AA}sasar
CHEMBL2331742,-1.28,CC1=CN([C@H]2CCCN(C2)S(=O)(=O)c3ccc(C(=O)O)c(Oc4cccc(Cl)c4)c3)C(=O)NC1=O,96.33333333333333,AAr~AD{{A*H}sAAAD{As}E{~B}{~B}ataaa{A{~B}B}a{Bauaaaa{Z}au}at}A{~B}DAr~B
CHEMBL1164165,2.5,[O-][N+](=O)c1ccc(cc1)C2=Nc3ccccc3C(=O)N2,33.333333333333336,{BM}{DP}{~B}araaa{aar}As~DataaaaatA{~B}Ds
CHEMBL199237,2.7,O=C(NCc1ccccn1)c2ccc(Oc3ccccc3)cc2,29.999999999999996,B~A{DAaraaaadr}asaaa{Bataaaaat}aas
CHEMBL2177157,2.66,CN1CCN(CC1)S(=O)(=O)c2ccc(cc2F)c3cnc(N)c(n3)C(=O)Nc4cccnc4,30.666666666666668,ADrAAD{AAr}E{~B}{~B}asaaa{aasG}atada{D}a{dt}A{~B}Dauaaadau
CHEMBL575073,2.55,COc1ccccc1C2=COc3cc(O)ccc3C2=O,32.50000000000001,ABaraaaaarAs~ABataa{B}aaatAs~B
CHEMBL2326472,1.06,Cn1cc(CN2CCc3cc4nc(N)sc4cc3CC2)cn1,57.333333333333336,Adraa{ADsAAataauda{D}sauaatAAs}adr
CHEMBL1402150,2.0,Fc1ccc(cc1F)N2C=CN=C(SCC(=O)NC3CCCC3)C2=O,41.666666666666664,Garaaa{aarG}DsA~AD~A{EAA{~B}DAtAAAAt}As~B
CHEMBL113905,1.91,CC(C)C(NC(=O)CN1C(=O)C(=CC=C1c2ccccc2)NC(=O)OCc3ccccn3)C(=O)C(F)(F)F,43.166666666666664,AA{A}A{DA{~B}ADrA{~B}A{~AA~Arasaaaaas}DA{~B}BAataaaadt}A{~B}A{G}{G}G
CHEMBL1606366,3.35,Cn1c(SCc2c(Cl)cccc2Cl)nnc1c3ccc4nonc4c3,19.166666666666664,Adra{EAasa{Z}aaaasZ}ddarataaaudbdauat
CHEMBL238620,1.96,COc1ccc(cc1)C(=O)CS(=O)(=O)c2ccccc2,42.333333333333336,ABaraaa{aar}A{~B}AE{~B}{~B}asaaaaas
CHEMBL90125,3.42,CN(C)CC\C=C\1/c2ccccc2Sc3ccc(Cl)cc13,18.0,AD{A}AARA~ARrLasaaaaasEataaa{Z}aart
CHEMBL2036738,3.2,Clc1ccc(cc1)C2(CCC2)C(=O)Nc3oc(nn3)C(=O)Nc4ccc(cc4)N5CCOCC5,21.66666666666666,Zaraaa{aar}As{AAAs}A{~B}Datba{ddt}A{~B}Dauaaa{aau}DvAABAAv
CHEMBL257027,2.75,C[C@H](CO)Nc1nc(SCc2ccccc2)nc3NC(=O)Nc13,29.166666666666668,A{A*H}{AB}Darda{EAasaaaaas}datDA{~B}Dart
CHEMBL2335882,2.65,COCCN(C)Cc1ccc(Nc2ncc3cc(ccc3n2)c4ccncc4)cc1,30.833333333333332,ABAAD{A}Aaraaa{Dasdaataa{aaatds}auaadaau}aar
CHEMBL1197051,0.56,CC(COc1ccccc1)NC(C)C(O)c2ccc(O)cc2,65.66666666666667,AA{ABaraaaaar}DA{A}A{B}asaaa{B}aas
CHEMBL2010835,2.9,CN(C1CCN(Cc2ccc(cc2)C(F)(F)F)CC1)C(=O)Cc3ccc(NC(=O)C)cc3,26.666666666666668,AD{ArAAD{Aasaaa{aas}A{G}{G}G}AAr}A{~B}Aataaa{DA{~B}A}aat
CHEMBL1683446,3.27,C[C@@H](C[C@@](C)(CS(=O)(=O)N1CCN(CCc2ccc(Cl)cc2Cl)CC1)N(O)C=O)c3ncc(F)cn3,20.5,A{A**H}{A{A**}{A}{AE{~B}{~B}DrAAD{AAasaaa{Z}aasZ}AAr}D{B}A~B}atdaa{G}adt
CHEMBL1614709,2.9,CN1CCN(CC1)c2ccc(Nc3ncc(F)c(N[C@@H]4[C@@H]5C[C@@H](C=C5)[C@@H]4C(=O)N)n3)cc2C,26.666666666666668,ADrAAD{AAr}asaaa{Datdaa{G}a{D{A**H}u{A**H}vA{A**H}{A~Av}{A**H}uA{~B}D}dt}aasA
CHEMBL1420171,1.74,Cc1ccc2c(c1)c(Sc3ccccc3)c(CC(=O)O)n2C,46.0,Aaraaasa{ar}a{Eataaaaat}a{AA{~B}B}dsA
CHEMBL476577,2.76,CC(C)n1c(C)ncc1c2nc(Nc3ccc(cc3)N4CC(C4)NC(=O)C)ncc2F,29.000000000000004,AA{A}dra{A}daarasda{Dataaa{aat}DuAA{Au}DA{~B}A}daasG
CHEMBL206956,1.07,NC(=O)c1cc2ccccc2nc1N,57.166666666666664,DA{~B}araasaaaaasdarD
CHEMBL129660,0.6,O=C(N1CCNCC1)c2cc3ccccc3[nH]2,65.0,B~A{DrAADAAr}asaataaaaat{dH}s
CHEMBL1288718,3.71,N#CCc1c[nH]c2ccc(OCc3ccccc3)cc12,13.166666666666666,D^AAara{dH}asaaa{BAataaaaat}aars
CHEMBL2010852,2.1,CN([C@@H]1CCN(Cc2nc3ccccc3s2)C[C@@H]1F)C(=O)Cc4ccc(cc4)S(=O)(=O)C,40.0,AD{{A**H}rAAD{Aasdataaaaatss}A{A**H}rG}A{~B}Aauaaa{aau}E{~B}{~B}A
CHEMBL1950720,2.47,CN[C@@H](C)C(=O)N[C@@H](C1CCCCC1)C(=O)N2CC[C@H]3CCN(CCc4ccccc4)C[C@@H]23,33.83333333333333,AD{A**H}{A}A{~B}D{A**H}{ArAAAAAr}A{~B}DsAA{A*H}tAAD{AAauaaaaau}A{A**H}st
CHEMBL428848,1.05,CC(C)C(NC(=O)CN1C(=O)C(=CN=C1c2ccc(F)cc2)N)C(=O)C(F)(F)F,57.5,AA{A}A{DA{~B}ADrA{~B}A{~AD~Arasaaa{G}aas}D}A{~B}A{G}{G}G
CHEMBL2088108,2.5,Cc1cc(Nc2ccnc(NCc3onc(c3)C4CC4)n2)n[nH]1,33.333333333333336,Aaraa{Dasaada{DAatbda{at}AuAAu}ds}d{dH}r
CHEMBL1916537,0.66,COc1ccc2CCC(=O)N(CCN3CCC(CC3)NCc4ccc5OCC(=O)Nc5n4)c2c1,64.0,ABaraaasAAA{~B}D{AADtAAA{AAt}DAauaaavBAA{~B}Davdu}asar
CHEMBL184243,2.46,COc1cccc(c1)C(=O)NCCCOc2cccc3ccc(N)nc23,34.0,ABaraaaa{ar}A{~B}DAAABasaaaataaa{D}dast
CHEMBL2058533,3.24,Cc1ccc(cc1)c2ccc(F)cc2COc3ccc(CCC(=O)O)cc3,20.999999999999996,Aaraaa{aar}asaaa{G}aasABataaa{AAA{~B}B}aat
CHEMBL1200558,-0.46,CC[C@H](C)[C@H](N)C1=N[C@@H](CS1)C(=O)N[C@@H](CC(C)C)C(=O)N[C@H](CCC(=O)O)C(=O)N[C@@H]([C@@H](C)CC)C(=O)N[C@H]2CCCCNC(=O)[C@H](CC(=O)N)NC(=O)[C@@H](CC(=O)O)NC(=O)[C@H](Cc3cnc[nH]3)NC(=O)[C@@H](Cc4ccccc4)NC(=O)[C@@H](NC(=O)[C@@H](CCCN)NC2=O)[C@@H](C)CC,82.66666666666667,AA{A*H}{A}{A*H}{D}Ar~D{A**H}{AEr}A{~B}D{A**H}{AA{A}A}A{~B}D{A*H}{AAA{~B}B}A{~B}D{A**H}{{A**H}{A}AA}A{~B}D{A*H}sAAAADA{~B}{A*H}{AA{~B}D}DA{~B}{A**H}{AA{~B}B}DA{~B}{A*H}{Aatada{dH}t}DA{~B}{A**H}{Aauaaaaau}DA{~B}{A**H}{DA{~B}{A**H}{AAAD}DAs~B}{A**H}{A}AA
CHEMBL207687,3.42,COc1cc2ncnc(Nc3cccc(Cl)c3F)c2cc1CN(C)[C@@H](C)C(=O)N,18.0,ABaraasdada{Dataaaa{Z}atG}asaarAD{A}{A**H}{A}A{~B}D
CHEMBL44793,1.52,OC(=O)c1[nH]c2cc(Cl)cc(Cl)c2c1\C=C\C(=O)Nc3ccccc3,49.666666666666664,BA{~B}ar{dH}asaa{Z}aa{Z}asarRA~ARA{~B}Dataaaaat
CHEMBL324983,2.84,CC(C)C(NC(=O)CN1C(=O)C(=CC=C1c2ccccc2)NC(=O)NCc3cccnc3)C(=O)C(F)(F)F,27.666666666666668,AA{A}A{DA{~B}ADrA{~B}A{~AA~Arasaaaaas}DA{~B}DAataaadat}A{~B}A{G}{G}G
CHEMBL1682956,3.45,CC[C@H](NC(=O)c1c([S+]([O-])CC)c(nc2ccccc12)c3ccccc3)c4ccccc4,17.499999999999996,AA{A*H}{DA{~B}ara{{EP}{{BM}}AA}a{dasaaaaars}ataaaaat}auaaaaau
CHEMBL1980161,1.7,Nc1n[nH]c2c(Cl)cccc12,46.666666666666664,Dard{dH}asa{Z}aaaars
CHEMBL1256487,0.49,NC(=O)c1cccc(OC2CCN(CC3CC3)CC2)c1,66.83333333333333,DA{~B}araaaa{BAsAAD{AAtAAt}AAs}ar
CHEMBL1643196,1.38,Cc1cc(CN2Cc3ccccc3C2C(=O)Nc4ccc(Cl)cc4)ccc1OCC(=O)O,52.0,Aaraa{ADsAataaaaatAsA{~B}Dauaaa{Z}aau}aaarBAA{~B}B
CHEMBL383696,4.21,CC(C)CN1C(=O)N(C)C(=O)c2c(SC3CCCC3)c(Cc4ccccc4C(F)(F)F)sc12,4.833333333333334,AA{A}ADrA{~B}D{A}A{~B}asa{EAtAAAAt}a{AauaaaaauA{G}{G}G}sars
CHEMBL2158840,2.68,OC(=O)[C@H](Cc1cccc(F)c1)N2CCC(CN3CCC(CC3)Oc4ccc(Cl)c(Cl)c4)CC2,30.33333333333333,BA{~B}{A*H}{Aaraaaa{G}ar}DsAAA{ADtAAA{AAt}Bauaaa{Z}a{Z}au}AAs
CHEMBL422648,0.47,CC1SC2=C(C(=O)O)C(=O)c3cc(F)c(cc3N12)N4CCN(CC5=C(C)OC(=O)O5)CC4,67.16666666666667,AArEAs~A{A{~B}B}A{~B}ataa{G}a{aatDrs}DuAAD{AAv~A{A}BA{~B}Bv}AAu
CHEMBL2010844,3.3,CN([C@H]1CCN(Cc2ccc(cc2)C(F)(F)F)C[C@H]1F)C(=O)Cc3ccc(cc3)n4cnnn4,20.000000000000004,AD{{A*H}rAAD{Aasaaa{aas}A{G}{G}G}A{A*H}rG}A{~B}Aataaa{aat}duadddu
CHEMBL175627,0.8,CC(=O)NC[C@H]1CN(C(=O)O1)c2ccc(c(F)c2)n3cc(nn3)C#N,61.666666666666664,AA{~B}DA{A*H}rAD{A{~B}Br}asaaa{a{G}as}dtaa{ddt}A^D
CHEMBL1824034,0.83,COC(=O)c1ccc2OCC(=O)N(CCN3CCC(CC3)NCc4ccc5OCC(=O)Nc5n4)c2c1,61.166666666666664,ABA{~B}araaasBAA{~B}D{AADtAAA{AAt}DAauaaavBAA{~B}Davdu}asar
CHEMBL402934,3.9,Clc1ccc2OCOc2c1Nc3ccnc(Nc4ccccc4)n3,10.000000000000002,ZaraaasBABasarDataada{Dauaaaaau}dt
CHEMBL214665,2.98,COc1cc(OC2CCN(C)CC2)c3c(Nc4c(Cl)ccc5OCOc45)ncnc3c1,25.333333333333332,ABaraa{BAsAAD{A}AAs}ata{Daua{Z}aaavBABauv}dadatar
CHEMBL1643200,2.41,Cc1cc(CN2Cc3ccccc3C[C@H]2C(=O)Nc4ccc(Cl)cc4Cl)ccc1OCC(=O)O,34.833333333333336,Aaraa{ADsAataaaaatA{A*H}sA{~B}Dauaaa{Z}aauZ}aaarBAA{~B}B
CHEMBL1957038,3.8,Oc1ccc(cc1)C2=Cc3ccc(O)cc3OC2,11.66666666666667,Baraaa{aar}As~Aataaa{B}aatBAs
CHEMBL139725,0.83,OB(O)c1ccccc1C=O,61.166666666666664,BB{B}araaaaarA~B
CHEMBL1566034,1.21,O=C(N1CC(=O)Nc2ccccc12)c3occc3,54.833333333333336,B~A{DrAA{~B}Dasaaaaars}atbaaat
CHEMBL108249,1.57,Oc1ccc(CCNCCCS(=O)(=O)NCCOCCc2ccc(F)cc2)c3sc(O)nc13,48.833333333333336,Baraaa{AADAAAE{~B}{~B}DAABAAasaaa{G}aas}atsa{B}dart
CHEMBL211175,2.55,CCN(C1CCN(CC[C@H](c2ccc(cc2)S(=O)(=O)C)c3cc(F)c(F)c(F)c3)CC1)C(=O)Cc4ccc(cc4)S(=O)(=O)C,32.50000000000001,AAD{ArAAD{AA{A*H}{asaaa{aas}E{~B}{~B}A}ataa{G}a{G}a{G}at}AAr}A{~B}Aauaaa{aau}E{~B}{~B}A
CHEMBL2086668,3.5,C[C@@H]1CN(CCN1c2ncc(OCC3CCN(CC3)S(=O)(=O)C)cn2)C(=O)OC(C)(C)C,16.666666666666668,A{A**H}rAD{AADrasdaa{BAAtAAD{AAt}E{~B}{~B}A}ads}A{~B}BA{A}{A}A
CHEMBL75200,0.2,O=C1C=CN=C2C=CC=CN12,71.66666666666667,B~ArA~AD~AsA~AA~ADrs
CHEMBL2164742,0.11,O[C@@H]1CN(CCN2C(=O)C=Cc3ccc(cc23)C#N)CC[C@@H]1NCc4ccc5OCC(=O)Nc5n4,73.16666666666666,B{A**H}rAD{AADsA{~B}A~Aataaa{aast}A^D}AA{A**H}rDAauaaavBAA{~B}Davdu
CHEMBL1645493,1.01,CNC(=O)c1ccc2C(=O)C=C(Nc2c1)c3cccnc3,58.166666666666664,ADA{~B}araaasA{~B}A~A{Dasar}ataaadat
CHEMBL1270279,2.78,Clc1n[nH]c2cccc(Nc3ccnc(Nc4cc(cc(c4)N5CCOCC5)N6CCOCC6)n3)c12,28.66666666666667,Zard{dH}asaaaa{Dataada{Dauaa{aa{au}DvAABAAv}DwAABAAw}dt}ars
CHEMBL256117,2.82,Nc1ccccc1NC(=O)c2ccc(cc2)c3ncc(CN4CCCCC4)s3,28.000000000000004,DaraaaaarDA{~B}asaaa{aas}atdaa{ADuAAAAAu}st
CHEMBL2147475,-0.04,COc1cc(ccc1OC[C@H](OP(=O)(O)O)C2CC2)N3C=Nc4cc(sc4C3=O)c5ccc(Cl)cc5,75.66666666666667,ABaraa{aaarBA{A*H}{BK{~B}{B}B}AsAAs}DtA~Dauaa{sauAt~B}avaaa{Z}aav
CHEMBL1609158,3.37,CCCC(=O)Nc1ccc(Cl)c(c1)c2oc3cccnc3n2,18.833333333333332,AAAA{~B}Daraaa{Z}a{ar}asbataaadatds
CHEMBL2031556,-0.05,O=C(Nc1cccc(c1)c2nnn[nH]2)c3cccc4[nH]cnc34,75.83333333333333,B~A{Daraaaa{ar}asddd{dH}s}ataaaau{dH}adatu
CHEMBL1917431,0.54,Cc1c(Sc2ccc(Cl)cc2)c3cc(ccc3n1CC(=O)O)S(=O)(=O)C,66.0,Aara{Easaaa{Z}aas}ataa{aaatdrAA{~B}B}E{~B}{~B}A
CHEMBL1917446,0.06,Cc1ccc2c(c1)c(c(C)n2CC(=O)O)S(=O)(=O)c3ccc(Cl)cc3,74.00000000000001,Aaraaasa{ar}a{a{A}dsAA{~B}B}E{~B}{~B}ataaa{Z}aat
CHEMBL314437,0.8,CCC1(CCCCN(C)C1)c2cccc(O)c2,61.666666666666664,AAAr{AAAAD{A}Ar}asaaaa{B}as
CHEMBL303165,2.5,COc1ccc(cc1)S(=O)(=O)NC2=CC=C(N(CC(=O)NC(C(C)C)C(=O)C(F)(F)F)C2=O)c3ccccc3,33.333333333333336,ABaraaa{aar}E{~B}{~B}DAs~AA~A{D{AA{~B}DA{A{A}A}A{~B}A{G}{G}G}As~B}ataaaaat
CHEMBL2207603,-0.53,COc1cc(OC)c(cc1NC(=O)CCC(=O)O)S(=O)(=O)N2c3ccccc3Oc4ccccc24,83.83333333333333,ABaraa{BA}a{aarDA{~B}AAA{~B}B}E{~B}{~B}DsataaaaatBauaaaaasu
CHEMBL321467,2.62,Oc1ccc(CCNCCCS(=O)(=O)NCCOCCc2cccc(c2)C(F)(F)F)c3sc(O)nc13,31.333333333333332,Baraaa{AADAAAE{~B}{~B}DAABAAasaaaa{as}A{G}{G}G}atsa{B}dart
CHEMBL2059005,2.9,CCCSc1nc2ccc(NC(=O)CCNC(=O)N)cc2s1,26.666666666666668,AAAEardasaaa{DA{~B}AADA{~B}D}aassr
CHEMBL2349312,4.3,CC(C)C[C@H](CO)Nc1nc(S[C@@H](C)c2ccccc2)nc3NC(=O)Sc13,3.333333333333336,AA{A}A{A*H}{AB}Darda{E{A**H}{A}asaaaaas}datDA{~B}Eart
CHEMBL1180237,0.7,CCC(N1NC(=O)c2nc3cc(Cl)ccc3c(O)c2C1=O)c4cccnc4,63.333333333333336,AAA{DrDA{~B}asdataa{Z}aaata{B}asAr~B}auaaadau
CHEMBL1650735,2.18,COc1cc(Nc2cc(nc(N[C@@H](C)c3ncc(F)cn3)n2)N4CCOCC4)n[nH]1,38.666666666666664,ABaraa{Dasaa{da{D{A**H}{A}atdaa{G}adt}ds}DuAABAAu}d{dH}r
CHEMBL1224216,2.1,NC(=O)c1ccc(O[C@H]2C[C@H]3CC[C@@H](C2)N3Cc4ccccc4)c(F)c1,40.0,DA{~B}araaa{B{A*H}sA{A*H}tAA{A**H}{As}DtAauaaaaau}a{G}ar
CHEMBL183293,3.5,CN(C1CCN(CCC(c2ccccc2)c3ccccc3)CC1)C(=O)Cc4ccc(Cl)cc4,16.666666666666668,AD{ArAAD{AAA{asaaaaas}ataaaaat}AAr}A{~B}Aauaaa{Z}aau
CHEMBL220346,3.0,Nc1ncccc1NCc2cccc(c2)c3cccnc3,25.0,DardaaaarDAasaaaa{as}ataaadat
CHEMBL2036757,3.57,Clc1ccc(NC(=O)N2CCN(C[C@@H]3CCCN(C3)C4CC4)CC2)cc1Cl,15.500000000000002,Zaraaa{DA{~B}DsAAD{A{A**H}tAAAD{At}AuAAu}AAs}aarZ
CHEMBL2177758,-0.1,Nc1nnc(CCSCCc2nnc(N)s2)s1,76.66666666666666,Dardda{AAEAAasdda{D}ss}sr
CHEMBL2030961,-0.05,CNc1cccc(CCOc2ccc(C[C@H](NC(=O)c3c(Cl)cccc3Cl)C(=O)O)cc2F)n1,75.83333333333333,ADaraaaa{AABasaaa{A{A*H}{DA{~B}ata{Z}aaaatZ}A{~B}B}aasG}dr
CHEMBL477568,2.39,CC(C)n1c(C)ncc1c2ccnc(Nc3ccc(cc3)N4CCN(CC4)C(=O)C)n2,35.166666666666664,AA{A}dra{A}daarasaada{Dataaa{aat}DuAAD{AAu}A{~B}A}ds
CHEMBL513533,2.71,CN1C(=O)N(CC2CC2)c3nn(Cc4ccnc5ccc(Cl)cc45)c(c6oc(cc6)S(=O)(=O)C)c3C1=O,29.833333333333332,ADrA{~B}D{AAsAAs}atdd{Aauaadavaaa{Z}aauv}a{awba{aaw}E{~B}{~B}A}atAr~B
CHEMBL2335892,2.98,COCCC(=O)NC(C)c1ccc(Nc2ncc3cc(ccc3n2)c4ccncc4)cc1,25.333333333333332,ABAAA{~B}DA{A}araaa{Dasdaataa{aaatds}auaadaau}aar
CHEMBL191413,0.51,CC(C)Cc1ccc(cc1)[C@@H](C)C(=O)NS(=O)(=O)C,66.5,AA{A}Aaraaa{aar}{A**H}{A}A{~B}DE{~B}{~B}A
CHEMBL298384,2.6,COC(=O)CCCCCCC(=O)Nc1ccc2C(=O)C(=O)c3ccccc3c2c1,31.666666666666668,ABA{~B}AAAAAAA{~B}DaraaasA{~B}A{~B}ataaaaatasar
CHEMBL283334,3.6,Oc1cc(O)c2C(=O)C(=COc2c1)c3ccc(F)cc3,14.999999999999998,Baraa{B}asA{~B}A{~ABasar}ataaa{G}aat
CHEMBL2062565,2.69,CC(=O)Nc1cnc2ccn(c3cc(NC4CC4)n5ncc(C#N)c5n3)c2c1,30.166666666666668,AA{~B}Daradasaad{ataa{DAuAAu}dvdaa{A^D}avdt}asar
CHEMBL1689123,0.44,CC[C@H]1CN(Cc2cc(Cl)ccc2OCC(=O)O)CCN1S(=O)(=O)c3ccccc3,67.66666666666666,AA{A*H}rAD{Aasaa{Z}aaasBAA{~B}B}AADrE{~B}{~B}ataaaaat
CHEMBL48966,3.3,C(Cc1nc2ccccc2[nH]1)c3nc4ccccc4[nH]3,20.000000000000004,A{Aardasaaaaas{dH}r}atdauaaaaau{dH}t
CHEMBL2349334,3.22,CC[C@H](CO)Nc1nc(SCc2ccccc2)nc3NC(=O)Sc13,21.333333333333332,AA{A*H}{AB}Darda{EAasaaaaas}datDA{~B}Eart
CHEMBL1940316,1.64,O[C@]1(CN2CCC1CC2)C#Cc3ccc(Oc4ccc(cc4)C(=O)NC5CCS(=O)(=O)C5)cc3,47.66666666666668,B{A*}r{ADsAAArAAs}A^Aataaa{Bauaaa{aau}A{~B}DAvAAE{~B}{~B}Av}aat
CHEMBL186542,2.54,COc1cc(cc(OC)c1OC)C(=O)Nc2cc(NC(=O)c3cccc(c3)N(C)C)ccc2C,32.666666666666664,ABaraa{aa{BA}arBA}A{~B}Dasaa{DA{~B}ataaaa{at}D{A}A}aaasA
CHEMBL1824608,3.67,Fc1cccc(COc2cc(OCCCN3CCCC3)ccc2C(=O)Nc4ccccc4)c1,13.833333333333334,Garaaaa{ABasaa{BAAADtAAAAt}aaasA{~B}Dauaaaaau}ar
CHEMBL1916284,2.35,C[C@H](NC(=O)c1c(NS(=O)(=O)c2ccc(C)cc2)n(nc1C(F)(F)F)c3ccccc3)C(C)(C)C,35.833333333333336,A{A*H}{DA{~B}ara{DE{~B}{~B}asaaa{A}aas}d{darA{G}{G}G}ataaaaat}A{A}{A}A
CHEMBL101892,-0.87,NC(=O)c1cn([C@@H]2O[C@H](CO)[C@@H](O)[C@H]2O)c3ncnc(N)c13,89.5,DA{~B}arad{{A**H}sB{A*H}{AB}{A**H}{B}{A*H}sB}atdada{D}art
CHEMBL188504,3.59,COc1ccc(Oc2ncccc2C(=O)NCc3ccccc3Cl)cc1,15.16666666666667,ABaraaa{BasdaaaasA{~B}DAataaaaatZ}aar
CHEMBL442591,2.81,COc1cc2ncc(C(=O)N)c(Nc3ccccc3F)c2cc1OC,28.166666666666668,ABaraasdaa{A{~B}D}a{DataaaaatG}asaarBA
CHEMBL133996,-0.01,CC(C)NCCCOc1ccc(NC(=O)C)cc1CC=C,75.16666666666667,AA{A}DAAABaraaa{DA{~B}A}aarAA~A
CHEMBL515001,3.01,CC(C)n1c(C)ncc1c2nc(Nc3ccc(cc3)N4CCOCC4)ncc2F,24.83333333333334,AA{A}dra{A}daarasda{Dataaa{aat}DuAABAAu}daasG
CHEMBL2165615,2.1,CN(C)C(=O)c1ncc(Oc2cc(cc3oc(C)cc23)C(=O)Nc4cnc(C)cn4)cn1,40.0,AD{A}A{~B}ardaa{Basaa{aatba{A}aast}A{~B}Dauada{A}adu}adr
CHEMBL505610,3.4,C(=C\c1c(nc2sccn12)c3ccccc3)/c4ccncn4,18.333333333333336,A{~ARara{dassaadrs}ataaaaat}Lauaadadu
CHEMBL2360367,3.27,CCOc1ccc(cc1)N2C(=Nc3ccccc3C2=O)CC,20.5,AABaraaa{aar}DsA{~DataaaaatAs~B}AA
CHEMBL25710,3.57,CCCc1c(O)c(ccc1OCCCSc2ccc(CC(=O)O)cc2Cl)C(=O)CC,15.500000000000002,AAAara{B}a{aaarBAAAEasaaa{AA{~B}B}aasZ}A{~B}AA
CHEMBL572629,3.9,CC1=NC(=C(NC1=O)c2ccc(CN3CCC(CC3)N4C(=O)Nc5ccccc45)cc2)c6ccccc6,10.000000000000002,AAr~DA{~A{DAr~B}asaaa{ADtAAA{AAt}DuA{~B}Davaaaaauv}aas}awaaaaaw
CHEMBL1784355,1.34,ON(C=O)C1(CS(=O)(=O)N2CCN(CC2)c3ccc(F)cc3)CCC1,52.666666666666664,BD{A~B}Ar{AE{~B}{~B}DsAAD{AAs}ataaa{G}aat}AAAr
CHEMBL222659,4.24,O=C(Nc1ccccn1)c2ccc3[nH]c(nc3c2)c4ccc(NC(=O)C56CC7CC(CC(C7)C5)C6)cc4,4.3333333333333295,B~A{Daraaaadr}asaaat{dH}a{datas}auaaa{DA{~B}AvwAAxAA{AA{Ax}Av}Aw}aau
CHEMBL272980,2.28,Nc1ccccc1NC(=O)c2ccc(CNc3nccc(n3)c4cccnc4)cc2,37.00000000000001,DaraaaaarDA{~B}asaaa{ADatdaaa{dt}auaaadau}aas
CHEMBL266922,2.05,CCCSc1nc(N[C@@H]2C[C@H]2c3ccccc3)c4nnn([C@@H]5C[C@@H]([C@@H](O)[C@H]5O)C(=O)N)c4n1,40.833333333333336,AAAEarda{D{A**H}sA{A*H}sataaaaat}auddd{{A**H}vA{A**H}{{A**H}{B}{A*H}vB}A{~B}D}audr
CHEMBL1241982,1.3,COc1ccc2nc(C)cc(c2c1)n3cc(CN4CCN(CC4)C(=O)C)nn3,53.333333333333336,ABaraaasda{A}aa{asar}dtaa{ADuAAD{AAu}A{~B}A}ddt
CHEMBL2322001,1.64,C1NCC(CC=C1)c2ccc3ccccc3c2,47.66666666666668,ArDAA{AA~Ar}asaaataaaaatas
CHEMBL1618762,1.65,C(Cc1ccccc1)NCc2ccccc2,47.5,A{Aaraaaaar}DAasaaaaas
CHEMBL40,0.05,CCC1(C(=O)NC(=O)NC1=O)c2ccccc2,74.16666666666667,AAAr{A{~B}DA{~B}DAr~B}asaaaaas
CHEMBL1796299,1.77,O[C@@]1(CN2CCC1CC2)C#Cc3ccc(Oc4ccc(cc4)C(=O)NCc5ccncn5)cc3,45.5,B{A**}r{ADsAAArAAs}A^Aataaa{Bauaaa{aau}A{~B}DAavaadadv}aat
CHEMBL2031229,2.75,CN1CCN(CC1)c2ccc3N=CN(C(=O)c3c2)c4cc(NC(=O)c5ccccc5F)ccc4C,29.166666666666668,ADrAAD{AAr}asaaatD~AD{A{~B}atas}auaa{DA{~B}avaaaaavG}aaauA
CHEMBL44,3.06,Oc1ccc(cc1)C2=COc3cc(O)cc(O)c3C2=O,24.0,Baraaa{aar}As~ABataa{B}aa{B}atAs~B
CHEMBL2023117,3.42,CCn1cc(NC(=O)Cc2ccc(Oc3ccnc4cc(OC)c(OC)cc34)cc2OC)cn1,18.0,AAdraa{DA{~B}Aasaaa{Bataadauaa{BA}a{BA}aatu}aasBA}adr
CHEMBL457016,2.8,COCCNS(=O)(=O)c1ccc(Nc2nccc(n2)c3cnc4cccnn34)cc1,28.33333333333334,ABAADE{~B}{~B}araaa{Dasdaaa{ds}atadauaaaddtu}aar
CHEMBL1917438,2.61,Cc1c(Sc2ccc(Cl)cc2)c3c(cccc3n1CC(=O)O)c4ccccc4,31.5,Aara{Easaaa{Z}aas}ata{aaaatdrAA{~B}B}auaaaaau
CHEMBL1762546,2.9,CN(c1ccnc(Nc2cc(cc(c2)S(=O)(=O)C)N3CCOCC3)n1)c4cc(CO)ccc4C,26.666666666666668,AD{araada{Dasaa{aa{as}E{~B}{~B}A}DtAABAAt}dr}auaa{AB}aaauA
CHEMBL11098,2.47,CC(C)C(NC(=O)CN1C(=O)C(=CN=C1c2ccc(F)cc2)NC(=O)OCc3ccccc3)C(=O)C(F)(F)F,33.83333333333333,AA{A}A{DA{~B}ADrA{~B}A{~AD~Arasaaa{G}aas}DA{~B}BAataaaaat}A{~B}A{G}{G}G
CHEMBL2324355,3.7,Cc1nocc1C(=O)Nc2ccc(c(N)n2)c3ccccc3OC(F)(F)F,13.33333333333333,AardbaarA{~B}Dasaaa{a{D}ds}ataaaaatBA{G}{G}G
CHEMBL1669155,2.2,CC1(COc2cc(ccc2NC(=O)CN3CCOCC3)c4cccc5C(=O)C=C(Oc45)N6CCOCC6)COC1,38.33333333333333,AAr{ABasaa{aaasDA{~B}ADtAABAAt}auaaaavA{~B}A~A{Bauv}DwAABAAw}ABAr
CHEMBL1782927,2.7,Oc1ccc(cc1)c2nc3ccccc3nc2c4ccc(O)cc4,29.999999999999996,Baraaa{aar}asdataaaaatdasauaaa{B}aau
CHEMBL562690,1.56,Clc1cnc(OC2CCNCC2)cc1C(=O)NCC34CC5CC(CC(C5)C3)C4,49.0,Zarada{BAsAADAAs}aarA{~B}DAAtuAAvAA{AA{Av}At}Au
CHEMBL2178372,1.6,Cc1nc(C)c(nc1C(=O)N)c2ccc(cc2)C34CCC(CC(=O)O)(CC3)CC4,48.333333333333336,Aarda{A}a{darA{~B}D}asaaa{aas}AtuAAA{AA{~B}B}{AAt}AAu
CHEMBL1900501,3.09,Oc1ccc(C(=O)Cc2ccccc2)c(O)c1,23.5,Baraaa{A{~B}Aasaaaaas}a{B}ar
CHEMBL1425658,3.65,C(N1CCN(CC1)c2nc3ccccc3s2)c4nnnn4Cc5cccs5,14.16666666666667,A{DrAAD{AAr}asdataaaaatss}audddduAavaaasv
CHEMBL2048873,1.56,N[C@@H]1CCCN(C1)c2c(\C=C\3/SC(=O)NC3=O)cccc2c4ccncc4,49.0,D{A**H}rAAAD{Ar}asa{RA~ARtLEA{~B}DAt~B}aaaasauaadaau
CHEMBL507803,3.11,Cc1ccc(NC(=O)c2cccc(c2)C(F)(F)F)cc1NC(=O)c3cccnc3,23.166666666666668,Aaraaa{DA{~B}asaaaa{as}A{G}{G}G}aarDA{~B}ataaadat
CHEMBL2334381,3.3,CCCN(CCC)C(=O)c1cccc(c1)C(=O)N[C@@H](Cc2ccccc2)[C@H](O)CNC3Cc4ccccc4C3,20.000000000000004,AAAD{AAA}A{~B}araaaa{ar}A{~B}D{A**H}{Aasaaaaas}{A*H}{B}ADAtAauaaaaauAt
CHEMBL1368601,3.3,OC(=O)c1ccc2cccc(O)c2n1,20.000000000000004,BA{~B}araaasaaaa{B}asdr
CHEMBL1223246,2.77,CC1=CC2=NNC(=O)N2c3cc(ccc13)c4ccc(cc4)C(=O)N5CCOCC5,28.833333333333332,AAr~AAs~DDA{~B}Dsataa{aaart}auaaa{aau}A{~B}DvAABAAv
CHEMBL1331627,1.0,Nc1[nH]nc2ccccc12,58.333333333333336,Dar{dH}dasaaaaars
CHEMBL440405,1.5,CS(=O)(=O)NC(=O)CCCc1c([nH]c2ccc(cc12)C#N)c3ccc(F)cc3,50.0,AE{~B}{~B}DA{~B}AAAara{{dH}asaaa{aars}A^D}ataaa{G}aat
CHEMBL201799,2.86,CCCCCSc1nc(O)c2sc(N)nc2n1,27.333333333333332,AAAAAEarda{B}assa{D}dasdr
CHEMBL426576,1.51,CC(=O)NC[C@H]1CN(C(=O)O1)c2ccc(c(F)c2)n3cnc(c3)C#N,49.833333333333336,AA{~B}DA{A*H}rAD{A{~B}Br}asaaa{a{G}as}dtada{at}A^D
CHEMBL1783287,3.26,COc1ncccc1c2cccc3c(N)c4C(=O)N(Cc4nc23)C5CCC5,20.66666666666667,ABardaaaarasaaaata{D}auA{~B}D{Aaudast}AvAAAv
CHEMBL1934417,0.78,COCCC(C)n1nc(C)c(C(=O)N[C@@H](C)C(C)(C)C)c1NS(=O)(=O)c2ccc(C)cc2,62.0,ABAAA{A}drda{A}a{A{~B}D{A**H}{A}A{A}{A}A}arDE{~B}{~B}asaaa{A}aas
CHEMBL254165,2.51,Nc1ccccc1NC(=O)c2ccc(cc2)C3CCN(Cc4ccccc4)CC3,33.16666666666667,DaraaaaarDA{~B}asaaa{aas}AtAAD{Aauaaaaau}AAt
CHEMBL2349309,2.9,CC(C)C[C@H](CO)Nc1nc(SCc2ccncc2)nc3nc(N)sc13,26.666666666666668,AA{A}A{A*H}{AB}Darda{EAasaadaas}datda{D}sart
CHEMBL1518,0.7,CCCC1=CC(=O)NC(=S)N1,63.333333333333336,AAAAr~AA{~B}DA{~E}Dr
CHEMBL1417095,0.6,O=C1N2CCOC2=Nc3ccccc13,65.0,B~ArDsAABAs~Dataaaaart
CHEMBL1437065,0.81,NC(=O)c1cc(cc(c1)[N+](=O)[O-])[N+](=O)[O-],61.5,DA{~B}araa{aa{ar}{DP}{~B}{BM}}{DP}{~B}{BM}
CHEMBL49739,0.63,NC(=O)COc1ccc(OCCNCC(O)COc2ccccc2)cc1,64.5,DA{~B}ABaraaa{BAADAA{B}ABasaaaaas}aar
CHEMBL1783264,4.48,COc1ccc(OC)c(c1)c2cccc3c(N)c(nnc23)C(=O)NC4(C)CCC4,0.3333333333333262,ABaraaa{BA}a{ar}asaaaata{D}a{ddast}A{~B}DAu{A}AAAu
CHEMBL696,0.23,CCC1(C)CC(=O)NC1=O,71.16666666666666,AAAr{A}AA{~B}DAr~B
CHEMBL2035022,2.0,NC(=O)c1ccn2c(c3ccccc3)c(nc2c1)c4ccc(cc4)C5(N)CCC5,41.666666666666664,DA{~B}araadsa{ataaaaat}a{dasar}auaaa{aau}Av{D}AAAv
CHEMBL1223526,3.29,CC1=CC2=NNC(=O)N2c3cc(ccc13)c4ccc[nH]4,20.166666666666668,AAr~AAs~DDA{~B}Dsataa{aaart}auaaa{dH}u
CHEMBL256998,1.6,CC(C)N1CCN(Cc2cnc(c(F)c2)c3ccc(cc3)C(=O)Nc4ccccc4N)CC1,48.333333333333336,AA{A}DrAAD{Aasada{a{G}as}ataaa{aat}A{~B}DauaaaaauD}AAr
CHEMBL2010848,2.1,CN([C@@H]1CCN(Cc2ccc(cn2)C(F)(F)F)C[C@@H]1F)C(=O)Cc3ccc(cc3)n4cnnn4,40.0,AD{{A**H}rAAD{Aasaaa{ads}A{G}{G}G}A{A**H}rG}A{~B}Aataaa{aat}duadddu
CHEMBL53841,0.98,CCCCCC\N=C\1/C=CN(Cc2ccccc2)c3cc(Cl)ccc13,58.666666666666664,AAAAAARD~ARrLA~AD{Aasaaaaas}ataa{Z}aaart
CHEMBL1222330,-1.1,CC(C)(C)OC(=O)N[C@@H](Cc1ccccc1)C(=O)O,93.33333333333333,AA{A}{A}BA{~B}D{A**H}{Aaraaaaar}A{~B}B
CHEMBL1084327,1.18,OC(=O)CC(=O)N[C@H]1[C@@H](Cc2ccccc12)NC(=O)c3cc4sc(Cl)c(Cl)c4[nH]3,55.333333333333336,BA{~B}AA{~B}D{A*H}r{A**H}{Aasaaaaars}DA{~B}ataausa{Z}a{Z}au{dH}t
CHEMBL329785,2.0,Nc1nc2ccccc2s1,41.666666666666664,Dardasaaaaassr
CHEMBL487067,2.09,CC(C)n1c(C)ncc1c2ccnc(Nc3ccc(cc3)C(=O)NCCO)n2,40.166666666666664,AA{A}dra{A}daarasaada{Dataaa{aat}A{~B}DAAB}ds
CHEMBL103355,3.1,Cc1ccc(F)c(Nc2ccnc(Nc3ccc(cc3)S(=O)(=O)N)n2)c1,23.333333333333332,Aaraaa{G}a{Dasaada{Dataaa{aat}E{~B}{~B}D}ds}ar
CHEMBL383322,1.69,CCOCc1nc2c(N)nc3ccccc3c2n1CC(C)(C)O,46.833333333333336,AABAardasa{D}dataaaaatasdrAA{A}{A}B
CHEMBL1480954,0.91,FC(F)(F)c1nnc2ccc(nn12)n3ccnc3,59.833333333333336,GA{G}{G}arddasaaa{ddrs}dtaadat
CHEMBL1835908,2.58,CCOC(=O)c1ccc(CCN2CCN(CC2)c3ccc(C)nn3)cc1,32.0,AABA{~B}araaa{AADsAAD{AAs}ataaa{A}ddt}aar
CHEMBL1957381,1.6,Cc1cc(ccn1)c2ccc(cc2)c3nc4ccncc4c(O)c3C#N,48.333333333333336,Aaraa{aadr}asaaa{aas}atdauaadaaua{B}atA^D
CHEMBL526925,2.61,Cn1cnc(c2ccccc2)c1\C=C\c3ccnc(N)n3,31.5,Adrada{asaaaaas}arRA~ARataada{D}dt
CHEMBL606371,0.49,Cc1cc(C)c(C(=O)N[C@@H](Cc2ccc(OCCCNc3ccccn3)cc2)C(=O)O)c(C)c1,66.83333333333333,Aaraa{A}a{A{~B}D{A**H}{Aasaaa{BAAADataaaadt}aas}A{~B}B}a{A}ar
CHEMBL482000,3.22,COc1cc2ncc(C(=O)N)c(Nc3ccc(F)c(Cl)c3)c2cc1OC,21.333333333333332,ABaraasdaa{A{~B}D}a{Dataaa{G}a{Z}at}asaarBA
CHEMBL348000,-0.7,OC(=O)c1cc(nc2ccccc12)c3ccccc3,86.66666666666667,BA{~B}araa{dasaaaaars}ataaaaat
CHEMBL2048863,1.89,N[C@H]1CCN(C1)c2c(Cl)cccc2\C=C\3/SC(=O)NC3=O,43.50000000000001,D{A*H}rAAD{Ar}asa{Z}aaaasRA~ARtLEA{~B}DAt~B
CHEMBL564737,-0.34,OC(=O)c1ccccc1c2ccc(Cl)c(c2)C(=O)NCC3(O)CCCCCC3,80.66666666666667,BA{~B}araaaaarasaaa{Z}a{as}A{~B}DAAt{B}AAAAAAt
CHEMBL374023,2.75,CC(C)N1CCN(CC1)C(=O)NCc2ccc(Cl)c(Cl)c2,29.166666666666668,AA{A}DrAAD{AAr}A{~B}DAasaaa{Z}a{Z}as
CHEMBL2179270,-0.26,C[C@H](N1CCC[C@@H](C1)N2C=C(C)C(=O)NC2=O)c3ccc(C(=O)O)c(Oc4cccc(Cl)c4)c3,79.33333333333333,A{A*H}{DrAAA{A**H}{Ar}DsA~A{A}A{~B}DAs~B}ataaa{A{~B}B}a{Bauaaaa{Z}au}at
CHEMBL459353,1.37,COc1ccc(N(C(C(=O)NC[C@@H](C)O)c2ccccc2F)C(=O)c3occc3CO)c(OC)c1,52.166666666666664,ABaraaa{D{A{A{~B}DA{A**H}{A}B}asaaaaasG}A{~B}atbaaatAB}a{BA}ar
CHEMBL2035024,2.5,NC1(CCC1)c2ccc(cc2)c3ncc4cccn4c3c5ccccc5,33.333333333333336,DAr{AAAr}asaaa{aas}atdaauaaaduatavaaaaav
CHEMBL429405,0.39,NC(Cc1ccc(cc1)N(CCCl)CCCl)C(=O)O,68.50000000000001,DA{Aaraaa{aar}D{AAZ}AAZ}A{~B}B
CHEMBL1890087,3.9,CC(C)Nc1nc(NCc2ccccc2)c3sccc3n1,10.000000000000002,AA{A}Darda{DAasaaaaas}atsaaatdr
CHEMBL1940307,2.03,CNS(=O)(=O)c1ccc(Oc2ccc(cc2)C#C[C@]3(O)CN4CCC3CC4)cc1,41.16666666666667,ADE{~B}{~B}araaa{Basaaa{aas}A^A{A*}t{B}ADuAAAtAAu}aar
CHEMBL585367,2.47,Cc1ccc(Oc2ccnc(Nc3ccc(cc3)S(=O)(=O)N)c2)c(C)n1,33.83333333333333,Aaraaa{Basaada{Dataaa{aat}E{~B}{~B}D}as}a{A}dr
CHEMBL1835904,2.68,CCOC(=O)c1ccc(COCC2CCN(CC2)c3ccc(C)nn3)cc1,30.33333333333333,AABA{~B}araaa{ABAAsAAD{AAs}ataaa{A}ddt}aar
CHEMBL808,2.54,Clc1ccc(COC(Cn2ccnc2)c3ccc(Cl)cc3Cl)cc1,32.666666666666664,Zaraaa{ABA{Adsaadas}ataaa{Z}aatZ}aar
CHEMBL575311,2.59,Cc1cc(Oc2ccnc(Nc3ccc(cc3)N4CCOCC4)c2)c(nc1C)c5ccccn5,31.833333333333332,Aaraa{Basaada{Dataaa{aat}DuAABAAu}as}a{darA}avaaaadv
CHEMBL2207670,1.41,CS(=O)(=O)c1ccc2C(=CNC(=O)c2c1)C(=O)NC[C@@H](O)CN3CCC(CC3)Oc4ccc(C#N)c(Cl)c4,51.5,AE{~B}{~B}araaasA{~ADA{~B}asar}A{~B}DA{A**H}{B}ADtAAA{AAt}Bauaaa{A^D}a{Z}au
CHEMBL1807856,3.18,C[C@H]1O[C@H]([C@H](O)[C@H]1Cl)n2cnc3c(N)nc(OC4CCCC4)nc23,21.999999999999996,A{A*H}rB{A*H}{{A*H}{B}{A*H}rZ}dsadata{D}da{BAuAAAAu}dast
CHEMBL356894,1.78,Nc1ncnc2[nH]ccc12,45.333333333333336,Dardadas{dH}aaars
CHEMBL2324776,1.15,Fc1cc(Oc2ccc(cc2c3ccnnc3)C(F)(F)F)c(Cl)cc1S(=O)(=O)Nc4nncs4,55.833333333333336,Garaa{Basaaa{aasataaddat}A{G}{G}G}a{Z}aarE{~B}{~B}Dauddasu
CHEMBL1257698,2.0,NC(=O)c1cccc(O[C@@H]2C[C@H]3CC[C@@H](C2)N3CCc4ccccc4)c1,41.666666666666664,DA{~B}araaaa{B{A**H}sA{A*H}tAA{A**H}{As}DtAAauaaaaau}ar
CHEMBL509881,2.7,CC(C)n1c(C)ncc1c2nc(Nc3ccc(cc3)C(=O)N)ncc2F,29.999999999999996,AA{A}dra{A}daarasda{Dataaa{aat}A{~B}D}daasG
CHEMBL246746,2.44,Clc1ccc2[nH]ncc2c1,34.333333333333336,Zaraaas{dH}daasar
CHEMBL129199,1.7,CN1CCN(CC1)C(=O)c2cc3ccccc3[nH]2,46.666666666666664,ADrAAD{AAr}A{~B}asaataaaaat{dH}s
CHEMBL1223954,2.22,NC(=O)c1cccc(S[C@H]2C[C@H]3CC[C@@H](C2)N3Cc4ccccc4)c1,37.99999999999999,DA{~B}araaaa{E{A*H}sA{A*H}tAA{A**H}{As}DtAauaaaaau}ar
CHEMBL1373,1.12,NC(=O)C[S+]([O-])C(c1ccccc1)c2ccccc2,56.333333333333336,DA{~B}A{EP}{{BM}}A{araaaaar}asaaaaas
CHEMBL191553,3.03,CC(=O)Nc1ccc(CNc2[nH]nc3ccnc(Oc4ccccc4)c23)cc1,24.500000000000004,AA{~B}Daraaa{ADas{dH}dataada{Bauaaaaau}ast}aar
CHEMBL169901,-1.01,NC(=N)N1CCc2ccccc2C1,91.83333333333333,DA{~D}DrAAasaaaaasAr
CHEMBL253969,2.5,NC(=O)c1c(NC(=O)NCCCCN2CCCC2)snc1OCc3c(F)cc(Br)cc3F,33.333333333333336,DA{~B}ara{DA{~B}DAAAADsAAAAs}sdarBAata{G}aa{X}aatG
CHEMBL2325710,1.1,O=S(=O)(C1CCNCC1)C2(CC2)c3cc(nc(n3)c4cccc5[nH]ccc45)N6CCOCC6,56.666666666666664,B~E{~B}{ArAADAAr}As{AAs}ataa{da{dt}auaaaav{dH}aaauv}DwAABAAw
CHEMBL378094,2.41,Cc1ccc2c(c(C)n(CC(=O)O)c2c1)c3ccnc4cc(Cl)ccc34,34.833333333333336,Aaraaasa{a{A}d{AA{~B}B}asar}ataadauaa{Z}aaatu
CHEMBL477772,3.3,CN(c1ccc2c(C)n(C)nc2c1)c3ccnc(Nc4ccc(C)c(c4)S(=O)(=O)N)n3,20.000000000000004,AD{araaasa{A}d{A}dasar}ataada{Dauaaa{A}a{au}E{~B}{~B}D}dt
CHEMBL249697,0.88,Cc1ccc2nc(NCCN)c3ncc(C)n3c2c1,60.333333333333336,Aaraaasda{DAAD}atdaa{A}dtasar
CHEMBL1088751,2.8,CNC(=O)c1ccc(C)c(c1)N2C(=CC(=C(Br)C2=O)OCc3ccc(F)cc3F)C,28.33333333333334,ADA{~B}araaa{A}a{ar}DsA{~AA{~A{X}As~B}BAataaa{G}aatG}A
CHEMBL1892375,2.9,Oc1ccc(Cl)cc1C(=O)Nc2ccccc2,26.666666666666668,Baraaa{Z}aarA{~B}Dasaaaaas
CHEMBL373974,1.18,CC(C)CN1C(=O)N(C)C(=O)c2c1sc(Cc3ccnc4ccccc34)c2C(=O)N5C[C@@H](O)[C@@H](O)C5,55.333333333333336,AA{A}ADrA{~B}D{A}A{~B}asarsa{Aataadauaaaaatu}asA{~B}DvA{A**H}{B}{A**H}{B}Av
CHEMBL51085,3.31,O=C1N([Se]c2ccccc12)c3ccccc3,19.833333333333332,B~ArD{{Y}asaaaaars}ataaaaat
CHEMBL1916539,1.31,COc1ccc2C=CC(=O)N(CCN3CCC(CC3)NCc4cc5OCCOc5cn4)c2c1,53.166666666666664,ABaraaasA~AA{~B}D{AADtAAA{AAt}DAauaavBAABavadu}asar
CHEMBL381434,1.6,CC(C)COc1cc(OC(C)C)cc(c1)C(=O)Nc2ccc(cn2)C(=O)O,48.333333333333336,AA{A}ABaraa{BA{A}A}aa{ar}A{~B}Dasaaa{ads}A{~B}B
CHEMBL1600099,3.31,Clc1ccc2NC(=O)CN(C(c3ccccc3)c2c1)C(=O)c4ccccc4,19.833333333333332,ZaraaasDA{~B}AD{A{ataaaaat}asar}A{~B}auaaaaau
CHEMBL507142,2.77,CNC(=O)c1ccc(Nc2nccc(n2)c3cnc(C4CC4)n3C(C)C)cc1,28.833333333333332,ADA{~B}araaa{Dasdaaa{ds}atada{AuAAu}dtA{A}A}aar
CHEMBL1184124,1.83,CC(C)CC(N1NC(=O)c2nc3cc(Cl)ccc3c(O)c2C1=O)c4ccccn4,44.5,AA{A}AA{DrDA{~B}asdataa{Z}aaata{B}asAr~B}auaaaadu
CHEMBL486232,3.4,CC(C)C[C@H](NC(=O)N1CCOCC1)C(=O)N[C@@H](CCc2ccccc2)\C=C\S(=O)(=O)c3ccccc3,18.333333333333336,AA{A}A{A*H}{DA{~B}DrAABAAr}A{~B}D{A**H}{AAasaaaaas}RA~ARE{~B}{~B}ataaaaat
CHEMBL1736763,0.5,O=C(CN1CCOCC1)Nc2c(cnn2c3ccccc3)C#N,66.66666666666667,B~A{ADrAABAAr}Dasa{addsataaaaat}A^D
CHEMBL1269076,3.36,CC1=C(C(=O)c2cc(O)c(O)c(CCc3ccc(C)cc3)c2C1=O)C4=C(C)C(=O)c5c(CCc6ccc(C)cc6)c(O)c(O)cc5C4=O,19.000000000000004,AAr~A{A{~B}asaa{B}a{B}a{AAataaa{A}aat}asAr~B}Au~A{A}A{~B}ava{AAawaaa{A}aaw}a{B}a{B}aavAu~B
CHEMBL1543041,0.4,CCN(CC)CC(=O)Nc1c(cnn1c2ccccc2)C#N,68.33333333333333,AAD{AA}AA{~B}Dara{addrasaaaaas}A^D
CHEMBL1630140,2.6,CCN1CCN(CC(=O)Nc2ccc(c3cccc4C(=O)C=C(Nc34)N5CCOCC5)c6sc7ccccc7c26)CC1,31.666666666666668,AADrAAD{AA{~B}Dasaaa{ataaaauA{~B}A~A{Datu}DvAABAAv}awsaxaaaaaxasw}AAr
CHEMBL1170,3.3,CCC(=O)O[C@H]1CC[C@H]2[C@@H]3CCC4=CC(=O)CC[C@]4(C)[C@H]3CC[C@]12C,20.000000000000004,AAA{~B}B{A*H}rAA{A*H}s{A**H}tAAAu~AA{~B}AA{A*}u{A}{A*H}tAA{A*}rsA
CHEMBL1233,2.01,CCCC(C)(COC(=O)N)COC(=O)NC(C)C,41.50000000000001,AAAA{A}{ABA{~B}D}ABA{~B}DA{A}A
CHEMBL2332935,2.76,CC(=O)Nc1ccc(O)cc1OC[C@@H](O)CN2CCC3(CC2)Cc4cc(Cl)ccc4O3,29.000000000000004,AA{~B}Daraaa{B}aarBA{A**H}{B}ADsAAAt{AAs}Aauaa{Z}aaauBt
CHEMBL165372,2.2,[O-][N+](=O)c1ccc2[nH]ncc2c1,38.33333333333333,{BM}{DP}{~B}araaas{dH}daasar
CHEMBL11009,3.3,Cc1cc(C)cc(c1)c2[nH]c3ccccc3c2CCNCCCCc4ccncc4,20.000000000000004,Aaraa{A}aa{ar}as{dH}ataaaaatasAADAAAAauaadaau
CHEMBL13902,1.56,COC(CN1C(=O)NC2=C(C=C(N(CC(=O)NC(C(C)C)C(=O)C(F)(F)F)C2=O)c3ccccc3)C1=O)OC,49.0,ABA{ADrA{~B}DAs~A{A~A{D{AA{~B}DA{A{A}A}A{~B}A{G}{G}G}As~B}ataaaaat}Ar~B}BA
CHEMBL1209429,2.83,O=S(=O)(Cc1ccccc1)NCC(N2CCCCCC2)c3ccccc3,27.833333333333332,B~E{~B}{Aaraaaaar}DAA{DsAAAAAAs}ataaaaat
CHEMBL1075,3.1,CCOC(=O)Nc1ccc2Sc3ccccc3N(C(=O)CCN4CCOCC4)c2c1,23.333333333333332,AABA{~B}DaraaasEataaaaatD{A{~B}AADuAABAAu}asar
CHEMBL2158769,2.12,OC(=O)[C@H](Cc1ccccc1C#N)N2CCC(CN3CCC(CC3)Oc4ccc(Cl)c(Cl)c4)CC2,39.666666666666664,BA{~B}{A*H}{AaraaaaarA^D}DsAAA{ADtAAA{AAt}Bauaaa{Z}a{Z}au}AAs
CHEMBL457,0.72,Cc1ccc(C)c(OCCCC(C)(C)C(=O)O)c1,63.0,Aaraaa{A}a{BAAAA{A}{A}A{~B}B}ar
CHEMBL1209509,2.1,O=S(=O)(NCC(N1CCCCCC1)c2ccccc2)c3cccnc3,40.0,B~E{~B}{DAA{DrAAAAAAr}asaaaaas}ataaadat
CHEMBL179877,2.4,CCN(C1CCN(CCC(c2ccccc2)c3ccccc3)CC1)C(=O)Cc4ccc(cc4)S(=O)(=O)N,35.0,AAD{ArAAD{AAA{asaaaaas}ataaaaat}AAr}A{~B}Aauaaa{aau}E{~B}{~B}D
CHEMBL1438072,0.84,O=S(=O)(Nc1cccnc1)c2ccccc2,61.0,B~E{~B}{Daraaadar}asaaaaas
CHEMBL2110569,2.3,COC(=O)[C@@H]1C2CCC(C[C@@H]1c3ccc(I)cc3)N2CCCF,36.66666666666667,ABA{~B}{A**H}rAsAAA{A{A**H}rataaa{H}aat}DsAAAG
CHEMBL433936,2.64,COCCOc1cc2nccc(Nc3cc(O)c(Cl)cc3F)c2cc1OC,31.0,ABAABaraasdaaa{Dataa{B}a{Z}aatG}asaarBA
CHEMBL258177,1.28,CC(C)N1CCN(Cc2cnc(c3ccc(cc3)C(=O)Nc4ccccc4N)c(c2)C#N)CC1,53.666666666666664,AA{A}DrAAD{Aasada{ataaa{aat}A{~B}DauaaaaauD}a{as}A^D}AAr
CHEMBL2036747,1.02,O=C(Nc1oc(nn1)C(=O)Nc2ccc(cc2)N3CCOCC3)c4ccccc4,58.0,B~A{Darba{ddr}A{~B}Dasaaa{aas}DtAABAAt}auaaaaau
CHEMBL103667,4.49,Cc1ccc(cc1)n2nc(cc2NC(=O)Nc3ccc(OCCN4CCOCC4)c5ccccc35)C(C)(C)C,0.1666666666666631,Aaraaa{aar}dsda{aasDA{~B}Dataaa{BAADuAABAAu}avaaaaatv}A{A}{A}A
CHEMBL481231,1.2,COc1cc2c(Nc3ccc(F)c(Cl)c3)c(cnc2cc1OCCCN4CCN(C)CC4)C(=O)N,55.0,ABaraasa{Dataaa{G}a{Z}at}a{adasaarBAAADuAAD{A}AAu}A{~B}D
CHEMBL1682807,3.5,Cn1cnc2cc(cnc12)C#Cc3ccccc3,16.666666666666668,Adradasaa{adars}A^Aataaaaat
CHEMBL1650731,1.98,C[C@H](Nc1ncc(F)c(Nc2cc([nH]n2)N(C)C)n1)c3ncc(F)cn3,42.0,A{A*H}{Dardaa{G}a{Dasaa{{dH}ds}D{A}A}dr}atdaa{G}adt
CHEMBL2347762,2.71,O=C1C2=Nc3ccccc3CN2c4ccccc14,29.833333333333332,B~ArAs~DataaaaatADsauaaaaaru
CHEMBL325870,2.37,CCNC1=CC=C(N(CC(=O)NC(C(C)C)C(=O)C(F)(F)F)C1=O)c2ccccc2,35.5,AADAr~AA~A{D{AA{~B}DA{A{A}A}A{~B}A{G}{G}G}Ar~B}asaaaaas
CHEMBL2171050,0.75,Cc1ccc(cc1)S(=O)(=O)NC(=O)N2CCC(CC2)N3CCC(CC3)Oc4ccc(F)c(F)c4,62.5,Aaraaa{aar}E{~B}{~B}DA{~B}DsAAA{AAs}DtAAA{AAt}Bauaaa{G}a{G}au
CHEMBL403877,2.48,C[C@H](CO)Nc1nc(SCc2cccc(F)c2F)nc3NC(=O)C(=O)Nc13,33.666666666666664,A{A*H}{AB}Darda{EAasaaaa{G}asG}datDA{~B}A{~B}Dart
CHEMBL1306071,3.63,COc1ccc(Cl)cc1NC(=O)Nc2cnccn2,14.500000000000002,ABaraaa{Z}aarDA{~B}Dasadaads
CHEMBL1939750,2.11,CCOC(=O)Nc1cccc(c1)[C@H](N2CCN(Cc3c[nH]c(C)n3)CC2)c4ccc(cc4)C(=O)N(C)CC,39.833333333333336,AABA{~B}Daraaaa{ar}{A*H}{DsAAD{Aata{dH}a{A}dt}AAs}auaaa{aau}A{~B}D{A}AA
CHEMBL475865,2.83,Cc1ccc(NC(=O)c2ccc(Cl)c(c2)C(F)(F)F)cc1C(=O)Nc3cccnc3,27.833333333333332,Aaraaa{DA{~B}asaaa{Z}a{as}A{G}{G}G}aarA{~B}Dataaadat
CHEMBL2030800,-0.42,CNc1cccc(CCOc2ccc(C[C@H](NC(=O)c3c(F)cccc3Cl)C(=O)O)cc2)n1,82.0,ADaraaaa{AABasaaa{A{A*H}{DA{~B}ata{G}aaaatZ}A{~B}B}aas}dr
CHEMBL560493,-0.85,NCc1ccc(NC(=O)c2cc(Nc3ncccn3)c4cc(ccc4c2)\C(=N\O)\N)cc1,89.16666666666667,DAaraaa{DA{~B}asaa{Datdaaadt}auaa{aaauas}RA{~DRB}RD}aar
CHEMBL1778629,-0.66,CCS(=O)(=O)c1cccc(c1)c2cc(ccc2OCC(=O)O)C(F)(F)F,86.0,AAE{~B}{~B}araaaa{ar}asaa{aaasBAA{~B}B}A{G}{G}G
CHEMBL481717,2.74,CCOc1cc2ncc(C(=O)N)c(Nc3ccc(F)cc3F)c2cc1N4CCC(O)CC4,29.33333333333333,AABaraasdaa{A{~B}D}a{Dataaa{G}aatG}asaarDuAAA{B}AAu
CHEMBL481596,2.63,CN1CCN(CC1)c2cc3c(Nc4ccc(F)cc4F)c(cnc3cc2F)C(=O)N,31.166666666666668,ADrAAD{AAr}asaata{Dauaaa{G}aauG}a{adataasG}A{~B}D
CHEMBL1809059,2.5,COc1cc(ccc1Nc2ncc(Cl)c(n2)c3cnc4ccccn34)N5CC6CN(CCO)CC(C5)O6,33.333333333333336,ABaraa{aaarDasdaa{Z}a{ds}atadauaaaadtu}DvAAwAD{AAB}AA{Av}Bw
CHEMBL2035020,3.2,NC1(CCC1)c2ccc(cc2)c3nn4ccccc4c3c5ccccc5,21.66666666666666,DAr{AAAr}asaaa{aas}atdduaaaaauatavaaaaav
CHEMBL1223872,0.22,CN(C)C(=O)N[C@@H]1CC[C@H](CCN2[C@@H]3CC[C@H]2C[C@H](C3)Oc4cccc(c4)C(=O)N)CC1,71.33333333333333,AD{A}A{~B}D{A**H}rAA{A*H}{AADs{A**H}tAA{A*H}sA{A*H}{At}Bauaaaa{au}A{~B}D}AAr
CHEMBL2335870,3.11,COCCNC(=O)c1ccc(Nc2ncc3cc(ccc3n2)c4cccnc4)cc1,23.166666666666668,ABAADA{~B}araaa{Dasdaataa{aaatds}auaaadau}aar
CHEMBL1835903,3.22,CCOC(=O)c1ccc(OCCC2CN(C2)c3ccc(C)nn3)cc1,21.333333333333332,AABA{~B}araaa{BAAAsAD{As}ataaa{A}ddt}aar
CHEMBL317410,3.6,OC1CCN(CC1)C(=O)[C@H](Cc2ccccc2)NC(=O)c3cc4cc(Cl)ccc4[nH]3,14.999999999999998,BArAAD{AAr}A{~B}{A*H}{Aasaaaaas}DA{~B}ataauaa{Z}aaau{dH}t
CHEMBL1669161,3.0,C=CCOc1cc(ccc1NC(=O)CN2CCOCC2)c3cccc4C(=O)C=C(Oc34)N5CCOCC5,25.0,A~AABaraa{aaarDA{~B}ADsAABAAs}ataaaauA{~B}A~A{Batu}DvAABAAv
CHEMBL66654,3.6,Cc1cccc(n1)C#Cc2ccccc2,14.999999999999998,Aaraaaa{dr}A^Aasaaaaas
CHEMBL1951907,1.63,CCN(C1CCN(CCC(C2CCN(CC2)S(=O)(=O)CC)c3ccccc3)CC1)C(=O)Cc4ccc(cc4)S(=O)(=O)C,47.833333333333336,AAD{ArAAD{AAA{AsAAD{AAs}E{~B}{~B}AA}ataaaaat}AAr}A{~B}Aauaaa{aau}E{~B}{~B}A
CHEMBL1560828,1.95,CCc1cccc2c(cn(CC(=O)NCCOC)c12)C#N,42.49999999999999,AAaraaaasa{ad{AA{~B}DAABA}ars}A^D
CHEMBL1868126,3.96,COc1cccc2sc(NC(=O)c3ccccc3)nc12,9.0,ABaraaaassa{DA{~B}ataaaaat}dars
CHEMBL86276,1.91,Nc1nc(nn1Cc2ccccc2)c3ccccc3,43.166666666666664,Darda{ddrAasaaaaas}ataaaaat
CHEMBL1916534,1.24,COc1ccc2OCC(=O)N(CCN3CCC(CC3)NCc4cc5OCCOc5cn4)c2c1,54.333333333333336,ABaraaasBAA{~B}D{AADtAAA{AAt}DAauaavBAABavadu}asar
CHEMBL1431736,2.2,CC(NC(=O)c1cc(O)nc2ccccc12)c3ccccc3,38.33333333333333,AA{DA{~B}araa{B}dasaaaaars}ataaaaat
CHEMBL1762533,2.23,COc1ccnc(c1)N(C)c2ccnc(Nc3cc(cc(c3)N4CCOCC4)N5CCOCC5)n2,37.833333333333336,ABaraada{ar}D{A}asaada{Dataa{aa{at}DuAABAAu}DvAABAAv}ds
CHEMBL1807816,1.5,Nc1nc(OC2CCCC2)nc3c1ncn3[C@@H]4O[C@H](CF)[C@@H](O)[C@H]4O,50.0,Darda{BAsAAAAs}datardadt{A**H}uB{A*H}{AG}{A**H}{B}{A*H}uB
CHEMBL1485846,3.42,Oc1oc(c2ccccc2)c(n1)c3ccccc3,18.0,Barba{asaaaaas}a{dr}ataaaaat
CHEMBL1557849,3.8,COc1ccc(\C=C/2\CCc3ccccc3C2=O)cc1CN4CCOCC4,11.66666666666667,ABaraaa{RA~ALsRAAataaaaatAs~B}aarADuAABAAu
CHEMBL17157,3.99,CC(C)(C)c1ccc(cc1)C(O)CCCN2CCC(CC2)C(O)(c3ccccc3)c4ccccc4,8.499999999999996,AA{A}{A}araaa{aar}A{B}AAADsAAA{AAs}A{B}{ataaaaat}auaaaaau
CHEMBL1287892,2.17,NC(=O)c1cnc(N[C@H]2CCCNC2)c3cc(sc13)c4ccc(F)c(F)c4,38.833333333333336,DA{~B}arada{D{A*H}sAAADAs}ataa{sart}auaaa{G}a{G}au
CHEMBL1807821,1.09,O[C@@H](CNCCCOCCOCCc1ccccc1)c2ccc(O)c3NC(=O)Sc23,56.833333333333336,B{A**H}{ADAAABAABAAaraaaaar}asaaa{B}atDA{~B}East
CHEMBL1739063,2.61,FC(F)(F)c1cccc(C(=O)N[C@H]([C@@H]2CCCCN2)c3ccccc3)c1Cl,31.5,GA{G}{G}araaaa{A{~B}D{A*H}{{A**H}sAAAADs}ataaaaat}arZ
CHEMBL568011,3.83,COc1cc(cc(OC)c1OC)C(=O)Nc2ccc(Cl)c(c2)c3nc4ccccc4[nH]3,11.166666666666666,ABaraa{aa{BA}arBA}A{~B}Dasaaa{Z}a{as}atdauaaaaau{dH}t
CHEMBL2070943,2.4,FC(F)(F)c1csc(n1)N2CCN(CC2)C(=O)[C@@H]3CCCC[C@H]3C(=O)NC4(CC4)C#N,35.0,GA{G}{G}arasa{dr}DsAAD{AAs}A{~B}{A**H}tAAAA{A*H}tA{~B}DAu{AAu}A^D
CHEMBL471579,2.04,CC(C)Nc1nc(nc(N2CCOCC2)c1N)C#N,41.0,AA{A}Darda{da{DsAABAAs}arD}A^D
CHEMBL507130,3.9,O=C1NC=Cc2nc(c3ccc(CN4CCC(CC4)c5n[nH]c(n5)c6ccccn6)cc3)c(cc12)c7ccccc7,10.000000000000002,B~ArDA~Aasda{ataaa{ADuAAA{AAu}avd{dH}a{dv}awaaaadw}aat}a{aars}axaaaaax
CHEMBL1221659,1.62,Cc1cc(N)nc(CCNC(=O)c2ccc(cc2)C#N)c1,48.0,Aaraa{D}da{AADA{~B}asaaa{aas}A^D}ar
CHEMBL480370,3.98,CCNC1=Nc2ccccc2C(=NC1c3cccs3)c4ccccc4,8.666666666666666,AADAr~DasaaaaasA{~DArataaast}auaaaaau
CHEMBL1702519,3.41,Cc1ccc(c(C)c1)c2nnc(O)c3ccccc23,18.166666666666664,Aaraaa{a{A}ar}asdda{B}ataaaaast
CHEMBL2070936,2.12,Fc1ccc(cc1)N2CCN(CC2)C(=O)[C@@H]3CCCC[C@H]3C(=O)NC4(CC4)C#N,39.666666666666664,Garaaa{aar}DsAAD{AAs}A{~B}{A**H}tAAAA{A*H}tA{~B}DAu{AAu}A^D
CHEMBL474102,3.2,Cc1nc(nc(N2CCCC2)c1Cl)c3ccccn3,21.66666666666666,Aarda{da{DsAAAAs}arZ}ataaaadt
CHEMBL2325742,3.3,C[C@@H](NC(=O)C1(N)CCN(CC1)c2ncnc3[nH]ccc23)c4ccc(Cl)cc4,20.000000000000004,A{A**H}{DA{~B}Ar{D}AAD{AAr}asdadat{dH}aaast}auaaa{Z}aau
CHEMBL340983,4.39,COc1ccc(Cl)c(c1)C(=O)NCC23CC4CC(CC(C4)C2)C3,1.8333333333333386,ABaraaa{Z}a{ar}A{~B}DAAstAAuAA{AA{Au}As}At
CHEMBL1689125,0.7,C[C@@H]1CN(Cc2cc(Cl)ccc2OCC(=O)O)C[C@H](C)N1C(=O)Cc3ccccc3,63.333333333333336,A{A**H}rAD{Aasaa{Z}aaasBAA{~B}B}A{A*H}{A}DrA{~B}Aataaaaat
CHEMBL254192,1.47,Cc1ccc(cc1)C(=O)N(CCCN)CC2=Nc3cc(Cl)ccc3C(=O)N2Cc4ccccc4,50.5,Aaraaa{aar}A{~B}D{AAAD}AAs~Dataa{Z}aaatA{~B}DsAauaaaaau
CHEMBL2164674,1.91,O=C(NCC#N)[C@@H]1CCCC[C@H]1C(=O)N2CCc3ccccc3C2,43.166666666666664,B~A{DAA^D}{A**H}rAAAA{A*H}rA{~B}DsAAataaaaatAs
CHEMBL553,3.35,COCCOc1cc2ncnc(Nc3cccc(c3)C#C)c2cc1OCCOC,19.166666666666664,ABAABaraasdada{Dataaaa{at}A^A}asaarBAABA
CHEMBL1173655,3.7,CN(C)C\C=C\C(=O)Nc1cc2c(Nc3ccc(F)c(Cl)c3)ncnc2cc1O[C@H]4CCOC4,13.33333333333333,AD{A}ARA~ARA{~B}Daraasa{Dataaa{G}a{Z}at}dadasaarB{A*H}uAABAu
CHEMBL1950858,0.77,CN[C@@H](C)C(=O)N[C@H](C(=O)N[C@H]1CCCN(CCc2ccc(O)cc2)C1)C(C)(C)C,62.166666666666664,AD{A**H}{A}A{~B}D{A*H}{A{~B}D{A*H}rAAAD{AAasaaa{B}aas}Ar}A{A}{A}A
CHEMBL1835909,3.44,CCOC(=O)c1ccc(OCC2CCN(C2)c3ccc(C)nn3)cc1,17.666666666666668,AABA{~B}araaa{BAAsAAD{As}ataaa{A}ddt}aar
CHEMBL2031169,-0.18,OC(=O)[C@H](Cc1ccc(OCCc2ccc3OCCNc3n2)cc1)NC(=O)c4c(Cl)cccc4Cl,78.0,BA{~B}{A*H}{Aaraaa{BAAasaaatBAADatds}aar}DA{~B}aua{Z}aaaauZ
CHEMBL3545252,3.4,O.O.O.CC(=O)O[C@@]12CO[C@@H]1C[C@H](O)[C@]3(C)[C@@H]2[C@H](OC(=O)c4ccccc4)[C@]5(O)C[C@H](OC(=O)[C@H](O)[C@@H](NC(=O)OC(C)(C)C)c6ccccc6)C(=C([C@@H](O)C3=O)C5(C)C)C,18.333333333333336,B!B!B!AA{~B}B{A**}rsAB{A**H}rA{A*H}{B}{A*}t{A}{A**H}s{A*H}{BA{~B}auaaaaau}{A*}v{B}A{A*H}{BA{~B}{A*H}{B}{A**H}{DA{~B}BA{A}{A}A}awaaaaaw}A{~A{{A**H}{B}At~B}Av{A}A}A
CHEMBL832,-0.51,[O-][S+](CCC1C(=O)N(N(C1=O)c2ccccc2)c3ccccc3)c4ccccc4,83.5,{BM}{EP}{AAArA{~B}D{D{Ar~B}asaaaaas}ataaaaat}auaaaaau
CHEMBL19224,2.81,COc1ccc(Cc2nccc3cc(OC)c(OC)cc23)cc1OC,28.166666666666668,ABaraaa{Aasdaaataa{BA}a{BA}aast}aarBA
CHEMBL1762527,3.18,COc1ccc(C)c(c1)N(C)c2ccnc(Nc3cc(cc(c3)N4CCOCC4)N5CCOCC5)n2,21.999999999999996,ABaraaa{A}a{ar}D{A}asaada{Dataa{aa{at}DuAABAAu}DvAABAAv}ds
CHEMBL186174,2.74,Clc1ccc(CN(Cc2ccc(Cl)cc2)c3nn[nH]n3)cc1,29.33333333333333,Zaraaa{AD{Aasaaa{Z}aas}atdd{dH}dt}aar
CHEMBL1917427,2.23,Cc1c(F)ccc2c1c(Sc3ccc(Cl)cc3)c(C)n2CC(=O)O,37.833333333333336,Aara{G}aaasara{Eataaa{Z}aat}a{A}dsAA{~B}B
CHEMBL1762530,2.94,CN(c1ccnc(Nc2cc(cc(c2)N3CCOCC3)N4CCOCC4)n1)c5cc(CO)ccc5C,26.0,AD{araada{Dasaa{aa{as}DtAABAAt}DuAABAAu}dr}avaa{AB}aaavA
CHEMBL287961,0.47,Nc1n[nH]c(N)c1Cc2ccc3OCOc3c2,67.16666666666667,Dard{dH}a{D}arAasaaatBABatas
CHEMBL478240,3.0,CCCCSc1nc(N)c2ncn(Cc3c(F)ccc(C)c3F)c2n1,25.0,AAAAEarda{D}asdad{Aata{G}aaa{A}atG}asdr
CHEMBL2336327,1.31,COc1ccc(cc1CNCCO)c2ccc3c(nc(nc3n2)N4C[C@@H](C)O[C@@H](C)C4)N5CCOCC5,53.166666666666664,ABaraaa{aarADAAB}asaaata{da{datds}DuA{A**H}{A}B{A**H}{A}Au}DvAABAAv
CHEMBL336399,0.78,OC(=O)c1cc2ccccc2n1Cc3ccccc3,62.0,BA{~B}araasaaaaasdrAataaaaat
CHEMBL108200,3.1,COc1cccc(c1)C(COCc2cc(cc(c2)C(F)(F)F)C(F)(F)F)N3CCNCC3,23.333333333333332,ABaraaaa{ar}A{ABAasaa{aa{as}A{G}{G}G}A{G}{G}G}DtAADAAt
CHEMBL51880,2.39,Nc1ccc2C(=O)C(=O)c3ccccc3c2c1,35.166666666666664,DaraaasA{~B}A{~B}ataaaaatasar
CHEMBL2088091,2.92,Cc1cc(CNc2ncc(Br)c(Nc3cc(C)[nH]n3)n2)on1,26.333333333333332,Aaraa{ADasdaa{X}a{Dataa{A}{dH}dt}ds}bdr
CHEMBL1213376,2.41,COc1ccc(CCN2CNC(=NC2)SCc3ccc(Cl)cc3)cc1OC,34.833333333333336,ABaraaa{AADsADA{~DAs}EAataaa{Z}aat}aarBA
CHEMBL2036753,4.26,Clc1ccc(NC(=O)N2CCN(C[C@@H]3CCCN(Cc4ccccc4)C3)CC2)cc1Cl,4.0000000000000036,Zaraaa{DA{~B}DsAAD{A{A**H}tAAAD{Aauaaaaau}At}AAs}aarZ
CHEMBL1362574,2.8,CC(=O)Nc1nc(ns1)c2ccccc2,28.33333333333334,AA{~B}Darda{dsr}asaaaaas
CHEMBL130,1.15,OC[C@@H](NC(=O)C(Cl)Cl)[C@H](O)c1ccc(cc1)[N+](=O)[O-],55.833333333333336,BA{A**H}{DA{~B}A{Z}Z}{A*H}{B}araaa{aar}{DP}{~B}{BM}
CHEMBL257830,1.95,NS(=O)(=O)NC(=O)CCCc1c([nH]c2ccc(cc12)C#N)c3ccc(F)cc3,42.49999999999999,DE{~B}{~B}DA{~B}AAAara{{dH}asaaa{aars}A^D}ataaa{G}aat
CHEMBL1807829,2.2,O[C@@H](CNCCSCCCNCCc1cccc(Cl)c1Cl)c2ccc(O)c3NC(=O)Sc23,38.33333333333333,B{A**H}{ADAAEAAADAAaraaaa{Z}arZ}asaaa{B}atDA{~B}East
CHEMBL1201236,-0.7,C[C@@](Cc1ccc(O)c(O)c1)(NN)C(=O)O,86.66666666666667,A{A**}{Aaraaa{B}a{B}ar}{DD}A{~B}B
CHEMBL1917457,-1.41,CC(=O)Nc1cccc2c1c(Oc3ccc(Cl)cc3)c(C)n2CC(=O)O,98.5,AA{~B}Daraaaasara{Bataaa{Z}aat}a{A}dsAA{~B}B
CHEMBL1778372,-0.41,COC[C@H](C)Oc1cc(Oc2ccc(cc2)S(=O)(=O)C)cc(c1)C(=O)Nc3ccc(cn3)C(=O)O,81.83333333333333,ABA{A*H}{A}Baraa{Basaaa{aas}E{~B}{~B}A}aa{ar}A{~B}Dataaa{adt}A{~B}B
CHEMBL85,2.05,CC1=C(CCN2CCC(CC2)c3noc4cc(F)ccc34)C(=O)N5CCCCC5=N1,40.833333333333336,AAr~A{AADsAAA{AAs}atdbauaa{G}aaatu}A{~B}DvAAAAAv~Dr
CHEMBL1343931,1.8,Cc1nc(CS(=O)(=O)c2ccc(Cl)cc2)cc(n1)N3CCOCC3,45.0,Aarda{AE{~B}{~B}asaaa{Z}aas}aa{dr}DtAABAAt
CHEMBL31,-0.82,COc1c(N2CCNC(C)C2)c(F)cc3C(=O)C(=CN(C4CC4)c13)C(=O)O,88.66666666666667,ABara{DsAADA{A}As}a{G}aatA{~B}A{~AD{AuAAu}art}A{~B}B
CHEMBL2158778,1.9,OC(=O)[C@H](Cc1ccc(F)cc1)N2CCC(CN3CCC(CC3)Oc4ccc(Cl)cc4)CC2,43.333333333333336,BA{~B}{A*H}{Aaraaa{G}aar}DsAAA{ADtAAA{AAt}Bauaaa{Z}aau}AAs
CHEMBL2097971,3.9,COc1ccc2nc(C)cc(OCC(=O)Nc3ccccc3OC)c2c1,10.000000000000002,ABaraaasda{A}aa{BAA{~B}DataaaaatBA}asar
CHEMBL1946016,3.28,CCN(CC)C(=O)c1ccc(cc1)C(=C2CCN(Cc3ccc(F)cc3)CC2)c4ccccn4,20.333333333333336,AAD{AA}A{~B}araaa{aar}A{~AsAAD{Aataaa{G}aat}AAs}auaaaadu
CHEMBL533,1.2,CCCCCCCN(CC)CCCC(O)c1ccc(NS(=O)(=O)C)cc1,55.0,AAAAAAAD{AA}AAAA{B}araaa{DE{~B}{~B}A}aar
CHEMBL2325997,2.7,CC(NC(=O)C1(N)CCN(CC1)c2ncnc3[nH]ccc23)c4ccc(Cl)cc4,29.999999999999996,AA{DA{~B}Ar{D}AAD{AAr}asdadat{dH}aaast}auaaa{Z}aau
CHEMBL1463345,3.2,C[C@]12CCC(=O)C=C1C=C[C@@H]3[C@@H]2CC[C@@]4(C)[C@H]3CC[C@@]45CCC(=O)O5,21.66666666666666,A{A*}rsAAA{~B}A~ArA~A{A**H}t{A**H}sAA{A**}u{A}{A*H}tAA{A**}uvAAA{~B}Bv
CHEMBL1917441,1.85,Cc1ccc2c(c1)c(Sc3cccc(Cl)c3)c(C)n2CC(=O)O,44.166666666666664,Aaraaasa{ar}a{Eataaaa{Z}at}a{A}dsAA{~B}B
CHEMBL581893,-0.51,COc1ccc2c(C)nc(NC(=N)N)nc2c1,83.5,ABaraaasa{A}da{DA{~D}D}dasar
CHEMBL10188,3.91,CC[C@H](NC(=O)c1c(O)c(nc2ccccc12)c3ccccc3)c4ccccc4,9.83333333333333,AA{A*H}{DA{~B}ara{B}a{dasaaaaars}ataaaaat}auaaaaau
CHEMBL517943,4.28,Fc1ccc(CNc2ncc(Br)c(Nc3cc([nH]n3)C4CC4)n2)cc1,3.6666666666666625,Garaaa{ADasdaa{X}a{Dataa{{dH}dt}AuAAu}ds}aar
CHEMBL1778624,0.9,OC(=O)COc1ccc(cc1c2ccc(Cl)cc2)C(F)(F)F,60.0,BA{~B}ABaraaa{aarasaaa{Z}aas}A{G}{G}G
CHEMBL2088099,2.04,COCCCc1cc(Nc2ccnc(NCc3onc(C)c3)n2)n[nH]1,41.0,ABAAAaraa{Dasaada{DAatbda{A}at}ds}d{dH}r
CHEMBL2137932,2.92,CC(O)(C(=O)c1ccccc1)c2ccccc2,26.333333333333332,AA{B}{A{~B}araaaaar}asaaaaas
CHEMBL638,1.7,C[C@@H](c1ncncc1F)[C@](O)(Cn2cncn2)c3ccc(F)cc3F,46.666666666666664,A{A**H}{ardadaarG}{A*}{B}{Adsadads}ataaa{G}aatG
CHEMBL2171025,2.24,Clc1ccc(OC2CCN(CC2)C3CCN(CC3)C(=O)c4ccc(cc4)C5=NOC(=O)N5)cc1Cl,37.666666666666664,Zaraaa{BAsAAD{AAs}AtAAD{AAt}A{~B}auaaa{aau}Av~DBA{~B}Dv}aarZ
CHEMBL1762529,3.0,COc1cc(CO)cc(c1)N(C)c2ccnc(Nc3cc(cc(c3)N4CCOCC4)N5CCOCC5)n2,25.0,ABaraa{AB}aa{ar}D{A}asaada{Dataa{aa{at}DuAABAAu}DvAABAAv}ds
CHEMBL1916273,0.46,CC(C)NC(=O)c1c(C)nn(c1NS(=O)(=O)c2ccc(C)cc2)c3ccccc3,67.33333333333333,AA{A}DA{~B}ara{A}dd{arDE{~B}{~B}asaaa{A}aas}ataaaaat
CHEMBL1956112,0.37,CN1CCC[C@H]1CCN2CCCc3cc(NC(=N)c4cccs4)ccc23,68.83333333333333,ADrAAA{A*H}rAADsAAAataa{DA{~D}auaaasu}aaast
CHEMBL87,1.12,COC1=CC=C2C(=CC1=O)C(CCc3cc(OC)c(OC)c(OC)c23)NC(=O)C,56.333333333333336,ABAr~AA~AsA{~AAr~B}A{AAataa{BA}a{BA}a{BA}ast}DA{~B}A
CHEMBL1223815,2.39,Cc1ccc(CN2[C@@H]3CC[C@H]2C[C@H](C3)Oc4cccc(c4)C(=O)N)s1,35.166666666666664,Aaraaa{ADs{A**H}tAA{A*H}sA{A*H}{At}Bauaaaa{au}A{~B}D}sr
CHEMBL435859,-0.62,OB1N(C(=Nc2ccccc12)S)c3cccnc3,85.33333333333333,BBrD{A{~Dasaaaaars}E}ataaadat
CHEMBL1944693,0.82,COc1ccccc1CCNCc2cccc(CCNC[C@H](O)c3ccc(O)c4NC(=O)Sc34)c2,61.333333333333336,ABaraaaaarAADAasaaaa{AADA{A*H}{B}ataaa{B}auDA{~B}Eatu}as
CHEMBL2314504,2.99,Cn1c(C(=O)O)c(CCCOc2cccc3ccccc23)c4ccccc14,25.16666666666666,Adra{A{~B}B}a{AAABasaaaataaaaast}auaaaaaru
CHEMBL2325711,3.4,O=S(=O)(c1ccccc1)C2(CC2)c3cc(nc(n3)c4cccc5[nH]ccc45)N6CCOCC6,18.333333333333336,B~E{~B}{araaaaar}As{AAs}ataa{da{dt}auaaaav{dH}aaauv}DwAABAAw
CHEMBL1209737,4.29,FC(F)(F)c1ccc(cc1)S(=O)(=O)NCC(N2CCCCCC2)c3ccccc3,3.4999999999999996,GA{G}{G}araaa{aar}E{~B}{~B}DAA{DsAAAAAAs}ataaaaat
CHEMBL473417,2.84,CS(=O)(=O)c1ccc(C(=O)Nc2ccc(Cl)c(c2)c3ccccn3)c(Cl)c1,27.666666666666668,AE{~B}{~B}araaa{A{~B}Dasaaa{Z}a{as}ataaaadt}a{Z}ar
CHEMBL150245,2.04,Cc1nc(N)c2nc(O)n(Cc3ccccc3)c2n1,41.0,Aarda{D}asda{B}d{Aataaaaat}asdr
CHEMBL182279,3.9,CCN(C1CCN(CCC(c2ccccc2)c3ccccc3)CC1)C(=O)Cc4ccc(cc4)C#N,10.000000000000002,AAD{ArAAD{AAA{asaaaaas}ataaaaat}AAr}A{~B}Aauaaa{aau}A^D
CHEMBL115523,2.8,O=C(Nc1ccccc1)c2ccccc2,28.33333333333334,B~A{Daraaaaar}asaaaaas
CHEMBL25539,-1.42,CCC(CO)NCCNC(CC)CO,98.66666666666667,AAA{AB}DAADA{AA}AB
CHEMBL498,-0.33,CCCNC(=O)NS(=O)(=O)c1ccc(Cl)cc1,80.5,AAADA{~B}DE{~B}{~B}araaa{Z}aar
CHEMBL2036773,2.68,CCN1CCO[C@@H](CN2CCN(CC2)C(=O)Nc3ccc(Cl)c(Cl)c3)C1,30.33333333333333,AADrAAB{A**H}{ADsAAD{AAs}A{~B}Dataaa{Z}a{Z}at}Ar
CHEMBL82301,2.7,COC[C@H](N1CCN(C[C@@H]1C)C2(C)CCN(CC2)C(=O)c3c(C)ncnc3C)c4ccc(cc4)C(F)(F)F,29.999999999999996,ABA{A*H}{DrAAD{A{A**H}rA}As{A}AAD{AAs}A{~B}ata{A}dadatA}auaaa{aau}A{G}{G}G
CHEMBL149444,2.56,COc1ccc(cc1OC)S(=O)(=O)Nc2ccc(\C=C\C(=O)Nc3ccccc3N)cc2,32.333333333333336,ABaraaa{aarBA}E{~B}{~B}Dasaaa{RA~ARA{~B}DataaaaatD}aas
CHEMBL2158815,2.23,OC(=O)C(N1CCC(CC1)N2CCC(CC2)Oc3ccc(Cl)c(Cl)c3)c4ccccc4,37.833333333333336,BA{~B}A{DrAAA{AAr}DsAAA{AAs}Bataaa{Z}a{Z}at}auaaaaau
CHEMBL1200600,2.65,C[C@H]1C[C@H]2[C@@H]3CC[C@](O)(C(=O)C)[C@@]3(C)C[C@H](O)[C@]2(F)[C@@]4(C)C=CC(=O)C=C14,30.833333333333332,A{A*H}rA{A*H}s{A**H}tAA{A*}{B}{A{~B}A}{A**}t{A}A{A*H}{B}{A*}s{G}{A**}u{A}A~AA{~B}A~Aru
CHEMBL187845,3.58,Clc1ccccc1CNC(=O)c2ccccc2Oc3ccccc3,15.333333333333334,ZaraaaaarADA{~B}asaaaaasBataaaaat
CHEMBL2105728,1.99,CC1(COc2ccc3c(c2)ncn3c4ccc5cccc(N6CCC(N)CC6)c5n4)COC1,41.83333333333333,AAr{ABasaaata{as}dadtauaaavaaaa{DwAAA{D}AAw}avdu}ABAr
CHEMBL54,2.67,OC1(CCN(CCCC(=O)c2ccc(F)cc2)CC1)c3ccc(Cl)cc3,30.5,BAr{AAD{AAAA{~B}asaaa{G}aas}AAr}ataaa{Z}aat
CHEMBL1916282,1.44,C[C@H](NC(=O)c1c(C)nn(c1NS(=O)(=O)c2ccc(C)cc2)c3ccccc3)C(C)(C)C,51.0,A{A*H}{DA{~B}ara{A}dd{arDE{~B}{~B}asaaa{A}aas}ataaaaat}A{A}{A}A
CHEMBL424620,0.68,CC(C)C(NC(=O)CN1C(=O)C(=CC=C1c2ccccc2)NC(=O)Cc3cccc(c3)C(=O)O)C(=O)C(F)(F)F,63.666666666666664,AA{A}A{DA{~B}ADrA{~B}A{~AA~Arasaaaaas}DA{~B}Aataaaa{at}A{~B}B}A{~B}A{G}{G}G
CHEMBL277522,0.58,OC(=O)CCC(=O)c1ccc(cc1)c2ccccc2,65.33333333333333,BA{~B}AAA{~B}araaa{aar}asaaaaas
CHEMBL2177611,1.39,CCCSc1c(cnn1[C@@H]2CC[C@@H](CC2)C(=O)O)C(=O)NC3CCCCC3,51.83333333333334,AAAEara{addr{A**H}sAA{A**H}{AAs}A{~B}B}A{~B}DAtAAAAAt
CHEMBL288441,3.5,COc1cc(Nc2c(cnc3cc(OCCCN4CCN(C)CC4)c(OC)cc23)C#N)c(Cl)cc1Cl,16.666666666666668,ABaraa{Dasa{adataa{BAAADuAAD{A}AAu}a{BA}aast}A^D}a{Z}aarZ
CHEMBL1631471,1.5,Nc1c(nnc2c(cccc12)c3ncccn3)C(=O)NC4CC4,50.0,Dara{ddasa{aaaars}atdaaadt}A{~B}DAuAAu
CHEMBL1934269,0.93,C[C@H](NC(=O)c1c(C)nn(CC(F)(F)F)c1NS(=O)(=O)c2ccc(C)cc2)C(C)(C)C,59.5,A{A*H}{DA{~B}ara{A}dd{AA{G}{G}G}arDE{~B}{~B}asaaa{A}aas}A{A}{A}A
CHEMBL2086667,3.4,CC(C)(C)OC(=O)N1C[C@@H]2CC[C@H]1CN2c3ncc(OCc4ccc(cc4)S(=O)(=O)C)cn3,18.333333333333336,AA{A}{A}BA{~B}DrA{A**H}sAA{A*H}rADsatdaa{BAauaaa{aau}E{~B}{~B}A}adt
CHEMBL84,0.31,CC[C@@]1(O)C(=O)OCC2=C1C=C3N(Cc4cc5c(CN(C)C)c(O)ccc5nc34)C2=O,69.83333333333334,AA{A**}r{B}A{~B}BAAs~ArA~AtD{Aauaava{AD{A}A}a{B}aaavdatu}As~B
CHEMBL1950728,2.6,CN[C@@H](C)C(=O)N[C@@H](C1CCCCC1)C(=O)N[C@H]2CCCN(CCCc3ccccc3)C2,31.666666666666668,AD{A**H}{A}A{~B}D{A**H}{ArAAAAAr}A{~B}D{A*H}sAAAD{AAAataaaaat}As
CHEMBL170984,1.83,COc1cc2c(Nc3c(Cl)ccc4OCOc34)ncnc2cc1OCC5CCN(C)CC5,44.5,ABaraasa{Data{Z}aaauBABatu}dadasaarBAAvAAD{A}AAv
CHEMBL186995,3.68,Clc1ccccc1CNC(=O)c2cccnc2Oc3ccccc3,13.666666666666664,ZaraaaaarADA{~B}asaaadasBataaaaat
CHEMBL1055,0.97,NS(=O)(=O)c1cc(ccc1Cl)C2(O)NC(=O)c3ccccc23,58.833333333333336,DE{~B}{~B}araa{aaarZ}As{B}DA{~B}ataaaaast
CHEMBL1829174,2.3,Cc1cc(OCCCS(=O)(=O)C)cc(C)c1c2cccc(COc3ccc4[C@H](CC(=O)O)COc4c3)c2,36.66666666666667,Aaraa{BAAAE{~B}{~B}A}aa{A}arasaaaa{ABataaau{A*H}{AA{~B}B}ABauat}as
CHEMBL1322390,3.57,COc1ccc2nc(NC(=O)CCc3ccc(OC)c(OC)c3)sc2c1,15.500000000000002,ABaraaasda{DA{~B}AAataaa{BA}a{BA}at}sasar
CHEMBL462385,2.26,CC(C)n1c(C)ncc1c2nc(Nc3ccc(C(=O)NCCN(C)C)c(F)c3)ncc2F,37.333333333333336,AA{A}dra{A}daarasda{Dataaa{A{~B}DAAD{A}A}a{G}at}daasG
CHEMBL128088,2.22,CN1CCN(CC1)C(=O)c2cc3cc(C)ccc3[nH]2,37.99999999999999,ADrAAD{AAr}A{~B}asaataa{A}aaat{dH}s
CHEMBL2030964,0.78,CNc1cccc(CCCc2ccc(C[C@H](NC(=O)c3c(Cl)cccc3Cl)C(=O)O)s2)n1,62.0,ADaraaaa{AAAasaaa{A{A*H}{DA{~B}ata{Z}aaaatZ}A{~B}B}ss}dr
CHEMBL2207607,-0.34,COc1cc(OC)c(cc1NC(=O)CCc2nn[nH]n2)S(=O)(=O)N3C(C)CCc4ccccc34,80.66666666666667,ABaraa{BA}a{aarDA{~B}AAasdd{dH}ds}E{~B}{~B}DtA{A}AAauaaaaatu
CHEMBL1835913,2.63,CCOC(=O)c1ccc(OCCC2CCN(CC2)c3ccc(C)nn3)cn1,31.166666666666668,AABA{~B}araaa{BAAAsAAD{AAs}ataaa{A}ddt}adr
CHEMBL934,1.45,CC(C)(C(=O)c1cccnc1)c2cccnc2,50.833333333333336,AA{A}{A{~B}araaadar}asaaadas
CHEMBL517140,1.45,CNC(=O)c1ccc(Oc2ccc3CCN(CCc3c2)C4CCC4)nc1,50.833333333333336,ADA{~B}araaa{BasaaatAAD{AAatas}AuAAAu}dar
CHEMBL2086654,3.2,CC(C)(C)OC(=O)N1CCN(CC1)c2ccc(OCc3ccc(cc3)S(=O)(=O)C)cn2,21.66666666666666,AA{A}{A}BA{~B}DrAAD{AAr}asaaa{BAataaa{aat}E{~B}{~B}A}ads
CHEMBL1778995,1.82,Fc1cccc(c1F)c2cncc(CNCC3CC3)n2,44.666666666666664,Garaaaa{arG}asadaa{ADAAtAAt}ds
CHEMBL580,2.38,OC1N=C(c2ccccc2Cl)c3cc(Cl)ccc3NC1=O,35.333333333333336,BArD~A{asaaaaasZ}ataa{Z}aaatDAr~B
CHEMBL1631467,2.79,CCCNC(=O)c1nnc2c(cccc2c1N)c3cncc(c3)C(=O)N4CCC4,28.5,AAADA{~B}arddasa{aaaasarD}atadaa{at}A{~B}DuAAAu
CHEMBL2163591,1.7,CS(=O)(=O)c1cccc2c3CN(CCc3[nH]c12)C(=O)[C@@H]4CCCC[C@H]4C(=O)NC5(CC5)C#N,46.666666666666664,AE{~B}{~B}araaaasatAD{AAat{dH}ars}A{~B}{A**H}uAAAA{A*H}uA{~B}DAv{AAv}A^D
CHEMBL515515,1.4,CN(C)CCCNS(=O)(=O)c1ccc(Nc2nccc(n2)c3cnc4cccnn34)cc1,51.666666666666664,AD{A}AAADE{~B}{~B}araaa{Dasdaaa{ds}atadauaaaddtu}aar
CHEMBL95,0.38,Nc1c2CCCCc2nc3ccccc13,68.66666666666667,DarasAAAAasdataaaaart
CHEMBL1465276,3.7,O=C(C1CCN(CC1)c2nnc(s2)n3cccc3)N4CCc5ccccc5C4,13.33333333333333,B~A{ArAAD{AAr}asdda{ss}dtaaaat}DuAAavaaaaavAu
CHEMBL96076,3.1,COc1ccc(CN2CCc3c(C2)[nH]c4ccccc34)cc1OC,23.333333333333332,ABaraaa{ADsAAata{As}{dH}auaaaaatu}aarBA
CHEMBL503732,2.63,CNC1=Nc2ncccc2C(=NC1c3cccs3)c4cccs4,31.166666666666668,ADAr~DasdaaaasA{~DArataaast}auaaasu
CHEMBL1431112,3.0,Clc1ccc2NC(=O)CN(C(c3ccccc3)c2c1)C(=O)c4occc4,25.0,ZaraaasDA{~B}AD{A{ataaaaat}asar}A{~B}aubaaau
CHEMBL474829,2.3,CC(C)CNc1nc(nc(NC2CCS(=O)(=O)C2)c1N)C#N,36.66666666666667,AA{A}ADarda{da{DAsAAE{~B}{~B}As}arD}A^D
CHEMBL2088115,3.4,Cn1cc(nc1c2c3C(=O)N(CC#C)C(=O)N(CC4CC4)c3nn2Cc5ccnc6ccc(Cl)cc56)C#N,18.333333333333336,Adraa{darasatA{~B}D{AA^A}A{~B}D{AAuAAu}atddsAavaadawaaa{Z}aavw}A^D
CHEMBL1809204,3.7,COc1cc(ccc1Nc2ncc(Cl)c(n2)c3cnc4cc(F)ccn34)N5CCN(CC5)C(=O)C,13.33333333333333,ABaraa{aaarDasdaa{Z}a{ds}atadauaa{G}aadtu}DvAAD{AAv}A{~B}A
CHEMBL1796298,1.78,O[C@]1(CN2CCC1CC2)C#Cc3ccc(Oc4ccc(cc4)C(=O)NCc5ccncn5)cc3,45.333333333333336,B{A*}r{ADsAAArAAs}A^Aataaa{Bauaaa{aau}A{~B}DAavaadadv}aat
CHEMBL2335878,2.29,CN(C)CCNC(=O)c1ccc(Nc2ncc3cc(ccc3n2)c4ccncc4)cc1,36.833333333333336,AD{A}AADA{~B}araaa{Dasdaataa{aaatds}auaadaau}aar
CHEMBL487274,2.35,CC1=CC2=NNC(=O)N2c3ccccc13,35.833333333333336,AAr~AAs~DDA{~B}Dsataaaaart
CHEMBL1977402,2.09,Cc1cc(c(S)cc1Cl)S(=O)(=O)Nc2nc(Nc3ccc(Cl)cc3)n[nH]2,40.166666666666664,Aaraa{a{E}aarZ}E{~B}{~B}Dasda{Dataaa{Z}aat}d{dH}s
CHEMBL2179281,1.69,CCCCC[C@@H](N1CCC[C@@H](C1)N2C=C(C)C(=O)NC2=O)c3ccc(C(=O)O)c(Oc4cccc(Br)c4)c3,46.833333333333336,AAAAA{A**H}{DrAAA{A**H}{Ar}DsA~A{A}A{~B}DAs~B}ataaa{A{~B}B}a{Bauaaaa{X}au}at
CHEMBL1829249,2.32,CCC(N(CCCN)C(=O)c1ccc(C)cc1)C2=Nc3ccsc3C(=O)N2Cc4ccc(Cl)cc4,36.333333333333336,AAA{D{AAAD}A{~B}araaa{A}aar}As~DataasatA{~B}DsAauaaa{Z}aau
CHEMBL779,2.6,CN1CC(=O)N2[C@H](Cc3c([nH]c4ccccc34)[C@H]2c5ccc6OCOc6c5)C1=O,31.666666666666668,ADrAA{~B}Ds{A*H}{Aata{{dH}auaaaaatu}{A*H}savaaawBABawav}Ar~B
CHEMBL1916266,0.27,CCC(CC)NC(=O)c1cnn(c1NS(=O)(=O)c2ccc(C)cc2)c3ccccn3,70.50000000000001,AAA{AA}DA{~B}aradd{arDE{~B}{~B}asaaa{A}aas}ataaaadt
CHEMBL1330968,1.87,CC1=C(OCc2ccccc2)C(=O)C=CO1,43.833333333333336,AAr~A{BAasaaaaas}A{~B}A~ABr
CHEMBL1372682,3.83,O=C(CC12CC3CC(CC(C3)C1)C2)Nc4cccc5ncccc45,11.166666666666666,B~A{AArsAAtAA{AA{At}Ar}As}Dauaaaavdaaaauv
CHEMBL50627,1.88,O=C1C(=O)c2cccnc2c3ccccc13,43.666666666666664,B~ArA{~B}asaaadasataaaaart
CHEMBL980,0.24,COc1ccccc1OCC(O)CO,71.0,ABaraaaaarBAA{B}AB
CHEMBL2011920,2.5,CNc1c(Br)cnc2[nH]c(nc12)c3cnn(c3)C4CCN(C)CC4,33.333333333333336,ADara{X}adas{dH}a{dars}atadd{at}AuAAD{A}AAu
CHEMBL180966,2.86,CN(CC[C@@H](Oc1ccc(cc1)c2ccccc2)c3ccc(F)cc3)CC(=O)O,27.333333333333332,AD{AA{A**H}{Baraaa{aar}asaaaaas}ataaa{G}aat}AA{~B}B
CHEMBL622,0.49,CCc1cccc2c3CCOC(CC)(CC(=O)O)c3[nH]c12,66.83333333333333,AAaraaaasatAABA{AA}{AA{~B}B}at{dH}ars
CHEMBL1094168,3.88,CS(=O)(=O)c1ccc(cc1)[C@H](CC2CCCC2)C(=O)Nc3nccs3,10.333333333333336,AE{~B}{~B}araaa{aar}{A*H}{AAsAAAAs}A{~B}Datdaast
CHEMBL273575,2.08,CN1CC(c2ccccc2)c3cccc(N)c3C1,40.333333333333336,ADrAA{asaaaaas}ataaaa{D}atAr
CHEMBL99737,1.6,Nc1cccc(NC(=O)c2ccc(CNC(=O)OCc3cccnc3)cc2)c1,48.333333333333336,Daraaaa{DA{~B}asaaa{ADA{~B}BAataaadat}aas}ar
CHEMBL2177602,0.9,CCc1c(cnn1c2ccc(cc2)C(=O)O)C(=O)NC3C4CC5CC(CC3C5)C4,60.0,AAara{addrasaaa{aas}A{~B}B}A{~B}DAtAuAAvAA{AAtAv}Au
CHEMBL894,2.12,CC(NC(C)(C)C)C(=O)c1cccc(Cl)c1,39.666666666666664,AA{DA{A}{A}A}A{~B}araaaa{Z}ar
CHEMBL2153183,2.02,CCCSc1nc(N[C@@H]2CC[C@H](CC2)C(=O)O)ccc1C(=O)NC3CCCCC3,41.333333333333336,AAAEarda{D{A**H}sAA{A*H}{AAs}A{~B}B}aaarA{~B}DAtAAAAAt
CHEMBL263664,2.72,NC1(Cc2ccc(Cl)cc2)CCN(CC1)c3ncnc4[nH]ccc34,29.66666666666666,DAr{Aasaaa{Z}aas}AAD{AAr}atdadau{dH}aaatu
CHEMBL56261,1.58,CC(C)CCCC(C)\N=C\1/C=CN(Cc2ccccc2)c3cc(Cl)ccc13,48.666666666666664,AA{A}AAAA{A}RD~ARrLA~AD{Aasaaaaas}ataa{Z}aaart
CHEMBL1442864,2.9,CC1=CC(=O)Oc2c3CCCNc3c(C)cc12,26.666666666666668,AAr~AA{~B}BasatAAAData{A}aars
CHEMBL2180037,3.3,CC#Cc1cncc(c1)c2cccc(c2)C3(N=C(C)C(=N3)N)C4CC4,20.000000000000004,AA^Aaradaa{ar}asaaaa{as}At{D~A{A}A{~Dt}D}AuAAu
CHEMBL2087620,2.69,CN1C(=O)N(CC2CC2)c3nn(Cc4ccnc5ccc(Cl)cc45)c(c6cncn6C)c3C1=O,30.166666666666668,ADrA{~B}D{AAsAAs}atdd{Aauaadavaaa{Z}aauv}a{awadadwA}atAr~B
CHEMBL1288164,2.01,NC(=O)c1cnc(N[C@H]2CCCNC2)c3cc(sc13)c4ccc(F)cc4,41.50000000000001,DA{~B}arada{D{A*H}sAAADAs}ataa{sart}auaaa{G}aau
CHEMBL1917423,2.0,Cc1c(Sc2ccc(Cl)cc2)c3cccc(Cl)c3n1CC(=O)O,41.666666666666664,Aara{Easaaa{Z}aas}ataaaa{Z}atdrAA{~B}B
CHEMBL1490,2.68,OC(CCN1CCCCC1)(C2CCCCC2)c3ccccc3,30.33333333333333,BA{AADrAAAAAr}{AsAAAAAs}ataaaaat
CHEMBL1289113,2.63,Fc1ccc(N2CCN(CC2)C(=O)COCc3ccncc3)c(Cl)c1,31.166666666666668,Garaaa{DsAAD{AAs}A{~B}ABAataadaat}a{Z}ar
CHEMBL1778992,2.0,COc1cc(F)ccc1c2cncc(CNC[C@@H]3CCCO3)n2,41.666666666666664,ABaraa{G}aaarasadaa{ADA{A**H}tAAABt}ds
CHEMBL66089,3.2,Nc1ncnc2nc(cc(c3cccc(Br)c3)c12)c4ccc(nc4)N5CCOCC5,21.66666666666666,Dardadasda{aa{ataaaa{X}at}ars}auaaa{dau}DvAABAAv
CHEMBL365123,1.19,CC1=CN(Cc2ccccc2)C(=O)NC1=O,55.166666666666664,AAr~AD{Aasaaaaas}A{~B}DAr~B
CHEMBL235619,1.62,CCCCCC1=CC(=O)NC(=N1)N,48.0,AAAAAAr~AA{~B}DA{~Dr}D
CHEMBL1916285,0.29,C[C@H](NC(=O)c1c(C)nn(c1NS(=O)(=O)c2cccc(CN3CCOCC3)c2)c4ccccc4)C(C)(C)C,70.16666666666667,A{A*H}{DA{~B}ara{A}dd{arDE{~B}{~B}asaaaa{ADtAABAAt}as}auaaaaau}A{A}{A}A
CHEMBL388335,0.6,Clc1ccc2C(=O)C3=C(Nc2c1)C(=O)NN(Cc4cocc4)C3=O,65.0,ZaraaasA{~B}At~A{Dasar}A{~B}DD{Aauabaau}At~B
CHEMBL1682827,2.3,O=C1CCOc2nc(COc3ccccc3)ccc12,36.66666666666667,B~ArAABasda{ABataaaaat}aaars
CHEMBL1599290,1.56,Nc1nc2ccccc2n1C(=O)c3ccccc3,49.0,DardasaaaaasdrA{~B}ataaaaat
CHEMBL379866,2.44,CC(C)c1nnc2ccc(cn12)c3ocnc3c4cc(F)ccc4F,34.333333333333336,AA{A}arddasaaa{adrs}atbadatauaa{G}aaauG
CHEMBL157101,3.7,CC(=O)N1CCN(CC1)c2ccc(OCC3COC(Cn4ccnc4)(O3)c5ccc(Cl)cc5Cl)cc2,13.33333333333333,AA{~B}DrAAD{AAr}asaaa{BAAtABA{Aduaadau}{Bt}avaaa{Z}aavZ}aas
CHEMBL2179296,3.68,CC1=CN([C@H]2CCCN(Cc3cccc(Oc4cccc(Br)c4)c3)C2)C(=O)NC1=O,13.666666666666664,AAr~AD{{A*H}sAAAD{Aataaaa{Bauaaaa{X}au}at}As}A{~B}DAr~B
CHEMBL1229592,3.9,COc1cc(ccc1Nc2ncc(Cl)c(Oc3cccc(NC(=O)C=C)c3)n2)N4CCN(C)CC4,10.000000000000002,ABaraa{aaarDasdaa{Z}a{Bataaaa{DA{~B}A~A}at}ds}DuAAD{A}AAu
CHEMBL379082,2.37,CCN(C1CCN(CC[C@H](c2ccc(cc2)S(=O)(=O)C)c3cccc(Cl)c3)CC1)C(=O)Cc4ccc(cc4)S(=O)(=O)C,35.5,AAD{ArAAD{AA{A*H}{asaaa{aas}E{~B}{~B}A}ataaaa{Z}at}AAr}A{~B}Aauaaa{aau}E{~B}{~B}A
CHEMBL2023474,3.93,CCn1cc(NC(=O)Cc2ccc(Oc3ccnc4cc(F)ccc34)cc2OC)cn1,9.499999999999998,AAdraa{DA{~B}Aasaaa{Bataadauaa{G}aaatu}aasBA}adr
CHEMBL1779019,2.9,COc1cc(F)ccc1c2cncc(CNC(=O)C3CC3)c2,26.666666666666668,ABaraa{G}aaarasadaa{ADA{~B}AtAAt}as
CHEMBL2087862,4.27,Cn1cc(cc1c2c3C(=O)N(CC=C)C(=O)N(CC4CC4)c3nn2Cc5ccnc6ccc(Cl)cc56)C#N,3.8333333333333406,Adraa{aarasatA{~B}D{AA~A}A{~B}D{AAuAAu}atddsAavaadawaaa{Z}aavw}A^D
CHEMBL1078178,2.37,O=C(NCC#N)c1ccc(cc1)c2ccnc(Nc3ccc(cc3)N4CCOCC4)n2,35.5,B~A{DAA^D}araaa{aar}asaada{Dataaa{aat}DuAABAAu}ds
CHEMBL339212,2.5,CNC(=O)C1(CCN(CC[C@H](CN(C)C(=O)c2cc(cc3ccccc23)C#N)c4ccc(Cl)c(Cl)c4)CC1)N5CCCCC5=O,33.333333333333336,ADA{~B}Ar{AAD{AA{A*H}{AD{A}A{~B}asaa{aataaaaast}A^D}auaaa{Z}a{Z}au}AAr}DvAAAAAv~B
CHEMBL552513,1.33,O[C@@H]1CNC[C@H]1N2C=Cc3c(NC(=O)Cc4ccc(F)c(c4)C(F)(F)F)cccc3C2=O,52.833333333333336,B{A**H}rADA{A*H}rDsA~Aata{DA{~B}Aauaaa{G}a{au}A{G}{G}G}aaaatAs~B
CHEMBL1766081,3.8,CC(C)OC(=O)N1CCC(CC1)Oc2ncnc(Oc3cccnc3C)c2C,11.66666666666667,AA{A}BA{~B}DrAAA{AAr}Basdada{BataaadatA}asA
CHEMBL655,3.4,Cc1ncc2CN=C(c3ccccc3F)c4cc(Cl)ccc4n12,18.333333333333336,AardaasAD~A{ataaaaatG}auaa{Z}aaaudrs
CHEMBL1951908,3.39,CCN(C1CCN(CC[C@H](C2CCN(CC2)S(=O)(=O)C(F)(F)F)c3ccccc3)CC1)C(=O)Cc4ccc(cc4)S(=O)(=O)C,18.499999999999996,AAD{ArAAD{AA{A*H}{AsAAD{AAs}E{~B}{~B}A{G}{G}G}ataaaaat}AAr}A{~B}Aauaaa{aau}E{~B}{~B}A
CHEMBL592956,3.17,CN1C(=O)c2c(onc2c3ccncc3)C=C1c4ccccc4,22.166666666666668,ADrA{~B}asa{bdasataadaat}A~Arauaaaaau
CHEMBL1604278,1.25,Cc1cc(N)n(n1)c2ccccc2,54.166666666666664,Aaraa{D}d{dr}asaaaaas
CHEMBL2088118,3.92,Cn1cc(nc1c2c3C(=O)N(CC=C)C(=O)N(CC4CC4)c3nn2Cc5ccnc6ccc(Cl)cc56)C#N,9.666666666666668,Adraa{darasatA{~B}D{AA~A}A{~B}D{AAuAAu}atddsAavaadawaaa{Z}aavw}A^D
CHEMBL1083943,1.26,OC(=O)C[C@H]1[C@@H](Cc2ccccc12)NC(=O)c3cc4cc(F)ccc4[nH]3,54.0,BA{~B}A{A*H}r{A**H}{Aasaaaaars}DA{~B}ataauaa{G}aaau{dH}t
CHEMBL435,-0.09,NS(=O)(=O)c1cc2c(NCNS2(=O)=O)cc1Cl,76.5,DE{~B}{~B}araasa{DADEs{~B}~B}aarZ
CHEMBL1623850,1.6,CC(=O)N1CCN(CC(O)COc2ccc(Br)cc2)CC1,48.333333333333336,AA{~B}DrAAD{AA{B}ABasaaa{X}aas}AAr
CHEMBL1625198,1.54,Clc1ccc(cc1Cl)C2=CSC3=NCCN23,49.333333333333336,Zaraaa{aarZ}As~AEAt~DAADst
CHEMBL1209738,2.86,O=S(=O)(NCC(N1CCCCCC1)c2ccccc2)c3ccc(cc3)C#N,27.333333333333332,B~E{~B}{DAA{DrAAAAAAr}asaaaaas}ataaa{aat}A^D
CHEMBL1682793,2.9,O=C1C=CN=C2C=C(C=CN12)C#Cc3ccccc3,26.666666666666668,B~ArA~AD~AsA~A{A~ADrs}A^Aataaaaat
CHEMBL1916544,-0.14,COc1ncc2N=CC(=O)N(CCN3CCC(CC3)NCc4cc5OCCOc5cn4)c2n1,77.33333333333333,ABardaasD~AA{~B}D{AADtAAA{AAt}DAauaavBAABavadu}asdr
CHEMBL217620,4.2,CC(C)N(C(C)C)C(=O)C(C(CNC(=O)NCc1ccccc1F)c2ccccc2)c3cccnc3,4.999999999999997,AA{A}D{A{A}A}A{~B}A{A{ADA{~B}DAaraaaaarG}asaaaaas}ataaadat
CHEMBL236859,2.55,Cc1sc(CN2CCNCC2)cc1C(=O)NCC34CC5CC(CC(C5)C3)C4,32.50000000000001,Aarsa{ADsAADAAs}aarA{~B}DAAtuAAvAA{AA{Av}At}Au
CHEMBL29609,3.63,Cc1cc(CCCOc2c(C)cc(cc2C)c3noc(n3)C(F)(F)F)on1,14.500000000000002,Aaraa{AAABasa{A}aa{aasA}atdba{dt}A{G}{G}G}bdr
CHEMBL11403,2.12,CC(C)C(NC(=O)CN1C(=O)C(=CN=C1c2ccccc2)NC(=O)OCc3ccccc3)C(=O)C(F)(F)F,39.666666666666664,AA{A}A{DA{~B}ADrA{~B}A{~AD~Arasaaaaas}DA{~B}BAataaaaat}A{~B}A{G}{G}G
CHEMBL188167,3.35,COc1cc2ncnc(Nc3cc(NC(=O)c4ccnc(c4)N5CCOCC5)ccc3C)c2cc1OCCN6CCCCC6,19.166666666666664,ABaraasdada{Dataa{DA{~B}auaada{au}DvAABAAv}aaatA}asaarBAADwAAAAAw
CHEMBL1224138,1.1,NC(=O)c1cncc(O[C@H]2C[C@H]3CC[C@@H](C2)N3Cc4ccccc4)n1,56.666666666666664,DA{~B}aradaa{B{A*H}sA{A*H}tAA{A**H}{As}DtAauaaaaau}dr
CHEMBL521262,3.41,COc1cc2c(Nc3cccc(Cl)c3Cl)c(cnc2cc1NCCN(C)C)C(=O)N,18.166666666666664,ABaraasa{Dataaaa{Z}atZ}a{adasaarDAAD{A}A}A{~B}D
CHEMBL1698351,0.3,CN1C(C(=O)Nc2ncc(C)s2)C(=O)c3ccccc3S1(=O)=O,70.0,ADrA{A{~B}Dasdaa{A}ss}A{~B}ataaaaatEr{~B}~B
CHEMBL2179665,-0.55,CC1=CN([C@H]2CCCN(Cc3ccc(C(=O)O)c(Oc4cccc(Cl)c4)c3)C2)C(=O)NC1=O,84.16666666666667,AAr~AD{{A*H}sAAAD{Aataaa{A{~B}B}a{Bauaaaa{Z}au}at}As}A{~B}DAr~B
CHEMBL437765,1.19,CO[C@H]1\C=C\O[C@@]2(C)Oc3c(C)c(O)c4c(O)c(NC(=O)\C(=C/C=C/[C@H](C)[C@H](O)[C@@H](C)[C@@H](O)[C@@H](C)[C@H](OC(=O)C)[C@@H]1C)\C)cc(O)c4c3C2=O,55.166666666666664,AB{A*H}rRA~ARB{A**}s{A}Bata{A}a{B}aua{B}a{DA{~B}RA{~ALA~AL{A*H}{A}{A*H}{B}{A**H}{A}{A**H}{B}{A**H}{A}{A*H}{BA{~B}A}{A**H}rA}RA}aa{B}auatAs~B
CHEMBL826,-0.83,CCN1C=C(C(=O)O)C(=O)c2cc(F)c(nc12)N3CCNCC3,88.83333333333333,AADrA~A{A{~B}B}A{~B}asaa{G}a{dars}DtAADAAt
CHEMBL251290,2.53,COc1ccc2c(C)cc(N[C@H]3CC[C@@H](C3)NCc4cn(C)c5ccccc45)nc2c1,32.833333333333336,ABaraaasa{A}aa{D{A*H}tAA{A**H}{At}DAauad{A}avaaaaauv}dasar
CHEMBL2334575,2.39,Cc1ccn2c(c(C)nc2c1)c3ccnc(N)n3,35.166666666666664,Aaraadsa{a{A}dasar}ataada{D}dt
CHEMBL142653,1.99,Cc1cc2NC(=O)C(=CC(=O)c2cc1C)O,41.83333333333333,AaraasDA{~B}A{~AA{~B}asaarA}B
CHEMBL224195,2.1,COc1cc(N2CCCN(C)CC2)c3NC(=CC(=O)c3c1)C(=O)Nc4ccc(cc4)N5CCOCC5,40.0,ABaraa{DsAAAD{A}AAs}atDA{~AA{~B}atar}A{~B}Dauaaa{aau}DvAABAAv
CHEMBL2325703,2.65,CC(C)(c1cc(nc(n1)c2cccc3[nH]ccc23)N4CCOCC4)S(=O)(=O)C,30.833333333333332,AA{A}{araa{da{dr}asaaaat{dH}aaast}DuAABAAu}E{~B}{~B}A
CHEMBL366947,2.48,CC(C)(C)OC(=O)c1ncn2c1[C@@H]3CCCN3C(=O)c4c(Br)cccc24,33.666666666666664,AA{A}{A}BA{~B}ardadsar{A**H}tAAADtA{~B}aua{X}aaaasu
CHEMBL127907,2.6,COc1cc2ncnc(Nc3cccc(O)c3)c2cc1OC,31.666666666666668,ABaraasdada{Dataaaa{B}at}asaarBA
CHEMBL1682945,3.15,CC[C@H](NC(=O)c1c(CC[S+](C)[O-])c(nc2ccccc12)c3ccccc3)c4ccccc4,22.5,AA{A*H}{DA{~B}ara{AA{EP}{A}{BM}}a{dasaaaaars}ataaaaat}auaaaaau
CHEMBL1778645,-0.65,CCS(=O)(=O)c1ccc(c(C)c1)c2cc(Cl)ccc2OCC(=O)O,85.83333333333333,AAE{~B}{~B}araaa{a{A}ar}asaa{Z}aaasBAA{~B}B
CHEMBL2036567,3.05,Fc1ccccc1Nc2oc(nn2)C(=O)Nc3ccc(cc3)N4CCOCC4,24.16666666666667,GaraaaaarDasba{dds}A{~B}Dataaa{aat}DuAABAAu
CHEMBL2094354,1.72,Nc1ccc2c(c1)C(=O)C(=O)c3cc(N)ccc23,46.333333333333336,Daraaasa{ar}A{~B}A{~B}ataa{D}aaast
CHEMBL1682832,2.5,COC(=O)N1CCOc2cc(COc3ccccc3)cnc12,33.333333333333336,ABA{~B}DrAABasaa{ABataaaaat}adars
CHEMBL304354,2.26,CC(C)C(NC(=O)CN1C(=O)C(=CC=C1c2ccccc2)NS(=O)(=O)c3ccccc3)C(=O)C(F)(F)F,37.333333333333336,AA{A}A{DA{~B}ADrA{~B}A{~AA~Arasaaaaas}DE{~B}{~B}ataaaaat}A{~B}A{G}{G}G
CHEMBL2048866,1.97,N[C@@H]1CCCN(C1)c2c(Cl)cccc2\C=C\3/SC(=O)NC3=O,42.16666666666667,D{A**H}rAAAD{Ar}asa{Z}aaaasRA~ARtLEA{~B}DAt~B
CHEMBL1682949,3.56,CC[C@H](NC(=O)c1c([S+](C)[O-])c(nc2ccccc12)c3cccs3)c4ccccc4,15.666666666666666,AA{A*H}{DA{~B}ara{{EP}{A}{BM}}a{dasaaaaars}ataaast}auaaaaau
CHEMBL1946019,2.79,CCN(C)C(=O)c1ccc(cc1)C(=C2CCN(Cc3ccc(F)cc3)CC2)c4ccccc4NC(=O)C,28.5,AAD{A}A{~B}araaa{aar}A{~AsAAD{Aataaa{G}aat}AAs}auaaaaauDA{~B}A
CHEMBL451570,0.51,Nc1nccc(n1)c2cc3C(=O)NC[C@@H](CCF)c3[nH]2,66.5,Dardaaa{dr}asaatA{~B}DA{A**H}{AAG}at{dH}s
CHEMBL1017,2.21,CCCc1nc2c(C)cc(cc2n1Cc3ccc(cc3)c4ccccc4C(=O)O)c5nc6ccccc6n5C,38.166666666666664,AAAardasa{A}aa{aasdrAataaa{aat}auaaaaauA{~B}B}avdawaaaaawdvA
CHEMBL522505,2.26,COc1ccc2nccc([C@@H](O)[C@@H]3C[C@H]4CCN3C[C@@H]4C=C)c2c1,37.333333333333336,ABaraaasdaaa{{A**H}{B}{A**H}tA{A*H}uAADtA{A**H}uA~A}asar
CHEMBL69023,3.54,FC(F)(F)c1ccc(cc1)S(=O)(=O)N2CCN(CC2)C(=O)N3CCN(CC3)c4ccncc4Cl,16.0,GA{G}{G}araaa{aar}E{~B}{~B}DsAAD{AAs}A{~B}DtAAD{AAt}auaadaauZ
CHEMBL397688,3.56,OCC(CO)CN1C(=O)C(Cc2ccccc12)NC(=O)c3cc4cc(Cl)sc4[nH]3,15.666666666666666,BAA{AB}ADrA{~B}A{Aasaaaaars}DA{~B}ataauaa{Z}sau{dH}t
CHEMBL539163,3.4,Cn1c(ccc1c2ccc3NC(=S)OC(C)(C)c3c2)C#N,18.333333333333336,Adra{aaarasaaatDA{~E}BA{A}{A}atas}A^D
CHEMBL61835,0.84,CS(=O)(=O)c1ccc(c[n+]1[O-])C(=O)Nc2ccc(F)cc2,61.0,AE{~B}{~B}araaa{a{dP}r{BM}}A{~B}Dasaaa{G}aas
CHEMBL2348176,2.71,Nc1nccc(n1)n2ccc3ccccc23,29.833333333333332,Dardaaa{dr}dsaaataaaaast
CHEMBL1951902,0.9,CCN(C1CCN(CCC(N2CCC(CC2)C(=O)C)c3ccccc3)CC1)C(=O)Cc4ccc(cc4)S(=O)(=O)C,60.0,AAD{ArAAD{AAA{DsAAA{AAs}A{~B}A}ataaaaat}AAr}A{~B}Aauaaa{aau}E{~B}{~B}A
CHEMBL1939737,3.99,CCN(CC)C(=O)c1ccc(cc1)[C@@H](N2CCN(Cc3ccc(F)cc3)CC2)c4cccc(NC(=O)C5CC5)c4,8.499999999999996,AAD{AA}A{~B}araaa{aar}{A**H}{DsAAD{Aataaa{G}aat}AAs}auaaaa{DA{~B}AvAAv}au
CHEMBL2172782,0.78,CC(C)Cc1ccc(cc1)C(C)C(=O)NS(=O)(=O)C,62.0,AA{A}Aaraaa{aar}A{A}A{~B}DE{~B}{~B}A
CHEMBL115125,1.75,Cc1cc(NC(=O)c2ccccc2)n[nH]1,45.833333333333336,Aaraa{DA{~B}asaaaaas}d{dH}r
CHEMBL256668,3.1,C[C@H](CO)Nc1nc(SCc2cccc(F)c2F)nc3NC(=O)C=Nc13,23.333333333333332,A{A*H}{AB}Darda{EAasaaaa{G}asG}datDA{~B}A~Dart
CHEMBL2179278,1.12,CC1=CN([C@H]2CCCN(C2)[C@@H](CC(C)(C)C)c3ccc(C(=O)O)c(Oc4cccc(Br)c4)c3)C(=O)NC1=O,56.333333333333336,AAr~AD{{A*H}sAAAD{As}{A**H}{AA{A}{A}A}ataaa{A{~B}B}a{Bauaaaa{X}au}at}A{~B}DAr~B
CHEMBL1730736,3.0,CC(C)(NC(=O)c1sccc1Oc2ccc(F)cc2[N+](=O)[O-])C#C,25.0,AA{A}{DA{~B}arsaaarBasaaa{G}aas{DP}{~B}{BM}}A^A
CHEMBL1327979,2.01,Nc1nc2nc(cc(n2n1)C(F)(F)F)c3cccs3,41.50000000000001,Dardasda{aa{dsdr}A{G}{G}G}ataaast
CHEMBL480,2.7,Cc1c(OCC(F)(F)F)ccnc1C[S+]([O-])c2nc3ccccc3[nH]2,29.999999999999996,Aara{BAA{G}{G}G}aadarA{EP}{{BM}}asdataaaaat{dH}s
CHEMBL2012856,3.26,NC1=CC2=NNC(=O)N2c3cc(ccc13)c4cccs4,20.66666666666667,DAr~AAs~DDA{~B}Dsataa{aaart}auaaasu
CHEMBL2030560,2.29,Nc1nc2ccc(cc2[nH]1)C(=O)c3ccccc3,36.833333333333336,Dardasaaa{aas{dH}r}A{~B}ataaaaat
CHEMBL888,-1.5,NC1=NC(=O)N(C=C1)[C@@H]2O[C@H](CO)[C@@H](O)C2(F)F,100.0,DAr~DA{~B}D{A~Ar}{A**H}sB{A*H}{AB}{A**H}{B}As{G}G
CHEMBL513192,2.2,CN1C=C(C(=O)c2c(O)cc(O)cc12)c3ccc(O)cc3,38.33333333333333,ADrA~A{A{~B}asa{B}aa{B}aars}ataaa{B}aat
CHEMBL165790,4.07,CC(C)Oc1ccc2C(=O)C(=COc2c1)c3ccccc3,7.166666666666662,AA{A}BaraaasA{~B}A{~ABasar}ataaaaat
CHEMBL1090090,1.6,NC(=O)N(c1ccc(C(=O)N)c(n1)c2ccc(F)cc2F)c3c(F)cccc3F,48.333333333333336,DA{~B}D{araaa{A{~B}D}a{dr}asaaa{G}aasG}ata{G}aaaatG
CHEMBL1783281,3.99,CCCNC(=O)c1nnc2c(cccc2c1N)c3cc(C)ccc3OC,8.499999999999996,AAADA{~B}arddasa{aaaasarD}ataa{A}aaatBA
CHEMBL264961,1.99,CNC(=O)c1ccc(CN2CCC(CC2)c3ccc(cc3)C(=O)Nc4ccccc4N)cc1,41.83333333333333,ADA{~B}araaa{ADsAAA{AAs}ataaa{aat}A{~B}DauaaaaauD}aar
CHEMBL1934418,1.29,C[C@H](NC(=O)c1c(C)nn(C2CCSCC2)c1NS(=O)(=O)c3ccc(C)cc3)C(C)(C)C,53.5,A{A*H}{DA{~B}ara{A}dd{AsAAEAAs}arDE{~B}{~B}ataaa{A}aat}A{A}{A}A
CHEMBL550,-0.37,CC[C@H]1[C@@H](Cc2cncn2C)COC1=O,81.16666666666667,AA{A*H}r{A**H}{AasadadsA}ABAr~B
CHEMBL2012861,2.3,NC1=CC2=NNC(=O)N2c3cc(ccc13)c4ccc[nH]4,36.66666666666667,DAr~AAs~DDA{~B}Dsataa{aaart}auaaa{dH}u
CHEMBL205092,1.71,CC(C)CN1C(=O)N(C)C(=O)c2c1sc(Cc3c[nH]c4ncccc34)c2C(=O)N5CC[C@@H](O)C5,46.5,AA{A}ADrA{~B}D{A}A{~B}asarsa{Aata{dH}audaaaatu}asA{~B}DvAA{A**H}{B}Av
CHEMBL2048869,1.86,CCOc1cccc(\C=C\2/SC(=O)NC2=O)c1N3CCC[C@@H](N)C3,43.99999999999999,AABaraaaa{RA~ARsLEA{~B}DAs~B}arDtAAA{A**H}{D}At
CHEMBL2325705,2.4,CS(=O)(=O)C1(CCOCC1)c2cc(nc(n2)c3cccc4[nH]ccc34)N5CCOCC5,35.0,AE{~B}{~B}Ar{AABAAr}asaa{da{ds}ataaaau{dH}aaatu}DvAABAAv
CHEMBL275043,2.41,CC(C)C(NC(=O)CN1C(=O)C(=CC=C1c2ccccc2)NC(=O)OCc3ccncc3)C(=O)C(F)(F)F,34.833333333333336,AA{A}A{DA{~B}ADrA{~B}A{~AA~Arasaaaaas}DA{~B}BAataadaat}A{~B}A{G}{G}G
CHEMBL1916274,1.68,Cc1ccc(cc1)S(=O)(=O)Nc2c(C(=O)NC3CCCCC3)c(C)nn2c4ccccc4,47.0,Aaraaa{aar}E{~B}{~B}Dasa{A{~B}DAtAAAAAt}a{A}ddsauaaaaau
CHEMBL1230122,2.76,CN1C(=O)C(=Cc2cnc(NC3CCOCC3)nc12)Oc4ccc(F)cc4F,29.000000000000004,ADrA{~B}A{~Aasada{DAtAABAAt}dars}Bauaaa{G}aauG
CHEMBL510349,3.22,O=C1Oc2ccccc2C=C1c3ccccc3,21.333333333333332,B~ArBasaaaaasA~Arataaaaat
CHEMBL338579,4.43,COc1ccccc1C(=O)NCC23CC4CC(CC(C4)C2)C3,1.1666666666666714,ABaraaaaarA{~B}DAAstAAuAA{AA{Au}As}At
CHEMBL1290185,0.24,Cc1nc(cs1)C(=O)N2CCCC3(CCN(Cc4ccccc4)CC3)C2,71.0,Aarda{asr}A{~B}DsAAAAt{AAD{Aauaaaaau}AAt}As
CHEMBL443809,2.7,CS(=O)(=O)n1c2ccccc2c3cc(NC(=O)N4CCOCC4)ccc13,29.999999999999996,AE{~B}{~B}drasaaaaasataa{DA{~B}DuAABAAu}aaart
CHEMBL2335121,1.18,CCOc1ccccc1c2ccc(cc2)c3nc4ccc(F)cc4c(C(=O)O)c3C,55.333333333333336,AABaraaaaarasaaa{aas}atdauaaa{G}aaua{A{~B}B}atA
CHEMBL51314,2.83,CC(C)(C)C(=O)Nc1ccc2c(c1)C(=O)C(=O)c3ccccc23,27.833333333333332,AA{A}{A}A{~B}Daraaasa{ar}A{~B}A{~B}ataaaaast
CHEMBL135400,1.1,CN1CCN(CC1)C(=O)OC2N(C(=O)c3nccnc23)c4ccc(Cl)cn4,56.666666666666664,ADrAAD{AAr}A{~B}BAsD{A{~B}atdaadast}auaaa{Z}adu
CHEMBL1511829,3.1,Nc1ncnc2oc(c3cocc3)c(c4occc4)c12,23.333333333333332,Dardadasba{atabaat}a{aubaaau}ars
CHEMBL404687,1.65,OC(=O)c1ccc(Nc2ncc(Br)c(Nc3ccccc3)n2)cc1,47.5,BA{~B}araaa{Dasdaa{X}a{Dataaaaat}ds}aar
CHEMBL274056,1.91,Oc1ccc(O)c2C(=O)C=CC(=O)c12,43.166666666666664,Baraaa{B}asA{~B}A~AA{~B}ars
CHEMBL1507581,0.24,CC(=O)Nc1ccc(cc1)S(=O)(=O)Nc2ccccn2,71.0,AA{~B}Daraaa{aar}E{~B}{~B}Dasaaaads
CHEMBL258313,3.56,C[C@@H](Oc1cccc2ncnc(Nc3ccc(OCc4ccccn4)c(Cl)c3)c12)C(=O)N(C)CCO,15.666666666666666,A{A**H}{Baraaaasdada{Dataaa{BAauaaaadu}a{Z}at}ars}A{~B}D{A}AAB
CHEMBL13486,1.88,Oc1ccc2C(=O)C(=COc2c1)c3ccc(O)c(O)c3,43.666666666666664,BaraaasA{~B}A{~ABasar}ataaa{B}a{B}at
CHEMBL2030393,2.19,Brc1ccc2oc3C(=O)NC(=Nc3c2c1)[C@@H]4CCCN4,38.5,XaraaasbatA{~B}DA{~Datasar}{A**H}uAAADu
CHEMBL2086673,3.3,C[C@@H]1CN(CCN1c2ncc(OCc3ccc(cc3C#N)S(=O)(=O)C)cn2)C(=O)OC(C)(C)C,20.000000000000004,A{A**H}rAD{AADrasdaa{BAataaa{aatA^D}E{~B}{~B}A}ads}A{~B}BA{A}{A}A
CHEMBL572878,3.47,CN1CCN(CC1)c2cc(Nc3cc(C)[nH]n3)nc(Sc4ccc(NC(=O)C5CC5)cc4)n2,17.166666666666664,ADrAAD{AAr}asaa{Dataa{A}{dH}dt}da{Eauaaa{DA{~B}AvAAv}aau}ds
CHEMBL1895117,-0.03,Cc1cnc(NS(=O)(=O)c2ccccc2)c(C)n1,75.5,Aarada{DE{~B}{~B}asaaaaas}a{A}dr
CHEMBL1779018,2.9,CCCC(=O)NCc1cncc(c1)c2ccc(F)cc2OC,26.666666666666668,AAAA{~B}DAaradaa{ar}asaaa{G}aasBA
CHEMBL113725,0.35,CC(C)C(NC(=O)CN1C(=O)C(=CC=C1c2ccccc2)NC(=O)Cc3ccc(cc3)C(=O)O)C(=O)C(F)(F)F,69.16666666666667,AA{A}A{DA{~B}ADrA{~B}A{~AA~Arasaaaaas}DA{~B}Aataaa{aat}A{~B}B}A{~B}A{G}{G}G
CHEMBL646,2.34,Cc1nnc2CN=C(c3ccccc3Cl)c4cc(Cl)ccc4n12,36.0,AarddasAD~A{ataaaaatZ}auaa{Z}aaaudrs
CHEMBL2171999,2.8,C[C@@H]1CN(CCN1C(=O)[C@@H]2CCCC[C@H]2C(=O)NC3(CC3)C#N)c4ccc5c(c4)c(C)nn5C,28.33333333333334,A{A**H}rAD{AADrA{~B}{A**H}sAAAA{A*H}sA{~B}DAt{AAt}A^D}auaaava{au}a{A}ddvA
CHEMBL2087865,3.0,Cn1cc(cc1c2c3C(=O)N(CCO)C(=O)N(CC4CC4)c3nn2Cc5ccnc6ccc(Cl)cc56)C#N,25.0,Adraa{aarasatA{~B}D{AAB}A{~B}D{AAuAAu}atddsAavaadawaaa{Z}aavw}A^D
CHEMBL162203,4.1,Cc1cccc(n1)c2nc3cc(Cl)ccc3[nH]2,6.666666666666672,Aaraaaa{dr}asdataa{Z}aaat{dH}s
CHEMBL182731,4.0,COC(=O)c1ccc(CC(=O)N(C)C2CCN(CCC(c3ccccc3)c4ccccc4)CC2)cc1,8.333333333333334,ABA{~B}araaa{AA{~B}D{A}AsAAD{AAA{ataaaaat}auaaaaau}AAs}aar
CHEMBL2165066,0.66,F[C@H]1CN(CCN2C(=O)C=Cc3ccc(cc23)C#N)CC[C@H]1NCc4ccc5OCC(=O)Nc5n4,64.0,G{A*H}rAD{AADsA{~B}A~Aataaa{aast}A^D}AA{A*H}rDAauaaavBAA{~B}Davdu
CHEMBL1934421,1.08,C[C@H](NC(=O)c1c(C)nn(C2CCN(CC(F)(F)F)CC2)c1NS(=O)(=O)c3ccc(C)cc3)C(C)(C)C,57.0,A{A*H}{DA{~B}ara{A}dd{AsAAD{AA{G}{G}G}AAs}arDE{~B}{~B}ataaa{A}aat}A{A}{A}A
CHEMBL465955,1.03,C[C@@H]1CN(CC2(CC2)C(=O)N)CCN1S(=O)(=O)c3ccc(cc3)C(C)(O)C(F)(F)F,57.833333333333336,A{A**H}rAD{AAs{AAs}A{~B}D}AADrE{~B}{~B}ataaa{aat}A{A}{B}A{G}{G}G
CHEMBL86795,1.9,c1ccc2[nH]ncc2c1,43.333333333333336,araaas{dH}daasar
CHEMBL515854,2.56,COCCS(=O)(=O)c1ccc(Nc2nccc(n2)c3cnc(C)n3C(C)C)cc1,32.333333333333336,ABAAE{~B}{~B}araaa{Dasdaaa{ds}atada{A}dtA{A}A}aar
CHEMBL82663,2.61,Oc1ccc(CCNCCS(=O)(=O)CCCOCCc2ccccc2)c3sc(O)nc13,31.5,Baraaa{AADAAE{~B}{~B}AAABAAasaaaaas}atsa{B}dart
CHEMBL319118,2.9,COc1ccc(OC(F)(F)F)cc1CN[C@H]2CCCN[C@H]2c3ccccc3,26.666666666666668,ABaraaa{BA{G}{G}G}aarAD{A*H}sAAAD{A*H}sataaaaat
CHEMBL1650273,3.31,Nc1nc(cs1)c2ccc(Cl)cc2,19.833333333333332,Darda{asr}asaaa{Z}aas
CHEMBL35,-0.9,NS(=O)(=O)c1cc(C(=O)O)c(NCc2occc2)cc1Cl,90.0,DE{~B}{~B}araa{A{~B}B}a{DAasbaaas}aarZ
CHEMBL278172,1.83,CCOC(=O)c1ccc(N)cc1,44.5,AABA{~B}araaa{D}aar
CHEMBL1916271,1.46,CCN(C1CCCCC1)C(=O)c2cnn(c2NS(=O)(=O)c3ccc(cc3)c4ocnc4)c5ccccc5,50.666666666666664,AAD{ArAAAAAr}A{~B}asadd{asDE{~B}{~B}ataaa{aat}aubadau}avaaaaav
CHEMBL289832,0.21,Oc1nc2cc(Cl)c(Cl)c(c2nc1O)[N+](=O)[O-],71.5,Bardasaa{Z}a{Z}a{asdarB}{DP}{~B}{BM}
CHEMBL1789274,0.87,CNCC[C@@H](Oc1cc(OC)ccc1C#N)c2ccccc2,60.5,ADAA{A**H}{Baraa{BA}aaarA^D}asaaaaas
CHEMBL1688537,2.62,CCc1c(C)nc2sc(C(=O)N)c(N)c2c1C,31.333333333333332,AAara{A}dassa{A{~B}D}a{D}asarA
CHEMBL29838,3.63,OC(=O)c1ccc(OCC(=O)COc2ccc(SCCCCCc3ccccc3)cc2)cc1,14.500000000000002,BA{~B}araaa{BAA{~B}ABasaaa{EAAAAAataaaaat}aas}aar
CHEMBL479446,2.68,COc1cc2ncc(C(=O)N)c(Nc3ccc(F)cc3F)c2cc1NCCN4CCOCC4,30.33333333333333,ABaraasdaa{A{~B}D}a{Dataaa{G}aatG}asaarDAADuAABAAu
CHEMBL234950,3.49,OCCCN1C(=O)C(Cc2ccccc12)NC(=O)c3cc4cc(Cl)sc4[nH]3,16.83333333333333,BAAADrA{~B}A{Aasaaaaars}DA{~B}ataauaa{Z}sau{dH}t
CHEMBL1082704,2.84,OC(=O)CC[C@H]1[C@@H](Cc2ccccc12)NC(=O)c3cc4sc(Cl)c(Cl)c4[nH]3,27.666666666666668,BA{~B}AA{A*H}r{A**H}{Aasaaaaars}DA{~B}ataausa{Z}a{Z}au{dH}t
CHEMBL249790,4.17,OCCO[C@H]1C[C@H]([C@H](O)[C@@H]1O)n2nnc3c(N[C@@H]4C[C@H]4c5ccc(F)c(F)c5)nc(SCCC(F)(F)F)nc23,5.500000000000001,BAAB{A*H}rA{A*H}{{A*H}{B}{A**H}rB}dsddata{D{A**H}uA{A*H}uavaaa{G}a{G}av}da{EAAA{G}{G}G}dast
CHEMBL2088097,2.68,Cc1cc(CNc2ncc(Cl)c(Nc3cc(C)[nH]n3)n2)on1,30.33333333333333,Aaraa{ADasdaa{Z}a{Dataa{A}{dH}dt}ds}bdr
CHEMBL107313,1.69,CCCc1cc(cc(OC)c1OC)C2=N[C@H](CO2)C(=O)NO,46.833333333333336,AAAaraa{aa{BA}arBA}As~D{A*H}{ABs}A{~B}DB
CHEMBL1784357,0.85,ON(C=O)C1(CS(=O)(=O)N2CCN(CC2)c3ccc(F)cc3)CCOCC1,60.833333333333336,BD{A~B}Ar{AE{~B}{~B}DsAAD{AAs}ataaa{G}aat}AABAAr
CHEMBL415247,2.39,CC(C)[C@@H](CN1CC[C@](C)([C@@H](C)C1)c2cccc(O)c2)NC(=O)[C@H]3Cc4ccc(O)cc4CN3,35.166666666666664,AA{A}{A**H}{ADrAA{A*}{A}{{A**H}{A}Ar}asaaaa{B}as}DA{~B}{A*H}tAauaaa{B}aauADt
CHEMBL2089277,0.3,OC(=O)c1cccc(c1)c2cccc(c2)C#N,70.0,BA{~B}araaaa{ar}asaaaa{as}A^D
CHEMBL464081,3.8,CC1(C)[C@@H]2CC[C@@]1(CS(=O)(=O)N3CCN(CC3)c4ccc(cn4)C(F)(F)F)C(=O)C2,11.66666666666667,AAr{A}{A**H}sAA{A**}r{AE{~B}{~B}DtAAD{AAt}auaaa{adu}A{G}{G}G}A{~B}As
CHEMBL2179277,1.09,CC1=CN([C@H]2CCCN(C2)[C@H](CC(C)(C)C)c3ccc(C(=O)O)c(Oc4cccc(Br)c4)c3)C(=O)NC1=O,56.833333333333336,AAr~AD{{A*H}sAAAD{As}{A*H}{AA{A}{A}A}ataaa{A{~B}B}a{Bauaaaa{X}au}at}A{~B}DAr~B
CHEMBL521248,3.16,COc1cc2ncc(C(=O)N)c(Nc3cc(C)ccc3F)c2cc1OC,22.333333333333332,ABaraasdaa{A{~B}D}a{Dataa{A}aaatG}asaarBA
CHEMBL2023481,4.06,COc1cc(Oc2ccnc3ccc(F)cc23)ccc1CC(=O)Nc4noc(C)c4C,7.33333333333334,ABaraa{Basaadataaa{G}aast}aaarAA{~B}Daudba{A}auA
CHEMBL1612749,3.25,Cc1cc(NC(=O)c2ccc(Cl)cc2)n(n1)c3ccccc3,20.833333333333332,Aaraa{DA{~B}asaaa{Z}aas}d{dr}ataaaaat
CHEMBL2177606,1.72,OC(=O)c1ccc(cc1)n2ncc(C(=O)NC3C4CC5CC(CC3C5)C4)c2C6CCCC6,46.333333333333336,BA{~B}araaa{aar}dsdaa{A{~B}DAtAuAAvAA{AAtAv}Au}asAwAAAAw
CHEMBL1350196,-0.7,CC1=C(CCC(=O)O)C(=O)Oc2cc(O)ccc12,86.66666666666667,AAr~A{AAA{~B}B}A{~B}Basaa{B}aaars
CHEMBL2071614,2.73,CC(C)(O)c1ccc(Nc2nc3ccc(cc3[nH]2)C#N)cc1,29.5,AA{A}{B}araaa{Dasdataaa{aat{dH}s}A^D}aar
CHEMBL317281,1.48,CN(C)CC(O)COc1ccc(Nc2cc(Nc3ccc(F)cc3F)ncn2)cc1,50.333333333333336,AD{A}AA{B}ABaraaa{Dasaa{Dataaa{G}aatG}dads}aar
CHEMBL450208,2.89,COc1cc2ncc(C(=O)N)c(Nc3ccccc3Cl)c2cc1OC,26.833333333333332,ABaraasdaa{A{~B}D}a{DataaaaatZ}asaarBA
CHEMBL1454839,1.0,C1CNCC(C1)c2nc3ccccc3s2,58.333333333333336,ArADAA{Ar}asdataaaaatss
CHEMBL2042558,3.7,[O-][N+](=O)c1cccc2ccc(nc12)C(Cl)(Cl)Cl,13.33333333333333,{BM}{DP}{~B}araaaasaaa{dars}A{Z}{Z}Z
CHEMBL1650730,2.33,C[C@H](Nc1ncc(Cl)c(Nc2cc([nH]n2)N(C)C)n1)c3ncc(F)cn3,36.166666666666664,A{A*H}{Dardaa{Z}a{Dasaa{{dH}ds}D{A}A}dr}atdaa{G}adt
CHEMBL232830,3.07,CN(C)C(=O)CN1C(=O)C(Cc2ccccc12)NC(=O)c3cc4cc(Cl)sc4[nH]3,23.83333333333334,AD{A}A{~B}ADrA{~B}A{Aasaaaaars}DA{~B}ataauaa{Z}sau{dH}t
CHEMBL2171041,1.74,CN(C)c1ccccc1S(=O)(=O)NC(=O)N2CCC(CC2)N3CCC(CC3)Oc4ccc(Cl)c(Cl)c4,46.0,AD{A}araaaaarE{~B}{~B}DA{~B}DsAAA{AAs}DtAAA{AAt}Bauaaa{Z}a{Z}au
CHEMBL1082811,1.56,O=C1NC(=NC(=C1C#N)c2ccccc2)SCc3ccccc3,49.0,B~ArDA{~DA{~ArA^D}asaaaaas}EAataaaaat
CHEMBL278222,2.16,CC(C)C(NC(=O)CN1C(=O)C(=CC=C1c2ccccc2)NC(=O)NCc3ccncc3)C(=O)C(F)(F)F,39.0,AA{A}A{DA{~B}ADrA{~B}A{~AA~Arasaaaaas}DA{~B}DAataadaat}A{~B}A{G}{G}G
CHEMBL394799,3.31,C[C@H](CO)Nc1nc(SCc2cccc(Cl)c2)nc3nc(N)sc13,19.833333333333332,A{A*H}{AB}Darda{EAasaaaa{Z}as}datda{D}sart
CHEMBL587723,3.97,CCN1CCN(Cc2ccc(cc2)c3cc4c(N[C@H](C)c5ccccc5)ncnc4[nH]3)CC1,8.83333333333333,AADrAAD{Aasaaa{aas}ataaua{D{A*H}{A}avaaaaav}dadau{dH}t}AAr
CHEMBL1897032,1.0,OC(CN1CCOCC1)c2ccccc2,58.333333333333336,BA{ADrAABAAr}asaaaaas
CHEMBL726,3.8,OCCN1CCN(CCCN2c3ccccc3Sc4ccc(cc24)C(F)(F)F)CC1,11.66666666666667,BAADrAAD{AAADsataaaaatEauaaa{aasu}A{G}{G}G}AAr
CHEMBL2062576,1.87,CC(=O)Nc1ccc2ccn(c3cc(NCCCN4CCCC4)n5ncc(C#N)c5n3)c2c1,43.833333333333336,AA{~B}Daraaasaad{ataa{DAAADuAAAAu}dvdaa{A^D}avdt}asar
CHEMBL119489,1.95,CN(C)c1cccc2c(cccc12)S(=O)(=O)N,42.49999999999999,AD{A}araaaasa{aaaars}E{~B}{~B}D
CHEMBL1923434,0.14,Cc1[nH]c(C(=O)NC2CCN(CC2)c3nc(cs3)C(=O)O)c(Cl)c1Cl,72.66666666666667,Aar{dH}a{A{~B}DAsAAD{AAs}atda{ast}A{~B}B}a{Z}arZ
CHEMBL2349318,3.7,CCC[C@H](CO)Nc1nc(S[C@@H](C)c2cccc(c2)C#N)nc3NC(=O)Sc13,13.33333333333333,AAA{A*H}{AB}Darda{E{A**H}{A}asaaaa{as}A^D}datDA{~B}Eart
CHEMBL2207662,2.71,O[C@H](CNC(=O)C1=CNC(=O)C=C1C(F)(F)F)CN2CCC(CC2)Oc3ccc(Cl)c(Cl)c3,29.833333333333332,B{A*H}{ADA{~B}Ar~ADA{~B}A~ArA{G}{G}G}ADsAAA{AAs}Bataaa{Z}a{Z}at
CHEMBL323443,1.01,CC(C)C(NC(=O)CN1C(=O)C(=CC=C1c2ccccc2)NS(=O)(=O)C(F)(F)F)C(=O)C(F)(F)F,58.166666666666664,AA{A}A{DA{~B}ADrA{~B}A{~AA~Arasaaaaas}DE{~B}{~B}A{G}{G}G}A{~B}A{G}{G}G
CHEMBL1164374,2.9,Fc1ccc(cc1)C(=O)C2CCN(CC2)C(=O)c3ccc(F)cc3,26.666666666666668,Garaaa{aar}A{~B}AsAAD{AAs}A{~B}ataaa{G}aat
CHEMBL571,-0.12,CC(C(=O)O)c1cccc(c1)C(=O)c2ccccc2,77.0,AA{A{~B}B}araaaa{ar}A{~B}asaaaaas
CHEMBL1373037,3.5,Nc1nccc(\C=C\c2ccc(Cl)cc2)n1,16.666666666666668,Dardaaa{RA~ARasaaa{Z}aas}dr
CHEMBL304784,2.6,CCCC[C@H](NC(=O)[C@H](CC(C)C)NC(=O)[C@H](CC(C)C)NC(=O)C)C=O,31.666666666666668,AAAA{A*H}{DA{~B}{A*H}{AA{A}A}DA{~B}{A*H}{AA{A}A}DA{~B}A}A~B
CHEMBL63323,1.0,OC(=O)c1cccnc1Nc2cccc(c2)C(F)(F)F,58.333333333333336,BA{~B}araaadarDasaaaa{as}A{G}{G}G
CHEMBL2071098,2.4,CC1(C)COCc2sc(nc12)N3CCN(CC3)C(=O)[C@@H]4CCCC[C@H]4C(=O)NC5(CC5)C#N,35.0,AAr{A}ABAassa{dars}DtAAD{AAt}A{~B}{A**H}uAAAA{A*H}uA{~B}DAv{AAv}A^D
CHEMBL482192,2.82,COc1cc2ncc(C(=O)N)c(Nc3cccc(F)c3F)c2cc1OC,28.000000000000004,ABaraasdaa{A{~B}D}a{Dataaaa{G}atG}asaarBA
CHEMBL549620,2.93,OCCN1CCN(Cc2ccc3c(NC(=O)CC45CC6CC(CC(C6)C4)C5)c(Cl)ccc3n2)CC1,26.16666666666666,BAADrAAD{Aasaaata{DA{~B}AAuvAAwAA{AA{Aw}Au}Av}a{Z}aaatds}AAr
CHEMBL1682817,2.8,O=C1CCOc2cc(OCc3cccc(c3)C#N)ccc12,28.33333333333334,B~ArAABasaa{BAataaaa{at}A^D}aaars
CHEMBL2178945,1.2,Cc1nc(C)c(nc1C(=O)N)c2ccc([C@@H]3CC[C@H](CC(=O)O)CC3)c(F)c2,55.0,Aarda{A}a{darA{~B}D}asaaa{{A**H}tAA{A*H}{AA{~B}B}AAt}a{G}as
CHEMBL1542,0.19,Cn1cnc(c1Sc2ncnc3nc[nH]c23)[N+](=O)[O-],71.83333333333333,Adrada{arEasdadatda{dH}ast}{DP}{~B}{BM}
CHEMBL2170975,1.2,CC(C)(C)OC(=O)NCCCSC[C@H]1O[C@H]([C@H](O)[C@@H]1O)n2cnc3c(N)ncnc23,55.0,AA{A}{A}BA{~B}DAAAEA{A*H}rB{A*H}{{A*H}{B}{A**H}rB}dsadata{D}dadast
CHEMBL2163360,2.13,O=C(NC1(CC1)C#N)[C@@H]2CCCC[C@H]2C(=O)N3CCc4[nH]c5ncccc5c4C3,39.5,B~A{DAr{AAr}A^D}{A**H}sAAAA{A*H}sA{~B}DtAAau{dH}avdaaaavauAt
CHEMBL2058280,2.8,Nc1scc2C(=NN(C(=O)c12)c3ccc(F)cc3)C(=O)NC4CC4,28.33333333333334,DarsaasA{~DD{A{~B}ars}ataaa{G}aat}A{~B}DAuAAu
CHEMBL1940832,0.02,O[C@@H](CNCCc1ccc(NC[C@H](O)c2ccccc2)cc1)c3ccc(O)c(NC=O)c3,74.66666666666667,B{A**H}{ADAAaraaa{DA{A*H}{B}asaaaaas}aar}ataaa{B}a{DA~B}at
CHEMBL1194759,1.1,CCCC1CCCCC(=N1)N,56.666666666666664,AAAArAAAAA{~Dr}D
CHEMBL600780,0.44,NNC1=Nc2ccccc2NC1=O,67.66666666666666,DDAr~DasaaaaasDAr~B
CHEMBL564885,0.6,Clc1c(NCC2CCNCC2)nccc1C(=O)NCC34CC5CC(CC(C5)C3)C4,65.0,Zara{DAAsAADAAs}daaarA{~B}DAAtuAAvAA{AA{Av}At}Au
CHEMBL1428,3.8,COCCOC(=O)C1=C(C)NC(=C(C1c2cccc(c2)[N+](=O)[O-])C(=O)OC(C)C)C,11.66666666666667,ABAABA{~B}Ar~A{A}DA{~A{Arasaaaa{as}{DP}{~B}{BM}}A{~B}BA{A}A}A
CHEMBL478241,3.31,CC(C)n1c(C)ncc1c2ccnc(Nc3ccc(cc3)N4CCN(CC4)C(=O)CN(C)C)n2,19.833333333333332,AA{A}dra{A}daarasaada{Dataaa{aat}DuAAD{AAu}A{~B}AD{A}A}ds
CHEMBL2206790,3.6,COCC[C@H](Oc1ncnc2c1cnn2c3ccccc3Cl)C(=O)Nc4ccc(C)cn4,14.999999999999998,ABAA{A*H}{BardadasaraddsataaaaatZ}A{~B}Dauaaa{A}adu
CHEMBL2158821,2.14,OC(=O)[C@H](N1CCC(CN2CCC(CC2)Oc3ccc(Cl)c(Cl)c3)CC1)c4ccccc4,39.333333333333336,BA{~B}{A*H}{DrAAA{ADsAAA{AAs}Bataaa{Z}a{Z}at}AAr}auaaaaau
CHEMBL1440652,3.75,Cn1c(CN2CCN(CC2)c3cccc(Cl)c3)nc4ccccc14,12.5,Adra{ADsAAD{AAs}ataaaa{Z}at}dauaaaaaru
CHEMBL1387125,1.13,CCN1C(=O)C2=C(OC(=CC2=O)O)c3ccccc13,56.166666666666664,AADrA{~B}As~A{BA{~AAs~B}B}ataaaaart
CHEMBL2010851,2.7,CN([C@@H]1CCN(Cc2ccc(cc2)C(F)(F)F)C[C@@H]1F)C(=O)Cc3ccc(cc3)S(=O)(=O)C,29.999999999999996,AD{{A**H}rAAD{Aasaaa{aas}A{G}{G}G}A{A**H}rG}A{~B}Aataaa{aat}E{~B}{~B}A
CHEMBL1427458,3.65,Cc1ccc(Oc2ccc(cc2)C(=O)NCc3ccncc3)cc1,14.16666666666667,Aaraaa{Basaaa{aas}A{~B}DAataadaat}aar
CHEMBL2207669,2.56,O[C@H](CNC(=O)C1=CNC(=O)c2ccccc12)CN3CCC(CC3)Oc4ccc(C#N)c(Cl)c4,32.333333333333336,B{A*H}{ADA{~B}Ar~ADA{~B}asaaaaars}ADtAAA{AAt}Bauaaa{A^D}a{Z}au
CHEMBL40999,-0.31,NC(=N)Nc1ccc(Cl)c(Cl)c1,80.16666666666666,DA{~D}Daraaa{Z}a{Z}ar
CHEMBL213494,-0.34,Cc1ccc2c(c1)c(c(C)n2CC(=O)O)c3ccnc4c(cccc34)S(=O)(=O)C,80.66666666666667,Aaraaasa{ar}a{a{A}dsAA{~B}B}ataadaua{aaaatu}E{~B}{~B}A
CHEMBL290119,3.12,CCOC(=O)[C@H](Cc1ccc(O)cc1)NC(=O)c2cccc3ccccc23,23.0,AABA{~B}{A*H}{Aaraaa{B}aar}DA{~B}asaaaataaaaast
CHEMBL1209586,3.12,FC(F)(F)c1cccc(c1)S(=O)(=O)NCC(N2CCCCCC2)c3ccccc3,23.0,GA{G}{G}araaaa{ar}E{~B}{~B}DAA{DsAAAAAAs}ataaaaat
CHEMBL1824371,3.15,Oc1cccc(NC(=O)c2ccc(OCCCN3CCCC3)cc2OCc4cccc(F)c4)c1,22.5,Baraaaa{DA{~B}asaaa{BAAADtAAAAt}aasBAauaaaa{G}au}ar
CHEMBL1088913,0.83,NCCCCN(Cc1nc2ccccc2[nH]1)C3CCCc4cccnc34,61.166666666666664,DAAAAD{Aardasaaaaas{dH}r}AtAAAauaaadatu
CHEMBL122695,1.49,CC(=O)NC[C@H]1CN(C(=O)O1)c2ccc(N3CCN(CC3)c4cnccn4)c(F)c2,50.166666666666664,AA{~B}DA{A*H}rAD{A{~B}Br}asaaa{DtAAD{AAt}auadaadu}a{G}as
CHEMBL1824373,2.41,Oc1cccc(NC(=O)c2ccc(OCCCN3CCCC3)cc2OCc4cccc(c4)C#N)c1,34.833333333333336,Baraaaa{DA{~B}asaaa{BAAADtAAAAt}aasBAauaaaa{au}A^D}ar
CHEMBL73234,1.33,CCN(CC)CCOCCOC(=O)C1(CCCC1)c2ccccc2,52.833333333333336,AAD{AA}AABAABA{~B}Ar{AAAAr}asaaaaas
CHEMBL1682816,3.4,Fc1cccc(COc2ccc3C(=O)CCOc3c2)c1,18.333333333333336,Garaaaa{ABasaaatA{~B}AABatas}ar
CHEMBL2171984,1.92,Fc1ccc(cc1)N2CCN(CC2)C(=O)[C@@H]3CCCC[C@H]3C(=O)NCC#N,43.0,Garaaa{aar}DsAAD{AAs}A{~B}{A**H}tAAAA{A*H}tA{~B}DAA^D
CHEMBL2036590,2.9,Fc1ccc(Nc2oc(nn2)C(=O)Nc3ccc(nc3)N4CCOCC4)cc1F,26.666666666666668,Garaaa{Dasba{dds}A{~B}Dataaa{dat}DuAABAAu}aarG
CHEMBL1917439,3.7,Cc1c(Sc2ccc(Cl)cc2)c3cc(ccc3n1CC(=O)O)c4ccccc4,13.33333333333333,Aara{Easaaa{Z}aas}ataa{aaatdrAA{~B}B}auaaaaau
CHEMBL109937,2.9,FC(F)(F)c1cc(COCC(N2CCNCC2)c3ccccc3)cc(c1)C(F)(F)F,26.666666666666668,GA{G}{G}araa{ABAA{DsAADAAs}ataaaaat}aa{ar}A{G}{G}G
CHEMBL56802,3.5,COc1cc2ncnc(Nc3cccc(C)c3)c2cc1OC,16.666666666666668,ABaraasdada{Dataaaa{A}at}asaarBA
CHEMBL2325743,2.67,C[C@H](NC(=O)C1(N)CCN(CC1)c2ncnc3[nH]ccc23)c4ccc(Cl)cc4,30.5,A{A*H}{DA{~B}Ar{D}AAD{AAr}asdadat{dH}aaast}auaaa{Z}aau
CHEMBL628,0.22,CN1C(=O)N(CCCCC(=O)C)C(=O)c2c1ncn2C,71.33333333333333,ADrA{~B}D{AAAAA{~B}A}A{~B}asardadsA
CHEMBL1689137,1.12,C[C@H]1CN(Cc2cc(Cl)ccc2CC(=O)O)CCN1S(=O)(=O)Cc3ccccc3,56.333333333333336,A{A*H}rAD{Aasaa{Z}aaasAA{~B}B}AADrE{~B}{~B}Aataaaaat
CHEMBL456446,2.76,C(Nc1nc2ccccc2[nH]1)c3ccccc3,29.000000000000004,A{Dardasaaaaas{dH}r}ataaaaat
CHEMBL1682833,2.4,CS(=O)(=O)N1CCOc2cc(COc3ccccc3)cnc12,35.0,AE{~B}{~B}DrAABasaa{ABataaaaat}adars
CHEMBL896,3.08,OCCOCCN1CCN(CC1)C(c2ccccc2)c3ccc(Cl)cc3,23.666666666666668,BAABAADrAAD{AAr}A{asaaaaas}ataaa{Z}aat
CHEMBL511,1.39,COc1ccc(CN(CCN(C)C)c2ccccn2)cc1,51.83333333333334,ABaraaa{AD{AAD{A}A}asaaaads}aar
CHEMBL2158833,1.1,OC(=O)c1ccc(CN2CCC(CN3CCC(CC3)Oc4ccc(Cl)c(Cl)c4)CC2)cc1,56.666666666666664,BA{~B}araaa{ADsAAA{ADtAAA{AAt}Bauaaa{Z}a{Z}au}AAs}aar
CHEMBL215022,2.06,OC[C@H]1CCCN1CCCOc2ccc3c(Nc4cc(CC(=O)Nc5cccc(F)c5F)[nH]n4)ncnc3c2,40.666666666666664,BA{A*H}rAAADrAAABasaaata{Dauaa{AA{~B}Davaaaa{G}avG}{dH}du}dadatas
CHEMBL1289574,3.03,FC1(CCN(CC1)C(=O)COCc2ccncc2)c3ccc(Cl)cc3,24.500000000000004,GAr{AAD{AAr}A{~B}ABAasaadaas}ataaa{Z}aat
CHEMBL2086678,3.8,COc1cnccc1COc2cnc(nc2)N3CCN(CC3)C(=O)OC(C)(C)C,11.66666666666667,ABaradaaarABasada{das}DtAAD{AAt}A{~B}BA{A}{A}A
CHEMBL395955,3.22,NC(=O)CN1C(=O)C(Cc2ccccc12)NC(=O)c3cc4cc(Cl)sc4[nH]3,21.333333333333332,DA{~B}ADrA{~B}A{Aasaaaaars}DA{~B}ataauaa{Z}sau{dH}t
CHEMBL13976,1.75,CN(C)CCNC(=O)c1c(C)[nH]c(\C=C\2/C(=O)Nc3ccc(F)cc23)c1C,45.833333333333336,AD{A}AADA{~B}ara{A}{dH}a{RA~ARsLA{~B}Dataaa{G}aast}arA
CHEMBL2036589,3.0,Fc1ccc(Nc2oc(nn2)C(=O)Nc3ccc(nc3)N4CCOCC4)cc1,25.0,Garaaa{Dasba{dds}A{~B}Dataaa{dat}DuAABAAu}aar
CHEMBL440765,0.99,CN([C@H]1CC[C@@]2(CCCO2)C[C@@H]1N3CCCC3)C(=O)Cc4ccccc4,58.5,AD{{A*H}rAA{A**}s{AAABs}A{A**H}rDtAAAAt}A{~B}Aauaaaaau
CHEMBL1923432,1.74,Cc1[nH]c(C(=O)NC2CCN(CC2)c3cc(cc(Cl)n3)C(=O)O)c(Cl)c1Cl,46.0,Aar{dH}a{A{~B}DAsAAD{AAs}ataa{aa{Z}dt}A{~B}B}a{Z}arZ
CHEMBL184011,3.17,COc1ccc(cc1)C(=O)Nc2cc(NC(=O)c3cccc(c3)N(C)C)ccc2C,22.166666666666668,ABaraaa{aar}A{~B}Dasaa{DA{~B}ataaaa{at}D{A}A}aaasA
CHEMBL48616,4.3,Cc1cc(C)cc(c1)c2[nH]c3ccc(cc3c2CCNCCCCc4ccncc4)C(C)(C)C(=O)N5C6CCC5CC6,3.333333333333336,Aaraa{A}aa{ar}as{dH}ataaa{aatasAADAAAAauaadaau}A{A}{A}A{~B}DvAwAAAvAAw
CHEMBL321758,0.91,C[C@H]([C@H](O)c1ccc(O)cc1)N2CCC(O)(CC2)c3ccccc3,59.833333333333336,A{A*H}{{A*H}{B}araaa{B}aar}DsAAA{B}{AAs}ataaaaat
CHEMBL2153190,2.18,CCCSc1nc(ccc1C(=O)NC2CCCCC2)N3CCC[C@H](CC(=O)O)C3,38.666666666666664,AAAEarda{aaarA{~B}DAsAAAAAs}DtAAA{A*H}{AA{~B}B}At
CHEMBL516784,1.76,NC(=O)Nc1sc(cc1C(=O)N[C@H]2CCCNC2)c3ccc(F)cc3,45.666666666666664,DA{~B}Darsa{aarA{~B}D{A*H}sAAADAs}ataaa{G}aat
CHEMBL2153187,1.36,CCCSc1nc(ccc1C(=O)NC2CCCCC2)N3CCCCC3C(=O)O,52.33333333333332,AAAEarda{aaarA{~B}DAsAAAAAs}DtAAAAAtA{~B}B
CHEMBL196585,3.86,Oc1ccc(cc1)C(c2ccc(O)cc2)C(Cl)(Cl)Cl,10.66666666666667,Baraaa{aar}A{asaaa{B}aas}A{Z}{Z}Z
CHEMBL2011916,2.96,CNc1c(Br)cnc2[nH]c(nc12)c3ccc(OCCCN4CCOCC4)cc3,25.666666666666668,ADara{X}adas{dH}a{dars}ataaa{BAAADuAABAAu}aat
CHEMBL191802,2.45,CSc1ccc(OCc2ccccc2)c(\C=C\c3ccc(cn3)C(=O)O)c1,34.166666666666664,AEaraaa{BAasaaaaas}a{RA~ARataaa{adt}A{~B}B}ar
CHEMBL2030806,0.52,CNc1cccc(CCOc2ccc(C[C@H](NC(=O)c3c(C)cc(C)cc3C)C(=O)O)cc2)n1,66.33333333333333,ADaraaaa{AABasaaa{A{A*H}{DA{~B}ata{A}aa{A}aatA}A{~B}B}aas}dr
CHEMBL469230,3.18,CN1C(=O)N(CC2CC2)c3nn(Cc4ccnc5ccc(Cl)cc45)c(c6cc(cn6C)S(=O)(=O)C)c3C1=O,21.999999999999996,ADrA{~B}D{AAsAAs}atdd{Aauaadavaaa{Z}aauv}a{awaa{adwA}E{~B}{~B}A}atAr~B
CHEMBL167176,3.3,CCCc1c(O)c(ccc1OCc2ccc(\C=C\c3nn[nH]n3)cc2)C(=O)C,20.000000000000004,AAAara{B}a{aaarBAasaaa{RA~ARatdd{dH}dt}aas}A{~B}A
CHEMBL13698,0.6,C1CN=C(N1)c2ccc3ccccc3n2,65.0,ArAD~A{Dr}asaaataaaaatds
CHEMBL256115,1.75,CCCNCc1cnc(s1)c2ccc(cc2)C(=O)Nc3ccccc3N,45.833333333333336,AAADAarada{sr}asaaa{aas}A{~B}DataaaaatD
CHEMBL2062584,2.72,COC(=O)CCn1cc(c2cc(NC3CC3)n4ncc(C#N)c4n2)c5cc(NC(=O)C)ccc15,29.66666666666666,ABA{~B}AAdraa{asaa{DAtAAt}dudaa{A^D}auds}avaa{DA{~B}A}aaarv
CHEMBL387658,1.4,CC(C#Cc1ccccc1)N2NC(=O)C3=C(C2=O)C(=O)c4ccc(Cl)cc4N3,51.666666666666664,AA{A^Aaraaaaar}DsDA{~B}At~A{As~B}A{~B}auaaa{Z}aauDt
CHEMBL1451129,2.7,CC1=CC(=O)Oc2cc3NCCCc3cc12,29.999999999999996,AAr~AA{~B}BasaatDAAAataars
CHEMBL1778628,0.05,OC(=O)COc1ccc(cc1c2cccc(c2)C#N)C(F)(F)F,74.16666666666667,BA{~B}ABaraaa{aarasaaaa{as}A^D}A{G}{G}G
CHEMBL2312185,1.64,CNc1nc(C)c(s1)c2nc(Nc3cccc(c3)N4CCCNCC4)ncc2C#N,47.66666666666668,ADarda{A}a{sr}asda{Dataaaa{at}DuAAADAAu}daasA^D
CHEMBL1807818,2.3,O[C@@H](CNCCCSCCOCCc1ccccc1)c2ccc(O)c3NC(=O)Sc23,36.66666666666667,B{A**H}{ADAAAEAABAAaraaaaar}asaaa{B}atDA{~B}East
CHEMBL2059375,1.81,CCNC(=O)c1cc2c(c(cnc2[nH]1)c3cncc(c3)C(=O)N)n4ccc(n4)C(F)(F)F,44.833333333333336,AADA{~B}araasa{a{adas{dH}r}atadaa{at}A{~B}D}duaaa{du}A{G}{G}G
CHEMBL103771,4.12,C\N=C(/S)\n1nc(nc1N)c2ccc(Cl)cc2,6.333333333333331,ARD~A{LE}Rdrda{darD}asaaa{Z}aas
CHEMBL190458,-0.3,CC1=C(CCC(=O)O)C(=O)Oc2c(C)c(O)ccc12,80.0,AAr~A{AAA{~B}B}A{~B}Basa{A}a{B}aaars
CHEMBL8663,2.16,CC(Cc1ccccc1)N(C)CC#C,39.0,AA{Aaraaaaar}D{A}AA^A
CHEMBL1934422,0.5,C[C@H](NC(=O)c1c(C)nn(C2CCOCC2)c1NS(=O)(=O)c3ccc(C)cc3)C(C)(C)C,66.66666666666667,A{A*H}{DA{~B}ara{A}dd{AsAABAAs}arDE{~B}{~B}ataaa{A}aat}A{A}{A}A
CHEMBL282694,2.57,CC(C)C(NC(=O)CN1C(=O)C(=CC=C1c2ccccc2)NS(=O)(=O)NCc3ccccc3)C(=O)C(F)(F)F,32.16666666666667,AA{A}A{DA{~B}ADrA{~B}A{~AA~Arasaaaaas}DE{~B}{~B}DAataaaaat}A{~B}A{G}{G}G
CHEMBL196707,-0.44,Cc1c(CC(=O)O)c2cc(F)ccc2n1S(=O)(=O)c3ccc(cc3)S(=O)(=O)C,82.33333333333334,Aara{AA{~B}B}asaa{G}aaasdrE{~B}{~B}ataaa{aat}E{~B}{~B}A
CHEMBL1950846,0.9,CN[C@@H](C)C(=O)N[C@H](C(=O)N[C@H]1CCCN(C1)S(=O)(=O)c2ccccc2)C(C)(C)C,60.0,AD{A**H}{A}A{~B}D{A*H}{A{~B}D{A*H}rAAAD{Ar}E{~B}{~B}asaaaaas}A{A}{A}A
CHEMBL589,0.76,CCCN(CCC)CCc1cccc2NC(=O)Cc12,62.333333333333336,AAAD{AAA}AAaraaaasDA{~B}Aars
CHEMBL2325988,1.2,CC(NC(=O)C1(N)CCN(CC1)c2ncnc3[nH]ccc23)c4cccnc4,55.0,AA{DA{~B}Ar{D}AAD{AAr}asdadat{dH}aaast}auaaadau
CHEMBL1779503,0.74,Clc1ccc(cc1C(=O)NCCc2ccccc2)N3N=CC(=O)NC3=O,62.666666666666664,Zaraaa{aarA{~B}DAAasaaaaas}DtD~AA{~B}DAt~B
CHEMBL1917445,0.05,Cc1ccc2c(c1)c([S+]([O-])c3ccc(Cl)cc3)c(C)n2CC(=O)O,74.16666666666667,Aaraaasa{ar}a{{EP}{{BM}}ataaa{Z}aat}a{A}dsAA{~B}B
CHEMBL126857,2.4,CCN(CC)C(=O)c1ccc(cc1)C(=C2CCNCC2)c3ccc(Cl)c(Cl)c3,35.0,AAD{AA}A{~B}araaa{aar}A{~AsAADAAs}ataaa{Z}a{Z}at
CHEMBL2158770,2.26,OC(=O)[C@H](Cc1cccc(c1)C#N)N2CCC(CN3CCC(CC3)Oc4ccc(Cl)c(Cl)c4)CC2,37.333333333333336,BA{~B}{A*H}{Aaraaaa{ar}A^D}DsAAA{ADtAAA{AAt}Bauaaa{Z}a{Z}au}AAs
CHEMBL1459468,2.9,COc1ccccc1C(=O)Nc2nc3ccccc3[nH]2,26.666666666666668,ABaraaaaarA{~B}Dasdataaaaat{dH}s
CHEMBL1498995,2.36,CNc1ncc(s1)C(=O)c2ccccc2,35.666666666666664,ADardaa{sr}A{~B}asaaaaas
CHEMBL94191,3.04,COc1cc2ncnc(Nc3ccccc3)c2cc1OC,24.333333333333332,ABaraasdada{Dataaaaat}asaarBA
CHEMBL217665,1.3,CN1CCN(CC1)c2ccc(Nc3ccnc4ccccc34)cc2,53.333333333333336,ADrAAD{AAr}asaaa{Dataadauaaaaatu}aas
CHEMBL563379,1.41,CNC[C@H](O)c1ccc(Cl)c(c1)C(=O)NCC23CC4CC(CC(C4)C2)C3,51.5,ADA{A*H}{B}araaa{Z}a{ar}A{~B}DAAstAAuAA{AA{Au}As}At
CHEMBL1101,2.49,OC(CCN1CCCCC1)(C2CC3CC2C=C3)c4ccccc4,33.49999999999999,BA{AADrAAAAAr}{AsAAtAAsA~At}auaaaaau
CHEMBL1575409,2.5,COc1ccc(CNC(=O)CSc2nc3cccnc3s2)cc1,33.333333333333336,ABaraaa{ADA{~B}AEasdataaadatss}aar
CHEMBL2335896,3.18,C[C@@H](NC(=O)C)c1ccc(Nc2ncc3cc(ccc3n2)c4ccncc4)cc1,21.999999999999996,A{A**H}{DA{~B}A}araaa{Dasdaataa{aaatds}auaadaau}aar
CHEMBL2179667,-0.82,CC1=CN([C@H]2CCCN(Cc3ccc(C(=O)O)c(Oc4cccc(C)c4)c3)C2)C(=O)NC1=O,88.66666666666667,AAr~AD{{A*H}sAAAD{Aataaa{A{~B}B}a{Bauaaaa{A}au}at}As}A{~B}DAr~B
CHEMBL126519,2.6,CCCc1c(O)c(O)c(C(=O)O)c2cc(Cc3ccccc3)c(C)cc12,31.666666666666668,AAAara{B}a{B}a{A{~B}B}asaa{Aataaaaat}a{A}aars
CHEMBL360425,2.06,CS(=O)(=O)Nc1cccc(NC(=O)CN2CCN([C@H](Cc3ccccc3)C2)C(=O)C[C@H](N)Cc4ccc(F)c(F)c4)c1,40.666666666666664,AE{~B}{~B}Daraaaa{DA{~B}ADsAAD{{A*H}{Aataaaaat}As}A{~B}A{A*H}{D}Aauaaa{G}a{G}au}ar
CHEMBL17771,1.85,O=S1NC(=NO1)Cc2ccc3ccccc3c2,44.166666666666664,B~ErDA{~DBr}Aasaaataaaaatas
CHEMBL495497,2.36,O=C(N1CCN(CC1)c2ccccn2)c3cccc(CC4=NNC(=O)c5ccccc45)c3,35.666666666666664,B~A{DrAAD{AAr}asaaaads}ataaaa{AAu~DDA{~B}avaaaaauv}at
CHEMBL1534781,2.79,COc1cnc(nc1N(C)c2ccccc2)c3ccccn3,28.5,ABarada{darD{A}asaaaaas}ataaaadt
CHEMBL1783734,1.39,CS(=O)(=O)c1ccc(cc1Cl)[C@@H](C[C@H]2CCC(=O)C2)C(=O)Nc3cnccn3,51.83333333333334,AE{~B}{~B}araaa{aarZ}{A**H}{A{A*H}sAAA{~B}As}A{~B}Datadaadt
CHEMBL1289545,2.17,Cc1nc(cs1)C(=O)N2CCOC3(CCN(Cc4ccc(Cl)cc4)CC3)C2,38.833333333333336,Aarda{asr}A{~B}DsAABAt{AAD{Aauaaa{Z}aau}AAt}As
CHEMBL2171013,4.49,CN(C(=O)N1CCC(CC1)N2CCC(CC2)Oc3ccc(Cl)c(Cl)c3)S(=O)(=O)c4ccc(C)cc4,0.1666666666666631,AD{A{~B}DrAAA{AAr}DsAAA{AAs}Bataaa{Z}a{Z}at}E{~B}{~B}auaaa{A}aau
CHEMBL1762482,3.08,Cc1ccnc(NCc2ccccc2)c1,23.666666666666668,Aaraada{DAasaaaaas}ar
CHEMBL1515,-0.42,CN1C=CNC1=S,82.0,ADrA~ADAr~E
CHEMBL208292,3.58,COc1cc2ncnc(Nc3cccc(Cl)c3F)c2cc1CN4CCC[C@@H]4C(=O)N,15.333333333333334,ABaraasdada{Dataaaa{Z}atG}asaarADuAAA{A**H}uA{~B}D
CHEMBL1270670,3.7,CS(=O)(=O)c1cccc(Nc2nccc(Nc3c(Cl)ccc4ccoc34)n2)c1,13.33333333333333,AE{~B}{~B}araaaa{Dasdaaa{Data{Z}aaauaabatu}ds}ar
CHEMBL550687,0.5,NC(=N)Nc1ccc(cc1)C(=O)Oc2ccc(cc2)[N+](=O)[O-],66.66666666666667,DA{~D}Daraaa{aar}A{~B}Basaaa{aas}{DP}{~B}{BM}
CHEMBL1951904,2.41,CCN(C1CCN(CCC(C2CCN(Cc3ccccc3)CC2)c4ccccc4)CC1)C(=O)Cc5ccc(cc5)S(=O)(=O)C,34.833333333333336,AAD{ArAAD{AAA{AsAAD{Aataaaaat}AAs}auaaaaau}AAr}A{~B}Aavaaa{aav}E{~B}{~B}A
CHEMBL2325731,2.4,CN(C)C(=O)CC(NC(=O)C1(N)CCN(CC1)c2ncnc3[nH]ccc23)c4ccc(Cl)cc4,35.0,AD{A}A{~B}AA{DA{~B}Ar{D}AAD{AAr}asdadat{dH}aaast}auaaa{Z}aau
CHEMBL2171043,2.62,Clc1cccc(c1)S(=O)(=O)NC(=O)N2CCC(CC2)N3CCC(CC3)Oc4ccc(Cl)c(Cl)c4,31.333333333333332,Zaraaaa{ar}E{~B}{~B}DA{~B}DsAAA{AAs}DtAAA{AAt}Bauaaa{Z}a{Z}au
CHEMBL1809199,3.2,COc1cc(ccc1Nc2ncc(Cl)c(n2)c3cnc4c(C)cccn34)N5CCN(CC5)C(=O)C,21.66666666666666,ABaraa{aaarDasdaa{Z}a{ds}atadaua{A}aaadtu}DvAAD{AAv}A{~B}A
CHEMBL2325503,2.66,CS(=O)(=O)c1ccc(nc1)c2nnc(\C=C\c3oc(nn3)c4ccc(cc4)C#N)n2c5ccccc5Cl,30.666666666666668,AE{~B}{~B}araaa{dar}asdda{RA~ARatba{ddt}auaaa{aau}A^D}dsavaaaaavZ
CHEMBL486894,2.9,Oc1ccc(cc1)C2=Cc3cc(O)ccc3OC2=O,26.666666666666668,Baraaa{aar}As~Aataa{B}aaatBAs~B
CHEMBL13280,2.1,CN1C(=O)CN=C(c2ccccc2F)c3cc(ccc13)[N+](=O)[O-],40.0,ADrA{~B}AD~A{asaaaaasG}ataa{aaart}{DP}{~B}{BM}
CHEMBL1086377,3.05,CCN1CCN(CC(=O)Nc2ccc(c3cccc4C(=O)C=C(Oc34)N5CCOCC5)c6sc7ccccc7c26)CC1,24.16666666666667,AADrAAD{AA{~B}Dasaaa{ataaaauA{~B}A~A{Batu}DvAABAAv}awsaxaaaaaxasw}AAr
CHEMBL510101,2.55,COc1ccc(CNCc2ccc(cc2)c3cc(C(=O)N)c(NC(=O)N)s3)cc1,32.50000000000001,ABaraaa{ADAasaaa{aas}ataa{A{~B}D}a{DA{~B}D}st}aar
CHEMBL478407,3.62,CC(C)n1c(C)ncc1c2ccnc(Nc3ccc(F)cc3)n2,14.666666666666664,AA{A}dra{A}daarasaada{Dataaa{G}aat}ds
CHEMBL1916541,0.29,COc1ccc2C(=NC(=O)N(CCN3CCC(CC3)NCc4cc5OCCOc5cn4)c2c1)C,70.16666666666667,ABaraaasA{~DA{~B}D{AADtAAA{AAt}DAauaavBAABavadu}asar}A
CHEMBL32363,1.06,COC(=O)C1C(CC2CCC1N2C)OC(=O)c3ccccc3,57.333333333333336,ABA{~B}ArA{AAsAAArDsA}BA{~B}ataaaaat
CHEMBL2059004,0.9,Cc1nc2ccc(NC(=O)CCNC(=O)N)cc2s1,60.0,Aardasaaa{DA{~B}AADA{~B}D}aassr
CHEMBL2208430,3.91,O[C@H](CNC(=O)c1c[nH]c2ccccc12)CN3CCC(CC3)Oc4ccc(Cl)c(Cl)c4,9.83333333333333,B{A*H}{ADA{~B}ara{dH}asaaaaars}ADtAAA{AAt}Bauaaa{Z}a{Z}au
CHEMBL272705,2.21,C[C@H](CO)Nc1nc(SCc2occc2)nc3NC(=O)Sc13,38.166666666666664,A{A*H}{AB}Darda{EAasbaaas}datDA{~B}Eart
CHEMBL394859,2.41,Clc1ccc(CNc2nc(nc3ncccc23)N4CCN(CC4)C(=O)[C@@H]5CCCN5)c(Cl)c1,34.833333333333336,Zaraaa{ADasda{datdaaaast}DuAAD{AAu}A{~B}{A**H}vAAADv}a{Z}ar
CHEMBL1311211,2.3,O=C(CN1CCN(CC1)c2ccccc2)Nc3c(cnn3c4ccccc4)C#N,36.66666666666667,B~A{ADrAAD{AAr}asaaaaas}Data{addtauaaaaau}A^D
CHEMBL137,-0.11,Cc1ncc([N+](=O)[O-])n1CCO,76.83333333333334,Aardaa{{DP}{~B}{BM}}drAAB
CHEMBL1630120,3.2,COCCN1CCN(CC(=O)Nc2ccc(C3=CC=CN4C(=O)C=C(N=C34)N5CCOCC5)c6sc7ccccc7c26)CC1,21.66666666666666,ABAADrAAD{AA{~B}Dasaaa{At~AA~ADuA{~B}A~A{D~Atu}DvAABAAv}awsaxaaaaaxasw}AAr
CHEMBL2207284,2.77,CNS(=O)(=O)c1ccc2C(=CNC(=O)c2c1)C(=O)NC[C@@H](O)CN3CCC(CC3)Oc4ccc(Cl)c(Cl)c4,28.833333333333332,ADE{~B}{~B}araaasA{~ADA{~B}asar}A{~B}DA{A**H}{B}ADtAAA{AAt}Bauaaa{Z}a{Z}au
CHEMBL279261,1.5,OC1(CN2CCC1CC2)c3ccc(cc3)c4ccccc4,50.0,BAr{ADsAAArAAs}ataaa{aat}auaaaaau
CHEMBL204825,1.0,Oc1nnc(Cc2cccc(c2)C(=O)N3CCOCC3)c4ccccc14,58.333333333333336,Bardda{Aasaaaa{as}A{~B}DtAABAAt}auaaaaaru
CHEMBL1650729,2.39,C[C@H](Nc1ncc(Br)c(Nc2cc(C)[nH]n2)n1)c3ncc(F)cn3,35.166666666666664,A{A*H}{Dardaa{X}a{Dasaa{A}{dH}ds}dr}atdaa{G}adt
CHEMBL1916085,2.01,CN(C1CCCCC1)C(=O)c2cnn(c2NS(=O)(=O)c3ccc(C)cc3)c4ccccc4,41.50000000000001,AD{ArAAAAAr}A{~B}asadd{asDE{~B}{~B}ataaa{A}aat}auaaaaau
CHEMBL1556667,2.71,CSc1ncccc1C(=O)NCc2ccc(C)cc2,29.833333333333332,AEardaaaarA{~B}DAasaaa{A}aas
CHEMBL1789224,1.3,CNCC[C@@H](Oc1cc(ccc1C#N)C(F)(F)F)c2ccccc2,53.333333333333336,ADAA{A**H}{Baraa{aaarA^D}A{G}{G}G}asaaaaas
CHEMBL470897,2.8,CCC(C)Nc1nc(nc(N2CCOCC2)c1N)C#N,28.33333333333334,AAA{A}Darda{da{DsAABAAs}arD}A^D
CHEMBL51594,1.4,C1Cc2ccccc2CN1c3ccncc3,51.666666666666664,ArAasaaaaasADrataadaat
CHEMBL1437137,2.5,CC(N)(COP(=O)(O)O)C(=O)O,33.333333333333336,AA{D}{ABK{~B}{B}B}A{~B}B
CHEMBL2313078,3.6,Oc1ccc(Cl)cc1C(=O)Nc2ccc(F)cc2F,14.999999999999998,Baraaa{Z}aarA{~B}Dasaaa{G}aasG
CHEMBL1223870,0.12,CN(C)C(=O)N[C@@H]1CC[C@@H](CCN2[C@@H]3CC[C@H]2C[C@H](C3)Oc4cccc(c4)C(=O)N)CC1,73.0,AD{A}A{~B}D{A**H}rAA{A**H}{AADs{A**H}tAA{A*H}sA{A*H}{At}Bauaaaa{au}A{~B}D}AAr
CHEMBL1916286,1.75,C[C@H](NC(=O)c1c(C)nn(c1NS(=O)(=O)C2CCCCC2)c3ccccc3)C(C)(C)C,45.833333333333336,A{A*H}{DA{~B}ara{A}dd{arDE{~B}{~B}AsAAAAAs}ataaaaat}A{A}{A}A
CHEMBL1231626,2.78,NC(=O)c1cnc(N[C@H]2CCCNC2)c3cc(sc13)c4ccc(Cl)cc4,28.66666666666667,DA{~B}arada{D{A*H}sAAADAs}ataa{sart}auaaa{Z}aau
CHEMBL1946024,4.01,CCN(CC)C(=O)c1ccc(cc1)C(=C2CCN(Cc3ccc(F)cc3)CC2)c4ccc(NC(=O)OC)cc4,8.16666666666667,AAD{AA}A{~B}araaa{aar}A{~AsAAD{Aataaa{G}aat}AAs}auaaa{DA{~B}BA}aau
CHEMBL108246,2.84,Cc1ccccc1CCOCCCS(=O)(=O)CCNCCc2ccc(O)c3nc(O)sc23,27.666666666666668,AaraaaaarAABAAAE{~B}{~B}AADAAasaaa{B}atda{B}sast
CHEMBL1939741,3.27,CCN(C)C(=O)c1ccc(cc1)[C@@H](N2CCN(Cc3cccnc3)CC2)c4cccc(NC(=O)C5CCC5)c4,20.5,AAD{A}A{~B}araaa{aar}{A**H}{DsAAD{Aataaadat}AAs}auaaaa{DA{~B}AvAAAv}au
CHEMBL315970,4.41,CC(C)CN1C(=O)N(C)C(=O)c2cn(Cc3cccc4ccccc34)cc12,1.4999999999999976,AA{A}ADrA{~B}D{A}A{~B}asad{Aataaaauaaaaatu}aars
CHEMBL2087086,3.1,C[C@@H]1CN(CCN1c2ncc(OCc3ccncc3C#N)cn2)c4onc(n4)C(F)(F)F,23.333333333333332,A{A**H}rAD{AADrasdaa{BAataadaatA^D}ads}aubda{du}A{G}{G}G
CHEMBL1922094,1.9,C[C@H](O)C(=O)N1CCN(Cc2sc3c(nc(nc3c2C)c4cnc(N)nc4)N5CCOCC5)CC1,43.333333333333336,A{A*H}{B}A{~B}DrAAD{Aassata{da{datasA}auada{D}dau}DvAABAAv}AAr
CHEMBL71271,3.0,Oc1ccc(cc1)C2=Cc3ccccc3OC2=O,25.0,Baraaa{aar}As~AataaaaatBAs~B
CHEMBL1468264,1.5,COc1cc(OC)c2nc(C)c3CCN(c4ccc(O)cc4)c3c2c1,50.0,ABaraa{BA}asda{A}atAAD{auaaa{B}aau}atasar
CHEMBL1774099,2.5,COc1ccccc1N2CCN(CC3=C(Br)C(=O)N(N3C)c4ccccc4)CC2,33.333333333333336,ABaraaaaarDsAAD{AAt~A{X}A{~B}D{DtA}auaaaaau}AAs
CHEMBL2031461,1.87,CN1CCN(CC1)c2ccc3N=CN(C(=O)c3c2)c4cc(ccc4C)C(=O)Nc5ccon5,43.833333333333336,ADrAAD{AAr}asaaatD~AD{A{~B}atas}auaa{aaauA}A{~B}Davaabdv
CHEMBL1807827,0.98,O[C@@H](CNCCSCCCNCCc1cccc(Cl)c1)c2ccc(O)c3NC(=O)Sc23,58.666666666666664,B{A**H}{ADAAEAAADAAaraaaa{Z}ar}asaaa{B}atDA{~B}East
CHEMBL2331843,2.0,CCc1[nH]c2nc(Sc3cnc4ccc[n+]([O-])c4c3)nc(N5CC[C@@H](N)C5)c2c1Cl,41.666666666666664,AAar{dH}asda{Eatadauaaa{dP}{{BM}}auat}da{DvAA{A**H}{D}Av}asarZ
CHEMBL1350030,1.71,OC1(C(=O)Nc2ccccc12)c3ccccc3,46.5,BAr{A{~B}Dasaaaaars}ataaaaat
CHEMBL27577,1.09,NC(=O)c1ccccc1O,56.833333333333336,DA{~B}araaaaarB
CHEMBL233238,2.61,OCC(CO)NC(=O)CN1C(=O)C(Cc2ccccc12)NC(=O)c3cc4cc(Cl)sc4[nH]3,31.5,BAA{AB}DA{~B}ADrA{~B}A{Aasaaaaars}DA{~B}ataauaa{Z}sau{dH}t
CHEMBL436968,3.68,CC(C)Oc1cc(OCCN2CCOCC2)cc3ncnc(Nc4c(Cl)ccc5OCOc45)c13,13.666666666666664,AA{A}Baraa{BAADsAABAAs}aatdada{Daua{Z}aaavBABauv}art
CHEMBL2163584,3.12,Brc1cccc2c3CN(CCc3[nH]c12)C(=O)[C@@H]4CCCC[C@H]4C(=O)NC5(CC5)C#N,23.0,XaraaaasatAD{AAat{dH}ars}A{~B}{A**H}uAAAA{A*H}uA{~B}DAv{AAv}A^D
CHEMBL351811,1.32,NC(Cc1ccccc1)c2ccccc2,53.0,DA{Aaraaaaar}asaaaaas
CHEMBL87563,2.41,CCOC(=O)c1ccc(OC(=O)CCCCCN=C(N)N)cc1,34.833333333333336,AABA{~B}araaa{BA{~B}AAAAAD~A{D}D}aar
CHEMBL269538,2.9,COc1ccc2c(c1)[nH]c3c(C)nccc23,26.666666666666668,ABaraaasa{ar}{dH}ata{A}daaast
CHEMBL1224215,2.23,Cc1cc(ccc1O[C@H]2C[C@H]3CC[C@@H](C2)N3Cc4ccccc4)C(=O)N,37.833333333333336,Aaraa{aaarB{A*H}sA{A*H}tAA{A**H}{As}DtAauaaaaau}A{~B}D
CHEMBL562308,1.79,OCCNCCNc1ccc2c(NC(=O)CC34CC5CC(CC(C5)C3)C4)cccc2n1,45.166666666666664,BAADAADaraaasa{DA{~B}AAtuAAvAA{AA{Av}At}Au}aaaasdr
CHEMBL2036763,2.74,Clc1cccc(NC(=O)N2CCN(C[C@@H]3CCCN(C3)C4CC4)CC2)c1,29.33333333333333,Zaraaaa{DA{~B}DsAAD{A{A**H}tAAAD{At}AuAAu}AAs}ar
CHEMBL1945299,0.91,COc1ccccc1CNCCc2cccc(CCNC[C@H](O)c3ccc(O)c4NC(=O)Sc34)c2,59.833333333333336,ABaraaaaarADAAasaaaa{AADA{A*H}{B}ataaa{B}auDA{~B}Eatu}as
CHEMBL2219422,2.99,Cn1ncc(Cl)c1c2cc(sc2Cl)C(=O)N[C@H](CN)Cc3cccc(F)c3,25.16666666666666,Adrdaa{Z}arasaa{sasZ}A{~B}D{A*H}{AD}Aataaaa{G}at
CHEMBL184,-1.42,Nc1nc(O)c2ncn(COCCO)c2n1,98.66666666666667,Darda{B}asdad{ABAAB}asdr
CHEMBL2028019,3.6,CN(C)C(=O)N[C@@H]1CC[C@@H](CCN2CCN(CC2)c3cccc(Cl)c3Cl)CC1,14.999999999999998,AD{A}A{~B}D{A**H}rAA{A**H}{AADsAAD{AAs}ataaaa{Z}atZ}AAr
CHEMBL2207658,3.34,O[C@H](CNC(=O)c1c[nH]nc1C(F)(F)F)CN2CCC(CC2)Oc3ccc(Cl)c(Cl)c3,19.333333333333336,B{A*H}{ADA{~B}ara{dH}darA{G}{G}G}ADsAAA{AAs}Bataaa{Z}a{Z}at
CHEMBL2068839,3.21,Cc1ccc(COC(=O)N2CC[C@H](CNc3ncccn3)[C@H](F)C2)cc1,21.5,Aaraaa{ABA{~B}DsAA{A*H}{ADatdaaadt}{A*H}{G}As}aar
CHEMBL118755,-0.16,Clc1ccc2C(=O)C3=C(Nc2c1)C(=O)NN(Cc4ccncc4)C3=O,77.66666666666667,ZaraaasA{~B}At~A{Dasar}A{~B}DD{Aauaadaau}At~B
CHEMBL384467,1.87,C[C@@H]1C[C@H]2[C@@H]3CCC4=CC(=O)C=C[C@]4(C)[C@@]3(F)[C@@H](O)C[C@]2(C)[C@@]1(O)C(=O)CO,43.833333333333336,A{A**H}rA{A*H}s{A**H}tAAAu~AA{~B}A~A{A*}u{A}{A**}t{G}{A**H}{B}A{A*}s{A}{A**}r{B}A{~B}AB
CHEMBL1270772,3.0,CS(=O)(=O)c1cccc(Nc2nccc(Nc3cccc4CCOc34)n2)c1,25.0,AE{~B}{~B}araaaa{Dasdaaa{DataaaauAABatu}ds}ar
CHEMBL2208426,2.86,CS(=O)(=O)c1ccc(s1)C(=O)NC[C@@H](O)CN2CCC(CC2)Oc3ccc(Cl)c(Cl)c3,27.333333333333332,AE{~B}{~B}araaa{sr}A{~B}DA{A**H}{B}ADsAAA{AAs}Bataaa{Z}a{Z}at
CHEMBL1917448,-0.42,COc1cccc(c1)S(=O)(=O)c2c(C)n(CC(=O)O)c3ccc(C)cc23,82.0,ABaraaaa{ar}E{~B}{~B}asa{A}d{AA{~B}B}ataaa{A}aast
CHEMBL1172,1.48,Clc1ccc2C(=C3CCNCC3)c4ncccc4CCc2c1,50.333333333333336,ZaraaasA{~AtAADAAt}audaaaauAAasar
CHEMBL2171029,1.6,OC(=O)CCCCn1nnc(n1)c2ccc(cc2)C(=O)N3CCC(CC3)N4CCC(CC4)Oc5ccc(Cl)c(Cl)c5,48.333333333333336,BA{~B}AAAAdrdda{dr}asaaa{aas}A{~B}DtAAA{AAt}DuAAA{AAu}Bavaaa{Z}a{Z}av
CHEMBL2070950,1.6,O=C(NC1(CC1)C#N)[C@@H]2CCCC[C@H]2C(=O)N3CCN(CC3)c4nc5ccncc5s4,48.333333333333336,B~A{DAr{AAr}A^D}{A**H}sAAAA{A*H}sA{~B}DtAAD{AAt}audavaadaavsu
CHEMBL1486517,2.5,O=C(C1CCN(CC1)c2nnc(s2)n3cccc3)N4CCN(Cc5ccc6OCOc6c5)CC4,33.333333333333336,B~A{ArAAD{AAr}asdda{ss}dtaaaat}DuAAD{AavaaawBABawav}AAu
CHEMBL2036779,2.1,CCN1CCOC(C1)C(=O)N2CCN(CC2)C(=O)Nc3ccc(Cl)c(Cl)c3,40.0,AADrAABA{Ar}A{~B}DsAAD{AAs}A{~B}Dataaa{Z}a{Z}at
CHEMBL2147032,3.24,O=C1COC2(CCN(CC2)S(=O)(=O)c3ccc(cc3)c4ccc5cccnc5c4)CN1C6CC6,20.999999999999996,B~ArABAs{AAD{AAs}E{~B}{~B}ataaa{aat}auaaavaaadavau}ADrAwAAw
CHEMBL1907764,3.05,COc1cc2c(Nc3ccc(Br)cc3F)ncnc2cc1OC[C@@H]4CCCN(C)C4,24.16666666666667,ABaraasa{Dataaa{X}aatG}dadasaarBA{A**H}uAAAD{A}Au
CHEMBL1962616,-0.51,NC(=N)NC(=O)c1nc(Cl)c(NCc2ccncc2)nc1N,83.5,DA{~D}DA{~B}arda{Z}a{DAasaadaas}darD
CHEMBL1366397,2.31,Oc1ccccc1OCC(=O)NC2CCCC2,36.5,BaraaaaarBAA{~B}DAsAAAAs
CHEMBL393348,1.58,Clc1ccc(cc1C(=O)NCC23CC4CC(CC(C4)C2)C3)C5CCNCC5,48.666666666666664,Zaraaa{aarA{~B}DAAstAAuAA{AA{Au}As}At}AvAADAAv
CHEMBL2021706,0.4,CCC[C@@H](CNC(=O)c1nc(Cl)c(N)nc1N)[N+](C)(C)CCCc2ccc(OC)cc2,68.33333333333333,AAA{A**H}{ADA{~B}arda{Z}a{D}darD}{DP}{A}{A}AAAasaaa{BA}aas
CHEMBL187673,3.3,Oc1ccc(cc1)c2oc3cc(O)ccc3n2,20.000000000000004,Baraaa{aar}asbataa{B}aaatds
CHEMBL1555870,2.39,NC(=O)c1sc(cc1NS(=O)(=O)c2ccc(cc2)C(F)(F)F)c3ccsc3,35.166666666666664,DA{~B}arsa{aarDE{~B}{~B}asaaa{aas}A{G}{G}G}ataasat
CHEMBL1289233,3.38,Clc1ccc(N2CCN(CC2)C(=O)COCc3ccncc3)c(Cl)c1,18.666666666666668,Zaraaa{DsAAD{AAs}A{~B}ABAataadaat}a{Z}ar
CHEMBL2031235,1.75,CN1CCN(CC1)c2ccc3N=CN(C(=O)c3c2)c4cc(NC(=O)c5oncc5)ccc4C,45.833333333333336,ADrAAD{AAr}asaaatD~AD{A{~B}atas}auaa{DA{~B}avbdaav}aaauA
CHEMBL1824036,-0.51,CS(=O)(=O)c1ccc2OCC(=O)N(CCN3CCC(CC3)NCc4ccc5OCC(=O)Nc5n4)c2c1,83.5,AE{~B}{~B}araaasBAA{~B}D{AADtAAA{AAt}DAauaaavBAA{~B}Davdu}asar
CHEMBL107955,1.67,CCOC(=O)N1CCN(CC1)C(=O)[C@H](Cc2cccc(c2)C(=N)N)NS(=O)(=O)c3c(cc(cc3C(C)C)C(C)C)C(C)C,47.166666666666664,AABA{~B}DrAAD{AAr}A{~B}{A*H}{Aasaaaa{as}A{~D}D}DE{~B}{~B}ata{aa{aatA{A}A}A{A}A}A{A}A
CHEMBL445496,1.73,CNC1=Nc2ncccc2C(=NC1c3cccs3)c4cc[nH]c4,46.166666666666664,ADAr~DasdaaaasA{~DArataaast}auaa{dH}au
CHEMBL1478435,3.0,CC1(C)CC(=O)c2c(N)c3ccccc3nc2C1,25.0,AAr{A}AA{~B}asa{D}ataaaaatdasAr
CHEMBL1807860,3.68,C[C@H]1O[C@H]([C@H](O)[C@H]1Cl)n2cnc3c(N)nc(OCC4CC45CC5)nc23,13.666666666666664,A{A*H}rB{A*H}{{A*H}{B}{A*H}rZ}dsadata{D}da{BAAuAAuvAAv}dast
CHEMBL515062,2.77,CC(C)Oc1cc(Nc2nc(N[C@@H](C)c3ccc(F)cn3)nc(OC(CO)CO)c2Cl)n[nH]1,28.833333333333332,AA{A}Baraa{Dasda{D{A**H}{A}ataaa{G}adt}da{BA{AB}AB}asZ}d{dH}r
CHEMBL1778644,-0.92,CCS(=O)(=O)c1ccc(c(F)c1)c2cc(Cl)ccc2OCC(=O)O,90.33333333333333,AAE{~B}{~B}araaa{a{G}ar}asaa{Z}aaasBAA{~B}B
CHEMBL232433,3.17,C[S+]([O-])CCN1C(=O)C(Cc2ccccc12)NC(=O)c3cc4cc(Cl)sc4[nH]3,22.166666666666668,A{EP}{{BM}}AADrA{~B}A{Aasaaaaars}DA{~B}ataauaa{Z}sau{dH}t
CHEMBL562698,1.77,Clc1c(ccnc1N2CCNCC2)C(=O)NCC34CC5CC(CC(C5)C3)C4,45.5,Zara{aadarDsAADAAs}A{~B}DAAtuAAvAA{AA{Av}At}Au
CHEMBL2172005,1.85,COc1ccc(cc1OC)N2CCN([C@H](C)C2)C(=O)[C@@H]3CCCC[C@H]3C(=O)NC4(CC4)C#N,44.166666666666664,ABaraaa{aarBA}DsAAD{{A*H}{A}As}A{~B}{A**H}tAAAA{A*H}tA{~B}DAu{AAu}A^D
CHEMBL2207666,3.42,O[C@H](CNC(=O)C1=CNC(=O)c2ccccc12)CN3CCC(CC3)Oc4ccc(Cl)c(Cl)c4,18.0,B{A*H}{ADA{~B}Ar~ADA{~B}asaaaaars}ADtAAA{AAt}Bauaaa{Z}a{Z}au
CHEMBL2031562,0.2,Nc1cc(cc(c1)C(F)(F)F)C(=O)Nc2cccc(c2)c3nnn[nH]3,71.66666666666667,Daraa{aa{ar}A{G}{G}G}A{~B}Dasaaaa{as}atddd{dH}t
CHEMBL415521,1.2,CCN(CC)C(=O)c1ccc(cc1)C(=C2CCNCC2)c3ccccc3,55.0,AAD{AA}A{~B}araaa{aar}A{~AsAADAAs}ataaaaat
CHEMBL476518,3.51,CC(C)n1c(C)ncc1c2ccnc(Nc3ccc(cc3)N(C)C)n2,16.500000000000004,AA{A}dra{A}daarasaada{Dataaa{aat}D{A}A}ds
CHEMBL381055,3.73,Fc1ccc(cc1)C(=O)N2CCC[C@@H](C2)c3onc(n3)c4ccc(F)cc4,12.833333333333334,Garaaa{aar}A{~B}DsAAA{A**H}{As}atbda{dt}auaaa{G}aau
CHEMBL51483,2.75,CC(C)c1c(O)c(O)c(C=O)c2c(O)c(c(C)cc12)c3c(C)cc4c(C(C)C)c(O)c(O)c(C=O)c4c3O,29.166666666666668,AA{A}ara{B}a{B}a{A~B}asa{B}a{a{A}aars}ata{A}aaua{A{A}A}a{B}a{B}a{A~B}auatB
CHEMBL110999,2.44,CN(CCCOCCOCCc1ccccc1)CCc2ccc(O)c3nc(O)sc23,34.333333333333336,AD{AAABAABAAaraaaaar}AAasaaa{B}atda{B}sast
CHEMBL2023475,3.88,CCn1cc(NC(=O)Cc2ccc(Oc3ccnc4ccc(F)cc34)cc2OC)cn1,10.333333333333336,AAdraa{DA{~B}Aasaaa{Bataadauaaa{G}aatu}aasBA}adr
CHEMBL325503,1.48,CC(C)C(NC(=O)CN1C(=O)C(=CC=C1c2ccccc2)NC(=O)NCc3ccc[n+]([O-])c3)C(=O)C(F)(F)F,50.333333333333336,AA{A}A{DA{~B}ADrA{~B}A{~AA~Arasaaaaas}DA{~B}DAataaa{dP}{{BM}}at}A{~B}A{G}{G}G
CHEMBL1682283,0.92,OC(=O)c1ccc2c(c1)nc(Nc3cccc(c3)C#C)c4ncncc24,59.666666666666664,BA{~B}araaasa{ar}da{Dataaaa{at}A^A}audadaasu
CHEMBL595122,2.0,CCS(=O)(=O)c1ccc(Oc2cc3nc([nH]c3cc2CN4C(=O)CCC4=O)c5ccccn5)cc1,41.666666666666664,AAE{~B}{~B}araaa{Basaatda{{dH}ataasADuA{~B}AAAu~B}avaaaadv}aar
CHEMBL111350,1.77,Oc1ccc(CCNCCCS(=O)(=O)NCCSCCc2ccccc2)c3sc(O)nc13,45.5,Baraaa{AADAAAE{~B}{~B}DAAEAAasaaaaas}atsa{B}dart
CHEMBL551170,2.1,Clc1ccc(cc1C(=O)NCC23CC4CC(CC(C4)C2)C3)N5N=CC(=O)NC5=O,40.0,Zaraaa{aarA{~B}DAAstAAuAA{AA{Au}As}At}DvD~AA{~B}DAv~B
CHEMBL373351,1.38,CCc1nc2c(N)nc3ccccc3c2n1CC(C)(C)O,52.0,AAardasa{D}dataaaaatasdrAA{A}{A}B
CHEMBL2158772,2.54,Cc1ccccc1C[C@H](N2CCC(CN3CCC(CC3)Oc4ccc(Cl)c(Cl)c4)CC2)C(=O)O,32.666666666666664,AaraaaaarA{A*H}{DsAAA{ADtAAA{AAt}Bauaaa{Z}a{Z}au}AAs}A{~B}B
CHEMBL2152252,2.8,CNC(=O)c1nc(cnc1N)c2ccc(Cl)c(c2)S(=O)(=O)Nc3cccc(F)c3F,28.33333333333334,ADA{~B}arda{adarD}asaaa{Z}a{as}E{~B}{~B}Dataaaa{G}atG
CHEMBL90846,2.43,O=C(Nc1nccs1)c2ccccc2,34.49999999999999,B~A{Dardaasr}asaaaaas
CHEMBL2046684,3.64,Fc1ccc(cc1Cl)C(=O)Nc2ccc(Cl)nc2,14.33333333333333,Garaaa{aarZ}A{~B}Dasaaa{Z}das
CHEMBL377309,4.14,CC(C)CN1C(=O)N(C)C(=O)c2c(SC3CCCCC3)c(Cc4ccccc4C(F)(F)F)sc12,6.000000000000004,AA{A}ADrA{~B}D{A}A{~B}asa{EAtAAAAAt}a{AauaaaaauA{G}{G}G}sars
CHEMBL1809061,2.4,COc1cc(ccc1Nc2ncc(Cl)c(n2)c3cnc4ccccn34)N5CCNCC5,35.0,ABaraa{aaarDasdaa{Z}a{ds}atadauaaaadtu}DvAADAAv
CHEMBL1148,0.3,CC(C)NC(=O)NS(=O)(=O)c1cnccc1Nc2cccc(C)c2,70.0,AA{A}DA{~B}DE{~B}{~B}aradaaarDasaaaa{A}as
CHEMBL2059373,-0.98,OC(=O)c1cncc(c1)c2cnc3[nH]c(cc3c2n4ccc(n4)C(F)(F)F)C(=O)NC5CC5,91.33333333333333,BA{~B}aradaa{ar}asadat{dH}a{aatasduaaa{du}A{G}{G}G}A{~B}DAvAAv
CHEMBL444884,3.3,NC(=O)c1sc(cc1N)c2ccc(Cl)cc2,20.000000000000004,DA{~B}arsa{aarD}asaaa{Z}aas
CHEMBL1701081,2.81,CN1C(=O)N(Cc2ccc(Br)cc2)c3ccccc13,28.166666666666668,ADrA{~B}D{Aasaaa{X}aas}ataaaaart
CHEMBL2326478,3.3,Nc1nc2cc3CCN(Cc4cccc(F)c4)CCc3cc2s1,20.000000000000004,DardasaatAAD{Aauaaaa{G}au}AAataassr
CHEMBL1595582,4.05,COc1ccc(Cl)cc1C(=O)Nc2nc3ccccc3[nH]2,7.500000000000003,ABaraaa{Z}aarA{~B}Dasdataaaaat{dH}s
CHEMBL467148,2.64,CN1C(=O)N(CC2CC2)c3nn(Cc4ccnc5ccc(Cl)cc45)c(c3C1=O)c6nc(cn6C)S(=O)(=O)C,31.0,ADrA{~B}D{AAsAAs}atdd{Aauaadavaaa{Z}aauv}a{atAr~B}awda{adwA}E{~B}{~B}A
CHEMBL111732,2.59,CN(CCN(C)C(=O)CCOCCc1ccccc1)CCc2ccc(O)c3nc(O)sc23,31.833333333333332,AD{AAD{A}A{~B}AABAAaraaaaar}AAasaaa{B}atda{B}sast
CHEMBL387265,2.82,COc1cc2ncnc(Nc3cccc(Cl)c3F)c2cc1OC4CCN(CC4)S(=O)(=O)C,28.000000000000004,ABaraasdada{Dataaaa{Z}atG}asaarBAuAAD{AAu}E{~B}{~B}A
CHEMBL1643349,2.3,CC1(C)C(=O)Nc2ccccc12,36.66666666666667,AAr{A}A{~B}Dasaaaaars
CHEMBL1278,0.48,CNS(=O)(=O)CCc1ccc2[nH]cc(C3CCN(C)CC3)c2c1,66.99999999999999,ADE{~B}{~B}AAaraaas{dH}aa{AtAAD{A}AAt}asar
CHEMBL211677,2.88,Cc1ccc2c(c1)c(c(C)n2CC(=O)O)c3cc(C)nc4ccccc34,27.0,Aaraaasa{ar}a{a{A}dsAA{~B}B}ataa{A}dauaaaaatu
CHEMBL1271187,3.05,C1CN(CCO1)c2cc(Nc3nccc(Nc4cccc5[nH]ncc45)n3)cc(c2)N6CCOCC6,24.16666666666667,ArAD{AABr}asaa{Datdaaa{Dauaaaav{dH}daauv}dt}aa{as}DwAABAAw
CHEMBL471757,3.08,CC(C)(C)CNc1nc(nc(N2CCOCC2)c1N)C#N,23.666666666666668,AA{A}{A}ADarda{da{DsAABAAs}arD}A^D
CHEMBL1907830,2.4,O=C1Nc2ccc(cc2C1=O)S(=O)(=O)N3CCC[C@H]3CNc4ccccc4,35.0,B~ArDasaaa{aasAr~B}E{~B}{~B}DtAAA{A*H}tADauaaaaau
CHEMBL1545637,3.49,Fc1ccc(cc1)C(=O)N2CCC(CC2)C(=O)c3ccc(Cl)cc3,16.83333333333333,Garaaa{aar}A{~B}DsAAA{AAs}A{~B}ataaa{Z}aat
CHEMBL1689109,0.49,OC(=O)COc1ccc(Cl)cc1CN2CCN(CC2)S(=O)(=O)c3ccccc3,66.83333333333333,BA{~B}ABaraaa{Z}aarADsAAD{AAs}E{~B}{~B}ataaaaat
CHEMBL1333961,1.92,Nc1[nH]nc2cccc(Cl)c12,43.0,Dar{dH}dasaaaa{Z}ars
CHEMBL13817,1.4,CC(C)(N)C(=O)N[C@H](COCc1ccccc1)C(=O)N2CCC3(CC2)CN(c4ccccc34)S(=O)(=O)C,51.666666666666664,AA{A}{D}A{~B}D{A*H}{ABAaraaaaar}A{~B}DsAAAt{AAs}AD{auaaaaatu}E{~B}{~B}A
CHEMBL1672434,2.13,C[C@H]1C[C@H](CN1C#N)NS(=O)(=O)c2cc(Br)ccc2Br,39.5,A{A*H}rA{A*H}{ADrA^D}DE{~B}{~B}asaa{X}aaasX
CHEMBL212761,3.09,CC(C)(C)NC(=O)Nc1ccc(cc1)c2c(N)nc(N)nc2COCc3ccccc3,23.5,AA{A}{A}DA{~B}Daraaa{aar}asa{D}da{D}dasABAataaaaat
CHEMBL513370,2.36,COc1ccc(N(C(C(=O)NC[C@@H](C)O)c2ccccc2F)C(=O)c3ccoc3Cl)c(OC)c1,35.666666666666664,ABaraaa{D{A{A{~B}DA{A**H}{A}B}asaaaaasG}A{~B}ataabatZ}a{BA}ar
CHEMBL576257,2.51,C[C@H](Nc1nc(Nc2cc(C)[nH]n2)cnc1C#N)c3ccc(F)cn3,33.16666666666667,A{A*H}{Darda{Dasaa{A}{dH}ds}adarA^D}ataaa{G}adt
CHEMBL2062563,3.29,CC(=O)Nc1ccc2ccn(c3cc(NC4CC4)n5ncc(C#N)c5n3)c2c1,20.166666666666668,AA{~B}Daraaasaad{ataa{DAuAAu}dvdaa{A^D}avdt}asar
CHEMBL2087850,2.87,CCN1C(=O)N(CC2CC2)c3nn(Cc4ccnc5ccc(Cl)cc45)c(c6cncn6C)c3C1=O,27.166666666666668,AADrA{~B}D{AAsAAs}atdd{Aauaadavaaa{Z}aauv}a{awadadwA}atAr~B
CHEMBL1322675,1.69,CCCNC[C@H](O)COc1ccccc1C(=O)CCc2ccccc2,46.833333333333336,AAADA{A*H}{B}ABaraaaaarA{~B}AAasaaaaas
CHEMBL2323303,2.7,Fc1ccc(Oc2cc(F)c(cc2F)S(=O)(=O)Nc3ncc(Cl)s3)c(c1)c4cn[nH]c4,29.999999999999996,Garaaa{Basaa{G}a{aasG}E{~B}{~B}Datdaa{Z}st}a{ar}auad{dH}au
CHEMBL2179285,-0.25,CC1=CN([C@H]2CCCN(C2)[C@H](CC3CCOCC3)c4ccc(C(=O)O)c(Oc5cccc(Cl)c5)c4)C(=O)NC1=O,79.16666666666667,AAr~AD{{A*H}sAAAD{As}{A*H}{AAtAABAAt}auaaa{A{~B}B}a{Bavaaaa{Z}av}au}A{~B}DAr~B
CHEMBL1333251,2.77,CC(=O)Nc1nc(cs1)c2cccs2,28.833333333333332,AA{~B}Darda{asr}asaaass
CHEMBL27364,4.1,O=C1N(Cc2ccccc12)C3CCN(CCC(c4ccccc4)c5ccccc5)CC3,6.666666666666672,B~ArD{Aasaaaaars}AtAAD{AAA{auaaaaau}avaaaaav}AAt
CHEMBL2059374,-0.88,CCNC(=O)c1cc2c(c(cnc2[nH]1)c3cncc(c3)C(=O)O)n4nc(cc4C)C(F)(F)F,89.66666666666667,AADA{~B}araasa{a{adas{dH}r}atadaa{at}A{~B}B}duda{aauA}A{G}{G}G
CHEMBL2158839,2.58,OC(=O)[C@H](Cc1ccccc1F)N2CCC(CN3CCC(CC3)Oc4ccc(Cl)c(Cl)c4)CC2,32.0,BA{~B}{A*H}{AaraaaaarG}DsAAA{ADtAAA{AAt}Bauaaa{Z}a{Z}au}AAs
CHEMBL1549615,3.9,COc1cc2cc(nc(C)c2cc1OC)c3ccc(O)cc3O,10.000000000000002,ABaraasaa{da{A}asaarBA}ataaa{B}aatB
CHEMBL1716201,4.15,Cc1cc(NC(=O)Nc2ccc(Cl)cc2)n(n1)c3ccccc3,5.833333333333328,Aaraa{DA{~B}Dasaaa{Z}aas}d{dr}ataaaaat
CHEMBL335707,2.31,[O-][N+](=O)c1cccc(c1)c2ccc(OCC(CCc3ccc(cc3)C(=O)N4CCCC4)N5C(=O)CCCC5=O)cc2,36.5,{BM}{DP}{~B}araaaa{ar}asaaa{BAA{AAataaa{aat}A{~B}DuAAAAu}DvA{~B}AAAAv~B}aas
CHEMBL1777848,2.8,Oc1ccc(cc1)C2=Cc3cccc(O)c3OC2=O,28.33333333333334,Baraaa{aar}As~Aataaaa{B}atBAs~B
CHEMBL2158826,1.58,OC(=O)Cc1cccc(c1)N2CCC(CN3CCC(CC3)Oc4ccc(Cl)c(Cl)c4)CC2,48.666666666666664,BA{~B}Aaraaaa{ar}DsAAA{ADtAAA{AAt}Bauaaa{Z}a{Z}au}AAs
CHEMBL476993,2.19,CC(C)n1c(C)ncc1c2nc(Nc3ccc(cc3)N4CCN(CC4)C(=O)CO)ncc2F,38.5,AA{A}dra{A}daarasda{Dataaa{aat}DuAAD{AAu}A{~B}AB}daasG
CHEMBL1916084,0.8,Cc1ccc(cc1)S(=O)(=O)Nc2c(cnn2c3ccccc3)C(=O)NC4CCCCC4,61.666666666666664,Aaraaa{aar}E{~B}{~B}Dasa{addsataaaaat}A{~B}DAuAAAAAu
CHEMBL2087851,3.53,Cn1cncc1c2c3C(=O)N(C4CC4)C(=O)N(CC5CC5)c3nn2Cc6ccnc7ccc(Cl)cc67,16.166666666666668,AdradaarasatA{~B}D{AuAAu}A{~B}D{AAvAAv}atddsAawaadaxaaa{Z}aawx
CHEMBL2331748,1.6,CC1=CN([C@H]2CCCN(C2)S(=O)(=O)c3ccc(O)c(Oc4cccc(F)c4)c3)C(=O)NC1=O,48.333333333333336,AAr~AD{{A*H}sAAAD{As}E{~B}{~B}ataaa{B}a{Bauaaaa{G}au}at}A{~B}DAr~B
CHEMBL429330,2.49,CC(C)[C@H](NC(=O)CCc1ccccc1)C(=O)N2CCCC2,33.49999999999999,AA{A}{A*H}{DA{~B}AAaraaaaar}A{~B}DsAAAAs
CHEMBL1524929,3.61,COc1ccccc1C(=O)Nc2nc3ccccc3s2,14.833333333333336,ABaraaaaarA{~B}Dasdataaaaatss
CHEMBL1624252,3.34,COc1ccc(cc1)c2csc(n2)N(CCCN3CCOCC3)C(=O)c4occc4,19.333333333333336,ABaraaa{aar}asasa{ds}D{AAADtAABAAt}A{~B}aubaaau
CHEMBL252956,3.53,O=C1CCCc2nc(ccc12)C#Cc3ccccc3,16.166666666666668,B~ArAAAasda{aaars}A^Aataaaaat
CHEMBL530184,3.65,C(CCNc1cc(nc2ccccc12)c3ccccc3)CNc4cc(nc5ccccc45)c6ccccc6,14.16666666666667,A{AADaraa{dasaaaaars}ataaaaat}ADauaa{davaaaaauv}awaaaaaw
CHEMBL250687,3.99,CCCSc1nc(N[C@@H]2C[C@H]2c3ccccc3)c4nnn([C@@H]5C[C@H](CO)[C@@H](O)[C@H]5O)c4n1,8.499999999999996,AAAEarda{D{A**H}sA{A*H}sataaaaat}auddd{{A**H}vA{A*H}{AB}{A**H}{B}{A*H}vB}audr
CHEMBL1223952,1.19,NC(=O)c1cccc(C[C@H]2C[C@H]3CC[C@@H](C2)N3Cc4ccccc4)c1,55.166666666666664,DA{~B}araaaa{A{A*H}sA{A*H}tAA{A**H}{As}DtAauaaaaau}ar
CHEMBL1896037,3.41,OC(CN1CCCCC1)(C(=O)c2ccccc2)c3ccccc3,18.166666666666664,BA{ADrAAAAAr}{A{~B}asaaaaas}ataaaaat
CHEMBL1807824,0.86,CCc1ccc(CCNCCCSCCNC[C@H](O)c2ccc(O)c3NC(=O)Sc23)cc1,60.666666666666664,AAaraaa{AADAAAEAADA{A*H}{B}asaaa{B}atDA{~B}East}aar
CHEMBL2182002,2.6,CN1CCN(CC1)S(=O)(=O)c2ccc(c(C)c2)c3cnc(N)c(n3)C(=O)Nc4cccnc4,31.666666666666668,ADrAAD{AAr}E{~B}{~B}asaaa{a{A}as}atada{D}a{dt}A{~B}Dauaaadau
CHEMBL515311,2.15,C[C@H](O)C(=O)N1CCN(CC1)c2ccc(Nc3nccc(n3)c4cnc(C)n4C(C)C)cc2,39.166666666666664,A{A*H}{B}A{~B}DrAAD{AAr}asaaa{Datdaaa{dt}auada{A}duA{A}A}aas
CHEMBL1455,2.44,CN(C)c1nc(nc(n1)N(C)C)N(C)C,34.333333333333336,AD{A}arda{da{dr}D{A}A}D{A}A
CHEMBL2005730,3.2,COC(=O)c1ccc(NC(=O)c2cc(OC)c(OC)c(OC)c2)cc1,21.66666666666666,ABA{~B}araaa{DA{~B}asaa{BA}a{BA}a{BA}as}aar
CHEMBL1741132,1.35,OC1=NC(=O)CN1N=Cc2oc(cc2)c3ccc(cc3)[N+](=O)[O-],52.5,BAr~DA{~B}ADrD~Aasba{aas}ataaa{aat}{DP}{~B}{BM}
CHEMBL2325994,1.3,NC1(CCN(CC1)c2ncnc3[nH]ccc23)C(=O)NC(CCCN4CCCC4)c5ccc(Cl)cc5,53.333333333333336,DAr{AAD{AAr}asdadat{dH}aaast}A{~B}DA{AAADuAAAAu}avaaa{Z}aav
CHEMBL379738,1.86,O=C(CS(=O)(=O)c1ccccc1)c2ccccc2,43.99999999999999,B~A{AE{~B}{~B}araaaaar}asaaaaas
CHEMBL2171048,1.79,Cc1ccc(cc1)S(=O)(=O)NC(=O)N2CCC(CC2)N3CCC(CC3)Oc4ccc(Cl)cc4C,45.166666666666664,Aaraaa{aar}E{~B}{~B}DA{~B}DsAAA{AAs}DtAAA{AAt}Bauaaa{Z}aauA
CHEMBL341226,4.21,COc1cccc(NC(=O)CC23CC4CC(CC(C4)C2)C3)c1C,4.833333333333334,ABaraaaa{DA{~B}AAstAAuAA{AA{Au}As}At}arA
CHEMBL227897,2.5,O=C(Cc1ccccc1)Nc2nccs2,33.333333333333336,B~A{Aaraaaaar}Dasdaass
CHEMBL1956163,3.94,O=C(Nc1cccc2cccnc12)[C@@H]3CC[C@H](CC3)N4C(=O)[C@@H]5[C@@H]6CC[C@@H](C6)[C@@H]5C4=O,9.333333333333334,B~A{Daraaaasaaadars}{A**H}tAA{A*H}{AAt}DuA{~B}{A**H}v{A**H}wAA{A**H}{Aw}{A**H}vAu~B
CHEMBL1875368,3.9,O=C(Cc1cccc2ccccc12)Nc3ccccc3,10.000000000000002,B~A{Aaraaaasaaaaars}Dataaaaat
CHEMBL267936,-0.84,CNC1(C)C2CCC(C2)C1(C)C,89.0,ADAr{A}AsAAA{As}Ar{A}A
CHEMBL1422,0.31,N[C@@H](CC(=O)N1CCn2c(C1)nnc2C(F)(F)F)Cc3cc(F)c(F)cc3F,69.83333333333334,D{A**H}{AA{~B}DrAAdsa{Ar}ddasA{G}{G}G}Aataa{G}a{G}aatG
CHEMBL806,3.46,CC(C)C(=O)Nc1ccc(c(c1)C(F)(F)F)[N+](=O)[O-],17.333333333333332,AA{A}A{~B}Daraaa{a{ar}A{G}{G}G}{DP}{~B}{BM}
CHEMBL390191,1.73,C[C@H](CO)Nc1nc(SCc2csc(C)n2)nc3nc(N)sc13,46.166666666666664,A{A*H}{AB}Darda{EAasasa{A}ds}datda{D}sart
CHEMBL330366,3.23,COc1cc(cc(OC)c1OC)C(=O)N2CC[C@@](CCN3CCC(CC3)(C(=O)N)c4ccccc4)(C2)c5ccc(Cl)c(Cl)c5,21.166666666666668,ABaraa{aa{BA}arBA}A{~B}DsAA{A**}{AADtAAA{AAt}{A{~B}D}auaaaaau}{As}avaaa{Z}a{Z}av
CHEMBL404327,2.81,C[C@@H](Oc1cccc2ncnc(Nc3ccc4c(cnn4Cc5cscn5)c3)c12)C(=O)N6CCOCC6,28.166666666666668,A{A**H}{Baraaaasdada{Dataaaua{adduAavasadv}at}ars}A{~B}DwAABAAw
CHEMBL225510,0.54,O=S(=O)(Nc1cccnc1)c2cccs2,66.0,B~E{~B}{Daraaadar}asaaass
CHEMBL1707308,3.22,Brc1ccc(cc1)C(=O)Cn2cnc3ccccc23,21.333333333333332,Xaraaa{aar}A{~B}Adsadataaaaast
CHEMBL512901,4.09,CCCc1nc2c(N)nc3ccccc3c2s1,6.833333333333336,AAAardasa{D}dataaaaatassr
CHEMBL442956,0.78,OC(=O)C1Cc2c([nH]c3ccccc23)C(N1)c4ccccc4,62.0,BA{~B}ArAasa{{dH}ataaaaast}A{Dr}auaaaaau
CHEMBL1624560,2.36,COc1cc(CNc2nc3ccccc3[nH]2)cc(OC)c1OC,35.666666666666664,ABaraa{ADasdataaaaat{dH}s}aa{BA}arBA
CHEMBL31741,2.96,OC1=C(C(=O)Nc2cc(Cl)ccc12)c3cccc(Oc4ccccc4)c3,25.666666666666668,BAr~A{A{~B}Dasaa{Z}aaars}ataaaa{Bauaaaaau}at
CHEMBL1547746,4.2,CCn1c2ccccc2c3cc(NC(=O)C(C)C)ccc13,4.999999999999997,AAdrasaaaaasataa{DA{~B}A{A}A}aaart
CHEMBL181858,3.6,COc1ccc(CNC(=O)N(CC=C)C2CCN(CCC(c3ccccc3)c4ccccc4)CC2)cc1,14.999999999999998,ABaraaa{ADA{~B}D{AA~A}AsAAD{AAA{ataaaaat}auaaaaau}AAs}aar
CHEMBL1907763,2.9,COc1cc2c(Nc3ccc(Cl)cc3F)ncnc2cc1OC[C@@H]4CCCN(C)C4,26.666666666666668,ABaraasa{Dataaa{Z}aatG}dadasaarBA{A**H}uAAAD{A}Au
CHEMBL1762528,2.6,CN(c1cccc(CO)c1)c2ccnc(Nc3cc(cc(c3)N4CCOCC4)N5CCOCC5)n2,31.666666666666668,AD{araaaa{AB}ar}asaada{Dataa{aa{at}DuAABAAu}DvAABAAv}ds
CHEMBL402728,1.73,C[C@H](CO)Nc1nc(SCc2csc(C)n2)nc3NC(=O)Sc13,46.166666666666664,A{A*H}{AB}Darda{EAasasa{A}ds}datDA{~B}Eart
CHEMBL1760962,1.24,Cn1nnc(n1)c2ccc(cn2)c3ccc(cc3F)N4C[C@H](COc5ccon5)OC4=O,54.333333333333336,Adrdda{dr}asaaa{ads}ataaa{aatG}DuA{A*H}{ABavaabdv}BAu~B
CHEMBL1270569,2.83,CS(=O)(=O)c1cccc(Nc2nccc(Nc3cccc4OCOc34)n2)c1,27.833333333333332,AE{~B}{~B}araaaa{Dasdaaa{DataaaauBABatu}ds}ar
CHEMBL1288102,1.97,NC(=O)c1cnc(N[C@H]2CCCNC2)c3cc(sc13)c4ccc(F)cc4F,42.16666666666667,DA{~B}arada{D{A*H}sAAADAs}ataa{sart}auaaa{G}aauG
CHEMBL2017459,3.3,CCN(C(=O)c1oc(cc1)c2ccc(Cl)cc2)c3ccc(cc3)N4CCNCC4,20.000000000000004,AAD{A{~B}arba{aar}asaaa{Z}aas}ataaa{aat}DuAADAAu
CHEMBL1630130,2.9,O=C(CCN1CCCCC1)Nc2ccc(C3=CC=CN4C(=O)C=C(N=C34)N5CCOCC5)c6sc7ccccc7c26,26.666666666666668,B~A{AADrAAAAAr}Dasaaa{At~AA~ADuA{~B}A~A{D~Atu}DvAABAAv}awsaxaaaaaxasw
CHEMBL1560812,2.17,Cc1ccc(cc1)S(=O)(=O)N2CCN(CC2)C(=O)c3occc3,38.833333333333336,Aaraaa{aar}E{~B}{~B}DsAAD{AAs}A{~B}atbaaat
CHEMBL2086679,3.6,CC(C)(C)OC(=O)N1CCN(CC1)c2ncc(OCc3ccncc3F)cn2,14.999999999999998,AA{A}{A}BA{~B}DrAAD{AAr}asdaa{BAataadaatG}ads
CHEMBL1586839,3.7,Cc1ccc(CN2C(=O)CCSc3ccc(Cl)cc23)cc1,13.33333333333333,Aaraaa{ADsA{~B}AAEataaa{Z}aast}aar
CHEMBL13863,1.88,CC(C)C(NC(=O)CN1C(=O)c2nc(O)nc(O)c2C=C1c3ccccc3)C(=O)C(F)(F)F,43.666666666666664,AA{A}A{DA{~B}ADrA{~B}asda{B}da{B}asA~Arataaaaat}A{~B}A{G}{G}G
CHEMBL1223953,1.11,NC(=O)c1cccc(C[C@@H]2C[C@H]3CC[C@@H](C2)N3Cc4ccccc4)c1,56.49999999999999,DA{~B}araaaa{A{A**H}sA{A*H}tAA{A**H}{As}DtAauaaaaau}ar
CHEMBL375166,1.07,CC(C)CN1C(=O)N(C)C(=O)c2c1sc(Cc3c(C)n[nH]c3C)c2C(=O)N4C[C@H](O)CO4,57.166666666666664,AA{A}ADrA{~B}D{A}A{~B}asarsa{Aata{A}d{dH}atA}asA{~B}DuA{A*H}{B}ABu
CHEMBL1442709,3.29,O=C1N(C(=Nc2c1cnn2c3ccccc3)c4occc4)c5ccccc5,20.166666666666668,B~ArD{A{~Dasaraddsataaaaat}aubaaau}avaaaaav
CHEMBL2171020,3.51,Clc1ccc(OC2CCN(CC2)C3CCN(CC3)C(=O)C4=CNC(=O)c5ccccc45)cc1Cl,16.500000000000004,Zaraaa{BAsAAD{AAs}AtAAD{AAt}A{~B}Au~ADA{~B}avaaaaauv}aarZ
CHEMBL1824044,0.87,COc1ccc2OCC(=O)N(CCN3CCC(CC3)NCc4ccc5OCC(=O)Nc5n4)c2c1,60.5,ABaraaasBAA{~B}D{AADtAAA{AAt}DAauaaavBAA{~B}Davdu}asar
CHEMBL209522,2.37,Nc1ncnc2c1nc(Sc3nc4cccc(Cl)c4s3)n2CCO,35.5,Dardadasarda{Eatdauaaaa{Z}aust}dsAAB
CHEMBL184052,3.6,COc1cc2ncnc(Nc3cc(NC(=O)c4cccc(c4)N5CCOCC5)ccc3C)c2cc1OC,14.999999999999998,ABaraasdada{Dataa{DA{~B}auaaaa{au}DvAABAAv}aaatA}asaarBA
CHEMBL1448915,2.18,Cc1ccccc1C(=O)N2CCN(CC2)c3ccccn3,38.666666666666664,AaraaaaarA{~B}DsAAD{AAs}ataaaadt
CHEMBL2158779,2.6,OC(=O)[C@H](Cc1ccc(F)cc1)N2CCC(CN3CCC(CC3)Oc4ccc(Cl)cc4Cl)CC2,31.666666666666668,BA{~B}{A*H}{Aaraaa{G}aar}DsAAA{ADtAAA{AAt}Bauaaa{Z}aauZ}AAs
CHEMBL1779001,2.14,COc1ccc(c(OC)c1)c2cncc(CNC3CCCC3)n2,39.333333333333336,ABaraaa{a{BA}ar}asadaa{ADAtAAAAt}ds
CHEMBL250389,4.09,COC1CCN(CC1)C(=O)C2CCN(CCc3c([nH]c4sc(cc34)C(C)(C)C(=O)N5C6CCC5CC6)c7cc(C)cc(C)c7)CC2,6.833333333333336,ABArAAD{AAr}A{~B}AsAAD{AAata{{dH}ausa{aatu}A{A}{A}A{~B}DvAwAAAvAAw}axaa{A}aa{A}ax}AAs
CHEMBL2326690,1.94,C1NCC(CC=C1)c2oc3ccccc3c2,42.666666666666664,ArDAA{AA~Ar}asbataaaaatas
CHEMBL2208434,3.48,O[C@H](CNC(=O)C1=CC(=O)Nc2ccccc12)CN3CCC(CC3)Oc4ccc(Cl)c(Cl)c4,17.0,B{A*H}{ADA{~B}Ar~AA{~B}Dasaaaaars}ADtAAA{AAt}Bauaaa{Z}a{Z}au
CHEMBL11334,2.63,CC(C)C(NC(=O)CN1C(=O)C(=CN=C1C(C)C)NC(=O)OCc2ccccc2)C(=O)C(F)(F)F,31.166666666666668,AA{A}A{DA{~B}ADrA{~B}A{~AD~ArA{A}A}DA{~B}BAasaaaaas}A{~B}A{G}{G}G
CHEMBL1939743,2.35,CCN(CC)C(=O)c1ccc(cc1)[C@@H](N2CCN(CCOC)CC2)c3cccc(NC(=O)C4CC4)c3,35.833333333333336,AAD{AA}A{~B}araaa{aar}{A**H}{DsAAD{AABA}AAs}ataaaa{DA{~B}AuAAu}at
CHEMBL71044,1.9,CN(C)CCCNS(=O)(=O)c1ccc(Nc2nccc(n2)c3cnc4ccccn34)cc1,43.333333333333336,AD{A}AAADE{~B}{~B}araaa{Dasdaaa{ds}atadauaaaadtu}aar
CHEMBL1600648,0.16,Cc1nc2ncnn2c(O)c1CCOC(=O)c3c(F)cccc3F,72.33333333333333,Aardasdaddsa{B}arAABA{~B}ata{G}aaaatG
CHEMBL384304,2.08,COc1ccc(F)c(F)c1C(=O)c2cnc(NC3CCN(CC3)S(=O)(=O)C)nc2N,40.333333333333336,ABaraaa{G}a{G}arA{~B}asada{DAtAAD{AAt}E{~B}{~B}A}dasD
CHEMBL1224065,1.01,NC(=O)c1cccc(N[C@H]2C[C@H]3CC[C@@H](C2)N3Cc4ccccc4)c1,58.166666666666664,DA{~B}araaaa{D{A*H}sA{A*H}tAA{A**H}{As}DtAauaaaaau}ar
CHEMBL1526499,4.0,Clc1ccc(cc1)c2cn3ccccc3n2,8.333333333333334,Zaraaa{aar}asadtaaaaatds
CHEMBL1095,1.0,CCN1C(=O)NC(C1=O)c2ccccc2,58.333333333333336,AADrA{~B}DA{Ar~B}asaaaaas
CHEMBL185315,1.8,CN1CCC(CC1)Oc2nccc(Nc3cc(NC(=O)c4ccnc(c4)N5CCOCC5)ccc3C)n2,45.0,ADrAAA{AAr}Basdaaa{Dataa{DA{~B}auaada{au}DvAABAAv}aaatA}ds
CHEMBL380936,3.69,Nc1nc(NCc2ccccc2)nc3c1nc(O)n3Cc4ccccc4,13.5,Darda{DAasaaaaas}datarda{B}dtAauaaaaau
CHEMBL1951912,1.44,CCN(C1CCN(CC[C@H](C2CCN(CC2)S(=O)(=O)C)c3cccc(F)c3)CC1)C(=O)Cc4ccc(cc4)S(=O)(=O)C,51.0,AAD{ArAAD{AA{A*H}{AsAAD{AAs}E{~B}{~B}A}ataaaa{G}at}AAr}A{~B}Aauaaa{aau}E{~B}{~B}A
CHEMBL2178946,1.7,Cc1nc(C)c(nc1C(=O)N)c2ccc([C@@H]3CC[C@H](CC(=O)O)CC3)c(Cl)c2,46.666666666666664,Aarda{A}a{darA{~B}D}asaaa{{A**H}tAA{A*H}{AA{~B}B}AAt}a{Z}as
CHEMBL27006,3.6,FC(F)(F)c1cc(CO[C@H]2CCCN[C@H]2c3ccccc3)cc(c1)C(F)(F)F,14.999999999999998,GA{G}{G}araa{AB{A*H}sAAAD{A*H}sataaaaat}aa{ar}A{G}{G}G
CHEMBL423026,2.47,CN(CCOc1ccc(C[C@H](Nc2ccccc2C(=O)c3ccccc3)C(=O)O)cc1)c4oc5ccccc5n4,33.83333333333333,AD{AABaraaa{A{A*H}{DasaaaaasA{~B}ataaaaat}A{~B}B}aar}aubavaaaaavdu
CHEMBL1164070,3.4,Cc1cccc(c1)C(=O)N2CCC(CC2)C(=O)c3ccc(F)cc3,18.333333333333336,Aaraaaa{ar}A{~B}DsAAA{AAs}A{~B}ataaa{G}aat
CHEMBL2321999,1.95,Clc1ccc(cc1Cl)[C@@H]2CNCC=CC2,42.49999999999999,Zaraaa{aarZ}{A**H}sADAA~AAs
CHEMBL226959,1.17,COC(=O)c1ccc(CN2NC(=O)C3=C(C2=O)C(=O)c4ccc(Cl)cc4N3)cc1,55.5,ABA{~B}araaa{ADsDA{~B}At~A{As~B}A{~B}auaaa{Z}aauDt}aar
CHEMBL1528704,1.25,CCN(CC)c1ncnc2c1ncn2Cc3c(Cl)cccc3Cl,54.166666666666664,AAD{AA}ardadasardadsAata{Z}aaaatZ
CHEMBL1809058,2.3,COc1cc(ccc1Nc2ncc(Cl)c(n2)c3cnc4ccccn34)N5CC6CNCC(C5)O6,36.66666666666667,ABaraa{aaarDasdaa{Z}a{ds}atadauaaaadtu}DvAAwADAA{Av}Bw
CHEMBL171951,-0.4,CCCS(=O)(=O)N1N=Cc2cc(Cl)ccc2B1O,81.66666666666667,AAAE{~B}{~B}DrD~Aasaa{Z}aaasBrB
CHEMBL1240590,2.99,CNc1ccc2ncc(c3cccc(O)c3)n2n1,25.16666666666666,ADaraaasdaa{ataaaa{B}at}dsdr
CHEMBL398149,2.1,CC(=O)Nc1cccc(Nc2nc(NC3CC3)n4ncc(C#N)c4n2)c1,40.0,AA{~B}Daraaaa{Dasda{DAtAAt}dudaa{A^D}auds}ar
CHEMBL521815,1.03,CN1CCN(CC1)C(=O)c2cc(CC3=NNC(=O)c4ccccc34)ccc2F,57.833333333333336,ADrAAD{AAr}A{~B}asaa{AAt~DDA{~B}auaaaaatu}aaasG
CHEMBL271703,2.89,C[C@H](CO)Nc1nc(SCc2cccc(F)c2F)nc3nc(N)cnc13,26.833333333333332,A{A*H}{AB}Darda{EAasaaaa{G}asG}datda{D}adart
CHEMBL259084,2.58,OC(=O)c1ccc(Nc2ncc3CN=C(c4cc(Cl)ccc4c3n2)c5c(F)cccc5F)cc1,32.0,BA{~B}araaa{DasdaatAD~A{auaa{Z}aaauatds}ava{G}aaaavG}aar
CHEMBL1643194,2.62,Cc1cc(CN2Cc3ccccc3C2C(=O)Nc4ccc(Cl)cc4Cl)ccc1OCC(=O)O,31.333333333333332,Aaraa{ADsAataaaaatAsA{~B}Dauaaa{Z}aauZ}aaarBAA{~B}B
CHEMBL78535,2.14,CCO\N=C(\C1CCN(CC1)C2(C)CCN(CC2)C(=O)c3c(C)cc[n+]([O-])c3C)/c4ccc(Br)cc4,39.333333333333336,AABRD~A{RArAAD{AAr}As{A}AAD{AAs}A{~B}ata{A}aa{dP}{{BM}}atA}Lauaaa{X}aau
CHEMBL13923,1.74,CC(C)C(NC(=O)CN1C(=O)C(=CC=C1c2ccccc2)N)C(=O)C(F)(F)F,46.0,AA{A}A{DA{~B}ADrA{~B}A{~AA~Arasaaaaas}D}A{~B}A{G}{G}G
CHEMBL397983,3.7,CCOc1ccc(cc1)N2C(=O)c3cccnc3N=C2[C@@H](C)N(Cc4cccnc4)C(=O)Cc5ccc(OC(F)(F)F)cc5,13.33333333333333,AABaraaa{aar}DsA{~B}ataaadatD~As{A**H}{A}D{Aauaaadau}A{~B}Aavaaa{BA{G}{G}G}aav
CHEMBL2335908,3.11,COc1cc2nc(Nc3ccc(cc3)[C@@H](C)NC(=O)C)ncc2cc1c4ccncc4,23.166666666666668,ABaraasda{Dataaa{aat}{A**H}{A}DA{~B}A}daasaarauaadaau
CHEMBL517534,2.55,O=C(Nc1nccs1)[C@H](CC2CCOCC2)c3ccc(cc3)S(=O)(=O)C4CC4,32.50000000000001,B~A{Dardaasr}{A*H}{AAsAABAAs}ataaa{aat}E{~B}{~B}AuAAu
CHEMBL1401353,3.0,Cc1cccc(NS(=O)(=O)c2cccc3nonc23)c1,25.0,Aaraaaa{DE{~B}{~B}asaaaatdbdast}ar
CHEMBL1683032,3.02,CCOc1cc2nnc(C(=O)N)c(Nc3cc(C)ccc3F)c2cc1N4CCN(C)CC4,24.666666666666668,AABaraasdda{A{~B}D}a{Dataa{A}aaatG}asaarDuAAD{A}AAu
CHEMBL1731705,3.96,O=S(=O)(Nc1ccccc1c2ccccc2)c3ccccc3,9.0,B~E{~B}{Daraaaaarasaaaaas}ataaaaat
CHEMBL70972,2.48,CC1=C(C)C(=O)C(=C(C)C1=O)C(CCCCCC(=O)O)c2ccccc2,33.666666666666664,AAr~A{A}A{~B}A{~A{A}Ar~B}A{AAAAAA{~B}B}asaaaaas
CHEMBL2207664,3.14,Cc1c(Cl)ccc(OC2CCN(C[C@H](O)CNC(=O)C3=CNC(=O)C=C3C(F)(F)F)CC2)c1Cl,22.666666666666668,Aara{Z}aaa{BAsAAD{A{A*H}{B}ADA{~B}At~ADA{~B}A~AtA{G}{G}G}AAs}arZ
CHEMBL2057336,2.47,Cc1ccc(cc1NC(=O)c2ccc(OCc3ccccn3)cc2)c4ccc(N)nn4,33.83333333333333,Aaraaa{aarDA{~B}asaaa{BAataaaadt}aas}auaaa{D}ddu
CHEMBL1682962,3.07,CC[C@H](NC(=O)c1c([S+](C)[O-])c(nc2cc(Cl)ccc12)c3ccccc3)c4ccccc4,23.83333333333334,AA{A*H}{DA{~B}ara{{EP}{A}{BM}}a{dasaa{Z}aaars}ataaaaat}auaaaaau
CHEMBL554332,3.04,Fc1ccc(cc1)C(NC(=O)CC2CCN(Cc3ccn(c3)c4ccc(cc4)C(F)(F)F)CC2)C5=CNC(=O)C=C5,24.333333333333332,Garaaa{aar}A{DA{~B}AAsAAD{Aataad{at}auaaa{aau}A{G}{G}G}AAs}Av~ADA{~B}A~Av
CHEMBL1778639,-0.45,CCS(=O)(=O)c1ccc(c(C)c1)c2cc(ccc2OCC(=O)O)C(F)(F)F,82.5,AAE{~B}{~B}araaa{a{A}ar}asaa{aaasBAA{~B}B}A{G}{G}G
CHEMBL226804,2.1,CC(N1NC(=O)C2=C(C1=O)C(=O)c3ccc(Cl)cc3N2)c4oc5ccccc5c4,40.0,AA{DrDA{~B}As~A{Ar~B}A{~B}ataaa{Z}aatDs}aubavaaaaavau
CHEMBL2088098,1.86,Cc1cc(CNc2nccc(Nc3cc(C)[nH]n3)n2)on1,43.99999999999999,Aaraa{ADasdaaa{Dataa{A}{dH}dt}ds}bdr
CHEMBL51257,2.81,CCCC(=O)Nc1ccc2c3ccccc3C(=O)C(=O)c2c1,28.166666666666668,AAAA{~B}DaraaasataaaaatA{~B}A{~B}asar
CHEMBL787,3.45,CC(C)(O)c1ccccc1CC[C@@H](SCC2(CC(=O)O)CC2)c3cccc(\C=C\c4ccc5ccc(Cl)cc5n4)c3,17.499999999999996,AA{A}{B}araaaaarAA{A**H}{EAAs{AA{~B}B}AAs}ataaaa{RA~ARauaaavaaa{Z}aavdu}at
CHEMBL101253,3.7,Clc1ccc(Nc2nnc(Cc3ccncc3)c4ccccc24)cc1,13.33333333333333,Zaraaa{Dasdda{Aataadaat}auaaaaasu}aar
CHEMBL1043,0.88,Nc1ccc(cc1)S(=O)(=O)c2ccc(N)cc2,60.333333333333336,Daraaa{aar}E{~B}{~B}asaaa{D}aas
CHEMBL1294,2.21,COc1ccc2nccc([C@H](O)[C@H]3C[C@@H]4CCN3C[C@@H]4C=C)c2c1,38.166666666666664,ABaraaasdaaa{{A*H}{B}{A*H}tA{A**H}uAADtA{A**H}uA~A}asar
CHEMBL2178941,1.6,Cc1nc(C)c(nc1C(=O)N)c2ccc(cc2)[C@@H]3CC[C@@H](CCC(=O)O)CC3,48.333333333333336,Aarda{A}a{darA{~B}D}asaaa{aas}{A**H}tAA{A**H}{AAA{~B}B}AAt
CHEMBL347645,0.3,NC(=O)Cc1ccccc1,70.0,DA{~B}Aaraaaaar
CHEMBL1981679,0.64,CC(=O)O[C@H]1CC[C@]2(C=O)[C@H]3CC[C@]4(C)[C@H](CC[C@]4(O)[C@@H]3CC[C@]2(O)C1)C5=CC(=O)OC5,64.33333333333333,AA{~B}B{A*H}rAA{A*}s{A~B}{A*H}tAA{A*}u{A}{A*H}{AA{A*}u{B}{A**H}tAA{A*}s{B}Ar}Av~AA{~B}BAv
CHEMBL207584,3.58,COc1cc2ncnc(Nc3cccc(Cl)c3F)c2cc1CN4CCC[C@H]4C(=O)N,15.333333333333334,ABaraasdada{Dataaaa{Z}atG}asaarADuAAA{A*H}uA{~B}D
CHEMBL92401,0.33,CC(C)NNC(=O)c1ccncc1,69.5,AA{A}DDA{~B}araadaar
CHEMBL404609,2.42,NC(=O)Nc1sc(cc1C(=O)N)c2ccccc2,34.666666666666664,DA{~B}Darsa{aarA{~B}D}asaaaaas
CHEMBL1625467,3.22,Nc1ccc(N=Nc2ccccc2)c(N)n1,21.333333333333332,Daraaa{D~Dasaaaaas}a{D}dr
CHEMBL2158466,3.27,CCCSc1nc(NC)ccc1C(=O)N[C@@H]2C3CC4CC2C[C@@](O)(C4)C3,20.5,AAAEarda{DA}aaarA{~B}D{A**H}sAtAAuAAsA{A**}{B}{Au}At
CHEMBL186513,3.6,Oc1ccc(cc1)c2oc3c(cc(O)cc3n2)C#N,14.999999999999998,Baraaa{aar}asbata{aa{B}aatds}A^D
CHEMBL2031157,0.27,OC(=O)[C@H](Cc1ccc(cc1)C#CCCNc2ccccn2)NC(=O)c3c(Cl)cccc3Cl,70.50000000000001,BA{~B}{A*H}{Aaraaa{aar}A^AAADasaaaads}DA{~B}ata{Z}aaaatZ
CHEMBL1682823,3.3,O=C1CCOc2nc(ccc12)C#CC3CCCCC3,20.000000000000004,B~ArAABasda{aaars}A^AAtAAAAAt
CHEMBL1319232,2.1,Cc1ccc(cc1)N2NC(=O)c3cccnc23,40.0,Aaraaa{aar}DsDA{~B}ataaadast
CHEMBL36994,0.93,COc1ccc(cc1)C(=O)N2CCCC2=O,59.5,ABaraaa{aar}A{~B}DsAAAAs~B
CHEMBL1173055,1.17,CNCc1ccc(cc1)c2[nH]c3cc(F)cc4C(=O)NCCc2c34,55.5,ADAaraaa{aar}as{dH}ataa{G}aauA{~B}DAAasatu
CHEMBL573214,1.41,Oc1ccc2C[C@H]3N(CC4CC4)CC[C@@]56[C@@H](Oc1c25)c7[nH]c8[C@@H]9Oc%10c(O)ccc%11C[C@H]%12N(CC%13CC%13)CC[C@@]9(c%10%11)[C@@]%12(O)Cc8c7C[C@@]36O,51.5,BaraaasA{A*H}tD{AAuAAu}AA{A**}vw{A**H}{Barasv}ax{dH}ay{A**H}zBa&rqa{B}aaa&rrA{A*H}&rsD{AA&rtAA&rt}AA{A**}z{a&rq&rr}{A**}&rs{B}AayaxA{A**}twB
CHEMBL246533,2.5,Clc1cccc2[nH]ncc12,33.333333333333336,Zaraaaas{dH}daars
CHEMBL38182,1.64,Brc1ccccc1NC(=O)Nc2ccc(C#N)c3[nH]nnc23,47.66666666666668,XaraaaaarDA{~B}Dasaaa{A^D}at{dH}ddast
CHEMBL1548889,1.97,Nc1ccc(Cl)c(c1)c2oc3cccnc3n2,42.16666666666667,Daraaa{Z}a{ar}asbataaadatds
CHEMBL232656,1.91,C[C@@H]1CN(Cc2ccc(F)cc2)CCN1C(=O)COc3ccc(Cl)cc3NC(=O)N,43.166666666666664,A{A**H}rAD{Aasaaa{G}aas}AADrA{~B}ABataaa{Z}aatDA{~B}D
CHEMBL182266,2.8,CN(C1CCN(CCC(c2ccccc2)c3ccccc3)CC1)C(=O)c4ccncc4,28.33333333333334,AD{ArAAD{AAA{asaaaaas}ataaaaat}AAr}A{~B}auaadaau
CHEMBL444194,3.62,CC(C)n1c(C)ncc1c2ccnc(Nc3ccc(cc3)C#N)n2,14.666666666666664,AA{A}dra{A}daarasaada{Dataaa{aat}A^D}ds
CHEMBL551984,2.39,O[C@@H]1CCN(C1)c2ccc3c(NC(=O)CNc4cccc(c4)C#N)c(Cl)ccc3n2,35.166666666666664,B{A**H}rAAD{Ar}asaaata{DA{~B}ADauaaaa{au}A^D}a{Z}aaatds
CHEMBL2071097,1.42,O=C(NC1(CC1)C#N)[C@@H]2CCCC[C@H]2C(=O)N3CCN(CC3)c4nc5CCOCc5s4,51.333333333333336,B~A{DAr{AAr}A^D}{A**H}sAAAA{A*H}sA{~B}DtAAD{AAt}audavAABAavsu
CHEMBL523058,2.55,Fc1ccc(CC2=NNC(=O)c3ccccc23)cc1C(=O)N4CCN(CC4)c5ccccn5,32.50000000000001,Garaaa{AAs~DDA{~B}ataaaaast}aarA{~B}DuAAD{AAu}avaaaadv
CHEMBL1201295,3.57,Cc1ccc(cc1)C(=O)Oc2ccc(cc2OC(=O)c3ccc(C)cc3)C(O)CNC(C)(C)C,15.500000000000002,Aaraaa{aar}A{~B}Basaaa{aasBA{~B}ataaa{A}aat}A{B}ADA{A}{A}A
CHEMBL413742,3.66,CCCCC(CC)CNC(=O)c1ccc2c(c1)c(Cc3ccc(cc3OC)C(=O)NS(=O)(=O)c4ccccc4C)cn2C,13.999999999999998,AAAAA{AA}ADA{~B}araaasa{ar}a{Aataaa{aatBA}A{~B}DE{~B}{~B}auaaaaauA}adsA
CHEMBL198150,1.73,CCN(C1CCN(CCC(c2ccccc2)c3ccc(cc3)S(=O)(=O)C)CC1)C(=O)Cc4ccc(cc4)S(=O)(=O)C,46.166666666666664,AAD{ArAAD{AAA{asaaaaas}ataaa{aat}E{~B}{~B}A}AAr}A{~B}Aauaaa{aau}E{~B}{~B}A
CHEMBL1934419,0.25,C[C@H](NC(=O)c1c(C)nn(C2CCS(=O)(=O)CC2)c1NS(=O)(=O)c3ccc(C)cc3)C(C)(C)C,70.83333333333333,A{A*H}{DA{~B}ara{A}dd{AsAAE{~B}{~B}AAs}arDE{~B}{~B}ataaa{A}aat}A{A}{A}A
CHEMBL210884,2.26,COCCOc1nc(N)c2NC(=O)N(Cc3ccccc3)c2n1,37.333333333333336,ABAABarda{D}asDA{~B}D{Aataaaaat}asdr
CHEMBL1762548,3.9,CC(C)N(c1ccnc(Nc2cc(cc(c2)N3CCOCC3)N4CCOCC4)n1)c5cc(CO)ccc5C,10.000000000000002,AA{A}D{araada{Dasaa{aa{as}DtAABAAt}DuAABAAu}dr}avaa{AB}aaavA
CHEMBL1631095,3.4,NC(=O)c1cc(C(=O)N)n(n1)c2cccc(c2)c3cc(ccc3C(F)(F)F)C(F)(F)F,18.333333333333336,DA{~B}araa{A{~B}D}d{dr}asaaaa{as}ataa{aaatA{G}{G}G}A{G}{G}G
CHEMBL498404,2.28,CS(=O)(=O)Nc1cc(Nc2nccc(Nc3c(Cl)ccc4OCOc34)n2)cc(c1)C(=O)N,37.00000000000001,AE{~B}{~B}Daraa{Dasdaaa{Data{Z}aaauBABatu}ds}aa{ar}A{~B}D
CHEMBL2031561,0.8,Oc1cc(cc(c1)C(F)(F)F)C(=O)Nc2cccc(c2)c3nnn[nH]3,61.666666666666664,Baraa{aa{ar}A{G}{G}G}A{~B}Dasaaaa{as}atddd{dH}t
CHEMBL2089275,0.7,N#Cc1cccc(c1)c2cccc(c2)c3nn[nH]n3,63.333333333333336,D^Aaraaaa{ar}asaaaa{as}atdd{dH}dt
CHEMBL605846,0.79,COc1ccc(CC(C)(C)NC[C@H](O)c2cc(O)cc3NC(=O)COc23)cc1,61.833333333333336,ABaraaa{AA{A}{A}DA{A*H}{B}asaa{B}aatDA{~B}ABast}aar
CHEMBL2035029,2.2,NC1(CCC1)c2ccc(cc2)c3ncc4cnccc4c3c5ccccc5,38.33333333333333,DAr{AAAr}asaaa{aas}atdaauadaaauatavaaaaav
CHEMBL1398535,1.7,Fc1ccccc1C(=O)Nc2c(cnn2c3ccccc3)C#N,46.666666666666664,GaraaaaarA{~B}Dasa{addsataaaaat}A^D
CHEMBL424414,1.9,CC1=CC(=O)Nc2ccccc12,43.333333333333336,AAr~AA{~B}Dasaaaaars
CHEMBL402501,2.4,C[C@H](Cc1cccc(CC(=O)NC23CC4CC(CC(C4)C2)C3)c1)NC[C@H](O)c5ccc(O)c(CO)c5,35.0,A{A*H}{Aaraaaa{AA{~B}DAstAAuAA{AA{Au}As}At}ar}DA{A*H}{B}avaaa{B}a{AB}av
CHEMBL100913,0.95,Oc1ccc(cc1)c2ccc(cc2)C3(O)CN4CCC3CC4,59.166666666666664,Baraaa{aar}asaaa{aas}At{B}ADuAAAtAAu
CHEMBL1598315,1.23,CNC(=O)c1snnc1c2ccccc2,54.5,ADA{~B}arsddarasaaaaas
CHEMBL226780,1.77,CC(C)(C)NC(=O)Nc1cccc(CN2NC(=O)C3=C(C2=O)C(=O)c4ccc(Cl)cc4N3)c1,45.5,AA{A}{A}DA{~B}Daraaaa{ADsDA{~B}At~A{As~B}A{~B}auaaa{Z}aauDt}ar
CHEMBL587004,2.91,CN1CCN(CC1)c2nc(NCCNc3ccc(cc3)[N+](=O)[O-])c4ccccc4n2,26.5,ADrAAD{AAr}asda{DAADataaa{aat}{DP}{~B}{BM}}auaaaaauds
CHEMBL2023265,-0.2,OC(=O)CSCC(=O)Nc1nc(cs1)c2ccc(F)cc2,78.33333333333333,BA{~B}AEAA{~B}Darda{asr}asaaa{G}aas
CHEMBL2030813,-0.48,OC(=O)[C@H](Cc1ccc(OCCNc2ccccn2)cc1)NC(=O)c3c(Cl)cccc3Cl,83.00000000000001,BA{~B}{A*H}{Aaraaa{BAADasaaaads}aar}DA{~B}ata{Z}aaaatZ
CHEMBL2086658,2.8,CC(C)(C)OC(=O)N1CCC(CC1)c2ncc(OCc3ccc(cc3)S(=O)(=O)C)cn2,28.33333333333334,AA{A}{A}BA{~B}DrAAA{AAr}asdaa{BAataaa{aat}E{~B}{~B}A}ads
CHEMBL1221510,3.0,CC(C)CN1C(=O)NC(=O)c2c1sc(Cc3ccccc3C(F)(F)F)c2C(=O)N4CCC4,25.0,AA{A}ADrA{~B}DA{~B}asarsa{AataaaaatA{G}{G}G}asA{~B}DuAAAu
CHEMBL2069623,3.17,Nc1ncnc2c1c(COc3cccc(Cl)c3)nn2C4CCOCC4,22.166666666666668,Dardadasara{ABataaaa{Z}at}ddsAuAABAAu
CHEMBL53966,3.21,O=C(COCc1ccccc1)Nc2ccc3c(c2)C(=O)C(=O)c4ccccc34,21.5,B~A{ABAaraaaaar}Dasaaata{as}A{~B}A{~B}auaaaaatu
CHEMBL2062578,3.09,OCc1ccc2ccn(c3cc(NC4CC4)n5ncc(C#N)c5n3)c2c1,23.5,BAaraaasaad{ataa{DAuAAu}dvdaa{A^D}avdt}asar
CHEMBL128,-0.96,CNS(=O)(=O)Cc1ccc2[nH]cc(CCN(C)C)c2c1,91.0,ADE{~B}{~B}Aaraaas{dH}aa{AAD{A}A}asar
CHEMBL2035032,2.9,NC1(CCC1)c2ccc(cc2)c3c(ccc4ccnn34)c5ccccc5,26.666666666666668,DAr{AAAr}asaaa{aas}ata{aaauaaddtu}avaaaaav
CHEMBL2010836,3.0,CN(C1CCN(Cc2ccc(cc2)C(F)(F)F)CC1)C(=O)Cc3ccc(cc3)n4cnnn4,25.0,AD{ArAAD{Aasaaa{aas}A{G}{G}G}AAr}A{~B}Aataaa{aat}duadddu
CHEMBL1829422,1.37,CCC(N(CCCN)C(=O)c1ccc(C)cc1)C2=Nc3ccoc3C(=O)N2Cc4ccccc4,52.166666666666664,AAA{D{AAAD}A{~B}araaa{A}aar}As~DataabatA{~B}DsAauaaaaau
CHEMBL513412,2.04,COc1ccc(N(C(C(=O)NC[C@@H](C)O)c2ccccc2F)C(=O)c3occc3C)c(OC)c1,41.0,ABaraaa{D{A{A{~B}DA{A**H}{A}B}asaaaaasG}A{~B}atbaaatA}a{BA}ar
CHEMBL167471,2.95,CCCc1c(O)c(ccc1OCc2cccc(NC(=O)Cc3ccccc3C(=O)O)c2)C(=O)C,25.83333333333333,AAAara{B}a{aaarBAasaaaa{DA{~B}AataaaaatA{~B}B}as}A{~B}A
CHEMBL1766082,3.1,CC(C)OC(=O)N1CC2COCC(C1)C2Oc3ncnc(Oc4cccnc4C)c3C,23.333333333333332,AA{A}BA{~B}DrAAsABAA{Ar}AsBatdada{BauaaadauA}atA
CHEMBL404057,3.15,C[C@H](CO)Nc1nc(SCc2cccc(F)c2F)nc3nccnc13,22.5,A{A*H}{AB}Darda{EAasaaaa{G}asG}datdaadart
CHEMBL2035040,1.3,NC(=O)c1cnc(c2ccc(cc2)C3(N)CCC3)c(c1)c4ccccc4,53.333333333333336,DA{~B}arada{asaaa{aas}At{D}AAAt}a{ar}auaaaaau
CHEMBL402986,2.86,C[C@H](CO)Nc1nc(SCc2ccccc2)nc3NC(=O)Sc13,27.333333333333332,A{A*H}{AB}Darda{EAasaaaaas}datDA{~B}Eart
CHEMBL1789186,0.77,NCC[C@@H](Oc1cc(Cl)c(F)cc1C#N)c2ccccc2,62.166666666666664,DAA{A**H}{Baraa{Z}a{G}aarA^D}asaaaaas
CHEMBL1762543,3.7,CN(c1ccnc(Nc2cc(OC3CCOCC3)cc(c2)N4CCOCC4)n1)c5cc(CO)ccc5C,13.33333333333333,AD{araada{Dasaa{BAtAABAAt}aa{as}DuAABAAu}dr}avaa{AB}aaavA
CHEMBL380947,3.37,CC(C)(CO)Nc1nc(SCc2cccc(F)c2F)nc3nc(N)sc13,18.833333333333332,AA{A}{AB}Darda{EAasaaaa{G}asG}datda{D}sart
CHEMBL117,3.83,Oc1cc(O)c2C(=O)C=C(Oc2c1)c3ccccc3,11.166666666666666,Baraa{B}asA{~B}A~A{Basar}ataaaaat
CHEMBL2057371,1.37,CC(C)(C)NS(=O)(=O)c1cncc(c1)c2ccc3nc(NC(=O)NCC(=O)N4CCCC4)nn3c2,52.166666666666664,AA{A}{A}DE{~B}{~B}aradaa{ar}asaaatda{DA{~B}DAA{~B}DuAAAAu}ddtas
CHEMBL377136,2.2,O=C(Nc1ccccn1)c2ccccc2,38.33333333333333,B~A{Daraaaadr}asaaaaas
CHEMBL361546,1.44,ON1C(=O)N(CC2COc3ccccc3O2)c4ccsc4C1=O,51.0,BDrA{~B}D{AAsABataaaaatBs}auaasauAr~B
CHEMBL1644331,3.92,S(c1ccccc1)c2ccc3ccccc3n2,9.666666666666668,E{araaaaar}asaaataaaaatds
CHEMBL2031559,1.1,FC(F)(F)c1cc(C(=O)Nc2cccc(c2)c3nnn[nH]3)c4nc[nH]c4c1,56.666666666666664,GA{G}{G}araa{A{~B}Dasaaaa{as}atddd{dH}t}auda{dH}auar
CHEMBL1778369,1.69,COC[C@H](C)Oc1cc(Oc2ccc(Cl)cc2)cc(c1)C(=O)Nc3ccc(cn3)C(=O)O,46.833333333333336,ABA{A*H}{A}Baraa{Basaaa{Z}aas}aa{ar}A{~B}Dataaa{adt}A{~B}B
CHEMBL2172007,2.35,C[C@@H]1CN(CCN1C(=O)[C@@H]2CCCC[C@H]2C(=O)NC3(CC3)C#N)c4ccccc4,35.833333333333336,A{A**H}rAD{AADrA{~B}{A**H}sAAAA{A*H}sA{~B}DAt{AAt}A^D}auaaaaau
CHEMBL2164748,0.9,COc1ccc2N=CC(=O)N(CCN3CC[C@@H](NCc4cc5OCCOc5cn4)[C@H](O)C3)c2c1,60.0,ABaraaasD~AA{~B}D{AADtAA{A**H}{DAauaavBAABavadu}{A*H}{B}At}asar
CHEMBL452791,2.21,COCCOCCOc1ccc(cc1)c2cc(C(=O)N)c(NC(=O)N)s2,38.166666666666664,ABAABAABaraaa{aar}asaa{A{~B}D}a{DA{~B}D}ss
CHEMBL36,2.31,CCc1nc(N)nc(N)c1c2ccc(Cl)cc2,36.5,AAarda{D}da{D}arasaaa{Z}aas
CHEMBL190243,1.64,C[C@@H](C(=O)NCCN1CCCC1)c2ccc(OS(=O)(=O)C(F)(F)F)cc2,47.66666666666668,A{A**H}{A{~B}DAADrAAAAr}asaaa{BE{~B}{~B}A{G}{G}G}aas
CHEMBL1532611,2.71,Nc1ccc(OCCc2ccccc2)cc1,29.833333333333332,Daraaa{BAAasaaaaas}aar
CHEMBL1773254,1.67,OC(=O)CCc1ccc(OCc2cccc(Br)c2)cc1,47.166666666666664,BA{~B}AAaraaa{BAasaaaa{X}as}aar
CHEMBL1164184,3.3,Fc1cnc(NC(=O)C(CC2CCOCC2)c3ccc(cc3)S(=O)(=O)C4CC4)s1,20.000000000000004,Garada{DA{~B}A{AAsAABAAs}ataaa{aat}E{~B}{~B}AuAAu}sr
CHEMBL507722,2.13,CC(C)n1c(C)ncc1c2nc(Nc3ccc(cc3)C(=O)NC4CCN(C)CC4)ncc2F,39.5,AA{A}dra{A}daarasda{Dataaa{aat}A{~B}DAuAAD{A}AAu}daasG
CHEMBL138649,3.6,Oc1ccc2OC(=CC(=O)c2c1)c3ccccc3,14.999999999999998,BaraaasBA{~AA{~B}asar}ataaaaat
CHEMBL275455,2.32,CC(C)C(NC(=O)CN1C(=O)C(=CN=C1c2cccs2)NC(=O)OCC(F)(F)F)C(=O)C(F)(F)F,36.333333333333336,AA{A}A{DA{~B}ADrA{~B}A{~AD~Arasaaass}DA{~B}BAA{G}{G}G}A{~B}A{G}{G}G
CHEMBL321590,1.53,ONC(=O)C1COC(=N1)c2ccc(F)c(c2)C(F)(F)F,49.5,BDA{~B}ArABA{~Dr}asaaa{G}a{as}A{G}{G}G
CHEMBL123846,3.0,CCCc1c(O)c(ccc1OCCCOc2ccc3C(=O)C=C(Oc3c2CCC)C(=O)O)C(=O)C,25.0,AAAara{B}a{aaarBAAABasaaatA{~B}A~A{BatasAAA}A{~B}B}A{~B}A
CHEMBL1084863,2.86,NS(=O)(=O)c1ccc(Nc2nccc(n2)c3ccccc3)cc1,27.333333333333332,DE{~B}{~B}araaa{Dasdaaa{ds}ataaaaat}aar
CHEMBL1180725,0.2,CC(C)[N+](C)(CCOC(=O)C1c2ccccc2Oc3ccccc13)C(C)C,71.66666666666667,AA{A}{DP}{A}{AABA{~B}ArasaaaaasBataaaaart}A{A}A
CHEMBL1389370,3.3,CCN(CC)CCNc1ncnc2c1sc3nc(N4CCOCC4)c5CCCCc5c23,20.000000000000004,AAD{AA}AADardadasarsatda{DuAABAAu}avAAAAavast
CHEMBL1079486,2.0,CC1CC(NC(=O)C)c2ccccc2N1C(=O)c3ccccc3,41.666666666666664,AArAA{DA{~B}A}asaaaaasDrA{~B}ataaaaat
CHEMBL1800656,1.92,CCN(CCNCCc1ccc(O)c2NC(=O)Sc12)C(=O)CCOCCc3ccccc3,43.0,AAD{AADAAaraaa{B}asDA{~B}Ears}A{~B}AABAAataaaaat
CHEMBL151445,0.4,OCC(O)CN1CCN(CC1)c2ccccc2,68.33333333333333,BAA{B}ADrAAD{AAr}asaaaaas
CHEMBL561652,2.63,C[C@@H](CO)Oc1cc(Oc2ccc(cc2)S(=O)(=O)C)cc(c1)C(=O)Nc3nccs3,31.166666666666668,A{A**H}{AB}Baraa{Basaaa{aas}E{~B}{~B}A}aa{ar}A{~B}Datdaast
CHEMBL2207225,2.49,COc1cc(OC)c(cc1NC(=O)Cc2ccnc(F)c2)S(=O)(=O)N3C(C)CCc4ccccc34,33.49999999999999,ABaraa{BA}a{aarDA{~B}Aasaada{G}as}E{~B}{~B}DtA{A}AAauaaaaatu
CHEMBL1313395,3.66,Cc1sc2ncnc(N3CCN(CC3)c4ncccn4)c2c1C,13.999999999999998,Aarsasdada{DtAAD{AAt}audaaadu}asarA
CHEMBL394527,3.27,OC[C@H](O)CN1C(=O)[C@@H](Cc2ccccc12)NC(=O)c3cc4cc(Cl)sc4[nH]3,20.5,BA{A*H}{B}ADrA{~B}{A**H}{Aasaaaaars}DA{~B}ataauaa{Z}sau{dH}t
CHEMBL260135,2.6,Nc1n[nH]c2nnc(c3ccccc3)c(c4ccccc4)c12,31.666666666666668,Dard{dH}asdda{ataaaaat}a{auaaaaau}ars
CHEMBL1796297,2.31,O[C@@]1(CN2CCC1CC2)C#Cc3ccc(Oc4ccc(cc4)C(=O)NCc5ccncc5)cc3,36.5,B{A**}r{ADsAAArAAs}A^Aataaa{Bauaaa{aau}A{~B}DAavaadaav}aat
CHEMBL451496,2.1,Oc1ccc(N2C(=O)c3ccc(O)cc3C2=O)c(F)c1,40.0,Baraaa{DsA{~B}ataaa{B}aatAs~B}a{G}ar
CHEMBL2325696,2.8,C[C@H]1COCCN1c2cc(nc(n2)c3cccc4[nH]ccc34)C5(CC5)S(=O)(=O)C,28.33333333333334,A{A*H}rABAADrasaa{da{ds}ataaaau{dH}aaatu}Av{AAv}E{~B}{~B}A
CHEMBL2158774,3.01,Cc1ccc(C[C@H](N2CCC(CN3CCC(CC3)Oc4ccc(Cl)c(Cl)c4)CC2)C(=O)O)cc1,24.83333333333334,Aaraaa{A{A*H}{DsAAA{ADtAAA{AAt}Bauaaa{Z}a{Z}au}AAs}A{~B}B}aar
CHEMBL255536,2.48,COc1ccc(CC(=O)NC(N\C(=N\C#N)\Nc2ccccc2C)C(C)(C)C)cc1OC,33.666666666666664,ABaraaa{AA{~B}DA{DRA{~DRA^D}RDasaaaaasA}A{A}{A}A}aarBA
CHEMBL2206523,3.64,CN1CC(c2ccc(Cl)cc2)c3ccccc3C1,14.33333333333333,ADrAA{asaaa{Z}aas}ataaaaatAr
CHEMBL1892245,-1.31,OC(=O)CSc1c[nH]c2ccccc12,96.83333333333333,BA{~B}AEara{dH}asaaaaars
CHEMBL1466,1.22,OC1=C(CC2=C(O)c3ccccc3OC2=O)C(=O)Oc4ccccc14,54.666666666666664,BAr~A{AAs~A{B}ataaaaatBAs~B}A{~B}Bauaaaaaru
CHEMBL1169880,3.49,C[C@@H](Oc1ccc(cc1C(=O)N2CCN(CC2)c3ncc(cc3F)C(F)(F)F)S(=O)(=O)C)C(F)(F)F,16.83333333333333,A{A**H}{Baraaa{aarA{~B}DsAAD{AAs}atdaa{aatG}A{G}{G}G}E{~B}{~B}A}A{G}{G}G
CHEMBL2164672,0.9,O=C(NCC#N)[C@@H]1CCCC[C@H]1C(=O)N2CCCCC2,60.0,B~A{DAA^D}{A**H}rAAAA{A*H}rA{~B}DsAAAAAs
CHEMBL2030798,-0.31,CNc1cccc(CCOc2ccc(C[C@H](NC(=O)c3ccccc3Cl)C(=O)O)cc2)n1,80.16666666666666,ADaraaaa{AABasaaa{A{A*H}{DA{~B}ataaaaatZ}A{~B}B}aas}dr
CHEMBL661,1.98,Cc1nnc2CN=C(c3ccccc3)c4cc(Cl)ccc4n12,42.0,AarddasAD~A{ataaaaat}auaa{Z}aaaudrs
CHEMBL2335894,3.05,COCCC(=O)N[C@@H](C)c1ccc(Nc2ncc3cc(ccc3n2)c4ccncc4)cc1,24.16666666666667,ABAAA{~B}D{A**H}{A}araaa{Dasdaataa{aaatds}auaadaau}aar
CHEMBL511115,0.76,COc1ccc(cc1OC2CCCC2)[C@@]3(CC[C@H](CC3)C(=O)O)C#N,62.333333333333336,ABaraaa{aarBAsAAAAs}{A**}t{AA{A*H}{AAt}A{~B}B}A^D
CHEMBL2335123,2.46,CCOc1ccccc1c2ccc(cc2)c3nc4ccc(F)cc4c(C(=O)NCCOCCN)c3C,34.0,AABaraaaaarasaaa{aas}atdauaaa{G}aaua{A{~B}DAABAAD}atA
CHEMBL1777822,0.15,Cc1ccc(cc1c2cc(ccc2OCC(=O)O)C(F)(F)F)C#N,72.49999999999999,Aaraaa{aarasaa{aaasBAA{~B}B}A{G}{G}G}A^D
CHEMBL1236772,2.91,CS(=O)(=O)c1cccc(Nc2nccc(Nc3cccc4[nH]ncc34)n2)c1,26.5,AE{~B}{~B}araaaa{Dasdaaa{Dataaaau{dH}daatu}ds}ar
CHEMBL2177159,2.26,COCCNS(=O)(=O)c1ccc(cc1)c2cnc(N)c(n2)C(=O)Nc3cccnc3,37.333333333333336,ABAADE{~B}{~B}araaa{aar}asada{D}a{ds}A{~B}Dataaadat
CHEMBL1950729,0.87,CN[C@@H](C)C(=O)N[C@@H](C1CCCCC1)C(=O)N[C@H]2CCCN(C2)C(=O)c3ccccc3,60.5,AD{A**H}{A}A{~B}D{A**H}{ArAAAAAr}A{~B}D{A*H}sAAAD{As}A{~B}ataaaaat
CHEMBL2178579,2.6,Oc1c(NC(=O)Nc2cccc(F)c2Cl)ccc(Cl)c1S(=O)(=O)N3CCNCC3,31.666666666666668,Bara{DA{~B}Dasaaaa{G}asZ}aaa{Z}arE{~B}{~B}DtAADAAt
CHEMBL1194608,0.53,CN1CCC(=CC1)c2cccc(O)c2,66.16666666666667,ADrAAA{~AAr}asaaaa{B}as
CHEMBL267744,-0.84,OC(=O)COc1ccc(C(=O)c2cccs2)c(Cl)c1Cl,89.0,BA{~B}ABaraaa{A{~B}asaaass}a{Z}arZ
CHEMBL1201016,1.7,COCC1=C(N2[C@H](SC1)[C@H](NC(=O)\C(=N/OC)\c3csc(N)n3)C2=O)C(=O)OC(C)OC(=O)OC(C)C,46.666666666666664,ABAAr~A{Ds{A*H}{EAr}{A*H}{DA{~B}RA{~DLBA}Ratasa{D}dt}As~B}A{~B}BA{A}BA{~B}BA{A}A
CHEMBL932,3.97,OCCN(CCO)c1nc(N2CCCCC2)c3nc(nc(N4CCCCC4)c3n1)N(CCO)CCO,8.83333333333333,BAAD{AAB}arda{DsAAAAAs}atda{da{DuAAAAAu}atdr}D{AAB}AAB
CHEMBL556716,2.9,CS(=O)(=O)c1ccc(cc1)C(CCNC(=O)c2ccc(cc2)C#N)c3ccc(F)cc3,26.666666666666668,AE{~B}{~B}araaa{aar}A{AADA{~B}asaaa{aas}A^D}ataaa{G}aat
CHEMBL1945031,1.13,Cc1cccc2c(CCNCc3cccc(CCNC[C@H](O)c4ccc(O)c5NC(=O)Sc45)c3)c[nH]c12,56.166666666666664,Aaraaaasa{AADAataaaa{AADA{A*H}{B}auaaa{B}avDA{~B}Eauv}at}a{dH}ars
CHEMBL2331754,2.69,CC1=CN([C@H]2CCCN(C2)S(=O)(=O)c3ccc(CO)c(Oc4cccc(Cl)c4)c3)C(=O)NC1=O,30.166666666666668,AAr~AD{{A*H}sAAAD{As}E{~B}{~B}ataaa{AB}a{Bauaaaa{Z}au}at}A{~B}DAr~B
CHEMBL2170989,1.9,Nc1ncnc2c1ncn2[C@@H]3O[C@H](CSCCCNC(=O)Nc4ccccc4)[C@@H](O)[C@H]3O,43.333333333333336,Dardadasardads{A**H}tB{A*H}{AEAAADA{~B}Dauaaaaau}{A**H}{B}{A*H}tB
CHEMBL1123,3.72,CCN(CC)CCOC(=O)C1(CCCCC1)C2CCCCC2,12.999999999999998,AAD{AA}AABA{~B}Ar{AAAAAr}AsAAAAAs
CHEMBL442137,1.7,CC12NC(Cc3ccccc13)c4ccccc24,46.666666666666664,AArsDA{Aataaaaart}auaaaaasu
CHEMBL2171992,1.74,COc1ccc(cc1)N2CCN(CC2)C(=O)[C@@H]3CCCC[C@H]3C(=O)NC4(CC4)C#N,46.0,ABaraaa{aar}DsAAD{AAs}A{~B}{A**H}tAAAA{A*H}tA{~B}DAu{AAu}A^D
CHEMBL2181928,2.75,C[C@@H]1CN([C@@H](CO1)c2ccccc2)c3ccc4OCC(=O)Nc4n3,29.166666666666668,A{A**H}rAD{{A**H}{ABr}asaaaaas}ataaauBAA{~B}Daudt
CHEMBL2164690,4.1,CC(C)c1ccc2[nH]c3CCN(Cc3c2c1)C(=O)[C@@H]4CCCC[C@H]4C(=O)NC5(CC5)C#N,6.666666666666672,AA{A}araaas{dH}atAAD{Aatasar}A{~B}{A**H}uAAAA{A*H}uA{~B}DAv{AAv}A^D
CHEMBL73189,2.7,Cc1nc2ccccn2c1c3ccnc(Nc4cccc(Cl)c4)n3,29.999999999999996,Aardasaaaadsarataada{Dauaaaa{Z}au}dt
CHEMBL1689117,0.99,OC(=O)COc1ccc(Cl)cc1CN2CCN(CC2)S(=O)(=O)c3ccc(F)cc3,58.5,BA{~B}ABaraaa{Z}aarADsAAD{AAs}E{~B}{~B}ataaa{G}aat
CHEMBL110147,1.84,Oc1ccc(CCNCCCS(=O)(=O)NCCOCCSc2ccccc2)c3sc(O)nc13,44.333333333333336,Baraaa{AADAAAE{~B}{~B}DAABAAEasaaaaas}atsa{B}dart
CHEMBL2139925,4.1,CCc1nc2ccc(cn2c1N(C)Cc3cccs3)C(=O)NCc4ccc5OCOc5c4,6.666666666666672,AAardasaaa{adsarD{A}Aataaast}A{~B}DAauaaavBABavau
CHEMBL469727,1.98,COCc1ccoc1C(=O)N(C(C(=O)NC[C@@H](C)O)c2ccccc2F)c3ccc(OC)cc3OC,42.0,ABAaraabarA{~B}D{A{A{~B}DA{A**H}{A}B}asaaaaasG}ataaa{BA}aatBA
CHEMBL186526,2.65,CN(C)c1cccc(c1)C(=O)Nc2ccc(C)c(NC(=O)c3ccc(O)cc3)c2,30.833333333333332,AD{A}araaaa{ar}A{~B}Dasaaa{A}a{DA{~B}ataaa{B}aat}as
CHEMBL1778866,2.23,COc1cc(F)ccc1c2cncc(CNC3CCC3)n2,37.833333333333336,ABaraa{G}aaarasadaa{ADAtAAAt}ds
CHEMBL31815,3.7,Cc1cccc(Nc2ncnc3ccc(NC(=O)C=C)cc23)c1,13.33333333333333,Aaraaaa{Dasdadataaa{DA{~B}A~A}aast}ar
CHEMBL502,2.41,COc1cc2CC(CC3CCN(Cc4ccccc4)CC3)C(=O)c2cc1OC,34.833333333333336,ABaraasAA{AAtAAD{Aauaaaaau}AAt}A{~B}asaarBA
CHEMBL298700,3.3,CCN(CC)C(=O)c1ccc2[nH]c(c(CCNCCCCc3ccncc3)c2c1)c4cc(C)cc(C)c4,20.000000000000004,AAD{AA}A{~B}araaas{dH}a{a{AADAAAAataadaat}asar}auaa{A}aa{A}au
CHEMBL1287853,2.11,Cc1cnc(Nc2ccc(OCCN3CCCC3)cc2)nc1Nc4cccc(c4)S(=O)(=O)NC(C)(C)C,39.833333333333336,Aarada{Dasaaa{BAADtAAAAt}aas}darDauaaaa{au}E{~B}{~B}DA{A}{A}A
CHEMBL1199988,1.85,Nc1ncc(cc1c2oc3ccccc3n2)c4cnn(c4)C5CCNCC5,44.166666666666664,Dardaa{aarasbataaaaatds}auadd{au}AvAADAAv
CHEMBL2062558,2.23,Nc1cc(nc2c(cnn12)C#N)c3ccc(F)cc3,37.833333333333336,Daraa{dasa{addrs}A^D}ataaa{G}aat
CHEMBL398894,2.6,NS(=O)(=O)c1cccc(Nc2nccc(Nc3cccc4[nH]ncc34)n2)c1,31.666666666666668,DE{~B}{~B}araaaa{Dasdaaa{Dataaaau{dH}daatu}ds}ar
CHEMBL247471,3.1,C[C@@H](N(c1cc(F)ccc1F)S(=O)(=O)c2ccc(Cl)cc2)c3ccc(F)cc3CCCC(=O)O,23.333333333333332,A{A**H}{D{araa{G}aaarG}E{~B}{~B}asaaa{Z}aas}ataaa{G}aatAAAA{~B}B
CHEMBL1699517,1.07,Cc1nc(CS(=O)(=O)c2ccccc2)cc(n1)N3CCOCC3,57.166666666666664,Aarda{AE{~B}{~B}asaaaaas}aa{dr}DtAABAAt
CHEMBL23,1.99,COc1ccc(cc1)[C@@H]2Sc3ccccc3N(CCN(C)C)C(=O)[C@@H]2OC(=O)C,41.83333333333333,ABaraaa{aar}{A**H}sEataaaaatD{AAD{A}A}A{~B}{A**H}sBA{~B}A
CHEMBL168634,0.05,Cc1ccc(cc1)S(=O)(=O)N2N=Cc3ccccc3B2O,74.16666666666667,Aaraaa{aar}E{~B}{~B}DsD~AataaaaatBsB
CHEMBL260374,2.3,S=C(NC1CCCCC1)N2CCC(CC2)c3cnc[nH]3,36.66666666666667,E~A{DArAAAAAr}DsAAA{AAs}atada{dH}t
CHEMBL50608,2.2,Nc1cc(nc2ccccc12)c3ccccc3,38.33333333333333,Daraa{dasaaaaars}ataaaaat
CHEMBL2010839,1.8,CN(C1CCN(Cc2ccc(nc2)C(F)(F)F)CC1)C(=O)Cc3ccc(cc3)n4cnnn4,45.0,AD{ArAAD{Aasaaa{das}A{G}{G}G}AAr}A{~B}Aataaa{aat}duadddu
CHEMBL1288009,1.82,COc1ccc(cc1)c2cc3c(N[C@H]4CCCNC4)ncc(C(=O)N)c3s2,44.666666666666664,ABaraaa{aar}asaata{D{A*H}uAAADAu}daa{A{~B}D}atss
CHEMBL1900528,-0.25,C[N+]1(C)[C@@H]2C[C@H](C[C@H]1[C@@H]3O[C@H]23)OC(=O)C(O)(c4cccs4)c5cccs5,79.16666666666667,A{DP}r{A}{A**H}sA{A*H}{A{A*H}r{A**H}tB{A*H}st}BA{~B}A{B}{auaaasu}avaaasv
CHEMBL591931,1.27,NC(=N)c1cc2c(cccc2s1)c3ccccc3,53.833333333333336,DA{~D}araasa{aaaassr}ataaaaat
CHEMBL376291,3.1,Clc1ccc(CN2C(=O)C(=O)c3ccccc23)cc1,23.333333333333332,Zaraaa{ADsA{~B}A{~B}ataaaaast}aar
CHEMBL223166,0.9,COc1ccccc1O[C@H]([C@@H]2CNCCO2)c3ccccc3,60.0,ABaraaaaarB{A*H}{{A**H}sADAABs}ataaaaat
CHEMBL1631468,1.86,CCCNC(=O)c1nnc2c(cccc2c1N)c3ncccn3,43.99999999999999,AAADA{~B}arddasa{aaaasarD}atdaaadt
CHEMBL1944689,2.3,O[C@@H](CNCCc1ccc(CNCCc2c(Cl)cccc2Cl)cc1)c3ccc(O)c4NC(=O)Sc34,36.66666666666667,B{A**H}{ADAAaraaa{ADAAasa{Z}aaaasZ}aar}ataaa{B}auDA{~B}Eatu
CHEMBL1689122,0.69,CC1CN(CCN1Cc2cc(Cl)ccc2OCC(=O)O)S(=O)(=O)c3ccccc3,63.5,AArAD{AADrAasaa{Z}aaasBAA{~B}B}E{~B}{~B}ataaaaat
CHEMBL1289349,2.74,Clc1ccc(cc1)C2CCN(CC2)C(=O)COCc3ccncc3,29.33333333333333,Zaraaa{aar}AsAAD{AAs}A{~B}ABAataadaat
CHEMBL92840,2.15,CC(O)(C(=O)Nc1ccc(cc1)S(=O)(=O)c2ccncc2)C(F)(F)F,39.166666666666664,AA{B}{A{~B}Daraaa{aar}E{~B}{~B}asaadaas}A{G}{G}G
CHEMBL360227,2.4,CCN(CC)CCN1C(=O)[C@@](O)(c2ccccc2Cl)c3c1cc(cc3C(F)(F)F)C(=O)N,35.0,AAD{AA}AADrA{~B}{A**}{B}{asaaaaasZ}ataraa{aatA{G}{G}G}A{~B}D
CHEMBL2207281,2.06,OCCNS(=O)(=O)c1ccc2C(=CNC(=O)c2c1)C(=O)NC[C@@H](O)CN3CCC(CC3)Oc4ccc(Cl)c(Cl)c4,40.666666666666664,BAADE{~B}{~B}araaasA{~ADA{~B}asar}A{~B}DA{A**H}{B}ADtAAA{AAt}Bauaaa{Z}a{Z}au
CHEMBL1762550,3.44,CN(c1ccnc(Nc2cc(nc(c2)N3CCOCC3)N4CCOCC4)n1)c5cc(CO)ccc5C,17.666666666666668,AD{araada{Dasaa{da{as}DtAABAAt}DuAABAAu}dr}avaa{AB}aaavA
CHEMBL177611,0.6,Clc1ccc(cc1)C(=O)N[C@H]2CN3CCC2CC3,65.0,Zaraaa{aar}A{~B}D{A*H}sADtAAAsAAt
CHEMBL1320527,1.91,CC1=C(OCc2ccc(F)cc2)C(=O)C=CO1,43.166666666666664,AAr~A{BAasaaa{G}aas}A{~B}A~ABr
CHEMBL1414985,2.96,Clc1ccc(cc1)C(=O)Cc2ccccn2,25.666666666666668,Zaraaa{aar}A{~B}Aasaaaads
CHEMBL6800,1.9,COc1nc(Br)cnc1NS(=O)(=O)c2cccc3c(cccc23)N(C)C,43.333333333333336,ABarda{X}adarDE{~B}{~B}asaaaata{aaaast}D{A}A
CHEMBL1364572,2.91,NC(=O)c1sc2nccc(Nc3ccccc3)c2c1N,26.5,DA{~B}arsasdaaa{Dataaaaat}asarD
CHEMBL1201117,0.36,COc1ccccc1OCC(O)COC(=O)N,68.99999999999999,ABaraaaaarBAA{B}ABA{~B}D
CHEMBL2003130,3.31,Clc1ccc2C(=O)NC(=Nc2c1)c3ccccc3,19.833333333333332,ZaraaasA{~B}DA{~Dasar}ataaaaat
CHEMBL388525,3.39,Oc1cc(O)c2C(=O)c3ccccc3Oc2c1,18.499999999999996,Baraa{B}asA{~B}ataaaaatBasar
CHEMBL1778650,0.31,CCC(Oc1ccc(cc1c2ccc(cc2C)S(=O)(=O)CC)C(F)(F)F)C(=O)O,69.83333333333334,AAA{Baraaa{aarasaaa{aasA}E{~B}{~B}AA}A{G}{G}G}A{~B}B
CHEMBL65511,1.97,COC(=O)N1CCN([C@@H](CN2CCCC2)C1)C(=O)Cc3ccc(Cl)c(Cl)c3,42.16666666666667,ABA{~B}DrAAD{{A**H}{ADsAAAAs}Ar}A{~B}Aataaa{Z}a{Z}at
CHEMBL457887,1.32,CC(C)n1c(C)ncc1c2ccnc(Nc3ccc(cc3)S(=O)(=O)CCCN(C)C)n2,53.0,AA{A}dra{A}daarasaada{Dataaa{aat}E{~B}{~B}AAAD{A}A}ds
CHEMBL1255840,-0.27,CC1(C)CCC(CC1)NC(=O)[C@@H](N)CCC(=O)O,79.49999999999999,AAr{A}AAA{AAr}DA{~B}{A**H}{D}AAA{~B}B
CHEMBL61593,2.12,NS(=O)(=O)c1cc2c(NC(NS2(=O)=O)C3CC4CC3C=C4)cc1Cl,39.666666666666664,DE{~B}{~B}araasa{DA{DEs{~B}~B}AtAAuAAtA~Au}aarZ
CHEMBL1822878,4.3,Oc1ccc(Br)c2ccccc12,3.333333333333336,Baraaa{X}asaaaaars
CHEMBL1082410,3.3,CNC(=O)c1ccc(cc1F)N2C(=S)N(C(=O)C23CCC3)c4ccc(C#N)c(c4)C(F)(F)F,20.000000000000004,ADA{~B}araaa{aarG}DsA{~E}D{A{~B}AstAAAt}auaaa{A^D}a{au}A{G}{G}G
CHEMBL1950849,2.64,CN[C@@H](C)C(=O)N[C@@H](C1CCCCC1)C(=O)N[C@H]2CCCN(CCc3cccc(F)c3)C2,31.0,AD{A**H}{A}A{~B}D{A**H}{ArAAAAAr}A{~B}D{A*H}sAAAD{AAataaaa{G}at}As
CHEMBL22442,2.4,CCCC1=CC(=CC(=O)N1Cc2ccc(cc2)c3ccccc3c4nn[nH]n4)OCc5ccccc5,35.0,AAAAr~AA{~AA{~B}DrAasaaa{aas}ataaaaataudd{dH}du}BAavaaaaav
CHEMBL2070938,1.3,O=C(NC1(CC1)C#N)[C@@H]2CCCC[C@H]2C(=O)N3CCN(CC3)c4nccs4,53.333333333333336,B~A{DAr{AAr}A^D}{A**H}sAAAA{A*H}sA{~B}DtAAD{AAt}audaasu
CHEMBL1778622,1.54,CCSc1ccc(cc1)c2cc(ccc2OCC(=O)O)C(F)(F)F,49.333333333333336,AAEaraaa{aar}asaa{aaasBAA{~B}B}A{G}{G}G
CHEMBL1886566,2.38,COc1ccc(CN2C(=O)CCC2(C)C(=O)NC3CCCCC3)c(OC)c1,35.333333333333336,ABaraaa{ADsA{~B}AAAs{A}A{~B}DAtAAAAAt}a{BA}ar
CHEMBL51583,3.1,O=C1C(=O)c2cc(ccc2c3ccccc13)c4ccsc4,23.333333333333332,B~ArA{~B}asaa{aaasataaaaart}auaasau
CHEMBL101311,2.9,CN(C)CC(O)COc1ccc(Nc2nccc(Nc3cc(Cl)ccc3Cl)n2)cc1,26.666666666666668,AD{A}AA{B}ABaraaa{Dasdaaa{Dataa{Z}aaatZ}ds}aar
CHEMBL1944739,-1.0,CN(C)CCCNC(=O)c1nc(Cl)c(N)nc1N,91.66666666666667,AD{A}AAADA{~B}arda{Z}a{D}darD
CHEMBL855,1.88,Cc1ccc(cc1)\C(=C/CN2CCCC2)\c3ccccn3,43.666666666666664,Aaraaa{aar}RA{~ALADsAAAAs}Rataaaadt
CHEMBL1806525,2.8,COc1cc(ccc1Nc2ncc(C#N)c(n2)c3cnc4ccccn34)N5CCN(CC5)C(=O)C,28.33333333333334,ABaraa{aaarDasdaa{A^D}a{ds}atadauaaaadtu}DvAAD{AAv}A{~B}A
CHEMBL559078,2.41,CCCCC(CC)CNC(=O)c1cc(ccc1Cl)N2N=CC(=O)NC2=O,34.833333333333336,AAAAA{AA}ADA{~B}araa{aaarZ}DsD~AA{~B}DAs~B
CHEMBL2024676,3.15,CN(C)C(=O)N[C@@H]1CC[C@@H](CCN2CCN(CC2)c3ccc(Cl)c(Cl)c3)CC1,22.5,AD{A}A{~B}D{A**H}rAA{A**H}{AADsAAD{AAs}ataaa{Z}a{Z}at}AAr
CHEMBL126048,0.8,Oc1c2ncc3ccccc3c2nn1c4ccccc4,61.666666666666664,Barasdaataaaaatasddrauaaaaau
CHEMBL1917440,0.03,Cc1c(Sc2ccc(Cl)cc2)c3c(cccc3n1CC(=O)O)c4cnccn4,74.5,Aara{Easaaa{Z}aas}ata{aaaatdrAA{~B}B}auadaadu
CHEMBL502684,0.2,C(Oc1ccccc1)C2CNCCO2,71.66666666666667,A{Baraaaaar}AsADAABs
CHEMBL1783286,3.4,COc1ncc(C)cc1c2cccc3c(N)c(nnc23)C(=O)NC4CC4,18.333333333333336,ABardaa{A}aarasaaaata{D}a{ddast}A{~B}DAuAAu
CHEMBL1689114,1.01,OC(=O)COc1ccc(Cl)cc1CN2CCCN(CC2)S(=O)(=O)c3ccccc3,58.166666666666664,BA{~B}ABaraaa{Z}aarADsAAAD{AAs}E{~B}{~B}ataaaaat
CHEMBL1947157,3.15,O[C@@H](CNCCc1cccc(CNCCc2c(Cl)cccc2Cl)c1)c3ccc(O)c4NC(=O)Sc34,22.5,B{A**H}{ADAAaraaaa{ADAAasa{Z}aaaasZ}ar}ataaa{B}auDA{~B}Eatu
CHEMBL535,2.26,CCN(CC)CCNC(=O)c1c(C)[nH]c(\C=C\2/C(=O)Nc3ccc(F)cc23)c1C,37.333333333333336,AAD{AA}AADA{~B}ara{A}{dH}a{RA~ARsLA{~B}Dataaa{G}aast}arA
CHEMBL2171033,1.5,Clc1ccc(OC2CCN(CC2)C3CCN(CC3)C(=O)NS(=O)(=O)c4ccccc4)cc1Cl,50.0,Zaraaa{BAsAAD{AAs}AtAAD{AAt}A{~B}DE{~B}{~B}auaaaaau}aarZ
CHEMBL490,1.78,Fc1ccc(cc1)[C@@H]2CCNC[C@H]2COc3ccc4OCOc4c3,45.333333333333336,Garaaa{aar}{A**H}sAADA{A*H}sABataaauBABauat
CHEMBL178737,1.79,O=C(N1CCOCC1)N2CCn3cc(C4=C(C(=O)NC4=O)c5cnc6ccccn56)c7cccc(C2)c37,45.166666666666664,B~A{DrAABAAr}DsAAdtaa{Au~A{A{~B}DAu~B}avadawaaaadvw}axaaaa{As}atx
CHEMBL183425,3.81,CN1CCN(CCCOc2ccc(cc2)c3onc(c3)c4ccc(F)cc4)CC1,11.5,ADrAAD{AAABasaaa{aas}atbda{at}auaaa{G}aau}AAr
CHEMBL1321641,1.51,N#Cc1nc(nc(n1)N2CCOCC2)N3CCOCC3,49.833333333333336,D^Aarda{da{dr}DsAABAAs}DtAABAAt
CHEMBL93124,3.5,CNc1ccc(cc1)c2nc3ccc(O)cc3s2,16.666666666666668,ADaraaa{aar}asdataaa{B}aatss
CHEMBL436381,1.97,CN1CCN(CC1)C(=O)c2cc3cc(F)ccc3[nH]2,42.16666666666667,ADrAAD{AAr}A{~B}asaataa{G}aaat{dH}s
CHEMBL1586531,3.1,Clc1ccc(cc1)C(=O)\C=C\Sc2nc[nH]n2,23.333333333333332,Zaraaa{aar}A{~B}RA~AREasda{dH}ds
CHEMBL228761,2.21,O=C1C2CCC(N2)C(=O)N1Cc3ccccc3,38.166666666666664,B~ArAsAAA{Ds}A{~B}DrAataaaaat
CHEMBL810,-1.08,CN1N=Nc2c(ncn2C1=O)C(=O)N,93.0,ADrD~Dasa{dadsAr~B}A{~B}D
CHEMBL1430414,2.35,Fc1cc2[nH]cnc2cc1Cl,35.833333333333336,Garaas{dH}adasaarZ
CHEMBL189181,4.28,CC(=O)Nc1ccc(CNc2[nH]nc3cccc(Oc4ccc(F)cc4)c23)cc1,3.6666666666666625,AA{~B}Daraaa{ADas{dH}dataaaa{Bauaaa{G}aau}ast}aar
CHEMBL1910654,3.25,N[C@H](CNC(=O)c1cc2c(cccc2[nH]1)c3ccccc3Cc4ccccc4)C(=O)O,20.833333333333332,D{A*H}{ADA{~B}araasa{aaaas{dH}r}ataaaaatAauaaaaau}A{~B}B
CHEMBL182380,2.86,CCN(C1CCN(CCC(c2ccccc2)c3ccccc3)CC1)C(=O)NCc4ccc(cc4)S(=O)(=O)C,27.333333333333332,AAD{ArAAD{AAA{asaaaaas}ataaaaat}AAr}A{~B}DAauaaa{aau}E{~B}{~B}A
CHEMBL341324,1.67,CCN(CC)C(=O)Cc1csc(NS(=O)(=O)c2cccc(Cl)c2C)n1,47.166666666666664,AAD{AA}A{~B}Aarasa{DE{~B}{~B}asaaaa{Z}asA}dr
CHEMBL214637,2.19,CCCN(CCO)CCCOc1ccc2c(Nc3cc(CC(=O)Nc4cccc(F)c4F)[nH]n3)ncnc2c1,38.5,AAAD{AAB}AAABaraaasa{Dataa{AA{~B}Dauaaaa{G}auG}{dH}dt}dadasar
CHEMBL1565348,3.7,CCCc1c(cnn1c2ccccc2)C(=O)Nc3cc(C)on3,13.33333333333333,AAAara{addrasaaaaas}A{~B}Dataa{A}bdt
CHEMBL552512,1.15,O=C(CC1CCCCCC1)Nc2cccc3C(=O)N(C=Cc23)[C@H]4CCNC4,55.833333333333336,B~A{AArAAAAAAr}DasaaaatA{~B}D{A~Aast}{A*H}uAADAu
CHEMBL421,-0.58,OC(=O)c1cc(ccc1O)N=Nc2ccc(cc2)S(=O)(=O)Nc3ccccn3,84.66666666666667,BA{~B}araa{aaarB}D~Dasaaa{aas}E{~B}{~B}Dataaaadt
CHEMBL370152,2.96,OC(=O)c1c(Sc2ccccc2)c3cc(Cl)ccc3n1Cc4ccc(Cl)cc4,25.666666666666668,BA{~B}ara{Easaaaaas}ataa{Z}aaatdrAauaaa{Z}aau
CHEMBL2059872,3.1,Cc1ccc(cc1NC(=O)c2ccc(OCc3ccccn3)cc2)c4ncc(CN5CCOCC5)s4,23.333333333333332,Aaraaa{aarDA{~B}asaaa{BAataaaadt}aas}audaa{ADvAABAAv}su
CHEMBL1531981,1.63,Cc1oc(cc1C(=O)Nc2cccc(c2)C(=O)O)c3ccccc3,47.833333333333336,Aarba{aarA{~B}Dasaaaa{as}A{~B}B}ataaaaat
CHEMBL1944652,3.86,CCN(CC)C(=O)c1ccc(cc1)C(=C2CCN(Cc3ccc(F)cc3)CC2)c4cccc5cccnc45,10.66666666666667,AAD{AA}A{~B}araaa{aar}A{~AsAAD{Aataaa{G}aat}AAs}auaaaavaaadauv
CHEMBL168073,2.63,CCN(CC)S(=O)(=O)c1ccc(NC(=O)C(C)(O)C(F)(F)F)cc1,31.166666666666668,AAD{AA}E{~B}{~B}araaa{DA{~B}A{A}{B}A{G}{G}G}aar
CHEMBL380130,3.8,COc1ccc2NC(=O)C(NC(=O)c3ccccc3OC)N=C(c4ccccc4)c2c1,11.66666666666667,ABaraaasDA{~B}A{DA{~B}ataaaaatBA}D~A{auaaaaau}asar
CHEMBL389792,2.87,CC(CO)(CO)Nc1nc(SCc2cccc(F)c2F)nc3nc(N)sc13,27.166666666666668,AA{AB}{AB}Darda{EAasaaaa{G}asG}datda{D}sart
CHEMBL1770465,3.58,C[C@@H](Oc1ccc(SCCCCCc2ccccc2)cc1)C(=O)c3nc(C)c(CCCC(=O)O)s3,15.333333333333334,A{A**H}{Baraaa{EAAAAAasaaaaas}aar}A{~B}atda{A}a{AAAA{~B}B}st
CHEMBL48190,1.54,COC(=O)COc1ccc(OCCNCC(O)COc2ccccc2)cc1,49.333333333333336,ABA{~B}ABaraaa{BAADAA{B}ABasaaaaas}aar
CHEMBL51478,2.89,COc1ccnc(CSc2nc3ccccc3[nH]2)c1,26.833333333333332,ABaraada{AEasdataaaaat{dH}s}ar
CHEMBL1224288,2.3,Oc1cccc(O[C@H]2C[C@H]3CC[C@@H](C2)N3Cc4ccccc4)c1,36.66666666666667,Baraaaa{B{A*H}sA{A*H}tAA{A**H}{As}DtAauaaaaau}ar
CHEMBL1180250,1.0,Oc1c2C(=O)N(NC(=O)c2nc3cc(Cl)ccc13)C(C4CC4)c5ccccn5,58.333333333333336,BarasA{~B}D{DA{~B}asdataa{Z}aaart}A{AuAAu}avaaaadv
CHEMBL2010832,2.7,CN(C1CCN(Cc2ccc(cc2)C(F)(F)F)CC1)C(=O)Cc3ccc(cc3F)S(=O)(=O)C,29.999999999999996,AD{ArAAD{Aasaaa{aas}A{G}{G}G}AAr}A{~B}Aataaa{aatG}E{~B}{~B}A
CHEMBL308538,-1.2,Fc1ncccc1OC[C@@H]2CCN2,95.0,GardaaaarBA{A**H}sAADs
CHEMBL1824369,2.34,Oc1cccc(NC(=O)c2ccc(OCCCN3CCCC3)cc2OCc4ccccc4C#N)c1,36.0,Baraaaa{DA{~B}asaaa{BAAADtAAAAt}aasBAauaaaaauA^D}ar
CHEMBL2011928,3.28,COc1ccc(cc1)c2nc3c(NCCCNC(=O)C)c(Br)cnc3[nH]2,20.333333333333336,ABaraaa{aar}asdata{DAAADA{~B}A}a{X}adat{dH}s
CHEMBL471412,3.86,COc1ccc(N(C(C(=O)NC2CCCC2)c3ccccc3F)C(=O)c4ccccc4)c(OC)c1,10.66666666666667,ABaraaa{D{A{A{~B}DAsAAAAs}ataaaaatG}A{~B}auaaaaau}a{BA}ar
CHEMBL1306424,3.6,Cc1ccnc(NCc2ccc(Cl)cc2)c1,14.999999999999998,Aaraada{DAasaaa{Z}aas}ar
CHEMBL1762547,3.8,CCN(c1ccnc(Nc2cc(cc(c2)N3CCOCC3)N4CCOCC4)n1)c5cc(CO)ccc5C,11.66666666666667,AAD{araada{Dasaa{aa{as}DtAABAAt}DuAABAAu}dr}avaa{AB}aaavA
CHEMBL215275,2.12,CCN(CCO)CCCOc1cc2ncnc(Nc3cc(CC(=O)Nc4cccc(F)c4)[nH]n3)c2cc1OC,39.666666666666664,AAD{AAB}AAABaraasdada{Dataa{AA{~B}Dauaaaa{G}au}{dH}dt}asaarBA
CHEMBL355236,2.8,CCCc1c(O)c(ccc1OCc2ccc(cc2OC)c3nn[nH]n3)C(=O)C,28.33333333333334,AAAara{B}a{aaarBAasaaa{aasBA}atdd{dH}dt}A{~B}A
CHEMBL211265,2.46,Nc1nc(N)c(c(COCc2ccccc2)n1)c3ccc(NC(=O)C4CC4)cc3,34.0,Darda{D}a{a{ABAasaaaaas}dr}ataaa{DA{~B}AuAAu}aat
CHEMBL1946615,2.12,O=C(N1CCOCC1)c2ccc(cc2)C(=C3CCN(Cc4cscn4)CC3)c5cccc6cccnc56,39.666666666666664,B~A{DrAABAAr}asaaa{aas}A{~AtAAD{Aauasadu}AAt}avaaaawaaadavw
CHEMBL2171215,2.13,Clc1ccc(OC2CCN(CC2)C3CCN(CC3)C(=O)NS(=O)(=O)Cc4ccccc4)cc1Cl,39.5,Zaraaa{BAsAAD{AAs}AtAAD{AAt}A{~B}DE{~B}{~B}Aauaaaaau}aarZ
CHEMBL571526,2.72,C[C@@H](Oc1nc(Nc2cc(C)[nH]n2)c(C)nc1C#N)c3ccc(F)cn3,29.66666666666666,A{A**H}{Barda{Dasaa{A}{dH}ds}a{A}darA^D}ataaa{G}adt
CHEMBL1738748,2.42,O[C@]1(CN2CCC1CC2)C#Cc3ccc(Oc4ccc(cc4)C(=O)NCc5ccncc5)cc3,34.666666666666664,B{A*}r{ADsAAArAAs}A^Aataaa{Bauaaa{aau}A{~B}DAavaadaav}aat
CHEMBL575099,3.22,COc1cc(Nc2cc(Oc3cc(C)c(C)nc3c4ccccn4)ccn2)cc(OC)c1OC,21.333333333333332,ABaraa{Dasaa{Bataa{A}a{A}datauaaaadu}aads}aa{BA}arBA
CHEMBL459219,1.21,CSc1nc(C(=O)N)c(N)s1,54.833333333333336,AEarda{A{~B}D}a{D}sr
CHEMBL2068817,3.0,COc1ccccc1CN(C(=O)C)c2cnccc2Oc3ccccc3,25.0,ABaraaaaarAD{A{~B}A}asadaaasBataaaaat
CHEMBL1891338,3.7,COc1cccc(CNc2nc(NC(C)C)nc3ccsc23)c1OC,13.33333333333333,ABaraaaa{ADasda{DA{A}A}dataasast}arBA
CHEMBL560219,3.36,OCCN1C=Cc2c(NC(=O)Cc3ccc(Cl)c(c3)C(F)(F)F)cccc2C1=O,19.000000000000004,BAADrA~Aasa{DA{~B}Aataaa{Z}a{at}A{G}{G}G}aaaasAr~B
CHEMBL1934426,1.23,C[C@H](NC(=O)c1c(C)nn(C2CCOCC2)c1NS(=O)(=O)c3ccc(cc3)C4CC4)C(C)(C)C,54.5,A{A*H}{DA{~B}ara{A}dd{AsAABAAs}arDE{~B}{~B}ataaa{aat}AuAAu}A{A}{A}A
CHEMBL1829442,4.14,CCC(NC(=O)c1ccc(C)cc1)C2=Nc3ccsc3C(=O)N2Cc4ccccc4,6.000000000000004,AAA{DA{~B}araaa{A}aar}As~DataasatA{~B}DsAauaaaaau
CHEMBL396724,3.27,OC[C@@H](O)CN1C(=O)[C@H](Cc2ccccc12)NC(=O)c3cc4cc(Cl)sc4[nH]3,20.5,BA{A**H}{B}ADrA{~B}{A*H}{Aasaaaaars}DA{~B}ataauaa{Z}sau{dH}t
CHEMBL2164747,0.37,COc1ccc2N=CC(=O)N(CCN3CC[C@@H](NCc4ccc5OCC(=O)Nc5n4)[C@@H](O)C3)c2c1,68.83333333333333,ABaraaasD~AA{~B}D{AADtAA{A**H}{DAauaaavBAA{~B}Davdu}{A**H}{B}At}asar
CHEMBL14474,2.09,c1ccc2ncccc2c1,40.166666666666664,araaasdaaaasar
CHEMBL384684,3.1,C[C@H](NC1=NC(=O)[C@@](C)(S1)C(F)(F)F)c2ccccc2F,23.333333333333332,A{A*H}{DAr~DA{~B}{A**}{A}{Er}A{G}{G}G}asaaaaasG
CHEMBL147507,0.6,C[C@@H](N)COc1c(C)cccc1C,65.0,A{A**H}{D}ABara{A}aaaarA
CHEMBL93484,-0.8,CC1N=C(N)N=C(N)N1c2ccc(Cl)cc2,88.33333333333333,AArD~A{D}D~A{D}Drasaaa{Z}aas
CHEMBL384699,3.4,COc1cc2ncnc(Nc3cc(Cl)ccc3F)c2cc1OCCCN4CCOCC4,18.333333333333336,ABaraasdada{Dataa{Z}aaatG}asaarBAAADuAABAAu
CHEMBL1213082,2.6,Cc1ccccc1N2C(=Nc3cccc(C)c3C2=O)Cn4cnc5c(N)ncnc45,31.666666666666668,AaraaaaarDsA{~Dataaaa{A}atAs~B}Aduadava{D}dadauv
CHEMBL578723,1.0,COc1ccc2nc3ccccc3c(N)c2c1,58.333333333333336,ABaraaasdataaaaata{D}asar
CHEMBL214350,1.27,Cc1ccc2c(c1)c(c(C)n2CC(=O)O)c3ccnc4c(cccc34)C(F)(F)F,53.833333333333336,Aaraaasa{ar}a{a{A}dsAA{~B}B}ataadaua{aaaatu}A{G}{G}G
CHEMBL1682950,2.66,CC[C@H](NC(=O)c1c([S+](C)[O-])c(nc2ccccc12)c3ccsc3)c4ccccc4,30.666666666666668,AA{A*H}{DA{~B}ara{{EP}{A}{BM}}a{dasaaaaars}ataasat}auaaaaau
CHEMBL960,3.9,Cc1oncc1C(=O)Nc2ccc(cc2)C(F)(F)F,10.000000000000002,AarbdaarA{~B}Dasaaa{aas}A{G}{G}G
CHEMBL1079324,4.12,C[C@@H]1CN(C[C@H](C)O1)c2nc(N3CCOCC3)c4ccc(Nc5ccccc5)nc4n2,6.333333333333331,A{A**H}rAD{A{A*H}{A}Br}asda{DtAABAAt}auaaa{Davaaaaav}dauds
CHEMBL1090173,1.85,OCC(=O)N1CCC(CC1)c2n[nH]c(c3ccc(Cl)cc3)c2c4ccncn4,44.166666666666664,BAA{~B}DrAAA{AAr}asd{dH}a{ataaa{Z}aat}asauaadadu
CHEMBL413558,3.12,COc1ccc(cc1OC)C(=O)Nc2cc(NC(=O)c3cccc(c3)N(C)C)ccc2C,23.0,ABaraaa{aarBA}A{~B}Dasaa{DA{~B}ataaaa{at}D{A}A}aaasA
CHEMBL2336329,1.26,CNCc1cccc(c1)c2ccc3c(nc(nc3n2)N4C[C@@H](C)O[C@@H](C)C4)N5CCOCC5,54.0,ADAaraaaa{ar}asaaata{da{datds}DuA{A**H}{A}B{A**H}{A}Au}DvAABAAv
CHEMBL2011927,1.55,COc1ccc(cc1)c2nc3c(OCC4CCNCC4)c(Br)cnc3[nH]2,49.166666666666664,ABaraaa{aar}asdata{BAAuAADAAu}a{X}adat{dH}s
CHEMBL2011937,0.25,COc1ccc(cc1)c2nc3c(NCCCNC(=O)c4ccccc4)c(Br)cnc3[nH]2,70.83333333333333,ABaraaa{aar}asdata{DAAADA{~B}auaaaaau}a{X}adat{dH}s
CHEMBL1933594,1.42,C[C@H]1O[C@H]([C@H](O)[C@@H]1O)n2cnc3c(N)nc(OCC4CC(F)(F)C4(F)F)nc23,51.333333333333336,A{A*H}rB{A*H}{{A*H}{B}{A**H}rB}dsadata{D}da{BAAuAA{G}{G}Au{G}G}dast
CHEMBL495727,2.3,O=C(NC1CC1)Nc2c[nH]nc2c3nc4cc(CN5CCOCC5)ccc4[nH]3,36.66666666666667,B~A{DArAAr}Dasa{dH}dasatdauaa{ADvAABAAv}aaau{dH}t
CHEMBL2059865,3.01,Cc1ccc(cc1NC(=O)c2ccc(OCc3ccccn3)cc2)c4ncc[nH]4,24.83333333333334,Aaraaa{aarDA{~B}asaaa{BAataaaadt}aas}audaa{dH}u
CHEMBL1770733,1.91,Nc1cc(ncn1)c2ccccc2,43.166666666666664,Daraa{dadr}asaaaaas
CHEMBL443,-0.56,Cc1onc(NS(=O)(=O)c2ccc(N)cc2)c1,84.33333333333334,Aarbda{DE{~B}{~B}asaaa{D}aas}ar
CHEMBL388337,2.0,Clc1ccc2C(=O)C3=C(Nc2c1)C(=O)NN(Cc4cc5ccccc5s4)C3=O,41.666666666666664,ZaraaasA{~B}At~A{Dasar}A{~B}DD{Aauaavaaaaavsu}At~B
CHEMBL2030815,-0.22,OC(=O)[C@H](Cc1ccc(OCCCNc2ccccn2)cc1)NC(=O)c3c(Cl)cccc3Cl,78.66666666666667,BA{~B}{A*H}{Aaraaa{BAAADasaaaads}aar}DA{~B}ata{Z}aaaatZ
CHEMBL2086653,3.4,CC(C)(C)OC(=O)N1CCN(CC1)c2cnc(OCc3ccc(cc3)S(=O)(=O)C)cn2,18.333333333333336,AA{A}{A}BA{~B}DrAAD{AAr}asada{BAataaa{aat}E{~B}{~B}A}ads
CHEMBL1214827,2.5,CC(C)c1cc(C(=O)N2Cc3ccc(CN4CCN(C)CC4)cc3C2)c(O)cc1O,33.333333333333336,AA{A}araa{A{~B}DsAataaa{ADuAAD{A}AAu}aatAs}a{B}aarB
CHEMBL20403,3.52,COC1(CCOCC1)c2cc(F)cc(OCc3ccc4N(C)C(=O)C=Cc4c3)c2,16.333333333333332,ABAr{AABAAr}asaa{G}aa{BAataaauD{A}A{~B}A~Aauat}as
CHEMBL320777,1.98,Oc1ccc(CCNCCS(=O)(=O)CCCOCCNc2ccccc2)c3sc(O)nc13,42.0,Baraaa{AADAAE{~B}{~B}AAABAADasaaaaas}atsa{B}dart
CHEMBL1650697,1.79,C[C@H](Nc1ncc(F)c(Nc2cc(C)[nH]n2)n1)c3ncc(F)cn3,45.166666666666664,A{A*H}{Dardaa{G}a{Dasaa{A}{dH}ds}dr}atdaa{G}adt
CHEMBL481230,3.2,COc1cc2c(Nc3ccc(F)c(Cl)c3)c(cnc2cc1OCCN(C)CCO)C(=O)N,21.66666666666666,ABaraasa{Dataaa{G}a{Z}at}a{adasaarBAAD{A}AAB}A{~B}D
CHEMBL102726,3.21,C(Nc1ncnc2ccccc12)c3ccccc3,21.5,A{Dardadasaaaaars}ataaaaat
CHEMBL1704514,2.47,CC(N1C(=O)c2ccccc2C1=O)C(=O)N3CCc4ccccc4C3,33.83333333333333,AA{DrA{~B}asaaaaasAr~B}A{~B}DtAAauaaaaauAt
CHEMBL1472545,3.2,Nc1ccc(cc1)C2(CCCCC2)c3ccc(N)cc3,21.66666666666666,Daraaa{aar}As{AAAAAs}ataaa{D}aat
CHEMBL1096435,3.86,CS(=O)(=O)c1ccc(cc1)[C@@H](CC2CCCC2)C(=O)Nc3nccs3,10.66666666666667,AE{~B}{~B}araaa{aar}{A**H}{AAsAAAAs}A{~B}Datdaast
CHEMBL13485,2.75,CCN(CC)CCNC(=O)c1c(C)[nH]c(\C=C\2/C(=O)Nc3ccc(Cl)cc23)c1C,29.166666666666668,AAD{AA}AADA{~B}ara{A}{dH}a{RA~ARsLA{~B}Dataaa{Z}aast}arA
CHEMBL1081913,3.0,CC(C)(C)OC(=O)N1CCC(CC1)OCc2onc(n2)c3ccncc3,25.0,AA{A}{A}BA{~B}DrAAA{AAr}BAasbda{ds}ataadaat
CHEMBL73048,2.08,C[C@@](O)(C(=O)Nc1ccc(cc1Cl)S(=O)(=O)C)C(F)(F)F,40.333333333333336,A{A**}{B}{A{~B}Daraaa{aarZ}E{~B}{~B}A}A{G}{G}G
CHEMBL1079,0.71,Clc1ccc2nsnc2c1NC3=NCCN3,63.166666666666664,ZaraaasdsdasarDAt~DAADt
CHEMBL1917459,-0.29,CCS(=O)(=O)Nc1cccc2c1c(Oc3ccc(Cl)cc3)c(C)n2CC(=O)O,79.83333333333333,AAE{~B}{~B}Daraaaasara{Bataaa{Z}aat}a{A}dsAA{~B}B
CHEMBL2030799,-0.04,CNc1cccc(CCOc2ccc(C[C@H](NC(=O)c3ccc(F)cc3Cl)C(=O)O)cc2)n1,75.66666666666667,ADaraaaa{AABasaaa{A{A*H}{DA{~B}ataaa{G}aatZ}A{~B}B}aas}dr
CHEMBL167597,3.1,CCCc1c(O)c(ccc1OCc2ccc(cc2)c3nn[nH]n3)C(=O)C,23.333333333333332,AAAara{B}a{aaarBAasaaa{aas}atdd{dH}dt}A{~B}A
CHEMBL1951164,1.1,COc1cc(OC)c(cc1NC(=O)C)S(=O)(=O)N(C)c2ccccc2,56.666666666666664,ABaraa{BA}a{aarDA{~B}A}E{~B}{~B}D{A}asaaaaas
CHEMBL549635,3.04,OCCCN(Cc1ccc(F)cc1)C(=O)CC2CCN(Cc3ccn(c3)c4ccc(cc4)C(F)(F)F)CC2,24.333333333333332,BAAAD{Aaraaa{G}aar}A{~B}AAsAAD{Aataad{at}auaaa{aau}A{G}{G}G}AAs
CHEMBL2010841,2.1,CN(C1CCN(Cc2ccc(cc2)c3noc(C)n3)CC1)C(=O)Cc4ccc(cc4)n5cnnn5,40.0,AD{ArAAD{Aasaaa{aas}atdba{A}dt}AAr}A{~B}Aauaaa{aau}dvadddv
CHEMBL941,2.5,CN1CCN(Cc2ccc(cc2)C(=O)Nc3ccc(C)c(Nc4nccc(n4)c5cccnc5)c3)CC1,33.333333333333336,ADrAAD{Aasaaa{aas}A{~B}Dataaa{A}a{Daudaaa{du}avaaadav}at}AAr
CHEMBL401158,3.07,CCCCNc1nc(SCCC)nc2c1nnn2[C@@H]3C[C@H](CO)[C@@H](O)[C@H]3O,23.83333333333334,AAAADarda{EAAA}dasarddds{A**H}tA{A*H}{AB}{A**H}{B}{A*H}tB
CHEMBL1950861,-0.55,CN[C@@H](C)C(=O)N[C@H](C(=O)N[C@H]1CCCN(CCc2ccccn2)C1)C(C)(C)C,84.16666666666667,AD{A**H}{A}A{~B}D{A*H}{A{~B}D{A*H}rAAAD{AAasaaaads}Ar}A{A}{A}A
CHEMBL23588,2.01,OC(=O)c1ccccc1Nc2cccc(c2)C(F)(F)F,41.50000000000001,BA{~B}araaaaarDasaaaa{as}A{G}{G}G
CHEMBL1689118,0.31,CC1CN(Cc2cc(Cl)ccc2OCC(=O)O)CCN1S(=O)(=O)c3ccccc3,69.83333333333334,AArAD{Aasaa{Z}aaasBAA{~B}B}AADrE{~B}{~B}ataaaaat
CHEMBL2207280,3.93,O[C@H](CNC(=O)C1=CNC(=O)c2ccc(F)cc12)CN3CCC(CC3)Oc4ccc(Cl)c(Cl)c4,9.499999999999998,B{A*H}{ADA{~B}Ar~ADA{~B}asaaa{G}aars}ADtAAA{AAt}Bauaaa{Z}a{Z}au
CHEMBL378405,3.32,CC(C)CN1C(=O)N(C)C(=O)c2c1sc(Cc3ccccc3C(F)(F)F)c2S(=O)(=O)N4CC[C@@H](O)C4,19.666666666666668,AA{A}ADrA{~B}D{A}A{~B}asarsa{AataaaaatA{G}{G}G}asE{~B}{~B}DuAA{A**H}{B}Au
CHEMBL2171038,1.71,Cc1ccccc1S(=O)(=O)NC(=O)N2CCC(CC2)N3CCC(CC3)Oc4ccc(Cl)c(Cl)c4,46.5,AaraaaaarE{~B}{~B}DA{~B}DsAAA{AAs}DtAAA{AAt}Bauaaa{Z}a{Z}au
CHEMBL1762534,3.37,COc1cccc(n1)N(C)c2ccnc(Nc3cc(cc(c3)N4CCOCC4)N5CCOCC5)n2,18.833333333333332,ABaraaaa{dr}D{A}asaada{Dataa{aa{at}DuAABAAu}DvAABAAv}ds
CHEMBL1168,-0.41,CCOC(=O)[C@H](CCc1ccccc1)N[C@@H](C)C(=O)N2[C@H]3CCC[C@H]3C[C@H]2C(=O)O,81.83333333333333,AABA{~B}{A*H}{AAaraaaaar}D{A**H}{A}A{~B}Ds{A*H}tAAA{A*H}tA{A*H}sA{~B}B
CHEMBL1775161,1.19,OC(=O)c1cn(Cc2ccccc2)c3ccccc13,55.166666666666664,BA{~B}arad{Aasaaaaas}ataaaaart
CHEMBL366255,2.83,CN(C)c1cccc(c1)C(=O)Nc2ccc(C)c(NC(=O)c3ccc(OCc4ccccn4)cc3)c2,27.833333333333332,AD{A}araaaa{ar}A{~B}Dasaaa{A}a{DA{~B}ataaa{BAauaaaadu}aat}as
CHEMBL249966,0.75,CC(C)(C)Cn1c(CN2C(=O)CC3(CCNCC3)C2=O)cc4cnc(nc14)C#N,62.5,AA{A}{A}Adra{ADsA{~B}AAt{AADAAt}As~B}aauada{daru}A^D
CHEMBL402542,1.81,CCN1CCN(Cc2cnc(c(Cl)c2)c3ccc(cc3)C(=O)Nc4ccccc4N)CC1,44.833333333333336,AADrAAD{Aasada{a{Z}as}ataaa{aat}A{~B}DauaaaaauD}AAr
CHEMBL383723,2.71,CNC(=O)Nc1cc(sc1C(=O)N)c2ccccc2,29.833333333333332,ADA{~B}Daraa{sarA{~B}D}asaaaaas
CHEMBL2153176,2.85,CCCSc1ncccc1C(=O)NC2CCC(F)(F)CC2,27.5,AAAEardaaaarA{~B}DAsAAA{G}{G}AAs
CHEMBL1576801,3.43,Cc1ccc(cc1)C(=O)C2CCN(CC2)C(=O)c3ccc(C)cc3,17.833333333333332,Aaraaa{aar}A{~B}AsAAD{AAs}A{~B}ataaa{A}aat
CHEMBL1809207,3.1,COc1cc(ccc1Nc2ncc(Cl)c(n2)c3cnc4cc(CO)ccn34)N5CCN(CC5)C(=O)C,23.333333333333332,ABaraa{aaarDasdaa{Z}a{ds}atadauaa{AB}aadtu}DvAAD{AAv}A{~B}A
CHEMBL484738,1.6,Cc1ncc(c2ccnc(Nc3ccc(cc3)S(=O)(=O)N)n2)n1C,48.333333333333336,Aardaa{asaada{Dataaa{aat}E{~B}{~B}D}ds}drA
CHEMBL2348642,1.9,CNc1nc(C)c(s1)c2nc(Nc3cccc(c3)N4CCNCC4)ncc2C#N,43.333333333333336,ADarda{A}a{sr}asda{Dataaaa{at}DuAADAAu}daasA^D
CHEMBL2036774,3.32,Clc1ccc(NC(=O)N2CCN(C[C@H]3CN(CCO3)C4CC4)CC2)cc1Cl,19.666666666666668,Zaraaa{DA{~B}DsAAD{A{A*H}tAD{AABt}AuAAu}AAs}aarZ
CHEMBL1829270,1.38,CCC(N(CCCN)C(=O)c1ccccc1)C2=Nc3ccsc3C(=O)N2Cc4ccccc4,52.0,AAA{D{AAAD}A{~B}araaaaar}As~DataasatA{~B}DsAauaaaaau
CHEMBL1221607,0.91,NC1=NC(Nc2cccc(F)c12)c3cccs3,59.833333333333336,DAr~DA{Dasaaaa{G}ars}ataaast
CHEMBL12,2.69,CN1C(=O)CN=C(c2ccccc2)c3cc(Cl)ccc13,30.166666666666668,ADrA{~B}AD~A{asaaaaas}ataa{Z}aaart
CHEMBL2087847,3.62,Cn1cncc1c2c3C(=O)N(CC=C)C(=O)N(CC4CC4)c3nn2Cc5ccnc6ccc(Cl)cc56,14.666666666666664,AdradaarasatA{~B}D{AA~A}A{~B}D{AAuAAu}atddsAavaadawaaa{Z}aavw
CHEMBL278623,1.0,CC(C)(N)C(=O)N[C@H](Cc1c[nH]c2ccccc12)C(=O)N[C@H](Cc3c[nH]c4ccccc34)NC=O,58.333333333333336,AA{A}{D}A{~B}D{A*H}{Aara{dH}asaaaaars}A{~B}D{A*H}{Aata{dH}auaaaaatu}DA~B
CHEMBL327027,3.8,c1ccc(cc1)c2c[nH]c(n2)c3ccccc3,11.66666666666667,araaa{aar}asa{dH}a{ds}ataaaaat
CHEMBL861,1.59,CCC1(NC(=O)N(C)C1=O)c2ccccc2,48.5,AAAr{DA{~B}D{A}Ar~B}asaaaaas
CHEMBL2164741,0.45,O[C@H]1CN(CCN2C(=O)C=Cc3ccc(cc23)C#N)CC[C@H]1NCc4cc5OCCOc5cn4,67.5,B{A*H}rAD{AADsA{~B}A~Aataaa{aast}A^D}AA{A*H}rDAauaavBAABavadu
CHEMBL344319,1.05,Cc1c(CCC(=O)O)c[nH]c1\C=C\2/C(=O)Nc3ccccc23,57.5,Aara{AAA{~B}B}a{dH}arRA~ARsLA{~B}Dataaaaast
CHEMBL481205,2.24,COCCOc1cc2ncc(C(=O)N)c(Nc3ccc(C)cc3F)c2cc1N4CCN(C)CC4,37.666666666666664,ABAABaraasdaa{A{~B}D}a{Dataaa{A}aatG}asaarDuAAD{A}AAu
CHEMBL214798,2.72,COc1cc2ncnc(Nc3cccc(Cl)c3F)c2cc1OC4CCN(C)CC4,29.66666666666666,ABaraasdada{Dataaaa{Z}atG}asaarBAuAAD{A}AAu
CHEMBL305406,4.1,Clc1cccc(Cl)c1\C(=C\n2cncn2)\OC3CCCCCC3,6.666666666666672,Zaraaaa{Z}arRA{~ARdsadads}RBAtAAAAAAt
CHEMBL1312599,4.38,Brc1oc(cc1)c2nc3cc(NS(=O)(=O)c4ccccc4)ccc3[nH]2,2.0000000000000018,Xarba{aar}asdataa{DE{~B}{~B}auaaaaau}aaat{dH}s
CHEMBL1631466,1.85,Nc1c2C(=O)N(Cc2nc3c(cccc13)c4ncccn4)C5CCC5,44.166666666666664,DarasA{~B}D{Aasdata{aaaart}audaaadu}AvAAAv
CHEMBL192894,3.37,COc1ccc(cc1)c2c(C)[nH]nc2c3ccc(O)cc3O,18.833333333333332,ABaraaa{aar}asa{A}{dH}dasataaa{B}aatB
CHEMBL1175,2.09,CNCC[C@H](Oc1cccc2ccccc12)c3cccs3,40.166666666666664,ADAA{A*H}{Baraaaasaaaaars}ataaast
CHEMBL44245,3.0,CC(N1Cc2ccccc2C1=O)c3ccccc3,25.0,AA{DrAasaaaaasAr~B}ataaaaat
CHEMBL472258,3.02,COc1ccc(N(C(C)C(=O)NC2CCCC2)C(=O)c3ccccc3)c(OC)c1,24.666666666666668,ABaraaa{D{A{A}A{~B}DAsAAAAs}A{~B}ataaaaat}a{BA}ar
CHEMBL235821,1.4,NC1=NC(=CC(=O)N1)CCc2ccccc2,51.666666666666664,DAr~DA{~AA{~B}Dr}AAasaaaaas
CHEMBL2335886,3.1,COCCOc1ccc(Nc2ncc3cc(ccc3n2)c4ccncc4)cc1,23.333333333333332,ABAABaraaa{Dasdaataa{aaatds}auaadaau}aar
CHEMBL1774056,3.11,C[C@H](Nc1nc(Nc2cc(C)[nH]n2)c(F)cc1C#N)c3ccc(F)cn3,23.166666666666668,A{A*H}{Darda{Dasaa{A}{dH}ds}a{G}aarA^D}ataaa{G}adt
CHEMBL232627,0.67,OC(=O)CN1C(=O)C(Cc2ccccc12)NC(=O)c3cc4sc(Cl)c(Cl)c4[nH]3,63.833333333333336,BA{~B}ADrA{~B}A{Aasaaaaars}DA{~B}ataausa{Z}a{Z}au{dH}t
CHEMBL325226,3.5,CC(C)n1c2ccccc2c3c(C)c(NC(=O)N4CCOCC4)ccc13,16.666666666666668,AA{A}drasaaaaasata{A}a{DA{~B}DuAABAAu}aaart
CHEMBL300664,2.92,Fc1ccccc1c2ccc3c(c2)C(=O)C(=O)c4ccccc34,26.333333333333332,Garaaaaarasaaata{as}A{~B}A{~B}auaaaaatu
CHEMBL110941,2.45,Cc1cc(C)cc(CCOCCS(=O)(=O)NCCNCCc2ccc(O)c3nc(O)sc23)c1,34.166666666666664,Aaraa{A}aa{AABAAE{~B}{~B}DAADAAasaaa{B}atda{B}sast}ar
CHEMBL1575581,2.23,Cc1ccc2c(N)c(C#N)sc2n1,37.833333333333336,Aaraaasa{D}a{A^D}sasdr
CHEMBL1340091,1.97,O=S(=O)(Nc1ccc(cc1)S(=O)(=O)Nc2nccs2)c3ccc4OCCOc4c3,42.16666666666667,B~E{~B}{Daraaa{aar}E{~B}{~B}Dasdaass}ataaauBAABauat
CHEMBL1709618,1.5,COc1ccc(cc1)C(CNC(=O)Nc2ccccc2)N3CCN(C)CC3,50.0,ABaraaa{aar}A{ADA{~B}Dasaaaaas}DtAAD{A}AAt
CHEMBL573287,3.51,COc1ccc(Nc2cc(Oc3cc(C)c(C)nc3c4ccccn4)ccn2)cc1,16.500000000000004,ABaraaa{Dasaa{Bataa{A}a{A}datauaaaadu}aads}aar
CHEMBL1908856,2.56,COc1ccc(NC(=O)c2ccc(c(C)c2)c3ccncc3)cc1N4CCN(C)CC4,32.333333333333336,ABaraaa{DA{~B}asaaa{a{A}as}ataadaat}aarDuAAD{A}AAu
CHEMBL2153175,3.36,CCCSc1ncccc1C(=O)N(C)C2CCCCC2,19.000000000000004,AAAEardaaaarA{~B}D{A}AsAAAAAs
CHEMBL155103,1.2,CCOC(=O)C1=Cc2ccc(O)cc2OC1=O,55.0,AABA{~B}Ar~Aasaaa{B}aasBAr~B
CHEMBL301018,3.67,COc1cc2ncnc(Nc3ccc(F)c(Cl)c3)c2cc1OC,13.833333333333334,ABaraasdada{Dataaa{G}a{Z}at}asaarBA
CHEMBL1778612,-0.69,OC(=O)COc1ccc(cc1c2ccccc2)[N+](=O)[O-],86.5,BA{~B}ABaraaa{aarasaaaaas}{DP}{~B}{BM}
CHEMBL2177110,0.7,CCCSc1c(cnn1c2cccc(c2)C(=O)O)C(=O)NC3CCCCC3,63.333333333333336,AAAEara{addrasaaaa{as}A{~B}B}A{~B}DAtAAAAAt
CHEMBL13589,1.4,Nc1ncnc(Nc2ccccc2)n1,51.666666666666664,Dardada{Dasaaaaas}dr
CHEMBL520734,1.06,NC(=O)Nc1sc(cc1C(=O)N[C@H]2CCCNC2)c3ccsc3,57.333333333333336,DA{~B}Darsa{aarA{~B}D{A*H}sAAADAs}ataasat
CHEMBL954,4.09,CCN(CC)CCOc1ccc(cc1)\C(=C(\Cl)/c2ccccc2)\c3ccccc3,6.833333333333336,AAD{AA}AABaraaa{aar}RA{~A{RZ}Lasaaaaas}Rataaaaat
CHEMBL1077979,1.64,COc1cc(O)c2C(=O)O[C@@H](C)C\C=C/C(=O)[C@@H](O)[C@@H](O)C\C=C\c2c1,47.66666666666668,ABaraa{B}asA{~B}B{A**H}{A}ARA~ALA{~B}{A**H}{B}{A**H}{B}ARA~ARasar
CHEMBL1967560,2.75,CCN1N(C2CCCC2)c3nc(Nc4ccc(cc4OC)C(=O)NC5CCN(C)CC5)ncc3N(C)C1=O,29.166666666666668,AADrD{AsAAAAs}atda{Dauaaa{aauBA}A{~B}DAvAAD{A}AAv}daatD{A}Ar~B
CHEMBL108939,1.5,COc1ccccc1Oc2ccc(cc2)N(Cc3cccnc3)S(=O)(=O)CC(F)(F)F,50.0,ABaraaaaarBasaaa{aas}D{Aataaadat}E{~B}{~B}AA{G}{G}G
CHEMBL1289717,1.6,O=C1C=C(C=CN1c2ccc3c(cnn3CCN4CCCC4)c2)c5ccccc5,48.333333333333336,B~ArA~A{A~ADrasaaata{addtAADuAAAAu}as}avaaaaav
CHEMBL178397,3.8,CC1=NC(=C(NC1=O)c2ccccc2)c3ccc(CN4CCC(CC4)N5C(=O)Nc6ccccc56)cc3,11.66666666666667,AAr~DA{~A{DAr~B}asaaaaas}ataaa{ADuAAA{AAu}DvA{~B}Dawaaaaavw}aat
CHEMBL1290108,3.47,Clc1ccc(N2CCN(CC2)C(=O)COCc3ccccn3)c(Cl)c1,17.166666666666664,Zaraaa{DsAAD{AAs}A{~B}ABAataaaadt}a{Z}ar
CHEMBL2179276,0.93,CC(C)C[C@H](N1CCC[C@@H](C1)N2C=C(C)C(=O)NC2=O)c3ccc(C(=O)O)c(Oc4cccc(Cl)c4)c3,59.5,AA{A}A{A*H}{DrAAA{A**H}{Ar}DsA~A{A}A{~B}DAs~B}ataaa{A{~B}B}a{Bauaaaa{Z}au}at
CHEMBL778,2.79,C[C@H](c1c[nH]cn1)c2cccc(C)c2C,28.5,A{A*H}{ara{dH}adr}asaaaa{A}asA
CHEMBL1946617,1.89,OC1CCN(CC1)C(=O)c2ccc(cc2)C(=C3CCN(Cc4cscn4)CC3)c5cccc6cccnc56,43.50000000000001,BArAAD{AAr}A{~B}asaaa{aas}A{~AtAAD{Aauasadu}AAt}avaaaawaaadavw
CHEMBL327502,3.02,COc1ccc(cc1)N2Sc3ccccc3C2=O,24.666666666666668,ABaraaa{aar}DsEataaaaatAs~B
CHEMBL1829261,1.33,CCC(N(CC1CCNCC1)C(=O)c2ccc(C)cc2)C3=Nc4ccsc4C(=O)N3Cc5ccccc5,52.833333333333336,AAA{D{AArAADAAr}A{~B}asaaa{A}aas}At~DauaasauA{~B}DtAavaaaaav
CHEMBL2326864,-0.82,CC(=O)Nc1nc(CCc2ccc(NC(=N)N)cc2)cs1,88.66666666666667,AA{~B}Darda{AAasaaa{DA{~D}D}aas}asr
CHEMBL400964,2.11,CN1C[C@H](c2ccccc2)c3cccc(N)c3C1,39.833333333333336,ADrA{A*H}{asaaaaas}ataaaa{D}atAr
CHEMBL460102,2.16,CC(C)n1c(C)ncc1c2nc(Nc3ccc(cc3)C(=O)N4CC[C@@H](C4)N(C)C)ncc2F,39.0,AA{A}dra{A}daarasda{Dataaa{aat}A{~B}DuAA{A**H}{Au}D{A}A}daasG
CHEMBL2036581,3.2,COc1ccc(NC(=O)c2oc(Nc3ccccc3F)nn2)cn1,21.66666666666666,ABaraaa{DA{~B}asba{DataaaaatG}dds}adr
CHEMBL322722,2.41,Cc1ccc(CCCOCCS(=O)(=O)CCCNCCc2ccc(O)c3nc(O)sc23)s1,34.833333333333336,Aaraaa{AAABAAE{~B}{~B}AAADAAasaaa{B}atda{B}sast}sr
CHEMBL2208425,3.33,O[C@H](CNC(=O)c1cn2cc(F)ccc2n1)CN3CCC(CC3)Oc4ccc(Cl)c(Cl)c4,19.5,B{A*H}{ADA{~B}aradsaa{G}aaasdr}ADtAAA{AAt}Bauaaa{Z}a{Z}au
CHEMBL2031158,0.51,OC(=O)[C@H](Cc1ccc(CCCCNc2ccccn2)cc1)NC(=O)c3c(Cl)cccc3Cl,66.5,BA{~B}{A*H}{Aaraaa{AAAADasaaaads}aar}DA{~B}ata{Z}aaaatZ
CHEMBL2059376,2.21,CCNC(=O)c1cc2c(c(cnc2[nH]1)c3cncc(c3)C(=O)NC)n4ccc(n4)C(F)(F)F,38.166666666666664,AADA{~B}araasa{a{adas{dH}r}atadaa{at}A{~B}DA}duaaa{du}A{G}{G}G
CHEMBL420055,0.9,COc1cc(ccc1Cn2cnc3ccc(NC(=O)CC4CCCC4)cc23)C(=O)NS(=O)(=O)c5ccccc5,60.0,ABaraa{aaarAdsadataaa{DA{~B}AAuAAAAu}aast}A{~B}DE{~B}{~B}avaaaaav
CHEMBL60088,0.74,NC(=N)c1cc2c(I)cccc2s1,62.666666666666664,DA{~D}araasa{H}aaaassr
CHEMBL2030006,2.34,Oc1ccc(cc1)C2=CC(=O)c3ccccc3N2,36.0,Baraaa{aar}As~AA{~B}ataaaaatDs
CHEMBL2110579,2.1,CN(C)N(C)C(=O)[C@@]1(Cc2ccccc2)CCCN(C1)C(=O)[C@@H](Cc3c[nH]c4ccccc34)NC(=O)C(C)(C)N,40.0,AD{A}D{A}A{~B}{A**}r{Aasaaaaas}AAAD{Ar}A{~B}{A**H}{Aata{dH}auaaaaatu}DA{~B}A{A}{A}D
CHEMBL1421,3.41,Cc1nc(Nc2ncc(s2)C(=O)Nc3c(C)cccc3Cl)cc(n1)N4CCN(CCO)CC4,18.166666666666664,Aarda{Dasdaa{ss}A{~B}Data{A}aaaatZ}aa{dr}DuAAD{AAB}AAu
CHEMBL324875,2.07,Cc1ccc(CCOCCNS(=O)(=O)CCCNCCc2ccc(O)c3nc(O)sc23)cc1,40.50000000000001,Aaraaa{AABAADE{~B}{~B}AAADAAasaaa{B}atda{B}sast}aar
CHEMBL134074,4.2,Cc1ccc2NC(=O)OC3(CCN(CCc4nc(oc4C)c5ccccc5)CC3)c2c1,4.999999999999997,AaraaasDA{~B}BAt{AAD{AAauda{bauA}avaaaaav}AAt}asar
CHEMBL1718768,2.1,CCn1c(SCC(=O)Nc2c(cnn2c3ccccc3)C#N)nnc1c4cccs4,40.0,AAdra{EAA{~B}Dasa{addsataaaaat}A^D}ddarauaaasu
CHEMBL266094,1.53,Nc1ncnc2c1ncn2Cc3ccccc3,49.5,DardadasardadsAataaaaat
CHEMBL452464,2.8,CC(C)C[C@@H](CO)NS(=O)(=O)c1ccc(Cl)s1,28.33333333333334,AA{A}A{A**H}{AB}DE{~B}{~B}araaa{Z}sr
CHEMBL1951011,3.7,CC(C)OC(=O)N1CCC(CC1)Oc2ncnc(Oc3ccc(cc3F)S(=O)(=O)C)c2C,13.33333333333333,AA{A}BA{~B}DrAAA{AAr}Basdada{Bataaa{aatG}E{~B}{~B}A}asA
CHEMBL203567,1.91,Nc1c(cnn1c2ccc(F)cc2)C(=O)c3cccc(OC[C@@H](O)CO)c3,43.166666666666664,Dara{addrasaaa{G}aas}A{~B}ataaaa{BA{A**H}{B}AB}at
CHEMBL1829408,2.72,CCC(N(CCCN)C(=O)c1ccc(cc1)C(C)C)C2=Nc3ccsc3C(=O)N2Cc4ccccc4,29.66666666666666,AAA{D{AAAD}A{~B}araaa{aar}A{A}A}As~DataasatA{~B}DsAauaaaaau
CHEMBL325873,1.2,CC(C)C(NC(=O)CN1C(=O)C(=CC=C1c2cccc(c2)C(=O)O)NC(=O)OCc3ccccc3)C(=O)C(F)(F)F,55.0,AA{A}A{DA{~B}ADrA{~B}A{~AA~Arasaaaa{as}A{~B}B}DA{~B}BAataaaaat}A{~B}A{G}{G}G
CHEMBL1020,-1.02,Cc1ccc(cc1)C(=O)c2ccc(CC(=O)O)n2C,92.0,Aaraaa{aar}A{~B}asaaa{AA{~B}B}dsA
CHEMBL300846,2.0,COc1cc(ccc1Cc2c[nH]c3ccc(NC(=O)CC4CCCC4)cc23)C(=O)NS(=O)(=O)c5ccccc5C,41.666666666666664,ABaraa{aaarAasa{dH}ataaa{DA{~B}AAuAAAAu}aast}A{~B}DE{~B}{~B}avaaaaavA
CHEMBL2335889,3.04,CC(=O)Nc1ccc(Nc2ncc3cc(ccc3n2)c4ccncc4)cc1,24.333333333333332,AA{~B}Daraaa{Dasdaataa{aaatds}auaadaau}aar
CHEMBL206200,2.18,COCCNc1nc(N)c2nc(O)n(Cc3ccccc3)c2n1,38.666666666666664,ABAADarda{D}asda{B}d{Aataaaaat}asdr
CHEMBL1818381,0.22,OC(=O)C1=CN(C2CC2)c3cc(N4CCN(CC4)C(=O)CC[N+](=O)[O-])c(F)cc3C1=O,71.33333333333333,BA{~B}Ar~AD{AsAAs}ataa{DuAAD{AAu}A{~B}AA{DP}{~B}{BM}}a{G}aatAr~B
CHEMBL1257578,2.44,Cc1ccc(CN2[C@@H]3CC[C@H]2C[C@@H](C3)Oc4cccc(c4)C(=O)N)s1,34.333333333333336,Aaraaa{ADs{A**H}tAA{A*H}sA{A**H}{At}Bauaaaa{au}A{~B}D}sr
CHEMBL257269,3.36,C[C@H](CO)Nc1nc(SCc2cccc(F)c2F)nc3NC(=O)C=Cc13,19.000000000000004,A{A*H}{AB}Darda{EAasaaaa{G}asG}datDA{~B}A~Aart
CHEMBL224013,3.1,COc1cc2ncnc(Nc3ccc(F)cc3)c2cc1OC,23.333333333333332,ABaraasdada{Dataaa{G}aat}asaarBA
CHEMBL1087398,3.45,C[C@H](Nc1nc(Nc2ncc(C#N)s2)cc(n1)N3CCOCC3)c4ccc(F)cn4,17.499999999999996,A{A*H}{Darda{Dasdaa{A^D}ss}aa{dr}DtAABAAt}auaaa{G}adu
CHEMBL1951074,-1.04,COc1cc(OC)c(cc1NC(=S)NCC(=O)O)S(=O)(=O)N2C(C)CCc3ccccc23,92.33333333333333,ABaraa{BA}a{aarDA{~E}DAA{~B}B}E{~B}{~B}DsA{A}AAataaaaast
CHEMBL268362,1.8,COc1ccccc1CNC(=O)c2ccc3cnccc3n2,45.0,ABaraaaaarADA{~B}asaaatadaaatds
CHEMBL2062580,2.94,CC(=O)Nc1ccc2c(c1)c(cn2C)c3cc(NC4CC4)n5ncc(C#N)c5n3,26.0,AA{~B}Daraaasa{ar}a{adsA}ataa{DAuAAu}dvdaa{A^D}avdt
CHEMBL2151325,2.55,CCOc1cc(Nc2nc3c(cc2F)ncn3[C@@H](CO)c4ccc(F)cn4)n[nH]1,32.50000000000001,AABaraa{Dasdata{aasG}dadt{A**H}{AB}auaaa{G}adu}d{dH}r
CHEMBL187709,3.98,CCN(CC)CCOc1ccc(cc1)C(O)(Cc2ccc(Cl)cc2)c3ccc(C)cc3,8.666666666666666,AAD{AA}AABaraaa{aar}A{B}{Aasaaa{Z}aas}ataaa{A}aat
CHEMBL2331743,1.96,CC1=CN([C@H]2CCCN(C2)S(=O)(=O)c3ccc(C(=O)N)c(Oc4cccc(Cl)c4)c3)C(=O)NC1=O,42.333333333333336,AAr~AD{{A*H}sAAAD{As}E{~B}{~B}ataaa{A{~B}D}a{Bauaaaa{Z}au}at}A{~B}DAr~B
CHEMBL2012863,2.48,NC1=CC2=NNC(=O)N2c3cc(ccc13)c4occc4,33.666666666666664,DAr~AAs~DDA{~B}Dsataa{aaart}aubaaau
CHEMBL336619,4.05,Clc1ccccc1C(=O)NCC23CC4CC(CC(C4)C2)C3,7.500000000000003,ZaraaaaarA{~B}DAAstAAuAA{AA{Au}As}At
CHEMBL1458783,1.75,Nc1nccc(n1)c2cccs2,45.833333333333336,Dardaaa{dr}asaaass
CHEMBL324465,2.73,CN1CCC(CC1)(C#N)c2cccc3ccccc23,29.5,ADrAAA{AAr}{A^D}asaaaataaaaast
CHEMBL519779,3.4,COc1cc2ncc(C(=O)N)c(Nc3cccc(Cl)c3Cl)c2cc1OC,18.333333333333336,ABaraasdaa{A{~B}D}a{Dataaaa{Z}atZ}asaarBA
CHEMBL261237,3.3,N\C(=C(\C#N)/c1ccccc1C(F)(F)F)\Sc2ccc(N)cc2,20.000000000000004,DRA{~A{RA^D}LaraaaaarA{G}{G}G}REasaaa{D}aas
CHEMBL191083,-0.88,CN(C)c1ccc2N=C3C=CC(=[N+](C)C)C=C3Sc2c1,89.66666666666667,AD{A}araaasD~AtA~AA{~{DP}{A}A}A~AtEasar
CHEMBL1682944,3.25,CC[C@H](NC(=O)c1c(CS(=O)(=O)C)c(nc2ccccc12)c3ccccc3)c4ccccc4,20.833333333333332,AA{A*H}{DA{~B}ara{AE{~B}{~B}A}a{dasaaaaars}ataaaaat}auaaaaau
CHEMBL423,0.63,CC(C)NCC(O)COc1ccc(CCOCC2CC2)cc1,64.5,AA{A}DAA{B}ABaraaa{AABAAsAAs}aar
CHEMBL1784366,1.5,Cc1nsc(C)c1CCC2CCN(CC2)S(=O)(=O)CC3(CCOCC3)N(O)C=O,50.0,Aardsa{A}arAAAsAAD{AAs}E{~B}{~B}AAt{AABAAt}D{B}A~B
CHEMBL379828,1.16,COc1ccc2c(c1)c(c(C)n2CC(=O)O)c3ccnc4cc(Cl)ccc34,55.666666666666664,ABaraaasa{ar}a{a{A}dsAA{~B}B}ataadauaa{Z}aaatu
CHEMBL1807858,2.16,Nc1nc(OC2CCCC2)nc3c1ncn3[C@@H]4O[C@H](CO)[C@H](Cl)[C@H]4O,39.0,Darda{BAsAAAAs}datardadt{A**H}uB{A*H}{AB}{A*H}{Z}{A*H}uB
CHEMBL1916546,0.68,COc1cc2N(CCN3CCC(CC3)NCc4cc5OCCOc5cn4)C(=O)C=Cc2cn1,63.666666666666664,ABaraasD{AADtAAA{AAt}DAauaavBAABavadu}A{~B}A~Aasadr
CHEMBL100539,4.21,O=C(NCC12CC3CC(CC(C3)C1)C2)c4ccccc4,4.833333333333334,B~A{DAArsAAtAA{AA{At}Ar}As}auaaaaau
CHEMBL1741329,2.87,Cc1ccn2c(NC(=O)c3ccccc3)c(nc2c1)c4cccs4,27.166666666666668,Aaraadsa{DA{~B}ataaaaat}a{dasar}auaaasu
CHEMBL341161,2.61,Fc1cc(ccc1C2=CCOCC2)N3C[C@H](COc4ccon4)OC3=O,31.5,Garaa{aaarAs~AABAAs}DtA{A*H}{ABauaabdu}BAt~B
CHEMBL115,2.9,CC(C)(C)NC(=O)[C@@H]1CN(Cc2cccnc2)CCN1C[C@@H](O)C[C@@H](Cc3ccccc3)C(=O)N[C@@H]4[C@H](O)Cc5ccccc45,26.666666666666668,AA{A}{A}DA{~B}{A**H}rAD{Aasaaadas}AADrA{A**H}{B}A{A**H}{Aataaaaat}A{~B}D{A**H}u{A*H}{B}Aavaaaaauv
CHEMBL2158829,1.99,OC(=O)COc1cccc(c1)N2CCC(CN3CCC(CC3)Oc4ccc(Cl)c(Cl)c4)CC2,41.83333333333333,BA{~B}ABaraaaa{ar}DsAAA{ADtAAA{AAt}Bauaaa{Z}a{Z}au}AAs
CHEMBL1824364,3.2,Oc1cccc(NC(=O)c2ccc(OCCCN3CCCC3)cc2OCc4ccc(F)cc4)c1,21.66666666666666,Baraaaa{DA{~B}asaaa{BAAADtAAAAt}aasBAauaaa{G}aau}ar
CHEMBL112,0.25,CC(=O)Nc1ccc(O)cc1,70.83333333333333,AA{~B}Daraaa{B}aar
CHEMBL1386638,3.69,Cc1cc(NCc2ccccc2)nc3ccccc13,13.5,Aaraa{DAasaaaaas}dataaaaart
CHEMBL2177601,0.8,Cc1c(cnn1c2ccc(cc2)C(=O)O)C(=O)NC3C4CC5CC(CC3C5)C4,61.666666666666664,Aara{addrasaaa{aas}A{~B}B}A{~B}DAtAuAAvAA{AAtAv}Au
CHEMBL2078812,2.18,NC(=O)Nc1sc(cc1C(=O)N[C@H]2CCCNC2)c3cc(F)cc(F)c3,38.666666666666664,DA{~B}Darsa{aarA{~B}D{A*H}sAAADAs}ataa{G}aa{G}at
CHEMBL1778625,0.29,COc1ccc(cc1)c2cc(ccc2OCC(=O)O)C(F)(F)F,70.16666666666667,ABaraaa{aar}asaa{aaasBAA{~B}B}A{G}{G}G
CHEMBL254361,1.0,Nc1ccccc1NC(=O)c2ccccn2,58.333333333333336,DaraaaaarDA{~B}asaaaads
CHEMBL92172,2.25,O=C(Nc1nccs1)c2cccnc2,37.5,B~A{Dardaasr}asaaadas
CHEMBL1571801,2.12,Nc1nc(nc(N)c1Cc2ccccc2F)c3ccccn3,39.666666666666664,Darda{da{D}arAasaaaaasG}ataaaadt
CHEMBL1916540,1.72,COc1ccc2C(=CC(=O)N(CCN3CCC(CC3)NCc4cc5OCCOc5cn4)c2c1)C,46.333333333333336,ABaraaasA{~AA{~B}D{AADtAAA{AAt}DAauaavBAABavadu}asar}A
CHEMBL2062559,2.88,N#Cc1cnn2c(NC3CC3)cc(nc12)c4cccs4,27.0,D^Aaraddsa{DAtAAt}aa{dars}auaaasu
CHEMBL1778636,-0.25,OC(=O)COc1ccc(Cl)cc1c2cccc(c2)C#N,79.16666666666667,BA{~B}ABaraaa{Z}aarasaaaa{as}A^D
CHEMBL1916263,2.51,CCC(CC)NC(=O)c1cn(nc1NS(=O)(=O)c2ccc(C)cc2)c3ccccc3,33.16666666666667,AAA{AA}DA{~B}arad{darDE{~B}{~B}asaaa{A}aas}ataaaaat
CHEMBL1888044,2.41,FC(F)(F)c1nnc2ccc(nn12)N3CCCC3,34.833333333333336,GA{G}{G}arddasaaa{ddrs}DtAAAAt
CHEMBL385049,1.96,COc1cc2c(Nc3cc(CC(=O)Nc4cccc(F)c4F)[nH]n3)ncnc2cc1OCCCN5CCC[C@@H]5CO,42.333333333333336,ABaraasa{Dataa{AA{~B}Dauaaaa{G}auG}{dH}dt}dadasaarBAAADvAAA{A**H}vAB
CHEMBL16293,3.29,c1ccc2ccccc2c1,20.166666666666668,araaasaaaaasar
CHEMBL2325986,2.17,CC(NC(=O)C1(N)CCN(CC1)c2ncnc3[nH]ccc23)c4ccccc4,38.833333333333336,AA{DA{~B}Ar{D}AAD{AAr}asdadat{dH}aaast}auaaaaau
CHEMBL1824045,2.19,O=C1COc2ccc(CNC3CCN(CCN4C(=O)COc5ccc(cc45)c6occc6)CC3)nc2N1,38.5,B~ArABasaaa{ADAtAAD{AADuA{~B}ABavaaa{aauv}awbaaaw}AAt}dasDr
CHEMBL1829424,2.06,CCC(N(CCCN)C(=O)c1ccc(C)cc1)C2=Nc3sccc3C(=O)N2Cc4ccccc4,40.666666666666664,AAA{D{AAAD}A{~B}araaa{A}aar}As~DatsaaatA{~B}DsAauaaaaau
CHEMBL1669170,3.4,O=C(CN1CCOCC1)Nc2ccc(cc2c3ccccc3)c4cccc5C(=O)C=C(Oc45)N6CCOCC6,18.333333333333336,B~A{ADrAABAAr}Dasaaa{aasataaaaat}auaaaavA{~B}A~A{Bauv}DwAABAAw
CHEMBL1389402,1.53,Cc1onc(CO)c1C(=O)Nc2nccs2,49.5,Aarbda{AB}arA{~B}Dasdaass
CHEMBL1539253,4.24,Cc1ccnc(NCc2c(O)ccc3ccccc23)c1,4.3333333333333295,Aaraada{DAasa{B}aaataaaaast}ar
CHEMBL401874,4.3,CC(C)CN1C(=O)N(C)C(=O)c2c1nn(Cc3cccc4ccccc34)c2c5ccncc5,3.333333333333336,AA{A}ADrA{~B}D{A}A{~B}asardd{Aataaaauaaaaatu}asavaadaav
CHEMBL110599,3.07,COc1ccc(C(CN2CCCC2)N(C)C(=O)Cc3ccc(Cl)c(Cl)c3)c(OC)c1,23.83333333333334,ABaraaa{A{ADsAAAAs}D{A}A{~B}Aataaa{Z}a{Z}at}a{BA}ar
CHEMBL455651,3.31,CNC(=O)c1ccc(Nc2ncc(F)c(n2)c3cnc(C)n3C(C)C)cc1F,19.833333333333332,ADA{~B}araaa{Dasdaa{G}a{ds}atada{A}dtA{A}A}aarG
CHEMBL291514,3.3,COc1cc2ncnc(Nc3ccc(F)c(Cl)c3)c2cc1OCCCN4CCCCC4,20.000000000000004,ABaraasdada{Dataaa{G}a{Z}at}asaarBAAADuAAAAAu
CHEMBL460087,1.22,CN[C@H]1CCN(C1)C(=O)c2ccc(Nc3nccc(n3)c4cnc(C)n4C(C)C)cc2,54.666666666666664,AD{A*H}rAAD{Ar}A{~B}asaaa{Datdaaa{dt}auada{A}duA{A}A}aas
CHEMBL1441229,3.0,Cc1cc(C)n(n1)c2cccc(Cl)c2C#N,25.0,Aaraa{A}d{dr}asaaaa{Z}asA^D
CHEMBL2164683,3.03,Fc1cccc2c3CN(CCc3[nH]c12)C(=O)[C@@H]4CCCC[C@H]4C(=O)NC5(CC5)C#N,24.500000000000004,GaraaaasatAD{AAat{dH}ars}A{~B}{A**H}uAAAA{A*H}uA{~B}DAv{AAv}A^D
CHEMBL1187646,1.5,NCCCC(=O)OCCN1CCN(CCCN2c3ccccc3Sc4ccc(Cl)cc24)CC1,50.0,DAAAA{~B}BAADrAAD{AAADsataaaaatEauaaa{Z}aasu}AAr
CHEMBL2325702,2.0,Cn1ccc2c(cccc12)c3nc(CS(=O)(=O)C)cc(n3)N4CCOCC4,41.666666666666664,Adraaasa{aaaars}atda{AE{~B}{~B}A}aa{dt}DuAABAAu
CHEMBL1599839,3.3,Oc1nc2ccccc2nc1NCc3ccccc3,20.000000000000004,BardasaaaaasdarDAataaaaat
CHEMBL1950856,2.92,CN[C@@H](C)C(=O)N[C@H](C(=O)N[C@H]1CCCN(CCc2ccc(Br)cc2)C1)C(C)(C)C,26.333333333333332,AD{A**H}{A}A{~B}D{A*H}{A{~B}D{A*H}rAAAD{AAasaaa{X}aas}Ar}A{A}{A}A
CHEMBL114123,2.5,CCCCCCN1CC[C@@]2(C)[C@@H](C)C1Cc3ccc(O)cc23,33.333333333333336,AAAAAADrAA{A**}s{A}{A**H}{A}ArAataaa{B}aast
CHEMBL275742,1.13,CC(C)NC[C@@H](O)COc1cccc2ccccc12,56.166666666666664,AA{A}DA{A**H}{B}ABaraaaasaaaaars
CHEMBL280916,0.84,CC(C)C(NC(=O)CN1C(=O)C(=CC=C1c2ccccc2)NC(=O)OCc3ccc(cc3)C(=O)O)C(=O)C(F)(F)F,61.0,AA{A}A{DA{~B}ADrA{~B}A{~AA~Arasaaaaas}DA{~B}BAataaa{aat}A{~B}B}A{~B}A{G}{G}G
CHEMBL1313164,3.38,Cc1nc(CSc2ccc(Cl)cc2)cc(n1)N3CCOCC3,18.666666666666668,Aarda{AEasaaa{Z}aas}aa{dr}DtAABAAt
CHEMBL2178948,1.3,Cc1nc(C)c(nc1C(=O)N)c2ccc3c(CC[C@@]34CC[C@H](CC4)C(=O)O)c2,53.333333333333336,Aarda{A}a{darA{~B}D}asaaata{AA{A**}tuAA{A*H}{AAu}A{~B}B}as
CHEMBL2336326,2.49,C[C@H]1COCCN1c2nc(N3CCOC[C@@H]3C)c4ccc(nc4n2)c5cccc(c5)C(=O)NCCO,33.49999999999999,A{A*H}rABAADrasda{DtAABA{A**H}tA}auaaa{dauds}avaaaa{av}A{~B}DAAB
CHEMBL592374,1.96,Clc1ccc(cc1Cl)[C@]23CNC[C@H]2C3,42.333333333333336,Zaraaa{aarZ}{A*}stADA{A*H}sAt
CHEMBL2031233,2.17,CN1CCN(CC1)c2ccc3N=CN(C(=O)c3c2)c4cc(NC(=O)C5CC5)ccc4C,38.833333333333336,ADrAAD{AAr}asaaatD~AD{A{~B}atas}auaa{DA{~B}AvAAv}aaauA
CHEMBL1289283,2.0,O=C1C=C(OCc2ccccc2)C=CN1c3ccc4c(cnn4CCN5CCCC5)c3,41.666666666666664,B~ArA~A{BAasaaaaas}A~ADrataaaua{adduAADvAAAAv}at
CHEMBL1461377,3.15,Fc1ccc(cc1)C(=O)C2CCN(CC2)C(=O)NCc3ccccc3,22.5,Garaaa{aar}A{~B}AsAAD{AAs}A{~B}DAataaaaat
CHEMBL1824035,0.15,CN(C)S(=O)(=O)c1ccc2OCC(=O)N(CCN3CCC(CC3)NCc4ccc5OCC(=O)Nc5n4)c2c1,72.49999999999999,AD{A}E{~B}{~B}araaasBAA{~B}D{AADtAAA{AAt}DAauaaavBAA{~B}Davdu}asar
CHEMBL563545,2.07,O\N=C\1/C(=O)N(Cc2ccccc2[N+](=O)[O-])c3ccccc13,40.50000000000001,BRD~ARrLA{~B}D{Aasaaaaas{DP}{~B}{BM}}ataaaaart
CHEMBL2171277,3.9,Cc1ccc(NC(=O)[C@H]2CCCN2S(=O)(=O)c3cccc4cccnc34)c(C)c1,10.000000000000002,Aaraaa{DA{~B}{A*H}sAAADsE{~B}{~B}ataaaauaaadatu}a{A}ar
CHEMBL2158773,2.84,Cc1cccc(C[C@H](N2CCC(CN3CCC(CC3)Oc4ccc(Cl)c(Cl)c4)CC2)C(=O)O)c1,27.666666666666668,Aaraaaa{A{A*H}{DsAAA{ADtAAA{AAt}Bauaaa{Z}a{Z}au}AAs}A{~B}B}ar
CHEMBL1852508,0.57,Cc1cc(nn1C[C@H](O)CN)c2ccc(Cl)c(c2)C(=O)NCC3(O)CCCCCC3,65.5,Aaraa{ddrA{A*H}{B}AD}asaaa{Z}a{as}A{~B}DAAt{B}AAAAAAt
CHEMBL2158470,3.2,CCCSc1nc(ccc1C(=O)N[C@@H]2C3CC4CC2C[C@@](O)(C4)C3)N5CCOCC5,21.66666666666666,AAAEarda{aaarA{~B}D{A**H}sAtAAuAAsA{A**}{B}{Au}At}DvAABAAv
CHEMBL2207599,-0.8,COc1cc(OC)c(cc1NC(=O)CCC(=O)O)S(=O)(=O)N(c2ccccc2)c3ccccc3,88.33333333333333,ABaraa{BA}a{aarDA{~B}AAA{~B}B}E{~B}{~B}D{asaaaaas}ataaaaat
CHEMBL2346970,3.5,OC1(CCN(CC1)c2ccc3nnc(n3n2)C(F)(F)F)c4ccc(F)cc4,16.666666666666668,BAr{AAD{AAr}asaaatdda{dtds}A{G}{G}G}auaaa{G}aau
CHEMBL2207276,2.42,Cc1cc(Cl)ccc1OC2CCN(C[C@H](O)CNC(=O)C3=CNC(=O)c4cc(ccc34)S(=O)(=O)C)CC2,34.666666666666664,Aaraa{Z}aaarBAsAAD{A{A*H}{B}ADA{~B}At~ADA{~B}auaa{aaatu}E{~B}{~B}A}AAs
CHEMBL2062569,2.66,CC(=O)Nc1cc2c(ccn2c3cc(NC4CC4)n5ncc(C#N)c5n3)cc1C,30.666666666666668,AA{~B}Daraasa{aadsataa{DAuAAu}dvdaa{A^D}avdt}aarA
CHEMBL183406,3.4,CN(C1CCN(CCC(c2ccccc2)c3ccccc3)CC1)C(=O)NCc4ccccc4,18.333333333333336,AD{ArAAD{AAA{asaaaaas}ataaaaat}AAr}A{~B}DAauaaaaau
CHEMBL2059195,0.58,OC(=O)\C=C\c1cccc(c1)c2cnc3[nH]ccc3c2,65.33333333333333,BA{~B}RA~ARaraaaa{ar}asadat{dH}aaatas
CHEMBL1464754,3.78,Clc1ccccc1N2CCN(CC2)C(=O)NC3CCCCC3,12.000000000000002,ZaraaaaarDsAAD{AAs}A{~B}DAtAAAAAt
CHEMBL1951072,1.95,COc1cc(OC)c(cc1NC(=O)C)S(=O)(=O)N2C(C)Cc3ccccc23,42.49999999999999,ABaraa{BA}a{aarDA{~B}A}E{~B}{~B}DsA{A}Aataaaaast
CHEMBL121889,1.98,CC(=O)NC[C@H]1CN(C(=O)O1)c2ccc(N3CCN(CC3)c4ccc(cn4)C#N)c(F)c2,42.0,AA{~B}DA{A*H}rAD{A{~B}Br}asaaa{DtAAD{AAt}auaaa{adu}A^D}a{G}as
CHEMBL62993,2.7,O=C1Nc2ccc(cc2C1=O)S(=O)(=O)N3CCC[C@H]3COc4ccccc4,29.999999999999996,B~ArDasaaa{aasAr~B}E{~B}{~B}DtAAA{A*H}tABauaaaaau
CHEMBL176219,3.37,Clc1cc(Cl)cc(NC(=O)NCC2(CCN(CC3CC3)CC2)c4ccc(cc4)c5cccc(c5)C#N)c1,18.833333333333332,Zaraa{Z}aa{DA{~B}DAAs{AAD{AAtAAt}AAs}auaaa{aau}avaaaa{av}A^D}ar
CHEMBL577241,3.3,Oc1ccc(CCc2ccc(O)cc2)cc1,20.000000000000004,Baraaa{AAasaaa{B}aas}aar
CHEMBL2170992,2.5,CC(C)c1ccc(NC(=O)NCCCSC[C@H]2O[C@H]([C@H](O)[C@@H]2O)n3cnc4c(N)ncnc34)cc1,33.333333333333336,AA{A}araaa{DA{~B}DAAAEA{A*H}sB{A*H}{{A*H}{B}{A**H}sB}dtadaua{D}dadatu}aar
CHEMBL437526,1.16,CCO[C@@H]1OC(=O)C[C@@H]1NC(=O)[C@@H]2CCCN3N2C(=O)[C@H](CCC3=O)NC(=O)c4nccc5ccccc45,55.666666666666664,AAB{A**H}rBA{~B}A{A**H}rDA{~B}{A**H}sAAADtDsA{~B}{A*H}{AAAt~B}DA{~B}audaaavaaaaauv
CHEMBL2153178,2.27,CCCSc1ncccc1C(=O)N[C@@H]2[C@@H]3CC4C[C@H]2C[C@@](O)(C4)C3,37.166666666666664,AAAEardaaaarA{~B}D{A**H}s{A**H}tAAuA{A*H}sA{A**}{B}{Au}At
CHEMBL2179283,1.99,CCCC(C)(C)C[C@@H](N1CCC[C@@H](C1)N2C=C(C)C(=O)NC2=O)c3ccc(C(=O)O)c(Oc4cccc(Cl)c4)c3,41.83333333333333,AAAA{A}{A}A{A**H}{DrAAA{A**H}{Ar}DsA~A{A}A{~B}DAs~B}ataaa{A{~B}B}a{Bauaaaa{Z}au}at
CHEMBL499,-0.22,CC(C)(C)NC[C@H](O)COc1nsnc1N2CCOCC2,78.66666666666667,AA{A}{A}DA{A*H}{B}ABardsdarDsAABAAs
CHEMBL320882,3.38,CN(C(CN1CCCC1)c2ccccc2)C(=O)Cc3ccc(Cl)c(Cl)c3,18.666666666666668,AD{A{ADrAAAAr}asaaaaas}A{~B}Aataaa{Z}a{Z}at
CHEMBL452,3.72,[O-][N+](=O)c1ccc2NC(=O)CN=C(c3ccccc3Cl)c2c1,12.999999999999998,{BM}{DP}{~B}araaasDA{~B}AD~A{ataaaaatZ}asar
CHEMBL376055,0.75,CN(CCCc1ccccc1)S(=O)(=O)c2cc(C(=O)N3CCc4ccc(cc4C3)S(=O)(=O)NCCc5ccccc5)c(O)c(O)c2O,62.5,AD{AAAaraaaaar}E{~B}{~B}asaa{A{~B}DtAAauaaa{aauAt}E{~B}{~B}DAAavaaaaav}a{B}a{B}asB
CHEMBL511782,2.55,COc1ccc(N(C(C(=O)NC[C@@H](C)O)c2ccccc2F)C(=O)c3ccccc3)c(OC)c1,32.50000000000001,ABaraaa{D{A{A{~B}DA{A**H}{A}B}asaaaaasG}A{~B}ataaaaat}a{BA}ar
CHEMBL1950848,2.51,CN[C@@H](C)C(=O)N[C@@H](C1CCCCC1)C(=O)N[C@H]2CCCN(CCc3ccccc3F)C2,33.16666666666667,AD{A**H}{A}A{~B}D{A**H}{ArAAAAAr}A{~B}D{A*H}sAAAD{AAataaaaatG}As
CHEMBL403672,3.01,COc1cc(Nc2ncnc(Nc3c(Cl)ccc4OCOc34)n2)cc(OC)c1OC,24.83333333333334,ABaraa{Dasdada{Data{Z}aaauBABatu}ds}aa{BA}arBA
CHEMBL1783279,3.26,CCCNC(=O)c1nnc2c(cccc2c1N)c3cnc(OC)nc3OC,20.66666666666667,AAADA{~B}arddasa{aaaasarD}atada{BA}datBA
CHEMBL597803,2.8,CN(Cc1ccc(Cl)cc1)C(=O)C2(N)CCN(CC2)c3ncnc4[nH]ccc34,28.33333333333334,AD{Aaraaa{Z}aar}A{~B}As{D}AAD{AAs}atdadau{dH}aaatu
CHEMBL2030439,1.59,Fc1ccc(cc1)S(=O)(=O)Cc2cc(nc(n2)c3ccccn3)N4CCOCC4,48.5,Garaaa{aar}E{~B}{~B}Aasaa{da{ds}ataaaadt}DuAABAAu
CHEMBL2031162,-0.63,OC(=O)[C@H](Cc1ccc(NC(=O)Cc2ccc3CCCNc3n2)cc1)NC(=O)c4c(Cl)cccc4Cl,85.5,BA{~B}{A*H}{Aaraaa{DA{~B}AasaaatAAADatds}aar}DA{~B}aua{Z}aaaauZ
CHEMBL2158817,1.71,OC(=O)C(N1CCO[C@@H](CN2CCC(CC2)Oc3ccc(Cl)c(Cl)c3)C1)c4ccccc4,46.5,BA{~B}A{DrAAB{A**H}{ADsAAA{AAs}Bataaa{Z}a{Z}at}Ar}auaaaaau
CHEMBL382565,2.7,NC(=O)c1cc(sc1N)c2ccccc2,29.999999999999996,DA{~B}araa{sarD}asaaaaas
CHEMBL1503415,0.96,OC1=CC(=O)C2=C(O1)c3ccccc3N(C2=O)c4ccccc4,59.0,BAr~AA{~B}As~A{Br}ataaaaatD{As~B}auaaaaau
CHEMBL93354,0.99,Clc1ccc(NCCNCC(=O)N2CCC[C@H]2C#N)nc1,58.5,Zaraaa{DAADAA{~B}DsAAA{A*H}sA^D}dar
CHEMBL2171026,1.53,Clc1ccc(OC2CCN(CC2)C3CCN(CC3)C(=O)c4ccc(cc4)c5nn[nH]n5)cc1Cl,49.5,Zaraaa{BAsAAD{AAs}AtAAD{AAt}A{~B}auaaa{aau}avdd{dH}dv}aarZ
CHEMBL2338020,2.3,CCc1[nH]c2nc(Sc3cnc4ccc[n+]([O-])c4c3)nc(N5C[C@@H]6[C@@H](N)[C@@H]6C5)c2c1Cl,36.66666666666667,AAar{dH}asda{Eatadauaaa{dP}{{BM}}auat}da{DvA{A**H}w{A**H}{D}{A**H}wAv}asarZ
CHEMBL342357,3.1,O=C1NC(=O)c2cc(OCc3ccccc3)ccc12,23.333333333333332,B~ArDA{~B}asaa{BAataaaaat}aaars
CHEMBL2325642,1.0,Fc1cc(c(F)cc1Oc2ccc(Cl)cc2c3ccnn3C4CNC4)S(=O)(=O)Nc5ncns5,58.333333333333336,Garaa{a{G}aarBasaaa{Z}aasataaddtAuADAu}E{~B}{~B}Davdadsv
CHEMBL426658,4.3,Clc1cccc(c1)c2cnc3ccc(NC4CCOCC4)nn23,3.333333333333336,Zaraaaa{ar}asadataaa{DAuAABAAu}ddst
CHEMBL2086652,2.8,CC(C)(C)OC(=O)N1CCN(CC1)c2ccc(OCc3ccc(cc3)S(=O)(=O)C)nn2,28.33333333333334,AA{A}{A}BA{~B}DrAAD{AAr}asaaa{BAataaa{aat}E{~B}{~B}A}dds
CHEMBL25236,3.53,COc1ccccc1N2CCN(CCCCNC(=O)c3ccc4ccccc4c3)CC2,16.166666666666668,ABaraaaaarDsAAD{AAAADA{~B}ataaauaaaaauat}AAs
CHEMBL141157,1.75,CCOC(=O)\C=C\[C@H](C[C@@H]1CCNC1=O)NC(=O)[C@H](CC#C)N2C=CC=C(NC(=O)c3cc(C)on3)C2=O,45.833333333333336,AABA{~B}RA~AR{A*H}{A{A**H}rAADAr~B}DA{~B}{A*H}{AA^A}DsA~AA~A{DA{~B}ataa{A}bdt}As~B
CHEMBL2325698,3.0,CC[C@@H]1COCCN1c2cc(nc(n2)c3cccc4[nH]ccc34)C5(CC5)S(=O)(=O)C,25.0,AA{A**H}rABAADrasaa{da{ds}ataaaau{dH}aaatu}Av{AAv}E{~B}{~B}A
CHEMBL460103,2.36,CC(C)n1c(C)ncc1c2nc(Nc3ccc(cc3)C(=O)N4CC[C@H](C4)N(C)C)ncc2F,35.666666666666664,AA{A}dra{A}daarasda{Dataaa{aat}A{~B}DuAA{A*H}{Au}D{A}A}daasG
CHEMBL178457,2.67,CC1=C(C(=O)N(C[C@H](N)c2ccccc2)C(=O)N1Cc3c(F)cccc3F)c4ccc5OCOc5c4,30.5,AAr~A{A{~B}D{A{A*H}{D}asaaaaas}A{~B}DrAata{G}aaaatG}auaaavBABavau
CHEMBL484663,3.3,Oc1ccc(cc1)C2=CC(=O)c3cc(O)ccc3O2,20.000000000000004,Baraaa{aar}As~AA{~B}ataa{B}aaatBs
CHEMBL2010842,2.85,CN(C1CCN(Cc2nc3cc(F)ccc3s2)CC1)C(=O)Cc4ccc(cc4)n5cnnn5,27.5,AD{ArAAD{Aasdataa{G}aaatss}AAr}A{~B}Aauaaa{aau}dvadddv
CHEMBL233034,2.4,ONC(=O)CN1C(=O)C(Cc2ccccc12)NC(=O)c3cc4cc(Cl)sc4[nH]3,35.0,BDA{~B}ADrA{~B}A{Aasaaaaars}DA{~B}ataauaa{Z}sau{dH}t
CHEMBL561,-1.1,CCN1C=C(C(=O)O)C(=O)c2cc(F)c(N3CCNC(C)C3)c(F)c12,93.33333333333333,AADrA~A{A{~B}B}A{~B}asaa{G}a{DtAADA{A}At}a{G}ars
CHEMBL13311,1.4,O=C1C=COc2ccccc12,51.666666666666664,B~ArA~ABasaaaaars
CHEMBL602745,4.0,CS(=O)(=O)N1CC[C@@H](C1)N(Cc2ccccc2Cl)c3ccc(C#N)c(Cl)c3,8.333333333333334,AE{~B}{~B}DrAA{A**H}{Ar}D{AasaaaaasZ}ataaa{A^D}a{Z}at
CHEMBL46,1.67,Cc1nccn1CC2CCc3c(C2=O)c4ccccc4n3C,47.166666666666664,AardaadrAAsAAata{As~B}auaaaaaudtA
CHEMBL229948,2.49,Oc1ccccc1NC(=O)c2cc(ccc2Cl)[N+](=O)[O-],33.49999999999999,BaraaaaarDA{~B}asaa{aaasZ}{DP}{~B}{BM}
CHEMBL267044,-0.84,CCN1CCC[C@H]1CNC(=O)c2cc(ccc2OC)S(=O)(=O)N,89.0,AADrAAA{A*H}rADA{~B}asaa{aaasBA}E{~B}{~B}D
CHEMBL1270874,2.9,CS(=O)(=O)c1cccc(Nc2nccc(Nc3cccc4ocnc34)n2)c1,26.666666666666668,AE{~B}{~B}araaaa{Dasdaaa{Dataaaaubadatu}ds}ar
CHEMBL1880028,2.03,ONC(=O)Cc1ccc(Oc2ccccc2)cc1,41.16666666666667,BDA{~B}Aaraaa{Basaaaaas}aar
CHEMBL179128,1.25,Cc1cn(C[C@H]2CN(C(=O)O2)c3ccc(C4=CCS(=O)(=O)CC4)c(F)c3)nn1,54.166666666666664,Aarad{A{A*H}sAD{A{~B}Bs}ataaa{Au~AAE{~B}{~B}AAu}a{G}at}ddr
CHEMBL87785,4.35,C[C@H](CNCCc1ccncc1)c2c([nH]c3ccc(cc23)C(C)(C)C(=O)N4C5CCC4CC5)c6cc(C)cc(C)c6,2.5000000000000058,A{A*H}{ADAAaraadaar}asa{{dH}ataaa{aast}A{A}{A}A{~B}DuAvAAAuAAv}awaa{A}aa{A}aw
CHEMBL477786,1.69,CC(C)n1c(C)ncc1c2ccnc(Nc3ccc(cc3)N4CCN(CC4)C(=O)CO)n2,46.833333333333336,AA{A}dra{A}daarasaada{Dataaa{aat}DuAAD{AAu}A{~B}AB}ds
CHEMBL2036778,1.6,CCN1CCC[C@H](C1)C(=O)N2CCN(CC2)C(=O)Nc3ccc(Cl)c(Cl)c3,48.333333333333336,AADrAAA{A*H}{Ar}A{~B}DsAAD{AAs}A{~B}Dataaa{Z}a{Z}at
CHEMBL118,3.42,Cc1ccc(cc1)c2cc(nn2c3ccc(cc3)S(=O)(=O)N)C(F)(F)F,18.0,Aaraaa{aar}asaa{ddsataaa{aat}E{~B}{~B}D}A{G}{G}G
CHEMBL279200,0.68,C(Oc1cccc2ccccc12)C3=NCCN3,63.666666666666664,A{Baraaaasaaaaars}At~DAADt
CHEMBL1934267,0.97,CC(C)n1nc(C)c(C(=O)N[C@@H](C)C(C)(C)C)c1NS(=O)(=O)c2ccc(C)cc2,58.833333333333336,AA{A}drda{A}a{A{~B}D{A**H}{A}A{A}{A}A}arDE{~B}{~B}asaaa{A}aas
CHEMBL407,1.1,CCOC(=O)c1ncn2c1CN(C)C(=O)c3cc(F)ccc23,56.666666666666664,AABA{~B}ardadsarAD{A}A{~B}ataa{G}aaast
CHEMBL62,2.5,CN1CCc2cc(Cl)c(O)cc2[C@H](C1)c3ccccc3,33.333333333333336,ADrAAasaa{Z}a{B}aas{A*H}{Ar}ataaaaat
CHEMBL1513,1.29,CCCCC1=NC2(CCCC2)C(=O)N1Cc3ccc(cc3)c4ccccc4c5nn[nH]n5,53.5,AAAAAr~DAs{AAAAs}A{~B}DrAataaa{aat}auaaaaauavdd{dH}dv
CHEMBL402561,3.4,CCNC(=O)OC[C@@H](C)N(c1cc(Cl)ccc1CO)S(=O)(=O)c2ccc(Cl)cc2,18.333333333333336,AADA{~B}BA{A**H}{A}D{araa{Z}aaarAB}E{~B}{~B}asaaa{Z}aas
CHEMBL244183,3.17,C1Oc2ccc(Oc3cc(Oc4ccc(cc4)n5ccnc5)ncn3)cc2O1,22.166666666666668,ArBasaaa{Bataa{Bauaaa{aau}dvaadav}dadt}aasBr
CHEMBL66761,2.8,O=C1NN=C(Cc2ccccc2)c3ccccc13,28.33333333333334,B~ArDD~A{Aasaaaaas}ataaaaart
CHEMBL1721885,2.22,Cc1[nH]c(\C=C\2/C(=O)Nc3ccc(F)cc23)c(C)c1C(=O)NC[C@H](O)CN4CCOCC4,37.99999999999999,Aar{dH}a{RA~ARsLA{~B}Dataaa{G}aast}a{A}arA{~B}DA{A*H}{B}ADuAABAAu
CHEMBL1539037,1.4,COc1ccc(NC(=O)CCc2c(C)nc3nc(C)nn3c2C)cc1,51.666666666666664,ABaraaa{DA{~B}AAasa{A}datda{A}ddtasA}aar
CHEMBL2178369,2.0,Cc1nc(C)c(nc1C(=O)N)c2ccc3c(CC[C@@]34CC[C@H](Cc5nnn[nH]5)CC4)c2,41.666666666666664,Aarda{A}a{darA{~B}D}asaaata{AA{A**}tuAA{A*H}{Aavddd{dH}v}AAu}as
CHEMBL2010847,3.0,CO[C@H]1CN(Cc2ccc(cc2)C(F)(F)F)CC[C@H]1N(C)C(=O)Cc3ccc(cc3)n4cnnn4,25.0,AB{A*H}rAD{Aasaaa{aas}A{G}{G}G}AA{A*H}rD{A}A{~B}Aataaa{aat}duadddu
CHEMBL298019,4.42,CCOC(=O)c1ccc(OCCC2CCN(CC2)c3ccc(C)nn3)cc1,1.3333333333333346,AABA{~B}araaa{BAAAsAAD{AAs}ataaa{A}ddt}aar
CHEMBL1257015,1.23,COc1ccc(cc1C(=O)NCc2cccnc2)C(=O)NCc3cccnc3,54.5,ABaraaa{aarA{~B}DAasaaadas}A{~B}DAataaadat
CHEMBL452021,1.16,CN(C)CCOc1ccc(cc1)c2cc(C(=O)N)c(NC(=O)N)s2,55.666666666666664,AD{A}AABaraaa{aar}asaa{A{~B}D}a{DA{~B}D}ss
CHEMBL2347404,3.2,Fc1cccc(COc2ccc(Nc3ncnc4ccc(cc34)c5cccc(c5)N6CCOCC6)cc2Cl)c1,21.66666666666666,Garaaaa{ABasaaa{Datdadauaaa{aatu}avaaaa{av}DwAABAAw}aasZ}ar
CHEMBL2171044,1.81,Clc1ccc(OC2CCN(CC2)C3CCN(CC3)C(=O)NS(=O)(=O)c4cccc(c4)C#N)cc1Cl,44.833333333333336,Zaraaa{BAsAAD{AAs}AtAAD{AAt}A{~B}DE{~B}{~B}auaaaa{au}A^D}aarZ
CHEMBL1891277,3.6,Cc1ccc(cc1)c2cc(C(=O)N3CCOCC3)c4cc(C)ccc4n2,14.999999999999998,Aaraaa{aar}asaa{A{~B}DtAABAAt}auaa{A}aaauds
CHEMBL1078411,1.3,N[C@@H](Cc1cccs1)C(=O)N[C@@]2(C[C@@H]2c3ccccc3)C#N,53.333333333333336,D{A**H}{Aaraaasr}A{~B}D{A**}s{A{A**H}sataaaaat}A^D
CHEMBL2153189,1.6,CCCSc1nc(ccc1C(=O)NC2CCCCC2)N3CCC(CC3)C(=O)O,48.333333333333336,AAAEarda{aaarA{~B}DAsAAAAAs}DtAAA{AAt}A{~B}B
CHEMBL109514,3.0,Fc1ccc(cc1)C(COCc2cc(cc(c2)C(F)(F)F)C(F)(F)F)N3CCNCC3,25.0,Garaaa{aar}A{ABAasaa{aa{as}A{G}{G}G}A{G}{G}G}DtAADAAt
CHEMBL135386,3.8,CC(C)(C)C(O)\C(=C/c1ccc(Cl)cc1Cl)\n2cncn2,11.66666666666667,AA{A}{A}A{B}RA{~ALaraaa{Z}aarZ}Rdsadads
CHEMBL287726,0.52,C[C@@H]1C2CCCC1(CCN2C)c3cccc(O)c3,66.33333333333333,A{A**H}rAsAAAAr{AADsA}ataaaa{B}at
CHEMBL1949859,1.5,Fc1cc2N=CNC(=O)c2cc1F,50.0,GaraasD~ADA{~B}asaarG
CHEMBL191528,2.2,CCOc1ccc2C=CC(=O)Oc2c1,38.33333333333333,AABaraaasA~AA{~B}Basar
CHEMBL381724,2.7,COc1cc2c(Nc3cnc(NC(=O)c4ccccc4)nc3)ncnc2cc1OCCCN5CCOCC5,29.999999999999996,ABaraasa{Datada{DA{~B}auaaaaau}dat}dadasaarBAAADvAABAAv
CHEMBL190,-0.09,CN1C(=O)N(C)c2nc[nH]c2C1=O,76.5,ADrA{~B}D{A}asda{dH}asAr~B
CHEMBL485240,3.37,CCCS(=O)(=O)c1ccc(Nc2nccc(n2)c3cnc(C)n3C(C)C)cc1,18.833333333333332,AAAE{~B}{~B}araaa{Dasdaaa{ds}atada{A}dtA{A}A}aar
CHEMBL300940,2.1,COc1cc(ccc1Cn2ccc3ccc(NC(=O)OC4CCCC4)cc23)C(=O)O,40.0,ABaraa{aaarAdsaaataaa{DA{~B}BAuAAAAu}aast}A{~B}B
CHEMBL2207217,4.13,Brc1cnc(Nc2cccc(NC(=O)N3CCCC3)c2)nc1NCCCNC(=O)c4cccs4,6.166666666666669,Xarada{Dasaaaa{DA{~B}DtAAAAt}as}darDAAADA{~B}auaaasu
CHEMBL1807825,0.41,CCOc1ccc(CCNCCCSCCNC[C@H](O)c2ccc(O)c3NC(=O)Sc23)cc1,68.16666666666667,AABaraaa{AADAAAEAADA{A*H}{B}asaaa{B}atDA{~B}East}aar
CHEMBL477567,2.57,CC(C)n1c(C)ncc1c2ccnc(Nc3ccc(cc3)N4CCN(CC4)S(=O)(=O)C)n2,32.16666666666667,AA{A}dra{A}daarasaada{Dataaa{aat}DuAAD{AAu}E{~B}{~B}A}ds
CHEMBL1071,1.2,OC(=O)CCc1oc(c2ccccc2)c(n1)c3ccccc3,55.0,BA{~B}AAarba{asaaaaas}a{dr}ataaaaat
CHEMBL402507,4.14,C[C@@H](Oc1cccc2ncnc(Nc3ccc(Oc4ccc(C)nc4)c(C)c3)c12)C(=O)N5CCOCC5,6.000000000000004,A{A**H}{Baraaaasdada{Dataaa{Bauaaa{A}dau}a{A}at}ars}A{~B}DvAABAAv
CHEMBL2172002,2.3,COc1ccc(nc1OC)N2CCN([C@H](C)C2)C(=O)[C@@H]3CCCC[C@H]3C(=O)NC4(CC4)C#N,36.66666666666667,ABaraaa{darBA}DsAAD{{A*H}{A}As}A{~B}{A**H}tAAAA{A*H}tA{~B}DAu{AAu}A^D
CHEMBL1775179,3.0,CC(C)OC(=O)N1CCC(CC1)Oc2ncnc3c2cnn3c4ccc(cc4F)S(=O)(=O)C,25.0,AA{A}BA{~B}DrAAA{AAr}Basdadatasaddtauaaa{aauG}E{~B}{~B}A
CHEMBL208118,3.44,COc1cc2ncnc(Nc3cccc(Cl)c3F)c2cc1CN(C)[C@H](C)C(=O)N,17.666666666666668,ABaraasdada{Dataaaa{Z}atG}asaarAD{A}{A*H}{A}A{~B}D
CHEMBL117711,1.57,N(c1cccnc1)c2ncnc3ccccc23,48.833333333333336,D{araaadar}asdadataaaaast
CHEMBL1770476,4.31,CCOc1ccc2oc(C(=O)NC(CCSC)c3nc4cnccc4[nH]3)c(C)c2c1,3.166666666666673,AABaraaasba{A{~B}DA{AAEA}atdauadaaau{dH}t}a{A}asar
CHEMBL184189,2.74,COCCOc1ccc(cc1)C(=O)Nc2cc(NC(=O)c3cccc(c3)N(C)C)ccc2C,29.33333333333333,ABAABaraaa{aar}A{~B}Dasaa{DA{~B}ataaaa{at}D{A}A}aaasA
CHEMBL2323239,3.95,O=C(CSC1=NC2=C(SCC2)C(=O)N1c3ccccc3)Nc4ncc(s4)c5ccccc5,9.166666666666664,B~A{AEAr~DAs~A{EAAs}A{~B}Drataaaaat}Daudaa{su}avaaaaav
CHEMBL2086680,2.81,CC(C)(C)OC(=O)N1CCN(CC1)c2ncc(OCc3ccncc3C#N)cn2,28.166666666666668,AA{A}{A}BA{~B}DrAAD{AAr}asdaa{BAataadaatA^D}ads
CHEMBL2078762,0.61,NC(=O)Nc1cc(sc1C(=O)N[C@H]2CCCNC2)c3ccc(cc3)C#N,64.83333333333333,DA{~B}Daraa{sarA{~B}D{A*H}sAAADAs}ataaa{aat}A^D
CHEMBL1282,2.52,CC(C)Cn1cnc2c(N)nc3ccccc3c12,33.0,AA{A}Adradasa{D}dataaaaatars
CHEMBL2059862,2.67,Cc1ccc(cc1NC(=O)c2ccc(OCc3ccccn3)cc2)c4ncc(C)n4C,30.5,Aaraaa{aarDA{~B}asaaa{BAataaaadt}aas}audaa{A}duA
CHEMBL15770,-0.01,C[S+]([O-])c1ccc(\C=C/2\C(=C(CC(=O)O)c3cc(F)ccc23)C)cc1,75.16666666666667,A{EP}{{BM}}araaa{RA~ALsRA{~A{AA{~B}B}ataa{G}aaast}A}aar
CHEMBL13030,0.17,CN1C2CC(CC1C3OC23)OC(=O)C(CO)c4ccccc4,72.16666666666667,ADrAsAA{AArAtBAst}BA{~B}A{AB}auaaaaau
CHEMBL1800472,1.21,CN(CCNC[C@H](O)c1ccc(O)c2NC(=O)Sc12)C(=O)CCOCCc3ccccc3,54.833333333333336,AD{AADA{A*H}{B}araaa{B}asDA{~B}Ears}A{~B}AABAAataaaaat
CHEMBL107367,3.5,Cc1oc(nc1CCOc2ccc(C[C@H](Nc3ccccc3C(=O)c4ccccc4)C(=O)O)cc2)c5ccccc5,16.666666666666668,Aarba{darAABasaaa{A{A*H}{DataaaaatA{~B}auaaaaau}A{~B}B}aas}avaaaaav
CHEMBL570,3.59,CN(C)CCCN1c2ccccc2Sc3ccc(cc13)C(F)(F)F,15.16666666666667,AD{A}AAADrasaaaaasEataaa{aart}A{G}{G}G
CHEMBL2087861,4.13,CCN1C(=O)N(CC2CC2)c3nn(Cc4ccnc5ccc(Cl)cc45)c(c3C1=O)c6cc(cn6C)C#N,6.166666666666669,AADrA{~B}D{AAsAAs}atdd{Aauaadavaaa{Z}aauv}a{atAr~B}awaa{adwA}A^D
CHEMBL1409708,1.7,CN(C)c1ccnc2sc(C(=O)N)c(N)c12,46.666666666666664,AD{A}araadassa{A{~B}D}a{D}ars
CHEMBL1269107,2.73,CC1=C(C(=O)c2cc(O)c(O)c(Cc3ccccc3)c2C1=O)C4=C(C)C(=O)c5c(Cc6ccccc6)c(O)c(O)cc5C4=O,29.5,AAr~A{A{~B}asaa{B}a{B}a{Aataaaaat}asAr~B}Au~A{A}A{~B}ava{Aawaaaaaw}a{B}a{B}aavAu~B
CHEMBL452529,0.64,CN(C)CCCOc1ccc(cc1)c2cc(C(=O)N)c(NC(=O)N)s2,64.33333333333333,AD{A}AAABaraaa{aar}asaa{A{~B}D}a{DA{~B}D}ss
CHEMBL1287979,1.82,COc1cccc(c1)c2cc3c(N[C@H]4CCCNC4)ncc(C(=O)N)c3s2,44.666666666666664,ABaraaaa{ar}asaata{D{A*H}uAAADAu}daa{A{~B}D}atss
CHEMBL637,0.99,COc1ccc(cc1)C(CN(C)C)C2(O)CCCCC2,58.5,ABaraaa{aar}A{AD{A}A}As{B}AAAAAs
CHEMBL402208,1.18,Cc1cc(CN2CCC2)cnc1c3ccc(cc3)C(=O)Nc4ccccc4N,55.333333333333336,Aaraa{ADsAAAs}adarataaa{aat}A{~B}DauaaaaauD
CHEMBL172714,-0.28,Cc1oc2C=NN(B(O)c2c1)S(=O)(=O)c3ccc(C)cc3,79.66666666666667,AarbasA~DD{B{B}asar}E{~B}{~B}ataaa{A}aat
CHEMBL455467,2.1,CC(C)n1c(C)ncc1c2ccnc(Nc3ccc(cc3)C(=O)N4CCN(C)CC4)n2,40.0,AA{A}dra{A}daarasaada{Dataaa{aat}A{~B}DuAAD{A}AAu}ds
CHEMBL112994,2.22,Oc1ccc(CCNCCNS(=O)(=O)CCOCCCc2ccccc2)c3sc(O)nc13,37.99999999999999,Baraaa{AADAADE{~B}{~B}AABAAAasaaaaas}atsa{B}dart
CHEMBL1809221,2.3,COc1cc(ccc1Nc2ncc(Cl)c(n2)c3cnc4cc(ccn34)C#N)N5CCN(CC5)C(=O)C,36.66666666666667,ABaraa{aaarDasdaa{Z}a{ds}atadauaa{aadtu}A^D}DvAAD{AAv}A{~B}A
CHEMBL226960,1.3,COC(=O)c1ccc(cc1)C(C)N2NC(=O)C3=C(C2=O)C(=O)c4ccc(Cl)cc4N3,53.333333333333336,ABA{~B}araaa{aar}A{A}DsDA{~B}At~A{As~B}A{~B}auaaa{Z}aauDt
CHEMBL1346,2.79,NC(=O)C([C@@H]1CCN(CCc2ccc3OCCc3c2)C1)(c4ccccc4)c5ccccc5,28.5,DA{~B}A{{A**H}rAAD{AAasaaatBAAatas}Ar}{auaaaaau}avaaaaav
CHEMBL1829250,1.69,CCC(N(CCCN)C(=O)c1ccc(C)cc1)C2=Nc3ccsc3C(=O)N2Cc4ccc(C)cc4,46.833333333333336,AAA{D{AAAD}A{~B}araaa{A}aar}As~DataasatA{~B}DsAauaaa{A}aau
CHEMBL1789187,-0.49,NCC[C@@H](Oc1nc(ccc1C#N)C(F)(F)F)c2oncc2,83.16666666666667,DAA{A**H}{Barda{aaarA^D}A{G}{G}G}asbdaas
CHEMBL214304,1.78,Cc1ccc2c(c1)c(c(C)n2CC(=O)O)c3ccnc4cc(ccc34)C(F)(F)F,45.333333333333336,Aaraaasa{ar}a{a{A}dsAA{~B}B}ataadauaa{aaatu}A{G}{G}G
CHEMBL1241,1.28,CN(C)CCN(Cc1ccccc1)c2ccccn2,53.666666666666664,AD{A}AAD{Aaraaaaar}asaaaads
CHEMBL1236962,2.5,COc1ncc(cc1NS(=O)(=O)c2ccc(F)cc2F)c3ccc4nccc(c5ccnnc5)c4c3,33.333333333333336,ABardaa{aarDE{~B}{~B}asaaa{G}aasG}ataaaudaaa{avaaddav}auat
CHEMBL2171039,1.93,Clc1ccc(OC2CCN(CC2)C3CCN(CC3)C(=O)NS(=O)(=O)c4ccccc4Cl)cc1Cl,42.833333333333336,Zaraaa{BAsAAD{AAs}AtAAD{AAt}A{~B}DE{~B}{~B}auaaaaauZ}aarZ
CHEMBL429,1.06,CC(CCc1ccccc1)NCC(O)c2ccc(O)c(c2)C(=O)N,57.333333333333336,AA{AAaraaaaar}DAA{B}asaaa{B}a{as}A{~B}D
CHEMBL86,0.34,CCN(CC)CCNC(=O)c1cc(Cl)c(N)cc1OC,69.33333333333333,AAD{AA}AADA{~B}araa{Z}a{D}aarBA
CHEMBL113014,2.15,CC(C)C(NC(=O)CN1C(=O)C(=CC=C1c2ccccc2)NC(=O)NCc3ccccn3)C(=O)C(F)(F)F,39.166666666666664,AA{A}A{DA{~B}ADrA{~B}A{~AA~Arasaaaaas}DA{~B}DAataaaadt}A{~B}A{G}{G}G
CHEMBL139,1.08,OC(=O)Cc1ccccc1Nc2c(Cl)cccc2Cl,57.0,BA{~B}AaraaaaarDasa{Z}aaaasZ
CHEMBL1944694,0.8,COc1ccccc1CCNCc2ccc(CCNC[C@H](O)c3ccc(O)c4NC(=O)Sc34)cc2,61.666666666666664,ABaraaaaarAADAasaaa{AADA{A*H}{B}ataaa{B}auDA{~B}Eatu}aas
CHEMBL1881943,2.36,NC(=O)C1=CN(Cc2ccc(Cl)cc2Cl)C(=O)C=C1,35.666666666666664,DA{~B}Ar~AD{Aasaaa{Z}aasZ}A{~B}A~Ar
CHEMBL1441,1.52,CCc1cc(ccn1)C(=S)N,49.666666666666664,AAaraa{aadr}A{~E}D
CHEMBL561771,4.29,COc1cccc(NC(=O)c2cccc(Cc3c(C)nn(CCO)c3c4ccccc4)c2)c1,3.4999999999999996,ABaraaaa{DA{~B}asaaaa{Aata{A}dd{AAB}atauaaaaau}as}ar
CHEMBL1472189,2.9,COc1ccc(CC(=O)Nc2nc3ccccc3[nH]2)cc1,26.666666666666668,ABaraaa{AA{~B}Dasdataaaaat{dH}s}aar
CHEMBL56942,2.14,COc1cc(OC)cc(c1)c2cc3cnc(N)nc3nc2N,39.333333333333336,ABaraa{BA}aa{ar}asaatada{D}datdasD
CHEMBL1078983,3.25,COc1ccc(cc1CO)c2ccc3c(nc(nc3n2)N4C[C@@H](C)O[C@@H](C)C4)N5CCOCC5,20.833333333333332,ABaraaa{aarAB}asaaata{da{datds}DuA{A**H}{A}B{A**H}{A}Au}DvAABAAv
CHEMBL2346975,2.2,CC(=O)N1CCN(CCOc2ccc(cc2)C3(O)CCN(CC3)c4ccc5nnc(n5n4)C(F)(F)F)CC1,38.33333333333333,AA{~B}DrAAD{AABasaaa{aas}At{B}AAD{AAt}auaaavdda{dvdu}A{G}{G}G}AAr
CHEMBL551707,3.08,Clc1ccc2nc(ccc2c1C(=O)NCC34CC5CC(CC(C5)C3)C4)N6CCC[C@@H](C6)NCCc7nnn[nH]7,23.666666666666668,Zaraaasda{aaasarA{~B}DAAtuAAvAA{AA{Av}At}Au}DwAAA{A**H}{Aw}DAAaxddd{dH}x
CHEMBL1917424,2.51,Cc1c(Sc2ccc(Cl)cc2)c3ccc(Cl)cc3n1CC(=O)O,33.16666666666667,Aara{Easaaa{Z}aas}ataaa{Z}aatdrAA{~B}B
CHEMBL1519083,0.68,Cc1nc2c(cnn2c(O)c1Cc3ccccc3)C#N,63.666666666666664,Aardasa{addsa{B}arAataaaaat}A^D
CHEMBL455428,2.95,CNC(=O)c1ccc(Nc2nccc(n2)c3cnc(C)n3C(C)C)cc1F,25.83333333333333,ADA{~B}araaa{Dasdaaa{ds}atada{A}dtA{A}A}aarG
CHEMBL268313,3.3,CC12CCC3C(CCC4=CC(=O)CCC34C)C1CCC2O,20.000000000000004,AArsAAAtA{AAAu~AA{~B}AAAtuA}ArAAAsB
CHEMBL383669,3.8,CC(C)CN1C(=O)N(C)C(=O)c2c1sc(Cc3ccccc3C(F)(F)F)c2C(=O)N4CCCC4,11.66666666666667,AA{A}ADrA{~B}D{A}A{~B}asarsa{AataaaaatA{G}{G}G}asA{~B}DuAAAAu
CHEMBL1359240,0.8,O=C1N2CCS(=O)(=O)C2=Nc3ccccc13,61.666666666666664,B~ArDsAAE{~B}{~B}As~Dataaaaart
CHEMBL1486510,3.5,CCOC(=O)c1c(C)n(Cc2occc2)c3ccc(O)cc13,16.666666666666668,AABA{~B}ara{A}d{Aasbaaas}ataaa{B}aart
CHEMBL466006,3.71,Cc1cccc(NC(=O)c2ccc(c3ccccc3)c(c2)C#N)n1,13.166666666666666,Aaraaaa{DA{~B}asaaa{ataaaaat}a{as}A^D}dr
CHEMBL1923435,3.1,CONC(=O)c1cnc(s1)N2CCC(CC2)NC(=O)c3[nH]c(C)c(Cl)c3Cl,23.333333333333332,ABDA{~B}arada{sr}DsAAA{AAs}DA{~B}at{dH}a{A}a{Z}atZ
CHEMBL1288278,0.28,NC(=O)c1ccc(cc1)c2cc3c(N[C@H]4CCCNC4)ncc(C(=O)N)c3s2,70.33333333333333,DA{~B}araaa{aar}asaata{D{A*H}uAAADAu}daa{A{~B}D}atss
CHEMBL1477,1.72,COCc1c(nc(C(C)C)c(\C=C\[C@@H](O)C[C@@H](O)CC(=O)O)c1c2ccc(F)cc2)C(C)C,46.333333333333336,ABAara{da{A{A}A}a{RA~AR{A**H}{B}A{A**H}{B}AA{~B}B}arasaaa{G}aas}A{A}A
CHEMBL50973,2.56,[O-][N+](=O)c1ccc2C(=O)C(=O)c3ccccc3c2c1,32.333333333333336,{BM}{DP}{~B}araaasA{~B}A{~B}ataaaaatasar
CHEMBL2349339,3.8,CCC[C@H](CO)Nc1nc(SCc2ccccc2)nc3nc(N)sc13,11.66666666666667,AAA{A*H}{AB}Darda{EAasaaaaas}datda{D}sart
CHEMBL508739,2.86,CC(C)n1c(C)ncc1c2nc(Nc3ccc(C(=O)N(C)C)c(C)c3)ncc2F,27.333333333333332,AA{A}dra{A}daarasda{Dataaa{A{~B}D{A}A}a{A}at}daasG
CHEMBL129814,2.2,CNC(=O)C1(CCN(CC[C@H](CN(C)C(=O)c2c(OC)c(cc3ccccc23)C#N)c4ccc(Cl)c(Cl)c4)CC1)N5CCCNC5=O,38.33333333333333,ADA{~B}Ar{AAD{AA{A*H}{AD{A}A{~B}asa{BA}a{aataaaaast}A^D}auaaa{Z}a{Z}au}AAr}DvAAADAv~B
CHEMBL1824375,1.59,Oc1cccc(NC(=O)c2ccc(OCCCN3CCCC3)cc2OCc4cccnc4)c1,48.5,Baraaaa{DA{~B}asaaa{BAAADtAAAAt}aasBAauaaadau}ar
CHEMBL807,0.06,CC12CC3CC(C)(C1)CC(N)(C3)C2,74.00000000000001,AArsAAtAA{A}{Ar}AA{D}{At}As
CHEMBL2165060,1.25,CO[C@H]1CN(CCN2C(=O)C=Nc3ccc(OC)cc23)CC[C@@H]1NCc4cc5OCCOc5cn4,54.166666666666664,AB{A*H}rAD{AADsA{~B}A~Dataaa{BA}aast}AA{A**H}rDAauaavBAABavadu
CHEMBL1209511,3.52,Brc1ccc(s1)S(=O)(=O)NCC(N2CCCCCC2)c3ccccc3,16.333333333333332,Xaraaa{sr}E{~B}{~B}DAA{DsAAAAAAs}ataaaaat
CHEMBL1586302,2.08,Cc1cc(Nc2ccc(F)cc2)nc(N)n1,40.333333333333336,Aaraa{Dasaaa{G}aas}da{D}dr
CHEMBL12132,0.5,CC(=O)Nc1ccccn1,66.66666666666667,AA{~B}Daraaaadr
CHEMBL1938680,2.4,Clc1ccc(cc1)c2oc(cc2)C(=O)Nc3ccc(cc3)N4CCNCC4,35.0,Zaraaa{aar}asba{aas}A{~B}Dataaa{aat}DuAADAAu
CHEMBL802,0.77,Nc1cc(nc(N)[n+]1[O-])N2CCCCC2,62.166666666666664,Daraa{da{D}{dP}r{BM}}DsAAAAAs
CHEMBL2035033,2.0,NC1(CCC1)c2ccc(cc2)c3c(ccn4ccnc34)c5ccccc5,41.666666666666664,DAr{AAAr}asaaa{aas}ata{aaduaadatu}avaaaaav
CHEMBL322318,2.35,Oc1ccc(CCNCCS(=O)(=O)CCCOCCc2nccc3ccccc23)c4sc(O)nc14,35.833333333333336,Baraaa{AADAAE{~B}{~B}AAABAAasdaaataaaaast}ausa{B}daru
CHEMBL1448393,2.43,CCOC(=O)c1ccccc1c2csc(NS(=O)(=O)c3ccc(Cl)cc3)n2,34.49999999999999,AABA{~B}araaaaarasasa{DE{~B}{~B}ataaa{Z}aat}ds
CHEMBL517859,2.17,CN1CCN(CC1)C(=O)c2cc(sc2NC(=O)N)c3ccccc3,38.833333333333336,ADrAAD{AAr}A{~B}asaa{sasDA{~B}D}ataaaaat
CHEMBL388474,2.0,Oc1ccc(cc1)N2C(=O)c3ccccc3C2=O,41.666666666666664,Baraaa{aar}DsA{~B}ataaaaatAs~B
CHEMBL1868114,3.4,COCCNc1nc(NCc2ccccc2F)c3sccc3n1,18.333333333333336,ABAADarda{DAasaaaaasG}atsaaatdr
CHEMBL152676,0.14,Cn1cc(cc1C=O)C(=O)CCCCOc2ccc(cc2)C(=O)O,72.66666666666667,Adraa{aarA~B}A{~B}AAAABasaaa{aas}A{~B}B
CHEMBL27759,1.26,Nc1ccccc1NC(=O)c2ccc(CNC(=O)OCc3cccnc3)cc2,54.0,DaraaaaarDA{~B}asaaa{ADA{~B}BAataaadat}aas
CHEMBL2171047,2.2,Cc1ccc(cc1)S(=O)(=O)NC(=O)N2CCC(CC2)N3CCC(CC3)Oc4ccc(Cl)c(C)c4Cl,38.33333333333333,Aaraaa{aar}E{~B}{~B}DA{~B}DsAAA{AAs}DtAAA{AAt}Bauaaa{Z}a{A}auZ
CHEMBL2078754,3.35,CN1CCC(CC1)n2cc(cn2)c3cnc(N)c(c3)c4oc5cc(F)ccc5n4,19.166666666666664,ADrAAA{AAr}dsaa{ads}atada{D}a{at}aubavaa{G}aaavdu
CHEMBL570002,1.96,C[C@H](Nc1nc(Nc2cc(C)[nH]n2)cnc1C#N)c3ncc(F)cn3,42.333333333333336,A{A*H}{Darda{Dasaa{A}{dH}ds}adarA^D}atdaa{G}adt
CHEMBL1950857,2.05,CN[C@@H](C)C(=O)N[C@H](C(=O)N[C@H]1CCCN(CCc2ccc(C)cc2)C1)C(C)(C)C,40.833333333333336,AD{A**H}{A}A{~B}D{A*H}{A{~B}D{A*H}rAAAD{AAasaaa{A}aas}Ar}A{A}{A}A
CHEMBL109205,2.87,CC(C)[C@@H](CN1CCCCC1)N(C)C(=O)Cc2ccc(Cl)c(Cl)c2,27.166666666666668,AA{A}{A**H}{ADrAAAAAr}D{A}A{~B}Aasaaa{Z}a{Z}as
CHEMBL1497909,3.5,COc1ccc(cc1OC)C(=O)Nc2cccc(NC(=O)c3ccc(OC)c(OC)c3)n2,16.666666666666668,ABaraaa{aarBA}A{~B}Dasaaaa{DA{~B}ataaa{BA}a{BA}at}ds
CHEMBL57758,3.28,COc1cc2ncnc(Nc3ccc(F)c(Cl)c3)c2cc1OCCN4CCCC4,20.333333333333336,ABaraasdada{Dataaa{G}a{Z}at}asaarBAADuAAAAu
CHEMBL427486,0.7,CC(=O)NC[C@H]1CN(C(=O)O1)c2ccc(c(F)c2)n3ccnc3,63.333333333333336,AA{~B}DA{A*H}rAD{A{~B}Br}asaaa{a{G}as}dtaadat
CHEMBL334167,0.3,CN1SC(=O)c2cc(ccc12)S(=O)(=O)N,70.0,ADrEA{~B}asaa{aaars}E{~B}{~B}D
CHEMBL1807815,0.79,Nc1nc(OC2CCCC2)nc3c1ncn3[C@@H]4O[C@H](CO)[C@@H](O)[C@H]4O,61.833333333333336,Darda{BAsAAAAs}datardadt{A**H}uB{A*H}{AB}{A**H}{B}{A*H}uB
CHEMBL320971,1.44,Cc1ncsc1CCOCCCS(=O)(=O)CCNCCc2ccc(O)c3nc(O)sc23,51.0,AardasarAABAAAE{~B}{~B}AADAAasaaa{B}atda{B}sast
CHEMBL1945291,1.52,COc1ccccc1CN(C)Cc2cccc(CCNC[C@H](O)c3ccc(O)c4NC(=O)Sc34)c2,49.666666666666664,ABaraaaaarAD{A}Aasaaaa{AADA{A*H}{B}ataaa{B}auDA{~B}Eatu}as
CHEMBL397192,2.86,OC1CCN(CC1)C(=O)CN2C(=O)C(Cc3ccccc23)NC(=O)c4cc5cc(Cl)sc5[nH]4,27.333333333333332,BArAAD{AAr}A{~B}ADsA{~B}A{Aataaaaast}DA{~B}auaavaa{Z}sav{dH}u
CHEMBL1718800,3.5,C(Cc1nc2ccccc2[nH]1)Cc3nc4ccccc4[nH]3,16.666666666666668,A{Aardasaaaaas{dH}r}Aatdauaaaaau{dH}t
CHEMBL1917442,1.71,Cc1ccc2c(c1)c(Sc3ccccc3Cl)c(C)n2CC(=O)O,46.5,Aaraaasa{ar}a{EataaaaatZ}a{A}dsAA{~B}B
CHEMBL59438,3.1,Oc1ccc(cc1)c2ccc3cc(O)ccc3n2,23.333333333333332,Baraaa{aar}asaaataa{B}aaatds
CHEMBL2087622,4.34,CN1C(=O)N(CC2CC2)c3nn(Cc4ccnc5ccc(Cl)cc45)c(c6oc(cc6C)C#N)c3C1=O,2.666666666666669,ADrA{~B}D{AAsAAs}atdd{Aauaadavaaa{Z}aauv}a{awba{aawA}A^D}atAr~B
CHEMBL2165057,0.51,CO[C@H]1CN(CCN2C(=O)C=Nc3ccc(OC)cc23)CC[C@H]1NCc4ccc5OCC(=O)Nc5n4,66.5,AB{A*H}rAD{AADsA{~B}A~Dataaa{BA}aast}AA{A*H}rDAauaaavBAA{~B}Davdu
CHEMBL1951898,2.86,CCN(C1CCN(CC[C@H](N2CCN(CC2)S(=O)(=O)C(F)(F)F)c3ccccc3)CC1)C(=O)Cc4ccc(cc4)S(=O)(=O)C,27.333333333333332,AAD{ArAAD{AA{A*H}{DsAAD{AAs}E{~B}{~B}A{G}{G}G}ataaaaat}AAr}A{~B}Aauaaa{aau}E{~B}{~B}A
CHEMBL1224069,1.71,NC(=O)c1cccc(O[C@H]2C[C@H]3CC[C@@H](C2)N3Cc4ccccc4)n1,46.5,DA{~B}araaaa{B{A*H}sA{A*H}tAA{A**H}{As}DtAauaaaaau}dr
CHEMBL236779,2.52,NC1=NC(=CC(=O)N1)CCc2cccc(Br)c2,33.0,DAr~DA{~AA{~B}Dr}AAasaaaa{X}as
CHEMBL1363,0.42,COc1ccc(C[C@@H](C)NC[C@H](O)c2ccc(O)c(NC=O)c2)cc1,68.0,ABaraaa{A{A**H}{A}DA{A*H}{B}asaaa{B}a{DA~B}as}aar
CHEMBL234952,3.4,OC[C@H](O)CN1C(=O)C(Cc2ccccc12)NC(=O)c3cc4cc(Cl)ccc4[nH]3,18.333333333333336,BA{A*H}{B}ADrA{~B}A{Aasaaaaars}DA{~B}ataauaa{Z}aaau{dH}t
CHEMBL189963,0.8,CC(=O)C1=C(C)c2cnc(Nc3ccc(cn3)N4CCNCC4)nc2N(C5CCCC5)C1=O,61.666666666666664,AA{~B}Ar~A{A}asada{Dataaa{adt}DuAADAAu}dasD{AvAAAAv}Ar~B
CHEMBL1682947,3.14,CC[C@H](NC(=O)c1c([S+](C)[O-])c(nc2ccccc12)c3cccc(F)c3)c4ccccc4,22.666666666666668,AA{A*H}{DA{~B}ara{{EP}{A}{BM}}a{dasaaaaars}ataaaa{G}at}auaaaaau
CHEMBL2349321,4.2,CC(C)C[C@H](CO)Nc1nc(SCc2ccccc2)nc3NC(=O)Sc13,4.999999999999997,AA{A}A{A*H}{AB}Darda{EAasaaaaas}datDA{~B}Eart
CHEMBL2036577,2.51,CC(=O)N1CCN(CC1)c2ccc(NC(=O)c3oc(Nc4ccccc4F)nn3)cc2,33.16666666666667,AA{~B}DrAAD{AAr}asaaa{DA{~B}atba{DauaaaaauG}ddt}aas
CHEMBL359810,2.76,CC1=C(C(=O)N(C[C@H](N)c2ccccc2)C(=O)N1Cc3c(F)cccc3F)c4ccccc4F,29.000000000000004,AAr~A{A{~B}D{A{A*H}{D}asaaaaas}A{~B}DrAata{G}aaaatG}auaaaaauG
CHEMBL750,0.55,OS(=N)(=O)Cc1noc2ccccc12,65.83333333333333,BE{~D}{~B}Aardbasaaaaars
CHEMBL555013,3.28,Clc1ccc2[nH]ccc2c1,20.333333333333336,Zaraaas{dH}aaasar
CHEMBL327504,3.5,CN(C)C(=O)[C@H](Cc1ccccc1)NC(=O)c2cc3cc(F)ccc3[nH]2,16.666666666666668,AD{A}A{~B}{A*H}{Aaraaaaar}DA{~B}asaataa{G}aaat{dH}s
CHEMBL304087,3.6,COc1cc(NC(=O)Nc2cccc(CNC(=O)O[C@H]3CCOC3)c2)ccc1c4ocnc4,14.999999999999998,ABaraa{DA{~B}Dasaaaa{ADA{~B}B{A*H}tAABAt}as}aaaraubadau
CHEMBL11348,3.3,CCN1C(=O)N(CC)c2[nH]c(nc2C1=O)c3ccccc3,20.000000000000004,AADrA{~B}D{AA}as{dH}a{dasAr~B}ataaaaat
CHEMBL2024524,2.81,CN(C)C(=O)N[C@@H]1CC[C@@H](CCN2CCN(CC2)c3ccc(Cl)cc3)CC1,28.166666666666668,AD{A}A{~B}D{A**H}rAA{A**H}{AADsAAD{AAs}ataaa{Z}aat}AAr
CHEMBL2171035,2.59,Clc1ccc(cc1)S(=O)(=O)NC(=O)N2CCC(CC2)N3CCC(CC3)Oc4ccc(Cl)c(Cl)c4,31.833333333333332,Zaraaa{aar}E{~B}{~B}DA{~B}DsAAA{AAs}DtAAA{AAt}Bauaaa{Z}a{Z}au
CHEMBL7728,1.5,CN1C(=O)NC(=O)C(C)(C2=CCCCC2)C1=O,50.0,ADrA{~B}DA{~B}A{A}{As~AAAAAs}Ar~B
CHEMBL1760039,3.41,COc1cc(Nc2nccc(Oc3cnc4ccccc4c3)n2)cc(OC)c1OC,18.166666666666664,ABaraa{Dasdaaa{Batadauaaaaauat}ds}aa{BA}arBA
CHEMBL219916,3.45,Clc1ccc2N(C3CCN(CCCN4C(=O)Nc5ccccc45)CC3)C(=O)Nc2c1,17.499999999999996,ZaraaasD{AtAAD{AAADuA{~B}Davaaaaauv}AAt}A{~B}Dasar
CHEMBL320876,0.91,COc1cc(cc(OC)c1O)[C@H]2[C@@H]3C(COC3=O)C(O[C@@H]4O[C@@H]5CO[C@@H](C)O[C@H]5[C@H](O)[C@H]4O)c6cc7OCOc7cc26,59.833333333333336,ABaraa{aa{BA}arB}{A*H}s{A**H}tA{ABAt~B}A{B{A**H}uB{A**H}vAB{A**H}{A}B{A*H}v{A*H}{B}{A*H}uB}awaaxBABaxaasw
CHEMBL1255978,2.8,CC1=C(C(=O)Oc2cc(O)ccc12)c3ccc(O)cc3,28.33333333333334,AAr~A{A{~B}Basaa{B}aaars}ataaa{B}aat
CHEMBL9,-0.87,CCN1C=C(C(=O)O)C(=O)c2cc(F)c(cc12)N3CCNCC3,89.5,AADrA~A{A{~B}B}A{~B}asaa{G}a{aars}DtAADAAt
CHEMBL1951165,1.6,COc1cc(OC)c(cc1NC(=O)C)S(=O)(=O)N(C(C)C)c2ccccc2,48.333333333333336,ABaraa{BA}a{aarDA{~B}A}E{~B}{~B}D{A{A}A}asaaaaas
CHEMBL117869,0.66,COC(=O)c1c(O)cccc1OC\C=C\c2ccc(F)c(c2)c3onc(c3)C(=O)O,64.0,ABA{~B}ara{B}aaaarBARA~ARasaaa{G}a{as}atbda{at}A{~B}B
CHEMBL48082,1.68,Nc1nccc(n1)c2c[nH]c3ccccc23,47.0,Dardaaa{dr}asa{dH}ataaaaast
CHEMBL2177607,1.5,OC(=O)c1ccc(cc1)n2ncc(C(=O)NC3C4CC5CC(CC3C5)C4)c2C(F)(F)F,50.0,BA{~B}araaa{aar}dsdaa{A{~B}DAtAuAAvAA{AAtAv}Au}asA{G}{G}G
CHEMBL279416,0.3,Fc1ccc(cc1)c2ncn(C3CCNCC3)c2c4ccncc4,70.0,Garaaa{aar}asdad{AtAADAAt}asauaadaau
CHEMBL1829251,2.15,CCC(N(CCCN)C(=O)c1ccc(C)cc1)C2=Nc3ccsc3C(=O)N2Cc4ccc(OC)cc4,39.166666666666664,AAA{D{AAAD}A{~B}araaa{A}aar}As~DataasatA{~B}DsAauaaa{BA}aau
CHEMBL376632,2.5,Cc1cc(nc(n1)n2ccnc2)N3CCC[C@@H]3C(=O)NCCc4ccc5OCOc5c4,33.333333333333336,Aaraa{da{dr}dsaadas}DtAAA{A**H}tA{~B}DAAauaaavBABavau
CHEMBL2177603,1.15,CC(C)c1c(cnn1c2ccc(cc2)C(=O)O)C(=O)NC3C4CC5CC(CC3C5)C4,55.833333333333336,AA{A}ara{addrasaaa{aas}A{~B}B}A{~B}DAtAuAAvAA{AAtAv}Au
CHEMBL2035026,2.0,CCn1cnc2cnc(c3ccc(cc3)C4(N)CCC4)c(c5ccccc5)c12,41.666666666666664,AAdradasada{ataaa{aat}Au{D}AAAu}a{avaaaaav}ars
CHEMBL488085,2.45,CC(C)n1c(C)ncc1c2ccnc(Nc3ccc(cc3)C(=O)N(C)C)n2,34.166666666666664,AA{A}dra{A}daarasaada{Dataaa{aat}A{~B}D{A}A}ds
CHEMBL207100,1.74,CC(C)CN1C(=O)N(C)C(=O)c2c1sc(Cc3cncc4ccccc34)c2C(=O)N5CC[C@@H](O)C5,46.0,AA{A}ADrA{~B}D{A}A{~B}asarsa{Aatadaauaaaaatu}asA{~B}DvAA{A**H}{B}Av
CHEMBL49722,0.42,OCCNC(=O)COc1ccc(OCCNCC(O)COc2ccccc2)cc1,68.0,BAADA{~B}ABaraaa{BAADAA{B}ABasaaaaas}aar
CHEMBL563886,2.6,CCc1cc(C(=O)N[C@@H](Cc2cccc(Cl)c2)C(=O)NCC#N)n(C)n1,31.666666666666668,AAaraa{A{~B}D{A**H}{Aasaaaa{Z}as}A{~B}DAA^D}d{A}dr
CHEMBL487066,3.06,CC(C)n1c(C)ncc1c2ccnc(Nc3ccc(cc3)C(=O)NC4CC4)n2,24.0,AA{A}dra{A}daarasaada{Dataaa{aat}A{~B}DAuAAu}ds
CHEMBL2086677,3.8,Cc1cnccc1COc2cnc(nc2)N3CCN(CC3)C(=O)OC(C)(C)C,11.66666666666667,AaradaaarABasada{das}DtAAD{AAt}A{~B}BA{A}{A}A
CHEMBL179701,2.64,C=CCCCCCCCCC(=O)N[C@H]1CCC(=O)NC1=O,31.0,A~AAAAAAAAAA{~B}D{A*H}rAAA{~B}DAr~B
CHEMBL1683037,2.57,COc1cc2nnc(C(=O)N)c(Nc3cc(C)ccc3F)c2cc1N4CCN(C)CC4,32.16666666666667,ABaraasdda{A{~B}D}a{Dataa{A}aaatG}asaarDuAAD{A}AAu
CHEMBL2208435,3.28,O[C@H](CNC(=O)c1cnnc2ccccc12)CN3CCC(CC3)Oc4ccc(Cl)c(Cl)c4,20.333333333333336,B{A*H}{ADA{~B}araddasaaaaars}ADtAAA{AAt}Bauaaa{Z}a{Z}au
CHEMBL1086473,4.17,CCCCc1nc2c(N)nc3ccccc3c2n1Cc4ccccc4,5.500000000000001,AAAAardasa{D}dataaaaatasdrAauaaaaau
CHEMBL484304,0.87,COc1ccccc1CNC(=O)NS(=O)(=O)c2ccc(Cl)cc2,60.5,ABaraaaaarADA{~B}DE{~B}{~B}asaaa{Z}aas
CHEMBL1824377,1.56,Oc1cccc(NC(=O)c2ccc(OCCCN3CCCC3)cc2OCc4cscn4)c1,49.0,Baraaaa{DA{~B}asaaa{BAAADtAAAAt}aasBAauasadu}ar
CHEMBL2086682,3.7,CC(C)(C)OC(=O)N1CCN(CC1)c2ncc(OCc3c(F)cncc3F)cn2,13.33333333333333,AA{A}{A}BA{~B}DrAAD{AAr}asdaa{BAata{G}adaatG}ads
CHEMBL2094588,2.62,Clc1ccc(cc1)C(=O)CN2C3=NCCN3c4ccccc24,31.333333333333332,Zaraaa{aar}A{~B}ADsAt~DAADtauaaaaasu
CHEMBL2087433,0.3,COc1cc(C)c(c(C)c1)S(=O)(=O)N(C)CCOCC(=O)N2CCC(CC2)C3CCN(C)CC3,70.0,ABaraa{A}a{a{A}ar}E{~B}{~B}D{A}AABAA{~B}DsAAA{AAs}AtAAD{A}AAt
CHEMBL1916270,0.8,CCC(CC)NC(=O)c1cnn(c1NS(=O)(=O)c2ccc(cc2)c3ocnc3)c4ccccc4,61.666666666666664,AAA{AA}DA{~B}aradd{arDE{~B}{~B}asaaa{aas}atbadat}auaaaaau
CHEMBL2331738,2.32,CC1=CN([C@H]2CCCN(C2)S(=O)(=O)c3cccc(Oc4ccccc4)c3)C(=O)NC1=O,36.333333333333336,AAr~AD{{A*H}sAAAD{As}E{~B}{~B}ataaaa{Bauaaaaau}at}A{~B}DAr~B
CHEMBL1525826,-0.65,COc1nccnc1NS(=O)(=O)c2ccc(N)cc2,85.83333333333333,ABardaadarDE{~B}{~B}asaaa{D}aas
CHEMBL1288103,2.76,NC(=O)c1cnc(N[C@H]2CCCNC2)c3cc(sc13)c4ccc(Cl)c(F)c4,29.000000000000004,DA{~B}arada{D{A*H}sAAADAs}ataa{sart}auaaa{Z}a{G}au
CHEMBL1917449,0.4,CC(=O)Nc1cccc2c1c(c(C)n2CC(=O)O)S(=O)(=O)c3ccc(Cl)cc3,68.33333333333333,AA{~B}Daraaaasara{a{A}dsAA{~B}B}E{~B}{~B}ataaa{Z}aat
CHEMBL2153303,2.33,CCCNc1nc(ccc1C(=O)NC2CCCCC2)N3CCC[C@@H](CC(=O)O)C3,36.166666666666664,AAADarda{aaarA{~B}DAsAAAAAs}DtAAA{A**H}{AA{~B}B}At
CHEMBL1197102,2.6,NC1CCc2cc(OC(=O)c3ccccc3)c(OC(=O)c4ccccc4)cc2C1,31.666666666666668,DArAAasaa{BA{~B}ataaaaat}a{BA{~B}auaaaaau}aasAr
CHEMBL1351138,1.55,CC(C)C(=O)Nc1ccc2C(=O)NC(=O)c2c1,49.166666666666664,AA{A}A{~B}DaraaasA{~B}DA{~B}asar
CHEMBL1324,0.74,Cc1ccc(cc1)C(=O)c2cc(O)c(O)c(c2)[N+](=O)[O-],62.666666666666664,Aaraaa{aar}A{~B}asaa{B}a{B}a{as}{DP}{~B}{BM}
CHEMBL1779008,1.5,COc1cc(F)ccc1c2cncc(CNC(C)C)c2,50.0,ABaraa{G}aaarasadaa{ADA{A}A}as
CHEMBL1917454,1.26,Cc1c(Oc2ccc(Cl)cc2)c3cc(F)ccc3n1CC(=O)O,54.0,Aara{Basaaa{Z}aas}ataa{G}aaatdrAA{~B}B
CHEMBL2018969,2.09,COc1cccc2c1c(NS(=O)(=O)c3ccc(Cl)s3)nn2Cc4cccc(CNC(=O)C(C)(C)O)c4,40.166666666666664,ABaraaaasara{DE{~B}{~B}ataaa{Z}st}ddsAauaaaa{ADA{~B}A{A}{A}B}au
CHEMBL1762178,2.93,CC(=O)Nc1cc(CN2C(=O)N(C(=O)C2(C)C)c3ccc(SC(F)(F)F)cc3)ccn1,26.16666666666666,AA{~B}Daraa{ADsA{~B}D{A{~B}As{A}A}ataaa{EA{G}{G}G}aat}aadr
CHEMBL1916536,1.78,COc1ccc2SCC(=O)N(CCN3CCC(CC3)NCc4cc5OCCOc5cn4)c2c1,45.333333333333336,ABaraaasEAA{~B}D{AADtAAA{AAt}DAauaavBAABavadu}asar
CHEMBL1809202,3.1,COc1cc(ccc1Nc2ncc(Cl)c(n2)c3cnc4c(CO)cccn34)N5CCN(CC5)C(=O)C,23.333333333333332,ABaraa{aaarDasdaa{Z}a{ds}atadaua{AB}aaadtu}DvAAD{AAv}A{~B}A
CHEMBL436826,4.25,CCOc1ccc(cc1)N2C(=O)c3ccccc3N=C2[C@@H](C)N(Cc4cccnc4)C(=O)Cc5ccc(cc5)C(F)(F)F,4.166666666666667,AABaraaa{aar}DsA{~B}ataaaaatD~As{A**H}{A}D{Aauaaadau}A{~B}Aavaaa{aav}A{G}{G}G
CHEMBL1231,3.65,CCN(CC)CC#CCOC(=O)C(O)(C1CCCCC1)c2ccccc2,14.16666666666667,AAD{AA}AA^AABA{~B}A{B}{ArAAAAAr}asaaaaas
CHEMBL405790,4.15,Brc1ccccc1C(=O)NCC23CC4CC(CC(C4)C2)C3,5.833333333333328,XaraaaaarA{~B}DAAstAAuAA{AA{Au}As}At
CHEMBL2011943,3.13,COc1ccc(cc1)c2nc3c(NCCCNC(=O)C4CCCC4)c(cnc3[nH]2)C(=O)N,22.833333333333332,ABaraaa{aar}asdata{DAAADA{~B}AuAAAAu}a{adat{dH}s}A{~B}D
CHEMBL797,0.68,CN1C(=O)CC(C1=O)c2ccccc2,63.666666666666664,ADrA{~B}AA{Ar~B}asaaaaas
CHEMBL380979,2.8,[O-][N+](=O)c1ccc2[nH]c(nc2c1)c3ccccn3,28.33333333333334,{BM}{DP}{~B}araaas{dH}a{dasar}ataaaadt
CHEMBL1631889,4.31,c1ccc(cc1)C#Cc2n[nH]c3ccccc23,3.166666666666673,araaa{aar}A^Aasd{dH}ataaaaast
CHEMBL1411716,3.49,CSc1ccc(cc1)C(=O)C(C)(C)N2CCOCC2,16.83333333333333,AEaraaa{aar}A{~B}A{A}{A}DsAABAAs
CHEMBL140689,2.7,CCN1C(=O)C=Cc2cnc(Nc3ccc(OC)c(OC)c3)nc12,29.999999999999996,AADrA{~B}A~Aasada{Dataaa{BA}a{BA}at}dars
CHEMBL473,0.6,CN(CCOc1ccc(NS(=O)(=O)C)cc1)CCc2ccc(NS(=O)(=O)C)cc2,65.0,AD{AABaraaa{DE{~B}{~B}A}aar}AAasaaa{DE{~B}{~B}A}aas
CHEMBL1016,0.3,CCOc1nc2cccc(C(=O)O)c2n1Cc3ccc(cc3)c4ccccc4c5nnn[nH]5,70.0,AABardasaaaa{A{~B}B}asdrAataaa{aat}auaaaaauavddd{dH}v
CHEMBL2036751,1.94,CCN1CCC[C@@H](CN2CCN(CC2)C(=O)Nc3ccc(Cl)c(Cl)c3)C1,42.666666666666664,AADrAAA{A**H}{ADsAAD{AAs}A{~B}Dataaa{Z}a{Z}at}Ar
CHEMBL441550,2.55,CC(C)N1C(=O)N(C)C(=O)c2c1sc(Cc3ccccc3C(F)(F)F)c2C(=O)N4CCS(=O)(=O)C4,32.50000000000001,AA{A}DrA{~B}D{A}A{~B}asarsa{AataaaaatA{G}{G}G}asA{~B}DuAAE{~B}{~B}Au
CHEMBL112880,2.26,COc1cc(OC)cc(c1)C2=CC=C(NC(=O)OCc3ccccc3)C(=O)N2CC(=O)NC(C(C)C)C(=O)C(F)(F)F,37.333333333333336,ABaraa{BA}aa{ar}As~AA~A{DA{~B}BAataaaaat}A{~B}DsAA{~B}DA{A{A}A}A{~B}A{G}{G}G
CHEMBL206266,2.32,COc1cc2c(Nc3ncc(NC(=O)c4ccccc4)cn3)ncnc2cc1OCCCN5CCOCC5,36.333333333333336,ABaraasa{Datdaa{DA{~B}auaaaaau}adt}dadasaarBAAADvAABAAv
CHEMBL2059377,2.62,CCNC(=O)c1cc2c(c(cnc2[nH]1)c3cncc(c3)C#N)n4ccc(n4)C(F)(F)F,31.333333333333332,AADA{~B}araasa{a{adas{dH}r}atadaa{at}A^D}duaaa{du}A{G}{G}G
CHEMBL1778646,-0.43,CCS(=O)(=O)c1ccc(c(Cl)c1)c2cc(Cl)ccc2OCC(=O)O,82.16666666666667,AAE{~B}{~B}araaa{a{Z}ar}asaa{Z}aaasBAA{~B}B
CHEMBL2153302,2.81,CCCOc1nc(ccc1C(=O)NC2CCCCC2)N3CCC[C@@H](CC(=O)O)C3,28.166666666666668,AAABarda{aaarA{~B}DAsAAAAAs}DtAAA{A**H}{AA{~B}B}At
CHEMBL487622,0.7,CNC(=O)c1ccc(cc1)c2cc(C(=O)N[C@H]3CCCNC3)c(NC(=O)N)s2,63.333333333333336,ADA{~B}araaa{aar}asaa{A{~B}D{A*H}tAAADAt}a{DA{~B}D}ss
CHEMBL2086655,3.1,CC(C)(C)OC(=O)N1CCN(CC1)c2ccc(OCc3ccc(cc3)S(=O)(=O)C)nc2,23.333333333333332,AA{A}{A}BA{~B}DrAAD{AAr}asaaa{BAataaa{aat}E{~B}{~B}A}das
CHEMBL1418939,3.1,COc1cnc(nc1Oc2ccc(F)cc2F)c3ccccn3,23.333333333333332,ABarada{darBasaaa{G}aasG}ataaaadt
CHEMBL522892,3.45,CN1CCN(CC1)c2ccc3nc([nH]c3c2)C4=C(N)c5c(F)cccc5NC4=O,17.499999999999996,ADrAAD{AAr}asaaatda{{dH}atas}Au~A{D}ava{G}aaaavDAu~B
CHEMBL2062577,2.9,CN(C(=O)C)c1ccc2ccn(c3cc(NC4CC4)n5ncc(C#N)c5n3)c2c1,26.666666666666668,AD{A{~B}A}araaasaad{ataa{DAuAAu}dvdaa{A^D}avdt}asar
CHEMBL363462,3.5,COc1cc2ncnc(Nc3cc(NC(=O)c4ccnc(c4)N5CCOCC5)ccc3C)c2cc1OCCN(C(C)C)C(C)C,16.666666666666668,ABaraasdada{Dataa{DA{~B}auaada{au}DvAABAAv}aaatA}asaarBAAD{A{A}A}A{A}A
CHEMBL1412475,1.4,Cc1cc(O)nc(n1)n2nc(C)c(Oc3ccccc3O)c2C,51.666666666666664,Aaraa{B}da{dr}dsda{A}a{BataaaaatB}asA
CHEMBL567508,1.84,NC(=O)c1c(N)sc2CCCCc12,44.333333333333336,DA{~B}ara{D}sasAAAAars
CHEMBL1289465,2.7,Fc1ccc(C2CCN(CC2)C(=O)COCc3ccncc3)c(Cl)c1,29.999999999999996,Garaaa{AsAAD{AAs}A{~B}ABAataadaat}a{Z}ar
CHEMBL1426965,3.29,FC(F)(F)c1nnc2ccc(nn12)N3CCCCCC3,20.166666666666668,GA{G}{G}arddasaaa{ddrs}DtAAAAAAt
CHEMBL181326,3.37,OCCN(C(=O)CNC(=O)c1cc2cc(Cl)ccc2[nH]1)c3ccccc3,18.833333333333332,BAAD{A{~B}ADA{~B}araasaa{Z}aaas{dH}r}ataaaaat
CHEMBL184012,3.47,Cc1ccc(NC(=O)c2ccnc(c2)N3CCOCC3)cc1NC(=O)c4ccc(OCc5ccccn5)cc4,17.166666666666664,Aaraaa{DA{~B}asaada{as}DtAABAAt}aarDA{~B}auaaa{BAavaaaadv}aau
CHEMBL188705,3.71,COc1ccc(OC)c(CNc2[nH]nc3cccc(Oc4ccc(cc4)S(=O)(=O)C)c23)c1,13.166666666666666,ABaraaa{BA}a{ADas{dH}dataaaa{Bauaaa{aau}E{~B}{~B}A}ast}ar
CHEMBL212689,2.2,CCN(C1CCN(CC[C@H](c2ccc(cc2)S(=O)(=O)C)c3cc(F)cc(F)c3)CC1)C(=O)Cc4ccc(cc4)S(=O)(=O)C,38.33333333333333,AAD{ArAAD{AA{A*H}{asaaa{aas}E{~B}{~B}A}ataa{G}aa{G}at}AAr}A{~B}Aauaaa{aau}E{~B}{~B}A
CHEMBL221118,2.8,Nc1cccc(CCc2ccc3cc[nH]c3c2)n1,28.33333333333334,Daraaaa{AAasaaataa{dH}atas}dr
CHEMBL218628,1.77,CNc1nc2ccccc2n1Cc3sc4N(CC(C)C)C(=O)N(C)C(=O)c4c3C(=O)N5C[C@H](O)CO5,45.5,ADardasaaaaasdrAatsauD{AA{A}A}A{~B}D{A}A{~B}auatA{~B}DvA{A*H}{B}ABv
CHEMBL1471720,0.0,CN1CCN(CC(=O)Nc2c(cnn2c3ccccc3)C#N)CC1,75.0,ADrAAD{AA{~B}Dasa{addsataaaaat}A^D}AAr
CHEMBL578235,2.34,Cc1cc(Oc2ccnc(Nc3ccc(cc3)S(=O)(=O)N)c2)c(nc1C)c4ccccn4,36.0,Aaraa{Basaada{Dataaa{aat}E{~B}{~B}D}as}a{darA}auaaaadu
CHEMBL192,2.8,CCCc1nn(C)c2C(=O)NC(=Nc12)c3cc(ccc3OCC)S(=O)(=O)N4CCN(C)CC4,28.33333333333334,AAAardd{A}asA{~B}DA{~Dars}ataa{aaatBAA}E{~B}{~B}DuAAD{A}AAu
CHEMBL247479,3.6,CN(C)CCOc1ccc(cc1)c2oc3ncnc(NC[C@@H]4CCCO4)c3c2c5ccccc5,14.999999999999998,AD{A}AABaraaa{aar}asbatdada{DA{A**H}uAAABu}atasavaaaaav
CHEMBL682,2.9,CCN(CC)Cc1cc(Nc2ccnc3cc(Cl)ccc23)ccc1O,26.666666666666668,AAD{AA}Aaraa{Dasaadataa{Z}aaast}aaarB
CHEMBL110855,2.45,CCN(CCCOCCOCCc1ccccc1)CCc2ccc(O)c3nc(O)sc23,34.166666666666664,AAD{AAABAABAAaraaaaar}AAasaaa{B}atda{B}sast
CHEMBL2036568,3.6,Fc1ccccc1Nc2oc(nn2)C(=O)Nc3ccc(N4CCOCC4)c(F)c3,14.999999999999998,GaraaaaarDasba{dds}A{~B}Dataaa{DuAABAAu}a{G}at
CHEMBL181,1.05,CC1=NS(=O)(=O)c2cc(Cl)ccc2N1,57.5,AAr~DE{~B}{~B}asaa{Z}aaasDr
CHEMBL1652621,2.36,CN(Cc1oc2ccccc2c1C)C(=O)\C=C\c3cnc4NC(=O)CCc4c3,35.666666666666664,AD{AarbasaaaaasarA}A{~B}RA~ARatadauDA{~B}AAauat
CHEMBL2331745,2.73,COc1ccc(cc1Oc2cccc(Cl)c2)S(=O)(=O)N3CCC[C@@H](C3)N4C=C(C)C(=O)NC4=O,29.5,ABaraaa{aarBasaaaa{Z}as}E{~B}{~B}DtAAA{A**H}{At}DuA~A{A}A{~B}DAu~B
CHEMBL2181926,2.63,CCOC(=O)C1=C(C)NC(=C([C@H]1c2cccc3C(=O)C=C(C)Oc23)C(=O)C)C,31.166666666666668,AABA{~B}Ar~A{A}DA{~A{{A*H}rasaaaatA{~B}A~A{A}Bast}A{~B}A}A
CHEMBL1352372,2.08,Nc1nc2OC(COc3ccccc3)Cc2c(N)c1C#N,40.333333333333336,DardasBA{ABataaaaat}Aasa{D}arA^D
CHEMBL2069421,4.3,COc1ncc(cn1)c2cccc3OC[C@H](Cc23)NC(=O)c4ccc(OCC(F)(F)F)nc4,3.333333333333336,ABardaa{adr}asaaaatBA{A*H}{Aast}DA{~B}auaaa{BAA{G}{G}G}dau
CHEMBL192666,2.9,Fc1ccc(F)c(NS(=O)(=O)c2ccc(Cl)cc2)c1,26.666666666666668,Garaaa{G}a{DE{~B}{~B}asaaa{Z}aas}ar
CHEMBL277863,2.05,COC(=O)N1CCN([C@H](CN2CCCC2)C1)C(=O)Cc3ccc(Cl)c(Cl)c3,40.833333333333336,ABA{~B}DrAAD{{A*H}{ADsAAAAs}Ar}A{~B}Aataaa{Z}a{Z}at
CHEMBL1393651,3.1,CCN(C(=O)Nc1ccccc1)c2ccccc2,23.333333333333332,AAD{A{~B}Daraaaaar}asaaaaas
CHEMBL503605,1.65,Clc1ccc2[nH]c(cc2c1)C(=O)N3CCNCC3,47.5,Zaraaas{dH}a{aasar}A{~B}DtAADAAt
CHEMBL2316396,4.4,O=C(Nc1cccnc1C(=O)NCC2CCOCC2)c3cccc4ccccc34,1.6666666666666607,B~A{DaraaadarA{~B}DAAsAABAAs}ataaaauaaaaatu
CHEMBL578675,2.01,COc1cnc(nc1NC(C)C)c2ccccn2,41.50000000000001,ABarada{darDA{A}A}asaaaads
CHEMBL1800659,3.0,CCCCN(CCNCCc1ccc(O)c2NC(=O)Sc12)C(=O)CCOCCc3ccccc3,25.0,AAAAD{AADAAaraaa{B}asDA{~B}Ears}A{~B}AABAAataaaaat
CHEMBL84158,-0.9,CCN(CC)CCNC(=O)c1cc(ccc1OC)S(=O)(=O)C,90.0,AAD{AA}AADA{~B}araa{aaarBA}E{~B}{~B}A
CHEMBL1784354,1.07,CC(C)(CS(=O)(=O)N1CCN(CC1)c2ccc(F)cc2)N(O)C=O,57.166666666666664,AA{A}{AE{~B}{~B}DrAAD{AAr}asaaa{G}aas}D{B}A~B
CHEMBL244521,3.6,CC(C)N1CCC[C@H](CN2C(=O)c3cc(ccc3N=C2C(C)C)c4ccc(F)cc4)C1,14.999999999999998,AA{A}DrAAA{A*H}{ADsA{~B}ataa{aaatD~AsA{A}A}auaaa{G}aau}Ar
CHEMBL228739,3.5,COCCN1CCC(Cc2ccc(cc2)C(=O)NCc3cnc(nc3NCC(C)(C)C)C#N)CC1,16.666666666666668,ABAADrAAA{Aasaaa{aas}A{~B}DAatada{datDAA{A}{A}A}A^D}AAr
CHEMBL204772,1.34,CC(C)CN1C(=O)N(C)C(=O)c2c1sc(Cn3c(C)nc4ccccc34)c2C(=O)N5CC[C@@H](O)C5,52.666666666666664,AA{A}ADrA{~B}D{A}A{~B}asarsa{Adta{A}dauaaaaatu}asA{~B}DvAA{A**H}{B}Av
CHEMBL1951073,1.97,COc1cc(OC)c(cc1NC(=O)C)S(=O)(=O)N2C(C)CCc3ccccc23,42.16666666666667,ABaraa{BA}a{aarDA{~B}A}E{~B}{~B}DsA{A}AAataaaaast
CHEMBL190354,2.0,Brc1ccc(s1)N2C[C@@]3(CN4CCC3CC4)OC2=O,41.666666666666664,Xaraaa{sr}DsA{A**}t{ADuAAAtAAu}BAs~B
CHEMBL295135,1.85,OC(=O)c1[nH]c2cc(Cl)cc(Cl)c2c1\C=C\3/CCN(C3=O)c4ccccc4,44.166666666666664,BA{~B}ar{dH}asaa{Z}aa{Z}asarRA~ARtLAAD{At~B}auaaaaau
CHEMBL382435,2.71,CCN(C1CCN(CC[C@H](c2ccc(cc2)S(=O)(=O)C)c3cc(F)cc(Cl)c3)CC1)C(=O)Cc4ccc(cc4)S(=O)(=O)C,29.833333333333332,AAD{ArAAD{AA{A*H}{asaaa{aas}E{~B}{~B}A}ataa{G}aa{Z}at}AAr}A{~B}Aauaaa{aau}E{~B}{~B}A
CHEMBL2165059,0.81,CO[C@@H]1CN(CCN2C(=O)C=Cc3ccc(cc23)C#N)CC[C@H]1NCc4ccc5OCC(=O)Nc5n4,61.5,AB{A**H}rAD{AADsA{~B}A~Aataaa{aast}A^D}AA{A*H}rDAauaaavBAA{~B}Davdu
CHEMBL425518,2.35,CNC1CCN(C1)c2ccc(NC(=O)c3ccc(cc3)c4ccccc4)cn2,35.833333333333336,ADArAAD{Ar}asaaa{DA{~B}ataaa{aat}auaaaaau}ads
CHEMBL1231533,2.8,FC1(F)Oc2ccc(\C=C\3/SC(=O)NC3=O)cc2O1,28.33333333333334,GAr{G}Basaaa{RA~ARtLEA{~B}DAt~B}aasBr
CHEMBL2335504,3.17,C[C@H](NC(=O)C)c1ccc(Nc2ncc3cc(ccc3n2)c4ccncc4)cc1,22.166666666666668,A{A*H}{DA{~B}A}araaa{Dasdaataa{aaatds}auaadaau}aar
CHEMBL1778617,-0.16,OC(=O)COc1ccc(cc1c2ccccc2)c3nccs3,77.66666666666667,BA{~B}ABaraaa{aarasaaaaas}atdaast
CHEMBL2208431,3.69,O[C@H](CNC(=O)C1=NNC(=O)c2ccccc12)CN3CCC(CC3)Oc4ccc(Cl)c(Cl)c4,13.5,B{A*H}{ADA{~B}Ar~DDA{~B}asaaaaars}ADtAAA{AAt}Bauaaa{Z}a{Z}au
CHEMBL112924,1.13,CC(C)C(NC(=O)CN1C(=O)C(=CC=C1c2ccccc2)NC(=O)NCc3cc[n+]([O-])cc3)C(=O)C(F)(F)F,56.166666666666664,AA{A}A{DA{~B}ADrA{~B}A{~AA~Arasaaaaas}DA{~B}DAataa{dP}{{BM}}aat}A{~B}A{G}{G}G
CHEMBL1456,2.26,COc1c(C)c2COC(=O)c2c(O)c1C\C=C(/C)\CCC(=O)OCCN3CCOCC3,37.333333333333336,ABara{A}asABA{~B}asa{B}arARA~A{LA}RAAA{~B}BAADtAABAAt
CHEMBL1186433,-0.28,CC(=N)NCc1ccccc1,79.66666666666667,AA{~D}DAaraaaaar
CHEMBL1460615,1.4,OC1CS(=O)(=O)CC1N2CCC(CC2)c3ccccc3,51.666666666666664,BArAE{~B}{~B}AArDsAAA{AAs}ataaaaat
CHEMBL128637,1.62,COc1ccc2[nH]c(cc2c1)C(=O)N3CCN(C)CC3,48.0,ABaraaas{dH}a{aasar}A{~B}DtAAD{A}AAt
CHEMBL1893999,2.8,CC(C)C1NCCc2c1sc3ccccc23,28.33333333333334,AA{A}ArDAAasarsataaaaast
CHEMBL191003,1.87,Nc1nc(Nc2ccc(cc2)S(=O)(=O)N)nn1C(=O)c3c(F)cccc3F,43.833333333333336,Darda{Dasaaa{aas}E{~B}{~B}D}ddrA{~B}ata{G}aaaatG
CHEMBL1458292,4.13,CCCCCc1ccc(cc1)c2nnc(N)s2,6.166666666666669,AAAAAaraaa{aar}asdda{D}ss
CHEMBL1461445,2.89,Cc1sc2ncnc(SCC(=O)N3CCCC3)c2c1C,26.833333333333332,Aarsasdada{EAA{~B}DtAAAAt}asarA
CHEMBL2030957,0.16,OC(=O)[C@H](Cc1cccc(OCCCNc2ccccn2)c1)NC(=O)c3c(Cl)cccc3Cl,72.33333333333333,BA{~B}{A*H}{Aaraaaa{BAAADasaaaads}ar}DA{~B}ata{Z}aaaatZ
CHEMBL1916278,0.16,Cc1ccc(cc1)S(=O)(=O)Nc2c(C(=O)NC3CCOCC3)c(C)nn2c4ccccc4,72.33333333333333,Aaraaa{aar}E{~B}{~B}Dasa{A{~B}DAtAABAAt}a{A}ddsauaaaaau
CHEMBL1809222,4.2,COc1cc(ccc1Nc2ncc(Cl)c(n2)c3cnc4cc(Cl)ccn34)N5CCN(CC5)C(=O)C,4.999999999999997,ABaraa{aaarDasdaa{Z}a{ds}atadauaa{Z}aadtu}DvAAD{AAv}A{~B}A
CHEMBL2158781,1.81,Cc1cc(F)ccc1OC2CCN(CC3CCN(CC3)[C@@H](Cc4ccc(F)cc4)C(=O)O)CC2,44.833333333333336,Aaraa{G}aaarBAsAAD{AAtAAD{AAt}{A**H}{Aauaaa{G}aau}A{~B}B}AAs
CHEMBL1573297,2.34,FC(F)(F)c1nnc2ccc(NCn3nnc4ccccc34)nn12,36.0,GA{G}{G}arddasaaa{DAdtddauaaaaatu}ddrs
CHEMBL2089279,0.4,C[C@@H]1N[S@@](=O)(=NC1=O)c2cccc(c2)c3cccc(c3)C#N,68.33333333333333,A{A**H}rD{E**}{~B}{~DAr~B}asaaaa{as}ataaaa{at}A^D
CHEMBL2153177,1.63,CCCSc1ncccc1C(=O)N(C)C2CCOCC2,47.833333333333336,AAAEardaaaarA{~B}D{A}AsAABAAs
CHEMBL897,0.03,CCCN(CCC)S(=O)(=O)c1ccc(cc1)C(=O)O,74.5,AAAD{AAA}E{~B}{~B}araaa{aar}A{~B}B
CHEMBL418841,1.78,CC(C)C(NC(=O)CN1C(=O)C(=CC=C1c2ccccc2)NC(=O)C)C(=O)C(F)(F)F,45.333333333333336,AA{A}A{DA{~B}ADrA{~B}A{~AA~Arasaaaaas}DA{~B}A}A{~B}A{G}{G}G
CHEMBL415,3.36,CN(C)CCCN1c2ccccc2CCc3ccc(Cl)cc13,19.000000000000004,AD{A}AAADrasaaaaasAAataaa{Z}aart
CHEMBL469728,2.18,COc1ccc(N(C(C(=O)NC[C@@H](C)O)c2ccccc2F)C(=O)c3occc3Cl)c(OC)c1,38.666666666666664,ABaraaa{D{A{A{~B}DA{A**H}{A}B}asaaaaasG}A{~B}atbaaatZ}a{BA}ar
CHEMBL177756,0.0,OC(=O)c1ccccc1C2=C3C=CC(=O)C=C3Oc4cc(O)ccc24,75.0,BA{~B}araaaaarAs~AtA~AA{~B}A~AtBauaa{B}aaasu
CHEMBL324519,0.73,Oc1nc2ccccc2c(O)c1c3ccccc3,62.833333333333336,Bardasaaaaasa{B}arataaaaat
CHEMBL1201212,-0.71,COc1ccc(OC)c(c1)C(O)CNC(=O)CN,86.83333333333333,ABaraaa{BA}a{ar}A{B}ADA{~B}AD
CHEMBL2031234,1.5,CN1CCN(CC1)c2ccc3N=CN(C(=O)c3c2)c4cc(NC(=O)c5cccnc5)ccc4C,50.0,ADrAAD{AAr}asaaatD~AD{A{~B}atas}auaa{DA{~B}avaaadav}aaauA
CHEMBL2336318,2.6,COc1ccc(cc1CO)c2ccc3c(nc(nc3n2)n4ccnc4)N5CCOC[C@@H]5C,31.666666666666668,ABaraaa{aarAB}asaaata{da{datds}duaadau}DvAABA{A**H}vA
CHEMBL75435,-0.06,C[C@H](C(=O)O)c1cccc(c1)C(=O)c2ccccc2,75.99999999999999,A{A*H}{A{~B}B}araaaa{ar}A{~B}asaaaaas
CHEMBL2031237,2.11,CN1CCN(CC1)c2ccc3N=CN(C(=O)c3c2)c4cc(NC(=O)c5cncs5)ccc4C,39.833333333333336,ADrAAD{AAr}asaaatD~AD{A{~B}atas}auaa{DA{~B}avadasv}aaauA
CHEMBL454648,3.14,CC(C)n1c(C)ncc1c2nc(Nc3ccc(C(=O)N(C)C)c(F)c3)ncc2F,22.666666666666668,AA{A}dra{A}daarasda{Dataaa{A{~B}D{A}A}a{G}at}daasG
CHEMBL51776,2.67,COC(=O)CCC(=O)Nc1ccc2c(c1)C(=O)C(=O)c3cc(NC(=O)CCC(=O)OC)ccc23,30.5,ABA{~B}AAA{~B}Daraaasa{ar}A{~B}A{~B}ataa{DA{~B}AAA{~B}BA}aaast
CHEMBL1917458,0.29,CCS(=O)(=O)c1ccc(Oc2c(C)n(CC(=O)O)c3ccc(cc23)C(F)(F)F)cc1,70.16666666666667,AAE{~B}{~B}araaa{Basa{A}d{AA{~B}B}ataaa{aast}A{G}{G}G}aar
CHEMBL1736016,2.93,O=C(NC1CCCCC1)C2CCCN(C2)S(=O)(=O)c3cccs3,26.16666666666666,B~A{DArAAAAAr}AsAAAD{As}E{~B}{~B}ataaast
CHEMBL2325733,2.2,NC1(CCN(CC1)c2ncnc3[nH]ccc23)C(=O)NC(CS(=O)(=O)N)c4ccc(Cl)cc4,38.33333333333333,DAr{AAD{AAr}asdadat{dH}aaast}A{~B}DA{AE{~B}{~B}D}auaaa{Z}aau
CHEMBL1180257,0.6,CCC(N1NC(=O)C2=C(C1=O)C(=O)c3ccc(Cl)cc3N2)c4ccncc4,65.0,AAA{DrDA{~B}As~A{Ar~B}A{~B}ataaa{Z}aatDs}auaadaau
CHEMBL2036732,3.3,O=C(Nc1ccc(nc1)N2CCOCC2)c3oc(Nc4cccc(OCc5cccnc5)c4)nn3,20.000000000000004,B~A{Daraaa{dar}DsAABAAs}atba{Dauaaaa{BAavaaadav}au}ddt
CHEMBL1835906,2.7,CCOC(=O)c1ccc(OCCC2CN(CCO2)c3ccc(C)nn3)cc1,29.999999999999996,AABA{~B}araaa{BAAAsAD{AABs}ataaa{A}ddt}aar
CHEMBL2178947,1.5,Cc1nc(C)c(nc1C(=O)N)c2ccc3c(CC[C@@]34CC[C@H](CC(=O)O)CC4)c2,50.0,Aarda{A}a{darA{~B}D}asaaata{AA{A**}tuAA{A*H}{AA{~B}B}AAu}as
CHEMBL1779512,1.44,COC[C@@H](O)CN1C(=O)C=NN(C1=O)c2ccc(Cl)c(c2)C(=O)NCC3(O)CCCCCC3,51.0,ABA{A**H}{B}ADrA{~B}A~DD{Ar~B}asaaa{Z}a{as}A{~B}DAAt{B}AAAAAAt
CHEMBL201800,3.1,Nc1nc2nc(SCc3ccccc3)nc(N)c2s1,23.333333333333332,Dardasda{EAataaaaat}da{D}assr
CHEMBL2010830,2.9,CCN(C1CCN(Cc2ccc(cc2)C(F)(F)F)CC1)C(=O)Cc3ccc(cc3)S(=O)(=O)C,26.666666666666668,AAD{ArAAD{Aasaaa{aas}A{G}{G}G}AAr}A{~B}Aataaa{aat}E{~B}{~B}A
CHEMBL2312113,4.3,COc1cc(O)c(C(CC(=O)N2CC(C)CC(C)C2)c3ccc4OCOc4c3)c(OC)c1,3.333333333333336,ABaraa{B}a{A{AA{~B}DsAA{A}AA{A}As}ataaauBABauat}a{BA}ar
CHEMBL1448605,3.63,CCNc1nc(N)c(s1)C(=O)c2ccc(Cl)s2,14.500000000000002,AADarda{D}a{sr}A{~B}asaaa{Z}ss
CHEMBL1778637,-0.52,CS(=O)(=O)c1ccc(c(Cl)c1)c2cc(ccc2OCC(=O)O)C(F)(F)F,83.66666666666666,AE{~B}{~B}araaa{a{Z}ar}asaa{aaasBAA{~B}B}A{G}{G}G
CHEMBL234524,1.8,Oc1ccc(cc1)N2C(=O)c3ccc(O)cc3C2=O,45.0,Baraaa{aar}DsA{~B}ataaa{B}aatAs~B
CHEMBL1451838,-0.38,C1CCC(CC1)NC2CCCCC2,81.33333333333333,ArAAA{AAr}DAsAAAAAs
CHEMBL2321995,3.32,CN1CC=CCC(C1)c2ccc(Cl)c(Cl)c2,19.666666666666668,ADrAA~AAA{Ar}asaaa{Z}a{Z}as
CHEMBL366205,3.85,Oc1ccc(Br)cc1C(=O)C(=O)c2cc(Br)ccc2O,10.83333333333333,Baraaa{X}aarA{~B}A{~B}asaa{X}aaasB
CHEMBL2011923,2.14,CNc1c(cnc2[nH]c(nc12)c3ccc(OCCN4CCOCC4)cc3)C(=O)N,39.333333333333336,ADara{adas{dH}a{dars}ataaa{BAADuAABAAu}aat}A{~B}D
CHEMBL274737,3.27,CC[C@H](CO)Nc1nc(SCc2ccccc2)nc3nc(N)sc13,20.5,AA{A*H}{AB}Darda{EAasaaaaas}datda{D}sart
CHEMBL1916289,2.35,C[C@H](NC(=O)c1c(C)nn(c1NS(=O)(=O)c2ccc(cc2)C(F)(F)F)c3ccc(F)cc3)C(C)(C)C,35.833333333333336,A{A*H}{DA{~B}ara{A}dd{arDE{~B}{~B}asaaa{aas}A{G}{G}G}ataaa{G}aat}A{A}{A}A
CHEMBL370387,2.5,Nc1nc2nc(SCc3cccc(F)c3F)nc(O)c2s1,33.333333333333336,Dardasda{EAataaaa{G}atG}da{B}assr
CHEMBL558,0.62,CC(N)COc1c(C)cccc1C,64.66666666666667,AA{D}ABara{A}aaaarA
CHEMBL403296,2.59,CCCCC(O)c1[nH]c2cc(C)c(cc2c1CCc3ccccc3)C(=O)O,31.833333333333332,AAAAA{B}ar{dH}asaa{A}a{aasarAAataaaaat}A{~B}B
CHEMBL1343875,4.19,CC(C(=O)Nc1ccc(Cl)cc1)c2ncc(cc2Cl)C(F)(F)F,5.16666666666666,AA{A{~B}Daraaa{Z}aar}asdaa{aasZ}A{G}{G}G
CHEMBL434063,2.15,CN(CCOc1ccc(C[C@H](Nc2ccccc2C(=O)c3ccccc3)C(=O)O)cc1)c4ccccn4,39.166666666666664,AD{AABaraaa{A{A*H}{DasaaaaasA{~B}ataaaaat}A{~B}B}aar}auaaaadu
CHEMBL102047,1.58,CN(C)CC(O)COc1ccc(Nc2nccc(Nc3ccccc3)n2)cc1,48.666666666666664,AD{A}AA{B}ABaraaa{Dasdaaa{Dataaaaat}ds}aar
CHEMBL2335884,2.66,C(CN1CCCC1)Oc2ccc(Nc3ncc4cc(ccc4n3)c5ccncc5)cc2,30.666666666666668,A{ADrAAAAr}Basaaa{Datdaauaa{aaaudt}avaadaav}aas
CHEMBL8,-0.96,OC(=O)C1=CN(C2CC2)c3cc(N4CCNCC4)c(F)cc3C1=O,91.0,BA{~B}Ar~AD{AsAAs}ataa{DuAADAAu}a{G}aatAr~B
CHEMBL319136,3.6,CN(C)C(=O)[C@H](O)[C@H](Cc1ccccc1)NC(=O)c2cc3cc(Cl)ccc3[nH]2,14.999999999999998,AD{A}A{~B}{A*H}{B}{A*H}{Aaraaaaar}DA{~B}asaataa{Z}aaat{dH}s
CHEMBL2165058,1.05,CO[C@H]1CN(CCN2C(=O)C=Cc3ccc(cc23)C#N)CC[C@@H]1NCc4cc5OCCOc5cn4,57.5,AB{A*H}rAD{AADsA{~B}A~Aataaa{aast}A^D}AA{A**H}rDAauaavBAABavadu
CHEMBL549,1.56,CN(C)CCCC1(OCc2cc(ccc12)C#N)c3ccc(F)cc3,49.0,AD{A}AAAAr{BAasaa{aaars}A^D}ataaa{G}aat
CHEMBL1950859,1.54,CN[C@@H](C)C(=O)N[C@H](C(=O)N[C@H]1CCCN(CCc2ccc(cc2)[N+](=O)[O-])C1)C(C)(C)C,49.333333333333336,AD{A**H}{A}A{~B}D{A*H}{A{~B}D{A*H}rAAAD{AAasaaa{aas}{DP}{~B}{BM}}Ar}A{A}{A}A
CHEMBL413065,2.55,CCc1nc2c(N)nc3ccccc3c2n1CC(C)C,32.50000000000001,AAardasa{D}dataaaaatasdrAA{A}A
CHEMBL2011931,1.71,COc1ccc(cc1)c2nc3c(NCCCNC(=O)C4CC4)c(Br)cnc3[nH]2,46.5,ABaraaa{aar}asdata{DAAADA{~B}AuAAu}a{X}adat{dH}s
CHEMBL218490,0.27,CCN[C@H]1C[C@H](C)S(=O)(=O)c2sc(cc12)S(=O)(=O)N,70.50000000000001,AAD{A*H}rA{A*H}{A}E{~B}{~B}assa{aars}E{~B}{~B}D
CHEMBL1783280,2.83,CCCNC(=O)c1nnc2c(cccc2c1N)c3cnccc3OC,27.833333333333332,AAADA{~B}arddasa{aaaasarD}atadaaatBA
CHEMBL1255834,0.48,CC(N)Cc1c[nH]c2ccc(OCc3cccs3)cc12,66.99999999999999,AA{D}Aara{dH}asaaa{BAataaast}aars
CHEMBL436281,0.75,C1CC2(CCN1)OC(c3ccccc3)c4ccccc24,62.5,ArAAs{AADr}BA{ataaaaat}auaaaaasu
CHEMBL1809194,3.7,COc1cc(ccc1Nc2ncc(Br)c(n2)c3cnc4ccccn34)N5CCN(CC5)C(=O)C,13.33333333333333,ABaraa{aaarDasdaa{X}a{ds}atadauaaaadtu}DvAAD{AAv}A{~B}A
CHEMBL211866,1.38,CCN(C1CCN(CC[C@@H](c2ccccc2)c3ccc(cc3)S(=O)(=O)C)CC1)C(=O)Cc4ccc(cc4)S(=O)(=O)C,52.0,AAD{ArAAD{AA{A**H}{asaaaaas}ataaa{aat}E{~B}{~B}A}AAr}A{~B}Aauaaa{aau}E{~B}{~B}A
CHEMBL831,3.24,CN1CCN(CC1)C2=Nc3ccccc3Oc4ccc(Cl)cc24,20.999999999999996,ADrAAD{AAr}As~DataaaaatBauaaa{Z}aasu
CHEMBL2207596,-0.27,COc1cc(O)c(cc1NC(=O)CCC(=O)O)S(=O)(=O)N2C(C)CCc3ccccc23,79.49999999999999,ABaraa{B}a{aarDA{~B}AAA{~B}B}E{~B}{~B}DsA{A}AAataaaaast
CHEMBL1994944,1.61,Cn1ncc2C(=O)NC(=Nc12)c3ccccc3,48.16666666666666,AdrdaasA{~B}DA{~Dars}ataaaaat
CHEMBL126224,2.96,CN(C)CCCn1c2CCCCCCc2c3ccccc13,25.666666666666668,AD{A}AAAdrasAAAAAAasataaaaart
CHEMBL242341,3.05,COc1ccc(cc1)C2=COc3cc(O)ccc3C2=O,24.16666666666667,ABaraaa{aar}As~ABataa{B}aaatAs~B
CHEMBL1431859,1.13,NC(=O)c1cccnc1Oc2ccccc2,56.166666666666664,DA{~B}araaadarBasaaaaas
CHEMBL578061,4.06,N(c1ccccc1)c2ccnc(Nc3ccccc3)n2,7.33333333333334,D{araaaaar}asaada{Dataaaaat}ds
CHEMBL289330,1.2,CCN1CCC[C@H]1CNC(=O)c2cc(Br)cc(OC)c2OC,55.0,AADrAAA{A*H}rADA{~B}asaa{X}aa{BA}asBA
CHEMBL1824029,0.25,CC(O)c1ccc2OCC(=O)N(CCN3CCC(CC3)NCc4ccc5OCC(=O)Nc5n4)c2c1,70.83333333333333,AA{B}araaasBAA{~B}D{AADtAAA{AAt}DAauaaavBAA{~B}Davdu}asar
CHEMBL494480,0.54,CCN(CC)C(=O)c1ccc(cc1)C2=CC3(CCNCC3)Oc4cccc(O)c24,66.0,AAD{AA}A{~B}araaa{aar}As~AAt{AADAAt}Bauaaaa{B}asu
CHEMBL317629,2.5,CN(C)CC(O)COc1ccc(Nc2nccc(Nc3cccc(Cl)c3)n2)cc1,33.333333333333336,AD{A}AA{B}ABaraaa{Dasdaaa{Dataaaa{Z}at}ds}aar
CHEMBL1568309,1.0,CC(=O)Nc1ccccc1C,58.333333333333336,AA{~B}DaraaaaarA
CHEMBL393384,1.83,Clc1ccc(OC2CCNCC2)cc1C(=O)NCC34CC5CC(CC(C5)C3)C4,44.5,Zaraaa{BAsAADAAs}aarA{~B}DAAtuAAvAA{AA{Av}At}Au
CHEMBL2048868,1.27,COc1cccc(\C=C\2/SC(=O)NC2=O)c1N3CCC[C@@H](N)C3,53.833333333333336,ABaraaaa{RA~ARsLEA{~B}DAs~B}arDtAAA{A**H}{D}At
CHEMBL1429296,3.74,COc1ccccc1CN2C(C(=O)NC3CCC(C)CC3)c4ccccc4C2=O,12.666666666666663,ABaraaaaarADsA{A{~B}DAtAAA{A}AAt}auaaaaauAs~B
CHEMBL402011,2.89,C[C@@H](Oc1cccc2ncnc(Nc3ccc4c(cnn4Cc5ccccn5)c3)c12)C(=O)N(C)C,26.833333333333332,A{A**H}{Baraaaasdada{Dataaaua{adduAavaaaadv}at}ars}A{~B}D{A}A
CHEMBL227148,1.2,COCCNC(=O)c1cccc(CN2NC(=O)C3=C(C2=O)C(=O)c4ccc(Cl)cc4N3)c1,55.0,ABAADA{~B}araaaa{ADsDA{~B}At~A{As~B}A{~B}auaaa{Z}aauDt}ar
CHEMBL2059868,2.87,Cc1ccc(cc1NC(=O)c2ccc(OCc3ccccn3)cc2)c4[nH]cnc4C,27.166666666666668,Aaraaa{aarDA{~B}asaaa{BAataaaadt}aas}au{dH}adauA
CHEMBL1570112,3.5,CCn1c2ccccc2c3cc(NC(=O)C)ccc13,16.666666666666668,AAdrasaaaaasataa{DA{~B}A}aaart
CHEMBL2011895,2.56,CNc1c(Br)cnc2[nH]c(nc12)c3ccc(OCCN4CCCCC4)cc3,32.333333333333336,ADara{X}adas{dH}a{dars}ataaa{BAADuAAAAAu}aat
CHEMBL1917425,2.15,Cc1c(Sc2ccc(Cl)cc2)c3c(Cl)cccc3n1CC(=O)O,39.166666666666664,Aara{Easaaa{Z}aas}ata{Z}aaaatdrAA{~B}B
CHEMBL44326,3.7,Oc1cccc(c1)c2nc3ccc(O)cc3s2,13.33333333333333,Baraaaa{ar}asdataaa{B}aatss
CHEMBL341175,2.52,CN(C)C(=O)C1(CCN(CC[C@H](CN(C)C(=O)c2cc(cc3ccccc23)C#N)c4ccc(Cl)c(Cl)c4)CC1)N5CCCCC5=O,33.0,AD{A}A{~B}Ar{AAD{AA{A*H}{AD{A}A{~B}asaa{aataaaaast}A^D}auaaa{Z}a{Z}au}AAr}DvAAAAAv~B
CHEMBL1224142,1.6,Cc1c(O[C@H]2C[C@H]3CC[C@@H](C2)N3Cc4ccccc4)cccc1C(=O)N,48.333333333333336,Aara{B{A*H}sA{A*H}tAA{A**H}{As}DtAauaaaaau}aaaarA{~B}D
CHEMBL1374738,-0.12,[O-][N+](=O)c1oc(C=NN2CCOC2=O)cc1,77.0,{BM}{DP}{~B}arba{A~DDsAABAs~B}aar
CHEMBL1917443,-0.08,Cc1ccc2c(c1)c(Sc3ccc(cc3)S(=O)(=O)C)c(C)n2CC(=O)O,76.33333333333333,Aaraaasa{ar}a{Eataaa{aat}E{~B}{~B}A}a{A}dsAA{~B}B
CHEMBL224769,3.52,Cc1ccc(cc1S(=O)(=O)n2ccc(n2)c3c(C)nc4ccc(Br)cn34)[N+](=O)[O-],16.333333333333332,Aaraaa{aarE{~B}{~B}dsaaa{ds}ata{A}dauaaa{X}adtu}{DP}{~B}{BM}
CHEMBL1796300,0.76,OC1(CCc2ccc(Oc3ccc(cc3)C(=O)NCc4ccncn4)cc2)CN5CCC1CC5,62.333333333333336,BAr{AAasaaa{Bataaa{aat}A{~B}DAauaadadu}aas}ADvAAArAAv
CHEMBL206229,4.42,CC(C)CN1C(=O)N(C)C(=O)c2c(SC(C)C)c(Cc3ccccc3C(F)(F)F)sc12,1.3333333333333346,AA{A}ADrA{~B}D{A}A{~B}asa{EA{A}A}a{AataaaaatA{G}{G}G}sars
CHEMBL49,2.19,O=C1CC2(CCCC2)CC(=O)N1CCCCN3CCN(CC3)c4ncccn4,38.5,B~ArAAs{AAAAs}AA{~B}DrAAAADtAAD{AAt}audaaadu
CHEMBL12315,1.6,c1ccc2cnccc2c1,48.333333333333336,araaasadaaasar
CHEMBL447983,1.7,C[C@](N)(Cc1ccccc1)c2ccccc2,46.666666666666664,A{A*}{D}{Aaraaaaar}asaaaaas
CHEMBL2030402,2.01,Clc1ccc2oc3C(=O)NC(=Nc3c2c1)[C@@H]4CCCN4,41.50000000000001,ZaraaasbatA{~B}DA{~Datasar}{A**H}uAAADu
CHEMBL1950847,0.78,CN[C@@H](C)C(=O)N[C@H](C(=O)N[C@H]1CCCN(C1)S(=O)(=O)Cc2ccccc2)C(C)(C)C,62.0,AD{A**H}{A}A{~B}D{A*H}{A{~B}D{A*H}rAAAD{Ar}E{~B}{~B}Aasaaaaas}A{A}{A}A
CHEMBL1809055,3.4,COc1cc(ccc1Nc2ncc(Cl)c(n2)c3cnc4ccccn34)C(=O)N5CCOCC5,18.333333333333336,ABaraa{aaarDasdaa{Z}a{ds}atadauaaaadtu}A{~B}DvAABAAv
CHEMBL2335880,2.39,O=C(NCCN1CCCC1)c2ccc(Nc3ncc4cc(ccc4n3)c5ccncc5)cc2,35.166666666666664,B~A{DAADrAAAAr}asaaa{Datdaauaa{aaaudt}avaadaav}aas
CHEMBL509406,2.41,CC(C)n1c(C)ncc1c2nc(Nc3ccc(C(=O)NC4CCN(C)CC4)c(F)c3)ncc2F,34.833333333333336,AA{A}dra{A}daarasda{Dataaa{A{~B}DAuAAD{A}AAu}a{G}at}daasG
CHEMBL2178943,1.8,Cc1nc(C)c(nc1C(=O)N)c2ccc([C@@H]3CC[C@@H](CC(=O)O)CC3)c(Cl)c2,45.0,Aarda{A}a{darA{~B}D}asaaa{{A**H}tAA{A**H}{AA{~B}B}AAt}a{Z}as
CHEMBL462192,2.02,CC(C)n1c(C)ncc1c2nc(Nc3ccc(cc3)C(=O)N4CCCN(C)CC4)ncc2F,41.333333333333336,AA{A}dra{A}daarasda{Dataaa{aat}A{~B}DuAAAD{A}AAu}daasG
CHEMBL271013,3.12,C[C@H](CO)Nc1nc(SCc2ccccc2)nc3nc(N)sc13,23.0,A{A*H}{AB}Darda{EAasaaaaas}datda{D}sart
CHEMBL327151,3.4,O=C(CCc1ccncc1)Nc2ccc(cc2)C(=O)c3ccccc3,18.333333333333336,B~A{AAaraadaar}Dasaaa{aas}A{~B}ataaaaat
CHEMBL2086694,2.85,C[C@@H]1CN(CCN1c2ncc(OCc3ccncc3C#N)cn2)c4noc(n4)C(F)F,27.5,A{A**H}rAD{AADrasdaa{BAataadaatA^D}ads}audba{du}A{G}G
CHEMBL370552,2.98,CCN(C1CCN(CCC(c2ccccc2)c3ccc(NC(=O)C(C)(C)C)cc3)CC1)C(=O)Cc4ccc(cc4)S(=O)(=O)C,25.333333333333332,AAD{ArAAD{AAA{asaaaaas}ataaa{DA{~B}A{A}{A}A}aat}AAr}A{~B}Aauaaa{aau}E{~B}{~B}A
CHEMBL24137,3.4,COc1cc2c(Nc3ccc(Cl)cc3F)ncnc2cc1OCCCN4CCOCC4,18.333333333333336,ABaraasa{Dataaa{Z}aatG}dadasaarBAAADuAABAAu
CHEMBL2171021,3.33,Cc1c(Cl)ccc(OC2CCN(CC2)C3CCN(CC3)C(=O)c4cccc(c4)S(=O)(=O)C)c1Cl,19.5,Aara{Z}aaa{BAsAAD{AAs}AtAAD{AAt}A{~B}auaaaa{au}E{~B}{~B}A}arZ
CHEMBL192307,3.82,CCCCc1nc2c(N)nc3ccccc3c2n1CC(C)C,11.333333333333336,AAAAardasa{D}dataaaaatasdrAA{A}A
CHEMBL399510,0.54,CCN(CC)CCNC(=O)c1cc(Br)c(N)cc1OC,66.0,AAD{AA}AADA{~B}araa{X}a{D}aarBA
CHEMBL2036743,1.5,OC(=O)Cc1ccc(cc1)c2ccc(NC(=O)c3oc(Nc4ccccc4F)nn3)cc2,50.0,BA{~B}Aaraaa{aar}asaaa{DA{~B}atba{DauaaaaauG}ddt}aas
CHEMBL1818328,1.4,O=S(=O)(N1CCCC1)c2ccccc2c3ccc(CNC4CCOCC4)cc3,51.666666666666664,B~E{~B}{DrAAAAr}asaaaaasataaa{ADAuAABAAu}aat
CHEMBL2086478,2.25,Cc1ccc(NC(=O)C=C)cc1,37.5,Aaraaa{DA{~B}A~A}aar
CHEMBL1779003,2.29,COc1cc(F)ccc1c2cncc(CNC3CCCC3)c2,36.833333333333336,ABaraa{G}aaarasadaa{ADAtAAAAt}as
CHEMBL32800,-0.06,CC(Cc1ccc(O)cc1)NCC(O)c2cc(O)cc(O)c2,75.99999999999999,AA{Aaraaa{B}aar}DAA{B}asaa{B}aa{B}as
CHEMBL257478,3.85,C[C@@H](Oc1cccc2ncnc(Nc3ccc(Oc4ccc(C)nc4)c(C)c3)c12)C(=O)N(C)CCO,10.83333333333333,A{A**H}{Baraaaasdada{Dataaa{Bauaaa{A}dau}a{A}at}ars}A{~B}D{A}AAB
CHEMBL2208427,3.12,COc1cc(ccc1N)C(=O)NC[C@@H](O)CN2CCC(CC2)Oc3ccc(Cl)c(Cl)c3,23.0,ABaraa{aaarD}A{~B}DA{A**H}{B}ADsAAA{AAs}Bataaa{Z}a{Z}at
CHEMBL2011918,2.91,CNc1c(Br)cnc2[nH]c(nc12)c3ccc(OCCN4CCN(C)CC4)cc3,26.5,ADara{X}adas{dH}a{dars}ataaa{BAADuAAD{A}AAu}aat
CHEMBL2,1.9,COc1cc2nc(nc(N)c2cc1OC)N3CCN(CC3)C(=O)c4occc4,43.333333333333336,ABaraasda{da{D}asaarBA}DtAAD{AAt}A{~B}aubaaau
CHEMBL1478592,2.13,Cc1c(sc2ncnc(O)c12)C(=O)Nc3ccccc3,39.5,Aara{sasdada{B}ars}A{~B}Dataaaaat
CHEMBL1199945,3.4,COCC(=O)N1CCC(CC1)n2cc(cn2)c3cnc(N)c(c3)c4oc5ccccc5n4,18.333333333333336,ABAA{~B}DrAAA{AAr}dsaa{ads}atada{D}a{at}aubavaaaaavdu
CHEMBL14642,2.51,CCCC(=O)C1(CCN(CC1)C(=O)[C@@H](Cc2ccc(OC)cc2)NC(=O)[C@@H](N)Cc3cncn3C)c4ccccc4,33.16666666666667,AAAA{~B}Ar{AAD{AAr}A{~B}{A**H}{Aasaaa{BA}aas}DA{~B}{A**H}{D}AatadadtA}auaaaaau
CHEMBL1951899,1.8,CCN(C1CCN(CC[C@H](N2CCN(CC2)S(=O)(=O)CC(F)(F)F)c3ccccc3)CC1)C(=O)Cc4ccc(cc4)S(=O)(=O)C,45.0,AAD{ArAAD{AA{A*H}{DsAAD{AAs}E{~B}{~B}AA{G}{G}G}ataaaaat}AAr}A{~B}Aauaaa{aau}E{~B}{~B}A
CHEMBL459236,3.89,CCN1C(=O)C=Cc2cc(COc3cc(F)cc(c3)C4(CCOCC4)OC)ccc12,10.166666666666664,AADrA{~B}A~Aasaa{ABataa{G}aa{at}Au{AABAAu}BA}aaars
CHEMBL448474,3.16,CC(=O)OCCn1c(Sc2nc3cccc(Cl)c3s2)nc4c(N)ncnc14,22.333333333333332,AA{~B}BAAdra{Easdataaaa{Z}atss}daua{D}dadaru
CHEMBL249295,3.2,CN1CCN(CC1)[C@@H]2C[C@@H](C2)c3nc(c4ccc5ccc(nc5c4)c6ccccc6)c7c(N)nccn37,21.66666666666666,ADrAAD{AAr}{A**H}sA{A**H}{As}atda{auaaavaaa{davau}awaaaaaw}axa{D}daadtx
CHEMBL455427,2.8,CC(C)n1c(C)ncc1c2ccnc(Nc3ccc(C(=O)N)c(F)c3)n2,28.33333333333334,AA{A}dra{A}daarasaada{Dataaa{A{~B}D}a{G}at}ds
CHEMBL2059378,1.65,CCNC(=O)c1cc2c(c(cnc2[nH]1)c3cncc(c3)C4=NNC(=O)O4)n5ccc(n5)C(F)(F)F,47.5,AADA{~B}araasa{a{adas{dH}r}atadaa{at}Au~DDA{~B}Bu}dvaaa{dv}A{G}{G}G
CHEMBL564,2.56,CN(C)CCCN1c2ccccc2Sc3ccccc13,32.333333333333336,AD{A}AAADrasaaaaasEataaaaart
CHEMBL2158780,2.53,Cc1cc(Cl)ccc1OC2CCN(CC3CCN(CC3)[C@@H](Cc4ccc(F)cc4)C(=O)O)CC2,32.833333333333336,Aaraa{Z}aaarBAsAAD{AAtAAD{AAt}{A**H}{Aauaaa{G}aau}A{~B}B}AAs
CHEMBL1200147,3.2,Nc1ncc(cc1c2oc3ccccc3n2)c4cnn(c4)C5CCN(CC5)C(=O)CO,21.66666666666666,Dardaa{aarasbataaaaatds}auadd{au}AvAAD{AAv}A{~B}AB
CHEMBL418226,1.7,CCc1cc(OCc2ccc(cc2)c3ccccc3c4nn[nH]n4)c5CCCCc5n1,46.666666666666664,AAaraa{BAasaaa{aas}ataaaaataudd{dH}du}avAAAAavdr
CHEMBL2216839,4.01,C[C@@H]1CN(Cc2oc(nn2)c3cc(cc4[nH]ncc34)c5cccc6[nH]ccc56)C[C@H](C)O1,8.16666666666667,A{A**H}rAD{Aasba{dds}ataa{aau{dH}daatu}avaaaaw{dH}aaavw}A{A*H}{A}Br
CHEMBL507177,2.24,NC(=O)Nc1sc(cc1C(=O)N2CCOCC2)c3ccccc3,37.666666666666664,DA{~B}Darsa{aarA{~B}DsAABAAs}ataaaaat
CHEMBL290663,1.33,O=C(NCCCN1CCCCC1)C(c2ccccc2)c3ccccc3,52.833333333333336,B~A{DAAADrAAAAAr}A{asaaaaas}ataaaaat
CHEMBL471578,2.72,Nc1c(Nc2ccccc2)nc(nc1N3CCOCC3)C#N,29.66666666666666,Dara{Dasaaaaas}da{darDtAABAAt}A^D
CHEMBL224399,2.7,COc1cc(N2CCN(C)CC2)c3NC(=CC(=O)c3c1)C(=O)Nc4ccc(cc4)N5CCOCC5,29.999999999999996,ABaraa{DsAAD{A}AAs}atDA{~AA{~B}atar}A{~B}Dauaaa{aau}DvAABAAv
CHEMBL2207805,4.0,O=C(NCc1occc1)c2ccc3[nH]c(COc4ccc(cc4)C56CC7CC(CC(C7)C5)C6)nc3c2,8.333333333333334,B~A{DAarbaaar}asaaat{dH}a{ABauaaa{aau}AvwAAxAA{AA{Ax}Av}Aw}datas
CHEMBL1831214,2.43,NC(=O)Nc1cc(sc1C(=O)N)c2ccccc2,34.49999999999999,DA{~B}Daraa{sarA{~B}D}asaaaaas
CHEMBL114868,2.43,CC(C)C(NC(=O)CN1C(=O)C(=CC=C1c2ccccc2)NS(=O)(=O)c3cccc(NC(=O)C)c3)C(=O)C(F)(F)F,34.49999999999999,AA{A}A{DA{~B}ADrA{~B}A{~AA~Arasaaaaas}DE{~B}{~B}ataaaa{DA{~B}A}at}A{~B}A{G}{G}G
CHEMBL1314022,-0.91,CCN(c1ccccc1)c2cc(NC)[n+](C)c(C)n2,90.16666666666667,AAD{araaaaar}asaa{DA}{dP}{A}a{A}ds
CHEMBL1829428,-0.04,CCC(N(CCCN)C(=O)c1ccc(C)cc1)C2=Nc3ncccc3C(=O)N2Cc4ccccc4,75.66666666666667,AAA{D{AAAD}A{~B}araaa{A}aar}As~DatdaaaatA{~B}DsAauaaaaau
CHEMBL1835919,-0.5,Nc1ncnc2OCCN(C(=O)c12)c3ccc(cc3)[C@@H]4CC[C@@H](CC(=O)O)CC4,83.33333333333333,DardadasBAAD{A{~B}ars}ataaa{aat}{A**H}uAA{A**H}{AA{~B}B}AAu
CHEMBL244184,3.56,Cc1cnc(Oc2ccc(cc2)n3ccnc3)nc1Oc4ccc5OCOc5c4,15.666666666666666,Aarada{Basaaa{aas}dtaadat}darBauaaavBABavau
CHEMBL489514,2.3,Cc1csc(NC(=O)c2cc(Sc3nncn3C)ccc2N)n1,36.66666666666667,Aarasa{DA{~B}asaa{EatddadtA}aaasD}dr
CHEMBL1956129,2.4,C[C@@](CCc1ccc(cc1)c2ccc(Cl)cc2)(C(=O)NO)S(=O)(=O)C,35.0,A{A**}{AAaraaa{aar}asaaa{Z}aas}{A{~B}DB}E{~B}{~B}A
CHEMBL9967,-0.49,CN1CCN(CC(=O)N2c3ccccc3C(=O)Nc4cccnc24)CC1,83.16666666666667,ADrAAD{AA{~B}DsataaaaatA{~B}Dauaaadasu}AAr
CHEMBL2171989,1.79,O=C(NCC#N)[C@@H]1CCCC[C@H]1C(=O)N2CCN(CC2)c3ccc(cc3)C#N,45.166666666666664,B~A{DAA^D}{A**H}rAAAA{A*H}rA{~B}DsAAD{AAs}ataaa{aat}A^D
CHEMBL1337984,3.1,Nc1ccc2nc(sc2c1)c3ccc(O)cc3,23.333333333333332,Daraaasda{sasar}ataaa{B}aat
CHEMBL2206788,3.5,COCCC(Oc1ncnc2c1cnn2c3ccccc3C(F)(F)F)C(=O)Nc4ccc(C)cn4,16.666666666666668,ABAAA{BardadasaraddsataaaaatA{G}{G}G}A{~B}Dauaaa{A}adu
CHEMBL1946027,2.65,CCN(C)C(=O)c1ccc(cc1)C(=C2CCN(Cc3cscn3)CC2)c4cccc5cccnc45,30.833333333333332,AAD{A}A{~B}araaa{aar}A{~AsAAD{Aatasadt}AAs}auaaaavaaadauv
CHEMBL1807852,1.66,C[C@H]1O[C@H]([C@H](O)[C@@H]1O)n2cnc3c(N)nc(OC4CC5CC5C4)nc23,47.333333333333336,A{A*H}rB{A*H}{{A*H}{B}{A**H}rB}dsadata{D}da{BAuAAvAAvAu}dast
CHEMBL2364611,1.71,Cc1cccc(n1)c2nn3CCCc3c2c4ccnc5ccc(cc45)C(=O)N,46.5,Aaraaaa{dr}asddtAAAatasauaadavaaa{aauv}A{~B}D
CHEMBL1493,3.42,CC1=C(Oc2c(cccc2C1=O)C(=O)OCCN3CCCCC3)c4ccccc4,18.0,AAr~A{Basa{aaaasAr~B}A{~B}BAADtAAAAAt}auaaaaau
CHEMBL1916260,0.69,CCC(CC)NC(=O)c1cnn(c1NS(=O)(=O)C2CCCC2)c3ccccc3,63.5,AAA{AA}DA{~B}aradd{arDE{~B}{~B}AsAAAAs}ataaaaat
CHEMBL383235,2.99,CC[C@@H](CO)Nc1nc(SCc2ccccc2)nc3nc(N)sc13,25.16666666666666,AA{A**H}{AB}Darda{EAasaaaaas}datda{D}sart
CHEMBL6549,1.78,Nc1nc(N)c2cc(Br)ccc2n1,45.333333333333336,Darda{D}asaa{X}aaasdr
CHEMBL456,0.02,CCC(=C)C(=O)c1ccc(OCC(=O)O)c(Cl)c1Cl,74.66666666666667,AAA{~A}A{~B}araaa{BAA{~B}B}a{Z}arZ
CHEMBL1180254,1.1,Oc1c2C(=O)N(NC(=O)c2nc3cc(Cl)ccc13)C(c4ccccc4)c5ccncc5,56.666666666666664,BarasA{~B}D{DA{~B}asdataa{Z}aaart}A{auaaaaau}avaadaav
CHEMBL479,3.76,CSc1ccc2Sc3ccccc3N(CCC4CCCCN4C)c2c1,12.333333333333337,AEaraaasEataaaaatD{AAAuAAAADuA}asar
CHEMBL1933588,-0.06,C[C@H]1O[C@H]([C@H](O)[C@@H]1O)n2cnc3c(N)nc(OC4CCOC4)nc23,75.99999999999999,A{A*H}rB{A*H}{{A*H}{B}{A**H}rB}dsadata{D}da{BAuAABAu}dast
CHEMBL253741,3.07,COc1cc(Nc2cc(Nc3c(Cl)ccc4OCOc34)ncn2)cc(OC)c1OC,23.83333333333334,ABaraa{Dasaa{Data{Z}aaauBABatu}dads}aa{BA}arBA
CHEMBL2179290,3.38,CC1=CN(C2CCCN(Cc3cccc(Oc4ccc(Cl)cc4)c3)C2)C(=O)NC1=O,18.666666666666668,AAr~AD{AsAAAD{Aataaaa{Bauaaa{Z}aau}at}As}A{~B}DAr~B
CHEMBL1773,0.67,CCCCCOC(=O)NC1=NC(=O)N(C=C1F)[C@@H]2O[C@H](C)[C@@H](O)[C@H]2O,63.833333333333336,AAAAABA{~B}DAr~DA{~B}D{A~ArG}{A**H}sB{A*H}{A}{A**H}{B}{A*H}sB
CHEMBL476578,3.3,CC(C)n1c(C)ncc1c2nc(Nc3ccc(cc3)N4CC[C@H](C4)NC(=O)C)ncc2F,20.000000000000004,AA{A}dra{A}daarasda{Dataaa{aat}DuAA{A*H}{Au}DA{~B}A}daasG
CHEMBL2179271,0.22,CC[C@@H](N1CCC[C@@H](C1)N2C=C(C)C(=O)NC2=O)c3ccc(C(=O)O)c(Oc4cccc(Cl)c4)c3,71.33333333333333,AA{A**H}{DrAAA{A**H}{Ar}DsA~A{A}A{~B}DAs~B}ataaa{A{~B}B}a{Bauaaaa{Z}au}at
CHEMBL2144380,3.16,COc1ccc(cc1OC)c2csc(NC(=O)c3c(C)onc3C)n2,22.333333333333332,ABaraaa{aarBA}asasa{DA{~B}ata{A}bdatA}ds
CHEMBL2030440,1.94,CS(=O)(=O)Cc1cc(nc(n1)c2ccccc2)N3CCOCC3,42.666666666666664,AE{~B}{~B}Aaraa{da{dr}asaaaaas}DtAABAAt
CHEMBL2010853,2.2,CN([C@@H]1CCN(Cc2nc3cc(F)ccc3s2)C[C@@H]1F)C(=O)Cc4ccc(cc4)S(=O)(=O)C,38.33333333333333,AD{{A**H}rAAD{Aasdataa{G}aaatss}A{A**H}rG}A{~B}Aauaaa{aau}E{~B}{~B}A
CHEMBL2036777,1.92,CC(C)N1CCN[C@@H](CN2CCN(CC2)C(=O)Nc3ccc(Cl)c(Cl)c3)C1,43.0,AA{A}DrAAD{A**H}{ADsAAD{AAs}A{~B}Dataaa{Z}a{Z}at}Ar
CHEMBL1076330,2.69,Cn1cnc(c2ccccc2)c1c3nc4c(N)ncnc4s3,30.166666666666668,Adrada{asaaaaas}aratdaua{D}dadaust
CHEMBL214849,1.28,CCCN(CCO)CCCOc1cc2ncnc(Nc3cc(CC(=O)Nc4cccc(F)c4F)[nH]n3)c2cc1OC,53.666666666666664,AAAD{AAB}AAABaraasdada{Dataa{AA{~B}Dauaaaa{G}auG}{dH}dt}asaarBA
CHEMBL437501,3.24,CC(C)C[C@H](N[C@@H](c1ccc(cc1)c2ccc(cc2)S(=O)(=O)C)C(F)(F)F)C(=O)NCC#N,20.999999999999996,AA{A}A{A*H}{D{A**H}{araaa{aar}asaaa{aas}E{~B}{~B}A}A{G}{G}G}A{~B}DAA^D
CHEMBL181913,2.3,CN(C1CCN(CCC(c2ccccc2)c3ccccc3)CC1)C(=O)Cc4ccc(cc4)S(=O)(=O)N,36.66666666666667,AD{ArAAD{AAA{asaaaaas}ataaaaat}AAr}A{~B}Aauaaa{aau}E{~B}{~B}D
CHEMBL2086660,3.6,C[C@@H]1CN(CCN1c2ncc(OCc3ccc(cc3)S(=O)(=O)C)cn2)C(=O)OC(C)(C)C,14.999999999999998,A{A**H}rAD{AADrasdaa{BAataaa{aat}E{~B}{~B}A}ads}A{~B}BA{A}{A}A
CHEMBL1223528,2.13,CC1=CC2=NNC(=O)N2c3cc(ccc13)c4cn[nH]c4,39.5,AAr~AAs~DDA{~B}Dsataa{aaart}auad{dH}au
CHEMBL2030807,-0.15,CNc1cccc(CCOc2ccc(C[C@H](NC(=O)c3c(Cl)cccc3Cl)C(=O)O)cc2)n1,77.50000000000001,ADaraaaa{AABasaaa{A{A*H}{DA{~B}ata{Z}aaaatZ}A{~B}B}aas}dr
CHEMBL1829429,-0.14,CCC(N(CCCN)C(=O)c1ccc(C)cc1)C2=Nc3nccnc3C(=O)N2Cc4ccccc4,77.33333333333333,AAA{D{AAAD}A{~B}araaa{A}aar}As~DatdaadatA{~B}DsAauaaaaau
CHEMBL11032,2.15,CC(C)C(NC(=O)CN1C(=O)C(=CN=C1c2cccnc2)NC(=O)OCc3ccccc3)C(=O)C(F)(F)F,39.166666666666664,AA{A}A{DA{~B}ADrA{~B}A{~AD~Arasaaadas}DA{~B}BAataaaaat}A{~B}A{G}{G}G
CHEMBL184817,0.6,OC(=O)CCn1c2ccccc2c3ccccc13,65.0,BA{~B}AAdrasaaaaasataaaaart
CHEMBL1388277,3.31,CSc1ncccc1C(=O)NCCc2ccc(Cl)cc2,19.833333333333332,AEardaaaarA{~B}DAAasaaa{Z}aas
CHEMBL6412,1.74,COc1nc(Cl)cnc1NS(=O)(=O)c2cccc3c(cccc23)N(C)C,46.0,ABarda{Z}adarDE{~B}{~B}asaaaata{aaaast}D{A}A
CHEMBL1945037,1.11,O[C@@H](CNCCc1cccc(CNCCCc2ccccc2)c1)c3ccc(O)c4NC(=O)Sc34,56.49999999999999,B{A**H}{ADAAaraaaa{ADAAAasaaaaas}ar}ataaa{B}auDA{~B}Eatu
CHEMBL110940,2.74,CCCN(CCCOCCOCCc1ccccc1)CCc2ccc(O)c3nc(O)sc23,29.33333333333333,AAAD{AAABAABAAaraaaaar}AAasaaa{B}atda{B}sast
CHEMBL403225,3.53,C[C@H](CO)Nc1nc(SCc2cccc(Cl)c2F)nc3NC(=O)Sc13,16.166666666666668,A{A*H}{AB}Darda{EAasaaaa{Z}asG}datDA{~B}Eart
CHEMBL20969,0.54,C1CC(CCN1)c2ccccc2,66.0,ArAA{AADr}asaaaaas
CHEMBL495841,2.2,Nc1cccc(NS(=O)(=O)c2ccc(cc2)c3ccc(cc3)C#N)n1,38.33333333333333,Daraaaa{DE{~B}{~B}asaaa{aas}ataaa{aat}A^D}dr
CHEMBL180155,3.1,CS(=O)(=O)c1ccc(CC(=O)N(CC=C)C2CCN(CCC(c3ccccc3)c4ccccc4)CC2)cc1,23.333333333333332,AE{~B}{~B}araaa{AA{~B}D{AA~A}AsAAD{AAA{ataaaaat}auaaaaau}AAs}aar
CHEMBL385723,1.62,COc1cc2c(Nc3c(Cl)ccc4OCOc34)ncnc2cc1OCCCN5CCCC5,48.0,ABaraasa{Data{Z}aaauBABatu}dadasaarBAAADvAAAAv
CHEMBL186720,2.53,CN(C)CCOc1ccccc1Cc2ccccc2,32.833333333333336,AD{A}AABaraaaaarAasaaaaas
CHEMBL1191,-1.33,Cc1nnc(NS(=O)(=O)c2ccc(N)cc2)s1,97.16666666666667,Aardda{DE{~B}{~B}asaaa{D}aas}sr
CHEMBL412142,3.86,Cc1c[nH]c(n1)c2cnc(NCCNc3ccc(cn3)C#N)nc2c4ccc(Cl)cc4Cl,10.66666666666667,Aara{dH}a{dr}asada{DAADataaa{adt}A^D}dasauaaa{Z}aauZ
CHEMBL2059860,2.81,Cc1ccc(cc1NC(=O)c2ccc(OCc3ccccn3)cc2)c4c[nH]cn4,28.166666666666668,Aaraaa{aarDA{~B}asaaa{BAataaaadt}aas}aua{dH}adu
CHEMBL261713,3.23,ONC(=O)[C@@H](Cc1ccc2ccccc2c1)NS(=O)(=O)c3ccc4ccccc4c3,21.166666666666668,BDA{~B}{A**H}{Aaraaasaaaaasar}DE{~B}{~B}ataaauaaaaauat
CHEMBL231450,0.74,COc1cc(\C=C/2\SC(=O)NC2=O)cc(OC)c1O,62.666666666666664,ABaraa{RA~ALsREA{~B}DAs~B}aa{BA}arB
CHEMBL193093,2.23,NC(=O)c1sc(cc1N)c2ccsc2,37.833333333333336,DA{~B}arsa{aarD}asaasas
CHEMBL450061,2.79,CC(C)CNc1nc(nc(N2CCOCC2)c1N)C#N,28.5,AA{A}ADarda{da{DsAABAAs}arD}A^D
CHEMBL1223456,2.86,CC1=CC2=NNC(=O)N2c3cc(ccc13)c4ccc(CO)cc4,27.333333333333332,AAr~AAs~DDA{~B}Dsataa{aaart}auaaa{AB}aau
CHEMBL1209656,2.84,Fc1ccc(cc1F)S(=O)(=O)NCC(N2CCCCCC2)c3ccccc3,27.666666666666668,Garaaa{aarG}E{~B}{~B}DAA{DsAAAAAAs}ataaaaat
CHEMBL2178284,2.87,CCc1cc(O)c(Oc2ccc(cc2F)C(=O)N)cc1F,27.166666666666668,AAaraa{B}a{Basaaa{aasG}A{~B}D}aarG
CHEMBL2171015,2.14,Clc1ccc(OC2CCN(CC2)C3CCN(CC3)S(=O)(=O)NC(=O)c4ccccc4)cc1Cl,39.333333333333336,Zaraaa{BAsAAD{AAs}AtAAD{AAt}E{~B}{~B}DA{~B}auaaaaau}aarZ
CHEMBL339851,3.07,OC(=O)c1cc2cc(ccc2n1Cc3ccc(Cl)c(Cl)c3)C(F)(F)F,23.83333333333334,BA{~B}araasaa{aaasdrAataaa{Z}a{Z}at}A{G}{G}G
CHEMBL550436,3.49,C[C@H](CO)N1C=Cc2c(NC(=O)Cc3ccc(Cl)c(c3)C(F)(F)F)cccc2C1=O,16.83333333333333,A{A*H}{AB}DrA~Aasa{DA{~B}Aataaa{Z}a{at}A{G}{G}G}aaaasAr~B
CHEMBL1916538,0.5,COc1ccc2COC(=O)N(CCN3CCC(CC3)NCc4ccc5OCC(=O)Nc5n4)c2c1,66.66666666666667,ABaraaasABA{~B}D{AADtAAA{AAt}DAauaaavBAA{~B}Davdu}asar
CHEMBL266128,1.26,Nc1ncnc2ccccc12,54.0,Dardadasaaaaars
CHEMBL2059380,2.91,CCNC(=O)c1cc2c(c(cnc2[nH]1)c3cc(cnc3OC)C4=NNC(=O)O4)n5ccc(n5)C(F)(F)F,26.5,AADA{~B}araasa{a{adas{dH}r}ataa{adatBA}Au~DDA{~B}Bu}dvaaa{dv}A{G}{G}G
CHEMBL257006,3.22,C[C@H](CO)Nc1nc(SCc2cccc(F)c2F)nc3[nH]c(N)nc13,21.333333333333332,A{A*H}{AB}Darda{EAasaaaa{G}asG}dat{dH}a{D}dart
CHEMBL1573309,2.7,CCN(CC)CCn1c2ccccc2c3cnc(N)c(C#N)c13,29.999999999999996,AAD{AA}AAdrasaaaaasatada{D}a{A^D}art
CHEMBL1618018,-1.29,CN1[C@@H]2CC[C@H]1C[C@H](C2)OC(=O)C(O)c3ccccc3,96.5,ADr{A**H}sAA{A*H}rA{A*H}{As}BA{~B}A{B}ataaaaat
CHEMBL146855,0.6,C[C@H](N)COc1c(C)cccc1C,65.0,A{A*H}{D}ABara{A}aaaarA
CHEMBL340978,1.3,CC(C(=O)O)c1ccc2oc(nc2c1)c3ccc(Cl)cc3,53.333333333333336,AA{A{~B}B}araaasba{dasar}ataaa{Z}aat
CHEMBL593196,3.6,Cn1c(CN2CCC(CC2)c3ccccc3)nc4ccccc14,14.999999999999998,Adra{ADsAAA{AAs}ataaaaat}dauaaaaaru
CHEMBL605114,1.5,COc1cccc(c1OC)c2ccc(\C=C\3/SC(=S)N([C@@H](Cc4ccccc4)C(=O)O)C3=O)cn2,50.0,ABaraaaa{arBA}asaaa{RA~ARtLEA{~E}D{{A**H}{Aauaaaaau}A{~B}B}At~B}ads
CHEMBL572016,3.3,Cc1cnc([nH]1)c2cc(NC(=O)c3ccc(nc3C)C(F)(F)F)ccc2Cl,20.000000000000004,Aarada{{dH}r}asaa{DA{~B}ataaa{datA}A{G}{G}G}aaasZ
CHEMBL134194,3.29,Nc1cccc(C(=O)NCC23CC4CC(CC(C4)C2)C3)c1Cl,20.166666666666668,Daraaaa{A{~B}DAAstAAuAA{AA{Au}As}At}arZ
CHEMBL470916,2.25,Nc1c(nc(nc1N2CCOCC2)C#N)N3CCCC3,37.5,Dara{da{darDsAABAAs}A^D}DtAAAAt
CHEMBL1778868,1.61,COCCNCc1cncc(n1)c2ccc(F)cc2OC,48.16666666666666,ABAADAaradaa{dr}asaaa{G}aasBA
CHEMBL256985,1.14,CCN1CCN(Cc2cnc(c3ccc(cc3)C(=O)Nc4ccccc4N)c(c2)C#N)CC1,56.00000000000001,AADrAAD{Aasada{ataaa{aat}A{~B}DauaaaaauD}a{as}A^D}AAr
CHEMBL561426,2.98,CSc1nc(N)nc(n1)c2ccccc2,25.333333333333332,AEarda{D}da{dr}asaaaaas
CHEMBL595134,3.22,O=C1N=C2C(=C1C#N)c3ccc(N4CCSCC4)c5cccc2c35,21.333333333333332,B~ArD~AsA{~ArA^D}ataaa{DuAAEAAu}avaaaasatv
CHEMBL489340,2.95,CC1=C(C(=O)c2ccc(O)cc2O1)c3ccccc3,25.83333333333333,AAr~A{A{~B}asaaa{B}aasBr}ataaaaat
CHEMBL1783275,3.77,COc1ccc(OC)c(c1)c2c(F)ccc3c(N)c(nnc23)C(=O)NC(C)C,12.166666666666666,ABaraaa{BA}a{ar}asa{G}aaata{D}a{ddast}A{~B}DA{A}A
CHEMBL445565,1.52,Oc1c2ncc3ccccc3c2nn1c4ccc(Cl)cc4,49.666666666666664,Barasdaataaaaatasddrauaaa{Z}aau
CHEMBL2335895,3.1,CC(NC(=O)C)c1ccc(Nc2ncc3cc(ccc3n2)c4ccncc4)cc1,23.333333333333332,AA{DA{~B}A}araaa{Dasdaataa{aaatds}auaadaau}aar
CHEMBL380005,1.88,CCN(C1CCN(CC[C@@H](c2ccc(F)cc2)c3ccc(cc3)S(=O)(=O)C)CC1)C(=O)Cc4ccc(cc4)S(=O)(=O)C,43.666666666666664,AAD{ArAAD{AA{A**H}{asaaa{G}aas}ataaa{aat}E{~B}{~B}A}AAr}A{~B}Aauaaa{aau}E{~B}{~B}A
CHEMBL2036587,2.9,O=C(Nc1ccc(nc1)N2CCOCC2)c3oc(Nc4ccccc4)nn3,26.666666666666668,B~A{Daraaa{dar}DsAABAAs}atba{Dauaaaaau}ddt
CHEMBL1381989,1.29,CC1(C)CNC(=O)c2sc(nc2C1)N3CCOCC3,53.5,AAr{A}ADA{~B}assa{dasAr}DtAABAAt
CHEMBL1200374,2.98,C[C@]12CC[C@H]3[C@@H](CC(=C)C4=CC(=O)C=C[C@]34C)[C@@H]1CCC2=O,25.333333333333332,A{A*}rsAA{A*H}t{A**H}{AA{~A}Au~AA{~B}A~A{A*}tuA}{A**H}rAAAs~B
CHEMBL468970,3.25,Clc1ccc2OCOc2c1Nc3ccnc(Nc4cc(cc(c4)N5CCOCC5)N6CCOCC6)n3,20.833333333333332,ZaraaasBABasarDataada{Dauaa{aa{au}DvAABAAv}DwAABAAw}dt
CHEMBL1079590,3.72,CC(C)Cn1cnc(c2ccccc2)c1c3nc4c(N)ncnc4s3,12.999999999999998,AA{A}Adrada{asaaaaas}aratdaua{D}dadaust
CHEMBL487273,1.27,NC(=O)Nc1sc(cc1C(=O)N[C@H]2CCCNC2)c3ccccc3,53.833333333333336,DA{~B}Darsa{aarA{~B}D{A*H}sAAADAs}ataaaaat
CHEMBL278078,1.0,CCN(CC)C(=O)c1ccc(cc1)C(=C2CCNCC2)c3ccccc3OC,58.333333333333336,AAD{AA}A{~B}araaa{aar}A{~AsAADAAs}ataaaaatBA
CHEMBL467399,1.67,COc1c(C)cnc(Cn2cnc3c(Cl)nc(N)nc23)c1C,47.166666666666664,ABara{A}ada{Adsadata{Z}da{D}dast}arA
CHEMBL573108,2.32,CC(C)(C(=O)N)C(=O)NCCCNc1nc(Nc2cccc(NC(=O)N3CCCC3)c2)ncc1Br,36.333333333333336,AA{A}{A{~B}D}A{~B}DAAADarda{Dasaaaa{DA{~B}DtAAAAt}as}daarX
CHEMBL1950843,2.34,CN[C@@H](C)C(=O)N[C@@H](C1CCCCC1)C(=O)N(C)[C@H]2CCCN(CCc3ccccc3)C2,36.0,AD{A**H}{A}A{~B}D{A**H}{ArAAAAAr}A{~B}D{A}{A*H}sAAAD{AAataaaaat}As
CHEMBL1223458,2.29,CC1=CC2=NNC(=O)N2c3cc(ccc13)c4ccncc4,36.833333333333336,AAr~AAs~DDA{~B}Dsataa{aaart}auaadaau
CHEMBL486504,1.81,COc1cc2CC[C@H](NC(=O)C)c3cc(O)ccc3c2c(OC)c1OC,44.833333333333336,ABaraasAA{A*H}{DA{~B}A}ataa{B}aaatasa{BA}arBA
CHEMBL475817,3.26,Nc1ncc(NC(=O)c2cc(NC(=O)c3cccc(c3)C(F)(F)F)ccc2Cl)cc1Cl,20.66666666666667,Dardaa{DA{~B}asaa{DA{~B}ataaaa{at}A{G}{G}G}aaasZ}aarZ
CHEMBL698,2.11,CCCCNc1ccc(cc1)C(=O)OCCN(C)C,39.833333333333336,AAAADaraaa{aar}A{~B}BAAD{A}A
CHEMBL17860,0.48,CC(Oc1c(Cl)cccc1Cl)C2=NCCN2,66.99999999999999,AA{Bara{Z}aaaarZ}As~DAADs
CHEMBL1916287,0.4,C[C@H](NC(=O)c1c(C)nn(c1NS(=O)(=O)c2cccnc2)c3ccc(F)cc3)C(C)(C)C,68.33333333333333,A{A*H}{DA{~B}ara{A}dd{arDE{~B}{~B}asaaadas}ataaa{G}aat}A{A}{A}A
CHEMBL1917456,-0.98,Cc1c(Oc2ccc(Cl)cc2)c3c(NS(=O)(=O)C)cccc3n1CC(=O)O,91.33333333333333,Aara{Basaaa{Z}aas}ata{DE{~B}{~B}A}aaaatdrAA{~B}B
CHEMBL1078979,1.48,c1ccc(nc1)c2n[nH]c(n2)c3ccncc3,50.333333333333336,araaa{dar}asd{dH}a{ds}ataadaat
CHEMBL1829246,1.81,CCC(N(CCCN)C(=O)c1ccc(C)cc1)C2=Nc3ccsc3C(=O)N2Cc4ccccc4,44.833333333333336,AAA{D{AAAD}A{~B}araaa{A}aar}As~DataasatA{~B}DsAauaaaaau
CHEMBL270995,3.19,C[C@H](COc1cn2ncnc(Oc3ccc4[nH]c(C)cc4c3F)c2c1C)OC(=O)[C@H](C)N,21.833333333333332,A{A*H}{ABaradsdada{Bataaau{dH}a{A}aauatG}asarA}BA{~B}{A*H}{A}D
CHEMBL2346968,3.46,Fc1ccc(CN2CCN(CC2)c3ccc4nnc(n4n3)C(F)(F)F)cc1,17.333333333333332,Garaaa{ADsAAD{AAs}ataaaudda{dudt}A{G}{G}G}aar
CHEMBL131842,0.89,Oc1c2C(=O)NNC(=O)c2nc3cc(Cl)cc(Cl)c13,60.166666666666664,BarasA{~B}DDA{~B}asdataa{Z}aa{Z}art
CHEMBL339898,1.9,CCN(CC)C(=O)c1ccc(cc1)C(=C2CCNCC2)c3cccc(c3)C(F)(F)F,43.333333333333336,AAD{AA}A{~B}araaa{aar}A{~AsAADAAs}ataaaa{at}A{G}{G}G
CHEMBL472151,2.7,CC[C@H](C)[C@@H](CO)NS(=O)(=O)c1ccc(Cl)s1,29.999999999999996,AA{A*H}{A}{A**H}{AB}DE{~B}{~B}araaa{Z}sr
CHEMBL1219,-0.69,COCCCOc1ccnc(C[S+]([O-])c2nc3ccccc3[nH]2)c1C,86.5,ABAAABaraada{A{EP}{{BM}}asdataaaaat{dH}s}arA
CHEMBL2207282,2.17,NS(=O)(=O)c1ccc2C(=CNC(=O)c2c1)C(=O)NC[C@@H](O)CN3CCC(CC3)Oc4ccc(Cl)c(Cl)c4,38.833333333333336,DE{~B}{~B}araaasA{~ADA{~B}asar}A{~B}DA{A**H}{B}ADtAAA{AAt}Bauaaa{Z}a{Z}au
CHEMBL2140153,3.84,O=C1OC(=Cc2ccccc12)c3ccccc3,11.000000000000002,B~ArBA{~Aasaaaaars}ataaaaat
CHEMBL267144,2.03,CC(C)[C@@H]1N(C)c2ccccc2C[C@@H](CO)NC1=O,41.16666666666667,AA{A}{A**H}rD{A}asaaaaasA{A**H}{AB}DAr~B
CHEMBL170307,1.78,CC(=O)NCc1ccc(CN2CCN(CC2)c3ccccc3)cc1,45.333333333333336,AA{~B}DAaraaa{ADsAAD{AAs}ataaaaat}aar
CHEMBL14121,2.93,COc1ccc(CN2C(=O)NC3=C(C=C(N(CC(=O)NC(C(C)C)C(=O)C(F)(F)F)C3=O)c4ccccc4)C2=O)cc1,26.16666666666666,ABaraaa{ADsA{~B}DAt~A{A~A{D{AA{~B}DA{A{A}A}A{~B}A{G}{G}G}At~B}auaaaaau}As~B}aar
CHEMBL57990,2.9,COc1cc2ncnc(Nc3ccc(F)c(Cl)c3)c2cc1OCCCN(C)C,26.666666666666668,ABaraasdada{Dataaa{G}a{Z}at}asaarBAAAD{A}A
CHEMBL1835911,2.5,CCOC(=O)c1ccc(COC2CN(C2)c3ccc(C)nn3)cc1,33.333333333333336,AABA{~B}araaa{ABAsAD{As}ataaa{A}ddt}aar
CHEMBL1475,3.47,CC1=CC(=O)Oc2c(C)c3oc(C)cc3cc12,17.166666666666664,AAr~AA{~B}Basa{A}atba{A}aataars
CHEMBL2036758,1.62,CC(C)N1CCC[C@@H](CN2CCN(CC2)C(=O)Nc3ccc(Cl)c(Cl)c3)C1,48.0,AA{A}DrAAA{A**H}{ADsAAD{AAs}A{~B}Dataaa{Z}a{Z}at}Ar
CHEMBL1272,2.31,CCOc1cc(CC(=O)N[C@@H](CC(C)C)c2ccccc2N3CCCCC3)ccc1C(=O)O,36.5,AABaraa{AA{~B}D{A**H}{AA{A}A}asaaaaasDtAAAAAt}aaarA{~B}B
CHEMBL1668935,2.7,CS(=O)(=O)N1CCC(CC1)NC(=O)NC23CC4CC(CC(C4)C2)C3,29.999999999999996,AE{~B}{~B}DrAAA{AAr}DA{~B}DAstAAuAA{AA{Au}As}At
CHEMBL1721722,1.97,Oc1ncnc2onc(c3ccc(F)cc3)c12,42.16666666666667,Bardadasbda{ataaa{G}aat}ars
CHEMBL1917432,0.58,Cc1c(Sc2ccc(Cl)cc2)c3c(cccc3n1CC(=O)O)S(=O)(=O)C,65.33333333333333,Aara{Easaaa{Z}aas}ata{aaaatdrAA{~B}B}E{~B}{~B}A
CHEMBL2325738,2.5,NC1(CCN(CC1)c2ncnc3[nH]ccc23)C(=O)NC(CCO)c4ccc(Cl)cc4,33.333333333333336,DAr{AAD{AAr}asdadat{dH}aaast}A{~B}DA{AAB}auaaa{Z}aau
CHEMBL1385850,-1.08,OC(=O)c1ccc2[nH]c(nc2c1)C(F)(F)F,93.0,BA{~B}araaas{dH}a{dasar}A{G}{G}G
CHEMBL71,3.37,CN(C)CCCN1c2ccccc2Sc3ccc(Cl)cc13,18.833333333333332,AD{A}AAADrasaaaaasEataaa{Z}aart
CHEMBL1172929,1.69,C[C@H]1NC(C)(C)CO[C@]1(O)c2cccc(Cl)c2,46.833333333333336,A{A*H}rDA{A}{A}AB{A*}r{B}asaaaa{Z}as
CHEMBL2325704,2.2,CS(=O)(=O)C1(CC1)c2cc(nc(n2)c3cccc4[nH]ccc34)N5CCOCC5,38.33333333333333,AE{~B}{~B}Ar{AAr}asaa{da{ds}ataaaau{dH}aaatu}DvAABAAv
CHEMBL2178940,1.4,Cc1nc(C)c(nc1C(=O)N)c2ccc(cc2)[C@@H]3CC[C@@H](Cc4nnn[nH]4)CC3,51.666666666666664,Aarda{A}a{darA{~B}D}asaaa{aas}{A**H}tAA{A**H}{Aauddd{dH}u}AAt
CHEMBL479447,1.71,COc1cc2c(Nc3ccc(F)cc3F)c(cnc2cc1NCCN(C)C)C(=O)N,46.5,ABaraasa{Dataaa{G}aatG}a{adasaarDAAD{A}A}A{~B}D
CHEMBL570015,2.69,COc1cccc(Nc2c(cnc3c(C)cc(cc23)S(=O)(=O)c4cccc(c4)C(=O)N(C)C)C(=O)N)c1,30.166666666666668,ABaraaaa{Dasa{adata{A}aa{aast}E{~B}{~B}auaaaa{au}A{~B}D{A}A}A{~B}D}ar
CHEMBL179242,2.78,O=C1C=C(N=C2N1C=Cc3ccccc23)N4CCOCC4,28.66666666666667,B~ArA~A{D~AsDrA~Aataaaaast}DuAABAAu
CHEMBL1439795,1.3,O=S(=O)(N1CCOCC1)c2cccc(c2)c3cn4cccnc4n3,53.333333333333336,B~E{~B}{DrAABAAr}asaaaa{as}ataduaaadaudt
CHEMBL1669159,3.0,CC(C)Oc1cc(ccc1NC(=O)CN2CCOCC2)c3cccc4C(=O)C=C(Oc34)N5CCOCC5,25.0,AA{A}Baraa{aaarDA{~B}ADsAABAAs}ataaaauA{~B}A~A{Batu}DvAABAAv
CHEMBL112866,2.82,COc1ccnc(NC2CCN(CC2)C(=O)c3ccc(Cl)cc3)c1,28.000000000000004,ABaraada{DAsAAD{AAs}A{~B}ataaa{Z}aat}ar
CHEMBL523829,0.92,CN1CCN(CC1)C(=O)c2cccc(CC3=NNC(=O)c4ccccc34)c2,59.666666666666664,ADrAAD{AAr}A{~B}asaaaa{AAt~DDA{~B}auaaaaatu}as
CHEMBL1950732,2.12,CN[C@@H](C)C(=O)N[C@@H](C1CCCCC1)C(=O)N[C@H]2CCCCN(Cc3ccccc3)C2,39.666666666666664,AD{A**H}{A}A{~B}D{A**H}{ArAAAAAr}A{~B}D{A*H}sAAAAD{Aataaaaat}As
CHEMBL81324,1.94,Clc1ccc(cc1)C(N2CCNCC2)c3ccccc3,42.666666666666664,Zaraaa{aar}A{DsAADAAs}ataaaaat
CHEMBL1682814,2.4,CC(=O)N1CCOc2nc(OCc3ccccc3)ccc12,35.0,AA{~B}DrAABasda{BAataaaaat}aaars
CHEMBL2031464,2.25,CN1CCN(CC1)c2ccc3N=CN(C(=O)c3c2)c4cc(ccc4C)C(=O)NC5CCC5,37.5,ADrAAD{AAr}asaaatD~AD{A{~B}atas}auaa{aaauA}A{~B}DAvAAAv
CHEMBL2035021,2.8,NC1(CCC1)c2ccc(cc2)c3nc4ccccn4c3c5ccccc5,28.33333333333334,DAr{AAAr}asaaa{aas}atdauaaaaduatavaaaaav
CHEMBL1302851,4.13,CC(C)(C)NC(=O)C(N(Cc1occc1)C(=O)c2ccc([nH]2)c3ccccc3)c4ccncc4,6.166666666666669,AA{A}{A}DA{~B}A{D{Aarbaaar}A{~B}asaaa{{dH}s}ataaaaat}auaadaau
CHEMBL2088101,2.8,Cc1cc(Nc2nc(NCc3ccccn3)ncc2Br)n[nH]1,28.33333333333334,Aaraa{Dasda{DAataaaadt}daasX}d{dH}r
CHEMBL454,1.48,CC(C)CC1(CC=C)C(=O)NC(=O)NC1=O,50.333333333333336,AA{A}AAr{AA~A}A{~B}DA{~B}DAr~B
CHEMBL2312487,1.81,CCOC(=O)C1=COc2ccccc2C1=O,44.833333333333336,AABA{~B}Ar~ABasaaaaasAr~B
CHEMBL2335888,2.88,CN(C(=O)C)c1ccc(Nc2ncc3cc(ccc3n2)c4ccncc4)cc1,27.0,AD{A{~B}A}araaa{Dasdaataa{aaatds}auaadaau}aar
CHEMBL1916277,1.94,CC1CCCCC1NC(=O)c2c(C)nn(c2NS(=O)(=O)c3ccc(C)cc3)c4ccccc4,42.666666666666664,AArAAAAArDA{~B}asa{A}dd{asDE{~B}{~B}ataaa{A}aat}auaaaaau
CHEMBL218468,1.95,CC(C)CN1C(=O)N(C)C(=O)c2c1sc(Cc3ccnc4ccc(F)cc34)c2C(=O)N5CC[C@@H](O)C5,42.49999999999999,AA{A}ADrA{~B}D{A}A{~B}asarsa{Aataadauaaa{G}aatu}asA{~B}DvAA{A**H}{B}Av
CHEMBL1945040,0.15,COc1ccccc1CNCc2ccc(CCNC[C@H](O)c3ccc(O)c4NC(=O)Sc34)cc2,72.49999999999999,ABaraaaaarADAasaaa{AADA{A*H}{B}ataaa{B}auDA{~B}Eatu}aas
CHEMBL306835,2.1,C[C@@](O)(C(=O)Nc1ccc(cc1Cl)S(=O)(=O)NCCCO)C(F)(F)F,40.0,A{A**}{B}{A{~B}Daraaa{aarZ}E{~B}{~B}DAAAB}A{G}{G}G
CHEMBL1289110,1.33,CN1c2ccccc2C(NCCCCCCC(=O)O)c3ccc(Cl)cc3S1(=O)=O,52.833333333333336,ADrasaaaaasA{DAAAAAAA{~B}B}ataaa{Z}aatEr{~B}~B
CHEMBL255130,1.42,COc1ccc(\C=C\2/SC(=S)NC2=O)cc1OC,51.333333333333336,ABaraaa{RA~ARsLEA{~E}DAs~B}aarBA
CHEMBL2163581,1.5,CS(=O)(=O)c1ccc2[nH]c3CCN(Cc3c2c1)C(=O)[C@@H]4CCCC[C@H]4C(=O)NC5(CC5)C#N,50.0,AE{~B}{~B}araaas{dH}atAAD{Aatasar}A{~B}{A**H}uAAAA{A*H}uA{~B}DAv{AAv}A^D
CHEMBL480825,2.9,COc1cc2ncc(C(=O)N)c(Nc3cc(F)ccc3F)c2cc1OC,26.666666666666668,ABaraasdaa{A{~B}D}a{Dataa{G}aaatG}asaarBA
CHEMBL1489611,3.0,Cc1cc(C)cc(c1)c2oc(SCC(=O)N3CCN(CC3)C(=O)c4occc4)nn2,25.0,Aaraa{A}aa{ar}asba{EAA{~B}DtAAD{AAt}A{~B}aubaaau}dds
CHEMBL1809197,3.2,COc1cc(ccc1Nc2ncc(OC)c(n2)c3cnc4ccccn34)N5CCN(CC5)C(=O)C,21.66666666666666,ABaraa{aaarDasdaa{BA}a{ds}atadauaaaadtu}DvAAD{AAv}A{~B}A
CHEMBL2031160,0.33,OC(=O)[C@H](Cc1ccc(OCCc2ccc3CCCNc3n2)cc1)NC(=O)c4c(Cl)cccc4Cl,69.5,BA{~B}{A*H}{Aaraaa{BAAasaaatAAADatds}aar}DA{~B}aua{Z}aaaauZ
CHEMBL2088096,3.1,COc1cc(CCc2cc(Nc3ccnc(NCc4onc(C)c4)n3)n[nH]2)cc(OC)c1,23.333333333333332,ABaraa{AAasaa{Dataada{DAaubda{A}au}dt}d{dH}s}aa{BA}ar
CHEMBL2030449,0.85,CS(=O)(=O)Cc1cc(nc(n1)c2ccc(NS(=O)(=O)C)cc2)N3CCOCC3,60.833333333333336,AE{~B}{~B}Aaraa{da{dr}asaaa{DE{~B}{~B}A}aas}DtAABAAt
CHEMBL261849,2.27,COc1ccc(COc2ccc(Cc3cnc(N)nc3N)cc2OC)cc1,37.166666666666664,ABaraaa{ABasaaa{Aatada{D}datD}aasBA}aar
CHEMBL349803,-0.94,NS(=O)(=O)c1cc(cc(N2CCCC2)c1Oc3ccccc3)C(=O)O,90.66666666666667,DE{~B}{~B}araa{aa{DsAAAAs}arBataaaaat}A{~B}B
CHEMBL53366,1.79,Cc1nccn1CCC(C(=O)N)(c2ccccc2)c3ccccc3,45.166666666666664,AardaadrAAA{A{~B}D}{asaaaaas}ataaaaat
CHEMBL1297,0.71,CC(C(=O)O)c1cccc(Oc2ccccc2)c1,63.166666666666664,AA{A{~B}B}araaaa{Basaaaaas}ar
CHEMBL1917435,-0.89,CNC(=O)c1cccc2c1c(Sc3ccc(Cl)cc3)c(C)n2CC(=O)O,89.83333333333333,ADA{~B}araaaasara{Eataaa{Z}aat}a{A}dsAA{~B}B
CHEMBL198750,4.1,O=C1C=C(Oc2c1cccc2c3cccc4c5CCCCc5sc34)N6CCOCC6,6.666666666666672,B~ArA~A{BasaraaaasataaaauavAAAAavsatu}DwAABAAw
CHEMBL2335879,2.01,CN1CCCC1CCNC(=O)c2ccc(Nc3ncc4cc(ccc4n3)c5ccncc5)cc2,41.50000000000001,ADrAAAArAADA{~B}asaaa{Datdaauaa{aaaudt}avaadaav}aas
CHEMBL1307677,1.94,CC(=O)c1noc(C)c1C(=O)Nc2nccs2,42.666666666666664,AA{~B}ardba{A}arA{~B}Dasdaass
CHEMBL1809201,3.4,COc1cc(ccc1Nc2ncc(Cl)c(n2)c3cnc4c(N)cccn34)N5CCN(CC5)C(=O)C,18.333333333333336,ABaraa{aaarDasdaa{Z}a{ds}atadaua{D}aaadtu}DvAAD{AAv}A{~B}A
CHEMBL1181881,1.77,O=C(N[C@@H]1CN2CCC1CC2)c3ccc(s3)c4ccccc4,45.5,B~A{D{A**H}rADsAAArAAs}ataaa{st}auaaaaau
CHEMBL442995,3.8,Cc1c(c2ccc(O)cc2)n(C)c3ccc(O)cc13,11.66666666666667,Aara{asaaa{B}aas}d{A}ataaa{B}aart
CHEMBL453655,3.0,CNC(=O)c1ccc(Nc2ncc(F)c(n2)c3cnc(C)n3C(C)C)cc1,25.0,ADA{~B}araaa{Dasdaa{G}a{ds}atada{A}dtA{A}A}aar
CHEMBL399539,3.77,COC(=O)C1=C(C)NC(=C([C@@H]1c2cccc3nonc23)C(=O)OC(C)C)C,12.166666666666666,ABA{~B}Ar~A{A}DA{~A{{A**H}rasaaaatdbdast}A{~B}BA{A}A}A
CHEMBL1779016,3.2,COc1cc(F)ccc1c2cncc(CNC(=O)C3CCC3)c2,21.66666666666666,ABaraa{G}aaarasadaa{ADA{~B}AtAAAt}as
CHEMBL314566,3.58,Oc1cc(Cl)cc(Cl)c1,15.333333333333334,Baraa{Z}aa{Z}ar
CHEMBL17370,2.97,CSc1ccc(cc1)c2nc(c3ccc(F)cc3)c([nH]2)c4ccncc4,25.499999999999996,AEaraaa{aar}asda{ataaa{G}aat}a{{dH}s}auaadaau
CHEMBL32,-0.18,COc1c(N2C[C@@H]3CCCN[C@@H]3C2)c(F)cc4C(=O)C(=CN(C5CC5)c14)C(=O)O,78.0,ABara{DsA{A**H}tAAAD{A**H}tAs}a{G}aauA{~B}A{~AD{AvAAv}aru}A{~B}B
CHEMBL1683030,2.63,CCOc1cc2nnc(C(=O)N)c(Nc3ccc(F)cc3F)c2cc1N4CCN(C)CC4,31.166666666666668,AABaraasdda{A{~B}D}a{Dataaa{G}aatG}asaarDuAAD{A}AAu
CHEMBL1423809,2.8,CC(=O)Nc1ccc(cc1)S(=O)(=O)Nc2ccc(Cc3ccncc3)cc2,28.33333333333334,AA{~B}Daraaa{aar}E{~B}{~B}Dasaaa{Aataadaat}aas
CHEMBL1257457,1.92,NC(=O)c1cccc(OC2CCN(Cc3ccccc3)CC2)c1,43.0,DA{~B}araaaa{BAsAAD{Aataaaaat}AAs}ar
CHEMBL1650734,2.61,C[C@H](Nc1nc(Nc2cc(C)[nH]n2)c(Cl)c(n1)N3CCOCC3)c4ncc(F)cn4,31.5,A{A*H}{Darda{Dasaa{A}{dH}ds}a{Z}a{dr}DtAABAAt}audaa{G}adu
CHEMBL481312,1.1,CN(C(=O)C)c1ccccc1,56.666666666666664,AD{A{~B}A}araaaaar
CHEMBL260200,1.53,CN(C)C(=O)c1ccc(CN2CCC(CC2)c3ccc(cc3)C(=O)Nc4ccccc4N)cc1,49.5,AD{A}A{~B}araaa{ADsAAA{AAs}ataaa{aat}A{~B}DauaaaaauD}aar
CHEMBL107,0.82,COC1=CC=C2C(=CC1=O)[C@H](CCc3cc(OC)c(OC)c(OC)c23)NC(=O)C,61.333333333333336,ABAr~AA~AsA{~AAr~B}{A*H}{AAataa{BA}a{BA}a{BA}ast}DA{~B}A
CHEMBL244522,4.3,CC(C)(C)c1ccc(cc1)c2n[nH]c(NC(=O)c3ccccc3Cl)c2Br,3.333333333333336,AA{A}{A}araaa{aar}asd{dH}a{DA{~B}ataaaaatZ}asX
CHEMBL1683689,3.05,CC(C)[C@@H]1N=C(c2ccccc2)c3ccccc3NC1=O,24.16666666666667,AA{A}{A**H}rD~A{asaaaaas}ataaaaatDAr~B
CHEMBL2171022,1.09,OC(=O)COc1cccc(c1)C(=O)N2CCC(CC2)N3CCC(CC3)Oc4ccc(Cl)c(Cl)c4,56.833333333333336,BA{~B}ABaraaaa{ar}A{~B}DsAAA{AAs}DtAAA{AAt}Bauaaa{Z}a{Z}au
CHEMBL1916535,1.04,O=C1COc2ccccc2N1CCN3CCC(CC3)NCc4cc5OCCOc5cn4,57.666666666666664,B~ArABasaaaaasDrAADtAAA{AAt}DAauaavBAABavadu
CHEMBL445,1.58,CNCCC=C1c2ccccc2CCc3ccccc13,48.666666666666664,ADAAA~ArasaaaaasAAataaaaart
CHEMBL639,2.46,CN1CCCC(CC1)N2N=C(Cc3ccc(Cl)cc3)c4ccccc4C2=O,34.0,ADrAAAA{AAr}DsD~A{Aataaa{Z}aat}auaaaaauAs~B
CHEMBL1170522,1.0,O=C(Nc1ccccc1)N2CCOCC2,58.333333333333336,B~A{Daraaaaar}DsAABAAs
CHEMBL119247,3.2,CCn1c2ccccc2c3cc(NC(=O)N4CCOCC4)ccc13,21.66666666666666,AAdrasaaaaasataa{DA{~B}DuAABAAu}aaart
CHEMBL186791,3.2,Cc1ccc(NC(=O)c2cccc(c2)N3CCOCC3)cc1NC(=O)c4ccc(OCc5ccncc5)cc4,21.66666666666666,Aaraaa{DA{~B}asaaaa{as}DtAABAAt}aarDA{~B}auaaa{BAavaadaav}aau
CHEMBL99948,2.6,CN(C)CC(O)COc1ccc(Nc2nccc(Nc3cc(C)ccc3Cl)n2)cc1,31.666666666666668,AD{A}AA{B}ABaraaa{Dasdaaa{Dataa{A}aaatZ}ds}aar
CHEMBL1735467,2.38,CC(=O)Nc1cccc(OCc2cnc(Cl)s2)c1,35.333333333333336,AA{~B}Daraaaa{BAasada{Z}ss}ar
CHEMBL403569,3.62,OCC(=O)N1CCC[C@H]1COc2cccc3ncnc(Nc4ccc(OCc5ccccn5)c(Cl)c4)c23,14.666666666666664,BAA{~B}DrAAA{A*H}rABasaaaatdada{Dauaaa{BAavaaaadv}a{Z}au}ast
CHEMBL347164,0.2,COc1ccc(cc1)c2nc(nc(O)c2C#N)N3CCOCC3,71.66666666666667,ABaraaa{aar}asda{da{B}asA^D}DtAABAAt
CHEMBL216105,2.59,CN1CCC(COc2cc(OC3CCOCC3)c4c(Nc5c(Cl)ccc6OCOc56)ncnc4c2)CC1,31.833333333333332,ADrAAA{ABasaa{BAtAABAAt}aua{Dava{Z}aaawBABavw}dadauas}AAr
CHEMBL325245,3.29,COc1cc2ncnc(NCc3ccccc3)c2cc1OC,20.166666666666668,ABaraasdada{DAataaaaat}asaarBA
CHEMBL1221551,3.53,CC(C)CN1C(=O)N(C)C(=O)c2c1sc(Cc3ccccc3C(F)(F)F)c2C(=O)N4CC=CC4,16.166666666666668,AA{A}ADrA{~B}D{A}A{~B}asarsa{AataaaaatA{G}{G}G}asA{~B}DuAA~AAu
CHEMBL7568,2.17,CCN(CC)CCCC(C)Nc1c2ccc(Cl)cc2nc3ccc(OC)cc13,38.833333333333336,AAD{AA}AAAA{A}Darasaaa{Z}aasdataaa{BA}aart
CHEMBL1705098,4.3,Cc1ccc(Oc2ccc(OCC(=O)Nc3ccncc3)cc2)cc1,3.333333333333336,Aaraaa{Basaaa{BAA{~B}Dataadaat}aas}aar
CHEMBL1682808,2.4,Cn1cnc2cc(OC(=O)c3ccccc3)cnc12,35.0,Adradasaa{BA{~B}ataaaaat}adars
CHEMBL108667,2.8,Brc1cc(Br)cc(COC[C@@H](N2CCNCC2)c3ccccc3)c1,28.33333333333334,Xaraa{X}aa{ABA{A**H}{DsAADAAs}ataaaaat}ar
CHEMBL817,0.01,Cc1ccc(cc1)S(=O)(=O)NC(=O)NN2CCCCCC2,74.83333333333333,Aaraaa{aar}E{~B}{~B}DA{~B}DDsAAAAAAs
CHEMBL32571,2.6,Oc1ccc(cc1)C2CC(=O)c3c(O)cc(O)cc3O2,31.666666666666668,Baraaa{aar}AsAA{~B}ata{B}aa{B}aatBs
CHEMBL1721725,2.33,Nc1c(c(CN2CCOCC2)nn1c3ccc(F)cc3)c4ccccc4,36.166666666666664,Dara{a{ADsAABAAs}ddrataaa{G}aat}auaaaaau
CHEMBL403656,3.32,C[C@H](CO)Nc1nc(SCc2cccc(F)c2F)nc3NC(=O)C(=Cc13)C#N,19.666666666666668,A{A*H}{AB}Darda{EAasaaaa{G}asG}datDA{~B}A{~Aart}A^D
CHEMBL16687,3.98,Nc1nc2ccc(Cl)cc2c3nc(nn13)c4occc4,8.666666666666666,Dardasaaa{Z}aasatda{ddrt}aubaaau
CHEMBL1916533,1.78,COc1ccc2ncc(F)c(CCN3CCC(CC3)NCc4ccc5OCC(=O)Nc5n4)c2n1,45.333333333333336,ABaraaasdaa{G}a{AADtAAA{AAt}DAauaaavBAA{~B}Davdu}asdr
CHEMBL968,2.38,CCN(CC)CCN1C(=O)CN=C(c2ccccc2F)c3cc(Cl)ccc13,35.333333333333336,AAD{AA}AADrA{~B}AD~A{asaaaaasG}ataa{Z}aaart
CHEMBL2035027,3.6,NC1(CCC1)c2ccc(cc2)c3ncc4ccccc4c3c5ccccc5,14.999999999999998,DAr{AAAr}asaaa{aas}atdaauaaaaauatavaaaaav
CHEMBL2338347,2.58,CS(=O)(=O)c1ccc(cc1Cl)[C@@H](CC2CCCC2)C(=O)Nc3cnc(cn3)[C@H](O)CO,32.0,AE{~B}{~B}araaa{aarZ}{A**H}{AAsAAAAs}A{~B}Datada{adt}{A*H}{B}AB
CHEMBL1917434,1.61,CCN(C(=O)C)c1cccc2c1c(Sc3ccc(Cl)cc3)c(C)n2CC(=O)O,48.16666666666666,AAD{A{~B}A}araaaasara{Eataaa{Z}aat}a{A}dsAA{~B}B
CHEMBL217904,3.14,COc1ccc(COC(=O)N2CCC(CNc3ncccn3)CC2)cc1,22.666666666666668,ABaraaa{ABA{~B}DsAAA{ADatdaaadt}AAs}aar
CHEMBL1144,-0.76,CC[C@H](C)C(=O)O[C@H]1C[C@H](O)C=C2C=C[C@H](C)[C@H](CC[C@@H](O)C[C@@H](O)CC(=O)O)[C@@H]12,87.66666666666667,AA{A*H}{A}A{~B}B{A*H}rA{A*H}{B}A~AsA~A{A*H}{A}{A*H}{AA{A**H}{B}A{A**H}{B}AA{~B}B}{A**H}rs
CHEMBL2208423,3.48,O[C@H](CNC(=O)c1cccc(c1)C#N)CN2CCC(CC2)Oc3ccc(Cl)c(Cl)c3,17.0,B{A*H}{ADA{~B}araaaa{ar}A^D}ADsAAA{AAs}Bataaa{Z}a{Z}at
CHEMBL227198,1.1,CN(C)C(=O)Nc1ccc(CN2NC(=O)C3=C(C2=O)C(=O)c4ccc(Cl)cc4N3)cc1,56.666666666666664,AD{A}A{~B}Daraaa{ADsDA{~B}At~A{As~B}A{~B}auaaa{Z}aauDt}aar
CHEMBL572823,3.19,COc1cc(Nc2cc(Oc3cccnc3C)ccn2)cc(OC)c1OC,21.833333333333332,ABaraa{Dasaa{BataaadatA}aads}aa{BA}arBA
CHEMBL300663,2.67,CCOc1ccccc1c2ccc3c(c2)C(=O)C(=O)c4ccccc34,30.5,AABaraaaaarasaaata{as}A{~B}A{~B}auaaaaatu
CHEMBL1718354,2.0,Cc1cccc(NC(=O)NCC(N2CCOCC2)c3cccnc3)c1,41.666666666666664,Aaraaaa{DA{~B}DAA{DsAABAAs}ataaadat}ar
CHEMBL2164684,2.99,Fc1ccc2c3CN(CCc3[nH]c2c1)C(=O)[C@@H]4CCCC[C@H]4C(=O)NC5(CC5)C#N,25.16666666666666,GaraaasatAD{AAat{dH}asar}A{~B}{A**H}uAAAA{A*H}uA{~B}DAv{AAv}A^D
CHEMBL475387,2.15,CNC1=Nc2ncccc2C(=NC1c3cccs3)c4ccns4,39.166666666666664,ADAr~DasdaaaasA{~DArataaast}auaadsu
CHEMBL1829416,2.56,CCC(N(CCCN)C(=O)c1ccc(C)nc1)C2=Nc3ccsc3C(=O)N2Cc4ccccc4,32.333333333333336,AAA{D{AAAD}A{~B}araaa{A}dar}As~DataasatA{~B}DsAauaaaaau
CHEMBL2086672,3.7,C[C@@H]1CN(CCN1c2ncc(OCc3ccc(cc3F)S(=O)(=O)C)cn2)C(=O)OC(C)(C)C,13.33333333333333,A{A**H}rAD{AADrasdaa{BAataaa{aatG}E{~B}{~B}A}ads}A{~B}BA{A}{A}A
CHEMBL728,3.92,CN1CCN(CCCN2c3ccccc3Sc4ccc(Cl)cc24)CC1,9.666666666666668,ADrAAD{AAADsataaaaatEauaaa{Z}aasu}AAr
CHEMBL2325984,4.1,NC1(CCN(CC1)c2ncnc3[nH]ccc23)C(=O)NC(c4ccccc4)c5ccc(Cl)cc5,6.666666666666672,DAr{AAD{AAr}asdadat{dH}aaast}A{~B}DA{auaaaaau}avaaa{Z}aav
CHEMBL2048500,2.42,CN[C@@H](C)C(=O)N[C@@H](C1CCCCC1)C(=O)N2CCC[C@H]2C(=O)N[C@@H](C(c3ccccc3)c4ccccc4)C(=O)OC,34.666666666666664,AD{A**H}{A}A{~B}D{A**H}{ArAAAAAr}A{~B}DsAAA{A*H}sA{~B}D{A**H}{A{ataaaaat}auaaaaau}A{~B}BA
CHEMBL1645495,3.46,O=C1C=C(Nc2cc(Cc3ccccc3)ccc12)c4cccnc4,17.333333333333332,B~ArA~A{Dasaa{Aataaaaat}aaars}auaaadau
CHEMBL1162395,2.2,COc1cc(O)ccc1\C=C\2/CCCN=C2c3cccnc3,38.33333333333333,ABaraa{B}aaarRA~ARsLAAAD~Asataaadat
CHEMBL1783246,3.8,CCCNC(=O)c1nnc2c(cccc2c1N)c3ccccc3,11.66666666666667,AAADA{~B}arddasa{aaaasarD}ataaaaat
CHEMBL81624,1.6,COc1cc(ccc1Cn2ncc3ccc(NC(=O)CC4CCCC4)cc23)C(=O)NS(=O)(=O)c5ccccc5,48.333333333333336,ABaraa{aaarAdsdaataaa{DA{~B}AAuAAAAu}aast}A{~B}DE{~B}{~B}avaaaaav
CHEMBL124660,2.6,COc1cc2c(ncnc2cc1OCCCN3CCCCC3)N4CCN(CC4)C(=O)Nc5ccc(OC(C)C)cc5,31.666666666666668,ABaraasa{dadasaarBAAADtAAAAAt}DuAAD{AAu}A{~B}Davaaa{BA{A}A}aav
CHEMBL570135,2.57,CC1=CC(=O)Nc2sc(C(=O)c3ccc(Br)cc3)c(N)c12,32.16666666666667,AAr~AA{~B}Dassa{A{~B}ataaa{X}aat}a{D}ars
CHEMBL50347,2.9,COC(=O)CCCCCCC(=O)Nc1ccc2c(c1)C(=O)C(=O)c3ccccc23,26.666666666666668,ABA{~B}AAAAAAA{~B}Daraaasa{ar}A{~B}A{~B}ataaaaast
CHEMBL2207663,2.37,Cc1cc(Cl)ccc1OC2CCN(C[C@H](O)CNC(=O)C3=CNC(=O)C=C3C(F)(F)F)CC2,35.5,Aaraa{Z}aaarBAsAAD{A{A*H}{B}ADA{~B}At~ADA{~B}A~AtA{G}{G}G}AAs
CHEMBL2177610,2.99,CCCSc1c(cnn1C)C(=O)NC2CCCCC2,25.16666666666666,AAAEara{addrA}A{~B}DAsAAAAAs
CHEMBL1778621,-0.87,CS(=O)(=O)c1ccc(cc1)c2cc(ccc2OCC(=O)O)C(F)(F)F,89.5,AE{~B}{~B}araaa{aar}asaa{aaasBAA{~B}B}A{G}{G}G
CHEMBL1255781,2.0,O=C(OCCN1CCCCC1)c2c[nH]c3ccccc23,41.666666666666664,B~A{BAADrAAAAAr}asa{dH}ataaaaast
CHEMBL560739,3.56,CO[C@H]1CN(CCCOc2ccc(F)cc2)CC[C@H]1NC(=O)c3cc(Cl)c(N)cc3OC,15.666666666666666,AB{A*H}rAD{AAABasaaa{G}aas}AA{A*H}rDA{~B}ataa{Z}a{D}aatBA
CHEMBL362902,2.2,CN(C)CC(C)(C)COc1nccc(Nc2cc(NC(=O)c3ccnc(c3)N4CCOCC4)ccc2C)n1,38.33333333333333,AD{A}AA{A}{A}ABardaaa{Dasaa{DA{~B}ataada{at}DuAABAAu}aaasA}dr
CHEMBL1289779,2.52,CCc1cc2C(=NCc3nnc(C)n3c2s1)c4ccccc4Cl,33.0,AAaraasA{~DAatdda{A}dtassr}auaaaaauZ
CHEMBL1778618,-1.08,OC(=O)COc1ccc(cc1c2ccccc2)C#N,93.0,BA{~B}ABaraaa{aarasaaaaas}A^D
CHEMBL2030436,2.06,CS(=O)(=O)Cc1cc(nc(n1)c2ccc3[nH]ccc3c2)N4CCOCC4,40.666666666666664,AE{~B}{~B}Aaraa{da{dr}asaaat{dH}aaatas}DuAABAAu
CHEMBL1089168,3.8,FC(F)(F)c1nn(cc1C(=O)NCCNC(=O)c2ccc(Cl)cn2)c3ccccc3,11.66666666666667,GA{G}{G}ardd{aarA{~B}DAADA{~B}asaaa{Z}ads}ataaaaat
CHEMBL337962,3.97,CNC(=O)c1cccc(NC(=O)Nc2cccc(c2)C#N)c1CN3CCC(Cc4ccc(F)cc4)CC3,8.83333333333333,ADA{~B}araaaa{DA{~B}Dasaaaa{as}A^D}arADtAAA{Aauaaa{G}aau}AAt
CHEMBL2325985,4.1,NC1(CCN(CC1)c2ncnc3[nH]ccc23)C(=O)NC(Cc4ccccc4)c5ccc(Cl)cc5,6.666666666666672,DAr{AAD{AAr}asdadat{dH}aaast}A{~B}DA{Aauaaaaau}avaaa{Z}aav
CHEMBL1438047,1.67,Cc1oc(cc1C(=O)O)c2ccc(Cl)cc2,47.166666666666664,Aarba{aarA{~B}B}asaaa{Z}aas
CHEMBL71936,3.22,CSc1nc2cc(Cl)ccc2[nH]1,21.333333333333332,AEardasaa{Z}aaas{dH}r
CHEMBL2349329,3.9,CC(C)C[C@H](CO)Nc1nc(SCc2cccc(c2)C#N)nc3nc(N)sc13,10.000000000000002,AA{A}A{A*H}{AB}Darda{EAasaaaa{as}A^D}datda{D}sart
CHEMBL2364624,3.8,OC(=O)C[C@@H]1CC[C@H](CC1)c2ccc(cc2)c3ccc(Nc4ccc(nc4)C(F)(F)F)cn3,11.66666666666667,BA{~B}A{A**H}rAA{A*H}{AAr}asaaa{aas}ataaa{Dauaaa{dau}A{G}{G}G}adt
CHEMBL22,0.63,COc1cc(Cc2cnc(N)nc2N)cc(OC)c1OC,64.5,ABaraa{Aasada{D}dasD}aa{BA}arBA
CHEMBL1223817,-0.07,CN(C)C(=O)N[C@@H]1CC[C@@H](CN2[C@@H]3CC[C@H]2C[C@H](C3)Oc4cccc(c4)C(=O)N)CC1,76.16666666666667,AD{A}A{~B}D{A**H}rAA{A**H}{ADs{A**H}tAA{A*H}sA{A*H}{At}Bauaaaa{au}A{~B}D}AAr
CHEMBL1944691,1.06,O[C@@H](CNCCc1cccc(CNCCc2ccccc2F)c1)c3ccc(O)c4NC(=O)Sc34,57.333333333333336,B{A**H}{ADAAaraaaa{ADAAasaaaaasG}ar}ataaa{B}auDA{~B}Eatu
CHEMBL1896341,2.9,Cc1ccc(CNC(=O)C2CCCN2S(=O)(=O)c3ccc(F)cc3)cc1,26.666666666666668,Aaraaa{ADA{~B}AsAAADsE{~B}{~B}ataaa{G}aat}aar
CHEMBL2325990,1.0,CC(NC(=O)C1(N)CCN(CC1)c2ncnc3[nH]ccc23)c4ccc(cc4)S(=O)(=O)C,58.333333333333336,AA{DA{~B}Ar{D}AAD{AAr}asdadat{dH}aaast}auaaa{aau}E{~B}{~B}A
CHEMBL1000,1.27,OC(=O)COCCN1CCN(CC1)C(c2ccccc2)c3ccc(Cl)cc3,53.833333333333336,BA{~B}ABAADrAAD{AAr}A{asaaaaas}ataaa{Z}aat
CHEMBL2086686,2.3,C[C@@H]1CN(CCN1c2ncc(OCc3ccncc3C#N)cn2)C(=O)OC(C)(C)C#N,36.66666666666667,A{A**H}rAD{AADrasdaa{BAataadaatA^D}ads}A{~B}BA{A}{A}A^D
CHEMBL2010833,3.0,CN(C1CCN(Cc2ccc(cc2)C(F)(F)F)CC1)C(=O)Cc3ccc(c(F)c3)S(=O)(=O)C,25.0,AD{ArAAD{Aasaaa{aas}A{G}{G}G}AAr}A{~B}Aataaa{a{G}at}E{~B}{~B}A
CHEMBL2163590,3.1,CCOc1cccc2c3CN(CCc3[nH]c12)C(=O)[C@@H]4CCCC[C@H]4C(=O)NC5(CC5)C#N,23.333333333333332,AABaraaaasatAD{AAat{dH}ars}A{~B}{A**H}uAAAA{A*H}uA{~B}DAv{AAv}A^D
CHEMBL1698932,-0.21,Oc1cc(nc2ncnn12)c3ccccc3,78.5,Baraa{dasdaddrs}ataaaaat
CHEMBL1881806,0.74,NC(=O)c1nnn(c1N)c2ccccc2,62.666666666666664,DA{~B}arddd{arD}asaaaaas
CHEMBL1467518,1.72,OC(c1ccccc1)c2cccnc2,46.333333333333336,BA{araaaaar}asaaadas
CHEMBL2031241,2.56,CN1CCN(CC1)c2ccc3N=CN(C(=O)c3c2)c4cc(ccc4C)C(=O)Nc5nccs5,32.333333333333336,ADrAAD{AAr}asaaatD~AD{A{~B}atas}auaa{aaauA}A{~B}Davdaasv
CHEMBL467803,4.48,CN1C(=O)N(CC2CC2)c3nn(Cc4cn(C)c5ccc(Cl)cc45)c(c6cc(oc6C)S(=O)(=O)C)c3C1=O,0.3333333333333262,ADrA{~B}D{AAsAAs}atdd{Aauad{A}avaaa{Z}aauv}a{awaa{bawA}E{~B}{~B}A}atAr~B
CHEMBL643,2.67,CC(CN1c2ccccc2Sc3ccccc13)N(C)C,30.5,AA{ADrasaaaaasEataaaaart}D{A}A
CHEMBL1083637,3.29,CCc1nc2c(N)nc3ccccc3c2n1Cc4ccccc4,20.166666666666668,AAardasa{D}dataaaaatasdrAauaaaaau
CHEMBL1789328,0.91,NCC[C@@H](Oc1ccc(Cl)cc1C#N)c2ccccc2,59.833333333333336,DAA{A**H}{Baraaa{Z}aarA^D}asaaaaas
CHEMBL2140607,0.6,CCn1c(nc2c(ncc(OCC3CCCNC3)c12)C#CC(C)(C)O)c4nonc4N,65.0,AAdra{dasa{daa{BAAtAAADAt}ars}A^AA{A}{A}B}audbdauD
CHEMBL574413,3.27,Cc1cc(Oc2ccnc(Nc3cccc(c3)N4CCOCC4)c2)c(nc1C)c5ccccn5,20.5,Aaraa{Basaada{Dataaaa{at}DuAABAAu}as}a{darA}avaaaadv
CHEMBL2158785,2.19,Cc1c(Cl)c(ccc1OC2CCN(CC3CCN(CC3)[C@@H](Cc4ccc(F)cc4)C(=O)O)CC2)C#N,38.5,Aara{Z}a{aaarBAsAAD{AAtAAD{AAt}{A**H}{Aauaaa{G}aau}A{~B}B}AAs}A^D
CHEMBL625,2.35,c1ccc2[nH]c(nc2c1)c3cscn3,35.833333333333336,araaas{dH}a{dasar}atasadt
CHEMBL1952100,2.6,CCN(C1CCN(CC[C@H](C2CCN(CC2)S(=O)(=O)C)c3cc(Cl)cc(Cl)c3)CC1)C(=O)Cc4ccc(cc4)S(=O)(=O)C,31.666666666666668,AAD{ArAAD{AA{A*H}{AsAAD{AAs}E{~B}{~B}A}ataa{Z}aa{Z}at}AAr}A{~B}Aauaaa{aau}E{~B}{~B}A
CHEMBL257659,3.55,C[C@H](CO)Nc1nc(SCc2cccc(F)c2F)nc3nc(C)cnc13,15.833333333333336,A{A*H}{AB}Darda{EAasaaaa{G}asG}datda{A}adart
CHEMBL1764,2.99,COc1ccc2Sc3ccccc3N(C[C@H](C)CN(C)C)c2c1,25.16666666666666,ABaraaasEataaaaatD{A{A*H}{A}AD{A}A}asar
CHEMBL127066,2.46,Oc1nc(nc2ccccc12)c3ccccc3,34.0,Barda{dasaaaaars}ataaaaat
CHEMBL469008,3.2,CN1C(=O)N(CC2CC2)c3nn(Cc4ccnc5ccc(Cl)cc45)c(c6cc(oc6C)S(=O)(=O)C)c3C1=O,21.66666666666666,ADrA{~B}D{AAsAAs}atdd{Aauaadavaaa{Z}aauv}a{awaa{bawA}E{~B}{~B}A}atAr~B
CHEMBL57759,3.26,COc1cc2ncnc(Nc3ccc(F)c(Cl)c3)c2cc1OCCN(C)C,20.66666666666667,ABaraasdada{Dataaa{G}a{Z}at}asaarBAAD{A}A
CHEMBL1184584,0.7,NC(=N)Nc1ccc(cc1)C(=O)Oc2ccc(Cl)cc2,63.333333333333336,DA{~D}Daraaa{aar}A{~B}Basaaa{Z}aas
CHEMBL327693,2.62,C[C@@](O)(C(=O)Nc1ccc(cc1Cl)C(=O)N2CCCCC2)C(F)(F)F,31.333333333333332,A{A**}{B}{A{~B}Daraaa{aarZ}A{~B}DsAAAAAs}A{G}{G}G
CHEMBL397162,1.59,CC1(CC(=O)NC(=N1)N)c2ccc(Cl)c(Cl)c2,48.5,AAr{AA{~B}DA{~Dr}D}asaaa{Z}a{Z}as
CHEMBL178835,1.91,CC(C)[C@H](NC(=O)C[C@H](NC(=O)\C=C\c1ccccc1)c2ccccc2)C(=O)[C@H]3[C@H](C)C(=O)NC3=O,43.166666666666664,AA{A}{A*H}{DA{~B}A{A*H}{DA{~B}RA~ARaraaaaar}asaaaaas}A{~B}{A*H}t{A*H}{A}A{~B}DAt~B
CHEMBL362962,0.9,O=C1O[C@]2(CN3CCC2CC3)CN1c4cccs4,60.0,B~ArB{A*}s{ADtAAAsAAt}ADrauaaasu
CHEMBL214848,1.94,CCN(CCO)CCCOc1cc2ncnc(Nc3cc(CC(=O)Nc4cccc(F)c4F)[nH]n3)c2cc1OC,42.666666666666664,AAD{AAB}AAABaraasdada{Dataa{AA{~B}Dauaaaa{G}auG}{dH}dt}asaarBA
CHEMBL231835,3.3,OC[C@H](O)CN1C(=O)[C@H](Cc2ccccc12)NC(=O)c3cc4cc(Cl)sc4[nH]3,20.000000000000004,BA{A*H}{B}ADrA{~B}{A*H}{Aasaaaaars}DA{~B}ataauaa{Z}sau{dH}t
CHEMBL1184160,2.8,CC(O)C(C)OC(=O)[C@@H]1CC2C(Cc3cn(C(C)C)c4cccc2c34)N(C)C1,28.33333333333334,AA{B}A{A}BA{~B}{A**H}rAAsA{Aatad{A{A}A}auaaaasatu}D{A}Ar
CHEMBL1809060,3.0,COc1cc(ccc1Nc2ncc(Cl)c(n2)c3cnc4ccccn34)N5CC6COCC(C5)N6,25.0,ABaraa{aaarDasdaa{Z}a{ds}atadauaaaadtu}DvAAwABAA{Av}Dw
CHEMBL114500,1.73,COc1ccnc(NC2CCN(CC2)C(=O)c3ccc(cc3)C#N)c1,46.166666666666664,ABaraada{DAsAAD{AAs}A{~B}ataaa{aat}A^D}ar
CHEMBL2158790,2.98,Cc1c(Cl)c(Cl)ccc1OC2CCN(CC3CCN(CC3)[C@@](C)(Cc4ccc(F)cc4)C(=O)O)CC2,25.333333333333332,Aara{Z}a{Z}aaarBAsAAD{AAtAAD{AAt}{A**}{A}{Aauaaa{G}aau}A{~B}B}AAs
CHEMBL2036731,3.1,O=C(Nc1ccc(nc1)N2CCOCC2)c3oc(Nc4cccc(OCc5ccccn5)c4)nn3,23.333333333333332,B~A{Daraaa{dar}DsAABAAs}atba{Dauaaaa{BAavaaaadv}au}ddt
CHEMBL163711,3.07,CC(O)(C(=O)Nc1ccc(cc1)S(=O)(=O)Nc2ccccc2)C(F)(F)F,23.83333333333334,AA{B}{A{~B}Daraaa{aar}E{~B}{~B}Dasaaaaas}A{G}{G}G
CHEMBL245180,3.7,CNc1nc2nc(SCc3cccc(F)c3F)nc(N[C@H](C)CO)c2s1,13.33333333333333,ADardasda{EAataaaa{G}atG}da{D{A*H}{A}AB}assr
CHEMBL85752,4.36,CC(C)CN1C(=O)N(C)C(=O)c2c(SCCCO)n(Cc3cccc4ccccc34)cc12,2.333333333333328,AA{A}ADrA{~B}D{A}A{~B}asa{EAAAB}d{Aataaaauaaaaatu}aars
CHEMBL325713,0.96,CC(C)C(NC(=O)CN1C(=O)C(=CC=C1c2ccccc2)NC(=O)CN3C(=O)CCC3=O)C(=O)C(F)(F)F,59.0,AA{A}A{DA{~B}ADrA{~B}A{~AA~Arasaaaaas}DA{~B}ADtA{~B}AAAt~B}A{~B}A{G}{G}G
CHEMBL1940308,1.0,CN1CCC(CC1)NC(=O)c2ccc(Oc3ccc(cc3)C#C[C@]4(O)CN5CCC4CC5)cc2,58.333333333333336,ADrAAA{AAr}DA{~B}asaaa{Bataaa{aat}A^A{A*}u{B}ADvAAAuAAv}aas
CHEMBL521407,3.23,CN1CCN(CC1)c2ccc3ncc(C(=O)N)c(Nc4ccc(Cl)cc4Cl)c3c2,21.166666666666668,ADrAAD{AAr}asaaatdaa{A{~B}D}a{Dauaaa{Z}aauZ}atas
CHEMBL1945289,0.86,COc1ccc(CNCc2cccc(CCNC[C@H](O)c3ccc(O)c4NC(=O)Sc34)c2)cc1,60.666666666666664,ABaraaa{ADAasaaaa{AADA{A*H}{B}ataaa{B}auDA{~B}Eatu}as}aar
CHEMBL1950850,2.39,CN[C@@H](C)C(=O)N[C@@H](C1CCCCC1)C(=O)N[C@H]2CCCN(CCc3ccc(F)cc3)C2,35.166666666666664,AD{A**H}{A}A{~B}D{A**H}{ArAAAAAr}A{~B}D{A*H}sAAAD{AAataaa{G}aat}As
CHEMBL26456,1.1,COc1cc2c(Nc3ccc(Cl)cc3F)ncnc2cc1OCC4CCNCC4,56.666666666666664,ABaraasa{Dataaa{Z}aatG}dadasaarBAAuAADAAu
CHEMBL2326470,-0.12,Nc1nc2cc3CCN(Cc4cnc[nH]4)CCc3cc2s1,77.0,DardasaatAAD{Aauada{dH}u}AAataassr
CHEMBL199118,3.61,CCN(C1CCN(CCC(c2ccccc2)c3ccc(NC(=O)Cc4ccccc4)cc3)CC1)C(=O)Cc5ccc(cc5)S(=O)(=O)C,14.833333333333336,AAD{ArAAD{AAA{asaaaaas}ataaa{DA{~B}Aauaaaaau}aat}AAr}A{~B}Aavaaa{aav}E{~B}{~B}A
CHEMBL2316381,4.2,FC(F)(F)CCS(=O)(=O)Oc1ccc(NC(=O)c2ccc(Cn3ccnn3)c4ccccc24)c(n1)C(=O)NCC5CCOCC5,4.999999999999997,GA{G}{G}AAE{~B}{~B}Baraaa{DA{~B}asaaa{Adtaaddt}auaaaaasu}a{dr}A{~B}DAAvAABAAv
CHEMBL1428115,2.1,CC(CC(=O)NCc1ccccc1)C2CCCO2,40.0,AA{AA{~B}DAaraaaaar}AsAAABs
CHEMBL1950723,1.9,CN[C@@H](C)C(=O)N[C@@H](C1CCCCC1)C(=O)N[C@H]2CCN(CCCc3ccccc3)C2,43.333333333333336,AD{A**H}{A}A{~B}D{A**H}{ArAAAAAr}A{~B}D{A*H}sAAD{AAAataaaaat}As
CHEMBL225364,2.93,CNc1cc(nc2c(cc(OC)cc12)N3CCN(C)CC3)C(=O)Nc4ccc(cc4)N5CCOCC5,26.16666666666666,ADaraa{dasa{aa{BA}aars}DtAAD{A}AAt}A{~B}Dauaaa{aau}DvAABAAv
CHEMBL2062579,2.49,CS(=O)(=O)Cc1ccc2ccn(c3cc(NC4CC4)n5ncc(C#N)c5n3)c2c1,33.49999999999999,AE{~B}{~B}Aaraaasaad{ataa{DAuAAu}dvdaa{A^D}avdt}asar
CHEMBL294286,3.2,CCn1c2ccccc2c3cc(NC(=O)CN(C)C)ccc13,21.66666666666666,AAdrasaaaaasataa{DA{~B}AD{A}A}aaart
CHEMBL245908,0.93,OC(=O)COc1ccc(Cl)cc1C2CCCCC2,59.5,BA{~B}ABaraaa{Z}aarAsAAAAAs
CHEMBL64941,3.8,Oc1ccc2[nH]c(CN3CCC(Cc4ccc(F)cc4)CC3)nc2c1,11.66666666666667,Baraaas{dH}a{ADtAAA{Aauaaa{G}aau}AAt}dasar
CHEMBL380648,0.1,Fc1ccc(CC2=NNC(=O)c3ccccc23)cc1C(=O)N4CCCNCC4,73.33333333333334,Garaaa{AAs~DDA{~B}ataaaaast}aarA{~B}DuAAADAAu
CHEMBL2087858,3.33,Cn1cc(cc1c2c3C(=O)N(CC#N)C(=O)N(CC4CC4)c3nn2Cc5ccnc6ccc(Cl)cc56)C#N,19.5,Adraa{aarasatA{~B}D{AA^D}A{~B}D{AAuAAu}atddsAavaadawaaa{Z}aavw}A^D
CHEMBL1587607,2.58,Clc1ccccc1NC(=O)c2cc[nH]n2,32.0,ZaraaaaarDA{~B}asaa{dH}ds
CHEMBL179858,3.5,CN(C)S(=O)(=O)c1ccc(CC(=O)N(C)C2CCN(CCC(c3ccccc3)c4ccccc4)CC2)cc1,16.666666666666668,AD{A}E{~B}{~B}araaa{AA{~B}D{A}AsAAD{AAA{ataaaaat}auaaaaau}AAs}aar
CHEMBL2335903,3.17,C[C@@H](NC1=CC(=O)CCC1)c2ccc(Nc3ncc4cc(ccc4n3)c5ccncc5)cc2,22.166666666666668,A{A**H}{DAr~AA{~B}AAAr}asaaa{Datdaauaa{aaaudt}avaadaav}aas
CHEMBL2042442,2.21,O=C1C=C(Nc2ccccc12)c3occc3,38.166666666666664,B~ArA~A{Dasaaaaars}atbaaat
CHEMBL2326476,2.66,Nc1nc2cc3CCN(Cc4ccccc4)CCc3cc2s1,30.666666666666668,DardasaatAAD{Aauaaaaau}AAataassr
CHEMBL1784346,2.1,Cc1onc(C)c1CCC2CCN(CC2)S(=O)(=O)CC3(CCC(F)(F)CC3)N(O)C=O,40.0,Aarbda{A}arAAAsAAD{AAs}E{~B}{~B}AAt{AAA{G}{G}AAt}D{B}A~B
CHEMBL325093,1.69,Oc1ccc(CCNCCCNS(=O)(=O)CCOCc2cccc3ccccc23)c4sc(O)nc14,46.833333333333336,Baraaa{AADAAADE{~B}{~B}AABAasaaaataaaaast}ausa{B}daru
CHEMBL89786,4.0,c1ccc(cc1)c2ccc3ccccc3n2,8.333333333333334,araaa{aar}asaaataaaaatds
CHEMBL2164673,0.9,O=C(NCC#N)[C@@H]1CCCC[C@H]1C(=O)N2CCC=CC2,60.0,B~A{DAA^D}{A**H}rAAAA{A*H}rA{~B}DsAAA~AAs
CHEMBL279250,1.79,CNS(=O)(=O)NC1=CC=C(N(CC(=O)NC(C(C)C)C(=O)C(F)(F)F)C1=O)c2ccccc2,45.166666666666664,ADE{~B}{~B}DAr~AA~A{D{AA{~B}DA{A{A}A}A{~B}A{G}{G}G}Ar~B}asaaaaas
CHEMBL341876,0.61,O=S(=O)(NCCNc1ncccn1)c2cccc3cnccc23,64.83333333333333,B~E{~B}{DAADardaaadr}asaaaatadaaast
CHEMBL1783112,1.6,COc1ccc2nc(C)cc(c2c1)n3cc(CNC(=O)C)nn3,48.333333333333336,ABaraaasda{A}aa{asar}dtaa{ADA{~B}A}ddt
CHEMBL2169920,2.23,Oc1ccc(CCNCCN(C2CCCCC2)C(=O)CCNCCc3ccc(Cl)c(Cl)c3)c4OCC(=O)Nc14,37.833333333333336,Baraaa{AADAAD{AsAAAAAs}A{~B}AADAAataaa{Z}a{Z}at}auBAA{~B}Daru
CHEMBL1082983,2.37,CCCCc1nc2c(N)nc3ccccc3c2n1CC(C)(C)O,35.5,AAAAardasa{D}dataaaaatasdrAA{A}{A}B
CHEMBL397237,3.29,C[C@H](CO)Nc1nc(SCc2cccc(F)c2F)nc3nc(N)sc13,20.166666666666668,A{A*H}{AB}Darda{EAasaaaa{G}asG}datda{D}sart
CHEMBL1209820,3.32,CCCS(=O)(=O)c1ccc(cc1)C(CNS(=O)(=O)c2ccc(cc2)C(F)(F)F)N3CCCCCC3,19.666666666666668,AAAE{~B}{~B}araaa{aar}A{ADE{~B}{~B}asaaa{aas}A{G}{G}G}DtAAAAAAt
CHEMBL282625,2.2,NC(=N)c1cc2c(\C=C\c3ccc4OCOc4c3)cccc2s1,38.33333333333333,DA{~D}araasa{RA~ARataaauBABauat}aaaassr
CHEMBL2158816,2.6,OC(=O)C(N1CCCC(CN2CCC(CC2)Oc3ccc(Cl)c(Cl)c3)C1)c4ccccc4,31.666666666666668,BA{~B}A{DrAAAA{ADsAAA{AAs}Bataaa{Z}a{Z}at}Ar}auaaaaau
CHEMBL260488,0.69,CCOC(=O)c1cc(O)c(nn1)c2ccccc2,63.5,AABA{~B}araa{B}a{ddr}asaaaaas
CHEMBL2144949,1.69,c1ccc2c(c1)nnn2c3ccncc3,46.833333333333336,araaasa{ar}dddsataadaat
CHEMBL1957851,2.8,Cc1cccc(CN2C=CN3C(=O)C=C(N=C23)N4CCOCC4)c1,28.33333333333334,Aaraaaa{ADsA~ADtA{~B}A~A{D~Ast}DuAABAAu}ar
CHEMBL2205493,1.05,Nc1nc(O)cc(n1)c2ccc(O)cc2,57.5,Darda{B}aa{dr}asaaa{B}aas
CHEMBL168418,3.0,O=C(NCc1ccccc1)c2cccnc2Oc3ccccc3,25.0,B~A{DAaraaaaar}asaaadasBataaaaat
CHEMBL474830,2.0,CC(C)CNc1nc(nc(N2CC(O)C2)c1N)C#N,41.666666666666664,AA{A}ADarda{da{DsAA{B}As}arD}A^D
CHEMBL1715438,1.1,CN(C)C(=O)N1CCC(CC1)C(=O)NCc2cccs2,56.666666666666664,AD{A}A{~B}DrAAA{AAr}A{~B}DAasaaass
CHEMBL1762542,2.2,CN(c1ccnc(Nc2cc(cc(c2)C(=O)N3CCOCC3)N4CCOCC4)n1)c5cc(CO)ccc5C,38.33333333333333,AD{araada{Dasaa{aa{as}A{~B}DtAABAAt}DuAABAAu}dr}avaa{AB}aaavA
CHEMBL1209657,3.98,Fc1ccc(cc1Cl)S(=O)(=O)NCC(N2CCCCCC2)c3ccccc3,8.666666666666666,Garaaa{aarZ}E{~B}{~B}DAA{DsAAAAAAs}ataaaaat
CHEMBL360106,4.1,CCN(C1CCN(CCC(c2ccccc2)c3ccccc3)CC1)C(=O)Cc4ccc(cc4)[N+](=O)[O-],6.666666666666672,AAD{ArAAD{AAA{asaaaaas}ataaaaat}AAr}A{~B}Aauaaa{aau}{DP}{~B}{BM}
CHEMBL196516,2.97,Clc1ccc(cc1)c2c[nH]nn2,25.499999999999996,Zaraaa{aar}asa{dH}dds
CHEMBL2335907,2.73,COc1cc(cc2cnc(Nc3ccc(cc3)[C@@H](C)NC(=O)C)nc12)c4ccncc4,29.5,ABaraa{aasada{Dataaa{aat}{A**H}{A}DA{~B}A}dars}auaadaau
CHEMBL84597,3.97,CC(C)N1C(=O)N(C)C(=O)c2cn(Cc3cccc4ccccc34)cc12,8.83333333333333,AA{A}DrA{~B}D{A}A{~B}asad{Aataaaauaaaaatu}aars
CHEMBL387675,-0.94,CCCCCCCCCC(=O)N[C@@H](Cc1c[nH]c2ccccc12)C(=O)N[C@@H](CC(=O)N)C(=O)N[C@@H](CC(=O)O)C(=O)N[C@H]3[C@@H](C)OC(=O)[C@H](CC(=O)c4ccccc4N)NC(=O)[C@@H](NC(=O)[C@@H](CO)NC(=O)CNC(=O)[C@H](CC(=O)O)NC(=O)[C@@H](C)NC(=O)[C@H](CC(=O)O)NC(=O)[C@H](CCCN)NC(=O)CNC3=O)[C@H](C)CC(=O)O,90.66666666666667,AAAAAAAAAA{~B}D{A**H}{Aara{dH}asaaaaars}A{~B}D{A**H}{AA{~B}D}A{~B}D{A**H}{AA{~B}B}A{~B}D{A*H}t{A**H}{A}BA{~B}{A*H}{AA{~B}auaaaaauD}DA{~B}{A**H}{DA{~B}{A**H}{AB}DA{~B}ADA{~B}{A*H}{AA{~B}B}DA{~B}{A**H}{A}DA{~B}{A*H}{AA{~B}B}DA{~B}{A*H}{AAAD}DA{~B}ADAt~B}{A*H}{A}AA{~B}B
CHEMBL1088030,2.68,C[C@H](Nc1nc(Nc2ncc(C)s2)cc(n1)N3CCOCC3)c4ncc(F)cn4,30.33333333333333,A{A*H}{Darda{Dasdaa{A}ss}aa{dr}DtAABAAt}audaa{G}adu
CHEMBL258176,1.44,CC(C)N1CCN(Cc2cnc(c(C)c2)c3ccc(cc3)C(=O)Nc4ccccc4N)CC1,51.0,AA{A}DrAAD{Aasada{a{A}as}ataaa{aat}A{~B}DauaaaaauD}AAr
CHEMBL723,3.27,COc1ccccc1OCCNCC(O)COc2cccc3[nH]c4ccccc4c23,20.5,ABaraaaaarBAADAA{B}ABasaaaat{dH}auaaaaauast
CHEMBL2035017,3.6,NC1(CCC1)c2ccc(cc2)c3nc4ccccc4cc3c5ccccc5,14.999999999999998,DAr{AAAr}asaaa{aas}atdauaaaaauaatavaaaaav
CHEMBL2177605,1.33,OC(=O)c1ccc(cc1)n2ncc(C(=O)NC3C4CC5CC(CC3C5)C4)c2C6CCC6,52.833333333333336,BA{~B}araaa{aar}dsdaa{A{~B}DAtAuAAvAA{AAtAv}Au}asAwAAAw
CHEMBL606052,2.99,O=C1Nc2cc(ccc2C1c3ncnc4cc(OCCCN5CCOCC5)ccc34)C#N,25.16666666666666,B~ArDasaa{aaasAratdadauaa{BAAADvAABAAv}aaatu}A^D
CHEMBL91023,3.93,CC(C)(C)C(=O)NCc1ccc(NC(=O)N2CCCC(O)(C2)c3ccc(Cl)c(Cl)c3)cc1,9.499999999999998,AA{A}{A}A{~B}DAaraaa{DA{~B}DsAAAA{B}{As}ataaa{Z}a{Z}at}aar
CHEMBL513909,3.14,CC[C@H]1N(C2CCCC2)c3nc(Nc4ccc(cc4OC)C(=O)NC5CCN(C)CC5)ncc3N(C)C1=O,22.666666666666668,AA{A*H}rD{AsAAAAs}atda{Dauaaa{aauBA}A{~B}DAvAAD{A}AAv}daatD{A}Ar~B
CHEMBL113690,2.39,CCCCn1c(Cc2cc(OC)c(OC)c(OC)c2)nc3c(N)ncnc13,35.166666666666664,AAAAdra{Aasaa{BA}a{BA}a{BA}as}data{D}dadart
CHEMBL598191,1.16,NC(=N)c1cc2c(OCc3ccccc3)cccc2s1,55.666666666666664,DA{~D}araasa{BAataaaaat}aaaassr
CHEMBL207881,2.1,OC(=O)CCc1ccc(NCc2cccc(Oc3ccccc3)c2)cc1,40.0,BA{~B}AAaraaa{DAasaaaa{Bataaaaat}as}aar
CHEMBL274713,3.87,CCCSc1nc(N[C@@H]2C[C@H]2c3ccccc3)c4nnn([C@@H]5C[C@H](OCCO)[C@@H](O)[C@H]5O)c4n1,10.499999999999998,AAAEarda{D{A**H}sA{A*H}sataaaaat}auddd{{A**H}vA{A*H}{BAAB}{A**H}{B}{A*H}vB}audr
CHEMBL488937,2.78,Cc1c(N)cccc1CN2C=CC(=CC2=O)OCCc3cccs3,28.66666666666667,Aara{D}aaaarADsA~AA{~AAs~B}BAAataaast
CHEMBL185328,3.1,Cc1ccc(NC(=O)c2ccnc(c2)N3CCOCC3)cc1Nc4ccnc(Cl)n4,23.333333333333332,Aaraaa{DA{~B}asaada{as}DtAABAAt}aarDauaada{Z}du
CHEMBL1083942,1.79,OC(=O)C[C@H]1[C@@H](Cc2ccccc12)NC(=O)c3cc4cc(Cl)ccc4[nH]3,45.166666666666664,BA{~B}A{A*H}r{A**H}{Aasaaaaars}DA{~B}ataauaa{Z}aaau{dH}t
CHEMBL2171017,3.74,COc1ccc(cc1Cl)C(=O)NCCN2CCN(Cc3ccc(Cl)c(Cl)c3)CC2,12.666666666666663,ABaraaa{aarZ}A{~B}DAADsAAD{Aataaa{Z}a{Z}at}AAs
CHEMBL1945041,1.85,O[C@@H](CNCCc1cccc(CNCc2ccccc2Cl)c1)c3ccc(O)c4NC(=O)Sc34,44.166666666666664,B{A**H}{ADAAaraaaa{ADAasaaaaasZ}ar}ataaa{B}auDA{~B}Eatu
CHEMBL1419,3.6,CC(C)CC(N(C)C)C1(CCC1)c2ccc(Cl)cc2,14.999999999999998,AA{A}AA{D{A}A}Ar{AAAr}asaaa{Z}aas
CHEMBL2088100,3.56,Cc1cc(CNc2nccc(Nc3cc(CCc4ccccc4)[nH]n3)n2)on1,15.666666666666666,Aaraa{ADasdaaa{Dataa{AAauaaaaau}{dH}dt}ds}bdr
CHEMBL1223951,1.76,NC(=O)c1cccc(O[C@@H]2C[C@H]3CC[C@@H](C2)N3Cc4ccccc4)c1,45.666666666666664,DA{~B}araaaa{B{A**H}sA{A*H}tAA{A**H}{As}DtAauaaaaau}ar
CHEMBL84803,3.5,COc1cc(Nc2c(cnc3cc(OC)c(OC)cc23)C#N)cc(OC)c1,16.666666666666668,ABaraa{Dasa{adataa{BA}a{BA}aast}A^D}aa{BA}ar
CHEMBL497854,3.43,Cc1cc(CNc2ncc(Br)c(Nc3cc([nH]n3)C4CC4)n2)on1,17.833333333333332,Aaraa{ADasdaa{X}a{Dataa{{dH}dt}AuAAu}ds}bdr
CHEMBL404422,1.5,CCCCC1(CC)C(=O)NC(=O)NC1=O,50.0,AAAAAr{AA}A{~B}DA{~B}DAr~B
CHEMBL377772,2.64,COc1cc2ncnc(Nc3cccc(Cl)c3F)c2cc1CN4CCC[C@H]4CC(=O)N,31.0,ABaraasdada{Dataaaa{Z}atG}asaarADuAAA{A*H}uAA{~B}D
CHEMBL93173,3.5,COc1cc2ncnc(NCc3cccc(C)c3)c2cc1OC,16.666666666666668,ABaraasdada{DAataaaa{A}at}asaarBA
CHEMBL2022881,1.52,COc1ccc(cc1)c2cc(O)nc(N)n2,49.666666666666664,ABaraaa{aar}asaa{B}da{D}ds
CHEMBL194102,2.7,OC(=O)c1ccc(NC(=O)c2cc(OCc3ccccc3)cc(OCc4ccccc4)c2)nc1,29.999999999999996,BA{~B}araaa{DA{~B}asaa{BAataaaaat}aa{BAauaaaaau}as}dar
CHEMBL233658,3.64,OCC(CO)CN1C(=O)C(Cc2ccccc12)NC(=O)c3cc4cc(Cl)ccc4[nH]3,14.33333333333333,BAA{AB}ADrA{~B}A{Aasaaaaars}DA{~B}ataauaa{Z}aaau{dH}t
CHEMBL402548,2.0,CO[C@@H](C(=O)N1Cc2n[nH]c(NC(=O)c3ccc(cc3)N4CCN(C)CC4)c2C1)c5ccccc5,41.666666666666664,AB{A**H}{A{~B}DrAasd{dH}a{DA{~B}ataaa{aat}DuAAD{A}AAu}asAr}avaaaaav
CHEMBL1951909,1.25,CCN(C1CCN(CC[C@H](N2CCN(CC2)S(=O)(=O)C)c3cc(F)cc(F)c3)CC1)C(=O)Cc4ccc(cc4)S(=O)(=O)C,54.166666666666664,AAD{ArAAD{AA{A*H}{DsAAD{AAs}E{~B}{~B}A}ataa{G}aa{G}at}AAr}A{~B}Aauaaa{aau}E{~B}{~B}A
CHEMBL148313,2.82,Cc1ccc(cc1)S(=O)(=O)Nc2ccc(\C=C\C(=O)Nc3ccccc3N)cc2,28.000000000000004,Aaraaa{aar}E{~B}{~B}Dasaaa{RA~ARA{~B}DataaaaatD}aas
CHEMBL1289466,2.63,Clc1ccc(C2CCN(CC2)C(=O)COCc3ccncc3)c(Cl)c1,31.166666666666668,Zaraaa{AsAAD{AAs}A{~B}ABAataadaat}a{Z}ar
CHEMBL1800658,2.33,CC(C)N(CCNCCc1ccc(O)c2NC(=O)Sc12)C(=O)CCOCCc3ccccc3,36.166666666666664,AA{A}D{AADAAaraaa{B}asDA{~B}Ears}A{~B}AABAAataaaaat
CHEMBL822,2.83,CN(C\C=C\C#CC(C)(C)C)Cc1cccc2ccccc12,27.833333333333332,AD{ARA~ARA^AA{A}{A}A}Aaraaaasaaaaars
CHEMBL1620331,2.65,CCOc1ccc(cc1)c2cnc3CCCn23,30.833333333333332,AABaraaa{aar}asadatAAAdst
CHEMBL2164679,3.1,C[C@@H](NC(=O)[C@@H]1CCCC[C@H]1C(=O)N2CCc3[nH]c4ccc(F)cc4c3C2)C#N,23.333333333333332,A{A**H}{DA{~B}{A**H}rAAAA{A*H}rA{~B}DsAAat{dH}auaaa{G}aauatAs}A^D
CHEMBL2098183,3.2,COc1ccc2nc(C)cc(OCC(=O)NCc3ccccc3)c2c1,21.66666666666666,ABaraaasda{A}aa{BAA{~B}DAataaaaat}asar
CHEMBL274567,1.86,CNC1=CN=C(N(CC(=O)NC(C(C)C)C(=O)C(F)(F)F)C1=O)c2ccc(F)cc2,43.99999999999999,ADAr~AD~A{D{AA{~B}DA{A{A}A}A{~B}A{G}{G}G}Ar~B}asaaa{G}aas
CHEMBL2062585,-0.87,CC(=O)Nc1ccc2c(c1)c(cn2CCC(=O)O)c3cc(NC4CC4)n5ncc(C#N)c5n3,89.5,AA{~B}Daraaasa{ar}a{adsAAA{~B}B}ataa{DAuAAu}dvdaa{A^D}avdt
CHEMBL179993,3.7,CCN(C1CCN(CCC(c2ccccc2)c3ccccc3)CC1)C(=O)Cc4ccc(cc4)S(=O)(=O)N(C)C,13.33333333333333,AAD{ArAAD{AAA{asaaaaas}ataaaaat}AAr}A{~B}Aauaaa{aau}E{~B}{~B}D{A}A
CHEMBL1213118,3.09,CN1CCN(CC1)c2nc3ccccc3cc2Cn4nc(c5ccc6nc(N)sc6c5)c7c(N)ncnc47,23.5,ADrAAD{AAr}asdataaaaataasAduda{avaaawda{D}sawav}axa{D}dadaux
CHEMBL2321985,1.81,Oc1cccc2ccc(nc12)C#N,44.833333333333336,Baraaaasaaa{dars}A^D
CHEMBL2335866,3.14,COCCNC(=O)c1ccc(Nc2ncc3cc(ccc3n2)c4ccncc4OC)cc1,22.666666666666668,ABAADA{~B}araaa{Dasdaataa{aaatds}auaadaauBA}aar
CHEMBL1630742,0.6,NCCCCCc1c[nH]c2ccc(F)cc12,65.0,DAAAAAara{dH}asaaa{G}aars
CHEMBL496942,2.5,CN1C(=O)N(Cc2ccc(cc2)C(=O)O)C(=O)c3cc(ccc13)C#CCc4ccccc4,33.333333333333336,ADrA{~B}D{Aasaaa{aas}A{~B}B}A{~B}ataa{aaart}A^AAauaaaaau
CHEMBL130902,3.5,COc1c(cc2ccccc2c1C(=O)N(C)C[C@@H](CCN3CCC(CC3)c4ccc(O)cc4[S+](C)[O-])c5ccc(Cl)c(Cl)c5)C#N,16.666666666666668,ABara{aasaaaaasarA{~B}D{A}A{A**H}{AADtAAA{AAt}auaaa{B}aau{EP}{A}{BM}}avaaa{Z}a{Z}av}A^D
CHEMBL113,-0.03,CN1C(=O)N(C)c2ncn(C)c2C1=O,75.5,ADrA{~B}D{A}asdad{A}asAr~B
CHEMBL407848,3.21,Cn1c(ccc1c2cc(F)c3NC(=O)C(C)(C)c3c2)C#N,21.5,Adra{aaarasaa{G}atDA{~B}A{A}{A}atas}A^D
CHEMBL317378,2.1,CN(C)CC(O)COc1ccc(Nc2cc(ncn2)N(CCC#N)c3cc(Cl)ccc3Cl)cc1,40.0,AD{A}AA{B}ABaraaa{Dasaa{dads}D{AAA^D}ataa{Z}aaatZ}aar
CHEMBL560423,0.26,OC1(CNC(=O)c2cc(ccc2Cl)N3N=CC(=O)NC3=O)CCCCCC1,70.66666666666667,BAr{ADA{~B}asaa{aaasZ}DtD~AA{~B}DAt~B}AAAAAAr
CHEMBL31354,3.0,COc1ccccc1N2CCN(CCN(C(=O)C3CCCCC3)c4ccccn4)CC2,25.0,ABaraaaaarDsAAD{AAD{A{~B}AtAAAAAt}auaaaadu}AAs
CHEMBL223402,4.0,Fc1ccccc1NC(=O)N[C@H]2N=C(c3ccccc3)c4ccccc4NC2=O,8.333333333333334,GaraaaaarDA{~B}D{A*H}sD~A{ataaaaat}auaaaaauDAs~B
CHEMBL2179273,0.6,CCC[C@@H](N1CCC[C@@H](C1)N2C=C(C)C(=O)NC2=O)c3ccc(C(=O)O)c(Oc4cccc(Cl)c4)c3,65.0,AAA{A**H}{DrAAA{A**H}{Ar}DsA~A{A}A{~B}DAs~B}ataaa{A{~B}B}a{Bauaaaa{Z}au}at
CHEMBL374656,3.1,CN(C)C(=O)[C@H](Cc1ccccc1)NC(=O)c2cc3sccc3[nH]2,23.333333333333332,AD{A}A{~B}{A*H}{Aaraaaaar}DA{~B}asaatsaaat{dH}s
CHEMBL309222,-0.13,Cc1cccc(Br)c1C(=O)N[C@@H](Cc2ccc(NC(=O)c3c(Cl)cccc3Cl)cc2)C(=O)O,77.16666666666667,Aaraaaa{X}arA{~B}D{A**H}{Aasaaa{DA{~B}ata{Z}aaaatZ}aas}A{~B}B
CHEMBL429682,0.92,C[C@H](CO)Nc1nc(SCc2cccc(F)c2F)nc3nc(NS(=O)(=O)C)sc13,59.666666666666664,A{A*H}{AB}Darda{EAasaaaa{G}asG}datda{DE{~B}{~B}A}sart
CHEMBL2178370,1.4,Cc1nc(C)c(nc1C(=O)N)c2ccc3c(CC[C@@]34CC[C@@H](CC4)c5nnn[nH]5)c2,51.666666666666664,Aarda{A}a{darA{~B}D}asaaata{AA{A**}tuAA{A**H}{AAu}avddd{dH}v}as
CHEMBL496483,4.11,Brc1cnc(NCc2ccccc2)nc1Nc3cc([nH]n3)C4CC4,6.499999999999996,Xarada{DAasaaaaas}darDataa{{dH}dt}AuAAu
CHEMBL550637,2.12,Cc1ccc(cc1NC(=O)CC23CC4CC(CC(C4)C2)C3)C(=O)N5CC6CNCC(C5)O6,39.666666666666664,Aaraaa{aarDA{~B}AAstAAuAA{AA{Au}As}At}A{~B}DvAAwADAA{Av}Bw
CHEMBL650,2.12,C[C@H]1C[C@H]2[C@@H]3CC[C@](O)(C(=O)CO)[C@@]3(C)C[C@H](O)[C@@H]2[C@@]4(C)C=CC(=O)C=C14,39.666666666666664,A{A*H}rA{A*H}s{A**H}tAA{A*}{B}{A{~B}AB}{A**}t{A}A{A*H}{B}{A**H}s{A**}u{A}A~AA{~B}A~Aru
CHEMBL1087268,2.9,C[C@H](Nc1nc(Nc2ncc(C)s2)cc(n1)N3CCN(C)CC3)c4ccc(F)cn4,26.666666666666668,A{A*H}{Darda{Dasdaa{A}ss}aa{dr}DtAAD{A}AAt}auaaa{G}adu
CHEMBL1269858,3.23,CN(c1ccnc(Nc2cc(cc(c2)N3CCOCC3)N4CCOCC4)n1)c5cccc6[nH]ncc56,21.166666666666668,AD{araada{Dasaa{aa{as}DtAABAAt}DuAABAAu}dr}avaaaaw{dH}daavw
CHEMBL202626,3.8,Fc1ccccc1NC(=O)NC2N=C(c3ccccc3)c4ccccc4NC2=O,11.66666666666667,GaraaaaarDA{~B}DAsD~A{ataaaaat}auaaaaauDAs~B
CHEMBL237891,2.1,CN1C(=O)C=C(CCc2ccc3cc[nH]c3c2)N=C1N,40.0,ADrA{~B}A~A{AAasaaataa{dH}atas}D~ArD
CHEMBL1567398,3.6,CC1=C(Cc2ccccc2)C(=O)n3nc(NCc4cccc(Cl)c4)nc3N1,14.999999999999998,AAr~A{Aasaaaaas}A{~B}dtda{DAauaaaa{Z}au}datDr
CHEMBL1580660,2.11,Clc1ccc(Cl)c(c1)S(=O)(=O)Nc2nc(cs2)c3sccc3Cl,39.833333333333336,Zaraaa{Z}a{ar}E{~B}{~B}Dasda{ass}atsaaatZ
CHEMBL480057,3.4,COc1cc2ncc(C(=O)N)c(Nc3ccccc3C)c2cc1OC,18.333333333333336,ABaraasdaa{A{~B}D}a{DataaaaatA}asaarBA
CHEMBL1080786,1.5,N[C@@H](Cc1cccs1)C(=O)N[C@]2(C[C@H]2c3ccccc3)C#N,50.0,D{A**H}{Aaraaasr}A{~B}D{A*}s{A{A*H}sataaaaat}A^D
CHEMBL424451,3.96,COc1ccc(C)c(NC(=O)CC23CC4CC(CC(C4)C2)C3)c1,9.0,ABaraaa{A}a{DA{~B}AAstAAuAA{AA{Au}As}At}ar
CHEMBL2179287,3.04,CC1=CN(C2CCCN(Cc3cccc(Oc4ccccc4)c3)C2)C(=O)NC1=O,24.333333333333332,AAr~AD{AsAAAD{Aataaaa{Bauaaaaau}at}As}A{~B}DAr~B
CHEMBL1824363,3.07,Oc1cccc(NC(=O)c2ccc(OCCCN3CCCC3)cc2OCc4ccccc4)c1,23.83333333333334,Baraaaa{DA{~B}asaaa{BAAADtAAAAt}aasBAauaaaaau}ar
CHEMBL2335906,2.49,C[C@@H](NC1=CC(=O)CNC1)c2ccc(Nc3ncc4cc(ccc4n3)c5ccncc5)cc2,33.49999999999999,A{A**H}{DAr~AA{~B}ADAr}asaaa{Datdaauaa{aaaudt}avaadaav}aas
CHEMBL1681799,3.3,CN1CCOc2cc(COc3ccccc3)cnc12,20.000000000000004,ADrAABasaa{ABataaaaat}adars
CHEMBL2207661,3.15,O[C@H](CNC(=O)c1c[nH]nc1C2CC2)CN3CCC(CC3)Oc4ccc(Cl)c(Cl)c4,22.5,B{A*H}{ADA{~B}ara{dH}darAsAAs}ADtAAA{AAt}Bauaaa{Z}a{Z}au
CHEMBL2062774,4.23,CCOc1noc2cc(OCCC3CCN(CC3)c4ccc(C)nn4)ccc12,4.499999999999993,AABardbasaa{BAAAtAAD{AAt}auaaa{A}ddu}aaars
CHEMBL1829257,0.02,CCC(N(CCCN)C(=O)c1ccc(C)cc1)C2=Nc3ccsc3C(=O)N2Cc4cscn4,74.66666666666667,AAA{D{AAAD}A{~B}araaa{A}aar}As~DataasatA{~B}DsAauasadu
CHEMBL1933592,1.42,C[C@H]1O[C@H]([C@H](O)[C@@H]1O)n2cnc3c(N)nc(OC4CCC(F)(F)CC4)nc23,51.333333333333336,A{A*H}rB{A*H}{{A*H}{B}{A**H}rB}dsadata{D}da{BAuAAA{G}{G}AAu}dast
CHEMBL1944690,1.63,O[C@@H](CNCCc1cccc(CNCCc2ccccc2Cl)c1)c3ccc(O)c4NC(=O)Sc34,47.833333333333336,B{A**H}{ADAAaraaaa{ADAAasaaaaasZ}ar}ataaa{B}auDA{~B}Eatu
CHEMBL419951,3.55,CC(C)n1c2ccccc2c3cc(NC(=O)N4CCOCC4)ccc13,15.833333333333336,AA{A}drasaaaaasataa{DA{~B}DuAABAAu}aaart
CHEMBL524645,3.33,CC(C)Oc1ccc(cc1C(=O)N2CCN(CC2)c3ccc(cc3)C(F)(F)F)S(=O)(=O)C,19.5,AA{A}Baraaa{aarA{~B}DsAAD{AAs}ataaa{aat}A{G}{G}G}E{~B}{~B}A
CHEMBL1950727,2.01,CN[C@@H](C)C(=O)N[C@@H](C1CCCCC1)C(=O)N[C@H]2CCCN(Cc3ccccc3)C2,41.50000000000001,AD{A**H}{A}A{~B}D{A**H}{ArAAAAAr}A{~B}D{A*H}sAAAD{Aataaaaat}As
CHEMBL463978,0.57,CN1CCN(CC1)C(=O)Cc2csc(NS(=O)(=O)c3cccc(Cl)c3C)n2,65.5,ADrAAD{AAr}A{~B}Aasasa{DE{~B}{~B}ataaaa{Z}atA}ds
CHEMBL103482,0.9,CCOC(=O)c1cnc2c(N)cccc2c1O,60.0,AABA{~B}aradasa{D}aaaasarB
CHEMBL1762538,3.3,CN(c1ccnc(Nc2cc(cc(c2)N3CCOCC3)N4CCCOCC4)n1)c5cc(CO)ccc5C,20.000000000000004,AD{araada{Dasaa{aa{as}DtAABAAt}DuAAABAAu}dr}avaa{AB}aaavA
CHEMBL54976,-1.08,N[C@@H](Cc1c[nH]c2ccccc12)C(=O)O,93.0,D{A**H}{Aara{dH}asaaaaars}A{~B}B
CHEMBL73303,2.7,NS(=O)(=O)c1ccc(Nc2nccc(n2)c3cnc4ccccn34)cc1,29.999999999999996,DE{~B}{~B}araaa{Dasdaaa{ds}atadauaaaadtu}aar
CHEMBL1951079,-0.87,COc1cc(OC)c(cc1NC(=O)CCC(=O)O)S(=O)(=O)N2C(C)CCc3ccccc23,89.5,ABaraa{BA}a{aarDA{~B}AAA{~B}B}E{~B}{~B}DsA{A}AAataaaaast
CHEMBL1643203,1.15,Cc1cc(CN2Cc3cccnc3CC2C(=O)Nc4ccc(Cl)cc4Cl)ccc1OCC(=O)O,55.833333333333336,Aaraa{ADsAataaadatAAsA{~B}Dauaaa{Z}aauZ}aaarBAA{~B}B
CHEMBL2069929,1.2,C1CN2CCC1C(C2)c3oc(nn3)c4oc(cc4)c5cccnc5,55.0,ArADsAAArA{As}atba{ddt}auba{aau}avaaadav
CHEMBL2069324,3.5,O=C(NC1(CC1)C#N)[C@@H]2CCCC[C@H]2C(=O)N3CCN(CC3)c4nc(cs4)c5ccccc5,16.666666666666668,B~A{DAr{AAr}A^D}{A**H}sAAAA{A*H}sA{~B}DtAAD{AAt}auda{asu}avaaaaav
CHEMBL2012857,3.18,NC1=CC2=NNC(=O)N2c3cc(ccc13)c4ccsc4,21.999999999999996,DAr~AAs~DDA{~B}Dsataa{aaart}auaasau
CHEMBL363160,3.31,CCc1cccc(CC)c1NC(=O)N2Cc3[nH]nc(NC(=O)c4ccc(cc4)N5CCN(C)CC5)c3C2,19.833333333333332,AAaraaaa{AA}arDA{~B}DsAat{dH}da{DA{~B}auaaa{aau}DvAAD{A}AAv}atAs
CHEMBL455429,3.14,CC(C)n1c(C)ncc1c2nc(Nc3ccc(C(=O)N)c(F)c3)ncc2F,22.666666666666668,AA{A}dra{A}daarasda{Dataaa{A{~B}D}a{G}at}daasG
CHEMBL586058,2.7,[O-][N+](=O)c1cc(C(=O)NCC=C)c2N=C(Nc3ccc(Cl)c(Cl)c3)NC(=O)c2c1,29.999999999999996,{BM}{DP}{~B}araa{A{~B}DAA~A}asD~A{Dataaa{Z}a{Z}at}DA{~B}asar
CHEMBL1720835,2.9,c1ccc(cc1)c2cn3ccccc3n2,26.666666666666668,araaa{aar}asadtaaaaatds
CHEMBL1823817,1.46,COC[C@H](O)CN1C(=O)C=NN(C1=O)c2ccc(Cl)c(c2)C(=O)NCC3(O)CCCCCC3,50.666666666666664,ABA{A*H}{B}ADrA{~B}A~DD{Ar~B}asaaa{Z}a{as}A{~B}DAAt{B}AAAAAAt
CHEMBL336546,1.8,FC(F)(F)c1cc(NC(=O)c2cnc(Cl)nc2C(F)(F)F)cc(c1)C(F)(F)F,45.0,GA{G}{G}araa{DA{~B}asada{Z}dasA{G}{G}G}aa{ar}A{G}{G}G
CHEMBL1201391,1.55,CCC(C)(C)C(=O)O[C@H]1C[C@@H](C)C=C2C=C[C@H](C)[C@H](CC[C@@H](O)C[C@@H](O)CC(=O)O)[C@@H]12,49.166666666666664,AAA{A}{A}A{~B}B{A*H}rA{A**H}{A}A~AsA~A{A*H}{A}{A*H}{AA{A**H}{B}A{A**H}{B}AA{~B}B}{A**H}rs
CHEMBL1223816,1.55,NC(=O)c1cccc(O[C@H]2C[C@H]3CC[C@@H](C2)N3CC4CCCCC4)c1,49.166666666666664,DA{~B}araaaa{B{A*H}sA{A*H}tAA{A**H}{As}DtAAuAAAAAu}ar
CHEMBL81,4.13,Oc1ccc(cc1)c2sc3cc(O)ccc3c2C(=O)c4ccc(OCCN5CCCCC5)cc4,6.166666666666669,Baraaa{aar}assataa{B}aaatasA{~B}auaaa{BAADvAAAAAv}aau
CHEMBL2158822,2.83,OC(=O)c1ccccc1N2CCC(CN3CCC(CC3)Oc4ccc(Cl)c(Cl)c4)CC2,27.833333333333332,BA{~B}araaaaarDsAAA{ADtAAA{AAt}Bauaaa{Z}a{Z}au}AAs
CHEMBL182682,3.4,COc1ccc(CC(=O)N(C)C2CCN(CCC(c3ccccc3)c4ccccc4)CC2)cc1OC,18.333333333333336,ABaraaa{AA{~B}D{A}AsAAD{AAA{ataaaaat}auaaaaau}AAs}aarBA
CHEMBL255244,1.2,CCN1CCN(Cc2cnc(c(C)c2)c3ccc(cc3)C(=O)Nc4ccccc4N)CC1,55.0,AADrAAD{Aasada{a{A}as}ataaa{aat}A{~B}DauaaaaauD}AAr
CHEMBL1829430,1.61,CCC(N(CCCN)C(=O)c1ccc(C)cc1)C2=Nc3snc(C)c3C(=O)N2Cc4ccccc4,48.16666666666666,AAA{D{AAAD}A{~B}araaa{A}aar}As~Datsda{A}atA{~B}DsAauaaaaau
CHEMBL1454596,1.32,CCOC(=O)Cc1csc(NS(=O)(=O)c2ccc(Cl)cc2)n1,53.0,AABA{~B}Aarasa{DE{~B}{~B}asaaa{Z}aas}dr
CHEMBL1113,2.28,Clc1ccc2Oc3ccccc3N=C(N4CCNCC4)c2c1,37.00000000000001,ZaraaasBataaaaatD~A{DuAADAAu}asar
CHEMBL528724,0.7,Cc1cc2nc(NC(=N)N)nc(C)c2cc1C,63.333333333333336,Aaraasda{DA{~D}D}da{A}asaarA
CHEMBL2158051,1.82,CN[C@@H](C)C(=O)N[C@H]1CN(CC[C@H]2CC[C@H](N2C1=O)C(=O)NC(c3ccccc3)c4ccccc4)C(=O)CC(C)C,44.666666666666664,AD{A**H}{A}A{~B}D{A*H}rAD{AA{A*H}sAA{A*H}{DsAr~B}A{~B}DA{ataaaaat}auaaaaau}A{~B}AA{A}A
CHEMBL551060,2.0,Cc1nc(C)c(s1)C(=O)N[C@@H](Cc2cccc(Cl)c2)C(=O)NCC#N,41.666666666666664,Aarda{A}a{sr}A{~B}D{A**H}{Aasaaaa{Z}as}A{~B}DAA^D
CHEMBL1619466,3.3,COc1ccc(cc1)c2nc3CCCn3c2Br,20.000000000000004,ABaraaa{aar}asdatAAAdtasX
CHEMBL2158771,2.17,OC(=O)[C@H](Cc1ccc(cc1)C#N)N2CCC(CN3CCC(CC3)Oc4ccc(Cl)c(Cl)c4)CC2,38.833333333333336,BA{~B}{A*H}{Aaraaa{aar}A^D}DsAAA{ADtAAA{AAt}Bauaaa{Z}a{Z}au}AAs
CHEMBL51697,2.11,CN1C[C@@H](c2ccccc2)c3cccc(N)c3C1,39.833333333333336,ADrA{A**H}{asaaaaas}ataaaa{D}atAr
CHEMBL67860,2.85,Cn1c(ccc1c2ccc3NC(=O)OC(C)(C)c3c2)C#N,27.5,Adra{aaarasaaatDA{~B}BA{A}{A}atas}A^D
CHEMBL38576,3.42,CN([C@H](CN1CCCC1)c2ccccc2)C(=O)Cc3ccc(Cl)c(Cl)c3,18.0,AD{{A*H}{ADrAAAAr}asaaaaas}A{~B}Aataaa{Z}a{Z}at
CHEMBL118973,3.8,Cn1c2ccccc2c3cc(NC(=O)CCc4ccncc4)ccc13,11.66666666666667,Adrasaaaaasataa{DA{~B}AAauaadaau}aaart
CHEMBL1645496,2.27,OC(c1ccccc1)c2ccc3C(=O)C=C(Nc3c2)c4cccnc4,37.166666666666664,BA{araaaaar}asaaatA{~B}A~A{Datas}auaaadau
CHEMBL1164729,0.94,CC(C)COc1ccc(cc1C#N)c2nc(C)c(s2)C(=O)O,59.333333333333336,AA{A}ABaraaa{aarA^D}asda{A}a{ss}A{~B}B
CHEMBL1945042,0.69,O[C@@H](CNCCc1cccc(CNCc2ccccc2F)c1)c3ccc(O)c4NC(=O)Sc34,63.5,B{A**H}{ADAAaraaaa{ADAasaaaaasG}ar}ataaa{B}auDA{~B}Eatu
CHEMBL235753,2.5,CN1C(=O)C=C(CCc2cccc(c2)c3cccnc3)N=C1N,33.333333333333336,ADrA{~B}A~A{AAasaaaa{as}ataaadat}D~ArD
CHEMBL257553,2.97,NS(=O)(=O)c1cccc(Nc2nccc(Nc3c(Cl)ccc4OCOc34)n2)c1,25.499999999999996,DE{~B}{~B}araaaa{Dasdaaa{Data{Z}aaauBABatu}ds}ar
CHEMBL335749,3.02,CC(=O)NC[C@H]1CN(C(=O)O1)c2ccc(N3Cc4ccncc4C3)c(F)c2,24.666666666666668,AA{~B}DA{A*H}rAD{A{~B}Br}asaaa{DtAauaadaauAt}a{G}as
CHEMBL1397672,3.68,CC1=C(Cc2ccccc2)C(=O)n3nc(NCc4cccc(Br)c4)nc3N1,13.666666666666664,AAr~A{Aasaaaaas}A{~B}dtda{DAauaaaa{X}au}datDr
CHEMBL1785015,3.2,CC(C)n1nc(c2ccc(C)cc2)c3c(N)ncnc13,21.66666666666666,AA{A}drda{asaaa{A}aas}ata{D}dadart
CHEMBL1682826,3.1,O=C1CCOc2nc(OCc3ccccc3)ccc12,23.333333333333332,B~ArAABasda{BAataaaaat}aaars
CHEMBL1783271,3.47,COc1ccc(OC)c(c1)c2c(F)ccc3c(N)c(nnc23)C(=O)NC4CC4,17.166666666666664,ABaraaa{BA}a{ar}asa{G}aaata{D}a{ddast}A{~B}DAuAAu
CHEMBL2036775,2.77,CC(C)N1CCO[C@@H](CN2CCN(CC2)C(=O)Nc3ccc(Cl)c(Cl)c3)C1,28.833333333333332,AA{A}DrAAB{A**H}{ADsAAD{AAs}A{~B}Dataaa{Z}a{Z}at}Ar
CHEMBL1950853,1.47,CN[C@@H](C)C(=O)N[C@H](C(=O)N[C@H]1CCCN(CCc2cccc(OC)c2)C1)C(C)(C)C,50.5,AD{A**H}{A}A{~B}D{A*H}{A{~B}D{A*H}rAAAD{AAasaaaa{BA}as}Ar}A{A}{A}A
CHEMBL510436,2.74,CC(C)n1c(C)ncc1c2ccnc(Nc3ccc(C(=O)N(C)C)c(F)c3)n2,29.33333333333333,AA{A}dra{A}daarasaada{Dataaa{A{~B}D{A}A}a{G}at}ds
CHEMBL2158838,2.86,OC(=O)[C@H](Cc1ccc(Cl)cc1)N2CCC(CN3CCC(CC3)Oc4ccc(Cl)c(Cl)c4)CC2,27.333333333333332,BA{~B}{A*H}{Aaraaa{Z}aar}DsAAA{ADtAAA{AAt}Bauaaa{Z}a{Z}au}AAs
CHEMBL59925,0.85,Cc1cc(C)nc(N)c1,60.833333333333336,Aaraa{A}da{D}ar
CHEMBL2325697,2.7,C[C@@H]1COCCN1c2cc(nc(n2)c3cccc4[nH]ccc34)C5(CC5)S(=O)(=O)C,29.999999999999996,A{A**H}rABAADrasaa{da{ds}ataaaau{dH}aaatu}Av{AAv}E{~B}{~B}A
CHEMBL2346969,3.6,Fc1cccc(CN2CCN(CC2)c3ccc4nnc(n4n3)C(F)(F)F)c1F,14.999999999999998,Garaaaa{ADsAAD{AAs}ataaaudda{dudt}A{G}{G}G}arG
CHEMBL124842,1.93,CCCCCCCN(CCc1ccc(OC(C)(C)C(=O)O)cc1)C(=O)Nc2ccc(F)cc2F,42.833333333333336,AAAAAAAD{AAaraaa{BA{A}{A}A{~B}B}aar}A{~B}Dasaaa{G}aasG
CHEMBL1963131,1.72,COc1ccc(cn1)[C@@]2(O)CC[C@H](CC2)N3CC[C@H](C3)NC(=O)CNC(=O)c4cccc(c4)C(F)(F)F,46.333333333333336,ABaraaa{adr}{A**}s{B}AA{A*H}{AAs}DtAA{A*H}{At}DA{~B}ADA{~B}auaaaa{au}A{G}{G}G
CHEMBL2325729,2.4,NC1(CCN(CC1)c2ncnc3[nH]ccc23)C(=O)N[C@@H](CCN4CCCCC4)c5ccc(Cl)cc5,35.0,DAr{AAD{AAr}asdadat{dH}aaast}A{~B}D{A**H}{AADuAAAAAu}avaaa{Z}aav
CHEMBL1857945,4.5,CN(C)CCNc1cc(nc2cc(nn12)c3ccc(F)cc3)c4ccccc4,0.0,AD{A}AADaraa{dasaa{ddrs}ataaa{G}aat}auaaaaau
CHEMBL1522360,1.34,O=S(=O)(Nc1cccnc1)c2ccc3OCCOc3c2,52.666666666666664,B~E{~B}{Daraaadar}asaaatBAABatas
CHEMBL295467,0.22,CNCCC(Oc1ccccc1OC)c2ccccc2,71.33333333333333,ADAAA{BaraaaaarBA}asaaaaas
CHEMBL249584,4.06,OC[C@H]1C[C@H]([C@H](O)[C@@H]1O)n2nnc3c(N[C@@H]4C[C@H]4c5ccccc5)nc(SCCC(F)(F)F)nc23,7.33333333333334,BA{A*H}rA{A*H}{{A*H}{B}{A**H}rB}dsddata{D{A**H}uA{A*H}uavaaaaav}da{EAAA{G}{G}G}dast
CHEMBL352576,2.5,CC(=O)NCc1ccc(CN2CCN(CC2)c3ccc(F)cc3F)cc1,33.333333333333336,AA{~B}DAaraaa{ADsAAD{AAs}ataaa{G}aatG}aar
CHEMBL1946028,2.52,O=C(N1CCC1)c2ccc(cc2)C(=C3CCN(Cc4cscn4)CC3)c5cccc6cccnc56,33.0,B~A{DrAAAr}asaaa{aas}A{~AtAAD{Aauasadu}AAt}avaaaawaaadavw
CHEMBL393717,1.77,Clc1ccc(cc1C(=O)NCC23CC4CC(CC(C4)C2)C3)N5CCNCC5,45.5,Zaraaa{aarA{~B}DAAstAAuAA{AA{Au}As}At}DvAADAAv
CHEMBL2036572,2.4,Fc1ccccc1Nc2oc(nn2)C(=O)Nc3ccc(cn3)N4CCOCC4,35.0,GaraaaaarDasba{dds}A{~B}Dataaa{adt}DuAABAAu
CHEMBL1628227,2.15,CN(C)CCC=C1c2ccccc2COc3ccccc13,39.166666666666664,AD{A}AAA~ArasaaaaasABataaaaart
CHEMBL14762,3.63,CC[C@H](CO)Nc1nc(NCc2ccccc2)c3ncn(C(C)C)c3n1,14.500000000000002,AA{A*H}{AB}Darda{DAasaaaaas}atdad{A{A}A}atdr
CHEMBL268263,0.9,NCC(O)(c1ccccc1)c2ccccc2,60.0,DAA{B}{araaaaar}asaaaaas
CHEMBL335550,3.88,[O-][N+](=O)c1cccc(c1)c2ccc(OCC(CCc3ccncc3)N4C(=O)CCC4=O)cc2,10.333333333333336,{BM}{DP}{~B}araaaa{ar}asaaa{BAA{AAataadaat}DuA{~B}AAAu~B}aas
CHEMBL1972466,3.6,CC(Nc1ccccc1)C2=CC(=CN3C(=O)C=C(N=C23)N4CCOCC4)C,14.999999999999998,AA{Daraaaaar}As~AA{~ADtA{~B}A~A{D~Ast}DuAABAAu}A
CHEMBL87266,1.35,Cc1cc(N)c2cc(NC(=O)CC(=O)Nc3ccc4nc(C)cc(N)c4c3)ccc2n1,52.5,Aaraa{D}asaa{DA{~B}AA{~B}Dataaauda{A}aa{D}auat}aaasdr
CHEMBL429023,3.57,COc1cc2OC[C@H]3Oc4c5C[C@@H](Oc5ccc4C(=O)[C@H]3c2cc1OC)C(=C)C,15.500000000000002,ABaraasBA{A*H}tBauavA{A**H}{BavaaauA{~B}{A*H}tasaarBA}A{~A}A
CHEMBL242541,2.64,Nc1ccc2ncnc(Nc3ccc(F)c(Cl)c3)c2c1,31.0,Daraaasdada{Dataaa{G}a{Z}at}asar
CHEMBL402146,3.31,Fc1ccc(cc1F)C(=O)Nc2ccc(Cl)nc2,19.833333333333332,Garaaa{aarG}A{~B}Dasaaa{Z}das
CHEMBL74399,3.66,CCN(CC)S(=O)(=O)c1ccc(NC(=O)[C@@](C)(O)C(F)(F)F)c(Cl)c1,13.999999999999998,AAD{AA}E{~B}{~B}araaa{DA{~B}{A**}{A}{B}A{G}{G}G}a{Z}ar
CHEMBL1779009,1.1,COc1cc(F)ccc1c2cncc(c2)C3CCCN3,56.666666666666664,ABaraa{G}aaarasadaa{as}AtAAADt
CHEMBL1596993,1.2,COc1ccc(Nc2ccccc2C(=O)O)cc1,55.0,ABaraaa{DasaaaaasA{~B}B}aar
CHEMBL2325993,1.4,CN(C)CCCC(NC(=O)C1(N)CCN(CC1)c2ncnc3[nH]ccc23)c4ccc(Cl)cc4,51.666666666666664,AD{A}AAAA{DA{~B}Ar{D}AAD{AAr}asdadat{dH}aaast}auaaa{Z}aau
CHEMBL403702,3.5,C[C@H](CO)Nc1nc(SCc2cccc(F)c2F)nc3ncc(C)nc13,16.666666666666668,A{A*H}{AB}Darda{EAasaaaa{G}asG}datdaa{A}dart
CHEMBL2023483,3.78,COc1ccc2c(Oc3ccc(CC(=O)Nc4n[nH]c(C)c4C)c(OC)c3)ccnc2c1,12.000000000000002,ABaraaasa{Bataaa{AA{~B}Daud{dH}a{A}auA}a{BA}at}aadasar
CHEMBL456801,3.39,C[C@H](Nc1nc(NC[C@@H](O)CO)c(Cl)c(Nc2cc([nH]n2)C3CC3)n1)c4ccc(F)cc4,18.499999999999996,A{A*H}{Darda{DA{A**H}{B}AB}a{Z}a{Dasaa{{dH}ds}AtAAt}dr}auaaa{G}aau
CHEMBL2177612,1.03,CCCSc1c(cnn1[C@@H]2CC[C@H](CC2)C(=O)O)C(=O)NC3CCCCC3,57.833333333333336,AAAEara{addr{A**H}sAA{A*H}{AAs}A{~B}B}A{~B}DAtAAAAAt
CHEMBL450643,0.89,c1cnc2cccnc2c1,60.166666666666664,aradasaaadasar
CHEMBL1957377,2.0,Oc1c(C#N)c(nc2ccncc12)c3ccc(cc3)c4ccccc4CN5CCOCC5,41.666666666666664,Bara{A^D}a{dasaadaars}ataaa{aat}auaaaaauADvAABAAv
CHEMBL2325706,0.7,CS(=O)(=O)C1(CCNCC1)c2cc(nc(n2)c3cccc4[nH]ccc34)N5CCOCC5,63.333333333333336,AE{~B}{~B}Ar{AADAAr}asaa{da{ds}ataaaau{dH}aaatu}DvAABAAv
CHEMBL14638,2.68,O=C(C1CC1)c2ccc(OCCCc3c[nH]cn3)cc2,30.33333333333333,B~A{ArAAr}asaaa{BAAAata{dH}adt}aas
CHEMBL744,3.34,Nc1nc2ccc(OC(F)(F)F)cc2s1,19.333333333333336,Dardasaaa{BA{G}{G}G}aassr
CHEMBL22183,2.6,CN(C)Cc1ccccc1Sc2ccc(C)cc2N,31.666666666666668,AD{A}AaraaaaarEasaaa{A}aasD
CHEMBL1643199,2.63,Cc1cc(CN2CCc3ccccc3C2C(=O)Nc4ccc(Cl)cc4Cl)ccc1OCC(=O)O,31.166666666666668,Aaraa{ADsAAataaaaatAsA{~B}Dauaaa{Z}aauZ}aaarBAA{~B}B
CHEMBL2010831,2.5,CN(C1CCN(Cc2ccc(cc2)C(F)(F)F)CC1)C(=O)Cc3ccc(cc3)S(=O)(=O)C,33.333333333333336,AD{ArAAD{Aasaaa{aas}A{G}{G}G}AAr}A{~B}Aataaa{aat}E{~B}{~B}A
CHEMBL1526668,3.2,O=C(N1CCCCC1)c2csc3CCCCc23,21.66666666666666,B~A{DrAAAAAr}asasatAAAAast
CHEMBL218762,-1.48,SC1=Nc2[nH]cnc2C(=O)N1,99.66666666666667,EAr~Das{dH}adasA{~B}Dr
CHEMBL2170994,2.5,Nc1ncnc2c1ncn2[C@@H]3O[C@H](CSCCCNC(=O)Nc4ccc(Cl)cc4)[C@@H](O)[C@H]3O,33.333333333333336,Dardadasardads{A**H}tB{A*H}{AEAAADA{~B}Dauaaa{Z}aau}{A**H}{B}{A*H}tB
CHEMBL361795,2.2,N#Cc1cccc(c1)c2onc(n2)c3ccccn3,38.33333333333333,D^Aaraaaa{ar}asbda{ds}ataaaadt
CHEMBL586906,2.08,COc1ccc2nccc(C(O)C3CC4(CCN3CC4)C=C)c2c1,40.333333333333336,ABaraaasdaaa{A{B}AtAAu{AADtAAu}A~A}asar
CHEMBL563471,2.6,Cn1cc(cn1)c2cccc(C[C@H](NC(=O)c3cc(nn3C)C(C)(C)C)C(=O)NCC#N)c2,31.666666666666668,Adraa{adr}asaaaa{A{A*H}{DA{~B}ataa{ddtA}A{A}{A}A}A{~B}DAA^D}as
CHEMBL16,2.41,OC1=NC(=O)C(N1)(c2ccccc2)c3ccccc3,34.833333333333336,BAr~DA{~B}A{Dr}{asaaaaas}ataaaaat
CHEMBL457393,3.14,C[C@H](Nc1ncc(F)c(Nc2cc([nH]n2)C3CC3)n1)c4ccc(F)cn4,22.666666666666668,A{A*H}{Dardaa{G}a{Dasaa{{dH}ds}AtAAt}dr}auaaa{G}adu
CHEMBL105984,2.27,CCC[C@@H](CN1CCCC1)N(C)C(=O)Cc2ccc(Cl)c(Cl)c2,37.166666666666664,AAA{A**H}{ADrAAAAr}D{A}A{~B}Aasaaa{Z}a{Z}as
CHEMBL1916542,0.93,COc1ccc2N=CC(=O)N(CCN3CCC(CC3)NCc4cc5OCCOc5cn4)c2c1,59.5,ABaraaasD~AA{~B}D{AADtAAA{AAt}DAauaavBAABavadu}asar
CHEMBL129420,0.7,CCN(CC)C(=O)c1ccc(cc1)C(N2CCNCC2)c3cccc4cccnc34,63.333333333333336,AAD{AA}A{~B}araaa{aar}A{DsAADAAs}ataaaauaaadatu
CHEMBL1276946,0.2,CC1=C2C(=CC(=O)N1Cc3ccccn3)NN(C2=O)c4ccccc4Cl,71.66666666666667,AAr~AsA{~AA{~B}DrAataaaadt}DD{As~B}auaaaaauZ
CHEMBL1916547,-0.65,COc1ccc2N=NC(=O)N(CCN3CCC(CC3)NCc4ccc5OCC(=O)Nc5n4)c2c1,85.83333333333333,ABaraaasD~DA{~B}D{AADtAAA{AAt}DAauaaavBAA{~B}Davdu}asar
CHEMBL522460,2.68,Cc1ccccc1CN2CCC(CC2)N3CCC(CC3)N4C(=O)Nc5ccccc45,30.33333333333333,AaraaaaarADsAAA{AAs}DtAAA{AAt}DuA{~B}Davaaaaauv
CHEMBL1500992,3.2,O=C(CSc1ccccc1)N2CCN(CC2)c3ccccc3,21.66666666666666,B~A{AEaraaaaar}DsAAD{AAs}ataaaaat
CHEMBL2110791,0.72,CCN(CC)CCCNCc1cc(Cl)c2cccnc2c1O,63.0,AAD{AA}AAADAaraa{Z}asaaadasarB
CHEMBL1945034,-0.25,O[C@@H](CNCCc1ccc(CNCCc2ccccn2)cc1)c3ccc(O)c4NC(=O)Sc34,79.16666666666667,B{A**H}{ADAAaraaa{ADAAasaaaads}aar}ataaa{B}auDA{~B}Eatu
CHEMBL385563,2.6,Clc1ccc2OCOc2c1Nc3ncnc4cc(OCCN5CCCC5)cc(OC6CCOCC6)c34,31.666666666666668,ZaraaasBABasarDatdadauaa{BAADvAAAAv}aa{BAwAABAAw}atu
CHEMBL5,-0.1,CCN1C=C(C(=O)O)C(=O)c2ccc(C)nc12,76.66666666666666,AADrA~A{A{~B}B}A{~B}asaaa{A}dars
CHEMBL163,4.3,CC(C)[C@H](NC(=O)N(C)Cc1csc(n1)C(C)C)C(=O)N[C@H](C[C@H](O)[C@H](Cc2ccccc2)NC(=O)OCc3cncs3)Cc4ccccc4,3.333333333333336,AA{A}{A*H}{DA{~B}D{A}Aarasa{dr}A{A}A}A{~B}D{A*H}{A{A*H}{B}{A*H}{Aasaaaaas}DA{~B}BAatadast}Aauaaaaau
CHEMBL1479580,2.93,CSc1ncccc1C(=O)NCC2CCCCC2,26.16666666666666,AEardaaaarA{~B}DAAsAAAAAs
CHEMBL1088752,3.5,Cc1c(F)cc(cc1c2ccc(cn2)C(=O)NCC(C)(C)C)C(=O)NC3CC3,16.666666666666668,Aara{G}aa{aarasaaa{ads}A{~B}DAA{A}{A}A}A{~B}DAtAAt
CHEMBL2031224,2.93,COc1ccccc1C(=O)Nc2ccc(C)c(c2)N3C=Nc4ccc(cc4C3=O)N5CCN(C)CC5,26.16666666666666,ABaraaaaarA{~B}Dasaaa{A}a{as}DtA~Dauaaa{aauAt~B}DvAAD{A}AAv
CHEMBL2062557,2.42,COc1ccc(cc1)c2cc(N)n3ncc(C#N)c3n2,34.666666666666664,ABaraaa{aar}asaa{D}dtdaa{A^D}atds
CHEMBL72548,2.7,CN(C)CCNS(=O)(=O)c1ccc(Nc2nccc(n2)c3cnc4ccccn34)cc1,29.999999999999996,AD{A}AADE{~B}{~B}araaa{Dasdaaa{ds}atadauaaaadtu}aar
CHEMBL1621884,1.55,COCCCCC(=NOCCN)c1ccc(cc1)C(F)(F)F,49.166666666666664,ABAAAAA{~DBAAD}araaa{aar}A{G}{G}G
CHEMBL474200,2.68,CNC1=Nc2ncccc2C(=NC1c3cccs3)c4ccccc4,30.33333333333333,ADAr~DasdaaaasA{~DArataaast}auaaaaau
CHEMBL472210,1.1,CCN1C2=NC(=O)N(C)C(=O)C2=Cc3ccccc13,56.666666666666664,AADrAs~DA{~B}D{A}A{~B}As~Aataaaaart
CHEMBL480200,3.01,CN(C)c1cccc(c1)C(=O)Nc2ccc(C)c(c2)C(=O)Nc3cccnc3,24.83333333333334,AD{A}araaaa{ar}A{~B}Dasaaa{A}a{as}A{~B}Dataaadat
CHEMBL1224285,1.51,NC(=O)c1ccc(O[C@H]2C[C@H]3CC[C@@H](C2)N3Cc4ccccc4)cn1,49.833333333333336,DA{~B}araaa{B{A*H}sA{A*H}tAA{A**H}{As}DtAauaaaaau}adr
CHEMBL217899,3.6,CCc1nn(C2CCCC2)c3c1CCn4c(nnc34)c5cccs5,14.999999999999998,AAardd{AsAAAAs}atarAAdua{ddatu}avaaasv
CHEMBL361431,2.6,CCCN1CCC(CC1)Oc2nccc(Nc3cc(NC(=O)c4cccc(c4)N5CCOCC5)ccc3C)n2,31.666666666666668,AAADrAAA{AAr}Basdaaa{Dataa{DA{~B}auaaaa{au}DvAABAAv}aaatA}ds
CHEMBL1809205,3.3,COc1cc(ccc1Nc2ncc(Cl)c(n2)c3cnc4cc(C)ccn34)N5CCN(CC5)C(=O)C,20.000000000000004,ABaraa{aaarDasdaa{Z}a{ds}atadauaa{A}aadtu}DvAAD{AAv}A{~B}A
CHEMBL2070121,1.52,COc1cnc(nc1N2CCOCC2)c3ccccn3,49.666666666666664,ABarada{darDsAABAAs}ataaaadt
CHEMBL2086674,3.0,C[C@@H]1CN(CCN1c2ncc(OCc3ccc(cn3)S(=O)(=O)C)cn2)C(=O)OC(C)(C)C,25.0,A{A**H}rAD{AADrasdaa{BAataaa{adt}E{~B}{~B}A}ads}A{~B}BA{A}{A}A
CHEMBL524266,0.51,Nc1nccc(n1)c2cc3C(=O)NC[C@H](CCF)c3[nH]2,66.5,Dardaaa{dr}asaatA{~B}DA{A*H}{AAG}at{dH}s
CHEMBL2011926,1.36,COc1ccc(cc1)c2nc3c(NCC4CCNCC4)c(Br)cnc3[nH]2,52.33333333333332,ABaraaa{aar}asdata{DAAuAADAAu}a{X}adat{dH}s
CHEMBL2153185,1.79,CCCSc1nc(Oc2ccc(CC(=O)O)cc2)ccc1C(=O)NC3CCCCC3,45.166666666666664,AAAEarda{Basaaa{AA{~B}B}aas}aaarA{~B}DAtAAAAAt
CHEMBL2036746,3.15,O=C(Nc1ccc(cc1)N2CCOCC2)c3oc(Nc4ccccc4)nn3,22.5,B~A{Daraaa{aar}DsAABAAs}atba{Dauaaaaau}ddt
CHEMBL1378202,2.2,CNC(=O)c1[nH]cnc1C(=O)Nc2ccc(OC)cc2,38.33333333333333,ADA{~B}ar{dH}adarA{~B}Dasaaa{BA}aas
CHEMBL1923430,2.64,Cc1ccc([nH]1)C(=O)NC2CCN(CC2)c3cc(cc(Cl)n3)C(=O)N,31.0,Aaraaa{{dH}r}A{~B}DAsAAD{AAs}ataa{aa{Z}dt}A{~B}D
CHEMBL193,3.29,COC(=O)C1=C(C)NC(=C(C1c2ccccc2[N+](=O)[O-])C(=O)OC)C,20.166666666666668,ABA{~B}Ar~A{A}DA{~A{Arasaaaaas{DP}{~B}{BM}}A{~B}BA}A
CHEMBL492671,0.9,Fc1ccc(CC2=NNC(=O)c3ccccc23)cc1C(=O)N4CCN(CC4)C(=O)C5CCCO5,60.0,Garaaa{AAs~DDA{~B}ataaaaast}aarA{~B}DuAAD{AAu}A{~B}AvAAABv
CHEMBL1824605,2.66,O=C(Nc1ccccc1)c2ccc(OCCCN3CCCC3)cc2OCc4ccccc4C#N,30.666666666666668,B~A{Daraaaaar}asaaa{BAAADtAAAAt}aasBAauaaaaauA^D
CHEMBL292376,3.0,COc1cccc(c1)[C@@H](C)NCCCc2ccccc2Cl,25.0,ABaraaaa{ar}{A**H}{A}DAAAasaaaaasZ
CHEMBL2031238,2.43,CN1CCN(CC1)c2ccc3N=CN(C(=O)c3c2)c4cc(NC(=O)c5cocc5)ccc4C,34.49999999999999,ADrAAD{AAr}asaaatD~AD{A{~B}atas}auaa{DA{~B}avabaav}aaauA
CHEMBL2031225,3.08,COc1cccc(c1)C(=O)Nc2ccc(C)c(c2)N3C=Nc4ccc(cc4C3=O)N5CCN(C)CC5,23.666666666666668,ABaraaaa{ar}A{~B}Dasaaa{A}a{as}DtA~Dauaaa{aauAt~B}DvAAD{A}AAv
CHEMBL1940286,3.1,COc1ccc(CNC(=O)c2ccc(Oc3ccc(cc3)C#C[C@]4(O)CN5CCC4CC5)cc2)nc1,23.333333333333332,ABaraaa{ADA{~B}asaaa{Bataaa{aat}A^A{A*}u{B}ADvAAAuAAv}aas}dar
CHEMBL2087855,3.43,Cn1cc(cc1c2c3C(=O)N(CC#CCn4cncn4)C(=O)N(CC5CC5)c3nn2Cc6ccnc7ccc(Cl)cc67)C#N,17.833333333333332,Adraa{aarasatA{~B}D{AA^AAduadadu}A{~B}D{AAvAAv}atddsAawaadaxaaa{Z}aawx}A^D
CHEMBL1778870,1.18,CCNCc1cncc(n1)c2ccc(F)cc2OC,55.333333333333336,AADAaradaa{dr}asaaa{G}aasBA
CHEMBL1201256,0.74,COc1cc(cc(OC)c1OC)C(=O)NCc2ccc(OCCN(C)C)cc2,62.666666666666664,ABaraa{aa{BA}arBA}A{~B}DAasaaa{BAAD{A}A}aas
CHEMBL1783283,3.52,CCCNC(=O)c1nnc2c(c(F)ccc2c1N)c3ccc(OC)cc3OC,16.333333333333332,AAADA{~B}arddasa{a{G}aaasarD}ataaa{BA}aatBA
CHEMBL2177777,3.4,CC(C)OC(=O)N1CCC(CC1)Oc2ncnc3N(CCc23)c4ccc(cc4F)S(=O)(=O)C,18.333333333333336,AA{A}BA{~B}DrAAA{AAr}BasdadatD{AAast}auaaa{aauG}E{~B}{~B}A
CHEMBL350563,4.0,CCO\N=C(\C1CCN(CC1)C2(C)CCN(CC2)C(=O)c3c(Cl)cncc3Cl)/c4ccc(Br)cc4,8.333333333333334,AABRD~A{RArAAD{AAr}As{A}AAD{AAs}A{~B}ata{Z}adaatZ}Lauaaa{X}aau
CHEMBL1807851,1.78,C[C@H]1O[C@H]([C@H](O)[C@@H]1O)n2cnc3c(N)nc(OCC4CC45CC5)nc23,45.333333333333336,A{A*H}rB{A*H}{{A*H}{B}{A**H}rB}dsadata{D}da{BAAuAAuvAAv}dast
CHEMBL1951894,3.21,CCN(C1CCN(CCC(N2CCN(CC2)c3cccc(F)c3)c4ccccc4)CC1)C(=O)Cc5ccc(cc5)S(=O)(=O)C,21.5,AAD{ArAAD{AAA{DsAAD{AAs}ataaaa{G}at}auaaaaau}AAr}A{~B}Aavaaa{aav}E{~B}{~B}A
CHEMBL2171045,2.94,FC(F)(F)c1cccc(c1)S(=O)(=O)NC(=O)N2CCC(CC2)N3CCC(CC3)Oc4ccc(Cl)c(Cl)c4,26.0,GA{G}{G}araaaa{ar}E{~B}{~B}DA{~B}DsAAA{AAs}DtAAA{AAt}Bauaaa{Z}a{Z}au
CHEMBL1773959,-1.27,OC(=O)CCC(=O)N1CCC(CC1)c2onc(n2)c3cccs3,96.16666666666667,BA{~B}AAA{~B}DrAAA{AAr}asbda{ds}ataaast
CHEMBL276030,2.3,Oc1ccc2C(=O)N(C(=O)c2c1)c3ccccc3,36.66666666666667,BaraaasA{~B}D{A{~B}asar}ataaaaat
CHEMBL1916545,1.16,COc1ccc2C=CC(=O)N(CCN3CCC(CC3)NCc4cc5OCCOc5cn4)c2n1,55.666666666666664,ABaraaasA~AA{~B}D{AADtAAA{AAt}DAauaavBAABavadu}asdr
CHEMBL1526762,0.23,Cc1cc(C)nc(SCC(=O)N)n1,71.16666666666666,Aaraa{A}da{EAA{~B}D}dr
CHEMBL388336,1.0,Cc1oc(CN2NC(=O)C3=C(C2=O)C(=O)c4ccc(Cl)cc4N3)cc1C,58.333333333333336,Aarba{ADsDA{~B}At~A{As~B}A{~B}auaaa{Z}aauDt}aarA
CHEMBL1807869,1.06,O[C@@H](CNCCCSCCNCCc1cccc(Cl)c1)c2ccc(O)c3NC(=O)Sc23,57.333333333333336,B{A**H}{ADAAAEAADAAaraaaa{Z}ar}asaaa{B}atDA{~B}East
CHEMBL1027,1.49,Cc1ccsc1C(=CCCN2CCC[C@H](C2)C(=O)O)c3sccc3C,50.166666666666664,AaraasarA{~AAADsAAA{A*H}{As}A{~B}B}atsaaatA
CHEMBL406,1.83,CC1Cc2ccccc2N1NC(=O)c3ccc(Cl)c(c3)S(=O)(=O)N,44.5,AArAasaaaaasDrDA{~B}ataaa{Z}a{at}E{~B}{~B}D
CHEMBL1689135,1.66,C[C@H]1CN(Cc2cc(Cl)ccc2CC(=O)O)CCN1C(=O)Cc3ccc(Cl)cc3,47.333333333333336,A{A*H}rAD{Aasaa{Z}aaasAA{~B}B}AADrA{~B}Aataaa{Z}aat
CHEMBL451286,1.7,C[C@@](N)(Cc1ccccc1)c2ccccc2,46.666666666666664,A{A**}{D}{Aaraaaaar}asaaaaas
CHEMBL1643195,2.19,Cc1cc(CN2Cc3ccccc3C2C(=O)Nc4cc(Cl)ccc4Cl)ccc1OCC(=O)O,38.5,Aaraa{ADsAataaaaatAsA{~B}Dauaa{Z}aaauZ}aaarBAA{~B}B
CHEMBL1934266,0.92,CCC(CC)NC(=O)c1c(C)nn(C(C)C)c1NS(=O)(=O)c2ccc(C)cc2,59.666666666666664,AAA{AA}DA{~B}ara{A}dd{A{A}A}arDE{~B}{~B}asaaa{A}aas
CHEMBL2059871,2.44,Cc1ccc(cc1NC(=O)c2ccc(OCc3ccccn3)cc2)c4cc(n[nH]4)C(F)(F)F,34.333333333333336,Aaraaa{aarDA{~B}asaaa{BAataaaadt}aas}auaa{d{dH}u}A{G}{G}G
CHEMBL54429,1.92,ONC(=O)Cc1ccc(OCc2ccccc2)cc1,43.0,BDA{~B}Aaraaa{BAasaaaaas}aar
CHEMBL1271081,3.16,CS(=O)(=O)c1cccc(Nc2nccc(n2)N(CC#N)c3c(Cl)ccc4OCOc34)c1,22.333333333333332,AE{~B}{~B}araaaa{Dasdaaa{ds}D{AA^D}ata{Z}aaauBABatu}ar
CHEMBL514980,3.46,CN(CCOc1ccccc1c2cc(C(=O)N)c(NC(=O)N)s2)Cc3ccccc3,17.333333333333332,AD{AABaraaaaarasaa{A{~B}D}a{DA{~B}D}ss}Aataaaaat
CHEMBL78951,-0.45,Nc1nc(N)c2nc(CO)cnc2n1,82.5,Darda{D}asda{AB}adasdr
CHEMBL255044,2.22,CCOC(=O)Nc1ccc(NCc2ccc(F)cc2)nc1N,37.99999999999999,AABA{~B}Daraaa{DAasaaa{G}aas}darD
CHEMBL157063,-0.12,OC(=O)c1ccccc1NC(=O)Nc2ccccc2,77.0,BA{~B}araaaaarDA{~B}Dasaaaaas
CHEMBL2325989,1.3,CC(NC(=O)C1(N)CCN(CC1)c2ncnc3[nH]ccc23)c4ccccn4,53.333333333333336,AA{DA{~B}Ar{D}AAD{AAr}asdadat{dH}aaast}auaaaadu
CHEMBL602365,-0.49,Cc1nc(NC(=N)N)nc2ccccc12,83.16666666666667,Aarda{DA{~D}D}dasaaaaars
CHEMBL508129,2.69,CNC(=O)c1ccc(Nc2nccc(n2)c3cnc(C)n3C(C)C)cc1,30.166666666666668,ADA{~B}araaa{Dasdaaa{ds}atada{A}dtA{A}A}aar
CHEMBL1726,3.59,COC(=O)C1=C(C)NC(=C(C1c2ccccc2[N+](=O)[O-])C(=O)OCC(C)C)C,15.16666666666667,ABA{~B}Ar~A{A}DA{~A{Arasaaaaas{DP}{~B}{BM}}A{~B}BAA{A}A}A
CHEMBL833,3.46,Clc1ccccc1CN2CCc3sccc3C2,17.333333333333332,ZaraaaaarADsAAatsaaatAs
CHEMBL483254,1.1,Cc1[nH]c2ccccc2c1CCNCc3ccc(\C=C\C(=O)NO)cc3,56.666666666666664,Aar{dH}asaaaaasarAADAataaa{RA~ARA{~B}DB}aat
CHEMBL233447,3.05,OCCN1C(=O)C(Cc2ccccc12)NC(=O)c3cc4cc(Cl)sc4[nH]3,24.16666666666667,BAADrA{~B}A{Aasaaaaars}DA{~B}ataauaa{Z}sau{dH}t
CHEMBL1224217,1.25,NC(=O)c1ccc(O[C@H]2C[C@H]3CC[C@@H](C2)N3Cc4ccccc4)nc1,54.166666666666664,DA{~B}araaa{B{A*H}sA{A*H}tAA{A**H}{As}DtAauaaaaau}dar
CHEMBL1288306,1.08,NC(=O)c1cnc(N[C@H]2CCCNC2)c3cc(Br)sc13,57.0,DA{~B}arada{D{A*H}sAAADAs}ataa{X}sart
CHEMBL1916272,1.35,CCC(CC)NC(=O)c1c(C)nn(c1NS(=O)(=O)c2ccc(C)cc2)c3ccccc3,52.5,AAA{AA}DA{~B}ara{A}dd{arDE{~B}{~B}asaaa{A}aas}ataaaaat
CHEMBL2036745,2.48,OC(=O)C[C@@H]1CC[C@H](CC1)c2ccc(NC(=O)c3oc(Nc4ccccc4F)nn3)cc2,33.666666666666664,BA{~B}A{A**H}rAA{A*H}{AAr}asaaa{DA{~B}atba{DauaaaaauG}ddt}aas
CHEMBL1789155,1.26,NCC[C@@H](Sc1cc(Cl)ccc1C#N)c2ccccc2,54.0,DAA{A**H}{Earaa{Z}aaarA^D}asaaaaas
CHEMBL2163589,4.01,FC(F)(F)Oc1cccc2c3CN(CCc3[nH]c12)C(=O)[C@@H]4CCCC[C@H]4C(=O)NC5(CC5)C#N,8.16666666666667,GA{G}{G}BaraaaasatAD{AAat{dH}ars}A{~B}{A**H}uAAAA{A*H}uA{~B}DAv{AAv}A^D
CHEMBL2036754,2.54,Clc1ccc(NC(=O)N2CCN(C[C@@H]3CCCN(CC4CC4)C3)CC2)cc1Cl,32.666666666666664,Zaraaa{DA{~B}DsAAD{A{A**H}tAAAD{AAuAAu}At}AAs}aarZ
CHEMBL2031221,2.69,CN1CCN(CC1)c2ccc3N=CN(C(=O)c3c2)c4cc(NC(=O)c5cccc(c5)N6CCOCC6)ccc4C,30.166666666666668,ADrAAD{AAr}asaaatD~AD{A{~B}atas}auaa{DA{~B}avaaaa{av}DwAABAAw}aaauA
CHEMBL550902,0.85,OC(=O)c1cncc(c1)c2ccc(Cl)c(c2)C(=O)NCC34CC5CC(CC(C5)C3)C4,60.833333333333336,BA{~B}aradaa{ar}asaaa{Z}a{as}A{~B}DAAtuAAvAA{AA{Av}At}Au
CHEMBL473622,3.04,COc1cncc(NC(=O)c2cc(NC(=O)c3cccc(c3)C(C)(C)C#N)ccc2C)c1,24.333333333333332,ABaradaa{DA{~B}asaa{DA{~B}ataaaa{at}A{A}{A}A^D}aaasA}ar
CHEMBL149979,4.16,Nc1nc(nc2c1nc(O)n2Cc3ccccc3)c4ccccc4,5.666666666666664,Darda{dasarda{B}dsAataaaaat}auaaaaau
CHEMBL433282,2.42,[O-][N+](=O)c1ccc2c(c1)C(=O)C(=O)c3ccccc23,34.666666666666664,{BM}{DP}{~B}araaasa{ar}A{~B}A{~B}ataaaaast
CHEMBL1231683,1.24,CC(C)Nc1ccc2cnn(c3cncc(n3)n4ccc(CC(=O)O)c4)c2c1,54.333333333333336,AA{A}Daraaasadd{atadaa{dt}duaaa{AA{~B}B}au}asar
CHEMBL2177906,3.4,NC1=NC(c2cccc(c2)c3cncnc3)(c4ccnc(c4)C(F)(F)F)c5cccc(F)c15,18.333333333333336,DAr~DA{asaaaa{as}atadadat}{auaada{au}A{G}{G}G}avaaaa{G}arv
CHEMBL2070944,2.87,Cc1sc(nc1C(F)(F)F)N2CCN(CC2)C(=O)[C@@H]3CCCC[C@H]3C(=O)NC4(CC4)C#N,27.166666666666668,Aarsa{darA{G}{G}G}DsAAD{AAs}A{~B}{A**H}tAAAA{A*H}tA{~B}DAu{AAu}A^D
CHEMBL207130,2.16,COc1cc2ncnc(Nc3cccc(Cl)c3F)c2cc1CN(C)C4(CCN(C)CC4)C(=O)N,39.0,ABaraasdada{Dataaaa{Z}atG}asaarAD{A}Au{AAD{A}AAu}A{~B}D
CHEMBL93404,2.7,COC(=O)c1c(C)[nH]c(C)c1C(=O)c2ccccc2Cl,29.999999999999996,ABA{~B}ara{A}{dH}a{A}arA{~B}asaaaaasZ
CHEMBL2011906,2.47,CNc1c(Br)cnc2[nH]c(nc12)c3ccc(O)cc3,33.83333333333333,ADara{X}adas{dH}a{dars}ataaa{B}aat
CHEMBL412083,2.24,CCNC(=O)c1ccc(CN2CCC(CC2)c3ccc(cc3)C(=O)Nc4ccccc4N)cc1,37.666666666666664,AADA{~B}araaa{ADsAAA{AAs}ataaa{aat}A{~B}DauaaaaauD}aar
CHEMBL1762544,3.3,COCCOc1cc(Nc2nccc(n2)N(C)c3cc(CO)ccc3C)cc(c1)N4CCOCC4,20.000000000000004,ABAABaraa{Dasdaaa{ds}D{A}ataa{AB}aaatA}aa{ar}DuAABAAu
CHEMBL574621,2.66,COc1cc(Nc2cc(Oc3cccnc3)ccn2)cc(OC)c1OC,30.666666666666668,ABaraa{Dasaa{Bataaadat}aads}aa{BA}arBA
CHEMBL1963249,3.3,C[C@@H]1CN[C@@H](C2CC2)C(=O)N(C)[C@H](C)C(=O)N[C@H](Cc3ccc(F)cc3)C(=O)NCCCc4ccccc4O1,20.000000000000004,A{A**H}rAD{A**H}{AsAAs}A{~B}D{A}{A*H}{A}A{~B}D{A*H}{Aataaa{G}aat}A{~B}DAAAauaaaaauBr
CHEMBL1682959,2.84,CC[C@H](NC(=O)c1c([S+](C)[O-])c(nc2c(F)cccc12)c3ccccc3)c4ccccc4,27.666666666666668,AA{A*H}{DA{~B}ara{{EP}{A}{BM}}a{dasa{G}aaaars}ataaaaat}auaaaaau
CHEMBL1308362,2.3,Cc1ccc2cc(C)c3nnc(SCC(=O)N4CCN(CC4)C(=O)c5occc5)n3c2c1,36.66666666666667,Aaraaasaa{A}atdda{EAA{~B}DuAAD{AAu}A{~B}avbaaav}dtasar
CHEMBL117368,2.7,Nc1ccc2cccc(Nc3ncccn3)c2n1,29.999999999999996,Daraaasaaaa{Datdaaadt}asdr
CHEMBL179043,1.0,O=C1C=C(N=C2C=CC=CN12)N3CCOCC3,58.333333333333336,B~ArA~A{D~AsA~AA~ADrs}DtAABAAt
CHEMBL2321998,1.86,Clc1ccc(cc1Cl)C2CNCC=CC2,43.99999999999999,Zaraaa{aarZ}AsADAA~AAs
CHEMBL591023,3.5,Oc1cc(O)c2C(=O)C(=COc2c1)c3ccc4OCOc4c3,16.666666666666668,Baraa{B}asA{~B}A{~ABasar}ataaauBABauat
CHEMBL289959,2.94,N(c1ccccc1)c2ncnc3ccccc23,26.0,D{araaaaar}asdadataaaaast
CHEMBL1824039,1.82,FC(F)(F)Oc1ccc2OCC(=O)N(CCN3CCC(CC3)NCc4ccc5OCC(=O)Nc5n4)c2c1,44.666666666666664,GA{G}{G}BaraaasBAA{~B}D{AADtAAA{AAt}DAauaaavBAA{~B}Davdu}asar
CHEMBL471584,2.81,Nc1c(NC2CCCCC2)nc(nc1N3CCOCC3)C#N,28.166666666666668,Dara{DAsAAAAAs}da{darDtAABAAt}A^D
CHEMBL86715,1.78,OC(CCN1CCCC1)(C2CCCCC2)c3ccccc3,45.333333333333336,BA{AADrAAAAr}{AsAAAAAs}ataaaaat
CHEMBL1779012,2.5,COc1cc(F)ccc1c2cncc(CNC(=O)c3cnccn3)c2,33.333333333333336,ABaraa{G}aaarasadaa{ADA{~B}atadaadt}as
CHEMBL1487890,2.27,COc1cc(cc(OC)c1OC)c2nnc(S)n2c3cccc(c3)C(F)(F)F,37.166666666666664,ABaraa{aa{BA}arBA}asdda{E}dsataaaa{at}A{G}{G}G
CHEMBL453222,2.34,COCCOc1ccc(cc1)c2cc(C(=O)N)c(NC(=O)N)s2,36.0,ABAABaraaa{aar}asaa{A{~B}D}a{DA{~B}D}ss
CHEMBL218006,3.1,C[C@H](NC1=NC(=O)[C@](C)(S1)C(F)(F)F)c2ccccc2F,23.333333333333332,A{A*H}{DAr~DA{~B}{A*}{A}{Er}A{G}{G}G}asaaaaasG
CHEMBL1703687,3.4,Fc1ccc(NC(=S)N2CCC(CC2)C(=O)c3ccc(F)cc3)cc1,18.333333333333336,Garaaa{DA{~E}DsAAA{AAs}A{~B}ataaa{G}aat}aar
CHEMBL1779005,2.06,COc1cc(F)ccc1c2cccc(CNC3CCCC3)n2,40.666666666666664,ABaraa{G}aaarasaaaa{ADAtAAAAt}ds
CHEMBL455468,1.87,CC(C)n1c(C)ncc1c2ccnc(Nc3ccc(cc3)C(=O)NC4CCN(C)CC4)n2,43.833333333333336,AA{A}dra{A}daarasaada{Dataaa{aat}A{~B}DAuAAD{A}AAu}ds
CHEMBL222519,0.36,NS(=O)(=O)c1cccc2c3nc(O)c(O)nc3cc(c12)[N+](=O)[O-],68.99999999999999,DE{~B}{~B}araaaasatda{B}a{B}dataa{ars}{DP}{~B}{BM}
CHEMBL471951,2.71,Nc1c(nc(nc1N2CCOCC2)C#N)N3CCCCC3,29.833333333333332,Dara{da{darDsAABAAs}A^D}DtAAAAAt
CHEMBL559478,1.58,Brc1ccc(OC(=O)N2CCN3CCC2CC3)cc1,48.666666666666664,Xaraaa{BA{~B}DsAADtAAAsAAt}aar
CHEMBL2018954,1.68,COc1ccc(COc2nc(Br)cnc2NS(=O)(=O)c3ccc(C)cc3)cc1OCCN(C)C,47.0,ABaraaa{ABasda{X}adasDE{~B}{~B}ataaa{A}aat}aarBAAD{A}A
CHEMBL212731,2.9,CCN(C1CCN(CC[C@H](c2ccc(cc2)S(=O)(=O)C)c3cccc(F)c3)CC1)C(=O)Cc4ccc(cc4)S(=O)(=O)C,26.666666666666668,AAD{ArAAD{AA{A*H}{asaaa{aas}E{~B}{~B}A}ataaaa{G}at}AAr}A{~B}Aauaaa{aau}E{~B}{~B}A
CHEMBL183843,3.67,COc1ccc(cc1OC)C(=O)Nc2cccc(NC(=O)c3cccc(c3)N(C)C)c2,13.833333333333334,ABaraaa{aarBA}A{~B}Dasaaaa{DA{~B}ataaaa{at}D{A}A}as
CHEMBL1689116,0.48,OC(=O)COc1ccc(Cl)cc1CN2CCC(CC2)S(=O)(=O)c3ccccc3,66.99999999999999,BA{~B}ABaraaa{Z}aarADsAAA{AAs}E{~B}{~B}ataaaaat
CHEMBL384260,3.02,COc1cc(OC2CCN(C)CC2)c3c(Nc4cccc5OCOc45)ncnc3c1,24.666666666666668,ABaraa{BAsAAD{A}AAs}ata{DauaaaavBABauv}dadatar
CHEMBL212521,2.6,CC[C@H](N)C(=O)N[C@@H](Cc1ccc(cc1)c2ccccc2)C#N,31.666666666666668,AA{A*H}{D}A{~B}D{A**H}{Aaraaa{aar}asaaaaas}A^D
CHEMBL1688458,2.47,OC(=O)CCc1ccc(OCc2cccc(Oc3ccccc3)c2)cc1,33.83333333333333,BA{~B}AAaraaa{BAasaaaa{Bataaaaat}as}aar
CHEMBL1809057,3.1,COc1cc(ccc1Nc2ncc(Cl)c(n2)c3cnc4ccccn34)C(CO)CO,23.333333333333332,ABaraa{aaarDasdaa{Z}a{ds}atadauaaaadtu}A{AB}AB
CHEMBL2017291,3.15,COc1cc2c3N([C@H](C)c4ccccn4)C(=O)Nc3cnc2cc1c5c(C)onc5C,22.5,ABaraasatD{{A*H}{A}auaaaadu}A{~B}Datadasaarava{A}bdavA
CHEMBL202721,3.5,COc1cc2c(Nc3ccc(NC(=O)c4ccccc4)cc3)ncnc2cc1OCCCN5CCOCC5,16.666666666666668,ABaraasa{Dataaa{DA{~B}auaaaaau}aat}dadasaarBAAADvAABAAv
CHEMBL520003,2.8,CNS(=O)(=O)c1ccc(Nc2nccc(n2)c3cnc4cccnn34)cc1,28.33333333333334,ADE{~B}{~B}araaa{Dasdaaa{ds}atadauaaaddtu}aar
CHEMBL2001019,1.7,OCCn1cc(cn1)c2cnc3nnn(Cc4ccc5ncccc5c4)c3n2,46.666666666666664,BAAdraa{adr}asadatddd{Aauaaavdaaaavau}atds
CHEMBL2325730,2.2,NC(=O)C(NC(=O)C1(N)CCN(CC1)c2ncnc3[nH]ccc23)c4ccc(Cl)cc4,38.33333333333333,DA{~B}A{DA{~B}Ar{D}AAD{AAr}asdadat{dH}aaast}auaaa{Z}aau
CHEMBL2144138,0.4,NC(=O)C1CCN(CC(=O)Nc2ccc3OCOc3c2)CC1,68.33333333333333,DA{~B}ArAAD{AA{~B}DasaaatBABatas}AAr
CHEMBL143181,2.98,CC(O)(C(=O)Nc1ccc(cc1)S(=O)(=O)c2ccccc2)C(F)(F)F,25.333333333333332,AA{B}{A{~B}Daraaa{aar}E{~B}{~B}asaaaaas}A{G}{G}G
CHEMBL1240967,1.91,CC(C)(Cc1cccc(CC(=O)NCc2cccc(c2)c3ccc(O)cc3)c1)NC[C@H](O)c4ccc(O)c(NS(=O)(=O)C)c4,43.166666666666664,AA{A}{Aaraaaa{AA{~B}DAasaaaa{as}ataaa{B}aat}ar}DA{A*H}{B}auaaa{B}a{DE{~B}{~B}A}au
CHEMBL1762549,2.8,COCCN(c1ccnc(Nc2cc(cc(c2)N3CCOCC3)N4CCOCC4)n1)c5cc(CO)ccc5C,28.33333333333334,ABAAD{araada{Dasaa{aa{as}DtAABAAt}DuAABAAu}dr}avaa{AB}aaavA
CHEMBL2171278,3.8,Cc1ccc(NC(=O)[C@@H]2CCCN2S(=O)(=O)c3cccc4cccnc34)c(C)c1,11.66666666666667,Aaraaa{DA{~B}{A**H}sAAADsE{~B}{~B}ataaaauaaadatu}a{A}ar
CHEMBL555033,3.29,OCCCNc1ccc2c(NC(=O)CC3CCCCC3)c(Cl)ccc2n1,20.166666666666668,BAAADaraaasa{DA{~B}AAtAAAAAt}a{Z}aaasdr
CHEMBL1381233,3.1,O=C(Nc1ccncc1)c2cccc3ccccc23,23.333333333333332,B~A{Daraadaar}asaaaataaaaast
CHEMBL2164740,0.46,O[C@@H]1CN(CCN2C(=O)C=Cc3ccc(cc23)C#N)CC[C@@H]1NCc4cc5OCCOc5cn4,67.33333333333333,B{A**H}rAD{AADsA{~B}A~Aataaa{aast}A^D}AA{A**H}rDAauaavBAABavadu
CHEMBL1257599,4.0,CNc1ncnc2c(CNc3cc(NC(=O)c4ccc5OCCOc5c4)ccc3C)cccc12,8.333333333333334,ADardadasa{ADataa{DA{~B}auaaavBAABavau}aaatA}aaaars
CHEMBL365458,3.37,Oc1cccc2nc(cc(O)c12)c3ccccc3,18.833333333333332,Baraaaasda{aa{B}ars}ataaaaat
CHEMBL386996,3.06,CC(C)Oc1cc(OCCN2CCN(CC2)C(=O)C)cc3ncnc(Nc4c(F)ccc5OCOc45)c13,24.0,AA{A}Baraa{BAADsAAD{AAs}A{~B}A}aatdada{Daua{G}aaavBABauv}art
CHEMBL1519921,1.3,NC(=O)Cc1nc(cs1)c2ccccc2,53.333333333333336,DA{~B}Aarda{asr}asaaaaas
CHEMBL290548,1.88,COC(=O)N1CCN(C(CC(=O)NCc2ccc3OCOc3c2)C1)c4ccnc(n4)n5ccnc5,43.666666666666664,ABA{~B}DrAAD{A{AA{~B}DAasaaatBABatas}Ar}auaada{du}dvaadav
CHEMBL21640,1.89,C(C1NCCc2ccccc12)c3ccccc3,43.50000000000001,A{ArDAAasaaaaars}ataaaaat
CHEMBL87543,2.3,CC(C)N1CCC(CC1)N(C(=O)Cc2ccccc2)c3ccc(Cl)cc3,36.66666666666667,AA{A}DrAAA{AAr}D{A{~B}Aasaaaaas}ataaa{Z}aat
CHEMBL183709,3.3,CN(C1CCN(CCC(c2ccccc2)c3ccccc3)CC1)C(=O)Cc4ccc(O)cc4,20.000000000000004,AD{ArAAD{AAA{asaaaaas}ataaaaat}AAr}A{~B}Aauaaa{B}aau
CHEMBL130936,1.79,OC(=O)c1cc2cc(ccc2n1Cc3ccc(Cl)c(Cl)c3)[N+](=O)[O-],45.166666666666664,BA{~B}araasaa{aaasdrAataaa{Z}a{Z}at}{DP}{~B}{BM}
CHEMBL715,2.19,CN1CCN(CC1)C2=Nc3ccccc3Nc4sc(C)cc24,38.5,ADrAAD{AAr}As~DataaaaatDausa{A}aasu
CHEMBL2158793,2.0,Cc1cc(F)ccc1OC2CCN(CC3CCN(CC3)[C@@](C)(Cc4ccc(F)cc4)C(=O)O)CC2,41.666666666666664,Aaraa{G}aaarBAsAAD{AAtAAD{AAt}{A**}{A}{Aauaaa{G}aau}A{~B}B}AAs
CHEMBL2036752,1.86,CCN1CCC[C@H](CN2CCN(CC2)C(=O)Nc3ccc(Cl)c(Cl)c3)C1,43.99999999999999,AADrAAA{A*H}{ADsAAD{AAs}A{~B}Dataaa{Z}a{Z}at}Ar
CHEMBL1934416,0.61,COCC(C)n1nc(C)c(C(=O)N[C@@H](C)C(C)(C)C)c1NS(=O)(=O)c2ccc(C)cc2,64.83333333333333,ABAA{A}drda{A}a{A{~B}D{A**H}{A}A{A}{A}A}arDE{~B}{~B}asaaa{A}aas
CHEMBL106,0.48,OC(Cn1cncn1)(Cn2cncn2)c3ccc(F)cc3F,66.99999999999999,BA{Adradadr}{Adsadads}ataaa{G}aatG
CHEMBL450470,2.81,COc1ccc(N(C(C(=O)NC2CCCC2)c3ccccc3F)C(=O)C)c(OC)c1,28.166666666666668,ABaraaa{D{A{A{~B}DAsAAAAs}ataaaaatG}A{~B}A}a{BA}ar
CHEMBL261454,2.57,c1ccc(nc1)c2n[nH]cc2c3ccnc4ccccc34,32.16666666666667,araaa{dar}asd{dH}aasataadauaaaaatu
CHEMBL2062162,2.74,Clc1ccccc1CNC[C@@H]2CC[C@@H](CNCc3ccccc3Cl)CC2,29.33333333333333,ZaraaaaarADA{A**H}sAA{A**H}{ADAataaaaatZ}AAs
CHEMBL2179274,0.5,CCC[C@H](N1CCC[C@@H](C1)N2C=C(C)C(=O)NC2=O)c3ccc(C(=O)O)c(Oc4cccc(Cl)c4)c3,66.66666666666667,AAA{A*H}{DrAAA{A**H}{Ar}DsA~A{A}A{~B}DAs~B}ataaa{A{~B}B}a{Bauaaaa{Z}au}at
CHEMBL2331750,2.4,CC1=CN([C@H]2CCCN(C2)S(=O)(=O)c3ccc(O)c(Oc4ccc(Cl)c(C)c4)c3)C(=O)NC1=O,35.0,AAr~AD{{A*H}sAAAD{As}E{~B}{~B}ataaa{B}a{Bauaaa{Z}a{A}au}at}A{~B}DAr~B
CHEMBL317935,3.24,C[C@H](NC(=O)\C=C\c1ccccc1)c2cccc(c2)N3CCOCC3,20.999999999999996,A{A*H}{DA{~B}RA~ARaraaaaar}asaaaa{as}DtAABAAt
CHEMBL2088120,4.1,CC(C)CN1C(=O)N(C)C(=O)c2c1nn(Cc3cccc4ccccc34)c2c5cncn5C,6.666666666666672,AA{A}ADrA{~B}D{A}A{~B}asardd{Aataaaauaaaaatu}asavadadvA
CHEMBL474828,2.8,COCCNc1nc(nc(NCC(C)C)c1N)C#N,28.33333333333334,ABAADarda{da{DAA{A}A}arD}A^D
CHEMBL62083,1.5,Nc1nccc2ccccc12,50.0,Dardaaasaaaaars
CHEMBL451462,2.49,CC(C)n1c(C)ncc1c2nc(Nc3ccc(cc3)C(=O)N4CCN(C)CC4)ncc2F,33.49999999999999,AA{A}dra{A}daarasda{Dataaa{aat}A{~B}DuAAD{A}AAu}daasG
CHEMBL207235,3.09,CO[C@@H]1C[C@@H](N(Cc2cc3c(Nc4cccc(Cl)c4F)ncnc3cc2OC)C1)C(=O)N,23.5,AB{A**H}rA{A**H}{D{Aasaata{Dauaaaa{Z}auG}dadataasBA}Ar}A{~B}D
CHEMBL1950852,1.61,CN[C@@H](C)C(=O)N[C@H](C(=O)N[C@H]1CCCN(CCc2ccccc2OC)C1)C(C)(C)C,48.16666666666666,AD{A**H}{A}A{~B}D{A*H}{A{~B}D{A*H}rAAAD{AAasaaaaasBA}Ar}A{A}{A}A
CHEMBL1199987,4.0,Nc1ncc(cc1c2oc3ccccc3n2)c4cnn(c4)C5CCOCC5,8.333333333333334,Dardaa{aarasbataaaaatds}auadd{au}AvAABAAv
CHEMBL1951906,1.05,CCN(C1CCN(CC[C@H](C2CCN(CC2)S(=O)(=O)C)c3ccccc3)CC1)C(=O)Cc4ccc(cc4)S(=O)(=O)C,57.5,AAD{ArAAD{AA{A*H}{AsAAD{AAs}E{~B}{~B}A}ataaaaat}AAr}A{~B}Aauaaa{aau}E{~B}{~B}A
CHEMBL1502567,2.1,O=C1N2C=CC=CC2=Nc3ccccc13,40.0,B~ArDsA~AA~AAs~Dataaaaart
CHEMBL1762551,3.9,CN(c1ccnc(Nc2cc(nc(n2)N3CCOCC3)N4CCOCC4)n1)c5cc(CO)ccc5C,10.000000000000002,AD{araada{Dasaa{da{ds}DtAABAAt}DuAABAAu}dr}avaa{AB}aaavA
CHEMBL1631470,2.07,CCCNC(=O)c1nnc2c(c(F)ccc2c1N)c3ncccn3,40.50000000000001,AAADA{~B}arddasa{a{G}aaasarD}atdaaadt
CHEMBL1829423,1.8,CCC(N(CCCN)C(=O)c1ccc(C)cc1)C2=Nc3ccn(C)c3C(=O)N2Cc4ccccc4,45.0,AAA{D{AAAD}A{~B}araaa{A}aar}As~Dataad{A}atA{~B}DsAauaaaaau
CHEMBL389911,1.1,COC(=O)c1cccc(CN2NC(=O)C3=C(C2=O)C(=O)c4ccc(Cl)cc4N3)c1,56.666666666666664,ABA{~B}araaaa{ADsDA{~B}At~A{As~B}A{~B}auaaa{Z}aauDt}ar
CHEMBL128134,1.95,CCN1CCN(CC1)C(=O)c2cc3ccccc3[nH]2,42.49999999999999,AADrAAD{AAr}A{~B}asaataaaaat{dH}s
CHEMBL1807854,1.05,C[C@H]1O[C@H]([C@H](O)[C@@H]1O)n2cnc3c(N)nc(Oc4ccccc4)nc23,57.5,A{A*H}rB{A*H}{{A*H}{B}{A**H}rB}dsadata{D}da{Bauaaaaau}dast
CHEMBL2036762,3.37,Cc1ccc(NC(=O)N2CCN(C[C@@H]3CCCN(C3)C4CC4)CC2)cc1Cl,18.833333333333332,Aaraaa{DA{~B}DsAAD{A{A**H}tAAAD{At}AuAAu}AAs}aarZ
CHEMBL1088029,2.99,COc1cc(Nc2ncc(C)s2)nc(N[C@@H](C)c3ncc(F)cn3)n1,25.16666666666666,ABaraa{Dasdaa{A}ss}da{D{A**H}{A}atdaa{G}adt}dr
CHEMBL1890574,1.33,OC(=O)c1[nH]c2ccccc2c1CC(=O)Nc3cccc(c3)C(F)(F)F,52.833333333333336,BA{~B}ar{dH}asaaaaasarAA{~B}Dataaaa{at}A{G}{G}G
CHEMBL1612837,-0.1,CC(C)(C)c1ccc(cc1)C2=NC(=O)C(CC(=O)O)S2,76.66666666666666,AA{A}{A}araaa{aar}As~DA{~B}A{AA{~B}B}Es
CHEMBL1689130,0.78,C[C@H]1CN(Cc2cc(Cl)ccc2OCC(=O)O)CCN1C(=O)Cc3cccc(Cl)c3,62.0,A{A*H}rAD{Aasaa{Z}aaasBAA{~B}B}AADrA{~B}Aataaaa{Z}at
CHEMBL1682821,3.6,O=C(Oc1ccc2C(=O)CCOc2c1)c3ccccc3,14.999999999999998,B~A{BaraaasA{~B}AABasar}ataaaaat
CHEMBL2023489,3.5,COc1ccc2c(Oc3ccc(CC(=O)Nc4cn(C)nc4C)c(OC)c3)ccnc2c1,16.666666666666668,ABaraaasa{Bataaa{AA{~B}Dauad{A}dauA}a{BA}at}aadasar
CHEMBL203059,3.7,O=C(Nc1cc(ccn1)c2ccnc(Nc3ccccc3)c2)C4CCOCC4,13.33333333333333,B~A{Daraa{aadr}asaada{Dataaaaat}as}AuAABAAu
CHEMBL2011932,1.9,COc1ccc(cc1)c2nc3c(NCCCNC(=O)C4(CN)CC4)c(Br)cnc3[nH]2,43.333333333333336,ABaraaa{aar}asdata{DAAADA{~B}Au{AD}AAu}a{X}adat{dH}s
CHEMBL91485,-0.27,COc1cccc(OC)c1c2ccc(C[C@H](NC(=O)c3c(Cl)cccc3Cl)C(=O)O)cc2,79.49999999999999,ABaraaaa{BA}arasaaa{A{A*H}{DA{~B}ata{Z}aaaatZ}A{~B}B}aas
CHEMBL2207606,-0.71,COc1cc(OC)c(cc1NC(=O)\C=C\C(=O)O)S(=O)(=O)N2c3ccccc3Oc4ccccc24,86.83333333333333,ABaraa{BA}a{aarDA{~B}RA~ARA{~B}B}E{~B}{~B}DsataaaaatBauaaaaasu
CHEMBL578194,3.18,C[C@H](Nc1nc(Nc2cc([nH]n2)C3CC3)cnc1C#N)c4ccc(F)cn4,21.999999999999996,A{A*H}{Darda{Dasaa{{dH}ds}AtAAt}adarA^D}auaaa{G}adu
CHEMBL957,1.03,COc1ccccc1Oc2c(NS(=O)(=O)c3ccc(cc3)C(C)(C)C)nc(nc2OCCO)c4ncccn4,57.833333333333336,ABaraaaaarBasa{DE{~B}{~B}ataaa{aat}A{A}{A}A}da{dasBAAB}audaaadu
CHEMBL2035038,1.5,NC1(CCC1)c2ccc(cc2)C3=Nc4ccccc4C(=O)N3c5ccccc5,50.0,DAr{AAAr}asaaa{aas}At~DauaaaaauA{~B}Dtavaaaaav
CHEMBL190677,2.13,OC(C(=O)c1ccccc1)c2ccccc2,39.5,BA{A{~B}araaaaar}asaaaaas
CHEMBL2332936,2.1,CC(=O)Nc1ccc(O)cc1OC[C@@H](O)CN2CCC3(CC2)Cc4cc(F)ccc4O3,40.0,AA{~B}Daraaa{B}aarBA{A**H}{B}ADsAAAt{AAs}Aauaa{G}aaauBt
CHEMBL169473,3.1,COc1cccc(Nc2ncnc3cc(OC)c(OC)cc23)c1,23.333333333333332,ABaraaaa{Dasdadataa{BA}a{BA}aast}ar
CHEMBL516601,3.34,COc1cc2ncc(C(=O)N)c(Nc3ccc(C)cc3F)c2cc1OC,19.333333333333336,ABaraasdaa{A{~B}D}a{Dataaa{A}aatG}asaarBA
CHEMBL1778634,-1.17,CN(c1ccc(c(Cl)c1)c2cc(F)ccc2OCC(=O)O)S(=O)(=O)C,94.5,AD{araaa{a{Z}ar}asaa{G}aaasBAA{~B}B}E{~B}{~B}A
CHEMBL2062556,2.48,Nc1cc(nc2c(cnn12)C#N)c3ccccc3,33.666666666666664,Daraa{dasa{addrs}A^D}ataaaaat
CHEMBL2177173,3.28,CN1CCN(CC1)S(=O)(=O)c2ccc(cc2)c3cnc(N)c(n3)C(=O)Nc4cnccc4CN5CCCC5,20.333333333333336,ADrAAD{AAr}E{~B}{~B}asaaa{aas}atada{D}a{dt}A{~B}DauadaaauADvAAAAv
CHEMBL1235242,-1.06,N[C@@H](Cc1ccc(F)cc1)C(=O)O,92.66666666666667,D{A**H}{Aaraaa{G}aar}A{~B}B
CHEMBL517712,-0.66,CN1[C@@H]2CC[C@H]1C[C@H](C2)OC(=O)C(CO)c3ccccc3,86.0,ADr{A**H}sAA{A*H}rA{A*H}{As}BA{~B}A{AB}ataaaaat
CHEMBL1550191,2.68,Brc1ccc(cc1)C2NC(=O)c3ccccc3N2,30.33333333333333,Xaraaa{aar}AsDA{~B}ataaaaatDs
CHEMBL224267,3.85,COc1cc(nc2c(cc(F)cc12)N3CCN(C)CC3)C(=O)Nc4ccc(cc4)N5CCOCC5,10.83333333333333,ABaraa{dasa{aa{G}aars}DtAAD{A}AAt}A{~B}Dauaaa{aau}DvAABAAv
CHEMBL642,-0.27,CCCC(=O)Nc1ccc(OCC(O)CNC(C)C)c(c1)C(=O)C,79.49999999999999,AAAA{~B}Daraaa{BAA{B}ADA{A}A}a{ar}A{~B}A
CHEMBL180656,3.7,CN(C1CCN(CCC(c2ccccc2)c3ccccc3)CC1)C(=O)Cc4ccc(cc4)C#N,13.33333333333333,AD{ArAAD{AAA{asaaaaas}ataaaaat}AAr}A{~B}Aauaaa{aau}A^D
CHEMBL2158783,3.15,Cc1c(Cl)ccc(OC2CCN(CC3CCN(CC3)[C@@H](Cc4ccc(F)cc4)C(=O)O)CC2)c1Cl,22.5,Aara{Z}aaa{BAsAAD{AAtAAD{AAt}{A**H}{Aauaaa{G}aau}A{~B}B}AAs}arZ
CHEMBL469,-0.93,OC(=O)C1CCn2c1ccc2C(=O)c3ccccc3,90.5,BA{~B}ArAAdsaraaasA{~B}ataaaaat
CHEMBL9751,-0.09,CN1C2CCC1CC(C2)OC(=O)C(CO)c3ccccc3,76.5,ADrAsAAArAA{As}BA{~B}A{AB}ataaaaat
CHEMBL2086693,3.95,C[C@@H]1CN(CCN1c2ncc(OCc3ccncc3C#N)cn2)c4noc(n4)C(F)(F)F,9.166666666666664,A{A**H}rAD{AADrasdaa{BAataadaatA^D}ads}audba{du}A{G}{G}G
CHEMBL1589,-0.49,CC(=O)c1ccc(cc1)S(=O)(=O)NC(=O)NC2CCCCC2,83.16666666666667,AA{~B}araaa{aar}E{~B}{~B}DA{~B}DAsAAAAAs
CHEMBL507700,1.75,NC(=O)Nc1sc(cc1C(=O)N)c2ccc(CN3CCCCC3)cc2,45.833333333333336,DA{~B}Darsa{aarA{~B}D}asaaa{ADtAAAAAt}aas
CHEMBL427851,1.03,Cc1oc(CN2CCNCC2)cc1C(=O)NCC34CC5CC(CC(C5)C3)C4,57.833333333333336,Aarba{ADsAADAAs}aarA{~B}DAAtuAAvAA{AA{Av}At}Au
CHEMBL271012,3.0,C[C@H](CO)Nc1nc(SCc2ccccc2F)nc3NC(=O)Sc13,25.0,A{A*H}{AB}Darda{EAasaaaaasG}datDA{~B}Eart
CHEMBL1778616,0.15,OC(=O)COc1ccc(Br)cc1c2ccccc2,72.49999999999999,BA{~B}ABaraaa{X}aarasaaaaas
CHEMBL516,3.06,CN1CCC(=C2c3ccccc3C=Cc4ccccc24)CC1,24.0,ADrAAA{~AsataaaaatA~Aauaaaaasu}AAr
CHEMBL494505,1.22,CCC(=O)N1CCN(CC1)C(=O)c2cc(CC3=NNC(=O)c4ccccc34)ccc2F,54.666666666666664,AAA{~B}DrAAD{AAr}A{~B}asaa{AAt~DDA{~B}auaaaaatu}aaasG
CHEMBL1824379,2.46,CCCOc1cc(OCCCN2CCCC2)ccc1C(=O)Nc3cccc(O)c3,34.0,AAABaraa{BAAADsAAAAs}aaarA{~B}Dataaaa{B}at
CHEMBL1682834,2.8,CC(=O)N1CCOc2cc(COc3ccccc3)cnc12,28.33333333333334,AA{~B}DrAABasaa{ABataaaaat}adars
CHEMBL172066,2.75,Cc1sc(N)nc1c2ccccc2,29.166666666666668,Aarsa{D}darasaaaaas
CHEMBL1946029,2.3,CN(C)C(=O)c1ccc(cc1)C(=C2CCN(Cc3cscn3)CC2)c4cccc5cccnc45,36.66666666666667,AD{A}A{~B}araaa{aar}A{~AsAAD{Aatasadt}AAs}auaaaavaaadauv
CHEMBL1927345,2.09,Cc1ccc(\C=C(/C#N)\C(=O)N)cc1,40.166666666666664,Aaraaa{RA~A{LA^D}RA{~B}D}aar
CHEMBL1223459,2.72,CC1=CC2=NNC(=O)N2c3cc(ccc13)c4cccnc4,29.66666666666666,AAr~AAs~DDA{~B}Dsataa{aaart}auaaadau
CHEMBL274009,-0.96,Nc1ccccc1[N+](=O)[O-],91.0,Daraaaaar{DP}{~B}{BM}
CHEMBL109405,2.59,C1CN2CCC1C(=C2)c3oc4ccccc4c3,31.833333333333332,ArADsAAArA{~As}atbauaaaaauat
CHEMBL2012881,2.19,OCC1=CC2=NNC(=O)N2c3cc(ccc13)c4ccc[nH]4,38.5,BAAr~AAs~DDA{~B}Dsataa{aaart}auaaa{dH}u
CHEMBL1698358,2.9,Nc1ccc2c3ccccc3C(=O)c2c1,26.666666666666668,DaraaasataaaaatA{~B}asar
CHEMBL2018953,2.27,Clc1ccc(CNc2nc(nc3ncccc23)N4CCN(CC4)C(=O)[C@H]5CCCCN5)c(Cl)c1,37.166666666666664,Zaraaa{ADasda{datdaaaast}DuAAD{AAu}A{~B}{A*H}vAAAADv}a{Z}ar
CHEMBL1079773,3.58,Nc1ncnc2sc(nc12)c3c(ncn3Cc4ccccc4N5CCOCC5)c6ccccc6,15.333333333333334,Dardadassa{dars}ata{dadtAauaaaaauDvAABAAv}awaaaaaw
CHEMBL2179284,1.83,CC1=CN([C@H]2CCCN(C2)[C@H](CC3CCCCC3)c4ccc(C(=O)O)c(Oc5cccc(Cl)c5)c4)C(=O)NC1=O,44.5,AAr~AD{{A*H}sAAAD{As}{A*H}{AAtAAAAAt}auaaa{A{~B}B}a{Bavaaaa{Z}av}au}A{~B}DAr~B
CHEMBL258282,2.45,CN1CCN(CCOc2n[nH]c3ncnc(Nc4ccc(OCc5ccccn5)c(Cl)c4)c23)CC1,34.166666666666664,ADrAAD{AABasd{dH}atdada{Dauaaa{BAavaaaadv}a{Z}au}ast}AAr
CHEMBL108,1.65,NC(=O)N1c2ccccc2C=Cc3ccccc13,47.5,DA{~B}DrasaaaaasA~Aataaaaart
CHEMBL371064,1.33,CCCN1CCN(CC1)c2ccc(cc2)C(=O)NC3(CCCCC3)C(=O)NCC#N,52.833333333333336,AAADrAAD{AAr}asaaa{aas}A{~B}DAt{AAAAAt}A{~B}DAA^D
CHEMBL1178725,1.23,CC(C)Oc1cccc(CC(=O)N2CCC[C@@](CC[N+]34CCC(CC3)(CC4)c5ccccc5)(C2)c6ccc(Cl)c(Cl)c6)c1,54.5,AA{A}Baraaaa{AA{~B}DsAAA{A**}{AA{DP}tuAAA{AAt}{AAu}avaaaaav}{As}awaaa{Z}a{Z}aw}ar
CHEMBL2011441,0.99,COc1nc(Br)cnc1NS(=O)(=O)c2ccc(Cl)s2,58.5,ABarda{X}adarDE{~B}{~B}asaaa{Z}ss
CHEMBL98760,2.78,CC(C)NC(=O)c1ccc2c(Nc3ccc(Cl)cc3)nc(nc2c1)N4CCOCC4,28.66666666666667,AA{A}DA{~B}araaasa{Dataaa{Z}aat}da{dasar}DuAABAAu
CHEMBL1369722,2.07,Oc1ncnc2scc(c3ccccc3)c12,40.50000000000001,Bardadassaa{ataaaaat}ars
CHEMBL2325995,2.7,NC1(CCN(CC1)c2ncnc3[nH]ccc23)C(=O)NC(CCCN4CCOCC4)c5ccc(Cl)cc5,29.999999999999996,DAr{AAD{AAr}asdadat{dH}aaast}A{~B}DA{AAADuAABAAu}avaaa{Z}aav
CHEMBL1809192,3.0,COc1cc(ccc1Nc2nccc(n2)c3cnc4ccccn34)N5CCN(CC5)C(=O)C,25.0,ABaraa{aaarDasdaaa{ds}atadauaaaadtu}DvAAD{AAv}A{~B}A
CHEMBL865,2.37,Cc1onc(c2ccccc2)c1c3ccc(cc3)S(=O)(=O)N,35.5,Aarbda{asaaaaas}arataaa{aat}E{~B}{~B}D
CHEMBL597424,2.84,O=C1NC(=O)C(Cc2cccc(Oc3ccccc3)c2)S1,27.666666666666668,B~ArDA{~B}A{Aasaaaa{Bataaaaat}as}Er
CHEMBL1351893,3.89,CCCc1c(cnn1c2ccccc2)C(=O)Nc3ccc(F)cc3C,10.166666666666664,AAAara{addrasaaaaas}A{~B}Dataaa{G}aatA
CHEMBL233035,3.05,OCCNC(=O)CN1C(=O)C(Cc2ccccc12)NC(=O)c3cc4cc(Cl)sc4[nH]3,24.16666666666667,BAADA{~B}ADrA{~B}A{Aasaaaaars}DA{~B}ataauaa{Z}sau{dH}t
CHEMBL2059859,3.24,Cc1ccc(cc1NC(=O)c2ccc(OCc3ccccn3)cc2)c4nc5ccccc5[nH]4,20.999999999999996,Aaraaa{aarDA{~B}asaaa{BAataaaadt}aas}audavaaaaav{dH}u
CHEMBL1945298,1.86,O[C@@H](CNCCOc1cccc(CNCCc2ccccc2F)c1)c3ccc(O)c4NC(=O)Sc34,43.99999999999999,B{A**H}{ADAABaraaaa{ADAAasaaaaasG}ar}ataaa{B}auDA{~B}Eatu
CHEMBL217090,2.3,Clc1ccc2OCOc2c1Nc3ncnc4cc(OCCCN5CCCC5)cc(OC6CCOCC6)c34,36.66666666666667,ZaraaasBABasarDatdadauaa{BAAADvAAAAv}aa{BAwAABAAw}atu
CHEMBL2164676,1.75,O=C(NCC#N)[C@@H]1CCCC[C@H]1C(=O)N2CCN(CC2)c3ccccc3,45.833333333333336,B~A{DAA^D}{A**H}rAAAA{A*H}rA{~B}DsAAD{AAs}ataaaaat
CHEMBL2331740,-0.87,CC1=CN([C@H]2CCCN(C2)S(=O)(=O)c3ccc(C(=O)O)c(Oc4ccc(Cl)c(Cl)c4)c3)C(=O)NC1=O,89.5,AAr~AD{{A*H}sAAAD{As}E{~B}{~B}ataaa{A{~B}B}a{Bauaaa{Z}a{Z}au}at}A{~B}DAr~B
CHEMBL14293,1.91,CC(C)C(NC(=O)CN1C(=O)C2=C(C=C1c3ccccc3)C(=O)N(CCN4CCOCC4)C(=O)N2)C(=O)C(F)(F)F,43.166666666666664,AA{A}A{DA{~B}ADrA{~B}As~A{A~Arataaaaat}A{~B}D{AADuAABAAu}A{~B}Ds}A{~B}A{G}{G}G
CHEMBL1209587,3.39,Clc1cccc(c1)S(=O)(=O)NCC(N2CCCCCC2)c3ccccc3,18.499999999999996,Zaraaaa{ar}E{~B}{~B}DAA{DsAAAAAAs}ataaaaat
CHEMBL570192,2.86,C[C@H](Oc1nc(Nc2cc(C)[nH]n2)c(C)nc1C#N)c3ccc(F)cn3,27.333333333333332,A{A*H}{Barda{Dasaa{A}{dH}ds}a{A}darA^D}ataaa{G}adt
CHEMBL2152915,3.8,CO[C@@H]1CC[C@@]2(CC1)Cc3ccc(cc3C24N=C(C)C(=N4)N)c5cc(Cl)cc(c5)C#N,11.66666666666667,AB{A**H}rAA{A**}s{AAr}Aataaa{aatAsuD~A{A}A{~Du}D}avaa{Z}aa{av}A^D
CHEMBL2035037,2.5,Cn1cnc2c(c3ccc(cc3)C4(N)CCC4)c(ccc12)c5ccccc5,33.333333333333336,Adradasa{ataaa{aat}Au{D}AAAu}a{aaars}avaaaaav
CHEMBL2059198,-0.62,CC(C)NC(=O)c1cc2c(c(cnc2[nH]1)c3cncc(c3)C(=O)O)n4ccc(n4)C(F)(F)F,85.33333333333333,AA{A}DA{~B}araasa{a{adas{dH}r}atadaa{at}A{~B}B}duaaa{du}A{G}{G}G
CHEMBL1923433,0.02,Cc1[nH]c(C(=O)NC2CCN(CC2)c3ncc(s3)C(=O)O)c(Cl)c1Cl,74.66666666666667,Aar{dH}a{A{~B}DAsAAD{AAs}atdaa{st}A{~B}B}a{Z}arZ
CHEMBL1809050,1.8,COc1cc(OC2CCNCC2)ccc1Nc3ncc(Cl)c(n3)c4cnc5ccccn45,45.0,ABaraa{BAsAADAAs}aaarDatdaa{Z}a{dt}auadavaaaaduv
CHEMBL1610669,2.67,CC(C)CCOc1ccc(N)cc1,30.5,AA{A}AABaraaa{D}aar
CHEMBL2314383,3.7,CC(C)c1ccc(Sc2cnc(O)c(c2)C(=O)NCc3ccccc3)cc1,13.33333333333333,AA{A}araaa{Easada{B}a{as}A{~B}DAataaaaat}aar
CHEMBL209689,1.29,Cc1ccc2c(c1)c(c(C)n2CC(=O)O)c3ccnc4c(C)cccc34,53.5,Aaraaasa{ar}a{a{A}dsAA{~B}B}ataadaua{A}aaaatu
CHEMBL2036584,3.1,Fc1ccccc1Nc2oc(nn2)C(=O)Nc3ccc(Oc4cccnc4)nc3,23.333333333333332,GaraaaaarDasba{dds}A{~B}Dataaa{Bauaaadau}dat
CHEMBL12610,2.4,CN(C)CCCOc1nn(Cc2ccccc2)c3ccccc13,35.0,AD{A}AAABardd{Aasaaaaas}ataaaaart
CHEMBL1508646,3.78,Cc1ccc(cc1)c2nnc(N3CCN(CC3)C(=O)c4occc4)c5ccccc25,12.000000000000002,Aaraaa{aar}asdda{DtAAD{AAt}A{~B}aubaaau}avaaaaasv
CHEMBL185658,2.63,CC(=O)Nc1ccc(CNc2[nH]nc3cccc(Oc4ccc(cc4)S(=O)(=O)C)c23)cc1,31.166666666666668,AA{~B}Daraaa{ADas{dH}dataaaa{Bauaaa{aau}E{~B}{~B}A}ast}aar
CHEMBL1778652,0.76,CCS(=O)(=O)c1ccc(c(C)c1)c2cc(ccc2CCC(=O)O)C(F)(F)F,62.333333333333336,AAE{~B}{~B}araaa{a{A}ar}asaa{aaasAAA{~B}B}A{G}{G}G
CHEMBL407960,4.25,COc1ccc(OC)c(CNc2n[nH]c3ccnc(Oc4ccccc4)c23)c1,4.166666666666667,ABaraaa{BA}a{ADasd{dH}ataada{Bauaaaaau}ast}ar
CHEMBL192943,0.56,CC(C)Cc1ccc(cc1)[C@H](C)C(=O)NS(=O)(=O)C,65.66666666666667,AA{A}Aaraaa{aar}{A*H}{A}A{~B}DE{~B}{~B}A
CHEMBL2325740,2.95,COCCC(NC(=O)C1(N)CCN(CC1)c2ncnc3[nH]ccc23)c4ccc(Cl)cc4,25.83333333333333,ABAAA{DA{~B}Ar{D}AAD{AAr}asdadat{dH}aaast}auaaa{Z}aau
CHEMBL1951075,-1.02,COc1cc(OC)c(cc1NC(=O)NCC(=O)O)S(=O)(=O)N2C(C)CCc3ccccc23,92.0,ABaraa{BA}a{aarDA{~B}DAA{~B}B}E{~B}{~B}DsA{A}AAataaaaast
CHEMBL1831078,2.3,NC(=O)Nc1cc(sc1C(=O)N)c2ccsc2,36.66666666666667,DA{~B}Daraa{sarA{~B}D}asaasas
CHEMBL1778865,1.8,COc1cc(F)ccc1c2cncc(CNCC3CC3)n2,45.0,ABaraa{G}aaarasadaa{ADAAtAAt}ds
CHEMBL2059197,-0.79,CCCNC(=O)c1cc2c(c(cnc2[nH]1)c3cncc(c3)C(=O)O)n4ccc(n4)C(F)(F)F,88.16666666666667,AAADA{~B}araasa{a{adas{dH}r}atadaa{at}A{~B}B}duaaa{du}A{G}{G}G
CHEMBL262721,2.26,COc1cc(OC2CCN(C)CC2)c3c(Nc4cccc5OCCOc45)ncnc3c1,37.333333333333336,ABaraa{BAsAAD{A}AAs}ata{DauaaaavBAABauv}dadatar
CHEMBL1209583,4.09,FC(F)(F)Oc1ccccc1S(=O)(=O)NCC(N2CCCCCC2)c3ccccc3,6.833333333333336,GA{G}{G}BaraaaaarE{~B}{~B}DAA{DsAAAAAAs}ataaaaat
CHEMBL1669160,3.8,CC(C)COc1cc(ccc1NC(=O)CN2CCOCC2)c3cccc4C(=O)C=C(Oc34)N5CCOCC5,11.66666666666667,AA{A}ABaraa{aaarDA{~B}ADsAABAAs}ataaaauA{~B}A~A{Batu}DvAABAAv
CHEMBL1682829,3.3,CN1CCOc2cc(OC(=O)c3ccccc3)cnc12,20.000000000000004,ADrAABasaa{BA{~B}ataaaaat}adars
CHEMBL1632052,3.52,Nc1sc2CCCCc2c1C(=O)NCc3ccccc3,16.333333333333332,DarsasAAAAasarA{~B}DAataaaaat
CHEMBL436511,3.21,CN1CCC(CC1)Oc2cccc3ncnc(Nc4ccc(OCc5cnccn5)c(Cl)c4)c23,21.5,ADrAAA{AAr}Basaaaatdada{Dauaaa{BAavadaadv}a{Z}au}ast
CHEMBL514805,2.4,CC(C)CNc1nc(nc(N2CCN(CC2)C(=O)C)c1N)C#N,35.0,AA{A}ADarda{da{DsAAD{AAs}A{~B}A}arD}A^D
CHEMBL1008,3.66,CC(C)COCC(CN(Cc1ccccc1)c2ccccc2)N3CCCC3,13.999999999999998,AA{A}ABAA{AD{Aaraaaaar}asaaaaas}DtAAAAt
CHEMBL1223455,3.36,CC1=CC2=NNC(=O)N2c3cc(ccc13)c4cccc(CO)c4,19.000000000000004,AAr~AAs~DDA{~B}Dsataa{aaart}auaaaa{AB}au
CHEMBL1201753,0.91,O[C@H](C[C@H](O)\C=C\c1c(nc2ccccc2c1c3ccc(F)cc3)C4CC4)CC(=O)O,59.833333333333336,B{A*H}{A{A*H}{B}RA~ARara{dasaaaaasarataaa{G}aat}AuAAu}AA{~B}B
CHEMBL52047,2.95,Nc1cccc2c3ccccc3C(=O)C(=O)c12,25.83333333333333,DaraaaasataaaaatA{~B}A{~B}ars
CHEMBL2086681,2.4,CC(C)(C)OC(=O)N1CCN(CC1)c2ncc(OCc3ccncc3S(=O)(=O)C)cn2,35.0,AA{A}{A}BA{~B}DrAAD{AAr}asdaa{BAataadaatE{~B}{~B}A}ads
CHEMBL63560,2.87,C[C@](O)(CS(=O)(=O)c1ccc(F)cc1)C(=O)Nc2ccc(C#N)c(c2)C(F)(F)F,27.166666666666668,A{A*}{B}{AE{~B}{~B}araaa{G}aar}A{~B}Dasaaa{A^D}a{as}A{G}{G}G
CHEMBL2030963,0.57,CNc1cccc(CCCc2ccc(C[C@H](NC(=O)c3c(Cl)cccc3Cl)C(=O)O)cc2)n1,65.5,ADaraaaa{AAAasaaa{A{A*H}{DA{~B}ata{Z}aaaatZ}A{~B}B}aas}dr
CHEMBL1607077,3.26,O=C(NCc1ccncc1)c2ccc(Oc3ccccc3)cc2,20.66666666666667,B~A{DAaraadaar}asaaa{Bataaaaat}aas
CHEMBL1689111,0.33,OC(=O)COc1ccc(Cl)cc1CN2CCN(CC2)S(=O)(=O)Cc3ccccc3,69.5,BA{~B}ABaraaa{Z}aarADsAAD{AAs}E{~B}{~B}Aataaaaat
CHEMBL2335901,0.4,C[C@@H](NC(=O)C1CCNCC1)c2ccc(Nc3ncc4cc(ccc4n3)c5ccncc5)cc2,68.33333333333333,A{A**H}{DA{~B}ArAADAAr}asaaa{Datdaauaa{aaaudt}avaadaav}aas
CHEMBL564535,2.19,CN(C)C[C@H](O)Cc1ccc(Cl)c(c1)C(=O)NCC23CC4CC(CC(C4)C2)C3,38.5,AD{A}A{A*H}{B}Aaraaa{Z}a{ar}A{~B}DAAstAAuAA{AA{Au}As}At
CHEMBL1232567,0.8,Oc1ccnc2ccccc12,61.666666666666664,Baraadasaaaaars
CHEMBL422,4.31,CN1CCN(CCCN2c3ccccc3Sc4ccc(cc24)C(F)(F)F)CC1,3.166666666666673,ADrAAD{AAADsataaaaatEauaaa{aasu}A{G}{G}G}AAr
CHEMBL573735,3.21,COc1cc(Nc2cc(Oc3ccc(C)nc3)ccn2)cc(OC)c1OC,21.5,ABaraa{Dasaa{Bataaa{A}dat}aads}aa{BA}arBA
CHEMBL2180019,1.7,CC1=NC(C)(N=C1N)c2cccc(c2)c3cccnc3,46.666666666666664,AAr~DA{A}{D~ArD}asaaaa{as}ataaadat
CHEMBL1779006,1.71,COc1cc(F)ccc1c2cc(CNC3CCCC3)ccn2,46.5,ABaraa{G}aaarasaa{ADAtAAAAt}aads
CHEMBL1407985,1.91,NC(=N)Nc1oc2ccccc2n1,43.166666666666664,DA{~D}Darbasaaaaasdr
CHEMBL1356763,2.2,Cc1nc2nc(NC(=O)c3ccc(F)cc3)nn2c(O)c1Cc4ccccc4,38.33333333333333,Aardasda{DA{~B}ataaa{G}aat}ddsa{B}arAauaaaaau
CHEMBL841,3.47,CN(C)C(=O)C(CCN1CCC(O)(CC1)c2ccc(Cl)cc2)(c3ccccc3)c4ccccc4,17.166666666666664,AD{A}A{~B}A{AADrAAA{B}{AAr}asaaa{Z}aas}{ataaaaat}auaaaaau
CHEMBL186665,1.3,CN(C)CCCOc1nccc(Nc2cc(NC(=O)c3ccnc(c3)N4CCOCC4)ccc2C)n1,53.333333333333336,AD{A}AAABardaaa{Dasaa{DA{~B}ataada{at}DuAABAAu}aaasA}dr
CHEMBL64,-0.57,NNC(=O)c1ccncc1,84.5,DDA{~B}araadaar
CHEMBL1778641,-0.78,CCS(=O)(=O)c1ccc(cc1)c2cc(Cl)ccc2OCC(=O)O,88.0,AAE{~B}{~B}araaa{aar}asaa{Z}aaasBAA{~B}B
CHEMBL2087856,3.96,Cn1cc(cc1c2c3C(=O)N(CC#C)C(=O)N(CC4CC4)c3nn2Cc5ccnc6ccc(Cl)cc56)C#N,9.0,Adraa{aarasatA{~B}D{AA^A}A{~B}D{AAuAAu}atddsAavaadawaaa{Z}aavw}A^D
CHEMBL1650736,2.64,COc1cc(Nc2nc(N[C@@H](C)c3ncc(F)cn3)nc(N4CCOCC4)c2F)n[nH]1,31.0,ABaraa{Dasda{D{A**H}{A}atdaa{G}adt}da{DuAABAAu}asG}d{dH}r
CHEMBL441083,3.21,Cc1cccc(Nc2ncnc3ccccc23)c1,21.5,Aaraaaa{Dasdadataaaaast}ar
CHEMBL550167,1.41,OCCCNCCCOc1ccc(Cl)c(c1)C(=O)NCC23CC4CC(CC(C4)C2)C3,51.5,BAAADAAABaraaa{Z}a{ar}A{~B}DAAstAAuAA{AA{Au}As}At
CHEMBL1835907,3.54,CCOC(=O)c1ccc(OCCC2(CCN(CC2)c3ccc(C)nn3)C#N)cc1,16.0,AABA{~B}araaa{BAAAs{AAD{AAs}ataaa{A}ddt}A^D}aar
CHEMBL1201173,3.25,C[C@H]1C[C@H]2[C@@H]3CC[C@H](C(=O)C)[C@@]3(C)C[C@H](O)[C@@H]2[C@@]4(C)CCC(=O)C=C14,20.833333333333332,A{A*H}rA{A*H}s{A**H}tAA{A*H}{A{~B}A}{A**}t{A}A{A*H}{B}{A**H}s{A**}u{A}AAA{~B}A~Aru
CHEMBL1338338,1.61,Fc1ccc(cc1)C(=O)C2CCN(CC2)C(=O)N3CCOCC3,48.16666666666666,Garaaa{aar}A{~B}AsAAD{AAs}A{~B}DtAABAAt
CHEMBL1289232,3.22,Cc1cc(Cl)ccc1N2CCN(CC2)C(=O)COCc3ccncc3,21.333333333333332,Aaraa{Z}aaarDsAAD{AAs}A{~B}ABAataadaat
CHEMBL341087,0.94,CC1CN(CCN1)C(=O)c2cc3ccccc3[nH]2,59.333333333333336,AArAD{AADr}A{~B}asaataaaaat{dH}s
CHEMBL428462,1.51,Clc1ccc(cc1)C2(CCNCC2)c3ccc(cc3)c4cn[nH]c4,49.833333333333336,Zaraaa{aar}As{AADAAs}ataaa{aat}auad{dH}au
CHEMBL1184268,1.7,Cc1cc(C)cc(c1)c2c(O)nc3cc(Cl)c(cc3c2OCCC4CCCCN4)C(=O)Nc5ccncn5,46.666666666666664,Aaraa{A}aa{ar}asa{B}dataa{Z}a{aatasBAAAuAAAADu}A{~B}Davaadadv
CHEMBL441479,4.37,Clc1cccc(C(=O)NCC23CC4CC(CC(C4)C2)C3)c1Cl,2.1666666666666647,Zaraaaa{A{~B}DAAstAAuAA{AA{Au}As}At}arZ
CHEMBL1609658,3.01,CCOc1ccc(cc1)c2cnc3CCCCCn23,24.83333333333334,AABaraaa{aar}asadatAAAAAdst
CHEMBL2011912,2.83,CNc1c(Br)cnc2[nH]c(nc12)c3ccnc(N)c3,27.833333333333332,ADara{X}adas{dH}a{dars}ataada{D}at
CHEMBL1809044,3.65,COc1cc(ccc1Nc2ncc(Cl)c(n2)c3cnc4ccccn34)N5CCN(CC5)C(=O)C,14.16666666666667,ABaraa{aaarDasdaa{Z}a{ds}atadauaaaadtu}DvAAD{AAv}A{~B}A
CHEMBL2036760,4.06,FC(F)(F)c1ccc(NC(=O)N2CCN(C[C@@H]3CCCN(C3)C4CC4)CC2)cc1Cl,7.33333333333334,GA{G}{G}araaa{DA{~B}DsAAD{A{A**H}tAAAD{At}AuAAu}AAs}aarZ
CHEMBL146095,3.5,OCC(O)COC(=O)c1ccccc1Nc2ccnc3cc(Cl)ccc23,16.666666666666668,BAA{B}ABA{~B}araaaaarDasaadataa{Z}aaast
CHEMBL511444,1.94,CN[C@@H](C)C(=O)N[C@H](C(=O)N1CC[C@H]2CC[C@H](NC(=O)c3cccc4ccccc34)[C@@H]12)C(C)(C)C,42.666666666666664,AD{A**H}{A}A{~B}D{A*H}{A{~B}DrAA{A*H}sAA{A*H}{DA{~B}ataaaauaaaaatu}{A**H}rs}A{A}{A}A
CHEMBL1779004,2.29,COc1cc(F)ccc1c2cccc(CNC3CCCC3)c2,36.833333333333336,ABaraa{G}aaarasaaaa{ADAtAAAAt}as
CHEMBL1669156,2.3,COc1cc(ccc1NC(=O)CN2CCOCC2)c3cccc4C(=O)C=C(Oc34)N5CCOCC5,36.66666666666667,ABaraa{aaarDA{~B}ADsAABAAs}ataaaauA{~B}A~A{Batu}DvAABAAv
CHEMBL1669158,2.8,CCOc1cc(ccc1NC(=O)CN2CCOCC2)c3cccc4C(=O)C=C(Oc34)N5CCOCC5,28.33333333333334,AABaraa{aaarDA{~B}ADsAABAAs}ataaaauA{~B}A~A{Batu}DvAABAAv
CHEMBL319077,1.76,C1CN2CCC1C(C2)c3ccc(cc3)c4ccccc4,45.666666666666664,ArADsAAArA{As}ataaa{aat}auaaaaau
CHEMBL2036569,4.0,Cc1cc(NC(=O)c2oc(Nc3ccccc3F)nn2)ccc1N4CCOCC4,8.333333333333334,Aaraa{DA{~B}asba{DataaaaatG}dds}aaarDuAABAAu
CHEMBL700,-0.01,Nc1ccc(cc1)S(=O)(=O)Nc2ccccn2,75.16666666666667,Daraaa{aar}E{~B}{~B}Dasaaaads
CHEMBL524165,0.8,Fc1ccc(CC2=NNC(=O)c3ccccc23)cc1C(=O)N4CCN(CC4)C(=O)C5CCOC5,61.666666666666664,Garaaa{AAs~DDA{~B}ataaaaast}aarA{~B}DuAAD{AAu}A{~B}AvAABAv
CHEMBL2059379,2.32,CCNC(=O)c1cc2c(c(cnc2[nH]1)c3cnc(OC)c(c3)C4=NNC(=O)O4)n5ccc(n5)C(F)(F)F,36.333333333333336,AADA{~B}araasa{a{adas{dH}r}atada{BA}a{at}Au~DDA{~B}Bu}dvaaa{dv}A{G}{G}G
CHEMBL334492,1.02,Clc1cc(Cl)c2c3C(=O)NNC(=O)c3[nH]c2c1,58.0,Zaraa{Z}asatA{~B}DDA{~B}at{dH}asar
CHEMBL562847,2.89,CCCCC(NC(=O)CC1CCN(Cc2ccn(c2)c3ccc(cc3)C(F)(F)F)CC1)C4=CNC(=O)C=C4,26.833333333333332,AAAAA{DA{~B}AArAAD{Aasaad{as}ataaa{aat}A{G}{G}G}AAr}Au~ADA{~B}A~Au
CHEMBL2036588,3.2,Fc1cccc(Nc2oc(nn2)C(=O)Nc3ccc(nc3)N4CCOCC4)c1,21.66666666666666,Garaaaa{Dasba{dds}A{~B}Dataaa{dat}DuAABAAu}ar
CHEMBL101468,2.1,CN(C)CC(O)COc1ccc(Nc2nccc(Nc3cc(C)ccc3F)n2)cc1,40.0,AD{A}AA{B}ABaraaa{Dasdaaa{Dataa{A}aaatG}ds}aar
CHEMBL1222381,2.54,O=C(NC1CC1)c2cc(on2)c3cccs3,32.666666666666664,B~A{DArAAr}asaa{bds}ataaast
CHEMBL1399574,2.1,CCOc1ccc(NC(=O)CCc2c(C)nc3nc(C)nn3c2C)cc1,40.0,AABaraaa{DA{~B}AAasa{A}datda{A}ddtasA}aar
CHEMBL2011910,2.96,CNc1c(Br)cnc2[nH]c(nc12)c3cccc(N)c3,25.666666666666668,ADara{X}adas{dH}a{dars}ataaaa{D}at
CHEMBL139250,2.12,Nc1nc(N)nc(n1)c2ccc(Cl)cc2,39.666666666666664,Darda{D}da{dr}asaaa{Z}aas
CHEMBL2325695,2.4,COc1cc(c2nc(cc(n2)C3(CC3)S(=O)(=O)C)N4CCOCC4)c5cc[nH]c5c1,35.0,ABaraa{asda{aa{ds}At{AAt}E{~B}{~B}A}DuAABAAu}avaa{dH}avar
CHEMBL1916275,1.69,CN(C1CCCCC1)C(=O)c2c(C)nn(c2NS(=O)(=O)c3ccc(C)cc3)c4ccccc4,46.833333333333336,AD{ArAAAAAr}A{~B}asa{A}dd{asDE{~B}{~B}ataaa{A}aat}auaaaaau
CHEMBL1508,1.48,CN(C)CCC[C@]1(OCc2cc(ccc12)C#N)c3ccc(F)cc3,50.333333333333336,AD{A}AAA{A*}r{BAasaa{aaars}A^D}ataaa{G}aat
CHEMBL101779,1.5,COc1ccc(Nc2cc(Nc3ccc(OCC(O)CN(C)C)cc3)ncn2)cc1,50.0,ABaraaa{Dasaa{Dataaa{BAA{B}AD{A}A}aat}dads}aar
CHEMBL435582,3.5,CC(C)S(=O)(=O)NCC(C)c1ccc(cc1)c2ccc(cc2)C#N,16.666666666666668,AA{A}E{~B}{~B}DAA{A}araaa{aar}asaaa{aas}A^D
CHEMBL1448843,1.6,O=C(CSc1ccccc1)N2CCN(CC2)C(=O)c3occc3,48.333333333333336,B~A{AEaraaaaar}DsAAD{AAs}A{~B}atbaaat
CHEMBL174310,0.86,NC1=NC2(CCN(CC2)C(=O)c3ccc(cc3)C#N)Nc4c(F)ccc(F)c14,60.666666666666664,DAr~DAs{AAD{AAs}A{~B}ataaa{aat}A^D}Daua{G}aaa{G}aru
CHEMBL26,-1.2,CCN1CCCC1CNC(=O)c2cc(ccc2OC)S(=O)(=O)N,95.0,AADrAAAArADA{~B}asaa{aaasBA}E{~B}{~B}D
CHEMBL451,2.41,CNC1=Nc2ccc(Cl)cc2C(=[N+]([O-])C1)c3ccccc3,34.833333333333336,ADAr~Dasaaa{Z}aasA{~{DP}{{BM}}Ar}ataaaaat
CHEMBL218712,3.1,CN(C)C(=O)[C@H](Cc1ccccc1)NC(=O)c2cc3ccsc3[nH]2,23.333333333333332,AD{A}A{~B}{A*H}{Aaraaaaar}DA{~B}asaataasat{dH}s
CHEMBL262956,1.38,CC(C)C(NC(=O)CN1C(=O)C(=CN=C1c2cc(F)cc(F)c2)N)C(=O)C(F)(F)F,52.0,AA{A}A{DA{~B}ADrA{~B}A{~AD~Arasaa{G}aa{G}as}D}A{~B}A{G}{G}G
CHEMBL1418512,1.49,CC(C)N(C(C)C)c1nnc(N)s1,50.166666666666664,AA{A}D{A{A}A}ardda{D}sr
CHEMBL182074,2.89,CS(=O)(=O)c1ccc(CC(=O)N(C2CC2)C3CCN(CCC(c4ccccc4)c5ccccc5)CC3)cc1,26.833333333333332,AE{~B}{~B}araaa{AA{~B}D{AsAAs}AtAAD{AAA{auaaaaau}avaaaaav}AAt}aar
CHEMBL1351571,2.2,Nc1ccc(OCc2ccccc2)cc1,38.33333333333333,Daraaa{BAasaaaaas}aar
CHEMBL1089,-0.01,NNCCc1ccccc1,75.16666666666667,DDAAaraaaaar
CHEMBL1163492,3.9,CCN(C1CCN(CCC(c2ccccc2)c3ccccc3)CC1)C(=O)NCc4ccc(F)cc4,10.000000000000002,AAD{ArAAD{AAA{asaaaaas}ataaaaat}AAr}A{~B}DAauaaa{G}aau
CHEMBL1927251,2.54,Nc1n[nH]c2ncc3CCCCCCc3c12,32.666666666666664,Dard{dH}asdaatAAAAAAatars
CHEMBL2335900,1.69,C[C@@H](NC(=O)[C@H]1CCCNC1)c2ccc(Nc3ncc4cc(ccc4n3)c5ccncc5)cc2,46.833333333333336,A{A**H}{DA{~B}{A*H}rAAADAr}asaaa{Datdaauaa{aaaudt}avaadaav}aas
CHEMBL1917428,1.6,Cc1c(Sc2ccc(Cl)cc2)c3c(C#N)c(Cl)ccc3n1CC(=O)O,48.333333333333336,Aara{Easaaa{Z}aas}ata{A^D}a{Z}aaatdrAA{~B}B
CHEMBL1274,1.74,CC1(C)NC(=O)N(C1=O)c2ccc(c(c2)C(F)(F)F)[N+](=O)[O-],46.0,AAr{A}DA{~B}D{Ar~B}asaaa{a{as}A{G}{G}G}{DP}{~B}{BM}
CHEMBL412119,1.9,NS(=O)(=O)c1ccc2NC(C3CC=CC3c2c1)c4cccc5ccccc45,43.333333333333336,DE{~B}{~B}araaasDA{AtAA~AAtasar}auaaaavaaaaauv
CHEMBL1682938,3.17,CC[C@H](NC(=O)c1c([S+](C)[O-])c(nc2ccccc12)c3ccccc3)c4ccccc4,22.166666666666668,AA{A*H}{DA{~B}ara{{EP}{A}{BM}}a{dasaaaaars}ataaaaat}auaaaaau
CHEMBL1517664,3.35,Cc1ccnc(NCc2ccccc2O)c1,19.166666666666664,Aaraada{DAasaaaaasB}ar
CHEMBL2086690,3.3,CC(C)c1onc(n1)N2CCN([C@H](C)C2)c3ncc(OCc4ccncc4C#N)cn3,20.000000000000004,AA{A}arbda{dr}DsAAD{{A*H}{A}As}atdaa{BAauaadaauA^D}adt
CHEMBL1807820,3.12,O[C@@H](CNCCCSCCOCCc1cccc2ccccc12)c3ccc(O)c4NC(=O)Sc34,23.0,B{A**H}{ADAAAEAABAAaraaaasaaaaars}ataaa{B}auDA{~B}Eatu
CHEMBL1809064,3.1,COc1cc(ccc1Nc2ncc(Cl)c(n2)c3cnc4ccccn34)N5CCN(CCS(=O)(=O)C)CC5,23.333333333333332,ABaraa{aaarDasdaa{Z}a{ds}atadauaaaadtu}DvAAD{AAE{~B}{~B}A}AAv
CHEMBL1739708,2.19,COc1ccc(cc1)c2nc(N)s[n+]2c3ccccc3,38.5,ABaraaa{aar}asda{D}s{dP}sataaaaat
CHEMBL281266,2.41,O=C1NC(=O)C(Cc2ccc3ccccc3c2)S1,34.833333333333336,B~ArDA{~B}A{Aasaaataaaaatas}Er
CHEMBL2059866,2.54,Cc1ccc(cc1NC(=O)c2ccc(OCc3ccccn3)cc2)c4cn(C)cn4,32.666666666666664,Aaraaa{aarDA{~B}asaaa{BAataaaadt}aas}auad{A}adu
CHEMBL1669154,3.3,O=C(CN1CCOCC1)Nc2ccc(cc2OCC3CC3)c4cccc5C(=O)C=C(Oc45)N6CCOCC6,20.000000000000004,B~A{ADrAABAAr}Dasaaa{aasBAAtAAt}auaaaavA{~B}A~A{Bauv}DwAABAAw
CHEMBL315708,3.79,c1ccc(cc1)c2[nH]nc3ccccc23,11.833333333333334,araaa{aar}as{dH}dataaaaast
CHEMBL139557,2.08,CC(O)(C(=O)Nc1ccc(cc1)S(=O)(=O)c2cccnc2)C(F)(F)F,40.333333333333336,AA{B}{A{~B}Daraaa{aar}E{~B}{~B}asaaadas}A{G}{G}G
CHEMBL1180272,1.4,CCCCC(N1NC(=O)c2nc3cc(Cl)ccc3c(O)c2C1=O)c4ccncc4,51.666666666666664,AAAAA{DrDA{~B}asdataa{Z}aaata{B}asAr~B}auaadaau
CHEMBL142703,-0.48,OC12CC3CC(C1)CC(C3)(C2)NCC(=O)N4CCC[C@H]4C#N,83.00000000000001,BArsAAtAA{Ar}AA{At}{As}DAA{~B}DuAAA{A*H}uA^D
CHEMBL1443631,3.38,CCOc1ccccc1N2CCN(Cc3c[nH]nc3c4ccc(F)cc4)CC2,18.666666666666668,AABaraaaaarDsAAD{Aata{dH}datauaaa{G}aau}AAs
CHEMBL685,2.9,COC(=O)Nc1nc2ccc(cc2[nH]1)C(=O)c3ccccc3,26.666666666666668,ABA{~B}Dardasaaa{aas{dH}r}A{~B}ataaaaat
CHEMBL179190,3.54,Fc1cc(ccc1C2=CCS(=O)(=O)CC2)N3C[C@H](Cn4nncc4F)OC3=O,16.0,Garaa{aaarAs~AAE{~B}{~B}AAs}DtA{A*H}{AduddaauG}BAt~B
CHEMBL1807850,2.35,C[C@@H]1CC[C@H](CC1)Oc2nc(N)c3ncn([C@@H]4O[C@H](C)[C@@H](O)[C@H]4O)c3n2,35.833333333333336,A{A**H}rAA{A*H}{AAr}Basda{D}atdad{{A**H}uB{A*H}{A}{A**H}{B}{A*H}uB}atds
CHEMBL205742,1.65,CC(C)CN1C(=O)N(C)C(=O)c2c1sc(Cc3ccnc4ccccc34)c2C(=O)N5CC[C@@H](O)C5,47.5,AA{A}ADrA{~B}D{A}A{~B}asarsa{Aataadauaaaaatu}asA{~B}DvAA{A**H}{B}Av
CHEMBL153064,0.87,CC(=O)C1=Cc2ccc(O)cc2OC1=O,60.5,AA{~B}Ar~Aasaaa{B}aasBAr~B
CHEMBL75821,2.14,C[C@@](O)(C(=O)Nc1ccc(cc1Cl)S(=O)(=O)NCCN2CCOCC2)C(F)(F)F,39.333333333333336,A{A**}{B}{A{~B}Daraaa{aarZ}E{~B}{~B}DAADsAABAAs}A{G}{G}G
CHEMBL50149,2.6,[O-][N+](=O)c1cccc2C(=O)C(=O)c3ccccc3c12,31.666666666666668,{BM}{DP}{~B}araaaasA{~B}A{~B}ataaaaatars
CHEMBL1934123,2.96,CC(=O)N[C@@H]1CC2(CCN(Cc3ccc4[nH]c5ccccc5c4c3)CC2)c6ccccc16,25.666666666666668,AA{~B}D{A**H}rAAs{AAD{Aataaau{dH}avaaaaavauat}AAs}awaaaaarw
CHEMBL512607,0.58,CC(C)(C)C(=O)N[C@H]1CCCCNC1=O,65.33333333333333,AA{A}{A}A{~B}D{A*H}rAAAADAr~B
CHEMBL1669157,2.4,Oc1cc(ccc1NC(=O)CN2CCOCC2)c3cccc4C(=O)C=C(Oc34)N5CCOCC5,35.0,Baraa{aaarDA{~B}ADsAABAAs}ataaaauA{~B}A~A{Batu}DvAABAAv
CHEMBL2177613,0.64,CCCSc1c(cnn1c2ccc(cc2)C(=O)O)C(=O)NC3CCCCC3,64.33333333333333,AAAEara{addrasaaa{aas}A{~B}B}A{~B}DAtAAAAAt
CHEMBL193610,2.58,Cc1ccc(cc1)c2c[nH]nn2,32.0,Aaraaa{aar}asa{dH}dds
CHEMBL1089518,0.14,CCCCOc1nc(N)c2NC(=O)N(Cc3cccc(CC(=O)O)c3)c2n1,72.66666666666667,AAAABarda{D}asDA{~B}D{Aataaaa{AA{~B}B}at}asdr
CHEMBL1527495,1.7,O=S(=O)(Nc1cccc2[nH]ncc12)c3cccs3,46.666666666666664,B~E{~B}{Daraaaas{dH}daars}ataaast
CHEMBL1951181,1.03,COc1cc(OC)c(cc1NC(=O)C)S(=O)(=O)NCc2ccccc2N3CCC(CO)CC3,57.833333333333336,ABaraa{BA}a{aarDA{~B}A}E{~B}{~B}DAasaaaaasDtAAA{AB}AAt
CHEMBL452273,0.87,COCCNCc1ccc(cc1)c2cc(C(=O)N)c(NC(=O)N)s2,60.5,ABAADAaraaa{aar}asaa{A{~B}D}a{DA{~B}D}ss
CHEMBL1934415,1.97,C[C@H](NC(=O)c1c(C)nn(C2CCCCC2)c1NS(=O)(=O)c3ccc(C)cc3)C(C)(C)C,42.16666666666667,A{A*H}{DA{~B}ara{A}dd{AsAAAAAs}arDE{~B}{~B}ataaa{A}aat}A{A}{A}A
CHEMBL243001,2.4,CC(C)N1CCC[C@H](CN2C(=Nc3ccc(Oc4ccc(F)cc4)cc3C2=O)C)C1,35.0,AA{A}DrAAA{A*H}{ADsA{~Dataaa{Bauaaa{G}aau}aatAs~B}A}Ar
CHEMBL594707,0.52,Nc1ccc2cn[nH]c2c1,66.33333333333333,Daraaasad{dH}asar
CHEMBL560241,3.41,Cc1cc(n[nH]1)c2ccc(Cl)c(c2)C(=O)NCC3(O)CCCCCC3,18.166666666666664,Aaraa{d{dH}r}asaaa{Z}a{as}A{~B}DAAt{B}AAAAAAt
CHEMBL2178735,3.44,Nc1ccc(cn1)C(=O)Nc2cccc(c2)c3nc(N4CCOCC4)c5oc6ncccc6c5n3,17.666666666666668,Daraaa{adr}A{~B}Dasaaaa{as}atda{DuAABAAu}avbawdaaaawavdt
CHEMBL1609717,3.1,Fc1ccc(CNC(=O)CCS(=O)(=O)c2ccc(Br)cc2)cc1,23.333333333333332,Garaaa{ADA{~B}AAE{~B}{~B}asaaa{X}aas}aar
CHEMBL238087,0.62,CC1(CC(=O)NC(=N1)N)c2ccccc2,64.66666666666667,AAr{AA{~B}DA{~Dr}D}asaaaaas
CHEMBL319165,3.4,CN(C)C(=O)[C@H](Cc1ccccc1)NC(=O)c2cc3ccccc3[nH]2,18.333333333333336,AD{A}A{~B}{A*H}{Aaraaaaar}DA{~B}asaataaaaat{dH}s
CHEMBL1087898,1.91,C[C@H](Nc1cncc(Nc2ncc(C)s2)n1)c3ncc(F)cn3,43.166666666666664,A{A*H}{Daradaa{Dasdaa{A}ss}dr}atdaa{G}adt
CHEMBL255170,3.4,Cc1ccc(Oc2ccc(Nc3ncnc4[nH]nc(OCCN5CCC(O)CC5)c34)cc2Cl)cn1,18.333333333333336,Aaraaa{Basaaa{Datdadau{dH}da{BAADvAAA{B}AAv}atu}aasZ}adr
CHEMBL2158824,2.31,OC(=O)c1ccc(cc1)N2CCC(CN3CCC(CC3)Oc4ccc(Cl)c(Cl)c4)CC2,36.5,BA{~B}araaa{aar}DsAAA{ADtAAA{AAt}Bauaaa{Z}a{Z}au}AAs
CHEMBL193233,-1.01,COc1ccc(cc1N2CC(=O)NS2(=O)=O)c3ccccc3,91.83333333333333,ABaraaa{aarDsAA{~B}DEs{~B}~B}ataaaaat
CHEMBL1945290,1.13,CCOc1ccccc1CNCc2cccc(CCNC[C@H](O)c3ccc(O)c4NC(=O)Sc34)c2,56.166666666666664,AABaraaaaarADAasaaaa{AADA{A*H}{B}ataaa{B}auDA{~B}Eatu}as
CHEMBL1072,-0.3,CCCCNc1cc(cc(c1Oc2ccccc2)S(=O)(=O)N)C(=O)O,80.0,AAAADaraa{aa{arBasaaaaas}E{~B}{~B}D}A{~B}B
CHEMBL1778630,1.38,OC(=O)COc1ccc(cc1c2ccccc2c3ccccc3)C(F)(F)F,52.0,BA{~B}ABaraaa{aarasaaaaasataaaaat}A{G}{G}G
CHEMBL1290078,0.64,Cc1nc(cs1)C(=O)N2CCCC3(CCN(Cc4ccc(Cl)cc4)CC3)C2,64.33333333333333,Aarda{asr}A{~B}DsAAAAt{AAD{Aauaaa{Z}aau}AAt}As
CHEMBL2151326,2.18,COc1cc(Nc2nc3c(cc2F)ncn3[C@@H](CO)c4ccc(F)cn4)n[nH]1,38.666666666666664,ABaraa{Dasdata{aasG}dadt{A**H}{AB}auaaa{G}adu}d{dH}r
CHEMBL1289575,2.79,CC1(CCN(CC1)C(=O)COCc2ccncc2)c3ccc(Cl)cc3,28.5,AAr{AAD{AAr}A{~B}ABAasaadaas}ataaa{Z}aat
CHEMBL2325737,2.4,NC1(CCN(CC1)c2ncnc3[nH]ccc23)C(=O)NC(CO)c4ccc(Cl)cc4,35.0,DAr{AAD{AAr}asdadat{dH}aaast}A{~B}DA{AB}auaaa{Z}aau
CHEMBL32066,1.68,CNC(=O)c1cccc(c1c2ccc(CC(C)C)cc2)S(=O)(=O)Nc3ncc(C)nc3OC,47.0,ADA{~B}araaaa{arasaaa{AA{A}A}aas}E{~B}{~B}Datdaa{A}datBA
CHEMBL14130,1.5,Oc1ccc(cc1)[N+](=O)[O-],50.0,Baraaa{aar}{DP}{~B}{BM}
CHEMBL1916267,1.52,CCC(CC)NC(=O)c1cnn(Cc2ccccc2)c1NS(=O)(=O)c3ccc(C)cc3,49.666666666666664,AAA{AA}DA{~B}aradd{Aasaaaaas}arDE{~B}{~B}ataaa{A}aat
CHEMBL187368,3.8,Oc1cccc2Oc3ccccc3C(=O)c12,11.66666666666667,BaraaaasBataaaaatA{~B}ars
CHEMBL216053,3.61,COc1cc2c(Nc3cc(CC(=O)Nc4cccc(F)c4F)[nH]n3)ncnc2cc1OCCCN(CCO)CC(C)C,14.833333333333336,ABaraasa{Dataa{AA{~B}Dauaaaa{G}auG}{dH}dt}dadasaarBAAAD{AAB}AA{A}A
CHEMBL169186,2.05,COc1cc2c(Nc3c(Cl)ccc4OCOc34)ncnc2cc1OCCCN5CCCCC5,40.833333333333336,ABaraasa{Data{Z}aaauBABatu}dadasaarBAAADvAAAAAv
CHEMBL1940107,2.36,COc1cc2ncnc(Oc3cnn(CC(=O)Nc4ccc(cn4)N(C)C)c3)c2cc1OC,35.666666666666664,ABaraasdada{Batadd{AA{~B}Dauaaa{adu}D{A}A}at}asaarBA
CHEMBL335759,3.6,C(Cn1c2CCCCc2c3c(nc(nc13)N4CCCC4)N5CCCC5)N6CCOCC6,14.999999999999998,A{AdrasAAAAasata{da{dart}DuAAAAu}DvAAAAv}DwAABAAw
CHEMBL2086657,2.93,CC(C)(C)OC(=O)N1CCN(CC1)c2ncc(OCc3ccc(cc3)S(=O)(=O)C)nn2,26.16666666666666,AA{A}{A}BA{~B}DrAAD{AAr}asdaa{BAataaa{aat}E{~B}{~B}A}dds
CHEMBL11084,0.68,CC(C)C(NC(=O)CN1C(=O)C(=CN=C1c2cccs2)N)C(=O)C(F)(F)F,63.666666666666664,AA{A}A{DA{~B}ADrA{~B}A{~AD~Arasaaass}D}A{~B}A{G}{G}G
CHEMBL1605804,0.31,Cc1ccnc2nc(nn12)C(=O)Nc3nccs3,69.83333333333334,Aaraadasda{ddrs}A{~B}Datdaast
CHEMBL402311,0.08,OC(=O)[C@H](Cc1ccc(cc1)N2CCN(CC2)c3ccccc3)NC(=O)c4c(Cl)cccc4Cl,73.66666666666667,BA{~B}{A*H}{Aaraaa{aar}DsAAD{AAs}ataaaaat}DA{~B}aua{Z}aaaauZ
CHEMBL472524,2.34,CCNC(=O)Nc1nc2cc(ccc2[nH]1)c3cccnc3,36.0,AADA{~B}Dardasaa{aaas{dH}r}ataaadat
CHEMBL1477036,2.93,CCCCC(CC)COC(=O)CC(C(=O)OCC(CC)CCCC)S(=O)(=O)O,26.16666666666666,AAAAA{AA}ABA{~B}AA{A{~B}BAA{AA}AAAA}E{~B}{~B}B
CHEMBL315157,3.04,CN1CCCC1CCOC(C)(c2ccccc2)c3ccc(Cl)cc3,24.333333333333332,ADrAAAArAABA{A}{asaaaaas}ataaa{Z}aat
CHEMBL235763,1.46,NC1=NC(CC(=O)N1)c2ccc(Cl)c(Cl)c2,50.666666666666664,DAr~DA{AA{~B}Dr}asaaa{Z}a{Z}as
CHEMBL1957366,3.45,Oc1c(C#N)c(nc2ccncc12)c3ccc(cc3)c4ccccc4OC(F)(F)F,17.499999999999996,Bara{A^D}a{dasaadaars}ataaa{aat}auaaaaauBA{G}{G}G
CHEMBL1623092,2.69,NCC(O)(c1ccc(Cl)cc1)c2ccc(Cl)cc2,30.166666666666668,DAA{B}{araaa{Z}aar}asaaa{Z}aas
CHEMBL438,-0.51,Cc1ccnc(NS(=O)(=O)c2ccc(N)cc2)n1,83.5,Aaraada{DE{~B}{~B}asaaa{D}aas}dr
CHEMBL1807832,0.83,O[C@@H](CNCCOCCCNCCc1cccc(Cl)c1)c2ccc(O)c3NC(=O)Sc23,61.166666666666664,B{A**H}{ADAABAAADAAaraaaa{Z}ar}asaaa{B}atDA{~B}East
CHEMBL134908,2.41,CN1CCC[C@@H]([C@H]1C(=O)Nc2ccc(OCc3cc(C)nc4ccccc34)cc2)C(=O)NO,34.833333333333336,ADrAAA{A**H}{{A*H}rA{~B}Dasaaa{BAataa{A}dauaaaaatu}aas}A{~B}DB
CHEMBL36643,2.43,COC(=O)COc1ccc(cn1)C(=O)Nc2ccc(F)cc2,34.49999999999999,ABA{~B}ABaraaa{adr}A{~B}Dasaaa{G}aas
CHEMBL1180194,0.8,CCC(N1NC(=O)c2nc3cc(Cl)ccc3c(O)c2C1=O)c4ccccn4,61.666666666666664,AAA{DrDA{~B}asdataa{Z}aaata{B}asAr~B}auaaaadu
CHEMBL2036733,3.42,Cc1cccc(Nc2oc(nn2)C(=O)Nc3ccc(nc3)N4CCOCC4)c1,18.0,Aaraaaa{Dasba{dds}A{~B}Dataaa{dat}DuAABAAu}ar
CHEMBL1835910,3.1,CCOC(=O)c1ccc(OCC2CN(C2)c3ccc(C)nn3)cc1,23.333333333333332,AABA{~B}araaa{BAAsAD{As}ataaa{A}ddt}aar
CHEMBL1779007,2.6,COc1cc(F)ccc1c2cncc(CNC3CCCCC3)c2,31.666666666666668,ABaraa{G}aaarasadaa{ADAtAAAAAt}as
CHEMBL1824376,1.78,Oc1cccc(NC(=O)c2ccc(OCCCN3CCCC3)cc2OCc4ccccn4)c1,45.333333333333336,Baraaaa{DA{~B}asaaa{BAAADtAAAAt}aasBAauaaaadu}ar
CHEMBL1081772,3.68,CC1CC(N(C(=O)C)c2ccccc2)c3ccccc3N1S(=O)(=O)c4ccccc4,13.666666666666664,AArAA{D{A{~B}A}asaaaaas}ataaaaatDrE{~B}{~B}auaaaaau
CHEMBL496929,3.85,OCCc1ccc(NC(=O)c2cc3cc(Cl)ccc3[nH]2)cc1,10.83333333333333,BAAaraaa{DA{~B}asaataa{Z}aaat{dH}s}aar
CHEMBL199147,3.21,CCN(C1CCN(CCC(c2ccc(F)cc2)c3ccc(F)cc3)CC1)C(=O)Cc4ccc(cc4)S(=O)(=O)C,21.5,AAD{ArAAD{AAA{asaaa{G}aas}ataaa{G}aat}AAr}A{~B}Aauaaa{aau}E{~B}{~B}A
CHEMBL15932,2.1,COc1cccc2[nH]ncc12,40.0,ABaraaaas{dH}daars
CHEMBL558748,2.65,Clc1ccc2ncccc2c1C(=O)NCC3CCCCC3,30.833333333333332,ZaraaasdaaaasarA{~B}DAAtAAAAAt
CHEMBL237889,2.7,CN1C(=O)C=C(CCc2ccc3ccccc3c2)N=C1N,29.999999999999996,ADrA{~B}A~A{AAasaaataaaaatas}D~ArD
