smiles,u0_atom,transformed_solubility,transformed_smiles
COCCN,-1262.44,47.98558574690004,ABAAD
C=C1CN2CC1C2,-1916.81,84.60148171359505,A~ArADsAArAs
CNCC(=O)OC,-1544.03,63.742222122744984,ADAA{~B}BA
C#CC(C)C(C)C,-1890.91,83.15222257039261,A^AA{A}A{A}A
CCC(O)CC#N,-1604.09,67.10293656833342,AAA{B}AA^D
ON=C1CCCN1,-1615.57,67.7453108912664,BD~ArAAADr
CC1NC1CCN,-1531.87,63.06179775280898,AArDArAAD
CC1CC1NC=N,-1659.62,70.21017055374008,AArAArDA~D
CC1=NN=C(C)C1,-1509.69,61.82069474909352,AAr~DD~A{A}Ar
CC1NN=CC1O,-1461.29,59.11242669770356,AArDD~AArB
CC1C=CC(=O)O1,-1419.65,56.782420878284626,AArA~AA{~B}Br
NC1CC1C1CO1,-1565.74,64.95702582926721,DArAArArABr
COC(=O)C1CC1,-1536.16,63.301848784636746,ABA{~B}ArAAr
C#CCN(C)[N][CH2],-1458.11,58.934486772013074,A^AAD{A}{D}{AHs}
CCC=CCOC,-1840.09,80.30854111643315,AAA~AABA
CNC1CCC1O,-1709.99,73.0286718295358,ADArAAArB
OCC1C=NOC1,-1568.62,65.11817896951518,BAArA~DBAr
CCC(O)[CH][N]O,-1505.83,61.60470477640001,AAA{B}{AH}{D}B
CC1CN1CCN,-1767.64,76.2545324320695,AArADrAAD
C#CC1CCNC1,-1909.79,84.20867093424057,A^AArAADAr
CCCC(C)=NN,-1784.25,77.1839607860692,AAAA{A}~DD
CNC(=O)C1CC1,-1609.38,67.39894355163615,ADA{~B}ArAAr
C#CC(CC)CO,-1692.83,72.06846770222481,A^AA{AA}AB
CCC(CO)=NN,-1583.0,65.92282555172568,AAA{AB}~DD
C=CC1CC1,-1306.46,50.4487667308295,A~AArAAr
C=C(CC)OC,-1550.87,64.12496083083396,A~A{AA}BA
C#CCC(=C)C=O,-1421.59,56.890975424146106,A^AAA{~A}A~B
C1NC2CC1C2,-1481.17,60.22483101302655,ArDAsAArAs
C1=COC2(CC2)O1,-1364.97,53.72274945163168,Ar~ABAs{AAs}Br
C=CCOC=C,-1403.46,55.876494023904385,A~AABA~A
ON=C1C=CCN1,-1524.08,62.62590089081874,BD~ArA~AADr
C#CC(O)C(=C)C,-1547.65,63.944782667084475,A^AA{B}A{~A}A
NCC1(N)CCC1,-1788.61,77.42792873450021,DAAr{D}AAAr
CN1N=CC2CC21,-1505.19,61.56889296745602,ADrD~AAsAAsr
CC1CCC2NC12,-1739.46,74.677693719504,AArAAAsDArs
C=CCCC=C,-1606.19,67.22044406643091,A~AAAA~A
C#CC#CCCC,-1588.99,66.25800170106093,A^AA^AAAA
C=CN1C=NCC1,-1531.07,63.017032991628994,A~ADrA~DAAr
Cc1occc1O,-1405.15,55.971059581897144,AarbaaarB
NC1CC2CC1N2,-1641.44,69.19289135592462,DArAAsAArDs
CC=CC1CNC1,-1614.22,67.66977035677516,AA~AArADAr
CC#CC1CCO1,-1546.75,63.894422310756966,AA^AArAABr
Cn1cccc1,-1379.4,54.53019383141592,Adraaaar
C#CC=C(C)C#C,-1455.46,58.78620350060433,A^AA~A{A}A^A
CCC(C#N)=CN,-1542.16,63.63758449348674,AAA{A^D}~AD
CCC(C)N(C)C,-2049.73,92.03914678365192,AAA{A}D{A}A
CC=CC=COC,-1708.19,72.92795111688079,AA~AA~ABA
CC#CC(C)=CC,-1759.05,75.77387080889923,AA^AA{A}~AA
C=C1CCNC1C,-1938.48,85.81404718205829,A~ArAADArA
CCC(CC)OC,-1983.72,88.34549442678724,AAA{AA}BA
CCC[CH][N]O,-1409.78,56.230135637226375,AAA{AH}{D}B
CCOC=CC=O,-1524.16,62.630377366936756,AABA~AA~B
CCN(C)C,-1459.29,59.00051479475356,AAD{A}A
C=CC1(N)CCC1,-1767.04,76.22095886118449,A~AAr{D}AAAr
CC1=CCC=CO1,-1590.23,66.32738708088992,AAr~AAA~ABr
CCNC=O,-1159.28,42.21316979273916,AADA~B
CCNCC(=O)O,-1555.53,64.38571556470747,AADAA{~B}B
NC1COCC1O,-1533.0,63.12502797797573,DArABAArB
C=CCCN,-1325.85,51.533752629929715,A~AAAD
O=C1C2CCC1C2,-1581.02,65.81203276780518,B~ArAsAAArAs
C=CC(=O)CC=O,-1390.9,55.173687273378405,A~AA{~B}AA~B
OC1CC=NNC1,-1284.54,49.222212274497515,BArAA~DDAr
C=C(C)C=C(C)C,-1909.99,84.21986212453557,A~A{A}A~A{A}A
C1=COCON=C1,-1230.57,46.20226957339183,Ar~ABABD~Ar
O=CCCN1CC1,-1438.29,57.82543981377859,B~AAADrAAr
CCC(C#N)C=O,-1466.92,59.42745870450781,AAA{A^D}A~B
C=C(C#N)C=CC,-1645.08,69.3965710192936,A~A{A^D}A~AA
CC(C)C#CC=O,-1564.2,64.87085366399572,AA{A}A^AA~B
CC(C)(C)C(N)=O,-1759.32,75.78897891579749,AA{A}{A}A{D}~B
C=C1CC=CC1=O,-1464.9,59.31442768252832,A~ArAA~AAr~B
CC=CC(N)CC,-1920.55,84.81075697211156,AA~AA{D}AA
C=C(CCC)OC,-1847.05,80.69799453869913,A~A{AAA}BA
N=C1CCCCN1,-1685.95,71.68349075607684,D~ArAAAADr
O=C1CC=COC1,-1397.03,55.51669725592014,B~ArAA~ABAr
C=CC(=O)C(N)=O,-1416.11,56.584336810063114,A~AA{~B}A{D}~B
COCC1CC1,-1540.48,63.543578495008724,ABAArAAr
C=C1CC2CC2C1,-1910.29,84.23664890997807,A~ArAAsAAsAr
CCC(=N)NC,-1509.69,61.82069474909352,AAA{~D}DA
CC#CCC(C)O,-1701.38,72.54689108733605,AA^AAA{A}B
NC1C2C=COC12,-1442.99,58.0884327857111,DArAsA~ABArs
CCC=C(C)CO,-1851.45,80.94420072518915,AAA~A{A}AB
COCC(C)(C)C,-1984.45,88.386342271364,ABAA{A}{A}A
CC1(C)NCC1O,-1718.05,73.47967679842428,AAr{A}DAArB
C=C1C=CCC1=C,-1659.96,70.2291955772416,A~ArA~AAAr~A
CCC1(O)CC1,-1552.41,64.21113299610548,AAAr{B}AAr
C=C1C=CC=C1C,-2062.1,92.73132190339763,A~ArA~AA~ArA
N#CCC=CCO,-1453.25,58.662540847844575,D^AAA~AAB
O=C1CNCCN1,-1910.33,84.23888714803705,B~ArADAADr
CC#CCC(C)=O,-1573.22,65.3755763463002,AA^AAA{A}~B
CC1=CN[C]([NH])S1,-1249.79,47.27774296074131,AAr~AD{A}{{DH}}Er
CC1CC2CN2C1,-1781.28,77.01777161018846,AArAAsADsAr
C#CC#CC1CN1,-1775.15,76.67476162764672,A^AA^AArADr
C1OCC1C1CO1,-1488.77,60.65009624423653,ArBAArArABr
CC(=O)NN(C)C,-1601.52,66.95912977304266,AA{~B}DD{A}A
CC1(N)CC(N)C1,-1679.81,71.33992121402032,AAr{D}AA{D}Ar
C#CC(=O)CC#N,-1298.51,50.00391691660325,A^AA{~B}AA^D
[NH][C]1CCCN1O,-1257.1,47.68678096602354,{DH}{A}rAAADrB
C=CCC(O)C=C,-1704.48,72.72035453690854,A~AAA{B}A~A
C#CC=CC(C)N,-1622.39,68.12693048032591,A^AA~AA{A}D
CC(C#N)CC#N,-1407.43,56.09863915126013,AA{A^D}AA^D
O=CCC1COC1,-1511.16,61.90294999776177,B~AAArABAr
CC(C)=NNC=O,-1476.44,59.9601593625498,AA{A}~DDA~B
CCNC1COC1,-1703.79,72.68174493039079,AADArABAr
CC=C(C)CO,-1555.85,64.40362146917946,AA~A{A}AB
CC(N)CC(C)O,-1870.48,82.00904248175837,AA{D}AA{A}B
NCC1OC=CO1,-1384.73,54.828439052777654,DAArBA~ABr
CC(=O)NCC=O,-1426.35,57.1573257531671,AA{~B}DAA~B
C=CC=C(C)CC,-1911.31,84.29372398048255,A~AA~A{A}AA
C#CC(O)[CH][N]N,-1935.64,85.6551322798693,A^AA{B}{AH}{D}D
O=CC1CC1CO,-1518.24,62.29911813420477,B~AArAArAB
CC1CNC1C#N,-1639.37,69.07706253637136,AArADArA^D
O=C1NC=CCN1,-1435.95,57.69450288732711,B~ArDA~AADr
NC(=O)C1CC1,-1315.91,50.97755047226824,DA{~B}ArAAr
C=CCNCC#N,-1520.29,62.4138278347285,A~AADAA^D
CC1(C)OC=NO1,-1384.49,54.81500962442366,AAr{A}BA~DBr
CC(O)C[CH][N]O,-1508.17,61.73564170285152,AA{B}A{AH}{D}B
C=CC(N)C(C)N,-1788.97,77.44807287703121,A~AA{D}A{A}D
Cn1sccc1=O,-1318.6,51.12807198173597,Adrsaaar~B
C=C1C=CC=CO1,-1452.95,58.64575406240209,A~ArA~AA~ABr
C=CC(N)C(C)C,-1917.23,84.62498321321456,A~AA{D}A{A}A
C=C1C=CC(O)C1,-1587.87,66.19533103540891,A~ArA~AA{B}Ar
CC1C(=O)CN1C,-1582.17,65.87638211200144,AArA{~B}ADrA
CC1(C)CCCC1,-2065.25,92.9075831505439,AAr{A}AAAAr
CNC(C)C=O,-1430.54,57.39178118984735,ADA{A}A~B
CC1=NOCC=C1,-1431.8,57.462285688705855,AAr~DBAA~Ar
CCC(C)C(C)N,-2062.0,92.72572630825015,AAA{A}A{A}D
C[CH][N]N1CC1,-1329.86,51.75813599534446,A{AH}{D}DrAAr
CCCC(=O)C=O,-1532.25,63.083061014369484,AAAA{~B}A~B
CC=C(C)CC#N,-1781.46,77.02784368145396,AA~A{A}AA^D
C#CC1CCOC1,-1559.03,64.58156139486996,A^AArAABAr
C=C(C)C(=C)CO,-1706.13,72.8126818568423,A~A{A}A{~A}AB
C[C]1O[N]N=C1C,-1327.39,51.61992479520123,A{A}rB{D}D~ArA
OC1C2C=CCC12,-1574.49,65.44664040467346,BArAsA~AAArs
CC=CCOC=O,-1533.23,63.13789784681498,AA~AABA~B
O=CN1CC=CC1,-1219.26,45.56940776220959,B~ADrAA~AAr
COC1CC1(C)O,-1637.22,68.95675724070013,ABArAAr{A}B
CC1CC(C)C1C,-2047.12,91.89310175030215,AArAA{A}ArA
ON=C1CCCO1,-1448.92,58.420251577957835,BD~ArAAABr
CN1CCOC=N1,-1455.56,58.79179909575182,ADrAABA~Dr
CC(C)(C)N,-1474.9,59.8739871972783,AA{A}{A}D
c1scc2c1CN2,-1142.8,41.291015712431175,arsaasarADs
CC=CN(C)C=O,-1608.06,67.32508169568915,AA~AD{A}A~B
O=CC#CC1CN1,-1408.72,56.17082232866288,B~AA^AArADr
CC#CCCC#N,-1921.19,84.84656878105555,AA^AAAA^D
NC1(C2CC2)CC1,-1767.71,76.25844934867273,DAr{AsAAs}AAr
C=C(CCN)OC,-1717.43,73.4449841085098,A~A{AAD}BA
CC1C=NOC1=O,-1264.07,48.07679394780429,AArA~DBAr~B
C=CC(=C)C1CC1,-1761.47,75.90928421146873,A~AA{~A}ArAAr
NCC1(CN)CO1,-1585.18,66.04480952594119,DAAr{AD}ABr
CC(C)=CC(C)C,-2052.19,92.1767984242804,AA{A}~AA{A}A
C1CC2CCN2C1,-1763.23,76.00776668606474,ArAAsAADsAr
CC(=O)C1CN1C,-1581.83,65.85735708849992,AA{~B}ArADrA
C=CCC(C)=O,-1427.01,57.19425668114061,A~AAA{A}~B
CC(=O)CCO,-1375.59,54.317001656296156,AA{~B}AAB
C=CCC[CH][N]O,-1524.76,62.66395093782176,A~AAA{AH}{D}B
[NH][C](C=O)N1CC1,-1487.85,60.59861676887953,{DH}{A}{A~B}DrAAr
C1OC2CC1C2,-1404.56,55.93804557052688,ArBAsAArAs
CN1CCCC1,-1631.67,68.64620171001388,ADrAAAAr
O=CC1CCN1,-1284.67,49.22948654818928,B~AArAADr
C[CH]C=C[N]OC,-1559.34,64.59890773982721,A{AH}A~A{D}BA
CC(C)=CC1CO1,-1698.66,72.39469089932406,AA{A}~AArABr
NC1CC2OC2C1,-1587.8,66.19141411880568,DArAAsBAsAr
CC(O)C#CC#N,-1292.58,49.67209812435651,AA{B}A^AA^D
CC#CC(C)(C)N,-1770.27,76.40169658444873,AA^AA{A}{A}D
CC1CCC2CC12,-1915.48,84.52706029813332,AArAAAsAArs
C#CCONC=O,-1395.1,55.40870226957339,A^AABDA~B
COC1C(N)C1O,-1504.16,61.51125833743678,ABArA{D}ArB
C1=NOCC2CC12,-1425.35,57.1013698016921,Ar~DBAAsAArs
C=CCOC=CC,-1700.88,72.51891311159855,A~AABA~AA
C1CC1N1CC1,-1462.74,59.193562827342326,ArAArDrAAr
CC1(C)CC1(C)C,-2046.51,91.85896861990241,AAr{A}AAr{A}A
CC(C)CC1CC1,-2044.96,91.77223689511617,AA{A}AArAAr
CCC1(C)CC1,-1750.74,75.30887685214199,AAAr{A}AAr
C=C(C#CC)C=O,-1427.61,57.2278302520256,A~A{A^AA}A~B
CCC(=NO)OC,-1503.28,61.46201710013878,AAA{~DB}BA
NC(=O)C1CCN1,-1474.37,59.84433054299654,DA{~B}ArAADr
C#CC=CCC#C,-1449.2,58.435919244370844,A^AA~AAA^A
CN1CC=CC1,-1486.28,60.5107659250638,ADrAA~AAr
CC1=CCON=C1,-1430.41,57.384506916155615,AAr~AABD~Ar
C=C(C)C[CH][N]N,-1638.51,69.02894041810288,A~A{A}A{AH}{D}D
O=Cc1ccoc1,-1272.84,48.56752764224002,B~Aaraabar
C=CC1CC=NN1,-1498.52,61.19566677111777,A~AArAA~DDr
C=CC1CCCC1,-1919.85,84.77158780607904,A~AArAAAAr
Nc1ccc(N)o1,-1350.59,52.91810286942118,Daraaa{D}br
OC1COC2CC12,-1511.28,61.909664711938774,BArABAsAArs
CC1CC(C)(C)C1,-2048.44,91.96696360624917,AArAA{A}{A}Ar
C=C(C)C1CN1,-1472.82,59.75759881821031,A~A{A}ArADr
C=CCC(=C)CN,-1774.48,76.63727114015848,A~AAA{~A}AD
C#CCC=CC=C,-1608.07,67.3256412552039,A^AAA~AA~A
CCc1cnon1,-1311.5,50.73078472626349,AAaradbdr
OC1CC1N1CC1,-1790.94,77.55830610143695,BArAArDrAAr
CNC(C)(C)C=O,-1726.13,73.93180088634227,ADA{A}{A}A~B
C=CC(C)(N)C=C,-1773.82,76.60034021218497,A~AA{A}{D}A~A
CNCC1(C)CC1,-1911.2,84.28756882582033,ADAAr{A}AAr
CC1OCC1O,-1351.42,52.964546309145454,AArBAArB
CNC(=S)N1CC1,-1110.11,39.461815658713455,ADA{~E}DrAAr
CN1CC(CO)C1,-1707.22,72.87367384395006,ADrAA{AB}Ar
Cc1c[nH]c(=O)s1,-1460.73,59.081091364877565,Aara{dH}a{~B}sr
NC1C2CCC1C2,-1785.36,77.24607189220646,DArAsAAArAs
Cc1cccn1C,-1456.53,58.84607636868258,AaraaadrA
O=Cc1ccco1,-1273.67,48.61397108196429,B~Aaraaabr
CC1C=CCN1C,-1152.05,41.80860826357492,AArA~AADrA
C=CC(C#N)=NO,-1176.23,43.16162317024039,A~AA{A^D}~DB
C=CCOC(C)=O,-1536.06,63.29625318948923,A~AABA{A}~B
CCCC=O,-1270.08,48.413089216169034,AAAA~B
C[CH][N]N1CCC1,-1620.97,68.0474730292314,A{AH}{D}DrAAAr
C1NC1CC1CO1,-1561.34,64.71081964277721,ArDArAArABr
CCC(C)[CH][N]O,-1706.0,72.80540758315054,AAA{A}{AH}{D}B
CCC1(CC)CC1,-2045.81,91.8197994538699,AAAr{AA}AAr
C1=NOCCNC1,-1426.12,57.144455884327854,Ar~DBAADAr
C1=COC=CC1,-1289.46,49.49751555575451,Ar~ABA~AAr
C=CC(C#N)CC,-1655.38,69.9729173194861,A~AA{A^D}AA
C#CC1=COCO1,-1214.63,45.310331706880355,A^AAr~ABABr
OC1C2COC1C2,-1500.15,61.28687497202203,BArAsABArAs
Cc1ccc(N)o1,-1480.15,60.16775594252205,Aaraaa{D}br
CC#CC1CNC1,-1621.72,68.08943999283765,AA^AArADAr
CCC(O)C(C)O,-1798.07,77.9572720354537,AAA{B}A{A}B
CNCCC(C)=O,-1733.0,74.31621827297552,ADAAA{A}~B
C=CC(=O)NC=N,-1350.11,52.89124401271319,A~AA{~B}DA~D
CC=CC1CN1C,-1762.37,75.95964456779622,AA~AArADrA
C=CC(C)C(C)N,-1917.92,84.66359281973232,A~AA{A}A{A}D
Nc1ccccc1,-1561.96,64.7455123326917,Daraaaaar
CC1CCCC1O,-1866.95,81.81151797305164,AArAAAArB
CC(O)C=CC=O,-1524.4,62.64380679529075,AA{B}A~AA~B
O=CNC1CCC1,-1554.85,64.34766551770446,B~ADArAAAr
[CH2][N]OC1CNC1,-1412.44,56.378978468149874,{AHs}{D}BArADAr
C#CCNC(N)=O,-1423.43,56.99393437486011,A^AADA{D}~B
C#CC(C)NC,-1458.86,58.97645373561932,A^AA{A}DA
CC=CC(C)C=O,-1719.99,73.58823134428579,AA~AA{A}A~B
CC1=CC2CC1O2,-1547.7,63.94758046465823,AAr~AAsAArBs
CNCC1CC1O,-1706.47,72.8317068803438,ADAArAArB
C=C1OCC2OC12,-1367.72,53.876628318187926,A~ArBAAsBArs
CN1CC1CC=O,-1577.09,65.59212587850844,ADrAArAA~B
CC1(C#N)COC1,-1450.81,58.526008326245574,AAr{A^D}ABAr
CC(C)OC(N)=O,-1573.35,65.38285061999194,AA{A}BA{D}~B
CC12CC1CCO2,-1713.77,73.24018532611129,AArsAArAABs
O=C1CCNCC1,-1239.22,46.68628855365057,B~ArAADAAr
C1=CC2OCC2C1,-1577.22,65.5994001522002,Ar~AAsBAAsAr
OCC=CCO,-1353.04,53.05519495053494,BAA~AAB
CC1=COCC1C,-1722.95,73.75386096065179,AAr~ABAArA
CC1=NOC(C)O1,-1386.37,54.92020681319665,AAr~DBA{A}Br
CC(=O)CC(C)O,-1673.87,71.00754286225882,AA{~B}AA{A}B
COc1cccs1,-1239.84,46.72098124356506,ABaraaasr
OC12CCOC1C2,-1511.66,61.93092797349927,BArsAABArAs
C=CC(C)NC,-1616.19,67.78000358118089,A~AA{A}DA
CC1(O)CC(O)C1,-1651.44,69.75245087067461,AAr{B}AA{B}Ar
CNC(C)CCN,-1927.05,85.17447065669906,ADA{A}AAD
CC1CC(C#N)N1,-1005.85,33.62784815793008,AArAA{A^D}Dr
C#CCC1CNC1,-1908.02,84.10962890012982,A^AAArADAr
[CH2][N]OC(C)(C)C,-1698.22,72.37007028067507,{AHs}{D}BA{A}{A}A
CC1CON=CN1,-1449.28,58.440395720488844,AArABD~ADr
NCC1(CN)CC1,-1786.22,77.29419401047495,DAAr{AD}AAr
CNCCOC,-1552.49,64.21560947222348,ADAABA
OC1C=CCC=C1,-1589.42,66.28206276019517,BArA~AAA~Ar
C#CC(C)N(C)C,-1747.68,75.13765164062852,A^AA{A}D{A}A
CC(C)CC#N,-1507.23,61.683043108465014,AA{A}AA^D
CCCCCC#N,-1802.11,78.18333407941269,AAAAAA^D
CCS(=O)(=O)NC,-1240.32,46.747840100273066,AAE{~B}{~B}DA
C#CCC(=O)CO,-1367.41,53.859281973230686,A^AAA{~B}AB
CC(C)C1(C)CO1,-1845.4,80.60566721876539,AA{A}Ar{A}ABr
CNCCOC=O,-1539.97,63.51504095975649,ADAABA~B
COCS(C)(=O)=O,-1796.01,77.8420027754152,ABAE{A}{~B}~B
N#CC1C=COC1,-1327.89,51.64790277093873,D^AArA~ABAr
C=CC(N)=CC#N,-1402.03,55.79647701329514,A~AA{D}~AA^D
CC(C)C#N,-1210.47,45.07755494874435,AA{A}A^D
COCC=CCN,-1710.52,73.05832848381753,ABAA~AAD
C#CC(C=C)CN,-1615.75,67.7553829625319,A^AA{A~A}AD
C#CC#CCCO,-1388.68,55.0494650611039,A^AA^AAAB
CC=CC#CCO,-1554.0,64.3001029589507,AA~AA^AAB
NCCOC1CC1,-1719.74,73.57424235641703,DAABArAAr
CC(C)(N)C1CO1,-1712.18,73.15121536326605,AA{A}{D}ArABr
C=COC=CCO,-1503.0,61.446349433725764,A~ABA~AAB
CCC(C)(C)OC,-1984.34,88.38018711670173,AAA{A}{A}BA
CCC(CN)CO,-1865.59,81.73541787904563,AAA{AD}AB
C=CC(C)C1CO1,-1695.59,72.2229061282958,A~AA{A}ArABr
CC(C)=C(C)C=O,-1725.26,73.88311920855902,AA{A}~A{A}A~B
CC(=O)C1NC1C,-1589.94,66.31115985496218,AA{~B}ArDArA
CCC=CCO,-1554.08,64.3045794350687,AAA~AAB
CC(N)C1CC1N,-1788.4,77.41617798469045,AA{D}ArAArD
CC1OC1C1CC1,-1696.59,72.2788620797708,AArBArArAAr
CS(=O)(=O)C1CN1,-1298.78,50.019025023501506,AE{~B}{~B}ArADr
C=C(C#N)CCC,-1658.95,70.17268006625186,A~A{A^D}AAA
C1=CC2CN2C1,-1343.76,52.53592372084695,Ar~AAsADsAr
CCN1CC=CC1,-1785.38,77.24719101123596,AADrAA~AAr
CC#CCNC=N,-1506.88,61.66345852544877,AA^AADA~D
CNC(C)CO,-1562.62,64.78244326066519,ADA{A}AB
O=C1C2C=CC1N2,-1322.1,51.32391781189847,B~ArAsA~AArDs
CC(C)NC(N)=S,-1563.53,64.83336317650746,AA{A}DA{D}~E
O=C1CCN=CN1,-1284.48,49.21885491740902,B~ArAAD~ADr
CC1(C)CNC1,-1614.97,67.7117373203814,AAr{A}ADAr
C=CC(=O)C=O,-1091.7,38.43166659205873,A~AA{~B}A~B
C=CC1NC1CO,-1189.09,43.88121670620887,A~AArDArAB
CC1=CC=CC1,-1493.29,60.90301714490353,AAr~AA~AAr
CC1CC2CC2C1,-1916.97,84.61043466583106,AArAAsAAsAr
CC1NC2CC1C2,-1762.81,75.98426518644521,AArDAsAArAs
CCC1C(C)N1C,-1651.87,69.77651192980885,AAArA{A}DrA
CC1C2N=CNC12,-1527.77,62.83237835176149,AArAsD~ADArs
CC1C(O)CN1C,-1710.06,73.03258874613904,AArA{B}ADrA
CC=C(C=O)C=O,-1392.18,55.2453108912664,AA~A{A~B}A~B
CC=CN(O)C=N,-1434.72,57.62567706701286,AA~AD{B}A~D
C#CC=CC#C,-1155.35,41.99326290344241,A^AA~AA^A
CCO[N][CH]CO,-1498.91,61.21748959219304,AAB{D}{AH}AB
CC=CC,-1160.57,42.28535297014191,AA~AA
CNCC(C)CN,-1926.0,85.11571690765031,ADAA{A}AD
COCCC(C)C,-1983.22,88.31751645104974,ABAAA{A}A
C=CCN(C)C=N,-1652.54,69.8140024172971,A~AAD{A}A~D
C=CC=C(C)CN,-1781.3,77.01889072921796,A~AA~A{A}AD
C#CC(C#C)CN,-1455.13,58.76773803661758,A^AA{A^A}AD
CCC=CC(C)N,-1657.63,70.09881821030486,AAA~AA{A}D
CNn1cccc1,-1525.31,62.694726711132994,ADdraaaar
CC1CC1N,-1324.08,51.43471059581898,AArAArD
C=C1C=COC1C,-1587.54,66.17686557142217,A~ArA~ABArA
CC1CC(N)C1C,-1446.98,58.311697032096326,AArAA{D}ArA
CC1(O)C=COC1,-1526.93,62.78537535252251,AAr{B}A~ABAr
CC(C)C,-1305.32,50.384976946147994,AA{A}A
Cc1csc(O)c1,-1269.84,48.399659787815025,Aarasa{B}ar
C#CCC(C)(C)N,-1763.56,76.02623215005147,A^AAA{A}{A}D
CC1(N)C=NOC1,-1446.43,58.2809212587851,AAr{D}A~DBAr
CCOC1(C)CC1,-1840.7,80.34267424683291,AABAr{A}AAr
CC1CCC=NO1,-1571.34,65.2703791575272,AArAAA~DBr
O=S1(=O)CCC1,-1123.86,40.23120999149469,B~Er{~B}AAAr
CNCS(C)(=O)=O,-1282.03,49.08176283629527,ADAE{A}{~B}~B
CC1C(C)C1(C)C,-2046.14,91.83826491785669,AArA{A}Ar{A}A
C#CCOCC,-1385.93,54.895586194547654,A^AABAA
C=CC(C)(O)CO,-1652.69,69.82239581001836,A~AA{A}{B}AB
CC(C)CC(C)N,-1768.35,76.29426115761672,AA{A}AA{A}D
CCC(=O)[CH][N]O,-1381.73,54.66057119835266,AAA{~B}{AH}{D}B
CC(N)C=CCN,-1791.17,77.5711759702762,AA{D}A~AAD
CCCNCC#N,-1665.73,70.55206141725233,AAADAA^D
C#CC[CH][N][N][CH2],-1340.23,52.3383992121402,A^AA{AH}{D}{D}{AHs}
C1=NN=CCOC1,-1300.46,50.1130310219795,Ar~DD~AABAr
C1=CCCC=CC1,-1546.91,63.90337526299298,Ar~AAAA~AAr
CC1C=COC1C,-1724.9,73.86297506602803,AArA~ABArA
CC(C)C=CCN,-1791.61,77.5957965889252,AA{A}A~AAD
NCC1CNC1,-1482.03,60.272953131295054,DAArADAr
C=CC=CCN,-1484.52,60.41228345046779,A~AA~AAD
CCN(C)[CH][N]O,-1572.45,65.33249026366445,AAD{A}{AH}{D}B
CC1OC=CC1N,-1597.15,66.71460226509691,AArBA~AArD
CNC(=O)N(C)C,-1624.5,68.24499753793813,ADA{~B}D{A}A
C#CC(N)C#CC,-1462.48,59.179014279958814,A^AA{D}A^AA
O=C1CCC=NN1,-1256.58,47.65768387125655,B~ArAAA~DDr
OC1CC2CC1C2,-1713.9,73.24745959980304,BArAAsAArAs
CC(C=O)CO,-1364.51,53.69700971395318,AA{A~B}AB
CNC(C)C1CO1,-1706.56,72.83674291597654,ADA{A}ArABr
C=CC=COC=C,-1564.26,64.87421102108422,A~AA~ABA~A
CCN[N][CH]CO,-1580.8,65.79972245848069,AAD{D}{AH}AB
C=C1OCC2NC12,-1439.59,57.8981825506961,A~ArBAAsDArs
C#CC=O,-667.28,14.682841667039705,A^AA~B
C=CC1CN1CC,-1762.39,75.96076368682576,A~AArADrAA
O=Cn1cccc1,-1478.95,60.10060880075206,B~Adraaaar
O=C1C2CNC1C2,-1792.38,77.63888267156095,B~ArAsADArAs
CC(C)(C)CC#N,-1918.61,84.70220242625007,AA{A}{A}AA^D
C=C(CO)CNC,-1716.5,73.39294507363803,A~A{AB}ADA
CC(O)C(C)O,-1504.27,61.51741349209902,AA{B}A{A}B
C[CH]C=C[N]NC,-1640.49,69.13973320202338,A{AH}A~A{D}DA
CCC(=N)NOC,-1569.66,65.1763731590492,AAA{~D}DBA
CC1C=NN2CC12,-1515.17,62.12733336317651,AArA~DDsAArs
CC1CNC(=O)O1,-1440.03,57.9228031693451,AArADA{~B}Br
O=CC1CCCN1,-1482.21,60.283025202560545,B~AArAAADr
O=CCNCCO,-1786.91,77.33280361699272,B~AADAAB
CC(C)=O,-980.82,32.227270692510864,AA{A}~B
CC1(N2CC2)CC1,-1755.67,75.58473969291374,AAr{DsAAs}AAr
NCC1(N)COC1,-1584.42,66.00228300282018,DAAr{D}ABAr
C=COC(=C)C=C,-1562.73,64.78859841532746,A~ABA{~A}A~A
[HH].[HH],-1322.88,51.367563454048984,{HH}!{HH}
C=COC1COC1,-1492.98,60.885670799946276,A~ABArABAr
OC1C=COC1,-1227.18,46.01257889789158,BArA~ABAr
O=CC1CN1,-988.51,32.6575719593536,B~AArADr
CC1COC1=O,-1246.47,47.091969201844314,AArABAr~B
CC1(CCN)CO1,-1715.47,73.3353104436188,AAr{AAD}ABr
C#CC(=O)C=C,-1123.24,40.1965173015802,A^AA{~B}A~A
C#CC(C)[CH][N]O,-1399.92,55.678409955682895,A^AA{A}{AH}{D}B
C=CC(C)(N)CO,-1722.86,73.74882492501904,A~AA{A}{D}AB
CC1C2C=NOC12,-1425.16,57.09073817091187,AArAsA~DBArs
CC1CC=NOC1,-1568.72,65.12377456466271,AArAA~DBAr
CC(C)OCCN,-1858.92,81.36219168270738,AA{A}BAAD
N#CC#CCC=O,-1406.19,56.02925377143113,D^AA^AAA~B
C#CCN1CC1C,-1515.35,62.137405434442,A^AADrAArA
CCC1CCOC1,-1860.65,81.45899547875912,AAArAABAr
C1C2CC3C1N3C2,-1660.86,70.2795559335691,ArAsAAtArDtAs
C1OCC2CC1O2,-1505.37,61.578965038721506,ArBAAsAArBs
OCC1(O)CCC1,-1650.0,69.6718743005506,BAAr{B}AAAr
CC#CC,-1010.86,33.908187474819826,AA^AA
O=CC1C=COC1,-1387.84,55.0024620618649,B~AArA~ABAr
NN=C1C=COC1,-1433.32,57.54733873494785,DD~ArA~ABAr
N#CCCC=O,-1174.94,43.08943999283764,D^AAAA~B
C1=CCOCCC1,-1715.65,73.34538251488429,Ar~AABAAAr
N#CC1CCCC1,-1675.41,71.09371502753034,D^AArAAAAr
CCC#C[CH][N]N,-1486.14,60.50293209185731,AAA^A{AH}{D}D
C1=NOCC2NC12,-1288.68,49.45386991360402,Ar~DBAAsDArs
C=COC(C)C,-1551.53,64.16189175880749,A~ABA{A}A
C[CH][N]OCC=O,-1364.76,53.71099870182193,A{AH}{D}BAA~B
OC1CCC2NC12,-1935.54,85.6495366847218,BArAAAsDArs
CC1(C)CC=NO1,-1578.82,65.68892967456019,AAr{A}AA~DBr
CCC#CCOC,-1685.32,71.64823850664757,AAA^AABA
C=CC=C(C)CO,-1710.94,73.08182998343705,A~AA~A{A}AB
C=C(C)C=CCC,-1912.62,84.3670262769148,A~A{A}A~AAA
C=CC(N)C1CC1,-1772.45,76.52368055866424,A~AA{D}ArAAr
Cc1ccn(C)c1,-1228.95,46.11162093200233,Aaraad{A}ar
[CH2]C(=C[N]O)OC,-1356.81,53.26614888759569,{AHs}A{~A{D}B}BA
C=CC(CN)CO,-1565.58,64.9480728770312,A~AA{AD}AB
CC(C)NC=N,-1510.68,61.87609114105378,AA{A}DA~D
C=CC#CC(C)=O,-1427.72,57.23398540668786,A~AA^AA{A}~B
C#CC(=C)COC,-1540.44,63.54134025694973,A^AA{~A}ABA
C=COCOC=C,-1497.87,61.15929540265901,A~ABABA~A
C=C1OCC=C1C,-1590.76,66.35704373517169,A~ArBAA~ArA
CC(C)=CCO,-1555.96,64.40977662384172,AA{A}~AAB
C1=NN2CCC2C1,-1507.4,61.69255562021577,Ar~DDsAAAsAr
CCCN1CCC1,-1906.49,84.02401629437307,AAADrAAAr
CC=CC1CC1O,-1698.66,72.39469089932406,AA~AArAArB
CC=C(C#N)OC,-1447.91,58.363736066968094,AA~A{A^D}BA
C=COC(C)=NN,-1445.52,58.23000134294283,A~ABA{A}~DD
NC1CCCC1,-1641.27,69.18337884417386,DArAAAAr
CN1C2CCCC21,-1774.48,76.63727114015848,ADrAsAAAAsr
CC1CN1[CH][N]O,-1418.77,56.73317964098662,AArADr{AH}{D}B
CC(=O)C1CC1,-1423.14,56.977707148932375,AA{~B}ArAAr
C1=CC2CC1O2,-1246.86,47.113792022919554,Ar~AAsAArBs
CCNC,-1168.84,42.74810868884014,AADA
C=CC1=NNCC1,-1661.44,70.3120103854246,A~AAr~DDAAr
CC(N)C1CCC1,-1916.69,84.59476699941807,AA{D}ArAAAr
CCN(C)CC#N,-1659.76,70.2180043869466,AAD{A}AA^D
C#CC(=C)CC,-1454.71,58.74423653699808,A^AA{~A}AA
C#CC(N)C(C)O,-1561.99,64.74719101123597,A^AA{D}A{A}B
C#CC(O)CC=C,-1546.37,63.87315904919646,A^AA{B}AA~A
C=CCCNC,-1615.42,67.73691749854515,A~AAADA
NN1CCCC1=O,-1912.05,84.33513138457407,DDrAAAAr~B
NC(=O)C#CCO,-1124.33,40.25750928868795,DA{~B}A^AAB
OC12CCCC1C2,-1719.32,73.55074085679753,BArsAAAArAs
Cn1nccc1O,-1347.17,52.72673351537671,AdrdaaarB
CNCC#CCN,-1628.06,68.44420072518913,ADAA^AAD
CCC(O)CO,-1501.14,61.34227136398229,AAA{B}AB
C=C(C)C=CCO,-1712.54,73.17135950579703,A~A{A}A~AAB
CCOC=CC#N,-1459.88,59.033528806123826,AABA~AA^D
CCNC1CC1O,-1709.38,72.99453869913604,AADArAArB
C=CC(=C)CN,-1482.23,60.28414432159004,A~AA{~A}AD
C=C(C=O)OCC,-1517.49,62.25715117059852,A~A{A~B}BAA
C[N][CH]N1CC1C,-1638.54,69.03061909664711,A{D}{AH}DrAArA
C#CC(N)CCC,-1760.89,75.87682975961326,A^AA{D}AAA
C#CC(=C)C(=C)C,-1609.65,67.4140516585344,A^AA{~A}A{~A}A
CCCC1CC1N,-1917.03,84.61379202291957,AAAArAArD
C=CCC=C(C)C,-1906.84,84.04360087738932,A~AAA~A{A}A
C#CCC(=C)C#N,-1346.96,52.71498276556695,A^AAA{~A}A^D
C=CC1C=COC1,-1575.19,65.48580957070594,A~AArA~ABAr
CC=CC(=O)NC,-1614.73,67.69830789202739,AA~AA{~B}DA
CCC#CC(N)=O,-1462.2,59.163346613545826,AAA^AA{D}~B
C#CC1CCCN1,-1916.77,84.59924347553606,A^AArAAADr
Cc1cc(O)sn1,-1643.1,69.28577823537312,Aaraa{B}sdr
C=C1C=NNC1,-1222.72,45.76301535431309,A~ArA~DDAr
C#CC1NC1C,-1317.17,51.04805497112674,A^AArDArA
CC1(C)NCC1N,-1653.82,69.88562603518511,AAr{A}DAArD
C1=COCCCO1,-1513.69,62.044518554993516,Ar~ABAAABr
C#CC(N)C1CC1,-1613.79,67.64570929764089,A^AA{D}ArAAr
CC#CC=O,-972.49,31.761157616724116,AA^AA~B
CC1NC(C)C1N,-1797.91,77.94831908321771,AArDA{A}ArD
CC(N)C1NC1C,-1786.63,77.31713595057971,AA{D}ArDArA
[NH][C](CO)N1CC1,-1205.43,44.795536953310354,{DH}{A}{AB}DrAAr
C=CC(C)N1CC1,-1762.82,75.98482474595998,A~AA{A}DrAAr
CC1(O)CNC1=O,-1411.95,56.35156005192712,AAr{B}ADAr~B
CN[N][CH]CC=O,-1446.08,58.26133667576883,AD{D}{AH}AA~B
CCC(C)(O)CO,-1797.88,77.94664040467345,AAA{A}{B}AB
CCCC(C)=O,-1573.23,65.37613590581493,AAAA{A}~B
COCC#CC=O,-1350.71,52.9248175835982,ABAA^AA~B
CCC(C)CO,-1696.04,72.24808630645956,AAA{A}AB
NCC1OCC1N,-1582.84,65.91387259948968,DAArBAArD
CC=CC(=O)NO,-1386.2,54.91069430144591,AA~AA{~B}DB
CC=CCO,-1258.46,47.76288106002955,AA~AAB
C1CC(C2CN2)O1,-1564.18,64.86973454496622,ArAA{AsADs}Br
CCN1CC(C)C1,-1908.86,84.15663189936882,AADrAA{A}Ar
CCC=CCNC,-1914.16,84.45319844218633,AAA~AADA
CCCC(O)CO,-1796.55,77.8722189892117,AAAA{B}AB
CCCS(C)(=O)=O,-1444.6,58.17852186758583,AAAE{A}{~B}~B
Nc1ccoc1O,-1272.93,48.57256367787278,DaraabarB
O=C1C2CCC1O2,-1374.64,54.26384350239493,B~ArAsAAArBs
NC1C=CC2CC12,-1646.43,69.47211155378487,DArA~AAsAArs
CC=CS([O])([O])O,-1376.59,54.372957607771156,AA~AE{{B}}{{B}}B
C=CC(=N)N(C)O,-1426.76,57.18026769327186,A~AA{~D}D{A}B
C=C(C)C(N)CO,-1724.16,73.82156766193654,A~A{A}A{D}AB
N#CC1C=NN=C1,-1120.81,40.06054433949595,D^AArA~DD~Ar
CC=C1C=CCC1,-1787.94,77.39043824701196,AA~ArA~AAAr
CC1(O)C(N)C1N,-1587.24,66.16007878597969,AAr{B}A{D}ArD
OC1CC=NOC1,-1360.8,53.48941313398093,BArAA~DBAr
O=c1cccco1,-1282.55,49.11085993106227,B~araaaabr
N#CCC1CCO1,-1453.65,58.68492322843458,D^AAArAABr
CC1OC1C(=N)N,-1466.69,59.41458883566857,AArBArA{~D}D
C=C(CC)C(C)N,-1919.0,84.72402524732532,A~A{AA}A{A}D
NCC1=COCC1,-1592.41,66.44937105510543,DAAr~ABAAr
CC1CNCC1N,-1744.84,74.97873673843951,AArADAArD
C#CC(CO)=NN,-1277.77,48.843390483011774,A^AA{AB}~DD
C#CC#CCC=O,-1255.13,47.57654774161781,A^AA^AAA~B
CCC(O)C1CC1,-1847.07,80.69911365772865,AAA{B}ArAAr
CCC1(O)CC1O,-1647.08,69.5084829222436,AAAr{B}AArB
C[CH][N]OCCN,-1569.1,65.14503782622319,A{AH}{D}BAAD
C=C1C=NN(C)C1,-1514.55,62.09264067326201,A~ArA~DD{A}Ar
O=C1C=CC(O)C1,-1404.67,55.94420072518914,B~ArA~AA{B}Ar
C=C(C#N)CNC,-1522.57,62.5414074040915,A~A{A^D}ADA
O=CC=CC1CC1,-1574.87,65.46790366623392,B~AA~AArAAr
C=C1CCC(O)C1,-1725.96,73.92228837459153,A~ArAAA{B}Ar
Cc1ccc(N)[nH]1,-1604.06,67.10125788978915,Aaraaa{D}{dH}r
CC(O)C=CC#N,-1461.35,59.115784054792066,AA{B}A~AA^D
C=CC,-861.73,25.56347643135324,A~AA
C#CC1C(N)C1O,-1418.74,56.73150096244237,A^AArA{D}ArB
C=C1CC(O)CO1,-1524.73,62.66227225927749,A~ArAA{B}ABr
O=CC1=CCOC1,-1392.02,55.2363579390304,B~AAr~AABAr
CCC#CCC=O,-1565.33,64.93408388916245,AAA^AAA~B
OC[CH]C=C[N]O,-1364.59,53.70148619007117,BA{AH}A~A{D}B
C#CCCC#CC,-1597.0,66.70620887237567,A^AAAA^AA
C1OC2CC1CO2,-1531.76,63.055642598146754,ArBAsAArABs
Cc1csnc1N,-1421.2,56.869152603070866,AarasdarD
C#C[CH][N]NCC,-1476.52,59.964635838667796,A^A{AH}{D}DAA
CC1CCCN1,-1637.38,68.96571019293613,AArAAADr
C=C1COC(C)C1,-1720.37,73.60949460584627,A~ArABA{A}Ar
C#CC(C)CC=O,-1559.65,64.61625408478446,A^AA{A}AA~B
C#CC(C=C)OC,-1534.11,63.18713908411299,A^AA{A~A}BA
C=CCCN(C)C,-1905.71,83.98037065222258,A~AAAD{A}A
[CH2][N]N1CC1CO,-1410.94,56.295044540937376,{AHs}{D}DrAArAB
C#CC1OCC1C,-1541.37,63.59337929182146,A^AArBAArA
C=C1CCC(=O)O1,-1414.66,56.503200680424385,A~ArAAA{~B}Br
CC(CN)CCO,-1862.12,81.54125072742735,AA{AD}AAB
CNC(C)(C)C#N,-1663.07,70.40321858632885,ADA{A}{A}A^D
COCCC1CC1,-1836.25,80.09367026276915,ABAAArAAr
C#CC(=O)NC=N,-1178.98,43.31550203679664,A^AA{~B}DA~D
NCc1ccoc1,-1469.08,59.548323559693806,DAaraabar
C#CCC#CC=C,-1447.48,58.339675007833826,A^AAA^AA~A
C=CCC(=C)CC,-1904.03,83.88636465374458,A~AAA{~A}AA
CNC(=N)C1CC1,-1659.71,70.21520658937285,ADA{~D}ArAAr
NC1CC=CCC1,-1800.9,78.11562737812794,DArAA~AAAr
C=CCOCCN,-1727.43,74.00454362325979,A~AABAAD
C=C(CO)OC,-1350.25,52.89907784591969,A~A{AB}BA
CCN(C)CC=O,-1719.24,73.54626438067953,AAD{A}AA~B
C=C[C]1C=N[N]S1,-1144.85,41.405725412954915,A~A{A}rA~D{D}Er
N#CCCC#N,-1112.08,39.57204888311921,D^AAAA^D
CNC1CC1(C)N,-1783.29,77.13024307265322,ADArAAr{A}D
C1C2OC3C1C3O2,-1378.05,54.45465329692466,ArAsBAtArAtBs
Oc1ccn(O)c1,-1116.01,39.79195577241595,Baraad{B}ar
C=CC#CC#N,-1053.94,36.31876986436278,A~AA^AA^D
C=COC=CCC,-1703.61,72.6716728591253,A~ABA~AAA
CC1=NNC(C)C1,-1423.21,56.98162406553561,AAr~DDA{A}Ar
On1cccc1,-1146.37,41.49077845919692,Bdraaaar
CCC1CNC1C,-1904.4,83.90706835579033,AAArADArA
C=C(CC)C1CO1,-1693.64,72.11379202291958,A~A{AA}ArABr
C=CC1C=CCC1,-1778.55,76.86501186266172,A~AArA~AAAr
OCC1CC=CC1,-1724.63,73.84786695912977,BAArAA~AAr
CC1CC(C=O)O1,-1510.34,61.857066117552264,AArAA{A~B}Br
CNC(C)C(=O)O,-1554.25,64.31409194681946,ADA{A}A{~B}B
CCC(C)(C)NC,-2055.72,92.37432293298714,AAA{A}{A}DA
C#CC(=O)N(C)O,-1216.53,45.41664801468284,A^AA{~B}D{A}B
N#CC(=O)C1CN1,-1316.15,50.99097990062224,D^AA{~B}ArADr
O=Cc1cccs1,-1369.09,53.95328797170867,B~Aaraaasr
[CH2]C=C[N]OC,-1259.54,47.82331348762255,{AHs}A~A{D}BA
CCC(=O)COC,-1656.28,70.02327767581362,AAA{~B}ABA
CC(=O)C=CN,-1313.99,50.870115045436236,AA{~B}A~AD
OCCCC1CO1,-1641.43,69.19233179640987,BAAAArABr
CN1CCO[C]1[NH],-1480.05,60.16216034737455,ADrAAB{A}r{DH}
CS(=O)(=O)C1CC1,-1417.75,56.67610457048212,AE{~B}{~B}ArAAr
CC1CC1CO,-1551.39,64.15405792560098,AArAArAB
NCC(N)C1CC1,-1787.53,77.36749630690721,DAA{D}ArAAr
CC1(O)CCOC1,-1665.52,70.54031066744258,AAr{B}AABAr
C#CCC(=O)C#N,-1156.77,42.07272035453691,A^AAA{~B}A^D
C=CN(C=O)C=O,-1280.55,48.998948028112274,A~AD{A~B}A~B
NC=C(C=O)CO,-1276.17,48.753860960651785,DA~A{A~B}AB
C1=NOC2CC1C2,-1414.7,56.50543891848337,Ar~DBAsAArAs
C1=NOCOCC1,-1361.56,53.53193965710193,Ar~DBABAAr
NC(C=O)=CC=O,-1403.57,55.88264917856664,DA{A~B}~AA~B
CCNC(C)(C)C,-2058.97,92.55617977528088,AADA{A}{A}A
CC1(C)CCC1=O,-1726.57,73.95642150499127,AAr{A}AAAr~B
NC1=CC(=O)C=C1,-1339.76,52.312099914946955,DAr~AA{~B}A~Ar
OCC#CC1CN1,-1328.7,51.69322709163347,BAA^AArADr
CC([CH][N]O)CN,-1576.15,65.53952728412195,AA{{AH}{D}B}AD
O=C1C=COCC1,-1405.83,56.009109628900134,B~ArA~ABAAr
C#CC#CCC#C,-1283.19,49.14667174000627,A^AA^AAA^A
CC1(N)COC1,-1418.76,56.73262008147187,AAr{D}ABAr
Cc1ccc(C)[nH]1,-1477.58,60.02394914723129,Aaraaa{A}{dH}r
C=CC(O)COC,-1640.22,69.12462509512513,A~AA{B}ABA
OCC1=NNCC1,-1246.66,47.10260083262457,BAAr~DDAAr
C#CCOC(=N)N,-1611.74,67.53099959711716,A^AABA{~D}D
C1OCC2(CC2)O1,-1508.99,61.781525583061025,ArBAAs{AAs}Br
C#Cc1ccsn1,-1146.75,41.51204172075742,A^Aaraasdr
CC1C(C)C1CO,-1846.85,80.68680334840413,AArA{A}ArAB
CC(=O)NC(C)C,-1758.24,75.72854648820449,AA{~B}DA{A}A
C=CC(C)(C)C#N,-1920.97,84.83425847173106,A~AA{A}{A}A^D
NC1C(O)C1CO,-1519.19,62.352276288106005,DArA{B}ArAB
CC(C)C(C)C#N,-1802.17,78.18669143650119,AA{A}A{A}A^D
CC1(CCO)CN1,-1715.39,73.33083396750081,AAr{AAB}ADr
NCC1CO1,-1118.53,39.932964770132955,DAArABr
O=CC1CCCO1,-1529.28,62.91687183848875,B~AArAAABr
OCC1NCC1O,-1389.73,55.10821881015265,BAArDAArB
CC(C)C(=O)C#N,-1467.66,59.46886610859932,AA{A}A{~B}A^D
C=C(CCO)OC,-1648.5,69.5879403733381,A~A{AAB}BA
C[CH][N]OCOC,-1491.69,60.81348762254354,A{AH}{D}BABA
CC(C)N(C)C=O,-1745.44,75.0123103093245,AA{A}D{A}A~B
CC1C=CC(C)C1,-1924.83,85.05024844442454,AArA~AA{A}Ar
CC1CNC1,-1316.14,50.990420341107495,AArADAr
CON=C(C)C#N,-1305.65,50.40344241013475,ABD~A{A}A^D
CC1(C)CC1N,-1622.21,68.1168584090604,AAr{A}AArD
CC1CC1NC=O,-1604.22,67.11021084202517,AArAArDA~B
CC1CC(C=O)N1,-1582.53,65.89652625453245,AArAA{A~B}Dr
CC1CC(CN)N1,-1425.78,57.12543086082636,AArAA{AD}Dr
C1=CC2CC1CO2,-1581.59,65.84392766014594,Ar~AAsAArABs
C1=CC=COC=C1,-1437.73,57.79410448095259,Ar~AA~ABA~Ar
CN(C)C=CC=O,-1593.4,66.50476744706567,AD{A}A~AA~B
Nc1ccoc1,-1174.72,43.07712968351314,Daraabar
CC(O)C(N)CO,-1669.35,70.75462196159184,AA{B}A{D}AB
C1CC1CN1CC1,-1758.43,75.73917811898475,ArAArADrAAr
OCC1=CCC=C1,-1587.86,66.19477147589419,BAAr~AAA~Ar
C=CC1CN1[CH][NH],-1475.49,59.907001208648566,A~AArADr{AH}{DH}
C1CN2CC1C2,-1472.0,59.7117149380008,ArADsAArAs
C=CC(O)CC#N,-1465.83,59.36646671740006,A~AA{B}AA^D
C=C(CC)COC,-1839.52,80.2766462240924,A~A{AA}ABA
[CH2][N]N(CC)CC,-1763.37,76.01560051927122,{AHs}{D}D{AA}AA
C=CC1CC1OC,-1689.15,71.86254980079681,A~AArAArBA
N[N][CH]CCCO,-1443.77,58.132078427861586,D{D}{AH}AAAB
OCC1CN1,-1120.22,40.0275303281257,BAArADr
CC1OC1[CH][N]O,-1359.52,53.41778951609294,AArBAr{AH}{D}B
C=C(CO)C(C)=O,-1529.06,62.90456152916424,A~A{AB}A{A}~B
C=CCCC(=O)O,-1540.74,63.55812704239224,A~AAAA{~B}B
C#C[CH][N]NC,-1177.65,43.241080621334895,A^A{AH}{D}DA
C=CCCOC=C,-1700.9,72.52003223062805,A~AAABA~A
CC1COS1([O])[O],-1573.34,65.3822910604772,AArABEr{{B}}{B}
C=C1OC2CC1C2,-1558.4,64.54630914544072,A~ArBAsAArAs
Cc1cnoc1C,-1461.79,59.14040467344106,AaradbarA
C=CCC1CC1N,-1773.13,76.56173060566722,A~AAArAArD
Nn1cccc1,-1231.06,46.229687989614575,Ddraaaar
CC1(N)CCNC1,-1776.14,76.73015801960699,AAr{D}AADAr
C=CC#CC(=O)O,-1243.97,46.952079323156816,A~AA^AA{~B}B
CCN1CC(=O)C1,-1584.2,65.98997269349569,AADrAA{~B}Ar
CCN(C=N)C=O,-1487.8,60.59581897130579,AAD{A~D}A~B
CC=CC(C)=O,-1433.53,57.559089484757614,AA~AA{A}~B
CCC(C)(C)N,-1768.93,76.32671560947225,AAA{A}{A}D
COCCC1CN1,-1704.5,72.72147365593804,ABAAArADr
C#CC(C#N)C=O,-1326.49,51.56956443887372,A^AA{A^D}A~B
CCC(CO)NC,-1858.93,81.36275124222215,AAA{AB}DA
NC1(CO)CCC1,-1716.37,73.38567079994627,DAr{AB}AAAr
C=CCCC(=C)C,-1904.94,83.93728456958682,A~AAAA{~A}A
C1=COC=COC1,-1372.16,54.125072742736926,Ar~ABA~ABAr
CC=C1CCCO1,-1724.38,73.83387797126103,AA~ArAAABr
CC(C#N)=CN,-1246.59,47.0986839160213,AA{A^D}~AD
C=CC(=O)C(C)O,-1528.38,62.86651148216124,A~AA{~B}A{A}B
CN1CC=CC=N1,-1513.2,62.01710013877077,ADrAA~AA~Dr
CCC(N)C(C)N,-1934.81,85.60868884014502,AAA{D}A{A}D
[NH][CH]N1CC1CO,-1382.22,54.68798961457541,{DH}{AH}DrAArAB
COC=C(C)CN,-1716.02,73.36608621693004,ABA~A{A}AD
N[N][CH]CC1CO1,-1557.4,64.49035319396572,D{D}{AH}AArABr
N=C1CCCON1,-1447.01,58.31337571064059,D~ArAAABDr
CC(N)CCCN,-1934.27,85.57847262634854,AA{D}AAAD
CC1=CC(=O)CC1,-1610.53,67.46329289583241,AAr~AA{~B}AAr
CN=c1[nH]cco1,-1339.2,52.28076458212096,AD~ar{dH}aabr
CCCCNC,-1760.25,75.84101795066924,AAAADA
CCN1CC1C=O,-1577.91,65.63800975871796,AADrAArA~B
C=C1CC=CCO1,-1580.61,65.78909082770043,A~ArAA~AABr
OCC1C=NNC1,-1253.78,47.501007207126555,BAArA~DDAr
C#CCOCOC,-1477.23,60.004364564215045,A^AABABA
C1=CC2CNC2C1,-1643.1,69.28577823537312,Ar~AAsADAsAr
C=C(C)C1CC1C,-1519.39,62.36346747840102,A~A{A}ArAArA
C=CC1CCCO1,-1716.04,73.36720533595954,A~AArAAABr
CC1=CCCO1,-1430.25,57.3755539639196,AAr~AAABr
CN1C=NCCO1,-1437.4,57.77563901696585,ADrA~DAABr
C=C1CON=C1C,-1440.01,57.921684050315605,A~ArABD~ArA
[CH]1O[CH][C]2OC[C]12,-1200.23,44.50456600564036,{AH}rB{AH}{A}sBA{A}rs
OCC1(CO)CN1,-1372.49,54.14353820672367,BAAr{AB}ADr
C=CC1CC1N,-1475.9,59.9299431487533,A~AArAArD
C[C](N)C=C[N]O,-1449.31,58.442074399033075,A{A}{D}A~A{D}B
CCC[N][CH]NO,-1571.21,65.26310488383545,AAA{D}{AH}DB
C#Cc1ccc[nH]1,-1909.97,84.21874300550607,A^Aaraaa{dH}r
CC12CCCC1O2,-1720.63,73.62404315322978,AArsAAAArBs
O=C1C=CCON1,-1270.7,48.447781906083534,B~ArA~AABDr
C1CN2CCC1C2,-1795.54,77.81570347822195,ArADsAAArAs
N#CC1C=NOC1,-1176.75,43.190720265007386,D^AArA~DBAr
CC#CCC=CC,-1754.98,75.54613008639599,AA^AAA~AA
C=CC=CC#N,-1224.22,45.84694928152559,A~AA~AA^D
O=C1CC=CCN1,-1244.44,46.978378620350064,B~ArAA~AADr
O=C1CCCCO1,-1553.66,64.28107793544923,B~ArAAAABr
C#Cc1cccs1,-1144.88,41.40740409149918,A^Aaraaasr
NCCC1CCN1,-1784.1,77.17556739334795,DAAArAADr
CC1(CO)CCN1,-1716.03,73.36664577644478,AAr{AB}AADr
CC1CCC1,-1453.11,58.65470701463808,AArAAAr
C#CC(C)(N)C#C,-1457.1,58.87797126102332,A^AA{A}{D}A^A
CCCCC(C)N,-2063.98,92.83651909217065,AAAAA{A}D
CCC(C)C1CC1,-2044.71,91.75824790724742,AAA{A}ArAAr
C#CCN[N][CH]C,-1476.28,59.951206410313816,A^AAD{D}{AH}A
C1CC1OC1CC1,-1687.28,71.75791217153858,ArAArBArAAr
CC(C)(C)CCO,-1991.66,88.78978468149874,AA{A}{A}AAB
NC1C=COC1=O,-1280.75,49.010139218407275,DArA~ABAr~B
CC=COCCC,-1847.7,80.73436590715791,AA~ABAAA
CC1CCC(C)O1,-1866.88,81.80760105644836,AArAAA{A}Br
COc1cnoc1,-1243.33,46.91626751421281,ABaradbar
CC1(O)CCCC1,-1869.61,81.96036080397512,AAr{B}AAAAr
C#CCONC=N,-1315.23,50.93950042526524,A^AABDA~D
CC1=CN[C]([NH])C1,-1673.28,70.97452885088859,AAr~AD{A}{{DH}}Ar
C=CC(C=O)=NO,-1655.63,69.98690630735486,A~AA{A~B}~DB
CC(=CCN)CN,-1791.28,77.57733112493845,AA{~AAD}AD
O=C1OC2CC1C2,-1385.39,54.86536998075116,B~ArBAsAArAs
C1CNCCNC1,-1794.29,77.7457585388782,ArADAADAr
C=COC(=O)C=C,-1393.37,55.31189847352164,A~ABA{~B}A~A
C=C(CN)C1CC1,-1771.22,76.45485473834998,A~A{AD}ArAAr
C1CC(N2CC2)C1,-1756.36,75.6233492994315,ArAA{DsAAs}Ar
CC#CCO,-1104.19,39.13055642598147,AA^AAB
C=C1CCCNC1,-1271.38,48.48583195308654,A~ArAAADAr
COC(=O)N1CC1,-1396.15,55.46745601862215,ABA{~B}DrAAr
CC(C)(O)CC#N,-1605.88,67.20309772147365,AA{A}{B}AA^D
C1CC(C2CN2)C1,-1765.89,76.15660951698825,ArAA{AsADs}Ar
C=C(C=CC)CO,-1710.69,73.06784099556829,A~A{A~AA}AB
N#CCOC1CC1,-1721.82,73.69063073548503,D^AABArAAr
C#CC(C#C)=CC,-1450.99,58.53608039751109,A^AA{A^A}~AA
NC1(CO)COC1,-1515.64,62.15363266036978,DAr{AB}ABAr
C=CC1CC1C,-1603.59,67.07495859259592,A~AArAArA
C=C1CC=C(C)O1,-1590.04,66.31675545010967,A~ArAA~A{A}Br
CN1CC1C#N,-1217.97,45.497224584806844,ADrAArA^D
C=CC1=NOCC1,-1436.41,57.72024262500561,A~AAr~DBAAr
CC#CC1CC1C,-1753.26,75.449885849859,AA^AArAArA
NCc1ccc[nH]1,-1551.59,64.16524911589597,DAaraaa{dH}r
C1=CCCNN=C1,-1519.13,62.34891893101751,Ar~AAADD~Ar
NC1COC1CO,-1514.97,62.11614217288152,DArABArAB
[CH2][N]NC1CCC1,-1625.21,68.28472626348538,{AHs}{D}DArAAAr
C#CCCO,-1099.93,38.89218407269797,A^AAAB
CC1=CCC(N)C1,-1275.43,48.71245355656028,AAr~AAA{D}Ar
CC1OCC1(C)C,-1846.74,80.68064819374189,AArBAAr{A}A
[CH2][N]NC1CC1C,-1624.28,68.23268722861364,{AHs}{D}DArAArA
CCOC=CCN,-1718.67,73.51436948833879,AABA~AAD
C=CC(=NN)OC,-1442.47,58.0593356909441,A~AA{~DD}BA
CCc1ccco1,-1602.58,67.01844308160615,AAaraaabr
C=CCC1CO1,-1400.01,55.68344599131564,A~AAArABr
CC#CCC=O,-1269.98,48.40749362102154,AA^AAA~B
Cn1[nH]ccc1=O,-1345.19,52.6159407314562,Adr{dH}aaar~B
C=CC(C)C1CC1,-1900.22,83.67317247862483,A~AA{A}ArAAr
C#CC1C(C)N1C,-1459.06,58.98764492591432,A^AArA{A}DrA
C=C(C)C(N)=O,-1322.1,51.32391781189847,A~A{A}A{D}~B
CCNC(C)C,-1763.55,76.02567259053673,AADA{A}A
[CH2][N][N][C](C)CO,-1446.64,58.292672008594856,{AHs}{D}{D}{A}{A}AB
CC(=N)NC(C)=O,-1500.0,61.27848157930077,AA{~D}DA{A}~B
CC(N)(CN)CO,-1735.5,74.45610815166302,AA{D}{AD}AB
O=S1(=O)C=CCC1,-1308.09,50.53997493173373,B~Er{~B}A~AAAr
C=CN=C(C)NO,-1432.78,57.517122521151364,A~AD~A{A}DB
CC(C)=C(C)C,-1755.17,75.55676171717624,AA{A}~A{A}A
C=CCC=CCC,-1904.81,83.93001029589506,A~AAA~AAA
CN1CC(C=O)C1,-1573.47,65.38956533416895,ADrAA{A~B}Ar
C=CC1CCN1C,-1760.18,75.83710103406601,A~AArAADrA
CCCC1(C)CN1,-1612.44,67.57016876314965,AAAAr{A}ADr
CC1=NN=CC1,-1230.06,46.173732038139576,AAr~DD~AAr
[CH2]C(C=O)=C[N]O,-1373.73,54.21292358655267,{AHs}A{A~B}~A{D}B
CCC1C(O)C1O,-1645.35,69.41167912619186,AAArA{B}ArB
CCC1CCN1C,-1766.74,76.20417207574198,AAArAADrA
NC1C2CNC1C2,-1649.46,69.6416580867541,DArAsADArAs
COC(=O)C(C)C,-1680.8,71.39531760598058,ABA{~B}A{A}A
C=CC1(C)CCC1,-1251.02,47.34656878105556,A~AAr{A}AAAr
C=Cc1ccco1,-1460.22,59.05255382962533,A~Aaraaabr
C=C(CC)C(C)C,-2048.01,91.94290254711491,A~A{AA}A{A}A
CC1(CO)CNC1,-1711.15,73.0935807332468,AAr{AB}ADAr
CC1=CCCC1N,-1473.59,59.80068490084606,AAr~AAAArD
CC1(C)C=NOC1,-1574.56,65.45055732127669,AAr{A}A~DBAr
C=C1C=CCC=C1,-1653.5,69.8677201307131,A~ArA~AAA~Ar
CC=C(C=O)CO,-1527.34,62.80831729262725,AA~A{A~B}AB
CC([CH][N]O)CO,-1507.79,61.71437844129101,AA{{AH}{D}B}AB
C#CC1OC1C,-1246.32,47.08357580912306,A^AArBArA
C=CCC(N)CO,-1723.32,73.77456466269753,A~AAA{D}AB
Nn1cccc1O,-1344.54,52.579569362997454,DdraaaarB
C=NNC=CC=O,-1319.09,51.15549039795872,A~DDA~AA~B
Cc1c[nH]cc1C,-1553.34,64.26317203097722,Aara{dH}aarA
CC1=CC2CC1N2,-1617.73,67.86617574645238,AAr~AAsAArDs
CC(C)(O)CCO,-1799.1,78.01490666547292,AA{A}{B}AAB
CCC1CC1OC,-1834.45,79.99294955011418,AAArAArBA
C=CC(C)N(C)C,-1905.03,83.94232060521958,A~AA{A}D{A}A
C=C(C)CCOC,-1840.96,80.3572227942164,A~A{A}AABA
O=CN1CC1CO,-1421.14,56.865795245982376,B~ADrAArAB
CC1OCCC1N,-1735.08,74.4326066520435,AArBAAArD
C=CC(C)CC,-1751.31,75.34077174448274,A~AA{A}AA
[CH2]C=C[N]NCC,-1639.68,69.09440888132863,{AHs}A~A{D}DAA
CNc1ccc[nH]1,-1546.86,63.900577465419225,ADaraaa{dH}r
C1CC1C1COC1,-1693.51,72.10651774922782,ArAArArABAr
Cc1c[nH]oc1=N,-1319.98,51.205291194771476,Aara{dH}bar~D
CC(C)(O)[CH][N]N,-1584.95,66.03193965710194,AA{A}{B}{AH}{D}D
C=COCCOC,-1635.75,68.87450199203187,A~ABAABA
C=C(C)C(O)CN,-1723.47,73.78295805541877,A~A{A}A{B}AD
CCCCCCN,-1507.77,61.713259322261514,AAAAAAD
CCC1(CN)CO1,-1715.42,73.33251264604503,AAAr{AD}ABr
CCCNC(N)=O,-1639.68,69.09440888132863,AAADA{D}~B
C1=CC2C=CC1N2,-1497.17,61.12012623662653,Ar~AAsA~AArDs
Cc1cnsc1C,-1227.02,46.003625945655585,AaradsarA
CC(C)=CC=O,-1429.87,57.35429070235909,AA{A}~AA~B
C#CC(O)C#CC,-1391.47,55.20558216571915,A^AA{B}A^AA
C1C2NC2C2NC12,-1500.31,61.29582792425802,ArAsDAsAsDArs
NCC#CC(N)=O,-1632.8,68.70943193518063,DAA^AA{D}~B
C=CC(C)=NN,-1343.91,52.54431711356821,A~AA{A}~DD
C=Cc1ccsc1,-1143.79,41.346412104391426,A~Aaraasar
CC1CC=CCC1,-1920.19,84.79061282958055,AArAA~AAAr
N[N][CH]C1CC1,-1336.05,52.10450333497471,D{D}{AH}ArAAr
CC(O)S(C)(=O)=O,-1413.76,56.452840324096876,AA{B}E{A}{~B}~B
NN1CC=CC1=O,-1327.67,51.63559246161423,DDrAA~AAr~B
C=C(C)C1CCN1,-1746.44,75.0682662607995,A~A{A}ArAADr
C1=NOC2(C1)CC2,-1426.2,57.14893236044586,Ar~DBAs{Ar}AAs
CN1CC1C1CN1,-1626.8,68.37369622633064,ADrAArArADr
C=C(CN)CCC,-1919.51,84.75256278257756,A~A{AD}AAA
CC(C)C1CC1,-1750.35,75.28705403106673,AA{A}ArAAr
CC(=O)CNC=O,-1425.91,57.13270513451812,AA{~B}ADA~B
O=CC=CCO,-1225.26,45.90514347105958,B~AA~AAB
CC1COCC1N,-1732.56,74.29159765432651,AArABAArD
C#CCCCN,-1466.18,59.38605130041633,A^AAAAD
NC1CCC2NC12,-1653.13,69.84701642866736,DArAAAsDArs
CC1NC(C)C1=O,-1592.66,66.46336004297419,AArDA{A}Ar~B
C=COC(=C)CN,-1780.03,76.94782667084472,A~ABA{~A}AD
CC1(O)CC1(C)O,-1652.25,69.79777519136935,AAr{B}AAr{A}B
COC1CC=NO1,-1365.72,53.76471641523793,ABArAA~DBr
C=C(C)C(C)C=O,-1718.83,73.52332244057477,A~A{A}A{A}A~B
C=CC(C)OC,-1543.96,63.73830520614173,A~AA{A}BA
CC1=COCO1,-1221.82,45.71265499798559,AAr~ABABr
CCOC(C)CN,-1858.76,81.35323873047138,AABA{A}AD
C=CC(C)=CCN,-1921.19,84.84656878105555,A~AA{A}~AAD
C=CCONC=O,-1365.61,53.75856126057567,A~AABDA~B
NC1C=CCC1,-1499.26,61.23707417520929,DArA~AAAr
CC1(CCO)CO1,-1647.04,69.50624468418461,AAr{AAB}ABr
C#CC1CC(C)O1,-1544.56,63.77187877702672,A^AArAA{A}Br
COCCCN,-1558.01,64.52448632436547,ABAAAD
CCOCC(C)O,-1791.56,77.59299879135143,AABAA{A}B
CC1CC1,-1157.46,42.11132996105466,AArAAr
C#CC(=N)NC,-1206.25,44.841420833519855,A^AA{~D}DA
CC1(C)COC1,-1547.77,63.95149738126147,AAr{A}ABAr
CC(O)C1(C)CO1,-1649.24,69.62934777742962,AA{B}Ar{A}ABr
N#CC(O)C1CN1,-1713.6,73.23067281436053,D^AA{B}ArADr
CNC1(C)CNC1,-1771.71,76.48227315457272,ADAr{A}ADAr
COCC[CH][N]O,-1496.68,61.09270782040379,ABAA{AH}{D}B
CNC1C=NOC1,-1435.39,57.663167554501115,ADArA~DBAr
C#CC#CC(=C)C,-1446.63,58.292112449080086,A^AA^AA{~A}A
CC1COC(=O)C1,-1556.99,64.46741125386097,AArABA{~B}Ar
NC1CC2CC1O2,-1576.01,65.53169345091545,DArAAsAArBs
C#C[CH][N]OC=O,-1304.85,50.35867764895474,A^A{AH}{D}BA~B
O=C1CC(CO)C1,-1524.83,62.66786785442499,B~ArAA{AB}Ar
CC(C)NCCO,-1861.53,81.50823671605713,AA{A}DAAB
[CH2][N]OC(C)OC,-1490.98,60.77375889699628,{AHs}{D}BA{A}BA
CCC1COCO1,-1659.13,70.18275213751735,AAArABABr
CNC1CC1NC,-1775.44,76.69098885357447,ADArAArDA
[O]S1([O])C=CCO1,-1229.27,46.129526836474334,{B}Er{{B}}A~AABr
C1CC2CN(C1)C2,-1774.75,76.65237924705673,ArAAsAD{Ar}As
N#Cc1cc[nH]n1,-1157.45,42.11077040153991,D^Aaraa{dH}dr
N#CC1C=CCO1,-1322.71,51.35805094229823,D^AArA~AABr
CNCC(C)OC,-1848.92,80.80263216795738,ADAA{A}BA
N#CCC1CC1O,-1458.63,58.96358386678008,D^AAArAArB
CC(=NN)C1CO1,-1428.62,57.28434576301535,AA{~DD}ArABr
CCC(=O)C1CO1,-1512.8,61.99471775818076,AAA{~B}ArABr
COCC1CCC1,-1836.17,80.08919378665115,ABAArAAAr
C1COCCO1,-1359.51,53.41722995657818,ArABAABr
N#CC1CCOC1,-1468.54,59.518107345897306,D^AArAABAr
C1=CC2CC2C=C1,-1242.64,46.877657907695074,Ar~AAsAAsA~Ar
NCC(=O)N1CC1,-1406.85,56.06618469940462,DAA{~B}DrAAr
C=C(CO)C(N)=O,-1259.05,47.7958950713998,A~A{AB}A{D}~B
CC1CCC(=O)O1,-1559.6,64.61345628721071,AArAAA{~B}Br
CC(N)CC(C)N,-1935.47,85.64561976811854,AA{D}AA{A}D
Cc1nonc1C,-1316.19,50.993218138681236,AardbdarA
CCC(O)C(N)=O,-1561.71,64.73152334482296,AAA{B}A{D}~B
C#CC(C)C(C)O,-1692.21,72.03377501231031,A^AA{A}A{A}B
NC1CCC1CO,-1714.63,73.28830744437978,DArAAArAB
CC1(N)C=CC=C1,-1794.95,77.78268946685172,AAr{D}A~AA~Ar
C#CC(=C)C#CC,-1455.32,58.778369667397826,A^AA{~A}A^AA
C=CC#CCC=O,-1421.77,56.90104749541162,A~AA^AAA~B
CC1=NOCC1C,-1577.58,65.61954429473118,AAr~DBAArA
CCS(=O)(=O)CO,-1634.78,68.82022471910113,AAE{~B}{~B}AB
CC(C)C=CC=O,-1724.08,73.81709118581851,AA{A}A~AA~B
CC(CN)C1CN1,-1783.48,77.14087470343347,AA{AD}ArADr
Cc1ccsc1C,-1371.53,54.08982049330767,AaraasarA
[CH2][N]N1CCC1C,-1372.48,54.14297864720892,{AHs}{D}DrAAArA
[NH][CH]N1C=CCO1,-1464.4,59.28644970679082,{DH}{AH}DrA~AABr
N#CC(=O)N1CC1,-1293.39,49.71742244505127,D^AA{~B}DrAAr
CC(N)C1CN1C,-1779.25,76.90418102869421,AA{D}ArADrA
NCC1CCC1O,-1719.23,73.54570482116479,DAArAAArB
CC1(C)CC(=O)C1,-1726.03,73.92620529119478,AAr{A}AA{~B}Ar
C[CH]C=C[N]O,-1272.45,48.54570482116478,A{AH}A~A{D}B
C=COC1CNC1,-1562.32,64.76565647522271,A~ABArADAr
O=C1CCCC1,-1446.66,58.293791127624345,B~ArAAAAr
CC1CC[C]([NH])N1,-1339.22,52.281883701150456,AArAA{A}{{DH}}Dr
N#Cc1ccsc1,-1052.74,36.25162272259278,D^Aaraasar
C#CC(CC)OC,-1681.81,71.45183311697032,A^AA{AA}BA
CC1C2COC1C2,-1700.64,72.50548368324458,AArAsABArAs
N#CCC1CCN1,-1524.28,62.63709208111376,D^AAArAADr
CC1(CO)CC1,-1550.3,64.09306593849323,AAr{AB}AAr
CN1CCCC1=O,-1628.6,68.47441693898563,ADrAAAAr~B
C=C,-564.21,8.915461748511575,A~A
C1CC2OCC2O1,-1467.54,59.46215139442231,ArAAsBAAsBr
COC(C)C,-1393.45,55.316374949639645,ABA{A}A
COC(C)C(C)N,-1856.03,81.20047898294463,ABA{A}A{A}D
C#CCC(N)=O,-1162.19,42.37600161153141,A^AAA{D}~B
O[N][CH]OC1CC1,-1380.64,54.59957921124492,B{D}{AH}BArAAr
C#CCNCC#N,-1362.1,53.56215587089842,A^AADAA^D
CC1(CN)CC1O,-1717.04,73.42316128743454,AAr{AD}AArB
CC#CCC(N)=O,-1464.74,59.305474730292325,AA^AAA{D}~B
C=CC1NC1CC,-1218.16,45.507856215587104,A~AArDArAA
C1=NNCCCC1,-1654.22,69.90800841577511,Ar~DDAAAAr
CC1C=CC(=O)N1,-1492.93,60.88287300237254,AArA~AA{~B}Dr
OC1C2CNC1C2,-1579.98,65.75383857827119,BArAsADArAs
C1=NNC2(C1)CC2,-1509.43,61.80614620171003,Ar~DDAs{Ar}AAs
CCCC(C)C,-1896.03,83.43871704194459,AAAA{A}A
C=C(CN)CNC,-1783.46,77.13975558440396,A~A{AD}ADA
CN1CC(C#N)C1,-1515.88,62.16706208872376,ADrAA{A^D}Ar
C=C1C=COCO1,-1386.56,54.9308384439769,A~ArA~ABABr
C=C(C#N)C#N,-963.04,31.232373875285376,A~A{A^D}A^D
CC1NCC1C#N,-1914.1,84.4498410850978,AArDAArA^D
C1=COCOCC1,-1516.64,62.20958861184478,Ar~ABABAAr
C#CC1(C)CCO1,-1544.06,63.74390080128922,A^AAr{A}AABr
N[N][CH]C1COC1,-1580.27,65.77006580419894,D{D}{AH}ArABAr
CC[CH]C=C[N]N,-1644.12,69.3428533058776,AA{AH}A~A{D}D
CC(=O)S(C)(=O)=O,-1088.85,38.27219213035498,AA{~B}E{A}{~B}~B
CC(=O)C1OC1C,-1515.76,62.16034737454677,AA{~B}ArBArA
C=CC(=O)OCC,-1538.53,63.434464389632495,A~AA{~B}BAA
O=C1NCCC1O,-1738.28,74.61166569676351,B~ArDAAArB
C=C1CCC(=O)N1,-1496.1,61.060253368548274,A~ArAAA{~B}Dr
C=COC=CC,-1408.02,56.13165316263038,A~ABA~AA
Cc1ccco1,-1307.56,50.510318277451994,Aaraaabr
CCCOCOC,-1781.97,77.05638121670621,AAABABA
CC=CC=CC#N,-1922.87,84.94057477953353,AA~AA~AA^D
C=CC=CCCC,-1909.98,84.21930256502083,A~AA~AAAA
C1=CNC=NOC1,-1304.21,50.32286584001075,Ar~ADA~DBAr
[CH2][N]N1CCC1,-1325.03,51.48786874972022,{AHs}{D}DrAAAr
C=C1CCOCO1,-1521.3,62.470343345718256,A~ArAABABr
COC(C=O)=CN,-1394.93,55.39918975782265,ABA{A~B}~AD
CC(C)(N)C1CN1,-1784.3,77.18675858364296,AA{A}{D}ArADr
CCCC(C)OC,-1984.66,88.39809302117375,AAAA{A}BA
CCC(C=O)=NO,-1375.68,54.32203769192892,AAA{A~B}~DB
CCC1CCNC1,-1630.52,68.58185236581762,AAArAADAr
Cn1ccc(=O)[nH]1,-1343.04,52.495635435784955,Adraaa{~B}{dH}r
O=CCC1CC1,-1418.48,56.71695241505887,B~AAArAAr
C#CC1C(C)C1N,-1608.5,67.34970231433815,A^AArA{A}ArD
O=C1NCCCO1,-1198.32,44.397690138323114,B~ArDAAABr
CCC1NCC1O,-1714.18,73.26312726621605,AAArDAArB
CC(C)[N][CH]NO,-1574.25,65.43321097631944,AA{A}{D}{AH}DB
C1=COC=CO1,-1076.78,37.59680379605175,Ar~ABA~ABr
CON=C(C)OC,-1499.73,61.26337347240252,ABD~A{A}BA
CC1=CCC(=O)N1,-1495.37,61.019405523971514,AAr~AAA{~B}Dr
CN1CC(O)C1=O,-1406.99,56.074018532611134,ADrAA{B}Ar~B
C=Cc1cccs1,-1302.5,50.2271811629885,A~Aaraaasr
C1COCOC1,-1365.17,53.73394064192669,ArABABAr
C1=COC2CC2C1,-1530.54,62.987376337347236,Ar~ABAsAAsAr
CC(O)CCC#N,-1605.31,67.17120282913291,AA{B}AAA^D
C#CC(=O)C1CN1,-1282.06,49.08344151483952,A^AA{~B}ArADr
CC1=CC(C)OC1,-1724.44,73.83723532834952,AAr~AA{A}BAr
C=CN(C=C)C=N,-1515.35,62.137405434442,A~AD{A~A}A~D
CCC(C)N1CC1,-1908.02,84.10962890012982,AAA{A}DrAAr
C=CC(C)C(=C)C,-1904.01,83.88524553471508,A~AA{A}A{~A}A
CC1C(C)C1CN,-1916.82,84.60204127310982,AArA{A}ArAD
CCCC(=O)NN,-1611.86,67.53771431129415,AAAA{~B}DD
CC1OCCC1=O,-1537.92,63.400331259232736,AArBAAAr~B
C=C(C=O)COC,-1513.04,62.00814718653476,A~A{A~B}ABA
CC=CCN1CC1,-1763.88,76.04413805452349,AA~AADrAAr
NCCCO,-1271.12,48.471283405703026,DAAAB
C=C(C)C#CC,-1460.11,59.04639867496307,A~A{A}A^AA
CCC(O)C1CO1,-1645.18,69.40216661444113,AAA{B}ArABr
C=CC[CH][N]OC,-1551.13,64.13950937821747,A~AA{AH}{D}BA
CC1(C)CCO1,-1552.94,64.24078965038721,AAr{A}AABr
C=CCCC=CC,-1905.12,83.9473566408523,A~AAAA~AA
C1CC2CC1N2,-1482.8,60.3160392139308,ArAAsAArDs
NC12CNCC1C2,-1657.13,70.07084023456736,DArsADAArAs
C#CC(C)(O)CN,-1561.0,64.6917946192757,A^AA{A}{B}AD
[CH2][N][N][CH]COC,-1431.06,57.420878284614346,{AHs}{D}{D}{AH}ABA
CNCCCCO,-1860.3,81.43941089574288,ADAAAAB
C=CC1CN1C=O,-1435.86,57.68946685169435,A~AArADrA~B
CC1=COCCC1,-1727.47,74.00678186131877,AAr~ABAAAr
C=C(C)C=O,-1131.64,40.6665472939702,A~A{A}A~B
N[N][CH]C1CCC1,-1632.05,68.66746497157438,D{D}{AH}ArAAAr
CC#CC(=O)OC,-1381.23,54.632593222615164,AA^AA{~B}BA
C=CC(=O)OC,-1240.04,46.73217243386007,A~AA{~B}BA
COC1C=NN=C1,-1302.69,50.23781279376875,ABArA~DD~Ar
C#CCC(O)C=O,-1363.72,53.65280451228793,A^AAA{B}A~B
[CH2][N]OCC(C)=O,-1366.19,53.791015712431175,{AHs}{D}BAA{A}~B
CC1C(N)CC1N,-1916.19,84.56678902368057,AArA{D}AArD
[CH2]C=C[N]N1CC1,-1484.14,60.39102018890731,{AHs}A~A{D}DrAAr
OCc1ccc[nH]1,-1793.67,77.7110658489637,BAaraaa{dH}r
C1OC1CN1CC1,-1554.03,64.30178163749498,ArBArADrAAr
COc1ccno1,-1251.77,47.3885357446618,ABaraadbr
CC1(C)OCCO1,-1664.97,70.50953489413135,AAr{A}BAABr
C#CC=CC(N)=O,-1314.1,50.876270200098475,A^AA~AA{D}~B
S=C1NC=CCN1,-1553.26,64.25869555485923,E~ArDA~AADr
COC=CC(N)=O,-1416.48,56.60504051210887,ABA~AA{D}~B
N#CC1CN1,-925.91,29.15472939701867,D^AArADr
NC1CC1NC=O,-1476.05,59.938336541474555,DArAArDA~B
CC1(N)CCC1N,-1797.46,77.92313890505395,AAr{D}AAArD
CCCN(C)C=O,-1745.69,75.02629929719325,AAAD{A}A~B
CC1CC(C)N1C,-1417.6,56.667711177760864,AArAA{A}DrA
CN[N][CH]CC#N,-1384.66,54.824522136174416,AD{D}{AH}AA^D
C1CC2CC1O2,-1410.15,56.25083933927213,ArAAsAArBs
Cc1cc(C)[nH]n1,-1568.18,65.0935583508662,Aaraa{A}{dH}dr
CC1C(C)C1C=O,-1715.03,73.3106898249698,AArA{A}ArA~B
C#CCC1COC1,-1540.89,63.566520435113496,A^AAArABAr
N=C1COC=CN1,-1341.07,52.38540221137921,D~ArABA~ADr
CC(C#N)NC=N,-1408.81,56.17585836429563,AA{A^D}DA~D
CC1C2COCC12,-1710.69,73.06784099556829,AArAsABAArs
O=CN1CCCC1,-1480.73,60.20021039437754,B~ADrAAAAr
C#CC(CN)=NO,-1440.12,57.92783920497783,A^AA{AD}~DB
CC1=CCCC=C1,-1786.2,77.29307489144547,AAr~AAAA~Ar
O=Cn1cccn1,-1471.66,59.69268991449932,B~Adraaadr
CCCOC(C)=O,-1683.47,71.54471999641883,AAABA{A}~B
C#CC(C#C)CO,-1384.79,54.83179640986616,A^AA{A^A}AB
CCC1(CN)CN1,-1261.18,47.915081248041545,AAAr{AD}ADr
C=C1CCOC1,-1420.82,56.84788934151037,A~ArAABAr
CCCC1CC1O,-1842.1,80.42101257889789,AAAArAArB
C=CC(=CC)CN,-1779.46,76.91593177850396,A~AA{~AA}AD
CCC(N)[CH][N]O,-1573.91,65.41418595281796,AAA{D}{AH}{D}B
CC1CC(O)CO1,-1665.64,70.5470253816196,AArAA{B}ABr
CC1CC1(C)CN,-1917.14,84.61994717758184,AArAAr{A}AD
C=C(C=O)C(C)O,-1524.61,62.6555575451005,A~A{A~B}A{A}B
CCNC(C)CN,-1929.11,85.28973991673755,AADA{A}AD
[CH2][N]OCC,-1102.46,39.03375262992972,{AHs}{D}BAA
C=C(CC#N)OC,-1453.52,58.67764895474282,A~A{AA^D}BA
Cc1cc(=O)[nH]o1,-1262.57,47.99286002059179,Aaraa{~B}{dH}br
CC1CC(C)(C)N1,-1331.92,51.87340525538298,AArAA{A}{A}Dr
C#CC(=C)CCO,-1550.55,64.10705492636197,A^AA{~A}AAB
COC1=COCC1,-1509.49,61.809503558798525,ABAr~ABAAr
O=C1C2C=CC1O2,-1224.57,45.866533864541836,B~ArAsA~AArBs
C1=NN=COCC1,-1313.03,50.81639733202024,Ar~DD~ABAAr
CCC(C)(C)C,-1896.03,83.43871704194459,AAA{A}{A}A
C[CH][N]OCCC,-1699.99,72.46911231478582,A{AH}{D}BAAA
CCC=CCC=O,-1718.79,73.52108420251578,AAA~AAA~B
CC1C(C)N1C,-1613.95,67.6546622498769,AArA{A}DrA
COCC(N)CO,-1658.37,70.14022561439633,ABAA{D}AB
C=C(C)C1CNC1,-1914.89,84.49404628676308,A~A{A}ArADAr
C[N][CH]NCC#N,-1406.29,56.034849366578634,A{D}{AH}DAA^D
Cc1c[nH]nc1C,-1525.86,62.72550248444425,Aara{dH}darA
C=CCN(C)C=O,-1599.87,66.8668024531089,A~AAD{A}A~B
C=CC1(C)CCO1,-1700.7,72.50884104033307,A~AAr{A}AABr
CC=CC(O)CO,-1655.09,69.95669009355835,AA~AA{B}AB
CCC(N)C(C)C,-2062.03,92.7274049867944,AAA{D}A{A}A
CCCS(N)(=O)=O,-1057.9,36.540355432203775,AAAE{D}{~B}~B
CCc1nncs1,-1589.87,66.30724293835891,AAarddasr
C1CC2NC2CN1,-1655.11,69.95780921258786,ArAAsDAsADr
CC(C)C1(C)CN1,-1908.14,84.11634361430684,AA{A}Ar{A}ADr
C=COC(C)CC,-1846.9,80.68960114597789,A~ABA{A}AA
C#CC(C)C(C)=O,-1566.1,64.97716997179819,A^AA{A}A{A}~B
Cc1cc[nH]c1N,-1777.55,76.80905591118672,Aaraa{dH}arD
CC1=CC=CCO1,-1585.29,66.05096468060343,AAr~AA~AABr
C#CC1OCC1=O,-1212.78,45.2068131966516,A^AArBAAr~B
CC1(C)OC1(C)C,-1849.7,80.8462778101079,AAr{A}BAr{A}A
C=CN(C=O)OC,-1366.32,53.798289986122924,A~AD{A~B}BA
CC1CCC1(C)C,-2047.33,91.9048525001119,AArAAAr{A}A
C#CC(CN)NC,-1625.64,68.30878732261965,A^AA{AD}DA
CCC1COC1,-1545.47,63.822798692868986,AAArABAr
C=CC(C)(C)C,-1751.53,75.35308205380724,A~AA{A}{A}A
CC(C)C(O)C#N,-1600.25,66.88806571466941,AA{A}A{B}A^D
C=CCN1CC1C,-1782.46,77.08379963292896,A~AADrAArA
CC1NCC1CO,-1710.53,73.0588880433323,AArDAArAB
C#CC(O)CCC,-1691.42,71.98956981064507,A^AA{B}AAA
[CH2][N]N1CC(=O)C1,-1296.98,49.9183043108465,{AHs}{D}DrAA{~B}Ar
CNCC#N,-1070.7,37.256591611083756,ADAA^D
C#CC(O)CCO,-1490.91,60.769841980393046,A^AA{B}AAB
C=CC1CCOC1,-1714.98,73.30789202739604,A~AArAABAr
CCC(C)(O)CC,-1995.56,89.00801289225122,AAA{A}{B}AA
CN(C)CCC#N,-1660.33,70.24989927928735,AD{A}AAA^D
C#CC(=C)C,-1157.45,42.11077040153991,A^AA{~A}A
OC1(C2CN2)CC1,-1558.91,64.57484668069297,BAr{AsADs}AAr
CC=C(C)C(C)=O,-1730.64,74.18416222749454,AA~A{A}A{A}~B
CC#CC(=O)C#N,-1167.84,42.69215273736514,AA^AA{~B}A^D
C1=NN2CC2C1,-1206.68,44.8654818926541,Ar~DDsAAsAr
CC1C(C)C1(C)N,-1916.61,84.59029052330007,AArA{A}Ar{A}D
C1=NNC2CCC12,-1512.4,61.97233537759077,Ar~DDAsAAArs
C=CCC(O)CN,-1710.57,73.0611262813913,A~AAA{B}AD
C=CC#CC1CN1,-1770.84,76.43359147678947,A~AA^AArADr
C=C(C)C(=N)NC,-1665.71,70.55094229822285,A~A{A}A{~D}DA
C=C1C=CC2OC12,-1425.03,57.08346389722011,A~ArA~AAsBArs
Nc1ccc(N)s1,-1241.52,46.81498724204307,Daraaa{D}sr
Cc1nnc(C)s1,-1400.16,55.691839384036896,Aardda{A}sr
[CH2][N]OCC1CO1,-1341.11,52.387640449438194,{AHs}{D}BAArABr
CC(=O)C1CCC1,-1719.24,73.54626438067953,AA{~B}ArAAAr
CC1(C)CCC1,-1751.01,75.32398495904025,AAr{A}AAAr
[CH2][N]N1CC1C=O,-1289.21,49.48352656788576,{AHs}{D}DrAArA~B
C#CC(C)=C(C)C,-1754.54,75.521509467747,A^AA{A}~A{A}A
N#Cc1cn[nH]c1,-1159.08,42.20197860244416,D^Aarad{dH}ar
O=C1CCC=CN1,-1359.29,53.404919647253685,B~ArAAA~ADr
NCC#CCCN,-1636.51,68.91702851515288,DAA^AAAD
C#CC1OC=NO1,-1070.27,37.23253055194951,A^AArBA~DBr
C=C(C)CC(C)C,-2050.47,92.0805541877434,A~A{A}AA{A}A
C[CH][N][N][CH]CC,-1649.78,69.65956399122612,A{AH}{D}{D}{AH}AA
CCC#CCCN,-1768.22,76.28698688392498,AAA^AAAD
CCC(=O)C(N)=O,-1435.09,57.6463807690586,AAA{~B}A{D}~B
CC(=O)C(C)O,-1373.15,54.18046913469718,AA{~B}A{A}B
CCC1(N)CCC1,-1680.42,71.37405434442007,AAAr{D}AAAr
CS(=O)(=O)CCO,-1220.93,45.66285420117284,AE{~B}{~B}AAB
CCC(C=O)=CN,-1603.19,67.05257621200592,AAA{A~B}~AD
NCc1ccsn1,-1051.63,36.18951161645553,DAaraasdr
C=CC#CC(C)O,-1554.79,64.34430816061595,A~AA^AA{A}B
CC1CC(=O)N1O,-1379.28,54.523479117238914,AArAA{~B}DrB
CC1=C(C)CNC1,-1240.76,46.77246071892207,AAr~A{A}ADAr
O=C(O)C1CCN1,-1407.7,56.113747258158384,B~A{B}ArAADr
CC(=O)C1CO1,-1219.91,45.605779130668346,AA{~B}ArABr
COC1(C)CC1C,-1837.65,80.17200859483415,ABAr{A}AArA
C1=CCON=CC1,-1423.05,56.97267111329961,Ar~AABD~AAr
C=CC1NCC1C,-1519.95,62.39480281122702,A~AArDAArA
CC=C1C=NNC1,-1407.22,56.08688840145038,AA~ArA~DDAr
CC1CC(O)C1C,-1848.0,80.75115269260039,AArAA{B}ArA
N#CC1=NNCC1,-1268.82,48.34258471731054,D^AAr~DDAAr
O=Cc1ccsc1,-1118.32,39.921214020323205,B~Aaraasar
CC(C)NCC=O,-1726.58,73.95698106450601,AA{A}DAA~B
C1=CCNN=CC1,-1509.52,61.81118223734276,Ar~AADD~AAr
N#CC=CN1CC1,-1375.43,54.30804870406017,D^AA~ADrAAr
CNCC(=O)C#N,-1329.48,51.73687273378397,ADAA{~B}A^D
NC(=O)C=CCO,-1417.07,56.63805452347912,DA{~B}A~AAB
C=CC#C[CH][N]O,-1560.54,64.6660548815972,A~AA^A{AH}{D}B
C=C1CC=CC1N,-1651.43,69.75189131115987,A~ArAA~AArD
C#CCCCCC,-1891.76,83.19978512914633,A^AAAAAA
CC(O)CNC=N,-1608.25,67.3357133264694,AA{B}ADA~D
N#CC=C(N)C=O,-1344.87,52.59803482698419,D^AA~A{D}A~B
CNC1(C)CCC1,-1908.05,84.11130757867407,ADAr{A}AAAr
CC(N)C1CC1C,-1918.51,84.69660683110256,AA{D}ArAArA
CCNCC(C)C,-2058.35,92.52148708536639,AADAA{A}A
CC(C)C(C)(C)O,-1995.55,89.00745333273647,AA{A}A{A}{A}B
C#CC(C)(C)OC,-1679.87,71.34327857110881,A^AA{A}{A}BA
[CH2][N][N][CH]CC#N,-1248.43,47.201642866735305,{AHs}{D}{D}{AH}AA^D
O=C[CH]C=C[N]O,-2191.74,99.98545145261649,B~A{AH}A~A{D}B
[CH2][N]OCC1CN1,-1412.57,56.38625274184162,{AHs}{D}BAArADr
CC(C#N)=CCO,-1460.27,59.055351627199066,AA{A^D}~AAB
C=C(C)C1CO1,-1401.11,55.74499753793813,A~A{A}ArABr
C=CCC=CC,-1609.19,67.38831192085591,A~AAA~AA
CC1CCC(C)C1,-2066.04,92.95178835220915,AArAAA{A}Ar
C1CC(C2CC2)C1,-1913.07,84.39220645507856,ArAA{AsAAs}Ar
C#CC1CN1CC,-1607.48,67.29262724383365,A^AArADrAA
C#CC=CCNC,-1615.78,67.75706164107616,A^AA~AADA
S=C1NCCCN1,-1547.55,63.93918707193698,E~ArDAAADr
C1=CC2C=CC1O2,-1423.73,57.010721160302616,Ar~AAsA~AArBs
C=C1C=NNC1C,-1519.72,62.38193294238776,A~ArA~DDArA
CC(C#N)N1CC1,-1513.99,62.06130534043602,AA{A^D}DrAAr
CC=CC(N)=O,-1324.45,51.45541429786472,AA~AA{D}~B
CN(C)C(C)(C)C,-2048.32,91.96024889207217,AD{A}A{A}{A}A
C=C(C=CC)CN,-1658.01,70.12008147186536,A~A{A~AA}AD
CCC1CC1,-1453.58,58.681006311831325,AAArAAr
CCC(C)(C)CO,-1991.71,88.79258247907248,AAA{A}{A}AB
CCC1CC(N)C1,-1681.39,71.42833161735084,AAArAA{D}Ar
C#CC1CCO1,-1243.86,46.94592416849456,A^AArAABr
C=C(NC=N)OC,-1460.0,59.04024352030081,A~A{DA~D}BA
CC1CN=CNO1,-1444.08,58.14942477281883,AArAD~ADBr
CN1CC(C)(C)C1,-1908.95,84.16166793500159,ADrAA{A}{A}Ar
C[CH][N]N1CC1C,-1628.75,68.48281033170687,A{AH}{D}DrAArA
CC=CCCCO,-1849.77,80.85019472671114,AA~AAAAB
C=C(C)COC=O,-1532.34,63.08809705000224,A~A{A}ABA~B
C=Cc1cnsn1,-1305.81,50.412395362370745,A~Aaradsdr
CCNCC=O,-1429.46,57.33134876225436,AADAA~B
CCNCCN,-1632.24,68.67809660235464,AADAAD
CCS(=O)(=O)C=O,-1793.06,77.67693271856393,AAE{~B}{~B}A~B
[NH][C]1CCC2CN12,-1524.31,62.638770759657994,{DH}{A}rAAAsADrs
CC1NC1CCO,-1717.86,73.46904516764404,AArDArAAB
C#CCC(=C)C,-1452.75,58.634562872107075,A^AAA{~A}A
C=C(C#N)CC=O,-1324.75,51.472201083307226,A~A{A^D}AA~B
COC(=O)C1CN1,-1396.67,55.496553113389155,ABA{~B}ArADr
OC12COC(C1)C2,-1504.8,61.547070146380776,BArsABA{Ar}As
NC(=O)CCC=O,-1290.35,49.54731635256725,DA{~B}AAA~B
C1C2NC1C1NC21,-1478.67,60.084941134339054,ArAsDArArDAsr
CCC(C)(N)CC,-2063.28,92.79734992613815,AAA{A}{D}AA
N#CC1CNC1=O,-1347.54,52.74743721742245,D^AArADAr~B
C#CCC(O)C#N,-1457.41,58.89531760598059,A^AAA{B}A^D
C#CCC1CC1C,-1541.79,63.61688079144098,A^AAArAArA
C=CCNC1CC1,-1766.88,76.21200590894848,A~AADArAAr
CC(C)C(C)CN,-1494.07,60.94666278705404,AA{A}A{A}AD
CC(=N)NC(C)C,-1810.76,78.66735305967143,AA{~D}DA{A}A
C#CC1=NOCO1,-1072.55,37.3601101213125,A^AAr~DBABr
CCON(C)C=O,-1510.16,61.846994046286774,AABD{A}A~B
C#CCOC(N)=O,-1342.73,52.4782890908277,A^AABA{D}~B
CO[N]C=C[CH]N,-1437.73,57.79410448095259,AB{D}A~A{AH}D
C=C1CC2CN2C1,-1638.57,69.03229777519137,A~ArAAsADsAr
NC1CCC1N,-1484.15,60.391579748422046,DArAAArD
Nc1cocc1O,-1270.29,48.424839965978784,DarabaarB
CC1CN(C)C=N1,-1670.53,70.82064998433235,AArAD{A}A~Dr
COC(C)CCN,-1854.28,81.10255606786339,ABA{A}AAD
CNC(C)COC,-1849.75,80.84907560768164,ADA{A}ABA
COCCNC=O,-1542.99,63.68402793321099,ABAADA~B
C1CCC2OC2C1,-1673.84,71.00586418371458,ArAAAsBAsAr
[O]S1([O])CC=CO1,-1804.84,78.33609382693943,{B}Er{{B}}AA~ABr
CC(O)C1CN1C,-1713.11,73.20325439813779,AA{B}ArADrA
C1NC1CC1CN1,-1633.76,68.76314964859664,ArDArAArADr
CNc1ccsn1,-1320.32,51.22431621827298,ADaraasdr
C=C1NC(=O)CO1,-1291.06,49.587045078114514,A~ArDA{~B}ABr
[CH2]C(C=C)=C[N]O,-1266.38,48.20605219571155,{AHs}A{A~A}~A{D}B
c1ccsc1,-977.67,32.05100944536461,araasar
CCCC1(O)CC1,-1847.87,80.74387841890862,AAAAr{B}AAr
C=CC(N)CO,-1424.98,57.080666099646365,A~AA{D}AB
C=CCC(C)NC,-1911.24,84.28980706387932,A~AAA{A}DA
NC1C=COC=C1,-1456.81,58.86174403509557,DArA~ABA~Ar
CC[CH][N]NC,-1481.64,60.251130310219814,AA{AH}{D}DA
CC1(C=O)CNC1,-1575.44,65.4997985585747,AAr{A~B}ADAr
C=C1CCC(C)C1,-1924.23,85.01667487353956,A~ArAAA{A}Ar
CC1C2C=NNC12,-1510.88,61.887282331348764,AArAsA~DDArs
C1C2NC1C1CC21,-1613.83,67.6479475356999,ArAsDArArAAsr
O=C1C2C=CC1C2,-1429.63,57.34086127400511,B~ArAsA~AArAs
CCO[CH][N]NC,-1579.2,65.71019293612069,AAB{AH}{D}DA
C1NC2COCC12,-1539.65,63.49713505528448,ArDAsABAArs
C#CC(OC)OC,-1475.1,59.8851783875733,A^AA{BA}BA
[NH][C]1OCC2CN12,-1329.06,51.71337123416447,{DH}{A}rBAAsADrs
COCC1COC1,-1632.86,68.71278929226914,ABAArABAr
C1C2NC3CC3C12,-1534.8,63.22574869063074,ArAsDAtAAtArs
CC=CC(O)C=O,-1522.61,62.5436456421505,AA~AA{B}A~B
NCCNCCO,-1269.07,48.35657370517929,DAADAAB
CC(C=O)NC=O,-1422.4,56.93629974484087,AA{A~B}DA~B
CC1CONC1=O,-1390.28,55.1389945834639,AArABDAr~B
CC1OC1CO,-1350.52,52.914185952817945,AArBArAB
O=CC1CCC1O,-1517.85,62.2772953131295,B~AArAAArB
CC1=NOC(C)C1,-1582.2,65.87806079054569,AAr~DBA{A}Ar
C=CC(C)CN,-1621.45,68.0743318859394,A~AA{A}AD
CCCOCC#N,-1590.46,66.34025694972918,AAABAA^D
CCC1CNC1=O,-1610.96,67.48735395496665,AAArADAr~B
Cc1csnc1C,-1255.56,47.60060880075205,AarasdarA
CC(C)(C)CO,-1697.69,72.34041362639331,AA{A}{A}AB
NCCCCCO,-1862.87,81.58321769103361,DAAAAAB
C#CCCC#C,-1294.93,49.803594610322754,A^AAAA^A
CC(=O)NCCN,-1629.05,68.49959711714938,AA{~B}DAAD
CS(=O)(=O)CC=O,-1927.48,85.1985317158333,AE{~B}{~B}AA~B
O[N][CH]C1COC1,-1426.54,57.16795738394736,B{D}{AH}ArABAr
COC=C(C)C,-1550.24,64.08970858140474,ABA~A{A}A
C=COC1CC1C,-1696.44,72.27046868704956,A~ABArAArA
NCCC1CC1N,-1786.7,77.32105286718297,DAAArAArD
Cc1cocc1O,-1402.8,55.839563095930885,AarabaarB
OCC1NC1CO,-1920.36,84.80012534133131,BAArDArAB
C#CC1OC=CO1,-1208.76,44.9818702717221,A^AArBA~ABr
N#CC1CCC1,-1359.05,53.39149021889968,D^AArAAAr
OC1C=COC=C1,-1390.24,55.1367563454049,BArA~ABA~Ar
OC1CN=CNC1,-1304.91,50.36203500604326,BArAD~ADAr
CC=CC(=O)C=O,-1393.27,55.30630287837415,AA~AA{~B}A~B
N#CC1CN1C=O,-1356.0,53.22082456690094,D^AArADrA~B
C1C2OC3CC3C12,-1454.58,58.73696226330632,ArAsBAtAAtArs
COCC1CN1C,-1698.26,72.37230851873406,ABAArADrA
CCC1CC=CO1,-1723.64,73.79247056716954,AAArAA~ABr
N=CNOC1CC1,-1799.49,78.0367294865482,D~ADBArAAr
OC1C2CCC1N2,-1582.51,65.89540713550295,BArAsAAArDs
N#CC#CC#N,-785.04,21.272214512735577,D^AA^AA^D
CC1OC1CCN,-1714.85,73.30061775370429,AArBArAAD
CC(C)N1CCC1,-1908.46,84.13424951877882,AA{A}DrAAAr
CCC1CC(O)C1,-1846.69,80.67785039616814,AAArAA{B}Ar
CCOC1COC1,-1635.13,68.83980930211737,AABArABAr
COC1(CO)CC1,-1638.17,69.00991539460138,ABAr{AB}AAr
C1CC2(CC2)CO1,-1712.54,73.17135950579703,ArAAs{AAs}ABr
[CH2][N]NCCC#N,-1383.77,54.774721339361655,{AHs}{D}DAAA^D
CN1CCC1CO,-1707.83,72.90780697434978,ADrAAArAB
C=Cn1cccc1,-1534.34,63.20000895295224,A~Adraaaar
CCCCCC,-1895.91,83.4320023277676,AAAAAA
C=C1C=CC(N)C1,-1657.66,70.10049688884911,A~ArA~AA{D}Ar
CCCC(C)(C)N,-2064.75,92.8796051748064,AAAA{A}{A}D
COC(C)C=O,-1356.29,53.23705179282869,ABA{A}A~B
NCC1CCNC1,-1802.11,78.18333407941269,DAArAADAr
CCCC[CH][N]N,-1780.07,76.95006490890371,AAAA{AH}{D}D
C#CC(O)C1CN1,-1567.71,65.06725905367296,A^AA{B}ArADr
CC1C=NNC1=O,-1352.8,53.041765522180945,AArA~DDAr~B
C=CN(O)[CH][N]C,-1429.97,57.35988629750661,A~AD{B}{AH}{D}A
NCCNC1CC1,-1780.74,76.98755539639197,DAADArAAr
CCC(CN)CN,-1930.47,85.36584001074355,AAA{AD}AD
COc1ccns1,-1234.45,46.41937866511483,ABaraadsr
C=CC#CC(N)=O,-1615.44,67.73803661757465,A~AA^AA{D}~B
C=C1CCOC1=O,-1413.17,56.419826312726634,A~ArAABAr~B
C=CC(=N)NOC,-1424.56,57.057164600026866,A~AA{~D}DBA
N#CC=CC=O,-1032.07,35.095013205604545,D^AA~AA~B
CC(C)C1(C)CC1,-2046.73,91.87127892922692,AA{A}Ar{A}AAr
CC(=O)CCCO,-1669.79,70.77924258024083,AA{~B}AAAB
N#CCCC(N)=O,-1419.2,56.75724070012087,D^AAAA{D}~B
C#CC1NC1CO,-1321.91,51.31328618111824,A^AArDArAB
CNC1=NCCO1,-1484.45,60.40836653386455,ADAr~DAABr
CC1C=COCC1,-1726.01,73.92508617216528,AArA~ABAAr
Cc1sccc1O,-1248.5,47.20555978333856,AarsaaarB
C#CC(C)=CCO,-1552.1,64.19378665114822,A^AA{A}~AAB
CC1=CCN(C)C1,-1784.7,77.20914096423297,AAr~AAD{A}Ar
CCc1ccns1,-1303.42,50.27866063834551,AAaraadsr
COC=CCCO,-1646.55,69.47882626796186,ABA~AAAB
C=C1C=NOC1=O,-1122.37,40.147835623796944,A~ArA~DBAr~B
CNCC1CC1,-1613.82,67.64738797618516,ADAArAAr
CC1=CC=CC1=O,-1458.24,58.94176104570483,AAr~AA~AAr~B
[CH2][N]N(C)CCC,-1763.12,76.00161153140247,{AHs}{D}D{A}AAA
C#CC(C=O)C=O,-1222.68,45.76077711625409,A^AA{A~B}A~B
C1CCNC1,-1339.0,52.26957339182596,ArAADAr
CC=CC(C)(C)N,-1352.79,53.04120596266619,AA~AA{A}{A}D
C1CN(C2CC2)C1,-1761.93,75.93502394914725,ArAD{AsAAs}Ar
CN(C)C1CCC1,-1901.27,83.73192622767358,AD{A}ArAAAr
COC(C)=CC=O,-1523.55,62.596244236537004,ABA{A}~AA~B
CN(C)CCO,-1557.42,64.49147231299521,AD{A}AAB
C#CC(C)(C)CO,-1693.0,72.07798021397555,A^AA{A}{A}AB
N[N][CH]C1CC1O,-1428.52,57.278750167867855,D{D}{AH}ArAArB
C=CC(=O)CO,-1230.43,46.19443574018533,A~AA{~B}AB
C=CC(C)(O)CC,-1851.37,80.93972424907112,A~AA{A}{B}AA
CC=CC#CCC,-1758.38,75.73638032141099,AA~AA^AAA
NC1CCNCC1,-1807.38,78.47822194368594,DArAADAAr
CC1CCC1(C)O,-1852.75,81.01694346210664,AArAAAr{A}B
CC1=NNCC1C,-1767.17,76.22823313487623,AAr~DDAArA
O=CC1C=CC=C1,-1451.79,58.580845158691076,B~AArA~AA~Ar
CC1=NN=CC1=O,-1186.31,43.725659161108375,AAr~DD~AAr~B
CC1C(O)C1CO,-1644.06,69.33949594878911,AArA{B}ArAB
CC1CC1(N)CO,-1717.52,73.45002014414254,AArAAr{D}AB
C=CN(C=N)OC,-1423.76,57.01239983884686,A~AD{A~D}BA
C#CC1CC(C)C1,-1909.13,84.17174000626707,A^AArAA{A}Ar
C=CC(=C)C(=C)C,-1763.71,76.03462554277273,A~AA{~A}A{~A}A
O=S1(=O)C=CCN1,-1227.74,46.04391423071758,B~Er{~B}A~AADr
NCCC1CCO1,-1714.74,73.29446259904205,DAAArAABr
CC1CCC1=O,-1428.79,57.29385827476611,AArAAAr~B
OC1C=CCC1O,-1528.39,62.86707104167601,BArA~AAArB
CC=C1C=CC=C1,-1650.02,69.67299341958011,AA~ArA~AA~Ar
CCCCOCC,-1986.54,88.50329020994674,AAAABAA
CC1=COCCO1,-1522.68,62.54756255875376,AAr~ABAABr
C=COCCO,-1348.73,52.814024799677696,A~ABAAB
C#CCN(C)C=O,-1441.28,57.99274810868885,A^AAD{A}A~B
N[N][CH]C1CCO1,-1430.95,57.414723129952115,D{D}{AH}ArAABr
OC12CCN(C1)C2,-1582.13,65.87414387394243,BArsAAD{Ar}As
CN(C=O)CCN,-1615.98,67.76825283137114,AD{A~B}AAD
C#CCC(O)CC,-1695.41,72.21283405703032,A^AAA{B}AA
C#CC#CCOC,-1375.19,54.29461927570617,A^AA^AABA
CC1CC(=O)N1N,-1467.52,59.4610322753928,AArAA{~B}DrD
C=CC1=N[N]O[CH]1,-1177.01,43.20526881239089,A~AAr~D{D}B{AH}r
Nc1csc(N)c1,-1179.66,43.35355208379964,Darasa{D}ar
O=CC1CCO1,-1213.03,45.22080218452035,B~AArAABr
CCC(=O)N1CC1,-1588.76,66.24513183222169,AAA{~B}DrAAr
C=CC(=O)C=CC,-1584.59,66.01179551457093,A~AA{~B}A~AA
CC1OCCCO1,-1662.11,70.34950087291284,AArBAAABr
CCCO[CH][N]N,-1584.06,65.98213886028918,AAAB{AH}{D}D
OC1C=CC(O)C1,-1527.11,62.795447423788,BArA~AA{B}Ar
NC1CNC(=O)C1,-1503.21,61.45810018353553,DArADA{~B}Ar
CCC(O)C=O,-1369.63,53.98350418550518,AAA{B}A~B
C#CCOCC#N,-1285.86,49.29607413044451,A^AABAA^D
C#CC1CO1,-945.61,30.257061641076145,A^AArABr
C=COC(=O)CN,-1310.73,50.68769864362774,A~ABA{~B}AD
Cc1ccns1,-1149.68,41.67599265857917,Aaraadsr
COC=CCO,-1349.47,52.8554322037692,ABA~AAB
C=COCC(=C)C,-1702.77,72.6246698598863,A~ABAA{~A}A
C=CS(=O)(=O)C=C,-1564.18,64.86973454496622,A~AE{~B}{~B}A~A
CN(C)C(=O)CO,-1549.52,64.04942029634272,AD{A}A{~B}AB
CC1CCC1C#N,-1302.61,50.23333631765074,AArAAArA^D
CCCN,-1174.99,43.09223779041139,AAAD
CC(C=O)C=O,-1232.07,46.28620350060433,AA{A~B}A~B
C1=NN=CC2CC12,-1370.15,54.01260128027218,Ar~DD~AAsAArs
CCC(=O)C=O,-1236.4,46.52849277049108,AAA{~B}A~B
CC(C)CNC=N,-1805.44,78.36966739782444,AA{A}ADA~D
COC1CC1C#N,-1444.69,58.18355790321859,ABArAArA^D
N#CCN1CC1,-1216.27,45.402099467299344,D^AADrAAr
OC1C2C=CC1O2,-1345.71,52.6450378262232,BArAsA~AArBs
CC#CC(=O)C=O,-1233.27,46.35335064237432,AA^AA{~B}A~B
CC=C(C)C(=O)O,-1545.57,63.828394288016476,AA~A{A}A{~B}B
CN1CCC=N1,-1357.4,53.299162898965946,ADrAAA~Dr
CCCC(C)C#N,-1802.15,78.1855723174717,AAAA{A}A^D
CC1(C2CN2)CN1,-1653.74,69.88114955906711,AAr{AsADs}ADr
CC1CC2CC1N2,-1772.93,76.55053941537224,AArAAsAArDs
CC(N)CC(=O)O,-1565.9,64.96597878150321,AA{D}AA{~B}B
Oc1cc[nH]c1,-1185.2,43.66354805497113,Baraa{dH}ar
C=C1C=CC2CC12,-1515.59,62.15083486279601,A~ArA~AAsAArs
CC(C)C(=O)C=O,-1532.01,63.069631586015504,AA{A}A{~B}A~B
O=CC1=COCC1,-1399.24,55.64035990867989,B~AAr~ABAAr
C=CC(C)CC=O,-1715.74,73.35041855051703,A~AA{A}AA~B
C#CC(N)C(C)C,-1760.97,75.88130623573123,A^AA{D}A{A}A
C=C1C=CC2NC12,-1657.9,70.1139263172031,A~ArA~AAsDArs
CC(C)(C)C1CC1,-2044.98,91.77335601414568,AA{A}{A}ArAAr
CC1C2C=CCN12,-1640.68,69.15036483280363,AArAsA~AADrs
CCC1C=CCC1,-1923.88,84.9970902905233,AAArA~AAAr
CCCNC(C)=N,-1809.31,78.58621693003266,AAADA{A}~D
CCCC=CC=O,-1723.63,73.79191100765478,AAAA~AA~B
CC#CCCO,-1402.56,55.82613366757689,AA^AAAB
CCC1C=CCN1,-1420.19,56.81263709208112,AAArA~AADr
C=C1CNCCO1,-1587.82,66.19253323783518,A~ArADAABr
CNCCC1CN1,-1776.93,76.77436322127224,ADAAArADr
CCC(N)C1CO1,-1712.32,73.15904919647254,AAA{D}ArABr
Cc1cc(O)on1,-1265.8,48.17359774385604,Aaraa{B}bdr
CC1C=CCOC1,-1720.47,73.61509020099378,AArA~AABAr
CC[CH][N]NCC,-1779.04,76.89243027888446,AA{AH}{D}DAA
CC1CS(=O)(=O)C1,-1229.6,46.14799230046107,AArAE{~B}{~B}Ar
Cc1ccsc1,-1276.1,48.74994404404852,Aaraasar
C#CC1(C)CCC1,-1373.02,54.17319486100542,A^AAr{A}AAAr
C=CO[CH][N]NC,-1433.09,57.534468866108604,A~AB{AH}{D}DA
CC(O)CCN,-1572.56,65.33864541832669,AA{B}AAD
C#CCC(C)C,-1596.57,66.68214781324141,A^AAA{A}A
CNC(=N)C1CO1,-1455.76,58.802990286046835,ADA{~D}ArABr
CC1C=NNCC1,-1763.68,76.0329468642285,AArA~DDAAr
C#CC=C(C)OC,-1547.88,63.95765253592373,A^AA~A{A}BA
OCc1cn[nH]c1,-1125.81,40.340324096870944,BAarad{dH}ar
NCCC#CCO,-1566.03,64.97325305519496,DAAA^AAB
C=C(C)C(C)OC,-1842.76,80.4579435068714,A~A{A}A{A}BA
C#CC(C=C)NC,-1608.42,67.34522583822016,A^AA{A~A}DA
OC1C2C=CC1N2,-1309.33,50.60936031156274,BArAsA~AArDs
CCOC(C)CO,-1789.95,77.50290970947673,AABA{A}AB
CN=C(CO)NC,-1600.69,66.91268633331842,AD~A{AB}DA
NC1(CO)CNC1,-1583.17,65.93233806347644,DAr{AB}ADAr
[CH]1C=N[C]2CCN12,-1389.73,55.10821881015265,{AH}rA~D{A}sAADrs
C#CC1C(N)C1N,-1489.33,60.68143157706253,A^AArA{D}ArD
C#CC(C)C(N)=O,-1457.69,58.910985272393575,A^AA{A}A{D}~B
CC1C=CC=C1,-1489.69,60.70157571959354,AArA~AA~Ar
C=CC(N)C(=O)O,-1414.1,56.47186534759837,A~AA{D}A{~B}B
CCC(C)(C)O,-1700.91,72.52059179014282,AAA{A}{A}B
CNC1C(C)C1O,-1710.44,73.05385200769955,ADArA{A}ArB
CCC(O)C(C)C,-1993.9,88.91512601280273,AAA{B}A{A}A
C#C[CH]C=C[N]O,-1261.74,47.94641658086754,A^A{AH}A~A{D}B
NC(=O)CC1CO1,-1320.33,51.22487577778773,DA{~B}AArABr
CC1C(CN)N1C,-1528.71,62.884976946147994,AArA{AD}DrA
OC1CCC1O,-1356.07,53.22474148350419,BArAAArB
CN1CCC1,-1313.49,50.84213706969874,ADrAAAr
CC(C)(C)[CH][N]N,-1781.77,77.04519002641122,AA{A}{A}{AH}{D}D
OCc1ccno1,-1123.47,40.20938717041945,BAaraadbr
C=Cc1ccon1,-1314.33,50.889140068937735,A~Aaraabdr
CC(N)C(C)(C)O,-1871.07,82.04205649312861,AA{D}A{A}{A}B
C=C(CN)OC=O,-1670.67,70.82848381753884,A~A{AD}BA~B
[CH2][N]NCCOC,-1562.66,64.78468149872421,{AHs}{D}DAABA
CN[N][CH]C1CO1,-1423.22,56.98218362505036,AD{D}{AH}ArABr
C#CC=CC=CC,-1615.95,67.7665741528269,A^AA~AA~AA
NCC1CCO1,-1418.68,56.72814360535387,DAArAABr
CC=CO[CH][N]N,-1439.4,57.887550919915846,AA~AB{AH}{D}D
CN(C)CC(N)=O,-1620.3,68.00998254174314,AD{A}AA{D}~B
C=C(CN)C(C)O,-1720.72,73.62907918886253,A~A{AD}A{A}B
C=COC=CCN,-1721.15,73.65314024799679,A~ABA~AAD
C#CC(C#N)CC,-1495.81,61.044026142620524,A^AA{A^D}AA
CC(N)C1CC1O,-1718.24,73.49030842920453,AA{D}ArAArB
C#CC1CC(=O)O1,-1238.9,46.668382649178575,A^AArAA{~B}Br
C=CC(C)(O)C=O,-1520.52,62.42669770356775,A~AA{A}{B}A~B
C=CCCNC=O,-1606.45,67.23499261381441,A~AAADA~B
C=CS(=O)(=O)C#N,-1221.07,45.67068803437934,A~AE{~B}{~B}A^D
NCCCCO,-1570.8,65.2401629437307,DAAAAB
C#CC(C=C)C=O,-1410.66,56.27937687452439,A^AA{A~A}A~B
C#CCO[CH][N]O,-1223.38,45.7999462822866,A^AAB{AH}{D}B
NC1C=COC1,-1295.84,49.854514526165,DArA~ABAr
C#CC1C=NNC1,-1657.3,70.0803527463181,A^AArA~DDAr
CC(C)C1NC1C,-1911.75,84.31834459913156,AA{A}ArDArA
CC1=COC(=O)C1,-1415.1,56.527821299073366,AAr~ABA{~B}Ar
CC(C)NC(N)=O,-1642.43,69.24828774788487,AA{A}DA{D}~B
NC(=O)C1CC1O,-1481.88,60.2645597385738,DA{~B}ArAArB
C#CC(C)(C)NC,-1753.66,75.47226823044902,A^AA{A}{A}DA
C#CCC(N)C#C,-1459.37,59.00499127087156,A^AAA{D}A^A
CCC(C#N)C#N,-1402.49,55.82221675097364,AAA{A^D}A^D
C#CC(C)(O)CC,-1693.16,72.08693316621157,A^AA{A}{B}AA
Cc1cc(=N)o[nH]1,-1320.71,51.24613903934823,Aaraa{~D}b{dH}r
C=C1NC(=N)CO1,-1346.82,52.70714893236045,A~ArDA{~D}ABr
C=C(CC)C(N)=O,-1617.24,67.83875733022965,A~A{AA}A{D}~B
[NH][C]1NCCC1=O,-1359.63,53.42394467075519,{DH}{A}rDAAAr~B
NC(=O)C1CCC1,-1410.52,56.27154304131788,DA{~B}ArAAAr
CC1CC(C)(O)C1,-1850.56,80.89439992837637,AArAA{A}{B}Ar
COC=COC,-1337.53,52.18731814315771,ABA~ABA
C=C1CCCC1C,-1924.09,85.00884104033305,A~ArAAAArA
NC1CC=NOC1,-1441.72,58.01736872733785,DArAA~DBAr
C1=CC2CN2CC1,-1643.51,69.30872017547787,Ar~AAsADsAAr
C1=NN2CC2CC1,-1497.58,61.143068176731276,Ar~DDsAAsAAr
CCC#N,-914.2,28.499485205246437,AAA^D
CC1CCC=CO1,-1727.05,73.98328036169927,AArAAA~ABr
CC=C(C)CNC,-1915.62,84.5348941313398,AA~A{A}ADA
CC1=CCOC1C,-1722.67,73.73819329423878,AAr~AABArA
CC1NCC2NC12,-1791.4,77.58404583911545,AArDAAsDArs
CC=CC(C)=NO,-1571.09,65.25639016965845,AA~AA{A}~DB
Cn1cc(O)cn1,-1344.42,52.57285464882046,Adraa{B}adr
O=CCC1CNC1,-1583.12,65.92954026590267,B~AAArADAr
C1=NOCCOC1,-1353.47,53.079256009669194,Ar~DBAABAr
C#CC1=CCCO1,-1422.25,56.927906352119614,A^AAr~AAABr
CC(C)S([O])([O])O,-1581.87,65.85959532655892,AA{A}E{{B}}{{B}}B
COC(CN)CN,-1724.96,73.86633242311653,ABA{AD}AD
O=S1(=O)CCC1O,-1645.66,69.42902547114912,B~Er{~B}AAArB
C=CCNC=O,-1308.78,50.57858453825149,A~AADA~B
CC1(N)C(N)C1O,-1586.98,66.14553023859618,AAr{D}A{D}ArB
OC1C2C=NNC12,-1564.48,64.8865213304087,BArAsA~DDArs
C#CCN1CC1,-1307.46,50.50472268230449,A^AADrAAr
CC1CC(N)C1,-1620.31,68.01054210125788,AArAA{D}Ar
C=C(C)CCN,-1624.54,68.24723577599713,A~A{A}AAD
CC#CC(=O)CC,-1571.76,65.2938806571467,AA^AA{~B}AA
CC1CCCC1N,-1483.76,60.369756927346806,AArAAAArD
[CH2]C=C(C)[N][N][CH2],-1503.66,61.48328036169928,{AHs}A~A{A}{D}{D}{AHs}
C=C(C)CO,-1258.28,47.752808988764045,A~A{A}AB
C#CCC=O,-966.71,31.437732217198626,A^AAA~B
CC(C)NC=O,-1456.9,58.866780070728325,AA{A}DA~B
CC=CC(C)=CC,-1914.37,84.46494919199606,AA~AA{A}~AA
C=C(C)CN(C)C,-1909.28,84.18013339898832,A~A{A}AD{A}A
Cc1ccccc1,-1685.29,71.6465598281033,Aaraaaaar
C=COC(C)C=O,-1512.97,62.00423026993152,A~ABA{A}A~B
CCN1CC(O)C1,-1709.01,72.97383499709031,AADrAA{B}Ar
OCCCC1CN1,-1279.43,48.936277362460274,BAAAArADr
CCC1CCC1N,-1786.0,77.28188370115046,AAArAAArD
ON=C1CCOC1,-1241.88,46.835131384574076,BD~ArAABAr
CC(C)C(O)C=O,-1664.61,70.48939075160034,AA{A}A{B}A~B
O=CC1=CCCO1,-1393.07,55.295111688079146,B~AAr~AAABr
C[N][CH]NC1CC1,-1652.99,69.83918259546087,A{D}{AH}DArAAr
C=C(OC)C(N)=O,-1414.1,56.47186534759837,A~A{BA}A{D}~B
C=C(CN)C1CO1,-1566.95,65.02473253055196,A~A{AD}ArABr
C=CC1C=NNC1,-1898.75,83.59091722995659,A~AArA~DDAr
CCCC1CCO1,-1844.49,80.55474730292315,AAAArAABr
C#CC(C)CC#N,-1499.45,61.24770580598954,A^AA{A}AA^D
C=CCOCC#N,-1443.62,58.123685035140326,A~AABAA^D
N=CNCCCO,-1411.34,56.31742692152737,D~ADAAAB
CCOCC1CC1,-1839.45,80.27272930748917,AABAArAAr
NCC1C=CCN1,-1660.65,70.26780518375935,DAArA~AADr
O=C1NCC2CC12,-1347.37,52.73792470567169,B~ArDAAsAArs
CN(C)C=CC#N,-1529.05,62.90400196964949,AD{A}A~AA^D
C1CC2CC2CN1,-1782.24,77.07148932360447,ArAAsAAsADr
COCC1CO1,-1335.01,52.04630914544071,ABAArABr
CC(N)C1(C)CO1,-1715.47,73.3353104436188,AA{D}Ar{A}ABr
CN=C(C=O)NC,-1466.33,59.39444469313756,AD~A{A~B}DA
CC#CCCCO,-1697.89,72.35160481668832,AA^AAAAB
C=CC=O,-831.06,23.84730739961502,A~AA~B
C=CCC,-1159.41,42.220444066430915,A~AAA
O[N][CH]C1CC1O,-1424.7,57.06499843323336,B{D}{AH}ArAArB
C#CC#CC=CC,-1447.42,58.336317650745336,A^AA^AA~AA
CC1NC1C=O,-1288.11,49.42197502126326,AArDArA~B
C=CC=CC1CC1,-1761.54,75.91320112807199,A~AA~AArAAr
C#CC(=O)OCC,-1374.78,54.27167733560142,A^AA{~B}BAA
O=CC#CC1CO1,-1208.95,44.992501902502354,B~AA^AArABr
C=CCC=CCN,-1775.27,76.68147634182372,A~AAA~AAD
C=CS(=O)(=O)NC,-1916.86,84.60427951116881,A~AE{~B}{~B}DA
N#Cc1ccno1,-1059.31,36.61925332378352,D^Aaraadbr
[O]S([O])(O)C1CC1,-1294.03,49.75323425399526,{B}E{{B}}{B}ArAAr
[CH2][N]N1CC(O)C1,-1583.12,65.92954026590267,{AHs}{D}DrAA{B}Ar
N=CNC1CC1,-1363.56,53.64385156005193,D~ADArAAr
C=C(C)C(=C)OC,-1703.97,72.6918170016563,A~A{A}A{~A}BA
OC1CC(O)C1,-1353.39,53.0747795335512,BArAA{B}Ar
OCC1COC1,-1346.23,52.6741349209902,BAArABAr
C=CC1(N)COC1,-1566.12,64.97828909082769,A~AAr{D}ABAr
COC1C=NNC1,-1448.0,58.36877210260083,ABArA~DDAr
N#CCCCO,-1307.02,50.480102063655494,D^AAAAB
C=C(C)C(C)=CC,-1908.75,84.15047674470657,A~A{A}A{A}~AA
CC1(C)CCCN1,-1573.44,65.3878866556247,AAr{A}AAADr
C#CCC(C)=O,-1270.27,48.42372084694929,A^AAA{A}~B
CCC=C(C)CC,-2050.01,92.05481445006491,AAA~A{A}AA
CC1NCC1N,-1481.86,60.2634406195443,AArDAArD
C#CC1NC1CN,-1481.87,60.26400017905903,A^AArDArAD
C#CC(C#C)OC,-1372.73,54.15696763507767,A^AA{A^A}BA
CCC#CCC#N,-1492.4,60.85321634809079,AAA^AAA^D
C=CCNCCC,-1912.68,84.37038363400333,A~AADAAA
C1=NOCCCN1,-1441.45,58.0022606204396,Ar~DBAAADr
CC(O)C1NC1C,-1717.55,73.45169882268678,AA{B}ArDArA
C=C(C)C(=O)O,-1247.44,47.14624647477506,A~A{A}A{~B}B
C1=NOCC1,-980.76,32.22391333542236,Ar~DBAAr
CCC1CCN1,-1617.81,67.87065222257038,AAArAADr
C1=NOC2CNC12,-1293.27,49.71070773087426,Ar~DBAsADArs
[CH2][N]OCOC=C,-1345.32,52.62321500514795,{AHs}{D}BABA~A
C#CC(=N)N(C)O,-1266.16,48.193741886387045,A^AA{~D}D{A}B
C#CC(C)CO,-1396.99,55.51445901786114,A^AA{A}AB
O=Cc1ccsn1,-1115.27,39.75054836832446,B~Aaraasdr
C#CC(=O)C=O,-927.43,29.239782443260662,A^AA{~B}A~B
C#CC(C)(O)C#C,-1385.08,54.84802363579391,A^AA{A}{B}A^A
NN=C1CCCC1,-1659.18,70.1855499350911,DD~ArAAAAr
C=C(C)S([O])([O])O,-1579.28,65.71466941223869,A~A{A}E{{B}}{{B}}B
COCC(C)C#N,-1592.58,66.45888356685617,ABAA{A}A^D
Cn1occc1=O,-1256.3,47.64201620484355,Adrbaaar~B
C#CCN(C)CC,-1750.39,75.28929226912577,A^AAD{A}AA
COCC(C)C,-1688.27,71.81330856349881,ABAA{A}A
CC1CCN1,-1322.48,51.345181073458974,AArAADr
CC(N)C1CO1,-1415.86,56.570347822194364,AA{D}ArABr
[CH2][N]OC(C)CN,-1565.88,64.9648596624737,{AHs}{D}BA{A}AD
CC=CCCC,-1754.18,75.50136532521601,AA~AAAA
C1NCC2NC12,-1353.02,53.05407583150544,ArDAAsDArs
CC(CN)N1CC1,-1777.9,76.82864049420297,AA{AD}DrAAr
C=COCC(C)N,-1717.74,73.46233045346703,A~ABAA{A}D
C1=NN=CC2OC12,-1165.21,42.5449885849859,Ar~DD~AAsBArs
C=C1CCC=CO1,-1581.91,65.86183356461794,A~ArAAA~ABr
[CH2][N]NCCC=C,-1628.38,68.46210662966114,{AHs}{D}DAAA~A
N#Cc1cc[nH]c1,-1293.74,49.73700702806751,D^Aaraa{dH}ar
N#CC1CC(=O)C1,-1453.71,58.68828058552308,D^AArAA{~B}Ar
N#CCCC1CN1,-1522.92,62.560991987107755,D^AAAArADr
C=CC(=C)OCC,-1707.7,72.90053270065806,A~AA{~A}BAA
COCCC(C)N,-1855.61,81.17697748332513,ABAAA{A}D
C=CCC1COC1,-1696.08,72.25032454451855,A~AAArABAr
Cc1ccoc1C,-1604.99,67.15329692466092,AaraabarA
O=CCCC1CC1,-1715.05,73.31180894399928,B~AAAArAAr
CC1CNC1CN,-1786.04,77.28412193920946,AArADArAD
CCOC[CH][N]O,-1497.98,61.16545055732127,AABA{AH}{D}B
C1=NC2CC(C2)N1,-1528.48,62.87210707730874,Ar~DAsAA{As}Dr
CCCOC=O,-1380.38,54.58503066386142,AAABA~B
OC[CH][N]N1CC1,-1468.02,59.4890102511303,BA{AH}{D}DrAAr
CNC(C=O)CO,-1528.09,62.85028425623349,ADA{A~B}AB
O=C1C=CNC1=O,-1240.61,46.76406732620081,B~ArA~ADAr~B
CC1C(N)CN1C,-1541.07,63.57659250637898,AArA{D}ADrA
C#CC(C)C(C)N,-1760.54,75.85724517659699,A^AA{A}A{A}D
Cn1sccc1=N,-1296.74,49.90487488249251,Adrsaaar~D
CCC(=O)N(C)C,-1746.71,75.08337436769776,AAA{~B}D{A}A
CNCC(C)C,-1760.75,75.86899592640674,ADAA{A}A
CCC(C)CNC,-2055.09,92.3390706835579,AAA{A}ADA
C=C(CN)C(C)N,-1789.77,77.4928376382112,A~A{AD}A{A}D
[CH2][N]N(C)CCO,-1562.12,64.75446528492769,{AHs}{D}D{A}AAB
CC1CC(C)(C)O1,-1853.06,81.03428980706387,AArAA{A}{A}Br
CC(N)CC1CN1,-1783.97,77.16829311965621,AA{D}AArADr
CN[N][CH]C(C)=O,-1456.12,58.82313442857781,AD{D}{AH}A{A}~B
CC(=O)CCC#N,-1478.89,60.097251443663566,AA{~B}AAA^D
C=CC(C)C#N,-1359.44,53.41331303997494,A~AA{A}A^D
C#CC1(C)COC1,-1542.04,63.63086977930973,A^AAr{A}ABAr
CC[CH][N]OC=O,-1382.32,54.69358520972291,AA{AH}{D}BA~B
COCCCOC,-1774.79,76.65461748511572,ABAAABA
C=Cc1ccc[nH]1,-1907.37,84.07325753167106,A~Aaraaa{dH}r
CCC1=CCOC1,-1720.47,73.61509020099378,AAAr~AABAr
CC(C#N)CCO,-1603.22,67.05425489055017,AA{A^D}AAB
CCNC(=O)CN,-1628.37,68.46154707014637,AADA{~B}AD
OC1C=CCC1,-1429.92,57.35708849993286,BArA~AAAr
CC1=CS[C]([NH])N1,-1408.29,56.14676126952863,AAr~AE{A}{{DH}}Dr
OCCC1CC1O,-1642.19,69.23485831953087,BAAArAArB
C=CC=CC=O,-1287.12,49.36657862930301,A~AA~AA~B
NCC#C[CH][N]O,-1575.59,65.50819195129594,DAA^A{AH}{D}B
N#CC=CC1CO1,-1304.19,50.321746720981245,D^AA~AArABr
CNCCCCN,-1926.68,85.15376695465332,ADAAAAD
C=CCNNC=O,-1456.37,58.83712341644656,A~AADDA~B
CC=CC#CC=O,-1423.32,56.987779220197865,AA~AA^AA~B
C#CC1CN(C)C1,-1606.29,67.2260396615784,A^AArAD{A}Ar
CCC(C)=CCO,-1850.65,80.89943596400914,AAA{A}~AAB
CCOCC1CO1,-1634.43,68.80064013608488,AABAArABr
C#CC(C#N)=NO,-1169.02,42.758180760105645,A^AA{A^D}~DB
CC(C)(O)CO,-1503.7,61.48551859975828,AA{A}{B}AB
C=CC#CCCO,-1554.71,64.33983168449797,A~AA^AAAB
C=CC(O)CNC,-1716.13,73.37224137159228,A~AA{B}ADA
C#CC(C#C)C#C,-1277.49,48.82772281659878,A^AA{A^A}A^A
COC1=CCNC1,-1583.01,65.92338511124045,ABAr~AADAr
O=COC1CNC1,-1615.04,67.71565423698465,B~ABArADAr
O[N][CH]C1CCC1,-1353.46,53.07869645015444,B{D}{AH}ArAAAr
CC1CC(N)CO1,-1735.44,74.45275079457451,AArAA{D}ABr
C1=NOC2CCC12,-1426.86,57.18586328841935,Ar~DBAsAAArs
CCNCCC=O,-1727.42,74.00398406374502,AADAAA~B
C=CC1CC1CC,-1899.39,83.62672903890059,A~AArAArAA
C=C(CN)C(N)=O,-1277.0,48.80030440037603,A~A{AD}A{D}~B
CNC(C=O)C=O,-1391.19,55.18991449930615,ADA{A~B}A~B
CCOC,-1096.09,38.67731321903397,AABA
CCN(C)CC,-1754.89,75.54109405076326,AAD{A}AA
CC1CC1O,-1250.33,47.30795917453781,AArAArB
[CH2]c1cc[nH]c1[NH],-1448.88,58.418013339898835,{AHs}araa{dH}ar{DH}
C#CC(O)C=O,-1058.82,36.59183490756077,A^AA{B}A~B
C#CC(=O)N(C)N,-1299.23,50.04420520166525,A^AA{~B}D{A}D
CC(O)C(C)CN,-1867.93,81.86635480549714,AA{B}A{A}AD
O=S1(=O)CCCN1,-1297.16,49.92837638211201,B~Er{~B}AAADr
CCN(O)C(C)=N,-1575.72,65.5154662249877,AAD{B}A{A}~D
O=C1CC2CC1C2,-1580.88,65.80419893459869,B~ArAAsAArAs
C=COC,-953.53,30.70023277675814,A~ABA
CCC(C)NC=O,-1752.2,75.39057254129551,AAA{A}DA~B
CNCCC(C)O,-1862.4,81.55691839384038,ADAAA{A}B
CC1C=CCC1,-1628.19,68.45147499888088,AArA~AAAr
CC#CC(C)C=O,-1566.33,64.99003984063745,AA^AA{A}A~B
N#CCCC1CC1,-1655.49,69.97907247414837,D^AAAArAAr
CC(C=O)=CN,-1307.99,50.53437933658624,AA{A~B}~AD
CC(N)COC=O,-1547.29,63.924638524553465,AA{D}ABA~B
CN1CC1C1CO1,-1555.1,64.36165450557321,ADrAArArABr
CC=C(C)CCC,-2050.89,92.1040556873629,AA~A{A}AAA
C#CC(=C)C#C,-1151.7,41.789023680558664,A^AA{~A}A^A
C#CC(C#C)C#N,-1501.2,61.34562872107079,A^AA{A^A}A^D
NC1CC=CC1O,-1597.99,66.76160526433593,DArAA~AArB
NC12CNC(C1)C2,-1646.06,69.4514078517391,DArsADA{Ar}As
CC1=COCC1N,-1596.37,66.6709566229464,AAr~ABAArD
O=C1CC=NOC1,-1458.34,58.94735664085233,B~ArAA~DBAr
CCCOC(N)=O,-1570.55,65.22617395586195,AAABA{D}~B
C#CC(C)=CCN,-1622.77,68.14819374188639,A^AA{A}~AAD
CCC(C)=NO,-1414.07,56.47018666905412,AAA{A}~DB
C1NCC2CC1N2,-1645.68,69.43014459017863,ArDAAsAArDs
CC(C)(O)C=O,-1368.87,53.940977662384164,AA{A}{B}A~B
COC(C)(C)C#N,-1588.48,66.22946416580866,ABA{A}{A}A^D
C=CC(C)(C)C=O,-1715.78,73.35265678857604,A~AA{A}{A}A~B
O=Cc1ccns1,-1115.58,39.767894713281706,B~Aaraadsr
C#CC=CCC,-1455.97,58.814741035856585,A^AA~AAA
CC1C2CCCN12,-1780.81,76.9914723129952,AArAsAAADrs
CC1CC(=O)N1C,-1609.75,67.4196472536819,AArAA{~B}DrA
COC=CCOC,-1635.48,68.85939388513361,ABA~AABA
NC1(CO)CC1,-1423.25,56.98386230359461,DAr{AB}AAr
C=CC1OC1CN,-1566.35,64.99115895966695,A~AArBArAD
O=C1C=CCN1O,-1768.92,76.32615604995748,B~ArA~AADrB
CN(C)C1CNC1,-1764.28,76.06652043511349,AD{A}ArADAr
C=C1C=CCCO1,-1587.05,66.14944715519943,A~ArA~AAABr
Cc1cnsc1O,-1917.82,84.65799722458482,AaradsarB
O=C1OCC2NC12,-1456.42,58.83992121402033,B~ArBAAsDArs
CC(C)(O)C1CO1,-1646.75,69.49001745825686,AA{A}{B}ArABr
C=CC(C=O)CO,-1514.31,62.079211244908,A~AA{A~B}AB
CC1C(C)C1C#N,-1657.51,70.09210349612786,AArA{A}ArA^D
CC1C=NN(C)C1,-1552.82,64.23407493621022,AArA~DD{A}Ar
C#CC(=O)C=CC,-1424.25,57.03981825506961,A^AA{~B}A~AA
C#CC(=C)C1CN1,-1611.5,67.51757016876314,A^AA{~A}ArADr
CC(=O)OCCN,-1553.3,64.26093379291822,AA{~B}BAAD
CCc1ccoc1,-1600.05,66.87687452437441,AAaraabar
C=C1CCCCO1,-1724.71,73.85234343524778,A~ArAAAABr
C#CC=CC1CO1,-1396.32,55.47696853037289,A^AA~AArABr
C=CC=C(C)OC,-1708.55,72.9480952594118,A~AA~A{A}BA
CC1(CN)CC1,-1620.54,68.02341197009713,AAr{AD}AAr
CC[N][CH]NOC,-1561.11,64.69794977393796,AA{D}{AH}DBA
CCC(CC)CO,-1990.38,88.71816106361074,AAA{AA}AB
CC(CN)N(C)C,-1919.15,84.73241864004656,AA{AD}D{A}A
NCC(O)C1CO1,-1565.9,64.96597878150321,DAA{B}ArABr
CCNC(C)CC,-2057.81,92.4912708715699,AADA{A}AA
C=C1C=CCNC1,-1792.47,77.6439187071937,A~ArA~AADAr
N#CC#CC1CO1,-1138.18,41.032499216616685,D^AA^AArABr
O=CC1CNC1=O,-1475.58,59.9120372442813,B~AArADAr~B
OC12C=CC(C1)C2,-1557.23,64.48084068221496,BArsA~AA{Ar}As
CCC(C=O)CO,-1660.29,70.24766104122834,AAA{A~B}AB
OC1CC=COC1,-1527.09,62.7943283047585,BArAA~ABAr
C#CCC=CCO,-1547.18,63.918483369891234,A^AAA~AAB
CCC1(N)CC1,-1623.38,68.18232687228614,AAAr{D}AAr
[CH2]C=C[N][N][CH]C,-1508.75,61.76809615470701,{AHs}A~A{D}{D}{AH}A
O=CC1COC1,-1211.2,45.1184027933211,B~AArABAr
C=C(C)C(N)CN,-1791.17,77.5711759702762,A~A{A}A{D}AD
CCNC1CNC1,-1768.66,76.31160750257399,AADArADAr
Cc1coc(O)c1,-1407.25,56.08856707999463,Aaraba{B}ar
COC=CCC=O,-1514.01,62.06242445946552,ABA~AAA~B
CC(O)CCO,-1501.58,61.366891982631266,AA{B}AAB
CC=C1C=CCO1,-1586.37,66.11139710819641,AA~ArA~AABr
CNc1ccco1,-1469.22,59.55615739290032,ADaraaabr
CNC(=O)C1CN1,-1476.65,59.97191011235955,ADA{~B}ArADr
NS(=O)(=O)C1CC1,-1219.46,45.580598952504594,DE{~B}{~B}ArAAr
C1CNC1,-1018.41,34.33065490845607,ArADAr
CN1CS(=O)(=O)C1,-1437.1,57.75885223152334,ADrAE{~B}{~B}Ar
C1=CCOC1,-1125.26,40.309548323559696,Ar~AABAr
C=C(C)C=CC=O,-1586.18,66.10076547741619,A~A{A}A~AA~B
CCC1(O)CCC1,-1848.38,80.77241595416089,AAAr{B}AAAr
C=C(C#N)OC,-1153.89,41.91156721428892,A~A{A^D}BA
[CH2][N]OCCC#N,-1302.22,50.2115134965755,{AHs}{D}BAAA^D
C=C(C)C(=O)NN,-1469.98,59.5986839160213,A~A{A}A{~B}DD
COC1=CC=CC1,-1580.85,65.80252025605444,ABAr~AA~AAr
C1=NNC2CC12,-1213.24,45.2325529343301,Ar~DDAsAArs
C=COCC=O,-1214.72,45.3153677425131,A~ABAA~B
CC1OCCO1,-1365.5,53.75240610591343,AArBAABr
NC(=O)C1CNC1,-1612.68,67.58359819150365,DA{~B}ArADAr
C=C(CN)CO,-1423.83,57.01631675545011,A~A{AD}AB
C1CC1C1CN1,-1468.0,59.487891132100806,ArAArArADr
C1=COC=NNC1,-1312.66,50.795693629974494,Ar~ABA~DDAr
NC1CNCC1O,-1604.79,67.1421057343659,DArADAArB
Cc1coc(N)c1,-1479.26,60.11795514570931,Aaraba{D}ar
CC1NCC1CN,-1520.73,62.4384484533775,AArDAArAD
CN1CC1CO,-1412.01,56.35491740901563,ADrAArAB
CC1CN1,-1025.03,34.70108330722056,AArADr
C#CC1CNC1,-1311.9,50.753167106853496,A^AArADAr
Oc1cccs1,-1074.92,37.49272572630826,Baraaasr
C#CC1CC1C=C,-1599.99,66.87351716728593,A^AArAArA~A
C#CC=CC(C)O,-1553.05,64.24694480504947,A^AA~AA{A}B
C=C1CCCC1=C,-1522.05,62.512310309324505,A~ArAAAAr~A
C1=CCON=C1,-1131.83,40.677178924750436,Ar~AABD~Ar
CCN(C)[CH][N]C,-1793.06,77.67693271856393,AAD{A}{AH}{D}A
CC(=O)CN(C)C,-1726.03,73.92620529119478,AA{~B}AD{A}A
NCC1NCC1O,-1586.91,66.14161332199293,DAArDAArB
C=CC(=N)NCC,-1663.75,70.44126863333183,A~AA{~D}DAA
C=C1CCOC1C,-1720.62,73.62348359371502,A~ArAABArA
CCO[N][CH]C#N,-1302.67,50.23669367473926,AAB{D}{AH}A^D
C=CC1CC(O)C1,-1702.17,72.5910962890013,A~AArAA{B}Ar
CCCC(N)CN,-1933.52,85.5365056627423,AAAA{D}AD
C=COC1CC1N,-1568.34,65.1025113031022,A~ABArAArD
Cc1ccc(C)s1,-1444.63,58.18020054613009,Aaraaa{A}sr
C#CCC(=O)C=C,-1421.32,56.87586731724787,A^AAA{~B}A~A
CCN1CC1,-1315.05,50.92942835399973,AADrAAr
C#CC1CCC1N,-1615.27,67.7285241058239,A^AArAAArD
C=CC(O)C#N,-1155.49,42.00109673664891,A~AA{B}A^D
CC1CC1(N)CN,-1787.96,77.39155736604145,AArAAr{D}AD
CCN(C=O)CC,-1746.49,75.07106405837325,AAD{A~B}AA
C1=NOC2CC12,-1127.5,40.434889654863696,Ar~DBAsAArs
CC(O)C#CCN,-1566.44,64.9961949952997,AA{B}A^AAD
COC(C)C(N)=O,-1553.14,64.25198084068224,ABA{A}A{D}~B
CC1ON=CC1N,-1447.98,58.367652983571325,AArBD~AArD
C#CC1CC1C#C,-1446.52,58.28595729441783,A^AArAArA^A
C=CC1CC=NO1,-1428.24,57.26308250145486,A~AArAA~DBr
CCN(C=N)OC,-1564.39,64.88148529477597,AAD{A~D}BA
CCC1=N[N]S[CH]1,-1686.67,71.72377904113883,AAAr~D{D}E{AH}r
CC#CC(O)C#N,-1299.39,50.05315815390126,AA^AA{B}A^D
CN(C)S(C)(=O)=O,-1440.94,57.973723085187345,AD{A}E{A}{~B}~B
C=C(CC)C1CN1,-2062.4,92.74810868884015,A~A{AA}ArADr
OCCCC1CC1,-1844.56,80.55866421952638,BAAAArAAr
CC1CC(N)CN1,-926.22,29.172075741975917,AArAA{D}ADr
CCC#CCNC,-1759.92,75.82255248668248,AAA^AADA
C=C(C)C(C)O,-1555.44,64.38067952907471,A~A{A}A{A}B
CC=COC1CC1,-1697.04,72.30404225793455,AA~ABArAAr
CCNS(C)(=O)=O,-1264.0,48.07287703120104,AADE{A}{~B}~B
CC=C(CN)CN,-1791.15,77.5700568512467,AA~A{AD}AD
CC=C(C)C=O,-1431.09,57.422556963158605,AA~A{A}A~B
c1cnsc1,-850.55,24.93788889386275,aradsar
C#CC1CC1OC,-1535.36,63.25708402345674,A^AArAArBA
CCC1(CO)CC1,-1845.61,80.61741796857514,AAAr{AB}AAr
CNC(C)CN,-1631.59,68.64172523389588,ADA{A}AD
CCONC(C)=O,-1519.2,62.35283584762077,AABDA{A}~B
c1snc2c1NC2,-1197.01,44.32438784189087,arsdasarDAs
NC1CC1O,-1122.73,40.167979766327946,DArAArB
C#CC#CC(=O)O,-1075.22,37.50951251175075,A^AA^AA{~B}B
[CH2][N]NCCC,-1478.64,60.08326245579482,{AHs}{D}DAAA
CN(C=O)N1CC1,-1439.99,57.9205649312861,AD{A~B}DrAAr
CNCC(C)CO,-1860.91,81.47354402614265,ADAA{A}AB
CC(O)CC(C)O,-1799.27,78.02441917722369,AA{B}AA{A}B
CC(C)=C(C)C#N,-1803.68,78.27118492322846,AA{A}~A{A}A^D
C=CCCCNC,-1911.3,84.29316442096781,A~AAAADA
NCC1C=CCC1,-1794.78,77.77317695510095,DAArA~AAAr
COC1CNC1C,-1703.82,72.68342360893504,ABArADArA
CC1CC1C1CO1,-1693.77,72.1210662966113,AArAArArABr
CCOCC=O,-1356.26,53.235373114284435,AABAA~B
CC1=NNCCC1,-1519.27,62.356752764224,AAr~DDAAAr
NC1=CC(=O)OC1,-1301.04,50.145485473835,DAr~AA{~B}BAr
C1CCNCC1,-1639.58,69.08881328618111,ArAADAAr
c1snc2c1CC2,-1779.9,76.94055239715297,arsdasarAAs
CC(N)C(C)CN,-1932.33,85.46991808048703,AA{D}A{A}AD
CCCC(=N)NC,-1808.45,78.5380948117642,AAAA{~D}DA
C=C(C=O)CC=O,-1390.01,55.12388647656565,A~A{A~B}AA~B
CC(O)CN,-1277.37,48.82100810242177,AA{B}AD
C1C2OC1C1CC21,-1535.9,63.28730023725324,ArAsBArArAAsr
N#CCC[CH][N]O,-1268.21,48.308451586910785,D^AAA{AH}{D}B
CNC1CC1N,-1485.61,60.473275437575545,ADArAArD
C#CCNC(C)=N,-1507.74,61.71158064371728,A^AADA{A}~D
C#CC(C)C#C,-1291.01,49.58424728054076,A^AA{A}A^A
C#CC(=CC)CO,-1550.92,64.12775862840772,A^AA{~AA}AB
CC(O)C#CCO,-1494.62,60.977438560365265,AA{B}A^AAB
NC1CCOCC1,-1735.84,74.47513317516452,DArAABAAr
CC(C)(C)C,-1602.07,66.98990554635391,AA{A}{A}A
[CH2][N]OC(C)C,-1400.71,55.72261515734814,{AHs}{D}BA{A}A
CC1OC(C)C1O,-1650.84,69.71887729978961,AArBA{A}ArB
CCC(C)(N)CN,-1934.31,85.58071086440752,AAA{A}{D}AD
C=CCCCC=O,-1716.77,73.40805318053629,A~AAAAA~B
NCc1ccns1,-1314.63,50.90592685438024,DAaraadsr
O=CCC=CCO,-1517.47,62.256032051569015,B~AAA~AAB
CCN1CCC1=O,-1609.94,67.43027888446215,AADrAAAr~B
Cc1cnsc1,-1148.94,41.63458525448767,Aaradsar
C#CCC(=C)OC,-1543.69,63.72319709924348,A^AAA{~A}BA
[CH2]C(=C[N]N)CO,-1456.32,58.834325618872825,{AHs}A{~A{D}D}AB
C=CC(CN)CN,-1787.75,77.3798066162317,A~AA{AD}AD
C=CC1NC1C=C,-1745.67,75.02518017816375,A~AArDArA~A
CNCC=CC=O,-1587.07,66.15056627422894,ADAA~AA~B
C=CCO[CH][N]N,-1466.53,59.40563588343257,A~AAB{AH}{D}D
C#Cc1nnco1,-1040.33,35.55720936478804,A^Aarddabr
CC1CCC1O,-1553.26,64.25869555485923,AArAAArB
CC(C)N(N)C=O,-1604.42,67.12140203232016,AA{A}D{D}A~B
CC#CC1OC1C,-1549.51,64.04886073682798,AA^AArBArA
CNC(=O)C(C)N,-1627.89,68.4346882134384,ADA{~B}A{A}D
CCC(O)C(C)N,-1866.44,81.78298043779937,AAA{B}A{A}D
O[N][CH]NC1CC1,-1432.64,57.50928868794487,B{D}{AH}DArAAr
C#CCCC=C,-1450.68,58.51873405255384,A^AAAA~A
[CH2][N]OC,-803.46,22.302923138905058,{AHs}{D}BA
C=CC(N)C=CC,-1775.71,76.70609696047272,A~AA{D}A~AA
CC(C)C#CCN,-1656.66,70.04454093737411,AA{A}A^AAD
O=C1C2COC1C2,-1366.13,53.787658355342685,B~ArAsABArAs
C=CC(O)CCC,-1848.22,80.76346300192489,A~AA{B}AAA
COC(=O)C(C)N,-1551.14,64.14006893773224,ABA{~B}A{A}D
CC=CCCN,-1624.79,68.26122476386588,AA~AAAD
COC=CCCN,-1715.32,73.32691705089753,ABA~AAAD
[CH2]C(=C[N]N)CC,-1642.35,69.24381127176686,{AHs}A{~A{D}D}AA
O=C1CCCCN1,-1492.35,60.85041855051703,B~ArAAAADr
C=CC(C=C)C=C,-1755.39,75.56907202650076,A~AA{A~A}A~A
C#CS(=O)(=O)C=C,-996.47,33.10298133309459,A^AE{~B}{~B}A~A
CC1=CCNC1=O,-1496.52,61.08375486816777,AAr~AADAr~B
CNCC(=O)NC,-1619.65,67.9736111732844,ADAA{~B}DA
C#CC1NCC1N,-1477.53,60.021151349657565,A^AArDAArD
C#CC(N)=O,-862.34,25.59760956175299,A^AA{D}~B
COC=CC=O,-1224.99,45.890035364161335,ABA~AA~B
CC(=O)CC(N)=O,-1435.81,57.68666905412059,AA{~B}AA{D}~B
C=CC(C)(C)OC,-1839.39,80.26937195040067,A~AA{A}{A}BA
CC1=CCN2CC12,-1573.2,65.37445722727071,AAr~AADsAArs
CC1CC(=O)NN1,-1478.02,60.048569765880295,AArAA{~B}DDr
C#CC(C)CN,-1466.65,59.41235059760957,A^AA{A}AD
C1NC1C1CN1,-1335.73,52.086597430502714,ArDArArADr
CC1C=CCCC1,-1927.95,85.22483101302657,AArA~AAAAr
C=COC=C(C)C,-1707.0,72.86136353462554,A~ABA~A{A}A
COC1CC1C=O,-1507.08,61.67464971574376,ABArAArA~B
OC1C2CCOC12,-1509.46,61.807824880254266,BArAsAABArs
C#CC(=O)CCO,-1363.76,53.65504275034693,A^AA{~B}AAB
CCC1CC(C)O1,-1849.16,80.8160615963114,AAArAA{A}Br
C=CC(=C)C=CC,-1765.39,76.12863154125075,A~AA{~A}A~AA
C=C1C=CC(C)C1,-1787.31,77.3551859975827,A~ArA~AA{A}Ar
CCC1(C)COC1,-1842.53,80.44507363803214,AAAr{A}ABAr
CC#CC(=O)NN,-1312.18,50.76883477326649,AA^AA{~B}DD
C#CC(C)=NO,-1111.83,39.55805989525046,A^AA{A}~DB
COCC1NC1C,-1706.05,72.8082053807243,ABAArDArA
C1Cc2nsnc21,-1269.02,48.35377590760554,ArAasdsdasr
CC=C1C=COC1,-1585.36,66.05488159720669,AA~ArA~ABAr
c1ccnnc1,-1105.67,39.21337123416448,araaddar
C=NN(C=O)CC,-1463.15,59.21650476744707,A~DD{A~B}AA
COC1CNC1,-1405.02,55.96378530820538,ABArADAr
C1OC2CNC1C2,-1596.43,66.67431398003492,ArBAsADArAs
C=CC=CCC#N,-1356.06,53.22418192398944,A~AA~AAA^D
O=C1CCC(=O)C1,-1416.95,56.63133980930212,B~ArAAA{~B}Ar
CC=COC(C)=O,-1541.05,63.57547338734948,AA~ABA{A}~B
CCOCCC=O,-1654.94,69.9482967008371,AABAAA~B
CC1C=CC=NO1,-1430.41,57.384506916155615,AArA~AA~DBr
C#CC(C)(N)CC,-1761.44,75.90760553292449,A^AA{A}{D}AA
NCC1COCO1,-1528.82,62.891132100810246,DAArABABr
NC1CCOC1=O,-1427.73,57.234544966202606,DArAABAr~B
CC(O)C1CCC1,-1847.5,80.72317471686289,AA{B}ArAAAr
CCC1(NC)CC1,-1933.2,85.51859975827031,AAAr{DA}AAr
C=CC(C=C)=CC,-1763.5,76.02287479296298,A~AA{A~A}~AA
NC(CO)C1CO1,-1722.58,73.73315725860601,DA{AB}ArABr
C#CC1COC1,-1244.2,46.96494919199606,A^AArABAr
C=COC=CC=O,-1378.51,54.48039303460316,A~ABA~AA~B
C=CCC=CC=O,-1577.93,65.63912887774745,A~AAA~AA~B
CCC(C)(C)C=O,-1861.74,81.51998746586688,AAA{A}{A}A~B
CC(C=O)=CC=O,-1391.46,55.2050226062044,AA{A~B}~AA~B
CC(=N)NCC#N,-1415.86,56.570347822194364,AA{~D}DAA^D
CC1COCOC1,-1661.16,70.2963427190116,AArABABAr
C=CC(=C)C(C)=O,-1580.85,65.80252025605444,A~AA{~A}A{A}~B
OC12CNCC1C2,-1582.09,65.87190563588344,BArsADAArAs
CC(=CC=O)CO,-1525.39,62.699203187251015,AA{~AA~B}AB
CC(O)C1(C)CC1,-1849.25,80.82109763194414,AA{B}Ar{A}AAr
CCC(C#N)CC,-1802.28,78.19284659116344,AAA{A^D}AA
C#CCC1CC1N,-1616.05,67.7721697479744,A^AAArAArD
C=CC(CO)CO,-1648.69,69.59857200411837,A~AA{AB}AB
C=C[CH]C=C[N]O,-1421.56,56.88929674560187,A~A{AH}A~A{D}B
CCN[N][CH]OC,-1577.57,65.61898473521644,AAD{D}{AH}BA
CC(C)N(O)C=N,-1575.03,65.47685661846995,AA{A}D{B}A~D
CC(C)C(=O)NO,-1525.53,62.707037020457506,AA{A}A{~B}DB
CCC1C(N)C1N,-1373.51,54.20061327722817,AAArA{D}ArD
Cc1cc(O)co1,-1405.33,55.981131653162635,Aaraa{B}abr
Nc1cc[nH]c1O,-1349.1,52.83472850172344,Daraa{dH}arB
C#CC=CCN,-1324.42,51.45373561932048,A^AA~AAD
CNC(C#N)CO,-1464.7,59.303236492233324,ADA{A^D}AB
C1=CCNC=NC1,-1525.86,62.72550248444425,Ar~AADA~DAr
CC1(CO)COC1,-1643.43,69.30424369935987,AAr{AB}ABAr
C=CCC(N)=O,-1318.65,51.13086977930974,A~AAA{D}~B
C=C(C)C(=C)C=O,-1576.73,65.57198173597743,A~A{A}A{~A}A~B
C=C(C)C=CC,-1617.0,67.82532790187564,A~A{A}A~AA
CNC1(CN)CC1,-1779.91,76.94111195666773,ADAr{AD}AAr
C=CC(=C)CC#N,-1515.02,62.11893997045525,A~AA{~A}AA^D
c1ccccc1,-1387.27,54.97056716952415,araaaaar
CNC1CCC1=O,-1585.4,66.05711983526568,ADArAAAr~B
O=CC1C=NN=C1,-1189.89,43.92598146738888,B~AArA~DD~Ar
C[CH][N]N(C)C,-1472.15,59.720108330722056,A{AH}{D}D{A}A
C=CC=C,-1018.95,34.36087112225257,A~AA~A
NCC1CC(N)C1,-1786.48,77.30874255785845,DAArAA{D}Ar
COC(C)C1CC1,-1837.87,80.18431890415863,ABA{A}ArAAr
C#CC(C)(C)C=O,-1557.98,64.5228076458212,A^AA{A}{A}A~B
C=COCC(C)O,-1650.58,69.7043287524061,A~ABAA{A}B
CC#CC(C)=O,-1275.89,48.73819329423878,AA^AA{A}~B
CON1CCC1=O,-1366.32,53.798289986122924,ABDrAAAr~B
CC1COC1,-1249.87,47.2822194368593,AArABAr
C1=CC2CCC1C2,-1761.22,75.89529522359999,Ar~AAsAAArAs
CN(C)C1(C)CC1,-1902.25,83.78676306011909,AD{A}Ar{A}AAr
C=C(NC=O)OC,-1406.54,56.04883835444738,A~A{DA~B}BA
CC1NCC1(C)N,-1649.76,69.65844487219663,AArDAAr{A}D
C=CC1OC1C=O,-1361.71,53.54033304982318,A~AArBArA~B
OCCC1CNC1,-1712.3,73.15793007744304,BAAArADAr
C=CC(=O)N1CC1,-1443.43,58.1130534043601,A~AA{~B}DrAAr
C#CC(=C)OC,-1247.46,47.14736559380456,A^AA{~A}BA
C#CCCCC#N,-1776.13,76.72959846009222,A^AAAAA^D
CO[CH][N]N(C)C,-1569.24,65.1528716594297,AB{AH}{D}D{A}A
CC12CCCN1C2,-1784.42,77.19347329781996,AArsAAADrAs
C#CCCOC,-1387.01,54.956018622140654,A^AAABA
OCC=CC1CO1,-1494.43,60.96680692958504,BAA~AArABr
C=CC1COC1,-1397.5,55.54299655311339,A~AArABAr
CC(C=O)CCO,-1662.36,70.3634898607816,AA{A~B}AAB
C=C(C#N)C=O,-1029.4,34.945610815166305,A~A{A^D}A~B
CC(C)C[CH][N]N,-1781.51,77.03064147902771,AA{A}A{AH}{D}D
CC1=CC(=O)C=C1,-1458.75,58.97029858095706,AAr~AA{~B}A~Ar
CC1CC=CC1,-1628.48,68.46770222480863,AArAA~AAr
C=CC(C=C)CO,-1700.43,72.49373293343481,A~AA{A~A}AB
COC1(C)COC1,-1634.05,68.77937687452437,ABAr{A}ABAr
O=CN1CC(O)C1,-1422.94,56.966515958637366,B~ADrAA{B}Ar
C=CC1C(C)C1C,-1790.23,77.5185773758897,A~AArA{A}ArA
NCC1CCC1N,-1781.62,77.03679663368995,DAArAAArD
CC=CC(O)C#N,-1455.67,58.79795425041408,AA~AA{B}A^D
C=CC1CC(=O)N1,-1464.48,59.29092618290881,A~AArAA{~B}Dr
CC12CC1CCN2,-1786.19,77.29251533193072,AArsAArAADs
CCn1cccc1,-1677.17,71.19219750212633,AAdraaaar
NCCOCCN,-1504.67,61.53979587268902,DAABAAD
CCCCCOC,-1983.35,88.32479072474148,AAAAABA
O=C1CC(O)C1,-1229.3,46.13120551501858,B~ArAA{B}Ar
C=C1CC=C(C)C1,-1785.88,77.27516898697345,A~ArAA~A{A}Ar
NC1C2C=CC1N2,-1481.53,60.244975155557555,DArAsA~AArDs
CCC(=O)NOC,-1515.68,62.155870898428766,AAA{~B}DBA
CC1=C([NH])NC[CH]1,-1257.13,47.68845964456781,AAr~A{{DH}}DA{AH}r
CC(O)CNC=O,-1555.97,64.41033618335648,AA{B}ADA~B
OCC1CC1CO,-1647.91,69.55492636196787,BAArAArAB
CCC=CCC#N,-1662.1,70.34894131339809,AAA~AAA^D
C1=CCCOC=C1,-1584.63,66.01403375262993,Ar~AAABA~Ar
O=S1(=O)CC(O)C1,-1936.61,85.70940955280004,B~Er{~B}AA{B}Ar
Cc1ccsn1,-1151.19,41.760486145306416,Aaraasdr
CC(C)(C#N)C=O,-1465.82,59.36590715788532,AA{A}{A^D}A~B
CNC(C)C#N,-1368.01,53.892855544115676,ADA{A}A^D
C#CC(C=O)NC,-1420.65,56.838376829759625,A^AA{A~B}DA
C=C1CCOCC1,-1721.9,73.69510721160303,A~ArAABAAr
C=C(C)OCC,-1554.92,64.35158243430772,A~A{A}BAA
C=C(C#N)C(N)=O,-1370.22,54.016518196875424,A~A{A^D}A{D}~B
CC1C=CC(C)N1,-1430.86,57.40968709431935,AArA~AA{A}Dr
C#CC(C)OC=O,-1373.31,54.18942208693317,A^AA{A}BA~B
Cc1cs[nH]c1=O,-1295.88,49.85675276422401,Aaras{dH}ar~B
CC1COCCN1,-1728.72,74.07672680066253,AArABAADr
C#CC(=C)C=O,-1123.74,40.2244952773177,A^AA{~A}A~B
C1CC(C2CC2)N1,-1765.39,76.12863154125075,ArAA{AsAAs}Dr
COc1cc[nH]c1,-1471.43,59.679820045660065,ABaraa{dH}ar
C=CC(C=C)CN,-1772.22,76.51081068982498,A~AA{A~A}AD
N#CC#CC(N)=O,-1562.68,64.78580061775372,D^AA^AA{D}~B
C=C(CC)CC=O,-1718.08,73.48135547696852,A~A{AA}AA~B
CC1NCCC1O,-1734.67,74.40966471193876,AArDAAArB
C#CC=C(C)CN,-1623.7,68.20023277675814,A^AA~A{A}AD
C#CCNC,-1161.87,42.3580957070594,A^AADA
CC1=CC=C(C)C1,-1792.26,77.63216795738396,AAr~AA~A{A}Ar
CC(C)C1CCN1,-1914.67,84.48173597743856,AA{A}ArAADr
Cn1ccoc1=O,-1292.55,49.67041944581226,Adraabar~B
OCCC1CO1,-1345.95,52.6584672545772,BAAArABr
C#CCN(O)C=N,-1239.32,46.69188414879807,A^AAD{B}A~D
OCC(O)C1CN1,-1661.23,70.30025963561484,BAA{B}ArADr
CC=CC=CCN,-1920.38,84.8012444603608,AA~AA~AAD
CC1C=CC=NN1,-1901.3,83.73360490621783,AArA~AA~DDr
N#CC1COC1,-1152.69,41.844420072518915,D^AArABAr
NCC1CC=CO1,-1593.2,66.49357625677068,DAArAA~ABr
CC1=CCOC1=O,-1422.05,56.91671516182461,AAr~AABAr~B
C#CC(C#C)=NO,-1268.92,48.34818031245804,A^AA{A^A}~DB
C=C(C#CC)CC,-1757.3,75.67594789381799,A~A{A^AA}AA
C#CCC(=C)C=C,-1605.92,67.20533595953266,A^AAA{~A}A~A
COC1CC1C,-1539.6,63.494337257710725,ABArAArA
CC1=CC=CC1O,-1585.58,66.06719190653118,AAr~AA~AArB
C#CCC(O)C#C,-1389.53,55.09702761985765,A^AAA{B}A^A
CC1OCS1(=O)=O,-1325.75,51.528157034782225,AArBAEr{~B}~B
CCN1CC1CO,-1710.9,73.07959174537804,AADrAArAB
O=S1(=O)CCCC1,-1096.2,38.68346837369623,B~Er{~B}AAAAr
CC1OCC2CC21,-1712.83,73.18758673172478,AArBAAsAAsr
CC1C(C=O)N1C,-1578.77,65.68613187698644,AArA{A~B}DrA
N=CN(O)C1CC1,-1434.21,57.597139531760604,D~AD{B}ArAAr
C=CC(=C)CCO,-1708.02,72.91843860513004,A~AA{~A}AAB
OCC1CCCN1,-1331.8,51.86669054120597,BAArAAADr
C=C(C)C(O)C#N,-1455.07,58.764380679529076,A~A{A}A{B}A^D
CC=C(C)COC,-1842.27,80.43052509064864,AA~A{A}ABA
COCOC(C)C,-1783.54,77.14423206052196,ABABA{A}A
C1OC2COC1C2,-1525.84,62.72438336541475,ArBAsABArAs
O=CCNC1CC1,-1450.75,58.52265096915708,B~AADArAAr
CC1(C)C=CCN1,-1424.93,57.07786830207261,AAr{A}A~AADr
C=C(C)OCCN,-1721.01,73.64530641479028,A~A{A}BAAD
C1=NOCCCO1,-1364.28,53.68413984511393,Ar~DBAAABr
C=CCOCC=C,-1693.31,72.09532655893281,A~AABAA~A
OCC1=NCCN1,-1361.94,53.553202918662436,BAAr~DAADr
C=CC1OC1CO,-1494.91,60.99366578629304,A~AArBArAB
NCCN1CC1,-1480.89,60.209163346613565,DAADrAAr
CC(C)(N)C(=O)O,-1564.18,64.86973454496622,AA{A}{D}A{~B}B
C#CCCC(=C)C,-1749.39,75.23333631765077,A^AAAA{~A}A
CC(CN)C(=O)O,-1563.52,64.8328036169927,AA{AD}A{~B}B
CC1=NCCN1,-1385.72,54.883835444737905,AAr~DAADr
CC1=CCN=CN1,-1219.74,45.59626661891759,AAr~AAD~ADr
C=COC(C)OC,-1641.99,69.22366712923588,A~ABA{A}BA
NCCCCN,-1637.27,68.95955503827386,DAAAAD
CCCCOC,-1687.56,71.77357983795156,AAAABA
O=S1(=O)CC=CN1,-1009.94,33.85670799946283,B~Er{~B}AA~ADr
CC=CCCNC,-1914.32,84.46215139442232,AA~AAADA
c1n[nH]c2c1CC2,-1376.82,54.385827476610416,ard{dH}asarAAs
OCCOC1CC1,-1636.06,68.89184833698911,BAABArAAr
[CH2][N][N][CH]OC=C,-1301.04,50.145485473835,{AHs}{D}{D}{AH}BA~A
C=C(C)C(=C)CN,-1624.03,68.2186982407449,A~A{A}A{~A}AD
C=C(C)S(N)(=O)=O,-1443.74,58.13039974931735,A~A{A}E{D}{~B}~B
CC1C=NN=CO1,-1317.94,51.091141053762485,AArA~DD~ABr
C#CC1(O)COC1,-1339.89,52.31937418863871,A^AAr{B}ABAr
CN(C)N(C)C=O,-1590.29,66.33074443797842,AD{A}D{A}A~B
CC(C)CN(C)C,-2051.29,92.12643806795292,AA{A}AD{A}A
CC1C2C=COC12,-1572.06,65.31066744258919,AArAsA~ABArs
CCOC(=O)CN,-1552.43,64.21225211513497,AABA{~B}AD
C#CC1CN1C,-1309.73,50.63174269215274,A^AArADrA
C=CCC(=O)NN,-1161.48,42.33627288598416,A~AAA{~B}DD
NC=C1C=NOC1,-1312.18,50.76883477326649,DA~ArA~DBAr
CN1CCOCC1,-1720.75,73.63075786740679,ADrAABAAr
C#CC1C=CCN1,-1374.88,54.27727293074893,A^AArA~AADr
OC=C1C=NN=C1,-1457.06,58.87573302296432,BA~ArA~DD~Ar
CCC1CC1(C)C,-2047.12,91.89310175030215,AAArAAr{A}A
CNCC(O)CN,-1733.32,74.33412417744752,ADAA{B}AD
CCNCC(N)=O,-1626.77,68.37201754778638,AADAA{D}~B
C=C1CC(N)CO1,-1595.56,66.62563230225166,A~ArAA{D}ABr
C#CCCC(N)=O,-1226.76,45.98907739827208,A^AAAA{D}~B
CC(O)C1CC1C,-1849.57,80.83900353641614,AA{B}ArAArA
[CH2]c1ccoc1[CH2],-1447.61,58.34694928152559,{AHs}araabar{AHs}
N#CCCCC=O,-1454.41,58.72744975155559,D^AAAAA~B
COCCC(C)O,-1786.48,77.30874255785845,ABAAA{A}B
CC1OCC1CN,-1716.78,73.40861274005104,AArBAArAD
[HH].[HH],-1330.8,51.81073458973097,{HH}!{HH}
C1CC2CNC2C1,-1748.95,75.20871569900177,ArAAsADAsAr
[CH2]C=C[N]OC=O,-1240.08,46.734410671919065,{AHs}A~A{D}BA~B
N#Cc1ccns1,-1049.76,36.084873987197284,D^Aaraadsr
C=CC(N)C#CC,-1621.59,68.08216571914589,A~AA{D}A^AA
CCS(=O)(=O)C#N,-1435.8,57.68610949460585,AAE{~B}{~B}A^D
NC1CC2CN2C1,-1651.96,69.7815479654416,DArAAsADsAr
C=C(CC)CCN,-1782.01,77.0586194547652,A~A{AA}AAD
N#CC1=NOCC1,-1180.16,43.38153005953714,D^AAr~DBAAr
CC(=NN)C(C)C,-1784.87,77.2186534759837,AA{~DD}A{A}A
CC1=NOCC1,-1282.77,49.12317024038677,AAr~DBAAr
CC=CC(C)OC,-1843.18,80.48144500649092,AA~AA{A}BA
C=CC1CCN1,-1469.62,59.5785397734903,A~AArAADr
CC(=O)N1CC1C,-1585.81,66.08006177537042,AA{~B}DrAArA
CC=CC1CCN1,-1617.09,67.8303639375084,AA~AArAADr
CCCOCC=O,-1651.98,69.7826670844711,AAABAA~B
N#CC1CC1,-1063.44,36.850351403375264,D^AArAAr
C#CC(=O)C(C)O,-1366.65,53.81675545010968,A^AA{~B}A{A}B
O=CC1(O)CNC1,-1379.69,54.546421057343665,B~AAr{B}ADAr
N#CC=CN,-949.91,30.49767223241864,D^AA~AD
CCCC=COC,-1844.66,80.5642598146739,AAAA~ABA
CC(=NO)C1CN1,-1425.63,57.11703746810512,AA{~DB}ArADr
COC1COC1,-1335.86,52.093871704194456,ABArABAr
[CH2]C=C[N]O,-972.64,31.769551009445365,{AHs}A~A{D}B
Cc1cc(N)co1,-1475.85,59.92714535117955,Aaraa{D}abr
CC1NC(C)C1C,-1805.48,78.37190563588344,AArDA{A}ArA
CC(=O)C(C)=NO,-1384.91,54.838511124043166,AA{~B}A{A}~DB
CC=C1CCCC1,-1924.31,85.02115134965754,AA~ArAAAAr
CCN=C(C)NO,-1576.99,65.58653028336094,AAD~A{A}DB
CCC(C)C(=O)O,-1685.76,71.67285912529658,AAA{A}A{~B}B
C=CCC(C)(C)O,-1853.29,81.04715967590313,A~AAA{A}{A}B
COC=CC1CO1,-1489.8,60.70773087425579,ABA~AArABr
C[N]C=C[CH]NO,-1428.17,57.259165584851615,A{D}A~A{AH}DB
O=C(CO)C1CN1,-1247.03,47.12330453467031,B~A{AB}ArADr
C=CC#CC(=N)N,-1371.8,54.10492860020592,A~AA^AA{~D}D
C=CC1=COCO1,-1376.47,54.36624289359417,A~AAr~ABABr
CC#CC=CCO,-1558.15,64.53232015757196,AA^AA~AAB
C=C(OC)C(C)C,-1846.88,80.68848202694839,A~A{BA}A{A}A
CCC1CCCN1,-1915.81,84.54552576212005,AAArAAADr
C=CC#CC1CO1,-1401.23,55.75171225211514,A~AA^AArABr
N#Cc1cccs1,-1180.52,43.401674202068136,D^Aaraaasr
CC(C)(O)C#N,-1306.83,50.46947043287524,AA{A}{B}A^D
CCCN1CC1C,-1909.19,84.17509736335558,AAADrAArA
ON=C1C=CC=C1,-1445.43,58.2249653073101,BD~ArA~AA~Ar
C=C(CO)C(=N)N,-1312.26,50.773311249384484,A~A{AB}A{~D}D
CNCCNC,-1623.94,68.21366220511214,ADAADA
NC(=O)C=CC=O,-1285.6,49.28152558306101,DA{~B}A~AA~B
CC1COCO1,-1363.65,53.64888759568469,AArABABr
C=C(C)C(=O)C=O,-1387.21,54.967209812435655,A~A{A}A{~B}A~B
C=C1CNC(=O)N1,-1374.58,54.260486145306416,A~ArADA{~B}Dr
C#CC1=N[N]O[CH]1,-1017.04,34.25399525493532,A^AAr~D{D}B{AH}r
CCC1(C)CN1,-1619.05,67.9400376023994,AAAr{A}ADr
N=C1CCC(=O)N1,-1377.94,54.448498142262416,D~ArAAA{~B}Dr
C1=CCC=CC1,-1491.18,60.78495008729129,Ar~AAA~AAr
C[CH][N]NCCC,-1779.47,76.91649133801872,A{AH}{D}DAAA
C1CC2CC(C2)O1,-1707.66,72.89829446259905,ArAAsAA{As}Br
N#CC1CC=CC1,-1533.39,63.14685079905101,D^AArAA~AAr
CC=CC(C)CN,-1624.58,68.24947401405613,AA~AA{A}AD
C1CC2CCC1O2,-1735.24,74.44155960427952,ArAAsAAArBs
CC12CCC(C1)N2,-1776.26,76.73687273378397,AArsAAA{Ar}Ds
C1CC1,-860.33,25.485138099288246,ArAAr
C#CCC(C)O,-1397.35,55.53460316039214,A^AAA{A}B
OC1C2C=NOC12,-1568.38,65.1047495411612,BArAsA~DBArs
C#CS(C)(=O)=O,-944.51,30.19551009445365,A^AE{A}{~B}~B
O[N][CH]C1CNC1,-1558.52,64.55302385961771,B{D}{AH}ArADAr
CC#CC1CC1N,-1769.53,76.36028918035723,AA^AArAArD
COCCN1CC1,-1696.76,72.28837459152156,ABAADrAAr
O=C1CCNC1,-1311.6,50.736380321410984,B~ArAADAr
CC1OC=CCO1,-1525.9,62.72774072250325,AArBA~AABr
C#CC1CN1,-1018.13,34.31498724204307,A^AArADr
CC#CCCCC,-1898.25,83.56293925421909,AA^AAAAA
NCC1=CCCO1,-1594.53,66.56799767223244,DAAr~AAABr
C=CC1CC(C)O1,-1702.2,72.59277496754557,A~AArAA{A}Br
Cc1ccon1,-1162.86,42.41349209901965,Aaraabdr
C#CC(C)(N)C=C,-1617.42,67.84882940149515,A^AA{A}{D}A~A
C#C[C]([NH])N1CC1,-1341.96,52.435203008191955,A^A{A}{{DH}}DrAAr
CC(O)C1CC1,-1552.42,64.21169255562022,AA{B}ArAAr
C=COCCC,-1550.44,64.10089977169972,A~ABAAA
CC#CCC1CC1,-1749.12,75.21822821075249,AA^AAArAAr
C1CC2CC(C1)O2,-1716.33,73.38343256188728,ArAAsAA{Ar}Bs
CC1CON=CO1,-1374.99,54.28342808541117,AArABD~ABr
O=CCN1CC1,-1277.49,48.82772281659878,B~AADrAAr
NCC1CCCO1,-1732.85,74.30782488025426,DAArAAABr
C#CC(=O)CC=C,-1417.01,56.63469716639062,A^AA{~B}AA~A
C1C2OC1C1NC21,-1399.93,55.67896951519764,ArAsBArArDAsr
COC(N)=CC#N,-1338.76,52.256143963471956,ABA{D}~AA^D
CCCC#N,-1210.27,45.06636375844935,AAAA^D
C1C2CC2C2CC12,-1673.89,71.00866198128836,ArAsAAsAsAArs
C#CCC(=O)O,-1088.49,38.252047987823985,A^AAA{~B}B
CNC(C)=NOC,-1574.21,65.43097273826045,ADA{A}~DBA
CN(C=N)C1CC1,-1651.18,69.73790232329112,AD{A~D}ArAAr
C#CC1NC1C=C,-1768.04,76.27691481265948,A^AArDArA~A
CC1CN=CN1C,-1540.23,63.529589507139974,AArAD~ADrA
NC(=O)CN1CC1,-1125.12,40.30171449035319,DA{~B}ADrAAr
CNC(=O)CCN,-1624.97,68.2712968351314,ADA{~B}AAD
C1=COC=CCC1,-1580.39,65.77678051837596,Ar~ABA~AAAr
C=C(CC)CN,-1623.4,68.18344599131564,A~A{AA}AD
COCC#CCO,-1482.56,60.30260978557679,ABAA^AAB
C1CCOC1,-1268.15,48.305094229822295,ArAABAr
CC=C1CCNC1,-1540.54,63.54693585209723,AA~ArAADAr
N[N]C=C[CH]CO,-1282.81,49.12540847844577,D{D}A~A{AH}AB
CC(C)N1CC1C,-1912.1,84.3379291821478,AA{A}DrAArA
CC1CC(O)C1,-1551.14,64.14006893773224,AArAA{B}Ar
CC1C(N)C1(C)O,-1716.28,73.38063476431354,AArA{D}Ar{A}B
O=C1CCN2CC12,-1344.27,52.5644612560992,B~ArAADsAArs
CCC[CH][N]N,-1483.47,60.353529701419056,AAA{AH}{D}D
CC1=CCC2OC12,-1570.77,65.23848426518644,AAr~AAAsBArs
C=C1CN=CN1C,-1534.19,63.19161556023099,A~ArAD~ADrA
NC1CCNC1,-1506.9,61.66457764447827,DArAADAr
CCC(C#N)NC,-1665.58,70.54366802453109,AAA{A^D}DA
C[N]C1=C[CH]NO1,-1310.76,50.68937732217199,A{D}Ar~A{AH}DBr
N#CC=C(N)C#N,-1148.4,41.60436904069118,D^AA~A{D}A^D
CC(C)(C)NC=N,-1805.7,78.38421594520796,AA{A}{A}DA~D
CCN(C)C(N)=O,-1632.05,68.66746497157438,AAD{A}A{D}~B
C=C1CC[C]([NH])N1,-1366.48,53.807242938358925,A~ArAA{A}{{DH}}Dr
CCCC(C)O,-1699.08,72.41819239894355,AAAA{A}B
NC=CC(=O)C=O,-1400.81,55.72821075249564,DA~AA{~B}A~B
C=Cc1cn[nH]c1,-1621.14,68.05698554098215,A~Aarad{dH}ar
CC1(O)C=CCC1,-1729.11,74.09854962173777,AAr{B}A~AAAr
CC1=CCOCO1,-1525.14,62.685214199382266,AAr~AABABr
CO[N][CH]N(C)C,-1563.15,64.81209991494696,AB{D}{AH}D{A}A
CC#CC=CC,-1460.88,59.089484757598825,AA^AA~AA
CC1NC(=O)C1C,-1613.99,67.65690048793591,AArDA{~B}ArA
CC(C#N)=CC#N,-1268.07,48.30061775370429,AA{A^D}~AA^D
C=C1CC=COC1,-1579.47,65.72530104301894,A~ArAA~ABAr
C#CCCN1CC1,-1606.14,67.21764626885718,A^AAADrAAr
OCc1ccon1,-1274.15,48.64082993867229,BAaraabdr
C#CC(=NN)OC,-1276.14,48.75218228210753,A^AA{~DD}BA
CC=CC(=O)O,-1248.18,47.187653878866556,AA~AA{~B}B
CCC(=O)NC,-1458.71,58.96806034289808,AAA{~B}DA
COCCC1CO1,-1632.42,68.68816867362013,ABAAArABr
COCC1(C)CN1,-1705.73,72.79029947625229,ABAAr{A}ADr
Cc1cocc1N,-1473.48,59.7945297461838,AarabaarD
NC1C=CC2OC12,-1440.02,57.92224360983034,DArA~AAsBArs
OCc1ccsn1,-1785.12,77.23264246385244,BAaraasdr
C=COS(C)([O])[O],-1316.0,50.98258650790098,A~ABE{A}{{B}}{B}
CN=C1CCON1,-1437.23,57.76612650521509,AD~ArAABDr
CCC(N)CO,-1571.53,65.28101078830746,AAA{D}AB
OC1CNC2CC12,-1590.08,66.31899368816867,BArADAsAArs
C#CC(C)(C)CC,-1890.32,83.11920855902234,A^AA{A}{A}AA
C=CC(C)C=CC,-1904.97,83.93896324813107,A~AA{A}A~AA
C=CC1C(N)C1N,-1642.93,69.27626572362237,A~AArA{D}ArD
CCOCC,-1395.15,55.41150006714715,AABAA
COC(C)=C(C)C,-1844.87,80.57601056448362,ABA{A}~A{A}A
C#CCC=C(C)C,-1750.24,75.28089887640449,A^AAA~A{A}A
NCC(N)C1CO1,-1729.59,74.12540847844578,DAA{D}ArABr
O=CC1CC=CO1,-1389.22,55.0796812749004,B~AArAA~ABr
C1C2NC1C1OC21,-1405.43,55.98672724831013,ArAsDArArBAsr
[CH2][N]N(C)CC#N,-1366.13,53.787658355342685,{AHs}{D}D{A}AA^D
C=CC(C)CNC,-1911.04,84.27861587358431,A~AA{A}ADA
C=C1C=CC(C)O1,-1589.17,66.26807377232643,A~ArA~AA{A}Br
Cc1nscc1N,-1211.08,45.1116880791441,AardsaarD
CC(C)(C)CC=O,-1861.22,81.49089037109988,AA{A}{A}AA~B
CCC1CC(=O)C1,-1724.05,73.81541250727427,AAArAA{~B}Ar
C#CC#CC1CO1,-1234.05,46.396996284524825,A^AA^AArABr
C#CCC(=C)C#C,-1447.48,58.339675007833826,A^AAA{~A}A^A
OCC1CCNC1,-1599.84,66.86512377456467,BAArAADAr
C=C(CO)CC=O,-1517.02,62.23085187340525,A~A{AB}AA~B
C=C(CNC)OC,-1710.27,73.04433949594879,A~A{ADA}BA
C=CC=CC(=O)O,-1404.39,55.928533058776146,A~AA~AA{~B}B
CC#CCCNC,-1762.49,75.96635928197324,AA^AAADA
NC1CC(O)C1N,-1580.81,65.80028201799543,DArAA{B}ArD
CNC(=O)N1CC1,-1474.93,59.87566587582256,ADA{~B}DrAAr
CC1COC2CC12,-1709.2,72.98446662787055,AArABAsAArs
CN(C)CCN,-1624.59,68.25003357357089,AD{A}AAD
C1CC2CC2C1,-1620.42,68.01669725592015,ArAAsAAsAr
CC(N)C1CC1,-1621.33,68.06761717176238,AA{D}ArAAr
C=CC(=O)CCC,-1724.39,73.83443753077579,A~AA{~B}AAA
COCC=CCO,-1640.13,69.11958905949237,ABAA~AAB
C#CC(C)NCC,-1757.72,75.69944939343749,A^AA{A}DAA
CCC(C)NC,-1760.97,75.88130623573123,AAA{A}DA
O=CC1CCC1=O,-1389.7,55.1065401316084,B~AArAAAr~B
CCC1CC(C)N1,-1907.99,84.10795022158557,AAArAA{A}Dr
CC(O)C(C)(C)N,-1870.74,82.02359102914187,AA{B}A{A}{A}D
C#CCC(C)NC,-1756.95,75.65636331080175,A^AAA{A}DA
CC1(C)NCC1=O,-1593.15,66.49077845919692,AAr{A}DAAr~B
C#CC(C)CCN,-1761.37,75.90368861632122,A^AA{A}AAD
C=CCCOC=O,-1530.37,62.97786382559648,A~AAABA~B
C=COC(C)=NO,-1362.61,53.59069340615067,A~ABA{A}~DB
CC1=CC(=O)OC1,-1421.58,56.890415864631365,AAr~AA{~B}BAr
C#CCOC(=C)C,-1545.09,63.80153543130848,A^AABA{~A}A
C=CC1OCC1C,-1699.52,72.44281301759254,A~AArBAArA
C#CCCCOC,-1682.72,71.50275303281258,A^AAAABA
NC1CCC2OC12,-1584.1,65.98437709834818,DArAAAsBArs
[CH2]C(C)=C[N]N,-1343.55,52.5241729710372,{AHs}A{A}~A{D}D
NC1C=CCC1O,-1599.61,66.85225390572542,DArA~AAArB
CC12C=CC(C1)O2,-1547.79,63.952616500290965,AArsA~AA{Ar}Bs
C=C(C)C(O)CO,-1652.52,69.8128832982676,A~A{A}A{B}AB
CCCN(O)C=O,-1516.96,62.22749451631676,AAAD{B}A~B
N#CCCCC#N,-1410.47,56.26874524374413,D^AAAAA^D
C=CC(O)C(C)N,-1723.01,73.75721831774028,A~AA{B}A{A}D
CC1(C)CCNC1,-1323.87,51.42295984600921,AAr{A}AADAr
CC(C)(N)CO,-1573.02,65.36438515600518,AA{A}{D}AB
CC1C2CCCC12,-1915.62,84.5348941313398,AArAsAAAArs
C=CCC1CNC1,-1898.16,83.55790321858635,A~AAArADAr
CC1=CCOC=C1,-1583.76,65.96535207484669,AAr~AABA~Ar
C#CC(=O)CC,-1267.12,48.24745959980303,A^AA{~B}AA
CC(N)CC(N)=O,-1632.27,68.67977528089887,AA{D}AA{D}~B
C=CCNCC=O,-1579.68,65.7370517928287,A~AADAA~B
CC1(O)CC=CC1,-1728.29,74.05266574152827,AAr{B}AA~AAr
C=CC(C=O)C=O,-1380.83,54.61021084202516,A~AA{A~B}A~B
C=CC(C)C,-1455.85,58.80802632167957,A~AA{A}A
NC(=S)N1CCC1,-1543.25,63.69857648059447,DA{~E}DrAAAr
C#CC=CC#CC,-1458.78,58.97197725950133,A^AA~AA^AA
CCC1CCO1,-1548.78,64.00801289225123,AAArAABr
C=C(C#N)C(C)C,-1801.73,78.1620708178522,A~A{A^D}A{A}A
CCN[N][CH]C=O,-1451.77,58.57972603966157,AAD{D}{AH}A~B
CC(=O)NC1CC1,-1608.18,67.33179640986617,AA{~B}DArAAr
O=CCC#CCO,-1361.25,53.51459331214468,B~AAA^AAB
C1=NNCC2OC12,-1299.08,50.035811808944004,Ar~DDAAsBArs
C=C(C)CNC,-1618.53,67.9109405076324,A~A{A}ADA
Cc1c[nH]sc1=O,-1447.47,58.33911544831909,Aara{dH}sar~B
c1scc2c1CC2,-1148.41,41.60492860020593,arsaasarAAs
C=C1CNN=CO1,-1319.39,51.172277183401235,A~ArADD~ABr
C#CC(C)=CC=O,-1423.74,57.011280719817364,A^AA{A}~AA~B
COC(N)=CC=O,-1404.09,55.91174627333363,ABA{D}~AA~B
CC(C)CCCN,-1664.28,70.4709252876136,AA{A}AAAD
CNCC#CCO,-1557.43,64.49203187250997,ADAA^AAB
C1CO1,-653.44,13.908411298625726,ArABr
C#CCC=COC,-1542.93,63.68067057612249,A^AAA~ABA
CCNC(=N)C#N,-1410.34,56.26147097005237,AADA{~D}A^D
CCCC(N)CC,-2063.64,92.81749406866913,AAAA{D}AA
C=CC=CC(=C)C,-1773.29,76.57068355790322,A~AA~AA{~A}A
CCC(=O)NC=O,-1438.99,57.8646089798111,AAA{~B}DA~B
CCCCN(C)C,-2050.74,92.09566229464164,AAAAD{A}A
CC#CC1NC1C,-1766.74,76.20417207574198,AA^AArDArA
CCC(O)C#N,-1304.14,50.318948923407504,AAA{B}A^D
C[CH]C(C)=C[N]N,-1645.53,69.42175119745737,A{AH}A{A}~A{D}D
C[N][CH]NC(C)=O,-1494.2,60.953937060745794,A{D}{AH}DA{A}~B
CCC(C)N,-1472.02,59.7128340570303,AAA{A}D
OCC1CNC1,-1412.16,56.36331080173689,BAArADAr
CC#CCNC,-1464.53,59.293723980482575,AA^AADA
CC=CCC1CO1,-1699.15,72.4221093155468,AA~AAArABr
OC1CCCNC1,-1685.56,71.66166793500156,BArAAADAr
CNCC1(N)CC1,-1780.39,76.96797081337573,ADAAr{D}AAr
CNC1CC(C)C1,-1907.53,84.08221048390708,ADArAA{A}Ar
[CH2]C1=C[C](C)CO1,-1590.78,66.35816285420118,{AHs}Ar~A{A}{A}ABr
NCC#CCN,-1337.98,52.21249832132146,DAA^AAD
CC(C#N)N(C)C,-1656.71,70.04733873494786,AA{A^D}D{A}A
[CH2][N]N1CCCC1,-1640.23,69.12518465463987,{AHs}{D}DrAAAAr
C=Cc1cnsc1,-1014.79,34.12809436411657,A~Aaradsar
C=CC(C#N)NC,-1517.35,62.249317337392,A~AA{A^D}DA
C=C(C)C(=O)C#N,-1327.04,51.600340212184975,A~A{A}A{~B}A^D
C#CC(=NC)NO,-1263.4,48.03930346031605,A^AA{~DA}DB
C#CC=C(C)C,-1458.99,58.98372800931108,A^AA~A{A}A
CC#CCCCN,-1626.55,68.3597072384619,AA^AAAAD
CC=CCCOC,-1841.25,80.37345002014415,AA~AAABA
N#CCCNC=O,-1314.55,50.90145037826223,D^AAADA~B
C#CCC(C)CO,-1692.04,72.02426250055956,A^AAA{A}AB
NCC1(O)CC1N,-1590.17,66.32402972380143,DAAr{B}AArD
CNC1COC1,-1406.71,56.05835086619813,ADArABAr
CC[N][CH]NCC,-1801.31,78.13856931823267,AA{D}{AH}DAA
C=CCC1CN1C,-1762.7,75.978110031783,A~AAArADrA
CN(C)CC#N,-1361.68,53.53865437127893,AD{A}AA^D
CC1CCC1(C)N,-1255.41,47.59221540803081,AArAAAr{A}D
C=C(C)CC=O,-1423.14,56.977707148932375,A~A{A}AA~B
CC1(C)OC1CO,-1648.94,69.61256099198711,AAr{A}BArAB
CCCO[CH][N]O,-1505.79,61.60246653834101,AAAB{AH}{D}B
CC1NCC2OC12,-1581.72,65.8512019338377,AArDAAsBArs
C1CN2CC(C2)O1,-1564.22,64.87197278302521,ArADsAA{As}Br
C#CCCOC=O,-1374.26,54.24258024083442,A^AAABA~B
C#CC=CC(C)=O,-1428.68,57.287703120103856,A^AA~AA{A}~B
CCC(N)C1CN1,-1783.89,77.16381664353823,AAA{D}ArADr
CC(C)(C)C(=O)O,-1685.55,71.66110837548682,AA{A}{A}A{~B}B
CN=c1[nH]ccs1,-1425.7,57.12095438470836,AD~ar{dH}aasr
C1CCCNCC1,-1928.85,85.27519136935403,ArAAADAAr
O=C1C=NN2CC12,-1301.34,50.16227225927749,B~ArA~DDsAArs
C=C(C)C(C)=NN,-1640.96,69.16603249921663,A~A{A}A{A}~DD
NC1CC1,-1029.75,34.96519539818255,DArAAr
NCC#CC(=O)O,-1482.38,60.2925377143113,DAA^AA{~B}B
CCCC1CC1,-1749.36,75.2316576391065,AAAArAAr
C=C1C=COC1=O,-1273.69,48.615090200993784,A~ArA~ABAr~B
CCNC(=S)NC,-1359.78,53.432338063476436,AADA{~E}DA
[CH2][N]OCC(C)O,-1497.64,61.146425533819794,{AHs}{D}BAA{A}B
CCCOCCC,-1986.42,88.49657549576973,AAABAAA
CC(N)CN1CC1,-1777.96,76.83199785129146,AA{D}ADrAAr
O=C1CCCON1,-1283.02,49.13715922825552,B~ArAAABDr
C=C(C)CCCN,-1518.39,62.30751152692602,A~A{A}AAAD
C=CC(N)CCN,-1787.86,77.38596177089396,A~AA{D}AAD
N#CC1=CNCC1,-1411.09,56.30343793365862,D^AAr~ADAAr
C#CC(O)COC,-1482.07,60.27519136935405,A^AA{B}ABA
CC(=O)NN1CC1,-1449.87,58.47340973185907,AA{~B}DDrAAr
CC1CC(O)CN1,-1735.31,74.44547652088275,AArAA{B}ADr
C#CC1(O)CCC1,-1546.45,63.87763552531448,A^AAr{B}AAAr
C#CC(CC)CN,-1761.46,75.90872465195399,A^AA{AA}AD
C#CC(=N)NCC,-1503.76,61.48887595684678,A^AA{~D}DAA
CN(C)CC1CC1,-1904.2,83.89587716549535,AD{A}AArAAr
CC[CH][N]N1CC1,-1625.29,68.28920273960338,AA{AH}{D}DrAAr
CCC(C)=CCN,-1920.8,84.8247459599803,AAA{A}~AAD
O=CNCC1CC1,-1399.78,55.67057612247639,B~ADAArAAr
CC1CC1C#N,-1361.02,53.50172344330543,AArAArA^D
CC12CC1N=CN2,-1529.06,62.90456152916424,AArsAArD~ADs
C1=NNC2COC12,-1306.5,50.45100496888849,Ar~DDAsABArs
OCc1cc[nH]c1,-1189.55,43.906956443887374,BAaraa{dH}ar
N=C(N)C#CCO,-1937.43,85.75529343300956,D~A{D}A^AAB
CC1CC=NO1,-1280.19,48.97880388558127,AArAA~DBr
COC1CC(C)C1,-1839.08,80.25202560544338,ABArAA{A}Ar
CC1CC=CO1,-1427.91,57.24461703746812,AArAA~ABr
CC1CNCC1=O,-1608.52,67.35082143336764,AArADAAr~B
COC[CH][N]OC,-1485.73,60.47999015175254,ABA{AH}{D}BA
CC1(C2CN2)CO1,-1562.89,64.79755136756347,AAr{AsADs}ABr
CC#CCOC=O,-1378.22,54.46416580867541,AA^AABA~B
CC(C)C1(O)CC1,-1848.81,80.79647701329512,AA{A}Ar{B}AAr
C=CC(C)C(C)=O,-1723.22,73.76896906755003,A~AA{A}A{A}~B
CCNC1CCC1,-1907.16,84.06150678186134,AADArAAAr
C1=CCCCCC1,-1786.83,77.32832714087469,Ar~AAAAAAr
CNCC1CCN1,-1777.44,76.80290075652447,ADAArAADr
O=CC#CC1CC1,-1418.45,56.71527373651462,B~AA^AArAAr
CC1CCO1,-1253.18,47.46743363624155,AArAABr
OCC1CCCO1,-1662.2,70.35453690854561,BAArAAABr
CCC1=CCC=C1,-1789.02,77.45087067460496,AAAr~AAA~Ar
N#Cc1cnoc1,-1061.53,36.743475536058014,D^Aaradbar
C=C(C)COC,-1544.61,63.77467657460048,A~A{A}ABA
OC1CCN2CC12,-1319.61,51.18458749272572,BArAADsAArs
C#CC(=O)C=CN,-1718.79,73.52108420251578,A^AA{~B}A~AD
C#CCN[N][CH2],-1174.42,43.06034289807065,A^AAD{D}{AHs}
COC1CC1(C)C,-1837.12,80.14235194055239,ABArAAr{A}A
CC(C)(C)N1CC1,-1906.36,84.01674202068132,AA{A}{A}DrAAr
C=CCN,-1028.25,34.88126147097005,A~AAD
CC1(O)C(N)C1O,-1519.3,62.35843144276826,AAr{B}A{D}ArB
C1OCC2CC1N2,-1570.9,65.24575853887819,ArBAAsAArDs
CC1(N)CC1,-1325.94,51.53878866556247,AAr{D}AAr
CC(N)C1CNC1,-1779.6,76.92376561171045,AA{D}ArADAr
C#CC(C)(O)C#N,-1291.9,49.63404807735352,A^AA{A}{B}A^D
CC1=CC2CN2C1,-1643.68,69.31823268722863,AAr~AAsADsAr
NCC1CC=NO1,-1445.63,58.23615649760509,DAArAA~DBr
[NH][CH]N1CCCC1,-1678.31,71.25598728680782,{DH}{AH}DrAAAAr
C=CC(CO)=NO,-1505.72,61.59854962173778,A~AA{AB}~DB
Cc1cnn(C)c1,-1634.2,68.78777026724563,Aaradd{A}ar
C=C(C)C=CCN,-1919.2,84.73521643762032,A~A{A}A~AAD
NC(=S)NC1CC1,-1295.01,49.808071086440755,DA{~E}DArAAr
CC(O)C[CH][N]N,-1585.99,66.09013384663594,AA{B}A{AH}{D}D
C#CC#CC(C)N,-1458.09,58.93336765298358,A^AA^AA{A}D
CCC(=O)CNC,-1732.12,74.2669770356775,AAA{~B}ADA
C=C1C=NOC1,-1137.56,40.997806526702185,A~ArA~DBAr
C=C(CC)CCC,-2048.73,91.98319083217692,A~A{AA}AAA
C=C(C)N(C)C=O,-1605.74,67.19526388826716,A~A{A}D{A}A~B
C#CC(C)N1CC1,-1605.23,67.16672635301491,A^AA{A}DrAAr
C=CCCC(C)N,-1919.28,84.73969291373831,A~AAAA{A}D
CC1=CC(C)CC1,-1928.18,85.23770088186582,AAr~AA{A}AAr
CC1(CCO)CC1,-1846.98,80.69407762209589,AAr{AAB}AAr
CC1(C#N)CCN1,-1557.15,64.47636420609696,AAr{A^D}AADr
CC1(C#N)CCC1,-1655.45,69.97683423608936,AAr{A^D}AAAr
C=C(C#N)C1CO1,-1301.69,50.18185684229375,A~A{A^D}ArABr
CCC1OC1CN,-1713.86,73.24522136174404,AAArBArAD
CCCC(C)(C)C,-1073.94,37.437888893862755,AAAA{A}{A}A
C[CH][N]OCC#N,-1302.59,50.23221719862124,A{AH}{D}BAA^D
CN=CN1CC1,-1340.55,52.356305116612205,AD~ADrAAr
C=C1OC=CC1C,-1584.85,66.02634406195442,A~ArBA~AArA
C1C2CC3C1C3N2,-1659.75,70.21744482743185,ArAsAAtArAtDs
C=CCC(C)C,-1751.69,75.36203500604324,A~AAA{A}A
CCNCCO,-1564.2,64.87085366399572,AADAAB
C=C1CCCC1N,-1794.58,77.76198576480593,A~ArAAAArD
C1=CCCC1,-1331.79,51.866130981691214,Ar~AAAAr
CCCNC(C)C,-2059.13,92.56513272751691,AAADA{A}A
CCN(C)NC=O,-1597.39,66.72803169345093,AAD{A}DA~B
NC(=O)CCCO,-1287.52,49.388961009893016,DA{~B}AAAB
C=CN(C)C(N)=O,-1493.39,60.908612740051055,A~AD{A}A{D}~B
C=CCC(=O)C=O,-1385.72,54.883835444737905,A~AAA{~B}A~B
COC(C#N)=CN,-1329.62,51.74470656699046,ABA{A^D}~AD
CC1CC1[CH][N]N,-1632.5,68.69264514973813,AArAAr{AH}{D}D
CC=C(C)CN,-1625.89,68.32277631048841,AA~A{A}AD
C#CC(=O)CCC,-1563.95,64.85686467612696,A^AA{~B}AAA
CC=CC1CC1N,-1623.49,68.18848202694839,AA~AArAArD
NCCC(N)CO,-1623.91,68.21198352656789,DAAA{D}AB
CC1=CC(N)CO1,-1599.82,66.86400465553517,AAr~AA{D}ABr
C#CCC(C)C#N,-1367.03,53.83801871167017,A^AAA{A}A^D
C=CC(C)=CCC,-1910.54,84.25063789784681,A~AA{A}~AAA
CC12CC1OCO2,-1507.13,61.67744751331752,AArsAArBABs
NC1C=CCOC1,-1588.78,66.24625095125118,DArA~AABAr
CCC(CO)=NO,-1508.09,61.731165226733516,AAA{AB}~DB
C=C(CN)C(=O)O,-1562.49,64.77516898697347,A~A{AD}A{~B}B
C=CCCN1CC1,-1761.19,75.89361654505574,A~AAADrAAr
CCC1CC(C)C1,-2046.26,91.84497963203367,AAArAA{A}Ar
CCC1(C)CCC1,-2045.72,91.81476341823716,AAAr{A}AAAr
C1=CC2CC2O1,-1274.65,48.66880791440979,Ar~AAsAAsBr
COC=C(C)CO,-1646.08,69.4525269707686,ABA~A{A}AB
CC(=O)C[CH][N]O,-1380.87,54.612449080084154,AA{~B}A{AH}{D}B
CNC(C)CCO,-1860.47,81.44892340749362,ADA{A}AAB
C=COCC1CN1,-1565.33,64.93408388916245,A~ABAArADr
CCC1C(N)C1O,-1716.28,73.38063476431354,AAArA{D}ArB
CC1C(O)C1(C)O,-1642.5,69.2522046644881,AArA{B}Ar{A}B
C#CCCC=O,-1265.45,48.15401316083979,A^AAAA~B
CC1C=CCO1,-1424.25,57.03981825506961,AArA~AABr
C=CCC(C)CN,-1917.09,84.61714938000806,A~AAA{A}AD
Cn1cc[nH]c1=O,-1374.87,54.27671337123416,Adraa{dH}ar~B
CCCS([O])([O])O,-1437.2,57.76444782667085,AAAE{{B}}{{B}}B
N=CNCCC=O,-1470.63,59.63505528448006,D~ADAAA~B
CC1(C)CO1,-1254.34,47.532342539952545,AAr{A}ABr
CC(C)=CCC#N,-1495.74,61.04010922601729,AA{A}~AAA^D
CCN(C)CCO,-1853.29,81.04715967590313,AAD{A}AAB
C=CC1CCCN1,-1914.06,84.4476028470388,A~AArAAADr
CC(N)C1CN1,-1487.82,60.59693809033529,AA{D}ArADr
C=CCCC1CC1,-1900.09,83.66589820493309,A~AAAArAAr
C#CC#CC#CC,-1263.34,48.03594610322753,A^AA^AA^AA
N#CC1CC1C#N,-1262.45,47.98614530641479,D^AArAArA^D
C=CC(=O)C(=C)C,-1582.39,65.88869242132596,A~AA{~B}A{~A}A
[CH2][N]OC1CC1C,-1545.91,63.84741931151798,{AHs}{D}BArAArA
C1CC(C2CC2)O1,-1696.51,72.27438560365282,ArAA{AsAAs}Br
CCN(C)C(N)=S,-1228.05,46.06126057567483,AAD{A}A{D}~E
C#C[C](C)[N][N][CH2],-1343.14,52.50123103093246,A^A{A}{A}{D}{D}{AHs}
CC1(C)COC1=O,-1544.19,63.75117507498098,AAr{A}ABAr~B
CCCCC1CO1,-1840.74,80.34491248489189,AAAAArABr
Oc1cccnn1,-1351.87,52.989726487309184,Baraaaddr
CC(O)CC=O,-1367.87,53.885021710909164,AA{B}AA~B
[CH2][N]OCCCN,-1783.36,77.13415998925646,{AHs}{D}BAAAD
Nc1cc[nH]c1,-1254.78,47.556963158601555,Daraa{dH}ar
O=C1CNC(=O)C1,-1282.45,49.10526433591477,B~ArADA{~B}Ar
OCCN1CCC1,-1712.86,73.18926541026904,BAADrAAAr
CC1=CCCCO1,-1728.49,74.06385693182327,AAr~AAAABr
COC1CC1CN,-1705.39,72.77127445275082,ABArAArAD
CC=CCC#N,-1362.59,53.589574287121174,AA~AAA^D
CC=C(C#N)CO,-1459.48,59.011146425533816,AA~A{A^D}AB
CC([CH]N)=C[N]O,-1444.18,58.15502036796635,AA{{AH}D}~A{D}B
C=C(C)CC(C)N,-1921.45,84.86111732843908,A~A{A}AA{A}D
NCC1OCC1O,-1514.52,62.09096199471775,DAArBAArB
CC(C)CC(N)=O,-1760.86,75.87515108106899,AA{A}AA{D}~B
[O]S1([O])CCCO1,-1223.34,45.797708044227576,{B}Er{{B}}AAABr
C=CC1CC1C#N,-1657.38,70.0848292224361,A~AArAArA^D
C1=COCCO1,-1222.66,45.75965799722459,Ar~ABAABr
CC=CC1NC1C,-1917.04,84.61435158243431,AA~AArDArA
C=CCNCC,-1617.04,67.82756613993465,A~AADAA
Cc1ccnn1C,-1653.88,69.8889833922736,AaraaddrA
C=CC1CN(C)C1,-1760.52,75.8561260575675,A~AArAD{A}Ar
C#CC(C)=CCC,-1752.35,75.39896593401673,A^AA{A}~AAA
C1COC2(CC2)O1,-1509.06,61.785442499664256,ArABAs{AAs}Br
C1C2CC2C2OC12,-1430.71,57.40129370159811,ArAsAAsAsBArs
C=CCC1CCC1,-1899.42,83.62840771744483,A~AAArAAAr
Oc1c[nH]c(O)c1,-1530.23,62.97002999238999,Bara{dH}a{B}ar
C=CC1NCC1O,-1191.46,44.013832311204624,A~AArDAArB
CC#CC#CC#N,-1920.45,84.80516137696408,AA^AA^AA^D
C=C1COC(=C)C1,-1580.3,65.77174448274319,A~ArABA{~A}Ar
O=CN=CN1CC1,-1130.71,40.61450825909844,B~AD~ADrAAr
N#CCC1CC1,-1357.68,53.314830565378934,D^AAArAAr
NC1C=COCC1,-1597.51,66.73474640762792,DArA~ABAAr
C#CS([O])([O])OC,-1203.4,44.68194637181612,A^AE{{B}}{{B}}BA
C=CC1=N[N]S[CH]1,-1145.6,41.447692376561164,A~AAr~D{D}E{AH}r
C=CC(O)CCN,-1716.52,73.39406419266754,A~AA{B}AAD
CC1=CCC(C)O1,-1728.41,74.0593804557053,AAr~AAA{A}Br
Nc1ccsc1O,-1318.79,51.13870361251623,DaraasarB
CCCNC1CC1,-1911.76,84.31890415864632,AAADArAAr
COC,-796.98,21.940328573347063,ABA
C=C1OCOC1=C,-1381.73,54.66057119835266,A~ArBABAr~A
C=C(C)CC(C)=O,-1726.17,73.93403912440128,A~A{A}AA{A}~B
C1CC(C2CO2)O1,-1490.43,60.74298312368505,ArAA{AsABs}Br
CN=C(C)NC=O,-1489.23,60.67583598191503,AD~A{A}DA~B
Cc1nscc1O,-1548.39,63.98619007117599,AardsaarB
CO[N][CH]C(C)C,-1697.32,72.31970992434756,AB{D}{AH}A{A}A
CC(=O)NCC#N,-1360.84,53.491651372039925,AA{~B}DAA^D
C=CC#CCC,-1458.58,58.960786069206314,A~AA^AAA
O=CC1(O)CCC1,-1513.15,62.014302341197016,B~AAr{B}AAAr
CC(C)(C#N)C#N,-1402.64,55.8306101436949,AA{A}{A^D}A^D
CC#CCN1CC1,-1610.14,67.44147007475718,AA^AADrAAr
CC1C(O)C1(C)C,-1844.38,80.5485921482609,AArA{B}Ar{A}A
CC1CCC(C)N1,-1445.46,58.22664398585434,AArAAA{A}Dr
C#C[CH][N]NC=O,-1363.19,53.62314785800618,A^A{AH}{D}DA~B
CCOC1CC1O,-1634.74,68.81798648104214,AABArAArB
CC=CC(C)=NN,-1647.61,69.53813957652537,AA~AA{A}~DD
C=CC1(O)COC1,-1494.75,60.98471283405703,A~AAr{B}ABAr
COc1ccc[nH]1,-1470.81,59.64512735574555,ABaraaa{dH}r
C=CCC(O)CO,-1650.49,69.69929271677337,A~AAA{B}AB
C1OCC2OC12,-1211.77,45.15029768566185,ArBAAsBArs
COCC1CC1O,-1633.1,68.72621872062312,ABAArAArB
C=C1C=NOC1C,-1437.02,57.75437575540534,A~ArA~DBArA
C1CCCOCC1,-1856.83,81.24524374412461,ArAAABAAr
CCC=C(C)CN,-1919.48,84.7508841040333,AAA~A{A}AD
NC(CO)CCO,-1671.43,70.87101034065985,DA{AB}AAB
CCN(O)C(C)=O,-1525.43,62.70144142531001,AAD{B}A{A}~B
C=CC1=CC=CC1,-1649.39,69.63774117015087,A~AAr~AA~AAr
C#CC(C)=CC#N,-1362.96,53.61027798916693,A^AA{A}~AA^D
COC1=NNCC1,-1452.81,58.63792022919557,ABAr~DDAAr
C#C[C]1C=N[N]S1,-1444.4,58.16733067729084,A^A{A}rA~D{D}Er
COC1(OC)CC1,-1630.89,68.6025560678634,ABAr{BA}AAr
CCOCCNC,-1851.51,80.94755808227764,AABAADA
C=CC(=N)N(C)C,-1648.91,69.61088231344287,A~AA{~D}D{A}A
CC(C)OCCO,-1789.35,77.46933613859169,AA{A}BAAB
C#CCC#CC=O,-1255.76,47.61179999104705,A^AAA^AA~B
Cc1ccn(O)n1,-1317.11,51.04469761403823,Aaraad{B}dr
CN(C)CC1CO1,-1700.02,72.47079099333004,AD{A}AArABr
[CH]1O[N][C]2CN[C]12,-1130.2,40.58597072384619,{AH}rB{D}{A}sAD{A}rs
C=CC(O)CCO,-1649.25,69.62990733694436,A~AA{B}AAB
CC1(C)CC1,-1455.68,58.798513809928835,AAr{A}AAr
OCC1CC=NN1,-1256.09,47.63026545503379,BAArAA~DDr
NC1(C2CN2)CC1,-1637.48,68.97130578808361,DAr{AsADs}AAr
C=CC(=C)CO,-1411.31,56.315748242983126,A~AA{~A}AB
C=CC1OC=CO1,-1369.47,53.974551233269175,A~AArBA~ABr
CCOCC1CN1,-1706.1,72.81100317829804,AABAArADr
C1C2NC2C2OC12,-1433.7,57.56860199650836,ArAsDAsAsBArs
CC1NC1C1CO1,-1561.75,64.73376158288195,AArDArArABr
C#CC(O)CCN,-1211.43,45.13127266216035,A^AA{B}AAD
C=CC#CC=C,-1316.09,50.987622543533725,A~AA^AA~A
OC1CC2CC1O2,-1505.95,61.61141949057703,BArAAsAArBs
C#CC1CCC1=O,-1421.43,56.88202247191012,A^AArAAAr~B
CC=CCC,-1458.29,58.944558843278564,AA~AAA
C#CC1=CCNC1,-1915.83,84.54664488114955,A^AAr~AADAr
CC1=CC2OC2C1,-1572.44,65.3319307041497,AAr~AAsBAsAr
C=CCCNC=N,-1660.82,70.27731769551009,A~AAADA~D
NCC1=CCCC1,-1796.24,77.85487264425444,DAAr~AAAAr
Nc1ccc(O)o1,-1278.79,48.90046555351628,Daraaa{B}br
C=CC#CC(=C)C,-1613.13,67.6087783696674,A~AA^AA{~A}A
ON1C=NC2CC21,-1584.21,65.99053225301043,BDrA~DAsAAsr
COC1CCNC1,-1723.02,73.75777787725502,ABArAADAr
CC(C)=CC1CN1,-1768.68,76.31272662160349,AA{A}~AArADr
CC1CC(N)C1N,-1448.08,58.37324857871883,AArAA{D}ArD
NC1CCC(O)C1,-1739.17,74.66146649357626,DArAAA{B}Ar
CC(=O)NC(C)=O,-1443.74,58.13039974931735,AA{~B}DA{A}~B
CN1CCC1(C)C,-1910.33,84.23888714803705,ADrAAAr{A}A
C[CH][N]OC(C)=O,-1389.8,55.1121357267559,A{AH}{D}BA{A}~B
C1C2CC3C1C3O2,-1585.6,66.06831102556067,ArAsAAtArAtBs
CC(C)C=CC#N,-2060.76,92.65634092842116,AA{A}A~AA^D
OCC1CC=CO1,-1522.32,62.52741841622275,BAArAA~ABr
C#CC(C)(N)CN,-1634.77,68.81966515958636,A^AA{A}{D}AD
C=CC1C=CCO1,-1572.7,65.34647925153321,A~AArA~AABr
CC(O)C1(O)CC1,-1650.97,69.72615157348137,AA{B}Ar{B}AAr
C=CC1COCO1,-1511.32,61.91190294999777,A~AArABABr
CCC=COC,-1548.78,64.00801289225123,AAA~ABA
C#CC1OC1C#N,-1143.43,41.326267961860424,A^AArBArA^D
COCC1CCN1,-1704.8,72.73826044138055,ABAArAADr
C#CC#CCC#N,-1920.18,84.79005327006583,A^AA^AAA^D
N#CC1=COCC1,-1334.22,52.00210394377547,D^AAr~ABAAr
CNN=C(C)OC,-1581.66,65.8478445767492,ADD~A{A}BA
CC1CCC(O)C1,-1867.06,81.81767312771385,AArAAA{B}Ar
C1C2CN3CC3C12,-1530.77,63.00024620618649,ArAsADtAAtArs
CCC(C)C(N)=O,-1759.89,75.82087380813826,AAA{A}A{D}~B
CN1CCC(=O)N1,-1472.6,59.7452885088858,ADrAAA{~B}Dr
O=C1CC2CC2C1,-1596.86,66.69837503916916,B~ArAAsAAsAr
C=CCC(=O)O,-1245.3,47.026500738618566,A~AAA{~B}B
O=C1CC=CC1O,-1400.35,55.70247101481713,B~ArAA~AArB
C#C[CH]C=C[N]N,-1344.81,52.5946774698957,A^A{AH}A~A{D}D
CC(=NO)C(C)O,-1511.09,61.899033081158514,AA{~DB}A{A}B
CNCCC(N)=O,-1624.43,68.2410806213349,ADAAA{D}~B
CN(C)C1CC1O,-1702.87,72.63026545503378,AD{A}ArAArB
O=CNC1CC1,-1306.67,50.460517480639254,B~ADArAAr
CN1CC1(C)C,-1612.39,67.56737096557592,ADrAAr{A}A
CC(C)(N)C(N)=O,-1634.47,68.80287837414389,AA{A}{D}A{D}~B
CC1OC1CN,-1420.67,56.83949594878912,AArBArAD
NCC=CCCN,-1791.01,77.5622230180402,DAA~AAAD
COC1=CCC=C1,-1580.76,65.7974842204217,ABAr~AAA~Ar
N#CC1NCC1O,-1401.48,55.76570123998389,D^AArDAArB
CCC(=O)CC,-1573.54,65.3934822507722,AAA{~B}AA
C#CC(C)CCC,-1891.72,83.19754689108734,A^AA{A}AAA
CNC1(C)CC1,-1614.45,67.6826402256144,ADAr{A}AAr
C#CCNCCC,-1755.19,75.55788083620574,A^AADAAA
C#CC1OCC1O,-1341.75,52.423452258382206,A^AArBAArB
CCCC1CNC1,-1762.65,75.97531223420924,AAAArADAr
CC1C=NNC1,-1361.98,53.55544115672143,AArA~DDAr
O=CC(=O)C1CC1,-1388.27,55.02652312099915,B~AA{~B}ArAAr
CCC(=N)N1CC1,-1646.07,69.45196741125386,AAA{~D}DrAAr
CC(N)C=CCO,-1721.45,73.6699270334393,AA{D}A~AAB
C1=NOCC2CN12,-1287.26,49.37441246250952,Ar~DBAAsADrs
C#CC(C)(C)C=C,-1745.43,75.01175074980976,A^AA{A}{A}A~A
C#CC(N)C(C)N,-1630.2,68.56394646134564,A^AA{D}A{A}D
CC1=CC=CC1N,-1408.84,56.17753704283987,AAr~AA~AArD
C#Cc1ccsc1,-1446.57,58.28875509199159,A^Aaraasar
CC=CCNC=N,-1661.41,70.31033170688036,AA~AADA~D
CC(C)(C)O,-1406.47,56.04492143784413,AA{A}{A}B
CC(C)=CC(N)=O,-1621.62,68.08384439769013,AA{A}~AA{D}~B
C1NCC1C1CO1,-1555.58,64.3885133622812,ArDAArArABr
C#CC(=C)CC#N,-1356.56,53.25215989972694,A^AA{~A}AA^D
CNCC1CNC1,-1771.9,76.49290478535298,ADAArADAr
C#CCCCC=O,-1561.87,64.74047629705895,A^AAAAA~B
CC1C=NN=C1,-1223.35,45.79826760374233,AArA~DD~Ar
CC1(O)C=NNC1,-1462.38,59.17341868481132,AAr{B}A~DDAr
NCCC1CC1,-1619.83,67.98368324454988,DAAArAAr
CC=CC#CCN,-1920.14,84.78781503200682,AA~AA^AAD
C#CC#CCO,-1087.96,38.22239133354224,A^AA^AAB
C=CC1OC1C#N,-1301.46,50.1689869734545,A~AArBArA^D
CC1CC(=O)N1,-1316.81,51.02791082859573,AArAA{~B}Dr
C#CS(=O)(=O)C=O,-1541.09,63.57771162540848,A^AE{~B}{~B}A~B
C=CC(C=O)OC,-1505.56,61.589596669501766,A~AA{A~B}BA
C#CC(CN)CN,-1632.12,68.67138188817762,A^AA{AD}AD
C1CC1C1CNC1,-1760.27,75.84213706969874,ArAArArADAr
CC=C(C=O)CC,-1723.6,73.79023232911051,AA~A{A~B}AA
C=C1CCC(=C)C1,-1781.25,77.01609293164421,A~ArAAA{~A}Ar
CC=C(CN)OC,-1715.62,73.34370383634003,AA~A{AD}BA
Cc1nnc(C)o1,-1353.03,53.05463539102019,Aardda{A}br
C=CCOC(N)=O,-1335.92,52.09722906128297,A~AABA{D}~B
CC1NC1CO,-1420.32,56.81991136577287,AArDArAB
CC(C)C(C)C,-1894.96,83.37884417386634,AA{A}A{A}A
CNCC1(C)CO1,-1708.87,72.96600116388377,ADAAr{A}ABr
CCC(N)C(N)=O,-1633.17,68.73013563722638,AAA{D}A{D}~B
C#CCC(N)CN,-1633.95,68.77378127937689,A^AAA{D}AD
CC(C)NC1CC1,-1913.35,84.40787412149155,AA{A}DArAAr
C#CC(CN)CO,-1561.8,64.7365593804557,A^AA{AD}AB
CC1=CCCOC1,-1722.49,73.72812122297329,AAr~AAABAr
CC(=NO)C1CC1,-1562.02,64.74886968978021,AA{~DB}ArAAr
OC1C=NN2CC12,-1461.8,59.140964232955824,BArA~DDsAArs
CC1C=NOC1,-1277.57,48.83219929271678,AArA~DBAr
C1NCC2OCC12,-1543.16,63.69354044496174,ArDAAsBAArs
CCS(=O)(=O)CC,-1069.99,37.21686288553651,AAE{~B}{~B}AA
C=CC1C(C)N1C,-1411.7,56.33757106405837,A~AArA{A}DrA
CC1OC=CO1,-1221.77,45.70985720041184,AArBA~ABr
CC1C=CCC1O,-1726.87,73.97320829043376,AArA~AAArB
C#CCC(=O)NO,-1281.82,49.07001208648552,A^AAA{~B}DB
C=CC(C)(O)C#N,-1453.94,58.70115045436233,A~AA{A}{B}A^D
O=COCC1CC1,-1529.25,62.91519315994449,B~ABAArAAr
CC(C)O[CH][N]O,-1507.55,61.700949012937016,AA{A}B{AH}{D}B
CNCC(C)=O,-1434.93,57.63742781682261,ADAA{A}~B
COC(C)C(C)C,-1983.95,88.3583642956265,ABA{A}A{A}A
C#CC(=C)CN,-1323.22,51.386588477550475,A^AA{~A}AD
N#CC1CCN1,-1224.15,45.843032364922344,D^AArAADr
C=CC(CC)CN,-1916.76,84.59868391602132,A~AA{AA}AD
C#CCCCNC,-1755.68,75.58529925242851,A^AAAADA
CC(C)(O)C1CC1,-1848.97,80.80542996553113,AA{A}{B}ArAAr
CC1CC1C1CN1,-1765.27,76.12191682707373,AArAArArADr
CC1CC1(C)CO,-1847.67,80.73268722861364,AArAAr{A}AB
OCC1C=CCO1,-1519.22,62.353954966650264,BAArA~AABr
c1[nH]cc2c1CC2,-1512.19,61.96058462778102,ar{dH}aasarAAs
N#CC1CN1C=N,-1245.71,47.04944267872331,D^AArADrA~D
CC(=N)NCC=O,-1481.2,60.226509691570804,AA{~D}DAA~B
[CH2][N]OC(C)C=O,-1361.93,53.55264335914768,{AHs}{D}BA{A}A~B
C=CC1CC(=O)O1,-1397.14,55.5228524105824,A~AArAA{~B}Br
C=CC(=C)C(=O)O,-1397.91,55.56593849321815,A~AA{~A}A{~B}B
CC1=CCC=C1,-1493.76,60.92931644209679,AAr~AAA~Ar
CC#CCC(=O)O,-1392.3,55.2520256054434,AA^AAA{~B}B
CNC1CC=CC1,-1789.03,77.45143023411971,ADArAA~AAr
NC12CCOC1C2,-1583.81,65.96814987242043,DArsAABArAs
CC1C2CCNC12,-1781.29,77.01833116970322,AArAsAADArs
C1CC2OC2C1,-1419.26,56.76059805720937,ArAAsBAsAr
C=C(C)C(=O)NO,-1383.69,54.77024486324366,A~A{A}A{~B}DB
CC(=CCO)CO,-1650.21,69.68362505036036,AA{~AAB}AB
CN=C(N)CC=O,-1478.31,60.064796991808045,AD~A{D}AA~B
C=COCC(=N)N,-1469.15,59.552240476297065,A~ABAA{~D}D
COCCCO,-1489.92,60.71444558843279,ABAAAB
C#Cc1ccno1,-1155.76,42.016204843547165,A^Aaraadbr
[CH2][N]OCCCO,-1574.09,65.42425802408344,{AHs}{D}BAAAB
C=CN(C=C)C=O,-1457.71,58.91210439142308,A~AD{A~A}A~B
O=C1CCNC1=O,-1434.08,57.58986525806884,B~ArAADAr~B
O=C1C=CCCN1,-1513.38,62.02717221003626,B~ArA~AAADr
[CH2][N]N1CC1C=C,-1785.82,77.27181162988497,{AHs}{D}DrAArA~A
CC=COC,-1251.24,47.35887909038006,AA~ABA
CN1CC1CCO,-1710.63,73.0644836384798,ADrAArAAB
C1=CC2CC(C1)O2,-1571.29,65.26758135995344,Ar~AAsAA{Ar}Bs
OCC1CC1,-1253.73,47.4982094095528,BAArAAr
CCCC=CCO,-1850.01,80.86362415506514,AAAA~AAB
COC1(C)CCC1,-1839.85,80.29511168807913,ABAr{A}AAAr
[CH]1O[N][C]2OC[C]12,-1047.64,35.966247370070285,{AH}rB{D}{A}sBA{A}rs
CC=C(C#N)C=O,-1328.91,51.704977841443224,AA~A{A^D}A~B
OC1CC2CC2C1,-1719.53,73.56249160660728,BArAAsAAsAr
CC(C)=C(C)CO,-1850.96,80.91678230896639,AA{A}~A{A}AB
CCC1C=NOC1,-1572.63,65.34256233492995,AAArA~DBAr
C1=CCNC1,-1197.04,44.32606652043511,Ar~AADAr
[CH2][N]OCCC,-1398.26,55.585523076234395,{AHs}{D}BAAA
CC=CCOCC,-1843.61,80.50550606562514,AA~AABAA
C1CC2NCC2O1,-1537.81,63.39417610457048,ArAAsDAAsBr
C1CC(C2CO2)N1,-1563.08,64.8081829983437,ArAA{AsABs}Dr
CC1CC1(C)N,-1621.36,68.06929585030664,AArAAr{A}D
CC1(C2CO2)CN1,-1561.68,64.72984466627872,AAr{AsABs}ADr
CC1N=CNC1C,-1564.9,64.91002283002821,AArD~ADArA
N#CC1NC1CO,-1251.2,47.35664085232106,D^AArDArAB
C#CCCC,-1300.05,50.09008908187475,A^AAAA
CC(N)C1(C)CC1,-1917.88,84.66135458167331,AA{D}Ar{A}AAr
C=CCCCO,-1551.16,64.14118805676173,A~AAAAB
COC(C)(C)C=O,-1652.85,69.83134876225435,ABA{A}{A}A~B
NCC1C=COC1,-1591.54,66.40068937732217,DAArA~ABAr
CC=C(CO)OC,-1646.05,69.45084829222436,AA~A{AB}BA
CC=C(C)C(N)=O,-1620.12,67.99991047047763,AA~A{A}A{D}~B
N#CCC1COC1,-1450.54,58.51090021934733,D^AAArABAr
C1NCC2OC12,-1284.31,49.20934240565827,ArDAAsBArs
[CH2]C=C[N][N][CH2],-1205.73,44.81232373875286,{AHs}A~A{D}{D}{AHs}
C#CC(=C)C(N)=O,-1150.39,41.715721384126425,A^AA{~A}A{D}~B
C1CCC2NC2C1,-1747.92,75.1510810689825,ArAAAsDAsAr
C1CC2CC2O1,-1413.82,56.45619768118537,ArAAsAAsBr
CC1(O)C=CC=C1,-1584.73,66.01962934777742,AAr{B}A~AA~Ar
C=CS(=O)(=O)CO,-1294.47,49.777854872644255,A~AE{~B}{~B}AB
C=CC(CC)OC,-1839.37,80.26825283137113,A~AA{AA}BA
CC#CC(C)C,-1602.41,67.00893056985542,AA^AA{A}A
C=CCC1NC1C,-1785.39,77.24775057075072,A~AAArDArA
C#CC(C)(C)C#N,-1658.34,70.1385469358521,A^AA{A}{A}A^D
CC(C#N)C(N)=O,-1365.61,53.75856126057567,AA{A^D}A{D}~B
CC1COC1(C)C,-1848.78,80.7947983347509,AArABAr{A}A
CC(=CC#N)CO,-1461.74,59.13760687586733,AA{~AA^D}AB
C#CCOC1CC1,-1532.44,63.093692645149744,A^AABArAAr
NCCC1CCC1,-1914.95,84.49740364385158,DAAArAAAr
CCC(=O)CC=O,-1536.12,63.299610546577725,AAA{~B}AA~B
N#CC1CCNC1,-1540.62,63.551412328215214,D^AArAADAr
C#CC1(O)CNC1,-1566.3,64.9883611620932,A^AAr{B}ADAr
C#CCO[N][CH2],-1093.04,38.50664756703523,A^AAB{D}{AHs}
CC(=O)C1COC1,-1514.82,62.107748780160264,AA{~B}ArABAr
CC(C)CC1CN1,-1616.93,67.82141098527241,AA{A}AArADr
C=C1CCC=C1C,-1362.76,53.59908679887193,A~ArAAA~ArA
CCNC(=O)CC,-1756.52,75.6323022516675,AADA{~B}AA
C=C(C)N=CNO,-1432.42,57.496978378620355,A~A{A}D~ADB
CO[C]([NH])N1CC1,-1448.32,58.38667800707284,AB{A}{{DH}}DrAAr
CC#CC=C(C)C,-1762.72,75.97922915081249,AA^AA~A{A}A
C=CC1NCC1N,-1631.25,68.62270021039437,A~AArDAArD
C#CC=CCOC,-1542.07,63.63254845785398,A^AA~AABA
CC1OC1CCO,-1644.47,69.36243788889388,AArBArAAB
CC1CONC1=N,-1445.53,58.2305609024576,AArABDAr~D
CC#C[CH][N]OC,-1400.83,55.72932987152514,AA^A{AH}{D}BA
C#CCC(=N)NC,-1505.4,61.58064371726577,A^AAA{~D}DA
CCc1cc[nH]c1,-1511.77,61.937083128161504,AAaraa{dH}ar
CC12CCN(C1)C2,-1771.04,76.44478266708448,AArsAAD{Ar}As
CNC1CC1O,-1414.65,56.50264112090963,ADArAArB
CC1C(C)C1N,-1619.7,67.97640897085816,AArA{A}ArD
C=C1OC=CC1=O,-1265.81,48.17415730337079,A~ArBA~AAr~B
CC#CC=COC,-1552.41,64.21113299610548,AA^AA~ABA
C=CC#CCNC,-1616.75,67.8113389140069,A~AA^AADA
CO[N][CH]C(C)O,-1498.75,61.208536639957025,AB{D}{AH}A{A}B
CCC(CN)=NO,-1578.06,65.64640315143919,AAA{AD}~DB
C#CCCC(C)N,-1764.35,76.07043735171672,A^AAAA{A}D
C#CC1CC1NC,-1612.12,67.55226285867764,A^AArAArDA
NCCC(O)CN,-1640.74,69.15372218989214,DAAA{B}AD
Cc1oncc1N,-1330.88,51.81521106584898,AarbdaarD
CC1CN[C]([NH])O1,-1492.61,60.86496709790054,AArAD{A}{{DH}}Br
COC1C=CC=C1,-1570.15,65.20379157527195,ABArA~AA~Ar
C=CCOC(=N)N,-1412.8,56.39912261068088,A~AABA{~D}D
NC[CH]C=C[N]O,-1436.69,57.7359102914186,DA{AH}A~A{D}B
C1=NOCCC1,-1273.48,48.603339451184034,Ar~DBAAAr
C=C1C=NNCC1,-1518.88,62.33492994314876,A~ArA~DDAAr
CCC(C)=CC#N,-1664.61,70.48939075160034,AAA{A}~AA^D
C#CC(C)C=O,-1261.6,47.93858274766104,A^AA{A}A~B
CC(C)CC(C)C,-1189.07,43.88009758717938,AA{A}AA{A}A
CC#CC(=O)NO,-1225.13,45.89786919736785,AA^AA{~B}DB
C=C(C)OC(C)=O,-1539.55,63.491539460136984,A~A{A}BA{A}~B
CC#CC(C)=NO,-1415.29,56.53845292985362,AA^AA{A}~DB
C=C1OCOC1C,-1522.21,62.521263261560506,A~ArBABArA
CC1=COC2CC12,-1573.16,65.3722189892117,AAr~ABAsAArs
O=CC1=NOCC1,-1509.49,61.809503558798525,B~AAr~DBAAr
CC=C(C#N)C#N,-1264.38,48.09414029276155,AA~A{A^D}A^D
C1=CCC2(C1)CN2,-1645.86,69.44021666144411,Ar~AAAs{Ar}ADs
C=C(CN)C(C)C,-2062.9,92.77608666457765,A~A{AD}A{A}A
C=CC1=NOCO1,-1237.84,46.609069340615065,A~AAr~DBABr
CC1NCS1(=O)=O,-1320.79,51.25061551546623,AArDAEr{~B}~B
CNC1CN(C)C1,-1765.87,76.15549039795872,ADArAD{A}Ar
C=CC(O)CO,-1353.07,53.05687362907919,A~AA{B}AB
C#CC(=O)C#C,-959.62,31.041004521240882,A^AA{~B}A^A
CC1CC1N1CC1,-1759.68,75.80912305832851,AArAArDrAAr
CC(O)C1COC1,-1643.94,69.33278123461211,AA{B}ArABAr
CC=C(C)C,-1459.47,59.01058686601908,AA~A{A}A
C1=NCCCN1,-1383.11,54.73779041138815,Ar~DAAADr
CCC=CC(C)=O,-1728.27,74.05154662249878,AAA~AA{A}~B
CC(C)C1(N)CC1,-1746.63,75.07889789157976,AA{A}Ar{D}AAr
CNCCC#N,-1369.95,54.00141008997717,ADAAA^D
CO[N][CH]C1CN1,-1414.84,56.51327275168987,AB{D}{AH}ArADr
C=CCC(=C)C=C,-1761.93,75.93502394914725,A~AAA{~A}A~A
CC(C)C(=O)CO,-1670.72,70.8312816151126,AA{A}A{~B}AB
C=CC(O)[CH][N]N,-1433.77,57.572518913111594,A~AA{B}{AH}{D}D
CC1CNC(=O)C1,-1632.37,68.68537087604636,AArADA{~B}Ar
OCc1ccoc1,-1398.95,55.62413268275214,BAaraabar
C=C(CN)CCN,-1790.38,77.52697076861095,A~A{AD}AAD
CC(C)N1CC1,-1613.17,67.6110166077264,AA{A}DrAAr
CCNN(C)C=O,-1595.62,66.62898965934015,AADD{A}A~B
C1=CCNCCC1,-1786.95,77.33504185505173,Ar~AADAAAr
CNc1cc[nH]c1,-1545.06,63.79985675276422,ADaraa{dH}ar
C=C(CC)C(C)=O,-1727.17,73.98999507587628,A~A{AA}A{A}~B
CC1CCN1C,-1612.56,67.57688347732665,AArAADrA
C=CCC#N,-1062.9,36.82013518957877,A~AAA^D
OC1CCC2CC12,-1718.92,73.52835847620753,BArAAAsAArs
C#CC1OCCO1,-1352.8,53.041765522180945,A^AArBAABr
CC#CS(C)(=O)=O,-1677.24,71.1961144187296,AA^AE{A}{~B}~B
CC1OCOC1C,-1663.43,70.42336272885986,AArBABArA
C#CC(C)O,-1099.75,38.882112001432475,A^AA{A}B
O=CNC1COC1,-1471.76,59.698285509646816,B~ADArABAr
CNC1C(C)C1C,-1911.44,84.30099825417432,ADArA{A}ArA
CNC(C)C(C)=O,-1733.09,74.32125430860827,ADA{A}A{A}~B
CC(O)C1CNC1,-1710.07,73.0331483056538,AA{B}ArADAr
C#CS(=O)(=O)C#N,-1308.31,50.55228524105824,A^AE{~B}{~B}A^D
C=COCCC#N,-1454.24,58.71793723980484,A~ABAAA^D
C=CCC(O)CC,-1849.94,80.8597072384619,A~AAA{B}AA
C#CC(N)C1CO1,-1407.81,56.11990241282063,A^AA{D}ArABr
C=C1CCN2CC12,-1371.45,54.08534401718967,A~ArAADsAArs
C=CCC(=O)C=C,-1577.59,65.62010385424594,A~AAA{~B}A~A
C#CC(C)CCO,-1690.73,71.95096020412731,A^AA{A}AAB
[CH2][N]OCCC=O,-1361.68,53.53865437127893,{AHs}{D}BAAA~B
CCC[CH][N]OC,-1696.54,72.27606428219705,AAA{AH}{D}BA
C#CC([CH2])=C[N]N,-1338.92,52.265096915707964,A^AA{{AHs}}~A{D}D
CN(C)C(=O)CN,-1614.85,67.7050226062044,AD{A}A{~B}AD
NCC1OCCO1,-1528.06,62.84860557768924,DAArBAABr
CN1CC1(C)CO,-1708.01,72.91787904561531,ADrAAr{A}AB
NC(=O)N1CCC1,-1796.04,77.84368145395945,DA{~B}DrAAAr
C1CCC2(C1)CO2,-1717.33,73.43938851336227,ArAAAs{Ar}ABs
CC(=O)CCC=O,-1539.75,63.50273065043198,AA{~B}AAA~B
NC1CC=COC1,-1597.33,66.72467433636241,DArAA~ABAr
CNC(C)[CH][N]O,-1570.27,65.21050628944894,ADA{A}{AH}{D}B
Cc1ccn(C)n1,-1314.85,50.918237163704724,Aaraad{A}dr
C=C1C=CCC1N,-1657.91,70.11448587671786,A~ArA~AAArD
CC(C)(C#N)CO,-1602.95,67.03914678365192,AA{A}{A^D}AB
N#CC1C=NNC1,-1262.96,48.014682841667046,D^AArA~DDAr
CC(C)N(C)C=N,-1799.65,78.0456824387842,AA{A}D{A}A~D
C#CC1CC=NN1,-1646.46,69.47379023232911,A^AArAA~DDr
C#Cc1ccon1,-1154.32,41.93562827342316,A^Aaraabdr
CC1OC(C)C1=O,-1524.51,62.64996194995301,AArBA{A}Ar~B
N#CC1C=CCN1,-1395.68,55.4411567214289,D^AArA~AADr
C=CCC(=O)OC,-1534.51,63.209521464702995,A~AAA{~B}BA
COCC1(N)CC1,-1710.04,73.03146962710953,ABAAr{D}AAr
C=CC#N,-768.02,20.319844218631093,A~AA^D
N=C(N)CCCO,-1342.26,52.45198979363445,D~A{D}AAAB
CCN1CCCC1,-1928.68,85.26567885760332,AADrAAAAr
CC1(C)C=COC1,-1722.42,73.72420430637003,AAr{A}A~ABAr
CN1CC1,-1017.37,34.27246071892207,ADrAAr
NC1CNC2CC12,-1652.23,69.79665607233986,DArADAsAArs
CCCNC(N)=S,-1249.26,47.248086306459555,AAADA{D}~E
C=C1C=CCC1,-1490.87,60.767603742334025,A~ArA~AAAr
CCC(CC)CN,-2060.31,92.6311607502574,AAA{AA}AD
C#CCOC(C)C,-1683.2,71.52961188952058,A^AABA{A}A
C=C1CC(C)CO1,-1724.94,73.86521330408702,A~ArAA{A}ABr
C=C(C#N)C1CC1,-1511.29,61.91022427145351,A~A{A^D}ArAAr
C=CCCO,-1255.27,47.5843815748243,A~AAAB
O=C1OCC2CC12,-1407.52,56.10367518689288,B~ArBAAsAArs
c1cnoc1,-861.62,25.557321276690992,aradbar
C#CC(N)C(N)=O,-1490.47,60.74522136174404,A^AA{D}A{D}~B
CNCCCN,-1630.9,68.60311562737813,ADAAAD
CC1(C)CC(=O)N1,-1615.54,67.74363221272215,AAr{A}AA{~B}Dr
O=CC1NCC1O,-1608.61,67.35585746900041,B~AArDAArB
C=CC(O)CN,-1426.32,57.15564707462286,A~AA{B}AD
C=CC(C)[CH][N]N,-1635.47,68.85883432561889,A~AA{A}{AH}{D}D
O=C1C=CN2CC12,-1485.95,60.49230046107705,B~ArA~ADsAArs
CC1=CC(N)C=C1,-1418.13,56.69736783204263,AAr~AA{D}A~Ar
CCC(C#N)=NO,-1313.95,50.867876807377236,AAA{A^D}~DB
OC1C=CCCC1,-1729.77,74.13548054971127,BArA~AAAAr
CC(=O)CC1CN1,-1589.11,66.26471641523793,AA{~B}AArADr
CN1CCC1=O,-1311.86,50.75092886879448,ADrAAAr~B
CC1CC2CC2O1,-1712.7,73.18031245803304,AArAAsAAsBr
CCNCC1CC1,-1911.07,84.28029455212857,AADAArAAr
CCN1CC1C#N,-1515.86,62.165942969694264,AADrAArA^D
C[CH][N]NC(C)C,-1781.68,77.04015399077848,A{AH}{D}DA{A}A
C#Cc1cnsc1,-1785.04,77.22816598773446,A^Aaradsar
CC(C)C(=N)NO,-1581.66,65.8478445767492,AA{A}A{~D}DB
CNC(=N)CC#N,-1414.51,56.494807287703125,ADA{~D}AA^D
CN(C)C(=N)CO,-1602.42,67.00949012937016,AD{A}A{~D}AB
C=C(C)C(=C)C#N,-1351.51,52.969582344778196,A~A{A}A{~A}A^D
O=S1(=O)C=CC=N1,-1239.32,46.69188414879807,B~Er{~B}A~AA~Dr
CC1(O)CCC1,-1553.16,64.25309995971173,AAr{B}AAAr
C=CC(=O)C1CN1,-1441.36,57.997224584806844,A~AA{~B}ArADr
CC(N)C(N)CO,-1738.8,74.6407627915305,AA{D}A{D}AB
NC1CCC1O,-1421.68,56.89601145977887,DArAAArB
CC1CCOCO1,-1661.64,70.32320157571961,AArAABABr
[CH2]C([C]C)CCC,-1415.77,56.56531178656162,{AHs}A{{A}A}AAA
CCC1C=NN=C1,-1549.35,64.03990778459196,AAArA~DD~Ar
C=CC1CCO1,-1401.67,55.77633287076414,A~AArAABr
O=CN1C=NCC1,-1329.0,51.710013877075966,B~ADrA~DAAr
CC1CN(C)C1,-1608.8,67.36648909978065,AArAD{A}Ar
CCC#CC#N,-1198.02,44.380903352880615,AAA^AA^D
Cc1[nH]ccc1N,-1524.55,62.652200188012,Aar{dH}aaarD
CC=CN(O)C=O,-1381.59,54.65273736514615,AA~AD{B}A~B
C=C(CO)COC,-1639.64,69.09217064326964,A~A{AB}ABA
[CH2][N]NCC=C,-1332.39,51.899704552576225,{AHs}{D}DAA~A
O=CCC1CN1,-1285.83,49.294395451900265,B~AAArADr
C=CCC[CH][N]N,-1635.57,68.86442992076638,A~AAA{AH}{D}D
CC1OCC1(C)N,-1716.3,73.38175388334304,AArBAAr{A}D
CCC(C#N)OC,-1590.5,66.34249518778817,AAA{A^D}BA
C#CC1COC1=O,-1237.66,46.59899726934958,A^AArABAr~B
C=C(C)C1CC1N,-1913.58,84.4207439903308,A~A{A}ArAArD
CNCC=CC#N,-1524.15,62.629817807422,ADAA~AA^D
OCC1=NN=CC1,-1376.46,54.365683334079414,BAAr~DD~AAr
COCC1CC1C,-1837.51,80.16417476162765,ABAArAArA
CC1(N)CC1(C)O,-1721.0,73.64474685527553,AAr{D}AAr{A}B
C=C1C=C(C)OC1,-1590.27,66.32962531894891,A~ArA~A{A}BAr
C1NCC2NCC12,-1611.63,67.5248444424549,ArDAAsDAArs
C=C(C)OC,-1251.26,47.359998209409554,A~A{A}BA
C#CC(=C)CO,-1251.81,47.3907739827208,A^AA{~A}AB
O=COC1CC1,-1230.4,46.19275706164109,B~ABArAAr
C=CC1CO1,-1100.59,38.929115000671466,A~AArABr
CC1CCN2CC12,-1139.22,41.09069340615068,AArAADsAArs
CC1C=CCC1N,-1430.64,57.39737678499487,AArA~AAArD
COCCCC#N,-1594.02,66.53946013698017,ABAAAA^D
[NH]C1=C[CH]NC1=O,-1227.75,46.04447379023233,{DH}Ar~A{AH}DAr~B
O=C1CCC2CN12,-1588.07,66.20652222570394,B~ArAAAsADrs
C=CC1CC(N)C1,-1768.81,76.32000089529521,A~AArAA{D}Ar
CC(N)C1OC1C,-1717.09,73.42595908500829,AA{D}ArBArA
CC1OCC2OC12,-1510.24,61.851470522404774,AArBAAsBArs
C=CC(O)C#CC,-1551.17,64.14174761627648,A~AA{B}A^AA
C=CCC(=N)NC,-1662.51,70.37188325350286,A~AAA{~D}DA
O=CCC1CO1,-1213.94,45.271722100362595,B~AAArABr
C=CCC1OC1C,-1698.97,72.41203724428131,A~AAArBArA
C=C(C)C(C)N,-1624.37,68.23772326424637,A~A{A}A{A}D
CC(N)C(C)CO,-1867.54,81.84453198442186,AA{D}A{A}AB
CO[N][CH]CC#N,-1302.65,50.23557455570975,AB{D}{AH}AA^D
CC1NC1(C)C,-1620.88,68.04243699359864,AArDAr{A}A
C#CC1OC1C#C,-1237.38,46.58332960293658,A^AArBArA^A
C1=CC2NC2C1,-1348.1,52.77877255024844,Ar~AAsDAsAr
O=C1CC2CN2C1,-1587.14,66.1544831908322,B~ArAAsADsAr
CC1CCC2CN12,-1723.31,73.77400510318276,AArAAAsADrs
CC(=CCO)CN,-1720.81,73.63411522449526,AA{~AAB}AD
CC=C1CC=CC1,-1783.61,77.14814897712522,AA~ArAA~AAr
C=CC(=CC)OC,-1703.97,72.6918170016563,A~AA{~AA}BA
C#CCC(=C)CO,-1546.75,63.894422310756966,A^AAA{~A}AB
CC#CCC(C)C,-1898.91,83.5998701821926,AA^AAA{A}A
C#CC#CC(N)=O,-1460.2,59.05143471059583,A^AA^AA{D}~B
CC1CCC2OC12,-1714.78,73.29670083710104,AArAAAsBArs
[CH2]C(C)=C[N]O,-1267.53,48.27040153990779,{AHs}A{A}~A{D}B
CC1=NOCCC1,-1574.11,65.42537714311294,AAr~DBAAAr
N#CCC1CNC1,-1517.99,62.28512914633602,D^AAArADAr
C=C(C)OCOC,-1642.86,69.27234880701911,A~A{A}BABA
C#CCC(C)=CC,-1750.1,75.27306504319799,A^AAA{A}~AA
CCCC(=O)CC,-1869.0,81.92622767357537,AAAA{~B}AA
CC=CC1COC1,-1697.39,72.32362684095082,AA~AArABAr
NCC(CO)CO,-1546.45,63.87763552531448,DAA{AB}AB
CS(=O)(=O)C=CN,-1283.41,49.15898204933078,AE{~B}{~B}A~AD
C=CCC(=N)NO,-1624.53,68.2466762164824,A~AAA{~D}DB
CCC(C)=NNC,-1781.15,77.01049733649671,AAA{A}~DDA
C#CC(C)=CC,-1456.42,58.83992121402033,A^AA{A}~AA
C=C1COCC1N,-1587.63,66.18190160705493,A~ArABAArD
O=CC1C=CCN1,-1348.23,52.7860468239402,B~AArA~AADr
O=C1NCC2OC12,-1491.64,60.810689824969806,B~ArDAAsBArs
CC=CC1OC1C,-1700.9,72.52003223062805,AA~AArBArA
N#CC1CC=CO1,-1326.29,51.558373248578725,D^AArAA~ABr
OCCCCCO,-1792.46,77.64335914767895,BAAAAAB
C=C(C#N)CC,-1363.0,53.61251622722593,A~A{A^D}AA
O=Cc1cnsc1,-1246.35,47.08525448766731,B~Aaradsar
O=CCOC1CC1,-1502.52,61.41949057701777,B~AABArAAr
C=COCC(C)C,-1846.9,80.68960114597789,A~ABAA{A}A
C#CC(C=O)=NO,-1066.53,37.02325529343301,A^AA{A~B}~DB
C1=COCCCC1,-1719.92,73.58431442768253,Ar~ABAAAAr
NCC1=COCO1,-1386.43,54.923564170285154,DAAr~ABABr
C=CC=CC1CN1,-1469.95,59.59700523747707,A~AA~AArADr
C#CC(C)C=CC,-1747.8,75.1443663548055,A^AA{A}A~AA
CCCC(N)CO,-1867.38,81.83557903218586,AAAA{D}AB
C=CCN(N)C=O,-1437.64,57.78906844531986,A~AAD{D}A~B
C#CC=COCC,-1550.61,64.11041228345047,A^AA~ABAA
Cc1ccc(C)o1,-1607.36,67.28591252965666,Aaraaa{A}br
COC1C=CCC1,-1715.76,73.35153766954653,ABArA~AAAr
C#CC(=C)C=C,-1312.5,50.786740677738486,A^AA{~A}A~A
NCC=CC1CO1,-1565.99,64.97101481713597,DAA~AArABr
CC(C#N)C=O,-1169.74,42.79846904516765,AA{A^D}A~B
COc1ccco1,-1393.65,55.32756613993465,ABaraaabr
O=C1NC=CC1O,-1362.56,53.58789560857693,B~ArDA~AArB
C=C(C)C#CCC,-1755.5,75.57522718116299,A~A{A}A^AAA
CC1(C)C=CC=C1,-1785.51,77.2544652849277,AAr{A}A~AA~Ar
C#CC=CC1CN1,-1770.03,76.38826715609473,A^AA~AArADr
C=CC(C)=CC#N,-1650.55,69.70265007386186,A~AA{A}~AA^D
C=CCCNCC,-1913.01,84.38884909799006,A~AAADAA
COCC(C)=O,-1360.43,53.46870943193518,ABAA{A}~B
NC12CCNC1C2,-1657.96,70.1172836742916,DArsAADArAs
C#C[CH][N]O,-810.17,22.6783875733023,A^A{AH}{D}B
CC=C(C)C1CO1,-1696.4,72.26823044899056,AA~A{A}ArABr
[CH2][N]NC(=O)CC,-1472.37,59.73241864004654,{AHs}{D}DA{~B}AA
C#CCOCC=O,-1345.93,52.6573481355477,A^AABAA~B
C=CNS(C)(=O)=O,-1239.32,46.69188414879807,A~ADE{A}{~B}~B
C#CC(O)[CH][N]O,-1427.28,57.20936478803886,A^AA{B}{AH}{D}B
CC1=CCC(=O)C1,-1603.82,67.08782846143517,AAr~AAA{~B}Ar
C#CCNCC#C,-1451.93,58.58867899189759,A^AADAA^A
C=Cc1ccoc1,-1458.47,58.95463091454408,A~Aaraabar
CCC(=O)NNC,-1605.95,67.20701463807691,AAA{~B}DDA
C#CC1CC=CO1,-1418.39,56.71191637942613,A^AArAA~ABr
COCC=CC#N,-1450.84,58.52768700478983,ABAA~AA^D
C#CCCN(C)C,-1750.31,75.28481579300774,A^AAAD{A}A
OC1C=COCC1,-1528.17,62.854760732351494,BArA~ABAAr
CNCC1OC1C,-1707.74,72.90277093871705,ADAArBArA
CCCC#CC=O,-1564.2,64.87085366399572,AAAA^AA~B
C1=COCCNC1,-1582.5,65.89484757598818,Ar~ABAADAr
CCC(=O)C(C)C,-1868.74,81.91167912619187,AAA{~B}A{A}A
CC1C=CC(N)C1,-1256.69,47.6638390259188,AArA~AA{D}Ar
CCC(N)C(C)O,-1870.07,81.98610054165361,AAA{D}A{A}B
CC(=N)N1CCC1,-1656.51,70.03614754465286,AA{~D}DrAAAr
C=C(C=O)C=CC,-1578.73,65.68389363892743,A~A{A~B}A~AA
NCC=COC=O,-1666.22,70.5794798334751,DAA~ABA~B
Nc1ccoc1N,-1345.73,52.6461569452527,DaraabarD
C=COC=C,-1109.98,39.45454138502171,A~ABA~A
C1=NN=CCCC1,-1511.47,61.92029634271903,Ar~DD~AAAAr
CC1C=CCCO1,-1722.13,73.70797708044228,AArA~AAABr
CC[CH][N]OC,-1400.78,55.72653207395139,AA{AH}{D}BA
OC1C2N=CNC12,-1223.24,45.792112449080086,BArAsD~ADArs
CC(=O)N1CCC1,-1605.32,67.17176238864766,AA{~B}DrAAAr
CCC(CN)OC,-1854.36,81.10703254398138,AAA{AD}BA
C#CC1CC1C=O,-1413.02,56.411432920005375,A^AArAArA~B
C=CC1CNC1,-1464.04,59.26630556425981,A~AArADAr
O=C1CCCNC1,-1217.33,45.46141277586285,B~ArAAADAr
C1OCC1C1CN1,-1560.67,64.67332915528895,ArBAArArADr
CN[N][CH]C(C)O,-1577.14,65.5949236760822,AD{D}{AH}A{A}B
C=CC(=CC)CC,-1909.06,84.1678230896638,A~AA{~AA}AA
CCC(O)C1CN1,-1717.66,73.45785397734905,AAA{B}ArADr
CC#CC(C)CC,-1897.52,83.52209140964233,AA^AA{A}AA
CC(C=O)C1CO1,-1510.13,61.845315367742515,AA{A~B}ArABr
C=Cc1ccsn1,-1544.22,63.75285375352524,A~Aaraasdr
CC=CC=CCC,-1913.22,84.40059984779981,AA~AA~AAA
Cc1ccnnc1,-1519.7,62.38081382335827,Aaraaddar
C=CCCCN,-1621.73,68.08999955235238,A~AAAAD
C=C(C)C1CN1C,-1764.35,76.07043735171672,A~A{A}ArADrA
CC(C)[CH][N]O,-1410.52,56.27154304131788,AA{A}{AH}{D}B
CC(CC#N)=NO,-1316.78,51.026232150051484,AA{AA^D}~DB
C=C1CCC(=O)C1,-1599.06,66.82147813241416,A~ArAAA{~B}Ar
CNC1CC(N)C1,-1777.57,76.81017503021621,ADArAA{D}Ar
CC1NC1C,-1323.74,51.41568557231747,AArDArA
C#CC#C,-693.01,16.12258829849143,A^AA^A
NC1(CCO)CC1,-1718.31,73.49422534580776,DAr{AAB}AAr
CCCC1OC1C,-1844.68,80.56537893370341,AAAArBArA
NCC1CC1O,-1416.38,56.59944491696138,DAArAArB
CCC(C)C,-1600.27,66.8891848336989,AAA{A}A
CCC1CN1CC,-1894.87,83.37380813823357,AAArADrAA
C1C2OC2C2CN12,-1423.93,57.02191235059761,ArAsBAsAsADrs
OC1CC=CCC1,-1731.4,74.22668875061552,BArAA~AAAr
C=CN1CCC1=O,-1471.71,59.69548771207306,A~ADrAAAr~B
[CH2][N]NC(C)C,-1480.12,60.16607726397778,{AHs}{D}DA{A}A
C=C[C]1C=N[N]O1,-1178.37,43.28136890639688,A~A{A}rA~D{D}Br
O=C1C=CCNC1,-1231.52,46.255427727293075,B~ArA~AADAr
CC#CC[CH][N]N,-1482.9,60.3216348090783,AA^AA{AH}{D}D
CC(=O)N1CC1,-1286.23,49.31677783249027,AA{~B}DrAAr
CC=C(CN)CO,-1723.84,73.80366175746452,AA~A{AD}AB
C=C1NC=NC1C,-1405.81,56.00799050987063,A~ArDA~DArA
N#CC1CNC1,-1221.45,45.69195129593984,D^AArADAr
N#CC=CC1CN1,-1378.45,54.477035677514664,D^AA~AArADr
CCC(=O)C1CC1,-1725.41,73.8915126012803,AAA{~B}ArAAr
C=CCN(C)C,-1610.2,67.44482743184567,A~AAD{A}A
C=CC#CC,-1163.19,42.43195756300641,A~AA^AA
C=CC1=CCNC1,-1791.98,77.61650029097095,A~AAr~AADAr
N#CC1NCC1=O,-1453.26,58.66310040735934,D^AArDAAr~B
C1OCC2NC12,-1280.77,49.01125833743677,ArBAAsDArs
O=CC1CCC1,-1416.89,56.62798245221363,B~AArAAAr
CC1CCC(N)C1,-1707.17,72.8708760463763,AArAAA{D}Ar
C=CC1C(C)C1O,-1699.28,72.42938358923857,A~AArA{A}ArB
C#CC(=O)N1CC1,-1549.69,64.05893280809347,A^AA{~B}DrAAr
COc1cn[nH]c1,-1338.4,52.23599982094097,ABarad{dH}ar
CCC(O)COC,-1787.98,77.39267648507095,AAA{B}ABA
C1CC1C1CO1,-1396.44,55.483683244549894,ArAArArABr
COC(=N)N(C)C,-1601.04,66.93227091633466,ABA{~D}D{A}A
CC1(C)C=NN=C1,-1660.1,70.23702941044809,AAr{A}A~DD~Ar
C=COC1CC1,-1399.39,55.64875330140115,A~ABArAAr
O=C1CC2CC1N2,-1583.85,65.97038811047943,B~ArAAsAArDs
CC1(C2CO2)CC1,-1693.59,72.1109942253458,AAr{AsABs}AAr
OC12CNC(C1)C2,-1446.35,58.27644478266708,BArsADA{Ar}As
CCC(C)CC,-1894.91,83.3760463762926,AAA{A}AA
CC(C#N)NC=O,-1356.95,53.27398272080219,AA{A^D}DA~B
C#CC1(C)CCN1,-1411.7,56.33757106405837,A^AAr{A}AADr
[CH2]C(C)=C[N]NC,-1638.11,69.00655803751287,{AHs}A{A}~A{D}DA
CC1N(C)C1(C)C,-1754.39,75.51311607502576,AArD{A}Ar{A}A
CC#CC(O)CO,-1500.81,61.32380589999552,AA^AA{B}AB
O=CC(O)C1CN1,-1514.83,62.108308339675006,B~AA{B}ArADr
CCCC1(N)CC1,-1468.38,59.50915439366131,AAAAr{D}AAr
ON=C1C=CNC1,-1318.24,51.10792783920498,BD~ArA~ADAr
C#CCCNC,-1460.05,59.043041317874575,A^AAADA
COC(C)(C)CN,-1855.07,81.14676126952864,ABA{A}{A}AD
C#CCC(=O)OC,-1376.32,54.357849500872916,A^AAA{~B}BA
CNCC1CCC1,-1909.13,84.17174000626707,ADAArAAAr
CC1CC=CC1N,-1336.97,52.15598281033171,AArAA~AArD
C#CCC1CCC1,-1744.57,74.96362863154125,A^AAArAAAr
CCCC1CN1,-1615.87,67.76209767670888,AAAArADr
CCO[CH][N]OC,-1496.89,61.104458570213545,AAB{AH}{D}BA
CC1C(C#N)N1C,-1405.32,55.980572093647886,AArA{A^D}DrA
C=CC(C=C)=NN,-1497.53,61.14027037915754,A~AA{A~A}~DD
O[N][CH]CC1CO1,-1649.12,69.6226330632526,B{D}{AH}AArABr
CC=CC=C(C)C,-1915.63,84.53545369085457,AA~AA~A{A}A
CC(C#N)C1CC1,-1654.27,69.91080621334885,AA{A^D}ArAAr
C1C2OC1C1OC21,-1325.68,51.52424011817897,ArAsBArArBAsr
CC12CN=CN1C2,-1520.69,62.4362102153185,AArsAD~ADrAs
CNC(C)C(C)C,-2055.72,92.37432293298714,ADA{A}A{A}A
CCC1CN1C=O,-1583.64,65.9586373606697,AAArADrA~B
CCC1C=CCO1,-1719.94,73.58543354671204,AAArA~AABr
C#CC(=C)OC=C,-1401.02,55.73996150230539,A^AA{~A}BA~A
C[CH][N]NC1CC1,-1631.65,68.64508259098439,A{AH}{D}DArAAr
CC(O)C(C)C=O,-1663.05,70.40209946729935,AA{B}A{A}A~B
COCCC#N,-1296.55,49.894243251712254,ABAAA^D
C=CCC(=C)C=O,-1576.85,65.57869645015444,A~AAA{~A}A~B
CCC1NC1(C)C,-1785.25,77.2399167375442,AAArDAr{A}A
C#CCC1CN1C,-1605.88,67.20309772147365,A^AAArADrA
Cn1cccc1N,-1547.56,63.93974663145172,AdraaaarD
C=CCC1CC1O,-1700.23,72.48254174313979,A~AAArAArB
[NH]C1=C[CH]CCN1,-1544.93,63.792582479072486,{DH}Ar~A{AH}AADr
NC12COC(C1)C2,-1567.55,65.05830610143695,DArsABA{Ar}As
[CH2][N]NC(=O)C=C,-1327.09,51.603138009758716,{AHs}{D}DA{~B}A~A
C=C1C=COC1,-1287.92,49.411343390483026,A~ArA~ABAr
C1=CC2CC2CO1,-1578.53,65.67270244863245,Ar~AAsAAsABr
C=CC(=O)CNC,-1586.38,66.11195666771118,A~AA{~B}ADA
CCC1=NNCC1,-1772.84,76.54550337973947,AAAr~DDAAr
C=C1COC2CC12,-1567.33,65.04599579211245,A~ArABAsAArs
O=CN1C=CCO1,-1465.91,59.37094319351807,B~ADrA~AABr
C=CC(C)C(=O)O,-1541.82,63.61855946998523,A~AA{A}A{~B}B
CCc1cnsn1,-1158.39,42.16336899592642,AAaradsdr
C#CC(N)COC,-1553.07,64.24806392407896,A^AA{D}ABA
C#CC(N)CO,-1265.94,48.18143157706254,A^AA{D}AB
CC(C)=CCCN,-1660.47,70.25773311249385,AA{A}~AAAD
Oc1cccn1O,-1740.7,74.74707909933302,BaraaadrB
C=CC(=CC)CO,-1708.98,72.97215631854604,A~AA{~AA}AB
O=CC1=NCCN1,-1236.15,46.51450378262233,B~AAr~DAADr
CC(C)(O)C1CN1,-1718.74,73.51828640494203,AA{A}{B}ArADr
CC1(N)CCC1,-1622.97,68.1593849321814,AAr{D}AAAr
CCC(=N)N(C)O,-1576.73,65.57198173597743,AAA{~D}D{A}B
CCC#CC(C)C,-1897.8,83.53775907605534,AAA^AA{A}A
CCCC1NC1C,-1919.7,84.76319441335782,AAAArDArA
CC1C=CNC=N1,-1020.97,34.47390214423206,AArA~ADA~Dr
CC(C)NCC#N,-1667.3,70.63991226106809,AA{A}DAA^D
CC1(CN)CCN1,-1566.63,65.00682662607996,AAr{AD}AADr
C[C]1C=C([NH])NC1,-1788.78,77.43744124625096,A{A}rA~A{{DH}}DAr
CC#CCC(C)N,-1921.33,84.85440261426204,AA^AAA{A}D
CCCNCCO,-1860.52,81.45172120506737,AAADAAB
O=COCC1CN1,-1403.59,55.88376829759613,B~ABAArADr
CC1NCC1(C)O,-1718.77,73.51996508348628,AArDAAr{A}B
CNCCN(C)C,-1914.18,84.45431756121583,ADAAD{A}A
CC=CCC(N)=O,-1617.73,67.86617574645238,AA~AAA{D}~B
C#CCC(=O)NN,-1163.8,42.46609069340615,A^AAA{~B}DD
C[N][CH]N(C)OC,-1557.08,64.4724472894937,A{D}{AH}D{A}BA
CNC(C)CC=O,-1726.23,73.93739648148977,ADA{A}AA~B
CCC=COCC,-1846.81,80.68456511034512,AAA~ABAA
COCC(C)CO,-1786.04,77.28412193920946,ABAA{A}AB
N#CC1(O)CCC1,-1459.71,59.02401629437308,D^AAr{B}AAAr
C#CC(=O)C#N,-861.3,25.539415372218986,A^AA{~B}A^D
C=CC#CCC#N,-1779.66,76.92712296879898,A~AA^AAA^D
CC#CC(=O)CO,-1369.67,53.98574242356418,AA^AA{~B}AB
CCCO,-1104.57,39.151819687541966,AAAB
C1C2C3CN(C3)C12,-1597.85,66.75377143112941,ArAsAtAD{At}Ars
[NH][C]1NC=CC1=O,-1224.18,45.84471104346659,{DH}{A}rDA~AAr~B
CC12CCC(C1)C2,-1914.48,84.47110434665832,AArsAAA{Ar}As
[CH2][N][N][CH]OCC,-1447.75,58.35478311473208,{AHs}{D}{D}{AH}BAA
CC(C=O)C1CC1,-1715.01,73.3095707059403,AA{A~B}ArAAr
O=C1CC2NC2C1,-1329.63,51.74526612650523,B~ArAAsDAsAr
CCC(=O)C(C)=O,-1540.99,63.57211603026099,AAA{~B}A{A}~B
C=CC=CCNC,-1774.15,76.61880567617172,A~AA~AADA
CCC(C)=COC,-1845.15,80.59167823089665,AAA{A}~ABA
C=CC(C)(N)CC,-1919.22,84.7363355566498,A~AA{A}{D}AA
C1=CCNCC1,-1496.52,61.08375486816777,Ar~AADAAr
C=CCOCC,-1544.23,63.75341331303997,A~AABAA
Cc1ccn(O)c1,-1444.11,58.15110345136309,Aaraad{B}ar
C=CCCCCC,-2046.72,91.87071936971216,A~AAAAAA
C#CCO[N][CH]C,-1395.04,55.40534491248489,A^AAB{D}{AH}A
CCCCN1CC1,-1906.64,84.03240968709434,AAAADrAAr
CN1C=NOCC1,-1441.53,58.0067370965576,ADrA~DBAAr
O=CNCC1CN1,-1314.01,50.87123416446573,B~ADAArADr
CC1C=CC=CO1,-1585.2,66.04592864497069,AArA~AA~ABr
C=CCC(C)O,-1554.75,64.34206992255696,A~AAA{A}B
C1CC2CNCC12,-1758.41,75.73805899995526,ArAAsADAArs
N#CC=CC#N,-967.43,31.47802050226062,D^AA~AA^D
Oc1c[nH]cc1O,-1179.55,43.34739692913739,Bara{dH}aarB
C=CCCC#N,-1360.57,53.476543265141686,A~AAAA^D
C#CCC1CCO1,-1544.2,63.75173463449574,A^AAArAABr
C[CH][N][N][CH]C=O,-1317.55,51.06931823268723,A{AH}{D}{D}{AH}A~B
C#CC#CC=C,-1149.24,41.651372039930166,A^AA^AA~A
CCC1COC1=O,-1542.25,63.642620529119476,AAArABAr~B
CN(C)C(=O)C=O,-1409.18,56.19656206634138,AD{A}A{~B}A~B
C#CC(C#N)CO,-1460.63,59.075495769730075,A^AA{A^D}AB
CCC=CC=O,-1427.56,57.225032454451856,AAA~AA~B
Nc1cocc1N,-1343.78,52.537042839876456,DarabaarD
C=CC(N)C(=C)C,-1774.92,76.66189175880747,A~AA{D}A{~A}A
C=CC1CCC1,-1600.59,66.90709073817092,A~AArAAAr
CC([CH][N]N)CO,-1584.23,65.99165137203993,AA{{AH}{D}D}AB
CC=CC(=O)NN,-1472.35,59.73129952101705,AA~AA{~B}DD
Cc1oncc1O,-1260.07,47.852970141904294,AarbdaarB
CCC1NCC1C,-1899.18,83.61497828909084,AAArDAArA
C=Cc1cnoc1,-1312.81,50.80408702269574,A~Aaradbar
[HH].[HH],-1438.35,57.82879717086709,{HH}!{HH}
CCN=C(C)NC,-1803.75,78.27510183983169,AAD~A{A}DA
C1=CC2CC(C1)N2,-1638.25,69.01439187071936,Ar~AAsAA{Ar}Ds
CC#CC#CC,-1312.57,50.79065759434174,AA^AA^AA
CC=C(CC)CO,-1850.03,80.86474327409464,AA~A{AA}AB
NCC1OC1CN,-1584.35,65.99836608621693,DAArBArAD
CC(O)C1CCN1,-1716.12,73.37168181207753,AA{B}ArAADr
C=CCCCOC,-1838.39,80.21341599892567,A~AAAABA
C1=NNCCC1,-1363.99,53.66791261918618,Ar~DDAAAr
C=C(C)CNCC,-1916.03,84.55783607144457,A~A{A}ADAA
CC1C=NOCC1,-1569.8,65.1842069922557,AArA~DBAAr
CC1CN2CC1C2,-1609.81,67.42300461077039,AArADsAArAs
CC=CN(C)C=N,-1659.99,70.23087425578586,AA~AD{A}A~D
OC1C2C=COC12,-1370.32,54.02211379202292,BArAsA~ABArs
C#CC(=O)OC,-1076.21,37.564908903711,A^AA{~B}BA
CCCCOC=O,-1676.25,71.14071802676932,AAAABA~B
NC1C=CCCC1,-1798.47,77.9796544160437,DArA~AAAAr
CN1CCC2CC21,-1775.1,76.67196383007295,ADrAAAsAAsr
CC1=CCOC1,-1425.41,57.10472715878062,AAr~AABAr
CN1CC1C(=O)O,-1406.56,56.04995747347688,ADrAArA{~B}B
C1CN2CC(C2)N1,-1639.97,69.11063610725638,ArADsAA{As}Dr
CNCC(=O)CO,-1533.46,63.15076771565424,ADAA{~B}AB
Nc1occc1O,-1275.87,48.73707417520927,DarbaaarB
CN1CC(=O)C1,-1286.29,49.320135189578764,ADrAA{~B}Ar
CCC(N)C(=O)O,-1562.46,64.7734903084292,AAA{D}A{~B}B
C#CCC1CC1O,-1542.95,63.68178969515199,A^AAArAArB
C=CC(N)C(N)=O,-1486.41,60.51804019875555,A~AA{D}A{D}~B
C1CC2NCC2N1,-1603.13,67.04921885491741,ArAAsDAAsDr
C=C(C)CNC=O,-1607.6,67.29934195801064,A~A{A}ADA~B
C=CC(O)CC=O,-1517.69,62.268342360893506,A~AA{B}AA~B
OCC1(CO)CC1,-1646.55,69.47882626796186,BAAr{AB}AAr
CCC(CC)CC,-1515.56,62.14915618425175,AAA{AA}AA
C1=CNC=NC1,-1242.67,46.879336586239326,Ar~ADA~DAr
N#CC=CCO,-1162.12,42.37208469492815,D^AA~AAB
C#CCC=C,-1153.43,41.885827476610416,A^AAA~A
C[C]C(C)(C)CC,-1417.61,56.66827073727561,A{A}A{A}{A}AA
OC1C2CCNC12,-1444.57,58.17684318904159,BArAsAADArs
CCC,-1008.49,33.77557186982408,AAA
O=C1NC2CC2N1,-1555.4,64.37844129101572,B~ArDAsAAsDr
CCC#CC(C)=O,-1571.23,65.26422400286494,AAA^AA{A}~B
C=CCCC,-1455.34,58.77948878642733,A~AAAA
CN1CC(O)C=N1,-1455.5,58.78844173866332,ADrAA{B}A~Dr
CC1COCC1=O,-1535.24,63.25036930927975,AArABAAr~B
CCCC1CCN1,-1768.67,76.31216706208873,AAAArAADr
C=C1CNCC1N,-1660.25,70.24542280316935,A~ArADAArD
C#CC1CC1C#N,-1910.78,84.26406732620082,A^AArAArA^D
CC1=CN[C]([NH])O1,-1352.29,53.01322798692869,AAr~AD{A}{{DH}}Br
CCCC(C)C=O,-1861.52,81.50767715654237,AAAA{A}A~B
CCC1(OC)CC1,-1836.81,80.12500559559514,AAAr{BA}AAr
C1=CCC2CC2C1,-1933.61,85.54154169837504,Ar~AAAsAAsAr
C=CCOCCC,-1839.91,80.29846904516766,A~AABAAA
C#CC#CCCN,-1459.28,58.99995523523883,A^AA^AAAD
OCc1cnoc1,-1278.92,48.90773982720803,BAaradbar
C#CC1CC1O,-1250.37,47.3101974125968,A^AArAArB
COC(C)C1CN1,-1704.84,72.74049867943955,ABA{A}ArADr
C=CC1C(N)C1O,-1572.1,65.31290568064819,A~AArA{D}ArB
CCCCC,-1600.11,66.88023188146292,AAAAA
C#CC(=C)C1CO1,-1393.8,55.3359595326559,A^AA{~A}ArABr
C#CC(C=O)CC,-1558.94,64.57652535923721,A^AA{A~B}AA
NCC(O)C1CC1,-1588.03,66.20428398764494,DAA{B}ArAAr
O=CCCNC=O,-1409.01,56.18704955459063,B~AAADA~B
C=CCC(=C)CO,-1703.41,72.66048166883031,A~AAA{~A}AB
CC(C)CNC=O,-1751.84,75.3704283987645,AA{A}ADA~B
CC1CN1C1CC1,-1606.3,67.22659922109315,AArADrArAAr
N#CC=CC1CC1,-1511.72,61.93428533058778,D^AA~AArAAr
CCC(C)CN,-1765.71,76.14653744572273,AAA{A}AD
[CH2][N]OCC=C,-1251.48,47.37230851873406,{AHs}{D}BAA~A
C#CCNCCN,-1625.21,68.28472626348538,A^AADAAD
C=CC(C)[CH][N]O,-1559.93,64.63192175119747,A~AA{A}{AH}{D}B
NC1COCC1N,-1603.15,67.05033797394691,DArABAArD
CC1(C)CC=NN1,-1574.02,65.42034110748018,AAr{A}AA~DDr
Cc1nsnc1C,-1375.77,54.32707372756167,AardsdarA
CC(C)C1CC1N,-1614.04,67.65969828550965,AA{A}ArAArD
C=CCC1CCN1,-1914.57,84.47614038229106,A~AAArAADr
C=C1CCNCC1,-1362.52,53.58565737051793,A~ArAADAAr
CCCCC(=O)O,-1686.25,71.70027754151931,AAAAA{~B}B
CC1OCC1(C)O,-1650.82,69.71775818076011,AArBAAr{A}B
C#CC(=N)NOC,-1264.86,48.12099914946953,A^AA{~D}DBA
[CH2][N]NC(C)CO,-1577.79,65.63129504454093,{AHs}{D}DA{A}AB
CC1C=CCCN1,-1545.88,63.84574063297373,AArA~AAADr
N#CCC#CCO,-1459.03,58.98596624737008,D^AAA^AAB
CN(C)CCCN,-1920.96,84.8336989122163,AD{A}AAAD
C=CC(C)=CC=O,-1582.93,65.91890863512245,A~AA{A}~AA~B
C=C1COCC1=O,-1392.04,55.2374770580599,A~ArABAAr~B
C=C1CCC2CC12,-1771.85,76.49010698777921,A~ArAAAsAArs
CN=C(C)NC,-1503.06,61.44970679081427,AD~A{A}DA
C1=COC2CC2O1,-1311.19,50.71343838130624,Ar~ABAsAAsBr
CC=C(CC)CC,-2049.81,92.0436232597699,AA~A{AA}AA
CCC#CCCC,-1897.65,83.52936568333408,AAA^AAAA
C=CCNC(N)=S,-1296.13,49.87074175209276,A~AADA{D}~E
C#CC(=N)NC=O,-1344.27,52.5644612560992,A^AA{~D}DA~B
C=C(CC)C(=O)O,-1543.15,63.69298088544698,A~A{AA}A{~B}B
NC12CCCC1C2,-1791.1,77.56725905367294,DArsAAAArAs
C=CCOC1CC1,-1690.93,71.96215139442232,A~AABArAAr
CC1C2CC=NN12,-1505.88,61.60750257397377,AArAsAA~DDrs
NC1C2C=NOC12,-1296.11,49.869622633063244,DArAsA~DBArs
C#CC1CCCC1,-1764.64,76.0866645776445,A^AArAAAAr
OC1(C2CC2)CC1,-1697.1,72.30739961502304,BAr{AsAAs}AAr
C#CCC1CN1,-1314.5,50.898652580688484,A^AAArADr
CN1CC(C)(O)C1,-1711.1,73.09078293567303,ADrAA{A}{B}Ar
C#C[CH][N]OCC,-1396.15,55.46745601862215,A^A{AH}{D}BAA
C#CC(N)=CC=O,-1560.72,64.67612695286272,A^AA{D}~AA~B
C=C(C=O)CNC,-1586.31,66.10803975110792,A~A{A~B}ADA
Cn1cccc1O,-1476.14,59.94337257710732,AdraaaarB
CN1C2C=CC1C2,-1612.35,67.5651327275169,ADrAsA~AArAs
C#CC(=O)CC=O,-1229.19,46.12505036035633,A^AA{~B}AA~B
N#CC1C=CCC1,-1532.72,63.10936031156275,D^AArA~AAAr
CC1COC=NN1,-1463.01,59.20867093424058,AArABA~DDr
CC1CNC1=O,-1315.29,50.942857782353734,AArADAr~B
CCCCC#N,-1506.3,61.631004073593274,AAAAA^D
[CH2]C(C#N)=C[N]O,-1315.13,50.93390483011774,{AHs}A{A^D}~A{D}B
C=C(C)S(C)(=O)=O,-1296.14,49.87130131160751,A~A{A}E{A}{~B}~B
CC#CC(=N)NO,-1282.56,49.11141949057702,AA^AA{~D}DB
C1=NNC2CC1C2,-1505.25,61.57225032454451,Ar~DDAsAArAs
CC=C(C)C#N,-1365.77,53.767514212811676,AA~A{A}A^D
CCOC(=O)CC,-1683.49,71.54583911544833,AABA{~B}AA
CC=CCCC=O,-1719.92,73.58431442768253,AA~AAAA~B
C=CC(O)C=CC,-1705.55,72.7802274049868,A~AA{B}A~AA
C=CCC(C)=CC,-1906.2,84.00778906844535,A~AAA{A}~AA
NC1COC1,-1118.32,39.921214020323205,DArABAr
CC1=C(C)CCC1,-1929.37,85.30428846412103,AAr~A{A}AAAr
[CH2][N]N1C(C)C1C,-1356.65,53.2571959353597,{AHs}{D}DrA{A}ArA
C=CN(C)C=N,-1362.85,53.60412283450467,A~AD{A}A~D
CC(C)C=O,-1270.06,48.41197009713954,AA{A}A~B
Cc1cc[nH]n1,-1255.94,47.62187206231255,Aaraa{dH}dr
CNCC1CN1C,-1772.08,76.50297685661846,ADAArADrA
C#CCC#CCC,-1583.42,65.94632705134518,A^AAA^AAA
CCN(C=O)C=O,-1430.49,57.388983392273616,AAD{A~B}A~B
Cc1cc(N)c[nH]1,-1517.5,62.25771073011325,Aaraa{D}a{dH}r
C=CC1(O)CNC1,-1762.76,75.98146738887148,A~AAr{B}ADAr
N#CC#CCC#N,-1093.99,38.55980572093648,D^AA^AAA^D
CC=CC(C)(C)O,-1854.7,81.1260575674829,AA~AA{A}{A}B
CNCC(O)C#N,-1466.67,59.413469716639064,ADAA{B}A^D
CC12CC=NN1C2,-1506.19,61.62484891893102,AArsAA~DDrAs
C[N][CH]NCC=O,-1470.4,59.622185415640814,A{D}{AH}DAA~B
C#Cc1nncs1,-1446.62,58.291552889565324,A^Aarddasr
C=CC(C)OCC,-1842.96,80.4691346971664,A~AA{A}BAA
N#CCC1CO1,-1152.1,41.81140606114866,D^AAArABr
C#CC1OC1CO,-1339.64,52.30538520076996,A^AArBArAB
N#CC#CCO,-992.26,32.86740677738484,D^AA^AAB
CC1CC1C=O,-1418.62,56.72478624826536,AArAArA~B
O=C1CC=NNC1,-1422.32,56.931823268722866,B~ArAA~DDAr
C1CCCC1,-1472.6,59.7452885088858,ArAAAAr
C#CC(N)CC=C,-1615.99,67.76881239088591,A^AA{D}AA~A
CCC1(CC)CO1,-1844.46,80.5530686243789,AAAr{AA}ABr
C#CC(O)CNC,-1558.01,64.52448632436547,A^AA{B}ADA
C=C1C=CC(=C)C1,-1650.42,69.69537580017011,A~ArA~AA{~A}Ar
C=CC(C#N)C=O,-1318.51,51.12303594610323,A~AA{A^D}A~B
CCN(C)CCN,-1920.21,84.79173194861006,AAD{A}AAD
Oc1ccco1,-1108.37,39.364452303146955,Baraaabr
C=C(C=O)C1CO1,-1368.06,53.895653341689425,A~A{A~B}ArABr
C=CC(C)C(C)C,-2046.1,91.83602667979765,A~AA{A}A{A}A
OC1C=NOCC1,-1437.87,57.80193831415908,BArA~DBAAr
C=C1CNCC1C,-1783.16,77.12296879896148,A~ArADAArA
CC(=NO)C1CO1,-1353.27,53.06806481937419,AA{~DB}ArABr
CC(C)C[CH][N]O,-1706.45,72.8305877613143,AA{A}A{AH}{D}B
CC1C=CN[C]1[NH],-1000.01,33.30106540131609,AArA~AD{A}r{DH}
N#CCNCC#N,-1269.63,48.38790903800529,D^AADAA^D
C#CC(C)C1CC1,-1743.65,74.91214915618426,A^AA{A}ArAAr
C[CH][N]NCC#N,-1384.38,54.808854469761414,A{AH}{D}DAA^D
C#CC#N,-596.35,10.713886028918038,A^AA^D
C=CC(=O)N(C)O,-1375.66,54.32091857289942,A~AA{~B}D{A}B
C=CCCC1CN1,-1628.17,68.45035587985139,A~AAAArADr
CC=C(C)CCO,-1851.93,80.97105958189715,AA~A{A}AAB
C1CNC2CC2N1,-1648.88,69.6092036348986,ArADAsAAsDr
C#CC=CC,-1158.13,42.14882044854292,A^AA~AA
CN(C)CC=O,-1422.95,56.967075518152114,AD{A}AA~B
CC#CC1CN1C,-1763.88,76.04413805452349,AA^AArADrA
COC(C)(C)CO,-1786.83,77.32832714087469,ABA{A}{A}AB
O=C1CCC=NO1,-1323.46,51.40001790590448,B~ArAAA~DBr
CNC1C=COC1,-1584.43,66.00284256233495,ADArA~ABAr
C=CCCC(C)C,-2046.88,91.87967232194816,A~AAAA{A}A
C#CC(CO)OC,-1481.5,60.24329647701329,A^AA{AB}BA
CN1CCC(O)C1,-1729.98,74.14723129952102,ADrAAA{B}Ar
Cc1cc[nH]c1C,-1780.77,76.98923407493622,Aaraa{dH}arA
O=CN1CC(=O)C1,-1241.96,46.83960786069207,B~ADrAA{~B}Ar
CC1C=CC(C)O1,-1723.12,73.7633734724025,AArA~AA{A}Br
CC(N)(CO)CO,-1668.51,70.70761896235285,AA{D}{AB}AB
CC1CCC=NN1,-1390.23,55.13619678589015,AArAAA~DDr
O=C(O)C1CNC1,-1395.2,55.41429786472089,B~A{B}ArADAr
CC1(C)CC(N)C1,-1238.37,46.63872599489681,AAr{A}AA{D}Ar
COC=CC1CN1,-1563.37,64.82441022427145,ABA~AArADr
CCOC(C)=NN,-1589.29,66.27478848650343,AABA{A}~DD
C#CCC#C,-994.68,33.00282017995434,A^AAA^A
C=C(CO)C(C)N,-1723.15,73.76505215094677,A~A{AB}A{A}D
CN1CC2CC2C1,-1774.35,76.62999686646671,ADrAAsAAsAr
C=C1C=NN=CO1,-1181.09,43.433569094408874,A~ArA~DD~ABr
N#CC(=O)C1CC1,-1182.59,43.51750302162137,D^AA{~B}ArAAr
NCc1cccs1,-1440.43,57.945185549935104,DAaraaasr
CC(=O)C=CCO,-1527.53,62.818948923407504,AA{~B}A~AAB
C#CC1CCN1C,-1605.09,67.1588925198084,A^AArAADrA
CC#CC=CC#N,-1769.32,76.34853843054748,AA^AA~AA^D
CC(O)(CN)CO,-1668.68,70.7171314741036,AA{B}{AD}AB
C=NNC=CC#N,-1254.11,47.51947267111329,A~DDA~AA^D
NCC1(CO)CC1,-1716.14,73.37280093110705,DAAr{AB}AAr
CNc1cnsc1,-1657.73,70.10441380545234,ADaradsar
CC1(N)CC1CN,-1782.73,77.09890773982721,AAr{D}AArAD
NC1CCOC1,-1435.56,57.67268006625184,DArAABAr
C#CC=CCC=C,-1606.49,67.23723085187342,A^AA~AAA~A
CCCC(=O)CO,-1670.94,70.84359192443709,AAAA{~B}AB
CC(C=O)N1CC1,-1575.89,65.52497873673846,AA{A~B}DrAAr
O=C1CCC1,-1131.38,40.6519987465867,B~ArAAAr
O=Cc1ccon1,-1411.89,56.34820269483863,B~Aaraabdr
C=C(C)COCC,-1843.66,80.5083038631989,A~A{A}ABAA
C=CC(=C)C=C,-1465.9,59.37038363400332,A~AA{~A}A~A
C=CC(C)O,-1256.77,47.6683155020368,A~AA{A}B
C#CCCCCO,-1692.03,72.02370294104482,A^AAAAAB
O=CNCC1CO1,-1451.03,58.53831863557009,B~ADAArABr
NC1C2CNCC12,-1651.81,69.77315457272034,DArAsADAArs
C=C(C)C(C)=NO,-1566.16,64.98052732888671,A~A{A}A{A}~DB
CC1C(N)C1CO,-1718.15,73.48527239357179,AArA{D}ArAB
C#CCC(O)C=C,-1548.36,63.984511392631724,A^AAA{B}A~A
CC(=O)CC(C)=O,-1543.84,63.73159049196473,AA{~B}AA{A}~B
C=C(C)CCCO,-1849.99,80.86250503603564,A~A{A}AAAB
CC(O)C(N)CN,-1740.29,74.72413715922826,AA{B}A{D}AD
CNCC=C(C)C,-1916.01,84.55671695241506,ADAA~A{A}A
CNCC(N)CO,-1730.71,74.18807914409777,ADAA{D}AB
C=Cc1ccns1,-1272.7,48.55969380903353,A~Aaraadsr
O=CCCCC=O,-1530.6,62.99073369443573,B~AAAAA~B
Cc1ccc(O)o1,-1408.88,56.17977528089889,Aaraaa{B}br
CNCC1CCO1,-1710.02,73.03035050808003,ADAArAABr
O=C1CC=CC1,-1303.54,50.2853753525225,B~ArAA~AAr
C1COC1,-952.57,30.646515063342143,ArABAr
CC(=O)C1CCN1,-1585.65,66.07110882313444,AA{~B}ArAADr
Cc1cc(N)cs1,-1304.67,50.348605577689256,Aaraa{D}asr
NC1CCCC1O,-1739.24,74.66538341017952,DArAAAArB
NCC1CNC1=O,-1481.54,60.24553471507229,DAArADAr~B
C=CCC#CC#N,-1184.76,43.63892743632213,A~AAA^AA^D
C=CCO[N][CH]C,-1553.18,64.25421907874123,A~AAB{D}{AH}A
Cc1ccc(O)[nH]1,-1483.68,60.365280451228806,Aaraaa{B}{dH}r
CN(C)C1CC1,-1609.71,67.41740901562291,AD{A}ArAAr
CC1(O)CCC1=O,-1525.59,62.710394377546,AAr{B}AAAr~B
CN(C)C=O,-1152.68,41.84386051300417,AD{A}A~B
CC1(CO)CCC1,-1846.33,80.65770625363713,AAr{AB}AAAr
COC(C)C(=N)N,-1606.43,67.23387349478492,ABA{A}A{~D}D
N#CC1NC1C=O,-1517.23,62.242602623215,D^AArDArA~B
C#CC1CCC1,-1448.78,58.412417744751345,A^AArAAAr
CC12CCOC1C2,-1711.75,73.12715430413178,AArsAABArAs
CC(O)C(C)C#N,-1601.97,66.98430995120643,AA{B}A{A}A^D
C#CCCC#N,-1204.12,44.7222346568781,A^AAAA^D
CCC(=O)C(=N)N,-1485.74,60.4805497112673,AAA{~B}A{~D}D
C=CC1CC1CO,-1699.6,72.44728949371054,A~AArAArAB
[CH2][N]N1CC(C)C1,-1931.93,85.44753569989706,{AHs}{D}DrAA{A}Ar
CCc1cccs1,-1445.25,58.21489323604458,AAaraaasr
CC1=CCNCC1,-1289.5,49.49975379381351,AAr~AADAAr
CNC(=O)C=CN,-1494.64,60.978557679394804,ADA{~B}A~AD
CC1=COC(C)C1,-1727.03,73.98216124266978,AAr~ABA{A}Ar
O=C1C=CCNN1,-1793.18,77.68364743274097,B~ArA~AADDr
CCNC1CC1C,-1913.2,84.39948072877033,AADArAArA
CCC=CC(=O)O,-1543.82,63.73047137293523,AAA~AA{~B}B
C#CC(=C)C#N,-1058.34,36.56497605085276,A^AA{~A}A^D
OC12CCNC1C2,-1583.54,65.95304176552217,BArsAADArAs
CC1=NN=CC1C,-1659.76,70.2180043869466,AAr~DD~AArA
CCOC=COC,-1636.56,68.91982631272661,AABA~ABA
NCC1COC1=O,-1412.87,56.403039527284115,DAArABAr~B
C#CCOCCC,-1681.63,71.44176104570482,A^AABAAA
CNCC(C)O,-1562.96,64.8014682841667,ADAA{A}B
CC(C)CC(=O)O,-1686.62,71.72098124356505,AA{A}AA{~B}B
CC1COCC1C,-1861.77,81.52166614441113,AArABAArA
CC1C2OCOC12,-1503.32,61.46425533819777,AArAsBABArs
C=C1CC=CC1O,-1581.94,65.86351224316219,A~ArAA~AArB
NC1CC1CO,-1423.42,56.99337481534537,DArAArAB
NCC1=CCC=C1,-1658.13,70.12679618604236,DAAr~AAA~Ar
C#CC1C=COC1,-1418.41,56.713035498455625,A^AArA~ABAr
CNC(C)(C)C,-1761.46,75.90872465195399,ADA{A}{A}A
C=C1CCC(C)O1,-1727.44,74.00510318277452,A~ArAAA{A}Br
C=CN(N)C(C)=O,-1466.88,59.42522046644881,A~AD{D}A{A}~B
OC1CC1C1CN1,-1453.21,58.66030260978558,BArAArArADr
C=CCC=COC,-1699.71,72.45344464837281,A~AAA~ABA
[CH2][N]NC1COC1,-1422.49,56.941335780473615,{AHs}{D}DArABAr
C=C(CO)CC#N,-1292.86,49.687765790769504,A~A{AB}AA^D
CC1=CC2CC2O1,-1574.79,65.46342719011594,AAr~AAsAAsBr
C=CCCCC=C,-1902.2,83.78396526254535,A~AAAAA~A
CC1CCS1(=O)=O,-1444.52,58.17404539146783,AArAAEr{~B}~B
C=CC(=O)C=C,-1283.65,49.172411477684776,A~AA{~B}A~A
C#CCNNC=O,-1206.69,44.86604145216886,A^AADDA~B
C=C1COCO1,-1221.98,45.72160795022159,A~ArABABr
C=C(C)CC(C)O,-1852.78,81.01862214065089,A~A{A}AA{A}B
NCC(N)CCO,-1275.06,48.691749854514526,DAA{D}AAB
CC1COC1C,-1550.18,64.08635122431623,AArABArA
CC(O)CCCN,-1865.45,81.72758404583914,AA{B}AAAD
CN1CC1CC#N,-1515.95,62.17097900532702,ADrAArAA^D
CC1(N)COC1=O,-1410.06,56.24580330363938,AAr{D}ABAr~B
N=C(N)C1CCO1,-1461.18,59.10627154304133,D~A{D}ArAABr
CNCCO,-1267.25,48.254733873494786,ADAAB
C=CC(=O)C=CN,-1302.66,50.23613411522451,A~AA{~B}A~AD
CC1C=CC(O)C1,-1726.04,73.92676485070953,AArA~AA{B}Ar
C#CCC(C)CC,-1891.53,83.18691526030709,A^AAA{A}AA
NCC#CC1CC1,-1619.05,67.9400376023994,DAA^AArAAr
CC(C)C1CCO1,-1845.38,80.6045480997359,AA{A}ArAABr
CC(C)=CC#N,-1368.53,53.92195263888267,AA{A}~AA^D
CNC(CN)CO,-1730.56,74.17968575137651,ADA{AD}AB
CCCCCCO,-1991.95,88.8060119074265,AAAAAAB
C=CC1NC1CN,-1637.77,68.98753301401136,A~AArDArAD
O=C1CCC=CO1,-1412.13,56.361632123192635,B~ArAAA~ABr
CC(=NO)C(C)N,-1580.34,65.7739827208022,AA{~DB}A{A}D
C1=NN2CC2CO1,-1299.35,50.05091991584224,Ar~DDsAAsABr
C=C(CN)OC,-1420.3,56.818792246743364,A~A{AD}BA
[NH]C1=C[CH]C2CN12,-1383.0,54.73163525672591,{DH}Ar~A{AH}AsADrs
CNC1CC1(C)C,-1912.92,84.38381306235732,ADArAAr{A}A
C=CCC(C)=NN,-1638.41,69.02334482295538,A~AAA{A}~DD
CCC(C)=NOC,-1700.41,72.49261381440532,AAA{A}~DBA
CCC1=COCC1,-1722.95,73.75386096065179,AAAr~ABAAr
[CH2][N][N]C=C([CH2])C,-1505.11,61.56441649133802,{AHs}{D}{D}A~A{{AHs}}A
C=CC(C=C)CC,-1901.45,83.7419982989391,A~AA{A~A}AA
CCc1cnsc1,-1318.58,51.12695286270648,AAaradsar
O=C1C=CCN1,-1194.72,44.19624871301312,B~ArA~AADr
[CH]1N[N][C]2OC[C]12,-1145.25,41.428107793544925,{AH}rD{D}{A}sBA{A}rs
O=CC#C[CH][N]O,-1370.11,54.010363042213164,B~AA^A{AH}{D}B
CCC(C)(C)C#N,-1801.05,78.1240207708492,AAA{A}{A}A^D
C=C(C)CC#N,-1362.55,53.58733604906218,A~A{A}AA^D
C=C(CC)C1CC1,-1900.79,83.70506737096558,A~A{AA}ArAAr
CCC(=N)N(C)C,-1798.04,77.95559335690945,AAA{~D}D{A}A
Cc1conc1C,-1460.57,59.07213841264157,AarabdarA
CCC(O)CN,-1572.85,65.35487264425444,AAA{B}AD
CCC1C(C)C1N,-1743.92,74.92725726308251,AAArA{A}ArD
CC(C)CC1CO1,-1841.48,80.3863198889834,AA{A}AArABr
C#CC1CCN1,-1314.51,50.89921214020323,A^AArAADr
CC1CN(C=O)C1,-1600.78,66.91772236895117,AArAD{A~B}Ar
CON(C)C(C)=O,-1512.15,61.95834638972202,ABD{A}A{A}~B
CC1(CCN)CN1,-1117.96,39.9010698777922,AAr{AAD}ADr
OC1CNC1,-1119.26,39.9738126147097,BArADAr
CC1OC1C1CO1,-1491.51,60.80341555127804,AArBArArABr
CC1(N)CC1O,-1421.61,56.89209454317561,AAr{D}AArB
CCC1C=COC1,-1721.09,73.64978289090828,AAArA~ABAr
COC1CC1OC,-1623.52,68.19016070549263,ABArAArBA
CC=C(C)C(C)C,-2049.55,92.02907471238642,AA~A{A}A{A}A
OC1CC2NC2C1,-1465.33,59.33848874166256,BArAAsDAsAr
CC1CC1C(=O)O,-1541.15,63.58106898249698,AArAArA{~B}B
CCN1CCC=N1,-1654.61,69.92983123685036,AADrAAA~Dr
OCCNC1CC1,-1317.58,51.07099691123148,BAADArAAr
Cc1cccs1,-1275.91,48.73931241326829,Aaraaasr
O=C1COC2CC12,-1385.89,54.89334795648866,B~ArABAsAArs
C=C(C)C(C)C#N,-1658.1,70.12511750749809,A~A{A}A{A}A^D
CC(C)C(C)CO,-1990.67,88.73438828953849,AA{A}A{A}AB
C#CC(=O)CNC,-1426.76,57.18026769327186,A^AA{~B}ADA
C=CCC(=C)OC,-1701.38,72.54689108733605,A~AAA{~A}BA
C1=CC2CCC2C1,-1788.72,77.43408388916245,Ar~AAsAAAsAr
CC(O)CC1CO1,-1645.0,69.3920945431756,AA{B}AArABr
CO[N][CH]C(C)=O,-1373.04,54.17431398003492,AB{D}{AH}A{A}~B
CC(C)(CN)CN,-1931.62,85.43018935493978,AA{A}{AD}AD
CC=C1C=NOC1,-1435.52,57.67044182819284,AA~ArA~DBAr
NCC1CCC1,-1619.14,67.94507363803216,DAArAAAr
C=C(CC)CO,-1553.44,64.26876762612471,A~A{AA}AB
CC1(CN)CNC1,-1683.09,71.52345673485833,AAr{AD}ADAr
C=CC[CH][N]O,-1264.37,48.09358073324678,A~AA{AH}{D}B
CC(C)S(C)(=O)=O,-1293.7,49.73476879000851,AA{A}E{A}{~B}~B
C=C1COC=C1C,-1588.03,66.20428398764494,A~ArABA~ArA
CNC1CC1C#N,-1521.81,62.498880880970496,ADArAArA^D
CCCCC1CN1,-1628.88,68.49008460539864,AAAAArADr
C1=CCCCC1,-1632.17,68.67417968575138,Ar~AAAAAr
O=C1C=NNCC1,-1461.01,59.09675903129058,B~ArA~DDAAr
CCCC(=O)O,-1390.28,55.1389945834639,AAAA{~B}B
NCCCN1CC1,-1776.32,76.74023009087247,DAAADrAAr
CC(C)(C)C1CO1,-1841.3,80.3762478177179,AA{A}{A}ArABr
CC(C)C(C)N,-1767.17,76.22823313487623,AA{A}A{A}D
[CH2][N][N][CH]C(C)=O,-1317.18,51.04861453064148,{AHs}{D}{D}{AH}A{A}~B
C#CCC(C)C#C,-1589.94,66.31115985496218,A^AAA{A}A^A
CC1=COC(C)O1,-1523.06,62.568825820314245,AAr~ABA{A}Br
C=C1C=CC(=O)O1,-1279.1,48.917811898473516,A~ArA~AA{~B}Br
O=CC#CCO,-1062.97,36.824052106182016,B~AA^AAB
C=C(C)CC1CC1,-1902.84,83.81977707148933,A~A{A}AArAAr
C#CC(=C)C(C)=O,-1424.39,57.04765208827612,A^AA{~A}A{A}~B
CCC1(C)CCO1,-1847.88,80.74443797842339,AAAr{A}AABr
O=C1CC2CC1O2,-1371.21,54.071914588835675,B~ArAAsAArBs
CN=C(C)N(C)C,-1790.76,77.54823403017146,AD~A{A}D{A}A
O[N][CH]CN1CC1,-1237.05,46.56486413894982,B{D}{AH}ADrAAr
O=CCCCCO,-1662.19,70.35397734903084,B~AAAAAB
CC(C)C(O)CN,-1867.98,81.86915260307087,AA{A}A{B}AD
NC1CC(CO)C1,-1715.12,73.31572586060253,DArAA{AB}Ar
C1=CC2OC2CO1,-1374.43,54.25209275258517,Ar~AAsBAsABr
C=C(C=O)C1CC1,-1573.84,65.4102690362147,A~A{A~B}ArAAr
C=CC(=O)C(C)=O,-1396.28,55.47473029231389,A~AA{~B}A{A}~B
CCNC(C)C=O,-1728.07,74.04035543220377,AADA{A}A~B
C=CC1NC1C#N,-1919.46,84.74976498500381,A~AArDArA^D
CC1(C)CC1(C)N,-1918.18,84.67814136711583,AAr{A}AAr{A}D
C#CC(C#N)OC,-1279.51,48.940753838578274,A^AA{A^D}BA
CC(=CN)C(=O)O,-1423.95,57.023031469627114,AA{~AD}A{~B}B
C=C(C=O)CC#N,-1328.29,51.67028515152872,A~A{A~B}AA^D
N#Cc1ccco1,-1208.07,44.943260665204356,D^Aaraaabr
CC(=CN)C(N)=O,-1498.67,61.20406016383903,AA{~AD}A{D}~B
C1=COCC1,-1128.5,40.490845606338695,Ar~ABAAr
C=COCCN,-1420.77,56.84509154393662,A~ABAAD
C#CCC(C)N,-1466.31,59.393325574108054,A^AAA{A}D
C[CH][N][N][CH]CO,-1450.2,58.49187519584584,A{AH}{D}{D}{AH}AB
Cc1ccoc1,-1304.97,50.36539236313175,Aaraabar
Cc1nocc1O,-1258.68,47.77519136935405,AardbaarB
CCC(=O)CCO,-1670.74,70.8324007341421,AAA{~B}AAB
OCC#CC1CO1,-1339.6,52.30314696271095,BAA^AArABr
[NH]C1=C[CH]CN1O,-1255.81,47.6145977886208,{DH}Ar~A{AH}ADrB
CC1=CCC(=N)N1,-1457.91,58.92329558171809,AAr~AAA{~D}Dr
CCC1OCC1O,-1646.62,69.4827431845651,AAArBAArB
C1CCOCOC1,-1658.86,70.1676440306191,ArAABABAr
C=CC1C=NOC1,-1426.77,57.18082725278661,A~AArA~DBAr
CC(CN)C1CO1,-1712.06,73.14450064908904,AA{AD}ArABr
CCCC(N)=O,-1464.5,59.29204530193831,AAAA{D}~B
C=C(C)C(C)(C)O,-1852.6,81.00855006938536,A~A{A}A{A}{A}B
C=CC(C)=COC,-1705.99,72.80484802363581,A~AA{A}~ABA
CC1CCC(=O)N1,-1633.93,68.77266216034738,AArAAA{~B}Dr
CCC(=O)CO,-1375.33,54.302453108912665,AAA{~B}AB
CC1C(N)C1N,-1489.58,60.69542056493128,AArA{D}ArD
c1snc2c1OC2,-1573.5,65.39124401271319,arsdasarBAs
CC=CC(C)C,-1754.1,75.49688884909799,AA~AA{A}A
CC1CC1CN,-1621.35,68.06873629079189,AArAArAD
Cc1sccc1N,-1318.86,51.14262052911947,AarsaaarD
C1OC1CC1CO1,-1490.08,60.72339854066878,ArBArAArABr
[CH2][N][N][CH]CC=O,-1310.11,50.65300595371323,{AHs}{D}{D}{AH}AA~B
CC1=NOCC1O,-1379.27,54.522919557724165,AAr~DBAArB
N#CC1CC1CO,-1599.57,66.85001566766641,D^AArAArAB
CC#CCC1CO1,-1545.22,63.808809705000236,AA^AAArABr
N=CNC1COC1,-1456.39,58.83824253547609,D~ADArABAr
CNC1CC1CN,-1781.92,77.05358341913247,ADArAArAD
N#CC1CC1C=O,-1732.74,74.30166972559202,D^AArAArA~B
CC=CC(C)(C)C,-2050.29,92.07048211647792,AA~AA{A}{A}A
O=C1C=CC2NC12,-1365.1,53.73002372532342,B~ArA~AAsDArs
CC=COCC,-1551.9,64.18259546085322,AA~ABAA
CC1(N)C=CCC1,-1793.25,77.6875643493442,AAr{D}A~AAAr
CC12COCC1O2,-1513.21,62.01765969828551,AArsABAArBs
C#CC(C)C#CC,-1593.66,66.51931599444919,A^AA{A}A^AA
CCN(C)C1CC1,-1905.0,83.94064192667533,AAD{A}ArAAr
CNC(C)C,-1466.12,59.3826939433278,ADA{A}A
CC1CC=CC1O,-1726.63,73.95977886207977,AArAA~AArB
CC(C=O)N(C)C,-1718.61,73.51101213125028,AA{A~B}D{A}A
N#CC1=CCOC1,-1328.68,51.69210797260397,D^AAr~AABAr
OC1CC2CC1N2,-1483.97,60.381507677156556,BArAAsAArDs
CC1CC(CO)O1,-1648.41,69.58290433770537,AArAA{AB}Br
C=CC(=C)CCC,-1907.89,84.10235462643809,A~AA{~A}AAA
NCCC1(N)CC1,-1787.54,77.36805586642195,DAAAr{D}AAr
CCC1=NN=CC1,-1899.95,83.6580643717266,AAAr~DD~AAr
CC12C=CC(C1)N2,-1622.31,68.12245400420788,AArsA~AA{Ar}Ds
CC1CN(O)C1=O,-1377.12,54.40261426205291,AArAD{B}Ar~B
CN1CCC1C=O,-1574.95,65.47238014235195,ADrAAArA~B
C=CN(C=N)CC,-1659.04,70.1777161018846,A~AD{A~D}AA
O=CNCCCO,-1442.33,58.051501857737584,B~ADAAAB
C=CCC(=O)CC,-1723.27,73.77176686512378,A~AAA{~B}AA
NC1C2CCC1N2,-1648.21,69.57171314741036,DArAsAAArDs
CC12CNC(C1)C2,-1780.35,76.9657325753167,AArsADA{Ar}As
CC=C(C)C1CC1,-1902.82,83.81865795245983,AA~A{A}ArAAr
CNC1C=CC=C1,-1645.9,69.44245489950312,ADArA~AA~Ar
CCC1CC=CC1,-1923.91,84.99876896906757,AAArAA~AAr
CC1NC(C)C1O,-1718.08,73.48135547696852,AArDA{A}ArB
CCC(C)=O,-1276.16,48.75330140113704,AAA{A}~B
CC(=N)NCCO,-1614.65,67.6938314159094,AA{~D}DAAB
O=C1CC2CC2N1,-1458.68,58.96638166435383,B~ArAAsAAsDr
CC1CN=CN1O,-1443.84,58.13599534446484,AArAD~ADrB
CC=CC1CC1C,-1902.7,83.81194323828285,AA~AArAArA
C=CC#CC(C)C,-1754.77,75.53437933658624,A~AA^AA{A}A
C=CC(=C)C(C)O,-1708.51,72.94585702135281,A~AA{~A}A{A}B
CCC(=NN)OC,-1585.07,66.03865437127894,AAA{~DD}BA
ON1C=NCCC1,-1302.5,50.2271811629885,BDrA~DAAAr
COC=CC1CC1,-1695.82,72.23577599713506,ABA~AArAAr
C=CC1=NCCN1,-1260.97,47.903330498231796,A~AAr~DAADr
Cc1ccc[nH]1,-1387.37,54.97616276467165,Aaraaa{dH}r
CN(C)C1CC1N,-1776.73,76.76317203097722,AD{A}ArAArD
OCc1ccsc1,-1243.51,46.92633958547832,BAaraasar
CC1(C)C=CCC1,-1924.95,85.05696315860158,AAr{A}A~AAAr
CCC#CC(=O)O,-1388.07,55.01533193070415,AAA^AA{~B}B
C1CC2CCC2C1,-1916.54,84.58637360669681,ArAAsAAAsAr
C1=CCCOCC1,-1715.55,73.33978691973678,Ar~AAABAAr
CC1=CC2CC1C2,-1551.27,64.14734321142396,AAr~AAsAArAs
C#CC(C)C#N,-1199.56,44.467075518152114,A^AA{A}A^D
[CH2][N]NC(C)CC,-1774.82,76.65629616365997,{AHs}{D}DA{A}AA
CC1(C)C(N)C1N,-1429.56,57.33694435740185,AAr{A}A{D}ArD
CN1CC1C(N)=O,-1477.5,60.0194726711133,ADrAArA{D}~B
C1=COCOC=C1,-1385.24,54.85697658802991,Ar~ABABA~Ar
[CH2][N]OCC1CC1,-1546.98,63.90729217959622,{AHs}{D}BAArAAr
OC1C=CCOC1,-1520.18,62.40767268006626,BArA~AABAr
CCN(C=O)NC,-1597.85,66.75377143112941,AAD{A~B}DA
CC1CN1C(N)=S,-1328.6,51.68763149648596,AArADrA{D}~E
C#CC(=O)NOC,-1207.59,44.916401808496346,A^AA{~B}DBA
NCC=CC1CC1,-1771.89,76.49234522583824,DAA~AArAAr
CC1NCC1=O,-1293.02,49.69671874300551,AArDAAr~B
C=CCN(O)C=O,-1418.7,56.72926272438337,A~AAD{B}A~B
CCC1CC1CC,-2045.45,91.79965531133894,AAArAArAA
O=c1cconc1,-1369.28,53.96391960248892,B~araabdar
OCC1=COCC1,-1522.6,62.543086082635746,BAAr~ABAAr
CC1CNC1(C)C,-1780.44,76.97076861094946,AArADAr{A}A
C=C1C=NN2CC12,-1661.29,70.30361699270334,A~ArA~DDsAArs
C=CC#CCO,-1254.73,47.5541653610278,A~AA^AAB
CNCCC1CC1,-1909.24,84.17789516092932,ADAAArAAr
C#CS(=O)(=O)NC,-1362.48,53.58341913245893,A^AE{~B}{~B}DA
C#CC(C=C)C=C,-1598.57,66.79405971619141,A^AA{A~A}A~A
NCC1COC1,-1416.05,56.580979452974624,DAArABAr
C=C1C=COCC1,-1588.6,66.23617887998567,A~ArA~ABAAr
CC(C#N)=CC=O,-1329.52,51.73911097184297,AA{A^D}~AA~B
CC(N)CCN,-1638.56,69.03173821567661,AA{D}AAD
C#CCCCC#C,-1591.49,66.39789157974843,A^AAAAA^A
C=CC(=O)NC=O,-1293.48,49.72245848068401,A~AA{~B}DA~B
CC=CC[CH][N]N,-1638.81,69.04572720354537,AA~AA{AH}{D}D
NC1C2C=CCC12,-1647.3,69.52079323156812,DArAsA~AAArs
[CH2][N]OCC=CC,-1551.09,64.13727114015848,{AHs}{D}BAA~AA
C#CC1NC1CC,-1521.36,62.47370070280675,A^AArDArAA
CC(C)CCN,-1766.7,76.201933837683,AA{A}AAD
CC1CNCCO1,-1728.42,74.05994001522002,AArADAABr
C1CC(C2CN2)N1,-1633.27,68.73573123237387,ArAA{AsADs}Dr
NC1CC1(N)CO,-1591.64,66.40628497246969,DArAAr{D}AB
C#CC=COC=C,-1405.85,56.010228747929624,A^AA~ABA~A
NC1C=CC=C1,-1356.66,53.257755494874445,DArA~AA~Ar
CCN1CCC1C,-1909.91,84.21538564841758,AADrAAArA
CCOC(C)C,-1692.38,72.04328752406106,AABA{A}A
C#CCN,-871.86,26.13031021979498,A^AAD
C#CC1CC1CN,-1616.92,67.82085142575765,A^AArAArAD
CC(C)(C)C#N,-1506.73,61.655065132727515,AA{A}{A}A^D
COCC(C)N,-1559.47,64.60618201351897,ABAA{A}D
CC1C2CCOC12,-1709.71,73.0130041631228,AArAsAABArs
CCO,-808.87,22.605644836384798,AAB
CN1CC(N)C1,-1481.4,60.2377008818658,ADrAA{D}Ar
CN(C=N)CC#N,-1403.06,55.85411164331439,AD{A~D}AA^D
C1COC2CC2N1,-1574.68,65.4572720354537,ArABAsAAsDr
CC1=CC(O)CO1,-1530.42,62.98066162317024,AAr~AA{B}ABr
CCc1ccc[nH]1,-1931.49,85.42291508124805,AAaraaa{dH}r
C1=NCC2CN12,-1220.23,45.62368503514034,Ar~DAAsADrs
C=CC[CH][N]NC,-1631.81,68.65403554322037,A~AA{AH}{D}DA
C=C1CC(=O)CO1,-1395.16,55.4120596266619,A~ArAA{~B}ABr
C=C(C#N)OCC,-1451.64,58.572451765969845,A~A{A^D}BAA
CCC=COC=O,-1533.34,63.14405300147724,AAA~ABA~B
CCCNCCC,-2057.64,92.48175835981914,AAADAAA
NCc1ccco1,-1471.41,59.67870092663057,DAaraaabr
C=CCC1CCO1,-1699.58,72.44617037468105,A~AAArAABr
NC1CCN2CC12,-1652.58,69.8162406553561,DArAADsAArs
CC1CCC1N,-1615.55,67.7441917722369,AArAAArD
OCC1(O)CNC1,-1937.27,85.74634048077354,BAAr{B}ADAr
C=C(CC)OCC,-1850.05,80.86586239312413,A~A{AA}BAA
C=C(CC)CCO,-1850.91,80.91398451139266,A~A{AA}AAB
CC#CC(C)NC,-1761.56,75.91432024710147,AA^AA{A}DA
CC1(N)CC1(C)N,-1522.62,62.544205201665235,AAr{D}AAr{A}D
CC1=COCOC1,-1521.24,62.466985988629766,AAr~ABABAr
CC#CCOCC,-1689.02,71.85527552710506,AA^AABAA
CC12CC1C=NO2,-1428.46,57.27539281077936,AArsAArA~DBs
CNC(=O)CC#N,-1359.55,53.41946819463718,ADA{~B}AA^D
CC12C=CC(C1)C2,-1781.62,77.03679663368995,AArsA~AA{Ar}As
C=C1CNCC1O,-1409.76,56.22901651819688,A~ArADAArB
C=CC(O)C1CO1,-1498.65,61.20294104480953,A~AA{B}ArABr
C=CC1CNC1=O,-1462.41,59.175097363355576,A~AArADAr~B
C1=CCC=NN=C1,-1374.26,54.24258024083442,Ar~AAA~DD~Ar
CC1(N)CNC1,-1486.89,60.54489905546356,AAr{D}ADAr
CCC1(C)NC1C,-1528.46,62.870987958279244,AAAr{A}DArA
C1=CC2OCC2O1,-1373.74,54.21348314606742,Ar~AAsBAAsBr
CC(C)(N)CCN,-1935.18,85.62939254219081,AA{A}{D}AAD
C=C(C=O)OC,-1218.35,45.518487846367336,A~A{A~B}BA
C=CC(=C)C=O,-1280.22,48.98048256412552,A~AA{~A}A~B
C=C1CNN=C1C,-1662.97,70.39762299118135,A~ArADD~ArA
CCCCC=O,-1565.94,64.9682170195622,AAAAA~B
Cc1c[nH]c(=O)o1,-1301.43,50.16730829491025,Aara{dH}a{~B}br
CCC=CC#N,-1364.82,53.71435605891043,AAA~AA^D
NCC1NC1CO,-1586.56,66.12202873897667,DAArDArAB
CC1C=COC1,-1425.6,57.11535878956085,AArA~ABAr
NN=C1C=CCC1,-1521.71,62.493285285823006,DD~ArA~AAAr
Cc1cccnn1,-1297.05,49.922221227449754,Aaraaaddr
CC1OC1C1CN1,-1565.31,64.93296477013294,AArBArArADr
C#CCS([O])([O])O,-1323.8,51.419042929405975,A^AAE{{B}}{{B}}B
OCCN1CC1,-1409.71,56.22621872062313,BAADrAAr
C=CC(=O)CC,-1428.61,57.2837862035006,A~AA{~B}AA
CC1C(N)C1(C)N,-1775.28,76.68203590133847,AArA{D}Ar{A}D
CNC1CCNC1,-1796.21,77.8531939657102,ADArAADAr
CC(O)CC1CC1,-1848.09,80.75618872823314,AA{B}AArAAr
[CH2]C=C[N]OCC,-1558.56,64.5552620976767,{AHs}A~A{D}BAA
OC1C2CCC1C2,-1712.62,73.17583598191503,BArAsAAArAs
CC1CC(=O)O1,-1249.56,47.26487309190206,AArAA{~B}Br
C=CC(=O)NNC,-1461.5,59.12417744751331,A~AA{~B}DDA
CCC(=O)NC=N,-1495.08,61.00317829804378,AAA{~B}DA~D
C=CC(C=O)=CC,-1578.07,65.64696271095394,A~AA{A~B}~AA
CC1CC2CC1C2,-1911.41,84.29931957563008,AArAAsAArAs
C#CC(C)C,-1300.09,50.092327319933744,A^AA{A}A
C=CCONC=N,-1423.32,56.987779220197865,A~AABDA~D
CC(C)C1CN1C,-1607.62,67.30046107704014,AA{A}ArADrA
CNC(C#N)C=O,-1326.99,51.59754241461122,ADA{A^D}A~B
C=CC1C(O)C1O,-1497.78,61.15425936702629,A~AArA{B}ArB
C#CCOC,-1086.74,38.15412507274274,A^AABA
CC1C(O)CC1O,-1649.87,69.66460002685885,AArA{B}AArB
C#CC1OCC1N,-1409.92,56.23796947043289,A^AArBAArD
CC(C)N(C)C,-1753.9,75.48569765880299,AA{A}D{A}A
CON(C)C(C)=N,-1565.82,64.96150230538521,ABD{A}A{A}~D
C#CCOCC#C,-1376.91,54.39086351224317,A^AABAA^A
CCOCC(N)=O,-1554.79,64.34430816061595,AABAA{D}~B
C=CC#CC=CC,-1614.03,67.65913872599491,A~AA^AA~AA
C#CS(=O)(=O)C#C,-1069.38,37.18272975513677,A^AE{~B}{~B}A^A
CN=C(C#N)NC,-1398.8,55.61573929003089,AD~A{A^D}DA
CCC(=O)C#N,-1170.86,42.861139710819636,AAA{~B}A^D
C=CCC#CCN,-1619.53,67.9668964591074,A~AAA^AAD
CCN1C=NCC1,-1672.03,70.90458391154485,AADrA~DAAr
CC1CN1CC=O,-1576.49,65.55855230762346,AArADrAA~B
C1CN2CC2CO1,-1572.21,65.31906083531045,ArADsAAsABr
N#CC(=O)C=CN,-1739.3,74.668740767268,D^AA{~B}A~AD
C=C1COCOC1,-1516.27,62.188884909799,A~ArABABAr
[NH][C]1NC2CC2O1,-1334.65,52.02616500290972,{DH}{A}rDAsAAsBr
O=C1CCCC1=O,-1409.62,56.221182684990374,B~ArAAAAr~B
N#CC1=CCC=C1,-1398.58,55.60342898070639,D^AAr~AAA~Ar
[NH][CH]N1CCCO1,-1297.64,49.95523523882001,{DH}{AH}DrAAABr
C=CC(N)COC,-1709.28,72.98894310398855,A~AA{D}ABA
CC(O)C#CC=O,-1362.8,53.60132503693093,AA{B}A^AA~B
C1C2CC1C1NC21,-1607.77,67.3088544697614,ArAsAArArDAsr
CC=CC(C)O,-1556.24,64.42544429025472,AA~AA{A}B
OCC=CC1CC1,-1700.36,72.48981601683155,BAA~AArAAr
OCC1CCC1,-1549.15,64.02871659429697,BAArAAAr
CC(C=CN)=NO,-1441.86,58.025202560544344,AA{A~AD}~DB
C#CCC#N,-903.23,27.885648417565694,A^AAA^D
C=CCCCCO,-1847.41,80.71813868123016,A~AAAAAB
C=CC1NC1C,-1471.27,59.67086709342405,A~AArDArA
CC1OC2CC1C2,-1702.71,72.6213125027978,AArBAsAArAs
C=C(CO)CCO,-1650.61,69.70600743095036,A~A{AB}AAB
CC=CC(N)CO,-1725.0,73.86857066117553,AA~AA{D}AB
[NH][C]1COCCN1,-1470.47,59.626102332244066,{DH}{A}rABAADr
Cc1c[nH]c(=O)[nH]1,-1383.16,54.74058820896192,Aara{dH}a{~B}{dH}r
CC1(C)OCC1=O,-1524.29,62.63765164062849,AAr{A}BAAr~B
CC1C=CNC1=O,-1490.51,60.747459599803044,AArA~ADAr~B
CC[CH][N]N(C)C,-1767.82,76.26460450333498,AA{AH}{D}D{A}A
CC1CC2NC2C1,-1784.49,77.19739021442321,AArAAsDAsAr
CC1CC1CC=O,-1715.58,73.34146559828103,AArAArAA~B
C=CC(C)NC=O,-1606.2,67.22100362594567,A~AA{A}DA~B
CC(N)=CC#N,-1252.07,47.40532253010431,AA{D}~AA^D
C=CC#CC=O,-1124.79,40.28324902636645,A~AA^AA~B
C=CCCCC,-1751.2,75.33461658982051,A~AAAAA
CCCC(=O)NC,-1754.43,75.51535431308476,AAAA{~B}DA
NCCC1(O)CC1,-1717.17,73.43043556112629,DAAAr{B}AAr
C1CC2CCC2O1,-1682.88,71.51170598504858,ArAAsAAAsBr
C#CC(=O)C1CO1,-1205.42,44.79497739379561,A^AA{~B}ArABr
C1=CC2CN2N=C1,-1358.25,53.346725457719685,Ar~AAsADsD~Ar
C=CCC(C)OC,-1839.56,80.27888446215138,A~AAA{A}BA
CNC(C)C1CN1,-1778.08,76.83871256546846,ADA{A}ArADr
C=CC(C)=O,-1132.96,40.74040914991719,A~AA{A}~B
CN1CCNC1=S,-1275.55,48.71916827073728,ADrAADAr~E
C#CCC(O)CO,-1495.74,61.04010922601729,A^AAA{B}AB
CC1CC1(O)CO,-1647.58,69.5364608979811,AArAAr{B}AB
CC1=CC(N)CC1,-1437.89,57.80305743318861,AAr~AA{D}AAr
NCC1(CO)CN1,-1586.69,66.12930301266843,DAAr{AB}ADr
CC(C=O)C1CN1,-1582.48,65.89372845695868,AA{A~B}ArADr
C=CC(=O)NC,-1314.44,50.89529522359999,A~AA{~B}DA
C#CC(N)C=CC,-1617.78,67.86897354402616,A^AA{D}A~AA
C1=NOC2CC2N1,-1244.35,46.97334258471731,Ar~DBAsAAsDr
CN1CC=CC1=O,-1487.22,60.5633645194503,ADrAA~AAr~B
C#CCOC(C)=O,-1377.86,54.44402166614441,A^AABA{A}~B
CC1(C)NC1CO,-1718.57,73.50877389319129,AAr{A}DArAB
CC#CC(C)C#N,-1789.07,77.4536684721787,AA^AA{A}A^D
CC1CCNC1=N,-1180.68,43.41062715430414,AArAADAr~D
CC=CC[CH][N]O,-1563.58,64.8361609740812,AA~AA{AH}{D}B
CNC(=N)C(C)O,-1609.24,67.39110971842966,ADA{~D}A{A}B
CC(N)CNC=O,-1625.46,68.29871525135414,AA{D}ADA~B
CC1CN(C)C1=O,-1609.6,67.41125386096064,AArAD{A}Ar~B
OCCC1CCC1,-1844.62,80.56202157661488,BAAArAAAr
C=CN(C)C(C)=O,-1608.86,67.36984645686915,A~AD{A}A{A}~B
CC1=C(C)OCC1,-1727.42,74.00398406374502,AAr~A{A}BAAr
CC1CC1(C)O,-1550.73,64.11712699762747,AArAAr{A}B
Oc1ccc(O)[nH]1,-1215.35,45.35061999194234,Baraaa{B}{dH}r
CC=COCC=O,-1512.46,61.975692734679264,AA~ABAA~B
CC(C)(C)C=O,-1567.07,65.03144724472895,AA{A}{A}A~B
CNCCCC=O,-1726.38,73.94578987421103,ADAAAA~B
CCC=CC(C)O,-1851.85,80.96658310577912,AAA~AA{A}B
C#CC1C(O)C1O,-1344.79,52.5935583508662,A^AArA{B}ArB
O=C1NCC1CO,-1342.1,52.443036841398445,B~ArDAArAB
C#CC(C=C)CC,-1745.35,75.00727427369173,A^AA{A~A}AA
[CH2][N]N(C)CC=O,-1430.7,57.400734142083365,{AHs}{D}D{A}AA~B
OCc1cccs1,-1369.73,53.98909978065267,BAaraaasr
C=CC1=CCCC1,-1786.94,77.33448229553696,A~AAr~AAAAr
[CH]1ON=C2NC[C]12,-1137.66,41.00340212184969,{AH}rBD~AsDA{A}rs
C#CC(C#C)CC,-1586.98,66.14553023859618,A^AA{A^A}AA
C#CCCOCC,-1686.1,71.69188414879807,A^AAABAA
C#CCC(N)CO,-1568.07,65.08740319620395,A^AAA{D}AB
C#CC(C)(C)C,-1596.25,66.66424190876941,A^AA{A}{A}A
C=COCCC=O,-1515.32,62.135726755897764,A~ABAAA~B
N#CC=CC(N)=O,-1053.25,36.280160257845026,D^AA~AA{D}~B
OCc1cnsc1,-1245.87,47.0583956309593,BAaradsar
CN(C)[N][CH]C=O,-1435.76,57.68387125654686,AD{A}{D}{AH}A~B
C#CC=C(C)C=O,-1426.27,57.15284927704911,A^AA~A{A}A~B
C=CC(CN)OC,-1708.93,72.9693585209723,A~AA{AD}BA
NCC(CN)CO,-1657.07,70.06748287747885,DAA{AD}AB
CC1CC1C1CC1,-1897.95,83.5461524687766,AArAArArAAr
CC1CC1[CH][N]O,-1558.06,64.5272841219392,AArAAr{AH}{D}B
CC(C)C(C)O,-1698.71,72.39748869689781,AA{A}A{A}B
CC1(CO)CCO1,-1648.0,69.5599623976006,AAr{AB}AABr
CN1CC1CCN,-1778.39,76.85605891042573,ADrAArAAD
C1=CC2NCC2O1,-1441.52,58.00617753704284,Ar~AAsDAAsBr
C=CCCC=O,-1420.96,56.855723174716864,A~AAAA~B
CC1C=COC1=O,-1412.53,56.38401450378262,AArA~ABAr~B
CC1CC(=O)C1O,-1525.05,62.6801781637495,AArAA{~B}ArB
COC1=NOCC1,-1368.11,53.898451139263166,ABAr~DBAAr
NC1CCC(N)C1,-1809.16,78.57782353731145,DArAAA{D}Ar
C=C1CON=CO1,-1230.27,46.185482787949326,A~ArABD~ABr
OCCCN1CC1,-1278.59,48.88927436322127,BAAADrAAr
C#CCC=CCN,-1618.72,67.92157213841266,A^AAA~AAD
C#CC(=O)C(=C)C,-1423.08,56.97434979184386,A^AA{~B}A{~A}A
CC1C2CNC1C2,-1776.84,76.76932718563947,AArAsADArAs
C=CC1CC1O,-1402.93,55.846837369622634,A~AArAArB
CO[CH]C=C[N]N,-1439.62,57.89986122924033,AB{AH}A~A{D}D
C=CC(=C)C#CC,-1615.69,67.7520256054434,A~AA{~A}A^AA
CN(C)C,-1163.14,42.429159765432665,AD{A}A
N=CNCC1CO1,-1463.2,59.219302565020826,D~ADAArABr
CC1CN1NC=O,-1446.62,58.291552889565324,AArADrDA~B
CC(C#N)C#N,-1105.98,39.230717579121716,AA{A^D}A^D
[CH2][N]NC(C)C#N,-1378.33,54.47032096333766,{AHs}{D}DA{A}A^D
N=CNCC1CC1,-1659.68,70.2135279108286,D~ADAArAAr
NCC1(N)CC1,-1493.05,60.889587716549535,DAAr{D}AAr
C=CC(=NC)NO,-1424.26,57.04037781458436,A~AA{~DA}DB
OC12CC=CC1C2,-1578.94,65.6956443887372,BArsAA~AArAs
CC1=CC(C)NC1,-1683.14,71.52625453243209,AAr~AA{A}DAr
C1=CC2CCN2C1,-1639.14,69.06419266753214,Ar~AAsAADsAr
CC1(C)COCO1,-1661.83,70.33383320649983,AAr{A}ABABr
N=C1NCC2CC12,-1538.11,63.41096289001299,D~ArDAAsAArs
CC(N)=O,-872.88,26.187385290299478,AA{D}~B
CCC(=NO)NC,-1584.46,66.00452124087919,AAA{~DB}DA
c1snc2c1CN2,-1065.95,36.99080084157751,arsdasarADs
CNCCCOC,-1847.52,80.7242938358924,ADAAABA
O=CC1CCOC1,-1527.89,62.83909306593851,B~AArAABAr
CC(N)C1(C)CN1,-1785.27,77.24103585657372,AA{D}Ar{A}ADr
CCNCC(C)=O,-1732.59,74.29327633287078,AADAA{A}~B
CC1(C2CC2)CO1,-1696.12,72.25256278257754,AAr{AsAAs}ABr
CC1CC1(C)C,-1751.18,75.33349747079102,AArAAr{A}A
COC(C)CCO,-1786.15,77.29027709387171,ABA{A}AAB
O=C1C=CC(=O)N1,-1340.64,52.36134115224496,B~ArA~AA{~B}Dr
C=C1CCNC1,-1492.6,60.86440753838578,A~ArAADAr
C=C(CN)CCO,-1723.89,73.80645955503829,A~A{AD}AAB
C=CC(C)NCC,-1913.79,84.43249474014057,A~AA{A}DAA
Cc1csc(C)c1,-1445.73,58.24175209275258,Aarasa{A}ar
CC1=CCCNC1,-1464.53,59.293723980482575,AAr~AAADAr
C=C(C)CN1CC1,-1764.01,76.05141232821524,A~A{A}ADrAAr
C1C2C3CN1CC23,-1649.74,69.65732575316711,ArAsAtADrAAst
COC(=O)C=CN,-1421.71,56.897690138323114,ABA{~B}A~AD
C1=CC2OCC1O2,-1378.2,54.463046689645914,Ar~AAsBAArBs
CC(N)C(O)CN,-1739.36,74.67209812435651,AA{D}A{B}AD
CC(C)S(N)(=O)=O,-1227.48,46.029365683334085,AA{A}E{D}{~B}~B
C#CCCC(C)O,-1695.1,72.19548771207305,A^AAAA{A}B
O=C1CC=CCC1,-1600.93,66.92611576167242,B~ArAA~AAAr
C=CC(O)C(=C)C,-1705.28,72.76511929808856,A~AA{B}A{~A}A
CN1OCCC1=O,-1387.74,54.99686646671741,ADrBAAAr~B
[CH2][N]OC(=O)C=C,-1237.81,46.60739066207082,{AHs}{D}BA{~B}A~A
CN1CCOC1=O,-1433.18,57.53950490174136,ADrAABAr~B
O=CC1=CCNC1,-1590.86,66.36263933031918,B~AAr~AADAr
CNCCCC#N,-1666.65,70.60354089260935,ADAAAA^D
CCOC1CC1,-1541.73,63.61352343435247,AABArAAr
C=CC(CC)=NO,-1565.37,64.93632212722144,A~AA{AA}~DB
CCOC(C)=NO,-1511.72,61.93428533058778,AABA{A}~DB
NCC1OC1CO,-1513.35,62.025493531492,DAArBArAB
CC(N)CCO,-1572.81,65.35263440619543,AA{D}AAB
C=Cc1nnco1,-1202.77,44.64669412238686,A~Aarddabr
CC1=NNC(=O)C1,-1358.28,53.34840413626394,AAr~DDA{~B}Ar
CC12CC1C=CO2,-1575.58,65.50763239178119,AArsAArA~ABs
C1CC2CC1CN2,-1802.8,78.22194368593044,ArAAsAArADs
C=CC(=O)CCO,-1524.76,62.66395093782176,A~AA{~B}AAB
CC1C=CCC1=O,-1600.58,66.90653117865615,AArA~AAAr~B
ON=C1CC=CO1,-1183.96,43.59416267514213,BD~ArAA~ABr
CNC1CC1C,-1615.68,67.75146604592865,ADArAArA
CC(O)CC1CN1,-1717.88,73.47016428667354,AA{B}AArADr
C#CC(CN)OC,-1551.09,64.13727114015848,A^AA{AD}BA
CNCC(O)C=O,-1530.41,62.9801020636555,ADAA{B}A~B
CC(=O)C(C)CO,-1671.11,70.85310443618783,AA{~B}A{A}AB
CC1=NCC(=O)N1,-1374.71,54.267760418998165,AAr~DAA{~B}Dr
C1CCN2CC2C1,-1780.38,76.96741125386096,ArAADsAAsAr
CC1N=CN2CC12,-1412.17,56.363870361251635,AArD~ADsAArs
C#CCC(=N)NO,-1355.33,53.18333407941269,A^AAA{~D}DB
CC(N)CO,-1275.79,48.73259769909128,AA{D}AB
CC1=NNCCO1,-1464.47,59.29036662339408,AAr~DDAABr
C#CC(C)N[N][CH2],-1472.1,59.7173105331483,A^AA{A}D{D}{AHs}
O=C1CCC1CO,-1524.47,62.64772371189401,B~ArAAArAB
C#CC(C)CC=C,-1746.46,75.069385379829,A^AA{A}AA~A
C1CC2OCC1O2,-1532.81,63.11439634719548,ArAAsBAArBs
CC(O)CC(N)=O,-1564.47,64.88596177089397,AA{B}AA{D}~B
O=C(NO)C1CC1,-1200.27,44.506804243699364,B~A{DB}ArAAr
C1=CC2CC1N2,-1317.08,51.04301893549398,Ar~AAsAArDs
CCCC(=O)NO,-1525.9,62.72774072250325,AAAA{~B}DB
NCC1(O)COC1,-1515.32,62.135726755897764,DAAr{B}ABAr
[CH]1C=C[C]2CCN12,-1511.0,61.89399704552576,{AH}rA~A{A}sAADrs
CN1CC1C=O,-1279.99,48.96761269528627,ADrAArA~B
C=Nn1cccc1,-1389.88,55.11661220287391,A~Ddraaaar
COCC#CCN,-1553.33,64.26261247146246,ABAA^AAD
C#CCNCCO,-1465.07,59.32394019427907,A^AADAAB
CN1CCCC=N1,-1654.97,69.94997537938136,ADrAAAA~Dr
C=CC(O)C(N)=O,-1413.01,56.410873360490626,A~AA{B}A{D}~B
COCC(C)=NO,-1499.97,61.276802900756536,ABAA{A}~DB
C1=CCOCC1,-1424.24,57.039258695554864,Ar~AABAAr
CC1=CO[C]([NH])N1,-1350.31,52.902435203008196,AAr~AB{A}{{DH}}Dr
C#CCCC(C)=O,-1568.98,65.1383231120462,A^AAAA{A}~B
C#CCCNC=O,-1360.52,53.47374546756794,A^AAADA~B
CCc1ccno1,-1459.17,58.99380008057658,AAaraadbr
CC#CCN(C)C,-1755.53,75.57690585970724,AA^AAD{A}A
Cc1csc(N)c1,-1319.57,51.18234925466673,Aarasa{D}ar
CCC(C)O,-1402.97,55.849075607681634,AAA{A}B
C=CCOC,-1245.18,47.019786024441565,A~AABA
CCC1CC1C,-1750.53,75.29712610233224,AAArAArA
O=CN1CC1,-988.34,32.64805944760285,B~ADrAAr
CC1C=NOCO1,-1368.22,53.904606293925426,AArA~DBABr
CCC#CCN,-1470.05,59.60260083262456,AAA^AAD
CC1(C=O)CCO1,-1509.18,61.79215721384128,AAr{A~B}AABr
C#CC=CC=O,-1126.87,40.39963740543443,A^AA~AA~B
CN=C1CCCN1,-1677.9,71.23304534670308,AD~ArAAADr
CCC1(O)CC1C,-1849.04,80.80934688213439,AAAr{B}AArA
C1=CC2CC(C1)C2,-1648.85,69.60752495635435,Ar~AAsAA{Ar}As
CC#CCC,-1306.23,50.435896861990244,AA^AAA
C=CC(N)CN,-1492.5,60.85881194323828,A~AA{D}AD
C1=CCN2CC2C1,-1611.14,67.49742602623218,Ar~AADsAAsAr
C=C(C)C(C)CO,-1850.85,80.91062715430412,A~A{A}A{A}AB
C1CC2CC(C2)N1,-1782.79,77.10226509691572,ArAAsAA{As}Dr
CC(CN)OC=O,-1548.93,64.01640628497248,AA{AD}BA~B
O=C(CO)C1CC1,-1527.17,62.798804780876495,B~A{AB}ArAAr
C=C(C)C#CC=O,-1422.17,56.92342987600162,A~A{A}A^AA~B
O=C(O)CN1CC1,-1309.71,50.63062357312324,B~A{B}ADrAAr
C=CC=CC=CC,-1774.23,76.62328215228972,A~AA~AA~AA
C1=CC2OC2C1,-1273.24,48.58991002283003,Ar~AAsBAsAr
CC1CNC(=S)N1,-1319.07,51.15437127892923,AArADA{~E}Dr
CCCC=CCN,-1920.45,84.80516137696408,AAAA~AAD
CCC(C)C(C)O,-1992.8,88.85357446618023,AAA{A}A{A}B
NCC=CCO,-1424.38,57.04709252876137,DAA~AAB
C#CC(N)CCN,-1631.36,68.62885536505664,A^AA{D}AAD
CC(C)(CN)CO,-1866.88,81.80760105644836,AA{A}{AD}AB
CCCCC(C)O,-1994.91,88.9716415237925,AAAAA{A}B
CCCCCO,-1696.13,72.25312234209231,AAAAAB
N=C(N)C1CC1O,-1453.98,58.70338869242132,D~A{D}ArAArB
C=C1CNC(=N)C1,-1781.18,77.01217601504098,A~ArADA{~D}Ar
C=CN=CNC=O,-1349.74,52.870540310667444,A~AD~ADA~B
C[CH][N]NCC,-1483.97,60.381507677156556,A{AH}{D}DAA
C#CC(CO)CO,-1490.92,60.77040153990779,A^AA{AB}AB
CC(O)C(C)CO,-1796.65,77.8778145843592,AA{B}A{A}AB
C#CC=CC1CC1,-1603.11,67.04809973588792,A^AA~AArAAr
CC1CO1,-953.49,30.697994538699138,AArABr
N#CC1CCO1,-1151.67,41.787345002014426,D^AArAABr
C=CC#CCN,-1326.82,51.58802990286047,A~AA^AAD
CC(C)C(N)CN,-1932.69,85.49006222301804,AA{A}A{D}AD
C1=NOC2COC12,-1222.34,45.74175209275258,Ar~DBAsABArs
CCNC(=O)C#N,-1355.27,53.17997672232419,AADA{~B}A^D
CCC1NC1CN,-1909.91,84.21538564841758,AAArDArAD
CCCC1(C)CO1,-1845.02,80.5844039572049,AAAAr{A}ABr
C=C1COCC1C,-1718.06,73.48023635793902,A~ArABAArA
S=C1NCC2CN12,-1553.8,64.28891176865572,E~ArDAAsADrs
O=C1CCC1O,-1228.4,46.08084515869109,B~ArAAArB
C1CCCCC1,-1774.46,76.63615202112898,ArAAAAAr
CCNC(=O)OC,-1563.94,64.8563051166122,AADA{~B}BA
NN=C1C=CCO1,-1430.06,57.36492233313935,DD~ArA~AABr
COC1CC=CC1,-1716.27,73.38007520479879,ABArAA~AAr
COCCCCN,-1853.5,81.05891042571288,ABAAAAD
COCC1CN1,-1407.21,56.08632884193563,ABAArADr
C#CC(C=C)=NN,-1337.15,52.16605488159722,A^AA{A~A}~DD
CC1N=CNC1=O,-1369.93,54.000290970947674,AArD~ADAr~B
NCC#CC1CO1,-1412.17,56.363870361251635,DAA^AArABr
C=CC#CCCC,-1754.73,75.53214109852725,A~AA^AAAA
CC=CCNC,-1618.56,67.91261918617664,AA~AADA
C[CH][N]OCC,-1404.28,55.92237790411389,A{AH}{D}BAA
C=CC(C)(O)C=C,-1704.46,72.71923541787905,A~AA{A}{B}A~A
CNCC=COC,-1709.39,72.99509825865081,ADAA~ABA
C#CCC1CCN1,-1915.1,84.5057970365728,A^AAArAADr
C#CC1=NOCC1,-1274.45,48.65761672411478,A^AAr~DBAAr
CO[N][CH]CC=O,-1364.25,53.68246116656968,AB{D}{AH}AA~B
CC(C)NNC=O,-1604.32,67.11580643717267,AA{A}DDA~B
N#CCC1CN1,-1224.46,45.86037870987958,D^AAArADr
CNC1CC1C=O,-1583.67,65.96031603921394,ADArAArA~B
CC(=O)C(C)C#N,-1474.78,59.86727248310132,AA{~B}A{A}A^D
COCC#CC#N,-1279.69,48.95082590984377,ABAA^AA^D
C=CCCOCC,-1841.43,80.38352209140966,A~AAABAA
CC1COCC1O,-1661.7,70.32655893280811,AArABAArB
CC(=O)CC1CC1,-1721.47,73.67104615246878,AA{~B}AArAAr
CC(C)C(C)C=O,-1860.2,81.4338153005954,AA{A}A{A}A~B
C#CCC=CC=O,-1420.67,56.83949594878912,A^AAA~AA~B
CO[N][CH]CCN,-1567.19,65.03816195890596,AB{D}{AH}AAD
CC#CC(=N)NC,-1509.8,61.826849903755765,AA^AA{~D}DA
CC=CC=CC=O,-1587.58,66.17910380948118,AA~AA~AA~B
C1CC2NC2CO1,-1583.2,65.93401674202069,ArAAsDAsABr
C1CCC2(C1)CN2,-1787.24,77.35126908097946,ArAAAs{Ar}ADs
C=CC(C)=NNC,-1640.35,69.13189936881686,A~AA{A}~DDA
CN(C)C(=O)C#N,-1346.56,52.69260038497695,AD{A}A{~B}A^D
CCN(CC)CC,-2050.09,92.05929092618291,AAD{AA}AA
Nc1c[nH]cc1O,-1350.16,52.89404181028695,Dara{dH}aarB
CC#CC(C)N,-1472.08,59.7161914141188,AA^AA{A}D
CNc1ccoc1,-1464.54,59.29428353999731,ADaraabar
CCC1CC1N,-1620.26,68.00774430368415,AAArAArD
O=CC1CC=NO1,-1254.89,47.56311831326381,B~AArAA~DBr
C=CC(=C)C1CN1,-1306.74,50.46443439724249,A~AA{~A}ArADr
CCN,-879.38,26.55109897488697,AAD
OCC(O)C1CC1,-1648.23,69.57283226643986,BAA{B}ArAAr
CC1=NOCCO1,-1376.97,54.39422086933167,AAr~DBAABr
Nn1ccc(O)c1,-1460.97,59.09452079323158,Ddraaa{B}ar
C=C(C)C(C)CN,-1919.24,84.73745467567932,A~A{A}A{A}AD
NCC1=CCOC1,-1589.34,66.27758628407717,DAAr~AABAr
CC1CCNCC1,-1368.25,53.90628497246968,AArAADAAr
CC1=CCNC1,-1497.07,61.11453064147903,AAr~AADAr
C#CC1CC(=O)N1,-1676.92,71.17820851425758,A^AArAA{~B}Dr
CCC#CC(C)N,-1767.49,76.24613903934824,AAA^AA{A}D
C1=NOCC2OC12,-1217.83,45.48939075160034,Ar~DBAAsBArs
CC#CC(N)CC,-1767.83,76.2651640628497,AA^AA{D}AA
C1=CC=CCC=C1,-1780.42,76.96964949191997,Ar~AA~AAA~Ar
CC(CO)N(C)C,-1853.35,81.05051703299162,AA{AB}D{A}A
C=CC(C)NC=N,-1658.75,70.16148887595685,A~AA{A}DA~D
CC1C=CC2NC12,-1344.98,52.60418998164645,AArA~AAsDArs
C#CC1=CCC=C1,-1490.06,60.72227942163928,A^AAr~AAA~Ar
ON=C1CC=CC1,-1458.84,58.97533461658983,BD~ArAA~AAr
NCCCC1CN1,-1782.57,77.08995478759121,DAAAArADr
C1=NNCCOC1,-1437.54,57.78347285017234,Ar~DDAABAr
OC1C2CCC1O2,-1504.59,61.535319396571026,BArAsAAArBs
CC(C)(O)CN,-1574.89,65.46902278526346,AA{A}{B}AD
C1CC2CCC1N2,-1804.68,78.32714087470346,ArAAsAAArDs
C=C(C)C(=O)OC,-1538.75,63.44677469895698,A~A{A}A{~B}BA
C=CC(N)C(C)O,-1721.82,73.69063073548503,A~AA{D}A{A}B
CC(O)CC#N,-1307.18,50.489055015891495,AA{B}AA^D
C=CC(=C)CNC,-1771.51,76.47108196427773,A~AA{~A}ADA
C1CC2CC1CO2,-1732.12,74.2669770356775,ArAAsAArABs
C=C1CNC(=S)N1,-1934.12,85.57007923362728,A~ArADA{~E}Dr
CC1CC2CN1C2,-1769.35,76.35021710909172,AArAAsADrAs
NC1CC1C1CC1,-1770.09,76.39162451318323,DArAArArAAr
C=CC1C=NN=C1,-1519.72,62.38193294238776,A~AArA~DD~Ar
COC1C=CCO1,-1513.75,62.047875912082006,ABArA~AABr
Cc1c[nH]c(N)c1,-1502.63,61.42564573168003,Aara{dH}a{D}ar
CC1CC(=O)CN1,-1610.23,67.44650611038989,AArAA{~B}ADr
O[N][CH]N1CCC1,-1425.95,57.13494337257711,B{D}{AH}DrAAAr
CC1NC1CC#N,-1912.4,84.35471596759032,AArDArAA^D
C=CC(CO)=NN,-1436.72,57.73758896996286,A~AA{AB}~DD
OC1CCNCC1,-1610.75,67.4756032051569,BArAADAAr
Cc1co[nH]c1=O,-1261.81,47.950333497470794,Aarab{dH}ar~B
CCC1C=NNC1,-1913.67,84.42578002596356,AAArA~DDAr
C=C(C)O[CH][N]O,-1361.23,53.51347419311519,A~A{A}B{AH}{D}B
CC(C)=NO,-1119.24,39.972693495680204,AA{A}~DB
N#CC#CCCO,-1602.75,67.02795559335691,D^AA^AAAB
CCC1(C)CCN1,-1385.06,54.846904516764404,AAAr{A}AADr
C#CC1OC1CC,-1542.17,63.63814405300148,A^AArBArAA
C#CC(CC)NC,-1755.5,75.57522718116299,A^AA{AA}DA
NC12CCC(C1)C2,-1781.04,77.00434218183446,DArsAAA{Ar}As
C=C1CCC(N)C1,-1796.26,77.85599176328395,A~ArAAA{D}Ar
C=CCO[CH][N]O,-1380.61,54.597900532700656,A~AAB{AH}{D}B
CNC1CC1CO,-1711.82,73.13107122073504,ADArAArAB
C=CCNC,-1319.45,51.17563454048973,A~AADA
CC12COCC1C2,-1713.33,73.21556470746228,AArsABAArAs
CC1OCC1C#N,-1453.68,58.68660190697884,AArBAArA^D
CCC=CCCN,-1658.24,70.13295134070461,AAA~AAAD
O=C1C=CCC1=O,-1271.54,48.49478490532253,B~ArA~AAAr~B
CCC(C)CCN,-2061.07,92.6736872733784,AAA{A}AAD
C#CCNCC,-1459.54,59.01450378262231,A^AADAA
[CH]1O[N][C]2CO[C]12,-1050.61,36.13243654595102,{AH}rB{D}{A}sAB{A}rs
C#CC(C#N)C#N,-1089.61,38.31471865347598,A^AA{A^D}A^D
C=CC1OCC1O,-1499.71,61.26225435337303,A~AArBAArB
OCC1CCCC1,-1865.6,81.73597743856035,BAArAAAAr
CCC(N)C1CC1,-1915.66,84.53713236939883,AAA{D}ArAAr
CON=C(C)C=O,-1371.98,54.11500067147142,ABD~A{A}A~B
C=CC(C)CCN,-1917.82,84.65799722458482,A~AA{A}AAD
C#CC(C=O)=CC,-1421.47,56.88426070996912,A^AA{A~B}~AA
CC1CNCCN1,-1670.44,70.81561394869959,AArADAADr
C1=CC2NC2CO1,-1444.86,58.19307041496934,Ar~AAsDAsABr
C1OCC2OCC12,-1470.39,59.62162585612608,ArBAAsBAArs
[CH2]C(C)(C)C(C)C,-2189.55,99.86290791888626,{AHs}A{A}{A}A{A}A
NC1CCCNC1,-1805.58,78.37750123103092,DArAAADAr
O[N][CH]C1CCO1,-1352.2,53.00819195129594,B{D}{AH}ArAABr
CC1COC1C#N,-1449.37,58.44543175612157,AArABArA^D
CN1CCNC1=O,-1506.22,61.62652759747528,ADrAADAr~B
C=CC(=C)C#N,-1220.44,45.63543578495009,A~AA{~A}A^D
CC1(C#N)CNC1,-1517.83,62.2761761941,AAr{A^D}ADAr
C=CC(=O)C1CO1,-1367.67,53.873830520614185,A~AA{~B}ArABr
O=C1CCCO1,-1259.83,47.8395407135503,B~ArAAABr
C=C1COC(C)O1,-1524.13,62.628698688392504,A~ArABA{A}Br
CCC1CC1(C)N,-1911.07,84.28029455212857,AAArAAr{A}D
O=CC#CCC=O,-1229.43,46.13847978871033,B~AA^AAA~B
Cn1ccc(=O)o1,-1257.89,47.730986167688805,Adraaa{~B}br
CC1CC=COC1,-1724.97,73.86689198263127,AArAA~ABAr
C=CC(N)C=C,-1477.67,60.028985182864055,A~AA{D}A~A
C#CC(C=O)OC,-1345.16,52.61426205291196,A^AA{A~B}BA
CNCC(C)(C)O,-1861.66,81.51551098974889,ADAA{A}{A}B
CC1(CN)CCC1,-1558.05,64.52672456242446,AAr{AD}AAAr
C#CC(C)=NN,-1187.63,43.79952101705538,A^AA{A}~DD
C=CCC(N)CN,-1789.61,77.4838846859752,A~AAA{D}AD
O=CNNC1CC1,-1298.52,50.004476476118,B~ADDArAAr
C#CC(C)(N)CO,-1565.57,64.94751331751645,A^AA{A}{D}AB
CC(C=O)CC=O,-1529.58,62.93365862393124,AA{A~B}AA~B
C1OCC2CC12,-1415.17,56.53173821567663,ArBAAsAArs
O=CC1C=CCC1,-1592.0,66.42642911500067,B~AArA~AAAr
C=CC1CC1CN,-1770.53,76.41624513183223,A~AArAArAD
CC(C)C=CCO,-1850.48,80.88992345225839,AA{A}A~AAB
C#CC(=O)NCC,-1451.06,58.53999731411432,A^AA{~B}DAA
CC1CCOC1,-1565.1,64.92121402032319,AArAABAr
C=C(C)C(=O)CO,-1529.72,62.941492457137755,A~A{A}A{~B}AB
CCC(C)(O)C=O,-1667.71,70.66285420117283,AAA{A}{B}A~B
CC#CC=CC=O,-1431.15,57.4259143202471,AA^AA~AA~B
C#CC(N)CCO,-1574.01,65.41978154796546,A^AA{D}AAB
CCC1CC1NC,-1915.77,84.54328752406107,AAArAArDA
C1OCC1N1CC1,-1552.97,64.24246832893148,ArBAArDrAAr
C=CC1C(C)C1N,-1762.4,75.96132324634048,A~AArA{A}ArD
CN1CCC(=O)C1,-1604.52,67.12699762746766,ADrAAA{~B}Ar
C#CC(=O)C(C)=O,-1232.29,46.29851380992883,A^AA{~B}A{A}~B
CC12CNCC1O2,-1585.91,66.08565737051794,AArsADAArBs
C#CCC1OC1C,-1542.15,63.63702493397198,A^AAArBArA
CCCNCC=O,-1725.12,73.8752853753525,AAADAA~B
CC(N)C(O)CO,-1667.77,70.66621155826134,AA{D}A{B}AB
C=CC(C#N)=CN,-1400.47,55.709185728994136,A~AA{A^D}~AD
C#CC=CCCN,-1622.31,68.12245400420788,A^AA~AAAD
CCC(C)CC#N,-1802.0,78.17717892475044,AAA{A}AA^D
OCc1ccns1,-1244.3,46.97054478714357,BAaraadsr
Cc1c[nH]cc1O,-1483.91,60.37815032006805,Aara{dH}aarB
OC1C2COCC12,-1510.24,61.851470522404774,BArAsABAArs
C#CC(=O)OC=C,-1228.94,46.11106137248758,A^AA{~B}BA~A
Nc1ccc[nH]1,-1256.19,47.6358610501813,Daraaa{dH}r
C=C1C=CCCC1,-1790.95,77.55886566095172,A~ArA~AAAAr
CC(C)N(O)C=O,-1521.04,62.45579479833474,AA{A}D{B}A~B
C=COC(C)CO,-1648.38,69.5812256591611,A~ABA{A}AB
CC[CH][N]OCC,-1699.78,72.45736156497607,AA{AH}{D}BAA
CCNC(=N)CC,-1809.36,78.58901472760644,AADA{~D}AA
C#CC(O)C1CC1,-1542.74,63.67003894534224,A^AA{B}ArAAr
C#CC1COCO1,-1353.79,53.09716191414119,A^AArABABr
CC1=NN=CC1O,-1320.55,51.23718608711223,AAr~DD~AArB
C#CCN(C)C=N,-1495.04,61.00094005998478,A^AAD{A}A~D
C[CH][N]N(C)CC,-1769.91,76.38155244191775,A{AH}{D}D{A}AA
O=C1C=CCC1,-1309.11,50.597050002238234,B~ArA~AAAr
CCCCCNC,-2056.03,92.3916692779444,AAAAADA
CNCC1(O)CC1,-1714.33,73.27152065893728,ADAAr{B}AAr
N=C1NCC2OC12,-1330.69,51.80457943506872,D~ArDAAsBArs
CNC1CNC1,-1472.92,59.76319441335781,ADArADAr
CC1C(O)C1C=O,-1513.64,62.04172075741978,AArA{B}ArA~B
CC(CN)C1CC1,-1915.82,84.54608532163482,AA{AD}ArAAr
NC=CC=O,-1013.4,34.050315591566324,DA~AA~B
OCC1C=CCN1,-1479.55,60.13418237163705,BAArA~AADr
O=CCC[CH][N]O,-1213.21,45.23087425578585,B~AAA{AH}{D}B
CC1CCN1C=O,-1602.35,67.0055732127669,AArAADrA~B
CCC(O)C(C)=O,-1672.1,70.90850082814808,AAA{B}A{A}~B
C1=CCC2(C1)CC2,-1375.13,54.29126191861768,Ar~AAAs{Ar}AAs
CC(=N)N(C)C,-1502.55,61.42116925556203,AA{~D}D{A}A
C=CC#CC(C)N,-1624.19,68.22765119298089,A~AA^AA{A}D
CN(C)C=NC=O,-1479.11,60.10956175298805,AD{A}A~DA~B
CO[N][CH]C(C)N,-1566.56,65.0029097094767,AB{D}{AH}A{A}D
CNC(=N)COC,-1598.08,66.76664129996865,ADA{~D}ABA
CCC(=N)NC=O,-1494.99,60.998142262411044,AAA{~D}DA~B
CCC1C(C)C1C,-2045.79,91.81868033484042,AAArA{A}ArA
CC(N)C(C)N,-1640.4,69.13469716639062,AA{D}A{A}D
C=C1C=CCC1O,-1588.63,66.23785755852992,A~ArA~AAArB
C=CC1NCC1=O,-1441.21,57.98883119208559,A~AArDAAr~B
CC1=NOC2CC12,-1428.31,57.266999418058106,AAr~DBAsAArs
CN1CC1C1CC1,-1759.37,75.79177671337122,ADrAArArAAr
[CH2][N]OCCOC,-1483.17,60.336742915976544,{AHs}{D}BAABA
COc1ccoc1,-1389.31,55.08471731053315,ABaraabar
CCC(N)CNC,-1927.34,85.19069788262681,AAA{D}ADA
NCC1(O)CC1,-1422.97,56.96819463718161,DAAr{B}AAr
C#CC(=CC)OC,-1539.91,63.51168360266799,A^AA{~AA}BA
CC1(CN)CCO1,-1718.37,73.49758270289627,AAr{AD}AABr
CC1=NCCON1,-1444.9,58.19530865302834,AAr~DAABDr
COC(C)CO,-1490.97,60.77319933748154,ABA{A}AB
C=C(C)C1NC1C,-1612.58,67.57800259635614,A~A{A}ArDArA
C=C(C)N(O)C=O,-1380.76,54.60629392542191,A~A{A}D{B}A~B
C#CC(N)C(=C)C,-1618.35,67.90086843636689,A^AA{D}A{~A}A
C#CC(C)CNC,-1755.56,75.57858453825148,A^AA{A}ADA
C=CC#CCOC,-1541.95,63.62583374367699,A~AA^AABA
CCC(C)(C)CN,-2061.19,92.6804019875554,AAA{A}{A}AD
C[C](C)[N]N1CC1,-1629.46,68.52253905725414,A{A}{A}{D}DrAAr
CCC[CH][N]NC,-1777.07,76.78219705447871,AAA{AH}{D}DA
CC1=CC(O)C=C1,-1585.6,66.06831102556067,AAr~AA{B}A~Ar
C=CC1=COCC1,-1584.29,65.99500872912843,A~AAr~ABAAr
[CH2]C=C[N]NC,-1341.6,52.415058865660946,{AHs}A~A{D}DA
CC1C2CN=CN12,-1518.18,62.295760777116264,AArAsAD~ADrs
CC1=NOC(=O)C1,-1270.43,48.43267379918528,AAr~DBA{~B}Ar
CCO[N][CH]C=O,-1368.78,53.93594162675142,AAB{D}{AH}A~B
CC(CO)C(N)=O,-1561.21,64.70354536908546,AA{AB}A{D}~B
NCCCC1CO1,-1711.13,73.0924616142173,DAAAArABr
N#CCCN1CC1,-1516.14,62.18161063610728,D^AAADrAAr
C=CN(O)C(C)=N,-1439.5,57.893146515063336,A~AD{B}A{A}~D
C=C(OC)C1CC1,-1694.6,72.16750973633555,A~A{BA}ArAAr
CN1C=CCN=C1,-1533.55,63.15580375128699,ADrA~AAD~Ar
CC1(N)CC(O)C1,-1719.54,73.56305116612204,AAr{D}AA{B}Ar
C#CC=C,-860.26,25.48122118268499,A^AA~A
C#CC(N)C1CN1,-1480.36,60.1795066923318,A^AA{D}ArADr
NC1C=CCC1N,-1667.33,70.64159093961233,DArA~AAArD
CN1CC(CN)C1,-1777.5,76.80625811361297,ADrAA{AD}Ar
CCC1OCCO1,-1660.99,70.28683020726086,AAArBAABr
CCN(C=N)CC,-1799.4,78.03169345091544,AAD{A~D}AA
Nc1ccc(O)s1,-1430.74,57.402972380142366,Daraaa{B}sr
C=CCCOC,-1542.35,63.64821612426697,A~AAABA
CCC1CCCO1,-1863.08,81.59496844084336,AAArAAABr
O[CH]C1=NN=C[CH]1,-1350.17,52.894601369801705,B{AH}Ar~DD~A{AH}r
CC1CC(C)C1=O,-1726.01,73.92508617216528,AArAA{A}Ar~B
C1=NCCCCN1,-1672.42,70.92640673262008,Ar~DAAAADr
CC(=O)C1CC1C,-1720.34,73.60781592730203,AA{~B}ArAArA
CN1C=NCC1=O,-1364.84,53.71547517793992,ADrA~DAAr~B
CC1CCNC1,-1635.94,68.88513362281212,AArAADAr
N=Cn1cccc1,-1416.3,56.594968440843374,D~Adraaaar
CN(C=O)CC#N,-1349.82,52.875016786785444,AD{A~B}AA^D
Nc1cc(O)co1,-1278.66,48.893191279824535,Daraa{B}abr
C=C(CO)C1CN1,-1162.03,42.367048659295406,A~A{AB}ArADr
C=CC1COC1C,-1697.99,72.35720041183582,A~AArABArA
CC#C[CH][N]N,-1191.43,44.01215363266037,AA^A{AH}{D}D
C#C[C]1C=N[N]O1,-1018.44,34.33233358700032,A^A{A}rA~D{D}Br
C=CC(=NO)OC,-1363.55,53.64329200053718,A~AA{~DB}BA
NC1=CC(=O)NC1,-1374.13,54.23530596714268,DAr~AA{~B}DAr
CC#CC(C)(C)O,-1701.24,72.53905725412956,AA^AA{A}{A}B
COCC[CH][N]N,-1572.79,65.35151528716594,ABAA{AH}{D}D
CNN=C(C)C,-1485.21,60.45089305698554,ADD~A{A}A
C=CC(=O)C(=N)N,-1468.22,59.500201441425325,A~AA{~B}A{~D}D
CN=C1C=CCN1,-1536.97,63.34717310533149,AD~ArA~AADr
C=CCS(N)(=O)=O,-1245.03,47.01139263172031,A~AAE{D}{~B}~B
CCCN(N)C=O,-1603.51,67.07048211647792,AAAD{D}A~B
CCC1CC1CO,-1846.73,80.68008863422715,AAArAArAB
CCN1CC1C,-1613.97,67.6557813689064,AADrAArA
C#CC1CNC1C,-1787.36,77.35798379515646,A^AArADArA
CN1CC2CC1C2,-1771.05,76.44534222659922,ADrAAsAArAs
C#CCCN,-1170.42,42.836519092170654,A^AAAD
O=CC1CC1,-1121.33,40.08964143426295,B~AArAAr
CC1=NC2CC2N1,-1610.97,67.4879135144814,AAr~DAsAAsDr
C=C(OC)C(C)N,-1717.28,73.43659071578854,A~A{BA}A{A}D
CN1CCS1(=O)=O,-1296.8,49.908232239581004,ADrAAEr{~B}~B
[CH2][N]OCOCC,-1488.72,60.6472984466628,{AHs}{D}BABAA
CC(=O)CC1CO1,-1517.44,62.254353373024756,AA{~B}AArABr
CCC1OCC1C,-1845.91,80.63420475401766,AAArBAArA
C=C(C)CC(=C)C,-1908.46,84.13424951877882,A~A{A}AA{~A}A
OCC1C=COC1,-1521.01,62.45411611979051,BAArA~ABAr
C=CC=CC,-1318.45,51.11967858901473,A~AA~AA
NC1CC1C1CN1,-1637.29,68.96067415730337,DArAArArADr
C=CCC1CC1C,-1910.9,84.27078204037782,A~AAArAArA
CC1CCNC1=O,-1632.68,68.70271722100364,AArAADAr~B
C=CCC(=C)C,-1609.19,67.38831192085591,A~AAA{~A}A
CC(C)=CCCO,-1853.59,81.06394646134564,AA{A}~AAAB
CC1=CCC2NC12,-1354.89,53.1587134607637,AAr~AAAsDArs
C#CC(O)C=C,-1247.8,47.16639061730606,A^AA{B}A~A
CNC(C)=O,-1160.91,42.30437799364341,ADA{A}~B
OC1CCC1,-1255.97,47.6235507408568,BArAAAr
C1CC2CC2CO1,-1710.76,73.07175791217155,ArAAsAAsABr
CC#CCNC=O,-1454.72,58.744796096512836,AA^AADA~B
NC(=O)C1CCO1,-1406.96,56.07233985406688,DA{~B}ArAABr
CCOC1CCC1,-1840.87,80.35218675858363,AABArAAAr
CC(C)(O)CCN,-1871.12,82.04485429070235,AA{A}{B}AAD
O=CCC1CCC1,-1714.64,73.28886700389455,B~AAArAAAr
C#CC(N)C=C,-1317.4,51.06092483996599,A^AA{D}A~A
O=COC1CCC1,-1531.11,63.019271229687995,B~ABArAAAr
C#CC(C)(C)CN,-1761.92,75.93446438963248,A^AA{A}{A}AD
C#CCCCC=C,-1746.72,75.0839339272125,A^AAAAA~A
N#CC1=NCCN1,-1280.74,49.00957965889252,D^AAr~DAADr
CCON(C)C=N,-1566.58,65.0040288285062,AABD{A}A~D
CCC1(O)COC1,-1644.68,69.37418863870363,AAAr{B}ABAr
C#CCC(=O)NC,-1452.52,58.62169300326782,A^AAA{~B}DA
CCC1=CCNC1,-1384.4,54.80997358879092,AAAr~AADAr
COC1CC1CO,-1635.08,68.83701150454363,ABArAArAB
NC12COCC1C2,-1585.49,66.06215587089844,DArsABAArAs
C=CC(=O)COC,-1512.27,61.965061103899004,A~AA{~B}ABA
CC1CN=CN1,-1381.68,54.65777340077891,AArAD~ADr
CNC1CCC1C,-1906.86,84.04471999641882,ADArAAArA
C1CC2CN2C1,-1484.87,60.43186803348403,ArAAsADsAr
C=C(C)CC1CN1,-1912.58,84.3647880388558,A~A{A}AArADr
C=CC(C)C#CC,-1752.08,75.38385782711848,A~AA{A}A^AA
CC#CS(N)(=O)=O,-1377.21,54.40765029768566,AA^AE{D}{~B}~B
CC1(C2CC2)CN1,-1779.34,76.90921706432697,AAr{AsAAs}ADr
N#CC(C#N)=CN,-1150.99,41.749294955011415,D^AA{A^D}~AD
C#CC1NCC1C,-1788.09,77.3988316397332,A^AArDAArA
CN(C)CCC=O,-1720.36,73.60893504633154,AD{A}AAA~B
C=CCOC(C)C,-1841.45,80.38464121043917,A~AABA{A}A
C=CCC(C)C=O,-1715.95,73.3621693003268,A~AAA{A}A~B
C=CC(O)C(C)=O,-1526.01,62.73389587716551,A~AA{B}A{A}~B
[CH2]C(=C[N]O)CN,-1434.72,57.62567706701286,{AHs}A{~A{D}B}AD
CC(=CCN)CO,-1720.9,73.63915126012803,AA{~AAD}AB
CC1=CC=NNC1,-1519.84,62.38864765656476,AAr~AA~DDAr
CNCC#CC#N,-1355.35,53.184453198442185,ADAA^AA^D
[CH2][N]OC(C)C#N,-1299.28,50.047002999239005,{AHs}{D}BA{A}A^D
COC(=O)CCN,-1551.22,64.14454541385022,ABA{~B}AAD
C#CC(C#C)C=C,-1439.08,57.86964501544384,A^AA{A^A}A~A
CNCCC(C)C,-2055.96,92.38775236134116,ADAAA{A}A
C1=CCOC=CC1,-1575.41,65.49811988003046,Ar~AABA~AAr
NCC1C(N)C1O,-1586.7,66.12986257218319,DAArA{D}ArB
Cc1c[nH]c(O)c1,-1486.28,60.5107659250638,Aara{dH}a{B}ar
C=C(CO)C(C)O,-1651.85,69.77539281077935,A~A{AB}A{A}B
C=CCS([O])([O])O,-1676.62,71.16142172881507,A~AAE{{B}}{{B}}B
CC(C)ONC=N,-1571.43,65.27541519315996,AA{A}BDA~D
CNC1CC(O)C1,-1708.21,72.9290702359103,ADArAA{B}Ar
C=CCOC=O,-1233.53,46.36789918975783,A~AABA~B
CC(CO)C1CN1,-1716.23,73.37783696673979,AA{AB}ArADr
CCC1OC1CC,-1842.83,80.46186042347463,AAArBArAA
CNC1COC1C,-1706.94,72.85800617753705,ADArABArA
CC#CC=CCN,-1768.2,76.2858677648955,AA^AA~AAD
C=CC=C(C)C,-1616.56,67.80070728322664,A~AA~A{A}A
NCC1C=CC=C1,-1655.55,69.98242983123686,DAArA~AA~Ar
CCC1CC(=O)N1,-1612.25,67.5595371323694,AAArAA{~B}Dr
CC#CCCOC,-1689.49,71.88157482429833,AA^AAABA
OC1CC1C1CC1,-1697.45,72.32698419803931,BArAArArAAr
CC1CCOC1C,-1864.42,81.66994941581987,AArAABArA
CC1(CN)CC1N,-1792.73,77.6584672545772,AAr{AD}AArD
CC1C(CO)N1C,-1710.79,73.07343659071579,AArA{AB}DrA
C=CCC(N)CC,-1918.68,84.70611934285333,A~AAA{D}AA
C=CCN[CH][N]C,-1653.71,69.87947088052286,A~AAD{AH}{D}A
CC1=CCCC1=O,-1610.81,67.47896056224539,AAr~AAAAr~B
NCCOCCO,-1665.99,70.56660996463584,DAABAAB
CC(N)C(C)O,-1574.49,65.44664040467346,AA{D}A{A}B
C#CC(C)OCC,-1684.98,71.62921348314606,A^AA{A}BAA
[CH2][N]N1CC1C,-1324.33,51.44869958368773,{AHs}{D}DrAArA
[H],-1327.09,51.603138009758716,{H}
CC(CO)NC=O,-1554.23,64.31297282778996,AA{AB}DA~B
C=CCNCC=C,-1767.5,76.24669859886298,A~AADAA~A
CC=C(C)CC,-1755.04,75.5494874434845,AA~A{A}AA
CC1(C)CC1(C)O,-1848.46,80.77689243027889,AAr{A}AAr{A}B
O=CC1NC1C=O,-2189.38,99.85339540713551,B~AArDArA~B
CC1CNC2CC12,-1905.93,83.9926809615471,AArADAsAArs
C=CC=COCC,-1708.45,72.9424996642643,A~AA~ABAA
CC(=O)C(C)=O,-1245.09,47.0147499888088,AA{~B}A{A}~B
N#CC#CC1CC1,-1348.33,52.7916424190877,D^AA^AArAAr
O=C1OCC2CN12,-1321.05,51.26516406284973,B~ArBAAsADrs
C#CC1CCCO1,-1558.58,64.5563812167062,A^AArAAABr
NC1CC=CC1,-1499.81,61.26784994852052,DArAA~AAr
CC(C)(C=O)CO,-1664.61,70.48939075160034,AA{A}{A~B}AB
COCCN(C)C,-1840.83,80.34994852052463,ABAAD{A}A
[CH2][N]NC(C)C=O,-1444.96,58.19866601011684,{AHs}{D}DA{A}A~B
CNC[CH][N]OC,-1560.03,64.63751734634496,ADA{AH}{D}BA
CC1CCCOC1,-1863.32,81.60839786919738,AArAAABAr
CCS(C)(=O)=O,-1267.3,48.257531671068534,AAE{A}{~B}~B
C=COC=CC#N,-1314.53,50.900331259232736,A~ABA~AA^D
CCN(C)C(C)=O,-1748.27,75.17066565199875,AAD{A}A{A}~B
CC(O)C(C)(C)O,-1801.36,78.14136711580645,AA{B}A{A}{A}B
CC(=O)OC1CC1,-1533.57,63.15692287031649,AA{~B}BArAAr
C=CC(CC)CO,-1848.59,80.78416670397064,A~AA{AA}AB
COC1(CN)CC1,-1707.52,72.89046062939254,ABAr{AD}AAr
C#CC(O)C(=N)N,-1418.92,56.74157303370788,A^AA{B}A{~D}D
N#CC1=NN=CC1,-1126.99,40.40635211961144,D^AAr~DD~AAr
C1CNCCOC1,-1723.48,73.78351761493353,ArADAABAr
C=C1CONC1=N,-1300.48,50.114150141009,A~ArABDAr~D
CCC(N)CN,-1637.73,68.98529477595237,AAA{D}AD
CC#CCCC,-1602.28,67.00165629616367,AA^AAAA
CC1(C)NC1(C)C,-1770.09,76.39162451318323,AAr{A}DAr{A}A
C#CC1CNC1=O,-1483.67,60.36472089171404,A^AArADAr~B
O=C1CCCN1O,-1303.56,50.286494471552,B~ArAAADrB
C#CC=C(C)CO,-1554.33,64.31856842293746,A^AA~A{A}AB
C=C1C=NOCO1,-1231.24,46.23976006088008,A~ArA~DBABr
C#CC=CCO,-1253.96,47.51107927839205,A^AA~AAB
CC12CC(CN1)C2,-1781.7,77.04127310980797,AArsAA{ADr}As
N=CNC1CC1O,-1402.25,55.80878732261964,D~ADArAArB
C#CC=CCC#N,-1187.58,43.79672321948163,A^AA~AAA^D
C#C[CH][N][N][CH2],-1042.24,35.664085232105286,A^A{AH}{D}{D}{AHs}
CC(=NO)N(C)C,-1572.16,65.3162630377367,AA{~DB}D{A}A
C=CCC(C)N,-1623.21,68.1728143605354,A~AAA{A}D
CC1CC(C)C1,-1750.7,75.30663861408301,AArAA{A}Ar
N=CNC1CCC1,-1657.65,70.09993732933435,D~ADArAAAr
CC(C#N)CC=O,-1469.35,59.56343166659205,AA{A^D}AA~B
[CH2][N]N1CCC1=O,-1317.5,51.06652043511348,{AHs}{D}DrAAAr~B
CCC1CCC1=O,-1724.64,73.84842651864454,AAArAAAr~B
CCC1OC1C#N,-1449.59,58.457742065446084,AAArBArA^D
CC=C(C)OC,-1547.56,63.93974663145172,AA~A{A}BA
ON=C1C=COC1,-1244.44,46.978378620350064,BD~ArA~ABAr
C=C1CCC(=C)O1,-1588.0,66.20260530910068,A~ArAAA{~A}Br
C#CC(O)CN,-1267.5,48.268722861363536,A^AA{B}AD
CCC1(C)CC1C,-2046.05,91.83322888222392,AAAr{A}AArA
C[CH]C=C[N]N,-1348.49,52.800595371323695,A{AH}A~A{D}D
CC#CC#CCO,-1405.24,55.976095617529886,AA^AA^AAB
NC1CN2CC1C2,-1640.39,69.13413760687588,DArADsAArAs
CC1(O)CNC1,-1416.3,56.594968440843374,AAr{B}ADAr
C=C(C=CC)OC,-1708.57,72.9492143784413,A~A{A~AA}BA
CC=CC(=O)CO,-1531.79,63.057321276690985,AA~AA{~B}AB
C1=COCOC1,-1224.69,45.87324857871884,Ar~ABABAr
NCC1CC=CC1,-1794.67,77.7670218004387,DAArAA~AAr
CN1CC=CCC1,-1786.09,77.2869197367832,ADrAA~AAAr
Cc1sncc1O,-1787.8,77.38260441380545,AarsdaarB
C#CCCO[N][CH2],-1392.87,55.28392049778414,A^AAAB{D}{AHs}
CC1NC(=O)C1O,-1412.54,56.38457406329738,AArDA{~B}ArB
CCOCCOC,-1776.51,76.75086172165273,AABAABA
CNCCNC=O,-1615.46,67.73915573660415,ADAADA~B
C=CC1CC(=O)C1,-1576.45,65.55631406956445,A~AArAA{~B}Ar
O=C1CC(O)CN1,-1285.68,49.28600205917902,B~ArAA{B}ADr
CC1=NN(C)CC1,-1658.68,70.1575719593536,AAr~DD{A}AAr
O=C1CCC(O)C1,-1544.6,63.77411701508572,B~ArAAA{B}Ar
C=C1CC=CCC1,-1779.67,76.92768252831371,A~ArAA~AAAr
COC1CCOC1,-1651.31,69.74517659698284,ABArAABAr
O=CC1=NNCC1,-1461.54,59.12641568557231,B~AAr~DDAAr
C#CC(=O)C(=N)N,-1306.65,50.45939836160975,A^AA{~B}A{~D}D
CCC1=CC=CC1,-1788.55,77.42457137741171,AAAr~AA~AAr
C=CC1OCCO1,-1513.3,62.02269573391826,A~AArBAABr
C=Cc1cnon1,-1166.51,42.6177313219034,A~Aaradbdr
CCNC(C)CO,-1859.72,81.40695644388738,AADA{A}AB
C=CCCC#CC,-1753.08,75.43981377859348,A~AAAA^AA
C#CCO,-799.52,22.082456690093558,A^AAB
CC#CCOC,-1389.93,55.11941000044765,AA^AABA
C=C(CC)CC,-1753.05,75.43813510004925,A~A{AA}AA
Nc1coc(N)c1,-1349.49,52.856551322798694,Daraba{D}ar
CC12CCNC1C2,-1785.84,77.27293074891446,AArsAADArAs
CN1C=NCCC1,-1673.22,70.9711714938001,ADrA~DAAAr
C1=CCNCC=C1,-1648.89,69.60976319441338,Ar~AADAA~Ar
C=CCC=CCO,-1703.72,72.67782801378756,A~AAA~AAB
OCc1ccn[nH]1,-1795.05,77.7882850619992,BAaraad{dH}r
C=C1C=COC=C1,-1453.51,58.67708939522809,A~ArA~ABA~Ar
CC(C#N)C1CO1,-1447.67,58.350306638614086,AA{A^D}ArABr
C=CC1CCC1N,-1766.55,76.19354044496173,A~AArAAArD
CC=CC#CC#N,-1783.14,77.12184967993198,AA~AA^AA^D
CCC1NC1CO,-1716.29,73.38119432382828,AAArDArAB
Cc1cscc1O,-1453.44,58.67317247862483,AarasaarB
CC(C)CN1CC1,-1907.26,84.06710237700882,AA{A}ADrAAr
NC1CC(O)C1O,-1520.28,62.41326827521377,DArAA{B}ArB
CC1=CCOCC1,-1721.81,73.69007117597026,AAr~AABAAr
NCC=CC(=O)O,-1255.59,47.602287479296294,DAA~AA{~B}B
NCC1=CC=CC1,-1657.9,70.1139263172031,DAAr~AA~AAr
C#CC(C)(C)N,-1466.65,59.41235059760957,A^AA{A}{A}D
COc1ccon1,-1248.57,47.20947669994181,ABaraabdr
C1=CC2CC1CN2,-1652.22,69.79609651282512,Ar~AAsAArADs
CC1CN=CNC1,-1684.48,71.60123550740856,AArAD~ADAr
O=CCCC1CO1,-1511.5,61.92197502126326,B~AAAArABr
CC(C)(C)OC=O,-1678.57,71.27053583419134,AA{A}{A}BA~B
C1C2NC2C2CN12,-1492.56,60.86216930032678,ArAsDAsAsADrs
CC1CN(N)C1=O,-1467.11,59.43809033528807,AArAD{D}Ar~B
NC1CNC1CO,-1578.95,65.69620394825195,DArADArAB
C#C[CH][N][N][CH]C,-1345.67,52.64279958816421,A^A{AH}{D}{D}{AH}A
CC12CC1C=NN2,-1512.58,61.98240744885626,AArsAArA~DDs
C=CC(C)(C)CO,-1846.98,80.69407762209589,A~AA{A}{A}AB
C1=CC2C=CC1C2,-1311.07,50.70672366712924,Ar~AAsA~AArAs
CC(=NN)C1CC1,-1636.38,68.90975424146113,AA{~DD}ArAAr
C#CC(O)C(C)O,-1492.36,60.85097811003179,A^AA{B}A{A}B
CC#N,-618.72,11.965620663413764,AA^D
CC1CCCC1=O,-1743.81,74.92110210842024,AArAAAAr~B
CCC(O)CCO,-1796.86,77.88956533416895,AAA{B}AAB
CCN1CC(N)C1,-1778.75,76.87620305295671,AADrAA{D}Ar
C=CCN(O)C=N,-1230.84,46.21737768029007,A~AAD{B}A~D
CNN=C(C)C=O,-1451.52,58.56573705179282,ADD~A{A}A~B
CCC(C)=NN,-1489.15,60.67135950579704,AAA{A}~DD
CNCC#CC=O,-1425.52,57.110882313442865,ADAA^AA~B
OCCC1(O)CC1,-1647.7,69.54317561215812,BAAAr{B}AAr
N#CC(O)C1CC1,-1665.06,70.51457092976409,D^AA{B}ArAAr
CNC(=N)CCO,-1612.67,67.5830386319889,ADA{~D}AAB
O=CN1CCCN1,-1383.17,54.741147768476665,B~ADrAAADr
OCC1CC=NO1,-1125.07,40.29891669277945,BAArAA~DBr
OCC1=NOCC1,-1713.92,73.24857871883253,BAAr~DBAAr
C#CCN(C)C,-1452.85,58.64015846725457,A^AAD{A}A
C=COCCCO,-1646.38,69.46931375621112,A~ABAAAB
COC(C)C#N,-1292.28,49.65531133891401,ABA{A}A^D
C=CC(C)(C)CN,-1916.23,84.56902726173956,A~AA{A}{A}AD
NCC1(O)CCC1,-1719.19,73.54346658310578,DAAr{B}AAAr
C#CCC#CCN,-1461.62,59.130892161690305,A^AAA^AAD
CC[N][CH]N(C)C,-1793.48,77.70043421818345,AA{D}{AH}D{A}A
C=C1C=CCOC1,-1581.53,65.84057030305745,A~ArA~AABAr
O=CNC1CC1O,-1345.59,52.638323112046194,B~ADArAArB
C=CN(C)C=O,-1310.11,50.65300595371323,A~AD{A}A~B
CCOCC(C)C,-1987.3,88.54581673306774,AABAA{A}A
Cc1ccsc1O,-1451.61,58.57077308742558,AaraasarB
N#C[C]([NH])N1CC1,-1248.98,47.23241864004656,D^A{A}{{DH}}DrAAr
NCC=CC(N)=O,-1487.22,60.5633645194503,DAA~AA{D}~B
C#CCN1CCC1,-1604.1,67.10349612784816,A^AADrAAAr
CC1NC(=O)C1N,-1477.16,60.000447647611814,AArDA{~B}ArD
C1=CCCCC=C1,-1686.34,71.70531357715207,Ar~AAAAA~Ar
C#C[CH][N]N(C)C,-1463.11,59.21426652938807,A^A{AH}{D}D{A}A
C#Cc1ccns1,-1571.3,65.2681409194682,A^Aaraadsr
CC1OC(C)C1N,-1716.05,73.36776489547428,AArBA{A}ArD
CNC(=O)CC=O,-1422.33,56.932382828237614,ADA{~B}AA~B
C=C(C#N)CC#N,-1262.53,47.99062178253279,A~A{A^D}AA^D
CC(O)C(O)CN,-1671.44,70.87156990017459,AA{B}A{B}AD
C=COC1CC1O,-1495.78,61.04234746407629,A~ABArAArB
O=C1CNCCO1,-1351.55,52.971820582837196,B~ArADAABr
CNCC1NC1C,-1778.2,76.84542727964548,ADAArDArA
OC1CN2CC1C2,-1284.36,49.21214020323201,BArADsAArAs
COC1C(N)C1N,-1575.22,65.4874882492502,ABArA{D}ArD
CC1CC(N)C1O,-1721.11,73.65090200993778,AArAA{D}ArB
CNCCC=O,-1429.78,57.34925466672637,ADAAA~B
CC1COC(=O)N1,-1438.72,57.849500872912856,AArABA{~B}Dr
CCCCO,-1400.29,55.69911365772864,AAAAB
C=C1C=CC(=O)C1,-1465.91,59.37094319351807,A~ArA~AA{~B}Ar
CNC(=O)CCO,-1557.87,64.51665249115895,ADA{~B}AAB
C=CC(=O)C(C)C,-1723.94,73.80925735261202,A~AA{~B}A{A}A
C#CC1CC(O)C1,-1548.73,64.00521509467747,A^AArAA{B}Ar
C=C(C=CC)CC,-1911.19,84.28700926630557,A~A{A~AA}AA
C#CCC(C)C=O,-1561.7,64.73096378530822,A^AAA{A}A~B
CC1CC1C(N)=O,-1615.12,67.72013071310263,AArAArA{D}~B
O=C1CCCC1O,-1545.39,63.81832221675099,B~ArAAAArB
C=C(C)C#CCO,-1553.34,64.26317203097722,A~A{A}A^AAB
CC=CC(=O)C#N,-1328.43,51.67811898473522,AA~AA{~B}A^D
Cc1cocc1C,-1602.41,67.00893056985542,AarabaarA
CC(=O)C(C)C,-1572.05,65.31010788307445,AA{~B}A{A}A
O=S1(=O)CCOC1,-825.76,23.550740856797532,B~Er{~B}AABAr
CC1CCC1C,-1750.54,75.297685661847,AArAAArA
C#CC1CN=CN1,-1676.8,71.17149380008058,A^AArAD~ADr
C1CC2(CN1)CN2,-1652.72,69.82407448856262,ArAAs{ADr}ADs
CC1(O)CC(N)C1,-1718.87,73.52556067863377,AAr{B}AA{D}Ar
CCC(C)(O)CN,-1869.38,81.94749093513586,AAA{A}{B}AD
CC(O)C1CC1O,-1648.42,69.58346389722011,AA{B}ArAArB
C=C(C)C(=O)NC,-1612.53,67.57520479878241,A~A{A}A{~B}DA
CCOC[CH][N]N,-1574.14,65.4270558216572,AABA{AH}{D}D
COCC1CC1N,-1707.28,72.87703120103855,ABAArAArD
CC1CC(=O)CO1,-1537.44,63.37347240252473,AArAA{~B}ABr
Cc1ccnn1O,-1318.72,51.13478669591298,AaraaddrB
COCC(C)=NN,-1575.19,65.48580957070594,ABAA{A}~DD
CCCCCN,-1766.6,76.19633824253546,AAAAAD
C=CC#CCCN,-1625.21,68.28472626348538,A~AA^AAAD
COC1CN(C)C1,-1696.1,72.25144366354805,ABArAD{A}Ar
O=CC1CC=NN1,-1458.51,58.95686915260308,B~AArAA~DDr
[CH]1C=NN2CC[C]12,-1378.13,54.45912977304267,{AH}rA~DDsAA{A}rs
CC(C=O)=CC#N,-1332.68,51.91593177850397,AA{A~B}~AA^D
CC([CH][N]O)C=O,-1373.53,54.20173239625767,AA{{AH}{D}B}A~B
Cc1conc1N,-1336.85,52.1492680961547,AarabdarD
C=CCC(C)CC,-2045.86,91.82259725144367,A~AAA{A}AA
[NH][C]1NC=CCO1,-1349.27,52.844241013474196,{DH}{A}rDA~AABr
C=CC=CC#CC,-1619.03,67.9389184833699,A~AA~AA^AA
C#CC(=O)COC,-1350.94,52.937687452437444,A^AA{~B}ABA
O=c1cccno1,-1392.24,55.248668248354896,B~araaadbr
C#CCOCCN,-1213.76,45.2616500290971,A^AABAAD
CCCN(C)CC,-2050.7,92.09342405658265,AAAD{A}AA
C=CC(O)[CH][N]O,-1200.49,44.51911455302386,A~AA{B}{AH}{D}B
NN=C1CC=CO1,-1318.69,51.133108017368734,DD~ArAA~ABr
CC1CC1CC#N,-1654.63,69.93095035587986,AArAArAA^D
CN1N=CCC1=O,-1349.66,52.86606383454946,ADrD~AAAr~B
Cc1coc(=O)[nH]1,-1301.31,50.16059358073325,Aaraba{~B}{dH}r
NCCCC(N)=O,-1414.83,56.51271319217512,DAAAA{D}~B
C=CCNC(N)=O,-1420.36,56.82214960383186,A~AADA{D}~B
N#CCC=CC=O,-1162.78,42.409015622901656,D^AAA~AA~B
C#CC1OC1C=C,-1393.84,55.33819777071489,A^AArBArA~A
CC(C)(N)[CH][N]O,-1576.84,65.5781368906397,AA{A}{D}{AH}{D}B
CC#CC(C)O,-1402.82,55.84068221496039,AA^AA{A}B
C1=CC2CN(C1)C2,-1632.12,68.67138188817762,Ar~AAsAD{Ar}As
CCCC(O)CC,-1994.55,88.95149738126148,AAAA{B}AA
Cn1cccn1,-1249.22,47.245848068400555,Adraaadr
C#CC(=N)N(C)C,-1493.1,60.892385514123276,A^AA{~D}D{A}A
C=CCOCC=O,-1505.31,61.57560768163302,A~AABAA~B
C#CC1=CCCC1,-1628.79,68.48504856976588,A^AAr~AAAAr
COC1CC(O)C1,-1639.23,69.06922870316487,ABArAA{B}Ar
N#CC1CC(=O)N1,-1582.8,65.91163436143069,D^AArAA{~B}Dr
C=CC(C)CCC,-2047.11,91.89254219078742,A~AA{A}AAA
C#CC(=C)C(C)N,-1621.02,68.05027082680513,A^AA{~A}A{A}D
C#CS(=O)(=O)CC,-1147.12,41.53274542280317,A^AE{~B}{~B}AA
C#CC(C=O)=CN,-1305.66,50.40400196964951,A^AA{A~B}~AD
C1=COCCC1,-1429.71,57.34533775012311,Ar~ABAAAr
C#CCCC(C)C,-1891.76,83.19978512914633,A^AAAA{A}A
CCC1(CO)CN1,-1712.22,73.15345360132505,AAAr{AB}ADr
C=CC=CC(C)N,-1781.29,77.01833116970322,A~AA~AA{A}D
C1=CC2CCC1O2,-1583.8,65.96759031290568,Ar~AAsAAArBs
C#CCC[CH][N]O,-1169.72,42.797349926138146,A^AAA{AH}{D}B
C#CC(CC)=NO,-1407.05,56.07737588969963,A^AA{AA}~DB
NC1C2COCC12,-1582.46,65.89260933792919,DArAsABAArs
NCCC1COC1,-1711.91,73.1361072563678,DAAArABAr
CC1(C)CCC1O,-1850.55,80.89384036886163,AAr{A}AAArB
CC(CO)CO,-1498.71,61.20629840189803,AA{AB}AB
CC(C)C1CCC1,-2045.12,91.78118984735215,AA{A}ArAAAr
C#CC=C(C)CC,-1754.97,75.54557052688125,A^AA~A{A}AA
CCOS(C)([O])[O],-1240.58,46.762388647656564,AABE{A}{{B}}{B}
N#CCC1CCC1,-1655.06,69.9550114150141,D^AAArAAAr
C=CCC(C)=NO,-1564.76,64.90218899682172,A~AAA{A}~DB
CCCC[CH][N]O,-1705.63,72.7847038811048,AAAA{AH}{D}B
NCc1cnsc1,-1316.71,51.02231523344823,DAaradsar
C#CC(C)C=C,-1449.49,58.452146470298594,A^AA{A}A~A
O=CC1=CCC=C1,-1461.51,59.12473700702808,B~AAr~AAA~Ar
CC#CC(N)CN,-1640.5,69.14029276153812,AA^AA{D}AD
N#Cc1ccsn1,-1539.53,63.490420341107495,D^Aaraasdr
O[N][CH]CC1CN1,-1419.69,56.78465911634362,B{D}{AH}AArADr
C=COC(=C)CC,-1704.66,72.73042660817406,A~ABA{~A}AA
CC=NN(C)C=O,-1468.85,59.53545369085455,AA~DD{A}A~B
CC(CN)CCN,-1932.28,85.4671202829133,AA{AD}AAD
[CH2][N]OC(C)CO,-1497.07,61.11453064147903,{AHs}{D}BA{A}AB
CC[N][CH]NC=O,-1487.75,60.59302117373203,AA{D}{AH}DA~B
COCOCCN,-1652.48,69.8106450602086,ABABAAD
C1=COC=NN=C1,-1933.84,85.55441156721429,Ar~ABA~DD~Ar
CCCNC=O,-1455.05,58.76326156049958,AAADA~B
C=CC=CCCO,-1709.94,73.02587403196205,A~AA~AAAB
C#Cc1cnon1,-1006.46,33.661981288329834,A^Aaradbdr
C1CNCCN1,-1503.98,61.50118626617127,ArADAADr
C=CC(C)C(C)O,-1849.64,80.8429204530194,A~AA{A}A{A}B
C#CC1CC1C,-1451.07,58.540556873629086,A^AArAArA
CCc1nnco1,-1346.72,52.70155333721295,AAarddabr
C=C1COC(=O)C1,-1411.69,56.337011504543625,A~ArABA{~B}Ar
CCOCCCO,-1789.0,77.44975155557546,AABAAAB
C=C(C#N)COC,-1448.7,58.407941268633344,A~A{A^D}ABA
CC=CS(C)(=O)=O,-1563.63,64.83895877165496,AA~AE{A}{~B}~B
NCCCC1CC1,-1914.87,84.49292716773355,DAAAArAAr
CC1=NOCC1N,-1450.19,58.49131563633108,AAr~DBAArD
C#CC[CH][N]N,-1183.71,43.58017368727338,A^AA{AH}{D}D
COC=C(C)OC,-1637.43,68.96850799050988,ABA~A{A}BA
C=CCC(C)C#N,-1628.79,68.48504856976588,A~AAA{A}A^D
CCC[N][CH]NC,-1798.5,77.98133309458794,AAA{D}{AH}DA
C=CC(C=O)CC,-1715.94,73.36160974081204,A~AA{A~B}AA
CCOC1CC1C,-1838.66,80.22852410582392,AABArAArA
C=C(CO)C1CC1,-1700.58,72.50212632615604,A~A{AB}ArAAr
C#CC(C#C)NC,-1448.23,58.381641971440075,A^AA{A^A}DA
OCCC1COC1,-1641.32,69.18617664174762,BAAArABAr
C=CC(C)CCO,-1847.16,80.7041496933614,A~AA{A}AAB
C=CC(N)CCC,-1917.15,84.62050673709656,A~AA{D}AAA
CN[N][CH]COC,-1566.13,64.97884865034246,AD{D}{AH}ABA
O=c1ccocc1,-1275.07,48.69230941402928,B~araabaar
COCC(C)(C)N,-1857.21,81.26650700568513,ABAA{A}{A}D
OCC1C=CCC1,-1724.47,73.83891400689377,BAArA~AAAr
COC(C)CC=O,-1653.02,69.84086127400509,ABA{A}AA~B
O=C1NCC2CN12,-1276.01,48.74490800841578,B~ArDAAsADrs
CCOCOC,-1486.3,60.51188504409329,AABABA
CN1CCC1CN,-1778.35,76.8538206723667,ADrAAArAD
c1scc2c1CO2,-1057.63,36.52524732530553,arsaasarABs
CC=CC1CC1,-1605.65,67.19022785263441,AA~AArAAr
CCC(=O)N(C)N,-1605.15,67.16224987689691,AAA{~B}D{A}D
CC1CC2CC1O2,-1706.79,72.84961278481579,AArAAsAArBs
C#CCC(N)C=C,-1617.85,67.87289046062939,A^AAA{D}A~A
CC1=COCC1,-1427.68,57.23174716862886,AAr~ABAAr
C=CCCC1CO1,-1695.85,72.2374546756793,A~AAAArABr
CC(C)ONC=O,-1514.91,62.11278481579302,AA{A}BDA~B
C=CC1CN=CN1,-1784.77,77.21305788083622,A~AArAD~ADr
C[CH]C(C)=C[N]O,-1569.88,65.1886834683737,A{AH}A{A}~A{D}B
C1OCC2CC1C2,-1710.18,73.03930346031605,ArBAAsAArAs
C=CC1CCC1C,-1771.35,76.46212901204171,A~AArAAArA
CC(C)C(N)=O,-1463.49,59.235529790948576,AA{A}A{D}~B
CS(=O)(=O)CC#N,-1292.35,49.65922825551725,AE{~B}{~B}AA^D
C=CC=CCC,-1614.03,67.65913872599491,A~AA~AAA
O=C1CC2CC2O1,-1406.1,56.02421773579837,B~ArAAsAAsBr
[NH][C]1CC2CC2N1,-1536.52,63.32199292716773,{DH}{A}rAAsAAsDr
CC(=NO)N1CC1,-1423.24,56.983302744079865,AA{~DB}DrAAr
C=CC=CCC=C,-1764.37,76.07155647074622,A~AA~AAA~A
C=C(C#N)CO,-1159.98,42.25233895877166,A~A{A^D}AB
C=C(C)C=COC,-1707.42,72.88486503424505,A~A{A}A~ABA
C=CC(C)CO,-1553.09,64.24918304310847,A~AA{A}AB
C1CNC2(C1)CC2,-1786.07,77.28580061775371,ArADAs{Ar}AAs
COC=CC(C)C,-1845.23,80.59615470701465,ABA~AA{A}A
CC1OCC=NO1,-1371.65,54.09653520748468,AArBAA~DBr
CC1C2CCC1C2,-1911.76,84.31890415864632,AArAsAAArAs
[CH2][N][N][CH]C1CO1,-1287.92,49.411343390483026,{AHs}{D}{D}{AH}ArABr
CC(C)OC1CC1,-1838.29,80.20782040377816,AA{A}BArAAr
C#CC1CC1CO,-1546.8,63.89722010833073,A^AArAArAB
CNC(C)(C)CN,-1926.53,85.14537356193205,ADA{A}{A}AD
C1=NCCC2CN12,-1518.02,62.28680782488025,Ar~DAAAsADrs
CC#CC[CH][N]O,-1410.14,56.250279779757385,AA^AA{AH}{D}B
CCCC(C)CO,-1991.34,88.77187877702673,AAAA{A}AB
CC(CN)CN,-1636.46,68.91423071757913,AA{AD}AD
CCCNNC=O,-1600.89,66.92387752361343,AAADDA~B
C[C](C)C=C[N]O,-1570.47,65.22169747974395,A{A}{A}A~A{D}B
OCC1CC1O,-1346.49,52.688683468373696,BAArAArB
C=CC(O)C=C,-1407.59,56.107592103496124,A~AA{B}A~A
CNC1CCC1,-1609.73,67.41852813465239,ADArAAAr
CC1=CC=CC1C,-1661.78,70.33103540892611,AAr~AA~AArA
[CH]1N[N][C]2CO[C]12,-1148.05,41.58478445767492,{AH}rD{D}{A}sAB{A}rs
C=CCCCC#N,-1357.28,53.29244818478894,A~AAAAA^D
C=C1OCCC1C,-1725.09,73.87360669680828,A~ArBAAArA
[O][N]c1ccc[nH]1,-1241.63,46.821142396705326,{B}{D}araaa{dH}r
CNC(=O)C(C)C,-1753.95,75.48849545637677,ADA{~B}A{A}A
CN(C)CC1CN1,-1771.14,76.450378262232,AD{A}AArADr
O=C(O)CC1CN1,-1076.42,37.57665965352076,B~A{B}AArADr
C1=CCCC=C1,-1489.21,60.67471686288554,Ar~AAAA~Ar
OC12COCC1C2,-1512.61,61.984086127400516,BArsABAArAs
C=CC(=C)OC=O,-1388.73,55.05226285867765,A~AA{~A}BA~B
C#CC(C)N,-1169.33,42.7755271050629,A^AA{A}D
C=C(C)C(=O)CC,-1727.9,74.03084292045303,A~A{A}A{~B}AA
N#CC1CC=NO1,-1177.56,43.23604458570214,D^AArAA~DBr
C=C(C=O)CCO,-1522.87,62.558194189533985,A~A{A~B}AAB
C=CC(=C)CC,-1611.96,67.54330990644165,A~AA{~A}AA
CC1CC(C#N)O1,-1452.71,58.63232463404808,AArAA{A^D}Br
C=CC(CN)NC,-1781.15,77.01049733649671,A~AA{AD}DA
O=CC1C=NNC1,-1317.32,51.056448363847984,B~AArA~DDAr
CN1CCNCC1,-1793.03,77.6752540400197,ADrAADAAr
COC=C(C)C=O,-1522.24,62.522941940104765,ABA~A{A}A~B
C=CCC1CN1,-1471.88,59.70500022382381,A~AAArADr
N#CC1C=CC=C1,-1391.8,55.2240476297059,D^AArA~AA~Ar
CC(CCO)=NO,-1510.6,61.871614664935755,AA{AAB}~DB
C=CC#C[CH][N]N,-1346.69,52.6998746586687,A~AA^A{AH}{D}D
C#CCC(C)=NN,-1484.65,60.419557724159546,A^AAA{A}~DD
[CH]1O[N][C]2CC[C]12,-1276.23,48.757218317740275,{AH}rB{D}{A}sAA{A}rs
CC1(N)CCC1O,-1725.05,73.87136845874927,AAr{D}AAArB
CC,-712.42,17.208693316621154,AA
O=C1NC=CCO1,-1176.14,43.15658713460765,B~ArDA~AABr
Cc1c[nH][nH]c1=O,-1352.96,53.05071847441694,Aara{dH}{dH}ar~B
NCCC1CO1,-1416.13,56.58545592909263,DAAArABr
C#CC1(C)CNC1,-1914.03,84.44592416849457,A^AAr{A}ADAr
CC1C(O)C1O,-1342.69,52.4760508527687,AArA{B}ArB
CC1CNC(=N)C1,-1554.3,64.31688974439322,AArADA{~D}Ar
NCC1CC(=O)O1,-1415.14,56.53005953713238,DAArAA{~B}Br
NC1CC2CC2C1,-1788.8,77.43856036528045,DArAAsAAsAr
CCNC1CC1N,-1783.05,77.11681364429921,AADArAArD
CC(C)(C)[CH][N]O,-1706.44,72.83002820179955,AA{A}{A}{AH}{D}B
CNCCCNC,-1920.17,84.78949371055106,ADAAADA
OCCC1CCO1,-1644.44,69.36075921034961,BAAArAABr
O=CC1=NN=CC1,-1324.15,51.43862751242223,B~AAr~DD~AAr
CC1ON=CC1O,-1377.38,54.41716280943643,AArBD~AArB
COC(C)C(C)O,-1788.34,77.41282062760196,ABA{A}A{A}B
C=C(OC)C(=N)N,-1464.66,59.300998254174324,A~A{BA}A{~D}D
[CH2][N]NCC=CC,-1628.35,68.46042795111687,{AHs}{D}DAA~AA
[CH2][N]NC1CC1O,-1571.69,65.28996374054344,{AHs}{D}DArAArB
COC1=NCCN1,-1474.54,59.8538430547473,ABAr~DAADr
C#CCOC=CC,-1542.13,63.63590581494248,A^AABA~AA
N#Cc1cnsc1,-1050.62,36.13299610546578,D^Aaradsar
C=CC1OCC1=O,-1370.6,54.037781458435916,A~AArBAAr~B
CC(C)=CC(C)N,-1922.71,84.93162182729756,AA{A}~AA{A}D
O=CC1CC(=O)N1,-1445.16,58.20985720041185,B~AArAA{~B}Dr
C=CC1NC1C=O,-1435.28,57.657012399838855,A~AArDArA~B
CC=CC(C)N,-1625.6,68.30654908456063,AA~AA{A}D
NCC1CC1N,-1490.31,60.73626840950803,DAArAArD
OC1CCNC1,-1437.1,57.75885223152334,BArAADAr
COCC(O)CN,-1658.1,70.12511750749809,ABAA{B}AD
C=C(C)CCNC,-1914.11,84.45040064461257,A~A{A}AADA
C#CC(C=C)=NO,-1428.21,57.26140382291061,A^AA{A~A}~DB
C=CCCC(C)O,-1850.18,80.87313666681591,A~AAAA{A}B
Oc1ccc[nH]1,-1188.12,43.82693943327812,Baraaa{dH}r
COC1C=NOC1,-1361.75,53.54257128788218,ABArA~DBAr
COCC(C)C=O,-1652.61,69.81791933390036,ABAA{A}A~B
CCC#CC=O,-1268.01,48.29726039661579,AAA^AA~B
CN(C)C(=N)C=O,-1462.09,59.157191458883574,AD{A}A{~D}A~B
CC(C#N)[CH][N]O,-1311.11,50.70896190518823,AA{A^D}{AH}{D}B
C=CC(C)C=C,-1605.94,67.20645507856216,A~AA{A}A~A
C#CC(=C)CC=O,-1418.1,56.695689153498364,A^AA{~A}AA~B
CC1(C#N)CCO1,-1452.25,58.606584896369576,AAr{A^D}AABr
CC#CCCN,-1472.85,59.75927749675455,AA^AAAD
CC1CCN1[CH][NH],-1234.56,46.42553381977707,AArAADr{AH}{DH}
CCCC#CC#N,-1494.33,60.96121133443753,AAAA^AA^D
Cc1ccc(O)s1,-1446.59,58.289874211021086,Aaraaa{B}sr
CC=C1CN=CN1,-1560.97,64.69011594073147,AA~ArAD~ADr
C#CC(N)=CC#N,-1243.84,46.94480504946505,A^AA{D}~AA^D
CC1OC1(C)CO,-1648.73,69.60081024217736,AArBAr{A}AB
NC1CC1C(=O)O,-1412.24,56.36778727785487,DArAArA{~B}B
CCC1(O)CNC1,-1711.42,73.10868884014504,AAAr{B}ADAr
C1=CCC2OC2C1,-1531.32,63.031021979497744,Ar~AAAsBAsAr
C=COC(=C)C=O,-1371.66,54.097094766999426,A~ABA{~A}A~B
C#CCN(N)C=O,-1279.05,48.915014100899775,A^AAD{D}A~B
C1CC1CC1CN1,-1764.72,76.09114105376248,ArAArAArADr
C#CC#CCC=C,-1442.24,58.04646582210485,A^AA^AAA~A
C=CC1CC=CO1,-1576.38,65.55239715296119,A~AArAA~ABr
C=C(C)C(C)(C)C,-2047.58,91.91884148798066,A~A{A}A{A}{A}A
C1=NOC2CC2C1,-1376.16,54.34889654863692,Ar~DBAsAAsAr
CCOCC(C)N,-1859.97,81.42094543175612,AABAA{A}D
C#CCNC(C)C,-1756.73,75.64405300147725,A^AADA{A}A
C=CC1CCNC1,-1789.99,77.5051479475357,A~AArAADAr
CO[N][CH]N1CC1,-1408.57,56.16242893594163,AB{D}{AH}DrAAr
C=CC(C=O)=CN,-1462.42,59.17565692287032,A~AA{A~B}~AD
CCCCC(N)=O,-1760.42,75.85053046241998,AAAAA{D}~B
CC(O)C1(N)CC1,-1722.72,73.74099109181253,AA{B}Ar{D}AAr
CC=CC(O)CC,-1852.22,80.98728680782489,AA~AA{B}AA
O=C1CCCCC1,-1746.04,75.0458838802095,B~ArAAAAAr
CC1OC2CC2O1,-1508.09,61.731165226733516,AArBAsAAsBr
NC1CN(C=O)C1,-1469.39,59.56566990465108,DArAD{A~B}Ar
CCCC#CCO,-1695.67,72.2273826044138,AAAA^AAB
[CH2][N]NCC(C)O,-1578.67,65.68053628183894,{AHs}{D}DAA{A}B
C=C1CCCC1=O,-1602.05,66.98878642732441,A~ArAAAAr~B
Cc1coc(C)c1,-1605.05,67.15665428174941,Aaraba{A}ar
C1CC2(CN2)CO1,-1580.33,65.77342316128743,ArAAs{ADs}ABr
C=CC(C)(C)O,-1554.42,64.32360445857022,A~AA{A}{A}B
COC1CCC1N,-1705.29,72.76567885760329,ABArAAArD
CNC(C)C(C)N,-1927.35,85.19125744214153,ADA{A}A{A}D
CCCOC1CC1,-1836.94,80.1322798692869,AAABArAAr
O=C1NC2CC2O1,-1307.74,50.52039034871749,B~ArDAsAAsBr
NCC1CC(=O)N1,-1482.57,60.30316934509155,DAArAA{~B}Dr
COC(C)CN,-1559.8,64.62464747750572,ABA{A}AD
CC1CC=CCN1,-1298.68,50.013429428354,AArAA~AADr
C#CCC(=O)C#C,-1259.0,47.79309727382605,A^AAA{~B}A^A
ON=C1CCNC1,-1375.86,54.33210976319441,BD~ArAADAr
CN1CCC[C]1[NH],-1678.68,71.27669098885359,ADrAAA{A}r{DH}
CC1(C2CO2)CO1,-1491.75,60.81684497963203,AAr{AsABs}ABr
CC1CNC1CO,-1710.4,73.05161376964054,AArADArAB
CCC=C(C)C#N,-1919.54,84.75424146112181,AAA~A{A}A^D
C=C(C)C1CCO1,-1701.53,72.55528448005731,A~A{A}ArAABr
C=C1CNCC1=C,-1781.04,77.00434218183446,A~ArADAAr~A
CCNCC1CO1,-1706.79,72.84961278481579,AADAArABr
CC1(N)CCCC1,-1793.12,77.68029007565244,AAr{D}AAAAr
CC=COCOC,-1639.77,69.09944491696136,AA~ABABA
CNN(C)C(C)=O,-1598.25,66.77615381171941,ADD{A}A{A}~B
CC1(CO)CO1,-1348.07,52.777093871704196,AAr{AB}ABr
CC(O)C1CC1N,-1719.34,73.55185997582703,AA{B}ArAArD
[CH2]C(C)=C[N]OC,-1558.76,64.56645328797173,{AHs}A{A}~A{D}BA
[CH2][N]OCC(=C)C,-1550.5,64.10425712878822,{AHs}{D}BAA{~A}A
C=Cn1cccn1,-1402.19,55.80542996553114,A~Adraaadr
CCC1C=CC=C1,-1785.13,77.23320202336721,AAArA~AA~Ar
CN1C=CCC1=O,-1486.36,60.515242401181794,ADrA~AAAr~B
C#CC1=NNCC1,-1915.97,84.55447871435607,A^AAr~DDAAr
CC1CC(CN)O1,-1719.14,73.54066878553205,AArAA{AD}Br
OC1C=CC2OC12,-1370.35,54.023792470567166,BArA~AAsBArs
CCC1(CO)CO1,-1644.3,69.35292537714312,AAAr{AB}ABr
CCN(C)C(C)C,-2049.91,92.0492188549174,AAD{A}A{A}A
C=CN(C=O)CC,-1606.54,67.24002864944715,A~AD{A~B}AA
C1=CC2CC(C2)O1,-1569.44,65.1640628497247,Ar~AAsAA{As}Br
CCONC(C)=N,-1574.47,65.44552128564395,AABDA{A}~D
CC1NC1C1CC1,-1922.25,84.90588208961906,AArDArArAAr
C#CC(C)O[N][CH2],-1391.34,55.198307892027394,A^AA{A}B{D}{AHs}
CN1CCCCC1,-1928.73,85.26847665517705,ADrAAAAAr
CC=C(C)CCN,-1358.99,53.38813286181119,AA~A{A}AAD
COCC1(C)CO1,-1635.49,68.85995344464838,ABAAr{A}ABr
O=CN(O)C1CC1,-1358.95,53.385894623752186,B~AD{B}ArAAr
OCC1C=CC=C1,-1585.06,66.03809481176418,BAArA~AA~Ar
CNCC(C)(C)C,-2056.68,92.42804064640315,ADAA{A}{A}A
C=C(C)C=CC#N,-1783.52,77.14311294149246,A~A{A}A~AA^D
CCC(C=O)OC,-1651.55,69.75860602533686,AAA{A~B}BA
CC1(C)C(O)C1O,-1642.9,69.27458704507812,AAr{A}A{B}ArB
Cc1cc(=O)s[nH]1,-1422.13,56.92119163794262,Aaraa{~B}s{dH}r
C#CC,-708.37,16.982071713147413,A^AA
NCCN1CCC1,-1776.58,76.75477863825596,DAADrAAAr
CC1CC(C)N1,-1621.32,68.06705761224764,AArAA{A}Dr
CN1CC2NC2C1,-1641.79,69.21247593894086,ADrAAsDAsAr
C[CH][N]NCC=O,-1446.21,58.26861094946059,A{AH}{D}DAA~B
CC=CCC1CN1,-1897.47,83.51929361206858,AA~AAArADr
C1=CC2CCC2O1,-1575.19,65.48580957070594,Ar~AAsAAAsBr
COC(C)C(C)=O,-1659.27,70.19058597072384,ABA{A}A{A}~B
CCC1NCC1N,-1486.17,60.50461077040154,AAArDAArD
CCC=CC1CN1,-1638.97,69.05468015578138,AAA~AArADr
CC1CCN(C)C1,-1247.89,47.17142665293882,AArAAD{A}Ar
C#CC1C=NOC1,-1269.43,48.37671784771029,A^AArA~DBAr
C#CCNC(C)=O,-1453.35,58.66813644299207,A^AADA{A}~B
CN1C2CCC1C2,-1770.08,76.39106495366846,ADrAsAAArAs
CCCNC(C)=O,-1756.68,75.64125520390351,AAADA{A}~B
C=C(C)CC=CC,-1908.23,84.12137964993957,A~A{A}AA~AA
O=CC(=O)C1CN1,-1386.71,54.939231836698156,B~AA{~B}ArADr
CC1(C=O)COC1,-1509.03,61.783763821120026,AAr{A~B}ABAr
C=CC1(N)CNC1,-1632.7,68.70383634003313,A~AAr{D}ADAr
C=CC(=N)N1CC1,-1503.72,61.48663771878778,A~AA{~D}DrAAr
CNC1CCC1N,-1772.5,76.52647835623797,ADArAAArD
C#CCC#CCO,-1389.28,55.0830386319889,A^AAA^AAB
C=CC(N)=CC=O,-1462.97,59.20643269618158,A~AA{D}~AA~B
CC1[CH]C=C([NH])N1,-1513.4,62.028291329065766,AAr{AH}A~A{{DH}}Dr
Cc1cnoc1O,-1264.35,48.092461614217285,AaradbarB
CC(CO)NC=N,-1606.55,67.24058820896191,AA{AB}DA~D
CCC1(N)CC1O,-1719.81,73.57815927302026,AAAr{D}AArB
C=CC1OCC1N,-1567.66,65.06446125609921,A~AArBAArD
CC1(CO)CN1,-1417.58,56.66659205873137,AAr{AB}ADr
CNCC1CC1N,-1780.49,76.97356640852321,ADAArAArD
CC1(O)CCC1O,-1653.45,69.86492233313936,AAr{B}AAArB
C=C(C)OCCC,-1850.72,80.90335288061239,A~A{A}BAAA
C1=CC2CC2NC1,-1644.84,69.38314159093962,Ar~AAsAAsDAr
CCNC(=N)OC,-1613.15,67.6098974886969,AADA{~D}BA
CC=C(C)OCC,-1850.2,80.8742557858454,AA~A{A}BAA
CC(C)C(C)(C)N,-2064.19,92.8482698419804,AA{A}A{A}{A}D
CC(O)C1CCO1,-1649.39,69.63774117015087,AA{B}ArAABr
N=C1CC(O)CN1,-1432.81,57.518801199695595,D~ArAA{B}ADr
CC1NC1C#N,-1225.47,45.91689422086933,AArDArA^D
NC(=O)C1COC1,-1657.83,70.11000940059985,DA{~B}ArABAr
C#CC(C=C)=CC,-1610.77,67.4767223241864,A^AA{A~A}~AA
CNN=C(C)CO,-1581.3,65.82770043421819,ADD~A{A}AB
CCC1OCC1N,-1714.67,73.29054568243879,AAArBAArD
CC1CNC1C=O,-1576.85,65.57869645015444,AArADArA~B
C=C1CC=CC1,-1485.72,60.479430592237804,A~ArAA~AAr
C1=NOC2CC2O1,-1159.62,42.23219481624065,Ar~DBAsAAsBr
C#CC=C(C)C=C,-1614.34,67.67648507095215,A^AA~A{A}A~A
CC#CC(=O)NC,-1455.26,58.775012310309336,AA^AA{~B}DA
NN=C1C=CC=C1,-1380.76,54.60629392542191,DD~ArA~AA~Ar
C#CC(CO)=NO,-1385.18,54.853619230941405,A^AA{AB}~DB
C#CC(C#C)=NN,-1187.29,43.78049599355388,A^AA{A^A}~DD
C=CS(C)(=O)=O,-1116.89,39.841197009713966,A~AE{A}{~B}~B
CNc1cnoc1,-1319.18,51.16052643359148,ADaradbar
C1OC2CC2O1,-1206.6,44.861005416536095,ArBAsAAsBr
OC1C2CCCC12,-1716.48,73.39182595460854,BArAsAAAArs
O=C1NCCCN1,-1375.03,54.28566632347017,B~ArDAAADr
C=COCCCN,-1340.19,52.33616097408121,A~ABAAAD
C=C(C)OC1CC1,-1697.08,72.30628049599355,A~A{A}BArAAr
COC1CCCC1,-1857.18,81.26482832714089,ABArAAAAr
CC=CCC1CC1,-1903.18,83.83880209499084,AA~AAArAAr
O=CN1CCC1,-1303.46,50.2808988764045,B~ADrAAAr
CC1CCOC1=O,-1557.24,64.48140024172972,AArAABAr~B
CC12CCCC1C2,-1918.71,84.70779802139756,AArsAAAArAs
CC(C)C#CC#N,-1499.52,61.25162272259277,AA{A}A^AA^D
CC#CC#CCC,-1607.99,67.32116477908592,AA^AA^AAA
C=CC1=CCCO1,-1583.83,65.96926899144992,A~AAr~AAABr
O=C1C=CC2CN12,-1461.17,59.10571198352657,B~ArA~AAsADrs
CC#CC1CO1,-1248.94,47.23018040198756,AA^AArABr
[CH2][N]OCCC=C,-1548.4,63.986749630690724,{AHs}{D}BAAA~A
CC1=CC=CCC1,-1786.9,77.33224405747796,AAr~AA~AAAr
CC=CC1CCO1,-1700.7,72.50884104033307,AA~AArAABr
CC(C)(N)CCO,-1869.5,81.95420564931287,AA{A}{D}AAB
CCOC(=N)NC,-1613.38,67.62276735753615,AABA{~D}DA
COCC(N)CN,-1726.96,73.97824432606653,ABAA{D}AD
CC12CNCC1N2,-1654.22,69.90800841577511,AArsADAArDs
OCC1CCOC1,-1660.8,70.2761985764806,BAArAABAr
O=C1C=CC2OC12,-1240.22,46.74224450512557,B~ArA~AAsBArs
C=COC(C)C#N,-1450.11,58.48683916021309,A~ABA{A}A^D
C=CC1(C)CCN1,-1452.15,58.60098930122208,A~AAr{A}AADr
COC1CNC1=O,-1397.01,55.515578136890646,ABArADAr~B
C1=CC2NCC2C1,-1645.38,69.41335780473612,Ar~AAsDAAsAr
C#CC1CC(=O)C1,-1423.51,56.99841085097811,A^AArAA{~B}Ar
CC1(N)C=COC1,-1594.7,66.57751018398318,AAr{D}A~ABAr
C#CCOC=C,-1244.67,46.991248489189324,A^AABA~A
NC1CC(O)C1,-1419.64,56.78186131876988,DArAA{B}Ar
C#CCC#CC,-1297.64,49.95523523882001,A^AAA^AA
C1C2CC2N2CC12,-1622.07,68.1090245758539,ArAsAAsDsAArs
C#CCCC=CC,-1749.78,75.255159138726,A^AAAA~AA
CC(N)C1COC1,-1713.57,73.2289941358163,AA{D}ArABAr
C=CC(N)C1CN1,-1639.34,69.07538385782712,A~AA{D}ArADr
CC1CC=CC1=O,-1605.99,67.20925287613592,AArAA~AAr~B
CC(O)C1(C)CN1,-1719.65,73.56920632078429,AA{B}Ar{A}ADr
C=CC1OC=NO1,-1231.26,46.24087917990958,A~AArBA~DBr
C=C(C=O)CC,-1426.74,57.17914857424236,A~A{A~B}AA
CC=COC(C)C,-1848.06,80.75451004968888,AA~ABA{A}A
CN(C)C(=N)C#N,-1399.98,55.68176731277139,AD{A}A{~D}A^D
CC(C)(N)CN,-1640.73,69.15316263037737,AA{A}{D}AD
C#CC(=O)C(N)=O,-1255.63,47.60452571735531,A^AA{~B}A{D}~B
C#C[CH][N]N1CC1,-1321.23,51.275236134115225,A^A{AH}{D}DrAAr
OCC1=CC=CC1,-1588.13,66.20987958279242,BAAr~AA~AAr
O=CC1C=CCO1,-1385.72,54.883835444737905,B~AArA~AABr
C#Cc1ccoc1,-1301.28,50.158914902189,A^Aaraabar
NCc1cnoc1,-1324.94,51.48283271408747,DAaradbar
C=C(CO)CCC,-1849.26,80.82165719145888,A~A{AB}AAA
c1occ2c1CC2,-1430.48,57.388423832758846,arbaasarAAs
C1=CCOCC=C1,-1576.36,65.5512780339317,Ar~AABAA~Ar
C1CN2CC2CN1,-1642.63,69.25947893817987,ArADsAAsADr
CC=C(C)OC=O,-1533.85,63.17259053672948,AA~A{A}BA~B
CC#CC1CC1,-1455.95,58.81362191682709,AA^AArAAr
CC=CCN,-1328.89,51.70385872241373,AA~AAD
CC(=N)NC1CC1,-1661.76,70.3299162898966,AA{~D}DArAAr
CC1OCC1C=O,-1512.15,61.95834638972202,AArBAArA~B
CN1CC(O)C1,-1411.62,56.333094587940366,ADrAA{B}Ar
CC1=CC=NOC1,-1431.46,57.443260665204356,AAr~AA~DBAr
Cc1c[nH]sc1=N,-1291.9,49.63404807735352,Aara{dH}sar~D
CC#CC(O)CC,-1698.61,72.39189310175031,AA^AA{B}AA
CN1CCC(N)C1,-1799.97,78.0635883432562,ADrAAA{D}Ar
C=CC=CC(C)C,-1910.46,84.24616142172881,A~AA~AA{A}A
O=CC1NC1CO,-1257.54,47.71140158467255,B~AArDArAB
N#Cc1ccoc1,-1209.01,44.99585925959085,D^Aaraabar
C1NC1C1CO1,-1262.72,48.001253413313044,ArDArArABr
CC(O)CCCO,-1795.38,77.80675052598595,AA{B}AAAB
CC12COCC1N2,-1582.64,65.9026814091947,AArsABAArDs
CC1(CN)CN1,-1487.92,60.60253368548279,AAr{AD}ADr
Cc1[nH]ncc1O,-1352.75,53.03896772460719,Aar{dH}daarB
COC1=CCCC1,-1718.98,73.53171583329603,ABAr~AAAAr
O=CCCC=O,-1233.64,46.37405434442008,B~AAAA~B
CC1=NN=COC1,-1320.28,51.22207798021398,AAr~DD~ABAr
COC1(C)CNC1,-1703.61,72.6716728591253,ABAr{A}ADAr
C=COC(C)=CC,-1704.09,72.6985317158333,A~ABA{A}~AA
C#CC1NCC1=O,-1411.64,56.334213706969884,A^AArDAAr~B
NC(=CC=O)CO,-1312.4,50.781145082590996,DA{~AA~B}AB
C1CC2CC(C1)N2,-1782.21,77.06981064506022,ArAAsAA{Ar}Ds
C#CC#CC(C)C,-1589.03,66.26023993911994,A^AA^AA{A}A
CCC1CN1[CH][NH],-1622.36,68.12525180178164,AAArADr{AH}{DH}
C=CC(C)OC=O,-1532.12,63.07578674067773,A~AA{A}BA~B
N=C(N)OC1CC1,-1264.78,48.11652267335154,D~A{D}BArAAr
Cc1cscc1N,-1573.55,65.39404181028695,AarasaarD
CCN=C(N)C=O,-1480.88,60.2086037870988,AAD~A{D}A~B
C1=NNC2CC2C1,-1470.45,59.62498321321457,Ar~DDAsAAsAr
CCC1CC1C#N,-1917.37,84.63281704642105,AAArAArA^D
Nc1cc(O)c[nH]1,-1354.08,53.11338914006894,Daraa{B}a{dH}r
CC1CS([O])([O])O1,-1249.43,47.257598818210305,AArAE{{B}}{{B}}Br
COC(C)C1CO1,-1633.64,68.75643493441964,ABA{A}ArABr
CCC1CN1C,-1612.35,67.5651327275169,AAArADrA
C=C(C)C(C)(C)N,-1659.36,70.1956220063566,A~A{A}A{A}{A}D
C#CC(C)=O,-971.15,31.68617664174762,A^AA{A}~B
OCc1ccco1,-1399.64,55.6627422892699,BAaraaabr
C=CN(C=O)N=C,-1315.2,50.937821746720985,A~AD{A~B}D~A
OCC1=CCCO1,-1522.29,62.52573973767849,BAAr~AAABr
CNC=O,-860.01,25.46723219481624,ADA~B
OCC1CCC1O,-1649.24,69.62934777742962,BAArAAArB
CC=CC=O,-1132.01,40.68725099601594,AA~AA~B
CCC1CNC1,-1611.45,67.51477237118941,AAArADAr
NCC(O)CCO,-1457.08,58.876852141993815,DAA{B}AAB
N#CC1=CCCC1,-1537.67,63.386342271363986,D^AAr~AAAAr
NCC1(CO)CO1,-1516.14,62.18161063610728,DAAr{AB}ABr
CNC1(C)CC1N,-1781.33,77.0205694077622,ADAr{A}AArD
O=CCN1CCC1,-1579.04,65.70123998388468,B~AADrAAAr
NC1COC(=O)C1,-1427.57,57.22559201396661,DArABA{~B}Ar
C#CC1CN1C=O,-1288.62,49.450512556515505,A^AArADrA~B
NCCCCCN,-1933.09,85.51244460360805,DAAAAAD
CCC(O)CNC,-1861.05,81.48137785934912,AAA{B}ADA
C=COC=COC,-1493.16,60.895742871211795,A~ABA~ABA
C[CH][N][N][C](C)C,-1654.0,69.8956981064506,A{AH}{D}{D}{A}{A}A
C=C1C=CC(C)=C1,-1651.37,69.74853395407135,A~ArA~AA{A}~Ar
C#CC=COC,-1249.91,47.284457674918315,A^AA~ABA
C=C1C=CC(=O)N1,-1357.2,53.28797170867094,A~ArA~AA{~B}Dr
Nc1ccsc1,-1148.36,41.60213080263216,Daraasar
NC1C=CNC1=O,-1359.04,53.390930659384935,DArA~ADAr~B
Cc1cc[nH]c1,-1386.11,54.905658265813145,Aaraa{dH}ar
CCC1NC1C#N,-1790.48,77.53256636375845,AAArDArA^D
C#CCC(C)CN,-1762.15,75.94733425847174,A^AAA{A}AD
N#CC1NC1C#N,-1123.59,40.21610188459644,D^AArDArA^D
C#CC(=C)C(C)C,-1749.77,75.25459957921124,A^AA{~A}A{A}A
O=Nc1cc[nH]c1,-1317.19,51.049174090156235,B~Daraa{dH}ar
CC(C)=C(C)CN,-1655.44,69.9762746765746,AA{A}~A{A}AD
CCN(C)C(C)=N,-1798.98,78.00819195129594,AAD{A}A{A}~D
C=CC(=C)CC=O,-1576.39,65.55295671247596,A~AA{~A}AA~B
C#CC1=NN=CC1,-1772.67,76.53599086798873,A^AAr~DD~AAr
N#CCC#CC=O,-1158.53,42.17120282913291,D^AAA^AA~B
COC1CC1N,-1409.64,56.222301804019885,ABArAArD
C#Cc1cc[nH]c1,-1250.0,47.289493710551056,A^Aaraa{dH}ar
CCNCCCN,-1928.5,85.2556067863378,AADAAAD
CC1=NN2CC2C1,-1903.37,83.84943372577106,AAr~DDsAAsAr
COn1cccc1,-1436.75,57.73926764850709,ABdraaaar
CC=CC1CN1,-1473.01,59.768230448990565,AA~AArADr
C1CC(C2CO2)C1,-1694.39,72.15575898652583,ArAA{AsABs}Ar
C=C1CON=CN1,-1309.94,50.64349344196249,A~ArABD~ADr
CC#CCCC=O,-1567.94,65.0801289225122,AA^AAAA~B
CC(CC=O)=NO,-1379.19,54.518443081606165,AA{AA~B}~DB
CCNC[CH][N]O,-1570.95,65.24855633645195,AADA{AH}{D}B
C#CC1C(C)C1O,-1543.41,63.70752943283049,A^AArA{A}ArB
COC1COC1C,-1636.48,68.91534983660861,ABArABArA
C#CC1OC1C=O,-1204.62,44.7502126326156,A^AArBArA~B
CN1C=CCC1=N,-1540.02,63.517838757330225,ADrA~AAAr~D
C=C(C#N)C1CN1,-1376.99,54.395339988361165,A~A{A^D}ArADr
CC(O)C(C)(C)C,-1994.13,88.92799588164198,AA{B}A{A}{A}A
CCCC1COC1,-1841.3,80.3762478177179,AAAArABAr
CC1CC1CCO,-1846.72,80.67952907471239,AArAArAAB
C1=CC2NC2CC1,-1650.28,69.68754196696362,Ar~AAsDAsAAr
C=C1C=CC=C1,-1351.31,52.958391154483195,A~ArA~AA~Ar
NCC1CCCN1,-1803.14,78.24096870943195,DAArAAADr
[CH2][N]OC(C)CC,-1696.1,72.25144366354805,{AHs}{D}BA{A}AA
CCC(C)COC,-1982.75,88.2912171538565,AAA{A}ABA
NCC=CCCO,-1721.78,73.68839249742604,DAA~AAAB
CNC(=O)C(C)=O,-1430.2,57.372756166345866,ADA{~B}A{A}~B
N=C(N)C1CC1,-1369.8,53.993016697255925,D~A{D}ArAAr
C=COCC(C)=O,-1517.59,62.26274676574601,A~ABAA{A}~B
C1CCCCCC1,-2063.19,92.7923138905054,ArAAAAAAr
CC(N)C[CH][N]O,-1577.76,65.6296163659967,AA{D}A{AH}{D}B
[NH][C]1NCCCO1,-1488.31,60.62435650655803,{DH}{A}rDAAABr
CN1CC1[CH][N]O,-1419.38,56.76731277138638,ADrAAr{AH}{D}B
CNC(C)(C)CO,-1859.41,81.38961009893015,ADA{A}{A}AB
CCNCC(C)N,-1929.24,85.2970141904293,AADAA{A}D
C1=NC2CC2N1,-1230.14,46.17820851425759,Ar~DAsAAsDr
CNCC(C)(C)N,-1929.49,85.31100317829805,ADAA{A}{A}D
NCC#CC1CN1,-1484.2,60.3943775459958,DAA^AArADr
NC1CC2NC2C1,-1656.49,70.03502842562337,DArAAsDAsAr
NCC1=NOCC1,-1446.75,58.29882716325708,DAAr~DBAAr
CC(C)NC(C)C,-2059.67,92.5953489413134,AA{A}DA{A}A
CC(C)=CC(C)O,-1853.67,81.06842293746364,AA{A}~AA{A}B
CC=C(CC)CN,-1920.21,84.79173194861006,AA~A{AA}AD
CCCNC=N,-1508.82,61.77201307131027,AAADA~D
N#CC#C[CH][N]O,-1426.72,57.17802945521286,D^AA^A{AH}{D}B
[CH2][N][N][C](C)C#N,-1249.4,47.25592013966607,{AHs}{D}{D}{A}{A}A^D
CC(O)CN1CC1,-1712.31,73.15848963695778,AA{B}ADrAAr
C#CCC=CC,-1452.68,58.63064595550384,A^AAA~AA
[CH2][N][N]C=C[CH]C,-1506.04,61.61645552620976,{AHs}{D}{D}A~A{AH}A
CCc1cn[nH]c1,-1311.31,50.72015309548324,AAarad{dH}ar
CNCC=CCN,-1784.7,77.20914096423297,ADAA~AAD
CC(=O)C#CCO,-1368.02,53.893415103630424,AA{~B}A^AAB
CCCN(C)C,-1754.9,75.54165361027799,AAAD{A}A
CC=CC(N)CN,-1791.51,77.5902009937777,AA~AA{D}AD
C=CC(=O)NCC,-1612.17,67.5550606562514,A~AA{~B}DAA
C=CC(N)[CH][N]O,-1431.46,57.443260665204356,A~AA{D}{AH}{D}B
N[N][CH]C#CCO,-1298.52,50.004476476118,D{D}{AH}A^AAB
C#CCC(C)(C)C,-1892.91,83.26413447334261,A^AAA{A}{A}A
C#CC#C[CH][N]O,-1404.5,55.934688213438385,A^AA^A{AH}{D}B
CC1CC=CCO1,-1721.5,73.67272483101303,AArAA~AABr
C#CC(=O)C#CC,-1265.0,48.12883298267604,A^AA{~B}A^AA
C=CC(N)CNC,-1781.97,77.05638121670621,A~AA{D}ADA
CC1CN1CC#N,-1762.56,75.97027619857647,AArADrAA^D
CCC1=NOCC1,-1577.48,65.61394869958369,AAAr~DBAAr
C1=NN=CCC1,-1217.23,45.45581718071534,Ar~DD~AAAr
C#CC(=O)[CH][N]O,-1620.76,68.03572227942165,A^AA{~B}{AH}{D}B
CC12CCC(C1)O2,-1711.57,73.1170822328663,AArsAAA{Ar}Bs
COCC(C)CN,-1853.75,81.07289941358164,ABAA{A}AD
C#CC1C=NN=C1,-1518.71,62.32541743139801,A^AArA~DD~Ar
C=CC(C)(C)N,-1622.6,68.13868123013563,A~AA{A}{A}D
CC(C#N)CO,-1306.57,50.45492188549174,AA{A^D}AB
CC(C=O)CC#N,-1471.49,59.68317740274857,AA{A~B}AA^D
N#CC#CC(=N)N,-1108.39,39.36557142217647,D^AA^AA{~D}D
C#CC#CC(=N)N,-1204.42,44.73902144232061,A^AA^AA{~D}D
OC1CCOC1,-1365.5,53.75240610591343,BArAABAr
CCC1CO1,-1249.45,47.25871793723981,AAArABr
O[N][CH]C1CC1,-1260.78,47.89269886745154,B{D}{AH}ArAAr
[CH2][N][N][C](C)C=O,-1312.8,50.803527463180984,{AHs}{D}{D}{A}{A}A~B
CN1CC(C)(N)C1,-1781.22,77.01441425309996,ADrAA{A}{D}Ar
NCC(O)C1CN1,-1514.91,62.11278481579302,DAA{B}ArADr
NC(=O)CC1CN1,-1479.66,60.14033752629931,DA{~B}AArADr
CC1C2CNCC12,-1779.89,76.93999283763823,AArAsADAArs
N#CC1=CCNC1,-1401.89,55.78864318008865,D^AAr~AADAr
C=CC(O)CC,-1552.43,64.21225211513497,A~AA{B}AA
CNCC(C)C=O,-1725.56,73.89990599400151,ADAA{A}A~B
C=C1CN=CN1O,-1303.12,50.26187385290299,A~ArAD~ADrB
C#CC(C)C1CO1,-1538.41,63.427749675455495,A^AA{A}ArABr
CC(C)(C)NC=O,-1752.28,75.3950490174135,AA{A}{A}DA~B
CCCN(O)C=N,-1573.75,65.40523300058194,AAAD{B}A~D
CC1=CCC=CC1,-1790.57,77.5376023993912,AAr~AAA~AAr
CC(CN)CO,-1566.53,65.00123103093246,AA{AD}AB
C[CH][N][N][CH]C,-1354.37,53.12961636599668,A{AH}{D}{D}{AH}A
CCN[N][CH]C#N,-1379.89,54.55761224763867,AAD{D}{AH}A^D
N#CC1CCC1=O,-1458.51,58.95686915260308,D^AArAAAr~B
NC1C2CCOC12,-1580.26,65.7695062446842,DArAsAABArs
CC1=CCC(=O)O1,-1417.93,56.68617664174762,AAr~AAA{~B}Br
CCC#CCCO,-1697.89,72.35160481668832,AAA^AAAB
COCC=CC=O,-1512.39,61.97177581807603,ABAA~AA~B
CNC1C(O)C1O,-1510.55,61.868816867362014,ADArA{B}ArB
O=S1(=O)CC=CC1,-1166.55,42.6199695599624,B~Er{~B}AA~AAr
C[CH][N]NCCO,-1581.78,65.85455929092619,A{AH}{D}DAAB
C=CC(CC)=NN,-1640.69,69.15092439231837,A~AA{AA}~DD
C#CC#CC,-947.54,30.365056627422895,A^AA^AA
CC1C(C)C1C,-1749.64,75.24732530551951,AArA{A}ArA
CC=CCNCC,-1916.15,84.56455078562156,AA~AADAA
CNCCC(=O)O,-1557.29,64.48419803930345,ADAAA{~B}B
C=C1CN=CNC1,-1785.27,77.24103585657372,A~ArAD~ADAr
N#Cc1ccc[nH]1,-1292.91,49.69056358834327,D^Aaraaa{dH}r
CC(C)CC=O,-1565.84,64.9626214244147,AA{A}AA~B
C#CC1C=CCC1,-1622.33,68.12357312323738,A^AArA~AAAr
CCCCNC=O,-1750.9,75.317829804378,AAAADA~B
CC1COC(C)O1,-1665.09,70.51624960830834,AArABA{A}Br
COCOC1CC1,-1632.19,68.67529880478088,ABABArAAr
C=CC[CH][N]N,-1339.0,52.26957339182596,A~AA{AH}{D}D
CC(=O)C1CNC1,-1582.32,65.88477550472268,AA{~B}ArADAr
CC(=O)C1CC1O,-1520.96,62.45131832221676,AA{~B}ArAArB
[NH][CH]N1CC(O)C1,-1380.39,54.58559022337617,{DH}{AH}DrAA{B}Ar
C=C(C#CC)OC,-1551.07,64.13615202112896,A~A{A^AA}BA
CC1(O)CC1CO,-1649.31,69.63326469403286,AAr{B}AArAB
O=C1CC=CN1O,-1400.63,55.718138681230144,B~ArAA~ADrB
COCC1CNC1,-1699.17,72.4232284345763,ABAArADAr
N#C[CH]C=C[N]O,-1002.62,33.44711043466583,D^A{AH}A~A{D}B
COCCNC=N,-1595.3,66.61108375486818,ABAADA~D
CCCN1CC1,-1610.85,67.4811988003044,AAADrAAr
C=C1CC2NC2C1,-1643.82,69.32606652043512,A~ArAAsDAsAr
COC1C=COC1,-1512.16,61.95890594923677,ABArA~ABAr
C=C1CCN(C)C1,-1785.82,77.27181162988497,A~ArAAD{A}Ar
NCC1CCOC1,-1731.14,74.21214020323204,DAArAABAr
CC1CC(=O)NO1,-1392.58,55.267693271856395,AArAA{~B}DBr
OC1CC2OC2C1,-1518.51,62.314226241103015,BArAAsBAsAr
N#CCNCCO,-1392.7,55.274407986033395,D^AADAAB
CCOC(C)CC,-1987.81,88.57435426831996,AABA{A}AA
NCC1CC(O)C1,-1717.3,73.43770983481804,DAArAA{B}Ar
C[CH][N][N][CH]OC,-1451.26,58.55118850440934,A{AH}{D}{D}{AH}BA
CC1CN1C(N)=O,-1483.32,60.345136308697796,AArADrA{D}~B
CC(C)C1OC1C,-1846.43,80.66330184878466,AA{A}ArBArA
CC1CCCCN1,-1455.16,58.76941671516184,AArAAAADr
NC1C(N)C1CO,-1590.64,66.35032902099469,DArA{D}ArAB
C=C1CNNC1=O,-1335.89,52.09555038273872,A~ArADDAr~B
CC1C=NN=CC1,-1633.68,68.75867317247864,AArA~DD~AAr
C=C(C)C(C)CC,-2049.24,92.01172836742914,A~A{A}A{A}AA
[CH2][N]OCCCC,-1694.05,72.13673396302431,{AHs}{D}BAAAA
C=C1C=NNC1=O,-1211.56,45.1385469358521,A~ArA~DDAr~B
C=CC=C(C)C=C,-1771.02,76.44366354805497,A~AA~A{A}A~A
C=C(C)C1CCC1,-1899.34,83.62393124132683,A~A{A}ArAAAr
CC=C(C)C(C)N,-1524.75,62.66339137830699,AA~A{A}A{A}D
COC1CC(=O)C1,-1515.24,62.13125027977977,ABArAA{~B}Ar
CCC1=COCO1,-1517.16,62.23868570661177,AAAr~ABABr
[CH2][N]N(C)C(C)C,-1762.62,75.97363355566497,{AHs}{D}D{A}A{A}A
CC(=O)C=C(C)N,-1609.38,67.39894355163615,AA{~B}A~A{A}D
Cc1c[nH]cc1N,-1365.11,53.73058328483817,Aara{dH}aarD
C=C(C)CC,-1458.12,58.93504633152781,A~A{A}AA
C#CC=C(C)C#N,-1921.58,84.86839160213079,A^AA~A{A}A^D
[CH2][N]N1CC=CC1,-1497.39,61.132436545951045,{AHs}{D}DrAA~AAr
CC=CCN(C)C,-1909.21,84.17621648238507,AA~AAD{A}A
CON1C=NCC1,-1434.75,57.62735574555709,ABDrA~DAAr
O=C1C=CCO1,-1120.22,40.0275303281257,B~ArA~AABr
CC#CC(C)=NN,-1490.72,60.75921034961279,AA^AA{A}~DD
NN=C1CC=CC1,-1516.77,62.2168628855365,DD~ArAA~AAr
C#CC(O)C(C)C,-1691.77,72.0091543936613,A^AA{B}A{A}A
CC12CC=CC1N2,-1647.96,69.5577241595416,AArsAA~AArDs
C#CC1CC(N)C1,-1614.67,67.6949505349389,A^AArAA{D}Ar
C#CCOCCO,-1480.18,60.16943462106631,A^AABAAB
CCCCC1CC1,-2044.91,91.76943909754243,AAAAArAAr
O=Cc1ccno1,-1374.66,54.264962621424424,B~Aaraadbr
C=C(C#N)C(C)=O,-1331.28,51.837593446438966,A~A{A^D}A{A}~B
[CH2][N]NCC(C)C,-1774.27,76.62552039034873,{AHs}{D}DAA{A}A
NC1CCC2CC12,-1788.36,77.41393974663146,DArAAAsAArs
O=C1C=CC2CC12,-1456.03,58.81809839294509,B~ArA~AAsAArs
CC1(C=O)CCN1,-1580.87,65.80363937508392,AAr{A~B}AADr
O[N][CH]CC1CC1,-1354.39,53.1307354850262,B{D}{AH}AArAAr
COC(CN)OC,-1649.18,69.62599042034113,ABA{AD}BA
CC=CCC=CC,-1908.13,84.11578405479207,AA~AAA~AA
CC(=O)C=C(C)C,-1727.5,74.00846053986302,AA{~B}A~A{A}A
CC(C)C(=O)O,-1389.49,55.09478938179865,AA{A}A{~B}B
CC(=NO)C(C)C,-1710.3,73.04601817449304,AA{~DB}A{A}A
C[CH][N]OCCO,-1500.52,61.30757867406777,A{AH}{D}BAAB
CC1(C)C=NNC1,-1766.1,76.16836026679796,AAr{A}A~DDAr
O=C[CH][N]N1CC1,-1446.76,58.29938672277184,B~A{AH}{D}DrAAr
CO[N][CH]C1CO1,-1341.91,52.432405210618214,AB{D}{AH}ArABr
C#Cc1cnoc1,-1155.4,41.99606070101617,A^Aaradbar
[CH2][N]OCC(C)C,-1694.5,72.16191414118805,{AHs}{D}BAA{A}A
CC1=CCCC1C,-1926.01,85.11627646716505,AAr~AAAArA
C=CC(C)=NO,-1264.5,48.10085500693854,A~AA{A}~DB
CN=C(C)N1CC1,-1640.83,69.15875822552486,AD~A{A}DrAAr
C#CC(C)OC,-1383.97,54.785912529656656,A^AA{A}BA
N=C1NOC2CC12,-1293.85,49.74316218272975,D~ArDBAsAArs
C#CCC1NC1C,-1778.55,76.86501186266172,A^AAArDArA
Cc1cc(N)ns1,-1375.99,54.339384036886166,Aaraa{D}dsr
CC(N)CC1CC1,-1916.73,84.59700523747706,AA{D}AArAAr
CC=CC=CCO,-1713.29,73.21332646940328,AA~AA~AAB
Cc1cnoc1,-1160.27,42.26856618469941,Aaradbar
NN=C1CCOC1,-1322.49,51.34574063297373,DD~ArAABAr
CCOC(C)C=O,-1655.43,69.97571511705986,AABA{A}A~B
C=COCOCC,-1642.18,69.23429876001613,A~ABABAA
COCCC(C)=O,-1660.53,70.26109046958236,ABAAA{A}~B
CC[C]1C=N[N]O1,-1322.92,51.369801692107984,AA{A}rA~D{D}Br
C[C]CCCCC,-2191.69,99.98265365504275,A{A}AAAAA
CC1CNNC1=O,-1481.21,60.22706925108555,AArADDAr~B
C=COCC#CC,-1548.19,63.974998880880975,A~ABAA^AA
C=C(C)CCC#N,-1523.05,62.568266260799504,A~A{A}AAA^D
N=C1C=CCON1,-1305.16,50.37602399391201,D~ArA~AABDr
C[C]([NH])N1CC1C,-1622.36,68.12525180178164,A{A}{{DH}}DrAArA
CC(N)CC1CO1,-1713.09,73.20213527910829,AA{D}AArABr
CC1CNCC1O,-1732.6,74.2938358923855,AArADAArB
CCNC(=O)CO,-1556.59,64.44502887327097,AADA{~B}AB
C1NCC1N1CC1,-1619.37,67.95794350687137,ArDAArDrAAr
Cc1ccn(N)c1,-1546.82,63.898339227360225,Aaraad{D}ar
CON=C(C)CN,-1570.14,65.20323201575722,ABD~A{A}AD
ON1C=CCN=C1,-1293.71,49.73532834952326,BDrA~AAD~Ar
C=C(CN)CN,-1494.17,60.952258382201535,A~A{AD}AD
CNC(=O)C1CO1,-1402.34,55.81382335825238,ADA{~B}ArABr
CC=CCCCN,-1921.48,84.8627960069833,AA~AAAAD
NCCCNC=O,-1466.42,59.399480728770314,DAAADA~B
Cc1sncc1N,-1571.36,65.2714982765567,AarsdaarD
[CH2][N][N][CH]C#CC,-1346.38,52.68252831371146,{AHs}{D}{D}{AH}A^AA
CC=C(CO)CO,-1651.84,69.77483325126461,AA~A{AB}AB
C#CCC(=O)CC,-1566.27,64.98668248354895,A^AAA{~B}AA
CC1C2C=CCC12,-1544.38,63.76180670576123,AArAsA~AAArs
CC1=C(C)CC=C1,-1792.2,77.62881060029547,AAr~A{A}AA~Ar
CC1CNCC1C,-1803.45,78.2583150543892,AArADAArA
C#CCS(N)(=O)=O,-1679.43,71.31865795245983,A^AAE{D}{~B}~B
CCC1(C)CNC1,-1756.5,75.63118313263799,AAAr{A}ADAr
CCC1OCC1=O,-1519.97,62.39592193025651,AAArBAAr~B
COC1CCC1O,-1640.73,69.15316263037737,ABArAAArB
CN=CNCCO,-1605.63,67.18910873360491,AD~ADAAB
NCc1ccsc1,-1315.35,50.946215139442224,DAaraasar
C=CCN(C)CC,-1906.02,83.99771699717982,A~AAD{A}AA
CNC1C(N)C1O,-1581.53,65.84057030305745,ADArA{D}ArB
N#CC(=CN)CO,-1207.75,44.925354760732354,D^AA{~AD}AB
C#CC(=C)CC=C,-1604.33,67.1163659966874,A^AA{~A}AA~A
C=C(C=O)C(N)=O,-1795.33,77.80395272841218,A~A{A~B}A{D}~B
COC(C)OC,-1486.13,60.50237253234254,ABA{A}BA
CC1=CCC(C)=C1,-1791.32,77.57956936299745,AAr~AAA{A}~Ar
CC1=COCC=C1,-1581.77,65.85399973141143,AAr~ABAA~Ar
C#CC(=C)C(=O)O,-1239.16,46.68293119656208,A^AA{~A}A{~B}B
CCC(O)CCN,-1868.2,81.88146291239538,AAA{B}AAD
CCNCCNC,-1921.53,84.86559380455705,AADAADA
C=C(OC)C(C)O,-1648.63,69.59521464702986,A~A{BA}A{A}B
CC1(C)CC=CC1,-1924.91,85.05472492054257,AAr{A}AA~AAr
CCc1cc[nH]n1,-1908.78,84.15215542325082,AAaraa{dH}dr
CCN1C(C)C1C,-1909.19,84.17509736335558,AADrA{A}ArA
CCC1NCC1=O,-1589.06,66.26191861766416,AAArDAAr~B
N#CC(C=O)=CN,-1211.08,45.1116880791441,D^AA{A~B}~AD
C#CC1=CC=CC1,-1491.94,60.82747661041229,A^AAr~AA~AAr
CO[N][CH]CCO,-1498.27,61.18167778324902,AB{D}{AH}AAB
Cc1cc(N)no1,-1340.0,52.32552934330096,Aaraa{D}dbr
[CH2][N]OC1CC1N,-1417.48,56.66099646358387,{AHs}{D}BArAArD
CC=O,-677.16,15.235686467612695,AA~B
C#CC(C#N)=CC,-1520.72,62.43788889386276,A^AA{A^D}~AA
CC(N)C(C)(C)C,-2061.92,92.72124983213214,AA{D}A{A}{A}A
CC1CN1[CH][NH],-1347.89,52.767021800438705,AArADr{AH}{DH}
C#CC(=C)CNC,-1613.92,67.65298357133265,A^AA{~A}ADA
O=CC=CC1CO1,-1368.52,53.921393079367924,B~AA~AArABr
CCC1(C)CC1N,-1629.56,68.52813465240162,AAAr{A}AArD
CCCOCCN,-1857.18,81.26482832714089,AAABAAD
CCCCN,-1470.79,59.644008236716054,AAAAD
NCc1cc[nH]c1,-1551.13,64.13950937821747,DAaraa{dH}ar
C=COC(C)(C)C,-1847.41,80.71813868123016,A~ABA{A}{A}A
CC1C(C)C1(C)O,-1845.96,80.6370025515914,AArA{A}Ar{A}B
COC=C(C)C#N,-1457.85,58.91993822462957,ABA~A{A}A^D
COC=CC(C)O,-1646.73,69.48889833922736,ABA~AA{A}B
NNC(=O)C1CC1,-1278.25,48.87024933971978,DDA{~B}ArAAr
C=C1CC=NNC1,-1771.69,76.48115403554323,A~ArAA~DDAr
N=C(NO)C1CC1,-1276.72,48.784636733963026,D~A{DB}ArAAr
CCC(=O)C=CN,-1609.47,67.40397958726892,AAA{~B}A~AD
C=CC(=O)NOC,-1370.39,54.02603070862618,A~AA{~B}DBA
CC1CCCC1C,-2065.77,92.9366802453109,AArAAAArA
CC(=O)OC(C)C,-1686.22,71.69859886297508,AA{~B}BA{A}A
CNC1CC1,-1318.73,51.13534625542773,ADArAAr
CCC1(C)CO1,-1549.18,64.03039527284123,AAAr{A}ABr
C#CC1C=CC=C1,-1482.1,60.27687004789829,A^AArA~AA~Ar
NN=C1CCCO1,-1450.73,58.52153185012757,DD~ArAAABr
CC=CC(C)C#N,-1922.06,84.89525045883879,AA~AA{A}A^D
O=C1CCOC1,-1237.65,46.598437709834826,B~ArAABAr
CC[N][CH]NC,-1504.0,61.50230538520076,AA{D}{AH}DA
CC1CC(C=O)C1,-1712.85,73.18870585075429,AArAA{A~B}Ar
OCC1=CCNC1,-1324.54,51.46045033349748,BAAr~AADAr
NCC1(N)CC1O,-1588.67,66.24009579658893,DAAr{D}AArB
CCC=CCC,-1753.91,75.48625721831776,AAA~AAA
C=CC(C)=NOC,-1558.73,64.56477460942746,A~AA{A}~DBA
COC(C)(C)OC,-1783.7,77.15318501275797,ABA{A}{A}BA
CC1CCC(=O)C1,-1743.6,74.9093513586105,AArAAA{~B}Ar
CCN(C)C=N,-1502.58,61.422847934106265,AAD{A}A~D
CN1C2C=CCC21,-1634.23,68.78944894578987,ADrAsA~AAAsr
O=C1NOC2CC12,-1249.98,47.28837459152156,B~ArDBAsAArs
Cc1[nH]ccc1O,-1485.27,60.45425041407404,Aar{dH}aaarB
O=S1(=O)C=CC=C1,-1437.67,57.7907471238641,B~Er{~B}A~AA~Ar
CN1C=NC2CC21,-1521.24,62.466985988629766,ADrA~DAsAAsr
OC1CCCC1,-1571.14,65.25918796723222,BArAAAAr
C#CC1=N[N]S[CH]1,-1448.88,58.418013339898835,A^AAr~D{D}E{AH}r
CCCC1CC1C,-2046.22,91.84274139397466,AAAArAArA
CN1O[CH]C=C1[NH],-1307.72,50.519271229687995,ADrB{AH}A~Ar{DH}
CCON=C(C)C,-1704.91,72.74441559604281,AABD~A{A}A
C=CC(C)(C)CC,-2046.05,91.83322888222392,A~AA{A}{A}AA
O=C1CCC2OC12,-1389.39,55.08919378665116,B~ArAAAsBArs
CC=CCC(C)C,-2050.6,92.08782846143515,AA~AAA{A}A
C=CC1OC1CC,-1696.05,72.24864586597431,A~AArBArAA
[CH2][N]OC1CC1O,-1438.58,57.84166703970634,{AHs}{D}BArAArB
CC1COC1C=O,-1508.99,61.781525583061025,AArABArA~B
COC1(C)CC1O,-1636.66,68.92542190787414,ABAr{A}AArB
[CH2]c1ccc([NH])[nH]1,-1553.4,64.26652938806572,{AHs}araaa{{DH}}{dH}r
NC(=O)C#CC=O,-1475.08,59.8840592685438,DA{~B}A^AA~B
CCC#CC1CO1,-1544.29,63.75677067012847,AAA^AArABr
C=C(C)C(C)NC,-1914.62,84.4789381798648,A~A{A}A{A}DA
OC1CC2CN2C1,-1331.18,51.83199785129147,BArAAsADsAr
C=CC(=O)N(C)N,-1460.16,59.04919647253683,A~AA{~B}D{A}D
CNCCC1CO1,-1705.6,72.78302520256054,ADAAArABr
[CH2][N][N][CH]CCO,-1493.94,60.93938851336228,{AHs}{D}{D}{AH}AAB
CC1(C)CC1O,-1548.92,64.01584672545772,AAr{A}AArB
C=C1CCCC1,-1626.96,68.38264917856664,A~ArAAAAr
COC=CC(C)=O,-1525.8,62.72214512735575,ABA~AA{A}~B
CCOCC(C)=O,-1659.61,70.20961099422534,AABAA{A}~B
C#CC(=C)C(C)O,-1552.63,64.22344330542997,A^AA{~A}A{A}B
CC1CCCO1,-1567.57,65.05942522046645,AArAAABr
C#CCC=CCC,-1748.32,75.1734634495725,A^AAA~AAA
C#CC(=C)C=CC,-1612.57,67.5774430368414,A^AA{~A}A~AA
[CH2][N]NCCCO,-1705.76,72.79197815479655,{AHs}{D}DAAAB
Cc1c[nH]oc1=O,-1266.38,48.20605219571155,Aara{dH}bar~B
C=COCC1CC1,-1698.72,72.39804825641257,A~ABAArAAr
C#CC1C=CCO1,-1414.42,56.48977125207038,A^AArA~AABr
CNCC1CC1C,-1910.69,84.25903129056807,ADAArAArA
C=C(C)CCC=O,-1719.69,73.57144455884328,A~A{A}AAA~B
CC1C(N)C1CN,-1622.4,68.12749003984064,AArA{D}ArAD
CC1(O)CC1N,-1422.13,56.92119163794262,AAr{B}AArD
O=C1CCC(=O)N1,-1308.59,50.56795290747123,B~ArAAA{~B}Dr
CC(C)(CO)CO,-1795.05,77.7882850619992,AA{A}{AB}AB
C=C1COC=CO1,-1376.17,54.34945610815168,A~ArABA~ABr
C=CC1CC1NC,-1765.12,76.11352343435247,A~AArAArDA
C=CN(C=N)C=O,-1337.21,52.16941223868571,A~AD{A~D}A~B
C#CC(C#N)C=C,-1347.07,52.7211379202292,A^AA{A^D}A~A
CS(=O)(=O)C1CO1,-1161.78,42.35305967142666,AE{~B}{~B}ArABr
OC1C=NNCC1,-1243.03,46.899480728770314,BArA~DDAAr
CCC#CCO,-1398.16,55.5799274810869,AAA^AAB
CC=CC(=N)NC,-1665.67,70.54870406016384,AA~AA{~D}DA
CC#CC(O)CN,-1570.67,65.23288867003895,AA^AA{B}AD
C=C1CNC(=O)C1,-1487.35,60.57063879314203,A~ArADA{~B}Ar
C1=COCCOC1,-1511.16,61.90294999776177,Ar~ABAABAr
C=CCCC(N)=O,-1912.98,84.38717041944582,A~AAAA{D}~B
C=CC(C#N)C=C,-1512.57,61.981847889341516,A~AA{A^D}A~A
CC1CNC1C,-1614.89,67.70726084426342,AArADArA
CC1C(O)C1(C)N,-1713.32,73.21500514794754,AArA{B}Ar{A}D
CCCC(C)CN,-2061.5,92.69774833251265,AAAA{A}AD
CC(CN)C(N)=O,-1629.72,68.53708760463765,AA{AD}A{D}~B
CC(C)=CCC=O,-1721.19,73.65537848605578,AA{A}~AAA~B
C#CC(O)C#C,-1086.92,38.16419714400825,A^AA{B}A^A
C1=NOC2(CC2)O1,-1226.73,45.987398719727835,Ar~DBAs{AAs}Br
CN[N][CH]CCO,-1578.71,65.68277451989795,AD{D}{AH}AAB
C=C(C#N)C#CC,-1475.95,59.932740946327066,A~A{A^D}A^AA
C1NCC1C1CN1,-1627.1,68.39048301177313,ArDAArArADr
C=CC(C=O)NC,-1580.58,65.78741214915618,A~AA{A~B}DA
C[N][CH]N(C)C,-1496.03,61.05633645194504,A{D}{AH}D{A}A
CC1NC1(C)CN,-1907.96,84.10627154304132,AArDAr{A}AD
CC(C)=NOC=O,-1387.19,54.96609069340615,AA{A}~DBA~B
C#CC1CCC1C,-1473.54,59.7978871032723,A^AArAAArA
C=C(CC)CNC,-1913.58,84.4207439903308,A~A{AA}ADA
CCC1(CN)CC1,-1539.33,63.47922915081248,AAAr{AD}AAr
CCNCC1CN1,-1778.36,76.85438023188146,AADAArADr
C#CCC(N)CC,-1763.61,76.02902994762523,A^AAA{D}AA
COC=CCN,-1419.65,56.782420878284626,ABA~AAD
C=C(C)C(=C)C,-1614.48,67.68431890415864,A~A{A}A{~A}A
CCC1COC1C,-1845.92,80.63476431353239,AAArABArA
C=C1CCN=CN1,-1317.52,51.06763955414298,A~ArAAD~ADr
C=CCC=O,-1123.32,40.2009937776982,A~AAA~B
OCCC1CC1,-1549.18,64.03039527284123,BAAArAAr
C=CC(O)C(=N)N,-1465.04,59.32226151573481,A~AA{B}A{~D}D
C#CCN(O)C=O,-1068.82,37.15139442231076,A^AAD{B}A~B
C=C(C)CCO,-1555.51,64.38459644567797,A~A{A}AAB
C1=COC2(C1)CC2,-1574.89,65.46902278526346,Ar~ABAs{Ar}AAs
CCOC(=O)NC,-1564.61,64.89379560410046,AABA{~B}DA
CC=C(C=O)OC,-1512.2,61.96114418729577,AA~A{A~B}BA
COC(C)=CCO,-1647.92,69.55548592148261,ABA{A}~AAB
C1CCC2CC2C1,-1917.6,84.6456869152603,ArAAAsAAsAr
CCC1OC=NO1,-1379.81,54.553135771520665,AAArBA~DBr
CCC(C)(O)C#N,-1601.96,66.98375039169166,AAA{A}{B}A^D
C=C(CN)OCC,-1720.81,73.63411522449526,A~A{AD}BAA
NCc1ccno1,-1327.79,51.64230717579122,DAaraadbr
C=CC1CN1C,-1465.22,59.33233358700033,A~AArADrA
CNCC(=O)C=O,-1394.67,55.384641210439156,ADAA{~B}A~B
C=C(C)CC1CO1,-1699.08,72.41819239894355,A~A{A}AArABr
CCN(C)C=O,-1449.59,58.457742065446084,AAD{A}A~B
CC1CC(C)O1,-1553.32,64.26205291194772,AArAA{A}Br
C=CCC1CC1,-1604.07,67.10181744930391,A~AAArAAr
[CH2][N]NCC1CO1,-1421.17,56.86747392452662,{AHs}{D}DAArABr
C=C(C=O)C(C)C,-1722.12,73.70741752092752,A~A{A~B}A{A}A
C=CCC(N)C=C,-1773.89,76.60425712878823,A~AAA{D}A~A
C=C1COCC1O,-1517.14,62.23756658758227,A~ArABAArB
CCN1CC1(C)C,-1909.85,84.21202829132905,AADrAAr{A}A
CC#CC(C)CO,-1698.47,72.38405926854381,AA^AA{A}AB
C=CCC(=O)C#N,-1320.39,51.228233134876234,A~AAA{~B}A^D
[CH2][N]OC(C)C=C,-1549.57,64.05221809391648,{AHs}{D}BA{A}A~A
CC1(C)CCN1,-1621.18,68.05922377904115,AAr{A}AADr
COC=CC(C)N,-1716.0,73.36496709790053,ABA~AA{A}D
CC=CC(=O)CC,-1729.14,74.10022830028204,AA~AA{~B}AA
C=C(C#CC)CO,-1556.66,64.44894578987423,A~A{A^AA}AB
C=COC(=C)C,-1409.33,56.20495545906263,A~ABA{~A}A
NC1CC1N1CC1,-1631.9,68.65907157885313,DArAArDrAAr
C=C1OCCC1O,-1524.77,62.664510497336494,A~ArBAAArB
O=CC1CC(=O)C1,-1391.39,55.20110568960116,B~AArAA{~B}Ar
O=C1CC2OC2C1,-1396.19,55.469694256681144,B~ArAAsBAsAr
C=C(C)C(C)C,-1753.72,75.4756255875375,A~A{A}A{A}A
C1NCC2CC12,-1484.5,60.411164331438286,ArDAAsAArs
NC1(C2CO2)CC1,-1565.16,64.92457137741171,DAr{AsABs}AAr
CC(C)OC=O,-1383.16,54.74058820896192,AA{A}BA~B
CC#C[CH][N]NC,-1480.89,60.209163346613565,AA^A{AH}{D}DA
C=COC[CH][N]O,-1432.42,57.496978378620355,A~ABA{AH}{D}B
CC=C(C)C(C)O,-1852.56,81.00631183132637,AA~A{A}A{A}B
CNCC=CCO,-1714.03,73.2547338734948,ADAA~AAB
C#CC(C)OC=C,-1542.87,63.67731321903396,A^AA{A}BA~A
[CH2][N]OCC#CC,-1396.43,55.483123685035146,{AHs}{D}BAA^AA
CC1OC(C)C1C,-1849.38,80.82837190563589,AArBA{A}ArA
C=COC(=O)CC,-1538.25,63.41879672321948,A~ABA{~B}AA
CC(CO)CC=O,-1661.81,70.33271408747034,AA{AB}AA~B
CC(C)C(N)CO,-1866.72,81.79864810421238,AA{A}A{D}AB
OC1CC1C1CO1,-1492.77,60.873920050136526,BArAArArABr
C#CC(O)CO,-1192.89,44.09384932181388,A^AA{B}AB
CCC=CCN,-1624.5,68.24499753793813,AAA~AAD
O=C1COC=CN1,-1370.19,54.01483951833117,B~ArABA~ADr
CN1CC1CN,-1482.66,60.3082053807243,ADrAArAD
COC=CC#N,-1159.43,42.22156318546041,ABA~AA^D
C#CC(=C)OCC,-1546.83,63.898898786874966,A^AA{~A}BAA
CC1OC1CC#N,-1451.49,58.56405837324859,AArBArAA^D
CCN1CCC1,-1610.87,67.4823179193339,AADrAAAr
CC1=C(C)COC1,-1723.77,73.79974484086128,AAr~A{A}ABAr
C1=CC2COC2C1,-1577.68,65.6251398898787,Ar~AAsABAsAr
CCNNC(C)=O,-1607.19,67.27640001790591,AADDA{A}~B
O=CCCCO,-1366.75,53.82235104525718,B~AAAAB
NC(=O)C1CC1N,-1486.42,60.51859975827029,DA{~B}ArAArD
N#CC1=CC=CC1,-1400.79,55.72709163346614,D^AAr~AA~AAr
CCCC1CN1C,-1907.28,84.06822149603832,AAAArADrA
CC1CCC1CO,-1846.59,80.67225480102064,AArAAArAB
C#CC(CC)=NN,-1481.01,60.21587806079056,A^AA{AA}~DD
COCC1OC1C,-1634.6,68.81015264783562,ABAArBArA
N#CC=CCC=O,-1472.09,59.71675097363356,D^AA~AAA~B
O=CNC1CNC1,-1399.12,55.63364519450288,B~ADArADAr
COCCC(N)=O,-1552.78,64.23183669815123,ABAAA{D}~B
CN1C2CNCC21,-1638.73,69.04125072742737,ADrAsADAAsr
O=CC1NCC1=O,-1458.07,58.93224853395407,B~AArDAAr~B
CC1=CC(O)CC1,-1730.77,74.19143650118627,AAr~AA{B}AAr
C1CC1CC1CO1,-1694.03,72.13561484399482,ArAArAArABr
CC(=O)C(C)=CN,-1611.43,67.51365325215991,AA{~B}A{A}~AD
O=CNOC1CC1,-1411.06,56.301759255114376,B~ADBArAAr
CCNN=C(C)C,-1784.41,77.19291373830522,AADD~A{A}A
CC1OC(=O)C1N,-1409.98,56.24132682752138,AArBA{~B}ArD
CNCCCO,-1564.59,64.89267648507095,ADAAAB
CC1(C)C(N)C1O,-1717.69,73.45953265589328,AAr{A}A{D}ArB
CCC1CC1C=O,-1717.71,73.46065177492278,AAArAArA~B
[CH2]C(=C[N]N)OC,-1434.12,57.592103496127834,{AHs}A{~A{D}D}BA
C#CCC(=N)N,-1214.56,45.306414790277096,A^AAA{~D}D
C#CC1=COCC1,-1425.39,57.10360803975112,A^AAr~ABAAr
CN1CC2OC2C1,-1571.53,65.28101078830746,ADrAAsBAsAr
C=C(COC)OC,-1635.14,68.84036886163214,A~A{ABA}BA
COCC(C)(C)O,-1790.19,77.5163391378307,ABAA{A}{A}B
CC1C(O)C1C#N,-1452.8,58.63736066968083,AArA{B}ArA^D
CCCCCC=O,-1861.76,81.52110658489637,AAAAAA~B
CNc1ccon1,-1327.6,51.631675545010964,ADaraabdr
CCNC(C)C#N,-1667.49,70.65054389184834,AADA{A}A^D
C=CCCC(C)=O,-1724.24,73.82604413805453,A~AAAA{A}~B
OCCNCCO,-1526.4,62.75571869824075,BAADAAB
CCC1(C)OC1C,-1847.46,80.72093647880389,AAAr{A}BArA
C=CCN[CH][N]O,-1434.79,57.62959398361609,A~AAD{AH}{D}B
CC1=CC2NC2C1,-1646.91,69.49897041049287,AAr~AAsDAsAr
COC1CC1O,-1337.43,52.18172254801021,ABArAArB
CC1C=CC2OC12,-1570.44,65.2200188011997,AArA~AAsBArs
CCC(CO)OC,-1785.66,77.26285867764898,AAA{AB}BA
C=C(C)N(O)C=N,-1433.7,57.56860199650836,A~A{A}D{B}A~D
CC1(N)CC1N,-1490.56,60.75025739737678,AAr{D}AArD
CC1C=CCC=C1,-1787.35,77.35742423564169,AArA~AAA~Ar
C#CC(=O)NC,-1150.82,41.739782443260665,A^AA{~B}DA
C1CC2NC2C1,-1488.47,60.63330945879405,ArAAsDAsAr
C=CC(C=C)=NO,-1262.99,48.01636152021129,A~AA{A~A}~DB
CC(N)=CC(=O)O,-1427.51,57.22223465687811,AA{D}~AA{~B}B
Cc1cc(=O)[nH]s1,-1250.5,47.317471686288556,Aaraa{~B}{dH}sr
C#CC(O)C1CO1,-1335.75,52.08771654953221,A^AA{B}ArABr
CC=CCNC=O,-1608.25,67.3357133264694,AA~AADA~B
NCCCC(=O)O,-1481.16,60.224271453511804,DAAAA{~B}B
CC#CC#CCN,-1507.18,61.68024531089128,AA^AA^AAD
CC1C=COCO1,-1523.23,62.578338332064995,AArA~ABABr
CCCC(=O)OC,-1680.84,71.39755584403957,AAAA{~B}BA
O=C1NC2CC1C2,-1284.51,49.22053359595327,B~ArDAsAArAs
CCCONC=N,-1569.97,65.19371950400645,AAABDA~D
CC1C=CC2CC12,-1783.58,77.14647029858095,AArA~AAsAArs
C#CC(C=O)CO,-1356.74,53.26223197099244,A^AA{A~B}AB
NC(=O)OC1CC1,-1264.82,48.11876091141054,DA{~B}BArAAr
C=CC=CC1CO1,-1555.5,64.3840368861632,A~AA~AArABr
CCC=C(C)C,-1755.73,75.58809705000225,AAA~A{A}A
CC1(C)CCCO1,-1865.22,81.71471417699988,AAr{A}AAABr
C=CC(C)(N)CN,-1790.09,77.5107435426832,A~AA{A}{D}AD
Cn1ccc(O)c1,-1476.61,59.96967187430055,Adraaa{B}ar
CC1NCC1(C)C,-1781.33,77.0205694077622,AArDAAr{A}A
C=COC(=C)C#N,-1306.95,50.47618514705224,A~ABA{~A}A^D
COC1CCCO1,-1656.58,70.0400644612561,ABArAAABr
O=CC1CCCC1,-1734.73,74.41302206902726,B~AArAAAAr
N[N][CH]CC1CC1,-1633.22,68.73293343480013,D{D}{AH}AArAAr
COC1C(C)C1N,-1705.89,72.79925242848832,ABArA{A}ArD
O=C1C=CCOC1,-1396.76,55.501589149021896,B~ArA~AABAr
Nc1ccco1,-1180.38,43.393840368861646,Daraaabr
CC1(O)CC1O,-1353.17,53.0624692242267,AAr{B}AArB
CC1C(C)N1[CH][NH],-1101.34,38.971081964277715,AArA{A}Dr{AH}{DH}
C#Cc1cn[nH]c1,-1465.07,59.32394019427907,A^Aarad{dH}ar
CN=C(N)C(C)=O,-1486.63,60.53035050808004,AD~A{D}A{A}~B
C#CC(O)C=CC,-1547.75,63.950378262231965,A^AA{B}A~AA
C#CCC(C)OC,-1684.45,71.59955682886434,A^AAA{A}BA
CCCC(=N)NO,-1580.76,65.7974842204217,AAAA{~D}DB
CC#CCNCC,-1762.25,75.95292985361924,AA^AADAA
CNC(C#N)C#N,-1260.42,47.872554724920555,ADA{A^D}A^D
Cc1cc(O)cs1,-1249.91,47.284457674918315,Aaraa{B}asr
CC1NC1C(=O)O,-1414.88,56.51551098974888,AArDArA{~B}B
C=CC(CN)=NO,-1329.87,51.75869555485921,A~AA{AD}~DB
[CH2][N]NCCCC,-1774.05,76.61321008102422,{AHs}{D}DAAAA
C=C(C)CNC=N,-1660.55,70.26220958861185,A~A{A}ADA~D
CC(C)CN,-1471.15,59.664152379247064,AA{A}AD
N#CC1(O)CNC1,-1320.68,51.24446036080398,D^AAr{B}ADAr
C=C1CO[C]([NH])N1,-1351.03,52.94272348807019,A~ArAB{A}{{DH}}Dr
CC1(C)C=CCO1,-1722.74,73.74211021084203,AAr{A}A~AABr
CCC#CC1CC1,-1750.87,75.31615112583373,AAA^AArAAr
N#CC(N)=CC=O,-1283.59,49.169054120596265,D^AA{D}~AA~B
CCC1CC=NO1,-1575.73,65.51602578450243,AAArAA~DBr
C=CCNC(C)C,-1914.15,84.45263888267156,A~AADA{A}A
CN[N][CH]C(C)C,-1777.79,76.82248533954072,AD{D}{AH}A{A}A
CC=CCC=O,-1423.2,56.981064506020864,AA~AAA~B
O=CC(=O)N1CC1,-2190.69,99.92669770356775,B~AA{~B}DrAAr
[CH2][N]NCCC=O,-1444.04,58.14718653475983,{AHs}{D}DAAA~B
CCC1OC1(C)C,-1848.14,80.7589865258069,AAArBAr{A}A
NCC1CCN1,-1488.22,60.6193204709253,DAArAADr
C=C(C)C#CCN,-1362.88,53.60580151304894,A~A{A}A^AAD
C#CCN[CH][N]C,-1498.16,61.17552262858679,A^AAD{AH}{D}A
N=C1CC=CCN1,-1543.11,63.69074264738798,D~ArAA~AADr
OC12CCC(C1)C2,-1717.38,73.44218631093604,BArsAAA{Ar}As
C#CC(=O)C1CC1,-1414.02,56.467388871480374,A^AA{~B}ArAAr
NC1C=CC(O)C1,-1596.76,66.69277944402168,DArA~AA{B}Ar
[CH2][N][N][C](C)OC,-1449.71,58.464456779623085,{AHs}{D}{D}{A}{A}BA
[CH2][N]OCCNC,-1556.97,64.46629213483148,{AHs}{D}BAADA
CCC(C)NC=N,-1804.98,78.34392766014594,AAA{A}DA~D
CN=C(C)N(C)O,-1568.06,65.0868436366892,AD~A{A}D{A}B
Cc1cc(C)sn1,-1327.94,51.65070056851247,Aaraa{A}sdr
C#CC1=CCOC1,-1421.13,56.86523568646763,A^AAr~AABAr
CC1(C)CCC1N,-1220.58,45.64326961815659,AAr{A}AAArD
C#CCNCC=C,-1609.93,67.42971932494741,A^AADAA~A
C#CC1(N)COC1,-1410.16,56.25139889878689,A^AAr{D}ABAr
C#CC(N)[CH][N]O,-1707.16,72.87031648686155,A^AA{D}{AH}{D}B
CC(C)CCO,-1696.16,72.25480102063656,AA{A}AAB
[NH][CH]N1CCC1=O,-1329.81,51.75533819777072,{DH}{AH}DrAAAr~B
C1CC2COC2C1,-1681.51,71.43504633152783,ArAAsABAsAr
CC(=O)C=CC#N,-1334.61,52.02392676485071,AA{~B}A~AA^D
CC=COC=CC,-1705.93,72.80149066654731,AA~ABA~AA
C#CCC(O)CN,-1552.34,64.20721607950222,A^AAA{B}AD
CCCC(C)N,-1768.13,76.28195084829223,AAAA{A}D
CC1=NN=CCO1,-1320.98,51.261247146246475,AAr~DD~AABr
Cc1cc(=N)s[nH]1,-1254.55,47.5440932897623,Aaraa{~D}s{dH}r
CC(O)(CN)CN,-1739.78,74.69559962397601,AA{B}{AD}AD
CC1NC1CN,-1490.75,60.76088902815703,AArDArAD
CCC1CC1(C)O,-1846.64,80.6750525985944,AAArAAr{A}B
C=CC(C)N,-1325.98,51.54102690362147,A~AA{A}D
Cc1csc(=O)[nH]1,-1327.62,51.63279466404046,Aarasa{~B}{dH}r
CC1(N)C(O)C1O,-1517.83,62.2761761941,AAr{D}A{B}ArB
Cc1ccno1,-1163.99,42.476722324186404,Aaraadbr
O=CCCC1CN1,-1442.18,58.04310846501635,B~AAAArADr
Nc1ccc(O)[nH]1,-1350.18,52.89516092931645,Daraaa{B}{dH}r
CC#CC=CCC,-1758.48,75.74197591655849,AA^AA~AAA
C=C(C)C(O)C=O,-1522.31,62.526858856707996,A~A{A}A{B}A~B
C=CCC(C)CO,-1847.05,80.69799453869913,A~AAA{A}AB
CCNC(=N)CO,-1610.32,67.45154214602266,AADA{~D}AB
CCC(C)CC=O,-1861.2,81.4897712520704,AAA{A}AA~B
COCC(C)OC,-1775.04,76.66860647298446,ABAA{A}BA
CC(=O)NCCO,-1559.48,64.6067415730337,AA{~B}DAAB
CNN1CCC1=O,-1456.7,58.85558888043334,ADDrAAAr~B
CN1CC1(C)CN,-1778.08,76.83871256546846,ADrAAr{A}AD
CC1(O)CC1,-1254.7,47.552486682483554,AAr{B}AAr
C=CC1CC=CC1,-1777.48,76.80513899458347,A~AArAA~AAr
OC1CC=CC1,-1430.36,57.38170911858185,BArAA~AAr
O=CC1CC1C=O,-1389.47,55.09367026276915,B~AArAArA~B
CC=CCC(=O)O,-1544.94,63.79314203858723,AA~AAA{~B}B
CNC1CCOC1,-1724.69,73.85122431621828,ADArAABAr
CC[CH][C][C](C)C,-1249.8,47.278302520256055,AA{AH}{A}{A}{A}A
CON=C(C)C,-1405.97,56.01694346210663,ABD~A{A}A
C1CC2CC1C2,-1615.66,67.75034692689916,ArAAsAArAs
OCC#CC1CC1,-1547.4,63.930793679215725,BAA^AArAAr
CCC1OC1CO,-1643.55,69.31095841353687,AAArBArAB
C=CC1COC1=O,-1393.33,55.309660235462644,A~AArABAr~B
C=CCC#CCC,-1751.29,75.33965262545325,A~AAA^AAA
CC1CC2OC2C1,-1715.72,73.34929943148754,AArAAsBAsAr
C=CCC(C)(C)C,-2047.43,91.91044809525944,A~AAA{A}{A}A
NCC#CCO,-1266.14,48.19262276735755,DAA^AAB
C=CC#CCC=C,-1608.46,67.34746407627915,A~AA^AAA~A
C#CCC(C)=NO,-1407.66,56.11150902009939,A^AAA{A}~DB
NCC1CC1,-1323.38,51.39554142978648,DAArAAr
OC1CCCCC1,-1873.28,82.16571914588836,BArAAAAAr
CC=CC1CO1,-1399.79,55.67113568199114,AA~AArABr
O=CC=CC=O,-1095.1,38.62191682707372,B~AA~AA~B
CCC1CCC1,-1748.56,75.18689287792648,AAArAAAr
CC#CCC#CC,-1600.33,66.89254219078741,AA^AAA^AA
CC(CO)CCN,-1862.52,81.56363310801737,AA{AB}AAD
C=CC1(C)CNC1,-1616.95,67.8225301043019,A~AAr{A}ADAr
CC#CC(C)(C)C,-1898.54,83.57916648014684,AA^AA{A}{A}A
C=CC(C)C=O,-1419.66,56.782980437799374,A~AA{A}A~B
[CH2]C(C=C)=C[N]N,-1497.92,61.16209320023278,{AHs}A{A~A}~A{D}D
CC1C(C)C1O,-1545.83,63.84294283539997,AArA{A}ArB
CC1(C)NC1CN,-1653.61,69.87387528537536,AAr{A}DArAD
C#CCCNCC,-1757.68,75.69721115537851,A^AAADAA
C=C(C)OCCO,-1651.32,69.74573615649761,A~A{A}BAAB
C#CC[CH][N]OC,-1394.1,55.35274631809839,A^AA{AH}{D}BA
CC(C)CCC#N,-1790.97,77.5599847799812,AA{A}AAA^D
C=CC(C)=C(C)C,-1909.4,84.18684811316533,A~AA{A}~A{A}A
CC1NC1(C)CO,-1717.32,73.43882895384753,AArDAr{A}AB
COC1=NN=CC1,-1318.81,51.13982273154573,ABAr~DD~AAr
CCCC(O)CN,-1868.72,81.91056000716236,AAAA{B}AD
C=CC1CC(C)C1,-1768.81,76.32000089529521,A~AArAA{A}Ar
CC1CN(O)C=N1,-1444.08,58.14942477281883,AArAD{B}A~Dr
C=C(OC)C(C)=O,-1521.26,62.46810510765926,A~A{BA}A{A}~B
C=C1OCC2CC12,-1576.48,65.55799274810869,A~ArBAAsAArs
CCC(C=O)CC,-1861.04,81.48081829983438,AAA{A~B}AA
CCC=CCCC,-2049.8,92.04306370025516,AAA~AAAA
CC=CN(N)C=O,-1465.05,59.322821075249564,AA~AD{D}A~B
C=C1C=CCC1=O,-1463.66,59.245042302699325,A~ArA~AAAr~B
C=CC(CO)OC,-1640.02,69.11343390483012,A~AA{AB}BA
CC1CCC1C=O,-1714.71,73.29278392049778,AArAAArA~B
CC1=NNCC=C1,-1355.23,53.17773848426519,AAr~DDAA~Ar
C#CC[CH][N]O,-1107.23,39.300662518465465,A^AA{AH}{D}B
C[N][CH]NC(C)C,-1801.8,78.16598773445544,A{D}{AH}DA{A}A
C=CCOCCO,-1638.62,69.0350955727651,A~AABAAB
CCC1(CC)CN1,-1682.44,71.48708536639957,AAAr{AA}ADr
COC(C)=CCN,-1717.96,73.47464076279154,ABA{A}~AAD
NC1CC1[CH][N]O,-1430.45,57.386745154214616,DArAAr{AH}{D}B
C=C(C)C(O)CC,-1851.04,80.92125878508439,A~A{A}A{B}AA
[CH2][N]N1CC1C#N,-1227.88,46.05174806392409,{AHs}{D}DrAArA^D
CN(C)C1COC1,-1697.8,72.34656878105555,AD{A}ArABAr
CCNCC(C)O,-1860.48,81.44948296700838,AADAA{A}B
NCC1CCCC1,-1935.49,85.64673888714805,DAArAAAAr
O=CCC1CCO1,-1513.72,62.04619723353777,B~AAArAABr
C=CC(C)COC,-1837.9,80.1859975827029,A~AA{A}ABA
C=CC1CNC1C,-1787.88,77.38708088992345,A~AArADArA
[NH]C1=C[CH]CN1,-1246.41,47.08861184475582,{DH}Ar~A{AH}ADr
CC#CC1CC1O,-1548.8,64.00913201128073,AA^AArAArB
O=C1C=CCCC1,-1607.72,67.30605667218767,B~ArA~AAAAr
C[N][CH]N1CCC1,-1646.61,69.48218362505037,A{D}{AH}DrAAAr
NC1COCOC1,-1529.77,62.94429025471149,DArABABAr
N=C1NCCC1O,-1288.1,49.42141546174851,D~ArDAAArB
NCCC=CCO,-1720.5,73.61676887953803,DAAA~AAB
C#CC(=NO)OC,-1197.11,44.32998343703836,A^AA{~DB}BA
O=CC=CCCO,-1523.62,62.600161153140235,B~AA~AAAB
C=C1COCC1=C,-1575.68,65.5132279869287,A~ArABAAr~A
C=CC(=O)C#N,-1026.67,34.79285106763956,A~AA{~B}A^D
NN(C=O)C1CC1,-1437.43,57.777317695510106,DD{A~B}ArAAr
C#CC1NC1C=O,-1409.99,56.24188638703613,A^AArDArA~B
C#CCNCC=O,-1556.03,64.41369354044497,A^AADAA~B
CC(C)(O)C(N)=O,-1564.68,64.89771252070372,AA{A}{B}A{D}~B
C=C(C)C(=N)NO,-1438.99,57.8646089798111,A~A{A}A{~D}DB
CN(C)[N][CH]C#N,-1369.0,53.94825193607593,AD{A}{D}{AH}A^D
C1C2CC3C1C3C2,-1795.0,77.78548726442546,ArAsAAtArAtAs
C=COC(C)C=C,-1700.73,72.51051971887729,A~ABA{A}A~A
CC1C=NNC1C,-1531.96,63.06683378844174,AArA~DDArA
C=C(CN)COC,-1709.78,73.01692107972605,A~A{AD}ABA
C=C1CCCOC1,-1720.57,73.62068579614129,A~ArAAABAr
CCC(C)C(C)=O,-1868.5,81.89824969783787,AAA{A}A{A}~B
C=CC=CC(C)O,-1711.81,73.13051166122028,A~AA~AA{A}B
C#Cc1cnsn1,-1146.11,41.47622991181341,A^Aaradsdr
CCC(OC)OC,-1781.76,77.04463046689646,AAA{BA}BA
C#CC(C)C1CN1,-1912.27,84.34744169389857,A^AA{A}ArADr
C=C(C)C1OC1C,-1701.45,72.55080800393931,A~A{A}ArBArA
CCC1(N)CNC1,-1221.89,45.71657191458885,AAAr{D}ADAr
C#CC1CC1N,-1323.05,51.377075965799726,A^AArAArD
O=C1CN=CNC1,-1486.5,60.523076234388284,B~ArAD~ADAr
C=C(C)CC#CC,-1755.16,75.55620215766152,A~A{A}AA^AA
NC1C=CCNC1,-1663.65,70.43567303818435,DArA~AADAr
CC1CNC(C)C1,-1800.01,78.06582658131519,AArADA{A}Ar
C1CC2(CN1)CO2,-1582.33,65.88533506423742,ArAAs{ADr}ABs
CC1NCC2CC21,-1793.64,77.70938717041946,AArDAAsAAsr
CCC1CN1,-1321.12,51.26908097945297,AAArADr
C=CC1(C)COC1,-1695.1,72.19548771207305,A~AAr{A}ABAr
C=C(CC)OC=O,-1531.53,63.0427727293075,A~A{AA}BA~B
NC1CC(N)C1,-1488.97,60.66128743453155,DArAA{D}Ar
N#CC#CC=O,-857.15,25.307198173597744,D^AA^AA~B
C=CC(=C)C(=N)N,-1523.27,62.580576570123995,A~AA{~A}A{~D}D
NC1=CC=NOC1,-1312.75,50.800729665607236,DAr~AA~DBAr
C=CC(=C)C(C)C,-1906.7,84.03576704418285,A~AA{~A}A{A}A
[CH2][N]NC1CC1,-1326.7,51.58131518868347,{AHs}{D}DArAAr
CCCOC,-1391.77,55.22236895116165,AAABA
CCC=CCCO,-1851.53,80.94867720130713,AAA~AAAB
CC1(CCN)CC1,-1234.36,46.414342629482064,AAr{AAD}AAr
C#CC(C)=NNC,-1478.38,60.068713908411304,A^AA{A}~DDA
C=CCC(C)(C)N,-1919.97,84.77830252025606,A~AAA{A}{A}D
CC(=O)N(C)C,-1451.06,58.53999731411432,AA{~B}D{A}A
C=C1CN=CN1,-1242.71,46.88157482429831,A~ArAD~ADr
CC[CH][N]NC=O,-1471.89,59.70555978333858,AA{AH}{D}DA~B
CCCC(=O)C#N,-1468.02,59.4890102511303,AAAA{~B}A^D
O=C1CN2CC1C2,-1566.74,65.01298178074221,B~ArADsAArAs
CC1COCCO1,-1656.57,70.03950490174135,AArABAABr
C#CS(=O)(=O)CO,-1293.13,49.702873897667764,A^AE{~B}{~B}AB
CC1CC(C)(N)C1,-1383.1,54.7372308518734,AArAA{A}{D}Ar
CC1C[C]([NH])NO1,-1448.29,58.38499932852858,AArA{A}{{DH}}DBr
C=C1OC=CC1N,-1453.64,58.68436366891984,A~ArBA~AArD
C=CC=CC(N)=O,-1472.88,59.76095617529881,A~AA~AA{D}~B
CC1(C=O)CCC1,-1710.63,73.0644836384798,AAr{A~B}AAAr
C#CC(C)(C)O,-1398.32,55.58888043332289,A^AA{A}{A}B
CNC,-871.19,26.092819732306733,ADA
C=CC1C=CC=C1,-1639.01,69.05691839384038,A~AArA~AA~Ar
OC1CCC(O)C1,-1668.94,70.7316800214871,BArAAA{B}Ar
C=C(C)N(N)C=O,-1463.46,59.23385111240432,A~A{A}D{D}A~B
CCC(CC)=NN,-1782.84,77.10506289448946,AAA{AA}~DD
C=C(CC)C(C)O,-1850.64,80.8988764044944,A~A{AA}A{A}B
CN(C=O)C1CC1,-1598.01,66.76272438336542,AD{A~B}ArAAr
CC(C)NCCN,-1929.2,85.29477595237032,AA{A}DAAD
COCCCCO,-1783.81,77.1593401674202,ABAAAAB
CC(C)=CC(=O)O,-1545.17,63.80601190742648,AA{A}~AA{~B}B
CC1CC(CO)C1,-1846.75,80.68120775325664,AArAA{AB}Ar
COC1CC=CO1,-1516.52,62.20287389766775,ABArAA~ABr
CCCOCCO,-1787.78,77.38148529477596,AAABAAB
Cc1cc[nH]c1O,-1482.36,60.2914185952818,Aaraa{dH}arB
CNC1CNC1=O,-1471.92,59.70723846188281,ADArADAr~B
C=CCO,-958.05,30.953153677425128,A~AAB
CCC(C)(N)CO,-1867.1,81.81991136577285,AAA{A}{D}AB
CCC1CCC1C,-2045.98,91.82931196562068,AAArAAArA
CC1(C)CN1,-1324.02,51.43135323873047,AAr{A}ADr
C#CC#CC(C)O,-1388.3,55.0282017995434,A^AA^AA{A}B
CC1(O)CCNC1,-1735.96,74.48184788934151,AAr{B}AADAr
Cc1cn[nH]c1,-1253.88,47.50660280227406,Aarad{dH}ar
C#CC#CC=NN,-1179.93,43.36866019069789,A^AA^AA~DD
CCN1CC1CN,-1779.55,76.92096781413672,AADrAArAD
C=CCC(O)C=O,-1519.52,62.37074175209275,A~AAA{B}A~B
C=C1CC=CO1,-1288.11,49.42197502126326,A~ArAA~ABr
CCNCC,-1466.4,59.39836160974082,AADAA
CCC(C)C1CN1,-1354.98,53.16374949639644,AAA{A}ArADr
C1=CCC=C1,-1194.16,44.16491338018713,Ar~AAA~Ar
C=CCOCOC,-1635.59,68.86554903979588,A~AABABA
C1OCC2CC2O1,-1506.06,61.617574645239266,ArBAAsAAsBr
N=C1C=CC(=O)N1,-1234.76,46.436725010072074,D~ArA~AA{~B}Dr
CC[N][CH]N(C)O,-1569.14,65.14727606428222,AA{D}{AH}D{A}B
NC1CC(N)C1O,-1590.07,66.31843412865393,DArAA{D}ArB
C#CC1(N)CCC1,-1611.47,67.5158914902189,A^AAr{D}AAAr
CC1OC1C(N)=O,-1407.06,56.07793544921438,AArBArA{D}~B
C#CC(O)C(N)=O,-1489.79,60.70717131474103,A^AA{B}A{D}~B
O=C1CNC2CC12,-1534.68,63.219033976453744,B~ArADAsAArs
N=C(N)C#CC=O,-2192.0,100.0,D~A{D}A^AA~B
O=C1CC=CN1,-1193.68,44.13805452347912,B~ArAA~ADr
C=COC(=C)CO,-1502.54,61.420609696047265,A~ABA{~A}AB
CCOC(C)OC,-1785.2,77.23711893997047,AABA{A}BA
C#CCNC=O,-1151.39,41.771677335601424,A^AADA~B
O=CC=CC1CN1,-1571.0,65.25135413402569,B~AA~AArADr
N#CC=C(N)CO,-1274.29,48.64866377187878,D^AA~A{D}AB
Cc1c[nH]c(C)c1,-1779.98,76.94502887327097,Aara{dH}a{A}ar
CC=C(CC)OC,-1844.17,80.53684139845114,AA~A{AA}BA
CC1=CCNC1C,-1787.4,77.36022203321546,AAr~AADArA
CN(C)CCCO,-1851.04,80.92125878508439,AD{A}AAAB
CCC1OC=CO1,-1517.58,62.26218720623125,AAArBA~ABr
OCC1CCO1,-1347.5,52.74519897936345,BAArAABr
CC#CCN,-1174.66,43.07377232642465,AA^AAD
C1CC1CC1CC1,-1897.37,83.51369801692107,ArAArAArAAr
Cc1occc1N,-1475.01,59.88014235194056,AarbaaarD
NC(=O)NC1CC1,-1494.41,60.96568781055554,DA{~B}DArAAr
C[CH][N][N][CH]C#N,-1252.2,47.412596803796056,A{AH}{D}{D}{AH}A^D
C1=NCC2CCN12,-1520.53,62.42725726308252,Ar~DAAsAADrs
COc1cc[nH]n1,-1343.03,52.49507587627021,ABaraa{dH}dr
O=C1CC2CN2N1,-1920.23,84.79285106763956,B~ArAAsADsDr
C1OC2CC(C2)O1,-1499.33,61.24099109181252,ArBAsAA{As}Br
Nc1ccsc1N,-1246.53,47.09532655893281,DaraasarD
CC1CC2CC2N1,-1785.3,77.24271453511795,AArAAsAAsDr
C#CC1NCC1O,-1319.54,51.18067057612248,A^AArDAArB
CCCN(C)C=N,-1797.33,77.91586463136218,AAAD{A}A~D
C=COCCCC,-1846.22,80.65155109897489,A~ABAAAA
CCC=CC(N)=O,-1619.98,67.99207663727114,AAA~AA{D}~B
CC#CC#CC=O,-1260.65,47.8854245937598,AA^AA^AA~B
CC1COC1CO,-1646.83,69.49449393437486,AArABArAB
CC1OCC1CO,-1645.94,69.44469313756211,AArBAArAB
[CH2][N]OCC(C)N,-1565.05,64.91841622274946,{AHs}{D}BAA{A}D
[CH2][N]OC1CC1,-1248.65,47.21395317605982,{AHs}{D}BArAAr
C=COC(C)CN,-1717.64,73.45673485831955,A~ABA{A}AD
CC1CC(C#N)C1,-1656.48,70.0344688661086,AArAA{A^D}Ar
CCC(=O)C(C)O,-1672.59,70.93591924437084,AAA{~B}A{A}B
O=C1C=CNCC1,-1368.94,53.94489457898742,B~ArA~ADAAr
C#CCCC1CN1,-1769.89,76.38043332288824,A^AAAArADr
C=CC(OC)OC,-1634.75,68.81854604055687,A~AA{BA}BA
C=CCNC(C)=N,-1664.72,70.4955459062626,A~AADA{A}~D
C=CC1=NN=CC1,-1525.09,62.6824164018085,A~AAr~DD~AAr
C#CC(C)(O)CO,-1494.09,60.947781906083534,A^AA{A}{B}AB
CC(C)=CC1CC1,-1904.48,83.91154483190833,AA{A}~AArAAr
C#CC(N)C#C,-1158.3,42.15833296029366,A^AA{D}A^A
CC1(C)CC1CO,-1847.74,80.73660414521689,AAr{A}AArAB
CN1CC(N)C1=O,-1477.71,60.031223420923055,ADrAA{D}Ar~B
C=C(C)CC(N)=O,-1618.54,67.91150006714713,A~A{A}AA{D}~B
COC(C)=CC#N,-1457.72,58.912663950937834,ABA{A}~AA^D
CCC1CCC1O,-1848.73,80.79200053717715,AAArAAArB
C=C(C)CC(=O)O,-1545.31,63.81384574063297,A~A{A}AA{~B}B
C=CC1CC1C=O,-1571.73,65.29220197860244,A~AArAArA~B
C#CC(C)(O)C=C,-1545.88,63.84574063297373,A^AA{A}{B}A~A
C#CC(CC)CC,-1891.5,83.18523658176284,A^AA{AA}AA
C=C(C=O)CCC,-1722.74,73.74211021084203,A~A{A~B}AAA
CC1(O)CC(=O)C1,-1527.51,62.81782980437801,AAr{B}AA{~B}Ar
Cc1ccc(N)s1,-1449.89,58.4745288508886,Aaraaa{D}sr
C1CN1,-725.93,17.96465822104839,ArADr
CC=CC(=O)OC,-1540.83,63.56316307802498,AA~AA{~B}BA
CC(=O)CC#N,-1178.33,43.279130668337885,AA{~B}AA^D
C1=COC=NOC1,-1221.64,45.7025829267201,Ar~ABA~DBAr
OCCC1CN1,-1417.04,56.63637584493487,BAAArADr
CC(C)CC(C)O,-1995.12,88.9833922736022,AA{A}AA{A}B
C=C[CH]C=C[N]N,-1505.19,61.56889296745602,A~A{AH}A~A{D}D
C=C1CNC(C)C1,-1426.9,57.18810152647837,A~ArADA{A}Ar
[CH2]C(=C[N]O)CC,-1566.5,64.99955235238819,{AHs}A{~A{D}B}AA
O=C1CNCC1O,-1591.66,66.40740409149919,B~ArADAArB
C#CC(=O)C(C)C,-1563.68,64.84175656922872,A^AA{~B}A{A}A
C1CC1C1CC1,-1600.75,66.91604369040691,ArAArArAAr
C#CC1C(C)C1C,-1360.81,53.48997269349568,A^AArA{A}ArA
C,-417.96,0.7319038452929845,A
Nc1[nH]ccc1O,-1352.8,53.041765522180945,Dar{dH}aaarB
CC1CN1C,-1315.9,50.97699091275349,AArADrA
NC1CC1CCO,-1718.54,73.50709521464704,DArAArAAB
C#CC#CC=O,-955.38,30.803751286986884,A^AA^AA~B
CC(C)(O)[CH][N]O,-1508.07,61.73004610770402,AA{A}{B}{AH}{D}B
Oc1ccsc1,-1077.68,37.64716415237925,Baraasar
C=COCC=CC,-1703.05,72.6403375262993,A~ABAA~AA
C=CCN[N][CH]C,-1634.06,68.77993643403912,A~AAD{D}{AH}A
CC(C)C1CN1,-1617.95,67.8784860557769,AA{A}ArADr
N#CC1CN=CN1,-1281.77,49.06721428891177,D^AArAD~ADr
C1=CC2CC2CC1,-1917.42,84.63561484399482,Ar~AAsAAsAAr
c1ccoc1,-1006.35,33.65582613366758,araabar
C=CC(=N)NC=O,-1350.15,52.8934822507722,A~AA{~D}DA~B
CNCC(C)C#N,-1665.68,70.5492636196786,ADAA{A}A^D
C1COC2CC2C1,-1710.51,73.0577689243028,ArABAsAAsAr
C=CCC(O)C#N,-1456.81,58.86174403509557,A~AAA{B}A^D
C1C2OC2C2OC12,-1359.16,53.39764537356194,ArAsBAsAsBArs
CCCOCC,-1690.79,71.9543175612158,AAABAA
CCCC=CC#N,-1660.91,70.28235373114286,AAAA~AA^D
C=CC(C)=CC,-1615.41,67.73635793903041,A~AA{A}~AA
C#CC(C)=NOC,-1398.71,55.61070325439814,A^AA{A}~DBA
CC1OC1(C)C,-1552.8,64.23295581718072,AArBAr{A}A
CC=CC(O)CN,-1725.7,73.90773982720805,AA~AA{B}AD
NC1C=CC2NC12,-1514.99,62.11726129191102,DArA~AAsDArs
CC=CC(C)CO,-1852.14,80.9828103317069,AA~AA{A}AB
CC(C)=COC=O,-1536.8,63.337660593580736,AA{A}~ABA~B
CCCONC=O,-1512.49,61.97737141322352,AAABDA~B
C#CCC[CH][N]N,-1478.87,60.096132324634034,A^AAA{AH}{D}D
CNCC[CH][N]O,-1569.91,65.19036214691796,ADAA{AH}{D}B
CCC(C)C(C)C,-1230.86,46.21849679931957,AAA{A}A{A}A
COCC1(O)CC1,-1638.95,69.05356103675189,ABAAr{B}AAr
CCO[N][CH]NC,-1572.65,65.34368145395945,AAB{D}{AH}DA
CC1CC(C)C1O,-1850.31,80.88041094050762,AArAA{A}ArB
NC1C=CC=CC1,-1656.46,70.0333497470791,DArA~AA~AAr
CN=c1cc[nH]s1,-1310.14,50.6546846322575,AD~araa{dH}sr
O=CC1CC=CC1,-1593.63,66.51763731590492,B~AArAA~AAr
C#CCC,-1003.91,33.51929361206858,A^AAA
C1CC2(CO1)CO2,-1509.54,61.81230135637226,ArAAs{ABr}ABs
C1CC2CCC1C2,-1244.22,46.966068311025566,ArAAsAAArAs
C#CC(=O)O[N][CH2],-1073.75,37.4272572630825,A^AA{~B}B{D}{AHs}
COC1CC1,-1242.47,46.86814539594432,ABArAAr
[CH2][N]NCC1CC1,-1626.31,68.34627781010788,{AHs}{D}DAArAAr
CC(C)C1CC1C,-2047.3,91.90317382156766,AA{A}ArAArA
NC1C2CCNC12,-1652.24,69.79721563185461,DArAsAADArs
[CH2][N]OC1COC1,-1343.02,52.49451631675545,{AHs}{D}BArABAr
COCCC=O,-1355.73,53.20571646000269,ABAAA~B
C=CC(O)C=O,-1222.74,45.76413447334259,A~AA{B}A~B
CC(C)CCC=O,-1861.9,81.52894041810288,AA{A}AAA~B
C#CC=CC=C,-1316.15,50.99097990062224,A^AA~AA~A
C#CC(=O)CO,-1068.2,37.11670173239626,A^AA{~B}AB
NC12C=CC(C1)C2,-1622.65,68.1414790277094,DArsA~AA{Ar}As
CC=CCCCC,-2050.05,92.05705268812392,AA~AAAAA
CC(=N)N(C)C=O,-1489.24,60.6763955414298,AA{~D}D{A}A~B
CCC1=NCCN1,-1747.0,75.09960159362551,AAAr~DAADr
CC1(O)C=NN=C1,-1317.48,51.065401316083985,AAr{B}A~DD~Ar
CC1CCN=CN1,-1684.45,71.59955682886434,AArAAD~ADr
CCNC1(C)CC1,-1913.05,84.39108733604907,AADAr{A}AAr
CC1OC1C=O,-1215.49,45.35845382514884,AArBArA~B
CC1OCC2NC21,-1578.52,65.67214288911768,AArBAAsDAsr
C=CC(C)(C)NC,-1911.6,84.3099512064103,A~AA{A}{A}DA
CN(C)[N][CH]CO,-1569.11,65.14559738573796,AD{A}{D}{AH}AB
N=C1CCC=CN1,-1548.18,63.97443932136623,D~ArAAA~ADr
C=CC(=O)C1CC1,-1579.47,65.72530104301894,A~AA{~B}ArAAr
C#CC=CC#N,-1062.67,36.807265320739525,A^AA~AA^D
CC1(N)CC1CO,-1717.71,73.46065177492278,AAr{D}AArAB
CC1OC1C,-1254.21,47.5250682662608,AArBArA
CC1=CCCC1,-1631.75,68.65067818613187,AAr~AAAAr
[CH2][N]N1CC1CC,-1914.75,84.48621245355656,{AHs}{D}DrAArAA
CC#CS([O])([O])O,-1934.67,85.60085500693854,AA^AE{{B}}{{B}}B
OC1(C2CO2)CC1,-1496.38,61.07592103496128,BAr{AsABs}AAr
C=CC=COC,-1409.41,56.20943193518064,A~AA~ABA
CC1CNS1(=O)=O,-1246.69,47.10427951116881,AArADEr{~B}~B
CC1CC(=O)C1,-1427.89,57.243497918438614,AArAA{~B}Ar
C=C(CO)CO,-1352.82,53.04288464121044,A~A{AB}AB
C=CC1=CCC=C1,-1647.73,69.54485429070236,A~AAr~AAA~Ar
C=C(C)CCC,-1754.03,75.49297193249474,A~A{A}AAA
C=CCN1CCC1,-1761.47,75.90928421146873,A~AADrAAAr
CC1CN(C)C1C,-1787.78,77.38148529477596,AArAD{A}ArA
C=CC(N)C1CO1,-1568.22,65.09579658892521,A~AA{D}ArABr
O=C1NCC2NC12,-1159.33,42.21596759031291,B~ArDAAsDArs
C=C(C=O)C1CN1,-1441.33,57.995545906262585,A~A{A~B}ArADr
CC#CCC#N,-1207.02,44.88450691615561,AA^AAA^D
COC1CC1(C)N,-1707.6,72.89493710551054,ABArAAr{A}D
CCNCC#N,-1370.03,54.00588656609517,AADAA^D
CC1(C)OC=CO1,-1522.11,62.515667666413,AAr{A}BA~ABr
CCNC1CC1,-1616.39,67.79119477147592,AADArAAr
CNC1CC1OC,-1699.17,72.4232284345763,ADArAArBA
C=CC(O)C(C)C,-1849.15,80.81550203679664,A~AA{B}A{A}A
NC1C2C=CC1O2,-1411.07,56.302318814629125,DArAsA~AArBs
CC(C)C#CCO,-1694.24,72.14736559380457,AA{A}A^AAB
C=C(C)C[CH][N]O,-1563.71,64.84343524777296,A~A{A}A{AH}{D}B
CC(C)O,-1107.82,39.333676529835714,AA{A}B
C=CCC(=C)C#N,-1358.14,53.34057030305745,A~AAA{~A}A^D
NC1CC1(O)CO,-1522.9,62.55987286807825,DArAAr{B}AB
S=C1NC2CC2N1,-1462.95,59.205313577152076,E~ArDAsAAsDr
CNC(C)CC#N,-1667.04,70.62536371368458,ADA{A}AA^D
O=CC1CN1C=O,-1800.57,78.0971619141412,B~AArADrA~B
[NH][CH]N1CCC1,-1357.47,53.303079815569184,{DH}{AH}DrAAAr
Cc1cccn1N,-1333.28,51.949505349388964,AaraaadrD
NCCC1CNC1,-1777.89,76.82808093468823,DAAArADAr
C=CC=CC=C,-1474.75,59.86559380455705,A~AA~AA~A
CCCNCC,-1762.03,75.94061954429473,AAADAA
C#CC1CC(C)N1,-1384.23,54.800461077040154,A^AArAA{A}Dr
NCC1C=NOC1,-1443.59,58.12200635659609,DAArA~DBAr
CC1OC(=O)C1C,-1546.78,63.89610098930123,AArBA{~B}ArA
C=CCNC=N,-1361.99,53.556000716236184,A~AADA~D
C[CH][N]OC(C)C,-1702.37,72.60228747929628,A{AH}{D}BA{A}A
C=CC1=CCOC1,-1579.87,65.74768342360892,A~AAr~AABAr
COC1CCC1,-1541.69,63.61128519629348,ABArAAAr
CC(O)C=CCO,-1652.29,69.80001342942835,AA{B}A~AAB
CCOC(C)C#N,-1593.91,66.53330498231793,AABA{A}A^D
CNCC(C)N,-1631.67,68.64620171001388,ADAA{A}D
O[N][CH]C1CCN1,-1419.58,56.778503961681366,B{D}{AH}ArAADr
C=CC=C(C)C#N,-2062.5,92.75370428398764,A~AA~A{A}A^D
CC=C1CCOC1,-1718.79,73.52108420251578,AA~ArAABAr
COCC1CCO1,-1634.58,68.80903352880613,ABAArAABr
OCC=CCCO,-1649.99,69.67131474103587,BAA~AAAB
CC1(CO)CC1O,-1646.88,69.49729173194861,AAr{AB}AArB
CC(C=O)C(N)=O,-1427.02,57.194816240655356,AA{A~B}A{D}~B
N#CC1CC(O)C1,-1463.31,59.225457719683064,D^AArAA{B}Ar
C#CCCC1CC1,-1745.24,75.00111911902951,A^AAAArAAr
C=COCC1CO1,-1493.27,60.901898025874026,A~ABAArABr
CC1CCCC1,-1769.38,76.35189578763598,AArAAAAr
NCC1C=CCO1,-1589.92,66.31004073593267,DAArA~AABr
CCc1cnoc1,-1455.55,58.79123953623708,AAaradbar
C=C(C=O)C(C)=O,-1395.52,55.432203769192895,A~A{A~B}A{A}~B
C#CC(C)NC=N,-1501.13,61.34171180446753,A^AA{A}DA~D
C#Cc1ccco1,-1302.02,50.2003223062805,A^Aaraaabr
CCC#C[CH][N]O,-1409.25,56.20047898294463,AAA^A{AH}{D}B
C=C(C)OC=O,-1236.4,46.52849277049108,A~A{A}BA~B
C#C[CH][N]OC,-1097.08,38.73270961099423,A^A{AH}{D}BA
N=CN1C=CCC1,-1537.44,63.37347240252473,D~ADrA~AAAr
C#CC(C)NC=O,-1449.08,58.42920453019383,A^AA{A}DA~B
CC1(C)CC=CO1,-1726.64,73.96033842159454,AAr{A}AA~ABr
CC(C)(C)C1CN1,-1768.31,76.29202291955771,AA{A}{A}ArADr
C#CC(C)C(=O)O,-1384.56,54.818926541026904,A^AA{A}A{~B}B
CC=COCCO,-1648.52,69.58905949236761,AA~ABAAB
O=C1CCC2NC12,-1319.41,51.17339630243074,B~ArAAAsDArs
Cc1ccoc1N,-1477.93,60.04353373024756,AaraabarD
Cc1cc(C)on1,-1464.21,59.275818076010566,Aaraa{A}bdr
C=C(C)C#N,-1065.62,36.97233537759075,A~A{A}A^D
CCC(=O)CC#N,-1474.1,59.8292224360983,AAA{~B}AA^D
CCC1(O)CC1N,-1719.6,73.56640852321051,AAAr{B}AArD
CCCC1CO1,-1545.42,63.82000089529523,AAAArABr
CC1=NCCCN1,-1804.67,78.32658131518869,AAr~DAAADr
C=C1CCC2OC12,-1568.85,65.13104883835445,A~ArAAAsBArs
CC1=CCC(O)C1,-1731.09,74.20934240565828,AAr~AAA{B}Ar
NCC1CC1CO,-1717.26,73.43547159675903,DAArAArAB
CCC1=N[N]O[CH]1,-1321.07,51.26628318187923,AAAr~D{D}B{AH}r
Nc1csc(O)c1,-1440.98,57.97596132324634,Darasa{B}ar
CC(C)=NN(C)C,-1771.21,76.45429517883522,AA{A}~DD{A}A
C[CH][N]OC,-1105.28,39.191548413089215,A{AH}{D}BA
C1C2CC1C1CC21,-1741.42,74.78736738439501,ArAsAArArAAsr
CC1CC(=O)C1C,-1725.4,73.89095304176553,AArAA{~B}ArA
C1=CC2CCC1N2,-1653.9,69.89010251130311,Ar~AAsAAArDs
C=CC(=C)COC,-1698.18,72.36783204261606,A~AA{~A}ABA
[CH2][N]N(C)CC,-1467.09,59.43697121625856,{AHs}{D}D{A}AA
NC1CCCC1N,-1809.1,78.57446618022291,DArAAAArD
CC(C)(C=O)C=O,-1528.92,62.89672769595774,AA{A}{A~B}A~B
CNC(C)C(N)=O,-1625.88,68.32221675097364,ADA{A}A{D}~B
CC1C=CC2CN12,-1413.76,56.452840324096876,AArA~AAsADrs
O=CN1CCCO1,-1357.61,53.31091364877568,B~ADrAAABr
C=C1COC(=O)N1,-1300.24,50.100720712655004,A~ArABA{~B}Dr
CC#CC1CN1,-1320.97,51.26068758673173,AA^AArADr
C=CN(C=O)NC,-1457.02,58.87349478490532,A~AD{A~B}DA
C#CC#CC#C,-981.05,32.2401405613501,A^AA^AA^A
CNc1cccs1,-1311.57,50.73470164286674,ADaraaasr
CC(=O)CC(C)C,-1869.34,81.94525269707687,AA{~B}AA{A}A
C#Cc1cc[nH]n1,-1659.01,70.17603742334036,A^Aaraa{dH}dr
C1OC1C1CO1,-1191.44,44.01271319217512,ArBArArABr
C=CC(=N)NC,-1366.25,53.79437306951968,A~AA{~D}DA
C#CC(C)(C)C#C,-1586.9,66.14105376247818,A^AA{A}{A}A^A
C=C1CONC1=O,-1246.0,47.06566990465106,A~ArABDAr~B
C#CCS(C)(=O)=O,-1362.13,53.56383454944269,A^AAE{A}{~B}~B
C#CCNC=N,-1208.21,44.95109449841085,A^AADA~D
CCS([O])([O])OC,-1453.83,58.694995299700075,AAE{{B}}{{B}}BA
[NH][C]1NC=CC1O,-1298.63,50.01063163078026,{DH}{A}rDA~AArB
C=C(C#CC)CN,-1503.27,61.46145754062402,A~A{A^AA}AD
CC(CO)C1CO1,-1643.22,69.29249294955012,AA{AB}ArABr
C=CC(=O)N(C)C,-1600.79,66.9182819284659,A~AA{~B}D{A}A
CCC(CC)=NO,-1708.82,72.96320336631004,AAA{AA}~DB
CC1CCNC1C,-1304.18,50.3211871614665,AArAADArA
C=CCC(C)C=C,-1902.2,83.78396526254535,A~AAA{A}A~A
O=CNN1CCC1,-1167.58,42.67760418998165,B~ADDrAAAr
CC(C)C1COC1,-1842.0,80.41541698375039,AA{A}ArABAr
Oc1cc[nH]c1O,-1337.6,52.19123505976095,Baraa{dH}arB
C=CC(C=C)OC,-1692.18,72.03209633376608,A~AA{A~A}BA
CCCNCCN,-1927.87,85.22035453690853,AAADAAD
C#CC(CO)NC,-1555.34,64.37508393392721,A^AA{AB}DA
CC1(C2CC2)CC1,-1897.56,83.52432964770132,AAr{AsAAs}AAr
CNCC=O,-1131.72,40.67102377008819,ADAA~B
[CH2][N]NC(C)(C)C,-1777.47,76.80457943506872,{AHs}{D}DA{A}{A}A
C=C1C=NOCC1,-1431.6,57.451094498410846,A~ArA~DBAAr
C1CC2CC2N1,-1485.76,60.481668830296805,ArAAsAAsDr
C#CC(C)=COC,-1548.03,63.96604592864498,A^AA{A}~ABA
C#CC(N)CNC,-1625.13,68.28024978736738,A^AA{D}ADA
CCNCCC#N,-1667.61,70.65725860602534,AADAAA^D
C=CN(O)C(C)=O,-1384.44,54.812211826849904,A~AD{B}A{A}~B
CC=CC(=N)NO,-1440.53,57.9507811450826,AA~AA{~D}DB
CC(C)C1CC1O,-1843.18,80.48144500649092,AA{A}ArAArB
CCC(CN)NC,-1924.57,85.03569989704106,AAA{AD}DA
CCOCCN,-1561.49,64.71921303549847,AABAAD
C=CC(=O)C#CC,-1427.95,57.24685527552711,A~AA{~B}A^AA
O=C1CNC1,-993.7,32.947983347508845,B~ArADAr
CNCC1COC1,-1705.49,72.77687004789831,ADAArABAr
C=C(C)C(C)=O,-1432.27,57.488584985899095,A~A{A}A{A}~B
CC(=O)N(C)C=N,-1490.19,60.72955369533104,AA{~B}D{A}A~D
C=CC1CCC1=O,-1575.81,65.52050226062043,A~AArAAAr~B
O=C1CC=CO1,-1115.25,39.749429249294955,B~ArAA~ABr
CNC1C(C)C1N,-1781.56,77.03343927660144,ADArA{A}ArD
C#CC(O)CC,-1395.64,55.4389184833699,A^AA{B}AA
C#CC([CH2])=C[N]O,-1098.8,38.828953847531224,A^AA{{AHs}}~A{D}B
C1=NC2CCC2N1,-1531.9,63.063476431353244,Ar~DAsAAAsDr
CCC1CN=CN1,-1372.06,54.11947714758942,AAArAD~ADr
CC1(C)CNC1=O,-1613.34,67.62052911947715,AAr{A}ADAr~B
C#CCCC(=O)O,-1385.49,54.87096557589866,A^AAAA{~B}B
OC1CNCC1O,-1470.43,59.623864094185066,BArADAArB
CC1C2CCC1O2,-1707.74,72.90277093871705,AArAsAAArBs
C=C1C=NN=C1,-1082.2,37.90008505304625,A~ArA~DD~Ar
Cc1nocc1N,-1330.68,51.80401987555397,AardbaarD
OCC1=CCCC1,-1725.97,73.92284793410627,BAAr~AAAAr
Cc1cc(=O)o[nH]1,-1267.33,48.259210349612786,Aaraa{~B}b{dH}r
CCO[N][CH]CN,-1569.61,65.17357536147546,AAB{D}{AH}AD
C=CC(C=C)NC,-1766.81,76.20808899234521,A~AA{A~A}DA
C1=CC2CC2OC1,-1569.15,65.14783562379695,Ar~AAsAAsBAr
C=C1CCC2NC12,-1514.86,62.109987018219265,A~ArAAAsDArs
C#CCC(=C)CC,-1747.73,75.14044943820225,A^AAA{~A}AA
C=COCC#N,-1151.59,41.78286852589641,A~ABAA^D
CC1CCOCC1,-1862.81,81.5798603339451,AArAABAAr
O=C1C2CCC1N2,-1577.48,65.61394869958369,B~ArAsAAArDs
C=C1C=C(C)CC1,-1791.48,77.58852231523345,A~ArA~A{A}AAr
CC=CN=CNO,-1436.2,57.708491875195854,AA~AD~ADB
CCC(C)=CC=O,-1724.6,73.84618828058551,AAA{A}~AA~B
N#CCNCC=O,-1661.49,70.31480818299836,D^AADAA~B
C#CC(C=C)CO,-1543.28,63.700255159138734,A^AA{A~A}AB
C#CC(C)C(=C)C,-1748.27,75.17066565199875,A^AA{A}A{~A}A
N=C1CC=CN1O,-1445.0,58.20090424817583,D~ArAA~ADrB
CCC(=O)N(C)O,-1523.34,62.584493486727254,AAA{~B}D{A}B
C=C(C)N(C)C=N,-1655.91,70.00257397376787,A~A{A}D{A}A~D
CC12CCCC1N2,-1788.35,77.41338018711669,AArsAAAArDs
CC(N)C1(O)CC1,-1720.2,73.59998209409555,AA{D}Ar{B}AAr
C=C(CN)C1CN1,-1639.72,69.09664711938763,A~A{AD}ArADr
O=C(CO)N1CC1,-1276.37,48.76505215094677,B~A{AB}DrAAr
CCC1=NOCO1,-1380.68,54.60181744930391,AAAr~DBABr
COC(C)(C)C,-1689.69,71.89276601459332,ABA{A}{A}A
CC(CO)C1CC1,-1846.74,80.68064819374189,AA{AB}ArAAr
CCC=CC1CO1,-1695.5,72.21787009266305,AAA~AArABr
C=COCCNC,-1710.8,73.07399615023054,A~ABAADA
O=CC=CCC=O,-1390.93,55.17536595192265,B~AA~AAA~B
C=CCC(=O)CO,-1524.47,62.64772371189401,A~AAA{~B}AB
CC#CC(=O)O,-1092.62,38.483146067415724,AA^AA{~B}B
CC1=CCCCC1,-1929.19,85.29421639285555,AAr~AAAAAr
CC(C)OC(C)C,-1989.7,88.68011101660775,AA{A}BA{A}A
C=CC(=NC)NC,-1656.1,70.01320560454809,A~AA{~DA}DA
CNC1CC1(C)O,-1713.98,73.25193607592104,ADArAAr{A}B
C=CC1CN1,-1173.81,43.02620976767089,A~AArADr
C#CC(N)CC,-1465.19,59.33065490845607,A^AA{D}AA
C#CC1=NCCN1,-1562.75,64.78971753435695,A^AAr~DAADr
Cc1cnn(O)c1,-1313.78,50.85836429562649,Aaradd{B}ar
C=COC[CH][N]N,-1432.72,57.51376516406286,A~ABA{AH}{D}D
C=C1C=NN=C1C,-1520.58,62.430055060656244,A~ArA~DD~ArA
C=CC=COC=O,-1392.94,55.2878374143874,A~AA~ABA~B
CC(C)OCC#N,-1591.14,66.37830699673219,AA{A}BAA^D
N#C[CH][N]N1CC1,-1228.07,46.06237969470433,D^A{AH}{D}DrAAr
CC#CC(C)OC,-1686.97,71.74056582658133,AA^AA{A}BA
NCCC1CC1O,-1712.95,73.1943014459018,DAAArAArB
N#CC1=CCCO1,-1328.72,51.69434621066297,D^AAr~AAABr
C=C(C)OC(C)C,-1851.8,80.96378530820539,A~A{A}BA{A}A
C1COCCOC1,-1651.27,69.74293835892385,ArABAABAr
CC12CC=CC1C2,-1780.47,76.97244728949372,AArsAA~AArAs
C#CC(=C)C1CC1,-1602.64,67.02180043869468,A^AA{~A}ArAAr
C#CC(O)C(C)=O,-1363.62,53.647208917140425,A^AA{B}A{A}~B
C1CC2(CC2)CN1,-1784.71,77.20970052374771,ArAAs{AAs}ADr
CC1(C)CN=CN1,-1113.93,39.67556739334796,AAr{A}AD~ADr
CCC(O)CC,-1698.79,72.4019651730158,AAA{B}AA
CC1=NNCC1O,-1463.68,59.24616142172883,AAr~DDAArB
C=CCS(C)(=O)=O,-1228.25,46.07245176596983,A~AAE{A}{~B}~B
NCCC1CN1,-1487.24,60.5644836384798,DAAArADr
CC(C)(O)CC=O,-1665.78,70.5548592148261,AA{A}{B}AA~B
C=CC(CC)CC,-2046.71,91.87015981019742,A~AA{AA}AA
Nc1ccn(O)c1,-1312.45,50.78394288016474,Daraad{B}ar
C=C1CCCO1,-1427.98,57.248533954071355,A~ArAAABr
CS(=O)(=O)N1CC1,-1312.73,50.79961054657774,AE{~B}{~B}DrAAr
C#CCCN[N][CH2],-1473.46,59.79341062715431,A^AAAD{D}{AHs}
NC1C=NOCC1,-1439.94,57.917767133712346,DArA~DBAAr
C[CH][N]NC(C)=O,-1478.34,60.066475670352304,A{AH}{D}DA{A}~B
CC(C)COC=O,-1676.76,71.16925556202159,AA{A}ABA~B
CC(N)=C(C)C#N,-1546.78,63.89610098930123,AA{D}~A{A}A^D
CC(CCN)=NO,-1580.73,65.79580554187743,AA{AAD}~DB
C=C1CNC2CC12,-1789.96,77.50346926899145,A~ArADAsAArs
Oc1ccoc1,-1103.89,39.113769640538976,Baraabar
NC1C2OCOC12,-1372.75,54.15808675410717,DArAsBABArs
C=NN(C)C(C)=O,-1467.24,59.44536460897982,A~DD{A}A{A}~B
C=Cc1ccno1,-1314.58,50.903129056806485,A~Aaraadbr
CC(C)C1CO1,-1546.22,63.864765656475235,AA{A}ArABr
[CH2][N]OC1CCC1,-1548.81,64.00969157079547,{AHs}{D}BArAAAr
CNC1(C)CC1C,-1910.13,84.22769595774207,ADAr{A}AArA
C=CO[CH][N]OC,-1350.24,52.89851828640494,A~AB{AH}{D}BA
CC1=CCC(C)C1,-1926.32,85.1336228121223,AAr~AAA{A}Ar
CC(C)=CCN,-1626.31,68.34627781010788,AA{A}~AAD
C#CC1CN1C=N,-1338.98,52.26845427279646,A^AArADrA~D
C#CC(O)C(C)N,-1560.92,64.68731814315771,A^AA{B}A{A}D
O=C1CNC1CO,-1590.5,66.34249518778817,B~ArADArAB
C=CC#CC1CC1,-1608.86,67.36984645686915,A~AA^AArAAr
O=CC1CC1O,-1216.97,45.441268633331845,B~AArAArB
C=CC(=C)C1CO1,-1555.34,64.37508393392721,A~AA{~A}ArABr
CCc1ccon1,-1457.93,58.92441470074758,AAaraabdr
CC1(CN)CO1,-1418.65,56.726464926809626,AAr{AD}ABr
CC(=O)C(C)(C)C,-1867.81,81.8596400913201,AA{~B}A{A}{A}A
CC1CC=NN1,-1363.69,53.65112583374368,AArAA~DDr
C[CH][N]O,-816.7,23.043779936434046,A{AH}{D}B
CC1(CN)COC1,-1714.08,73.25753167106853,AAr{AD}ABAr
C=CC(O)C1CC1,-1702.27,72.5966918841488,A~AA{B}ArAAr
C1=NNCCCO1,-1454.59,58.73752182282108,Ar~DDAAABr
C=CCC#CC,-1455.92,58.81194323828283,A~AAA^AA
CO[CH]C=C[N]O,-1363.63,53.64776847665519,AB{AH}A~A{D}B
CCC#CC(C)O,-1696.86,72.29397018666906,AAA^AA{A}B
C=CC=CCCN,-1780.45,76.97132817046423,A~AA~AAAD
CN=C(NC)OC,-1598.79,66.8063700255159,AD~A{DA}BA
C#CC(C#N)NC,-1355.63,53.2001208648552,A^AA{A^D}DA
CCC(C)=C(C)C,-2050.56,92.08559022337614,AAA{A}~A{A}A
O=CC=CN1CC1,-1166.69,42.6278033931689,B~AA~ADrAAr
CCC1OC1C,-1549.87,64.06900487935896,AAArBArA
N#CC1CCCN1,-1539.58,63.49321813868123,D^AArAAADr
OC1C=CC2NC12,-1632.72,68.70495545906263,BArA~AAsDArs
O=c1cc[nH]nc1,-1312.23,50.77163257084024,B~araa{dH}dar
C#CC(=O)N(C)C,-1442.1,58.03863198889834,A^AA{~B}D{A}A
C=CC=CCO,-1412.82,56.40024172971037,A~AA~AAB
CCO[N][CH]OC,-1496.96,61.10837548681678,AAB{D}{AH}BA
C#CC(=C)OC=O,-1227.06,46.005864183714586,A^AA{~A}BA~B
[CH2]C(=C[N]O)CO,-1204.54,44.74573615649761,{AHs}A{~A{D}B}AB
Cc1cc(O)c[nH]1,-1485.01,60.439701866690555,Aaraa{B}a{dH}r
C#CC1OC1CN,-1410.5,56.27042392228838,A^AArBArAD
C=CC(CO)NC,-1713.47,73.2233985406688,A~AA{AB}DA
CC1(N)CNC1=O,-1480.64,60.195174358744815,AAr{D}ADAr~B
CC#CC1CCC1,-1750.91,75.31838936389276,AA^AArAAAr
C#CC1CN1[N][CH2],-1320.04,51.20864855185998,A^AArADr{D}{AHs}
C=C(CO)C1CO1,-1494.26,60.95729441783429,A~A{AB}ArABr
CCC1CC(=O)O1,-1545.29,63.81272662160347,AAArAA{~B}Br
CC1CC1C,-1454.38,58.72577107301133,AArAArA
O=CN1C=CCN1,-1602.21,66.99773937956041,B~ADrA~AADr
O=C1CC(CO)N1,-1248.46,47.20332154527956,B~ArAA{AB}Dr
C#CC(C)CC,-1595.31,66.61164331438292,A^AA{A}AA
CC1C=CC(=O)C1,-1605.4,67.17623886476566,AArA~AA{~B}Ar
C=CCC=CC#N,-1657.07,70.06748287747885,A~AAA~AA^D
COCC1(C)CC1,-1838.28,80.2072608442634,ABAAr{A}AAr
CC1(C)OCC1N,-1715.96,73.36272885984154,AAr{A}BAArD
CC1CNC(=O)N1,-1512.44,61.97457361564977,AArADA{~B}Dr
COn1cccn1,-1307.37,50.499686646671734,ABdraaadr
O=CN1CCC=N1,-1231.29,46.24255785845383,B~ADrAAA~Dr
C=CCCCCN,-1917.65,84.64848471283406,A~AAAAAD
C=C(CO)OCC,-1649.04,69.6181565871346,A~A{AB}BAA
O=C1CC=CCO1,-1411.36,56.31854604055687,B~ArAA~AABr
C=C1C=CCO1,-1289.94,49.524374412462514,A~ArA~AABr
CN1C=NCC1,-1373.65,54.208447110434676,ADrA~DAAr
C=C1CC2CC1N2,-1626.66,68.36586239312415,A~ArAAsAArDs
C1=CCNN=C1,-1220.99,45.66621155826134,Ar~AADD~Ar
CCCNC,-1464.45,59.289247504364575,AAADA
CNc1ccsc1,-1317.18,51.04861453064148,ADaraasar
CC=CCCO,-1555.89,64.40585970723848,AA~AAAB
CC1=NOCOC1,-1370.72,54.044496172612924,AAr~DBABAr
C#CC=CC(C)C,-1752.4,75.40176373159049,A^AA~AA{A}A
C=CC1(O)CCC1,-1701.34,72.54465284927706,A~AAr{B}AAAr
CC1OCC1N,-1417.09,56.63917364250861,AArBAArD
NCC1(O)CNC1,-1581.98,65.86575048122118,DAAr{B}ADAr
CCC1=CCCO1,-1725.39,73.89039348225079,AAAr~AAABr
N#Cc1ccon1,-1059.16,36.61085993106227,D^Aaraabdr
OCCC[CH][N]O,-1575.71,65.51490666547295,BAAA{AH}{D}B
C=C1COCCO1,-1515.17,62.12733336317651,A~ArABAABr
CC=COC=O,-1237.65,46.598437709834826,AA~ABA~B
O=C1C=NOCC1,-1570.62,65.23009087246518,B~ArA~DBAAr
C#CC(=NC)NC,-1490.57,60.75081695689154,A^AA{~DA}DA
C=CC1C=CCN1,-1537.08,63.35332825999373,A~AArA~AADr
CC1CC1CCN,-1916.81,84.60148171359505,AArAArAAD
O=CC#CCCO,-1363.75,53.65448319083218,B~AA^AAAB
NC(CO)C1CC1,-1587.63,66.18190160705493,DA{AB}ArAAr
CN1C=CO[C]1[NH],-1342.31,52.4547875912082,ADrA~AB{A}r{DH}
CCNC(=O)NC,-1633.9,68.77098348180313,AADA{~B}DA
N#CC#CC1CN1,-1211.76,45.1497381261471,D^AA^AArADr
C#C,-404.88,0.0,A^A
CCC#CCC,-1601.6,66.96360624916066,AAA^AAA
COC(CN)CO,-1655.68,69.9897041049286,ABA{AD}AB
Nc1cscc1O,-1549.0,64.02032320157572,DarasaarB
[NH][C]1CC=CN1,-1247.32,47.13953176059806,{DH}{A}rAA~ADr
N#CC1CC1O,-1159.21,42.209252876135906,D^AArAArB
CCNC(C)=N,-1514.71,62.10159362549801,AADA{A}~D
C=Cc1cc[nH]c1,-1408.87,56.179215721384125,A~Aaraa{dH}ar
C#CCNC(N)=S,-1136.23,40.923385111240435,A^AADA{D}~E
CCC1OC1C=O,-1510.44,61.86266171269977,AAArBArA~B
C=CCC#CCO,-1547.63,63.94366354805498,A~AAA^AAB
NC(=O)CC1CC1,-1480.45,60.184542727964555,DA{~B}AArAAr
CC(=O)C1CN1,-1291.64,49.61949952997002,AA{~B}ArADr
OCC1CCN1,-1417.79,56.67834280854112,BAArAADr
C=CC(C#N)C#N,-1253.44,47.48198218362505,A~AA{A^D}A^D
C1C[C]2[N]O[N][C]12,-1127.25,40.420900666994946,ArA{A}s{D}B{D}{A}rs
N#CCCNC=N,-1416.53,56.60783830968262,D^AAADA~D
CC=COCCN,-1718.14,73.48471283405705,AA~ABAAD
CC1=COCC1O,-1526.57,62.7652312099915,AAr~ABAArB
CNC(=O)COC,-1546.18,63.862527418416235,ADA{~B}ABA
C=CC(=O)CC#N,-1329.29,51.726241103003716,A~AA{~B}AA^D
CC1=CCNN=C1,-1512.81,61.9952773176955,AAr~AADD~Ar
CC1OC1[CH][N]N,-1436.57,57.7291955772416,AArBAr{AH}{D}D
NC=C(C=O)C=O,-1406.92,56.07010161600789,DA~A{A~B}A~B
COC1=CCOC1,-1510.72,61.87832937911278,ABAr~AABAr
C1=CCCON=C1,-1426.58,57.17019562200636,Ar~AAABD~Ar
CCCC(C)(C)O,-1996.76,89.07516003402122,AAAA{A}{A}B
CC(=O)C(C)C=O,-1536.26,63.30744437978424,AA{~B}A{A}A~B
CC1=NCC2CN12,-1778.88,76.88347732664846,AAr~DAAsADrs
CNC(C)C(C)O,-1858.9,81.36107256367788,ADA{A}A{A}B
C=C1CC2OC2C1,-1574.63,65.45447423787995,A~ArAAsBAsAr
CCC(CC)NC,-2055.34,92.35305967142666,AAA{AA}DA
CC1CC(O)C1N,-1711.85,73.13274989927929,AArAA{B}ArD
OCCCCO,-1498.24,61.17999910470479,BAAAAB
CC(=O)N(C)C=O,-1431.75,57.4594878911321,AA{~B}D{A}A~B
CCC1NC1CC,-1916.3,84.57294417834281,AAArDArAA
O=CC1=CCCC1,-1600.29,66.8903039527284,B~AAr~AAAAr
CC#CC1CCN1,-1764.33,76.06931823268722,AA^AArAADr
CC(N)C#CCO,-1564.0,64.8596624737007,AA{D}A^AAB
CC1NCC1C=O,-1577.64,65.6229016518197,AArDAArA~B
C=C(C)OC(=C)C,-1706.3,72.82219436859305,A~A{A}BA{~A}A
C=COCOC,-1342.35,52.457025829267195,A~ABABA
C#CCOC=O,-1074.69,37.479855857469005,A^AABA~B
CNCC(C)NC,-1920.35,84.79956578181654,ADAA{A}DA
C#CC(=C)CCN,-1621.15,68.0575451004969,A^AA{~A}AAD
[CH2][N]NCC(C)=O,-1451.24,58.55006938537984,{AHs}{D}DAA{A}~B
CC=C(C)CC=O,-1720.52,73.61788799856753,AA~A{A}AA~B
CC=CCC(C)=O,-1726.39,73.94634943372579,AA~AAA{A}~B
C#CCCCC,-1595.95,66.64745512332694,A^AAAAA
C=CCN1CC1,-1464.77,59.30715340883656,A~AADrAAr
CCOC=C(C)C,-1849.44,80.8317292627244,AABA~A{A}A
NCC1=CCNC1,-1661.05,70.29018756434935,DAAr~AADAr
CC1=NCCN1C,-1673.08,70.96333766059358,AAr~DAADrA
CCC1CC1O,-1546.36,63.872599489681726,AAArAArB
CCCCNCC,-2057.83,92.49238999059939,AAAADAA
[CH]1S[N][C]2OC[C]12,-1638.72,69.04069116791263,{AH}rE{D}{A}sBA{A}rs
CC(C)C(=O)NN,-1611.5,67.51757016876314,AA{A}A{~B}DD
C1COC2CC2O1,-1500.36,61.298625721831776,ArABAsAAsBr
CC1CO[C]([NH])N1,-1489.07,60.66688302967904,AArAB{A}{{DH}}Dr
CCOC(C)=O,-1387.62,54.9901517525404,AABA{A}~B
CN=C1NCCO1,-1480.26,60.17391109718431,AD~ArDAABr
C=C1C=NN=CC1,-1400.72,55.723174716862886,A~ArA~DD~AAr
O=C1CCCOC1,-1536.19,63.30352746318099,B~ArAAABAr
N#CC1CC=NN1,-1264.02,48.07399615023054,D^AArAA~DDr
CC1=NN=CCC1,-1916.74,84.59756479699182,AAr~DD~AAAr
CC1=CCC2CC12,-1191.04,43.990330811585125,AAr~AAAsAArs
C=CS(=O)(=O)C=O,-1365.48,53.751286986883926,A~AE{~B}{~B}A~B
CC1C(O)C1CN,-1716.69,73.40357670441828,AArA{B}ArAD
C1CC2CC(C1)C2,-1522.96,62.563230225166755,ArAAsAA{Ar}As
CCOC(C)(C)C,-1988.56,88.61632123192622,AABA{A}{A}A
CCC=C(C)OC,-1846.84,80.68624378888939,AAA~A{A}BA
C1OC2CCC2O1,-1473.63,59.80292313890506,ArBAsAAAsBr
C1=CC2CC2C1,-1480.58,60.19181700165629,Ar~AAsAAsAr
O=CCC1CC1O,-1515.27,62.132928958324,B~AAArAArB
OC1C=CCNC1,-1495.68,61.03675186892879,BArA~AADAr
C#CC(=O)NNC,-1299.9,50.08169568915351,A^AA{~B}DDA
C=C(C)OCC#N,-1452.21,58.60434665831058,A~A{A}BAA^D
C=CCNC(C)=O,-1610.4,67.45601862214066,A~AADA{A}~B
C=CC1CCC1O,-1700.93,72.52171090917231,A~AArAAArB
O=C1C=CC=C1,-1157.14,42.09342405658267,B~ArA~AA~Ar
[CH2]c1ccc([CH2])o1,-1455.06,58.76382112001432,{AHs}araaa{{AHs}}br
O=C1COCCN1,-1242.44,46.866466717400066,B~ArABAADr
C=C1OCCC1=O,-1398.48,55.59783338555889,A~ArBAAAr~B
c1cc[nH]c1,-1088.23,38.23749944044049,araa{dH}ar
OC1C=NN=CC1,-1781.43,77.02616500290974,BArA~DD~AAr
CC1COC1CN,-1716.54,73.39518331169704,AArABArAD
C#CCCNC=N,-1507.42,61.69367473924527,A^AAADA~D
N#CCCCCO,-1365.93,53.77646716504768,D^AAAAAB
Nc1sccc1O,-1050.2,36.10949460584629,DarsaaarB
O=CC1CC(O)C1,-1515.87,62.16650252920899,B~AArAA{B}Ar
OCC#CCO,-1195.4,44.234298760016124,BAA^AAB
C#CC(=C)CCC,-1750.8,75.3122342092305,A^AA{~A}AAA
CC1=CCC=C1C,-1766.22,76.17507498097498,AAr~AAA~ArA
CC(C)(C)CCN,-1661.29,70.30361699270334,AA{A}{A}AAD
CC(O)C=CCN,-1721.94,73.69734544966202,AA{B}A~AAD
OCC#CCCO,-1495.54,61.02891803572228,BAA^AAAB
C=CC(O)C(C)O,-1653.93,69.89178118984736,A~AA{B}A{A}B
O=C1CCOCC1,-1538.31,63.422154080307976,B~ArAABAAr
CCc1ccsn1,-1446.33,58.27532566363758,AAaraasdr
C=CC1CC(C)N1,-1447.43,58.33687721026009,A~AArAA{A}Dr
CCC=CC(C)C,-2050.36,92.07439903308116,AAA~AA{A}A
NC(CO)C1CN1,-1641.02,69.16938985630512,DA{AB}ArADr
CCCC,-1304.31,50.328461435158246,AAAA
COC1CCC1=O,-1511.16,61.90294999776177,ABArAAAr~B
CC1=C(C)OCO1,-1521.56,62.48489189310175,AAr~A{A}BABr
CC1CC(C)C1N,-1324.01,51.430793679215725,AArAA{A}ArD
C#CCC(=C)CN,-1618.0,67.88128385335064,A^AAA{~A}AD
NC1C=CCC=C1,-1656.91,70.05852992524287,DArA~AAA~Ar
C1=CC2CC1C2,-1456.06,58.81977707148932,Ar~AAsAArAs
OC1C2CNCC12,-2190.06,99.89144545413849,BArAsADAArs
Oc1ccccc1,-1490.85,60.76648462330453,Baraaaaar
CC(=O)C#CC=O,-1232.58,46.31474103585658,AA{~B}A^AA~B
COC(=O)N(C)C,-1554.6,64.33367652983571,ABA{~B}D{A}A
C#CC(O)CC#N,-1464.84,59.311070325439815,A^AA{B}AA^D
NCC=CCN,-1495.0,60.99870182192578,DAA~AAD
[NH][CH]N1CC=CC1,-1535.79,63.28114508259098,{DH}{AH}DrAA~AAr
O=C(O)CC1CC1,-1539.55,63.491539460136984,B~A{B}AArAAr
CC1=CC=COC1,-1583.94,65.97542414611219,AAr~AA~ABAr
C#CCN[CH][N]O,-1278.26,48.870808899234525,A^AAD{AH}{D}B
Nc1c[nH]c(O)c1,-1354.71,53.14864138949819,Dara{dH}a{B}ar
OC1C=CC=CC1,-1587.01,66.14720891714045,BArA~AA~AAr
CC=CCCC#N,-1776.51,76.75086172165273,AA~AAAA^D
CCC1(N)CC1N,-1917.84,84.65911634361431,AAAr{D}AArD
C#CCC(C)(C)O,-1695.8,72.23465687810555,A^AAA{A}{A}B
CC=C1COCO1,-1518.66,62.32261963382427,AA~ArABABr
CN1OCC[C]1[NH],-1442.65,58.06940776220959,ADrBAA{A}r{DH}
CCOCCO,-1492.09,60.835870003133536,AABAAB
CC1(C)CCOC1,-1861.33,81.4970455257621,AAr{A}AABAr
C=Cc1cc[nH]n1,-1355.73,53.20571646000269,A~Aaraa{dH}dr
CC1(O)C=NOC1,-1377.11,54.40205470253816,AAr{B}A~DBAr
C=C(C)OCC=O,-1515.29,62.134048077353505,A~A{A}BAA~B
C=C(OC)C1CN1,-1563.7,64.84287568825822,A~A{BA}ArADr
CC[C]1C=N[N]S1,-1175.07,43.09671426652939,AA{A}rA~D{D}Er
CCC1NC1C,-1619.42,67.96074130444515,AAArDArA
CC(C)(N)C1CC1,-1916.97,84.61043466583106,AA{A}{D}ArAAr
CC1CN1C=O,-1285.8,49.29271677335602,AArADrA~B
C=C(C)C1CC1O,-1699.02,72.41483504185504,A~A{A}ArAArB
CC(=O)C=CC=O,-1395.37,55.423810376471636,AA{~B}A~AA~B
CC[CH]C=C[N]O,-1568.04,65.0857245176597,AA{AH}A~A{D}B
C#CC#CCN,-1160.48,42.28031693450916,A^AA^AAD
CC1CC=NNC1,-1769.81,76.37595684677021,AArAA~DDAr
OCC#C[CH][N]O,-1706.25,72.8193965710193,BAA^A{AH}{D}B
CC1C=COC=C1,-1586.43,66.11475446528495,AArA~ABA~Ar
C=CC(O)C1CN1,-1555.23,64.36892877926496,A~AA{B}ArADr
C#CCC1CC1,-1446.88,58.306101436948836,A^AAArAAr
C#CC1CC1CC,-1747.29,75.11582881955326,A^AArAArAA
CC1(C)CC(=O)O1,-1549.26,64.03487174895923,AAr{A}AA{~B}Br
CC#CC(N)=O,-1166.9,42.63955414297866,AA^AA{D}~B
O=CC1C=NOC1,-1283.06,49.13939746631452,B~AArA~DBAr
CCC(C)C1CO1,-1841.38,80.3807242938359,AAA{A}ArABr
O=Cc1cnoc1,-1148.1,41.58758225524866,B~Aaradbar
CC(C=O)=CCO,-1520.67,62.43509109628901,AA{A~B}~AAB
O=C(O)C1CCC1,-1538.19,63.41543936613098,B~A{B}ArAAAr
CC1NC1C1CN1,-1917.0,84.61211334437532,AArDArArADr
C=CCC=C,-1310.13,50.65412507274275,A~AAA~A
C=COCC,-1254.62,47.54801020636555,A~ABAA
C#CC=COC=O,-1233.67,46.37573302296433,A^AA~ABA~B
CC=CC1CCC1,-1900.44,83.68548278794933,AA~AArAAAr
C=C(C=O)CO,-1226.07,45.950467791754335,A~A{A~B}AB
CC(C)N,-1177.16,43.21366220511214,AA{A}D
CCC(=O)C1CN1,-1586.25,66.10468239401942,AAA{~B}ArADr
[CH2][N][N][CH]C(C)O,-1445.16,58.20985720041185,{AHs}{D}{D}{AH}A{A}B
C[CH][N]OC1CC1,-1550.43,64.10034021218497,A{AH}{D}BArAAr
[CH2][N][N][CH]CCC,-1642.67,69.26171717623888,{AHs}{D}{D}{AH}AAA
C#CC=CC(=O)O,-1242.48,46.868704955459066,A^AA~AA{~B}B
OCC1CC(O)C1,-1647.27,69.51911455302385,BAArAA{B}Ar
CC(C)C1CNC1,-1916.08,84.5606338690183,AA{A}ArADAr
C=CC(=C)C(C)N,-1777.36,76.79842428040646,A~AA{~A}A{A}D
C=C1C=CC=CC1,-1650.27,69.68698240744885,A~ArA~AA~AAr
C=C1CCCC1O,-1724.73,73.85346255427727,A~ArAAAArB
ON=C1CCCC1,-1441.97,58.0313577152066,BD~ArAAAAr
COC(C)[CH][N]N,-1574.3,65.43600877389319,ABA{A}{AH}{D}D
CC1(C2CN2)CC1,-1765.47,76.13310801736873,AAr{AsADs}AAr
NC1CCCOC1,-1734.19,74.38280585523077,DArAAABAr
CC1COC(C)C1,-1863.9,81.64085232105288,AArABA{A}Ar
NC1C2CCCC12,-1788.59,77.4268096154707,DArAsAAAArs
C1CC2COCC12,-1686.99,71.74168494561083,ArAAsABAArs
C=CC(=C)CCN,-1778.48,76.86109494605847,A~AA{~A}AAD
CCCCNC=N,-1805.02,78.34616589820494,AAAADA~D
C=C1CC2CC2O1,-1573.8,65.40803079815569,A~ArAAsAAsBr
O=CC#CC=O,-927.78,29.259367026276916,B~AA^AA~B
CC1COC=CO1,-1522.24,62.522941940104765,AArABA~ABr
NC1=CC(=O)CC1,-1492.52,60.859931062267776,DAr~AA{~B}AAr
CNC(C)C1CC1,-1910.97,84.27469895698107,ADA{A}ArAAr
NC1(CO)CC1O,-1518.31,62.303035050808,DAr{AB}AArB
CCC=CC1CC1,-1901.11,83.72297327543758,AAA~AArAAr
OC1CCCC1O,-1669.48,70.76189623528359,BArAAAArB
NC1CC1OC=O,-1399.77,55.67001656296164,DArAArBA~B
C=C(OC)C1CO1,-1491.06,60.77823537311428,A~A{BA}ArABr
CC(=O)CN1CC1,-1580.87,65.80363937508392,AA{~B}ADrAAr
C=C1CCNC1=O,-1489.72,60.7032543981378,A~ArAADAr~B
CC1C(C)N1C=O,-1584.58,66.01123595505618,AArA{A}DrA~B
O=CCC1CCN1,-1577.99,65.64248623483594,B~AAArAADr
CNC1(C)CC1O,-1708.98,72.97215631854604,ADAr{A}AArB
CC=CCC(C)N,-1523.05,62.568266260799504,AA~AAA{A}D
C=C1OCCC1N,-1594.39,66.56016383902593,A~ArBAAArD
C=CCNCCO,-1333.46,51.95957742065446,A~AADAAB
COC1(C)CC1,-1541.69,63.61128519629348,ABAr{A}AAr
CCC(N)CC,-1767.95,76.27187877702674,AAA{D}AA
CCC(C)OC,-1688.85,71.84576301535431,AAA{A}BA
C1=NNC2CC2O1,-1255.84,47.616276467165044,Ar~DDAsAAsBr
CCOC1CNC1,-1704.23,72.70636554903979,AABArADAr
CCC1NC1C=O,-1583.22,65.9351358610502,AAArDArA~B
Nc1cccs1,-1147.2,41.537221898921175,Daraaasr
CCCC(O)C=O,-1665.8,70.55597833385559,AAAA{B}A~B
CC1=CCCC1O,-1729.65,74.12876583553427,AAr~AAAArB
C=C1CCCCC1,-1928.82,85.2735126908098,A~ArAAAAAr
CC1CC(CO)N1,-1716.62,73.39965978781503,AArAA{AB}Dr
CCC=C(C)C=O,-1726.35,73.94411119566676,AAA~A{A}A~B
COC1(C)CC1N,-1708.68,72.95536953310355,ABAr{A}AArD
CCC1(C)CN1C,-1785.84,77.27293074891446,AAAr{A}ADrA
NCC1CC1CN,-1787.65,77.37421102108421,DAArAArAD
C=COC1CCC1,-1699.06,72.41707327991405,A~ABArAAAr
NC=CC(=O)CO,-1403.68,55.88880433322888,DA~AA{~B}AB
C#CC1CC=NO1,-1270.23,48.42148260889029,A^AArAA~DBr
COC1CC(N)C1,-1707.8,72.90612829580554,ABArAA{D}Ar
CCC#CC1CN1,-1517.56,62.26106808720175,AAA^AArADr
CC1CCC1CN,-1917.04,84.61435158243431,AArAAArAD
C#CC=CCCC,-1751.92,75.3749048748825,A^AA~AAAA
CNCCN1CC1,-1769.87,76.37931420385871,ADAADrAAr
CC1=NCC(C)N1,-1556.12,64.4187295760777,AAr~DAA{A}Dr
Nc1cccn1O,-1318.17,51.10401092260174,DaraaadrB
[CH2][N][N][CH]CC,-1346.96,52.71498276556695,{AHs}{D}{D}{AH}AA
[CH2][N]NCC#CC,-1477.68,60.02954474237881,{AHs}{D}DAA^AA
CCOC=CCO,-1648.43,69.58402345673487,AABA~AAB
CC(N)C(C)(C)N,-1936.69,85.71388602891804,AA{D}A{A}{A}D
CC#CC(O)C=O,-1364.02,53.66959129773043,AA^AA{B}A~B
C=CC(=O)[CH][N]O,-1361.2,53.511795514570935,A~AA{~B}{AH}{D}B
CC1CC1N(C)C,-1901.58,83.74927257263082,AArAArD{A}A
O=C1C=CCC1O,-1406.44,56.04324275929988,B~ArA~AAArB
CN1NCCC1=O,-1477.49,60.018913111598565,ADrDAAAr~B
CC1=CC(C)C=C1,-1787.78,77.38148529477596,AAr~AA{A}A~Ar
COc1cnsc1,-1213.4,45.24150588656611,ABaradsar
Cn1ccc(=O)s1,-1260.78,47.89269886745154,Adraaa{~B}sr
C#CC#CCNC,-1450.41,58.50362594565559,A^AA^AADA
Nc1cc(O)cs1,-1319.77,51.19354044496173,Daraa{B}asr
C=C(C)C#CC#N,-1780.5,76.97412596803797,A~A{A}A^AA^D
CCC(C)[CH][N]N,-1781.04,77.00434218183446,AAA{A}{AH}{D}D
CCC1CN(C)C1,-1778.83,76.8806795290747,AAArAD{A}Ar
CCNC(=O)C=O,-1422.61,56.94805049465061,AADA{~B}A~B
CNC(=N)C(C)C,-1807.35,78.47654326514167,ADA{~D}A{A}A
CC12CC=CC1O2,-1574.88,65.46846322574869,AArsAA~AArBs
C=C(C#N)C(C)O,-1460.91,59.09116343614308,A~A{A^D}A{A}B
NCc1ccon1,-1326.28,51.55781368906397,DAaraabdr
[NH][CH]N1CC1C=O,-1439.64,57.90098034826986,{DH}{AH}DrAArA~B
CNC1CC(=O)C1,-1585.42,66.05823895429518,ADArAA{~B}Ar
COC1CCC1C,-1839.26,80.2620976767089,ABArAAArA
CC(C)C(O)CO,-1796.31,77.85878956085769,AA{A}A{B}AB
C#CC(N)CN,-1335.94,52.09834818031246,A^AA{D}AD
C=C(CC=O)OC,-1515.19,62.12845248220601,A~A{AA~B}BA
CCOCC#N,-1294.72,49.791843860513005,AABAA^D
CC1C=CCC1C,-1924.7,85.04297417073282,AArA~AAArA
CC#CC1COC1,-1546.92,63.90393482250773,AA^AArABAr
O=CC1=CC=CC1,-1463.99,59.263507766686075,B~AAr~AA~AAr
CC1C(N)C1O,-1416.59,56.61119566677111,AArA{D}ArB
CCOC1CC1N,-1708.8,72.96208424728054,AABArAArD
C#CC1CC=CC1,-1622.97,68.1593849321814,A^AArAA~AAr
CC1=COC=CC1,-1589.08,66.26303773669368,AAr~ABA~AAr
CCCC1CCC1,-2044.34,91.73754420520167,AAAArAAAr
CC(CO)N1CC1,-1709.14,72.98110927078206,AA{AB}DrAAr
N=C(N)CCC=O,-1192.32,44.06195442947312,D~A{D}AAA~B
CC(N)C1CCN1,-1785.21,77.23767849948521,AA{D}ArAADr
CC[CH][N]O,-1113.96,39.677246071892206,AA{AH}{D}B
CC1C=CCNC1,-1786.07,77.28580061775371,AArA~AADAr
CC1OC1(C)CN,-1718.44,73.50149961949954,AArBAr{A}AD
C1=CCC2NC2C1,-1605.94,67.20645507856216,Ar~AAAsDAsAr
CC=COCC#N,-1449.32,58.44263395854784,AA~ABAA^D
C[C](C)C=C[N]N,-1646.58,69.4805049465061,A{A}{A}A~A{D}D
NCCCOC=O,-1584.35,65.99836608621693,DAAABA~B
[CH2][N]N(C)CC=C,-1615.47,67.7397152961189,{AHs}{D}D{A}AA~A
C=CC=CCC=O,-1578.44,65.6676664129997,A~AA~AAA~B
CCCOC(C)C,-1988.07,88.58890281570348,AAABA{A}A
OC1CCOCC1,-1666.59,70.60018353552084,BArAABAAr
CCNC(C)=O,-1460.93,59.09228255517258,AADA{A}~B
CC#CC(N)CO,-1572.15,65.31570347822195,AA^AA{D}AB
CC(C)(C)CN,-1767.11,76.22487577778773,AA{A}{A}AD
[CH2][N][N][CH]C1CC1,-1493.75,60.92875688258203,{AHs}{D}{D}{AH}ArAAr
C=CC(C#N)OC,-1442.27,58.04814450064909,A~AA{A^D}BA
CC1C=NOC1C,-1576.91,65.58205380724296,AArA~DBArA
CNN=C(C)C#N,-1384.76,54.830117731321906,ADD~A{A}A^D
NC1COC2CC12,-1580.63,65.79020994672995,DArABAsAArs
CCNCCCO,-1858.16,81.31966515958639,AADAAAB
O=CN1C=CCC1,-1687.21,71.75399525493532,B~ADrA~AAAr
OC1CC1,-956.51,30.866981512153636,BArAAr
CC1=NNC2CC12,-1660.28,70.24710148171361,AAr~DDAsAArs
C=C1CCOC1=C,-1582.74,65.9082770043422,A~ArAABAr~A
C1NCC2CC1C2,-1782.09,77.06309593088321,ArDAAsAArAs
C=C1CC=NOC1,-1425.3,57.09857200411836,A~ArAA~DBAr
CC1CS(=O)(=O)N1,-1321.35,51.28195084829222,AArAE{~B}{~B}Dr
NCC1CN1C=O,-1454.31,58.72185415640807,DAArADrA~B
NCCC(O)CO,-1564.22,64.87197278302521,DAAA{B}AB
CC1CC(CN)C1,-1148.58,41.61444111195667,AArAA{AD}Ar
Cn1ccsc1=O,-1246.17,47.075182416401816,Adraasar~B
O=C1CCN1,-1018.01,34.308272527866066,B~ArAADr
C=CC(C)C1CN1,-1610.75,67.4756032051569,A~AA{A}ArADr
C1=CC2NC2C=C1,-1511.06,61.897354402614255,Ar~AAsDAsA~Ar
CC1CCCCO1,-1864.23,81.65931778503962,AArAAAABr
C#CCC1CO1,-1242.64,46.877657907695074,A^AAArABr
CCC(N)=CC#N,-1546.79,63.896660548815966,AAA{D}~AA^D
c1[nH]cc2c1CN2,-1365.99,53.77982452213618,ar{dH}aasarADs
CCc1ccsc1,-1304.71,50.35084381574825,AAaraasar
C1NCC2CC1O2,-1579.89,65.74880254263846,ArDAAsAArBs
CCC=O,-973.32,31.80760105644837,AAA~B
C1CC2OC2CO1,-1513.84,62.05291194771476,ArAAsBAsABr
C#CC1CC1,-1153.75,41.90373338108242,A^AArAAr
O=CCNCC=O,-1182.23,43.497358879090385,B~AADAA~B
C1CC2OCC2N1,-1535.01,63.237499440440494,ArAAsBAAsDr
[CH]1O[CH][C]2NC[C]12,-1278.85,48.90382291060477,{AH}rB{AH}{A}sDA{A}rs
CCC(C=O)NC,-1724.52,73.84171180446752,AAA{A~B}DA
C=CC(C)(C)C=C,-1900.69,83.69947177581808,A~AA{A}{A}A~A
CNC(CO)CO,-1659.66,70.2124087917991,ADA{AB}AB
C1=NCC2CC2N1,-1488.87,60.655691839384026,Ar~DAAsAAsDr
CN1CCC1C#N,-1514.79,62.106070101616005,ADrAAArA^D
NC1C2CCC1O2,-1576.92,65.5826133667577,DArAsAAArBs
N#CC=CCC#N,-1264.86,48.12099914946953,D^AA~AAA^D
COCCOC,-1477.44,60.0161153140248,ABAABA
O[N][C]1CC=CN1,-1188.55,43.851000492412375,B{D}{A}rAA~ADr
Cc1ccoc1O,-1406.28,56.034289807063885,AaraabarB
C=CN(C)[CH][N]O,-1434.55,57.6161645552621,A~AD{A}{AH}{D}B
CC(=O)CC=O,-1239.64,46.709790053270076,AA{~B}AA~B
CC#CCC1CN1,-1615.96,67.76713371234165,AA^AAArADr
OC1C=CC=C1,-1284.37,49.21269976274676,BArA~AA~Ar
CNC1C=CCC1,-1788.4,77.41617798469045,ADArA~AAAr
CCOCCC#N,-1595.71,66.63402569497292,AABAAA^D
CC(=O)C(C)(C)O,-1671.52,70.87604637629258,AA{~B}A{A}{A}B
CC(O)CCC=O,-1665.67,70.54870406016384,AA{B}AAA~B
CC(CN)NC=O,-1624.83,68.26346300192488,AA{AD}DA~B
C1=CC2OC2CC1,-1579.67,65.73649223331394,Ar~AAsBAsAAr
NC1C2COC1C2,-1574.53,65.44887864273245,DArAsABArAs
NCC#CCCO,-1566.27,64.98668248354895,DAA^AAAB
CC1CCCCC1,-2069.4,93.13980034916514,AArAAAAAr
COc1ccsc1,-1241.55,46.81666592058732,ABaraasar
ON=C1C=CCO1,-1357.53,53.30643717265769,BD~ArA~AABr
CC(CO)CCO,-1792.51,77.6461569452527,AA{AB}AAB
C=CCOC(=C)C,-1703.91,72.68845964456781,A~AABA{~A}A
CC(N)CCCO,-1864.13,81.65372218989212,AA{D}AAAB
CC1=CC(=O)NC1,-1495.25,61.01269080979453,AAr~AA{~B}DAr
CC1(C)CC(O)C1,-1849.53,80.83676529835714,AAr{A}AA{B}Ar
O=CC1CCNC1,-1330.96,51.819687541966964,B~AArAADAr
CC1=CC(C)CO1,-1727.3,73.99726934956803,AAr~AA{A}ABr
CN=C1CC=CN1,-1537.97,63.40312905680649,AD~ArAA~ADr
OCCC1CCN1,-1583.64,65.9586373606697,BAAArAADr
CC1C(N)C1(C)C,-1777.61,76.81241326827522,AArA{D}Ar{A}A
CC(O)CN(C)C,-1857.1,81.26035185102286,AA{B}AD{A}A
C=C(C)C1COC1,-1696.92,72.29732754375756,A~A{A}ArABAr
CC(CCO)=NN,-1585.54,66.06495366847217,AA{AAB}~DD
NC1CC2CC1C2,-1783.86,77.16213796499396,DArAAsAArAs
CC#C[CH][N]O,-1113.95,39.67668651237746,AA^A{AH}{D}B
CC1NCCC1N,-1655.54,69.9818702717221,AArDAAArD
C=C(C)O[CH][N]N,-1438.88,57.85845382514885,A~A{A}B{AH}{D}D
CC=CC(C)NC,-1915.38,84.52146470298581,AA~AA{A}DA
NCC1(O)CC1O,-1517.15,62.238126147097006,DAAr{B}AArB
CC1OCCC1O,-1664.11,70.46141277586284,AArBAAArB
COCC=C(C)C,-1842.09,80.42045301938315,ABAA~A{A}A
CNC(=O)C(C)O,-1556.54,64.44223107569721,ADA{~B}A{A}B
O=CC1CN=CN1,-1476.22,59.94784905322531,B~AArAD~ADr
CC1C(N)CC1O,-1719.64,73.56864676126955,AArA{D}AArB
CCC1=CCCC1,-1926.84,85.16271990688931,AAAr~AAAAr
CC(C#N)C1CN1,-1520.95,62.450758762702016,AA{A^D}ArADr
C#CCCC1CO1,-1540.41,63.53966157840549,A^AAAArABr
CC1CC=NN1C,-1522.43,62.53357357088501,AArAA~DDrA
OC1CCCOC1,-1665.59,70.54422758404584,BArAAABAr
[CH]1N[CH][C]2OC[C]12,-1285.95,49.301110166077265,{AH}rD{AH}{A}sBA{A}rs
NCCC[CH][N]O,-1915.19,84.51083307220557,DAAA{AH}{D}B
C=CC(C)C(N)=O,-1614.9,67.70782040377814,A~AA{A}A{D}~B
CC(O)C1CN1,-1421.83,56.904404852500114,AA{B}ArADr
CC1CC(O)C1O,-1651.31,69.74517659698284,AArAA{B}ArB
CC=C1CC=CO1,-1584.95,66.03193965710194,AA~ArAA~ABr
CC(C)CO,-1401.12,55.74555709745288,AA{A}AB
CC1NC1CC=O,-1584.6,66.01235507408568,AArDArAA~B
CCC(O)[CH][N]N,-1582.74,65.9082770043422,AAA{B}{AH}{D}D
CCCC(C)NC,-2056.74,92.43139800349164,AAAA{A}DA
C=CC(C=C)C=O,-1568.79,65.12769148126594,A~AA{A~A}A~B
[CH2][N]OC(=O)CC,-1382.97,54.72995657818166,{AHs}{D}BA{~B}AA
CC1OC1C#N,-1153.6,41.89533998836116,AArBArA^D
[CH2]C=C[N]NC=O,-1330.99,51.821366220511216,{AHs}A~A{D}DA~B
N[N][CH]OC1CC1,-1467.11,59.43809033528807,D{D}{AH}BArAAr
CC=CC=CC,-1617.64,67.86113971081966,AA~AA~AA
O=C1C=CC(=O)C1,-1280.5,48.996150230538525,B~ArA~AA{~B}Ar
CCC(C=O)C=O,-1527.67,62.826782756613994,AAA{A~B}A~B
C=CCC#CC=O,-1417.3,56.65092439231837,A~AAA^AA~B
CC12COC(C1)C2,-1703.44,72.66216034737455,AArsABA{Ar}As
[CH2][N]NCC(=C)C,-1630.44,68.57737588969964,{AHs}{D}DAA{~A}A
C#CCNC1CC1,-1609.34,67.39670531357716,A^AADArAAr
CN(C=O)CCO,-1547.14,63.91624513183224,AD{A~B}AAB
C#CCC(=O)C=O,-1227.99,46.05790321858633,A^AAA{~B}A~B
C=C(C)OC=CC,-1705.31,72.76679797663279,A~A{A}BA~AA
C=C(C)CCCC,-2049.96,92.05201665249116,A~A{A}AAAA
CCC(C)C=O,-1565.57,64.94751331751645,AAA{A}A~B
CCC1CC1CN,-1917.42,84.63561484399482,AAArAArAD
N#CC=CCCO,-1293.47,49.721898921169256,D^AA~AAAB
O=CC1CNC1,-1278.45,48.88144053001478,B~AArADAr
CCCC(C)=NO,-1709.71,73.0130041631228,AAAA{A}~DB
COCC(C)O,-1491.2,60.786069206320796,ABAA{A}B
C1=NOCCCC1,-1563.58,64.8361609740812,Ar~DBAAAAr
C=C(C)CN,-1327.3,51.61488875956847,A~A{A}AD
C#CC(O)C#N,-993.41,32.931756121581095,A^AA{B}A^D
CC(CO)CC#N,-1602.52,67.01508572451766,AA{AB}AA^D
CN1C[CH]C=C1[NH],-1538.28,63.420475401763746,ADrA{AH}A~Ar{DH}
CC=C(C)C1CN1,-1767.66,76.25565155109899,AA~A{A}ArADr
C#CC(C#N)=CN,-1243.93,46.949841085097816,A^AA{A^D}~AD
CC1(N)CCOC1,-1733.79,74.36042347464077,AAr{D}AABAr
C1C2CC2C2NC12,-1513.63,62.04116119790501,ArAsAAsAsDArs
N=C1CC(=O)CN1,-1359.12,53.39540713550293,D~ArAA{~B}ADr
CNCC1(C)CN1,-1779.09,76.89522807645821,ADAAr{A}ADr
CC1NC1[CH][N]O,-1429.95,57.358767178477116,AArDAr{AH}{D}B
CC(O)C1OC1C,-1647.82,69.54989032633512,AA{B}ArBArA
C=C1CCNC1=N,-1255.13,47.57654774161781,A~ArAADAr~D
CC1=COC=CO1,-1378.41,54.47479743945567,AAr~ABA~ABr
CC1C2C=CC1N2,-1614.05,67.6602578450244,AArAsA~AArDs
C=C(C)C(=C)CC,-1905.45,83.96582210483909,A~A{A}A{~A}AA
CC=CS(N)(=O)=O,-1130.81,40.62010385424594,AA~AE{D}{~B}~B
CCC1CC=NN1,-1775.09,76.67140427055823,AAArAA~DDr
CC1OC=CC1O,-1527.58,62.82174672098124,AArBA~AArB
NC12CC=CC1C2,-1650.66,69.70880522852411,DArsAA~AArAs
[CH2][N]N(C)C1CC1,-1616.05,67.7721697479744,{AHs}{D}D{A}ArAAr
COC1C(C)C1O,-1631.0,68.60871122252563,ABArA{A}ArB
CCC(N)=O,-1167.69,42.683759344643896,AAA{D}~B
CC1(C)CC1CN,-1917.78,84.65575898652581,AAr{A}AArAD
[CH2][N][N][C](C)C,-1351.27,52.956152916424195,{AHs}{D}{D}{A}{A}A
C#CC1(N)CNC1,-1477.52,60.020591790142795,A^AAr{D}ADAr
CC1=NNCC1,-1366.64,53.81619589059493,AAr~DDAAr
CC1CNN=CO1,-1463.64,59.243923183669835,AArADD~ABr
[CH2][N][N][CH]CC=C,-1496.97,61.10893504633154,{AHs}{D}{D}{AH}AA~A
CC(N)C1CCO1,-1714.28,73.26872286136354,AA{D}ArAABr
OC1CCC2OC12,-1517.76,62.272259277496765,BArAAAsBArs
CN(C=O)CC=O,-1412.14,56.36219168270738,AD{A~B}AA~B
C1C2CC1N1CC21,-1613.21,67.6132548457854,ArAsAArDrAAsr
Cc1cccn1O,-1447.67,58.350306638614086,AaraaadrB
CCOCOCC,-1785.21,77.23767849948521,AABABAA
COC1C(C)C1C,-1835.68,80.06177537042842,ABArA{A}ArA
C#CCO[CH][N]N,-1309.47,50.61719414476924,A^AAB{AH}{D}D
CCC(C)CCO,-1990.14,88.70473163525675,AAA{A}AAB
C#CC=CCC=O,-1419.31,56.76339585478312,A^AA~AAA~B
CCC(N)=CC=O,-1605.4,67.17623886476566,AAA{D}~AA~B
C1COCCN1,-1432.23,57.486346747840095,ArABAADr
C#CC(=CC)CC,-1752.37,75.40008505304623,A^AA{~AA}AA
NN1C=CCC1=O,-1486.15,60.503491651372045,DDrA~AAAr~B
NCCO,-974.5,31.873629079188863,DAAB
C#CCC#CC#N,-1921.59,84.86895116164555,A^AAA^AA^D
C=CC=C(C)C=O,-1584.04,65.98101974125967,A~AA~A{A}A~B
[NH][C]1CCCN1,-1388.77,55.05450109673665,{DH}{A}rAAADr
N#CC1CCC1O,-1323.21,51.38602891803573,D^AArAAArB
CN(C)CC(=O)O,-1549.38,64.04158646313623,AD{A}AA{~B}B
C=CC#CC#CC,-1465.04,59.32226151573481,A~AA^AA^AA
CC12CNCC1C2,-1784.66,77.20690272617398,AArsADAArAs
CC=CC#N,-1067.19,37.06018622140651,AA~AA^D
C#CCCCCN,-1762.34,75.95796588925198,A^AAAAAD
C#CC(=CC)CN,-1621.18,68.05922377904115,A^AA{~AA}AD
CCC(=O)OC,-1385.01,54.844106719190655,AAA{~B}BA
C#CC1NC1C#C,-1612.99,67.60094453646091,A^AArDArA^A
C#CC(C)(O)C=O,-1358.06,53.33609382693944,A^AA{A}{B}A~B
C[C]1S[N]N=C1C,-2191.85,99.99160660727874,A{A}rE{D}D~ArA
N#CCN1CCC1,-1513.26,62.02045749585927,D^AADrAAAr
CNC1COC1=O,-1402.78,55.83844397690139,ADArABAr~B
CC1NCC1O,-1418.86,56.73821567661936,AArDAArB
COC=CCC#N,-1452.85,58.64015846725457,ABA~AAA^D
C=CC1OC1C,-1401.66,55.775773311249395,A~AArBArA
C=CN(C)[CH][N]C,-1655.17,69.96116656967635,A~AD{A}{AH}{D}A
C1=CCOC=C1,-1285.91,49.29887192801827,Ar~AABA~Ar
CC(C)[CH][N]N,-1485.53,60.46879896145755,AA{A}{AH}{D}D
C#CC[CH][N]NC,-1475.84,59.926585791664806,A^AA{AH}{D}DA
C=C(CO)CCN,-1722.83,73.74714624647477,A~A{AB}AAD
C1=NNCC2CC12,-1504.21,61.51405613501052,Ar~DDAAsAArs
Cn1ccc(N)c1,-1546.19,63.863086977930976,Adraaa{D}ar
C=CC1CC1C=C,-1752.67,75.41687183848875,A~AArAArA~A
C=C1C=CNC1=O,-1352.6,53.03057433188594,A~ArA~ADAr~B
CCC(C)OC=O,-1678.48,71.26549979855857,AAA{A}BA~B
C=C(CO)C(C)C,-1848.59,80.78416670397064,A~A{AB}A{A}A
CC(C)OCC=O,-1653.82,69.88562603518511,AA{A}BAA~B
C=CN(C)C(C)=N,-1658.42,70.1430234119701,A~AD{A}A{A}~D
OCC=CC1CN1,-1411.91,56.34932181386814,BAA~AArADr
Cc1ccsc1N,-1419.95,56.79920766372712,AaraasarD
CC#CC#N,-902.44,27.841443215900448,AA^AA^D
CCC(N)CCN,-1934.1,85.56896011459777,AAA{D}AAD
CC1NC1C(N)=O,-1486.56,60.52643359147679,AArDArA{D}~B
CC1CC1OC=O,-1527.71,62.829020994672995,AArAArBA~B
O=CC1=CNCC1,-1210.11,45.05741080621334,B~AAr~ADAAr
OCC1=CCOC1,-1519.05,62.34444245489951,BAAr~AABAr
CC(N)=CC=O,-1310.34,50.66587582255248,AA{D}~AA~B
C=CC(C)=CCO,-1710.01,73.0297909485653,A~AA{A}~AAB
CCCCC(C)=O,-1869.11,81.93238282823762,AAAAA{A}~B
COc1ccsn1,-1241.26,46.80043869465957,ABaraasdr
C#CCOCC=C,-1535.52,63.26603697569273,A^AABAA~A
CNCC1CN1,-1480.93,60.21140158467256,ADAArADr
OC1C2C=CC1C2,-1554.7,64.33927212498322,BArAsA~AArAs
C#CCCCO,-1395.73,55.443954519002645,A^AAAAB
CC1=CC2CC2C1,-1419.85,56.79361206857961,AAr~AAsAAsAr
Nc1coc(O)c1,-1277.04,48.80254263843503,Daraba{B}ar
CCCC=C(C)C,-2051.87,92.15889251980839,AAAA~A{A}A
N#CC1CCCO1,-1466.89,59.42578002596358,D^AArAAABr
O=C1CCC2CC12,-1594.95,66.59149917185194,B~ArAAAsAArs
[CH2]C=C[N]N(C)C,-1627.1,68.39048301177313,{AHs}A~A{D}D{A}A
C1CNC2CC2C1,-1784.07,77.17388871480371,ArADAsAAsAr
C=CCC(=O)NO,-1409.0,56.18648999507588,A~AAA{~B}DB
C1CC1NC1CC1,-1764.8,76.09561752988049,ArAArDArAAr
CNC(=S)N(C)C,-1360.84,53.491651372039925,ADA{~E}D{A}A
Cc1cc(=O)[nH][nH]1,-1353.34,53.07198173597743,Aaraa{~B}{dH}{dH}r
CCn1cccn1,-1546.96,63.90617306056673,AAdraaadr
CN(C)C[CH][N]O,-1564.14,64.86749630690723,AD{A}A{AH}{D}B
CC1(N)CC=CC1,-1752.81,75.42470567169524,AAr{D}AA~AAr
C1CC2OC2CN1,-1586.19,66.10132503693093,ArAAsBAsADr
CC(N)CN(C)C,-1922.02,84.89301222077981,AA{D}AD{A}A
CC1C2CCC1N2,-1779.73,76.93103988540221,AArAsAAArDs
CCC1(N)CC1C,-1644.06,69.33949594878911,AAAr{D}AArA
C#CC#CC1CC1,-1442.81,58.07836071444559,A^AA^AArAAr
NCC1C(O)C1O,-1510.39,61.859863915126034,DAArA{B}ArB
Cc1cscc1C,-1376.33,54.358409060387665,AarasaarA
C1=NCC2(CC2)N1,-1526.96,62.787054031066745,Ar~DAAs{AAs}Dr
C#CC(O)CC=O,-1358.73,53.37358431442769,A^AA{B}AA~B
CC1C2C=CC1C2,-1544.19,63.75117507498098,AArAsA~AArAs
NC1C=CC(N)C1,-1667.02,70.62424459465508,DArA~AA{D}Ar
C=C1CNCC1=O,-1466.25,59.38996821701956,A~ArADAAr~B
CC(C)CCCO,-1992.09,88.81384574063298,AA{A}AAAB
[CH2][N][N][C](C)CC,-1645.85,69.43965710192936,{AHs}{D}{D}{A}{A}AA
CCN(O)[CH][N]C,-1570.4,65.21778056314069,AAD{B}{AH}{D}A
C#CC(N)C(=O)O,-1420.14,56.80983929450738,A^AA{D}A{~B}B
CCC(CO)CO,-1793.0,77.67357536147546,AAA{AB}AB
NC1CCCCC1,-1942.37,86.03171583329602,DArAAAAAr
CC1(CO)CC1N,-1717.54,73.45113926317204,AAr{AB}AArD
CC(=N)N1CC1,-1350.08,52.88956533416894,AA{~D}DrAAr
CC(O)C1CO1,-1349.75,52.8710998701822,AA{B}ArABr
C=Cc1nncs1,-1556.22,64.42432517122522,A~Aarddasr
C=C(C)C1CC1,-1606.04,67.21205067370965,A~A{A}ArAAr
C#CC(C)=CC=C,-1613.54,67.63172030977215,A^AA{A}~AA~A
C#CC(=O)N[N][CH2],-1163.28,42.436993598639155,A^AA{~B}D{D}{AHs}
CC(=NN)C(C)O,-1586.91,66.14161332199293,AA{~DD}A{A}B
CC(N)=C(C)C=O,-1605.65,67.19022785263441,AA{D}~A{A}A~B
CC1NCCC1=O,-1610.06,67.43699359863915,AArDAAAr~B
C1CCC1,-1155.53,42.00333497470791,ArAAAr
CC1=NCCN1O,-1447.74,58.354223555217345,AAr~DAADrB
CON=C(C)CO,-1499.69,61.26113523434353,ABD~A{A}AB
CNC1(CO)CC1,-1710.03,73.0309100675948,ADAr{AB}AAr
CCCC#CCN,-1766.1,76.16836026679796,AAAA^AAD
COCCCC=O,-1653.63,69.87499440440486,ABAAAA~B
C#CC(C#C)C=O,-1250.61,47.3236268409508,A^AA{A^A}A~B
C=CCC(=O)NC,-1609.12,67.38439500425264,A~AAA{~B}DA
CC1CCCNC1,-1153.3,41.87855320291867,AArAAADAr
CC1C2CCN1C2,-1770.01,76.38714803706523,AArAsAADrAs
CCC1(C)CC1O,-1846.58,80.67169524150587,AAAr{A}AArB
C=CC=CC(C)=O,-1588.32,66.22051121357268,A~AA~AA{A}~B
C=CS([O])([O])OC,-1273.77,48.61956667711178,A~AE{{B}}{{B}}BA
C#CC1CCC1O,-1549.64,64.05613501051974,A^AArAAArB
CC=CO[CH][N]O,-1361.9,53.55096468060344,AA~AB{AH}{D}B
CC12CC(CO1)C2,-1705.85,72.7970141904293,AArsAA{ABr}As
N#CCCC1CO1,-1450.85,58.528246564304574,D^AAAArABr
C#CCC=CC#N,-1519.85,62.3892072160795,A^AAA~AA^D
CCOCCCN,-1857.06,81.25811361296387,AABAAAD
Cn1ccsc1=N,-1799.95,78.0624692242267,Adraasar~D
CN(C=N)CCO,-1598.2,66.77335601414568,AD{A~D}AAB
CC(C)O[CH][N]N,-1585.62,66.06943014459017,AA{A}B{AH}{D}D
CNC1CNC1C,-1771.56,76.47387976185146,ADArADArA
CC1C=CC=CC1,-1785.49,77.25334616589821,AArA~AA~AAr
C=C(C#N)CCO,-1550.46,64.10201889072923,A~A{A^D}AAB
OCC1(O)CC1,-1352.41,53.0199427011057,BAAr{B}AAr
[CH2][N][N][CH]C(C)C,-1643.48,69.3070414969336,{AHs}{D}{D}{AH}A{A}A
N#CCNC1CC1,-1518.24,62.29911813420477,D^AADArAAr
CCC(N)CCO,-1868.38,81.89153498366086,AAA{D}AAB
CNCC1CO1,-1408.96,56.18425175701688,ADAArABr
C#CC(C)COC,-1682.78,71.50611038990108,A^AA{A}ABA
OCC1C=NN=C1,-1348.14,52.781010788307455,BAArA~DD~Ar
O=C1CCCN1,-1335.4,52.06813196651597,B~ArAAADr
C=C1OC=CC1O,-1384.18,54.797663279466406,A~ArBA~AArB
NC1C2C=CC1C2,-1619.78,67.98088544697615,DArAsA~AArAs
C=CC(=C)C,-1317.7,51.07771162540848,A~AA{~A}A
CC1(C)OC1CN,-1718.88,73.52612023814854,AAr{A}BArAD
C=CC=CCOC,-1699.95,72.46687407672681,A~AA~AABA
CCC(C#N)CO,-1602.66,67.02291955772417,AAA{A^D}AB
CCC(=NC)NC,-1799.4,78.03169345091544,AAA{~DA}DA
C=CC(=C)OC,-1408.99,56.18593043556113,A~AA{~A}BA
C1=CCOCOC1,-1514.13,62.06913917364251,Ar~AABABAr
CO[CH][N]N1CC1,-1425.93,57.13382425354761,AB{AH}{D}DrAAr
CCC1CCCC1,-2064.84,92.88464121043914,AAArAAAAr
OCC1CN=CN1,-1277.85,48.84786695912977,BAArAD~ADr
C=C(C)C(N)CC,-1919.56,84.75536058015129,A~A{A}A{D}AA
CC1=CNC(=O)C1,-1492.43,60.85489502663504,AAr~ADA{~B}Ar
C#CCCOC=C,-1545.23,63.80936926451497,A^AAABA~A
CC=CCOC,-1544.53,63.77020009848248,AA~AABA
CNCCC(C)N,-1928.05,85.23042660817406,ADAAA{A}D
CCN(N)C(C)=O,-1607.4,67.28815076771566,AAD{D}A{A}~B
CCC(O)CC=O,-1662.49,70.37076413447336,AAA{B}AA~B
C1=CCC2(C1)CO2,-1575.75,65.51714490353193,Ar~AAAs{Ar}ABs
N=CN1CC(=O)C1,-1467.55,59.46271095393706,D~ADrAA{~B}Ar
C#CC#CC#N,-884.17,26.819127982452216,A^AA^AA^D
C=CC(=C)C(N)=O,-1318.47,51.12079770804423,A~AA{~A}A{D}~B
CCCC(O)C#N,-1599.7,66.85728994135818,AAAA{B}A^D
C=C1CC2CC1C2,-1493.62,60.921482608890265,A~ArAAsAArAs
C#CC1COC1C,-1545.09,63.80153543130848,A^AArABArA
CCCC1(C)CC1,-2046.34,91.84945610815167,AAAAr{A}AAr
CC(N)=CC(N)=O,-1508.36,61.74627333363177,AA{D}~AA{D}~B
C=C1CC(C)=CO1,-1587.61,66.18078248802543,A~ArAA{A}~ABr
CC(=O)C#CC#N,-1161.81,42.35473834997091,AA{~B}A^AA^D
CC1OC1CC=O,-1513.66,62.04283987644927,AArBArAA~B
CC1C2C=CC1O2,-1543.54,63.71480370652222,AArAsA~AArBs
C=C1CC2CC1O2,-1558.57,64.55582165719146,A~ArAAsAArBs
CC1OCC1=O,-1224.23,45.84750884104034,AArBAAr~B
C=CC(CC)NC,-1911.52,84.30547473029232,A~AA{AA}DA
CC(N)C1(N)CC1,-1790.14,77.51354134025696,AA{D}Ar{D}AAr
CC#CC(C)CN,-1189.97,43.93045794350687,AA^AA{A}AD
O=C1NNC2CC12,-1238.65,46.654393661309825,B~ArDDAsAArs
[CH2][N]NC(C)C=C,-1630.09,68.55779130668338,{AHs}{D}DA{A}A~A
C#CC#CCC,-1292.77,49.68272975513676,A^AA^AAA
C=CC(N)=O,-1023.89,34.63729352253906,A~AA{D}~B
CC=CCC(C)O,-1853.99,81.08632884193564,AA~AAA{A}B
C1NC1CN1CC1,-1625.54,68.30319172747213,ArDArADrAAr
CC1(C)OCC1O,-1650.6,69.7054478714356,AAr{A}BAArB
CN=CN(C)C=O,-1484.56,60.41452168852679,AD~AD{A}A~B
C1=CC2OC2C=C1,-1438.75,57.851179551457086,Ar~AAsBAsA~Ar
C#CC=CCCO,-1551.72,64.17252338958772,A^AA~AAAB
O=CN1CCC1=O,-1621.71,68.0888804333229,B~ADrAAAr~B
O=C(O)C1CC1,-1243.51,46.92633958547832,B~A{B}ArAAr
ON=C1C=CCC1,-1321.55,51.29314203858723,BD~ArA~AAAr
CCC1(N)COC1,-1713.57,73.2289941358163,AAAr{D}ABAr
CC1CN1CCO,-1711.83,73.13163078024978,AArADrAAB
NC12CCN(C1)C2,-1638.39,69.02222570392588,DArsAAD{Ar}As
CC1C(=O)CC1O,-1525.55,62.708156139487,AArA{~B}AArB
C=C(C=O)C=O,-1093.56,38.535744661802234,A~A{A~B}A~B
C1COC2(C1)CC2,-1714.43,73.2771162540848,ArABAs{Ar}AAs
C=CC(C)CC#N,-1656.92,70.0590894847576,A~AA{A}AA^D
CNCC(O)CO,-1662.77,70.38643180088634,ADAA{B}AB
C#CC(=O)NC=O,-1454.8,58.74927257263083,A^AA{~B}DA~B
CC(=O)C1CCO1,-1517.0,62.22973275437575,AA{~B}ArAABr
C=CC(N)CCO,-1574.34,65.4382470119522,A~AA{D}AAB
CCC(C)C#N,-1505.93,61.61030037154753,AAA{A}A^D
C#CC(C)[CH][N]N,-1479.3,60.1201933837683,A^AA{A}{AH}{D}D
CC(N)C#CCN,-1635.84,68.87953802766462,AA{D}A^AAD
C=CC(C#N)CO,-1287.53,49.389520569407765,A~AA{A^D}AB
CCNCCOC,-1850.08,80.86754107166837,AADAABA
CN(C=N)CC=O,-1462.51,59.18069295850308,AD{A~D}AA~B
CNCC(C)=NO,-1573.23,65.37613590581493,ADAA{A}~DB
CCC(N)COC,-1854.62,81.12158109136486,AAA{D}ABA
CC1(O)CCC1N,-1716.2,73.37615828819555,AAr{B}AAArD
CC1(O)CC1CN,-1719.54,73.56305116612204,AAr{B}AArAD
C=COC(C)=O,-1242.37,46.862549800796806,A~ABA{A}~B
C=C1C=CCC1C,-1787.48,77.36469850933345,A~ArA~AAArA
C1NC2CNC1C2,-1666.96,70.62088723756659,ArDAsADArAs
NC1C(O)CC1O,-1523.12,62.572183177402735,DArA{B}AArB
CNC1(C)COC1,-1704.64,72.72930748914456,ADAr{A}ABAr
CC1COC=NO1,-1375.25,54.297976632794665,AArABA~DBr
C#CC1NC1C#N,-1776.98,76.77716101884597,A^AArDArA^D
NC1CCNC1=O,-1503.63,61.48160168315503,DArAADAr~B
NCC=CC1CN1,-1639.2,69.06755002462063,DAA~AArADr
C#CCC(C)C=C,-1746.83,75.09008908187474,A^AAA{A}A~A
C=CC(N)CC,-1621.99,68.1045480997359,A~AA{D}AA
CCN(C=O)OC,-1507.43,61.69423429876003,AAD{A~B}BA
CC1CC(O)C1=O,-1521.74,62.494963964367265,AArAA{B}Ar~B
C=CC1OC1C=C,-1547.95,63.96156945252698,A~AArBArA~A
C=CCNCCN,-1782.15,77.06645328797171,A~AADAAD
CC1CN([CH][NH])C1,-1780.81,76.9914723129952,AArAD{{AH}{DH}}Ar
O=C1C=CCCO1,-1413.13,56.417588074667634,B~ArA~AAABr
C#CC=CC(=C)C,-1614.51,67.68599758270291,A^AA~AA{~A}A
O=S1(=O)CCNC1,-1094.86,38.608487398719724,B~Er{~B}AADAr
OC1C=CC2CC12,-1576.63,65.56638614082995,BArA~AAsAArs
C=CN(C)C(N)=S,-1567.61,65.06166345852546,A~AD{A}A{D}~E
C#CC#CC(C)=O,-1259.44,47.817717892475045,A^AA^AA{A}~B
CN1C2COCC21,-1569.33,65.15790769506245,ADrAsABAAsr
COC(C)CC#N,-1594.37,66.55904471999641,ABA{A}AA^D
NC1CCC1,-1321.3,51.27915305071848,DArAAAr
C=CC(C#N)=CC,-1660.31,70.24878016025784,A~AA{A^D}~AA
C1CCOCC1,-1567.83,65.07397376784995,ArAABAAr
C1C2CC1C1OC21,-1534.63,63.21623617887999,ArAsAArArBAsr
O=C1CCCNN1,-1123.96,40.2368055866422,B~ArAAADDr
CC=CC(C)CC,-2050.15,92.06264828327141,AA~AA{A}AA
CC[N][CH]N1CC1,-1637.22,68.95675724070013,AA{D}{AH}DrAAr
CC1CC1(O)CN,-1720.99,73.64418729576079,AArAAr{B}AD
CN[N][CH]C1CC1,-1628.14,68.44867720130715,AD{D}{AH}ArAAr
CNC1CCCC1,-1930.18,85.34961278481582,ADArAAAAr
C=CS(=O)(=O)CC,-1794.17,77.7390438247012,A~AE{~B}{~B}AA
COC(C)[CH][N]O,-1498.19,61.17720130713103,ABA{A}{AH}{D}B
CC1C=CCN1,-1494.92,60.994225345807784,AArA~AADr
C1CC2CCC2N1,-1747.9,75.149961949953,ArAAsAAAsDr
C1=CCCNCC1,-1787.38,77.35910291418595,Ar~AAADAAr
O=CC(O)C1CC1,-1518.19,62.296320336631005,B~AA{B}ArAAr
Nc1cscc1N,-1245.87,47.0583956309593,DarasaarD
CC1CCCN1C,-1483.46,60.352970141904294,AArAAADrA
[NH][C]1NC2CC1C2,-1518.86,62.333810824119254,{DH}{A}rDAsAArAs
CC1(O)COC1,-1349.17,52.838645418326706,AAr{B}ABAr
CO[N][CH]C1CC1,-1547.66,63.94534222659923,AB{D}{AH}ArAAr
CCC1C(C)C1O,-1841.79,80.40366623394064,AAArA{A}ArB
C=CC(C)(O)CN,-1721.17,73.65425936702628,A~AA{A}{B}AD
C=C(C)C,-1161.23,42.32228389811541,A~A{A}A
C=COCC(N)=O,-1494.51,60.97128340570304,A~ABAA{D}~B
